MasterFile,AgencyORINumber,LocalCode,CollisionDate,CollisionTime,CollisionDayWeekCode,RoadwayName_HouseBusinessNumber_,RoadwayName_RoadwayName_,RoadwayName_Direction_,RoadwayName_RoadwaySuffix_,RoadwayfromReport,CurrentRoadwayNumber,RoadwayNumberCoupletID,RSEUniqueGIS,RoadwayIdentifier,ParkingLotIndicator,IntersectionWith_Indicator_,IntersectionWith_NameRoadway_,IntersectionWith_Direction_,IntersectionWith_RoadwaySuffix_,BetweenStreets_Indicator_,BetweenStreets1_NameRoadway_,BetweenStreet1_Direction_,BetweenStreets1_RoadwaySuffix_,BetweenStreets2_NameRoadway_,BetweenStreets2_Direction_,BetweenStreets2_RoadwaySuffix_,Milepoint,ReportMilepointDeriveNumber,CurrentDerivedMiepointNumber,MilestoMilepoint,FeettoMilepoint,DirectionfromMilepoint_NSEW_,ValidMilepointIndicator,NumberInjured,NumberKilled,ofUnits,ofMotorVehicleUnits,Hit&RunIndicator,OneWayIndicator,SpeedLimitNumber,KilometersIndicator,CountyCode,CityCountyCode,MilesFromCity,DirectionFromCity_NSEW_,InCityLimitsIndicator,Latitude,LatitudeDegrees,LatitudeMinutes,LatitudeSeconds,Longitude,LongitudeDegrees,LongitudeMinutes,LongitudeSeconds,RampIndicator,RampFromIdentifier,RampFromDirCode,RampFromCoupletID,RSEUniqueGISRampFrom,RampToidentifier,RampToDirCode,RampToCoupletID,RSEUniqueGisRampTo,MannerofCollisionCode,LocationFirstEventCode,TotalLanes,RoadwayCharacterCode,RoadwaySurfaceCode,RoadwayConditionCode,WeatherCode,LightConditionCode,LandUseCode,SchoolBusRelatedCode,FirstAidSceneIndicator,CollDescPresentInd,InvestigationCompleteIndicator,PhotosTakenIndicator,TimeNotified,TimeArrived,TimeRoadwayOpened,PropertyDamageIndicator,DiagramPresentIndicator,DirectionalAnalysis,FunctionClassCode,NationalHwySysCode,EnforcementsIndicator,KARSCityCode,SecondaryCollisionIndicator,MedianCrossoverIndicator,RT_UNIQUE,MapIt,TimeLastLeft,YR,KABCO,MFNY,WorkingRID,RT_CONFIDENCE,KTC_RT,KTC_MP,Motorcyclist,CommercialVehicle,YoungDriver,MatureDriver,pedestrian,Bicyclist,Distracted,agressive,Impaired,Unrestrained,Intersection,RoadwayDeparture,MedXover
72344192,KSP0900,19-14409,20190424,1628,,,DORTON-JENKINS,,HWY,KY0805,KY0805,0,098 KY-805,KY0805,N,N,NULL,NULL,NULL,N,NULL,NULL,NULL,NULL,NULL,NULL,6.326,NULL,NULL,NULL,NULL,,NULL,1,0,1,1,N,N,55,NULL,98,9809,NULL,,Y,37.27355,37,16.413,NULL,-82.5771,82,34.626,NULL,N,NULL,NULL,NULL,NULL,NULL,NULL,NULL,NULL,9,3,2,3,1,1,2,2,7,3,N,NULL,Y,Y,1810,1828,,N,NULL,70,7,0,N,,N,N,098-KY-0805-0,NULL,NULL,2019,B,7.23442E+11,098-KY-0805  -000,HIGH,098-KY-0805  -000,6.326,0,0,0,0,0,0,1,0,0,0,0,1,0
72968999,KSP0900,23-433692,20231023,1650,,,KY1056,,,KY1056,KY1056,0,098 KY-1056,KY1056,N,N,NULL,NULL,NULL,N,NULL,NULL,NULL,NULL,NULL,NULL,11.337,NULL,NULL,NULL,NULL,,NULL,0,0,2,2,N,N,35,NULL,98,9863,NULL,,Y,37.61781,37,37.069,NULL,-82.16603,82,9.962,NULL,N,NULL,NULL,NULL,NULL,NULL,NULL,NULL,NULL,1,3,2,3,1,1,2,2,7,3,N,NULL,Y,N,1650,1705,1720,N,NULL,55,7,0,N,,N,N,098-KY-1056-0,NULL,NULL,2023,O,7.2969E+11,098-KY-1056  -000,HIGH,098-KY-1056  -000,11.38,0,0,0,1,0,0,0,0,0,0,0,0,0
72480648,KSP0900,20-7459,20200225,1846,,,ROBINSON CREEK,,RD,KY0122,KY0122,0,098 KY-122,KY0122,N,N,NULL,NULL,NULL,N,NULL,NULL,NULL,NULL,NULL,NULL,7.695,NULL,NULL,NULL,NULL,,NULL,0,0,2,2,N,N,55,NULL,98,9823,NULL,,Y,37.38012,37,22.807,NULL,-82.58431,82,35.059,NULL,N,NULL,NULL,NULL,NULL,NULL,NULL,NULL,NULL,1,3,2,6,1,1,2,3,7,3,N,NULL,Y,N,1913,1950,,N,NULL,55,,0,N,,N,N,098-KY-0122-0,NULL,NULL,2020,O,7.24806E+11,098-KY-0122  -000,HIGH,098-KY-0122  -000,7.695,0,0,0,0,0,0,0,0,0,0,0,0,0
72856713,KSP0900,23-25700,20230120,1612,,,NARROWS,,BR,,,0,098 CR-1078,CR1078,N,N,NULL,NULL,NULL,N,NULL,NULL,NULL,NULL,NULL,NULL,1.263,NULL,NULL,NULL,NULL,,NULL,0,0,1,1,N,N,35,NULL,98,9842,NULL,,Y,37.60062,37,36.037,NULL,-82.24689,82,14.813,NULL,N,NULL,NULL,NULL,NULL,NULL,NULL,NULL,NULL,9,3,2,6,1,1,2,2,7,3,N,NULL,Y,N,1612,1617,1714,Y,NULL,70,,,Y,,N,N,098-CR-1078-0,NULL,NULL,2023,O,7.28567E+11,098-CR-1078  -000,HIGH,098-CR-1078  -000,1.269,0,0,0,0,0,0,0,0,1,0,0,1,0
72337987,980500,2019AR024,20190409,1741,,4285,N MAYO TRAIL WEDDINGTON PLAZA,,,,,,,,Y,N,NULL,NULL,NULL,N,NULL,NULL,NULL,NULL,NULL,NULL,NULL,NULL,NULL,NULL,NULL,NULL,NULL,1,1,2,1,N,N,15,NULL,98,9807,NULL,,Y,37.52466,37,31.479,NULL,-82.5734,82,34.404,NULL,N,NULL,NULL,NULL,NULL,NULL,NULL,NULL,NULL,9,97,NULL,4,1,1,2,2,1,3,Y,NULL,Y,Y,1742,1746,2000,Y,NULL,90,,,N,,N,N,,NULL,NULL,2019,K,7.2338E+11,098-US-0023  -010,MEDIUM,098-US-0023  -000,29.088,0,0,0,1,1,0,0,0,0,0,0,1,0
72343999,980100,2.019E+11,20190419,1305,,,KY3496,,,,,,,,N,N,NULL,NULL,NULL,N,NULL,NULL,NULL,NULL,NULL,NULL,NULL,NULL,NULL,NULL,NULL,NULL,NULL,0,0,2,1,Y,N,35,NULL,98,9801,NULL,,Y,37.47233,37,28.34,NULL,-82.52676,82,31.605,NULL,N,NULL,NULL,NULL,NULL,NULL,NULL,NULL,NULL,1,3,NULL,6,1,5,6,2,1,3,N,NULL,Y,N,1307,1308,1325,N,NULL,55,,,Y,,N,N,,NULL,NULL,2019,O,7.2344E+11,098-KY-1426  -029,MEDIUM,098-KY-1426  -029,0.022,0,0,0,0,0,0,0,1,1,1,0,0,0
72979612,KSP0900,23-473819,20231128,1823,,,KY122,,,KY0122,KY0122,0,098 KY-122,KY0122,N,N,NULL,NULL,NULL,N,NULL,NULL,NULL,NULL,NULL,NULL,10.16,NULL,NULL,NULL,NULL,,NULL,0,0,1,1,N,N,55,NULL,98,9801,NULL,,Y,37.38599,37,23.159,NULL,-82.54739,82,32.844,NULL,N,NULL,NULL,NULL,NULL,NULL,NULL,NULL,NULL,9,3,2,3,1,1,2,1,7,3,N,NULL,Y,Y,1823,1849,1915,N,NULL,44,,0,N,,N,N,098-KY-0122-0,NULL,NULL,2023,O,7.29796E+11,098-KY-0122  -000,HIGH,098-KY-0122  -000,10.157,0,0,0,0,0,0,0,0,1,1,0,1,0
72994456,KSP0900,23-506202,20231229,1909,,,TOLER,,RD,KY0319,KY0319,0,098 KY-319,KY0319,N,N,NULL,NULL,NULL,N,NULL,NULL,NULL,NULL,NULL,NULL,5.767,NULL,NULL,NULL,NULL,,NULL,0,0,1,1,N,N,45,NULL,98,9842,NULL,,Y,37.62964,37,37.778,NULL,-82.24905,82,14.943,NULL,N,NULL,NULL,NULL,NULL,NULL,NULL,NULL,NULL,9,3,2,6,1,5,6,6,7,3,N,NULL,Y,N,1910,1944,1910,N,NULL,38,7,0,N,,N,N,098-KY-0319-0,NULL,NULL,2023,O,7.29945E+11,098-KY-0319  -000,HIGH,098-KY-0319  -000,5.772,0,0,0,1,0,0,0,0,0,0,0,0,0
72496419,980000,2004007,20200421,1448,,,PETER FORK,,RD,,,0,098 CR-1527,CR1527,N,N,NULL,NULL,NULL,N,NULL,NULL,NULL,NULL,NULL,NULL,1.916,NULL,NULL,NULL,NULL,,NULL,0,0,1,1,N,N,20,NULL,98,9863,40,NW,N,37.57039,37,34.224,NULL,-82.16016,82,9.609,NULL,N,NULL,NULL,NULL,NULL,NULL,NULL,NULL,NULL,9,3,1,1,1,1,2,2,7,3,N,NULL,Y,Y,1448,1448,1601,N,NULL,70,,,N,,N,N,098-CR-1527-0,NULL,NULL,2020,O,7.24964E+11,098-CR-1527  -000,HIGH,098-CR-1527  -000,1.916,0,0,0,0,0,0,0,1,0,0,0,1,0
72418719,KSP0900,19-38315,20190930,1530,,,POUNDING MILL,,RD,,,0,098 CR-1526,CR1526,N,N,NULL,NULL,NULL,N,NULL,NULL,NULL,NULL,NULL,NULL,1.521,NULL,NULL,NULL,NULL,,NULL,0,0,2,2,N,N,35,NULL,98,9811,NULL,,Y,37.57021,37,34.212,NULL,-82.15607,82,9.365,NULL,N,NULL,NULL,NULL,NULL,NULL,NULL,NULL,NULL,7,3,2,1,1,5,3,2,7,3,N,NULL,Y,N,1530,1540,1615,N,NULL,40,,,Y,,N,N,098-CR-1526-0,NULL,NULL,2019,O,7.24187E+11,098-CR-1526  -000,HIGH,098-CR-1526  -000,1.521,0,0,0,0,0,0,1,1,0,0,0,1,0
72840360,KSP0900,22-471138,20221210,949,,,POMPEY HILL,,RD,,,0,098 CR-1318,CR1318,N,N,NULL,NULL,NULL,N,NULL,NULL,NULL,NULL,NULL,NULL,0.147,NULL,NULL,NULL,NULL,,NULL,0,0,1,1,N,N,15,NULL,98,9832,NULL,,Y,37.45833,37,27.5,NULL,-82.42616,82,25.57,NULL,N,NULL,NULL,NULL,NULL,NULL,NULL,NULL,NULL,9,97,1,5,1,5,3,2,7,3,N,NULL,Y,N,949,1026,1050,N,NULL,44,,,N,,N,N,098-CR-1318-0,NULL,NULL,2022,O,7.28404E+11,098-CR-1318  -000,HIGH,098-CR-1318  -000,0.147,0,0,0,1,0,0,0,0,0,0,0,1,0
72756685,KSP0900,22-154060,20220427,1507,,,KY194,E,,KY0194,KY0194,0,098 KY-194,KY0194,N,N,NULL,NULL,NULL,N,NULL,NULL,NULL,NULL,NULL,NULL,58.518,NULL,NULL,NULL,NULL,,NULL,0,0,2,2,N,N,10,NULL,98,9804,NULL,,Y,37.54579,37,32.748,NULL,-82.16067,82,9.64,NULL,N,NULL,NULL,NULL,NULL,NULL,NULL,NULL,NULL,2,97,2,6,1,1,2,2,5,3,N,NULL,Y,Y,1507,1541,1507,N,NULL,47,7,0,N,,N,N,098-KY-0194-0,NULL,NULL,2022,O,7.27567E+11,098-KY-0194  -000,HIGH,098-KY-0194  -000,58.518,0,0,0,1,0,0,0,0,0,0,0,0,0
72760573,KSP0900,22-168655,20220507,1656,,,GOODY,,LOOP,,,0,098 PR-1024,PR1024,Y,N,NULL,NULL,NULL,N,NULL,NULL,NULL,NULL,NULL,NULL,NULL,NULL,NULL,NULL,NULL,,NULL,0,0,2,2,N,N,NULL,NULL,98,9834,NULL,,Y,37.65855,37,39.513,NULL,-82.27007,82,16.204,NULL,N,NULL,NULL,NULL,NULL,NULL,NULL,NULL,NULL,2,97,NULL,6,1,5,6,2,5,3,N,NULL,Y,N,1702,1728,1728,N,NULL,90,,,N,,N,N,098-PR-1024-0,NULL,NULL,2022,O,7.27606E+11,098-PR-1024  -000,HIGH,098-PR-1024  -000,0.102,0,0,0,0,0,0,1,0,0,0,0,0,0
72616371,KSP0900,21-156605,20210419,1540,,,COLEMAN,,RD,,,0,098 CR-1066,CR1066,Y,N,NULL,NULL,NULL,N,NULL,NULL,NULL,NULL,NULL,NULL,0.129,NULL,NULL,NULL,NULL,,NULL,0,0,2,2,N,N,10,NULL,98,9842,NULL,,Y,37.63838,37,38.303,NULL,-82.26317,82,15.79,NULL,N,NULL,NULL,NULL,NULL,NULL,NULL,NULL,NULL,2,97,NULL,6,1,1,2,2,1,3,N,NULL,Y,N,1540,1545,1600,N,NULL,90,,,N,,N,N,098-CR-1066-0,NULL,NULL,2021,O,7.26164E+11,098-CR-1066  -000,HIGH,098-CR-1066  -000,0.129,0,0,0,0,0,0,1,0,0,0,0,0,0
72611229,KSP0900,21-138784,20210407,1809,,,US119,,,US0119,US0119,0,098 US-119,US0119,N,N,NULL,NULL,NULL,N,NULL,NULL,NULL,NULL,NULL,NULL,24.057,NULL,NULL,NULL,NULL,,NULL,0,0,2,2,N,N,55,NULL,98,9836,NULL,,Y,37.65651,37,39.391,NULL,-82.27049,82,16.23,NULL,N,NULL,NULL,NULL,NULL,NULL,NULL,NULL,NULL,5,3,4,6,1,1,2,2,7,3,N,NULL,Y,N,1809,1815,1815,N,NULL,49,2,1,N,,N,N,098-US-0119-0,NULL,NULL,2021,O,7.26112E+11,098-US-0119  -000,HIGH,098-US-0119  -000,24.057,0,0,0,0,0,0,1,0,0,0,0,0,0
72331415,KSP0900,19-9289,20190321,1440,,,OWSLEY,,RD,KY1384,KY1384,0,098 KY-1384,KY1384,N,N,NULL,NULL,NULL,N,NULL,NULL,NULL,NULL,NULL,NULL,4.047,NULL,NULL,NULL,NULL,,NULL,0,0,2,2,N,N,35,NULL,98,9801,NULL,,Y,37.49468,37,29.681,NULL,-82.58081,82,34.849,NULL,N,NULL,NULL,NULL,NULL,NULL,NULL,NULL,NULL,1,97,2,6,1,5,6,2,7,3,N,NULL,Y,N,1449,1505,1520,Y,NULL,47,,0,N,,N,N,098-KY-1384-0,NULL,NULL,2019,O,7.23314E+11,098-KY-1384  -000,HIGH,098-KY-1384  -000,4.047,0,0,0,0,0,0,0,0,0,0,0,0,0
72552289,KSP0900,20-738982,20201012,2016,,,KY195,,,KY0195,KY0195,0,098 KY-195,KY0195,N,N,NULL,NULL,NULL,N,NULL,NULL,NULL,NULL,NULL,NULL,4.992,NULL,NULL,NULL,NULL,,NULL,0,0,1,1,N,N,35,NULL,98,9802,NULL,,Y,37.31399,37,18.839,NULL,-82.47383,82,28.43,NULL,N,NULL,NULL,NULL,NULL,NULL,NULL,NULL,NULL,9,4,2,3,1,1,3,6,7,3,N,NULL,Y,Y,2016,2110,2130,N,NULL,40,8,0,N,,N,N,098-KY-0195-0,NULL,NULL,2020,O,7.25523E+11,098-KY-0195  -000,HIGH,098-KY-0195  -000,4.992,0,0,0,0,0,0,1,0,0,0,0,1,0
72332680,980100,2.019E+11,20190327,1754,,107,OAK,,LN,,,,,,N,N,NULL,NULL,NULL,N,NULL,NULL,NULL,NULL,NULL,NULL,0.017,NULL,NULL,NULL,NULL,,NULL,0,0,2,2,N,N,15,NULL,98,9801,NULL,,Y,37.48354,37,29.012,NULL,-82.54051,82,32.431,NULL,N,NULL,NULL,NULL,NULL,NULL,NULL,NULL,NULL,2,3,2,6,1,1,2,2,6,3,N,NULL,N,N,1757,1801,1801,N,NULL,47,,,N,,N,N,,NULL,NULL,2019,O,7.23327E+11,098-CS-1096  -000,HIGH,098-CS-1096  -000,0.017,0,0,0,1,0,0,1,0,0,0,0,0,0
72332024,980100,2.019E+11,20190326,1534,,,BYPASS,S,RD,KY1426,KY1426,,,,Y,N,NULL,NULL,NULL,N,NULL,NULL,NULL,NULL,NULL,NULL,5.668,NULL,NULL,NULL,NULL,,NULL,0,0,2,2,N,N,10,NULL,98,9801,NULL,,Y,37.47267,37,28.36,NULL,-82.52324,82,31.395,NULL,N,NULL,NULL,NULL,NULL,NULL,NULL,NULL,NULL,8,97,1,6,2,1,2,2,1,3,N,NULL,Y,N,1534,1540,1540,N,NULL,90,,0,N,,N,N,,NULL,NULL,2019,O,7.2332E+11,098-KY-1426  -000,HIGH,098-KY-1426  -000,5.668,0,0,0,1,0,0,0,0,0,0,0,0,0
72335047,KSP0900,19-10639,20190331,916,,,KY195,,,KY0195,KY0195,0,098 KY-195,KY0195,N,N,NULL,NULL,NULL,N,NULL,NULL,NULL,NULL,NULL,NULL,10.789,NULL,NULL,NULL,NULL,,NULL,1,0,1,1,N,N,55,NULL,98,9802,NULL,,Y,37.35875,37,21.525,NULL,-82.41771,82,25.062,NULL,N,NULL,NULL,NULL,NULL,NULL,NULL,NULL,NULL,9,3,2,3,1,5,6,2,7,3,N,NULL,Y,Y,916,946,,N,NULL,70,7,0,N,,N,N,098-KY-0195-0,NULL,NULL,2019,C,7.2335E+11,098-KY-0195  -000,HIGH,098-KY-0195  -000,10.789,0,0,0,1,0,0,1,0,0,0,0,1,0
72742306,980100,2.022E+11,20220318,1758,,,CASSIDY,,BLVD,,,0,098 CS-1191,CS1191,N,N,NULL,NULL,NULL,N,NULL,NULL,NULL,NULL,NULL,NULL,0.16,NULL,NULL,NULL,NULL,,NULL,0,0,2,2,N,N,25,NULL,98,9801,NULL,,Y,37.50369,37,30.221,NULL,-82.53465,82,32.079,NULL,N,NULL,NULL,NULL,NULL,NULL,NULL,NULL,NULL,8,3,2,6,1,1,2,2,7,3,N,NULL,Y,Y,1758,1825,1858,N,NULL,53,,,N,,N,Y,098-CS-1191-0,NULL,NULL,2022,O,7.27423E+11,098-CS-1191  -000,HIGH,098-CS-1191  -000,0.16,0,1,0,0,0,0,1,0,0,0,0,1,0
72739857,KSP0900,2022-89113,20220311,1211,,,KY632,,,KY0632,KY0632,0,098 KY-632,KY0632,N,N,NULL,NULL,NULL,N,NULL,NULL,NULL,NULL,NULL,NULL,8.666,NULL,NULL,NULL,NULL,,NULL,1,0,1,1,N,N,55,NULL,98,9804,NULL,,Y,37.48467,37,29.08,NULL,-82.21822,82,13.093,NULL,N,NULL,NULL,NULL,NULL,NULL,NULL,NULL,NULL,9,3,2,3,1,1,3,2,7,3,Y,NULL,Y,Y,1311,1330,1400,N,NULL,40,6,0,N,,N,N,098-KY-0632-0,NULL,NULL,2022,C,7.27399E+11,098-KY-0632  -000,HIGH,098-KY-0632  -000,8.666,0,0,0,1,0,0,1,0,0,0,0,1,0
72751997,KSP0900,22-141112,20220418,1745,,,KY194,,,KY0194,KY0194,0,098 KY-194,KY0194,N,N,NULL,NULL,NULL,N,NULL,NULL,NULL,NULL,NULL,NULL,69.086,NULL,NULL,NULL,NULL,,NULL,0,0,2,2,N,N,35,NULL,98,9855,NULL,,Y,37.50387,37,30.232,NULL,-82.06808,82,4.085,NULL,N,NULL,NULL,NULL,NULL,NULL,NULL,NULL,NULL,7,5,2,2,1,5,6,2,7,3,N,NULL,N,N,1745,1800,1800,N,NULL,51,7,0,N,,N,N,098-KY-0194-0,NULL,NULL,2022,O,7.2752E+11,098-KY-0194  -000,HIGH,098-KY-0194  -000,69.086,0,1,0,0,0,0,0,0,0,0,0,1,0
72748721,KSP0900,2022-127470,20220408,2030,,,KY194,,,KY0194,KY0194,0,098 KY-194,KY0194,N,N,NULL,NULL,NULL,N,NULL,NULL,NULL,NULL,NULL,NULL,15.647,NULL,NULL,NULL,NULL,,NULL,0,0,1,1,N,N,55,NULL,98,9801,NULL,,Y,37.57,37,34.2,NULL,-82.47209,82,28.326,NULL,N,NULL,NULL,NULL,NULL,NULL,NULL,NULL,NULL,9,3,2,6,1,5,6,6,7,3,N,NULL,Y,N,2030,2030,2030,N,NULL,38,7,0,N,,N,N,098-KY-0194-0,NULL,NULL,2022,O,7.27487E+11,098-KY-0194  -000,HIGH,098-KY-0194  -000,15.647,0,0,0,0,0,0,0,0,0,0,0,0,0
72466937,980100,2.02E+11,20200121,1352,,,US23,,,US0023,US0023,0,098 US-23-10,US0023,N,N,NULL,NULL,NULL,N,NULL,NULL,NULL,NULL,NULL,NULL,26.348,NULL,NULL,NULL,NULL,,NULL,3,0,2,2,N,N,55,NULL,98,9801,NULL,,Y,37.50455,37,30.273,NULL,-82.53248,82,31.949,NULL,N,NULL,NULL,NULL,NULL,NULL,NULL,NULL,NULL,5,3,4,6,1,1,2,2,1,3,Y,NULL,Y,Y,1352,1359,1510,N,NULL,49,,1,N,,N,N,098-US-0023-10,NULL,NULL,2020,C,7.24669E+11,098-US-0023  -010,HIGH,098-US-0023  -000,26.348,0,0,0,1,0,0,0,0,0,1,0,0,0
72966564,980100,2.023E+11,20231031,1151,,,CASSIDY,,BLVD,,,0,098 CS-1191,CS1191,Y,N,NULL,NULL,NULL,N,NULL,NULL,NULL,NULL,NULL,NULL,0.346,NULL,NULL,NULL,NULL,,NULL,0,0,2,2,N,N,15,NULL,98,9801,NULL,,Y,37.50523,37,30.314,NULL,-82.53782,82,32.269,NULL,N,NULL,NULL,NULL,NULL,NULL,NULL,NULL,NULL,2,97,2,6,1,1,3,2,1,3,N,NULL,Y,N,1151,1200,1200,N,NULL,90,,,N,,N,N,098-CS-1191-0,NULL,NULL,2023,O,7.29666E+11,098-CS-1191  -000,HIGH,098-CS-1191  -000,0.35,0,0,1,0,0,0,1,0,0,0,0,0,0
72334913,980000,19-03-007,20190320,1930,,,US460,,,US0460,US0460,0,098 US-460,US0460,N,N,NULL,NULL,NULL,N,NULL,NULL,NULL,NULL,NULL,NULL,6.402,NULL,NULL,NULL,NULL,,NULL,0,0,3,3,N,N,55,NULL,98,9832,0.5,E,N,37.39808,37,23.885,NULL,-82.43323,82,25.994,NULL,N,NULL,NULL,NULL,NULL,NULL,NULL,NULL,NULL,5,3,2,6,1,1,2,2,6,3,N,NULL,Y,Y,1858,1858,2015,N,NULL,70,,1,N,,N,N,098-US-0460-0,NULL,NULL,2019,O,7.23349E+11,098-US-0460  -000,HIGH,098-US-0460  -000,6.402,0,0,0,1,0,0,1,1,0,0,0,0,0
72336266,980100,2.019E+11,20190331,1637,,,THOMPSON,,RD,,,,,,Y,N,NULL,NULL,NULL,N,NULL,NULL,NULL,NULL,NULL,NULL,0.485,NULL,NULL,NULL,NULL,,NULL,0,0,2,2,N,N,NULL,NULL,98,9801,NULL,,Y,37.5061,37,30.366,NULL,-82.54392,82,32.635,NULL,N,NULL,NULL,NULL,NULL,NULL,NULL,NULL,NULL,2,97,NULL,6,1,1,2,2,1,3,N,NULL,Y,N,1637,1642,,N,NULL,90,,,N,,N,N,,NULL,NULL,2019,O,7.23363E+11,098-CS-1215  -000,HIGH,098-CS-1215  -000,0.485,0,0,0,0,0,0,1,0,0,0,0,0,0
72601419,980100,2.021E+11,20210308,2116,,,US460,,,US0460,US0460,,,,Y,N,NULL,NULL,NULL,N,NULL,NULL,NULL,NULL,NULL,NULL,0.132,NULL,NULL,NULL,NULL,,NULL,0,0,2,2,Y,N,10,NULL,98,9801,NULL,,Y,37.44062,37,26.437,NULL,-82.5094,82,30.564,NULL,N,NULL,NULL,NULL,NULL,NULL,NULL,NULL,NULL,5,97,1,6,1,1,2,5,1,3,N,NULL,Y,N,2116,2125,2125,N,NULL,90,,1,N,,N,N,,NULL,NULL,2021,NULL,7.26014E+11,098-US-0460  -000,MEDIUM,098-US-0460  -000,0.132,0,0,0,0,0,0,0,0,0,0,0,0,0
72706590,980100,2.021E+11,20211208,1247,,911,BYPASS,,RD,,,0,098 CS-1223,CS1223,Y,N,NULL,NULL,NULL,N,NULL,NULL,NULL,NULL,NULL,NULL,NULL,NULL,NULL,NULL,NULL,NULL,NULL,0,0,2,2,N,N,NULL,NULL,98,9801,NULL,,Y,37.47128,37,28.277,NULL,-82.52117,82,31.27,NULL,N,NULL,NULL,NULL,NULL,NULL,NULL,NULL,NULL,5,97,1,6,1,1,2,2,1,3,N,NULL,Y,N,1247,1254,1254,N,NULL,90,,,N,,N,N,098-CS-1223-0,NULL,NULL,2021,O,7.27066E+11,098-CS-1223  -000,HIGH,098-CS-1223  -000,0.135,0,0,0,0,0,0,0,0,0,0,0,0,0
72339462,980100,2.019E+11,20190411,1159,,,KY3496,,,KY3496,KY3496,,,,N,Y,US23,,,N,NULL,NULL,NULL,NULL,NULL,NULL,0.01,NULL,NULL,NULL,NULL,,NULL,0,0,2,1,N,N,35,NULL,98,9801,NULL,,Y,37.46583,37,27.95,NULL,-82.52814,82,31.688,NULL,N,NULL,NULL,NULL,NULL,NULL,NULL,NULL,NULL,5,3,2,6,1,1,2,2,7,3,N,NULL,Y,N,1159,1202,1202,N,NULL,35,16,0,N,,N,N,,NULL,NULL,2019,O,7.23395E+11,098-KY-3496  -000,MEDIUM,098-KY-3496  -000,0.01,0,0,0,0,0,0,1,1,0,0,1,0,0
72341196,KSP0900,19-13008,20190416,1343,,,BLACKBURN,,LN,,,0,098 CR-1269,CR1269,Y,N,NULL,NULL,NULL,N,NULL,NULL,NULL,NULL,NULL,NULL,0.043,NULL,NULL,NULL,NULL,,NULL,0,0,2,2,N,N,15,NULL,98,9824,NULL,,Y,37.4052,37,24.312,NULL,-82.51431,82,30.859,NULL,N,NULL,NULL,NULL,NULL,NULL,NULL,NULL,NULL,2,97,1,6,3,1,2,2,7,3,N,NULL,Y,N,1343,1359,1343,N,NULL,90,,,N,,N,N,098-CR-1269-0,NULL,NULL,2019,O,7.23412E+11,098-CR-1269  -000,HIGH,098-CR-1269  -000,0.043,0,0,0,0,0,0,0,0,0,0,0,0,0
72333100,KSP0900,19-9893,20190326,1342,,,US460,,,US0460,US0460,0,098 US-460,US0460,N,N,NULL,NULL,NULL,N,NULL,NULL,NULL,NULL,NULL,NULL,2.025,NULL,NULL,NULL,NULL,,NULL,2,0,1,1,N,N,55,NULL,98,9801,2,E,N,37.43309,37,25.986,NULL,-82.49205,82,29.523,NULL,N,NULL,NULL,NULL,NULL,NULL,NULL,NULL,NULL,9,3,2,3,1,1,2,2,7,3,Y,NULL,Y,Y,1345,1354,1437,N,NULL,40,,1,N,,N,N,098-US-0460-0,NULL,NULL,2019,C,7.23331E+11,098-US-0460  -000,HIGH,098-US-0460  -000,2.025,0,0,0,0,0,0,0,0,0,1,0,1,0
72336070,980100,2.019E+11,20190403,1444,,,CASSIDY,,BLVD,,,,,,Y,N,NULL,NULL,NULL,N,NULL,NULL,NULL,NULL,NULL,NULL,0.322,NULL,NULL,NULL,NULL,,NULL,0,0,2,2,N,N,15,NULL,98,9801,NULL,,Y,37.50521,37,30.313,NULL,-82.53728,82,32.237,NULL,N,NULL,NULL,NULL,NULL,NULL,NULL,NULL,NULL,8,97,1,6,1,1,2,2,1,3,N,NULL,Y,N,1444,1459,1459,N,NULL,90,,,N,,N,N,,NULL,NULL,2019,O,7.23361E+11,098-CS-1191  -000,HIGH,098-CS-1191  -000,0.322,0,0,0,0,0,0,1,0,0,0,0,0,0
72598906,KSP0900,21-71795,20210223,840,,,VIRGIE,,RD,KY0610,KY0610,0,098 KY-610,KY0610,N,N,NULL,NULL,NULL,N,NULL,NULL,NULL,NULL,NULL,NULL,8.532,NULL,NULL,NULL,NULL,,NULL,1,0,1,1,N,N,35,NULL,98,9827,NULL,,Y,37.34402,37,20.641,NULL,-82.59328,82,35.597,NULL,N,NULL,NULL,NULL,NULL,NULL,NULL,NULL,NULL,9,3,2,3,1,2,2,2,7,3,N,NULL,Y,Y,800,840,920,N,NULL,44,7,0,N,,N,N,098-KY-0610-0,NULL,NULL,2021,B,7.25989E+11,098-KY-0610  -000,HIGH,098-KY-0610  -000,8.532,0,0,0,0,0,0,0,0,0,0,0,1,0
72341804,KSP0900,2019-13275,20190417,813,,,US119,,,US0119,US0119,0,098 US-119-10,US0119,N,N,NULL,NULL,NULL,N,NULL,NULL,NULL,NULL,NULL,NULL,3.018,NULL,NULL,NULL,NULL,,NULL,0,0,3,3,N,N,55,NULL,98,9801,NULL,,Y,37.51413,37,30.848,NULL,-82.48123,82,28.874,NULL,N,NULL,NULL,NULL,NULL,NULL,NULL,NULL,NULL,5,3,2,5,1,1,2,2,3,3,N,NULL,Y,Y,815,843,843,N,NULL,49,2,1,N,,N,N,098-US-0119-10,NULL,NULL,2019,O,7.23418E+11,098-US-0119  -010,HIGH,098-US-0119  -000,3.018,0,0,0,0,0,0,1,0,0,0,0,0,0