MasterFile,AgencyORINumber,LocalCode,CollisionDate,CollisionTime,CollisionDayWeekCode,RoadwayName_HouseBusinessNumber_,RoadwayName_RoadwayName_,RoadwayName_Direction_,RoadwayName_RoadwaySuffix_,RoadwayfromReport,CurrentRoadwayNumber,RoadwayNumberCoupletID,RSEUniqueGIS,RoadwayIdentifier,ParkingLotIndicator,IntersectionWith_Indicator_,IntersectionWith_NameRoadway_,IntersectionWith_Direction_,IntersectionWith_RoadwaySuffix_,BetweenStreets_Indicator_,BetweenStreets1_NameRoadway_,BetweenStreet1_Direction_,BetweenStreets1_RoadwaySuffix_,BetweenStreets2_NameRoadway_,BetweenStreets2_Direction_,BetweenStreets2_RoadwaySuffix_,Milepoint,ReportMilepointDeriveNumber,CurrentDerivedMiepointNumber,MilestoMilepoint,FeettoMilepoint,DirectionfromMilepoint_NSEW_,ValidMilepointIndicator,NumberInjured,NumberKilled,ofUnits,ofMotorVehicleUnits,Hit&RunIndicator,OneWayIndicator,SpeedLimitNumber,KilometersIndicator,CountyCode,CityCountyCode,MilesFromCity,DirectionFromCity_NSEW_,InCityLimitsIndicator,Latitude,LatitudeDegrees,LatitudeMinutes,LatitudeSeconds,Longitude,LongitudeDegrees,LongitudeMinutes,LongitudeSeconds,RampIndicator,RampFromIdentifier,RampFromDirCode,RampFromCoupletID,RSEUniqueGISRampFrom,RampToidentifier,RampToDirCode,RampToCoupletID,RSEUniqueGisRampTo,MannerofCollisionCode,LocationFirstEventCode,TotalLanes,RoadwayCharacterCode,RoadwaySurfaceCode,RoadwayConditionCode,WeatherCode,LightConditionCode,LandUseCode,SchoolBusRelatedCode,FirstAidSceneIndicator,CollDescPresentInd,InvestigationCompleteIndicator,PhotosTakenIndicator,TimeNotified,TimeArrived,TimeRoadwayOpened,PropertyDamageIndicator,DiagramPresentIndicator,DirectionalAnalysis,FunctionClassCode,NationalHwySysCode,EnforcementsIndicator,KARSCityCode,SecondaryCollisionIndicator,MedianCrossoverIndicator,RT_UNIQUE,MapIt,TimeLastLeft,YR,KABCO,MFNY,WorkingRID,RT_CONFIDENCE,KTC_RT,KTC_MP,Motorcyclist,CommercialVehicle,YoungDriver,MatureDriver,pedestrian,Bicyclist,Distracted,agressive,Impaired,Unrestrained,Intersection,RoadwayDeparture,MedXover
72343965,980000,19-04-005,20190424,1540,,,US119,,,US0119,US0119,0,098 US-119-10,US0119,N,N,NULL,NULL,NULL,N,NULL,NULL,NULL,NULL,NULL,NULL,1.958,NULL,NULL,NULL,NULL,,NULL,0,0,2,2,N,Y,55,NULL,98,9801,NULL,,Y,37.51255,37,30.753,NULL,-82.50009,82,30.006,NULL,N,NULL,NULL,NULL,NULL,NULL,NULL,NULL,NULL,5,5,4,5,1,1,2,2,2,2,N,NULL,Y,Y,1540,1545,1540,N,NULL,70,2,1,N,,N,N,098-US-0119-10,NULL,NULL,2019,O,7.2344E+11,098-US-0119  -010,HIGH,098-US-0119  -000,1.958,0,0,1,0,0,0,0,0,0,0,0,0,0
72957306,KSP0900,23-420006,20231010,1730,,,JOE MCCOY,,RD,,,0,098 CR-1828C,CR1828C,N,N,NULL,NULL,NULL,N,NULL,NULL,NULL,NULL,NULL,NULL,0.588,NULL,NULL,NULL,NULL,,NULL,0,0,1,1,N,N,35,NULL,98,9804,NULL,,Y,37.54435,37,32.661,NULL,-82.1675,82,10.05,NULL,N,NULL,NULL,NULL,NULL,NULL,NULL,NULL,NULL,9,3,2,6,1,1,2,2,7,3,N,NULL,Y,N,1730,1730,1730,N,NULL,70,,,N,,N,N,098-CR-1828C-0,NULL,NULL,2023,O,7.29573E+11,098-CR-1828C -000,HIGH,098-CR-1828C -000,0.189,0,0,0,0,0,0,1,0,0,0,0,1,0
72808581,980100,2.022E+11,20220923,1536,,184,KY3496,,,KY3496,KY3496,,,,Y,N,NULL,NULL,NULL,N,NULL,NULL,NULL,NULL,NULL,NULL,0.766,NULL,NULL,NULL,NULL,,NULL,0,0,2,2,N,N,15,NULL,98,9801,NULL,,Y,37.47204,37,28.322,NULL,-82.53014,82,31.809,NULL,N,NULL,NULL,NULL,NULL,NULL,NULL,NULL,NULL,2,97,NULL,6,1,1,2,2,1,3,N,NULL,Y,N,1536,1542,,N,NULL,90,16,0,N,,N,N,,NULL,NULL,2022,O,7.28086E+11,098-KY-3496  -000,HIGH,098-KY-3496  -000,0.766,0,0,1,0,0,0,1,0,0,0,0,0,0
72913892,980100,2.023E+11,20230524,1250,,215,CASSIDY,,BLVD,,,0,098 CS-1191,CS1191,Y,N,NULL,NULL,NULL,N,NULL,NULL,NULL,NULL,NULL,NULL,0.393,NULL,NULL,NULL,NULL,,NULL,0,0,2,2,N,N,NULL,NULL,98,9801,NULL,,Y,37.50475,37,30.285,NULL,-82.53845,82,32.307,NULL,N,NULL,NULL,NULL,NULL,NULL,NULL,NULL,NULL,8,97,NULL,6,1,1,2,2,1,3,N,NULL,Y,N,1250,1255,1255,N,NULL,90,,,N,,N,N,098-CS-1191-0,NULL,NULL,2023,O,7.29139E+11,098-CS-1191  -000,HIGH,098-CS-1191  -000,0.399,0,0,0,0,0,0,0,0,0,0,0,0,0
72696995,980100,2.021E+11,20211115,948,,,US23,,,US0023,US0023,,,,N,N,NULL,NULL,NULL,N,NULL,NULL,NULL,NULL,NULL,NULL,26.478,NULL,NULL,NULL,NULL,,NULL,0,0,1,1,N,N,55,NULL,98,9801,NULL,,Y,37.50632,37,30.379,NULL,-82.53323,82,31.994,NULL,N,NULL,NULL,NULL,NULL,NULL,NULL,NULL,NULL,9,3,4,6,1,1,2,2,7,3,N,NULL,Y,N,948,954,954,N,NULL,38,,1,N,,N,N,,NULL,NULL,2021,O,7.2697E+11,098-US-0023  -000,MEDIUM,098-US-0023  -000,26.478,0,0,0,0,0,0,0,0,0,0,0,0,0
72337294,KSP0900,19-11640,20190406,1103,,,US460,,,US0460,US0460,0,098 US-460,US0460,N,N,NULL,NULL,NULL,N,NULL,NULL,NULL,NULL,NULL,NULL,9.011,NULL,NULL,NULL,NULL,,NULL,0,0,2,2,N,N,55,NULL,98,9802,NULL,,Y,37.36993,37,22.196,NULL,-82.42001,82,25.201,NULL,N,NULL,NULL,NULL,NULL,NULL,NULL,NULL,NULL,5,3,2,6,1,1,3,2,7,3,N,NULL,N,N,1103,1132,,N,NULL,49,,1,N,,N,N,098-US-0460-0,NULL,NULL,2019,O,7.23373E+11,098-US-0460  -000,HIGH,098-US-0460  -000,9.011,0,0,0,1,0,0,1,0,0,0,0,0,0
72977038,980100,2.023E+11,20231117,1219,,130,JUSTICE,,WAY,,,0,098 CS-1215,CS1215,Y,N,NULL,NULL,NULL,N,NULL,NULL,NULL,NULL,NULL,NULL,NULL,NULL,NULL,NULL,NULL,NULL,NULL,0,0,2,2,N,N,NULL,NULL,98,9801,NULL,,Y,37.50534,37,30.321,NULL,-82.54134,82,32.48,NULL,N,NULL,NULL,NULL,NULL,NULL,NULL,NULL,NULL,8,97,NULL,6,1,1,2,2,1,3,N,NULL,Y,N,1219,1219,1219,N,NULL,90,,,N,,N,N,098-CS-1215-0,NULL,NULL,2023,O,7.2977E+11,098-CS-1215  -000,HIGH,098-CS-1215  -000,0.646,0,0,0,0,0,0,0,0,0,0,0,0,0
72332188,980100,2.019E+11,20190327,1646,,,CHLOE,,RD,KY1460,KY1460,,,,N,N,NULL,NULL,NULL,N,NULL,NULL,NULL,NULL,NULL,NULL,4.496,NULL,NULL,NULL,NULL,,NULL,0,0,1,1,N,N,35,NULL,98,9801,NULL,,Y,37.47744,37,28.646,NULL,-82.50545,82,30.327,NULL,N,NULL,NULL,NULL,NULL,NULL,NULL,NULL,NULL,9,3,2,6,1,1,2,2,6,3,N,NULL,Y,N,1648,1651,1721,N,NULL,70,,0,N,,N,N,,NULL,NULL,2019,O,7.23322E+11,098-KY-1460  -000,HIGH,098-KY-1460  -000,4.496,0,0,0,0,0,0,1,0,0,0,0,1,0
72333175,KSP0900,19-10467,20190330,700,,,US23,,,US0023,US0023,0,098 US-23,US0023,N,N,NULL,NULL,NULL,N,NULL,NULL,NULL,NULL,NULL,NULL,11.293,NULL,NULL,NULL,NULL,,NULL,1,0,1,1,N,N,55,NULL,98,9827,NULL,,Y,37.3532,37,21.192,NULL,-82.55388,82,33.233,NULL,N,NULL,NULL,NULL,NULL,NULL,NULL,NULL,NULL,9,3,4,3,1,1,2,2,7,3,N,NULL,Y,Y,700,748,,N,NULL,70,,1,N,,N,N,098-US-0023-0,NULL,NULL,2019,C,7.23332E+11,098-US-0023  -000,HIGH,098-US-0023  -000,11.293,0,0,0,0,0,0,0,0,0,0,0,1,0
72331276,980100,2.019E+11,20190325,1752,,2138,MAYO,S,TRL,US0023,US0023,0,098 US-23-10,US0023,Y,N,NULL,NULL,NULL,N,NULL,NULL,NULL,NULL,NULL,NULL,NULL,NULL,NULL,NULL,NULL,NULL,NULL,0,0,2,2,N,N,15,NULL,98,9801,NULL,,Y,37.43983,37,26.39,NULL,-82.50761,82,30.457,NULL,N,NULL,NULL,NULL,NULL,NULL,NULL,NULL,NULL,8,97,NULL,6,1,5,3,2,1,3,N,NULL,Y,N,1752,1804,,N,NULL,90,,1,N,,N,N,098-US-0023-10,NULL,NULL,2019,O,7.23313E+11,098-US-0023  -010,HIGH,098-US-0023  -000,18.897,0,0,1,0,0,0,0,0,0,0,0,0,0
72345043,KSP0900,19-14516,20190425,735,,,KY194,,,KY0194,KY0194,0,098 KY-194,KY0194,N,N,NULL,NULL,NULL,N,NULL,NULL,NULL,NULL,NULL,NULL,9.525,NULL,NULL,NULL,NULL,,NULL,0,0,1,1,N,N,55,NULL,98,9801,NULL,,Y,37.6031,37,36.186,NULL,-82.52787,82,31.672,NULL,N,NULL,NULL,NULL,NULL,NULL,NULL,NULL,NULL,9,5,2,6,1,1,2,2,7,3,N,NULL,Y,N,750,826,850,N,NULL,44,7,0,N,,N,N,098-KY-0194-0,NULL,NULL,2019,O,7.2345E+11,098-KY-0194  -000,HIGH,098-KY-0194  -000,9.525,0,0,0,0,0,0,0,0,0,0,0,1,0
72342714,980100,2.019E+11,20190422,214,,,US23,,,US0023,US0023,0,098 US-23,US0023,N,N,NULL,NULL,NULL,N,NULL,NULL,NULL,NULL,NULL,NULL,20.725,NULL,NULL,NULL,NULL,,NULL,0,0,1,1,N,N,55,NULL,98,9801,NULL,,Y,37.44287,37,26.572,NULL,-82.52146,82,31.288,NULL,N,NULL,NULL,NULL,NULL,NULL,NULL,NULL,NULL,9,3,4,3,1,1,2,5,7,3,N,NULL,Y,Y,214,218,214,N,NULL,38,,1,N,,N,N,098-US-0023-0,NULL,NULL,2019,O,7.23427E+11,098-US-0023  -000,HIGH,098-US-0023  -000,20.725,0,0,0,0,0,0,0,0,0,0,0,0,0
72341565,KSP0900,19-12639,20190412,1813,,,FISHTRAP,,RD,KY1441,KY1441,0,098 KY-1441,KY1441,N,N,NULL,NULL,NULL,N,NULL,NULL,NULL,NULL,NULL,NULL,4.635,NULL,NULL,NULL,NULL,,NULL,0,0,2,2,N,N,35,NULL,98,9824,NULL,,Y,37.45342,37,27.205,NULL,-82.42702,82,25.621,NULL,N,NULL,NULL,NULL,NULL,NULL,NULL,NULL,NULL,7,3,2,6,1,1,2,2,7,3,N,NULL,Y,N,1814,1821,,N,NULL,54,8,0,Y,,N,N,098-KY-1441-0,NULL,NULL,2019,O,7.23416E+11,098-KY-1441  -000,HIGH,098-KY-1441  -000,4.635,0,0,0,1,0,0,0,0,1,0,0,1,0
72336272,980100,2.019E+11,20190404,447,,,US23,,,US0023,US0023,,,,N,N,NULL,NULL,NULL,N,NULL,NULL,NULL,NULL,NULL,NULL,22.974,NULL,NULL,NULL,NULL,,NULL,1,0,2,2,N,N,55,NULL,98,9801,NULL,,Y,37.46552,37,27.931,NULL,-82.52656,82,31.594,NULL,N,NULL,NULL,NULL,NULL,NULL,NULL,NULL,NULL,5,3,4,6,1,1,2,2,7,3,Y,NULL,Y,Y,1640,1645,1700,N,NULL,70,,1,N,,N,N,,NULL,NULL,2019,C,7.23363E+11,098-US-0023  -000,MEDIUM,098-US-0023  -000,22.974,0,0,0,1,0,0,1,0,0,0,0,0,0
72372928,980100,2.019E+11,20190628,1412,,,THOMPSON,,RD,,,0,098 CS-1215,CS1215,Y,N,NULL,NULL,NULL,N,NULL,NULL,NULL,NULL,NULL,NULL,0.478,NULL,NULL,NULL,NULL,,NULL,0,0,2,2,N,N,NULL,NULL,98,9801,NULL,,Y,37.50624,37,30.375,NULL,-82.54418,82,32.651,NULL,N,NULL,NULL,NULL,NULL,NULL,NULL,NULL,NULL,2,97,NULL,6,1,1,2,2,5,3,N,NULL,Y,N,1412,1422,1422,N,NULL,90,,,N,,N,N,098-CS-1215-0,NULL,NULL,2019,O,7.23729E+11,098-CS-1215  -000,HIGH,098-CS-1215  -000,0.478,0,0,0,0,0,0,1,0,0,0,0,0,0
72350475,370200,2019-16435,20190507,1409,,,ISLAND CREEK,,RD,KY1426,KY1426,0,098 KY-1426,KY1426,N,N,NULL,NULL,NULL,N,NULL,NULL,NULL,NULL,NULL,NULL,1.894,NULL,NULL,NULL,NULL,,NULL,0,0,1,1,N,N,55,NULL,98,9801,2,S,N,37.46108,37,27.665,NULL,-82.56134,82,33.681,NULL,N,NULL,NULL,NULL,NULL,NULL,NULL,NULL,NULL,9,4,2,6,1,1,2,2,7,3,N,NULL,Y,N,1414,1419,1532,N,NULL,51,8,0,N,,N,N,098-KY-1426-0,NULL,NULL,2019,O,7.23505E+11,098-KY-1426  -000,HIGH,098-KY-1426  -000,1.894,0,0,0,0,0,0,0,0,0,0,0,1,0
72340304,KSP0900,19-12545,20190411,2230,,,COWPEN,,RD,KY2061,KY2061,0,098 KY-2061,KY2061,N,N,NULL,NULL,NULL,N,NULL,NULL,NULL,NULL,NULL,NULL,0.029,NULL,NULL,NULL,NULL,,NULL,0,0,2,2,N,N,55,NULL,98,9807,NULL,,Y,37.52985,37,31.791,NULL,-82.57529,82,34.517,NULL,N,NULL,NULL,NULL,NULL,NULL,NULL,NULL,NULL,7,7,2,6,1,1,2,5,1,3,N,NULL,Y,N,2237,2237,,N,NULL,47,,0,N,,N,N,098-KY-2061-0,NULL,NULL,2019,O,7.23403E+11,098-KY-2061  -000,HIGH,098-KY-2061  -000,0.029,0,0,0,0,0,0,1,0,0,0,0,0,0
72338331,KSP0900,19-11819,20190407,231,,,OWSLEY,,RD,KY1384,KY1384,0,098 KY-1384,KY1384,N,N,NULL,NULL,NULL,N,NULL,NULL,NULL,NULL,NULL,NULL,5.073,NULL,NULL,NULL,NULL,,NULL,0,0,1,1,N,N,35,NULL,98,9801,NULL,,Y,37.48572,37,29.143,NULL,-82.56744,82,34.047,NULL,N,NULL,NULL,NULL,NULL,NULL,NULL,NULL,NULL,9,5,2,6,1,1,3,2,7,2,N,NULL,Y,N,1420,1429,1429,N,NULL,51,17,0,N,,N,N,098-KY-1384-0,NULL,NULL,2019,O,7.23383E+11,098-KY-1384  -000,HIGH,098-KY-1384  -000,5.073,0,0,0,1,0,0,0,0,0,0,0,1,0
72334980,980500,2019AR022,20190329,2302,,3683,MAIN,,ST,,,0,098 CS-3000,CS3000,N,N,NULL,NULL,NULL,N,NULL,NULL,NULL,NULL,NULL,NULL,0.333,NULL,NULL,NULL,NULL,,NULL,0,0,1,1,N,N,25,NULL,98,9807,NULL,,Y,37.51793,37,31.076,NULL,-82.56582,82,33.949,NULL,N,NULL,NULL,NULL,NULL,NULL,NULL,NULL,NULL,9,4,2,6,1,1,3,4,1,3,N,NULL,Y,N,730,730,730,Y,NULL,40,,,N,,N,N,098-CS-3000-0,NULL,NULL,2019,O,7.2335E+11,098-CS-3000  -000,HIGH,098-CS-3000  -000,0.333,0,0,0,0,0,0,0,0,0,0,0,1,0
72333657,KSP0900,19-9020,20190319,1545,,,SMITH FORK,,RD,KY3419,KY3419,0,098 KY-3419,KY3419,N,N,NULL,NULL,NULL,N,NULL,NULL,NULL,NULL,NULL,NULL,3.491,NULL,NULL,NULL,NULL,,NULL,0,0,2,2,Y,N,55,NULL,98,9804,NULL,,Y,37.47039,37,28.224,NULL,-82.19174,82,11.504,NULL,N,NULL,NULL,NULL,NULL,NULL,NULL,NULL,NULL,2,7,2,6,1,1,2,2,1,3,N,NULL,Y,N,1545,1930,1545,N,NULL,47,9,0,N,,N,N,098-KY-3419-0,NULL,NULL,2019,O,7.23337E+11,098-KY-3419  -000,HIGH,098-KY-3419  -000,3.491,0,0,0,0,0,0,1,0,0,1,0,0,0
72337524,980000,19-03-009,20190329,1525,,,REDBUD,,LN,,,0,098 CR-1041,CR1041,Y,N,NULL,NULL,NULL,N,NULL,NULL,NULL,NULL,NULL,NULL,0.299,NULL,NULL,NULL,NULL,,NULL,0,0,3,3,N,N,15,NULL,98,9836,NULL,,Y,37.64805,37,38.883,NULL,-82.26643,82,15.985,NULL,N,NULL,NULL,NULL,NULL,NULL,NULL,NULL,NULL,5,97,NULL,6,1,1,2,2,8,3,N,NULL,Y,Y,1527,1528,1528,N,NULL,90,,,N,,N,N,098-CR-1041-0,NULL,NULL,2019,O,7.23375E+11,098-CR-1041  -000,HIGH,098-CR-1041  -000,0.299,0,0,1,0,0,0,1,1,0,0,0,0,0
72335728,980100,2.019E+11,20190405,1734,,,MAYO,S,TRL,KY3496,KY3496,0,098 KY-3496,KY3496,Y,N,NULL,NULL,NULL,N,NULL,NULL,NULL,NULL,NULL,NULL,0.46,NULL,NULL,NULL,NULL,,NULL,0,0,2,2,N,Y,15,NULL,98,9801,NULL,,Y,37.46955,37,28.173,NULL,-82.53383,82,32.03,NULL,N,NULL,NULL,NULL,NULL,NULL,NULL,NULL,NULL,5,97,1,6,1,1,2,2,1,3,N,NULL,Y,N,1734,1740,1740,N,NULL,90,16,0,N,,N,N,098-KY-3496-0,NULL,NULL,2019,O,7.23357E+11,098-KY-3496  -000,HIGH,098-KY-3496  -000,0.46,0,0,0,1,0,0,1,0,0,0,0,0,0
72343689,980100,2.019E+11,20190423,1310,,,CASSIDY,,BLVD,,,,,,Y,N,NULL,NULL,NULL,N,NULL,NULL,NULL,NULL,NULL,NULL,0.189,NULL,NULL,NULL,NULL,,NULL,0,0,2,2,N,N,15,NULL,98,9801,NULL,,Y,37.50393,37,30.236,NULL,-82.53508,82,32.105,NULL,N,NULL,NULL,NULL,NULL,NULL,NULL,NULL,NULL,8,97,1,6,1,1,2,2,1,3,N,NULL,Y,N,1310,1317,1317,N,NULL,90,,,N,,N,N,,NULL,NULL,2019,O,7.23437E+11,098-CS-1191  -000,MEDIUM,098-CS-1191  -000,0.189,0,0,0,1,0,0,1,0,0,0,0,0,0
72334843,KSP0900,19-10318,20190329,805,,,US119,,,US0119,US0119,0,098 US-119,US0119,N,N,NULL,NULL,NULL,N,NULL,NULL,NULL,NULL,NULL,NULL,24.831,NULL,NULL,NULL,NULL,,NULL,0,0,2,2,Y,N,40,NULL,98,9834,NULL,,Y,37.66619,37,39.971,NULL,-82.27544,82,16.526,NULL,N,NULL,NULL,NULL,NULL,NULL,NULL,NULL,NULL,7,3,4,6,1,1,3,2,7,3,N,NULL,Y,N,809,811,811,N,NULL,54,2,1,N,,N,Y,098-US-0119-0,NULL,NULL,2019,O,7.23348E+11,098-US-0119  -000,HIGH,098-US-0119  -000,24.831,0,0,0,0,0,0,1,0,0,0,0,1,1
72334852,980100,2.019E+11,20190403,1431,,,US23,,,US0023,US0023,,,,N,N,NULL,NULL,NULL,N,NULL,NULL,NULL,NULL,NULL,NULL,31.595,NULL,NULL,NULL,NULL,,NULL,1,0,2,2,N,N,55,NULL,98,9801,NULL,,Y,37.53696,37,32.218,NULL,-82.60147,82,36.088,NULL,N,NULL,NULL,NULL,NULL,NULL,NULL,NULL,NULL,5,3,4,6,1,1,2,2,1,3,Y,NULL,Y,Y,1431,1457,,N,NULL,70,,1,N,,N,N,,NULL,NULL,2019,C,7.23349E+11,098-US-0023  -000,MEDIUM,098-US-0023  -000,31.595,0,0,0,0,0,0,1,0,0,0,0,0,0
72918640,KSP0900,23-314176,20230705,831,,,US23,,,US0023,US0023,0,098 US-23,US0023,N,N,NULL,NULL,NULL,N,NULL,NULL,NULL,NULL,NULL,NULL,5.59,NULL,NULL,NULL,NULL,,NULL,0,0,1,1,N,N,55,NULL,98,9809,NULL,,Y,37.28551,37,17.131,NULL,-82.55656,82,33.394,NULL,N,NULL,NULL,NULL,NULL,NULL,NULL,NULL,NULL,9,3,4,4,1,1,2,2,7,3,N,NULL,Y,N,831,831,835,N,NULL,38,,1,N,,N,N,098-US-0023-0,NULL,NULL,2023,O,7.29186E+11,098-US-0023  -000,HIGH,098-US-0023  -000,5.591,0,0,0,0,0,0,0,0,0,0,0,0,0
72918740,980100,2.023E+11,20230630,1404,,,CASSIDY,,BLVD,,,0,098 CS-1191,CS1191,Y,N,NULL,NULL,NULL,N,NULL,NULL,NULL,NULL,NULL,NULL,0.202,NULL,NULL,NULL,NULL,,NULL,0,0,2,2,N,N,NULL,NULL,98,9801,NULL,,Y,37.50407,37,30.244,NULL,-82.53526,82,32.116,NULL,N,NULL,NULL,NULL,NULL,NULL,NULL,NULL,NULL,6,97,NULL,6,1,1,2,2,1,3,N,NULL,Y,N,1404,1413,1413,N,NULL,90,,,N,,N,N,098-CS-1191-0,NULL,NULL,2023,O,7.29187E+11,098-CS-1191  -000,HIGH,098-CS-1191  -000,0.183,0,0,0,1,0,0,1,0,0,0,0,0,0
72336342,KSP0900,2019-011330,20190404,1409,,385,MALL,,RD,,,0,098 CR-1037,CR1037,Y,N,NULL,NULL,NULL,N,NULL,NULL,NULL,NULL,NULL,NULL,0.086,NULL,NULL,NULL,NULL,,NULL,0,0,2,2,N,N,NULL,NULL,98,9834,NULL,,Y,37.65234,37,39.14,NULL,-82.26963,82,16.178,NULL,N,NULL,NULL,NULL,NULL,NULL,NULL,NULL,NULL,5,97,NULL,6,1,1,2,2,1,3,N,NULL,Y,N,1409,1449,1449,N,NULL,90,,,N,,N,N,098-CR-1037-0,NULL,NULL,2019,O,7.23363E+11,098-CR-1037  -000,HIGH,098-CR-1037  -000,0.086,0,0,0,1,0,0,0,1,0,0,0,0,0
72336843,KSP0900,19-11328,20190404,1405,,,KY292,,,KY0292,KY0292,0,098 KY-292,KY0292,N,N,NULL,NULL,NULL,N,NULL,NULL,NULL,NULL,NULL,NULL,1.077,NULL,NULL,NULL,NULL,,NULL,0,0,1,1,N,N,45,NULL,98,9869,NULL,,Y,37.64061,37,38.436,NULL,-82.21894,82,13.136,NULL,N,NULL,NULL,NULL,NULL,NULL,NULL,NULL,NULL,9,3,2,1,1,1,2,2,7,3,N,NULL,Y,N,1400,1402,1420,N,NULL,44,8,0,N,,N,N,098-KY-0292-0,NULL,NULL,2019,O,7.23368E+11,098-KY-0292  -000,HIGH,098-KY-0292  -000,1.077,0,0,0,0,0,0,0,0,0,0,0,1,0
72336351,980100,2.019E+11,20190406,1803,,,MULLINS SCHOOL PARKING LOT,,,,,,,,Y,N,NULL,NULL,NULL,N,NULL,NULL,NULL,NULL,NULL,NULL,NULL,NULL,NULL,NULL,NULL,NULL,NULL,0,0,2,2,N,N,15,NULL,98,9801,1,N,N,37.51579,37,30.947,NULL,-82.50384,82,30.23,NULL,N,NULL,NULL,NULL,NULL,NULL,NULL,NULL,NULL,2,97,2,6,1,1,2,2,7,3,N,NULL,N,N,1809,1812,1812,N,NULL,90,,,N,,N,N,,NULL,NULL,2019,O,7.23364E+11,098-US-0119  -010,MEDIUM,098-US-0119  -000,1.725,0,0,1,0,0,0,1,0,0,0,0,0,0
72336293,980100,2.019E+11,20190404,1842,,,KY1426,,,KY1426,KY1426,,,,N,N,NULL,NULL,NULL,N,NULL,NULL,NULL,NULL,NULL,NULL,6.812,NULL,NULL,NULL,NULL,,NULL,0,0,2,2,N,N,45,NULL,98,9801,NULL,,Y,37.48511,37,29.106,NULL,-82.51059,82,30.635,NULL,N,NULL,NULL,NULL,NULL,NULL,NULL,NULL,NULL,5,3,2,6,1,5,3,2,1,3,Y,NULL,Y,N,1842,1847,1847,N,NULL,49,,0,N,,N,N,,NULL,NULL,2019,O,7.23363E+11,098-KY-1426  -000,HIGH,098-KY-1426  -000,6.812,0,0,1,0,0,0,0,0,0,0,0,0,0
72340834,980500,2019AR028,20190418,843,,,US23,,,US0023,US0023,0,098 US-23-10,US0023,N,N,NULL,NULL,NULL,N,NULL,NULL,NULL,NULL,NULL,NULL,27.375,NULL,NULL,NULL,NULL,,NULL,0,0,2,2,N,N,55,NULL,98,9807,NULL,,Y,37.51085,37,30.651,NULL,-82.54895,82,32.937,NULL,N,NULL,NULL,NULL,NULL,NULL,NULL,NULL,NULL,5,3,6,6,1,1,2,2,1,3,N,NULL,Y,Y,843,845,904,N,NULL,70,,1,N,,N,N,098-US-0023-10,NULL,NULL,2019,O,7.23408E+11,098-US-0023  -010,HIGH,098-US-0023  -000,27.375,0,0,0,0,0,0,1,0,0,0,0,0,0
72336420,980100,2.019E+11,20190404,1452,,,RIVER,,DR,,,0,098 CS-1054,CS1054,Y,N,NULL,NULL,NULL,N,NULL,NULL,NULL,NULL,NULL,NULL,0.052,NULL,NULL,NULL,NULL,NULL,NULL,0,0,2,2,N,N,NULL,NULL,98,9801,NULL,,Y,37.47405,37,28.443,NULL,-82.52169,82,31.301,NULL,N,NULL,NULL,NULL,NULL,NULL,NULL,NULL,NULL,7,97,2,6,1,1,2,2,1,3,N,NULL,Y,N,1452,1456,1452,N,NULL,90,,,N,,N,N,098-CS-1054-0,NULL,NULL,2019,O,7.23364E+11,098-CS-1054  -000,HIGH,098-CS-1054  -000,0.052,0,0,0,0,0,0,1,0,0,0,0,0,0
72340953,KSP0900,19-10368,20190329,1400,,,SLONE,,PL,,,0,098 CR-1443D,CR1443D,N,N,NULL,NULL,NULL,N,NULL,NULL,NULL,NULL,NULL,NULL,0.012,NULL,NULL,NULL,NULL,,NULL,1,0,2,2,N,N,35,NULL,98,9832,NULL,,Y,37.5295,37,31.77,NULL,-82.36192,82,21.715,NULL,N,NULL,NULL,NULL,NULL,NULL,NULL,NULL,NULL,7,3,2,6,1,1,3,2,7,3,Y,NULL,N,N,1406,1459,1500,N,NULL,54,,,N,,N,N,098-CR-1443D-0,NULL,NULL,2019,C,7.2341E+11,098-CR-1443D -000,HIGH,098-CR-1443D -000,0.012,0,0,0,1,0,0,0,0,0,0,0,1,0
72339192,980100,2.019E+11,20190407,1613,,,US23,,,US0023,US0023,,,,N,N,NULL,NULL,NULL,N,NULL,NULL,NULL,NULL,NULL,NULL,25.576,NULL,NULL,NULL,NULL,,NULL,3,0,2,2,N,N,55,NULL,98,9801,NULL,,Y,37.49397,37,29.638,NULL,-82.5327,82,31.962,NULL,N,NULL,NULL,NULL,NULL,NULL,NULL,NULL,NULL,5,3,4,6,1,5,6,2,7,3,Y,NULL,Y,N,1614,1617,,N,NULL,49,,1,Y,,N,N,,NULL,NULL,2019,C,7.23392E+11,098-US-0023  -000,MEDIUM,098-US-0023  -000,25.576,0,0,0,0,0,0,1,1,0,0,0,0,0