MasterFile,AgencyORINumber,LocalCode,CollisionDate,CollisionTime,CollisionDayWeekCode,RoadwayName_HouseBusinessNumber_,RoadwayName_RoadwayName_,RoadwayName_Direction_,RoadwayName_RoadwaySuffix_,RoadwayfromReport,CurrentRoadwayNumber,RoadwayNumberCoupletID,RSEUniqueGIS,RoadwayIdentifier,ParkingLotIndicator,IntersectionWith_Indicator_,IntersectionWith_NameRoadway_,IntersectionWith_Direction_,IntersectionWith_RoadwaySuffix_,BetweenStreets_Indicator_,BetweenStreets1_NameRoadway_,BetweenStreet1_Direction_,BetweenStreets1_RoadwaySuffix_,BetweenStreets2_NameRoadway_,BetweenStreets2_Direction_,BetweenStreets2_RoadwaySuffix_,Milepoint,ReportMilepointDeriveNumber,CurrentDerivedMiepointNumber,MilestoMilepoint,FeettoMilepoint,DirectionfromMilepoint_NSEW_,ValidMilepointIndicator,NumberInjured,NumberKilled,ofUnits,ofMotorVehicleUnits,Hit&RunIndicator,OneWayIndicator,SpeedLimitNumber,KilometersIndicator,CountyCode,CityCountyCode,MilesFromCity,DirectionFromCity_NSEW_,InCityLimitsIndicator,Latitude,LatitudeDegrees,LatitudeMinutes,LatitudeSeconds,Longitude,LongitudeDegrees,LongitudeMinutes,LongitudeSeconds,RampIndicator,RampFromIdentifier,RampFromDirCode,RampFromCoupletID,RSEUniqueGISRampFrom,RampToidentifier,RampToDirCode,RampToCoupletID,RSEUniqueGisRampTo,MannerofCollisionCode,LocationFirstEventCode,TotalLanes,RoadwayCharacterCode,RoadwaySurfaceCode,RoadwayConditionCode,WeatherCode,LightConditionCode,LandUseCode,SchoolBusRelatedCode,FirstAidSceneIndicator,CollDescPresentInd,InvestigationCompleteIndicator,PhotosTakenIndicator,TimeNotified,TimeArrived,TimeRoadwayOpened,PropertyDamageIndicator,DiagramPresentIndicator,DirectionalAnalysis,FunctionClassCode,NationalHwySysCode,EnforcementsIndicator,KARSCityCode,SecondaryCollisionIndicator,MedianCrossoverIndicator,RT_UNIQUE,MapIt,TimeLastLeft,YR,KABCO,MFNY,WorkingRID,RT_CONFIDENCE,KTC_RT,KTC_MP,Motorcyclist,CommercialVehicle,YoungDriver,MatureDriver,pedestrian,Bicyclist,Distracted,agressive,Impaired,Unrestrained,Intersection,RoadwayDeparture,MedXover
72342717,980100,2.019E+11,20190413,1913,,,KY1426,,,KY1426,KY1426,0,098 KY-1426,KY1426,N,N,NULL,NULL,NULL,N,NULL,NULL,NULL,NULL,NULL,NULL,5.025,NULL,NULL,NULL,NULL,,NULL,1,0,1,1,N,Y,35,NULL,98,9801,NULL,,Y,37.47295,37,28.377,NULL,-82.53348,82,32.009,NULL,N,NULL,NULL,NULL,NULL,NULL,NULL,NULL,NULL,9,3,1,3,1,1,2,2,7,3,Y,NULL,Y,Y,1713,1932,2023,N,NULL,70,,0,Y,,N,N,098-KY-1426-0,NULL,NULL,2019,B,7.23427E+11,098-KY-1426  -000,HIGH,098-KY-1426  -000,5.025,1,0,0,0,0,0,0,0,0,0,0,1,0
72334260,980500,2019AR021,20190402,845,,,US23,,,US0023,US0023,0,098 US-23-10,US0023,N,Y,GOLDENROD,,LN,N,NULL,NULL,NULL,NULL,NULL,NULL,28.514,NULL,NULL,NULL,NULL,,NULL,0,0,2,2,N,N,45,NULL,98,9807,NULL,,Y,37.51904,37,31.143,NULL,-82.56622,82,33.973,NULL,N,NULL,NULL,NULL,NULL,NULL,NULL,NULL,NULL,8,3,6,6,1,1,2,2,1,3,N,NULL,Y,Y,845,847,918,N,NULL,19,,1,N,,N,N,098-US-0023-10,NULL,NULL,2019,O,7.23343E+11,098-US-0023  -010,HIGH,098-US-0023  -000,28.514,0,1,0,1,0,0,1,0,0,0,1,0,0
72334351,980100,2.019E+11,20190402,950,,,US23,,,US0023,US0023,0,098 US-23,US0023,N,N,NULL,NULL,NULL,N,NULL,NULL,NULL,NULL,NULL,NULL,19.282,NULL,NULL,NULL,NULL,,NULL,0,0,1,1,N,N,55,NULL,98,9801,NULL,,Y,37.44428,37,26.657,NULL,-82.5047,82,30.282,NULL,N,NULL,NULL,NULL,NULL,NULL,NULL,NULL,NULL,9,3,4,6,1,1,3,2,7,3,N,NULL,Y,Y,950,958,958,Y,NULL,40,,1,N,,N,N,098-US-0023-0,NULL,NULL,2019,O,7.23344E+11,098-US-0023  -000,HIGH,098-US-0023  -000,19.282,0,0,0,0,0,0,0,0,0,0,0,1,0
72332356,980100,2.019E+11,20190322,2118,,370,CEDAR CREEK,,RD,KY1384,KY1384,0,098 KY-1384,KY1384,N,N,NULL,NULL,NULL,N,NULL,NULL,NULL,NULL,NULL,NULL,NULL,NULL,NULL,NULL,NULL,NULL,NULL,0,0,1,1,N,N,35,NULL,98,9801,NULL,,Y,37.47614,37,28.568,NULL,-82.55253,82,33.152,NULL,N,NULL,NULL,NULL,NULL,NULL,NULL,NULL,NULL,9,3,2,3,1,1,3,5,6,3,N,NULL,Y,Y,2118,2124,,Y,NULL,38,,0,N,,N,N,098-KY-1384-0,NULL,NULL,2019,O,7.23324E+11,098-KY-1384  -000,HIGH,098-KY-1384  -000,6.209,0,0,0,0,0,0,0,0,0,0,0,1,0
72332933,980100,2.019E+11,20190329,1358,,,SEN KELSEY E FRIEND,,BLVD,KY3218,KY3218,0,098 KY-3218,KY3218,N,N,NULL,NULL,NULL,N,NULL,NULL,NULL,NULL,NULL,NULL,2.403,NULL,NULL,NULL,NULL,,NULL,0,0,2,2,N,N,55,NULL,98,9801,NULL,,Y,37.55476,37,33.286,NULL,-82.56799,82,34.079,NULL,N,NULL,NULL,NULL,NULL,NULL,NULL,NULL,NULL,5,3,2,4,1,1,3,2,7,3,N,NULL,Y,N,1358,1405,1507,Y,NULL,49,8,0,N,,N,N,098-KY-3218-0,NULL,NULL,2019,O,7.23329E+11,098-KY-3218  -000,HIGH,098-KY-3218  -000,2.403,0,0,0,0,0,0,1,0,0,1,0,1,0
72332771,KSP0900,19-10094,20190327,1914,,,ELKHORN,,CRK,KY0197,KY0197,0,098 KY-197,KY0197,N,N,NULL,NULL,NULL,N,NULL,NULL,NULL,NULL,NULL,NULL,7.564,NULL,NULL,NULL,NULL,,NULL,0,0,2,2,N,N,55,NULL,98,9802,6,W,N,37.25895,37,15.537,NULL,-82.46422,82,27.853,NULL,N,NULL,NULL,NULL,NULL,NULL,NULL,NULL,NULL,5,3,2,6,1,1,2,2,7,3,N,NULL,N,N,1917,1950,,N,NULL,49,7,0,N,,N,N,098-KY-0197-0,NULL,NULL,2019,O,7.23328E+11,098-KY-0197  -000,HIGH,098-KY-0197  -000,7.564,0,0,0,0,0,0,0,1,0,0,0,0,0
72342152,KSP0900,19-13806,20190420,1330,,,KY1469,,,KY1469,KY1469,0,098 KY-1469,KY1469,N,N,NULL,NULL,NULL,N,NULL,NULL,NULL,NULL,NULL,NULL,10.381,NULL,NULL,NULL,NULL,,NULL,0,0,2,2,N,N,55,NULL,98,9827,NULL,,Y,37.33454,37,20.072,NULL,-82.60082,82,36.049,NULL,N,NULL,NULL,NULL,NULL,NULL,NULL,NULL,NULL,7,3,2,6,1,1,3,2,7,3,N,NULL,Y,N,1330,1410,1410,N,NULL,54,8,0,N,,N,N,098-KY-1469-0,NULL,NULL,2019,O,7.23422E+11,098-KY-1469  -000,HIGH,098-KY-1469  -000,10.381,0,0,0,0,0,0,1,0,0,0,0,1,0
72340049,KSP0900,19-10479,20190330,1016,,,HARMONS,,BR,,,0,098 CR-1412,CR1412,Y,N,NULL,NULL,NULL,N,NULL,NULL,NULL,NULL,NULL,NULL,0.102,NULL,NULL,NULL,NULL,,NULL,0,0,1,1,N,N,5,NULL,98,9807,NULL,,Y,37.53769,37,32.261,NULL,-82.59982,82,35.989,NULL,N,NULL,NULL,NULL,NULL,NULL,NULL,NULL,NULL,9,97,NULL,6,1,1,2,2,7,3,N,NULL,Y,Y,1016,1030,,Y,NULL,90,,,N,,N,N,098-CR-1412-0,NULL,NULL,2019,O,7.234E+11,098-CR-1412  -000,MEDIUM,098-CR-1412  -000,0.102,0,0,0,0,0,0,1,0,0,0,0,1,0
72341990,KSP0900,19-13411,20190418,2309,,,US119,,,US0119,US0119,0,098 US-119-10,US0119,N,N,NULL,NULL,NULL,N,NULL,NULL,NULL,NULL,NULL,NULL,1.748,NULL,NULL,NULL,NULL,,NULL,2,0,1,1,N,N,55,NULL,98,9801,NULL,,Y,37.51321,37,30.792,NULL,-82.50362,82,30.217,NULL,N,NULL,NULL,NULL,NULL,NULL,NULL,NULL,NULL,9,3,2,1,1,1,2,2,7,3,N,NULL,Y,Y,2313,2325,,N,NULL,40,2,1,N,,N,N,098-US-0119-10,NULL,NULL,2019,B,7.2342E+11,098-US-0119  -010,HIGH,098-US-0119  -000,1.748,0,0,0,0,0,0,0,0,0,0,0,1,0
72342472,980000,1904003,20190416,800,,,DOUGLAS,,PARK,,,0,098 CR-1704,CR1704,Y,N,NULL,NULL,NULL,N,NULL,NULL,NULL,NULL,NULL,NULL,0.127,NULL,NULL,NULL,NULL,,NULL,0,0,2,2,N,N,15,NULL,98,9823,NULL,,Y,37.37929,37,22.757,NULL,-82.53828,82,32.297,NULL,N,NULL,NULL,NULL,NULL,NULL,NULL,NULL,NULL,2,97,2,6,1,1,2,2,8,3,N,NULL,N,N,802,802,803,N,NULL,90,,,N,,N,N,098-CR-1704-0,NULL,NULL,2019,O,7.23425E+11,098-CR-1704  -000,HIGH,098-CR-1704  -000,0.127,0,0,1,0,0,0,1,1,0,0,0,0,0
72347095,980100,2.019E+11,20190419,2028,,,CASSIDY,,BLVD,,,,,,N,N,NULL,NULL,NULL,N,NULL,NULL,NULL,NULL,NULL,NULL,0.037,NULL,NULL,NULL,NULL,,NULL,0,0,2,2,Y,N,35,NULL,98,9801,NULL,,Y,37.5037,37,30.222,NULL,-82.53278,82,31.966,NULL,N,NULL,NULL,NULL,NULL,NULL,NULL,NULL,NULL,5,3,4,6,2,1,2,3,7,3,N,NULL,N,N,2029,2030,2036,N,NULL,49,,,N,,N,N,,NULL,NULL,2019,O,7.23471E+11,098-CS-1191  -000,HIGH,098-CS-1191  -000,0.037,0,0,0,0,0,0,1,0,0,0,0,0,0
72337972,980100,2.019E+11,20190404,1347,,,US460,,,US0460,US0460,0,098 US-460,US0460,N,N,NULL,NULL,NULL,N,NULL,NULL,NULL,NULL,NULL,NULL,0.152,NULL,NULL,NULL,NULL,,NULL,0,0,2,2,N,N,55,NULL,98,9801,NULL,,Y,37.43987,37,26.392,NULL,-82.5084,82,30.504,NULL,N,NULL,NULL,NULL,NULL,NULL,NULL,NULL,NULL,2,97,2,6,1,1,2,2,1,3,N,NULL,Y,N,1357,1359,,N,NULL,56,,1,N,,N,N,098-US-0460-0,NULL,NULL,2019,O,7.2338E+11,098-US-0460  -000,HIGH,098-US-0460  -000,0.152,0,0,0,1,0,0,1,0,0,0,0,0,0
72336252,KSP0900,19-11467,20190405,750,,,BIG CREEK,,RD,KY0468,KY0468,0,098 KY-468,KY0468,N,N,NULL,NULL,NULL,N,NULL,NULL,NULL,NULL,NULL,NULL,1.748,NULL,NULL,NULL,NULL,,NULL,0,0,1,1,N,N,55,NULL,98,9843,NULL,,Y,37.64011,37,38.406,NULL,-82.35687,82,21.412,NULL,N,NULL,NULL,NULL,NULL,NULL,NULL,NULL,NULL,9,3,2,3,1,5,6,2,7,3,N,NULL,N,N,750,805,830,N,NULL,44,8,0,N,,N,N,098-KY-0468-0,NULL,NULL,2019,O,7.23363E+11,098-KY-0468  -000,HIGH,098-KY-0468  -000,1.748,0,0,1,0,0,0,0,0,0,0,0,1,0
72345983,980500,2019AR031,20190426,1705,,,MAYO,N,TRL,US0023,US0023,0,098 US-23,US0023,N,N,NULL,NULL,NULL,N,NULL,NULL,NULL,NULL,NULL,NULL,29.466,NULL,NULL,NULL,NULL,,NULL,3,0,3,3,N,N,45,NULL,98,9807,NULL,,Y,37.5298,37,31.788,NULL,-82.57584,82,34.551,NULL,N,NULL,NULL,NULL,NULL,NULL,NULL,NULL,NULL,5,3,6,6,1,5,3,2,6,3,Y,NULL,Y,Y,1705,1708,1745,N,NULL,49,,1,Y,,N,N,098-US-0023-0,NULL,NULL,2019,B,7.2346E+11,098-US-0023  -000,HIGH,098-US-0023  -000,29.466,0,0,1,0,0,0,1,1,0,1,0,0,0
72338979,KSP0900,19-11117,20190403,1336,,,KY195,,,KY0195,KY0195,0,098 KY-195,KY0195,N,N,NULL,NULL,NULL,N,NULL,NULL,NULL,NULL,NULL,NULL,8.912,NULL,NULL,NULL,NULL,,NULL,1,0,1,1,N,N,55,NULL,98,9801,10,SE,N,37.33916,37,20.349,NULL,-82.42666,82,25.6,NULL,N,NULL,NULL,NULL,NULL,NULL,NULL,NULL,NULL,9,3,2,3,1,1,2,2,6,3,N,NULL,Y,Y,1337,1349,,Y,NULL,44,7,0,N,,N,N,098-KY-0195-0,NULL,NULL,2019,B,7.2339E+11,098-KY-0195  -000,HIGH,098-KY-0195  -000,8.912,0,0,0,0,0,0,0,0,0,1,0,1,0
72340681,980100,2.019E+11,20190411,1338,,911,BYPASS RD,,,,,,,,Y,N,NULL,NULL,NULL,N,NULL,NULL,NULL,NULL,NULL,NULL,NULL,NULL,NULL,NULL,NULL,,NULL,0,0,2,2,N,N,15,NULL,98,9801,NULL,,Y,37.47182,37,28.31,NULL,-82.52244,82,31.346,NULL,N,NULL,NULL,NULL,NULL,NULL,NULL,NULL,NULL,1,97,2,3,2,1,2,2,1,3,N,NULL,Y,N,1338,1338,1357,N,NULL,90,,,N,,N,N,,NULL,NULL,2019,O,7.23407E+11,098-CS-1223  -000,MEDIUM,098-CS-1223  -000,0.067,0,0,0,0,0,0,1,0,0,0,0,0,0
72330857,KSP0900,19-9306,20190321,1431,,,US119,,,US0119,US0119,0,098 US-119,US0119,N,N,NULL,NULL,NULL,N,NULL,NULL,NULL,NULL,NULL,NULL,22.052,NULL,NULL,NULL,NULL,,NULL,0,0,2,2,N,N,55,NULL,98,9836,NULL,,Y,37.63391,37,38.035,NULL,-82.26196,82,15.718,NULL,N,NULL,NULL,NULL,NULL,NULL,NULL,NULL,NULL,7,2,2,3,1,5,3,2,7,3,N,NULL,Y,N,1432,1500,1520,N,NULL,54,2,1,N,,N,Y,098-US-0119-0,NULL,NULL,2019,O,7.23309E+11,098-US-0119  -000,HIGH,098-US-0119  -000,22.052,0,0,1,1,0,0,0,1,0,0,0,1,1
72345498,KSP0900,19-12675,20190412,2056,,,US23,,,US0023,US0023,0,098 US-23-10,US0023,N,N,NULL,NULL,NULL,N,NULL,NULL,NULL,NULL,NULL,NULL,5.472,NULL,NULL,NULL,NULL,,NULL,0,0,2,2,Y,N,55,NULL,98,9809,NULL,,Y,37.28423,37,17.054,NULL,-82.55801,82,33.48,NULL,N,NULL,NULL,NULL,NULL,NULL,NULL,NULL,NULL,7,3,4,5,1,1,2,6,7,3,N,NULL,Y,Y,0,0,0,N,NULL,54,,1,N,,N,N,098-US-0023-10,NULL,NULL,2019,O,7.23455E+11,098-US-0023  -010,HIGH,098-US-0023  -000,5.472,0,0,0,0,0,0,0,1,1,0,0,1,0
72332770,KSP0900,19-10059,20190327,1531,,,US460,,,US0460,US0460,0,098 US-460,US0460,N,N,NULL,NULL,NULL,N,NULL,NULL,NULL,NULL,NULL,NULL,8.857,NULL,NULL,NULL,NULL,,NULL,0,0,1,1,N,N,35,NULL,98,9802,NULL,,Y,37.371,37,22.26,NULL,-82.42246,82,25.348,NULL,N,NULL,NULL,NULL,NULL,NULL,NULL,NULL,NULL,9,5,2,3,1,1,2,2,7,3,N,NULL,N,N,1600,1651,,N,NULL,51,,1,N,,N,N,098-US-0460-0,NULL,NULL,2019,O,7.23328E+11,098-US-0460  -000,HIGH,098-US-0460  -000,8.857,0,0,0,0,0,0,0,0,0,0,0,1,0
72343217,KSP0900,19-13968,20190421,1924,,,REGINA-BELCHER,,HWY,US0460,US0460,0,098 US-460,US0460,N,N,NULL,NULL,NULL,N,NULL,NULL,NULL,NULL,NULL,NULL,8.321,NULL,NULL,NULL,NULL,,NULL,0,0,1,1,N,N,45,NULL,98,9830,NULL,,Y,37.37463,37,22.478,NULL,-82.43062,82,25.837,NULL,N,NULL,NULL,NULL,NULL,NULL,NULL,NULL,NULL,9,3,2,6,1,1,2,2,7,3,N,NULL,Y,N,1929,1948,2020,N,NULL,70,,1,N,,N,N,098-US-0460-0,NULL,NULL,2019,O,7.23432E+11,098-US-0460  -000,HIGH,098-US-0460  -000,8.321,0,0,1,0,0,0,0,0,0,0,0,1,0
72336817,KSP0900,19-11838,20190407,1537,,,MARROWBONE CREEK,,RD,KY0195,KY0195,0,098 KY-195,KY0195,N,N,NULL,NULL,NULL,N,NULL,NULL,NULL,NULL,NULL,NULL,11.4,NULL,NULL,NULL,NULL,,NULL,0,0,1,1,N,N,35,NULL,98,9830,NULL,,Y,37.36628,37,21.977,NULL,-82.41435,82,24.861,NULL,N,NULL,NULL,NULL,NULL,NULL,NULL,NULL,NULL,9,4,2,1,1,5,6,2,7,3,N,NULL,Y,N,1537,1646,1646,Y,NULL,44,7,0,N,,N,N,098-KY-0195-0,NULL,NULL,2019,O,7.23368E+11,098-KY-0195  -000,HIGH,098-KY-0195  -000,11.4,0,0,0,0,0,0,0,0,0,0,0,1,0
72333244,980100,2.019E+11,20190328,1454,,,US23,,,US0023,US0023,,,,N,N,NULL,NULL,NULL,N,NULL,NULL,NULL,NULL,NULL,NULL,26.291,NULL,NULL,NULL,NULL,,NULL,0,0,2,2,N,N,55,NULL,98,9801,NULL,,Y,37.50377,37,30.226,NULL,-82.53216,82,31.929,NULL,N,NULL,NULL,NULL,NULL,NULL,NULL,NULL,NULL,1,3,4,6,1,1,2,2,7,3,N,NULL,Y,N,1454,1500,1500,N,NULL,55,,1,N,,N,N,,NULL,NULL,2019,O,7.23332E+11,098-US-0023  -000,MEDIUM,098-US-0023  -000,26.291,0,0,0,1,0,0,1,0,0,0,0,0,0
72345437,KSP0900,19-14774,20190426,1753,,,US23,,,US0023,US0023,0,098 US-23-10,US0023,N,N,NULL,NULL,NULL,N,NULL,NULL,NULL,NULL,NULL,NULL,8.103,NULL,NULL,NULL,NULL,,NULL,0,0,1,1,N,N,55,NULL,98,9801,NULL,,Y,37.31646,37,18.988,NULL,-82.54977,82,32.986,NULL,N,NULL,NULL,NULL,NULL,NULL,NULL,NULL,NULL,9,5,4,6,1,5,6,2,7,3,N,NULL,Y,N,1820,1830,1753,N,NULL,40,,1,N,,N,Y,098-US-0023-10,NULL,NULL,2019,O,7.23454E+11,098-US-0023  -010,HIGH,098-US-0023  -000,8.103,0,0,0,0,0,0,0,1,0,0,0,1,0
72336512,980500,2019AR023,20190408,1222,,,WEDDINGTON PLAZA,,,,,,,,N,N,NULL,NULL,NULL,N,NULL,NULL,NULL,NULL,NULL,NULL,NULL,NULL,NULL,NULL,NULL,NULL,NULL,0,0,2,2,N,N,15,NULL,98,9807,NULL,,Y,37.52569,37,31.542,NULL,-82.57436,82,34.461,NULL,N,NULL,NULL,NULL,NULL,NULL,NULL,NULL,NULL,7,3,2,6,1,5,6,2,5,3,N,NULL,Y,Y,1222,1223,1240,N,NULL,54,,1,N,,N,N,,NULL,NULL,2019,O,7.23365E+11,098-US-0023  -010,MEDIUM,098-US-0023  -000,29.173,0,0,0,1,0,0,0,0,0,0,0,1,0
72314439,980100,2.019E+11,20190202,932,,,HIGH,,ST,,,,,,Y,N,NULL,NULL,NULL,N,NULL,NULL,NULL,NULL,NULL,NULL,0.015,NULL,NULL,NULL,NULL,,NULL,0,0,2,2,N,N,15,NULL,98,9801,NULL,,Y,37.47926,37,28.756,NULL,-82.52155,82,31.293,NULL,N,NULL,NULL,NULL,NULL,NULL,NULL,NULL,NULL,2,97,1,6,1,5,2,2,8,3,N,NULL,Y,N,932,933,933,N,NULL,90,,,N,,N,N,,NULL,NULL,2019,O,7.23144E+11,098-CS-1166  -000,HIGH,098-CS-1166  -000,0.015,0,0,1,0,0,0,1,0,0,0,0,0,0
72341999,KSP0900,19-13741,20190419,2119,,,US460,,,US0460,US0460,0,098 US-460,US0460,N,N,NULL,NULL,NULL,N,NULL,NULL,NULL,NULL,NULL,NULL,4.523,NULL,NULL,NULL,NULL,,NULL,1,0,1,1,N,N,45,NULL,98,9824,NULL,,Y,37.4165,37,24.99,NULL,-82.4536,82,27.216,NULL,N,NULL,NULL,NULL,NULL,NULL,NULL,NULL,NULL,9,3,2,6,1,1,2,6,7,3,N,NULL,Y,Y,2121,2137,2155,N,NULL,70,,1,Y,,N,N,098-US-0460-0,NULL,NULL,2019,B,7.2342E+11,098-US-0460  -000,HIGH,098-US-0460  -000,4.523,0,0,0,0,0,0,0,0,1,0,0,1,0
72351033,KSP0900,19-16604,20190508,1558,,,GRAPEVINE,,RD,KY0194,KY0194,0,098 KY-194,KY0194,N,N,NULL,NULL,NULL,N,NULL,NULL,NULL,NULL,NULL,NULL,34.052,NULL,NULL,NULL,NULL,,NULL,0,0,2,2,N,N,35,NULL,98,9831,NULL,,Y,37.45007,37,27.005,NULL,-82.32188,82,19.312,NULL,N,NULL,NULL,NULL,NULL,NULL,NULL,NULL,NULL,7,3,2,3,1,1,2,2,7,3,Y,NULL,N,N,1558,1630,,N,NULL,54,7,0,N,,N,N,098-KY-0194-0,NULL,NULL,2019,O,7.2351E+11,098-KY-0194  -000,HIGH,098-KY-0194  -000,34.052,0,0,1,1,0,0,0,1,0,0,0,1,0
72304757,KSP0900,19-1979,20190118,1814,,3128,LEFT FORK ISLAND,,CRK,,,0,098 CR-1233Q3,CR1233Q3,N,N,NULL,NULL,NULL,N,NULL,NULL,NULL,NULL,NULL,NULL,1.772,NULL,NULL,NULL,NULL,,NULL,0,0,2,2,N,N,35,NULL,98,9801,NULL,,Y,37.43051,37,25.831,NULL,-82.58367,82,35.02,NULL,N,NULL,NULL,NULL,NULL,NULL,NULL,NULL,NULL,2,4,2,6,1,1,2,6,7,3,N,NULL,Y,N,1817,1836,1817,N,NULL,47,,,N,,N,N,098-CR-1233Q3-0,NULL,NULL,2019,O,7.23048E+11,098-CR-1233Q3-000,HIGH,098-CR-1233Q3-000,1.772,0,0,0,0,0,0,0,0,0,0,0,0,0
72350784,KSP0900,19-16307,20190506,1648,,,US119,,,US0119,US0119,0,098 US-119,US0119,N,N,NULL,NULL,NULL,N,NULL,NULL,NULL,NULL,NULL,NULL,21.972,NULL,NULL,NULL,NULL,,NULL,0,0,2,2,N,N,55,NULL,98,9836,NULL,,Y,37.63286,37,37.972,NULL,-82.26174,82,15.705,NULL,N,NULL,NULL,NULL,NULL,NULL,NULL,NULL,NULL,1,2,2,6,1,1,2,2,7,3,N,NULL,Y,N,1655,1703,1703,N,NULL,55,2,1,N,,N,N,098-US-0119-0,NULL,NULL,2019,O,7.23508E+11,098-US-0119  -000,HIGH,098-US-0119  -000,21.972,0,0,1,0,0,0,1,0,0,0,0,0,0
72336341,KSP0900,19-11728,20190406,1921,,,KY1469,,,KY1469,KY1469,0,098 KY-1469,KY1469,N,N,NULL,NULL,NULL,N,NULL,NULL,NULL,NULL,NULL,NULL,11.768,NULL,NULL,NULL,NULL,,NULL,0,0,2,2,N,N,55,NULL,98,9827,1,E,N,37.34455,37,20.673,NULL,-82.58496,82,35.098,NULL,N,NULL,NULL,NULL,NULL,NULL,NULL,NULL,NULL,8,3,2,4,1,1,2,2,6,3,N,NULL,Y,N,1924,2005,,N,NULL,53,7,0,N,,N,N,098-KY-1469-0,NULL,NULL,2019,O,7.23363E+11,098-KY-1469  -000,HIGH,098-KY-1469  -000,11.768,0,0,1,0,0,0,0,0,0,0,0,1,0
72339313,KSP0900,19-12955,20190414,2128,,,US23,,,US0023,US0023,0,098 US-23,US0023,N,N,NULL,NULL,NULL,N,NULL,NULL,NULL,NULL,NULL,NULL,5.436,NULL,NULL,NULL,NULL,,NULL,0,0,1,1,N,N,55,NULL,98,9809,16,S,N,37.28377,37,17.026,NULL,-82.5583,82,33.498,NULL,N,NULL,NULL,NULL,NULL,NULL,NULL,NULL,NULL,9,3,4,5,1,5,3,6,7,3,N,NULL,Y,N,2137,2151,,N,NULL,38,,1,N,,N,N,098-US-0023-0,NULL,NULL,2019,O,7.23393E+11,098-US-0023  -000,HIGH,098-US-0023  -000,5.436,0,0,0,0,0,0,0,0,0,0,0,0,0
72334931,980100,2.019E+11,20190403,1651,,,REDALE,,RD,,,,,,N,N,NULL,NULL,NULL,N,NULL,NULL,NULL,NULL,NULL,NULL,0.192,NULL,NULL,NULL,NULL,,NULL,0,0,2,2,N,N,15,NULL,98,9801,NULL,,Y,37.48713,37,29.227,NULL,-82.52759,82,31.655,NULL,N,NULL,NULL,NULL,NULL,NULL,NULL,NULL,NULL,2,3,1,6,1,1,2,2,6,3,N,NULL,Y,N,1652,1655,1712,N,NULL,47,,,N,,N,N,,NULL,NULL,2019,O,7.23349E+11,098-CS-1244  -000,HIGH,098-CS-1244  -000,0.192,0,0,0,0,0,0,1,0,0,0,0,0,0
72355884,980000,1905002,20190520,1105,,,KY632,,,KY0632,KY0632,0,098 KY-632,KY0632,Y,N,NULL,NULL,NULL,N,NULL,NULL,NULL,NULL,NULL,NULL,13.421,NULL,NULL,NULL,NULL,,NULL,0,0,2,2,N,N,35,NULL,98,9804,NULL,,Y,37.51001,37,30.6,NULL,-82.15956,82,9.574,NULL,N,NULL,NULL,NULL,NULL,NULL,NULL,NULL,NULL,2,97,2,4,1,1,2,2,5,3,N,NULL,Y,Y,1120,1155,,N,NULL,90,6,0,N,,N,N,098-KY-0632-0,NULL,NULL,2019,O,7.23559E+11,098-KY-0632  -000,HIGH,098-KY-0632  -000,13.421,0,0,0,0,0,0,0,0,0,0,0,0,0
72339536,KSP0900,19-12223,20190410,644,,,KY194,,,KY0194,KY0194,0,098 KY-194,KY0194,N,N,NULL,NULL,NULL,N,NULL,NULL,NULL,NULL,NULL,NULL,53.828,NULL,NULL,NULL,NULL,,NULL,1,0,1,1,N,N,35,NULL,98,9804,NULL,,Y,37.50496,37,30.298,NULL,-82.13438,82,8.063,NULL,N,NULL,NULL,NULL,NULL,NULL,NULL,NULL,NULL,9,3,2,1,1,1,2,2,7,3,Y,NULL,Y,Y,644,725,1200,N,NULL,44,8,0,N,,N,N,098-KY-0194-0,NULL,NULL,2019,B,7.23395E+11,098-KY-0194  -000,HIGH,098-KY-0194  -000,53.828,0,1,0,0,0,0,0,0,0,0,0,1,0
72333753,980100,2.019E+11,20190325,1641,,,CASSIDY,,BLVD,,,,,,N,N,NULL,NULL,NULL,N,NULL,NULL,NULL,NULL,NULL,NULL,0.325,NULL,NULL,NULL,NULL,,NULL,0,0,2,2,N,N,35,NULL,98,9801,NULL,,Y,37.50522,37,30.313,NULL,-82.53735,82,32.241,NULL,N,NULL,NULL,NULL,NULL,NULL,NULL,NULL,NULL,1,3,2,3,1,1,3,2,1,3,N,NULL,Y,N,1643,1646,1721,N,NULL,55,,,N,,N,N,,NULL,NULL,2019,O,7.23338E+11,098-CS-1191  -000,HIGH,098-CS-1191  -000,0.325,0,0,0,0,0,0,1,0,0,0,0,0,0
72349431,980500,2019AR034,20190501,1807,,,MAIN,,ST,,,0,098 CS-3000,CS3000,Y,N,NULL,NULL,NULL,N,NULL,NULL,NULL,NULL,NULL,NULL,0.538,NULL,NULL,NULL,NULL,,NULL,0,0,2,2,N,N,15,NULL,98,9807,NULL,,Y,37.51962,37,31.177,NULL,-82.56747,82,34.048,NULL,N,NULL,NULL,NULL,NULL,NULL,NULL,NULL,NULL,2,97,1,5,1,1,2,2,1,3,N,NULL,Y,Y,1812,1824,1834,N,NULL,90,,,N,,N,N,098-CS-3000-0,NULL,NULL,2019,O,7.23494E+11,098-CS-3000  -000,HIGH,098-CS-3000  -000,0.538,0,0,1,0,0,0,1,0,0,1,0,0,0