MasterFile,AgencyORINumber,LocalCode,CollisionDate,CollisionTime,CollisionDayWeekCode,RoadwayName_HouseBusinessNumber_,RoadwayName_RoadwayName_,RoadwayName_Direction_,RoadwayName_RoadwaySuffix_,RoadwayfromReport,CurrentRoadwayNumber,RoadwayNumberCoupletID,RSEUniqueGIS,RoadwayIdentifier,ParkingLotIndicator,IntersectionWith_Indicator_,IntersectionWith_NameRoadway_,IntersectionWith_Direction_,IntersectionWith_RoadwaySuffix_,BetweenStreets_Indicator_,BetweenStreets1_NameRoadway_,BetweenStreet1_Direction_,BetweenStreets1_RoadwaySuffix_,BetweenStreets2_NameRoadway_,BetweenStreets2_Direction_,BetweenStreets2_RoadwaySuffix_,Milepoint,ReportMilepointDeriveNumber,CurrentDerivedMiepointNumber,MilestoMilepoint,FeettoMilepoint,DirectionfromMilepoint_NSEW_,ValidMilepointIndicator,NumberInjured,NumberKilled,ofUnits,ofMotorVehicleUnits,Hit&RunIndicator,OneWayIndicator,SpeedLimitNumber,KilometersIndicator,CountyCode,CityCountyCode,MilesFromCity,DirectionFromCity_NSEW_,InCityLimitsIndicator,Latitude,LatitudeDegrees,LatitudeMinutes,LatitudeSeconds,Longitude,LongitudeDegrees,LongitudeMinutes,LongitudeSeconds,RampIndicator,RampFromIdentifier,RampFromDirCode,RampFromCoupletID,RSEUniqueGISRampFrom,RampToidentifier,RampToDirCode,RampToCoupletID,RSEUniqueGisRampTo,MannerofCollisionCode,LocationFirstEventCode,TotalLanes,RoadwayCharacterCode,RoadwaySurfaceCode,RoadwayConditionCode,WeatherCode,LightConditionCode,LandUseCode,SchoolBusRelatedCode,FirstAidSceneIndicator,CollDescPresentInd,InvestigationCompleteIndicator,PhotosTakenIndicator,TimeNotified,TimeArrived,TimeRoadwayOpened,PropertyDamageIndicator,DiagramPresentIndicator,DirectionalAnalysis,FunctionClassCode,NationalHwySysCode,EnforcementsIndicator,KARSCityCode,SecondaryCollisionIndicator,MedianCrossoverIndicator,RT_UNIQUE,MapIt,TimeLastLeft,YR,KABCO,MFNY,WorkingRID,RT_CONFIDENCE,KTC_RT,KTC_MP,Motorcyclist,CommercialVehicle,YoungDriver,MatureDriver,pedestrian,Bicyclist,Distracted,agressive,Impaired,Unrestrained,Intersection,RoadwayDeparture,MedXover
72351812,KSP0900,19-16958,20190511,540,,,KY194,,,KY0194,KY0194,,,,N,N,NULL,NULL,NULL,N,NULL,NULL,NULL,NULL,NULL,NULL,57.014,NULL,NULL,NULL,NULL,,NULL,0,0,2,2,N,N,55,NULL,98,9804,NULL,,Y,37.53144,37,31.887,NULL,-82.16231,82,9.739,NULL,N,NULL,NULL,NULL,NULL,NULL,NULL,NULL,NULL,7,3,2,3,1,5,6,6,7,3,N,NULL,Y,N,542,640,715,N,NULL,54,7,0,N,,N,N,,NULL,NULL,2019,O,7.23518E+11,098-KY-0194  -000,MEDIUM,098-KY-0194  -000,57.014,0,0,0,0,0,0,0,1,0,0,0,1,0
72350567,KSP0900,19-15651,20190502,1644,,,BOWLING,,FRK,,,0,098 CR-1206Q3,CR1206Q3,N,N,NULL,NULL,NULL,N,NULL,NULL,NULL,NULL,NULL,NULL,0.74,NULL,NULL,NULL,NULL,,NULL,0,0,2,2,Y,N,25,NULL,98,9802,NULL,,Y,37.30078,37,18.047,NULL,-82.48658,82,29.195,NULL,N,NULL,NULL,NULL,NULL,NULL,NULL,NULL,NULL,7,3,1,1,1,1,3,2,7,3,N,NULL,Y,Y,1710,1730,,N,NULL,54,,,N,,N,N,098-CR-1206Q3-0,NULL,NULL,2019,O,7.23506E+11,098-CR-1206Q3-000,HIGH,098-CR-1206Q3-000,0.74,0,0,0,0,0,0,0,0,0,0,0,1,0
72339358,KSP0900,19-11852,20190407,1721,,,KY194,,,KY0194,KY0194,0,098 KY-194,KY0194,N,N,NULL,NULL,NULL,N,NULL,NULL,NULL,NULL,NULL,NULL,53.123,NULL,NULL,NULL,NULL,,NULL,1,0,1,1,N,N,35,NULL,98,9811,NULL,,Y,37.49553,37,29.731,NULL,-82.13647,82,8.188,NULL,N,NULL,NULL,NULL,NULL,NULL,NULL,NULL,NULL,9,4,2,1,1,5,3,2,7,3,Y,NULL,Y,Y,1721,1825,2100,N,NULL,44,8,0,N,,N,Y,098-KY-0194-0,NULL,NULL,2019,B,7.23394E+11,098-KY-0194  -000,HIGH,098-KY-0194  -000,53.123,0,0,1,0,0,0,0,0,0,0,0,1,0
72345045,KSP0900,19-14730,20190426,1437,,,US460,,,US0460,US0460,0,098 US-460,US0460,N,N,NULL,NULL,NULL,N,NULL,NULL,NULL,NULL,NULL,NULL,4.998,NULL,NULL,NULL,NULL,,NULL,1,0,2,2,N,N,55,NULL,98,9801,NULL,,Y,37.41114,37,24.668,NULL,-82.44952,82,26.971,NULL,N,NULL,NULL,NULL,NULL,NULL,NULL,NULL,NULL,1,3,2,6,1,5,6,2,7,3,N,NULL,Y,N,1437,1448,1449,N,NULL,55,,1,N,,N,N,098-US-0460-0,NULL,NULL,2019,C,7.2345E+11,098-US-0460  -000,HIGH,098-US-0460  -000,4.998,0,0,0,0,0,0,1,0,0,0,0,0,0
72339535,KSP0900,19-10973,20190402,1500,,,US119,,,US0119,US0119,0,098 US-119,US0119,N,N,NULL,NULL,NULL,N,NULL,NULL,NULL,NULL,NULL,NULL,23.596,NULL,NULL,NULL,NULL,,NULL,0,0,2,2,N,N,55,NULL,98,9834,NULL,,Y,37.65009,37,39.005,NULL,-82.26771,82,16.063,NULL,N,NULL,NULL,NULL,NULL,NULL,NULL,NULL,NULL,1,3,4,6,1,1,2,2,7,3,N,NULL,Y,N,1500,1505,1520,N,NULL,55,2,1,N,,N,N,098-US-0119-0,NULL,NULL,2019,O,7.23395E+11,098-US-0119  -000,HIGH,098-US-0119  -000,23.596,0,0,0,1,0,0,1,0,0,0,0,0,0
72343862,KSP0900,19-14120,20190422,1706,,,KY292,,,KY0292,KY0292,0,098 KY-292,KY0292,N,N,NULL,NULL,NULL,N,NULL,NULL,NULL,NULL,NULL,NULL,1.008,NULL,NULL,NULL,NULL,,NULL,1,0,1,1,N,N,45,NULL,98,9869,NULL,,Y,37.63992,37,38.395,NULL,-82.21799,82,13.079,NULL,N,NULL,NULL,NULL,NULL,NULL,NULL,NULL,NULL,9,3,2,1,1,1,2,2,7,3,Y,NULL,Y,Y,1706,1824,2100,N,NULL,40,8,0,N,,N,N,098-KY-0292-0,NULL,NULL,2019,C,7.23439E+11,098-KY-0292  -000,HIGH,098-KY-0292  -000,1.008,0,1,0,1,0,0,0,0,0,0,0,1,0
72343889,KSP0900,19-11205,20190403,1950,,,BARRENSHEE,,CRK,,,,,,N,N,NULL,NULL,NULL,N,NULL,NULL,NULL,NULL,NULL,NULL,0.791,NULL,NULL,NULL,NULL,,NULL,0,0,2,2,N,N,35,NULL,98,9811,NULL,,Y,37.54329,37,32.597,NULL,-82.13615,82,8.169,NULL,N,NULL,NULL,NULL,NULL,NULL,NULL,NULL,NULL,3,3,1,3,1,1,2,6,7,3,N,NULL,Y,N,2000,2045,2130,N,NULL,52,,,Y,,N,N,,NULL,NULL,2019,O,7.23439E+11,098-CR-1847  -000,MEDIUM,098-CR-1847  -000,0.791,0,0,0,0,0,0,0,0,1,0,0,1,0
72334335,KSP0900,19-10881,20190401,2208,,,UPPER BLACKBERRY,,RD,,,0,098 CR-1804,CR1804,N,N,NULL,NULL,NULL,N,NULL,NULL,NULL,NULL,NULL,NULL,0.804,NULL,NULL,NULL,NULL,,NULL,0,0,1,1,N,N,25,NULL,98,9879,NULL,,Y,37.5423,37,32.538,NULL,-82.21996,82,13.197,NULL,N,NULL,NULL,NULL,NULL,NULL,NULL,NULL,NULL,9,3,2,3,1,1,2,6,7,3,N,NULL,Y,N,2208,2221,2208,N,NULL,44,,,N,,N,N,098-CR-1804-0,NULL,NULL,2019,O,7.23343E+11,098-CR-1804  -000,HIGH,098-CR-1804  -000,0.804,0,0,0,0,0,0,0,0,0,0,0,1,0
72338537,980500,2019AR027,20190412,1800,,,US23,,,US0023,US0023,0,098 US-23-10,US0023,N,Y,MAYO,N,TRL,N,NULL,NULL,NULL,NULL,NULL,NULL,29.352,NULL,NULL,NULL,NULL,,NULL,0,0,2,2,N,N,45,NULL,98,9807,NULL,,Y,37.5283,37,31.698,NULL,-82.57513,82,34.508,NULL,N,NULL,NULL,NULL,NULL,NULL,NULL,NULL,NULL,5,3,6,6,1,5,3,2,7,3,N,NULL,Y,N,1800,1802,1820,N,NULL,14,,1,N,,N,N,098-US-0023-10,NULL,NULL,2019,O,7.23385E+11,098-US-0023  -010,HIGH,098-US-0023  -000,29.352,0,0,0,0,0,0,1,0,0,0,1,0,0
72334529,KSP0900,19-10506,20190330,1400,,3917,CEDAR HILLS,,RD,KY1426,KY1426,0,098 KY-1426,KY1426,N,N,NULL,NULL,NULL,N,NULL,NULL,NULL,NULL,NULL,NULL,2.356,NULL,NULL,NULL,NULL,,NULL,0,0,2,2,N,N,5,NULL,98,9801,NULL,,Y,37.45874,37,27.524,NULL,-82.55421,82,33.253,NULL,N,NULL,NULL,NULL,NULL,NULL,NULL,NULL,NULL,7,97,2,6,1,1,2,2,7,3,N,NULL,Y,N,1400,1430,,N,NULL,54,8,0,N,,N,N,098-KY-1426-0,NULL,NULL,2019,O,7.23345E+11,098-KY-1426  -000,HIGH,098-KY-1426  -000,2.356,0,0,0,0,0,0,1,0,0,0,0,1,0
72332377,980100,2.019E+11,20190327,1710,,,HAMBLEY,,BLVD,,,,,,N,N,NULL,NULL,NULL,N,NULL,NULL,NULL,NULL,NULL,NULL,0.328,NULL,NULL,NULL,NULL,,NULL,0,0,2,2,N,N,25,NULL,98,9801,NULL,,Y,37.47647,37,28.589,NULL,-82.52234,82,31.34,NULL,N,NULL,NULL,NULL,NULL,NULL,NULL,NULL,NULL,5,3,2,4,1,1,2,2,1,3,N,NULL,Y,N,1710,1716,1718,N,NULL,70,,,N,,N,N,,NULL,NULL,2019,O,7.23324E+11,098-CS-1222  -000,HIGH,098-CS-1222  -000,0.328,0,0,0,0,0,0,0,1,0,0,0,0,0
72337875,KSP0900,19-12118,20190409,1420,,,MILLARD,,HWY,US0460,US0460,0,098 US-460,US0460,N,N,NULL,NULL,NULL,N,NULL,NULL,NULL,NULL,NULL,NULL,8.114,NULL,NULL,NULL,NULL,,NULL,0,0,2,2,N,N,45,NULL,98,9832,NULL,,Y,37.37691,37,22.614,NULL,-82.43296,82,25.978,NULL,N,NULL,NULL,NULL,NULL,NULL,NULL,NULL,NULL,5,3,2,3,1,1,2,2,7,3,N,NULL,Y,N,1420,1536,1536,N,NULL,49,,1,N,,N,N,098-US-0460-0,NULL,NULL,2019,O,7.23379E+11,098-US-0460  -000,HIGH,098-US-0460  -000,8.114,0,0,1,0,0,0,0,0,0,0,0,0,0
72340132,980500,2019AR026,20190405,1427,,,MAYO,N,TRL,US0023,US0023,0,098 US-23,US0023,N,N,NULL,NULL,NULL,N,NULL,NULL,NULL,NULL,NULL,NULL,28.055,NULL,NULL,NULL,NULL,,NULL,0,0,2,2,N,N,45,NULL,98,9807,NULL,,Y,37.5153,37,30.918,NULL,-82.55923,82,33.554,NULL,N,NULL,NULL,NULL,NULL,NULL,NULL,NULL,NULL,5,3,6,6,1,1,2,2,7,3,N,NULL,Y,Y,1427,1430,1430,N,NULL,49,,1,N,,N,N,098-US-0023-0,NULL,NULL,2019,O,7.23401E+11,098-US-0023  -000,HIGH,098-US-0023  -000,28.055,0,0,0,1,0,0,1,0,0,0,0,0,0
72333101,KSP0900,19-10408,20190329,1841,,,US460,,,US0460,US0460,0,098 US-460,US0460,N,N,NULL,NULL,NULL,N,NULL,NULL,NULL,NULL,NULL,NULL,2.768,NULL,NULL,NULL,NULL,,NULL,0,0,1,1,N,N,55,NULL,98,9801,3,E,N,37.43065,37,25.839,NULL,-82.47951,82,28.77,NULL,N,NULL,NULL,NULL,NULL,NULL,NULL,NULL,NULL,9,3,2,6,1,1,2,2,7,3,N,NULL,Y,Y,1845,1849,1849,N,NULL,44,,1,N,,N,N,098-US-0460-0,NULL,NULL,2019,O,7.23331E+11,098-US-0460  -000,HIGH,098-US-0460  -000,2.768,0,0,0,0,0,0,1,0,0,0,0,1,0
72871393,980100,2.023E+11,20230303,1917,,,CASSIDY,,BLVD,,,0,098 CS-1191,CS1191,N,N,NULL,NULL,NULL,N,NULL,NULL,NULL,NULL,NULL,NULL,0.287,NULL,NULL,NULL,NULL,,NULL,1,0,2,2,N,N,35,NULL,98,9801,NULL,,Y,37.50495,37,30.297,NULL,-82.53657,82,32.194,NULL,N,NULL,NULL,NULL,NULL,NULL,NULL,NULL,NULL,4,3,2,3,1,5,3,5,1,3,Y,NULL,Y,Y,1917,1923,1955,N,NULL,70,,,Y,,N,N,098-CS-1191-0,NULL,NULL,2023,B,7.28714E+11,098-CS-1191  -000,HIGH,098-CS-1191  -000,0.277,1,0,0,0,0,0,1,1,0,0,0,0,0
72345499,KSP0900,19-13816,20190420,1355,,,US23,,,US0023,US0023,0,098 US-23-10,US0023,N,N,NULL,NULL,NULL,N,NULL,NULL,NULL,NULL,NULL,NULL,29.15,NULL,NULL,NULL,NULL,,NULL,2,0,2,2,N,N,45,NULL,98,9807,NULL,,Y,37.52563,37,31.538,NULL,-82.57355,82,34.413,NULL,N,NULL,NULL,NULL,NULL,NULL,NULL,NULL,NULL,1,3,6,6,1,5,6,2,7,3,N,NULL,Y,N,1355,1402,,N,NULL,55,,1,N,,N,N,098-US-0023-10,NULL,NULL,2019,B,7.23455E+11,098-US-0023  -010,HIGH,098-US-0023  -000,29.15,0,0,0,0,0,0,0,1,0,0,0,0,0
72344408,980100,2.019E+11,20190419,1644,,,CASSIDY,,BLVD,,,,,,N,N,NULL,NULL,NULL,N,NULL,NULL,NULL,NULL,NULL,NULL,0.301,NULL,NULL,NULL,NULL,,NULL,1,0,2,2,N,N,35,NULL,98,9801,NULL,,Y,37.5051,37,30.306,NULL,-82.53684,82,32.211,NULL,N,NULL,NULL,NULL,NULL,NULL,NULL,NULL,NULL,1,3,5,3,1,5,6,2,1,3,Y,NULL,Y,Y,1645,1649,,N,NULL,55,,,Y,,N,N,,NULL,NULL,2019,C,7.23444E+11,098-CS-1191  -000,HIGH,098-CS-1191  -000,0.301,0,0,0,0,0,0,1,1,0,1,0,0,0
72337949,KSP0900,2019-12001,20190408,2202,,,UPPER JOHNS,,CRK,KY0632,KY0632,0,098 KY-632,KY0632,N,N,NULL,NULL,NULL,N,NULL,NULL,NULL,NULL,NULL,NULL,5.976,NULL,NULL,NULL,NULL,,NULL,0,0,1,1,N,N,55,NULL,98,9817,5,E,N,37.49599,37,29.759,NULL,-82.26273,82,15.763,NULL,N,NULL,NULL,NULL,NULL,NULL,NULL,NULL,NULL,9,3,2,3,1,5,6,6,7,3,N,NULL,Y,N,2202,2238,2238,N,NULL,40,6,0,N,,N,N,098-KY-0632-0,NULL,NULL,2019,O,7.23379E+11,098-KY-0632  -000,HIGH,098-KY-0632  -000,5.976,0,0,0,0,0,0,0,0,0,0,0,1,0
72334767,980100,2.019E+11,20190403,733,,,BAIRD,,AVE,KY1426,KY1426,0,098 KY-1426,KY1426,N,N,NULL,NULL,NULL,N,NULL,NULL,NULL,NULL,NULL,NULL,5.393,NULL,NULL,NULL,NULL,,NULL,0,0,2,2,N,N,55,NULL,98,9801,NULL,,Y,37.4733,37,28.398,NULL,-82.52711,82,31.626,NULL,N,NULL,NULL,NULL,NULL,NULL,NULL,NULL,NULL,1,3,2,6,1,1,2,2,1,3,N,NULL,Y,N,733,751,751,N,NULL,55,,0,N,,N,N,098-KY-1426-0,NULL,NULL,2019,O,7.23348E+11,098-KY-1426  -000,HIGH,098-KY-1426  -000,5.393,0,0,0,0,0,0,1,0,0,0,0,0,0
72333869,980100,2.019E+11,20190329,1409,,,CASSIDY,,BLVD,,,0,098 CS-1191,CS1191,Y,N,NULL,NULL,NULL,N,NULL,NULL,NULL,NULL,NULL,NULL,0.315,NULL,NULL,NULL,NULL,,NULL,0,0,2,2,N,N,15,NULL,98,9801,NULL,,Y,37.5065,37,30.39,NULL,-82.5381,82,32.286,NULL,N,NULL,NULL,NULL,NULL,NULL,NULL,NULL,NULL,1,97,2,6,1,1,2,2,1,3,N,NULL,N,N,1409,1421,,N,NULL,90,,,N,,N,N,098-CS-1191-0,NULL,NULL,2019,O,7.23339E+11,098-CS-1191  -000,HIGH,098-CS-1191  -000,0.315,0,0,0,0,0,0,1,0,0,0,0,0,0
72336294,980100,2.019E+11,20190404,1652,,,MELVINA,,DR,,,,,,N,N,NULL,NULL,NULL,N,NULL,NULL,NULL,NULL,NULL,NULL,0.048,NULL,NULL,NULL,NULL,,NULL,0,0,2,2,N,N,10,NULL,98,9801,NULL,,Y,37.47795,37,28.677,NULL,-82.50321,82,30.193,NULL,N,NULL,NULL,NULL,NULL,NULL,NULL,NULL,NULL,3,97,1,4,3,1,2,2,6,3,N,NULL,Y,N,1652,1659,1659,N,NULL,47,,,N,,N,N,,NULL,NULL,2019,O,7.23363E+11,098-CS-1232  -000,HIGH,098-CS-1232  -000,0.048,0,0,0,0,0,0,0,0,0,0,0,0,0
72350524,KSP0900,19-15545,20190501,2226,,1167,GREASY,,CRK,KY3226,KY3226,0,098 KY-3226,KY3226,N,N,NULL,NULL,NULL,N,NULL,NULL,NULL,NULL,NULL,NULL,2.25,NULL,NULL,NULL,NULL,,NULL,1,0,2,2,N,N,55,NULL,98,9801,NULL,,Y,37.40713,37,24.428,NULL,-82.46593,82,27.956,NULL,N,NULL,NULL,NULL,NULL,NULL,NULL,NULL,NULL,1,3,2,6,1,1,2,6,7,3,N,NULL,Y,Y,2226,2244,,Y,NULL,47,8,0,N,,Y,N,098-KY-3226-0,NULL,NULL,2019,C,7.23505E+11,098-KY-3226  -000,HIGH,098-KY-3226  -000,2.25,0,0,0,0,0,0,0,0,0,0,0,1,0
72340915,980500,2019AR029,20190418,1102,,4515,US23,,,US0023,US0023,0,098 US-23,US0023,Y,N,NULL,NULL,NULL,N,NULL,NULL,NULL,NULL,NULL,NULL,29.378,NULL,NULL,NULL,NULL,,NULL,0,0,2,2,Y,N,15,NULL,98,9807,NULL,,Y,37.52742,37,31.645,NULL,-82.57535,82,34.521,NULL,N,NULL,NULL,NULL,NULL,NULL,NULL,NULL,NULL,8,7,2,6,1,1,2,2,1,3,N,NULL,Y,Y,1102,1104,1140,N,NULL,90,,1,N,,N,N,098-US-0023-0,NULL,NULL,2019,NULL,7.23409E+11,098-US-0023  -000,HIGH,098-US-0023  -000,29.378,0,0,0,0,0,0,0,0,0,0,0,0,0
72370540,KSP0900,19-20121,20190601,1322,,,US23,,,US0023,US0023,0,098 US-23,US0023,N,N,NULL,NULL,NULL,N,NULL,NULL,NULL,NULL,NULL,NULL,16.667,NULL,NULL,NULL,NULL,,NULL,2,1,2,2,N,N,55,NULL,98,9801,NULL,,Y,37.41722,37,25.033,NULL,-82.5264,82,31.584,NULL,N,NULL,NULL,NULL,NULL,NULL,NULL,NULL,NULL,1,3,4,2,1,1,2,2,7,3,Y,NULL,Y,Y,1323,1329,1449,N,NULL,55,,1,N,,N,N,098-US-0023-0,NULL,NULL,2019,K,7.23705E+11,098-US-0023  -000,HIGH,098-US-0023  -000,16.667,0,0,0,1,0,0,1,0,0,0,0,0,0
72334158,980100,2.019E+11,20190401,1635,,,CASSIDY,,BLVD,,,,,,N,N,NULL,NULL,NULL,N,NULL,NULL,NULL,NULL,NULL,NULL,0.343,NULL,NULL,NULL,NULL,,NULL,0,0,2,2,N,N,55,NULL,98,9801,NULL,,Y,37.50521,37,30.313,NULL,-82.53774,82,32.264,NULL,N,NULL,NULL,NULL,NULL,NULL,NULL,NULL,NULL,5,3,4,6,1,1,2,2,1,3,N,NULL,N,N,1635,1641,1709,N,NULL,70,,,Y,,N,N,,NULL,NULL,2019,O,7.23342E+11,098-CS-1191  -000,HIGH,098-CS-1191  -000,0.343,0,0,0,0,0,0,0,0,1,0,0,0,0
72334352,980100,2.019E+11,20190402,1235,,,MAYO,N,TRL,US0023,US0023,0,098 US-23-10,US0023,N,N,NULL,NULL,NULL,N,NULL,NULL,NULL,NULL,NULL,NULL,26.313,NULL,NULL,NULL,NULL,,NULL,0,0,2,2,N,N,55,NULL,98,9801,NULL,,Y,37.50408,37,30.245,NULL,-82.5324,82,31.944,NULL,N,NULL,NULL,NULL,NULL,NULL,NULL,NULL,NULL,5,3,4,6,1,1,3,2,7,3,N,NULL,Y,N,1235,1235,1239,N,NULL,70,,1,N,,N,N,098-US-0023-10,NULL,NULL,2019,O,7.23344E+11,098-US-0023  -010,HIGH,098-US-0023  -000,26.313,0,0,0,0,0,0,1,0,0,0,0,0,0
72340682,980100,2.019E+11,20190412,1229,,,US23,,,US0023,US0023,,,,N,N,NULL,NULL,NULL,N,NULL,NULL,NULL,NULL,NULL,NULL,26.235,NULL,NULL,NULL,NULL,,NULL,0,0,2,2,N,N,55,NULL,98,9801,NULL,,Y,37.50298,37,30.179,NULL,-82.53232,82,31.939,NULL,N,NULL,NULL,NULL,NULL,NULL,NULL,NULL,NULL,5,3,4,6,1,5,6,2,7,3,N,NULL,Y,N,1229,1234,1318,N,NULL,49,,1,Y,,N,N,,NULL,NULL,2019,O,7.23407E+11,098-US-0023  -010,MEDIUM,098-US-0023  -000,26.235,0,0,0,0,0,0,1,0,0,0,0,0,0
72334784,KSP0900,19-10841,20190401,1715,,,KY611,,,KY0611,KY0611,0,098 KY-611,KY0611,N,N,NULL,NULL,NULL,N,NULL,NULL,NULL,NULL,NULL,NULL,3.034,NULL,NULL,NULL,NULL,,NULL,0,0,2,2,N,N,35,NULL,98,9827,NULL,,Y,37.31657,37,18.994,NULL,-82.501,82,30.06,NULL,N,NULL,NULL,NULL,NULL,NULL,NULL,NULL,NULL,7,3,1,1,1,1,2,2,7,3,N,NULL,Y,N,1822,1951,,N,NULL,54,8,0,N,,N,N,098-KY-0611-0,NULL,NULL,2019,O,7.23348E+11,098-KY-0611  -000,HIGH,098-KY-0611  -000,3.034,0,0,0,0,0,0,0,0,0,0,0,1,0
72336759,980100,2.019E+11,20190406,2142,,,CYPRESS,,ALY,,,0,098 CS-1014,CS1014,Y,N,NULL,NULL,NULL,N,NULL,NULL,NULL,NULL,NULL,NULL,0.032,NULL,NULL,NULL,NULL,,NULL,0,0,2,2,N,N,NULL,NULL,98,9801,NULL,,Y,37.45257,37,27.154,NULL,-82.52346,82,31.407,NULL,N,NULL,NULL,NULL,NULL,NULL,NULL,NULL,NULL,2,97,1,6,1,1,2,5,1,3,N,NULL,Y,N,2142,2156,2156,N,NULL,90,,,N,,N,N,098-CS-1014-0,NULL,NULL,2019,O,7.23368E+11,098-CS-1014  -000,HIGH,098-CS-1014  -000,0.032,0,0,0,0,0,0,0,0,0,0,0,1,0
72342429,KSP0900,19-13801,20190420,1219,,,US119,,,US0119,US0119,,,,N,N,NULL,NULL,NULL,N,NULL,NULL,NULL,NULL,NULL,NULL,24.038,NULL,NULL,NULL,NULL,,NULL,0,0,2,2,N,N,40,NULL,98,9834,NULL,,Y,37.65627,37,39.376,NULL,-82.27034,82,16.22,NULL,N,NULL,NULL,NULL,NULL,NULL,NULL,NULL,NULL,5,3,4,6,1,1,3,2,7,3,N,NULL,N,N,1308,1324,1350,N,NULL,49,2,1,N,,N,N,,NULL,NULL,2019,O,7.23424E+11,098-US-0119  -000,MEDIUM,098-US-0119  -000,24.038,0,0,0,0,0,0,1,0,0,0,0,0,0
72349699,KSP0900,19-16170,20190505,2031,,,CHURCH,,ST,,,0,098 CS-3002,CS3002,N,N,NULL,NULL,NULL,N,NULL,NULL,NULL,NULL,NULL,NULL,0.073,NULL,NULL,NULL,NULL,,NULL,0,0,2,2,N,N,35,NULL,98,9807,NULL,,Y,37.51644,37,30.986,NULL,-82.56482,82,33.889,NULL,N,NULL,NULL,NULL,NULL,NULL,NULL,NULL,NULL,8,3,1,6,1,5,3,2,6,1,N,NULL,N,N,1950,2016,2148,Y,NULL,53,,,Y,,N,N,098-CS-3002-0,NULL,NULL,2019,O,7.23497E+11,098-CS-3002  -000,HIGH,098-CS-3002  -000,0.073,0,0,0,0,0,0,0,0,0,0,0,1,0
72340551,980100,2.019E+11,20190417,1542,,,US23,,,US0023,US0023,,,,N,Y,CASSIDY,,BLVD,N,NULL,NULL,NULL,NULL,NULL,NULL,26.318,NULL,NULL,NULL,NULL,,NULL,0,0,2,2,N,N,55,NULL,98,9801,NULL,,Y,37.50415,37,30.249,NULL,-82.53242,82,31.945,NULL,N,NULL,NULL,NULL,NULL,NULL,NULL,NULL,NULL,5,3,4,6,1,1,2,2,1,3,N,NULL,Y,N,1542,1547,,N,NULL,35,,1,N,,N,N,,NULL,NULL,2019,O,7.23406E+11,098-US-0023  -010,MEDIUM,098-US-0023  -000,26.318,0,0,0,0,0,0,1,0,0,0,1,0,0
72355629,980200,980200,20190425,1000,,,KY80,,,KY0080,KY0080,0,098 KY-80,KY0080,N,Y,CENTER CREEK,,RD,N,NULL,NULL,NULL,NULL,NULL,NULL,6.691,NULL,NULL,NULL,NULL,,NULL,0,0,2,2,N,N,55,NULL,98,9802,2,E,N,37.30181,37,18.109,NULL,-82.31113,82,18.667,NULL,N,NULL,NULL,NULL,NULL,NULL,NULL,NULL,NULL,4,3,2,1,1,1,3,2,7,3,N,NULL,N,Y,1001,1006,1100,N,NULL,16,7,0,N,,N,N,098-KY-0080-0,NULL,NULL,2019,O,7.23556E+11,098-KY-0080  -000,HIGH,098-KY-0080  -000,6.691,0,0,0,0,0,0,1,0,0,0,1,0,0
72343309,KSP0900,19-13120,20190416,705,,,TOLER,,RD,KY0319,KY0319,0,098 KY-319,KY0319,N,N,NULL,NULL,NULL,N,NULL,NULL,NULL,NULL,NULL,NULL,4.456,NULL,NULL,NULL,NULL,,NULL,0,0,1,1,N,N,35,NULL,98,9842,NULL,,Y,37.6143,37,36.858,NULL,-82.23841,82,14.305,NULL,N,NULL,NULL,NULL,NULL,NULL,NULL,NULL,NULL,9,3,2,3,1,1,3,2,7,3,N,NULL,Y,N,708,725,708,N,NULL,38,7,0,N,,N,N,098-KY-0319-0,NULL,NULL,2019,O,7.23433E+11,098-KY-0319  -000,HIGH,098-KY-0319  -000,4.456,0,0,0,0,0,0,0,0,0,0,0,0,0
72349536,KSP0900,19-15421,20190501,830,,,US119,,,US0119,US0119,0,098 US-119-10,US0119,N,N,NULL,NULL,NULL,N,NULL,NULL,NULL,NULL,NULL,NULL,3.094,NULL,NULL,NULL,NULL,,NULL,3,0,2,2,N,N,55,NULL,98,9801,NULL,,Y,37.51407,37,30.844,NULL,-82.47987,82,28.792,NULL,N,NULL,NULL,NULL,NULL,NULL,NULL,NULL,NULL,5,3,2,4,1,1,2,2,7,3,Y,NULL,Y,Y,830,900,930,N,NULL,49,2,1,N,,N,N,098-US-0119-10,NULL,NULL,2019,B,7.23495E+11,098-US-0119  -010,HIGH,098-US-0119  -000,3.094,0,0,0,1,0,0,1,1,0,0,0,0,0
72337261,KSP0900,2019-11646,20190406,1128,,,US119,,,US0119,US0119,0,098 US-119,US0119,N,N,NULL,NULL,NULL,N,NULL,NULL,NULL,NULL,NULL,NULL,20.795,NULL,NULL,NULL,NULL,,NULL,1,0,1,1,N,N,35,NULL,98,9836,NULL,,Y,37.61885,37,37.131,NULL,-82.26882,82,16.129,NULL,N,NULL,NULL,NULL,NULL,NULL,NULL,NULL,NULL,9,5,2,3,1,1,2,2,7,3,Y,NULL,N,N,1128,1137,1137,N,NULL,40,2,1,N,,N,N,098-US-0119-0,NULL,NULL,2019,B,7.23373E+11,098-US-0119  -000,HIGH,098-US-0119  -000,20.795,1,0,0,1,0,0,0,0,0,0,0,1,0