MasterFile,AgencyORINumber,LocalCode,CollisionDate,CollisionTime,CollisionDayWeekCode,RoadwayName_HouseBusinessNumber_,RoadwayName_RoadwayName_,RoadwayName_Direction_,RoadwayName_RoadwaySuffix_,RoadwayfromReport,CurrentRoadwayNumber,RoadwayNumberCoupletID,RSEUniqueGIS,RoadwayIdentifier,ParkingLotIndicator,IntersectionWith_Indicator_,IntersectionWith_NameRoadway_,IntersectionWith_Direction_,IntersectionWith_RoadwaySuffix_,BetweenStreets_Indicator_,BetweenStreets1_NameRoadway_,BetweenStreet1_Direction_,BetweenStreets1_RoadwaySuffix_,BetweenStreets2_NameRoadway_,BetweenStreets2_Direction_,BetweenStreets2_RoadwaySuffix_,Milepoint,ReportMilepointDeriveNumber,CurrentDerivedMiepointNumber,MilestoMilepoint,FeettoMilepoint,DirectionfromMilepoint_NSEW_,ValidMilepointIndicator,NumberInjured,NumberKilled,ofUnits,ofMotorVehicleUnits,Hit&RunIndicator,OneWayIndicator,SpeedLimitNumber,KilometersIndicator,CountyCode,CityCountyCode,MilesFromCity,DirectionFromCity_NSEW_,InCityLimitsIndicator,Latitude,LatitudeDegrees,LatitudeMinutes,LatitudeSeconds,Longitude,LongitudeDegrees,LongitudeMinutes,LongitudeSeconds,RampIndicator,RampFromIdentifier,RampFromDirCode,RampFromCoupletID,RSEUniqueGISRampFrom,RampToidentifier,RampToDirCode,RampToCoupletID,RSEUniqueGisRampTo,MannerofCollisionCode,LocationFirstEventCode,TotalLanes,RoadwayCharacterCode,RoadwaySurfaceCode,RoadwayConditionCode,WeatherCode,LightConditionCode,LandUseCode,SchoolBusRelatedCode,FirstAidSceneIndicator,CollDescPresentInd,InvestigationCompleteIndicator,PhotosTakenIndicator,TimeNotified,TimeArrived,TimeRoadwayOpened,PropertyDamageIndicator,DiagramPresentIndicator,DirectionalAnalysis,FunctionClassCode,NationalHwySysCode,EnforcementsIndicator,KARSCityCode,SecondaryCollisionIndicator,MedianCrossoverIndicator,RT_UNIQUE,MapIt,TimeLastLeft,YR,KABCO,MFNY,WorkingRID,RT_CONFIDENCE,KTC_RT,KTC_MP,Motorcyclist,CommercialVehicle,YoungDriver,MatureDriver,pedestrian,Bicyclist,Distracted,agressive,Impaired,Unrestrained,Intersection,RoadwayDeparture,MedXover
72334082,KSP0900,19-10681,20190331,1733,,,TOLER,,RD,KY0319,KY0319,,,,N,N,NULL,NULL,NULL,N,NULL,NULL,NULL,NULL,NULL,NULL,4.819,NULL,NULL,NULL,NULL,,NULL,1,0,2,2,N,N,35,NULL,98,9842,NULL,,Y,37.61691,37,37.014,NULL,-82.24242,82,14.545,NULL,N,NULL,NULL,NULL,NULL,NULL,NULL,NULL,NULL,4,3,2,6,1,1,2,2,7,3,N,NULL,Y,Y,1734,1739,1739,N,NULL,70,7,0,N,,N,N,,NULL,NULL,2019,C,7.23341E+11,098-KY-0319  -000,HIGH,098-KY-0319  -000,4.819,0,0,1,1,0,0,1,0,0,0,0,0,0
72349214,980500,2019AR036,20190506,1604,,4065,N MAYO TRAIL,,,,,,,,Y,N,NULL,NULL,NULL,N,NULL,NULL,NULL,NULL,NULL,NULL,NULL,NULL,NULL,NULL,NULL,NULL,NULL,0,0,2,2,N,N,15,NULL,98,9807,NULL,,Y,37.52165,37,31.299,NULL,-82.57133,82,34.28,NULL,N,NULL,NULL,NULL,NULL,NULL,NULL,NULL,NULL,2,97,2,6,1,1,2,2,1,3,N,NULL,Y,N,1604,1608,1645,N,NULL,90,,,N,,N,N,,NULL,NULL,2019,O,7.23492E+11,098-US-0023  -010,MEDIUM,098-US-0023  -000,28.867,0,0,0,1,0,0,1,0,0,0,0,0,0
72339373,KSP0900,2019-12438,20190411,1201,,,TOLER,,RD,KY0319,KY0319,0,098 KY-319,KY0319,N,N,NULL,NULL,NULL,N,NULL,NULL,NULL,NULL,NULL,NULL,5.953,NULL,NULL,NULL,NULL,,NULL,0,0,1,1,N,N,45,NULL,98,9842,NULL,,Y,37.63196,37,37.918,NULL,-82.24946,82,14.968,NULL,N,NULL,NULL,NULL,NULL,NULL,NULL,NULL,NULL,9,3,2,2,1,1,2,2,7,3,N,NULL,Y,N,1201,1259,1259,N,NULL,44,7,0,N,,N,N,098-KY-0319-0,NULL,NULL,2019,O,7.23394E+11,098-KY-0319  -000,HIGH,098-KY-0319  -000,5.953,0,0,0,0,0,0,0,0,0,0,0,1,0
72343633,KSP0900,2019-12599,20190412,1223,,23178,US119,,,US0119,US0119,0,098 US-119,US0119,N,N,NULL,NULL,NULL,N,NULL,NULL,NULL,NULL,NULL,NULL,24.53,NULL,NULL,NULL,NULL,,NULL,0,0,2,2,N,N,5,NULL,98,9834,NULL,,Y,37.66246,37,39.748,NULL,-82.27343,82,16.406,NULL,N,NULL,NULL,NULL,NULL,NULL,NULL,NULL,NULL,2,97,4,6,1,5,6,2,1,3,N,NULL,N,Y,1233,1253,1253,N,NULL,56,2,1,N,,N,N,098-US-0119-0,NULL,NULL,2019,O,7.23436E+11,098-US-0119  -000,HIGH,098-US-0119  -000,24.53,0,0,0,1,0,0,1,0,0,0,0,0,0
72348712,KSP0900,19-16069,20190505,719,,,FERRELLS CREEK,,RD,US0460,US0460,0,098 US-460,US0460,N,N,NULL,NULL,NULL,N,NULL,NULL,NULL,NULL,NULL,NULL,19.388,NULL,NULL,NULL,NULL,,NULL,0,0,1,1,N,N,55,NULL,98,9801,NULL,,Y,37.36778,37,22.067,NULL,-82.29946,82,17.968,NULL,N,NULL,NULL,NULL,NULL,NULL,NULL,NULL,NULL,9,4,2,2,1,5,6,2,7,3,N,NULL,Y,N,719,825,719,N,NULL,44,,1,N,,N,N,098-US-0460-0,NULL,NULL,2019,O,7.23487E+11,098-US-0460  -000,HIGH,098-US-0460  -000,19.388,0,0,0,0,0,0,0,1,0,0,0,1,0
72345361,KSP0900,19-14160,20190422,2247,,,KY 3174,,,,,,,,N,N,NULL,NULL,NULL,N,NULL,NULL,NULL,NULL,NULL,NULL,NULL,NULL,NULL,NULL,NULL,NULL,NULL,0,0,1,1,N,N,55,NULL,98,9801,4,E,N,37.36177,37,21.706,NULL,-82.45963,82,27.577,NULL,N,NULL,NULL,NULL,NULL,NULL,NULL,NULL,NULL,9,5,4,6,1,1,2,4,1,3,N,NULL,Y,N,2247,2307,,N,NULL,51,,,N,,N,N,,NULL,NULL,2019,O,7.23454E+11,098-KY-3174  -010,MEDIUM,098-KY-3174  -000,5.029,0,0,0,0,0,0,0,0,0,0,0,1,0
72349191,KSP0900,19-16289,20190506,1510,,,FERRELLS CREEK,,RD,US0460,US0460,0,098 US-460,US0460,N,N,NULL,NULL,NULL,N,NULL,NULL,NULL,NULL,NULL,NULL,15.022,NULL,NULL,NULL,NULL,,NULL,0,0,2,2,N,N,55,NULL,98,9801,NULL,,Y,37.34599,37,20.759,NULL,-82.36412,82,21.847,NULL,N,NULL,NULL,NULL,NULL,NULL,NULL,NULL,NULL,5,3,2,6,1,1,2,2,7,3,N,NULL,Y,N,1530,1548,1510,N,NULL,49,,1,N,,N,N,098-US-0460-0,NULL,NULL,2019,O,7.23492E+11,098-US-0460  -000,HIGH,098-US-0460  -000,15.022,0,0,1,0,0,0,0,0,0,0,0,0,0
72344346,KSP0900,19-13802,20190420,1226,,,US23,,,US0023,US0023,0,098 US-23,US0023,N,N,NULL,NULL,NULL,N,NULL,NULL,NULL,NULL,NULL,NULL,29.475,NULL,NULL,NULL,NULL,,NULL,0,0,2,2,N,N,45,NULL,98,9807,NULL,,Y,37.52971,37,31.783,NULL,-82.57605,82,34.563,NULL,N,NULL,NULL,NULL,NULL,NULL,NULL,NULL,NULL,1,3,6,6,1,5,3,2,7,3,N,NULL,Y,N,1338,1350,,N,NULL,55,,1,N,,N,N,098-US-0023-0,NULL,NULL,2019,O,7.23443E+11,098-US-0023  -000,HIGH,098-US-0023  -000,29.475,0,0,0,0,0,0,0,1,0,0,0,0,0
72353245,KSP0900,19-00017416,20190514,1542,,,MALL,,RD,,,0,098 CR-1037,CR1037,Y,N,NULL,NULL,NULL,N,NULL,NULL,NULL,NULL,NULL,NULL,0.392,NULL,NULL,NULL,NULL,,NULL,0,0,2,2,N,N,NULL,NULL,98,9834,NULL,,Y,37.65613,37,39.368,NULL,-82.27146,82,16.288,NULL,N,NULL,NULL,NULL,NULL,NULL,NULL,NULL,NULL,5,97,1,6,1,1,2,2,1,3,N,NULL,Y,N,1658,1705,1705,N,NULL,90,,,N,,N,N,098-CR-1037-0,NULL,NULL,2019,O,7.23532E+11,098-CR-1037  -000,HIGH,098-CR-1037  -000,0.392,0,0,0,0,0,0,1,0,0,0,0,0,0
72353855,980100,2.019E+11,20190514,1806,,254,CASSIDY,,BLVD,,,,,,Y,N,NULL,NULL,NULL,N,NULL,NULL,NULL,NULL,NULL,NULL,0.33,NULL,NULL,NULL,NULL,,NULL,0,0,2,2,N,N,15,NULL,98,9801,NULL,,Y,37.50549,37,30.329,NULL,-82.53761,82,32.257,NULL,N,NULL,NULL,NULL,NULL,NULL,NULL,NULL,NULL,2,97,NULL,6,1,1,2,2,1,3,N,NULL,Y,N,1806,1818,,N,NULL,90,,,N,,N,N,,NULL,NULL,2019,O,7.23539E+11,098-CS-1191  -000,HIGH,098-CS-1191  -000,0.33,0,0,0,0,0,0,1,0,0,0,0,0,0
72353360,KSP0900,19-17486,20190515,43,,,KY80,,,KY0080,KY0080,0,098 KY-80,KY0080,N,N,NULL,NULL,NULL,N,NULL,NULL,NULL,NULL,NULL,NULL,1.257,NULL,NULL,NULL,NULL,,NULL,1,0,1,1,N,N,45,NULL,98,9802,NULL,,Y,37.32539,37,19.523,NULL,-82.36705,82,22.023,NULL,N,NULL,NULL,NULL,NULL,NULL,NULL,NULL,NULL,9,3,2,6,1,1,2,6,7,3,N,NULL,Y,N,46,152,,N,NULL,40,7,5,Y,,N,N,098-KY-0080-0,NULL,NULL,2019,B,7.23534E+11,098-KY-0080  -000,HIGH,098-KY-0080  -000,1.257,0,0,0,0,0,0,0,0,1,1,0,1,0
72370839,980100,2.019E+11,20190611,1742,,,RIVER,,DR,,,0,098 CS-1054,CS1054,Y,N,NULL,NULL,NULL,N,NULL,NULL,NULL,NULL,NULL,NULL,0.159,NULL,NULL,NULL,NULL,,NULL,0,0,2,2,N,N,15,NULL,98,9801,NULL,,Y,37.47371,37,28.422,NULL,-82.5239,82,31.434,NULL,N,NULL,NULL,NULL,NULL,NULL,NULL,NULL,NULL,2,97,1,6,1,1,2,2,1,3,N,NULL,Y,N,1742,1749,,N,NULL,90,,,N,,N,N,098-CS-1054-0,NULL,NULL,2019,O,7.23708E+11,098-CS-1054  -000,HIGH,098-CS-1054  -000,0.159,0,0,0,0,0,0,1,0,0,0,0,0,0
72350399,KSP0900,19-15949,20190504,1520,,,FERRELLS CREEK,,RD,US0460,US0460,0,098 US-460,US0460,N,N,NULL,NULL,NULL,N,NULL,NULL,NULL,NULL,NULL,NULL,22.824,NULL,NULL,NULL,NULL,,NULL,0,0,1,1,N,N,55,NULL,98,9839,NULL,,Y,37.37807,37,22.684,NULL,-82.25403,82,15.242,NULL,N,NULL,NULL,NULL,NULL,NULL,NULL,NULL,NULL,9,5,2,6,1,5,6,2,7,3,N,NULL,Y,N,1520,1537,1537,N,NULL,44,,1,Y,,N,N,098-US-0460-0,NULL,NULL,2019,O,7.23504E+11,098-US-0460  -000,HIGH,098-US-0460  -000,22.824,0,0,0,0,0,0,0,0,0,0,0,1,0
72348643,980100,2.019E+11,20190501,1155,,,CASSIDY,,BLVD,,,,,,Y,N,NULL,NULL,NULL,N,NULL,NULL,NULL,NULL,NULL,NULL,0.354,NULL,NULL,NULL,NULL,,NULL,0,0,2,2,N,N,NULL,NULL,98,9801,NULL,,Y,37.50508,37,30.305,NULL,-82.53789,82,32.273,NULL,N,NULL,NULL,NULL,NULL,NULL,NULL,NULL,NULL,1,97,NULL,6,1,1,2,2,1,3,N,NULL,Y,N,1156,1205,1217,N,NULL,90,,,N,,N,N,,NULL,NULL,2019,O,7.23486E+11,098-CS-1191  -000,HIGH,098-CS-1191  -000,0.354,0,0,0,1,0,0,0,0,0,0,0,0,0
72350472,KSP0900,19-16692,20190509,800,,,TACKETT,,BR,,,0,098 CR-1728,CR1728,N,N,NULL,NULL,NULL,N,NULL,NULL,NULL,NULL,NULL,NULL,0.517,NULL,NULL,NULL,NULL,,NULL,0,0,2,2,N,N,35,NULL,98,9827,5,W,N,37.3786,37,22.716,NULL,-82.64858,82,38.915,NULL,N,NULL,NULL,NULL,NULL,NULL,NULL,NULL,NULL,1,3,1,1,1,1,2,2,7,3,N,NULL,Y,N,800,845,,N,NULL,55,,,Y,,N,N,098-CR-1728-0,NULL,NULL,2019,O,7.23505E+11,098-CR-1728  -000,HIGH,098-CR-1728  -000,0.517,0,0,0,0,0,0,0,0,0,0,0,0,0
72352123,980100,2.019E+11,20190511,1150,,,HAMBLEY,,BLVD,,,,,,Y,N,NULL,NULL,NULL,N,NULL,NULL,NULL,NULL,NULL,NULL,0.535,NULL,NULL,NULL,NULL,,NULL,0,0,2,2,N,N,5,NULL,98,9801,NULL,,Y,37.47885,37,28.731,NULL,-82.52003,82,31.202,NULL,N,NULL,NULL,NULL,NULL,NULL,NULL,NULL,NULL,2,97,NULL,6,2,1,2,2,1,3,N,NULL,Y,N,1150,1154,1154,N,NULL,90,,,N,,N,N,,NULL,NULL,2019,O,7.23521E+11,098-CS-1222  -000,HIGH,098-CS-1222  -000,0.535,0,0,0,0,0,0,0,0,0,0,0,0,0
72344345,KSP0900,19-13671,20190419,1144,,,GREASY,,CRK,KY3226,KY3226,0,098 KY-3226,KY3226,N,N,NULL,NULL,NULL,N,NULL,NULL,NULL,NULL,NULL,NULL,0.374,NULL,NULL,NULL,NULL,,NULL,0,0,1,1,N,N,55,NULL,98,9824,NULL,,Y,37.38401,37,23.041,NULL,-82.4735,82,28.41,NULL,N,NULL,NULL,NULL,NULL,NULL,NULL,NULL,NULL,9,3,1,6,1,5,6,2,7,3,N,NULL,Y,N,1144,1213,,N,NULL,44,8,0,N,,N,N,098-KY-3226-0,NULL,NULL,2019,O,7.23443E+11,098-KY-3226  -000,HIGH,098-KY-3226  -000,0.374,0,0,0,0,0,0,0,0,0,0,0,1,0
72349342,980100,2.019E+11,20190430,839,,,CHLOE,,RD,KY1460,KY1460,,,,Y,N,NULL,NULL,NULL,N,NULL,NULL,NULL,NULL,NULL,NULL,3.817,NULL,NULL,NULL,NULL,,NULL,0,0,2,2,Y,N,35,NULL,98,9801,NULL,,Y,37.47721,37,28.632,NULL,-82.49356,82,29.614,NULL,N,NULL,NULL,NULL,NULL,NULL,NULL,NULL,NULL,7,3,2,3,1,1,2,2,7,3,N,NULL,Y,N,839,841,841,N,NULL,90,,0,N,,N,N,,NULL,NULL,2019,O,7.23493E+11,098-KY-1460  -000,HIGH,098-KY-1460  -000,3.817,0,0,0,0,0,0,1,0,0,0,0,0,0
72305644,KSP0900,19-281,20190103,1315,,,KY632,,,KY0632,KY0632,0,098 KY-632,KY0632,Y,N,NULL,NULL,NULL,N,NULL,NULL,NULL,NULL,NULL,NULL,12.469,NULL,NULL,NULL,NULL,,NULL,0,0,2,2,N,N,10,NULL,98,9804,NULL,,Y,37.50051,37,30.031,NULL,-82.16738,82,10.043,NULL,N,NULL,NULL,NULL,NULL,NULL,NULL,NULL,NULL,2,97,2,6,1,1,2,2,1,3,N,NULL,Y,N,1315,1325,1325,N,NULL,90,6,0,N,,N,N,098-KY-0632-0,NULL,NULL,2019,O,7.23056E+11,098-KY-0632  -000,HIGH,098-KY-0632  -000,12.469,0,0,0,1,0,0,0,0,0,0,0,0,0
72343632,KSP0900,2019-12433,20190411,1142,,,KY194,,,KY0194,KY0194,0,098 KY-194,KY0194,N,N,NULL,NULL,NULL,N,NULL,NULL,NULL,NULL,NULL,NULL,55.239,NULL,NULL,NULL,NULL,,NULL,0,0,2,2,N,N,35,NULL,98,9804,NULL,,Y,37.51454,37,30.872,NULL,-82.15228,82,9.137,NULL,N,NULL,NULL,NULL,NULL,NULL,NULL,NULL,NULL,2,97,2,6,1,1,2,2,1,3,N,NULL,N,Y,1142,1300,1300,N,NULL,47,8,0,N,,N,N,098-KY-0194-0,NULL,NULL,2019,O,7.23436E+11,098-KY-0194  -000,HIGH,098-KY-0194  -000,55.239,0,0,0,1,0,0,0,0,0,0,0,0,0
72353030,KSP0900,19-17370,20190514,1300,,,SUKEY,,FRK,,,0,098 CR-1030,CR1030,N,N,NULL,NULL,NULL,N,NULL,NULL,NULL,NULL,NULL,NULL,0.084,NULL,NULL,NULL,NULL,,NULL,0,0,2,2,N,N,35,NULL,98,9826,NULL,,Y,37.63516,37,38.11,NULL,-82.32831,82,19.699,NULL,N,NULL,NULL,NULL,NULL,NULL,NULL,NULL,NULL,3,3,1,4,1,1,2,2,7,3,N,NULL,Y,N,1300,1340,1420,N,NULL,47,,,N,,N,N,098-CR-1030-0,NULL,NULL,2019,O,7.2353E+11,098-CR-1030  -000,HIGH,098-CR-1030  -000,0.084,0,0,0,1,0,0,0,0,0,0,0,0,0
72342430,KSP0900,19-13817,20190420,1355,,,KY1426,,,KY1426,KY1426,,,,N,N,NULL,NULL,NULL,N,NULL,NULL,NULL,NULL,NULL,NULL,11.126,NULL,NULL,NULL,NULL,,NULL,1,0,2,2,N,N,55,NULL,98,9828,NULL,,Y,37.5255,37,31.53,NULL,-82.47172,82,28.303,NULL,N,NULL,NULL,NULL,NULL,NULL,NULL,NULL,NULL,1,3,2,6,1,1,3,2,7,3,Y,NULL,Y,Y,1355,1416,1520,N,NULL,55,7,0,Y,,N,N,,NULL,NULL,2019,B,7.23424E+11,098-KY-1426  -000,HIGH,098-KY-1426  -000,11.126,0,0,1,0,0,0,0,1,0,0,0,0,0
72342428,KSP0900,19-13681,20190419,1422,,8718,DESKINS,,RD,,,,,,N,N,NULL,NULL,NULL,N,NULL,NULL,NULL,NULL,NULL,NULL,0.008,NULL,NULL,NULL,NULL,,NULL,0,0,1,1,N,N,35,NULL,98,9820,NULL,,Y,37.56507,37,33.904,NULL,-82.44709,82,26.826,NULL,N,NULL,NULL,NULL,NULL,NULL,NULL,NULL,NULL,9,97,1,6,1,5,6,2,6,3,N,NULL,Y,N,1601,1642,1642,Y,NULL,40,,,N,,N,N,,NULL,NULL,2019,O,7.23424E+11,098-CR-1460  -000,HIGH,098-CR-1460  -000,0.008,0,0,0,0,0,0,0,0,0,0,0,1,0
72352711,KSP0900,19-17358,20190514,720,,,VIRGIE,,RD,KY0610,KY0610,0,098 KY-610,KY0610,N,N,NULL,NULL,NULL,N,NULL,NULL,NULL,NULL,NULL,NULL,3.298,NULL,NULL,NULL,NULL,,NULL,0,0,2,2,N,N,55,NULL,98,9827,23,SE,N,37.30623,37,18.374,NULL,-82.60951,82,36.571,NULL,N,NULL,NULL,NULL,NULL,NULL,NULL,NULL,NULL,7,3,2,2,1,1,2,2,7,3,N,NULL,Y,Y,755,802,842,N,NULL,54,7,0,N,,N,N,098-KY-0610-0,NULL,NULL,2019,O,7.23527E+11,098-KY-0610  -000,HIGH,098-KY-0610  -000,3.298,0,1,0,0,0,0,1,0,0,0,0,1,0
72348496,980100,2.019E+11,20190504,2049,,,KY1426,,,KY1426,KY1426,,,,N,N,NULL,NULL,NULL,N,NULL,NULL,NULL,NULL,NULL,NULL,5.339,NULL,NULL,NULL,NULL,,NULL,1,0,2,2,N,N,35,NULL,98,9801,NULL,,Y,37.47396,37,28.438,NULL,-82.52721,82,31.633,NULL,N,NULL,NULL,NULL,NULL,NULL,NULL,NULL,NULL,4,3,2,6,1,6,6,5,1,3,N,NULL,Y,Y,2049,2051,,N,NULL,70,,0,N,,N,N,,NULL,NULL,2019,C,7.23485E+11,098-KY-1426  -000,MEDIUM,098-KY-1426  -000,5.339,0,0,1,1,0,0,1,1,0,0,0,0,0
72343773,980500,2019AR030,20190422,2200,,38,MULLINS SCHOOL STREET,,,,,,,,Y,N,NULL,NULL,NULL,N,NULL,NULL,NULL,NULL,NULL,NULL,NULL,NULL,NULL,NULL,NULL,NULL,NULL,0,0,2,2,N,N,15,NULL,98,9801,1,N,N,37.53787,37,32.272,NULL,-82.58205,82,34.923,NULL,N,NULL,NULL,NULL,NULL,NULL,NULL,NULL,NULL,2,97,2,6,1,1,2,6,6,3,N,NULL,Y,Y,2200,2200,2200,N,NULL,90,,,N,,N,N,,NULL,NULL,2019,O,7.23438E+11,098-CR-1426N -000,MEDIUM,098-CR-1426N -000,0.073,0,0,0,0,0,0,0,0,0,0,0,0,0
72341558,980100,2.019E+11,20190419,1512,,,,,,US0023,US0023,,,,N,N,NULL,NULL,NULL,N,NULL,NULL,NULL,NULL,NULL,NULL,0.028,NULL,NULL,NULL,NULL,NULL,NULL,0,0,2,2,N,N,45,NULL,98,9801,NULL,,Y,37.48416,37,29.05,NULL,-82.54238,82,32.543,NULL,Y,KY1460,W,NULL,098 US-23-321,US0023,N,NULL,098 US-23-321,5,3,4,1,1,5,6,2,1,3,N,NULL,Y,N,1512,1514,1518,N,NULL,85,,1,N,,N,N,,NULL,NULL,2019,O,7.23416E+11,098-US-0023  -321,HIGH,098-US-0023  -321,0.028,0,0,1,0,0,0,0,0,0,0,0,0,0
72352555,980100,2.019E+11,20190501,1321,,,HAMBLEY,,BLVD,,,0,098 CS-1222,CS1222,Y,N,NULL,NULL,NULL,N,NULL,NULL,NULL,NULL,NULL,NULL,0.287,NULL,NULL,NULL,NULL,,NULL,0,0,2,2,N,N,15,NULL,98,9801,NULL,,Y,37.47601,37,28.56,NULL,-82.52278,82,31.367,NULL,N,NULL,NULL,NULL,NULL,NULL,NULL,NULL,NULL,8,97,NULL,6,1,1,2,2,1,3,N,NULL,Y,N,1322,1327,,N,NULL,90,,,N,,N,N,098-CS-1222-0,NULL,NULL,2019,O,7.23526E+11,098-CS-1222  -000,HIGH,098-CS-1222  -000,0.287,0,0,1,0,0,0,0,0,0,0,0,0,0
72348976,980100,2.019E+11,20190503,905,,,KY3496,,,KY3496,KY3496,0,098 KY-3496,KY3496,Y,N,NULL,NULL,NULL,N,NULL,NULL,NULL,NULL,NULL,NULL,0.479,NULL,NULL,NULL,NULL,,NULL,0,0,2,2,N,N,15,NULL,98,9801,NULL,,Y,37.4698,37,28.188,NULL,-82.53411,82,32.046,NULL,N,NULL,NULL,NULL,NULL,NULL,NULL,NULL,NULL,2,97,2,6,1,1,2,2,1,3,N,NULL,Y,N,905,906,,N,NULL,90,16,0,N,,N,N,098-KY-3496-0,NULL,NULL,2019,O,7.2349E+11,098-KY-3496  -000,HIGH,098-KY-3496  -000,0.479,0,0,0,0,0,0,1,0,0,0,0,0,0
72344646,KSP0900,19-14582,20190425,1519,,,US460,,,US0460,US0460,0,098 US-460,US0460,N,N,NULL,NULL,NULL,N,NULL,NULL,NULL,NULL,NULL,NULL,9.875,NULL,NULL,NULL,NULL,,NULL,2,0,2,2,N,N,55,NULL,98,9805,NULL,,Y,37.36386,37,21.832,NULL,-82.40718,82,24.431,NULL,N,NULL,NULL,NULL,NULL,NULL,NULL,NULL,NULL,5,3,2,6,1,1,3,2,7,3,Y,NULL,N,Y,1520,1526,,N,NULL,49,,1,Y,,N,N,098-US-0460-0,NULL,NULL,2019,C,7.23446E+11,098-US-0460  -000,HIGH,098-US-0460  -000,9.875,0,0,0,1,0,0,1,0,1,0,0,0,0
72354951,980100,2.019E+11,20190519,1827,,,CASSIDY,,BLVD,,,,,,Y,N,NULL,NULL,NULL,N,NULL,NULL,NULL,NULL,NULL,NULL,0.279,NULL,NULL,NULL,NULL,,NULL,0,0,2,2,N,N,NULL,NULL,98,9801,NULL,,Y,37.5048,37,30.288,NULL,-82.53642,82,32.185,NULL,N,NULL,NULL,NULL,NULL,NULL,NULL,NULL,NULL,8,97,0,6,1,1,2,2,1,3,N,NULL,Y,N,1827,1834,1834,N,NULL,90,,,N,,N,N,,NULL,NULL,2019,O,7.2355E+11,098-CS-1191  -000,MEDIUM,098-CS-1191  -000,0.279,0,0,0,0,0,0,0,0,0,1,0,0,0
72347962,980500,2019AR035,20190501,1819,,,MULLINS SCHOOL STREET,,,,,,,,N,N,NULL,NULL,NULL,N,NULL,NULL,NULL,NULL,NULL,NULL,NULL,NULL,NULL,NULL,NULL,NULL,NULL,0,0,1,1,N,N,15,NULL,98,9807,0.1,N,N,37.53828,37,32.297,NULL,-82.58092,82,34.855,NULL,N,NULL,NULL,NULL,NULL,NULL,NULL,NULL,NULL,9,5,2,3,1,1,2,2,1,3,N,NULL,Y,Y,1819,1819,1859,N,NULL,44,,,N,,N,N,,NULL,NULL,2019,O,7.2348E+11,098-CR-1426N -000,MEDIUM,098-CR-1426N -000,0.004,0,0,1,0,0,0,0,0,0,0,0,1,0
72351696,980100,2.019E+11,20190511,1225,,254,CASSIDY,,BLVD,,,0,098 CS-1191,CS1191,N,N,NULL,NULL,NULL,N,NULL,NULL,NULL,NULL,NULL,NULL,0.296,NULL,NULL,NULL,NULL,,NULL,0,0,2,2,N,N,25,NULL,98,9801,NULL,,Y,37.50499,37,30.299,NULL,-82.53673,82,32.204,NULL,N,NULL,NULL,NULL,NULL,NULL,NULL,NULL,NULL,1,3,4,6,1,1,3,2,1,3,N,NULL,Y,N,1225,1234,1234,N,NULL,55,,,N,,N,N,098-CS-1191-0,NULL,NULL,2019,O,7.23517E+11,098-CS-1191  -000,HIGH,098-CS-1191  -000,0.296,0,0,0,1,0,0,0,1,0,0,0,0,0
72345707,KSP0900,19-14310,20190423,2136,,,WOLFPIT BRANCH,,RD,,,0,098 CR-1232,CR1232,N,N,NULL,NULL,NULL,N,NULL,NULL,NULL,NULL,NULL,NULL,1.453,NULL,NULL,NULL,NULL,,NULL,2,0,1,1,N,N,25,NULL,98,9801,4,E,N,37.35691,37,21.415,NULL,-82.44678,82,26.807,NULL,N,NULL,NULL,NULL,NULL,NULL,NULL,NULL,NULL,9,3,2,3,1,1,2,4,6,3,N,NULL,Y,Y,2137,2155,,N,NULL,44,,,N,,N,N,098-CR-1232-0,NULL,NULL,2019,C,7.23457E+11,098-CR-1232  -000,HIGH,098-CR-1232  -000,1.453,0,0,0,0,0,0,0,0,0,0,0,1,0
72353244,KSP0900,19-00017471,20190514,2205,,,BENT,,BR,,,0,098 CR-1424Q4,CR1424Q4,N,N,NULL,NULL,NULL,N,NULL,NULL,NULL,NULL,NULL,NULL,NULL,NULL,NULL,NULL,NULL,,NULL,0,0,2,2,N,N,55,NULL,98,9820,NULL,,Y,37.72365,37,43.419,NULL,-82.37598,82,22.559,NULL,N,NULL,NULL,NULL,NULL,NULL,NULL,NULL,NULL,7,3,2,6,1,1,2,6,7,3,N,NULL,N,N,2247,2334,2334,N,NULL,54,,,N,,N,Y,098-CR-1424Q4-0,NULL,NULL,2019,O,7.23532E+11,098-CR-1424Q4-000,HIGH,098-CR-1424Q4-000,1.382,0,0,0,1,0,0,0,0,0,0,0,1,1
72348549,980100,2.019E+11,20190504,2051,,,HAMBLEY,,BLVD,,,0,098 CS-1222,CS1222,N,N,NULL,NULL,NULL,N,NULL,NULL,NULL,NULL,NULL,NULL,0.849,NULL,NULL,NULL,NULL,,NULL,0,0,2,2,Y,N,35,NULL,98,9801,NULL,,Y,37.48307,37,28.984,NULL,-82.51961,82,31.177,NULL,N,NULL,NULL,NULL,NULL,NULL,NULL,NULL,NULL,8,3,2,6,1,5,6,5,7,3,N,NULL,Y,N,2051,2105,2105,N,NULL,53,,,N,,N,N,098-CS-1222-0,NULL,NULL,2019,O,7.23485E+11,098-CS-1222  -000,HIGH,098-CS-1222  -000,0.849,0,0,0,0,0,0,0,0,0,0,0,1,0