MasterFile,AgencyORINumber,LocalCode,CollisionDate,CollisionTime,CollisionDayWeekCode,RoadwayName_HouseBusinessNumber_,RoadwayName_RoadwayName_,RoadwayName_Direction_,RoadwayName_RoadwaySuffix_,RoadwayfromReport,CurrentRoadwayNumber,RoadwayNumberCoupletID,RSEUniqueGIS,RoadwayIdentifier,ParkingLotIndicator,IntersectionWith_Indicator_,IntersectionWith_NameRoadway_,IntersectionWith_Direction_,IntersectionWith_RoadwaySuffix_,BetweenStreets_Indicator_,BetweenStreets1_NameRoadway_,BetweenStreet1_Direction_,BetweenStreets1_RoadwaySuffix_,BetweenStreets2_NameRoadway_,BetweenStreets2_Direction_,BetweenStreets2_RoadwaySuffix_,Milepoint,ReportMilepointDeriveNumber,CurrentDerivedMiepointNumber,MilestoMilepoint,FeettoMilepoint,DirectionfromMilepoint_NSEW_,ValidMilepointIndicator,NumberInjured,NumberKilled,ofUnits,ofMotorVehicleUnits,Hit&RunIndicator,OneWayIndicator,SpeedLimitNumber,KilometersIndicator,CountyCode,CityCountyCode,MilesFromCity,DirectionFromCity_NSEW_,InCityLimitsIndicator,Latitude,LatitudeDegrees,LatitudeMinutes,LatitudeSeconds,Longitude,LongitudeDegrees,LongitudeMinutes,LongitudeSeconds,RampIndicator,RampFromIdentifier,RampFromDirCode,RampFromCoupletID,RSEUniqueGISRampFrom,RampToidentifier,RampToDirCode,RampToCoupletID,RSEUniqueGisRampTo,MannerofCollisionCode,LocationFirstEventCode,TotalLanes,RoadwayCharacterCode,RoadwaySurfaceCode,RoadwayConditionCode,WeatherCode,LightConditionCode,LandUseCode,SchoolBusRelatedCode,FirstAidSceneIndicator,CollDescPresentInd,InvestigationCompleteIndicator,PhotosTakenIndicator,TimeNotified,TimeArrived,TimeRoadwayOpened,PropertyDamageIndicator,DiagramPresentIndicator,DirectionalAnalysis,FunctionClassCode,NationalHwySysCode,EnforcementsIndicator,KARSCityCode,SecondaryCollisionIndicator,MedianCrossoverIndicator,RT_UNIQUE,MapIt,TimeLastLeft,YR,KABCO,MFNY,WorkingRID,RT_CONFIDENCE,KTC_RT,KTC_MP,Motorcyclist,CommercialVehicle,YoungDriver,MatureDriver,pedestrian,Bicyclist,Distracted,agressive,Impaired,Unrestrained,Intersection,RoadwayDeparture,MedXover
72316818,KSP0900,19-04711,20190212,1603,,,US119,,,US0119,US0119,,,,Y,N,NULL,NULL,NULL,N,NULL,NULL,NULL,NULL,NULL,NULL,24.16,NULL,NULL,NULL,NULL,,NULL,0,0,2,2,N,N,15,NULL,98,9834,NULL,,Y,37.65809,37,39.485,NULL,-82.27049,82,16.23,NULL,N,NULL,NULL,NULL,NULL,NULL,NULL,NULL,NULL,2,97,NULL,6,1,5,6,2,8,3,N,NULL,N,N,1603,1611,1611,N,NULL,90,2,1,N,,N,N,,NULL,NULL,2019,O,7.23168E+11,098-US-0119  -000,MEDIUM,098-US-0119  -000,24.16,0,0,0,0,0,0,1,0,0,0,0,0,0
72310110,980100,2.019E+11,20190130,2220,,,US23,,,US0023,US0023,,,,N,N,NULL,NULL,NULL,N,NULL,NULL,NULL,NULL,NULL,NULL,27.369,NULL,NULL,NULL,NULL,,NULL,0,0,2,2,N,N,55,NULL,98,9801,NULL,,Y,37.51078,37,30.647,NULL,-82.54865,82,32.919,NULL,N,NULL,NULL,NULL,NULL,NULL,NULL,NULL,NULL,1,3,4,6,1,1,2,6,7,3,N,NULL,Y,N,2220,2228,2308,N,NULL,55,,1,N,,N,N,,NULL,NULL,2019,O,7.23101E+11,098-US-0023  -010,MEDIUM,098-US-0023  -000,27.369,0,0,1,0,0,0,1,1,0,0,0,0,0
72353756,980100,2.019E+11,20190515,1701,,,US23,,,US0023,US0023,0,098 US-23-10,US0023,N,N,NULL,NULL,NULL,N,NULL,NULL,NULL,NULL,NULL,NULL,18.783,NULL,NULL,NULL,NULL,,NULL,0,0,2,2,Y,N,55,NULL,98,9801,NULL,,Y,37.43883,37,26.33,NULL,-82.50914,82,30.548,NULL,N,NULL,NULL,NULL,NULL,NULL,NULL,NULL,NULL,1,3,4,6,1,1,2,2,7,3,N,NULL,Y,N,1701,1716,1717,N,NULL,55,,1,Y,,N,N,098-US-0023-10,NULL,NULL,2019,O,7.23538E+11,098-US-0023  -010,HIGH,098-US-0023  -000,18.783,0,0,0,1,0,0,0,0,0,0,0,0,0
72355444,KSP0900,19-18-053,20190518,2241,,,KY195,,,KY0195,KY0195,0,098 KY-195,KY0195,N,N,NULL,NULL,NULL,N,NULL,NULL,NULL,NULL,NULL,NULL,10.794,NULL,NULL,NULL,NULL,,NULL,0,0,2,2,N,N,55,NULL,98,9830,1,N,N,37.35876,37,21.526,NULL,-82.4176,82,25.056,NULL,N,NULL,NULL,NULL,NULL,NULL,NULL,NULL,NULL,7,3,2,3,1,1,2,6,7,3,N,NULL,Y,Y,2241,2341,34,N,NULL,54,7,0,Y,,N,N,098-KY-0195-0,NULL,NULL,2019,O,7.23554E+11,098-KY-0195  -000,HIGH,098-KY-0195  -000,10.794,0,0,0,0,0,0,1,0,0,0,0,1,0
72348214,980100,2.019E+11,20190503,1723,,,THOMPSON,,RD,,,,,,N,N,NULL,NULL,NULL,N,NULL,NULL,NULL,NULL,NULL,NULL,0.276,NULL,NULL,NULL,NULL,,NULL,0,0,2,2,N,N,35,NULL,98,9801,NULL,,Y,37.50723,37,30.434,NULL,-82.54755,82,32.853,NULL,N,NULL,NULL,NULL,NULL,NULL,NULL,NULL,NULL,5,3,2,6,1,1,3,2,1,3,N,NULL,Y,N,1723,1732,,N,NULL,70,,,N,,N,N,,NULL,NULL,2019,O,7.23482E+11,098-CS-1215  -000,HIGH,098-CS-1215  -000,0.276,0,0,0,0,0,0,1,0,0,0,0,0,0
72352634,370200,2019-16826,20190510,753,,,KY194,,,KY0194,KY0194,0,098 KY-194,KY0194,N,N,NULL,NULL,NULL,N,NULL,NULL,NULL,NULL,NULL,NULL,38.041,NULL,NULL,NULL,NULL,,NULL,0,0,1,1,N,N,55,NULL,98,9874,5,E,N,37.44675,37,26.805,NULL,-82.26822,82,16.093,NULL,N,NULL,NULL,NULL,NULL,NULL,NULL,NULL,NULL,9,5,2,1,1,1,3,2,7,3,N,NULL,Y,N,800,858,,N,NULL,40,7,0,N,,N,N,098-KY-0194-0,NULL,NULL,2019,O,7.23526E+11,098-KY-0194  -000,HIGH,098-KY-0194  -000,38.041,0,1,0,0,0,0,0,0,0,0,0,1,0
72375765,980500,2019AR050,20190703,2236,,3705,MAYO TRAIL,N,ST,,,0,098 CS-3000,CS3000,Y,N,NULL,NULL,NULL,N,NULL,NULL,NULL,NULL,NULL,NULL,NULL,NULL,NULL,NULL,NULL,NULL,NULL,0,0,2,2,Y,N,15,NULL,98,9807,NULL,,Y,37.51844,37,31.107,NULL,-82.56601,82,33.96,NULL,N,NULL,NULL,NULL,NULL,NULL,NULL,NULL,NULL,2,7,NULL,6,1,1,2,5,1,3,N,NULL,Y,N,2240,2241,,N,NULL,90,,,N,,N,N,098-CS-3000-0,NULL,NULL,2019,NULL,7.23758E+11,098-CS-3000  -000,HIGH,098-CS-3000  -000,0.425,0,0,0,0,0,0,0,0,0,0,0,0,0
72335389,980100,2.019E+11,20190404,1554,,,CHLOE,,RD,KY1460,KY1460,0,098 KY-1460,KY1460,N,N,NULL,NULL,NULL,N,NULL,NULL,NULL,NULL,NULL,NULL,0.244,NULL,NULL,NULL,NULL,,NULL,0,0,2,2,Y,N,45,NULL,98,9801,0.5,E,N,37.43472,37,26.083,NULL,-82.47992,82,28.795,NULL,N,NULL,NULL,NULL,NULL,NULL,NULL,NULL,NULL,8,3,2,6,1,1,2,2,7,3,N,NULL,N,N,1554,1554,,N,NULL,53,,0,N,,N,N,098-KY-1460-0,NULL,NULL,2019,O,7.23354E+11,098-KY-1460  -000,HIGH,098-KY-1460  -000,0.244,0,0,0,0,0,0,0,1,0,0,0,1,0
72350102,KSP0900,19-16028,20190504,2318,,,US23,,,US0023,US0023,0,098 US-23-10,US0023,N,N,NULL,NULL,NULL,N,NULL,NULL,NULL,NULL,NULL,NULL,31.741,NULL,NULL,NULL,NULL,,NULL,0,0,1,1,N,N,55,NULL,98,9801,NULL,,Y,37.53716,37,32.23,NULL,-82.60412,82,36.247,NULL,N,NULL,NULL,NULL,NULL,NULL,NULL,NULL,NULL,9,5,4,6,1,5,6,4,1,3,N,NULL,Y,N,2318,2318,,Y,NULL,44,,1,N,,N,N,098-US-0023-10,NULL,NULL,2019,O,7.23501E+11,098-US-0023  -010,HIGH,098-US-0023  -000,31.741,0,0,0,0,0,0,0,0,0,0,0,1,0
72378938,980100,2.019E+11,20190712,1436,,,US23,,,US0023,US0023,0,098 US-23,US0023,N,N,NULL,NULL,NULL,N,NULL,NULL,NULL,NULL,NULL,NULL,17.095,NULL,NULL,NULL,NULL,,NULL,1,0,1,1,N,N,55,NULL,98,9801,0.5,S,N,37.41681,37,25.008,NULL,-82.51883,82,31.13,NULL,N,NULL,NULL,NULL,NULL,NULL,NULL,NULL,NULL,9,5,4,4,1,1,2,2,7,3,N,NULL,Y,N,1436,1447,1447,N,NULL,51,,1,N,,N,N,098-US-0023-0,NULL,NULL,2019,C,7.23789E+11,098-US-0023  -000,HIGH,098-US-0023  -000,17.095,1,0,0,1,0,0,1,0,0,0,0,1,0
72383489,KSP0900,19-26833,20190715,25,,,KY122,,,KY0122,KY0122,0,098 KY-122,KY0122,N,N,NULL,NULL,NULL,N,NULL,NULL,NULL,NULL,NULL,NULL,0.439,NULL,NULL,NULL,NULL,,NULL,1,0,1,1,N,N,55,NULL,98,9827,NULL,,Y,37.3511,37,21.066,NULL,-82.64938,82,38.963,NULL,N,NULL,NULL,NULL,NULL,NULL,NULL,NULL,NULL,9,4,2,1,1,1,2,4,6,3,N,NULL,Y,Y,27,44,,N,NULL,44,,0,N,,N,N,098-KY-0122-0,NULL,NULL,2019,C,7.23835E+11,098-KY-0122  -000,HIGH,098-KY-0122  -000,0.439,0,0,0,0,0,0,0,0,0,0,0,1,0
72354952,980100,2.019E+11,20190515,1219,,,NORTHGATE,,DR,,,,,,Y,N,NULL,NULL,NULL,N,NULL,NULL,NULL,NULL,NULL,NULL,0.03,NULL,NULL,NULL,NULL,,NULL,0,0,1,1,N,N,15,NULL,98,9801,NULL,,Y,37.48657,37,29.194,NULL,-82.50939,82,30.564,NULL,N,NULL,NULL,NULL,NULL,NULL,NULL,NULL,NULL,9,97,1,6,1,1,2,2,1,3,N,NULL,Y,N,1219,1224,1224,N,NULL,90,,,N,,N,N,,NULL,NULL,2019,O,7.2355E+11,098-CS-1021  -000,HIGH,098-CS-1021  -000,0.03,0,0,0,0,0,0,1,0,0,0,0,1,0
72369760,980100,2.019E+11,20190618,929,,,RIVER,,DR,,,0,098 CS-1054,CS1054,Y,N,NULL,NULL,NULL,N,NULL,NULL,NULL,NULL,NULL,NULL,NULL,NULL,NULL,NULL,NULL,NULL,NULL,0,0,1,1,N,N,NULL,NULL,98,9801,NULL,,Y,37.4731,37,28.386,NULL,-82.52587,82,31.552,NULL,N,NULL,NULL,NULL,NULL,NULL,NULL,NULL,NULL,9,97,1,6,1,5,6,2,1,3,N,NULL,Y,N,929,930,,Y,NULL,90,,,N,,N,N,098-CS-1054-0,NULL,NULL,2019,O,7.23698E+11,098-CS-1054  -000,HIGH,098-CS-1054  -000,0.271,0,0,0,0,0,0,0,0,0,1,0,1,0
72341171,KSP0900,2019-13260,20190416,2252,,,US119,,,US0119,US0119,0,098 US-119,US0119,Y,N,NULL,NULL,NULL,N,NULL,NULL,NULL,NULL,NULL,NULL,23.603,NULL,NULL,NULL,NULL,,NULL,0,0,2,2,Y,Y,NULL,NULL,98,9836,NULL,,Y,37.65018,37,39.011,NULL,-82.26772,82,16.064,NULL,N,NULL,NULL,NULL,NULL,NULL,NULL,NULL,NULL,2,7,NULL,6,1,1,2,5,1,3,N,NULL,Y,N,2252,2305,2305,N,NULL,90,2,1,N,,N,N,098-US-0119-0,NULL,NULL,2019,O,7.23412E+11,098-US-0119  -000,HIGH,098-US-0119  -000,23.603,0,0,1,0,0,0,1,0,0,0,0,0,0
72342496,KSP0900,19-13823,20190420,900,,,DORTON-JENKINS,,HWY,KY0805,KY0805,0,098 KY-805,KY0805,N,N,NULL,NULL,NULL,N,NULL,NULL,NULL,NULL,NULL,NULL,6.606,NULL,NULL,NULL,NULL,,NULL,0,0,1,1,N,N,55,NULL,98,9801,NULL,,Y,37.2771,37,16.626,NULL,-82.57825,82,34.695,NULL,N,NULL,NULL,NULL,NULL,NULL,NULL,NULL,NULL,9,3,2,3,1,5,6,2,7,3,Y,NULL,Y,N,1458,1559,1458,N,NULL,40,7,0,N,,N,N,098-KY-0805-0,NULL,NULL,2019,O,7.23425E+11,098-KY-0805  -000,HIGH,098-KY-0805  -000,6.606,0,0,0,0,0,0,0,0,0,0,0,1,0
72353365,980200,980200,20190509,1248,,,KY80,,,KY0080,KY0080,0,098 KY-80,KY0080,N,N,NULL,NULL,NULL,N,NULL,NULL,NULL,NULL,NULL,NULL,4.47,NULL,NULL,NULL,NULL,,NULL,0,0,2,2,N,N,55,NULL,98,9802,NULL,,Y,37.29708,37,17.825,NULL,-82.33667,82,20.2,NULL,N,NULL,NULL,NULL,NULL,NULL,NULL,NULL,NULL,5,3,2,6,1,1,2,2,6,3,N,NULL,Y,N,1246,1248,1258,N,NULL,49,7,0,N,,N,N,098-KY-0080-0,NULL,NULL,2019,O,7.23534E+11,098-KY-0080  -000,HIGH,098-KY-0080  -000,4.47,0,0,0,0,0,0,0,0,0,0,0,1,0
72357394,980100,2.019E+11,20190517,1834,,,US23,,,US0023,US0023,0,098 US-23,US0023,N,N,NULL,NULL,NULL,N,NULL,NULL,NULL,NULL,NULL,NULL,23.054,NULL,NULL,NULL,NULL,,NULL,0,0,2,2,N,N,55,NULL,98,9801,NULL,,Y,37.4659,37,27.954,NULL,-82.52793,82,31.676,NULL,N,NULL,NULL,NULL,NULL,NULL,NULL,NULL,NULL,5,3,4,6,1,1,2,2,7,3,N,NULL,Y,N,1834,1839,1834,N,NULL,49,,1,N,,N,N,098-US-0023-0,NULL,NULL,2019,O,7.23574E+11,098-US-0023  -000,HIGH,098-US-0023  -000,23.054,0,0,0,0,0,0,1,1,0,1,0,0,0
72357420,980100,2.019E+11,20190517,1740,,,US23,,,US0023,US0023,0,098 US-23,US0023,N,N,NULL,NULL,NULL,N,NULL,NULL,NULL,NULL,NULL,NULL,21.364,NULL,NULL,NULL,NULL,,NULL,3,0,2,2,N,N,55,NULL,98,9801,NULL,,Y,37.4501,37,27.006,NULL,-82.5244,82,31.464,NULL,N,NULL,NULL,NULL,NULL,NULL,NULL,NULL,NULL,5,3,4,6,1,1,2,2,7,3,Y,NULL,Y,Y,1727,1732,1825,N,NULL,49,,1,N,,N,N,098-US-0023-0,NULL,NULL,2019,A,7.23574E+11,098-US-0023  -000,HIGH,098-US-0023  -000,21.364,0,0,0,0,0,0,0,0,0,1,0,1,0
72327877,KSP0900,19-8398,20190314,1706,,,US23,,,US0023,US0023,0,098 US-23-10,US0023,N,N,NULL,NULL,NULL,N,NULL,NULL,NULL,NULL,NULL,NULL,4.572,NULL,NULL,NULL,NULL,,NULL,0,0,2,2,N,N,55,NULL,98,9809,NULL,,Y,37.28205,37,16.923,NULL,-82.57292,82,34.375,NULL,N,NULL,NULL,NULL,NULL,NULL,NULL,NULL,NULL,1,3,4,6,1,1,2,2,7,3,N,NULL,Y,N,1706,1730,,N,NULL,55,,1,N,,N,N,098-US-0023-10,NULL,NULL,2019,O,7.23279E+11,098-US-0023  -010,HIGH,098-US-0023  -000,4.572,0,0,0,1,0,0,1,0,0,0,0,0,0
72348054,980000,19-05-001,20190503,1128,,,TOWN MOUNTAIN,,RD,KY1426,KY1426,0,098 KY-1426,KY1426,N,N,NULL,NULL,NULL,N,NULL,NULL,NULL,NULL,NULL,NULL,6.781,NULL,NULL,NULL,NULL,,NULL,0,0,2,2,N,N,55,NULL,98,9801,NULL,,Y,37.48484,37,29.09,NULL,-82.51103,82,30.662,NULL,N,NULL,NULL,NULL,NULL,NULL,NULL,NULL,NULL,2,5,2,2,1,1,3,2,7,2,N,NULL,Y,Y,1128,1133,1133,N,NULL,47,,0,N,,N,N,098-KY-1426-0,NULL,NULL,2019,O,7.23481E+11,098-KY-1426  -000,HIGH,098-KY-1426  -000,6.781,0,0,0,0,0,0,1,0,0,0,0,0,0
72344593,KSP0900,19-14404,20190424,1557,,,KY1506,,,KY1506,KY1506,0,098 KY-1506,KY1506,N,N,NULL,NULL,NULL,N,NULL,NULL,NULL,NULL,NULL,NULL,0.028,NULL,NULL,NULL,NULL,,NULL,0,0,2,2,Y,N,35,NULL,98,9834,NULL,,Y,37.66824,37,40.094,NULL,-82.27667,82,16.6,NULL,N,NULL,NULL,NULL,NULL,NULL,NULL,NULL,NULL,7,3,2,6,1,1,2,2,7,3,N,NULL,Y,N,1607,1639,1639,N,NULL,54,9,0,N,,N,N,098-KY-1506-0,NULL,NULL,2019,O,7.23446E+11,098-KY-1506  -000,HIGH,098-KY-1506  -000,0.028,0,0,0,0,0,0,0,0,0,0,0,1,0
72348353,980100,2.019E+11,20190425,1156,,,CASSIDY,,BLVD,,,0,098 CS-1191,CS1191,N,N,NULL,NULL,NULL,N,NULL,NULL,NULL,NULL,NULL,NULL,0.269,NULL,NULL,NULL,NULL,,NULL,0,0,2,2,N,N,25,NULL,98,9801,NULL,,Y,37.50459,37,30.275,NULL,-82.53625,82,32.175,NULL,N,NULL,NULL,NULL,NULL,NULL,NULL,NULL,NULL,1,3,4,6,1,1,2,2,1,3,N,NULL,Y,N,115,1201,1201,N,NULL,55,,,N,,N,N,098-CS-1191-0,NULL,NULL,2019,O,7.23484E+11,098-CS-1191  -000,HIGH,098-CS-1191  -000,0.269,0,0,0,1,0,0,1,0,0,0,0,0,0
72347094,980100,2.019E+11,20190418,1534,,,CASSIDY BLVD,,,,,,,,N,N,NULL,NULL,NULL,N,NULL,NULL,NULL,NULL,NULL,NULL,NULL,NULL,NULL,NULL,NULL,,NULL,0,0,2,2,Y,N,35,NULL,98,9801,NULL,,Y,37.50465,37,30.279,NULL,-82.53632,82,32.18,NULL,N,NULL,NULL,NULL,NULL,NULL,NULL,NULL,NULL,1,3,4,6,1,1,2,2,7,3,N,NULL,N,N,1550,1550,1556,N,NULL,55,,,N,,N,N,,NULL,NULL,2019,O,7.23471E+11,098-CS-1191  -000,HIGH,098-CS-1191  -000,0.254,0,0,0,0,0,0,1,0,0,0,0,0,0
72346081,980000,19-04-001,20190406,1400,,,AIRPORT,,RD,,,0,098 CR-1330Q4,CR1330Q4,N,N,NULL,NULL,NULL,N,NULL,NULL,NULL,NULL,NULL,NULL,2.829,NULL,NULL,NULL,NULL,,NULL,1,0,1,1,N,N,35,NULL,98,9801,14.7,W,N,37.57272,37,34.363,NULL,-82.58411,82,35.047,NULL,N,NULL,NULL,NULL,NULL,NULL,NULL,NULL,NULL,9,5,2,4,1,1,2,2,6,3,Y,NULL,Y,Y,1410,1430,1533,N,NULL,38,,,N,,N,N,098-CR-1330Q4-0,NULL,NULL,2019,B,7.23461E+11,098-CR-1330Q4-000,HIGH,098-CR-1330Q4-000,2.829,0,0,0,0,0,0,0,0,0,0,0,1,0
72342361,980000,19-04-004,20190419,1705,,,RIGHT FORK OF BRUSHY,,RD,,,0,098 CR-1360Q4,CR1360Q4,N,N,NULL,NULL,NULL,N,NULL,NULL,NULL,NULL,NULL,NULL,5.648,NULL,NULL,NULL,NULL,,NULL,0,0,2,2,N,N,35,NULL,98,9853,NULL,,Y,37.60342,37,36.205,NULL,-82.44672,82,26.804,NULL,N,NULL,NULL,NULL,NULL,NULL,NULL,NULL,NULL,7,3,1,2,1,5,6,2,7,3,N,NULL,N,Y,1705,1745,1705,N,NULL,54,,,N,,N,N,098-CR-1360Q4-0,NULL,NULL,2019,O,7.23424E+11,098-CR-1360Q4-000,HIGH,098-CR-1360Q4-000,5.648,0,0,0,0,0,0,0,1,0,0,0,1,0
72348641,980100,2.019E+11,20190430,1539,,,CASSIDY,,BLVD,,,,,,N,N,NULL,NULL,NULL,N,NULL,NULL,NULL,NULL,NULL,NULL,0.321,NULL,NULL,NULL,NULL,,NULL,0,0,2,2,N,N,25,NULL,98,9801,NULL,,Y,37.506,37,30.36,NULL,-82.53778,82,32.267,NULL,N,NULL,NULL,NULL,NULL,NULL,NULL,NULL,NULL,8,3,3,6,1,1,2,2,1,3,N,NULL,Y,N,1539,1547,1556,N,NULL,53,,,N,,N,N,,NULL,NULL,2019,O,7.23486E+11,098-CS-1191  -000,MEDIUM,098-CS-1191  -000,0.321,0,1,0,0,0,0,1,0,0,0,0,1,0
72334969,980100,2.019E+11,20190328,1300,,,KY3496,,,KY3496,KY3496,0,098 KY-3496,KY3496,Y,N,NULL,NULL,NULL,N,NULL,NULL,NULL,NULL,NULL,NULL,0.187,NULL,NULL,NULL,NULL,,NULL,0,0,2,2,N,N,15,NULL,98,9801,NULL,,Y,37.46644,37,27.987,NULL,-82.53098,82,31.859,NULL,N,NULL,NULL,NULL,NULL,NULL,NULL,NULL,NULL,2,97,2,6,1,1,2,2,1,3,N,NULL,Y,N,1300,1305,,N,NULL,90,16,0,N,,N,N,098-KY-3496-0,NULL,NULL,2019,O,7.2335E+11,098-KY-3496  -000,HIGH,098-KY-3496  -000,0.187,0,0,0,1,0,0,1,0,0,0,0,0,0
72300298,980100,2.019E+11,20190108,1257,,,MAIN,,ST,,,0,098 CS-1112,CS1112,N,N,NULL,NULL,NULL,N,NULL,NULL,NULL,NULL,NULL,NULL,0.282,NULL,NULL,NULL,NULL,,NULL,0,0,2,2,Y,N,15,NULL,98,9801,NULL,,Y,37.48128,37,28.877,NULL,-82.51608,82,30.965,NULL,N,NULL,NULL,NULL,NULL,NULL,NULL,NULL,NULL,2,3,1,6,1,1,3,2,1,3,N,NULL,N,N,1257,1302,1302,N,NULL,47,,,Y,,N,N,098-CS-1112-0,NULL,NULL,2019,O,7.23003E+11,098-CS-1112  -000,HIGH,098-CS-1112  -000,0.282,0,0,0,0,0,0,1,0,0,0,0,0,0
72339990,980100,2.019E+11,20190416,1202,,,HAMBLEY,,BLVD,,,0,098 CS-1222,CS1222,N,N,NULL,NULL,NULL,N,NULL,NULL,NULL,NULL,NULL,NULL,1.44,NULL,NULL,NULL,NULL,,NULL,0,0,2,2,N,N,35,NULL,98,9801,NULL,,Y,37.48382,37,29.029,NULL,-82.52908,82,31.744,NULL,N,NULL,NULL,NULL,NULL,NULL,NULL,NULL,NULL,8,3,2,6,1,1,2,2,6,3,N,NULL,Y,N,1203,1208,1208,N,NULL,53,,,N,,N,N,098-CS-1222-0,NULL,NULL,2019,O,7.234E+11,098-CS-1222  -000,HIGH,098-CS-1222  -000,1.44,0,0,0,0,0,0,1,0,0,0,0,1,0
72342926,KSP0900,19-13840,20190420,1635,,,US23,,,US0023,US0023,0,098 US-23,US0023,N,N,NULL,NULL,NULL,N,NULL,NULL,NULL,NULL,NULL,NULL,27.246,NULL,NULL,NULL,NULL,,NULL,0,0,2,2,N,N,55,NULL,98,9801,NULL,,Y,37.51054,37,30.632,NULL,-82.54617,82,32.77,NULL,N,NULL,NULL,NULL,NULL,NULL,NULL,NULL,NULL,5,3,4,6,1,5,3,2,7,3,N,NULL,Y,N,1630,1630,1634,N,NULL,49,,1,N,,N,N,098-US-0023-0,NULL,NULL,2019,O,7.23429E+11,098-US-0023  -000,HIGH,098-US-0023  -000,27.246,0,0,1,0,0,0,1,0,0,0,0,0,0
72301850,KSP0900,19-810,20190107,1848,,,KY122,,,KY0122,KY0122,0,098 KY-122,KY0122,Y,N,NULL,NULL,NULL,N,NULL,NULL,NULL,NULL,NULL,NULL,5.194,NULL,NULL,NULL,NULL,,NULL,0,0,2,2,N,N,NULL,NULL,98,9827,8,S,N,37.34979,37,20.987,NULL,-82.5927,82,35.562,NULL,N,NULL,NULL,NULL,NULL,NULL,NULL,NULL,NULL,2,97,2,6,1,1,3,5,1,3,N,NULL,Y,N,1857,1909,1909,N,NULL,90,,0,N,,N,N,098-KY-0122-0,NULL,NULL,2019,O,7.23019E+11,098-KY-0122  -000,HIGH,098-KY-0122  -000,5.194,0,0,1,0,0,0,1,0,0,0,0,0,0
72348215,980100,2.019E+11,20190503,1139,,,KY1426,,,KY1426,KY1426,,,,N,N,NULL,NULL,NULL,N,NULL,NULL,NULL,NULL,NULL,NULL,8.521,NULL,NULL,NULL,NULL,,NULL,1,0,1,1,N,N,45,NULL,98,9801,NULL,,Y,37.49869,37,29.922,NULL,-82.49068,82,29.441,NULL,N,NULL,NULL,NULL,NULL,NULL,NULL,NULL,NULL,9,4,3,4,1,1,2,2,7,3,Y,NULL,Y,Y,1140,1142,,N,NULL,44,,0,Y,,N,N,,NULL,NULL,2019,B,7.23482E+11,098-KY-1426  -000,MEDIUM,098-KY-1426  -000,8.521,0,0,0,0,0,0,1,0,0,1,0,1,0
72344032,980100,2.019E+11,20190423,1842,,,KILGORE,,LN,,,0,098 CS-1105,CS1105,N,Y,HAMBLEY,,BLVD,N,NULL,NULL,NULL,NULL,NULL,NULL,NULL,NULL,NULL,NULL,NULL,,NULL,0,0,2,2,Y,N,15,NULL,98,9801,NULL,,Y,37.47625,37,28.575,NULL,-82.52258,82,31.355,NULL,N,NULL,NULL,NULL,NULL,NULL,NULL,NULL,NULL,2,3,NULL,1,1,1,2,2,1,3,N,NULL,Y,N,1842,1842,,N,NULL,18,,,N,,N,N,098-CS-1105-0,NULL,NULL,2019,O,7.2344E+11,098-CS-1105  -000,HIGH,098-CS-1105  -000,0,0,0,0,0,0,0,0,0,0,0,1,0,0
72347096,980100,2.019E+11,20190426,1636,,,KY1426,,,KY1426,KY1426,,,,N,N,NULL,NULL,NULL,N,NULL,NULL,NULL,NULL,NULL,NULL,7.463,NULL,NULL,NULL,NULL,,NULL,0,0,2,2,N,N,45,NULL,98,9801,NULL,,Y,37.49038,37,29.423,NULL,-82.50103,82,30.062,NULL,N,NULL,NULL,NULL,NULL,NULL,NULL,NULL,NULL,5,3,2,6,1,1,2,2,7,3,N,NULL,Y,N,1656,1702,1726,N,NULL,49,,0,N,,N,N,,NULL,NULL,2019,O,7.23471E+11,098-KY-1426  -000,HIGH,098-KY-1426  -000,7.463,0,0,1,0,0,0,1,0,0,0,0,0,0
72351666,KSP0900,19-16447,20190507,1501,,,GREASY,,CRK,KY3226,KY3226,0,098 KY-3226,KY3226,N,N,NULL,NULL,NULL,N,NULL,NULL,NULL,NULL,NULL,NULL,1.603,NULL,NULL,NULL,NULL,,NULL,3,0,2,2,N,N,35,NULL,98,9824,4,SE,N,37.39963,37,23.978,NULL,-82.46783,82,28.07,NULL,N,NULL,NULL,NULL,NULL,NULL,NULL,NULL,NULL,3,3,1,6,1,1,2,2,7,3,Y,NULL,Y,Y,1530,1541,,N,NULL,52,8,0,Y,,N,N,098-KY-3226-0,NULL,NULL,2019,C,7.23517E+11,098-KY-3226  -000,HIGH,098-KY-3226  -000,1.603,0,0,0,0,0,0,0,0,0,0,0,1,0
72316312,KSP0900,19-4899,20190214,450,,,KY195,,,KY0195,KY0195,0,098 KY-195,KY0195,N,N,NULL,NULL,NULL,N,NULL,NULL,NULL,NULL,NULL,NULL,7.141,NULL,NULL,NULL,NULL,,NULL,1,0,1,1,N,N,55,NULL,98,9802,4,W,N,37.32852,37,19.711,NULL,-82.44889,82,26.933,NULL,N,NULL,NULL,NULL,NULL,NULL,NULL,NULL,NULL,9,5,2,3,1,2,3,6,7,3,N,NULL,Y,N,450,553,640,N,NULL,44,7,0,N,,N,N,098-KY-0195-0,NULL,NULL,2019,C,7.23163E+11,098-KY-0195  -000,HIGH,098-KY-0195  -000,7.141,0,0,0,1,0,0,0,0,0,0,0,1,0