MasterFile,AgencyORINumber,LocalCode,CollisionDate,CollisionTime,CollisionDayWeekCode,RoadwayName_HouseBusinessNumber_,RoadwayName_RoadwayName_,RoadwayName_Direction_,RoadwayName_RoadwaySuffix_,RoadwayfromReport,CurrentRoadwayNumber,RoadwayNumberCoupletID,RSEUniqueGIS,RoadwayIdentifier,ParkingLotIndicator,IntersectionWith_Indicator_,IntersectionWith_NameRoadway_,IntersectionWith_Direction_,IntersectionWith_RoadwaySuffix_,BetweenStreets_Indicator_,BetweenStreets1_NameRoadway_,BetweenStreet1_Direction_,BetweenStreets1_RoadwaySuffix_,BetweenStreets2_NameRoadway_,BetweenStreets2_Direction_,BetweenStreets2_RoadwaySuffix_,Milepoint,ReportMilepointDeriveNumber,CurrentDerivedMiepointNumber,MilestoMilepoint,FeettoMilepoint,DirectionfromMilepoint_NSEW_,ValidMilepointIndicator,NumberInjured,NumberKilled,ofUnits,ofMotorVehicleUnits,Hit&RunIndicator,OneWayIndicator,SpeedLimitNumber,KilometersIndicator,CountyCode,CityCountyCode,MilesFromCity,DirectionFromCity_NSEW_,InCityLimitsIndicator,Latitude,LatitudeDegrees,LatitudeMinutes,LatitudeSeconds,Longitude,LongitudeDegrees,LongitudeMinutes,LongitudeSeconds,RampIndicator,RampFromIdentifier,RampFromDirCode,RampFromCoupletID,RSEUniqueGISRampFrom,RampToidentifier,RampToDirCode,RampToCoupletID,RSEUniqueGisRampTo,MannerofCollisionCode,LocationFirstEventCode,TotalLanes,RoadwayCharacterCode,RoadwaySurfaceCode,RoadwayConditionCode,WeatherCode,LightConditionCode,LandUseCode,SchoolBusRelatedCode,FirstAidSceneIndicator,CollDescPresentInd,InvestigationCompleteIndicator,PhotosTakenIndicator,TimeNotified,TimeArrived,TimeRoadwayOpened,PropertyDamageIndicator,DiagramPresentIndicator,DirectionalAnalysis,FunctionClassCode,NationalHwySysCode,EnforcementsIndicator,KARSCityCode,SecondaryCollisionIndicator,MedianCrossoverIndicator,RT_UNIQUE,MapIt,TimeLastLeft,YR,KABCO,MFNY,WorkingRID,RT_CONFIDENCE,KTC_RT,KTC_MP,Motorcyclist,CommercialVehicle,YoungDriver,MatureDriver,pedestrian,Bicyclist,Distracted,agressive,Impaired,Unrestrained,Intersection,RoadwayDeparture,MedXover
72357773,980100,2.019E+11,20190525,1730,,,HAMBLEY,,BLVD,,,0,098 CS-1222,CS1222,Y,N,NULL,NULL,NULL,N,NULL,NULL,NULL,NULL,NULL,NULL,0.083,NULL,NULL,NULL,NULL,,NULL,0,0,2,2,Y,N,NULL,NULL,98,9801,NULL,,Y,37.47442,37,28.465,NULL,-82.52588,82,31.553,NULL,N,NULL,NULL,NULL,NULL,NULL,NULL,NULL,NULL,1,97,1,6,2,1,2,2,NULL,3,N,NULL,Y,N,1857,1857,1857,N,NULL,90,,,N,,N,N,098-CS-1222-0,NULL,NULL,2019,NULL,7.23578E+11,098-CS-1222  -000,HIGH,098-CS-1222  -000,0.083,0,0,0,0,0,0,0,0,0,0,0,0,0
72351032,KSP0900,19-16459,20190507,1632,,,US460,,,US0460,US0460,0,098 US-460,US0460,N,N,NULL,NULL,NULL,N,NULL,NULL,NULL,NULL,NULL,NULL,13.598,NULL,NULL,NULL,NULL,,NULL,1,0,2,2,N,N,55,NULL,98,9802,NULL,,Y,37.33539,37,20.124,NULL,-82.38428,82,23.057,NULL,N,NULL,NULL,NULL,NULL,NULL,NULL,NULL,NULL,5,3,2,6,1,1,2,2,7,3,Y,NULL,N,Y,1632,1649,,N,NULL,49,,1,N,,N,N,098-US-0460-0,NULL,NULL,2019,C,7.2351E+11,098-US-0460  -000,HIGH,098-US-0460  -000,13.598,0,0,1,0,0,0,1,0,0,0,0,0,0
72319456,980100,2.019E+11,20190221,1909,,,US23,,,US0023,US0023,,,,N,N,NULL,NULL,NULL,N,NULL,NULL,NULL,NULL,NULL,NULL,21.344,NULL,NULL,NULL,NULL,,NULL,0,0,2,2,N,N,55,NULL,98,9801,NULL,,Y,37.44976,37,26.985,NULL,-82.52455,82,31.473,NULL,N,NULL,NULL,NULL,NULL,NULL,NULL,NULL,NULL,5,3,4,6,1,1,3,6,7,3,N,NULL,Y,N,1909,1913,1925,N,NULL,49,,1,N,,N,N,,NULL,NULL,2019,O,7.23195E+11,098-US-0023  -010,MEDIUM,098-US-0023  -000,21.344,0,0,0,0,0,0,1,0,0,0,0,0,0
72352066,980100,2.019E+11,20190512,1419,,,CASSIDY,,BLVD,,,,,,Y,N,NULL,NULL,NULL,N,NULL,NULL,NULL,NULL,NULL,NULL,0.209,NULL,NULL,NULL,NULL,,NULL,0,0,2,2,N,N,15,NULL,98,9801,NULL,,Y,37.50411,37,30.247,NULL,-82.53535,82,32.121,NULL,N,NULL,NULL,NULL,NULL,NULL,NULL,NULL,NULL,2,97,1,6,1,1,2,2,1,3,N,NULL,Y,N,1419,1427,1427,N,NULL,90,,,N,,N,N,,NULL,NULL,2019,O,7.23521E+11,098-CS-1191  -000,MEDIUM,098-CS-1191  -000,0.209,0,0,0,0,0,0,1,0,0,0,0,0,0
72355037,980100,2.019E+11,20190518,2257,,,BILLUPS,,DR,,,0,098 CS-1221,CS1221,N,N,NULL,NULL,NULL,N,NULL,NULL,NULL,NULL,NULL,NULL,0.443,NULL,NULL,NULL,NULL,,NULL,0,0,2,2,N,N,25,NULL,98,9801,NULL,,Y,37.50613,37,30.368,NULL,-82.55281,82,33.169,NULL,N,NULL,NULL,NULL,NULL,NULL,NULL,NULL,NULL,1,3,1,4,1,1,2,6,6,3,N,NULL,Y,N,2258,2258,2310,N,NULL,55,,,N,,N,N,098-CS-1221-0,NULL,NULL,2019,O,7.2355E+11,098-CS-1221  -000,HIGH,098-CS-1221  -000,0.443,0,0,1,0,0,0,0,0,0,0,0,0,0
72349438,KSP0900,19-15577,20190502,750,,,FISHTRAP,,RD,KY1441,KY1441,0,098 KY-1441,KY1441,N,N,NULL,NULL,NULL,N,NULL,NULL,NULL,NULL,NULL,NULL,3.026,NULL,NULL,NULL,NULL,,NULL,0,0,2,2,N,N,35,NULL,98,9824,3,E,N,37.43191,37,25.915,NULL,-82.42913,82,25.748,NULL,N,NULL,NULL,NULL,NULL,NULL,NULL,NULL,NULL,7,3,2,3,1,5,2,2,7,3,N,NULL,Y,N,830,915,,N,NULL,54,8,0,N,,N,N,098-KY-1441-0,NULL,NULL,2019,O,7.23494E+11,098-KY-1441  -000,HIGH,098-KY-1441  -000,3.026,0,0,0,0,0,0,1,0,0,0,0,1,0
72373105,980100,2.019E+11,20190629,1310,,101,DIVISION,,ST,,,0,098 CS-1130,CS1130,N,N,NULL,NULL,NULL,N,NULL,NULL,NULL,NULL,NULL,NULL,NULL,NULL,NULL,NULL,NULL,NULL,NULL,0,0,2,2,N,N,15,NULL,98,9801,NULL,,Y,37.48044,37,28.826,NULL,-82.5189,82,31.134,NULL,N,NULL,NULL,NULL,NULL,NULL,NULL,NULL,NULL,2,3,2,4,1,1,2,2,1,3,N,NULL,Y,N,1310,1311,1311,N,NULL,56,,,N,,N,N,098-CS-1130-0,NULL,NULL,2019,O,7.23731E+11,098-CS-1130  -000,HIGH,098-CS-1130  -000,0.01,0,0,0,0,0,0,1,0,0,0,0,0,0
72349343,980100,2.019E+11,20190430,856,,,CHLOE,,RD,KY1460,KY1460,,,,Y,N,NULL,NULL,NULL,N,NULL,NULL,NULL,NULL,NULL,NULL,3.817,NULL,NULL,NULL,NULL,,NULL,0,0,2,1,N,N,15,NULL,98,9801,NULL,,Y,37.47721,37,28.632,NULL,-82.49356,82,29.614,NULL,N,NULL,NULL,NULL,NULL,NULL,NULL,NULL,NULL,5,97,1,6,1,1,2,2,1,3,N,NULL,Y,N,856,856,856,N,NULL,90,,0,N,,N,N,,NULL,NULL,2019,O,7.23493E+11,098-KY-1460  -000,HIGH,098-KY-1460  -000,3.817,0,0,0,0,0,0,1,0,0,0,0,0,0
72355719,KSP0900,19-18457,20190521,1409,,,KY194,,,KY0194,KY0194,0,098 KY-194,KY0194,N,N,NULL,NULL,NULL,N,NULL,NULL,NULL,NULL,NULL,NULL,13.7,NULL,NULL,NULL,NULL,,NULL,0,0,1,1,N,N,55,NULL,98,9820,12,N,N,37.57944,37,34.766,NULL,-82.48634,82,29.18,NULL,N,NULL,NULL,NULL,NULL,NULL,NULL,NULL,NULL,9,3,2,3,1,1,2,2,7,3,N,NULL,Y,N,1417,1506,,Y,NULL,44,7,0,N,,N,N,098-KY-0194-0,NULL,NULL,2019,O,7.23557E+11,098-KY-0194  -000,HIGH,098-KY-0194  -000,13.7,0,0,0,0,0,0,0,0,0,0,0,1,0
72352973,KSP0900,19-17112,20190512,1026,,,KY1426,,,KY1426,KY1426,0,098 KY-1426,KY1426,N,N,NULL,NULL,NULL,N,NULL,NULL,NULL,NULL,NULL,NULL,10.343,NULL,NULL,NULL,NULL,,NULL,1,0,1,1,N,N,55,NULL,98,9828,NULL,,Y,37.51438,37,30.863,NULL,-82.47444,82,28.466,NULL,N,NULL,NULL,NULL,NULL,NULL,NULL,NULL,NULL,9,5,2,3,1,5,6,2,7,3,Y,NULL,Y,Y,1026,1047,1047,Y,NULL,40,7,0,N,,N,N,098-KY-1426-0,NULL,NULL,2019,B,7.2353E+11,098-KY-1426  -000,HIGH,098-KY-1426  -000,10.343,0,0,0,1,0,0,0,1,0,0,0,1,0
72352016,980000,19-04-006,20190426,745,,,KY632,,,KY0632,KY0632,0,098 KY-632,KY0632,N,N,NULL,NULL,NULL,N,NULL,NULL,NULL,NULL,NULL,NULL,5.248,NULL,NULL,NULL,NULL,,NULL,0,0,1,1,N,N,55,NULL,98,9817,NULL,,Y,37.48666,37,29.199,NULL,-82.26917,82,16.15,NULL,N,NULL,NULL,NULL,NULL,NULL,NULL,NULL,NULL,9,3,2,3,1,5,6,2,7,3,N,NULL,Y,Y,745,745,825,N,NULL,70,6,0,N,,N,N,098-KY-0632-0,NULL,NULL,2019,O,7.2352E+11,098-KY-0632  -000,HIGH,098-KY-0632  -000,5.248,0,0,0,0,0,0,0,1,0,0,0,1,0
72350709,KSP0900,19-16744,20190509,1559,,,STONE COAL CREEK,,RD,KY3227,KY3227,0,098 KY-3227,KY3227,N,N,NULL,NULL,NULL,N,NULL,NULL,NULL,NULL,NULL,NULL,3.454,NULL,NULL,NULL,NULL,,NULL,0,0,2,2,N,N,35,NULL,98,9801,NULL,,Y,37.53922,37,32.353,NULL,-82.51199,82,30.72,NULL,N,NULL,NULL,NULL,NULL,NULL,NULL,NULL,NULL,2,7,2,6,1,1,2,2,7,1,N,NULL,Y,N,1603,1634,,N,NULL,47,8,0,N,,N,N,098-KY-3227-0,NULL,NULL,2019,O,7.23507E+11,098-KY-3227  -000,HIGH,098-KY-3227  -000,3.454,0,0,0,0,0,0,1,0,0,0,0,0,0
72345500,KSP0900,19-13827,20190420,1514,,,US23,,,US0023,US0023,0,098 US-23-10,US0023,N,N,NULL,NULL,NULL,N,NULL,NULL,NULL,NULL,NULL,NULL,28.045,NULL,NULL,NULL,NULL,,NULL,0,0,2,2,N,N,55,NULL,98,9807,NULL,,Y,37.51509,37,30.905,NULL,-82.55919,82,33.551,NULL,N,NULL,NULL,NULL,NULL,NULL,NULL,NULL,NULL,5,3,4,6,1,5,6,2,7,3,N,NULL,Y,Y,1514,1518,,N,NULL,49,,1,N,,N,N,098-US-0023-10,NULL,NULL,2019,O,7.23455E+11,098-US-0023  -010,HIGH,098-US-0023  -000,28.045,0,0,0,0,0,0,1,0,0,0,0,0,0
72335727,980100,2.019E+11,20190404,1952,,,BAIRD,,AVE,KY1426,KY1426,,,,N,N,NULL,NULL,NULL,N,NULL,NULL,NULL,NULL,NULL,NULL,5.378,NULL,NULL,NULL,NULL,,NULL,0,0,2,2,N,N,55,NULL,98,9801,NULL,,Y,37.47388,37,28.433,NULL,-82.52715,82,31.629,NULL,N,NULL,NULL,NULL,NULL,NULL,NULL,NULL,NULL,6,3,2,6,1,1,2,2,7,3,N,NULL,Y,N,1952,1952,1952,N,NULL,70,,0,N,,N,N,,NULL,NULL,2019,O,7.23357E+11,098-KY-1426  -000,MEDIUM,098-KY-1426  -000,5.378,0,0,0,0,0,0,1,0,0,0,0,0,0
72346307,980500,2019AR032,20190430,1120,,,MAIN,,ST,,,0,098 CS-3000,CS3000,N,N,NULL,NULL,NULL,N,NULL,NULL,NULL,NULL,NULL,NULL,0.363,NULL,NULL,NULL,NULL,,NULL,0,0,1,1,N,N,25,NULL,98,9807,NULL,,Y,37.5181,37,31.086,NULL,-82.56493,82,33.896,NULL,N,NULL,NULL,NULL,NULL,NULL,NULL,NULL,NULL,9,5,2,6,1,1,2,2,1,3,Y,NULL,Y,Y,1120,1120,1210,Y,NULL,51,,,N,,N,N,098-CS-3000-0,NULL,NULL,2019,O,7.23463E+11,098-CS-3000  -000,HIGH,098-CS-3000  -000,0.363,0,0,0,0,0,0,1,0,0,0,0,1,0
72300139,KSP0900,19-198,20190102,1826,,,KY1056,,,KY1056,KY1056,0,098 KY-1056,KY1056,Y,N,NULL,NULL,NULL,N,NULL,NULL,NULL,NULL,NULL,NULL,11.46,NULL,NULL,NULL,NULL,,NULL,0,0,2,2,Y,N,10,NULL,98,9863,NULL,,Y,37.61916,37,37.15,NULL,-82.16669,82,10.002,NULL,N,NULL,NULL,NULL,NULL,NULL,NULL,NULL,NULL,3,7,2,6,1,1,2,5,1,3,N,NULL,Y,N,1826,1700,1826,N,NULL,90,7,0,N,,N,N,098-KY-1056-0,NULL,NULL,2019,O,7.23001E+11,098-KY-1056  -000,HIGH,098-KY-1056  -000,11.46,0,0,0,0,0,0,0,0,0,0,0,0,0
72346455,KSP0900,19-14764,20190426,1712,,13606,ELKHORN,,CRK,KY0197,KY0197,0,098 KY-197,KY0197,N,N,NULL,NULL,NULL,N,NULL,NULL,NULL,NULL,NULL,NULL,2.992,NULL,NULL,NULL,NULL,,NULL,0,0,2,2,N,N,55,NULL,98,9867,NULL,,Y,37.23087,37,13.852,NULL,-82.52766,82,31.659,NULL,N,NULL,NULL,NULL,NULL,NULL,NULL,NULL,NULL,8,3,2,3,1,5,2,2,7,3,N,NULL,Y,N,1715,1758,,N,NULL,53,7,0,N,,N,N,098-KY-0197-0,NULL,NULL,2019,O,7.23465E+11,098-KY-0197  -000,HIGH,098-KY-0197  -000,2.992,0,0,0,0,0,0,0,0,0,0,0,1,0
72350525,KSP0900,19-15693,20190502,2043,,,CLEVINGER,,BR,,,0,098 CR-1497,CR1497,N,N,NULL,NULL,NULL,N,NULL,NULL,NULL,NULL,NULL,NULL,1.605,NULL,NULL,NULL,NULL,,NULL,0,0,1,1,N,N,25,NULL,98,9801,NULL,,Y,37.55654,37,33.392,NULL,-82.52489,82,31.494,NULL,N,NULL,NULL,NULL,NULL,NULL,NULL,NULL,NULL,9,3,1,4,1,5,6,6,7,3,N,NULL,Y,N,2043,2100,,N,NULL,44,,,N,,N,N,098-CR-1497-0,NULL,NULL,2019,O,7.23505E+11,098-CR-1497  -000,HIGH,098-CR-1497  -000,1.605,0,0,0,0,0,0,0,0,0,0,0,1,0
72344299,KSP0900,19-14100,20190422,1522,,,US23,,,US0023,US0023,0,098 US-23-10,US0023,N,N,NULL,NULL,NULL,N,NULL,NULL,NULL,NULL,NULL,NULL,12.901,NULL,NULL,NULL,NULL,,NULL,0,0,3,3,N,N,55,NULL,98,9801,NULL,,Y,37.3723,37,22.338,NULL,-82.54342,82,32.605,NULL,N,NULL,NULL,NULL,NULL,NULL,NULL,NULL,NULL,5,3,4,6,1,1,2,2,7,3,N,NULL,Y,N,1524,1531,1524,N,NULL,49,,1,N,,N,N,098-US-0023-10,NULL,NULL,2019,O,7.23443E+11,098-US-0023  -010,HIGH,098-US-0023  -000,12.901,0,0,0,1,0,0,0,0,0,0,0,0,0
72353023,KSP0900,19-17247,20190513,937,,,STATE HIGHWAY 292,E,,,,0,098 CR-1061,CR1061,N,N,NULL,NULL,NULL,N,NULL,NULL,NULL,NULL,NULL,NULL,0.607,NULL,NULL,NULL,NULL,,NULL,0,0,2,2,N,N,45,NULL,98,9893,NULL,,Y,37.6242,37,37.452,NULL,-82.20773,82,12.463,NULL,N,NULL,NULL,NULL,NULL,NULL,NULL,NULL,NULL,6,3,1,4,1,5,3,2,7,3,N,NULL,Y,N,937,947,950,N,NULL,70,,,N,,N,N,098-CR-1061-0,NULL,NULL,2019,O,7.2353E+11,098-CR-1061  -000,HIGH,098-CR-1061  -000,0.607,0,0,0,0,0,0,1,1,0,0,0,0,0
72345044,KSP0900,19-14558,20190425,1220,,,US460,,,US0460,US0460,0,098 US-460,US0460,N,N,NULL,NULL,NULL,N,NULL,NULL,NULL,NULL,NULL,NULL,1.301,NULL,NULL,NULL,NULL,,NULL,0,0,2,2,N,N,35,NULL,98,9801,NULL,,Y,37.42698,37,25.619,NULL,-82.50151,82,30.091,NULL,N,NULL,NULL,NULL,NULL,NULL,NULL,NULL,NULL,8,3,2,3,1,1,3,2,7,3,N,NULL,Y,N,1221,1236,1245,N,NULL,53,,1,N,,N,N,098-US-0460-0,NULL,NULL,2019,O,7.2345E+11,098-US-0460  -000,HIGH,098-US-0460  -000,1.301,0,1,0,0,0,0,1,0,0,0,0,1,0
72322950,980100,2.019E+11,20190304,1525,,,KY3496,,,KY3496,KY3496,0,098 KY-3496,KY3496,Y,N,NULL,NULL,NULL,N,NULL,NULL,NULL,NULL,NULL,NULL,0.524,NULL,NULL,NULL,NULL,,NULL,0,0,2,2,N,N,NULL,NULL,98,9801,NULL,,Y,37.47052,37,28.231,NULL,-82.53391,82,32.034,NULL,N,NULL,NULL,NULL,NULL,NULL,NULL,NULL,NULL,2,97,2,6,1,1,2,2,1,3,N,NULL,Y,N,1525,1529,,N,NULL,90,16,0,N,,N,N,098-KY-3496-0,NULL,NULL,2019,O,7.2323E+11,098-KY-3496  -000,HIGH,098-KY-3496  -000,0.524,0,0,0,0,0,0,1,0,0,0,0,0,0
72342718,980100,2.019E+11,20190419,2041,,,HAMBLEY,,BLVD,,,0,098 CS-1222,CS1222,N,N,NULL,NULL,NULL,N,NULL,NULL,NULL,NULL,NULL,NULL,1.14,NULL,NULL,NULL,NULL,,NULL,0,0,2,2,Y,N,35,NULL,98,9801,NULL,,Y,37.48521,37,29.112,NULL,-82.52412,82,31.447,NULL,N,NULL,NULL,NULL,NULL,NULL,NULL,NULL,NULL,2,3,2,6,1,1,3,5,7,3,N,NULL,Y,N,2047,2050,2051,N,NULL,56,,,N,,N,N,098-CS-1222-0,NULL,NULL,2019,O,7.23427E+11,098-CS-1222  -000,HIGH,098-CS-1222  -000,1.14,0,0,1,0,0,0,0,0,1,0,0,0,0
72329459,980100,2.019E+11,20190306,1000,,,RIVER,,DR,,,0,098 CS-1054,CS1054,N,N,NULL,NULL,NULL,N,NULL,NULL,NULL,NULL,NULL,NULL,0.06,NULL,NULL,NULL,NULL,,NULL,0,0,2,2,Y,N,15,NULL,98,9801,NULL,,Y,37.47197,37,28.319,NULL,-82.52193,82,31.316,NULL,N,NULL,NULL,NULL,NULL,NULL,NULL,NULL,NULL,2,7,2,6,1,1,2,2,1,3,N,NULL,Y,N,1000,1000,,N,NULL,47,,,N,,N,N,098-CS-1054-0,NULL,NULL,2019,NULL,7.23295E+11,098-CS-1054  -000,HIGH,098-CS-1054  -000,0.06,0,0,0,0,0,0,1,0,0,0,0,0,0
72303219,KSP0900,19-784,20190107,1530,,,DOUGLAS,,PARK,,,0,098 CR-1704,CR1704,N,N,NULL,NULL,NULL,N,NULL,NULL,NULL,NULL,NULL,NULL,0.105,NULL,NULL,NULL,NULL,,NULL,0,0,2,2,N,N,25,NULL,98,9824,NULL,,Y,37.37901,37,22.74,NULL,-82.53869,82,32.321,NULL,N,NULL,NULL,NULL,NULL,NULL,NULL,NULL,NULL,5,3,2,6,3,1,2,2,7,3,N,NULL,N,N,1543,1555,1600,N,NULL,70,,,N,,N,N,098-CR-1704-0,NULL,NULL,2019,O,7.23032E+11,098-CR-1704  -000,HIGH,098-CR-1704  -000,0.105,0,0,1,0,0,0,0,0,0,0,0,0,0
72379539,980100,2.019E+11,20190708,1419,,,US23,,,US0023,US0023,,,,N,N,NULL,NULL,NULL,N,NULL,NULL,NULL,NULL,NULL,NULL,21.448,NULL,NULL,NULL,NULL,,NULL,0,0,2,2,N,N,55,NULL,98,9801,NULL,,Y,37.45111,37,27.067,NULL,-82.5237,82,31.422,NULL,N,NULL,NULL,NULL,NULL,NULL,NULL,NULL,NULL,8,3,4,6,1,1,2,2,7,3,N,NULL,Y,N,1419,1425,1429,N,NULL,53,,1,N,,N,N,,NULL,NULL,2019,O,7.23795E+11,098-US-0023  -000,MEDIUM,098-US-0023  -000,21.448,0,0,0,1,0,0,1,0,0,0,0,1,0
72303194,KSP0900,19-1617,20190115,712,,,US23,,,US0023,US0023,0,098 US-23-10,US0023,N,N,NULL,NULL,NULL,N,NULL,NULL,NULL,NULL,NULL,NULL,17.584,NULL,NULL,NULL,NULL,,NULL,1,0,2,2,N,N,55,NULL,98,9801,3,S,N,37.42356,37,25.414,NULL,-82.51699,82,31.02,NULL,N,NULL,NULL,NULL,NULL,NULL,NULL,NULL,NULL,5,3,4,4,1,5,5,1,7,3,Y,NULL,Y,N,712,747,815,N,NULL,49,,1,N,,N,N,098-US-0023-10,NULL,NULL,2019,C,7.23032E+11,098-US-0023  -010,HIGH,098-US-0023  -000,17.584,0,0,0,1,0,0,0,0,0,0,0,0,0
72323015,980100,2.019E+11,20190302,1116,,,THOMPSON,,RD,,,,,,Y,N,NULL,NULL,NULL,N,NULL,NULL,NULL,NULL,NULL,NULL,0.477,NULL,NULL,NULL,NULL,,NULL,0,0,2,2,N,N,NULL,NULL,98,9801,NULL,,Y,37.50619,37,30.371,NULL,-82.54405,82,32.643,NULL,N,NULL,NULL,NULL,NULL,NULL,NULL,NULL,NULL,2,97,2,6,1,1,3,2,1,3,N,NULL,Y,N,1116,1125,,N,NULL,90,,,N,,N,N,,NULL,NULL,2019,O,7.2323E+11,098-CS-1215  -000,HIGH,098-CS-1215  -000,0.477,0,0,0,1,0,0,1,0,0,0,0,0,0
72347893,980100,2.019E+11,20190503,1210,,,US23,,,US0023,US0023,0,098 US-23,US0023,N,N,NULL,NULL,NULL,N,NULL,NULL,NULL,NULL,NULL,NULL,26.217,NULL,NULL,NULL,NULL,,NULL,0,0,2,2,N,N,55,NULL,98,9801,NULL,,Y,37.50272,37,30.163,NULL,-82.53203,82,31.922,NULL,N,NULL,NULL,NULL,NULL,NULL,NULL,NULL,NULL,5,3,4,6,1,1,3,2,1,3,N,NULL,Y,N,1210,1210,1212,N,NULL,49,,1,N,,N,N,098-US-0023-0,NULL,NULL,2019,O,7.23479E+11,098-US-0023  -000,HIGH,098-US-0023  -000,26.217,0,0,1,0,0,0,1,0,0,1,0,0,0
72305792,980500,2019AR008,20190118,1805,,,KINNIKINNICK,,RD,,,0,098 CR-1426U,CR1426U,N,N,NULL,NULL,NULL,N,NULL,NULL,NULL,NULL,NULL,NULL,0.008,NULL,NULL,NULL,NULL,,NULL,0,0,2,2,N,N,55,NULL,98,9801,NULL,,Y,37.54092,37,32.455,NULL,-82.5823,82,34.938,NULL,N,NULL,NULL,NULL,NULL,NULL,NULL,NULL,NULL,4,3,4,6,1,1,3,6,1,3,N,NULL,Y,N,1805,1807,1811,N,NULL,70,,,N,,N,N,098-CR-1426U-0,NULL,NULL,2019,O,7.23058E+11,098-CR-1426U -000,HIGH,098-CR-1426U -000,0.008,0,0,1,0,0,0,1,0,0,0,0,0,0
72368992,KSP0900,19-22611,20190618,30,,,FERRELLS CREEK,,RD,US0460,US0460,0,098 US-460,US0460,N,N,NULL,NULL,NULL,N,NULL,NULL,NULL,NULL,NULL,NULL,20.823,NULL,NULL,NULL,NULL,,NULL,0,0,1,1,N,N,55,NULL,98,9847,2,W,N,37.37452,37,22.471,NULL,-82.28008,82,16.805,NULL,N,NULL,NULL,NULL,NULL,NULL,NULL,NULL,NULL,9,5,2,4,1,1,3,4,6,3,N,NULL,Y,N,30,115,,Y,NULL,40,,1,N,,N,N,098-US-0460-0,NULL,NULL,2019,O,7.2369E+11,098-US-0460  -000,HIGH,098-US-0460  -000,20.823,0,0,0,0,0,0,0,0,0,0,0,1,0
72319699,KSP0900,19-4129,20190207,1541,,,RATLIFF CREEK,,RD,,,0,098 CR-1484,CR1484,N,N,NULL,NULL,NULL,N,NULL,NULL,NULL,NULL,NULL,NULL,2.209,NULL,NULL,NULL,NULL,,NULL,0,0,2,2,N,N,35,NULL,98,9801,NULL,,Y,37.50397,37,30.239,NULL,-82.49456,82,29.674,NULL,N,NULL,NULL,NULL,NULL,NULL,NULL,NULL,NULL,5,3,1,6,1,1,2,2,7,3,N,NULL,Y,N,1603,1604,,N,NULL,49,,,N,,N,N,098-CR-1484-0,NULL,NULL,2019,O,7.23197E+11,098-CR-1484  -000,HIGH,098-CR-1484  -000,2.209,0,0,0,0,0,0,1,0,0,0,0,0,0
72345921,980100,2.019E+11,20190423,1726,,,US23,,,US0023,US0023,,,,N,N,NULL,NULL,NULL,N,NULL,NULL,NULL,NULL,NULL,NULL,32.006,NULL,NULL,NULL,NULL,,NULL,1,0,2,2,N,N,55,NULL,98,9801,NULL,,Y,37.5376,37,32.256,NULL,-82.60894,82,36.536,NULL,N,NULL,NULL,NULL,NULL,NULL,NULL,NULL,NULL,1,3,4,6,1,1,2,2,1,3,N,NULL,Y,Y,1726,1737,,N,NULL,55,,1,N,,N,N,,NULL,NULL,2019,C,7.23459E+11,098-US-0023  -000,MEDIUM,098-US-0023  -000,32.006,1,0,0,0,0,0,1,1,0,0,0,0,0
72316770,980100,2.019E+11,20190214,1504,,,HAMBLEY,,BLVD,,,0,098 CS-1222,CS1222,N,N,NULL,NULL,NULL,N,NULL,NULL,NULL,NULL,NULL,NULL,0.288,NULL,NULL,NULL,NULL,,NULL,0,0,2,2,N,N,25,NULL,98,9801,NULL,,Y,37.47602,37,28.561,NULL,-82.5228,82,31.368,NULL,N,NULL,NULL,NULL,NULL,NULL,NULL,NULL,NULL,8,3,2,6,1,1,2,2,1,3,N,NULL,Y,N,1504,1505,,N,NULL,53,,,N,,N,N,098-CS-1222-0,NULL,NULL,2019,O,7.23168E+11,098-CS-1222  -000,HIGH,098-CS-1222  -000,0.288,0,0,0,0,0,0,1,0,0,0,0,1,0
72306599,KSP0900,19-2057,20190119,1446,,,TOLER,,RD,KY0319,KY0319,,,,N,N,NULL,NULL,NULL,N,NULL,NULL,NULL,NULL,NULL,NULL,5.122,NULL,NULL,NULL,NULL,,NULL,0,0,2,2,N,N,55,NULL,98,9842,NULL,,Y,37.62166,37,37.3,NULL,-82.24398,82,14.639,NULL,N,NULL,NULL,NULL,NULL,NULL,NULL,NULL,NULL,1,3,2,6,1,5,6,2,7,3,N,NULL,N,N,1447,1453,1453,N,NULL,55,7,0,N,,N,N,,NULL,NULL,2019,O,7.23066E+11,098-KY-0319  -000,HIGH,098-KY-0319  -000,5.122,0,0,0,1,0,0,0,1,0,0,0,0,0
72320151,980100,2.019E+11,20190224,1242,,254,CASSIDY,,BLVD,,,0,098 CS-1191,CS1191,Y,N,NULL,NULL,NULL,N,NULL,NULL,NULL,NULL,NULL,NULL,0.278,NULL,NULL,NULL,NULL,,NULL,0,0,2,2,Y,N,NULL,NULL,98,9801,NULL,,Y,37.50496,37,30.297,NULL,-82.53642,82,32.185,NULL,N,NULL,NULL,NULL,NULL,NULL,NULL,NULL,NULL,1,97,NULL,6,1,1,3,2,5,3,N,NULL,Y,N,1243,1249,1249,N,NULL,90,,,N,,N,N,098-CS-1191-0,NULL,NULL,2019,NULL,7.23202E+11,098-CS-1191  -000,HIGH,098-CS-1191  -000,0.278,0,0,0,0,0,0,0,0,0,0,0,0,0