MasterFile,AgencyORINumber,LocalCode,CollisionDate,CollisionTime,CollisionDayWeekCode,RoadwayName_HouseBusinessNumber_,RoadwayName_RoadwayName_,RoadwayName_Direction_,RoadwayName_RoadwaySuffix_,RoadwayfromReport,CurrentRoadwayNumber,RoadwayNumberCoupletID,RSEUniqueGIS,RoadwayIdentifier,ParkingLotIndicator,IntersectionWith_Indicator_,IntersectionWith_NameRoadway_,IntersectionWith_Direction_,IntersectionWith_RoadwaySuffix_,BetweenStreets_Indicator_,BetweenStreets1_NameRoadway_,BetweenStreet1_Direction_,BetweenStreets1_RoadwaySuffix_,BetweenStreets2_NameRoadway_,BetweenStreets2_Direction_,BetweenStreets2_RoadwaySuffix_,Milepoint,ReportMilepointDeriveNumber,CurrentDerivedMiepointNumber,MilestoMilepoint,FeettoMilepoint,DirectionfromMilepoint_NSEW_,ValidMilepointIndicator,NumberInjured,NumberKilled,ofUnits,ofMotorVehicleUnits,Hit&RunIndicator,OneWayIndicator,SpeedLimitNumber,KilometersIndicator,CountyCode,CityCountyCode,MilesFromCity,DirectionFromCity_NSEW_,InCityLimitsIndicator,Latitude,LatitudeDegrees,LatitudeMinutes,LatitudeSeconds,Longitude,LongitudeDegrees,LongitudeMinutes,LongitudeSeconds,RampIndicator,RampFromIdentifier,RampFromDirCode,RampFromCoupletID,RSEUniqueGISRampFrom,RampToidentifier,RampToDirCode,RampToCoupletID,RSEUniqueGisRampTo,MannerofCollisionCode,LocationFirstEventCode,TotalLanes,RoadwayCharacterCode,RoadwaySurfaceCode,RoadwayConditionCode,WeatherCode,LightConditionCode,LandUseCode,SchoolBusRelatedCode,FirstAidSceneIndicator,CollDescPresentInd,InvestigationCompleteIndicator,PhotosTakenIndicator,TimeNotified,TimeArrived,TimeRoadwayOpened,PropertyDamageIndicator,DiagramPresentIndicator,DirectionalAnalysis,FunctionClassCode,NationalHwySysCode,EnforcementsIndicator,KARSCityCode,SecondaryCollisionIndicator,MedianCrossoverIndicator,RT_UNIQUE,MapIt,TimeLastLeft,YR,KABCO,MFNY,WorkingRID,RT_CONFIDENCE,KTC_RT,KTC_MP,Motorcyclist,CommercialVehicle,YoungDriver,MatureDriver,pedestrian,Bicyclist,Distracted,agressive,Impaired,Unrestrained,Intersection,RoadwayDeparture,MedXover
72356085,980200,ELK4125-64-19,20190406,1126,,,KY80,,,KY0080,KY0080,0,098 KY-80,KY0080,Y,N,NULL,NULL,NULL,N,NULL,NULL,NULL,NULL,NULL,NULL,5.666,NULL,NULL,NULL,NULL,,NULL,0,0,1,1,N,N,5,NULL,98,9802,NULL,,Y,37.29968,37,17.981,NULL,-82.32271,82,19.363,NULL,N,NULL,NULL,NULL,NULL,NULL,NULL,NULL,NULL,9,97,2,3,1,1,3,2,4,3,N,NULL,Y,N,1120,1126,1126,N,NULL,90,7,0,N,,N,N,098-KY-0080-0,NULL,NULL,2019,O,7.23561E+11,098-KY-0080  -000,HIGH,098-KY-0080  -000,5.666,0,0,0,0,0,0,0,0,0,0,0,0,0
72353424,980000,19-04-002,20190412,2100,,,COWPEN,,RD,KY2061,KY2061,0,098 KY-2061,KY2061,Y,N,NULL,NULL,NULL,N,NULL,NULL,NULL,NULL,NULL,NULL,0.037,NULL,NULL,NULL,NULL,,NULL,0,0,2,2,N,N,10,NULL,98,9807,NULL,,Y,37.52995,37,31.797,NULL,-82.57516,82,34.51,NULL,N,NULL,NULL,NULL,NULL,NULL,NULL,NULL,NULL,2,97,2,6,1,1,2,5,1,3,N,NULL,Y,Y,2240,2240,,N,NULL,90,,0,N,,N,N,098-KY-2061-0,NULL,NULL,2019,O,7.23534E+11,098-KY-2061  -000,HIGH,098-KY-2061  -000,0.037,0,0,0,0,0,0,1,0,0,0,0,0,0
72312452,KSP0900,19-3419,20190201,1847,,,TOLER,,RD,KY0319,KY0319,0,098 KY-319,KY0319,N,N,NULL,NULL,NULL,N,NULL,NULL,NULL,NULL,NULL,NULL,3.098,NULL,NULL,NULL,NULL,,NULL,0,0,1,1,N,N,55,NULL,98,9842,NULL,,Y,37.60436,37,36.262,NULL,-82.21901,82,13.141,NULL,N,NULL,NULL,NULL,NULL,NULL,NULL,NULL,NULL,9,3,2,6,1,5,3,6,7,3,N,NULL,Y,N,1851,1905,1905,N,NULL,38,7,0,N,,N,N,098-KY-0319-0,NULL,NULL,2019,O,7.23125E+11,098-KY-0319  -000,HIGH,098-KY-0319  -000,3.098,0,0,0,0,0,0,0,0,0,0,0,0,0
72349818,KSP0900,19-16076,20190505,844,,,KY1426,,,KY1426,KY1426,0,098 KY-1426,KY1426,N,N,NULL,NULL,NULL,N,NULL,NULL,NULL,NULL,NULL,NULL,13.53,NULL,NULL,NULL,NULL,,NULL,0,0,1,1,N,N,55,NULL,98,9828,NULL,,Y,37.55273,37,33.164,NULL,-82.45686,82,27.411,NULL,N,NULL,NULL,NULL,NULL,NULL,NULL,NULL,NULL,9,3,2,3,1,5,6,2,7,3,N,NULL,Y,N,845,851,851,N,NULL,44,7,0,N,,N,N,098-KY-1426-0,NULL,NULL,2019,O,7.23498E+11,098-KY-1426  -000,HIGH,098-KY-1426  -000,13.53,0,0,0,0,0,0,0,0,0,0,0,1,0
72299526,980100,2.019E+11,20190104,943,,519,MAYO,N,TRL,,,,,,Y,N,NULL,NULL,NULL,N,NULL,NULL,NULL,NULL,NULL,NULL,NULL,NULL,NULL,NULL,NULL,NULL,NULL,0,0,1,1,N,N,15,NULL,98,9801,NULL,,Y,37.49072,37,29.443,NULL,-82.53761,82,32.257,NULL,N,NULL,NULL,NULL,NULL,NULL,NULL,NULL,NULL,9,97,NULL,6,1,5,3,2,1,3,N,NULL,Y,N,943,951,,Y,NULL,90,,,N,,N,N,,NULL,NULL,2019,O,7.22995E+11,098-KY-3495  -000,MEDIUM,098-KY-3495  -000,0.409,0,0,0,0,0,0,0,0,0,0,0,1,0
72353768,980100,2.019E+11,20190516,1832,,,6TH,,ST,,,0,098 CS-1135,CS1135,N,N,NULL,NULL,NULL,N,NULL,NULL,NULL,NULL,NULL,NULL,0.018,NULL,NULL,NULL,NULL,,NULL,0,0,2,2,N,N,15,NULL,98,9801,NULL,,Y,37.48382,37,29.029,NULL,-82.52016,82,31.21,NULL,N,NULL,NULL,NULL,NULL,NULL,NULL,NULL,NULL,2,3,1,6,1,1,2,2,6,3,N,NULL,Y,N,1832,1837,1840,N,NULL,56,,,N,,N,N,098-CS-1135-0,NULL,NULL,2019,O,7.23538E+11,098-CS-1135  -000,HIGH,098-CS-1135  -000,0.018,0,0,0,1,0,0,1,0,0,0,0,0,0
72354990,KSP0900,19-17865,20190517,1538,,28970,US119,,,US0119,US0119,0,098 US-119,US0119,Y,N,NULL,NULL,NULL,N,NULL,NULL,NULL,NULL,NULL,NULL,24.812,NULL,NULL,NULL,NULL,,NULL,0,0,2,2,N,N,55,NULL,98,9834,NULL,,Y,37.66607,37,39.964,NULL,-82.27506,82,16.504,NULL,N,NULL,NULL,NULL,NULL,NULL,NULL,NULL,NULL,7,97,4,6,1,1,2,2,1,3,N,NULL,Y,N,1531,1613,1613,N,NULL,90,2,1,N,,N,N,098-US-0119-0,NULL,NULL,2019,O,7.2355E+11,098-US-0119  -000,HIGH,098-US-0119  -000,24.812,0,0,0,0,0,0,0,0,0,0,0,0,0
72303243,KSP0900,19-993,20190109,955,,,KY195 TURN LANE,,,KY0195,KY0195,0,098 KY-195-21,KY0195,N,N,NULL,NULL,NULL,N,NULL,NULL,NULL,NULL,NULL,NULL,0.021,NULL,NULL,NULL,NULL,,NULL,0,0,2,2,N,N,55,NULL,98,9830,NULL,,Y,37.36794,37,22.076,NULL,-82.41254,82,24.752,NULL,N,NULL,NULL,NULL,NULL,NULL,NULL,NULL,NULL,5,3,2,3,1,1,2,2,7,3,N,NULL,Y,N,1051,1142,955,N,NULL,49,8,0,N,,N,N,098-KY-0195-21,NULL,NULL,2019,O,7.23032E+11,098-KY-0195  -021,HIGH,098-KY-0195  -021,0.021,0,0,0,0,0,0,1,0,0,0,0,0,0
72299424,KSP0900,19-31,20190101,832,,31,EPLING,,AVE,,,0,098 CR-1625D,CR1625D,N,N,NULL,NULL,NULL,N,NULL,NULL,NULL,NULL,NULL,NULL,0.02,NULL,NULL,NULL,NULL,,NULL,0,0,1,1,Y,N,15,NULL,98,9802,NULL,,Y,37.29249,37,17.549,NULL,-82.36633,82,21.979,NULL,N,NULL,NULL,NULL,NULL,NULL,NULL,NULL,NULL,9,97,NULL,6,1,5,3,6,7,3,N,NULL,Y,N,805,832,832,Y,NULL,40,,,N,,N,N,098-CR-1625D-0,NULL,NULL,2019,NULL,7.22994E+11,098-CR-1625D -000,HIGH,098-CR-1625D -000,0.02,0,0,0,0,0,0,0,0,0,0,0,1,0
72304271,KSP0900,19-1810,20190117,252,,,BIG CREEK,E,RD,KY3220,KY3220,,,,N,N,NULL,NULL,NULL,N,NULL,NULL,NULL,NULL,NULL,NULL,2.13,NULL,NULL,NULL,NULL,,NULL,0,0,1,1,N,N,55,NULL,98,9833,NULL,,Y,37.61142,37,36.685,NULL,-82.33577,82,20.146,NULL,N,NULL,NULL,NULL,NULL,NULL,NULL,NULL,NULL,9,3,2,6,1,1,2,6,7,3,N,NULL,Y,N,254,330,400,N,NULL,70,8,0,N,,N,N,,NULL,NULL,2019,O,7.23043E+11,098-KY-3220  -000,HIGH,098-KY-3220  -000,2.13,0,0,0,0,0,0,0,0,0,0,0,0,0
72303964,KSP0900,19-1734,20190117,1150,,,KY194,,,KY0194,KY0194,0,098 KY-194,KY0194,N,N,NULL,NULL,NULL,N,NULL,NULL,NULL,NULL,NULL,NULL,25.875,NULL,NULL,NULL,NULL,,NULL,0,0,2,2,Y,N,55,NULL,98,9832,NULL,,Y,37.50536,37,30.322,NULL,-82.35812,82,21.487,NULL,N,NULL,NULL,NULL,NULL,NULL,NULL,NULL,NULL,7,3,2,3,1,1,3,2,7,3,N,NULL,N,N,1153,1219,1245,N,NULL,54,6,0,N,,N,N,098-KY-0194-0,NULL,NULL,2019,O,7.2304E+11,098-KY-0194  -000,HIGH,098-KY-0194  -000,25.875,0,0,0,0,0,0,0,0,0,0,0,1,0
72351483,KSP0900,19-17002,20190511,1320,,,KY122,,,KY0122,KY0122,0,098 KY-122,KY0122,N,N,NULL,NULL,NULL,N,NULL,NULL,NULL,NULL,NULL,NULL,10.026,NULL,NULL,NULL,NULL,,NULL,0,0,1,1,N,N,45,NULL,98,9823,NULL,,Y,37.38689,37,23.213,NULL,-82.54965,82,32.979,NULL,N,NULL,NULL,NULL,NULL,NULL,NULL,NULL,NULL,9,3,2,6,1,5,6,2,7,3,N,NULL,Y,N,1322,1343,,Y,NULL,44,,0,N,,N,N,098-KY-0122-0,NULL,NULL,2019,O,7.23515E+11,098-KY-0122  -000,HIGH,098-KY-0122  -000,10.026,0,0,1,0,0,0,0,0,0,0,0,1,0
72370541,KSP0900,19-22357,20190616,847,,,CHLOE,,RD,KY1460,KY1460,0,098 KY-1460,KY1460,N,N,NULL,NULL,NULL,N,NULL,NULL,NULL,NULL,NULL,NULL,1.86,NULL,NULL,NULL,NULL,,NULL,0,0,1,1,N,N,45,NULL,98,9801,NULL,,Y,37.45658,37,27.395,NULL,-82.47824,82,28.694,NULL,N,NULL,NULL,NULL,NULL,NULL,NULL,NULL,NULL,9,3,2,6,1,1,2,2,7,3,N,NULL,Y,N,850,930,,N,NULL,38,,0,N,,N,N,098-KY-1460-0,NULL,NULL,2019,O,7.23705E+11,098-KY-1460  -000,HIGH,098-KY-1460  -000,1.86,0,0,0,0,0,0,0,0,0,0,0,0,0
72350070,980500,2019AR037,20190508,1205,,,US23,,,US0023,US0023,0,098 US-23-10,US0023,Y,N,NULL,NULL,NULL,N,NULL,NULL,NULL,NULL,NULL,NULL,29.052,NULL,NULL,NULL,NULL,,NULL,0,0,2,2,Y,N,15,NULL,98,9807,NULL,,Y,37.52399,37,31.44,NULL,-82.57344,82,34.406,NULL,N,NULL,NULL,NULL,NULL,NULL,NULL,NULL,NULL,2,7,2,6,1,1,2,2,1,3,N,NULL,Y,Y,1210,1215,1215,N,NULL,90,,1,N,,N,N,098-US-0023-10,NULL,NULL,2019,NULL,7.23501E+11,098-US-0023  -010,HIGH,098-US-0023  -000,29.052,0,0,0,0,0,0,0,0,0,0,0,0,0
72307689,980100,2.019E+11,20190124,1841,,,TOWN MOUNTAIN,,RD,KY1426,KY1426,0,098 KY-1426,KY1426,N,N,NULL,NULL,NULL,N,NULL,NULL,NULL,NULL,NULL,NULL,9.172,NULL,NULL,NULL,NULL,,NULL,0,0,1,1,N,N,45,NULL,98,9801,NULL,,Y,37.50756,37,30.454,NULL,-82.489,82,29.34,NULL,N,NULL,NULL,NULL,NULL,NULL,NULL,NULL,NULL,9,3,2,5,1,5,3,4,7,3,N,NULL,Y,N,1841,1850,1909,N,NULL,40,,0,N,,N,N,098-KY-1426-0,NULL,NULL,2019,O,7.23077E+11,098-KY-1426  -000,HIGH,098-KY-1426  -000,9.172,0,0,0,0,0,0,0,0,0,0,0,1,0
72298848,KSP0900,19-00402,20190104,1345,,,ELKHORN,,CRK,KY0197,KY0197,0,098 KY-197,KY0197,N,N,NULL,NULL,NULL,N,NULL,NULL,NULL,NULL,NULL,NULL,3.302,NULL,NULL,NULL,NULL,,NULL,0,0,1,1,N,N,55,NULL,98,9864,NULL,,Y,37.22994,37,13.796,NULL,-82.52271,82,31.363,NULL,N,NULL,NULL,NULL,NULL,NULL,NULL,NULL,NULL,9,3,2,1,1,5,2,2,7,3,N,NULL,Y,N,1348,1404,,N,NULL,70,7,0,N,,N,N,098-KY-0197-0,NULL,NULL,2019,O,7.22988E+11,098-KY-0197  -000,HIGH,098-KY-0197  -000,3.302,0,0,0,0,0,0,0,0,0,0,0,1,0
72355295,KSP0900,19-18283,20190520,1239,,3459,ELKHORN,,CRK,KY0197,KY0197,0,098 KY-197,KY0197,N,N,NULL,NULL,NULL,N,NULL,NULL,NULL,NULL,NULL,NULL,13.19,NULL,NULL,NULL,NULL,,NULL,0,0,2,2,N,N,55,NULL,98,9801,NULL,,Y,37.27654,37,16.593,NULL,-82.3892,82,23.352,NULL,N,NULL,NULL,NULL,NULL,NULL,NULL,NULL,NULL,5,97,1,6,1,1,2,2,6,3,N,NULL,Y,N,1242,1334,1242,N,NULL,47,7,0,N,,N,N,098-KY-0197-0,NULL,NULL,2019,O,7.23553E+11,098-KY-0197  -000,HIGH,098-KY-0197  -000,13.19,0,0,0,0,0,0,1,0,0,0,0,0,0
72354672,KSP0900,19-17430,20190514,1723,,,COLLINS,,HWY,KY0122,KY0122,0,098 KY-122,KY0122,N,N,NULL,NULL,NULL,N,NULL,NULL,NULL,NULL,NULL,NULL,10.438,NULL,NULL,NULL,NULL,,NULL,2,0,2,2,N,N,45,NULL,98,9823,NULL,,Y,37.38765,37,23.259,NULL,-82.54308,82,32.585,NULL,N,NULL,NULL,NULL,NULL,NULL,NULL,NULL,NULL,7,3,2,6,1,1,2,2,7,3,Y,NULL,Y,Y,1724,1729,1735,N,NULL,54,,0,N,,N,N,098-KY-0122-0,NULL,NULL,2019,C,7.23547E+11,098-KY-0122  -000,HIGH,098-KY-0122  -000,10.438,0,0,0,0,0,0,1,1,0,0,0,1,0
72342150,KSP0900,19-13793,20190420,1130,,,POWELLS,,CRK,,,0,098 CR-1208,CR1208,N,N,NULL,NULL,NULL,N,NULL,NULL,NULL,NULL,NULL,NULL,2.746,NULL,NULL,NULL,NULL,,NULL,0,0,2,2,N,N,25,NULL,98,9801,NULL,,Y,37.40937,37,24.562,NULL,-82.38747,82,23.248,NULL,N,NULL,NULL,NULL,NULL,NULL,NULL,NULL,NULL,1,3,1,6,1,1,3,2,7,3,N,NULL,N,N,1133,1249,,N,NULL,55,,,N,,N,N,098-CR-1208-0,NULL,NULL,2019,O,7.23422E+11,098-CR-1208  -000,HIGH,098-CR-1208  -000,2.746,0,0,0,1,0,0,1,0,0,0,0,0,0
72349563,KSP0900,19-15576,20190502,810,,,KY194,,,KY0194,KY0194,0,098 KY-194,KY0194,N,N,NULL,NULL,NULL,N,NULL,NULL,NULL,NULL,NULL,NULL,57.471,NULL,NULL,NULL,NULL,,NULL,5,0,2,2,N,N,35,NULL,98,9804,NULL,,Y,37.5372,37,32.232,NULL,-82.16293,82,9.776,NULL,N,NULL,NULL,NULL,NULL,NULL,NULL,NULL,NULL,7,3,2,3,1,5,3,2,7,3,Y,NULL,Y,Y,800,825,900,N,NULL,54,7,0,N,,N,N,098-KY-0194-0,NULL,NULL,2019,B,7.23496E+11,098-KY-0194  -000,HIGH,098-KY-0194  -000,57.471,0,1,0,0,0,0,0,0,0,1,0,1,0
72316215,980000,19-02-004,20190214,1521,,,US119,,,US0119,US0119,0,098 US-119-10,US0119,N,N,NULL,NULL,NULL,N,NULL,NULL,NULL,NULL,NULL,NULL,1.976,NULL,NULL,NULL,NULL,,NULL,0,0,2,2,N,N,55,NULL,98,9801,NULL,,Y,37.51247,37,30.748,NULL,-82.4998,82,29.988,NULL,N,NULL,NULL,NULL,NULL,NULL,NULL,NULL,NULL,5,3,2,6,1,1,2,2,7,3,N,NULL,Y,Y,1521,1543,1543,N,NULL,49,2,1,N,,N,N,098-US-0119-10,NULL,NULL,2019,O,7.23162E+11,098-US-0119  -010,HIGH,098-US-0119  -000,1.976,0,0,1,0,0,0,0,0,0,0,0,0,0
72368072,KSP0900,19-21732,20190611,2143,,,FERRELLS CREEK,,RD,US0460,US0460,0,098 US-460,US0460,N,N,NULL,NULL,NULL,N,NULL,NULL,NULL,NULL,NULL,NULL,14.396,NULL,NULL,NULL,NULL,,NULL,2,0,1,1,N,N,55,NULL,98,9802,NULL,,Y,37.34224,37,20.535,NULL,-82.37411,82,22.446,NULL,N,NULL,NULL,NULL,NULL,NULL,NULL,NULL,NULL,9,3,2,3,1,1,2,6,7,3,Y,NULL,Y,Y,2146,2153,2220,Y,NULL,40,,1,Y,,N,N,098-US-0460-0,NULL,NULL,2019,A,7.23681E+11,098-US-0460  -000,HIGH,098-US-0460  -000,14.396,0,0,0,0,0,0,0,0,1,0,0,1,0
72299541,980000,19-01-001,20190102,1946,,960,KY122,,,KY0122,KY0122,0,098 KY-122,KY0122,Y,N,NULL,NULL,NULL,N,NULL,NULL,NULL,NULL,NULL,NULL,4.035,NULL,NULL,NULL,NULL,,NULL,0,0,2,2,N,N,NULL,NULL,98,9823,6.3,W,N,37.3406,37,20.436,NULL,-82.60628,82,36.376,NULL,N,NULL,NULL,NULL,NULL,NULL,NULL,NULL,NULL,2,97,2,6,1,1,2,4,5,3,N,NULL,Y,Y,1948,1956,1956,N,NULL,90,,0,N,,N,N,098-KY-0122-0,NULL,NULL,2019,O,7.22995E+11,098-KY-0122  -000,HIGH,098-KY-0122  -000,4.035,0,0,0,0,0,0,1,0,0,0,0,0,0
72301800,KSP0900,19-1308,20190111,2220,,,US23,,,US0023,US0023,0,098 US-23,US0023,N,N,NULL,NULL,NULL,N,NULL,NULL,NULL,NULL,NULL,NULL,12.567,NULL,NULL,NULL,NULL,,NULL,0,0,1,1,N,N,55,NULL,98,9801,NULL,,Y,37.36906,37,22.144,NULL,-82.54758,82,32.854,NULL,N,NULL,NULL,NULL,NULL,NULL,NULL,NULL,NULL,9,4,4,3,1,5,2,6,7,3,N,NULL,Y,N,2223,2229,2229,N,NULL,51,,1,N,,N,N,098-US-0023-0,NULL,NULL,2019,O,7.23018E+11,098-US-0023  -000,HIGH,098-US-0023  -000,12.567,0,0,1,0,0,0,0,1,0,0,0,1,0
72302082,KSP0900,19-01147,20190110,1544,,,US460,,,US0460,US0460,0,098 US-460,US0460,N,N,NULL,NULL,NULL,N,NULL,NULL,NULL,NULL,NULL,NULL,6.245,NULL,NULL,NULL,NULL,,NULL,0,0,1,1,N,N,55,NULL,98,9832,NULL,,Y,37.40033,37,24.019,NULL,-82.43305,82,25.983,NULL,N,NULL,NULL,NULL,NULL,NULL,NULL,NULL,NULL,9,4,2,1,1,1,2,2,7,3,N,NULL,Y,N,1546,1557,,N,NULL,40,,1,N,,N,N,098-US-0460-0,NULL,NULL,2019,O,7.23021E+11,098-US-0460  -000,HIGH,098-US-0460  -000,6.245,0,0,0,1,0,0,0,0,0,0,0,1,0
72331919,980100,2.019E+11,20190323,1126,,,CASSIDY,,BLVD,,,0,098 CS-1191,CS1191,Y,N,NULL,NULL,NULL,N,NULL,NULL,NULL,NULL,NULL,NULL,0.062,NULL,NULL,NULL,NULL,,NULL,0,0,2,2,N,N,15,NULL,98,9801,NULL,,Y,37.50367,37,30.22,NULL,-82.53316,82,31.99,NULL,N,NULL,NULL,NULL,NULL,NULL,NULL,NULL,NULL,2,97,1,6,1,1,2,2,1,3,N,NULL,Y,N,1127,1137,,N,NULL,90,,,N,,N,N,098-CS-1191-0,NULL,NULL,2019,O,7.23319E+11,098-CS-1191  -000,HIGH,098-CS-1191  -000,0.062,0,0,0,1,0,0,1,0,0,0,0,0,0
72302898,KSP0900,19-933,20190108,1950,,,KY1426,,,KY1426,KY1426,0,098 KY-1426,KY1426,N,N,NULL,NULL,NULL,N,NULL,NULL,NULL,NULL,NULL,NULL,11.714,NULL,NULL,NULL,NULL,,NULL,0,0,1,1,N,N,55,NULL,98,9828,NULL,,Y,37.53273,37,31.964,NULL,-82.46786,82,28.072,NULL,N,NULL,NULL,NULL,NULL,NULL,NULL,NULL,NULL,9,3,2,3,1,1,3,6,7,3,N,NULL,Y,N,1950,2018,1950,N,NULL,40,7,0,N,,N,N,098-KY-1426-0,NULL,NULL,2019,O,7.23029E+11,098-KY-1426  -000,HIGH,098-KY-1426  -000,11.714,0,0,1,0,0,0,0,0,0,0,0,1,0
72308030,KSP0900,2019-2466,20190123,1400,,,LEFT FORK BLACKBERRY,,RD,,,,,,N,N,NULL,NULL,NULL,N,NULL,NULL,NULL,NULL,NULL,NULL,0.18,NULL,NULL,NULL,NULL,,NULL,0,0,2,2,N,N,35,NULL,98,9863,NULL,,Y,37.52495,37,31.497,NULL,-82.21179,82,12.708,NULL,N,NULL,NULL,NULL,NULL,NULL,NULL,NULL,NULL,7,3,1,6,1,1,2,2,7,3,N,NULL,N,N,1400,1425,1435,N,NULL,54,,,N,,N,N,,NULL,NULL,2019,O,7.2308E+11,098-CR-1809  -000,HIGH,098-CR-1809  -000,0.18,0,0,0,0,0,0,1,0,0,0,0,1,0
72298284,KSP0900,    19-146,20190102,1224,,,US119,,,US0119,US0119,0,098 US-119,US0119,N,N,NULL,NULL,NULL,N,NULL,NULL,NULL,NULL,NULL,NULL,9.927,NULL,NULL,NULL,NULL,,NULL,0,0,2,2,N,N,55,NULL,98,9820,NULL,,Y,37.58199,37,34.919,NULL,-82.40707,82,24.424,NULL,N,NULL,NULL,NULL,NULL,NULL,NULL,NULL,NULL,8,3,2,6,1,1,3,2,7,3,N,NULL,N,N,1224,1240,1240,N,NULL,53,2,1,N,,N,N,098-US-0119-0,NULL,NULL,2019,O,7.22983E+11,098-US-0119  -000,HIGH,098-US-0119  -000,9.927,0,0,0,1,0,0,1,0,0,0,0,1,0
72311876,KSP0900,19-3779,20190204,2027,,,US23,,,US0023,US0023,0,098 US-23-10,US0023,N,N,NULL,NULL,NULL,N,NULL,NULL,NULL,NULL,NULL,NULL,12.11,NULL,NULL,NULL,NULL,,NULL,0,0,1,1,N,N,55,NULL,98,9827,5,S,N,37.36469,37,21.881,NULL,-82.55323,82,33.194,NULL,N,NULL,NULL,NULL,NULL,NULL,NULL,NULL,NULL,9,3,4,6,1,5,3,6,7,3,N,NULL,Y,N,2030,2043,2043,N,NULL,38,,1,N,,N,N,098-US-0023-10,NULL,NULL,2019,O,7.23119E+11,098-US-0023  -010,HIGH,098-US-0023  -000,12.11,0,0,0,0,0,0,0,0,0,0,0,0,0
72359748,KSP0900,2019-19223,20190526,1524,,,US23,,,US0023,US0023,0,098 US-23-10,US0023,Y,N,NULL,NULL,NULL,N,NULL,NULL,NULL,NULL,NULL,NULL,NULL,NULL,NULL,NULL,NULL,,NULL,0,0,2,2,N,N,10,NULL,98,9807,NULL,,Y,37.52029,37,31.218,NULL,-82.56826,82,34.096,NULL,N,NULL,NULL,NULL,NULL,NULL,NULL,NULL,NULL,2,97,NULL,6,1,1,2,2,1,3,N,NULL,Y,N,1530,1535,1605,N,NULL,90,,1,N,,N,N,098-US-0023-10,NULL,NULL,2019,O,7.23597E+11,098-US-0023  -010,HIGH,098-US-0023  -000,28.677,0,0,0,0,0,0,1,0,0,0,0,0,0
72334853,980100,2.019E+11,20190403,1718,,120,JUSTICE,,WAY,,,0,098 CS-1191,CS1191,Y,N,NULL,NULL,NULL,N,NULL,NULL,NULL,NULL,NULL,NULL,NULL,NULL,NULL,NULL,NULL,NULL,NULL,0,0,2,2,N,N,15,NULL,98,9801,NULL,,Y,37.506,37,30.36,NULL,-82.53794,82,32.276,NULL,N,NULL,NULL,NULL,NULL,NULL,NULL,NULL,NULL,8,97,NULL,6,1,1,2,2,1,3,N,NULL,Y,N,1718,1729,,N,NULL,90,,,N,,N,N,098-CS-1191-0,NULL,NULL,2019,O,7.23349E+11,098-CS-1191  -000,HIGH,098-CS-1191  -000,0.346,0,0,0,1,0,0,0,0,0,1,0,0,0
72357371,KSP0900,19-17934,20190517,2245,,,US23,,,US0023,US0023,0,098 US-23,US0023,N,N,NULL,NULL,NULL,N,NULL,NULL,NULL,NULL,NULL,NULL,28.664,NULL,NULL,NULL,NULL,,NULL,1,0,2,2,N,N,55,NULL,98,9807,NULL,,Y,37.52042,37,31.225,NULL,-82.5679,82,34.074,NULL,N,NULL,NULL,NULL,NULL,NULL,NULL,NULL,NULL,1,3,4,6,1,1,2,5,7,3,N,NULL,Y,Y,2250,2308,,N,NULL,55,,1,N,,N,N,098-US-0023-0,NULL,NULL,2019,B,7.23574E+11,098-US-0023  -000,HIGH,098-US-0023  -000,28.664,0,0,1,0,0,0,0,1,0,0,0,0,0
72301346,KSP0900,19-00615,20190105,1203,,5284,COLLINS,,HWY,KY0122,KY0122,0,098 KY-122,KY0122,Y,N,NULL,NULL,NULL,N,NULL,NULL,NULL,NULL,NULL,NULL,10.723,NULL,NULL,NULL,NULL,,NULL,0,0,2,2,N,N,15,NULL,98,9801,NULL,,Y,37.38724,37,23.234,NULL,-82.53789,82,32.273,NULL,N,NULL,NULL,NULL,NULL,NULL,NULL,NULL,NULL,2,97,1,6,1,1,2,2,1,3,N,NULL,Y,N,921,946,921,N,NULL,90,,0,N,,N,N,098-KY-0122-0,NULL,NULL,2019,O,7.23013E+11,098-KY-0122  -000,HIGH,098-KY-0122  -000,10.723,0,1,0,0,0,0,0,0,0,0,0,0,0
72321634,KSP0900,19-5001,20190214,2130,,,US23,,,US0023,US0023,0,098 US-23-10,US0023,N,N,NULL,NULL,NULL,N,NULL,NULL,NULL,NULL,NULL,NULL,28.888,NULL,NULL,NULL,NULL,,NULL,2,0,2,2,N,N,55,NULL,98,9807,NULL,,Y,37.52245,37,31.347,NULL,-82.57065,82,34.239,NULL,N,NULL,NULL,NULL,NULL,NULL,NULL,NULL,NULL,1,3,4,6,1,1,2,6,7,3,N,NULL,Y,N,2132,2213,2313,N,NULL,55,,1,N,,N,N,098-US-0023-10,NULL,NULL,2019,C,7.23216E+11,098-US-0023  -010,HIGH,098-US-0023  -000,28.888,0,0,0,1,0,0,1,1,0,1,0,0,0
72362621,KSP0900,19-19819,20190530,1028,,,US460,,,US0460,US0460,0,098 US-460,US0460,N,N,NULL,NULL,NULL,N,NULL,NULL,NULL,NULL,NULL,NULL,2.678,NULL,NULL,NULL,NULL,,NULL,1,0,2,2,N,N,55,NULL,98,9801,NULL,,Y,37.43135,37,25.881,NULL,-82.48093,82,28.856,NULL,N,NULL,NULL,NULL,NULL,NULL,NULL,NULL,NULL,1,3,2,6,1,1,3,2,7,3,N,NULL,Y,N,1030,1044,,N,NULL,55,,1,N,,N,N,098-US-0460-0,NULL,NULL,2019,C,7.23626E+11,098-US-0460  -000,HIGH,098-US-0460  -000,2.678,0,0,0,0,0,0,1,1,0,0,0,0,0