MasterFile,AgencyORINumber,LocalCode,CollisionDate,CollisionTime,CollisionDayWeekCode,RoadwayName_HouseBusinessNumber_,RoadwayName_RoadwayName_,RoadwayName_Direction_,RoadwayName_RoadwaySuffix_,RoadwayfromReport,CurrentRoadwayNumber,RoadwayNumberCoupletID,RSEUniqueGIS,RoadwayIdentifier,ParkingLotIndicator,IntersectionWith_Indicator_,IntersectionWith_NameRoadway_,IntersectionWith_Direction_,IntersectionWith_RoadwaySuffix_,BetweenStreets_Indicator_,BetweenStreets1_NameRoadway_,BetweenStreet1_Direction_,BetweenStreets1_RoadwaySuffix_,BetweenStreets2_NameRoadway_,BetweenStreets2_Direction_,BetweenStreets2_RoadwaySuffix_,Milepoint,ReportMilepointDeriveNumber,CurrentDerivedMiepointNumber,MilestoMilepoint,FeettoMilepoint,DirectionfromMilepoint_NSEW_,ValidMilepointIndicator,NumberInjured,NumberKilled,ofUnits,ofMotorVehicleUnits,Hit&RunIndicator,OneWayIndicator,SpeedLimitNumber,KilometersIndicator,CountyCode,CityCountyCode,MilesFromCity,DirectionFromCity_NSEW_,InCityLimitsIndicator,Latitude,LatitudeDegrees,LatitudeMinutes,LatitudeSeconds,Longitude,LongitudeDegrees,LongitudeMinutes,LongitudeSeconds,RampIndicator,RampFromIdentifier,RampFromDirCode,RampFromCoupletID,RSEUniqueGISRampFrom,RampToidentifier,RampToDirCode,RampToCoupletID,RSEUniqueGisRampTo,MannerofCollisionCode,LocationFirstEventCode,TotalLanes,RoadwayCharacterCode,RoadwaySurfaceCode,RoadwayConditionCode,WeatherCode,LightConditionCode,LandUseCode,SchoolBusRelatedCode,FirstAidSceneIndicator,CollDescPresentInd,InvestigationCompleteIndicator,PhotosTakenIndicator,TimeNotified,TimeArrived,TimeRoadwayOpened,PropertyDamageIndicator,DiagramPresentIndicator,DirectionalAnalysis,FunctionClassCode,NationalHwySysCode,EnforcementsIndicator,KARSCityCode,SecondaryCollisionIndicator,MedianCrossoverIndicator,RT_UNIQUE,MapIt,TimeLastLeft,YR,KABCO,MFNY,WorkingRID,RT_CONFIDENCE,KTC_RT,KTC_MP,Motorcyclist,CommercialVehicle,YoungDriver,MatureDriver,pedestrian,Bicyclist,Distracted,agressive,Impaired,Unrestrained,Intersection,RoadwayDeparture,MedXover
72329473,980100,2.019E+11,20190319,1105,,,PMC PARKING GARAGE,,,,,,,,Y,N,NULL,NULL,NULL,N,NULL,NULL,NULL,NULL,NULL,NULL,NULL,NULL,NULL,NULL,NULL,NULL,NULL,1,0,1,1,N,N,10,NULL,98,9801,NULL,,Y,37.47247,37,28.348,NULL,-82.52281,82,31.369,NULL,N,NULL,NULL,NULL,NULL,NULL,NULL,NULL,NULL,9,97,2,6,2,1,3,2,5,3,Y,NULL,Y,N,1105,1112,1112,N,NULL,90,,,N,,N,N,,NULL,NULL,2019,C,7.23295E+11,098-CS-1223  -000,MEDIUM,098-CS-1223  -000,0.019,0,0,0,0,0,0,1,0,0,0,0,1,0
72303429,KSP0900,19-00632,20190106,1251,,,KY292,,,KY0292,KY0292,,,,N,N,NULL,NULL,NULL,N,NULL,NULL,NULL,NULL,NULL,NULL,3.116,NULL,NULL,NULL,NULL,,NULL,1,0,1,1,N,N,45,NULL,98,9869,NULL,,Y,37.66046,37,39.628,NULL,-82.24214,82,14.528,NULL,N,NULL,NULL,NULL,NULL,NULL,NULL,NULL,NULL,9,3,2,6,1,5,6,2,7,3,Y,NULL,Y,Y,1300,1302,1332,N,NULL,44,8,0,N,,N,N,,NULL,NULL,2019,B,7.23034E+11,098-KY-0292  -000,MEDIUM,098-KY-0292  -000,3.116,0,0,0,0,0,0,0,0,0,0,0,1,0
72303849,980200,ELK4125-10-19,20190112,1555,,,PATTY LOVELESS,S,DR,KY0080,KY0080,0,098 KY-80,KY0080,N,N,NULL,NULL,NULL,N,NULL,NULL,NULL,NULL,NULL,NULL,5.008,NULL,NULL,NULL,NULL,,NULL,0,0,1,1,N,N,55,NULL,98,9802,NULL,,Y,37.29448,37,17.669,NULL,-82.32639,82,19.584,NULL,N,NULL,NULL,NULL,NULL,NULL,NULL,NULL,NULL,9,3,2,3,1,5,6,2,1,3,N,NULL,Y,N,1539,1545,1555,N,NULL,70,7,0,N,,N,N,098-KY-0080-0,NULL,NULL,2019,O,7.23038E+11,098-KY-0080  -000,HIGH,098-KY-0080  -000,5.008,0,0,0,0,0,0,0,0,0,0,0,1,0
72303288,KSP0900,19-823,20190107,2158,,,STONE COAL CREEK,,RD,KY3227,KY3227,0,098 KY-3227,KY3227,N,N,NULL,NULL,NULL,N,NULL,NULL,NULL,NULL,NULL,NULL,4.101,NULL,NULL,NULL,NULL,,NULL,0,0,1,1,N,N,55,NULL,98,9801,NULL,,Y,37.5478,37,32.868,NULL,-82.51023,82,30.614,NULL,N,NULL,NULL,NULL,NULL,NULL,NULL,NULL,NULL,9,6,1,5,1,1,2,6,7,3,N,NULL,Y,N,2200,2206,2208,N,NULL,44,8,0,Y,,N,N,098-KY-3227-0,NULL,NULL,2019,O,7.23033E+11,098-KY-3227  -000,HIGH,098-KY-3227  -000,4.101,0,0,0,0,0,0,0,0,1,0,0,1,0
72315018,980100,2.019E+11,20190211,1634,,,BYPASS,S,RD,KY1426,KY1426,,,,N,Y,RIVER DR CONN,,,N,NULL,NULL,NULL,NULL,NULL,NULL,5.643,NULL,NULL,NULL,NULL,,NULL,0,0,2,2,N,N,45,NULL,98,9801,NULL,,Y,37.47257,37,28.354,NULL,-82.52368,82,31.421,NULL,N,NULL,NULL,NULL,NULL,NULL,NULL,NULL,NULL,5,3,2,6,1,5,6,2,7,3,N,NULL,Y,N,1634,1635,1635,N,NULL,35,,0,N,,N,N,,NULL,NULL,2019,O,7.2315E+11,098-KY-1426  -000,HIGH,098-KY-1426  -000,5.643,0,0,0,0,0,0,1,1,0,0,1,0,0
72310814,980100,2.019E+11,20190131,1743,,,POPLAR,,ST,,,,,,N,Y,WILLOW,,ST,N,NULL,NULL,NULL,NULL,NULL,NULL,0.168,NULL,NULL,NULL,NULL,,NULL,1,0,1,1,N,N,15,NULL,98,9801,NULL,,Y,37.4809,37,28.854,NULL,-82.52219,82,31.332,NULL,N,NULL,NULL,NULL,NULL,NULL,NULL,NULL,NULL,9,5,1,4,1,1,2,2,6,3,Y,NULL,Y,Y,1743,1747,1835,Y,NULL,4,,,N,,N,N,,NULL,NULL,2019,C,7.23108E+11,098-CS-1160  -000,MEDIUM,098-CS-1160  -000,0.168,0,0,0,0,0,0,0,0,0,0,1,0,0
72321824,980100,2.019E+11,20190301,1214,,,BYPASS,S,RD,KY1426,KY1426,,,,N,N,NULL,NULL,NULL,N,NULL,NULL,NULL,NULL,NULL,NULL,5.526,NULL,NULL,NULL,NULL,,NULL,0,0,2,2,N,N,45,NULL,98,9801,NULL,,Y,37.47234,37,28.341,NULL,-82.5258,82,31.548,NULL,N,NULL,NULL,NULL,NULL,NULL,NULL,NULL,NULL,1,3,3,6,1,5,6,2,7,3,N,NULL,Y,N,1214,1223,1223,N,NULL,55,,0,N,,N,N,,NULL,NULL,2019,O,7.23218E+11,098-KY-1426  -000,HIGH,098-KY-1426  -000,5.526,0,0,0,0,0,0,1,0,0,0,0,0,0
72299232,980100,2.019E+11,20190103,1530,,,BYPASS,N,RD,KY1460,KY1460,,,,N,N,NULL,NULL,NULL,N,NULL,NULL,NULL,NULL,NULL,NULL,5.171,NULL,NULL,NULL,NULL,,NULL,1,0,3,3,N,N,45,NULL,98,9801,NULL,,Y,37.48405,37,29.043,NULL,-82.51447,82,30.868,NULL,N,NULL,NULL,NULL,NULL,NULL,NULL,NULL,NULL,5,3,2,6,1,1,2,2,7,3,Y,NULL,Y,N,1530,1535,1541,N,NULL,70,16,0,N,,Y,N,,NULL,NULL,2019,C,7.22992E+11,098-KY-1460  -000,HIGH,098-KY-1460  -000,5.171,0,0,0,1,0,0,1,0,0,0,0,0,0
72317785,980100,2.019E+11,20190201,1132,,911,BYPASS,S,RD,KY1426,KY1426,,,,Y,N,NULL,NULL,NULL,N,NULL,NULL,NULL,NULL,NULL,NULL,5.689,NULL,NULL,NULL,NULL,,NULL,0,0,2,2,Y,N,10,NULL,98,9801,NULL,,Y,37.4728,37,28.368,NULL,-82.52288,82,31.373,NULL,N,NULL,NULL,NULL,NULL,NULL,NULL,NULL,NULL,7,97,1,1,2,1,2,2,1,3,N,NULL,N,N,1132,1141,1141,N,NULL,90,,0,N,,N,N,,NULL,NULL,2019,NULL,7.23178E+11,098-KY-1426  -000,HIGH,098-KY-1426  -000,5.689,0,0,0,0,0,0,0,0,0,0,0,0,0
72357022,980100,2.019E+11,20190422,1658,,,THOMPSON,,RD,,,0,098 CS-1215,CS1215,Y,N,NULL,NULL,NULL,N,NULL,NULL,NULL,NULL,NULL,NULL,0.507,NULL,NULL,NULL,NULL,,NULL,0,0,2,2,N,N,NULL,NULL,98,9801,NULL,,Y,37.50604,37,30.362,NULL,-82.54354,82,32.612,NULL,N,NULL,NULL,NULL,NULL,NULL,NULL,NULL,NULL,2,97,1,6,1,1,2,2,1,3,N,NULL,Y,N,1700,1712,,N,NULL,90,,,N,,N,N,098-CS-1215-0,NULL,NULL,2019,NULL,7.2357E+11,098-CS-1215  -000,HIGH,098-CS-1215  -000,0.507,0,0,0,0,0,0,1,0,0,0,0,0,0
72346530,KSP0900,19-14396,20190423,1525,,,US460,,,US0460,US0460,0,098 US-460,US0460,N,N,NULL,NULL,NULL,N,NULL,NULL,NULL,NULL,NULL,NULL,6.267,NULL,NULL,NULL,NULL,,NULL,3,0,2,2,N,N,55,NULL,98,9801,6,E,N,37.39999,37,23.999,NULL,-82.43305,82,25.983,NULL,N,NULL,NULL,NULL,NULL,NULL,NULL,NULL,NULL,1,3,2,6,1,1,2,2,6,3,Y,NULL,Y,Y,1525,1535,,N,NULL,55,,1,N,,N,N,098-US-0460-0,NULL,NULL,2019,C,7.23465E+11,098-US-0460  -000,HIGH,098-US-0460  -000,6.267,0,0,1,0,0,0,0,0,0,0,0,0,0
72317670,980100,2.019E+11,20190219,737,,,US23,,,US0023,US0023,0,098 US-23,US0023,N,N,NULL,NULL,NULL,N,NULL,NULL,NULL,NULL,NULL,NULL,24.568,NULL,NULL,NULL,NULL,,NULL,0,0,1,1,N,N,55,NULL,98,9801,NULL,,Y,37.48258,37,28.955,NULL,-82.5435,82,32.61,NULL,N,NULL,NULL,NULL,NULL,NULL,NULL,NULL,NULL,9,4,4,6,1,1,2,2,1,3,N,NULL,Y,N,737,742,803,N,NULL,51,,1,N,,N,N,098-US-0023-0,NULL,NULL,2019,O,7.23177E+11,098-US-0023  -000,HIGH,098-US-0023  -000,24.568,0,0,1,0,0,0,0,0,0,0,0,1,0
72307349,980100,2.019E+11,20190123,1707,,,BYPASS,N,RD,KY1460,KY1460,0,098 KY-1460,KY1460,N,N,NULL,NULL,NULL,N,NULL,NULL,NULL,NULL,NULL,NULL,6.212,NULL,NULL,NULL,NULL,,NULL,0,0,2,2,N,N,45,NULL,98,9801,NULL,,Y,37.48569,37,29.141,NULL,-82.53137,82,31.883,NULL,N,NULL,NULL,NULL,NULL,NULL,NULL,NULL,NULL,6,3,2,6,1,1,3,2,6,3,N,NULL,Y,N,1707,1711,1748,N,NULL,70,16,0,N,,N,N,098-KY-1460-0,NULL,NULL,2019,O,7.23073E+11,098-KY-1460  -000,HIGH,098-KY-1460  -000,6.212,0,0,1,0,0,0,1,0,0,1,0,1,0
72353560,KSP0900,19-16042,20190505,230,,,KY1499,,,KY1499,KY1499,0,098 KY-1499,KY1499,N,N,NULL,NULL,NULL,N,NULL,NULL,NULL,NULL,NULL,NULL,1.137,NULL,NULL,NULL,NULL,,NULL,1,0,1,1,N,N,55,NULL,98,9847,2,N,N,37.39692,37,23.815,NULL,-82.25713,82,15.428,NULL,N,NULL,NULL,NULL,NULL,NULL,NULL,NULL,NULL,9,4,2,6,1,5,6,4,6,3,N,NULL,Y,Y,230,258,,N,NULL,44,7,0,Y,,N,N,098-KY-1499-0,NULL,NULL,2019,B,7.23536E+11,098-KY-1499  -000,HIGH,098-KY-1499  -000,1.137,0,0,0,0,0,0,0,0,1,1,0,1,0
72303428,KSP0900,19-00654,20190106,1515,,,MALL,S,RD,,,,,,Y,N,NULL,NULL,NULL,N,NULL,NULL,NULL,NULL,NULL,NULL,0.205,NULL,NULL,NULL,NULL,,NULL,0,0,2,2,Y,N,15,NULL,98,9834,NULL,,Y,37.65393,37,39.236,NULL,-82.27231,82,16.338,NULL,N,NULL,NULL,NULL,NULL,NULL,NULL,NULL,NULL,1,7,NULL,6,1,1,2,2,1,3,N,NULL,N,N,1515,1518,1518,N,NULL,90,,,N,,N,N,,NULL,NULL,2019,NULL,7.23034E+11,098-PR-1010  -000,LOW,098-PR-1010  -000,0.205,0,0,0,0,0,0,0,0,0,0,0,1,0
72337470,980100,2.019E+11,20190409,1740,,,BYPASS,S,RD,KY1426,KY1426,,,,Y,N,NULL,NULL,NULL,N,NULL,NULL,NULL,NULL,NULL,NULL,6.289,NULL,NULL,NULL,NULL,,NULL,0,0,2,2,N,N,5,NULL,98,9801,NULL,,Y,37.47884,37,28.73,NULL,-82.51531,82,30.919,NULL,N,NULL,NULL,NULL,NULL,NULL,NULL,NULL,NULL,2,97,1,6,1,1,2,2,1,3,N,NULL,Y,N,1740,1744,1744,N,NULL,90,,0,N,,N,N,,NULL,NULL,2019,O,7.23375E+11,098-KY-1426  -000,HIGH,098-KY-1426  -000,6.289,0,0,0,0,0,0,0,0,0,0,0,0,0
72310139,KSP0900,19-1570,20190114,1835,,,TOLER,,RD,KY0319,KY0319,0,098 KY-319,KY0319,N,N,NULL,NULL,NULL,N,NULL,NULL,NULL,NULL,NULL,NULL,1.619,NULL,NULL,NULL,NULL,,NULL,0,0,1,1,N,N,55,NULL,98,9863,NULL,,Y,37.59204,37,35.523,NULL,-82.20194,82,12.117,NULL,N,NULL,NULL,NULL,NULL,NULL,NULL,NULL,NULL,9,3,2,1,1,5,6,6,7,3,N,NULL,Y,N,1835,1850,1855,N,NULL,44,7,0,N,,N,N,098-KY-0319-0,NULL,NULL,2019,O,7.23101E+11,098-KY-0319  -000,HIGH,098-KY-0319  -000,1.619,0,0,0,0,0,0,0,0,0,0,0,1,0
72358305,KSP0900,19-19346,20190527,851,,,US119,,,US0119,US0119,0,098 US-119,US0119,N,N,NULL,NULL,NULL,N,NULL,NULL,NULL,NULL,NULL,NULL,0.416,NULL,NULL,NULL,NULL,,NULL,0,0,1,1,N,N,55,NULL,98,9801,NULL,,Y,37.50605,37,30.363,NULL,-82.52518,82,31.511,NULL,N,NULL,NULL,NULL,NULL,NULL,NULL,NULL,NULL,9,3,2,6,1,1,3,2,3,3,N,NULL,N,N,851,913,913,N,NULL,38,2,1,N,,N,N,098-US-0119-0,NULL,NULL,2019,O,7.23583E+11,098-US-0119  -000,HIGH,098-US-0119  -000,0.416,0,0,0,0,0,0,0,0,0,0,0,0,0
72353352,KSP0900,19-17032,20190511,1836,,,US23,,,US0023,US0023,0,098 US-23-10,US0023,Y,N,NULL,NULL,NULL,N,NULL,NULL,NULL,NULL,NULL,NULL,28.92,NULL,NULL,NULL,NULL,,NULL,0,0,2,2,N,N,15,NULL,98,9807,NULL,,Y,37.52266,37,31.359,NULL,-82.5714,82,34.284,NULL,N,NULL,NULL,NULL,NULL,NULL,NULL,NULL,NULL,2,97,1,6,1,5,3,2,1,3,N,NULL,Y,N,1836,1851,1836,N,NULL,90,,1,N,,N,N,098-US-0023-10,NULL,NULL,2019,O,7.23534E+11,098-US-0023  -010,HIGH,098-US-0023  -000,28.92,0,0,0,1,0,0,1,0,0,0,0,0,0
72308007,980100,2.019E+11,20190125,1700,,,HAROLDS BRANCH,,RD,,,0,098 CS-1223,CS1223,N,N,NULL,NULL,NULL,N,NULL,NULL,NULL,NULL,NULL,NULL,0.011,NULL,NULL,NULL,NULL,,NULL,0,0,2,2,N,N,35,NULL,98,9801,NULL,,Y,37.47269,37,28.361,NULL,-82.52261,82,31.356,NULL,N,NULL,NULL,NULL,NULL,NULL,NULL,NULL,NULL,5,3,3,6,1,1,3,2,7,3,N,NULL,Y,N,1700,1702,1702,N,NULL,70,,,N,,N,N,098-CS-1223-0,NULL,NULL,2019,O,7.2308E+11,098-CS-1223  -000,HIGH,098-CS-1223  -000,0.011,0,0,0,0,0,0,1,0,0,0,0,0,0
72303195,KSP0900,19-1619,20190115,735,,,US23,,,US0023,US0023,0,098 US-23-10,US0023,N,N,NULL,NULL,NULL,N,NULL,NULL,NULL,NULL,NULL,NULL,11.792,NULL,NULL,NULL,NULL,,NULL,1,0,2,2,N,N,55,NULL,98,9801,5,S,N,37.36022,37,21.613,NULL,-82.55508,82,33.304,NULL,N,NULL,NULL,NULL,NULL,NULL,NULL,NULL,NULL,1,3,4,6,1,5,5,1,7,3,Y,NULL,Y,N,748,748,902,N,NULL,55,,1,N,,N,N,098-US-0023-10,NULL,NULL,2019,C,7.23032E+11,098-US-0023  -010,HIGH,098-US-0023  -000,11.792,0,0,0,0,0,0,0,1,0,0,0,1,0
72303519,980100,2.019E+11,20190111,739,,,HAROLDS BRANCH,,RD,,,0,098 CS-1223,CS1223,Y,N,NULL,NULL,NULL,N,NULL,NULL,NULL,NULL,NULL,NULL,0.021,NULL,NULL,NULL,NULL,,NULL,0,0,2,2,N,N,15,NULL,98,9801,NULL,,Y,37.47262,37,28.357,NULL,-82.52241,82,31.344,NULL,N,NULL,NULL,NULL,NULL,NULL,NULL,NULL,NULL,2,97,NULL,6,1,1,2,2,1,3,N,NULL,Y,N,739,743,,N,NULL,90,,,N,,N,N,098-CS-1223-0,NULL,NULL,2019,O,7.23035E+11,098-CS-1223  -000,HIGH,098-CS-1223  -000,0.021,0,0,0,0,0,0,1,0,0,0,0,0,0
72357395,980100,2.019E+11,20190524,1649,,,MAYO,S,TRL,US0023,US0023,0,098 US-23-10,US0023,N,N,NULL,NULL,NULL,N,NULL,NULL,NULL,NULL,NULL,NULL,19.077,NULL,NULL,NULL,NULL,,NULL,0,0,2,2,N,N,55,NULL,98,9801,NULL,,Y,37.44208,37,26.525,NULL,-82.50627,82,30.376,NULL,N,NULL,NULL,NULL,NULL,NULL,NULL,NULL,NULL,8,97,4,6,1,1,2,2,7,3,N,NULL,Y,N,1649,1650,1659,N,NULL,53,,1,N,,N,N,098-US-0023-10,NULL,NULL,2019,O,7.23574E+11,098-US-0023  -010,HIGH,098-US-0023  -000,19.077,0,0,0,1,0,0,0,0,0,0,0,1,0
72337974,980100,2.019E+11,20190405,653,,,US23 TURN LANE,,,US0023,US0023,0,098 US-23-21,US0023,N,N,NULL,NULL,NULL,N,NULL,NULL,NULL,NULL,NULL,NULL,0.032,NULL,NULL,NULL,NULL,,NULL,0,0,1,1,N,N,55,NULL,98,9801,NULL,,Y,37.50337,37,30.202,NULL,-82.53233,82,31.939,NULL,N,NULL,NULL,NULL,NULL,NULL,NULL,NULL,NULL,9,3,4,6,1,5,3,1,1,3,N,NULL,Y,N,653,659,,N,NULL,40,,1,N,,N,N,098-US-0023-21,NULL,NULL,2019,O,7.2338E+11,098-US-0023  -021,HIGH,098-US-0023  -021,0.032,0,0,0,0,0,0,0,0,0,0,0,1,0
72354923,KSP0900,19-17995,20190518,1551,,1091,BROAD BOTTOM,,RD,,,0,098 CR-1419,CR1419,N,N,NULL,NULL,NULL,N,NULL,NULL,NULL,NULL,NULL,NULL,1.214,NULL,NULL,NULL,NULL,,NULL,0,0,2,2,N,N,35,NULL,98,9801,NULL,,Y,37.53691,37,32.215,NULL,-82.58945,82,35.367,NULL,N,NULL,NULL,NULL,NULL,NULL,NULL,NULL,NULL,7,3,1,6,1,1,2,2,6,3,N,NULL,Y,N,1551,1630,1630,N,NULL,54,,,N,,N,N,098-CR-1419-0,NULL,NULL,2019,O,7.23549E+11,098-CR-1419  -000,HIGH,098-CR-1419  -000,1.214,0,0,1,0,0,0,0,0,0,0,0,1,0
72351031,KSP0900,19-15807,20190502,1450,,,FERRELLS CREEK,,RD,US0460,US0460,0,098 US-460,US0460,N,N,NULL,NULL,NULL,N,NULL,NULL,NULL,NULL,NULL,NULL,22.544,NULL,NULL,NULL,NULL,,NULL,0,0,1,1,N,N,55,NULL,98,9847,NULL,,Y,37.38178,37,22.907,NULL,-82.25491,82,15.294,NULL,N,NULL,NULL,NULL,NULL,NULL,NULL,NULL,NULL,9,3,2,6,1,5,3,2,7,3,N,NULL,N,N,1451,1453,,N,NULL,70,,1,N,,N,N,098-US-0460-0,NULL,NULL,2019,O,7.2351E+11,098-US-0460  -000,HIGH,098-US-0460  -000,22.544,0,0,0,0,0,0,0,0,0,0,0,0,0
72355260,980100,2.019E+11,20190520,1129,,,2ND,,ST,,,0,098 CS-1117,CS1117,N,N,NULL,NULL,NULL,N,NULL,NULL,NULL,NULL,NULL,NULL,0.238,NULL,NULL,NULL,NULL,,NULL,0,0,2,2,N,Y,15,NULL,98,9801,NULL,,Y,37.4806,37,28.836,NULL,-82.51791,82,31.074,NULL,N,NULL,NULL,NULL,NULL,NULL,NULL,NULL,NULL,8,3,2,6,1,1,2,2,1,3,N,NULL,Y,N,1129,1129,,N,NULL,47,,,N,,N,N,098-CS-1117-0,NULL,NULL,2019,O,7.23553E+11,098-CS-1117  -000,HIGH,098-CS-1117  -000,0.238,0,0,0,1,0,0,0,0,0,0,0,0,0
72353041,KSP0900,19-16726,20190509,1300,,,US119,,,US0119,US0119,0,098 US-119,US0119,N,N,NULL,NULL,NULL,N,NULL,NULL,NULL,NULL,NULL,NULL,22.642,NULL,NULL,NULL,NULL,,NULL,0,0,2,2,N,N,55,NULL,98,9834,NULL,,Y,37.64122,37,38.473,NULL,-82.25974,82,15.584,NULL,N,NULL,NULL,NULL,NULL,NULL,NULL,NULL,NULL,1,3,4,6,1,1,2,2,7,3,N,NULL,Y,N,1300,1305,1315,N,NULL,55,2,1,N,,N,N,098-US-0119-0,NULL,NULL,2019,O,7.2353E+11,098-US-0119  -000,HIGH,098-US-0119  -000,22.642,0,0,0,0,0,0,1,0,0,0,0,0,0
72347079,KSP0900,19-14954,20190428,115,,,KY80,,,KY0080,KY0080,0,098 KY-80,KY0080,N,N,NULL,NULL,NULL,N,NULL,NULL,NULL,NULL,NULL,NULL,2.673,NULL,NULL,NULL,NULL,,NULL,2,0,1,1,N,N,55,NULL,98,9802,NULL,,Y,37.30919,37,18.551,NULL,-82.35267,82,21.16,NULL,N,NULL,NULL,NULL,NULL,NULL,NULL,NULL,NULL,9,3,2,3,1,5,2,6,7,3,Y,NULL,Y,Y,115,123,123,Y,NULL,70,7,0,Y,,N,N,098-KY-0080-0,NULL,NULL,2019,B,7.23471E+11,098-KY-0080  -000,HIGH,098-KY-0080  -000,2.673,0,0,1,0,0,0,0,0,1,0,0,1,0
72299989,980100,2.019E+11,20190107,1525,,,ELM,N,ST,,,0,098 CS-1169,CS1169,Y,N,NULL,NULL,NULL,N,NULL,NULL,NULL,NULL,NULL,NULL,0.048,NULL,NULL,NULL,NULL,,NULL,0,0,2,2,Y,N,NULL,NULL,98,9801,NULL,,Y,37.47759,37,28.655,NULL,-82.52225,82,31.335,NULL,N,NULL,NULL,NULL,NULL,NULL,NULL,NULL,NULL,8,97,NULL,5,1,1,2,2,5,3,N,NULL,Y,N,1525,1531,1531,N,NULL,90,,,N,,N,N,098-CS-1169-0,NULL,NULL,2019,NULL,7.23E+11,098-CS-1169  -000,HIGH,098-CS-1169  -000,0.048,0,0,0,0,0,0,0,0,0,0,0,0,0
72305448,KSP0900,19-1368,20190112,1601,,,US460,,,US0460,US0460,0,098 US-460,US0460,N,N,NULL,NULL,NULL,N,NULL,NULL,NULL,NULL,NULL,NULL,4.634,NULL,NULL,NULL,NULL,,NULL,1,0,2,2,N,N,55,NULL,98,9801,6,E,N,37.41536,37,24.922,NULL,-82.45222,82,27.133,NULL,N,NULL,NULL,NULL,NULL,NULL,NULL,NULL,NULL,3,3,2,6,1,5,6,2,7,3,Y,NULL,Y,Y,1619,1712,1731,N,NULL,52,,1,Y,,N,N,098-US-0460-0,NULL,NULL,2019,A,7.23054E+11,098-US-0460  -000,HIGH,098-US-0460  -000,4.634,0,0,0,0,0,0,0,0,1,0,0,1,0
72301621,980500,2019AR003,20190111,1105,,,WEDDINGTON BRANCH,,RD,,,0,098 CS-3026,CS3026,Y,Y,FAE RAMSEY,,LN,N,NULL,NULL,NULL,NULL,NULL,NULL,0.049,NULL,NULL,NULL,NULL,,NULL,0,0,2,2,N,N,15,NULL,98,9807,NULL,,Y,37.52315,37,31.389,NULL,-82.56998,82,34.199,NULL,N,NULL,NULL,NULL,NULL,NULL,NULL,NULL,NULL,2,97,2,6,1,1,2,2,1,3,N,NULL,Y,N,1105,1107,1124,N,NULL,90,,,N,,N,N,098-CS-3026-0,NULL,NULL,2019,O,7.23016E+11,098-CS-3026  -000,HIGH,098-CS-3026  -000,0.049,0,0,0,0,0,0,1,0,0,0,1,0,0
72360892,980200,ELK4125-88-19,20190515,1737,,,FERRELLS CREEK,,RD,US0460,US0460,0,098 US-460,US0460,N,N,NULL,NULL,NULL,N,NULL,NULL,NULL,NULL,NULL,NULL,21.638,NULL,NULL,NULL,NULL,,NULL,0,0,1,1,N,N,55,NULL,98,9874,8,E,N,37.37921,37,22.753,NULL,-82.26839,82,16.103,NULL,N,NULL,NULL,NULL,NULL,NULL,NULL,NULL,NULL,9,3,2,5,1,1,2,2,6,3,N,NULL,Y,N,1715,1727,1745,N,NULL,70,,1,N,,N,N,098-US-0460-0,NULL,NULL,2019,O,7.23609E+11,098-US-0460  -000,HIGH,098-US-0460  -000,21.638,0,0,0,0,0,0,0,0,0,0,0,1,0
72297958,980100,2.019E+11,20190102,1011,,,KY3496,,,KY3496,KY3496,0,098 KY-3496,KY3496,N,N,NULL,NULL,NULL,N,NULL,NULL,NULL,NULL,NULL,NULL,0.803,NULL,NULL,NULL,NULL,,NULL,0,0,2,2,N,N,35,NULL,98,9801,NULL,,Y,37.47205,37,28.323,NULL,-82.52946,82,31.768,NULL,N,NULL,NULL,NULL,NULL,NULL,NULL,NULL,NULL,1,3,2,6,1,1,3,2,1,3,N,NULL,Y,N,1011,1016,1017,N,NULL,55,16,0,N,,N,N,098-KY-3496-0,NULL,NULL,2019,O,7.2298E+11,098-KY-3496  -000,HIGH,098-KY-3496  -000,0.803,0,0,0,0,0,0,1,0,0,0,0,0,0
72320742,980100,2.019E+11,20190225,1446,,,CASSIDY,,BLVD,,,,,,Y,N,NULL,NULL,NULL,N,NULL,NULL,NULL,NULL,NULL,NULL,0.308,NULL,NULL,NULL,NULL,,NULL,0,0,2,2,N,N,NULL,NULL,98,9801,NULL,,Y,37.50519,37,30.311,NULL,-82.537,82,32.22,NULL,N,NULL,NULL,NULL,NULL,NULL,NULL,NULL,NULL,2,97,1,6,1,1,2,2,1,3,N,NULL,Y,N,1451,1459,,N,NULL,90,,,N,,N,N,,NULL,NULL,2019,O,7.23207E+11,098-CS-1191  -000,HIGH,098-CS-1191  -000,0.308,0,0,0,0,0,0,0,0,0,0,0,0,0
72299442,980100,2.019E+11,20190103,1633,,,HAROLDS BRANCH,,RD,,,0,098 CS-1223,CS1223,Y,N,NULL,NULL,NULL,N,NULL,NULL,NULL,NULL,NULL,NULL,0.006,NULL,NULL,NULL,NULL,,NULL,0,0,2,2,Y,N,15,NULL,98,9801,NULL,,Y,37.47275,37,28.365,NULL,-82.52264,82,31.359,NULL,N,NULL,NULL,NULL,NULL,NULL,NULL,NULL,NULL,8,97,NULL,4,1,1,2,2,1,3,N,NULL,Y,N,1633,1633,1640,N,NULL,90,,,N,,N,N,098-CS-1223-0,NULL,NULL,2019,O,7.22994E+11,098-CS-1223  -000,HIGH,098-CS-1223  -000,0.006,0,0,0,1,0,0,1,0,0,0,0,0,0