MasterFile,AgencyORINumber,LocalCode,CollisionDate,CollisionTime,CollisionDayWeekCode,RoadwayName_HouseBusinessNumber_,RoadwayName_RoadwayName_,RoadwayName_Direction_,RoadwayName_RoadwaySuffix_,RoadwayfromReport,CurrentRoadwayNumber,RoadwayNumberCoupletID,RSEUniqueGIS,RoadwayIdentifier,ParkingLotIndicator,IntersectionWith_Indicator_,IntersectionWith_NameRoadway_,IntersectionWith_Direction_,IntersectionWith_RoadwaySuffix_,BetweenStreets_Indicator_,BetweenStreets1_NameRoadway_,BetweenStreet1_Direction_,BetweenStreets1_RoadwaySuffix_,BetweenStreets2_NameRoadway_,BetweenStreets2_Direction_,BetweenStreets2_RoadwaySuffix_,Milepoint,ReportMilepointDeriveNumber,CurrentDerivedMiepointNumber,MilestoMilepoint,FeettoMilepoint,DirectionfromMilepoint_NSEW_,ValidMilepointIndicator,NumberInjured,NumberKilled,ofUnits,ofMotorVehicleUnits,Hit&RunIndicator,OneWayIndicator,SpeedLimitNumber,KilometersIndicator,CountyCode,CityCountyCode,MilesFromCity,DirectionFromCity_NSEW_,InCityLimitsIndicator,Latitude,LatitudeDegrees,LatitudeMinutes,LatitudeSeconds,Longitude,LongitudeDegrees,LongitudeMinutes,LongitudeSeconds,RampIndicator,RampFromIdentifier,RampFromDirCode,RampFromCoupletID,RSEUniqueGISRampFrom,RampToidentifier,RampToDirCode,RampToCoupletID,RSEUniqueGisRampTo,MannerofCollisionCode,LocationFirstEventCode,TotalLanes,RoadwayCharacterCode,RoadwaySurfaceCode,RoadwayConditionCode,WeatherCode,LightConditionCode,LandUseCode,SchoolBusRelatedCode,FirstAidSceneIndicator,CollDescPresentInd,InvestigationCompleteIndicator,PhotosTakenIndicator,TimeNotified,TimeArrived,TimeRoadwayOpened,PropertyDamageIndicator,DiagramPresentIndicator,DirectionalAnalysis,FunctionClassCode,NationalHwySysCode,EnforcementsIndicator,KARSCityCode,SecondaryCollisionIndicator,MedianCrossoverIndicator,RT_UNIQUE,MapIt,TimeLastLeft,YR,KABCO,MFNY,WorkingRID,RT_CONFIDENCE,KTC_RT,KTC_MP,Motorcyclist,CommercialVehicle,YoungDriver,MatureDriver,pedestrian,Bicyclist,Distracted,agressive,Impaired,Unrestrained,Intersection,RoadwayDeparture,MedXover
72304305,KSP0900,19-1582,20190114,2002,,,VIRGIE,,RD,KY0610,KY0610,0,098 KY-610,KY0610,N,N,NULL,NULL,NULL,N,NULL,NULL,NULL,NULL,NULL,NULL,1.2,NULL,NULL,NULL,NULL,,NULL,1,0,1,1,N,N,55,NULL,98,9809,NULL,,Y,37.28554,37,17.132,NULL,-82.59374,82,35.625,NULL,N,NULL,NULL,NULL,NULL,NULL,NULL,NULL,NULL,9,3,2,3,1,5,2,6,7,3,Y,NULL,Y,Y,2004,2026,2004,N,NULL,44,7,0,Y,,N,N,098-KY-0610-0,NULL,NULL,2019,B,7.23043E+11,098-KY-0610  -000,HIGH,098-KY-0610  -000,1.2,0,0,0,0,0,0,0,0,0,1,0,1,0
72315866,980100,2.019E+11,20190206,1143,,,ZIEGLER,,DR,,,0,098 CR-1408,CR1408,N,N,NULL,NULL,NULL,N,NULL,NULL,NULL,NULL,NULL,NULL,0.002,NULL,NULL,NULL,NULL,,NULL,2,0,3,3,N,N,55,NULL,98,9801,NULL,,Y,37.5374,37,32.244,NULL,-82.60506,82,36.304,NULL,N,NULL,NULL,NULL,NULL,NULL,NULL,NULL,NULL,5,3,4,6,1,1,2,2,1,3,Y,NULL,Y,Y,1143,1157,,N,NULL,49,,,N,,N,N,098-CR-1408-0,NULL,NULL,2019,C,7.23159E+11,098-CR-1408  -000,HIGH,098-CR-1408  -000,0.002,0,0,0,0,0,0,0,0,0,0,0,1,0
72320987,980100,2.019E+11,20190219,842,,911,BYPASS,S,RD,KY1426,KY1426,0,098 KY-1426,KY1426,Y,N,NULL,NULL,NULL,N,NULL,NULL,NULL,NULL,NULL,NULL,5.682,NULL,NULL,NULL,NULL,,NULL,0,0,1,1,N,N,10,NULL,98,9801,NULL,,Y,37.47274,37,28.364,NULL,-82.52299,82,31.38,NULL,N,NULL,NULL,NULL,NULL,NULL,NULL,NULL,NULL,9,97,0,3,2,1,2,2,1,3,N,NULL,Y,N,1100,1100,842,N,NULL,90,,0,N,,N,N,098-KY-1426-0,NULL,NULL,2019,O,7.2321E+11,098-KY-1426  -000,HIGH,098-KY-1426  -000,5.682,0,0,0,0,0,0,0,0,0,0,0,1,0
72308300,KSP0900,19-2684,20190125,1140,,,FROZEN,,CRK,,,0,098 CR-1353,CR1353,N,N,NULL,NULL,NULL,N,NULL,NULL,NULL,NULL,NULL,NULL,0.132,NULL,NULL,NULL,NULL,,NULL,0,0,2,2,N,N,35,NULL,98,9850,NULL,,Y,37.50404,37,30.242,NULL,-82.45118,82,27.071,NULL,N,NULL,NULL,NULL,NULL,NULL,NULL,NULL,NULL,7,3,2,3,1,1,2,2,7,3,N,NULL,Y,N,1142,1210,1300,N,NULL,54,,,N,,N,N,098-CR-1353-0,NULL,NULL,2019,O,7.23083E+11,098-CR-1353  -000,HIGH,098-CR-1353  -000,0.132,0,0,0,0,0,0,1,0,0,0,0,1,0
72320680,980100,2.019E+11,20190220,1503,,,BAIRDE AVE TURN LANE,,,,,,,,N,N,NULL,NULL,NULL,N,NULL,NULL,NULL,NULL,NULL,NULL,NULL,NULL,NULL,NULL,NULL,,NULL,0,0,2,2,N,N,35,NULL,98,9801,NULL,,Y,37.47393,37,28.436,NULL,-82.52711,82,31.627,NULL,N,NULL,NULL,NULL,NULL,NULL,NULL,NULL,NULL,5,3,2,3,1,5,6,2,6,3,N,NULL,Y,N,1503,1506,,N,NULL,70,,,N,,N,N,,NULL,NULL,2019,O,7.23207E+11,098-KY-1426  -026,MEDIUM,098-KY-1426  -026,0.022,0,0,0,0,0,0,1,0,0,0,0,0,0
72309614,KSP0900,19-2859,20190127,941,,4222,KY1056,,,KY1056,KY1056,,,,N,N,NULL,NULL,NULL,N,NULL,NULL,NULL,NULL,NULL,NULL,4.356,NULL,NULL,NULL,NULL,,NULL,0,0,1,1,N,N,35,NULL,98,9879,NULL,,Y,37.55185,37,33.111,NULL,-82.2056,82,12.336,NULL,N,NULL,NULL,NULL,NULL,NULL,NULL,NULL,NULL,9,3,2,6,1,2,3,2,7,3,N,NULL,Y,N,1043,1052,1111,N,NULL,40,8,0,N,,N,N,,NULL,NULL,2019,O,7.23096E+11,098-KY-1056  -000,HIGH,098-KY-1056  -000,4.356,0,0,0,1,0,0,0,0,0,0,0,1,0
72300563,KSP0900,19-00262,20190103,1428,,,US23,,,US0023,US0023,0,098 US-23,US0023,N,N,NULL,NULL,NULL,N,NULL,NULL,NULL,NULL,NULL,NULL,13.86,NULL,NULL,NULL,NULL,,NULL,2,0,2,2,N,N,35,NULL,98,9823,NULL,,Y,37.38454,37,23.072,NULL,-82.54089,82,32.454,NULL,N,NULL,NULL,NULL,NULL,NULL,NULL,NULL,NULL,1,3,4,6,1,1,2,2,7,3,N,NULL,Y,Y,1429,1432,,N,NULL,55,,1,N,,N,N,098-US-0023-0,NULL,NULL,2019,C,7.23006E+11,098-US-0023  -000,HIGH,098-US-0023  -000,13.86,0,0,1,1,0,0,0,0,0,0,0,0,0
72300570,980100,2.018E+11,20190108,1854,,,CHLOE,,RD,KY1460,KY1460,,,,N,N,NULL,NULL,NULL,N,NULL,NULL,NULL,NULL,NULL,NULL,5.017,NULL,NULL,NULL,NULL,,NULL,0,0,1,1,N,N,35,NULL,98,9801,NULL,,Y,37.47749,37,28.65,NULL,-82.51537,82,30.922,NULL,N,NULL,NULL,NULL,NULL,NULL,NULL,NULL,NULL,9,3,2,6,1,5,3,4,7,3,N,NULL,Y,N,1854,1854,1907,N,NULL,40,,0,N,,N,N,,NULL,NULL,2019,O,7.23006E+11,098-KY-1460  -000,HIGH,098-KY-1460  -000,5.017,0,0,0,0,0,0,0,0,0,0,0,1,0
72298847,980500,2019AR001,20190103,1216,,4367,N MAYO TRAIL,,,,,,,,Y,N,NULL,NULL,NULL,N,NULL,NULL,NULL,NULL,NULL,NULL,NULL,NULL,NULL,NULL,NULL,NULL,NULL,0,0,2,2,N,N,15,NULL,98,9807,NULL,,Y,37.52573,37,31.544,NULL,-82.57388,82,34.433,NULL,N,NULL,NULL,NULL,NULL,NULL,NULL,NULL,NULL,2,97,2,6,1,1,2,2,1,3,N,NULL,Y,N,1216,1218,1240,N,NULL,90,,,N,,N,N,,NULL,NULL,2019,O,7.22988E+11,098-US-0023  -010,MEDIUM,098-US-0023  -000,29.164,0,0,0,1,0,0,1,0,0,0,0,0,0
72348352,980100,2.019E+11,20190423,1633,,,LOWES PARKING LOT,,,,,,,,Y,N,NULL,NULL,NULL,N,NULL,NULL,NULL,NULL,NULL,NULL,NULL,NULL,NULL,NULL,NULL,NULL,NULL,0,0,2,2,N,N,NULL,NULL,98,9801,NULL,,Y,37.50339,37,30.203,NULL,-82.53522,82,32.113,NULL,N,NULL,NULL,NULL,NULL,NULL,NULL,NULL,NULL,2,97,1,6,1,1,2,2,1,3,N,NULL,Y,N,1633,1633,1633,N,NULL,90,,,N,,N,N,,NULL,NULL,2019,O,7.23484E+11,098-CS-1191  -000,MEDIUM,098-CS-1191  -000,0.154,0,0,0,0,0,0,1,0,0,0,0,0,0
72300935,980100,2.019E+11,20190108,1604,,,COLLEGE,N,ST,,,,,,N,Y,ELM,S,ST,N,NULL,NULL,NULL,NULL,NULL,NULL,0.066,NULL,NULL,NULL,NULL,,NULL,0,0,2,2,N,N,15,NULL,98,9801,NULL,,Y,37.47659,37,28.595,NULL,-82.52131,82,31.278,NULL,N,NULL,NULL,NULL,NULL,NULL,NULL,NULL,NULL,1,3,2,4,1,1,2,2,6,3,N,NULL,Y,N,1604,1606,1610,N,NULL,10,,,Y,,N,N,,NULL,NULL,2019,O,7.23009E+11,098-CS-1108  -000,LOW,098-CS-1108  -000,0.066,0,0,1,0,0,0,0,1,0,0,1,0,0
72323732,980500,2019AR014,20190226,721,,150,WEDDINGTON BRANCH,,RD,,,0,098 CS-3026,CS3026,Y,N,NULL,NULL,NULL,N,NULL,NULL,NULL,NULL,NULL,NULL,NULL,NULL,NULL,NULL,NULL,,NULL,0,0,3,3,Y,N,15,NULL,98,9807,NULL,,Y,37.52636,37,31.581,NULL,-82.57116,82,34.27,NULL,N,NULL,NULL,NULL,NULL,NULL,NULL,NULL,NULL,2,97,0,6,1,1,2,7,1,3,N,NULL,Y,N,721,723,755,N,NULL,90,,,N,,N,N,098-CS-3026-0,NULL,NULL,2019,NULL,7.23237E+11,098-CS-3026  -000,HIGH,098-CS-3026  -000,0.252,0,0,0,0,0,0,0,0,0,0,0,0,0
72300901,980500,2019AR002,20190107,1316,,,US23,,,US0023,US0023,0,098 US-23,US0023,N,N,NULL,NULL,NULL,N,NULL,NULL,NULL,NULL,NULL,NULL,28.875,NULL,NULL,NULL,NULL,,NULL,3,0,3,3,N,N,45,NULL,98,9807,NULL,,Y,37.52252,37,31.351,NULL,-82.57055,82,34.233,NULL,N,NULL,NULL,NULL,NULL,NULL,NULL,NULL,NULL,1,3,6,6,1,1,2,2,1,3,Y,NULL,Y,Y,1316,1317,1435,N,NULL,55,,1,Y,,N,N,098-US-0023-0,NULL,NULL,2019,B,7.23009E+11,098-US-0023  -000,HIGH,098-US-0023  -000,28.875,0,0,0,0,0,0,0,1,0,0,0,0,0
72315788,KSP0900,19-04325,20190209,419,,,US460,,,US0460,US0460,0,098 US-460,US0460,N,N,NULL,NULL,NULL,N,NULL,NULL,NULL,NULL,NULL,NULL,11.62,NULL,NULL,NULL,NULL,,NULL,1,0,1,1,N,N,55,NULL,98,9805,NULL,,Y,37.3556,37,21.336,NULL,-82.3895,82,23.37,NULL,N,NULL,NULL,NULL,NULL,NULL,NULL,NULL,NULL,9,3,2,1,1,2,2,6,7,3,N,NULL,Y,Y,423,510,,N,NULL,44,,1,N,,N,N,098-US-0460-0,NULL,NULL,2019,B,7.23158E+11,098-US-0460  -000,HIGH,098-US-0460  -000,11.62,0,0,0,0,0,0,0,0,0,0,0,1,0
72334766,980100,2.019E+11,20190402,1229,,254,CASSIDY BLVD,,,,,,,,Y,N,NULL,NULL,NULL,N,NULL,NULL,NULL,NULL,NULL,NULL,NULL,NULL,NULL,NULL,NULL,NULL,NULL,0,0,2,2,N,Y,15,NULL,98,9801,NULL,,Y,37.50697,37,30.418,NULL,-82.53926,82,32.356,NULL,N,NULL,NULL,NULL,NULL,NULL,NULL,NULL,NULL,2,97,1,6,1,1,2,2,1,3,N,NULL,Y,N,1229,1245,1245,N,NULL,90,,,N,,N,N,,NULL,NULL,2019,O,7.23348E+11,098-CS-1191  -000,HIGH,098-CS-1191  -000,0.364,0,0,0,0,0,0,1,0,0,0,0,0,0
72307523,KSP0900,19-2265,20190121,1526,,,KY1426,,,KY1426,KY1426,0,098 KY-1426,KY1426,N,N,NULL,NULL,NULL,N,NULL,NULL,NULL,NULL,NULL,NULL,10.597,NULL,NULL,NULL,NULL,,NULL,1,0,1,1,N,N,55,NULL,98,9828,NULL,,Y,37.5181,37,31.086,NULL,-82.47388,82,28.433,NULL,N,NULL,NULL,NULL,NULL,NULL,NULL,NULL,NULL,9,5,2,6,1,1,2,2,7,3,N,NULL,Y,Y,1528,1544,1600,N,NULL,51,7,0,N,,N,N,098-KY-1426-0,NULL,NULL,2019,C,7.23075E+11,098-KY-1426  -000,HIGH,098-KY-1426  -000,10.597,0,0,0,0,0,0,0,0,0,0,0,1,0
72313005,KSP0900,19-3824,20190205,805,,,KY1426,,,KY1426,KY1426,0,098 KY-1426,KY1426,N,N,NULL,NULL,NULL,N,NULL,NULL,NULL,NULL,NULL,NULL,12.558,NULL,NULL,NULL,NULL,,NULL,0,0,1,1,N,N,55,NULL,98,9801,NULL,,Y,37.54369,37,32.621,NULL,-82.4678,82,28.068,NULL,N,NULL,NULL,NULL,NULL,NULL,NULL,NULL,NULL,9,3,2,6,1,5,3,1,7,3,N,NULL,Y,N,806,840,840,N,NULL,38,7,0,N,,N,N,098-KY-1426-0,NULL,NULL,2019,O,7.2313E+11,098-KY-1426  -000,HIGH,098-KY-1426  -000,12.558,0,0,0,1,0,0,0,0,0,0,0,0,0
72318119,KSP0900,19-4648,20190212,500,,,BIG CREEK,,RD,KY0468,KY0468,0,098 KY-468,KY0468,N,N,NULL,NULL,NULL,N,NULL,NULL,NULL,NULL,NULL,NULL,0.004,NULL,NULL,NULL,NULL,,NULL,0,0,2,2,N,N,55,NULL,98,9833,NULL,,Y,37.62096,37,37.257,NULL,-82.3549,82,21.294,NULL,N,NULL,NULL,NULL,NULL,NULL,NULL,NULL,NULL,7,3,2,1,1,5,3,6,8,3,N,NULL,Y,N,500,545,545,N,NULL,54,8,0,N,,N,N,098-KY-0468-0,NULL,NULL,2019,O,7.23181E+11,098-KY-0468  -000,HIGH,098-KY-0468  -000,0.004,0,1,0,0,0,0,1,0,0,0,0,1,0
72339473,KSP0900,19-12977,20190415,250,,1676,STONE COAL CREEK,,RD,KY3227,KY3227,0,098 KY-3227,KY3227,N,N,NULL,NULL,NULL,N,NULL,NULL,NULL,NULL,NULL,NULL,1.611,NULL,NULL,NULL,NULL,,NULL,0,0,1,1,N,N,55,NULL,98,9801,1.5,N,N,37.53135,37,31.881,NULL,-82.53716,82,32.23,NULL,N,NULL,NULL,NULL,NULL,NULL,NULL,NULL,NULL,9,4,1,6,1,1,2,6,6,3,N,NULL,Y,N,250,257,,N,NULL,40,8,0,N,,N,N,098-KY-3227-0,NULL,NULL,2019,O,7.23395E+11,098-KY-3227  -000,HIGH,098-KY-3227  -000,1.611,0,0,0,0,0,0,0,0,0,0,0,1,0
72310613,KSP0900,19-2738,20190125,2014,,999,SHELBY DRY,,FRK,,,0,098 CR-1257,CR1257,N,N,NULL,NULL,NULL,N,NULL,NULL,NULL,NULL,NULL,NULL,0.164,NULL,NULL,NULL,NULL,,NULL,0,0,2,2,Y,N,35,NULL,98,9801,NULL,,Y,37.42131,37,25.279,NULL,-82.49165,82,29.499,NULL,N,NULL,NULL,NULL,NULL,NULL,NULL,NULL,NULL,7,3,1,6,1,5,2,6,7,3,N,NULL,Y,N,2032,2048,2032,N,NULL,54,,,N,,N,N,098-CR-1257-0,NULL,NULL,2019,O,7.23106E+11,098-CR-1257  -000,HIGH,098-CR-1257  -000,0.164,0,0,0,0,0,0,0,1,0,0,0,1,0
72308916,980100,2.019E+11,20190128,1235,,,BYPASS,S,RD,KY1426,KY1426,,,,N,Y,HAROLDS BRANCH,,RD,N,NULL,NULL,NULL,NULL,NULL,NULL,5.699,NULL,NULL,NULL,NULL,,NULL,0,0,2,2,N,N,45,NULL,98,9801,NULL,,Y,37.47282,37,28.369,NULL,-82.52271,82,31.362,NULL,N,NULL,NULL,NULL,NULL,NULL,NULL,NULL,NULL,5,3,2,6,1,1,2,2,7,3,N,NULL,Y,N,1235,1241,1241,N,NULL,35,,0,N,,N,N,,NULL,NULL,2019,O,7.23089E+11,098-KY-1426  -000,HIGH,098-KY-1426  -000,5.699,0,0,0,1,0,0,1,0,0,0,1,0,0
72306263,980100,2.019E+11,20190117,1754,,,US460,,,US0460,US0460,0,098 US-460,US0460,N,N,NULL,NULL,NULL,N,NULL,NULL,NULL,NULL,NULL,NULL,0.163,NULL,NULL,NULL,NULL,,NULL,2,0,2,2,Y,N,55,NULL,98,9801,NULL,,Y,37.43983,37,26.39,NULL,-82.50893,82,30.536,NULL,N,NULL,NULL,NULL,NULL,NULL,NULL,NULL,NULL,8,3,2,6,1,5,3,5,7,3,N,NULL,Y,Y,1754,1801,1801,N,NULL,53,,1,Y,,N,N,098-US-0460-0,NULL,NULL,2019,C,7.23063E+11,098-US-0460  -000,HIGH,098-US-0460  -000,0.163,0,0,0,0,0,0,0,1,1,0,0,1,0
72303751,980500,2019AR007,20190116,1538,,,MAYO,N,TRL,US0023,US0023,0,098 US-23-10,US0023,N,N,NULL,NULL,NULL,N,NULL,NULL,NULL,NULL,NULL,NULL,29.616,NULL,NULL,NULL,NULL,,NULL,1,0,2,2,N,N,55,NULL,98,9801,NULL,,Y,37.53171,37,31.903,NULL,-82.5772,82,34.632,NULL,N,NULL,NULL,NULL,NULL,NULL,NULL,NULL,NULL,8,3,4,6,1,5,3,2,1,3,N,NULL,Y,Y,1536,1538,1551,N,NULL,53,,1,N,,N,N,098-US-0023-10,NULL,NULL,2019,C,7.23038E+11,098-US-0023  -010,HIGH,098-US-0023  -000,29.616,0,0,0,0,0,0,0,0,0,0,0,1,0
72353961,980100,2.019E+11,20190506,1552,,,CASSIDY,,BLVD,,,,,,N,N,NULL,NULL,NULL,N,NULL,NULL,NULL,NULL,NULL,NULL,0.033,NULL,NULL,NULL,NULL,,NULL,0,0,2,2,N,N,55,NULL,98,9801,NULL,,Y,37.50371,37,30.222,NULL,-82.53271,82,31.963,NULL,N,NULL,NULL,NULL,NULL,NULL,NULL,NULL,NULL,1,3,1,6,1,1,2,2,7,3,N,NULL,Y,N,1552,1601,1601,N,NULL,55,,,N,,N,N,,NULL,NULL,2019,O,7.2354E+11,098-CS-1191  -000,MEDIUM,098-CS-1191  -000,0.033,0,0,1,0,0,0,0,1,0,0,0,0,0
72310423,980100,2.019E+11,20190124,1847,,,WILLIAMS HOLLOW,,RD,,,0,098 CS-1085,CS1085,N,N,NULL,NULL,NULL,N,NULL,NULL,NULL,NULL,NULL,NULL,0.732,NULL,NULL,NULL,NULL,,NULL,0,0,1,1,N,N,45,NULL,98,9801,NULL,,Y,37.49498,37,29.699,NULL,-82.48318,82,28.991,NULL,N,NULL,NULL,NULL,NULL,NULL,NULL,NULL,NULL,9,3,2,1,1,5,6,6,7,3,N,NULL,N,N,1848,1850,1904,N,NULL,40,,,N,,N,N,098-CS-1085-0,NULL,NULL,2019,O,7.23104E+11,098-CS-1085  -000,HIGH,098-CS-1085  -000,0.732,0,0,0,0,0,0,0,0,0,0,0,1,0
72307434,KSP0900,19-2660,20190125,501,,,US23,,,US0023,US0023,0,098 US-23-10,US0023,N,N,NULL,NULL,NULL,N,NULL,NULL,NULL,NULL,NULL,NULL,28.05,NULL,NULL,NULL,NULL,,NULL,0,0,2,2,N,N,55,NULL,98,9807,NULL,,Y,37.51508,37,30.905,NULL,-82.55919,82,33.551,NULL,N,NULL,NULL,NULL,NULL,NULL,NULL,NULL,NULL,5,3,4,6,1,1,2,6,7,3,N,NULL,Y,N,501,548,623,N,NULL,49,,1,N,,N,N,098-US-0023-10,NULL,NULL,2019,O,7.23074E+11,098-US-0023  -010,HIGH,098-US-0023  -000,28.05,0,1,0,0,0,0,1,0,0,0,0,0,0
72306696,KSP0900,19-02404,20190122,1807,,5351,ACCESS RD 1,,,,,0,098 CR-1426K,CR1426K,Y,N,NULL,NULL,NULL,N,NULL,NULL,NULL,NULL,NULL,NULL,0.244,NULL,NULL,NULL,NULL,,NULL,0,0,2,2,N,N,NULL,NULL,98,9801,NULL,,Y,37.53871,37,32.322,NULL,-82.58115,82,34.869,NULL,N,NULL,NULL,NULL,NULL,NULL,NULL,NULL,NULL,2,97,0,6,2,1,2,3,5,3,N,NULL,Y,N,1809,1833,,N,NULL,90,,,N,,N,N,098-CR-1426K-0,NULL,NULL,2019,O,7.23067E+11,098-CR-1426K -000,HIGH,098-CR-1426K -000,0.244,0,0,0,1,0,0,1,0,0,0,0,0,0
72310138,KSP0900,19-1585,20190114,2006,,,KY1056,,,KY1056,KY1056,0,098 KY-1056,KY1056,N,N,NULL,NULL,NULL,N,NULL,NULL,NULL,NULL,NULL,NULL,8.97,NULL,NULL,NULL,NULL,,NULL,0,0,1,1,N,N,55,NULL,98,9863,NULL,,Y,37.59426,37,35.656,NULL,-82.16943,82,10.166,NULL,N,NULL,NULL,NULL,NULL,NULL,NULL,NULL,NULL,9,3,2,3,1,5,6,6,7,3,N,NULL,Y,N,2006,2039,2006,N,NULL,44,7,0,N,,N,N,098-KY-1056-0,NULL,NULL,2019,O,7.23101E+11,098-KY-1056  -000,HIGH,098-KY-1056  -000,8.97,0,0,0,0,0,0,0,0,0,0,0,1,0
72326708,980100,2.019E+11,20190312,1316,,,THOMPSON,,RD,,,,,,Y,N,NULL,NULL,NULL,N,NULL,NULL,NULL,NULL,NULL,NULL,0.502,NULL,NULL,NULL,NULL,,NULL,0,0,2,2,N,N,15,NULL,98,9801,NULL,,Y,37.50605,37,30.363,NULL,-82.54362,82,32.618,NULL,N,NULL,NULL,NULL,NULL,NULL,NULL,NULL,NULL,2,97,1,6,1,1,2,2,1,3,N,NULL,Y,N,1316,1323,1354,N,NULL,90,,,N,,N,N,,NULL,NULL,2019,O,7.23267E+11,098-CS-1215  -000,MEDIUM,098-CS-1215  -000,0.502,0,0,0,0,0,0,0,0,0,0,0,0,0
72300564,980100,2.019E+11,20190104,1713,,,US23,,,US0023,US0023,,,,N,N,NULL,NULL,NULL,N,NULL,NULL,NULL,NULL,NULL,NULL,22.946,NULL,NULL,NULL,NULL,,NULL,0,0,2,2,N,N,55,NULL,98,9801,NULL,,Y,37.46538,37,27.923,NULL,-82.52605,82,31.563,NULL,N,NULL,NULL,NULL,NULL,NULL,NULL,NULL,NULL,5,3,4,6,1,1,2,3,1,3,N,NULL,Y,N,1715,1716,,N,NULL,49,,1,N,,N,N,,NULL,NULL,2019,O,7.23006E+11,098-US-0023  -010,MEDIUM,098-US-0023  -000,22.946,0,0,1,0,0,0,0,1,0,0,0,0,0
72303193,KSP0900,19-1330,20190112,700,,,KY122,,,KY0122,KY0122,0,098 KY-122,KY0122,N,N,NULL,NULL,NULL,N,NULL,NULL,NULL,NULL,NULL,NULL,15.188,NULL,NULL,NULL,NULL,,NULL,0,0,1,1,N,N,55,NULL,98,9801,NULL,,Y,37.41702,37,25.021,NULL,-82.49507,82,29.704,NULL,N,NULL,NULL,NULL,NULL,NULL,NULL,NULL,NULL,9,5,2,6,1,2,9,1,7,3,N,NULL,Y,N,700,730,800,N,NULL,44,,0,N,,N,N,098-KY-0122-0,NULL,NULL,2019,O,7.23032E+11,098-KY-0122  -000,HIGH,098-KY-0122  -000,15.188,0,0,0,0,0,0,0,0,0,0,0,1,0
72300341,980100,2.019E+11,20190102,2031,,,NARROWS,,RD,,,0,098 CS-1230,CS1230,N,N,NULL,NULL,NULL,N,NULL,NULL,NULL,NULL,NULL,NULL,0.072,NULL,NULL,NULL,NULL,,NULL,0,0,1,1,Y,N,15,NULL,98,9801,NULL,,Y,37.46365,37,27.819,NULL,-82.52708,82,31.625,NULL,N,NULL,NULL,NULL,NULL,NULL,NULL,NULL,NULL,9,97,1,6,1,1,3,6,1,3,N,NULL,Y,N,2031,2037,2037,Y,NULL,40,,,N,,N,N,098-CS-1230-0,NULL,NULL,2019,NULL,7.23003E+11,098-CS-1230  -000,HIGH,098-CS-1230  -000,0.072,0,0,0,0,0,0,1,0,0,0,0,1,0
72300650,980100,2.019E+11,20190109,827,,,ISLAND CREEK ROAD,,,,,,,,Y,N,NULL,NULL,NULL,N,NULL,NULL,NULL,NULL,NULL,NULL,NULL,NULL,NULL,NULL,NULL,,NULL,0,0,2,2,N,N,NULL,NULL,98,9801,NULL,,Y,37.46007,37,27.604,NULL,-82.53135,82,31.881,NULL,N,NULL,NULL,NULL,NULL,NULL,NULL,NULL,NULL,1,97,NULL,6,2,1,2,2,1,3,N,NULL,Y,N,832,849,,N,NULL,90,,,N,,N,N,,NULL,NULL,2019,O,7.23007E+11,098-KY-1426  -000,MEDIUM,098-KY-1426  -000,4.365,0,0,0,0,0,0,0,0,0,0,0,0,0
72301608,KSP0900,19-877,20190108,1230,,,US 23 CONNECTOR TO KY 122,,,US0023,US0023,0,098 US-23-70,US0023,N,N,NULL,NULL,NULL,N,NULL,NULL,NULL,NULL,NULL,NULL,0.008,NULL,NULL,NULL,NULL,,NULL,1,0,2,2,N,N,55,NULL,98,9801,3,S,N,37.38926,37,23.356,NULL,-82.53644,82,32.186,NULL,N,NULL,NULL,NULL,NULL,NULL,NULL,NULL,NULL,5,3,4,6,1,1,2,2,7,3,N,NULL,Y,N,1230,1240,1242,N,NULL,49,,1,N,,N,N,098-US-0023-70,NULL,NULL,2019,C,7.23016E+11,098-US-0023  -030,MEDIUM,098-US-0023  -030,0.008,0,0,0,1,0,0,1,0,0,0,0,0,0
72302013,KSP0900,19-00935,20190108,1955,,,COLLINS,,HWY,KY0122,KY0122,0,098 KY-122,KY0122,N,N,NULL,NULL,NULL,N,NULL,NULL,NULL,NULL,NULL,NULL,15.297,NULL,NULL,NULL,NULL,,NULL,0,0,2,2,N,N,55,NULL,98,9824,NULL,,Y,37.41835,37,25.101,NULL,-82.49609,82,29.765,NULL,N,NULL,NULL,NULL,NULL,NULL,NULL,NULL,NULL,5,3,2,6,1,1,2,6,7,3,N,NULL,Y,N,1822,1905,,N,NULL,49,,0,Y,,N,N,098-KY-0122-0,NULL,NULL,2019,O,7.2302E+11,098-KY-0122  -000,HIGH,098-KY-0122  -000,15.297,0,0,0,1,0,0,0,1,0,0,0,0,0
72297899,KSP0900,19-136,20190102,1019,,,US119,,,US0119,US0119,0,098 US-119-10,US0119,N,N,NULL,NULL,NULL,N,NULL,NULL,NULL,NULL,NULL,NULL,2.288,NULL,NULL,NULL,NULL,,NULL,0,0,1,1,N,N,55,NULL,98,9801,NULL,,Y,37.51334,37,30.801,NULL,-82.49432,82,29.659,NULL,N,NULL,NULL,NULL,NULL,NULL,NULL,NULL,NULL,9,3,2,6,1,1,3,2,7,3,N,NULL,N,N,1019,1025,1400,N,NULL,44,2,1,N,,N,N,098-US-0119-10,NULL,NULL,2019,O,7.22979E+11,098-US-0119  -010,HIGH,098-US-0119  -000,2.288,0,0,1,0,0,0,1,0,0,0,0,1,0