MasterFile,AgencyORINumber,LocalCode,CollisionDate,CollisionTime,CollisionDayWeekCode,RoadwayName_HouseBusinessNumber_,RoadwayName_RoadwayName_,RoadwayName_Direction_,RoadwayName_RoadwaySuffix_,RoadwayfromReport,CurrentRoadwayNumber,RoadwayNumberCoupletID,RSEUniqueGIS,RoadwayIdentifier,ParkingLotIndicator,IntersectionWith_Indicator_,IntersectionWith_NameRoadway_,IntersectionWith_Direction_,IntersectionWith_RoadwaySuffix_,BetweenStreets_Indicator_,BetweenStreets1_NameRoadway_,BetweenStreet1_Direction_,BetweenStreets1_RoadwaySuffix_,BetweenStreets2_NameRoadway_,BetweenStreets2_Direction_,BetweenStreets2_RoadwaySuffix_,Milepoint,ReportMilepointDeriveNumber,CurrentDerivedMiepointNumber,MilestoMilepoint,FeettoMilepoint,DirectionfromMilepoint_NSEW_,ValidMilepointIndicator,NumberInjured,NumberKilled,ofUnits,ofMotorVehicleUnits,Hit&RunIndicator,OneWayIndicator,SpeedLimitNumber,KilometersIndicator,CountyCode,CityCountyCode,MilesFromCity,DirectionFromCity_NSEW_,InCityLimitsIndicator,Latitude,LatitudeDegrees,LatitudeMinutes,LatitudeSeconds,Longitude,LongitudeDegrees,LongitudeMinutes,LongitudeSeconds,RampIndicator,RampFromIdentifier,RampFromDirCode,RampFromCoupletID,RSEUniqueGISRampFrom,RampToidentifier,RampToDirCode,RampToCoupletID,RSEUniqueGisRampTo,MannerofCollisionCode,LocationFirstEventCode,TotalLanes,RoadwayCharacterCode,RoadwaySurfaceCode,RoadwayConditionCode,WeatherCode,LightConditionCode,LandUseCode,SchoolBusRelatedCode,FirstAidSceneIndicator,CollDescPresentInd,InvestigationCompleteIndicator,PhotosTakenIndicator,TimeNotified,TimeArrived,TimeRoadwayOpened,PropertyDamageIndicator,DiagramPresentIndicator,DirectionalAnalysis,FunctionClassCode,NationalHwySysCode,EnforcementsIndicator,KARSCityCode,SecondaryCollisionIndicator,MedianCrossoverIndicator,RT_UNIQUE,MapIt,TimeLastLeft,YR,KABCO,MFNY,WorkingRID,RT_CONFIDENCE,KTC_RT,KTC_MP,Motorcyclist,CommercialVehicle,YoungDriver,MatureDriver,pedestrian,Bicyclist,Distracted,agressive,Impaired,Unrestrained,Intersection,RoadwayDeparture,MedXover
72302966,980000,19-01-003,20190112,2034,,,US23,,,US0023,US0023,0,098 US-23,US0023,N,N,NULL,NULL,NULL,N,NULL,NULL,NULL,NULL,NULL,NULL,32.765,NULL,NULL,NULL,NULL,,NULL,0,0,1,1,N,N,55,NULL,98,9801,NULL,,Y,37.53226,37,31.936,NULL,-82.61922,82,37.154,NULL,N,NULL,NULL,NULL,NULL,NULL,NULL,NULL,NULL,9,3,4,6,1,5,6,6,7,3,N,NULL,Y,Y,2034,2054,2114,N,NULL,70,,1,N,,N,Y,098-US-0023-0,NULL,NULL,2019,O,7.2303E+11,098-US-0023  -000,HIGH,098-US-0023  -000,32.765,0,0,0,0,0,0,0,0,0,0,0,1,0
72304288,KSP0900,19-1354,20190112,1441,,,KY632,,,KY0632,KY0632,,,,N,N,NULL,NULL,NULL,N,NULL,NULL,NULL,NULL,NULL,NULL,6.434,NULL,NULL,NULL,NULL,,NULL,0,0,2,2,N,N,55,NULL,98,9817,NULL,,Y,37.49499,37,29.699,NULL,-82.25524,82,15.314,NULL,N,NULL,NULL,NULL,NULL,NULL,NULL,NULL,NULL,8,3,2,6,1,1,2,2,7,3,N,NULL,Y,N,1445,1510,1510,N,NULL,53,6,0,N,,N,N,,NULL,NULL,2019,O,7.23043E+11,098-KY-0632  -000,HIGH,098-KY-0632  -000,6.434,0,0,1,0,0,0,0,1,0,0,0,1,0
72297879,980100,2.019E+11,20190102,810,,,US23,,,US0023,US0023,,,,N,N,NULL,NULL,NULL,N,NULL,NULL,NULL,NULL,NULL,NULL,23.107,NULL,NULL,NULL,NULL,,NULL,0,0,2,2,N,N,55,NULL,98,9801,NULL,,Y,37.466,37,27.96,NULL,-82.52881,82,31.729,NULL,N,NULL,NULL,NULL,NULL,NULL,NULL,NULL,NULL,8,3,4,6,1,1,2,2,1,3,N,NULL,Y,N,810,816,,N,NULL,53,,1,N,,N,N,,NULL,NULL,2019,O,7.22979E+11,098-US-0023  -000,MEDIUM,098-US-0023  -000,23.107,0,0,0,0,0,0,1,0,0,0,0,1,0
72301514,KSP0900,19-736,20190107,742,,,US119,,,US0119,US0119,0,098 US-119,US0119,N,N,NULL,NULL,NULL,N,NULL,NULL,NULL,NULL,NULL,NULL,20.813,NULL,NULL,NULL,NULL,,NULL,0,0,2,2,N,N,55,NULL,98,9836,NULL,,Y,37.61908,37,37.145,NULL,-82.26871,82,16.123,NULL,N,NULL,NULL,NULL,NULL,NULL,NULL,NULL,NULL,1,97,2,6,1,1,3,2,1,3,N,NULL,Y,N,745,810,745,N,NULL,55,2,1,N,,N,N,098-US-0119-0,NULL,NULL,2019,O,7.23015E+11,098-US-0119  -000,HIGH,098-US-0119  -000,20.813,0,0,0,0,0,0,1,0,0,0,0,0,0
72301622,980500,2004AR004,20190111,1314,,,US23,,,US0023,US0023,0,098 US-23-10,US0023,N,N,NULL,NULL,NULL,N,NULL,NULL,NULL,NULL,NULL,NULL,28.048,NULL,NULL,NULL,NULL,,NULL,0,0,2,2,N,N,45,NULL,98,9807,NULL,,Y,37.51533,37,30.92,NULL,-82.55962,82,33.577,NULL,N,NULL,NULL,NULL,NULL,NULL,NULL,NULL,NULL,5,3,6,6,1,1,2,2,1,3,N,NULL,Y,N,1314,1315,1333,N,NULL,70,,1,N,,N,N,098-US-0023-10,NULL,NULL,2019,O,7.23016E+11,098-US-0023  -010,HIGH,098-US-0023  -000,28.048,0,0,0,0,0,0,1,0,0,0,0,0,0
72301796,980100,2.019E+11,20190105,1545,,,JULIUS,,AVE,,,0,098 CS-1156,CS1156,N,N,NULL,NULL,NULL,N,NULL,NULL,NULL,NULL,NULL,NULL,0.028,NULL,NULL,NULL,NULL,,NULL,0,0,2,2,N,N,25,NULL,98,9801,NULL,,Y,37.47658,37,28.595,NULL,-82.52283,82,31.37,NULL,N,NULL,NULL,NULL,NULL,NULL,NULL,NULL,NULL,7,3,2,4,1,1,2,2,6,3,Y,NULL,Y,N,1545,1549,1638,N,NULL,54,,,Y,,N,N,098-CS-1156-0,NULL,NULL,2019,O,7.23018E+11,098-CS-1156  -000,HIGH,098-CS-1156  -000,0.028,0,0,0,1,0,0,0,0,0,0,0,1,0
72337786,KSP0900,19-12261,20190410,1211,,,US23,,,US0023,US0023,0,098 US-23-10,US0023,N,N,NULL,NULL,NULL,N,NULL,NULL,NULL,NULL,NULL,NULL,11.674,NULL,NULL,NULL,NULL,,NULL,0,0,2,2,N,N,55,NULL,98,9827,NULL,,Y,37.35855,37,21.513,NULL,-82.55502,82,33.301,NULL,N,NULL,NULL,NULL,NULL,NULL,NULL,NULL,NULL,1,3,4,6,1,1,2,2,7,3,N,NULL,N,N,1220,1230,,N,NULL,55,,1,N,,N,N,098-US-0023-10,NULL,NULL,2019,O,7.23378E+11,098-US-0023  -010,HIGH,098-US-0023  -000,11.674,0,0,0,0,0,0,1,1,0,0,0,0,0
72302738,980500,2019AR005,20190114,845,,,US23,,,US0023,US0023,0,098 US-23-10,US0023,N,N,NULL,NULL,NULL,N,NULL,NULL,NULL,NULL,NULL,NULL,28.053,NULL,NULL,NULL,NULL,,NULL,0,0,2,2,N,N,45,NULL,98,9807,NULL,,Y,37.51515,37,30.909,NULL,-82.5593,82,33.558,NULL,N,NULL,NULL,NULL,NULL,NULL,NULL,NULL,NULL,8,3,6,6,1,5,9,2,1,3,N,NULL,Y,N,845,847,905,N,NULL,53,,1,N,,N,N,098-US-0023-10,NULL,NULL,2019,O,7.23027E+11,098-US-0023  -010,HIGH,098-US-0023  -000,28.053,0,0,0,0,0,0,0,0,0,0,0,1,0
72303242,KSP0900,19-930,20190108,,,,US460,,,US0460,US0460,0,098 US-460,US0460,Y,N,NULL,NULL,NULL,N,NULL,NULL,NULL,NULL,NULL,NULL,5.09,NULL,NULL,NULL,NULL,,NULL,0,0,2,2,Y,N,15,NULL,98,9832,NULL,,Y,37.41029,37,24.617,NULL,-82.44865,82,26.919,NULL,N,NULL,NULL,NULL,NULL,NULL,NULL,NULL,NULL,8,7,2,6,1,1,2,5,8,3,N,NULL,Y,N,1918,1950,1918,N,NULL,90,,1,N,,N,N,098-US-0460-0,NULL,NULL,2019,NULL,7.23032E+11,098-US-0460  -000,HIGH,098-US-0460  -000,5.09,0,0,0,0,0,0,0,0,0,0,0,0,0
72313296,980100,2.019E+11,20190206,2240,,,MAYO,N,TRL,US0023,US0023,,,,N,N,NULL,NULL,NULL,N,NULL,NULL,NULL,NULL,NULL,NULL,31.753,NULL,NULL,NULL,NULL,,NULL,0,0,1,1,N,N,55,NULL,98,9801,NULL,,Y,37.53734,37,32.241,NULL,-82.60432,82,36.259,NULL,N,NULL,NULL,NULL,NULL,NULL,NULL,NULL,NULL,9,3,4,6,1,5,6,6,7,3,N,NULL,Y,Y,2240,2250,41,N,NULL,40,,1,N,,N,N,,NULL,NULL,2019,O,7.23133E+11,098-US-0023  -010,MEDIUM,098-US-0023  -000,31.753,0,1,0,0,0,0,0,0,0,0,0,1,0
72375335,KSP0900,19-23651,20190624,2206,,,KY194,,,KY0194,KY0194,0,098 KY-194,KY0194,Y,N,NULL,NULL,NULL,N,NULL,NULL,NULL,NULL,NULL,NULL,23.403,NULL,NULL,NULL,NULL,,NULL,0,0,2,2,N,N,10,NULL,98,9817,NULL,,Y,37.53378,37,32.027,NULL,-82.36851,82,22.111,NULL,N,NULL,NULL,NULL,NULL,NULL,NULL,NULL,NULL,2,97,1,6,1,5,2,6,6,3,N,NULL,Y,N,2206,2240,2206,N,NULL,90,6,0,N,,N,N,098-KY-0194-0,NULL,NULL,2019,O,7.23753E+11,098-KY-0194  -000,HIGH,098-KY-0194  -000,23.403,0,0,1,0,0,0,1,0,0,0,0,0,0
72303241,KSP0900,19-668,20190106,1755,,,CHLOE,,RD,KY1460,KY1460,0,098 KY-1460,KY1460,N,N,NULL,NULL,NULL,N,NULL,NULL,NULL,NULL,NULL,NULL,2.394,NULL,NULL,NULL,NULL,,NULL,0,0,2,2,N,N,45,NULL,98,9801,1,S,N,37.46415,37,27.849,NULL,-82.47824,82,28.695,NULL,N,NULL,NULL,NULL,NULL,NULL,NULL,NULL,NULL,5,3,2,4,1,1,2,6,7,3,N,NULL,Y,N,1755,1820,1820,N,NULL,49,,0,N,,N,N,098-KY-1460-0,NULL,NULL,2019,O,7.23032E+11,098-KY-1460  -000,HIGH,098-KY-1460  -000,2.394,0,0,0,0,0,0,0,1,0,0,0,0,0
72300105,KSP0900,2019-622,20190106,1056,,,HOSPITAL,,DR,,,,,,Y,N,NULL,NULL,NULL,N,NULL,NULL,NULL,NULL,NULL,NULL,0.264,NULL,NULL,NULL,NULL,,NULL,0,0,2,2,N,N,NULL,NULL,98,9834,NULL,,Y,37.67746,37,40.648,NULL,-82.29691,82,17.815,NULL,N,NULL,NULL,NULL,NULL,NULL,NULL,NULL,NULL,7,97,NULL,6,1,1,2,2,1,3,N,NULL,Y,N,1058,1114,1114,N,NULL,90,,,N,,N,N,,NULL,NULL,2019,O,7.23001E+11,098-CR-1015C -000,MEDIUM,098-CR-1015C -000,0.264,0,0,0,0,0,0,0,0,0,0,0,0,0
72299337,KSP0900,19-00469,20190104,2057,,,KY194,,,KY0194,KY0194,,,,N,N,NULL,NULL,NULL,N,NULL,NULL,NULL,NULL,NULL,NULL,26.547,NULL,NULL,NULL,NULL,,NULL,0,0,2,2,Y,N,35,NULL,98,9817,NULL,,Y,37.49872,37,29.923,NULL,-82.3512,82,21.072,NULL,N,NULL,NULL,NULL,NULL,NULL,NULL,NULL,NULL,7,3,2,6,1,5,6,6,7,3,N,NULL,Y,N,2057,2105,2130,N,NULL,54,6,0,N,,N,N,,NULL,NULL,2019,O,7.22993E+11,098-KY-0194  -000,HIGH,098-KY-0194  -000,26.547,0,0,0,0,0,0,1,1,0,0,0,1,0
72303258,980100,2.019E+11,20190114,826,,,TOWN MOUNTAIN,,RD,KY1426,KY1426,0,098 KY-1426,KY1426,N,N,NULL,NULL,NULL,N,NULL,NULL,NULL,NULL,NULL,NULL,6.686,NULL,NULL,NULL,NULL,,NULL,0,0,2,2,N,N,55,NULL,98,9801,NULL,,Y,37.48394,37,29.036,NULL,-82.51234,82,30.741,NULL,N,NULL,NULL,NULL,NULL,NULL,NULL,NULL,NULL,5,3,2,6,1,5,3,2,7,3,N,NULL,Y,N,826,828,829,N,NULL,49,,0,Y,,N,N,098-KY-1426-0,NULL,NULL,2019,O,7.23033E+11,098-KY-1426  -000,HIGH,098-KY-1426  -000,6.686,0,0,0,1,0,0,1,0,0,0,0,0,0
72312065,980100,2.019E+11,20190205,1308,,,THOMPSON,,RD,,,0,098 CS-1215,CS1215,Y,N,NULL,NULL,NULL,N,NULL,NULL,NULL,NULL,NULL,NULL,0.359,NULL,NULL,NULL,NULL,,NULL,0,0,2,2,N,N,NULL,NULL,98,9801,NULL,,Y,37.5066,37,30.396,NULL,-82.54392,82,32.636,NULL,N,NULL,NULL,NULL,NULL,NULL,NULL,NULL,NULL,8,97,NULL,6,1,1,3,2,5,3,N,NULL,Y,N,1308,1324,1324,N,NULL,90,,,N,,N,N,098-CS-1215-0,NULL,NULL,2019,O,7.23121E+11,098-CS-1215  -000,HIGH,098-CS-1215  -000,0.359,0,0,0,1,0,0,0,0,0,0,0,0,0
72309667,980100,2.019E+11,20190117,2349,,,US23,,,US0023,US0023,,,,N,N,NULL,NULL,NULL,N,NULL,NULL,NULL,NULL,NULL,NULL,20.921,NULL,NULL,NULL,NULL,,NULL,3,0,2,2,N,N,55,NULL,98,9801,NULL,,Y,37.44399,37,26.639,NULL,-82.52485,82,31.491,NULL,N,NULL,NULL,NULL,NULL,NULL,NULL,NULL,NULL,1,3,4,3,1,5,6,4,1,3,Y,NULL,Y,Y,2349,2355,112,N,NULL,55,,1,N,,N,N,,NULL,NULL,2019,C,7.23097E+11,098-US-0023  -010,MEDIUM,098-US-0023  -000,20.921,0,1,0,0,0,0,0,0,0,0,0,0,0
72302981,KSP0900,19-376,20190104,719,,,KY194,,,KY0194,KY0194,0,098 KY-194,KY0194,N,N,NULL,NULL,NULL,N,NULL,NULL,NULL,NULL,NULL,NULL,21.059,NULL,NULL,NULL,NULL,,NULL,1,0,2,2,N,N,55,NULL,98,9817,NULL,,Y,37.53679,37,32.207,NULL,-82.39401,82,23.641,NULL,N,NULL,NULL,NULL,NULL,NULL,NULL,NULL,NULL,7,3,2,3,1,5,3,2,7,3,Y,NULL,Y,N,720,822,830,N,NULL,54,6,0,Y,,N,N,098-KY-0194-0,NULL,NULL,2019,C,7.2303E+11,098-KY-0194  -000,HIGH,098-KY-0194  -000,21.059,0,0,0,0,0,0,0,0,1,0,0,1,0
72310089,KSP0900,19-2481,20190123,1505,,,ELKHORN,,CRK,KY0197,KY0197,0,098 KY-197,KY0197,Y,N,NULL,NULL,NULL,N,NULL,NULL,NULL,NULL,NULL,NULL,9.774,NULL,NULL,NULL,NULL,,NULL,0,0,2,2,N,N,15,NULL,98,9864,NULL,,Y,37.26593,37,15.955,NULL,-82.43405,82,26.043,NULL,N,NULL,NULL,NULL,NULL,NULL,NULL,NULL,NULL,2,97,0,6,1,1,2,2,7,3,N,NULL,Y,N,1507,1522,1507,N,NULL,90,7,0,Y,,N,N,098-KY-0197-0,NULL,NULL,2019,O,7.23101E+11,098-KY-0197  -000,HIGH,098-KY-0197  -000,9.774,0,0,0,0,0,0,0,0,0,0,0,0,0
72318385,980100,2.019E+11,20190215,2100,,,US23,N,,,,,,,N,N,NULL,NULL,NULL,N,NULL,NULL,NULL,NULL,NULL,NULL,NULL,NULL,NULL,NULL,NULL,NULL,NULL,0,0,2,2,Y,N,55,NULL,98,9801,NULL,,Y,37.50312,37,30.187,NULL,-82.53208,82,31.925,NULL,N,NULL,NULL,NULL,NULL,NULL,NULL,NULL,NULL,5,3,4,6,1,1,3,5,1,3,N,NULL,Y,N,2020,2024,,N,NULL,49,,,N,,N,N,,NULL,NULL,2019,O,7.23184E+11,098-US-0023  -000,MEDIUM,098-US-0023  -000,26.245,0,0,0,0,0,0,0,0,0,0,0,0,0
72305446,KSP0900,19-2167,20190120,1636,,,STONE COAL CREEK,,RD,KY3227,KY3227,0,098 KY-3227,KY3227,N,N,NULL,NULL,NULL,N,NULL,NULL,NULL,NULL,NULL,NULL,3.525,NULL,NULL,NULL,NULL,,NULL,1,0,2,2,N,N,35,NULL,98,9801,3,N,N,37.54005,37,32.403,NULL,-82.51115,82,30.669,NULL,N,NULL,NULL,NULL,NULL,NULL,NULL,NULL,NULL,3,3,2,3,1,5,3,2,7,3,Y,NULL,Y,N,1637,1705,1737,N,NULL,52,8,0,Y,,N,N,098-KY-3227-0,NULL,NULL,2019,C,7.23054E+11,098-KY-3227  -000,HIGH,098-KY-3227  -000,3.525,0,0,0,0,0,0,0,0,0,0,0,1,0
72316510,KSP0900,19-4629,20190211,2226,,,BIG CARD,,RD,,,0,098 CR-1190,CR1190,N,N,NULL,NULL,NULL,N,NULL,NULL,NULL,NULL,NULL,NULL,0.28,NULL,NULL,NULL,NULL,,NULL,0,0,1,1,N,N,15,NULL,98,9847,NULL,,Y,37.37967,37,22.78,NULL,-82.26018,82,15.611,NULL,N,NULL,NULL,NULL,NULL,NULL,NULL,NULL,NULL,9,97,1,6,97,5,6,6,6,3,N,NULL,Y,N,2226,2254,2226,Y,NULL,40,,,N,,N,N,098-CR-1190-0,NULL,NULL,2019,O,7.23165E+11,098-CR-1190  -000,HIGH,098-CR-1190  -000,0.28,0,0,0,0,0,0,0,0,0,0,0,1,0
72314536,KSP0900,19-3190,20190130,1125,,,KY194,,,KY0194,KY0194,0,098 KY-194,KY0194,N,N,NULL,NULL,NULL,N,NULL,NULL,NULL,NULL,NULL,NULL,24.155,NULL,NULL,NULL,NULL,,NULL,1,0,1,1,N,N,55,NULL,98,9847,NULL,,Y,37.52673,37,31.604,NULL,-82.36658,82,21.994,NULL,N,NULL,NULL,NULL,NULL,NULL,NULL,NULL,NULL,9,4,2,3,1,1,3,2,7,3,Y,NULL,Y,Y,1131,1236,1245,N,NULL,51,6,0,N,,N,N,098-KY-0194-0,NULL,NULL,2019,C,7.23145E+11,098-KY-0194  -000,HIGH,098-KY-0194  -000,24.155,0,0,0,0,0,0,0,0,0,0,0,1,0
72307932,KSP0900,19-2619,20190124,1646,,,CEDAR HILLS,,RD,KY1426,KY1426,0,098 KY-1426,KY1426,N,N,NULL,NULL,NULL,N,NULL,NULL,NULL,NULL,NULL,NULL,2.734,NULL,NULL,NULL,NULL,,NULL,0,0,1,1,N,N,55,NULL,98,9801,NULL,,Y,37.45518,37,27.311,NULL,-82.54928,82,32.957,NULL,N,NULL,NULL,NULL,NULL,NULL,NULL,NULL,NULL,9,5,2,3,1,5,2,6,7,3,N,NULL,Y,N,1757,1806,1757,N,NULL,51,8,0,N,,N,N,098-KY-1426-0,NULL,NULL,2019,NULL,7.23079E+11,098-KY-1426  -000,HIGH,098-KY-1426  -000,2.734,0,0,0,0,0,0,0,0,0,0,0,1,0
72366151,980100,2.019E+11,20190606,1741,,,KY1426,,,KY1426,KY1426,0,098 KY-1426,KY1426,N,N,NULL,NULL,NULL,N,NULL,NULL,NULL,NULL,NULL,NULL,6.803,NULL,NULL,NULL,NULL,,NULL,0,0,2,2,N,N,55,NULL,98,9801,NULL,,Y,37.48506,37,29.104,NULL,-82.51074,82,30.644,NULL,N,NULL,NULL,NULL,NULL,NULL,NULL,NULL,NULL,1,3,2,6,1,5,6,2,1,3,N,NULL,Y,N,1741,1744,,N,NULL,55,,0,N,,N,N,098-KY-1426-0,NULL,NULL,2019,O,7.23662E+11,098-KY-1426  -000,HIGH,098-KY-1426  -000,6.803,0,0,0,0,0,0,1,0,0,0,0,0,0
72301696,980100,2.019E+11,20190107,1705,,254,CASSIDY,,BLVD,,,0,098 CS-1191,CS1191,Y,N,NULL,NULL,NULL,N,NULL,NULL,NULL,NULL,NULL,NULL,0.302,NULL,NULL,NULL,NULL,,NULL,0,0,2,2,N,N,NULL,NULL,98,9801,NULL,,Y,37.50512,37,30.307,NULL,-82.53686,82,32.211,NULL,N,NULL,NULL,NULL,NULL,NULL,NULL,NULL,NULL,2,97,NULL,6,1,1,2,2,5,3,N,NULL,Y,N,1705,1705,1705,N,NULL,90,,,N,,N,N,098-CS-1191-0,NULL,NULL,2019,O,7.23017E+11,098-CS-1191  -000,HIGH,098-CS-1191  -000,0.302,0,0,0,1,0,0,1,0,0,0,0,0,0
72302899,KSP0900,19-406,20190104,1447,,,FOREST HILLS,,RD,KY0308,KY0308,0,098 KY-308,KY0308,N,N,NULL,NULL,NULL,N,NULL,NULL,NULL,NULL,NULL,NULL,2.009,NULL,NULL,NULL,NULL,,NULL,0,0,1,1,N,N,35,NULL,98,9885,NULL,,Y,37.64199,37,38.519,NULL,-82.27667,82,16.6,NULL,N,NULL,NULL,NULL,NULL,NULL,NULL,NULL,NULL,9,97,2,3,1,5,2,2,7,3,N,NULL,Y,Y,1450,1455,1515,Y,NULL,40,8,0,N,,N,N,098-KY-0308-0,NULL,NULL,2019,O,7.23029E+11,098-KY-0308  -000,HIGH,098-KY-0308  -000,2.009,0,0,0,0,0,0,0,0,0,0,0,1,0
72303014,KSP0900,19-1276,20190111,1812,,,US119,,,US0119,US0119,0,098 US-119,US0119,N,N,NULL,NULL,NULL,N,NULL,NULL,NULL,NULL,NULL,NULL,24.338,NULL,NULL,NULL,NULL,,NULL,2,0,2,2,N,N,55,NULL,98,9834,NULL,,Y,37.6598,37,39.588,NULL,-82.27322,82,16.393,NULL,N,NULL,NULL,NULL,NULL,NULL,NULL,NULL,NULL,1,3,4,6,1,1,2,6,7,3,Y,NULL,Y,Y,1813,1820,1900,N,NULL,55,2,1,N,,N,N,098-US-0119-0,NULL,NULL,2019,C,7.2303E+11,098-US-0119  -000,HIGH,098-US-0119  -000,24.338,0,0,0,1,0,0,0,1,0,0,0,0,0
72306272,980100,2.019E+11,20190122,1644,,2138,MAYO,S,TRL,,,,,,Y,N,NULL,NULL,NULL,N,NULL,NULL,NULL,NULL,NULL,NULL,NULL,NULL,NULL,NULL,NULL,NULL,NULL,0,0,2,2,N,N,15,NULL,98,9801,NULL,,Y,37.43708,37,26.225,NULL,-82.51128,82,30.677,NULL,N,NULL,NULL,NULL,NULL,NULL,NULL,NULL,NULL,2,97,NULL,6,1,1,2,2,1,3,N,NULL,Y,N,1644,1700,,N,NULL,90,,,N,,N,N,,NULL,NULL,2019,O,7.23063E+11,098-US-0460  -000,MEDIUM,098-US-0460  -000,0.4,0,0,0,1,0,0,1,0,0,0,0,0,0
72313672,KSP0900,19-4135,20190207,1608,,,SMITH FORK,,RD,KY3419,KY3419,0,098 KY-3419,KY3419,N,N,NULL,NULL,NULL,N,NULL,NULL,NULL,NULL,NULL,NULL,3.848,NULL,NULL,NULL,NULL,,NULL,0,0,1,1,N,N,45,NULL,98,9811,NULL,,Y,37.47501,37,28.501,NULL,-82.18767,82,11.26,NULL,N,NULL,NULL,NULL,NULL,NULL,NULL,NULL,NULL,9,6,2,6,1,1,2,2,6,3,N,NULL,Y,Y,1614,1725,1725,Y,NULL,40,9,0,N,,N,N,098-KY-3419-0,NULL,NULL,2019,O,7.23137E+11,098-KY-3419  -000,HIGH,098-KY-3419  -000,3.848,0,0,0,1,0,0,0,0,0,0,0,1,0
72308343,KSP0900,2019-02839,20190126,2356,,,,,,US0119,US0119,,,,N,N,NULL,NULL,NULL,N,NULL,NULL,NULL,NULL,NULL,NULL,0.011,NULL,NULL,NULL,NULL,,NULL,4,0,1,1,N,N,55,NULL,98,9801,NULL,,Y,37.56048,37,33.629,NULL,-82.42198,82,25.319,NULL,N,NULL,NULL,NULL,NULL,NULL,NULL,NULL,NULL,9,3,5,1,1,1,2,5,7,3,Y,NULL,Y,Y,2356,5,125,N,NULL,44,2,1,N,,N,N,,NULL,NULL,2019,A,7.23083E+11,098-US-0119  -211,MEDIUM,098-US-0119  -211,0.011,0,0,1,0,0,0,0,0,1,1,0,1,0
72337165,980100,2.019E+11,20190409,1635,,,US23,,,US0023,US0023,,,,N,N,NULL,NULL,NULL,N,NULL,NULL,NULL,NULL,NULL,NULL,23.066,NULL,NULL,NULL,NULL,,NULL,0,0,2,2,N,N,55,NULL,98,9801,NULL,,Y,37.46585,37,27.951,NULL,-82.5282,82,31.692,NULL,N,NULL,NULL,NULL,NULL,NULL,NULL,NULL,NULL,5,3,4,6,1,1,2,2,1,3,N,NULL,Y,N,1635,1636,,N,NULL,49,,1,N,,N,N,,NULL,NULL,2019,O,7.23372E+11,098-US-0023  -010,MEDIUM,098-US-0023  -000,23.066,0,0,0,0,0,0,1,0,0,0,0,0,0
72306541,KSP0900,19-2156,20190120,1511,,,KY80,,,KY0080,KY0080,0,098 KY-80,KY0080,N,N,NULL,NULL,NULL,N,NULL,NULL,NULL,NULL,NULL,NULL,5.084,NULL,NULL,NULL,NULL,,NULL,0,0,1,1,N,N,55,NULL,98,9802,NULL,,Y,37.29507,37,17.704,NULL,-82.32597,82,19.559,NULL,N,NULL,NULL,NULL,NULL,NULL,NULL,NULL,NULL,9,3,2,1,1,5,3,2,7,3,N,NULL,Y,Y,1511,1552,,N,NULL,40,7,0,N,,N,N,098-KY-0080-0,NULL,NULL,2019,O,7.23065E+11,098-KY-0080  -000,HIGH,098-KY-0080  -000,5.084,0,0,1,0,0,0,0,0,0,0,0,1,0
72354304,980100,2.019E+11,20190517,1759,,,HAMBLEY,,BLVD,,,,,,N,N,NULL,NULL,NULL,N,NULL,NULL,NULL,NULL,NULL,NULL,0.573,NULL,NULL,NULL,NULL,,NULL,0,0,2,2,N,N,25,NULL,98,9801,NULL,,Y,37.47962,37,28.777,NULL,-82.51945,82,31.167,NULL,N,NULL,NULL,NULL,NULL,NULL,NULL,NULL,NULL,5,3,2,6,1,1,2,2,1,3,N,NULL,Y,N,1759,1804,,N,NULL,49,,,N,,N,N,,NULL,NULL,2019,O,7.23543E+11,098-CS-1222  -000,MEDIUM,098-CS-1222  -000,0.573,0,0,0,0,0,0,1,0,0,0,0,0,0
72303927,980500,2019AR006,20190116,1314,,,COWPEN,,RD,KY2061,KY2061,0,098 KY-2061,KY2061,N,N,NULL,NULL,NULL,N,NULL,NULL,NULL,NULL,NULL,NULL,0.697,NULL,NULL,NULL,NULL,,NULL,1,0,2,2,N,N,35,NULL,98,9807,NULL,,Y,37.53717,37,32.23,NULL,-82.5677,82,34.062,NULL,N,NULL,NULL,NULL,NULL,NULL,NULL,NULL,NULL,3,3,2,3,1,1,3,2,6,3,Y,NULL,Y,Y,1315,1317,1418,N,NULL,52,,0,N,,N,N,098-KY-2061-0,NULL,NULL,2019,B,7.23039E+11,098-KY-2061  -000,HIGH,098-KY-2061  -000,0.697,0,0,0,0,0,0,1,0,0,0,0,1,0
72298657,980100,2.019E+11,20190103,1310,,120,JUSTICE,,WAY,,,,,,Y,N,NULL,NULL,NULL,N,NULL,NULL,NULL,NULL,NULL,NULL,NULL,NULL,NULL,NULL,NULL,NULL,NULL,0,0,2,2,Y,N,15,NULL,98,9801,NULL,,Y,37.50591,37,30.355,NULL,-82.53979,82,32.387,NULL,N,NULL,NULL,NULL,NULL,NULL,NULL,NULL,NULL,,97,NULL,6,1,1,2,2,1,3,N,NULL,Y,N,1310,1326,,N,NULL,90,,,N,,N,N,,NULL,NULL,2019,NULL,7.22987E+11,098-CS-1215  -000,MEDIUM,098-CS-1215  -000,0.698,0,0,0,0,0,0,0,0,0,0,0,0,0