MasterFile,AgencyORINumber,LocalCode,CollisionDate,CollisionTime,CollisionDayWeekCode,RoadwayName_HouseBusinessNumber_,RoadwayName_RoadwayName_,RoadwayName_Direction_,RoadwayName_RoadwaySuffix_,RoadwayfromReport,CurrentRoadwayNumber,RoadwayNumberCoupletID,RSEUniqueGIS,RoadwayIdentifier,ParkingLotIndicator,IntersectionWith_Indicator_,IntersectionWith_NameRoadway_,IntersectionWith_Direction_,IntersectionWith_RoadwaySuffix_,BetweenStreets_Indicator_,BetweenStreets1_NameRoadway_,BetweenStreet1_Direction_,BetweenStreets1_RoadwaySuffix_,BetweenStreets2_NameRoadway_,BetweenStreets2_Direction_,BetweenStreets2_RoadwaySuffix_,Milepoint,ReportMilepointDeriveNumber,CurrentDerivedMiepointNumber,MilestoMilepoint,FeettoMilepoint,DirectionfromMilepoint_NSEW_,ValidMilepointIndicator,NumberInjured,NumberKilled,ofUnits,ofMotorVehicleUnits,Hit&RunIndicator,OneWayIndicator,SpeedLimitNumber,KilometersIndicator,CountyCode,CityCountyCode,MilesFromCity,DirectionFromCity_NSEW_,InCityLimitsIndicator,Latitude,LatitudeDegrees,LatitudeMinutes,LatitudeSeconds,Longitude,LongitudeDegrees,LongitudeMinutes,LongitudeSeconds,RampIndicator,RampFromIdentifier,RampFromDirCode,RampFromCoupletID,RSEUniqueGISRampFrom,RampToidentifier,RampToDirCode,RampToCoupletID,RSEUniqueGisRampTo,MannerofCollisionCode,LocationFirstEventCode,TotalLanes,RoadwayCharacterCode,RoadwaySurfaceCode,RoadwayConditionCode,WeatherCode,LightConditionCode,LandUseCode,SchoolBusRelatedCode,FirstAidSceneIndicator,CollDescPresentInd,InvestigationCompleteIndicator,PhotosTakenIndicator,TimeNotified,TimeArrived,TimeRoadwayOpened,PropertyDamageIndicator,DiagramPresentIndicator,DirectionalAnalysis,FunctionClassCode,NationalHwySysCode,EnforcementsIndicator,KARSCityCode,SecondaryCollisionIndicator,MedianCrossoverIndicator,RT_UNIQUE,MapIt,TimeLastLeft,YR,KABCO,MFNY,WorkingRID,RT_CONFIDENCE,KTC_RT,KTC_MP,Motorcyclist,CommercialVehicle,YoungDriver,MatureDriver,pedestrian,Bicyclist,Distracted,agressive,Impaired,Unrestrained,Intersection,RoadwayDeparture,MedXover
72319302,980100,2.019E+11,20190222,1906,,,MAIN,,ST,,,0,098 CS-1112,CS1112,N,N,NULL,NULL,NULL,N,NULL,NULL,NULL,NULL,NULL,NULL,0.055,NULL,NULL,NULL,NULL,,NULL,0,0,2,2,N,Y,15,NULL,98,9801,NULL,,Y,37.47844,37,28.706,NULL,-82.51814,82,31.088,NULL,N,NULL,NULL,NULL,NULL,NULL,NULL,NULL,NULL,1,3,1,6,1,5,6,5,7,3,N,NULL,Y,N,1906,1922,1930,N,NULL,55,,,N,,N,N,098-CS-1112-0,NULL,NULL,2019,O,7.23193E+11,098-CS-1112  -000,HIGH,098-CS-1112  -000,0.055,0,0,0,0,0,0,0,1,0,0,0,0,0
72328179,KSP0900,19-8386,20190314,1520,,,GRAPEVINE,,RD,KY0194,KY0194,0,098 KY-194,KY0194,N,N,NULL,NULL,NULL,N,NULL,NULL,NULL,NULL,NULL,NULL,35.078,NULL,NULL,NULL,NULL,,NULL,0,0,2,2,N,N,55,NULL,98,9832,NULL,,Y,37.45053,37,27.032,NULL,-82.30492,82,18.296,NULL,N,NULL,NULL,NULL,NULL,NULL,NULL,NULL,NULL,5,3,2,6,1,1,3,2,7,3,N,NULL,Y,N,1523,1545,1450,N,NULL,49,7,0,N,,N,N,098-KY-0194-0,NULL,NULL,2019,O,7.23282E+11,098-KY-0194  -000,HIGH,098-KY-0194  -000,35.078,0,0,1,0,0,0,1,0,0,0,0,0,0
72302127,980100,2.019E+11,20190112,1617,,,THOMPSON,,RD,,,0,098 CS-1215,CS1215,Y,N,NULL,NULL,NULL,N,NULL,NULL,NULL,NULL,NULL,NULL,0.343,NULL,NULL,NULL,NULL,,NULL,0,0,2,2,N,N,NULL,NULL,98,9801,NULL,,Y,37.50699,37,30.419,NULL,-82.54269,82,32.562,NULL,N,NULL,NULL,NULL,NULL,NULL,NULL,NULL,NULL,8,97,NULL,6,1,5,6,2,5,3,N,NULL,Y,N,1617,1627,1627,N,NULL,90,,,N,,N,N,098-CS-1215-0,NULL,NULL,2019,O,7.23021E+11,098-CS-1215  -000,HIGH,098-CS-1215  -000,0.343,0,0,0,0,0,0,1,0,0,0,0,0,0
72310641,980100,2.019E+11,20190131,1755,,,KEYSER HEIGHTS,,DR,,,,,,N,N,NULL,NULL,NULL,N,NULL,NULL,NULL,NULL,NULL,NULL,0.084,NULL,NULL,NULL,NULL,,NULL,0,0,2,2,N,N,35,NULL,98,9801,NULL,,Y,37.49173,37,29.504,NULL,-82.53333,82,32,NULL,N,NULL,NULL,NULL,NULL,NULL,NULL,NULL,NULL,1,3,2,6,1,1,3,5,7,3,N,NULL,Y,N,1755,1806,1858,N,NULL,55,,,N,,N,N,,NULL,NULL,2019,O,7.23106E+11,098-CS-1187  -000,HIGH,098-CS-1187  -000,0.084,0,0,0,0,0,0,0,0,0,0,0,0,0
72345360,KSP0900,19-14021,20190422,221,,,US460,,,US0460,US0460,0,098 US-460,US0460,N,N,NULL,NULL,NULL,N,NULL,NULL,NULL,NULL,NULL,NULL,3.563,NULL,NULL,NULL,NULL,,NULL,0,0,1,1,N,N,55,NULL,98,9801,4,E,N,37.42366,37,25.419,NULL,-82.46815,82,28.089,NULL,N,NULL,NULL,NULL,NULL,NULL,NULL,NULL,NULL,9,3,2,6,1,1,2,4,6,3,N,NULL,Y,N,222,310,,N,NULL,40,,1,N,,N,N,098-US-0460-0,NULL,NULL,2019,O,7.23454E+11,098-US-0460  -000,HIGH,098-US-0460  -000,3.563,0,0,0,0,0,0,0,0,0,0,0,1,0
72303015,KSP0900,19-1371,20190112,1649,,,SMITH FORK,,RD,KY3419,KY3419,0,098 KY-3419,KY3419,N,N,NULL,NULL,NULL,N,NULL,NULL,NULL,NULL,NULL,NULL,4.204,NULL,NULL,NULL,NULL,,NULL,0,0,1,1,N,N,35,NULL,98,9804,NULL,,Y,37.47888,37,28.733,NULL,-82.18485,82,11.091,NULL,N,NULL,NULL,NULL,NULL,NULL,NULL,NULL,NULL,9,5,2,2,1,5,6,6,7,3,N,NULL,Y,N,1747,1827,1747,N,NULL,51,9,0,N,,N,N,098-KY-3419-0,NULL,NULL,2019,O,7.2303E+11,098-KY-3419  -000,HIGH,098-KY-3419  -000,4.204,0,0,0,0,0,0,0,0,0,0,0,1,0
72316509,KSP0900,19-4509,20190210,2254,,,CHLOE,,RD,KY1460,KY1460,0,098 KY-1460,KY1460,N,N,NULL,NULL,NULL,N,NULL,NULL,NULL,NULL,NULL,NULL,2.451,NULL,NULL,NULL,NULL,,NULL,0,0,2,2,N,N,45,NULL,98,9801,1,W,N,37.46494,37,27.897,NULL,-82.47837,82,28.702,NULL,N,NULL,NULL,NULL,NULL,NULL,NULL,NULL,NULL,1,97,2,3,1,5,6,6,7,3,N,NULL,Y,Y,2255,2304,2304,Y,NULL,47,,0,Y,,N,N,098-KY-1460-0,NULL,NULL,2019,O,7.23165E+11,098-KY-1460  -000,HIGH,098-KY-1460  -000,2.451,0,0,0,0,0,0,0,0,1,0,0,0,0
72312010,980100,2.019E+11,20190205,1040,,,KY1460,,,KY1460,KY1460,0,098 KY-1460,KY1460,N,N,NULL,NULL,NULL,N,NULL,NULL,NULL,NULL,NULL,NULL,7.11,NULL,NULL,NULL,NULL,,NULL,0,0,2,2,N,Y,15,NULL,98,9801,NULL,,Y,37.48596,37,29.157,NULL,-82.54236,82,32.542,NULL,N,NULL,NULL,NULL,NULL,NULL,NULL,NULL,NULL,8,3,2,2,1,5,3,2,7,3,N,NULL,Y,N,1040,1045,,N,NULL,53,16,0,N,,N,N,098-KY-1460-0,NULL,NULL,2019,O,7.2312E+11,098-KY-1460  -000,HIGH,098-KY-1460  -000,7.11,0,0,0,1,0,0,0,1,0,0,0,1,0
72357716,KSP0900,19-17003,20190511,1324,,,US23,,,US0023,US0023,0,098 US-23,US0023,N,N,NULL,NULL,NULL,N,NULL,NULL,NULL,NULL,NULL,NULL,29.474,NULL,NULL,NULL,NULL,,NULL,0,0,2,2,N,N,45,NULL,98,9807,NULL,,Y,37.52966,37,31.78,NULL,-82.57579,82,34.547,NULL,N,NULL,NULL,NULL,NULL,NULL,NULL,NULL,NULL,5,3,6,6,1,5,3,2,7,3,N,NULL,N,N,1324,1347,,N,NULL,49,,1,N,,N,N,098-US-0023-0,NULL,NULL,2019,O,7.23577E+11,098-US-0023  -000,HIGH,098-US-0023  -000,29.474,0,0,1,0,0,0,1,0,0,0,0,0,0
72303013,KSP0900,19-1252,20190111,1500,,,TOLER,,RD,KY0319,KY0319,0,098 KY-319,KY0319,Y,N,NULL,NULL,NULL,N,NULL,NULL,NULL,NULL,NULL,NULL,6.925,NULL,NULL,NULL,NULL,,NULL,0,0,2,2,Y,N,NULL,NULL,98,9842,NULL,,Y,37.63952,37,38.371,NULL,-82.25841,82,15.504,NULL,N,NULL,NULL,NULL,NULL,NULL,NULL,NULL,NULL,2,97,2,6,1,7,2,2,5,3,N,NULL,Y,N,1530,1630,1530,N,NULL,90,7,0,N,,N,N,098-KY-0319-0,NULL,NULL,2019,NULL,7.2303E+11,098-KY-0319  -000,HIGH,098-KY-0319  -000,6.925,0,0,0,0,0,0,0,0,0,0,0,0,0
72304270,KSP0900,19-1349,20190112,1343,,,KY194,,,KY0194,KY0194,,,,Y,N,NULL,NULL,NULL,N,NULL,NULL,NULL,NULL,NULL,NULL,27.261,NULL,NULL,NULL,NULL,,NULL,0,0,2,2,N,N,NULL,NULL,98,9817,NULL,,Y,37.48938,37,29.363,NULL,-82.35102,82,21.061,NULL,N,NULL,NULL,NULL,NULL,NULL,NULL,NULL,NULL,2,97,NULL,6,1,5,3,2,1,3,N,NULL,Y,N,1345,1416,1500,N,NULL,90,7,0,N,,N,N,,NULL,NULL,2019,O,7.23043E+11,098-KY-0194  -000,HIGH,098-KY-0194  -000,27.261,0,0,0,1,0,0,1,0,0,0,0,0,0
72304666,980100,2.019E+11,20190111,1105,,,US23,,,US0023,US0023,,,,N,Y,US119,,,N,NULL,NULL,NULL,NULL,NULL,NULL,26.29,NULL,NULL,NULL,NULL,,NULL,2,0,2,2,N,N,55,NULL,98,9801,NULL,,Y,37.50376,37,30.225,NULL,-82.53216,82,31.929,NULL,N,NULL,NULL,NULL,NULL,NULL,NULL,NULL,NULL,1,3,4,6,1,1,2,2,7,3,Y,NULL,Y,Y,1105,1106,1222,N,NULL,10,,1,Y,,N,N,,NULL,NULL,2019,B,7.23047E+11,098-US-0023  -000,MEDIUM,098-US-0023  -000,26.29,0,0,0,1,0,0,1,1,0,1,1,0,0
72303137,980100,2.019E+11,20190110,648,,,US23,,,US0023,US0023,0,098 US-23,US0023,N,N,NULL,NULL,NULL,N,NULL,NULL,NULL,NULL,NULL,NULL,20.493,NULL,NULL,NULL,NULL,,NULL,1,0,1,1,N,N,55,NULL,98,9801,NULL,,Y,37.44434,37,26.66,NULL,-82.51797,82,31.078,NULL,N,NULL,NULL,NULL,NULL,NULL,NULL,NULL,NULL,9,3,4,6,1,5,2,6,7,3,Y,NULL,N,N,648,652,736,N,NULL,41,,1,N,,N,N,098-US-0023-0,NULL,NULL,2019,C,7.23031E+11,098-US-0023  -000,HIGH,098-US-0023  -000,20.493,0,0,0,0,0,0,0,0,0,1,0,1,0
72300934,980100,2.019E+11,20190107,1856,,,CASSIDY,,BLVD,,,,,,Y,N,NULL,NULL,NULL,N,NULL,NULL,NULL,NULL,NULL,NULL,0.341,NULL,NULL,NULL,NULL,,NULL,0,0,2,2,N,N,15,NULL,98,9801,NULL,,Y,37.50568,37,30.341,NULL,-82.53812,82,32.287,NULL,N,NULL,NULL,NULL,NULL,NULL,NULL,NULL,NULL,1,97,NULL,6,1,1,2,5,1,3,N,NULL,Y,N,1856,1858,,N,NULL,90,,,N,,N,N,,NULL,NULL,2019,O,7.23009E+11,098-CS-1191  -000,MEDIUM,098-CS-1191  -000,0.341,0,0,0,0,0,0,0,1,0,0,0,0,0
72344298,KSP0900,19-14047,20190422,954,,,US460,,,US0460,US0460,0,098 US-460,US0460,N,N,NULL,NULL,NULL,N,NULL,NULL,NULL,NULL,NULL,NULL,0.727,NULL,NULL,NULL,NULL,,NULL,0,0,1,1,N,N,55,NULL,98,9801,NULL,,Y,37.43378,37,26.027,NULL,-82.50689,82,30.413,NULL,N,NULL,NULL,NULL,NULL,NULL,NULL,NULL,NULL,9,5,2,6,1,1,2,2,7,3,N,NULL,Y,Y,954,954,1400,N,NULL,40,,1,N,,N,N,098-US-0460-0,NULL,NULL,2019,O,7.23443E+11,098-US-0460  -000,HIGH,098-US-0460  -000,0.727,0,1,0,0,0,0,0,0,0,0,0,1,0
72314136,KSP0900,19-3334,20190131,1940,,,US23,,,US0023,US0023,0,098 US-23-10,US0023,N,N,NULL,NULL,NULL,N,NULL,NULL,NULL,NULL,NULL,NULL,26.333,NULL,NULL,NULL,NULL,,NULL,0,0,2,2,N,N,55,NULL,98,9801,NULL,,Y,37.5043,37,30.258,NULL,-82.53261,82,31.956,NULL,N,NULL,NULL,NULL,NULL,NULL,NULL,NULL,NULL,5,3,4,6,1,1,2,6,7,3,N,NULL,Y,N,1940,1950,,N,NULL,49,,1,N,,N,N,098-US-0023-10,NULL,NULL,2019,O,7.23141E+11,098-US-0023  -010,HIGH,098-US-0023  -000,26.333,0,0,0,0,0,0,1,1,0,0,0,0,0
72321558,KSP0900,19-6024,20190223,1337,,,US119,,,US0119,US0119,,,,N,N,NULL,NULL,NULL,N,NULL,NULL,NULL,NULL,NULL,NULL,24.993,NULL,NULL,NULL,NULL,,NULL,0,0,2,2,N,N,40,NULL,98,9834,NULL,,Y,37.66812,37,40.087,NULL,-82.27718,82,16.631,NULL,N,NULL,NULL,NULL,NULL,NULL,NULL,NULL,NULL,5,3,4,6,1,5,3,2,7,3,N,NULL,Y,Y,1338,1404,1516,N,NULL,49,2,1,N,,N,N,,NULL,NULL,2019,O,7.23216E+11,098-US-0119  -000,MEDIUM,098-US-0119  -000,24.993,0,0,0,1,0,0,1,0,0,0,0,0,0
72299519,KSP0900,19-0471,20190104,2133,,,US23,,,US0023,US0023,0,098 US-23,US0023,N,N,NULL,NULL,NULL,N,NULL,NULL,NULL,NULL,NULL,NULL,28.634,NULL,NULL,NULL,NULL,,NULL,0,0,2,2,N,N,55,NULL,98,9807,NULL,,Y,37.52008,37,31.205,NULL,-82.56748,82,34.049,NULL,N,NULL,NULL,NULL,NULL,NULL,NULL,NULL,NULL,5,3,4,6,1,5,6,6,7,3,N,NULL,Y,N,2133,2144,,N,NULL,49,,1,N,,N,N,098-US-0023-0,NULL,NULL,2019,O,7.22995E+11,098-US-0023  -000,HIGH,098-US-0023  -000,28.634,0,0,0,0,0,0,1,0,0,0,0,0,0
72315639,980100,2.019E+11,20190212,1445,,,DIAGNOSTIC CENTER PARKING LOT,,,,,,,,Y,N,NULL,NULL,NULL,N,NULL,NULL,NULL,NULL,NULL,NULL,NULL,NULL,NULL,NULL,NULL,NULL,NULL,0,0,2,2,N,N,15,NULL,98,9801,NULL,,Y,37.47258,37,28.355,NULL,-82.52652,82,31.591,NULL,N,NULL,NULL,NULL,NULL,NULL,NULL,NULL,NULL,2,97,NULL,6,1,5,6,2,1,3,N,NULL,Y,N,1447,1456,1456,N,NULL,90,,,N,,N,N,,NULL,NULL,2019,O,7.23156E+11,098-KY-1426  -029,MEDIUM,098-KY-1426  -029,0.014,0,0,0,1,0,0,1,0,0,0,0,0,0
72301507,980000,19-01-002,20190109,1250,,260,HOSPITAL,,DR,,,0,098 CR-1015C,CR1015C,Y,N,NULL,NULL,NULL,N,NULL,NULL,NULL,NULL,NULL,NULL,NULL,NULL,NULL,NULL,NULL,NULL,NULL,0,0,2,2,N,N,15,NULL,98,9834,NULL,,Y,37.67603,37,40.562,NULL,-82.29662,82,17.798,NULL,N,NULL,NULL,NULL,NULL,NULL,NULL,NULL,NULL,2,97,NULL,6,1,1,2,2,1,3,N,NULL,Y,Y,1300,1320,1355,N,NULL,90,,,N,,N,N,098-CR-1015C-0,NULL,NULL,2019,O,7.23015E+11,098-CR-1015C -000,HIGH,098-CR-1015C -000,0.1,0,0,0,1,0,0,0,0,0,0,0,0,0
72314625,KSP0900,19-4393,20190209,1930,,,SMITH FORK,,RD,KY3419,KY3419,,,,N,N,NULL,NULL,NULL,N,NULL,NULL,NULL,NULL,NULL,NULL,4.239,NULL,NULL,NULL,NULL,,NULL,0,0,1,1,N,N,25,NULL,98,9804,NULL,,Y,37.47934,37,28.76,NULL,-82.18459,82,11.076,NULL,N,NULL,NULL,NULL,NULL,NULL,NULL,NULL,NULL,9,4,1,3,1,1,2,5,7,3,N,NULL,Y,N,1900,1930,1900,N,NULL,44,9,0,N,,N,N,,NULL,NULL,2019,O,7.23146E+11,098-KY-3419  -000,HIGH,098-KY-3419  -000,4.239,0,0,0,0,0,0,1,0,0,0,0,1,0
72342418,KSP0900,19-13760,20190420,35,,,KY194,,,KY0194,KY0194,0,098 KY-194,KY0194,N,N,NULL,NULL,NULL,N,NULL,NULL,NULL,NULL,NULL,NULL,16.772,NULL,NULL,NULL,NULL,,NULL,0,0,1,1,N,N,55,NULL,98,9820,NULL,,Y,37.56761,37,34.057,NULL,-82.45816,82,27.49,NULL,N,NULL,NULL,NULL,NULL,NULL,NULL,NULL,NULL,9,5,2,3,1,5,6,5,7,3,N,NULL,Y,N,116,138,138,N,NULL,51,7,0,N,,N,N,098-KY-0194-0,NULL,NULL,2019,O,7.23424E+11,098-KY-0194  -000,HIGH,098-KY-0194  -000,16.772,0,0,1,0,0,0,0,0,0,0,0,1,0
72323989,KSP0900,19-6625,20190227,2142,,,KY3174,,,KY3174,KY3174,0,098 KY-3174-10,KY3174,N,N,NULL,NULL,NULL,N,NULL,NULL,NULL,NULL,NULL,NULL,4.417,NULL,NULL,NULL,NULL,,NULL,0,0,1,1,N,N,55,NULL,98,9830,NULL,,Y,37.36647,37,21.988,NULL,-82.46878,82,28.127,NULL,N,NULL,NULL,NULL,NULL,NULL,NULL,NULL,NULL,9,3,4,6,1,1,2,6,7,3,N,NULL,Y,N,2143,2146,,N,NULL,70,,0,N,,N,N,098-KY-3174-10,NULL,NULL,2019,O,7.2324E+11,098-KY-3174  -010,HIGH,098-KY-3174  -000,4.417,0,0,0,0,0,0,0,0,0,0,0,0,0
72349500,KSP0900,19-14509,20190425,530,,,US119,,,US0119,US0119,0,098 US-119,US0119,N,N,NULL,NULL,NULL,N,NULL,NULL,NULL,NULL,NULL,NULL,11.605,NULL,NULL,NULL,NULL,,NULL,0,0,1,1,N,N,55,NULL,98,9820,NULL,,Y,37.59248,37,35.549,NULL,-82.38049,82,22.829,NULL,N,NULL,NULL,NULL,NULL,NULL,NULL,NULL,NULL,9,3,2,4,1,1,3,6,7,3,N,NULL,Y,N,530,620,530,N,NULL,38,2,1,N,,N,N,098-US-0119-0,NULL,NULL,2019,O,7.23495E+11,098-US-0119  -000,HIGH,098-US-0119  -000,11.605,0,0,0,0,0,0,0,0,0,0,0,0,0
72302555,980100,2.019E+11,20190113,1814,,,US23 TURN LANE,,,US0023,US0023,0,098 US-23-21,US0023,N,N,NULL,NULL,NULL,N,NULL,NULL,NULL,NULL,NULL,NULL,0.015,NULL,NULL,NULL,NULL,,NULL,0,0,3,3,N,N,55,NULL,98,9801,NULL,,Y,37.50365,37,30.219,NULL,-82.53222,82,31.933,NULL,N,NULL,NULL,NULL,NULL,NULL,NULL,NULL,NULL,5,3,4,6,1,5,6,5,7,3,N,NULL,Y,N,1814,1824,1824,N,NULL,70,,1,N,,N,N,098-US-0023-21,NULL,NULL,2019,O,7.23026E+11,098-US-0023  -021,HIGH,098-US-0023  -021,0.015,0,0,1,1,0,0,1,0,0,0,0,0,0
72345908,980100,2.019E+11,20190429,1432,,,HAMBLEY,,BLVD,,,0,098 CS-1222,CS1222,N,N,NULL,NULL,NULL,N,NULL,NULL,NULL,NULL,NULL,NULL,0.663,NULL,NULL,NULL,NULL,,NULL,0,0,2,2,N,N,25,NULL,98,9801,NULL,,Y,37.48051,37,28.831,NULL,-82.51904,82,31.142,NULL,N,NULL,NULL,NULL,NULL,NULL,NULL,NULL,NULL,1,3,2,6,1,1,2,2,7,3,N,NULL,Y,N,1432,1432,,N,NULL,55,,,N,,N,Y,098-CS-1222-0,NULL,NULL,2019,O,7.23459E+11,098-CS-1222  -000,HIGH,098-CS-1222  -000,0.663,0,0,1,0,0,0,0,1,0,0,0,0,1
72304566,980100,2.019E+11,20190118,1450,,,KY3496,,,,,,,,N,N,NULL,NULL,NULL,N,NULL,NULL,NULL,NULL,NULL,NULL,NULL,NULL,NULL,NULL,NULL,NULL,NULL,0,0,2,2,N,N,35,NULL,98,9801,NULL,,Y,37.46573,37,27.944,NULL,-82.52809,82,31.685,NULL,N,NULL,NULL,NULL,NULL,NULL,NULL,NULL,NULL,5,3,4,3,1,5,3,2,1,3,N,NULL,N,N,1500,1501,1501,N,NULL,49,,,N,,N,N,,NULL,NULL,2019,O,7.23046E+11,098-KY-3496  -000,MEDIUM,098-KY-3496  -000,0.015,0,0,0,0,0,0,1,0,0,0,0,0,0
72345338,980100,2.019E+11,20190420,2042,,,KY3496,,,KY3496,KY3496,,,,N,N,NULL,NULL,NULL,N,NULL,NULL,NULL,NULL,NULL,NULL,0.018,NULL,NULL,NULL,NULL,,NULL,0,0,2,2,N,N,35,NULL,98,9801,NULL,,Y,37.46572,37,27.943,NULL,-82.5282,82,31.692,NULL,N,NULL,NULL,NULL,NULL,NULL,NULL,NULL,NULL,8,3,4,6,1,5,6,5,1,3,N,NULL,Y,N,2042,2050,2050,N,NULL,53,16,0,N,,N,N,,NULL,NULL,2019,O,7.23453E+11,098-KY-3496  -000,MEDIUM,098-KY-3496  -000,0.018,0,0,0,1,0,0,0,0,0,0,0,1,0
72305093,980100,2.019E+11,20190119,1500,,274,CASSIDY,,BLVD,,,,,,Y,N,NULL,NULL,NULL,N,NULL,NULL,NULL,NULL,NULL,NULL,NULL,NULL,NULL,NULL,NULL,,NULL,0,0,2,2,N,N,15,NULL,98,9801,NULL,,Y,37.50493,37,30.296,NULL,-82.53924,82,32.354,NULL,N,NULL,NULL,NULL,NULL,NULL,NULL,NULL,NULL,1,97,2,6,1,5,6,2,1,3,N,NULL,N,N,1403,1410,1423,N,NULL,90,,,N,,N,N,,NULL,NULL,2019,O,7.23051E+11,098-CS-1191  -000,MEDIUM,098-CS-1191  -000,0.414,0,0,0,0,0,0,1,0,0,0,0,0,0
72351811,KSP0900,19-16057,20190505,450,,,KY194,,,KY0194,KY0194,,,,N,N,NULL,NULL,NULL,N,NULL,NULL,NULL,NULL,NULL,NULL,18.707,NULL,NULL,NULL,NULL,,NULL,0,0,1,1,N,N,55,NULL,98,9820,NULL,,Y,37.55964,37,33.578,NULL,-82.41695,82,25.017,NULL,N,NULL,NULL,NULL,NULL,NULL,NULL,NULL,NULL,9,3,2,3,1,11,6,6,7,3,N,NULL,Y,N,453,524,630,N,NULL,44,6,5,N,,N,N,,NULL,NULL,2019,O,7.23518E+11,098-KY-0194  -000,MEDIUM,098-KY-0194  -000,18.707,0,0,0,0,0,0,0,0,0,0,0,1,0
72352419,980100,2.019E+11,20190506,1238,,,CASSIDY,,BLVD,,,,,,Y,N,NULL,NULL,NULL,N,NULL,NULL,NULL,NULL,NULL,NULL,0.355,NULL,NULL,NULL,NULL,,NULL,1,0,2,1,N,N,NULL,NULL,98,9801,NULL,,Y,37.50513,37,30.308,NULL,-82.53796,82,32.277,NULL,N,NULL,NULL,NULL,NULL,NULL,NULL,NULL,NULL,9,97,2,6,1,1,2,2,1,3,Y,NULL,Y,Y,1238,1248,1307,N,NULL,90,,,N,,N,N,,NULL,NULL,2019,B,7.23524E+11,098-CS-1191  -000,HIGH,098-CS-1191  -000,0.355,0,0,0,0,1,0,1,0,0,0,0,0,0
72298271,KSP0900,19-249,20190103,847,,,US460,,,US0460,US0460,0,098 US-460,US0460,N,N,NULL,NULL,NULL,N,NULL,NULL,NULL,NULL,NULL,NULL,4.968,NULL,NULL,NULL,NULL,,NULL,2,0,2,2,N,N,55,NULL,98,9801,4,SE,N,37.41148,37,24.689,NULL,-82.44968,82,26.981,NULL,N,NULL,NULL,NULL,NULL,NULL,NULL,NULL,NULL,1,3,2,6,1,5,3,2,7,3,Y,NULL,Y,N,849,852,852,N,NULL,55,,1,N,,N,N,098-US-0460-0,NULL,NULL,2019,A,7.22983E+11,098-US-0460  -000,HIGH,098-US-0460  -000,4.968,0,0,0,0,0,0,0,1,0,0,0,0,0
72365547,KSP0900,19-20692,20190605,1049,,,KY612,,,KY0612,KY0612,0,098 KY-612,KY0612,N,N,NULL,NULL,NULL,N,NULL,NULL,NULL,NULL,NULL,NULL,5.805,NULL,NULL,NULL,NULL,,NULL,0,0,1,1,N,N,45,NULL,98,9826,NULL,,Y,37.64005,37,38.403,NULL,-82.3123,82,18.738,NULL,N,NULL,NULL,NULL,NULL,NULL,NULL,NULL,NULL,9,3,2,4,1,5,6,2,7,3,N,NULL,Y,N,1049,1113,,N,NULL,40,8,0,N,,N,N,098-KY-0612-0,NULL,NULL,2019,O,7.23655E+11,098-KY-0612  -000,HIGH,098-KY-0612  -000,5.805,0,1,0,0,0,0,0,0,0,0,0,1,0
72301614,KSP0900,19-1169,20190110,1826,,,GOODY,,LOOP,,,0,098 PR-1024,PR1024,Y,N,NULL,NULL,NULL,N,NULL,NULL,NULL,NULL,NULL,NULL,0.008,NULL,NULL,NULL,NULL,,NULL,0,0,2,2,N,N,NULL,NULL,98,9834,NULL,,Y,37.65994,37,39.596,NULL,-82.2731,82,16.386,NULL,N,NULL,NULL,NULL,NULL,NULL,NULL,NULL,NULL,2,97,NULL,6,1,1,2,5,5,3,N,NULL,Y,N,1838,1842,1838,N,NULL,90,,,N,,N,N,098-PR-1024-0,NULL,NULL,2019,O,7.23016E+11,098-PR-1024  -000,HIGH,098-PR-1024  -000,0.008,0,0,0,0,0,0,1,0,0,0,0,0,0
72335735,980100,2.019E+11,20190405,331,,,US23,,,US0023,US0023,0,098 US-23,US0023,N,N,NULL,NULL,NULL,N,NULL,NULL,NULL,NULL,NULL,NULL,20.75,NULL,NULL,NULL,NULL,,NULL,0,0,1,1,N,N,55,NULL,98,9801,NULL,,Y,37.44297,37,26.578,NULL,-82.5223,82,31.338,NULL,N,NULL,NULL,NULL,NULL,NULL,NULL,NULL,NULL,9,3,4,3,1,5,6,5,7,3,N,NULL,Y,N,331,337,337,N,NULL,40,,1,N,,N,N,098-US-0023-0,NULL,NULL,2019,O,7.23357E+11,098-US-0023  -000,HIGH,098-US-0023  -000,20.75,0,0,0,0,0,0,0,0,0,0,0,1,0
72351034,KSP0900,19-16849,20190510,1215,,,KY1499,,,KY1499,KY1499,0,098 KY-1499,KY1499,N,N,NULL,NULL,NULL,N,NULL,NULL,NULL,NULL,NULL,NULL,0.219,NULL,NULL,NULL,NULL,,NULL,0,0,1,1,N,N,55,NULL,98,9847,NULL,,Y,37.38546,37,23.128,NULL,-82.25632,82,15.38,NULL,N,NULL,NULL,NULL,NULL,NULL,NULL,NULL,NULL,9,3,2,6,1,1,2,1,7,3,N,NULL,N,N,1215,1240,,N,NULL,38,7,0,N,,N,N,098-KY-1499-0,NULL,NULL,2019,O,7.2351E+11,098-KY-1499  -000,HIGH,098-KY-1499  -000,0.219,0,0,0,1,0,0,0,0,0,0,0,0,0