MasterFile,AgencyORINumber,LocalCode,CollisionDate,CollisionTime,CollisionDayWeekCode,RoadwayName_HouseBusinessNumber_,RoadwayName_RoadwayName_,RoadwayName_Direction_,RoadwayName_RoadwaySuffix_,RoadwayfromReport,CurrentRoadwayNumber,RoadwayNumberCoupletID,RSEUniqueGIS,RoadwayIdentifier,ParkingLotIndicator,IntersectionWith_Indicator_,IntersectionWith_NameRoadway_,IntersectionWith_Direction_,IntersectionWith_RoadwaySuffix_,BetweenStreets_Indicator_,BetweenStreets1_NameRoadway_,BetweenStreet1_Direction_,BetweenStreets1_RoadwaySuffix_,BetweenStreets2_NameRoadway_,BetweenStreets2_Direction_,BetweenStreets2_RoadwaySuffix_,Milepoint,ReportMilepointDeriveNumber,CurrentDerivedMiepointNumber,MilestoMilepoint,FeettoMilepoint,DirectionfromMilepoint_NSEW_,ValidMilepointIndicator,NumberInjured,NumberKilled,ofUnits,ofMotorVehicleUnits,Hit&RunIndicator,OneWayIndicator,SpeedLimitNumber,KilometersIndicator,CountyCode,CityCountyCode,MilesFromCity,DirectionFromCity_NSEW_,InCityLimitsIndicator,Latitude,LatitudeDegrees,LatitudeMinutes,LatitudeSeconds,Longitude,LongitudeDegrees,LongitudeMinutes,LongitudeSeconds,RampIndicator,RampFromIdentifier,RampFromDirCode,RampFromCoupletID,RSEUniqueGISRampFrom,RampToidentifier,RampToDirCode,RampToCoupletID,RSEUniqueGisRampTo,MannerofCollisionCode,LocationFirstEventCode,TotalLanes,RoadwayCharacterCode,RoadwaySurfaceCode,RoadwayConditionCode,WeatherCode,LightConditionCode,LandUseCode,SchoolBusRelatedCode,FirstAidSceneIndicator,CollDescPresentInd,InvestigationCompleteIndicator,PhotosTakenIndicator,TimeNotified,TimeArrived,TimeRoadwayOpened,PropertyDamageIndicator,DiagramPresentIndicator,DirectionalAnalysis,FunctionClassCode,NationalHwySysCode,EnforcementsIndicator,KARSCityCode,SecondaryCollisionIndicator,MedianCrossoverIndicator,RT_UNIQUE,MapIt,TimeLastLeft,YR,KABCO,MFNY,WorkingRID,RT_CONFIDENCE,KTC_RT,KTC_MP,Motorcyclist,CommercialVehicle,YoungDriver,MatureDriver,pedestrian,Bicyclist,Distracted,agressive,Impaired,Unrestrained,Intersection,RoadwayDeparture,MedXover
72319229,980100,2.019E+11,20190220,1454,,,MAIN,,ST,,,0,098 CS-1112,CS1112,N,N,NULL,NULL,NULL,N,NULL,NULL,NULL,NULL,NULL,NULL,0.047,NULL,NULL,NULL,NULL,,NULL,0,0,2,2,N,N,15,NULL,98,9801,NULL,,Y,37.47836,37,28.701,NULL,-82.51824,82,31.095,NULL,N,NULL,NULL,NULL,NULL,NULL,NULL,NULL,NULL,8,3,1,6,1,5,6,2,1,3,N,NULL,Y,N,1454,1502,1517,N,NULL,47,,,N,,N,N,098-CS-1112-0,NULL,NULL,2019,O,7.23192E+11,098-CS-1112  -000,HIGH,098-CS-1112  -000,0.047,0,0,0,1,0,0,0,0,0,0,0,0,0
72323236,980000,19-02008,20190225,925,,,VIRGIE,,RD,KY0610,KY0610,0,098 KY-610,KY0610,N,N,NULL,NULL,NULL,N,NULL,NULL,NULL,NULL,NULL,NULL,0.413,NULL,NULL,NULL,NULL,,NULL,0,0,2,2,N,N,15,NULL,98,9809,NULL,,Y,37.27847,37,16.708,NULL,-82.58528,82,35.117,NULL,N,NULL,NULL,NULL,NULL,NULL,NULL,NULL,NULL,5,97,2,6,1,1,2,2,5,3,N,NULL,N,N,930,1000,1000,N,NULL,47,7,0,Y,,N,N,098-KY-0610-0,NULL,NULL,2019,O,7.23232E+11,098-KY-0610  -000,HIGH,098-KY-0610  -000,0.413,0,0,0,0,0,0,1,0,0,1,0,0,0
72326213,KSP0900,19-07079,20190303,1945,,,US119,,,US0119,US0119,,,,N,N,NULL,NULL,NULL,N,NULL,NULL,NULL,NULL,NULL,NULL,24.012,NULL,NULL,NULL,NULL,,NULL,1,0,2,2,N,N,40,NULL,98,9834,NULL,,Y,37.65592,37,39.355,NULL,-82.27012,82,16.207,NULL,N,NULL,NULL,NULL,NULL,NULL,NULL,NULL,NULL,5,3,5,6,1,4,8,5,7,3,Y,NULL,Y,Y,1943,1954,1954,N,NULL,49,2,1,N,,N,N,,NULL,NULL,2019,B,7.23262E+11,098-US-0119  -000,MEDIUM,098-US-0119  -000,24.012,0,0,0,0,0,0,1,0,1,1,0,0,0
72312885,980100,2.019E+11,20190206,1245,,,BOB AMOS WAY,,,,,,,,Y,N,NULL,NULL,NULL,N,NULL,NULL,NULL,NULL,NULL,NULL,NULL,NULL,NULL,NULL,NULL,,NULL,1,0,1,1,N,N,NULL,NULL,98,9801,NULL,,Y,37.46727,37,28.036,NULL,-82.54438,82,32.663,NULL,N,NULL,NULL,NULL,NULL,NULL,NULL,NULL,NULL,9,97,NULL,6,1,5,6,2,4,3,Y,NULL,Y,N,1246,1254,1317,Y,NULL,90,,,N,,N,N,,NULL,NULL,2019,C,7.23129E+11,098-CS-1027  -000,HIGH,098-CS-1027  -000,0.093,0,0,0,1,0,0,0,0,0,1,0,1,0
72320443,980100,2.019E+11,20190220,1217,,,KY1426 TURN LANE,,,KY1426,KY1426,,,,N,N,NULL,NULL,NULL,N,NULL,NULL,NULL,NULL,NULL,NULL,0.021,NULL,NULL,NULL,NULL,,NULL,0,0,2,2,N,N,45,NULL,98,9801,NULL,,Y,37.47239,37,28.343,NULL,-82.52701,82,31.621,NULL,N,NULL,NULL,NULL,NULL,NULL,NULL,NULL,NULL,5,3,4,3,1,5,6,2,7,3,N,NULL,Y,N,1218,1222,1225,N,NULL,49,8,0,N,,N,N,,NULL,NULL,2019,O,7.23204E+11,098-KY-1426  -025,MEDIUM,098-KY-1426  -025,0.021,0,0,0,1,0,0,1,0,0,0,0,0,0
72311976,980500,2019AR010,20190204,1048,,,US23,,,US0023,US0023,0,098 US-23-10,US0023,N,Y,US23 CROSSOVER,,,N,NULL,NULL,NULL,NULL,NULL,NULL,29.203,NULL,NULL,NULL,NULL,,NULL,2,0,2,2,N,N,45,NULL,98,9807,NULL,,Y,37.52655,37,31.593,NULL,-82.57386,82,34.432,NULL,N,NULL,NULL,NULL,NULL,NULL,NULL,NULL,NULL,1,3,6,6,1,1,2,2,1,3,Y,NULL,Y,Y,1052,1055,1135,N,NULL,8,,1,N,,N,N,098-US-0023-10,NULL,NULL,2019,C,7.2312E+11,098-US-0023  -010,HIGH,098-US-0023  -000,29.203,0,0,0,1,0,0,0,0,0,0,1,0,0
72314793,KSP0900,2019-04586,20190211,1641,,,KY194,,,KY0194,KY0194,0,098 KY-194,KY0194,N,N,NULL,NULL,NULL,N,NULL,NULL,NULL,NULL,NULL,NULL,43.034,NULL,NULL,NULL,NULL,,NULL,1,0,1,1,N,N,45,NULL,98,9817,NULL,,Y,37.43485,37,26.091,NULL,-82.21427,82,12.856,NULL,N,NULL,NULL,NULL,NULL,NULL,NULL,NULL,NULL,9,3,2,3,1,5,3,3,8,3,Y,NULL,Y,Y,1641,1741,1741,N,NULL,44,8,0,N,,N,N,098-KY-0194-0,NULL,NULL,2019,B,7.23148E+11,098-KY-0194  -000,HIGH,098-KY-0194  -000,43.034,0,0,0,0,0,0,0,1,1,1,0,1,0
72311125,KSP0900,19-2852,20190127,747,,,COWPEN,,RD,KY2061,KY2061,0,098 KY-2061,KY2061,N,N,NULL,NULL,NULL,N,NULL,NULL,NULL,NULL,NULL,NULL,3.724,NULL,NULL,NULL,NULL,,NULL,3,0,1,1,N,N,55,NULL,98,9801,NULL,,Y,37.56312,37,33.787,NULL,-82.55852,82,33.511,NULL,N,NULL,NULL,NULL,NULL,NULL,NULL,NULL,NULL,9,4,2,2,1,5,6,2,7,3,Y,NULL,Y,Y,750,809,809,N,NULL,51,,0,N,,N,N,098-KY-2061-0,NULL,NULL,2019,A,7.23111E+11,098-KY-2061  -000,HIGH,098-KY-2061  -000,3.724,0,0,0,0,0,0,0,0,1,1,0,1,0
72357715,KSP0900,19-16857,20190510,1351,,,US23,,,US0023,US0023,0,098 US-23,US0023,N,N,NULL,NULL,NULL,N,NULL,NULL,NULL,NULL,NULL,NULL,8.301,NULL,NULL,NULL,NULL,,NULL,0,0,1,1,N,N,55,NULL,98,9801,NULL,,Y,37.31913,37,19.148,NULL,-82.55094,82,33.056,NULL,N,NULL,NULL,NULL,NULL,NULL,NULL,NULL,NULL,9,3,4,6,1,1,3,2,7,3,N,NULL,Y,N,1352,1427,1427,N,NULL,70,,1,N,,N,N,098-US-0023-0,NULL,NULL,2019,O,7.23577E+11,098-US-0023  -000,HIGH,098-US-0023  -000,8.301,0,0,0,0,0,0,0,0,0,0,0,0,0
72319966,KSP0900,19-6229,20190224,1931,,,CAMP CREEK,,RD,,,0,098 CR-1102,CR1102,N,N,NULL,NULL,NULL,N,NULL,NULL,NULL,NULL,NULL,NULL,0.305,NULL,NULL,NULL,NULL,,NULL,1,0,1,1,N,N,25,NULL,98,9825,NULL,,Y,37.4788,37,28.728,NULL,-82.07014,82,4.208,NULL,N,NULL,NULL,NULL,NULL,NULL,NULL,NULL,NULL,9,3,2,3,1,1,2,6,7,3,Y,NULL,Y,Y,1932,2030,2030,N,NULL,44,,,N,,N,N,098-CR-1102-0,NULL,NULL,2019,C,7.232E+11,098-CR-1102  -000,HIGH,098-CR-1102  -000,0.305,0,0,0,0,0,0,0,0,0,0,0,1,0
72320572,980100,2.019E+11,20190226,1502,,,JUSTICE WAY,,,,,,,,Y,N,NULL,NULL,NULL,N,NULL,NULL,NULL,NULL,NULL,NULL,NULL,NULL,NULL,NULL,NULL,,NULL,0,0,2,2,N,N,NULL,NULL,98,9801,NULL,,Y,37.50699,37,30.42,NULL,-82.54311,82,32.587,NULL,N,NULL,NULL,NULL,NULL,NULL,NULL,NULL,NULL,5,97,NULL,6,1,1,2,2,1,3,N,NULL,Y,N,1503,1514,,N,NULL,90,,,N,,N,N,,NULL,NULL,2019,O,7.23206E+11,098-CS-1215  -000,MEDIUM,098-CS-1215  -000,0.519,0,0,0,0,0,0,1,0,0,0,0,0,0
72305976,980100,2.019E+11,20190118,558,,,CHLOE,,RD,KY1460,KY1460,,,,N,N,NULL,NULL,NULL,N,NULL,NULL,NULL,NULL,NULL,NULL,3.328,NULL,NULL,NULL,NULL,,NULL,0,0,1,1,N,N,35,NULL,98,9801,NULL,,Y,37.4745,37,28.47,NULL,-82.48597,82,29.158,NULL,N,NULL,NULL,NULL,NULL,NULL,NULL,NULL,NULL,9,97,2,1,1,5,3,6,7,3,N,NULL,Y,N,558,606,656,N,NULL,44,,0,N,,N,N,,NULL,NULL,2019,O,7.2306E+11,098-KY-1460  -000,HIGH,098-KY-1460  -000,3.328,0,0,0,0,0,0,0,0,0,0,0,1,0
72302702,980100,2.019E+11,20190106,1133,,,KEYSER HEIGHTS,E,DR,,,0,098 CS-1189,CS1189,N,N,NULL,NULL,NULL,N,NULL,NULL,NULL,NULL,NULL,NULL,0.328,NULL,NULL,NULL,NULL,,NULL,0,0,2,2,Y,N,15,NULL,98,9801,NULL,,Y,37.49085,37,29.451,NULL,-82.52588,82,31.553,NULL,N,NULL,NULL,NULL,NULL,NULL,NULL,NULL,NULL,2,3,1,5,1,1,2,9,6,3,N,NULL,Y,N,1133,1138,1138,N,NULL,47,,,N,,N,N,098-CS-1189-0,NULL,NULL,2019,NULL,7.23027E+11,098-CS-1189  -000,HIGH,098-CS-1189  -000,0.328,0,0,0,0,0,0,1,0,0,0,0,0,0
72315984,980000,1902003,20190212,1435,,,FERRELLS CREEK,,RD,US0460,US0460,0,098 US-460,US0460,N,N,NULL,NULL,NULL,N,NULL,NULL,NULL,NULL,NULL,NULL,16.996,NULL,NULL,NULL,NULL,,NULL,0,0,1,1,N,N,55,NULL,98,9802,7,E,N,37.35601,37,21.36,NULL,-82.33076,82,19.846,NULL,N,NULL,NULL,NULL,NULL,NULL,NULL,NULL,NULL,9,4,3,4,1,5,6,2,7,3,N,NULL,Y,Y,1435,1449,1449,Y,NULL,40,,1,Y,,N,N,098-US-0460-0,NULL,NULL,2019,O,7.2316E+11,098-US-0460  -000,HIGH,098-US-0460  -000,16.996,0,0,0,0,0,0,0,0,1,0,0,1,0
72318121,KSP0900,19-5432,20190219,800,,,TOLER,,RD,KY0319,KY0319,0,098 KY-319,KY0319,N,N,NULL,NULL,NULL,N,NULL,NULL,NULL,NULL,NULL,NULL,5.48,NULL,NULL,NULL,NULL,,NULL,0,0,1,1,N,N,35,NULL,98,9842,NULL,,Y,37.62569,37,37.541,NULL,-82.24742,82,14.845,NULL,N,NULL,NULL,NULL,NULL,NULL,NULL,NULL,NULL,9,3,2,6,1,2,2,2,7,3,N,NULL,Y,N,800,800,810,N,NULL,40,7,0,N,,N,N,098-KY-0319-0,NULL,NULL,2019,O,7.23181E+11,098-KY-0319  -000,HIGH,098-KY-0319  -000,5.48,0,0,0,1,0,0,0,0,0,0,0,1,0
72319108,980000,19 02 007,20190222,1230,,,US119 SOUTH,,,,,,,,N,N,NULL,NULL,NULL,N,NULL,NULL,NULL,NULL,NULL,NULL,NULL,NULL,NULL,NULL,NULL,NULL,NULL,0,0,2,2,N,N,45,NULL,98,9812,27,S,N,37.6566,37,39.396,NULL,-82.27077,82,16.246,NULL,N,NULL,NULL,NULL,NULL,NULL,NULL,NULL,NULL,5,3,4,6,1,5,3,2,7,3,N,NULL,Y,Y,1238,1249,1257,N,NULL,70,,,N,,N,N,,NULL,NULL,2019,O,7.23191E+11,098-US-0119  -010,MEDIUM,098-US-0119  -000,24.069,0,0,0,0,0,0,1,0,0,0,0,0,0
72355932,980100,2.019E+11,20190519,1923,,,BYPASS,N,RD,KY1460,KY1460,,,,N,N,NULL,NULL,NULL,N,NULL,NULL,NULL,NULL,NULL,NULL,5.709,NULL,NULL,NULL,NULL,,NULL,0,0,1,1,N,N,45,NULL,98,9801,NULL,,Y,37.48703,37,29.222,NULL,-82.52301,82,31.381,NULL,N,NULL,NULL,NULL,NULL,NULL,NULL,NULL,NULL,9,3,2,3,1,1,2,2,1,3,N,NULL,Y,N,1923,1926,1947,N,NULL,70,16,0,N,,N,N,,NULL,NULL,2019,O,7.23559E+11,098-KY-1460  -000,HIGH,098-KY-1460  -000,5.709,0,0,0,0,0,0,1,0,0,0,0,1,0
72313203,KSP0900,19-2860,20190127,945,,,US23,,,US0023,US0023,0,098 US-23,US0023,N,N,NULL,NULL,NULL,N,NULL,NULL,NULL,NULL,NULL,NULL,14.887,NULL,NULL,NULL,NULL,,NULL,0,0,1,1,N,N,55,NULL,98,9801,NULL,,Y,37.39433,37,23.66,NULL,-82.5278,82,31.668,NULL,N,NULL,NULL,NULL,NULL,NULL,NULL,NULL,NULL,9,3,4,3,1,5,6,2,7,3,N,NULL,Y,Y,945,956,,N,NULL,40,,1,N,,N,N,098-US-0023-0,NULL,NULL,2019,O,7.23132E+11,098-US-0023  -000,HIGH,098-US-0023  -000,14.887,0,0,0,0,0,0,0,0,0,0,0,1,0
72308331,KSP0900,19-2442,20190123,800,,,RIGHT FORK OF BRUSHY,,RD,,,0,098 CR-1360Q4,CR1360Q4,N,N,NULL,NULL,NULL,N,NULL,NULL,NULL,NULL,NULL,NULL,0.199,NULL,NULL,NULL,NULL,,NULL,0,0,2,2,N,N,45,NULL,98,9853,NULL,,Y,37.66164,37,39.698,NULL,-82.48099,82,28.859,NULL,N,NULL,NULL,NULL,NULL,NULL,NULL,NULL,NULL,3,3,1,6,1,5,3,2,7,1,N,NULL,Y,Y,748,841,901,N,NULL,52,,,N,,N,N,098-CR-1360Q4-0,NULL,NULL,2019,O,7.23083E+11,098-CR-1360Q4-000,HIGH,098-CR-1360Q4-000,0.199,0,0,1,0,0,0,1,0,0,0,0,1,0
72314167,KSP0900,19-3760,20190204,1700,,,POUNDING MILL,,RD,,,,,,N,N,NULL,NULL,NULL,N,NULL,NULL,NULL,NULL,NULL,NULL,0.012,NULL,NULL,NULL,NULL,,NULL,2,0,2,2,N,N,25,NULL,98,9811,NULL,,Y,37.56372,37,33.823,NULL,-82.14616,82,8.77,NULL,N,NULL,NULL,NULL,NULL,NULL,NULL,NULL,NULL,3,3,1,1,1,1,2,2,7,3,Y,NULL,Y,Y,1700,1700,1800,N,NULL,52,,,N,,N,N,,NULL,NULL,2019,C,7.23142E+11,098-CR-1526  -000,HIGH,098-CR-1526  -000,0.012,0,0,0,0,0,0,1,0,0,1,0,1,0
72314768,KSP0900,19-4265,20190208,1624,,,US460,,,US0460,US0460,0,098 US-460,US0460,Y,N,NULL,NULL,NULL,N,NULL,NULL,NULL,NULL,NULL,NULL,13.834,NULL,NULL,NULL,NULL,,NULL,0,0,2,2,N,N,55,NULL,98,9801,NULL,,Y,37.33814,37,20.288,NULL,-82.38208,82,22.925,NULL,N,NULL,NULL,NULL,NULL,NULL,NULL,NULL,NULL,7,97,1,6,1,1,2,2,1,3,N,NULL,Y,Y,1628,1637,1628,N,NULL,90,,1,N,,N,N,098-US-0460-0,NULL,NULL,2019,O,7.23148E+11,098-US-0460  -000,HIGH,098-US-0460  -000,13.834,0,0,1,0,0,0,0,0,0,0,0,0,0
72316677,980100,2.019E+11,20190214,2126,,,HAMBLEY,,BLVD,,,0,098 CS-1222,CS1222,N,N,NULL,NULL,NULL,N,NULL,NULL,NULL,NULL,NULL,NULL,0.005,NULL,NULL,NULL,NULL,,NULL,0,0,2,2,N,N,25,NULL,98,9801,NULL,,Y,37.47392,37,28.435,NULL,-82.52728,82,31.637,NULL,N,NULL,NULL,NULL,NULL,NULL,NULL,NULL,NULL,1,3,2,6,1,1,2,5,7,3,N,NULL,Y,N,2126,2127,2128,N,NULL,55,,,Y,,N,N,098-CS-1222-0,NULL,NULL,2019,O,7.23167E+11,098-CS-1222  -000,HIGH,098-CS-1222  -000,0.005,0,0,1,0,0,0,1,0,0,0,0,0,0
72312884,980100,2.019E+11,20190206,924,,,US23,,,US0023,US0023,0,098 US-23,US0023,N,Y,KY3227 TURN LANE,,,N,NULL,NULL,NULL,NULL,NULL,NULL,27.394,NULL,NULL,NULL,NULL,,NULL,0,0,2,2,N,N,55,NULL,98,9801,NULL,,Y,37.51103,37,30.662,NULL,-82.54903,82,32.942,NULL,N,NULL,NULL,NULL,NULL,NULL,NULL,NULL,NULL,1,3,4,6,1,5,3,2,1,3,N,NULL,Y,N,926,931,952,N,NULL,10,,1,N,,N,N,098-US-0023-0,NULL,NULL,2019,O,7.23129E+11,098-US-0023  -000,HIGH,098-US-0023  -000,27.394,0,0,0,1,0,0,0,1,0,0,1,0,0
72312823,KSP0900,19-4025,20190206,1900,,,KY194,,,KY0194,KY0194,,,,N,N,NULL,NULL,NULL,N,NULL,NULL,NULL,NULL,NULL,NULL,20.03,NULL,NULL,NULL,NULL,,NULL,0,0,2,2,N,N,55,NULL,98,9820,NULL,,Y,37.54725,37,32.835,NULL,-82.40348,82,24.209,NULL,N,NULL,NULL,NULL,NULL,NULL,NULL,NULL,NULL,5,3,2,3,1,5,6,6,7,3,N,NULL,N,N,1913,1938,1938,N,NULL,70,6,0,N,,N,N,,NULL,NULL,2019,O,7.23128E+11,098-KY-0194  -000,MEDIUM,098-KY-0194  -000,20.03,0,0,0,0,0,0,0,1,0,0,0,0,0
72312112,980500,2019AR011,20190204,2040,,255,CHURCH,,ST,,,0,098 CS-3002,CS3002,Y,N,NULL,NULL,NULL,N,NULL,NULL,NULL,NULL,NULL,NULL,NULL,NULL,NULL,NULL,NULL,NULL,NULL,0,0,2,2,N,N,15,NULL,98,9807,NULL,,Y,37.51585,37,30.951,NULL,-82.56371,82,33.823,NULL,N,NULL,NULL,NULL,NULL,NULL,NULL,NULL,NULL,2,97,2,6,1,1,3,7,1,3,N,NULL,Y,N,2040,2042,2058,N,NULL,90,,,N,,N,N,098-CS-3002-0,NULL,NULL,2019,O,7.23121E+11,098-CS-3002  -000,HIGH,098-CS-3002  -000,0.045,0,0,0,0,0,0,1,0,0,0,0,0,0
72315393,980100,2.019E+11,20190211,1654,,,US23,,,US0023,US0023,,,,N,Y,DOUGLAS,,ST,N,NULL,NULL,NULL,NULL,NULL,NULL,21.373,NULL,NULL,NULL,NULL,,NULL,0,0,1,1,N,N,55,NULL,98,9801,NULL,,Y,37.45015,37,27.009,NULL,-82.52435,82,31.461,NULL,N,NULL,NULL,NULL,NULL,NULL,NULL,NULL,NULL,9,5,4,6,1,1,3,2,1,3,N,NULL,Y,N,1654,1659,1715,Y,NULL,4,,1,N,,N,N,,NULL,NULL,2019,O,7.23154E+11,098-US-0023  -010,MEDIUM,098-US-0023  -000,21.373,0,0,0,0,0,0,0,0,0,0,1,0,0
72315874,980100,2.019E+11,20190214,814,,,2ND,,ST,,,0,098 CS-1117,CS1117,Y,N,NULL,NULL,NULL,N,NULL,NULL,NULL,NULL,NULL,NULL,0.097,NULL,NULL,NULL,NULL,,NULL,0,0,2,2,N,N,15,NULL,98,9801,NULL,,Y,37.48163,37,28.898,NULL,-82.51689,82,31.014,NULL,N,NULL,NULL,NULL,NULL,NULL,NULL,NULL,NULL,1,97,2,6,1,1,2,2,1,3,N,NULL,Y,N,814,816,,N,NULL,90,,,N,,N,N,098-CS-1117-0,NULL,NULL,2019,O,7.23159E+11,098-CS-1117  -000,HIGH,098-CS-1117  -000,0.097,0,0,0,1,0,0,0,0,0,0,0,0,0
72343308,KSP0900,19-10897,20190402,530,,,KY194,,,KY0194,KY0194,0,098 KY-194,KY0194,N,N,NULL,NULL,NULL,N,NULL,NULL,NULL,NULL,NULL,NULL,23.065,NULL,NULL,NULL,NULL,,NULL,1,0,1,1,N,N,55,NULL,98,9817,NULL,,Y,37.53785,37,32.271,NULL,-82.36888,82,22.133,NULL,N,NULL,NULL,NULL,NULL,NULL,NULL,NULL,NULL,9,6,2,3,1,1,3,6,7,3,Y,NULL,Y,Y,533,628,715,N,NULL,44,6,0,N,,N,N,098-KY-0194-0,NULL,NULL,2019,C,7.23433E+11,098-KY-0194  -000,HIGH,098-KY-0194  -000,23.065,0,0,0,0,0,0,1,0,0,1,0,1,0
72320368,980100,20190002419,20190223,1900,,,THOMPSON,,RD,,,0,098 CS-1215,CS1215,Y,N,NULL,NULL,NULL,N,NULL,NULL,NULL,NULL,NULL,NULL,0.553,NULL,NULL,NULL,NULL,NULL,NULL,0,0,2,2,N,N,10,NULL,98,9801,NULL,,Y,37.50581,37,30.349,NULL,-82.54274,82,32.565,NULL,N,NULL,NULL,NULL,NULL,NULL,NULL,NULL,NULL,7,97,2,6,1,5,6,5,1,3,N,NULL,N,N,1900,1918,1918,N,NULL,90,,,N,,N,N,098-CS-1215-0,NULL,NULL,2019,O,7.23204E+11,098-CS-1215  -000,HIGH,098-CS-1215  -000,0.553,0,0,0,0,0,0,0,0,0,0,0,0,0
72312288,980100,2.019E+11,20190205,1758,,,JULIUS,,AVE,,,,,,N,N,NULL,NULL,NULL,N,NULL,NULL,NULL,NULL,NULL,NULL,0.103,NULL,NULL,NULL,NULL,,NULL,0,0,2,2,N,N,15,NULL,98,9801,NULL,,Y,37.47761,37,28.657,NULL,-82.52332,82,31.399,NULL,N,NULL,NULL,NULL,NULL,NULL,NULL,NULL,NULL,3,3,1,1,1,1,2,2,6,3,N,NULL,Y,N,1800,1818,1852,N,NULL,52,,,N,,N,N,,NULL,NULL,2019,O,7.23123E+11,098-CS-1156  -000,HIGH,098-CS-1156  -000,0.103,0,0,0,0,0,0,0,0,0,0,0,1,0
72311800,980100,20190001624,20190204,1916,,,US23,,,US0023,US0023,,,,N,N,NULL,NULL,NULL,N,NULL,NULL,NULL,NULL,NULL,NULL,26.338,NULL,NULL,NULL,NULL,,NULL,0,0,2,2,N,N,55,NULL,98,9801,NULL,,Y,37.50444,37,30.267,NULL,-82.53233,82,31.94,NULL,N,NULL,NULL,NULL,NULL,NULL,NULL,NULL,NULL,5,3,4,6,1,5,6,5,1,3,N,NULL,Y,N,1917,1923,1942,N,NULL,49,,1,N,,N,N,,NULL,NULL,2019,O,7.23118E+11,098-US-0023  -010,MEDIUM,098-US-0023  -000,26.338,0,0,0,0,0,0,0,0,0,0,0,0,0
72330609,KSP0900,19-9604,20190324,743,,,KY195,,,KY0195,KY0195,0,098 KY-195,KY0195,N,N,NULL,NULL,NULL,N,NULL,NULL,NULL,NULL,NULL,NULL,10.478,NULL,NULL,NULL,NULL,,NULL,0,0,1,1,N,N,35,NULL,98,9801,NULL,,Y,37.35659,37,21.395,NULL,-82.42215,82,25.329,NULL,N,NULL,NULL,NULL,NULL,NULL,NULL,NULL,NULL,9,97,2,6,1,1,2,2,7,3,N,NULL,Y,N,743,755,,N,NULL,70,7,0,N,,N,N,098-KY-0195-0,NULL,NULL,2019,O,7.23306E+11,098-KY-0195  -000,HIGH,098-KY-0195  -000,10.478,0,0,0,1,0,0,0,0,0,0,0,0,0
72312855,980100,2.019E+11,20190207,750,,,US23,,,US0023,US0023,0,098 US-23,US0023,N,N,NULL,NULL,NULL,N,NULL,NULL,NULL,NULL,NULL,NULL,20.803,NULL,NULL,NULL,NULL,,NULL,0,0,2,2,N,N,55,NULL,98,9801,NULL,,Y,37.4431,37,26.586,NULL,-82.52292,82,31.375,NULL,N,NULL,NULL,NULL,NULL,NULL,NULL,NULL,NULL,8,3,4,3,1,5,6,2,7,3,N,NULL,Y,N,750,758,,N,NULL,53,,1,N,,N,N,098-US-0023-0,NULL,NULL,2019,O,7.23129E+11,098-US-0023  -000,HIGH,098-US-0023  -000,20.803,0,0,0,1,0,0,0,1,0,0,0,1,0
72309309,980100,2.019E+11,20190119,1631,,,ABNER MOUNTAIN,,RD,KY0122,KY0122,0,098 KY-122,KY0122,N,N,NULL,NULL,NULL,N,NULL,NULL,NULL,NULL,NULL,NULL,0.513,NULL,NULL,NULL,NULL,,NULL,0,0,2,2,N,N,55,NULL,98,9801,10,S,N,37.34645,37,20.787,NULL,-82.64983,82,38.99,NULL,N,NULL,NULL,NULL,NULL,NULL,NULL,NULL,NULL,7,3,2,1,1,5,3,2,1,3,N,NULL,Y,N,1631,1631,,N,NULL,54,,0,N,,N,N,098-KY-0122-0,NULL,NULL,2019,O,7.23093E+11,098-KY-0122  -000,HIGH,098-KY-0122  -000,0.513,0,0,0,0,0,0,0,0,0,0,0,1,0
72306841,KSP0900,19-02503,20190123,1740,,,KY194,,,KY0194,KY0194,0,098 KY-194,KY0194,N,N,NULL,NULL,NULL,N,NULL,NULL,NULL,NULL,NULL,NULL,13.867,NULL,NULL,NULL,NULL,,NULL,0,0,2,2,N,N,45,NULL,98,9801,NULL,,Y,37.57767,37,34.661,NULL,-82.48726,82,29.235,NULL,N,NULL,NULL,NULL,NULL,NULL,NULL,NULL,NULL,1,3,2,3,1,5,6,2,7,3,N,NULL,Y,N,1742,1819,,N,NULL,55,7,0,Y,,N,N,098-KY-0194-0,NULL,NULL,2019,O,7.23068E+11,098-KY-0194  -000,HIGH,098-KY-0194  -000,13.867,1,0,0,0,0,0,0,0,1,0,0,0,0
72313451,980100,2.019E+11,20190204,1225,,,BYPASS,S,RD,KY1426,KY1426,0,098 KY-1426,KY1426,N,N,NULL,NULL,NULL,N,NULL,NULL,NULL,NULL,NULL,NULL,6.593,NULL,NULL,NULL,NULL,,NULL,3,0,2,2,N,N,55,NULL,98,9801,NULL,,Y,37.48289,37,28.974,NULL,-82.51337,82,30.802,NULL,N,NULL,NULL,NULL,NULL,NULL,NULL,NULL,NULL,1,3,2,6,1,1,2,2,1,3,Y,NULL,Y,Y,1225,1226,1250,N,NULL,55,,0,N,,N,N,098-KY-1426-0,NULL,NULL,2019,B,7.23135E+11,098-KY-1426  -000,HIGH,098-KY-1426  -000,6.593,0,0,0,1,0,0,0,1,0,0,0,0,0