MasterFile,AgencyORINumber,LocalCode,CollisionDate,CollisionTime,CollisionDayWeekCode,RoadwayName_HouseBusinessNumber_,RoadwayName_RoadwayName_,RoadwayName_Direction_,RoadwayName_RoadwaySuffix_,RoadwayfromReport,CurrentRoadwayNumber,RoadwayNumberCoupletID,RSEUniqueGIS,RoadwayIdentifier,ParkingLotIndicator,IntersectionWith_Indicator_,IntersectionWith_NameRoadway_,IntersectionWith_Direction_,IntersectionWith_RoadwaySuffix_,BetweenStreets_Indicator_,BetweenStreets1_NameRoadway_,BetweenStreet1_Direction_,BetweenStreets1_RoadwaySuffix_,BetweenStreets2_NameRoadway_,BetweenStreets2_Direction_,BetweenStreets2_RoadwaySuffix_,Milepoint,ReportMilepointDeriveNumber,CurrentDerivedMiepointNumber,MilestoMilepoint,FeettoMilepoint,DirectionfromMilepoint_NSEW_,ValidMilepointIndicator,NumberInjured,NumberKilled,ofUnits,ofMotorVehicleUnits,Hit&RunIndicator,OneWayIndicator,SpeedLimitNumber,KilometersIndicator,CountyCode,CityCountyCode,MilesFromCity,DirectionFromCity_NSEW_,InCityLimitsIndicator,Latitude,LatitudeDegrees,LatitudeMinutes,LatitudeSeconds,Longitude,LongitudeDegrees,LongitudeMinutes,LongitudeSeconds,RampIndicator,RampFromIdentifier,RampFromDirCode,RampFromCoupletID,RSEUniqueGISRampFrom,RampToidentifier,RampToDirCode,RampToCoupletID,RSEUniqueGisRampTo,MannerofCollisionCode,LocationFirstEventCode,TotalLanes,RoadwayCharacterCode,RoadwaySurfaceCode,RoadwayConditionCode,WeatherCode,LightConditionCode,LandUseCode,SchoolBusRelatedCode,FirstAidSceneIndicator,CollDescPresentInd,InvestigationCompleteIndicator,PhotosTakenIndicator,TimeNotified,TimeArrived,TimeRoadwayOpened,PropertyDamageIndicator,DiagramPresentIndicator,DirectionalAnalysis,FunctionClassCode,NationalHwySysCode,EnforcementsIndicator,KARSCityCode,SecondaryCollisionIndicator,MedianCrossoverIndicator,RT_UNIQUE,MapIt,TimeLastLeft,YR,KABCO,MFNY,WorkingRID,RT_CONFIDENCE,KTC_RT,KTC_MP,Motorcyclist,CommercialVehicle,YoungDriver,MatureDriver,pedestrian,Bicyclist,Distracted,agressive,Impaired,Unrestrained,Intersection,RoadwayDeparture,MedXover
72313367,980100,2.019E+11,20190207,722,,,US23,,,US0023,US0023,0,098 US-23-10,US0023,N,N,NULL,NULL,NULL,N,NULL,NULL,NULL,NULL,NULL,NULL,26.357,NULL,NULL,NULL,NULL,,NULL,0,0,1,1,N,N,55,NULL,98,9801,NULL,,Y,37.50469,37,30.281,NULL,-82.53223,82,31.934,NULL,N,NULL,NULL,NULL,NULL,NULL,NULL,NULL,NULL,9,3,4,6,1,5,6,5,1,3,N,NULL,Y,N,722,725,728,N,NULL,70,,1,N,,N,N,098-US-0023-10,NULL,NULL,2019,O,7.23134E+11,098-US-0023  -010,HIGH,098-US-0023  -000,26.357,0,0,0,0,0,0,0,0,0,0,0,0,0
72316732,980100,2.019E+11,20190211,1417,,,US23,,,US0023,US0023,0,098 US-23,US0023,N,N,NULL,NULL,NULL,N,NULL,NULL,NULL,NULL,NULL,NULL,24.836,NULL,NULL,NULL,NULL,,NULL,1,0,2,2,N,N,55,NULL,98,9801,NULL,,Y,37.48629,37,29.178,NULL,-82.54197,82,32.518,NULL,N,NULL,NULL,NULL,NULL,NULL,NULL,NULL,NULL,5,3,4,6,1,5,2,2,7,3,Y,NULL,Y,N,1417,1422,1449,N,NULL,49,,1,Y,,N,N,098-US-0023-0,NULL,NULL,2019,C,7.23167E+11,098-US-0023  -000,HIGH,098-US-0023  -000,24.836,0,0,0,0,0,0,1,0,0,1,0,0,0
72317769,980100,2.019E+11,20190212,1216,,,US23,,,US0023,US0023,,,,N,N,NULL,NULL,NULL,N,NULL,NULL,NULL,NULL,NULL,NULL,27.459,NULL,NULL,NULL,NULL,,NULL,0,0,2,2,Y,N,55,NULL,98,9807,NULL,,Y,37.51118,37,30.671,NULL,-82.55022,82,33.013,NULL,N,NULL,NULL,NULL,NULL,NULL,NULL,NULL,NULL,5,3,4,6,1,5,6,2,7,3,N,NULL,Y,N,1216,1217,1217,N,NULL,49,,1,N,,N,N,,NULL,NULL,2019,O,7.23178E+11,098-US-0023  -010,MEDIUM,098-US-0023  -000,27.459,0,0,0,0,0,0,0,0,0,0,0,0,0
72307991,980100,2.019E+11,20190115,1338,,,US23,,,US0023,US0023,,,,N,N,NULL,NULL,NULL,N,NULL,NULL,NULL,NULL,NULL,NULL,20.602,NULL,NULL,NULL,NULL,,NULL,1,0,2,2,N,N,55,NULL,98,9801,NULL,,Y,37.44326,37,26.595,NULL,-82.51931,82,31.158,NULL,N,NULL,NULL,NULL,NULL,NULL,NULL,NULL,NULL,5,3,4,3,1,1,2,2,7,3,Y,NULL,Y,Y,1338,1341,1341,N,NULL,49,,1,Y,,N,N,,NULL,NULL,2019,C,7.2308E+11,098-US-0023  -010,MEDIUM,098-US-0023  -000,20.602,0,0,0,0,0,0,1,0,1,0,0,0,0
72325490,KSP0900,19-7224,20190305,1521,,,KY122,,,KY0122,KY0122,0,098 KY-122,KY0122,N,N,NULL,NULL,NULL,N,NULL,NULL,NULL,NULL,NULL,NULL,6.322,NULL,NULL,NULL,NULL,,NULL,3,0,1,1,N,N,55,NULL,98,9827,8,SE,N,37.36302,37,21.781,NULL,-82.58366,82,35.02,NULL,N,NULL,NULL,NULL,NULL,NULL,NULL,NULL,NULL,9,3,2,5,1,1,2,2,7,3,Y,NULL,Y,Y,1537,1539,1606,N,NULL,44,,0,Y,,N,N,098-KY-0122-0,NULL,NULL,2019,B,7.23255E+11,098-KY-0122  -000,HIGH,098-KY-0122  -000,6.322,0,0,0,0,0,0,0,0,1,1,0,1,0
72316158,980100,2.019E+11,20190213,1545,,,CASSIDY,,BLVD,,,0,098 CS-1191,CS1191,Y,N,NULL,NULL,NULL,N,NULL,NULL,NULL,NULL,NULL,NULL,0.301,NULL,NULL,NULL,NULL,,NULL,0,0,2,2,N,N,15,NULL,98,9801,NULL,,Y,37.50459,37,30.276,NULL,-82.53677,82,32.206,NULL,N,NULL,NULL,NULL,NULL,NULL,NULL,NULL,NULL,2,97,NULL,6,1,1,2,2,1,3,N,NULL,Y,N,1545,1550,,N,NULL,90,,,N,,N,N,098-CS-1191-0,NULL,NULL,2019,O,7.23162E+11,098-CS-1191  -000,HIGH,098-CS-1191  -000,0.301,0,0,0,1,0,0,0,0,0,0,0,0,0
72318047,980000,1902006,20190217,530,,13440,KY632,,,KY0632,KY0632,0,098 KY-632,KY0632,N,N,NULL,NULL,NULL,N,NULL,NULL,NULL,NULL,NULL,NULL,13.545,NULL,NULL,NULL,NULL,,NULL,0,0,1,1,N,N,35,NULL,98,9804,3,E,N,37.51209,37,30.725,NULL,-82.15984,82,9.59,NULL,N,NULL,NULL,NULL,NULL,NULL,NULL,NULL,NULL,9,97,2,3,1,5,6,1,7,3,N,NULL,Y,Y,705,739,820,N,NULL,70,6,0,N,,Y,N,098-KY-0632-0,NULL,NULL,2019,O,7.2318E+11,098-KY-0632  -000,HIGH,098-KY-0632  -000,13.545,0,0,0,0,0,0,0,1,0,0,0,1,0
72315980,980100,2.019E+11,20190214,1240,,254,CASSIDY,,,,,,,,N,N,NULL,NULL,NULL,N,NULL,NULL,NULL,NULL,NULL,NULL,NULL,NULL,NULL,NULL,NULL,NULL,NULL,0,0,2,2,N,N,15,NULL,98,9801,NULL,,Y,37.50687,37,30.412,NULL,-82.53928,82,32.357,NULL,N,NULL,NULL,NULL,NULL,NULL,NULL,NULL,NULL,2,3,1,6,2,1,3,2,1,3,N,NULL,Y,N,1240,1246,1255,N,NULL,56,,,N,,N,N,,NULL,NULL,2019,O,7.2316E+11,098-CS-1191  -000,MEDIUM,098-CS-1191  -000,0.366,0,0,0,1,0,0,1,0,0,0,0,0,0
72317433,KSP0900,19-5089,20190215,1635,,,US119,,,US0119,US0119,0,098 US-119,US0119,N,N,NULL,NULL,NULL,N,NULL,NULL,NULL,NULL,NULL,NULL,18.721,NULL,NULL,NULL,NULL,,NULL,1,0,2,2,N,N,55,NULL,98,9851,NULL,,Y,37.5979,37,35.874,NULL,-82.27695,82,16.618,NULL,N,NULL,NULL,NULL,NULL,NULL,NULL,NULL,NULL,4,3,2,6,1,1,3,2,7,3,Y,NULL,N,Y,1636,1704,1730,N,NULL,70,2,1,N,,N,N,098-US-0119-0,NULL,NULL,2019,B,7.23174E+11,098-US-0119  -000,HIGH,098-US-0119  -000,18.721,0,0,0,1,0,0,1,0,0,0,0,0,0
72301767,KSP0900,19-749,20190107,1105,,,MAYO,N,TRL,US0023,US0023,0,098 US-23,US0023,N,N,NULL,NULL,NULL,N,NULL,NULL,NULL,NULL,NULL,NULL,26.235,NULL,NULL,NULL,NULL,,NULL,1,0,2,2,N,N,55,NULL,98,9801,NULL,,Y,37.50297,37,30.178,NULL,-82.53206,82,31.923,NULL,N,NULL,NULL,NULL,NULL,NULL,NULL,NULL,NULL,5,3,4,6,1,1,2,2,7,3,N,NULL,Y,Y,1107,1114,,N,NULL,70,,1,N,,N,N,098-US-0023-0,NULL,NULL,2019,B,7.23018E+11,098-US-0023  -000,HIGH,098-US-0023  -000,26.235,0,0,0,0,0,0,1,1,0,0,0,0,0
72318450,KSP0900,19-5638,20190220,1958,,,TOLER,,RD,KY0319,KY0319,0,098 KY-319,KY0319,Y,N,NULL,NULL,NULL,N,NULL,NULL,NULL,NULL,NULL,NULL,3.709,NULL,NULL,NULL,NULL,,NULL,0,0,2,2,N,N,55,NULL,98,9842,NULL,,Y,37.60766,37,36.46,NULL,-82.22839,82,13.704,NULL,N,NULL,NULL,NULL,NULL,NULL,NULL,NULL,NULL,3,97,2,6,3,5,6,7,6,3,N,NULL,Y,N,2000,2115,2115,N,NULL,90,7,0,N,,N,N,098-KY-0319-0,NULL,NULL,2019,O,7.23185E+11,098-KY-0319  -000,HIGH,098-KY-0319  -000,3.709,0,0,0,0,0,0,0,0,0,0,0,0,0
72318148,KSP0900,19-3158,20190129,2100,,,RIGHT FORK OF BRUSHY,,RD,,,0,098 CR-1360Q4,CR1360Q4,N,N,NULL,NULL,NULL,N,NULL,NULL,NULL,NULL,NULL,NULL,6.678,NULL,NULL,NULL,NULL,,NULL,0,0,1,1,N,N,15,NULL,98,9887,NULL,,Y,37.58998,37,35.399,NULL,-82.44582,82,26.749,NULL,N,NULL,NULL,NULL,NULL,NULL,NULL,NULL,NULL,9,3,2,1,1,1,2,6,7,3,N,NULL,N,N,2100,2153,2220,N,NULL,70,,,N,,N,N,098-CR-1360Q4-0,NULL,NULL,2019,O,7.23181E+11,098-CR-1360Q4-000,HIGH,098-CR-1360Q4-000,6.678,0,0,0,0,0,0,0,0,0,0,0,0,0
72315865,980100,2.019E+11,20190207,652,,,US23,,,US0023,US0023,0,098 US-23,US0023,N,N,NULL,NULL,NULL,N,NULL,NULL,NULL,NULL,NULL,NULL,26.287,NULL,NULL,NULL,NULL,,NULL,3,0,3,3,N,N,55,NULL,98,9801,NULL,,Y,37.50372,37,30.223,NULL,-82.53215,82,31.929,NULL,N,NULL,NULL,NULL,NULL,NULL,NULL,NULL,NULL,1,3,4,6,1,5,6,5,7,3,Y,NULL,N,Y,652,658,750,N,NULL,55,,1,N,,N,N,098-US-0023-0,NULL,NULL,2019,C,7.23159E+11,098-US-0023  -000,HIGH,098-US-0023  -000,26.287,0,0,0,1,0,0,0,1,0,0,0,0,0
72357921,KSP0900,19-19102,20190525,1704,,,LICK BRANCH,,RD,,,0,098 CR-1241,CR1241,N,N,NULL,NULL,NULL,N,NULL,NULL,NULL,NULL,NULL,NULL,0.085,NULL,NULL,NULL,NULL,,NULL,1,0,2,2,N,N,35,NULL,98,9824,NULL,,Y,37.333,37,19.98,NULL,-82.43673,82,26.204,NULL,N,NULL,NULL,NULL,NULL,NULL,NULL,NULL,NULL,3,3,1,2,1,1,2,2,7,3,N,NULL,N,N,1704,1731,,N,NULL,52,,,Y,,N,N,098-CR-1241-0,NULL,NULL,2019,C,7.23579E+11,098-CR-1241  -000,HIGH,098-CR-1241  -000,0.085,0,0,0,0,0,0,1,1,0,0,0,1,0
72328885,KSP0900,19-8886,20190318,1402,,,KY194,,,KY0194,KY0194,0,098 KY-194,KY0194,N,N,NULL,NULL,NULL,N,NULL,NULL,NULL,NULL,NULL,NULL,11.137,NULL,NULL,NULL,NULL,,NULL,0,0,2,2,N,N,55,NULL,98,9801,NULL,,Y,37.60113,37,36.068,NULL,-82.51308,82,30.785,NULL,N,NULL,NULL,NULL,NULL,NULL,NULL,NULL,NULL,1,3,2,6,1,1,2,2,7,3,N,NULL,Y,N,1402,1444,1402,N,NULL,55,7,0,N,,N,N,098-KY-0194-0,NULL,NULL,2019,O,7.23289E+11,098-KY-0194  -000,HIGH,098-KY-0194  -000,11.137,0,0,1,0,0,0,0,0,0,0,0,0,0
72320887,980500,2019AR015,20190226,1200,,4285,N MAYO TRAIL,,,,,,,,Y,N,NULL,NULL,NULL,N,NULL,NULL,NULL,NULL,NULL,NULL,NULL,NULL,NULL,NULL,NULL,NULL,NULL,0,0,2,2,N,N,15,NULL,98,9807,NULL,,Y,37.52448,37,31.468,NULL,-82.57349,82,34.409,NULL,N,NULL,NULL,NULL,NULL,NULL,NULL,NULL,NULL,2,97,2,6,1,1,2,2,1,3,N,NULL,Y,Y,1200,1202,1218,N,NULL,90,,,N,,N,N,,NULL,NULL,2019,O,7.23209E+11,098-US-0023  -010,MEDIUM,098-US-0023  -000,29.079,0,0,0,1,0,0,0,0,0,0,0,0,0
72311364,980100,2.019E+11,20190203,1833,,215,CASSIDY,,BLVD,,,,,,Y,N,NULL,NULL,NULL,N,NULL,NULL,NULL,NULL,NULL,NULL,0.28,NULL,NULL,NULL,NULL,,NULL,0,0,2,2,N,N,15,NULL,98,9801,NULL,,Y,37.50476,37,30.286,NULL,-82.53643,82,32.186,NULL,N,NULL,NULL,NULL,NULL,NULL,NULL,NULL,NULL,2,97,NULL,6,1,1,2,5,1,3,N,NULL,Y,N,1833,1841,,N,NULL,90,,,N,,N,N,,NULL,NULL,2019,O,7.23114E+11,098-CS-1191  -000,MEDIUM,098-CS-1191  -000,0.28,0,0,0,1,0,0,1,0,0,0,0,0,0
72316602,KSP0900,19-4626,20190212,2219,,,BOWLING,,FRK,,,0,098 CR-1206Q3,CR1206Q3,N,N,NULL,NULL,NULL,N,NULL,NULL,NULL,NULL,NULL,NULL,0.84,NULL,NULL,NULL,NULL,,NULL,0,0,1,1,N,N,35,NULL,98,9802,22,SE,N,37.29959,37,17.975,NULL,-82.48779,82,29.267,NULL,N,NULL,NULL,NULL,NULL,NULL,NULL,NULL,NULL,9,3,1,3,1,5,3,6,7,3,N,NULL,Y,N,2222,2251,2251,N,NULL,44,,,Y,,N,N,098-CR-1206Q3-0,NULL,NULL,2019,O,7.23166E+11,098-CR-1206Q3-000,HIGH,098-CR-1206Q3-000,0.84,0,0,0,0,0,0,0,0,1,0,0,1,0
72302549,KSP0900,19-1477,20190113,1736,,,US23,,,US0023,US0023,0,098 US-23,US0023,N,N,NULL,NULL,NULL,N,NULL,NULL,NULL,NULL,NULL,NULL,15.95,NULL,NULL,NULL,NULL,,NULL,0,0,1,1,N,N,55,NULL,98,9824,2,S,N,37.40884,37,24.531,NULL,-82.53219,82,31.931,NULL,N,NULL,NULL,NULL,NULL,NULL,NULL,NULL,NULL,9,3,4,5,1,5,6,3,7,3,N,NULL,Y,Y,1743,1750,1750,N,NULL,44,,1,N,,N,Y,098-US-0023-0,NULL,NULL,2019,O,7.23025E+11,098-US-0023  -000,HIGH,098-US-0023  -000,15.95,0,0,0,1,0,0,0,1,0,0,0,1,0
72318149,KSP0900,19-4002,20190206,1600,,,US119,,,US0119,US0119,0,098 US-119,US0119,N,N,NULL,NULL,NULL,N,NULL,NULL,NULL,NULL,NULL,NULL,19.161,NULL,NULL,NULL,NULL,,NULL,1,0,2,2,N,N,55,NULL,98,9836,NULL,,Y,37.60351,37,36.21,NULL,-82.27367,82,16.42,NULL,N,NULL,NULL,NULL,NULL,NULL,NULL,NULL,NULL,5,3,4,3,1,5,6,2,3,3,Y,NULL,Y,N,1600,1644,1644,N,NULL,49,2,1,N,,N,N,098-US-0119-0,NULL,NULL,2019,C,7.23181E+11,098-US-0119  -000,HIGH,098-US-0119  -000,19.161,0,0,0,1,0,0,0,1,0,0,0,0,0
72321902,980100,2.019E+11,20190226,720,,,CHLOE,,RD,KY1460,KY1460,0,098 KY-1460,KY1460,N,N,NULL,NULL,NULL,N,NULL,NULL,NULL,NULL,NULL,NULL,3.845,NULL,NULL,NULL,NULL,,NULL,1,0,1,1,N,N,35,NULL,98,9801,NULL,,Y,37.47722,37,28.633,NULL,-82.49406,82,29.643,NULL,N,NULL,NULL,NULL,NULL,NULL,NULL,NULL,NULL,9,5,2,1,1,2,2,2,7,3,Y,NULL,Y,Y,720,720,840,N,NULL,44,,0,N,,N,N,098-KY-1460-0,NULL,NULL,2019,B,7.23219E+11,098-KY-1460  -000,HIGH,098-KY-1460  -000,3.845,0,0,0,0,0,0,0,0,0,0,0,1,0
72326251,KSP0900,19-7723,20190310,155,,,US23,,,US0023,US0023,0,098 US-23,US0023,N,N,NULL,NULL,NULL,N,NULL,NULL,NULL,NULL,NULL,NULL,5.389,NULL,NULL,NULL,NULL,,NULL,1,0,1,1,N,N,55,NULL,98,9809,NULL,,Y,37.28325,37,16.995,NULL,-82.55885,82,33.531,NULL,N,NULL,NULL,NULL,NULL,NULL,NULL,NULL,NULL,9,97,4,4,1,5,6,5,7,3,Y,NULL,Y,Y,158,309,158,N,NULL,70,,1,Y,,N,Y,098-US-0023-0,NULL,NULL,2019,B,7.23263E+11,098-US-0023  -000,HIGH,098-US-0023  -000,5.389,0,0,0,0,0,0,0,0,1,0,0,1,0
72351667,KSP0900,19-17028,20190511,1800,,,COLLINS,,HWY,KY0122,KY0122,0,098 KY-122,KY0122,N,N,NULL,NULL,NULL,N,NULL,NULL,NULL,NULL,NULL,NULL,11.274,NULL,NULL,NULL,NULL,,NULL,1,0,1,1,N,N,55,NULL,98,9827,6,E,N,37.38992,37,23.395,NULL,-82.53061,82,31.836,NULL,N,NULL,NULL,NULL,NULL,NULL,NULL,NULL,NULL,9,3,2,3,1,5,3,2,7,3,Y,NULL,Y,Y,1803,1818,,Y,NULL,44,,0,N,,N,N,098-KY-0122-0,NULL,NULL,2019,C,7.23517E+11,098-KY-0122  -000,HIGH,098-KY-0122  -000,11.274,0,0,1,0,0,0,0,1,0,0,0,1,0
72318151,KSP0900,19-3894,20190205,1812,,,KY2062,,,KY2062,KY2062,0,098 KY-2062,KY2062,N,N,NULL,NULL,NULL,N,NULL,NULL,NULL,NULL,NULL,NULL,2.289,NULL,NULL,NULL,NULL,,NULL,0,0,2,2,N,N,55,NULL,98,9825,NULL,,Y,37.51166,37,30.7,NULL,-82.10641,82,6.385,NULL,N,NULL,NULL,NULL,NULL,NULL,NULL,NULL,NULL,7,3,2,2,1,1,2,6,7,3,N,NULL,Y,Y,1812,1856,1940,N,NULL,54,8,0,N,,N,N,098-KY-2062-0,NULL,NULL,2019,O,7.23182E+11,098-KY-2062  -000,HIGH,098-KY-2062  -000,2.289,0,0,0,0,0,0,0,0,0,0,0,1,0
72317070,980100,2.019E+11,20190215,1818,,,CASSIDY,,BLVD,,,,,,N,N,NULL,NULL,NULL,N,NULL,NULL,NULL,NULL,NULL,NULL,0.29,NULL,NULL,NULL,NULL,,NULL,2,0,2,2,N,N,25,NULL,98,9801,NULL,,Y,37.50497,37,30.298,NULL,-82.53662,82,32.197,NULL,N,NULL,NULL,NULL,NULL,NULL,NULL,NULL,NULL,1,3,4,6,1,1,3,5,1,3,Y,NULL,Y,Y,1819,1821,1906,N,NULL,55,,,N,,N,N,,NULL,NULL,2019,C,7.23171E+11,098-CS-1191  -000,HIGH,098-CS-1191  -000,0.29,0,0,0,0,0,0,1,1,0,0,0,0,0
72314186,980100,2.019E+11,20190207,1951,,,HUFFMAN,,AVE,,,,,,N,N,NULL,NULL,NULL,N,NULL,NULL,NULL,NULL,NULL,NULL,0.09,NULL,NULL,NULL,NULL,,NULL,1,0,2,1,N,N,25,NULL,98,9801,NULL,,Y,37.47763,37,28.658,NULL,-82.51842,82,31.105,NULL,N,NULL,NULL,NULL,NULL,NULL,NULL,NULL,NULL,9,3,3,6,1,1,3,5,1,3,Y,NULL,Y,Y,1951,1953,2000,N,NULL,36,,,N,,N,N,,NULL,NULL,2019,C,7.23142E+11,098-CS-1123  -000,HIGH,098-CS-1123  -000,0.09,0,0,0,0,1,0,0,0,0,0,0,0,0
72308724,980000,98-01-006,20190124,1730,,,KY194,,,KY0194,KY0194,0,098 KY-194,KY0194,N,N,NULL,NULL,NULL,N,NULL,NULL,NULL,NULL,NULL,NULL,58.8,NULL,NULL,NULL,NULL,,NULL,0,0,1,1,N,Y,35,NULL,98,9811,2,W,N,37.54821,37,32.893,NULL,-82.1581,82,9.486,NULL,N,NULL,NULL,NULL,NULL,NULL,NULL,NULL,NULL,9,97,2,3,1,5,5,6,7,3,N,NULL,Y,Y,1739,1750,1835,Y,NULL,40,7,0,N,,N,N,098-KY-0194-0,NULL,NULL,2019,O,7.23087E+11,098-KY-0194  -000,HIGH,098-KY-0194  -000,58.8,0,0,0,0,0,0,0,0,0,0,0,1,0
72312150,980100,2.019E+11,20190205,1557,,,REDALE,,RD,,,0,098 CS-1244,CS1244,Y,N,NULL,NULL,NULL,N,NULL,NULL,NULL,NULL,NULL,NULL,0.048,NULL,NULL,NULL,NULL,,NULL,0,0,2,2,N,N,15,NULL,98,9801,NULL,,Y,37.48704,37,29.223,NULL,-82.52441,82,31.464,NULL,N,NULL,NULL,NULL,NULL,NULL,NULL,NULL,NULL,7,97,NULL,6,1,1,2,2,6,3,N,NULL,Y,N,1557,1603,,N,NULL,90,,,N,,N,N,098-CS-1244-0,NULL,NULL,2019,O,7.23122E+11,098-CS-1244  -000,HIGH,098-CS-1244  -000,0.048,0,0,0,1,0,0,0,0,0,0,0,0,0
72309013,980100,2.019E+11,20190129,1213,,,US23,,,US0023,US0023,0,098 US-23,US0023,N,N,NULL,NULL,NULL,N,NULL,NULL,NULL,NULL,NULL,NULL,26.281,NULL,NULL,NULL,NULL,,NULL,0,0,2,2,N,N,55,NULL,98,9801,NULL,,Y,37.50362,37,30.217,NULL,-82.53215,82,31.929,NULL,N,NULL,NULL,NULL,NULL,NULL,NULL,NULL,NULL,5,3,4,6,1,1,3,2,1,3,N,NULL,N,N,1213,1221,1221,N,NULL,49,,1,N,,N,N,098-US-0023-0,NULL,NULL,2019,O,7.2309E+11,098-US-0023  -000,HIGH,098-US-0023  -000,26.281,0,0,0,1,0,0,0,0,0,0,0,0,0
72314769,KSP0900,19-4563,20190211,1326,,,ABNER MOUNTAIN,,RD,KY0122,KY0122,0,098 KY-122,KY0122,N,N,NULL,NULL,NULL,N,NULL,NULL,NULL,NULL,NULL,NULL,0.666,NULL,NULL,NULL,NULL,,NULL,0,0,1,1,N,N,35,NULL,98,9801,NULL,,Y,37.34441,37,20.665,NULL,-82.65001,82,39,NULL,N,NULL,NULL,NULL,NULL,NULL,NULL,NULL,NULL,9,5,2,2,1,5,2,2,7,3,N,NULL,Y,N,1326,1349,1326,N,NULL,40,,0,Y,,N,N,098-KY-0122-0,NULL,NULL,2019,O,7.23148E+11,098-KY-0122  -000,HIGH,098-KY-0122  -000,0.666,0,0,0,0,0,0,0,1,0,0,0,1,0
72366877,KSP0900,19-21177,20190608,300,,,FERRELLS CREEK,,RD,US0460,US0460,0,098 US-460,US0460,N,N,NULL,NULL,NULL,N,NULL,NULL,NULL,NULL,NULL,NULL,18.919,NULL,NULL,NULL,NULL,,NULL,0,0,1,1,N,N,55,NULL,98,9876,NULL,,Y,37.36633,37,21.98,NULL,-82.30656,82,18.393,NULL,N,NULL,NULL,NULL,NULL,NULL,NULL,NULL,NULL,9,3,2,1,1,5,6,6,7,3,N,NULL,Y,N,1017,1055,,Y,NULL,40,,1,N,,N,Y,098-US-0460-0,NULL,NULL,2019,O,7.23669E+11,098-US-0460  -000,HIGH,098-US-0460  -000,18.919,0,0,0,0,0,0,0,0,1,0,0,1,0
72329985,980100,2.019E+11,20190320,1126,,,US23,,,US0023,US0023,,,,Y,N,NULL,NULL,NULL,N,NULL,NULL,NULL,NULL,NULL,NULL,21.54,NULL,NULL,NULL,NULL,,NULL,0,0,2,2,N,N,NULL,NULL,98,9801,NULL,,Y,37.45246,37,27.148,NULL,-82.52333,82,31.4,NULL,N,NULL,NULL,NULL,NULL,NULL,NULL,NULL,NULL,2,97,4,6,1,1,2,2,1,3,N,NULL,N,N,1126,1132,1132,N,NULL,90,,1,N,,N,N,,NULL,NULL,2019,O,7.233E+11,098-US-0023  -010,MEDIUM,098-US-0023  -000,21.54,0,0,0,0,0,0,1,0,0,0,0,0,0
72322896,KSP0900,19-6507,20190227,720,,,KY632,,,KY0632,KY0632,0,098 KY-632,KY0632,N,N,NULL,NULL,NULL,N,NULL,NULL,NULL,NULL,NULL,NULL,2.357,NULL,NULL,NULL,NULL,,NULL,0,0,1,1,N,N,55,NULL,98,9801,NULL,,Y,37.48914,37,29.348,NULL,-82.31717,82,19.03,NULL,N,NULL,NULL,NULL,NULL,NULL,NULL,NULL,NULL,9,4,2,3,1,1,2,2,7,3,N,NULL,Y,N,721,747,800,N,NULL,44,6,0,Y,,N,N,098-KY-0632-0,NULL,NULL,2019,O,7.23229E+11,098-KY-0632  -000,HIGH,098-KY-0632  -000,2.357,0,0,0,0,0,0,0,0,1,0,0,1,0
72318020,980100,2.019E+11,20190218,524,,,US23,,,US0023,US0023,0,098 US-23,US0023,N,N,NULL,NULL,NULL,N,NULL,NULL,NULL,NULL,NULL,NULL,23.062,NULL,NULL,NULL,NULL,,NULL,2,0,3,3,N,N,55,NULL,98,9801,NULL,,Y,37.46584,37,27.951,NULL,-82.52813,82,31.688,NULL,N,NULL,NULL,NULL,NULL,NULL,NULL,NULL,NULL,5,3,4,6,1,5,2,5,7,3,Y,NULL,Y,Y,526,528,603,N,NULL,70,,1,N,,N,N,098-US-0023-0,NULL,NULL,2019,C,7.2318E+11,098-US-0023  -000,HIGH,098-US-0023  -000,23.062,0,0,0,1,0,0,1,0,0,0,0,0,0
72314583,980100,2.019E+11,20190210,134,,,US23,,,US0023,US0023,0,098 US-23-10,US0023,N,N,NULL,NULL,NULL,N,NULL,NULL,NULL,NULL,NULL,NULL,20.772,NULL,NULL,NULL,NULL,,NULL,0,0,1,1,N,N,55,NULL,98,9801,NULL,,Y,37.44285,37,26.571,NULL,-82.52236,82,31.342,NULL,N,NULL,NULL,NULL,NULL,NULL,NULL,NULL,NULL,9,3,4,3,1,1,2,4,7,3,N,NULL,Y,Y,134,134,137,N,NULL,38,,1,N,,N,N,098-US-0023-10,NULL,NULL,2019,O,7.23146E+11,098-US-0023  -010,HIGH,098-US-0023  -000,20.772,0,0,0,0,0,0,0,0,0,0,0,0,0
72312237,KSP0900,19-3696,20190204,1040,,,US119,,,US0119,US0119,0,098 US-119,US0119,N,N,NULL,NULL,NULL,N,NULL,NULL,NULL,NULL,NULL,NULL,24.997,NULL,NULL,NULL,NULL,,NULL,2,0,2,2,N,N,55,NULL,98,9834,NULL,,Y,37.66813,37,40.087,NULL,-82.2773,82,16.638,NULL,N,NULL,NULL,NULL,NULL,NULL,NULL,NULL,NULL,5,3,4,6,1,1,2,2,7,3,Y,NULL,Y,Y,1040,1100,1120,N,NULL,49,2,1,N,,N,N,098-US-0119-0,NULL,NULL,2019,B,7.23122E+11,098-US-0119  -000,HIGH,098-US-0119  -000,24.997,0,0,0,0,0,0,1,0,0,0,0,0,0