MasterFile,AgencyORINumber,LocalCode,CollisionDate,CollisionTime,CollisionDayWeekCode,RoadwayName_HouseBusinessNumber_,RoadwayName_RoadwayName_,RoadwayName_Direction_,RoadwayName_RoadwaySuffix_,RoadwayfromReport,CurrentRoadwayNumber,RoadwayNumberCoupletID,RSEUniqueGIS,RoadwayIdentifier,ParkingLotIndicator,IntersectionWith_Indicator_,IntersectionWith_NameRoadway_,IntersectionWith_Direction_,IntersectionWith_RoadwaySuffix_,BetweenStreets_Indicator_,BetweenStreets1_NameRoadway_,BetweenStreet1_Direction_,BetweenStreets1_RoadwaySuffix_,BetweenStreets2_NameRoadway_,BetweenStreets2_Direction_,BetweenStreets2_RoadwaySuffix_,Milepoint,ReportMilepointDeriveNumber,CurrentDerivedMiepointNumber,MilestoMilepoint,FeettoMilepoint,DirectionfromMilepoint_NSEW_,ValidMilepointIndicator,NumberInjured,NumberKilled,ofUnits,ofMotorVehicleUnits,Hit&RunIndicator,OneWayIndicator,SpeedLimitNumber,KilometersIndicator,CountyCode,CityCountyCode,MilesFromCity,DirectionFromCity_NSEW_,InCityLimitsIndicator,Latitude,LatitudeDegrees,LatitudeMinutes,LatitudeSeconds,Longitude,LongitudeDegrees,LongitudeMinutes,LongitudeSeconds,RampIndicator,RampFromIdentifier,RampFromDirCode,RampFromCoupletID,RSEUniqueGISRampFrom,RampToidentifier,RampToDirCode,RampToCoupletID,RSEUniqueGisRampTo,MannerofCollisionCode,LocationFirstEventCode,TotalLanes,RoadwayCharacterCode,RoadwaySurfaceCode,RoadwayConditionCode,WeatherCode,LightConditionCode,LandUseCode,SchoolBusRelatedCode,FirstAidSceneIndicator,CollDescPresentInd,InvestigationCompleteIndicator,PhotosTakenIndicator,TimeNotified,TimeArrived,TimeRoadwayOpened,PropertyDamageIndicator,DiagramPresentIndicator,DirectionalAnalysis,FunctionClassCode,NationalHwySysCode,EnforcementsIndicator,KARSCityCode,SecondaryCollisionIndicator,MedianCrossoverIndicator,RT_UNIQUE,MapIt,TimeLastLeft,YR,KABCO,MFNY,WorkingRID,RT_CONFIDENCE,KTC_RT,KTC_MP,Motorcyclist,CommercialVehicle,YoungDriver,MatureDriver,pedestrian,Bicyclist,Distracted,agressive,Impaired,Unrestrained,Intersection,RoadwayDeparture,MedXover
72319646,980100,2.019E+11,20190222,1702,,,CASSIDY,,BLVD,,,0,098 CS-1191,CS1191,N,N,NULL,NULL,NULL,N,NULL,NULL,NULL,NULL,NULL,NULL,0.317,NULL,NULL,NULL,NULL,,NULL,0,0,3,3,N,N,25,NULL,98,9801,NULL,,Y,37.5052,37,30.312,NULL,-82.53717,82,32.23,NULL,N,NULL,NULL,NULL,NULL,NULL,NULL,NULL,NULL,1,3,2,3,1,5,6,2,1,3,N,NULL,Y,N,1702,1710,1750,N,NULL,55,,,N,,N,N,098-CS-1191-0,NULL,NULL,2019,O,7.23196E+11,098-CS-1191  -000,HIGH,098-CS-1191  -000,0.317,0,0,0,0,0,0,1,0,0,0,0,0,0
72317943,980100,2.019E+11,20190218,1718,,,KY1426 TURN LANE,,,KY1426,KY1426,,,,N,N,NULL,NULL,NULL,N,NULL,NULL,NULL,NULL,NULL,NULL,0.03,NULL,NULL,NULL,NULL,,NULL,0,0,2,2,N,N,55,NULL,98,9801,NULL,,Y,37.51401,37,30.84,NULL,-82.48724,82,29.234,NULL,N,NULL,NULL,NULL,NULL,NULL,NULL,NULL,NULL,5,3,1,6,1,1,3,2,2,3,N,NULL,Y,N,1718,1721,,N,NULL,49,8,0,N,,N,N,,NULL,NULL,2019,O,7.23179E+11,098-KY-1426  -027,HIGH,098-KY-1426  -027,0.03,0,0,0,0,0,0,1,0,0,0,0,0,0
72311347,980100,2.019E+11,20190129,1632,,,KY3496,,,KY3496,KY3496,,,,Y,N,NULL,NULL,NULL,N,NULL,NULL,NULL,NULL,NULL,NULL,0.648,NULL,NULL,NULL,NULL,,NULL,0,0,2,2,N,N,NULL,NULL,98,9801,NULL,,Y,37.47175,37,28.305,NULL,-82.5323,82,31.938,NULL,N,NULL,NULL,NULL,NULL,NULL,NULL,NULL,NULL,2,97,1,6,1,1,2,2,1,3,N,NULL,Y,N,1632,1640,,N,NULL,90,16,0,N,,N,N,,NULL,NULL,2019,O,7.23113E+11,098-KY-3496  -000,HIGH,098-KY-3496  -000,0.648,0,0,0,1,0,0,1,0,0,0,0,0,0
72311126,KSP0900,19-3513,20190202,1623,,,MAIN,,ST,,,0,098 CS-3000,CS3000,Y,N,NULL,NULL,NULL,N,NULL,NULL,NULL,NULL,NULL,NULL,0.521,NULL,NULL,NULL,NULL,,NULL,0,0,2,2,N,N,10,NULL,98,9807,NULL,,Y,37.51951,37,31.171,NULL,-82.56718,82,34.031,NULL,N,NULL,NULL,NULL,NULL,NULL,NULL,NULL,NULL,2,97,1,6,1,1,2,2,1,3,N,NULL,Y,N,1656,1724,1656,N,NULL,90,,,N,,N,N,098-CS-3000-0,NULL,NULL,2019,O,7.23111E+11,098-CS-3000  -000,HIGH,098-CS-3000  -000,0.521,0,0,0,0,0,0,0,0,0,0,0,0,0
72317662,980500,2019AR012,20190218,1530,,3889,N MAYO TRAIL,,,,,,,,Y,N,NULL,NULL,NULL,N,NULL,NULL,NULL,NULL,NULL,NULL,NULL,NULL,NULL,NULL,NULL,NULL,NULL,0,0,2,2,N,N,15,NULL,98,9807,NULL,,Y,37.52007,37,31.204,NULL,-82.56818,82,34.091,NULL,N,NULL,NULL,NULL,NULL,NULL,NULL,NULL,NULL,1,97,2,6,1,1,2,2,1,3,N,NULL,Y,Y,1530,1531,1556,N,NULL,90,,1,N,,N,N,,NULL,NULL,2019,O,7.23177E+11,098-US-0023  -010,MEDIUM,098-US-0023  -000,28.662,0,0,0,1,0,0,0,0,0,0,0,0,0
72320678,KSP0900,19-5358,20190218,1430,,,KY2062,,,KY2062,KY2062,0,098 KY-2062,KY2062,N,N,NULL,NULL,NULL,N,NULL,NULL,NULL,NULL,NULL,NULL,0.164,NULL,NULL,NULL,NULL,,NULL,0,0,1,1,N,N,55,NULL,98,9804,NULL,,Y,37.50633,37,30.38,NULL,-82.13154,82,7.892,NULL,N,NULL,NULL,NULL,NULL,NULL,NULL,NULL,NULL,9,2,2,1,1,1,3,2,7,3,N,NULL,Y,N,1400,1415,1430,N,NULL,70,8,0,N,,N,N,098-KY-2062-0,NULL,NULL,2019,O,7.23207E+11,098-KY-2062  -000,HIGH,098-KY-2062  -000,0.164,0,0,0,0,0,0,0,0,0,0,0,0,0
72310111,980100,2.019E+11,20190131,1758,,104,CHLOE ROAD,,,,,,,,Y,N,NULL,NULL,NULL,N,NULL,NULL,NULL,NULL,NULL,NULL,NULL,NULL,NULL,NULL,NULL,,NULL,0,0,1,1,N,N,15,NULL,98,9801,NULL,,Y,37.47723,37,28.634,NULL,-82.51608,82,30.964,NULL,N,NULL,NULL,NULL,NULL,NULL,NULL,NULL,NULL,9,97,1,6,1,1,2,2,1,3,N,NULL,Y,Y,1809,1809,1809,N,NULL,90,,,N,,N,N,,NULL,NULL,2019,NULL,7.23101E+11,098-KY-1460  -022,MEDIUM,098-KY-1460  -022,0.029,0,0,0,0,0,0,0,0,0,0,0,0,0
72311499,980000,1902001,20190201,1036,,7734,US23,,,US0023,US0023,0,098 US-23,US0023,Y,N,NULL,NULL,NULL,N,NULL,NULL,NULL,NULL,NULL,NULL,32.136,NULL,NULL,NULL,NULL,,NULL,0,0,2,2,N,N,55,NULL,98,9801,4,N,N,37.5377,37,32.262,NULL,-82.6113,82,36.678,NULL,N,NULL,NULL,NULL,NULL,NULL,NULL,NULL,NULL,2,97,0,4,1,1,3,2,1,3,N,NULL,Y,Y,1036,1050,1050,N,NULL,90,,1,N,,N,N,098-US-0023-0,NULL,NULL,2019,O,7.23115E+11,098-US-0023  -000,HIGH,098-US-0023  -000,32.136,0,0,0,0,0,0,0,0,0,0,0,0,0
72325913,980100,2.019E+11,20190303,1409,,,CASSIDY,,BLVD,,,,,,N,N,NULL,NULL,NULL,N,NULL,NULL,NULL,NULL,NULL,NULL,0.326,NULL,NULL,NULL,NULL,,NULL,0,0,2,2,N,N,25,NULL,98,9801,NULL,,Y,37.50522,37,30.313,NULL,-82.53738,82,32.243,NULL,N,NULL,NULL,NULL,NULL,NULL,NULL,NULL,NULL,8,3,2,1,1,5,6,2,1,3,N,NULL,Y,N,1409,1419,1419,N,NULL,53,,,N,,N,N,,NULL,NULL,2019,O,7.23259E+11,098-CS-1191  -000,HIGH,098-CS-1191  -000,0.326,0,0,1,0,0,0,1,0,0,0,0,1,0
72326301,KSP0900,197416,20190307,621,,,US460,,,US0460,US0460,0,098 US-460,US0460,N,N,NULL,NULL,NULL,N,NULL,NULL,NULL,NULL,NULL,NULL,11.467,NULL,NULL,NULL,NULL,,NULL,1,0,1,1,N,N,55,NULL,98,9827,3,S,N,37.35739,37,21.443,NULL,-82.39076,82,23.446,NULL,N,NULL,NULL,NULL,NULL,NULL,NULL,NULL,NULL,9,3,2,3,1,2,2,2,7,3,N,NULL,Y,Y,627,645,720,N,NULL,70,,1,N,,N,N,098-US-0460-0,NULL,NULL,2019,C,7.23263E+11,098-US-0460  -000,HIGH,098-US-0460  -000,11.467,0,0,0,0,0,0,0,0,0,0,0,1,0
72307119,980000,19-01-005,20190122,1138,,,WILLIAMSON,,RD,KY0292,KY0292,0,098 KY-292,KY0292,N,N,NULL,NULL,NULL,N,NULL,NULL,NULL,NULL,NULL,NULL,7.492,NULL,NULL,NULL,NULL,,NULL,0,0,2,2,N,N,45,NULL,98,9834,NULL,,Y,37.68241,37,40.945,NULL,-82.30023,82,18.014,NULL,N,NULL,NULL,NULL,NULL,NULL,NULL,NULL,NULL,1,7,2,6,1,1,2,2,1,3,N,NULL,Y,Y,1138,1145,1145,N,NULL,47,7,0,N,,N,N,098-KY-0292-0,NULL,NULL,2019,O,7.23071E+11,098-KY-0292  -000,HIGH,098-KY-0292  -000,7.492,0,0,0,1,0,0,0,0,0,0,0,0,0
72321456,980100,2.019E+11,20190227,1802,,805,PARKING GARAGE,,,,,,,,Y,N,NULL,NULL,NULL,N,NULL,NULL,NULL,NULL,NULL,NULL,NULL,NULL,NULL,NULL,NULL,,NULL,0,0,2,2,N,N,15,NULL,98,9801,NULL,,Y,37.47791,37,28.674,NULL,-82.52019,82,31.211,NULL,N,NULL,NULL,NULL,NULL,NULL,NULL,NULL,NULL,2,97,2,6,1,1,2,2,7,3,N,NULL,Y,N,1802,1805,1823,N,NULL,90,,,N,,N,N,,NULL,NULL,2019,O,7.23215E+11,098-CS-1222  -000,MEDIUM,098-CS-1222  -000,0.479,0,0,0,0,0,0,1,0,0,0,0,0,0
72308693,KSP0900,19-2857,20190127,1000,,,KY612,,,KY0612,KY0612,0,098 KY-612,KY0612,N,N,NULL,NULL,NULL,N,NULL,NULL,NULL,NULL,NULL,NULL,7.738,NULL,NULL,NULL,NULL,,NULL,0,0,1,1,N,N,45,NULL,98,9834,NULL,,Y,37.66562,37,39.937,NULL,-82.30689,82,18.414,NULL,N,NULL,NULL,NULL,NULL,NULL,NULL,NULL,NULL,9,5,2,3,1,2,2,2,7,3,N,NULL,Y,N,1000,1030,1100,N,NULL,51,8,0,N,,N,N,098-KY-0612-0,NULL,NULL,2019,O,7.23087E+11,098-KY-0612  -000,HIGH,098-KY-0612  -000,7.738,0,0,1,0,0,0,0,0,0,0,0,1,0
72316736,980100,2.019E+11,20190214,1028,,,US23,,,US0023,US0023,,,,N,N,NULL,NULL,NULL,N,NULL,NULL,NULL,NULL,NULL,NULL,24.816,NULL,NULL,NULL,NULL,,NULL,0,0,2,2,N,N,55,NULL,98,9801,NULL,,Y,37.48603,37,29.162,NULL,-82.54214,82,32.528,NULL,N,NULL,NULL,NULL,NULL,NULL,NULL,NULL,NULL,8,3,3,6,1,1,2,2,7,3,N,NULL,Y,N,1028,1032,1032,N,NULL,53,,1,N,,N,N,,NULL,NULL,2019,O,7.23167E+11,098-US-0023  -000,MEDIUM,098-US-0023  -000,24.816,0,0,0,0,0,0,1,0,0,0,0,1,0
72322147,980100,2.019E+11,20190301,1217,,,NORTH MAYO TRAIL,,,,,,,,N,N,NULL,NULL,NULL,N,NULL,NULL,NULL,NULL,NULL,NULL,NULL,NULL,NULL,NULL,NULL,NULL,NULL,1,0,3,3,N,N,35,NULL,98,9801,NULL,,Y,37.48691,37,29.214,NULL,-82.54237,82,32.542,NULL,N,NULL,NULL,NULL,NULL,NULL,NULL,NULL,NULL,1,3,2,6,1,5,6,2,8,3,Y,NULL,Y,Y,1217,1222,1250,N,NULL,55,,,N,,N,N,,NULL,NULL,2019,C,7.23221E+11,098-KY-3495  -000,MEDIUM,098-KY-3495  -000,0.045,0,0,0,0,0,0,0,1,0,0,0,0,0
72322234,980100,2.019E+11,20190301,1639,,,HAMBLEY,,BLVD,,,,,,N,N,NULL,NULL,NULL,N,NULL,NULL,NULL,NULL,NULL,NULL,0.142,NULL,NULL,NULL,NULL,,NULL,1,0,2,2,N,N,25,NULL,98,9801,NULL,,Y,37.47476,37,28.486,NULL,-82.52489,82,31.494,NULL,N,NULL,NULL,NULL,NULL,NULL,NULL,NULL,NULL,1,3,2,6,1,5,6,2,7,3,Y,NULL,Y,Y,1639,1645,1711,N,NULL,47,,,Y,,N,N,,NULL,NULL,2019,C,7.23222E+11,098-CS-1222  -000,HIGH,098-CS-1222  -000,0.142,0,1,0,0,0,0,0,0,1,0,0,0,0
72318150,KSP0900,19-3886,20190205,1720,,,US119,,,US0119,US0119,0,098 US-119-10,US0119,N,N,NULL,NULL,NULL,N,NULL,NULL,NULL,NULL,NULL,NULL,25.378,NULL,NULL,NULL,NULL,,NULL,0,0,2,2,N,N,55,NULL,98,9834,NULL,,Y,37.6727,37,40.362,NULL,-82.28114,82,16.868,NULL,N,NULL,NULL,NULL,NULL,NULL,NULL,NULL,NULL,5,3,2,6,1,1,2,2,3,3,N,NULL,Y,N,1720,1735,1720,N,NULL,49,2,1,N,,N,N,098-US-0119-10,NULL,NULL,2019,O,7.23182E+11,098-US-0119  -010,HIGH,098-US-0119  -000,25.378,0,0,0,0,0,0,0,1,0,0,0,0,0
72320275,980000,19-02-002,20190204,1830,,,AFLEX CEMETERY,,RD,,,0,098 CR-1054D,CR1054D,N,N,NULL,NULL,NULL,N,NULL,NULL,NULL,NULL,NULL,NULL,NULL,NULL,NULL,NULL,NULL,,NULL,0,0,2,2,N,N,45,NULL,98,9893,NULL,,Y,37.65936,37,39.562,NULL,-82.24435,82,14.661,NULL,N,NULL,NULL,NULL,NULL,NULL,NULL,NULL,NULL,8,3,2,6,1,1,2,6,6,3,N,NULL,Y,Y,1830,1920,2030,N,NULL,53,,,N,,N,N,098-CR-1054D-0,NULL,NULL,2019,O,7.23203E+11,098-CR-1054D -000,HIGH,098-CR-1054D -000,0.026,0,0,0,0,0,0,1,1,0,0,0,1,0
72318426,KSP0900,19-4164,20190207,1953,,,US119,,,US0119,US0119,0,098 US-119,US0119,N,N,NULL,NULL,NULL,N,NULL,NULL,NULL,NULL,NULL,NULL,24.826,NULL,NULL,NULL,NULL,,NULL,0,0,2,2,N,N,55,NULL,98,9834,NULL,,Y,37.66623,37,39.974,NULL,-82.27524,82,16.514,NULL,N,NULL,NULL,NULL,NULL,NULL,NULL,NULL,NULL,1,3,4,6,1,1,2,5,1,3,N,NULL,Y,N,2000,2100,2100,N,NULL,55,2,1,N,,N,N,098-US-0119-0,NULL,NULL,2019,O,7.23184E+11,098-US-0119  -000,HIGH,098-US-0119  -000,24.826,0,0,0,0,0,0,1,0,0,0,0,0,0
72316591,980000,1902005,20190215,655,,,KY632,,,KY0632,KY0632,0,098 KY-632,KY0632,N,N,NULL,NULL,NULL,N,NULL,NULL,NULL,NULL,NULL,NULL,10.265,NULL,NULL,NULL,NULL,,NULL,0,0,1,1,N,N,55,NULL,98,9804,6,E,N,37.48601,37,29.16,NULL,-82.18996,82,11.397,NULL,N,NULL,NULL,NULL,NULL,NULL,NULL,NULL,NULL,9,3,2,6,1,1,3,1,7,3,N,NULL,Y,Y,655,655,730,N,NULL,44,6,0,N,,N,N,098-KY-0632-0,NULL,NULL,2019,O,7.23166E+11,098-KY-0632  -000,HIGH,098-KY-0632  -000,10.265,0,0,0,0,0,0,0,0,0,0,0,1,0
72356039,KSP0900,19-18058,20190518,2313,,,RED CREEK,,RD,,,0,098 CR-1263,CR1263,N,N,NULL,NULL,NULL,N,NULL,NULL,NULL,NULL,NULL,NULL,0.49,NULL,NULL,NULL,NULL,,NULL,0,0,1,1,N,N,35,NULL,98,9801,3,N,N,37.43417,37,26.05,NULL,-82.47134,82,28.28,NULL,N,NULL,NULL,NULL,NULL,NULL,NULL,NULL,NULL,9,97,1,3,1,1,2,6,7,3,N,NULL,Y,N,2314,2322,2322,N,NULL,70,,,Y,,N,N,098-CR-1263-0,NULL,NULL,2019,O,7.2356E+11,098-CR-1263  -000,HIGH,098-CR-1263  -000,0.49,0,0,0,0,0,0,0,0,1,0,0,1,0
72319373,KSP0900,19-4123,20190207,1458,,,US119,,,US0119,US0119,,,,N,N,NULL,NULL,NULL,N,NULL,NULL,NULL,NULL,NULL,NULL,15.265,NULL,NULL,NULL,NULL,,NULL,1,0,1,1,N,N,55,NULL,98,9838,NULL,,Y,37.61117,37,36.67,NULL,-82.33241,82,19.945,NULL,N,NULL,NULL,NULL,NULL,NULL,NULL,NULL,NULL,9,3,4,6,1,1,2,2,7,3,Y,NULL,Y,Y,1552,1607,1607,N,NULL,70,2,1,N,,N,N,,NULL,NULL,2019,C,7.23194E+11,098-US-0119  -000,MEDIUM,098-US-0119  -000,15.265,0,0,0,0,0,0,0,0,0,0,0,1,0
72328881,980100,2.019E+11,20190319,1952,,120,JUSTICE,,WAY,,,0,098 CS-1215,CS1215,Y,N,NULL,NULL,NULL,N,NULL,NULL,NULL,NULL,NULL,NULL,NULL,NULL,NULL,NULL,NULL,NULL,NULL,0,0,2,2,Y,N,15,NULL,98,9801,NULL,,Y,37.50678,37,30.407,NULL,-82.54324,82,32.594,NULL,N,NULL,NULL,NULL,NULL,NULL,NULL,NULL,NULL,2,97,NULL,6,1,1,2,5,1,3,N,NULL,Y,N,1954,2001,,N,NULL,90,,,N,,N,N,098-CS-1215-0,NULL,NULL,2019,NULL,7.23289E+11,098-CS-1215  -000,HIGH,098-CS-1215  -000,0.516,0,0,0,0,0,0,0,0,0,0,0,0,0
72324635,980100,2.019E+11,20190308,1455,,,THOMPSON,,RD,,,,,,Y,N,NULL,NULL,NULL,N,NULL,NULL,NULL,NULL,NULL,NULL,0.322,NULL,NULL,NULL,NULL,,NULL,0,0,2,2,N,N,NULL,NULL,98,9801,NULL,,Y,37.50691,37,30.415,NULL,-82.54676,82,32.806,NULL,N,NULL,NULL,NULL,NULL,NULL,NULL,NULL,NULL,2,97,2,6,1,5,6,2,1,3,N,NULL,Y,N,1455,1505,,N,NULL,90,,,Y,,N,N,,NULL,NULL,2019,O,7.23246E+11,098-CS-1215  -000,HIGH,098-CS-1215  -000,0.322,0,0,0,0,0,0,1,0,0,0,0,0,0
72362314,KSP0900,19-16774,20190509,2000,,,US119,,,US0119,US0119,,,,N,N,NULL,NULL,NULL,N,NULL,NULL,NULL,NULL,NULL,NULL,15.786,NULL,NULL,NULL,NULL,,NULL,0,0,1,1,N,N,55,NULL,98,9838,NULL,,Y,37.60975,37,36.585,NULL,-82.32384,82,19.431,NULL,N,NULL,NULL,NULL,NULL,NULL,NULL,NULL,NULL,9,3,4,6,1,5,6,3,7,3,N,NULL,Y,N,2005,2045,2045,N,NULL,38,2,1,N,,N,N,,NULL,NULL,2019,O,7.23623E+11,098-US-0119  -010,MEDIUM,098-US-0119  -000,15.786,0,0,0,0,0,0,0,0,0,0,0,0,0
72307727,KSP0900,19-2702,20190125,1615,,5263,KY194,,,KY0194,KY0194,,,,N,N,NULL,NULL,NULL,N,NULL,NULL,NULL,NULL,NULL,NULL,22.85,NULL,NULL,NULL,NULL,,NULL,0,0,2,2,N,N,55,NULL,98,9817,NULL,,Y,37.53959,37,32.375,NULL,-82.37265,82,22.359,NULL,N,NULL,NULL,NULL,NULL,NULL,NULL,NULL,NULL,8,3,2,3,1,1,2,2,7,3,N,NULL,Y,N,1616,1655,1730,N,NULL,53,6,0,Y,,N,N,,NULL,NULL,2019,O,7.23077E+11,098-KY-0194  -000,MEDIUM,098-KY-0194  -000,22.85,0,1,0,0,0,0,0,1,0,0,0,1,0
72328074,KSP0900,9/19/8204,20190312,1300,,,LEFT FORK JACKSON,,BR,,,0,098 CR-1994,CR1994,N,N,NULL,NULL,NULL,N,NULL,NULL,NULL,NULL,NULL,NULL,0.066,NULL,NULL,NULL,NULL,,NULL,0,0,2,2,N,N,5,NULL,98,9801,5,W,N,37.28743,37,17.246,NULL,-82.43876,82,26.325,NULL,N,NULL,NULL,NULL,NULL,NULL,NULL,NULL,NULL,6,97,1,5,3,11,2,2,3,3,N,NULL,N,Y,1236,1322,,N,NULL,47,,,N,,N,N,098-CR-1994-0,NULL,NULL,2019,O,7.23281E+11,098-CR-1994  -000,HIGH,098-CR-1994  -000,0.066,0,0,0,0,0,0,0,0,0,0,0,0,0
72328697,980100,2.019E+11,20190319,1218,,,US23,,,US0023,US0023,0,098 US-23-10,US0023,Y,N,NULL,NULL,NULL,N,NULL,NULL,NULL,NULL,NULL,NULL,20.568,NULL,NULL,NULL,NULL,,NULL,0,0,2,2,Y,N,15,NULL,98,9801,NULL,,Y,37.44339,37,26.603,NULL,-82.51862,82,31.117,NULL,N,NULL,NULL,NULL,NULL,NULL,NULL,NULL,NULL,2,97,NULL,6,2,1,2,2,1,3,N,NULL,Y,N,1219,1226,,N,NULL,90,,1,N,,N,N,098-US-0023-10,NULL,NULL,2019,O,7.23287E+11,098-US-0023  -010,HIGH,098-US-0023  -000,20.568,0,1,0,0,0,0,1,0,0,0,0,0,0
72325827,KSP0900,19-7772,20190310,1429,,,KY632,,,KY0632,KY0632,0,098 KY-632,KY0632,N,N,NULL,NULL,NULL,N,NULL,NULL,NULL,NULL,NULL,NULL,13.906,NULL,NULL,NULL,NULL,,NULL,0,0,2,2,N,N,35,NULL,98,9804,NULL,,Y,37.51366,37,30.82,NULL,-82.15407,82,9.244,NULL,N,NULL,NULL,NULL,NULL,NULL,NULL,NULL,NULL,2,3,2,6,1,1,2,2,7,3,N,NULL,N,N,1429,1456,1510,N,NULL,56,6,0,N,,N,N,098-KY-0632-0,NULL,NULL,2019,O,7.23258E+11,098-KY-0632  -000,HIGH,098-KY-0632  -000,13.906,0,0,0,0,0,0,1,0,0,0,0,0,0
72326691,980100,2.019E+11,20190314,753,,,OWSLEY,,RD,KY1384,KY1384,,,,N,N,NULL,NULL,NULL,N,NULL,NULL,NULL,NULL,NULL,NULL,6.68,NULL,NULL,NULL,NULL,,NULL,0,0,1,1,N,N,35,NULL,98,9801,NULL,,Y,37.47843,37,28.706,NULL,-82.54486,82,32.691,NULL,N,NULL,NULL,NULL,NULL,NULL,NULL,NULL,NULL,9,3,2,3,1,1,2,1,6,3,N,NULL,Y,N,753,758,,N,NULL,38,17,0,N,,N,N,,NULL,NULL,2019,O,7.23267E+11,098-KY-1384  -000,HIGH,098-KY-1384  -000,6.68,0,0,0,0,0,0,0,0,0,0,0,0,0
72327879,KSP0900,19-8740,20190317,1038,,,FISHTRAP,,RD,KY1441,KY1441,0,098 KY-1441,KY1441,N,N,NULL,NULL,NULL,N,NULL,NULL,NULL,NULL,NULL,NULL,4.707,NULL,NULL,NULL,NULL,,NULL,0,0,2,2,N,N,35,NULL,98,9801,NULL,,Y,37.45432,37,27.259,NULL,-82.42628,82,25.577,NULL,N,NULL,NULL,NULL,NULL,NULL,NULL,NULL,NULL,7,3,1,6,1,1,2,2,7,3,N,NULL,Y,N,1038,1046,1054,N,NULL,54,8,0,N,,N,N,098-KY-1441-0,NULL,NULL,2019,O,7.23279E+11,098-KY-1441  -000,HIGH,098-KY-1441  -000,4.707,0,0,1,1,0,0,0,0,0,0,0,1,0
72324940,KSP0900,19-7526,20190308,235,,2351,DORTON-JENKINS,,HWY,KY0805,KY0805,0,098 KY-805,KY0805,N,N,NULL,NULL,NULL,N,NULL,NULL,NULL,NULL,NULL,NULL,4.581,NULL,NULL,NULL,NULL,,NULL,0,0,1,1,N,N,45,NULL,98,9801,NULL,,Y,37.25255,37,15.153,NULL,-82.56442,82,33.866,NULL,N,NULL,NULL,NULL,NULL,NULL,NULL,NULL,NULL,9,5,2,2,1,4,9,6,7,3,N,NULL,Y,Y,235,254,235,Y,NULL,44,7,0,N,,N,N,098-KY-0805-0,NULL,NULL,2019,O,7.23249E+11,098-KY-0805  -000,HIGH,098-KY-0805  -000,4.581,0,0,1,0,0,0,0,1,0,0,0,1,0
72318120,KSP0900,19-4682,20190212,1145,,,BLACK GEM,,RD,,,0,098 CR-1064,CR1064,Y,N,NULL,NULL,NULL,N,NULL,NULL,NULL,NULL,NULL,NULL,0.003,NULL,NULL,NULL,NULL,,NULL,0,0,1,1,N,N,NULL,NULL,98,9834,NULL,,Y,37.64579,37,38.748,NULL,-82.26718,82,16.031,NULL,N,NULL,NULL,NULL,NULL,NULL,NULL,NULL,NULL,9,97,NULL,6,1,5,6,2,7,3,N,NULL,Y,N,1200,1210,1200,Y,NULL,90,,,N,,N,N,098-CR-1064-0,NULL,NULL,2019,O,7.23181E+11,098-CR-1064  -000,HIGH,098-CR-1064  -000,0.003,0,0,0,0,0,0,1,0,0,0,0,1,0
72312216,KSP0900,19-2991,20190128,1315,,,WILLIAMSON,,RD,KY0292,KY0292,0,098 KY-292,KY0292,N,N,NULL,NULL,NULL,N,NULL,NULL,NULL,NULL,NULL,NULL,6.699,NULL,NULL,NULL,NULL,,NULL,0,0,2,2,N,N,45,NULL,98,9834,NULL,,Y,37.67511,37,40.506,NULL,-82.29969,82,17.981,NULL,N,NULL,NULL,NULL,NULL,NULL,NULL,NULL,NULL,5,3,2,1,1,5,2,2,7,3,N,NULL,Y,N,1317,1357,1357,N,NULL,49,7,0,N,,N,N,098-KY-0292-0,NULL,NULL,2019,O,7.23122E+11,098-KY-0292  -000,HIGH,098-KY-0292  -000,6.699,0,0,0,0,0,0,1,0,0,0,0,0,0
72327954,KSP0900,19-8665,20190316,1722,,1605,VIRGIE,,RD,KY0610,KY0610,0,098 KY-610,KY0610,N,N,NULL,NULL,NULL,N,NULL,NULL,NULL,NULL,NULL,NULL,7.453,NULL,NULL,NULL,NULL,,NULL,0,0,1,1,Y,N,35,NULL,98,9827,10,SE,N,37.33383,37,20.03,NULL,-82.57974,82,34.785,NULL,N,NULL,NULL,NULL,NULL,NULL,NULL,NULL,NULL,9,97,2,6,1,1,2,2,5,3,N,NULL,Y,N,1722,2125,2125,Y,NULL,70,7,0,N,,N,N,098-KY-0610-0,NULL,NULL,2019,NULL,7.2328E+11,098-KY-0610  -000,HIGH,098-KY-0610  -000,7.453,0,0,0,0,0,0,1,0,0,0,0,0,0
72356820,980100,2.019E+11,20190522,1920,,911,BYPASS RD,,RD,,,0,098 CS-1223,CS1223,Y,N,NULL,NULL,NULL,N,NULL,NULL,NULL,NULL,NULL,NULL,NULL,NULL,NULL,NULL,NULL,NULL,NULL,0,0,2,2,N,N,NULL,NULL,98,9801,NULL,,Y,37.47128,37,28.277,NULL,-82.52117,82,31.27,NULL,N,NULL,NULL,NULL,NULL,NULL,NULL,NULL,NULL,1,97,1,6,2,1,2,2,1,3,N,NULL,Y,N,1920,1923,1923,N,NULL,90,,,N,,N,N,098-CS-1223-0,NULL,NULL,2019,O,7.23568E+11,098-CS-1223  -000,HIGH,098-CS-1223  -000,0.135,0,0,0,0,0,0,1,0,0,0,0,0,0