MasterFile,AgencyORINumber,LocalCode,CollisionDate,CollisionTime,CollisionDayWeekCode,RoadwayName_HouseBusinessNumber_,RoadwayName_RoadwayName_,RoadwayName_Direction_,RoadwayName_RoadwaySuffix_,RoadwayfromReport,CurrentRoadwayNumber,RoadwayNumberCoupletID,RSEUniqueGIS,RoadwayIdentifier,ParkingLotIndicator,IntersectionWith_Indicator_,IntersectionWith_NameRoadway_,IntersectionWith_Direction_,IntersectionWith_RoadwaySuffix_,BetweenStreets_Indicator_,BetweenStreets1_NameRoadway_,BetweenStreet1_Direction_,BetweenStreets1_RoadwaySuffix_,BetweenStreets2_NameRoadway_,BetweenStreets2_Direction_,BetweenStreets2_RoadwaySuffix_,Milepoint,ReportMilepointDeriveNumber,CurrentDerivedMiepointNumber,MilestoMilepoint,FeettoMilepoint,DirectionfromMilepoint_NSEW_,ValidMilepointIndicator,NumberInjured,NumberKilled,ofUnits,ofMotorVehicleUnits,Hit&RunIndicator,OneWayIndicator,SpeedLimitNumber,KilometersIndicator,CountyCode,CityCountyCode,MilesFromCity,DirectionFromCity_NSEW_,InCityLimitsIndicator,Latitude,LatitudeDegrees,LatitudeMinutes,LatitudeSeconds,Longitude,LongitudeDegrees,LongitudeMinutes,LongitudeSeconds,RampIndicator,RampFromIdentifier,RampFromDirCode,RampFromCoupletID,RSEUniqueGISRampFrom,RampToidentifier,RampToDirCode,RampToCoupletID,RSEUniqueGisRampTo,MannerofCollisionCode,LocationFirstEventCode,TotalLanes,RoadwayCharacterCode,RoadwaySurfaceCode,RoadwayConditionCode,WeatherCode,LightConditionCode,LandUseCode,SchoolBusRelatedCode,FirstAidSceneIndicator,CollDescPresentInd,InvestigationCompleteIndicator,PhotosTakenIndicator,TimeNotified,TimeArrived,TimeRoadwayOpened,PropertyDamageIndicator,DiagramPresentIndicator,DirectionalAnalysis,FunctionClassCode,NationalHwySysCode,EnforcementsIndicator,KARSCityCode,SecondaryCollisionIndicator,MedianCrossoverIndicator,RT_UNIQUE,MapIt,TimeLastLeft,YR,KABCO,MFNY,WorkingRID,RT_CONFIDENCE,KTC_RT,KTC_MP,Motorcyclist,CommercialVehicle,YoungDriver,MatureDriver,pedestrian,Bicyclist,Distracted,agressive,Impaired,Unrestrained,Intersection,RoadwayDeparture,MedXover
72364145,980000,1906002,20190608,2104,,,PETER FORK,,RD,,,0,098 CR-1527,CR1527,N,N,NULL,NULL,NULL,N,NULL,NULL,NULL,NULL,NULL,NULL,1.739,NULL,NULL,NULL,NULL,,NULL,0,0,2,2,N,N,15,NULL,98,9863,NULL,,Y,37.57122,37,34.273,NULL,-82.16267,82,9.76,NULL,N,NULL,NULL,NULL,NULL,NULL,NULL,NULL,NULL,8,3,1,5,1,1,2,6,7,3,N,NULL,Y,Y,2104,2125,2145,N,NULL,53,,,N,,N,N,098-CR-1527-0,NULL,NULL,2019,O,7.23641E+11,098-CR-1527  -000,HIGH,098-CR-1527  -000,1.739,0,0,0,0,0,0,0,1,0,0,0,1,0
72331090,KSP0900,19-8525,20190315,1554,,1626,GREASY,,CRK,KY3226,KY3226,0,098 KY-3226,KY3226,N,N,NULL,NULL,NULL,N,NULL,NULL,NULL,NULL,NULL,NULL,1.68,NULL,NULL,NULL,NULL,,NULL,0,0,1,1,Y,N,55,NULL,98,9801,NULL,,Y,37.40046,37,24.028,NULL,-82.46856,82,28.113,NULL,N,NULL,NULL,NULL,NULL,NULL,NULL,NULL,NULL,9,97,1,6,1,1,2,2,5,3,N,NULL,Y,N,1755,1814,1755,Y,NULL,40,8,0,N,,N,N,098-KY-3226-0,NULL,NULL,2019,O,7.23311E+11,098-KY-3226  -000,HIGH,098-KY-3226  -000,1.68,0,0,0,0,0,0,0,0,0,0,0,1,0
72317069,980100,2.019E+11,20190216,1120,,,MAYO,N,TRL,US0023,US0023,0,098 US-23,US0023,N,N,NULL,NULL,NULL,N,NULL,NULL,NULL,NULL,NULL,NULL,31.798,NULL,NULL,NULL,NULL,,NULL,3,0,2,2,N,N,55,NULL,98,9801,NULL,,Y,37.5374,37,32.244,NULL,-82.60514,82,36.309,NULL,N,NULL,NULL,NULL,NULL,NULL,NULL,NULL,NULL,1,3,4,6,1,5,3,2,7,3,Y,NULL,Y,Y,1120,1126,1152,N,NULL,55,,1,N,,N,N,098-US-0023-0,NULL,NULL,2019,C,7.23171E+11,098-US-0023  -000,HIGH,098-US-0023  -000,31.798,0,0,0,0,0,0,1,0,0,0,0,0,0
72329858,KSP0900,19-9381,20190322,815,,,KY194,,,KY0194,KY0194,0,098 KY-194,KY0194,N,N,NULL,NULL,NULL,N,NULL,NULL,NULL,NULL,NULL,NULL,47.784,NULL,NULL,NULL,NULL,,NULL,1,0,1,1,N,N,55,NULL,98,9804,NULL,,Y,37.44768,37,26.861,NULL,-82.16859,82,10.116,NULL,N,NULL,NULL,NULL,NULL,NULL,NULL,NULL,NULL,9,3,2,6,1,5,3,2,7,3,Y,NULL,Y,Y,815,835,840,N,NULL,44,8,0,N,,N,N,098-KY-0194-0,NULL,NULL,2019,B,7.23299E+11,098-KY-0194  -000,HIGH,098-KY-0194  -000,47.784,0,0,1,0,0,0,0,1,0,1,0,1,0
72307063,980100,2.019E+11,20190124,1215,,,US460,,,US0460,US0460,,,,N,Y,US23 CONNECTOR TO US460,,,N,NULL,NULL,NULL,NULL,NULL,NULL,0.238,NULL,NULL,NULL,NULL,,NULL,0,0,2,2,N,N,35,NULL,98,9801,NULL,,Y,37.43914,37,26.348,NULL,-82.50961,82,30.577,NULL,N,NULL,NULL,NULL,NULL,NULL,NULL,NULL,NULL,1,3,4,6,1,5,6,2,7,3,N,NULL,Y,N,1215,1223,,N,NULL,10,,1,N,,N,N,,NULL,NULL,2019,O,7.23071E+11,098-US-0460  -000,HIGH,098-US-0460  -000,0.238,0,0,0,0,0,0,1,0,0,0,1,0,0
72364496,980100,2.019E+11,20190607,1911,,171,FIFE FORK,,RD,,,0,098 CS-1077,CS1077,Y,N,NULL,NULL,NULL,N,NULL,NULL,NULL,NULL,NULL,NULL,0.351,NULL,NULL,NULL,NULL,,NULL,0,0,1,1,N,N,NULL,NULL,98,9801,NULL,,Y,37.47523,37,28.514,NULL,-82.48072,82,28.843,NULL,N,NULL,NULL,NULL,NULL,NULL,NULL,NULL,NULL,9,97,NULL,4,1,5,3,2,5,3,N,NULL,Y,N,1912,1924,1924,N,NULL,90,,,N,,N,N,098-CS-1077-0,NULL,NULL,2019,NULL,7.23645E+11,098-CS-1077  -000,HIGH,098-CS-1077  -000,0.351,0,0,0,0,0,0,0,0,0,0,0,1,0
72329604,980100,2.019E+11,20190321,1642,,,US23,N,,,,,,,N,N,NULL,NULL,NULL,N,NULL,NULL,NULL,NULL,NULL,NULL,NULL,NULL,NULL,NULL,NULL,NULL,NULL,0,0,2,2,N,N,55,NULL,98,9801,NULL,,Y,37.51085,37,30.651,NULL,-82.54829,82,32.898,NULL,N,NULL,NULL,NULL,NULL,NULL,NULL,NULL,NULL,5,3,6,3,1,5,6,2,1,3,N,NULL,Y,N,1642,1648,1650,N,NULL,49,,,Y,,N,N,,NULL,NULL,2019,O,7.23296E+11,098-US-0023  -000,MEDIUM,098-US-0023  -000,27.353,0,0,1,0,0,0,0,0,0,0,0,0,0
72329857,KSP0900,19-9006,20190319,1450,,,TOLER,,RD,KY0319,KY0319,0,098 KY-319,KY0319,N,N,NULL,NULL,NULL,N,NULL,NULL,NULL,NULL,NULL,NULL,4.616,NULL,NULL,NULL,NULL,,NULL,0,0,2,2,N,N,35,NULL,98,9842,NULL,,Y,37.61539,37,36.923,NULL,-82.24088,82,14.453,NULL,N,NULL,NULL,NULL,NULL,NULL,NULL,NULL,NULL,5,3,2,3,1,1,2,2,7,3,N,NULL,Y,N,1450,1510,1510,N,NULL,70,7,0,Y,,N,N,098-KY-0319-0,NULL,NULL,2019,O,7.23299E+11,098-KY-0319  -000,HIGH,098-KY-0319  -000,4.616,0,0,0,0,0,0,1,1,0,0,0,0,0
72358142,980100,2.019E+11,20190524,400,,,SUMMIT,,DR,,,0,098 CS-1064,CS1064,N,N,NULL,NULL,NULL,N,NULL,NULL,NULL,NULL,NULL,NULL,0.587,NULL,NULL,NULL,NULL,,NULL,0,0,1,1,N,N,25,NULL,98,9801,NULL,,Y,37.47585,37,28.551,NULL,-82.51212,82,30.728,NULL,N,NULL,NULL,NULL,NULL,NULL,NULL,NULL,NULL,9,4,2,1,1,1,2,5,6,3,N,NULL,Y,N,400,402,533,N,NULL,51,,,N,,N,N,098-CS-1064-0,NULL,NULL,2019,O,7.23581E+11,098-CS-1064  -000,HIGH,098-CS-1064  -000,0.587,0,0,1,0,0,0,0,1,0,0,0,1,0
72358578,KSP0900,19-14994,20190428,1318,,,PORTER,,LN,,,0,098 CR-1401,CR1401,N,N,NULL,NULL,NULL,N,NULL,NULL,NULL,NULL,NULL,NULL,0.063,NULL,NULL,NULL,NULL,,NULL,0,1,1,1,N,N,35,NULL,98,9801,NULL,,Y,37.53405,37,32.043,NULL,-82.6128,82,36.768,NULL,N,NULL,NULL,NULL,NULL,NULL,NULL,NULL,NULL,9,4,2,6,1,1,2,2,7,3,Y,NULL,N,Y,1352,1438,1549,N,NULL,44,,,N,,N,N,098-CR-1401-0,NULL,NULL,2019,K,7.23586E+11,098-CR-1401  -000,HIGH,098-CR-1401  -000,0.063,0,0,0,0,0,0,0,0,0,0,0,1,0
72323797,KSP0900,19-6704,20190228,1453,,,KY292,,,KY0292,KY0292,0,098 KY-292,KY0292,N,N,NULL,NULL,NULL,N,NULL,NULL,NULL,NULL,NULL,NULL,1.009,NULL,NULL,NULL,NULL,,NULL,0,0,2,2,N,N,45,NULL,98,9834,NULL,,Y,37.6399,37,38.394,NULL,-82.21803,82,13.082,NULL,N,NULL,NULL,NULL,NULL,NULL,NULL,NULL,NULL,7,3,2,1,1,1,2,2,7,3,N,NULL,Y,N,1455,1541,1541,N,NULL,54,8,0,N,,N,N,098-KY-0292-0,NULL,NULL,2019,O,7.23238E+11,098-KY-0292  -000,HIGH,098-KY-0292  -000,1.009,0,1,0,0,0,0,0,0,0,0,0,1,0
72316414,980100,2.019E+11,20190215,1217,,,CASSIDY,,BLVD,,,0,098 CS-1191,CS1191,N,N,NULL,NULL,NULL,N,NULL,NULL,NULL,NULL,NULL,NULL,0.164,NULL,NULL,NULL,NULL,,NULL,0,0,2,2,N,N,25,NULL,98,9801,NULL,,Y,37.50371,37,30.222,NULL,-82.53471,82,32.083,NULL,N,NULL,NULL,NULL,NULL,NULL,NULL,NULL,NULL,1,3,2,3,1,1,2,2,1,3,N,NULL,Y,N,1217,1218,1243,N,NULL,55,,,N,,N,N,098-CS-1191-0,NULL,NULL,2019,O,7.23164E+11,098-CS-1191  -000,HIGH,098-CS-1191  -000,0.164,0,0,0,1,0,0,0,1,0,0,0,0,0
72318006,KSP0900,19-5544,20190220,102,,,WILLIAMSON,,RD,KY0292,KY0292,0,098 KY-292,KY0292,N,N,NULL,NULL,NULL,N,NULL,NULL,NULL,NULL,NULL,NULL,7.995,NULL,NULL,NULL,NULL,,NULL,0,0,1,1,N,N,45,NULL,98,9834,NULL,,Y,37.68761,37,41.257,NULL,-82.29973,82,17.984,NULL,N,NULL,NULL,NULL,NULL,NULL,NULL,NULL,NULL,9,3,2,6,1,5,6,6,7,3,N,NULL,Y,N,105,108,108,N,NULL,44,7,0,N,,N,N,098-KY-0292-0,NULL,NULL,2019,O,7.2318E+11,098-KY-0292  -000,HIGH,098-KY-0292  -000,7.995,0,0,0,0,0,0,0,0,0,0,0,1,0
72320449,980100,2.019E+11,20190221,702,,,US23,,,US0023,US0023,,,,N,N,NULL,NULL,NULL,N,NULL,NULL,NULL,NULL,NULL,NULL,23.063,NULL,NULL,NULL,NULL,,NULL,0,0,2,2,N,N,55,NULL,98,9801,NULL,,Y,37.46594,37,27.956,NULL,-82.52808,82,31.685,NULL,N,NULL,NULL,NULL,NULL,NULL,NULL,NULL,NULL,1,3,4,6,1,5,3,2,7,3,N,NULL,Y,N,702,709,709,N,NULL,55,,1,N,,N,N,,NULL,NULL,2019,O,7.23204E+11,098-US-0023  -000,MEDIUM,098-US-0023  -000,23.063,0,0,0,1,0,0,1,0,0,0,0,0,0
72363695,980100,2.019E+11,20190528,1818,,748,HAMBLEY,,BLVD,,,0,098 CS-1222,CS1222,Y,N,NULL,NULL,NULL,N,NULL,NULL,NULL,NULL,NULL,NULL,0.654,NULL,NULL,NULL,NULL,,NULL,0,0,2,2,Y,N,15,NULL,98,9801,NULL,,Y,37.48041,37,28.824,NULL,-82.5191,82,31.146,NULL,N,NULL,NULL,NULL,NULL,NULL,NULL,NULL,NULL,2,3,NULL,6,1,1,2,2,6,3,N,NULL,Y,N,1824,1824,,N,NULL,90,,,N,,N,N,098-CS-1222-0,NULL,NULL,2019,NULL,7.23637E+11,098-CS-1222  -000,HIGH,098-CS-1222  -000,0.654,0,0,0,0,0,0,0,0,0,0,0,0,0
72327876,KSP0900,19-7505,20190307,2051,,,COLLINS,,HWY,KY0122,KY0122,0,098 KY-122,KY0122,N,N,NULL,NULL,NULL,N,NULL,NULL,NULL,NULL,NULL,NULL,15.147,NULL,NULL,NULL,NULL,,NULL,1,0,2,2,N,N,55,NULL,98,9801,NULL,,Y,37.4165,37,24.99,NULL,-82.49477,82,29.686,NULL,N,NULL,NULL,NULL,NULL,NULL,NULL,NULL,NULL,7,3,2,3,1,1,2,6,7,3,N,NULL,Y,Y,2055,2107,,N,NULL,54,,0,N,,N,Y,098-KY-0122-0,NULL,NULL,2019,C,7.23279E+11,098-KY-0122  -000,HIGH,098-KY-0122  -000,15.147,0,0,0,0,0,0,0,0,1,0,0,1,1
72307776,KSP0900,19-2286,20190122,1854,,,ELKHORN,,CRK,KY0197,KY0197,0,098 KY-197,KY0197,N,N,NULL,NULL,NULL,N,NULL,NULL,NULL,NULL,NULL,NULL,12.845,NULL,NULL,NULL,NULL,,NULL,1,0,1,1,N,N,55,NULL,98,9802,25,SE,N,37.27868,37,16.721,NULL,-82.39401,82,23.641,NULL,N,NULL,NULL,NULL,NULL,NULL,NULL,NULL,NULL,9,3,2,3,1,2,3,6,7,3,Y,NULL,Y,Y,34,57,57,N,NULL,44,7,0,N,,N,N,098-KY-0197-0,NULL,NULL,2019,C,7.23078E+11,098-KY-0197  -000,HIGH,098-KY-0197  -000,12.845,0,0,0,1,0,0,0,1,0,0,0,1,0
72325662,980100,2.019E+11,20190311,1251,,105,NORTHGATE,,DR,,,0,098 CS-1021,CS1021,Y,N,NULL,NULL,NULL,N,NULL,NULL,NULL,NULL,NULL,NULL,0.144,NULL,NULL,NULL,NULL,,NULL,0,0,2,2,N,N,NULL,NULL,98,9801,NULL,,Y,37.48805,37,29.283,NULL,-82.51024,82,30.614,NULL,N,NULL,NULL,NULL,NULL,NULL,NULL,NULL,NULL,8,97,NULL,6,1,1,3,2,5,3,N,NULL,Y,N,1252,1257,1257,N,NULL,90,,,N,,N,N,098-CS-1021-0,NULL,NULL,2019,O,7.23257E+11,098-CS-1021  -000,HIGH,098-CS-1021  -000,0.144,0,0,0,0,0,0,1,0,0,0,0,0,0
72319448,980100,2.019E+11,20190223,819,,,BYPASS,S,RD,KY1426,KY1426,,,,Y,N,NULL,NULL,NULL,N,NULL,NULL,NULL,NULL,NULL,NULL,5.692,NULL,NULL,NULL,NULL,,NULL,0,0,1,1,N,N,NULL,NULL,98,9801,NULL,,Y,37.47278,37,28.367,NULL,-82.52283,82,31.37,NULL,N,NULL,NULL,NULL,NULL,NULL,NULL,NULL,NULL,9,97,2,6,1,5,6,2,1,3,N,NULL,Y,N,819,837,837,Y,NULL,90,,0,N,,N,N,,NULL,NULL,2019,O,7.23194E+11,098-KY-1426  -000,HIGH,098-KY-1426  -000,5.692,0,0,0,0,0,0,0,0,0,0,0,1,0
72330369,KSP0900,19-8526,20190315,1558,,,KY195,,,KY0195,KY0195,0,098 KY-195,KY0195,N,N,NULL,NULL,NULL,N,NULL,NULL,NULL,NULL,NULL,NULL,7.166,NULL,NULL,NULL,NULL,,NULL,0,0,1,1,N,N,55,NULL,98,9802,NULL,,Y,37.32858,37,19.715,NULL,-82.44845,82,26.907,NULL,N,NULL,NULL,NULL,NULL,NULL,NULL,NULL,NULL,9,3,2,6,1,1,2,2,7,3,N,NULL,Y,Y,1558,1605,,N,NULL,44,7,0,N,,N,N,098-KY-0195-0,NULL,NULL,2019,O,7.23304E+11,098-KY-0195  -000,HIGH,098-KY-0195  -000,7.166,0,0,0,0,0,0,0,0,0,0,0,1,0
72320907,980100,2.019E+11,20190213,1320,,,CASSIDY,,BLVD,,,,,,Y,N,NULL,NULL,NULL,N,NULL,NULL,NULL,NULL,NULL,NULL,0.05,NULL,NULL,NULL,NULL,,NULL,0,0,2,2,N,N,15,NULL,98,9801,NULL,,Y,37.50369,37,30.222,NULL,-82.53297,82,31.979,NULL,N,NULL,NULL,NULL,NULL,NULL,NULL,NULL,NULL,2,97,NULL,6,1,1,2,2,1,3,N,NULL,Y,N,1320,1327,,N,NULL,90,,,N,,N,N,,NULL,NULL,2019,O,7.23209E+11,098-CS-1191  -000,HIGH,098-CS-1191  -000,0.05,0,0,1,0,0,0,1,0,0,0,0,0,0
72327878,KSP0900,19-8535,20190315,1647,,,FERRELLS CREEK,,RD,US0460,US0460,0,098 US-460,US0460,N,N,NULL,NULL,NULL,N,NULL,NULL,NULL,NULL,NULL,NULL,14.641,NULL,NULL,NULL,NULL,,NULL,0,0,1,1,N,N,55,NULL,98,9802,NULL,,Y,37.34451,37,20.67,NULL,-82.37073,82,22.243,NULL,N,NULL,NULL,NULL,NULL,NULL,NULL,NULL,NULL,9,3,2,3,1,1,2,2,7,3,N,NULL,Y,Y,1732,1732,,N,NULL,70,,1,N,,N,Y,098-US-0460-0,NULL,NULL,2019,O,7.23279E+11,098-US-0460  -000,HIGH,098-US-0460  -000,14.641,0,1,0,0,0,0,0,0,0,0,0,1,0
72320592,KSP0900,19-5276,20190217,1714,,,US119,,,US0119,US0119,,,,N,N,NULL,NULL,NULL,N,NULL,NULL,NULL,NULL,NULL,NULL,24.08,NULL,NULL,NULL,NULL,,NULL,0,0,2,2,N,N,45,NULL,98,9834,NULL,,Y,37.65671,37,39.403,NULL,-82.27081,82,16.248,NULL,N,NULL,NULL,NULL,NULL,NULL,NULL,NULL,NULL,5,3,3,6,1,5,6,3,7,3,N,NULL,N,N,1714,1727,1727,N,NULL,70,2,1,N,,N,N,,NULL,NULL,2019,O,7.23206E+11,098-US-0119  -000,MEDIUM,098-US-0119  -000,24.08,0,0,1,0,0,0,1,0,0,1,0,0,0
72324962,KSP0900,2019-7659,20190309,1313,,,US119,,,US0119,US0119,0,098 US-119,US0119,N,N,NULL,NULL,NULL,N,NULL,NULL,NULL,NULL,NULL,NULL,24.059,NULL,NULL,NULL,NULL,,NULL,0,0,2,2,N,N,45,NULL,98,9834,NULL,,Y,37.65656,37,39.394,NULL,-82.27054,82,16.232,NULL,N,NULL,NULL,NULL,NULL,NULL,NULL,NULL,NULL,7,3,4,6,1,1,2,2,1,3,N,NULL,N,Y,1313,1341,1341,N,NULL,54,2,1,Y,,N,N,098-US-0119-0,NULL,NULL,2019,O,7.2325E+11,098-US-0119  -000,HIGH,098-US-0119  -000,24.059,0,0,0,0,0,0,0,0,0,0,0,1,0
72331274,980100,2.019E+11,20190319,1949,,,HAMBLEY,,BLVD,,,,,,Y,N,NULL,NULL,NULL,N,NULL,NULL,NULL,NULL,NULL,NULL,0.504,NULL,NULL,NULL,NULL,,NULL,0,0,1,1,N,N,15,NULL,98,9801,NULL,,Y,37.47847,37,28.708,NULL,-82.52035,82,31.221,NULL,N,NULL,NULL,NULL,NULL,NULL,NULL,NULL,NULL,9,97,NULL,6,2,1,2,5,1,3,N,NULL,Y,N,1949,1959,,N,NULL,90,,,N,,N,N,,NULL,NULL,2019,O,7.23313E+11,098-CS-1222  -000,HIGH,098-CS-1222  -000,0.504,0,0,0,0,0,0,0,0,0,0,0,1,0
72348651,980100,2.019E+11,20190504,1446,,,WALMART PARKING LOT,,,,,,,,Y,N,NULL,NULL,NULL,N,NULL,NULL,NULL,NULL,NULL,NULL,NULL,NULL,NULL,NULL,NULL,NULL,NULL,0,0,2,2,N,Y,15,NULL,98,9801,NULL,,Y,37.50593,37,30.356,NULL,-82.53976,82,32.386,NULL,N,NULL,NULL,NULL,NULL,NULL,NULL,NULL,NULL,2,97,NULL,4,1,1,2,2,1,3,N,NULL,N,N,1447,1458,1459,N,NULL,90,,,N,,N,N,,NULL,NULL,2019,O,7.23487E+11,098-CS-1215  -000,MEDIUM,098-CS-1215  -000,0.699,0,0,0,0,0,0,1,0,0,0,0,0,0
72306624,980500,2019AR009,20190118,1725,,,RATLIFF BRANCH,,RD,,,0,098 CS-3014,CS3014,N,N,NULL,NULL,NULL,N,NULL,NULL,NULL,NULL,NULL,NULL,0.453,NULL,NULL,NULL,NULL,,NULL,0,0,2,2,N,N,15,NULL,98,9807,NULL,,Y,37.52044,37,31.227,NULL,-82.55505,82,33.303,NULL,N,NULL,NULL,NULL,NULL,NULL,NULL,NULL,NULL,3,3,1,4,1,5,3,3,6,3,N,NULL,Y,Y,1726,1730,1741,N,NULL,52,,,N,,N,N,098-CS-3014-0,NULL,NULL,2019,O,7.23066E+11,098-CS-3014  -000,HIGH,098-CS-3014  -000,0.453,0,0,1,0,0,0,1,0,0,0,0,1,0
72361079,980100,2.019E+11,20190520,1403,,,CASSIDY,,BLVD,,,,,,N,N,NULL,NULL,NULL,N,NULL,NULL,NULL,NULL,NULL,NULL,0.05,NULL,NULL,NULL,NULL,,NULL,0,0,2,2,N,N,55,NULL,98,9801,NULL,,Y,37.50368,37,30.221,NULL,-82.53297,82,31.978,NULL,N,NULL,NULL,NULL,NULL,NULL,NULL,NULL,NULL,2,3,1,6,1,1,2,2,7,3,N,NULL,Y,N,1403,1411,1411,N,NULL,56,,,N,,N,N,,NULL,NULL,2019,O,7.23611E+11,098-CS-1191  -000,HIGH,098-CS-1191  -000,0.05,0,0,0,1,0,0,1,0,0,0,0,0,0
72325969,KSP0900,19-7062,20190304,720,,,KY199,,,KY0199,KY0199,0,098 KY-199,KY0199,N,N,NULL,NULL,NULL,N,NULL,NULL,NULL,NULL,NULL,NULL,6.794,NULL,NULL,NULL,NULL,,NULL,0,0,3,3,N,N,55,NULL,98,9824,NULL,,Y,37.54429,37,32.658,NULL,-82.26009,82,15.605,NULL,N,NULL,NULL,NULL,NULL,NULL,NULL,NULL,NULL,1,3,2,6,1,2,3,2,7,3,N,NULL,Y,N,727,835,900,N,NULL,55,9,0,N,,N,N,098-KY-0199-0,NULL,NULL,2019,O,7.2326E+11,098-KY-0199  -000,HIGH,098-KY-0199  -000,6.794,0,0,0,0,0,0,0,0,0,0,0,0,0
72331046,KSP0900,19-9292,20190321,1300,,,KY194,,,KY0194,KY0194,0,098 KY-194,KY0194,N,N,NULL,NULL,NULL,N,NULL,NULL,NULL,NULL,NULL,NULL,71.249,NULL,NULL,NULL,NULL,,NULL,0,0,2,2,N,N,35,NULL,98,9830,NULL,,Y,37.48414,37,29.048,NULL,-82.0519,82,3.114,NULL,N,NULL,NULL,NULL,NULL,NULL,NULL,NULL,NULL,1,3,2,1,1,5,6,2,7,3,Y,NULL,Y,N,1302,1311,1345,N,NULL,55,7,0,N,,N,N,098-KY-0194-0,NULL,NULL,2019,O,7.2331E+11,098-KY-0194  -000,HIGH,098-KY-0194  -000,71.249,0,0,0,1,0,0,0,0,0,0,0,0,0
72323895,980100,2.019E+11,20190306,1737,,,US23 TURN LANE,,,US0023,US0023,,,,N,N,NULL,NULL,NULL,N,NULL,NULL,NULL,NULL,NULL,NULL,0.014,NULL,NULL,NULL,NULL,,NULL,0,0,2,2,N,N,55,NULL,98,9801,NULL,,Y,37.50365,37,30.219,NULL,-82.53217,82,31.931,NULL,N,NULL,NULL,NULL,NULL,NULL,NULL,NULL,NULL,5,3,2,6,1,1,2,2,1,3,N,NULL,Y,N,1738,1751,,N,NULL,70,,1,N,,N,N,,NULL,NULL,2019,O,7.23239E+11,098-US-0023  -020,MEDIUM,098-US-0023  -020,0.014,0,0,0,1,0,0,1,0,0,0,0,0,0
72359574,980100,2.019E+11,20190526,1520,,,CASSIDY,,BLVD,,,0,098 CS-1191,CS1191,Y,N,NULL,NULL,NULL,N,NULL,NULL,NULL,NULL,NULL,NULL,0.177,NULL,NULL,NULL,NULL,,NULL,0,0,2,2,N,N,15,NULL,98,9801,NULL,,Y,37.50381,37,30.228,NULL,-82.5349,82,32.094,NULL,N,NULL,NULL,NULL,NULL,NULL,NULL,NULL,NULL,2,97,1,4,1,1,2,2,1,3,N,NULL,N,N,1522,1531,1531,N,NULL,90,,,N,,N,N,098-CS-1191-0,NULL,NULL,2019,O,7.23596E+11,098-CS-1191  -000,HIGH,098-CS-1191  -000,0.177,0,0,0,1,0,0,1,0,0,0,0,0,0
72360996,KSP0900,19-19412,20190527,1740,,,US460,,,US0460,US0460,0,098 US-460,US0460,N,N,NULL,NULL,NULL,N,NULL,NULL,NULL,NULL,NULL,NULL,2.594,NULL,NULL,NULL,NULL,,NULL,0,0,2,2,N,N,55,NULL,98,9801,2,E,N,37.43192,37,25.915,NULL,-82.48229,82,28.938,NULL,N,NULL,NULL,NULL,NULL,NULL,NULL,NULL,NULL,8,3,2,6,1,1,2,2,7,3,N,NULL,Y,N,1741,1746,1741,N,NULL,53,,1,N,,N,N,098-US-0460-0,NULL,NULL,2019,O,7.2361E+11,098-US-0460  -000,HIGH,098-US-0460  -000,2.594,0,0,1,0,0,0,0,1,0,0,0,1,0
72321546,KSP0900,19-6357,20190226,32,,,BIG CREEK,,RD,KY0468,KY0468,0,098 KY-468,KY0468,N,N,NULL,NULL,NULL,N,NULL,NULL,NULL,NULL,NULL,NULL,11.404,NULL,NULL,NULL,NULL,,NULL,0,0,2,2,Y,N,55,NULL,98,9843,NULL,,Y,37.72462,37,43.477,NULL,-82.35105,82,21.063,NULL,N,NULL,NULL,NULL,NULL,NULL,NULL,NULL,NULL,5,3,2,2,1,1,2,6,7,3,N,NULL,N,Y,37,123,123,N,NULL,49,8,0,N,,N,N,098-KY-0468-0,NULL,NULL,2019,O,7.23215E+11,098-KY-0468  -000,HIGH,098-KY-0468  -000,11.404,0,0,0,0,0,0,0,0,0,0,0,0,0
72330616,980100,2.019E+11,20190321,1608,,,US23,,,US0023,US0023,0,098 US-23,US0023,N,N,NULL,NULL,NULL,N,NULL,NULL,NULL,NULL,NULL,NULL,26.254,NULL,NULL,NULL,NULL,,NULL,0,0,2,2,N,N,55,NULL,98,9801,NULL,,Y,37.50324,37,30.195,NULL,-82.53209,82,31.926,NULL,N,NULL,NULL,NULL,NULL,NULL,NULL,NULL,NULL,5,3,4,6,1,5,6,2,7,3,N,NULL,Y,N,1608,1609,,N,NULL,70,,1,N,,N,N,098-US-0023-0,NULL,NULL,2019,O,7.23306E+11,098-US-0023  -000,HIGH,098-US-0023  -000,26.254,0,0,0,0,0,0,0,1,0,0,0,0,0
72329655,KSP0900,19-9321,20190321,1601,,,ABNER MOUNTAIN,,RD,KY0122,KY0122,0,098 KY-122,KY0122,N,N,NULL,NULL,NULL,N,NULL,NULL,NULL,NULL,NULL,NULL,1.013,NULL,NULL,NULL,NULL,,NULL,1,0,1,1,N,N,55,NULL,98,9827,NULL,,Y,37.34294,37,20.576,NULL,-82.64644,82,38.786,NULL,N,NULL,NULL,NULL,NULL,NULL,NULL,NULL,NULL,9,3,2,1,1,5,6,2,7,3,N,NULL,Y,Y,1601,1646,,N,NULL,70,,0,N,,N,Y,098-KY-0122-0,NULL,NULL,2019,C,7.23297E+11,098-KY-0122  -000,HIGH,098-KY-0122  -000,1.013,0,0,1,0,0,0,0,0,0,0,0,1,0