MasterFile,AgencyORINumber,LocalCode,CollisionDate,CollisionTime,CollisionDayWeekCode,RoadwayName_HouseBusinessNumber_,RoadwayName_RoadwayName_,RoadwayName_Direction_,RoadwayName_RoadwaySuffix_,RoadwayfromReport,CurrentRoadwayNumber,RoadwayNumberCoupletID,RSEUniqueGIS,RoadwayIdentifier,ParkingLotIndicator,IntersectionWith_Indicator_,IntersectionWith_NameRoadway_,IntersectionWith_Direction_,IntersectionWith_RoadwaySuffix_,BetweenStreets_Indicator_,BetweenStreets1_NameRoadway_,BetweenStreet1_Direction_,BetweenStreets1_RoadwaySuffix_,BetweenStreets2_NameRoadway_,BetweenStreets2_Direction_,BetweenStreets2_RoadwaySuffix_,Milepoint,ReportMilepointDeriveNumber,CurrentDerivedMiepointNumber,MilestoMilepoint,FeettoMilepoint,DirectionfromMilepoint_NSEW_,ValidMilepointIndicator,NumberInjured,NumberKilled,ofUnits,ofMotorVehicleUnits,Hit&RunIndicator,OneWayIndicator,SpeedLimitNumber,KilometersIndicator,CountyCode,CityCountyCode,MilesFromCity,DirectionFromCity_NSEW_,InCityLimitsIndicator,Latitude,LatitudeDegrees,LatitudeMinutes,LatitudeSeconds,Longitude,LongitudeDegrees,LongitudeMinutes,LongitudeSeconds,RampIndicator,RampFromIdentifier,RampFromDirCode,RampFromCoupletID,RSEUniqueGISRampFrom,RampToidentifier,RampToDirCode,RampToCoupletID,RSEUniqueGisRampTo,MannerofCollisionCode,LocationFirstEventCode,TotalLanes,RoadwayCharacterCode,RoadwaySurfaceCode,RoadwayConditionCode,WeatherCode,LightConditionCode,LandUseCode,SchoolBusRelatedCode,FirstAidSceneIndicator,CollDescPresentInd,InvestigationCompleteIndicator,PhotosTakenIndicator,TimeNotified,TimeArrived,TimeRoadwayOpened,PropertyDamageIndicator,DiagramPresentIndicator,DirectionalAnalysis,FunctionClassCode,NationalHwySysCode,EnforcementsIndicator,KARSCityCode,SecondaryCollisionIndicator,MedianCrossoverIndicator,RT_UNIQUE,MapIt,TimeLastLeft,YR,KABCO,MFNY,WorkingRID,RT_CONFIDENCE,KTC_RT,KTC_MP,Motorcyclist,CommercialVehicle,YoungDriver,MatureDriver,pedestrian,Bicyclist,Distracted,agressive,Impaired,Unrestrained,Intersection,RoadwayDeparture,MedXover
72315019,980100,2.019E+11,20190211,1343,,,US23,,,US0023,US0023,0,098 US-23,US0023,N,N,NULL,NULL,NULL,N,NULL,NULL,NULL,NULL,NULL,NULL,25.502,NULL,NULL,NULL,NULL,,NULL,0,0,1,1,N,N,55,NULL,98,9801,NULL,,Y,37.49316,37,29.59,NULL,-82.5336,82,32.016,NULL,N,NULL,NULL,NULL,NULL,NULL,NULL,NULL,NULL,9,5,4,6,1,5,3,2,7,3,N,NULL,Y,N,1343,1347,1454,N,NULL,44,,1,Y,,N,N,098-US-0023-0,NULL,NULL,2019,O,7.2315E+11,098-US-0023  -000,HIGH,098-US-0023  -000,25.502,0,0,0,0,0,0,1,0,1,0,0,1,0
72321823,980100,2.019E+11,20190301,1436,,215,CASSIDY,,BLVD,,,0,098 CS-1191,CS1191,Y,N,NULL,NULL,NULL,N,NULL,NULL,NULL,NULL,NULL,NULL,0.242,NULL,NULL,NULL,NULL,,NULL,0,0,2,2,N,N,NULL,NULL,98,9801,NULL,,Y,37.50446,37,30.267,NULL,-82.53584,82,32.15,NULL,N,NULL,NULL,NULL,NULL,NULL,NULL,NULL,NULL,2,97,NULL,6,1,5,3,2,5,3,N,NULL,Y,N,1436,1446,1446,N,NULL,90,,,N,,N,N,098-CS-1191-0,NULL,NULL,2019,O,7.23218E+11,098-CS-1191  -000,HIGH,098-CS-1191  -000,0.242,0,0,0,1,0,0,1,0,0,0,0,0,0
72330342,980100,2.019E+11,20190318,1222,,,MAYO,N,TRL,US0023,US0023,0,098 US-23-10,US0023,N,N,NULL,NULL,NULL,N,NULL,NULL,NULL,NULL,NULL,NULL,29.611,NULL,NULL,NULL,NULL,,NULL,0,0,2,2,N,N,55,NULL,98,9801,NULL,,Y,37.53163,37,31.898,NULL,-82.57718,82,34.631,NULL,N,NULL,NULL,NULL,NULL,NULL,NULL,NULL,NULL,5,3,5,6,1,1,3,2,7,3,N,NULL,Y,N,1223,1230,1315,N,NULL,49,,1,N,,N,N,098-US-0023-10,NULL,NULL,2019,O,7.23303E+11,098-US-0023  -010,HIGH,098-US-0023  -000,29.611,0,0,0,1,0,0,1,0,0,0,0,0,0
72325980,KSP0900,19-4328,20190209,630,,7161,KY1426,,,KY1426,KY1426,,,,N,N,NULL,NULL,NULL,N,NULL,NULL,NULL,NULL,NULL,NULL,14.089,NULL,NULL,NULL,NULL,,NULL,1,0,1,1,N,N,55,NULL,98,9828,NULL,,Y,37.55788,37,33.473,NULL,-82.45772,82,27.463,NULL,N,NULL,NULL,NULL,NULL,NULL,NULL,NULL,NULL,9,4,2,6,1,1,2,1,7,3,Y,NULL,Y,Y,634,730,758,N,NULL,40,7,0,Y,,N,N,,NULL,NULL,2019,A,7.2326E+11,098-KY-1426  -000,MEDIUM,098-KY-1426  -000,14.089,0,0,0,0,0,0,0,0,1,0,0,1,0
72321690,KSP0900,19-6488,20190226,2256,,,KY194,,,KY0194,KY0194,0,098 KY-194,KY0194,N,N,NULL,NULL,NULL,N,NULL,NULL,NULL,NULL,NULL,NULL,4.39,NULL,NULL,NULL,NULL,,NULL,0,0,1,1,N,N,55,NULL,98,9801,5,W,N,37.64293,37,38.576,NULL,-82.56731,82,34.039,NULL,N,NULL,NULL,NULL,NULL,NULL,NULL,NULL,NULL,9,3,2,6,1,1,2,6,7,3,N,NULL,Y,N,2258,2337,2337,N,NULL,40,8,0,N,,N,N,098-KY-0194-0,NULL,NULL,2019,O,7.23217E+11,098-KY-0194  -000,HIGH,098-KY-0194  -000,4.39,0,0,0,0,0,0,1,0,0,0,0,1,0
72325491,KSP0900,19-7589,20190308,1804,,,US23,,,US0023,US0023,0,098 US-23,US0023,N,N,NULL,NULL,NULL,N,NULL,NULL,NULL,NULL,NULL,NULL,16.022,NULL,NULL,NULL,NULL,,NULL,0,0,2,2,N,N,55,NULL,98,9827,3,S,N,37.40994,37,24.596,NULL,-82.53244,82,31.946,NULL,N,NULL,NULL,NULL,NULL,NULL,NULL,NULL,NULL,5,3,4,5,1,5,3,3,7,3,N,NULL,Y,Y,1806,1815,1815,N,NULL,49,,1,N,,N,N,098-US-0023-0,NULL,NULL,2019,O,7.23255E+11,098-US-0023  -000,HIGH,098-US-0023  -000,16.022,0,0,1,0,0,0,1,0,0,0,0,1,0
72323219,980000,1903002,20190304,710,,,KY1469,,,KY1469,KY1469,0,098 KY-1469,KY1469,N,N,NULL,NULL,NULL,N,NULL,NULL,NULL,NULL,NULL,NULL,13.128,NULL,NULL,NULL,NULL,,NULL,0,0,1,1,N,N,55,NULL,98,9881,NULL,,Y,37.3584,37,21.504,NULL,-82.57174,82,34.304,NULL,N,NULL,NULL,NULL,NULL,NULL,NULL,NULL,NULL,9,4,2,6,1,2,9,2,7,3,N,NULL,N,N,715,715,756,N,NULL,51,7,0,N,,N,N,098-KY-1469-0,NULL,NULL,2019,O,7.23232E+11,098-KY-1469  -000,HIGH,098-KY-1469  -000,13.128,0,0,0,0,0,0,0,0,0,0,0,1,0
72319389,980100,2.019E+11,20190219,816,,,KY3218,,,KY3218,KY3218,0,098 KY-3218,KY3218,N,N,NULL,NULL,NULL,N,NULL,NULL,NULL,NULL,NULL,NULL,1.887,NULL,NULL,NULL,NULL,,NULL,0,0,2,2,Y,N,55,NULL,98,9801,NULL,,Y,37.55232,37,33.139,NULL,-82.57624,82,34.575,NULL,N,NULL,NULL,NULL,NULL,NULL,NULL,NULL,NULL,7,3,2,2,1,1,2,2,7,3,N,NULL,Y,N,816,829,829,N,NULL,54,8,0,N,,N,N,098-KY-3218-0,NULL,NULL,2019,O,7.23194E+11,098-KY-3218  -000,HIGH,098-KY-3218  -000,1.887,0,0,1,0,0,0,1,0,0,0,0,1,0
72322788,980100,2.019E+11,20190224,1237,,,2ND,,ST,,,0,098 CS-1117,CS1117,Y,N,NULL,NULL,NULL,N,NULL,NULL,NULL,NULL,NULL,NULL,0.405,NULL,NULL,NULL,NULL,,NULL,0,0,1,1,Y,N,NULL,NULL,98,9801,NULL,,Y,37.47842,37,28.705,NULL,-82.51923,82,31.154,NULL,N,NULL,NULL,NULL,NULL,NULL,NULL,NULL,NULL,9,97,1,6,1,1,2,5,1,1,N,NULL,Y,N,1237,1239,,Y,NULL,90,,,N,,N,N,098-CS-1117-0,NULL,NULL,2019,NULL,7.23228E+11,098-CS-1117  -000,HIGH,098-CS-1117  -000,0.405,0,0,0,0,0,0,0,0,0,0,0,0,0
72326254,980100,2.019E+11,20190310,1654,,,US23,,,US0023,US0023,,,,N,N,NULL,NULL,NULL,N,NULL,NULL,NULL,NULL,NULL,NULL,28.157,NULL,NULL,NULL,NULL,,NULL,0,0,2,2,N,N,45,NULL,98,9807,NULL,,Y,37.51609,37,30.966,NULL,-82.56073,82,33.644,NULL,N,NULL,NULL,NULL,NULL,NULL,NULL,NULL,NULL,5,3,4,6,1,1,2,2,1,3,N,NULL,Y,N,1655,1704,,N,NULL,49,,1,N,,N,N,,NULL,NULL,2019,O,7.23263E+11,098-US-0023  -000,MEDIUM,098-US-0023  -000,28.157,0,0,1,0,0,0,1,0,0,0,0,0,0
72331052,980500,2019AR019,20190325,1106,,4257,US23,,,US0023,US0023,0,098 US-23-10,US0023,Y,N,NULL,NULL,NULL,N,NULL,NULL,NULL,NULL,NULL,NULL,29.053,NULL,NULL,NULL,NULL,,NULL,0,0,2,2,N,N,15,NULL,98,9807,NULL,,Y,37.52414,37,31.448,NULL,-82.57318,82,34.391,NULL,N,NULL,NULL,NULL,NULL,NULL,NULL,NULL,NULL,8,97,2,6,1,5,6,2,1,3,N,NULL,Y,N,1106,1110,1135,N,NULL,90,,1,N,,N,N,098-US-0023-10,NULL,NULL,2019,O,7.23311E+11,098-US-0023  -010,HIGH,098-US-0023  -000,29.053,0,0,0,0,0,0,1,0,0,0,0,0,0
72328103,980100,2.019E+11,20190315,2328,,254,CASSIDY,,BLVD,,,0,098 CS-1191,CS1191,Y,N,NULL,NULL,NULL,N,NULL,NULL,NULL,NULL,NULL,NULL,0.062,NULL,NULL,NULL,NULL,,NULL,0,0,2,2,N,N,NULL,NULL,98,9801,NULL,,Y,37.50367,37,30.22,NULL,-82.53315,82,31.989,NULL,N,NULL,NULL,NULL,NULL,NULL,NULL,NULL,NULL,3,97,1,6,1,1,2,8,1,3,N,NULL,Y,N,2329,2339,2339,N,NULL,90,,,N,,N,N,098-CS-1191-0,NULL,NULL,2019,O,7.23281E+11,098-CS-1191  -000,HIGH,098-CS-1191  -000,0.062,0,0,0,1,0,0,0,0,0,0,0,0,0
72367789,980500,2019AR044,20190614,826,,,US23,,,US0023,US0023,0,098 US-23-10,US0023,N,Y,WEDDINGTON BRANCH,,RD,N,NULL,NULL,NULL,NULL,NULL,NULL,28.88,NULL,NULL,NULL,NULL,,NULL,1,0,2,2,N,N,45,NULL,98,9807,NULL,,Y,37.52236,37,31.342,NULL,-82.57076,82,34.245,NULL,N,NULL,NULL,NULL,NULL,NULL,NULL,NULL,NULL,3,3,6,6,1,1,2,2,1,3,Y,NULL,Y,Y,826,827,935,N,NULL,52,,1,N,,N,N,098-US-0023-10,NULL,NULL,2019,A,7.23678E+11,098-US-0023  -010,HIGH,098-US-0023  -000,28.88,0,0,0,1,0,0,1,0,0,0,1,0,0
72324395,KSP0900,17-5340,20190306,1735,,,VIRGIE,,RD,KY0610,KY0610,0,098 KY-610,KY0610,Y,N,NULL,NULL,NULL,N,NULL,NULL,NULL,NULL,NULL,NULL,1.259,NULL,NULL,NULL,NULL,,NULL,0,0,2,2,N,N,55,NULL,98,9801,3,S,N,37.28631,37,17.179,NULL,-82.59414,82,35.649,NULL,N,NULL,NULL,NULL,NULL,NULL,NULL,NULL,NULL,2,97,2,6,1,1,2,2,1,3,N,NULL,Y,N,1527,1605,1624,N,NULL,90,7,0,N,,N,N,098-KY-0610-0,NULL,NULL,2019,O,7.23244E+11,098-KY-0610  -000,HIGH,098-KY-0610  -000,1.259,0,0,0,0,0,0,1,0,0,0,0,0,0
72361415,980500,2019AR040,20190530,1208,,4652,US23,,,US0023,US0023,0,098 US-23,US0023,Y,N,NULL,NULL,NULL,N,NULL,NULL,NULL,NULL,NULL,NULL,29.483,NULL,NULL,NULL,NULL,,NULL,0,0,2,2,N,N,15,NULL,98,9807,NULL,,Y,37.52972,37,31.783,NULL,-82.57545,82,34.527,NULL,N,NULL,NULL,NULL,NULL,NULL,NULL,NULL,NULL,1,97,0,6,1,1,2,2,1,3,N,NULL,Y,N,1208,1210,1235,N,NULL,90,,1,N,,N,N,098-US-0023-0,NULL,NULL,2019,O,7.23614E+11,098-US-0023  -000,HIGH,098-US-0023  -000,29.483,0,0,0,0,0,0,1,0,0,0,0,0,0
72370505,980100,2.019E+11,20190617,1200,,,PHYLLIS,,LN,,,,,,Y,N,NULL,NULL,NULL,N,NULL,NULL,NULL,NULL,NULL,NULL,0.019,NULL,NULL,NULL,NULL,,NULL,0,0,2,2,N,N,15,NULL,98,9801,NULL,,Y,37.48704,37,29.222,NULL,-82.52475,82,31.485,NULL,N,NULL,NULL,NULL,NULL,NULL,NULL,NULL,NULL,2,97,1,6,1,1,2,2,6,3,N,NULL,Y,N,1200,1202,1202,N,NULL,90,,,N,,N,N,,NULL,NULL,2019,O,7.23705E+11,098-CS-1090  -000,HIGH,098-CS-1090  -000,0.019,0,0,0,0,0,0,1,0,0,0,0,0,0
72365167,KSP0900,19-20387,20190603,1108,,,US23,,,US0023,US0023,0,098 US-23,US0023,Y,N,NULL,NULL,NULL,N,NULL,NULL,NULL,NULL,NULL,NULL,13.738,NULL,NULL,NULL,NULL,,NULL,0,0,2,2,N,N,35,NULL,98,9823,NULL,,Y,37.38256,37,22.954,NULL,-82.54095,82,32.457,NULL,N,NULL,NULL,NULL,NULL,NULL,NULL,NULL,NULL,2,97,1,6,2,1,2,2,1,3,N,NULL,Y,N,1140,1210,,N,NULL,90,,1,N,,N,N,098-US-0023-0,NULL,NULL,2019,O,7.23652E+11,098-US-0023  -000,HIGH,098-US-0023  -000,13.738,0,0,0,0,0,0,1,0,0,0,0,0,0
72329856,KSP0900,19-8518,20190315,1515,,,US119,,,US0119,US0119,0,098 US-119-10,US0119,Y,N,NULL,NULL,NULL,N,NULL,NULL,NULL,NULL,NULL,NULL,20.854,NULL,NULL,NULL,NULL,,NULL,0,0,2,2,N,N,10,NULL,98,9836,NULL,,Y,37.62008,37,37.205,NULL,-82.26872,82,16.123,NULL,N,NULL,NULL,NULL,NULL,NULL,NULL,NULL,NULL,2,97,2,6,1,1,2,2,8,3,N,NULL,Y,N,1515,1535,1535,N,NULL,90,2,1,N,,N,N,098-US-0119-10,NULL,NULL,2019,O,7.23299E+11,098-US-0119  -010,HIGH,098-US-0119  -000,20.854,0,0,0,0,0,0,1,0,0,0,0,0,0
72320591,KSP0900,19-5208,20190216,2031,,,US119,,,US0119,US0119,,,,N,N,NULL,NULL,NULL,N,NULL,NULL,NULL,NULL,NULL,NULL,24.851,NULL,NULL,NULL,NULL,,NULL,2,0,2,2,N,N,55,NULL,98,9834,NULL,,Y,37.66676,37,40.006,NULL,-82.27575,82,16.545,NULL,N,NULL,NULL,NULL,NULL,NULL,NULL,NULL,NULL,5,3,6,6,1,1,3,5,7,3,Y,NULL,N,Y,2031,2036,2135,N,NULL,49,2,1,N,,N,N,,NULL,NULL,2019,A,7.23206E+11,098-US-0119  -000,MEDIUM,098-US-0119  -000,24.851,0,0,1,0,0,0,1,0,0,0,0,0,0
72324939,KSP0900,19-7516,20190307,2248,,,KY611,,,KY0611,KY0611,0,098 KY-611,KY0611,N,N,NULL,NULL,NULL,N,NULL,NULL,NULL,NULL,NULL,NULL,4.005,NULL,NULL,NULL,NULL,,NULL,0,0,1,1,N,N,25,NULL,98,9801,NULL,,Y,37.31761,37,19.057,NULL,-82.51607,82,30.964,NULL,N,NULL,NULL,NULL,NULL,NULL,NULL,NULL,NULL,9,4,1,2,1,5,9,6,7,3,N,NULL,Y,N,2248,2313,2313,N,NULL,51,8,0,Y,,N,N,098-KY-0611-0,NULL,NULL,2019,O,7.23249E+11,098-KY-0611  -000,HIGH,098-KY-0611  -000,4.005,0,0,0,0,0,0,0,0,1,0,0,1,0
72329460,980100,2.019E+11,20190316,1014,,,CASSIDY,,BLVD,,,0,098 CS-1191,CS1191,Y,N,NULL,NULL,NULL,N,NULL,NULL,NULL,NULL,NULL,NULL,0.055,NULL,NULL,NULL,NULL,,NULL,0,0,2,2,N,N,15,NULL,98,9801,NULL,,Y,37.50367,37,30.22,NULL,-82.53304,82,31.982,NULL,N,NULL,NULL,NULL,NULL,NULL,NULL,NULL,NULL,8,97,1,6,1,1,3,2,1,3,N,NULL,N,N,1014,1014,,N,NULL,90,,,N,,N,N,098-CS-1191-0,NULL,NULL,2019,O,7.23295E+11,098-CS-1191  -000,HIGH,098-CS-1191  -000,0.055,0,0,0,1,0,0,1,0,0,0,0,0,0
72331017,KSP0900,19-9146,20190320,1340,,,KY194,,,KY0194,KY0194,0,098 KY-194,KY0194,Y,N,NULL,NULL,NULL,N,NULL,NULL,NULL,NULL,NULL,NULL,25.051,NULL,NULL,NULL,NULL,,NULL,0,0,2,2,N,N,5,NULL,98,9832,NULL,,Y,37.51643,37,30.986,NULL,-82.36125,82,21.675,NULL,N,NULL,NULL,NULL,NULL,NULL,NULL,NULL,NULL,2,97,2,6,2,1,2,2,1,3,N,NULL,N,N,1344,1424,1430,N,NULL,90,6,0,N,,N,N,098-KY-0194-0,NULL,NULL,2019,O,7.2331E+11,098-KY-0194  -000,HIGH,098-KY-0194  -000,25.051,0,0,0,1,0,0,1,0,0,0,0,0,0
72362766,980000,1906001,20190605,1028,,4650,KY195,,,KY0195,KY0195,0,098 KY-195,KY0195,N,N,NULL,NULL,NULL,N,NULL,NULL,NULL,NULL,NULL,NULL,6.932,NULL,NULL,NULL,NULL,,NULL,0,0,1,1,N,N,35,NULL,98,9802,10,W,N,37.32867,37,19.721,NULL,-82.45254,82,27.152,NULL,N,NULL,NULL,NULL,NULL,NULL,NULL,NULL,NULL,9,3,2,3,1,5,6,2,7,3,N,NULL,Y,Y,1028,1102,1245,N,NULL,44,7,0,N,,N,N,098-KY-0195-0,NULL,NULL,2019,O,7.23628E+11,098-KY-0195  -000,HIGH,098-KY-0195  -000,6.932,0,0,0,1,0,0,1,0,0,0,0,1,0
72330368,KSP0900,19-8426,20190314,2021,,,KY194,,,KY0194,KY0194,0,098 KY-194,KY0194,N,N,NULL,NULL,NULL,N,NULL,NULL,NULL,NULL,NULL,NULL,10.569,NULL,NULL,NULL,NULL,,NULL,0,0,2,2,Y,N,55,NULL,98,9801,NULL,,Y,37.60084,37,36.051,NULL,-82.52078,82,31.247,NULL,N,NULL,NULL,NULL,NULL,NULL,NULL,NULL,NULL,1,3,2,6,1,1,2,6,7,3,N,NULL,Y,Y,2021,2040,,N,NULL,55,7,0,N,,N,N,098-KY-0194-0,NULL,NULL,2019,O,7.23304E+11,098-KY-0194  -000,HIGH,098-KY-0194  -000,10.569,0,0,0,0,0,0,0,0,0,0,0,0,0
72325514,KSP0900,19-7345,20190306,1506,,,KY1426,,,KY1426,KY1426,0,098 KY-1426,KY1426,N,N,NULL,NULL,NULL,N,NULL,NULL,NULL,NULL,NULL,NULL,14.674,NULL,NULL,NULL,NULL,,NULL,0,0,2,2,N,N,35,NULL,98,9820,NULL,,Y,37.56356,37,33.814,NULL,-82.46114,82,27.668,NULL,N,NULL,NULL,NULL,NULL,NULL,NULL,NULL,NULL,5,7,1,6,1,1,2,2,7,3,N,NULL,Y,N,1506,1536,1536,N,NULL,49,7,0,N,,N,N,098-KY-1426-0,NULL,NULL,2019,O,7.23255E+11,098-KY-1426  -000,HIGH,098-KY-1426  -000,14.674,0,0,1,0,0,0,0,0,0,0,0,0,0
72325420,KSP0900,19-7553,20190308,1054,,,US119,,,US0119,US0119,0,098 US-119-10,US0119,N,N,NULL,NULL,NULL,N,NULL,NULL,NULL,NULL,NULL,NULL,17.229,NULL,NULL,NULL,NULL,,NULL,1,0,1,1,N,N,55,NULL,98,9838,NULL,,Y,37.601,37,36.06,NULL,-82.3007,82,18.043,NULL,N,NULL,NULL,NULL,NULL,NULL,NULL,NULL,NULL,9,3,2,2,1,5,9,2,7,3,Y,NULL,N,Y,1056,1113,1230,N,NULL,44,2,1,N,,N,N,098-US-0119-10,NULL,NULL,2019,C,7.23254E+11,098-US-0119  -010,HIGH,098-US-0119  -000,17.229,0,0,0,0,0,0,1,1,0,1,0,1,0
72330370,KSP0900,19-9203,20190320,1933,,,KY1469,,,KY1469,KY1469,0,098 KY-1469,KY1469,N,N,NULL,NULL,NULL,N,NULL,NULL,NULL,NULL,NULL,NULL,5.238,NULL,NULL,NULL,NULL,,NULL,0,0,2,2,N,N,55,NULL,98,9827,NULL,,Y,37.29603,37,17.762,NULL,-82.66458,82,39.875,NULL,N,NULL,NULL,NULL,NULL,NULL,NULL,NULL,NULL,1,3,2,3,1,1,2,6,7,3,N,NULL,Y,N,1933,2050,,N,NULL,55,8,0,N,,N,N,098-KY-1469-0,NULL,NULL,2019,O,7.23304E+11,098-KY-1469  -000,HIGH,098-KY-1469  -000,5.238,0,0,0,0,0,0,1,0,0,0,0,0,0
72326575,KSP0900,19-7778,20190310,1506,,,US23,,,US0023,US0023,0,098 US-23-10,US0023,N,N,NULL,NULL,NULL,N,NULL,NULL,NULL,NULL,NULL,NULL,28.517,NULL,NULL,NULL,NULL,,NULL,0,0,2,2,N,N,55,NULL,98,9807,NULL,,Y,37.51896,37,31.137,NULL,-82.56609,82,33.965,NULL,N,NULL,NULL,NULL,NULL,NULL,NULL,NULL,NULL,1,3,4,6,1,1,2,2,7,3,N,NULL,Y,N,1506,1508,1550,N,NULL,55,,1,N,,N,N,098-US-0023-10,NULL,NULL,2019,O,7.23266E+11,098-US-0023  -010,HIGH,098-US-0023  -000,28.517,0,0,0,1,0,0,0,1,0,0,0,0,0
72322664,KSP0900,19-6264,20190225,550,,,KY194,,,KY0194,KY0194,0,098 KY-194,KY0194,N,N,NULL,NULL,NULL,N,NULL,NULL,NULL,NULL,NULL,NULL,57.479,NULL,NULL,NULL,NULL,,NULL,0,0,2,2,N,N,35,NULL,98,9804,NULL,,Y,37.53749,37,32.249,NULL,-82.16283,82,9.77,NULL,N,NULL,NULL,NULL,NULL,NULL,NULL,NULL,NULL,7,3,2,6,1,1,2,6,7,3,N,NULL,Y,N,550,625,625,N,NULL,54,7,0,N,,N,N,098-KY-0194-0,NULL,NULL,2019,O,7.23227E+11,098-KY-0194  -000,HIGH,098-KY-0194  -000,57.479,0,0,0,1,0,0,0,0,0,0,0,1,0
72329900,980100,2.019E+11,20190315,1615,,,CHLOE,,RD,KY1460,KY1460,0,098 KY-1460,KY1460,N,N,NULL,NULL,NULL,N,NULL,NULL,NULL,NULL,NULL,NULL,4.111,NULL,NULL,NULL,NULL,,NULL,0,0,1,1,N,N,35,NULL,98,9801,NULL,,Y,37.47625,37,28.575,NULL,-82.49866,82,29.92,NULL,N,NULL,NULL,NULL,NULL,NULL,NULL,NULL,NULL,9,3,2,3,1,1,2,2,6,3,N,NULL,Y,N,1615,1622,1635,N,NULL,70,,0,N,,N,N,098-KY-1460-0,NULL,NULL,2019,O,7.23299E+11,098-KY-1460  -000,HIGH,098-KY-1460  -000,4.111,0,0,1,0,0,0,0,0,0,0,0,1,0
72307794,980100,2.019E+11,20190119,2214,,116,PHYLLIS,,LN,,,,,,N,N,NULL,NULL,NULL,N,NULL,NULL,NULL,NULL,NULL,NULL,0.078,NULL,NULL,NULL,NULL,,NULL,0,0,2,2,Y,N,15,NULL,98,9801,NULL,,Y,37.48681,37,29.208,NULL,-82.52573,82,31.544,NULL,N,NULL,NULL,NULL,NULL,NULL,NULL,NULL,NULL,2,3,NULL,2,1,1,2,4,6,3,N,NULL,N,N,2214,2221,2221,N,NULL,47,,,N,,N,N,,NULL,NULL,2019,NULL,7.23078E+11,098-CS-1090  -000,HIGH,098-CS-1090  -000,0.078,0,0,0,0,0,0,1,0,0,0,0,0,0
72364795,KSP0900,19-19461,20190529,1229,,,US119,,,US0119,US0119,0,098 US-119-10,US0119,N,N,NULL,NULL,NULL,N,NULL,NULL,NULL,NULL,NULL,NULL,23.004,NULL,NULL,NULL,NULL,,NULL,0,0,2,2,N,N,55,NULL,98,9836,NULL,,Y,37.64341,37,38.605,NULL,-82.26367,82,15.82,NULL,N,NULL,NULL,NULL,NULL,NULL,NULL,NULL,NULL,1,3,2,3,1,1,2,2,3,3,N,NULL,Y,N,1229,1237,1229,N,NULL,55,2,1,N,,N,N,098-US-0119-10,NULL,NULL,2019,O,7.23648E+11,098-US-0119  -010,HIGH,098-US-0119  -000,23.004,0,0,0,1,0,0,1,1,0,0,0,0,0
72322164,980100,2.019E+11,20190226,624,,,CHLOE,,RD,KY1460,KY1460,0,098 KY-1460,KY1460,N,N,NULL,NULL,NULL,N,NULL,NULL,NULL,NULL,NULL,NULL,3.862,NULL,NULL,NULL,NULL,,NULL,2,0,1,1,N,N,35,NULL,98,9801,NULL,,Y,37.47718,37,28.631,NULL,-82.49438,82,29.663,NULL,N,NULL,NULL,NULL,NULL,NULL,NULL,NULL,NULL,9,4,2,1,1,2,6,4,7,3,Y,NULL,Y,Y,625,627,705,N,NULL,40,,0,N,,N,N,098-KY-1460-0,NULL,NULL,2019,B,7.23222E+11,098-KY-1460  -000,HIGH,098-KY-1460  -000,3.862,0,0,0,0,0,0,1,0,0,0,0,1,0
72371711,KSP0900,19-23504,20190624,914,,,ELKHORN,,CRK,KY0197,KY0197,0,098 KY-197,KY0197,N,N,NULL,NULL,NULL,N,NULL,NULL,NULL,NULL,NULL,NULL,10.664,NULL,NULL,NULL,NULL,,NULL,1,0,1,1,N,N,55,NULL,98,9802,NULL,,Y,37.26977,37,16.186,NULL,-82.42184,82,25.31,NULL,N,NULL,NULL,NULL,NULL,NULL,NULL,NULL,NULL,9,3,2,3,1,1,2,2,6,3,N,NULL,Y,Y,914,925,925,N,NULL,70,7,0,Y,,N,N,098-KY-0197-0,NULL,NULL,2019,B,7.23717E+11,098-KY-0197  -000,HIGH,098-KY-0197  -000,10.664,0,0,0,0,0,0,0,0,1,0,0,1,0
72321968,980100,2.019E+11,20190301,1951,,,HUFFMAN,,AVE,,,0,098 CS-1123,CS1123,Y,N,NULL,NULL,NULL,N,NULL,NULL,NULL,NULL,NULL,NULL,0.181,NULL,NULL,NULL,NULL,,NULL,0,0,2,2,N,N,15,NULL,98,9801,NULL,,Y,37.47836,37,28.702,NULL,-82.51979,82,31.188,NULL,N,NULL,NULL,NULL,NULL,NULL,NULL,NULL,NULL,2,97,2,6,2,1,3,8,1,3,N,NULL,Y,N,1951,1955,,N,NULL,90,,,N,,N,N,098-CS-1123-0,NULL,NULL,2019,O,7.2322E+11,098-CS-1123  -000,HIGH,098-CS-1123  -000,0.181,0,0,1,0,0,0,1,0,0,0,0,0,0