MasterFile,AgencyORINumber,LocalCode,CollisionDate,CollisionTime,CollisionDayWeekCode,RoadwayName_HouseBusinessNumber_,RoadwayName_RoadwayName_,RoadwayName_Direction_,RoadwayName_RoadwaySuffix_,RoadwayfromReport,CurrentRoadwayNumber,RoadwayNumberCoupletID,RSEUniqueGIS,RoadwayIdentifier,ParkingLotIndicator,IntersectionWith_Indicator_,IntersectionWith_NameRoadway_,IntersectionWith_Direction_,IntersectionWith_RoadwaySuffix_,BetweenStreets_Indicator_,BetweenStreets1_NameRoadway_,BetweenStreet1_Direction_,BetweenStreets1_RoadwaySuffix_,BetweenStreets2_NameRoadway_,BetweenStreets2_Direction_,BetweenStreets2_RoadwaySuffix_,Milepoint,ReportMilepointDeriveNumber,CurrentDerivedMiepointNumber,MilestoMilepoint,FeettoMilepoint,DirectionfromMilepoint_NSEW_,ValidMilepointIndicator,NumberInjured,NumberKilled,ofUnits,ofMotorVehicleUnits,Hit&RunIndicator,OneWayIndicator,SpeedLimitNumber,KilometersIndicator,CountyCode,CityCountyCode,MilesFromCity,DirectionFromCity_NSEW_,InCityLimitsIndicator,Latitude,LatitudeDegrees,LatitudeMinutes,LatitudeSeconds,Longitude,LongitudeDegrees,LongitudeMinutes,LongitudeSeconds,RampIndicator,RampFromIdentifier,RampFromDirCode,RampFromCoupletID,RSEUniqueGISRampFrom,RampToidentifier,RampToDirCode,RampToCoupletID,RSEUniqueGisRampTo,MannerofCollisionCode,LocationFirstEventCode,TotalLanes,RoadwayCharacterCode,RoadwaySurfaceCode,RoadwayConditionCode,WeatherCode,LightConditionCode,LandUseCode,SchoolBusRelatedCode,FirstAidSceneIndicator,CollDescPresentInd,InvestigationCompleteIndicator,PhotosTakenIndicator,TimeNotified,TimeArrived,TimeRoadwayOpened,PropertyDamageIndicator,DiagramPresentIndicator,DirectionalAnalysis,FunctionClassCode,NationalHwySysCode,EnforcementsIndicator,KARSCityCode,SecondaryCollisionIndicator,MedianCrossoverIndicator,RT_UNIQUE,MapIt,TimeLastLeft,YR,KABCO,MFNY,WorkingRID,RT_CONFIDENCE,KTC_RT,KTC_MP,Motorcyclist,CommercialVehicle,YoungDriver,MatureDriver,pedestrian,Bicyclist,Distracted,agressive,Impaired,Unrestrained,Intersection,RoadwayDeparture,MedXover
72326029,KSP0900,19-7931,20190311,1450,,,LONG BRANCH,,RD,KY1758,KY1758,0,098 KY-1758,KY1758,N,N,NULL,NULL,NULL,N,NULL,NULL,NULL,NULL,NULL,NULL,2.558,NULL,NULL,NULL,NULL,,NULL,0,0,2,2,N,N,55,NULL,98,9830,NULL,,Y,37.45847,37,27.508,NULL,-82.23504,82,14.102,NULL,N,NULL,NULL,NULL,NULL,NULL,NULL,NULL,NULL,2,97,2,6,1,1,2,2,1,3,N,NULL,N,N,1459,1540,1545,N,NULL,47,8,0,N,,N,N,098-KY-1758-0,NULL,NULL,2019,O,7.2326E+11,098-KY-1758  -000,HIGH,098-KY-1758  -000,2.558,0,0,0,1,0,0,1,0,0,0,0,0,0
72327248,980100,2.019E+11,20190315,1143,,,CASSIDY,,BLVD,,,0,098 CS-1191,CS1191,N,N,NULL,NULL,NULL,N,NULL,NULL,NULL,NULL,NULL,NULL,0.043,NULL,NULL,NULL,NULL,,NULL,0,0,2,2,N,N,25,NULL,98,9801,NULL,,Y,37.50369,37,30.222,NULL,-82.53287,82,31.972,NULL,N,NULL,NULL,NULL,NULL,NULL,NULL,NULL,NULL,8,3,4,4,2,1,2,2,1,3,N,NULL,Y,N,1143,1151,,N,NULL,53,,,N,,Y,N,098-CS-1191-0,NULL,NULL,2019,O,7.23272E+11,098-CS-1191  -000,HIGH,098-CS-1191  -000,0.043,0,0,0,1,0,0,1,0,0,0,0,1,0
72320908,980100,2.019E+11,20190220,1145,,,HAMBLEY,,BLVD,,,0,098 CS-1222,CS1222,N,N,NULL,NULL,NULL,N,NULL,NULL,NULL,NULL,NULL,NULL,0.108,NULL,NULL,NULL,NULL,,NULL,0,0,2,2,N,N,35,NULL,98,9801,NULL,,Y,37.4748,37,28.488,NULL,-82.5249,82,31.494,NULL,N,NULL,NULL,NULL,NULL,NULL,NULL,NULL,NULL,8,3,2,6,1,1,2,2,1,3,N,NULL,Y,N,720,724,755,N,NULL,53,,,N,,N,N,098-CS-1222-0,NULL,NULL,2019,O,7.23209E+11,098-CS-1222  -000,HIGH,098-CS-1222  -000,0.108,0,0,0,0,0,0,0,0,0,0,0,1,0
72326132,980500,2019AR017,20190306,2020,,64,VILLAGE,,ST,,,0,098 CS-3002,CS3002,N,N,NULL,NULL,NULL,N,NULL,NULL,NULL,NULL,NULL,NULL,NULL,NULL,NULL,NULL,NULL,NULL,NULL,0,0,2,2,Y,N,15,NULL,98,9807,NULL,,Y,37.51585,37,30.951,NULL,-82.56371,82,33.823,NULL,N,NULL,NULL,NULL,NULL,NULL,NULL,NULL,NULL,2,6,2,6,1,5,3,7,6,3,N,NULL,Y,Y,2020,2022,2040,N,NULL,47,,,N,,N,N,098-CS-3002-0,NULL,NULL,2019,NULL,7.23261E+11,098-CS-3002  -000,HIGH,098-CS-3002  -000,0.045,0,0,0,0,0,0,0,0,0,0,0,0,0
72320011,980100,2.019E+11,20190221,1410,,,TOWN MOUNTAIN,,RD,,,,,,N,N,NULL,NULL,NULL,N,NULL,NULL,NULL,NULL,NULL,NULL,NULL,NULL,NULL,NULL,NULL,NULL,NULL,1,0,2,2,N,N,45,NULL,98,9801,NULL,,Y,37.49033,37,29.42,NULL,-82.49391,82,29.635,NULL,N,NULL,NULL,NULL,NULL,NULL,NULL,NULL,NULL,5,3,2,1,1,1,2,2,7,3,Y,NULL,Y,Y,1411,1413,1444,N,NULL,49,,,N,,N,N,,NULL,NULL,2019,B,7.232E+11,098-KY-1426  -000,MEDIUM,098-KY-1426  -000,7.869,0,0,0,1,0,0,1,0,0,0,0,0,0
72327069,980100,2.019E+11,20190314,1927,,,NORTH MAYO,,TRL,,,,,,N,N,NULL,NULL,NULL,N,NULL,NULL,NULL,NULL,NULL,NULL,NULL,NULL,NULL,NULL,NULL,NULL,NULL,0,0,2,2,N,N,55,NULL,98,9801,NULL,,Y,37.50318,37,30.191,NULL,-82.53209,82,31.925,NULL,N,NULL,NULL,NULL,NULL,NULL,NULL,NULL,NULL,5,3,4,6,1,1,3,2,1,3,N,NULL,Y,N,1927,1931,1933,N,NULL,70,,,Y,,N,N,,NULL,NULL,2019,O,7.23271E+11,098-US-0023  -000,MEDIUM,098-US-0023  -000,26.25,0,0,0,0,0,0,1,0,0,0,0,0,0
72371515,KSP0900,19-23254,20190622,1546,,26375,US119,,,US0119,US0119,0,098 US-119-10,US0119,N,N,NULL,NULL,NULL,N,NULL,NULL,NULL,NULL,NULL,NULL,24.512,NULL,NULL,NULL,NULL,,NULL,3,0,2,2,N,N,55,NULL,98,9834,NULL,,Y,37.66223,37,39.734,NULL,-82.27371,82,16.423,NULL,N,NULL,NULL,NULL,NULL,NULL,NULL,NULL,NULL,1,3,4,6,1,7,2,2,7,3,Y,NULL,Y,Y,1546,1551,1655,N,NULL,55,2,1,N,,N,N,098-US-0119-10,NULL,NULL,2019,A,7.23715E+11,098-US-0119  -010,HIGH,098-US-0119  -000,24.512,0,0,1,0,0,0,0,0,0,0,0,1,0
72365000,KSP0900,19-20533,20190604,954,,,US119,,,US0119,US0119,0,098 US-119,US0119,N,N,NULL,NULL,NULL,N,NULL,NULL,NULL,NULL,NULL,NULL,25.38,NULL,NULL,NULL,NULL,,NULL,1,0,2,2,N,N,55,NULL,98,9834,NULL,,Y,37.67281,37,40.369,NULL,-82.28104,82,16.863,NULL,N,NULL,NULL,NULL,NULL,NULL,NULL,NULL,NULL,5,3,2,6,1,1,2,2,7,3,Y,NULL,Y,Y,943,953,1030,N,NULL,49,2,1,N,,N,N,098-US-0119-0,NULL,NULL,2019,C,7.2365E+11,098-US-0119  -000,HIGH,098-US-0119  -000,25.38,0,0,0,0,0,0,0,0,0,1,0,1,0
72328191,KSP0900,2019-8381,20190316,1252,,,TOLER,,RD,KY0319,KY0319,0,098 KY-319,KY0319,N,N,NULL,NULL,NULL,N,NULL,NULL,NULL,NULL,NULL,NULL,3.864,NULL,NULL,NULL,NULL,,NULL,0,0,1,1,N,N,55,NULL,98,9842,1,E,N,37.6094,37,36.564,NULL,-82.23018,82,13.811,NULL,N,NULL,NULL,NULL,NULL,NULL,NULL,NULL,NULL,9,5,2,3,1,1,2,2,7,3,N,NULL,N,Y,1252,1256,1335,N,NULL,51,7,0,N,,N,N,098-KY-0319-0,NULL,NULL,2019,O,7.23282E+11,098-KY-0319  -000,HIGH,098-KY-0319  -000,3.864,0,0,0,0,0,0,0,0,0,0,0,1,0
72360991,980100,2.019E+11,20190601,1723,,,THOMPSON,,RD,,,0,098 CS-1215,CS1215,Y,N,NULL,NULL,NULL,N,NULL,NULL,NULL,NULL,NULL,NULL,0.327,NULL,NULL,NULL,NULL,,NULL,0,0,2,2,N,N,15,NULL,98,9801,NULL,,Y,37.50838,37,30.503,NULL,-82.54332,82,32.599,NULL,N,NULL,NULL,NULL,NULL,NULL,NULL,NULL,NULL,8,97,1,6,1,1,2,2,1,3,N,NULL,N,N,1725,1730,1730,N,NULL,90,,,N,,N,N,098-CS-1215-0,NULL,NULL,2019,O,7.2361E+11,098-CS-1215  -000,HIGH,098-CS-1215  -000,0.327,0,0,0,0,0,0,0,0,0,1,0,0,0
72318985,KSP0900,19-5705,20190221,859,,,US460,,,US0460,US0460,0,098 US-460,US0460,N,N,NULL,NULL,NULL,N,NULL,NULL,NULL,NULL,NULL,NULL,2.364,NULL,NULL,NULL,NULL,,NULL,0,0,2,2,N,N,55,NULL,98,9801,3,S,N,37.43324,37,25.995,NULL,-82.48609,82,29.166,NULL,N,NULL,NULL,NULL,NULL,NULL,NULL,NULL,NULL,5,3,2,6,1,5,3,2,7,3,N,NULL,Y,N,859,914,940,N,NULL,49,,1,N,,N,N,098-US-0460-0,NULL,NULL,2019,O,7.2319E+11,098-US-0460  -000,HIGH,098-US-0460  -000,2.364,0,0,0,1,0,0,1,0,0,0,0,0,0
72327076,980000,19-03-004,20190307,2035,,,US119,,,US0119,US0119,0,098 US-119,US0119,N,N,NULL,NULL,NULL,N,NULL,NULL,NULL,NULL,NULL,NULL,24.345,NULL,NULL,NULL,NULL,,NULL,3,0,2,2,N,N,55,NULL,98,9834,NULL,,Y,37.65988,37,39.593,NULL,-82.27323,82,16.394,NULL,N,NULL,NULL,NULL,NULL,NULL,NULL,NULL,NULL,4,3,4,6,1,1,2,6,7,3,Y,NULL,Y,Y,2010,2035,2045,N,NULL,70,2,1,N,,N,N,098-US-0119-0,NULL,NULL,2019,B,7.23271E+11,098-US-0119  -000,HIGH,098-US-0119  -000,24.345,0,0,0,0,0,0,0,1,0,0,0,0,0
72323001,980100,2.019E+11,20190116,1447,,,BOB AMOS,,DR,,,0,098 CS-1025,CS1025,N,N,NULL,NULL,NULL,N,NULL,NULL,NULL,NULL,NULL,NULL,1.017,NULL,NULL,NULL,NULL,,NULL,1,2,1,1,N,N,35,NULL,98,9801,NULL,,Y,37.46568,37,27.941,NULL,-82.54294,82,32.576,NULL,N,NULL,NULL,NULL,NULL,NULL,NULL,NULL,NULL,9,97,2,4,1,1,3,2,1,3,Y,NULL,Y,Y,1447,1451,1711,N,NULL,44,,,N,,N,N,098-CS-1025-0,NULL,NULL,2019,K,7.2323E+11,098-CS-1025  -000,HIGH,098-CS-1025  -000,1.017,0,0,0,0,0,0,0,1,0,1,0,1,0
72322787,980100,2.019E+11,20190301,1516,,,US23,,,US0023,US0023,,,,N,N,NULL,NULL,NULL,N,NULL,NULL,NULL,NULL,NULL,NULL,26.212,NULL,NULL,NULL,NULL,,NULL,0,0,2,2,N,N,55,NULL,98,9801,NULL,,Y,37.50265,37,30.159,NULL,-82.53201,82,31.921,NULL,N,NULL,NULL,NULL,NULL,NULL,NULL,NULL,NULL,5,3,4,6,1,5,6,2,1,3,N,NULL,Y,N,1516,1519,1519,N,NULL,70,,1,N,,N,N,,NULL,NULL,2019,O,7.23228E+11,098-US-0023  -000,MEDIUM,098-US-0023  -000,26.212,0,0,0,1,0,0,0,0,0,0,0,0,0
72321147,980000,19-02-009,20190227,1605,,,KY194,,,KY0194,KY0194,0,098 KY-194,KY0194,Y,N,NULL,NULL,NULL,N,NULL,NULL,NULL,NULL,NULL,NULL,25.006,NULL,NULL,NULL,NULL,,NULL,0,0,2,2,N,N,10,NULL,98,9817,NULL,,Y,37.51644,37,30.987,NULL,-82.36211,82,21.726,NULL,N,NULL,NULL,NULL,NULL,NULL,NULL,NULL,NULL,7,97,2,6,1,1,2,2,8,3,N,NULL,Y,Y,1600,1600,1600,N,NULL,90,6,0,N,,N,N,098-KY-0194-0,NULL,NULL,2019,O,7.23211E+11,098-KY-0194  -000,HIGH,098-KY-0194  -000,25.006,0,0,0,0,0,0,0,0,0,0,0,0,0
72322085,980100,2.019E+11,20190302,1802,,,THOMPSON,,RD,,,,,,N,N,NULL,NULL,NULL,N,NULL,NULL,NULL,NULL,NULL,NULL,0.046,NULL,NULL,NULL,NULL,,NULL,0,0,2,2,N,N,35,NULL,98,9801,NULL,,Y,37.51014,37,30.608,NULL,-82.54828,82,32.897,NULL,N,NULL,NULL,NULL,NULL,NULL,NULL,NULL,NULL,5,3,2,6,1,5,6,2,7,3,N,NULL,Y,N,1802,1810,1810,N,NULL,49,,,N,,N,N,,NULL,NULL,2019,O,7.23221E+11,098-CS-1215  -000,HIGH,098-CS-1215  -000,0.046,0,0,1,0,0,0,0,0,0,0,0,0,0
72328192,KSP0900,2019-8643,20190316,1422,,,KY632,,,KY0632,KY0632,0,098 KY-632,KY0632,N,N,NULL,NULL,NULL,N,NULL,NULL,NULL,NULL,NULL,NULL,9.138,NULL,NULL,NULL,NULL,,NULL,0,0,2,2,Y,N,55,NULL,98,9804,NULL,,Y,37.48409,37,29.045,NULL,-82.20973,82,12.584,NULL,N,NULL,NULL,NULL,NULL,NULL,NULL,NULL,NULL,8,3,2,6,1,1,2,2,7,,Y,NULL,N,Y,1422,1455,1530,N,NULL,53,6,0,N,,N,N,098-KY-0632-0,NULL,NULL,2019,O,7.23282E+11,098-KY-0632  -000,HIGH,098-KY-0632  -000,9.138,0,0,0,0,0,0,0,1,0,0,0,1,0
72326574,KSP0900,19-7766,20190310,1335,,,US23,,,US0023,US0023,0,098 US-23-10,US0023,N,N,NULL,NULL,NULL,N,NULL,NULL,NULL,NULL,NULL,NULL,28.516,NULL,NULL,NULL,NULL,,NULL,4,0,2,2,N,N,55,NULL,98,9807,NULL,,Y,37.51895,37,31.137,NULL,-82.56608,82,33.965,NULL,N,NULL,NULL,NULL,NULL,NULL,NULL,NULL,NULL,1,3,4,6,1,1,2,2,7,3,Y,NULL,Y,Y,1335,1340,1500,N,NULL,55,,1,N,,N,N,098-US-0023-10,NULL,NULL,2019,C,7.23266E+11,098-US-0023  -010,HIGH,098-US-0023  -000,28.516,0,0,0,0,0,0,1,1,0,0,0,0,0
72320705,KSP0900,2019-6241,20190224,2147,,,KY80,,,KY0080,KY0080,0,098 KY-80,KY0080,N,N,NULL,NULL,NULL,N,NULL,NULL,NULL,NULL,NULL,NULL,0.373,NULL,NULL,NULL,NULL,,NULL,0,0,1,1,N,N,55,NULL,98,9802,2,W,N,37.33781,37,20.269,NULL,-82.37059,82,22.235,NULL,N,NULL,NULL,NULL,NULL,NULL,NULL,NULL,NULL,9,3,2,4,1,1,7,6,7,3,N,NULL,Y,Y,2149,2223,2304,N,NULL,40,7,5,N,,N,N,098-KY-0080-0,NULL,NULL,2019,O,7.23207E+11,098-KY-0080  -000,HIGH,098-KY-0080  -000,0.373,0,0,0,0,0,0,0,0,0,0,0,1,0
72312838,980100,2.019E+11,20190207,839,,,SCOTT,,AVE,,,0,098 CS-1116,CS1116,N,N,NULL,NULL,NULL,N,NULL,NULL,NULL,NULL,NULL,NULL,0.166,NULL,NULL,NULL,NULL,,NULL,0,0,2,2,Y,N,25,NULL,98,9801,NULL,,Y,37.48344,37,29.006,NULL,-82.5179,82,31.074,NULL,N,NULL,NULL,NULL,NULL,NULL,NULL,NULL,NULL,8,3,1,6,1,5,6,5,6,,N,NULL,N,N,839,841,841,N,NULL,47,,,N,,N,N,098-CS-1116-0,NULL,NULL,2019,NULL,7.23128E+11,098-CS-1116  -000,HIGH,098-CS-1116  -000,0.166,0,0,0,0,0,0,0,0,0,0,0,0,0
72310982,KSP0900,19-3522,20190202,1747,,,US23,,,US0023,US0023,0,098 US-23-10,US0023,Y,N,NULL,NULL,NULL,N,NULL,NULL,NULL,NULL,NULL,NULL,29.044,NULL,NULL,NULL,NULL,,NULL,0,0,2,2,N,N,15,NULL,98,9807,NULL,,Y,37.52416,37,31.449,NULL,-82.57283,82,34.37,NULL,N,NULL,NULL,NULL,NULL,NULL,NULL,NULL,NULL,2,97,0,6,1,1,2,5,1,3,N,NULL,Y,N,1800,1807,1800,N,NULL,90,,1,N,,N,N,098-US-0023-10,NULL,NULL,2019,O,7.2311E+11,098-US-0023  -010,HIGH,098-US-0023  -000,29.044,0,0,0,0,0,0,0,0,0,0,0,0,0
72331332,KSP0900,19-9796,20190325,1900,,,KY194,,,KY0194,KY0194,0,098 KY-194,KY0194,N,N,NULL,NULL,NULL,N,NULL,NULL,NULL,NULL,NULL,NULL,21.427,NULL,NULL,NULL,NULL,,NULL,0,0,1,1,N,N,55,NULL,98,9817,NULL,,Y,37.53481,37,32.089,NULL,-82.38862,82,23.317,NULL,N,NULL,NULL,NULL,NULL,NULL,NULL,NULL,NULL,9,3,2,1,1,5,6,2,7,3,N,NULL,Y,N,1900,1905,1920,N,NULL,44,6,0,N,,N,N,098-KY-0194-0,NULL,NULL,2019,O,7.23313E+11,098-KY-0194  -000,HIGH,098-KY-0194  -000,21.427,0,0,0,0,0,0,0,0,0,0,0,1,0
72367788,980500,2019AR045,20190614,1435,,,US23,,,US0023,US0023,0,098 US-23-10,US0023,N,N,NULL,NULL,NULL,N,NULL,NULL,NULL,NULL,NULL,NULL,27.477,NULL,NULL,NULL,NULL,,NULL,0,0,2,2,N,N,55,NULL,98,9807,NULL,,Y,37.51128,37,30.677,NULL,-82.55052,82,33.031,NULL,N,NULL,NULL,NULL,NULL,NULL,NULL,NULL,NULL,5,3,6,6,1,1,2,2,1,3,N,NULL,Y,Y,1435,1441,1458,N,NULL,49,,1,N,,N,N,098-US-0023-10,NULL,NULL,2019,O,7.23678E+11,098-US-0023  -010,HIGH,098-US-0023  -000,27.477,0,0,0,1,0,0,1,0,0,0,0,0,0
72361329,KSP0900,19-19619,20190529,745,,,SHELBY DRY,,FRK,,,0,098 CR-1257,CR1257,N,N,NULL,NULL,NULL,N,NULL,NULL,NULL,NULL,NULL,NULL,1.116,NULL,NULL,NULL,NULL,,NULL,1,0,1,1,N,N,35,NULL,98,9824,NULL,,Y,37.40953,37,24.572,NULL,-82.49435,82,29.661,NULL,N,NULL,NULL,NULL,NULL,NULL,NULL,NULL,NULL,9,5,1,6,1,1,2,2,7,3,Y,NULL,Y,Y,745,820,,N,NULL,51,,,N,,N,N,098-CR-1257-0,NULL,NULL,2019,C,7.23613E+11,098-CR-1257  -000,HIGH,098-CR-1257  -000,1.116,0,0,0,0,0,0,1,0,0,0,0,1,0
72362856,980500,2019AR041,20190531,1210,,5159,N MAYO TRAIL,,,,,,,,Y,N,NULL,NULL,NULL,N,NULL,NULL,NULL,NULL,NULL,NULL,NULL,NULL,NULL,NULL,NULL,NULL,NULL,0,0,2,2,N,N,15,NULL,98,9807,0.1,N,N,37.53605,37,32.163,NULL,-82.57978,82,34.787,NULL,N,NULL,NULL,NULL,NULL,NULL,NULL,NULL,NULL,5,97,2,6,1,1,2,2,1,3,N,NULL,Y,N,1210,1212,1239,N,NULL,90,,,N,,N,N,,NULL,NULL,2019,O,7.23629E+11,098-CR-1426K -000,MEDIUM,098-CR-1426K -000,0.041,0,0,0,1,0,0,0,0,0,0,0,0,0
72358363,980100,2.019E+11,20190521,1650,,,KY1426,,,KY1426,KY1426,,,,N,N,NULL,NULL,NULL,N,NULL,NULL,NULL,NULL,NULL,NULL,7.376,NULL,NULL,NULL,NULL,,NULL,3,0,3,3,N,N,45,NULL,98,9801,NULL,,Y,37.4901,37,29.406,NULL,-82.50253,82,30.152,NULL,N,NULL,NULL,NULL,NULL,NULL,NULL,NULL,NULL,5,3,2,6,1,1,2,2,7,3,Y,NULL,Y,Y,1650,1653,1723,N,NULL,49,,0,N,,N,N,,NULL,NULL,2019,B,7.23584E+11,098-KY-1426  -000,HIGH,098-KY-1426  -000,7.376,0,0,1,1,0,0,1,0,0,0,0,0,0
72372216,980100,2.019E+11,20190613,1547,,,CHLOE,,RD,KY1460,KY1460,,,,N,N,NULL,NULL,NULL,N,NULL,NULL,NULL,NULL,NULL,NULL,3.438,NULL,NULL,NULL,NULL,,NULL,0,0,2,1,Y,N,45,NULL,98,9801,NULL,,Y,37.47523,37,28.514,NULL,-82.4876,82,29.256,NULL,N,NULL,NULL,NULL,NULL,NULL,NULL,NULL,NULL,8,3,2,6,1,1,2,2,7,1,N,NULL,N,N,1547,1610,1617,N,NULL,53,,0,Y,,N,N,,NULL,NULL,2019,O,7.23722E+11,098-KY-1460  -000,HIGH,098-KY-1460  -000,3.438,0,0,1,0,0,0,0,0,0,0,0,1,0
72367048,980100,2.019E+11,20190615,1329,,,THOMPSON,,RD,,,,,,Y,N,NULL,NULL,NULL,N,NULL,NULL,NULL,NULL,NULL,NULL,0.51,NULL,NULL,NULL,NULL,,NULL,0,0,2,2,N,N,NULL,NULL,98,9801,NULL,,Y,37.506,37,30.36,NULL,-82.5435,82,32.61,NULL,N,NULL,NULL,NULL,NULL,NULL,NULL,NULL,NULL,2,97,1,6,1,1,2,2,1,3,N,NULL,Y,N,1329,1339,,N,NULL,90,,,N,,N,N,,NULL,NULL,2019,O,7.2367E+11,098-CS-1215  -000,HIGH,098-CS-1215  -000,0.51,0,0,0,0,0,0,1,0,0,0,0,0,0
72356040,KSP0900,19-18034,20190518,1939,,,BIG SHELBY,,CRK,,,0,098 CR-1963,CR1963,N,N,NULL,NULL,NULL,N,NULL,NULL,NULL,NULL,NULL,NULL,0.556,NULL,NULL,NULL,NULL,,NULL,4,0,1,1,N,N,35,NULL,98,9867,NULL,,Y,37.21911,37,13.147,NULL,-82.57265,82,34.359,NULL,N,NULL,NULL,NULL,NULL,NULL,NULL,NULL,NULL,9,3,1,1,1,1,2,2,7,3,Y,NULL,Y,N,1946,2010,2010,N,NULL,70,,,N,,N,N,098-CR-1963-0,NULL,NULL,2019,B,7.2356E+11,098-CR-1963  -000,HIGH,098-CR-1963  -000,0.556,0,0,0,0,0,0,0,0,0,0,0,1,0
72330801,KSP0900,19-8986,20190319,1130,,,KY1426,,,KY1426,KY1426,0,098 KY-1426,KY1426,N,N,NULL,NULL,NULL,N,NULL,NULL,NULL,NULL,NULL,NULL,12.425,NULL,NULL,NULL,NULL,,NULL,0,0,2,2,N,N,55,NULL,98,9828,NULL,,Y,37.5418,37,32.508,NULL,-82.46822,82,28.094,NULL,N,NULL,NULL,NULL,NULL,NULL,NULL,NULL,NULL,1,3,2,6,1,1,3,2,7,3,N,NULL,N,N,1125,1145,1200,N,NULL,55,7,0,N,,N,N,098-KY-1426-0,NULL,NULL,2019,O,7.23308E+11,098-KY-1426  -000,HIGH,098-KY-1426  -000,12.425,0,0,0,0,0,0,1,0,0,0,0,0,0
72323016,980100,2.019E+11,20190303,2033,,,CASSIDY,,BLVD,,,,,,N,N,NULL,NULL,NULL,N,NULL,NULL,NULL,NULL,NULL,NULL,0.162,NULL,NULL,NULL,NULL,,NULL,0,0,2,2,N,N,35,NULL,98,9801,NULL,,Y,37.5037,37,30.222,NULL,-82.53468,82,32.081,NULL,N,NULL,NULL,NULL,NULL,NULL,NULL,NULL,NULL,4,3,4,3,1,5,9,5,1,3,N,NULL,Y,N,2034,2037,,N,NULL,70,,,N,,N,N,,NULL,NULL,2019,O,7.2323E+11,098-CS-1191  -000,MEDIUM,098-CS-1191  -000,0.162,0,0,0,0,0,0,1,1,0,0,0,0,0
72321568,KSP0900,19-4734,20190212,1822,,,US460,,,US0460,US0460,0,098 US-460,US0460,Y,N,NULL,NULL,NULL,N,NULL,NULL,NULL,NULL,NULL,NULL,9.281,NULL,NULL,NULL,NULL,,NULL,0,0,2,2,Y,N,15,NULL,98,9822,NULL,,Y,37.36836,37,22.102,NULL,-82.41545,82,24.927,NULL,N,NULL,NULL,NULL,NULL,NULL,NULL,NULL,NULL,8,7,2,6,1,5,2,5,1,3,N,NULL,Y,N,1840,1840,1840,N,NULL,90,,1,N,,N,N,098-US-0460-0,NULL,NULL,2019,O,7.23216E+11,098-US-0460  -000,HIGH,098-US-0460  -000,9.281,0,0,0,0,0,0,0,0,0,0,0,0,0
72325580,980100,2.019E+11,20190308,1155,,,BYPASS,S,RD,KY1426,KY1426,0,098 KY-1426,KY1426,N,N,NULL,NULL,NULL,N,NULL,NULL,NULL,NULL,NULL,NULL,5.642,NULL,NULL,NULL,NULL,,NULL,0,0,2,2,N,N,45,NULL,98,9801,NULL,,Y,37.47257,37,28.354,NULL,-82.5237,82,31.422,NULL,N,NULL,NULL,NULL,NULL,NULL,NULL,NULL,NULL,1,3,2,6,1,5,6,2,1,3,N,NULL,Y,N,1155,1202,1219,N,NULL,55,,0,N,,N,N,098-KY-1426-0,NULL,NULL,2019,O,7.23256E+11,098-KY-1426  -000,HIGH,098-KY-1426  -000,5.642,0,0,0,1,0,0,1,0,0,0,0,0,0
72314338,980000,19-01-005,20190115,1300,,,KY3418,,,KY3418,KY3418,0,098 KY-3418,KY3418,N,N,NULL,NULL,NULL,N,NULL,NULL,NULL,NULL,NULL,NULL,8.484,NULL,NULL,NULL,NULL,,NULL,0,0,1,1,N,N,55,NULL,98,9817,NULL,,Y,37.47342,37,28.405,NULL,-82.40781,82,24.469,NULL,N,NULL,NULL,NULL,NULL,NULL,NULL,NULL,NULL,9,5,2,3,1,5,3,2,7,3,N,NULL,Y,Y,1300,1300,1312,N,NULL,51,9,0,N,,N,N,098-KY-3418-0,NULL,NULL,2019,O,7.23143E+11,098-KY-3418  -000,HIGH,098-KY-3418  -000,8.484,0,1,0,0,0,0,0,0,0,0,0,1,0
72362204,980100,2.019E+11,20190522,1748,,,THOMPSON,,RD,,,0,098 CS-1215,CS1215,Y,N,NULL,NULL,NULL,N,NULL,NULL,NULL,NULL,NULL,NULL,0.497,NULL,NULL,NULL,NULL,,NULL,0,0,1,1,N,N,15,NULL,98,9801,NULL,,Y,37.50605,37,30.363,NULL,-82.54373,82,32.624,NULL,N,NULL,NULL,NULL,NULL,NULL,NULL,NULL,NULL,9,97,1,6,1,1,3,2,1,3,N,NULL,Y,N,1748,1754,1754,N,NULL,90,,,N,,N,N,098-CS-1215-0,NULL,NULL,2019,NULL,7.23622E+11,098-CS-1215  -000,HIGH,098-CS-1215  -000,0.497,0,0,0,0,0,0,1,0,0,0,0,1,0
72359006,980500,2019AR038,20190528,1112,,,MAIN,,ST,,,0,098 CS-3000,CS3000,Y,N,NULL,NULL,NULL,N,NULL,NULL,NULL,NULL,NULL,NULL,0.198,NULL,NULL,NULL,NULL,,NULL,0,0,2,2,N,N,15,NULL,98,9807,NULL,,Y,37.51673,37,31.004,NULL,-82.56246,82,33.748,NULL,N,NULL,NULL,NULL,NULL,NULL,NULL,NULL,NULL,2,97,1,6,1,1,2,2,1,3,N,NULL,Y,Y,1112,1114,1129,N,NULL,90,,,N,,N,N,098-CS-3000-0,NULL,NULL,2019,O,7.2359E+11,098-CS-3000  -000,HIGH,098-CS-3000  -000,0.198,0,0,0,1,0,0,1,0,0,0,0,0,0