MasterFile,AgencyORINumber,LocalCode,CollisionDate,CollisionTime,CollisionDayWeekCode,RoadwayName_HouseBusinessNumber_,RoadwayName_RoadwayName_,RoadwayName_Direction_,RoadwayName_RoadwaySuffix_,RoadwayfromReport,CurrentRoadwayNumber,RoadwayNumberCoupletID,RSEUniqueGIS,RoadwayIdentifier,ParkingLotIndicator,IntersectionWith_Indicator_,IntersectionWith_NameRoadway_,IntersectionWith_Direction_,IntersectionWith_RoadwaySuffix_,BetweenStreets_Indicator_,BetweenStreets1_NameRoadway_,BetweenStreet1_Direction_,BetweenStreets1_RoadwaySuffix_,BetweenStreets2_NameRoadway_,BetweenStreets2_Direction_,BetweenStreets2_RoadwaySuffix_,Milepoint,ReportMilepointDeriveNumber,CurrentDerivedMiepointNumber,MilestoMilepoint,FeettoMilepoint,DirectionfromMilepoint_NSEW_,ValidMilepointIndicator,NumberInjured,NumberKilled,ofUnits,ofMotorVehicleUnits,Hit&RunIndicator,OneWayIndicator,SpeedLimitNumber,KilometersIndicator,CountyCode,CityCountyCode,MilesFromCity,DirectionFromCity_NSEW_,InCityLimitsIndicator,Latitude,LatitudeDegrees,LatitudeMinutes,LatitudeSeconds,Longitude,LongitudeDegrees,LongitudeMinutes,LongitudeSeconds,RampIndicator,RampFromIdentifier,RampFromDirCode,RampFromCoupletID,RSEUniqueGISRampFrom,RampToidentifier,RampToDirCode,RampToCoupletID,RSEUniqueGisRampTo,MannerofCollisionCode,LocationFirstEventCode,TotalLanes,RoadwayCharacterCode,RoadwaySurfaceCode,RoadwayConditionCode,WeatherCode,LightConditionCode,LandUseCode,SchoolBusRelatedCode,FirstAidSceneIndicator,CollDescPresentInd,InvestigationCompleteIndicator,PhotosTakenIndicator,TimeNotified,TimeArrived,TimeRoadwayOpened,PropertyDamageIndicator,DiagramPresentIndicator,DirectionalAnalysis,FunctionClassCode,NationalHwySysCode,EnforcementsIndicator,KARSCityCode,SecondaryCollisionIndicator,MedianCrossoverIndicator,RT_UNIQUE,MapIt,TimeLastLeft,YR,KABCO,MFNY,WorkingRID,RT_CONFIDENCE,KTC_RT,KTC_MP,Motorcyclist,CommercialVehicle,YoungDriver,MatureDriver,pedestrian,Bicyclist,Distracted,agressive,Impaired,Unrestrained,Intersection,RoadwayDeparture,MedXover
72365244,KSP0900,19-21413,20190609,1939,,,GREASY,,CRK,,,0,098 CR-1256,CR1256,N,N,NULL,NULL,NULL,N,NULL,NULL,NULL,NULL,NULL,NULL,1.046,NULL,NULL,NULL,NULL,,NULL,0,0,2,2,N,N,45,NULL,98,9841,NULL,,Y,37.36974,37,22.184,NULL,-82.48828,82,29.297,NULL,N,NULL,NULL,NULL,NULL,NULL,NULL,NULL,NULL,3,3,2,2,1,5,6,2,7,3,N,NULL,N,N,1939,2020,,N,NULL,52,,,N,,N,N,098-CR-1256-0,NULL,NULL,2019,O,7.23652E+11,098-CR-1256  -000,HIGH,098-CR-1256  -000,1.046,0,0,0,0,0,0,0,0,0,0,0,1,0
72357819,KSP0900,19-17128,20190512,1220,,,KY1426,,,KY1426,KY1426,,,,N,N,NULL,NULL,NULL,N,NULL,NULL,NULL,NULL,NULL,NULL,15.838,NULL,NULL,NULL,NULL,,NULL,0,0,2,2,N,N,35,NULL,98,9820,NULL,,Y,37.56439,37,33.863,NULL,-82.44511,82,26.707,NULL,N,NULL,NULL,NULL,NULL,NULL,NULL,NULL,NULL,1,3,2,6,1,5,3,2,7,3,N,NULL,Y,N,1222,1226,1226,N,NULL,55,7,0,N,,N,N,,NULL,NULL,2019,O,7.23578E+11,098-KY-1426  -000,HIGH,098-KY-1426  -000,15.838,0,0,0,1,0,0,0,1,0,0,0,0,0
72361305,980100,2.019E+11,20190601,1349,,,HAMBLEY,,BLVD,,,0,098 CS-1222,CS1222,Y,N,NULL,NULL,NULL,N,NULL,NULL,NULL,NULL,NULL,NULL,0.496,NULL,NULL,NULL,NULL,,NULL,0,0,2,2,N,N,5,NULL,98,9801,NULL,,Y,37.47828,37,28.697,NULL,-82.52018,82,31.211,NULL,N,NULL,NULL,NULL,NULL,NULL,NULL,NULL,NULL,2,97,2,6,2,1,2,5,1,3,N,NULL,Y,N,1349,1356,1356,N,NULL,90,,,N,,N,N,098-CS-1222-0,NULL,NULL,2019,O,7.23613E+11,098-CS-1222  -000,HIGH,098-CS-1222  -000,0.496,0,0,0,0,0,0,0,0,0,0,0,0,0
72364518,KSP0900,19-20918,20190606,1503,,,FISHTRAP,,RD,KY1441,KY1441,0,098 KY-1441,KY1441,N,N,NULL,NULL,NULL,N,NULL,NULL,NULL,NULL,NULL,NULL,11.348,NULL,NULL,NULL,NULL,,NULL,4,0,2,2,N,N,45,NULL,98,9828,NULL,,Y,37.53289,37,31.973,NULL,-82.45828,82,27.497,NULL,N,NULL,NULL,NULL,NULL,NULL,NULL,NULL,NULL,3,4,2,6,1,1,2,2,7,3,Y,NULL,Y,Y,1503,1505,1614,N,NULL,51,8,0,Y,,N,N,098-KY-1441-0,NULL,NULL,2019,A,7.23645E+11,098-KY-1441  -000,HIGH,098-KY-1441  -000,11.348,0,0,0,0,0,0,0,0,1,1,0,1,0
72366139,KSP0900,19-21028,20190607,1035,,,KY1426,,,KY1426,KY1426,0,098 KY-1426,KY1426,N,N,NULL,NULL,NULL,N,NULL,NULL,NULL,NULL,NULL,NULL,9.562,NULL,NULL,NULL,NULL,,NULL,0,0,2,2,N,N,55,NULL,98,9801,NULL,,Y,37.51289,37,30.773,NULL,-82.48761,82,29.257,NULL,N,NULL,NULL,NULL,NULL,NULL,NULL,NULL,NULL,5,3,2,6,1,1,2,2,7,3,N,NULL,Y,N,930,935,1020,N,NULL,49,,0,N,,N,N,098-KY-1426-0,NULL,NULL,2019,O,7.23661E+11,098-KY-1426  -000,HIGH,098-KY-1426  -000,9.562,0,0,0,1,0,0,1,1,0,0,0,0,0
72364794,KSP0900,19-19545,20190528,1608,,,KY1506,,,KY1506,KY1506,0,098 KY-1506,KY1506,N,N,NULL,NULL,NULL,N,NULL,NULL,NULL,NULL,NULL,NULL,0.046,NULL,NULL,NULL,NULL,,NULL,0,0,2,2,N,N,35,NULL,98,9834,NULL,,Y,37.66849,37,40.109,NULL,-82.2766,82,16.596,NULL,N,NULL,NULL,NULL,NULL,NULL,NULL,NULL,NULL,1,3,2,6,1,1,2,2,7,3,N,NULL,Y,N,1608,1609,1614,N,NULL,55,9,0,N,,N,N,098-KY-1506-0,NULL,NULL,2019,O,7.23648E+11,098-KY-1506  -000,HIGH,098-KY-1506  -000,0.046,0,0,0,0,0,0,0,1,0,0,0,0,0
72361102,KSP0900,19-20086,20190601,623,,,KY612,,,KY0612,KY0612,0,098 KY-612,KY0612,N,N,NULL,NULL,NULL,N,NULL,NULL,NULL,NULL,NULL,NULL,7.499,NULL,NULL,NULL,NULL,,NULL,1,0,1,1,N,N,45,NULL,98,9834,NULL,,Y,37.6622,37,39.732,NULL,-82.30656,82,18.394,NULL,N,NULL,NULL,NULL,NULL,NULL,NULL,NULL,NULL,9,4,2,3,1,5,3,2,7,3,N,NULL,Y,Y,623,624,624,N,NULL,51,8,0,N,,N,N,098-KY-0612-0,NULL,NULL,2019,B,7.23611E+11,098-KY-0612  -000,HIGH,098-KY-0612  -000,7.499,0,0,0,0,0,0,1,0,0,0,0,1,0
72361101,KSP0900,19-19994,20190531,1620,,,PAW PAW,,CRK,,,0,098 CR-1115,CR1115,N,N,NULL,NULL,NULL,N,NULL,NULL,NULL,NULL,NULL,NULL,1.669,NULL,NULL,NULL,NULL,,NULL,0,0,1,1,N,N,35,NULL,98,9860,NULL,,Y,37.42392,37,25.435,NULL,-82.14331,82,8.599,NULL,N,NULL,NULL,NULL,NULL,NULL,NULL,NULL,NULL,9,4,1,3,1,5,6,2,7,3,N,NULL,Y,N,1621,1733,1733,N,NULL,51,,,N,,N,Y,098-CR-1115-0,NULL,NULL,2019,O,7.23611E+11,098-CR-1115  -000,HIGH,098-CR-1115  -000,1.669,0,0,0,1,0,0,0,0,0,0,0,1,0
72330225,980100,2.019E+11,20190321,500,,,US23/US119 INTERSECTION,,,,,,,,N,N,NULL,NULL,NULL,N,NULL,NULL,NULL,NULL,NULL,NULL,NULL,NULL,NULL,NULL,NULL,,NULL,0,0,2,2,N,N,55,NULL,98,9801,NULL,,Y,37.50373,37,30.224,NULL,-82.53223,82,31.934,NULL,N,NULL,NULL,NULL,NULL,NULL,NULL,NULL,NULL,1,3,4,6,1,5,6,2,7,3,N,NULL,Y,N,1654,1659,1702,N,NULL,55,,,N,,N,N,,NULL,NULL,2019,O,7.23302E+11,098-CS-1191  -000,MEDIUM,098-CS-1191  -000,0.004,0,0,0,0,0,0,1,0,0,0,0,0,0
72369688,980500,2019AR047,20190621,1104,,4257,US23,,,US0023,US0023,0,098 US-23-10,US0023,Y,N,NULL,NULL,NULL,N,NULL,NULL,NULL,NULL,NULL,NULL,29.049,NULL,NULL,NULL,NULL,,NULL,0,0,2,2,N,N,15,NULL,98,9807,NULL,,Y,37.52404,37,31.442,NULL,-82.57324,82,34.395,NULL,N,NULL,NULL,NULL,NULL,NULL,NULL,NULL,NULL,1,97,2,6,1,1,2,2,1,3,N,NULL,Y,Y,1105,1107,1158,N,NULL,90,,1,N,,N,N,098-US-0023-10,NULL,NULL,2019,O,7.23697E+11,098-US-0023  -010,HIGH,098-US-0023  -000,29.049,0,0,0,1,0,0,0,0,0,0,0,0,0
72360585,980100,2.019E+11,20190530,1812,,135,SAAD,,AVE,,,,,,Y,N,NULL,NULL,NULL,N,NULL,NULL,NULL,NULL,NULL,NULL,0.092,NULL,NULL,NULL,NULL,,NULL,0,0,2,2,N,N,15,NULL,98,9801,NULL,,Y,37.48273,37,28.964,NULL,-82.5196,82,31.176,NULL,N,NULL,NULL,NULL,NULL,NULL,NULL,NULL,NULL,2,97,1,6,1,5,6,2,6,3,N,NULL,Y,N,1812,1814,,N,NULL,90,,,N,,N,N,,NULL,NULL,2019,O,7.23606E+11,098-CS-1165  -000,HIGH,098-CS-1165  -000,0.092,0,0,0,0,0,0,1,0,0,0,0,0,0
72369962,980100,2.019E+11,20190621,1912,,,WILLIAMS HOLLOW,,RD,,,0,098 CS-1085,CS1085,N,N,NULL,NULL,NULL,N,NULL,NULL,NULL,NULL,NULL,NULL,0.269,NULL,NULL,NULL,NULL,,NULL,0,0,1,1,N,N,15,NULL,98,9801,NULL,,Y,37.49183,37,29.51,NULL,-82.48956,82,29.374,NULL,N,NULL,NULL,NULL,NULL,NULL,NULL,NULL,NULL,9,3,1,3,1,1,2,2,6,3,N,NULL,Y,N,1913,1914,2013,N,NULL,40,,,Y,,N,N,098-CS-1085-0,NULL,NULL,2019,O,7.237E+11,098-CS-1085  -000,HIGH,098-CS-1085  -000,0.269,0,0,0,0,0,0,0,0,1,1,0,1,0
72363734,980100,2.019E+11,20190528,1832,,156,4TH,,ST,,,0,098 CS-1133,CS1133,Y,N,NULL,NULL,NULL,N,NULL,NULL,NULL,NULL,NULL,NULL,0.133,NULL,NULL,NULL,NULL,,NULL,0,0,2,2,Y,N,NULL,NULL,98,9801,NULL,,Y,37.48423,37,29.054,NULL,-82.51794,82,31.076,NULL,N,NULL,NULL,NULL,NULL,NULL,NULL,NULL,NULL,8,97,NULL,6,1,1,2,2,5,3,N,NULL,Y,N,1832,1837,1832,N,NULL,90,,,N,,N,N,098-CS-1133-0,NULL,NULL,2019,O,7.23637E+11,098-CS-1133  -000,HIGH,098-CS-1133  -000,0.133,0,0,0,0,0,0,0,0,0,0,0,0,0
72319038,980500,2019AR013,20190222,838,,,US23,,,US0023,US0023,0,098 US-23,US0023,N,Y,WEDDINGTON BRANCH,,RD,N,NULL,NULL,NULL,NULL,NULL,NULL,28.89,NULL,NULL,NULL,NULL,,NULL,0,0,2,2,N,N,45,NULL,98,9807,NULL,,Y,37.52245,37,31.347,NULL,-82.5706,82,34.236,NULL,N,NULL,NULL,NULL,NULL,NULL,NULL,NULL,NULL,5,3,6,6,1,5,6,2,1,3,N,NULL,Y,N,838,840,849,N,NULL,35,,1,N,,N,N,098-US-0023-0,NULL,NULL,2019,O,7.2319E+11,098-US-0023  -000,HIGH,098-US-0023  -000,28.89,0,0,0,0,0,0,0,1,0,0,1,0,0
72327537,980100,2.019E+11,20190312,543,,,US23,,,US0023,US0023,0,098 US-23,US0023,N,N,NULL,NULL,NULL,N,NULL,NULL,NULL,NULL,NULL,NULL,26.289,NULL,NULL,NULL,NULL,,NULL,0,0,2,2,N,N,55,NULL,98,9801,NULL,,Y,37.50374,37,30.225,NULL,-82.53216,82,31.929,NULL,N,NULL,NULL,NULL,NULL,NULL,NULL,NULL,NULL,1,3,4,6,1,1,2,5,7,3,N,NULL,Y,Y,543,547,631,N,NULL,55,,1,N,,N,N,098-US-0023-0,NULL,NULL,2019,O,7.23275E+11,098-US-0023  -000,HIGH,098-US-0023  -000,26.289,0,0,0,0,0,0,0,0,0,0,0,0,0
72369003,KSP0900,2019-19294,20190526,2220,,,KY194,,,KY0194,KY0194,0,098 KY-194,KY0194,N,N,NULL,NULL,NULL,N,NULL,NULL,NULL,NULL,NULL,NULL,59.199,NULL,NULL,NULL,NULL,,NULL,0,0,1,1,N,N,35,NULL,98,9811,NULL,,Y,37.55361,37,33.217,NULL,-82.15792,82,9.475,NULL,N,NULL,NULL,NULL,NULL,NULL,NULL,NULL,NULL,9,3,2,3,1,5,6,6,7,3,N,NULL,Y,Y,2220,2350,40,Y,NULL,40,7,0,N,,N,N,098-KY-0194-0,NULL,NULL,2019,O,7.2369E+11,098-KY-0194  -000,HIGH,098-KY-0194  -000,59.199,0,0,0,0,0,0,0,0,0,0,0,1,0
72362191,980100,2.019E+11,20190523,1951,,,CASSIDY,,BLVD,,,0,098 CS-1191,CS1191,Y,N,NULL,NULL,NULL,N,NULL,NULL,NULL,NULL,NULL,NULL,0.225,NULL,NULL,NULL,NULL,,NULL,0,0,2,2,N,N,NULL,NULL,98,9801,NULL,,Y,37.50421,37,30.252,NULL,-82.53559,82,32.136,NULL,N,NULL,NULL,NULL,NULL,NULL,NULL,NULL,NULL,2,97,NULL,6,1,1,2,2,1,3,N,NULL,Y,N,1951,2000,2029,N,NULL,90,,,N,,N,N,098-CS-1191-0,NULL,NULL,2019,O,7.23622E+11,098-CS-1191  -000,HIGH,098-CS-1191  -000,0.225,0,0,0,0,0,0,1,0,0,0,0,0,0
72364869,KSP0900,19-19311,20190526,2356,,,BEAVER CK,,RD,KY1373,KY1373,0,098 KY-1373,KY1373,N,N,NULL,NULL,NULL,N,NULL,NULL,NULL,NULL,NULL,NULL,0.505,NULL,NULL,NULL,NULL,,NULL,1,0,1,1,N,N,35,NULL,98,9802,1,E,N,37.31528,37,18.917,NULL,-82.35063,82,21.038,NULL,N,NULL,NULL,NULL,NULL,NULL,NULL,NULL,NULL,9,3,1,6,1,1,2,4,6,3,N,NULL,Y,Y,2356,4,,N,NULL,70,8,0,Y,,N,N,098-KY-1373-0,NULL,NULL,2019,C,7.23649E+11,098-KY-1373  -000,HIGH,098-KY-1373  -000,0.505,0,0,0,0,0,0,0,0,0,0,0,1,0
72366764,980500,2019AR042,20190607,1500,,3889,MAYO TRAIL,N,,,,,,,Y,N,NULL,NULL,NULL,N,NULL,NULL,NULL,NULL,NULL,NULL,NULL,NULL,NULL,NULL,NULL,NULL,NULL,0,0,2,2,N,N,15,NULL,98,9807,NULL,,Y,37.52008,37,31.205,NULL,-82.56929,82,34.157,NULL,N,NULL,NULL,NULL,NULL,NULL,NULL,NULL,NULL,2,97,2,6,1,5,3,2,1,3,N,NULL,Y,N,1500,1502,1515,N,NULL,90,,,N,,N,N,,NULL,NULL,2019,O,7.23668E+11,098-US-0023  -010,MEDIUM,098-US-0023  -000,28.708,0,0,0,0,0,0,1,0,0,0,0,0,0
72361092,KSP0900,19-18554,20190522,740,,,US119,,,US0119,US0119,0,098 US-119,US0119,N,N,NULL,NULL,NULL,N,NULL,NULL,NULL,NULL,NULL,NULL,22.619,NULL,NULL,NULL,NULL,,NULL,0,0,2,2,N,N,55,NULL,98,9852,NULL,,Y,37.63992,37,38.395,NULL,-82.25898,82,15.539,NULL,N,NULL,NULL,NULL,NULL,NULL,NULL,NULL,NULL,5,3,2,6,1,1,3,2,7,3,N,NULL,Y,N,740,758,808,N,NULL,49,2,1,N,,N,N,098-US-0119-0,NULL,NULL,2019,O,7.23611E+11,098-US-0119  -000,HIGH,098-US-0119  -000,22.619,0,0,1,0,0,0,1,0,0,0,0,0,0
72357946,KSP0900,19-15927,20190504,1318,,,COLLINS,,HWY,KY0122,KY0122,0,098 KY-122,KY0122,N,N,NULL,NULL,NULL,N,NULL,NULL,NULL,NULL,NULL,NULL,14.464,NULL,NULL,NULL,NULL,,NULL,0,0,1,1,N,N,55,NULL,98,9801,NULL,,Y,37.41741,37,25.045,NULL,-82.50265,82,30.159,NULL,N,NULL,NULL,NULL,NULL,NULL,NULL,NULL,NULL,9,3,2,6,1,1,2,2,7,3,N,NULL,Y,Y,1318,1319,,N,NULL,44,,0,N,,N,Y,098-KY-0122-0,NULL,NULL,2019,O,7.23579E+11,098-KY-0122  -000,HIGH,098-KY-0122  -000,14.464,0,0,0,1,0,0,1,0,0,0,0,1,0
72359291,KSP0900,19-19443,20190527,2220,,,ELISHA,,FRK,,,0,098 CR-1382,CR1382,N,N,NULL,NULL,NULL,N,NULL,NULL,NULL,NULL,NULL,NULL,0.007,NULL,NULL,NULL,NULL,,NULL,0,0,2,2,N,N,15,NULL,98,9801,0.5,W,N,37.49152,37,29.491,NULL,-82.57636,82,34.582,NULL,N,NULL,NULL,NULL,NULL,NULL,NULL,NULL,NULL,1,3,1,4,1,1,2,4,6,3,N,NULL,Y,N,2217,2303,,N,NULL,55,,,N,,N,N,098-CR-1382-0,NULL,NULL,2019,O,7.23593E+11,098-CR-1382  -000,HIGH,098-CR-1382  -000,0.007,0,0,0,0,0,0,0,0,0,0,0,0,0
72362383,980100,2.019E+11,20190531,850,,,MAIN,,ST,,,,,,N,N,NULL,NULL,NULL,N,NULL,NULL,NULL,NULL,NULL,NULL,0.166,NULL,NULL,NULL,NULL,,NULL,0,0,2,2,Y,Y,15,NULL,98,9801,NULL,,Y,37.47985,37,28.791,NULL,-82.51718,82,31.031,NULL,N,NULL,NULL,NULL,NULL,NULL,NULL,NULL,NULL,8,3,2,6,1,1,3,2,1,3,N,NULL,Y,N,850,850,,N,NULL,47,,,Y,,N,N,,NULL,NULL,2019,O,7.23624E+11,098-CS-1112  -000,HIGH,098-CS-1112  -000,0.166,0,0,0,0,0,0,1,0,0,0,0,0,0
72325985,980000,1903005,20190311,735,,,US460,,,US0460,US0460,0,098 US-460,US0460,N,N,NULL,NULL,NULL,N,NULL,NULL,NULL,NULL,NULL,NULL,4.195,NULL,NULL,NULL,NULL,,NULL,0,0,2,2,N,N,55,NULL,98,9801,10,E,N,37.41892,37,25.135,NULL,-82.45861,82,27.517,NULL,N,NULL,NULL,NULL,NULL,NULL,NULL,NULL,NULL,7,3,2,3,1,1,2,2,7,3,N,NULL,Y,Y,752,752,917,N,NULL,54,,1,N,,N,N,098-US-0460-0,NULL,NULL,2019,O,7.2326E+11,098-US-0460  -000,HIGH,098-US-0460  -000,4.195,0,1,0,1,0,0,1,0,0,0,0,1,0
72330793,KSP0900,19-7288,20190306,530,,,OLD US119,,,,,0,098 CR-1067,CR1067,N,N,NULL,NULL,NULL,N,NULL,NULL,NULL,NULL,NULL,NULL,0.017,NULL,NULL,NULL,NULL,,NULL,0,0,2,2,N,N,35,NULL,98,9836,NULL,,Y,37.63562,37,38.137,NULL,-82.25811,82,15.487,NULL,N,NULL,NULL,NULL,NULL,NULL,NULL,NULL,NULL,3,3,2,1,1,2,3,6,7,3,N,NULL,Y,N,538,722,800,N,NULL,52,,,N,,N,N,098-CR-1067-0,NULL,NULL,2019,O,7.23308E+11,098-CR-1067  -000,HIGH,098-CR-1067  -000,0.017,0,0,0,0,0,0,0,0,0,0,0,1,0
72327788,980100,2.019E+11,20190315,1607,,183,CASSIDY BLVD,,,,,,,,Y,N,NULL,NULL,NULL,N,NULL,NULL,NULL,NULL,NULL,NULL,NULL,NULL,NULL,NULL,NULL,,NULL,0,0,2,2,N,N,15,NULL,98,9801,NULL,,Y,37.50439,37,30.263,NULL,-82.53691,82,32.215,NULL,N,NULL,NULL,NULL,NULL,NULL,NULL,NULL,NULL,2,97,2,6,1,1,2,2,1,3,N,NULL,N,N,1607,1616,1635,N,NULL,90,,,N,,N,N,,NULL,NULL,2019,O,7.23278E+11,098-CS-1191  -000,HIGH,098-CS-1191  -000,0.266,0,0,0,1,0,0,1,0,0,0,0,0,0
72360572,980100,2.019E+11,20190530,1825,,,2ND,,ST,,,0,098 CS-1117,CS1117,N,N,NULL,NULL,NULL,N,NULL,NULL,NULL,NULL,NULL,NULL,0.269,NULL,NULL,NULL,NULL,,NULL,0,0,2,2,N,N,15,NULL,98,9801,NULL,,Y,37.4802,37,28.812,NULL,-82.5182,82,31.092,NULL,N,NULL,NULL,NULL,NULL,NULL,NULL,NULL,NULL,8,5,1,6,1,5,6,2,1,3,N,NULL,Y,Y,1826,1830,1830,N,NULL,47,,,N,,N,N,098-CS-1117-0,NULL,NULL,2019,O,7.23606E+11,098-CS-1117  -000,HIGH,098-CS-1117  -000,0.269,0,0,0,0,0,0,0,0,0,0,0,0,0
72331601,980100,2.019E+11,20190326,1547,,,SOUTH MAYO,,TRL,,,,,,Y,N,NULL,NULL,NULL,N,NULL,NULL,NULL,NULL,NULL,NULL,NULL,NULL,NULL,NULL,NULL,NULL,NULL,0,0,2,2,N,N,15,NULL,98,9801,NULL,,Y,37.46775,37,28.065,NULL,-82.5339,82,32.034,NULL,N,NULL,NULL,NULL,NULL,NULL,NULL,NULL,NULL,2,97,NULL,6,1,1,2,2,5,3,N,NULL,Y,N,1549,1559,,N,NULL,90,,,N,,N,N,,NULL,NULL,2019,O,7.23316E+11,098-CS-1023  -000,MEDIUM,098-CS-1023  -000,0.051,0,0,0,1,0,0,1,0,0,0,0,0,0
72356821,980100,2.019E+11,20190518,1719,,,CASSIDY,,BLVD,,,0,098 CS-1191,CS1191,N,N,NULL,NULL,NULL,N,NULL,NULL,NULL,NULL,NULL,NULL,0.054,NULL,NULL,NULL,NULL,,NULL,0,0,2,2,N,N,55,NULL,98,9801,NULL,,Y,37.50368,37,30.221,NULL,-82.53302,82,31.981,NULL,N,NULL,NULL,NULL,NULL,NULL,NULL,NULL,NULL,1,3,3,6,1,1,2,2,7,3,N,NULL,Y,N,1719,1727,1728,N,NULL,55,,,N,,N,N,098-CS-1191-0,NULL,NULL,2019,O,7.23568E+11,098-CS-1191  -000,HIGH,098-CS-1191  -000,0.054,0,0,1,0,0,0,0,1,0,0,0,0,0
72360830,980100,2.019E+11,20190601,1757,,124,KEYSER HEIGHTS,E,DR,,,,,,N,N,NULL,NULL,NULL,N,NULL,NULL,NULL,NULL,NULL,NULL,0.224,NULL,NULL,NULL,NULL,,NULL,0,0,2,2,N,N,10,NULL,98,9801,NULL,,Y,37.49059,37,29.435,NULL,-82.5274,82,31.644,NULL,N,NULL,NULL,NULL,NULL,NULL,NULL,NULL,NULL,2,3,1,6,1,1,2,2,6,3,N,NULL,Y,N,1757,1800,1800,N,NULL,47,,,N,,N,N,,NULL,NULL,2019,O,7.23608E+11,098-CS-1189  -000,LOW,098-CS-1189  -000,0.224,0,0,0,1,0,0,1,0,0,0,0,0,0
72361512,KSP0900,201915521,20190501,2006,,,LEFT FORK BLACKBERRY,,RD,,,0,098 CR-1809,CR1809,N,N,NULL,NULL,NULL,N,NULL,NULL,NULL,NULL,NULL,NULL,0.641,NULL,NULL,NULL,NULL,,NULL,0,0,1,1,N,N,25,NULL,98,9879,NULL,,Y,37.52372,37,31.423,NULL,-82.2196,82,13.176,NULL,N,NULL,NULL,NULL,NULL,NULL,NULL,NULL,NULL,9,5,2,6,1,1,2,6,7,3,Y,NULL,N,N,2008,2035,2120,N,NULL,40,,,Y,,N,N,098-CR-1809-0,NULL,NULL,2019,O,7.23615E+11,098-CR-1809  -000,HIGH,098-CR-1809  -000,0.641,0,0,0,1,0,0,0,0,1,0,0,1,0
72326386,980000,19-03-001,20190303,2115,,,KY1441 TURN LANE,,,KY1441,KY1441,0,098 KY-1441-20,KY1441,Y,N,NULL,NULL,NULL,N,NULL,NULL,NULL,NULL,NULL,NULL,0.025,NULL,NULL,NULL,NULL,,NULL,0,0,2,2,N,Y,15,NULL,98,9801,6.5,E,N,37.40899,37,24.539,NULL,-82.44767,82,26.86,NULL,N,NULL,NULL,NULL,NULL,NULL,NULL,NULL,NULL,2,97,2,6,1,1,3,5,8,3,N,NULL,Y,Y,2125,2135,2135,N,NULL,90,,5,N,,N,N,098-KY-1441-20,NULL,NULL,2019,O,7.23264E+11,098-KY-1441  -020,HIGH,098-KY-1441  -020,0.025,0,0,0,0,0,0,1,0,0,0,0,0,0
72360932,KSP0900,19-20201,20190602,54,,,KY3218,,,KY3218,KY3218,0,098 KY-3218,KY3218,N,N,NULL,NULL,NULL,N,NULL,NULL,NULL,NULL,NULL,NULL,3.193,NULL,NULL,NULL,NULL,,NULL,0,0,1,1,N,N,55,NULL,98,9807,NULL,,Y,37.56139,37,33.683,NULL,-82.55721,82,33.433,NULL,N,NULL,NULL,NULL,NULL,NULL,NULL,NULL,NULL,9,5,2,1,1,1,2,4,6,3,N,NULL,Y,N,54,109,,Y,NULL,44,8,0,N,,N,N,098-KY-3218-0,NULL,NULL,2019,O,7.23609E+11,098-KY-3218  -000,HIGH,098-KY-3218  -000,3.193,0,0,0,0,0,0,0,0,0,0,0,1,0
72330517,980000,19-03-008,20190321,1700,,,US119,,,US0119,US0119,0,098 US-119-10,US0119,N,N,NULL,NULL,NULL,N,NULL,NULL,NULL,NULL,NULL,NULL,24.068,NULL,NULL,NULL,NULL,,NULL,0,0,2,2,N,N,45,NULL,98,9834,NULL,,Y,37.6566,37,39.396,NULL,-82.27074,82,16.244,NULL,N,NULL,NULL,NULL,NULL,NULL,NULL,NULL,NULL,5,3,4,6,1,5,6,2,7,3,N,NULL,Y,Y,1500,1500,1525,N,NULL,49,2,1,N,,N,N,098-US-0119-10,NULL,NULL,2019,O,7.23305E+11,098-US-0119  -010,HIGH,098-US-0119  -000,24.068,0,0,1,1,0,0,0,1,0,0,0,0,0
72363286,980100,2.019E+11,20190605,916,,,US23,,,US0023,US0023,0,098 US-23,US0023,N,N,NULL,NULL,NULL,N,NULL,NULL,NULL,NULL,NULL,NULL,26.289,NULL,NULL,NULL,NULL,,NULL,1,0,2,2,N,N,55,NULL,98,9801,NULL,,Y,37.50378,37,30.227,NULL,-82.53214,82,31.928,NULL,N,NULL,NULL,NULL,NULL,NULL,NULL,NULL,NULL,1,3,4,6,1,5,3,2,1,3,Y,NULL,Y,Y,916,919,942,N,NULL,55,,1,N,,N,N,098-US-0023-0,NULL,NULL,2019,C,7.23633E+11,098-US-0023  -000,HIGH,098-US-0023  -000,26.289,0,0,0,0,0,0,1,1,0,0,0,0,0
72365867,980500,2019AR043,20190612,1250,,,US23,,,US0023,US0023,0,098 US-23,US0023,N,N,NULL,NULL,NULL,N,NULL,NULL,NULL,NULL,NULL,NULL,28.366,NULL,NULL,NULL,NULL,,NULL,0,0,2,2,N,N,45,NULL,98,9807,NULL,,Y,37.51786,37,31.072,NULL,-82.5637,82,33.822,NULL,N,NULL,NULL,NULL,NULL,NULL,NULL,NULL,NULL,6,3,6,5,1,1,2,2,7,3,N,NULL,Y,Y,1253,1258,1258,N,NULL,70,,1,N,,N,N,098-US-0023-0,NULL,NULL,2019,O,7.23659E+11,098-US-0023  -000,HIGH,098-US-0023  -000,28.366,0,0,1,1,0,0,0,1,0,0,0,0,0