MasterFile,AgencyORINumber,LocalCode,CollisionDate,CollisionTime,CollisionDayWeekCode,RoadwayName_HouseBusinessNumber_,RoadwayName_RoadwayName_,RoadwayName_Direction_,RoadwayName_RoadwaySuffix_,RoadwayfromReport,CurrentRoadwayNumber,RoadwayNumberCoupletID,RSEUniqueGIS,RoadwayIdentifier,ParkingLotIndicator,IntersectionWith_Indicator_,IntersectionWith_NameRoadway_,IntersectionWith_Direction_,IntersectionWith_RoadwaySuffix_,BetweenStreets_Indicator_,BetweenStreets1_NameRoadway_,BetweenStreet1_Direction_,BetweenStreets1_RoadwaySuffix_,BetweenStreets2_NameRoadway_,BetweenStreets2_Direction_,BetweenStreets2_RoadwaySuffix_,Milepoint,ReportMilepointDeriveNumber,CurrentDerivedMiepointNumber,MilestoMilepoint,FeettoMilepoint,DirectionfromMilepoint_NSEW_,ValidMilepointIndicator,NumberInjured,NumberKilled,ofUnits,ofMotorVehicleUnits,Hit&RunIndicator,OneWayIndicator,SpeedLimitNumber,KilometersIndicator,CountyCode,CityCountyCode,MilesFromCity,DirectionFromCity_NSEW_,InCityLimitsIndicator,Latitude,LatitudeDegrees,LatitudeMinutes,LatitudeSeconds,Longitude,LongitudeDegrees,LongitudeMinutes,LongitudeSeconds,RampIndicator,RampFromIdentifier,RampFromDirCode,RampFromCoupletID,RSEUniqueGISRampFrom,RampToidentifier,RampToDirCode,RampToCoupletID,RSEUniqueGisRampTo,MannerofCollisionCode,LocationFirstEventCode,TotalLanes,RoadwayCharacterCode,RoadwaySurfaceCode,RoadwayConditionCode,WeatherCode,LightConditionCode,LandUseCode,SchoolBusRelatedCode,FirstAidSceneIndicator,CollDescPresentInd,InvestigationCompleteIndicator,PhotosTakenIndicator,TimeNotified,TimeArrived,TimeRoadwayOpened,PropertyDamageIndicator,DiagramPresentIndicator,DirectionalAnalysis,FunctionClassCode,NationalHwySysCode,EnforcementsIndicator,KARSCityCode,SecondaryCollisionIndicator,MedianCrossoverIndicator,RT_UNIQUE,MapIt,TimeLastLeft,YR,KABCO,MFNY,WorkingRID,RT_CONFIDENCE,KTC_RT,KTC_MP,Motorcyclist,CommercialVehicle,YoungDriver,MatureDriver,pedestrian,Bicyclist,Distracted,agressive,Impaired,Unrestrained,Intersection,RoadwayDeparture,MedXover
72365243,KSP0900,19-20582,20190604,1450,,,KY1426,,,KY1426,KY1426,0,098 KY-1426,KY1426,Y,N,NULL,NULL,NULL,N,NULL,NULL,NULL,NULL,NULL,NULL,12.492,NULL,NULL,NULL,NULL,,NULL,0,0,1,1,N,N,55,NULL,98,9801,NULL,,Y,37.54276,37,32.565,NULL,-82.46802,82,28.081,NULL,N,NULL,NULL,NULL,NULL,NULL,NULL,NULL,NULL,9,97,2,6,1,1,2,2,7,3,N,NULL,N,N,1455,1530,,N,NULL,90,7,0,N,,N,N,098-KY-1426-0,NULL,NULL,2019,O,7.23652E+11,098-KY-1426  -000,HIGH,098-KY-1426  -000,12.492,0,0,0,0,0,0,1,0,0,0,0,0,0
72360570,980100,2.019E+11,20190531,2045,,,US23,,,US0023,US0023,0,098 US-23,US0023,N,N,NULL,NULL,NULL,N,NULL,NULL,NULL,NULL,NULL,NULL,26.288,NULL,NULL,NULL,NULL,,NULL,0,0,2,2,N,N,55,NULL,98,9801,NULL,,Y,37.50372,37,30.223,NULL,-82.53215,82,31.929,NULL,N,NULL,NULL,NULL,NULL,NULL,NULL,NULL,NULL,2,3,4,6,1,1,2,2,7,3,N,NULL,Y,N,2045,2020,2050,N,NULL,56,,1,N,,N,N,098-US-0023-0,NULL,NULL,2019,O,7.23606E+11,098-US-0023  -000,HIGH,098-US-0023  -000,26.288,0,0,0,1,0,0,1,0,0,0,0,0,0
72361080,980100,2.019E+11,20190520,1627,,,MAIN,,ST,,,,,,Y,N,NULL,NULL,NULL,N,NULL,NULL,NULL,NULL,NULL,NULL,0.084,NULL,NULL,NULL,NULL,,NULL,0,0,2,2,N,N,15,NULL,98,9801,NULL,,Y,37.47884,37,28.73,NULL,-82.51792,82,31.076,NULL,N,NULL,NULL,NULL,NULL,NULL,NULL,NULL,NULL,2,97,1,6,1,1,2,2,1,3,N,NULL,Y,N,1627,1631,1631,N,NULL,90,,,N,,N,N,,NULL,NULL,2019,O,7.23611E+11,098-CS-1112  -000,HIGH,098-CS-1112  -000,0.084,0,0,0,0,0,0,1,1,0,0,0,0,0
72359287,KSP0900,19-19409,20190527,1702,,,US460,,,US0460,US0460,0,098 US-460,US0460,N,N,NULL,NULL,NULL,N,NULL,NULL,NULL,NULL,NULL,NULL,6.426,NULL,NULL,NULL,NULL,,NULL,2,0,3,3,N,N,55,NULL,98,9832,NULL,,Y,37.39774,37,23.865,NULL,-82.43314,82,25.988,NULL,N,NULL,NULL,NULL,NULL,NULL,NULL,NULL,NULL,7,3,2,6,1,1,2,2,7,3,Y,NULL,N,Y,1702,1704,,Y,NULL,54,,1,N,,N,N,098-US-0460-0,NULL,NULL,2019,C,7.23593E+11,098-US-0460  -000,HIGH,098-US-0460  -000,6.426,0,0,0,0,0,0,0,0,0,0,0,1,0
72358745,KSP0900,19-18343,20190520,1848,,,US23,,,US0023,US0023,0,098 US-23,US0023,Y,N,NULL,NULL,NULL,N,NULL,NULL,NULL,NULL,NULL,NULL,28.748,NULL,NULL,NULL,NULL,,NULL,0,0,2,2,N,N,15,NULL,98,9807,NULL,,Y,37.52136,37,31.282,NULL,-82.5687,82,34.122,NULL,N,NULL,NULL,NULL,NULL,NULL,NULL,NULL,NULL,5,97,1,6,1,5,2,2,1,3,N,NULL,N,N,1856,1934,1856,N,NULL,90,,1,N,,N,N,098-US-0023-0,NULL,NULL,2019,O,7.23587E+11,098-US-0023  -000,HIGH,098-US-0023  -000,28.748,0,0,0,0,0,0,0,0,0,0,0,0,0
72371288,KSP0900,19-22752,20190619,910,,,KY1056,,,KY1056,KY1056,0,098 KY-1056,KY1056,N,N,NULL,NULL,NULL,N,NULL,NULL,NULL,NULL,NULL,NULL,1.585,NULL,NULL,NULL,NULL,,NULL,1,0,1,1,N,N,55,NULL,98,9863,NULL,,Y,37.56418,37,33.851,NULL,-82.23969,82,14.381,NULL,N,NULL,NULL,NULL,NULL,NULL,NULL,NULL,NULL,9,3,2,1,1,5,6,2,7,3,Y,NULL,Y,Y,910,922,940,N,NULL,40,8,0,Y,,N,N,098-KY-1056-0,NULL,NULL,2019,C,7.23713E+11,098-KY-1056  -000,HIGH,098-KY-1056  -000,1.585,0,0,0,0,0,0,0,0,1,0,0,1,0
72366017,KSP0900,19-21381,20190609,1517,,,US460,,,US0460,US0460,0,098 US-460,US0460,Y,N,NULL,NULL,NULL,N,NULL,NULL,NULL,NULL,NULL,NULL,4.74,NULL,NULL,NULL,NULL,,NULL,0,0,1,1,N,N,5,NULL,98,9824,NULL,,Y,37.41405,37,24.843,NULL,-82.45135,82,27.081,NULL,N,NULL,NULL,NULL,NULL,NULL,NULL,NULL,NULL,9,97,2,4,1,1,3,2,7,3,N,NULL,Y,N,1540,1545,,Y,NULL,90,,1,N,,N,N,098-US-0460-0,NULL,NULL,2019,O,7.2366E+11,098-US-0460  -000,HIGH,098-US-0460  -000,4.74,0,0,1,0,0,0,1,0,0,0,0,1,0
72372022,KSP0900,19-23195,20190622,316,,,US460,,,US0460,US0460,0,098 US-460,US0460,N,N,NULL,NULL,NULL,N,NULL,NULL,NULL,NULL,NULL,NULL,6.026,NULL,NULL,NULL,NULL,,NULL,0,0,1,1,N,N,55,NULL,98,9824,NULL,,Y,37.40321,37,24.193,NULL,-82.43472,82,26.084,NULL,N,NULL,NULL,NULL,NULL,NULL,NULL,NULL,NULL,9,3,2,6,1,5,6,5,7,3,N,NULL,N,N,316,331,,N,NULL,70,,1,N,,N,N,098-US-0460-0,NULL,NULL,2019,O,7.2372E+11,098-US-0460  -000,HIGH,098-US-0460  -000,6.026,0,0,1,0,0,0,0,0,0,0,0,1,0
72367859,980100,2.019E+11,20190617,1530,,,NORTHMONTE,,DR,,,0,098 CS-1098,CS1098,N,N,NULL,NULL,NULL,N,NULL,NULL,NULL,NULL,NULL,NULL,0.289,NULL,NULL,NULL,NULL,,NULL,0,0,1,1,N,N,15,NULL,98,9801,NULL,,Y,37.48546,37,29.128,NULL,-82.53755,82,32.253,NULL,N,NULL,NULL,NULL,NULL,NULL,NULL,NULL,NULL,9,3,2,1,1,1,3,2,6,3,N,NULL,Y,Y,1530,1530,1547,N,NULL,40,,,N,,N,N,098-CS-1098-0,NULL,NULL,2019,O,7.23679E+11,098-CS-1098  -000,HIGH,098-CS-1098  -000,0.289,0,0,0,0,0,0,0,0,0,0,0,1,0
72367645,KSP0900,19-20339,20190602,2318,,,KY197,,,KY0197,KY0197,0,098 KY-197,KY0197,N,N,NULL,NULL,NULL,N,NULL,NULL,NULL,NULL,NULL,NULL,13.651,NULL,NULL,NULL,NULL,,NULL,3,0,2,2,N,N,55,NULL,98,9802,3,S,N,37.27753,37,16.652,NULL,-82.38189,82,22.913,NULL,N,NULL,NULL,NULL,NULL,NULL,NULL,NULL,NULL,3,3,2,6,1,5,3,4,6,3,N,NULL,Y,Y,2318,37,,N,NULL,52,7,0,Y,,N,N,098-KY-0197-0,NULL,NULL,2019,A,7.23676E+11,098-KY-0197  -000,HIGH,098-KY-0197  -000,13.651,0,0,1,0,0,0,0,0,1,0,0,1,0
72367078,980100,2.019E+11,20190615,910,,,JUSTICE WAY,,,,,,,,Y,N,NULL,NULL,NULL,N,NULL,NULL,NULL,NULL,NULL,NULL,NULL,NULL,NULL,NULL,NULL,NULL,NULL,0,0,2,2,N,N,15,NULL,98,9801,NULL,,Y,37.50714,37,30.429,NULL,-82.54418,82,32.651,NULL,N,NULL,NULL,NULL,NULL,NULL,NULL,NULL,NULL,2,97,1,6,1,1,2,2,6,3,N,NULL,Y,N,910,919,919,N,NULL,90,,,N,,N,N,,NULL,NULL,2019,O,7.23671E+11,098-CS-1216  -000,MEDIUM,098-CS-1216  -000,0.039,0,0,0,0,0,0,1,0,0,0,0,0,0
72369004,KSP0900,19-21439,20190609,2310,,,KY3418,,,KY3418,KY3418,0,098 KY-3418,KY3418,N,N,NULL,NULL,NULL,N,NULL,NULL,NULL,NULL,NULL,NULL,7.301,NULL,NULL,NULL,NULL,,NULL,2,0,2,2,Y,N,40,NULL,98,9850,NULL,,Y,37.46571,37,27.943,NULL,-82.40283,82,24.17,NULL,N,NULL,NULL,NULL,NULL,NULL,NULL,NULL,NULL,7,3,2,2,1,1,2,6,7,3,Y,NULL,Y,Y,2310,2330,2330,N,NULL,54,9,0,N,,N,N,098-KY-3418-0,NULL,NULL,2019,C,7.2369E+11,098-KY-3418  -000,HIGH,098-KY-3418  -000,7.301,0,0,0,1,0,0,0,0,0,0,0,1,0
72355931,980100,2.019E+11,20190518,1759,,,MAYO,S,TRL,KY3496,KY3496,0,098 KY-3496,KY3496,Y,N,NULL,NULL,NULL,N,NULL,NULL,NULL,NULL,NULL,NULL,0.234,NULL,NULL,NULL,NULL,,NULL,0,0,2,2,Y,N,35,NULL,98,9801,NULL,,Y,37.46677,37,28.006,NULL,-82.53175,82,31.905,NULL,N,NULL,NULL,NULL,NULL,NULL,NULL,NULL,NULL,3,97,2,6,1,1,2,2,5,3,N,NULL,Y,N,1759,1801,1840,N,NULL,90,16,0,N,,N,N,098-KY-3496-0,NULL,NULL,2019,NULL,7.23559E+11,098-KY-3496  -000,HIGH,098-KY-3496  -000,0.234,0,0,0,0,0,0,0,0,0,0,0,0,0
72358931,980000,19-05-004,20190528,1558,,,KY1469,,,KY1469,KY1469,0,098 KY-1469,KY1469,N,N,NULL,NULL,NULL,N,NULL,NULL,NULL,NULL,NULL,NULL,14.099,NULL,NULL,NULL,NULL,,NULL,0,0,2,2,N,N,55,NULL,98,9827,NULL,,Y,37.36025,37,21.615,NULL,-82.55495,82,33.297,NULL,N,NULL,NULL,NULL,NULL,NULL,NULL,NULL,NULL,5,3,2,6,1,1,2,2,7,3,N,NULL,Y,Y,1545,1548,1548,N,NULL,49,7,0,N,,N,N,098-KY-1469-0,NULL,NULL,2019,O,7.23589E+11,098-KY-1469  -000,HIGH,098-KY-1469  -000,14.099,0,0,0,0,0,0,0,1,0,0,0,0,0
72359699,370200,2019-18771,20190523,1356,,,US460,,,US0460,US0460,0,098 US-460,US0460,N,N,NULL,NULL,NULL,N,NULL,NULL,NULL,NULL,NULL,NULL,4.278,NULL,NULL,NULL,NULL,,NULL,1,0,2,2,N,N,45,NULL,98,9801,NULL,,Y,37.41848,37,25.109,NULL,-82.45715,82,27.429,NULL,N,NULL,NULL,NULL,NULL,NULL,NULL,NULL,NULL,5,3,2,6,1,1,3,2,7,3,Y,NULL,Y,Y,1357,1415,1451,N,NULL,49,,1,N,,N,N,098-US-0460-0,NULL,NULL,2019,C,7.23597E+11,098-US-0460  -000,HIGH,098-US-0460  -000,4.278,0,0,0,0,0,0,1,0,0,0,0,0,0
72367898,KSP0900,19-22209,20190615,419,,,KY194,,,KY0194,KY0194,0,098 KY-194,KY0194,N,N,NULL,NULL,NULL,N,NULL,NULL,NULL,NULL,NULL,NULL,55.01,NULL,NULL,NULL,NULL,,NULL,0,0,1,1,Y,N,35,NULL,98,9804,NULL,,Y,37.51249,37,30.749,NULL,-82.1497,82,8.982,NULL,N,NULL,NULL,NULL,NULL,NULL,NULL,NULL,NULL,9,5,2,6,1,1,2,1,7,3,N,NULL,Y,N,620,712,724,Y,NULL,40,8,0,N,,N,N,098-KY-0194-0,NULL,NULL,2019,NULL,7.23679E+11,098-KY-0194  -000,HIGH,098-KY-0194  -000,55.01,0,0,0,0,0,0,0,0,0,0,0,1,0
72367169,980100,2.019E+11,20190614,1402,,,BYPASS,S,RD,KY1426,KY1426,0,098 KY-1426,KY1426,N,N,NULL,NULL,NULL,N,NULL,NULL,NULL,NULL,NULL,NULL,5.635,NULL,NULL,NULL,NULL,,NULL,0,0,2,2,N,N,55,NULL,98,9801,NULL,,Y,37.47255,37,28.353,NULL,-82.52382,82,31.429,NULL,N,NULL,NULL,NULL,NULL,NULL,NULL,NULL,NULL,5,3,2,6,1,1,2,2,7,3,N,NULL,Y,N,1402,1403,1403,N,NULL,49,,0,N,,N,N,098-KY-1426-0,NULL,NULL,2019,O,7.23672E+11,098-KY-1426  -000,HIGH,098-KY-1426  -000,5.635,0,0,0,0,0,0,1,0,0,0,0,0,0
72367310,980100,2.019E+11,20190616,725,,,BYPASS,S,RD,KY1426,KY1426,,,,N,N,NULL,NULL,NULL,N,NULL,NULL,NULL,NULL,NULL,NULL,5.717,NULL,NULL,NULL,NULL,,NULL,0,0,2,2,N,N,35,NULL,98,9801,NULL,,Y,37.47293,37,28.376,NULL,-82.52239,82,31.344,NULL,N,NULL,NULL,NULL,NULL,NULL,NULL,NULL,NULL,1,3,2,6,1,1,2,2,1,3,N,NULL,Y,N,725,732,735,N,NULL,55,,0,N,,N,N,,NULL,NULL,2019,O,7.23673E+11,098-KY-1426  -000,HIGH,098-KY-1426  -000,5.717,0,0,0,0,0,0,0,0,0,0,0,0,0
72370510,980100,2.019E+11,20190618,1411,,,CASSIDY,,BLVD,,,,,,Y,N,NULL,NULL,NULL,N,NULL,NULL,NULL,NULL,NULL,NULL,0.324,NULL,NULL,NULL,NULL,,NULL,0,0,2,2,N,N,15,NULL,98,9801,NULL,,Y,37.50522,37,30.313,NULL,-82.53733,82,32.24,NULL,N,NULL,NULL,NULL,NULL,NULL,NULL,NULL,NULL,2,97,1,6,1,5,6,2,1,3,N,NULL,Y,N,1411,1418,1418,N,NULL,90,,,N,,N,N,,NULL,NULL,2019,O,7.23705E+11,098-CS-1191  -000,HIGH,098-CS-1191  -000,0.324,0,0,0,1,0,0,1,0,0,0,0,0,0
72362543,980100,2.019E+11,20190605,848,,,KY1426,,,KY1426,KY1426,,,,N,N,NULL,NULL,NULL,N,NULL,NULL,NULL,NULL,NULL,NULL,8.143,NULL,NULL,NULL,NULL,,NULL,0,0,1,1,N,N,45,NULL,98,9801,NULL,,Y,37.49332,37,29.599,NULL,-82.4911,82,29.466,NULL,N,NULL,NULL,NULL,NULL,NULL,NULL,NULL,NULL,9,3,2,1,1,5,3,2,1,3,N,NULL,Y,N,848,852,,Y,NULL,40,,0,N,,N,N,,NULL,NULL,2019,O,7.23625E+11,098-KY-1426  -000,MEDIUM,098-KY-1426  -000,8.143,0,0,0,0,0,0,0,0,0,0,0,1,0
72330799,KSP0900,19-7443,20190307,1118,,,MALL,,RD,,,0,098 CR-1037,CR1037,Y,N,NULL,NULL,NULL,N,NULL,NULL,NULL,NULL,NULL,NULL,0.341,NULL,NULL,NULL,NULL,,NULL,0,0,2,2,N,N,NULL,NULL,98,9834,NULL,,Y,37.65619,37,39.372,NULL,-82.27195,82,16.317,NULL,N,NULL,NULL,NULL,NULL,NULL,NULL,NULL,NULL,5,97,1,6,1,1,3,2,1,3,N,NULL,Y,N,1202,1223,1240,N,NULL,90,,,N,,N,N,098-CR-1037-0,NULL,NULL,2019,O,7.23308E+11,098-CR-1037  -000,HIGH,098-CR-1037  -000,0.341,0,0,0,0,0,0,1,0,0,0,0,0,0
72357810,KSP0900,19-18796,20190522,1500,,5188,GREASY,,CRK,,,0,098 CR-1256,CR1256,N,N,NULL,NULL,NULL,N,NULL,NULL,NULL,NULL,NULL,NULL,1.539,NULL,NULL,NULL,NULL,,NULL,0,0,2,2,Y,N,35,NULL,98,9824,NULL,,Y,37.36569,37,21.941,NULL,-82.49498,82,29.699,NULL,N,NULL,NULL,NULL,NULL,NULL,NULL,NULL,NULL,1,3,1,6,1,1,2,2,6,3,N,NULL,Y,N,1806,1819,1819,N,NULL,47,,,N,,N,N,098-CR-1256-0,NULL,NULL,2019,NULL,7.23578E+11,098-CR-1256  -000,HIGH,098-CR-1256  -000,1.539,0,0,0,0,0,0,0,0,0,0,0,0,0
72319228,980100,2.019E+11,20190222,1905,,,RIVER,,DR,,,,,,N,N,NULL,NULL,NULL,N,NULL,NULL,NULL,NULL,NULL,NULL,0.027,NULL,NULL,NULL,NULL,,NULL,0,0,1,1,N,N,45,NULL,98,9801,NULL,,Y,37.47351,37,28.411,NULL,-82.52186,82,31.311,NULL,N,NULL,NULL,NULL,NULL,NULL,NULL,NULL,NULL,9,6,2,6,1,5,6,5,1,3,N,NULL,Y,N,1906,1908,1959,N,NULL,40,,,N,,N,N,,NULL,NULL,2019,O,7.23192E+11,098-CS-1054  -000,HIGH,098-CS-1054  -000,0.027,0,0,0,0,0,0,0,0,0,0,0,1,0
72360556,980100,2.019E+11,20190531,1502,,,MAYO,N,TRL,US0023,US0023,0,098 US-23-10,US0023,N,N,NULL,NULL,NULL,N,NULL,NULL,NULL,NULL,NULL,NULL,26.235,NULL,NULL,NULL,NULL,,NULL,0,0,1,1,N,N,55,NULL,98,9801,NULL,,Y,37.50298,37,30.179,NULL,-82.53228,82,31.937,NULL,N,NULL,NULL,NULL,NULL,NULL,NULL,NULL,NULL,9,3,4,6,1,1,3,2,7,3,N,NULL,Y,N,1502,1506,1506,N,NULL,40,,1,N,,N,N,098-US-0023-10,NULL,NULL,2019,O,7.23606E+11,098-US-0023  -010,HIGH,098-US-0023  -000,26.235,0,0,0,1,0,0,0,0,0,0,0,1,0
72361416,980500,2019AR039,20190530,1424,,,US23,,,US0023,US0023,0,098 US-23,US0023,N,Y,COWPEN,,RD,N,NULL,NULL,NULL,NULL,NULL,NULL,29.466,NULL,NULL,NULL,NULL,,NULL,2,0,2,2,N,N,45,NULL,98,9807,NULL,,Y,37.52983,37,31.79,NULL,-82.57586,82,34.552,NULL,N,NULL,NULL,NULL,NULL,NULL,NULL,NULL,NULL,1,3,6,6,1,1,2,2,1,3,Y,NULL,Y,Y,1424,1425,1518,N,NULL,8,,1,N,,N,N,098-US-0023-0,NULL,NULL,2019,B,7.23614E+11,098-US-0023  -000,HIGH,098-US-0023  -000,29.466,0,0,0,0,0,0,0,1,0,0,1,0,0
72359149,980100,2.019E+11,20190516,1416,,,HAROLDS BRANCH,,RD,,,0,098 CS-1223,CS1223,N,N,NULL,NULL,NULL,N,NULL,NULL,NULL,NULL,NULL,NULL,0.064,NULL,NULL,NULL,NULL,,NULL,0,0,3,3,N,N,15,NULL,98,9801,NULL,,Y,37.47198,37,28.319,NULL,-82.52224,82,31.334,NULL,N,NULL,NULL,NULL,NULL,NULL,NULL,NULL,NULL,7,97,2,6,2,1,2,2,1,3,N,NULL,Y,N,1416,1416,,N,NULL,54,,,N,,N,N,098-CS-1223-0,NULL,NULL,2019,O,7.23591E+11,098-CS-1223  -000,HIGH,098-CS-1223  -000,0.064,0,0,0,1,0,0,1,0,0,0,0,1,0
72365561,980100,2.019E+11,20190603,1644,,,MAIN,,ST,,,,,,Y,N,NULL,NULL,NULL,N,NULL,NULL,NULL,NULL,NULL,NULL,0.091,NULL,NULL,NULL,NULL,,NULL,0,0,2,2,Y,N,15,NULL,98,9801,NULL,,Y,37.47893,37,28.736,NULL,-82.51788,82,31.072,NULL,N,NULL,NULL,NULL,NULL,NULL,NULL,NULL,NULL,7,97,1,6,1,1,2,2,7,3,N,NULL,Y,N,1644,1648,1648,N,NULL,90,,,N,,N,N,,NULL,NULL,2019,NULL,7.23656E+11,098-CS-1112  -000,HIGH,098-CS-1112  -000,0.091,0,0,0,0,0,0,1,0,0,0,0,0,0
72372628,980000,19-06-005,20190619,1330,,28093,US119,,,US0119,US0119,0,098 US-119,US0119,Y,N,NULL,NULL,NULL,N,NULL,NULL,NULL,NULL,NULL,NULL,23.805,NULL,NULL,NULL,NULL,,NULL,0,0,2,2,N,N,55,NULL,98,9834,NULL,,Y,37.65306,37,39.183,NULL,-82.26862,82,16.117,NULL,N,NULL,NULL,NULL,NULL,NULL,NULL,NULL,NULL,2,97,4,6,1,1,3,2,1,3,N,NULL,Y,N,1331,1402,1415,N,NULL,90,2,1,N,,N,N,098-US-0119-0,NULL,NULL,2019,O,7.23726E+11,098-US-0119  -000,HIGH,098-US-0119  -000,23.805,0,0,0,1,0,0,1,0,0,0,0,0,0
72373070,980100,2.019E+11,20190623,1811,,,CEDAR HILLS,,RD,KY1426,KY1426,0,098 KY-1426,KY1426,N,N,NULL,NULL,NULL,N,NULL,NULL,NULL,NULL,NULL,NULL,4.545,NULL,NULL,NULL,NULL,,NULL,0,0,1,1,N,N,35,NULL,98,9801,NULL,,Y,37.46201,37,27.72,NULL,-82.52869,82,31.722,NULL,N,NULL,NULL,NULL,NULL,NULL,NULL,NULL,NULL,9,97,2,3,1,1,2,2,7,3,Y,NULL,Y,N,1811,1814,1915,N,NULL,44,,0,Y,,N,N,098-KY-1426-0,NULL,NULL,2019,O,7.23731E+11,098-KY-1426  -000,HIGH,098-KY-1426  -000,4.545,0,0,0,0,0,0,0,0,1,1,0,1,0
72366120,370200,2019-20713,20190605,1332,,,TOLER,,RD,KY0319,KY0319,0,098 KY-319,KY0319,N,N,NULL,NULL,NULL,N,NULL,NULL,NULL,NULL,NULL,NULL,1.056,NULL,NULL,NULL,NULL,,NULL,0,0,1,1,N,N,45,NULL,98,9842,NULL,,Y,37.58549,37,35.129,NULL,-82.19621,82,11.772,NULL,N,NULL,NULL,NULL,NULL,NULL,NULL,NULL,NULL,9,4,2,1,1,5,6,2,7,3,N,NULL,Y,N,1332,1401,1401,N,NULL,44,7,0,N,,N,N,098-KY-0319-0,NULL,NULL,2019,O,7.23661E+11,098-KY-0319  -000,HIGH,098-KY-0319  -000,1.056,0,1,0,0,0,0,0,0,0,0,0,1,0
72372961,980100,2.019E+11,20190628,1602,,120,LAKEVIEW,,DR,,,0,098 CS-1216,CS1216,Y,N,NULL,NULL,NULL,N,NULL,NULL,NULL,NULL,NULL,NULL,0.052,NULL,NULL,NULL,NULL,,NULL,0,0,2,2,N,N,NULL,NULL,98,9801,NULL,,Y,37.50713,37,30.428,NULL,-82.54552,82,32.732,NULL,N,NULL,NULL,NULL,NULL,NULL,NULL,NULL,NULL,2,97,1,6,1,1,2,2,6,3,N,NULL,Y,N,1602,1611,1611,N,NULL,90,,,N,,N,N,098-CS-1216-0,NULL,NULL,2019,O,7.2373E+11,098-CS-1216  -000,HIGH,098-CS-1216  -000,0.052,0,0,1,0,0,0,0,0,0,0,0,0,0
72363955,KSP0900,19-20912,20190606,1436,,,FISHTRAP,,RD,KY1441,KY1441,0,098 KY-1441,KY1441,N,N,NULL,NULL,NULL,N,NULL,NULL,NULL,NULL,NULL,NULL,10.204,NULL,NULL,NULL,NULL,,NULL,1,0,1,1,N,N,45,NULL,98,9828,NULL,,Y,37.51776,37,31.065,NULL,-82.45351,82,27.21,NULL,N,NULL,NULL,NULL,NULL,NULL,NULL,NULL,NULL,9,4,2,3,1,1,2,2,7,3,Y,NULL,Y,Y,1436,1445,1500,N,NULL,51,8,0,N,,N,N,098-KY-1441-0,NULL,NULL,2019,A,7.2364E+11,098-KY-1441  -000,HIGH,098-KY-1441  -000,10.204,0,0,0,0,0,0,0,0,1,1,0,1,0
72370750,980100,2.019E+11,20190622,5,,,2ND,,ST,,,,,,N,Y,WELLS,,ALY,N,NULL,NULL,NULL,NULL,NULL,NULL,0.137,NULL,NULL,NULL,NULL,,NULL,0,0,2,2,N,Y,15,NULL,98,9801,NULL,,Y,37.48183,37,28.91,NULL,-82.5169,82,31.014,NULL,N,NULL,NULL,NULL,NULL,NULL,NULL,NULL,NULL,1,3,2,6,1,1,2,5,6,3,N,NULL,Y,N,5,5,,N,NULL,10,,,N,,N,N,,NULL,NULL,2019,O,7.23708E+11,098-CS-1117  -000,MEDIUM,098-CS-1117  -000,0.137,0,0,0,0,0,0,1,1,0,0,1,0,0
72357343,KSP0900,19-00018881,20190524,1006,,,US119,,,US0119,US0119,0,098 US-119,US0119,N,N,NULL,NULL,NULL,N,NULL,NULL,NULL,NULL,NULL,NULL,22.142,NULL,NULL,NULL,NULL,,NULL,0,0,2,2,N,N,55,NULL,98,9836,NULL,,Y,37.6351,37,38.106,NULL,-82.26099,82,15.659,NULL,N,NULL,NULL,NULL,NULL,NULL,NULL,NULL,NULL,8,3,2,3,1,1,2,2,7,3,N,NULL,N,N,1007,1010,1010,N,NULL,53,2,1,N,,N,N,098-US-0119-0,NULL,NULL,2019,O,7.23573E+11,098-US-0119  -000,HIGH,098-US-0119  -000,22.142,0,0,0,0,0,0,1,0,0,0,0,1,0
72368872,KSP0900,19-22032,20190614,33,,,KY122,,,KY0122,KY0122,0,098 KY-122,KY0122,N,N,NULL,NULL,NULL,N,NULL,NULL,NULL,NULL,NULL,NULL,12.045,NULL,NULL,NULL,NULL,,NULL,0,0,1,1,N,N,35,NULL,98,9823,NULL,,Y,37.39399,37,23.639,NULL,-82.5237,82,31.422,NULL,N,NULL,NULL,NULL,NULL,NULL,NULL,NULL,NULL,9,3,2,3,1,1,2,6,7,3,N,NULL,Y,N,33,56,135,N,NULL,70,,0,N,,N,N,098-KY-0122-0,NULL,NULL,2019,O,7.23689E+11,098-KY-0122  -000,HIGH,098-KY-0122  -000,12.045,0,1,0,0,0,0,0,0,0,0,0,1,0
72360891,980200,ELK4125-87-19,20190522,1645,,,PATTY LOVELESS,S,DR,KY0080,KY0080,0,098 KY-80,KY0080,N,N,NULL,NULL,NULL,N,NULL,NULL,NULL,NULL,NULL,NULL,3.674,NULL,NULL,NULL,NULL,,NULL,2,0,1,1,N,N,55,NULL,98,9802,NULL,,Y,37.30483,37,18.29,NULL,-82.34232,82,20.54,NULL,N,NULL,NULL,NULL,NULL,NULL,NULL,NULL,NULL,9,3,2,3,1,1,3,2,6,3,N,NULL,Y,N,1640,1643,1645,N,NULL,70,7,0,N,,N,N,098-KY-0080-0,NULL,NULL,2019,B,7.23609E+11,098-KY-0080  -000,HIGH,098-KY-0080  -000,3.674,0,0,0,0,0,0,0,0,0,0,0,1,0