MasterFile,AgencyORINumber,LocalCode,CollisionDate,CollisionTime,CollisionDayWeekCode,RoadwayName_HouseBusinessNumber_,RoadwayName_RoadwayName_,RoadwayName_Direction_,RoadwayName_RoadwaySuffix_,RoadwayfromReport,CurrentRoadwayNumber,RoadwayNumberCoupletID,RSEUniqueGIS,RoadwayIdentifier,ParkingLotIndicator,IntersectionWith_Indicator_,IntersectionWith_NameRoadway_,IntersectionWith_Direction_,IntersectionWith_RoadwaySuffix_,BetweenStreets_Indicator_,BetweenStreets1_NameRoadway_,BetweenStreet1_Direction_,BetweenStreets1_RoadwaySuffix_,BetweenStreets2_NameRoadway_,BetweenStreets2_Direction_,BetweenStreets2_RoadwaySuffix_,Milepoint,ReportMilepointDeriveNumber,CurrentDerivedMiepointNumber,MilestoMilepoint,FeettoMilepoint,DirectionfromMilepoint_NSEW_,ValidMilepointIndicator,NumberInjured,NumberKilled,ofUnits,ofMotorVehicleUnits,Hit&RunIndicator,OneWayIndicator,SpeedLimitNumber,KilometersIndicator,CountyCode,CityCountyCode,MilesFromCity,DirectionFromCity_NSEW_,InCityLimitsIndicator,Latitude,LatitudeDegrees,LatitudeMinutes,LatitudeSeconds,Longitude,LongitudeDegrees,LongitudeMinutes,LongitudeSeconds,RampIndicator,RampFromIdentifier,RampFromDirCode,RampFromCoupletID,RSEUniqueGISRampFrom,RampToidentifier,RampToDirCode,RampToCoupletID,RSEUniqueGisRampTo,MannerofCollisionCode,LocationFirstEventCode,TotalLanes,RoadwayCharacterCode,RoadwaySurfaceCode,RoadwayConditionCode,WeatherCode,LightConditionCode,LandUseCode,SchoolBusRelatedCode,FirstAidSceneIndicator,CollDescPresentInd,InvestigationCompleteIndicator,PhotosTakenIndicator,TimeNotified,TimeArrived,TimeRoadwayOpened,PropertyDamageIndicator,DiagramPresentIndicator,DirectionalAnalysis,FunctionClassCode,NationalHwySysCode,EnforcementsIndicator,KARSCityCode,SecondaryCollisionIndicator,MedianCrossoverIndicator,RT_UNIQUE,MapIt,TimeLastLeft,YR,KABCO,MFNY,WorkingRID,RT_CONFIDENCE,KTC_RT,KTC_MP,Motorcyclist,CommercialVehicle,YoungDriver,MatureDriver,pedestrian,Bicyclist,Distracted,agressive,Impaired,Unrestrained,Intersection,RoadwayDeparture,MedXover
72373504,KSP0900,19-23583,20190624,1745,,,MOTLEY,,RD,,,0,098 CR-1163,CR1163,Y,N,NULL,NULL,NULL,N,NULL,NULL,NULL,NULL,NULL,NULL,2.185,NULL,NULL,NULL,NULL,,NULL,0,0,2,2,N,N,NULL,NULL,98,9839,NULL,,Y,37.41913,37,25.148,NULL,-82.21217,82,12.73,NULL,N,NULL,NULL,NULL,NULL,NULL,NULL,NULL,NULL,5,97,NULL,6,3,8,3,2,6,3,N,NULL,N,N,1750,1810,,N,NULL,90,,,N,,N,N,098-CR-1163-0,NULL,NULL,2019,O,7.23735E+11,098-CR-1163  -000,HIGH,098-CR-1163  -000,2.185,0,0,0,0,0,0,1,0,0,0,0,0,0
72365546,KSP0900,19-20471,20190603,2057,,,HOSPITAL,,DR,,,0,098 CR-1015C,CR1015C,Y,N,NULL,NULL,NULL,N,NULL,NULL,NULL,NULL,NULL,NULL,0.006,NULL,NULL,NULL,NULL,,NULL,0,0,3,3,N,N,15,NULL,98,9834,NULL,,Y,37.67592,37,40.555,NULL,-82.2976,82,17.856,NULL,N,NULL,NULL,NULL,NULL,NULL,NULL,NULL,NULL,2,97,1,6,1,1,2,5,1,3,N,NULL,N,N,2057,915,915,N,NULL,90,,,N,,N,N,098-CR-1015C-0,NULL,NULL,2019,O,7.23655E+11,098-CR-1015C -000,HIGH,098-CR-1015C -000,0.006,0,0,0,0,0,0,1,0,0,1,0,0,0
72358595,980000,1905003,20190523,745,,,US460,,,US0460,US0460,0,098 US-460,US0460,N,N,NULL,NULL,NULL,N,NULL,NULL,NULL,NULL,NULL,NULL,5.191,NULL,NULL,NULL,NULL,,NULL,1,0,2,2,N,N,45,NULL,98,9824,5,E,N,37.40915,37,24.549,NULL,-82.44756,82,26.853,NULL,N,NULL,NULL,NULL,NULL,NULL,NULL,NULL,NULL,1,3,2,1,1,1,2,2,7,3,N,NULL,N,Y,750,750,856,N,NULL,55,,1,N,,N,N,098-US-0460-0,NULL,NULL,2019,C,7.23586E+11,098-US-0460  -000,HIGH,098-US-0460  -000,5.191,0,0,0,0,0,0,0,1,0,0,0,0,0
72362622,KSP0900,19-19972,20190531,1321,,,KY611,,,KY0611,KY0611,0,098 KY-611,KY0611,N,N,NULL,NULL,NULL,N,NULL,NULL,NULL,NULL,NULL,NULL,3.035,NULL,NULL,NULL,NULL,,NULL,0,0,2,2,N,N,55,NULL,98,9801,NULL,,Y,37.3165,37,18.99,NULL,-82.50105,82,30.063,NULL,N,NULL,NULL,NULL,NULL,NULL,NULL,NULL,NULL,7,3,1,1,1,1,2,2,7,3,N,NULL,Y,N,1324,1346,,N,NULL,54,8,0,N,,N,N,098-KY-0611-0,NULL,NULL,2019,O,7.23626E+11,098-KY-0611  -000,HIGH,098-KY-0611  -000,3.035,0,0,0,0,0,0,1,0,0,0,0,1,0
72372362,980100,2.019E+11,20190626,1031,,163,LEE AVENUE,,,,,,,,Y,N,NULL,NULL,NULL,N,NULL,NULL,NULL,NULL,NULL,NULL,NULL,NULL,NULL,NULL,NULL,,NULL,0,0,2,2,Y,N,15,NULL,98,9801,NULL,,Y,37.50129,37,30.077,NULL,-82.53384,82,32.03,NULL,N,NULL,NULL,NULL,NULL,NULL,NULL,NULL,NULL,2,97,1,6,1,1,2,2,1,3,N,NULL,Y,N,1031,1042,1042,N,NULL,90,,,N,,N,N,,NULL,NULL,2019,O,7.23724E+11,098-CS-1202  -000,MEDIUM,098-CS-1202  -000,0.119,0,0,0,0,0,0,1,0,0,0,0,0,0
72358130,KSP0900,19-17326,20190513,1931,,,US23,,,US0023,US0023,0,098 US-23-10,US0023,N,N,NULL,NULL,NULL,N,NULL,NULL,NULL,NULL,NULL,NULL,3.403,NULL,NULL,NULL,NULL,,NULL,3,0,1,1,N,N,55,NULL,98,9809,1,S,N,37.27654,37,16.592,NULL,-82.59235,82,35.541,NULL,N,NULL,NULL,NULL,NULL,NULL,NULL,NULL,NULL,9,5,4,4,1,1,2,2,6,3,N,NULL,Y,Y,1931,2007,,N,NULL,44,,1,N,,N,N,098-US-0023-10,NULL,NULL,2019,C,7.23581E+11,098-US-0023  -010,HIGH,098-US-0023  -000,3.403,0,0,0,0,0,0,0,0,0,0,0,1,0
72361211,980100,2.019E+11,20190522,1613,,,US23,,,US0023,US0023,,,,N,N,NULL,NULL,NULL,N,NULL,NULL,NULL,NULL,NULL,NULL,27.298,NULL,NULL,NULL,NULL,,NULL,0,0,2,2,N,N,55,NULL,98,9801,NULL,,Y,37.51063,37,30.638,NULL,-82.5472,82,32.832,NULL,N,NULL,NULL,NULL,NULL,NULL,NULL,NULL,NULL,5,3,4,6,1,1,2,2,7,3,N,NULL,Y,N,1613,1623,1623,N,NULL,70,,1,N,,N,N,,NULL,NULL,2019,O,7.23612E+11,098-US-0023  -000,MEDIUM,098-US-0023  -000,27.298,0,0,0,0,0,0,1,0,0,0,0,0,0
72361210,980100,2.019E+11,20190521,1351,,,BAIRD,,AVE,KY1426,KY1426,,,,Y,N,NULL,NULL,NULL,N,NULL,NULL,NULL,NULL,NULL,NULL,5.418,NULL,NULL,NULL,NULL,,NULL,0,0,2,2,N,N,15,NULL,98,9801,NULL,,Y,37.47295,37,28.377,NULL,-82.52703,82,31.622,NULL,N,NULL,NULL,NULL,NULL,NULL,NULL,NULL,NULL,2,97,1,6,1,1,2,2,1,3,N,NULL,Y,N,1351,1356,1356,N,NULL,90,,0,Y,,N,N,,NULL,NULL,2019,O,7.23612E+11,098-KY-1426  -000,HIGH,098-KY-1426  -000,5.418,0,0,0,0,0,0,1,0,1,0,0,0,0
72360571,980100,2.019E+11,20190530,2118,,,US23,,,US0023,US0023,0,098 US-23,US0023,N,N,NULL,NULL,NULL,N,NULL,NULL,NULL,NULL,NULL,NULL,26.286,NULL,NULL,NULL,NULL,,NULL,0,0,2,2,N,N,55,NULL,98,9801,NULL,,Y,37.5037,37,30.222,NULL,-82.53215,82,31.929,NULL,N,NULL,NULL,NULL,NULL,NULL,NULL,NULL,NULL,1,3,4,6,1,1,2,5,7,3,N,NULL,Y,N,2119,2120,2121,N,NULL,55,,1,N,,N,N,098-US-0023-0,NULL,NULL,2019,O,7.23606E+11,098-US-0023  -000,HIGH,098-US-0023  -000,26.286,0,0,1,0,0,0,0,0,0,0,0,0,0
72364392,980100,2.019E+11,20190603,948,,,BYPASS,S,RD,KY1426,KY1426,,,,N,N,NULL,NULL,NULL,N,NULL,NULL,NULL,NULL,NULL,NULL,6.44,NULL,NULL,NULL,NULL,,NULL,0,0,2,2,N,N,35,NULL,98,9801,NULL,,Y,37.48087,37,28.852,NULL,-82.51441,82,30.865,NULL,N,NULL,NULL,NULL,NULL,NULL,NULL,NULL,NULL,5,3,2,6,1,1,2,2,1,3,N,NULL,Y,N,948,948,,N,NULL,49,,0,N,,N,N,,NULL,NULL,2019,O,7.23644E+11,098-KY-1426  -000,HIGH,098-KY-1426  -000,6.44,0,0,0,0,0,0,0,0,0,0,0,0,0
72326504,KSP0900,19-7223,20190305,1504,,,US23,,,US0023,US0023,0,098 US-23-10,US0023,Y,N,NULL,NULL,NULL,N,NULL,NULL,NULL,NULL,NULL,NULL,12.642,NULL,NULL,NULL,NULL,,NULL,0,0,2,2,Y,N,15,NULL,98,9827,4,S,N,37.37045,37,22.227,NULL,-82.54746,82,32.848,NULL,N,NULL,NULL,NULL,NULL,NULL,NULL,NULL,NULL,2,7,0,6,1,1,2,2,1,3,N,NULL,Y,N,1511,1525,1525,N,NULL,90,,1,N,,N,N,098-US-0023-10,NULL,NULL,2019,NULL,7.23265E+11,098-US-0023  -010,HIGH,098-US-0023  -000,12.642,0,0,0,0,0,0,1,0,0,0,0,0,0
72362089,980100,2.019E+11,20190604,1302,,911,BYPASS,S,RD,KY1426,KY1426,0,098 KY-1426,KY1426,N,N,NULL,NULL,NULL,N,NULL,NULL,NULL,NULL,NULL,NULL,5.677,NULL,NULL,NULL,NULL,,NULL,0,0,2,2,N,N,45,NULL,98,9801,NULL,,Y,37.47275,37,28.365,NULL,-82.52309,82,31.385,NULL,N,NULL,NULL,NULL,NULL,NULL,NULL,NULL,NULL,8,7,2,1,1,1,2,2,1,3,N,NULL,Y,N,1302,1305,1329,N,NULL,47,,0,N,,N,N,098-KY-1426-0,NULL,NULL,2019,O,7.23621E+11,098-KY-1426  -000,HIGH,098-KY-1426  -000,5.677,0,0,0,1,0,0,1,0,0,0,0,0,0
72327413,980000,1903006,20190315,1737,,51,KY194,S,,KY0194S,KY0194S,0,098 KY-194S,KY0194S,N,N,NULL,NULL,NULL,N,NULL,NULL,NULL,NULL,NULL,NULL,0.024,NULL,NULL,NULL,NULL,,NULL,2,0,2,2,N,N,35,NULL,98,9811,1,W,N,37.56549,37,33.93,NULL,-82.14441,82,8.665,NULL,N,NULL,NULL,NULL,NULL,NULL,NULL,NULL,NULL,4,3,2,6,1,1,2,2,7,3,Y,NULL,Y,Y,1737,1751,1856,N,NULL,70,7,0,N,,N,N,098-KY-0194S-0,NULL,NULL,2019,B,7.23274E+11,098-KY-0194S -000,HIGH,098-KY-0194S -000,0.024,0,0,0,0,0,0,0,1,0,0,0,0,0
72326494,980000,190303,20190307,1230,,,SHADES,,BR,,,0,098 CR-1833AA,CR1833AA,Y,N,NULL,NULL,NULL,N,NULL,NULL,NULL,NULL,NULL,NULL,0.089,NULL,NULL,NULL,NULL,,NULL,0,0,2,2,N,N,NULL,NULL,98,9804,NULL,,Y,37.50902,37,30.541,NULL,-82.14648,82,8.789,NULL,N,NULL,NULL,NULL,NULL,NULL,NULL,NULL,NULL,2,97,NULL,6,1,1,2,2,5,3,N,NULL,Y,Y,1640,1655,1720,N,NULL,90,,,N,,N,N,098-CR-1833AA-0,NULL,NULL,2019,O,7.23265E+11,098-CR-1833AA-000,HIGH,098-CR-1833AA-000,0.089,0,0,0,0,0,0,1,0,0,0,0,0,0
72321412,980100,2.019E+11,20190228,1553,,,MAIN,,ST,,,0,098 CS-1112,CS1112,Y,N,NULL,NULL,NULL,N,NULL,NULL,NULL,NULL,NULL,NULL,0.175,NULL,NULL,NULL,NULL,,NULL,0,0,2,2,N,N,15,NULL,98,9801,NULL,,Y,37.47995,37,28.797,NULL,-82.51706,82,31.024,NULL,N,NULL,NULL,NULL,NULL,NULL,NULL,NULL,NULL,2,97,NULL,6,1,1,3,2,1,3,N,NULL,Y,N,1553,1557,,N,NULL,90,,,N,,N,N,098-CS-1112-0,NULL,NULL,2019,O,7.23214E+11,098-CS-1112  -000,HIGH,098-CS-1112  -000,0.175,0,0,0,0,0,0,1,0,0,0,0,0,0
72355454,980100,2.019E+11,20190520,1224,,483,CHLOE,,RD,KY1460,KY1460,0,098 KY-1460,KY1460,Y,N,NULL,NULL,NULL,N,NULL,NULL,NULL,NULL,NULL,NULL,4.306,NULL,NULL,NULL,NULL,,NULL,0,0,2,2,N,N,35,NULL,98,9801,NULL,,Y,37.47675,37,28.605,NULL,-82.50209,82,30.126,NULL,N,NULL,NULL,NULL,NULL,NULL,NULL,NULL,NULL,7,97,2,6,1,1,2,2,5,3,N,NULL,Y,N,1224,1234,1234,N,NULL,90,,0,N,,N,N,098-KY-1460-0,NULL,NULL,2019,O,7.23555E+11,098-KY-1460  -000,HIGH,098-KY-1460  -000,4.306,0,0,0,1,0,0,1,0,0,0,0,0,0
72361214,KSP0900,2019-20013,20190531,1424,,,US460 TURN LANE,,,US0460,US0460,0,098 US-460-21,US0460,Y,N,NULL,NULL,NULL,N,NULL,NULL,NULL,NULL,NULL,NULL,0.017,NULL,NULL,NULL,NULL,,NULL,0,0,2,2,Y,N,15,NULL,98,9847,NULL,,Y,37.38249,37,22.949,NULL,-82.25574,82,15.344,NULL,N,NULL,NULL,NULL,NULL,NULL,NULL,NULL,NULL,2,7,2,6,1,1,6,2,1,3,N,NULL,Y,N,1424,1424,1424,N,NULL,90,,1,N,,N,N,098-US-0460-21,NULL,NULL,2019,O,7.23612E+11,098-US-0460  -021,HIGH,098-US-0460  -021,0.017,0,0,0,0,0,0,1,0,0,0,0,0,0
72318487,KSP0900,19-5396,20190218,1944,,,US23,,,US0023,US0023,0,098 US-23-10,US0023,N,N,NULL,NULL,NULL,N,NULL,NULL,NULL,NULL,NULL,NULL,5.89,NULL,NULL,NULL,NULL,,NULL,0,0,1,1,N,N,55,NULL,98,9809,NULL,,Y,37.289,37,17.34,NULL,-82.55334,82,33.201,NULL,N,NULL,NULL,NULL,NULL,NULL,NULL,NULL,NULL,9,3,4,3,1,1,3,6,1,3,N,NULL,Y,N,1952,2002,,N,NULL,70,,1,Y,,N,N,098-US-0023-10,NULL,NULL,2019,O,7.23185E+11,098-US-0023  -010,HIGH,098-US-0023  -000,5.89,0,0,0,0,0,0,0,0,1,1,0,1,0
72356627,980100,2.019E+11,20190523,1456,,,BYPASS,S,RD,KY1426,KY1426,0,098 KY-1426,KY1426,N,N,NULL,NULL,NULL,N,NULL,NULL,NULL,NULL,NULL,NULL,6.558,NULL,NULL,NULL,NULL,,NULL,0,0,2,2,Y,N,45,NULL,98,9801,NULL,,Y,37.48286,37,28.972,NULL,-82.5134,82,30.804,NULL,N,NULL,NULL,NULL,NULL,NULL,NULL,NULL,NULL,5,3,2,NULL,1,1,2,2,7,3,N,NULL,N,N,1457,1500,1500,N,NULL,49,,0,N,,N,N,098-KY-1426-0,NULL,NULL,2019,O,7.23566E+11,098-KY-1426  -000,HIGH,098-KY-1426  -000,6.558,0,0,1,0,0,0,1,1,0,0,0,0,0
72329033,980100,2.019E+11,20190320,1013,,,US23,,,US0023,US0023,0,098 US-23-10,US0023,N,N,NULL,NULL,NULL,N,NULL,NULL,NULL,NULL,NULL,NULL,20.68,NULL,NULL,NULL,NULL,,NULL,1,0,1,1,N,N,55,NULL,98,9801,NULL,,Y,37.44276,37,26.566,NULL,-82.52061,82,31.237,NULL,N,NULL,NULL,NULL,NULL,NULL,NULL,NULL,NULL,9,5,4,3,1,1,2,2,1,3,Y,NULL,Y,Y,1014,1021,1052,Y,NULL,41,,1,N,,N,N,098-US-0023-10,NULL,NULL,2019,C,7.2329E+11,098-US-0023  -010,HIGH,098-US-0023  -000,20.68,0,0,0,0,0,0,0,0,0,0,0,1,0
72364687,KSP0900,19-21213,20190608,400,,2430,DORTON-JENKINS,,HWY,KY0805,KY0805,0,098 KY-805,KY0805,N,N,NULL,NULL,NULL,N,NULL,NULL,NULL,NULL,NULL,NULL,5.38,NULL,NULL,NULL,NULL,,NULL,1,0,1,1,N,N,35,NULL,98,9809,NULL,,Y,37.26095,37,15.657,NULL,-82.5727,82,34.362,NULL,N,NULL,NULL,NULL,NULL,NULL,NULL,NULL,NULL,9,4,2,3,1,5,3,6,7,3,N,NULL,Y,Y,1556,1626,1626,Y,NULL,51,7,0,N,,N,N,098-KY-0805-0,NULL,NULL,2019,B,7.23647E+11,098-KY-0805  -000,HIGH,098-KY-0805  -000,5.38,0,0,0,0,0,0,1,1,0,0,0,1,0
72326830,980100,2.019E+11,20190313,1531,,,US23,,,,,,,,N,N,NULL,NULL,NULL,N,NULL,NULL,NULL,NULL,NULL,NULL,NULL,NULL,NULL,NULL,NULL,NULL,NULL,1,0,3,3,N,N,55,NULL,98,9801,NULL,,Y,37.46537,37,27.922,NULL,-82.52602,82,31.561,NULL,N,NULL,NULL,NULL,NULL,NULL,NULL,NULL,NULL,5,3,4,6,1,1,2,2,7,3,Y,NULL,Y,Y,1531,1534,1559,N,NULL,49,,,N,,N,N,,NULL,NULL,2019,B,7.23268E+11,098-US-0023  -010,MEDIUM,098-US-0023  -000,22.943,0,0,0,0,0,0,1,0,0,0,0,0,0
72358620,980100,2.019E+11,20190528,1233,,,CASSIDY,,BLVD,,,0,098 CS-1191,CS1191,N,N,NULL,NULL,NULL,N,NULL,NULL,NULL,NULL,NULL,NULL,NULL,NULL,NULL,NULL,NULL,,NULL,0,0,2,2,N,Y,15,NULL,98,9801,NULL,,Y,37.50631,37,30.379,NULL,-82.53948,82,32.369,NULL,N,NULL,NULL,NULL,NULL,NULL,NULL,NULL,NULL,2,97,1,6,1,1,2,2,1,3,N,NULL,N,N,1236,1244,,N,NULL,56,,,N,,N,N,098-CS-1191-0,NULL,NULL,2019,O,7.23586E+11,098-CS-1191  -000,HIGH,098-CS-1191  -000,0.375,0,0,0,1,0,0,1,0,0,0,0,0,0
72358666,980100,2.019E+11,20190528,1323,,,ELM,S,ST,,,,,,Y,N,NULL,NULL,NULL,N,NULL,NULL,NULL,NULL,NULL,NULL,0.031,NULL,NULL,NULL,NULL,,NULL,0,0,2,2,N,N,NULL,NULL,98,9801,NULL,,Y,37.47624,37,28.574,NULL,-82.52077,82,31.246,NULL,N,NULL,NULL,NULL,NULL,NULL,NULL,NULL,NULL,2,97,1,6,1,1,2,2,1,3,N,NULL,Y,N,1327,1327,,N,NULL,90,,,N,,N,N,,NULL,NULL,2019,O,7.23587E+11,098-CS-1107  -000,MEDIUM,098-CS-1107  -000,0.031,0,0,1,1,0,0,1,0,0,0,0,0,0
72362619,KSP0900,19-19846,20190530,1403,,,FISHTRAP,,RD,KY1789,KY1789,0,098 KY-1789,KY1789,Y,N,NULL,NULL,NULL,N,NULL,NULL,NULL,NULL,NULL,NULL,0.56,NULL,NULL,NULL,NULL,,NULL,0,0,2,2,N,N,35,NULL,98,9801,NULL,,Y,37.41548,37,24.929,NULL,-82.42173,82,25.304,NULL,N,NULL,NULL,NULL,NULL,NULL,NULL,NULL,NULL,2,97,2,6,1,1,2,2,7,3,N,NULL,Y,N,1404,1409,,N,NULL,90,8,0,N,,N,N,098-KY-1789-0,NULL,NULL,2019,O,7.23626E+11,098-KY-1789  -000,HIGH,098-KY-1789  -000,0.56,0,0,0,0,0,0,1,0,0,0,0,0,0
72361212,980100,2.019E+11,20190523,1308,,,CASSIDY,,BLVD,,,,,,Y,N,NULL,NULL,NULL,N,NULL,NULL,NULL,NULL,NULL,NULL,0.336,NULL,NULL,NULL,NULL,,NULL,0,0,2,2,N,N,15,NULL,98,9801,NULL,,Y,37.50522,37,30.313,NULL,-82.53759,82,32.255,NULL,N,NULL,NULL,NULL,NULL,NULL,NULL,NULL,NULL,1,97,1,6,1,1,3,2,1,3,N,NULL,Y,N,1308,1320,1320,N,NULL,90,,,N,,N,N,,NULL,NULL,2019,O,7.23612E+11,098-CS-1191  -000,HIGH,098-CS-1191  -000,0.336,0,0,0,1,0,0,1,0,0,0,0,0,0
72358292,370200,2019-17857,20190517,1514,,,REGINA-BELCHER,,HWY,US0460,US0460,0,098 US-460,US0460,N,N,NULL,NULL,NULL,N,NULL,NULL,NULL,NULL,NULL,NULL,8.603,NULL,NULL,NULL,NULL,,NULL,0,0,1,1,N,N,45,NULL,98,9832,NULL,,Y,37.37247,37,22.348,NULL,-82.4262,82,25.572,NULL,N,NULL,NULL,NULL,NULL,NULL,NULL,NULL,NULL,9,5,2,3,1,1,2,2,7,3,N,NULL,Y,N,300,315,423,N,NULL,44,,1,N,,N,N,098-US-0460-0,NULL,NULL,2019,O,7.23583E+11,098-US-0460  -000,HIGH,098-US-0460  -000,8.603,0,1,0,0,0,0,1,0,0,0,0,1,0
72330956,980500,2019AR018,20190322,1503,,3960,US23,,,US0023,US0023,0,098 US-23,US0023,Y,N,NULL,NULL,NULL,N,NULL,NULL,NULL,NULL,NULL,NULL,28.755,NULL,NULL,NULL,NULL,,NULL,0,0,2,2,N,N,15,NULL,98,9807,NULL,,Y,37.52153,37,31.292,NULL,-82.56866,82,34.12,NULL,N,NULL,NULL,NULL,NULL,NULL,NULL,NULL,NULL,8,97,2,6,1,1,3,2,1,3,N,NULL,Y,N,1503,1504,1522,N,NULL,90,,1,N,,N,N,098-US-0023-0,NULL,NULL,2019,O,7.2331E+11,098-US-0023  -000,HIGH,098-US-0023  -000,28.755,0,0,0,0,0,0,1,0,0,0,0,0,0
72359609,980100,2.019E+11,20190521,1611,,,HAMBLEY,,BLVD,,,0,098 CS-1222,CS1222,N,N,NULL,NULL,NULL,N,NULL,NULL,NULL,NULL,NULL,NULL,0.095,NULL,NULL,NULL,NULL,,NULL,0,0,2,2,N,N,15,NULL,98,9801,NULL,,Y,37.47449,37,28.469,NULL,-82.52568,82,31.541,NULL,N,NULL,NULL,NULL,NULL,NULL,NULL,NULL,NULL,6,97,1,6,1,1,2,2,1,3,N,NULL,N,N,1611,1613,,N,NULL,70,,,N,,N,N,098-CS-1222-0,NULL,NULL,2019,O,7.23596E+11,098-CS-1222  -000,HIGH,098-CS-1222  -000,0.095,0,0,0,0,0,0,1,0,0,0,0,0,0
72329057,980100,2.019E+11,20190320,1206,,,US23,,,US0023,US0023,0,098 US-23,US0023,N,N,NULL,NULL,NULL,N,NULL,NULL,NULL,NULL,NULL,NULL,21.062,NULL,NULL,NULL,NULL,,NULL,0,0,2,2,N,N,55,NULL,98,9801,NULL,,Y,37.44589,37,26.754,NULL,-82.52592,82,31.555,NULL,N,NULL,NULL,NULL,NULL,NULL,NULL,NULL,NULL,5,3,4,3,1,1,2,2,7,3,N,NULL,Y,N,1206,1215,,N,NULL,49,,1,N,,N,N,098-US-0023-0,NULL,NULL,2019,O,7.23291E+11,098-US-0023  -000,HIGH,098-US-0023  -000,21.062,0,0,0,0,0,0,1,0,0,0,0,0,0
72330312,980100,2.019E+11,20190304,1222,,,MAIN,,ST,,,0,098 CS-1112,CS1112,Y,N,NULL,NULL,NULL,N,NULL,NULL,NULL,NULL,NULL,NULL,0.085,NULL,NULL,NULL,NULL,,NULL,0,0,2,2,N,N,15,NULL,98,9801,NULL,,Y,37.47884,37,28.731,NULL,-82.51792,82,31.075,NULL,N,NULL,NULL,NULL,NULL,NULL,NULL,NULL,NULL,3,97,1,6,1,1,2,2,1,3,N,NULL,Y,N,1222,1225,1225,N,NULL,90,,,N,,N,N,098-CS-1112-0,NULL,NULL,2019,O,7.23303E+11,098-CS-1112  -000,HIGH,098-CS-1112  -000,0.085,0,0,0,1,0,0,1,0,0,0,0,0,0
72368011,KSP0900,19-22258,20190616,1513,,,US119,,,US0119,US0119,0,098 US-119,US0119,Y,N,NULL,NULL,NULL,N,NULL,NULL,NULL,NULL,NULL,NULL,24.981,NULL,NULL,NULL,NULL,,NULL,0,0,2,2,N,N,NULL,NULL,98,9834,NULL,,Y,37.66798,37,40.079,NULL,-82.27705,82,16.623,NULL,N,NULL,NULL,NULL,NULL,NULL,NULL,NULL,NULL,2,97,4,6,1,1,2,2,1,3,N,NULL,N,N,1513,1523,1523,N,NULL,90,2,1,N,,N,N,098-US-0119-0,NULL,NULL,2019,O,7.2368E+11,098-US-0119  -000,HIGH,098-US-0119  -000,24.981,0,0,0,0,0,0,0,0,0,0,0,0,0
72376962,980100,2.019E+11,20190708,1640,,,BYPASS,S,RD,KY1426,KY1426,,,,Y,N,NULL,NULL,NULL,N,NULL,NULL,NULL,NULL,NULL,NULL,5.677,NULL,NULL,NULL,NULL,,NULL,0,0,2,2,N,N,10,NULL,98,9801,NULL,,Y,37.47273,37,28.364,NULL,-82.52309,82,31.386,NULL,N,NULL,NULL,NULL,NULL,NULL,NULL,NULL,NULL,2,97,1,6,2,1,2,2,1,3,N,NULL,Y,N,1640,1651,1651,N,NULL,90,,0,N,,N,N,,NULL,NULL,2019,O,7.2377E+11,098-KY-1426  -000,HIGH,098-KY-1426  -000,5.677,0,0,0,0,0,0,1,0,0,0,0,0,0
72368787,KSP0900,19-22385,20190616,1200,,,US23,,,US0023,US0023,0,098 US-23-10,US0023,Y,N,NULL,NULL,NULL,N,NULL,NULL,NULL,NULL,NULL,NULL,29.357,NULL,NULL,NULL,NULL,,NULL,0,0,2,2,N,N,45,NULL,98,9807,NULL,,Y,37.5281,37,31.686,NULL,-82.57501,82,34.501,NULL,N,NULL,NULL,NULL,NULL,NULL,NULL,NULL,NULL,8,97,6,6,1,1,2,2,1,3,N,NULL,N,N,1200,1210,,N,NULL,90,,1,N,,N,N,098-US-0023-10,NULL,NULL,2019,O,7.23688E+11,098-US-0023  -010,HIGH,098-US-0023  -000,29.357,0,0,0,0,0,0,0,0,0,0,0,0,0
72369005,KSP0900,19-21536,20190610,1628,,,STRAIGHT,,HOLW,,,0,098 CR-1574,CR1574,N,N,NULL,NULL,NULL,N,NULL,NULL,NULL,NULL,NULL,NULL,0.352,NULL,NULL,NULL,NULL,,NULL,1,0,1,1,N,N,20,NULL,98,9875,NULL,,Y,37.52413,37,31.448,NULL,-82.25031,82,15.019,NULL,N,NULL,NULL,NULL,NULL,NULL,NULL,NULL,NULL,9,3,2,3,1,5,6,2,7,3,Y,NULL,Y,Y,1628,1716,1716,N,NULL,44,,,N,,N,N,098-CR-1574-0,NULL,NULL,2019,B,7.2369E+11,098-CR-1574  -000,HIGH,098-CR-1574  -000,0.352,0,0,0,1,0,0,0,0,0,1,0,1,0
72370649,980100,2.019E+11,20190623,1417,,215,CASSIDY,,BLVD,,,0,098 CS-1191,CS1191,Y,N,NULL,NULL,NULL,N,NULL,NULL,NULL,NULL,NULL,NULL,0.288,NULL,NULL,NULL,NULL,,NULL,0,0,2,2,N,N,NULL,NULL,98,9801,NULL,,Y,37.50496,37,30.298,NULL,-82.53658,82,32.195,NULL,N,NULL,NULL,NULL,NULL,NULL,NULL,NULL,NULL,2,97,NULL,6,1,1,2,2,5,3,N,NULL,Y,N,1417,1423,1423,N,NULL,90,,,N,,N,N,098-CS-1191-0,NULL,NULL,2019,O,7.23706E+11,098-CS-1191  -000,HIGH,098-CS-1191  -000,0.288,0,0,0,0,0,0,1,0,0,0,0,0,0