MasterFile,AgencyORINumber,LocalCode,CollisionDate,CollisionTime,CollisionDayWeekCode,RoadwayName_HouseBusinessNumber_,RoadwayName_RoadwayName_,RoadwayName_Direction_,RoadwayName_RoadwaySuffix_,RoadwayfromReport,CurrentRoadwayNumber,RoadwayNumberCoupletID,RSEUniqueGIS,RoadwayIdentifier,ParkingLotIndicator,IntersectionWith_Indicator_,IntersectionWith_NameRoadway_,IntersectionWith_Direction_,IntersectionWith_RoadwaySuffix_,BetweenStreets_Indicator_,BetweenStreets1_NameRoadway_,BetweenStreet1_Direction_,BetweenStreets1_RoadwaySuffix_,BetweenStreets2_NameRoadway_,BetweenStreets2_Direction_,BetweenStreets2_RoadwaySuffix_,Milepoint,ReportMilepointDeriveNumber,CurrentDerivedMiepointNumber,MilestoMilepoint,FeettoMilepoint,DirectionfromMilepoint_NSEW_,ValidMilepointIndicator,NumberInjured,NumberKilled,ofUnits,ofMotorVehicleUnits,Hit&RunIndicator,OneWayIndicator,SpeedLimitNumber,KilometersIndicator,CountyCode,CityCountyCode,MilesFromCity,DirectionFromCity_NSEW_,InCityLimitsIndicator,Latitude,LatitudeDegrees,LatitudeMinutes,LatitudeSeconds,Longitude,LongitudeDegrees,LongitudeMinutes,LongitudeSeconds,RampIndicator,RampFromIdentifier,RampFromDirCode,RampFromCoupletID,RSEUniqueGISRampFrom,RampToidentifier,RampToDirCode,RampToCoupletID,RSEUniqueGisRampTo,MannerofCollisionCode,LocationFirstEventCode,TotalLanes,RoadwayCharacterCode,RoadwaySurfaceCode,RoadwayConditionCode,WeatherCode,LightConditionCode,LandUseCode,SchoolBusRelatedCode,FirstAidSceneIndicator,CollDescPresentInd,InvestigationCompleteIndicator,PhotosTakenIndicator,TimeNotified,TimeArrived,TimeRoadwayOpened,PropertyDamageIndicator,DiagramPresentIndicator,DirectionalAnalysis,FunctionClassCode,NationalHwySysCode,EnforcementsIndicator,KARSCityCode,SecondaryCollisionIndicator,MedianCrossoverIndicator,RT_UNIQUE,MapIt,TimeLastLeft,YR,KABCO,MFNY,WorkingRID,RT_CONFIDENCE,KTC_RT,KTC_MP,Motorcyclist,CommercialVehicle,YoungDriver,MatureDriver,pedestrian,Bicyclist,Distracted,agressive,Impaired,Unrestrained,Intersection,RoadwayDeparture,MedXover
72367899,KSP0900,19-22206,20190615,417,,816,POUNDING MILL,,RD,,,0,098 CR-1526,CR1526,N,N,NULL,NULL,NULL,N,NULL,NULL,NULL,NULL,NULL,NULL,0.015,NULL,NULL,NULL,NULL,,NULL,1,0,1,1,N,N,35,NULL,98,9801,NULL,,Y,37.56374,37,33.825,NULL,-82.14622,82,8.773,NULL,N,NULL,NULL,NULL,NULL,NULL,NULL,NULL,NULL,9,5,1,6,1,1,2,6,7,3,Y,NULL,Y,Y,416,517,711,N,NULL,44,,,N,,N,N,098-CR-1526-0,NULL,NULL,2019,B,7.23679E+11,098-CR-1526  -000,HIGH,098-CR-1526  -000,0.015,0,0,0,0,0,0,0,0,1,1,0,1,0
72374767,980100,2.019E+11,20190701,1053,,,COLLEGE,N,ST,,,0,098 CS-1108,CS1108,Y,N,NULL,NULL,NULL,N,NULL,NULL,NULL,NULL,NULL,NULL,0.06,NULL,NULL,NULL,NULL,,NULL,0,0,2,2,N,N,15,NULL,98,9801,NULL,,Y,37.47667,37,28.6,NULL,-82.52115,82,31.269,NULL,N,NULL,NULL,NULL,NULL,NULL,NULL,NULL,NULL,2,97,NULL,6,1,1,2,2,1,3,N,NULL,Y,N,1053,1057,1057,N,NULL,90,,,N,,N,N,098-CS-1108-0,NULL,NULL,2019,O,7.23748E+11,098-CS-1108  -000,HIGH,098-CS-1108  -000,0.06,0,0,0,0,0,0,1,0,0,0,0,0,0
72364312,KSP0900,19-19986,20190531,1515,,959,BRUSHY,,BR,,,0,098 CR-1998,CR1998,N,N,NULL,NULL,NULL,N,NULL,NULL,NULL,NULL,NULL,NULL,0.895,NULL,NULL,NULL,NULL,,NULL,0,0,1,1,N,N,15,NULL,98,9802,NULL,,Y,37.29338,37,17.603,NULL,-82.44672,82,26.803,NULL,N,NULL,NULL,NULL,NULL,NULL,NULL,NULL,NULL,9,3,1,4,1,5,6,2,7,3,N,NULL,Y,N,1515,1537,,N,NULL,70,,,N,,N,N,098-CR-1998-0,NULL,NULL,2019,O,7.23643E+11,098-CR-1998  -000,HIGH,098-CR-1998  -000,0.895,0,0,0,0,0,0,0,0,0,0,0,1,0
72372538,980100,2.019E+11,20190621,1206,,911,BYPASS ROAD,,,,,,,,Y,N,NULL,NULL,NULL,N,NULL,NULL,NULL,NULL,NULL,NULL,NULL,NULL,NULL,NULL,NULL,,NULL,0,0,1,1,N,N,15,NULL,98,9801,NULL,,Y,37.47157,37,28.294,NULL,-82.52192,82,31.315,NULL,N,NULL,NULL,NULL,NULL,NULL,NULL,NULL,NULL,9,97,1,6,2,1,2,2,1,3,N,NULL,N,N,1206,1207,1207,N,NULL,90,,,N,,N,N,,NULL,NULL,2019,O,7.23725E+11,098-CS-1223  -000,MEDIUM,098-CS-1223  -000,0.097,0,0,0,0,0,0,0,0,0,0,0,1,0
72370610,980100,2.019E+11,20190623,1750,,,US23,,,US0023,US0023,,,,N,Y,RATLIFF CREEK,,RD,N,NULL,NULL,NULL,NULL,NULL,NULL,25.735,NULL,NULL,NULL,NULL,,NULL,0,0,2,2,N,N,55,NULL,98,9801,NULL,,Y,37.49587,37,29.752,NULL,-82.53106,82,31.864,NULL,N,NULL,NULL,NULL,NULL,NULL,NULL,NULL,NULL,7,3,4,3,1,1,2,2,7,3,N,NULL,Y,N,1750,1755,1755,N,NULL,17,,1,N,,N,N,,NULL,NULL,2019,O,7.23706E+11,098-US-0023  -000,MEDIUM,098-US-0023  -000,25.735,0,0,0,1,0,0,1,1,0,0,1,0,0
72367239,KSP0900,2019-21768,20190612,920,,,KY194,,,KY0194,KY0194,,,,N,N,NULL,NULL,NULL,N,NULL,NULL,NULL,NULL,NULL,NULL,28.696,NULL,NULL,NULL,NULL,,NULL,0,0,2,2,N,N,45,NULL,98,9850,NULL,,Y,37.47107,37,28.264,NULL,-82.35347,82,21.208,NULL,N,NULL,NULL,NULL,NULL,NULL,NULL,NULL,NULL,1,3,3,6,1,1,2,2,7,3,N,NULL,N,N,900,922,930,N,NULL,55,7,0,N,,N,N,,NULL,NULL,2019,O,7.23672E+11,098-KY-0194  -000,HIGH,098-KY-0194  -000,28.696,0,0,0,1,0,0,1,1,0,0,0,0,0
72360584,980100,2.019E+11,20190528,2334,,,SUMMIT,,DR,,,,,,N,N,NULL,NULL,NULL,N,NULL,NULL,NULL,NULL,NULL,NULL,0.225,NULL,NULL,NULL,NULL,,NULL,0,0,1,1,N,N,35,NULL,98,9801,NULL,,Y,37.47578,37,28.547,NULL,-82.51546,82,30.927,NULL,N,NULL,NULL,NULL,NULL,NULL,NULL,NULL,NULL,9,3,2,1,1,1,2,6,6,3,N,NULL,Y,N,2334,2337,36,N,NULL,44,,,N,,N,N,,NULL,NULL,2019,O,7.23606E+11,098-CS-1064  -000,MEDIUM,098-CS-1064  -000,0.225,0,0,1,0,0,0,0,0,0,1,0,1,0
72362618,KSP0900,19-20227,20190602,553,,,US23,,,US0023,US0023,0,098 US-23,US0023,N,N,NULL,NULL,NULL,N,NULL,NULL,NULL,NULL,NULL,NULL,3.034,NULL,NULL,NULL,NULL,,NULL,0,0,1,1,N,N,55,NULL,98,9809,NULL,,Y,37.27287,37,16.372,NULL,-82.59705,82,35.823,NULL,N,NULL,NULL,NULL,NULL,NULL,NULL,NULL,NULL,9,3,4,6,1,1,2,6,7,3,N,NULL,Y,N,714,735,,N,NULL,44,,1,N,,N,N,098-US-0023-0,NULL,NULL,2019,O,7.23626E+11,098-US-0023  -000,HIGH,098-US-0023  -000,3.034,0,0,1,0,0,0,0,0,0,1,0,1,0
72367170,980100,2.019E+11,20190614,1507,,567,WALTERS,,RD,,,0,098 CS-1074,CS1074,N,N,NULL,NULL,NULL,N,NULL,NULL,NULL,NULL,NULL,NULL,1.177,NULL,NULL,NULL,NULL,,NULL,0,0,4,4,N,N,35,NULL,98,9801,NULL,,Y,37.48986,37,29.391,NULL,-82.48146,82,28.888,NULL,N,NULL,NULL,NULL,NULL,NULL,NULL,NULL,NULL,1,97,1,6,1,1,2,2,5,3,N,NULL,Y,N,1507,1514,1514,N,NULL,47,,,Y,,N,N,098-CS-1074-0,NULL,NULL,2019,O,7.23672E+11,098-CS-1074  -000,HIGH,098-CS-1074  -000,1.177,0,0,0,0,0,0,0,0,0,0,0,0,0
72371562,KSP0900,19-23346,20190623,226,,,KY80,,,KY0080,KY0080,0,098 KY-80,KY0080,N,N,NULL,NULL,NULL,N,NULL,NULL,NULL,NULL,NULL,NULL,0.007,NULL,NULL,NULL,NULL,,NULL,0,0,2,2,N,N,55,NULL,98,9802,NULL,,Y,37.34201,37,20.521,NULL,-82.37438,82,22.463,NULL,N,NULL,NULL,NULL,NULL,NULL,NULL,NULL,NULL,7,97,2,6,1,1,2,6,7,3,N,NULL,Y,N,229,245,226,Y,NULL,47,7,5,Y,,N,N,098-KY-0080-0,NULL,NULL,2019,O,7.23716E+11,098-KY-0080  -000,HIGH,098-KY-0080  -000,0.007,0,0,0,0,0,0,0,0,1,0,0,0,0
72378411,980100,2.019E+11,20190705,2110,,,REDALE,,RD,,,,,,N,N,NULL,NULL,NULL,N,NULL,NULL,NULL,NULL,NULL,NULL,0.186,NULL,NULL,NULL,NULL,,NULL,0,0,2,2,N,N,15,NULL,98,9801,NULL,,Y,37.48713,37,29.228,NULL,-82.52748,82,31.649,NULL,N,NULL,NULL,NULL,NULL,NULL,NULL,NULL,NULL,7,3,1,6,1,1,2,5,6,3,N,NULL,Y,N,2125,2131,0,N,NULL,47,,,Y,,N,N,,NULL,NULL,2019,O,7.23784E+11,098-CS-1244  -000,HIGH,098-CS-1244  -000,0.186,0,0,0,0,0,0,0,0,0,0,0,0,0
72375440,980200,ELK4125-113-19,20190703,1700,,,KY80,,,KY0080,KY0080,0,098 KY-80,KY0080,N,N,NULL,NULL,NULL,N,NULL,NULL,NULL,NULL,NULL,NULL,1.887,NULL,NULL,NULL,NULL,,NULL,0,0,2,2,Y,N,55,NULL,98,9802,NULL,,Y,37.31707,37,19.024,NULL,-82.36269,82,21.761,NULL,N,NULL,NULL,NULL,NULL,NULL,NULL,NULL,NULL,7,3,2,6,1,5,10,2,1,3,N,NULL,N,N,1655,1700,1726,N,NULL,54,7,5,N,,N,Y,098-KY-0080-0,NULL,NULL,2019,O,7.23754E+11,098-KY-0080  -000,HIGH,098-KY-0080  -000,1.887,0,0,0,0,0,0,0,0,0,0,0,1,1
72412006,980000,1909009,20190921,2300,,,FISHTRAP,,RD,,,0,098 CR-1232Q3,CR1232Q3,N,N,NULL,NULL,NULL,N,NULL,NULL,NULL,NULL,NULL,NULL,0.639,NULL,NULL,NULL,NULL,,NULL,0,0,1,1,Y,N,45,NULL,98,9817,NULL,,Y,37.4369,37,26.214,NULL,-82.41612,82,24.967,NULL,N,NULL,NULL,NULL,NULL,NULL,NULL,NULL,NULL,9,97,2,6,1,1,2,6,5,3,N,NULL,N,Y,1800,1930,1931,N,NULL,70,,,N,,N,N,098-CR-1232Q3-0,NULL,NULL,2019,NULL,7.2412E+11,098-CR-1232Q3-000,HIGH,098-CR-1232Q3-000,0.639,0,0,0,0,0,0,0,0,0,0,0,0,0
72402516,980000,19-09-002,20190904,,,,197 APPLACHIAN PLAZA,N,,,,,,,Y,N,NULL,NULL,NULL,N,NULL,NULL,NULL,NULL,NULL,NULL,NULL,NULL,NULL,NULL,NULL,NULL,NULL,0,0,2,2,Y,N,15,NULL,98,9834,1,N,N,37.66769,37,40.061,NULL,-82.27616,82,16.569,NULL,N,NULL,NULL,NULL,NULL,NULL,NULL,NULL,NULL,,7,2,4,1,1,2,2,1,3,N,NULL,N,Y,1343,1350,1405,N,NULL,90,,,N,,N,N,,NULL,NULL,2019,NULL,7.24025E+11,098-US-0119  -000,MEDIUM,098-US-0119  -000,24.934,0,0,0,0,0,0,0,0,0,0,0,0,0
72410454,KSP0900,19-35950,20190914,1202,,,KY1469 TURN LANE,,,KY1469,KY1469,0,098 KY-1469-20,KY1469,N,N,NULL,NULL,NULL,N,NULL,NULL,NULL,NULL,NULL,NULL,0.016,NULL,NULL,NULL,NULL,,NULL,0,0,2,2,N,N,55,NULL,98,9827,NULL,,Y,37.36031,37,21.619,NULL,-82.55539,82,33.323,NULL,N,NULL,NULL,NULL,NULL,NULL,NULL,NULL,NULL,1,3,2,6,97,1,2,2,7,3,N,NULL,Y,N,1208,1226,,N,NULL,46,8,0,N,,N,N,098-KY-1469-20,NULL,NULL,2019,O,7.24105E+11,098-KY-1469  -020,HIGH,098-KY-1469  -020,0.016,0,0,0,0,0,0,0,0,0,0,0,0,0
72400713,980000,19-08-004,20190822,1910,,319,TOLER,,RD,KY0319,KY0319,0,098 KY-319,KY0319,N,N,NULL,NULL,NULL,N,NULL,NULL,NULL,NULL,NULL,NULL,4.732,NULL,NULL,NULL,NULL,,NULL,1,0,2,2,N,N,45,NULL,98,9842,NULL,,Y,37.61634,37,36.981,NULL,-82.2424,82,14.544,NULL,N,NULL,NULL,NULL,NULL,NULL,NULL,NULL,NULL,1,3,2,3,1,5,6,2,7,3,Y,NULL,Y,Y,1910,1920,1955,N,NULL,55,7,0,N,,N,N,098-KY-0319-0,NULL,NULL,2019,C,7.24007E+11,098-KY-0319  -000,HIGH,098-KY-0319  -000,4.732,0,0,0,0,0,0,1,1,0,0,0,0,0
72370358,980100,2.019E+11,20190621,1734,,215,CASSIDY,,BLVD,,,0,098 CS-1191,CS1191,Y,N,NULL,NULL,NULL,N,NULL,NULL,NULL,NULL,NULL,NULL,0.054,NULL,NULL,NULL,NULL,,NULL,0,0,2,2,N,N,NULL,NULL,98,9801,NULL,,Y,37.50368,37,30.221,NULL,-82.53303,82,31.982,NULL,N,NULL,NULL,NULL,NULL,NULL,NULL,NULL,NULL,2,97,1,6,1,1,2,2,1,3,N,NULL,Y,N,1734,1744,1748,N,NULL,90,,,N,,N,N,098-CS-1191-0,NULL,NULL,2019,O,7.23704E+11,098-CS-1191  -000,HIGH,098-CS-1191  -000,0.054,0,0,0,0,0,0,1,0,0,0,0,0,0
72367214,980200,ELK4125-96-19,20190605,1438,,,ELKHORN,,CRK,KY0197,KY0197,0,098 KY-197,KY0197,N,N,NULL,NULL,NULL,N,NULL,NULL,NULL,NULL,NULL,NULL,4.383,NULL,NULL,NULL,NULL,,NULL,1,0,1,1,N,N,55,NULL,98,9864,10,S,N,37.23949,37,14.369,NULL,-82.51316,82,30.79,NULL,N,NULL,NULL,NULL,NULL,NULL,NULL,NULL,NULL,9,3,2,3,1,5,3,2,6,3,N,NULL,N,N,1426,1438,1515,N,NULL,70,7,0,Y,,N,N,098-KY-0197-0,NULL,NULL,2019,A,7.23672E+11,098-KY-0197  -000,HIGH,098-KY-0197  -000,4.383,0,0,0,0,0,0,0,1,0,1,0,1,0
72367232,KSP0900,19-22311,20190615,2213,,,US23,,,US0023,US0023,0,098 US-23-10,US0023,N,N,NULL,NULL,NULL,N,NULL,NULL,NULL,NULL,NULL,NULL,6.856,NULL,NULL,NULL,NULL,,NULL,0,0,1,1,N,N,55,NULL,98,9809,NULL,,Y,37.29999,37,18,NULL,-82.54362,82,32.617,NULL,N,NULL,NULL,NULL,NULL,NULL,NULL,NULL,NULL,9,3,4,1,1,1,2,6,7,3,N,NULL,Y,N,2213,2229,2229,N,NULL,38,,1,N,,N,N,098-US-0023-10,NULL,NULL,2019,O,7.23672E+11,098-US-0023  -010,HIGH,098-US-0023  -000,6.856,0,0,0,0,0,0,0,0,0,0,0,0,0
72366152,980100,2.019E+11,20190603,1624,,,US23,,,US0023,US0023,0,098 US-23-10,US0023,N,N,NULL,NULL,NULL,N,NULL,NULL,NULL,NULL,NULL,NULL,26.267,NULL,NULL,NULL,NULL,,NULL,0,0,2,2,N,N,55,NULL,98,9801,NULL,,Y,37.50343,37,30.206,NULL,-82.53233,82,31.94,NULL,N,NULL,NULL,NULL,NULL,NULL,NULL,NULL,NULL,5,3,4,6,1,1,2,2,1,3,N,NULL,Y,N,1624,1633,,N,NULL,49,,1,N,,N,N,098-US-0023-10,NULL,NULL,2019,O,7.23662E+11,098-US-0023  -010,HIGH,098-US-0023  -000,26.267,0,0,0,0,0,0,1,0,0,0,0,0,0
72366370,980100,2.019E+11,20190613,1850,,,BYPASS,S,RD,KY1426,KY1426,0,098 KY-1426,KY1426,N,N,NULL,NULL,NULL,N,NULL,NULL,NULL,NULL,NULL,NULL,5.631,NULL,NULL,NULL,NULL,,NULL,0,0,2,2,N,N,45,NULL,98,9801,NULL,,Y,37.47258,37,28.355,NULL,-82.5239,82,31.434,NULL,N,NULL,NULL,NULL,NULL,NULL,NULL,NULL,NULL,5,3,2,6,1,1,2,2,7,3,N,NULL,N,N,1650,1650,1710,N,NULL,70,,0,Y,,N,N,098-KY-1426-0,NULL,NULL,2019,O,7.23664E+11,098-KY-1426  -000,HIGH,098-KY-1426  -000,5.631,0,0,0,0,0,0,1,0,0,0,0,0,0
72331667,980500,2019AR20,20190326,1505,,,COWPEN,,RD,KY2061,KY2061,0,098 KY-2061,KY2061,N,N,NULL,NULL,NULL,N,NULL,NULL,NULL,NULL,NULL,NULL,1.191,NULL,NULL,NULL,NULL,,NULL,0,0,2,2,N,N,45,NULL,98,9807,NULL,,Y,37.54337,37,32.602,NULL,-82.56383,82,33.83,NULL,N,NULL,NULL,NULL,NULL,NULL,NULL,NULL,NULL,8,3,2,6,1,1,2,2,7,3,N,NULL,Y,N,1505,1509,1510,N,NULL,53,,0,N,,N,N,098-KY-2061-0,NULL,NULL,2019,O,7.23317E+11,098-KY-2061  -000,HIGH,098-KY-2061  -000,1.191,0,0,0,1,0,0,0,1,0,0,0,1,0
72363244,980100,2.019E+11,20190606,1319,,972,BYPASS ROAD,,,,,,,,Y,N,NULL,NULL,NULL,N,NULL,NULL,NULL,NULL,NULL,NULL,NULL,NULL,NULL,NULL,NULL,,NULL,0,0,2,2,N,N,15,NULL,98,9801,NULL,,Y,37.47326,37,28.396,NULL,-82.52575,82,31.545,NULL,N,NULL,NULL,NULL,NULL,NULL,NULL,NULL,NULL,1,97,2,6,1,1,3,2,1,3,N,NULL,Y,N,1319,1324,1335,N,NULL,90,,,N,,N,N,,NULL,NULL,2019,O,7.23632E+11,098-CS-1054  -000,MEDIUM,098-CS-1054  -000,0.265,0,0,0,1,0,0,1,0,0,0,0,0,0
72362381,KSP0900,19-19548,20190528,1631,,,KY3174,,,KY3174,KY3174,0,098 KY-3174,KY3174,N,N,NULL,NULL,NULL,N,NULL,NULL,NULL,NULL,NULL,NULL,0.579,NULL,NULL,NULL,NULL,,NULL,1,0,1,1,N,N,55,NULL,98,9801,3,S,N,37.39243,37,23.546,NULL,-82.52142,82,31.285,NULL,N,NULL,NULL,NULL,NULL,NULL,NULL,NULL,NULL,9,3,4,4,1,1,2,2,7,3,Y,NULL,Y,N,1634,1636,1634,N,NULL,44,,0,N,,N,N,098-KY-3174-0,NULL,NULL,2019,B,7.23624E+11,098-KY-3174  -000,HIGH,098-KY-3174  -000,0.579,1,0,0,0,0,0,0,0,0,0,0,1,0
72373108,980100,2.019E+11,20190624,1822,,,US119,,,US0119,US0119,,,,N,N,NULL,NULL,NULL,N,NULL,NULL,NULL,NULL,NULL,NULL,0.087,NULL,NULL,NULL,NULL,,NULL,1,0,2,2,N,N,55,NULL,98,9801,NULL,,Y,37.50408,37,30.245,NULL,-82.5305,82,31.83,NULL,N,NULL,NULL,NULL,NULL,NULL,NULL,NULL,NULL,1,3,4,6,1,5,6,2,7,3,Y,NULL,Y,Y,1822,1823,1902,N,NULL,55,2,1,N,,N,Y,,NULL,NULL,2019,B,7.23731E+11,098-US-0119  -010,MEDIUM,098-US-0119  -000,0.087,0,0,1,0,0,0,0,0,0,0,0,0,1
72391498,KSP0900,19-30425,20190808,1806,,,PETER FORK,,RD,,,0,098 CR-1527,CR1527,N,N,NULL,NULL,NULL,N,NULL,NULL,NULL,NULL,NULL,NULL,0.404,NULL,NULL,NULL,NULL,,NULL,1,0,1,1,N,N,35,NULL,98,9863,NULL,,Y,37.58809,37,35.285,NULL,-82.1655,82,9.93,NULL,N,NULL,NULL,NULL,NULL,NULL,NULL,NULL,NULL,9,5,1,1,1,1,2,2,7,3,N,NULL,Y,Y,1808,1837,1837,N,NULL,44,,,N,,N,N,098-CR-1527-0,NULL,NULL,2019,A,7.23915E+11,098-CR-1527  -000,HIGH,098-CR-1527  -000,0.404,0,0,0,0,0,0,0,0,0,1,0,1,0
72388165,980100,2.019E+11,20190802,1640,,,CASSIDY,,BLVD,,,0,098 CS-1191,CS1191,N,N,NULL,NULL,NULL,N,NULL,NULL,NULL,NULL,NULL,NULL,0.266,NULL,NULL,NULL,NULL,,NULL,0,0,2,2,N,N,25,NULL,98,9801,NULL,,Y,37.5047,37,30.282,NULL,-82.53621,82,32.172,NULL,N,NULL,NULL,NULL,NULL,NULL,NULL,NULL,NULL,4,3,3,6,1,1,2,2,7,3,N,NULL,N,N,1640,1648,1648,N,NULL,70,,,Y,,N,N,098-CS-1191-0,NULL,NULL,2019,O,7.23882E+11,098-CS-1191  -000,HIGH,098-CS-1191  -000,0.266,0,0,0,1,0,0,1,1,0,0,0,0,0
72382160,KSP0900,19-25975,20190709,1000,,,SHELBY DRY,,FRK,,,0,098 CR-1257,CR1257,N,N,NULL,NULL,NULL,N,NULL,NULL,NULL,NULL,NULL,NULL,2.716,NULL,NULL,NULL,NULL,,NULL,0,0,2,2,N,N,35,NULL,98,9824,NULL,,Y,37.38858,37,23.315,NULL,-82.49339,82,29.604,NULL,N,NULL,NULL,NULL,NULL,NULL,NULL,NULL,NULL,6,3,2,5,1,1,2,2,7,3,N,NULL,N,N,945,1000,,N,NULL,70,,,N,,N,N,098-CR-1257-0,NULL,NULL,2019,O,7.23822E+11,098-CR-1257  -000,HIGH,098-CR-1257  -000,2.716,0,0,0,1,0,0,1,0,0,0,0,0,0
72363884,KSP0900,19-21035,20190607,1152,,,US460,,,US0460,US0460,0,098 US-460,US0460,N,N,NULL,NULL,NULL,N,NULL,NULL,NULL,NULL,NULL,NULL,2.049,NULL,NULL,NULL,NULL,,NULL,0,0,1,1,N,N,55,NULL,98,9824,NULL,,Y,37.43319,37,25.991,NULL,-82.49161,82,29.496,NULL,N,NULL,NULL,NULL,NULL,NULL,NULL,NULL,NULL,9,3,2,3,1,5,6,2,7,3,N,NULL,Y,N,1154,1209,,N,NULL,44,,1,N,,N,N,098-US-0460-0,NULL,NULL,2019,O,7.23639E+11,098-US-0460  -000,HIGH,098-US-0460  -000,2.049,0,0,1,0,0,0,0,1,0,0,0,1,0
72374363,980100,2.019E+11,20190702,811,,,NIGHTINGALE,,CT,,,,,,N,N,NULL,NULL,NULL,N,NULL,NULL,NULL,NULL,NULL,NULL,0.069,NULL,NULL,NULL,NULL,,NULL,0,0,2,2,N,N,15,NULL,98,9801,NULL,,Y,37.46646,37,27.987,NULL,-82.56274,82,33.765,NULL,N,NULL,NULL,NULL,NULL,NULL,NULL,NULL,NULL,2,3,1,5,1,1,2,2,6,3,N,NULL,Y,Y,811,817,837,N,NULL,47,,,N,,N,N,,NULL,NULL,2019,O,7.23744E+11,098-CS-1047  -000,HIGH,098-CS-1047  -000,0.069,0,0,0,0,0,0,1,0,0,0,0,0,0
72391537,980000,19-07-001,20190720,2209,,561,PINSONFORK,,RD,,,0,098 CR-1544J,CR1544J,N,N,NULL,NULL,NULL,N,NULL,NULL,NULL,NULL,NULL,NULL,0.022,NULL,NULL,NULL,NULL,,NULL,1,0,1,1,N,N,35,NULL,98,9872,NULL,,Y,37.56794,37,34.076,NULL,-82.26817,82,16.09,NULL,N,NULL,NULL,NULL,NULL,NULL,NULL,NULL,NULL,9,3,2,3,1,1,2,6,6,3,Y,NULL,N,Y,2200,2240,2255,N,NULL,44,,,Y,,N,N,098-CR-1544J-0,NULL,NULL,2019,B,7.23915E+11,098-CR-1544J -000,HIGH,098-CR-1544J -000,0.022,0,0,0,0,0,0,0,0,1,0,0,1,0
72422442,KSP0900,19-40783,20191016,1639,,,US119,,,US0119,US0119,0,098 US-119,US0119,N,N,NULL,NULL,NULL,N,NULL,NULL,NULL,NULL,NULL,NULL,24.994,NULL,NULL,NULL,NULL,,NULL,1,0,2,2,N,N,55,NULL,98,9834,NULL,,Y,37.66812,37,40.087,NULL,-82.27721,82,16.633,NULL,N,NULL,NULL,NULL,NULL,NULL,NULL,NULL,NULL,4,3,4,6,1,1,2,2,7,3,Y,NULL,Y,Y,1641,1658,1720,N,NULL,70,2,1,N,,N,N,098-US-0119-0,NULL,NULL,2019,C,7.24224E+11,098-US-0119  -000,HIGH,098-US-0119  -000,24.994,0,0,1,0,0,0,1,0,0,0,0,0,0
72375631,KSP0900,19-25161,20190704,1418,,,US460,,,US0460,US0460,0,098 US-460,US0460,N,N,NULL,NULL,NULL,N,NULL,NULL,NULL,NULL,NULL,NULL,5.933,NULL,NULL,NULL,NULL,,NULL,1,0,2,2,N,N,55,NULL,98,9801,4,SE,N,37.40432,37,24.259,NULL,-82.43566,82,26.14,NULL,N,NULL,NULL,NULL,NULL,NULL,NULL,NULL,NULL,5,3,2,6,1,1,2,2,7,3,Y,NULL,Y,N,1418,1436,1500,N,NULL,49,,1,N,,N,N,098-US-0460-0,NULL,NULL,2019,C,7.23756E+11,098-US-0460  -000,HIGH,098-US-0460  -000,5.933,0,0,0,0,0,0,1,0,0,0,0,0,0
72378833,980100,2.019E+11,20190712,1855,,,MAYO,N,TRL,KY3495,KY3495,0,098 KY-3495,KY3495,N,N,NULL,NULL,NULL,N,NULL,NULL,NULL,NULL,NULL,NULL,0.605,NULL,NULL,NULL,NULL,,NULL,0,0,2,2,N,N,55,NULL,98,9801,NULL,,Y,37.49247,37,29.548,NULL,-82.53481,82,32.089,NULL,N,NULL,NULL,NULL,NULL,NULL,NULL,NULL,NULL,5,3,2,6,1,1,2,2,7,3,N,NULL,Y,N,1855,1855,1855,N,NULL,49,17,0,Y,,N,N,098-KY-3495-0,NULL,NULL,2019,O,7.23788E+11,098-KY-3495  -000,HIGH,098-KY-3495  -000,0.605,0,0,1,0,0,0,1,0,0,0,0,0,0
72375891,980100,2.019E+11,20190705,1750,,254,CASSIDY,,BLVD,,,0,098 CS-1191,CS1191,Y,N,NULL,NULL,NULL,N,NULL,NULL,NULL,NULL,NULL,NULL,0.053,NULL,NULL,NULL,NULL,,NULL,0,0,2,2,N,N,NULL,NULL,98,9801,NULL,,Y,37.50368,37,30.221,NULL,-82.53301,82,31.981,NULL,N,NULL,NULL,NULL,NULL,NULL,NULL,NULL,NULL,1,97,2,6,1,1,2,2,1,3,N,NULL,Y,N,1750,1800,1800,N,NULL,90,,,N,,N,N,098-CS-1191-0,NULL,NULL,2019,O,7.23759E+11,098-CS-1191  -000,HIGH,098-CS-1191  -000,0.053,0,0,0,1,0,0,0,0,0,0,0,0,0
72373722,980100,2.019E+11,20190625,1213,,,ROBERTS,,CIR,,,,,,Y,N,NULL,NULL,NULL,N,NULL,NULL,NULL,NULL,NULL,NULL,0.073,NULL,NULL,NULL,NULL,,NULL,0,0,2,2,N,N,10,NULL,98,9801,NULL,,Y,37.47257,37,28.354,NULL,-82.52959,82,31.776,NULL,N,NULL,NULL,NULL,NULL,NULL,NULL,NULL,NULL,2,97,1,6,1,1,2,2,1,3,N,NULL,Y,N,1213,1219,1219,N,NULL,90,,,N,,N,N,,NULL,NULL,2019,O,7.23737E+11,098-CS-1050  -000,MEDIUM,098-CS-1050  -000,0.073,0,0,1,1,0,0,0,0,0,0,0,0,0