MasterFile,AgencyORINumber,LocalCode,CollisionDate,CollisionTime,CollisionDayWeekCode,RoadwayName_HouseBusinessNumber_,RoadwayName_RoadwayName_,RoadwayName_Direction_,RoadwayName_RoadwaySuffix_,RoadwayfromReport,CurrentRoadwayNumber,RoadwayNumberCoupletID,RSEUniqueGIS,RoadwayIdentifier,ParkingLotIndicator,IntersectionWith_Indicator_,IntersectionWith_NameRoadway_,IntersectionWith_Direction_,IntersectionWith_RoadwaySuffix_,BetweenStreets_Indicator_,BetweenStreets1_NameRoadway_,BetweenStreet1_Direction_,BetweenStreets1_RoadwaySuffix_,BetweenStreets2_NameRoadway_,BetweenStreets2_Direction_,BetweenStreets2_RoadwaySuffix_,Milepoint,ReportMilepointDeriveNumber,CurrentDerivedMiepointNumber,MilestoMilepoint,FeettoMilepoint,DirectionfromMilepoint_NSEW_,ValidMilepointIndicator,NumberInjured,NumberKilled,ofUnits,ofMotorVehicleUnits,Hit&RunIndicator,OneWayIndicator,SpeedLimitNumber,KilometersIndicator,CountyCode,CityCountyCode,MilesFromCity,DirectionFromCity_NSEW_,InCityLimitsIndicator,Latitude,LatitudeDegrees,LatitudeMinutes,LatitudeSeconds,Longitude,LongitudeDegrees,LongitudeMinutes,LongitudeSeconds,RampIndicator,RampFromIdentifier,RampFromDirCode,RampFromCoupletID,RSEUniqueGISRampFrom,RampToidentifier,RampToDirCode,RampToCoupletID,RSEUniqueGisRampTo,MannerofCollisionCode,LocationFirstEventCode,TotalLanes,RoadwayCharacterCode,RoadwaySurfaceCode,RoadwayConditionCode,WeatherCode,LightConditionCode,LandUseCode,SchoolBusRelatedCode,FirstAidSceneIndicator,CollDescPresentInd,InvestigationCompleteIndicator,PhotosTakenIndicator,TimeNotified,TimeArrived,TimeRoadwayOpened,PropertyDamageIndicator,DiagramPresentIndicator,DirectionalAnalysis,FunctionClassCode,NationalHwySysCode,EnforcementsIndicator,KARSCityCode,SecondaryCollisionIndicator,MedianCrossoverIndicator,RT_UNIQUE,MapIt,TimeLastLeft,YR,KABCO,MFNY,WorkingRID,RT_CONFIDENCE,KTC_RT,KTC_MP,Motorcyclist,CommercialVehicle,YoungDriver,MatureDriver,pedestrian,Bicyclist,Distracted,agressive,Impaired,Unrestrained,Intersection,RoadwayDeparture,MedXover
72363864,KSP0900,19-21082,20190607,1651,,,KY194,,,KY0194,KY0194,0,098 KY-194,KY0194,N,N,NULL,NULL,NULL,N,NULL,NULL,NULL,NULL,NULL,NULL,54.149,NULL,NULL,NULL,NULL,,NULL,2,0,2,2,N,N,35,NULL,98,9804,NULL,,Y,37.5089,37,30.534,NULL,-82.13675,82,8.205,NULL,N,NULL,NULL,NULL,NULL,NULL,NULL,NULL,NULL,3,3,2,6,1,5,6,2,7,3,Y,NULL,Y,Y,1651,1707,1815,N,NULL,52,8,0,N,,N,Y,098-KY-0194-0,NULL,NULL,2019,C,7.23639E+11,098-KY-0194  -000,HIGH,098-KY-0194  -000,54.149,0,0,0,0,0,0,0,1,0,0,0,1,1
72369110,980100,2.019E+11,20190619,1205,,,US23,,,US0023,US0023,0,098 US-23,US0023,N,N,NULL,NULL,NULL,N,NULL,NULL,NULL,NULL,NULL,NULL,26.257,NULL,NULL,NULL,NULL,,NULL,0,0,2,2,N,N,55,NULL,98,9801,NULL,,Y,37.50329,37,30.197,NULL,-82.53209,82,31.925,NULL,N,NULL,NULL,NULL,NULL,NULL,NULL,NULL,NULL,5,3,4,6,1,5,6,2,7,3,N,NULL,Y,N,1205,1210,1218,N,NULL,70,,1,N,,N,N,098-US-0023-0,NULL,NULL,2019,O,7.23691E+11,098-US-0023  -000,HIGH,098-US-0023  -000,26.257,0,0,0,0,0,0,0,0,0,0,0,0,0
72372662,KSP0900,19-23109,20190621,1807,,,US119,,,US0119,US0119,0,098 US-119,US0119,Y,N,NULL,NULL,NULL,N,NULL,NULL,NULL,NULL,NULL,NULL,24.973,NULL,NULL,NULL,NULL,,NULL,0,0,2,2,N,N,NULL,NULL,98,9834,NULL,,Y,37.66801,37,40.08,NULL,-82.27701,82,16.621,NULL,N,NULL,NULL,NULL,NULL,NULL,NULL,NULL,NULL,2,97,4,6,1,1,2,2,1,3,N,NULL,Y,N,1807,1821,1821,N,NULL,90,2,1,N,,N,N,098-US-0119-0,NULL,NULL,2019,O,7.23727E+11,098-US-0119  -000,HIGH,098-US-0119  -000,24.973,0,0,0,0,0,0,1,0,0,0,0,0,0
72375629,KSP0900,19-25090,20190704,801,,,LEFT FORK ISLAND,,CRK,,,0,098 CR-1233Q3,CR1233Q3,N,N,NULL,NULL,NULL,N,NULL,NULL,NULL,NULL,NULL,NULL,1.328,NULL,NULL,NULL,NULL,,NULL,0,0,1,1,N,N,35,NULL,98,9801,5,W,N,37.43348,37,26.009,NULL,-82.57695,82,34.617,NULL,N,NULL,NULL,NULL,NULL,NULL,NULL,NULL,NULL,9,5,2,3,1,1,2,2,7,3,N,NULL,Y,N,801,831,831,N,NULL,44,,,N,,N,N,098-CR-1233Q3-0,NULL,NULL,2019,O,7.23756E+11,098-CR-1233Q3-000,HIGH,098-CR-1233Q3-000,1.328,0,0,0,0,0,0,0,1,0,0,0,1,0
72365033,KSP0900,19-20549,20190604,1149,,,US119,,,US0119,US0119,0,098 US-119,US0119,N,N,NULL,NULL,NULL,N,NULL,NULL,NULL,NULL,NULL,NULL,22.558,NULL,NULL,NULL,NULL,,NULL,0,0,2,2,N,N,55,NULL,98,9842,NULL,,Y,37.63952,37,38.371,NULL,-82.25877,82,15.526,NULL,N,NULL,NULL,NULL,NULL,NULL,NULL,NULL,NULL,1,3,2,6,1,1,2,2,7,3,N,NULL,Y,N,1149,1210,1230,N,NULL,55,2,1,N,,N,N,098-US-0119-0,NULL,NULL,2019,O,7.2365E+11,098-US-0119  -000,HIGH,098-US-0119  -000,22.558,0,0,0,1,0,0,1,1,0,0,0,0,0
72367409,KSP0900,19-22278,20190615,1850,,,BRUSHY,,RD,,,0,098 CR-1429Q4,CR1429Q4,N,N,NULL,NULL,NULL,N,NULL,NULL,NULL,NULL,NULL,NULL,0.733,NULL,NULL,NULL,NULL,,NULL,0,0,2,2,N,N,35,NULL,98,9820,NULL,,Y,37.66777,37,40.066,NULL,-82.48972,82,29.383,NULL,N,NULL,NULL,NULL,NULL,NULL,NULL,NULL,NULL,7,3,1,3,1,1,2,2,7,3,N,NULL,Y,N,1850,1851,,N,NULL,54,,,N,,N,N,098-CR-1429Q4-0,NULL,NULL,2019,O,7.23674E+11,098-CR-1429Q4-000,HIGH,098-CR-1429Q4-000,0.733,0,0,0,0,0,0,0,1,0,0,0,1,0
72373130,980100,2.019E+11,20190625,1158,,,BYPASS,S,RD,KY1426,KY1426,,,,Y,N,NULL,NULL,NULL,N,NULL,NULL,NULL,NULL,NULL,NULL,5.674,NULL,NULL,NULL,NULL,,NULL,0,0,2,2,Y,N,NULL,NULL,98,9801,NULL,,Y,37.4727,37,28.362,NULL,-82.52312,82,31.388,NULL,N,NULL,NULL,NULL,NULL,NULL,NULL,NULL,NULL,2,97,NULL,6,2,1,2,2,1,3,N,NULL,Y,N,1158,1204,1204,N,NULL,90,,0,Y,,N,N,,NULL,NULL,2019,O,7.23731E+11,098-KY-1426  -000,HIGH,098-KY-1426  -000,5.674,0,0,0,1,0,0,1,0,0,0,0,0,0
72397225,KSP0900,19-32691,20190823,1022,,,MARROWBONE CREEK,,RD,KY0195,KY0195,0,098 KY-195,KY0195,N,N,NULL,NULL,NULL,N,NULL,NULL,NULL,NULL,NULL,NULL,11.253,NULL,NULL,NULL,NULL,,NULL,0,0,1,1,N,N,55,NULL,98,9802,NULL,,Y,37.36438,37,21.862,NULL,-82.41377,82,24.827,NULL,N,NULL,NULL,NULL,NULL,NULL,NULL,NULL,NULL,9,3,2,3,1,1,3,2,6,3,N,NULL,Y,N,1022,1124,1124,N,NULL,70,7,0,N,,N,N,098-KY-0195-0,NULL,NULL,2019,O,7.23972E+11,098-KY-0195  -000,HIGH,098-KY-0195  -000,11.253,0,0,0,0,0,0,0,0,0,0,0,1,0
72371655,KSP0900,18166,20190519,2008,,,KY194,,,KY0194,KY0194,0,098 KY-194,KY0194,N,N,NULL,NULL,NULL,N,NULL,NULL,NULL,NULL,NULL,NULL,11.405,NULL,NULL,NULL,NULL,,NULL,0,1,1,1,N,N,45,NULL,98,9801,NULL,,Y,37.5996,37,35.976,NULL,-82.50864,82,30.519,NULL,N,NULL,NULL,NULL,NULL,NULL,NULL,NULL,NULL,9,5,2,6,1,1,2,3,1,3,N,NULL,N,Y,2057,2129,16,N,NULL,40,7,0,N,,Y,Y,098-KY-0194-0,NULL,NULL,2019,K,7.23717E+11,098-KY-0194  -000,HIGH,098-KY-0194  -000,11.405,0,0,0,0,0,0,0,0,1,1,0,1,0
72434425,KSP0900,19-43435,20191104,1703,,,GOODY,,LOOP,,,0,098 PR-1024,PR1024,Y,N,NULL,NULL,NULL,N,NULL,NULL,NULL,NULL,NULL,NULL,0.013,NULL,NULL,NULL,NULL,,NULL,0,0,2,2,Y,N,NULL,NULL,98,9834,NULL,,Y,37.65968,37,39.581,NULL,-82.27195,82,16.317,NULL,N,NULL,NULL,NULL,NULL,NULL,NULL,NULL,NULL,2,7,0,6,1,1,2,3,7,3,N,NULL,Y,N,1710,1758,1758,N,NULL,90,,,N,,N,N,098-PR-1024-0,NULL,NULL,2019,NULL,7.24344E+11,098-PR-1024  -000,HIGH,098-PR-1024  -000,0.013,0,0,0,0,0,0,1,0,0,0,0,0,0
72421736,980000,19-10-005,20191011,1641,,,US119,,,US0119,US0119,0,098 US-119-10,US0119,Y,N,NULL,NULL,NULL,N,NULL,NULL,NULL,NULL,NULL,NULL,23.898,NULL,NULL,NULL,NULL,,NULL,0,0,1,1,N,N,15,NULL,98,9834,NULL,,Y,37.65411,37,39.247,NULL,-82.26965,82,16.179,NULL,N,NULL,NULL,NULL,NULL,NULL,NULL,NULL,NULL,9,97,4,6,1,1,2,2,5,3,N,NULL,Y,Y,1605,1625,1605,Y,NULL,90,2,1,N,,N,N,098-US-0119-10,NULL,NULL,2019,O,7.24217E+11,098-US-0119  -010,HIGH,098-US-0119  -000,23.898,0,0,0,1,0,0,0,0,0,0,0,1,0
72406830,KSP0900,19-35322,20190910,1240,,,KY612,,,KY0612,KY0612,0,098 KY-612,KY0612,N,N,NULL,NULL,NULL,N,NULL,NULL,NULL,NULL,NULL,NULL,6.935,NULL,NULL,NULL,NULL,,NULL,0,0,1,1,N,N,45,NULL,98,9826,NULL,,Y,37.65434,37,39.261,NULL,-82.30576,82,18.345,NULL,N,NULL,NULL,NULL,NULL,NULL,NULL,NULL,NULL,9,3,2,6,1,1,2,2,7,3,N,NULL,N,N,1240,1255,1255,N,NULL,44,8,0,N,,N,N,098-KY-0612-0,NULL,NULL,2019,O,7.24068E+11,098-KY-0612  -000,HIGH,098-KY-0612  -000,6.935,0,0,0,0,0,0,0,0,0,0,0,1,0
72374754,KSP0900,19-24781,20190702,1520,,,BIG CREEK,,RD,KY0468,KY0468,0,098 KY-468,KY0468,N,N,NULL,NULL,NULL,N,NULL,NULL,NULL,NULL,NULL,NULL,2.039,NULL,NULL,NULL,NULL,,NULL,1,0,1,1,N,N,55,NULL,98,9833,NULL,,Y,37.64383,37,38.63,NULL,-82.35555,82,21.333,NULL,N,NULL,NULL,NULL,NULL,NULL,NULL,NULL,NULL,9,3,2,3,1,1,2,2,7,3,Y,NULL,Y,Y,1520,1540,1600,N,NULL,44,8,0,N,,N,N,098-KY-0468-0,NULL,NULL,2019,C,7.23748E+11,098-KY-0468  -000,HIGH,098-KY-0468  -000,2.039,0,0,0,0,0,0,1,0,0,0,0,1,0
72407478,980100,2.019E+11,20190913,1433,,,BYPASS,N,RD,KY1460,KY1460,,,,N,N,NULL,NULL,NULL,N,NULL,NULL,NULL,NULL,NULL,NULL,5.107,NULL,NULL,NULL,NULL,,NULL,0,0,2,2,N,N,45,NULL,98,9801,NULL,,Y,37.4831,37,28.986,NULL,-82.51358,82,30.815,NULL,N,NULL,NULL,NULL,NULL,NULL,NULL,NULL,NULL,5,3,2,6,1,1,2,2,1,3,N,NULL,Y,N,1433,1437,1438,N,NULL,49,16,0,N,,N,N,,NULL,NULL,2019,O,7.24075E+11,098-KY-1460  -000,MEDIUM,098-KY-1460  -000,5.107,0,0,0,1,0,0,1,0,0,0,0,0,0
72377490,980100,2.019E+11,20190709,1155,,,US23,,,US0023,US0023,,,,N,N,NULL,NULL,NULL,N,NULL,NULL,NULL,NULL,NULL,NULL,30.196,NULL,NULL,NULL,NULL,,NULL,0,0,2,2,N,N,55,NULL,98,9801,NULL,,Y,37.53951,37,32.371,NULL,-82.5812,82,34.872,NULL,N,NULL,NULL,NULL,NULL,NULL,NULL,NULL,NULL,8,3,2,6,1,1,2,2,7,3,N,NULL,Y,N,1155,1206,1206,N,NULL,53,,1,N,,N,N,,NULL,NULL,2019,O,7.23775E+11,098-US-0023  -000,MEDIUM,098-US-0023  -000,30.196,0,0,0,0,0,0,1,0,0,0,0,1,0
72402029,KSP0900,19-34269,20190903,930,,,RED CREEK,,RD,,,0,098 CR-1263,CR1263,N,N,NULL,NULL,NULL,N,NULL,NULL,NULL,NULL,NULL,NULL,1.518,NULL,NULL,NULL,NULL,,NULL,0,0,1,1,N,N,35,NULL,98,9824,NULL,,Y,37.44721,37,26.833,NULL,-82.46466,82,27.879,NULL,N,NULL,NULL,NULL,NULL,NULL,NULL,NULL,NULL,9,97,1,4,1,1,2,2,5,3,Y,NULL,Y,Y,930,945,,N,NULL,44,,,N,,N,N,098-CR-1263-0,NULL,NULL,2019,O,7.2402E+11,098-CR-1263  -000,HIGH,098-CR-1263  -000,1.518,0,0,0,1,0,0,1,0,0,0,0,1,0
72421372,980100,2.019E+11,20191016,810,,,US119,,,,,,,,N,N,NULL,NULL,NULL,N,NULL,NULL,NULL,NULL,NULL,NULL,NULL,NULL,NULL,NULL,NULL,NULL,NULL,0,0,2,2,N,N,55,NULL,98,9801,NULL,,Y,37.50385,37,30.231,NULL,-82.53178,82,31.907,NULL,N,NULL,NULL,NULL,NULL,NULL,NULL,NULL,NULL,5,3,4,6,1,5,6,1,1,3,N,NULL,Y,N,805,811,,N,NULL,70,,,N,,N,N,,NULL,NULL,2019,O,7.24214E+11,098-US-0119  -010,MEDIUM,098-US-0119  -000,0.014,0,0,0,0,0,0,1,0,0,0,0,0,0
72407406,980100,2.019E+11,20190905,1344,,,US23,,,US0023,US0023,,,,N,N,NULL,NULL,NULL,N,NULL,NULL,NULL,NULL,NULL,NULL,26.299,NULL,NULL,NULL,NULL,,NULL,0,0,2,1,N,N,55,NULL,98,9801,NULL,,Y,37.50386,37,30.232,NULL,-82.53238,82,31.943,NULL,N,NULL,NULL,NULL,NULL,NULL,NULL,NULL,NULL,1,3,4,6,1,1,2,2,7,3,N,NULL,N,N,1344,1351,1416,N,NULL,55,,1,N,,N,N,,NULL,NULL,2019,O,7.24074E+11,098-US-0023  -010,MEDIUM,098-US-0023  -000,26.299,0,0,0,1,0,0,1,0,0,0,0,0,0
72447448,980100,2.019E+11,20191203,1458,,254,CASSIDY,,BLVD,,,,,,Y,N,NULL,NULL,NULL,N,NULL,NULL,NULL,NULL,NULL,NULL,0.294,NULL,NULL,NULL,NULL,,NULL,0,0,2,2,N,N,15,NULL,98,9801,NULL,,Y,37.50541,37,30.325,NULL,-82.53679,82,32.207,NULL,N,NULL,NULL,NULL,NULL,NULL,NULL,NULL,NULL,2,97,2,6,1,1,3,2,1,3,N,NULL,Y,N,1502,1511,,N,NULL,90,,,N,,N,N,,NULL,NULL,2019,O,7.24474E+11,098-CS-1191  -000,HIGH,098-CS-1191  -000,0.294,0,0,1,0,0,0,1,0,0,0,0,0,0
72394513,KSP0900,19-31531,20190815,1840,,,KY194,,,KY0194,KY0194,0,098 KY-194,KY0194,N,N,NULL,NULL,NULL,N,NULL,NULL,NULL,NULL,NULL,NULL,24.962,NULL,NULL,NULL,NULL,,NULL,0,0,2,2,N,N,55,NULL,98,9817,NULL,,Y,37.5173,37,31.038,NULL,-82.36209,82,21.725,NULL,N,NULL,NULL,NULL,NULL,NULL,NULL,NULL,NULL,5,3,2,6,1,1,2,2,7,3,N,NULL,N,N,1840,1848,1939,N,NULL,49,6,0,N,,N,N,098-KY-0194-0,NULL,NULL,2019,O,7.23945E+11,098-KY-0194  -000,HIGH,098-KY-0194  -000,24.962,0,0,0,0,0,0,0,1,0,0,0,0,0
72374803,980100,2.019E+11,20190703,916,,,US23,,,US0023,US0023,,,,N,N,NULL,NULL,NULL,N,NULL,NULL,NULL,NULL,NULL,NULL,19.847,NULL,NULL,NULL,NULL,,NULL,0,0,1,1,N,N,55,NULL,98,9801,NULL,,Y,37.44998,37,26.999,NULL,-82.50938,82,30.563,NULL,N,NULL,NULL,NULL,NULL,NULL,NULL,NULL,NULL,9,3,4,3,1,6,6,2,1,3,N,NULL,Y,N,916,923,,N,NULL,40,,1,N,,N,N,,NULL,NULL,2019,O,7.23748E+11,098-US-0023  -000,MEDIUM,098-US-0023  -000,19.847,0,0,0,0,0,0,0,1,0,0,0,1,0
72424371,KSP0900,19-40900,20191017,1500,,,US460,,,US0460,US0460,0,098 US-460,US0460,N,N,NULL,NULL,NULL,N,NULL,NULL,NULL,NULL,NULL,NULL,1.092,NULL,NULL,NULL,NULL,,NULL,0,0,2,2,N,N,55,NULL,98,9824,NULL,,Y,37.42942,37,25.765,NULL,-82.50359,82,30.215,NULL,N,NULL,NULL,NULL,NULL,NULL,NULL,NULL,NULL,5,3,2,6,1,1,2,2,7,3,N,NULL,Y,Y,1504,1602,1636,N,NULL,70,,1,N,,N,N,098-US-0460-0,NULL,NULL,2019,O,7.24244E+11,098-US-0460  -000,HIGH,098-US-0460  -000,1.092,0,0,0,0,0,0,0,0,0,0,0,0,0
72448708,980100,2.019E+11,20191209,1548,,,BYPASS,,RD,,,,,,N,N,NULL,NULL,NULL,N,NULL,NULL,NULL,NULL,NULL,NULL,NULL,NULL,NULL,NULL,NULL,NULL,NULL,2,0,2,2,N,N,45,NULL,98,9801,NULL,,Y,37.4831,37,28.986,NULL,-82.51341,82,30.805,NULL,N,NULL,NULL,NULL,NULL,NULL,NULL,NULL,NULL,1,3,2,6,1,1,3,2,1,3,Y,NULL,Y,Y,1548,1551,1616,N,NULL,55,,,N,,N,N,,NULL,NULL,2019,C,7.24487E+11,098-KY-1460  -000,MEDIUM,098-KY-1460  -000,5.08,0,0,0,0,0,0,0,1,0,0,0,0,0
72390288,KSP0900,19-30265,20190807,1707,,,US460,,,US0460,US0460,0,098 US-460,US0460,N,N,NULL,NULL,NULL,N,NULL,NULL,NULL,NULL,NULL,NULL,0.914,NULL,NULL,NULL,NULL,,NULL,0,0,1,1,N,N,55,NULL,98,9801,1,S,N,37.43163,37,25.898,NULL,-82.50504,82,30.302,NULL,N,NULL,NULL,NULL,NULL,NULL,NULL,NULL,NULL,9,3,2,6,1,1,2,2,7,3,N,NULL,Y,N,1702,1712,1728,N,NULL,70,,1,Y,,N,N,098-US-0460-0,NULL,NULL,2019,O,7.23903E+11,098-US-0460  -000,HIGH,098-US-0460  -000,0.914,0,0,0,0,0,0,0,0,1,0,0,1,0
72406533,980100,2.019E+11,20190912,652,,,US23,,,US0023,US0023,0,098 US-23,US0023,N,N,NULL,NULL,NULL,N,NULL,NULL,NULL,NULL,NULL,NULL,27.267,NULL,NULL,NULL,NULL,,NULL,2,0,2,2,N,N,55,NULL,98,9801,NULL,,Y,37.51046,37,30.628,NULL,-82.54663,82,32.798,NULL,N,NULL,NULL,NULL,NULL,NULL,NULL,NULL,NULL,5,3,4,6,1,1,2,2,1,3,Y,NULL,Y,Y,652,659,739,N,NULL,49,,1,Y,,N,N,098-US-0023-0,NULL,NULL,2019,A,7.24065E+11,098-US-0023  -000,HIGH,098-US-0023  -000,27.267,0,0,0,0,0,0,1,0,0,0,0,0,0
72419247,KSP0900,19-39963,20191010,1508,,,ASHCAMP,,RD,KY0195,KY0195,0,098 KY-195,KY0195,N,N,NULL,NULL,NULL,N,NULL,NULL,NULL,NULL,NULL,NULL,1.865,NULL,NULL,NULL,NULL,,NULL,1,0,1,1,N,N,55,NULL,98,9864,NULL,,Y,37.28292,37,16.975,NULL,-82.45523,82,27.314,NULL,N,NULL,NULL,NULL,NULL,NULL,NULL,NULL,NULL,9,5,2,4,1,1,2,2,7,3,Y,NULL,Y,N,1508,1530,1640,N,NULL,44,8,0,N,,N,N,098-KY-0195-0,NULL,NULL,2019,A,7.24192E+11,098-KY-0195  -000,HIGH,098-KY-0195  -000,1.865,0,0,0,1,0,0,0,0,0,0,0,1,0
72388713,KSP0900,19-29304,20190801,1215,,,US119,,,US0119,US0119,0,098 US-119,US0119,N,Y,WILLIAMSON,,RD,N,NULL,NULL,NULL,NULL,NULL,NULL,25.356,NULL,NULL,NULL,NULL,,NULL,0,0,2,2,N,N,55,NULL,98,9834,NULL,,Y,37.67255,37,40.353,NULL,-82.28111,82,16.867,NULL,N,NULL,NULL,NULL,NULL,NULL,NULL,NULL,NULL,5,3,2,3,1,1,3,2,7,3,N,NULL,Y,N,1211,1231,1241,N,NULL,14,2,1,N,,N,N,098-US-0119-0,NULL,NULL,2019,O,7.23887E+11,098-US-0119  -000,HIGH,098-US-0119  -000,25.356,0,0,0,0,0,0,1,0,0,0,1,0,0
72395659,KSP0900,19-31370,20190813,2230,,,RUNYON,,BR,,,0,098 CR-1565,CR1565,N,N,NULL,NULL,NULL,N,NULL,NULL,NULL,NULL,NULL,NULL,1.41,NULL,NULL,NULL,NULL,,NULL,0,0,2,2,N,Y,10,NULL,98,9872,NULL,,Y,37.53569,37,32.141,NULL,-82.27922,82,16.753,NULL,N,NULL,NULL,NULL,NULL,NULL,NULL,NULL,NULL,2,97,1,6,3,1,3,6,6,3,N,NULL,Y,N,1315,1630,1630,N,NULL,47,,,N,,N,N,098-CR-1565-0,NULL,NULL,2019,O,7.23957E+11,098-CR-1565  -000,HIGH,098-CR-1565  -000,1.41,0,0,0,0,0,0,1,0,0,0,0,0,0
72364543,KSP0900,19-21079,20190607,1628,,,ZEBULON,,HWY,KY1426,KY1426,0,098 KY-1426,KY1426,N,N,NULL,NULL,NULL,N,NULL,NULL,NULL,NULL,NULL,NULL,11.529,NULL,NULL,NULL,NULL,,NULL,0,0,2,2,N,N,55,NULL,98,9828,NULL,,Y,37.53077,37,31.846,NULL,-82.46969,82,28.181,NULL,N,NULL,NULL,NULL,NULL,NULL,NULL,NULL,NULL,7,3,2,6,1,1,2,2,7,3,N,NULL,Y,N,1628,1631,1636,N,NULL,54,7,0,N,,N,N,098-KY-1426-0,NULL,NULL,2019,O,7.23645E+11,098-KY-1426  -000,HIGH,098-KY-1426  -000,11.529,0,0,0,0,0,0,0,0,0,0,0,1,0
72385523,980100,2.019E+11,20190717,1749,,,CASSIDY,,BLVD,,,,,,Y,N,NULL,NULL,NULL,N,NULL,NULL,NULL,NULL,NULL,NULL,0.317,NULL,NULL,NULL,NULL,,NULL,0,0,2,2,N,N,15,NULL,98,9801,NULL,,Y,37.5052,37,30.312,NULL,-82.53719,82,32.231,NULL,N,NULL,NULL,NULL,NULL,NULL,NULL,NULL,NULL,2,97,1,6,1,5,3,2,1,3,N,NULL,Y,N,1749,1756,1756,N,NULL,90,,,N,,N,N,,NULL,NULL,2019,O,7.23855E+11,098-CS-1191  -000,HIGH,098-CS-1191  -000,0.317,0,0,0,0,0,0,1,0,0,0,0,0,0
72427225,KSP0900,19-42095,20191026,1033,,,US119,,,US0119,US0119,0,098 US-119,US0119,N,N,NULL,NULL,NULL,N,NULL,NULL,NULL,NULL,NULL,NULL,12.911,NULL,NULL,NULL,NULL,,NULL,0,0,1,1,N,N,55,NULL,98,9820,NULL,,Y,37.60667,37,36.4,NULL,-82.3661,82,21.966,NULL,N,NULL,NULL,NULL,NULL,NULL,NULL,NULL,NULL,9,3,2,5,1,1,2,2,7,3,N,NULL,Y,N,1033,1128,1128,N,NULL,38,2,1,N,,N,N,098-US-0119-0,NULL,NULL,2019,O,7.24272E+11,098-US-0119  -000,HIGH,098-US-0119  -000,12.911,0,0,0,0,0,0,0,0,0,0,0,0,0
72400633,980100,2.019E+11,20190830,1513,,,RIVER,,DR,,,,,,Y,N,NULL,NULL,NULL,N,NULL,NULL,NULL,NULL,NULL,NULL,0.099,NULL,NULL,NULL,NULL,,NULL,0,0,2,2,N,N,10,NULL,98,9801,NULL,,Y,37.47371,37,28.423,NULL,-82.52301,82,31.38,NULL,N,NULL,NULL,NULL,NULL,NULL,NULL,NULL,NULL,2,97,NULL,6,1,1,2,2,1,3,N,NULL,Y,N,1513,1522,1522,N,NULL,90,,,N,,N,N,,NULL,NULL,2019,O,7.24006E+11,098-CS-1054  -000,MEDIUM,098-CS-1054  -000,0.099,0,0,0,0,0,0,0,0,0,0,0,0,0
72385050,980100,2.019E+11,20190724,1501,,,2ND,,ST,,,0,098 CS-1117,CS1117,N,N,NULL,NULL,NULL,N,NULL,NULL,NULL,NULL,NULL,NULL,0.419,NULL,NULL,NULL,NULL,,NULL,0,0,2,2,N,Y,15,NULL,98,9801,NULL,,Y,37.47823,37,28.694,NULL,-82.51932,82,31.159,NULL,N,NULL,NULL,NULL,NULL,NULL,NULL,NULL,NULL,2,3,1,6,1,1,2,2,1,3,N,NULL,Y,N,1501,1504,,N,NULL,56,,,N,,N,N,098-CS-1117-0,NULL,NULL,2019,O,7.23851E+11,098-CS-1117  -000,HIGH,098-CS-1117  -000,0.419,0,0,0,0,0,0,0,0,0,0,0,0,0
72424870,980100,2.019E+11,20191023,747,,,HAROLDS BRANCH,,RD,,,0,098 CS-1223,CS1223,N,N,NULL,NULL,NULL,N,NULL,NULL,NULL,NULL,NULL,NULL,0.003,NULL,NULL,NULL,NULL,,NULL,0,0,2,2,N,N,15,NULL,98,9801,NULL,,Y,37.47278,37,28.367,NULL,-82.52267,82,31.36,NULL,N,NULL,NULL,NULL,NULL,NULL,NULL,NULL,NULL,5,3,2,6,1,5,6,2,7,3,N,NULL,Y,N,748,750,,N,NULL,70,,,N,,N,N,098-CS-1223-0,NULL,NULL,2019,O,7.24249E+11,098-CS-1223  -000,HIGH,098-CS-1223  -000,0.003,0,0,0,0,0,0,1,0,0,0,0,0,0
72403810,980100,2.019E+11,20190901,2314,,,HAMBLEY,,BLVD,KY1384,KY1384,0,098 KY-1384,KY1384,N,N,NULL,NULL,NULL,N,NULL,NULL,NULL,NULL,NULL,NULL,NULL,NULL,NULL,NULL,NULL,NULL,NULL,5,0,1,1,N,N,45,NULL,98,9801,NULL,,Y,37.47915,37,28.749,NULL,-82.54328,82,32.597,NULL,N,NULL,NULL,NULL,NULL,NULL,NULL,NULL,NULL,9,3,4,6,1,1,2,5,6,3,Y,NULL,Y,Y,2315,2318,16,N,NULL,70,,0,N,,N,N,098-KY-1384-0,NULL,NULL,2019,A,7.24038E+11,098-KY-1384  -000,HIGH,098-KY-1384  -000,6.781,0,0,1,0,0,0,1,1,0,1,0,1,0
72395930,980100,2.019E+11,20190820,2107,,,CASSIDY,,BLVD,,,0,098 CS-1191,CS1191,N,Y,PRATER PLACE,,,N,NULL,NULL,NULL,NULL,NULL,NULL,NULL,NULL,NULL,NULL,NULL,NULL,NULL,0,0,2,2,N,N,25,NULL,98,9801,NULL,,Y,37.50369,37,30.222,NULL,-82.53466,82,32.079,NULL,N,NULL,NULL,NULL,NULL,NULL,NULL,NULL,NULL,8,3,4,6,1,5,2,5,1,3,N,NULL,Y,N,2107,2112,2116,N,NULL,19,,,N,,N,N,098-CS-1191-0,NULL,NULL,2019,O,7.23959E+11,098-CS-1191  -000,HIGH,098-CS-1191  -000,0.141,0,0,1,0,0,0,0,1,0,0,1,0,0