MasterFile,AgencyORINumber,LocalCode,CollisionDate,CollisionTime,CollisionDayWeekCode,RoadwayName_HouseBusinessNumber_,RoadwayName_RoadwayName_,RoadwayName_Direction_,RoadwayName_RoadwaySuffix_,RoadwayfromReport,CurrentRoadwayNumber,RoadwayNumberCoupletID,RSEUniqueGIS,RoadwayIdentifier,ParkingLotIndicator,IntersectionWith_Indicator_,IntersectionWith_NameRoadway_,IntersectionWith_Direction_,IntersectionWith_RoadwaySuffix_,BetweenStreets_Indicator_,BetweenStreets1_NameRoadway_,BetweenStreet1_Direction_,BetweenStreets1_RoadwaySuffix_,BetweenStreets2_NameRoadway_,BetweenStreets2_Direction_,BetweenStreets2_RoadwaySuffix_,Milepoint,ReportMilepointDeriveNumber,CurrentDerivedMiepointNumber,MilestoMilepoint,FeettoMilepoint,DirectionfromMilepoint_NSEW_,ValidMilepointIndicator,NumberInjured,NumberKilled,ofUnits,ofMotorVehicleUnits,Hit&RunIndicator,OneWayIndicator,SpeedLimitNumber,KilometersIndicator,CountyCode,CityCountyCode,MilesFromCity,DirectionFromCity_NSEW_,InCityLimitsIndicator,Latitude,LatitudeDegrees,LatitudeMinutes,LatitudeSeconds,Longitude,LongitudeDegrees,LongitudeMinutes,LongitudeSeconds,RampIndicator,RampFromIdentifier,RampFromDirCode,RampFromCoupletID,RSEUniqueGISRampFrom,RampToidentifier,RampToDirCode,RampToCoupletID,RSEUniqueGisRampTo,MannerofCollisionCode,LocationFirstEventCode,TotalLanes,RoadwayCharacterCode,RoadwaySurfaceCode,RoadwayConditionCode,WeatherCode,LightConditionCode,LandUseCode,SchoolBusRelatedCode,FirstAidSceneIndicator,CollDescPresentInd,InvestigationCompleteIndicator,PhotosTakenIndicator,TimeNotified,TimeArrived,TimeRoadwayOpened,PropertyDamageIndicator,DiagramPresentIndicator,DirectionalAnalysis,FunctionClassCode,NationalHwySysCode,EnforcementsIndicator,KARSCityCode,SecondaryCollisionIndicator,MedianCrossoverIndicator,RT_UNIQUE,MapIt,TimeLastLeft,YR,KABCO,MFNY,WorkingRID,RT_CONFIDENCE,KTC_RT,KTC_MP,Motorcyclist,CommercialVehicle,YoungDriver,MatureDriver,pedestrian,Bicyclist,Distracted,agressive,Impaired,Unrestrained,Intersection,RoadwayDeparture,MedXover
72396009,980100,2.019E+11,20190819,2142,,,CHLOE,,RD,KY1460,KY1460,0,098 KY-1460,KY1460,N,N,NULL,NULL,NULL,N,NULL,NULL,NULL,NULL,NULL,NULL,NULL,NULL,NULL,NULL,NULL,NULL,NULL,0,0,1,1,N,N,45,NULL,98,9801,NULL,,Y,37.46644,37,27.986,NULL,-82.47878,82,28.727,NULL,N,NULL,NULL,NULL,NULL,NULL,NULL,NULL,NULL,9,3,2,1,1,1,2,6,6,3,N,NULL,Y,N,2142,2147,2147,N,NULL,38,,0,N,,N,N,098-KY-1460-0,NULL,NULL,2019,O,7.2396E+11,098-KY-1460  -000,HIGH,098-KY-1460  -000,2.558,0,0,0,0,0,0,0,0,0,0,0,0,0
72378936,980100,2.019E+11,20190708,1420,,,HAMBLEY,,BLVD,,,,,,Y,N,NULL,NULL,NULL,N,NULL,NULL,NULL,NULL,NULL,NULL,1.193,NULL,NULL,NULL,NULL,,NULL,0,0,2,2,N,N,10,NULL,98,9801,NULL,,Y,37.48541,37,29.125,NULL,-82.52509,82,31.505,NULL,N,NULL,NULL,NULL,NULL,NULL,NULL,NULL,NULL,2,97,NULL,6,1,1,3,2,1,3,N,NULL,Y,N,1420,1429,1429,N,NULL,90,,,N,,N,N,,NULL,NULL,2019,O,7.23789E+11,098-CS-1222  -000,HIGH,098-CS-1222  -000,1.193,0,0,0,1,0,0,1,0,0,0,0,0,0
72394512,KSP0900,19-31526,20190815,1840,,,KY194,,,KY0194,KY0194,0,098 KY-194,KY0194,N,N,NULL,NULL,NULL,N,NULL,NULL,NULL,NULL,NULL,NULL,24.962,NULL,NULL,NULL,NULL,,NULL,0,0,2,2,N,N,55,NULL,98,9817,NULL,,Y,37.5173,37,31.038,NULL,-82.36209,82,21.725,NULL,N,NULL,NULL,NULL,NULL,NULL,NULL,NULL,NULL,5,3,2,6,1,1,2,2,7,3,N,NULL,Y,N,1840,1848,1939,N,NULL,49,6,0,N,,N,N,098-KY-0194-0,NULL,NULL,2019,O,7.23945E+11,098-KY-0194  -000,HIGH,098-KY-0194  -000,24.962,0,0,0,0,0,0,1,1,0,0,0,1,0
72378325,KSP0900,19-25218,20190704,2049,,,FISHTRAP,,RD,KY1441,KY1441,0,098 KY-1441,KY1441,N,N,NULL,NULL,NULL,Y,SLONES BRANCH,,RD,OLD RAILROAD,,RD,1.106,NULL,NULL,NULL,NULL,,NULL,0,0,1,1,N,N,55,NULL,98,9832,NULL,,Y,37.40974,37,24.584,NULL,-82.43197,82,25.918,NULL,N,NULL,NULL,NULL,NULL,NULL,NULL,NULL,NULL,9,3,2,3,1,1,2,6,7,3,N,NULL,Y,Y,2049,2130,2140,N,NULL,40,8,0,N,,N,N,098-KY-1441-0,NULL,NULL,2019,O,7.23783E+11,098-KY-1441  -000,HIGH,098-KY-1441  -000,1.106,0,0,0,0,0,0,0,1,0,0,0,1,0
72401510,980100,2.019E+11,20190831,1915,,,HIGH,,ST,,,,,,N,N,NULL,NULL,NULL,N,NULL,NULL,NULL,NULL,NULL,NULL,NULL,NULL,NULL,NULL,NULL,NULL,NULL,0,0,2,2,N,Y,15,NULL,98,9801,NULL,,Y,37.47923,37,28.754,NULL,-82.52158,82,31.295,NULL,N,NULL,NULL,NULL,NULL,NULL,NULL,NULL,NULL,2,3,1,4,1,1,2,2,1,3,N,NULL,Y,N,1915,1920,1920,N,NULL,56,,,N,,N,N,,NULL,NULL,2019,O,7.24015E+11,098-CS-1166  -000,HIGH,098-CS-1166  -000,0.012,0,0,1,0,0,0,1,0,0,0,0,0,0
72393353,KSP0900,19-30717,20190810,1155,,,MILL,,BR,,,0,098 CR-1989,CR1989,N,N,NULL,NULL,NULL,N,NULL,NULL,NULL,NULL,NULL,NULL,0.173,NULL,NULL,NULL,NULL,,NULL,1,0,1,1,N,N,35,NULL,98,9802,NULL,,Y,37.26316,37,15.79,NULL,-82.43272,82,25.963,NULL,N,NULL,NULL,NULL,NULL,NULL,NULL,NULL,NULL,9,3,1,4,1,1,2,2,7,3,N,NULL,Y,Y,1156,1227,,N,NULL,70,,,N,,N,N,098-CR-1989-0,NULL,NULL,2019,A,7.23934E+11,098-CR-1989  -000,HIGH,098-CR-1989  -000,0.173,0,0,0,0,0,0,0,0,0,0,0,1,0
72383570,980100,2.019E+11,20190720,1800,,,KY3496,,,KY3496,KY3496,,,,N,N,NULL,NULL,NULL,N,NULL,NULL,NULL,NULL,NULL,NULL,0.758,NULL,NULL,NULL,NULL,,NULL,0,0,2,2,Y,N,35,NULL,98,9801,NULL,,Y,37.47202,37,28.321,NULL,-82.5303,82,31.818,NULL,N,NULL,NULL,NULL,NULL,NULL,NULL,NULL,NULL,7,3,2,6,1,1,2,2,7,3,N,NULL,Y,N,1819,1825,2107,N,NULL,54,16,0,N,,N,N,,NULL,NULL,2019,O,7.23836E+11,098-KY-3496  -000,HIGH,098-KY-3496  -000,0.758,0,0,0,0,0,0,0,0,1,0,0,1,0
72427420,KSP0900,19-41534,20191022,1200,,,KY194,,,KY0194,KY0194,0,098 KY-194,KY0194,N,N,NULL,NULL,NULL,N,NULL,NULL,NULL,NULL,NULL,NULL,28.81,NULL,NULL,NULL,NULL,,NULL,0,0,1,1,N,N,55,NULL,98,9849,NULL,,Y,37.47021,37,28.213,NULL,-82.35535,82,21.321,NULL,N,NULL,NULL,NULL,NULL,NULL,NULL,NULL,NULL,9,3,2,1,1,1,2,2,7,3,N,NULL,Y,N,1215,1240,1240,N,NULL,44,7,0,N,,N,N,098-KY-0194-0,NULL,NULL,2019,O,7.24274E+11,098-KY-0194  -000,HIGH,098-KY-0194  -000,28.81,0,0,0,0,0,0,0,0,0,0,0,1,0
72422114,980100,2.019E+11,20191011,1134,,260,S MAYO TRAIL,,DR,,,0,098 CS-1024,CS1024,Y,N,NULL,NULL,NULL,N,NULL,NULL,NULL,NULL,NULL,NULL,NULL,NULL,NULL,NULL,NULL,NULL,NULL,0,0,2,2,N,N,NULL,NULL,98,9801,NULL,,Y,37.46843,37,28.106,NULL,-82.53453,82,32.072,NULL,N,NULL,NULL,NULL,NULL,NULL,NULL,NULL,NULL,2,97,1,6,1,1,2,2,1,3,N,NULL,Y,N,1134,1146,1146,N,NULL,90,,,N,,N,N,098-CS-1024-0,NULL,NULL,2019,O,7.24221E+11,098-CS-1024  -000,HIGH,098-CS-1024  -000,0.22,0,0,0,0,0,0,1,0,0,0,0,0,0
72379554,980100,2.019E+11,20190710,1104,,,BYPASS,S,RD,KY1426,KY1426,,,,Y,N,NULL,NULL,NULL,N,NULL,NULL,NULL,NULL,NULL,NULL,5.681,NULL,NULL,NULL,NULL,,NULL,0,0,2,2,N,N,15,NULL,98,9801,NULL,,Y,37.47273,37,28.364,NULL,-82.523,82,31.38,NULL,N,NULL,NULL,NULL,NULL,NULL,NULL,NULL,NULL,2,97,1,6,2,1,2,2,1,3,N,NULL,Y,N,1104,1111,1111,N,NULL,90,,0,N,,N,N,,NULL,NULL,2019,O,7.23796E+11,098-KY-1426  -000,HIGH,098-KY-1426  -000,5.681,0,0,0,1,0,0,1,1,0,0,0,0,0
72424342,980200,ELK4125-130-19,20191015,1520,,,RUSSELL,W,ST,KY0197,KY0197,0,098 KY-197,KY0197,Y,N,NULL,NULL,NULL,N,NULL,NULL,NULL,NULL,NULL,NULL,16.001,NULL,NULL,NULL,NULL,,NULL,0,0,2,2,N,N,5,NULL,98,9802,NULL,,Y,37.29697,37,17.818,NULL,-82.35662,82,21.397,NULL,N,NULL,NULL,NULL,NULL,NULL,NULL,NULL,NULL,8,97,2,6,1,1,2,2,5,3,N,NULL,Y,N,1515,1520,1520,N,NULL,90,7,0,N,,N,N,098-KY-0197-0,NULL,NULL,2019,O,7.24243E+11,098-KY-0197  -000,HIGH,098-KY-0197  -000,16.001,0,1,0,0,0,0,0,0,0,0,0,0,0
72367043,980100,2.019E+11,20190613,1150,,,US23,,,US0023,US0023,,,,N,N,NULL,NULL,NULL,N,NULL,NULL,NULL,NULL,NULL,NULL,27.433,NULL,NULL,NULL,NULL,,NULL,0,0,2,2,N,N,55,NULL,98,9807,NULL,,Y,37.5111,37,30.666,NULL,-82.54977,82,32.986,NULL,N,NULL,NULL,NULL,NULL,NULL,NULL,NULL,NULL,5,3,3,6,1,1,2,2,1,3,N,NULL,N,N,1150,1157,,N,NULL,70,,1,N,,N,N,,NULL,NULL,2019,O,7.2367E+11,098-US-0023  -010,MEDIUM,098-US-0023  -000,27.433,0,0,0,1,0,0,1,1,0,0,0,0,0
72421243,KSP0900,19-39695,20191008,1706,,,US119,,,US0119,US0119,0,098 US-119,US0119,N,N,NULL,NULL,NULL,N,NULL,NULL,NULL,NULL,NULL,NULL,21.934,NULL,NULL,NULL,NULL,,NULL,0,0,1,1,N,N,55,NULL,98,9836,NULL,,Y,37.63234,37,37.94,NULL,-82.26161,82,15.697,NULL,N,NULL,NULL,NULL,NULL,NULL,NULL,NULL,NULL,9,3,4,3,1,1,2,2,3,3,N,NULL,Y,Y,1706,1724,1706,Y,NULL,70,2,1,N,,N,N,098-US-0119-0,NULL,NULL,2019,O,7.24212E+11,098-US-0119  -000,HIGH,098-US-0119  -000,21.934,0,0,0,0,0,0,0,0,0,0,0,1,0
72332244,KSP0900,19-10117,20190327,2148,,,US23,,,US0023,US0023,0,098 US-23-10,US0023,N,N,NULL,NULL,NULL,N,NULL,NULL,NULL,NULL,NULL,NULL,16.965,NULL,NULL,NULL,NULL,,NULL,0,0,1,1,N,N,35,NULL,98,9801,NULL,,Y,37.41656,37,24.994,NULL,-82.52114,82,31.269,NULL,N,NULL,NULL,NULL,NULL,NULL,NULL,NULL,NULL,9,3,4,1,1,1,2,6,7,3,N,NULL,Y,N,2149,2155,,N,NULL,40,,1,N,,N,Y,098-US-0023-10,NULL,NULL,2019,O,7.23322E+11,098-US-0023  -010,HIGH,098-US-0023  -000,16.965,0,0,1,0,0,0,0,0,0,0,0,1,0
72422710,KSP0900,19-40769,20191016,1441,,,US460,,,US0460,US0460,0,098 US-460,US0460,N,N,NULL,NULL,NULL,N,NULL,NULL,NULL,NULL,NULL,NULL,3.441,NULL,NULL,NULL,NULL,,NULL,0,0,2,2,N,N,55,NULL,98,9801,4,SE,N,37.42469,37,25.482,NULL,-82.46992,82,28.195,NULL,N,NULL,NULL,NULL,NULL,NULL,NULL,NULL,NULL,1,3,2,6,2,1,3,2,7,3,N,NULL,Y,N,1441,1441,1510,N,NULL,55,,1,Y,,N,N,098-US-0460-0,NULL,NULL,2019,O,7.24227E+11,098-US-0460  -000,HIGH,098-US-0460  -000,3.441,0,0,1,0,0,0,0,1,0,0,0,1,0
72395527,KSP0900,19-31223,20190813,1711,,,KY122,,,KY0122,KY0122,0,098 KY-122,KY0122,N,N,NULL,NULL,NULL,N,NULL,NULL,NULL,NULL,NULL,NULL,10.116,NULL,NULL,NULL,NULL,,NULL,0,0,2,2,N,N,45,NULL,98,9801,2,S,N,37.38625,37,23.175,NULL,-82.5482,82,32.892,NULL,N,NULL,NULL,NULL,NULL,NULL,NULL,NULL,NULL,7,3,2,6,1,1,2,2,7,3,N,NULL,N,N,1712,1718,1725,Y,NULL,54,,0,Y,,N,N,098-KY-0122-0,NULL,NULL,2019,O,7.23955E+11,098-KY-0122  -000,HIGH,098-KY-0122  -000,10.116,0,0,0,0,0,0,0,0,1,0,0,1,0
72396625,980100,2.019E+11,20190821,1148,,254,CASSIDY BLVD,,,,,,,,Y,N,NULL,NULL,NULL,N,NULL,NULL,NULL,NULL,NULL,NULL,NULL,NULL,NULL,NULL,NULL,,NULL,0,0,2,2,N,Y,15,NULL,98,9801,NULL,,Y,37.50712,37,30.427,NULL,-82.54071,82,32.443,NULL,N,NULL,NULL,NULL,NULL,NULL,NULL,NULL,NULL,2,97,1,6,1,1,2,2,1,3,N,NULL,Y,N,1140,1150,1209,N,NULL,90,,,N,,N,N,,NULL,NULL,2019,O,7.23966E+11,098-CS-1215  -000,MEDIUM,098-CS-1215  -000,0.621,0,0,0,1,0,0,1,0,0,0,0,0,0
72380954,KSP0900,19-27210,20190717,1530,,,BIG HACKNEYS,,CRK,,,0,098 CR-1186,CR1186,N,N,NULL,NULL,NULL,N,NULL,NULL,NULL,NULL,NULL,NULL,0.324,NULL,NULL,NULL,NULL,,NULL,0,0,2,2,N,N,35,NULL,98,9847,NULL,,Y,37.37002,37,22.201,NULL,-82.22686,82,13.612,NULL,N,NULL,NULL,NULL,NULL,NULL,NULL,NULL,NULL,7,3,1,3,1,1,2,2,7,3,N,NULL,N,N,1531,1610,1625,N,NULL,54,,,Y,,N,N,098-CR-1186-0,NULL,NULL,2019,O,7.2381E+11,098-CR-1186  -000,HIGH,098-CR-1186  -000,0.324,0,0,1,0,0,0,0,0,0,0,0,1,0
72423369,980100,2.019E+11,20191018,1430,,,US23,,,US0023,US0023,0,098 US-23,US0023,N,N,NULL,NULL,NULL,N,NULL,NULL,NULL,NULL,NULL,NULL,22.646,NULL,NULL,NULL,NULL,,NULL,1,0,2,2,N,N,55,NULL,98,9801,NULL,,Y,37.46495,37,27.897,NULL,-82.52077,82,31.246,NULL,N,NULL,NULL,NULL,NULL,NULL,NULL,NULL,NULL,1,3,4,3,1,1,2,2,7,3,N,NULL,Y,Y,1430,1433,1453,N,NULL,55,,1,N,,N,N,098-US-0023-0,NULL,NULL,2019,B,7.24234E+11,098-US-0023  -000,HIGH,098-US-0023  -000,22.646,0,0,0,0,0,0,0,1,0,0,0,0,0
72415864,980100,2.019E+11,20191003,1451,,,RIVERFILL,S,DR,,,0,098 CS-1125,CS1125,Y,N,NULL,NULL,NULL,N,NULL,NULL,NULL,NULL,NULL,NULL,0.043,NULL,NULL,NULL,NULL,,NULL,0,0,2,2,N,N,15,NULL,98,9801,NULL,,Y,37.47652,37,28.591,NULL,-82.51872,82,31.123,NULL,N,NULL,NULL,NULL,NULL,NULL,NULL,NULL,NULL,2,97,NULL,6,1,1,2,2,8,3,N,NULL,Y,N,1501,1505,,N,NULL,90,,,N,,N,N,098-CS-1125-0,NULL,NULL,2019,O,7.24159E+11,098-CS-1125  -000,HIGH,098-CS-1125  -000,0.043,0,0,1,0,0,0,0,0,0,0,0,0,0
72374877,KSP0900,19-24966,20190703,1525,,,TOLER,,RD,KY0319,KY0319,0,098 KY-319,KY0319,Y,N,NULL,NULL,NULL,N,NULL,NULL,NULL,NULL,NULL,NULL,6.927,NULL,NULL,NULL,NULL,,NULL,0,0,2,2,N,N,55,NULL,98,9852,NULL,,Y,37.63944,37,38.367,NULL,-82.25839,82,15.504,NULL,N,NULL,NULL,NULL,NULL,NULL,NULL,NULL,NULL,2,97,2,6,1,1,2,2,1,3,N,NULL,Y,N,1525,1530,1545,N,NULL,90,7,0,N,,N,N,098-KY-0319-0,NULL,NULL,2019,O,7.23749E+11,098-KY-0319  -000,HIGH,098-KY-0319  -000,6.927,0,0,0,0,0,0,1,0,0,0,0,0,0
72375439,980200,ELK4125-112-19,20190703,1955,,,HYLTON CHURCH,,RD,,,0,098 CR-1971,CR1971,N,N,NULL,NULL,NULL,N,NULL,NULL,NULL,NULL,NULL,NULL,0.006,NULL,NULL,NULL,NULL,,NULL,0,0,1,1,N,N,55,NULL,98,9864,8,N,N,37.22971,37,13.782,NULL,-82.52308,82,31.385,NULL,N,NULL,NULL,NULL,NULL,NULL,NULL,NULL,NULL,9,3,2,1,3,5,10,2,1,3,N,NULL,Y,N,1935,1955,2012,N,NULL,40,,,N,,N,N,098-CR-1971-0,NULL,NULL,2019,O,7.23754E+11,098-CR-1971  -000,HIGH,098-CR-1971  -000,0.006,0,0,1,0,0,0,0,0,0,0,0,1,0
72375082,KSP0900,19-25007,20190703,1811,,,US23,,,US0023,US0023,0,098 US-23-10,US0023,N,N,NULL,NULL,NULL,N,NULL,NULL,NULL,NULL,NULL,NULL,15.898,NULL,NULL,NULL,NULL,,NULL,0,0,1,1,N,N,55,NULL,98,9801,1,S,N,37.40636,37,24.382,NULL,-82.53143,82,31.885,NULL,N,NULL,NULL,NULL,NULL,NULL,NULL,NULL,NULL,9,97,4,4,1,5,6,2,3,3,N,NULL,Y,N,1811,1820,,N,NULL,40,,1,N,,N,N,098-US-0023-10,NULL,NULL,2019,O,7.23751E+11,098-US-0023  -010,HIGH,098-US-0023  -000,15.898,0,0,0,0,0,0,0,0,0,0,0,1,0
72373602,KSP0900,19-24181,20190628,1759,,1142,TURKEY PEN,,RD,,,0,098 CR-1732,CR1732,N,N,NULL,NULL,NULL,N,NULL,NULL,NULL,NULL,NULL,NULL,1.496,NULL,NULL,NULL,NULL,,NULL,1,0,1,1,N,Y,35,NULL,98,9827,NULL,,Y,37.32084,37,19.25,NULL,-82.64385,82,38.631,NULL,N,NULL,NULL,NULL,NULL,NULL,NULL,NULL,NULL,9,3,1,6,1,1,2,2,6,3,Y,NULL,Y,Y,1959,1806,1806,N,NULL,44,,,N,,N,N,098-CR-1732-0,NULL,NULL,2019,B,7.23736E+11,098-CR-1732  -000,HIGH,098-CR-1732  -000,1.496,0,0,0,0,0,0,0,0,0,0,0,1,0
72370000,KSP0900,19-22885,20190620,223,,,WILLIAMSON,,RD,KY0292,KY0292,0,098 KY-292,KY0292,N,N,NULL,NULL,NULL,N,NULL,NULL,NULL,NULL,NULL,NULL,6.989,NULL,NULL,NULL,NULL,,NULL,0,0,1,1,Y,N,45,NULL,98,9834,NULL,,Y,37.6756,37,40.536,NULL,-82.30438,82,18.263,NULL,N,NULL,NULL,NULL,NULL,NULL,NULL,NULL,NULL,9,4,2,3,1,5,6,6,7,3,N,NULL,N,N,225,237,237,N,NULL,44,7,0,N,,N,N,098-KY-0292-0,NULL,NULL,2019,O,7.237E+11,098-KY-0292  -000,HIGH,098-KY-0292  -000,6.989,0,0,0,0,0,0,0,0,0,0,0,1,0
72375041,980100,2.019E+11,20190703,1300,,111,JUSTICE WAY,,RD,,,0,098 CS-1215,CS1215,Y,N,NULL,NULL,NULL,N,NULL,NULL,NULL,NULL,NULL,NULL,NULL,NULL,NULL,NULL,NULL,NULL,NULL,0,0,2,2,Y,N,NULL,NULL,98,9801,NULL,,Y,37.50715,37,30.429,NULL,-82.54703,82,32.821,NULL,N,NULL,NULL,NULL,NULL,NULL,NULL,NULL,NULL,1,97,1,6,1,1,2,2,1,3,N,NULL,Y,N,1618,1636,1636,N,NULL,90,,,N,,N,N,098-CS-1215-0,NULL,NULL,2019,NULL,7.2375E+11,098-CS-1215  -000,HIGH,098-CS-1215  -000,0.309,0,0,0,0,0,0,0,0,0,0,0,0,0
72449621,KSP0900,19-48391,20191211,811,,,US23,,,US0023,US0023,0,098 US-23-10,US0023,N,N,NULL,NULL,NULL,N,NULL,NULL,NULL,NULL,NULL,NULL,28.097,NULL,NULL,NULL,NULL,,NULL,0,0,2,2,N,N,55,NULL,98,9807,NULL,,Y,37.51551,37,30.931,NULL,-82.55995,82,33.597,NULL,N,NULL,NULL,NULL,NULL,NULL,NULL,NULL,NULL,8,3,4,6,1,5,3,2,7,3,N,NULL,Y,N,811,814,908,N,NULL,53,,1,N,,N,N,098-US-0023-10,NULL,NULL,2019,O,7.24496E+11,098-US-0023  -010,HIGH,098-US-0023  -000,28.097,0,0,0,0,0,0,1,0,0,0,0,1,0
72407530,KSP0900,19-34249,20190903,520,,,KY632,,,KY0632,KY0632,0,098 KY-632,KY0632,N,N,NULL,NULL,NULL,N,NULL,NULL,NULL,NULL,NULL,NULL,13.011,NULL,NULL,NULL,NULL,,NULL,0,0,2,2,N,N,35,NULL,98,9804,NULL,,Y,37.50487,37,30.292,NULL,-82.16014,82,9.608,NULL,N,NULL,NULL,NULL,NULL,NULL,NULL,NULL,NULL,3,3,2,3,1,1,3,6,7,3,N,NULL,Y,N,520,600,640,N,NULL,52,6,0,N,,N,N,098-KY-0632-0,NULL,NULL,2019,O,7.24075E+11,098-KY-0632  -000,HIGH,098-KY-0632  -000,13.011,0,0,0,0,0,0,0,0,1,0,0,1,0
72419746,KSP0900,19-39395,20191006,1252,,,US460,,,US0460,US0460,0,098 US-460,US0460,N,N,NULL,NULL,NULL,N,NULL,NULL,NULL,NULL,NULL,NULL,5.655,NULL,NULL,NULL,NULL,,NULL,0,0,2,2,N,N,55,NULL,98,9801,3,E,N,37.40723,37,24.434,NULL,-82.43925,82,26.355,NULL,N,NULL,NULL,NULL,NULL,NULL,NULL,NULL,NULL,5,3,2,6,1,1,2,2,7,3,N,NULL,N,N,1252,1257,,N,NULL,49,,1,N,,N,N,098-US-0460-0,NULL,NULL,2019,O,7.24197E+11,098-US-0460  -000,HIGH,098-US-0460  -000,5.655,0,0,0,1,0,0,1,0,0,0,0,1,0
72374751,KSP0900,2019-24318,20190628,1549,,,US23,,,US0023,US0023,0,098 US-23-10,US0023,Y,N,NULL,NULL,NULL,N,NULL,NULL,NULL,NULL,NULL,NULL,28.758,NULL,NULL,NULL,NULL,,NULL,0,0,2,2,N,N,20,NULL,98,9807,NULL,,Y,37.52114,37,31.269,NULL,-82.56922,82,34.153,NULL,N,NULL,NULL,NULL,NULL,NULL,NULL,NULL,NULL,2,97,1,6,1,1,2,2,1,3,N,NULL,Y,N,1550,1610,1631,N,NULL,90,,1,N,,N,N,098-US-0023-10,NULL,NULL,2019,O,7.23748E+11,098-US-0023  -010,HIGH,098-US-0023  -000,28.758,0,0,0,0,0,0,1,0,0,0,0,0,0
72373747,980100,2.019E+11,20190628,1802,,,CASSIDY,,BLVD,,,0,098 CS-1191,CS1191,Y,N,NULL,NULL,NULL,N,NULL,NULL,NULL,NULL,NULL,NULL,0.248,NULL,NULL,NULL,NULL,,NULL,0,0,2,2,N,N,15,NULL,98,9801,NULL,,Y,37.50553,37,30.332,NULL,-82.53583,82,32.15,NULL,N,NULL,NULL,NULL,NULL,NULL,NULL,NULL,NULL,1,97,2,6,1,1,2,2,1,3,N,NULL,Y,N,1803,1817,1827,N,NULL,90,,,N,,N,N,098-CS-1191-0,NULL,NULL,2019,O,7.23737E+11,098-CS-1191  -000,HIGH,098-CS-1191  -000,0.248,0,0,0,0,0,0,0,0,0,1,0,0,0
72403389,980100,2.019E+11,20190903,1045,,117,BAIRD,,AVE,,,,,,N,N,NULL,NULL,NULL,N,NULL,NULL,NULL,NULL,NULL,NULL,NULL,NULL,NULL,NULL,NULL,NULL,NULL,0,0,2,1,N,Y,15,NULL,98,9801,NULL,,Y,37.4731,37,28.386,NULL,-82.52789,82,31.674,NULL,N,NULL,NULL,NULL,NULL,NULL,NULL,NULL,NULL,9,97,1,6,1,1,2,2,1,3,Y,NULL,Y,N,1045,1104,1104,N,NULL,36,,,N,,N,N,,NULL,NULL,2019,O,7.24034E+11,098-KY-1426  -000,HIGH,098-KY-1426  -000,5.399,0,0,0,1,1,0,0,0,0,0,0,0,0
72396471,KSP0900,19-32324,20190821,58,,,US119,,,US0119,US0119,0,098 US-119,US0119,N,N,NULL,NULL,NULL,N,NULL,NULL,NULL,NULL,NULL,NULL,24.821,NULL,NULL,NULL,NULL,,NULL,0,0,2,2,N,N,55,NULL,98,9834,NULL,,Y,37.66616,37,39.969,NULL,-82.27518,82,16.511,NULL,N,NULL,NULL,NULL,NULL,NULL,NULL,NULL,NULL,5,3,4,6,1,1,2,5,7,3,N,NULL,Y,N,58,103,137,N,NULL,49,2,1,N,,N,N,098-US-0119-0,NULL,NULL,2019,O,7.23965E+11,098-US-0119  -000,HIGH,098-US-0119  -000,24.821,0,0,0,0,0,0,1,1,0,0,0,0,0
72396624,980100,2.019E+11,20190816,1227,,,CASSIDY,,BLVD,,,,,,N,N,NULL,NULL,NULL,N,NULL,NULL,NULL,NULL,NULL,NULL,0.275,NULL,NULL,NULL,NULL,,NULL,0,0,2,2,N,N,25,NULL,98,9801,NULL,,Y,37.50483,37,30.29,NULL,-82.53635,82,32.181,NULL,N,NULL,NULL,NULL,NULL,NULL,NULL,NULL,NULL,1,3,4,6,1,1,2,2,7,3,N,NULL,N,N,1227,1230,1231,N,NULL,55,,,N,,N,N,,NULL,NULL,2019,O,7.23966E+11,098-CS-1191  -000,MEDIUM,098-CS-1191  -000,0.275,0,0,0,0,0,0,1,0,0,0,0,0,0
72414427,980000,1909014,20190930,1358,,,BELFRY POST OFFICE PARKING LOT,,,,,,,,N,N,NULL,NULL,NULL,N,NULL,NULL,NULL,NULL,NULL,NULL,NULL,NULL,NULL,NULL,NULL,NULL,NULL,0,0,2,2,N,Y,10,NULL,98,9836,1,S,N,37.6228,37,37.368,NULL,-82.26731,82,16.039,NULL,N,NULL,NULL,NULL,NULL,NULL,NULL,NULL,NULL,8,7,1,6,1,1,2,2,1,3,N,NULL,N,N,1410,1415,1550,N,NULL,53,,,N,,N,N,,NULL,NULL,2019,O,7.24144E+11,098-CR-1098B -000,MEDIUM,098-CR-1098B -000,0.014,0,0,0,0,0,0,1,0,0,0,0,1,0
72457315,980000,19-12-002,20191203,1001,,,VIRGIE,,RD,KY0610,KY0610,0,098 KY-610,KY0610,Y,N,NULL,NULL,NULL,N,NULL,NULL,NULL,NULL,NULL,NULL,NULL,NULL,NULL,NULL,NULL,,NULL,0,0,2,2,N,N,15,NULL,98,9827,NULL,,Y,37.33783,37,20.27,NULL,-82.58546,82,35.128,NULL,N,NULL,NULL,NULL,NULL,NULL,NULL,NULL,NULL,1,97,2,4,1,5,9,2,1,3,N,NULL,Y,Y,1001,1017,1017,N,NULL,90,7,0,N,,N,N,098-KY-0610-0,NULL,NULL,2019,NULL,7.24573E+11,098-KY-0610  -000,HIGH,098-KY-0610  -000,7.9,0,0,0,0,0,0,0,0,0,0,0,0,0