MasterFile,AgencyORINumber,LocalCode,CollisionDate,CollisionTime,CollisionDayWeekCode,RoadwayName_HouseBusinessNumber_,RoadwayName_RoadwayName_,RoadwayName_Direction_,RoadwayName_RoadwaySuffix_,RoadwayfromReport,CurrentRoadwayNumber,RoadwayNumberCoupletID,RSEUniqueGIS,RoadwayIdentifier,ParkingLotIndicator,IntersectionWith_Indicator_,IntersectionWith_NameRoadway_,IntersectionWith_Direction_,IntersectionWith_RoadwaySuffix_,BetweenStreets_Indicator_,BetweenStreets1_NameRoadway_,BetweenStreet1_Direction_,BetweenStreets1_RoadwaySuffix_,BetweenStreets2_NameRoadway_,BetweenStreets2_Direction_,BetweenStreets2_RoadwaySuffix_,Milepoint,ReportMilepointDeriveNumber,CurrentDerivedMiepointNumber,MilestoMilepoint,FeettoMilepoint,DirectionfromMilepoint_NSEW_,ValidMilepointIndicator,NumberInjured,NumberKilled,ofUnits,ofMotorVehicleUnits,Hit&RunIndicator,OneWayIndicator,SpeedLimitNumber,KilometersIndicator,CountyCode,CityCountyCode,MilesFromCity,DirectionFromCity_NSEW_,InCityLimitsIndicator,Latitude,LatitudeDegrees,LatitudeMinutes,LatitudeSeconds,Longitude,LongitudeDegrees,LongitudeMinutes,LongitudeSeconds,RampIndicator,RampFromIdentifier,RampFromDirCode,RampFromCoupletID,RSEUniqueGISRampFrom,RampToidentifier,RampToDirCode,RampToCoupletID,RSEUniqueGisRampTo,MannerofCollisionCode,LocationFirstEventCode,TotalLanes,RoadwayCharacterCode,RoadwaySurfaceCode,RoadwayConditionCode,WeatherCode,LightConditionCode,LandUseCode,SchoolBusRelatedCode,FirstAidSceneIndicator,CollDescPresentInd,InvestigationCompleteIndicator,PhotosTakenIndicator,TimeNotified,TimeArrived,TimeRoadwayOpened,PropertyDamageIndicator,DiagramPresentIndicator,DirectionalAnalysis,FunctionClassCode,NationalHwySysCode,EnforcementsIndicator,KARSCityCode,SecondaryCollisionIndicator,MedianCrossoverIndicator,RT_UNIQUE,MapIt,TimeLastLeft,YR,KABCO,MFNY,WorkingRID,RT_CONFIDENCE,KTC_RT,KTC_MP,Motorcyclist,CommercialVehicle,YoungDriver,MatureDriver,pedestrian,Bicyclist,Distracted,agressive,Impaired,Unrestrained,Intersection,RoadwayDeparture,MedXover
72401392,KSP0900,19-33958,20190831,2037,,,US119,,,US0119,US0119,,,,Y,N,NULL,NULL,NULL,N,NULL,NULL,NULL,NULL,NULL,NULL,24.097,NULL,NULL,NULL,NULL,,NULL,0,0,2,2,N,N,15,NULL,98,9834,NULL,,Y,37.65699,37,39.419,NULL,-82.27002,82,16.201,NULL,N,NULL,NULL,NULL,NULL,NULL,NULL,NULL,NULL,8,97,2,5,1,1,2,5,7,3,N,NULL,N,N,2037,2040,2040,N,NULL,90,2,1,N,,N,N,,NULL,NULL,2019,O,7.24014E+11,098-US-0119  -000,MEDIUM,098-US-0119  -000,24.097,0,0,0,1,0,0,1,1,0,0,0,0,0
72370840,KSP0900,2019-23084,20190621,1431,,,US460,,,US0460,US0460,0,098 US-460,US0460,N,N,NULL,NULL,NULL,N,NULL,NULL,NULL,NULL,NULL,NULL,9.887,NULL,NULL,NULL,NULL,,NULL,0,0,2,2,Y,N,55,NULL,98,9805,NULL,,Y,37.36369,37,21.821,NULL,-82.40714,82,24.428,NULL,N,NULL,NULL,NULL,NULL,NULL,NULL,NULL,NULL,5,3,2,3,1,1,2,2,7,3,N,NULL,N,N,1433,1447,1505,N,NULL,49,,1,N,,N,N,098-US-0460-0,NULL,NULL,2019,O,7.23708E+11,098-US-0460  -000,HIGH,098-US-0460  -000,9.887,0,0,0,0,0,0,1,0,0,0,0,0,0
72385036,KSP0900,19-28556,20190726,2050,,,KY2062,,,KY2062,KY2062,0,098 KY-2062,KY2062,N,N,NULL,NULL,NULL,N,NULL,NULL,NULL,NULL,NULL,NULL,0.467,NULL,NULL,NULL,NULL,,NULL,0,0,1,1,N,N,55,NULL,98,9804,NULL,,Y,37.50595,37,30.357,NULL,-82.12611,82,7.567,NULL,N,NULL,NULL,NULL,NULL,NULL,NULL,NULL,NULL,9,5,2,1,1,1,2,3,7,3,N,NULL,Y,Y,2049,2118,2118,N,NULL,44,8,0,N,,N,N,098-KY-2062-0,NULL,NULL,2019,O,7.2385E+11,098-KY-2062  -000,HIGH,098-KY-2062  -000,0.467,0,0,0,0,0,0,0,0,1,0,0,1,0
72429748,KSP0900,19-42888,20191031,1459,,260,HOSPITAL,,DR,,,0,098 CR-1015C,CR1015C,Y,N,NULL,NULL,NULL,N,NULL,NULL,NULL,NULL,NULL,NULL,0.264,NULL,NULL,NULL,NULL,,NULL,0,0,2,2,N,N,15,NULL,98,9834,NULL,,Y,37.67591,37,40.555,NULL,-82.29722,82,17.833,NULL,N,NULL,NULL,NULL,NULL,NULL,NULL,NULL,NULL,8,97,1,6,1,5,6,2,1,3,N,NULL,Y,Y,1526,1528,1528,N,NULL,90,,,N,,N,N,098-CR-1015C-0,NULL,NULL,2019,O,7.24297E+11,098-CR-1015C -000,HIGH,098-CR-1015C -000,0.264,0,0,0,0,0,0,0,0,0,0,0,0,0
72385531,KSP0900,19-26701,20190714,120,,,KY197,,,KY0197,KY0197,0,098 KY-197,KY0197,N,N,NULL,NULL,NULL,N,NULL,NULL,NULL,NULL,NULL,NULL,4.804,NULL,NULL,NULL,NULL,,NULL,0,0,1,1,Y,N,55,NULL,98,9802,11,S,N,37.24276,37,14.565,NULL,-82.50672,82,30.403,NULL,N,NULL,NULL,NULL,NULL,NULL,NULL,NULL,NULL,9,97,2,6,1,1,2,4,6,3,N,NULL,Y,N,120,219,,Y,NULL,70,7,0,N,,N,N,098-KY-0197-0,NULL,NULL,2019,NULL,7.23855E+11,098-KY-0197  -000,HIGH,098-KY-0197  -000,4.804,0,0,0,0,0,0,0,0,0,0,0,1,0
72410037,KSP0900,19-36837,20190920,930,,,CHLOE,,RD,KY1460,KY1460,0,098 KY-1460,KY1460,N,N,NULL,NULL,NULL,N,NULL,NULL,NULL,NULL,NULL,NULL,2.228,NULL,NULL,NULL,NULL,,NULL,0,0,2,2,N,N,45,NULL,98,9801,NULL,,Y,37.46179,37,27.707,NULL,-82.47831,82,28.698,NULL,N,NULL,NULL,NULL,NULL,NULL,NULL,NULL,NULL,8,3,2,4,1,5,3,2,7,3,N,NULL,Y,N,930,941,941,N,NULL,53,,0,N,,N,N,098-KY-1460-0,NULL,NULL,2019,O,7.241E+11,098-KY-1460  -000,HIGH,098-KY-1460  -000,2.228,0,0,0,0,0,0,0,1,0,0,0,1,0
72389240,KSP0900,19-29601,20190803,1327,,863,RIGHT FORK OF BRUSHY,,RD,,,0,098 CR-1360Q4,CR1360Q4,N,N,NULL,NULL,NULL,N,NULL,NULL,NULL,NULL,NULL,NULL,5.453,NULL,NULL,NULL,NULL,,NULL,1,0,2,2,N,N,55,NULL,98,9887,NULL,,Y,37.60595,37,36.357,NULL,-82.44618,82,26.771,NULL,N,NULL,NULL,NULL,NULL,NULL,NULL,NULL,NULL,3,3,1,3,1,1,2,2,7,3,Y,NULL,Y,Y,1327,1355,1452,N,NULL,52,,,N,,N,N,098-CR-1360Q4-0,NULL,NULL,2019,B,7.23892E+11,098-CR-1360Q4-000,HIGH,098-CR-1360Q4-000,5.453,0,0,0,1,0,0,0,0,0,0,0,1,0
72387666,KSP0900,19-29378,20190802,2020,,,HARLESS,,CRK,,,0,098 CR-1664,CR1664,N,N,NULL,NULL,NULL,N,NULL,NULL,NULL,NULL,NULL,NULL,0.133,NULL,NULL,NULL,NULL,,NULL,1,0,1,1,N,N,35,NULL,98,9802,NULL,,Y,37.36507,37,21.904,NULL,-82.40564,82,24.338,NULL,N,NULL,NULL,NULL,NULL,NULL,NULL,NULL,NULL,9,3,1,3,1,1,2,2,7,3,N,NULL,Y,Y,2026,2043,,N,NULL,40,,,Y,,N,N,098-CR-1664-0,NULL,NULL,2019,B,7.23877E+11,098-CR-1664  -000,HIGH,098-CR-1664  -000,0.133,1,0,0,0,0,0,0,0,1,0,0,1,0
72408304,KSP0900,19-36378,20190917,848,,,FERRELLS CREEK,,RD,US0460,US0460,0,098 US-460,US0460,N,N,NULL,NULL,NULL,N,NULL,NULL,NULL,NULL,NULL,NULL,20.585,NULL,NULL,NULL,NULL,,NULL,2,0,2,2,N,N,55,NULL,98,9802,4,E,N,37.37554,37,22.533,NULL,-82.28414,82,17.048,NULL,N,NULL,NULL,NULL,NULL,NULL,NULL,NULL,NULL,1,3,2,4,1,1,2,2,7,3,Y,NULL,Y,Y,848,851,950,N,NULL,55,,1,N,,N,N,098-US-0460-0,NULL,NULL,2019,C,7.24083E+11,098-US-0460  -000,HIGH,098-US-0460  -000,20.585,0,0,0,1,0,0,1,1,0,0,0,0,0
72419159,980100,2.019E+11,20191008,810,,,KY3496,,,KY3496,KY3496,0,098 KY-3496,KY3496,N,N,NULL,NULL,NULL,N,NULL,NULL,NULL,NULL,NULL,NULL,0.089,NULL,NULL,NULL,NULL,,NULL,0,0,2,2,N,N,35,NULL,98,9801,NULL,,Y,37.46592,37,27.955,NULL,-82.52934,82,31.76,NULL,N,NULL,NULL,NULL,NULL,NULL,NULL,NULL,NULL,1,3,2,6,1,5,6,2,1,3,N,NULL,N,N,811,815,843,N,NULL,55,16,0,N,,N,N,098-KY-3496-0,NULL,NULL,2019,O,7.24192E+11,098-KY-3496  -000,HIGH,098-KY-3496  -000,0.089,0,0,0,0,0,0,1,0,0,0,0,0,0
72388614,980100,2.019E+11,20190731,1550,,,US23,,,US0023,US0023,,,,N,Y,CEDAR HILLS,,RD,N,NULL,NULL,NULL,NULL,NULL,NULL,22.941,NULL,NULL,NULL,NULL,,NULL,0,0,2,2,N,N,55,NULL,98,9801,NULL,,Y,37.46536,37,27.921,NULL,-82.52597,82,31.558,NULL,N,NULL,NULL,NULL,NULL,NULL,NULL,NULL,NULL,5,3,4,6,1,5,3,2,7,3,N,NULL,Y,N,1550,1557,1653,N,NULL,35,,1,N,,N,N,,NULL,NULL,2019,O,7.23886E+11,098-US-0023  -010,MEDIUM,098-US-0023  -000,22.941,0,0,0,0,0,0,1,1,0,0,1,0,0
72415361,KSP0900,19-38752,20191003,615,,,ASHCAMP,,RD,KY0195,KY0195,0,098 KY-195,KY0195,N,N,NULL,NULL,NULL,N,NULL,NULL,NULL,NULL,NULL,NULL,1.589,NULL,NULL,NULL,NULL,,NULL,0,0,1,1,N,N,35,NULL,98,9864,NULL,,Y,37.27902,37,16.741,NULL,-82.45426,82,27.256,NULL,N,NULL,NULL,NULL,NULL,NULL,NULL,NULL,NULL,9,5,2,1,1,1,2,6,7,3,N,NULL,Y,N,615,630,,N,NULL,44,8,0,N,,N,N,098-KY-0195-0,NULL,NULL,2019,O,7.24154E+11,098-KY-0195  -000,HIGH,098-KY-0195  -000,1.589,0,0,0,0,0,0,0,0,0,0,0,1,0
72466658,980100,2.02E+11,20200121,1502,,911,BYPASS,,RD,,,,,,Y,N,NULL,NULL,NULL,N,NULL,NULL,NULL,NULL,NULL,NULL,NULL,NULL,NULL,NULL,NULL,NULL,NULL,0,0,2,2,Y,N,15,NULL,98,9801,NULL,,Y,37.47246,37,28.348,NULL,-82.5228,82,31.368,NULL,N,NULL,NULL,NULL,NULL,NULL,NULL,NULL,NULL,2,97,2,4,2,1,97,2,1,3,N,NULL,Y,N,1502,1509,,N,NULL,90,,,N,,N,N,,NULL,NULL,2020,O,7.24667E+11,098-CS-1223  -000,MEDIUM,098-CS-1223  -000,0.02,0,0,0,1,0,0,0,0,0,0,0,0,0
72417900,KSP0900,19-39053,20191004,1535,,,KY194,,,KY0194,KY0194,0,098 KY-194,KY0194,N,N,NULL,NULL,NULL,N,NULL,NULL,NULL,NULL,NULL,NULL,54.221,NULL,NULL,NULL,NULL,,NULL,1,0,1,1,N,N,35,NULL,98,9804,NULL,,Y,37.5095,37,30.57,NULL,-82.1378,82,8.268,NULL,N,NULL,NULL,NULL,NULL,NULL,NULL,NULL,NULL,9,3,2,1,1,1,2,2,7,3,Y,NULL,Y,Y,1535,1545,1600,N,NULL,40,8,0,N,,N,N,098-KY-0194-0,NULL,NULL,2019,C,7.24179E+11,098-KY-0194  -000,HIGH,098-KY-0194  -000,54.221,0,0,1,0,0,0,0,0,0,0,0,1,0
72426865,980100,2.019E+11,20191026,1754,,,CASSIDY,,BLVD,,,,,,Y,N,NULL,NULL,NULL,N,NULL,NULL,NULL,NULL,NULL,NULL,0.301,NULL,NULL,NULL,NULL,,NULL,0,0,2,2,N,N,NULL,NULL,98,9801,NULL,,Y,37.50523,37,30.314,NULL,-82.53688,82,32.213,NULL,N,NULL,NULL,NULL,NULL,NULL,NULL,NULL,NULL,2,97,2,6,1,1,2,2,1,3,N,NULL,Y,N,1755,1804,,N,NULL,90,,,N,,N,N,,NULL,NULL,2019,O,7.24269E+11,098-CS-1191  -000,HIGH,098-CS-1191  -000,0.301,0,0,0,0,0,0,1,0,0,0,0,0,0
72386393,KSP0900,19-27449,20190719,1330,,,COLD,,FRK,,,0,098 CR-1025,CR1025,N,N,NULL,NULL,NULL,N,NULL,NULL,NULL,NULL,NULL,NULL,0.313,NULL,NULL,NULL,NULL,,NULL,0,0,2,2,N,N,25,NULL,98,9826,NULL,,Y,37.64785,37,38.871,NULL,-82.31741,82,19.044,NULL,N,NULL,NULL,NULL,NULL,NULL,NULL,NULL,NULL,3,3,1,3,1,1,3,2,7,3,N,NULL,Y,N,1338,1351,1415,N,NULL,52,,,N,,N,N,098-CR-1025-0,NULL,NULL,2019,O,7.23864E+11,098-CR-1025  -000,HIGH,098-CR-1025  -000,0.313,0,0,1,0,0,0,1,0,0,0,0,1,0
72423353,980100,2.019E+11,20191018,1459,,,HAROLDS BRANCH,,RD,,,0,098 CS-1223,CS1223,Y,N,NULL,NULL,NULL,N,NULL,NULL,NULL,NULL,NULL,NULL,0.146,NULL,NULL,NULL,NULL,,NULL,0,0,2,2,N,N,15,NULL,98,9801,NULL,,Y,37.47108,37,28.265,NULL,-82.52128,82,31.277,NULL,N,NULL,NULL,NULL,NULL,NULL,NULL,NULL,NULL,8,97,1,6,2,1,2,2,1,3,N,NULL,Y,N,1459,1505,,N,NULL,90,,,N,,N,N,098-CS-1223-0,NULL,NULL,2019,O,7.24234E+11,098-CS-1223  -000,HIGH,098-CS-1223  -000,0.146,0,0,0,0,0,0,1,0,0,0,0,0,0
72376846,370200,2019-00024998,20190703,1928,,,US23,,,US0023,US0023,0,098 US-23,US0023,N,N,NULL,NULL,NULL,N,NULL,NULL,NULL,NULL,NULL,NULL,14.557,NULL,NULL,NULL,NULL,,NULL,5,0,2,2,N,N,55,NULL,98,9827,5,N,N,37.3916,37,23.496,NULL,-82.53211,82,31.927,NULL,N,NULL,NULL,NULL,NULL,NULL,NULL,NULL,NULL,3,3,4,4,1,5,6,3,7,3,Y,NULL,Y,Y,1736,1747,1856,N,NULL,52,,1,N,,N,Y,098-US-0023-0,NULL,NULL,2019,A,7.23768E+11,098-US-0023  -000,HIGH,098-US-0023  -000,14.557,0,1,0,0,0,0,0,0,0,0,0,1,1
72457234,980100,2.019E+11,20191229,1915,,,CASSIDY,,BLVD,,,,,,Y,N,NULL,NULL,NULL,N,NULL,NULL,NULL,NULL,NULL,NULL,0.356,NULL,NULL,NULL,NULL,,NULL,0,0,2,2,N,N,NULL,NULL,98,9801,NULL,,Y,37.50431,37,30.258,NULL,-82.53762,82,32.257,NULL,N,NULL,NULL,NULL,NULL,NULL,NULL,NULL,NULL,2,97,NULL,6,1,5,3,5,1,3,N,NULL,Y,N,1915,1917,1917,N,NULL,90,,,N,,N,N,,NULL,NULL,2019,NULL,7.24572E+11,098-CS-1191  -000,MEDIUM,098-CS-1191  -000,0.356,0,0,0,0,0,0,0,0,0,0,0,0,0
72410054,980100,2.019E+11,20190916,1400,,,CASSIDY,,BLVD,,,0,098 CS-1191,CS1191,Y,N,NULL,NULL,NULL,N,NULL,NULL,NULL,NULL,NULL,NULL,0.365,NULL,NULL,NULL,NULL,,NULL,0,0,2,2,Y,N,15,NULL,98,9801,NULL,,Y,37.5051,37,30.306,NULL,-82.53816,82,32.29,NULL,N,NULL,NULL,NULL,NULL,NULL,NULL,NULL,NULL,1,4,1,6,1,1,2,2,1,3,N,NULL,Y,N,1345,1402,1437,N,NULL,90,,,N,,N,N,098-CS-1191-0,NULL,NULL,2019,NULL,7.24101E+11,098-CS-1191  -000,HIGH,098-CS-1191  -000,0.365,0,0,0,0,0,0,0,0,0,0,0,0,0
72434334,980100,2.019E+11,20191110,1339,,,BYPASS,S,RD,KY1426,KY1426,,,,N,N,NULL,NULL,NULL,N,NULL,NULL,NULL,NULL,NULL,NULL,6.159,NULL,NULL,NULL,NULL,,NULL,1,0,3,3,N,N,35,NULL,98,9801,NULL,,Y,37.4774,37,28.644,NULL,-82.51654,82,30.992,NULL,N,NULL,NULL,NULL,NULL,NULL,NULL,NULL,NULL,5,3,2,6,1,1,2,2,1,3,N,NULL,Y,Y,1339,1341,,N,NULL,49,,0,N,,N,N,,NULL,NULL,2019,C,7.24343E+11,098-KY-1426  -000,HIGH,098-KY-1426  -000,6.159,0,0,0,1,0,0,1,1,0,0,0,0,0
72443529,980500,2019AR072,20191128,1230,,,US23,,,US0023,US0023,0,098 US-23-10,US0023,Y,N,NULL,NULL,NULL,N,NULL,NULL,NULL,NULL,NULL,NULL,28.908,NULL,NULL,NULL,NULL,,NULL,0,0,2,2,N,N,15,NULL,98,9807,NULL,,Y,37.52247,37,31.348,NULL,-82.57126,82,34.275,NULL,N,NULL,NULL,NULL,NULL,NULL,NULL,NULL,NULL,2,97,2,6,1,1,3,2,1,3,N,NULL,Y,N,1230,1232,,N,NULL,90,,1,N,,N,N,098-US-0023-10,NULL,NULL,2019,O,7.24435E+11,098-US-0023  -010,HIGH,098-US-0023  -000,28.908,0,0,0,1,0,0,1,0,0,0,0,0,0
72413635,980000,1909011,20190926,1730,,,APPALACHIAN,,PLZ,,,0,098 PR-1008,PR1008,Y,N,NULL,NULL,NULL,N,NULL,NULL,NULL,NULL,NULL,NULL,0.106,NULL,NULL,NULL,NULL,,NULL,0,0,2,2,N,N,15,NULL,98,9834,NULL,,Y,37.66707,37,40.024,NULL,-82.27502,82,16.502,NULL,N,NULL,NULL,NULL,NULL,NULL,NULL,NULL,NULL,4,97,2,6,1,1,2,2,1,3,N,NULL,N,Y,1725,1730,1820,N,NULL,90,,,N,,N,N,098-PR-1008-0,NULL,NULL,2019,O,7.24136E+11,098-PR-1008  -000,HIGH,098-PR-1008  -000,0.106,0,0,0,0,0,0,0,1,0,0,0,0,0
72379531,KSP0900,19-26569,20190713,343,,,US119,,,US0119,US0119,0,098 US-119-10,US0119,N,N,NULL,NULL,NULL,N,NULL,NULL,NULL,NULL,NULL,NULL,8.343,NULL,NULL,NULL,NULL,,NULL,0,0,1,1,N,N,55,NULL,98,9820,NULL,,Y,37.56282,37,33.769,NULL,-82.42091,82,25.255,NULL,N,NULL,NULL,NULL,NULL,NULL,NULL,NULL,NULL,9,5,4,6,1,1,10,5,7,3,N,NULL,Y,N,343,417,343,N,NULL,51,2,1,N,,N,N,098-US-0119-10,NULL,NULL,2019,O,7.23795E+11,098-US-0119  -010,HIGH,098-US-0119  -000,8.343,0,0,0,0,0,0,0,0,0,0,0,1,0
72384774,KSP0900,19-28440,20190726,3,,,REGINA-BELCHER,,HWY,US0460,US0460,0,098 US-460,US0460,N,N,NULL,NULL,NULL,N,NULL,NULL,NULL,NULL,NULL,NULL,10.096,NULL,NULL,NULL,NULL,,NULL,0,0,1,1,N,N,55,NULL,98,9802,NULL,,Y,37.36033,37,21.62,NULL,-82.40725,82,24.435,NULL,N,NULL,NULL,NULL,NULL,NULL,NULL,NULL,NULL,9,97,2,6,1,1,2,6,7,3,N,NULL,Y,Y,3,29,,N,NULL,38,,1,N,,N,N,098-US-0460-0,NULL,NULL,2019,O,7.23848E+11,098-US-0460  -000,HIGH,098-US-0460  -000,10.096,0,0,0,0,0,0,0,0,0,0,0,0,0
72420436,370200,2019-37844,20190927,1100,,,POPLAR FORK WOODMAN,,RD,KY2059,KY2059,0,098 KY-2059,KY2059,N,N,NULL,NULL,NULL,N,NULL,NULL,NULL,NULL,NULL,NULL,3.015,NULL,NULL,NULL,NULL,,NULL,1,0,2,2,N,N,35,NULL,98,9811,NULL,,Y,37.52364,37,31.418,NULL,-82.05861,82,3.516,NULL,N,NULL,NULL,NULL,NULL,NULL,NULL,NULL,NULL,3,3,1,6,1,1,3,2,7,3,Y,NULL,Y,Y,1100,1330,1400,N,NULL,52,9,0,N,,N,N,098-KY-2059-0,NULL,NULL,2019,C,7.24204E+11,098-KY-2059  -000,HIGH,098-KY-2059  -000,3.015,0,1,0,0,0,0,0,0,0,0,0,1,0
72436205,980100,2.019E+11,20191113,2134,,,US23,,,US0023,US0023,,,,N,N,NULL,NULL,NULL,N,NULL,NULL,NULL,NULL,NULL,NULL,24.754,NULL,NULL,NULL,NULL,,NULL,0,0,2,2,N,N,55,NULL,98,9801,NULL,,Y,37.48519,37,29.111,NULL,-82.54253,82,32.551,NULL,N,NULL,NULL,NULL,NULL,NULL,NULL,NULL,NULL,8,3,4,6,1,1,2,5,7,3,N,NULL,Y,N,2134,2138,2138,N,NULL,53,,1,N,,N,N,,NULL,NULL,2019,O,7.24362E+11,098-US-0023  -000,MEDIUM,098-US-0023  -000,24.754,0,0,0,0,0,0,1,0,0,0,0,1,0
72402040,KSP0900,19-34263,20190903,844,,,US460,,,US0460,US0460,0,098 US-460,US0460,N,N,NULL,NULL,NULL,N,NULL,NULL,NULL,NULL,NULL,NULL,2.349,NULL,NULL,NULL,NULL,,NULL,0,0,2,2,N,N,55,NULL,98,9801,NULL,,Y,37.43329,37,25.997,NULL,-82.48636,82,29.182,NULL,N,NULL,NULL,NULL,NULL,NULL,NULL,NULL,NULL,5,3,2,6,1,1,2,2,7,3,N,NULL,Y,N,844,910,910,N,NULL,49,,1,N,,N,N,098-US-0460-0,NULL,NULL,2019,O,7.2402E+11,098-US-0460  -000,HIGH,098-US-0460  -000,2.349,0,0,0,0,0,0,1,0,0,0,0,0,0
72399456,980100,2.019E+11,20190822,1010,,,LYKINS,,CRK,,,,,,N,N,NULL,NULL,NULL,N,NULL,NULL,NULL,NULL,NULL,NULL,0.279,NULL,NULL,NULL,NULL,,NULL,0,0,2,2,N,N,35,NULL,98,9801,NULL,,Y,37.50432,37,30.259,NULL,-82.54874,82,32.924,NULL,N,NULL,NULL,NULL,NULL,NULL,NULL,NULL,NULL,3,3,1,3,1,1,2,2,6,3,N,NULL,Y,N,1010,1020,,N,NULL,52,,,N,,N,N,,NULL,NULL,2019,O,7.23995E+11,098-CS-1249  -000,HIGH,098-CS-1249  -000,0.279,0,0,1,0,0,0,1,0,0,0,0,1,0
72366577,980000,19-06-003,20190611,1330,,4952,KY1426,,,KY1426,KY1426,0,098 KY-1426,KY1426,Y,N,NULL,NULL,NULL,N,NULL,NULL,NULL,NULL,NULL,NULL,11.908,NULL,NULL,NULL,NULL,,NULL,0,0,2,2,N,N,5,NULL,98,9850,NULL,,Y,37.53513,37,32.108,NULL,-82.46597,82,27.958,NULL,N,NULL,NULL,NULL,NULL,NULL,NULL,NULL,NULL,1,97,2,6,1,1,2,2,1,3,N,NULL,Y,Y,1330,1410,1440,N,NULL,90,7,0,N,,N,N,098-KY-1426-0,NULL,NULL,2019,O,7.23666E+11,098-KY-1426  -000,HIGH,098-KY-1426  -000,11.908,0,0,0,0,0,0,1,0,0,0,0,0,0
72367904,980100,2.019E+11,20190617,1034,,,CASSIDY,,BLVD,,,0,098 CS-1191,CS1191,N,N,NULL,NULL,NULL,N,NULL,NULL,NULL,NULL,NULL,NULL,0.282,NULL,NULL,NULL,NULL,,NULL,0,0,2,2,N,N,25,NULL,98,9801,NULL,,Y,37.50479,37,30.287,NULL,-82.53646,82,32.188,NULL,N,NULL,NULL,NULL,NULL,NULL,NULL,NULL,NULL,8,3,3,6,1,1,3,2,1,3,N,NULL,Y,N,1034,1040,1040,N,NULL,53,,,N,,N,N,098-CS-1191-0,NULL,NULL,2019,O,7.23679E+11,098-CS-1191  -000,HIGH,098-CS-1191  -000,0.282,0,0,0,0,0,0,1,0,0,0,0,1,0
72393650,980100,2.019E+11,20190815,1456,,,KY3496,,,KY3496,KY3496,,,,Y,N,NULL,NULL,NULL,N,NULL,NULL,NULL,NULL,NULL,NULL,0.239,NULL,NULL,NULL,NULL,,NULL,1,0,2,2,N,Y,15,NULL,98,9801,NULL,,Y,37.46657,37,27.994,NULL,-82.53229,82,31.937,NULL,N,NULL,NULL,NULL,NULL,NULL,NULL,NULL,NULL,5,97,1,6,1,1,2,2,1,3,N,NULL,N,Y,1456,1458,,N,NULL,90,16,0,N,,N,N,,NULL,NULL,2019,B,7.23937E+11,098-KY-3496  -000,HIGH,098-KY-3496  -000,0.239,0,0,0,1,0,0,1,0,0,0,0,0,0
72417831,370200,2019-39494,20191007,941,,,KY122,,,KY0122,KY0122,0,098 KY-122,KY0122,N,N,NULL,NULL,NULL,N,NULL,NULL,NULL,NULL,NULL,NULL,4.173,NULL,NULL,NULL,NULL,,NULL,0,0,1,1,N,N,45,NULL,98,9827,NULL,,Y,37.34349,37,20.609,NULL,-82.60625,82,36.375,NULL,N,NULL,NULL,NULL,NULL,NULL,NULL,NULL,NULL,9,3,2,3,1,5,6,2,7,3,N,NULL,N,N,1008,1012,1012,N,NULL,40,,0,N,,N,N,098-KY-0122-0,NULL,NULL,2019,O,7.24178E+11,098-KY-0122  -000,HIGH,098-KY-0122  -000,4.173,0,0,0,0,0,0,0,0,0,0,0,1,0
72424215,KSP0900,19-41395,20191021,1236,,,US119,,,US0119,US0119,0,098 US-119-10,US0119,N,N,NULL,NULL,NULL,N,NULL,NULL,NULL,NULL,NULL,NULL,24.281,NULL,NULL,NULL,NULL,,NULL,1,0,2,2,N,N,55,NULL,98,9834,NULL,,Y,37.65908,37,39.545,NULL,-82.27276,82,16.366,NULL,N,NULL,NULL,NULL,NULL,NULL,NULL,NULL,NULL,8,3,4,6,1,1,2,2,7,3,N,NULL,Y,Y,1236,1240,1240,N,NULL,53,2,1,N,,N,N,098-US-0119-10,NULL,NULL,2019,C,7.24242E+11,098-US-0119  -010,HIGH,098-US-0119  -000,24.281,0,0,0,1,0,0,0,0,0,0,0,1,0
72417025,KSP0900,19-38973,20191004,800,,,KY1056,,,KY1056,KY1056,0,098 KY-1056,KY1056,N,N,NULL,NULL,NULL,N,NULL,NULL,NULL,NULL,NULL,NULL,1.122,NULL,NULL,NULL,NULL,,NULL,0,0,1,1,N,N,55,NULL,98,9851,NULL,,Y,37.56533,37,33.92,NULL,-82.24445,82,14.667,NULL,N,NULL,NULL,NULL,NULL,NULL,NULL,NULL,NULL,9,3,2,1,1,1,2,2,7,3,N,NULL,N,N,800,825,840,N,NULL,40,8,0,N,,N,N,098-KY-1056-0,NULL,NULL,2019,O,7.2417E+11,098-KY-1056  -000,HIGH,098-KY-1056  -000,1.122,0,0,0,0,0,0,0,0,0,0,0,1,0
72450844,980100,2.019E+11,20191213,459,,,MAYO,N,TRL,US0023,US0023,0,098 US-23,US0023,N,N,NULL,NULL,NULL,N,NULL,NULL,NULL,NULL,NULL,NULL,30.901,NULL,NULL,NULL,NULL,,NULL,1,0,1,1,N,N,55,NULL,98,9801,NULL,,Y,37.54081,37,32.449,NULL,-82.59188,82,35.513,NULL,N,NULL,NULL,NULL,NULL,NULL,NULL,NULL,NULL,9,3,4,6,1,5,6,6,7,3,N,NULL,Y,Y,459,502,548,N,NULL,70,,1,N,,N,N,098-US-0023-0,NULL,NULL,2019,C,7.24508E+11,098-US-0023  -000,HIGH,098-US-0023  -000,30.901,0,0,0,0,0,0,0,0,0,0,0,1,0