MasterFile,AgencyORINumber,LocalCode,CollisionDate,CollisionTime,CollisionDayWeekCode,RoadwayName_HouseBusinessNumber_,RoadwayName_RoadwayName_,RoadwayName_Direction_,RoadwayName_RoadwaySuffix_,RoadwayfromReport,CurrentRoadwayNumber,RoadwayNumberCoupletID,RSEUniqueGIS,RoadwayIdentifier,ParkingLotIndicator,IntersectionWith_Indicator_,IntersectionWith_NameRoadway_,IntersectionWith_Direction_,IntersectionWith_RoadwaySuffix_,BetweenStreets_Indicator_,BetweenStreets1_NameRoadway_,BetweenStreet1_Direction_,BetweenStreets1_RoadwaySuffix_,BetweenStreets2_NameRoadway_,BetweenStreets2_Direction_,BetweenStreets2_RoadwaySuffix_,Milepoint,ReportMilepointDeriveNumber,CurrentDerivedMiepointNumber,MilestoMilepoint,FeettoMilepoint,DirectionfromMilepoint_NSEW_,ValidMilepointIndicator,NumberInjured,NumberKilled,ofUnits,ofMotorVehicleUnits,Hit&RunIndicator,OneWayIndicator,SpeedLimitNumber,KilometersIndicator,CountyCode,CityCountyCode,MilesFromCity,DirectionFromCity_NSEW_,InCityLimitsIndicator,Latitude,LatitudeDegrees,LatitudeMinutes,LatitudeSeconds,Longitude,LongitudeDegrees,LongitudeMinutes,LongitudeSeconds,RampIndicator,RampFromIdentifier,RampFromDirCode,RampFromCoupletID,RSEUniqueGISRampFrom,RampToidentifier,RampToDirCode,RampToCoupletID,RSEUniqueGisRampTo,MannerofCollisionCode,LocationFirstEventCode,TotalLanes,RoadwayCharacterCode,RoadwaySurfaceCode,RoadwayConditionCode,WeatherCode,LightConditionCode,LandUseCode,SchoolBusRelatedCode,FirstAidSceneIndicator,CollDescPresentInd,InvestigationCompleteIndicator,PhotosTakenIndicator,TimeNotified,TimeArrived,TimeRoadwayOpened,PropertyDamageIndicator,DiagramPresentIndicator,DirectionalAnalysis,FunctionClassCode,NationalHwySysCode,EnforcementsIndicator,KARSCityCode,SecondaryCollisionIndicator,MedianCrossoverIndicator,RT_UNIQUE,MapIt,TimeLastLeft,YR,KABCO,MFNY,WorkingRID,RT_CONFIDENCE,KTC_RT,KTC_MP,Motorcyclist,CommercialVehicle,YoungDriver,MatureDriver,pedestrian,Bicyclist,Distracted,agressive,Impaired,Unrestrained,Intersection,RoadwayDeparture,MedXover
72423723,KSP0900,19-41294,20191020,1607,,,US119,,,US0119,US0119,0,098 US-119,US0119,N,N,NULL,NULL,NULL,N,NULL,NULL,NULL,NULL,NULL,NULL,3.5,NULL,NULL,NULL,NULL,,NULL,0,0,1,1,N,N,55,NULL,98,9801,NULL,,Y,37.51308,37,30.785,NULL,-82.47272,82,28.363,NULL,N,NULL,NULL,NULL,NULL,NULL,NULL,NULL,NULL,9,3,2,5,1,1,3,2,7,3,N,NULL,Y,N,1607,1607,1627,N,NULL,38,2,1,N,,N,N,098-US-0119-0,NULL,NULL,2019,O,7.24237E+11,098-US-0119  -000,HIGH,098-US-0119  -000,3.5,0,0,0,0,0,0,0,0,0,0,0,0,0
72434401,KSP0900,19-44182,20191109,2200,,,US119,,,US0119,US0119,,,,N,N,NULL,NULL,NULL,N,NULL,NULL,NULL,NULL,NULL,NULL,25.545,NULL,NULL,NULL,NULL,,NULL,0,0,1,1,N,N,55,NULL,98,9836,NULL,,Y,37.67485,37,40.491,NULL,-82.28246,82,16.947,NULL,N,NULL,NULL,NULL,NULL,NULL,NULL,NULL,NULL,9,3,4,4,1,1,2,6,7,3,N,NULL,N,N,2212,2226,2226,N,NULL,38,2,1,N,,N,N,,NULL,NULL,2019,O,7.24344E+11,098-US-0119  -000,MEDIUM,098-US-0119  -000,25.545,0,0,0,0,0,0,0,0,0,0,0,0,0
72388271,KSP0900,19-29344,20190801,1649,,54,US119,,,US0119,US0119,0,098 US-119,US0119,Y,N,NULL,NULL,NULL,N,NULL,NULL,NULL,NULL,NULL,NULL,24.821,NULL,NULL,NULL,NULL,,NULL,0,0,1,1,N,N,55,NULL,98,9834,NULL,,Y,37.66617,37,39.97,NULL,-82.27517,82,16.51,NULL,N,NULL,NULL,NULL,NULL,NULL,NULL,NULL,NULL,9,97,4,6,1,1,2,2,1,3,N,NULL,Y,N,1649,1723,1723,Y,NULL,90,2,1,N,,N,N,098-US-0119-0,NULL,NULL,2019,O,7.23883E+11,098-US-0119  -000,HIGH,098-US-0119  -000,24.821,0,0,0,0,0,0,0,0,0,0,0,1,0
72413475,980100,2.019E+11,20190928,1808,,,THOMPSON,,RD,,,,,,Y,N,NULL,NULL,NULL,N,NULL,NULL,NULL,NULL,NULL,NULL,0.467,NULL,NULL,NULL,NULL,,NULL,0,0,2,2,N,N,NULL,NULL,98,9801,NULL,,Y,37.50619,37,30.371,NULL,-82.54424,82,32.654,NULL,N,NULL,NULL,NULL,NULL,NULL,NULL,NULL,NULL,2,97,2,6,1,1,2,2,1,3,N,NULL,Y,N,1808,1816,,N,NULL,90,,,N,,N,N,,NULL,NULL,2019,O,7.24135E+11,098-CS-1215  -000,HIGH,098-CS-1215  -000,0.467,0,0,1,1,0,0,1,0,0,0,0,0,0
72404058,980000,19-09-003,20190904,1659,,,US23,,,US0023,US0023,0,098 US-23,US0023,N,N,NULL,NULL,NULL,N,NULL,NULL,NULL,NULL,NULL,NULL,27.193,NULL,NULL,NULL,NULL,,NULL,1,0,3,3,N,N,55,NULL,98,9801,NULL,,Y,37.51051,37,30.63,NULL,-82.5451,82,32.706,NULL,N,NULL,NULL,NULL,NULL,NULL,NULL,NULL,NULL,8,3,4,6,1,1,2,2,7,3,Y,NULL,Y,Y,1600,1600,1635,N,NULL,53,,1,N,,N,N,098-US-0023-0,NULL,NULL,2019,C,7.24041E+11,098-US-0023  -000,HIGH,098-US-0023  -000,27.193,0,0,0,1,0,0,0,1,0,0,0,1,0
72404649,980100,2.019E+11,20190909,855,,,HAMBLEY,,BLVD,,,0,098 CS-1222,CS1222,N,N,NULL,NULL,NULL,N,NULL,NULL,NULL,NULL,NULL,NULL,1.409,NULL,NULL,NULL,NULL,,NULL,0,0,2,2,N,N,25,NULL,98,9801,NULL,,Y,37.48407,37,29.044,NULL,-82.52861,82,31.717,NULL,N,NULL,NULL,NULL,NULL,NULL,NULL,NULL,NULL,1,3,3,6,1,1,2,2,7,3,N,NULL,Y,N,855,900,913,N,NULL,55,,,N,,N,N,098-CS-1222-0,NULL,NULL,2019,O,7.24046E+11,098-CS-1222  -000,HIGH,098-CS-1222  -000,1.409,0,0,1,0,0,0,0,0,0,0,0,0,0
72374103,980100,2.019E+11,20190625,1708,,,RIVER,,DR,,,0,098 CS-1054,CS1054,Y,N,NULL,NULL,NULL,N,NULL,NULL,NULL,NULL,NULL,NULL,0.1,NULL,NULL,NULL,NULL,,NULL,0,0,2,2,Y,N,15,NULL,98,9801,NULL,,Y,37.47399,37,28.439,NULL,-82.52299,82,31.379,NULL,N,NULL,NULL,NULL,NULL,NULL,NULL,NULL,NULL,2,97,1,6,1,1,2,2,1,3,N,NULL,Y,N,1708,1716,,N,NULL,90,,,N,,N,N,098-CS-1054-0,NULL,NULL,2019,NULL,7.23741E+11,098-CS-1054  -000,HIGH,098-CS-1054  -000,0.1,0,0,0,0,0,0,0,0,0,0,0,0,0
72454991,KSP0900,19-45527,20191119,1558,,,US460,,,US0460,US0460,0,098 US-460,US0460,N,N,NULL,NULL,NULL,N,NULL,NULL,NULL,NULL,NULL,NULL,12.832,NULL,NULL,NULL,NULL,,NULL,0,0,2,2,N,N,55,NULL,98,9822,NULL,,Y,37.33849,37,20.309,NULL,-82.39353,82,23.612,NULL,N,NULL,NULL,NULL,NULL,NULL,NULL,NULL,NULL,5,3,2,6,1,5,3,2,7,3,N,NULL,Y,N,1558,1610,1610,N,NULL,49,,1,N,,N,N,098-US-0460-0,NULL,NULL,2019,O,7.2455E+11,098-US-0460  -000,HIGH,098-US-0460  -000,12.832,0,0,0,0,0,0,0,0,0,0,0,0,0
72387014,980200,980200,20190716,1500,,,PATTY LOVELESS,S,DR,KY0080,KY0080,0,098 KY-80,KY0080,N,N,NULL,NULL,NULL,N,NULL,NULL,NULL,NULL,NULL,NULL,5.003,NULL,NULL,NULL,NULL,,NULL,0,0,1,1,N,N,55,NULL,98,9802,NULL,,Y,37.29444,37,17.666,NULL,-82.32661,82,19.596,NULL,N,NULL,NULL,NULL,NULL,NULL,NULL,NULL,NULL,9,5,2,1,1,1,2,2,7,3,N,NULL,Y,Y,1503,1505,1505,N,NULL,40,7,0,N,,N,N,098-KY-0080-0,NULL,NULL,2019,O,7.2387E+11,098-KY-0080  -000,HIGH,098-KY-0080  -000,5.003,0,0,0,0,0,0,1,1,0,0,0,1,0
72459062,980500,2020AR001,20200103,1125,,,COUNTRY MUSIC HIGHWAY,,,,,,,,N,N,NULL,NULL,NULL,N,NULL,NULL,NULL,NULL,NULL,NULL,NULL,NULL,NULL,NULL,NULL,NULL,NULL,0,0,2,2,N,N,45,NULL,98,9807,NULL,,Y,37.52174,37,31.305,NULL,-82.5697,82,34.182,NULL,N,NULL,NULL,NULL,NULL,NULL,NULL,NULL,NULL,8,3,6,6,1,5,6,2,7,3,N,NULL,Y,Y,1125,1130,1132,N,NULL,53,,,N,,N,N,,NULL,NULL,2020,O,7.24591E+11,098-US-0023  -000,MEDIUM,098-US-0023  -000,28.807,0,0,0,1,0,0,0,0,0,0,0,1,0
72389858,980000,1908001,20190805,1704,,9497,KY632,,,KY0632,KY0632,0,098 KY-632,KY0632,N,N,NULL,NULL,NULL,N,NULL,NULL,NULL,NULL,NULL,NULL,9.682,NULL,NULL,NULL,NULL,,NULL,1,0,2,2,N,N,55,NULL,98,9804,NULL,,Y,37.48536,37,29.121,NULL,-82.20016,82,12.01,NULL,N,NULL,NULL,NULL,NULL,NULL,NULL,NULL,NULL,8,3,2,6,1,1,2,2,7,3,Y,NULL,Y,Y,1704,1749,1828,N,NULL,53,6,0,Y,,N,N,098-KY-0632-0,NULL,NULL,2019,B,7.23899E+11,098-KY-0632  -000,HIGH,098-KY-0632  -000,9.682,1,0,0,1,0,0,0,1,0,0,0,1,0
72418531,980000,1910001,20191004,900,,,US119,,,US0119,US0119,0,098 US-119-10,US0119,Y,N,NULL,NULL,NULL,N,NULL,NULL,NULL,NULL,NULL,NULL,23.885,NULL,NULL,NULL,NULL,,NULL,0,0,1,1,N,N,15,NULL,98,9812,NULL,,Y,37.65413,37,39.248,NULL,-82.26931,82,16.158,NULL,N,NULL,NULL,NULL,NULL,NULL,NULL,NULL,NULL,9,97,2,6,1,1,2,2,1,3,N,NULL,Y,Y,830,855,910,N,NULL,90,2,1,N,,N,N,098-US-0119-10,NULL,NULL,2019,O,7.24185E+11,098-US-0119  -010,HIGH,098-US-0119  -000,23.885,0,0,0,0,0,0,1,0,0,0,0,1,0
72454085,980100,2.019E+11,20191220,1237,,,KY3496 TURN LANE,,,KY3496,KY3496,,,,N,N,NULL,NULL,NULL,N,NULL,NULL,NULL,NULL,NULL,NULL,0.019,NULL,NULL,NULL,NULL,,NULL,0,0,2,2,N,N,35,NULL,98,9801,NULL,,Y,37.46569,37,27.941,NULL,-82.52823,82,31.694,NULL,N,NULL,NULL,NULL,NULL,NULL,NULL,NULL,NULL,5,3,2,3,1,1,2,2,1,3,N,NULL,Y,N,1237,1238,1252,N,NULL,49,16,0,N,,N,N,,NULL,NULL,2019,O,7.24541E+11,098-KY-3496  -020,MEDIUM,098-KY-3496  -020,0.019,0,0,0,0,0,0,1,0,0,0,0,0,0
72445910,980100,2.019E+11,20191204,651,,,US23,,,US0023,US0023,0,098 US-23,US0023,N,N,NULL,NULL,NULL,N,NULL,NULL,NULL,NULL,NULL,NULL,21.787,NULL,NULL,NULL,NULL,,NULL,0,0,1,1,N,N,55,NULL,98,9801,NULL,,Y,37.45507,37,27.304,NULL,-82.52034,82,31.22,NULL,N,NULL,NULL,NULL,NULL,NULL,NULL,NULL,NULL,9,3,4,6,1,1,2,5,7,3,N,NULL,Y,N,651,653,,N,NULL,38,,1,N,,N,N,098-US-0023-0,NULL,NULL,2019,O,7.24459E+11,098-US-0023  -000,HIGH,098-US-0023  -000,21.787,0,0,0,0,0,0,0,0,0,0,0,0,0
72464669,KSP0900,20-983,20200108,553,,,STATE HIGHWAY 292,E,,,,0,098 CR-1061,CR1061,N,N,NULL,NULL,NULL,N,NULL,NULL,NULL,NULL,NULL,NULL,0.002,NULL,NULL,NULL,NULL,,NULL,0,0,1,1,N,N,45,NULL,98,9893,NULL,,Y,37.62708,37,37.625,NULL,-82.21772,82,13.063,NULL,N,NULL,NULL,NULL,NULL,NULL,NULL,NULL,NULL,9,3,1,3,1,2,3,6,7,3,N,NULL,Y,N,545,604,718,N,NULL,44,,,N,,N,N,098-CR-1061-0,NULL,NULL,2020,O,7.24647E+11,098-CR-1061  -000,HIGH,098-CR-1061  -000,0.002,0,0,0,0,0,0,1,0,0,0,0,1,0
72431767,KSP0900,19-43267,20191103,1503,,,FOREST HILLS,,RD,KY0308,KY0308,0,098 KY-308,KY0308,N,N,NULL,NULL,NULL,N,NULL,NULL,NULL,NULL,NULL,NULL,2.604,NULL,NULL,NULL,NULL,,NULL,0,0,2,2,N,N,35,NULL,98,9885,NULL,,Y,37.64731,37,38.839,NULL,-82.26875,82,16.125,NULL,N,NULL,NULL,NULL,NULL,NULL,NULL,NULL,NULL,2,3,2,6,1,1,2,2,6,3,N,NULL,Y,N,1503,1510,1527,N,NULL,56,8,0,N,,N,N,098-KY-0308-0,NULL,NULL,2019,O,7.24318E+11,098-KY-0308  -000,HIGH,098-KY-0308  -000,2.604,0,0,0,1,0,0,0,0,0,0,0,0,0
72450486,KSP0900,19-47679,20191206,710,,,US119,,,US0119,US0119,0,098 US-119,US0119,N,N,NULL,NULL,NULL,N,NULL,NULL,NULL,NULL,NULL,NULL,4.185,NULL,NULL,NULL,NULL,,NULL,0,0,2,2,N,N,55,NULL,98,9801,NULL,,Y,37.5158,37,30.948,NULL,-82.46076,82,27.646,NULL,N,NULL,NULL,NULL,NULL,NULL,NULL,NULL,NULL,8,3,2,6,1,1,2,2,7,3,N,NULL,N,N,710,735,735,N,NULL,53,2,1,Y,,N,N,098-US-0119-0,NULL,NULL,2019,O,7.24505E+11,098-US-0119  -000,HIGH,098-US-0119  -000,4.185,0,0,0,0,0,0,1,0,1,0,0,1,0
72374301,KSP0900,19-23090,20190621,1528,,,LITTLE ROBINSON,,CRK,,,0,098 CR-1234Q3,CR1234Q3,N,N,NULL,NULL,NULL,N,NULL,NULL,NULL,NULL,NULL,NULL,1.473,NULL,NULL,NULL,NULL,,NULL,0,0,2,2,N,N,15,NULL,98,9827,NULL,,Y,37.36862,37,22.117,NULL,-82.65373,82,39.224,NULL,N,NULL,NULL,NULL,NULL,NULL,NULL,NULL,NULL,7,3,1,3,1,1,2,2,7,3,N,NULL,Y,N,1706,1730,,N,NULL,54,,,N,,N,N,098-CR-1234Q3-0,NULL,NULL,2019,O,7.23743E+11,098-CR-1234Q3-000,HIGH,098-CR-1234Q3-000,1.473,0,0,0,0,0,0,0,0,0,0,0,1,0
72392724,KSP0900,19-31176,20190813,1205,,,KY194,,,KY0194,KY0194,0,098 KY-194,KY0194,N,N,NULL,NULL,NULL,N,NULL,NULL,NULL,NULL,NULL,NULL,60.716,NULL,NULL,NULL,NULL,,NULL,2,0,1,1,N,N,35,NULL,98,9811,NULL,,Y,37.56425,37,33.855,NULL,-82.14048,82,8.429,NULL,N,NULL,NULL,NULL,NULL,NULL,NULL,NULL,NULL,9,3,2,6,1,5,6,2,7,3,Y,NULL,Y,Y,1205,1208,1250,N,NULL,40,7,0,N,,N,N,098-KY-0194-0,NULL,NULL,2019,C,7.23927E+11,098-KY-0194  -000,HIGH,098-KY-0194  -000,60.716,0,0,0,0,0,0,0,0,0,0,0,1,0
72391235,980100,2.019E+11,20190809,1739,,,THOMPSON,,RD,,,0,098 CS-1215,CS1215,Y,N,NULL,NULL,NULL,N,NULL,NULL,NULL,NULL,NULL,NULL,0.492,NULL,NULL,NULL,NULL,,NULL,0,0,2,2,N,N,NULL,NULL,98,9801,NULL,,Y,37.50613,37,30.368,NULL,-82.54396,82,32.637,NULL,N,NULL,NULL,NULL,NULL,NULL,NULL,NULL,NULL,6,97,NULL,6,1,1,2,2,5,3,N,NULL,Y,N,1740,1754,1754,N,NULL,90,,,N,,N,N,098-CS-1215-0,NULL,NULL,2019,O,7.23912E+11,098-CS-1215  -000,HIGH,098-CS-1215  -000,0.492,0,0,0,0,0,0,1,0,0,0,0,0,0
72381377,980100,2.019E+11,20190718,1737,,404,SOUTH MAYO TRAIL,,,,,,,,Y,N,NULL,NULL,NULL,N,NULL,NULL,NULL,NULL,NULL,NULL,NULL,NULL,NULL,NULL,NULL,,NULL,0,0,2,2,N,N,15,NULL,98,9801,NULL,,Y,37.46626,37,27.976,NULL,-82.53127,82,31.877,NULL,N,NULL,NULL,NULL,NULL,NULL,NULL,NULL,NULL,2,97,1,6,1,1,2,2,1,3,N,NULL,Y,N,1738,1745,1745,N,NULL,90,,,N,,N,N,,NULL,NULL,2019,O,7.23814E+11,098-KY-3496  -000,MEDIUM,098-KY-3496  -000,0.199,0,0,0,0,0,0,1,0,0,0,0,0,0
72411889,980100,2.019E+11,20190925,837,,805,HAMBLEY,,BLVD,,,0,098 CS-1222,CS1222,Y,N,NULL,NULL,NULL,N,NULL,NULL,NULL,NULL,NULL,NULL,0.426,NULL,NULL,NULL,NULL,,NULL,0,0,2,2,N,N,NULL,NULL,98,9801,NULL,,Y,37.47757,37,28.654,NULL,-82.5212,82,31.272,NULL,N,NULL,NULL,NULL,NULL,NULL,NULL,NULL,NULL,1,97,1,6,2,1,2,2,7,3,N,NULL,Y,N,837,843,843,N,NULL,90,,,N,,N,N,098-CS-1222-0,NULL,NULL,2019,O,7.24119E+11,098-CS-1222  -000,HIGH,098-CS-1222  -000,0.426,0,0,1,0,0,0,0,0,0,0,0,0,0
72420737,980100,2.019E+11,20191014,1626,,,BOB AMOS,,DR,,,,,,N,N,NULL,NULL,NULL,N,NULL,NULL,NULL,NULL,NULL,NULL,1.008,NULL,NULL,NULL,NULL,,NULL,0,0,1,1,N,N,25,NULL,98,9801,NULL,,Y,37.46581,37,27.948,NULL,-82.54292,82,32.575,NULL,N,NULL,NULL,NULL,NULL,NULL,NULL,NULL,NULL,9,97,1,6,1,1,2,2,7,3,N,NULL,Y,N,1626,1629,1629,N,NULL,40,,,N,,N,N,,NULL,NULL,2019,O,7.24207E+11,098-CS-1025  -000,HIGH,098-CS-1025  -000,1.008,0,0,0,0,0,0,1,0,0,0,0,1,0
72447425,KSP0900,19-47217,20191202,1207,,,ISLAND CREEK,,RD,KY1426,KY1426,0,098 KY-1426,KY1426,N,N,NULL,NULL,NULL,N,NULL,NULL,NULL,NULL,NULL,NULL,1.897,NULL,NULL,NULL,NULL,,NULL,0,0,2,2,Y,N,55,NULL,98,9801,NULL,,Y,37.46111,37,27.667,NULL,-82.56129,82,33.677,NULL,N,NULL,NULL,NULL,NULL,NULL,NULL,NULL,NULL,7,3,2,6,1,5,6,2,7,3,N,NULL,N,Y,1207,1209,,N,NULL,54,8,0,N,,N,N,098-KY-1426-0,NULL,NULL,2019,O,7.24474E+11,098-KY-1426  -000,HIGH,098-KY-1426  -000,1.897,0,0,1,0,0,0,0,0,0,0,0,1,0
72424524,KSP0900,19-41553,20191022,1350,,,TOLLAGE,,CRK,,,0,098 CR-1492,CR1492,Y,N,NULL,NULL,NULL,N,NULL,NULL,NULL,NULL,NULL,NULL,0.497,NULL,NULL,NULL,NULL,,NULL,0,0,2,2,N,N,NULL,NULL,98,9807,NULL,,Y,37.51479,37,30.887,NULL,-82.53269,82,31.962,NULL,N,NULL,NULL,NULL,NULL,NULL,NULL,NULL,NULL,1,97,NULL,6,1,1,2,2,7,3,N,NULL,Y,N,1350,1408,1408,N,NULL,90,,,N,,N,N,098-CR-1492-0,NULL,NULL,2019,O,7.24245E+11,098-CS-3029  -000,MEDIUM,098-CS-3029  -000,0.497,0,0,0,0,0,0,0,0,0,0,0,0,0
72401391,KSP0900,19-33929,20190831,1750,,,US119,,,US0119,US0119,0,098 US-119,US0119,N,N,NULL,NULL,NULL,N,NULL,NULL,NULL,NULL,NULL,NULL,10.922,NULL,NULL,NULL,NULL,,NULL,0,0,1,1,N,N,55,NULL,98,9820,NULL,,Y,37.58877,37,35.326,NULL,-82.3917,82,23.502,NULL,N,NULL,NULL,NULL,NULL,NULL,NULL,NULL,NULL,9,3,2,5,1,1,2,2,7,3,N,NULL,N,N,1750,1750,1807,N,NULL,44,2,1,N,,N,N,098-US-0119-0,NULL,NULL,2019,O,7.24014E+11,098-US-0119  -000,HIGH,098-US-0119  -000,10.922,0,0,1,0,0,0,0,0,0,0,0,1,0
72368306,980100,2.019E+11,20190618,1159,,,BAIRD,,AVE,KY1426,KY1426,0,098 KY-1426,KY1426,N,N,NULL,NULL,NULL,N,NULL,NULL,NULL,NULL,NULL,NULL,5.394,NULL,NULL,NULL,NULL,,NULL,3,0,2,2,N,N,25,NULL,98,9801,NULL,,Y,37.47328,37,28.397,NULL,-82.52711,82,31.627,NULL,N,NULL,NULL,NULL,NULL,NULL,NULL,NULL,NULL,1,3,2,6,1,5,6,2,7,3,Y,NULL,Y,Y,1159,1201,1220,N,NULL,55,,0,N,,N,N,098-KY-1426-0,NULL,NULL,2019,C,7.23683E+11,098-KY-1426  -000,HIGH,098-KY-1426  -000,5.394,0,0,0,0,0,0,1,0,0,0,0,0,0
72420729,980100,2.019E+11,20191007,1810,,,KILGORE,,LN,,,,,,N,Y,HAMBLEY,,BLVD,N,NULL,NULL,NULL,NULL,NULL,NULL,NULL,NULL,NULL,NULL,NULL,,NULL,0,0,2,2,N,N,25,NULL,98,9801,NULL,,Y,37.47624,37,28.575,NULL,-82.52258,82,31.355,NULL,N,NULL,NULL,NULL,NULL,NULL,NULL,NULL,NULL,1,3,2,6,1,5,6,2,7,3,N,NULL,Y,N,1810,1813,1813,N,NULL,10,,,N,,N,N,,NULL,NULL,2019,O,7.24207E+11,098-CS-1105  -000,HIGH,098-CS-1105  -000,0,0,0,0,0,0,0,0,1,0,0,1,0,0
72411127,980000,19-09-008,20190923,1230,,,FERRELLS CREEK,,RD,US0460,US0460,0,098 US-460,US0460,N,N,NULL,NULL,NULL,N,NULL,NULL,NULL,NULL,NULL,NULL,15.732,NULL,NULL,NULL,NULL,,NULL,0,0,1,1,N,N,55,NULL,98,9874,3,E,N,37.34846,37,20.907,NULL,-82.35128,82,21.077,NULL,N,NULL,NULL,NULL,NULL,NULL,NULL,NULL,NULL,9,3,2,3,1,1,3,2,7,3,N,NULL,Y,Y,1605,1638,1638,N,NULL,38,,1,N,,N,N,098-US-0460-0,NULL,NULL,2019,O,7.24111E+11,098-US-0460  -000,HIGH,098-US-0460  -000,15.732,0,0,0,0,0,0,1,0,0,0,0,0,0
72423011,980100,2.019E+11,20191018,1527,,911,BYPASS,,RD,,,,,,Y,N,NULL,NULL,NULL,N,NULL,NULL,NULL,NULL,NULL,NULL,NULL,NULL,NULL,NULL,NULL,,NULL,0,0,2,2,N,N,NULL,NULL,98,9801,NULL,,Y,37.47128,37,28.277,NULL,-82.52117,82,31.27,NULL,N,NULL,NULL,NULL,NULL,NULL,NULL,NULL,NULL,2,97,1,6,1,1,2,2,1,3,N,NULL,Y,N,1527,1534,1534,N,NULL,90,,,N,,N,N,,NULL,NULL,2019,O,7.2423E+11,098-CS-1223  -000,MEDIUM,098-CS-1223  -000,0.135,0,0,0,1,0,0,1,0,0,0,0,0,0
72402039,KSP0900,19-33907,20190831,1521,,,ELKHORN,,CRK,KY0197,KY0197,0,098 KY-197,KY0197,N,N,NULL,NULL,NULL,N,NULL,NULL,NULL,NULL,NULL,NULL,13.876,NULL,NULL,NULL,NULL,,NULL,0,0,2,2,N,N,55,NULL,98,9802,NULL,,Y,37.27645,37,16.587,NULL,-82.37849,82,22.709,NULL,N,NULL,NULL,NULL,NULL,NULL,NULL,NULL,NULL,5,3,2,6,1,1,2,2,7,3,N,NULL,Y,N,1521,1526,1526,N,NULL,49,7,0,N,,N,N,098-KY-0197-0,NULL,NULL,2019,O,7.2402E+11,098-KY-0197  -000,HIGH,098-KY-0197  -000,13.876,0,0,0,1,0,0,1,0,0,0,0,0,0
72420733,980100,2.019E+11,20191009,1650,,,MAY HOLLOW,,RD,,,,,,N,Y,KY1426,,,N,NULL,NULL,NULL,NULL,NULL,NULL,NULL,NULL,NULL,NULL,NULL,,NULL,0,0,2,2,N,N,45,NULL,98,9801,NULL,,Y,37.49039,37,29.424,NULL,-82.50096,82,30.058,NULL,N,NULL,NULL,NULL,NULL,NULL,NULL,NULL,NULL,1,3,2,6,1,1,2,2,7,3,N,NULL,Y,N,1650,1652,1652,N,NULL,10,,,Y,,N,N,,NULL,NULL,2019,O,7.24207E+11,098-CS-1080  -000,MEDIUM,098-CS-1080  -000,0,0,0,0,1,0,0,1,1,0,0,1,0,0
72372929,980100,2.019E+11,20190628,1924,,,HAROLDS BRANCH,,RD,,,0,098 CS-1223,CS1223,Y,N,NULL,NULL,NULL,N,NULL,NULL,NULL,NULL,NULL,NULL,0.033,NULL,NULL,NULL,NULL,,NULL,0,0,2,2,N,N,NULL,NULL,98,9801,NULL,,Y,37.4724,37,28.344,NULL,-82.52242,82,31.345,NULL,N,NULL,NULL,NULL,NULL,NULL,NULL,NULL,NULL,7,97,NULL,6,2,1,2,2,5,3,N,NULL,Y,N,1924,1932,1932,N,NULL,90,,,N,,N,N,098-CS-1223-0,NULL,NULL,2019,O,7.23729E+11,098-CS-1223  -000,HIGH,098-CS-1223  -000,0.033,0,0,0,0,0,0,0,0,0,0,0,0,0
72415158,KSP0900,19-36862,20190920,1245,,,US119,,,US0119,US0119,0,098 US-119,US0119,N,N,NULL,NULL,NULL,N,NULL,NULL,NULL,NULL,NULL,NULL,25.36,NULL,NULL,NULL,NULL,,NULL,0,0,2,2,N,N,55,NULL,98,9834,NULL,,Y,37.67255,37,40.353,NULL,-82.28082,82,16.849,NULL,N,NULL,NULL,NULL,NULL,NULL,NULL,NULL,NULL,5,3,2,6,1,1,3,2,7,3,N,NULL,Y,N,1245,1250,1250,N,NULL,70,2,1,N,,N,N,098-US-0119-0,NULL,NULL,2019,O,7.24152E+11,098-US-0119  -000,HIGH,098-US-0119  -000,25.36,0,0,0,0,0,0,1,0,0,0,0,0,0
72394907,980100,2.019E+11,20190817,1940,,,US23,,,US0023,US0023,,,,Y,N,NULL,NULL,NULL,N,NULL,NULL,NULL,NULL,NULL,NULL,22.722,NULL,NULL,NULL,NULL,,NULL,0,0,2,2,N,N,15,NULL,98,9801,NULL,,Y,37.46511,37,27.907,NULL,-82.52213,82,31.328,NULL,N,NULL,NULL,NULL,NULL,NULL,NULL,NULL,NULL,1,97,1,6,1,1,2,2,1,3,N,NULL,Y,N,1940,1945,1945,N,NULL,90,,1,N,,N,N,,NULL,NULL,2019,O,7.23949E+11,098-US-0023  -000,MEDIUM,098-US-0023  -000,22.722,0,0,0,0,0,0,1,0,0,0,0,0,0
72382466,980100,2.019E+12,20190720,1332,,,HAROLDS BRANCH,,RD,,,0,098 CS-1223,CS1223,Y,N,NULL,NULL,NULL,N,NULL,NULL,NULL,NULL,NULL,NULL,0.044,NULL,NULL,NULL,NULL,,NULL,0,0,2,2,N,N,NULL,NULL,98,9801,NULL,,Y,37.47225,37,28.335,NULL,-82.52237,82,31.342,NULL,N,NULL,NULL,NULL,NULL,NULL,NULL,NULL,NULL,2,97,NULL,6,2,1,2,2,5,3,N,NULL,Y,N,1322,1327,1327,N,NULL,90,,,N,,N,N,098-CS-1223-0,NULL,NULL,2019,O,7.23825E+11,098-CS-1223  -000,HIGH,098-CS-1223  -000,0.044,0,0,0,0,0,0,1,0,0,0,0,0,0