MasterFile,AgencyORINumber,LocalCode,CollisionDate,CollisionTime,CollisionDayWeekCode,RoadwayName_HouseBusinessNumber_,RoadwayName_RoadwayName_,RoadwayName_Direction_,RoadwayName_RoadwaySuffix_,RoadwayfromReport,CurrentRoadwayNumber,RoadwayNumberCoupletID,RSEUniqueGIS,RoadwayIdentifier,ParkingLotIndicator,IntersectionWith_Indicator_,IntersectionWith_NameRoadway_,IntersectionWith_Direction_,IntersectionWith_RoadwaySuffix_,BetweenStreets_Indicator_,BetweenStreets1_NameRoadway_,BetweenStreet1_Direction_,BetweenStreets1_RoadwaySuffix_,BetweenStreets2_NameRoadway_,BetweenStreets2_Direction_,BetweenStreets2_RoadwaySuffix_,Milepoint,ReportMilepointDeriveNumber,CurrentDerivedMiepointNumber,MilestoMilepoint,FeettoMilepoint,DirectionfromMilepoint_NSEW_,ValidMilepointIndicator,NumberInjured,NumberKilled,ofUnits,ofMotorVehicleUnits,Hit&RunIndicator,OneWayIndicator,SpeedLimitNumber,KilometersIndicator,CountyCode,CityCountyCode,MilesFromCity,DirectionFromCity_NSEW_,InCityLimitsIndicator,Latitude,LatitudeDegrees,LatitudeMinutes,LatitudeSeconds,Longitude,LongitudeDegrees,LongitudeMinutes,LongitudeSeconds,RampIndicator,RampFromIdentifier,RampFromDirCode,RampFromCoupletID,RSEUniqueGISRampFrom,RampToidentifier,RampToDirCode,RampToCoupletID,RSEUniqueGisRampTo,MannerofCollisionCode,LocationFirstEventCode,TotalLanes,RoadwayCharacterCode,RoadwaySurfaceCode,RoadwayConditionCode,WeatherCode,LightConditionCode,LandUseCode,SchoolBusRelatedCode,FirstAidSceneIndicator,CollDescPresentInd,InvestigationCompleteIndicator,PhotosTakenIndicator,TimeNotified,TimeArrived,TimeRoadwayOpened,PropertyDamageIndicator,DiagramPresentIndicator,DirectionalAnalysis,FunctionClassCode,NationalHwySysCode,EnforcementsIndicator,KARSCityCode,SecondaryCollisionIndicator,MedianCrossoverIndicator,RT_UNIQUE,MapIt,TimeLastLeft,YR,KABCO,MFNY,WorkingRID,RT_CONFIDENCE,KTC_RT,KTC_MP,Motorcyclist,CommercialVehicle,YoungDriver,MatureDriver,pedestrian,Bicyclist,Distracted,agressive,Impaired,Unrestrained,Intersection,RoadwayDeparture,MedXover
72388615,980100,2.019E+11,20190731,1550,,,US23,,,US0023,US0023,,,,N,Y,CEDAR HILLS,,RD,N,NULL,NULL,NULL,NULL,NULL,NULL,22.941,NULL,NULL,NULL,NULL,,NULL,0,0,2,1,N,N,55,NULL,98,9801,NULL,,Y,37.46536,37,27.921,NULL,-82.52597,82,31.558,NULL,N,NULL,NULL,NULL,NULL,NULL,NULL,NULL,NULL,5,3,4,6,1,5,3,2,7,3,N,NULL,Y,N,1550,1607,1653,N,NULL,35,,1,N,,N,N,,NULL,NULL,2019,O,7.23886E+11,098-US-0023  -010,MEDIUM,098-US-0023  -000,22.941,0,0,1,0,0,0,1,0,0,0,1,0,0
72418746,KSP0900,19-39663,20191008,1211,,,KENDRICK,,FRK,,,0,098 CR-1312,CR1312,N,N,NULL,NULL,NULL,N,NULL,NULL,NULL,NULL,NULL,NULL,0.859,NULL,NULL,NULL,NULL,,NULL,0,0,2,2,N,N,25,NULL,98,9801,NULL,,Y,37.45482,37,27.289,NULL,-82.44908,82,26.945,NULL,N,NULL,NULL,NULL,NULL,NULL,NULL,NULL,NULL,3,3,2,3,1,5,3,2,7,3,N,NULL,Y,N,1211,1250,1315,N,NULL,52,,,N,,N,N,098-CR-1312-0,NULL,NULL,2019,O,7.24187E+11,098-CR-1312  -000,HIGH,098-CR-1312  -000,0.859,0,0,1,0,0,0,0,0,0,0,0,1,0
72419262,980500,2019AR064,20191010,1210,,,COUNTRY MUSIC HIGHWAY,,,US0023,US0023,0,098 US-23,US0023,N,N,NULL,NULL,NULL,N,NULL,NULL,NULL,NULL,NULL,NULL,NULL,NULL,NULL,NULL,NULL,NULL,NULL,0,0,2,2,N,N,45,NULL,98,9807,NULL,,Y,37.52142,37,31.285,NULL,-82.56922,82,34.153,NULL,N,NULL,NULL,NULL,NULL,NULL,NULL,NULL,NULL,8,3,6,6,1,1,2,2,7,3,N,NULL,Y,Y,1210,1213,1250,N,NULL,53,,1,N,,N,N,098-US-0023-0,NULL,NULL,2019,O,7.24193E+11,098-US-0023  -000,HIGH,098-US-0023  -000,28.771,0,1,1,0,0,0,1,0,0,0,0,1,0
72414936,980100,2.019E+11,20191002,1017,,,HAMBLEY,,BLVD,,,0,098 CS-1222,CS1222,N,N,NULL,NULL,NULL,N,NULL,NULL,NULL,NULL,NULL,NULL,0.567,NULL,NULL,NULL,NULL,,NULL,0,0,2,2,N,N,25,NULL,98,9801,NULL,,Y,37.47926,37,28.755,NULL,-82.51977,82,31.186,NULL,N,NULL,NULL,NULL,NULL,NULL,NULL,NULL,NULL,1,7,2,6,1,1,2,2,1,3,N,NULL,N,N,1017,1017,1017,N,NULL,47,,,N,,N,N,098-CS-1222-0,NULL,NULL,2019,O,7.24149E+11,098-CS-1222  -000,HIGH,098-CS-1222  -000,0.567,0,0,1,0,0,0,0,0,0,0,0,0,0
72446819,980100,2.019E+11,20191123,1623,,,US23,,,US0023,US0023,0,098 US-23,US0023,N,Y,KY3496,,,N,NULL,NULL,NULL,NULL,NULL,NULL,23.062,NULL,NULL,NULL,NULL,,NULL,4,0,2,2,N,N,55,NULL,98,9801,NULL,,Y,37.46593,37,27.956,NULL,-82.52809,82,31.686,NULL,N,NULL,NULL,NULL,NULL,NULL,NULL,NULL,NULL,5,3,4,6,1,5,6,2,1,3,Y,NULL,Y,Y,1623,1626,1709,N,NULL,35,,1,N,,N,N,098-US-0023-0,NULL,NULL,2019,A,7.24468E+11,098-US-0023  -000,HIGH,098-US-0023  -000,23.062,1,0,0,0,0,0,0,0,0,0,1,0,0
72368243,980000,1906004,20190618,1110,,,US119,,,US0119,US0119,0,098 US-119,US0119,N,N,NULL,NULL,NULL,N,NULL,NULL,NULL,NULL,NULL,NULL,21.725,NULL,NULL,NULL,NULL,,NULL,0,0,1,1,N,N,55,NULL,98,9836,1,N,N,37.62975,37,37.785,NULL,-82.2616,82,15.696,NULL,N,NULL,NULL,NULL,NULL,NULL,NULL,NULL,NULL,9,3,4,3,1,5,6,2,7,3,N,NULL,Y,Y,1110,1110,1146,N,NULL,40,2,1,N,,N,N,098-US-0119-0,NULL,NULL,2019,O,7.23682E+11,098-US-0119  -000,HIGH,098-US-0119  -000,21.725,0,0,0,1,0,0,0,0,0,0,0,1,0
72374734,KSP0900,19-24586,20190701,1130,,,LONG BRANCH,,RD,KY1758,KY1758,0,098 KY-1758,KY1758,N,N,NULL,NULL,NULL,N,NULL,NULL,NULL,NULL,NULL,NULL,5.648,NULL,NULL,NULL,NULL,,NULL,0,0,1,1,N,N,55,NULL,98,9817,NULL,,Y,37.4684,37,28.104,NULL,-82.26747,82,16.048,NULL,N,NULL,NULL,NULL,NULL,NULL,NULL,NULL,NULL,9,3,2,6,3,1,2,2,7,3,N,NULL,N,N,1130,1135,1205,N,NULL,44,8,0,N,,N,N,098-KY-1758-0,NULL,NULL,2019,O,7.23747E+11,098-KY-1758  -000,HIGH,098-KY-1758  -000,5.648,0,0,0,0,0,0,0,0,0,0,0,1,0
72399585,980100,2.019E+11,20190828,1219,,215,CASSIDY BLVD,,,,,,,,Y,N,NULL,NULL,NULL,N,NULL,NULL,NULL,NULL,NULL,NULL,NULL,NULL,NULL,NULL,NULL,,NULL,0,0,2,2,N,N,15,NULL,98,9801,NULL,,Y,37.50408,37,30.245,NULL,-82.53696,82,32.218,NULL,N,NULL,NULL,NULL,NULL,NULL,NULL,NULL,NULL,2,97,1,6,1,1,2,2,1,3,N,NULL,Y,N,1219,1232,1232,N,NULL,90,,,N,,N,N,,NULL,NULL,2019,O,7.23996E+11,098-CS-1191  -000,HIGH,098-CS-1191  -000,0.255,0,0,0,0,0,0,1,0,0,0,0,0,0
72366179,980100,2.019E+11,20190612,1200,,,SOUTH MAYO TRAIL,,,,,,,,Y,N,NULL,NULL,NULL,N,NULL,NULL,NULL,NULL,NULL,NULL,NULL,NULL,NULL,NULL,NULL,NULL,NULL,0,0,2,2,Y,N,NULL,NULL,98,9801,NULL,,Y,37.4664,37,27.984,NULL,-82.53114,82,31.868,NULL,N,NULL,NULL,NULL,NULL,NULL,NULL,NULL,NULL,1,97,NULL,6,1,1,3,9,1,3,N,NULL,N,N,1345,1345,,N,NULL,90,,,N,,N,N,,NULL,NULL,2019,NULL,7.23662E+11,098-KY-3496  -000,MEDIUM,098-KY-3496  -000,0.197,0,0,0,0,0,0,0,0,0,0,0,0,0
72366797,980500,2019AR046,20190613,1720,,58,POWER DRIVE,,TRL,US0023,US0023,0,098 US-23-10,US0023,N,N,NULL,NULL,NULL,N,NULL,NULL,NULL,NULL,NULL,NULL,NULL,NULL,NULL,NULL,NULL,NULL,NULL,0,0,2,2,N,N,25,NULL,98,9807,NULL,,Y,37.51512,37,30.907,NULL,-82.55937,82,33.562,NULL,N,NULL,NULL,NULL,NULL,NULL,NULL,NULL,NULL,8,3,2,6,1,1,3,2,7,3,N,NULL,Y,N,1720,1722,1740,N,NULL,53,,1,N,,N,N,098-US-0023-10,NULL,NULL,2019,O,7.23668E+11,098-US-0023  -010,HIGH,098-US-0023  -000,28.055,0,0,0,0,0,0,0,0,0,0,0,1,0
72421567,KSP0900,19-40729,20191016,747,,,US460,,,US0460,US0460,0,098 US-460,US0460,N,N,NULL,NULL,NULL,N,NULL,NULL,NULL,NULL,NULL,NULL,7.892,NULL,NULL,NULL,NULL,,NULL,1,0,2,2,N,N,55,NULL,98,9832,NULL,,Y,37.37994,37,22.796,NULL,-82.43417,82,26.05,NULL,N,NULL,NULL,NULL,NULL,NULL,NULL,NULL,NULL,3,3,2,3,1,5,6,2,7,3,Y,NULL,Y,Y,754,839,842,N,NULL,52,,1,N,,N,N,098-US-0460-0,NULL,NULL,2019,C,7.24216E+11,098-US-0460  -000,HIGH,098-US-0460  -000,7.892,0,0,0,0,0,0,0,0,0,0,0,1,0
72378014,980100,2.019E+11,20190710,1430,,,STEEL,,ST,,,0,098 CS-1147,CS1147,N,N,NULL,NULL,NULL,N,NULL,NULL,NULL,NULL,NULL,NULL,0.001,NULL,NULL,NULL,NULL,,NULL,0,0,2,2,N,N,15,NULL,98,9801,NULL,,Y,37.4827,37,28.962,NULL,-82.53113,82,31.868,NULL,N,NULL,NULL,NULL,NULL,NULL,NULL,NULL,NULL,7,3,2,6,1,1,2,2,7,3,N,NULL,Y,N,1430,1434,1459,N,NULL,54,,,N,,N,N,098-CS-1147-0,NULL,NULL,2019,O,7.2378E+11,098-CS-1147  -000,HIGH,098-CS-1147  -000,0.001,0,0,1,0,0,0,0,0,0,0,0,1,0
72444547,KSP0900,19-46677,20191127,2247,,3685,KY194,,,KY0194,KY0194,0,098 KY-194,KY0194,N,N,NULL,NULL,NULL,N,NULL,NULL,NULL,NULL,NULL,NULL,13.206,NULL,NULL,NULL,NULL,,NULL,0,0,2,2,N,N,55,NULL,98,9820,NULL,,Y,37.58574,37,35.144,NULL,-82.48593,82,29.156,NULL,N,NULL,NULL,NULL,NULL,NULL,NULL,NULL,NULL,2,97,2,6,1,1,2,6,7,3,N,NULL,Y,N,2247,2318,2318,N,NULL,47,7,0,N,,N,N,098-KY-0194-0,NULL,NULL,2019,O,7.24445E+11,098-KY-0194  -000,HIGH,098-KY-0194  -000,13.206,0,0,0,0,0,0,0,0,0,0,0,0,0
72448042,980100,2.019E+11,20191125,1340,,,THOMPSON,,RD,,,0,098 CS-1215,CS1215,Y,N,NULL,NULL,NULL,N,NULL,NULL,NULL,NULL,NULL,NULL,0.504,NULL,NULL,NULL,NULL,,NULL,0,0,2,2,N,N,15,NULL,98,9801,NULL,,Y,37.50602,37,30.361,NULL,-82.54359,82,32.616,NULL,N,NULL,NULL,NULL,NULL,NULL,NULL,NULL,NULL,2,97,2,6,1,1,2,2,1,3,N,NULL,Y,N,1342,1350,,N,NULL,90,,,N,,N,N,098-CS-1215-0,NULL,NULL,2019,O,7.2448E+11,098-CS-1215  -000,HIGH,098-CS-1215  -000,0.504,0,0,0,0,0,0,1,0,0,0,0,0,0
72373701,980100,2.019E+11,20190628,537,,,NIGHTINGALE,,CT,,,0,098 CS-1047,CS1047,N,N,NULL,NULL,NULL,N,NULL,NULL,NULL,NULL,NULL,NULL,0.079,NULL,NULL,NULL,NULL,,NULL,0,0,2,2,N,N,15,NULL,98,9801,NULL,,Y,37.46647,37,27.988,NULL,-82.56292,82,33.775,NULL,N,NULL,NULL,NULL,NULL,NULL,NULL,NULL,NULL,2,97,1,6,97,1,2,1,5,3,N,NULL,Y,N,538,545,,N,NULL,47,,,N,,N,N,098-CS-1047-0,NULL,NULL,2019,O,7.23737E+11,098-CS-1047  -000,HIGH,098-CS-1047  -000,0.079,0,0,0,0,0,0,1,0,0,0,0,0,0
72425905,KSP0900,19-41959,20191025,915,,,KY194,,,KY0194,KY0194,0,098 KY-194,KY0194,N,N,NULL,NULL,NULL,N,NULL,NULL,NULL,NULL,NULL,NULL,16.067,NULL,NULL,NULL,NULL,,NULL,0,0,1,1,N,N,55,NULL,98,9801,NULL,,Y,37.56661,37,33.997,NULL,-82.46587,82,27.952,NULL,N,NULL,NULL,NULL,NULL,NULL,NULL,NULL,NULL,9,3,2,3,1,1,2,2,7,3,N,NULL,N,N,915,950,950,Y,NULL,44,7,0,N,,N,N,098-KY-0194-0,NULL,NULL,2019,O,7.24259E+11,098-KY-0194  -000,HIGH,098-KY-0194  -000,16.067,0,0,0,0,0,0,0,0,0,0,0,1,0
72421763,980500,2019AR065,20191016,1845,,,MAYO,N,TRL,US0023,US0023,0,098 US-23-10,US0023,N,N,NULL,NULL,NULL,N,NULL,NULL,NULL,NULL,NULL,NULL,27.929,NULL,NULL,NULL,NULL,,NULL,0,0,2,2,N,N,55,NULL,98,9807,NULL,,Y,37.51413,37,30.848,NULL,-82.55744,82,33.447,NULL,N,NULL,NULL,NULL,NULL,NULL,NULL,NULL,NULL,8,3,6,6,1,1,2,5,7,3,N,NULL,Y,N,1850,1852,,N,NULL,53,,1,N,,N,N,098-US-0023-10,NULL,NULL,2019,O,7.24218E+11,098-US-0023  -010,HIGH,098-US-0023  -000,27.929,0,0,0,0,0,0,1,0,0,0,0,1,0
72455439,KSP0900,19-49950,20191223,1800,,,DORTON-JENKINS,,HWY,KY0805,KY0805,0,098 KY-805,KY0805,N,N,NULL,NULL,NULL,N,NULL,NULL,NULL,NULL,NULL,NULL,4.232,NULL,NULL,NULL,NULL,,NULL,3,0,2,2,N,N,55,NULL,98,9809,NULL,,Y,37.24846,37,14.908,NULL,-82.56336,82,33.802,NULL,N,NULL,NULL,NULL,NULL,NULL,NULL,NULL,NULL,5,3,2,4,1,1,2,6,7,3,Y,NULL,Y,Y,1807,1818,1952,N,NULL,49,7,0,N,,N,N,098-KY-0805-0,NULL,NULL,2019,B,7.24554E+11,098-KY-0805  -000,HIGH,098-KY-0805  -000,4.232,0,0,0,0,0,0,1,0,0,0,0,0,0
72387448,KSP0900,2019-28426,20190725,2146,,,US460,,,US0460,US0460,0,098 US-460,US0460,N,N,NULL,NULL,NULL,N,NULL,NULL,NULL,NULL,NULL,NULL,12.287,NULL,NULL,NULL,NULL,,NULL,1,1,2,2,N,N,55,NULL,98,9802,NULL,,Y,37.34657,37,20.794,NULL,-82.39362,82,23.617,NULL,N,NULL,NULL,NULL,NULL,NULL,NULL,NULL,NULL,2,2,2,6,1,1,2,6,7,3,Y,NULL,Y,Y,2151,2157,1205,N,NULL,56,,1,N,,N,N,098-US-0460-0,NULL,NULL,2019,K,7.23874E+11,098-US-0460  -000,HIGH,098-US-0460  -000,12.287,0,0,0,0,0,0,0,0,0,0,0,0,0
72374017,980100,2.019E+11,20190701,1144,,,BYPASS,S,RD,KY1426,KY1426,,,,Y,N,NULL,NULL,NULL,N,NULL,NULL,NULL,NULL,NULL,NULL,6.273,NULL,NULL,NULL,NULL,,NULL,0,0,2,2,N,N,NULL,NULL,98,9801,NULL,,Y,37.47861,37,28.716,NULL,-82.51537,82,30.922,NULL,N,NULL,NULL,NULL,NULL,NULL,NULL,NULL,NULL,2,97,NULL,6,1,1,2,2,1,3,N,NULL,Y,N,1144,1149,1149,N,NULL,90,,0,N,,N,N,,NULL,NULL,2019,O,7.2374E+11,098-KY-1426  -000,HIGH,098-KY-1426  -000,6.273,0,0,0,1,0,0,1,0,0,0,0,0,0
72389123,980100,2.019E+11,20190805,1730,,,US460,,,US0460,US0460,0,098 US-460,US0460,Y,N,NULL,NULL,NULL,N,NULL,NULL,NULL,NULL,NULL,NULL,0.143,NULL,NULL,NULL,NULL,,NULL,0,0,2,2,N,N,15,NULL,98,9801,NULL,,Y,37.44043,37,26.426,NULL,-82.50893,82,30.536,NULL,N,NULL,NULL,NULL,NULL,NULL,NULL,NULL,NULL,1,97,2,6,1,1,2,2,1,3,N,NULL,Y,N,1730,1736,,N,NULL,90,,1,N,,N,N,098-US-0460-0,NULL,NULL,2019,O,7.23891E+11,098-US-0460  -000,HIGH,098-US-0460  -000,0.143,0,0,0,0,0,0,1,1,0,0,0,0,0
72407138,KSP0900,19-35975,20190914,1650,,,VIRGIE,,RD,KY0610,KY0610,0,098 KY-610,KY0610,Y,N,NULL,NULL,NULL,N,NULL,NULL,NULL,NULL,NULL,NULL,8.24,NULL,NULL,NULL,NULL,,NULL,1,0,1,1,N,N,35,NULL,98,9827,NULL,,Y,37.34073,37,20.444,NULL,-82.59027,82,35.416,NULL,N,NULL,NULL,NULL,NULL,NULL,NULL,NULL,NULL,9,97,2,6,1,1,2,2,1,3,Y,NULL,N,Y,1645,1650,,Y,NULL,90,7,0,N,,N,N,098-KY-0610-0,NULL,NULL,2019,C,7.24071E+11,098-KY-0610  -000,HIGH,098-KY-0610  -000,8.24,0,0,0,0,0,0,0,0,0,0,0,0,0
72414153,980100,2.019E+11,20190924,1225,,,KY3496,,,KY3496,KY3496,0,098 KY-3496,KY3496,N,N,NULL,NULL,NULL,N,NULL,NULL,NULL,NULL,NULL,NULL,0.791,NULL,NULL,NULL,NULL,,NULL,0,0,2,2,N,N,35,NULL,98,9801,NULL,,Y,37.4721,37,28.326,NULL,-82.52964,82,31.778,NULL,N,NULL,NULL,NULL,NULL,NULL,NULL,NULL,NULL,1,3,2,6,1,1,2,2,1,3,N,NULL,Y,N,1225,1233,1241,N,NULL,55,16,0,N,,N,N,098-KY-3496-0,NULL,NULL,2019,O,7.24142E+11,098-KY-3496  -000,HIGH,098-KY-3496  -000,0.791,0,0,0,1,0,0,1,0,0,0,0,0,0
72391828,980100,2.019E+11,20190811,1228,,254,CASSIDY,,BLVD,,,0,098 CS-1191,CS1191,Y,N,NULL,NULL,NULL,N,NULL,NULL,NULL,NULL,NULL,NULL,0.269,NULL,NULL,NULL,NULL,,NULL,0,0,2,2,N,N,15,NULL,98,9801,NULL,,Y,37.50467,37,30.28,NULL,-82.53625,82,32.175,NULL,N,NULL,NULL,NULL,NULL,NULL,NULL,NULL,NULL,2,97,NULL,6,1,1,2,2,5,3,N,NULL,Y,N,1230,1238,1238,N,NULL,90,,,N,,N,N,098-CS-1191-0,NULL,NULL,2019,O,7.23918E+11,098-CS-1191  -000,HIGH,098-CS-1191  -000,0.269,0,0,0,1,0,0,1,0,0,0,0,0,0
72406918,KSP0900,19-35170,20190909,1529,,,US23,,,US0023,US0023,0,098 US-23-10,US0023,N,N,NULL,NULL,NULL,N,NULL,NULL,NULL,NULL,NULL,NULL,0.005,NULL,NULL,NULL,NULL,,NULL,0,0,1,1,N,N,55,NULL,98,9824,NULL,,Y,37.24057,37,14.434,NULL,-82.6218,82,37.308,NULL,N,NULL,NULL,NULL,NULL,NULL,NULL,NULL,NULL,9,5,4,5,1,1,2,2,7,3,N,NULL,Y,N,1530,1538,1538,N,NULL,40,,1,N,,N,N,098-US-0023-10,NULL,NULL,2019,O,7.24069E+11,098-US-0023  -010,HIGH,098-US-0023  -000,0.005,0,0,0,0,0,0,0,0,0,0,0,1,0
72383061,KSP0900,19-27606,20190720,1349,,11341,KY1056,,,KY1056,KY1056,0,098 KY-1056,KY1056,Y,N,NULL,NULL,NULL,N,NULL,NULL,NULL,NULL,NULL,NULL,11.328,NULL,NULL,NULL,NULL,,NULL,0,0,2,2,Y,N,35,NULL,98,9863,NULL,,Y,37.61768,37,37.061,NULL,-82.166,82,9.96,NULL,N,NULL,NULL,NULL,NULL,NULL,NULL,NULL,NULL,1,7,2,6,1,1,2,2,1,3,N,NULL,Y,N,1349,1400,1400,N,NULL,90,7,0,N,,N,N,098-KY-1056-0,NULL,NULL,2019,O,7.23831E+11,098-KY-1056  -000,HIGH,098-KY-1056  -000,11.328,0,0,0,1,0,0,0,0,0,0,0,0,0
72403340,980100,2.019E+11,20190905,1456,,565,CUMBERLAND,,CT,,,0,098 CS-1111,CS1111,Y,N,NULL,NULL,NULL,N,NULL,NULL,NULL,NULL,NULL,NULL,0.045,NULL,NULL,NULL,NULL,,NULL,0,0,2,2,N,N,25,NULL,98,9801,NULL,,Y,37.47658,37,28.595,NULL,-82.51892,82,31.135,NULL,N,NULL,NULL,NULL,NULL,NULL,NULL,NULL,NULL,2,97,NULL,6,1,1,2,2,8,3,N,NULL,Y,N,1456,1457,1500,N,NULL,90,,,N,,N,N,098-CS-1111-0,NULL,NULL,2019,O,7.24033E+11,098-CS-1111  -000,HIGH,098-CS-1111  -000,0.045,0,0,1,0,0,0,1,0,0,0,0,0,0
72389644,980100,2.019E+11,20190802,1620,,2138,MAYO,S,TRL,,,,,,Y,N,NULL,NULL,NULL,N,NULL,NULL,NULL,NULL,NULL,NULL,NULL,NULL,NULL,NULL,NULL,,NULL,0,0,2,2,N,N,15,NULL,98,9801,NULL,,Y,37.44001,37,26.401,NULL,-82.50916,82,30.55,NULL,N,NULL,NULL,NULL,NULL,NULL,NULL,NULL,NULL,2,97,NULL,6,1,1,2,2,1,3,N,NULL,Y,N,1621,1637,,N,NULL,90,,,N,,N,N,,NULL,NULL,2019,O,7.23896E+11,098-US-0460  -000,MEDIUM,098-US-0460  -000,0.18,0,0,0,1,0,0,1,0,0,0,0,0,0
72438560,KSP0900,19-45420,20191118,2124,,,KY1373,,,KY1373,KY1373,0,098 KY-1373,KY1373,N,N,NULL,NULL,NULL,N,NULL,NULL,NULL,NULL,NULL,NULL,6.715,NULL,NULL,NULL,NULL,,NULL,0,0,1,1,N,N,55,NULL,98,9876,NULL,,Y,37.37232,37,22.339,NULL,-82.29702,82,17.821,NULL,N,NULL,NULL,NULL,NULL,NULL,NULL,NULL,NULL,9,5,2,1,1,1,2,4,6,3,N,NULL,Y,N,2129,2157,,Y,NULL,40,8,0,N,,N,N,098-KY-1373-0,NULL,NULL,2019,O,7.24386E+11,098-KY-1373  -000,HIGH,098-KY-1373  -000,6.715,0,0,0,0,0,0,0,0,0,0,0,1,0
72430496,980100,2.019E+11,20191031,1437,,911,BYPASS,,RD,,,,,,Y,N,NULL,NULL,NULL,N,NULL,NULL,NULL,NULL,NULL,NULL,NULL,NULL,NULL,NULL,NULL,,NULL,0,0,2,2,N,N,15,NULL,98,9801,NULL,,Y,37.47195,37,28.317,NULL,-82.52269,82,31.361,NULL,N,NULL,NULL,NULL,NULL,NULL,NULL,NULL,NULL,8,97,1,6,1,5,6,2,1,3,N,NULL,Y,N,1437,1442,1442,N,NULL,90,,,N,,N,N,,NULL,NULL,2019,O,7.24305E+11,098-CS-1223  -000,MEDIUM,098-CS-1223  -000,0.053,0,0,0,0,0,0,0,0,0,0,0,0,0
72378948,980100,2.019E+12,20190712,929,,,US23,,,US0023,US0023,0,098 US-23-10,US0023,N,N,NULL,NULL,NULL,N,NULL,NULL,NULL,NULL,NULL,NULL,22.947,NULL,NULL,NULL,NULL,,NULL,1,0,2,2,N,N,55,NULL,98,9801,NULL,,Y,37.46539,37,27.923,NULL,-82.52607,82,31.564,NULL,N,NULL,NULL,NULL,NULL,NULL,NULL,NULL,NULL,1,3,4,6,1,1,2,2,1,3,N,NULL,Y,Y,930,933,958,N,NULL,55,,1,N,,N,N,098-US-0023-10,NULL,NULL,2019,B,7.23789E+11,098-US-0023  -010,HIGH,098-US-0023  -000,22.947,0,0,0,0,0,0,0,0,0,0,0,0,0
72401645,980100,2.019E+11,20190902,,,,POPLAR,,ST,,,0,098 CS-1160,CS1160,Y,N,NULL,NULL,NULL,N,NULL,NULL,NULL,NULL,NULL,NULL,NULL,NULL,NULL,NULL,NULL,NULL,NULL,0,0,2,2,Y,N,NULL,NULL,98,9801,NULL,,Y,37.48057,37,28.834,NULL,-82.52183,82,31.31,NULL,N,NULL,NULL,NULL,NULL,NULL,NULL,NULL,NULL,8,97,NULL,NULL,3,1,2,2,1,3,N,NULL,Y,N,1219,1230,1231,N,NULL,90,,,N,,N,N,098-CS-1160-0,NULL,NULL,2019,NULL,7.24016E+11,098-CS-1160  -000,HIGH,098-CS-1160  -000,0.14,0,0,0,0,0,0,0,0,0,0,0,0,0
72410509,980100,2.019E+11,20190919,945,,,KY3495,,,KY3495,KY3495,,,,Y,N,NULL,NULL,NULL,N,NULL,NULL,NULL,NULL,NULL,NULL,0.391,NULL,NULL,NULL,NULL,,NULL,0,0,2,2,N,N,15,NULL,98,9801,NULL,,Y,37.49047,37,29.428,NULL,-82.53789,82,32.273,NULL,N,NULL,NULL,NULL,NULL,NULL,NULL,NULL,NULL,1,97,1,6,1,1,2,2,1,3,N,NULL,Y,N,946,950,950,N,NULL,90,17,0,Y,,N,N,,NULL,NULL,2019,O,7.24105E+11,098-KY-3495  -000,HIGH,098-KY-3495  -000,0.391,0,0,0,1,0,0,1,0,0,0,0,0,0
72426088,980100,2.019E+11,20191025,1651,,116,LEE,,AVE,,,,,,Y,N,NULL,NULL,NULL,N,NULL,NULL,NULL,NULL,NULL,NULL,NULL,NULL,NULL,NULL,NULL,NULL,NULL,0,0,2,2,N,N,15,NULL,98,9801,NULL,,Y,37.50201,37,30.12,NULL,-82.53545,82,32.127,NULL,N,NULL,NULL,NULL,NULL,NULL,NULL,NULL,NULL,8,97,NULL,6,1,5,6,2,1,3,N,NULL,Y,N,1651,1702,,N,NULL,90,,,N,,N,N,,NULL,NULL,2019,O,7.24261E+11,098-CS-1215  -000,MEDIUM,098-CS-1215  -000,1.024,0,0,0,0,0,0,0,0,0,0,0,0,0
72386420,KSP0900,19-29055,20190730,1535,,,KY194,,,KY0194,KY0194,0,098 KY-194,KY0194,N,N,NULL,NULL,NULL,N,NULL,NULL,NULL,NULL,NULL,NULL,71.83,NULL,NULL,NULL,NULL,,NULL,1,0,1,1,N,N,35,NULL,98,9870,NULL,,Y,37.48112,37,28.867,NULL,-82.05992,82,3.595,NULL,N,NULL,NULL,NULL,NULL,NULL,NULL,NULL,NULL,9,3,2,6,1,1,3,2,7,3,Y,NULL,Y,Y,1529,1534,1614,N,NULL,44,7,0,N,,N,N,098-KY-0194-0,NULL,NULL,2019,B,7.23864E+11,098-KY-0194  -000,HIGH,098-KY-0194  -000,71.83,0,0,0,0,0,0,0,0,0,0,0,1,0