MasterFile,AgencyORINumber,LocalCode,CollisionDate,CollisionTime,CollisionDayWeekCode,RoadwayName_HouseBusinessNumber_,RoadwayName_RoadwayName_,RoadwayName_Direction_,RoadwayName_RoadwaySuffix_,RoadwayfromReport,CurrentRoadwayNumber,RoadwayNumberCoupletID,RSEUniqueGIS,RoadwayIdentifier,ParkingLotIndicator,IntersectionWith_Indicator_,IntersectionWith_NameRoadway_,IntersectionWith_Direction_,IntersectionWith_RoadwaySuffix_,BetweenStreets_Indicator_,BetweenStreets1_NameRoadway_,BetweenStreet1_Direction_,BetweenStreets1_RoadwaySuffix_,BetweenStreets2_NameRoadway_,BetweenStreets2_Direction_,BetweenStreets2_RoadwaySuffix_,Milepoint,ReportMilepointDeriveNumber,CurrentDerivedMiepointNumber,MilestoMilepoint,FeettoMilepoint,DirectionfromMilepoint_NSEW_,ValidMilepointIndicator,NumberInjured,NumberKilled,ofUnits,ofMotorVehicleUnits,Hit&RunIndicator,OneWayIndicator,SpeedLimitNumber,KilometersIndicator,CountyCode,CityCountyCode,MilesFromCity,DirectionFromCity_NSEW_,InCityLimitsIndicator,Latitude,LatitudeDegrees,LatitudeMinutes,LatitudeSeconds,Longitude,LongitudeDegrees,LongitudeMinutes,LongitudeSeconds,RampIndicator,RampFromIdentifier,RampFromDirCode,RampFromCoupletID,RSEUniqueGISRampFrom,RampToidentifier,RampToDirCode,RampToCoupletID,RSEUniqueGisRampTo,MannerofCollisionCode,LocationFirstEventCode,TotalLanes,RoadwayCharacterCode,RoadwaySurfaceCode,RoadwayConditionCode,WeatherCode,LightConditionCode,LandUseCode,SchoolBusRelatedCode,FirstAidSceneIndicator,CollDescPresentInd,InvestigationCompleteIndicator,PhotosTakenIndicator,TimeNotified,TimeArrived,TimeRoadwayOpened,PropertyDamageIndicator,DiagramPresentIndicator,DirectionalAnalysis,FunctionClassCode,NationalHwySysCode,EnforcementsIndicator,KARSCityCode,SecondaryCollisionIndicator,MedianCrossoverIndicator,RT_UNIQUE,MapIt,TimeLastLeft,YR,KABCO,MFNY,WorkingRID,RT_CONFIDENCE,KTC_RT,KTC_MP,Motorcyclist,CommercialVehicle,YoungDriver,MatureDriver,pedestrian,Bicyclist,Distracted,agressive,Impaired,Unrestrained,Intersection,RoadwayDeparture,MedXover
72393493,KSP0900,19-31145,20190813,716,,,STONE COAL CREEK,,RD,KY3227,KY3227,0,098 KY-3227,KY3227,N,N,NULL,NULL,NULL,N,NULL,NULL,NULL,NULL,NULL,NULL,2.679,NULL,NULL,NULL,NULL,,NULL,1,0,2,2,N,N,35,NULL,98,9801,2.5,N,N,37.53371,37,32.022,NULL,-82.52175,82,31.305,NULL,N,NULL,NULL,NULL,NULL,NULL,NULL,NULL,NULL,3,3,1,1,1,1,2,2,7,3,Y,NULL,Y,Y,718,724,800,N,NULL,52,8,0,N,,N,N,098-KY-3227-0,NULL,NULL,2019,C,7.23935E+11,098-KY-3227  -000,HIGH,098-KY-3227  -000,2.679,0,0,1,0,0,0,1,1,0,0,0,1,0
72464219,KSP0900,20-843,20200107,755,,,FERRELLS CREEK,,RD,US0460,US0460,0,098 US-460,US0460,N,N,NULL,NULL,NULL,N,NULL,NULL,NULL,NULL,NULL,NULL,16.681,NULL,NULL,NULL,NULL,,NULL,0,0,2,2,N,N,55,NULL,98,9874,NULL,,Y,37.35513,37,21.308,NULL,-82.33628,82,20.177,NULL,N,NULL,NULL,NULL,NULL,NULL,NULL,NULL,NULL,1,3,3,1,1,4,9,2,7,3,N,NULL,Y,N,800,840,945,N,NULL,55,,1,N,,N,N,098-US-0460-0,NULL,NULL,2020,O,7.24642E+11,098-US-0460  -000,HIGH,098-US-0460  -000,16.681,0,0,0,0,0,0,0,0,0,0,0,0,0
72425879,980100,2.019E+11,20191024,1309,,,KY3496,,,KY3496,KY3496,0,098 KY-3496,KY3496,Y,N,NULL,NULL,NULL,N,NULL,NULL,NULL,NULL,NULL,NULL,0.784,NULL,NULL,NULL,NULL,,NULL,0,0,2,2,N,N,NULL,NULL,98,9801,NULL,,Y,37.47203,37,28.322,NULL,-82.52937,82,31.762,NULL,N,NULL,NULL,NULL,NULL,NULL,NULL,NULL,NULL,2,97,1,6,1,1,2,2,1,3,N,NULL,Y,N,1309,1312,1312,N,NULL,90,16,0,N,,N,N,098-KY-3496-0,NULL,NULL,2019,O,7.24259E+11,098-KY-3496  -000,HIGH,098-KY-3496  -000,0.784,0,0,0,0,0,0,1,0,0,0,0,0,0
72420447,980100,2.019E+11,20191014,806,,,KY3495,,,KY3495,KY3495,0,098 KY-3495,KY3495,N,N,NULL,NULL,NULL,N,NULL,NULL,NULL,NULL,NULL,NULL,NULL,NULL,NULL,NULL,NULL,,NULL,0,0,2,2,N,N,35,NULL,98,9801,NULL,,Y,37.4864,37,29.184,NULL,-82.5429,82,32.574,NULL,N,NULL,NULL,NULL,NULL,NULL,NULL,NULL,NULL,1,3,2,1,1,1,2,2,1,3,N,NULL,Y,N,806,812,,N,NULL,55,17,0,N,,N,N,098-KY-3495-0,NULL,NULL,2019,O,7.24204E+11,098-KY-3495  -000,HIGH,098-KY-3495  -000,0,0,0,1,0,0,0,1,1,0,0,0,0,0
72408825,KSP0900,19-35033,20190908,1545,,,GREASY,,CRK,KY3226,KY3226,0,098 KY-3226,KY3226,N,N,NULL,NULL,NULL,N,NULL,NULL,NULL,NULL,NULL,NULL,3.292,NULL,NULL,NULL,NULL,,NULL,0,0,2,2,N,N,55,NULL,98,9824,NULL,,Y,37.41778,37,25.067,NULL,-82.45761,82,27.457,NULL,N,NULL,NULL,NULL,NULL,NULL,NULL,NULL,NULL,5,3,2,6,1,1,2,2,7,3,N,NULL,N,N,1545,1556,,N,NULL,49,8,0,N,,N,N,098-KY-3226-0,NULL,NULL,2019,O,7.24088E+11,098-KY-3226  -000,HIGH,098-KY-3226  -000,3.292,0,0,0,0,0,0,1,0,0,0,0,0,0
72386823,KSP0900,19-29172,20190731,1103,,,RIVER,,DR,,,0,098 CR-1590C,CR1590C,N,N,NULL,NULL,NULL,N,NULL,NULL,NULL,NULL,NULL,NULL,0.191,NULL,NULL,NULL,NULL,,NULL,0,0,2,2,N,N,25,NULL,98,9863,NULL,,Y,37.62104,37,37.263,NULL,-82.1669,82,10.014,NULL,N,NULL,NULL,NULL,NULL,NULL,NULL,NULL,NULL,7,3,1,3,1,1,2,2,7,3,N,NULL,N,N,1103,1126,1126,N,NULL,54,,,N,,N,N,098-CR-1590C-0,NULL,NULL,2019,O,7.23868E+11,098-CR-1590C -000,HIGH,098-CR-1590C -000,0.191,0,0,0,0,0,0,1,0,0,0,0,1,0
72427359,KSP0900,19-41509,20191022,900,,,KY1056,,,KY1056,KY1056,0,098 KY-1056,KY1056,N,N,NULL,NULL,NULL,N,NULL,NULL,NULL,NULL,NULL,NULL,6.414,NULL,NULL,NULL,NULL,,NULL,2,0,1,1,N,N,55,NULL,98,9863,NULL,,Y,37.56853,37,34.112,NULL,-82.18766,82,11.26,NULL,N,NULL,NULL,NULL,NULL,NULL,NULL,NULL,NULL,9,3,2,3,1,5,6,2,4,3,Y,NULL,Y,N,900,920,920,N,NULL,44,7,0,N,,N,N,098-KY-1056-0,NULL,NULL,2019,C,7.24274E+11,098-KY-1056  -000,HIGH,098-KY-1056  -000,6.414,0,0,0,0,0,0,0,1,0,0,0,1,0
72398906,980100,2.019E+11,20190821,1231,,,FOOD CITY PARKING LOT,,,,,,,,Y,N,NULL,NULL,NULL,N,NULL,NULL,NULL,NULL,NULL,NULL,NULL,NULL,NULL,NULL,NULL,NULL,NULL,0,0,2,2,N,N,NULL,NULL,98,9801,NULL,,Y,37.5043,37,30.258,NULL,-82.53716,82,32.229,NULL,N,NULL,NULL,NULL,NULL,NULL,NULL,NULL,NULL,2,97,NULL,6,1,1,2,2,1,3,N,NULL,Y,N,1231,1246,1246,N,NULL,90,,,N,,N,N,,NULL,NULL,2019,O,7.23989E+11,098-CS-1191  -000,MEDIUM,098-CS-1191  -000,0.276,0,0,0,1,0,0,1,0,0,0,0,0,0
72394486,980100,2.019E+12,20190817,1114,,,CASSIDY,,BLVD,,,0,098 CS-1191,CS1191,N,N,NULL,NULL,NULL,N,NULL,NULL,NULL,NULL,NULL,NULL,NULL,NULL,NULL,NULL,NULL,NULL,NULL,0,0,2,2,N,N,25,NULL,98,9801,NULL,,Y,37.5041,37,30.246,NULL,-82.5353,82,32.118,NULL,N,NULL,NULL,NULL,NULL,NULL,NULL,NULL,NULL,8,3,4,6,1,1,2,2,1,3,N,NULL,Y,N,1114,1122,1122,N,NULL,53,,,N,,N,N,098-CS-1191-0,NULL,NULL,2019,O,7.23945E+11,098-CS-1191  -000,HIGH,098-CS-1191  -000,0.186,0,0,0,1,0,0,0,0,0,0,0,1,0
72400458,KSP0900,19-33574,20190829,1300,,,KY3174,,,KY3174,KY3174,0,098 KY-3174,KY3174,N,N,NULL,NULL,NULL,N,NULL,NULL,NULL,NULL,NULL,NULL,0.922,NULL,NULL,NULL,NULL,,NULL,0,0,1,1,N,N,55,NULL,98,9823,NULL,,Y,37.39003,37,23.402,NULL,-82.51588,82,30.953,NULL,N,NULL,NULL,NULL,NULL,NULL,NULL,NULL,NULL,9,3,4,1,1,1,2,2,7,3,N,NULL,Y,Y,1300,1310,,N,NULL,44,,0,N,,N,N,098-KY-3174-0,NULL,NULL,2019,O,7.24005E+11,098-KY-3174  -000,HIGH,098-KY-3174  -000,0.922,0,0,0,1,0,0,0,0,0,0,0,1,0
72424779,KSP0900,19-41615,20191022,2246,,,WOODMAN SUMMER,,RD,,,0,098 CR-1873,CR1873,N,N,NULL,NULL,NULL,N,NULL,NULL,NULL,NULL,NULL,NULL,0.564,NULL,NULL,NULL,NULL,,NULL,0,0,1,1,N,N,35,NULL,98,9855,NULL,,Y,37.53489,37,32.093,NULL,-82.05112,82,3.067,NULL,N,NULL,NULL,NULL,NULL,NULL,NULL,NULL,NULL,9,5,1,6,1,1,2,6,7,3,N,NULL,Y,N,2247,2344,2345,N,NULL,51,,,N,,N,N,098-CR-1873-0,NULL,NULL,2019,O,7.24248E+11,098-CR-1873  -000,HIGH,098-CR-1873  -000,0.564,0,0,0,0,0,0,0,0,0,0,0,1,0
72406876,KSP0900,19-35539,20190911,1701,,,TAYLOR,,FRK,,,0,098 CR-1017,CR1017,N,N,NULL,NULL,NULL,N,NULL,NULL,NULL,NULL,NULL,NULL,0.1,NULL,NULL,NULL,NULL,,NULL,0,0,1,1,N,N,25,NULL,98,9826,NULL,,Y,37.67107,37,40.265,NULL,-82.30894,82,18.537,NULL,N,NULL,NULL,NULL,NULL,NULL,NULL,NULL,NULL,9,5,1,6,1,1,2,2,7,3,N,NULL,Y,N,1701,1721,1702,Y,NULL,51,,,N,,N,N,098-CR-1017-0,NULL,NULL,2019,O,7.24069E+11,098-CR-1017  -000,HIGH,098-CR-1017  -000,0.1,0,0,0,0,0,0,1,0,0,0,0,1,0
72379546,980100,2.019E+11,20190709,147,,,BOB AMOS,,DR,,,,,,Y,N,NULL,NULL,NULL,N,NULL,NULL,NULL,NULL,NULL,NULL,0.52,NULL,NULL,NULL,NULL,,NULL,0,0,1,1,N,N,15,NULL,98,9801,NULL,,Y,37.47245,37,28.347,NULL,-82.54067,82,32.441,NULL,N,NULL,NULL,NULL,NULL,NULL,NULL,NULL,NULL,9,97,1,1,1,1,2,6,7,3,N,NULL,Y,N,147,147,147,Y,NULL,90,,,N,,N,N,,NULL,NULL,2019,O,7.23795E+11,098-CS-1025  -000,HIGH,098-CS-1025  -000,0.52,0,0,0,0,0,0,1,0,0,0,0,1,0
72370530,KSP0900,19-23095,20190621,1610,,,US119,,,US0119,US0119,0,098 US-119,US0119,N,N,NULL,NULL,NULL,N,NULL,NULL,NULL,NULL,NULL,NULL,25.481,NULL,NULL,NULL,NULL,,NULL,1,0,2,2,N,N,55,NULL,98,9834,NULL,,Y,37.67405,37,40.443,NULL,-82.28192,82,16.915,NULL,N,NULL,NULL,NULL,NULL,NULL,NULL,NULL,NULL,5,3,4,6,1,1,2,2,7,3,Y,NULL,Y,Y,1616,1623,1634,N,NULL,49,2,1,N,,N,N,098-US-0119-0,NULL,NULL,2019,C,7.23705E+11,098-US-0119  -000,HIGH,098-US-0119  -000,25.481,0,0,0,0,0,0,1,0,0,0,0,0,0
72441925,980100,2.019E+11,20191125,855,,,HAROLDS BRANCH,,RD,,,0,098 CS-1223,CS1223,Y,N,NULL,NULL,NULL,N,NULL,NULL,NULL,NULL,NULL,NULL,0.021,NULL,NULL,NULL,NULL,,NULL,0,0,2,2,N,N,15,NULL,98,9801,NULL,,Y,37.47253,37,28.352,NULL,-82.52258,82,31.354,NULL,N,NULL,NULL,NULL,NULL,NULL,NULL,NULL,NULL,5,97,NULL,6,1,1,2,2,1,3,N,NULL,Y,N,855,915,915,N,NULL,90,,,N,,N,N,098-CS-1223-0,NULL,NULL,2019,O,7.24419E+11,098-CS-1223  -000,HIGH,098-CS-1223  -000,0.021,0,0,0,1,0,0,1,0,0,0,0,0,0
72431306,KSP0900,19-42842,20191031,1100,,,KY632,,,KY0632,KY0632,0,098 KY-632,KY0632,N,N,NULL,NULL,NULL,N,NULL,NULL,NULL,NULL,NULL,NULL,3.014,NULL,NULL,NULL,NULL,,NULL,0,0,1,1,N,N,55,NULL,98,9817,NULL,,Y,37.48475,37,29.085,NULL,-82.30721,82,18.432,NULL,N,NULL,NULL,NULL,NULL,NULL,NULL,NULL,NULL,9,6,2,3,1,5,6,2,7,3,N,NULL,Y,N,1110,1145,1110,N,NULL,40,6,0,N,,N,N,098-KY-0632-0,NULL,NULL,2019,O,7.24313E+11,098-KY-0632  -000,HIGH,098-KY-0632  -000,3.014,0,0,0,0,0,0,0,0,0,0,0,1,0
72435098,KSP0900,19-44466,20191111,2026,,,MALL,,RD,,,0,098 CR-1037,CR1037,N,N,NULL,NULL,NULL,N,NULL,NULL,NULL,NULL,NULL,NULL,0.419,NULL,NULL,NULL,NULL,,NULL,0,0,1,1,N,N,35,NULL,98,9834,NULL,,Y,37.65641,37,39.384,NULL,-82.271,82,16.26,NULL,N,NULL,NULL,NULL,NULL,NULL,NULL,NULL,NULL,9,5,2,4,1,5,6,5,7,3,N,NULL,Y,N,2029,2034,2034,N,NULL,44,,,N,,N,N,098-CR-1037-0,NULL,NULL,2019,O,7.24351E+11,098-CR-1037  -000,HIGH,098-CR-1037  -000,0.419,0,0,1,0,0,0,0,1,0,0,0,1,0
72381832,980100,2.019E+11,20190718,1633,,911,BYPASS RD,,RD,,,0,098 CS-1223,CS1223,Y,N,NULL,NULL,NULL,N,NULL,NULL,NULL,NULL,NULL,NULL,NULL,NULL,NULL,NULL,NULL,NULL,NULL,0,0,2,2,Y,N,NULL,NULL,98,9801,NULL,,Y,37.47128,37,28.277,NULL,-82.52117,82,31.27,NULL,N,NULL,NULL,NULL,NULL,NULL,NULL,NULL,NULL,8,97,1,6,2,1,2,2,1,3,N,NULL,Y,N,1633,1641,1641,N,NULL,90,,,N,,N,N,098-CS-1223-0,NULL,NULL,2019,NULL,7.23818E+11,098-CS-1223  -000,HIGH,098-CS-1223  -000,0.135,0,0,0,0,0,0,0,0,0,0,0,0,0
72368188,980100,2.019E+11,20190611,1619,,254,CASSIDY,,BLVD,,,,,,Y,N,NULL,NULL,NULL,N,NULL,NULL,NULL,NULL,NULL,NULL,0.356,NULL,NULL,NULL,NULL,,NULL,1,0,2,1,N,N,NULL,NULL,98,9801,NULL,,Y,37.50506,37,30.303,NULL,-82.53791,82,32.275,NULL,N,NULL,NULL,NULL,NULL,NULL,NULL,NULL,NULL,9,97,NULL,6,1,1,2,2,1,3,Y,NULL,Y,N,1620,1627,1645,N,NULL,90,,,N,,N,N,,NULL,NULL,2019,C,7.23682E+11,098-CS-1191  -000,HIGH,098-CS-1191  -000,0.356,0,0,0,1,1,0,0,0,0,0,0,0,0
72374104,980100,2.019E+11,20190627,2229,,,CASSIDY,,BLVD,,,0,098 CS-1191,CS1191,N,N,NULL,NULL,NULL,N,NULL,NULL,NULL,NULL,NULL,NULL,0.069,NULL,NULL,NULL,NULL,,NULL,0,0,1,1,N,N,35,NULL,98,9801,NULL,,Y,37.50365,37,30.219,NULL,-82.53326,82,31.995,NULL,N,NULL,NULL,NULL,NULL,NULL,NULL,NULL,NULL,9,3,2,6,1,1,2,4,1,3,N,NULL,Y,N,2231,2237,,N,NULL,38,,,N,,N,N,098-CS-1191-0,NULL,NULL,2019,O,7.23741E+11,098-CS-1191  -000,HIGH,098-CS-1191  -000,0.069,0,0,0,0,0,0,0,0,0,0,0,0,0
72390807,KSP0900,19-29256,20190731,2335,,,KY195,,,KY0195,KY0195,0,098 KY-195,KY0195,N,N,NULL,NULL,NULL,N,NULL,NULL,NULL,NULL,NULL,NULL,9.466,NULL,NULL,NULL,NULL,,NULL,0,0,1,1,N,N,55,NULL,98,9802,NULL,,Y,37.34447,37,20.668,NULL,-82.42198,82,25.319,NULL,N,NULL,NULL,NULL,NULL,NULL,NULL,NULL,NULL,9,3,2,3,1,1,2,6,7,3,N,NULL,Y,N,2335,2353,,N,NULL,44,7,0,N,,N,Y,098-KY-0195-0,NULL,NULL,2019,O,7.23908E+11,098-KY-0195  -000,HIGH,098-KY-0195  -000,9.466,0,0,0,0,0,0,1,0,0,0,0,1,0
72383509,KSP0900,19-27428,20190719,1106,,,KY3174,,,KY3174,KY3174,0,098 KY-3174-322,KY3174,N,N,NULL,NULL,NULL,N,NULL,NULL,NULL,NULL,NULL,NULL,0.044,NULL,NULL,NULL,NULL,,NULL,0,0,1,1,N,N,55,NULL,98,9830,NULL,,Y,37.34367,37,20.62,NULL,-82.43297,82,25.978,NULL,N,NULL,NULL,NULL,NULL,NULL,NULL,NULL,NULL,9,3,2,4,1,1,2,2,7,3,N,NULL,Y,N,1110,1146,,N,NULL,70,,0,N,,N,N,098-KY-3174-322,NULL,NULL,2019,O,7.23835E+11,098-KY-3174  -322,HIGH,098-KY-3174  -322,0.044,0,0,0,0,0,0,0,0,0,0,0,1,0
72414654,980100,2.019E+11,20190930,1658,,,HAMBLEY,,BLVD,,,,,,N,N,NULL,NULL,NULL,N,NULL,NULL,NULL,NULL,NULL,NULL,0.003,NULL,NULL,NULL,NULL,,NULL,1,0,2,2,N,N,35,NULL,98,9801,NULL,,Y,37.47398,37,28.439,NULL,-82.52728,82,31.636,NULL,N,NULL,NULL,NULL,NULL,NULL,NULL,NULL,NULL,4,3,4,6,1,1,2,2,1,3,Y,NULL,Y,Y,1711,1720,1743,N,NULL,70,,,N,,N,N,,NULL,NULL,2019,B,7.24147E+11,098-CS-1222  -000,MEDIUM,098-CS-1222  -000,0.003,0,0,1,0,0,0,1,1,0,0,0,0,0
72437171,KSP0900,19-43880,20191107,1500,,,TOLER,,RD,KY0319,KY0319,0,098 KY-319,KY0319,N,N,NULL,NULL,NULL,N,NULL,NULL,NULL,NULL,NULL,NULL,4.668,NULL,NULL,NULL,NULL,,NULL,0,0,1,1,N,N,35,NULL,98,9842,NULL,,Y,37.61581,37,36.949,NULL,-82.24164,82,14.498,NULL,N,NULL,NULL,NULL,NULL,NULL,NULL,NULL,NULL,9,3,2,3,1,5,6,2,7,3,N,NULL,Y,N,1445,1500,1530,N,NULL,70,7,0,N,,N,N,098-KY-0319-0,NULL,NULL,2019,O,7.24372E+11,098-KY-0319  -000,HIGH,098-KY-0319  -000,4.668,0,0,0,0,0,0,1,0,0,0,0,1,0
72417176,KSP0900,19-39457,20191006,2144,,264,KY611,,,KY0611,KY0611,0,098 KY-611,KY0611,N,N,NULL,NULL,NULL,N,NULL,NULL,NULL,NULL,NULL,NULL,5.254,NULL,NULL,NULL,NULL,,NULL,0,0,2,2,Y,N,55,NULL,98,9801,10,S,N,37.31823,37,19.094,NULL,-82.53672,82,32.203,NULL,N,NULL,NULL,NULL,NULL,NULL,NULL,NULL,NULL,1,97,2,6,1,5,3,4,6,3,N,NULL,Y,N,2144,2225,,N,NULL,47,8,0,N,,N,N,098-KY-0611-0,NULL,NULL,2019,NULL,7.24172E+11,098-KY-0611  -000,HIGH,098-KY-0611  -000,5.254,0,0,0,0,0,0,0,0,0,0,0,1,0
72391411,980100,2.019E+11,20190810,1124,,,THOMPSON,,RD,,,,,,Y,N,NULL,NULL,NULL,N,NULL,NULL,NULL,NULL,NULL,NULL,0.515,NULL,NULL,NULL,NULL,,NULL,0,0,2,2,N,N,NULL,NULL,98,9801,NULL,,Y,37.50597,37,30.358,NULL,-82.5434,82,32.604,NULL,N,NULL,NULL,NULL,NULL,NULL,NULL,NULL,NULL,2,97,2,6,1,1,2,2,1,3,N,NULL,Y,N,1125,1133,,N,NULL,90,,,N,,N,N,,NULL,NULL,2019,O,7.23914E+11,098-CS-1215  -000,HIGH,098-CS-1215  -000,0.515,0,0,0,0,0,0,1,0,0,0,0,0,0
72383571,980100,2.019E+11,20190722,2134,,,US23,,,US0023,US0023,0,098 US-23,US0023,N,N,NULL,NULL,NULL,N,NULL,NULL,NULL,NULL,NULL,NULL,23.021,NULL,NULL,NULL,NULL,,NULL,0,0,1,1,N,N,55,NULL,98,9801,NULL,,Y,37.46567,37,27.94,NULL,-82.52738,82,31.643,NULL,N,NULL,NULL,NULL,NULL,NULL,NULL,NULL,NULL,9,3,4,6,1,5,6,6,7,3,N,NULL,Y,N,2134,2150,2206,N,NULL,38,,1,N,,N,N,098-US-0023-0,NULL,NULL,2019,O,7.23836E+11,098-US-0023  -000,HIGH,098-US-0023  -000,23.021,0,0,0,0,0,0,0,0,0,0,0,0,0
72393952,980000,19-08-002,20190802,715,,1418,FOREST HILLS,,RD,KY0308,KY0308,0,098 KY-308,KY0308,N,N,NULL,NULL,NULL,N,NULL,NULL,NULL,NULL,NULL,NULL,1.27,NULL,NULL,NULL,NULL,,NULL,0,0,2,2,N,N,35,NULL,98,9885,NULL,,Y,37.6404,37,38.424,NULL,-82.28951,82,17.37,NULL,N,NULL,NULL,NULL,NULL,NULL,NULL,NULL,NULL,7,3,1,3,1,1,2,1,6,1,N,NULL,Y,Y,715,733,733,N,NULL,54,8,0,N,,N,N,098-KY-0308-0,NULL,NULL,2019,O,7.2394E+11,098-KY-0308  -000,HIGH,098-KY-0308  -000,1.27,0,0,1,0,0,0,0,0,0,0,0,1,0
72419917,980100,2.019E+11,20191010,1649,,,US23,,,US0023,US0023,0,098 US-23-10,US0023,N,Y,KY3496,,,N,NULL,NULL,NULL,NULL,NULL,NULL,23.055,NULL,NULL,NULL,NULL,,NULL,5,0,2,2,N,N,55,NULL,98,9801,NULL,,Y,37.46583,37,27.95,NULL,-82.52814,82,31.688,NULL,N,NULL,NULL,NULL,NULL,NULL,NULL,NULL,NULL,4,3,4,6,1,1,2,2,1,3,Y,NULL,Y,Y,1650,1655,1736,Y,NULL,16,,1,N,,N,N,098-US-0023-10,NULL,NULL,2019,B,7.24199E+11,098-US-0023  -010,HIGH,098-US-0023  -000,23.055,0,0,0,0,0,0,0,1,0,1,1,0,0
72428270,KSP0900,19-41738,20191023,2136,,,KY632,,,KY0632,KY0632,0,098 KY-632,KY0632,N,N,NULL,NULL,NULL,N,NULL,NULL,NULL,NULL,NULL,NULL,2.792,NULL,NULL,NULL,NULL,,NULL,0,0,2,2,N,N,55,NULL,98,9817,NULL,,Y,37.485,37,29.1,NULL,-82.31138,82,18.683,NULL,N,NULL,NULL,NULL,NULL,NULL,NULL,NULL,NULL,3,3,2,6,1,1,2,6,7,3,N,NULL,Y,N,2143,2210,2245,N,NULL,38,6,0,N,,Y,N,098-KY-0632-0,NULL,NULL,2019,O,7.24283E+11,098-KY-0632  -000,HIGH,098-KY-0632  -000,2.792,0,0,0,0,0,0,0,0,0,0,0,0,0
72412119,KSP0900,19-37577,20190925,1108,,,FORD MOUNTAIN,,RD,,,0,098 CR-1364Q4,CR1364Q4,Y,N,NULL,NULL,NULL,N,NULL,NULL,NULL,NULL,NULL,NULL,0.23,NULL,NULL,NULL,NULL,,NULL,0,0,2,2,N,N,NULL,NULL,98,9801,4,NE,N,37.5682,37,34.092,NULL,-82.45306,82,27.183,NULL,N,NULL,NULL,NULL,NULL,NULL,NULL,NULL,NULL,2,97,NULL,6,2,1,2,2,7,3,N,NULL,Y,N,1108,1145,1145,N,NULL,90,,,N,,N,N,098-CR-1364Q4-0,NULL,NULL,2019,O,7.24121E+11,098-CR-1364Q4-000,HIGH,098-CR-1364Q4-000,0.23,0,1,0,0,0,0,1,0,0,0,0,0,0
72413010,980000,1909013,20190927,1258,,,HWY 319,,,,,,,,N,N,NULL,NULL,NULL,N,NULL,NULL,NULL,NULL,NULL,NULL,NULL,NULL,NULL,NULL,NULL,NULL,NULL,0,0,2,2,N,N,10,NULL,98,9852,3,N,N,37.63965,37,38.379,NULL,-82.25808,82,15.485,NULL,N,NULL,NULL,NULL,NULL,NULL,NULL,NULL,NULL,2,7,2,4,1,1,2,2,1,3,N,NULL,N,N,1326,1330,1355,N,NULL,47,,,N,,N,N,,NULL,NULL,2019,O,7.2413E+11,098-KY-0319  -000,MEDIUM,098-KY-0319  -000,6.907,0,0,0,1,0,0,1,0,0,0,0,0,0
72379280,KSP0900,2019-26498,20190712,2206,,,STONE COAL CREEK,,RD,KY3227,KY3227,0,098 KY-3227,KY3227,N,N,NULL,NULL,NULL,N,NULL,NULL,NULL,NULL,NULL,NULL,0.715,NULL,NULL,NULL,NULL,,NULL,0,0,1,1,N,N,55,NULL,98,9807,NULL,,Y,37.52011,37,31.206,NULL,-82.54342,82,32.605,NULL,N,NULL,NULL,NULL,NULL,NULL,NULL,NULL,NULL,9,3,2,6,1,1,2,7,7,3,Y,NULL,N,Y,2209,2225,2324,N,NULL,40,8,0,N,,N,N,098-KY-3227-0,NULL,NULL,2019,O,7.23793E+11,098-KY-3227  -000,HIGH,098-KY-3227  -000,0.715,0,0,0,0,0,0,0,0,1,1,0,1,0
72379200,980100,2.019E+11,20190713,1530,,831,HAMBLEY,,BLVD,,,0,098 CS-1222,CS1222,Y,N,NULL,NULL,NULL,N,NULL,NULL,NULL,NULL,NULL,NULL,0.45,NULL,NULL,NULL,NULL,,NULL,0,0,2,2,Y,N,NULL,NULL,98,9801,NULL,,Y,37.47784,37,28.671,NULL,-82.52094,82,31.256,NULL,N,NULL,NULL,NULL,NULL,NULL,NULL,NULL,NULL,7,97,1,6,2,1,2,2,1,3,N,NULL,Y,N,1716,1720,1720,N,NULL,90,,,N,,N,N,098-CS-1222-0,NULL,NULL,2019,NULL,7.23792E+11,098-CS-1222  -000,HIGH,098-CS-1222  -000,0.45,0,0,0,0,0,0,0,0,0,0,0,0,0
72419870,980100,2.019E+11,20191010,1740,,,,,,US0023,US0023,,,,N,N,NULL,NULL,NULL,N,NULL,NULL,NULL,NULL,NULL,NULL,0.275,NULL,NULL,NULL,NULL,,NULL,0,0,2,2,N,N,45,NULL,98,9801,NULL,,Y,37.47383,37,28.43,NULL,-82.53441,82,32.065,NULL,Y,KY1426,W,NULL,,US0023,N,NULL,,5,3,1,1,1,1,2,2,1,3,N,NULL,Y,N,1745,1801,,N,NULL,85,,1,N,,N,N,,NULL,NULL,2019,O,7.24199E+11,098-US-0023  -121,HIGH,098-US-0023  -121,0.275,0,0,0,0,0,0,1,1,0,0,0,0,0
72409756,980100,2.019E+11,20190918,1204,,,US23,,,US0023,US0023,0,098 US-23-10,US0023,N,N,NULL,NULL,NULL,N,NULL,NULL,NULL,NULL,NULL,NULL,23.534,NULL,NULL,NULL,NULL,,NULL,0,0,1,1,N,N,55,NULL,98,9801,NULL,,Y,37.47045,37,28.227,NULL,-82.53371,82,32.023,NULL,N,NULL,NULL,NULL,NULL,NULL,NULL,NULL,NULL,9,3,4,6,1,1,2,2,7,3,N,NULL,Y,N,1204,1212,1212,N,NULL,40,,1,N,,N,N,098-US-0023-10,NULL,NULL,2019,O,7.24098E+11,098-US-0023  -010,HIGH,098-US-0023  -000,23.534,0,0,0,1,0,0,0,0,0,0,0,1,0