MasterFile,AgencyORINumber,LocalCode,CollisionDate,CollisionTime,CollisionDayWeekCode,RoadwayName_HouseBusinessNumber_,RoadwayName_RoadwayName_,RoadwayName_Direction_,RoadwayName_RoadwaySuffix_,RoadwayfromReport,CurrentRoadwayNumber,RoadwayNumberCoupletID,RSEUniqueGIS,RoadwayIdentifier,ParkingLotIndicator,IntersectionWith_Indicator_,IntersectionWith_NameRoadway_,IntersectionWith_Direction_,IntersectionWith_RoadwaySuffix_,BetweenStreets_Indicator_,BetweenStreets1_NameRoadway_,BetweenStreet1_Direction_,BetweenStreets1_RoadwaySuffix_,BetweenStreets2_NameRoadway_,BetweenStreets2_Direction_,BetweenStreets2_RoadwaySuffix_,Milepoint,ReportMilepointDeriveNumber,CurrentDerivedMiepointNumber,MilestoMilepoint,FeettoMilepoint,DirectionfromMilepoint_NSEW_,ValidMilepointIndicator,NumberInjured,NumberKilled,ofUnits,ofMotorVehicleUnits,Hit&RunIndicator,OneWayIndicator,SpeedLimitNumber,KilometersIndicator,CountyCode,CityCountyCode,MilesFromCity,DirectionFromCity_NSEW_,InCityLimitsIndicator,Latitude,LatitudeDegrees,LatitudeMinutes,LatitudeSeconds,Longitude,LongitudeDegrees,LongitudeMinutes,LongitudeSeconds,RampIndicator,RampFromIdentifier,RampFromDirCode,RampFromCoupletID,RSEUniqueGISRampFrom,RampToidentifier,RampToDirCode,RampToCoupletID,RSEUniqueGisRampTo,MannerofCollisionCode,LocationFirstEventCode,TotalLanes,RoadwayCharacterCode,RoadwaySurfaceCode,RoadwayConditionCode,WeatherCode,LightConditionCode,LandUseCode,SchoolBusRelatedCode,FirstAidSceneIndicator,CollDescPresentInd,InvestigationCompleteIndicator,PhotosTakenIndicator,TimeNotified,TimeArrived,TimeRoadwayOpened,PropertyDamageIndicator,DiagramPresentIndicator,DirectionalAnalysis,FunctionClassCode,NationalHwySysCode,EnforcementsIndicator,KARSCityCode,SecondaryCollisionIndicator,MedianCrossoverIndicator,RT_UNIQUE,MapIt,TimeLastLeft,YR,KABCO,MFNY,WorkingRID,RT_CONFIDENCE,KTC_RT,KTC_MP,Motorcyclist,CommercialVehicle,YoungDriver,MatureDriver,pedestrian,Bicyclist,Distracted,agressive,Impaired,Unrestrained,Intersection,RoadwayDeparture,MedXover
72383887,980100,2.019E+11,20190724,1807,,,RIVER,,DR,,,,,,Y,N,NULL,NULL,NULL,N,NULL,NULL,NULL,NULL,NULL,NULL,0.252,NULL,NULL,NULL,NULL,,NULL,0,0,2,2,N,N,15,NULL,98,9801,NULL,,Y,37.47322,37,28.393,NULL,-82.52547,82,31.528,NULL,N,NULL,NULL,NULL,NULL,NULL,NULL,NULL,NULL,2,97,1,6,1,1,2,2,1,3,N,NULL,Y,N,1807,1807,1807,N,NULL,90,,,N,,N,N,,NULL,NULL,2019,O,7.23839E+11,098-CS-1054  -000,HIGH,098-CS-1054  -000,0.252,0,0,0,0,0,0,1,0,0,0,0,0,0
72371607,980100,2.019E+11,20190625,1228,,254,CASSIDY,,BLVD,,,0,098 CS-1191,CS1191,Y,N,NULL,NULL,NULL,N,NULL,NULL,NULL,NULL,NULL,NULL,NULL,NULL,NULL,NULL,NULL,NULL,NULL,0,0,2,2,N,N,NULL,NULL,98,9801,NULL,,Y,37.50636,37,30.382,NULL,-82.53868,82,32.321,NULL,N,NULL,NULL,NULL,NULL,NULL,NULL,NULL,NULL,1,97,2,6,1,1,2,2,1,3,N,NULL,Y,N,1228,1236,,N,NULL,90,,,N,,N,N,098-CS-1191-0,NULL,NULL,2019,O,7.23716E+11,098-CS-1191  -000,HIGH,098-CS-1191  -000,0.357,0,0,0,0,0,0,1,0,0,0,0,0,0
72411962,980100,2.019E+11,20190925,1719,,,US23,,,US0023,US0023,0,098 US-23,US0023,N,N,NULL,NULL,NULL,N,NULL,NULL,NULL,NULL,NULL,NULL,26.283,NULL,NULL,NULL,NULL,,NULL,0,0,2,2,N,N,55,NULL,98,9801,NULL,,Y,37.50364,37,30.218,NULL,-82.53235,82,31.941,NULL,N,NULL,NULL,NULL,NULL,NULL,NULL,NULL,NULL,5,3,3,6,1,1,2,2,7,3,N,NULL,Y,N,1719,1725,1720,N,NULL,49,,1,Y,,N,N,098-US-0023-0,NULL,NULL,2019,O,7.2412E+11,098-US-0023  -000,HIGH,098-US-0023  -000,26.283,0,0,0,0,0,0,1,0,0,0,0,0,0
72405655,980500,2019AR059,20190910,1725,,,US23 CROSSOVER,,,US0023,US0023,0,098 US-23-43,US0023,N,N,NULL,NULL,NULL,N,NULL,NULL,NULL,NULL,NULL,NULL,0.008,NULL,NULL,NULL,NULL,,NULL,0,0,2,2,N,N,45,NULL,98,9807,NULL,,Y,37.5202,37,31.212,NULL,-82.56802,82,34.081,NULL,N,NULL,NULL,NULL,NULL,NULL,NULL,NULL,NULL,5,3,6,6,1,1,2,2,7,3,N,NULL,Y,N,1726,1730,1735,N,NULL,49,,1,Y,,N,N,098-US-0023-43,NULL,NULL,2019,O,7.24057E+11,098-US-0023  -043,HIGH,098-US-0023  -043,0.008,0,0,0,0,0,0,0,1,0,0,0,0,0
72391880,KSP0900,19-30348,20190808,750,,,US119,,,US0119,US0119,0,098 US-119-10,US0119,Y,N,NULL,NULL,NULL,N,NULL,NULL,NULL,NULL,NULL,NULL,23.597,NULL,NULL,NULL,NULL,,NULL,0,0,2,2,N,N,NULL,NULL,98,9834,NULL,,Y,37.65011,37,39.007,NULL,-82.26763,82,16.058,NULL,N,NULL,NULL,NULL,NULL,NULL,NULL,NULL,NULL,2,97,2,6,1,1,3,2,1,3,N,NULL,Y,N,752,754,805,N,NULL,90,2,1,N,,N,N,098-US-0119-10,NULL,NULL,2019,O,7.23919E+11,098-US-0119  -010,HIGH,098-US-0119  -000,23.597,0,0,0,0,0,0,1,0,0,0,0,0,0
72394258,980100,2.019E+11,20190815,2058,,,CASSIDY,,BLVD,,,0,098 CS-1191,CS1191,N,N,NULL,NULL,NULL,N,NULL,NULL,NULL,NULL,NULL,NULL,0.031,NULL,NULL,NULL,NULL,,NULL,0,0,2,2,N,N,25,NULL,98,9801,NULL,,Y,37.5037,37,30.222,NULL,-82.53275,82,31.965,NULL,N,NULL,NULL,NULL,NULL,NULL,NULL,NULL,NULL,1,3,2,6,1,1,2,5,7,3,N,NULL,Y,N,2059,2100,2100,N,NULL,55,,,N,,N,N,098-CS-1191-0,NULL,NULL,2019,O,7.23943E+11,098-CS-1191  -000,HIGH,098-CS-1191  -000,0.031,0,0,0,1,0,0,0,0,0,0,0,0,0
72385023,980100,2.019E+11,20190727,1333,,,THOMPSON,,RD,,,0,098 CS-1215,CS1215,Y,N,NULL,NULL,NULL,N,NULL,NULL,NULL,NULL,NULL,NULL,0.332,NULL,NULL,NULL,NULL,,NULL,0,0,2,2,N,N,15,NULL,98,9801,NULL,,Y,37.50789,37,30.473,NULL,-82.5433,82,32.598,NULL,N,NULL,NULL,NULL,NULL,NULL,NULL,NULL,NULL,2,97,2,6,1,1,2,2,1,3,N,NULL,N,N,1334,1346,1346,N,NULL,90,,,N,,N,N,098-CS-1215-0,NULL,NULL,2019,O,7.2385E+11,098-CS-1215  -000,HIGH,098-CS-1215  -000,0.332,0,0,0,1,0,0,1,0,0,0,0,0,0
72395661,KSP0900,19-31987,20190818,2224,,,RUNYON,,BR,,,0,098 CR-1565,CR1565,Y,N,NULL,NULL,NULL,N,NULL,NULL,NULL,NULL,NULL,NULL,1.41,NULL,NULL,NULL,NULL,,NULL,0,0,1,1,N,Y,10,NULL,98,9872,NULL,,Y,37.53569,37,32.141,NULL,-82.27922,82,16.753,NULL,N,NULL,NULL,NULL,NULL,NULL,NULL,NULL,NULL,9,97,1,5,3,1,2,6,6,3,N,NULL,Y,N,2224,2247,2328,N,NULL,90,,,N,,N,N,098-CR-1565-0,NULL,NULL,2019,O,7.23957E+11,098-CR-1565  -000,HIGH,098-CR-1565  -000,1.41,0,0,0,0,0,0,0,0,0,0,0,1,0
72432710,KSP0900,09-19-43417,20191104,1537,,,GREASY,,CRK,KY3226,KY3226,0,098 KY-3226,KY3226,N,N,NULL,NULL,NULL,N,NULL,NULL,NULL,NULL,NULL,NULL,2.214,NULL,NULL,NULL,NULL,,NULL,3,0,2,2,N,N,55,NULL,98,9801,NULL,,Y,37.40691,37,24.415,NULL,-82.46642,82,27.985,NULL,N,NULL,NULL,NULL,NULL,NULL,NULL,NULL,NULL,1,3,2,6,1,1,2,2,7,1,Y,NULL,N,Y,1516,1527,,N,NULL,55,8,0,N,,N,N,098-KY-3226-0,NULL,NULL,2019,C,7.24327E+11,098-KY-3226  -000,HIGH,098-KY-3226  -000,2.214,0,0,0,0,0,0,1,0,0,0,0,0,0
72412258,KSP0900,19-36517,20190918,251,,,KY292,,,KY0292,KY0292,0,098 KY-292,KY0292,N,N,NULL,NULL,NULL,N,NULL,NULL,NULL,NULL,NULL,NULL,3.073,NULL,NULL,NULL,NULL,,NULL,2,0,1,1,N,N,45,NULL,98,9834,1,W,N,37.66064,37,39.638,NULL,-82.24134,82,14.48,NULL,N,NULL,NULL,NULL,NULL,NULL,NULL,NULL,NULL,9,4,2,6,1,1,2,4,6,3,N,NULL,Y,Y,252,330,,N,NULL,44,8,0,N,,N,N,098-KY-0292-0,NULL,NULL,2019,C,7.24123E+11,098-KY-0292  -000,HIGH,098-KY-0292  -000,3.073,0,0,0,0,0,0,0,0,0,0,0,1,0
72442564,KSP0900,19-46447,20191126,1300,,,KY194,,,KY0194,KY0194,0,098 KY-194,KY0194,N,N,NULL,NULL,NULL,N,NULL,NULL,NULL,NULL,NULL,NULL,4.943,NULL,NULL,NULL,NULL,,NULL,1,0,1,1,N,N,55,NULL,98,9801,5,NE,N,37.63509,37,38.105,NULL,-82.56657,82,33.994,NULL,N,NULL,NULL,NULL,NULL,NULL,NULL,NULL,NULL,9,3,2,6,1,1,2,2,7,3,Y,NULL,Y,N,1327,1420,1435,N,NULL,40,8,0,N,,N,N,098-KY-0194-0,NULL,NULL,2019,C,7.24426E+11,098-KY-0194  -000,HIGH,098-KY-0194  -000,4.943,0,0,0,0,0,0,0,0,0,0,0,1,0
72433255,980100,2.019E+11,20191107,2037,,,ELM,N,ST,,,0,098 CS-1169,CS1169,N,N,NULL,NULL,NULL,N,NULL,NULL,NULL,NULL,NULL,NULL,0.065,NULL,NULL,NULL,NULL,,NULL,0,0,2,2,N,N,25,NULL,98,9801,NULL,,Y,37.47781,37,28.669,NULL,-82.52237,82,31.342,NULL,N,NULL,NULL,NULL,NULL,NULL,NULL,NULL,NULL,5,3,2,1,1,5,3,6,7,3,N,NULL,Y,N,2037,2040,2040,N,NULL,49,,,Y,,N,N,098-CS-1169-0,NULL,NULL,2019,O,7.24333E+11,098-CS-1169  -000,HIGH,098-CS-1169  -000,0.065,0,0,1,0,0,0,0,0,0,0,0,0,0
72424995,KSP0900,19-41483,20191021,1051,,,COWPEN,,RD,KY2061,KY2061,0,098 KY-2061,KY2061,N,N,NULL,NULL,NULL,N,NULL,NULL,NULL,NULL,NULL,NULL,1.335,NULL,NULL,NULL,NULL,,NULL,0,0,1,1,N,N,35,NULL,98,9807,NULL,,Y,37.54494,37,32.697,NULL,-82.56217,82,33.73,NULL,N,NULL,NULL,NULL,NULL,NULL,NULL,NULL,NULL,9,1,2,6,1,1,2,6,7,3,N,NULL,Y,Y,1055,1117,1130,N,NULL,70,,0,Y,,N,N,098-KY-2061-0,NULL,NULL,2019,O,7.2425E+11,098-KY-2061  -000,HIGH,098-KY-2061  -000,1.335,0,0,0,0,0,0,0,0,1,0,0,1,0
72373505,KSP0900,19-23598,20190624,1742,,,GREASY,,CRK,,,0,098 CR-1256,CR1256,N,N,NULL,NULL,NULL,N,NULL,NULL,NULL,NULL,NULL,NULL,2.481,NULL,NULL,NULL,NULL,,NULL,0,0,2,2,N,N,35,NULL,98,9841,NULL,,Y,37.35334,37,21.2,NULL,-82.49872,82,29.923,NULL,N,NULL,NULL,NULL,NULL,NULL,NULL,NULL,NULL,7,3,2,5,1,5,6,2,7,3,N,NULL,N,N,1742,1922,,N,NULL,54,,,N,,N,N,098-CR-1256-0,NULL,NULL,2019,O,7.23735E+11,098-CR-1256  -000,HIGH,098-CR-1256  -000,2.481,0,0,1,0,0,0,0,0,0,0,0,1,0
72431573,980100,2.019E+11,20191031,940,,,HAMBLEY,,BLVD,,,0,098 CS-1222,CS1222,N,N,NULL,NULL,NULL,N,NULL,NULL,NULL,NULL,NULL,NULL,0.818,NULL,NULL,NULL,NULL,,NULL,2,0,2,2,N,N,25,NULL,98,9801,NULL,,Y,37.48271,37,28.963,NULL,-82.51926,82,31.155,NULL,N,NULL,NULL,NULL,NULL,NULL,NULL,NULL,NULL,1,3,2,6,1,5,6,2,1,3,Y,NULL,Y,Y,941,947,1022,N,NULL,55,,,N,,N,N,098-CS-1222-0,NULL,NULL,2019,A,7.24316E+11,098-CS-1222  -000,HIGH,098-CS-1222  -000,0.818,0,0,0,1,0,0,1,1,0,1,0,0,0
72378214,980100,2.019E+11,20190710,240,,491,CHLOE,,RD,KY1460,KY1460,,,,N,N,NULL,NULL,NULL,N,NULL,NULL,NULL,NULL,NULL,NULL,4.334,NULL,NULL,NULL,NULL,,NULL,0,0,1,1,N,N,45,NULL,98,9801,NULL,,Y,37.47701,37,28.621,NULL,-82.50252,82,30.151,NULL,N,NULL,NULL,NULL,NULL,NULL,NULL,NULL,NULL,9,3,2,3,1,1,2,2,7,3,N,NULL,N,N,240,240,310,N,NULL,44,,0,Y,,N,N,,NULL,NULL,2019,O,7.23782E+11,098-KY-1460  -000,HIGH,098-KY-1460  -000,4.334,0,0,0,0,0,0,1,0,0,1,0,1,0
72374313,980500,2019AR048,20190628,1600,,,US23,,,US0023,US0023,0,098 US-23,US0023,N,N,NULL,NULL,NULL,N,NULL,NULL,NULL,NULL,NULL,NULL,28.664,NULL,NULL,NULL,NULL,,NULL,2,0,2,2,N,N,45,NULL,98,9807,NULL,,Y,37.5204,37,31.224,NULL,-82.56791,82,34.074,NULL,N,NULL,NULL,NULL,NULL,NULL,NULL,NULL,NULL,1,3,6,6,1,1,2,2,7,3,Y,NULL,Y,Y,1545,1602,1605,N,NULL,55,,1,N,,N,N,098-US-0023-0,NULL,NULL,2019,C,7.23743E+11,098-US-0023  -000,HIGH,098-US-0023  -000,28.664,0,0,0,0,0,0,0,1,0,0,0,0,0
72368600,KSP0900,19-22699,20190617,2200,,200,DOUGLAS,,PARK,,,0,098 CR-1704,CR1704,N,N,NULL,NULL,NULL,N,NULL,NULL,NULL,NULL,NULL,NULL,0.383,NULL,NULL,NULL,NULL,,NULL,0,0,2,2,N,N,15,NULL,98,9801,4,S,N,37.38128,37,22.877,NULL,-82.53614,82,32.168,NULL,N,NULL,NULL,NULL,NULL,NULL,NULL,NULL,NULL,2,3,1,6,1,1,2,5,6,3,N,NULL,Y,N,1746,1830,,N,NULL,47,,,N,,N,N,098-CR-1704-0,NULL,NULL,2019,O,7.23686E+11,098-CR-1704  -000,HIGH,098-CR-1704  -000,0.383,0,0,0,0,0,0,0,0,0,0,0,0,0
72384553,KSP0900,19-28216,20190724,1508,,,US23,,,US0023,US0023,0,098 US-23,US0023,N,N,NULL,NULL,NULL,N,NULL,NULL,NULL,NULL,NULL,NULL,13.494,NULL,NULL,NULL,NULL,,NULL,2,0,2,2,N,N,55,NULL,98,9801,5,S,N,37.37916,37,22.749,NULL,-82.54072,82,32.443,NULL,N,NULL,NULL,NULL,NULL,NULL,NULL,NULL,NULL,5,3,4,6,1,1,2,2,7,3,Y,NULL,Y,N,1508,1530,1610,N,NULL,49,,1,N,,N,N,098-US-0023-0,NULL,NULL,2019,B,7.23846E+11,098-US-0023  -000,HIGH,098-US-0023  -000,13.494,0,1,0,0,0,0,0,0,0,0,0,0,0
72464989,KSP0900,20-2151,20200116,1726,,,US119,,,US0119,US0119,0,098 US-119,US0119,N,N,NULL,NULL,NULL,N,NULL,NULL,NULL,NULL,NULL,NULL,18.725,NULL,NULL,NULL,NULL,,NULL,0,0,2,2,N,N,55,NULL,98,9851,NULL,,Y,37.59796,37,35.878,NULL,-82.27692,82,16.615,NULL,N,NULL,NULL,NULL,NULL,NULL,NULL,NULL,NULL,1,3,2,6,1,1,2,3,7,3,N,NULL,Y,N,1726,1732,1819,N,NULL,55,2,1,N,,N,N,098-US-0119-0,NULL,NULL,2020,O,7.2465E+11,098-US-0119  -000,HIGH,098-US-0119  -000,18.725,0,0,0,1,0,0,0,1,0,0,0,0,0
72384966,KSP0900,19-27385,20190718,2256,,,ADKINS,,LN,,,0,098 CR-1303Q4,CR1303Q4,N,N,NULL,NULL,NULL,N,NULL,NULL,NULL,NULL,NULL,NULL,0.356,NULL,NULL,NULL,NULL,,NULL,1,0,1,1,N,N,15,NULL,98,9807,NULL,,Y,37.55525,37,33.315,NULL,-82.55692,82,33.415,NULL,N,NULL,NULL,NULL,NULL,NULL,NULL,NULL,NULL,9,3,1,6,1,1,2,5,6,3,N,NULL,Y,Y,2256,2303,,N,NULL,44,,,Y,,N,N,098-CR-1303Q4-0,NULL,NULL,2019,B,7.2385E+11,098-PR-1067  -000,MEDIUM,098-PR-1067  -000,0.356,0,0,0,0,0,0,0,0,1,1,0,1,0
72415360,KSP0900,19-38775,20191003,906,,,US23,,,US0023,US0023,0,098 US-23-10,US0023,N,N,NULL,NULL,NULL,N,NULL,NULL,NULL,NULL,NULL,NULL,28.059,NULL,NULL,NULL,NULL,,NULL,0,0,2,2,N,N,55,NULL,98,9807,NULL,,Y,37.51522,37,30.913,NULL,-82.55942,82,33.565,NULL,N,NULL,NULL,NULL,NULL,NULL,NULL,NULL,NULL,1,3,4,6,1,1,2,2,7,3,N,NULL,Y,N,909,920,1007,N,NULL,55,,1,N,,N,N,098-US-0023-10,NULL,NULL,2019,O,7.24154E+11,098-US-0023  -010,HIGH,098-US-0023  -000,28.059,0,0,0,0,0,0,0,1,0,0,0,0,0
72406561,KSP0900,19-33166,20190826,1712,,,LITTLE CARD,,RD,,,0,098 CR-1178,CR1178,N,N,NULL,NULL,NULL,N,NULL,NULL,NULL,NULL,NULL,NULL,0.062,NULL,NULL,NULL,NULL,,NULL,0,0,2,2,N,N,35,NULL,98,9839,NULL,,Y,37.39211,37,23.527,NULL,-82.25966,82,15.58,NULL,N,NULL,NULL,NULL,NULL,NULL,NULL,NULL,NULL,7,3,2,3,1,5,6,2,7,3,N,NULL,N,N,1712,1826,,N,NULL,54,,,N,,N,N,098-CR-1178-0,NULL,NULL,2019,O,7.24066E+11,098-CR-1178  -000,HIGH,098-CR-1178  -000,0.062,0,0,0,0,0,0,0,0,0,1,0,1,0
72394517,980100,2.019E+11,20190814,1730,,,CASSIDY,,BLVD,,,,,,Y,N,NULL,NULL,NULL,N,NULL,NULL,NULL,NULL,NULL,NULL,0.272,NULL,NULL,NULL,NULL,,NULL,0,0,2,2,N,N,NULL,NULL,98,9801,NULL,,Y,37.50476,37,30.286,NULL,-82.5363,82,32.178,NULL,N,NULL,NULL,NULL,NULL,NULL,NULL,NULL,NULL,2,97,NULL,6,1,1,2,2,1,3,N,NULL,N,N,1730,1736,1736,N,NULL,90,,,N,,N,N,,NULL,NULL,2019,O,7.23945E+11,098-CS-1191  -000,MEDIUM,098-CS-1191  -000,0.272,0,0,0,0,0,0,1,0,0,0,0,0,0
72413120,KSP0900,19-37832,20190927,510,,585,IVY FORK,,CRK,,,0,098 CR-1313,CR1313,N,N,NULL,NULL,NULL,N,NULL,NULL,NULL,NULL,NULL,NULL,0.582,NULL,NULL,NULL,NULL,,NULL,1,0,1,1,N,N,35,NULL,98,9801,3,S,N,37.47034,37,28.22,NULL,-82.46476,82,27.886,NULL,N,NULL,NULL,NULL,NULL,NULL,NULL,NULL,NULL,9,4,2,6,2,1,2,6,7,3,Y,NULL,Y,Y,520,610,800,Y,NULL,51,,,Y,,N,N,098-CR-1313-0,NULL,NULL,2019,C,7.24131E+11,098-CR-1313  -000,HIGH,098-CR-1313  -000,0.582,0,0,0,0,0,0,0,0,1,0,0,1,0
72412857,980000,1909012,20190927,1235,,,GOODY LOOP ( WALMART ),,,,,,,,N,N,NULL,NULL,NULL,N,NULL,NULL,NULL,NULL,NULL,NULL,NULL,NULL,NULL,NULL,NULL,NULL,NULL,0,0,2,2,N,Y,10,NULL,98,9812,NULL,,Y,37.65841,37,39.505,NULL,-82.27016,82,16.21,NULL,N,NULL,NULL,NULL,NULL,NULL,NULL,NULL,NULL,6,7,1,6,1,1,2,2,1,3,N,NULL,N,N,1220,1230,1300,N,NULL,70,,,N,,N,N,,NULL,NULL,2019,O,7.24129E+11,098-US-0119  -000,MEDIUM,098-US-0119  -000,24.162,0,0,0,1,0,0,1,0,0,0,0,0,0
72367920,370200,2019-20679,20190605,850,,,KY194,,,KY0194,KY0194,0,098 KY-194,KY0194,N,N,NULL,NULL,NULL,N,NULL,NULL,NULL,NULL,NULL,NULL,18.3,NULL,NULL,NULL,NULL,,NULL,0,0,2,2,N,N,45,NULL,98,9801,NULL,,Y,37.55811,37,33.486,NULL,-82.42333,82,25.4,NULL,N,NULL,NULL,NULL,NULL,NULL,NULL,NULL,NULL,7,3,2,3,1,5,3,2,7,3,N,NULL,Y,Y,850,914,914,N,NULL,54,6,5,N,,N,N,098-KY-0194-0,NULL,NULL,2019,O,7.23679E+11,098-KY-0194  -000,HIGH,098-KY-0194  -000,18.3,0,1,0,0,0,0,0,0,0,0,0,1,0
72379530,KSP0900,19-26360,20190711,1832,,,US119,,,US0119,US0119,0,098 US-119,US0119,N,N,NULL,NULL,NULL,N,NULL,NULL,NULL,NULL,NULL,NULL,20.768,NULL,NULL,NULL,NULL,,NULL,1,0,1,1,N,N,55,NULL,98,9836,NULL,,Y,37.61856,37,37.114,NULL,-82.26907,82,16.144,NULL,N,NULL,NULL,NULL,NULL,NULL,NULL,NULL,NULL,9,5,2,3,1,5,3,2,7,3,Y,NULL,Y,Y,1835,1847,1835,N,NULL,40,2,1,N,,N,N,098-US-0119-0,NULL,NULL,2019,B,7.23795E+11,098-US-0119  -000,HIGH,098-US-0119  -000,20.768,1,0,0,0,0,0,0,1,0,0,0,1,0
72418916,980000,19-09-010,20190924,1550,,,COON,,BR,,,0,098 CR-1302,CR1302,N,N,NULL,NULL,NULL,N,NULL,NULL,NULL,NULL,NULL,NULL,1.673,NULL,NULL,NULL,NULL,,NULL,0,0,2,2,N,N,55,NULL,98,9801,2.5,W,N,37.45038,37,27.023,NULL,-82.57298,82,34.378,NULL,N,NULL,NULL,NULL,NULL,NULL,NULL,NULL,NULL,7,3,1,6,3,1,2,2,7,1,N,NULL,N,Y,1601,1623,1722,N,NULL,54,,,N,,N,N,098-CR-1302-0,NULL,NULL,2019,O,7.24189E+11,098-CR-1302  -000,HIGH,098-CR-1302  -000,1.673,0,0,0,0,0,0,1,0,0,1,0,1,0
72414344,980100,2.019E+11,20190929,2123,,,US23,,,US0023,US0023,0,098 US-23,US0023,N,N,NULL,NULL,NULL,N,NULL,NULL,NULL,NULL,NULL,NULL,23.854,NULL,NULL,NULL,NULL,,NULL,0,0,1,1,N,N,55,NULL,98,9801,NULL,,Y,37.47483,37,28.49,NULL,-82.53738,82,32.243,NULL,N,NULL,NULL,NULL,NULL,NULL,NULL,NULL,NULL,9,3,4,6,1,1,2,5,1,3,N,NULL,Y,N,2123,2128,,N,NULL,38,,1,N,,N,N,098-US-0023-0,NULL,NULL,2019,O,7.24143E+11,098-US-0023  -000,HIGH,098-US-0023  -000,23.854,0,0,0,0,0,0,0,0,0,0,0,0,0
72446186,KSP0900,19-47461,20191204,830,,,FERRELLS CREEK,,RD,US0460,US0460,0,098 US-460,US0460,N,N,NULL,NULL,NULL,N,NULL,NULL,NULL,NULL,NULL,NULL,19.943,NULL,NULL,NULL,NULL,,NULL,1,0,1,1,N,N,55,NULL,98,9876,NULL,,Y,37.3744,37,22.464,NULL,-82.29531,82,17.719,NULL,N,NULL,NULL,NULL,NULL,NULL,NULL,NULL,NULL,9,3,2,1,1,2,2,1,7,3,Y,NULL,Y,Y,830,910,910,N,NULL,44,,1,N,,N,N,098-US-0460-0,NULL,NULL,2019,B,7.24462E+11,098-US-0460  -000,HIGH,098-US-0460  -000,19.943,0,0,0,0,0,0,0,0,0,0,0,1,0
72392095,980100,2.019E+11,20190812,0,,,CASSIDY,,BLVD,,,,,,Y,N,NULL,NULL,NULL,N,NULL,NULL,NULL,NULL,NULL,NULL,0.303,NULL,NULL,NULL,NULL,,NULL,0,0,2,2,N,N,15,NULL,98,9801,NULL,,Y,37.50616,37,30.369,NULL,-82.53732,82,32.239,NULL,N,NULL,NULL,NULL,NULL,NULL,NULL,NULL,NULL,2,97,NULL,6,1,1,2,2,1,3,N,NULL,Y,N,1046,1056,,N,NULL,90,,,N,,N,N,,NULL,NULL,2019,O,7.23921E+11,098-CS-1191  -000,MEDIUM,098-CS-1191  -000,0.303,0,0,0,0,0,0,1,0,0,0,0,0,0
72379560,KSP0900,19-26022,20190709,1631,,,ELWOOD,,RD,,,0,098 CR-1789,CR1789,N,N,NULL,NULL,NULL,N,NULL,NULL,NULL,NULL,NULL,NULL,0.05,NULL,NULL,NULL,NULL,,NULL,0,0,2,2,N,N,35,NULL,98,9827,NULL,,Y,37.32285,37,19.371,NULL,-82.57972,82,34.783,NULL,N,NULL,NULL,NULL,NULL,NULL,NULL,NULL,NULL,3,3,1,1,1,1,2,2,7,3,N,NULL,Y,N,1632,1647,1650,N,NULL,52,,,N,,N,N,098-CR-1789-0,NULL,NULL,2019,O,7.23796E+11,098-CR-1789  -000,HIGH,098-CR-1789  -000,0.05,0,0,1,1,0,0,0,0,0,0,0,1,0
72413232,KSP0900,19-37141,20190922,1141,,,GRAPEVINE,,RD,KY0194,KY0194,0,098 KY-194,KY0194,N,N,NULL,NULL,NULL,N,NULL,NULL,NULL,NULL,NULL,NULL,32.781,NULL,NULL,NULL,NULL,,NULL,1,0,1,1,N,N,35,NULL,98,9839,NULL,,Y,37.43962,37,26.377,NULL,-82.3402,82,20.412,NULL,N,NULL,NULL,NULL,NULL,NULL,NULL,NULL,NULL,9,3,2,6,1,1,2,2,7,3,N,NULL,N,Y,1141,1158,,N,NULL,70,7,0,N,,N,N,098-KY-0194-0,NULL,NULL,2019,C,7.24132E+11,098-KY-0194  -000,HIGH,098-KY-0194  -000,32.781,0,0,1,0,0,0,0,0,0,0,0,1,0
72463531,KSP0900,20-1722,20190113,1200,,,US119,,,US0119,US0119,0,098 US-119,US0119,N,N,NULL,NULL,NULL,N,NULL,NULL,NULL,NULL,NULL,NULL,24.271,NULL,NULL,NULL,NULL,,NULL,0,0,2,2,N,N,55,NULL,98,9834,NULL,,Y,37.65902,37,39.541,NULL,-82.27254,82,16.352,NULL,N,NULL,NULL,NULL,NULL,NULL,NULL,NULL,NULL,7,3,4,6,1,1,3,2,7,3,N,NULL,N,N,1200,1205,1208,N,NULL,54,2,1,N,,N,N,098-US-0119-0,NULL,NULL,2019,O,7.24635E+11,098-US-0119  -000,HIGH,098-US-0119  -000,24.271,0,0,0,1,0,0,1,1,0,0,0,1,0
72382060,KSP0900,19-27551,20190720,237,,,KY2062,,,KY2062,KY2062,0,098 KY-2062,KY2062,N,N,NULL,NULL,NULL,N,NULL,NULL,NULL,NULL,NULL,NULL,0.167,NULL,NULL,NULL,NULL,,NULL,1,0,2,2,N,N,55,NULL,98,9804,NULL,,Y,37.50636,37,30.382,NULL,-82.1315,82,7.89,NULL,N,NULL,NULL,NULL,NULL,NULL,NULL,NULL,NULL,8,5,2,4,1,1,2,6,7,3,N,NULL,Y,Y,238,308,453,N,NULL,47,8,0,N,,N,N,098-KY-2062-0,NULL,NULL,2019,C,7.23821E+11,098-KY-2062  -000,HIGH,098-KY-2062  -000,0.167,0,0,0,0,0,0,0,0,0,0,0,1,0