MasterFile,AgencyORINumber,LocalCode,CollisionDate,CollisionTime,CollisionDayWeekCode,RoadwayName_HouseBusinessNumber_,RoadwayName_RoadwayName_,RoadwayName_Direction_,RoadwayName_RoadwaySuffix_,RoadwayfromReport,CurrentRoadwayNumber,RoadwayNumberCoupletID,RSEUniqueGIS,RoadwayIdentifier,ParkingLotIndicator,IntersectionWith_Indicator_,IntersectionWith_NameRoadway_,IntersectionWith_Direction_,IntersectionWith_RoadwaySuffix_,BetweenStreets_Indicator_,BetweenStreets1_NameRoadway_,BetweenStreet1_Direction_,BetweenStreets1_RoadwaySuffix_,BetweenStreets2_NameRoadway_,BetweenStreets2_Direction_,BetweenStreets2_RoadwaySuffix_,Milepoint,ReportMilepointDeriveNumber,CurrentDerivedMiepointNumber,MilestoMilepoint,FeettoMilepoint,DirectionfromMilepoint_NSEW_,ValidMilepointIndicator,NumberInjured,NumberKilled,ofUnits,ofMotorVehicleUnits,Hit&RunIndicator,OneWayIndicator,SpeedLimitNumber,KilometersIndicator,CountyCode,CityCountyCode,MilesFromCity,DirectionFromCity_NSEW_,InCityLimitsIndicator,Latitude,LatitudeDegrees,LatitudeMinutes,LatitudeSeconds,Longitude,LongitudeDegrees,LongitudeMinutes,LongitudeSeconds,RampIndicator,RampFromIdentifier,RampFromDirCode,RampFromCoupletID,RSEUniqueGISRampFrom,RampToidentifier,RampToDirCode,RampToCoupletID,RSEUniqueGisRampTo,MannerofCollisionCode,LocationFirstEventCode,TotalLanes,RoadwayCharacterCode,RoadwaySurfaceCode,RoadwayConditionCode,WeatherCode,LightConditionCode,LandUseCode,SchoolBusRelatedCode,FirstAidSceneIndicator,CollDescPresentInd,InvestigationCompleteIndicator,PhotosTakenIndicator,TimeNotified,TimeArrived,TimeRoadwayOpened,PropertyDamageIndicator,DiagramPresentIndicator,DirectionalAnalysis,FunctionClassCode,NationalHwySysCode,EnforcementsIndicator,KARSCityCode,SecondaryCollisionIndicator,MedianCrossoverIndicator,RT_UNIQUE,MapIt,TimeLastLeft,YR,KABCO,MFNY,WorkingRID,RT_CONFIDENCE,KTC_RT,KTC_MP,Motorcyclist,CommercialVehicle,YoungDriver,MatureDriver,pedestrian,Bicyclist,Distracted,agressive,Impaired,Unrestrained,Intersection,RoadwayDeparture,MedXover
72390830,KSP0900,19-29763,20190804,1440,,,ELKHORN,,CRK,KY0197,KY0197,0,098 KY-197,KY0197,N,N,NULL,NULL,NULL,N,NULL,NULL,NULL,NULL,NULL,NULL,12.971,NULL,NULL,NULL,NULL,,NULL,5,0,2,2,N,N,45,NULL,98,9802,NULL,,Y,37.27793,37,16.676,NULL,-82.39249,82,23.549,NULL,N,NULL,NULL,NULL,NULL,NULL,NULL,NULL,NULL,7,3,2,3,1,1,2,2,6,3,Y,NULL,Y,Y,1441,1455,1654,N,NULL,54,7,0,Y,,N,N,098-KY-0197-0,NULL,NULL,2019,B,7.23908E+11,098-KY-0197  -000,HIGH,098-KY-0197  -000,12.971,0,0,0,0,0,0,0,1,0,0,0,1,0
72384286,KSP0900,19-27634,20190720,1657,,,ROAD CREEK,,RD,,,0,098 CR-1659,CR1659,N,N,NULL,NULL,NULL,N,NULL,NULL,NULL,NULL,NULL,NULL,1.089,NULL,NULL,NULL,NULL,,NULL,0,0,2,2,N,Y,45,NULL,98,9802,NULL,,Y,37.36044,37,21.627,NULL,-82.37478,82,22.487,NULL,N,NULL,NULL,NULL,NULL,NULL,NULL,NULL,NULL,3,3,1,3,1,1,2,2,7,3,N,NULL,Y,N,1657,1722,1752,N,NULL,52,,,N,,N,N,098-CR-1659-0,NULL,NULL,2019,O,7.23843E+11,098-CR-1659  -000,HIGH,098-CR-1659  -000,1.089,0,0,0,0,0,0,1,0,0,0,0,1,0
72388992,KSP0900,19-29250,20190731,2159,,,ISLAND CREEK,,RD,,,0,098 CR-1141,CR1141,N,N,NULL,NULL,NULL,N,NULL,NULL,NULL,NULL,NULL,NULL,3.892,NULL,NULL,NULL,NULL,,NULL,0,0,1,1,N,N,35,NULL,98,9801,NULL,,Y,37.42529,37,25.518,NULL,-82.30415,82,18.249,NULL,N,NULL,NULL,NULL,NULL,NULL,NULL,NULL,NULL,9,3,2,6,1,1,2,6,7,3,N,NULL,Y,N,2203,2218,,Y,NULL,70,,,Y,,N,N,098-CR-1141-0,NULL,NULL,2019,O,7.2389E+11,098-CR-1141  -000,HIGH,098-CR-1141  -000,3.892,0,0,0,0,0,0,0,0,1,1,0,1,0
72383329,980100,2.019E+12,20190723,816,,130,MAYO TRAIL,S,,,,,,,Y,N,NULL,NULL,NULL,N,NULL,NULL,NULL,NULL,NULL,NULL,NULL,NULL,NULL,NULL,NULL,NULL,NULL,0,0,1,1,Y,N,15,NULL,98,9801,NULL,,Y,37.47227,37,28.336,NULL,-82.52859,82,31.716,NULL,N,NULL,NULL,NULL,NULL,NULL,NULL,NULL,NULL,9,97,1,6,1,1,2,2,1,3,N,NULL,N,N,816,819,819,N,NULL,90,,,N,,N,N,,NULL,NULL,2019,NULL,7.23833E+11,098-KY-3496  -000,MEDIUM,098-KY-3496  -000,0.85,0,0,0,0,0,0,1,0,0,0,0,1,0
72395544,980100,2.019E+11,20190819,1814,,,CHLOE,,RD,KY1460,KY1460,0,098 KY-1460,KY1460,N,N,NULL,NULL,NULL,N,NULL,NULL,NULL,NULL,NULL,NULL,3.903,NULL,NULL,NULL,NULL,,NULL,0,0,1,1,N,N,35,NULL,98,9801,NULL,,Y,37.47698,37,28.619,NULL,-82.49506,82,29.703,NULL,N,NULL,NULL,NULL,NULL,NULL,NULL,NULL,NULL,9,6,2,3,1,1,2,2,7,3,N,NULL,Y,N,1814,1818,1847,N,NULL,44,,0,N,,N,N,098-KY-1460-0,NULL,NULL,2019,O,7.23955E+11,098-KY-1460  -000,HIGH,098-KY-1460  -000,3.903,0,0,0,0,0,0,1,0,0,0,0,1,0
72381833,980100,2.019E+11,20190719,1610,,,US23,,,US0023,US0023,0,098 US-23,US0023,N,N,NULL,NULL,NULL,N,NULL,NULL,NULL,NULL,NULL,NULL,31.592,NULL,NULL,NULL,NULL,,NULL,0,0,2,2,N,N,55,NULL,98,9801,NULL,,Y,37.53683,37,32.21,NULL,-82.60152,82,36.092,NULL,N,NULL,NULL,NULL,NULL,NULL,NULL,NULL,NULL,5,3,4,6,1,1,2,2,7,3,N,NULL,Y,N,1611,1621,1622,N,NULL,49,,1,N,,N,N,098-US-0023-0,NULL,NULL,2019,O,7.23818E+11,098-US-0023  -000,HIGH,098-US-0023  -000,31.592,0,0,0,0,0,0,0,0,0,0,0,0,0
72428600,980100,2.019E+11,20191029,907,,,RIVER,,DR,,,0,098 CS-1054,CS1054,Y,N,NULL,NULL,NULL,N,NULL,NULL,NULL,NULL,NULL,NULL,0.055,NULL,NULL,NULL,NULL,,NULL,0,0,2,2,N,N,NULL,NULL,98,9801,NULL,,Y,37.4741,37,28.446,NULL,-82.52174,82,31.305,NULL,N,NULL,NULL,NULL,NULL,NULL,NULL,NULL,NULL,8,97,2,6,1,1,2,2,1,3,N,NULL,Y,N,908,914,914,N,NULL,90,,,N,,N,N,098-CS-1054-0,NULL,NULL,2019,O,7.24286E+11,098-CS-1054  -000,HIGH,098-CS-1054  -000,0.055,0,0,0,0,0,0,1,0,0,0,0,0,0
72377406,KSP0900,19-25839,20190708,1645,,,US119,,,US0119,US0119,0,098 US-119,US0119,N,N,NULL,NULL,NULL,N,NULL,NULL,NULL,NULL,NULL,NULL,24.586,NULL,NULL,NULL,NULL,,NULL,0,0,2,2,N,N,55,NULL,98,9834,NULL,,Y,37.66325,37,39.795,NULL,-82.27313,82,16.388,NULL,N,NULL,NULL,NULL,NULL,NULL,NULL,NULL,NULL,7,3,4,3,1,1,2,2,7,3,N,NULL,N,N,1645,1652,1700,N,NULL,54,2,1,N,,N,N,098-US-0119-0,NULL,NULL,2019,O,7.23774E+11,098-US-0119  -000,HIGH,098-US-0119  -000,24.586,0,0,0,1,0,0,0,0,0,0,0,1,0
72441578,980100,2.019E+11,20191116,2237,,,BYPASS,S,RD,KY1426,KY1426,0,098 KY-1426,KY1426,N,N,NULL,NULL,NULL,N,NULL,NULL,NULL,NULL,NULL,NULL,6.141,NULL,NULL,NULL,NULL,,NULL,1,0,2,1,N,N,45,NULL,98,9801,NULL,,Y,37.47716,37,28.63,NULL,-82.51679,82,31.007,NULL,N,NULL,NULL,NULL,NULL,NULL,NULL,NULL,NULL,9,3,2,5,1,1,2,5,7,3,Y,NULL,Y,N,2237,2238,157,N,NULL,36,,0,N,,N,N,098-KY-1426-0,NULL,NULL,2019,A,7.24416E+11,098-KY-1426  -000,HIGH,098-KY-1426  -000,6.141,0,0,0,0,1,0,0,0,0,0,0,0,0
72378213,980100,2.019E+11,20190711,1216,,,BAIRD AVE,,,,,,,,Y,N,NULL,NULL,NULL,N,NULL,NULL,NULL,NULL,NULL,NULL,NULL,NULL,NULL,NULL,NULL,,NULL,0,0,2,2,N,N,15,NULL,98,9801,NULL,,Y,37.47281,37,28.369,NULL,-82.52795,82,31.677,NULL,N,NULL,NULL,NULL,NULL,NULL,NULL,NULL,NULL,1,97,2,6,1,1,3,2,1,3,N,NULL,Y,N,1216,1216,1216,N,NULL,90,,,N,,N,N,,NULL,NULL,2019,O,7.23782E+11,098-KY-1426  -000,MEDIUM,098-KY-1426  -000,5.418,0,0,0,1,0,0,1,0,0,0,0,0,0
72423400,KSP0900,19-41254,20191020,1046,,,KY122,,,KY0122,KY0122,0,098 KY-122,KY0122,N,N,NULL,NULL,NULL,N,NULL,NULL,NULL,NULL,NULL,NULL,12.096,NULL,NULL,NULL,NULL,,NULL,2,0,1,1,N,N,55,NULL,98,9801,NULL,,Y,37.39451,37,23.671,NULL,-82.52307,82,31.384,NULL,N,NULL,NULL,NULL,NULL,NULL,NULL,NULL,NULL,9,3,2,3,1,5,3,2,7,3,N,NULL,Y,Y,1048,1111,,N,NULL,70,,0,N,,N,N,098-KY-0122-0,NULL,NULL,2019,C,7.24234E+11,098-KY-0122  -000,HIGH,098-KY-0122  -000,12.096,0,0,0,0,0,0,0,1,0,0,0,1,0
72444242,KSP0900,19-45940,20191122,1626,,,KY122,,,KY0122,KY0122,0,098 KY-122,KY0122,N,N,NULL,NULL,NULL,N,NULL,NULL,NULL,NULL,NULL,NULL,9.012,NULL,NULL,NULL,NULL,,NULL,0,0,1,1,N,N,55,NULL,98,9801,NULL,,Y,37.39196,37,23.518,NULL,-82.56655,82,33.993,NULL,N,NULL,NULL,NULL,NULL,NULL,NULL,NULL,NULL,9,3,2,6,1,5,6,2,7,3,N,NULL,N,N,1626,1627,,N,NULL,70,,0,N,,N,N,098-KY-0122-0,NULL,NULL,2019,O,7.24442E+11,098-KY-0122  -000,HIGH,098-KY-0122  -000,9.012,0,0,0,0,0,0,0,0,0,0,0,1,0
72445268,980100,2.019E+11,20191202,2201,,,US23,,,US0023,US0023,0,098 US-23,US0023,N,N,NULL,NULL,NULL,N,NULL,NULL,NULL,NULL,NULL,NULL,19.084,NULL,NULL,NULL,NULL,,NULL,1,0,1,1,N,N,55,NULL,98,9801,NULL,,Y,37.44176,37,26.505,NULL,-82.50629,82,30.378,NULL,N,NULL,NULL,NULL,NULL,NULL,NULL,NULL,NULL,9,3,2,3,1,5,8,5,1,3,N,NULL,Y,N,2204,2205,2243,N,NULL,70,,1,Y,,N,N,098-US-0023-0,NULL,NULL,2019,B,7.24453E+11,098-US-0023  -000,HIGH,098-US-0023  -000,19.084,0,0,0,0,0,0,0,0,0,0,0,1,0
72421880,KSP0900,19-39401,20191006,1345,,,KY194,,,KY0194,KY0194,0,098 KY-194,KY0194,N,N,NULL,NULL,NULL,N,NULL,NULL,NULL,NULL,NULL,NULL,57.022,NULL,NULL,NULL,NULL,,NULL,0,0,2,2,N,N,35,NULL,98,9804,NULL,,Y,37.53163,37,31.898,NULL,-82.1624,82,9.744,NULL,N,NULL,NULL,NULL,NULL,NULL,NULL,NULL,NULL,3,3,2,3,1,5,6,2,7,3,N,NULL,Y,N,1345,1427,,N,NULL,52,7,0,N,,N,N,098-KY-0194-0,NULL,NULL,2019,O,7.24219E+11,098-KY-0194  -000,HIGH,098-KY-0194  -000,57.022,0,0,1,0,0,0,0,1,0,0,0,1,0
72422044,980100,2.019E+11,20191008,1435,,,CASSIDY,,BLVD,,,0,098 CS-1191,CS1191,Y,N,NULL,NULL,NULL,N,NULL,NULL,NULL,NULL,NULL,NULL,0.252,NULL,NULL,NULL,NULL,,NULL,0,0,2,2,Y,N,15,NULL,98,9801,NULL,,Y,37.50373,37,30.224,NULL,-82.53606,82,32.164,NULL,N,NULL,NULL,NULL,NULL,NULL,NULL,NULL,NULL,1,97,1,6,1,1,2,2,1,3,N,NULL,Y,N,1435,1439,1439,N,NULL,90,,,N,,N,N,098-CS-1191-0,NULL,NULL,2019,NULL,7.2422E+11,098-CS-1191  -000,HIGH,098-CS-1191  -000,0.252,0,0,0,0,0,0,0,0,0,0,0,0,0
72450551,980500,2019AR074,20191213,1432,,,MAYO,N,TRL,US0023,US0023,0,098 US-23-10,US0023,N,N,NULL,NULL,NULL,N,NULL,NULL,NULL,NULL,NULL,NULL,NULL,NULL,NULL,NULL,NULL,NULL,NULL,1,0,1,1,N,N,45,NULL,98,9807,NULL,,Y,37.51681,37,31.008,NULL,-82.56233,82,33.74,NULL,N,NULL,NULL,NULL,NULL,NULL,NULL,NULL,NULL,9,2,6,5,1,1,3,2,7,3,Y,NULL,Y,Y,1434,1437,1511,N,NULL,40,,1,N,,N,N,098-US-0023-10,NULL,NULL,2019,B,7.24506E+11,098-US-0023  -010,HIGH,098-US-0023  -000,28.258,0,0,0,0,0,0,1,0,0,1,0,1,1
72415157,KSP0900,19-36387,20190917,937,,,US119,,,US0119,US0119,0,098 US-119,US0119,N,Y,OLD US119,,,N,NULL,NULL,NULL,NULL,NULL,NULL,22.301,NULL,NULL,NULL,NULL,,NULL,1,0,2,2,N,N,55,NULL,98,9836,NULL,,Y,37.63576,37,38.145,NULL,-82.25838,82,15.502,NULL,N,NULL,NULL,NULL,NULL,NULL,NULL,NULL,NULL,1,3,2,3,1,1,3,2,7,3,Y,NULL,Y,Y,938,946,1024,N,NULL,10,2,1,Y,,N,N,098-US-0119-0,NULL,NULL,2019,B,7.24152E+11,098-US-0119  -000,HIGH,098-US-0119  -000,22.301,0,0,0,0,0,0,1,0,0,0,1,0,0
72396882,KSP0900,19-32507,20190822,853,,,KY612,,,KY0612,KY0612,0,098 KY-612,KY0612,N,N,NULL,NULL,NULL,N,NULL,NULL,NULL,NULL,NULL,NULL,6.871,NULL,NULL,NULL,NULL,,NULL,1,0,1,1,N,N,45,NULL,98,9826,NULL,,Y,37.65358,37,39.215,NULL,-82.30596,82,18.358,NULL,N,NULL,NULL,NULL,NULL,NULL,NULL,NULL,NULL,9,3,2,3,1,1,3,2,7,3,N,NULL,Y,Y,853,930,945,N,NULL,70,8,0,N,,N,N,098-KY-0612-0,NULL,NULL,2019,B,7.23969E+11,098-KY-0612  -000,HIGH,098-KY-0612  -000,6.871,1,0,0,0,0,0,0,0,0,0,0,1,0
72413375,980100,2.019E+11,20190928,1600,,254,CASSIDY,,BLVD,,,0,098 CS-1191,CS1191,Y,N,NULL,NULL,NULL,N,NULL,NULL,NULL,NULL,NULL,NULL,0.045,NULL,NULL,NULL,NULL,,NULL,0,0,1,1,N,N,NULL,NULL,98,9801,NULL,,Y,37.5037,37,30.222,NULL,-82.53289,82,31.974,NULL,N,NULL,NULL,NULL,NULL,NULL,NULL,NULL,NULL,9,97,1,6,1,1,2,2,1,3,N,NULL,Y,N,1600,1604,1605,N,NULL,90,,,N,,N,N,098-CS-1191-0,NULL,NULL,2019,O,7.24134E+11,098-CS-1191  -000,HIGH,098-CS-1191  -000,0.045,0,0,0,0,0,0,0,0,0,0,0,1,0
72438658,370200,2019-45308,20191118,917,,,US119,,,US0119,US0119,0,098 US-119,US0119,N,N,NULL,NULL,NULL,N,NULL,NULL,NULL,NULL,NULL,NULL,13.317,NULL,NULL,NULL,NULL,,NULL,0,0,1,1,N,N,55,NULL,98,9833,NULL,,Y,37.61131,37,36.678,NULL,-82.36158,82,21.695,NULL,N,NULL,NULL,NULL,NULL,NULL,NULL,NULL,NULL,9,3,4,5,1,1,3,2,7,3,N,NULL,N,N,919,949,949,N,NULL,38,2,1,N,,N,N,098-US-0119-0,NULL,NULL,2019,O,7.24387E+11,098-US-0119  -000,HIGH,098-US-0119  -000,13.317,0,1,0,0,0,0,0,0,0,0,0,0,0
72422558,KSP0900,19-39362,20191006,728,,,US460,,,US0460,US0460,0,098 US-460,US0460,N,N,NULL,NULL,NULL,N,NULL,NULL,NULL,NULL,NULL,NULL,1.994,NULL,NULL,NULL,NULL,,NULL,1,0,1,1,N,N,55,NULL,98,9801,NULL,,Y,37.43279,37,25.967,NULL,-82.49252,82,29.551,NULL,N,NULL,NULL,NULL,NULL,NULL,NULL,NULL,NULL,9,3,2,6,1,1,2,1,7,3,Y,NULL,N,Y,728,729,,N,NULL,40,,1,N,,N,N,098-US-0460-0,NULL,NULL,2019,C,7.24226E+11,098-US-0460  -000,HIGH,098-US-0460  -000,1.994,0,0,0,0,0,0,1,0,0,0,0,1,0
72436756,980100,2.019E+11,20191106,1722,,,KY3495,,,KY3495,KY3495,,,,Y,N,NULL,NULL,NULL,N,NULL,NULL,NULL,NULL,NULL,NULL,0.021,NULL,NULL,NULL,NULL,,NULL,0,0,2,2,Y,N,15,NULL,98,9801,NULL,,Y,37.48664,37,29.198,NULL,-82.54266,82,32.56,NULL,N,NULL,NULL,NULL,NULL,NULL,NULL,NULL,NULL,8,97,1,6,1,1,2,2,1,3,N,NULL,Y,N,1722,1730,1730,N,NULL,90,17,0,N,,N,N,,NULL,NULL,2019,NULL,7.24368E+11,098-KY-3495  -000,HIGH,098-KY-3495  -000,0.021,0,0,0,0,0,0,1,0,0,0,0,0,0
72445894,KSP0900,19-47321,20191203,930,,,ASHWOOD,,CT,,,0,098 PR-1042,PR1042,Y,N,NULL,NULL,NULL,N,NULL,NULL,NULL,NULL,NULL,NULL,0.021,NULL,NULL,NULL,NULL,,NULL,0,0,2,2,N,N,10,NULL,98,9863,NULL,,Y,37.62037,37,37.222,NULL,-82.16753,82,10.051,NULL,N,NULL,NULL,NULL,NULL,NULL,NULL,NULL,NULL,8,97,NULL,6,1,1,2,2,7,3,N,NULL,Y,N,930,935,1000,N,NULL,90,,,N,,N,N,098-PR-1042-0,NULL,NULL,2019,O,7.24459E+11,098-PR-1042  -000,HIGH,098-PR-1042  -000,0.021,0,0,0,1,0,0,1,0,0,0,0,0,0
72417547,980500,2019AR062,20191007,1535,,,WEDDINGTON SQUARE,,,,,,,,Y,N,NULL,NULL,NULL,N,NULL,NULL,NULL,NULL,NULL,NULL,NULL,NULL,NULL,NULL,NULL,NULL,NULL,0,0,2,2,N,N,15,NULL,98,9807,NULL,,Y,37.52812,37,31.687,NULL,-82.57518,82,34.511,NULL,N,NULL,NULL,NULL,NULL,NULL,NULL,NULL,NULL,5,97,3,3,1,5,6,2,1,3,N,NULL,Y,Y,1535,1537,1545,N,NULL,90,,,N,,N,N,,NULL,NULL,2019,O,7.24175E+11,098-US-0023  -010,MEDIUM,098-US-0023  -000,29.342,0,0,0,0,0,0,1,0,0,0,0,0,0
72448210,980100,2.019E+11,20191209,1001,,,US23,,,US0023,US0023,,,,N,N,NULL,NULL,NULL,N,NULL,NULL,NULL,NULL,NULL,NULL,26.313,NULL,NULL,NULL,NULL,,NULL,0,0,2,2,N,N,55,NULL,98,9801,NULL,,Y,37.50402,37,30.242,NULL,-82.53246,82,31.947,NULL,N,NULL,NULL,NULL,NULL,NULL,NULL,NULL,NULL,5,3,4,6,1,5,3,2,1,3,N,NULL,Y,N,1001,1001,1001,N,NULL,49,,1,N,,N,N,,NULL,NULL,2019,O,7.24482E+11,098-US-0023  -010,MEDIUM,098-US-0023  -000,26.313,0,0,0,0,0,0,1,0,0,0,0,0,0
72456403,KSP0900,19-49404,20191219,825,,,TOLER,,RD,KY0319,KY0319,0,098 KY-319,KY0319,N,N,NULL,NULL,NULL,N,NULL,NULL,NULL,NULL,NULL,NULL,4.772,NULL,NULL,NULL,NULL,,NULL,0,0,2,2,N,N,35,NULL,98,9842,NULL,,Y,37.617,37,37.02,NULL,-82.24231,82,14.539,NULL,N,NULL,NULL,NULL,NULL,NULL,NULL,NULL,NULL,5,3,2,6,1,1,2,2,7,3,N,NULL,Y,N,825,850,850,N,NULL,49,7,0,N,,N,N,098-KY-0319-0,NULL,NULL,2019,O,7.24564E+11,098-KY-0319  -000,HIGH,098-KY-0319  -000,4.772,0,0,0,1,0,0,1,1,0,0,0,0,0
72416436,KSP0900,19-39052,20191004,1519,,,US460,,,US0460,US0460,0,098 US-460,US0460,N,N,NULL,NULL,NULL,N,NULL,NULL,NULL,NULL,NULL,NULL,2.69,NULL,NULL,NULL,NULL,,NULL,1,0,2,2,N,N,55,NULL,98,9801,NULL,,Y,37.43128,37,25.877,NULL,-82.48074,82,28.844,NULL,N,NULL,NULL,NULL,NULL,NULL,NULL,NULL,NULL,5,3,2,6,1,1,2,2,7,3,Y,NULL,Y,N,1519,1534,1600,N,NULL,49,,1,N,,N,N,098-US-0460-0,NULL,NULL,2019,C,7.24164E+11,098-US-0460  -000,HIGH,098-US-0460  -000,2.69,0,0,0,0,0,0,1,0,0,0,0,0,0
72391576,KSP0900,19-29778,20190804,1857,,,FERRELLS CREEK,,RD,US0460,US0460,0,098 US-460,US0460,N,N,NULL,NULL,NULL,N,NULL,NULL,NULL,NULL,NULL,NULL,22.525,NULL,NULL,NULL,NULL,,NULL,0,0,2,2,N,N,55,NULL,98,9847,NULL,,Y,37.38206,37,22.923,NULL,-82.25488,82,15.292,NULL,N,NULL,NULL,NULL,NULL,NULL,NULL,NULL,NULL,7,3,2,6,1,1,2,2,7,3,N,NULL,N,N,1830,1857,,N,NULL,54,,1,Y,,N,N,098-US-0460-0,NULL,NULL,2019,O,7.23916E+11,098-US-0460  -000,HIGH,098-US-0460  -000,22.525,0,0,0,1,0,0,1,0,0,0,0,1,0
72399794,980100,2.019E+11,20190828,1513,,,US23,,,US0023,US0023,,,,N,N,NULL,NULL,NULL,N,NULL,NULL,NULL,NULL,NULL,NULL,25.841,NULL,NULL,NULL,NULL,,NULL,0,0,2,2,N,N,55,NULL,98,9801,NULL,,Y,37.49738,37,29.842,NULL,-82.53123,82,31.874,NULL,N,NULL,NULL,NULL,NULL,NULL,NULL,NULL,NULL,8,3,4,6,1,1,2,2,7,3,N,NULL,Y,N,1513,1520,1516,N,NULL,53,,1,N,,N,N,,NULL,NULL,2019,O,7.23998E+11,098-US-0023  -000,MEDIUM,098-US-0023  -000,25.841,0,0,0,1,0,0,1,0,0,0,0,1,0
72404161,980100,2.019E+11,20190907,1856,,,CASSIDY,,BLVD,,,0,098 CS-1191,CS1191,Y,N,NULL,NULL,NULL,N,NULL,NULL,NULL,NULL,NULL,NULL,NULL,NULL,NULL,NULL,NULL,NULL,NULL,0,0,2,2,N,N,NULL,NULL,98,9801,NULL,,Y,37.50616,37,30.37,NULL,-82.53732,82,32.239,NULL,N,NULL,NULL,NULL,NULL,NULL,NULL,NULL,NULL,2,97,NULL,6,1,1,2,2,1,3,N,NULL,Y,N,1903,1916,1916,N,NULL,90,,,N,,N,N,098-CS-1191-0,NULL,NULL,2019,O,7.24042E+11,098-CS-1191  -000,HIGH,098-CS-1191  -000,0.328,0,0,1,0,0,0,1,0,0,0,0,0,0
72392155,KSP0900,19-30797,20190810,2128,,,GOODY,,LOOP,,,,,,N,N,NULL,NULL,NULL,N,NULL,NULL,NULL,NULL,NULL,NULL,0.008,NULL,NULL,NULL,NULL,,NULL,0,0,2,2,N,N,55,NULL,98,9834,NULL,,Y,37.65989,37,39.593,NULL,-82.27307,82,16.384,NULL,N,NULL,NULL,NULL,NULL,NULL,NULL,NULL,NULL,5,3,2,5,1,1,2,5,7,3,N,NULL,N,N,2128,2141,2141,N,NULL,49,,,N,,N,N,,NULL,NULL,2019,O,7.23922E+11,098-PR-1024  -000,HIGH,098-PR-1024  -000,0.008,0,0,0,0,0,0,1,0,0,0,0,0,0
72399926,KSP0900,19-33128,20190826,1300,,,ELKHORN,,CRK,KY0197,KY0197,0,098 KY-197,KY0197,Y,N,NULL,NULL,NULL,N,NULL,NULL,NULL,NULL,NULL,NULL,12.123,NULL,NULL,NULL,NULL,,NULL,0,0,2,2,N,N,35,NULL,98,9864,NULL,,Y,37.27269,37,16.361,NULL,-82.40359,82,24.215,NULL,N,NULL,NULL,NULL,NULL,NULL,NULL,NULL,NULL,2,97,2,1,3,1,2,2,5,3,N,NULL,Y,N,1300,1325,,N,NULL,90,7,0,N,,N,N,098-KY-0197-0,NULL,NULL,2019,O,7.23999E+11,098-KY-0197  -000,HIGH,098-KY-0197  -000,12.123,0,0,0,1,0,0,1,0,0,0,0,0,0
72433902,980100,2.019E+11,20191104,1159,,,US23,,,US0023,US0023,0,098 US-23-10,US0023,N,N,NULL,NULL,NULL,N,NULL,NULL,NULL,NULL,NULL,NULL,26.295,NULL,NULL,NULL,NULL,,NULL,0,0,2,2,N,N,55,NULL,98,9801,NULL,,Y,37.5038,37,30.228,NULL,-82.53237,82,31.942,NULL,N,NULL,NULL,NULL,NULL,NULL,NULL,NULL,NULL,5,3,4,6,1,1,2,2,7,3,N,NULL,Y,N,1159,1203,1203,N,NULL,49,,1,Y,,N,N,098-US-0023-10,NULL,NULL,2019,O,7.24339E+11,098-US-0023  -010,HIGH,098-US-0023  -000,26.295,0,0,0,0,0,0,1,0,0,0,0,0,0
72447747,KSP0900,DJ30779,20191203,2354,,,KY194,,,KY0194,KY0194,0,098 KY-194,KY0194,N,N,NULL,NULL,NULL,N,NULL,NULL,NULL,NULL,NULL,NULL,66.281,NULL,NULL,NULL,NULL,,NULL,0,0,2,2,N,N,35,NULL,98,9873,NULL,,Y,37.52689,37,31.613,NULL,-82.10116,82,6.07,NULL,N,NULL,NULL,NULL,NULL,NULL,NULL,NULL,NULL,8,3,1,3,1,1,2,7,6,3,N,NULL,Y,N,2318,2345,354,Y,NULL,53,7,0,N,,N,N,098-KY-0194-0,NULL,NULL,2019,O,7.24477E+11,098-KY-0194  -000,HIGH,098-KY-0194  -000,66.281,0,0,1,0,0,0,0,0,1,1,0,1,0
72429298,980500,2019AR069,20191031,1300,,,WEDDINGTON BRANCH,,RD,,,0,098 CS-3026,CS3026,Y,N,NULL,NULL,NULL,N,NULL,NULL,NULL,NULL,NULL,NULL,0.016,NULL,NULL,NULL,NULL,,NULL,0,0,2,2,N,N,15,NULL,98,9807,NULL,,Y,37.52198,37,31.319,NULL,-82.57082,82,34.25,NULL,N,NULL,NULL,NULL,NULL,NULL,NULL,NULL,NULL,2,97,2,6,1,6,3,2,1,3,N,NULL,Y,N,1255,1257,,N,NULL,90,,,N,,N,N,098-CS-3026-0,NULL,NULL,2019,O,7.24293E+11,098-CS-3026  -000,HIGH,098-CS-3026  -000,0.016,0,0,0,1,0,0,0,0,0,0,0,0,0
72369485,980000,16-06-007,20190619,2300,,,KY194,,,KY0194,KY0194,0,098 KY-194,KY0194,N,N,NULL,NULL,NULL,N,NULL,NULL,NULL,NULL,NULL,NULL,20.13,NULL,NULL,NULL,NULL,,NULL,0,0,1,1,N,N,55,NULL,98,9820,NULL,,Y,37.54657,37,32.794,NULL,-82.40212,82,24.127,NULL,N,NULL,NULL,NULL,NULL,NULL,NULL,NULL,NULL,9,3,2,3,1,5,6,6,7,3,N,NULL,Y,Y,2300,2300,2308,N,NULL,44,6,0,N,,N,N,098-KY-0194-0,NULL,NULL,2019,O,7.23695E+11,098-KY-0194  -000,HIGH,098-KY-0194  -000,20.13,0,0,1,0,0,0,0,1,0,0,0,1,0