MasterFile,AgencyORINumber,LocalCode,CollisionDate,CollisionTime,CollisionDayWeekCode,RoadwayName_HouseBusinessNumber_,RoadwayName_RoadwayName_,RoadwayName_Direction_,RoadwayName_RoadwaySuffix_,RoadwayfromReport,CurrentRoadwayNumber,RoadwayNumberCoupletID,RSEUniqueGIS,RoadwayIdentifier,ParkingLotIndicator,IntersectionWith_Indicator_,IntersectionWith_NameRoadway_,IntersectionWith_Direction_,IntersectionWith_RoadwaySuffix_,BetweenStreets_Indicator_,BetweenStreets1_NameRoadway_,BetweenStreet1_Direction_,BetweenStreets1_RoadwaySuffix_,BetweenStreets2_NameRoadway_,BetweenStreets2_Direction_,BetweenStreets2_RoadwaySuffix_,Milepoint,ReportMilepointDeriveNumber,CurrentDerivedMiepointNumber,MilestoMilepoint,FeettoMilepoint,DirectionfromMilepoint_NSEW_,ValidMilepointIndicator,NumberInjured,NumberKilled,ofUnits,ofMotorVehicleUnits,Hit&RunIndicator,OneWayIndicator,SpeedLimitNumber,KilometersIndicator,CountyCode,CityCountyCode,MilesFromCity,DirectionFromCity_NSEW_,InCityLimitsIndicator,Latitude,LatitudeDegrees,LatitudeMinutes,LatitudeSeconds,Longitude,LongitudeDegrees,LongitudeMinutes,LongitudeSeconds,RampIndicator,RampFromIdentifier,RampFromDirCode,RampFromCoupletID,RSEUniqueGISRampFrom,RampToidentifier,RampToDirCode,RampToCoupletID,RSEUniqueGisRampTo,MannerofCollisionCode,LocationFirstEventCode,TotalLanes,RoadwayCharacterCode,RoadwaySurfaceCode,RoadwayConditionCode,WeatherCode,LightConditionCode,LandUseCode,SchoolBusRelatedCode,FirstAidSceneIndicator,CollDescPresentInd,InvestigationCompleteIndicator,PhotosTakenIndicator,TimeNotified,TimeArrived,TimeRoadwayOpened,PropertyDamageIndicator,DiagramPresentIndicator,DirectionalAnalysis,FunctionClassCode,NationalHwySysCode,EnforcementsIndicator,KARSCityCode,SecondaryCollisionIndicator,MedianCrossoverIndicator,RT_UNIQUE,MapIt,TimeLastLeft,YR,KABCO,MFNY,WorkingRID,RT_CONFIDENCE,KTC_RT,KTC_MP,Motorcyclist,CommercialVehicle,YoungDriver,MatureDriver,pedestrian,Bicyclist,Distracted,agressive,Impaired,Unrestrained,Intersection,RoadwayDeparture,MedXover
72394624,980200,ELK4125-116-19,20190808,1538,,,KY80,,,KY0080,KY0080,0,098 KY-80,KY0080,Y,N,NULL,NULL,NULL,N,NULL,NULL,NULL,NULL,NULL,NULL,2.801,NULL,NULL,NULL,NULL,,NULL,0,0,2,2,N,N,5,NULL,98,9802,NULL,,Y,37.30737,37,18.442,NULL,-82.3531,82,21.186,NULL,N,NULL,NULL,NULL,NULL,NULL,NULL,NULL,NULL,2,97,2,6,1,1,2,2,1,3,N,NULL,Y,N,1534,1538,1538,N,NULL,90,7,0,N,,N,N,098-KY-0080-0,NULL,NULL,2019,O,7.23946E+11,098-KY-0080  -000,HIGH,098-KY-0080  -000,2.801,0,0,0,0,0,0,0,0,0,0,0,0,0
72409462,980100,2.019E+11,20190919,14,,,HUFFMAN,,AVE,,,,,,Y,N,NULL,NULL,NULL,N,NULL,NULL,NULL,NULL,NULL,NULL,0.149,NULL,NULL,NULL,NULL,,NULL,0,0,1,1,N,N,15,NULL,98,9801,NULL,,Y,37.47837,37,28.702,NULL,-82.51954,82,31.172,NULL,N,NULL,NULL,NULL,NULL,NULL,NULL,NULL,NULL,9,97,NULL,6,2,1,2,5,1,3,N,NULL,Y,N,14,18,,N,NULL,90,,,N,,N,N,,NULL,NULL,2019,O,7.24095E+11,098-CS-1123  -000,MEDIUM,098-CS-1123  -000,0.149,0,0,1,0,0,0,0,0,0,0,0,1,0
72419030,980100,2.019E+11,20191006,1822,,,US23,,,US0023,US0023,0,098 US-23-10,US0023,N,N,NULL,NULL,NULL,N,NULL,NULL,NULL,NULL,NULL,NULL,24.172,NULL,NULL,NULL,NULL,,NULL,1,0,1,1,N,N,55,NULL,98,9801,NULL,,Y,37.47736,37,28.641,NULL,-82.5406,82,32.436,NULL,N,NULL,NULL,NULL,NULL,NULL,NULL,NULL,NULL,9,3,4,6,1,5,6,2,7,3,Y,NULL,Y,Y,1822,1824,1901,N,NULL,70,,1,N,,N,N,098-US-0023-10,NULL,NULL,2019,C,7.2419E+11,098-US-0023  -010,HIGH,098-US-0023  -000,24.172,0,0,0,0,0,0,0,0,0,0,0,1,0
72372217,980100,2.019E+11,20190619,1531,,,KY1426,,,KY1426,KY1426,0,098 KY-1426,KY1426,N,N,NULL,NULL,NULL,N,NULL,NULL,NULL,NULL,NULL,NULL,7.392,NULL,NULL,NULL,NULL,,NULL,2,0,2,2,N,N,45,NULL,98,9801,NULL,,Y,37.49016,37,29.41,NULL,-82.50227,82,30.136,NULL,N,NULL,NULL,NULL,NULL,NULL,NULL,NULL,NULL,1,3,2,6,1,1,2,2,7,3,Y,NULL,Y,Y,1531,1536,1603,N,NULL,55,,0,N,,N,N,098-KY-1426-0,NULL,NULL,2019,C,7.23722E+11,098-KY-1426  -000,HIGH,098-KY-1426  -000,7.392,0,0,0,0,0,0,1,0,0,0,0,0,0
72395679,KSP0900,19-32214,20190820,1218,,,US119,,,US0119,US0119,0,098 US-119,US0119,Y,N,NULL,NULL,NULL,N,NULL,NULL,NULL,NULL,NULL,NULL,23.808,NULL,NULL,NULL,NULL,,NULL,0,0,2,2,N,N,10,NULL,98,9834,NULL,,Y,37.65316,37,39.19,NULL,-82.26843,82,16.106,NULL,N,NULL,NULL,NULL,NULL,NULL,NULL,NULL,NULL,1,97,4,6,1,1,2,2,7,3,N,NULL,Y,N,1218,1222,1225,N,NULL,90,2,1,N,,N,N,098-US-0119-0,NULL,NULL,2019,O,7.23957E+11,098-US-0119  -000,HIGH,098-US-0119  -000,23.808,0,0,0,1,0,0,1,1,0,0,0,0,0
72443834,KSP0900,19-45912,20191122,1314,,,WILLIAMSON,,RD,KY0292,KY0292,0,098 KY-292,KY0292,N,N,NULL,NULL,NULL,N,NULL,NULL,NULL,NULL,NULL,NULL,6.547,NULL,NULL,NULL,NULL,,NULL,1,0,2,2,Y,N,45,NULL,98,9834,NULL,,Y,37.67508,37,40.505,NULL,-82.29694,82,17.816,NULL,N,NULL,NULL,NULL,NULL,NULL,NULL,NULL,NULL,5,3,2,3,1,5,6,2,7,3,N,NULL,N,Y,1314,1402,1402,N,NULL,49,7,0,N,,N,N,098-KY-0292-0,NULL,NULL,2019,C,7.24438E+11,098-KY-0292  -000,HIGH,098-KY-0292  -000,6.547,0,0,0,0,0,0,0,0,0,0,0,0,0
72408968,KSP0900,19-36121,20190915,1936,,29024,US119,,,US0119,US0119,0,098 US-119-10,US0119,N,N,NULL,NULL,NULL,N,NULL,NULL,NULL,NULL,NULL,NULL,25.111,NULL,NULL,NULL,NULL,,NULL,0,0,2,1,N,N,55,NULL,98,9834,NULL,,Y,37.66945,37,40.167,NULL,-82.27857,82,16.714,NULL,N,NULL,NULL,NULL,NULL,NULL,NULL,NULL,NULL,8,2,4,6,1,1,2,2,1,3,N,NULL,N,N,1245,1459,1459,N,NULL,53,2,1,N,,N,N,098-US-0119-10,NULL,NULL,2019,O,7.2409E+11,098-US-0119  -010,HIGH,098-US-0119  -000,25.111,0,0,0,0,0,0,0,1,0,0,0,1,0
72420064,KSP0900,19-40316,20191012,2240,,,KY195,,,KY0195,KY0195,0,098 KY-195,KY0195,N,N,NULL,NULL,NULL,N,NULL,NULL,NULL,NULL,NULL,NULL,8.096,NULL,NULL,NULL,NULL,,NULL,0,0,1,1,N,N,45,NULL,98,9830,NULL,,Y,37.33076,37,19.846,NULL,-82.43304,82,25.982,NULL,N,NULL,NULL,NULL,NULL,NULL,NULL,NULL,NULL,9,3,2,3,1,1,10,6,7,3,N,NULL,Y,N,2253,2303,2332,N,NULL,70,7,0,N,,N,N,098-KY-0195-0,NULL,NULL,2019,O,7.24201E+11,098-KY-0195  -000,HIGH,098-KY-0195  -000,8.096,0,0,1,0,0,0,1,0,0,0,0,1,0
72368284,980100,2.019E+11,20190618,1319,,,KY1426,,,KY1426,KY1426,0,098 KY-1426,KY1426,N,N,NULL,NULL,NULL,N,NULL,NULL,NULL,NULL,NULL,NULL,6.922,NULL,NULL,NULL,NULL,,NULL,0,0,2,2,N,N,45,NULL,98,9801,NULL,,Y,37.4862,37,29.172,NULL,-82.50913,82,30.548,NULL,N,NULL,NULL,NULL,NULL,NULL,NULL,NULL,NULL,5,3,2,5,1,5,6,2,1,3,N,NULL,N,N,1319,1319,1319,N,NULL,49,,0,N,,N,N,098-KY-1426-0,NULL,NULL,2019,O,7.23683E+11,098-KY-1426  -000,HIGH,098-KY-1426  -000,6.922,0,0,0,0,0,0,1,0,0,0,0,0,0
72374218,980100,2.019E+11,20190701,1350,,,HAROLDS BRANCH,,RD,,,0,098 CS-1223,CS1223,Y,N,NULL,NULL,NULL,N,NULL,NULL,NULL,NULL,NULL,NULL,0.047,NULL,NULL,NULL,NULL,,NULL,0,0,2,2,N,N,15,NULL,98,9801,NULL,,Y,37.47223,37,28.334,NULL,-82.5223,82,31.338,NULL,N,NULL,NULL,NULL,NULL,NULL,NULL,NULL,NULL,1,97,2,1,2,1,2,2,1,3,N,NULL,Y,N,1350,1350,1436,N,NULL,90,,,N,,N,N,098-CS-1223-0,NULL,NULL,2019,O,7.23742E+11,098-CS-1223  -000,HIGH,098-CS-1223  -000,0.047,0,0,0,1,0,0,0,0,0,0,0,0,0
72425568,980500,2019AR067,20191024,1318,,3889,MAYO TRAIL,N,,,,,,,Y,N,NULL,NULL,NULL,N,NULL,NULL,NULL,NULL,NULL,NULL,NULL,NULL,NULL,NULL,NULL,NULL,NULL,0,0,2,2,N,N,15,NULL,98,9807,NULL,,Y,37.51983,37,31.19,NULL,-82.56876,82,34.125,NULL,N,NULL,NULL,NULL,NULL,NULL,NULL,NULL,NULL,1,97,2,5,1,1,2,2,1,3,N,NULL,Y,Y,1321,1324,1324,N,NULL,90,,,N,,N,N,,NULL,NULL,2019,O,7.24256E+11,098-US-0023  -010,MEDIUM,098-US-0023  -000,28.674,0,0,0,1,0,0,1,0,0,0,0,0,0
72418858,980100,2.019E+11,20191010,1408,,155,WINSTON,,DR,,,0,098 CS-1039,CS1039,Y,N,NULL,NULL,NULL,N,NULL,NULL,NULL,NULL,NULL,NULL,0.091,NULL,NULL,NULL,NULL,,NULL,0,0,2,2,N,N,NULL,NULL,98,9801,NULL,,Y,37.47764,37,28.658,NULL,-82.5623,82,33.738,NULL,N,NULL,NULL,NULL,NULL,NULL,NULL,NULL,NULL,2,97,1,6,1,1,2,2,1,3,N,NULL,Y,N,1408,1413,1413,N,NULL,90,,,N,,N,N,098-CS-1039-0,NULL,NULL,2019,O,7.24189E+11,098-CS-1039  -000,HIGH,098-CS-1039  -000,0.091,0,0,0,1,0,0,1,0,0,0,0,0,0
72430242,980100,2.019E+11,20191031,924,,,SOUTH MAYO,,TRL,,,,,,N,N,NULL,NULL,NULL,N,NULL,NULL,NULL,NULL,NULL,NULL,NULL,NULL,NULL,NULL,NULL,NULL,NULL,0,0,2,2,N,N,55,NULL,98,9801,NULL,,Y,37.46547,37,27.928,NULL,-82.52594,82,31.557,NULL,N,NULL,NULL,NULL,NULL,NULL,NULL,NULL,NULL,5,3,4,6,1,5,6,2,1,3,N,NULL,Y,N,924,930,930,N,NULL,49,,,N,,N,N,,NULL,NULL,2019,O,7.24302E+11,098-US-0023  -000,MEDIUM,098-US-0023  -000,22.94,0,0,1,0,0,0,1,0,0,0,0,0,0
72405138,KSP0900,19-35186,20190909,1652,,,KY611,,,KY0611,KY0611,0,098 KY-611,KY0611,N,N,NULL,NULL,NULL,N,NULL,NULL,NULL,NULL,NULL,NULL,4.903,NULL,NULL,NULL,NULL,,NULL,0,0,2,2,N,N,55,NULL,98,9801,10,S,N,37.31781,37,19.069,NULL,-82.5308,82,31.848,NULL,N,NULL,NULL,NULL,NULL,NULL,NULL,NULL,NULL,5,3,1,4,1,1,2,2,6,3,N,NULL,Y,Y,1820,1905,,N,NULL,49,8,0,N,,N,N,098-KY-0611-0,NULL,NULL,2019,O,7.24051E+11,098-KY-0611  -000,HIGH,098-KY-0611  -000,4.903,0,0,0,0,0,0,0,0,0,0,0,0,0
72448287,980500,2019-AR072,20191127,1149,,,MAYO,N,TRL,US0023,US0023,0,098 US-23,US0023,N,N,NULL,NULL,NULL,N,NULL,NULL,NULL,NULL,NULL,NULL,27.484,NULL,NULL,NULL,NULL,NULL,NULL,0,0,2,2,N,N,55,NULL,98,9807,NULL,,Y,37.51145,37,30.687,NULL,-82.55057,82,33.034,NULL,N,NULL,NULL,NULL,NULL,NULL,NULL,NULL,NULL,8,3,6,6,1,1,2,2,7,3,N,NULL,Y,Y,1152,1157,1157,N,NULL,53,,1,N,,N,N,098-US-0023-0,NULL,NULL,2019,O,7.24483E+11,098-US-0023  -000,HIGH,098-US-0023  -000,27.484,0,1,0,0,0,0,1,0,0,0,0,1,0
72442309,980100,2.019E+11,20191125,1556,,151,MAYO,S,TRL,KY3496,KY3496,0,098 KY-3496,KY3496,Y,N,NULL,NULL,NULL,N,NULL,NULL,NULL,NULL,NULL,NULL,NULL,NULL,NULL,NULL,NULL,NULL,NULL,0,0,2,2,N,N,35,NULL,98,9801,NULL,,Y,37.47184,37,28.31,NULL,-82.52946,82,31.768,NULL,N,NULL,NULL,NULL,NULL,NULL,NULL,NULL,NULL,2,97,2,6,1,1,3,2,1,3,N,NULL,Y,N,1556,1600,1621,N,NULL,90,16,0,N,,N,N,098-KY-3496-0,NULL,NULL,2019,O,7.24423E+11,098-KY-3496  -000,HIGH,098-KY-3496  -000,0.804,0,0,0,0,0,0,1,0,0,0,0,0,0
72461158,980100,2.02E+11,20200104,2252,,,HUFFMAN,,AVE,,,0,098 CS-1123,CS1123,N,N,NULL,NULL,NULL,N,NULL,NULL,NULL,NULL,NULL,NULL,0.147,NULL,NULL,NULL,NULL,,NULL,0,0,2,2,N,N,25,NULL,98,9801,NULL,,Y,37.47817,37,28.69,NULL,-82.51919,82,31.151,NULL,N,NULL,NULL,NULL,NULL,NULL,NULL,NULL,NULL,2,97,1,6,1,1,2,4,1,3,N,NULL,Y,N,2252,2256,,N,NULL,47,,,N,,N,N,098-CS-1123-0,NULL,NULL,2020,O,7.24612E+11,098-CS-1123  -000,HIGH,098-CS-1123  -000,0.147,0,0,0,0,0,0,1,0,0,0,0,0,0
72382922,KSP0900,19-27065,20190716,1540,,,US23,,,US0023,US0023,0,098 US-23,US0023,Y,N,NULL,NULL,NULL,N,NULL,NULL,NULL,NULL,NULL,NULL,12.981,NULL,NULL,NULL,NULL,,NULL,0,0,2,2,N,N,NULL,NULL,98,9801,NULL,,Y,37.3727,37,22.362,NULL,-82.54208,82,32.525,NULL,N,NULL,NULL,NULL,NULL,NULL,NULL,NULL,NULL,6,97,NULL,6,1,1,2,2,1,3,N,NULL,N,N,1540,1550,,N,NULL,90,,1,Y,,N,N,098-US-0023-0,NULL,NULL,2019,O,7.23829E+11,098-US-0023  -000,HIGH,098-US-0023  -000,12.981,0,0,0,0,0,0,1,0,0,0,0,0,0
72375890,980100,2.019E+11,20190705,1359,,254,CASSIDY,,BLVD,,,0,098 CS-1191,CS1191,Y,N,NULL,NULL,NULL,N,NULL,NULL,NULL,NULL,NULL,NULL,0.053,NULL,NULL,NULL,NULL,,NULL,0,0,2,2,N,N,NULL,NULL,98,9801,NULL,,Y,37.50368,37,30.221,NULL,-82.53302,82,31.981,NULL,N,NULL,NULL,NULL,NULL,NULL,NULL,NULL,NULL,1,97,1,6,1,1,2,2,1,3,N,NULL,Y,N,1359,1405,1405,N,NULL,90,,,N,,N,N,098-CS-1191-0,NULL,NULL,2019,O,7.23759E+11,098-CS-1191  -000,HIGH,098-CS-1191  -000,0.053,0,0,0,0,0,0,1,0,0,0,0,0,0
72376584,980100,2.019E+11,20190707,350,,254,CASSIDY,,BLVD,,,,,,Y,N,NULL,NULL,NULL,N,NULL,NULL,NULL,NULL,NULL,NULL,NULL,NULL,NULL,NULL,NULL,NULL,NULL,0,0,2,2,Y,N,15,NULL,98,9801,NULL,,Y,37.50691,37,30.415,NULL,-82.53931,82,32.359,NULL,N,NULL,NULL,NULL,NULL,NULL,NULL,NULL,NULL,7,97,NULL,6,1,1,2,5,1,3,N,NULL,Y,N,350,355,,N,NULL,90,,,N,,N,N,,NULL,NULL,2019,NULL,7.23766E+11,098-CS-1191  -000,HIGH,098-CS-1191  -000,0.366,0,0,0,0,0,0,0,0,0,0,0,0,0
72411255,980100,2.019E+11,20190924,800,,,HAMBLEY,,BLVD,,,0,098 CS-1222,CS1222,N,N,NULL,NULL,NULL,N,NULL,NULL,NULL,NULL,NULL,NULL,0.947,NULL,NULL,NULL,NULL,,NULL,0,0,1,1,N,N,35,NULL,98,9801,NULL,,Y,37.48401,37,29.041,NULL,-82.52097,82,31.258,NULL,N,NULL,NULL,NULL,NULL,NULL,NULL,NULL,NULL,9,5,2,6,1,1,2,2,1,3,N,NULL,Y,N,806,806,806,Y,NULL,40,,,N,,N,N,098-CS-1222-0,NULL,NULL,2019,O,7.24113E+11,098-CS-1222  -000,HIGH,098-CS-1222  -000,0.947,0,0,0,0,0,0,0,0,0,0,0,1,0
72427226,KSP0900,19-42101,20191026,1123,,,US119,,,US0119,US0119,0,098 US-119,US0119,N,N,NULL,NULL,NULL,N,NULL,NULL,NULL,NULL,NULL,NULL,22.259,NULL,NULL,NULL,NULL,,NULL,1,0,2,2,N,N,55,NULL,98,9836,NULL,,Y,37.63541,37,38.124,NULL,-82.25899,82,15.539,NULL,N,NULL,NULL,NULL,NULL,NULL,NULL,NULL,NULL,1,3,2,6,1,5,2,2,1,3,N,NULL,Y,Y,1123,1136,1231,N,NULL,55,2,1,N,,N,N,098-US-0119-0,NULL,NULL,2019,C,7.24272E+11,098-US-0119  -000,HIGH,098-US-0119  -000,22.259,0,0,0,1,0,0,0,1,0,0,0,0,0
72430921,980100,2.019E+11,20191102,2330,,,US23 TURN LANE,,,US0023,US0023,,,,N,N,NULL,NULL,NULL,N,NULL,NULL,NULL,NULL,NULL,NULL,0.015,NULL,NULL,NULL,NULL,,NULL,0,0,2,2,N,N,55,NULL,98,9801,NULL,,Y,37.50371,37,30.223,NULL,-82.53236,82,31.942,NULL,N,NULL,NULL,NULL,NULL,NULL,NULL,NULL,NULL,5,3,6,6,1,1,2,5,1,3,N,NULL,Y,N,2230,2334,1,N,NULL,49,,1,N,,N,N,,NULL,NULL,2019,O,7.24309E+11,098-US-0023  -020,MEDIUM,098-US-0023  -020,0.015,0,0,0,0,0,0,1,0,0,0,0,0,0
72399288,980100,2.019E+11,20190825,2127,,,KY3496,,,KY3496,KY3496,,,,Y,N,NULL,NULL,NULL,N,NULL,NULL,NULL,NULL,NULL,NULL,0.124,NULL,NULL,NULL,NULL,,NULL,0,0,2,2,N,N,NULL,NULL,98,9801,NULL,,Y,37.4661,37,27.966,NULL,-82.52991,82,31.795,NULL,N,NULL,NULL,NULL,NULL,NULL,NULL,NULL,NULL,5,97,1,6,1,1,2,5,1,3,N,NULL,Y,N,2127,2128,2128,N,NULL,90,16,0,Y,,N,N,,NULL,NULL,2019,O,7.23993E+11,098-KY-3496  -000,HIGH,098-KY-3496  -000,0.124,0,0,0,0,0,0,1,0,1,0,0,0,0
72406562,KSP0900,19-34548,20190904,2056,,,US23,,,US0023,US0023,0,098 US-23-10,US0023,N,N,NULL,NULL,NULL,N,NULL,NULL,NULL,NULL,NULL,NULL,28.906,NULL,NULL,NULL,NULL,,NULL,0,0,2,2,N,N,55,NULL,98,9807,NULL,,Y,37.52264,37,31.358,NULL,-82.57109,82,34.266,NULL,N,NULL,NULL,NULL,NULL,NULL,NULL,NULL,NULL,8,3,4,6,1,1,2,2,7,3,N,NULL,N,N,2056,2106,,N,NULL,53,,1,N,,N,N,098-US-0023-10,NULL,NULL,2019,O,7.24066E+11,098-US-0023  -010,HIGH,098-US-0023  -000,28.906,0,0,0,0,0,0,1,0,0,0,0,1,0
72463483,980100,2.02E+11,20200114,1623,,,KY3496,,,KY3496,KY3496,,,,N,N,NULL,NULL,NULL,N,NULL,NULL,NULL,NULL,NULL,NULL,0.012,NULL,NULL,NULL,NULL,,NULL,0,0,2,2,N,N,35,NULL,98,9801,NULL,,Y,37.46581,37,27.949,NULL,-82.52814,82,31.689,NULL,N,NULL,NULL,NULL,NULL,NULL,NULL,NULL,NULL,5,3,3,3,1,5,10,2,1,3,N,NULL,Y,N,1623,1626,1629,N,NULL,49,16,0,N,,N,N,,NULL,NULL,2020,O,7.24635E+11,098-KY-3496  -000,MEDIUM,098-KY-3496  -000,0.012,0,0,0,0,0,0,1,0,0,0,0,0,0
72385572,KSP0900,19-26961,20190715,2100,,,GOODY,,LOOP,,,0,098 PR-1024,PR1024,Y,N,NULL,NULL,NULL,N,NULL,NULL,NULL,NULL,NULL,NULL,0.049,NULL,NULL,NULL,NULL,,NULL,0,0,1,1,N,N,15,NULL,98,9834,NULL,,Y,37.65962,37,39.577,NULL,-82.27252,82,16.351,NULL,N,NULL,NULL,NULL,NULL,NULL,NULL,NULL,NULL,9,97,2,6,1,1,2,5,1,3,N,NULL,Y,N,2130,2130,2150,N,NULL,90,,,N,,N,N,098-PR-1024-0,NULL,NULL,2019,O,7.23856E+11,098-PR-1024  -000,HIGH,098-PR-1024  -000,0.049,0,0,0,0,0,0,1,0,0,0,0,1,0
72460765,980100,2.02E+11,20200107,1010,,,,,,US0023,US0023,,,,N,N,NULL,NULL,NULL,N,NULL,NULL,NULL,NULL,NULL,NULL,0.103,NULL,NULL,NULL,NULL,NULL,NULL,1,0,1,1,N,N,55,NULL,98,9801,NULL,,Y,37.48079,37,28.847,NULL,-82.54281,82,32.569,NULL,Y,KY1384,W,NULL,098 US-23-221,US0023,N,NULL,098 US-23-221,9,3,4,1,1,4,9,2,1,3,Y,NULL,Y,Y,1010,1010,1039,Y,NULL,72,,1,N,,N,N,,NULL,NULL,2020,C,7.24608E+11,098-US-0023  -221,HIGH,098-US-0023  -221,0.103,0,0,0,0,0,0,0,0,0,0,0,1,0
72376389,KSP0900,2019-25228,20190704,2154,,,STONE COAL CREEK,,RD,KY3227,KY3227,0,098 KY-3227,KY3227,N,N,NULL,NULL,NULL,N,NULL,NULL,NULL,NULL,NULL,NULL,2.484,NULL,NULL,NULL,NULL,,NULL,0,0,2,2,Y,N,55,NULL,98,9801,NULL,,Y,37.53539,37,32.123,NULL,-82.5248,82,31.488,NULL,N,NULL,NULL,NULL,NULL,NULL,NULL,NULL,NULL,3,,1,6,1,1,2,6,7,3,N,NULL,N,N,2248,2304,2304,N,NULL,52,8,0,N,,N,N,098-KY-3227-0,NULL,NULL,2019,O,7.23764E+11,098-KY-3227  -000,HIGH,098-KY-3227  -000,2.484,0,0,1,0,0,0,1,0,0,0,0,1,0
72457173,KSP0900,19-49966,20191223,2008,,,US23,,,US0023,US0023,0,098 US-23-10,US0023,N,N,NULL,NULL,NULL,N,NULL,NULL,NULL,NULL,NULL,NULL,28.866,NULL,NULL,NULL,NULL,,NULL,0,0,2,2,N,N,55,NULL,98,9807,NULL,,Y,37.52223,37,31.334,NULL,-82.57057,82,34.234,NULL,N,NULL,NULL,NULL,NULL,NULL,NULL,NULL,NULL,5,3,4,6,1,1,2,5,7,3,N,NULL,Y,N,2014,2017,2017,N,NULL,49,,1,N,,N,N,098-US-0023-10,NULL,NULL,2019,O,7.24572E+11,098-US-0023  -010,HIGH,098-US-0023  -000,28.866,0,0,0,0,0,0,0,0,0,0,0,0,0
72446381,980100,2.019E+11,20191204,1645,,,DIVISION,,ST,,,0,098 CS-1130,CS1130,N,N,NULL,NULL,NULL,N,NULL,NULL,NULL,NULL,NULL,NULL,0.176,NULL,NULL,NULL,NULL,,NULL,0,0,2,2,N,N,15,NULL,98,9801,NULL,,Y,37.47895,37,28.737,NULL,-82.51652,82,30.991,NULL,N,NULL,NULL,NULL,NULL,NULL,NULL,NULL,NULL,2,97,1,6,2,1,2,2,5,3,N,NULL,Y,N,1645,1648,1648,N,NULL,47,,,N,,N,N,098-CS-1130-0,NULL,NULL,2019,O,7.24464E+11,098-CS-1130  -000,HIGH,098-CS-1130  -000,0.176,0,0,0,0,0,0,1,0,0,0,0,0,0
72455010,KSP0900,19-49821,20191222,1850,,,KY632,,,KY0632,KY0632,0,098 KY-632,KY0632,N,N,NULL,NULL,NULL,N,NULL,NULL,NULL,NULL,NULL,NULL,0.466,NULL,NULL,NULL,NULL,,NULL,0,0,1,1,N,N,45,NULL,98,9817,NULL,,Y,37.49673,37,29.804,NULL,-82.34299,82,20.58,NULL,N,NULL,NULL,NULL,NULL,NULL,NULL,NULL,NULL,9,3,2,6,1,1,2,6,7,3,N,NULL,Y,N,1754,1851,1851,N,NULL,70,6,0,N,,N,N,098-KY-0632-0,NULL,NULL,2019,O,7.2455E+11,098-KY-0632  -000,HIGH,098-KY-0632  -000,0.466,0,0,0,0,0,0,0,0,0,0,0,0,0
72448254,KSP0900,2019-48113,20191209,942,,,LEFT FORK OF ISLAND,,CRK,KY3416,KY3416,0,098 KY-3416,KY3416,N,N,NULL,NULL,NULL,N,NULL,NULL,NULL,NULL,NULL,NULL,0.966,NULL,NULL,NULL,NULL,,NULL,1,0,1,1,N,N,55,NULL,98,9801,NULL,,Y,37.44107,37,26.464,NULL,-82.54195,82,32.517,NULL,N,NULL,NULL,NULL,NULL,NULL,NULL,NULL,NULL,9,3,2,3,1,5,3,2,7,3,Y,NULL,Y,Y,942,949,1035,N,NULL,44,9,0,N,,N,N,098-KY-3416-0,NULL,NULL,2019,C,7.24483E+11,098-KY-3416  -000,HIGH,098-KY-3416  -000,0.966,0,0,0,0,0,0,0,0,0,0,0,1,0
72437897,980100,2.019E+11,20191117,1513,,254,CASSIDY BLVD,,,,,,,,Y,N,NULL,NULL,NULL,N,NULL,NULL,NULL,NULL,NULL,NULL,NULL,NULL,NULL,NULL,NULL,,NULL,0,0,2,2,N,Y,15,NULL,98,9801,NULL,,Y,37.50644,37,30.386,NULL,-82.5397,82,32.382,NULL,N,NULL,NULL,NULL,NULL,NULL,NULL,NULL,NULL,1,97,1,6,1,1,2,2,1,3,N,NULL,Y,N,1513,1521,1521,N,NULL,90,,,N,,N,N,,NULL,NULL,2019,O,7.24379E+11,098-CS-1191  -000,MEDIUM,098-CS-1191  -000,0.375,0,0,0,0,0,0,1,0,0,0,0,0,0
72410055,980100,2.019E+11,20190920,1217,,,OWSLEY,,RD,KY1384,KY1384,0,098 KY-1384,KY1384,N,N,NULL,NULL,NULL,N,NULL,NULL,NULL,NULL,NULL,NULL,6.861,NULL,NULL,NULL,NULL,,NULL,1,0,2,2,N,N,45,NULL,98,9801,NULL,,Y,37.4798,37,28.788,NULL,-82.54197,82,32.518,NULL,N,NULL,NULL,NULL,NULL,NULL,NULL,NULL,NULL,1,3,3,6,1,1,2,2,7,3,N,NULL,Y,Y,1217,1222,1310,N,NULL,55,16,0,N,,N,N,098-KY-1384-0,NULL,NULL,2019,B,7.24101E+11,098-KY-1384  -000,HIGH,098-KY-1384  -000,6.861,0,0,0,1,0,0,1,0,0,0,0,0,0