MasterFile,AgencyORINumber,LocalCode,CollisionDate,CollisionTime,CollisionDayWeekCode,RoadwayName_HouseBusinessNumber_,RoadwayName_RoadwayName_,RoadwayName_Direction_,RoadwayName_RoadwaySuffix_,RoadwayfromReport,CurrentRoadwayNumber,RoadwayNumberCoupletID,RSEUniqueGIS,RoadwayIdentifier,ParkingLotIndicator,IntersectionWith_Indicator_,IntersectionWith_NameRoadway_,IntersectionWith_Direction_,IntersectionWith_RoadwaySuffix_,BetweenStreets_Indicator_,BetweenStreets1_NameRoadway_,BetweenStreet1_Direction_,BetweenStreets1_RoadwaySuffix_,BetweenStreets2_NameRoadway_,BetweenStreets2_Direction_,BetweenStreets2_RoadwaySuffix_,Milepoint,ReportMilepointDeriveNumber,CurrentDerivedMiepointNumber,MilestoMilepoint,FeettoMilepoint,DirectionfromMilepoint_NSEW_,ValidMilepointIndicator,NumberInjured,NumberKilled,ofUnits,ofMotorVehicleUnits,Hit&RunIndicator,OneWayIndicator,SpeedLimitNumber,KilometersIndicator,CountyCode,CityCountyCode,MilesFromCity,DirectionFromCity_NSEW_,InCityLimitsIndicator,Latitude,LatitudeDegrees,LatitudeMinutes,LatitudeSeconds,Longitude,LongitudeDegrees,LongitudeMinutes,LongitudeSeconds,RampIndicator,RampFromIdentifier,RampFromDirCode,RampFromCoupletID,RSEUniqueGISRampFrom,RampToidentifier,RampToDirCode,RampToCoupletID,RSEUniqueGisRampTo,MannerofCollisionCode,LocationFirstEventCode,TotalLanes,RoadwayCharacterCode,RoadwaySurfaceCode,RoadwayConditionCode,WeatherCode,LightConditionCode,LandUseCode,SchoolBusRelatedCode,FirstAidSceneIndicator,CollDescPresentInd,InvestigationCompleteIndicator,PhotosTakenIndicator,TimeNotified,TimeArrived,TimeRoadwayOpened,PropertyDamageIndicator,DiagramPresentIndicator,DirectionalAnalysis,FunctionClassCode,NationalHwySysCode,EnforcementsIndicator,KARSCityCode,SecondaryCollisionIndicator,MedianCrossoverIndicator,RT_UNIQUE,MapIt,TimeLastLeft,YR,KABCO,MFNY,WorkingRID,RT_CONFIDENCE,KTC_RT,KTC_MP,Motorcyclist,CommercialVehicle,YoungDriver,MatureDriver,pedestrian,Bicyclist,Distracted,agressive,Impaired,Unrestrained,Intersection,RoadwayDeparture,MedXover
72436724,KSP0900,19-44821,20191114,2207,,,KY1499,,,KY1499,KY1499,0,098 KY-1499,KY1499,N,N,NULL,NULL,NULL,N,NULL,NULL,NULL,NULL,NULL,NULL,0.29,NULL,NULL,NULL,NULL,,NULL,2,0,2,2,N,N,55,NULL,98,9847,NULL,,Y,37.38634,37,23.181,NULL,-82.2569,82,15.414,NULL,N,NULL,NULL,NULL,NULL,NULL,NULL,NULL,NULL,3,3,2,6,1,1,2,6,7,3,N,NULL,Y,Y,2208,2228,2320,N,NULL,52,7,0,N,,N,Y,098-KY-1499-0,NULL,NULL,2019,C,7.24367E+11,098-KY-1499  -000,HIGH,098-KY-1499  -000,0.29,0,0,0,0,0,0,0,0,0,0,0,1,1
72402316,980100,2.019E+11,20190903,1829,,,CASSIDY,,BLVD,,,0,098 CS-1191,CS1191,N,N,NULL,NULL,NULL,N,NULL,NULL,NULL,NULL,NULL,NULL,0.231,NULL,NULL,NULL,NULL,,NULL,0,0,2,2,N,N,25,NULL,98,9801,NULL,,Y,37.50436,37,30.262,NULL,-82.53567,82,32.14,NULL,N,NULL,NULL,NULL,NULL,NULL,NULL,NULL,NULL,4,3,5,6,1,1,2,2,1,3,N,NULL,Y,N,1829,1835,1841,N,NULL,70,,,N,,N,N,098-CS-1191-0,NULL,NULL,2019,O,7.24023E+11,098-CS-1191  -000,HIGH,098-CS-1191  -000,0.231,0,0,0,1,0,0,1,1,0,0,0,0,0
72399399,KSP0900,19-33336,20190827,1755,,,APPALACHIAN,,PLZ,,,0,098 PR-1008,PR1008,Y,N,NULL,NULL,NULL,N,NULL,NULL,NULL,NULL,NULL,NULL,0.043,NULL,NULL,NULL,NULL,,NULL,0,0,2,2,N,N,15,NULL,98,9834,NULL,,Y,37.66571,37,39.943,NULL,-82.27389,82,16.433,NULL,N,NULL,NULL,NULL,NULL,NULL,NULL,NULL,NULL,5,97,1,6,1,1,2,2,7,3,N,NULL,N,N,1755,1812,1812,N,NULL,90,,,N,,N,N,098-PR-1008-0,NULL,NULL,2019,O,7.23994E+11,098-PR-1008  -000,HIGH,098-PR-1008  -000,0.043,0,0,0,0,0,0,0,0,0,0,0,0,0
72399593,KSP0900,19-33393,20190828,615,,,KY1056,,,KY1056,KY1056,0,098 KY-1056,KY1056,N,N,NULL,NULL,NULL,N,NULL,NULL,NULL,NULL,NULL,NULL,8.945,NULL,NULL,NULL,NULL,,NULL,0,0,2,2,N,N,55,NULL,98,9863,NULL,,Y,37.59424,37,35.654,NULL,-82.16986,82,10.192,NULL,N,NULL,NULL,NULL,NULL,NULL,NULL,NULL,NULL,7,3,2,3,1,5,6,6,7,3,N,NULL,Y,N,614,630,733,N,NULL,54,7,0,N,,N,N,098-KY-1056-0,NULL,NULL,2019,O,7.23996E+11,098-KY-1056  -000,HIGH,098-KY-1056  -000,8.945,0,0,1,0,0,0,1,0,0,0,0,1,0
72401331,KSP0900,19-33995,20190901,116,,,COWPEN,,RD,KY2061,KY2061,0,098 KY-2061,KY2061,N,N,NULL,NULL,NULL,N,NULL,NULL,NULL,NULL,NULL,NULL,6.934,NULL,NULL,NULL,NULL,,NULL,0,0,1,1,N,N,55,NULL,98,9801,3,N,N,37.59951,37,35.971,NULL,-82.53211,82,31.927,NULL,N,NULL,NULL,NULL,NULL,NULL,NULL,NULL,NULL,9,5,2,3,1,1,2,4,6,3,N,NULL,Y,N,116,126,,Y,NULL,40,,0,N,,N,N,098-KY-2061-0,NULL,NULL,2019,O,7.24013E+11,098-KY-2061  -000,HIGH,098-KY-2061  -000,6.934,0,0,1,0,0,0,0,0,0,0,0,1,0
72394017,980100,2.019E+11,20190816,1040,,,HAMBLEY,,BLVD,,,,,,Y,N,NULL,NULL,NULL,N,NULL,NULL,NULL,NULL,NULL,NULL,1.631,NULL,NULL,NULL,NULL,,NULL,0,0,2,2,N,N,15,NULL,98,9801,NULL,,Y,37.48203,37,28.922,NULL,-82.53292,82,31.975,NULL,N,NULL,NULL,NULL,NULL,NULL,NULL,NULL,NULL,8,97,2,6,2,1,2,2,1,3,N,NULL,Y,N,1040,1041,,N,NULL,90,,,N,,N,N,,NULL,NULL,2019,O,7.2394E+11,098-CS-1222  -000,MEDIUM,098-CS-1222  -000,1.631,0,0,0,0,0,0,1,0,0,0,0,0,0
72414794,KSP0900,19-38519,20191001,1757,,,KY366,,,KY0366,KY0366,0,098 KY-366,KY0366,N,N,NULL,NULL,NULL,N,NULL,NULL,NULL,NULL,NULL,NULL,4.358,NULL,NULL,NULL,NULL,,NULL,0,0,2,2,Y,N,35,NULL,98,9839,NULL,,Y,37.4105,37,24.63,NULL,-82.19037,82,11.422,NULL,N,NULL,NULL,NULL,NULL,NULL,NULL,NULL,NULL,7,3,2,6,1,1,2,,6,3,N,NULL,Y,N,1816,1900,1757,N,NULL,54,9,0,N,,N,N,098-KY-0366-0,NULL,NULL,2019,O,7.24148E+11,098-KY-0366  -000,HIGH,098-KY-0366  -000,4.358,0,0,0,0,0,0,0,0,0,0,0,1,0
72414152,980100,2.019E+11,20190923,804,,,HAMBLEY,,BLVD,,,0,098 CS-1222,CS1222,N,N,NULL,NULL,NULL,N,NULL,NULL,NULL,NULL,NULL,NULL,0.1,NULL,NULL,NULL,NULL,,NULL,1,0,2,2,N,N,35,NULL,98,9801,NULL,,Y,37.47442,37,28.465,NULL,-82.52554,82,31.532,NULL,N,NULL,NULL,NULL,NULL,NULL,NULL,NULL,NULL,5,6,2,6,1,1,2,2,1,3,Y,NULL,Y,Y,804,806,834,N,NULL,47,,,N,,N,N,098-CS-1222-0,NULL,NULL,2019,C,7.24142E+11,098-CS-1222  -000,HIGH,098-CS-1222  -000,0.1,0,0,0,0,0,0,0,0,0,0,0,0,0
72400563,980100,2.019E+11,20190829,937,,,HAROLDS BRANCH,,RD,,,0,098 CS-1223,CS1223,N,N,NULL,NULL,NULL,N,NULL,NULL,NULL,NULL,NULL,NULL,1.21,NULL,NULL,NULL,NULL,,NULL,0,0,2,2,N,N,25,NULL,98,9801,NULL,,Y,37.46634,37,27.98,NULL,-82.50228,82,30.137,NULL,N,NULL,NULL,NULL,NULL,NULL,NULL,NULL,NULL,8,97,1,6,3,8,2,2,5,3,N,NULL,Y,N,937,945,945,N,NULL,47,,,N,,N,N,098-CS-1223-0,NULL,NULL,2019,O,7.24006E+11,098-CS-1223  -000,HIGH,098-CS-1223  -000,1.21,0,0,0,0,0,0,1,0,0,0,0,0,0
72391239,KSP0900,19-30454,20190808,2102,,,TOLER,,RD,KY0319,KY0319,0,098 KY-319,KY0319,N,N,NULL,NULL,NULL,N,NULL,NULL,NULL,NULL,NULL,NULL,1.13,NULL,NULL,NULL,NULL,,NULL,0,0,1,1,N,N,55,NULL,98,9842,NULL,,Y,37.58635,37,35.181,NULL,-82.19706,82,11.824,NULL,N,NULL,NULL,NULL,NULL,NULL,NULL,NULL,NULL,9,4,2,2,1,1,2,6,7,3,N,NULL,Y,N,2102,2127,2259,Y,NULL,44,7,0,N,,N,N,098-KY-0319-0,NULL,NULL,2019,O,7.23912E+11,098-KY-0319  -000,HIGH,098-KY-0319  -000,1.13,0,0,0,0,0,0,1,0,0,0,0,1,0
72392756,KSP0900,19-9841,20190325,922,,,KY194,,,KY0194,KY0194,0,098 KY-194,KY0194,N,N,NULL,NULL,NULL,N,NULL,NULL,NULL,NULL,NULL,NULL,63.57,NULL,NULL,NULL,NULL,,NULL,0,0,1,1,N,N,35,NULL,98,9811,NULL,,Y,37.55864,37,33.519,NULL,-82.1077,82,6.462,NULL,N,NULL,NULL,NULL,NULL,NULL,NULL,NULL,NULL,9,3,2,6,1,1,2,2,7,3,N,NULL,Y,N,922,923,947,N,NULL,44,7,0,N,,N,N,098-KY-0194-0,NULL,NULL,2019,O,7.23928E+11,098-KY-0194  -000,HIGH,098-KY-0194  -000,63.57,0,0,0,1,0,0,0,0,0,0,0,1,0
72411797,980100,2.019E+11,20190924,1504,,,HAMBLEY BLVD,,,,,,,,Y,N,NULL,NULL,NULL,N,NULL,NULL,NULL,NULL,NULL,NULL,NULL,NULL,NULL,NULL,NULL,NULL,NULL,0,0,2,2,N,N,NULL,NULL,98,9801,NULL,,Y,37.47813,37,28.688,NULL,-82.52031,82,31.219,NULL,N,NULL,NULL,NULL,NULL,NULL,NULL,NULL,NULL,8,97,NULL,6,2,1,2,2,1,3,N,NULL,Y,N,1504,1506,,N,NULL,90,,,N,,N,N,,NULL,NULL,2019,O,7.24118E+11,098-CS-1222  -000,HIGH,098-CS-1222  -000,0.487,0,0,1,0,0,0,0,0,0,0,0,0,0
72383353,KSP0900,19-27397,20190719,200,,,BRUSHY,,RD,KY0881,KY0881,0,098 KY-881,KY0881,N,N,NULL,NULL,NULL,N,NULL,NULL,NULL,NULL,NULL,NULL,2.504,NULL,NULL,NULL,NULL,,NULL,0,0,1,1,N,N,55,NULL,98,9833,NULL,,Y,37.60483,37,36.29,NULL,-82.39351,82,23.61,NULL,N,NULL,NULL,NULL,NULL,NULL,NULL,NULL,NULL,9,3,2,2,1,1,2,6,7,3,N,NULL,Y,N,147,206,206,N,NULL,40,8,0,N,,N,N,098-KY-0881-0,NULL,NULL,2019,O,7.23834E+11,098-KY-0881  -000,HIGH,098-KY-0881  -000,2.504,0,0,0,0,0,0,1,0,0,0,0,1,0
72409541,KSP0900,19-36087,20190915,1035,,,KY194,,,KY0194,KY0194,0,098 KY-194,KY0194,N,N,NULL,NULL,NULL,N,NULL,NULL,NULL,NULL,NULL,NULL,14.864,NULL,NULL,NULL,NULL,,NULL,0,0,2,2,N,N,55,NULL,98,9820,NULL,,Y,37.57673,37,34.604,NULL,-82.47705,82,28.623,NULL,N,NULL,NULL,NULL,NULL,NULL,NULL,NULL,NULL,1,3,2,6,1,1,2,2,7,3,N,NULL,N,N,1035,1051,,N,NULL,55,7,0,N,,N,N,098-KY-0194-0,NULL,NULL,2019,O,7.24095E+11,098-KY-0194  -000,HIGH,098-KY-0194  -000,14.864,0,0,0,0,0,0,1,0,0,0,0,0,0
72441918,KSP0900,19-45318,20191118,1020,,,ACCESS RD 1,,,,,0,098 CR-1426K,CR1426K,N,N,NULL,NULL,NULL,N,NULL,NULL,NULL,NULL,NULL,NULL,0.347,NULL,NULL,NULL,NULL,,NULL,0,0,2,2,N,N,55,NULL,98,9801,NULL,,Y,37.53993,37,32.396,NULL,-82.58217,82,34.93,NULL,N,NULL,NULL,NULL,NULL,NULL,NULL,NULL,NULL,7,3,4,5,1,1,3,2,1,3,N,NULL,Y,N,1020,1043,1043,N,NULL,54,,,N,,N,N,098-CR-1426K-0,NULL,NULL,2019,O,7.24419E+11,098-CR-1426K -000,HIGH,098-CR-1426K -000,0.347,0,0,0,1,0,0,0,0,0,0,0,1,0
72409431,KSP0900,19-35269,20190910,500,,,TOLER,,RD,KY0319,KY0319,0,098 KY-319,KY0319,N,N,NULL,NULL,NULL,N,NULL,NULL,NULL,NULL,NULL,NULL,6.103,NULL,NULL,NULL,NULL,,NULL,1,0,1,1,N,N,45,NULL,98,9842,NULL,,Y,37.63301,37,37.98,NULL,-82.25172,82,15.103,NULL,N,NULL,NULL,NULL,NULL,NULL,NULL,NULL,NULL,9,3,2,6,1,1,3,6,7,3,Y,NULL,N,Y,507,545,620,N,NULL,40,7,0,N,,N,N,098-KY-0319-0,NULL,NULL,2019,B,7.24094E+11,098-KY-0319  -000,HIGH,098-KY-0319  -000,6.103,0,0,0,0,0,0,0,0,0,0,0,1,0
72397473,980100,2.019E+11,20190821,2035,,548,BYPASS,S,RD,KY1426,KY1426,,,,Y,N,NULL,NULL,NULL,N,NULL,NULL,NULL,NULL,NULL,NULL,6.528,NULL,NULL,NULL,NULL,,NULL,0,0,2,2,Y,N,15,NULL,98,9801,NULL,,Y,37.48207,37,28.924,NULL,-82.51394,82,30.836,NULL,N,NULL,NULL,NULL,NULL,NULL,NULL,NULL,NULL,2,97,NULL,6,1,1,2,8,1,3,N,NULL,Y,N,2036,2041,,N,NULL,90,,0,N,,N,N,,NULL,NULL,2019,O,7.23975E+11,098-KY-1426  -000,HIGH,098-KY-1426  -000,6.528,0,0,0,0,0,0,0,0,0,1,0,0,0
72382465,980100,2.019E+11,20190721,1131,,,MAYO,N,TRL,US0023,US0023,0,098 US-23,US0023,N,N,NULL,NULL,NULL,N,NULL,NULL,NULL,NULL,NULL,NULL,26.296,NULL,NULL,NULL,NULL,,NULL,0,0,2,2,N,N,55,NULL,98,9801,NULL,,Y,37.50384,37,30.23,NULL,-82.53216,82,31.929,NULL,N,NULL,NULL,NULL,NULL,NULL,NULL,NULL,NULL,1,3,4,6,1,1,2,2,7,3,N,NULL,Y,N,1131,1133,1214,N,NULL,55,,1,N,,N,N,098-US-0023-0,NULL,NULL,2019,O,7.23825E+11,098-US-0023  -000,HIGH,098-US-0023  -000,26.296,0,0,0,0,0,0,0,1,0,0,0,1,0
72385574,KSP0900,19-28323,20190725,1004,,,KY194,,,KY0194,KY0194,0,098 KY-194,KY0194,N,N,NULL,NULL,NULL,N,NULL,NULL,NULL,NULL,NULL,NULL,20.722,NULL,NULL,NULL,NULL,,NULL,0,0,1,1,N,N,55,NULL,98,9817,NULL,,Y,37.54312,37,32.587,NULL,-82.39307,82,23.584,NULL,N,NULL,NULL,NULL,NULL,NULL,NULL,NULL,NULL,9,3,2,3,1,1,2,2,7,3,N,NULL,Y,N,1004,1014,1004,N,NULL,38,6,0,N,,N,N,098-KY-0194-0,NULL,NULL,2019,O,7.23856E+11,098-KY-0194  -000,HIGH,098-KY-0194  -000,20.722,0,0,0,1,0,0,0,0,0,0,0,0,0
72401763,980000,1909-001,20190902,1640,,,COLLINS,,HWY,KY0122,KY0122,0,098 KY-122,KY0122,N,N,NULL,NULL,NULL,N,NULL,NULL,NULL,NULL,NULL,NULL,11.887,NULL,NULL,NULL,NULL,,NULL,0,0,1,1,N,N,55,NULL,98,9808,0.9,S,N,37.39189,37,23.513,NULL,-82.52334,82,31.4,NULL,N,NULL,NULL,NULL,NULL,NULL,NULL,NULL,NULL,9,5,2,6,1,1,2,2,7,3,N,NULL,Y,Y,1803,1821,1821,N,NULL,40,,0,N,,N,N,098-KY-0122-0,NULL,NULL,2019,O,7.24018E+11,098-KY-0122  -000,HIGH,098-KY-0122  -000,11.887,0,0,0,0,0,0,0,0,0,0,0,1,0
72427078,KSP0900,19-41869,20191024,1613,,,KY2167,,,KY2167,KY2167,0,098 KY-2167,KY2167,N,N,NULL,NULL,NULL,N,NULL,NULL,NULL,NULL,NULL,NULL,0.196,NULL,NULL,NULL,NULL,,NULL,0,0,2,2,N,N,55,NULL,98,9801,NULL,,Y,37.38466,37,23.08,NULL,-82.54095,82,32.457,NULL,N,NULL,NULL,NULL,NULL,NULL,NULL,NULL,NULL,8,3,2,6,1,1,2,2,7,3,N,NULL,Y,N,1616,1655,,N,NULL,53,7,0,N,,N,N,098-KY-2167-0,NULL,NULL,2019,O,7.24271E+11,098-KY-2167  -000,HIGH,098-KY-2167  -000,0.196,0,0,1,0,0,0,1,0,0,0,0,1,0
72427421,KSP0900,19-41558,20191022,1512,,,US119,,,US0119,US0119,0,098 US-119,US0119,Y,N,NULL,NULL,NULL,N,NULL,NULL,NULL,NULL,NULL,NULL,23.889,NULL,NULL,NULL,NULL,,NULL,0,0,2,2,N,N,55,NULL,98,9834,NULL,,Y,37.65425,37,39.255,NULL,-82.26906,82,16.143,NULL,N,NULL,NULL,NULL,NULL,NULL,NULL,NULL,NULL,2,97,4,6,1,1,2,2,1,3,N,NULL,Y,N,1445,1450,1515,N,NULL,90,2,1,N,,N,N,098-US-0119-0,NULL,NULL,2019,O,7.24274E+11,098-US-0119  -000,HIGH,098-US-0119  -000,23.889,0,0,0,1,0,0,1,1,0,0,0,0,0
72435497,980100,2.019E+11,20191019,931,,,US23,,,US0023,US0023,0,098 US-23,US0023,N,N,NULL,NULL,NULL,N,NULL,NULL,NULL,NULL,NULL,NULL,20.892,NULL,NULL,NULL,NULL,,NULL,2,1,4,4,N,N,55,NULL,98,9801,NULL,,Y,37.44376,37,26.625,NULL,-82.52435,82,31.461,NULL,N,NULL,NULL,NULL,NULL,NULL,NULL,NULL,NULL,1,3,4,3,1,1,2,2,7,3,Y,NULL,N,Y,931,934,1348,N,NULL,55,,1,N,,N,Y,098-US-0023-0,NULL,NULL,2019,K,7.24355E+11,098-US-0023  -000,HIGH,098-US-0023  -000,20.892,0,0,0,1,0,0,0,0,0,1,0,0,1
72419223,KSP0900,19-39948,20191010,1335,,,KY199,,,KY0199,KY0199,0,098 KY-199,KY0199,N,N,NULL,NULL,NULL,N,NULL,NULL,NULL,NULL,NULL,NULL,8.876,NULL,NULL,NULL,NULL,,NULL,1,0,2,2,N,N,35,NULL,98,9851,NULL,,Y,37.56827,37,34.096,NULL,-82.26801,82,16.08,NULL,N,NULL,NULL,NULL,NULL,NULL,NULL,NULL,NULL,1,3,2,3,1,1,2,2,7,3,N,NULL,Y,N,1335,1345,1408,N,NULL,55,7,0,Y,,N,N,098-KY-0199-0,NULL,NULL,2019,B,7.24192E+11,098-KY-0199  -000,HIGH,098-KY-0199  -000,8.876,0,0,0,0,0,0,1,0,1,0,0,0,0
72367236,980100,2.019E+11,20190615,1831,,,KY3496,,,KY3496,KY3496,0,098 KY-3496,KY3496,N,N,NULL,NULL,NULL,N,NULL,NULL,NULL,NULL,NULL,NULL,0.464,NULL,NULL,NULL,NULL,,NULL,0,0,2,2,N,N,35,NULL,98,9801,NULL,,Y,37.46961,37,28.177,NULL,-82.53385,82,32.031,NULL,N,NULL,NULL,NULL,NULL,NULL,NULL,NULL,NULL,5,3,2,3,1,1,2,2,7,3,N,NULL,Y,N,1832,1834,1837,N,NULL,49,16,0,N,,N,N,098-KY-3496-0,NULL,NULL,2019,O,7.23672E+11,098-KY-3496  -000,HIGH,098-KY-3496  -000,0.464,0,0,1,0,0,0,0,0,0,0,0,0,0
72420703,980100,2.019E+11,20191014,2229,,,US23,,,US0023,US0023,,,,N,N,NULL,NULL,NULL,N,NULL,NULL,NULL,NULL,NULL,NULL,26.34,NULL,NULL,NULL,NULL,,NULL,0,0,1,1,N,N,55,NULL,98,9801,NULL,,Y,37.50445,37,30.267,NULL,-82.53246,82,31.947,NULL,N,NULL,NULL,NULL,NULL,NULL,NULL,NULL,NULL,9,3,4,6,1,1,2,5,1,3,N,NULL,Y,N,2229,2232,2232,N,NULL,38,,1,N,,N,N,,NULL,NULL,2019,O,7.24207E+11,098-US-0023  -010,MEDIUM,098-US-0023  -000,26.34,0,0,0,0,0,0,0,0,0,0,0,0,0
72438703,980200,ELK4125-132-19,20191028,1227,,,MARROWBONE CREEK,,RD,KY0195,KY0195,0,098 KY-195,KY0195,N,N,NULL,NULL,NULL,N,NULL,NULL,NULL,NULL,NULL,NULL,4.009,NULL,NULL,NULL,NULL,,NULL,0,0,1,1,N,N,55,NULL,98,9830,11,W,N,37.30228,37,18.137,NULL,-82.47324,82,28.394,NULL,N,NULL,NULL,NULL,NULL,NULL,NULL,NULL,NULL,9,5,2,3,1,1,2,2,6,3,N,NULL,Y,N,1213,1227,1245,Y,NULL,38,8,0,Y,,N,N,098-KY-0195-0,NULL,NULL,2019,O,7.24387E+11,098-KY-0195  -000,HIGH,098-KY-0195  -000,4.009,0,0,0,0,0,0,0,1,0,0,0,1,0
72386822,KSP0900,19-29153,20190731,835,,,US119,,,US0119,US0119,,,,N,N,NULL,NULL,NULL,N,NULL,NULL,NULL,NULL,NULL,NULL,23.198,NULL,NULL,NULL,NULL,,NULL,0,0,1,1,N,N,55,NULL,98,9836,NULL,,Y,37.64433,37,38.66,NULL,-82.26685,82,16.011,NULL,N,NULL,NULL,NULL,NULL,NULL,NULL,NULL,NULL,9,3,4,3,1,5,6,2,7,3,N,NULL,N,N,835,850,851,N,NULL,40,2,1,N,,N,N,,NULL,NULL,2019,O,7.23868E+11,098-US-0119  -000,MEDIUM,098-US-0119  -000,23.198,0,0,0,0,0,0,0,0,0,0,0,1,0
72438319,KSP0900,19-44965,20191115,1950,,,ASHCAMP,,RD,KY0195,KY0195,0,098 KY-195,KY0195,N,N,NULL,NULL,NULL,N,NULL,NULL,NULL,NULL,NULL,NULL,2.772,NULL,NULL,NULL,NULL,,NULL,1,0,1,1,N,N,55,NULL,98,9802,NULL,,Y,37.28934,37,17.36,NULL,-82.46301,82,27.781,NULL,N,NULL,NULL,NULL,NULL,NULL,NULL,NULL,NULL,9,5,2,5,1,1,2,4,7,3,Y,NULL,N,Y,1950,2020,,N,NULL,51,8,0,N,,N,N,098-KY-0195-0,NULL,NULL,2019,C,7.24383E+11,098-KY-0195  -000,HIGH,098-KY-0195  -000,2.772,0,0,0,0,0,0,1,0,0,0,0,1,0
72405137,KSP0900,19-35325,20190909,2042,,,US460,,,US0460,US0460,0,098 US-460,US0460,N,N,NULL,NULL,NULL,N,NULL,NULL,NULL,NULL,NULL,NULL,14.374,NULL,NULL,NULL,NULL,,NULL,0,0,2,2,N,N,55,NULL,98,9802,3,E,N,37.3421,37,20.526,NULL,-82.37447,82,22.468,NULL,N,NULL,NULL,NULL,NULL,NULL,NULL,NULL,NULL,1,3,2,4,1,1,2,4,6,3,N,NULL,N,Y,2048,2114,,N,NULL,55,,1,N,,N,N,098-US-0460-0,NULL,NULL,2019,O,7.24051E+11,098-US-0460  -000,HIGH,098-US-0460  -000,14.374,0,0,0,0,0,0,0,0,0,0,0,0,0
72386158,KSP0900,19-28737,20190728,446,,,CHLOE,,RD,KY1460,KY1460,0,098 KY-1460,KY1460,N,N,NULL,NULL,NULL,N,NULL,NULL,NULL,NULL,NULL,NULL,1.509,NULL,NULL,NULL,NULL,,NULL,1,0,1,1,N,N,45,NULL,98,9824,NULL,,Y,37.45227,37,27.136,NULL,-82.47696,82,28.618,NULL,N,NULL,NULL,NULL,NULL,NULL,NULL,NULL,NULL,9,5,2,6,1,1,2,6,7,3,Y,NULL,Y,Y,447,456,557,N,NULL,40,,0,N,,N,N,098-KY-1460-0,NULL,NULL,2019,B,7.23862E+11,098-KY-1460  -000,HIGH,098-KY-1460  -000,1.509,0,0,1,0,0,0,0,0,0,0,0,1,0
72424252,980100,2.019E+11,20191021,1520,,,BYPASS,S,RD,KY1426,KY1426,0,098 KY-1426,KY1426,N,N,NULL,NULL,NULL,N,NULL,NULL,NULL,NULL,NULL,NULL,5.718,NULL,NULL,NULL,NULL,,NULL,0,0,2,2,N,N,35,NULL,98,9801,NULL,,Y,37.47293,37,28.376,NULL,-82.52238,82,31.343,NULL,N,NULL,NULL,NULL,NULL,NULL,NULL,NULL,NULL,1,3,2,6,1,1,2,2,1,3,N,NULL,Y,N,1520,1526,,N,NULL,55,,0,N,,N,N,098-KY-1426-0,NULL,NULL,2019,O,7.24243E+11,098-KY-1426  -000,HIGH,098-KY-1426  -000,5.718,0,0,0,0,0,0,0,0,0,0,0,0,0
72402709,980000,19-08-005,20190825,1100,,,ACCESS RD 1,,,,,0,098 CR-1426K,CR1426K,N,N,NULL,NULL,NULL,N,NULL,NULL,NULL,NULL,NULL,NULL,0.211,NULL,NULL,NULL,NULL,,NULL,1,0,1,1,N,N,15,NULL,98,9801,NULL,,Y,37.53828,37,32.297,NULL,-82.58084,82,34.85,NULL,N,NULL,NULL,NULL,NULL,NULL,NULL,NULL,NULL,9,5,2,6,1,1,2,2,7,3,Y,NULL,Y,Y,1045,1045,1045,N,NULL,51,,,N,,N,N,098-CR-1426K-0,NULL,NULL,2019,C,7.24027E+11,098-CR-1426K -000,HIGH,098-CR-1426K -000,0.211,0,0,0,1,0,0,0,0,0,0,0,1,0
72427299,980100,2.019E+11,20191027,229,,,HUFFMAN,,AVE,,,,,,Y,N,NULL,NULL,NULL,N,NULL,NULL,NULL,NULL,NULL,NULL,0.174,NULL,NULL,NULL,NULL,,NULL,0,0,2,2,N,Y,5,NULL,98,9801,NULL,,Y,37.47836,37,28.701,NULL,-82.51963,82,31.178,NULL,N,NULL,NULL,NULL,NULL,NULL,NULL,NULL,NULL,2,97,1,6,1,1,2,5,1,3,N,NULL,Y,N,229,231,231,N,NULL,90,,,N,,N,N,,NULL,NULL,2019,O,7.24273E+11,098-CS-1123  -000,HIGH,098-CS-1123  -000,0.174,0,0,0,0,0,0,1,0,0,0,0,0,0
72423615,KSP0900,19-40740,20191016,915,,,TOLER,,RD,KY0319,KY0319,0,098 KY-319,KY0319,N,N,NULL,NULL,NULL,N,NULL,NULL,NULL,NULL,NULL,NULL,1.44,NULL,NULL,NULL,NULL,,NULL,0,0,1,1,N,N,55,NULL,98,9842,NULL,,Y,37.58983,37,35.39,NULL,-82.19989,82,11.993,NULL,N,NULL,NULL,NULL,NULL,NULL,NULL,NULL,NULL,9,3,2,1,1,5,5,2,7,3,Y,NULL,Y,N,915,927,927,N,NULL,44,7,0,N,,N,N,098-KY-0319-0,NULL,NULL,2019,O,7.24236E+11,098-KY-0319  -000,HIGH,098-KY-0319  -000,1.44,0,0,0,1,0,0,0,0,0,0,0,1,0
72395376,980100,2.019E+11,20190819,1707,,911,BYPASS ROAD,,,,,,,,N,N,NULL,NULL,NULL,N,NULL,NULL,NULL,NULL,NULL,NULL,NULL,NULL,NULL,NULL,NULL,NULL,NULL,0,0,2,2,N,N,10,NULL,98,9801,NULL,,Y,37.47252,37,28.351,NULL,-82.52367,82,31.42,NULL,N,NULL,NULL,NULL,NULL,NULL,NULL,NULL,NULL,3,97,3,4,1,1,2,2,1,3,N,NULL,Y,N,1710,1717,1726,N,NULL,52,,,N,,N,N,,NULL,NULL,2019,O,7.23954E+11,098-CS-1054  -070,MEDIUM,098-CS-1054  -070,0,0,0,0,0,0,0,1,0,0,0,0,1,0