MasterFile,AgencyORINumber,LocalCode,CollisionDate,CollisionTime,CollisionDayWeekCode,RoadwayName_HouseBusinessNumber_,RoadwayName_RoadwayName_,RoadwayName_Direction_,RoadwayName_RoadwaySuffix_,RoadwayfromReport,CurrentRoadwayNumber,RoadwayNumberCoupletID,RSEUniqueGIS,RoadwayIdentifier,ParkingLotIndicator,IntersectionWith_Indicator_,IntersectionWith_NameRoadway_,IntersectionWith_Direction_,IntersectionWith_RoadwaySuffix_,BetweenStreets_Indicator_,BetweenStreets1_NameRoadway_,BetweenStreet1_Direction_,BetweenStreets1_RoadwaySuffix_,BetweenStreets2_NameRoadway_,BetweenStreets2_Direction_,BetweenStreets2_RoadwaySuffix_,Milepoint,ReportMilepointDeriveNumber,CurrentDerivedMiepointNumber,MilestoMilepoint,FeettoMilepoint,DirectionfromMilepoint_NSEW_,ValidMilepointIndicator,NumberInjured,NumberKilled,ofUnits,ofMotorVehicleUnits,Hit&RunIndicator,OneWayIndicator,SpeedLimitNumber,KilometersIndicator,CountyCode,CityCountyCode,MilesFromCity,DirectionFromCity_NSEW_,InCityLimitsIndicator,Latitude,LatitudeDegrees,LatitudeMinutes,LatitudeSeconds,Longitude,LongitudeDegrees,LongitudeMinutes,LongitudeSeconds,RampIndicator,RampFromIdentifier,RampFromDirCode,RampFromCoupletID,RSEUniqueGISRampFrom,RampToidentifier,RampToDirCode,RampToCoupletID,RSEUniqueGisRampTo,MannerofCollisionCode,LocationFirstEventCode,TotalLanes,RoadwayCharacterCode,RoadwaySurfaceCode,RoadwayConditionCode,WeatherCode,LightConditionCode,LandUseCode,SchoolBusRelatedCode,FirstAidSceneIndicator,CollDescPresentInd,InvestigationCompleteIndicator,PhotosTakenIndicator,TimeNotified,TimeArrived,TimeRoadwayOpened,PropertyDamageIndicator,DiagramPresentIndicator,DirectionalAnalysis,FunctionClassCode,NationalHwySysCode,EnforcementsIndicator,KARSCityCode,SecondaryCollisionIndicator,MedianCrossoverIndicator,RT_UNIQUE,MapIt,TimeLastLeft,YR,KABCO,MFNY,WorkingRID,RT_CONFIDENCE,KTC_RT,KTC_MP,Motorcyclist,CommercialVehicle,YoungDriver,MatureDriver,pedestrian,Bicyclist,Distracted,agressive,Impaired,Unrestrained,Intersection,RoadwayDeparture,MedXover
72379014,KSP0900,19-26467,20190712,1340,,,MALL,,RD,,,0,098 CR-1037,CR1037,Y,N,NULL,NULL,NULL,N,NULL,NULL,NULL,NULL,NULL,NULL,0.047,NULL,NULL,NULL,NULL,,NULL,0,0,2,2,N,N,NULL,NULL,98,9834,NULL,,Y,37.65229,37,39.138,NULL,-82.26886,82,16.132,NULL,N,NULL,NULL,NULL,NULL,NULL,NULL,NULL,NULL,2,97,2,6,1,1,2,2,5,3,N,NULL,Y,N,1344,1355,,N,NULL,90,,,N,,N,N,098-CR-1037-0,NULL,NULL,2019,O,7.2379E+11,098-CR-1037  -000,HIGH,098-CR-1037  -000,0.047,0,0,0,0,0,0,0,0,0,0,0,0,0
72457802,980100,2.019E+11,20191230,1500,,254,CASSIDY,,BLVD,,,0,098 CS-1191,CS1191,Y,N,NULL,NULL,NULL,N,NULL,NULL,NULL,NULL,NULL,NULL,0.282,NULL,NULL,NULL,NULL,,NULL,0,0,2,2,Y,Y,15,NULL,98,9801,NULL,,Y,37.50583,37,30.349,NULL,-82.53663,82,32.198,NULL,N,NULL,NULL,NULL,NULL,NULL,NULL,NULL,NULL,2,97,1,6,1,1,2,2,1,3,N,NULL,Y,Y,1500,1510,,N,NULL,90,,,N,,N,N,098-CS-1191-0,NULL,NULL,2019,NULL,7.24578E+11,098-CS-1191  -000,HIGH,098-CS-1191  -000,0.282,0,0,0,0,0,0,0,0,0,0,0,0,0
72417413,KSP0900,19-38444,20191001,1200,,,KELLY MOUNTAIN,,RD,,,0,098 CR-1967,CR1967,N,N,NULL,NULL,NULL,N,NULL,NULL,NULL,NULL,NULL,NULL,0.207,NULL,NULL,NULL,NULL,,NULL,0,0,1,1,N,N,35,NULL,98,9867,NULL,,Y,37.21608,37,12.965,NULL,-82.54147,82,32.488,NULL,N,NULL,NULL,NULL,NULL,NULL,NULL,NULL,NULL,9,3,1,4,1,1,2,2,7,3,N,NULL,Y,N,858,1027,,N,NULL,70,,,N,,N,N,098-CR-1967-0,NULL,NULL,2019,O,7.24174E+11,098-CR-1967  -000,HIGH,098-CR-1967  -000,0.207,0,0,0,1,0,0,0,0,0,0,0,0,0
72423842,980100,2.019E+11,20191021,1343,,,KILGORE,,LN,,,0,098 CS-1105,CS1105,N,N,NULL,NULL,NULL,N,NULL,NULL,NULL,NULL,NULL,NULL,0.011,NULL,NULL,NULL,NULL,,NULL,0,0,1,1,N,N,15,NULL,98,9801,NULL,,Y,37.47586,37,28.552,NULL,-82.52229,82,31.337,NULL,N,NULL,NULL,NULL,NULL,NULL,NULL,NULL,NULL,9,97,1,6,1,1,2,2,5,3,N,NULL,Y,N,1343,1347,,Y,NULL,40,,,N,,N,N,098-CS-1105-0,NULL,NULL,2019,O,7.24238E+11,098-CS-1105  -000,HIGH,098-CS-1105  -000,0.011,0,0,1,0,0,0,1,0,0,0,0,1,0
72425421,980100,2.019E+11,20191024,1101,,,US23,,,US0023,US0023,0,098 US-23,US0023,N,N,NULL,NULL,NULL,N,NULL,NULL,NULL,NULL,NULL,NULL,20.991,NULL,NULL,NULL,NULL,,NULL,0,0,2,2,N,N,55,NULL,98,9801,NULL,,Y,37.44489,37,26.694,NULL,-82.52545,82,31.527,NULL,N,NULL,NULL,NULL,NULL,NULL,NULL,NULL,NULL,8,3,4,3,1,1,2,2,7,3,N,NULL,Y,N,1101,1106,,N,NULL,53,,1,N,,N,N,098-US-0023-0,NULL,NULL,2019,O,7.24254E+11,098-US-0023  -000,HIGH,098-US-0023  -000,20.991,0,0,0,1,0,0,1,0,0,0,0,1,0
72411367,980000,19-09-007,20190921,2230,,,US119,,,US0119,US0119,0,098 US-119,US0119,N,N,NULL,NULL,NULL,N,NULL,NULL,NULL,NULL,NULL,NULL,25.081,NULL,NULL,NULL,NULL,,NULL,0,0,2,2,N,N,55,NULL,98,9834,NULL,,Y,37.66917,37,40.15,NULL,-82.27811,82,16.686,NULL,N,NULL,NULL,NULL,NULL,NULL,NULL,NULL,NULL,8,3,4,6,1,1,2,6,6,3,N,NULL,Y,Y,2251,2251,2251,N,NULL,53,2,1,N,,N,N,098-US-0119-0,NULL,NULL,2019,O,7.24114E+11,098-US-0119  -000,HIGH,098-US-0119  -000,25.081,0,0,0,0,0,0,0,0,0,0,0,1,0
72413863,980100,2.019E+11,20190920,2115,,,MAYO,N,TRL,US0023,US0023,0,098 US-23-10,US0023,N,N,NULL,NULL,NULL,N,NULL,NULL,NULL,NULL,NULL,NULL,26.315,NULL,NULL,NULL,NULL,,NULL,0,0,2,2,N,N,55,NULL,98,9801,NULL,,Y,37.50411,37,30.247,NULL,-82.5324,82,31.944,NULL,N,NULL,NULL,NULL,NULL,NULL,NULL,NULL,NULL,5,3,4,6,1,1,2,5,7,3,N,NULL,Y,N,2115,2122,2133,N,NULL,49,,1,N,,N,N,098-US-0023-10,NULL,NULL,2019,O,7.24139E+11,098-US-0023  -010,HIGH,098-US-0023  -000,26.315,0,0,0,0,0,0,1,0,0,0,0,0,0
72447647,980000,19-12-004,20191207,1545,,,US119,,,US0119,US0119,0,098 US-119,US0119,Y,N,NULL,NULL,NULL,N,NULL,NULL,NULL,NULL,NULL,NULL,23.577,NULL,NULL,NULL,NULL,,NULL,0,0,2,2,N,N,NULL,NULL,98,9834,NULL,,Y,37.64981,37,38.989,NULL,-82.2677,82,16.062,NULL,N,NULL,NULL,NULL,NULL,NULL,NULL,NULL,NULL,2,97,0,6,1,1,3,2,1,3,N,NULL,Y,Y,1630,1630,1630,N,NULL,90,2,1,N,,N,N,098-US-0119-0,NULL,NULL,2019,O,7.24476E+11,098-US-0119  -000,HIGH,098-US-0119  -000,23.577,0,0,0,0,0,0,1,0,0,0,0,0,0
72447426,KSP0900,19-47665,20191206,6,,,US460,,,US0460,US0460,0,098 US-460,US0460,N,N,NULL,NULL,NULL,N,NULL,NULL,NULL,NULL,NULL,NULL,6.058,NULL,NULL,NULL,NULL,,NULL,1,0,1,1,N,N,55,NULL,98,9801,NULL,,Y,37.40279,37,24.167,NULL,-82.43447,82,26.068,NULL,N,NULL,NULL,NULL,NULL,NULL,NULL,NULL,NULL,9,3,2,6,1,1,2,5,7,3,Y,NULL,N,Y,6,17,,N,NULL,70,,1,N,,N,N,098-US-0460-0,NULL,NULL,2019,C,7.24474E+11,098-US-0460  -000,HIGH,098-US-0460  -000,6.058,0,0,0,0,0,0,0,0,0,0,0,0,0
72381570,KSP0900,19-27410,20190719,514,,,US23,,,US0023,US0023,0,098 US-23,US0023,N,N,NULL,NULL,NULL,N,NULL,NULL,NULL,NULL,NULL,NULL,29.331,NULL,NULL,NULL,NULL,,NULL,0,0,2,2,N,N,45,NULL,98,9807,NULL,,Y,37.52807,37,31.684,NULL,-82.5748,82,34.488,NULL,N,NULL,NULL,NULL,NULL,NULL,NULL,NULL,NULL,8,3,6,6,1,1,10,1,7,3,N,NULL,Y,N,516,527,646,N,NULL,53,,1,N,,N,N,098-US-0023-0,NULL,NULL,2019,O,7.23816E+11,098-US-0023  -000,HIGH,098-US-0023  -000,29.331,0,1,0,0,0,0,0,1,0,0,0,1,0
72407407,980100,2.019E+11,20190910,916,,254,CASSIDY,,BLVD,,,,,,Y,N,NULL,NULL,NULL,N,NULL,NULL,NULL,NULL,NULL,NULL,NULL,NULL,NULL,NULL,NULL,,NULL,1,0,2,1,N,N,15,NULL,98,9801,NULL,,Y,37.50673,37,30.404,NULL,-82.53961,82,32.377,NULL,N,NULL,NULL,NULL,NULL,NULL,NULL,NULL,NULL,9,97,2,6,1,1,2,2,1,3,Y,NULL,Y,N,916,924,931,N,NULL,90,,,N,,N,N,,NULL,NULL,2019,C,7.24074E+11,098-CS-1191  -000,MEDIUM,098-CS-1191  -000,0.375,0,0,0,0,1,0,0,0,0,0,0,0,0
72385494,980100,2.019E+11,20190727,1715,,,THOMPSON,,RD,,,,,,Y,N,NULL,NULL,NULL,N,NULL,NULL,NULL,NULL,NULL,NULL,0.329,NULL,NULL,NULL,NULL,,NULL,0,0,2,2,N,N,NULL,NULL,98,9801,NULL,,Y,37.50784,37,30.47,NULL,-82.5425,82,32.55,NULL,N,NULL,NULL,NULL,NULL,NULL,NULL,NULL,NULL,2,97,2,6,1,1,2,2,1,3,N,NULL,Y,N,1715,1727,1727,N,NULL,90,,,N,,N,N,,NULL,NULL,2019,O,7.23855E+11,098-CS-1215  -000,MEDIUM,098-CS-1215  -000,0.329,0,0,1,0,0,0,1,0,0,0,0,0,0
72414154,980100,2.019E+11,20190924,1358,,254,CASSIDY BLVD,,,,,,,,Y,N,NULL,NULL,NULL,N,NULL,NULL,NULL,NULL,NULL,NULL,NULL,NULL,NULL,NULL,NULL,NULL,NULL,0,0,2,2,N,N,15,NULL,98,9801,NULL,,Y,37.50668,37,30.401,NULL,-82.53954,82,32.373,NULL,N,NULL,NULL,NULL,NULL,NULL,NULL,NULL,NULL,2,97,1,6,1,1,2,2,1,3,N,NULL,Y,N,1403,1411,1422,N,NULL,90,,,N,,N,N,,NULL,NULL,2019,O,7.24142E+11,098-CS-1191  -000,MEDIUM,098-CS-1191  -000,0.375,0,0,0,0,0,0,1,0,0,0,0,0,0
72431857,KSP0900,19-43507,20191105,730,,,TOLER,,RD,KY0319,KY0319,0,098 KY-319,KY0319,N,N,NULL,NULL,NULL,N,NULL,NULL,NULL,NULL,NULL,NULL,0.242,NULL,NULL,NULL,NULL,,NULL,0,0,1,1,N,N,55,NULL,98,9863,NULL,,Y,37.58103,37,34.862,NULL,-82.18324,82,10.994,NULL,N,NULL,NULL,NULL,NULL,NULL,NULL,NULL,NULL,9,3,2,3,1,1,3,2,7,3,N,NULL,Y,N,731,750,720,N,NULL,38,7,0,N,,N,N,098-KY-0319-0,NULL,NULL,2019,O,7.24319E+11,098-KY-0319  -000,HIGH,098-KY-0319  -000,0.242,0,0,0,0,0,0,0,0,0,0,0,0,0
72378493,980100,2.019E+11,20190711,1254,,,4TH,,ST,,,0,098 CS-1133,CS1133,N,N,NULL,NULL,NULL,N,NULL,NULL,NULL,NULL,NULL,NULL,0.089,NULL,NULL,NULL,NULL,,NULL,0,0,2,2,N,N,15,NULL,98,9801,NULL,,Y,37.48367,37,29.02,NULL,-82.51833,82,31.1,NULL,N,NULL,NULL,NULL,NULL,NULL,NULL,NULL,NULL,7,3,2,6,1,1,2,2,7,3,N,NULL,Y,N,1254,1256,1310,N,NULL,54,,,N,,N,N,098-CS-1133-0,NULL,NULL,2019,O,7.23785E+11,098-CS-1133  -000,HIGH,098-CS-1133  -000,0.089,0,0,0,1,0,0,0,0,0,0,0,1,0
72374102,980100,2.019E+11,20190618,1713,,,KY3496,,,KY3496,KY3496,0,098 KY-3496,KY3496,N,N,NULL,NULL,NULL,N,NULL,NULL,NULL,NULL,NULL,NULL,0.197,NULL,NULL,NULL,NULL,,NULL,0,0,2,2,Y,N,35,NULL,98,9801,NULL,,Y,37.46652,37,27.991,NULL,-82.53114,82,31.869,NULL,N,NULL,NULL,NULL,NULL,NULL,NULL,NULL,NULL,1,3,2,6,1,1,2,2,1,3,N,NULL,Y,N,1715,1715,,N,NULL,55,16,0,N,,N,N,098-KY-3496-0,NULL,NULL,2019,O,7.23741E+11,098-KY-3496  -000,HIGH,098-KY-3496  -000,0.197,0,0,0,0,0,0,1,0,0,0,0,0,0
72395447,KSP0900,19-26855,20190715,734,,,KY1426,,,KY1426,KY1426,0,098 KY-1426,KY1426,N,N,NULL,NULL,NULL,N,NULL,NULL,NULL,NULL,NULL,NULL,13.892,NULL,NULL,NULL,NULL,,NULL,0,1,1,1,N,N,55,NULL,98,9820,NULL,,Y,37.55635,37,33.381,NULL,-82.45466,82,27.28,NULL,N,NULL,NULL,NULL,NULL,NULL,NULL,NULL,NULL,9,6,2,3,1,1,3,2,7,3,Y,NULL,Y,Y,737,809,923,N,NULL,44,7,0,N,,N,N,098-KY-1426-0,NULL,NULL,2019,K,7.23954E+11,098-KY-1426  -000,HIGH,098-KY-1426  -000,13.892,0,0,0,0,0,0,0,0,0,1,0,1,0
72395653,980000,19-08-003,20190818,1930,,12423,ELKHORN,,CRK,KY0197,KY0197,0,098 KY-197,KY0197,Y,N,NULL,NULL,NULL,N,NULL,NULL,NULL,NULL,NULL,NULL,4.173,NULL,NULL,NULL,NULL,,NULL,0,0,1,1,Y,N,5,NULL,98,9867,NULL,,Y,37.23885,37,14.331,NULL,-82.51673,82,31.004,NULL,N,NULL,NULL,NULL,NULL,NULL,NULL,NULL,NULL,9,97,0,6,1,1,2,2,4,3,N,NULL,Y,Y,2015,2110,2110,Y,NULL,90,7,0,N,,N,N,098-KY-0197-0,NULL,NULL,2019,NULL,7.23957E+11,098-KY-0197  -000,HIGH,098-KY-0197  -000,4.173,0,0,0,0,0,0,0,0,0,0,0,1,0
72412394,980100,2.019E+11,20190922,335,,,CASSIDY,,BLVD,,,0,098 CS-1191,CS1191,Y,N,NULL,NULL,NULL,N,NULL,NULL,NULL,NULL,NULL,NULL,0.306,NULL,NULL,NULL,NULL,,NULL,0,0,1,1,Y,N,NULL,NULL,98,9801,NULL,,Y,37.50516,37,30.31,NULL,-82.53696,82,32.218,NULL,N,NULL,NULL,NULL,NULL,NULL,NULL,NULL,NULL,9,97,NULL,6,1,1,2,5,1,3,N,NULL,Y,N,335,343,,Y,NULL,90,,,N,,N,N,098-CS-1191-0,NULL,NULL,2019,NULL,7.24124E+11,098-CS-1191  -000,HIGH,098-CS-1191  -000,0.306,0,0,0,0,0,0,0,0,0,0,0,1,0
72413474,980100,2.019E+11,20190928,551,,,KY1426,,,KY1426,KY1426,0,098 KY-1426,KY1426,N,N,NULL,NULL,NULL,N,NULL,NULL,NULL,NULL,NULL,NULL,7.425,NULL,NULL,NULL,NULL,,NULL,0,0,1,1,N,N,45,NULL,98,9801,NULL,,Y,37.49018,37,29.411,NULL,-82.50167,82,30.1,NULL,N,NULL,NULL,NULL,NULL,NULL,NULL,NULL,NULL,9,4,2,6,1,1,2,6,1,3,N,NULL,Y,N,551,553,,N,NULL,44,,0,N,,N,Y,098-KY-1426-0,NULL,NULL,2019,O,7.24135E+11,098-KY-1426  -000,HIGH,098-KY-1426  -000,7.425,0,0,0,0,0,0,0,0,0,0,0,1,0
72391875,370200,2019-29910,20190805,1430,,,US23,,,US0023,US0023,0,098 US-23-10,US0023,N,N,NULL,NULL,NULL,N,NULL,NULL,NULL,NULL,NULL,NULL,12.37,NULL,NULL,NULL,NULL,,NULL,0,0,2,2,N,N,55,NULL,98,9827,NULL,,Y,37.36675,37,22.005,NULL,-82.54928,82,32.957,NULL,N,NULL,NULL,NULL,NULL,NULL,NULL,NULL,NULL,8,3,4,6,1,1,2,2,2,3,N,NULL,Y,N,1425,1442,1505,N,NULL,53,,1,N,,N,N,098-US-0023-10,NULL,NULL,2019,O,7.23919E+11,098-US-0023  -010,HIGH,098-US-0023  -000,12.37,0,1,0,0,0,0,1,0,0,0,0,1,0
72421881,KSP0900,19-40102,20191011,1544,,,KY1469,,,KY1469,KY1469,0,098 KY-1469,KY1469,N,N,NULL,NULL,NULL,N,NULL,NULL,NULL,NULL,NULL,NULL,5.615,NULL,NULL,NULL,NULL,,NULL,1,0,1,1,N,N,55,NULL,98,9801,NULL,,Y,37.2983,37,17.898,NULL,-82.65904,82,39.543,NULL,N,NULL,NULL,NULL,NULL,NULL,NULL,NULL,NULL,9,3,2,3,1,1,2,2,7,3,N,NULL,Y,Y,1513,1651,,N,NULL,40,8,0,N,,N,N,098-KY-1469-0,NULL,NULL,2019,C,7.24219E+11,098-KY-1469  -000,HIGH,098-KY-1469  -000,5.615,0,0,0,0,0,0,0,0,0,0,0,1,0
72381653,980500,2019AR051,20190715,1740,,,MAIN,,ST,,,0,098 CS-3000,CS3000,N,N,NULL,NULL,NULL,N,NULL,NULL,NULL,NULL,NULL,NULL,0.454,NULL,NULL,NULL,NULL,,NULL,0,0,2,2,N,N,25,NULL,98,9807,NULL,,Y,37.51886,37,31.132,NULL,-82.56629,82,33.977,NULL,N,NULL,NULL,NULL,NULL,NULL,NULL,NULL,NULL,1,3,2,6,1,5,6,2,7,3,N,NULL,Y,N,1735,1740,,N,NULL,55,,,N,,N,N,098-CS-3000-0,NULL,NULL,2019,O,7.23817E+11,098-CS-3000  -000,HIGH,098-CS-3000  -000,0.454,0,0,0,0,0,0,0,1,0,0,0,0,0
72444243,KSP0900,19-46039,20191123,1408,,,FISHTRAP,,RD,KY1441,KY1441,0,098 KY-1441,KY1441,N,N,NULL,NULL,NULL,N,NULL,NULL,NULL,NULL,NULL,NULL,8.09,NULL,NULL,NULL,NULL,,NULL,0,0,1,1,N,N,35,NULL,98,9801,NULL,,Y,37.49226,37,29.536,NULL,-82.44097,82,26.458,NULL,N,NULL,NULL,NULL,NULL,NULL,NULL,NULL,NULL,9,4,2,3,1,5,6,2,6,3,N,NULL,N,N,1408,1434,,N,NULL,51,8,0,N,,N,N,098-KY-1441-0,NULL,NULL,2019,O,7.24442E+11,098-KY-1441  -000,HIGH,098-KY-1441  -000,8.09,0,0,1,0,0,0,0,0,0,0,0,1,0
72386648,KSP0900,19-29152,20190731,831,,,US119,,,US0119,US0119,0,098 US-119,US0119,N,N,NULL,NULL,NULL,N,NULL,NULL,NULL,NULL,NULL,NULL,21.886,NULL,NULL,NULL,NULL,,NULL,0,0,1,1,N,N,55,NULL,98,9834,NULL,,Y,37.63181,37,37.908,NULL,-82.26102,82,15.661,NULL,N,NULL,NULL,NULL,NULL,NULL,NULL,NULL,NULL,9,3,2,6,1,5,3,2,7,3,N,NULL,Y,N,831,835,911,Y,NULL,40,2,1,N,,N,N,098-US-0119-0,NULL,NULL,2019,O,7.23866E+11,098-US-0119  -000,HIGH,098-US-0119  -000,21.886,0,0,1,0,0,0,0,0,0,0,0,1,0
72384055,KSP0900,19-28313,20190725,804,,,US119,,,US0119,US0119,0,098 US-119,US0119,Y,N,NULL,NULL,NULL,N,NULL,NULL,NULL,NULL,NULL,NULL,24.815,NULL,NULL,NULL,NULL,,NULL,0,0,2,2,N,N,55,NULL,98,9834,NULL,,Y,37.66608,37,39.965,NULL,-82.27512,82,16.507,NULL,N,NULL,NULL,NULL,NULL,NULL,NULL,NULL,NULL,8,97,4,6,1,1,2,2,1,3,N,NULL,Y,N,804,810,850,N,NULL,90,2,1,N,,N,N,098-US-0119-0,NULL,NULL,2019,O,7.23841E+11,098-US-0119  -000,HIGH,098-US-0119  -000,24.815,0,0,0,0,0,0,1,0,0,0,0,0,0
72412299,980100,2.019E+11,20190926,1508,,,BYPASS,S,RD,KY1426,KY1426,0,098 KY-1426,KY1426,N,N,NULL,NULL,NULL,N,NULL,NULL,NULL,NULL,NULL,NULL,6.113,NULL,NULL,NULL,NULL,,NULL,0,0,2,2,N,N,35,NULL,98,9801,NULL,,Y,37.47685,37,28.611,NULL,-82.51708,82,31.025,NULL,N,NULL,NULL,NULL,NULL,NULL,NULL,NULL,NULL,5,3,2,6,1,1,2,2,7,3,N,NULL,Y,N,1508,1512,,N,NULL,49,,0,N,,N,N,098-KY-1426-0,NULL,NULL,2019,O,7.24123E+11,098-KY-1426  -000,HIGH,098-KY-1426  -000,6.113,0,0,0,0,0,0,1,0,0,0,0,0,0
72377987,980100,2.019E+11,20190710,1155,,,US23,,,US0023,US0023,,,,N,N,NULL,NULL,NULL,N,NULL,NULL,NULL,NULL,NULL,NULL,30.196,NULL,NULL,NULL,NULL,,NULL,0,0,2,2,N,N,55,NULL,98,9801,NULL,,Y,37.53951,37,32.371,NULL,-82.5812,82,34.872,NULL,N,NULL,NULL,NULL,NULL,NULL,NULL,NULL,NULL,8,3,2,6,1,1,2,2,7,3,N,NULL,Y,N,1155,1206,1206,N,NULL,53,,1,N,,N,N,,NULL,NULL,2019,O,7.2378E+11,098-US-0023  -000,MEDIUM,098-US-0023  -000,30.196,0,0,0,0,0,0,1,0,0,0,0,1,0
72439330,980100,2.019E+11,20191120,1205,,,LYKINS CREEK,,RD,,,,,,N,N,NULL,NULL,NULL,N,NULL,NULL,NULL,NULL,NULL,NULL,NULL,NULL,NULL,NULL,NULL,NULL,NULL,0,0,1,1,N,N,35,NULL,98,9801,NULL,,Y,37.5036,37,30.216,NULL,-82.55074,82,33.045,NULL,N,NULL,NULL,NULL,NULL,NULL,NULL,NULL,NULL,9,3,1,3,1,5,3,2,6,3,N,NULL,Y,N,1205,1211,1218,N,NULL,70,,,N,,N,N,,NULL,NULL,2019,O,7.24393E+11,098-CS-1249  -000,MEDIUM,098-CS-1249  -000,0.405,0,0,1,0,0,0,0,1,0,0,0,1,0
72400582,KSP0900,18-33371,20190827,2238,,,KY195,,,KY0195,KY0195,0,098 KY-195,KY0195,N,N,NULL,NULL,NULL,N,NULL,NULL,NULL,NULL,NULL,NULL,9.795,NULL,NULL,NULL,NULL,,NULL,0,0,1,1,N,N,35,NULL,98,9830,NULL,,Y,37.34865,37,20.919,NULL,-82.42378,82,25.427,NULL,N,NULL,NULL,NULL,NULL,NULL,NULL,NULL,NULL,9,3,2,3,1,1,2,6,7,3,N,NULL,Y,N,2239,2245,2245,Y,NULL,44,7,0,N,,N,N,098-KY-0195-0,NULL,NULL,2019,O,7.24006E+11,098-KY-0195  -000,HIGH,098-KY-0195  -000,9.795,0,0,0,0,0,0,0,0,0,0,0,1,0
72401691,KSP0900,19-34122,20190902,410,,,KY3154,,,KY3154,KY3154,,,,N,N,NULL,NULL,NULL,N,NULL,NULL,NULL,NULL,NULL,NULL,0.028,NULL,NULL,NULL,NULL,,NULL,0,0,1,1,N,N,35,NULL,98,9838,NULL,,Y,37.57308,37,34.385,NULL,-82.31917,82,19.15,NULL,N,NULL,NULL,NULL,NULL,NULL,NULL,NULL,NULL,9,5,1,1,1,1,2,6,7,3,N,NULL,N,N,330,410,700,N,NULL,51,9,0,N,,N,N,,NULL,NULL,2019,O,7.24017E+11,098-KY-3154  -000,HIGH,098-KY-3154  -000,0.028,0,0,0,0,0,0,0,0,0,0,0,1,0
72395658,KSP0900,19-31255,20190813,2150,,,KY194,,,KY0194,KY0194,0,098 KY-194,KY0194,N,N,NULL,NULL,NULL,N,NULL,NULL,NULL,NULL,NULL,NULL,23.967,NULL,NULL,NULL,NULL,,NULL,0,0,1,1,N,N,55,NULL,98,9817,NULL,,Y,37.52841,37,31.704,NULL,-82.36909,82,22.145,NULL,N,NULL,NULL,NULL,NULL,NULL,NULL,NULL,NULL,9,3,2,6,1,1,2,6,7,3,N,NULL,Y,N,2150,2150,2230,N,NULL,40,6,0,N,,N,N,098-KY-0194-0,NULL,NULL,2019,O,7.23957E+11,098-KY-0194  -000,HIGH,098-KY-0194  -000,23.967,0,0,1,0,0,0,0,0,0,0,0,1,0
72385524,980100,2.019E+11,20190724,1422,,,KY1426,,,KY1426,KY1426,,,,N,N,NULL,NULL,NULL,N,NULL,NULL,NULL,NULL,NULL,NULL,8.301,NULL,NULL,NULL,NULL,,NULL,0,0,1,1,N,N,45,NULL,98,9801,NULL,,Y,37.49565,37,29.739,NULL,-82.49098,82,29.459,NULL,N,NULL,NULL,NULL,NULL,NULL,NULL,NULL,NULL,9,5,2,4,1,1,2,2,7,3,N,NULL,Y,N,1422,1425,1425,N,NULL,44,,0,N,,N,N,,NULL,NULL,2019,O,7.23855E+11,098-KY-1426  -000,MEDIUM,098-KY-1426  -000,8.301,0,0,0,0,0,0,0,0,0,0,0,1,0
72437533,KSP0900,19-44960,20191115,1857,,24371,US119,,,US0119,US0119,0,098 US-119-10,US0119,N,N,NULL,NULL,NULL,N,NULL,NULL,NULL,NULL,NULL,NULL,20.023,NULL,NULL,NULL,NULL,,NULL,0,0,1,1,N,N,55,NULL,98,9836,NULL,,Y,37.61311,37,36.786,NULL,-82.27042,82,16.225,NULL,N,NULL,NULL,NULL,NULL,NULL,NULL,NULL,NULL,9,3,2,6,1,1,2,5,6,3,N,NULL,N,N,1859,1903,1903,N,NULL,38,2,1,N,,N,N,098-US-0119-10,NULL,NULL,2019,O,7.24375E+11,098-US-0119  -010,HIGH,098-US-0119  -000,20.023,0,0,0,0,0,0,0,0,0,0,0,0,0
72397988,KSP0900,19-32059,20190819,1414,,,FERRELLS CREEK,,RD,US0460,US0460,0,098 US-460,US0460,N,N,NULL,NULL,NULL,N,NULL,NULL,NULL,NULL,NULL,NULL,22.595,NULL,NULL,NULL,NULL,,NULL,0,0,2,2,N,N,55,NULL,98,9839,NULL,,Y,37.38105,37,22.863,NULL,-82.25504,82,15.302,NULL,N,NULL,NULL,NULL,NULL,NULL,NULL,NULL,NULL,5,3,2,6,1,1,2,2,7,3,N,NULL,N,N,1414,1442,,N,NULL,49,,1,N,,N,N,098-US-0460-0,NULL,NULL,2019,O,7.2398E+11,098-US-0460  -000,HIGH,098-US-0460  -000,22.595,0,0,0,1,0,0,1,0,0,0,0,0,0
72386390,KSP0900,19-27868,20190722,830,,,WILLIAMSON,,RD,KY0292,KY0292,0,098 KY-292,KY0292,N,N,NULL,NULL,NULL,N,NULL,NULL,NULL,NULL,NULL,NULL,12.622,NULL,NULL,NULL,NULL,,NULL,0,0,1,1,N,N,35,NULL,98,9826,NULL,,Y,37.73969,37,44.382,NULL,-82.33294,82,19.976,NULL,N,NULL,NULL,NULL,NULL,NULL,NULL,NULL,NULL,9,3,2,3,1,5,6,2,7,3,N,NULL,Y,N,900,1030,1100,N,NULL,40,7,0,N,,N,N,098-KY-0292-0,NULL,NULL,2019,O,7.23864E+11,098-KY-0292  -000,HIGH,098-KY-0292  -000,12.622,0,0,0,1,0,0,1,0,0,0,0,1,0