MasterFile,AgencyORINumber,LocalCode,CollisionDate,CollisionTime,CollisionDayWeekCode,RoadwayName_HouseBusinessNumber_,RoadwayName_RoadwayName_,RoadwayName_Direction_,RoadwayName_RoadwaySuffix_,RoadwayfromReport,CurrentRoadwayNumber,RoadwayNumberCoupletID,RSEUniqueGIS,RoadwayIdentifier,ParkingLotIndicator,IntersectionWith_Indicator_,IntersectionWith_NameRoadway_,IntersectionWith_Direction_,IntersectionWith_RoadwaySuffix_,BetweenStreets_Indicator_,BetweenStreets1_NameRoadway_,BetweenStreet1_Direction_,BetweenStreets1_RoadwaySuffix_,BetweenStreets2_NameRoadway_,BetweenStreets2_Direction_,BetweenStreets2_RoadwaySuffix_,Milepoint,ReportMilepointDeriveNumber,CurrentDerivedMiepointNumber,MilestoMilepoint,FeettoMilepoint,DirectionfromMilepoint_NSEW_,ValidMilepointIndicator,NumberInjured,NumberKilled,ofUnits,ofMotorVehicleUnits,Hit&RunIndicator,OneWayIndicator,SpeedLimitNumber,KilometersIndicator,CountyCode,CityCountyCode,MilesFromCity,DirectionFromCity_NSEW_,InCityLimitsIndicator,Latitude,LatitudeDegrees,LatitudeMinutes,LatitudeSeconds,Longitude,LongitudeDegrees,LongitudeMinutes,LongitudeSeconds,RampIndicator,RampFromIdentifier,RampFromDirCode,RampFromCoupletID,RSEUniqueGISRampFrom,RampToidentifier,RampToDirCode,RampToCoupletID,RSEUniqueGisRampTo,MannerofCollisionCode,LocationFirstEventCode,TotalLanes,RoadwayCharacterCode,RoadwaySurfaceCode,RoadwayConditionCode,WeatherCode,LightConditionCode,LandUseCode,SchoolBusRelatedCode,FirstAidSceneIndicator,CollDescPresentInd,InvestigationCompleteIndicator,PhotosTakenIndicator,TimeNotified,TimeArrived,TimeRoadwayOpened,PropertyDamageIndicator,DiagramPresentIndicator,DirectionalAnalysis,FunctionClassCode,NationalHwySysCode,EnforcementsIndicator,KARSCityCode,SecondaryCollisionIndicator,MedianCrossoverIndicator,RT_UNIQUE,MapIt,TimeLastLeft,YR,KABCO,MFNY,WorkingRID,RT_CONFIDENCE,KTC_RT,KTC_MP,Motorcyclist,CommercialVehicle,YoungDriver,MatureDriver,pedestrian,Bicyclist,Distracted,agressive,Impaired,Unrestrained,Intersection,RoadwayDeparture,MedXover
72388609,KSP0900,19-28723,20190728,123,,,BEAVER CK,,RD,KY1373,KY1373,0,098 KY-1373,KY1373,N,N,NULL,NULL,NULL,N,NULL,NULL,NULL,NULL,NULL,NULL,0.742,NULL,NULL,NULL,NULL,,NULL,1,0,1,1,N,N,55,NULL,98,9802,NULL,,Y,37.31792,37,19.075,NULL,-82.34795,82,20.877,NULL,N,NULL,NULL,NULL,NULL,NULL,NULL,NULL,NULL,9,3,2,6,1,1,2,4,6,3,N,NULL,Y,Y,129,132,,N,NULL,40,8,0,N,,N,N,098-KY-1373-0,NULL,NULL,2019,C,7.23886E+11,098-KY-1373  -000,HIGH,098-KY-1373  -000,0.742,0,0,0,0,0,0,0,0,1,1,0,1,0
72409448,KSP0900,19-35470,20190911,1030,,,POPLAR FORK WOODMAN,,RD,KY2059,KY2059,0,098 KY-2059,KY2059,N,N,NULL,NULL,NULL,N,NULL,NULL,NULL,NULL,NULL,NULL,0.759,NULL,NULL,NULL,NULL,,NULL,1,0,2,2,N,N,55,NULL,98,9855,NULL,,Y,37.50663,37,30.397,NULL,-82.05623,82,3.374,NULL,N,NULL,NULL,NULL,NULL,NULL,NULL,NULL,NULL,3,3,2,3,1,1,2,2,7,3,Y,NULL,N,Y,1022,1046,1130,N,NULL,52,9,0,Y,,N,N,098-KY-2059-0,NULL,NULL,2019,C,7.24094E+11,098-KY-2059  -000,HIGH,098-KY-2059  -000,0.759,0,0,1,0,0,0,1,0,0,0,0,1,0
72397161,KSP0900,19-32388,20190821,130,,,US119,,,US0119,US0119,0,098 US-119,US0119,N,N,NULL,NULL,NULL,N,NULL,NULL,NULL,NULL,NULL,NULL,18.377,NULL,NULL,NULL,NULL,,NULL,2,0,1,1,N,N,55,NULL,98,9851,NULL,,Y,37.59537,37,35.722,NULL,-82.28184,82,16.91,NULL,N,NULL,NULL,NULL,NULL,NULL,NULL,NULL,NULL,9,2,2,1,1,1,3,2,7,3,Y,NULL,Y,N,1322,1324,1332,N,NULL,40,2,1,N,,N,N,098-US-0119-0,NULL,NULL,2019,C,7.23972E+11,098-US-0119  -000,HIGH,098-US-0119  -000,18.377,0,0,0,0,0,0,0,0,0,0,0,1,1
72389352,KSP0900,19-29468,20190802,1502,,,STONE COAL CREEK,,RD,KY3227,KY3227,0,098 KY-3227,KY3227,N,N,NULL,NULL,NULL,N,NULL,NULL,NULL,NULL,NULL,NULL,0.416,NULL,NULL,NULL,NULL,,NULL,0,0,2,2,N,N,55,NULL,98,9801,NULL,,Y,37.51593,37,30.956,NULL,-82.54469,82,32.681,NULL,N,NULL,NULL,NULL,NULL,NULL,NULL,NULL,NULL,8,3,2,6,1,1,2,2,7,3,N,NULL,Y,N,1502,1527,1620,N,NULL,53,8,0,N,,N,N,098-KY-3227-0,NULL,NULL,2019,O,7.23894E+11,098-KY-3227  -000,HIGH,098-KY-3227  -000,0.416,0,1,0,1,0,0,0,1,0,0,0,1,0
72408711,KSP0900,19-35455,20190911,821,,,OWSLEY,,RD,KY1384,KY1384,0,098 KY-1384,KY1384,N,N,NULL,NULL,NULL,N,NULL,NULL,NULL,NULL,NULL,NULL,0.01,NULL,NULL,NULL,NULL,,NULL,2,0,2,2,N,N,55,NULL,98,9813,NULL,,Y,37.53174,37,31.904,NULL,-82.61946,82,37.168,NULL,N,NULL,NULL,NULL,NULL,NULL,NULL,NULL,NULL,1,3,4,6,1,1,2,2,7,3,Y,NULL,Y,Y,825,838,915,N,NULL,55,,0,N,,N,N,098-KY-1384-0,NULL,NULL,2019,C,7.24087E+11,098-KY-1384  -000,HIGH,098-KY-1384  -000,0.01,0,0,0,0,0,0,1,0,0,0,0,0,0
72386664,980100,2.019E+11,20190730,103,,,HAROLDS BRANCH,,RD,,,0,098 CS-1223,CS1223,N,N,NULL,NULL,NULL,N,NULL,NULL,NULL,NULL,NULL,NULL,0.092,NULL,NULL,NULL,NULL,,NULL,0,0,2,2,N,N,15,NULL,98,9801,NULL,,Y,37.47164,37,28.298,NULL,-82.52198,82,31.319,NULL,N,NULL,NULL,NULL,NULL,NULL,NULL,NULL,NULL,2,3,2,6,2,1,2,2,1,3,N,NULL,Y,N,1257,1257,1316,N,NULL,56,,,N,,N,N,098-CS-1223-0,NULL,NULL,2019,O,7.23867E+11,098-CS-1223  -000,HIGH,098-CS-1223  -000,0.092,0,0,0,1,0,0,1,0,0,0,0,0,0
72378496,980100,2.019E+11,20190712,557,,,LORAINE STREET,,,,,,,,N,N,NULL,NULL,NULL,N,NULL,NULL,NULL,NULL,NULL,NULL,NULL,NULL,NULL,NULL,NULL,,NULL,1,0,1,1,N,N,25,NULL,98,9801,NULL,,Y,37.48375,37,29.025,NULL,-82.53481,82,32.089,NULL,N,NULL,NULL,NULL,NULL,NULL,NULL,NULL,NULL,9,3,2,6,1,1,2,1,7,3,Y,NULL,Y,Y,557,600,651,N,NULL,40,,,Y,,N,N,,NULL,NULL,2019,C,7.23785E+11,098-KY-1384  -000,MEDIUM,098-KY-1384  -000,7.533,0,0,0,0,0,0,0,1,1,0,0,1,0
72429833,980100,2.019E+11,20191028,1015,,,US23,,,US0023,US0023,0,098 US-23,US0023,N,N,NULL,NULL,NULL,N,NULL,NULL,NULL,NULL,NULL,NULL,24.719,NULL,NULL,NULL,NULL,,NULL,1,0,2,2,N,N,55,NULL,98,9801,NULL,,Y,37.48475,37,29.085,NULL,-82.54286,82,32.572,NULL,N,NULL,NULL,NULL,NULL,NULL,NULL,NULL,NULL,5,3,4,6,1,1,2,2,1,3,N,NULL,Y,Y,1132,1136,1208,N,NULL,49,,1,N,,Y,N,098-US-0023-0,NULL,NULL,2019,B,7.24298E+11,098-US-0023  -000,HIGH,098-US-0023  -000,24.719,0,0,0,0,0,0,1,0,0,0,0,0,0
72397394,KSP0900,19-32260,20190820,1726,,,ROCKHOUSE,,CRK,,,0,098 CR-1243,CR1243,N,N,NULL,NULL,NULL,N,NULL,NULL,NULL,NULL,NULL,NULL,0.536,NULL,NULL,NULL,NULL,,NULL,0,0,2,2,Y,N,35,NULL,98,9830,NULL,,Y,37.33155,37,19.893,NULL,-82.46088,82,27.652,NULL,N,NULL,NULL,NULL,NULL,NULL,NULL,NULL,NULL,3,3,1,3,1,1,2,2,7,3,N,NULL,Y,N,1743,1759,1750,N,NULL,52,,,Y,,N,N,098-CR-1243-0,NULL,NULL,2019,O,7.23974E+11,098-CR-1243  -000,HIGH,098-CR-1243  -000,0.536,0,0,0,0,0,0,0,0,0,0,0,1,0
72407514,980100,2.019E+11,20190914,1022,,,US23,,,US0023,US0023,,,,N,N,NULL,NULL,NULL,N,NULL,NULL,NULL,NULL,NULL,NULL,19.135,NULL,NULL,NULL,NULL,,NULL,0,0,2,2,N,N,55,NULL,98,9801,NULL,,Y,37.44232,37,26.539,NULL,-82.50577,82,30.346,NULL,N,NULL,NULL,NULL,NULL,NULL,NULL,NULL,NULL,8,3,4,6,1,1,2,2,7,3,N,NULL,Y,N,1022,1027,1027,N,NULL,53,,1,N,,N,N,,NULL,NULL,2019,O,7.24075E+11,098-US-0023  -000,MEDIUM,098-US-0023  -000,19.135,0,0,0,0,0,0,1,0,0,0,0,1,0
72386900,KSP0900,19-28626,20190727,1206,,,US119,,,US0119,US0119,0,098 US-119-10,US0119,N,N,NULL,NULL,NULL,N,NULL,NULL,NULL,NULL,NULL,NULL,23.249,NULL,NULL,NULL,NULL,,NULL,1,0,2,2,N,N,55,NULL,98,9836,NULL,,Y,37.64505,37,38.703,NULL,-82.26723,82,16.034,NULL,N,NULL,NULL,NULL,NULL,NULL,NULL,NULL,NULL,1,3,2,6,1,1,2,2,7,3,Y,NULL,Y,Y,1206,1212,1212,N,NULL,55,2,1,N,,N,N,098-US-0119-10,NULL,NULL,2019,B,7.23869E+11,098-US-0119  -010,HIGH,098-US-0119  -000,23.249,0,0,0,0,0,0,1,0,0,0,0,0,0
72417161,KSP0900,19-38840,20191003,1440,,,KY632,,,KY0632,KY0632,0,098 KY-632,KY0632,Y,N,NULL,NULL,NULL,N,NULL,NULL,NULL,NULL,NULL,NULL,12.94,NULL,NULL,NULL,NULL,,NULL,0,0,2,2,N,N,15,NULL,98,9804,NULL,,Y,37.50433,37,30.26,NULL,-82.16125,82,9.675,NULL,N,NULL,NULL,NULL,NULL,NULL,NULL,NULL,NULL,2,97,2,6,1,1,2,2,1,3,N,NULL,Y,N,1440,1503,1440,N,NULL,90,6,0,N,,N,N,098-KY-0632-0,NULL,NULL,2019,O,7.24172E+11,098-KY-0632  -000,HIGH,098-KY-0632  -000,12.94,0,0,0,0,0,0,1,0,0,0,0,0,0
72407515,980100,2.019E+11,20190914,1943,,233,CASSIDY BLVD,,,,,,,,Y,N,NULL,NULL,NULL,N,NULL,NULL,NULL,NULL,NULL,NULL,NULL,NULL,NULL,NULL,NULL,,NULL,0,0,2,2,Y,N,15,NULL,98,9801,NULL,,Y,37.50428,37,30.257,NULL,-82.53789,82,32.273,NULL,N,NULL,NULL,NULL,NULL,NULL,NULL,NULL,NULL,8,97,1,6,1,1,2,7,1,3,N,NULL,N,N,1943,1957,1957,N,NULL,90,,,Y,,N,N,,NULL,NULL,2019,O,7.24075E+11,098-CS-1191  -000,HIGH,098-CS-1191  -000,0.406,0,0,1,0,0,0,1,0,0,0,0,0,0
72388919,980100,2.019E+11,20190725,1720,,,US23,,,US0023,US0023,,,,N,N,NULL,NULL,NULL,N,NULL,NULL,NULL,NULL,NULL,NULL,25.588,NULL,NULL,NULL,NULL,,NULL,1,0,1,1,N,N,55,NULL,98,9801,NULL,,Y,37.49419,37,29.651,NULL,-82.53268,82,31.96,NULL,N,NULL,NULL,NULL,NULL,NULL,NULL,NULL,NULL,9,3,4,6,1,1,2,2,7,3,Y,NULL,Y,Y,1721,1725,1725,N,NULL,40,,1,N,,N,N,,NULL,NULL,2019,B,7.23889E+11,098-US-0023  -010,MEDIUM,098-US-0023  -000,25.588,0,0,0,0,0,0,1,0,0,0,0,1,0
72386084,980100,2.019E+11,20190729,1257,,,THOMPSON,,RD,,,0,098 CS-1215,CS1215,Y,N,NULL,NULL,NULL,N,NULL,NULL,NULL,NULL,NULL,NULL,NULL,NULL,NULL,NULL,NULL,NULL,NULL,0,0,2,2,N,N,NULL,NULL,98,9801,NULL,,Y,37.50695,37,30.417,NULL,-82.54343,82,32.606,NULL,N,NULL,NULL,NULL,NULL,NULL,NULL,NULL,NULL,7,97,2,6,1,1,2,2,1,3,N,NULL,Y,N,1257,1257,1316,N,NULL,90,,,N,,N,N,098-CS-1215-0,NULL,NULL,2019,O,7.23861E+11,098-CS-1215  -000,HIGH,098-CS-1215  -000,0.502,0,0,0,1,0,0,1,0,0,0,0,0,0
72382751,980100,2.019E+11,20190710,1551,,,KY1469,,,KY1469,KY1469,0,098 KY-1469,KY1469,N,N,NULL,NULL,NULL,N,NULL,NULL,NULL,NULL,NULL,NULL,13.39,NULL,NULL,NULL,NULL,,NULL,0,0,2,2,N,N,55,NULL,98,9801,5,S,N,37.35876,37,21.526,NULL,-82.56731,82,34.038,NULL,N,NULL,NULL,NULL,NULL,NULL,NULL,NULL,NULL,1,3,2,6,1,1,2,2,1,3,N,NULL,Y,N,1551,1551,,N,NULL,55,7,0,N,,N,N,098-KY-1469-0,NULL,NULL,2019,O,7.23828E+11,098-KY-1469  -000,HIGH,098-KY-1469  -000,13.39,0,0,0,0,0,0,0,0,0,0,0,0,0
72462723,KSP0900,20-874,20200107,1203,,,KY1426,,,KY1426,KY1426,0,098 KY-1426,KY1426,N,N,NULL,NULL,NULL,N,NULL,NULL,NULL,NULL,NULL,NULL,12.216,NULL,NULL,NULL,NULL,,NULL,0,0,1,1,N,N,55,NULL,98,9820,NULL,,Y,37.53881,37,32.329,NULL,-82.46847,82,28.108,NULL,N,NULL,NULL,NULL,NULL,NULL,NULL,NULL,NULL,9,3,2,3,1,4,3,2,7,3,N,NULL,Y,N,1215,1240,1203,N,NULL,44,7,0,N,,N,N,098-KY-1426-0,NULL,NULL,2020,O,7.24627E+11,098-KY-1426  -000,HIGH,098-KY-1426  -000,12.216,0,0,0,0,0,0,1,0,0,0,0,1,0
72433060,KSP0900,19-43002,20191101,1332,,,GRAPEVINE,,RD,KY0194,KY0194,0,098 KY-194,KY0194,N,N,NULL,NULL,NULL,N,NULL,NULL,NULL,NULL,NULL,NULL,30.48,NULL,NULL,NULL,NULL,,NULL,0,0,1,1,N,N,55,NULL,98,9849,NULL,,Y,37.4481,37,26.886,NULL,-82.3557,82,21.342,NULL,N,NULL,NULL,NULL,NULL,NULL,NULL,NULL,NULL,9,3,2,6,1,1,2,2,7,3,N,NULL,Y,N,1400,1405,1415,N,NULL,40,7,0,N,,N,N,098-KY-0194-0,NULL,NULL,2019,O,7.24331E+11,098-KY-0194  -000,HIGH,098-KY-0194  -000,30.48,0,0,0,0,0,0,0,0,0,0,0,1,0
72383001,KSP0900,19-27648,20190720,1938,,,RIGHT FORK OF COWPEN,,RD,,,0,098 CR-1321Q4,CR1321Q4,N,N,NULL,NULL,NULL,N,NULL,NULL,NULL,NULL,NULL,NULL,0.053,NULL,NULL,NULL,NULL,,NULL,0,0,2,2,N,N,25,NULL,98,9807,NULL,,Y,37.54543,37,32.726,NULL,-82.56095,82,33.657,NULL,N,NULL,NULL,NULL,NULL,NULL,NULL,NULL,NULL,1,3,2,3,1,1,2,2,7,3,N,NULL,N,Y,1938,2001,,N,NULL,55,,,N,,N,N,098-CR-1321Q4-0,NULL,NULL,2019,O,7.2383E+11,098-CR-1321Q4-000,HIGH,098-CR-1321Q4-000,0.053,0,0,0,0,0,0,0,0,0,0,0,0,0
72406563,KSP0900,19-34915,20190907,1616,,2791,KY122,,,KY0122,KY0122,0,098 KY-122,KY0122,N,N,NULL,NULL,NULL,N,NULL,NULL,NULL,NULL,NULL,NULL,2.064,NULL,NULL,NULL,NULL,,NULL,0,0,1,1,N,N,55,NULL,98,9827,NULL,,Y,37.33609,37,20.166,NULL,-82.63895,82,38.337,NULL,N,NULL,NULL,NULL,NULL,NULL,NULL,NULL,NULL,9,5,2,6,1,1,2,2,7,3,N,NULL,N,Y,1616,1640,,Y,NULL,41,,0,N,,N,N,098-KY-0122-0,NULL,NULL,2019,O,7.24066E+11,098-KY-0122  -000,HIGH,098-KY-0122  -000,2.064,0,0,0,0,0,0,0,0,0,0,0,1,0
72418857,980100,2.019E+11,20191010,1247,,,KY1460,,,KY1460,KY1460,0,098 KY-1460,KY1460,N,N,NULL,NULL,NULL,N,NULL,NULL,NULL,NULL,NULL,NULL,6.975,NULL,NULL,NULL,NULL,,NULL,0,0,2,2,N,N,35,NULL,98,9801,NULL,,Y,37.48538,37,29.123,NULL,-82.54385,82,32.631,NULL,N,NULL,NULL,NULL,NULL,NULL,NULL,NULL,NULL,1,3,2,6,1,1,2,2,7,3,N,NULL,Y,N,1247,1253,1255,N,NULL,55,16,0,N,,N,N,098-KY-1460-0,NULL,NULL,2019,O,7.24189E+11,098-KY-1460  -000,HIGH,098-KY-1460  -000,6.975,0,0,0,1,0,0,1,0,0,0,0,0,0
72419871,980100,2.019E+11,20191012,1830,,,BYPASS,S,RD,KY1426,KY1426,,,,N,N,NULL,NULL,NULL,N,NULL,NULL,NULL,NULL,NULL,NULL,6.258,NULL,NULL,NULL,NULL,,NULL,0,0,2,2,N,N,35,NULL,98,9801,NULL,,Y,37.47844,37,28.707,NULL,-82.51556,82,30.934,NULL,N,NULL,NULL,NULL,NULL,NULL,NULL,NULL,NULL,8,2,3,6,1,1,2,2,1,3,N,NULL,Y,N,1830,1832,,N,NULL,53,,0,N,,N,N,,NULL,NULL,2019,O,7.24199E+11,098-KY-1426  -000,HIGH,098-KY-1426  -000,6.258,0,0,0,0,0,0,1,1,0,0,0,1,0
72421666,KSP0900,19-40736,20191016,829,,,US460,,,US0460,US0460,0,098 US-460,US0460,N,N,NULL,NULL,NULL,N,NULL,NULL,NULL,NULL,NULL,NULL,8.26,NULL,NULL,NULL,NULL,,NULL,1,0,2,2,N,N,45,NULL,98,9801,4,SE,N,37.37539,37,22.523,NULL,-82.43165,82,25.899,NULL,N,NULL,NULL,NULL,NULL,NULL,NULL,NULL,NULL,8,3,2,6,1,5,6,2,7,3,Y,NULL,Y,N,831,901,957,N,NULL,53,,1,N,,N,N,098-US-0460-0,NULL,NULL,2019,C,7.24217E+11,098-US-0460  -000,HIGH,098-US-0460  -000,8.26,0,0,0,1,0,0,0,1,0,0,0,1,0
72375889,980100,2.019E+11,20190704,1921,,,KY3496,,,KY3496,KY3496,0,098 KY-3496,KY3496,Y,N,NULL,NULL,NULL,N,NULL,NULL,NULL,NULL,NULL,NULL,0.778,NULL,NULL,NULL,NULL,,NULL,0,0,2,2,N,N,NULL,NULL,98,9801,NULL,,Y,37.47184,37,28.31,NULL,-82.5292,82,31.752,NULL,N,NULL,NULL,NULL,NULL,NULL,NULL,NULL,NULL,2,97,1,6,1,1,2,2,1,3,N,NULL,Y,N,1921,1927,1927,N,NULL,90,16,0,N,,N,N,098-KY-3496-0,NULL,NULL,2019,O,7.23759E+11,098-KY-3496  -000,HIGH,098-KY-3496  -000,0.778,0,0,0,0,0,0,1,0,0,0,0,0,0
72411385,KSP0900,19-37116,20190922,800,,,FOREST HILLS,,RD,KY0308,KY0308,0,098 KY-308,KY0308,Y,N,NULL,NULL,NULL,N,NULL,NULL,NULL,NULL,NULL,NULL,1.9,NULL,NULL,NULL,NULL,,NULL,0,0,1,1,Y,N,35,NULL,98,9836,NULL,,Y,37.64207,37,38.524,NULL,-82.27866,82,16.72,NULL,N,NULL,NULL,NULL,NULL,NULL,NULL,NULL,NULL,9,97,2,6,2,11,2,7,6,3,N,NULL,N,Y,800,831,,Y,NULL,90,8,0,N,,N,N,098-KY-0308-0,NULL,NULL,2019,NULL,7.24114E+11,098-KY-0308  -000,HIGH,098-KY-0308  -000,1.9,0,0,0,0,0,0,1,0,0,0,0,1,0
72387011,980200,980200,20190730,1200,,,ELKHORN,,CRK,KY0197,KY0197,0,098 KY-197,KY0197,N,N,NULL,NULL,NULL,N,NULL,NULL,NULL,NULL,NULL,NULL,15.481,NULL,NULL,NULL,NULL,,NULL,0,0,2,2,N,N,5,NULL,98,9802,NULL,,Y,37.29453,37,17.672,NULL,-82.3652,82,21.912,NULL,N,NULL,NULL,NULL,NULL,NULL,NULL,NULL,NULL,1,7,2,6,1,1,2,2,1,3,N,NULL,N,Y,1200,1210,1210,N,NULL,47,7,0,N,,N,N,098-KY-0197-0,NULL,NULL,2019,O,7.2387E+11,098-KY-0197  -000,HIGH,098-KY-0197  -000,15.481,0,0,0,0,0,0,0,0,0,0,0,0,0
72401486,KSP0900,19-33938,20190831,1821,,,COLLINS,,HWY,KY0122,KY0122,0,098 KY-122,KY0122,Y,N,NULL,NULL,NULL,N,NULL,NULL,NULL,NULL,NULL,NULL,10.455,NULL,NULL,NULL,NULL,,NULL,0,0,2,2,N,N,15,NULL,98,9827,NULL,,Y,37.38778,37,23.267,NULL,-82.54285,82,32.571,NULL,N,NULL,NULL,NULL,NULL,NULL,NULL,NULL,NULL,3,97,2,6,1,1,2,2,1,3,N,NULL,N,N,1836,1846,1846,N,NULL,90,,0,N,,N,N,098-KY-0122-0,NULL,NULL,2019,O,7.24015E+11,098-KY-0122  -000,HIGH,098-KY-0122  -000,10.455,0,0,0,1,0,0,1,0,0,0,0,0,0
72425288,980100,2.019E+11,20191018,1947,,,KY1426,,,KY1426,KY1426,0,098 KY-1426,KY1426,N,N,NULL,NULL,NULL,N,NULL,NULL,NULL,NULL,NULL,NULL,NULL,NULL,NULL,NULL,NULL,NULL,NULL,0,0,2,2,N,N,55,NULL,98,9801,NULL,,Y,37.47379,37,28.428,NULL,-82.52819,82,31.691,NULL,N,NULL,NULL,NULL,NULL,NULL,NULL,NULL,NULL,8,3,2,3,1,1,2,5,1,3,N,NULL,Y,N,1947,1950,,N,NULL,53,8,0,Y,,N,N,098-KY-1426-0,NULL,NULL,2019,O,7.24253E+11,098-KY-1426  -000,HIGH,098-KY-1426  -000,5.303,0,0,0,0,0,0,0,0,1,0,0,1,0
72448281,980100,2.019E+11,20191209,1029,,,CASSIDY,,BLVD,,,,,,N,N,NULL,NULL,NULL,N,NULL,NULL,NULL,NULL,NULL,NULL,0.293,NULL,NULL,NULL,NULL,,NULL,2,0,2,2,N,N,25,NULL,98,9801,NULL,,Y,37.50525,37,30.315,NULL,-82.53673,82,32.204,NULL,N,NULL,NULL,NULL,NULL,NULL,NULL,NULL,NULL,1,3,2,3,1,5,6,2,1,3,N,NULL,Y,Y,1029,1031,1034,N,NULL,55,,,N,,N,N,,NULL,NULL,2019,C,7.24483E+11,098-CS-1191  -000,HIGH,098-CS-1191  -000,0.293,0,0,0,0,0,0,1,1,0,0,0,0,0
72423429,KSP0900,19-40191,20191012,127,,,SYCAMORE,,RD,,,0,098 PR-1316,PR1316,N,N,NULL,NULL,NULL,N,NULL,NULL,NULL,NULL,NULL,NULL,0.083,NULL,NULL,NULL,NULL,,NULL,1,0,1,1,N,N,25,NULL,98,9864,NULL,,Y,37.69114,37,41.468,NULL,-82.37024,82,22.214,NULL,N,NULL,NULL,NULL,NULL,NULL,NULL,NULL,NULL,9,5,2,6,1,1,2,5,7,3,N,NULL,N,Y,127,406,,N,NULL,40,,,N,,N,N,098-PR-1316-0,NULL,NULL,2019,C,7.24234E+11,098-PR-1316  -000,HIGH,098-PR-1316  -000,0.083,0,0,0,0,0,0,1,0,0,0,0,1,0
72427380,KSP0900,19-42105,20191026,1214,,,US460,,,US0460,US0460,0,098 US-460,US0460,N,N,NULL,NULL,NULL,N,NULL,NULL,NULL,NULL,NULL,NULL,13.338,NULL,NULL,NULL,NULL,,NULL,1,0,1,1,N,N,55,NULL,98,9802,3,NW,N,37.33356,37,20.013,NULL,-82.38803,82,23.282,NULL,N,NULL,NULL,NULL,NULL,NULL,NULL,NULL,NULL,9,4,2,3,1,5,3,2,7,3,Y,NULL,Y,N,1215,1240,1315,N,NULL,44,,1,N,,N,N,098-US-0460-0,NULL,NULL,2019,C,7.24274E+11,098-US-0460  -000,HIGH,098-US-0460  -000,13.338,0,0,0,0,0,0,0,1,0,0,0,1,0
72379579,KSP0900,19-24990,20190703,1708,,,APPALACHIAN,,PLZ,,,0,098 PR-1008,PR1008,Y,N,NULL,NULL,NULL,N,NULL,NULL,NULL,NULL,NULL,NULL,0.082,NULL,NULL,NULL,NULL,,NULL,0,0,2,2,Y,N,NULL,NULL,98,9834,NULL,,Y,37.66653,37,39.992,NULL,-82.27472,82,16.483,NULL,N,NULL,NULL,NULL,NULL,NULL,NULL,NULL,NULL,8,97,2,6,1,1,2,2,1,3,N,NULL,Y,N,1708,1735,1708,N,NULL,90,,,N,,N,N,098-PR-1008-0,NULL,NULL,2019,NULL,7.23796E+11,098-PR-1008  -000,HIGH,098-PR-1008  -000,0.082,0,0,0,0,0,0,1,0,0,0,0,0,0
72418917,980000,19-10-003,20191009,1835,,,CSX,,RD,,,0,098 CR-1311Q4,CR1311Q4,N,N,NULL,NULL,NULL,N,NULL,NULL,NULL,NULL,NULL,NULL,0.056,NULL,NULL,NULL,NULL,,NULL,0,0,2,2,Y,N,55,NULL,98,9801,18,E,N,37.59517,37,35.71,NULL,-82.50622,82,30.373,NULL,N,NULL,NULL,NULL,NULL,NULL,NULL,NULL,NULL,7,3,NULL,5,3,1,2,2,7,3,N,NULL,N,Y,1925,2016,2016,N,NULL,54,,,N,,N,N,098-CR-1311Q4-0,NULL,NULL,2019,O,7.24189E+11,098-CR-1311Q4-000,HIGH,098-CR-1311Q4-000,0.056,0,0,0,0,0,0,0,0,0,0,0,1,0
72415219,KSP0900,19-38128,20190929,1946,,,US119,,,US0119,US0119,0,098 US-119,US0119,N,N,NULL,NULL,NULL,N,NULL,NULL,NULL,NULL,NULL,NULL,18.92,NULL,NULL,NULL,NULL,,NULL,1,0,1,1,N,N,55,NULL,98,9801,NULL,,Y,37.60122,37,36.073,NULL,-82.27525,82,16.515,NULL,N,NULL,NULL,NULL,NULL,NULL,NULL,NULL,NULL,9,6,4,6,1,1,2,6,7,3,Y,NULL,N,Y,1746,1958,1958,N,NULL,44,2,1,N,,N,N,098-US-0119-0,NULL,NULL,2019,C,7.24152E+11,098-US-0119  -000,HIGH,098-US-0119  -000,18.92,0,0,0,0,0,0,0,0,1,0,0,1,0
72427379,KSP0900,19-42093,20191026,1009,,,US23,,,US0023,US0023,0,098 US-23,US0023,N,N,NULL,NULL,NULL,N,NULL,NULL,NULL,NULL,NULL,NULL,28.058,NULL,NULL,NULL,NULL,,NULL,0,0,2,2,N,N,55,NULL,98,9807,NULL,,Y,37.51537,37,30.922,NULL,-82.55928,82,33.557,NULL,N,NULL,NULL,NULL,NULL,NULL,NULL,NULL,NULL,1,3,4,6,1,5,3,2,7,3,N,NULL,Y,N,1009,1017,1017,N,NULL,55,,1,N,,N,N,098-US-0023-0,NULL,NULL,2019,O,7.24274E+11,098-US-0023  -000,HIGH,098-US-0023  -000,28.058,0,0,0,1,0,0,1,0,0,0,0,0,0
72419663,980100,2.019E+11,20191009,1705,,,BYPASS,S,RD,KY1426,KY1426,0,098 KY-1426,KY1426,N,N,NULL,NULL,NULL,N,NULL,NULL,NULL,NULL,NULL,NULL,5.517,NULL,NULL,NULL,NULL,,NULL,0,0,2,2,N,N,25,NULL,98,9801,NULL,,Y,37.47233,37,28.34,NULL,-82.52596,82,31.558,NULL,N,NULL,NULL,NULL,NULL,NULL,NULL,NULL,NULL,1,3,2,6,1,1,2,2,1,3,N,NULL,Y,N,1705,1710,1710,N,NULL,55,,0,N,,N,N,098-KY-1426-0,NULL,NULL,2019,O,7.24197E+11,098-KY-1426  -000,HIGH,098-KY-1426  -000,5.517,0,0,0,0,0,0,0,0,0,0,0,0,0