MasterFile,AgencyORINumber,LocalCode,CollisionDate,CollisionTime,CollisionDayWeekCode,RoadwayName_HouseBusinessNumber_,RoadwayName_RoadwayName_,RoadwayName_Direction_,RoadwayName_RoadwaySuffix_,RoadwayfromReport,CurrentRoadwayNumber,RoadwayNumberCoupletID,RSEUniqueGIS,RoadwayIdentifier,ParkingLotIndicator,IntersectionWith_Indicator_,IntersectionWith_NameRoadway_,IntersectionWith_Direction_,IntersectionWith_RoadwaySuffix_,BetweenStreets_Indicator_,BetweenStreets1_NameRoadway_,BetweenStreet1_Direction_,BetweenStreets1_RoadwaySuffix_,BetweenStreets2_NameRoadway_,BetweenStreets2_Direction_,BetweenStreets2_RoadwaySuffix_,Milepoint,ReportMilepointDeriveNumber,CurrentDerivedMiepointNumber,MilestoMilepoint,FeettoMilepoint,DirectionfromMilepoint_NSEW_,ValidMilepointIndicator,NumberInjured,NumberKilled,ofUnits,ofMotorVehicleUnits,Hit&RunIndicator,OneWayIndicator,SpeedLimitNumber,KilometersIndicator,CountyCode,CityCountyCode,MilesFromCity,DirectionFromCity_NSEW_,InCityLimitsIndicator,Latitude,LatitudeDegrees,LatitudeMinutes,LatitudeSeconds,Longitude,LongitudeDegrees,LongitudeMinutes,LongitudeSeconds,RampIndicator,RampFromIdentifier,RampFromDirCode,RampFromCoupletID,RSEUniqueGISRampFrom,RampToidentifier,RampToDirCode,RampToCoupletID,RSEUniqueGisRampTo,MannerofCollisionCode,LocationFirstEventCode,TotalLanes,RoadwayCharacterCode,RoadwaySurfaceCode,RoadwayConditionCode,WeatherCode,LightConditionCode,LandUseCode,SchoolBusRelatedCode,FirstAidSceneIndicator,CollDescPresentInd,InvestigationCompleteIndicator,PhotosTakenIndicator,TimeNotified,TimeArrived,TimeRoadwayOpened,PropertyDamageIndicator,DiagramPresentIndicator,DirectionalAnalysis,FunctionClassCode,NationalHwySysCode,EnforcementsIndicator,KARSCityCode,SecondaryCollisionIndicator,MedianCrossoverIndicator,RT_UNIQUE,MapIt,TimeLastLeft,YR,KABCO,MFNY,WorkingRID,RT_CONFIDENCE,KTC_RT,KTC_MP,Motorcyclist,CommercialVehicle,YoungDriver,MatureDriver,pedestrian,Bicyclist,Distracted,agressive,Impaired,Unrestrained,Intersection,RoadwayDeparture,MedXover
72417710,980100,2.019E+11,20191007,2344,,,MAYO,S,TRL,KY3496,KY3496,,,,N,N,NULL,NULL,NULL,N,NULL,NULL,NULL,NULL,NULL,NULL,0.772,NULL,NULL,NULL,NULL,,NULL,0,0,2,2,N,N,35,NULL,98,9801,NULL,,Y,37.47207,37,28.324,NULL,-82.53004,82,31.802,NULL,N,NULL,NULL,NULL,NULL,NULL,NULL,NULL,NULL,1,3,2,6,1,5,6,5,1,3,N,NULL,Y,N,2344,2346,20,N,NULL,55,16,0,N,,N,N,,NULL,NULL,2019,O,7.24177E+11,098-KY-3496  -000,HIGH,098-KY-3496  -000,0.772,0,0,1,0,0,0,1,0,0,0,0,1,0
72387334,KSP0900,19-28460,20190726,830,,,US119,,,US0119,US0119,0,098 US-119,US0119,N,N,NULL,NULL,NULL,N,NULL,NULL,NULL,NULL,NULL,NULL,11.556,NULL,NULL,NULL,NULL,,NULL,2,0,1,1,N,N,55,NULL,98,9820,NULL,,Y,37.59208,37,35.525,NULL,-82.38123,82,22.873,NULL,N,NULL,NULL,NULL,NULL,NULL,NULL,NULL,NULL,9,3,2,4,1,1,2,2,7,3,Y,NULL,Y,Y,830,835,915,N,NULL,44,2,1,Y,,N,N,098-US-0119-0,NULL,NULL,2019,B,7.23873E+11,098-US-0119  -000,HIGH,098-US-0119  -000,11.556,0,0,0,0,0,0,0,0,1,0,0,1,0
72377407,KSP0900,19-23879,20190626,1530,,,US119,,,US0119,US0119,,,,N,N,NULL,NULL,NULL,N,NULL,NULL,NULL,NULL,NULL,NULL,24.943,NULL,NULL,NULL,NULL,,NULL,0,0,2,2,N,N,55,NULL,98,9834,NULL,,Y,37.66755,37,40.053,NULL,-82.27662,82,16.597,NULL,N,NULL,NULL,NULL,NULL,NULL,NULL,NULL,NULL,8,3,5,6,1,1,2,2,7,3,N,NULL,N,N,1525,1530,1535,N,NULL,53,2,1,N,,N,N,,NULL,NULL,2019,O,7.23774E+11,098-US-0119  -000,MEDIUM,098-US-0119  -000,24.943,0,0,0,0,0,0,0,1,0,0,0,1,0
72389748,KSP0900,19-30159,20190806,2125,,,GILLESPI,,BR,,,0,098 CR-1223,CR1223,N,N,NULL,NULL,NULL,N,NULL,NULL,NULL,NULL,NULL,NULL,0.576,NULL,NULL,NULL,NULL,,NULL,0,0,1,1,N,N,35,NULL,98,9824,NULL,,Y,37.39892,37,23.935,NULL,-82.47836,82,28.702,NULL,N,NULL,NULL,NULL,NULL,NULL,NULL,NULL,NULL,9,3,1,3,1,1,2,6,7,3,N,NULL,Y,N,2128,2149,,N,NULL,70,,,N,,N,N,098-CR-1223-0,NULL,NULL,2019,O,7.23897E+11,098-CR-1223  -000,HIGH,098-CR-1223  -000,0.576,0,0,0,0,0,0,1,0,0,0,0,1,0
72422115,980100,2.019E+11,20191017,824,,,US23,,,US0023,US0023,0,098 US-23,US0023,N,N,NULL,NULL,NULL,N,NULL,NULL,NULL,NULL,NULL,NULL,27.331,NULL,NULL,NULL,NULL,,NULL,0,0,2,2,N,N,55,NULL,98,9801,NULL,,Y,37.51062,37,30.637,NULL,-82.548,82,32.88,NULL,N,NULL,NULL,NULL,NULL,NULL,NULL,NULL,NULL,1,3,4,6,1,1,2,2,7,3,N,NULL,Y,N,824,829,858,N,NULL,55,,1,N,,N,N,098-US-0023-0,NULL,NULL,2019,O,7.24221E+11,098-US-0023  -000,HIGH,098-US-0023  -000,27.331,0,0,0,1,0,0,0,0,0,0,0,0,0
72438317,KSP0900,19-43353,20191104,926,,,US23,,,US0023,US0023,0,098 US-23-10,US0023,N,N,NULL,NULL,NULL,N,NULL,NULL,NULL,NULL,NULL,NULL,16.641,NULL,NULL,NULL,NULL,,NULL,0,0,1,1,Y,N,55,NULL,98,9801,NULL,,Y,37.4173,37,25.038,NULL,-82.52691,82,31.615,NULL,N,NULL,NULL,NULL,NULL,NULL,NULL,NULL,NULL,9,7,4,6,1,1,2,5,1,3,N,NULL,N,N,926,944,,Y,NULL,40,,1,N,,N,N,098-US-0023-10,NULL,NULL,2019,NULL,7.24383E+11,098-US-0023  -010,HIGH,098-US-0023  -000,16.641,0,0,0,0,0,0,1,0,0,0,0,1,0
72384381,980100,2.019E+11,20190725,1748,,115,LEE,,AVE,,,0,098 CS-1191,CS1191,Y,N,NULL,NULL,NULL,N,NULL,NULL,NULL,NULL,NULL,NULL,NULL,NULL,NULL,NULL,NULL,NULL,NULL,0,0,1,1,N,N,NULL,NULL,98,9801,NULL,,Y,37.50375,37,30.225,NULL,-82.53226,82,31.936,NULL,N,NULL,NULL,NULL,NULL,NULL,NULL,NULL,NULL,9,97,1,3,1,1,2,2,1,3,N,NULL,Y,N,1748,1756,,Y,NULL,90,,,N,,N,N,098-CS-1191-0,NULL,NULL,2019,O,7.23844E+11,098-CS-1191  -000,HIGH,098-CS-1191  -000,0.006,0,0,0,0,0,0,0,0,0,0,0,1,0
72410863,980100,2.019E+11,20190922,1254,,,US23,,,US0023,US0023,,,,N,N,NULL,NULL,NULL,N,NULL,NULL,NULL,NULL,NULL,NULL,26.587,NULL,NULL,NULL,NULL,,NULL,0,0,2,2,N,N,55,NULL,98,9801,NULL,,Y,37.50756,37,30.454,NULL,-82.53458,82,32.074,NULL,N,NULL,NULL,NULL,NULL,NULL,NULL,NULL,NULL,5,3,4,5,1,1,2,2,7,3,N,NULL,Y,N,1254,1258,1307,N,NULL,49,,1,N,,N,N,,NULL,NULL,2019,O,7.24109E+11,098-US-0023  -010,MEDIUM,098-US-0023  -000,26.587,0,0,0,0,0,0,0,0,0,0,0,0,0
72402372,KSP0900,19-32562,20190822,1530,,,KY194,,,KY0194,KY0194,0,098 KY-194,KY0194,N,N,NULL,NULL,NULL,N,NULL,NULL,NULL,NULL,NULL,NULL,64.314,NULL,NULL,NULL,NULL,,NULL,1,0,2,2,N,N,35,NULL,98,9825,NULL,,Y,37.55231,37,33.139,NULL,-82.10514,82,6.309,NULL,N,NULL,NULL,NULL,NULL,NULL,NULL,NULL,NULL,1,3,2,4,1,5,3,2,7,1,Y,NULL,Y,Y,1530,1605,1700,N,NULL,55,7,0,N,,N,N,098-KY-0194-0,NULL,NULL,2019,C,7.24024E+11,098-KY-0194  -000,HIGH,098-KY-0194  -000,64.314,0,0,0,0,0,0,0,0,0,0,0,0,0
72432661,980000,19-11-001,20191104,800,,,US119,,,US0119,US0119,0,098 US-119-10,US0119,N,N,NULL,NULL,NULL,N,NULL,NULL,NULL,NULL,NULL,NULL,1.976,NULL,NULL,NULL,NULL,,NULL,0,0,2,2,N,N,55,NULL,98,9801,3,N,N,37.51247,37,30.748,NULL,-82.49979,82,29.988,NULL,N,NULL,NULL,NULL,NULL,NULL,NULL,NULL,NULL,5,3,2,1,1,1,2,2,8,3,N,NULL,Y,N,804,812,804,N,NULL,49,2,1,N,,N,N,098-US-0119-10,NULL,NULL,2019,O,7.24327E+11,098-US-0119  -010,HIGH,098-US-0119  -000,1.976,0,0,0,0,0,0,1,0,0,0,0,0,0
72422551,980000,19-10-006,20191012,1045,,,NARROWS,,BR,,,0,098 CR-1078,CR1078,N,N,NULL,NULL,NULL,N,NULL,NULL,NULL,NULL,NULL,NULL,0.483,NULL,NULL,NULL,NULL,,NULL,0,0,2,2,N,N,35,NULL,98,9842,NULL,,Y,37.61113,37,36.668,NULL,-82.24802,82,14.881,NULL,N,NULL,NULL,NULL,NULL,NULL,NULL,NULL,NULL,7,3,2,6,1,5,3,2,7,3,N,NULL,Y,Y,1050,1050,1150,N,NULL,54,,,N,,N,N,098-CR-1078-0,NULL,NULL,2019,O,7.24226E+11,098-CR-1078  -000,HIGH,098-CR-1078  -000,0.483,0,0,1,0,0,0,0,0,0,0,0,1,0
72422624,KSP0900,19-41000,20191018,1130,,,US119,,,US0119,US0119,0,098 US-119,US0119,N,N,NULL,NULL,NULL,N,NULL,NULL,NULL,NULL,NULL,NULL,18.442,NULL,NULL,NULL,NULL,,NULL,1,0,1,1,N,N,55,NULL,98,9814,NULL,,Y,37.59536,37,35.722,NULL,-82.28059,82,16.835,NULL,N,NULL,NULL,NULL,NULL,NULL,NULL,NULL,NULL,9,3,2,1,1,1,2,2,7,3,Y,NULL,Y,N,1142,1153,1142,N,NULL,38,2,1,N,,N,N,098-US-0119-0,NULL,NULL,2019,C,7.24226E+11,098-US-0119  -000,HIGH,098-US-0119  -000,18.442,0,0,0,1,0,0,0,0,0,0,0,0,0
72380430,980100,2.019E+11,20190704,2218,,,US23,,,US0023,US0023,0,098 US-23,US0023,N,N,NULL,NULL,NULL,N,NULL,NULL,NULL,NULL,NULL,NULL,20.744,NULL,NULL,NULL,NULL,,NULL,0,0,2,2,N,N,55,NULL,98,9801,NULL,,Y,37.443,37,26.58,NULL,-82.52259,82,31.356,NULL,N,NULL,NULL,NULL,NULL,NULL,NULL,NULL,NULL,8,3,4,6,1,1,2,5,1,3,N,NULL,Y,N,2220,2227,2327,Y,NULL,53,,1,N,,N,N,098-US-0023-0,NULL,NULL,2019,O,7.23804E+11,098-US-0023  -000,HIGH,098-US-0023  -000,20.744,0,0,1,0,0,0,0,0,0,1,0,1,0
72395219,980500,2019AR057,20190815,1230,,,US23,,,US0023,US0023,0,098 US-23-10,US0023,N,N,NULL,NULL,NULL,N,NULL,NULL,NULL,NULL,NULL,NULL,28.51,NULL,NULL,NULL,NULL,,NULL,0,0,2,2,N,N,45,NULL,98,9807,NULL,,Y,37.51891,37,31.135,NULL,-82.56602,82,33.961,NULL,N,NULL,NULL,NULL,NULL,NULL,NULL,NULL,NULL,1,3,6,6,1,1,2,2,6,3,N,NULL,Y,Y,1231,1233,1302,N,NULL,55,,1,N,,N,N,098-US-0023-10,NULL,NULL,2019,O,7.23952E+11,098-US-0023  -010,HIGH,098-US-0023  -000,28.51,0,0,0,1,0,0,1,0,0,0,0,0,0
72416668,980100,2.019E+11,20191004,1838,,,KY3496,,,KY3496,KY3496,,,,Y,N,NULL,NULL,NULL,N,NULL,NULL,NULL,NULL,NULL,NULL,0.099,NULL,NULL,NULL,NULL,,NULL,0,0,1,1,N,N,NULL,NULL,98,9801,NULL,,Y,37.46594,37,27.956,NULL,-82.52951,82,31.77,NULL,N,NULL,NULL,NULL,NULL,NULL,NULL,NULL,NULL,9,97,1,6,1,1,2,2,1,3,N,NULL,N,N,1838,1838,,Y,NULL,90,16,0,N,,N,N,,NULL,NULL,2019,O,7.24167E+11,098-KY-3496  -000,HIGH,098-KY-3496  -000,0.099,0,0,0,0,0,0,1,0,0,0,0,1,0
72397732,980100,2.019E+11,20190824,1925,,120,JUSTICE WAY,,RD,,,0,098 CS-1215,CS1215,Y,N,NULL,NULL,NULL,N,NULL,NULL,NULL,NULL,NULL,NULL,NULL,NULL,NULL,NULL,NULL,NULL,NULL,0,0,2,2,N,N,NULL,NULL,98,9801,NULL,,Y,37.50715,37,30.429,NULL,-82.54703,82,32.821,NULL,N,NULL,NULL,NULL,NULL,NULL,NULL,NULL,NULL,2,97,1,6,1,1,2,2,1,3,N,NULL,Y,N,1926,1946,1946,N,NULL,90,,,N,,N,N,098-CS-1215-0,NULL,NULL,2019,O,7.23977E+11,098-CS-1215  -000,HIGH,098-CS-1215  -000,0.309,0,0,0,0,0,0,1,0,0,0,0,0,0
72390316,KSP0900,19-29209,20190731,1604,,,US23,,,US0023,US0023,0,098 US-23,US0023,N,N,NULL,NULL,NULL,N,NULL,NULL,NULL,NULL,NULL,NULL,31.893,NULL,NULL,NULL,NULL,,NULL,1,0,2,2,N,N,55,NULL,98,9801,NULL,,Y,37.53755,37,32.253,NULL,-82.60686,82,36.412,NULL,N,NULL,NULL,NULL,NULL,NULL,NULL,NULL,NULL,8,3,4,6,1,1,2,2,7,3,N,NULL,Y,Y,1604,1639,,N,NULL,53,,1,N,,N,N,098-US-0023-0,NULL,NULL,2019,C,7.23903E+11,098-US-0023  -000,HIGH,098-US-0023  -000,31.893,0,0,0,1,0,0,1,0,0,0,0,1,0
72404377,KSP0900,19-33971,20190831,2219,,,KY1426,,,KY1426,KY1426,0,098 KY-1426,KY1426,N,N,NULL,NULL,NULL,N,NULL,NULL,NULL,NULL,NULL,NULL,12.538,NULL,NULL,NULL,NULL,,NULL,0,0,1,1,N,N,55,NULL,98,9828,NULL,,Y,37.5434,37,32.604,NULL,-82.46776,82,28.066,NULL,N,NULL,NULL,NULL,NULL,NULL,NULL,NULL,NULL,9,6,2,3,1,1,2,6,7,3,N,NULL,N,Y,2221,2255,2255,N,NULL,44,7,0,N,,N,N,098-KY-1426-0,NULL,NULL,2019,O,7.24044E+11,098-KY-1426  -000,HIGH,098-KY-1426  -000,12.538,0,0,0,0,0,0,0,0,0,0,0,1,0
72444803,KSP0900,19-47126,20191201,1732,,,US23,,,US0023,US0023,0,098 US-23-10,US0023,N,N,NULL,NULL,NULL,N,NULL,NULL,NULL,NULL,NULL,NULL,29.139,NULL,NULL,NULL,NULL,,NULL,0,0,2,2,Y,N,45,NULL,98,9807,NULL,,Y,37.52537,37,31.522,NULL,-82.57387,82,34.432,NULL,N,NULL,NULL,NULL,NULL,NULL,NULL,NULL,NULL,8,3,2,5,1,1,2,6,1,3,N,NULL,Y,N,1732,1819,,N,NULL,53,,1,N,,N,N,098-US-0023-10,NULL,NULL,2019,O,7.24448E+11,098-US-0023  -010,HIGH,098-US-0023  -000,29.139,0,0,0,0,0,0,0,1,0,0,0,1,0
72427792,980100,2.019E+11,20191026,1431,,,US23,,,US0023,US0023,0,098 US-23,US0023,N,N,NULL,NULL,NULL,N,NULL,NULL,NULL,NULL,NULL,NULL,26.233,NULL,NULL,NULL,NULL,,NULL,0,0,2,2,N,N,55,NULL,98,9801,NULL,,Y,37.50294,37,30.177,NULL,-82.53205,82,31.923,NULL,N,NULL,NULL,NULL,NULL,NULL,NULL,NULL,NULL,5,3,4,6,1,1,3,2,7,3,N,NULL,N,N,1431,1431,1431,N,NULL,70,,1,N,,N,N,098-US-0023-0,NULL,NULL,2019,O,7.24278E+11,098-US-0023  -000,HIGH,098-US-0023  -000,26.233,0,0,1,0,0,0,1,0,0,0,0,0,0
72389181,980100,2.019E+11,20190805,1428,,,US23,,,US0023,US0023,,,,N,N,NULL,NULL,NULL,N,NULL,NULL,NULL,NULL,NULL,NULL,32.36,NULL,NULL,NULL,NULL,,NULL,0,0,1,1,N,N,55,NULL,98,9801,NULL,,Y,37.53711,37,32.227,NULL,-82.61526,82,36.916,NULL,N,NULL,NULL,NULL,NULL,NULL,NULL,NULL,NULL,9,3,4,3,1,1,2,2,7,3,N,NULL,Y,N,1428,1446,1505,N,NULL,70,,1,N,,N,N,,NULL,NULL,2019,O,7.23892E+11,098-US-0023  -010,MEDIUM,098-US-0023  -000,32.36,0,0,0,1,0,0,0,0,0,0,0,1,0
72432926,980500,2019AR071,20191107,1535,,,US23,,,US0023,US0023,0,098 US-23,US0023,N,N,NULL,NULL,NULL,N,NULL,NULL,NULL,NULL,NULL,NULL,28.645,NULL,NULL,NULL,NULL,,NULL,0,0,2,2,N,N,15,NULL,98,9807,NULL,,Y,37.51982,37,31.189,NULL,-82.56896,82,34.138,NULL,N,NULL,NULL,NULL,NULL,NULL,NULL,NULL,NULL,7,7,2,6,1,6,3,2,1,3,N,NULL,Y,N,1600,1602,,N,NULL,47,,1,N,,N,N,098-US-0023-0,NULL,NULL,2019,O,7.24329E+11,098-US-0023  -000,HIGH,098-US-0023  -000,28.645,0,0,0,0,0,0,0,0,0,0,0,0,0
72461164,KSP0900,20-0540,20200105,1058,,,KY1056,,,KY1056,KY1056,0,098 KY-1056,KY1056,N,N,NULL,NULL,NULL,N,NULL,NULL,NULL,NULL,NULL,NULL,3.637,NULL,NULL,NULL,NULL,,NULL,1,0,1,1,N,N,55,NULL,98,9851,NULL,,Y,37.55139,37,33.083,NULL,-82.2151,82,12.906,NULL,N,NULL,NULL,NULL,NULL,NULL,NULL,NULL,NULL,9,3,2,5,1,5,2,2,7,3,Y,NULL,Y,Y,1058,1113,1143,N,NULL,44,8,0,N,,N,N,098-KY-1056-0,NULL,NULL,2020,C,7.24612E+11,098-KY-1056  -000,HIGH,098-KY-1056  -000,3.637,0,0,0,1,0,0,0,0,0,0,0,1,0
72385464,980100,2.019E+11,20190728,1319,,,THOMPSON,,RD,,,,,,Y,N,NULL,NULL,NULL,N,NULL,NULL,NULL,NULL,NULL,NULL,0.511,NULL,NULL,NULL,NULL,,NULL,0,0,2,2,N,N,NULL,NULL,98,9801,NULL,,Y,37.50599,37,30.359,NULL,-82.54347,82,32.608,NULL,N,NULL,NULL,NULL,NULL,NULL,NULL,NULL,NULL,2,97,NULL,6,1,1,2,2,1,3,N,NULL,N,N,1319,1328,1328,N,NULL,90,,,Y,,N,N,,NULL,NULL,2019,O,7.23855E+11,098-CS-1215  -000,MEDIUM,098-CS-1215  -000,0.511,0,0,0,0,0,0,1,0,0,0,0,0,0
72372663,KSP0900,19-23213,20190622,920,,,GOODY,,LOOP,,,0,098 PR-1024,PR1024,Y,N,NULL,NULL,NULL,N,NULL,NULL,NULL,NULL,NULL,NULL,0.008,NULL,NULL,NULL,NULL,,NULL,0,0,2,2,N,N,NULL,NULL,98,9834,NULL,,Y,37.66,37,39.6,NULL,-82.27316,82,16.389,NULL,N,NULL,NULL,NULL,NULL,NULL,NULL,NULL,NULL,2,97,NULL,6,1,1,2,2,1,3,N,NULL,Y,N,920,942,942,N,NULL,90,,,N,,N,N,098-PR-1024-0,NULL,NULL,2019,O,7.23727E+11,098-PR-1024  -000,HIGH,098-PR-1024  -000,0.008,0,0,0,1,0,0,1,0,0,0,0,0,0
72407702,980100,2.019E+11,20190913,755,,805,HAMBLEY,,BLVD,,,0,098 CS-1222,CS1222,N,N,NULL,NULL,NULL,N,NULL,NULL,NULL,NULL,NULL,NULL,0.396,NULL,NULL,NULL,NULL,,NULL,0,0,2,2,N,N,45,NULL,98,9801,NULL,,Y,37.47725,37,28.635,NULL,-82.52155,82,31.293,NULL,N,NULL,NULL,NULL,NULL,NULL,NULL,NULL,NULL,7,3,2,6,1,1,2,2,1,3,N,NULL,Y,N,755,758,821,N,NULL,54,,,N,,N,N,098-CS-1222-0,NULL,NULL,2019,O,7.24077E+11,098-CS-1222  -000,HIGH,098-CS-1222  -000,0.396,0,0,0,0,0,0,1,0,0,0,0,1,0
72431981,980100,2.019E+11,20191106,323,,,CEDAR HILLS,,RD,KY1426,KY1426,0,098 KY-1426,KY1426,N,N,NULL,NULL,NULL,N,NULL,NULL,NULL,NULL,NULL,NULL,2.134,NULL,NULL,NULL,NULL,,NULL,1,0,1,1,N,N,35,NULL,98,9801,NULL,,Y,37.46021,37,27.613,NULL,-82.55761,82,33.457,NULL,N,NULL,NULL,NULL,NULL,NULL,NULL,NULL,NULL,9,4,2,6,1,1,2,5,6,3,N,NULL,N,Y,323,328,328,N,NULL,44,8,0,N,,N,N,098-KY-1426-0,NULL,NULL,2019,B,7.2432E+11,098-KY-1426  -000,HIGH,098-KY-1426  -000,2.134,0,0,0,0,0,0,0,0,0,0,0,1,0
72443862,980000,19-11-005,20191123,1720,,,US119,,,US0119,US0119,0,098 US-119-10,US0119,N,N,NULL,NULL,NULL,N,NULL,NULL,NULL,NULL,NULL,NULL,21.787,NULL,NULL,NULL,NULL,,NULL,1,0,1,1,N,N,55,NULL,98,9836,NULL,,Y,37.63054,37,37.832,NULL,-82.26101,82,15.661,NULL,N,NULL,NULL,NULL,NULL,NULL,NULL,NULL,NULL,9,3,4,3,1,5,6,3,6,3,N,NULL,N,Y,1720,1720,1720,N,NULL,44,2,1,N,,N,N,098-US-0119-10,NULL,NULL,2019,C,7.24439E+11,098-US-0119  -010,HIGH,098-US-0119  -000,21.787,0,0,0,0,0,0,0,1,0,0,0,1,0
72446573,980100,2.019E+11,20191205,1230,,,US23,,,US0023,US0023,0,098 US-23,US0023,N,N,NULL,NULL,NULL,N,NULL,NULL,NULL,NULL,NULL,NULL,27.448,NULL,NULL,NULL,NULL,,NULL,0,0,2,2,N,N,55,NULL,98,9807,NULL,,Y,37.51114,37,30.668,NULL,-82.55003,82,33.002,NULL,N,NULL,NULL,NULL,NULL,NULL,NULL,NULL,NULL,5,3,4,6,1,1,2,2,7,3,N,NULL,Y,N,1230,1244,1300,N,NULL,70,,1,N,,N,N,098-US-0023-0,NULL,NULL,2019,O,7.24466E+11,098-US-0023  -000,HIGH,098-US-0023  -000,27.448,0,0,0,0,0,0,1,0,0,0,0,0,0
72396466,KSP0900,19-32239,20190820,1522,,,FISHTRAP,,RD,KY1789,KY1789,0,098 KY-1789,KY1789,N,N,NULL,NULL,NULL,N,NULL,NULL,NULL,NULL,NULL,NULL,0.605,NULL,NULL,NULL,NULL,,NULL,0,0,2,2,N,N,35,NULL,98,9810,NULL,,Y,37.41561,37,24.936,NULL,-82.42102,82,25.261,NULL,N,NULL,NULL,NULL,NULL,NULL,NULL,NULL,NULL,7,3,2,5,1,1,2,2,7,3,N,NULL,Y,N,1522,1626,1522,N,NULL,54,8,0,N,,N,N,098-KY-1789-0,NULL,NULL,2019,O,7.23965E+11,098-KY-1789  -000,HIGH,098-KY-1789  -000,0.605,0,0,0,0,0,0,0,0,0,0,0,1,0
72383694,980100,2.019E+11,20190724,941,,,BRYAN,,ST,,,0,098 CS-1205,CS1205,N,N,NULL,NULL,NULL,N,NULL,NULL,NULL,NULL,NULL,NULL,0.053,NULL,NULL,NULL,NULL,,NULL,0,0,2,2,N,N,15,NULL,98,9801,NULL,,Y,37.4985,37,29.91,NULL,-82.53402,82,32.041,NULL,N,NULL,NULL,NULL,NULL,NULL,NULL,NULL,NULL,2,3,2,6,1,1,2,2,7,3,N,NULL,Y,N,941,941,955,N,NULL,47,,,N,,N,N,098-CS-1205-0,NULL,NULL,2019,O,7.23837E+11,098-CS-1205  -000,HIGH,098-CS-1205  -000,0.053,0,0,0,1,0,0,0,0,0,0,0,0,0
72435266,980000,19-10-009,20191026,1524,,,MAIN,E,ST,,,0,098 CS-2006,CS2006,Y,N,NULL,NULL,NULL,N,NULL,NULL,NULL,NULL,NULL,NULL,0.032,NULL,NULL,NULL,NULL,,NULL,0,0,2,2,N,N,15,NULL,98,9802,NULL,,Y,37.30529,37,18.317,NULL,-82.353,82,21.18,NULL,N,NULL,NULL,NULL,NULL,NULL,NULL,NULL,NULL,2,97,1,6,1,1,2,2,8,1,N,NULL,Y,N,1524,1524,1528,N,NULL,90,,,N,,N,N,098-CS-2006-0,NULL,NULL,2019,O,7.24353E+11,098-CS-2006  -000,HIGH,098-CS-2006  -000,0.032,0,0,0,0,0,0,0,0,0,0,0,0,0
72411188,KSP0900,19-37329,20190923,1802,,,COLLINS,,HWY,KY0122,KY0122,0,098 KY-122,KY0122,Y,N,NULL,NULL,NULL,N,NULL,NULL,NULL,NULL,NULL,NULL,10.412,NULL,NULL,NULL,NULL,,NULL,0,0,2,2,N,N,15,NULL,98,9823,NULL,,Y,37.3875,37,23.25,NULL,-82.54347,82,32.608,NULL,N,NULL,NULL,NULL,NULL,NULL,NULL,NULL,NULL,2,97,2,6,1,1,2,2,1,3,N,NULL,Y,N,1804,1831,1804,N,NULL,90,,0,N,,N,N,098-KY-0122-0,NULL,NULL,2019,O,7.24112E+11,098-KY-0122  -000,HIGH,098-KY-0122  -000,10.412,0,0,1,0,0,0,1,0,0,0,0,0,0
72419531,KSP0900,19-39384,20191006,900,,,KY612,,,KY0612,KY0612,0,098 KY-612,KY0612,N,N,NULL,NULL,NULL,N,NULL,NULL,NULL,NULL,NULL,NULL,7.455,NULL,NULL,NULL,NULL,,NULL,2,0,1,1,N,N,45,NULL,98,9836,NULL,,Y,37.66161,37,39.696,NULL,-82.30632,82,18.379,NULL,N,NULL,NULL,NULL,NULL,NULL,NULL,NULL,NULL,9,3,2,3,1,5,6,2,7,3,N,NULL,Y,Y,1119,1134,,N,NULL,70,8,0,N,,N,Y,098-KY-0612-0,NULL,NULL,2019,C,7.24195E+11,098-KY-0612  -000,HIGH,098-KY-0612  -000,7.455,0,0,0,0,0,0,0,0,0,0,0,1,0
72397944,KSP0900,19-33009,20190825,1234,,,VIRGIE,,RD,KY0610,KY0610,0,098 KY-610,KY0610,N,N,NULL,NULL,NULL,N,NULL,NULL,NULL,NULL,NULL,NULL,1.198,NULL,NULL,NULL,NULL,,NULL,0,0,1,1,N,N,55,NULL,98,9827,NULL,,Y,37.28605,37,17.163,NULL,-82.59409,82,35.646,NULL,N,NULL,NULL,NULL,NULL,NULL,NULL,NULL,NULL,9,5,2,3,1,1,2,2,6,3,N,NULL,Y,N,1232,1245,1245,N,NULL,44,7,0,N,,N,N,098-KY-0610-0,NULL,NULL,2019,O,7.23979E+11,098-KY-0610  -000,HIGH,098-KY-0610  -000,1.198,0,0,0,0,0,0,0,0,0,0,0,1,0