MasterFile,AgencyORINumber,LocalCode,CollisionDate,CollisionTime,CollisionDayWeekCode,RoadwayName_HouseBusinessNumber_,RoadwayName_RoadwayName_,RoadwayName_Direction_,RoadwayName_RoadwaySuffix_,RoadwayfromReport,CurrentRoadwayNumber,RoadwayNumberCoupletID,RSEUniqueGIS,RoadwayIdentifier,ParkingLotIndicator,IntersectionWith_Indicator_,IntersectionWith_NameRoadway_,IntersectionWith_Direction_,IntersectionWith_RoadwaySuffix_,BetweenStreets_Indicator_,BetweenStreets1_NameRoadway_,BetweenStreet1_Direction_,BetweenStreets1_RoadwaySuffix_,BetweenStreets2_NameRoadway_,BetweenStreets2_Direction_,BetweenStreets2_RoadwaySuffix_,Milepoint,ReportMilepointDeriveNumber,CurrentDerivedMiepointNumber,MilestoMilepoint,FeettoMilepoint,DirectionfromMilepoint_NSEW_,ValidMilepointIndicator,NumberInjured,NumberKilled,ofUnits,ofMotorVehicleUnits,Hit&RunIndicator,OneWayIndicator,SpeedLimitNumber,KilometersIndicator,CountyCode,CityCountyCode,MilesFromCity,DirectionFromCity_NSEW_,InCityLimitsIndicator,Latitude,LatitudeDegrees,LatitudeMinutes,LatitudeSeconds,Longitude,LongitudeDegrees,LongitudeMinutes,LongitudeSeconds,RampIndicator,RampFromIdentifier,RampFromDirCode,RampFromCoupletID,RSEUniqueGISRampFrom,RampToidentifier,RampToDirCode,RampToCoupletID,RSEUniqueGisRampTo,MannerofCollisionCode,LocationFirstEventCode,TotalLanes,RoadwayCharacterCode,RoadwaySurfaceCode,RoadwayConditionCode,WeatherCode,LightConditionCode,LandUseCode,SchoolBusRelatedCode,FirstAidSceneIndicator,CollDescPresentInd,InvestigationCompleteIndicator,PhotosTakenIndicator,TimeNotified,TimeArrived,TimeRoadwayOpened,PropertyDamageIndicator,DiagramPresentIndicator,DirectionalAnalysis,FunctionClassCode,NationalHwySysCode,EnforcementsIndicator,KARSCityCode,SecondaryCollisionIndicator,MedianCrossoverIndicator,RT_UNIQUE,MapIt,TimeLastLeft,YR,KABCO,MFNY,WorkingRID,RT_CONFIDENCE,KTC_RT,KTC_MP,Motorcyclist,CommercialVehicle,YoungDriver,MatureDriver,pedestrian,Bicyclist,Distracted,agressive,Impaired,Unrestrained,Intersection,RoadwayDeparture,MedXover
72407921,980100,2.019E+11,20190916,1703,,,US23,,,US0023,US0023,,,,N,N,NULL,NULL,NULL,N,NULL,NULL,NULL,NULL,NULL,NULL,20.763,NULL,NULL,NULL,NULL,,NULL,0,0,2,2,N,N,55,NULL,98,9801,NULL,,Y,37.44294,37,26.576,NULL,-82.5222,82,31.332,NULL,N,NULL,NULL,NULL,NULL,NULL,NULL,NULL,NULL,1,3,4,3,1,1,2,2,7,3,N,NULL,Y,N,1703,1703,1740,N,NULL,55,,1,N,,N,N,,NULL,NULL,2019,O,7.24079E+11,098-US-0023  -000,MEDIUM,098-US-0023  -000,20.763,0,0,0,1,0,0,1,1,0,0,0,0,0
72445938,KSP0900,19-47305,20191203,810,,,HURRICANE,,CRK,,,0,098 CR-1435,CR1435,N,N,NULL,NULL,NULL,N,NULL,NULL,NULL,NULL,NULL,NULL,1.275,NULL,NULL,NULL,NULL,,NULL,0,0,2,2,N,N,55,NULL,98,9817,NULL,,Y,37.48973,37,29.384,NULL,-82.37161,82,22.297,NULL,N,NULL,NULL,NULL,NULL,NULL,NULL,NULL,NULL,8,3,2,3,1,1,2,2,7,3,N,NULL,Y,N,810,840,840,N,NULL,53,,,N,,N,N,098-CR-1435-0,NULL,NULL,2019,O,7.24459E+11,098-CR-1435  -000,HIGH,098-CR-1435  -000,1.275,0,0,0,0,0,0,1,0,0,0,0,1,0
72387243,980100,2.019E+11,20190726,1113,,,2ND,,ST,,,,,,Y,N,NULL,NULL,NULL,N,NULL,NULL,NULL,NULL,NULL,NULL,0.312,NULL,NULL,NULL,NULL,,NULL,0,0,1,1,N,N,NULL,NULL,98,9801,NULL,,Y,37.47965,37,28.779,NULL,-82.51856,82,31.114,NULL,N,NULL,NULL,NULL,NULL,NULL,NULL,NULL,NULL,9,97,1,6,1,1,2,2,1,3,N,NULL,Y,N,1113,1115,,Y,NULL,90,,,N,,N,N,,NULL,NULL,2019,O,7.23872E+11,098-CS-1117  -000,MEDIUM,098-CS-1117  -000,0.312,0,0,0,1,0,0,0,0,0,0,0,1,0
72447827,KSP0900,19-47758,20191206,1640,,,US52 CONNECTOR,,,US0052,US0052,0,098 US-52-70,US0052,N,N,NULL,NULL,NULL,N,NULL,NULL,NULL,NULL,NULL,NULL,0.092,NULL,NULL,NULL,NULL,,NULL,0,0,2,2,N,N,55,NULL,98,9834,NULL,,Y,37.68619,37,41.171,NULL,-82.29707,82,17.824,NULL,N,NULL,NULL,NULL,NULL,NULL,NULL,NULL,NULL,1,3,2,6,3,5,6,4,2,3,N,NULL,N,N,1640,1716,1716,N,NULL,55,,,N,,N,N,098-US-0052-70,NULL,NULL,2019,O,7.24478E+11,098-US-0052  -070,HIGH,098-US-0052  -070,0.092,0,0,0,0,0,0,1,0,0,0,0,0,0
72436095,KSP0900,19-43853,20191107,1210,,,KY195,,,KY0195,KY0195,0,098 KY-195,KY0195,N,N,NULL,NULL,NULL,N,NULL,NULL,NULL,NULL,NULL,NULL,10.79,NULL,NULL,NULL,NULL,,NULL,1,0,2,2,N,N,35,NULL,98,9830,NULL,,Y,37.35878,37,21.527,NULL,-82.41771,82,25.063,NULL,N,NULL,NULL,NULL,NULL,NULL,NULL,NULL,NULL,1,3,2,1,1,5,6,2,7,3,Y,NULL,Y,Y,1212,1238,,N,NULL,55,7,0,N,,N,N,098-KY-0195-0,NULL,NULL,2019,B,7.24361E+11,098-KY-0195  -000,HIGH,098-KY-0195  -000,10.79,0,0,1,0,0,0,0,0,0,0,0,0,0
72390331,980100,2.019E+11,20190803,1748,,,THOMPSON,,RD,,,0,098 CS-1215,CS1215,N,N,NULL,NULL,NULL,N,NULL,NULL,NULL,NULL,NULL,NULL,0.593,NULL,NULL,NULL,NULL,,NULL,0,0,2,2,N,N,35,NULL,98,9801,NULL,,Y,37.50558,37,30.335,NULL,-82.54207,82,32.524,NULL,N,NULL,NULL,NULL,NULL,NULL,NULL,NULL,NULL,1,3,3,6,1,1,2,2,1,3,N,NULL,Y,N,1750,1754,1820,N,NULL,55,,,Y,,N,N,098-CS-1215-0,NULL,NULL,2019,O,7.23903E+11,098-CS-1215  -000,HIGH,098-CS-1215  -000,0.593,0,0,1,0,0,0,1,0,0,0,0,0,0
72442196,980100,2.019E+11,20191123,1521,,,MARIONS,,BR,,,,,,Y,N,NULL,NULL,NULL,N,NULL,NULL,NULL,NULL,NULL,NULL,0.852,NULL,NULL,NULL,NULL,,NULL,0,0,1,1,N,N,NULL,NULL,98,9801,NULL,,Y,37.45455,37,27.273,NULL,-82.52522,82,31.513,NULL,N,NULL,NULL,NULL,NULL,NULL,NULL,NULL,NULL,9,97,NULL,4,3,1,3,2,5,3,N,NULL,Y,N,1521,1529,,N,NULL,90,,,N,,N,N,,NULL,NULL,2019,O,7.24422E+11,098-CS-1229  -000,MEDIUM,098-CS-1229  -000,0.852,0,0,0,0,0,0,0,0,0,0,0,1,0
72440888,980100,2.019E+11,20191122,1807,,215,CASSIDY,,BLVD,,,0,098 CS-1191,CS1191,Y,N,NULL,NULL,NULL,N,NULL,NULL,NULL,NULL,NULL,NULL,0.052,NULL,NULL,NULL,NULL,,NULL,0,0,2,2,N,N,NULL,NULL,98,9801,NULL,,Y,37.50368,37,30.221,NULL,-82.533,82,31.98,NULL,N,NULL,NULL,NULL,NULL,NULL,NULL,NULL,NULL,2,97,1,6,1,1,2,5,1,3,N,NULL,Y,N,1808,1813,1813,N,NULL,90,,,N,,N,N,098-CS-1191-0,NULL,NULL,2019,O,7.24409E+11,098-CS-1191  -000,HIGH,098-CS-1191  -000,0.052,0,0,1,0,0,0,1,0,0,0,0,0,0
72415159,KSP0900,19-37447,20190924,1345,,,KY632,,,KY0632,KY0632,0,098 KY-632,KY0632,N,N,NULL,NULL,NULL,N,NULL,NULL,NULL,NULL,NULL,NULL,13.603,NULL,NULL,NULL,NULL,,NULL,0,0,2,2,N,N,35,NULL,98,9804,NULL,,Y,37.51292,37,30.775,NULL,-82.15915,82,9.549,NULL,N,NULL,NULL,NULL,NULL,NULL,NULL,NULL,NULL,7,3,2,3,1,1,2,2,7,3,N,NULL,Y,N,1347,1400,1347,N,NULL,54,6,0,N,,N,N,098-KY-0632-0,NULL,NULL,2019,O,7.24152E+11,098-KY-0632  -000,HIGH,098-KY-0632  -000,13.603,0,0,0,0,0,0,1,0,0,0,0,1,0
72442657,980000,19-11-006,20191126,1815,,,US23,,,US0023,US0023,0,098 US-23-10,US0023,N,N,NULL,NULL,NULL,N,NULL,NULL,NULL,NULL,NULL,NULL,11.892,NULL,NULL,NULL,NULL,,NULL,0,0,1,1,N,N,55,NULL,98,9823,2.8,S,N,37.3618,37,21.708,NULL,-82.55507,82,33.304,NULL,N,NULL,NULL,NULL,NULL,NULL,NULL,NULL,NULL,9,3,4,4,1,1,2,6,7,3,N,NULL,Y,Y,1819,1829,1829,N,NULL,38,,1,N,,N,N,098-US-0023-10,NULL,NULL,2019,O,7.24427E+11,098-US-0023  -010,HIGH,098-US-0023  -000,11.892,0,0,0,0,0,0,0,0,0,0,0,0,0
72397072,KSP0900,19-32670,20190823,730,,,KY1056,,,KY1056,KY1056,0,098 KY-1056,KY1056,N,N,NULL,NULL,NULL,N,NULL,NULL,NULL,NULL,NULL,NULL,7.774,NULL,NULL,NULL,NULL,,NULL,0,0,2,2,N,N,55,NULL,98,9863,NULL,,Y,37.58012,37,34.807,NULL,-82.17905,82,10.743,NULL,N,NULL,NULL,NULL,NULL,NULL,NULL,NULL,NULL,2,3,2,6,1,5,3,2,7,3,N,NULL,Y,N,730,750,800,N,NULL,56,7,0,N,,N,N,098-KY-1056-0,NULL,NULL,2019,O,7.23971E+11,098-KY-1056  -000,HIGH,098-KY-1056  -000,7.774,0,0,0,0,0,0,1,1,0,0,0,0,0
72437735,KSP0900,19-44941,20191115,1720,,,K B C MINE,,RD,,,0,098 CR-1111,CR1111,N,N,NULL,NULL,NULL,N,NULL,NULL,NULL,NULL,NULL,NULL,0.752,NULL,NULL,NULL,NULL,,NULL,0,0,1,1,N,N,25,NULL,98,9804,NULL,,Y,37.46632,37,27.979,NULL,-82.11679,82,7.007,NULL,N,NULL,NULL,NULL,NULL,NULL,NULL,NULL,NULL,9,7,1,1,97,1,2,2,7,3,N,NULL,Y,N,1729,1759,1729,N,NULL,70,,,N,,N,N,098-CR-1111-0,NULL,NULL,2019,NULL,7.24377E+11,098-CR-1111  -000,HIGH,098-CR-1111  -000,0.752,0,0,0,0,0,0,0,0,0,0,0,0,0
72395923,980100,2.019E+11,20190820,1748,,,US23,,,US0023,US0023,0,098 US-23-10,US0023,N,N,NULL,NULL,NULL,N,NULL,NULL,NULL,NULL,NULL,NULL,28.059,NULL,NULL,NULL,NULL,,NULL,0,0,2,2,N,N,55,NULL,98,9801,NULL,,Y,37.51521,37,30.912,NULL,-82.55941,82,33.565,NULL,N,NULL,NULL,NULL,NULL,NULL,NULL,NULL,NULL,5,3,4,6,1,5,6,2,7,3,N,NULL,Y,N,1748,1755,1827,N,NULL,49,,1,N,,N,N,098-US-0023-10,NULL,NULL,2019,O,7.23959E+11,098-US-0023  -010,HIGH,098-US-0023  -000,28.059,0,0,0,0,0,0,1,0,0,0,0,0,0
72447207,KSP0900,19-46793,20191129,527,,,KY632,,,KY0632,KY0632,0,098 KY-632,KY0632,Y,N,NULL,NULL,NULL,N,NULL,NULL,NULL,NULL,NULL,NULL,13.934,NULL,NULL,NULL,NULL,,NULL,0,0,1,1,Y,N,NULL,NULL,98,9804,NULL,,Y,37.51438,37,30.863,NULL,-82.15292,82,9.175,NULL,N,NULL,NULL,NULL,NULL,NULL,NULL,NULL,NULL,9,7,2,6,1,1,3,6,1,3,N,NULL,N,N,530,600,530,Y,NULL,90,6,0,N,,N,N,098-KY-0632-0,NULL,NULL,2019,O,7.24472E+11,098-KY-0632  -000,HIGH,098-KY-0632  -000,13.934,0,0,0,0,0,0,0,0,0,0,0,1,0
72410053,980100,2.019E+11,20190916,1230,,,RIVER,,DR,,,0,098 CS-1054,CS1054,Y,N,NULL,NULL,NULL,N,NULL,NULL,NULL,NULL,NULL,NULL,0.039,NULL,NULL,NULL,NULL,,NULL,0,0,2,2,N,N,15,NULL,98,9801,NULL,,Y,37.47363,37,28.417,NULL,-82.522,82,31.32,NULL,N,NULL,NULL,NULL,NULL,NULL,NULL,NULL,NULL,2,97,1,6,1,1,2,2,1,3,N,NULL,Y,N,1211,1218,1230,N,NULL,90,,,N,,N,N,098-CS-1054-0,NULL,NULL,2019,O,7.24101E+11,098-CS-1054  -000,HIGH,098-CS-1054  -000,0.039,0,0,0,0,0,0,1,0,0,0,0,0,0
72447158,KSP0900,19-47226,20191202,1400,,,KY3218,,,KY3218,KY3218,0,098 KY-3218,KY3218,N,N,NULL,NULL,NULL,N,NULL,NULL,NULL,NULL,NULL,NULL,0.291,NULL,NULL,NULL,NULL,,NULL,0,0,1,1,N,N,55,NULL,98,9801,NULL,,Y,37.53995,37,32.397,NULL,-82.5984,82,35.904,NULL,N,NULL,NULL,NULL,NULL,NULL,NULL,NULL,NULL,9,7,2,6,1,5,6,2,1,3,N,NULL,N,N,1400,1424,,N,NULL,40,8,0,N,,N,N,098-KY-3218-0,NULL,NULL,2019,O,7.24472E+11,098-KY-3218  -000,HIGH,098-KY-3218  -000,0.291,0,0,0,0,0,0,1,0,0,0,0,1,0
72460350,980100,2.02E+11,20200106,1404,,,JUSTICE,,WAY,,,0,098 CS-1215,CS1215,Y,N,NULL,NULL,NULL,N,NULL,NULL,NULL,NULL,NULL,NULL,NULL,NULL,NULL,NULL,NULL,NULL,NULL,0,0,2,2,N,N,NULL,NULL,98,9801,NULL,,Y,37.50715,37,30.429,NULL,-82.54703,82,32.821,NULL,N,NULL,NULL,NULL,NULL,NULL,NULL,NULL,NULL,2,97,1,6,1,1,2,2,1,3,N,NULL,Y,N,1404,1416,1416,N,NULL,90,,,N,,N,N,098-CS-1215-0,NULL,NULL,2020,O,7.24604E+11,098-CS-1215  -000,HIGH,098-CS-1215  -000,0.309,0,0,0,0,0,0,1,0,0,0,0,0,0
72437292,KSP0900,19-44950,20191115,1803,,,US119,,,US0119,US0119,0,098 US-119,US0119,N,N,NULL,NULL,NULL,N,NULL,NULL,NULL,NULL,NULL,NULL,24.987,NULL,NULL,NULL,NULL,,NULL,0,0,2,2,N,N,55,NULL,98,9834,NULL,,Y,37.66805,37,40.083,NULL,-82.27711,82,16.627,NULL,N,NULL,NULL,NULL,NULL,NULL,NULL,NULL,NULL,8,3,4,6,1,1,2,3,7,3,N,NULL,Y,N,1812,1836,1812,N,NULL,53,2,1,N,,N,N,098-US-0119-0,NULL,NULL,2019,O,7.24373E+11,098-US-0119  -000,HIGH,098-US-0119  -000,24.987,0,0,0,1,0,0,0,0,0,0,0,1,0
72394511,KSP0900,19-31517,20190815,1733,,,KY194,,,KY0194,KY0194,0,098 KY-194,KY0194,N,N,NULL,NULL,NULL,N,NULL,NULL,NULL,NULL,NULL,NULL,24.962,NULL,NULL,NULL,NULL,,NULL,1,0,1,1,N,N,55,NULL,98,9817,NULL,,Y,37.5173,37,31.038,NULL,-82.36209,82,21.725,NULL,N,NULL,NULL,NULL,NULL,NULL,NULL,NULL,NULL,9,5,2,3,1,1,2,2,7,3,N,NULL,Y,Y,1733,1758,1833,N,NULL,44,6,0,N,,N,N,098-KY-0194-0,NULL,NULL,2019,C,7.23945E+11,098-KY-0194  -000,HIGH,098-KY-0194  -000,24.962,0,0,0,0,0,0,1,0,0,0,0,1,0
72451875,980100,2.019E+11,20191216,1430,,,HAROLDS BRANCH,,RD,,,0,098 CS-1223,CS1223,Y,N,NULL,NULL,NULL,N,NULL,NULL,NULL,NULL,NULL,NULL,0.128,NULL,NULL,NULL,NULL,,NULL,0,0,2,2,N,N,NULL,NULL,98,9801,NULL,,Y,37.47121,37,28.273,NULL,-82.52161,82,31.297,NULL,N,NULL,NULL,NULL,NULL,NULL,NULL,NULL,NULL,2,97,1,6,3,5,6,2,7,3,N,NULL,Y,N,1430,1435,1435,N,NULL,90,,,N,,N,N,098-CS-1223-0,NULL,NULL,2019,O,7.24519E+11,098-CS-1223  -000,HIGH,098-CS-1223  -000,0.128,0,0,0,0,0,0,1,0,0,0,0,0,0
72438386,KSP0900,19-45080,20191116,1541,,,KY194,,,KY0194,KY0194,0,098 KY-194,KY0194,N,N,NULL,NULL,NULL,N,NULL,NULL,NULL,NULL,NULL,NULL,52.262,NULL,NULL,NULL,NULL,,NULL,0,0,1,1,N,N,55,NULL,98,9815,NULL,,Y,37.4838,37,29.028,NULL,-82.13374,82,8.025,NULL,N,NULL,NULL,NULL,NULL,NULL,NULL,NULL,NULL,9,3,2,6,1,1,2,2,7,3,N,NULL,N,N,1541,1600,1631,Y,NULL,38,8,0,N,,N,N,098-KY-0194-0,NULL,NULL,2019,O,7.24384E+11,098-KY-0194  -000,HIGH,098-KY-0194  -000,52.262,0,0,1,0,0,0,0,0,0,0,0,0,0
72409757,980100,2.019E+11,20190918,1228,,254,CASSIDY,,BLVD,,,0,098 CS-1191,CS1191,Y,N,NULL,NULL,NULL,N,NULL,NULL,NULL,NULL,NULL,NULL,0.049,NULL,NULL,NULL,NULL,,NULL,0,0,2,2,N,N,NULL,NULL,98,9801,NULL,,Y,37.50368,37,30.221,NULL,-82.53296,82,31.978,NULL,N,NULL,NULL,NULL,NULL,NULL,NULL,NULL,NULL,2,97,1,6,1,1,2,2,1,3,N,NULL,Y,N,1228,1234,1234,N,NULL,90,,,N,,N,N,098-CS-1191-0,NULL,NULL,2019,O,7.24098E+11,098-CS-1191  -000,HIGH,098-CS-1191  -000,0.049,0,0,0,1,0,0,1,0,0,0,0,0,0
72444548,KSP0900,19-47052,20191201,457,,,US119,,,US0119,US0119,0,098 US-119-10,US0119,N,N,NULL,NULL,NULL,N,NULL,NULL,NULL,NULL,NULL,NULL,17.935,NULL,NULL,NULL,NULL,,NULL,0,0,1,1,N,N,55,NULL,98,9851,NULL,,Y,37.59711,37,35.827,NULL,-82.28912,82,17.347,NULL,N,NULL,NULL,NULL,NULL,NULL,NULL,NULL,NULL,9,3,2,4,1,6,6,6,7,3,N,NULL,N,N,457,550,550,N,NULL,70,2,1,N,,N,N,098-US-0119-10,NULL,NULL,2019,O,7.24445E+11,098-US-0119  -010,HIGH,098-US-0119  -000,17.935,0,0,0,0,0,0,0,0,0,0,0,1,0
72416760,KSP0900,19-38134,20190929,716,,,US23,,,US0023,US0023,0,098 US-23,US0023,N,N,NULL,NULL,NULL,N,NULL,NULL,NULL,NULL,NULL,NULL,13.147,NULL,NULL,NULL,NULL,,NULL,1,0,1,1,N,N,35,NULL,98,9801,NULL,,Y,37.3745,37,22.47,NULL,-82.54033,82,32.42,NULL,N,NULL,NULL,NULL,NULL,NULL,NULL,NULL,NULL,9,4,4,6,1,1,2,2,7,3,Y,NULL,N,Y,716,723,,Y,NULL,40,,1,Y,,N,N,098-US-0023-0,NULL,NULL,2019,C,7.24168E+11,098-US-0023  -000,HIGH,098-US-0023  -000,13.147,0,0,0,0,0,0,0,0,1,0,0,1,0
72386389,KSP0900,19-27389,20190722,600,,,MALL,,RD,,,0,098 CR-1037,CR1037,Y,N,NULL,NULL,NULL,N,NULL,NULL,NULL,NULL,NULL,NULL,0.427,NULL,NULL,NULL,NULL,,NULL,0,0,2,2,N,N,NULL,NULL,98,9834,NULL,,Y,37.65648,37,39.389,NULL,-82.27087,82,16.252,NULL,N,NULL,NULL,NULL,NULL,NULL,NULL,NULL,NULL,5,97,1,6,1,1,3,5,1,3,N,NULL,Y,N,601,635,600,N,NULL,90,,,N,,N,N,098-CR-1037-0,NULL,NULL,2019,O,7.23864E+11,098-CR-1037  -000,HIGH,098-CR-1037  -000,0.427,0,0,0,0,0,0,1,0,0,0,0,0,0
72376587,KSP0900,19-25507,20190706,1807,,,WOODMAN SUMMER,,RD,,,0,098 CR-1873,CR1873,N,N,NULL,NULL,NULL,N,NULL,NULL,NULL,NULL,NULL,NULL,0.23,NULL,NULL,NULL,NULL,,NULL,1,0,1,1,N,N,35,NULL,98,9825,NULL,,Y,37.53616,37,32.17,NULL,-82.05692,82,3.415,NULL,N,NULL,NULL,NULL,NULL,NULL,NULL,NULL,NULL,9,4,1,1,1,5,6,2,7,3,N,NULL,Y,Y,1809,1857,1857,N,NULL,44,,,N,,N,Y,098-CR-1873-0,NULL,NULL,2019,A,7.23766E+11,098-CR-1873  -000,HIGH,098-CR-1873  -000,0.23,0,0,0,1,0,0,0,1,0,0,0,1,0
72386077,KSP0900,19-28873,20190729,1130,,,KY122,,,KY0122,KY0122,0,098 KY-122,KY0122,N,N,NULL,NULL,NULL,N,NULL,NULL,NULL,NULL,NULL,NULL,5.543,NULL,NULL,NULL,NULL,,NULL,1,0,1,1,N,N,55,NULL,98,9827,NULL,,Y,37.35464,37,21.278,NULL,-82.5918,82,35.508,NULL,N,NULL,NULL,NULL,NULL,NULL,NULL,NULL,NULL,9,3,2,3,1,1,2,2,7,3,Y,NULL,N,Y,1130,1141,,N,NULL,40,,0,Y,,N,N,098-KY-0122-0,NULL,NULL,2019,B,7.23861E+11,098-KY-0122  -000,HIGH,098-KY-0122  -000,5.543,0,0,0,0,0,0,0,0,1,1,0,1,0
72408305,KSP0900,19-36411,20190917,1242,,,FERRELLS CREEK,,RD,US0460,US0460,0,098 US-460,US0460,Y,N,NULL,NULL,NULL,N,NULL,NULL,NULL,NULL,NULL,NULL,NULL,NULL,NULL,NULL,NULL,,NULL,0,0,2,2,N,N,NULL,NULL,98,9802,4,E,N,37.36206,37,21.724,NULL,-82.30724,82,18.434,NULL,N,NULL,NULL,NULL,NULL,NULL,NULL,NULL,NULL,1,97,NULL,6,2,1,2,2,7,3,N,NULL,Y,N,1242,1333,1333,N,NULL,90,,1,N,,N,N,098-US-0460-0,NULL,NULL,2019,O,7.24083E+11,098-US-0460  -000,HIGH,098-US-0460  -000,18.687,0,0,1,0,0,0,1,0,0,0,0,0,0
72455967,KSP0900,19-50124,20191224,2130,,,ELKHORN,,CRK,KY0197,KY0197,0,098 KY-197,KY0197,N,N,NULL,NULL,NULL,N,NULL,NULL,NULL,NULL,NULL,NULL,6.913,NULL,NULL,NULL,NULL,,NULL,1,0,1,1,N,N,55,NULL,98,9802,NULL,,Y,37.25613,37,15.368,NULL,-82.47501,82,28.501,NULL,N,NULL,NULL,NULL,NULL,NULL,NULL,NULL,NULL,9,3,2,6,1,1,2,6,7,3,Y,NULL,N,Y,2130,2141,2145,N,NULL,70,7,0,Y,,N,N,098-KY-0197-0,NULL,NULL,2019,B,7.2456E+11,098-KY-0197  -000,HIGH,098-KY-0197  -000,6.913,0,0,0,0,0,0,0,0,1,0,0,1,0
72418377,980100,2.019E+11,20191009,631,,,US23,,,US0023,US0023,0,098 US-23,US0023,N,N,NULL,NULL,NULL,N,NULL,NULL,NULL,NULL,NULL,NULL,23.051,NULL,NULL,NULL,NULL,,NULL,1,0,2,2,N,N,55,NULL,98,9801,NULL,,Y,37.46589,37,27.953,NULL,-82.52787,82,31.672,NULL,N,NULL,NULL,NULL,NULL,NULL,NULL,NULL,NULL,5,3,4,6,1,1,2,2,7,3,Y,NULL,Y,Y,631,637,637,N,NULL,49,,1,Y,,N,N,098-US-0023-0,NULL,NULL,2019,C,7.24184E+11,098-US-0023  -000,HIGH,098-US-0023  -000,23.051,0,0,1,0,0,0,0,0,0,0,0,0,0
72382059,KSP0900,19-27500,20190719,1934,,,KY632,,,KY0632,KY0632,0,098 KY-632,KY0632,Y,N,NULL,NULL,NULL,N,NULL,NULL,NULL,NULL,NULL,NULL,11.723,NULL,NULL,NULL,NULL,,NULL,0,0,2,2,N,N,55,NULL,98,9804,NULL,,Y,37.5025,37,30.15,NULL,-82.17934,82,10.76,NULL,N,NULL,NULL,NULL,NULL,NULL,NULL,NULL,NULL,2,97,2,6,1,1,2,2,7,3,N,NULL,Y,N,1959,2027,2027,N,NULL,90,6,0,N,,N,N,098-KY-0632-0,NULL,NULL,2019,O,7.23821E+11,098-KY-0632  -000,HIGH,098-KY-0632  -000,11.723,0,0,0,0,0,0,1,0,0,0,0,0,0
72382560,980100,2.019E+11,20190721,1607,,,CASSIDY,,BLVD,,,,,,Y,N,NULL,NULL,NULL,N,NULL,NULL,NULL,NULL,NULL,NULL,0.277,NULL,NULL,NULL,NULL,,NULL,0,0,2,2,N,N,15,NULL,98,9801,NULL,,Y,37.50482,37,30.289,NULL,-82.53638,82,32.183,NULL,N,NULL,NULL,NULL,NULL,NULL,NULL,NULL,NULL,7,97,1,6,1,5,6,2,1,3,N,NULL,Y,N,1607,1634,1634,N,NULL,90,,,N,,N,N,,NULL,NULL,2019,O,7.23826E+11,098-CS-1191  -000,MEDIUM,098-CS-1191  -000,0.277,0,0,0,0,0,0,1,0,0,0,0,0,0
72385183,KSP0900,19-26167,20190710,1346,,,KY122,,,KY0122,KY0122,0,098 KY-122,KY0122,N,N,NULL,NULL,NULL,N,NULL,NULL,NULL,NULL,NULL,NULL,4.172,NULL,NULL,NULL,NULL,,NULL,1,0,1,1,N,N,55,NULL,98,9827,NULL,,Y,37.34369,37,20.622,NULL,-82.60637,82,36.382,NULL,N,NULL,NULL,NULL,NULL,NULL,NULL,NULL,NULL,9,4,2,3,1,5,3,4,6,3,N,NULL,Y,Y,1403,1446,,N,NULL,40,,0,Y,,N,N,098-KY-0122-0,NULL,NULL,2019,B,7.23852E+11,098-KY-0122  -000,HIGH,098-KY-0122  -000,4.172,0,0,0,0,0,0,0,0,0,1,0,1,0
72420335,KSP0900,19-39325,20191005,1048,,,LITTLE ROBINSON CREEK,,RD,KY3415,KY3415,0,098 KY-3415,KY3415,N,N,NULL,NULL,NULL,N,NULL,NULL,NULL,NULL,NULL,NULL,2.521,NULL,NULL,NULL,NULL,,NULL,1,0,1,1,N,N,45,NULL,98,9827,NULL,,Y,37.3711,37,22.266,NULL,-82.62519,82,37.511,NULL,N,NULL,NULL,NULL,NULL,NULL,NULL,NULL,NULL,9,5,2,6,1,1,2,5,7,3,Y,NULL,N,Y,1048,1101,,N,NULL,40,9,0,N,,N,N,098-KY-3415-0,NULL,NULL,2019,C,7.24203E+11,098-KY-3415  -000,HIGH,098-KY-3415  -000,2.521,0,0,0,0,0,0,0,0,0,0,0,1,0
72418475,980000,19-09-005,20190911,1654,,,LITTLE ROBINSON CREEK,,RD,KY3415,KY3415,0,098 KY-3415,KY3415,N,N,NULL,NULL,NULL,N,NULL,NULL,NULL,NULL,NULL,NULL,0.757,NULL,NULL,NULL,NULL,,NULL,3,0,1,1,N,N,35,NULL,98,9823,NULL,,Y,37.37004,37,22.203,NULL,-82.5954,82,35.724,NULL,N,NULL,NULL,NULL,NULL,NULL,NULL,NULL,NULL,9,5,2,3,1,1,2,2,7,3,Y,NULL,Y,Y,1615,1700,1755,Y,NULL,40,9,0,N,,N,N,098-KY-3415-0,NULL,NULL,2019,A,7.24185E+11,098-KY-3415  -000,HIGH,098-KY-3415  -000,0.757,0,0,0,0,0,0,1,0,0,0,0,1,0
72393562,980500,2019AR056,20190813,519,,4257,MAYO TRAIL,N,,,,,,,Y,N,NULL,NULL,NULL,N,NULL,NULL,NULL,NULL,NULL,NULL,NULL,NULL,NULL,NULL,NULL,NULL,NULL,0,0,2,2,Y,N,15,NULL,98,9801,NULL,,Y,37.52411,37,31.446,NULL,-82.57311,82,34.387,NULL,N,NULL,NULL,NULL,NULL,NULL,NULL,NULL,NULL,8,7,NULL,6,1,1,2,2,1,3,N,NULL,Y,N,1715,1719,,N,NULL,90,,,N,,N,N,,NULL,NULL,2019,NULL,7.23936E+11,098-US-0023  -010,MEDIUM,098-US-0023  -000,29.049,0,0,0,0,0,0,1,0,0,0,0,0,0