MasterFile,AgencyORINumber,LocalCode,CollisionDate,CollisionTime,CollisionDayWeekCode,RoadwayName_HouseBusinessNumber_,RoadwayName_RoadwayName_,RoadwayName_Direction_,RoadwayName_RoadwaySuffix_,RoadwayfromReport,CurrentRoadwayNumber,RoadwayNumberCoupletID,RSEUniqueGIS,RoadwayIdentifier,ParkingLotIndicator,IntersectionWith_Indicator_,IntersectionWith_NameRoadway_,IntersectionWith_Direction_,IntersectionWith_RoadwaySuffix_,BetweenStreets_Indicator_,BetweenStreets1_NameRoadway_,BetweenStreet1_Direction_,BetweenStreets1_RoadwaySuffix_,BetweenStreets2_NameRoadway_,BetweenStreets2_Direction_,BetweenStreets2_RoadwaySuffix_,Milepoint,ReportMilepointDeriveNumber,CurrentDerivedMiepointNumber,MilestoMilepoint,FeettoMilepoint,DirectionfromMilepoint_NSEW_,ValidMilepointIndicator,NumberInjured,NumberKilled,ofUnits,ofMotorVehicleUnits,Hit&RunIndicator,OneWayIndicator,SpeedLimitNumber,KilometersIndicator,CountyCode,CityCountyCode,MilesFromCity,DirectionFromCity_NSEW_,InCityLimitsIndicator,Latitude,LatitudeDegrees,LatitudeMinutes,LatitudeSeconds,Longitude,LongitudeDegrees,LongitudeMinutes,LongitudeSeconds,RampIndicator,RampFromIdentifier,RampFromDirCode,RampFromCoupletID,RSEUniqueGISRampFrom,RampToidentifier,RampToDirCode,RampToCoupletID,RSEUniqueGisRampTo,MannerofCollisionCode,LocationFirstEventCode,TotalLanes,RoadwayCharacterCode,RoadwaySurfaceCode,RoadwayConditionCode,WeatherCode,LightConditionCode,LandUseCode,SchoolBusRelatedCode,FirstAidSceneIndicator,CollDescPresentInd,InvestigationCompleteIndicator,PhotosTakenIndicator,TimeNotified,TimeArrived,TimeRoadwayOpened,PropertyDamageIndicator,DiagramPresentIndicator,DirectionalAnalysis,FunctionClassCode,NationalHwySysCode,EnforcementsIndicator,KARSCityCode,SecondaryCollisionIndicator,MedianCrossoverIndicator,RT_UNIQUE,MapIt,TimeLastLeft,YR,KABCO,MFNY,WorkingRID,RT_CONFIDENCE,KTC_RT,KTC_MP,Motorcyclist,CommercialVehicle,YoungDriver,MatureDriver,pedestrian,Bicyclist,Distracted,agressive,Impaired,Unrestrained,Intersection,RoadwayDeparture,MedXover
72409880,980500,2019AR061,20190920,1724,,3889,N MAYO TRAIL,,,,,,,,Y,N,NULL,NULL,NULL,N,NULL,NULL,NULL,NULL,NULL,NULL,NULL,NULL,NULL,NULL,NULL,NULL,NULL,0,0,2,2,N,N,15,NULL,98,9807,NULL,,Y,37.51999,37,31.199,NULL,-82.56882,82,34.129,NULL,N,NULL,NULL,NULL,NULL,NULL,NULL,NULL,NULL,3,97,2,6,1,1,2,2,1,3,N,NULL,Y,Y,1729,1735,1735,N,NULL,90,,,N,,N,N,,NULL,NULL,2019,O,7.24099E+11,098-US-0023  -010,MEDIUM,098-US-0023  -000,28.685,0,0,0,0,0,0,1,0,0,0,0,0,0
72382661,980100,2.019E+11,20190719,733,,,BANK,,ST,,,0,098 CS-1106,CS1106,N,N,NULL,NULL,NULL,N,NULL,NULL,NULL,NULL,NULL,NULL,0.114,NULL,NULL,NULL,NULL,,NULL,0,0,2,2,Y,N,15,NULL,98,9801,NULL,,Y,37.47639,37,28.583,NULL,-82.51991,82,31.194,NULL,N,NULL,NULL,NULL,NULL,NULL,NULL,NULL,NULL,2,3,NULL,6,1,1,2,2,1,3,N,NULL,Y,N,733,739,733,N,NULL,47,,,N,,N,N,098-CS-1106-0,NULL,NULL,2019,O,7.23827E+11,098-CS-1106  -000,HIGH,098-CS-1106  -000,0.114,0,0,0,0,0,0,1,0,0,0,0,0,0
72427158,980100,2.019E+11,20191021,1016,,,HAMBLEY,,BLVD,,,0,098 CS-1222,CS1222,Y,N,NULL,NULL,NULL,N,NULL,NULL,NULL,NULL,NULL,NULL,0.118,NULL,NULL,NULL,NULL,,NULL,0,0,2,2,Y,N,15,NULL,98,9801,NULL,,Y,37.47466,37,28.479,NULL,-82.5251,82,31.506,NULL,N,NULL,NULL,NULL,NULL,NULL,NULL,NULL,NULL,8,97,1,6,1,1,2,2,1,3,N,NULL,Y,N,1021,1021,,N,NULL,90,,,N,,N,N,098-CS-1222-0,NULL,NULL,2019,NULL,7.24272E+11,098-CS-1222  -000,HIGH,098-CS-1222  -000,0.118,0,0,0,0,0,0,0,0,0,0,0,0,0
72421873,980100,2.019E+11,20191016,1607,,,CASSIDY,,BLVD,,,,,,N,N,NULL,NULL,NULL,N,NULL,NULL,NULL,NULL,NULL,NULL,0.319,NULL,NULL,NULL,NULL,,NULL,0,0,2,2,N,N,25,NULL,98,9801,NULL,,Y,37.50521,37,30.313,NULL,-82.53723,82,32.234,NULL,N,NULL,NULL,NULL,NULL,NULL,NULL,NULL,NULL,1,3,2,3,1,1,3,2,7,3,N,NULL,Y,N,1607,1617,1624,N,NULL,55,,,N,,N,N,,NULL,NULL,2019,O,7.24219E+11,098-CS-1191  -000,HIGH,098-CS-1191  -000,0.319,0,0,0,1,0,0,1,0,0,0,0,0,0
72415490,KSP0900,19-38599,20191002,1126,,,KY1426,,,KY1426,KY1426,0,098 KY-1426,KY1426,Y,N,NULL,NULL,NULL,N,NULL,NULL,NULL,NULL,NULL,NULL,12.73,NULL,NULL,NULL,NULL,,NULL,0,0,1,1,N,N,15,NULL,98,9828,NULL,,Y,37.54585,37,32.751,NULL,-82.46662,82,27.997,NULL,N,NULL,NULL,NULL,NULL,NULL,NULL,NULL,NULL,9,97,2,6,1,1,2,2,1,3,N,NULL,N,N,1131,1221,1131,Y,NULL,90,7,0,N,,N,N,098-KY-1426-0,NULL,NULL,2019,O,7.24155E+11,098-KY-1426  -000,HIGH,098-KY-1426  -000,12.73,0,0,0,0,0,0,0,0,0,0,0,1,0
72404425,980100,2.019E+11,20190908,1554,,254,CASSIDY,,BLVD,,,,,,Y,N,NULL,NULL,NULL,N,NULL,NULL,NULL,NULL,NULL,NULL,0.321,NULL,NULL,NULL,NULL,,NULL,0,0,2,2,N,Y,15,NULL,98,9801,NULL,,Y,37.50535,37,30.321,NULL,-82.53735,82,32.241,NULL,N,NULL,NULL,NULL,NULL,NULL,NULL,NULL,NULL,6,97,1,6,1,1,2,2,1,3,N,NULL,Y,N,1554,1602,,N,NULL,90,,,N,,N,N,,NULL,NULL,2019,O,7.24044E+11,098-CS-1191  -000,HIGH,098-CS-1191  -000,0.321,0,0,0,0,0,0,1,0,0,0,0,0,0
72426969,KSP0900,19-40470,20191014,451,,,PENNY,,HWY,KY3501,KY3501,0,098 KY-3501,KY3501,N,N,NULL,NULL,NULL,N,NULL,NULL,NULL,NULL,NULL,NULL,0.306,NULL,NULL,NULL,NULL,,NULL,0,0,1,1,N,N,55,NULL,98,9801,3,S,N,37.35658,37,21.395,NULL,-82.5704,82,34.224,NULL,N,NULL,NULL,NULL,NULL,NULL,NULL,NULL,NULL,9,3,2,6,1,1,2,4,7,3,N,NULL,N,N,451,602,,N,NULL,38,9,0,N,,N,N,098-KY-3501-0,NULL,NULL,2019,O,7.2427E+11,098-KY-3501  -000,HIGH,098-KY-3501  -000,0.306,0,0,0,0,0,0,0,0,0,0,0,0,0
72446246,KSP0900,19-47084,20191201,1259,,,VIRGIE,,RD,KY0610,KY0610,0,098 KY-610,KY0610,N,N,NULL,NULL,NULL,N,NULL,NULL,NULL,NULL,NULL,NULL,8.91,NULL,NULL,NULL,NULL,,NULL,0,0,2,2,N,N,35,NULL,98,9827,NULL,,Y,37.34932,37,20.959,NULL,-82.59287,82,35.572,NULL,N,NULL,NULL,NULL,NULL,NULL,NULL,NULL,NULL,5,7,2,6,1,1,3,2,1,3,N,NULL,N,N,125,1301,1301,N,NULL,47,7,0,N,,N,N,098-KY-0610-0,NULL,NULL,2019,O,7.24462E+11,098-KY-0610  -000,HIGH,098-KY-0610  -000,8.91,0,0,0,1,0,0,1,0,0,0,0,0,0
72446818,980100,2.019E+11,20191123,1623,,,US23,,,US0023,US0023,0,098 US-23,US0023,N,Y,KY3496,,,N,NULL,NULL,NULL,NULL,NULL,NULL,23.062,NULL,NULL,NULL,NULL,,NULL,0,0,1,1,N,N,55,NULL,98,9801,NULL,,Y,37.46593,37,27.956,NULL,-82.52809,82,31.686,NULL,N,NULL,NULL,NULL,NULL,NULL,NULL,NULL,NULL,9,3,4,6,1,5,6,2,1,3,N,NULL,Y,Y,1623,1626,1709,N,NULL,5,,1,N,,N,N,098-US-0023-0,NULL,NULL,2019,O,7.24468E+11,098-US-0023  -000,HIGH,098-US-0023  -000,23.062,1,0,0,0,0,0,0,0,0,0,1,0,0
72407266,980100,2.019E+11,20190913,913,,,MAYO,N,TRL,US0023,US0023,0,098 US-23,US0023,N,N,NULL,NULL,NULL,N,NULL,NULL,NULL,NULL,NULL,NULL,26.28,NULL,NULL,NULL,NULL,,NULL,0,0,2,2,N,N,55,NULL,98,9801,NULL,,Y,37.50361,37,30.217,NULL,-82.53214,82,31.928,NULL,N,NULL,NULL,NULL,NULL,NULL,NULL,NULL,NULL,5,3,4,6,1,1,2,5,7,3,N,NULL,Y,N,2104,2107,2107,N,NULL,49,,1,N,,N,N,098-US-0023-0,NULL,NULL,2019,O,7.24073E+11,098-US-0023  -000,HIGH,098-US-0023  -000,26.28,0,0,0,1,0,0,1,0,0,0,0,0,0
72431936,KSP0900,19-43482,20191105,105,,,COLLINS,,HWY,KY0122,KY0122,0,098 KY-122,KY0122,N,N,NULL,NULL,NULL,N,NULL,NULL,NULL,NULL,NULL,NULL,15.124,NULL,NULL,NULL,NULL,,NULL,0,0,1,1,N,N,35,NULL,98,9824,NULL,,Y,37.41619,37,24.971,NULL,-82.49466,82,29.679,NULL,N,NULL,NULL,NULL,NULL,NULL,NULL,NULL,NULL,9,5,2,3,1,1,2,6,6,3,N,NULL,Y,N,239,249,318,N,NULL,44,,0,Y,,N,N,098-KY-0122-0,NULL,NULL,2019,O,7.24319E+11,098-KY-0122  -000,HIGH,098-KY-0122  -000,15.124,0,0,0,0,0,0,0,0,0,0,0,1,0
72424766,KSP0900,19-41604,20191022,2023,,,US23,,,US0023,US0023,0,098 US-23-10,US0023,Y,N,NULL,NULL,NULL,N,NULL,NULL,NULL,NULL,NULL,NULL,28.625,NULL,NULL,NULL,NULL,,NULL,0,0,2,2,N,N,NULL,NULL,98,9807,NULL,,Y,37.5198,37,31.188,NULL,-82.56744,82,34.047,NULL,N,NULL,NULL,NULL,NULL,NULL,NULL,NULL,NULL,2,97,NULL,6,1,1,2,5,1,3,N,NULL,Y,N,2028,2028,,N,NULL,90,,1,N,,N,N,098-US-0023-10,NULL,NULL,2019,O,7.24248E+11,098-US-0023  -010,HIGH,098-US-0023  -000,28.625,0,0,0,0,0,0,0,0,0,0,0,0,0
72376770,980100,2.019E+11,20190702,1332,,,BAIRD,,AVE,KY1426,KY1426,,,,N,N,NULL,NULL,NULL,N,NULL,NULL,NULL,NULL,NULL,NULL,5.395,NULL,NULL,NULL,NULL,,NULL,0,0,2,2,N,N,25,NULL,98,9801,NULL,,Y,37.47327,37,28.396,NULL,-82.52711,82,31.626,NULL,N,NULL,NULL,NULL,NULL,NULL,NULL,NULL,NULL,1,3,4,6,1,1,2,2,7,3,N,NULL,N,N,1332,1339,1339,N,NULL,55,,0,N,,N,N,,NULL,NULL,2019,O,7.23768E+11,098-KY-1426  -000,HIGH,098-KY-1426  -000,5.395,0,0,1,1,0,0,1,0,0,0,0,0,0
72380376,980100,2.019E+11,20190716,1631,,,BYPASS,S,RD,KY1426,KY1426,,,,Y,N,NULL,NULL,NULL,N,NULL,NULL,NULL,NULL,NULL,NULL,5.681,NULL,NULL,NULL,NULL,,NULL,0,0,3,3,N,N,10,NULL,98,9801,NULL,,Y,37.47273,37,28.364,NULL,-82.52301,82,31.381,NULL,N,NULL,NULL,NULL,NULL,NULL,NULL,NULL,NULL,1,97,2,6,2,1,2,2,1,3,N,NULL,Y,N,1631,1639,1639,N,NULL,90,,0,N,,N,N,,NULL,NULL,2019,O,7.23804E+11,098-KY-1426  -000,HIGH,098-KY-1426  -000,5.681,0,0,0,1,0,0,1,0,0,0,0,0,0
72409285,KSP0900,19-36545,20190918,933,,,US23,,,US0023,US0023,0,098 US-23-10,US0023,N,Y,US23 CROSSOVER,,,N,NULL,NULL,NULL,NULL,NULL,NULL,29.213,NULL,NULL,NULL,NULL,,NULL,0,0,2,2,N,N,45,NULL,98,9807,NULL,,Y,37.52647,37,31.588,NULL,-82.57403,82,34.442,NULL,N,NULL,NULL,NULL,NULL,NULL,NULL,NULL,NULL,1,3,6,6,1,1,2,2,1,3,N,NULL,Y,N,931,932,954,N,NULL,10,,1,N,,N,N,098-US-0023-10,NULL,NULL,2019,O,7.24093E+11,098-US-0023  -010,HIGH,098-US-0023  -000,29.213,0,0,0,0,0,0,1,1,0,1,1,0,0
72403692,980000,1909004,20190905,2000,,,MALL,,RD,,,0,098 CR-1037,CR1037,Y,N,NULL,NULL,NULL,N,NULL,NULL,NULL,NULL,NULL,NULL,NULL,NULL,NULL,NULL,NULL,,NULL,0,0,2,2,Y,N,5,NULL,98,9812,NULL,,Y,37.65236,37,39.141,NULL,-82.26928,82,16.157,NULL,N,NULL,NULL,NULL,NULL,NULL,NULL,NULL,NULL,5,7,2,6,1,1,2,5,1,3,N,NULL,N,Y,2010,2025,2035,N,NULL,90,,,N,,N,N,098-CR-1037-0,NULL,NULL,2019,O,7.24037E+11,098-CR-1037  -000,HIGH,098-CR-1037  -000,0.075,0,0,0,1,0,0,0,0,0,0,0,0,0
72427562,980200,980200,20190821,1400,,,RUSSELL,W,ST,KY0197,KY0197,0,098 KY-197,KY0197,N,N,NULL,NULL,NULL,N,NULL,NULL,NULL,NULL,NULL,NULL,15.602,NULL,NULL,NULL,NULL,,NULL,0,0,2,2,N,N,35,NULL,98,9802,NULL,,Y,37.29532,37,17.719,NULL,-82.36327,82,21.797,NULL,N,NULL,NULL,NULL,NULL,NULL,NULL,NULL,NULL,1,7,2,6,1,1,2,2,1,3,N,NULL,N,Y,1405,1408,1408,N,NULL,47,7,0,N,,N,N,098-KY-0197-0,NULL,NULL,2019,O,7.24276E+11,098-KY-0197  -000,HIGH,098-KY-0197  -000,15.602,0,0,0,1,0,0,1,0,0,0,0,0,0
72438418,980100,2.019E+11,20191118,1615,,,HAMBLEY,,BLVD,,,,,,N,N,NULL,NULL,NULL,N,NULL,NULL,NULL,NULL,NULL,NULL,1.355,NULL,NULL,NULL,NULL,,NULL,2,0,2,2,N,N,35,NULL,98,9801,NULL,,Y,37.48451,37,29.071,NULL,-82.52781,82,31.668,NULL,N,NULL,NULL,NULL,NULL,NULL,NULL,NULL,NULL,2,6,2,6,1,1,2,2,7,3,Y,NULL,Y,Y,1615,1618,1640,N,NULL,47,,,N,,N,N,,NULL,NULL,2019,C,7.24384E+11,098-CS-1222  -000,HIGH,098-CS-1222  -000,1.355,0,0,0,0,0,0,1,0,0,0,0,0,0
72431470,980100,2.019E+11,20191104,1746,,,KY1426,,,KY1426,KY1426,,,,N,N,NULL,NULL,NULL,N,NULL,NULL,NULL,NULL,NULL,NULL,7.336,NULL,NULL,NULL,NULL,,NULL,1,0,1,1,N,N,35,NULL,98,9801,NULL,,Y,37.48992,37,29.395,NULL,-82.50323,82,30.194,NULL,N,NULL,NULL,NULL,NULL,NULL,NULL,NULL,NULL,9,3,2,6,1,1,2,3,7,3,N,NULL,Y,Y,1746,1752,,N,NULL,38,,0,N,,N,N,,NULL,NULL,2019,C,7.24315E+11,098-KY-1426  -000,HIGH,098-KY-1426  -000,7.336,0,0,0,0,0,0,1,0,0,0,0,0,0
72458814,980100,2.02E+11,20200102,2208,,,WINSTON,,DR,,,0,098 CS-1039,CS1039,N,N,NULL,NULL,NULL,N,NULL,NULL,NULL,NULL,NULL,NULL,0.008,NULL,NULL,NULL,NULL,,NULL,0,0,1,1,N,N,15,NULL,98,9801,NULL,,Y,37.47839,37,28.704,NULL,-82.56114,82,33.669,NULL,N,NULL,NULL,NULL,NULL,NULL,NULL,NULL,NULL,9,2,2,6,1,5,6,5,6,3,N,NULL,Y,N,2208,2212,2212,Y,NULL,40,,,N,,N,N,098-CS-1039-0,NULL,NULL,2020,O,7.24588E+11,098-CS-1039  -000,HIGH,098-CS-1039  -000,0.008,0,0,0,0,0,0,1,0,0,0,0,1,0
72405616,980100,2.019E+11,20190911,1041,,,REDALE,,RD,,,0,098 CS-1244,CS1244,N,N,NULL,NULL,NULL,N,NULL,NULL,NULL,NULL,NULL,NULL,0.242,NULL,NULL,NULL,NULL,,NULL,0,0,2,2,N,N,15,NULL,98,9801,NULL,,Y,37.48684,37,29.21,NULL,-82.52843,82,31.705,NULL,N,NULL,NULL,NULL,NULL,NULL,NULL,NULL,NULL,8,3,1,4,1,1,2,2,1,3,N,NULL,Y,N,1041,1043,1103,N,NULL,53,,,N,,N,N,098-CS-1244-0,NULL,NULL,2019,O,7.24056E+11,098-CS-1244  -000,HIGH,098-CS-1244  -000,0.242,0,0,0,0,0,0,0,0,0,0,0,1,0
72451526,980100,2.019E+11,20191210,2211,,,US119,,,US0119,US0119,,,,N,N,NULL,NULL,NULL,N,NULL,NULL,NULL,NULL,NULL,NULL,2.379,NULL,NULL,NULL,NULL,,NULL,0,0,2,2,N,N,55,NULL,98,9801,NULL,,Y,37.51354,37,30.812,NULL,-82.49268,82,29.561,NULL,N,NULL,NULL,NULL,NULL,NULL,NULL,NULL,NULL,5,5,4,2,1,4,9,6,7,3,N,NULL,Y,N,2211,2215,2215,N,NULL,47,2,1,N,,N,N,,NULL,NULL,2019,O,7.24515E+11,098-US-0119  -000,MEDIUM,098-US-0119  -000,2.379,0,0,0,0,0,0,0,0,0,0,0,0,0
72380964,KSP0900,19-27237,20190717,1846,,6501,UPPER JOHNS,,CRK,KY0632,KY0632,0,098 KY-632,KY0632,N,N,NULL,NULL,NULL,N,NULL,NULL,NULL,NULL,NULL,NULL,5.873,NULL,NULL,NULL,NULL,,NULL,0,0,1,1,N,N,55,NULL,98,9817,NULL,,Y,37.49472,37,29.683,NULL,-82.26373,82,15.824,NULL,N,NULL,NULL,NULL,NULL,NULL,NULL,NULL,NULL,9,3,2,3,1,5,6,2,7,3,N,NULL,Y,N,1846,1920,1920,N,NULL,44,6,0,N,,N,N,098-KY-0632-0,NULL,NULL,2019,O,7.2381E+11,098-KY-0632  -000,HIGH,098-KY-0632  -000,5.873,0,0,0,0,0,0,0,0,0,0,0,1,0
72425689,980100,2.019E+11,20191017,1700,,,US23,,,US0023,US0023,,,,N,N,NULL,NULL,NULL,N,NULL,NULL,NULL,NULL,NULL,NULL,26.09,NULL,NULL,NULL,NULL,,NULL,0,0,2,2,N,N,55,NULL,98,9801,NULL,,Y,37.50092,37,30.055,NULL,-82.53199,82,31.919,NULL,N,NULL,NULL,NULL,NULL,NULL,NULL,NULL,NULL,5,3,4,6,1,1,2,2,7,3,N,NULL,Y,N,1700,1707,1707,N,NULL,49,,1,N,,N,N,,NULL,NULL,2019,O,7.24257E+11,098-US-0023  -000,MEDIUM,098-US-0023  -000,26.09,0,0,0,1,0,0,1,0,0,0,0,0,0
72392320,980100,2.019E+11,20190812,1840,,,CASSIDY,,BLVD,,,0,098 CS-1191,CS1191,Y,N,NULL,NULL,NULL,N,NULL,NULL,NULL,NULL,NULL,NULL,NULL,NULL,NULL,NULL,NULL,,NULL,0,0,2,2,N,N,15,NULL,98,9801,NULL,,Y,37.50616,37,30.369,NULL,-82.53736,82,32.242,NULL,N,NULL,NULL,NULL,NULL,NULL,NULL,NULL,NULL,2,97,2,6,1,1,2,2,1,3,N,NULL,Y,N,1840,1840,1845,N,NULL,90,,,N,,N,N,098-CS-1191-0,NULL,NULL,2019,O,7.23923E+11,098-CS-1191  -000,HIGH,098-CS-1191  -000,0.328,0,0,0,0,0,0,1,0,0,0,0,0,0
72460139,980000,20-01-001,20200103,1717,,,VIRGINIA,,AVE,,,0,098 CR-1035K,CR1035K,Y,N,NULL,NULL,NULL,N,NULL,NULL,NULL,NULL,NULL,NULL,0.016,NULL,NULL,NULL,NULL,,NULL,0,0,2,2,N,N,15,NULL,98,9834,NULL,,Y,37.67316,37,40.39,NULL,-82.28248,82,16.949,NULL,N,NULL,NULL,NULL,NULL,NULL,NULL,NULL,NULL,5,97,NULL,6,1,5,6,2,5,3,N,NULL,Y,Y,1700,1717,1720,N,NULL,90,,,Y,,N,N,098-CR-1035K-0,NULL,NULL,2020,O,7.24601E+11,098-CR-1035K -000,HIGH,098-CR-1035K -000,0.016,0,0,0,0,0,0,1,0,0,0,0,0,0
72456471,980100,2.019E+11,20191226,1319,,,SOUTH BYPASS,,RD,,,,,,Y,N,NULL,NULL,NULL,N,NULL,NULL,NULL,NULL,NULL,NULL,NULL,NULL,NULL,NULL,NULL,NULL,NULL,0,0,2,2,N,N,NULL,NULL,98,9801,NULL,,Y,37.47271,37,28.363,NULL,-82.52465,82,31.479,NULL,N,NULL,NULL,NULL,NULL,NULL,NULL,NULL,NULL,1,97,1,6,1,5,2,2,1,3,N,NULL,Y,N,1319,1326,1346,N,NULL,90,,,N,,N,N,,NULL,NULL,2019,O,7.24565E+11,098-KY-1426  -000,MEDIUM,098-KY-1426  -000,5.592,0,0,0,1,0,0,0,0,0,0,0,0,0
72378566,KSP0900,19-25467,20190706,1341,,,US460,,,US0460,US0460,0,098 US-460,US0460,N,N,NULL,NULL,NULL,N,NULL,NULL,NULL,NULL,NULL,NULL,2.678,NULL,NULL,NULL,NULL,,NULL,1,0,2,2,N,N,55,NULL,98,9824,NULL,,Y,37.43136,37,25.882,NULL,-82.48093,82,28.856,NULL,N,NULL,NULL,NULL,NULL,NULL,NULL,NULL,NULL,1,3,2,6,1,1,2,2,7,3,N,NULL,Y,Y,1343,1352,1505,N,NULL,55,,1,N,,N,N,098-US-0460-0,NULL,NULL,2019,B,7.23786E+11,098-US-0460  -000,HIGH,098-US-0460  -000,2.678,0,0,0,1,0,0,0,0,0,0,0,1,0
72373424,KSP0900,19-24216,20190628,2145,,,CALLAHAN,,BR,,,0,098 CR-1445,CR1445,Y,N,NULL,NULL,NULL,N,NULL,NULL,NULL,NULL,NULL,NULL,0.906,NULL,NULL,NULL,NULL,,NULL,0,0,2,2,N,N,15,NULL,98,9820,NULL,,Y,37.54315,37,32.589,NULL,-82.35264,82,21.158,NULL,N,NULL,NULL,NULL,NULL,NULL,NULL,NULL,NULL,6,97,1,3,1,1,2,6,7,3,N,NULL,Y,N,2153,2219,2219,N,NULL,90,,,N,,N,N,098-CR-1445-0,NULL,NULL,2019,O,7.23734E+11,098-CR-1445  -000,HIGH,098-CR-1445  -000,0.906,0,0,0,0,0,0,0,0,0,0,0,0,0
72388467,KSP0900,19-29551,20190803,33,,,BIG BLUE SPRINGS,,RD,,,0,098 CR-1801,CR1801,N,N,NULL,NULL,NULL,N,NULL,NULL,NULL,NULL,NULL,NULL,1.572,NULL,NULL,NULL,NULL,,NULL,0,0,2,2,N,N,35,NULL,98,9863,NULL,,Y,37.53797,37,32.278,NULL,-82.18331,82,10.999,NULL,N,NULL,NULL,NULL,NULL,NULL,NULL,NULL,NULL,1,5,1,1,1,1,2,6,7,3,N,NULL,Y,N,34,55,55,N,NULL,47,,,N,,N,N,098-CR-1801-0,NULL,NULL,2019,O,7.23885E+11,098-CR-1801  -000,HIGH,098-CR-1801  -000,1.572,0,0,0,0,0,0,0,0,0,0,0,0,0
72410970,KSP0900,19-37213,20190922,2001,,,WILLIAMSON,,RD,KY0292,KY0292,0,098 KY-292,KY0292,N,N,NULL,NULL,NULL,N,NULL,NULL,NULL,NULL,NULL,NULL,6.429,NULL,NULL,NULL,NULL,,NULL,1,0,1,1,N,N,45,NULL,98,9834,NULL,,Y,37.67388,37,40.433,NULL,-82.29576,82,17.746,NULL,N,NULL,NULL,NULL,NULL,NULL,NULL,NULL,NULL,9,3,2,3,1,1,2,6,7,3,Y,NULL,Y,Y,2003,2016,2300,N,NULL,40,7,0,N,,N,N,098-KY-0292-0,NULL,NULL,2019,B,7.2411E+11,098-KY-0292  -000,HIGH,098-KY-0292  -000,6.429,0,0,0,0,0,0,0,0,0,0,0,1,0
72401329,KSP0900,19-33262,20190827,1016,,,POWELLS,,CRK,,,0,098 CR-1208,CR1208,N,N,NULL,NULL,NULL,N,NULL,NULL,NULL,NULL,NULL,NULL,1.67,NULL,NULL,NULL,NULL,,NULL,0,0,2,2,N,N,35,NULL,98,9801,3,E,N,37.40454,37,24.273,NULL,-82.40502,82,24.301,NULL,N,NULL,NULL,NULL,NULL,NULL,NULL,NULL,NULL,7,3,1,1,1,5,3,2,6,3,N,NULL,Y,N,1016,1045,,N,NULL,54,,,N,,N,N,098-CR-1208-0,NULL,NULL,2019,O,7.24013E+11,098-CR-1208  -000,HIGH,098-CR-1208  -000,1.67,0,0,0,0,0,0,0,0,0,0,0,1,0
72391275,KSP0900,19-30462,20190808,2144,,,KY194,,,KY0194,KY0194,0,098 KY-194,KY0194,N,N,NULL,NULL,NULL,N,NULL,NULL,NULL,NULL,NULL,NULL,60.348,NULL,NULL,NULL,NULL,,NULL,1,0,2,1,Y,N,35,NULL,98,9804,NULL,,Y,37.56367,37,33.82,NULL,-82.14595,82,8.757,NULL,N,NULL,NULL,NULL,NULL,NULL,NULL,NULL,NULL,9,3,2,6,1,1,2,6,7,3,Y,NULL,Y,Y,2144,2144,2337,N,NULL,70,7,0,N,,N,N,098-KY-0194-0,NULL,NULL,2019,A,7.23913E+11,098-KY-0194  -000,HIGH,098-KY-0194  -000,60.348,0,0,0,0,1,0,0,0,0,0,0,0,0
72448810,370200,2019-48116,20191209,1000,,,PORTER,,LN,,,0,098 PR-1301,PR1301,N,N,NULL,NULL,NULL,N,NULL,NULL,NULL,NULL,NULL,NULL,0.098,NULL,NULL,NULL,NULL,,NULL,0,0,2,2,N,N,15,NULL,98,9801,NULL,,Y,37.53465,37,32.079,NULL,-82.61424,82,36.855,NULL,N,NULL,NULL,NULL,NULL,NULL,NULL,NULL,NULL,2,3,2,6,3,11,6,2,7,3,N,NULL,Y,N,1010,1029,1029,N,NULL,56,,,N,,N,N,098-PR-1301-0,NULL,NULL,2019,O,7.24488E+11,098-PR-1301  -000,HIGH,098-PR-1301  -000,0.098,0,1,0,0,0,0,1,0,0,0,0,0,0
72437773,980100,2.019E+11,20191104,1122,,,HAMBLEY,,BLVD,,,0,098 CS-1222,CS1222,Y,N,NULL,NULL,NULL,N,NULL,NULL,NULL,NULL,NULL,NULL,0.161,NULL,NULL,NULL,NULL,,NULL,0,0,2,2,N,N,15,NULL,98,9801,NULL,,Y,37.4749,37,28.494,NULL,-82.5246,82,31.476,NULL,N,NULL,NULL,NULL,NULL,NULL,NULL,NULL,NULL,2,97,1,6,1,1,2,2,1,3,N,NULL,Y,N,1123,1126,,N,NULL,90,,,N,,N,N,098-CS-1222-0,NULL,NULL,2019,O,7.24378E+11,098-CS-1222  -000,HIGH,098-CS-1222  -000,0.161,0,0,0,0,0,0,1,0,0,0,0,0,0
72427743,KSP0900,19-42464,20191027,1831,,,SMITH FORK,,RD,KY3419,KY3419,0,098 KY-3419,KY3419,N,N,NULL,NULL,NULL,N,NULL,NULL,NULL,NULL,NULL,NULL,3.48,NULL,NULL,NULL,NULL,,NULL,0,0,1,1,N,N,25,NULL,98,9804,NULL,,Y,37.47137,37,28.282,NULL,-82.1919,82,11.514,NULL,N,NULL,NULL,NULL,NULL,NULL,NULL,NULL,NULL,9,6,1,4,1,1,2,3,7,3,N,NULL,N,N,1831,1927,1927,N,NULL,44,9,0,N,,N,N,098-KY-3419-0,NULL,NULL,2019,O,7.24277E+11,098-KY-3419  -000,HIGH,098-KY-3419  -000,3.48,0,0,0,0,0,0,0,0,0,0,0,1,0