MasterFile,AgencyORINumber,LocalCode,CollisionDate,CollisionTime,CollisionDayWeekCode,RoadwayName_HouseBusinessNumber_,RoadwayName_RoadwayName_,RoadwayName_Direction_,RoadwayName_RoadwaySuffix_,RoadwayfromReport,CurrentRoadwayNumber,RoadwayNumberCoupletID,RSEUniqueGIS,RoadwayIdentifier,ParkingLotIndicator,IntersectionWith_Indicator_,IntersectionWith_NameRoadway_,IntersectionWith_Direction_,IntersectionWith_RoadwaySuffix_,BetweenStreets_Indicator_,BetweenStreets1_NameRoadway_,BetweenStreet1_Direction_,BetweenStreets1_RoadwaySuffix_,BetweenStreets2_NameRoadway_,BetweenStreets2_Direction_,BetweenStreets2_RoadwaySuffix_,Milepoint,ReportMilepointDeriveNumber,CurrentDerivedMiepointNumber,MilestoMilepoint,FeettoMilepoint,DirectionfromMilepoint_NSEW_,ValidMilepointIndicator,NumberInjured,NumberKilled,ofUnits,ofMotorVehicleUnits,Hit&RunIndicator,OneWayIndicator,SpeedLimitNumber,KilometersIndicator,CountyCode,CityCountyCode,MilesFromCity,DirectionFromCity_NSEW_,InCityLimitsIndicator,Latitude,LatitudeDegrees,LatitudeMinutes,LatitudeSeconds,Longitude,LongitudeDegrees,LongitudeMinutes,LongitudeSeconds,RampIndicator,RampFromIdentifier,RampFromDirCode,RampFromCoupletID,RSEUniqueGISRampFrom,RampToidentifier,RampToDirCode,RampToCoupletID,RSEUniqueGisRampTo,MannerofCollisionCode,LocationFirstEventCode,TotalLanes,RoadwayCharacterCode,RoadwaySurfaceCode,RoadwayConditionCode,WeatherCode,LightConditionCode,LandUseCode,SchoolBusRelatedCode,FirstAidSceneIndicator,CollDescPresentInd,InvestigationCompleteIndicator,PhotosTakenIndicator,TimeNotified,TimeArrived,TimeRoadwayOpened,PropertyDamageIndicator,DiagramPresentIndicator,DirectionalAnalysis,FunctionClassCode,NationalHwySysCode,EnforcementsIndicator,KARSCityCode,SecondaryCollisionIndicator,MedianCrossoverIndicator,RT_UNIQUE,MapIt,TimeLastLeft,YR,KABCO,MFNY,WorkingRID,RT_CONFIDENCE,KTC_RT,KTC_MP,Motorcyclist,CommercialVehicle,YoungDriver,MatureDriver,pedestrian,Bicyclist,Distracted,agressive,Impaired,Unrestrained,Intersection,RoadwayDeparture,MedXover
72427419,KSP0900,19-41538,20191022,1235,,,KY194,,,KY0194,KY0194,0,098 KY-194,KY0194,N,N,NULL,NULL,NULL,N,NULL,NULL,NULL,NULL,NULL,NULL,22.77,NULL,NULL,NULL,NULL,,NULL,0,0,2,2,N,N,55,NULL,98,9817,NULL,,Y,37.53715,37,32.229,NULL,-82.37504,82,22.502,NULL,N,NULL,NULL,NULL,NULL,NULL,NULL,NULL,NULL,5,3,2,6,1,1,2,2,7,3,N,NULL,Y,N,1200,1230,1235,N,NULL,49,6,0,N,,N,N,098-KY-0194-0,NULL,NULL,2019,O,7.24274E+11,098-KY-0194  -000,HIGH,098-KY-0194  -000,22.77,0,0,0,1,0,0,0,1,0,0,0,0,0
72390533,980500,2019AR055,20190808,1132,,,COWPEN,,RD,KY2061,KY2061,0,098 KY-2061,KY2061,N,N,NULL,NULL,NULL,N,NULL,NULL,NULL,NULL,NULL,NULL,0.363,NULL,NULL,NULL,NULL,,NULL,0,0,2,2,Y,N,45,NULL,98,9807,NULL,,Y,37.53363,37,32.018,NULL,-82.57133,82,34.28,NULL,N,NULL,NULL,NULL,NULL,NULL,NULL,NULL,NULL,7,3,2,6,1,1,2,2,6,3,N,NULL,Y,N,1132,1145,1145,N,NULL,54,,0,N,,N,N,098-KY-2061-0,NULL,NULL,2019,O,7.23905E+11,098-KY-2061  -000,HIGH,098-KY-2061  -000,0.363,0,0,0,0,0,0,1,0,0,0,0,1,0
72399958,980100,2.019E+11,20190827,1308,,,HUFFMAN,,AVE,,,0,098 CS-1123,CS1123,Y,N,NULL,NULL,NULL,N,NULL,NULL,NULL,NULL,NULL,NULL,0.019,NULL,NULL,NULL,NULL,,NULL,0,0,2,2,N,N,15,NULL,98,9801,NULL,,Y,37.47731,37,28.639,NULL,-82.51721,82,31.033,NULL,N,NULL,NULL,NULL,NULL,NULL,NULL,NULL,NULL,8,97,1,6,2,1,2,2,1,3,N,NULL,Y,N,1308,1312,1312,N,NULL,90,,,N,,N,N,098-CS-1123-0,NULL,NULL,2019,O,7.24E+11,098-CS-1123  -000,HIGH,098-CS-1123  -000,0.019,0,0,0,0,0,0,0,0,0,0,0,0,0
72393548,980100,2.019E+11,20190814,1645,,,BAIRD,,AVE,KY1426,KY1426,,,,Y,N,NULL,NULL,NULL,N,NULL,NULL,NULL,NULL,NULL,NULL,5.385,NULL,NULL,NULL,NULL,,NULL,0,0,2,2,N,N,15,NULL,98,9801,NULL,,Y,37.47293,37,28.376,NULL,-82.5276,82,31.656,NULL,N,NULL,NULL,NULL,NULL,NULL,NULL,NULL,NULL,1,97,NULL,6,1,1,2,2,1,3,N,NULL,N,N,1645,1652,,N,NULL,90,,0,Y,,N,N,,NULL,NULL,2019,O,7.23935E+11,098-KY-1426  -000,HIGH,098-KY-1426  -000,5.385,0,0,0,0,0,0,1,0,1,0,0,0,0
72391373,980100,2.019E+11,20190805,1520,,911,BYPASS,S,RD,KY1426,KY1426,,,,Y,N,NULL,NULL,NULL,N,NULL,NULL,NULL,NULL,NULL,NULL,5.678,NULL,NULL,NULL,NULL,,NULL,0,0,2,2,N,N,NULL,NULL,98,9801,NULL,,Y,37.47271,37,28.363,NULL,-82.52306,82,31.384,NULL,N,NULL,NULL,NULL,NULL,NULL,NULL,NULL,NULL,1,97,NULL,6,2,1,2,2,1,3,N,NULL,Y,N,1520,1533,1605,N,NULL,90,,0,N,,N,N,,NULL,NULL,2019,O,7.23914E+11,098-KY-1426  -000,HIGH,098-KY-1426  -000,5.678,0,0,0,1,0,0,0,0,0,0,0,0,0
72424341,980200,ELK4125-129-19,20191011,1300,,,KY80,,,KY0080,KY0080,0,098 KY-80,KY0080,Y,N,NULL,NULL,NULL,N,NULL,NULL,NULL,NULL,NULL,NULL,2.805,NULL,NULL,NULL,NULL,,NULL,0,0,2,2,Y,N,5,NULL,98,9802,NULL,,Y,37.30733,37,18.44,NULL,-82.3531,82,21.186,NULL,N,NULL,NULL,NULL,NULL,NULL,NULL,NULL,NULL,5,97,2,6,1,1,2,2,1,3,N,NULL,Y,N,1255,1300,1300,N,NULL,90,7,0,N,,N,N,098-KY-0080-0,NULL,NULL,2019,O,7.24243E+11,098-KY-0080  -000,HIGH,098-KY-0080  -000,2.805,0,0,0,0,0,0,0,0,0,0,0,0,0
72383267,980100,2.019E+11,20190723,1104,,,HAROLDS BRANCH,,RD,,,0,098 CS-1223,CS1223,Y,N,NULL,NULL,NULL,N,NULL,NULL,NULL,NULL,NULL,NULL,0.05,NULL,NULL,NULL,NULL,,NULL,0,0,2,2,N,N,15,NULL,98,9801,NULL,,Y,37.47224,37,28.335,NULL,-82.52218,82,31.331,NULL,N,NULL,NULL,NULL,NULL,NULL,NULL,NULL,NULL,2,97,2,3,2,1,2,2,1,3,N,NULL,Y,N,1104,1112,1128,N,NULL,90,,,N,,N,N,098-CS-1223-0,NULL,NULL,2019,O,7.23833E+11,098-CS-1223  -000,HIGH,098-CS-1223  -000,0.05,0,0,0,1,0,0,1,0,0,0,0,0,0
72458629,KSP0900,19-50948,20191231,1400,,,KY1056,,,KY1056,KY1056,0,098 KY-1056,KY1056,N,N,NULL,NULL,NULL,N,NULL,NULL,NULL,NULL,NULL,NULL,9.761,NULL,NULL,NULL,NULL,,NULL,1,0,2,2,N,N,55,NULL,98,9863,NULL,,Y,37.60027,37,36.016,NULL,-82.16548,82,9.929,NULL,N,NULL,NULL,NULL,NULL,NULL,NULL,NULL,NULL,5,3,2,3,1,1,2,2,7,3,Y,NULL,Y,Y,140,1414,1445,N,NULL,49,7,0,Y,,N,N,098-KY-1056-0,NULL,NULL,2019,C,7.24586E+11,098-KY-1056  -000,HIGH,098-KY-1056  -000,9.761,0,0,0,0,0,0,1,1,0,1,0,1,0
72404702,980100,2.019E+11,20190909,1742,,,US23,,,US0023,US0023,0,098 US-23,US0023,N,N,NULL,NULL,NULL,N,NULL,NULL,NULL,NULL,NULL,NULL,27.317,NULL,NULL,NULL,NULL,,NULL,0,0,2,2,N,N,55,NULL,98,9801,NULL,,Y,37.51062,37,30.637,NULL,-82.54762,82,32.857,NULL,N,NULL,NULL,NULL,NULL,NULL,NULL,NULL,NULL,5,3,6,6,1,1,2,2,7,3,N,NULL,Y,N,1742,1752,,N,NULL,49,,1,N,,N,N,098-US-0023-0,NULL,NULL,2019,O,7.24047E+11,098-US-0023  -000,HIGH,098-US-0023  -000,27.317,0,0,0,0,0,0,1,0,0,0,0,0,0
72426894,980100,2.019E+11,20191025,2118,,,CASSIDY,,BLVD,,,0,098 CS-1191,CS1191,N,N,NULL,NULL,NULL,N,NULL,NULL,NULL,NULL,NULL,NULL,0.308,NULL,NULL,NULL,NULL,,NULL,0,0,1,1,N,N,35,NULL,98,9801,NULL,,Y,37.50515,37,30.309,NULL,-82.53699,82,32.219,NULL,N,NULL,NULL,NULL,NULL,NULL,NULL,NULL,NULL,9,4,2,1,1,5,6,7,1,3,N,NULL,Y,N,2118,2120,2120,N,NULL,44,,,N,,N,N,098-CS-1191-0,NULL,NULL,2019,O,7.24269E+11,098-CS-1191  -000,HIGH,098-CS-1191  -000,0.308,0,0,1,0,0,0,0,0,0,0,0,1,0
72395948,980100,2.019E+11,20190820,1838,,,HAMBLEY,,BLVD,,,0,098 CS-1222,CS1222,N,N,NULL,NULL,NULL,N,NULL,NULL,NULL,NULL,NULL,NULL,0.474,NULL,NULL,NULL,NULL,,NULL,0,0,2,2,N,N,25,NULL,98,9801,NULL,,Y,37.47812,37,28.687,NULL,-82.52067,82,31.24,NULL,N,NULL,NULL,NULL,NULL,NULL,NULL,NULL,NULL,2,5,3,6,1,5,6,2,1,3,N,NULL,Y,N,1838,1839,1839,N,NULL,47,,,N,,N,N,098-CS-1222-0,NULL,NULL,2019,O,7.23959E+11,098-CS-1222  -000,HIGH,098-CS-1222  -000,0.474,0,0,0,0,0,0,0,0,0,0,0,0,0
72435498,980100,2.019E+11,20191106,1321,,,US23,,,US0023,US0023,0,098 US-23,US0023,N,N,NULL,NULL,NULL,N,NULL,NULL,NULL,NULL,NULL,NULL,23.572,NULL,NULL,NULL,NULL,,NULL,0,0,2,2,N,N,55,NULL,98,9801,NULL,,Y,37.47097,37,28.258,NULL,-82.53368,82,32.021,NULL,N,NULL,NULL,NULL,NULL,NULL,NULL,NULL,NULL,1,3,4,6,1,1,2,2,7,3,N,NULL,Y,N,1321,1327,1327,N,NULL,41,,1,N,,N,N,098-US-0023-0,NULL,NULL,2019,O,7.24355E+11,098-US-0023  -000,HIGH,098-US-0023  -000,23.572,0,0,0,1,0,0,0,0,0,0,0,1,0
72451035,980100,2.019E+11,20191214,1228,,215,CASSIDY,,BLVD,,,0,098 CS-1191,CS1191,Y,N,NULL,NULL,NULL,N,NULL,NULL,NULL,NULL,NULL,NULL,0.061,NULL,NULL,NULL,NULL,,NULL,0,0,2,2,N,N,NULL,NULL,98,9801,NULL,,Y,37.50367,37,30.22,NULL,-82.53313,82,31.988,NULL,N,NULL,NULL,NULL,NULL,NULL,NULL,NULL,NULL,2,97,1,6,1,5,3,2,1,3,N,NULL,Y,N,1230,1235,1235,N,NULL,90,,,N,,N,N,098-CS-1191-0,NULL,NULL,2019,O,7.2451E+11,098-CS-1191  -000,HIGH,098-CS-1191  -000,0.061,0,0,1,0,0,0,1,0,0,0,0,0,0
72381454,980100,2.019E+11,20190718,2100,,,CEDAR CREEK,,RD,,,,,,N,Y,CEDAR HILLS,,DR,N,NULL,NULL,NULL,NULL,NULL,NULL,NULL,NULL,NULL,NULL,NULL,,NULL,0,0,2,2,N,N,35,NULL,98,9801,NULL,,Y,37.47612,37,28.567,NULL,-82.55538,82,33.323,NULL,N,NULL,NULL,NULL,NULL,NULL,NULL,NULL,NULL,3,3,2,6,1,5,6,5,6,3,N,NULL,Y,N,2101,2107,,N,NULL,52,,,N,,N,N,,NULL,NULL,2019,O,7.23815E+11,098-KY-3417  -000,MEDIUM,098-KY-3417  -000,1.095,0,0,0,0,0,0,1,0,0,0,1,0,0
72420452,980100,2.019E+11,20191012,1801,,,CASSIDY,,BLVD,,,0,098 CS-1191,CS1191,N,N,NULL,NULL,NULL,N,NULL,NULL,NULL,NULL,NULL,NULL,0.052,NULL,NULL,NULL,NULL,,NULL,0,0,2,2,N,N,25,NULL,98,9801,NULL,,Y,37.50369,37,30.221,NULL,-82.533,82,31.98,NULL,N,NULL,NULL,NULL,NULL,NULL,NULL,NULL,NULL,5,3,2,6,1,1,2,2,1,3,N,NULL,Y,N,1801,1801,,N,NULL,49,,,N,,N,N,098-CS-1191-0,NULL,NULL,2019,O,7.24205E+11,098-CS-1191  -000,HIGH,098-CS-1191  -000,0.052,0,0,0,0,0,0,1,0,0,0,0,0,0
72395366,980100,2.019E+11,20190819,1622,,,US23,,,US0023,US0023,0,098 US-23,US0023,N,N,NULL,NULL,NULL,N,NULL,NULL,NULL,NULL,NULL,NULL,30.911,NULL,NULL,NULL,NULL,,NULL,0,0,3,3,N,N,55,NULL,98,9801,NULL,,Y,37.54059,37,32.435,NULL,-82.59192,82,35.515,NULL,N,NULL,NULL,NULL,NULL,NULL,NULL,NULL,NULL,5,3,4,3,1,1,2,2,7,3,N,NULL,Y,N,1622,1635,,N,NULL,49,,1,N,,N,N,098-US-0023-0,NULL,NULL,2019,O,7.23954E+11,098-US-0023  -000,HIGH,098-US-0023  -000,30.911,0,1,1,1,0,0,0,0,0,0,0,1,0
72438207,980100,2.019E+11,20191113,1300,,,THOMPSON,,RD,,,0,098 CS-1215,CS1215,N,N,NULL,NULL,NULL,N,NULL,NULL,NULL,NULL,NULL,NULL,0.388,NULL,NULL,NULL,NULL,,NULL,0,0,2,2,N,N,35,NULL,98,9801,NULL,,Y,37.50648,37,30.389,NULL,-82.54529,82,32.717,NULL,N,NULL,NULL,NULL,NULL,NULL,NULL,NULL,NULL,1,2,2,6,1,1,2,2,1,3,N,NULL,Y,N,1300,1303,1305,N,NULL,55,,,N,,N,N,098-CS-1215-0,NULL,NULL,2019,O,7.24382E+11,098-CS-1215  -000,HIGH,098-CS-1215  -000,0.388,0,0,0,1,0,0,1,1,0,0,0,0,0
72438702,980200,ELK4125-133-19,20191024,1756,,,ELKHORN,,CRK,KY0197,KY0197,0,098 KY-197,KY0197,N,N,NULL,NULL,NULL,N,NULL,NULL,NULL,NULL,NULL,NULL,8.391,NULL,NULL,NULL,NULL,,NULL,0,0,2,2,N,N,55,NULL,98,9864,8,S,N,37.26237,37,15.742,NULL,-82.45253,82,27.152,NULL,N,NULL,NULL,NULL,NULL,NULL,NULL,NULL,NULL,5,3,2,3,1,1,2,2,6,3,N,NULL,Y,N,1730,1745,1800,N,NULL,49,7,0,N,,N,N,098-KY-0197-0,NULL,NULL,2019,O,7.24387E+11,098-KY-0197  -000,HIGH,098-KY-0197  -000,8.391,0,0,0,0,0,0,0,0,0,0,0,0,0
72401080,980100,2.019E+11,20190831,1736,,,KY1426,,,KY1426,KY1426,,,,Y,N,NULL,NULL,NULL,N,NULL,NULL,NULL,NULL,NULL,NULL,4.933,NULL,NULL,NULL,NULL,,NULL,0,0,2,2,Y,N,10,NULL,98,9801,NULL,,Y,37.47146,37,28.288,NULL,-82.53453,82,32.072,NULL,N,NULL,NULL,NULL,NULL,NULL,NULL,NULL,NULL,,97,NULL,6,1,1,2,2,1,3,N,NULL,N,N,1736,1738,1738,N,NULL,90,,0,N,,N,N,,NULL,NULL,2019,NULL,7.24011E+11,098-KY-1426  -010,MEDIUM,098-KY-1426  -000,4.933,0,0,0,0,0,0,0,0,0,0,0,0,0
72451240,KSP0900,19-48850,20191214,2348,,,KY1056,,,KY1056,KY1056,0,098 KY-1056,KY1056,N,N,NULL,NULL,NULL,N,NULL,NULL,NULL,NULL,NULL,NULL,1.351,NULL,NULL,NULL,NULL,,NULL,0,0,1,1,N,N,55,NULL,98,9851,NULL,,Y,37.56446,37,33.868,NULL,-82.24232,82,14.539,NULL,N,NULL,NULL,NULL,NULL,NULL,NULL,NULL,NULL,9,4,2,2,1,5,3,6,7,3,N,NULL,Y,N,2349,5,5,N,NULL,44,8,0,N,,N,N,098-KY-1056-0,NULL,NULL,2019,O,7.24512E+11,098-KY-1056  -000,HIGH,098-KY-1056  -000,1.351,0,0,1,0,0,0,0,0,0,0,0,1,0
72451924,980100,2.019E+11,20191216,1431,,,CASSIDY,,BLVD,,,0,098 CS-1191,CS1191,N,N,NULL,NULL,NULL,N,NULL,NULL,NULL,NULL,NULL,NULL,0.161,NULL,NULL,NULL,NULL,,NULL,0,0,2,2,N,N,25,NULL,98,9801,NULL,,Y,37.5037,37,30.222,NULL,-82.53467,82,32.08,NULL,N,NULL,NULL,NULL,NULL,NULL,NULL,NULL,NULL,1,3,5,6,1,5,6,2,1,3,N,NULL,Y,N,1431,1443,,N,NULL,55,,,N,,N,N,098-CS-1191-0,NULL,NULL,2019,O,7.24519E+11,098-CS-1191  -000,HIGH,098-CS-1191  -000,0.161,0,0,0,1,0,0,1,1,0,0,0,0,0
72414650,980100,2.019E+11,20190928,51,,,PHYLLIS,,LN,,,,,,N,N,NULL,NULL,NULL,N,NULL,NULL,NULL,NULL,NULL,NULL,0.112,NULL,NULL,NULL,NULL,,NULL,0,0,1,1,N,N,35,NULL,98,9801,NULL,,Y,37.4868,37,29.208,NULL,-82.52647,82,31.588,NULL,N,NULL,NULL,NULL,NULL,NULL,NULL,NULL,NULL,9,3,1,2,1,1,2,5,6,3,N,NULL,Y,N,51,56,56,N,NULL,40,,,N,,N,N,,NULL,NULL,2019,O,7.24147E+11,098-CS-1090  -000,HIGH,098-CS-1090  -000,0.112,0,0,1,0,0,0,1,0,0,0,0,1,0
72419090,980100,2.019E+11,20191003,1513,,,HUFFMAN,,AVE,,,0,098 CS-1123,CS1123,N,Y,HAMBLEY,,BLVD,N,NULL,NULL,NULL,NULL,NULL,NULL,0.188,NULL,NULL,NULL,NULL,,NULL,0,0,1,1,N,N,25,NULL,98,9801,NULL,,Y,37.47873,37,28.724,NULL,-82.5201,82,31.206,NULL,N,NULL,NULL,NULL,NULL,NULL,NULL,NULL,NULL,9,97,2,3,1,1,2,2,1,3,N,NULL,Y,Y,1513,1528,1600,Y,NULL,4,,,N,,N,N,098-CS-1123-0,NULL,NULL,2019,O,7.24191E+11,098-CS-1123  -000,HIGH,098-CS-1123  -000,0.188,0,1,0,0,0,0,0,0,0,0,1,0,0
72393682,980100,2.019E+11,20190814,830,,911,BYPASS ROAD,,,,,,,,Y,N,NULL,NULL,NULL,N,NULL,NULL,NULL,NULL,NULL,NULL,NULL,NULL,NULL,NULL,NULL,NULL,NULL,0,0,1,1,N,N,15,NULL,98,9801,NULL,,Y,37.47229,37,28.337,NULL,-82.52317,82,31.39,NULL,N,NULL,NULL,NULL,NULL,NULL,NULL,NULL,NULL,9,97,2,6,1,1,2,2,1,3,N,NULL,Y,N,830,830,836,Y,NULL,90,,,N,,N,N,,NULL,NULL,2019,O,7.23937E+11,098-KY-1426  -000,MEDIUM,098-KY-1426  -000,5.665,0,1,0,0,0,0,0,0,0,0,0,1,0
72391827,980100,2.019E+11,20190811,933,,380,BOB AMOS,,DR,,,0,098 CS-1025,CS1025,N,N,NULL,NULL,NULL,N,NULL,NULL,NULL,NULL,NULL,NULL,0.59,NULL,NULL,NULL,NULL,,NULL,0,0,1,1,N,N,15,NULL,98,9801,NULL,,Y,37.47161,37,28.297,NULL,-82.54137,82,32.482,NULL,N,NULL,NULL,NULL,NULL,NULL,NULL,NULL,NULL,9,3,2,6,1,1,2,2,5,3,N,NULL,Y,N,934,951,951,Y,NULL,40,,,N,,N,N,098-CS-1025-0,NULL,NULL,2019,O,7.23918E+11,098-CS-1025  -000,HIGH,098-CS-1025  -000,0.59,0,0,0,1,0,0,0,0,0,0,0,1,0
72410088,KSP0900,19-36922,20190920,1933,,,KY194,,,KY0194,KY0194,0,098 KY-194,KY0194,N,N,NULL,NULL,NULL,N,NULL,NULL,NULL,NULL,NULL,NULL,69.995,NULL,NULL,NULL,NULL,,NULL,0,0,1,1,N,N,45,NULL,98,9825,NULL,,Y,37.49905,37,29.943,NULL,-82.05679,82,3.407,NULL,N,NULL,NULL,NULL,NULL,NULL,NULL,NULL,NULL,9,3,2,5,1,1,2,3,7,3,N,NULL,Y,Y,1933,2018,2145,N,NULL,38,7,0,N,,N,N,098-KY-0194-0,NULL,NULL,2019,O,7.24101E+11,098-KY-0194  -000,HIGH,098-KY-0194  -000,69.995,0,0,0,0,0,0,0,0,0,0,0,0,0
72457573,370200,2019-49418,20191219,1020,,,US23,,,US0023,US0023,,,,N,N,NULL,NULL,NULL,N,NULL,NULL,NULL,NULL,NULL,NULL,6.091,NULL,NULL,NULL,NULL,,NULL,1,0,2,2,N,N,55,NULL,98,9809,NULL,,Y,37.29083,37,17.45,NULL,-82.55046,82,33.028,NULL,N,NULL,NULL,NULL,NULL,NULL,NULL,NULL,NULL,5,3,4,5,1,5,2,2,7,3,Y,NULL,Y,Y,1034,1052,1143,N,NULL,49,,1,N,,N,N,,NULL,NULL,2019,C,7.24576E+11,098-US-0023  -000,MEDIUM,098-US-0023  -000,6.091,0,1,0,0,0,0,1,0,0,0,0,0,0
72387618,KSP0900,19-28651,20190727,1433,,,KY122,,,KY0122,KY0122,0,098 KY-122,KY0122,N,N,NULL,NULL,NULL,N,NULL,NULL,NULL,NULL,NULL,NULL,7.462,NULL,NULL,NULL,NULL,,NULL,0,0,2,2,N,N,55,NULL,98,9823,NULL,,Y,37.37701,37,22.621,NULL,-82.58612,82,35.167,NULL,N,NULL,NULL,NULL,NULL,NULL,NULL,NULL,NULL,1,3,2,6,1,1,2,2,7,3,N,NULL,Y,Y,1442,1500,1515,N,NULL,55,,0,N,,N,N,098-KY-0122-0,NULL,NULL,2019,O,7.23876E+11,098-KY-0122  -000,HIGH,098-KY-0122  -000,7.462,0,0,0,0,0,0,0,0,0,0,0,0,0
72385573,KSP0900,19-27112,20190716,2053,,,TOLER,,RD,KY0319,KY0319,0,098 KY-319,KY0319,Y,N,NULL,NULL,NULL,N,NULL,NULL,NULL,NULL,NULL,NULL,3.827,NULL,NULL,NULL,NULL,,NULL,0,0,2,1,N,N,NULL,NULL,98,9842,NULL,,Y,37.60905,37,36.543,NULL,-82.22962,82,13.777,NULL,N,NULL,NULL,NULL,NULL,NULL,NULL,NULL,NULL,9,97,1,6,3,1,2,2,6,3,N,NULL,Y,Y,2057,2100,2100,N,NULL,90,7,0,Y,,N,N,098-KY-0319-0,NULL,NULL,2019,O,7.23856E+11,098-KY-0319  -000,HIGH,098-KY-0319  -000,3.827,0,0,0,0,1,0,0,1,0,0,0,0,0
72377984,980100,2.019E+11,20190703,1250,,,BAIRD,,AVE,KY1426,KY1426,,,,N,N,NULL,NULL,NULL,N,NULL,NULL,NULL,NULL,NULL,NULL,5.419,NULL,NULL,NULL,NULL,,NULL,0,0,2,2,N,N,25,NULL,98,9801,NULL,,Y,37.47293,37,28.376,NULL,-82.52701,82,31.62,NULL,N,NULL,NULL,NULL,NULL,NULL,NULL,NULL,NULL,1,3,2,6,1,1,2,2,7,3,N,NULL,Y,N,1250,1250,1250,N,NULL,55,,0,N,,N,N,,NULL,NULL,2019,O,7.2378E+11,098-KY-1426  -000,HIGH,098-KY-1426  -000,5.419,0,0,0,1,0,0,1,0,0,0,0,0,0
72374795,980000,19-06-007,20190627,1140,,28402,US119,,,US0119,US0119,0,098 US-119,US0119,Y,N,NULL,NULL,NULL,N,NULL,NULL,NULL,NULL,NULL,NULL,24.182,NULL,NULL,NULL,NULL,,NULL,0,0,2,2,N,N,15,NULL,98,9834,NULL,,Y,37.65815,37,39.489,NULL,-82.27133,82,16.28,NULL,N,NULL,NULL,NULL,NULL,NULL,NULL,NULL,NULL,8,97,2,6,1,1,2,2,1,3,N,NULL,Y,Y,1201,1228,1253,N,NULL,90,2,1,N,,N,N,098-US-0119-0,NULL,NULL,2019,O,7.23748E+11,098-US-0119  -000,HIGH,098-US-0119  -000,24.182,0,0,0,0,0,0,0,0,0,0,0,0,0
72427358,KSP0900,19-41533,20191022,1145,,,KY195,,,KY0195,KY0195,0,098 KY-195,KY0195,N,N,NULL,NULL,NULL,N,NULL,NULL,NULL,NULL,NULL,NULL,10.759,NULL,NULL,NULL,NULL,,NULL,0,0,1,1,N,N,35,NULL,98,9830,NULL,,Y,37.35895,37,21.537,NULL,-82.41866,82,25.12,NULL,N,NULL,NULL,NULL,NULL,NULL,NULL,NULL,NULL,9,4,2,1,1,5,2,2,7,3,Y,NULL,Y,Y,1145,1155,,N,NULL,38,7,0,N,,N,N,098-KY-0195-0,NULL,NULL,2019,O,7.24274E+11,098-KY-0195  -000,HIGH,098-KY-0195  -000,10.759,0,0,0,0,0,0,0,0,0,0,0,0,0
72451942,980100,2.019E+11,20191216,1139,,,THOMPSON,,RD,,,0,098 CS-1215,CS1215,Y,N,NULL,NULL,NULL,N,NULL,NULL,NULL,NULL,NULL,NULL,NULL,NULL,NULL,NULL,NULL,,NULL,1,0,2,2,N,N,15,NULL,98,9801,NULL,,Y,37.50763,37,30.458,NULL,-82.54291,82,32.574,NULL,N,NULL,NULL,NULL,NULL,NULL,NULL,NULL,NULL,5,97,2,6,1,5,6,2,1,3,Y,NULL,Y,Y,1140,1153,1216,N,NULL,90,,,N,,N,N,098-CS-1215-0,NULL,NULL,2019,C,7.24519E+11,098-CS-1215  -000,HIGH,098-CS-1215  -000,0.514,0,0,0,0,0,0,1,0,0,0,0,0,0
72446380,980100,2.019E+11,20191204,1330,,,JUSTICE WAY,,DR,,,0,098 CS-1216,CS1216,N,N,NULL,NULL,NULL,N,NULL,NULL,NULL,NULL,NULL,NULL,NULL,NULL,NULL,NULL,NULL,NULL,NULL,0,0,2,2,N,N,15,NULL,98,9801,NULL,,Y,37.50768,37,30.461,NULL,-82.54372,82,32.623,NULL,N,NULL,NULL,NULL,NULL,NULL,NULL,NULL,NULL,2,97,2,6,1,1,2,2,1,3,N,NULL,N,N,1330,1335,1330,N,NULL,56,,,N,,N,N,098-CS-1216-0,NULL,NULL,2019,O,7.24464E+11,098-CS-1216  -000,HIGH,098-CS-1216  -000,0.039,0,0,0,0,0,0,1,0,0,0,0,0,0
72422686,KSP0900,19-39508,20191007,1100,,,MALL,,RD,,,0,098 CR-1037,CR1037,N,Y,MALL,S,RD,N,NULL,NULL,NULL,NULL,NULL,NULL,0.158,NULL,NULL,NULL,NULL,,NULL,0,0,2,2,N,N,25,NULL,98,9834,NULL,,Y,37.65309,37,39.185,NULL,-82.27061,82,16.236,NULL,N,NULL,NULL,NULL,NULL,NULL,NULL,NULL,NULL,1,3,2,6,1,1,3,2,7,3,N,NULL,N,N,1105,1106,1105,N,NULL,10,,,N,,N,N,098-CR-1037-0,NULL,NULL,2019,O,7.24227E+11,098-CR-1037  -000,HIGH,098-CR-1037  -000,0.158,0,0,0,1,0,0,1,0,0,0,1,0,0
72392019,KSP0900,19-30089,20190806,1405,,,KY632,,,KY0632,KY0632,0,098 KY-632,KY0632,N,N,NULL,NULL,NULL,N,NULL,NULL,NULL,NULL,NULL,NULL,5.156,NULL,NULL,NULL,NULL,,NULL,0,0,1,1,N,N,55,NULL,98,9817,NULL,,Y,37.48562,37,29.137,NULL,-82.27042,82,16.225,NULL,N,NULL,NULL,NULL,NULL,NULL,NULL,NULL,NULL,9,3,2,3,1,5,3,2,7,3,N,NULL,Y,N,140,1410,1500,N,NULL,70,6,0,N,,N,N,098-KY-0632-0,NULL,NULL,2019,O,7.2392E+11,098-KY-0632  -000,HIGH,098-KY-0632  -000,5.156,0,0,0,0,0,0,0,0,0,0,0,1,0