MasterFile,AgencyORINumber,LocalCode,CollisionDate,CollisionTime,CollisionDayWeekCode,RoadwayName_HouseBusinessNumber_,RoadwayName_RoadwayName_,RoadwayName_Direction_,RoadwayName_RoadwaySuffix_,RoadwayfromReport,CurrentRoadwayNumber,RoadwayNumberCoupletID,RSEUniqueGIS,RoadwayIdentifier,ParkingLotIndicator,IntersectionWith_Indicator_,IntersectionWith_NameRoadway_,IntersectionWith_Direction_,IntersectionWith_RoadwaySuffix_,BetweenStreets_Indicator_,BetweenStreets1_NameRoadway_,BetweenStreet1_Direction_,BetweenStreets1_RoadwaySuffix_,BetweenStreets2_NameRoadway_,BetweenStreets2_Direction_,BetweenStreets2_RoadwaySuffix_,Milepoint,ReportMilepointDeriveNumber,CurrentDerivedMiepointNumber,MilestoMilepoint,FeettoMilepoint,DirectionfromMilepoint_NSEW_,ValidMilepointIndicator,NumberInjured,NumberKilled,ofUnits,ofMotorVehicleUnits,Hit&RunIndicator,OneWayIndicator,SpeedLimitNumber,KilometersIndicator,CountyCode,CityCountyCode,MilesFromCity,DirectionFromCity_NSEW_,InCityLimitsIndicator,Latitude,LatitudeDegrees,LatitudeMinutes,LatitudeSeconds,Longitude,LongitudeDegrees,LongitudeMinutes,LongitudeSeconds,RampIndicator,RampFromIdentifier,RampFromDirCode,RampFromCoupletID,RSEUniqueGISRampFrom,RampToidentifier,RampToDirCode,RampToCoupletID,RSEUniqueGisRampTo,MannerofCollisionCode,LocationFirstEventCode,TotalLanes,RoadwayCharacterCode,RoadwaySurfaceCode,RoadwayConditionCode,WeatherCode,LightConditionCode,LandUseCode,SchoolBusRelatedCode,FirstAidSceneIndicator,CollDescPresentInd,InvestigationCompleteIndicator,PhotosTakenIndicator,TimeNotified,TimeArrived,TimeRoadwayOpened,PropertyDamageIndicator,DiagramPresentIndicator,DirectionalAnalysis,FunctionClassCode,NationalHwySysCode,EnforcementsIndicator,KARSCityCode,SecondaryCollisionIndicator,MedianCrossoverIndicator,RT_UNIQUE,MapIt,TimeLastLeft,YR,KABCO,MFNY,WorkingRID,RT_CONFIDENCE,KTC_RT,KTC_MP,Motorcyclist,CommercialVehicle,YoungDriver,MatureDriver,pedestrian,Bicyclist,Distracted,agressive,Impaired,Unrestrained,Intersection,RoadwayDeparture,MedXover
72401158,KSP0900,19-33912,20190831,1550,,302,ISLAND CREEK,,RD,KY1426,KY1426,0,098 KY-1426,KY1426,Y,N,NULL,NULL,NULL,N,NULL,NULL,NULL,NULL,NULL,NULL,1.653,NULL,NULL,NULL,NULL,,NULL,0,0,2,2,Y,N,35,NULL,98,9801,NULL,,Y,37.45995,37,27.597,NULL,-82.56538,82,33.923,NULL,N,NULL,NULL,NULL,NULL,NULL,NULL,NULL,NULL,1,7,2,6,3,8,2,2,6,3,N,NULL,N,Y,1550,1619,,N,NULL,90,8,0,N,,N,N,098-KY-1426-0,NULL,NULL,2019,NULL,7.24012E+11,098-KY-1426  -000,HIGH,098-KY-1426  -000,1.653,0,0,0,0,0,0,0,0,0,0,0,0,0
72447828,KSP0900,19-47879,20191207,1243,,2491,ROBINSON CREEK,,RD,KY0122,KY0122,0,098 KY-122,KY0122,N,N,NULL,NULL,NULL,N,NULL,NULL,NULL,NULL,NULL,NULL,5.568,NULL,NULL,NULL,NULL,,NULL,0,0,1,1,Y,N,55,NULL,98,9824,NULL,,Y,37.35495,37,21.297,NULL,-82.59156,82,35.494,NULL,N,NULL,NULL,NULL,NULL,NULL,NULL,NULL,NULL,9,5,2,3,1,1,2,2,7,3,N,NULL,Y,N,1243,1400,1400,Y,NULL,40,,0,N,,N,N,098-KY-0122-0,NULL,NULL,2019,NULL,7.24478E+11,098-KY-0122  -000,HIGH,098-KY-0122  -000,5.568,0,0,0,0,0,0,0,0,0,0,0,1,0
72403418,980100,2.019E+11,20190905,1214,,,TRIVETTE,,DR,,,,,,Y,N,NULL,NULL,NULL,N,NULL,NULL,NULL,NULL,NULL,NULL,0.019,NULL,NULL,NULL,NULL,,NULL,0,0,2,2,N,N,NULL,NULL,98,9801,NULL,,Y,37.48225,37,28.935,NULL,-82.51524,82,30.914,NULL,N,NULL,NULL,NULL,NULL,NULL,NULL,NULL,NULL,2,97,2,6,1,1,2,2,1,3,N,NULL,Y,N,1216,1220,,N,NULL,90,,,N,,N,N,,NULL,NULL,2019,O,7.24034E+11,098-CS-1114  -000,HIGH,098-CS-1114  -000,0.019,0,0,1,0,0,0,1,0,0,0,0,0,0
72386157,KSP0900,19-27750,20190721,1510,,,US23,,,US0023,US0023,0,098 US-23-10,US0023,N,N,NULL,NULL,NULL,N,NULL,NULL,NULL,NULL,NULL,NULL,28.06,NULL,NULL,NULL,NULL,,NULL,2,1,2,2,N,N,55,NULL,98,9807,NULL,,Y,37.51521,37,30.913,NULL,-82.55941,82,33.565,NULL,N,NULL,NULL,NULL,NULL,NULL,NULL,NULL,NULL,4,3,6,6,1,1,2,2,7,3,Y,NULL,N,Y,1511,1516,1013,N,NULL,70,,1,N,,N,N,098-US-0023-10,NULL,NULL,2019,K,7.23862E+11,098-US-0023  -010,HIGH,098-US-0023  -000,28.06,0,0,0,1,0,0,0,1,0,0,0,1,0
72394187,980500,2019AR058,20190815,1305,,,US23,,,US0023,US0023,0,098 US-23-10,US0023,Y,N,NULL,NULL,NULL,N,NULL,NULL,NULL,NULL,NULL,NULL,NULL,NULL,NULL,NULL,NULL,NULL,NULL,0,0,2,2,N,N,15,NULL,98,9807,NULL,,Y,37.5239,37,31.434,NULL,-82.57247,82,34.349,NULL,N,NULL,NULL,NULL,NULL,NULL,NULL,NULL,NULL,8,97,2,5,1,1,2,2,1,3,N,NULL,Y,Y,1308,1313,1313,N,NULL,90,,1,N,,N,N,098-US-0023-10,NULL,NULL,2019,O,7.23942E+11,098-US-0023  -010,HIGH,098-US-0023  -000,29.019,0,0,0,1,0,0,1,0,0,0,0,0,0
72426772,980100,2.019E+11,20191025,2312,,,PIKE,,ST,,,,,,N,N,NULL,NULL,NULL,N,NULL,NULL,NULL,NULL,NULL,NULL,0.024,NULL,NULL,NULL,NULL,,NULL,0,0,2,2,N,N,15,NULL,98,9801,NULL,,Y,37.47995,37,28.797,NULL,-82.51594,82,30.956,NULL,N,NULL,NULL,NULL,NULL,NULL,NULL,NULL,NULL,3,3,2,1,1,5,2,5,1,3,N,NULL,Y,N,2312,2318,,N,NULL,52,,,N,,N,N,,NULL,NULL,2019,O,7.24268E+11,098-CS-1113  -000,HIGH,098-CS-1113  -000,0.024,0,0,1,0,0,0,0,0,0,0,0,1,0
72414942,980100,2.019E+11,20190928,920,,,US23,,,US0023,US0023,,,,N,N,NULL,NULL,NULL,N,NULL,NULL,NULL,NULL,NULL,NULL,21.483,NULL,NULL,NULL,NULL,,NULL,0,0,2,2,N,N,55,NULL,98,9801,NULL,,Y,37.45161,37,27.097,NULL,-82.52359,82,31.415,NULL,N,NULL,NULL,NULL,NULL,NULL,NULL,NULL,NULL,5,3,4,6,1,1,2,2,7,3,Y,NULL,Y,N,920,924,1001,N,NULL,49,,1,Y,,N,N,,NULL,NULL,2019,O,7.24149E+11,098-US-0023  -010,MEDIUM,098-US-0023  -000,21.483,0,0,0,0,0,0,1,0,0,1,0,0,0
72460625,KSP0900,20-841,20200107,830,,,KY194,,,KY0194,KY0194,0,098 KY-194,KY0194,N,N,NULL,NULL,NULL,N,NULL,NULL,NULL,NULL,NULL,NULL,56.125,NULL,NULL,NULL,NULL,,NULL,0,0,2,2,N,N,35,NULL,98,9804,NULL,,Y,37.52429,37,31.458,NULL,-82.15943,82,9.566,NULL,N,NULL,NULL,NULL,NULL,NULL,NULL,NULL,NULL,5,3,2,6,1,4,1,2,7,3,N,NULL,Y,N,830,930,930,N,NULL,49,7,0,N,,N,N,098-KY-0194-0,NULL,NULL,2020,O,7.24606E+11,098-KY-0194  -000,HIGH,098-KY-0194  -000,56.125,0,0,0,0,0,0,0,1,0,0,0,0,0
72448993,370200,2019-48314,20191210,1429,,,US23,,,US0023,US0023,0,098 US-23-10,US0023,N,N,NULL,NULL,NULL,N,NULL,NULL,NULL,NULL,NULL,NULL,29.468,NULL,NULL,NULL,NULL,,NULL,0,0,2,2,N,N,45,NULL,98,9807,NULL,,Y,37.52975,37,31.785,NULL,-82.57605,82,34.563,NULL,N,NULL,NULL,NULL,NULL,NULL,NULL,NULL,NULL,5,3,6,6,1,5,6,2,7,3,N,NULL,Y,N,1429,1429,1429,N,NULL,70,,1,N,,N,N,098-US-0023-10,NULL,NULL,2019,O,7.2449E+11,098-US-0023  -010,HIGH,098-US-0023  -000,29.468,0,0,0,0,0,0,0,0,0,0,0,0,0
72452709,980100,2.019E+11,20191217,1033,,,US23,,,US0023,US0023,0,098 US-23,US0023,N,N,NULL,NULL,NULL,N,NULL,NULL,NULL,NULL,NULL,NULL,27.336,NULL,NULL,NULL,NULL,,NULL,1,0,2,2,N,N,55,NULL,98,9801,NULL,,Y,37.51069,37,30.641,NULL,-82.54808,82,32.885,NULL,N,NULL,NULL,NULL,NULL,NULL,NULL,NULL,NULL,1,3,4,6,1,5,6,2,1,3,Y,NULL,Y,Y,1033,1040,1150,N,NULL,55,,1,N,,N,N,098-US-0023-0,NULL,NULL,2019,C,7.24527E+11,098-US-0023  -000,HIGH,098-US-0023  -000,27.336,0,0,0,0,0,0,0,1,0,0,0,0,0
72439377,980100,2.019E+11,20191120,1129,,,US119,,,US0119,US0119,0,098 US-119,US0119,N,N,NULL,NULL,NULL,N,NULL,NULL,NULL,NULL,NULL,NULL,0.036,NULL,NULL,NULL,NULL,,NULL,0,0,2,2,N,N,55,NULL,98,9801,NULL,,Y,37.50393,37,30.236,NULL,-82.53138,82,31.883,NULL,N,NULL,NULL,NULL,NULL,NULL,NULL,NULL,NULL,5,3,2,6,1,1,2,2,7,3,N,NULL,Y,N,1131,1137,1139,N,NULL,49,2,1,N,,N,N,098-US-0119-0,NULL,NULL,2019,O,7.24394E+11,098-US-0119  -000,HIGH,098-US-0119  -000,0.036,0,0,0,0,0,0,0,0,0,0,0,0,0
72449599,980100,2.019E+11,20191211,1751,,,US23,,,US0023,US0023,,,,N,N,NULL,NULL,NULL,N,NULL,NULL,NULL,NULL,NULL,NULL,27.562,NULL,NULL,NULL,NULL,,NULL,0,0,2,2,N,N,45,NULL,98,9807,NULL,,Y,37.51159,37,30.695,NULL,-82.55219,82,33.132,NULL,N,NULL,NULL,NULL,NULL,NULL,NULL,NULL,NULL,5,3,6,6,1,5,2,6,1,3,N,NULL,Y,N,1751,1759,1833,N,NULL,49,,1,N,,N,N,,NULL,NULL,2019,O,7.24496E+11,098-US-0023  -000,MEDIUM,098-US-0023  -000,27.562,0,0,0,0,0,0,1,0,0,0,0,0,0
72447449,980100,2.019E+11,20191203,1546,,,KY3496,,,KY3496,KY3496,,,,Y,N,NULL,NULL,NULL,N,NULL,NULL,NULL,NULL,NULL,NULL,0.154,NULL,NULL,NULL,NULL,,NULL,0,0,2,2,N,N,15,NULL,98,9801,NULL,,Y,37.46624,37,27.975,NULL,-82.53044,82,31.826,NULL,N,NULL,NULL,NULL,NULL,NULL,NULL,NULL,NULL,2,97,2,6,1,5,3,2,1,3,N,NULL,Y,N,1547,1552,,N,NULL,90,16,0,N,,N,N,,NULL,NULL,2019,O,7.24474E+11,098-KY-3496  -000,HIGH,098-KY-3496  -000,0.154,0,0,0,0,0,0,1,0,0,0,0,0,0
72457316,980000,19-12-004,20191206,1035,,,OWSLEY,,RD,KY1384,KY1384,0,098 KY-1384,KY1384,N,N,NULL,NULL,NULL,N,NULL,NULL,NULL,NULL,NULL,NULL,0.211,NULL,NULL,NULL,NULL,,NULL,0,0,2,2,Y,N,35,NULL,98,9858,NULL,,Y,37.5299,37,31.794,NULL,-82.6164,82,36.984,NULL,N,NULL,NULL,NULL,NULL,NULL,NULL,NULL,NULL,1,3,2,1,1,5,6,2,7,3,N,NULL,Y,Y,1035,1115,1115,N,NULL,55,,0,Y,,N,N,098-KY-1384-0,NULL,NULL,2019,O,7.24573E+11,098-KY-1384  -000,HIGH,098-KY-1384  -000,0.211,0,0,0,0,0,0,0,1,1,1,0,0,0
72444625,980100,2.019E+11,20191128,1327,,,US23,,,US0023,US0023,,,,N,N,NULL,NULL,NULL,N,NULL,NULL,NULL,NULL,NULL,NULL,21.926,NULL,NULL,NULL,NULL,,NULL,0,0,2,2,Y,N,55,NULL,98,9801,NULL,,Y,37.45655,37,27.393,NULL,-82.5187,82,31.122,NULL,N,NULL,NULL,NULL,NULL,NULL,NULL,NULL,NULL,8,3,4,6,1,1,2,2,7,3,N,NULL,Y,N,1327,1334,1334,N,NULL,53,,1,N,,N,N,,NULL,NULL,2019,O,7.24446E+11,098-US-0023  -000,MEDIUM,098-US-0023  -000,21.926,0,0,0,0,0,0,1,0,0,0,0,1,0
72399978,KSP0900,19-32407,20190821,300,,,FERRELLS CREEK,,RD,US0460,US0460,0,098 US-460,US0460,Y,N,NULL,NULL,NULL,N,NULL,NULL,NULL,NULL,NULL,NULL,17.974,NULL,NULL,NULL,NULL,,NULL,0,0,2,2,N,N,35,NULL,98,9876,NULL,,Y,37.36488,37,21.893,NULL,-82.31902,82,19.141,NULL,N,NULL,NULL,NULL,NULL,NULL,NULL,NULL,NULL,2,97,1,4,1,1,2,2,8,3,N,NULL,Y,N,1505,1540,,N,NULL,90,,1,N,,N,N,098-US-0460-0,NULL,NULL,2019,O,7.24E+11,098-US-0460  -000,HIGH,098-US-0460  -000,17.974,0,0,1,0,0,0,1,0,0,0,0,0,0
72425561,980100,2.019E+11,20191022,756,,,KY1460,,,KY1460,KY1460,0,098 KY-1460,KY1460,N,N,NULL,NULL,NULL,N,NULL,NULL,NULL,NULL,NULL,NULL,6.749,NULL,NULL,NULL,NULL,,NULL,1,0,1,1,N,N,45,NULL,98,9801,NULL,,Y,37.48375,37,29.025,NULL,-82.54026,82,32.416,NULL,N,NULL,NULL,NULL,NULL,NULL,NULL,NULL,NULL,9,97,2,6,1,5,6,1,1,3,Y,NULL,Y,Y,757,759,908,N,NULL,44,16,0,N,,N,N,098-KY-1460-0,NULL,NULL,2019,C,7.24256E+11,098-KY-1460  -000,HIGH,098-KY-1460  -000,6.749,0,0,1,0,0,0,0,0,0,0,0,1,0
72424598,980500,2019AR066,20191022,1529,,,US23,,,US0023,US0023,0,098 US-23-10,US0023,Y,N,NULL,NULL,NULL,N,NULL,NULL,NULL,NULL,NULL,NULL,NULL,NULL,NULL,NULL,NULL,NULL,NULL,0,0,2,2,N,N,15,NULL,98,9807,NULL,,Y,37.5235,37,31.41,NULL,-82.57319,82,34.391,NULL,N,NULL,NULL,NULL,NULL,NULL,NULL,NULL,NULL,2,97,2,6,1,1,2,2,1,3,N,NULL,Y,Y,1530,1533,1537,N,NULL,90,,1,N,,N,N,098-US-0023-10,NULL,NULL,2019,O,7.24246E+11,098-US-0023  -010,HIGH,098-US-0023  -000,29.016,0,0,0,1,0,0,1,0,0,0,0,0,0
72396848,980100,2.019E+11,20190820,1612,,,CEDAR HILLS,,RD,KY1426,KY1426,0,098 KY-1426,KY1426,N,N,NULL,NULL,NULL,N,NULL,NULL,NULL,NULL,NULL,NULL,4.455,NULL,NULL,NULL,NULL,,NULL,1,0,1,1,N,N,35,NULL,98,9801,NULL,,Y,37.46119,37,27.671,NULL,-82.52967,82,31.78,NULL,N,NULL,NULL,NULL,NULL,NULL,NULL,NULL,NULL,9,3,2,6,1,5,3,2,7,3,Y,NULL,Y,Y,1612,1617,1633,N,NULL,40,,0,N,,N,N,098-KY-1426-0,NULL,NULL,2019,C,7.23968E+11,098-KY-1426  -000,HIGH,098-KY-1426  -000,4.455,0,0,0,0,0,0,0,0,0,0,0,1,0
72457305,KSP0900,19-50643,20191228,312,,,CHLOE,,RD,KY1460,KY1460,0,098 KY-1460,KY1460,N,N,NULL,NULL,NULL,N,NULL,NULL,NULL,NULL,NULL,NULL,1.146,NULL,NULL,NULL,NULL,,NULL,1,0,1,1,N,N,45,NULL,98,9801,NULL,,Y,37.44711,37,26.827,NULL,-82.47984,82,28.79,NULL,N,NULL,NULL,NULL,NULL,NULL,NULL,NULL,NULL,9,97,2,6,1,5,6,6,7,3,N,NULL,Y,Y,314,328,411,N,NULL,70,,0,N,,N,N,098-KY-1460-0,NULL,NULL,2019,C,7.24573E+11,098-KY-1460  -000,HIGH,098-KY-1460  -000,1.146,0,0,0,0,0,0,1,0,0,0,0,1,0
72386771,KSP0900,19-27903,20190718,1428,,,US119,,,US0119,US0119,0,098 US-119,US0119,N,N,NULL,NULL,NULL,N,NULL,NULL,NULL,NULL,NULL,NULL,11.704,NULL,NULL,NULL,NULL,,NULL,0,0,2,2,N,N,55,NULL,98,9820,NULL,,Y,37.59307,37,35.585,NULL,-82.37876,82,22.726,NULL,N,NULL,NULL,NULL,NULL,NULL,NULL,NULL,NULL,8,3,2,6,1,6,6,2,7,3,N,NULL,Y,N,1428,1435,1530,N,NULL,53,2,1,N,,N,N,098-US-0119-0,NULL,NULL,2019,O,7.23868E+11,098-US-0119  -000,HIGH,098-US-0119  -000,11.704,0,0,0,1,0,0,1,1,0,0,0,1,0
72386899,KSP0900,19-28376,20190725,1716,,,US119,,,US0119,US0119,0,098 US-119,US0119,N,N,NULL,NULL,NULL,N,NULL,NULL,NULL,NULL,NULL,NULL,4.688,NULL,NULL,NULL,NULL,,NULL,0,0,1,1,N,N,55,NULL,98,9820,NULL,,Y,37.52217,37,31.33,NULL,-82.4566,82,27.396,NULL,N,NULL,NULL,NULL,NULL,NULL,NULL,NULL,NULL,9,3,2,6,1,1,2,2,7,3,N,NULL,Y,N,1716,1730,1730,N,NULL,38,2,1,N,,N,N,098-US-0119-0,NULL,NULL,2019,O,7.23869E+11,098-US-0119  -000,HIGH,098-US-0119  -000,4.688,0,0,1,0,0,0,0,0,0,0,0,0,0
72388714,KSP0900,19-28896,20190729,1412,,,KY632,,,KY0632,KY0632,0,098 KY-632,KY0632,N,N,NULL,NULL,NULL,N,NULL,NULL,NULL,NULL,NULL,NULL,8.696,NULL,NULL,NULL,NULL,,NULL,0,0,1,1,N,N,55,NULL,98,9804,NULL,,Y,37.48446,37,29.068,NULL,-82.21772,82,13.063,NULL,N,NULL,NULL,NULL,NULL,NULL,NULL,NULL,NULL,9,6,2,3,1,1,3,2,7,3,N,NULL,Y,Y,1417,1452,1452,N,NULL,44,6,0,N,,N,N,098-KY-0632-0,NULL,NULL,2019,O,7.23887E+11,098-KY-0632  -000,HIGH,098-KY-0632  -000,8.696,0,0,0,0,0,0,1,0,0,0,0,1,0
72392154,KSP0900,19-30754,20190810,1652,,,KY194,,,KY0194,KY0194,0,098 KY-194,KY0194,N,N,NULL,NULL,NULL,N,NULL,NULL,NULL,NULL,NULL,NULL,17.988,NULL,NULL,NULL,NULL,,NULL,1,0,1,1,N,N,45,NULL,98,9817,NULL,,Y,37.55813,37,33.488,NULL,-82.42913,82,25.748,NULL,N,NULL,NULL,NULL,NULL,NULL,NULL,NULL,NULL,9,3,3,3,1,1,2,2,7,3,Y,NULL,Y,Y,1652,1704,1704,N,NULL,44,6,5,N,,N,N,098-KY-0194-0,NULL,NULL,2019,B,7.23922E+11,098-KY-0194  -000,HIGH,098-KY-0194  -000,17.988,1,0,0,0,0,0,0,0,1,0,0,1,0
72385507,980100,2.019E+11,20190728,2048,,,CASSIDY,,BLVD,,,0,098 CS-1191,CS1191,N,N,NULL,NULL,NULL,N,NULL,NULL,NULL,NULL,NULL,NULL,0.315,NULL,NULL,NULL,NULL,,NULL,0,0,2,2,N,N,25,NULL,98,9801,NULL,,Y,37.50522,37,30.313,NULL,-82.53714,82,32.229,NULL,N,NULL,NULL,NULL,NULL,NULL,NULL,NULL,NULL,5,3,3,6,1,1,2,3,1,3,N,NULL,Y,N,2048,2054,2048,N,NULL,70,,,N,,N,N,098-CS-1191-0,NULL,NULL,2019,O,7.23855E+11,098-CS-1191  -000,HIGH,098-CS-1191  -000,0.315,0,0,0,0,0,0,1,0,0,0,0,0,0
72461231,KSP0900,20-987,20200108,620,,,KY1499,,,KY1499,KY1499,0,098 KY-1499,KY1499,N,N,NULL,NULL,NULL,N,NULL,NULL,NULL,NULL,NULL,NULL,4.852,NULL,NULL,NULL,NULL,,NULL,0,0,1,1,N,N,55,NULL,98,9870,NULL,,Y,37.42021,37,25.213,NULL,-82.2686,82,16.116,NULL,N,NULL,NULL,NULL,NULL,NULL,NULL,NULL,NULL,9,5,2,3,1,2,2,6,7,3,N,NULL,Y,N,623,700,,N,NULL,44,7,0,N,,N,N,098-KY-1499-0,NULL,NULL,2020,O,7.24612E+11,098-KY-1499  -000,HIGH,098-KY-1499  -000,4.852,0,0,0,0,0,0,0,0,0,0,0,1,0
72461101,980100,2.02E+11,20200108,1917,,,MAYO,S,TRL,US0023,US0023,,,,N,N,NULL,NULL,NULL,N,NULL,NULL,NULL,NULL,NULL,NULL,20.973,NULL,NULL,NULL,NULL,,NULL,0,0,1,1,N,N,55,NULL,98,9801,NULL,,Y,37.4446,37,26.676,NULL,-82.52547,82,31.528,NULL,N,NULL,NULL,NULL,NULL,NULL,NULL,NULL,NULL,9,3,4,6,1,1,2,6,1,3,N,NULL,Y,N,1917,1935,1935,N,NULL,70,,1,N,,N,N,,NULL,NULL,2020,O,7.24611E+11,098-US-0023  -010,MEDIUM,098-US-0023  -000,20.973,0,0,0,0,0,0,0,0,0,0,0,0,0
72418279,980100,2.019E+11,20191007,731,,,US23,S,,,,,,,N,N,NULL,NULL,NULL,N,NULL,NULL,NULL,NULL,NULL,NULL,NULL,NULL,NULL,NULL,NULL,NULL,NULL,3,0,2,2,N,N,55,NULL,98,9801,NULL,,Y,37.53677,37,32.206,NULL,-82.60106,82,36.063,NULL,N,NULL,NULL,NULL,NULL,NULL,NULL,NULL,NULL,1,3,4,6,1,5,3,1,1,3,Y,NULL,Y,Y,732,741,827,N,NULL,55,,,N,,N,N,,NULL,NULL,2019,A,7.24183E+11,098-US-0023  -010,MEDIUM,098-US-0023  -000,31.568,0,0,0,0,0,0,0,1,0,0,0,0,0
72380278,KSP0900,19-27062,20190716,1445,,,US460,,,US0460,US0460,0,098 US-460,US0460,N,N,NULL,NULL,NULL,N,NULL,NULL,NULL,NULL,NULL,NULL,1.406,NULL,NULL,NULL,NULL,,NULL,0,0,2,2,N,N,35,NULL,98,9824,NULL,,Y,37.42688,37,25.613,NULL,-82.49971,82,29.983,NULL,N,NULL,NULL,NULL,NULL,NULL,NULL,NULL,NULL,6,3,2,6,1,1,2,2,7,3,N,NULL,N,N,1450,1455,,N,NULL,70,,1,N,,N,N,098-US-0460-0,NULL,NULL,2019,O,7.23803E+11,098-US-0460  -000,HIGH,098-US-0460  -000,1.406,0,0,0,0,0,0,1,0,0,0,0,0,0
72453767,KSP0900,19-49258,20191217,2250,,,LITTLE ROBINSON CREEK,,RD,KY3415,KY3415,0,098 KY-3415,KY3415,N,N,NULL,NULL,NULL,N,NULL,NULL,NULL,NULL,NULL,NULL,1.869,NULL,NULL,NULL,NULL,,NULL,0,0,1,1,N,N,45,NULL,98,9801,NULL,,Y,37.36902,37,22.141,NULL,-82.61406,82,36.844,NULL,N,NULL,NULL,NULL,NULL,NULL,NULL,NULL,NULL,9,3,1,3,1,2,3,6,7,3,N,NULL,Y,N,2250,2320,0,N,NULL,70,9,0,N,,N,N,098-KY-3415-0,NULL,NULL,2019,O,7.24538E+11,098-KY-3415  -000,HIGH,098-KY-3415  -000,1.869,0,0,0,0,0,0,0,0,0,0,0,1,0
72458654,KSP0900,19-50175,20191225,1100,,,ROAD,,FRK,,,0,098 CR-1377Q4,CR1377Q4,N,N,NULL,NULL,NULL,N,NULL,NULL,NULL,NULL,NULL,NULL,0.525,NULL,NULL,NULL,NULL,,NULL,0,0,1,1,N,N,35,NULL,98,9833,NULL,,Y,37.59375,37,35.625,NULL,-82.37164,82,22.298,NULL,N,NULL,NULL,NULL,NULL,NULL,NULL,NULL,NULL,9,6,2,3,1,1,3,2,7,3,N,NULL,Y,N,1100,1200,1300,N,NULL,44,,,Y,,N,N,098-CR-1377Q4-0,NULL,NULL,2019,O,7.24587E+11,098-CR-1377Q4-000,HIGH,098-CR-1377Q4-000,0.525,0,0,0,0,0,0,1,0,0,0,0,1,0
72437665,KSP0900,19-45133,20191116,2253,,,KY292,,,KY0292,KY0292,0,098 KY-292,KY0292,N,N,NULL,NULL,NULL,N,NULL,NULL,NULL,NULL,NULL,NULL,3.68,NULL,NULL,NULL,NULL,,NULL,1,0,1,1,N,N,45,NULL,98,9869,NULL,,Y,37.65694,37,39.416,NULL,-82.25102,82,15.061,NULL,N,NULL,NULL,NULL,NULL,NULL,NULL,NULL,NULL,9,3,2,6,1,2,2,6,7,3,N,NULL,Y,Y,2253,2303,2334,N,NULL,40,8,0,N,,N,N,098-KY-0292-0,NULL,NULL,2019,C,7.24377E+11,098-KY-0292  -000,HIGH,098-KY-0292  -000,3.68,0,0,1,0,0,0,0,0,0,0,0,1,0
72457295,KSP0900,19-50708,20191229,1715,,,KY632,,,KY0632,KY0632,,,,N,N,NULL,NULL,NULL,N,NULL,NULL,NULL,NULL,NULL,NULL,0.246,NULL,NULL,NULL,NULL,,NULL,0,0,2,2,Y,N,45,NULL,98,9817,NULL,,Y,37.49878,37,29.927,NULL,-82.34534,82,20.721,NULL,N,NULL,NULL,NULL,NULL,NULL,NULL,NULL,NULL,7,3,2,3,1,5,3,3,7,3,N,NULL,N,N,1715,1810,1810,N,NULL,54,6,0,N,,N,N,,NULL,NULL,2019,O,7.24573E+11,098-KY-0632  -000,HIGH,098-KY-0632  -000,0.246,0,0,0,0,0,0,0,0,0,0,0,1,0
72387012,980200,980200,20190726,2049,,,BALLPARK,,RD,,,0,098 CS-2028,CS2028,N,N,NULL,NULL,NULL,N,NULL,NULL,NULL,NULL,NULL,NULL,0.093,NULL,NULL,NULL,NULL,,NULL,0,0,1,1,N,N,15,NULL,98,9802,NULL,,Y,37.29919,37,17.952,NULL,-82.35364,82,21.218,NULL,N,NULL,NULL,NULL,NULL,NULL,NULL,NULL,NULL,9,5,1,6,1,1,2,6,6,3,N,NULL,Y,Y,2032,2033,2033,N,NULL,40,,,N,,N,N,098-CS-2028-0,NULL,NULL,2019,O,7.2387E+11,098-CS-2028  -000,HIGH,098-CS-2028  -000,0.093,0,0,0,0,0,0,0,0,0,0,0,1,0
72407978,KSP0900,19-36107,20190915,1317,,28970,US119,,,US0119,US0119,0,098 US-119,US0119,Y,N,NULL,NULL,NULL,N,NULL,NULL,NULL,NULL,NULL,NULL,25.235,NULL,NULL,NULL,NULL,,NULL,0,0,2,2,N,N,55,NULL,98,9834,NULL,,Y,37.67102,37,40.261,NULL,-82.27969,82,16.781,NULL,N,NULL,NULL,NULL,NULL,NULL,NULL,NULL,NULL,2,97,0,6,1,1,2,2,1,3,N,NULL,N,N,1317,1356,1356,N,NULL,90,2,1,N,,N,N,098-US-0119-0,NULL,NULL,2019,O,7.2408E+11,098-US-0119  -000,HIGH,098-US-0119  -000,25.235,0,0,0,1,0,0,1,0,0,0,0,0,0
72460369,980100,2.02E+11,20200107,650,,,US119,,,US0119,US0119,0,098 US-119-10,US0119,N,N,NULL,NULL,NULL,N,NULL,NULL,NULL,NULL,NULL,NULL,2.09,NULL,NULL,NULL,NULL,,NULL,0,0,1,1,N,N,55,NULL,98,9801,NULL,,Y,37.51241,37,30.744,NULL,-82.49773,82,29.864,NULL,N,NULL,NULL,NULL,NULL,NULL,NULL,NULL,NULL,9,5,4,2,1,4,9,4,7,3,N,NULL,Y,N,655,706,655,N,NULL,44,2,1,N,,N,N,098-US-0119-10,NULL,NULL,2020,O,7.24604E+11,098-US-0119  -010,HIGH,098-US-0119  -000,2.09,0,0,0,0,0,0,0,0,0,0,0,1,0