MasterFile,AgencyORINumber,LocalCode,CollisionDate,CollisionTime,CollisionDayWeekCode,RoadwayName_HouseBusinessNumber_,RoadwayName_RoadwayName_,RoadwayName_Direction_,RoadwayName_RoadwaySuffix_,RoadwayfromReport,CurrentRoadwayNumber,RoadwayNumberCoupletID,RSEUniqueGIS,RoadwayIdentifier,ParkingLotIndicator,IntersectionWith_Indicator_,IntersectionWith_NameRoadway_,IntersectionWith_Direction_,IntersectionWith_RoadwaySuffix_,BetweenStreets_Indicator_,BetweenStreets1_NameRoadway_,BetweenStreet1_Direction_,BetweenStreets1_RoadwaySuffix_,BetweenStreets2_NameRoadway_,BetweenStreets2_Direction_,BetweenStreets2_RoadwaySuffix_,Milepoint,ReportMilepointDeriveNumber,CurrentDerivedMiepointNumber,MilestoMilepoint,FeettoMilepoint,DirectionfromMilepoint_NSEW_,ValidMilepointIndicator,NumberInjured,NumberKilled,ofUnits,ofMotorVehicleUnits,Hit&RunIndicator,OneWayIndicator,SpeedLimitNumber,KilometersIndicator,CountyCode,CityCountyCode,MilesFromCity,DirectionFromCity_NSEW_,InCityLimitsIndicator,Latitude,LatitudeDegrees,LatitudeMinutes,LatitudeSeconds,Longitude,LongitudeDegrees,LongitudeMinutes,LongitudeSeconds,RampIndicator,RampFromIdentifier,RampFromDirCode,RampFromCoupletID,RSEUniqueGISRampFrom,RampToidentifier,RampToDirCode,RampToCoupletID,RSEUniqueGisRampTo,MannerofCollisionCode,LocationFirstEventCode,TotalLanes,RoadwayCharacterCode,RoadwaySurfaceCode,RoadwayConditionCode,WeatherCode,LightConditionCode,LandUseCode,SchoolBusRelatedCode,FirstAidSceneIndicator,CollDescPresentInd,InvestigationCompleteIndicator,PhotosTakenIndicator,TimeNotified,TimeArrived,TimeRoadwayOpened,PropertyDamageIndicator,DiagramPresentIndicator,DirectionalAnalysis,FunctionClassCode,NationalHwySysCode,EnforcementsIndicator,KARSCityCode,SecondaryCollisionIndicator,MedianCrossoverIndicator,RT_UNIQUE,MapIt,TimeLastLeft,YR,KABCO,MFNY,WorkingRID,RT_CONFIDENCE,KTC_RT,KTC_MP,Motorcyclist,CommercialVehicle,YoungDriver,MatureDriver,pedestrian,Bicyclist,Distracted,agressive,Impaired,Unrestrained,Intersection,RoadwayDeparture,MedXover
72461135,KSP0900,20-1060,20200108,1612,,,US119,,,US0119,US0119,,,,N,N,NULL,NULL,NULL,N,NULL,NULL,NULL,NULL,NULL,NULL,23.861,NULL,NULL,NULL,NULL,,NULL,0,0,2,2,N,N,40,NULL,98,9834,NULL,,Y,37.65385,37,39.231,NULL,-82.26895,82,16.137,NULL,N,NULL,NULL,NULL,NULL,NULL,NULL,NULL,NULL,5,3,5,6,1,1,2,2,7,3,N,NULL,N,N,1612,1618,1618,N,NULL,49,2,1,N,,N,N,,NULL,NULL,2020,O,7.24611E+11,098-US-0119  -000,MEDIUM,098-US-0119  -000,23.861,0,0,0,0,0,0,0,0,0,0,0,0,0
72448725,KSP0900,19-00048197,20191209,1917,,,MCCOY,,BR,,,0,098 CR-1056,CR1056,N,N,NULL,NULL,NULL,N,NULL,NULL,NULL,NULL,NULL,NULL,0.103,NULL,NULL,NULL,NULL,,NULL,3,0,1,1,N,N,35,NULL,98,9869,NULL,,Y,37.63082,37,37.849,NULL,-82.22286,82,13.372,NULL,N,NULL,NULL,NULL,NULL,NULL,NULL,NULL,NULL,9,3,2,4,1,5,3,7,7,3,N,NULL,Y,Y,1917,1925,2011,N,NULL,38,,,N,,N,N,098-CR-1056-0,NULL,NULL,2019,C,7.24487E+11,098-CR-1056  -000,HIGH,098-CR-1056  -000,0.103,0,0,0,0,0,0,0,0,0,0,0,1,0
72437224,980100,2.019E+11,20191114,1204,,,US23,,,US0023,US0023,0,098 US-23-10,US0023,N,N,NULL,NULL,NULL,N,NULL,NULL,NULL,NULL,NULL,NULL,29.591,NULL,NULL,NULL,NULL,,NULL,2,0,2,2,N,N,55,NULL,98,9807,NULL,,Y,37.53138,37,31.883,NULL,-82.57702,82,34.621,NULL,N,NULL,NULL,NULL,NULL,NULL,NULL,NULL,NULL,1,3,6,6,1,1,2,2,7,3,Y,NULL,Y,Y,1204,1213,1244,N,NULL,55,,1,N,,N,N,098-US-0023-10,NULL,NULL,2019,C,7.24372E+11,098-US-0023  -010,HIGH,098-US-0023  -000,29.591,0,0,1,0,0,0,1,1,0,0,0,0,0
72424871,980100,2.019E+11,20191022,1358,,911,BYPASS,S,RD,KY1426,KY1426,0,098 KY-1426,KY1426,Y,N,NULL,NULL,NULL,N,NULL,NULL,NULL,NULL,NULL,NULL,5.689,NULL,NULL,NULL,NULL,,NULL,0,0,1,1,N,N,15,NULL,98,9801,NULL,,Y,37.47268,37,28.36,NULL,-82.5228,82,31.368,NULL,N,NULL,NULL,NULL,NULL,NULL,NULL,NULL,NULL,9,97,2,4,2,1,2,2,1,3,N,NULL,Y,N,1358,1358,,Y,NULL,90,,0,N,,N,N,098-KY-1426-0,NULL,NULL,2019,NULL,7.24249E+11,098-KY-1426  -000,HIGH,098-KY-1426  -000,5.689,0,0,0,0,0,0,1,0,0,0,0,1,0
72390929,KSP0900,19-29413,20190802,650,,,KY80,,,KY0080,KY0080,0,098 KY-80,KY0080,N,N,NULL,NULL,NULL,N,NULL,NULL,NULL,NULL,NULL,NULL,0.737,NULL,NULL,NULL,NULL,,NULL,0,0,2,2,N,N,55,NULL,98,9802,2,W,N,37.33261,37,19.956,NULL,-82.3692,82,22.152,NULL,N,NULL,NULL,NULL,NULL,NULL,NULL,NULL,NULL,8,3,2,5,1,1,2,2,7,3,N,NULL,Y,N,650,710,740,N,NULL,53,7,5,N,,Y,N,098-KY-0080-0,NULL,NULL,2019,O,7.23909E+11,098-KY-0080  -000,HIGH,098-KY-0080  -000,0.737,0,0,0,0,0,0,1,0,0,0,0,1,0
72390287,KSP0900,19-29673,20190803,2153,,,SYCAMORE MOUNTAIN,,RD,,,0,098 CR-1350Q4,CR1350Q4,N,N,NULL,NULL,NULL,N,NULL,NULL,NULL,NULL,NULL,NULL,0.469,NULL,NULL,NULL,NULL,,NULL,3,0,1,1,N,N,35,NULL,98,9801,10,N,N,37.63574,37,38.144,NULL,-82.54462,82,32.677,NULL,N,NULL,NULL,NULL,NULL,NULL,NULL,NULL,NULL,9,97,1,1,1,1,2,6,7,3,N,NULL,Y,Y,2155,2253,2153,N,NULL,40,,,N,,N,N,098-CR-1350Q4-0,NULL,NULL,2019,C,7.23903E+11,098-CR-1350Q4-000,HIGH,098-CR-1350Q4-000,0.469,0,0,0,0,0,0,0,0,0,0,0,1,0
72408654,980500,2019AR060,20190916,855,,,MAYO,N,TRL,US0023,US0023,0,098 US-23-10,US0023,N,N,NULL,NULL,NULL,N,NULL,NULL,NULL,NULL,NULL,NULL,28.042,NULL,NULL,NULL,NULL,,NULL,0,0,2,2,N,N,45,NULL,98,9807,NULL,,Y,37.51551,37,30.93,NULL,-82.55961,82,33.577,NULL,N,NULL,NULL,NULL,NULL,NULL,NULL,NULL,NULL,5,3,6,6,1,1,2,3,7,3,N,NULL,Y,N,855,900,,N,NULL,49,,1,N,,N,N,098-US-0023-10,NULL,NULL,2019,O,7.24087E+11,098-US-0023  -010,HIGH,098-US-0023  -000,28.042,0,0,0,0,0,0,0,1,0,0,0,0,0
72462431,KSP0900,20-1492,20200111,1935,,,US23,,,US0023,US0023,0,098 US-23,US0023,N,N,NULL,NULL,NULL,N,NULL,NULL,NULL,NULL,NULL,NULL,9.369,NULL,NULL,NULL,NULL,,NULL,0,0,2,2,N,N,55,NULL,98,9827,NULL,,Y,37.33371,37,20.022,NULL,-82.55756,82,33.454,NULL,N,NULL,NULL,NULL,NULL,NULL,NULL,NULL,NULL,5,6,4,6,1,5,6,6,1,3,N,NULL,Y,N,1940,2012,1940,N,NULL,70,,1,N,,N,N,098-US-0023-0,NULL,NULL,2020,O,7.24624E+11,098-US-0023  -000,HIGH,098-US-0023  -000,9.369,0,0,0,0,0,0,1,0,0,0,0,0,0
72433034,KSP0900,19-42891,20191031,1500,,,US119,,,US0119,US0119,0,098 US-119-10,US0119,N,N,NULL,NULL,NULL,N,NULL,NULL,NULL,NULL,NULL,NULL,24.737,NULL,NULL,NULL,NULL,,NULL,2,0,2,2,N,N,55,NULL,98,9834,NULL,,Y,37.66519,37,39.912,NULL,-82.2743,82,16.458,NULL,N,NULL,NULL,NULL,NULL,NULL,NULL,NULL,NULL,1,3,4,6,1,5,6,2,7,3,Y,NULL,Y,Y,1500,1505,1545,N,NULL,55,2,1,N,,N,N,098-US-0119-10,NULL,NULL,2019,C,7.2433E+11,098-US-0119  -010,HIGH,098-US-0119  -000,24.737,0,0,0,0,0,0,1,0,0,0,0,0,0
72403356,KSP0900,19-34631,20190905,1436,,,LOWER OLD HOUSE,,BR,,,0,098 CR-1589,CR1589,N,N,NULL,NULL,NULL,N,NULL,NULL,NULL,NULL,NULL,NULL,0.1,NULL,NULL,NULL,NULL,,NULL,1,0,1,1,N,N,25,NULL,98,9863,NULL,,Y,37.61685,37,37.011,NULL,-82.1797,82,10.782,NULL,N,NULL,NULL,NULL,NULL,NULL,NULL,NULL,NULL,9,3,1,6,3,1,2,2,7,3,Y,NULL,Y,Y,1430,1445,1445,N,NULL,44,,,N,,N,N,098-CR-1589-0,NULL,NULL,2019,C,7.24034E+11,098-CR-1589  -000,HIGH,098-CR-1589  -000,0.1,0,0,0,0,0,0,1,0,0,1,0,1,0
72421183,980100,2.019E+11,20191015,2008,,,OWSLEY,,RD,KY1384,KY1384,,,,N,N,NULL,NULL,NULL,N,NULL,NULL,NULL,NULL,NULL,NULL,7.173,NULL,NULL,NULL,NULL,,NULL,0,0,1,1,N,N,45,NULL,98,9801,NULL,,Y,37.48042,37,28.825,NULL,-82.53656,82,32.194,NULL,N,NULL,NULL,NULL,NULL,NULL,NULL,NULL,NULL,9,3,2,6,1,1,2,6,7,3,N,NULL,Y,N,2008,2014,2014,N,NULL,38,16,0,N,,N,N,,NULL,NULL,2019,O,7.24212E+11,098-KY-1384  -000,HIGH,098-KY-1384  -000,7.173,0,0,0,0,0,0,0,0,0,0,0,0,0
72416435,KSP0900,19-38809,20191003,1214,,,US460,,,US0460,US0460,0,098 US-460,US0460,N,N,NULL,NULL,NULL,N,NULL,NULL,NULL,NULL,NULL,NULL,5.007,NULL,NULL,NULL,NULL,,NULL,1,0,2,2,N,N,55,NULL,98,9801,4,SE,N,37.41108,37,24.665,NULL,-82.44939,82,26.964,NULL,N,NULL,NULL,NULL,NULL,NULL,NULL,NULL,NULL,1,3,2,6,1,1,2,2,7,3,Y,NULL,Y,N,1214,1214,1300,N,NULL,55,,1,N,,N,N,098-US-0460-0,NULL,NULL,2019,C,7.24164E+11,098-US-0460  -000,HIGH,098-US-0460  -000,5.007,0,0,1,0,0,0,0,0,0,0,0,0,0
72415213,KSP0900,19-38453,20191001,950,,,ROCKHOUSE,,RD,,,0,098 CR-1113,CR1113,Y,N,NULL,NULL,NULL,N,NULL,NULL,NULL,NULL,NULL,NULL,1.524,NULL,NULL,NULL,NULL,,NULL,1,0,1,1,N,N,NULL,NULL,98,9827,NULL,,Y,37.44458,37,26.675,NULL,-82.12469,82,7.481,NULL,N,NULL,NULL,NULL,NULL,NULL,NULL,NULL,NULL,9,97,1,6,1,1,2,2,1,3,Y,NULL,Y,N,1045,1100,1100,N,NULL,90,,,Y,,N,N,098-CR-1113-0,NULL,NULL,2019,C,7.24152E+11,098-CR-1113  -000,HIGH,098-CR-1113  -000,1.524,0,0,0,0,0,0,0,0,1,0,0,1,0
72443891,980200,ELK4118-18-19,20191127,1900,,,BEAVER CR,,RD,KY1373,KY1373,0,098 KY-1373,KY1373,N,N,NULL,NULL,NULL,N,NULL,NULL,NULL,NULL,NULL,NULL,2.149,NULL,NULL,NULL,NULL,,NULL,0,0,1,1,N,N,35,NULL,98,9802,NULL,,Y,37.32541,37,19.524,NULL,-82.32719,82,19.632,NULL,N,NULL,NULL,NULL,NULL,NULL,NULL,NULL,NULL,9,3,2,6,1,1,2,3,7,3,N,NULL,Y,N,1900,1900,1900,N,NULL,38,8,0,N,,N,N,098-KY-1373-0,NULL,NULL,2019,O,7.24439E+11,098-KY-1373  -000,HIGH,098-KY-1373  -000,2.149,0,0,0,0,0,0,0,0,0,0,0,0,0
72453563,KSP0900,19-49406,20191219,840,,,DORTON-JENKINS,,HWY,KY0805,KY0805,0,098 KY-805,KY0805,N,N,NULL,NULL,NULL,N,NULL,NULL,NULL,NULL,NULL,NULL,2.66,NULL,NULL,NULL,NULL,,NULL,1,0,1,1,N,N,35,NULL,98,9809,NULL,,Y,37.22754,37,13.652,NULL,-82.56758,82,34.055,NULL,N,NULL,NULL,NULL,NULL,NULL,NULL,NULL,NULL,9,5,2,1,1,1,2,2,7,3,Y,NULL,Y,Y,840,855,,N,NULL,51,7,0,Y,,N,N,098-KY-0805-0,NULL,NULL,2019,B,7.24536E+11,098-KY-0805  -000,HIGH,098-KY-0805  -000,2.66,0,0,0,0,0,0,0,0,0,1,0,1,0
72410036,KSP0900,19-36682,20190919,804,,,COWPEN,,RD,KY2061,KY2061,0,098 KY-2061,KY2061,N,N,NULL,NULL,NULL,N,NULL,NULL,NULL,NULL,NULL,NULL,0.618,NULL,NULL,NULL,NULL,,NULL,0,0,2,2,N,N,55,NULL,98,9807,NULL,,Y,37.53616,37,32.169,NULL,-82.56824,82,34.094,NULL,N,NULL,NULL,NULL,NULL,NULL,NULL,NULL,NULL,7,3,2,3,1,1,2,2,7,3,N,NULL,Y,N,804,830,830,N,NULL,54,,0,N,,N,N,098-KY-2061-0,NULL,NULL,2019,O,7.241E+11,098-KY-2061  -000,HIGH,098-KY-2061  -000,0.618,0,1,0,0,0,0,0,0,0,0,0,1,0
72424599,KSP0900,19-41261,20191020,1202,,,UPPER JOHNS,,CRK,KY0632,KY0632,0,098 KY-632,KY0632,N,N,NULL,NULL,NULL,N,NULL,NULL,NULL,NULL,NULL,NULL,5.983,NULL,NULL,NULL,NULL,,NULL,1,0,1,1,N,N,55,NULL,98,9817,NULL,,Y,37.49605,37,29.763,NULL,-82.26263,82,15.757,NULL,N,NULL,NULL,NULL,NULL,NULL,NULL,NULL,NULL,9,5,2,3,1,5,3,2,7,3,Y,NULL,Y,Y,1202,1215,1225,N,NULL,44,6,0,N,,N,N,098-KY-0632-0,NULL,NULL,2019,C,7.24246E+11,098-KY-0632  -000,HIGH,098-KY-0632  -000,5.983,0,0,1,0,0,0,0,0,0,0,0,1,0
72408784,370200,2019-35175,20190909,1543,,,US460,,,US0460,US0460,0,098 US-460,US0460,N,N,NULL,NULL,NULL,N,NULL,NULL,NULL,NULL,NULL,NULL,14.373,NULL,NULL,NULL,NULL,,NULL,2,0,2,2,N,N,55,NULL,98,9802,NULL,,Y,37.34211,37,20.526,NULL,-82.37447,82,22.468,NULL,N,NULL,NULL,NULL,NULL,NULL,NULL,NULL,NULL,1,3,2,1,1,1,3,2,7,3,Y,NULL,Y,Y,1545,1612,1700,N,NULL,55,,1,N,,N,N,098-US-0460-0,NULL,NULL,2019,C,7.24088E+11,098-US-0460  -000,HIGH,098-US-0460  -000,14.373,0,0,0,0,0,0,1,0,0,0,0,0,0
72421667,KSP0900,19-40765,20191016,1410,,,US460,,,US0460,US0460,0,098 US-460,US0460,N,N,NULL,NULL,NULL,N,NULL,NULL,NULL,NULL,NULL,NULL,3.976,NULL,NULL,NULL,NULL,,NULL,1,0,1,1,N,N,55,NULL,98,9801,5,SE,N,37.41974,37,25.184,NULL,-82.46264,82,27.758,NULL,N,NULL,NULL,NULL,NULL,NULL,NULL,NULL,NULL,9,5,2,6,2,1,3,2,7,3,Y,NULL,Y,N,1410,1415,1500,N,NULL,40,,1,Y,,N,N,098-US-0460-0,NULL,NULL,2019,A,7.24217E+11,098-US-0460  -000,HIGH,098-US-0460  -000,3.976,0,0,0,0,0,0,0,0,1,1,0,1,0
72450333,980100,2.019E+11,20191211,1515,,,US23,,,US0023,US0023,,,,N,N,NULL,NULL,NULL,N,NULL,NULL,NULL,NULL,NULL,NULL,25.246,NULL,NULL,NULL,NULL,,NULL,0,0,2,2,N,N,55,NULL,98,9801,NULL,,Y,37.49048,37,29.429,NULL,-82.53682,82,32.209,NULL,N,NULL,NULL,NULL,NULL,NULL,NULL,NULL,NULL,5,3,4,6,1,1,3,2,7,3,N,NULL,Y,N,1516,1516,1518,N,NULL,49,,1,N,,N,N,,NULL,NULL,2019,O,7.24503E+11,098-US-0023  -000,MEDIUM,098-US-0023  -000,25.246,0,0,0,0,0,0,1,0,0,0,0,0,0
72462432,KSP0900,19-49588,20191220,1536,,,KY194,,,KY0194,KY0194,0,098 KY-194,KY0194,N,N,NULL,NULL,NULL,N,NULL,NULL,NULL,NULL,NULL,NULL,22.065,NULL,NULL,NULL,NULL,,NULL,1,0,1,1,N,N,55,NULL,98,9820,NULL,,Y,37.53525,37,32.115,NULL,-82.38359,82,23.016,NULL,N,NULL,NULL,NULL,NULL,NULL,NULL,NULL,NULL,9,4,2,3,1,1,2,2,7,3,N,NULL,Y,Y,1602,1617,1714,N,NULL,40,6,0,N,,N,Y,098-KY-0194-0,NULL,NULL,2019,C,7.24624E+11,098-KY-0194  -000,HIGH,098-KY-0194  -000,22.065,0,0,0,0,0,0,0,0,0,0,0,1,0
72382464,980100,2.019E+11,20190721,939,,151,MAYO,S,TRL,KY3496,KY3496,0,098 KY-3496,KY3496,Y,N,NULL,NULL,NULL,N,NULL,NULL,NULL,NULL,NULL,NULL,0.805,NULL,NULL,NULL,NULL,,NULL,0,0,2,2,N,N,35,NULL,98,9801,NULL,,Y,37.47206,37,28.323,NULL,-82.52943,82,31.766,NULL,N,NULL,NULL,NULL,NULL,NULL,NULL,NULL,NULL,2,97,0,6,1,1,2,2,5,3,N,NULL,Y,N,939,942,942,N,NULL,90,16,0,N,,N,N,098-KY-3496-0,NULL,NULL,2019,O,7.23825E+11,098-KY-3496  -000,HIGH,098-KY-3496  -000,0.805,0,0,0,0,0,0,1,0,0,0,0,0,0
72424974,980100,2.019E+11,20191023,910,,,SCOTT,,AVE,,,0,098 CS-1116,CS1116,N,N,NULL,NULL,NULL,N,NULL,NULL,NULL,NULL,NULL,NULL,0.16,NULL,NULL,NULL,NULL,,NULL,0,0,2,2,N,N,15,NULL,98,9801,NULL,,Y,37.48343,37,29.006,NULL,-82.51784,82,31.07,NULL,N,NULL,NULL,NULL,NULL,NULL,NULL,NULL,NULL,1,3,1,6,1,1,2,2,6,3,N,NULL,Y,N,910,915,915,N,NULL,55,,,N,,N,N,098-CS-1116-0,NULL,NULL,2019,O,7.2425E+11,098-CS-1116  -000,HIGH,098-CS-1116  -000,0.16,0,0,0,0,0,0,1,0,0,0,0,0,0
72426110,KSP0900,19-41968,20191025,1100,,,US119,,,US0119,US0119,0,098 US-119,US0119,Y,N,NULL,NULL,NULL,N,NULL,NULL,NULL,NULL,NULL,NULL,23.857,NULL,NULL,NULL,NULL,,NULL,0,0,2,2,N,N,55,NULL,98,9834,NULL,,Y,37.65386,37,39.232,NULL,-82.2688,82,16.128,NULL,N,NULL,NULL,NULL,NULL,NULL,NULL,NULL,NULL,7,97,1,6,1,1,2,2,1,3,N,NULL,N,N,1059,1103,1105,N,NULL,90,2,1,N,,N,N,098-US-0119-0,NULL,NULL,2019,O,7.24261E+11,098-US-0119  -000,HIGH,098-US-0119  -000,23.857,0,0,0,0,0,0,1,1,0,0,0,0,0
72402038,KSP0900,19-33894,20190831,1249,,,FERRELLS CREEK,,RD,US0460,US0460,0,098 US-460,US0460,N,N,NULL,NULL,NULL,N,NULL,NULL,NULL,NULL,NULL,NULL,16.59,NULL,NULL,NULL,NULL,,NULL,0,0,2,2,N,N,55,NULL,98,9802,3,NE,N,37.35464,37,21.278,NULL,-82.33765,82,20.259,NULL,N,NULL,NULL,NULL,NULL,NULL,NULL,NULL,NULL,5,3,2,6,1,1,2,2,7,3,N,NULL,Y,N,1249,1305,1305,N,NULL,49,,1,N,,N,N,098-US-0460-0,NULL,NULL,2019,O,7.2402E+11,098-US-0460  -000,HIGH,098-US-0460  -000,16.59,0,0,0,1,0,0,0,1,0,0,0,0,0
72431104,980100,2.019E+11,20191031,1250,,,US23,,,US0023,US0023,0,098 US-23,US0023,N,N,NULL,NULL,NULL,N,NULL,NULL,NULL,NULL,NULL,NULL,26.287,NULL,NULL,NULL,NULL,,NULL,0,0,2,2,N,N,55,NULL,98,9801,NULL,,Y,37.50372,37,30.223,NULL,-82.53215,82,31.929,NULL,N,NULL,NULL,NULL,NULL,NULL,NULL,NULL,NULL,5,3,4,6,1,5,6,2,7,3,N,NULL,Y,N,1248,1250,1250,N,NULL,70,,1,N,,N,N,098-US-0023-0,NULL,NULL,2019,O,7.24311E+11,098-US-0023  -000,HIGH,098-US-0023  -000,26.287,0,0,0,0,0,0,0,0,0,0,0,0,0
72392982,KSP0900,19-31078,20190812,1755,,,US119,,,US0119,US0119,,,,N,N,NULL,NULL,NULL,N,NULL,NULL,NULL,NULL,NULL,NULL,25.302,NULL,NULL,NULL,NULL,,NULL,0,0,2,2,N,N,45,NULL,98,9834,NULL,,Y,37.67178,37,40.307,NULL,-82.28049,82,16.829,NULL,N,NULL,NULL,NULL,NULL,NULL,NULL,NULL,NULL,5,3,5,6,1,1,2,2,8,3,N,NULL,N,Y,1757,1801,1801,N,NULL,49,2,1,N,,N,N,,NULL,NULL,2019,O,7.2393E+11,098-US-0119  -000,MEDIUM,098-US-0119  -000,25.302,0,0,0,0,0,0,1,0,0,0,0,0,0
72400816,980100,2.019E+11,20190829,1902,,911,BYPASS,,RD,,,0,098 CS-1223,CS1223,Y,N,NULL,NULL,NULL,N,NULL,NULL,NULL,NULL,NULL,NULL,NULL,NULL,NULL,NULL,NULL,NULL,NULL,0,0,2,2,Y,N,NULL,NULL,98,9801,NULL,,Y,37.47128,37,28.277,NULL,-82.52117,82,31.27,NULL,N,NULL,NULL,NULL,NULL,NULL,NULL,NULL,NULL,1,97,1,6,2,1,2,2,1,3,N,NULL,Y,N,1903,1907,1907,N,NULL,90,,,N,,N,N,098-CS-1223-0,NULL,NULL,2019,NULL,7.24008E+11,098-CS-1223  -000,HIGH,098-CS-1223  -000,0.135,0,0,0,0,0,0,0,0,0,0,0,0,0
72384941,980100,2.019E+11,20190725,1340,,,US23,,,US0023,US0023,0,098 US-23,US0023,N,N,NULL,NULL,NULL,N,NULL,NULL,NULL,NULL,NULL,NULL,27.337,NULL,NULL,NULL,NULL,,NULL,0,0,2,2,N,N,55,NULL,98,9801,NULL,,Y,37.51077,37,30.646,NULL,-82.54797,82,32.879,NULL,N,NULL,NULL,NULL,NULL,NULL,NULL,NULL,NULL,5,3,4,6,1,1,2,2,7,3,N,NULL,Y,N,1340,1340,1340,N,NULL,49,,1,N,,N,N,098-US-0023-0,NULL,NULL,2019,O,7.23849E+11,098-US-0023  -000,HIGH,098-US-0023  -000,27.337,0,0,0,1,0,0,1,1,0,0,0,0,0
72465645,KSP0900,20-2505,20200119,1546,,2975,LONG FORK,,RD,KY1469,KY1469,0,098 KY-1469,KY1469,Y,N,NULL,NULL,NULL,N,NULL,NULL,NULL,NULL,NULL,NULL,8.166,NULL,NULL,NULL,NULL,,NULL,0,0,2,2,N,N,35,NULL,98,9827,NULL,,Y,37.31486,37,18.891,NULL,-82.62704,82,37.623,NULL,N,NULL,NULL,NULL,NULL,NULL,NULL,NULL,NULL,2,97,2,4,1,1,3,2,5,3,N,NULL,Y,N,1550,1617,1617,N,NULL,90,8,0,N,,N,N,098-KY-1469-0,NULL,NULL,2020,O,7.24656E+11,098-KY-1469  -000,HIGH,098-KY-1469  -000,8.166,0,0,0,0,0,0,1,0,0,0,0,0,0
72404269,KSP0900,19-34503,20190904,1620,,,FEDS CREEK DICKS,,FRK,,,0,098 CR-1173,CR1173,N,N,NULL,NULL,NULL,N,NULL,NULL,NULL,NULL,NULL,NULL,0.309,NULL,NULL,NULL,NULL,,NULL,3,0,2,2,N,N,35,NULL,98,9896,NULL,,Y,37.41493,37,24.896,NULL,-82.18974,82,11.384,NULL,N,NULL,NULL,NULL,NULL,NULL,NULL,NULL,NULL,7,3,1,6,1,1,2,2,7,3,N,NULL,Y,Y,1622,1720,1800,N,NULL,54,,,N,,N,N,098-CR-1173-0,NULL,NULL,2019,C,7.24043E+11,098-CR-1173  -000,HIGH,098-CR-1173  -000,0.309,0,0,1,0,0,0,0,1,0,0,0,1,0
72384054,KSP0900,19-28013,20190723,835,,,KY1056,,,KY1056,KY1056,0,098 KY-1056,KY1056,N,N,NULL,NULL,NULL,N,NULL,NULL,NULL,NULL,NULL,NULL,8.859,NULL,NULL,NULL,NULL,,NULL,0,0,1,1,N,N,55,NULL,98,9879,NULL,,Y,37.59325,37,35.595,NULL,-82.17075,82,10.245,NULL,N,NULL,NULL,NULL,NULL,NULL,NULL,NULL,NULL,9,3,2,3,1,5,3,2,7,3,N,NULL,Y,N,835,840,1000,N,NULL,40,7,0,N,,N,N,098-KY-1056-0,NULL,NULL,2019,O,7.23841E+11,098-KY-1056  -000,HIGH,098-KY-1056  -000,8.859,0,0,1,0,0,0,0,0,0,0,0,1,0
72403417,980100,2.019E+11,20190905,941,,911,BYPASS,S,RD,KY1426,KY1426,,,,Y,N,NULL,NULL,NULL,N,NULL,NULL,NULL,NULL,NULL,NULL,5.688,NULL,NULL,NULL,NULL,,NULL,0,0,1,1,N,Y,NULL,NULL,98,9801,NULL,,Y,37.47274,37,28.364,NULL,-82.52289,82,31.373,NULL,N,NULL,NULL,NULL,NULL,NULL,NULL,NULL,NULL,9,97,1,3,1,1,2,2,1,3,N,NULL,Y,N,942,947,,Y,NULL,90,,0,N,,N,N,,NULL,NULL,2019,O,7.24034E+11,098-KY-1426  -000,HIGH,098-KY-1426  -000,5.688,0,0,0,0,0,0,0,0,0,0,0,1,0
72417160,KSP0900,19-38329,20190930,1533,,,US119,,,US0119,US0119,0,098 US-119,US0119,N,N,NULL,NULL,NULL,N,NULL,NULL,NULL,NULL,NULL,NULL,24.848,NULL,NULL,NULL,NULL,,NULL,1,0,2,2,N,N,55,NULL,98,9834,NULL,,Y,37.66645,37,39.987,NULL,-82.27551,82,16.531,NULL,N,NULL,NULL,NULL,NULL,NULL,NULL,NULL,NULL,5,3,4,6,1,1,2,2,3,3,Y,NULL,Y,N,1533,1603,1615,N,NULL,49,2,1,N,,N,N,098-US-0119-0,NULL,NULL,2019,C,7.24172E+11,098-US-0119  -000,HIGH,098-US-0119  -000,24.848,0,0,1,0,0,0,0,1,0,0,0,0,0
72408373,980100,2.019E+11,20190917,1703,,,KY1460,,,KY1460,KY1460,,,,N,N,NULL,NULL,NULL,N,NULL,NULL,NULL,NULL,NULL,NULL,7.031,NULL,NULL,NULL,NULL,,NULL,0,0,2,2,N,N,45,NULL,98,9801,NULL,,Y,37.48586,37,29.152,NULL,-82.5435,82,32.61,NULL,N,NULL,NULL,NULL,NULL,NULL,NULL,NULL,NULL,1,3,2,5,1,1,2,2,7,3,N,NULL,Y,N,1703,1708,1733,N,NULL,55,16,0,N,,N,N,,NULL,NULL,2019,O,7.24084E+11,098-KY-1460  -000,HIGH,098-KY-1460  -000,7.031,0,0,1,0,0,0,1,1,0,0,0,0,0