MasterFile,AgencyORINumber,LocalCode,CollisionDate,CollisionTime,CollisionDayWeekCode,RoadwayName_HouseBusinessNumber_,RoadwayName_RoadwayName_,RoadwayName_Direction_,RoadwayName_RoadwaySuffix_,RoadwayfromReport,CurrentRoadwayNumber,RoadwayNumberCoupletID,RSEUniqueGIS,RoadwayIdentifier,ParkingLotIndicator,IntersectionWith_Indicator_,IntersectionWith_NameRoadway_,IntersectionWith_Direction_,IntersectionWith_RoadwaySuffix_,BetweenStreets_Indicator_,BetweenStreets1_NameRoadway_,BetweenStreet1_Direction_,BetweenStreets1_RoadwaySuffix_,BetweenStreets2_NameRoadway_,BetweenStreets2_Direction_,BetweenStreets2_RoadwaySuffix_,Milepoint,ReportMilepointDeriveNumber,CurrentDerivedMiepointNumber,MilestoMilepoint,FeettoMilepoint,DirectionfromMilepoint_NSEW_,ValidMilepointIndicator,NumberInjured,NumberKilled,ofUnits,ofMotorVehicleUnits,Hit&RunIndicator,OneWayIndicator,SpeedLimitNumber,KilometersIndicator,CountyCode,CityCountyCode,MilesFromCity,DirectionFromCity_NSEW_,InCityLimitsIndicator,Latitude,LatitudeDegrees,LatitudeMinutes,LatitudeSeconds,Longitude,LongitudeDegrees,LongitudeMinutes,LongitudeSeconds,RampIndicator,RampFromIdentifier,RampFromDirCode,RampFromCoupletID,RSEUniqueGISRampFrom,RampToidentifier,RampToDirCode,RampToCoupletID,RSEUniqueGisRampTo,MannerofCollisionCode,LocationFirstEventCode,TotalLanes,RoadwayCharacterCode,RoadwaySurfaceCode,RoadwayConditionCode,WeatherCode,LightConditionCode,LandUseCode,SchoolBusRelatedCode,FirstAidSceneIndicator,CollDescPresentInd,InvestigationCompleteIndicator,PhotosTakenIndicator,TimeNotified,TimeArrived,TimeRoadwayOpened,PropertyDamageIndicator,DiagramPresentIndicator,DirectionalAnalysis,FunctionClassCode,NationalHwySysCode,EnforcementsIndicator,KARSCityCode,SecondaryCollisionIndicator,MedianCrossoverIndicator,RT_UNIQUE,MapIt,TimeLastLeft,YR,KABCO,MFNY,WorkingRID,RT_CONFIDENCE,KTC_RT,KTC_MP,Motorcyclist,CommercialVehicle,YoungDriver,MatureDriver,pedestrian,Bicyclist,Distracted,agressive,Impaired,Unrestrained,Intersection,RoadwayDeparture,MedXover
72425755,KSP0900,19-41866,20191024,1542,,,TOLER,,RD,KY0319,KY0319,0,098 KY-319,KY0319,N,N,NULL,NULL,NULL,N,NULL,NULL,NULL,NULL,NULL,NULL,3.583,NULL,NULL,NULL,NULL,,NULL,0,0,1,1,N,N,55,NULL,98,9842,NULL,,Y,37.60641,37,36.385,NULL,-82.22694,82,13.616,NULL,N,NULL,NULL,NULL,NULL,NULL,NULL,NULL,NULL,9,97,2,3,1,1,2,2,7,3,N,NULL,Y,N,1559,1620,1704,Y,NULL,44,7,0,N,,N,N,098-KY-0319-0,NULL,NULL,2019,O,7.24258E+11,098-KY-0319  -000,HIGH,098-KY-0319  -000,3.583,0,0,0,0,0,0,0,0,0,0,0,1,0
72433705,KSP0900,19-43773,20191106,1953,,,BIG CREEK,,RD,KY0468,KY0468,0,098 KY-468,KY0468,N,N,NULL,NULL,NULL,N,NULL,NULL,NULL,NULL,NULL,NULL,0.537,NULL,NULL,NULL,NULL,,NULL,1,0,1,1,N,N,35,NULL,98,9833,NULL,,Y,37.62622,37,37.573,NULL,-82.35789,82,21.473,NULL,N,NULL,NULL,NULL,NULL,NULL,NULL,NULL,NULL,9,3,2,3,1,1,2,6,7,3,Y,NULL,Y,Y,1955,2008,2100,N,NULL,70,8,0,N,,N,N,098-KY-0468-0,NULL,NULL,2019,B,7.24337E+11,098-KY-0468  -000,HIGH,098-KY-0468  -000,0.537,1,0,0,0,0,0,0,0,0,0,0,1,0
72394656,980100,2.019E+11,20190817,1646,,,CASSIDY,,BLVD,,,0,098 CS-1191,CS1191,Y,N,NULL,NULL,NULL,N,NULL,NULL,NULL,NULL,NULL,NULL,0.049,NULL,NULL,NULL,NULL,,NULL,0,0,2,2,N,N,NULL,NULL,98,9801,NULL,,Y,37.50368,37,30.221,NULL,-82.53296,82,31.977,NULL,N,NULL,NULL,NULL,NULL,NULL,NULL,NULL,NULL,8,97,1,6,1,1,2,2,1,3,N,NULL,Y,N,1647,1656,1656,N,NULL,90,,,Y,,N,N,098-CS-1191-0,NULL,NULL,2019,O,7.23947E+11,098-CS-1191  -000,HIGH,098-CS-1191  -000,0.049,0,0,0,0,0,0,1,0,0,0,0,0,0
72466644,980100,2.02E+12,20200121,2006,,,KY1469,,,KY1469,KY1469,0,098 KY-1469,KY1469,N,N,NULL,NULL,NULL,N,NULL,NULL,NULL,NULL,NULL,NULL,13.661,NULL,NULL,NULL,NULL,,NULL,0,0,1,1,N,N,45,NULL,98,9801,NULL,,Y,37.35812,37,21.487,NULL,-82.56242,82,33.746,NULL,N,NULL,NULL,NULL,NULL,NULL,NULL,NULL,NULL,9,3,2,6,1,1,3,2,7,3,N,NULL,N,N,2006,2008,,N,NULL,41,7,0,N,,N,N,098-KY-1469-0,NULL,NULL,2020,O,7.24666E+11,098-KY-1469  -000,HIGH,098-KY-1469  -000,13.661,0,0,0,0,0,0,0,0,0,0,0,1,0
72371516,KSP0900,19-23405,20190623,1405,,,FISHTRAP,,RD,KY1441,KY1441,0,098 KY-1441,KY1441,N,N,NULL,NULL,NULL,N,NULL,NULL,NULL,NULL,NULL,NULL,10.65,NULL,NULL,NULL,NULL,,NULL,0,0,2,2,N,N,45,NULL,98,9850,NULL,,Y,37.52374,37,31.425,NULL,-82.45607,82,27.364,NULL,N,NULL,NULL,NULL,NULL,NULL,NULL,NULL,NULL,1,3,2,6,1,1,2,2,7,3,N,NULL,Y,N,1403,1412,1412,Y,NULL,55,8,0,N,,N,N,098-KY-1441-0,NULL,NULL,2019,O,7.23715E+11,098-KY-1441  -000,HIGH,098-KY-1441  -000,10.65,0,0,0,1,0,0,0,0,0,0,0,0,0
72450143,KSP0900,19-47823,20191206,2324,,1857,TOLER,,RD,KY0319,KY0319,0,098 KY-319,KY0319,N,N,NULL,NULL,NULL,N,NULL,NULL,NULL,NULL,NULL,NULL,3.765,NULL,NULL,NULL,NULL,,NULL,0,0,1,1,N,N,45,NULL,98,9842,NULL,,Y,37.6083,37,36.498,NULL,-82.22897,82,13.738,NULL,N,NULL,NULL,NULL,NULL,NULL,NULL,NULL,NULL,9,4,2,3,1,1,2,7,7,3,N,NULL,Y,N,2324,2331,2331,Y,NULL,40,7,0,N,,N,Y,098-KY-0319-0,NULL,NULL,2019,O,7.24501E+11,098-KY-0319  -000,HIGH,098-KY-0319  -000,3.765,0,0,0,0,0,0,1,0,0,0,0,1,0
72455202,980000,1912001,20191202,1528,,,KY632,,,KY0632,KY0632,0,098 KY-632,KY0632,N,N,NULL,NULL,NULL,N,NULL,NULL,NULL,NULL,NULL,NULL,12.528,NULL,NULL,NULL,NULL,,NULL,0,0,2,2,N,N,25,NULL,98,9804,NULL,,Y,37.50065,37,30.039,NULL,-82.16633,82,9.98,NULL,N,NULL,NULL,NULL,NULL,NULL,NULL,NULL,NULL,8,7,2,6,1,5,3,2,8,3,N,NULL,Y,N,1330,1343,1344,N,NULL,47,6,0,N,,N,N,098-KY-0632-0,NULL,NULL,2019,O,7.24552E+11,098-KY-0632  -000,HIGH,098-KY-0632  -000,12.528,0,0,0,0,0,0,1,0,0,0,0,0,0
72443838,980500,2019AR74,20191129,1400,,,US23,,,US0023,US0023,0,098 US-23,US0023,N,N,NULL,NULL,NULL,N,NULL,NULL,NULL,NULL,NULL,NULL,29.143,NULL,NULL,NULL,NULL,,NULL,0,0,2,2,N,N,45,NULL,98,9807,NULL,,Y,37.52562,37,31.537,NULL,-82.57329,82,34.397,NULL,N,NULL,NULL,NULL,NULL,NULL,NULL,NULL,NULL,5,3,6,6,1,1,3,2,7,3,N,NULL,Y,N,1400,1402,,N,NULL,49,,1,N,,N,N,098-US-0023-0,NULL,NULL,2019,O,7.24438E+11,098-US-0023  -000,HIGH,098-US-0023  -000,29.143,0,0,0,1,0,0,0,1,0,0,0,0,0
72454665,KSP0900,19-47363,20191203,1510,,,TOWER,,RD,,,0,098 CS-1028,CS1028,N,N,NULL,NULL,NULL,N,NULL,NULL,NULL,NULL,NULL,NULL,0.072,NULL,NULL,NULL,NULL,,NULL,0,0,1,1,N,N,45,NULL,98,9817,NULL,,Y,37.46605,37,27.963,NULL,-82.54388,82,32.633,NULL,N,NULL,NULL,NULL,NULL,NULL,NULL,NULL,NULL,9,3,2,6,1,1,2,2,7,3,N,NULL,N,N,1508,1518,1642,N,NULL,70,,,N,,N,N,098-CS-1028-0,NULL,NULL,2019,O,7.24547E+11,098-CS-1028  -000,HIGH,098-CS-1028  -000,0.072,0,0,0,0,0,0,0,0,0,0,0,0,0
72394637,980100,2.019E+11,20190817,2100,,,US460,,,US0460,US0460,0,098 US-460,US0460,N,N,NULL,NULL,NULL,N,NULL,NULL,NULL,NULL,NULL,NULL,0.322,NULL,NULL,NULL,NULL,,NULL,0,0,2,2,N,N,55,NULL,98,9801,NULL,,Y,37.43819,37,26.291,NULL,-82.51058,82,30.635,NULL,N,NULL,NULL,NULL,NULL,NULL,NULL,NULL,NULL,5,3,2,6,1,1,2,5,1,3,N,NULL,Y,N,2045,2051,2051,N,NULL,49,,1,N,,N,N,098-US-0460-0,NULL,NULL,2019,O,7.23946E+11,098-US-0460  -000,HIGH,098-US-0460  -000,0.322,0,0,1,0,0,0,1,0,0,0,0,0,0
72393841,980100,2.019E+11,20190729,1459,,,BYPASS,S,RD,KY1426,KY1426,,,,Y,N,NULL,NULL,NULL,N,NULL,NULL,NULL,NULL,NULL,NULL,5.675,NULL,NULL,NULL,NULL,,NULL,0,0,2,2,N,N,15,NULL,98,9801,NULL,,Y,37.4727,37,28.362,NULL,-82.52312,82,31.387,NULL,N,NULL,NULL,NULL,NULL,NULL,NULL,NULL,NULL,7,97,1,6,2,1,2,2,1,3,N,NULL,Y,N,1459,1500,1500,N,NULL,90,,0,N,,N,N,,NULL,NULL,2019,O,7.23938E+11,098-KY-1426  -000,HIGH,098-KY-1426  -000,5.675,0,0,0,1,0,0,1,0,0,0,0,0,0
72384275,980500,2019AR052,20190724,1930,,4399,MAYO TRAIL,N,,US0023,US0023,0,098 US-23-10,US0023,Y,N,NULL,NULL,NULL,N,NULL,NULL,NULL,NULL,NULL,NULL,NULL,NULL,NULL,NULL,NULL,NULL,NULL,0,0,2,2,N,N,15,NULL,98,9807,NULL,,Y,37.52177,37,31.307,NULL,-82.57098,82,34.259,NULL,N,NULL,NULL,NULL,NULL,NULL,NULL,NULL,NULL,2,97,2,3,1,1,2,2,1,3,N,NULL,Y,N,1730,1735,,N,NULL,90,,1,N,,N,N,098-US-0023-10,NULL,NULL,2019,O,7.23843E+11,098-US-0023  -010,HIGH,098-US-0023  -000,28.859,0,0,0,0,0,0,0,0,0,0,0,0,0
72408731,370200,2019-36555,20190918,1040,,,US119,,,US0119,US0119,,,,N,N,NULL,NULL,NULL,N,NULL,NULL,NULL,NULL,NULL,NULL,16.258,NULL,NULL,NULL,NULL,,NULL,0,0,1,1,N,N,55,NULL,98,9820,NULL,,Y,37.60703,37,36.422,NULL,-82.3164,82,18.984,NULL,N,NULL,NULL,NULL,NULL,NULL,NULL,NULL,NULL,9,3,4,4,1,1,2,2,7,3,N,NULL,Y,N,1040,1044,1146,N,NULL,70,2,1,N,,N,N,,NULL,NULL,2019,O,7.24087E+11,098-US-0119  -010,MEDIUM,098-US-0119  -000,16.258,0,0,0,0,0,0,0,0,0,0,0,0,0
72418703,KSP0900,19-38294,20190930,1220,,,KY1056,,,KY1056,KY1056,0,098 KY-1056,KY1056,N,N,NULL,NULL,NULL,N,NULL,NULL,NULL,NULL,NULL,NULL,7.595,NULL,NULL,NULL,NULL,,NULL,1,0,1,1,N,N,55,NULL,98,9863,NULL,,Y,37.57867,37,34.72,NULL,-82.18085,82,10.851,NULL,N,NULL,NULL,NULL,NULL,NULL,NULL,NULL,NULL,9,3,2,1,1,97,2,2,7,3,Y,NULL,Y,Y,1220,1235,1245,N,NULL,44,7,0,N,,N,N,098-KY-1056-0,NULL,NULL,2019,C,7.24187E+11,098-KY-1056  -000,HIGH,098-KY-1056  -000,7.595,0,0,0,0,0,0,0,0,0,0,0,1,0
72410154,980100,2.019E+11,20190921,753,,231,HIBBARD,,ST,,,0,098 CS-1053,CS1053,Y,N,NULL,NULL,NULL,N,NULL,NULL,NULL,NULL,NULL,NULL,0.019,NULL,NULL,NULL,NULL,,NULL,0,0,2,2,N,N,NULL,NULL,98,9801,NULL,,Y,37.47337,37,28.402,NULL,-82.5268,82,31.608,NULL,N,NULL,NULL,NULL,NULL,NULL,NULL,NULL,NULL,5,97,1,6,1,1,2,2,1,3,N,NULL,Y,N,753,803,804,N,NULL,90,,,N,,N,N,098-CS-1053-0,NULL,NULL,2019,O,7.24102E+11,098-CS-1053  -000,HIGH,098-CS-1053  -000,0.019,0,0,0,0,0,0,0,0,0,0,0,0,0
72451393,KSP0900,19-48623,20191213,301,,8155,KY632,,,KY0632,KY0632,0,098 KY-632,KY0632,N,N,NULL,NULL,NULL,N,NULL,NULL,NULL,NULL,NULL,NULL,8.846,NULL,NULL,NULL,NULL,,NULL,1,0,1,1,N,N,55,NULL,98,9804,NULL,,Y,37.48354,37,29.012,NULL,-82.21524,82,12.914,NULL,N,NULL,NULL,NULL,NULL,NULL,NULL,NULL,NULL,9,5,2,3,1,2,3,7,7,3,N,NULL,Y,Y,304,327,438,N,NULL,40,6,0,N,,N,Y,098-KY-0632-0,NULL,NULL,2019,C,7.24514E+11,098-KY-0632  -000,HIGH,098-KY-0632  -000,8.846,0,0,0,0,0,0,0,1,0,0,0,1,0
72458374,KSP0900,19-50691,20191229,1450,,,NARROWS,,BR,,,0,098 CR-1078,CR1078,N,N,NULL,NULL,NULL,N,NULL,NULL,NULL,NULL,NULL,NULL,0.322,NULL,NULL,NULL,NULL,,NULL,0,0,2,2,N,N,35,NULL,98,9842,NULL,,Y,37.61308,37,36.785,NULL,-82.24648,82,14.788,NULL,N,NULL,NULL,NULL,NULL,NULL,NULL,NULL,NULL,1,3,1,3,1,5,3,2,7,3,N,NULL,Y,N,1450,1519,1535,N,NULL,44,,,N,,N,N,098-CR-1078-0,NULL,NULL,2019,O,7.24584E+11,098-CR-1078  -000,HIGH,098-CR-1078  -000,0.322,0,0,1,1,0,0,0,0,0,0,0,1,0
72457835,980000,19-11-004,20191121,750,,,KY1469,,,KY1469,KY1469,0,098 KY-1469,KY1469,N,Y,US23,,,N,NULL,NULL,NULL,NULL,NULL,NULL,14.075,NULL,NULL,NULL,NULL,,NULL,0,0,2,2,N,N,55,NULL,98,9865,NULL,,Y,37.36016,37,21.609,NULL,-82.55534,82,33.321,NULL,N,NULL,NULL,NULL,NULL,NULL,NULL,NULL,NULL,5,3,2,6,1,1,2,2,7,3,N,NULL,Y,N,805,805,810,N,NULL,35,7,0,N,,N,N,098-KY-1469-0,NULL,NULL,2019,O,7.24578E+11,098-KY-1469  -000,HIGH,098-KY-1469  -000,14.075,0,0,1,0,0,0,1,0,0,0,1,0,0
72391072,980500,2019AR054,20190807,1400,,,WEDDINGTON BRANCH,,RD,,,0,098 CS-3026,CS3026,Y,N,NULL,NULL,NULL,N,NULL,NULL,NULL,NULL,NULL,NULL,NULL,NULL,NULL,NULL,NULL,,NULL,0,0,2,2,N,N,15,NULL,98,9807,NULL,,Y,37.52177,37,31.306,NULL,-82.57114,82,34.269,NULL,N,NULL,NULL,NULL,NULL,NULL,NULL,NULL,NULL,2,97,2,6,1,1,2,2,1,3,N,NULL,Y,N,1400,1405,,N,NULL,90,,,N,,N,N,098-CS-3026-0,NULL,NULL,2019,O,7.23911E+11,098-CS-3026  -000,HIGH,098-CS-3026  -000,0,0,0,0,0,0,0,0,0,0,0,0,0,0
72396415,980100,2.019E+11,20190813,1536,,,OWSLEY,,RD,KY1384,KY1384,,,,N,Y,US23 S RAMP TO KY1384,,,N,NULL,NULL,NULL,NULL,NULL,NULL,6.814,NULL,NULL,NULL,NULL,,NULL,0,0,2,2,N,N,45,NULL,98,9801,NULL,,Y,37.47942,37,28.765,NULL,-82.54279,82,32.567,NULL,N,NULL,NULL,NULL,NULL,NULL,NULL,NULL,NULL,4,3,4,6,2,1,2,2,7,3,N,NULL,Y,N,1536,1540,1616,N,NULL,16,17,0,N,,N,N,,NULL,NULL,2019,O,7.23964E+11,098-KY-1384  -000,HIGH,098-KY-1384  -000,6.814,0,0,0,0,0,0,1,0,0,1,1,0,0
72460652,KSP0900,20-00856,20200107,930,,,LITTLE ROBINSON CREEK,,RD,KY3415,KY3415,0,098 KY-3415,KY3415,N,N,NULL,NULL,NULL,N,NULL,NULL,NULL,NULL,NULL,NULL,0.508,NULL,NULL,NULL,NULL,,NULL,0,0,1,1,N,N,45,NULL,98,9827,NULL,,Y,37.37032,37,22.219,NULL,-82.59103,82,35.462,NULL,N,NULL,NULL,NULL,NULL,NULL,NULL,NULL,NULL,9,3,2,6,1,4,9,2,7,3,N,NULL,Y,N,900,930,,N,NULL,44,9,0,N,,N,N,098-KY-3415-0,NULL,NULL,2020,O,7.24607E+11,098-KY-3415  -000,HIGH,098-KY-3415  -000,0.508,0,0,1,0,0,0,0,0,0,0,0,1,0
72374287,980000,1906008,20190627,841,,,KY197,,,KY0197,KY0197,0,098 KY-197,KY0197,N,N,NULL,NULL,NULL,N,NULL,NULL,NULL,NULL,NULL,NULL,16.584,NULL,NULL,NULL,NULL,,NULL,0,0,2,2,N,N,35,NULL,98,9802,NULL,,Y,37.30351,37,18.21,NULL,-82.35163,82,21.098,NULL,N,NULL,NULL,NULL,NULL,NULL,NULL,NULL,NULL,8,7,2,6,1,1,2,2,1,3,N,NULL,Y,Y,841,930,930,N,NULL,47,7,0,N,,N,N,098-KY-0197-0,NULL,NULL,2019,O,7.23743E+11,098-KY-0197  -000,HIGH,098-KY-0197  -000,16.584,0,0,0,0,0,0,1,0,0,0,0,0,0
72372964,980100,2.019E+11,20190628,2015,,215,CASSIDY,,BLVD,,,0,098 CS-1191,CS1191,Y,N,NULL,NULL,NULL,N,NULL,NULL,NULL,NULL,NULL,NULL,0.058,NULL,NULL,NULL,NULL,,NULL,0,0,2,2,Y,N,NULL,NULL,98,9801,NULL,,Y,37.50367,37,30.221,NULL,-82.53308,82,31.985,NULL,N,NULL,NULL,NULL,NULL,NULL,NULL,NULL,NULL,1,97,1,6,1,1,2,2,1,3,N,NULL,Y,N,2015,2020,2020,N,NULL,90,,,N,,N,N,098-CS-1191-0,NULL,NULL,2019,NULL,7.2373E+11,098-CS-1191  -000,HIGH,098-CS-1191  -000,0.058,0,0,0,0,0,0,0,0,0,0,0,0,0
72368738,980100,2.019E+12,20190619,1204,,,US23,,,US0023,US0023,,,,N,N,NULL,NULL,NULL,N,NULL,NULL,NULL,NULL,NULL,NULL,26.178,NULL,NULL,NULL,NULL,,NULL,0,0,2,2,N,N,55,NULL,98,9801,NULL,,Y,37.50217,37,30.13,NULL,-82.53194,82,31.917,NULL,N,NULL,NULL,NULL,NULL,NULL,NULL,NULL,NULL,5,3,4,6,1,5,3,2,1,3,N,NULL,Y,N,1204,1211,,N,NULL,70,,1,N,,N,N,,NULL,NULL,2019,O,7.23687E+11,098-US-0023  -000,MEDIUM,098-US-0023  -000,26.178,0,0,0,1,0,0,0,1,0,0,0,0,0
72381097,KSP0900,19-27011,20190716,621,,,KY194,,,KY0194,KY0194,0,098 KY-194,KY0194,N,N,NULL,NULL,NULL,N,NULL,NULL,NULL,NULL,NULL,NULL,58.563,NULL,NULL,NULL,NULL,,NULL,0,0,1,1,N,N,35,NULL,98,9811,NULL,,Y,37.54535,37,32.721,NULL,-82.15961,82,9.577,NULL,N,NULL,NULL,NULL,NULL,NULL,NULL,NULL,NULL,9,3,2,1,1,1,3,4,7,3,N,NULL,Y,N,721,846,621,N,NULL,40,7,0,N,,N,N,098-KY-0194-0,NULL,NULL,2019,O,7.23811E+11,098-KY-0194  -000,HIGH,098-KY-0194  -000,58.563,0,0,0,0,0,0,0,0,0,0,0,1,0
72436204,980100,2.019E+11,20191113,1522,,,KY3496,,,KY3496,KY3496,,,,N,N,NULL,NULL,NULL,N,NULL,NULL,NULL,NULL,NULL,NULL,0.887,NULL,NULL,NULL,NULL,,NULL,0,0,2,2,N,N,35,NULL,98,9801,NULL,,Y,37.47208,37,28.325,NULL,-82.52792,82,31.675,NULL,N,NULL,NULL,NULL,NULL,NULL,NULL,NULL,NULL,2,3,2,6,1,1,3,2,7,3,N,NULL,Y,N,1522,1527,1530,N,NULL,56,16,0,N,,N,N,,NULL,NULL,2019,O,7.24362E+11,098-KY-3496  -000,HIGH,098-KY-3496  -000,0.887,0,0,0,0,0,0,1,0,0,0,0,0,0
72379051,KSP0900,19-26130,20190710,909,,,US119,,,US0119,US0119,0,098 US-119-10,US0119,N,N,NULL,NULL,NULL,N,NULL,NULL,NULL,NULL,NULL,NULL,2.323,NULL,NULL,NULL,NULL,,NULL,0,0,2,2,N,N,55,NULL,98,9801,NULL,,Y,37.51347,37,30.808,NULL,-82.49371,82,29.622,NULL,N,NULL,NULL,NULL,NULL,NULL,NULL,NULL,NULL,5,3,2,5,1,1,2,2,7,3,N,NULL,Y,N,909,922,1012,N,NULL,49,2,1,N,,N,N,098-US-0119-10,NULL,NULL,2019,O,7.23791E+11,098-US-0119  -010,HIGH,098-US-0119  -000,2.323,0,0,0,0,0,0,1,0,0,0,0,1,0
72448659,KSP0900,19-48185,20191209,1739,,,US460,,,US0460,US0460,0,098 US-460,US0460,N,N,NULL,NULL,NULL,N,NULL,NULL,NULL,NULL,NULL,NULL,3.969,NULL,NULL,NULL,NULL,,NULL,0,0,2,2,N,N,55,NULL,98,9824,NULL,,Y,37.41977,37,25.186,NULL,-82.46277,82,27.766,NULL,N,NULL,NULL,NULL,NULL,NULL,NULL,NULL,NULL,5,3,2,6,1,1,2,6,7,3,N,NULL,Y,N,1739,1759,1759,N,NULL,49,,1,N,,N,N,098-US-0460-0,NULL,NULL,2019,O,7.24487E+11,098-US-0460  -000,HIGH,098-US-0460  -000,3.969,0,0,0,1,0,0,0,1,0,0,0,0,0
72431429,980100,2.019E+11,20191105,500,,,US23,,,US0023,US0023,0,098 US-23-10,US0023,N,N,NULL,NULL,NULL,N,NULL,NULL,NULL,NULL,NULL,NULL,30.859,NULL,NULL,NULL,NULL,,NULL,0,0,1,1,N,N,55,NULL,98,9801,NULL,,Y,37.54115,37,32.469,NULL,-82.59135,82,35.481,NULL,N,NULL,NULL,NULL,NULL,NULL,NULL,NULL,NULL,9,3,4,6,1,1,3,6,7,3,N,NULL,Y,N,500,507,507,N,NULL,70,,1,N,,N,N,098-US-0023-10,NULL,NULL,2019,O,7.24314E+11,098-US-0023  -010,HIGH,098-US-0023  -000,30.859,0,1,0,0,0,0,0,0,0,0,0,1,0
72424372,980100,2.019E+11,20191022,804,,,HAMBLEY,,BLVD,,,,,,N,N,NULL,NULL,NULL,N,NULL,NULL,NULL,NULL,NULL,NULL,NULL,NULL,NULL,NULL,NULL,NULL,NULL,0,0,3,3,N,N,35,NULL,98,9801,NULL,,Y,37.47379,37,28.428,NULL,-82.52811,82,31.686,NULL,N,NULL,NULL,NULL,NULL,NULL,NULL,NULL,NULL,5,3,2,4,1,5,6,2,7,3,N,NULL,Y,N,804,807,,N,NULL,49,,,N,,N,N,,NULL,NULL,2019,O,7.24244E+11,098-CS-1222  -000,MEDIUM,098-CS-1222  -000,0,0,0,0,0,0,0,1,1,0,0,0,0,0
72446373,980100,2.019E+11,20191104,1316,,,US460,,,US0460,US0460,0,098 US-460,US0460,Y,N,NULL,NULL,NULL,N,NULL,NULL,NULL,NULL,NULL,NULL,0.248,NULL,NULL,NULL,NULL,,NULL,0,0,2,2,N,N,NULL,NULL,98,9801,NULL,,Y,37.43913,37,26.348,NULL,-82.50983,82,30.589,NULL,N,NULL,NULL,NULL,NULL,NULL,NULL,NULL,NULL,1,97,1,6,1,1,2,2,1,3,N,NULL,Y,N,1316,1323,1323,N,NULL,90,,1,N,,N,N,098-US-0460-0,NULL,NULL,2019,O,7.24464E+11,098-US-0460  -000,HIGH,098-US-0460  -000,0.248,0,0,0,1,0,0,0,0,0,0,0,0,0
72442271,KSP0900,19-46204,20191124,2030,,,TOLER,,RD,KY0319,KY0319,,,,N,N,NULL,NULL,NULL,N,NULL,NULL,NULL,NULL,NULL,NULL,0.19,NULL,NULL,NULL,NULL,,NULL,0,0,1,1,N,N,45,NULL,98,9863,NULL,,Y,37.58103,37,34.862,NULL,-82.18227,82,10.936,NULL,N,NULL,NULL,NULL,NULL,NULL,NULL,NULL,NULL,9,3,2,6,1,1,2,4,7,3,N,NULL,N,N,1946,1957,2241,N,NULL,40,7,0,N,,N,N,,NULL,NULL,2019,O,7.24423E+11,098-KY-0319  -000,HIGH,098-KY-0319  -000,0.19,0,0,0,0,0,0,0,0,1,1,0,1,0
72431103,980100,2.019E+11,20191030,734,,,CHLOE,,RD,KY1460,KY1460,0,098 KY-1460,KY1460,N,N,NULL,NULL,NULL,N,NULL,NULL,NULL,NULL,NULL,NULL,3.77,NULL,NULL,NULL,NULL,,NULL,0,0,1,1,N,N,35,NULL,98,9801,NULL,,Y,37.4772,37,28.632,NULL,-82.49388,82,29.633,NULL,N,NULL,NULL,NULL,NULL,NULL,NULL,NULL,NULL,9,3,2,6,1,1,3,2,7,3,N,NULL,Y,N,735,737,737,N,NULL,38,,0,N,,N,N,098-KY-1460-0,NULL,NULL,2019,O,7.24311E+11,098-KY-1460  -000,HIGH,098-KY-1460  -000,3.77,0,0,0,0,0,0,0,0,0,0,0,0,0
72428919,980100,2.019E+11,20191030,1600,,,KY3496,,,KY3496,KY3496,0,098 KY-3496,KY3496,N,N,NULL,NULL,NULL,N,NULL,NULL,NULL,NULL,NULL,NULL,0.739,NULL,NULL,NULL,NULL,,NULL,0,0,2,2,N,N,35,NULL,98,9801,NULL,,Y,37.47198,37,28.319,NULL,-82.53065,82,31.839,NULL,N,NULL,NULL,NULL,NULL,NULL,NULL,NULL,NULL,1,3,2,6,1,5,3,2,7,3,N,NULL,Y,N,1600,1606,1606,N,NULL,55,16,0,N,,N,N,098-KY-3496-0,NULL,NULL,2019,O,7.24289E+11,098-KY-3496  -000,HIGH,098-KY-3496  -000,0.739,0,0,0,1,0,0,1,0,0,0,0,0,0
72382752,980100,2.019E+11,20190715,1625,,,US23,,,US0023,US0023,0,098 US-23-10,US0023,N,N,NULL,NULL,NULL,N,NULL,NULL,NULL,NULL,NULL,NULL,25.598,NULL,NULL,NULL,NULL,,NULL,0,0,2,2,Y,N,55,NULL,98,9801,NULL,,Y,37.49427,37,29.656,NULL,-82.53262,82,31.957,NULL,N,NULL,NULL,NULL,NULL,NULL,NULL,NULL,NULL,8,3,4,6,1,5,6,2,1,3,N,NULL,Y,N,1625,1631,,N,NULL,53,,1,N,,N,N,098-US-0023-10,NULL,NULL,2019,O,7.23828E+11,098-US-0023  -010,HIGH,098-US-0023  -000,25.598,0,1,1,0,0,0,1,0,0,0,0,1,0
72394448,980100,2.019E+11,20190814,1349,,,CASSIDY,,BLVD,,,,,,Y,N,NULL,NULL,NULL,N,NULL,NULL,NULL,NULL,NULL,NULL,0.303,NULL,NULL,NULL,NULL,,NULL,0,0,2,2,N,N,NULL,NULL,98,9801,NULL,,Y,37.50512,37,30.307,NULL,-82.53688,82,32.213,NULL,N,NULL,NULL,NULL,NULL,NULL,NULL,NULL,NULL,1,97,2,6,1,1,2,2,1,3,N,NULL,Y,N,1351,1355,,N,NULL,90,,,N,,N,N,,NULL,NULL,2019,O,7.23944E+11,098-CS-1191  -000,HIGH,098-CS-1191  -000,0.303,0,0,0,1,0,0,1,0,0,0,0,0,0