MasterFile,AgencyORINumber,LocalCode,CollisionDate,CollisionTime,CollisionDayWeekCode,RoadwayName_HouseBusinessNumber_,RoadwayName_RoadwayName_,RoadwayName_Direction_,RoadwayName_RoadwaySuffix_,RoadwayfromReport,CurrentRoadwayNumber,RoadwayNumberCoupletID,RSEUniqueGIS,RoadwayIdentifier,ParkingLotIndicator,IntersectionWith_Indicator_,IntersectionWith_NameRoadway_,IntersectionWith_Direction_,IntersectionWith_RoadwaySuffix_,BetweenStreets_Indicator_,BetweenStreets1_NameRoadway_,BetweenStreet1_Direction_,BetweenStreets1_RoadwaySuffix_,BetweenStreets2_NameRoadway_,BetweenStreets2_Direction_,BetweenStreets2_RoadwaySuffix_,Milepoint,ReportMilepointDeriveNumber,CurrentDerivedMiepointNumber,MilestoMilepoint,FeettoMilepoint,DirectionfromMilepoint_NSEW_,ValidMilepointIndicator,NumberInjured,NumberKilled,ofUnits,ofMotorVehicleUnits,Hit&RunIndicator,OneWayIndicator,SpeedLimitNumber,KilometersIndicator,CountyCode,CityCountyCode,MilesFromCity,DirectionFromCity_NSEW_,InCityLimitsIndicator,Latitude,LatitudeDegrees,LatitudeMinutes,LatitudeSeconds,Longitude,LongitudeDegrees,LongitudeMinutes,LongitudeSeconds,RampIndicator,RampFromIdentifier,RampFromDirCode,RampFromCoupletID,RSEUniqueGISRampFrom,RampToidentifier,RampToDirCode,RampToCoupletID,RSEUniqueGisRampTo,MannerofCollisionCode,LocationFirstEventCode,TotalLanes,RoadwayCharacterCode,RoadwaySurfaceCode,RoadwayConditionCode,WeatherCode,LightConditionCode,LandUseCode,SchoolBusRelatedCode,FirstAidSceneIndicator,CollDescPresentInd,InvestigationCompleteIndicator,PhotosTakenIndicator,TimeNotified,TimeArrived,TimeRoadwayOpened,PropertyDamageIndicator,DiagramPresentIndicator,DirectionalAnalysis,FunctionClassCode,NationalHwySysCode,EnforcementsIndicator,KARSCityCode,SecondaryCollisionIndicator,MedianCrossoverIndicator,RT_UNIQUE,MapIt,TimeLastLeft,YR,KABCO,MFNY,WorkingRID,RT_CONFIDENCE,KTC_RT,KTC_MP,Motorcyclist,CommercialVehicle,YoungDriver,MatureDriver,pedestrian,Bicyclist,Distracted,agressive,Impaired,Unrestrained,Intersection,RoadwayDeparture,MedXover
72438609,980100,2.019E+11,20191113,1327,,,HAMBLEY,,BLVD,,,0,098 CS-1222,CS1222,N,N,NULL,NULL,NULL,N,NULL,NULL,NULL,NULL,NULL,NULL,0.661,NULL,NULL,NULL,NULL,,NULL,0,0,2,2,N,N,25,NULL,98,9801,NULL,,Y,37.48057,37,28.834,NULL,-82.519,82,31.14,NULL,N,NULL,NULL,NULL,NULL,NULL,NULL,NULL,NULL,1,3,2,6,1,1,2,2,1,3,N,NULL,N,N,1328,1328,1337,N,NULL,55,,,N,,N,N,098-CS-1222-0,NULL,NULL,2019,O,7.24386E+11,098-CS-1222  -000,HIGH,098-CS-1222  -000,0.661,0,1,0,0,0,0,1,1,0,0,0,0,0
72405341,980100,2.019E+11,20190828,1340,,,KY1426,,,KY1426,KY1426,0,098 KY-1426,KY1426,N,N,NULL,NULL,NULL,N,NULL,NULL,NULL,NULL,NULL,NULL,6.662,NULL,NULL,NULL,NULL,,NULL,1,0,2,2,N,N,45,NULL,98,9801,NULL,,Y,37.48372,37,29.023,NULL,-82.51267,82,30.76,NULL,N,NULL,NULL,NULL,NULL,NULL,NULL,NULL,NULL,3,3,2,6,1,1,2,2,7,3,Y,NULL,Y,Y,1340,1355,1432,N,NULL,52,,0,N,,N,N,098-KY-1426-0,NULL,NULL,2019,C,7.24053E+11,098-KY-1426  -000,HIGH,098-KY-1426  -000,6.662,0,0,0,0,0,0,1,0,0,0,0,1,0
72405753,980100,2.019E+11,20190911,1624,,254,CASSIDY,,BLVD,,,,,,Y,N,NULL,NULL,NULL,N,NULL,NULL,NULL,NULL,NULL,NULL,0.345,NULL,NULL,NULL,NULL,,NULL,0,0,2,2,N,Y,15,NULL,98,9801,NULL,,Y,37.50522,37,30.313,NULL,-82.53779,82,32.267,NULL,N,NULL,NULL,NULL,NULL,NULL,NULL,NULL,NULL,2,97,1,6,1,1,2,2,1,3,N,NULL,Y,N,1624,1634,,N,NULL,90,,,N,,N,N,,NULL,NULL,2019,O,7.24058E+11,098-CS-1191  -000,HIGH,098-CS-1191  -000,0.345,0,0,0,1,0,0,1,0,0,0,0,0,0
72382025,KSP0900,19-27222,20190717,1648,,,US23,,,US0023,US0023,0,098 US-23,US0023,N,N,NULL,NULL,NULL,N,NULL,NULL,NULL,NULL,NULL,NULL,17.387,NULL,NULL,NULL,NULL,,NULL,0,0,1,1,N,N,35,NULL,98,9801,NULL,,Y,37.42048,37,25.229,NULL,-82.51663,82,30.998,NULL,N,NULL,NULL,NULL,NULL,NULL,NULL,NULL,NULL,9,3,4,1,1,5,6,2,7,3,N,NULL,Y,N,1805,1816,,N,NULL,44,,1,N,,N,N,098-US-0023-0,NULL,NULL,2019,O,7.2382E+11,098-US-0023  -000,HIGH,098-US-0023  -000,17.387,0,0,1,0,0,0,0,0,0,0,0,1,0
72418856,980100,2.019E+11,20191010,814,,805,HAMBLEY,,BLVD,,,0,098 CS-1222,CS1222,Y,N,NULL,NULL,NULL,N,NULL,NULL,NULL,NULL,NULL,NULL,NULL,NULL,NULL,NULL,NULL,NULL,NULL,0,0,2,2,N,N,NULL,NULL,98,9801,NULL,,Y,37.47437,37,28.462,NULL,-82.52603,82,31.562,NULL,N,NULL,NULL,NULL,NULL,NULL,NULL,NULL,NULL,1,97,1,6,2,1,2,2,1,3,N,NULL,Y,N,814,819,819,N,NULL,90,,,N,,N,N,098-CS-1222-0,NULL,NULL,2019,O,7.24189E+11,098-CS-1222  -000,HIGH,098-CS-1222  -000,0.075,0,0,0,0,0,0,0,0,0,0,0,0,0
72423399,KSP0900,19-41061,20191018,2006,,4540,US23,,,US0023,US0023,0,098 US-23-10,US0023,Y,N,NULL,NULL,NULL,N,NULL,NULL,NULL,NULL,NULL,NULL,29.052,NULL,NULL,NULL,NULL,,NULL,0,0,2,2,N,N,10,NULL,98,9807,NULL,,Y,37.52395,37,31.437,NULL,-82.57352,82,34.411,NULL,N,NULL,NULL,NULL,NULL,NULL,NULL,NULL,NULL,2,97,4,6,1,1,2,6,7,3,N,NULL,Y,N,2006,2050,,N,NULL,90,,1,N,,N,N,098-US-0023-10,NULL,NULL,2019,O,7.24234E+11,098-US-0023  -010,HIGH,098-US-0023  -000,29.052,0,0,0,0,0,0,1,0,0,0,0,0,0
72421251,980100,2.019E+11,20191015,1603,,,US23,,,US0023,US0023,,,,N,N,NULL,NULL,NULL,N,NULL,NULL,NULL,NULL,NULL,NULL,26.252,NULL,NULL,NULL,NULL,,NULL,0,0,2,2,N,N,55,NULL,98,9801,NULL,,Y,37.50321,37,30.193,NULL,-82.53209,82,31.925,NULL,N,NULL,NULL,NULL,NULL,NULL,NULL,NULL,NULL,5,3,4,6,1,1,2,2,7,3,N,NULL,Y,N,1603,1610,1613,N,NULL,49,,1,N,,N,N,,NULL,NULL,2019,O,7.24213E+11,098-US-0023  -000,MEDIUM,098-US-0023  -000,26.252,0,0,0,0,0,0,0,0,0,0,0,0,0
72450128,980100,2.019E+11,20191212,1600,,,CASSIDY,,BLVD,,,0,098 CS-1191,CS1191,Y,N,NULL,NULL,NULL,N,NULL,NULL,NULL,NULL,NULL,NULL,0.226,NULL,NULL,NULL,NULL,,NULL,0,0,2,2,N,N,15,NULL,98,9801,NULL,,Y,37.50425,37,30.255,NULL,-82.5356,82,32.136,NULL,N,NULL,NULL,NULL,NULL,NULL,NULL,NULL,NULL,2,97,NULL,6,1,5,2,2,1,3,N,NULL,Y,N,1600,1610,,N,NULL,90,,,N,,N,N,098-CS-1191-0,NULL,NULL,2019,O,7.24501E+11,098-CS-1191  -000,HIGH,098-CS-1191  -000,0.226,0,0,0,1,0,0,1,0,0,0,0,0,0
72455942,KSP0900,19-49991,20191224,12,,,VIRGIE,,RD,KY0610,KY0610,0,098 KY-610,KY0610,N,N,NULL,NULL,NULL,N,NULL,NULL,NULL,NULL,NULL,NULL,8.059,NULL,NULL,NULL,NULL,,NULL,1,0,1,1,N,N,35,NULL,98,9827,NULL,,Y,37.33882,37,20.329,NULL,-82.5881,82,35.286,NULL,N,NULL,NULL,NULL,NULL,NULL,NULL,NULL,NULL,9,97,2,3,1,1,2,6,6,3,N,NULL,Y,Y,14,35,144,N,NULL,44,7,0,N,,N,N,098-KY-0610-0,NULL,NULL,2019,B,7.24559E+11,098-KY-0610  -000,HIGH,098-KY-0610  -000,8.059,0,0,0,0,0,0,0,0,0,0,0,1,0
72457777,980100,2.019E+11,20191228,659,,,BYPASS,S,RD,KY1426,KY1426,,,,Y,N,NULL,NULL,NULL,N,NULL,NULL,NULL,NULL,NULL,NULL,5.681,NULL,NULL,NULL,NULL,,NULL,0,0,2,2,N,N,NULL,NULL,98,9801,NULL,,Y,37.47274,37,28.365,NULL,-82.52301,82,31.381,NULL,N,NULL,NULL,NULL,NULL,NULL,NULL,NULL,NULL,3,97,2,1,2,1,2,1,1,3,N,NULL,Y,N,659,703,,N,NULL,90,,0,N,,N,N,,NULL,NULL,2019,O,7.24578E+11,098-KY-1426  -000,HIGH,098-KY-1426  -000,5.681,0,0,0,0,0,0,1,0,0,0,0,0,0
72388608,KSP0900,19-29668,20190803,2121,,65,KINNIKINNICK,,LN,,,0,098 CR-1426V,CR1426V,N,N,NULL,NULL,NULL,N,NULL,NULL,NULL,NULL,NULL,NULL,0.039,NULL,NULL,NULL,NULL,,NULL,0,0,2,2,N,N,5,NULL,98,9807,NULL,,Y,37.54155,37,32.493,NULL,-82.58141,82,34.885,NULL,N,NULL,NULL,NULL,NULL,NULL,NULL,NULL,NULL,2,97,1,6,97,1,2,7,5,3,N,NULL,Y,N,2121,2148,,N,NULL,47,,,N,,N,N,098-CR-1426V-0,NULL,NULL,2019,O,7.23886E+11,098-CR-1426V -000,HIGH,098-CR-1426V -000,0.039,0,0,0,1,0,0,0,0,0,0,0,0,0
72415766,KSP0900,19-38889,20191003,1903,,,ROAD,,FRK,,,0,098 CR-1377Q4,CR1377Q4,N,N,NULL,NULL,NULL,N,NULL,NULL,NULL,NULL,NULL,NULL,0.466,NULL,NULL,NULL,NULL,,NULL,1,0,1,1,N,N,15,NULL,98,9801,NULL,,Y,37.59455,37,35.673,NULL,-82.37224,82,22.334,NULL,N,NULL,NULL,NULL,NULL,NULL,NULL,NULL,NULL,9,3,1,1,3,1,2,2,7,3,N,NULL,Y,Y,1903,1903,,N,NULL,70,,,N,,N,N,098-CR-1377Q4-0,NULL,NULL,2019,C,7.24158E+11,098-CR-1377Q4-000,HIGH,098-CR-1377Q4-000,0.466,0,0,0,0,0,0,0,1,0,0,0,1,0
72458375,KSP0900,09-19-1205,20191229,1529,,,WIDOWS,,BR,KY2062,KY2062,0,098 KY-2062,KY2062,N,N,NULL,NULL,NULL,N,NULL,NULL,NULL,NULL,NULL,NULL,1.089,NULL,NULL,NULL,NULL,,NULL,1,1,1,1,N,N,55,NULL,98,9804,NULL,,Y,37.50578,37,30.347,NULL,-82.11729,82,7.037,NULL,N,NULL,NULL,NULL,NULL,NULL,NULL,NULL,NULL,9,5,2,1,1,5,3,2,7,3,Y,NULL,Y,Y,1529,1555,1800,N,NULL,44,8,0,N,,N,N,098-KY-2062-0,NULL,NULL,2019,K,7.24584E+11,098-KY-2062  -000,HIGH,098-KY-2062  -000,1.089,0,0,0,0,0,0,0,0,0,1,0,1,0
72393683,980100,2.019E+11,20190815,826,,,PIKEVILLE MEDICAL CENTER PARKING LOT,,RD,,,0,098 CS-1223,CS1223,Y,N,NULL,NULL,NULL,N,NULL,NULL,NULL,NULL,NULL,NULL,NULL,NULL,NULL,NULL,NULL,NULL,NULL,0,0,2,2,Y,N,NULL,NULL,98,9801,NULL,,Y,37.4709,37,28.254,NULL,-82.52168,82,31.301,NULL,N,NULL,NULL,NULL,NULL,NULL,NULL,NULL,NULL,1,97,1,6,2,1,2,2,1,3,N,NULL,N,N,923,923,928,N,NULL,90,,,N,,N,N,098-CS-1223-0,NULL,NULL,2019,NULL,7.23937E+11,098-CS-1223  -000,HIGH,098-CS-1223  -000,0.143,0,0,0,0,0,0,0,0,0,0,0,0,0
72382318,980100,2.019E+11,20190714,1629,,,BAIRD,,AVE,KY1426,KY1426,0,098 KY-1426,KY1426,N,N,NULL,NULL,NULL,N,NULL,NULL,NULL,NULL,NULL,NULL,5.371,NULL,NULL,NULL,NULL,,NULL,0,0,2,2,N,N,35,NULL,98,9801,NULL,,Y,37.47361,37,28.417,NULL,-82.52719,82,31.631,NULL,N,NULL,NULL,NULL,NULL,NULL,NULL,NULL,NULL,5,3,2,6,1,1,2,2,7,3,N,NULL,N,N,1629,1634,1649,N,NULL,70,,0,Y,,N,N,098-KY-1426-0,NULL,NULL,2019,O,7.23823E+11,098-KY-1426  -000,HIGH,098-KY-1426  -000,5.371,0,0,0,0,0,0,1,0,0,0,0,0,0
72379172,KSP0900,19-26473,20190712,1424,,,US119,,,US0119,US0119,0,098 US-119-10,US0119,N,Y,WILLIAMSON,,RD,N,NULL,NULL,NULL,NULL,NULL,NULL,25.369,NULL,NULL,NULL,NULL,,NULL,2,0,2,2,N,N,55,NULL,98,9834,NULL,,Y,37.67262,37,40.357,NULL,-82.2811,82,16.866,NULL,N,NULL,NULL,NULL,NULL,NULL,NULL,NULL,NULL,1,3,4,6,1,1,2,2,7,3,N,NULL,Y,Y,1424,1425,1511,N,NULL,10,2,1,N,,N,N,098-US-0119-10,NULL,NULL,2019,A,7.23792E+11,098-US-0119  -010,HIGH,098-US-0119  -000,25.369,0,0,0,1,0,0,0,1,0,0,1,0,0
72382734,980100,2.019E+12,20190722,1033,,,KY1460 TURN LANE,,,KY1460,KY1460,0,098 KY-1460-24,KY1460,Y,N,NULL,NULL,NULL,N,NULL,NULL,NULL,NULL,NULL,NULL,0.02,NULL,NULL,NULL,NULL,,NULL,0,0,2,2,N,N,10,NULL,98,9801,NULL,,Y,37.48303,37,28.982,NULL,-82.51393,82,30.836,NULL,N,NULL,NULL,NULL,NULL,NULL,NULL,NULL,NULL,2,97,2,6,2,5,6,2,1,3,N,NULL,Y,N,1033,1042,1042,N,NULL,90,,0,N,,N,N,098-KY-1460-24,NULL,NULL,2019,O,7.23827E+11,098-KY-1460  -024,HIGH,098-KY-1460  -024,0.02,0,0,0,0,0,0,0,0,0,0,0,0,0
72457892,980100,2.019E+11,20191226,1258,,,CASSIDY,,BLVD,,,,,,N,N,NULL,NULL,NULL,N,NULL,NULL,NULL,NULL,NULL,NULL,0.239,NULL,NULL,NULL,NULL,,NULL,0,0,2,2,N,N,25,NULL,98,9801,NULL,,Y,37.50441,37,30.264,NULL,-82.53578,82,32.147,NULL,N,NULL,NULL,NULL,NULL,NULL,NULL,NULL,NULL,1,3,5,3,1,1,3,2,1,3,N,NULL,Y,N,1258,1306,1306,N,NULL,55,,,N,,N,N,,NULL,NULL,2019,O,7.24579E+11,098-CS-1191  -000,MEDIUM,098-CS-1191  -000,0.239,0,0,0,0,0,0,1,1,0,0,0,0,0
72383385,980100,2.019E+11,20190723,1621,,,CASSIDY,,BLVD,,,0,098 CS-1191,CS1191,Y,N,NULL,NULL,NULL,N,NULL,NULL,NULL,NULL,NULL,NULL,0.051,NULL,NULL,NULL,NULL,,NULL,0,0,2,2,N,N,15,NULL,98,9801,NULL,,Y,37.50369,37,30.221,NULL,-82.53298,82,31.979,NULL,N,NULL,NULL,NULL,NULL,NULL,NULL,NULL,NULL,2,97,1,6,1,1,2,2,1,3,N,NULL,Y,N,1621,1631,,N,NULL,90,,,N,,N,N,098-CS-1191-0,NULL,NULL,2019,O,7.23834E+11,098-CS-1191  -000,HIGH,098-CS-1191  -000,0.051,0,0,0,1,0,0,1,0,0,0,0,0,0
72465177,980100,2.02E+11,20200117,806,,,BAIRD AVENUE,,,,,,,,N,N,NULL,NULL,NULL,N,NULL,NULL,NULL,NULL,NULL,NULL,NULL,NULL,NULL,NULL,NULL,NULL,NULL,0,0,2,2,N,N,15,NULL,98,9801,NULL,,Y,37.47322,37,28.394,NULL,-82.5271,82,31.626,NULL,N,NULL,NULL,NULL,NULL,NULL,NULL,NULL,NULL,1,3,4,6,1,1,2,2,7,3,N,NULL,Y,N,806,811,812,N,NULL,55,,,N,,N,N,,NULL,NULL,2020,O,7.24652E+11,098-KY-1426  -000,MEDIUM,098-KY-1426  -000,5.398,0,0,0,1,0,0,1,0,0,0,0,0,0
72427474,KSP0900,19-41506,20191022,843,,,KY1426,,,KY1426,KY1426,0,098 KY-1426,KY1426,N,N,NULL,NULL,NULL,N,NULL,NULL,NULL,NULL,NULL,NULL,16.864,NULL,NULL,NULL,NULL,,NULL,0,0,1,1,N,N,45,NULL,98,9820,NULL,,Y,37.57119,37,34.271,NULL,-82.43686,82,26.211,NULL,N,NULL,NULL,NULL,NULL,NULL,NULL,NULL,NULL,9,6,2,3,1,5,6,2,7,3,N,NULL,Y,N,845,910,945,N,NULL,44,7,0,N,,N,N,098-KY-1426-0,NULL,NULL,2019,O,7.24275E+11,098-KY-1426  -000,HIGH,098-KY-1426  -000,16.864,0,0,0,0,0,0,0,0,0,0,0,1,0
72462785,980100,20200000648,20200112,1706,,,HUFFMAN,,AVE,,,0,098 CS-1123,CS1123,N,N,NULL,NULL,NULL,N,NULL,NULL,NULL,NULL,NULL,NULL,0.004,NULL,NULL,NULL,NULL,,NULL,0,0,2,2,N,N,35,NULL,98,9801,NULL,,Y,37.47695,37,28.617,NULL,-82.51708,82,31.025,NULL,N,NULL,NULL,NULL,NULL,NULL,NULL,NULL,NULL,5,3,3,6,1,1,2,2,1,3,N,NULL,Y,N,1706,1710,1710,N,NULL,49,,,N,,N,N,098-CS-1123-0,NULL,NULL,2020,O,7.24628E+11,098-CS-1123  -000,HIGH,098-CS-1123  -000,0.004,0,0,0,0,0,0,1,0,0,0,0,0,0
72440770,KSP0900,2019-45546,20191118,2030,,25110,US119,,,US0119,US0119,0,098 US-119,US0119,Y,N,NULL,NULL,NULL,N,NULL,NULL,NULL,NULL,NULL,NULL,23.637,NULL,NULL,NULL,NULL,,NULL,0,0,1,1,N,N,5,NULL,98,9836,NULL,,Y,37.65125,37,39.075,NULL,-82.26788,82,16.073,NULL,N,NULL,NULL,NULL,NULL,NULL,NULL,NULL,NULL,9,97,2,6,1,1,2,6,1,3,N,NULL,N,Y,2030,203,2030,N,NULL,90,2,1,N,,N,Y,098-US-0119-0,NULL,NULL,2019,O,7.24408E+11,098-US-0119  -000,HIGH,098-US-0119  -000,23.637,0,0,0,0,0,0,0,0,0,0,0,1,0
72443756,980200,ELK4125-139-19,20191119,1519,,,KY197,,,KY0197,KY0197,0,098 KY-197,KY0197,Y,N,NULL,NULL,NULL,N,NULL,NULL,NULL,NULL,NULL,NULL,15.693,NULL,NULL,NULL,NULL,,NULL,0,0,2,2,N,N,5,NULL,98,9802,NULL,,Y,37.29608,37,17.765,NULL,-82.36192,82,21.716,NULL,N,NULL,NULL,NULL,NULL,NULL,NULL,NULL,NULL,2,97,2,6,1,1,2,2,5,3,N,NULL,Y,N,1512,1519,1519,N,NULL,90,7,0,N,,N,N,098-KY-0197-0,NULL,NULL,2019,O,7.24438E+11,098-KY-0197  -000,HIGH,098-KY-0197  -000,15.693,0,0,0,0,0,0,0,0,0,0,0,0,0
72424660,370200,2019-40637,20191015,1014,,,US119,,,US0119,US0119,0,098 US-119,US0119,N,N,NULL,NULL,NULL,N,NULL,NULL,NULL,NULL,NULL,NULL,12.539,NULL,NULL,NULL,NULL,,NULL,0,0,2,2,N,N,55,NULL,98,9801,NULL,,Y,37.60268,37,36.161,NULL,-82.37032,82,22.219,NULL,N,NULL,NULL,NULL,NULL,NULL,NULL,NULL,NULL,5,3,2,5,1,1,2,2,7,3,N,NULL,N,N,1045,1247,1247,N,NULL,49,2,1,Y,,N,N,098-US-0119-0,NULL,NULL,2019,O,7.24247E+11,098-US-0119  -000,HIGH,098-US-0119  -000,12.539,0,1,0,0,0,0,0,0,0,0,0,0,0
72405360,980100,2.019E+11,20190903,1853,,,RENEE,,DR,,,,,,N,N,NULL,NULL,NULL,N,NULL,NULL,NULL,NULL,NULL,NULL,0.022,NULL,NULL,NULL,NULL,,NULL,0,0,2,2,N,N,15,NULL,98,9801,NULL,,Y,37.47762,37,28.657,NULL,-82.5378,82,32.268,NULL,N,NULL,NULL,NULL,NULL,NULL,NULL,NULL,NULL,8,97,1,6,2,1,2,2,6,3,N,NULL,Y,N,1853,1904,1904,N,NULL,47,,,N,,N,N,,NULL,NULL,2019,O,7.24054E+11,098-CS-1242  -000,HIGH,098-CS-1242  -000,0.022,0,0,1,0,0,0,1,0,0,0,0,0,0
72419019,980500,2019AR063,20191010,1135,,,WEDDINGTON BRANCH,,,,,,,,N,N,NULL,NULL,NULL,N,NULL,NULL,NULL,NULL,NULL,NULL,NULL,NULL,NULL,NULL,NULL,NULL,NULL,0,0,2,2,N,N,45,NULL,98,9807,NULL,,Y,37.52259,37,31.355,NULL,-82.57062,82,34.237,NULL,N,NULL,NULL,NULL,NULL,NULL,NULL,NULL,NULL,1,3,8,6,1,1,2,2,7,3,Y,NULL,Y,Y,1140,1145,1208,N,NULL,55,,,N,,N,N,,NULL,NULL,2019,O,7.2419E+11,098-US-0023  -000,MEDIUM,098-US-0023  -000,28.886,0,0,0,0,0,0,1,1,0,0,0,0,0
72413604,KSP0900,19-38042,20190928,1518,,,KY1469,,,KY1469,KY1469,0,098 KY-1469,KY1469,N,N,NULL,NULL,NULL,N,NULL,NULL,NULL,NULL,NULL,NULL,8.173,NULL,NULL,NULL,NULL,,NULL,0,0,1,1,N,N,55,NULL,98,9827,NULL,,Y,37.31515,37,18.909,NULL,-82.62691,82,37.615,NULL,N,NULL,NULL,NULL,NULL,NULL,NULL,NULL,NULL,9,4,2,3,1,1,2,2,7,3,N,NULL,N,N,1518,1531,,Y,NULL,51,8,0,N,,N,N,098-KY-1469-0,NULL,NULL,2019,O,7.24136E+11,098-KY-1469  -000,HIGH,098-KY-1469  -000,8.173,0,0,0,0,0,0,1,0,0,0,0,1,0
72434036,980100,2.019E+11,20191108,2047,,,US23,,,US0023,US0023,,,,N,N,NULL,NULL,NULL,N,NULL,NULL,NULL,NULL,NULL,NULL,25.211,NULL,NULL,NULL,NULL,,NULL,0,0,1,1,N,N,55,NULL,98,9801,NULL,,Y,37.49033,37,29.42,NULL,-82.53746,82,32.248,NULL,N,NULL,NULL,NULL,NULL,NULL,NULL,NULL,NULL,9,3,4,6,1,1,2,6,1,3,N,NULL,Y,N,2047,2053,,N,NULL,38,,1,N,,N,N,,NULL,NULL,2019,O,7.2434E+11,098-US-0023  -000,MEDIUM,098-US-0023  -000,25.211,0,0,0,0,0,0,0,0,0,0,0,0,0
72442557,KSP0900,19-46286,20191125,1425,,,US460,,,US0460,US0460,0,098 US-460,US0460,N,N,NULL,NULL,NULL,N,NULL,NULL,NULL,NULL,NULL,NULL,13.035,NULL,NULL,NULL,NULL,,NULL,1,0,3,3,N,N,55,NULL,98,9832,NULL,,Y,37.33583,37,20.15,NULL,-82.39211,82,23.527,NULL,N,NULL,NULL,NULL,NULL,NULL,NULL,NULL,NULL,5,3,2,6,1,1,2,2,7,3,N,NULL,Y,N,1444,1457,1457,N,NULL,49,,1,N,,N,N,098-US-0460-0,NULL,NULL,2019,C,7.24426E+11,098-US-0460  -000,HIGH,098-US-0460  -000,13.035,0,0,0,0,0,0,0,0,0,0,0,0,0
72434529,980100,2.019E+11,20191110,1715,,,CASSIDY,,BLVD,,,,,,Y,N,NULL,NULL,NULL,N,NULL,NULL,NULL,NULL,NULL,NULL,0.284,NULL,NULL,NULL,NULL,,NULL,0,0,2,2,N,N,NULL,NULL,98,9801,NULL,,Y,37.50491,37,30.295,NULL,-82.5365,82,32.19,NULL,N,NULL,NULL,NULL,NULL,NULL,NULL,NULL,NULL,1,97,NULL,6,1,1,2,2,1,3,N,NULL,Y,N,1715,1722,1722,N,NULL,90,,,N,,N,N,,NULL,NULL,2019,O,7.24345E+11,098-CS-1191  -000,MEDIUM,098-CS-1191  -000,0.284,0,0,1,0,0,0,1,0,0,1,0,0,0
72441297,KSP0900,19-44021,20191108,1615,,,US119,,,US0119,US0119,0,098 US-119-10,US0119,N,N,NULL,NULL,NULL,N,NULL,NULL,NULL,NULL,NULL,NULL,8.79,NULL,NULL,NULL,NULL,,NULL,0,0,2,2,N,N,55,NULL,98,9801,NULL,,Y,37.56901,37,34.141,NULL,-82.41859,82,25.116,NULL,N,NULL,NULL,NULL,NULL,NULL,NULL,NULL,NULL,5,3,2,6,1,1,2,2,7,3,N,NULL,Y,N,1615,1620,,N,NULL,49,2,1,N,,N,N,098-US-0119-10,NULL,NULL,2019,O,7.24413E+11,098-US-0119  -010,HIGH,098-US-0119  -000,8.79,0,0,0,0,0,0,1,0,0,0,0,0,0
72425054,980000,19-10-008,20191023,1430,,,28093 THOMPSON PLAZA SOUTHWILLIAMSON KY,,,,,,,,Y,N,NULL,NULL,NULL,N,NULL,NULL,NULL,NULL,NULL,NULL,NULL,NULL,NULL,NULL,NULL,NULL,NULL,0,0,2,2,N,Y,10,NULL,98,9812,2,S,N,37.65389,37,39.233,NULL,-82.26987,82,16.193,NULL,N,NULL,NULL,NULL,NULL,NULL,NULL,NULL,NULL,2,97,1,6,1,1,2,2,1,3,N,NULL,N,Y,1448,1455,1525,N,NULL,90,,,N,,N,N,,NULL,NULL,2019,O,7.24251E+11,098-US-0119  -010,MEDIUM,098-US-0119  -000,23.883,0,0,0,0,0,0,1,0,0,0,0,0,0
72383100,KSP0900,19-27655,20190720,2120,,,BIG BRANCH,,RD,KY1469,KY1469,0,098 KY-1469,KY1469,N,N,NULL,NULL,NULL,N,NULL,NULL,NULL,NULL,NULL,NULL,2.497,NULL,NULL,NULL,NULL,,NULL,0,0,2,2,N,N,35,NULL,98,9827,NULL,,Y,37.27063,37,16.238,NULL,-82.68927,82,41.356,NULL,N,NULL,NULL,NULL,NULL,NULL,NULL,NULL,NULL,3,3,2,1,1,5,2,3,7,3,N,NULL,Y,N,2120,2129,2129,N,NULL,52,8,0,N,,N,N,098-KY-1469-0,NULL,NULL,2019,O,7.23831E+11,098-KY-1469  -000,HIGH,098-KY-1469  -000,2.497,0,0,1,0,0,0,1,0,0,0,0,1,0
72386882,980100,2.019E+11,20190731,1302,,276,CASSIDY,,BLF,,,,,,Y,N,NULL,NULL,NULL,N,NULL,NULL,NULL,NULL,NULL,NULL,NULL,NULL,NULL,NULL,NULL,,NULL,0,0,2,2,N,Y,15,NULL,98,9801,NULL,,Y,37.50545,37,30.327,NULL,-82.53989,82,32.394,NULL,N,NULL,NULL,NULL,NULL,NULL,NULL,NULL,NULL,2,97,1,6,1,1,2,2,1,3,N,NULL,Y,N,1302,1308,,N,NULL,90,,,N,,N,N,,NULL,NULL,2019,O,7.23869E+11,098-CS-1215  -000,MEDIUM,098-CS-1215  -000,0.71,0,0,0,0,0,0,1,0,0,0,0,0,0
72441027,KSP0900,19-45298,20191121,827,,,LEFT FORK ISLAND,,CRK,,,0,098 CR-1233Q3,CR1233Q3,N,N,NULL,NULL,NULL,N,NULL,NULL,NULL,NULL,NULL,NULL,0.132,NULL,NULL,NULL,NULL,,NULL,0,0,1,1,Y,N,35,NULL,98,9801,NULL,,Y,37.43266,37,25.96,NULL,-82.55644,82,33.386,NULL,N,NULL,NULL,NULL,NULL,NULL,NULL,NULL,NULL,9,7,NULL,6,1,1,2,2,6,3,N,NULL,N,N,754,812,,Y,NULL,40,,,N,,N,N,098-CR-1233Q3-0,NULL,NULL,2019,NULL,7.2441E+11,098-CR-1233Q3-000,HIGH,098-CR-1233Q3-000,0.132,0,0,0,0,0,0,1,0,0,0,0,1,0