MasterFile,AgencyORINumber,LocalCode,CollisionDate,CollisionTime,CollisionDayWeekCode,RoadwayName_HouseBusinessNumber_,RoadwayName_RoadwayName_,RoadwayName_Direction_,RoadwayName_RoadwaySuffix_,RoadwayfromReport,CurrentRoadwayNumber,RoadwayNumberCoupletID,RSEUniqueGIS,RoadwayIdentifier,ParkingLotIndicator,IntersectionWith_Indicator_,IntersectionWith_NameRoadway_,IntersectionWith_Direction_,IntersectionWith_RoadwaySuffix_,BetweenStreets_Indicator_,BetweenStreets1_NameRoadway_,BetweenStreet1_Direction_,BetweenStreets1_RoadwaySuffix_,BetweenStreets2_NameRoadway_,BetweenStreets2_Direction_,BetweenStreets2_RoadwaySuffix_,Milepoint,ReportMilepointDeriveNumber,CurrentDerivedMiepointNumber,MilestoMilepoint,FeettoMilepoint,DirectionfromMilepoint_NSEW_,ValidMilepointIndicator,NumberInjured,NumberKilled,ofUnits,ofMotorVehicleUnits,Hit&RunIndicator,OneWayIndicator,SpeedLimitNumber,KilometersIndicator,CountyCode,CityCountyCode,MilesFromCity,DirectionFromCity_NSEW_,InCityLimitsIndicator,Latitude,LatitudeDegrees,LatitudeMinutes,LatitudeSeconds,Longitude,LongitudeDegrees,LongitudeMinutes,LongitudeSeconds,RampIndicator,RampFromIdentifier,RampFromDirCode,RampFromCoupletID,RSEUniqueGISRampFrom,RampToidentifier,RampToDirCode,RampToCoupletID,RSEUniqueGisRampTo,MannerofCollisionCode,LocationFirstEventCode,TotalLanes,RoadwayCharacterCode,RoadwaySurfaceCode,RoadwayConditionCode,WeatherCode,LightConditionCode,LandUseCode,SchoolBusRelatedCode,FirstAidSceneIndicator,CollDescPresentInd,InvestigationCompleteIndicator,PhotosTakenIndicator,TimeNotified,TimeArrived,TimeRoadwayOpened,PropertyDamageIndicator,DiagramPresentIndicator,DirectionalAnalysis,FunctionClassCode,NationalHwySysCode,EnforcementsIndicator,KARSCityCode,SecondaryCollisionIndicator,MedianCrossoverIndicator,RT_UNIQUE,MapIt,TimeLastLeft,YR,KABCO,MFNY,WorkingRID,RT_CONFIDENCE,KTC_RT,KTC_MP,Motorcyclist,CommercialVehicle,YoungDriver,MatureDriver,pedestrian,Bicyclist,Distracted,agressive,Impaired,Unrestrained,Intersection,RoadwayDeparture,MedXover
72456715,980100,2.019E+11,20191227,1710,,,US23,,,US0023,US0023,0,098 US-23-10,US0023,N,N,NULL,NULL,NULL,N,NULL,NULL,NULL,NULL,NULL,NULL,29.639,NULL,NULL,NULL,NULL,,NULL,0,0,2,2,N,N,55,NULL,98,9801,NULL,,Y,37.53202,37,31.921,NULL,-82.57735,82,34.641,NULL,N,NULL,NULL,NULL,NULL,NULL,NULL,NULL,NULL,5,3,5,6,1,1,2,5,7,3,N,NULL,Y,N,1712,1723,1723,N,NULL,49,,1,N,,N,N,098-US-0023-10,NULL,NULL,2019,O,7.24567E+11,098-US-0023  -010,HIGH,098-US-0023  -000,29.639,0,0,0,1,0,0,0,0,0,0,0,0,0
72435145,980100,2.019E+11,20191111,1524,,911,BYPASS,S,RD,KY1426,KY1426,,,,Y,N,NULL,NULL,NULL,N,NULL,NULL,NULL,NULL,NULL,NULL,5.687,NULL,NULL,NULL,NULL,,NULL,0,0,2,2,N,N,15,NULL,98,9801,NULL,,Y,37.47272,37,28.363,NULL,-82.5229,82,31.374,NULL,N,NULL,NULL,NULL,NULL,NULL,NULL,NULL,NULL,1,97,2,5,2,1,2,2,1,3,N,NULL,Y,N,1524,1524,,N,NULL,90,,0,N,,N,N,,NULL,NULL,2019,O,7.24351E+11,098-KY-1426  -000,HIGH,098-KY-1426  -000,5.687,0,0,0,1,0,0,1,0,0,0,0,0,0
72451189,980100,2.019E+11,20191214,1754,,,CASSIDY,,BLVD,,,,,,N,N,NULL,NULL,NULL,N,NULL,NULL,NULL,NULL,NULL,NULL,0.16,NULL,NULL,NULL,NULL,,NULL,0,0,2,2,N,N,35,NULL,98,9801,NULL,,Y,37.50369,37,30.222,NULL,-82.53466,82,32.08,NULL,N,NULL,NULL,NULL,NULL,NULL,NULL,NULL,NULL,1,3,4,3,1,5,6,5,1,3,N,NULL,Y,N,1754,1800,,N,NULL,55,,,N,,N,N,,NULL,NULL,2019,O,7.24512E+11,098-CS-1191  -000,MEDIUM,098-CS-1191  -000,0.16,0,0,0,1,0,0,1,1,0,0,0,0,0
72448043,980100,2.019E+11,20191129,1228,,,US23,,,US0023,US0023,0,098 US-23,US0023,N,N,NULL,NULL,NULL,N,NULL,NULL,NULL,NULL,NULL,NULL,32.799,NULL,NULL,NULL,NULL,,NULL,0,0,2,2,N,N,55,NULL,98,9801,NULL,,Y,37.53181,37,31.909,NULL,-82.61948,82,37.169,NULL,N,NULL,NULL,NULL,NULL,NULL,NULL,NULL,NULL,1,3,4,6,1,1,2,2,1,3,N,NULL,Y,N,1240,1246,,N,NULL,55,,1,N,,N,N,098-US-0023-0,NULL,NULL,2019,O,7.2448E+11,098-US-0023  -000,HIGH,098-US-0023  -000,32.799,0,0,0,1,0,0,1,0,0,0,0,0,0
72433656,980100,2.019E+11,20191107,2113,,254,CASSIDY BLVD,,,,,,,,N,N,NULL,NULL,NULL,N,NULL,NULL,NULL,NULL,NULL,NULL,NULL,NULL,NULL,NULL,NULL,,NULL,1,0,1,1,N,N,15,NULL,98,9801,NULL,,Y,37.5071,37,30.426,NULL,-82.5376,82,32.256,NULL,N,NULL,NULL,NULL,NULL,NULL,NULL,NULL,NULL,9,3,2,1,1,5,6,6,1,3,Y,NULL,Y,Y,2113,2119,2119,N,NULL,44,,,N,,N,N,,NULL,NULL,2019,C,7.24337E+11,098-CS-1191  -000,MEDIUM,098-CS-1191  -000,0.336,0,0,0,0,0,0,1,0,0,1,0,1,0
72448565,980100,2.019E+11,20191209,1719,,,US23,,,US0023,US0023,,,,N,N,NULL,NULL,NULL,N,NULL,NULL,NULL,NULL,NULL,NULL,26.185,NULL,NULL,NULL,NULL,,NULL,0,0,2,2,N,N,55,NULL,98,9801,NULL,,Y,37.50227,37,30.136,NULL,-82.53196,82,31.918,NULL,N,NULL,NULL,NULL,NULL,NULL,NULL,NULL,NULL,5,3,4,6,1,5,6,4,7,3,N,NULL,Y,N,1719,1727,1727,N,NULL,70,,1,N,,N,N,,NULL,NULL,2019,O,7.24486E+11,098-US-0023  -000,MEDIUM,098-US-0023  -000,26.185,0,0,0,0,0,0,1,0,0,0,0,0,0
72442720,980100,2.019E+11,20191126,1953,,,HIBBARD,,ST,,,,,,Y,N,NULL,NULL,NULL,N,NULL,NULL,NULL,NULL,NULL,NULL,0.015,NULL,NULL,NULL,NULL,,NULL,0,0,2,2,N,Y,5,NULL,98,9801,NULL,,Y,37.47322,37,28.393,NULL,-82.52679,82,31.607,NULL,N,NULL,NULL,NULL,NULL,NULL,NULL,NULL,NULL,5,97,NULL,6,1,1,2,5,1,3,N,NULL,Y,N,1953,1958,1958,N,NULL,90,,,N,,N,N,,NULL,NULL,2019,O,7.24427E+11,098-CS-1053  -000,HIGH,098-CS-1053  -000,0.015,0,0,0,0,0,0,1,0,0,0,0,0,0
72433919,KSP0900,19-42739,20191030,1527,,,LAUREL,,FRK,,,0,098 CR-1168,CR1168,N,N,NULL,NULL,NULL,N,NULL,NULL,NULL,NULL,NULL,NULL,0.645,NULL,NULL,NULL,NULL,,NULL,0,0,2,2,N,N,25,NULL,98,9839,NULL,,Y,37.39182,37,23.509,NULL,-82.20034,82,12.02,NULL,N,NULL,NULL,NULL,NULL,NULL,NULL,NULL,NULL,7,3,1,3,1,5,6,2,7,1,N,NULL,Y,Y,1554,1711,,N,NULL,54,,,N,,N,N,098-CR-1168-0,NULL,NULL,2019,O,7.24339E+11,098-CR-1168  -000,HIGH,098-CR-1168  -000,0.645,0,0,0,0,0,0,0,0,0,0,0,1,0
72441274,KSP0900,19-45962,20191122,1904,,,KY632,,,KY0632,KY0632,0,098 KY-632,KY0632,Y,N,NULL,NULL,NULL,N,NULL,NULL,NULL,NULL,NULL,NULL,9.984,NULL,NULL,NULL,NULL,,NULL,0,0,2,2,N,N,15,NULL,98,9804,NULL,,Y,37.48592,37,29.155,NULL,-82.19497,82,11.698,NULL,N,NULL,NULL,NULL,NULL,NULL,NULL,NULL,NULL,5,97,1,6,1,1,2,5,8,3,N,NULL,Y,N,1904,1917,1904,N,NULL,90,6,0,N,,N,N,098-KY-0632-0,NULL,NULL,2019,O,7.24413E+11,098-KY-0632  -000,HIGH,098-KY-0632  -000,9.984,0,0,0,0,0,0,1,0,0,0,0,0,0
72453892,KSP0900,19-49488,20191219,1904,,,US119,,,US0119,US0119,0,098 US-119,US0119,N,N,NULL,NULL,NULL,N,NULL,NULL,NULL,NULL,NULL,NULL,24.668,NULL,NULL,NULL,NULL,,NULL,0,0,2,2,N,N,35,NULL,98,9834,NULL,,Y,37.66444,37,39.866,NULL,-82.27337,82,16.402,NULL,N,NULL,NULL,NULL,NULL,NULL,NULL,NULL,NULL,2,97,4,4,2,1,2,5,1,3,N,NULL,Y,N,1911,1942,1942,N,NULL,47,2,1,N,,N,N,098-US-0119-0,NULL,NULL,2019,O,7.24539E+11,098-US-0119  -000,HIGH,098-US-0119  -000,24.668,0,0,0,0,0,0,1,0,0,0,0,0,0
72463029,980500,2020AR005,20200110,2100,,150,WEDDINGTON BRANCH,,RD,,,0,098 CS-3026,CS3026,Y,N,NULL,NULL,NULL,N,NULL,NULL,NULL,NULL,NULL,NULL,0.299,NULL,NULL,NULL,NULL,,NULL,0,0,2,2,N,N,15,NULL,98,9807,NULL,,Y,37.52608,37,31.565,NULL,-82.57057,82,34.234,NULL,N,NULL,NULL,NULL,NULL,NULL,NULL,NULL,NULL,2,97,2,6,1,1,2,7,1,3,N,NULL,N,N,2100,2105,,N,NULL,90,,,N,,N,N,098-CS-3026-0,NULL,NULL,2020,O,7.2463E+11,098-CS-3026  -000,HIGH,098-CS-3026  -000,0.299,0,0,0,0,0,0,0,0,0,0,0,0,0
72444091,980100,2.019E+11,20191129,1346,,,CASSIDY,,BLVD,,,0,098 CS-1191,CS1191,Y,N,NULL,NULL,NULL,N,NULL,NULL,NULL,NULL,NULL,NULL,0.209,NULL,NULL,NULL,NULL,,NULL,0,0,2,2,N,N,NULL,NULL,98,9801,NULL,,Y,37.50408,37,30.245,NULL,-82.53535,82,32.121,NULL,N,NULL,NULL,NULL,NULL,NULL,NULL,NULL,NULL,1,97,NULL,6,1,1,2,2,1,3,N,NULL,Y,N,1346,1351,1453,N,NULL,90,,,N,,N,N,098-CS-1191-0,NULL,NULL,2019,O,7.24441E+11,098-CS-1191  -000,HIGH,098-CS-1191  -000,0.209,0,0,0,0,0,0,1,0,0,0,0,0,0
72464718,980100,2.02E+11,20200110,1118,,,KY3496,,,KY3496,KY3496,,,,Y,N,NULL,NULL,NULL,N,NULL,NULL,NULL,NULL,NULL,NULL,0.824,NULL,NULL,NULL,NULL,,NULL,0,0,2,2,N,N,15,NULL,98,9801,NULL,,Y,37.47205,37,28.323,NULL,-82.52908,82,31.745,NULL,N,NULL,NULL,NULL,NULL,NULL,NULL,NULL,NULL,2,97,1,6,1,1,2,2,1,3,N,NULL,Y,N,1118,1125,1125,N,NULL,90,16,0,N,,N,N,,NULL,NULL,2020,O,7.24647E+11,098-KY-3496  -000,HIGH,098-KY-3496  -000,0.824,0,0,0,1,0,0,1,1,0,0,0,0,0
72414777,370200,2019-37452,20190924,1415,,,KY1426,,,KY1426,KY1426,0,098 KY-1426,KY1426,N,N,NULL,NULL,NULL,N,NULL,NULL,NULL,NULL,NULL,NULL,12.566,NULL,NULL,NULL,NULL,,NULL,0,0,2,2,N,N,45,NULL,98,9828,NULL,,Y,37.54382,37,32.629,NULL,-82.46777,82,28.066,NULL,N,NULL,NULL,NULL,NULL,NULL,NULL,NULL,NULL,1,3,2,6,1,1,3,2,7,3,N,NULL,N,N,1440,1456,1456,N,NULL,55,7,0,N,,N,N,098-KY-1426-0,NULL,NULL,2019,O,7.24148E+11,098-KY-1426  -000,HIGH,098-KY-1426  -000,12.566,0,0,0,0,0,0,1,0,0,0,0,0,0
72507793,KSP0900,20-20383,20200530,635,,,KY194,,,KY0194,KY0194,0,098 KY-194,KY0194,N,N,NULL,NULL,NULL,N,NULL,NULL,NULL,NULL,NULL,NULL,55.278,NULL,NULL,NULL,NULL,,NULL,2,0,1,1,N,N,35,NULL,98,9804,NULL,,Y,37.51508,37,30.905,NULL,-82.15246,82,9.147,NULL,N,NULL,NULL,NULL,NULL,NULL,NULL,NULL,NULL,9,4,2,3,1,1,2,1,7,3,Y,NULL,Y,Y,635,636,636,Y,NULL,44,7,0,N,,N,N,098-KY-0194-0,NULL,NULL,2020,A,7.25078E+11,098-KY-0194  -000,HIGH,098-KY-0194  -000,55.278,0,0,0,0,0,0,0,0,0,1,0,1,0
72416757,980100,2.019E+11,20191006,1006,,,KY3496,,,KY3496,KY3496,,,,Y,N,NULL,NULL,NULL,N,NULL,NULL,NULL,NULL,NULL,NULL,0.119,NULL,NULL,NULL,NULL,,NULL,0,0,2,2,N,Y,15,NULL,98,9801,NULL,,Y,37.46607,37,27.964,NULL,-82.52985,82,31.791,NULL,N,NULL,NULL,NULL,NULL,NULL,NULL,NULL,NULL,2,97,1,6,1,1,3,2,1,3,N,NULL,Y,N,1012,1018,,N,NULL,90,16,0,N,,N,N,,NULL,NULL,2019,O,7.24168E+11,098-KY-3496  -000,HIGH,098-KY-3496  -000,0.119,0,0,0,0,0,0,1,0,0,0,0,0,0
72432494,KSP0900,19-43776,20191106,2021,,,KY3174,,,KY3174,KY3174,0,098 KY-3174-10,KY3174,N,N,NULL,NULL,NULL,N,NULL,NULL,NULL,NULL,NULL,NULL,4.624,NULL,NULL,NULL,NULL,,NULL,1,0,1,1,N,N,55,NULL,98,9801,NULL,,Y,37.36517,37,21.91,NULL,-82.46537,82,27.922,NULL,N,NULL,NULL,NULL,NULL,NULL,NULL,NULL,NULL,9,3,4,6,1,1,2,6,7,3,N,NULL,Y,Y,2021,2028,,N,NULL,38,,0,N,,N,N,098-KY-3174-10,NULL,NULL,2019,C,7.24325E+11,098-KY-3174  -010,HIGH,098-KY-3174  -000,4.624,0,0,0,0,0,0,0,0,0,0,0,0,0
72445048,980100,2.019E+11,20191202,1512,,,HAMBLEY,,BLVD,,,,,,Y,N,NULL,NULL,NULL,N,NULL,NULL,NULL,NULL,NULL,NULL,0.511,NULL,NULL,NULL,NULL,,NULL,0,0,2,2,Y,N,15,NULL,98,9801,NULL,,Y,37.47852,37,28.711,NULL,-82.52007,82,31.204,NULL,N,NULL,NULL,NULL,NULL,NULL,NULL,NULL,NULL,1,97,2,6,1,1,6,9,1,3,N,NULL,Y,N,1512,1515,,N,NULL,90,,,N,,N,N,,NULL,NULL,2019,NULL,7.2445E+11,098-CS-1222  -000,HIGH,098-CS-1222  -000,0.511,0,0,0,0,0,0,0,0,0,0,0,0,0
72423287,980100,2.019E+11,20191017,1721,,,US23 TURN LANE,,,US0023,US0023,0,098 US-23-20,US0023,N,N,NULL,NULL,NULL,N,NULL,NULL,NULL,NULL,NULL,NULL,0.012,NULL,NULL,NULL,NULL,,NULL,0,0,2,2,N,N,55,NULL,98,9801,NULL,,Y,37.50388,37,30.232,NULL,-82.53249,82,31.949,NULL,N,NULL,NULL,NULL,NULL,NULL,NULL,NULL,NULL,5,3,4,3,1,1,2,2,7,3,N,NULL,Y,N,1721,1735,1735,N,NULL,49,,1,N,,N,N,098-US-0023-20,NULL,NULL,2019,O,7.24233E+11,098-US-0023  -020,HIGH,098-US-0023  -020,0.012,0,0,0,0,0,0,1,0,0,0,0,0,0
72445501,980200,980200,20191127,1138,,,KY80,,,KY0080,KY0080,0,098 KY-80,KY0080,N,N,NULL,NULL,NULL,N,NULL,NULL,NULL,NULL,NULL,NULL,2.809,NULL,NULL,NULL,NULL,,NULL,0,0,2,2,N,N,5,NULL,98,9802,NULL,,Y,37.30727,37,18.436,NULL,-82.35315,82,21.189,NULL,N,NULL,NULL,NULL,NULL,NULL,NULL,NULL,NULL,2,7,2,6,1,1,2,2,1,3,N,NULL,Y,N,1130,1135,1135,N,NULL,56,7,0,N,,N,N,098-KY-0080-0,NULL,NULL,2019,O,7.24455E+11,098-KY-0080  -000,HIGH,098-KY-0080  -000,2.809,0,0,1,0,0,0,1,0,0,0,0,0,0
72409461,980100,2.019E+11,20190914,251,,,MAIN,,ST,,,0,098 CS-1112,CS1112,N,N,NULL,NULL,NULL,N,NULL,NULL,NULL,NULL,NULL,NULL,0.182,NULL,NULL,NULL,NULL,,NULL,0,0,2,2,N,Y,35,NULL,98,9801,NULL,,Y,37.48005,37,28.803,NULL,-82.51704,82,31.023,NULL,N,NULL,NULL,NULL,NULL,NULL,NULL,NULL,NULL,5,3,2,6,1,7,2,5,6,3,N,NULL,Y,N,251,255,344,N,NULL,49,,,Y,,N,N,098-CS-1112-0,NULL,NULL,2019,O,7.24095E+11,098-CS-1112  -000,HIGH,098-CS-1112  -000,0.182,0,0,0,0,0,0,0,0,1,1,0,0,0
72451052,KSP0900,2019-48697,20190813,1718,,,US119,,,US0119,US0119,0,098 US-119,US0119,N,N,NULL,NULL,NULL,N,NULL,NULL,NULL,NULL,NULL,NULL,23.371,NULL,NULL,NULL,NULL,,NULL,0,0,2,2,N,N,55,NULL,98,9836,NULL,,Y,37.64688,37,38.813,NULL,-82.26733,82,16.04,NULL,N,NULL,NULL,NULL,NULL,NULL,NULL,NULL,NULL,5,3,2,6,1,5,6,7,3,3,N,NULL,Y,N,1718,1800,1800,N,NULL,49,2,1,N,,N,N,098-US-0119-0,NULL,NULL,2019,O,7.24511E+11,098-US-0119  -000,HIGH,098-US-0119  -000,23.371,0,0,0,0,0,0,0,1,0,0,0,0,0
72459600,980100,2.019E+11,20191228,1329,,,CASSIDY,,BLVD,,,,,,Y,N,NULL,NULL,NULL,N,NULL,NULL,NULL,NULL,NULL,NULL,0.398,NULL,NULL,NULL,NULL,,NULL,0,0,2,2,N,N,NULL,NULL,98,9801,NULL,,Y,37.50468,37,30.281,NULL,-82.5385,82,32.31,NULL,N,NULL,NULL,NULL,NULL,NULL,NULL,NULL,NULL,2,97,NULL,6,1,1,2,2,1,3,N,NULL,Y,N,1329,1347,,N,NULL,90,,,N,,N,N,,NULL,NULL,2019,O,7.24596E+11,098-CS-1191  -000,HIGH,098-CS-1191  -000,0.398,0,0,0,0,0,0,1,0,0,0,0,0,0
72433388,KSP0900,19-43979,20191108,1130,,,US119,,,US0119,US0119,0,098 US-119,US0119,N,N,NULL,NULL,NULL,N,NULL,NULL,NULL,NULL,NULL,NULL,25.414,NULL,NULL,NULL,NULL,,NULL,0,0,2,2,N,N,55,NULL,98,9834,NULL,,Y,37.67324,37,40.395,NULL,-82.28131,82,16.879,NULL,N,NULL,NULL,NULL,NULL,NULL,NULL,NULL,NULL,5,3,2,6,1,1,2,2,7,3,N,NULL,Y,N,1130,1135,1140,N,NULL,49,2,1,N,,N,N,098-US-0119-0,NULL,NULL,2019,O,7.24334E+11,098-US-0119  -000,HIGH,098-US-0119  -000,25.414,0,0,0,0,0,0,1,1,0,0,0,0,0
72431529,KSP0900,19-43109,20191102,735,,,US460,,,US0460,US0460,0,098 US-460,US0460,N,N,NULL,NULL,NULL,N,NULL,NULL,NULL,NULL,NULL,NULL,0.883,NULL,NULL,NULL,NULL,,NULL,2,0,2,2,N,N,55,NULL,98,9801,NULL,,Y,37.43195,37,25.917,NULL,-82.50542,82,30.325,NULL,N,NULL,NULL,NULL,NULL,NULL,NULL,NULL,NULL,1,4,2,6,1,2,3,1,7,3,Y,NULL,Y,N,735,811,811,Y,NULL,47,,1,N,,N,N,098-US-0460-0,NULL,NULL,2019,C,7.24315E+11,098-US-0460  -000,HIGH,098-US-0460  -000,0.883,0,0,0,0,0,0,0,0,0,0,0,1,0
72437774,980100,2.019E+11,20191109,1235,,,CASSIDY,,BLVD,,,0,098 CS-1191,CS1191,Y,N,NULL,NULL,NULL,N,NULL,NULL,NULL,NULL,NULL,NULL,0.07,NULL,NULL,NULL,NULL,,NULL,0,0,2,2,N,N,15,NULL,98,9801,NULL,,Y,37.50365,37,30.219,NULL,-82.53328,82,31.997,NULL,N,NULL,NULL,NULL,NULL,NULL,NULL,NULL,NULL,2,97,1,6,1,1,2,2,1,3,N,NULL,Y,N,1236,1241,,N,NULL,90,,,N,,N,N,098-CS-1191-0,NULL,NULL,2019,O,7.24378E+11,098-CS-1191  -000,HIGH,098-CS-1191  -000,0.07,0,0,0,0,0,0,1,0,0,0,0,0,0
72423841,370200,2019-40636,20191015,957,,,US23,,,US0023,US0023,0,098 US-23-10,US0023,N,N,NULL,NULL,NULL,N,NULL,NULL,NULL,NULL,NULL,NULL,26.257,NULL,NULL,NULL,NULL,,NULL,0,0,1,1,N,N,55,NULL,98,9801,NULL,,Y,37.50329,37,30.197,NULL,-82.53231,82,31.938,NULL,N,NULL,NULL,NULL,NULL,NULL,NULL,NULL,NULL,9,3,4,3,1,1,3,2,7,3,N,NULL,Y,N,957,1012,1012,Y,NULL,70,,1,Y,,N,N,098-US-0023-10,NULL,NULL,2019,O,7.24238E+11,098-US-0023  -010,HIGH,098-US-0023  -000,26.257,0,1,0,0,0,0,0,0,0,0,0,1,0
72411890,980100,2.019E+11,20190921,1526,,847,HAMBLEY,,BLVD,,,0,098 CS-1222,CS1222,N,N,NULL,NULL,NULL,N,NULL,NULL,NULL,NULL,NULL,NULL,0.433,NULL,NULL,NULL,NULL,,NULL,0,0,3,3,N,N,25,NULL,98,9801,NULL,,Y,37.47758,37,28.655,NULL,-82.52102,82,31.261,NULL,N,NULL,NULL,NULL,NULL,NULL,NULL,NULL,NULL,2,5,3,6,1,1,2,2,1,3,N,NULL,Y,N,1526,1532,1545,N,NULL,47,,,N,,N,N,098-CS-1222-0,NULL,NULL,2019,O,7.24119E+11,098-CS-1222  -000,HIGH,098-CS-1222  -000,0.433,0,0,0,0,0,0,0,0,0,0,0,0,0
72433179,980100,2.019E+11,20191107,1527,,,KY1460,,,KY1460,KY1460,,,,N,N,NULL,NULL,NULL,N,NULL,NULL,NULL,NULL,NULL,NULL,7.033,NULL,NULL,NULL,NULL,,NULL,0,0,2,2,N,N,45,NULL,98,9801,NULL,,Y,37.48588,37,29.153,NULL,-82.54346,82,32.608,NULL,N,NULL,NULL,NULL,NULL,NULL,NULL,NULL,NULL,5,3,2,1,1,5,6,2,7,3,N,NULL,Y,N,1527,1530,1530,N,NULL,70,16,0,N,,N,N,,NULL,NULL,2019,O,7.24332E+11,098-KY-1460  -000,HIGH,098-KY-1460  -000,7.033,0,0,0,0,0,0,1,0,0,0,0,0,0
72399646,KSP0900,19-32821,20190824,623,,,FISHTRAP,,RD,KY1441,KY1441,0,098 KY-1441,KY1441,N,N,NULL,NULL,NULL,N,NULL,NULL,NULL,NULL,NULL,NULL,6.057,NULL,NULL,NULL,NULL,,NULL,0,0,1,1,N,N,35,NULL,98,9850,NULL,,Y,37.46958,37,28.175,NULL,-82.42747,82,25.648,NULL,N,NULL,NULL,NULL,NULL,NULL,NULL,NULL,NULL,9,3,2,2,1,1,2,2,7,3,N,NULL,Y,N,623,758,815,N,NULL,70,8,0,N,,N,N,098-KY-1441-0,NULL,NULL,2019,O,7.23996E+11,098-KY-1441  -000,HIGH,098-KY-1441  -000,6.057,0,0,0,0,0,0,0,0,0,0,0,1,0
72458438,980000,19-12-008,20191226,1630,,,KY122,,,KY0122,KY0122,0,098 KY-122,KY0122,N,N,NULL,NULL,NULL,N,NULL,NULL,NULL,NULL,NULL,NULL,7.391,NULL,NULL,NULL,NULL,,NULL,0,0,1,1,N,N,55,NULL,98,9827,NULL,,Y,37.37603,37,22.562,NULL,-82.58606,82,35.163,NULL,N,NULL,NULL,NULL,NULL,NULL,NULL,NULL,NULL,9,5,2,6,1,1,2,2,7,3,N,NULL,Y,Y,1615,1630,1630,N,NULL,51,,0,N,,N,N,098-KY-0122-0,NULL,NULL,2019,O,7.24584E+11,098-KY-0122  -000,HIGH,098-KY-0122  -000,7.391,0,0,1,0,0,0,0,0,0,0,0,1,0
72457844,980100,2.019E+11,20191230,740,,,US23,,,US0023,US0023,,,,N,N,NULL,NULL,NULL,N,NULL,NULL,NULL,NULL,NULL,NULL,22.593,NULL,NULL,NULL,NULL,,NULL,1,0,2,2,N,N,55,NULL,98,9801,NULL,,Y,37.46449,37,27.869,NULL,-82.52002,82,31.201,NULL,N,NULL,NULL,NULL,NULL,NULL,NULL,NULL,NULL,5,3,4,6,1,1,2,2,1,3,N,NULL,Y,Y,740,745,912,N,NULL,49,,1,N,,N,N,,NULL,NULL,2019,B,7.24578E+11,098-US-0023  -000,MEDIUM,098-US-0023  -000,22.593,0,0,0,0,0,0,1,1,0,0,0,0,0
72455941,KSP0900,19-50254,20191225,2253,,,STONE COAL CREEK,,RD,KY3227,KY3227,0,098 KY-3227,KY3227,N,N,NULL,NULL,NULL,N,NULL,NULL,NULL,NULL,NULL,NULL,4.25,NULL,NULL,NULL,NULL,,NULL,0,0,1,1,N,N,55,NULL,98,9801,NULL,,Y,37.54971,37,32.983,NULL,-82.50916,82,30.549,NULL,N,NULL,NULL,NULL,NULL,NULL,NULL,NULL,NULL,9,97,2,6,1,1,2,4,6,3,N,NULL,Y,N,2254,2313,,Y,NULL,44,8,0,Y,,N,N,098-KY-3227-0,NULL,NULL,2019,O,7.24559E+11,098-KY-3227  -000,HIGH,098-KY-3227  -000,4.25,0,0,0,0,0,0,0,0,0,0,0,1,0
72440945,370200,2019-45500,20191119,1323,,,KY194,,,KY0194,KY0194,0,098 KY-194,KY0194,N,N,NULL,NULL,NULL,N,NULL,NULL,NULL,NULL,NULL,NULL,8.193,NULL,NULL,NULL,NULL,,NULL,0,0,2,2,N,N,55,NULL,98,9801,NULL,,Y,37.61063,37,36.638,NULL,-82.53284,82,31.97,NULL,N,NULL,NULL,NULL,NULL,NULL,NULL,NULL,NULL,8,3,2,3,1,1,3,2,7,3,N,NULL,N,N,1330,1408,1408,N,NULL,53,7,0,Y,,N,N,098-KY-0194-0,NULL,NULL,2019,O,7.24409E+11,098-KY-0194  -000,HIGH,098-KY-0194  -000,8.193,0,0,0,1,0,0,1,0,0,0,0,1,0
72411729,KSP0900,19-37555,20190925,743,,,FISHTRAP,,RD,KY1441,KY1441,0,098 KY-1441,KY1441,N,N,NULL,NULL,NULL,N,NULL,NULL,NULL,NULL,NULL,NULL,1.529,NULL,NULL,NULL,NULL,,NULL,0,0,2,2,N,N,55,NULL,98,9801,7,SE,N,37.41411,37,24.846,NULL,-82.42721,82,25.632,NULL,N,NULL,NULL,NULL,NULL,NULL,NULL,NULL,NULL,7,3,2,4,1,1,2,2,7,3,N,NULL,Y,N,743,814,814,N,NULL,54,8,0,N,,N,N,098-KY-1441-0,NULL,NULL,2019,O,7.24117E+11,098-KY-1441  -000,HIGH,098-KY-1441  -000,1.529,0,0,0,0,0,0,0,0,0,0,0,1,0
72420526,KSP0900,19-40500,20191014,1057,,,ROBINSON CREEK,,RD,KY0122,KY0122,0,098 KY-122,KY0122,N,N,NULL,NULL,NULL,N,NULL,NULL,NULL,NULL,NULL,NULL,6.293,NULL,NULL,NULL,NULL,,NULL,0,0,1,1,N,N,55,NULL,98,9827,NULL,,Y,37.36281,37,21.769,NULL,-82.58428,82,35.057,NULL,N,NULL,NULL,NULL,NULL,NULL,NULL,NULL,NULL,9,3,2,2,1,1,2,2,7,3,N,NULL,Y,N,1057,1110,1145,N,NULL,44,,0,N,,N,N,098-KY-0122-0,NULL,NULL,2019,O,7.24205E+11,098-KY-0122  -000,HIGH,098-KY-0122  -000,6.293,0,0,0,1,0,0,0,0,0,0,0,1,0