MasterFile,AgencyORINumber,LocalCode,CollisionDate,CollisionTime,CollisionDayWeekCode,RoadwayName_HouseBusinessNumber_,RoadwayName_RoadwayName_,RoadwayName_Direction_,RoadwayName_RoadwaySuffix_,RoadwayfromReport,CurrentRoadwayNumber,RoadwayNumberCoupletID,RSEUniqueGIS,RoadwayIdentifier,ParkingLotIndicator,IntersectionWith_Indicator_,IntersectionWith_NameRoadway_,IntersectionWith_Direction_,IntersectionWith_RoadwaySuffix_,BetweenStreets_Indicator_,BetweenStreets1_NameRoadway_,BetweenStreet1_Direction_,BetweenStreets1_RoadwaySuffix_,BetweenStreets2_NameRoadway_,BetweenStreets2_Direction_,BetweenStreets2_RoadwaySuffix_,Milepoint,ReportMilepointDeriveNumber,CurrentDerivedMiepointNumber,MilestoMilepoint,FeettoMilepoint,DirectionfromMilepoint_NSEW_,ValidMilepointIndicator,NumberInjured,NumberKilled,ofUnits,ofMotorVehicleUnits,Hit&RunIndicator,OneWayIndicator,SpeedLimitNumber,KilometersIndicator,CountyCode,CityCountyCode,MilesFromCity,DirectionFromCity_NSEW_,InCityLimitsIndicator,Latitude,LatitudeDegrees,LatitudeMinutes,LatitudeSeconds,Longitude,LongitudeDegrees,LongitudeMinutes,LongitudeSeconds,RampIndicator,RampFromIdentifier,RampFromDirCode,RampFromCoupletID,RSEUniqueGISRampFrom,RampToidentifier,RampToDirCode,RampToCoupletID,RSEUniqueGisRampTo,MannerofCollisionCode,LocationFirstEventCode,TotalLanes,RoadwayCharacterCode,RoadwaySurfaceCode,RoadwayConditionCode,WeatherCode,LightConditionCode,LandUseCode,SchoolBusRelatedCode,FirstAidSceneIndicator,CollDescPresentInd,InvestigationCompleteIndicator,PhotosTakenIndicator,TimeNotified,TimeArrived,TimeRoadwayOpened,PropertyDamageIndicator,DiagramPresentIndicator,DirectionalAnalysis,FunctionClassCode,NationalHwySysCode,EnforcementsIndicator,KARSCityCode,SecondaryCollisionIndicator,MedianCrossoverIndicator,RT_UNIQUE,MapIt,TimeLastLeft,YR,KABCO,MFNY,WorkingRID,RT_CONFIDENCE,KTC_RT,KTC_MP,Motorcyclist,CommercialVehicle,YoungDriver,MatureDriver,pedestrian,Bicyclist,Distracted,agressive,Impaired,Unrestrained,Intersection,RoadwayDeparture,MedXover
72425961,980100,2.019E+11,20191025,937,,911,BYPASS RD,,RD,,,0,098 CS-1223,CS1223,Y,N,NULL,NULL,NULL,N,NULL,NULL,NULL,NULL,NULL,NULL,NULL,NULL,NULL,NULL,NULL,NULL,NULL,0,0,1,1,N,N,NULL,NULL,98,9801,NULL,,Y,37.47128,37,28.277,NULL,-82.52117,82,31.27,NULL,N,NULL,NULL,NULL,NULL,NULL,NULL,NULL,NULL,9,97,1,6,2,1,2,2,1,3,N,NULL,Y,N,937,944,944,Y,NULL,90,,,N,,N,N,098-CS-1223-0,NULL,NULL,2019,O,7.2426E+11,098-CS-1223  -000,HIGH,098-CS-1223  -000,0.135,0,0,0,1,0,0,1,0,0,0,0,1,0
72450332,980100,2.019E+11,20191210,1608,,,US23,,,US0023,US0023,,,,N,Y,US119,,,N,NULL,NULL,NULL,NULL,NULL,NULL,26.283,NULL,NULL,NULL,NULL,,NULL,0,0,2,2,N,N,55,NULL,98,9801,NULL,,Y,37.50365,37,30.219,NULL,-82.53214,82,31.928,NULL,N,NULL,NULL,NULL,NULL,NULL,NULL,NULL,NULL,4,3,4,6,1,5,9,5,7,3,N,NULL,Y,N,1608,1611,1611,N,NULL,16,,1,N,,N,N,,NULL,NULL,2019,O,7.24503E+11,098-US-0023  -000,MEDIUM,098-US-0023  -000,26.283,0,0,0,0,0,0,1,0,0,0,1,0,0
72461069,980100,2.02E+11,20200108,1617,,,KENTUCKY,,AVE,,,0,098 CS-1162,CS1162,Y,N,NULL,NULL,NULL,N,NULL,NULL,NULL,NULL,NULL,NULL,0.311,NULL,NULL,NULL,NULL,,NULL,0,0,2,2,Y,N,NULL,NULL,98,9801,NULL,,Y,37.47837,37,28.702,NULL,-82.52193,82,31.316,NULL,N,NULL,NULL,NULL,NULL,NULL,NULL,NULL,NULL,5,7,NULL,6,1,1,2,9,8,3,N,NULL,Y,N,1617,1622,1622,N,NULL,90,,,N,,N,N,098-CS-1162-0,NULL,NULL,2020,NULL,7.24611E+11,098-CS-1162  -000,HIGH,098-CS-1162  -000,0.311,0,0,0,0,0,0,0,0,0,0,0,0,0
72488518,980100,2.02E+11,20200311,2003,,,SOUTH BYPASS ROAD,,,,,,,,N,Y,BAIRDE AVE,,,N,NULL,NULL,NULL,NULL,NULL,NULL,NULL,NULL,NULL,NULL,NULL,NULL,NULL,1,0,2,2,N,N,35,NULL,98,9801,NULL,,Y,37.47228,37,28.337,NULL,-82.52685,82,31.611,NULL,N,NULL,NULL,NULL,NULL,NULL,NULL,NULL,NULL,4,3,2,6,1,1,2,5,1,3,Y,NULL,Y,Y,2004,2010,2044,N,NULL,16,,,N,,N,N,,NULL,NULL,2020,C,7.24885E+11,098-KY-1426  -000,MEDIUM,098-KY-1426  -000,5.464,0,0,0,0,0,0,0,1,0,0,1,0,0
72502650,KSP0900,20-18709,20200519,622,,,ELKHORN,,CRK,KY0197,KY0197,0,098 KY-197,KY0197,N,N,NULL,NULL,NULL,N,NULL,NULL,NULL,NULL,NULL,NULL,12.617,NULL,NULL,NULL,NULL,,NULL,0,0,1,1,Y,N,55,NULL,98,9802,4,S,N,37.27763,37,16.658,NULL,-82.39767,82,23.86,NULL,N,NULL,NULL,NULL,NULL,NULL,NULL,NULL,NULL,9,97,2,6,1,5,6,6,5,3,N,NULL,N,N,622,645,,Y,NULL,40,7,0,N,,N,N,098-KY-0197-0,NULL,NULL,2020,O,7.25027E+11,098-KY-0197  -000,HIGH,098-KY-0197  -000,12.617,0,0,0,0,0,0,0,0,0,0,0,1,0
72471510,KSP0900,2020-4101,20200131,2352,,,KY1426,,,KY1426,KY1426,0,098 KY-1426,KY1426,N,N,NULL,NULL,NULL,N,NULL,NULL,NULL,NULL,NULL,NULL,14.882,NULL,NULL,NULL,NULL,,NULL,0,0,1,1,N,N,35,NULL,98,9820,NULL,,Y,37.56696,37,34.017,NULL,-82.45792,82,27.475,NULL,N,NULL,NULL,NULL,NULL,NULL,NULL,NULL,NULL,9,3,2,3,1,1,2,7,6,3,N,NULL,N,N,2352,1,1,N,NULL,40,7,0,N,,N,N,098-KY-1426-0,NULL,NULL,2020,O,7.24715E+11,098-KY-1426  -000,HIGH,098-KY-1426  -000,14.882,0,0,1,0,0,0,0,0,0,0,0,1,0
72386761,KSP0900,19-29165,20190731,1010,,25081,US119,,,US0119,US0119,0,098 US-119,US0119,N,N,NULL,NULL,NULL,N,NULL,NULL,NULL,NULL,NULL,NULL,18.877,NULL,NULL,NULL,NULL,,NULL,0,0,1,1,N,N,55,NULL,98,9836,NULL,,Y,37.60023,37,36.014,NULL,-82.27639,82,16.583,NULL,N,NULL,NULL,NULL,NULL,NULL,NULL,NULL,NULL,9,2,4,3,1,1,2,2,7,3,N,NULL,Y,N,1010,118,1045,Y,NULL,40,2,1,N,,N,N,098-US-0119-0,NULL,NULL,2019,O,7.23868E+11,098-US-0119  -000,HIGH,098-US-0119  -000,18.877,0,0,0,0,0,0,1,0,0,0,0,1,0
72409433,KSP0900,19-34162,20190902,1406,,,SYCAMORE,,HL,,,0,098 CR-1821,CR1821,N,N,NULL,NULL,NULL,N,NULL,NULL,NULL,NULL,NULL,NULL,0.082,NULL,NULL,NULL,NULL,,NULL,1,0,1,1,N,N,15,NULL,98,9811,NULL,,Y,37.56046,37,33.628,NULL,-82.14582,82,8.749,NULL,N,NULL,NULL,NULL,NULL,NULL,NULL,NULL,NULL,9,3,1,4,3,1,2,2,7,3,Y,NULL,Y,Y,1406,1515,1530,N,NULL,44,,,N,,N,N,098-CR-1821-0,NULL,NULL,2019,B,7.24094E+11,098-CR-1821  -000,HIGH,098-CR-1821  -000,0.082,0,0,0,0,0,0,0,0,0,0,0,1,0
72437734,KSP0900,19-44278,20191111,1630,,,US119,,,US0119,US0119,0,098 US-119,US0119,Y,N,NULL,NULL,NULL,N,NULL,NULL,NULL,NULL,NULL,NULL,24.12,NULL,NULL,NULL,NULL,,NULL,0,0,2,2,N,N,15,NULL,98,9834,NULL,,Y,37.65548,37,39.329,NULL,-82.26933,82,16.16,NULL,N,NULL,NULL,NULL,NULL,NULL,NULL,NULL,NULL,2,97,1,6,1,1,2,2,7,3,N,NULL,Y,N,1630,1715,1715,N,NULL,90,2,1,N,,N,N,098-US-0119-0,NULL,NULL,2019,O,7.24377E+11,098-US-0119  -000,HIGH,098-US-0119  -000,24.12,0,0,0,1,0,0,1,0,0,0,0,0,0
72459326,980100,2.02E+11,20200103,1218,,254,CASSIDY,,BLVD,,,0,098 CS-1191,CS1191,Y,N,NULL,NULL,NULL,N,NULL,NULL,NULL,NULL,NULL,NULL,0.349,NULL,NULL,NULL,NULL,,NULL,0,0,2,2,N,N,NULL,NULL,98,9801,NULL,,Y,37.50517,37,30.31,NULL,-82.53784,82,32.27,NULL,N,NULL,NULL,NULL,NULL,NULL,NULL,NULL,NULL,1,97,1,6,1,5,3,2,1,3,N,NULL,Y,N,1219,1230,1230,N,NULL,90,,,N,,N,N,098-CS-1191-0,NULL,NULL,2020,O,7.24593E+11,098-CS-1191  -000,HIGH,098-CS-1191  -000,0.349,0,0,0,0,0,0,0,0,0,0,0,0,0
72467050,KSP0900,20-3925,20200123,1832,,,KY1426,,,KY1426,KY1426,0,098 KY-1426,KY1426,N,N,NULL,NULL,NULL,N,NULL,NULL,NULL,NULL,NULL,NULL,12.257,NULL,NULL,NULL,NULL,,NULL,0,0,2,2,N,N,55,NULL,98,9828,NULL,,Y,37.5394,37,32.364,NULL,-82.46848,82,28.109,NULL,N,NULL,NULL,NULL,NULL,NULL,NULL,NULL,NULL,3,3,2,3,1,1,3,3,7,3,N,NULL,Y,N,1927,1944,2010,N,NULL,52,7,0,N,,N,N,098-KY-1426-0,NULL,NULL,2020,O,7.24671E+11,098-KY-1426  -000,HIGH,098-KY-1426  -000,12.257,0,0,0,1,0,0,0,0,0,0,0,1,0
72496838,KSP0900,20-15501,20200426,1205,,,KY632,,,KY0632,KY0632,0,098 KY-632,KY0632,N,N,NULL,NULL,NULL,N,NULL,NULL,NULL,NULL,NULL,NULL,3.162,NULL,NULL,NULL,NULL,,NULL,2,0,1,1,N,N,55,NULL,98,9817,NULL,,Y,37.48616,37,29.17,NULL,-82.30417,82,18.25,NULL,N,NULL,NULL,NULL,NULL,NULL,NULL,NULL,NULL,9,5,2,3,1,5,6,2,7,3,N,NULL,Y,Y,1207,1237,1313,N,NULL,44,6,0,N,,N,N,098-KY-0632-0,NULL,NULL,2020,A,7.24968E+11,098-KY-0632  -000,HIGH,098-KY-0632  -000,3.162,0,0,0,0,0,0,0,1,0,1,0,1,0
72379766,980200,980200,20190710,150,,,KY80,,,KY0080,KY0080,0,098 KY-80,KY0080,N,N,NULL,NULL,NULL,N,NULL,NULL,NULL,NULL,NULL,NULL,6.245,NULL,NULL,NULL,NULL,,NULL,0,0,2,2,N,N,35,NULL,98,9802,3,E,N,37.29717,37,17.83,NULL,-82.31323,82,18.794,NULL,N,NULL,NULL,NULL,NULL,NULL,NULL,NULL,NULL,7,3,2,3,1,1,2,2,7,3,N,NULL,Y,Y,152,156,230,N,NULL,54,7,0,N,,N,N,098-KY-0080-0,NULL,NULL,2019,O,7.23798E+11,098-KY-0080  -000,HIGH,098-KY-0080  -000,6.245,0,0,0,0,0,0,0,1,0,0,0,1,0
72441572,KSP0900,19-45345,20191118,1321,,,US460,,,US0460,US0460,0,098 US-460,US0460,N,N,NULL,NULL,NULL,N,NULL,NULL,NULL,NULL,NULL,NULL,9.344,NULL,NULL,NULL,NULL,,NULL,0,0,2,2,N,N,35,NULL,98,9801,NULL,,Y,37.36851,37,22.11,NULL,-82.41425,82,24.855,NULL,N,NULL,NULL,NULL,NULL,NULL,NULL,NULL,NULL,8,3,2,6,1,1,2,2,7,3,N,NULL,N,N,1321,1324,,N,NULL,53,,1,N,,N,N,098-US-0460-0,NULL,NULL,2019,O,7.24416E+11,098-US-0460  -000,HIGH,098-US-0460  -000,9.344,0,0,0,0,0,0,1,0,0,0,0,1,0
72413074,980100,2.019E+11,20190927,1908,,,KY1426 TURN LANE,,,KY1426,KY1426,0,098 KY-1426-27,KY1426,N,N,NULL,NULL,NULL,N,NULL,NULL,NULL,NULL,NULL,NULL,0.009,NULL,NULL,NULL,NULL,,NULL,0,0,2,2,N,N,55,NULL,98,9801,NULL,,Y,37.51379,37,30.827,NULL,-82.4875,82,29.25,NULL,N,NULL,NULL,NULL,NULL,NULL,NULL,NULL,NULL,5,3,2,6,1,1,2,3,1,3,N,NULL,Y,N,1908,1915,1915,N,NULL,49,8,0,N,,N,N,098-KY-1426-27,NULL,NULL,2019,O,7.24131E+11,098-KY-1426  -027,HIGH,098-KY-1426  -027,0.009,0,0,0,1,0,0,1,0,0,0,0,0,0
72411474,980100,2.019E+11,20190924,1353,,,US23,,,US0023,US0023,,,,N,N,NULL,NULL,NULL,N,NULL,NULL,NULL,NULL,NULL,NULL,21.876,NULL,NULL,NULL,NULL,,NULL,2,0,2,2,N,N,55,NULL,98,9801,NULL,,Y,37.45601,37,27.36,NULL,-82.51929,82,31.158,NULL,N,NULL,NULL,NULL,NULL,NULL,NULL,NULL,NULL,1,3,4,6,1,1,2,2,7,3,N,NULL,Y,Y,1353,1359,1416,N,NULL,55,,1,N,,N,N,,NULL,NULL,2019,C,7.24115E+11,098-US-0023  -000,MEDIUM,098-US-0023  -000,21.876,0,0,0,1,0,0,1,1,0,0,0,0,0
72452978,980100,2.019E+11,20191218,830,,,BYPASS,S,RD,KY1426,KY1426,0,098 KY-1426,KY1426,N,N,NULL,NULL,NULL,N,NULL,NULL,NULL,NULL,NULL,NULL,6.261,NULL,NULL,NULL,NULL,,NULL,0,0,2,2,N,N,55,NULL,98,9801,NULL,,Y,37.47852,37,28.711,NULL,-82.51559,82,30.935,NULL,N,NULL,NULL,NULL,NULL,NULL,NULL,NULL,NULL,5,3,2,6,1,1,2,2,1,3,N,NULL,N,N,830,833,833,N,NULL,49,,0,N,,N,N,098-KY-1426-0,NULL,NULL,2019,O,7.2453E+11,098-KY-1426  -000,HIGH,098-KY-1426  -000,6.261,0,0,0,0,0,0,1,0,0,0,0,0,0
72438950,KSP0900,19-43865,20191107,1323,,,US119,,,US0119,US0119,0,098 US-119-10,US0119,N,N,NULL,NULL,NULL,N,NULL,NULL,NULL,NULL,NULL,NULL,21.798,NULL,NULL,NULL,NULL,,NULL,0,0,2,2,N,N,55,NULL,98,9836,NULL,,Y,37.63068,37,37.84,NULL,-82.26092,82,15.655,NULL,N,NULL,NULL,NULL,NULL,NULL,NULL,NULL,NULL,7,3,2,3,1,5,6,2,7,3,N,NULL,Y,N,1324,1332,1415,N,NULL,41,2,1,N,,N,N,098-US-0119-10,NULL,NULL,2019,O,7.2439E+11,098-US-0119  -010,HIGH,098-US-0119  -000,21.798,0,0,0,0,0,0,0,0,0,1,0,1,0
72401022,KSP0900,19-33760,20190830,1555,,,US23,,,US0023,US0023,0,098 US-23,US0023,N,N,NULL,NULL,NULL,N,NULL,NULL,NULL,NULL,NULL,NULL,10.308,NULL,NULL,NULL,NULL,,NULL,0,0,2,2,N,N,55,NULL,98,9827,NULL,,Y,37.34208,37,20.525,NULL,-82.55069,82,33.042,NULL,N,NULL,NULL,NULL,NULL,NULL,NULL,NULL,NULL,2,97,1,6,1,1,2,2,5,3,N,NULL,Y,N,1355,1426,1443,N,NULL,47,,1,N,,N,N,098-US-0023-0,NULL,NULL,2019,O,7.2401E+11,098-US-0023  -000,HIGH,098-US-0023  -000,10.308,0,0,0,0,0,0,0,0,0,0,0,0,0
72401390,KSP0900,19-33917,20190831,1612,,,US119,,,US0119,US0119,,,,N,N,NULL,NULL,NULL,N,NULL,NULL,NULL,NULL,NULL,NULL,24.069,NULL,NULL,NULL,NULL,,NULL,0,0,2,2,N,N,25,NULL,98,9834,NULL,,Y,37.65666,37,39.4,NULL,-82.27041,82,16.225,NULL,N,NULL,NULL,NULL,NULL,NULL,NULL,NULL,NULL,7,3,3,5,1,1,2,2,7,3,N,NULL,N,N,1612,1618,1618,N,NULL,54,2,1,N,,N,N,,NULL,NULL,2019,O,7.24014E+11,098-US-0119  -000,MEDIUM,098-US-0119  -000,24.069,0,0,1,0,0,0,0,0,0,0,0,1,0
72458983,KSP0900,20-43,20200101,1118,,,KY122,,,KY0122,KY0122,0,098 KY-122,KY0122,N,N,NULL,NULL,NULL,N,NULL,NULL,NULL,NULL,NULL,NULL,6.036,NULL,NULL,NULL,NULL,,NULL,0,0,1,1,N,N,55,NULL,98,9827,NULL,,Y,37.35913,37,21.548,NULL,-82.58552,82,35.131,NULL,N,NULL,NULL,NULL,NULL,NULL,NULL,NULL,NULL,9,4,2,4,1,1,2,6,7,3,N,NULL,N,Y,1118,1137,1407,N,NULL,51,,0,Y,,N,Y,098-KY-0122-0,NULL,NULL,2020,O,7.2459E+11,098-KY-0122  -000,HIGH,098-KY-0122  -000,6.036,0,0,0,0,0,0,0,0,0,0,0,1,0
72442303,980100,2.019E+11,20191122,745,,,US23,,,US0023,US0023,0,098 US-23-10,US0023,N,N,NULL,NULL,NULL,N,NULL,NULL,NULL,NULL,NULL,NULL,26.605,NULL,NULL,NULL,NULL,,NULL,0,0,3,3,N,N,55,NULL,98,9801,NULL,,Y,37.5075,37,30.45,NULL,-82.53513,82,32.108,NULL,N,NULL,NULL,NULL,NULL,NULL,NULL,NULL,NULL,5,3,4,6,1,5,6,2,1,3,N,NULL,N,N,746,750,840,N,NULL,49,,1,N,,N,N,098-US-0023-10,NULL,NULL,2019,O,7.24423E+11,098-US-0023  -010,HIGH,098-US-0023  -000,26.605,0,0,0,1,0,0,1,0,0,0,0,0,0
72451682,980100,2.019E+11,20191209,132,,,FOOD CITY REAR PARKING LOT,,RD,,,0,098 CS-1215,CS1215,Y,N,NULL,NULL,NULL,N,NULL,NULL,NULL,NULL,NULL,NULL,NULL,NULL,NULL,NULL,NULL,NULL,NULL,0,0,2,2,N,N,35,NULL,98,9801,NULL,,Y,37.50325,37,30.195,NULL,-82.53748,82,32.249,NULL,N,NULL,NULL,NULL,NULL,NULL,NULL,NULL,NULL,2,97,2,6,1,1,2,2,1,3,N,NULL,Y,N,1320,1329,1347,N,NULL,90,,,N,,N,N,098-CS-1215-0,NULL,NULL,2019,O,7.24517E+11,098-CS-1215  -000,HIGH,098-CS-1215  -000,0.899,0,1,0,0,0,0,1,0,0,0,0,0,0
72437522,980100,2.019E+11,20191116,1625,,,JUSTICE WAY,,,,,,,,Y,N,NULL,NULL,NULL,N,NULL,NULL,NULL,NULL,NULL,NULL,NULL,NULL,NULL,NULL,NULL,,NULL,0,0,2,2,N,N,15,NULL,98,9801,NULL,,Y,37.50724,37,30.434,NULL,-82.54274,82,32.564,NULL,N,NULL,NULL,NULL,NULL,NULL,NULL,NULL,NULL,1,97,NULL,6,1,1,2,2,1,3,N,NULL,Y,N,1626,1637,1639,N,NULL,90,,,N,,N,N,,NULL,NULL,2019,O,7.24375E+11,098-CS-1215  -000,MEDIUM,098-CS-1215  -000,0.533,0,0,1,1,0,0,1,0,0,0,0,0,0
72500486,KSP0900,20-16931,20200506,719,,,MAIN ST CONN,,,,,0,098 CS-3000-71,CS3000,N,N,NULL,NULL,NULL,N,NULL,NULL,NULL,NULL,NULL,NULL,0.013,NULL,NULL,NULL,NULL,,NULL,0,0,2,2,N,N,35,NULL,98,9807,NULL,,Y,37.51898,37,31.139,NULL,-82.56613,82,33.968,NULL,N,NULL,NULL,NULL,NULL,NULL,NULL,NULL,NULL,2,3,2,4,1,5,2,1,7,3,N,NULL,Y,N,719,745,,N,NULL,56,,,N,,N,N,098-CS-3000-71,NULL,NULL,2020,O,7.25005E+11,098-CS-3000  -071,HIGH,098-CS-3000  -071,0.013,0,0,0,0,0,0,0,0,0,0,0,0,0
72539680,KSP0900,20-682123,20200904,1357,,,KY632,,,KY0632,KY0632,0,098 KY-632,KY0632,N,N,NULL,NULL,NULL,N,NULL,NULL,NULL,NULL,NULL,NULL,13.563,NULL,NULL,NULL,NULL,,NULL,0,0,2,2,N,N,35,NULL,98,9804,NULL,,Y,37.51245,37,30.747,NULL,-82.15972,82,9.583,NULL,N,NULL,NULL,NULL,NULL,NULL,NULL,NULL,NULL,5,3,2,6,1,1,3,2,7,3,N,NULL,Y,N,1359,1347,1400,N,NULL,49,6,0,N,,N,N,098-KY-0632-0,NULL,NULL,2020,O,7.25397E+11,098-KY-0632  -000,HIGH,098-KY-0632  -000,13.563,0,0,0,0,0,0,1,0,0,0,0,0,0
72453990,980100,2.019E+11,20191219,1414,,,CASSIDY,,BLVD,,,0,098 CS-1191,CS1191,Y,N,NULL,NULL,NULL,N,NULL,NULL,NULL,NULL,NULL,NULL,0.278,NULL,NULL,NULL,NULL,,NULL,0,0,2,2,N,N,15,NULL,98,9801,NULL,,Y,37.50437,37,30.262,NULL,-82.53641,82,32.185,NULL,N,NULL,NULL,NULL,NULL,NULL,NULL,NULL,NULL,2,97,2,6,1,1,2,2,1,3,N,NULL,Y,N,1414,1419,,N,NULL,90,,,N,,N,N,098-CS-1191-0,NULL,NULL,2019,O,7.2454E+11,098-CS-1191  -000,HIGH,098-CS-1191  -000,0.278,0,0,0,1,0,0,1,0,0,0,0,0,0
72531300,980100,20200009502,20200804,2031,,,BAIRD,,AVE,KY1426,KY1426,0,098 KY-1426,KY1426,Y,N,NULL,NULL,NULL,N,NULL,NULL,NULL,NULL,NULL,NULL,5.388,NULL,NULL,NULL,NULL,,NULL,0,0,2,2,N,N,15,NULL,98,9801,NULL,,Y,37.47328,37,28.397,NULL,-82.5273,82,31.638,NULL,N,NULL,NULL,NULL,NULL,NULL,NULL,NULL,NULL,5,97,2,6,1,1,2,2,1,3,N,NULL,Y,N,2031,2032,2046,N,NULL,90,,0,N,,N,N,098-KY-1426-0,NULL,NULL,2020,O,7.25313E+11,098-KY-1426  -000,HIGH,098-KY-1426  -000,5.388,0,0,0,0,0,0,0,0,0,0,0,0,0
72508287,KSP0900,20-21269,20200605,1127,,205,VIRGINIA,,AVE,,,0,098 CR-1035K,CR1035K,Y,N,NULL,NULL,NULL,N,NULL,NULL,NULL,NULL,NULL,NULL,0.025,NULL,NULL,NULL,NULL,,NULL,0,0,2,2,N,N,NULL,NULL,98,9834,NULL,,Y,37.67302,37,40.381,NULL,-82.28248,82,16.949,NULL,N,NULL,NULL,NULL,NULL,NULL,NULL,NULL,NULL,2,97,NULL,6,1,1,2,2,1,3,N,NULL,Y,N,1127,1140,1140,N,NULL,90,,,N,,N,N,098-CR-1035K-0,NULL,NULL,2020,O,7.25083E+11,098-CR-1035K -000,HIGH,098-CR-1035K -000,0.025,0,0,0,1,0,0,1,0,0,0,0,0,0
72466365,KSP0900,20-1641,20200112,1935,,,ADAMS,,BR,,,0,098 CR-1635,CR1635,N,N,NULL,NULL,NULL,N,NULL,NULL,NULL,NULL,NULL,NULL,0.775,NULL,NULL,NULL,NULL,,NULL,1,0,1,1,Y,N,35,NULL,98,9802,5,S,N,37.2833,37,16.998,NULL,-82.40823,82,24.493,NULL,N,NULL,NULL,NULL,NULL,NULL,NULL,NULL,NULL,9,97,1,1,1,1,2,6,7,3,N,NULL,Y,Y,2001,2105,2001,N,NULL,44,,,N,,N,N,098-CR-1635-0,NULL,NULL,2020,C,7.24664E+11,098-CR-1635  -000,HIGH,098-CR-1635  -000,0.775,0,0,0,0,0,0,0,0,1,0,0,1,0
72441468,980100,2.019E+11,20191118,1513,,,US23,,,US0023,US0023,0,098 US-23-10,US0023,N,N,NULL,NULL,NULL,N,NULL,NULL,NULL,NULL,NULL,NULL,27.314,NULL,NULL,NULL,NULL,,NULL,0,0,2,2,N,N,55,NULL,98,9801,NULL,,Y,37.51054,37,30.632,NULL,-82.54761,82,32.856,NULL,N,NULL,NULL,NULL,NULL,NULL,NULL,NULL,NULL,5,3,4,6,1,1,2,2,1,3,N,NULL,Y,N,1513,1521,,N,NULL,49,,1,N,,N,N,098-US-0023-10,NULL,NULL,2019,O,7.24415E+11,098-US-0023  -010,HIGH,098-US-0023  -000,27.314,0,0,1,0,0,0,1,0,0,0,0,0,0
72457427,980100,2.019E+11,20191230,738,,,CASSIDY,,BLVD,,,,,,Y,N,NULL,NULL,NULL,N,NULL,NULL,NULL,NULL,NULL,NULL,0.241,NULL,NULL,NULL,NULL,,NULL,0,0,2,2,N,N,15,NULL,98,9801,NULL,,Y,37.50458,37,30.275,NULL,-82.5358,82,32.148,NULL,N,NULL,NULL,NULL,NULL,NULL,NULL,NULL,NULL,2,97,2,6,1,1,2,2,1,3,N,NULL,Y,N,738,742,,N,NULL,90,,,N,,N,N,,NULL,NULL,2019,O,7.24574E+11,098-CS-1191  -000,MEDIUM,098-CS-1191  -000,0.241,0,0,0,0,0,0,1,0,0,0,0,0,0
72442926,KSP0900,19-45680,20191120,1811,,,MALL,S,RD,,,0,098 PR-1010,PR1010,N,N,NULL,NULL,NULL,N,NULL,NULL,NULL,NULL,NULL,NULL,0.377,NULL,NULL,NULL,NULL,,NULL,0,0,2,2,N,Y,15,NULL,98,9834,NULL,,Y,37.6556,37,39.336,NULL,-82.27251,82,16.35,NULL,N,NULL,NULL,NULL,NULL,NULL,NULL,NULL,NULL,1,3,2,2,1,1,2,6,1,3,N,NULL,Y,N,1811,1818,1825,N,NULL,55,,,N,,N,N,098-PR-1010-0,NULL,NULL,2019,O,7.24429E+11,098-PR-1010  -000,HIGH,098-PR-1010  -000,0.377,0,0,0,0,0,0,0,1,0,0,0,0,0
72424518,980100,2.019E+11,20191016,2009,,,US23,,,US0023,US0023,,,,N,N,NULL,NULL,NULL,N,NULL,NULL,NULL,NULL,NULL,NULL,25.718,NULL,NULL,NULL,NULL,,NULL,0,0,1,1,N,N,55,NULL,98,9801,NULL,,Y,37.49567,37,29.74,NULL,-82.53133,82,31.88,NULL,N,NULL,NULL,NULL,NULL,NULL,NULL,NULL,NULL,9,3,4,6,1,1,2,6,7,3,N,NULL,Y,N,2009,2016,2016,N,NULL,38,,1,N,,N,N,,NULL,NULL,2019,O,7.24245E+11,098-US-0023  -010,MEDIUM,098-US-0023  -000,25.718,0,0,0,0,0,0,0,0,0,0,0,0,0
72459776,KSP0900,20-0221,20200102,1713,,,TOLER,,RD,KY0319,KY0319,0,098 KY-319,KY0319,N,N,NULL,NULL,NULL,N,NULL,NULL,NULL,NULL,NULL,NULL,5.962,NULL,NULL,NULL,NULL,,NULL,4,0,2,2,Y,N,45,NULL,98,9836,NULL,,Y,37.63205,37,37.923,NULL,-82.24957,82,14.974,NULL,N,NULL,NULL,NULL,NULL,NULL,NULL,NULL,NULL,3,3,2,3,1,5,2,4,7,3,Y,NULL,Y,Y,1713,1749,1959,N,NULL,52,7,0,N,,N,N,098-KY-0319-0,NULL,NULL,2020,B,7.24598E+11,098-KY-0319  -000,HIGH,098-KY-0319  -000,5.962,0,0,0,0,0,0,0,0,0,1,0,1,0
72451923,980100,2.019E+11,20191216,1420,,,CASSIDY,,BLVD,,,,,,Y,N,NULL,NULL,NULL,N,NULL,NULL,NULL,NULL,NULL,NULL,0.234,NULL,NULL,NULL,NULL,,NULL,0,0,2,2,N,Y,15,NULL,98,9801,NULL,,Y,37.50391,37,30.235,NULL,-82.53577,82,32.147,NULL,N,NULL,NULL,NULL,NULL,NULL,NULL,NULL,NULL,6,97,1,6,1,5,6,2,1,3,N,NULL,Y,N,1420,1430,,N,NULL,90,,,N,,N,N,,NULL,NULL,2019,O,7.24519E+11,098-CS-1191  -000,MEDIUM,098-CS-1191  -000,0.234,0,0,0,0,0,0,1,0,0,0,0,0,0