MasterFile,AgencyORINumber,LocalCode,CollisionDate,CollisionTime,CollisionDayWeekCode,RoadwayName_HouseBusinessNumber_,RoadwayName_RoadwayName_,RoadwayName_Direction_,RoadwayName_RoadwaySuffix_,RoadwayfromReport,CurrentRoadwayNumber,RoadwayNumberCoupletID,RSEUniqueGIS,RoadwayIdentifier,ParkingLotIndicator,IntersectionWith_Indicator_,IntersectionWith_NameRoadway_,IntersectionWith_Direction_,IntersectionWith_RoadwaySuffix_,BetweenStreets_Indicator_,BetweenStreets1_NameRoadway_,BetweenStreet1_Direction_,BetweenStreets1_RoadwaySuffix_,BetweenStreets2_NameRoadway_,BetweenStreets2_Direction_,BetweenStreets2_RoadwaySuffix_,Milepoint,ReportMilepointDeriveNumber,CurrentDerivedMiepointNumber,MilestoMilepoint,FeettoMilepoint,DirectionfromMilepoint_NSEW_,ValidMilepointIndicator,NumberInjured,NumberKilled,ofUnits,ofMotorVehicleUnits,Hit&RunIndicator,OneWayIndicator,SpeedLimitNumber,KilometersIndicator,CountyCode,CityCountyCode,MilesFromCity,DirectionFromCity_NSEW_,InCityLimitsIndicator,Latitude,LatitudeDegrees,LatitudeMinutes,LatitudeSeconds,Longitude,LongitudeDegrees,LongitudeMinutes,LongitudeSeconds,RampIndicator,RampFromIdentifier,RampFromDirCode,RampFromCoupletID,RSEUniqueGISRampFrom,RampToidentifier,RampToDirCode,RampToCoupletID,RSEUniqueGisRampTo,MannerofCollisionCode,LocationFirstEventCode,TotalLanes,RoadwayCharacterCode,RoadwaySurfaceCode,RoadwayConditionCode,WeatherCode,LightConditionCode,LandUseCode,SchoolBusRelatedCode,FirstAidSceneIndicator,CollDescPresentInd,InvestigationCompleteIndicator,PhotosTakenIndicator,TimeNotified,TimeArrived,TimeRoadwayOpened,PropertyDamageIndicator,DiagramPresentIndicator,DirectionalAnalysis,FunctionClassCode,NationalHwySysCode,EnforcementsIndicator,KARSCityCode,SecondaryCollisionIndicator,MedianCrossoverIndicator,RT_UNIQUE,MapIt,TimeLastLeft,YR,KABCO,MFNY,WorkingRID,RT_CONFIDENCE,KTC_RT,KTC_MP,Motorcyclist,CommercialVehicle,YoungDriver,MatureDriver,pedestrian,Bicyclist,Distracted,agressive,Impaired,Unrestrained,Intersection,RoadwayDeparture,MedXover
72373742,KSP0900,19-24150,20190628,1330,,,OWSLEY,,RD,KY1384,KY1384,0,098 KY-1384,KY1384,N,N,NULL,NULL,NULL,N,NULL,NULL,NULL,NULL,NULL,NULL,3.592,NULL,NULL,NULL,NULL,,NULL,0,0,2,2,N,N,35,NULL,98,9801,2,W,N,37.49762,37,29.857,NULL,-82.58762,82,35.257,NULL,N,NULL,NULL,NULL,NULL,NULL,NULL,NULL,NULL,8,3,2,6,1,1,2,2,7,3,N,NULL,Y,N,1330,1340,,N,NULL,53,,0,Y,,N,N,098-KY-1384-0,NULL,NULL,2019,O,7.23737E+11,098-KY-1384  -000,HIGH,098-KY-1384  -000,3.592,0,0,0,0,0,0,1,0,0,0,0,1,0
72430933,KSP0900,19-43081,20191101,2312,,,WELL DIGGER,,HOLW,,,0,098 CR-1010,CR1010,N,N,NULL,NULL,NULL,N,NULL,NULL,NULL,NULL,NULL,NULL,0.071,NULL,NULL,NULL,NULL,,NULL,0,0,2,2,N,N,25,NULL,98,9834,NULL,,Y,37.6881,37,41.286,NULL,-82.31245,82,18.747,NULL,N,NULL,NULL,NULL,NULL,NULL,NULL,NULL,NULL,2,7,1,4,97,1,2,6,7,3,N,NULL,Y,N,2314,11,11,N,NULL,47,,,N,,N,N,098-CR-1010-0,NULL,NULL,2019,O,7.24309E+11,098-CR-1010  -000,HIGH,098-CR-1010  -000,0.071,0,0,0,0,0,0,0,0,0,0,0,0,0
72450459,980100,2.019E+11,20191212,1325,,,CHLOE,,RD,KY1460,KY1460,0,098 KY-1460,KY1460,N,N,NULL,NULL,NULL,N,NULL,NULL,NULL,NULL,NULL,NULL,NULL,NULL,NULL,NULL,NULL,NULL,NULL,0,0,2,2,N,N,35,NULL,98,9801,NULL,,Y,37.47734,37,28.641,NULL,-82.50409,82,30.245,NULL,N,NULL,NULL,NULL,NULL,NULL,NULL,NULL,NULL,7,3,2,3,1,5,2,2,6,3,N,NULL,Y,N,1325,1330,1334,N,NULL,54,,0,N,,N,N,098-KY-1460-0,NULL,NULL,2019,O,7.24505E+11,098-KY-1460  -000,HIGH,098-KY-1460  -000,4.425,0,0,0,0,0,0,0,0,0,0,0,1,0
72433738,KSP0900,19-44016,20191108,1542,,,KY80,,,KY0080,KY0080,0,098 KY-80,KY0080,N,N,NULL,NULL,NULL,N,NULL,NULL,NULL,NULL,NULL,NULL,5.197,NULL,NULL,NULL,NULL,,NULL,1,0,1,1,N,N,55,NULL,98,9802,NULL,,Y,37.29691,37,17.814,NULL,-82.32729,82,19.637,NULL,N,NULL,NULL,NULL,NULL,NULL,NULL,NULL,NULL,9,5,2,2,1,1,2,2,7,3,Y,NULL,N,Y,1542,1640,,N,NULL,40,7,0,N,,N,N,098-KY-0080-0,NULL,NULL,2019,C,7.24337E+11,098-KY-0080  -000,HIGH,098-KY-0080  -000,5.197,0,0,0,0,0,0,0,0,0,0,0,1,0
72513188,980100,2.02E+11,20200615,1134,,,MAYO,S,TRL,US0023,US0023,,,,N,N,NULL,NULL,NULL,N,NULL,NULL,NULL,NULL,NULL,NULL,20.489,NULL,NULL,NULL,NULL,,NULL,3,0,2,2,N,N,55,NULL,98,9801,NULL,,Y,37.4435,37,26.61,NULL,-82.51866,82,31.12,NULL,N,NULL,NULL,NULL,NULL,NULL,NULL,NULL,NULL,1,3,4,6,1,1,3,2,2,3,Y,NULL,Y,Y,1134,1138,1227,N,NULL,55,,1,N,,N,Y,,NULL,NULL,2020,A,7.25132E+11,098-US-0023  -010,MEDIUM,098-US-0023  -000,20.489,0,0,0,1,0,0,1,1,0,0,0,0,1
72395907,KSP0900,19-32235,20190820,1520,,,POWELLS,,CRK,,,0,098 CR-1208,CR1208,N,N,NULL,NULL,NULL,N,NULL,NULL,NULL,NULL,NULL,NULL,2.634,NULL,NULL,NULL,NULL,,NULL,0,0,2,2,N,N,35,NULL,98,9801,NULL,,Y,37.40957,37,24.574,NULL,-82.3894,82,23.364,NULL,N,NULL,NULL,NULL,NULL,NULL,NULL,NULL,NULL,3,2,2,3,1,1,2,2,7,3,N,NULL,N,N,1520,1528,,N,NULL,52,,,N,,N,N,098-CR-1208-0,NULL,NULL,2019,O,7.23959E+11,098-CR-1208  -000,HIGH,098-CR-1208  -000,2.634,0,0,0,0,0,0,1,0,0,0,0,1,0
72381488,KSP0900,19-25947,20190709,813,,,OWSLEY,,RD,KY1384,KY1384,0,098 KY-1384,KY1384,N,N,NULL,NULL,NULL,N,NULL,NULL,NULL,NULL,NULL,NULL,4.106,NULL,NULL,NULL,NULL,,NULL,1,0,2,2,N,N,55,NULL,98,9801,NULL,,Y,37.4944,37,29.664,NULL,-82.5798,82,34.788,NULL,N,NULL,NULL,NULL,NULL,NULL,NULL,NULL,NULL,1,3,1,6,1,1,2,2,6,3,N,NULL,Y,Y,815,828,,N,NULL,55,,0,Y,,N,N,098-KY-1384-0,NULL,NULL,2019,C,7.23815E+11,098-KY-1384  -000,HIGH,098-KY-1384  -000,4.106,0,0,0,1,0,0,0,0,0,0,0,1,0
72403415,980100,2.019E+11,20190904,1155,,,CASSIDY,,BLVD,,,,,,Y,N,NULL,NULL,NULL,N,NULL,NULL,NULL,NULL,NULL,NULL,NULL,NULL,NULL,NULL,NULL,,NULL,0,0,2,2,N,N,NULL,NULL,98,9801,NULL,,Y,37.50552,37,30.331,NULL,-82.53689,82,32.213,NULL,N,NULL,NULL,NULL,NULL,NULL,NULL,NULL,NULL,2,97,2,6,1,1,2,2,1,3,N,NULL,Y,N,1155,1203,,N,NULL,90,,,N,,N,N,,NULL,NULL,2019,O,7.24034E+11,098-CS-1191  -000,HIGH,098-CS-1191  -000,0.307,0,1,0,0,0,0,1,0,0,0,0,0,0
72459919,980100,2.02E+11,20200103,1604,,252,CASSIDY,,BLVD,,,0,098 CS-1191,CS1191,Y,N,NULL,NULL,NULL,N,NULL,NULL,NULL,NULL,NULL,NULL,0.313,NULL,NULL,NULL,NULL,,NULL,0,0,2,2,N,N,NULL,NULL,98,9801,NULL,,Y,37.5052,37,30.312,NULL,-82.5371,82,32.226,NULL,N,NULL,NULL,NULL,NULL,NULL,NULL,NULL,NULL,2,97,NULL,6,1,5,6,2,5,3,N,NULL,Y,N,1603,1614,1614,N,NULL,90,,,N,,N,N,098-CS-1191-0,NULL,NULL,2020,O,7.24599E+11,098-CS-1191  -000,HIGH,098-CS-1191  -000,0.313,0,0,0,1,0,0,1,0,0,1,0,0,0
72420185,980100,2.019E+11,20191010,1735,,,US23,,,US0023,US0023,,,,N,N,NULL,NULL,NULL,N,NULL,NULL,NULL,NULL,NULL,NULL,25.543,NULL,NULL,NULL,NULL,,NULL,1,0,2,2,N,N,55,NULL,98,9801,NULL,,Y,37.49361,37,29.616,NULL,-82.53309,82,31.985,NULL,N,NULL,NULL,NULL,NULL,NULL,NULL,NULL,NULL,5,3,4,6,1,1,2,2,7,3,Y,NULL,Y,N,1735,1755,1842,N,NULL,49,,1,N,,N,N,,NULL,NULL,2019,C,7.24202E+11,098-US-0023  -000,MEDIUM,098-US-0023  -000,25.543,0,0,1,0,0,0,1,0,0,0,0,0,0
72430703,980100,2.019E+11,20191103,1540,,,KY3496,,,KY3496,KY3496,,,,Y,N,NULL,NULL,NULL,N,NULL,NULL,NULL,NULL,NULL,NULL,0.861,NULL,NULL,NULL,NULL,,NULL,0,0,2,2,N,N,15,NULL,98,9801,NULL,,Y,37.47204,37,28.322,NULL,-82.5284,82,31.704,NULL,N,NULL,NULL,NULL,NULL,NULL,NULL,NULL,NULL,2,97,2,6,1,1,2,2,1,3,N,NULL,Y,N,1540,1547,,N,NULL,90,16,0,N,,N,N,,NULL,NULL,2019,O,7.24307E+11,098-KY-3496  -000,HIGH,098-KY-3496  -000,0.861,0,0,0,0,0,0,1,0,0,0,0,0,0
72530896,KSP0900,20-646744,20200812,2049,,,BLUE POND,,FRK,,,0,098 CR-1654,CR1654,N,N,NULL,NULL,NULL,N,NULL,NULL,NULL,NULL,NULL,NULL,0.232,NULL,NULL,NULL,NULL,,NULL,1,0,1,1,N,N,10,NULL,98,9805,NULL,,Y,37.34306,37,20.583,NULL,-82.36256,82,21.754,NULL,N,NULL,NULL,NULL,NULL,NULL,NULL,NULL,NULL,9,3,1,4,3,5,2,6,7,3,N,NULL,Y,Y,2049,2153,,N,NULL,70,,,N,,N,N,098-CR-1654-0,NULL,NULL,2020,B,7.25309E+11,098-CR-1654  -000,HIGH,098-CR-1654  -000,0.232,0,0,0,1,0,0,0,0,0,0,0,1,0
72447728,KSP0900,19-47514,20191204,1719,,,US119,,,US0119,US0119,0,098 US-119,US0119,N,N,NULL,NULL,NULL,N,NULL,NULL,NULL,NULL,NULL,NULL,25.314,NULL,NULL,NULL,NULL,,NULL,0,0,2,2,N,N,55,NULL,98,9834,NULL,,Y,37.67198,37,40.319,NULL,-82.28046,82,16.827,NULL,N,NULL,NULL,NULL,NULL,NULL,NULL,NULL,NULL,8,3,4,6,1,1,2,5,7,3,N,NULL,Y,N,1719,1729,1800,N,NULL,53,2,1,N,,N,N,098-US-0119-0,NULL,NULL,2019,O,7.24477E+11,098-US-0119  -000,HIGH,098-US-0119  -000,25.314,0,0,0,0,0,0,0,0,0,0,0,1,0
72482948,980000,20-02-0004,20200226,715,,100,WINNERS CIRCLE  DRIVE,,,,,,,,Y,N,NULL,NULL,NULL,N,NULL,NULL,NULL,NULL,NULL,NULL,NULL,NULL,NULL,NULL,NULL,NULL,NULL,0,0,1,1,N,N,NULL,NULL,98,9801,0.1,SE,N,37.51319,37,30.791,NULL,-82.49823,82,29.894,NULL,N,NULL,NULL,NULL,NULL,NULL,NULL,NULL,NULL,9,97,NULL,4,1,1,2,2,8,3,N,NULL,Y,N,725,729,,N,NULL,90,,,N,,N,N,,NULL,NULL,2020,O,7.24829E+11,098-US-0119  -010,MEDIUM,098-US-0119  -000,2.069,0,0,1,0,0,0,0,0,0,0,0,1,0
72546314,980100,2.02E+11,20200921,1200,,,MAIN,,ST,,,0,098 CS-1112,CS1112,N,N,NULL,NULL,NULL,N,NULL,NULL,NULL,NULL,NULL,NULL,0.007,NULL,NULL,NULL,NULL,,NULL,0,0,2,2,N,N,20,NULL,98,9801,NULL,,Y,37.4778,37,28.668,NULL,-82.51849,82,31.109,NULL,N,NULL,NULL,NULL,NULL,NULL,NULL,NULL,NULL,2,3,1,6,1,1,2,2,1,3,N,NULL,Y,N,1200,1200,1206,N,NULL,47,,,N,,N,N,098-CS-1112-0,NULL,NULL,2020,O,7.25463E+11,098-CS-1112  -000,HIGH,098-CS-1112  -000,0.007,0,0,0,0,0,0,0,0,0,0,0,0,0
72534988,KSP0900,20-619423,20200726,1416,,,US23,,,US0023,US0023,0,098 US-23,US0023,N,N,NULL,NULL,NULL,N,NULL,NULL,NULL,NULL,NULL,NULL,29.074,NULL,NULL,NULL,NULL,,NULL,1,0,1,1,N,N,45,NULL,98,9807,NULL,,Y,37.52472,37,31.483,NULL,-82.57275,82,34.365,NULL,N,NULL,NULL,NULL,NULL,NULL,NULL,NULL,NULL,9,3,6,6,1,5,6,2,7,3,Y,NULL,N,Y,1416,1420,,N,NULL,70,,1,N,,N,N,098-US-0023-0,NULL,NULL,2020,B,7.2535E+11,098-US-0023  -000,HIGH,098-US-0023  -000,29.074,1,0,0,0,0,0,0,0,0,0,0,1,0
72410969,KSP0900,19-37168,20190922,1430,,,SMITH FORK,,RD,KY3419,KY3419,0,098 KY-3419,KY3419,N,N,NULL,NULL,NULL,N,NULL,NULL,NULL,NULL,NULL,NULL,3.274,NULL,NULL,NULL,NULL,,NULL,0,0,2,2,N,N,25,NULL,98,9804,NULL,,Y,37.46878,37,28.127,NULL,-82.19345,82,11.607,NULL,N,NULL,NULL,NULL,NULL,NULL,NULL,NULL,NULL,2,3,2,6,1,1,2,2,7,3,N,NULL,Y,Y,1600,1645,1430,N,NULL,56,9,0,N,,N,N,098-KY-3419-0,NULL,NULL,2019,O,7.2411E+11,098-KY-3419  -000,HIGH,098-KY-3419  -000,3.274,0,0,0,1,0,0,1,0,0,0,0,0,0
72516943,980100,2.02E+11,20200701,1453,,508,CEDAR CREEK ROAD,,,,,,,,Y,N,NULL,NULL,NULL,N,NULL,NULL,NULL,NULL,NULL,NULL,NULL,NULL,NULL,NULL,NULL,NULL,NULL,0,0,2,2,N,N,NULL,NULL,98,9801,NULL,,Y,37.47816,37,28.69,NULL,-82.55868,82,33.521,NULL,N,NULL,NULL,NULL,NULL,NULL,NULL,NULL,NULL,2,97,NULL,6,1,1,2,2,1,3,N,NULL,Y,N,1453,1500,1500,N,NULL,90,,,N,,N,N,,NULL,NULL,2020,O,7.25169E+11,098-CS-1038  -000,MEDIUM,098-CS-1038  -000,0.044,0,0,0,0,0,0,1,0,0,0,0,0,0
72501361,980100,2.02E+11,20200513,1252,,,US119 TURN LANE FROM US23 N,,,US0119,US0119,0,098 US-119-20,US0119,N,N,NULL,NULL,NULL,N,NULL,NULL,NULL,NULL,NULL,NULL,0.057,NULL,NULL,NULL,NULL,,NULL,0,0,1,1,N,N,55,NULL,98,9801,NULL,,Y,37.50386,37,30.232,NULL,-82.5312,82,31.872,NULL,N,NULL,NULL,NULL,NULL,NULL,NULL,NULL,NULL,9,5,2,3,1,5,6,2,1,3,N,NULL,Y,N,1252,1258,1258,Y,NULL,40,2,1,N,,N,N,098-US-0119-20,NULL,NULL,2020,O,7.25014E+11,098-US-0119  -020,HIGH,098-US-0119  -020,0.057,0,0,0,0,0,0,0,0,0,0,0,1,0
72494409,KSP0900,20-12548,20200406,952,,,KY199,,,KY0199,KY0199,0,098 KY-199,KY0199,N,N,NULL,NULL,NULL,N,NULL,NULL,NULL,NULL,NULL,NULL,10.366,NULL,NULL,NULL,NULL,,NULL,0,0,1,1,N,N,35,NULL,98,9851,NULL,,Y,37.58847,37,35.308,NULL,-82.26931,82,16.159,NULL,N,NULL,NULL,NULL,NULL,NULL,NULL,NULL,NULL,9,3,2,3,1,1,3,2,7,3,N,NULL,Y,N,956,1006,1030,N,NULL,40,7,0,Y,,N,N,098-KY-0199-0,NULL,NULL,2020,O,7.24944E+11,098-KY-0199  -000,HIGH,098-KY-0199  -000,10.366,0,0,0,0,0,0,1,0,0,0,0,1,0
72522332,KSP0900,20-606161,20200718,849,,,US460,,,US0460,US0460,0,098 US-460,US0460,N,N,NULL,NULL,NULL,N,NULL,NULL,NULL,NULL,NULL,NULL,9.979,NULL,NULL,NULL,NULL,,NULL,1,0,1,1,N,N,55,NULL,98,9802,6,W,N,37.36234,37,21.741,NULL,-82.40709,82,24.425,NULL,N,NULL,NULL,NULL,NULL,NULL,NULL,NULL,NULL,9,4,2,6,1,1,2,2,7,3,Y,NULL,Y,N,849,859,859,N,NULL,40,,1,N,,N,N,098-US-0460-0,NULL,NULL,2020,B,7.25223E+11,098-US-0460  -000,HIGH,098-US-0460  -000,9.979,0,0,0,0,0,0,0,0,0,0,0,1,0
72471486,KSP0900,20-3594,20200128,346,,,DORTON-JENKINS,,HWY,KY0805,KY0805,0,098 KY-805,KY0805,N,N,NULL,NULL,NULL,N,NULL,NULL,NULL,NULL,NULL,NULL,2.745,NULL,NULL,NULL,NULL,,NULL,1,1,2,2,N,N,55,NULL,98,9867,NULL,,Y,37.22876,37,13.725,NULL,-82.56721,82,34.033,NULL,N,NULL,NULL,NULL,NULL,NULL,NULL,NULL,NULL,1,3,2,3,1,2,2,6,7,3,N,NULL,Y,Y,349,406,,N,NULL,40,7,0,N,,N,N,098-KY-0805-0,NULL,NULL,2020,K,7.24715E+11,098-KY-0805  -000,HIGH,098-KY-0805  -000,2.745,0,0,0,1,0,0,0,1,0,1,0,1,0
72442405,980000,19-11-003,20191115,1417,,,CHLOE,,RD,KY1460,KY1460,0,098 KY-1460,KY1460,N,N,NULL,NULL,NULL,N,NULL,NULL,NULL,NULL,NULL,NULL,0.558,NULL,NULL,NULL,NULL,,NULL,0,0,2,2,N,N,45,NULL,98,9824,NULL,,Y,37.43898,37,26.339,NULL,-82.47923,82,28.754,NULL,N,NULL,NULL,NULL,NULL,NULL,NULL,NULL,NULL,5,3,2,6,1,1,2,2,7,3,N,NULL,Y,Y,1417,1430,1430,N,NULL,49,,0,Y,,N,N,098-KY-1460-0,NULL,NULL,2019,O,7.24424E+11,098-KY-1460  -000,HIGH,098-KY-1460  -000,0.558,0,0,0,1,0,0,0,0,0,0,0,0,0
72512979,KSP0900,20-554411,20200619,1506,,,OWSLEY,,RD,KY1384,KY1384,0,098 KY-1384,KY1384,N,N,NULL,NULL,NULL,N,NULL,NULL,NULL,NULL,NULL,NULL,2.973,NULL,NULL,NULL,NULL,,NULL,1,0,1,1,N,N,35,NULL,98,9801,NULL,,Y,37.50616,37,30.37,NULL,-82.58858,82,35.315,NULL,N,NULL,NULL,NULL,NULL,NULL,NULL,NULL,NULL,9,3,2,6,1,1,2,2,7,3,N,NULL,Y,Y,1600,1630,1726,N,NULL,70,,0,Y,,N,N,098-KY-1384-0,NULL,NULL,2020,B,7.2513E+11,098-KY-1384  -000,HIGH,098-KY-1384  -000,2.973,0,0,0,0,0,0,0,0,1,1,0,1,0
72503647,980100,2.02E+11,20200522,1336,,,US23,,,US0023,US0023,0,098 US-23,US0023,N,N,NULL,NULL,NULL,N,NULL,NULL,NULL,NULL,NULL,NULL,22.935,NULL,NULL,NULL,NULL,,NULL,0,0,2,2,N,N,55,NULL,98,9801,NULL,,Y,37.46545,37,27.927,NULL,-82.52586,82,31.551,NULL,N,NULL,NULL,NULL,NULL,NULL,NULL,NULL,NULL,5,3,4,6,1,5,3,2,7,3,N,NULL,Y,N,1336,1341,1341,N,NULL,49,,1,N,,N,N,098-US-0023-0,NULL,NULL,2020,O,7.25036E+11,098-US-0023  -000,HIGH,098-US-0023  -000,22.935,0,0,0,0,0,0,1,0,0,0,0,0,0
72513119,KSP0900,20-554896,20200619,1841,,36487,KY194,,,KY0194,KY0194,0,098 KY-194,KY0194,N,N,NULL,NULL,NULL,N,NULL,NULL,NULL,NULL,NULL,NULL,53.233,NULL,NULL,NULL,NULL,,NULL,0,0,2,2,N,N,35,NULL,98,9804,NULL,,Y,37.49699,37,29.82,NULL,-82.13689,82,8.213,NULL,N,NULL,NULL,NULL,NULL,NULL,NULL,NULL,NULL,5,3,2,6,1,5,6,2,7,3,N,NULL,Y,Y,1845,1922,2004,N,NULL,49,8,0,Y,,N,N,098-KY-0194-0,NULL,NULL,2020,O,7.25131E+11,098-KY-0194  -000,HIGH,098-KY-0194  -000,53.233,0,0,0,0,0,0,0,0,0,0,0,0,0
72510953,980000,20-06-002,20200605,1540,,,PETER FORK,,RD,,,0,098 CR-1527,CR1527,N,N,NULL,NULL,NULL,N,NULL,NULL,NULL,NULL,NULL,NULL,1.543,NULL,NULL,NULL,NULL,,NULL,0,0,2,2,N,N,35,NULL,98,9863,NULL,,Y,37.5723,37,34.338,NULL,-82.16538,82,9.923,NULL,N,NULL,NULL,NULL,NULL,NULL,NULL,NULL,NULL,3,3,1,2,1,5,3,2,6,3,N,NULL,Y,Y,1725,1739,1739,N,NULL,52,,,N,,N,N,098-CR-1527-0,NULL,NULL,2020,O,7.2511E+11,098-CR-1527  -000,HIGH,098-CR-1527  -000,1.543,0,0,0,0,0,0,0,1,0,0,0,1,0
72526908,KSP0900,20-628283,20200801,213,,,JESSIES,,BR,,,0,098 CR-1656,CR1656,N,N,NULL,NULL,NULL,N,NULL,NULL,NULL,NULL,NULL,NULL,0.685,NULL,NULL,NULL,NULL,,NULL,0,0,1,1,N,Y,5,NULL,98,9802,NULL,,Y,37.33796,37,20.278,NULL,-82.38024,82,22.815,NULL,N,NULL,NULL,NULL,NULL,NULL,NULL,NULL,NULL,9,3,1,6,3,5,2,6,7,3,N,NULL,Y,N,243,247,,N,NULL,44,,,N,,N,N,098-CR-1656-0,NULL,NULL,2020,O,7.25269E+11,098-CR-1656  -000,HIGH,098-CR-1656  -000,0.685,0,0,0,0,0,0,0,0,0,0,0,1,0
72510403,980000,20-06-001,20200604,1630,,,KY194,,,KY0194,KY0194,0,098 KY-194,KY0194,N,N,NULL,NULL,NULL,N,NULL,NULL,NULL,NULL,NULL,NULL,16.357,NULL,NULL,NULL,NULL,,NULL,0,0,1,1,N,N,55,NULL,98,9817,NULL,,Y,37.56385,37,33.831,NULL,-82.46358,82,27.814,NULL,N,NULL,NULL,NULL,NULL,NULL,NULL,NULL,NULL,9,5,2,3,1,5,3,2,7,3,Y,NULL,Y,N,1632,1702,1730,N,NULL,44,7,0,N,,N,N,098-KY-0194-0,NULL,NULL,2020,O,7.25104E+11,098-KY-0194  -000,HIGH,098-KY-0194  -000,16.357,0,0,0,0,0,0,0,1,0,0,0,1,0
72535148,KSP0900,20-665782,20200824,2107,,,STONE COAL CREEK,,RD,KY3227,KY3227,0,098 KY-3227,KY3227,N,N,NULL,NULL,NULL,N,NULL,NULL,NULL,NULL,NULL,NULL,0.823,NULL,NULL,NULL,NULL,,NULL,2,0,1,1,N,N,55,NULL,98,9801,1,E,N,37.52157,37,31.294,NULL,-82.54277,82,32.566,NULL,N,NULL,NULL,NULL,NULL,NULL,NULL,NULL,NULL,9,97,2,6,1,1,2,4,6,3,Y,NULL,Y,Y,2010,2021,,N,NULL,44,8,0,N,,N,N,098-KY-3227-0,NULL,NULL,2020,C,7.25351E+11,098-KY-3227  -000,HIGH,098-KY-3227  -000,0.823,0,0,0,0,0,0,0,0,0,0,0,1,0
72468450,KSP0900,20-3301,20200126,32,,,RED CREEK,,RD,,,0,098 CR-1263,CR1263,N,N,NULL,NULL,NULL,N,NULL,NULL,NULL,NULL,NULL,NULL,0.662,NULL,NULL,NULL,NULL,,NULL,2,0,1,1,N,N,35,NULL,98,9832,NULL,,Y,37.4364,37,26.184,NULL,-82.4701,82,28.206,NULL,N,NULL,NULL,NULL,NULL,NULL,NULL,NULL,NULL,9,5,1,3,1,5,6,6,7,3,Y,NULL,Y,Y,33,42,56,Y,NULL,51,,,N,,N,N,098-CR-1263-0,NULL,NULL,2020,C,7.24685E+11,098-CR-1263  -000,HIGH,098-CR-1263  -000,0.662,0,0,0,0,0,0,0,1,0,1,0,1,0
72528789,980500,2020AR037,20200806,1606,,,COUNTRY MUSIC HIGHWAY,,TRL,US0023,US0023,0,098 US-23,US0023,N,N,NULL,NULL,NULL,N,NULL,NULL,NULL,NULL,NULL,NULL,NULL,NULL,NULL,NULL,NULL,NULL,NULL,0,0,2,2,N,N,45,NULL,98,9807,NULL,,Y,37.51931,37,31.159,NULL,-82.56631,82,33.979,NULL,N,NULL,NULL,NULL,NULL,NULL,NULL,NULL,NULL,5,3,6,6,1,1,2,2,7,3,N,NULL,Y,Y,1608,1611,1642,N,NULL,70,,1,N,,N,N,098-US-0023-0,NULL,NULL,2020,O,7.25288E+11,098-US-0023  -000,HIGH,098-US-0023  -000,28.545,0,0,0,0,0,0,1,0,0,0,0,0,0
72497864,980100,2.02E+11,20200425,2022,,,US23,,,US0023,US0023,0,098 US-23,US0023,N,N,NULL,NULL,NULL,N,NULL,NULL,NULL,NULL,NULL,NULL,25.898,NULL,NULL,NULL,NULL,,NULL,0,0,1,1,N,N,55,NULL,98,9801,NULL,,Y,37.4982,37,29.892,NULL,-82.53125,82,31.875,NULL,N,NULL,NULL,NULL,NULL,NULL,NULL,NULL,NULL,9,3,4,6,1,5,6,6,7,3,N,NULL,Y,N,2022,2028,2118,N,NULL,40,,1,N,,N,N,098-US-0023-0,NULL,NULL,2020,O,7.24979E+11,098-US-0023  -000,HIGH,098-US-0023  -000,25.898,0,0,0,0,0,0,0,0,0,0,0,1,0
72515022,980100,2.02E+11,20200626,1138,,,MAYO,S,TRL,US0023,US0023,0,098 US-23-10,US0023,N,N,NULL,NULL,NULL,N,NULL,NULL,NULL,NULL,NULL,NULL,23.062,NULL,NULL,NULL,NULL,,NULL,0,0,2,2,Y,N,55,NULL,98,9801,NULL,,Y,37.46583,37,27.95,NULL,-82.52812,82,31.687,NULL,N,NULL,NULL,NULL,NULL,NULL,NULL,NULL,NULL,1,3,4,6,1,1,2,2,7,3,N,NULL,Y,N,1138,1140,1140,N,NULL,55,,1,N,,N,N,098-US-0023-10,NULL,NULL,2020,O,7.2515E+11,098-US-0023  -010,HIGH,098-US-0023  -000,23.062,0,0,0,1,0,0,0,0,0,0,0,0,0
72475639,980100,2.02E+11,20200206,1833,,,KY1460,,,KY1460,KY1460,0,098 KY-1460,KY1460,N,N,NULL,NULL,NULL,N,NULL,NULL,NULL,NULL,NULL,NULL,6.699,NULL,NULL,NULL,NULL,,NULL,0,0,2,2,N,N,45,NULL,98,9801,NULL,,Y,37.48363,37,29.018,NULL,-82.53923,82,32.354,NULL,N,NULL,NULL,NULL,NULL,NULL,NULL,NULL,NULL,1,3,2,6,1,5,3,4,1,3,N,NULL,Y,N,1833,1839,,N,NULL,55,16,0,N,,N,N,098-KY-1460-0,NULL,NULL,2020,O,7.24756E+11,098-KY-1460  -000,HIGH,098-KY-1460  -000,6.699,0,0,0,0,0,0,1,0,0,0,0,0,0