MasterFile,AgencyORINumber,LocalCode,CollisionDate,CollisionTime,CollisionDayWeekCode,RoadwayName_HouseBusinessNumber_,RoadwayName_RoadwayName_,RoadwayName_Direction_,RoadwayName_RoadwaySuffix_,RoadwayfromReport,CurrentRoadwayNumber,RoadwayNumberCoupletID,RSEUniqueGIS,RoadwayIdentifier,ParkingLotIndicator,IntersectionWith_Indicator_,IntersectionWith_NameRoadway_,IntersectionWith_Direction_,IntersectionWith_RoadwaySuffix_,BetweenStreets_Indicator_,BetweenStreets1_NameRoadway_,BetweenStreet1_Direction_,BetweenStreets1_RoadwaySuffix_,BetweenStreets2_NameRoadway_,BetweenStreets2_Direction_,BetweenStreets2_RoadwaySuffix_,Milepoint,ReportMilepointDeriveNumber,CurrentDerivedMiepointNumber,MilestoMilepoint,FeettoMilepoint,DirectionfromMilepoint_NSEW_,ValidMilepointIndicator,NumberInjured,NumberKilled,ofUnits,ofMotorVehicleUnits,Hit&RunIndicator,OneWayIndicator,SpeedLimitNumber,KilometersIndicator,CountyCode,CityCountyCode,MilesFromCity,DirectionFromCity_NSEW_,InCityLimitsIndicator,Latitude,LatitudeDegrees,LatitudeMinutes,LatitudeSeconds,Longitude,LongitudeDegrees,LongitudeMinutes,LongitudeSeconds,RampIndicator,RampFromIdentifier,RampFromDirCode,RampFromCoupletID,RSEUniqueGISRampFrom,RampToidentifier,RampToDirCode,RampToCoupletID,RSEUniqueGisRampTo,MannerofCollisionCode,LocationFirstEventCode,TotalLanes,RoadwayCharacterCode,RoadwaySurfaceCode,RoadwayConditionCode,WeatherCode,LightConditionCode,LandUseCode,SchoolBusRelatedCode,FirstAidSceneIndicator,CollDescPresentInd,InvestigationCompleteIndicator,PhotosTakenIndicator,TimeNotified,TimeArrived,TimeRoadwayOpened,PropertyDamageIndicator,DiagramPresentIndicator,DirectionalAnalysis,FunctionClassCode,NationalHwySysCode,EnforcementsIndicator,KARSCityCode,SecondaryCollisionIndicator,MedianCrossoverIndicator,RT_UNIQUE,MapIt,TimeLastLeft,YR,KABCO,MFNY,WorkingRID,RT_CONFIDENCE,KTC_RT,KTC_MP,Motorcyclist,CommercialVehicle,YoungDriver,MatureDriver,pedestrian,Bicyclist,Distracted,agressive,Impaired,Unrestrained,Intersection,RoadwayDeparture,MedXover
72538505,KSP0900,20-666180,20200825,659,,,PARKING LOT,,,,,,,,Y,N,NULL,NULL,NULL,N,NULL,NULL,NULL,NULL,NULL,NULL,NULL,NULL,NULL,NULL,NULL,NULL,NULL,1,0,2,2,N,N,NULL,NULL,98,9836,NULL,,Y,37.6197,37,37.182,NULL,-82.26834,82,16.1,NULL,N,NULL,NULL,NULL,NULL,NULL,NULL,NULL,NULL,3,97,2,6,1,1,3,2,5,3,Y,NULL,Y,Y,659,659,800,Y,NULL,90,,,N,,N,N,,NULL,NULL,2020,C,7.25385E+11,098-CR-1098F -000,MEDIUM,098-CR-1098F -000,0.011,0,0,0,1,0,0,0,0,0,0,0,1,0
72507474,KSP0900,20-20238,20200529,1000,,,US119,,,US0119,US0119,0,098 US-119,US0119,Y,N,NULL,NULL,NULL,N,NULL,NULL,NULL,NULL,NULL,NULL,23.937,NULL,NULL,NULL,NULL,,NULL,1,0,1,1,N,N,NULL,NULL,98,9834,NULL,,Y,37.65489,37,39.294,NULL,-82.26953,82,16.172,NULL,N,NULL,NULL,NULL,NULL,NULL,NULL,NULL,NULL,9,97,4,6,1,1,3,2,1,3,Y,NULL,Y,Y,1000,1004,1030,N,NULL,90,2,1,N,,N,N,098-US-0119-0,NULL,NULL,2020,B,7.25075E+11,098-US-0119  -000,HIGH,098-US-0119  -000,23.937,0,0,0,1,0,0,1,0,0,0,0,1,0
72409063,980000,19-09-006,20190911,2200,,,KY3418,,,KY3418,KY3418,0,098 KY-3418,KY3418,N,N,NULL,NULL,NULL,N,NULL,NULL,NULL,NULL,NULL,NULL,1.214,NULL,NULL,NULL,NULL,,NULL,0,0,1,1,N,N,55,NULL,98,9817,NULL,,Y,37.45747,37,27.448,NULL,-82.36361,82,21.817,NULL,N,NULL,NULL,NULL,NULL,NULL,NULL,NULL,NULL,9,5,2,3,1,1,2,7,7,3,N,NULL,Y,Y,2200,2210,2215,Y,NULL,40,9,0,Y,,N,N,098-KY-3418-0,NULL,NULL,2019,O,7.24091E+11,098-KY-3418  -000,HIGH,098-KY-3418  -000,1.214,0,0,0,0,0,0,0,0,0,0,0,1,0
72487667,980100,2.02E+11,20200310,718,,,US23,,,US0023,US0023,0,098 US-23,US0023,N,N,NULL,NULL,NULL,N,NULL,NULL,NULL,NULL,NULL,NULL,23.07,NULL,NULL,NULL,NULL,,NULL,0,0,2,2,N,N,55,NULL,98,9801,NULL,,Y,37.46597,37,27.958,NULL,-82.52819,82,31.691,NULL,N,NULL,NULL,NULL,NULL,NULL,NULL,NULL,NULL,5,3,4,6,1,5,3,2,7,3,N,NULL,Y,N,718,723,728,N,NULL,49,,1,N,,N,N,098-US-0023-0,NULL,NULL,2020,O,7.24877E+11,098-US-0023  -000,HIGH,098-US-0023  -000,23.07,0,0,0,1,0,0,0,0,0,0,0,0,0
72420285,KSP0900,19-39600,20191007,2158,,,US23,,,US0023,US0023,0,098 US-23,US0023,N,N,NULL,NULL,NULL,N,NULL,NULL,NULL,NULL,NULL,NULL,5.144,NULL,NULL,NULL,NULL,,NULL,1,0,1,1,N,N,55,NULL,98,9809,NULL,,Y,37.28191,37,16.914,NULL,-82.56297,82,33.779,NULL,N,NULL,NULL,NULL,NULL,NULL,NULL,NULL,NULL,9,3,4,1,1,5,3,6,6,3,N,NULL,Y,Y,2158,2025,,N,NULL,70,,1,N,,N,N,098-US-0023-0,NULL,NULL,2019,C,7.24203E+11,098-US-0023  -000,HIGH,098-US-0023  -000,5.144,0,0,0,0,0,0,0,0,0,0,0,0,0
72512176,980100,2.02E+11,20200617,1549,,450,MAYO,S,TRL,KY3496,KY3496,0,098 KY-3496,KY3496,Y,N,NULL,NULL,NULL,N,NULL,NULL,NULL,NULL,NULL,NULL,0.135,NULL,NULL,NULL,NULL,,NULL,0,0,2,2,N,N,35,NULL,98,9801,NULL,,Y,37.46614,37,27.969,NULL,-82.53012,82,31.807,NULL,N,NULL,NULL,NULL,NULL,NULL,NULL,NULL,NULL,5,97,NULL,6,1,1,3,2,5,3,N,NULL,Y,N,1550,1554,1554,N,NULL,90,16,0,N,,N,N,098-KY-3496-0,NULL,NULL,2020,O,7.25122E+11,098-KY-3496  -000,HIGH,098-KY-3496  -000,0.135,0,0,0,0,0,0,1,0,0,0,0,0,0
72507623,980000,20-05-012,20200528,1430,,,PETER FORK,,RD,,,0,098 CR-1527,CR1527,N,N,NULL,NULL,NULL,N,NULL,NULL,NULL,NULL,NULL,NULL,0.574,NULL,NULL,NULL,NULL,,NULL,1,0,1,1,N,N,35,NULL,98,9863,NULL,,Y,37.5857,37,35.142,NULL,-82.16625,82,9.975,NULL,N,NULL,NULL,NULL,NULL,NULL,NULL,NULL,NULL,9,5,2,6,1,1,2,2,6,3,Y,NULL,Y,Y,1502,1512,1550,N,NULL,44,,,N,,N,N,098-CR-1527-0,NULL,NULL,2020,B,7.25076E+11,098-CR-1527  -000,HIGH,098-CR-1527  -000,0.574,0,0,0,1,0,0,0,0,0,0,0,1,0
72506603,KSP0900,2020-20670,20200601,1230,,,GOODY,,LOOP,,,0,098 PR-1024,PR1024,N,N,NULL,NULL,NULL,N,NULL,NULL,NULL,NULL,NULL,NULL,0.012,NULL,NULL,NULL,NULL,,NULL,0,0,2,2,N,N,10,NULL,98,9834,NULL,,Y,37.65992,37,39.595,NULL,-82.27301,82,16.381,NULL,N,NULL,NULL,NULL,NULL,NULL,NULL,NULL,NULL,2,7,1,6,1,1,2,2,1,3,N,NULL,N,N,1230,1230,1230,N,NULL,56,,,N,,N,N,098-PR-1024-0,NULL,NULL,2020,O,7.25066E+11,098-PR-1024  -000,HIGH,098-PR-1024  -000,0.012,0,0,1,0,0,0,1,0,0,0,0,0,0
72536436,KSP0900,20-661232,20200821,5,,,US23,,,US0023,US0023,0,098 US-23,US0023,N,N,NULL,NULL,NULL,N,NULL,NULL,NULL,NULL,NULL,NULL,29.539,NULL,NULL,NULL,NULL,,NULL,0,0,1,1,N,N,45,NULL,98,9807,NULL,,Y,37.53078,37,31.847,NULL,-82.57643,82,34.586,NULL,N,NULL,NULL,NULL,NULL,NULL,NULL,NULL,NULL,9,3,6,6,1,1,2,5,7,3,N,NULL,N,N,5,40,,N,NULL,38,,1,N,,N,N,098-US-0023-0,NULL,NULL,2020,O,7.25364E+11,098-US-0023  -000,HIGH,098-US-0023  -000,29.539,0,0,0,0,0,0,0,0,0,0,0,0,0
72520955,KSP0900,20-599604,20200714,1112,,,KY3174,,,KY3174,KY3174,0,098 KY-3174-10,KY3174,N,N,NULL,NULL,NULL,N,NULL,NULL,NULL,NULL,NULL,NULL,2.141,NULL,NULL,NULL,NULL,,NULL,0,0,1,1,N,N,55,NULL,98,9801,5,S,N,37.38227,37,22.937,NULL,-82.50012,82,30.007,NULL,N,NULL,NULL,NULL,NULL,NULL,NULL,NULL,NULL,9,5,4,1,1,1,2,2,7,3,N,NULL,Y,N,1112,1128,1128,N,NULL,44,,0,N,,N,N,098-KY-3174-10,NULL,NULL,2020,O,7.2521E+11,098-KY-3174  -010,HIGH,098-KY-3174  -000,2.141,0,0,0,0,0,0,0,0,0,0,0,1,0
72508199,980100,2.02E+11,20200605,1404,,,MAYO,N,TRL,US0023,US0023,0,098 US-23-10,US0023,N,N,NULL,NULL,NULL,N,NULL,NULL,NULL,NULL,NULL,NULL,31.6,NULL,NULL,NULL,NULL,,NULL,0,0,2,2,N,N,55,NULL,98,9801,NULL,,Y,37.53688,37,32.213,NULL,-82.60175,82,36.105,NULL,N,NULL,NULL,NULL,NULL,NULL,NULL,NULL,NULL,5,3,4,6,1,5,6,2,7,3,N,NULL,Y,N,1405,1416,1503,N,NULL,49,,1,N,,N,N,098-US-0023-10,NULL,NULL,2020,O,7.25082E+11,098-US-0023  -010,HIGH,098-US-0023  -000,31.6,0,0,1,0,0,0,1,0,0,0,0,0,0
72525885,KSP0900,20-623999,20200729,1320,,,LEFT FORK ISLAND,,CRK,,,0,098 CR-1233Q3,CR1233Q3,N,N,NULL,NULL,NULL,N,NULL,NULL,NULL,NULL,NULL,NULL,1.473,NULL,NULL,NULL,NULL,,NULL,0,0,2,2,N,N,35,NULL,98,9801,4,W,N,37.43214,37,25.928,NULL,-82.57902,82,34.741,NULL,N,NULL,NULL,NULL,NULL,NULL,NULL,NULL,NULL,2,3,2,6,2,1,2,2,7,3,N,NULL,Y,N,1321,1340,1415,N,NULL,56,,,N,,N,N,098-CR-1233Q3-0,NULL,NULL,2020,O,7.25259E+11,098-CR-1233Q3-000,HIGH,098-CR-1233Q3-000,1.473,0,0,0,0,0,0,1,0,0,0,0,0,0
72499471,980100,2.02E+11,20200504,1426,,254,CASSIDY BLVD,,,,,,,,Y,N,NULL,NULL,NULL,N,NULL,NULL,NULL,NULL,NULL,NULL,NULL,NULL,NULL,NULL,NULL,NULL,NULL,0,0,2,2,Y,N,15,NULL,98,9801,NULL,,Y,37.50093,37,30.056,NULL,-82.53379,82,32.027,NULL,N,NULL,NULL,NULL,NULL,NULL,NULL,NULL,NULL,2,97,1,6,1,1,2,2,1,3,N,NULL,Y,N,1519,151,1625,N,NULL,90,,,N,,N,N,,NULL,NULL,2020,O,7.24995E+11,098-CS-1202  -000,MEDIUM,098-CS-1202  -000,0.119,0,0,0,0,0,0,1,0,0,0,0,0,0
72461404,980500,2020AR003,20200109,1400,,,MAIN,,ST,,,0,098 CS-3000,CS3000,N,N,NULL,NULL,NULL,N,NULL,NULL,NULL,NULL,NULL,NULL,0.39,NULL,NULL,NULL,NULL,,NULL,0,0,2,2,N,N,25,NULL,98,9807,NULL,,Y,37.51821,37,31.092,NULL,-82.56541,82,33.924,NULL,N,NULL,NULL,NULL,NULL,NULL,NULL,NULL,NULL,4,3,2,6,1,1,2,2,7,3,N,NULL,Y,N,1400,1402,1500,N,NULL,70,,,N,,N,N,098-CS-3000-0,NULL,NULL,2020,O,7.24614E+11,098-CS-3000  -000,HIGH,098-CS-3000  -000,0.39,0,0,1,0,0,0,0,1,0,0,0,0,0
72434674,370200,2019-43856,20191107,1258,,,LITTLE,,CRK,,,0,098 CR-1276,CR1276,N,N,NULL,NULL,NULL,N,NULL,NULL,NULL,NULL,NULL,NULL,0.679,NULL,NULL,NULL,NULL,,NULL,0,0,2,2,N,N,35,NULL,98,9801,NULL,,Y,37.38651,37,23.191,NULL,-82.51543,82,30.926,NULL,N,NULL,NULL,NULL,NULL,NULL,NULL,NULL,NULL,3,3,2,3,1,5,6,2,7,3,N,NULL,N,N,1233,1255,1345,N,NULL,52,,,N,,N,N,098-CR-1276-0,NULL,NULL,2019,O,7.24347E+11,098-CR-1276  -000,HIGH,098-CR-1276  -000,0.679,0,0,0,1,0,0,1,0,0,0,0,1,0
72434035,980100,2.019E+11,20191108,2047,,,US23,,,US0023,US0023,,,,N,N,NULL,NULL,NULL,N,NULL,NULL,NULL,NULL,NULL,NULL,25.214,NULL,NULL,NULL,NULL,,NULL,0,0,1,1,N,N,55,NULL,98,9801,NULL,,Y,37.49044,37,29.427,NULL,-82.53745,82,32.247,NULL,N,NULL,NULL,NULL,NULL,NULL,NULL,NULL,NULL,9,3,4,6,1,1,2,6,1,3,N,NULL,Y,N,2047,2051,,N,NULL,38,,1,N,,N,N,,NULL,NULL,2019,O,7.2434E+11,098-US-0023  -000,MEDIUM,098-US-0023  -000,25.214,0,0,0,1,0,0,0,0,0,0,0,0,0
72432033,980100,2.019E+11,20191102,1318,,254,CASSIDY,,BLVD,,,0,098 CS-1191,CS1191,Y,N,NULL,NULL,NULL,N,NULL,NULL,NULL,NULL,NULL,NULL,0.067,NULL,NULL,NULL,NULL,,NULL,0,0,2,2,N,N,NULL,NULL,98,9801,NULL,,Y,37.50366,37,30.22,NULL,-82.53323,82,31.994,NULL,N,NULL,NULL,NULL,NULL,NULL,NULL,NULL,NULL,5,97,1,6,1,1,2,2,1,3,N,NULL,Y,N,1323,1334,1334,N,NULL,90,,,N,,N,N,098-CS-1191-0,NULL,NULL,2019,O,7.2432E+11,098-CS-1191  -000,HIGH,098-CS-1191  -000,0.067,0,0,0,1,0,0,0,0,0,0,0,0,0
72505761,980000,20-05-009,20200522,1500,,,US460,,,US0460,US0460,0,098 US-460,US0460,N,N,NULL,NULL,NULL,N,NULL,NULL,NULL,NULL,NULL,NULL,14.374,NULL,NULL,NULL,NULL,,NULL,1,0,2,2,N,N,55,NULL,98,9874,NULL,,Y,37.3421,37,20.526,NULL,-82.37447,82,22.468,NULL,N,NULL,NULL,NULL,NULL,NULL,NULL,NULL,NULL,5,3,2,3,1,5,6,2,7,3,Y,NULL,Y,Y,1500,1515,1545,N,NULL,49,,1,N,,N,N,098-US-0460-0,NULL,NULL,2020,C,7.25058E+11,098-US-0460  -000,HIGH,098-US-0460  -000,14.374,0,0,0,0,0,0,1,1,0,0,0,0,0
72506495,370200,2020-19022,20200521,1236,,,FERRELLS CREEK,,RD,US0460,US0460,0,098 US-460,US0460,N,N,NULL,NULL,NULL,N,NULL,NULL,NULL,NULL,NULL,NULL,18.337,NULL,NULL,NULL,NULL,,NULL,0,0,2,2,N,N,55,NULL,98,9839,NULL,,Y,37.36206,37,21.724,NULL,-82.31464,82,18.878,NULL,N,NULL,NULL,NULL,NULL,NULL,NULL,NULL,NULL,8,5,2,1,1,1,3,2,7,3,N,NULL,Y,N,1236,1302,1443,N,NULL,47,,1,Y,,N,N,098-US-0460-0,NULL,NULL,2020,O,7.25065E+11,098-US-0460  -000,HIGH,098-US-0460  -000,18.337,0,0,0,0,0,0,1,0,1,1,0,0,0
72495402,980100,2.02E+11,20200413,1156,,,US23,,,US0023,US0023,0,098 US-23,US0023,N,N,NULL,NULL,NULL,N,NULL,NULL,NULL,NULL,NULL,NULL,20.604,NULL,NULL,NULL,NULL,,NULL,2,0,2,2,N,N,55,NULL,98,9801,NULL,,Y,37.44327,37,26.596,NULL,-82.51935,82,31.161,NULL,N,NULL,NULL,NULL,NULL,NULL,NULL,NULL,NULL,1,3,4,6,1,5,3,2,7,3,Y,NULL,Y,Y,1157,1203,1235,N,NULL,55,,1,N,,N,N,098-US-0023-0,NULL,NULL,2020,C,7.24954E+11,098-US-0023  -000,HIGH,098-US-0023  -000,20.604,0,0,0,1,0,0,1,0,0,0,0,0,0
72528534,980100,2.02E+11,20200804,1616,,,CASSIDY,,BLVD,,,0,098 CS-1191,CS1191,Y,N,NULL,NULL,NULL,N,NULL,NULL,NULL,NULL,NULL,NULL,0.346,NULL,NULL,NULL,NULL,,NULL,0,0,2,2,N,N,10,NULL,98,9801,NULL,,Y,37.50554,37,30.332,NULL,-82.53811,82,32.287,NULL,N,NULL,NULL,NULL,NULL,NULL,NULL,NULL,NULL,2,97,0,6,1,1,2,2,1,3,N,NULL,Y,N,1616,1628,1628,N,NULL,90,,,N,,N,N,098-CS-1191-0,NULL,NULL,2020,O,7.25285E+11,098-CS-1191  -000,HIGH,098-CS-1191  -000,0.346,0,0,0,0,0,0,0,0,0,0,0,0,0
72431126,KSP0900,19-42894,20191031,1500,,,LEFT FORK HAPPY,,HOLW,,,0,098 CR-1997,CR1997,N,N,NULL,NULL,NULL,N,NULL,NULL,NULL,NULL,NULL,NULL,0.08,NULL,NULL,NULL,NULL,,NULL,0,0,2,2,N,N,25,NULL,98,9864,NULL,,Y,37.2801,37,16.806,NULL,-82.44769,82,26.861,NULL,N,NULL,NULL,NULL,NULL,NULL,NULL,NULL,NULL,2,3,2,6,1,5,6,2,7,3,N,NULL,Y,N,1500,1500,1500,N,NULL,47,,,N,,N,N,098-CR-1997-0,NULL,NULL,2019,O,7.24311E+11,098-CR-1997  -000,HIGH,098-CR-1997  -000,0.08,0,0,0,0,0,0,0,0,0,0,0,0,0
72428271,KSP0900,19-42065,20191026,20,,,KY199,,,KY0199,KY0199,0,098 KY-199,KY0199,N,N,NULL,NULL,NULL,N,NULL,NULL,NULL,NULL,NULL,NULL,9.808,NULL,NULL,NULL,NULL,,NULL,0,0,1,1,N,N,35,NULL,98,9851,NULL,,Y,37.58094,37,34.857,NULL,-82.27015,82,16.209,NULL,N,NULL,NULL,NULL,NULL,NULL,NULL,NULL,NULL,9,4,2,3,1,5,6,2,7,3,N,NULL,Y,N,722,758,722,N,NULL,51,7,0,N,,N,N,098-KY-0199-0,NULL,NULL,2019,O,7.24283E+11,098-KY-0199  -000,HIGH,098-KY-0199  -000,9.808,0,0,0,0,0,0,0,0,0,0,0,1,0
72440685,KSP0900,19-45830,20191121,1904,,148,DOUGLAS,,PARK,,,0,098 CR-1704,CR1704,Y,N,NULL,NULL,NULL,N,NULL,NULL,NULL,NULL,NULL,NULL,0.192,NULL,NULL,NULL,NULL,,NULL,0,0,2,2,N,N,NULL,NULL,98,9801,NULL,,Y,37.37918,37,22.751,NULL,-82.53572,82,32.143,NULL,N,NULL,NULL,NULL,NULL,NULL,NULL,NULL,NULL,6,97,NULL,6,3,1,2,6,7,3,N,NULL,Y,N,1905,1944,,N,NULL,90,,,N,,N,N,098-CR-1704-0,NULL,NULL,2019,O,7.24407E+11,098-CR-1704  -000,HIGH,098-CR-1704  -000,0.192,0,0,0,0,0,0,1,0,0,0,0,0,0
72508890,980100,2.02E+11,20200608,905,,,NORTHGATE,,DR,,,,,,N,N,NULL,NULL,NULL,N,NULL,NULL,NULL,NULL,NULL,NULL,0.019,NULL,NULL,NULL,NULL,,NULL,0,0,2,2,N,N,15,NULL,98,9801,NULL,,Y,37.48642,37,29.185,NULL,-82.50928,82,30.557,NULL,N,NULL,NULL,NULL,NULL,NULL,NULL,NULL,NULL,1,3,2,5,1,1,2,2,6,3,N,NULL,Y,N,905,908,908,N,NULL,55,,,N,,N,N,,NULL,NULL,2020,O,7.25089E+11,098-CS-1021  -000,MEDIUM,098-CS-1021  -000,0.019,0,0,1,1,0,0,1,0,0,0,0,0,0
72512253,980100,2.02E+11,20200617,1100,,911,BYPASS ROAD,,RD,,,0,098 CS-1223,CS1223,Y,N,NULL,NULL,NULL,N,NULL,NULL,NULL,NULL,NULL,NULL,NULL,NULL,NULL,NULL,NULL,NULL,NULL,0,0,2,2,N,N,10,NULL,98,9801,NULL,,Y,37.47185,37,28.311,NULL,-82.52252,82,31.351,NULL,N,NULL,NULL,NULL,NULL,NULL,NULL,NULL,NULL,2,97,2,4,2,1,3,2,1,3,N,NULL,Y,N,1100,1108,1108,N,NULL,90,,,N,,N,N,098-CS-1223-0,NULL,NULL,2020,O,7.25123E+11,098-CS-1223  -000,HIGH,098-CS-1223  -000,0.064,0,0,0,1,0,0,0,0,0,0,0,0,0
72500601,980100,2.02E+11,20200511,1535,,121,MAYO TRAIL,S,CIR,,,0,098 CS-1050,CS1050,Y,N,NULL,NULL,NULL,N,NULL,NULL,NULL,NULL,NULL,NULL,NULL,NULL,NULL,NULL,NULL,NULL,NULL,0,0,2,2,N,N,NULL,NULL,98,9801,NULL,,Y,37.47251,37,28.35,NULL,-82.5295,82,31.77,NULL,N,NULL,NULL,NULL,NULL,NULL,NULL,NULL,NULL,2,97,1,6,1,1,2,2,1,3,N,NULL,Y,N,1535,1535,1535,N,NULL,90,,,N,,N,N,098-CS-1050-0,NULL,NULL,2020,O,7.25006E+11,098-CS-1050  -000,HIGH,098-CS-1050  -000,0.104,0,0,0,0,0,0,0,0,0,0,0,0,0
72428833,KSP0900,19-42708,20191030,1241,,,KY3220,,,KY3220,KY3220,0,098 KY-3220,KY3220,N,N,NULL,NULL,NULL,N,NULL,NULL,NULL,NULL,NULL,NULL,2.783,NULL,NULL,NULL,NULL,,NULL,0,0,2,2,N,N,35,NULL,98,9838,NULL,,Y,37.60799,37,36.479,NULL,-82.32561,82,19.537,NULL,N,NULL,NULL,NULL,NULL,NULL,NULL,NULL,NULL,5,3,2,6,1,5,6,2,7,3,N,NULL,Y,N,1249,1313,1326,N,NULL,40,8,0,N,,N,N,098-KY-3220-0,NULL,NULL,2019,O,7.24288E+11,098-KY-3220  -000,HIGH,098-KY-3220  -000,2.783,0,0,0,0,0,0,1,0,0,0,0,1,0
72430355,980100,2.019E+11,20191029,1100,,911,BYPASS,S,RD,KY1426,KY1426,0,098 KY-1426,KY1426,Y,N,NULL,NULL,NULL,N,NULL,NULL,NULL,NULL,NULL,NULL,5.681,NULL,NULL,NULL,NULL,,NULL,0,0,2,2,N,N,15,NULL,98,9801,NULL,,Y,37.47271,37,28.362,NULL,-82.523,82,31.38,NULL,N,NULL,NULL,NULL,NULL,NULL,NULL,NULL,NULL,8,97,0,6,2,1,2,2,1,3,N,NULL,Y,N,1119,1121,,N,NULL,90,,0,N,,N,N,098-KY-1426-0,NULL,NULL,2019,O,7.24304E+11,098-KY-1426  -000,HIGH,098-KY-1426  -000,5.681,0,0,0,0,0,0,1,0,0,0,0,0,0
72447586,980100,2.019E+11,20191206,1644,,,US23,,,US0023,US0023,,,,N,Y,STONE COAL CREEK,,RD,N,NULL,NULL,NULL,NULL,NULL,NULL,27.378,NULL,NULL,NULL,NULL,,NULL,0,0,2,2,N,N,55,NULL,98,9801,NULL,,Y,37.51096,37,30.658,NULL,-82.54877,82,32.926,NULL,N,NULL,NULL,NULL,NULL,NULL,NULL,NULL,NULL,5,3,4,6,1,1,2,2,1,3,N,NULL,Y,N,1644,1652,,N,NULL,35,,1,N,,N,N,,NULL,NULL,2019,O,7.24476E+11,098-US-0023  -000,MEDIUM,098-US-0023  -000,27.378,0,1,0,0,0,0,1,0,0,0,1,0,0
72544063,KSP0900,20-706357,20200919,2205,,,KY199,,,KY0199,KY0199,,,,N,N,NULL,NULL,NULL,N,NULL,NULL,NULL,NULL,NULL,NULL,9.013,NULL,NULL,NULL,NULL,,NULL,0,0,2,2,N,N,35,NULL,98,9872,NULL,,Y,37.5702,37,34.212,NULL,-82.26786,82,16.072,NULL,N,NULL,NULL,NULL,NULL,NULL,NULL,NULL,NULL,7,3,2,3,1,1,2,6,6,3,N,NULL,Y,N,2211,2216,2300,N,NULL,54,7,0,N,,N,N,,NULL,NULL,2020,O,7.25441E+11,098-KY-0199  -000,HIGH,098-KY-0199  -000,9.013,0,0,1,1,0,0,0,0,0,0,0,1,0
72504585,KSP0900,20-18914,20200520,1719,,,KY197,,,KY0197,KY0197,0,098 KY-197,KY0197,N,N,NULL,NULL,NULL,N,NULL,NULL,NULL,NULL,NULL,NULL,2.342,NULL,NULL,NULL,NULL,,NULL,1,0,1,1,N,N,55,NULL,98,9802,10,S,N,37.22462,37,13.477,NULL,-82.53421,82,32.053,NULL,N,NULL,NULL,NULL,NULL,NULL,NULL,NULL,NULL,9,5,2,6,1,5,3,2,6,3,Y,NULL,Y,Y,1720,1742,,N,NULL,44,7,0,N,,N,N,098-KY-0197-0,NULL,NULL,2020,C,7.25046E+11,098-KY-0197  -000,HIGH,098-KY-0197  -000,2.342,0,0,0,0,0,0,0,0,0,0,0,1,0
72487761,KSP0900,20-9643,20200313,1652,,51441,KY194,,,KY0194,KY0194,0,098 KY-194,KY0194,N,N,NULL,NULL,NULL,N,NULL,NULL,NULL,NULL,NULL,NULL,11.67,NULL,NULL,NULL,NULL,,NULL,0,0,1,1,N,N,55,NULL,98,9825,NULL,,Y,37.59703,37,35.822,NULL,-82.5051,82,30.306,NULL,N,NULL,NULL,NULL,NULL,NULL,NULL,NULL,NULL,9,4,2,3,1,1,2,2,7,3,N,NULL,Y,N,1652,1719,1725,Y,NULL,40,7,0,N,,N,N,098-KY-0194-0,NULL,NULL,2020,O,7.24878E+11,098-KY-0194  -000,HIGH,098-KY-0194  -000,11.67,0,0,0,0,0,0,0,0,0,0,0,1,0
72406606,KSP0900,19-35427,20190910,2306,,,CHLOE,,RD,KY1460,KY1460,0,098 KY-1460,KY1460,N,N,NULL,NULL,NULL,N,NULL,NULL,NULL,NULL,NULL,NULL,2.077,NULL,NULL,NULL,NULL,,NULL,1,0,1,1,N,N,45,NULL,98,9801,1,S,N,37.45966,37,27.579,NULL,-82.47825,82,28.695,NULL,N,NULL,NULL,NULL,NULL,NULL,NULL,NULL,NULL,9,4,2,4,1,1,2,6,7,3,Y,NULL,Y,Y,2308,2319,2308,N,NULL,44,,0,Y,,N,N,098-KY-1460-0,NULL,NULL,2019,C,7.24066E+11,098-KY-1460  -000,HIGH,098-KY-1460  -000,2.077,0,0,0,0,0,0,0,0,1,0,0,1,0
72495398,980200,980200,20200409,1530,,,RUSSELL,E,ST,,,0,098 CS-2009,CS2009,N,N,NULL,NULL,NULL,N,NULL,NULL,NULL,NULL,NULL,NULL,0.221,NULL,NULL,NULL,NULL,,NULL,0,0,1,1,N,N,35,NULL,98,9802,NULL,,Y,37.30564,37,18.338,NULL,-82.34814,82,20.888,NULL,N,NULL,NULL,NULL,NULL,NULL,NULL,NULL,NULL,9,3,2,3,3,1,2,2,6,3,N,NULL,N,Y,1534,1536,1630,N,NULL,40,,,N,,N,N,098-CS-2009-0,NULL,NULL,2020,O,7.24954E+11,098-CS-2009  -000,HIGH,098-CS-2009  -000,0.221,0,0,0,0,0,0,0,0,0,0,0,1,0
72457845,980100,2.019E+11,20191230,1241,,,,,,US0023,US0023,,,,N,N,NULL,NULL,NULL,N,NULL,NULL,NULL,NULL,NULL,NULL,0.027,NULL,NULL,NULL,NULL,,NULL,0,0,1,1,N,N,55,NULL,98,9801,NULL,,Y,37.48,37,28.8,NULL,-82.54182,82,32.509,NULL,Y,KY1384,W,NULL,,US0023,N,NULL,,9,3,4,1,1,1,2,2,7,3,N,NULL,Y,N,1241,1249,1249,N,NULL,72,,1,N,,N,N,,NULL,NULL,2019,O,7.24578E+11,098-US-0023  -221,MEDIUM,098-US-0023  -221,0.027,0,0,1,0,0,0,0,0,0,0,0,1,0