MasterFile,AgencyORINumber,LocalCode,CollisionDate,CollisionTime,CollisionDayWeekCode,RoadwayName_HouseBusinessNumber_,RoadwayName_RoadwayName_,RoadwayName_Direction_,RoadwayName_RoadwaySuffix_,RoadwayfromReport,CurrentRoadwayNumber,RoadwayNumberCoupletID,RSEUniqueGIS,RoadwayIdentifier,ParkingLotIndicator,IntersectionWith_Indicator_,IntersectionWith_NameRoadway_,IntersectionWith_Direction_,IntersectionWith_RoadwaySuffix_,BetweenStreets_Indicator_,BetweenStreets1_NameRoadway_,BetweenStreet1_Direction_,BetweenStreets1_RoadwaySuffix_,BetweenStreets2_NameRoadway_,BetweenStreets2_Direction_,BetweenStreets2_RoadwaySuffix_,Milepoint,ReportMilepointDeriveNumber,CurrentDerivedMiepointNumber,MilestoMilepoint,FeettoMilepoint,DirectionfromMilepoint_NSEW_,ValidMilepointIndicator,NumberInjured,NumberKilled,ofUnits,ofMotorVehicleUnits,Hit&RunIndicator,OneWayIndicator,SpeedLimitNumber,KilometersIndicator,CountyCode,CityCountyCode,MilesFromCity,DirectionFromCity_NSEW_,InCityLimitsIndicator,Latitude,LatitudeDegrees,LatitudeMinutes,LatitudeSeconds,Longitude,LongitudeDegrees,LongitudeMinutes,LongitudeSeconds,RampIndicator,RampFromIdentifier,RampFromDirCode,RampFromCoupletID,RSEUniqueGISRampFrom,RampToidentifier,RampToDirCode,RampToCoupletID,RSEUniqueGisRampTo,MannerofCollisionCode,LocationFirstEventCode,TotalLanes,RoadwayCharacterCode,RoadwaySurfaceCode,RoadwayConditionCode,WeatherCode,LightConditionCode,LandUseCode,SchoolBusRelatedCode,FirstAidSceneIndicator,CollDescPresentInd,InvestigationCompleteIndicator,PhotosTakenIndicator,TimeNotified,TimeArrived,TimeRoadwayOpened,PropertyDamageIndicator,DiagramPresentIndicator,DirectionalAnalysis,FunctionClassCode,NationalHwySysCode,EnforcementsIndicator,KARSCityCode,SecondaryCollisionIndicator,MedianCrossoverIndicator,RT_UNIQUE,MapIt,TimeLastLeft,YR,KABCO,MFNY,WorkingRID,RT_CONFIDENCE,KTC_RT,KTC_MP,Motorcyclist,CommercialVehicle,YoungDriver,MatureDriver,pedestrian,Bicyclist,Distracted,agressive,Impaired,Unrestrained,Intersection,RoadwayDeparture,MedXover
72484223,KSP0900,20-8392,20200304,713,,,LEFT FORK ISLAND,,CRK,,,0,098 CR-1233Q3,CR1233Q3,N,N,NULL,NULL,NULL,N,NULL,NULL,NULL,NULL,NULL,NULL,1.319,NULL,NULL,NULL,NULL,,NULL,0,0,2,2,N,N,35,NULL,98,9801,5,W,N,37.43372,37,26.023,NULL,-82.57684,82,34.61,NULL,N,NULL,NULL,NULL,NULL,NULL,NULL,NULL,NULL,7,3,2,3,1,1,2,2,7,1,N,NULL,Y,Y,805,824,827,N,NULL,54,,,N,,N,N,098-CR-1233Q3-0,NULL,NULL,2020,O,7.24842E+11,098-CR-1233Q3-000,HIGH,098-CR-1233Q3-000,1.319,0,1,0,0,0,0,0,0,0,0,0,1,0
72464744,KSP0900,20-1613,20200112,1600,,,KY2062,,,KY2062,KY2062,0,098 KY-2062,KY2062,N,N,NULL,NULL,NULL,N,NULL,NULL,NULL,NULL,NULL,NULL,1.899,NULL,NULL,NULL,NULL,,NULL,0,0,2,2,N,N,35,NULL,98,9804,NULL,,Y,37.51326,37,30.795,NULL,-82.11281,82,6.768,NULL,N,NULL,NULL,NULL,NULL,NULL,NULL,NULL,NULL,2,3,2,1,1,1,2,2,7,3,N,NULL,Y,N,1605,1646,1646,N,NULL,56,8,0,N,,N,N,098-KY-2062-0,NULL,NULL,2020,O,7.24647E+11,098-KY-2062  -000,HIGH,098-KY-2062  -000,1.899,0,0,0,0,0,0,1,0,0,0,0,0,0
72409305,980100,2.019E+11,20190917,1009,,,BYPASS,S,RD,KY1426,KY1426,0,098 KY-1426,KY1426,N,N,NULL,NULL,NULL,N,NULL,NULL,NULL,NULL,NULL,NULL,5.641,NULL,NULL,NULL,NULL,,NULL,1,0,2,2,N,N,55,NULL,98,9801,NULL,,Y,37.47261,37,28.356,NULL,-82.52368,82,31.421,NULL,N,NULL,NULL,NULL,NULL,NULL,NULL,NULL,NULL,5,3,2,6,1,1,2,2,1,3,Y,NULL,Y,Y,1009,1012,1052,N,NULL,49,,0,N,,N,N,098-KY-1426-0,NULL,NULL,2019,C,7.24093E+11,098-KY-1426  -000,HIGH,098-KY-1426  -000,5.641,0,0,0,1,0,0,1,0,0,0,0,0,0
72443394,980100,2.019E+11,20191125,1613,,,CASSIDY,,BLVD,,,,,,Y,N,NULL,NULL,NULL,N,NULL,NULL,NULL,NULL,NULL,NULL,0.292,NULL,NULL,NULL,NULL,,NULL,0,0,2,2,N,N,15,NULL,98,9801,NULL,,Y,37.505,37,30.3,NULL,-82.53666,82,32.2,NULL,N,NULL,NULL,NULL,NULL,NULL,NULL,NULL,NULL,2,97,1,6,1,1,2,2,1,3,N,NULL,Y,N,1613,1621,1621,N,NULL,90,,,N,,N,N,,NULL,NULL,2019,O,7.24434E+11,098-CS-1191  -000,HIGH,098-CS-1191  -000,0.292,0,0,0,1,0,0,1,1,0,0,0,0,0
72447427,KSP0900,19-47747,20191206,1543,,,RAILROAD,,LN,,,0,098 CR-1245,CR1245,N,N,NULL,NULL,NULL,N,NULL,NULL,NULL,NULL,NULL,NULL,0.051,NULL,NULL,NULL,NULL,,NULL,0,0,2,2,N,N,25,NULL,98,9802,NULL,,Y,37.32909,37,19.745,NULL,-82.45446,82,27.268,NULL,N,NULL,NULL,NULL,NULL,NULL,NULL,NULL,NULL,2,7,1,6,3,1,2,7,7,3,N,NULL,N,N,1543,1837,,N,NULL,47,,,N,,N,N,098-CR-1245-0,NULL,NULL,2019,O,7.24474E+11,098-CR-1245  -000,HIGH,098-CR-1245  -000,0.051,0,0,0,0,0,0,1,0,0,0,0,0,0
72493838,KSP0900,20-11391,20200328,1025,,924,KY612,,,KY0612,KY0612,0,098 KY-612,KY0612,N,N,NULL,NULL,NULL,N,NULL,NULL,NULL,NULL,NULL,NULL,7.045,NULL,NULL,NULL,NULL,,NULL,2,0,1,1,N,N,45,NULL,98,9826,NULL,,Y,37.65591,37,39.355,NULL,-82.30558,82,18.335,NULL,N,NULL,NULL,NULL,NULL,NULL,NULL,NULL,NULL,9,4,2,6,1,1,2,2,7,3,N,NULL,Y,Y,1026,1035,1156,N,NULL,51,8,0,N,,N,Y,098-KY-0612-0,NULL,NULL,2020,A,7.24938E+11,098-KY-0612  -000,HIGH,098-KY-0612  -000,7.045,0,0,0,0,0,0,0,1,0,1,0,1,0
72497449,370200,2020-15061,20200423,1245,,,MAYO,N,TRL,US0023,US0023,0,098 US-23-10,US0023,N,N,NULL,NULL,NULL,N,NULL,NULL,NULL,NULL,NULL,NULL,29.605,NULL,NULL,NULL,NULL,,NULL,0,0,2,2,N,N,55,NULL,98,9801,NULL,,Y,37.53157,37,31.894,NULL,-82.57713,82,34.627,NULL,N,NULL,NULL,NULL,NULL,NULL,NULL,NULL,NULL,1,3,5,6,1,1,2,2,1,3,N,NULL,Y,N,1300,1300,1300,N,NULL,55,,1,N,,N,N,098-US-0023-10,NULL,NULL,2020,O,7.24974E+11,098-US-0023  -010,HIGH,098-US-0023  -000,29.605,0,0,0,0,0,0,1,1,0,0,0,0,0
72502271,980100,2.02E+11,20200518,36,,,US23,,,US0023,US0023,,,,N,N,NULL,NULL,NULL,N,NULL,NULL,NULL,NULL,NULL,NULL,29.912,NULL,NULL,NULL,NULL,,NULL,0,0,1,1,N,N,55,NULL,98,9801,NULL,,Y,37.53595,37,32.157,NULL,-82.57909,82,34.745,NULL,N,NULL,NULL,NULL,NULL,NULL,NULL,NULL,NULL,9,3,2,3,1,1,2,6,7,3,N,NULL,Y,N,20,30,30,N,NULL,38,,1,N,,N,N,,NULL,NULL,2020,O,7.25023E+11,098-US-0023  -000,MEDIUM,098-US-0023  -000,29.912,0,0,0,0,0,0,1,0,0,0,0,0,0
72507919,KSP0900,20-19412,20200523,2316,,,COWPEN,,RD,KY2061,KY2061,0,098 KY-2061,KY2061,N,N,NULL,NULL,NULL,N,NULL,NULL,NULL,NULL,NULL,NULL,3.615,NULL,NULL,NULL,NULL,,NULL,1,0,1,1,N,N,55,NULL,98,9807,NULL,,Y,37.56268,37,33.761,NULL,-82.55708,82,33.425,NULL,N,NULL,NULL,NULL,NULL,NULL,NULL,NULL,NULL,9,3,2,6,1,5,10,6,7,3,Y,NULL,Y,Y,2316,2331,30,N,NULL,40,,0,N,,N,N,098-KY-2061-0,NULL,NULL,2020,A,7.25079E+11,098-KY-2061  -000,HIGH,098-KY-2061  -000,3.615,0,0,0,0,0,0,1,0,0,0,0,1,0
72493149,980500,2020AR022,20200406,1030,,3663,N MAYO TRIAL,,,,,,,,Y,N,NULL,NULL,NULL,N,NULL,NULL,NULL,NULL,NULL,NULL,NULL,NULL,NULL,NULL,NULL,NULL,NULL,0,0,2,2,N,N,15,NULL,98,9807,NULL,,Y,37.51797,37,31.078,NULL,-82.56535,82,33.921,NULL,N,NULL,NULL,NULL,NULL,NULL,NULL,NULL,NULL,2,97,3,6,1,1,2,2,1,3,N,NULL,Y,N,1030,1032,1059,N,NULL,90,,,N,,N,N,,NULL,NULL,2020,O,7.24931E+11,098-CS-3004  -000,MEDIUM,098-CS-3004  -000,0.023,0,0,0,1,0,0,1,0,0,0,0,0,0
72493331,KSP0900,20-12941,20200409,610,,,US23,,,US0023,US0023,0,098 US-23-10,US0023,N,N,NULL,NULL,NULL,N,NULL,NULL,NULL,NULL,NULL,NULL,28.666,NULL,NULL,NULL,NULL,,NULL,0,0,2,2,N,N,55,NULL,98,9807,NULL,,Y,37.52028,37,31.217,NULL,-82.56801,82,34.08,NULL,N,NULL,NULL,NULL,NULL,NULL,NULL,NULL,NULL,1,3,4,4,1,5,6,6,7,3,N,NULL,Y,N,610,650,,N,NULL,55,,1,N,,N,N,098-US-0023-10,NULL,NULL,2020,O,7.24933E+11,098-US-0023  -010,HIGH,098-US-0023  -000,28.666,0,0,0,0,0,0,1,0,0,0,0,0,0
72428925,980100,2.019E+11,20191029,1627,,,US23,,,US0023,US0023,,,,N,Y,KELSEY FRIEND,,DR,N,NULL,NULL,NULL,NULL,NULL,NULL,31.603,NULL,NULL,NULL,NULL,,NULL,0,0,2,2,N,N,55,NULL,98,9801,NULL,,Y,37.53687,37,32.212,NULL,-82.60168,82,36.101,NULL,N,NULL,NULL,NULL,NULL,NULL,NULL,NULL,NULL,1,3,4,6,1,1,2,2,7,3,N,NULL,Y,N,1627,1641,1641,N,NULL,8,,1,N,,N,N,,NULL,NULL,2019,O,7.24289E+11,098-US-0023  -010,MEDIUM,098-US-0023  -000,31.603,0,0,0,0,0,0,1,1,0,0,1,0,0
72465397,KSP0900,20-120,20200101,2045,,,COLEMAN,,RD,,,0,098 CR-1581,CR1581,N,N,NULL,NULL,NULL,N,NULL,NULL,NULL,NULL,NULL,NULL,0.057,NULL,NULL,NULL,NULL,,NULL,0,0,2,1,Y,N,45,NULL,98,9802,NULL,,Y,37.49601,37,29.761,NULL,-82.33482,82,20.089,NULL,N,NULL,NULL,NULL,NULL,NULL,NULL,NULL,NULL,9,3,2,6,1,1,2,4,7,3,N,NULL,N,N,2045,2125,,N,NULL,36,,,N,,N,N,098-CR-1581-0,NULL,NULL,2020,O,7.24654E+11,098-CR-1581  -000,HIGH,098-CR-1581  -000,0.057,0,0,0,0,1,0,1,0,0,0,0,0,0
72387665,KSP0900,19-29269,20190801,345,,,ELKHORN,,CRK,KY0197,KY0197,0,098 KY-197,KY0197,N,N,NULL,NULL,NULL,N,NULL,NULL,NULL,NULL,NULL,NULL,14.695,NULL,NULL,NULL,NULL,,NULL,1,0,1,1,N,N,55,NULL,98,9802,NULL,,Y,37.28394,37,17.037,NULL,-82.36849,82,22.11,NULL,N,NULL,NULL,NULL,NULL,NULL,NULL,NULL,NULL,9,3,2,6,1,1,2,6,7,3,N,NULL,Y,Y,355,423,,N,NULL,38,7,0,N,,N,N,098-KY-0197-0,NULL,NULL,2019,A,7.23877E+11,098-KY-0197  -000,HIGH,098-KY-0197  -000,14.695,0,0,0,0,0,0,0,0,0,1,0,1,0
72451051,KSP0900,19-48764,20191214,955,,,KY1469,,,KY1469,KY1469,0,098 KY-1469,KY1469,N,N,NULL,NULL,NULL,N,NULL,NULL,NULL,NULL,NULL,NULL,9.413,NULL,NULL,NULL,NULL,,NULL,3,0,2,2,N,N,55,NULL,98,9827,NULL,,Y,37.32489,37,19.493,NULL,-82.61132,82,36.679,NULL,N,NULL,NULL,NULL,NULL,NULL,NULL,NULL,NULL,5,3,2,6,1,5,6,2,7,3,Y,NULL,Y,Y,957,1008,1119,N,NULL,49,8,0,Y,,N,N,098-KY-1469-0,NULL,NULL,2019,C,7.24511E+11,098-KY-1469  -000,HIGH,098-KY-1469  -000,9.413,0,0,0,0,0,0,0,1,1,0,0,0,0
72458891,980000,19-12-007,20191223,1510,,,US23,,,US0023,US0023,0,098 US-23,US0023,N,N,NULL,NULL,NULL,N,NULL,NULL,NULL,NULL,NULL,NULL,25.981,NULL,NULL,NULL,NULL,,NULL,0,0,2,2,N,N,55,NULL,98,9801,NULL,,Y,37.49936,37,29.962,NULL,-82.53155,82,31.893,NULL,N,NULL,NULL,NULL,NULL,NULL,NULL,NULL,NULL,5,3,4,6,1,1,2,2,1,3,N,NULL,Y,N,1510,1510,1510,N,NULL,70,,1,N,,N,N,098-US-0023-0,NULL,NULL,2019,O,7.24589E+11,098-US-0023  -000,HIGH,098-US-0023  -000,25.981,0,0,1,0,0,0,1,0,0,0,0,0,0
72486050,980000,20-03-002,20200309,1900,,,FERRELLS CREEK,,RD,US0460,US0460,0,098 US-460,US0460,N,N,NULL,NULL,NULL,N,NULL,NULL,NULL,NULL,NULL,NULL,15.334,NULL,NULL,NULL,NULL,,NULL,0,0,2,2,N,N,55,NULL,98,9874,NULL,,Y,37.34734,37,20.841,NULL,-82.35879,82,21.527,NULL,N,NULL,NULL,NULL,NULL,NULL,NULL,NULL,NULL,7,3,3,6,1,1,2,1,6,3,N,NULL,Y,Y,1900,1920,2000,N,NULL,54,,1,Y,,N,N,098-US-0460-0,NULL,NULL,2020,O,7.24861E+11,098-US-0460  -000,HIGH,098-US-0460  -000,15.334,0,0,1,0,0,0,0,0,0,0,0,1,0
72531247,980100,2.02E+11,20200728,1411,,,US23,,,US0023,US0023,,,,N,N,NULL,NULL,NULL,N,NULL,NULL,NULL,NULL,NULL,NULL,31.611,NULL,NULL,NULL,NULL,,NULL,2,0,2,2,N,N,55,NULL,98,9801,NULL,,Y,37.53689,37,32.213,NULL,-82.60181,82,36.108,NULL,N,NULL,NULL,NULL,NULL,NULL,NULL,NULL,NULL,5,3,4,6,1,1,3,2,7,3,Y,NULL,Y,Y,1411,1420,,N,NULL,70,,1,N,,N,N,,NULL,NULL,2020,C,7.25312E+11,098-US-0023  -010,MEDIUM,098-US-0023  -000,31.611,0,0,0,1,0,0,0,0,0,0,0,0,0
72535692,980500,2020AR042,20200826,1630,,,CHURCH,,ST,,,0,098 CS-3002,CS3002,Y,N,NULL,NULL,NULL,N,NULL,NULL,NULL,NULL,NULL,NULL,0.251,NULL,NULL,NULL,NULL,,NULL,0,0,2,2,N,N,15,NULL,98,9807,NULL,,Y,37.51772,37,31.063,NULL,-82.56673,82,34.004,NULL,N,NULL,NULL,NULL,NULL,NULL,NULL,NULL,NULL,2,97,2,6,2,1,2,2,1,3,N,NULL,Y,Y,1625,1630,,N,NULL,90,,,N,,N,N,098-CS-3002-0,NULL,NULL,2020,O,7.25357E+11,098-CS-3002  -000,HIGH,098-CS-3002  -000,0.251,0,0,0,1,0,0,0,0,0,0,0,0,0
72435203,KSP0900,19-43818,20191107,605,,,KY122,,,KY0122,KY0122,0,098 KY-122,KY0122,N,N,NULL,NULL,NULL,N,NULL,NULL,NULL,NULL,NULL,NULL,6.594,NULL,NULL,NULL,NULL,,NULL,1,0,1,1,N,N,55,NULL,98,9823,NULL,,Y,37.36654,37,21.992,NULL,-82.58234,82,34.94,NULL,N,NULL,NULL,NULL,NULL,NULL,NULL,NULL,NULL,9,4,2,1,1,1,2,6,7,3,Y,NULL,Y,Y,605,645,,Y,NULL,51,,0,N,,N,N,098-KY-0122-0,NULL,NULL,2019,A,7.24352E+11,098-KY-0122  -000,HIGH,098-KY-0122  -000,6.594,0,0,0,0,0,0,1,0,0,0,0,1,0
72459458,980100,2.02E+11,20200103,1550,,,2ND,,ST,,,0,098 CS-1117,CS1117,N,N,NULL,NULL,NULL,N,NULL,NULL,NULL,NULL,NULL,NULL,0.276,NULL,NULL,NULL,NULL,,NULL,0,0,2,2,N,N,15,NULL,98,9801,NULL,,Y,37.48011,37,28.807,NULL,-82.51826,82,31.095,NULL,N,NULL,NULL,NULL,NULL,NULL,NULL,NULL,NULL,8,3,1,6,1,5,6,2,1,3,N,NULL,Y,N,1550,1555,1600,N,NULL,47,,,N,,N,N,098-CS-1117-0,NULL,NULL,2020,O,7.24595E+11,098-CS-1117  -000,HIGH,098-CS-1117  -000,0.276,0,0,0,0,0,0,1,0,0,0,0,0,0
72410052,980100,2.019E+11,20190914,1101,,,US23,,,US0023,US0023,0,098 US-23,US0023,Y,N,NULL,NULL,NULL,N,NULL,NULL,NULL,NULL,NULL,NULL,22.607,NULL,NULL,NULL,NULL,,NULL,0,0,2,2,N,N,15,NULL,98,9801,NULL,,Y,37.46461,37,27.877,NULL,-82.52021,82,31.213,NULL,N,NULL,NULL,NULL,NULL,NULL,NULL,NULL,NULL,2,97,1,6,1,1,2,2,1,3,N,NULL,Y,N,1101,1114,1124,N,NULL,90,,1,N,,N,N,098-US-0023-0,NULL,NULL,2019,O,7.24101E+11,098-US-0023  -000,HIGH,098-US-0023  -000,22.607,1,0,1,0,0,0,1,0,0,0,0,0,0
72523848,980100,2.02E+11,20200719,1705,,,KY3496,,,KY3496,KY3496,0,098 KY-3496,KY3496,Y,N,NULL,NULL,NULL,N,NULL,NULL,NULL,NULL,NULL,NULL,0.137,NULL,NULL,NULL,NULL,,NULL,0,0,2,2,N,N,15,NULL,98,9801,NULL,,Y,37.46616,37,27.969,NULL,-82.53014,82,31.808,NULL,N,NULL,NULL,NULL,NULL,NULL,NULL,NULL,NULL,2,97,2,3,1,1,2,2,1,3,N,NULL,Y,N,1705,1715,,N,NULL,90,16,0,N,,N,N,098-KY-3496-0,NULL,NULL,2020,O,7.25238E+11,098-KY-3496  -000,HIGH,098-KY-3496  -000,0.137,0,0,0,0,0,0,1,0,0,0,0,0,0
72495349,KSP0900,20-14524,20200419,2310,,,TOLER,,RD,KY0319,KY0319,,,,N,N,NULL,NULL,NULL,N,NULL,NULL,NULL,NULL,NULL,NULL,4.818,NULL,NULL,NULL,NULL,,NULL,0,0,1,1,N,N,45,NULL,98,9842,NULL,,Y,37.61732,37,37.039,NULL,-82.24226,82,14.535,NULL,N,NULL,NULL,NULL,NULL,NULL,NULL,NULL,NULL,9,3,2,6,1,5,6,4,7,3,N,NULL,N,N,2310,2315,2350,N,NULL,44,7,0,N,,N,N,,NULL,NULL,2020,O,7.24953E+11,098-KY-0319  -000,MEDIUM,098-KY-0319  -000,4.818,0,0,0,0,0,0,0,0,0,0,0,1,0
72494428,980000,20-04-006,20200413,941,,2241,US460,,,US0460,US0460,0,098 US-460,US0460,N,N,NULL,NULL,NULL,N,NULL,NULL,NULL,NULL,NULL,NULL,1.814,NULL,NULL,NULL,NULL,,NULL,0,0,2,2,N,N,55,NULL,98,9801,6,E,N,37.4309,37,25.854,NULL,-82.4949,82,29.694,NULL,N,NULL,NULL,NULL,NULL,NULL,NULL,NULL,NULL,5,3,2,6,1,5,3,2,7,3,N,NULL,Y,Y,941,945,945,N,NULL,49,,1,N,,N,N,098-US-0460-0,NULL,NULL,2020,O,7.24944E+11,098-US-0460  -000,HIGH,098-US-0460  -000,1.814,0,0,0,0,0,0,0,1,0,0,0,0,0
72506330,980000,20-05-010,20200524,2300,,,US23,,,US0023,US0023,0,098 US-23-10,US0023,N,N,NULL,NULL,NULL,N,NULL,NULL,NULL,NULL,NULL,NULL,28.845,NULL,NULL,NULL,NULL,,NULL,1,0,1,1,N,N,45,NULL,98,9807,NULL,,Y,37.52202,37,31.321,NULL,-82.57034,82,34.22,NULL,N,NULL,NULL,NULL,NULL,NULL,NULL,NULL,NULL,9,5,6,6,1,1,2,5,7,3,Y,NULL,Y,Y,2300,2315,2345,N,NULL,40,,1,Y,,N,Y,098-US-0023-10,NULL,NULL,2020,B,7.25063E+11,098-US-0023  -010,HIGH,098-US-0023  -000,28.845,0,0,0,1,0,0,1,0,1,1,0,1,0
72433706,KSP0900,19-43807,20191103,133,,43095,KY194,,,KY0194,KY0194,0,098 KY-194,KY0194,N,N,NULL,NULL,NULL,N,NULL,NULL,NULL,NULL,NULL,NULL,60.298,NULL,NULL,NULL,NULL,,NULL,0,0,1,1,N,N,35,NULL,98,9804,NULL,,Y,37.56295,37,33.777,NULL,-82.14589,82,8.753,NULL,N,NULL,NULL,NULL,NULL,NULL,NULL,NULL,NULL,9,4,2,3,1,1,2,5,7,3,N,NULL,Y,Y,133,213,331,N,NULL,44,7,0,N,,N,N,098-KY-0194-0,NULL,NULL,2019,O,7.24337E+11,098-KY-0194  -000,HIGH,098-KY-0194  -000,60.298,0,0,0,0,0,0,0,0,1,1,0,1,0
72438196,980100,2.019E+11,20191111,1505,,,HAROLDS BRANCH,,RD,,,0,098 CS-1223,CS1223,N,N,NULL,NULL,NULL,N,NULL,NULL,NULL,NULL,NULL,NULL,NULL,NULL,NULL,NULL,NULL,NULL,NULL,0,0,2,1,N,N,15,NULL,98,9801,NULL,,Y,37.47128,37,28.277,NULL,-82.52117,82,31.27,NULL,N,NULL,NULL,NULL,NULL,NULL,NULL,NULL,NULL,1,97,2,1,2,1,2,2,5,3,N,NULL,Y,N,1505,1507,1519,N,NULL,47,,,N,,N,N,098-CS-1223-0,NULL,NULL,2019,O,7.24382E+11,098-CS-1223  -000,HIGH,098-CS-1223  -000,0.135,0,0,0,0,0,0,1,0,0,0,0,0,0
72538344,980100,2.02E+11,20200831,1316,,,CASSIDY,,BLVD,,,,,,Y,N,NULL,NULL,NULL,N,NULL,NULL,NULL,NULL,NULL,NULL,0.191,NULL,NULL,NULL,NULL,,NULL,0,0,2,2,N,N,15,NULL,98,9801,NULL,,Y,37.50396,37,30.238,NULL,-82.5351,82,32.106,NULL,N,NULL,NULL,NULL,NULL,NULL,NULL,NULL,NULL,2,97,1,6,1,1,3,2,1,3,N,NULL,Y,N,1316,1320,1320,N,NULL,90,,,N,,N,N,,NULL,NULL,2020,O,7.25383E+11,098-CS-1191  -000,LOW,098-CS-1191  -000,0.191,0,0,0,0,0,0,1,0,0,0,0,0,0
72492877,KSP0900,20-11790,20200331,700,,,KY1499,,,KY1499,KY1499,0,098 KY-1499,KY1499,N,N,NULL,NULL,NULL,N,NULL,NULL,NULL,NULL,NULL,NULL,1.656,NULL,NULL,NULL,NULL,,NULL,1,0,1,1,N,N,55,NULL,98,9839,NULL,,Y,37.40049,37,24.029,NULL,-82.25069,82,15.042,NULL,N,NULL,NULL,NULL,NULL,NULL,NULL,NULL,NULL,9,5,2,3,1,1,2,1,7,3,Y,NULL,Y,Y,700,730,,N,NULL,40,7,0,N,,N,N,098-KY-1499-0,NULL,NULL,2020,C,7.24929E+11,098-KY-1499  -000,HIGH,098-KY-1499  -000,1.656,0,0,0,0,0,0,0,0,0,0,0,1,0
72466488,980100,2.02E+11,20200122,721,,,BAIRD,,AVE,KY1426,KY1426,0,098 KY-1426,KY1426,N,N,NULL,NULL,NULL,N,NULL,NULL,NULL,NULL,NULL,NULL,5.393,NULL,NULL,NULL,NULL,,NULL,0,0,2,2,N,N,25,NULL,98,9801,NULL,,Y,37.47329,37,28.398,NULL,-82.52715,82,31.629,NULL,N,NULL,NULL,NULL,NULL,NULL,NULL,NULL,NULL,8,97,2,6,1,1,2,2,7,3,N,NULL,N,N,723,731,735,N,NULL,53,,0,N,,N,N,098-KY-1426-0,NULL,NULL,2020,O,7.24665E+11,098-KY-1426  -000,HIGH,098-KY-1426  -000,5.393,0,0,0,1,0,0,1,0,0,0,0,1,0
72397160,KSP0900,19-31302,20190814,639,,,US119,,,US0119,US0119,0,098 US-119-10,US0119,N,N,NULL,NULL,NULL,N,NULL,NULL,NULL,NULL,NULL,NULL,16.099,NULL,NULL,NULL,NULL,,NULL,0,1,1,1,N,N,55,NULL,98,9838,NULL,,Y,37.60831,37,36.499,NULL,-82.3187,82,19.122,NULL,N,NULL,NULL,NULL,NULL,NULL,NULL,NULL,NULL,9,6,2,6,1,1,3,1,7,3,Y,NULL,Y,Y,643,711,711,N,NULL,44,2,1,N,,N,N,098-US-0119-10,NULL,NULL,2019,K,7.23972E+11,098-US-0119  -010,HIGH,098-US-0119  -000,16.099,0,0,0,0,0,0,0,1,0,0,0,1,0
72528580,980100,2.02E+11,20200805,757,,,SAAD,,AVE,,,0,098 CS-1165,CS1165,Y,N,NULL,NULL,NULL,N,NULL,NULL,NULL,NULL,NULL,NULL,0.097,NULL,NULL,NULL,NULL,,NULL,0,0,2,2,N,N,NULL,NULL,98,9801,NULL,,Y,37.48278,37,28.967,NULL,-82.51953,82,31.172,NULL,N,NULL,NULL,NULL,NULL,NULL,NULL,NULL,NULL,2,97,NULL,6,1,1,3,2,5,3,N,NULL,Y,N,757,758,758,N,NULL,90,,,N,,N,N,098-CS-1165-0,NULL,NULL,2020,O,7.25286E+11,098-CS-1165  -000,HIGH,098-CS-1165  -000,0.097,0,0,0,0,0,0,1,0,0,0,0,0,0
72489669,980000,20-03-004,20200313,1600,,,US119,,,US0119,US0119,0,098 US-119,US0119,Y,N,NULL,NULL,NULL,N,NULL,NULL,NULL,NULL,NULL,NULL,24.899,NULL,NULL,NULL,NULL,,NULL,0,0,1,1,N,N,55,NULL,98,9834,NULL,,Y,37.66722,37,40.033,NULL,-82.27573,82,16.544,NULL,N,NULL,NULL,NULL,NULL,NULL,NULL,NULL,NULL,9,97,4,6,1,1,2,2,5,3,N,NULL,Y,Y,1600,1609,1609,N,NULL,90,2,1,N,,N,N,098-US-0119-0,NULL,NULL,2020,O,7.24897E+11,098-US-0119  -000,HIGH,098-US-0119  -000,24.899,0,0,0,0,0,0,1,0,0,0,0,1,0
72452708,980100,2.019E+11,20191212,1232,,548,BYPASS ROAD/ DOUBLE KWIK,,,,,,,,Y,N,NULL,NULL,NULL,N,NULL,NULL,NULL,NULL,NULL,NULL,NULL,NULL,NULL,NULL,NULL,NULL,NULL,0,0,2,2,N,N,15,NULL,98,9801,NULL,,Y,37.48246,37,28.948,NULL,-82.51408,82,30.844,NULL,N,NULL,NULL,NULL,NULL,NULL,NULL,NULL,NULL,2,97,NULL,6,2,1,2,2,1,3,N,NULL,Y,N,1232,1239,1249,N,NULL,90,,,N,,N,N,,NULL,NULL,2019,O,7.24527E+11,098-KY-1426  -000,MEDIUM,098-KY-1426  -000,6.549,0,0,0,0,0,0,1,0,0,0,0,0,0
72442145,980100,2.019E+11,20191125,1614,,,US23,,,US0023,US0023,,,,N,N,NULL,NULL,NULL,N,NULL,NULL,NULL,NULL,NULL,NULL,27.39,NULL,NULL,NULL,NULL,,NULL,0,0,2,2,N,N,55,NULL,98,9801,NULL,,Y,37.51088,37,30.653,NULL,-82.54903,82,32.942,NULL,N,NULL,NULL,NULL,NULL,NULL,NULL,NULL,NULL,5,3,6,6,1,1,3,2,7,3,N,NULL,Y,N,1614,1622,1622,N,NULL,49,,1,N,,N,N,,NULL,NULL,2019,O,7.24421E+11,098-US-0023  -000,MEDIUM,098-US-0023  -000,27.39,0,0,1,0,0,0,1,0,0,0,0,0,0