MasterFile,AgencyORINumber,LocalCode,CollisionDate,CollisionTime,CollisionDayWeekCode,RoadwayName_HouseBusinessNumber_,RoadwayName_RoadwayName_,RoadwayName_Direction_,RoadwayName_RoadwaySuffix_,RoadwayfromReport,CurrentRoadwayNumber,RoadwayNumberCoupletID,RSEUniqueGIS,RoadwayIdentifier,ParkingLotIndicator,IntersectionWith_Indicator_,IntersectionWith_NameRoadway_,IntersectionWith_Direction_,IntersectionWith_RoadwaySuffix_,BetweenStreets_Indicator_,BetweenStreets1_NameRoadway_,BetweenStreet1_Direction_,BetweenStreets1_RoadwaySuffix_,BetweenStreets2_NameRoadway_,BetweenStreets2_Direction_,BetweenStreets2_RoadwaySuffix_,Milepoint,ReportMilepointDeriveNumber,CurrentDerivedMiepointNumber,MilestoMilepoint,FeettoMilepoint,DirectionfromMilepoint_NSEW_,ValidMilepointIndicator,NumberInjured,NumberKilled,ofUnits,ofMotorVehicleUnits,Hit&RunIndicator,OneWayIndicator,SpeedLimitNumber,KilometersIndicator,CountyCode,CityCountyCode,MilesFromCity,DirectionFromCity_NSEW_,InCityLimitsIndicator,Latitude,LatitudeDegrees,LatitudeMinutes,LatitudeSeconds,Longitude,LongitudeDegrees,LongitudeMinutes,LongitudeSeconds,RampIndicator,RampFromIdentifier,RampFromDirCode,RampFromCoupletID,RSEUniqueGISRampFrom,RampToidentifier,RampToDirCode,RampToCoupletID,RSEUniqueGisRampTo,MannerofCollisionCode,LocationFirstEventCode,TotalLanes,RoadwayCharacterCode,RoadwaySurfaceCode,RoadwayConditionCode,WeatherCode,LightConditionCode,LandUseCode,SchoolBusRelatedCode,FirstAidSceneIndicator,CollDescPresentInd,InvestigationCompleteIndicator,PhotosTakenIndicator,TimeNotified,TimeArrived,TimeRoadwayOpened,PropertyDamageIndicator,DiagramPresentIndicator,DirectionalAnalysis,FunctionClassCode,NationalHwySysCode,EnforcementsIndicator,KARSCityCode,SecondaryCollisionIndicator,MedianCrossoverIndicator,RT_UNIQUE,MapIt,TimeLastLeft,YR,KABCO,MFNY,WorkingRID,RT_CONFIDENCE,KTC_RT,KTC_MP,Motorcyclist,CommercialVehicle,YoungDriver,MatureDriver,pedestrian,Bicyclist,Distracted,agressive,Impaired,Unrestrained,Intersection,RoadwayDeparture,MedXover
72473795,980100,2.02E+11,20200205,1544,,,US23,,,US0023,US0023,,,,N,N,NULL,NULL,NULL,N,NULL,NULL,NULL,NULL,NULL,NULL,26.051,NULL,NULL,NULL,NULL,,NULL,0,0,2,2,N,N,55,NULL,98,9801,NULL,,Y,37.50038,37,30.023,NULL,-82.53181,82,31.908,NULL,N,NULL,NULL,NULL,NULL,NULL,NULL,NULL,NULL,1,3,4,6,1,5,3,2,7,3,N,NULL,Y,N,1544,1547,1547,N,NULL,55,,1,N,,N,N,,NULL,NULL,2020,O,7.24738E+11,098-US-0023  -010,MEDIUM,098-US-0023  -000,26.051,0,1,1,0,0,0,1,0,0,0,0,0,0
72514376,980100,2.02E+11,20200623,951,,,US23,,,US0023,US0023,0,098 US-23,US0023,N,N,NULL,NULL,NULL,N,NULL,NULL,NULL,NULL,NULL,NULL,22.934,NULL,NULL,NULL,NULL,,NULL,1,0,2,2,N,N,55,NULL,98,9801,NULL,,Y,37.46537,37,27.922,NULL,-82.526,82,31.56,NULL,N,NULL,NULL,NULL,NULL,NULL,NULL,NULL,NULL,5,3,4,6,1,1,3,2,7,3,Y,NULL,Y,Y,952,954,1054,N,NULL,70,,1,N,,N,N,098-US-0023-0,NULL,NULL,2020,C,7.25144E+11,098-US-0023  -000,HIGH,098-US-0023  -000,22.934,0,1,0,0,0,0,1,0,0,0,0,0,0
72474677,KSP0900,20-05095,20200208,607,,,BLAIR ADKINS,,RD,,,0,098 CR-1661H,CR1661H,N,N,NULL,NULL,NULL,N,NULL,NULL,NULL,NULL,NULL,NULL,0.027,NULL,NULL,NULL,NULL,,NULL,2,0,1,1,N,N,45,NULL,98,9802,NULL,,Y,37.36161,37,21.697,NULL,-82.40716,82,24.429,NULL,N,NULL,NULL,NULL,NULL,NULL,NULL,NULL,NULL,9,3,2,6,1,5,2,6,7,3,N,NULL,Y,N,609,627,,Y,NULL,70,,,N,,N,N,098-CR-1661H-0,NULL,NULL,2020,B,7.24747E+11,098-CR-1661H -000,HIGH,098-CR-1661H -000,0.027,0,0,1,0,0,0,0,0,0,0,0,1,0
72459580,KSP0900,19-49893,20191223,850,,,MAIN ST CONN,,,,,0,098 CS-3000-71,CS3000,N,N,NULL,NULL,NULL,N,NULL,NULL,NULL,NULL,NULL,NULL,0.016,NULL,NULL,NULL,NULL,,NULL,0,0,2,2,N,N,35,NULL,98,9807,NULL,,Y,37.51896,37,31.137,NULL,-82.56622,82,33.973,NULL,N,NULL,NULL,NULL,NULL,NULL,NULL,NULL,NULL,5,3,2,5,1,1,2,2,7,3,N,NULL,N,N,850,859,,N,NULL,70,,,N,,N,N,098-CS-3000-71,NULL,NULL,2019,O,7.24596E+11,098-CS-3000  -071,HIGH,098-CS-3000  -071,0.016,0,0,0,0,0,0,1,0,0,0,0,0,0
72454306,980100,2.019E+11,20191219,2115,,,RIVERFILL,N,DR,,,0,098 CS-1124,CS1124,Y,N,NULL,NULL,NULL,N,NULL,NULL,NULL,NULL,NULL,NULL,0.074,NULL,NULL,NULL,NULL,,NULL,0,0,2,2,Y,N,15,NULL,98,9801,NULL,,Y,37.4789,37,28.734,NULL,-82.51606,82,30.964,NULL,N,NULL,NULL,NULL,NULL,NULL,NULL,NULL,NULL,8,97,1,6,1,1,2,5,1,3,N,NULL,Y,N,2115,2117,,N,NULL,90,,,N,,N,N,098-CS-1124-0,NULL,NULL,2019,NULL,7.24543E+11,098-CS-1124  -000,HIGH,098-CS-1124  -000,0.074,0,0,0,0,0,0,1,0,0,0,0,0,0
72471408,980100,2.02E+11,20200202,1309,,130,JUSTICE WAY,,RD,,,0,098 CS-1215,CS1215,Y,N,NULL,NULL,NULL,N,NULL,NULL,NULL,NULL,NULL,NULL,NULL,NULL,NULL,NULL,NULL,NULL,NULL,0,0,2,2,N,N,NULL,NULL,98,9801,NULL,,Y,37.50715,37,30.429,NULL,-82.54703,82,32.821,NULL,N,NULL,NULL,NULL,NULL,NULL,NULL,NULL,NULL,2,97,1,6,1,1,2,2,1,3,N,NULL,Y,N,1309,1318,1318,N,NULL,90,,,N,,N,N,098-CS-1215-0,NULL,NULL,2020,O,7.24714E+11,098-CS-1215  -000,HIGH,098-CS-1215  -000,0.309,0,0,0,0,0,0,1,0,0,0,0,0,0
72528748,KSP0900,20-624170,20200729,1523,,,US460,,,US0460,US0460,0,098 US-460,US0460,N,N,NULL,NULL,NULL,N,NULL,NULL,NULL,NULL,NULL,NULL,8.934,NULL,NULL,NULL,NULL,,NULL,1,0,2,2,N,N,55,NULL,98,9801,8,E,N,37.37038,37,22.223,NULL,-82.42101,82,25.26,NULL,N,NULL,NULL,NULL,NULL,NULL,NULL,NULL,NULL,5,3,2,6,1,1,2,2,6,3,N,NULL,Y,Y,1559,1636,1700,N,NULL,49,,1,N,,N,N,098-US-0460-0,NULL,NULL,2020,C,7.25287E+11,098-US-0460  -000,HIGH,098-US-0460  -000,8.934,0,0,0,0,0,0,0,0,0,0,0,0,0
72508460,980100,2.02E+11,20200605,1221,,,CASSIDY,,BLVD,,,,,,Y,N,NULL,NULL,NULL,N,NULL,NULL,NULL,NULL,NULL,NULL,0.286,NULL,NULL,NULL,NULL,,NULL,1,0,2,2,N,N,15,NULL,98,9801,NULL,,Y,37.50503,37,30.302,NULL,-82.53655,82,32.193,NULL,N,NULL,NULL,NULL,NULL,NULL,NULL,NULL,NULL,5,97,1,6,1,5,6,2,1,3,Y,NULL,Y,Y,1221,1226,1226,N,NULL,90,,,N,,N,N,,NULL,NULL,2020,B,7.25085E+11,098-CS-1191  -000,MEDIUM,098-CS-1191  -000,0.286,0,0,0,0,0,0,1,0,0,0,0,0,0
72530758,KSP0900,20-643648,20200810,2107,,,DOUGLAS,,PARK,,,0,098 CR-1704,CR1704,Y,N,NULL,NULL,NULL,N,NULL,NULL,NULL,NULL,NULL,NULL,0.184,NULL,NULL,NULL,NULL,,NULL,0,0,2,2,N,N,NULL,NULL,98,9827,NULL,,Y,37.37892,37,22.735,NULL,-82.53724,82,32.234,NULL,N,NULL,NULL,NULL,NULL,NULL,NULL,NULL,NULL,2,97,NULL,6,1,1,2,5,8,3,N,NULL,Y,N,2109,2109,2135,N,NULL,90,,,N,,N,N,098-CR-1704-0,NULL,NULL,2020,O,7.25308E+11,098-CR-1704  -000,HIGH,098-CR-1704  -000,0.184,0,0,1,0,0,0,0,0,0,0,0,0,0
72528925,980100,2.02E+11,20200806,927,,306,ISLAND CREEK ROAD,,,,,,,,Y,N,NULL,NULL,NULL,N,NULL,NULL,NULL,NULL,NULL,NULL,NULL,NULL,NULL,NULL,NULL,NULL,NULL,0,0,2,2,N,N,NULL,NULL,98,9801,NULL,,Y,37.45943,37,27.566,NULL,-82.53091,82,31.855,NULL,N,NULL,NULL,NULL,NULL,NULL,NULL,NULL,NULL,2,97,2,6,1,1,3,2,5,3,N,NULL,Y,N,927,929,929,N,NULL,90,,,N,,N,N,,NULL,NULL,2020,O,7.25289E+11,098-KY-1426  -000,MEDIUM,098-KY-1426  -000,4.335,0,0,0,0,0,0,1,0,0,0,0,0,0
72508512,980100,2.02E+11,20200601,1514,,,BYPASS,S,RD,KY1426,KY1426,0,098 KY-1426,KY1426,N,N,NULL,NULL,NULL,N,NULL,NULL,NULL,NULL,NULL,NULL,6.022,NULL,NULL,NULL,NULL,,NULL,0,0,2,2,N,N,55,NULL,98,9801,NULL,,Y,37.47586,37,28.551,NULL,-82.51821,82,31.093,NULL,N,NULL,NULL,NULL,NULL,NULL,NULL,NULL,NULL,1,3,2,6,1,1,2,2,7,3,N,NULL,Y,N,1514,1520,1520,N,NULL,55,,0,N,,N,N,098-KY-1426-0,NULL,NULL,2020,O,7.25085E+11,098-KY-1426  -000,HIGH,098-KY-1426  -000,6.022,0,0,0,1,0,0,1,0,0,0,0,0,0
72493369,KSP0900,20-12971,20200409,1100,,,KY194,,,KY0194,KY0194,0,098 KY-194,KY0194,N,N,NULL,NULL,NULL,N,NULL,NULL,NULL,NULL,NULL,NULL,55.233,NULL,NULL,NULL,NULL,,NULL,0,0,2,2,N,N,35,NULL,98,9804,NULL,,Y,37.51445,37,30.867,NULL,-82.15222,82,9.133,NULL,N,NULL,NULL,NULL,NULL,NULL,NULL,NULL,NULL,5,3,2,6,1,1,2,2,7,3,N,NULL,Y,N,1100,1130,1130,N,NULL,49,8,0,N,,N,N,098-KY-0194-0,NULL,NULL,2020,O,7.24934E+11,098-KY-0194  -000,HIGH,098-KY-0194  -000,55.233,0,0,0,1,0,0,0,1,0,0,0,0,0
72460370,980100,2.02E+11,20200107,820,,,US119,,,US0119,US0119,0,098 US-119-10,US0119,N,N,NULL,NULL,NULL,N,NULL,NULL,NULL,NULL,NULL,NULL,2.265,NULL,NULL,NULL,NULL,,NULL,0,0,1,1,N,N,55,NULL,98,9801,NULL,,Y,37.51321,37,30.793,NULL,-82.4947,82,29.682,NULL,N,NULL,NULL,NULL,NULL,NULL,NULL,NULL,NULL,9,5,2,5,1,4,9,2,7,3,N,NULL,Y,N,820,820,820,N,NULL,40,2,1,N,,N,N,098-US-0119-10,NULL,NULL,2020,O,7.24604E+11,098-US-0119  -010,HIGH,098-US-0119  -000,2.265,0,0,0,0,0,0,0,0,0,0,0,1,0
72418272,980000,10-09-015,20190930,810,,,US119,,,US0119,US0119,0,098 US-119,US0119,N,N,NULL,NULL,NULL,N,NULL,NULL,NULL,NULL,NULL,NULL,4.279,NULL,NULL,NULL,NULL,,NULL,0,0,1,1,N,N,55,NULL,98,9801,2,N,N,37.51674,37,31.004,NULL,-82.45934,82,27.56,NULL,N,NULL,NULL,NULL,NULL,NULL,NULL,NULL,NULL,9,6,2,1,1,1,2,2,7,3,N,NULL,Y,Y,811,816,900,Y,NULL,40,2,1,N,,N,N,098-US-0119-0,NULL,NULL,2019,O,7.24183E+11,098-US-0119  -000,HIGH,098-US-0119  -000,4.279,0,0,0,0,0,0,1,1,0,0,0,1,0
72520552,980100,2.02E+11,20200713,1415,,,BAIRD,,AVE,KY1426,KY1426,0,098 KY-1426,KY1426,N,N,NULL,NULL,NULL,N,NULL,NULL,NULL,NULL,NULL,NULL,5.392,NULL,NULL,NULL,NULL,,NULL,0,0,2,2,N,N,25,NULL,98,9801,NULL,,Y,37.47322,37,28.393,NULL,-82.52712,82,31.627,NULL,N,NULL,NULL,NULL,NULL,NULL,NULL,NULL,NULL,8,3,4,6,1,1,2,2,7,3,N,NULL,N,N,1415,1417,1425,N,NULL,53,,0,N,,N,N,098-KY-1426-0,NULL,NULL,2020,O,7.25206E+11,098-KY-1426  -000,HIGH,098-KY-1426  -000,5.392,0,0,0,1,0,0,1,0,0,0,0,1,0
72548954,980100,2.02E+11,20201001,1849,,,GARRED,,ST,,,0,098 CS-1174,CS1174,N,N,NULL,NULL,NULL,N,NULL,NULL,NULL,NULL,NULL,NULL,0.183,NULL,NULL,NULL,NULL,,NULL,0,0,2,2,N,N,35,NULL,98,9801,NULL,,Y,37.48397,37,29.039,NULL,-82.52843,82,31.705,NULL,N,NULL,NULL,NULL,NULL,NULL,NULL,NULL,NULL,2,7,2,5,1,1,2,2,6,3,N,NULL,Y,N,1849,1858,,N,NULL,47,,,Y,,N,N,098-CS-1174-0,NULL,NULL,2020,O,7.2549E+11,098-CS-1174  -000,HIGH,098-CS-1174  -000,0.183,0,0,0,0,0,0,1,0,0,1,0,0,0
72466734,KSP0900,20-2821,20200122,850,,,US23,,,US0023,US0023,0,098 US-23-10,US0023,N,N,NULL,NULL,NULL,N,NULL,NULL,NULL,NULL,NULL,NULL,29.025,NULL,NULL,NULL,NULL,,NULL,0,0,2,2,N,N,55,NULL,98,9807,NULL,,Y,37.52402,37,31.442,NULL,-82.57242,82,34.345,NULL,N,NULL,NULL,NULL,NULL,NULL,NULL,NULL,NULL,5,3,4,6,1,1,2,2,7,3,N,NULL,Y,N,850,900,936,N,NULL,49,,1,N,,N,N,098-US-0023-10,NULL,NULL,2020,O,7.24667E+11,098-US-0023  -010,HIGH,098-US-0023  -000,29.025,0,0,0,1,0,0,0,0,0,0,0,0,0
72514794,KSP0900,20-563148,20200623,2310,,,VENTERS,,LN,,,0,098 CR-1415,CR1415,N,N,NULL,NULL,NULL,N,NULL,NULL,NULL,NULL,NULL,NULL,0.358,NULL,NULL,NULL,NULL,,NULL,0,0,1,1,N,N,35,NULL,98,9801,NULL,,Y,37.54166,37,32.499,NULL,-82.59634,82,35.78,NULL,N,NULL,NULL,NULL,NULL,NULL,NULL,NULL,NULL,9,3,1,6,1,1,2,6,7,3,N,NULL,Y,N,2310,2320,,Y,NULL,40,,,Y,,N,N,098-CR-1415-0,NULL,NULL,2020,O,7.25148E+11,098-CR-1415  -000,MEDIUM,098-CR-1415  -000,0.358,0,0,0,0,0,0,0,0,1,1,0,1,0
72506430,980100,2.02E+11,20200601,741,,,HAROLDS BRANCH,,RD,,,,,,Y,N,NULL,NULL,NULL,N,NULL,NULL,NULL,NULL,NULL,NULL,0.018,NULL,NULL,NULL,NULL,,NULL,0,0,2,2,N,N,15,NULL,98,9801,NULL,,Y,37.47259,37,28.355,NULL,-82.52258,82,31.355,NULL,N,NULL,NULL,NULL,NULL,NULL,NULL,NULL,NULL,8,97,1,5,2,1,2,2,1,3,N,NULL,Y,N,738,741,741,N,NULL,90,,,N,,N,N,,NULL,NULL,2020,O,7.25064E+11,098-CS-1223  -000,MEDIUM,098-CS-1223  -000,0.018,0,0,0,0,0,0,1,0,0,0,0,0,0
72493816,KSP0900,20-12735,20200407,1814,,,US460,,,US0460,US0460,0,098 US-460,US0460,N,N,NULL,NULL,NULL,N,NULL,NULL,NULL,NULL,NULL,NULL,2.674,NULL,NULL,NULL,NULL,,NULL,0,0,2,2,N,N,55,NULL,98,9801,NULL,,Y,37.43138,37,25.883,NULL,-82.481,82,28.86,NULL,N,NULL,NULL,NULL,NULL,NULL,NULL,NULL,NULL,1,3,2,6,1,1,2,2,7,3,N,NULL,Y,N,1815,1819,1814,N,NULL,55,,1,N,,N,N,098-US-0460-0,NULL,NULL,2020,O,7.24938E+11,098-US-0460  -000,HIGH,098-US-0460  -000,2.674,0,0,0,0,0,0,1,0,0,0,0,0,0
72454064,980100,2.019E+11,20191220,1105,,120,JUSTICE,,WAY,,,,,,Y,N,NULL,NULL,NULL,N,NULL,NULL,NULL,NULL,NULL,NULL,NULL,NULL,NULL,NULL,NULL,NULL,NULL,0,0,2,2,N,N,NULL,NULL,98,9801,NULL,,Y,37.50713,37,30.428,NULL,-82.54299,82,32.58,NULL,N,NULL,NULL,NULL,NULL,NULL,NULL,NULL,NULL,2,97,2,6,1,1,2,2,1,3,N,NULL,Y,N,1105,1113,1130,N,NULL,90,,,N,,N,N,,NULL,NULL,2019,O,7.24541E+11,098-CS-1215  -000,MEDIUM,098-CS-1215  -000,0.522,0,0,0,0,0,0,0,0,0,0,0,0,0
72517537,KSP0900,20-573489,20200629,1440,,,GOODY,,LOOP,,,0,098 PR-1024,PR1024,N,N,NULL,NULL,NULL,N,NULL,NULL,NULL,NULL,NULL,NULL,0.013,NULL,NULL,NULL,NULL,,NULL,0,0,2,2,N,N,10,NULL,98,9834,NULL,,Y,37.65993,37,39.596,NULL,-82.27299,82,16.379,NULL,N,NULL,NULL,NULL,NULL,NULL,NULL,NULL,NULL,2,7,1,6,1,1,2,2,1,3,N,NULL,N,N,1440,1440,1440,N,NULL,56,,,N,,N,N,098-PR-1024-0,NULL,NULL,2020,O,7.25175E+11,098-PR-1024  -000,HIGH,098-PR-1024  -000,0.013,0,0,0,0,0,0,1,0,0,0,0,0,0
72504160,980100,2.02E+11,20200524,1307,,,CASSIDY,,BLVD,,,,,,Y,N,NULL,NULL,NULL,N,NULL,NULL,NULL,NULL,NULL,NULL,0.236,NULL,NULL,NULL,NULL,,NULL,0,0,2,2,N,Y,15,NULL,98,9801,NULL,,Y,37.50441,37,30.264,NULL,-82.53574,82,32.144,NULL,N,NULL,NULL,NULL,NULL,NULL,NULL,NULL,NULL,6,97,1,3,1,1,2,2,2,3,N,NULL,Y,N,1307,1314,1314,N,NULL,90,,,N,,N,N,,NULL,NULL,2020,O,7.25042E+11,098-CS-1191  -000,LOW,098-CS-1191  -000,0.236,0,0,1,0,0,0,1,0,0,0,0,0,0
72495216,980100,2.02E+11,20200410,1303,,,HUFFMAN,,AVE,,,,,,N,Y,BYPASS,S,RD,N,NULL,NULL,NULL,NULL,NULL,NULL,NULL,NULL,NULL,NULL,NULL,,NULL,1,0,2,2,N,N,45,NULL,98,9801,NULL,,Y,37.47689,37,28.614,NULL,-82.51707,82,31.024,NULL,N,NULL,NULL,NULL,NULL,NULL,NULL,NULL,NULL,1,3,2,6,1,1,2,2,7,3,Y,NULL,Y,Y,1303,1305,1420,N,NULL,8,,,N,,N,N,,NULL,NULL,2020,C,7.24952E+11,098-CS-1123  -000,MEDIUM,098-CS-1123  -000,6.117,0,0,0,0,0,0,1,1,0,0,1,0,0
72482581,980100,2.02E+11,20200301,1247,,,US23,,,US0023,US0023,,,,N,N,NULL,NULL,NULL,N,NULL,NULL,NULL,NULL,NULL,NULL,28.773,NULL,NULL,NULL,NULL,,NULL,0,0,2,2,N,N,55,NULL,98,9807,NULL,,Y,37.52145,37,31.287,NULL,-82.56921,82,34.152,NULL,N,NULL,NULL,NULL,NULL,NULL,NULL,NULL,NULL,1,3,4,6,1,1,2,2,1,3,N,NULL,Y,N,1248,1258,1258,N,NULL,55,,1,N,,N,N,,NULL,NULL,2020,O,7.24826E+11,098-US-0023  -000,MEDIUM,098-US-0023  -000,28.773,0,0,0,1,0,0,1,0,0,0,0,0,0
72468135,KSP0900,2020-3181,20200124,2321,,,KY80,,,KY0080,KY0080,0,098 KY-80,KY0080,N,N,NULL,NULL,NULL,N,NULL,NULL,NULL,NULL,NULL,NULL,1.505,NULL,NULL,NULL,NULL,,NULL,2,0,1,1,N,N,55,NULL,98,9801,NULL,,Y,37.32177,37,19.306,NULL,-82.36622,82,21.973,NULL,N,NULL,NULL,NULL,NULL,NULL,NULL,NULL,NULL,9,3,2,6,1,5,5,5,7,3,Y,NULL,N,Y,2321,5,,N,NULL,70,7,5,N,,N,N,098-KY-0080-0,NULL,NULL,2020,C,7.24681E+11,098-KY-0080  -000,HIGH,098-KY-0080  -000,1.505,0,0,1,0,0,0,0,0,0,0,0,1,0
72490475,KSP0900,20-10858,20200323,2207,,140,HIGH,,ST,,,0,098 CS-2029,CS2029,N,N,NULL,NULL,NULL,N,NULL,NULL,NULL,NULL,NULL,NULL,0.044,NULL,NULL,NULL,NULL,,NULL,0,0,2,2,N,N,35,NULL,98,9802,NULL,,Y,37.29859,37,17.915,NULL,-82.35191,82,21.114,NULL,N,NULL,NULL,NULL,NULL,NULL,NULL,NULL,NULL,1,3,1,5,1,5,3,5,6,3,N,NULL,Y,N,2214,2237,2252,N,NULL,55,,,N,,N,N,098-CS-2029-0,NULL,NULL,2020,O,7.24905E+11,098-CS-2029  -000,HIGH,098-CS-2029  -000,0.044,0,0,1,0,0,0,0,0,0,0,0,0,0
72453565,KSP0900,19-48725,20191213,2230,,,FERRELLS CREEK,,RD,US0460,US0460,0,098 US-460,US0460,Y,N,NULL,NULL,NULL,N,NULL,NULL,NULL,NULL,NULL,NULL,17.929,NULL,NULL,NULL,NULL,,NULL,0,0,2,2,Y,N,35,NULL,98,9876,NULL,,Y,37.36475,37,21.885,NULL,-82.31982,82,19.189,NULL,N,NULL,NULL,NULL,NULL,NULL,NULL,NULL,NULL,2,97,1,6,1,1,2,5,8,3,N,NULL,N,N,2230,2230,,N,NULL,90,,1,N,,N,N,098-US-0460-0,NULL,NULL,2019,NULL,7.24536E+11,098-US-0460  -000,HIGH,098-US-0460  -000,17.929,0,0,0,0,0,0,1,0,0,0,0,0,0
72460242,980100,2.02E+11,20200106,1727,,,HAROLDS BRANCH,,RD,,,,,,Y,N,NULL,NULL,NULL,N,NULL,NULL,NULL,NULL,NULL,NULL,0.013,NULL,NULL,NULL,NULL,,NULL,0,0,2,2,N,N,NULL,NULL,98,9801,NULL,,Y,37.47266,37,28.359,NULL,-82.52261,82,31.356,NULL,N,NULL,NULL,NULL,NULL,NULL,NULL,NULL,NULL,2,97,1,6,1,1,2,8,1,3,N,NULL,N,N,1727,1729,1729,N,NULL,90,,,N,,N,N,,NULL,NULL,2020,O,7.24602E+11,098-CS-1223  -000,MEDIUM,098-CS-1223  -000,0.013,0,0,0,0,0,0,1,0,0,0,0,0,0
72472487,KSP0900,20-4627,20200204,1534,,,GREASY,,CRK,KY3226,KY3226,0,098 KY-3226,KY3226,N,N,NULL,NULL,NULL,N,NULL,NULL,NULL,NULL,NULL,NULL,0.728,NULL,NULL,NULL,NULL,,NULL,0,0,2,2,Y,N,55,NULL,98,9802,NULL,,Y,37.3886,37,23.316,NULL,-82.47165,82,28.299,NULL,N,NULL,NULL,NULL,NULL,NULL,NULL,NULL,NULL,8,3,2,3,1,5,6,2,7,3,N,NULL,Y,N,1534,1624,1538,N,NULL,53,8,0,N,,N,N,098-KY-3226-0,NULL,NULL,2020,O,7.24725E+11,098-KY-3226  -000,HIGH,098-KY-3226  -000,0.728,0,0,0,0,0,0,1,1,0,0,0,1,0
72533075,980100,2.02E+11,20200812,1540,,,OWSLEY,,RD,KY1384,KY1384,0,098 KY-1384,KY1384,N,N,NULL,NULL,NULL,N,NULL,NULL,NULL,NULL,NULL,NULL,7.378,NULL,NULL,NULL,NULL,NULL,NULL,0,0,2,2,N,N,45,NULL,98,9801,NULL,,Y,37.48167,37,28.901,NULL,-82.53328,82,31.997,NULL,N,NULL,NULL,NULL,NULL,NULL,NULL,NULL,NULL,1,3,4,6,1,1,2,2,6,3,N,NULL,Y,N,1540,1546,1546,N,NULL,55,16,0,N,,N,N,098-KY-1384-0,NULL,NULL,2020,O,7.25331E+11,098-KY-1384  -000,HIGH,098-KY-1384  -000,7.378,0,0,0,1,0,0,1,1,0,0,0,0,0
72523409,370200,2020-587610,20200707,1007,,,MIKES,,BR,,,,,,N,N,NULL,NULL,NULL,N,NULL,NULL,NULL,NULL,NULL,NULL,0.032,NULL,NULL,NULL,NULL,,NULL,0,0,2,2,N,N,15,NULL,98,9887,NULL,,Y,37.571,37,34.26,NULL,-82.47749,82,28.649,NULL,N,NULL,NULL,NULL,NULL,NULL,NULL,NULL,NULL,1,3,1,5,1,1,2,2,6,3,N,NULL,Y,N,1045,1100,1100,N,NULL,55,,,N,,N,N,,NULL,NULL,2020,O,7.25234E+11,098-CR-1313Q4-000,MEDIUM,098-CR-1313Q4-000,0.032,0,1,0,1,0,0,0,1,0,1,0,0,0
72545157,980500,2020AR054,20200923,1201,,,MAYO,N,TRL,US0023,US0023,0,098 US-23,US0023,N,N,NULL,NULL,NULL,N,NULL,NULL,NULL,NULL,NULL,NULL,NULL,NULL,NULL,NULL,NULL,NULL,NULL,0,0,2,2,N,N,45,NULL,98,9807,NULL,,Y,37.51903,37,31.142,NULL,-82.56584,82,33.951,NULL,N,NULL,NULL,NULL,NULL,NULL,NULL,NULL,NULL,5,3,6,6,1,1,2,2,7,3,N,NULL,Y,N,1201,1204,1210,N,NULL,49,,1,Y,,N,N,098-US-0023-0,NULL,NULL,2020,O,7.25452E+11,098-US-0023  -000,HIGH,098-US-0023  -000,28.511,0,0,0,0,0,0,1,0,0,0,0,0,0
72488066,KSP0900,20-9754,20200314,1114,,,KY1426,,,KY1426,KY1426,0,098 KY-1426,KY1426,N,N,NULL,NULL,NULL,N,NULL,NULL,NULL,NULL,NULL,NULL,13.186,NULL,NULL,NULL,NULL,,NULL,0,0,2,2,N,N,55,NULL,98,9801,NULL,,Y,37.54896,37,32.938,NULL,-82.45857,82,27.514,NULL,N,NULL,NULL,NULL,NULL,NULL,NULL,NULL,NULL,5,97,1,6,1,8,3,2,7,3,N,NULL,Y,N,1114,1123,,N,NULL,47,7,0,N,,N,N,098-KY-1426-0,NULL,NULL,2020,O,7.24881E+11,098-KY-1426  -000,HIGH,098-KY-1426  -000,13.186,0,0,0,0,0,0,1,0,0,0,0,0,0
72502695,980500,2020AR026,20200515,1245,,3683,CHURCH,,ST,,,0,098 CS-3002,CS3002,Y,N,NULL,NULL,NULL,N,NULL,NULL,NULL,NULL,NULL,NULL,0.177,NULL,NULL,NULL,NULL,,NULL,0,0,2,2,N,N,15,NULL,98,9807,NULL,,Y,37.51765,37,31.059,NULL,-82.56619,82,33.972,NULL,N,NULL,NULL,NULL,NULL,NULL,NULL,NULL,NULL,5,97,1,6,1,1,2,2,1,3,N,NULL,Y,N,1235,1245,,N,NULL,90,,,N,,N,N,098-CS-3002-0,NULL,NULL,2020,O,7.25027E+11,098-CS-3002  -000,HIGH,098-CS-3002  -000,0.177,0,0,0,1,0,0,1,0,0,0,0,0,0
72504299,KSP0900,20-19568,20200524,2200,,,US119,,,US0119,US0119,0,098 US-119,US0119,Y,N,NULL,NULL,NULL,N,NULL,NULL,NULL,NULL,NULL,NULL,24.801,NULL,NULL,NULL,NULL,,NULL,0,0,2,2,N,N,15,NULL,98,9834,NULL,,Y,37.66601,37,39.96,NULL,-82.27483,82,16.49,NULL,N,NULL,NULL,NULL,NULL,NULL,NULL,NULL,NULL,5,97,1,6,1,5,3,6,5,3,N,NULL,Y,N,2200,2208,2231,N,NULL,90,2,1,N,,N,N,098-US-0119-0,NULL,NULL,2020,O,7.25043E+11,098-US-0119  -000,HIGH,098-US-0119  -000,24.801,0,0,0,0,0,0,1,0,0,0,0,0,0