MasterFile,AgencyORINumber,LocalCode,CollisionDate,CollisionTime,CollisionDayWeekCode,RoadwayName_HouseBusinessNumber_,RoadwayName_RoadwayName_,RoadwayName_Direction_,RoadwayName_RoadwaySuffix_,RoadwayfromReport,CurrentRoadwayNumber,RoadwayNumberCoupletID,RSEUniqueGIS,RoadwayIdentifier,ParkingLotIndicator,IntersectionWith_Indicator_,IntersectionWith_NameRoadway_,IntersectionWith_Direction_,IntersectionWith_RoadwaySuffix_,BetweenStreets_Indicator_,BetweenStreets1_NameRoadway_,BetweenStreet1_Direction_,BetweenStreets1_RoadwaySuffix_,BetweenStreets2_NameRoadway_,BetweenStreets2_Direction_,BetweenStreets2_RoadwaySuffix_,Milepoint,ReportMilepointDeriveNumber,CurrentDerivedMiepointNumber,MilestoMilepoint,FeettoMilepoint,DirectionfromMilepoint_NSEW_,ValidMilepointIndicator,NumberInjured,NumberKilled,ofUnits,ofMotorVehicleUnits,Hit&RunIndicator,OneWayIndicator,SpeedLimitNumber,KilometersIndicator,CountyCode,CityCountyCode,MilesFromCity,DirectionFromCity_NSEW_,InCityLimitsIndicator,Latitude,LatitudeDegrees,LatitudeMinutes,LatitudeSeconds,Longitude,LongitudeDegrees,LongitudeMinutes,LongitudeSeconds,RampIndicator,RampFromIdentifier,RampFromDirCode,RampFromCoupletID,RSEUniqueGISRampFrom,RampToidentifier,RampToDirCode,RampToCoupletID,RSEUniqueGisRampTo,MannerofCollisionCode,LocationFirstEventCode,TotalLanes,RoadwayCharacterCode,RoadwaySurfaceCode,RoadwayConditionCode,WeatherCode,LightConditionCode,LandUseCode,SchoolBusRelatedCode,FirstAidSceneIndicator,CollDescPresentInd,InvestigationCompleteIndicator,PhotosTakenIndicator,TimeNotified,TimeArrived,TimeRoadwayOpened,PropertyDamageIndicator,DiagramPresentIndicator,DirectionalAnalysis,FunctionClassCode,NationalHwySysCode,EnforcementsIndicator,KARSCityCode,SecondaryCollisionIndicator,MedianCrossoverIndicator,RT_UNIQUE,MapIt,TimeLastLeft,YR,KABCO,MFNY,WorkingRID,RT_CONFIDENCE,KTC_RT,KTC_MP,Motorcyclist,CommercialVehicle,YoungDriver,MatureDriver,pedestrian,Bicyclist,Distracted,agressive,Impaired,Unrestrained,Intersection,RoadwayDeparture,MedXover
72510517,KSP0900,20-22165,20200611,1729,,43903,KY194,,,KY0194,KY0194,0,098 KY-194,KY0194,N,N,NULL,NULL,NULL,N,NULL,NULL,NULL,NULL,NULL,NULL,61.031,NULL,NULL,NULL,NULL,,NULL,0,0,2,2,N,N,35,NULL,98,9811,NULL,,Y,37.56238,37,33.743,NULL,-82.13545,82,8.127,NULL,N,NULL,NULL,NULL,NULL,NULL,NULL,NULL,NULL,5,3,2,6,1,1,2,2,7,3,N,NULL,Y,Y,1731,1756,1834,N,NULL,70,7,0,N,,N,N,098-KY-0194-0,NULL,NULL,2020,O,7.25105E+11,098-KY-0194  -000,HIGH,098-KY-0194  -000,61.031,0,0,0,0,0,0,1,0,0,0,0,0,0
72410006,KSP0900,19-36662,20190918,2354,,4540,MAIN,,ST,,,0,098 CS-3000,CS3000,N,N,NULL,NULL,NULL,N,NULL,NULL,NULL,NULL,NULL,NULL,0.43,NULL,NULL,NULL,NULL,,NULL,0,0,2,2,N,N,35,NULL,98,9807,NULL,,Y,37.51866,37,31.12,NULL,-82.56593,82,33.956,NULL,N,NULL,NULL,NULL,NULL,NULL,NULL,NULL,NULL,8,3,2,6,1,1,2,5,1,3,N,NULL,Y,N,2354,23,23,N,NULL,47,,,N,,N,N,098-CS-3000-0,NULL,NULL,2019,O,7.241E+11,098-CS-3000  -000,HIGH,098-CS-3000  -000,0.43,0,0,0,0,0,0,1,0,0,0,0,0,0
72509750,980100,2.02E+11,20200603,1527,,,BYPASS,S,RD,KY1426,KY1426,,,,Y,N,NULL,NULL,NULL,N,NULL,NULL,NULL,NULL,NULL,NULL,5.695,NULL,NULL,NULL,NULL,,NULL,0,0,2,2,N,N,NULL,NULL,98,9801,NULL,,Y,37.4728,37,28.368,NULL,-82.52277,82,31.366,NULL,N,NULL,NULL,NULL,NULL,NULL,NULL,NULL,NULL,2,97,NULL,6,2,1,2,8,1,3,N,NULL,Y,N,1527,1531,,N,NULL,90,,0,N,,N,N,,NULL,NULL,2020,O,7.25098E+11,098-KY-1426  -000,HIGH,098-KY-1426  -000,5.695,0,0,0,1,0,0,1,0,0,1,0,0,0
72519239,KSP0900,20-578208,20200702,1100,,,KY194,,,KY0194,KY0194,0,098 KY-194,KY0194,N,N,NULL,NULL,NULL,N,NULL,NULL,NULL,NULL,NULL,NULL,54.73,NULL,NULL,NULL,NULL,,NULL,1,0,2,2,N,N,35,NULL,98,9804,NULL,,Y,37.50999,37,30.6,NULL,-82.14598,82,8.759,NULL,N,NULL,NULL,NULL,NULL,NULL,NULL,NULL,NULL,1,3,2,6,1,1,2,2,7,3,Y,NULL,Y,Y,1100,1130,1150,N,NULL,55,8,0,N,,N,N,098-KY-0194-0,NULL,NULL,2020,C,7.25192E+11,098-KY-0194  -000,HIGH,098-KY-0194  -000,54.73,0,0,0,0,0,0,1,1,0,1,0,0,0
72537894,KSP0900,20-671561,20200828,1641,,,US119 SPUR TURN LANE,,,US0119S,US0119S,0,098 US-119S-21,US0119S,N,N,NULL,NULL,NULL,N,NULL,NULL,NULL,NULL,NULL,NULL,0.022,NULL,NULL,NULL,NULL,,NULL,2,0,2,2,N,N,35,NULL,98,9834,NULL,,Y,37.67271,37,40.363,NULL,-82.2807,82,16.842,NULL,N,NULL,NULL,NULL,NULL,NULL,NULL,NULL,NULL,1,3,2,6,1,1,2,2,1,3,Y,NULL,Y,Y,1641,1645,1723,N,NULL,55,6,0,N,,N,N,098-US-0119S-21,NULL,NULL,2020,C,7.25379E+11,098-US-0119S -021,HIGH,098-US-0119S -021,0.022,0,0,1,0,0,0,0,1,0,0,0,0,0
72539185,KSP0900,20-674557,20200830,1700,,,US23,,,US0023,US0023,0,098 US-23,US0023,N,N,NULL,NULL,NULL,N,NULL,NULL,NULL,NULL,NULL,NULL,4.509,NULL,NULL,NULL,NULL,,NULL,2,0,1,1,N,N,55,NULL,98,9809,NULL,,Y,37.28163,37,16.898,NULL,-82.574,82,34.44,NULL,N,NULL,NULL,NULL,NULL,NULL,NULL,NULL,NULL,9,6,4,3,1,1,2,2,7,3,Y,NULL,Y,Y,1702,1719,1750,N,NULL,40,,1,Y,,N,N,098-US-0023-0,NULL,NULL,2020,B,7.25392E+11,098-US-0023  -000,HIGH,098-US-0023  -000,4.509,0,0,0,0,0,0,0,0,1,1,0,1,0
72430861,KSP0900,19-42782,20191030,2012,,,BILLY DOTSON,,BR,,,0,098 CR-1828E,CR1828E,N,N,NULL,NULL,NULL,N,NULL,NULL,NULL,NULL,NULL,NULL,0.056,NULL,NULL,NULL,NULL,,NULL,0,0,1,1,N,N,45,NULL,98,9804,NULL,,Y,37.54135,37,32.481,NULL,-82.16286,82,9.771,NULL,N,NULL,NULL,NULL,NULL,NULL,NULL,NULL,NULL,9,3,2,3,1,5,6,6,7,3,N,NULL,Y,N,2012,2012,2040,N,NULL,44,,,N,,N,N,098-CR-1828E-0,NULL,NULL,2019,O,7.24309E+11,098-CR-1828E -000,HIGH,098-CR-1828E -000,0.056,0,0,0,0,0,0,0,0,0,0,0,1,0
72415432,980100,2.019E+11,20191002,1502,,,HAROLDS BRANCH,,RD,,,0,098 CS-1223,CS1223,N,N,NULL,NULL,NULL,N,NULL,NULL,NULL,NULL,NULL,NULL,0.045,NULL,NULL,NULL,NULL,,NULL,0,0,2,2,N,N,15,NULL,98,9801,NULL,,Y,37.47225,37,28.335,NULL,-82.52233,82,31.34,NULL,N,NULL,NULL,NULL,NULL,NULL,NULL,NULL,NULL,5,3,2,3,2,1,2,2,7,3,N,NULL,Y,N,1502,1508,1525,N,NULL,49,,,N,,N,N,098-CS-1223-0,NULL,NULL,2019,O,7.24154E+11,098-CS-1223  -000,HIGH,098-CS-1223  -000,0.045,0,0,1,0,0,0,1,0,0,0,0,0,0
72427485,370200,2019-41018,20191018,252,,,MARROWBONE CREEK,,RD,KY0195,KY0195,,,,N,N,NULL,NULL,NULL,N,NULL,NULL,NULL,NULL,NULL,NULL,6.235,NULL,NULL,NULL,NULL,,NULL,0,0,2,2,N,N,35,NULL,98,9830,NULL,,Y,37.32125,37,19.275,NULL,-82.45924,82,27.554,NULL,N,NULL,NULL,NULL,NULL,NULL,NULL,NULL,NULL,7,3,2,3,1,1,2,2,7,3,N,NULL,N,N,1452,1503,,N,NULL,54,7,0,Y,,N,N,,NULL,NULL,2019,O,7.24275E+11,098-KY-0195  -000,HIGH,098-KY-0195  -000,6.235,0,1,0,0,0,0,1,0,0,0,0,1,0
72504876,KSP0900,20-19824,20200526,1806,,,KY194,,,KY0194,KY0194,,,,N,N,NULL,NULL,NULL,N,NULL,NULL,NULL,NULL,NULL,NULL,16.778,NULL,NULL,NULL,NULL,,NULL,0,0,2,2,Y,N,45,NULL,98,9801,NULL,,Y,37.56758,37,34.055,NULL,-82.45805,82,27.483,NULL,N,NULL,NULL,NULL,NULL,NULL,NULL,NULL,NULL,7,3,2,3,1,1,2,2,7,3,N,NULL,N,N,1808,1832,1832,N,NULL,,,,N,,N,N,,NULL,NULL,2020,O,7.25049E+11,098-KY-0194  -000,HIGH,098-KY-0194  -000,16.778,1,0,0,0,0,0,1,0,0,0,0,0,0
72505507,980100,2.02E+11,20200528,1354,,138,MAYO,S,TRL,US0023,US0023,0,098 US-23-10,US0023,Y,N,NULL,NULL,NULL,N,NULL,NULL,NULL,NULL,NULL,NULL,19.079,NULL,NULL,NULL,NULL,,NULL,0,0,2,2,N,N,15,NULL,98,9801,NULL,,Y,37.44208,37,26.525,NULL,-82.5062,82,30.372,NULL,N,NULL,NULL,NULL,NULL,NULL,NULL,NULL,NULL,1,97,0,6,1,1,2,2,5,3,N,NULL,Y,N,1355,1405,1405,N,NULL,90,,1,N,,N,N,098-US-0023-10,NULL,NULL,2020,O,7.25055E+11,098-US-0023  -010,HIGH,098-US-0023  -000,19.079,0,0,0,1,0,0,1,0,0,0,0,0,0
72499276,KSP0900,20-16304,20200502,403,,,KY292,,,KY0292,KY0292,0,098 KY-292,KY0292,N,N,NULL,NULL,NULL,N,NULL,NULL,NULL,NULL,NULL,NULL,5.048,NULL,NULL,NULL,NULL,,NULL,0,0,2,2,Y,N,45,NULL,98,9834,NULL,,Y,37.66333,37,39.8,NULL,-82.27297,82,16.378,NULL,N,NULL,NULL,NULL,NULL,NULL,NULL,NULL,NULL,5,3,2,6,1,1,2,6,7,3,N,NULL,Y,Y,403,813,403,N,NULL,49,8,0,N,,N,N,098-KY-0292-0,NULL,NULL,2020,O,7.24993E+11,098-KY-0292  -000,HIGH,098-KY-0292  -000,5.048,0,0,0,0,0,0,0,1,0,0,0,1,0
72494378,KSP0900,20-13846,20200414,1614,,,TOLER,,RD,KY0319,KY0319,,,,N,N,NULL,NULL,NULL,N,NULL,NULL,NULL,NULL,NULL,NULL,4.819,NULL,NULL,NULL,NULL,,NULL,0,0,2,2,N,N,45,NULL,98,9842,NULL,,Y,37.61705,37,37.023,NULL,-82.24232,82,14.539,NULL,N,NULL,NULL,NULL,NULL,NULL,NULL,NULL,NULL,7,3,2,1,1,1,2,2,7,2,N,NULL,N,N,1614,1617,1617,N,NULL,54,7,0,N,,N,N,,NULL,NULL,2020,O,7.24944E+11,098-KY-0319  -000,MEDIUM,098-KY-0319  -000,4.819,0,0,1,0,0,0,0,0,0,0,0,1,0
72503423,KSP0900,20-19013,20200521,1035,,,ELKHORN,,CRK,KY0197,KY0197,0,098 KY-197,KY0197,N,N,NULL,NULL,NULL,N,NULL,NULL,NULL,NULL,NULL,NULL,14.857,NULL,NULL,NULL,NULL,,NULL,0,0,1,1,N,N,55,NULL,98,9802,2,S,N,37.28604,37,17.162,NULL,-82.36784,82,22.07,NULL,N,NULL,NULL,NULL,NULL,NULL,NULL,NULL,NULL,9,3,2,6,1,5,6,2,7,3,N,NULL,Y,N,1035,1055,,N,NULL,40,7,0,N,,N,N,098-KY-0197-0,NULL,NULL,2020,O,7.25034E+11,098-KY-0197  -000,HIGH,098-KY-0197  -000,14.857,0,0,1,0,0,0,0,0,0,0,0,1,0
72420259,KSP0900,19-40302,20191012,2052,,,BRUSHY,,RD,KY0881,KY0881,0,098 KY-881,KY0881,Y,N,NULL,NULL,NULL,N,NULL,NULL,NULL,NULL,NULL,NULL,3.641,NULL,NULL,NULL,NULL,,NULL,0,0,1,1,N,N,55,NULL,98,9853,NULL,,Y,37.60961,37,36.577,NULL,-82.40976,82,24.585,NULL,N,NULL,NULL,NULL,NULL,NULL,NULL,NULL,NULL,9,97,1,4,3,1,2,6,7,3,N,NULL,Y,N,2143,2158,2158,N,NULL,90,8,0,N,,N,N,098-KY-0881-0,NULL,NULL,2019,O,7.24203E+11,098-KY-0881  -000,HIGH,098-KY-0881  -000,3.641,0,0,0,0,0,0,1,0,0,0,0,1,0
72441579,980100,2.019E+11,20191124,1329,,,THOMPSON,,RD,,,,,,Y,N,NULL,NULL,NULL,N,NULL,NULL,NULL,NULL,NULL,NULL,0.497,NULL,NULL,NULL,NULL,,NULL,0,0,2,2,N,N,15,NULL,98,9801,NULL,,Y,37.50605,37,30.363,NULL,-82.54373,82,32.624,NULL,N,NULL,NULL,NULL,NULL,NULL,NULL,NULL,NULL,8,97,1,6,1,1,2,2,1,3,N,NULL,Y,N,1329,1336,1336,N,NULL,90,,,N,,N,N,,NULL,NULL,2019,O,7.24416E+11,098-CS-1215  -000,MEDIUM,098-CS-1215  -000,0.497,0,0,1,0,0,0,1,0,0,0,0,0,0
72451232,KSP0900,19-48811,20191214,1758,,,KY1499,,,KY1499,KY1499,0,098 KY-1499,KY1499,N,N,NULL,NULL,NULL,N,NULL,NULL,NULL,NULL,NULL,NULL,0.483,NULL,NULL,NULL,NULL,,NULL,2,0,1,1,N,N,55,NULL,98,9839,NULL,,Y,37.38908,37,23.345,NULL,-82.25739,82,15.444,NULL,N,NULL,NULL,NULL,NULL,NULL,NULL,NULL,NULL,9,4,2,3,1,5,6,6,7,3,Y,NULL,Y,Y,1758,1836,1917,N,NULL,44,7,0,N,,N,N,098-KY-1499-0,NULL,NULL,2019,B,7.24512E+11,098-KY-1499  -000,HIGH,098-KY-1499  -000,0.483,0,0,1,0,0,0,0,1,0,1,0,1,0
72505086,980100,2.02E+11,20200527,1336,,215,CASSIDY,,BLVD,,,0,098 CS-1191,CS1191,Y,N,NULL,NULL,NULL,N,NULL,NULL,NULL,NULL,NULL,NULL,0.262,NULL,NULL,NULL,NULL,,NULL,0,0,2,2,Y,N,15,NULL,98,9801,NULL,,Y,37.5046,37,30.276,NULL,-82.53614,82,32.168,NULL,N,NULL,NULL,NULL,NULL,NULL,NULL,NULL,NULL,2,97,NULL,6,1,1,2,2,5,3,N,NULL,Y,N,1336,1346,1346,N,NULL,90,,,Y,,N,N,098-CS-1191-0,NULL,NULL,2020,O,7.25051E+11,098-CS-1191  -000,HIGH,098-CS-1191  -000,0.262,0,0,0,0,0,0,1,0,0,0,0,0,0
72462920,980500,2020AR002,20200109,1232,,4465,MAYO TRAIL,N,,,,,,,Y,N,NULL,NULL,NULL,N,NULL,NULL,NULL,NULL,NULL,NULL,NULL,NULL,NULL,NULL,NULL,NULL,NULL,0,0,2,2,Y,N,15,NULL,98,9807,NULL,,Y,37.52541,37,31.525,NULL,-82.57399,82,34.439,NULL,N,NULL,NULL,NULL,NULL,NULL,NULL,NULL,NULL,2,97,2,6,1,1,2,2,1,3,N,NULL,Y,Y,1236,1247,1247,N,NULL,90,,,N,,N,N,,NULL,NULL,2020,O,7.24629E+11,098-US-0023  -010,MEDIUM,098-US-0023  -000,29.148,0,0,0,0,0,0,1,0,0,0,0,0,0
72421956,980000,19-10-004,20191010,1130,,,KY632,,,KY0632,KY0632,0,098 KY-632,KY0632,N,N,NULL,NULL,NULL,N,NULL,NULL,NULL,NULL,NULL,NULL,1.505,NULL,NULL,NULL,NULL,,NULL,0,0,1,1,N,N,55,NULL,98,9817,NULL,,Y,37.4971,37,29.826,NULL,-82.32761,82,19.657,NULL,N,NULL,NULL,NULL,NULL,NULL,NULL,NULL,NULL,9,3,2,3,1,1,2,2,7,3,N,NULL,Y,Y,1130,1130,1130,N,NULL,38,6,0,N,,N,N,098-KY-0632-0,NULL,NULL,2019,O,7.2422E+11,098-KY-0632  -000,HIGH,098-KY-0632  -000,1.505,0,0,0,0,0,0,0,0,0,0,0,0,0
72424216,KSP0900,19-41405,20191021,1403,,,FERRELLS CREEK,,RD,US0460,US0460,0,098 US-460,US0460,N,N,NULL,NULL,NULL,N,NULL,NULL,NULL,NULL,NULL,NULL,22.479,NULL,NULL,NULL,NULL,,NULL,0,0,2,2,N,N,55,NULL,98,9847,NULL,,Y,37.38267,37,22.96,NULL,-82.2548,82,15.288,NULL,N,NULL,NULL,NULL,NULL,NULL,NULL,NULL,NULL,4,3,2,6,1,1,2,2,7,3,N,NULL,Y,N,1404,1409,1409,N,NULL,70,,1,N,,N,N,098-US-0460-0,NULL,NULL,2019,O,7.24242E+11,098-US-0460  -000,HIGH,098-US-0460  -000,22.479,0,0,0,0,0,0,0,0,0,0,0,0,0
72502068,980100,2.02E+11,20200512,1254,,831,HAMBLEY,,BLVD,,,0,098 CS-1222,CS1222,Y,N,NULL,NULL,NULL,N,NULL,NULL,NULL,NULL,NULL,NULL,0.476,NULL,NULL,NULL,NULL,,NULL,0,0,2,2,N,N,NULL,NULL,98,9801,NULL,,Y,37.47817,37,28.69,NULL,-82.52068,82,31.241,NULL,N,NULL,NULL,NULL,NULL,NULL,NULL,NULL,NULL,2,97,1,6,2,1,2,2,1,3,N,NULL,Y,N,1254,1307,1307,N,NULL,90,,,N,,N,N,098-CS-1222-0,NULL,NULL,2020,O,7.25021E+11,098-CS-1222  -000,HIGH,098-CS-1222  -000,0.476,0,0,0,0,0,0,1,0,0,0,0,0,0
72517857,980100,2.02E+11,20200701,2208,,,CHLOE,,RD,KY1460,KY1460,0,098 KY-1460,KY1460,N,N,NULL,NULL,NULL,N,NULL,NULL,NULL,NULL,NULL,NULL,3.225,NULL,NULL,NULL,NULL,,NULL,0,0,1,1,N,N,35,NULL,98,9801,NULL,,Y,37.47374,37,28.424,NULL,-82.48446,82,29.067,NULL,N,NULL,NULL,NULL,NULL,NULL,NULL,NULL,NULL,9,6,2,1,1,1,2,6,1,3,N,NULL,Y,N,2208,2219,2219,N,NULL,44,,0,Y,,N,N,098-KY-1460-0,NULL,NULL,2020,O,7.25179E+11,098-KY-1460  -000,HIGH,098-KY-1460  -000,3.225,0,0,0,0,0,0,0,0,1,0,0,1,0
72536293,980500,2020AR044,20200827,1639,,,US23,,,US0023,US0023,0,098 US-23,US0023,N,N,NULL,NULL,NULL,N,NULL,NULL,NULL,NULL,NULL,NULL,28.877,NULL,NULL,NULL,NULL,,NULL,0,0,2,2,N,N,45,NULL,98,9807,NULL,,Y,37.5225,37,31.35,NULL,-82.57062,82,34.237,NULL,N,NULL,NULL,NULL,NULL,NULL,NULL,NULL,NULL,1,3,4,6,1,1,3,2,7,3,N,NULL,Y,Y,1639,1642,1655,N,NULL,55,,1,N,,N,N,098-US-0023-0,NULL,NULL,2020,O,7.25363E+11,098-US-0023  -000,HIGH,098-US-0023  -000,28.877,0,0,0,1,0,0,0,0,0,0,0,0,0
72517663,KSP0900,20-582048,20200704,958,,,VIRGIE,,RD,KY0610,KY0610,0,098 KY-610,KY0610,N,N,NULL,NULL,NULL,N,NULL,NULL,NULL,NULL,NULL,NULL,8.306,NULL,NULL,NULL,NULL,,NULL,0,0,2,2,N,N,35,NULL,98,9827,NULL,,Y,37.3413,37,20.478,NULL,-82.59125,82,35.475,NULL,N,NULL,NULL,NULL,NULL,NULL,NULL,NULL,NULL,2,97,2,6,1,1,2,2,1,3,N,NULL,Y,N,1154,1210,,N,NULL,56,7,0,N,,N,N,098-KY-0610-0,NULL,NULL,2020,O,7.25177E+11,098-KY-0610  -000,HIGH,098-KY-0610  -000,8.306,0,0,0,1,0,0,1,0,0,0,0,0,0
72495014,KSP0900,20-13813,20200414,1221,,,DORTON-JENKINS,,HWY,KY0805,KY0805,0,098 KY-805,KY0805,N,N,NULL,NULL,NULL,N,NULL,NULL,NULL,NULL,NULL,NULL,3.749,NULL,NULL,NULL,NULL,,NULL,1,0,2,2,N,N,35,NULL,98,9809,NULL,,Y,37.24234,37,14.54,NULL,-82.5676,82,34.056,NULL,N,NULL,NULL,NULL,NULL,NULL,NULL,NULL,NULL,8,3,2,3,1,1,2,2,7,3,Y,NULL,Y,Y,1228,1236,,N,NULL,53,7,0,N,,N,N,098-KY-0805-0,NULL,NULL,2020,B,7.2495E+11,098-KY-0805  -000,HIGH,098-KY-0805  -000,3.749,0,1,0,0,0,0,0,0,0,0,0,1,0
72492163,980100,2.02E+11,20200331,2047,,,CHLOE,,RD,KY1460,KY1460,0,098 KY-1460,KY1460,N,N,NULL,NULL,NULL,N,NULL,NULL,NULL,NULL,NULL,NULL,2.737,NULL,NULL,NULL,NULL,,NULL,1,0,1,1,N,N,35,NULL,98,9801,NULL,,Y,37.46885,37,28.131,NULL,-82.47852,82,28.711,NULL,N,NULL,NULL,NULL,NULL,NULL,NULL,NULL,NULL,9,3,2,2,1,5,6,6,7,3,Y,NULL,Y,Y,2047,2047,2151,N,NULL,44,,0,Y,,N,N,098-KY-1460-0,NULL,NULL,2020,C,7.24922E+11,098-KY-1460  -000,HIGH,098-KY-1460  -000,2.737,0,0,0,0,0,0,1,1,0,1,0,1,0
72481367,KSP0900,20-7624,20200227,924,,,PENNY,,ST,,,0,098 CR-1772,CR1772,N,N,NULL,NULL,NULL,N,NULL,NULL,NULL,NULL,NULL,NULL,0.094,NULL,NULL,NULL,NULL,,NULL,1,0,1,1,N,N,35,NULL,98,9827,NULL,,Y,37.35905,37,21.543,NULL,-82.56023,82,33.613,NULL,N,NULL,NULL,NULL,NULL,NULL,NULL,NULL,NULL,9,4,2,4,1,5,3,2,7,3,Y,NULL,Y,N,924,931,1045,N,NULL,44,,,N,,N,N,098-CR-1772-0,NULL,NULL,2020,C,7.24814E+11,098-CR-1772  -000,HIGH,098-CR-1772  -000,0.094,0,0,0,0,0,0,1,0,0,0,0,1,0
72463187,980100,2.02E+11,20200110,200,,,KEYSER HEIGHTS,W,DR,,,0,098 CS-1188,CS1188,N,N,NULL,NULL,NULL,N,NULL,NULL,NULL,NULL,NULL,NULL,0.192,NULL,NULL,NULL,NULL,,NULL,0,0,2,2,N,N,15,NULL,98,9801,NULL,,Y,37.49099,37,29.46,NULL,-82.53316,82,31.989,NULL,N,NULL,NULL,NULL,NULL,NULL,NULL,NULL,NULL,2,3,2,6,1,1,3,5,6,3,N,NULL,Y,N,1714,1722,,N,NULL,47,,,N,,N,N,098-CS-1188-0,NULL,NULL,2020,O,7.24632E+11,098-CS-1188  -000,HIGH,098-CS-1188  -000,0.192,0,0,0,0,0,0,1,0,0,0,0,0,0
72476388,980100,2.02E+11,20200212,1342,,,THOMPSON,,RD,,,,,,N,N,NULL,NULL,NULL,N,NULL,NULL,NULL,NULL,NULL,NULL,0.676,NULL,NULL,NULL,NULL,,NULL,1,0,3,3,N,N,35,NULL,98,9801,NULL,,Y,37.50508,37,30.305,NULL,-82.54073,82,32.444,NULL,N,NULL,NULL,NULL,NULL,NULL,NULL,NULL,NULL,3,3,4,6,1,5,6,2,7,3,N,NULL,Y,Y,1342,1406,,N,NULL,52,,,N,,N,N,,NULL,NULL,2020,C,7.24764E+11,098-CS-1215  -000,MEDIUM,098-CS-1215  -000,0.676,0,0,1,1,0,0,1,1,0,0,0,1,0
72393494,KSP0900,19-29857,20190805,628,,,KY122,,,KY0122,KY0122,0,098 KY-122,KY0122,N,N,NULL,NULL,NULL,N,NULL,NULL,NULL,NULL,NULL,NULL,8.912,NULL,NULL,NULL,NULL,,NULL,2,0,2,2,N,N,55,NULL,98,9823,NULL,,Y,37.39123,37,23.474,NULL,-82.56818,82,34.09,NULL,N,NULL,NULL,NULL,NULL,NULL,NULL,NULL,NULL,1,3,2,4,1,1,2,2,7,3,Y,NULL,Y,Y,630,719,743,N,NULL,55,,0,N,,N,N,098-KY-0122-0,NULL,NULL,2019,C,7.23935E+11,098-KY-0122  -000,HIGH,098-KY-0122  -000,8.912,0,0,0,0,0,0,1,0,0,0,0,0,0
72402416,KSP0900,19-34155,20190902,1400,,,ROCKHOUSE,,FRK,,,0,098 CR-1395Q4,CR1395Q4,N,N,NULL,NULL,NULL,N,NULL,NULL,NULL,NULL,NULL,NULL,0.651,NULL,NULL,NULL,NULL,,NULL,1,0,2,2,N,N,45,NULL,98,9843,NULL,,Y,37.66529,37,39.918,NULL,-82.38715,82,23.229,NULL,N,NULL,NULL,NULL,NULL,NULL,NULL,NULL,NULL,7,3,1,3,1,1,2,2,7,3,Y,NULL,Y,Y,1400,1415,1440,N,NULL,54,,,N,,N,N,098-CR-1395Q4-0,NULL,NULL,2019,C,7.24024E+11,098-CR-1395Q4-000,HIGH,098-CR-1395Q4-000,0.651,0,0,0,1,0,0,1,0,0,0,0,1,0
72501623,KSP0900,20-18037,20200514,1937,,,JESSIES,,BR,,,0,098 CR-1656,CR1656,Y,N,NULL,NULL,NULL,N,NULL,NULL,NULL,NULL,NULL,NULL,0.036,NULL,NULL,NULL,NULL,,NULL,0,0,2,2,Y,N,NULL,NULL,98,9802,4,NW,N,37.33356,37,20.014,NULL,-82.38654,82,23.192,NULL,N,NULL,NULL,NULL,NULL,NULL,NULL,NULL,NULL,1,97,NULL,6,3,1,2,2,7,3,N,NULL,Y,N,1937,2032,2032,N,NULL,90,,,Y,,N,N,098-CR-1656-0,NULL,NULL,2020,O,7.25016E+11,098-CR-1656  -000,HIGH,098-CR-1656  -000,0.036,0,0,0,0,0,0,0,0,1,0,0,0,0
72481208,KSP0900,20-6549,20200219,600,,,KY194,,,KY0194,KY0194,0,098 KY-194,KY0194,N,N,NULL,NULL,NULL,N,NULL,NULL,NULL,NULL,NULL,NULL,32.63,NULL,NULL,NULL,NULL,,NULL,2,0,3,3,N,N,35,NULL,98,9849,NULL,,Y,37.43793,37,26.276,NULL,-82.34234,82,20.54,NULL,N,NULL,NULL,NULL,NULL,NULL,NULL,NULL,NULL,5,3,2,6,1,5,3,6,7,3,Y,NULL,Y,Y,611,642,800,N,NULL,49,7,0,N,,N,N,098-KY-0194-0,NULL,NULL,2020,B,7.24812E+11,098-KY-0194  -000,HIGH,098-KY-0194  -000,32.63,0,0,0,0,0,0,1,0,0,0,0,0,0
72457318,980000,19-12-006,20191220,1115,,,FISHTRAP,,RD,KY1441,KY1441,0,098 KY-1441,KY1441,N,N,NULL,NULL,NULL,N,NULL,NULL,NULL,NULL,NULL,NULL,3.285,NULL,NULL,NULL,NULL,,NULL,1,0,1,1,N,N,35,NULL,98,9832,NULL,,Y,37.43529,37,26.117,NULL,-82.42681,82,25.609,NULL,N,NULL,NULL,NULL,NULL,NULL,NULL,NULL,NULL,9,3,2,1,1,2,3,2,6,3,Y,NULL,Y,Y,1119,1153,1230,N,NULL,70,8,0,N,,N,N,098-KY-1441-0,NULL,NULL,2019,A,7.24573E+11,098-KY-1441  -000,HIGH,098-KY-1441  -000,3.285,0,0,0,0,0,0,0,0,0,1,0,1,0
72432989,KSP0900,19-42741,20191030,1535,,,US119,,,US0119,US0119,0,098 US-119-10,US0119,N,N,NULL,NULL,NULL,N,NULL,NULL,NULL,NULL,NULL,NULL,22.408,NULL,NULL,NULL,NULL,,NULL,3,0,2,2,N,N,55,NULL,98,9836,NULL,,Y,37.63717,37,38.23,NULL,-82.25779,82,15.468,NULL,N,NULL,NULL,NULL,NULL,NULL,NULL,NULL,NULL,5,3,2,6,1,5,6,2,7,2,Y,NULL,Y,Y,1545,1545,1555,N,NULL,49,2,1,N,,N,N,098-US-0119-10,NULL,NULL,2019,C,7.2433E+11,098-US-0119  -010,HIGH,098-US-0119  -000,22.408,0,0,0,1,0,0,1,1,0,0,0,0,0