MasterFile,AgencyORINumber,LocalCode,CollisionDate,CollisionTime,CollisionDayWeekCode,RoadwayName_HouseBusinessNumber_,RoadwayName_RoadwayName_,RoadwayName_Direction_,RoadwayName_RoadwaySuffix_,RoadwayfromReport,CurrentRoadwayNumber,RoadwayNumberCoupletID,RSEUniqueGIS,RoadwayIdentifier,ParkingLotIndicator,IntersectionWith_Indicator_,IntersectionWith_NameRoadway_,IntersectionWith_Direction_,IntersectionWith_RoadwaySuffix_,BetweenStreets_Indicator_,BetweenStreets1_NameRoadway_,BetweenStreet1_Direction_,BetweenStreets1_RoadwaySuffix_,BetweenStreets2_NameRoadway_,BetweenStreets2_Direction_,BetweenStreets2_RoadwaySuffix_,Milepoint,ReportMilepointDeriveNumber,CurrentDerivedMiepointNumber,MilestoMilepoint,FeettoMilepoint,DirectionfromMilepoint_NSEW_,ValidMilepointIndicator,NumberInjured,NumberKilled,ofUnits,ofMotorVehicleUnits,Hit&RunIndicator,OneWayIndicator,SpeedLimitNumber,KilometersIndicator,CountyCode,CityCountyCode,MilesFromCity,DirectionFromCity_NSEW_,InCityLimitsIndicator,Latitude,LatitudeDegrees,LatitudeMinutes,LatitudeSeconds,Longitude,LongitudeDegrees,LongitudeMinutes,LongitudeSeconds,RampIndicator,RampFromIdentifier,RampFromDirCode,RampFromCoupletID,RSEUniqueGISRampFrom,RampToidentifier,RampToDirCode,RampToCoupletID,RSEUniqueGisRampTo,MannerofCollisionCode,LocationFirstEventCode,TotalLanes,RoadwayCharacterCode,RoadwaySurfaceCode,RoadwayConditionCode,WeatherCode,LightConditionCode,LandUseCode,SchoolBusRelatedCode,FirstAidSceneIndicator,CollDescPresentInd,InvestigationCompleteIndicator,PhotosTakenIndicator,TimeNotified,TimeArrived,TimeRoadwayOpened,PropertyDamageIndicator,DiagramPresentIndicator,DirectionalAnalysis,FunctionClassCode,NationalHwySysCode,EnforcementsIndicator,KARSCityCode,SecondaryCollisionIndicator,MedianCrossoverIndicator,RT_UNIQUE,MapIt,TimeLastLeft,YR,KABCO,MFNY,WorkingRID,RT_CONFIDENCE,KTC_RT,KTC_MP,Motorcyclist,CommercialVehicle,YoungDriver,MatureDriver,pedestrian,Bicyclist,Distracted,agressive,Impaired,Unrestrained,Intersection,RoadwayDeparture,MedXover
72480992,980500,2020AR017,20200226,1155,,,COUNTRY MUSIC HIGHWAY,,,,,,,,N,N,NULL,NULL,NULL,N,NULL,NULL,NULL,NULL,NULL,NULL,NULL,NULL,NULL,NULL,NULL,NULL,NULL,0,0,2,2,N,N,45,NULL,98,9807,NULL,,Y,37.51901,37,31.141,NULL,-82.56615,82,33.969,NULL,N,NULL,NULL,NULL,NULL,NULL,NULL,NULL,NULL,1,3,8,5,1,1,2,2,7,3,N,NULL,Y,Y,1155,1156,1158,N,NULL,55,,,N,,N,N,,NULL,NULL,2020,O,7.2481E+11,098-CS-3000  -071,MEDIUM,098-CS-3000  -071,0.01,0,0,0,1,0,0,1,0,0,0,0,0,0
72470881,KSP0900,20-3427,20190126,2325,,,ELKHORN,,CRK,KY0197,KY0197,0,098 KY-197,KY0197,N,N,NULL,NULL,NULL,N,NULL,NULL,NULL,NULL,NULL,NULL,5.473,NULL,NULL,NULL,NULL,,NULL,0,0,1,1,N,N,55,NULL,98,9802,2,S,N,37.24769,37,14.862,NULL,-82.49668,82,29.801,NULL,N,NULL,NULL,NULL,NULL,NULL,NULL,NULL,NULL,9,3,2,3,1,1,2,6,7,3,N,NULL,Y,N,2326,16,2326,N,NULL,44,7,0,Y,,N,N,098-KY-0197-0,NULL,NULL,2019,O,7.24709E+11,098-KY-0197  -000,HIGH,098-KY-0197  -000,5.473,0,0,0,0,0,0,0,0,1,0,0,1,0
72456702,980100,2.019E+11,20191228,2,,805,HAMBLEY,,BLVD,,,0,098 CS-1222,CS1222,Y,N,NULL,NULL,NULL,N,NULL,NULL,NULL,NULL,NULL,NULL,0.494,NULL,NULL,NULL,NULL,,NULL,0,0,2,2,N,N,NULL,NULL,98,9801,NULL,,Y,37.47834,37,28.7,NULL,-82.52042,82,31.225,NULL,N,NULL,NULL,NULL,NULL,NULL,NULL,NULL,NULL,2,97,NULL,6,2,1,2,5,5,3,N,NULL,Y,N,2,30,30,N,NULL,90,,,N,,N,N,098-CS-1222-0,NULL,NULL,2019,O,7.24567E+11,098-CS-1222  -000,HIGH,098-CS-1222  -000,0.494,0,0,0,0,0,0,1,0,0,0,0,0,0
72493794,KSP0900,20-13147,20200411,140,,,US460,,,US0460,US0460,0,098 US-460,US0460,N,N,NULL,NULL,NULL,N,NULL,NULL,NULL,NULL,NULL,NULL,4.601,NULL,NULL,NULL,NULL,,NULL,1,0,1,1,N,N,55,NULL,98,9832,NULL,,Y,37.41574,37,24.944,NULL,-82.45259,82,27.156,NULL,N,NULL,NULL,NULL,NULL,NULL,NULL,NULL,NULL,9,5,2,6,1,1,2,6,7,3,Y,NULL,Y,Y,142,148,148,N,NULL,44,,1,N,,N,N,098-US-0460-0,NULL,NULL,2020,C,7.24938E+11,098-US-0460  -000,HIGH,098-US-0460  -000,4.601,0,0,0,0,0,0,1,0,0,1,0,1,0
72523837,KSP0900,20-587408,20200707,647,,,3C,,RD,,,0,098 CR-1984,CR1984,N,N,NULL,NULL,NULL,N,NULL,NULL,NULL,NULL,NULL,NULL,0.276,NULL,NULL,NULL,NULL,,NULL,0,1,1,1,N,N,35,NULL,98,9864,4,S,N,37.25747,37,15.448,NULL,-82.48104,82,28.863,NULL,N,NULL,NULL,NULL,NULL,NULL,NULL,NULL,NULL,9,4,1,1,3,1,2,6,7,3,Y,NULL,Y,Y,650,726,,N,NULL,51,,,N,,N,N,098-CR-1984-0,NULL,NULL,2020,K,7.25238E+11,098-CR-1984  -000,HIGH,098-CR-1984  -000,0.276,0,0,0,0,0,0,0,0,0,1,0,1,0
72426322,KSP0900,19-42019,20191025,1844,,,FERRELLS CREEK,,RD,US0460,US0460,0,098 US-460,US0460,N,N,NULL,NULL,NULL,N,NULL,NULL,NULL,NULL,NULL,NULL,15.456,NULL,NULL,NULL,NULL,,NULL,0,0,2,2,N,N,55,NULL,98,9801,NULL,,Y,37.34763,37,20.857,NULL,-82.35661,82,21.397,NULL,N,NULL,NULL,NULL,NULL,NULL,NULL,NULL,NULL,1,3,2,6,1,5,6,3,7,3,N,NULL,N,N,1804,1820,,N,NULL,55,,1,N,,N,N,098-US-0460-0,NULL,NULL,2019,O,7.24263E+11,098-US-0460  -000,HIGH,098-US-0460  -000,15.456,0,0,0,0,0,0,1,0,0,0,0,0,0
72509159,370200,2020-20589,20200531,1927,,,KY3174,,,KY3174,KY3174,0,098 KY-3174,KY3174,N,N,NULL,NULL,NULL,N,NULL,NULL,NULL,NULL,NULL,NULL,2.709,NULL,NULL,NULL,NULL,,NULL,0,0,2,2,N,N,55,NULL,98,9801,NULL,,Y,37.37998,37,22.799,NULL,-82.49084,82,29.45,NULL,N,NULL,NULL,NULL,NULL,NULL,NULL,NULL,NULL,5,3,4,5,1,1,2,2,7,3,N,NULL,N,N,1937,1951,1951,N,NULL,49,,0,N,,N,N,098-KY-3174-0,NULL,NULL,2020,O,7.25092E+11,098-KY-3174  -000,HIGH,098-KY-3174  -000,2.709,0,0,1,0,0,0,1,0,0,0,0,0,0
72479754,KSP0900,20-6013,20200215,111,,,US23,,,US0023,US0023,0,098 US-23,US0023,N,N,NULL,NULL,NULL,N,NULL,NULL,NULL,NULL,NULL,NULL,14.794,NULL,NULL,NULL,NULL,,NULL,0,0,1,1,N,N,55,NULL,98,9801,NULL,,Y,37.39334,37,23.601,NULL,-82.52872,82,31.723,NULL,N,NULL,NULL,NULL,NULL,NULL,NULL,NULL,NULL,9,2,4,1,1,1,2,6,3,3,N,NULL,Y,N,113,129,113,N,NULL,70,,1,N,,N,Y,098-US-0023-0,NULL,NULL,2020,O,7.24798E+11,098-US-0023  -000,HIGH,098-US-0023  -000,14.794,0,0,1,0,0,0,0,0,0,0,0,1,0
72495199,980100,2.02E+11,20200418,1354,,,HUFFMAN,,AVE,,,0,098 CS-1123,CS1123,N,N,NULL,NULL,NULL,N,NULL,NULL,NULL,NULL,NULL,NULL,NULL,NULL,NULL,NULL,NULL,NULL,NULL,0,0,1,1,N,N,15,NULL,98,9801,NULL,,Y,37.47839,37,28.703,NULL,-82.51975,82,31.185,NULL,N,NULL,NULL,NULL,NULL,NULL,NULL,NULL,NULL,9,6,2,6,1,1,3,2,1,3,N,NULL,Y,N,1354,1354,1355,Y,NULL,40,,,N,,N,N,098-CS-1123-0,NULL,NULL,2020,O,7.24952E+11,098-CS-1123  -000,HIGH,098-CS-1123  -000,0.181,0,0,0,1,0,0,0,0,0,0,0,1,0
72487306,980000,20-03-003,20200310,1101,,,US460,,,US0460,US0460,0,098 US-460,US0460,N,N,NULL,NULL,NULL,N,NULL,NULL,NULL,NULL,NULL,NULL,2.21,NULL,NULL,NULL,NULL,,NULL,0,0,1,1,Y,N,55,NULL,98,9824,5,SE,N,37.4338,37,26.028,NULL,-82.48871,82,29.323,NULL,N,NULL,NULL,NULL,NULL,NULL,NULL,NULL,NULL,9,3,2,3,1,1,2,2,7,3,N,NULL,Y,Y,1101,1108,1108,N,NULL,70,,1,N,,N,N,098-US-0460-0,NULL,NULL,2020,O,7.24873E+11,098-US-0460  -000,HIGH,098-US-0460  -000,2.21,0,1,0,0,0,0,0,0,0,0,0,0,0
72531917,980100,2.02E+11,20200814,1718,,,WOLFORD,,ST,,,,,,N,N,NULL,NULL,NULL,N,NULL,NULL,NULL,NULL,NULL,NULL,0.095,NULL,NULL,NULL,NULL,,NULL,0,0,2,2,N,Y,25,NULL,98,9801,NULL,,Y,37.48319,37,28.991,NULL,-82.518,82,31.08,NULL,N,NULL,NULL,NULL,NULL,NULL,NULL,NULL,NULL,2,3,1,6,1,1,2,2,6,3,N,NULL,Y,Y,1718,1721,,N,NULL,47,,,N,,N,N,,NULL,NULL,2020,O,7.25319E+11,098-CS-1120  -000,MEDIUM,098-CS-1120  -000,0.095,0,0,0,0,0,0,0,0,0,0,0,0,0
72502651,KSP0900,20-18717,20200519,750,,,DORTON-JENKINS,,HWY,KY0805,KY0805,0,098 KY-805,KY0805,N,N,NULL,NULL,NULL,N,NULL,NULL,NULL,NULL,NULL,NULL,6.552,NULL,NULL,NULL,NULL,,NULL,0,0,1,1,N,N,55,NULL,98,9809,NULL,,Y,37.27723,37,16.633,NULL,-82.57835,82,34.701,NULL,N,NULL,NULL,NULL,NULL,NULL,NULL,NULL,NULL,9,5,2,6,1,5,6,2,7,3,N,NULL,Y,N,745,820,,Y,NULL,40,7,0,N,,N,N,098-KY-0805-0,NULL,NULL,2020,O,7.25027E+11,098-KY-0805  -000,HIGH,098-KY-0805  -000,6.552,0,0,0,0,0,0,0,0,0,0,0,1,0
72395660,KSP0900,19-31953,20190818,1921,,,GOODY,,LOOP,,,0,098 PR-1024,PR1024,Y,N,NULL,NULL,NULL,N,NULL,NULL,NULL,NULL,NULL,NULL,0.035,NULL,NULL,NULL,NULL,,NULL,0,0,2,2,N,N,10,NULL,98,9834,NULL,,Y,37.6598,37,39.588,NULL,-82.27265,82,16.359,NULL,N,NULL,NULL,NULL,NULL,NULL,NULL,NULL,NULL,1,97,2,6,1,1,2,2,1,3,Y,NULL,Y,N,1921,1931,1950,N,NULL,90,,,N,,N,N,098-PR-1024-0,NULL,NULL,2019,O,7.23957E+11,098-PR-1024  -000,HIGH,098-PR-1024  -000,0.035,0,0,0,1,0,0,0,0,0,0,0,0,0
72464988,KSP0900,20-2032,20200115,1947,,,REDBUD,,LN,,,0,098 CR-1041,CR1041,N,N,NULL,NULL,NULL,N,NULL,NULL,NULL,NULL,NULL,NULL,0.304,NULL,NULL,NULL,NULL,,NULL,0,0,1,1,N,N,25,NULL,98,9836,NULL,,Y,37.64838,37,38.903,NULL,-82.2665,82,15.99,NULL,N,NULL,NULL,NULL,NULL,NULL,NULL,NULL,NULL,9,5,2,4,1,1,2,5,8,3,N,NULL,Y,N,1947,1948,2012,Y,NULL,40,,,N,,N,N,098-CR-1041-0,NULL,NULL,2020,O,7.2465E+11,098-CR-1041  -000,HIGH,098-CR-1041  -000,0.304,0,1,0,0,0,0,1,0,0,0,0,1,0
72539005,980100,2.02E+11,20200903,1402,,,MAYO,S,TRL,US0023,US0023,0,098 US-23-10,US0023,N,N,NULL,NULL,NULL,N,NULL,NULL,NULL,NULL,NULL,NULL,21.66,NULL,NULL,NULL,NULL,,NULL,0,0,1,1,N,N,55,NULL,98,9801,NULL,,Y,37.45376,37,27.225,NULL,-82.52193,82,31.316,NULL,N,NULL,NULL,NULL,NULL,NULL,NULL,NULL,NULL,9,6,4,6,1,1,3,2,7,3,N,NULL,Y,N,1402,1410,1410,N,NULL,44,,1,Y,,N,N,098-US-0023-10,NULL,NULL,2020,O,7.2539E+11,098-US-0023  -010,HIGH,098-US-0023  -000,21.66,0,0,0,0,0,0,0,0,1,1,0,1,0
72475716,KSP0900,20-5275,20200209,1522,,,KY1426,,,KY1426,KY1426,0,098 KY-1426,KY1426,N,N,NULL,NULL,NULL,N,NULL,NULL,NULL,NULL,NULL,NULL,10.877,NULL,NULL,NULL,NULL,,NULL,0,0,2,2,N,N,55,NULL,98,9828,NULL,,Y,37.52183,37,31.31,NULL,-82.47322,82,28.393,NULL,N,NULL,NULL,NULL,NULL,NULL,NULL,NULL,NULL,2,7,2,6,1,1,2,2,5,3,N,NULL,Y,N,1557,1619,1619,N,NULL,47,7,0,N,,N,N,098-KY-1426-0,NULL,NULL,2020,O,7.24757E+11,098-KY-1426  -000,HIGH,098-KY-1426  -000,10.877,0,0,0,0,0,0,1,0,0,0,0,0,0
72469113,980100,2.02E+11,20200127,1223,,,HAMBLEY,,BLVD,,,0,098 CS-1222,CS1222,N,N,NULL,NULL,NULL,N,NULL,NULL,NULL,NULL,NULL,NULL,0.04,NULL,NULL,NULL,NULL,,NULL,0,0,2,2,N,N,35,NULL,98,9801,NULL,,Y,37.47408,37,28.445,NULL,-82.52724,82,31.634,NULL,N,NULL,NULL,NULL,NULL,NULL,NULL,NULL,NULL,1,3,4,6,1,5,3,2,7,3,N,NULL,Y,N,1224,1225,1252,N,NULL,55,,,N,,N,N,098-CS-1222-0,NULL,NULL,2020,O,7.24691E+11,098-CS-1222  -000,HIGH,098-CS-1222  -000,0.04,0,0,1,1,0,0,1,0,0,0,0,0,0
72486292,980100,2.02E+11,20200304,740,,,US23,,,US0023,US0023,,,,N,N,NULL,NULL,NULL,N,NULL,NULL,NULL,NULL,NULL,NULL,27.358,NULL,NULL,NULL,NULL,,NULL,0,0,2,2,N,N,55,NULL,98,9801,NULL,,Y,37.51086,37,30.651,NULL,-82.54839,82,32.903,NULL,N,NULL,NULL,NULL,NULL,NULL,NULL,NULL,NULL,5,3,6,6,1,1,2,2,7,1,N,NULL,Y,N,740,751,816,N,NULL,49,,1,N,,N,N,,NULL,NULL,2020,O,7.24863E+11,098-US-0023  -000,MEDIUM,098-US-0023  -000,27.358,0,0,0,0,0,0,1,0,0,0,0,0,0
72498716,980100,2.02E+11,20200430,1730,,,KY1460,,,KY1460,KY1460,,,,N,N,NULL,NULL,NULL,N,NULL,NULL,NULL,NULL,NULL,NULL,7.02,NULL,NULL,NULL,NULL,,NULL,0,0,2,2,N,N,35,NULL,98,9801,NULL,,Y,37.48573,37,29.144,NULL,-82.54362,82,32.617,NULL,N,NULL,NULL,NULL,NULL,NULL,NULL,NULL,NULL,4,3,2,4,1,5,6,2,7,3,N,NULL,Y,N,1731,1732,1735,N,NULL,70,16,0,N,,N,N,,NULL,NULL,2020,O,7.24987E+11,098-KY-1460  -000,HIGH,098-KY-1460  -000,7.02,0,0,1,1,0,0,1,1,0,0,0,0,0
72487091,980100,2.02E+11,20200311,756,,,US23,,,US0023,US0023,,,,N,N,NULL,NULL,NULL,N,NULL,NULL,NULL,NULL,NULL,NULL,31.568,NULL,NULL,NULL,NULL,,NULL,0,0,2,2,N,N,55,NULL,98,9801,NULL,,Y,37.53688,37,32.213,NULL,-82.601,82,36.06,NULL,N,NULL,NULL,NULL,NULL,NULL,NULL,NULL,NULL,5,3,4,6,1,1,3,1,7,3,N,NULL,N,N,756,812,,N,NULL,49,,1,N,,N,N,,NULL,NULL,2020,O,7.24871E+11,098-US-0023  -000,MEDIUM,098-US-0023  -000,31.568,0,0,0,0,0,0,0,1,0,0,0,0,0
72517617,KSP0900,20-581989,20200704,854,,,ZEBULON,,HWY,KY1426,KY1426,0,098 KY-1426,KY1426,Y,N,NULL,NULL,NULL,N,NULL,NULL,NULL,NULL,NULL,NULL,11.661,NULL,NULL,NULL,NULL,,NULL,1,0,1,1,N,N,55,NULL,98,9828,NULL,,Y,37.53217,37,31.93,NULL,-82.46849,82,28.109,NULL,N,NULL,NULL,NULL,NULL,NULL,NULL,NULL,NULL,9,97,2,6,1,1,2,2,5,3,Y,NULL,Y,Y,854,857,904,Y,NULL,90,7,0,N,,N,N,098-KY-1426-0,NULL,NULL,2020,C,7.25176E+11,098-KY-1426  -000,HIGH,098-KY-1426  -000,11.661,0,0,0,1,0,0,0,0,0,0,0,1,0
72475738,KSP0900,20-5684,20200212,1847,,,KY194,,,KY0194,KY0194,0,098 KY-194,KY0194,N,N,NULL,NULL,NULL,N,NULL,NULL,NULL,NULL,NULL,NULL,16.002,NULL,NULL,NULL,NULL,,NULL,0,0,1,1,N,N,55,NULL,98,9820,NULL,,Y,37.56763,37,34.058,NULL,-82.46605,82,27.963,NULL,N,NULL,NULL,NULL,NULL,NULL,NULL,NULL,NULL,9,4,2,3,1,5,2,6,7,3,N,NULL,Y,N,1847,1922,1922,Y,NULL,44,7,0,N,,N,N,098-KY-0194-0,NULL,NULL,2020,O,7.24757E+11,098-KY-0194  -000,HIGH,098-KY-0194  -000,16.002,0,0,0,0,0,0,0,0,0,0,0,1,0
72500142,KSP0900,20-17371,20200509,1227,,,ROAD,,FRK,,,0,098 CR-1286,CR1286,N,N,NULL,NULL,NULL,N,NULL,NULL,NULL,NULL,NULL,NULL,NULL,NULL,NULL,NULL,NULL,,NULL,0,0,2,2,N,N,25,NULL,98,9801,3,W,N,37.41335,37,24.801,NULL,-82.54444,82,32.667,NULL,N,NULL,NULL,NULL,NULL,NULL,NULL,NULL,NULL,3,3,2,1,1,1,2,2,7,3,N,NULL,Y,N,1227,1240,1313,N,NULL,52,,,N,,N,N,098-CR-1286-0,NULL,NULL,2020,O,7.25001E+11,098-CR-1286  -000,HIGH,098-CR-1286  -000,1.897,0,0,0,0,0,0,0,1,0,0,0,1,0
72525742,KSP0900,20-614248,20200723,650,,,KY197,,,KY0197,KY0197,0,098 KY-197,KY0197,N,N,NULL,NULL,NULL,N,NULL,NULL,NULL,NULL,NULL,NULL,6.97,NULL,NULL,NULL,NULL,,NULL,1,0,1,1,N,N,55,NULL,98,9802,9,S,N,37.25629,37,15.377,NULL,-82.47404,82,28.443,NULL,N,NULL,NULL,NULL,NULL,NULL,NULL,NULL,NULL,9,3,2,6,1,5,2,2,6,3,N,NULL,Y,Y,706,751,,N,NULL,44,7,0,N,,N,N,098-KY-0197-0,NULL,NULL,2020,B,7.25257E+11,098-KY-0197  -000,HIGH,098-KY-0197  -000,6.97,0,0,0,0,0,0,0,0,0,0,0,1,0
72514811,KSP0900,20-564655,20200624,1924,,,REGINA-BELCHER,,HWY,US0460,US0460,0,098 US-460,US0460,N,N,NULL,NULL,NULL,N,NULL,NULL,NULL,NULL,NULL,NULL,9.075,NULL,NULL,NULL,NULL,,NULL,0,0,2,2,N,N,35,NULL,98,9830,NULL,,Y,37.36908,37,22.145,NULL,-82.41873,82,25.124,NULL,N,NULL,NULL,NULL,NULL,NULL,NULL,NULL,NULL,7,3,2,1,1,1,2,2,7,3,N,NULL,Y,N,1934,1937,,N,NULL,54,,1,Y,,N,N,098-US-0460-0,NULL,NULL,2020,O,7.25148E+11,098-US-0460  -000,HIGH,098-US-0460  -000,9.075,0,0,0,0,0,0,0,0,0,0,0,1,0
72510657,980000,20-06-004,20200608,1327,,151,US23,,,US0023,US0023,0,098 US-23,US0023,Y,N,NULL,NULL,NULL,N,NULL,NULL,NULL,NULL,NULL,NULL,NULL,NULL,NULL,NULL,NULL,,NULL,0,0,2,2,N,N,55,NULL,98,9809,1,S,N,37.27869,37,16.722,NULL,-82.5777,82,34.662,NULL,N,NULL,NULL,NULL,NULL,NULL,NULL,NULL,NULL,2,97,2,6,1,1,2,2,1,3,N,NULL,Y,Y,1327,1333,1333,N,NULL,90,,1,N,,N,N,098-US-0023-0,NULL,NULL,2020,O,7.25107E+11,098-US-0023  -000,HIGH,098-US-0023  -000,4.232,0,0,0,0,0,0,0,0,0,0,0,0,0
72503638,980100,2.02E+11,20200522,937,,,US23,,,US0023,US0023,,,,Y,N,NULL,NULL,NULL,N,NULL,NULL,NULL,NULL,NULL,NULL,19.136,NULL,NULL,NULL,NULL,,NULL,0,0,2,2,N,N,15,NULL,98,9801,NULL,,Y,37.44211,37,26.527,NULL,-82.50502,82,30.301,NULL,N,NULL,NULL,NULL,NULL,NULL,NULL,NULL,NULL,2,97,1,6,1,1,3,2,6,3,N,NULL,Y,N,937,952,952,N,NULL,90,,1,N,,N,N,,NULL,NULL,2020,O,7.25036E+11,098-US-0023  -000,MEDIUM,098-US-0023  -000,19.136,0,0,0,0,0,0,1,0,0,0,0,0,0
72514812,KSP0900,20-564917,20200624,2126,,,REGINA-BELCHER,,HWY,US0460,US0460,0,098 US-460,US0460,N,N,NULL,NULL,NULL,N,NULL,NULL,NULL,NULL,NULL,NULL,13.849,NULL,NULL,NULL,NULL,,NULL,0,0,1,1,N,N,55,NULL,98,9822,NULL,,Y,37.3386,37,20.316,NULL,-82.3818,82,22.908,NULL,N,NULL,NULL,NULL,NULL,NULL,NULL,NULL,NULL,9,3,2,6,1,1,2,3,7,3,N,NULL,Y,N,2130,2132,,N,NULL,38,,1,N,,N,N,098-US-0460-0,NULL,NULL,2020,O,7.25148E+11,098-US-0460  -000,HIGH,098-US-0460  -000,13.849,0,0,0,0,0,0,0,0,0,0,0,0,0
72509216,980100,2.02E+11,20200602,1429,,,BYPASS,S,RD,KY1426,KY1426,,,,Y,N,NULL,NULL,NULL,N,NULL,NULL,NULL,NULL,NULL,NULL,5.679,NULL,NULL,NULL,NULL,,NULL,1,0,2,2,N,N,NULL,NULL,98,9801,NULL,,Y,37.47272,37,28.363,NULL,-82.52305,82,31.383,NULL,N,NULL,NULL,NULL,NULL,NULL,NULL,NULL,NULL,2,97,2,4,2,1,2,8,1,3,Y,NULL,Y,Y,1429,1436,,N,NULL,90,,0,N,,N,N,,NULL,NULL,2020,C,7.25092E+11,098-KY-1426  -000,HIGH,098-KY-1426  -000,5.679,0,0,0,0,0,0,1,0,0,0,0,0,0
72509113,980100,2.02E+11,20200608,1445,,,CHLOE,,RD,KY1460,KY1460,0,098 KY-1460,KY1460,N,N,NULL,NULL,NULL,N,NULL,NULL,NULL,NULL,NULL,NULL,3.426,NULL,NULL,NULL,NULL,,NULL,0,0,2,2,N,N,35,NULL,98,9801,NULL,,Y,37.47517,37,28.51,NULL,-82.48742,82,29.245,NULL,N,NULL,NULL,NULL,NULL,NULL,NULL,NULL,NULL,5,3,2,6,1,1,2,2,1,3,N,NULL,Y,N,1445,1450,1505,N,NULL,49,,0,N,,N,N,098-KY-1460-0,NULL,NULL,2020,O,7.25091E+11,098-KY-1460  -000,HIGH,098-KY-1460  -000,3.426,0,0,0,0,0,0,1,0,0,0,0,0,0
72505734,980100,2.02E+11,20200528,1336,,,CASSIDY,,BLVD,,,,,,Y,N,NULL,NULL,NULL,N,NULL,NULL,NULL,NULL,NULL,NULL,0.233,NULL,NULL,NULL,NULL,,NULL,0,0,2,2,N,N,NULL,NULL,98,9801,NULL,,Y,37.50435,37,30.261,NULL,-82.53571,82,32.142,NULL,N,NULL,NULL,NULL,NULL,NULL,NULL,NULL,NULL,2,97,NULL,6,1,1,3,2,1,3,N,NULL,Y,N,1336,1337,,N,NULL,90,,,N,,N,N,,NULL,NULL,2020,O,7.25057E+11,098-CS-1191  -000,LOW,098-CS-1191  -000,0.233,0,0,1,0,0,0,1,0,0,0,0,0,0
72499369,980100,2.02E+11,20200506,1952,,,CASSIDY,,BLVD,,,,,,N,N,NULL,NULL,NULL,N,NULL,NULL,NULL,NULL,NULL,NULL,0.18,NULL,NULL,NULL,NULL,,NULL,0,0,2,2,N,N,25,NULL,98,9801,NULL,,Y,37.50383,37,30.23,NULL,-82.53496,82,32.097,NULL,N,NULL,NULL,NULL,NULL,NULL,NULL,NULL,NULL,8,3,4,3,1,1,3,2,1,3,N,NULL,Y,N,1952,1958,,N,NULL,53,,,N,,N,N,,NULL,NULL,2020,O,7.24994E+11,098-CS-1191  -000,LOW,098-CS-1191  -000,0.18,0,0,0,0,0,0,1,1,0,0,0,1,0
72518831,KSP0900,20-587977,20200707,1340,,,TOLER,,RD,KY0319,KY0319,,,,N,N,NULL,NULL,NULL,N,NULL,NULL,NULL,NULL,NULL,NULL,3.99,NULL,NULL,NULL,NULL,,NULL,0,0,1,1,N,N,55,NULL,98,9842,NULL,,Y,37.6099,37,36.594,NULL,-82.23234,82,13.94,NULL,N,NULL,NULL,NULL,NULL,NULL,NULL,NULL,NULL,9,5,2,3,1,1,2,2,7,3,N,NULL,Y,N,1346,1400,1445,N,NULL,44,7,0,Y,,N,N,,NULL,NULL,2020,O,7.25188E+11,098-KY-0319  -000,HIGH,098-KY-0319  -000,3.99,0,0,0,0,0,0,0,0,0,0,0,1,0
72515204,KSP0900,20-566784,20200625,2018,,,KY612,,,KY0612,KY0612,0,098 KY-612,KY0612,N,N,NULL,NULL,NULL,N,NULL,NULL,NULL,NULL,NULL,NULL,7.223,NULL,NULL,NULL,NULL,,NULL,0,0,1,1,N,N,45,NULL,98,9869,NULL,,Y,37.65845,37,39.507,NULL,-82.30509,82,18.305,NULL,N,NULL,NULL,NULL,NULL,NULL,NULL,NULL,NULL,9,3,2,6,1,1,2,2,7,3,N,NULL,N,N,2019,2019,2019,N,NULL,38,8,0,N,,N,N,098-KY-0612-0,NULL,NULL,2020,O,7.25152E+11,098-KY-0612  -000,HIGH,098-KY-0612  -000,7.223,0,0,0,0,0,0,0,0,0,0,0,0,0
72509948,980100,2.02E+11,20200605,1412,,,KY1460,,,KY1460,KY1460,0,098 KY-1460,KY1460,N,N,NULL,NULL,NULL,N,NULL,NULL,NULL,NULL,NULL,NULL,7.105,NULL,NULL,NULL,NULL,,NULL,0,0,2,2,N,N,45,NULL,98,9801,NULL,,Y,37.48608,37,29.165,NULL,-82.54227,82,32.537,NULL,N,NULL,NULL,NULL,NULL,NULL,NULL,NULL,NULL,5,3,2,6,1,1,3,2,1,3,N,NULL,Y,N,1412,1415,,N,NULL,49,16,0,N,,N,N,098-KY-1460-0,NULL,NULL,2020,O,7.25099E+11,098-KY-1460  -000,HIGH,098-KY-1460  -000,7.105,0,0,0,0,0,0,0,0,0,0,0,0,0
72513118,KSP0900,20-554838,20200619,1824,,,KY194,,,KY0194,KY0194,0,098 KY-194,KY0194,N,N,NULL,NULL,NULL,N,NULL,NULL,NULL,NULL,NULL,NULL,20.189,NULL,NULL,NULL,NULL,,NULL,0,0,2,2,N,N,55,NULL,98,9820,NULL,,Y,37.54628,37,32.777,NULL,-82.40119,82,24.072,NULL,N,NULL,NULL,NULL,NULL,NULL,NULL,NULL,NULL,8,3,2,6,1,5,6,2,7,3,N,NULL,Y,Y,2005,2044,2044,N,NULL,53,6,0,N,,N,N,098-KY-0194-0,NULL,NULL,2020,O,7.25131E+11,098-KY-0194  -000,HIGH,098-KY-0194  -000,20.189,0,0,0,0,0,0,0,0,0,0,0,1,0