MasterFile,AgencyORINumber,LocalCode,CollisionDate,CollisionTime,CollisionDayWeekCode,RoadwayName_HouseBusinessNumber_,RoadwayName_RoadwayName_,RoadwayName_Direction_,RoadwayName_RoadwaySuffix_,RoadwayfromReport,CurrentRoadwayNumber,RoadwayNumberCoupletID,RSEUniqueGIS,RoadwayIdentifier,ParkingLotIndicator,IntersectionWith_Indicator_,IntersectionWith_NameRoadway_,IntersectionWith_Direction_,IntersectionWith_RoadwaySuffix_,BetweenStreets_Indicator_,BetweenStreets1_NameRoadway_,BetweenStreet1_Direction_,BetweenStreets1_RoadwaySuffix_,BetweenStreets2_NameRoadway_,BetweenStreets2_Direction_,BetweenStreets2_RoadwaySuffix_,Milepoint,ReportMilepointDeriveNumber,CurrentDerivedMiepointNumber,MilestoMilepoint,FeettoMilepoint,DirectionfromMilepoint_NSEW_,ValidMilepointIndicator,NumberInjured,NumberKilled,ofUnits,ofMotorVehicleUnits,Hit&RunIndicator,OneWayIndicator,SpeedLimitNumber,KilometersIndicator,CountyCode,CityCountyCode,MilesFromCity,DirectionFromCity_NSEW_,InCityLimitsIndicator,Latitude,LatitudeDegrees,LatitudeMinutes,LatitudeSeconds,Longitude,LongitudeDegrees,LongitudeMinutes,LongitudeSeconds,RampIndicator,RampFromIdentifier,RampFromDirCode,RampFromCoupletID,RSEUniqueGISRampFrom,RampToidentifier,RampToDirCode,RampToCoupletID,RSEUniqueGisRampTo,MannerofCollisionCode,LocationFirstEventCode,TotalLanes,RoadwayCharacterCode,RoadwaySurfaceCode,RoadwayConditionCode,WeatherCode,LightConditionCode,LandUseCode,SchoolBusRelatedCode,FirstAidSceneIndicator,CollDescPresentInd,InvestigationCompleteIndicator,PhotosTakenIndicator,TimeNotified,TimeArrived,TimeRoadwayOpened,PropertyDamageIndicator,DiagramPresentIndicator,DirectionalAnalysis,FunctionClassCode,NationalHwySysCode,EnforcementsIndicator,KARSCityCode,SecondaryCollisionIndicator,MedianCrossoverIndicator,RT_UNIQUE,MapIt,TimeLastLeft,YR,KABCO,MFNY,WorkingRID,RT_CONFIDENCE,KTC_RT,KTC_MP,Motorcyclist,CommercialVehicle,YoungDriver,MatureDriver,pedestrian,Bicyclist,Distracted,agressive,Impaired,Unrestrained,Intersection,RoadwayDeparture,MedXover
72495227,KSP0900,20-13193,20200411,1412,,,US23,,,US0023,US0023,0,098 US-23-10,US0023,N,N,NULL,NULL,NULL,N,NULL,NULL,NULL,NULL,NULL,NULL,29.203,NULL,NULL,NULL,NULL,,NULL,0,0,2,2,N,N,45,NULL,98,9807,NULL,,Y,37.52651,37,31.591,NULL,-82.57386,82,34.431,NULL,N,NULL,NULL,NULL,NULL,NULL,NULL,NULL,NULL,5,3,6,6,1,1,2,2,7,3,N,NULL,Y,N,1412,1435,,N,NULL,70,,1,N,,N,N,098-US-0023-10,NULL,NULL,2020,O,7.24952E+11,098-US-0023  -010,HIGH,098-US-0023  -000,29.203,0,0,0,1,0,0,1,0,0,0,0,0,0
72505562,KSP0900,20-20140,20200528,1704,,1430,TOLER,,RD,KY0319,KY0319,0,098 KY-319,KY0319,N,N,NULL,NULL,NULL,N,NULL,NULL,NULL,NULL,NULL,NULL,6.087,NULL,NULL,NULL,NULL,,NULL,0,0,2,2,N,N,45,NULL,98,9842,NULL,,Y,37.6329,37,37.974,NULL,-82.25148,82,15.089,NULL,N,NULL,NULL,NULL,NULL,NULL,NULL,NULL,NULL,7,3,2,6,1,1,2,2,7,3,N,NULL,Y,N,1704,1718,1718,N,NULL,47,7,0,N,,N,N,098-KY-0319-0,NULL,NULL,2020,O,7.25056E+11,098-KY-0319  -000,HIGH,098-KY-0319  -000,6.087,0,0,1,0,0,0,0,0,0,0,0,0,0
72462443,980100,2.02E+11,20200111,2140,,,MAIN,,ST,,,0,098 CS-1112,CS1112,N,N,NULL,NULL,NULL,N,NULL,NULL,NULL,NULL,NULL,NULL,0.081,NULL,NULL,NULL,NULL,,NULL,0,0,2,2,N,N,15,NULL,98,9801,NULL,,Y,37.47879,37,28.728,NULL,-82.51795,82,31.077,NULL,N,NULL,NULL,NULL,NULL,NULL,NULL,NULL,NULL,2,3,1,6,1,5,3,5,1,3,N,NULL,Y,N,2140,2142,2142,N,NULL,47,,,Y,,N,N,098-CS-1112-0,NULL,NULL,2020,O,7.24624E+11,098-CS-1112  -000,HIGH,098-CS-1112  -000,0.081,0,0,0,0,0,0,1,0,0,0,0,0,0
72490508,KSP0900,20-9995,20200316,1500,,,US119,,,US0119,US0119,0,098 US-119,US0119,Y,N,NULL,NULL,NULL,N,NULL,NULL,NULL,NULL,NULL,NULL,23.608,NULL,NULL,NULL,NULL,,NULL,0,0,2,2,N,N,10,NULL,98,9834,NULL,,Y,37.65244,37,39.146,NULL,-82.268,82,16.08,NULL,N,NULL,NULL,NULL,NULL,NULL,NULL,NULL,NULL,2,97,2,6,1,1,3,2,7,3,N,NULL,Y,N,1500,1540,1540,N,NULL,90,2,1,N,,N,N,098-US-0119-0,NULL,NULL,2020,O,7.24905E+11,098-US-0119  -000,HIGH,098-US-0119  -000,23.608,0,0,0,0,0,0,1,0,0,0,0,0,0
72488001,KSP0900,20-8938,20200308,1620,,,BEAVER CK,,RD,KY1373,KY1373,0,098 KY-1373,KY1373,N,N,NULL,NULL,NULL,N,NULL,NULL,NULL,NULL,NULL,NULL,4.886,NULL,NULL,NULL,NULL,,NULL,1,0,1,1,N,N,45,NULL,98,9802,NULL,,Y,37.35007,37,21.004,NULL,-82.30138,82,18.083,NULL,N,NULL,NULL,NULL,NULL,NULL,NULL,NULL,NULL,9,6,1,4,3,1,2,2,7,1,Y,NULL,N,Y,1620,1629,1629,N,NULL,51,8,0,N,,N,N,098-KY-1373-0,NULL,NULL,2020,C,7.2488E+11,098-KY-1373  -000,HIGH,098-KY-1373  -000,4.886,0,0,0,0,0,0,0,0,0,0,0,1,0
72536667,KSP0900,20-671309,20200828,1410,,,KY194,,,KY0194,KY0194,0,098 KY-194,KY0194,N,N,NULL,NULL,NULL,N,NULL,NULL,NULL,NULL,NULL,NULL,69.407,NULL,NULL,NULL,NULL,,NULL,2,0,3,3,Y,N,35,NULL,98,9873,NULL,,Y,37.50242,37,30.145,NULL,-82.06348,82,3.808,NULL,N,NULL,NULL,NULL,NULL,NULL,NULL,NULL,NULL,3,3,2,6,1,1,2,2,7,3,Y,NULL,Y,Y,1410,1430,1639,N,NULL,52,7,0,N,,N,N,098-KY-0194-0,NULL,NULL,2020,C,7.25367E+11,098-KY-0194  -000,HIGH,098-KY-0194  -000,69.407,0,0,0,0,0,0,0,0,0,0,0,1,0
72544245,980100,2.02E+11,20200911,1555,,,US119,,,US0119,US0119,0,098 US-119,US0119,N,N,NULL,NULL,NULL,N,NULL,NULL,NULL,NULL,NULL,NULL,0.739,NULL,NULL,NULL,NULL,,NULL,0,0,2,2,N,N,55,NULL,98,9801,NULL,,Y,37.50767,37,30.46,NULL,-82.51961,82,31.177,NULL,N,NULL,NULL,NULL,NULL,NULL,NULL,NULL,NULL,5,3,4,6,1,1,3,2,7,3,N,NULL,Y,N,1555,1559,,N,NULL,49,2,1,N,,N,N,098-US-0119-0,NULL,NULL,2020,O,7.25442E+11,098-US-0119  -000,HIGH,098-US-0119  -000,0.739,0,0,0,1,0,0,1,0,0,0,0,0,0
72533724,KSP0900,20-658801,20200820,1633,,,KY632,,,KY0632,KY0632,0,098 KY-632,KY0632,N,N,NULL,NULL,NULL,N,NULL,NULL,NULL,NULL,NULL,NULL,0.325,NULL,NULL,NULL,NULL,,NULL,0,0,1,1,N,N,55,NULL,98,9817,NULL,,Y,37.49858,37,29.915,NULL,-82.34396,82,20.637,NULL,N,NULL,NULL,NULL,NULL,NULL,NULL,NULL,NULL,9,3,2,3,1,5,6,2,7,3,N,NULL,Y,Y,1635,1653,1653,N,NULL,70,6,0,N,,N,Y,098-KY-0632-0,NULL,NULL,2020,O,7.25337E+11,098-KY-0632  -000,HIGH,098-KY-0632  -000,0.325,0,0,1,0,0,0,0,1,0,0,0,1,0
72478687,980100,2.02E+11,20200218,1232,,,HAMBLEY,,BLVD,,,,,,N,Y,KY1426,,,N,NULL,NULL,NULL,NULL,NULL,NULL,NULL,NULL,NULL,NULL,NULL,,NULL,0,0,2,2,N,N,35,NULL,98,9801,NULL,,Y,37.47402,37,28.441,NULL,-82.5273,82,31.638,NULL,N,NULL,NULL,NULL,NULL,NULL,NULL,NULL,NULL,4,3,4,6,1,5,6,2,7,3,N,NULL,N,N,1232,1237,,N,NULL,16,,,Y,,N,N,,NULL,NULL,2020,O,7.24787E+11,098-CS-1222  -000,MEDIUM,098-CS-1222  -000,0,0,0,0,0,0,0,1,1,0,0,1,0,0
72544515,980000,20-09-004,20200917,1400,,,CHURCH,,ST,,,0,098 CR-1505W,CR1505W,N,N,NULL,NULL,NULL,N,NULL,NULL,NULL,NULL,NULL,NULL,0.178,NULL,NULL,NULL,NULL,,NULL,0,0,2,2,N,N,35,NULL,98,9819,NULL,,Y,37.59756,37,35.854,NULL,-82.27289,82,16.373,NULL,N,NULL,NULL,NULL,NULL,NULL,NULL,NULL,NULL,7,3,2,1,1,5,6,2,6,3,N,NULL,Y,Y,1433,1440,1538,N,NULL,54,,,N,,N,N,098-CR-1505W-0,NULL,NULL,2020,O,7.25445E+11,098-CR-1505W -000,HIGH,098-CR-1505W -000,0.178,0,0,0,1,0,0,0,0,0,0,0,1,0
72486049,980000,20-03-001,20200306,1800,,,KY194,,,KY0194,KY0194,0,098 KY-194,KY0194,N,N,NULL,NULL,NULL,N,NULL,NULL,NULL,NULL,NULL,NULL,26.101,NULL,NULL,NULL,NULL,,NULL,2,0,1,1,N,N,55,NULL,98,9817,NULL,,Y,37.50216,37,30.129,NULL,-82.35788,82,21.473,NULL,N,NULL,NULL,NULL,NULL,NULL,NULL,NULL,NULL,9,3,2,3,1,5,11,2,7,3,Y,NULL,Y,Y,1800,1800,1845,N,NULL,70,6,0,N,,N,N,098-KY-0194-0,NULL,NULL,2020,B,7.2486E+11,098-KY-0194  -000,HIGH,098-KY-0194  -000,26.101,0,0,0,0,0,0,1,0,0,0,0,1,0
72523380,980100,2.02E+11,20200720,1715,,,THOMPSON,,RD,,,,,,N,N,NULL,NULL,NULL,N,NULL,NULL,NULL,NULL,NULL,NULL,0.647,NULL,NULL,NULL,NULL,,NULL,0,0,3,3,N,N,35,NULL,98,9801,NULL,,Y,37.50528,37,30.317,NULL,-82.54118,82,32.471,NULL,N,NULL,NULL,NULL,NULL,NULL,NULL,NULL,NULL,1,3,3,6,1,1,2,2,7,3,Y,NULL,Y,N,1715,1720,1749,N,NULL,55,,,N,,N,N,,NULL,NULL,2020,O,7.25234E+11,098-CS-1215  -000,MEDIUM,098-CS-1215  -000,0.647,0,0,0,1,0,0,1,0,0,0,0,0,0
72546021,KSP0900,20-696040,20200913,125,,,KY195,,,KY0195,KY0195,0,098 KY-195,KY0195,N,N,NULL,NULL,NULL,N,NULL,NULL,NULL,NULL,NULL,NULL,7.406,NULL,NULL,NULL,NULL,,NULL,0,0,1,1,N,N,35,NULL,98,9830,NULL,,Y,37.32851,37,19.711,NULL,-82.44404,82,26.642,NULL,N,NULL,NULL,NULL,NULL,NULL,NULL,NULL,NULL,9,3,2,3,1,1,2,6,7,3,N,NULL,Y,N,131,148,,N,NULL,44,7,0,N,,N,N,098-KY-0195-0,NULL,NULL,2020,O,7.2546E+11,098-KY-0195  -000,HIGH,098-KY-0195  -000,7.406,0,0,0,0,0,0,1,1,0,0,0,1,0
72527343,KSP0900,20-629681,20200802,13,,1005,WILLOW TREE,,HOLW,,,0,098 CR-1234,CR1234,N,N,NULL,NULL,NULL,N,NULL,NULL,NULL,NULL,NULL,NULL,NULL,NULL,NULL,NULL,NULL,,NULL,0,0,1,1,N,N,5,NULL,98,9830,NULL,,Y,37.35884,37,21.531,NULL,-82.42325,82,25.395,NULL,N,NULL,NULL,NULL,NULL,NULL,NULL,NULL,NULL,9,97,1,4,97,5,2,6,7,3,N,NULL,Y,N,16,29,,N,NULL,40,,,N,,N,N,098-CR-1234-0,NULL,NULL,2020,NULL,7.25273E+11,098-CR-1234  -000,HIGH,098-CR-1234  -000,0.138,0,0,0,0,0,0,0,0,0,0,0,1,0
72408212,980100,2.019E+11,20190916,1146,,,KY3495,,,KY3495,KY3495,0,098 KY-3495,KY3495,Y,N,NULL,NULL,NULL,N,NULL,NULL,NULL,NULL,NULL,NULL,0.014,NULL,NULL,NULL,NULL,,NULL,0,0,2,2,N,N,NULL,NULL,98,9801,NULL,,Y,37.48657,37,29.194,NULL,-82.54276,82,32.565,NULL,N,NULL,NULL,NULL,NULL,NULL,NULL,NULL,NULL,2,97,2,6,2,1,2,2,1,3,N,NULL,Y,N,1146,1153,1153,N,NULL,90,17,0,N,,N,N,098-KY-3495-0,NULL,NULL,2019,O,7.24082E+11,098-KY-3495  -000,HIGH,098-KY-3495  -000,0.014,0,0,0,0,0,0,1,0,0,0,0,0,0
72389035,980500,2019AR053,20190805,1405,,4145,WEDDINGTON BRANCH,,RD,,,0,098 CS-3026,CS3026,Y,N,NULL,NULL,NULL,N,NULL,NULL,NULL,NULL,NULL,NULL,NULL,NULL,NULL,NULL,NULL,,NULL,0,0,2,2,N,N,15,NULL,98,9807,NULL,,Y,37.52228,37,31.337,NULL,-82.57212,82,34.327,NULL,N,NULL,NULL,NULL,NULL,NULL,NULL,NULL,NULL,2,97,1,6,1,1,2,2,1,3,N,NULL,Y,Y,1405,1406,1416,N,NULL,90,,,N,,N,N,098-CS-3026-0,NULL,NULL,2019,O,7.2389E+11,098-CS-3026  -000,HIGH,098-CS-3026  -000,0,0,0,0,0,0,0,1,0,0,0,0,0,0
72486730,980100,2.02E+11,20200310,0,,,KENTUCKY,,AVE,,,,,,Y,N,NULL,NULL,NULL,N,NULL,NULL,NULL,NULL,NULL,NULL,0.361,NULL,NULL,NULL,NULL,,NULL,0,0,2,2,Y,N,10,NULL,98,9801,NULL,,Y,37.47837,37,28.703,NULL,-82.52193,82,31.316,NULL,N,NULL,NULL,NULL,NULL,NULL,NULL,NULL,NULL,,97,NULL,6,1,1,2,2,8,3,N,NULL,Y,N,1410,1417,1417,N,NULL,90,,,N,,N,N,,NULL,NULL,2020,NULL,7.24867E+11,098-CS-1162  -000,LOW,098-CS-1162  -000,0.361,0,0,0,0,0,0,0,0,0,0,0,0,0
72472576,KSP0900,20-3939,20200130,2040,,,HUGHES,,LN,,,0,098 CR-1273,CR1273,N,N,NULL,NULL,NULL,N,NULL,NULL,NULL,NULL,NULL,NULL,0.115,NULL,NULL,NULL,NULL,,NULL,0,0,2,2,N,N,15,NULL,98,9801,NULL,,Y,37.39608,37,23.765,NULL,-82.52322,82,31.393,NULL,N,NULL,NULL,NULL,NULL,NULL,NULL,NULL,NULL,3,6,1,6,1,1,3,2,7,3,N,NULL,Y,N,2040,2053,,N,NULL,51,,,N,,N,N,098-CR-1273-0,NULL,NULL,2020,O,7.24726E+11,098-CR-1273  -000,HIGH,098-CR-1273  -000,0.115,0,0,0,0,0,0,0,0,0,0,0,1,0
72469375,KSP0900,20-3646,20200128,1430,,,US460,,,US0460,US0460,0,098 US-460,US0460,N,N,NULL,NULL,NULL,N,NULL,NULL,NULL,NULL,NULL,NULL,4.275,NULL,NULL,NULL,NULL,,NULL,1,0,2,2,N,N,55,NULL,98,9832,NULL,,Y,37.4185,37,25.11,NULL,-82.45719,82,27.431,NULL,N,NULL,NULL,NULL,NULL,NULL,NULL,NULL,NULL,1,3,2,6,1,1,2,2,7,3,N,NULL,Y,Y,1443,1443,1456,N,NULL,55,,1,N,,N,N,098-US-0460-0,NULL,NULL,2020,C,7.24694E+11,098-US-0460  -000,HIGH,098-US-0460  -000,4.275,0,0,0,0,0,0,0,1,0,0,0,0,0
72532138,KSP0900,20-651371,20200815,1821,,,US460,,,US0460,US0460,0,098 US-460,US0460,N,N,NULL,NULL,NULL,N,NULL,NULL,NULL,NULL,NULL,NULL,7.971,NULL,NULL,NULL,NULL,,NULL,0,0,2,2,N,N,55,NULL,98,9832,NULL,,Y,37.37919,37,22.751,NULL,-82.43377,82,26.026,NULL,N,NULL,NULL,NULL,NULL,NULL,NULL,NULL,NULL,5,3,2,1,1,5,2,2,7,3,N,NULL,N,N,1823,1842,,N,NULL,49,,1,N,,N,N,098-US-0460-0,NULL,NULL,2020,O,7.25321E+11,098-US-0460  -000,HIGH,098-US-0460  -000,7.971,0,0,0,0,0,0,0,0,0,0,0,0,0
72524641,KSP0900,20-599671,20200714,1151,,,US119 SPUR TURN LANE,,,US0119S,US0119S,,,,N,N,NULL,NULL,NULL,N,NULL,NULL,NULL,NULL,NULL,NULL,0.002,NULL,NULL,NULL,NULL,,NULL,1,0,2,2,N,N,40,NULL,98,9834,NULL,,Y,37.6729,37,40.374,NULL,-82.28045,82,16.827,NULL,N,NULL,NULL,NULL,NULL,NULL,NULL,NULL,NULL,5,3,2,6,1,1,2,2,7,3,Y,NULL,Y,Y,1153,1219,1300,N,NULL,49,6,0,Y,,N,N,,NULL,NULL,2020,C,7.25246E+11,098-US-0119S -020,MEDIUM,098-US-0119S -020,0.002,0,0,0,0,0,0,1,0,0,0,0,0,0
72512995,KSP0900,20-556390,20200620,1441,,,LEFT FORK ISLAND,,CRK,,,0,098 CR-1233Q3,CR1233Q3,N,N,NULL,NULL,NULL,N,NULL,NULL,NULL,NULL,NULL,NULL,1.054,NULL,NULL,NULL,NULL,,NULL,0,0,2,2,N,N,35,NULL,98,9801,3,W,N,37.43359,37,26.015,NULL,-82.57243,82,34.346,NULL,N,NULL,NULL,NULL,NULL,NULL,NULL,NULL,NULL,7,3,2,3,2,1,2,2,7,3,N,NULL,Y,N,1444,1501,1501,N,NULL,54,,,N,,N,N,098-CR-1233Q3-0,NULL,NULL,2020,O,7.2513E+11,098-CR-1233Q3-000,HIGH,098-CR-1233Q3-000,1.054,0,0,0,0,0,0,0,0,0,0,0,1,0
72517727,980000,20-07-002,20200704,100,,,FISHTRAP,,RD,KY1441,KY1441,0,098 KY-1441,KY1441,N,N,NULL,NULL,NULL,N,NULL,NULL,NULL,NULL,NULL,NULL,11.613,NULL,NULL,NULL,NULL,,NULL,1,0,1,1,N,N,45,NULL,98,9850,NULL,,Y,37.53438,37,32.063,NULL,-82.46238,82,27.743,NULL,N,NULL,NULL,NULL,NULL,NULL,NULL,NULL,NULL,9,5,2,4,1,1,2,6,6,3,N,NULL,Y,Y,115,115,200,N,NULL,44,8,0,N,,N,N,098-KY-1441-0,NULL,NULL,2020,C,7.25177E+11,098-KY-1441  -000,HIGH,098-KY-1441  -000,11.613,0,0,1,0,0,0,0,1,0,0,0,1,0
72519985,980100,2.02E+11,20200711,1058,,183,CASSIDY,,BLVD,,,0,098 CS-1191,CS1191,Y,N,NULL,NULL,NULL,N,NULL,NULL,NULL,NULL,NULL,NULL,0.273,NULL,NULL,NULL,NULL,,NULL,0,0,2,2,N,N,15,NULL,98,9801,NULL,,Y,37.50478,37,30.287,NULL,-82.53632,82,32.179,NULL,N,NULL,NULL,NULL,NULL,NULL,NULL,NULL,NULL,2,97,NULL,6,1,1,2,2,5,3,N,NULL,Y,N,1058,1109,1109,N,NULL,90,,,N,,N,N,098-CS-1191-0,NULL,NULL,2020,O,7.252E+11,098-CS-1191  -000,HIGH,098-CS-1191  -000,0.273,0,0,0,0,0,0,1,0,0,0,0,0,0
72539483,980100,2.02E+11,20200902,1801,,,US23,,,US0023,US0023,0,098 US-23,US0023,N,N,NULL,NULL,NULL,N,NULL,NULL,NULL,NULL,NULL,NULL,26.28,NULL,NULL,NULL,NULL,,NULL,0,0,2,2,N,N,55,NULL,98,9801,NULL,,Y,37.50362,37,30.217,NULL,-82.53214,82,31.928,NULL,N,NULL,NULL,NULL,NULL,NULL,NULL,NULL,NULL,1,2,4,4,1,5,3,2,7,3,N,NULL,Y,N,1801,1812,,N,NULL,55,,1,N,,Y,N,098-US-0023-0,NULL,NULL,2020,O,7.25395E+11,098-US-0023  -000,HIGH,098-US-0023  -000,26.28,0,0,0,0,0,0,1,0,0,0,0,0,0
72494319,980100,2.02E+11,20200414,1639,,,HAROLDS BRANCH,,RD,,,,,,Y,N,NULL,NULL,NULL,N,NULL,NULL,NULL,NULL,NULL,NULL,0.007,NULL,NULL,NULL,NULL,,NULL,0,0,2,2,N,N,15,NULL,98,9801,NULL,,Y,37.47272,37,28.363,NULL,-82.52265,82,31.359,NULL,N,NULL,NULL,NULL,NULL,NULL,NULL,NULL,NULL,5,97,2,6,2,1,3,2,1,3,N,NULL,Y,N,1639,1641,1641,N,NULL,90,,,N,,N,N,,NULL,NULL,2020,O,7.24943E+11,098-CS-1223  -000,MEDIUM,098-CS-1223  -000,0.007,0,0,0,0,0,0,1,0,0,0,0,0,0
72488491,980100,2.02E+11,20200316,1916,,,HAMBLEY,,BLVD,,,,,,N,N,NULL,NULL,NULL,N,NULL,NULL,NULL,NULL,NULL,NULL,0.421,NULL,NULL,NULL,NULL,,NULL,0,0,2,2,N,N,25,NULL,98,9801,NULL,,Y,37.47751,37,28.65,NULL,-82.52125,82,31.275,NULL,N,NULL,NULL,NULL,NULL,NULL,NULL,NULL,NULL,5,3,2,6,1,5,6,3,1,3,N,NULL,Y,N,1916,1920,1920,N,NULL,49,,,N,,N,N,,NULL,NULL,2020,O,7.24885E+11,098-CS-1222  -000,MEDIUM,098-CS-1222  -000,0.421,0,0,0,0,0,0,1,0,0,0,0,0,0
72505997,KSP0900,20-19339,20200523,1630,,,US119,,,US0119,US0119,0,098 US-119,US0119,N,N,NULL,NULL,NULL,N,NULL,NULL,NULL,NULL,NULL,NULL,24.138,NULL,NULL,NULL,NULL,,NULL,0,0,2,2,N,N,55,NULL,98,9834,NULL,,Y,37.65754,37,39.452,NULL,-82.27112,82,16.267,NULL,N,NULL,NULL,NULL,NULL,NULL,NULL,NULL,NULL,2,7,4,6,1,1,2,2,7,3,N,NULL,N,N,1615,1640,1640,N,NULL,46,2,1,N,,N,N,098-US-0119-0,NULL,NULL,2020,O,7.2506E+11,098-US-0119  -000,HIGH,098-US-0119  -000,24.138,0,0,0,0,0,0,0,0,0,0,0,0,0
72520226,KSP0900,20-571552,20200628,1254,,,KY195,,,KY0195,KY0195,0,098 KY-195,KY0195,N,N,NULL,NULL,NULL,N,NULL,NULL,NULL,NULL,NULL,NULL,6.395,NULL,NULL,NULL,NULL,,NULL,0,0,2,2,N,N,35,NULL,98,9802,NULL,,Y,37.32332,37,19.399,NULL,-82.45847,82,27.508,NULL,N,NULL,NULL,NULL,NULL,NULL,NULL,NULL,NULL,1,3,2,3,1,5,5,2,7,3,N,NULL,Y,N,1254,1306,,Y,NULL,55,7,0,N,,N,N,098-KY-0195-0,NULL,NULL,2020,O,7.25202E+11,098-KY-0195  -000,HIGH,098-KY-0195  -000,6.395,0,0,0,1,0,0,1,0,0,0,0,0,0
72420184,980100,2.019E+11,20191010,1718,,,US23,,,US0023,US0023,,,,N,N,NULL,NULL,NULL,N,NULL,NULL,NULL,NULL,NULL,NULL,26.192,NULL,NULL,NULL,NULL,,NULL,0,0,2,2,N,N,55,NULL,98,9801,NULL,,Y,37.50237,37,30.142,NULL,-82.53201,82,31.92,NULL,N,NULL,NULL,NULL,NULL,NULL,NULL,NULL,NULL,5,3,4,6,1,1,2,2,7,3,N,NULL,N,N,1718,1724,1724,N,NULL,40,,1,N,,N,N,,NULL,NULL,2019,O,7.24202E+11,098-US-0023  -000,MEDIUM,098-US-0023  -000,26.192,0,0,1,0,0,0,1,0,0,0,0,1,0
72504834,980000,20-05-007,20200520,1230,,,US119,,,US0119,US0119,0,098 US-119,US0119,N,N,NULL,NULL,NULL,N,NULL,NULL,NULL,NULL,NULL,NULL,24.34,NULL,NULL,NULL,NULL,,NULL,1,0,3,3,N,N,55,NULL,98,9834,NULL,,Y,37.6598,37,39.588,NULL,-82.27338,82,16.403,NULL,N,NULL,NULL,NULL,NULL,NULL,NULL,NULL,NULL,5,3,4,6,1,5,6,2,6,3,N,NULL,Y,Y,1241,1241,1241,N,NULL,49,2,1,Y,,N,N,098-US-0119-0,NULL,NULL,2020,B,7.25048E+11,098-US-0119  -000,HIGH,098-US-0119  -000,24.34,0,0,0,0,0,0,1,0,1,0,0,0,0
72543609,KSP0900,20-702030,20200917,800,,,US119,,,US0119,US0119,0,098 US-119,US0119,Y,N,NULL,NULL,NULL,N,NULL,NULL,NULL,NULL,NULL,NULL,0.512,NULL,NULL,NULL,NULL,,NULL,0,0,2,2,N,N,15,NULL,98,9801,0.5,S,N,37.50632,37,30.379,NULL,-82.5234,82,31.404,NULL,N,NULL,NULL,NULL,NULL,NULL,NULL,NULL,NULL,2,97,2,6,3,5,6,1,1,3,N,NULL,Y,N,800,824,824,N,NULL,90,2,1,N,,N,N,098-US-0119-0,NULL,NULL,2020,O,7.25436E+11,098-US-0119  -000,HIGH,098-US-0119  -000,0.512,0,0,0,1,0,0,1,0,0,0,0,0,0
72450484,KSP0900,19-48656,20191213,1114,,,KY194,,,KY0194,KY0194,0,098 KY-194,KY0194,N,N,NULL,NULL,NULL,N,NULL,NULL,NULL,NULL,NULL,NULL,26.674,NULL,NULL,NULL,NULL,,NULL,1,0,2,2,N,N,55,NULL,98,9817,NULL,,Y,37.49754,37,29.852,NULL,-82.34948,82,20.969,NULL,N,NULL,NULL,NULL,NULL,NULL,NULL,NULL,NULL,5,3,2,6,1,5,2,2,7,3,Y,NULL,Y,Y,1114,1155,1155,N,NULL,49,7,0,N,,N,N,098-KY-0194-0,NULL,NULL,2019,C,7.24505E+11,098-KY-0194  -000,HIGH,098-KY-0194  -000,26.674,0,0,0,0,0,0,0,1,0,0,0,0,0
72515715,KSP0900,20-571598,20200628,1327,,,ELKHORN,,CRK,KY0197,KY0197,0,098 KY-197,KY0197,N,N,NULL,NULL,NULL,N,NULL,NULL,NULL,NULL,NULL,NULL,1.091,NULL,NULL,NULL,NULL,,NULL,0,0,2,2,N,N,55,NULL,98,9867,NULL,,Y,37.21669,37,13.001,NULL,-82.54495,82,32.697,NULL,N,NULL,NULL,NULL,NULL,NULL,NULL,NULL,NULL,1,3,2,1,1,5,6,2,7,3,N,NULL,Y,N,1330,1351,,N,NULL,55,7,0,N,,N,N,098-KY-0197-0,NULL,NULL,2020,O,7.25157E+11,098-KY-0197  -000,HIGH,098-KY-0197  -000,1.091,0,0,0,0,0,0,0,1,0,0,0,0,0
72465050,980100,2.02E+11,20200106,817,,,US23,,,US0023,US0023,,,,N,N,NULL,NULL,NULL,N,NULL,NULL,NULL,NULL,NULL,NULL,18.726,NULL,NULL,NULL,NULL,,NULL,0,0,2,2,N,N,55,NULL,98,9801,NULL,,Y,37.4381,37,26.286,NULL,-82.50969,82,30.581,NULL,N,NULL,NULL,NULL,NULL,NULL,NULL,NULL,NULL,8,3,4,6,1,1,2,2,7,3,N,NULL,Y,N,817,825,825,N,NULL,53,,1,N,,N,N,,NULL,NULL,2020,O,7.24651E+11,098-US-0023  -000,MEDIUM,098-US-0023  -000,18.726,0,0,0,0,0,0,1,1,0,0,0,1,0
72465176,980100,2.02E+11,20200116,1001,,911,BYPASS,,RD,,,,,,Y,N,NULL,NULL,NULL,N,NULL,NULL,NULL,NULL,NULL,NULL,NULL,NULL,NULL,NULL,NULL,,NULL,0,0,2,2,N,N,15,NULL,98,9801,NULL,,Y,37.47215,37,28.329,NULL,-82.5226,82,31.356,NULL,N,NULL,NULL,NULL,NULL,NULL,NULL,NULL,NULL,1,97,2,3,2,1,2,2,1,3,N,NULL,Y,N,1001,1010,1010,N,NULL,90,,,N,,N,N,,NULL,NULL,2020,O,7.24652E+11,098-CS-1223  -000,MEDIUM,098-CS-1223  -000,0.045,0,0,0,1,0,0,0,0,0,0,0,0,0