MasterFile,AgencyORINumber,LocalCode,CollisionDate,CollisionTime,CollisionDayWeekCode,RoadwayName_HouseBusinessNumber_,RoadwayName_RoadwayName_,RoadwayName_Direction_,RoadwayName_RoadwaySuffix_,RoadwayfromReport,CurrentRoadwayNumber,RoadwayNumberCoupletID,RSEUniqueGIS,RoadwayIdentifier,ParkingLotIndicator,IntersectionWith_Indicator_,IntersectionWith_NameRoadway_,IntersectionWith_Direction_,IntersectionWith_RoadwaySuffix_,BetweenStreets_Indicator_,BetweenStreets1_NameRoadway_,BetweenStreet1_Direction_,BetweenStreets1_RoadwaySuffix_,BetweenStreets2_NameRoadway_,BetweenStreets2_Direction_,BetweenStreets2_RoadwaySuffix_,Milepoint,ReportMilepointDeriveNumber,CurrentDerivedMiepointNumber,MilestoMilepoint,FeettoMilepoint,DirectionfromMilepoint_NSEW_,ValidMilepointIndicator,NumberInjured,NumberKilled,ofUnits,ofMotorVehicleUnits,Hit&RunIndicator,OneWayIndicator,SpeedLimitNumber,KilometersIndicator,CountyCode,CityCountyCode,MilesFromCity,DirectionFromCity_NSEW_,InCityLimitsIndicator,Latitude,LatitudeDegrees,LatitudeMinutes,LatitudeSeconds,Longitude,LongitudeDegrees,LongitudeMinutes,LongitudeSeconds,RampIndicator,RampFromIdentifier,RampFromDirCode,RampFromCoupletID,RSEUniqueGISRampFrom,RampToidentifier,RampToDirCode,RampToCoupletID,RSEUniqueGisRampTo,MannerofCollisionCode,LocationFirstEventCode,TotalLanes,RoadwayCharacterCode,RoadwaySurfaceCode,RoadwayConditionCode,WeatherCode,LightConditionCode,LandUseCode,SchoolBusRelatedCode,FirstAidSceneIndicator,CollDescPresentInd,InvestigationCompleteIndicator,PhotosTakenIndicator,TimeNotified,TimeArrived,TimeRoadwayOpened,PropertyDamageIndicator,DiagramPresentIndicator,DirectionalAnalysis,FunctionClassCode,NationalHwySysCode,EnforcementsIndicator,KARSCityCode,SecondaryCollisionIndicator,MedianCrossoverIndicator,RT_UNIQUE,MapIt,TimeLastLeft,YR,KABCO,MFNY,WorkingRID,RT_CONFIDENCE,KTC_RT,KTC_MP,Motorcyclist,CommercialVehicle,YoungDriver,MatureDriver,pedestrian,Bicyclist,Distracted,agressive,Impaired,Unrestrained,Intersection,RoadwayDeparture,MedXover
72469789,980100,2.02E+11,20200130,1506,,215,CASSIDY,,BLVD,,,,,,Y,N,NULL,NULL,NULL,N,NULL,NULL,NULL,NULL,NULL,NULL,NULL,NULL,NULL,NULL,NULL,NULL,NULL,0,0,2,2,N,Y,NULL,NULL,98,9801,NULL,,Y,37.50431,37,30.259,NULL,-82.53702,82,32.221,NULL,N,NULL,NULL,NULL,NULL,NULL,NULL,NULL,NULL,2,97,1,6,1,5,3,2,1,3,N,NULL,Y,N,1507,1518,1518,N,NULL,90,,,N,,N,N,,NULL,NULL,2020,O,7.24698E+11,098-CS-1191  -000,MEDIUM,098-CS-1191  -000,0.267,0,0,0,0,0,0,1,0,0,0,0,0,0
72465049,980100,2.02E+11,20200117,1211,,,CASSIDY,,BLVD,,,,,,Y,N,NULL,NULL,NULL,N,NULL,NULL,NULL,NULL,NULL,NULL,0.22,NULL,NULL,NULL,NULL,,NULL,0,0,2,2,N,N,15,NULL,98,9801,NULL,,Y,37.50422,37,30.253,NULL,-82.53551,82,32.13,NULL,N,NULL,NULL,NULL,NULL,NULL,NULL,NULL,NULL,8,97,1,6,1,1,2,2,1,3,N,NULL,Y,N,1211,1227,1227,N,NULL,90,,,N,,N,N,,NULL,NULL,2020,O,7.2465E+11,098-CS-1191  -000,LOW,098-CS-1191  -000,0.22,0,0,1,0,0,0,1,0,0,0,0,0,0
72514715,KSP0900,20-565704,20200625,1042,,,CLEVINGER,,BR,,,0,098 CR-1497,CR1497,N,N,NULL,NULL,NULL,N,NULL,NULL,NULL,NULL,NULL,NULL,0.361,NULL,NULL,NULL,NULL,,NULL,0,0,2,2,N,N,35,NULL,98,9801,4,NE,N,37.54142,37,32.485,NULL,-82.52493,82,31.496,NULL,N,NULL,NULL,NULL,NULL,NULL,NULL,NULL,NULL,3,3,2,6,1,1,2,2,7,3,N,NULL,Y,N,1042,1105,1145,N,NULL,52,,,N,,N,N,098-CR-1497-0,NULL,NULL,2020,O,7.25147E+11,098-CR-1497  -000,HIGH,098-CR-1497  -000,0.361,0,0,1,0,0,0,0,0,0,0,0,1,0
72513227,KSP0900,20-21431,20200606,1500,,,US460,,,US0460,US0460,0,098 US-460,US0460,N,N,NULL,NULL,NULL,N,NULL,NULL,NULL,NULL,NULL,NULL,4.961,NULL,NULL,NULL,NULL,,NULL,0,0,2,2,Y,N,55,NULL,98,9801,NULL,,Y,37.41154,37,24.693,NULL,-82.44977,82,26.986,NULL,N,NULL,NULL,NULL,NULL,NULL,NULL,NULL,NULL,5,3,2,6,1,1,2,2,7,3,N,NULL,Y,Y,1500,1500,,N,NULL,49,,1,N,,N,N,098-US-0460-0,NULL,NULL,2020,O,7.25132E+11,098-US-0460  -000,HIGH,098-US-0460  -000,4.961,1,0,0,0,0,0,1,1,0,0,0,0,0
72461804,KSP0900,19-46736,20191128,1506,,,US460,,,US0460,US0460,0,098 US-460,US0460,N,N,NULL,NULL,NULL,N,NULL,NULL,NULL,NULL,NULL,NULL,13.015,NULL,NULL,NULL,NULL,,NULL,1,0,1,1,N,N,55,NULL,98,9802,NULL,,Y,37.33634,37,20.181,NULL,-82.39251,82,23.551,NULL,N,NULL,NULL,NULL,NULL,NULL,NULL,NULL,NULL,9,3,2,6,1,1,2,2,7,3,N,NULL,Y,N,1506,0,0,N,NULL,70,,1,N,,N,N,098-US-0460-0,NULL,NULL,2019,B,7.24618E+11,098-US-0460  -000,HIGH,098-US-0460  -000,13.015,0,0,0,0,0,0,0,0,0,0,0,1,0
72478788,980100,2.02E+11,20200221,653,,,WILLOW,,ST,,,,,,Y,N,NULL,NULL,NULL,N,NULL,NULL,NULL,NULL,NULL,NULL,0.023,NULL,NULL,NULL,NULL,,NULL,0,0,2,2,Y,N,15,NULL,98,9801,NULL,,Y,37.48086,37,28.851,NULL,-82.52189,82,31.313,NULL,N,NULL,NULL,NULL,NULL,NULL,NULL,NULL,NULL,1,97,1,6,3,1,2,9,8,3,N,NULL,Y,N,653,654,654,N,NULL,90,,,N,,N,N,,NULL,NULL,2020,NULL,7.24788E+11,098-CS-1161  -000,MEDIUM,098-CS-1161  -000,0.023,0,0,0,0,0,0,1,0,0,0,0,0,0
72474799,980000,20-01-004,20200124,1430,,,US460,,,US0460,US0460,0,098 US-460,US0460,N,N,NULL,NULL,NULL,N,NULL,NULL,NULL,NULL,NULL,NULL,3.977,NULL,NULL,NULL,NULL,,NULL,0,0,2,2,N,N,55,NULL,98,9824,3,E,N,37.41971,37,25.182,NULL,-82.46262,82,27.757,NULL,N,NULL,NULL,NULL,NULL,NULL,NULL,NULL,NULL,5,3,2,3,1,5,6,2,1,3,N,NULL,Y,Y,1520,1520,1558,N,NULL,49,,1,N,,N,N,098-US-0460-0,NULL,NULL,2020,O,7.24748E+11,098-US-0460  -000,HIGH,098-US-0460  -000,3.977,0,0,1,0,0,0,0,1,0,0,0,0,0
72471509,KSP0900,2020-4220,20200202,22,,,KY194,,,KY0194,KY0194,0,098 KY-194,KY0194,N,N,NULL,NULL,NULL,N,NULL,NULL,NULL,NULL,NULL,NULL,50.824,NULL,NULL,NULL,NULL,,NULL,0,0,1,1,Y,N,55,NULL,98,9811,NULL,,Y,37.46349,37,27.809,NULL,-82.12956,82,7.774,NULL,N,NULL,NULL,NULL,NULL,NULL,NULL,NULL,NULL,9,3,2,1,1,5,2,7,6,3,N,NULL,N,N,2102,20,20,N,NULL,70,8,0,N,,N,N,098-KY-0194-0,NULL,NULL,2020,O,7.24715E+11,098-KY-0194  -000,HIGH,098-KY-0194  -000,50.824,0,0,0,0,0,0,0,0,0,0,0,1,0
72519967,980100,2.02E+11,20200707,1504,,254,CASSIDY,,BLVD,,,0,098 CS-1191,CS1191,Y,N,NULL,NULL,NULL,N,NULL,NULL,NULL,NULL,NULL,NULL,0.044,NULL,NULL,NULL,NULL,,NULL,0,0,2,2,N,N,NULL,NULL,98,9801,NULL,,Y,37.50369,37,30.222,NULL,-82.53288,82,31.972,NULL,N,NULL,NULL,NULL,NULL,NULL,NULL,NULL,NULL,2,97,1,6,1,1,2,2,1,3,N,NULL,Y,N,1504,1511,1511,N,NULL,90,,,N,,N,N,098-CS-1191-0,NULL,NULL,2020,O,7.252E+11,098-CS-1191  -000,HIGH,098-CS-1191  -000,0.044,0,0,0,0,0,0,1,0,0,0,0,0,0
72466643,980100,2.02E+12,20200121,1608,,,HAMBLEY BOULEVARD,,,,,,,,N,N,NULL,NULL,NULL,N,NULL,NULL,NULL,NULL,NULL,NULL,NULL,NULL,NULL,NULL,NULL,NULL,NULL,4,0,2,2,N,N,45,NULL,98,9801,NULL,,Y,37.47948,37,28.769,NULL,-82.54266,82,32.559,NULL,N,NULL,NULL,NULL,NULL,NULL,NULL,NULL,NULL,1,3,4,6,1,1,3,2,1,3,Y,NULL,Y,Y,1609,1633,1647,N,NULL,55,,,N,,N,N,,NULL,NULL,2020,A,7.24666E+11,098-KY-1384  -000,MEDIUM,098-KY-1384  -000,6.822,0,0,0,1,0,0,1,1,0,0,0,1,0
72496465,KSP0900,20-14284,20200417,2136,,,DORTON-JENKINS,,HWY,KY0805,KY0805,0,098 KY-805,KY0805,N,N,NULL,NULL,NULL,N,NULL,NULL,NULL,NULL,NULL,NULL,3.098,NULL,NULL,NULL,NULL,,NULL,1,0,1,1,N,N,55,NULL,98,9809,NULL,,Y,37.23349,37,14.009,NULL,-82.56599,82,33.96,NULL,N,NULL,NULL,NULL,NULL,NULL,NULL,NULL,NULL,9,3,2,3,1,1,2,6,7,3,N,NULL,Y,N,2137,2205,,N,NULL,44,7,0,N,,N,N,098-KY-0805-0,NULL,NULL,2020,C,7.24965E+11,098-KY-0805  -000,HIGH,098-KY-0805  -000,3.098,0,0,0,0,0,0,0,0,0,1,0,1,0
72543771,980100,2.02E+11,20200917,944,,,US119,N,,,,,,,N,N,NULL,NULL,NULL,N,NULL,NULL,NULL,NULL,NULL,NULL,NULL,NULL,NULL,NULL,NULL,NULL,NULL,0,0,2,2,N,N,55,NULL,98,9801,NULL,,Y,37.50378,37,30.227,NULL,-82.53212,82,31.927,NULL,N,NULL,NULL,NULL,NULL,NULL,NULL,NULL,NULL,8,3,2,3,1,5,3,2,1,3,N,NULL,Y,N,944,958,1001,N,NULL,53,,,N,,N,N,,NULL,NULL,2020,O,7.25438E+11,098-US-0119  -010,MEDIUM,098-US-0119  -000,0.002,0,1,0,0,0,0,0,0,0,0,0,1,0
72542761,980100,2.02E+11,20200915,1329,,911,BYPASS,S,RD,KY1426,KY1426,,,,Y,N,NULL,NULL,NULL,N,NULL,NULL,NULL,NULL,NULL,NULL,5.694,NULL,NULL,NULL,NULL,,NULL,0,0,2,2,N,N,15,NULL,98,9801,NULL,,Y,37.47279,37,28.368,NULL,-82.52278,82,31.367,NULL,N,NULL,NULL,NULL,NULL,NULL,NULL,NULL,NULL,5,97,2,4,2,1,2,2,5,3,N,NULL,N,N,1329,1337,1337,N,NULL,90,,0,Y,,N,N,,NULL,NULL,2020,O,7.25428E+11,098-KY-1426  -000,HIGH,098-KY-1426  -000,5.694,0,0,0,0,0,0,0,0,0,0,0,0,0
72481366,KSP0900,20-7617,20200227,812,,,KY122,,,KY0122,KY0122,0,098 KY-122,KY0122,N,N,NULL,NULL,NULL,N,NULL,NULL,NULL,NULL,NULL,NULL,3.804,NULL,NULL,NULL,NULL,,NULL,0,0,2,2,N,N,55,NULL,98,9827,NULL,,Y,37.33904,37,20.342,NULL,-82.60992,82,36.595,NULL,N,NULL,NULL,NULL,NULL,NULL,NULL,NULL,NULL,7,3,2,6,1,2,3,2,7,3,N,NULL,Y,N,812,843,915,N,NULL,54,,0,N,,N,N,098-KY-0122-0,NULL,NULL,2020,O,7.24814E+11,098-KY-0122  -000,HIGH,098-KY-0122  -000,3.804,0,0,0,0,0,0,0,1,0,0,0,1,0
72492878,KSP0900,20-11902,20200401,633,,,US460,,,US0460,US0460,0,098 US-460,US0460,N,N,NULL,NULL,NULL,N,NULL,NULL,NULL,NULL,NULL,NULL,1.381,NULL,NULL,NULL,NULL,,NULL,0,0,2,2,N,N,35,NULL,98,9824,NULL,,Y,37.42677,37,25.606,NULL,-82.50012,82,30.007,NULL,N,NULL,NULL,NULL,NULL,NULL,NULL,NULL,NULL,1,3,2,1,1,5,6,6,7,3,N,NULL,Y,N,630,710,,N,NULL,55,,1,N,,N,N,098-US-0460-0,NULL,NULL,2020,O,7.24929E+11,098-US-0460  -000,HIGH,098-US-0460  -000,1.381,0,0,0,0,0,0,1,0,0,0,0,0,0
72492418,980000,2004002,20200403,1210,,,US119,,,US0119,US0119,0,098 US-119,US0119,N,N,NULL,NULL,NULL,N,NULL,NULL,NULL,NULL,NULL,NULL,6.504,NULL,NULL,NULL,NULL,,NULL,0,0,1,1,N,N,55,NULL,98,9801,15,S,N,37.54511,37,32.706,NULL,-82.44411,82,26.647,NULL,N,NULL,NULL,NULL,NULL,NULL,NULL,NULL,NULL,9,3,2,2,1,1,2,2,1,3,N,NULL,Y,Y,1350,1350,1441,N,NULL,41,2,1,N,,N,N,098-US-0119-0,NULL,NULL,2020,O,7.24924E+11,098-US-0119  -000,HIGH,098-US-0119  -000,6.504,0,0,0,0,0,0,0,0,0,0,0,1,0
72478867,980100,2.02E+11,20200221,949,,276,CASSIDY BLVD,,,,,,,,Y,N,NULL,NULL,NULL,N,NULL,NULL,NULL,NULL,NULL,NULL,NULL,NULL,NULL,NULL,NULL,NULL,NULL,0,0,1,1,N,N,15,NULL,98,9801,NULL,,Y,37.50536,37,30.321,NULL,-82.54035,82,32.421,NULL,N,NULL,NULL,NULL,NULL,NULL,NULL,NULL,NULL,9,97,2,6,1,1,2,2,1,3,N,NULL,Y,N,949,954,954,Y,NULL,90,,,N,,N,N,,NULL,NULL,2020,O,7.24789E+11,098-CS-1215  -000,MEDIUM,098-CS-1215  -000,0.692,0,0,0,1,0,0,1,0,0,0,0,1,0
72507883,KSP0900,20-18879,20200520,1403,,,KY632,,,KY0632,KY0632,0,098 KY-632,KY0632,N,N,NULL,NULL,NULL,N,NULL,NULL,NULL,NULL,NULL,NULL,2.936,NULL,NULL,NULL,NULL,,NULL,1,0,1,1,N,N,55,NULL,98,9817,NULL,,Y,37.485,37,29.1,NULL,-82.30855,82,18.513,NULL,N,NULL,NULL,NULL,NULL,NULL,NULL,NULL,NULL,9,3,2,3,1,5,6,2,7,3,Y,NULL,Y,Y,1403,1406,1430,N,NULL,44,6,0,N,,N,N,098-KY-0632-0,NULL,NULL,2020,B,7.25079E+11,098-KY-0632  -000,HIGH,098-KY-0632  -000,2.936,0,0,0,1,0,0,1,0,0,0,0,1,0
72479767,980100,2.02E+11,20200218,1856,,,MAYO,N,TRL,US0023,US0023,0,098 US-23-10,US0023,N,N,NULL,NULL,NULL,N,NULL,NULL,NULL,NULL,NULL,NULL,26.251,NULL,NULL,NULL,NULL,,NULL,0,0,2,2,N,N,55,NULL,98,9801,NULL,,Y,37.50321,37,30.193,NULL,-82.5323,82,31.938,NULL,N,NULL,NULL,NULL,NULL,NULL,NULL,NULL,NULL,5,3,4,6,1,5,6,5,1,3,N,NULL,Y,N,1857,1905,1905,N,NULL,49,,1,N,,N,N,098-US-0023-10,NULL,NULL,2020,O,7.24798E+11,098-US-0023  -010,HIGH,098-US-0023  -000,26.251,0,0,0,1,0,0,1,0,0,0,0,0,0
72518635,980000,20-06-007,20200628,1800,,,FISHTRAP LAKE,,RD,,,0,098 CR-1137,CR1137,N,N,NULL,NULL,NULL,N,NULL,NULL,NULL,NULL,NULL,NULL,0.491,NULL,NULL,NULL,NULL,,NULL,1,0,1,1,N,N,35,NULL,98,9849,NULL,,Y,37.43492,37,26.095,NULL,-82.34978,82,20.987,NULL,N,NULL,NULL,NULL,NULL,NULL,NULL,NULL,NULL,9,4,1,6,1,1,3,2,4,3,N,NULL,N,Y,1800,1835,1835,N,NULL,40,,,N,,N,N,098-CR-1137-0,NULL,NULL,2020,B,7.25186E+11,098-CR-1137  -000,HIGH,098-CR-1137  -000,0.491,0,0,0,0,0,0,0,0,0,0,0,1,0
72517625,980100,2.02E+11,20200703,1338,,,THOMPSON,,RD,,,,,,Y,N,NULL,NULL,NULL,N,NULL,NULL,NULL,NULL,NULL,NULL,0.594,NULL,NULL,NULL,NULL,,NULL,0,0,2,2,N,N,15,NULL,98,9801,NULL,,Y,37.50576,37,30.345,NULL,-82.5421,82,32.526,NULL,N,NULL,NULL,NULL,NULL,NULL,NULL,NULL,NULL,2,97,1,6,1,1,2,2,1,3,N,NULL,Y,N,1338,1347,1347,N,NULL,90,,,N,,N,N,,NULL,NULL,2020,O,7.25176E+11,098-CS-1215  -000,MEDIUM,098-CS-1215  -000,0.594,0,0,0,1,0,0,1,0,0,0,0,0,0
72491896,KSP0900,20-11907,20200401,800,,,TOLER,,RD,KY0319,KY0319,0,098 KY-319,KY0319,N,N,NULL,NULL,NULL,N,NULL,NULL,NULL,NULL,NULL,NULL,5.091,NULL,NULL,NULL,NULL,,NULL,0,0,1,1,N,N,45,NULL,98,9842,NULL,,Y,37.6212,37,37.272,NULL,-82.24402,82,14.641,NULL,N,NULL,NULL,NULL,NULL,NULL,NULL,NULL,NULL,9,3,2,6,1,5,3,2,7,3,N,NULL,Y,N,801,846,846,N,NULL,38,7,0,N,,N,N,098-KY-0319-0,NULL,NULL,2020,O,7.24919E+11,098-KY-0319  -000,HIGH,098-KY-0319  -000,5.091,0,0,0,0,0,0,0,0,0,0,0,0,0
72502468,KSP0900,20-18039,20200514,1610,,,US460,,,US0460,US0460,0,098 US-460,US0460,N,N,NULL,NULL,NULL,N,NULL,NULL,NULL,NULL,NULL,NULL,2.822,NULL,NULL,NULL,NULL,,NULL,2,0,2,2,N,N,55,NULL,98,9824,NULL,,Y,37.43011,37,25.807,NULL,-82.47855,82,28.713,NULL,N,NULL,NULL,NULL,NULL,NULL,NULL,NULL,NULL,5,3,2,6,1,1,2,2,7,3,Y,NULL,N,Y,1610,1620,1640,N,NULL,49,,1,N,,N,N,098-US-0460-0,NULL,NULL,2020,C,7.25025E+11,098-US-0460  -000,HIGH,098-US-0460  -000,2.822,0,0,1,0,0,0,1,0,0,0,0,0,0
72507536,980100,2.02E+11,20200604,1443,,,KY3496,,,KY3496,KY3496,,,,N,N,NULL,NULL,NULL,N,NULL,NULL,NULL,NULL,NULL,NULL,0.605,NULL,NULL,NULL,NULL,,NULL,0,0,2,2,N,N,35,NULL,98,9801,NULL,,Y,37.47143,37,28.286,NULL,-82.53298,82,31.979,NULL,N,NULL,NULL,NULL,NULL,NULL,NULL,NULL,NULL,5,3,2,6,1,1,2,2,1,3,N,NULL,Y,N,1443,1444,,N,NULL,49,16,0,N,,N,N,,NULL,NULL,2020,O,7.25075E+11,098-KY-3496  -000,HIGH,098-KY-3496  -000,0.605,0,0,1,0,0,0,0,1,0,0,0,0,0
72489608,KSP0900,20-10498,20200320,1437,,,CHLOE,,RD,KY1460,KY1460,0,098 KY-1460,KY1460,N,N,NULL,NULL,NULL,N,NULL,NULL,NULL,NULL,NULL,NULL,0.976,NULL,NULL,NULL,NULL,,NULL,0,0,2,2,N,N,45,NULL,98,9801,3,S,N,37.44479,37,26.687,NULL,-82.47917,82,28.75,NULL,N,NULL,NULL,NULL,NULL,NULL,NULL,NULL,NULL,5,3,2,6,1,5,3,2,7,3,N,NULL,Y,N,1437,1504,1515,N,NULL,49,,0,N,,N,N,098-KY-1460-0,NULL,NULL,2020,O,7.24896E+11,098-KY-1460  -000,HIGH,098-KY-1460  -000,0.976,0,0,1,1,0,0,1,0,0,0,0,0,0
72488453,980100,2.02E+11,20200316,1651,,,THOMPSON,,RD,,,,,,Y,N,NULL,NULL,NULL,N,NULL,NULL,NULL,NULL,NULL,NULL,0.575,NULL,NULL,NULL,NULL,,NULL,0,0,2,2,N,N,15,NULL,98,9801,NULL,,Y,37.50574,37,30.344,NULL,-82.54254,82,32.552,NULL,N,NULL,NULL,NULL,NULL,NULL,NULL,NULL,NULL,2,97,NULL,6,1,1,2,2,1,3,N,NULL,Y,N,1651,1657,1657,N,NULL,90,,,N,,N,N,,NULL,NULL,2020,O,7.24885E+11,098-CS-1215  -000,MEDIUM,098-CS-1215  -000,0.575,0,0,0,0,0,0,1,0,0,0,0,0,0
72533193,980100,2.02E+11,20200815,100,,,KY3496,,,KY3496,KY3496,0,098 KY-3496,KY3496,Y,N,NULL,NULL,NULL,N,NULL,NULL,NULL,NULL,NULL,NULL,0.861,NULL,NULL,NULL,NULL,,NULL,0,0,2,2,Y,N,NULL,NULL,98,9801,NULL,,Y,37.47247,37,28.348,NULL,-82.52847,82,31.709,NULL,N,NULL,NULL,NULL,NULL,NULL,NULL,NULL,NULL,1,97,1,6,1,1,2,2,1,3,N,NULL,Y,N,1600,1610,1610,N,NULL,90,16,0,N,,N,N,098-KY-3496-0,NULL,NULL,2020,NULL,7.25332E+11,098-KY-3496  -000,HIGH,098-KY-3496  -000,0.861,0,0,0,0,0,0,0,0,0,0,0,0,0
72502676,980100,2.02E+11,20200519,756,,,KY1426,,,KY1426,KY1426,0,098 KY-1426,KY1426,N,N,NULL,NULL,NULL,N,NULL,NULL,NULL,NULL,NULL,NULL,7.529,NULL,NULL,NULL,NULL,,NULL,0,0,1,1,N,N,45,NULL,98,9801,NULL,,Y,37.49048,37,29.429,NULL,-82.49986,82,29.991,NULL,N,NULL,NULL,NULL,NULL,NULL,NULL,NULL,NULL,9,4,2,4,1,5,6,2,7,3,N,NULL,N,N,756,800,841,Y,NULL,40,,0,N,,N,N,098-KY-1426-0,NULL,NULL,2020,O,7.25027E+11,098-KY-1426  -000,HIGH,098-KY-1426  -000,7.529,0,0,0,0,0,0,0,0,0,0,0,1,0
72508577,KSP0900,2020-21161,20200604,1547,,,US119,,,US0119,US0119,0,098 US-119,US0119,N,N,NULL,NULL,NULL,N,NULL,NULL,NULL,NULL,NULL,NULL,24.381,NULL,NULL,NULL,NULL,,NULL,0,0,2,2,N,N,55,NULL,98,9834,NULL,,Y,37.66035,37,39.621,NULL,-82.27354,82,16.413,NULL,N,NULL,NULL,NULL,NULL,NULL,NULL,NULL,NULL,8,3,4,6,1,1,2,2,7,3,N,NULL,N,N,1545,1545,1545,N,NULL,53,2,1,N,,N,N,098-US-0119-0,NULL,NULL,2020,O,7.25086E+11,098-US-0119  -000,HIGH,098-US-0119  -000,24.381,0,0,0,1,0,0,1,0,0,0,0,1,0
72511749,980100,2.02E+11,20200614,1821,,,THOMPSON,,RD,,,,,,N,N,NULL,NULL,NULL,N,NULL,NULL,NULL,NULL,NULL,NULL,0.424,NULL,NULL,NULL,NULL,,NULL,0,0,2,2,N,N,45,NULL,98,9801,NULL,,Y,37.50639,37,30.383,NULL,-82.54498,82,32.699,NULL,N,NULL,NULL,NULL,NULL,NULL,NULL,NULL,NULL,1,3,2,3,1,5,3,2,7,3,N,NULL,Y,N,1821,1829,1829,N,NULL,55,,,N,,N,N,,NULL,NULL,2020,O,7.25117E+11,098-CS-1215  -000,MEDIUM,098-CS-1215  -000,0.424,0,0,0,0,0,0,1,0,0,0,0,0,0
72462876,980500,2020AR004,20200107,1440,,,MAYO,N,TRL,US0023,US0023,0,098 US-23-10,US0023,N,N,NULL,NULL,NULL,N,NULL,NULL,NULL,NULL,NULL,NULL,28.066,NULL,NULL,NULL,NULL,,NULL,0,0,2,2,N,N,45,NULL,98,9807,NULL,,Y,37.51526,37,30.915,NULL,-82.55949,82,33.57,NULL,N,NULL,NULL,NULL,NULL,NULL,NULL,NULL,NULL,5,3,6,6,1,1,2,2,1,3,N,NULL,Y,N,1440,1442,1520,N,NULL,49,,1,N,,N,N,098-US-0023-10,NULL,NULL,2020,O,7.24629E+11,098-US-0023  -010,HIGH,098-US-0023  -000,28.066,0,0,0,0,0,0,1,0,0,0,0,0,0
72498362,KSP0900,20-16219,20200501,1524,,,KY194,,,KY0194,KY0194,0,098 KY-194,KY0194,Y,N,NULL,NULL,NULL,N,NULL,NULL,NULL,NULL,NULL,NULL,55.574,NULL,NULL,NULL,NULL,,NULL,0,0,2,2,N,N,15,NULL,98,9804,NULL,,Y,37.51915,37,31.149,NULL,-82.15401,82,9.241,NULL,N,NULL,NULL,NULL,NULL,NULL,NULL,NULL,NULL,2,97,2,6,1,1,2,2,1,3,N,NULL,Y,Y,1607,1659,1659,N,NULL,90,7,0,N,,N,N,098-KY-0194-0,NULL,NULL,2020,O,7.24984E+11,098-KY-0194  -000,HIGH,098-KY-0194  -000,55.574,0,0,0,0,0,0,0,0,0,0,0,0,0
72486026,980100,2.02E+11,20200303,1054,,,US23,,,US0023,US0023,0,098 US-23,US0023,N,N,NULL,NULL,NULL,N,NULL,NULL,NULL,NULL,NULL,NULL,26.195,NULL,NULL,NULL,NULL,,NULL,2,0,2,2,N,N,55,NULL,98,9801,NULL,,Y,37.50243,37,30.146,NULL,-82.53185,82,31.91,NULL,N,NULL,NULL,NULL,NULL,NULL,NULL,NULL,NULL,5,3,4,6,1,1,2,2,1,3,Y,NULL,Y,Y,1054,1101,1126,N,NULL,49,,1,N,,N,N,098-US-0023-0,NULL,NULL,2020,C,7.2486E+11,098-US-0023  -000,HIGH,098-US-0023  -000,26.195,0,0,0,0,0,0,1,0,0,0,0,0,0
72517466,KSP0900,20-580230,20200703,1240,,,KY195,,,KY0195,KY0195,0,098 KY-195,KY0195,Y,N,NULL,NULL,NULL,N,NULL,NULL,NULL,NULL,NULL,NULL,7.034,NULL,NULL,NULL,NULL,,NULL,0,0,2,2,Y,N,35,NULL,98,9802,5,W,N,37.32842,37,19.705,NULL,-82.45074,82,27.045,NULL,N,NULL,NULL,NULL,NULL,NULL,NULL,NULL,NULL,2,97,2,6,1,1,2,2,7,3,N,NULL,Y,N,1240,1249,1249,N,NULL,90,7,0,N,,N,N,098-KY-0195-0,NULL,NULL,2020,O,7.25175E+11,098-KY-0195  -000,HIGH,098-KY-0195  -000,7.034,0,0,0,0,0,0,0,0,0,0,0,0,0
72474511,980000,20-02-001,20200203,1800,,,ABNER FORK,,RD,,,0,098 CR-1648,CR1648,Y,N,NULL,NULL,NULL,N,NULL,NULL,NULL,NULL,NULL,NULL,0.415,NULL,NULL,NULL,NULL,,NULL,0,0,2,2,N,N,NULL,NULL,98,9874,NULL,,Y,37.36032,37,21.619,NULL,-82.33862,82,20.318,NULL,N,NULL,NULL,NULL,NULL,NULL,NULL,NULL,NULL,8,97,NULL,6,1,5,6,7,6,3,N,NULL,Y,Y,1800,1820,1930,N,NULL,90,,,N,,N,N,098-CR-1648-0,NULL,NULL,2020,O,7.24745E+11,098-CR-1648  -000,HIGH,098-CR-1648  -000,0.415,0,0,0,0,0,0,1,0,0,0,0,0,0
72479531,980100,2.02E+11,20200218,1348,,911,BYPASS RD,,RD,,,0,098 CS-1223,CS1223,Y,N,NULL,NULL,NULL,N,NULL,NULL,NULL,NULL,NULL,NULL,NULL,NULL,NULL,NULL,NULL,NULL,NULL,0,0,2,2,Y,N,NULL,NULL,98,9801,NULL,,Y,37.47128,37,28.277,NULL,-82.52117,82,31.27,NULL,N,NULL,NULL,NULL,NULL,NULL,NULL,NULL,NULL,1,97,1,6,2,1,2,2,1,3,N,NULL,Y,N,1348,1354,1354,N,NULL,90,,,N,,N,N,098-CS-1223-0,NULL,NULL,2020,O,7.24795E+11,098-CS-1223  -000,HIGH,098-CS-1223  -000,0.135,0,0,0,1,0,0,0,0,0,0,0,0,0