MasterFile,AgencyORINumber,LocalCode,CollisionDate,CollisionTime,CollisionDayWeekCode,RoadwayName_HouseBusinessNumber_,RoadwayName_RoadwayName_,RoadwayName_Direction_,RoadwayName_RoadwaySuffix_,RoadwayfromReport,CurrentRoadwayNumber,RoadwayNumberCoupletID,RSEUniqueGIS,RoadwayIdentifier,ParkingLotIndicator,IntersectionWith_Indicator_,IntersectionWith_NameRoadway_,IntersectionWith_Direction_,IntersectionWith_RoadwaySuffix_,BetweenStreets_Indicator_,BetweenStreets1_NameRoadway_,BetweenStreet1_Direction_,BetweenStreets1_RoadwaySuffix_,BetweenStreets2_NameRoadway_,BetweenStreets2_Direction_,BetweenStreets2_RoadwaySuffix_,Milepoint,ReportMilepointDeriveNumber,CurrentDerivedMiepointNumber,MilestoMilepoint,FeettoMilepoint,DirectionfromMilepoint_NSEW_,ValidMilepointIndicator,NumberInjured,NumberKilled,ofUnits,ofMotorVehicleUnits,Hit&RunIndicator,OneWayIndicator,SpeedLimitNumber,KilometersIndicator,CountyCode,CityCountyCode,MilesFromCity,DirectionFromCity_NSEW_,InCityLimitsIndicator,Latitude,LatitudeDegrees,LatitudeMinutes,LatitudeSeconds,Longitude,LongitudeDegrees,LongitudeMinutes,LongitudeSeconds,RampIndicator,RampFromIdentifier,RampFromDirCode,RampFromCoupletID,RSEUniqueGISRampFrom,RampToidentifier,RampToDirCode,RampToCoupletID,RSEUniqueGisRampTo,MannerofCollisionCode,LocationFirstEventCode,TotalLanes,RoadwayCharacterCode,RoadwaySurfaceCode,RoadwayConditionCode,WeatherCode,LightConditionCode,LandUseCode,SchoolBusRelatedCode,FirstAidSceneIndicator,CollDescPresentInd,InvestigationCompleteIndicator,PhotosTakenIndicator,TimeNotified,TimeArrived,TimeRoadwayOpened,PropertyDamageIndicator,DiagramPresentIndicator,DirectionalAnalysis,FunctionClassCode,NationalHwySysCode,EnforcementsIndicator,KARSCityCode,SecondaryCollisionIndicator,MedianCrossoverIndicator,RT_UNIQUE,MapIt,TimeLastLeft,YR,KABCO,MFNY,WorkingRID,RT_CONFIDENCE,KTC_RT,KTC_MP,Motorcyclist,CommercialVehicle,YoungDriver,MatureDriver,pedestrian,Bicyclist,Distracted,agressive,Impaired,Unrestrained,Intersection,RoadwayDeparture,MedXover
72483555,KSP0900,20-7894,20200229,1600,,,US460,,,US0460,US0460,0,098 US-460,US0460,N,N,NULL,NULL,NULL,N,NULL,NULL,NULL,NULL,NULL,NULL,10.036,NULL,NULL,NULL,NULL,,NULL,0,0,2,2,N,N,55,NULL,98,9830,NULL,,Y,37.36151,37,21.69,NULL,-82.40719,82,24.431,NULL,N,NULL,NULL,NULL,NULL,NULL,NULL,NULL,NULL,5,3,2,6,1,1,2,2,7,3,N,NULL,N,N,1558,1628,1628,N,NULL,49,,1,N,,N,N,098-US-0460-0,NULL,NULL,2020,O,7.24836E+11,098-US-0460  -000,HIGH,098-US-0460  -000,10.036,0,0,1,0,0,0,1,0,0,0,0,0,0
72515714,KSP0900,20-571291,20200628,944,,,US23,,,US0023,US0023,0,098 US-23,US0023,N,N,NULL,NULL,NULL,N,NULL,NULL,NULL,NULL,NULL,NULL,12.731,NULL,NULL,NULL,NULL,,NULL,1,0,1,1,N,N,55,NULL,98,9827,NULL,,Y,37.37118,37,22.271,NULL,-82.54613,82,32.767,NULL,N,NULL,NULL,NULL,NULL,NULL,NULL,NULL,NULL,9,3,4,1,1,5,6,2,3,3,Y,NULL,Y,Y,946,1018,,N,NULL,70,,1,N,,N,N,098-US-0023-0,NULL,NULL,2020,C,7.25157E+11,098-US-0023  -000,HIGH,098-US-0023  -000,12.731,0,0,0,0,0,0,0,0,0,0,0,1,0
72530957,980100,2.02E+11,20200811,1436,,,US23,,,US0023,US0023,,,,N,N,NULL,NULL,NULL,N,NULL,NULL,NULL,NULL,NULL,NULL,26.301,NULL,NULL,NULL,NULL,,NULL,2,0,3,3,N,N,55,NULL,98,9801,NULL,,Y,37.50391,37,30.234,NULL,-82.53238,82,31.943,NULL,N,NULL,NULL,NULL,NULL,NULL,NULL,NULL,NULL,5,3,4,6,1,1,2,2,7,3,Y,NULL,N,Y,1437,1440,1514,N,NULL,70,,1,N,,N,N,,NULL,NULL,2020,B,7.2531E+11,098-US-0023  -010,MEDIUM,098-US-0023  -000,26.301,1,0,0,0,0,0,1,0,0,0,0,0,0
72506970,KSP0900,20-17237,20200508,1102,,,BARRENSHEE,,CRK,,,0,098 CR-1847,CR1847,N,N,NULL,NULL,NULL,N,NULL,NULL,NULL,NULL,NULL,NULL,0.683,NULL,NULL,NULL,NULL,,NULL,1,0,2,2,N,N,35,NULL,98,9811,NULL,,Y,37.54501,37,32.7,NULL,-82.13612,82,8.167,NULL,N,NULL,NULL,NULL,NULL,NULL,NULL,NULL,NULL,2,3,2,6,1,1,3,2,7,3,Y,NULL,Y,N,1102,1124,1102,N,NULL,56,,,N,,N,N,098-CR-1847-0,NULL,NULL,2020,C,7.2507E+11,098-CR-1847  -000,HIGH,098-CR-1847  -000,0.683,0,0,0,0,0,0,1,0,0,1,0,0,0
72499172,KSP0900,20-16597,20200504,51,,,KY194,,,KY0194,KY0194,0,098 KY-194,KY0194,N,N,NULL,NULL,NULL,N,NULL,NULL,NULL,NULL,NULL,NULL,22.23,NULL,NULL,NULL,NULL,,NULL,0,0,2,2,N,N,55,NULL,98,9817,NULL,,Y,37.53582,37,32.149,NULL,-82.38166,82,22.9,NULL,N,NULL,NULL,NULL,NULL,NULL,NULL,NULL,NULL,7,3,2,3,1,5,6,6,7,3,N,NULL,Y,N,51,118,118,N,NULL,54,6,0,N,,N,N,098-KY-0194-0,NULL,NULL,2020,O,7.24992E+11,098-KY-0194  -000,HIGH,098-KY-0194  -000,22.23,0,0,0,0,0,0,0,1,0,0,0,1,0
72536672,980100,2.02E+11,20200825,1243,,911,BYPASS,,RD,,,0,098 CS-1223,CS1223,Y,N,NULL,NULL,NULL,N,NULL,NULL,NULL,NULL,NULL,NULL,NULL,NULL,NULL,NULL,NULL,NULL,NULL,0,0,2,2,N,N,NULL,NULL,98,9801,NULL,,Y,37.47128,37,28.277,NULL,-82.52117,82,31.27,NULL,N,NULL,NULL,NULL,NULL,NULL,NULL,NULL,NULL,2,97,1,6,2,1,2,2,1,3,N,NULL,Y,N,1243,1301,1301,N,NULL,90,,,N,,N,N,098-CS-1223-0,NULL,NULL,2020,O,7.25367E+11,098-CS-1223  -000,HIGH,098-CS-1223  -000,0.135,0,0,0,1,0,0,1,0,0,0,0,0,0
72454544,KSP0900,19-49619,20191220,2036,,,US23,,,US0023,US0023,0,098 US-23,US0023,N,N,NULL,NULL,NULL,N,NULL,NULL,NULL,NULL,NULL,NULL,28.846,NULL,NULL,NULL,NULL,,NULL,1,0,2,2,N,N,45,NULL,98,9807,NULL,,Y,37.52221,37,31.332,NULL,-82.5701,82,34.206,NULL,N,NULL,NULL,NULL,NULL,NULL,NULL,NULL,NULL,5,3,4,6,1,1,2,6,7,3,Y,NULL,Y,Y,2055,2055,2133,N,NULL,49,,1,N,,N,N,098-US-0023-0,NULL,NULL,2019,B,7.24545E+11,098-US-0023  -000,HIGH,098-US-0023  -000,28.846,0,0,1,1,0,0,1,0,0,0,0,0,0
72395160,KSP0900,19-30014,20190806,2340,,,OWSLEY,,RD,KY1384,KY1384,0,098 KY-1384,KY1384,N,N,NULL,NULL,NULL,N,NULL,NULL,NULL,NULL,NULL,NULL,2.462,NULL,NULL,NULL,NULL,,NULL,0,0,1,1,N,N,35,NULL,98,9801,NULL,,Y,37.51269,37,30.762,NULL,-82.59159,82,35.496,NULL,N,NULL,NULL,NULL,NULL,NULL,NULL,NULL,NULL,9,5,2,6,1,1,2,7,7,3,N,NULL,N,N,2341,2348,,N,NULL,40,,0,N,,N,N,098-KY-1384-0,NULL,NULL,2019,O,7.23952E+11,098-KY-1384  -000,HIGH,098-KY-1384  -000,2.462,0,0,0,0,0,0,1,0,0,0,0,1,0
72454645,980100,2.019E+11,20191221,1622,,,LANKS BRANCH,S,RD,,,0,098 CS-1017,CS1017,N,N,NULL,NULL,NULL,N,NULL,NULL,NULL,NULL,NULL,NULL,0.008,NULL,NULL,NULL,NULL,,NULL,0,0,2,2,Y,N,15,NULL,98,9801,NULL,,Y,37.46017,37,27.61,NULL,-82.51655,82,30.993,NULL,N,NULL,NULL,NULL,NULL,NULL,NULL,NULL,NULL,2,97,NULL,6,3,1,2,2,1,3,N,NULL,Y,Y,1630,1632,1632,Y,NULL,47,,,Y,,N,N,098-CS-1017-0,NULL,NULL,2019,O,7.24546E+11,098-CS-1017  -000,HIGH,098-CS-1017  -000,0.008,0,0,0,0,0,0,0,0,1,1,0,1,0
72471770,980500,2020AR013,20200204,1350,,,MAYO,N,TRL,US0023,US0023,0,098 US-23-10,US0023,N,N,NULL,NULL,NULL,N,NULL,NULL,NULL,NULL,NULL,NULL,29.603,NULL,NULL,NULL,NULL,,NULL,0,0,2,2,N,N,55,NULL,98,9801,NULL,,Y,37.5315,37,31.89,NULL,-82.57714,82,34.628,NULL,N,NULL,NULL,NULL,NULL,NULL,NULL,NULL,NULL,5,3,4,6,1,6,3,2,7,3,N,NULL,Y,N,1350,1353,,N,NULL,70,,1,N,,N,N,098-US-0023-10,NULL,NULL,2020,O,7.24718E+11,098-US-0023  -010,HIGH,098-US-0023  -000,29.603,0,0,0,0,0,0,1,0,0,0,0,0,0
72534255,KSP0900,20-661442,20200822,558,,,US119,,,US0119,US0119,0,098 US-119,US0119,N,N,NULL,NULL,NULL,N,NULL,NULL,NULL,NULL,NULL,NULL,25.254,NULL,NULL,NULL,NULL,,NULL,0,0,1,1,N,N,55,NULL,98,9834,NULL,,Y,37.67125,37,40.275,NULL,-82.27986,82,16.792,NULL,N,NULL,NULL,NULL,NULL,NULL,NULL,NULL,NULL,9,3,3,6,1,1,2,5,7,3,N,NULL,Y,N,558,650,650,N,NULL,40,2,1,N,,N,Y,098-US-0119-0,NULL,NULL,2020,O,7.25343E+11,098-US-0119  -000,HIGH,098-US-0119  -000,25.254,0,0,0,0,0,0,0,0,0,0,0,1,0
72484363,980100,2.02E+11,20200304,1637,,,HAMBLEY,,BLVD,,,,,,Y,N,NULL,NULL,NULL,N,NULL,NULL,NULL,NULL,NULL,NULL,0.494,NULL,NULL,NULL,NULL,,NULL,0,0,2,2,Y,N,5,NULL,98,9801,NULL,,Y,37.47826,37,28.695,NULL,-82.52021,82,31.213,NULL,N,NULL,NULL,NULL,NULL,NULL,NULL,NULL,NULL,1,97,1,4,2,1,2,2,1,3,N,NULL,Y,N,1637,1643,1643,N,NULL,90,,,N,,N,N,,NULL,NULL,2020,NULL,7.24844E+11,098-CS-1222  -000,MEDIUM,098-CS-1222  -000,0.494,0,0,0,0,0,0,0,0,0,0,0,0,0
72466338,KSP0900,20-2734,20200121,1615,,,MAYO,S,TRL,US0023,US0023,,,,N,Y,RAINBOW,,LN,N,NULL,NULL,NULL,NULL,NULL,NULL,20.758,NULL,NULL,NULL,NULL,,NULL,1,0,2,2,N,N,55,NULL,98,9801,NULL,,Y,37.44281,37,26.569,NULL,-82.52209,82,31.326,NULL,N,NULL,NULL,NULL,NULL,NULL,NULL,NULL,NULL,5,3,4,3,1,1,2,2,7,3,N,NULL,Y,Y,1617,1721,1730,N,NULL,14,,1,N,,N,N,,NULL,NULL,2020,C,7.24663E+11,098-US-0023  -010,MEDIUM,098-US-0023  -000,20.758,0,0,0,1,0,0,1,0,0,0,1,0,0
72523846,980100,2.02E+11,20200717,1410,,,US23,,,US0023,US0023,0,098 US-23-10,US0023,N,N,NULL,NULL,NULL,N,NULL,NULL,NULL,NULL,NULL,NULL,23.1,NULL,NULL,NULL,NULL,,NULL,0,0,2,2,N,N,55,NULL,98,9801,NULL,,Y,37.46597,37,27.958,NULL,-82.52871,82,31.723,NULL,N,NULL,NULL,NULL,NULL,NULL,NULL,NULL,NULL,5,3,4,6,1,5,3,2,1,3,N,NULL,Y,N,1410,1414,,N,NULL,49,,1,N,,N,N,098-US-0023-10,NULL,NULL,2020,O,7.25238E+11,098-US-0023  -010,HIGH,098-US-0023  -000,23.1,0,0,0,0,0,0,0,0,0,0,0,0,0
72417978,980100,2.019E+11,20191005,1156,,265,HAMBLEY,,BLVD,,,0,098 CS-1222,CS1222,Y,N,NULL,NULL,NULL,N,NULL,NULL,NULL,NULL,NULL,NULL,1.643,NULL,NULL,NULL,NULL,,NULL,0,0,2,2,N,N,NULL,NULL,98,9801,NULL,,Y,37.48215,37,28.929,NULL,-82.5324,82,31.944,NULL,N,NULL,NULL,NULL,NULL,NULL,NULL,NULL,NULL,2,97,1,6,1,1,2,2,1,3,N,NULL,Y,N,1156,1202,1202,N,NULL,90,,,Y,,N,N,098-CS-1222-0,NULL,NULL,2019,O,7.2418E+11,098-CS-1222  -000,HIGH,098-CS-1222  -000,1.643,0,0,0,0,0,0,1,0,0,0,0,0,0
72537665,980100,2.02E+11,20200831,1432,,,MAIN,,ST,,,0,098 CS-1112,CS1112,N,N,NULL,NULL,NULL,N,NULL,NULL,NULL,NULL,NULL,NULL,0.015,NULL,NULL,NULL,NULL,,NULL,0,0,2,2,N,N,15,NULL,98,9801,NULL,,Y,37.47791,37,28.674,NULL,-82.5184,82,31.104,NULL,N,NULL,NULL,NULL,NULL,NULL,NULL,NULL,NULL,8,3,2,6,1,1,2,2,1,3,N,NULL,Y,N,1432,1434,1435,N,NULL,47,,,N,,N,N,098-CS-1112-0,NULL,NULL,2020,O,7.25377E+11,098-CS-1112  -000,HIGH,098-CS-1112  -000,0.015,0,0,0,0,0,0,0,0,0,1,0,0,0
72491775,KSP0900,20-11735,20200330,1928,,,WINWRIGHT,,RD,,,0,098 CR-1201,CR1201,N,N,NULL,NULL,NULL,N,NULL,NULL,NULL,NULL,NULL,NULL,0.222,NULL,NULL,NULL,NULL,,NULL,1,0,1,1,N,N,25,NULL,98,9801,NULL,,Y,37.38141,37,22.885,NULL,-82.43863,82,26.318,NULL,N,NULL,NULL,NULL,NULL,NULL,NULL,NULL,NULL,9,4,1,4,1,1,2,2,7,3,N,NULL,Y,Y,1928,1939,2020,N,NULL,40,,,N,,N,N,098-CR-1201-0,NULL,NULL,2020,B,7.24918E+11,098-CR-1201  -000,HIGH,098-CR-1201  -000,0.222,0,0,0,0,0,0,1,0,0,0,0,1,0
72474678,KSP0900,20-05094,20200208,548,,,KY197,,,KY0197,KY0197,0,098 KY-197,KY0197,N,N,NULL,NULL,NULL,N,NULL,NULL,NULL,NULL,NULL,NULL,16.118,NULL,NULL,NULL,NULL,,NULL,0,0,1,1,N,N,35,NULL,98,9802,NULL,,Y,37.29773,37,17.864,NULL,-82.3548,82,21.288,NULL,N,NULL,NULL,NULL,NULL,NULL,NULL,NULL,NULL,9,3,2,3,1,5,2,5,7,3,N,NULL,Y,N,726,733,,N,NULL,70,7,0,N,,N,N,098-KY-0197-0,NULL,NULL,2020,O,7.24747E+11,098-KY-0197  -000,HIGH,098-KY-0197  -000,16.118,0,0,0,0,0,0,0,0,0,0,0,1,0
72449045,980100,2.019E+11,20191209,1159,,,HAROLDS BRANCH,,RD,,,0,098 CS-1223,CS1223,N,N,NULL,NULL,NULL,N,NULL,NULL,NULL,NULL,NULL,NULL,0.077,NULL,NULL,NULL,NULL,,NULL,0,0,2,2,N,N,25,NULL,98,9801,NULL,,Y,37.47186,37,28.312,NULL,-82.52204,82,31.322,NULL,N,NULL,NULL,NULL,NULL,NULL,NULL,NULL,NULL,5,3,3,6,2,1,2,2,1,3,N,NULL,Y,N,1159,1203,1224,N,NULL,49,,,N,,N,N,098-CS-1223-0,NULL,NULL,2019,O,7.2449E+11,098-CS-1223  -000,HIGH,098-CS-1223  -000,0.077,0,0,0,0,0,0,1,0,0,0,0,0,0
72499025,980500,2020AR025,20200505,1314,,3663,COMMERCIAL,,ST,,,0,098 CS-3004,CS3004,Y,N,NULL,NULL,NULL,N,NULL,NULL,NULL,NULL,NULL,NULL,NULL,NULL,NULL,NULL,NULL,NULL,NULL,0,0,2,2,N,N,15,NULL,98,9807,NULL,,Y,37.51796,37,31.077,NULL,-82.56542,82,33.925,NULL,N,NULL,NULL,NULL,NULL,NULL,NULL,NULL,NULL,2,97,NULL,6,1,5,6,2,1,3,N,NULL,Y,Y,1320,1323,1323,N,NULL,90,,,N,,N,N,098-CS-3004-0,NULL,NULL,2020,O,7.2499E+11,098-CS-3004  -000,HIGH,098-CS-3004  -000,0.026,0,0,0,1,0,0,1,0,0,0,0,0,0
72518437,KSP0900,20-585341,20200705,2300,,,WILLIAMSON,,RD,KY0292,KY0292,0,098 KY-292,KY0292,N,N,NULL,NULL,NULL,N,NULL,NULL,NULL,NULL,NULL,NULL,5.198,NULL,NULL,NULL,NULL,,NULL,0,0,2,2,N,N,45,NULL,98,9834,NULL,,Y,37.67355,37,40.413,NULL,-82.28309,82,16.985,NULL,N,NULL,NULL,NULL,NULL,NULL,NULL,NULL,NULL,7,3,2,3,1,1,2,5,7,3,N,NULL,Y,N,2303,2310,2315,N,NULL,54,7,0,N,,N,N,098-KY-0292-0,NULL,NULL,2020,O,7.25184E+11,098-KY-0292  -000,HIGH,098-KY-0292  -000,5.198,0,0,0,0,0,0,0,0,0,0,0,1,0
72503763,KSP0900,20-14238,20200417,1639,,,US460,,,US0460,US0460,0,098 US-460,US0460,N,N,NULL,NULL,NULL,N,NULL,NULL,NULL,NULL,NULL,NULL,7.892,NULL,NULL,NULL,NULL,,NULL,0,0,2,2,N,N,45,NULL,98,9801,NULL,,Y,37.37995,37,22.797,NULL,-82.43407,82,26.044,NULL,N,NULL,NULL,NULL,NULL,NULL,NULL,NULL,NULL,5,3,2,6,1,1,2,2,7,3,N,NULL,Y,N,1640,1709,,N,NULL,49,,1,N,,N,N,098-US-0460-0,NULL,NULL,2020,O,7.25038E+11,098-US-0460  -000,HIGH,098-US-0460  -000,7.892,0,0,1,0,0,0,1,0,0,0,0,0,0
72507807,KSP0900,20-19971,20200527,1457,,,US119,,,US0119,US0119,0,098 US-119,US0119,Y,N,NULL,NULL,NULL,N,NULL,NULL,NULL,NULL,NULL,NULL,23.868,NULL,NULL,NULL,NULL,,NULL,0,0,2,2,N,N,55,NULL,98,9834,NULL,,Y,37.65401,37,39.24,NULL,-82.26894,82,16.137,NULL,N,NULL,NULL,NULL,NULL,NULL,NULL,NULL,NULL,2,97,4,6,1,1,2,2,7,3,N,NULL,Y,N,1515,1520,1530,N,NULL,90,2,1,N,,N,N,098-US-0119-0,NULL,NULL,2020,O,7.25078E+11,098-US-0119  -000,HIGH,098-US-0119  -000,23.868,0,0,0,0,0,0,1,0,0,0,0,0,0
72518208,KSP0900,20-585810,20200706,1003,,,US460,,,US0460,US0460,0,098 US-460,US0460,N,N,NULL,NULL,NULL,N,NULL,NULL,NULL,NULL,NULL,NULL,1.405,NULL,NULL,NULL,NULL,,NULL,0,0,2,2,N,N,35,NULL,98,9824,NULL,,Y,37.42649,37,25.589,NULL,-82.50005,82,30.003,NULL,N,NULL,NULL,NULL,NULL,NULL,NULL,NULL,NULL,5,3,2,3,1,1,2,2,7,3,N,NULL,Y,N,1003,1015,1100,N,NULL,49,,1,N,,N,N,098-US-0460-0,NULL,NULL,2020,O,7.25182E+11,098-US-0460  -000,HIGH,098-US-0460  -000,1.405,0,0,0,1,0,0,1,0,0,0,0,0,0
72547428,KSP0900,20-715137,20200926,1100,,,SOOKEYS,W,CRK,,,0,098 CR-1282,CR1282,N,N,NULL,NULL,NULL,N,NULL,NULL,NULL,NULL,NULL,NULL,1.246,NULL,NULL,NULL,NULL,,NULL,0,0,2,2,N,N,35,NULL,98,9801,NULL,,Y,37.40461,37,24.276,NULL,-82.5347,82,32.082,NULL,N,NULL,NULL,NULL,NULL,NULL,NULL,NULL,NULL,8,3,2,6,1,1,2,2,7,3,N,NULL,Y,N,1100,1130,,N,NULL,47,,,N,,N,N,098-CR-1282-0,NULL,NULL,2020,O,7.25474E+11,098-CR-1282  -000,HIGH,098-CR-1282  -000,1.246,0,1,0,1,0,0,0,0,0,0,0,0,0
72485976,KSP0900,20-9173,20200310,725,,,US460,,,US0460,US0460,0,098 US-460,US0460,N,N,NULL,NULL,NULL,N,NULL,NULL,NULL,NULL,NULL,NULL,14.37,NULL,NULL,NULL,NULL,,NULL,0,0,2,2,N,N,55,NULL,98,9805,NULL,,Y,37.3421,37,20.526,NULL,-82.37453,82,22.472,NULL,N,NULL,NULL,NULL,NULL,NULL,NULL,NULL,NULL,1,3,2,3,1,5,6,1,7,3,N,NULL,Y,N,720,745,,N,NULL,55,,1,Y,,N,N,098-US-0460-0,NULL,NULL,2020,O,7.2486E+11,098-US-0460  -000,HIGH,098-US-0460  -000,14.37,0,0,0,0,0,0,1,0,0,0,0,0,0
72482059,980100,2.02E+11,20200228,1105,,,KY1460,,,KY1460,KY1460,,,,Y,N,NULL,NULL,NULL,N,NULL,NULL,NULL,NULL,NULL,NULL,7.052,NULL,NULL,NULL,NULL,,NULL,0,0,2,2,N,N,15,NULL,98,9801,NULL,,Y,37.48609,37,29.166,NULL,-82.54324,82,32.595,NULL,N,NULL,NULL,NULL,NULL,NULL,NULL,NULL,NULL,2,97,1,6,2,5,9,2,1,3,N,NULL,Y,N,1105,1111,1111,N,NULL,90,16,0,N,,N,N,,NULL,NULL,2020,O,7.24821E+11,098-KY-1460  -000,HIGH,098-KY-1460  -000,7.052,0,0,0,0,0,0,1,1,0,0,0,0,0
72474501,KSP0900,20-5261,20200209,1327,,2075,KY195,,,KY0195,KY0195,0,098 KY-195,KY0195,N,N,NULL,NULL,NULL,N,NULL,NULL,NULL,NULL,NULL,NULL,11.533,NULL,NULL,NULL,NULL,,NULL,0,0,1,1,N,N,55,NULL,98,9830,NULL,,Y,37.36775,37,22.065,NULL,-82.41291,82,24.775,NULL,N,NULL,NULL,NULL,NULL,NULL,NULL,NULL,NULL,9,3,2,3,1,1,2,2,7,3,N,NULL,Y,N,1328,1333,1406,Y,NULL,44,7,0,N,,N,N,098-KY-0195-0,NULL,NULL,2020,O,7.24745E+11,098-KY-0195  -000,HIGH,098-KY-0195  -000,11.533,0,0,0,0,0,0,0,0,0,0,0,1,0
72494543,980100,2.02E+11,20200327,2003,,,HAROLDS BRANCH,,RD,,,0,098 CS-1223,CS1223,Y,N,NULL,NULL,NULL,N,NULL,NULL,NULL,NULL,NULL,NULL,0.066,NULL,NULL,NULL,NULL,,NULL,0,0,2,2,Y,N,NULL,NULL,98,9801,NULL,,Y,37.47206,37,28.323,NULL,-82.52203,82,31.322,NULL,N,NULL,NULL,NULL,NULL,NULL,NULL,NULL,NULL,8,97,2,6,2,1,2,5,1,3,N,NULL,Y,N,1917,1920,,N,NULL,90,,,N,,N,N,098-CS-1223-0,NULL,NULL,2020,NULL,7.24945E+11,098-CS-1223  -000,HIGH,098-CS-1223  -000,0.066,0,0,0,0,0,0,0,0,0,0,0,0,0
72477789,KSP0900,20-6443,20200218,730,,,FISHTRAP,,RD,KY1789,KY1789,0,098 KY-1789,KY1789,N,N,NULL,NULL,NULL,N,NULL,NULL,NULL,NULL,NULL,NULL,0.277,NULL,NULL,NULL,NULL,,NULL,0,0,1,1,N,N,55,NULL,98,9801,5,SE,N,37.40731,37,24.439,NULL,-82.43827,82,26.296,NULL,N,NULL,NULL,NULL,NULL,NULL,NULL,NULL,NULL,9,4,2,3,1,5,6,1,7,3,N,NULL,Y,N,803,820,820,N,NULL,44,,5,N,,N,N,098-KY-1789-0,NULL,NULL,2020,O,7.24778E+11,098-KY-1789  -000,HIGH,098-KY-1789  -000,0.277,0,0,1,0,0,0,1,0,0,0,0,1,0
72464970,980100,2.02E+11,20200117,2115,,,HUFFMAN,,AVE,,,,,,Y,N,NULL,NULL,NULL,N,NULL,NULL,NULL,NULL,NULL,NULL,0.18,NULL,NULL,NULL,NULL,,NULL,0,0,2,2,N,Y,NULL,NULL,98,9801,NULL,,Y,37.47844,37,28.706,NULL,-82.5197,82,31.182,NULL,N,NULL,NULL,NULL,NULL,NULL,NULL,NULL,NULL,8,97,1,6,2,1,2,5,1,3,N,NULL,Y,N,2115,2116,,N,NULL,90,,,N,,N,N,,NULL,NULL,2020,O,7.2465E+11,098-CS-1123  -000,MEDIUM,098-CS-1123  -000,0.18,0,0,0,0,0,0,1,0,0,0,0,0,0
72464672,KSP0900,20-1262,20200110,848,,,WILLIAMSON,,RD,KY0292,KY0292,0,098 KY-292,KY0292,N,Y,ACCESS RD #3,,,N,NULL,NULL,NULL,NULL,NULL,NULL,7.862,NULL,NULL,NULL,NULL,,NULL,0,0,2,2,N,N,45,NULL,98,9826,NULL,,Y,37.68593,37,41.156,NULL,-82.2987,82,17.922,NULL,N,NULL,NULL,NULL,NULL,NULL,NULL,NULL,NULL,3,3,2,6,1,1,3,2,7,3,N,NULL,Y,N,900,930,950,N,NULL,52,7,0,N,,N,N,098-KY-0292-0,NULL,NULL,2020,O,7.24647E+11,098-KY-0292  -000,HIGH,098-KY-0292  -000,7.862,0,0,0,0,0,0,1,0,0,0,1,0,0
72454969,KSP0900,2019-49824,20191222,1802,,,FISHTRAP,,RD,KY1441,KY1441,0,098 KY-1441,KY1441,N,N,NULL,NULL,NULL,N,NULL,NULL,NULL,NULL,NULL,NULL,10.285,NULL,NULL,NULL,NULL,,NULL,0,0,1,1,N,N,45,NULL,98,9828,NULL,,Y,37.51885,37,31.131,NULL,-82.45402,82,27.241,NULL,N,NULL,NULL,NULL,NULL,NULL,NULL,NULL,NULL,9,3,2,3,1,1,2,7,6,3,N,NULL,N,N,1802,1814,1814,N,NULL,38,8,0,N,,N,N,098-KY-1441-0,NULL,NULL,2019,O,7.2455E+11,098-KY-1441  -000,HIGH,098-KY-1441  -000,10.285,0,0,0,0,0,0,0,0,0,0,0,0,0
72482763,KSP0900,20-7793,20200228,1904,,,KY194,,,KY0194,KY0194,0,098 KY-194,KY0194,N,N,NULL,NULL,NULL,N,NULL,NULL,NULL,NULL,NULL,NULL,71.791,NULL,NULL,NULL,NULL,,NULL,0,0,2,2,N,N,35,NULL,98,9801,NULL,,Y,37.48118,37,28.871,NULL,-82.05929,82,3.557,NULL,N,NULL,NULL,NULL,NULL,NULL,NULL,NULL,NULL,8,3,2,6,1,1,2,6,7,3,N,NULL,N,N,1800,1830,1830,N,NULL,53,7,0,N,,N,N,098-KY-0194-0,NULL,NULL,2020,O,7.24828E+11,098-KY-0194  -000,HIGH,098-KY-0194  -000,71.791,0,0,0,0,0,0,1,0,0,0,0,1,0
72445789,KSP0900,19-46636,20191127,1700,,,PHELPS 632,,RD,KY0632,KY0632,,,,N,N,NULL,NULL,NULL,N,NULL,NULL,NULL,NULL,NULL,NULL,12.181,NULL,NULL,NULL,NULL,,NULL,0,0,1,1,N,N,55,NULL,98,9804,NULL,,Y,37.50142,37,30.085,NULL,-82.17224,82,10.335,NULL,N,NULL,NULL,NULL,NULL,NULL,NULL,NULL,NULL,9,3,2,6,1,1,2,2,7,3,N,NULL,Y,Y,1710,1722,1830,N,NULL,38,6,0,N,,N,N,,NULL,NULL,2019,O,7.24458E+11,098-KY-0632  -000,HIGH,098-KY-0632  -000,12.181,0,0,0,0,0,0,0,0,0,0,0,0,0
72519249,KSP0900,20-589173,20200708,700,,,LEFT FORK BLACKBERRY,,RD,,,0,098 CR-1809,CR1809,N,N,NULL,NULL,NULL,N,NULL,NULL,NULL,NULL,NULL,NULL,0.294,NULL,NULL,NULL,NULL,,NULL,0,0,2,2,N,N,35,NULL,98,9879,NULL,,Y,37.52469,37,31.481,NULL,-82.21375,82,12.825,NULL,N,NULL,NULL,NULL,NULL,NULL,NULL,NULL,NULL,2,3,1,6,3,5,2,2,7,3,N,NULL,Y,N,700,740,745,N,NULL,56,,,N,,N,N,098-CR-1809-0,NULL,NULL,2020,O,7.25192E+11,098-CR-1809  -000,HIGH,098-CR-1809  -000,0.294,0,0,0,0,0,0,1,0,0,0,0,0,0