MasterFile,AgencyORINumber,LocalCode,CollisionDate,CollisionTime,CollisionDayWeekCode,RoadwayName_HouseBusinessNumber_,RoadwayName_RoadwayName_,RoadwayName_Direction_,RoadwayName_RoadwaySuffix_,RoadwayfromReport,CurrentRoadwayNumber,RoadwayNumberCoupletID,RSEUniqueGIS,RoadwayIdentifier,ParkingLotIndicator,IntersectionWith_Indicator_,IntersectionWith_NameRoadway_,IntersectionWith_Direction_,IntersectionWith_RoadwaySuffix_,BetweenStreets_Indicator_,BetweenStreets1_NameRoadway_,BetweenStreet1_Direction_,BetweenStreets1_RoadwaySuffix_,BetweenStreets2_NameRoadway_,BetweenStreets2_Direction_,BetweenStreets2_RoadwaySuffix_,Milepoint,ReportMilepointDeriveNumber,CurrentDerivedMiepointNumber,MilestoMilepoint,FeettoMilepoint,DirectionfromMilepoint_NSEW_,ValidMilepointIndicator,NumberInjured,NumberKilled,ofUnits,ofMotorVehicleUnits,Hit&RunIndicator,OneWayIndicator,SpeedLimitNumber,KilometersIndicator,CountyCode,CityCountyCode,MilesFromCity,DirectionFromCity_NSEW_,InCityLimitsIndicator,Latitude,LatitudeDegrees,LatitudeMinutes,LatitudeSeconds,Longitude,LongitudeDegrees,LongitudeMinutes,LongitudeSeconds,RampIndicator,RampFromIdentifier,RampFromDirCode,RampFromCoupletID,RSEUniqueGISRampFrom,RampToidentifier,RampToDirCode,RampToCoupletID,RSEUniqueGisRampTo,MannerofCollisionCode,LocationFirstEventCode,TotalLanes,RoadwayCharacterCode,RoadwaySurfaceCode,RoadwayConditionCode,WeatherCode,LightConditionCode,LandUseCode,SchoolBusRelatedCode,FirstAidSceneIndicator,CollDescPresentInd,InvestigationCompleteIndicator,PhotosTakenIndicator,TimeNotified,TimeArrived,TimeRoadwayOpened,PropertyDamageIndicator,DiagramPresentIndicator,DirectionalAnalysis,FunctionClassCode,NationalHwySysCode,EnforcementsIndicator,KARSCityCode,SecondaryCollisionIndicator,MedianCrossoverIndicator,RT_UNIQUE,MapIt,TimeLastLeft,YR,KABCO,MFNY,WorkingRID,RT_CONFIDENCE,KTC_RT,KTC_MP,Motorcyclist,CommercialVehicle,YoungDriver,MatureDriver,pedestrian,Bicyclist,Distracted,agressive,Impaired,Unrestrained,Intersection,RoadwayDeparture,MedXover
72522910,980100,2.02E+11,20200715,1241,,911,BYPASS ROAD,,,,,,,,Y,N,NULL,NULL,NULL,N,NULL,NULL,NULL,NULL,NULL,NULL,NULL,NULL,NULL,NULL,NULL,NULL,NULL,0,0,2,2,N,N,15,NULL,98,9801,NULL,,Y,37.47203,37,28.322,NULL,-82.52265,82,31.359,NULL,N,NULL,NULL,NULL,NULL,NULL,NULL,NULL,NULL,2,97,2,1,2,1,2,2,1,3,N,NULL,Y,N,1241,1250,1250,N,NULL,90,,,N,,N,N,,NULL,NULL,2020,O,7.25229E+11,098-CS-1223  -000,MEDIUM,098-CS-1223  -000,0.049,0,0,0,1,0,0,1,0,0,0,0,0,0
72402415,KSP0900,19-32626,20190822,2230,,,CHARLES FARM,,DR,,,0,098 CR-1372K,CR1372K,N,N,NULL,NULL,NULL,N,NULL,NULL,NULL,NULL,NULL,NULL,0.033,NULL,NULL,NULL,NULL,,NULL,1,0,1,1,N,N,25,NULL,98,9850,NULL,,Y,37.53501,37,32.1,NULL,-82.45839,82,27.503,NULL,N,NULL,NULL,NULL,NULL,NULL,NULL,NULL,NULL,9,97,1,1,3,8,3,6,5,3,Y,NULL,Y,N,2031,2041,2041,N,NULL,70,,,N,,N,N,098-CR-1372K-0,NULL,NULL,2019,C,7.24024E+11,098-CR-1372K -000,HIGH,098-CR-1372K -000,0.033,0,0,0,0,0,0,1,0,0,0,0,1,0
72402539,KSP0900,19-33453,20190828,1524,,,KY194,,,KY0194,KY0194,0,098 KY-194,KY0194,N,N,NULL,NULL,NULL,N,NULL,NULL,NULL,NULL,NULL,NULL,66.007,NULL,NULL,NULL,NULL,,NULL,0,0,1,1,N,N,35,NULL,98,9873,NULL,,Y,37.53041,37,31.824,NULL,-82.10059,82,6.035,NULL,N,NULL,NULL,NULL,NULL,NULL,NULL,NULL,NULL,9,3,2,4,1,1,2,2,7,3,N,NULL,N,Y,1524,1547,1711,N,NULL,44,7,0,N,,N,N,098-KY-0194-0,NULL,NULL,2019,O,7.24025E+11,098-KY-0194  -000,HIGH,098-KY-0194  -000,66.007,0,0,0,0,0,0,0,0,1,0,0,1,0
72394974,KSP0900,19-31384,20190814,1629,,,US460 TURN LANE,,,US0460,US0460,0,098 US-460-21,US0460,N,N,NULL,NULL,NULL,N,NULL,NULL,NULL,NULL,NULL,NULL,0.057,NULL,NULL,NULL,NULL,,NULL,0,0,2,2,N,N,55,NULL,98,9847,NULL,,Y,37.38237,37,22.942,NULL,-82.25486,82,15.291,NULL,N,NULL,NULL,NULL,NULL,NULL,NULL,NULL,NULL,1,3,2,6,1,1,2,2,7,3,N,NULL,Y,N,1631,1730,,N,NULL,55,,1,Y,,N,N,098-US-0460-21,NULL,NULL,2019,O,7.2395E+11,098-US-0460  -021,HIGH,098-US-0460  -021,0.057,0,0,0,0,0,0,1,0,0,0,0,0,0
72446341,KSP0900,19-47537,20191204,1926,,28402,US119,,,US0119,US0119,0,098 US-119,US0119,Y,N,NULL,NULL,NULL,N,NULL,NULL,NULL,NULL,NULL,NULL,24.192,NULL,NULL,NULL,NULL,,NULL,1,0,2,1,N,N,55,NULL,98,9834,NULL,,Y,37.65815,37,39.489,NULL,-82.27168,82,16.3,NULL,N,NULL,NULL,NULL,NULL,NULL,NULL,NULL,NULL,9,97,4,6,1,1,2,5,5,3,Y,NULL,Y,Y,1927,1931,1931,N,NULL,90,2,1,N,,N,N,098-US-0119-0,NULL,NULL,2019,C,7.24463E+11,098-US-0119  -000,HIGH,098-US-0119  -000,24.192,0,0,0,1,1,0,1,1,0,0,0,0,0
72498540,980100,2.02E+11,20200503,1630,,,CHLOE,,RD,KY1460,KY1460,0,098 KY-1460,KY1460,N,N,NULL,NULL,NULL,N,NULL,NULL,NULL,NULL,NULL,NULL,4.81,NULL,NULL,NULL,NULL,,NULL,1,0,1,1,N,N,45,NULL,98,9801,NULL,,Y,37.47802,37,28.681,NULL,-82.51142,82,30.685,NULL,N,NULL,NULL,NULL,NULL,NULL,NULL,NULL,NULL,9,3,2,6,1,1,2,2,7,3,Y,NULL,N,Y,1630,1633,1648,N,NULL,38,,0,N,,N,N,098-KY-1460-0,NULL,NULL,2020,C,7.24985E+11,098-KY-1460  -000,HIGH,098-KY-1460  -000,4.81,0,0,0,0,0,0,0,0,0,0,0,0,0
72516841,980100,2.02E+11,20200627,1842,,,US23,,,US0023,US0023,0,098 US-23-10,US0023,N,N,NULL,NULL,NULL,N,NULL,NULL,NULL,NULL,NULL,NULL,26.276,NULL,NULL,NULL,NULL,,NULL,0,0,2,2,N,N,55,NULL,98,9801,NULL,,Y,37.50355,37,30.213,NULL,-82.53235,82,31.941,NULL,N,NULL,NULL,NULL,NULL,NULL,NULL,NULL,NULL,8,3,4,6,1,1,2,2,1,3,N,NULL,Y,N,1842,1847,,N,NULL,53,,1,N,,N,N,098-US-0023-10,NULL,NULL,2020,O,7.25168E+11,098-US-0023  -010,HIGH,098-US-0023  -000,26.276,0,0,1,0,0,0,1,1,0,0,0,1,0
72480944,980500,2020AR016,20200224,1900,,101,TIGER,,WAY,,,0,,TIGER WAY,N,N,NULL,NULL,NULL,N,NULL,NULL,NULL,NULL,NULL,NULL,NULL,NULL,NULL,NULL,NULL,,NULL,0,0,2,2,N,N,15,NULL,98,9807,10,SW,N,37.51494,37,30.896,NULL,-82.50182,82,30.11,NULL,N,NULL,NULL,NULL,NULL,NULL,NULL,NULL,NULL,8,3,2,2,1,6,6,2,7,3,N,NULL,Y,Y,1900,1905,,N,NULL,53,,,N,,N,N,,NULL,NULL,2020,O,7.24809E+11,098-US-0119  -010,MEDIUM,098-US-0119  -000,1.823,0,0,1,0,0,0,0,1,0,0,0,1,0
72456390,KSP0900,19-49201,20191217,1515,,,WILLIAMSON,,RD,KY0292,KY0292,0,098 KY-292,KY0292,N,N,NULL,NULL,NULL,N,NULL,NULL,NULL,NULL,NULL,NULL,5.189,NULL,NULL,NULL,NULL,,NULL,0,0,2,2,N,N,35,NULL,98,9834,NULL,,Y,37.67356,37,40.413,NULL,-82.28294,82,16.977,NULL,N,NULL,NULL,NULL,NULL,NULL,NULL,NULL,NULL,1,3,2,6,1,5,6,2,7,3,Y,NULL,Y,Y,151,1530,1545,N,NULL,55,7,0,N,,N,N,098-KY-0292-0,NULL,NULL,2019,O,7.24564E+11,098-KY-0292  -000,HIGH,098-KY-0292  -000,5.189,0,0,0,0,0,0,1,1,0,0,0,0,0
72418262,980100,2.019E+11,20191008,1550,,254,CASSIDY,,BLVD,,,0,098 CS-1191,CS1191,Y,N,NULL,NULL,NULL,N,NULL,NULL,NULL,NULL,NULL,NULL,0.338,NULL,NULL,NULL,NULL,,NULL,0,0,2,2,N,N,15,NULL,98,9801,NULL,,Y,37.50594,37,30.356,NULL,-82.53839,82,32.303,NULL,N,NULL,NULL,NULL,NULL,NULL,NULL,NULL,NULL,2,97,2,6,1,1,2,2,1,3,N,NULL,Y,N,1550,1606,,N,NULL,90,,,N,,N,N,098-CS-1191-0,NULL,NULL,2019,O,7.24183E+11,098-CS-1191  -000,HIGH,098-CS-1191  -000,0.338,0,0,0,0,0,0,1,0,0,0,0,0,0
72505011,980100,2.02E+11,20200526,1139,,,LEE AVENUE,,,,,,,,Y,N,NULL,NULL,NULL,N,NULL,NULL,NULL,NULL,NULL,NULL,NULL,NULL,NULL,NULL,NULL,NULL,NULL,0,0,1,1,N,N,15,NULL,98,9801,NULL,,Y,37.50229,37,30.137,NULL,-82.53459,82,32.076,NULL,N,NULL,NULL,NULL,NULL,NULL,NULL,NULL,NULL,9,97,1,4,1,1,2,2,7,3,N,NULL,Y,N,1139,1140,1140,Y,NULL,40,,,N,,N,N,,NULL,NULL,2020,O,7.2505E+11,098-CS-1191  -000,MEDIUM,098-CS-1191  -000,0.124,0,0,0,0,0,0,0,0,0,0,0,1,0
72460544,980100,2.02E+11,20200106,1554,,,US23,,,US0023,US0023,0,098 US-23,US0023,N,N,NULL,NULL,NULL,N,NULL,NULL,NULL,NULL,NULL,NULL,26.914,NULL,NULL,NULL,NULL,,NULL,5,0,2,2,N,N,55,NULL,98,9801,NULL,,Y,37.50996,37,30.597,NULL,-82.53954,82,32.372,NULL,N,NULL,NULL,NULL,NULL,NULL,NULL,NULL,NULL,1,3,4,6,1,1,2,2,7,3,Y,NULL,Y,Y,1554,1557,1634,N,NULL,55,,1,N,,N,N,098-US-0023-0,NULL,NULL,2020,C,7.24605E+11,098-US-0023  -000,HIGH,098-US-0023  -000,26.914,0,0,0,0,0,0,1,0,0,0,0,0,0
72446574,980100,2.019E+11,20191205,1258,,,CASSIDY,,BLVD,,,0,098 CS-1191,CS1191,N,N,NULL,NULL,NULL,N,NULL,NULL,NULL,NULL,NULL,NULL,0.192,NULL,NULL,NULL,NULL,,NULL,0,0,2,2,Y,N,25,NULL,98,9801,NULL,,Y,37.50395,37,30.237,NULL,-82.53512,82,32.107,NULL,N,NULL,NULL,NULL,NULL,NULL,NULL,NULL,NULL,8,3,4,3,1,1,2,2,7,3,N,NULL,N,N,1258,1304,1304,N,NULL,53,,,N,,N,N,098-CS-1191-0,NULL,NULL,2019,O,7.24466E+11,098-CS-1191  -000,HIGH,098-CS-1191  -000,0.192,0,0,0,0,0,0,1,0,0,0,0,1,0
72519250,KSP0900,20-590936,20200709,810,,,MALL,,RD,,,0,098 CR-1037,CR1037,Y,N,NULL,NULL,NULL,N,NULL,NULL,NULL,NULL,NULL,NULL,0.32,NULL,NULL,NULL,NULL,,NULL,0,0,2,2,N,N,NULL,NULL,98,9834,NULL,,Y,37.65605,37,39.363,NULL,-82.27092,82,16.255,NULL,N,NULL,NULL,NULL,NULL,NULL,NULL,NULL,NULL,5,97,NULL,6,1,1,2,2,7,3,N,NULL,N,N,810,840,840,N,NULL,90,,,N,,N,N,098-CR-1037-0,NULL,NULL,2020,O,7.25193E+11,098-CR-1037  -000,HIGH,098-CR-1037  -000,0.32,0,0,0,1,0,0,0,1,0,0,0,0,0
72478130,KSP0900,20-6334,20200217,1410,,,TOLER,,RD,KY0319,KY0319,0,098 KY-319,KY0319,Y,N,NULL,NULL,NULL,N,NULL,NULL,NULL,NULL,NULL,NULL,6.157,NULL,NULL,NULL,NULL,,NULL,0,0,2,2,N,N,45,NULL,98,9842,NULL,,Y,37.63342,37,38.005,NULL,-82.25266,82,15.159,NULL,N,NULL,NULL,NULL,NULL,NULL,NULL,NULL,NULL,2,97,2,6,1,1,2,2,7,3,N,NULL,N,N,1410,145,145,N,NULL,90,7,0,N,,N,N,098-KY-0319-0,NULL,NULL,2020,O,7.24781E+11,098-KY-0319  -000,HIGH,098-KY-0319  -000,6.157,0,0,0,0,0,0,0,0,0,0,0,0,0
72445443,370200,2019-46426,20191126,930,,,KY194,,,KY0194,KY0194,0,098 KY-194,KY0194,N,N,NULL,NULL,NULL,N,NULL,NULL,NULL,NULL,NULL,NULL,18.591,NULL,NULL,NULL,NULL,,NULL,1,0,1,1,N,N,55,NULL,98,9817,NULL,,Y,37.56033,37,33.62,NULL,-82.41909,82,25.145,NULL,N,NULL,NULL,NULL,NULL,NULL,NULL,NULL,NULL,9,5,2,3,1,1,2,2,7,3,Y,NULL,Y,Y,930,947,947,N,NULL,44,6,5,N,,N,N,098-KY-0194-0,NULL,NULL,2019,C,7.24454E+11,098-KY-0194  -000,HIGH,098-KY-0194  -000,18.591,0,0,0,0,0,0,0,0,0,0,0,1,0
72430700,980100,2.019E+11,20191101,1722,,,US23,,,US0023,US0023,0,098 US-23,US0023,N,N,NULL,NULL,NULL,N,NULL,NULL,NULL,NULL,NULL,NULL,25.116,NULL,NULL,NULL,NULL,,NULL,0,0,2,2,N,N,55,NULL,98,9801,NULL,,Y,37.48948,37,29.369,NULL,-82.53882,82,32.329,NULL,N,NULL,NULL,NULL,NULL,NULL,NULL,NULL,NULL,5,3,4,6,1,1,2,2,1,3,N,NULL,Y,N,1722,1725,,N,NULL,49,,1,N,,N,N,098-US-0023-0,NULL,NULL,2019,O,7.24307E+11,098-US-0023  -000,HIGH,098-US-0023  -000,25.116,0,0,1,0,0,0,1,0,0,0,0,0,0
72515501,980100,2.02E+11,20200627,1655,,,JUSTICE,,WAY,,,,,,Y,N,NULL,NULL,NULL,N,NULL,NULL,NULL,NULL,NULL,NULL,NULL,NULL,NULL,NULL,NULL,,NULL,0,0,2,2,N,N,15,NULL,98,9801,NULL,,Y,37.50619,37,30.372,NULL,-82.54095,82,32.457,NULL,N,NULL,NULL,NULL,NULL,NULL,NULL,NULL,NULL,1,97,NULL,6,1,1,3,2,1,3,N,NULL,Y,N,1655,1705,,N,NULL,90,,,N,,N,N,,NULL,NULL,2020,O,7.25155E+11,098-CS-1215  -000,MEDIUM,098-CS-1215  -000,0.639,0,0,0,1,0,0,1,0,0,0,0,0,0
72484134,980100,2.02E+11,20200305,1007,,2318,MAYO,S,TRAK,,,,,,Y,N,NULL,NULL,NULL,N,NULL,NULL,NULL,NULL,NULL,NULL,NULL,NULL,NULL,NULL,NULL,NULL,NULL,0,0,2,2,N,N,NULL,NULL,98,9801,NULL,,Y,37.43978,37,26.387,NULL,-82.50949,82,30.57,NULL,N,NULL,NULL,NULL,NULL,NULL,NULL,NULL,NULL,8,97,2,4,1,1,3,2,1,3,N,NULL,Y,N,1007,1017,1017,N,NULL,90,,,N,,N,N,,NULL,NULL,2020,O,7.24841E+11,098-US-0460  -000,MEDIUM,098-US-0460  -000,0.202,0,1,0,0,0,0,0,0,0,0,0,0,0
72391987,980100,2.019E+11,20190806,1340,,,POPLAR,,ST,,,0,098 CS-1160,CS1160,N,N,NULL,NULL,NULL,N,NULL,NULL,NULL,NULL,NULL,NULL,0.101,NULL,NULL,NULL,NULL,,NULL,0,0,2,2,N,N,15,NULL,98,9801,NULL,,Y,37.48,37,28.8,NULL,-82.52204,82,31.323,NULL,N,NULL,NULL,NULL,NULL,NULL,NULL,NULL,NULL,8,3,1,6,1,1,2,2,1,3,N,NULL,Y,N,1341,1344,1344,N,NULL,53,,,N,,N,N,098-CS-1160-0,NULL,NULL,2019,O,7.2392E+11,098-CS-1160  -000,HIGH,098-CS-1160  -000,0.101,0,0,1,0,0,0,0,0,0,1,0,1,0
72470311,KSP0900,20-474,20200104,1826,,6799,US23,,,US0023,US0023,0,098 US-23-10,US0023,Y,N,NULL,NULL,NULL,N,NULL,NULL,NULL,NULL,NULL,NULL,12.858,NULL,NULL,NULL,NULL,,NULL,0,0,2,2,Y,N,35,NULL,98,9801,NULL,,Y,37.37254,37,22.352,NULL,-82.54379,82,32.627,NULL,N,NULL,NULL,NULL,NULL,NULL,NULL,NULL,NULL,2,7,NULL,6,1,1,2,3,1,3,N,NULL,Y,N,1946,1946,2127,N,NULL,90,,1,Y,,N,N,098-US-0023-10,NULL,NULL,2020,O,7.24703E+11,098-US-0023  -010,HIGH,098-US-0023  -000,12.858,0,0,0,0,0,0,0,0,0,1,0,0,0
72508394,980100,2.02E+11,20200604,2016,,,HAROLDS BRANCH,,RD,,,0,098 CS-1223,CS1223,N,N,NULL,NULL,NULL,N,NULL,NULL,NULL,NULL,NULL,NULL,0.177,NULL,NULL,NULL,NULL,,NULL,0,0,2,2,N,N,35,NULL,98,9801,NULL,,Y,37.4706,37,28.236,NULL,-82.5211,82,31.266,NULL,N,NULL,NULL,NULL,NULL,NULL,NULL,NULL,NULL,7,3,1,3,1,1,2,2,6,3,N,NULL,Y,N,2018,2022,2042,N,NULL,54,,,N,,N,N,098-CS-1223-0,NULL,NULL,2020,O,7.25084E+11,098-CS-1223  -000,HIGH,098-CS-1223  -000,0.177,0,0,0,1,0,0,0,0,0,0,0,1,0
72500600,980100,2.02E+11,20200510,1455,,183,CASSIDY,,BLVD,,,0,098 CS-1191,CS1191,Y,N,NULL,NULL,NULL,N,NULL,NULL,NULL,NULL,NULL,NULL,0.054,NULL,NULL,NULL,NULL,,NULL,0,0,2,2,Y,N,NULL,NULL,98,9801,NULL,,Y,37.50368,37,30.221,NULL,-82.53304,82,31.982,NULL,N,NULL,NULL,NULL,NULL,NULL,NULL,NULL,NULL,1,97,1,6,1,1,2,2,1,3,N,NULL,Y,N,1455,1458,1458,N,NULL,90,,,N,,N,N,098-CS-1191-0,NULL,NULL,2020,NULL,7.25006E+11,098-CS-1191  -000,HIGH,098-CS-1191  -000,0.054,0,0,0,0,0,0,0,0,0,0,0,0,0
72525530,KSP0900,20-622199,20200728,950,,,WILLIAMSON,,RD,KY0292,KY0292,,,,N,N,NULL,NULL,NULL,N,NULL,NULL,NULL,NULL,NULL,NULL,10.317,NULL,NULL,NULL,NULL,,NULL,0,0,1,1,N,N,35,NULL,98,9836,NULL,,Y,37.7132,37,42.792,NULL,-82.31174,82,18.704,NULL,N,NULL,NULL,NULL,NULL,NULL,NULL,NULL,NULL,9,3,2,6,1,1,2,2,7,3,N,NULL,Y,N,952,1037,1115,Y,NULL,40,7,0,N,,N,N,,NULL,NULL,2020,O,7.25255E+11,098-KY-0292  -000,MEDIUM,098-KY-0292  -000,10.317,0,0,0,0,0,0,0,0,0,0,0,1,0
72533411,KSP0900,20-638292,20200807,1654,,,US23,,,US0023,US0023,0,098 US-23,US0023,N,N,NULL,NULL,NULL,N,NULL,NULL,NULL,NULL,NULL,NULL,23.871,NULL,NULL,NULL,NULL,,NULL,0,0,3,3,N,N,55,NULL,98,9801,NULL,,Y,37.47458,37,28.475,NULL,-82.53709,82,32.225,NULL,N,NULL,NULL,NULL,NULL,NULL,NULL,NULL,NULL,5,3,4,6,1,1,2,2,7,3,N,NULL,Y,N,1654,1657,,N,NULL,49,,1,N,,N,N,098-US-0023-0,NULL,NULL,2020,O,7.25334E+11,098-US-0023  -000,HIGH,098-US-0023  -000,23.871,0,0,0,0,0,0,0,0,0,0,0,0,0
72527096,980100,2.02E+11,20200731,2012,,,KY1426,,,KY1426,KY1426,,,,N,N,NULL,NULL,NULL,N,NULL,NULL,NULL,NULL,NULL,NULL,8.775,NULL,NULL,NULL,NULL,,NULL,0,0,2,2,N,N,45,NULL,98,9801,NULL,,Y,37.50214,37,30.128,NULL,-82.49006,82,29.403,NULL,N,NULL,NULL,NULL,NULL,NULL,NULL,NULL,NULL,1,3,3,4,1,5,6,3,7,3,N,NULL,Y,N,2012,2015,2015,N,NULL,55,,0,N,,N,N,,NULL,NULL,2020,O,7.25271E+11,098-KY-1426  -000,HIGH,098-KY-1426  -000,8.775,0,0,1,0,0,0,1,1,0,0,0,0,0
72469143,980100,2.02E+11,20200128,2054,,,MAYO,S,TRL,KY3496,KY3496,0,098 KY-3496,KY3496,Y,N,NULL,NULL,NULL,N,NULL,NULL,NULL,NULL,NULL,NULL,0.374,NULL,NULL,NULL,NULL,,NULL,0,0,2,2,Y,N,15,NULL,98,9801,NULL,,Y,37.46839,37,28.104,NULL,-82.53329,82,31.998,NULL,N,NULL,NULL,NULL,NULL,NULL,NULL,NULL,NULL,2,97,2,6,1,1,3,5,1,3,N,NULL,N,N,2054,2054,,N,NULL,90,16,0,N,,N,N,098-KY-3496-0,NULL,NULL,2020,NULL,7.24691E+11,098-KY-3496  -000,HIGH,098-KY-3496  -000,0.374,0,0,0,0,0,0,0,0,0,0,0,0,0
72435167,980000,1906005,20191108,759,,,KY632,,,KY0632,KY0632,0,098 KY-632,KY0632,Y,N,NULL,NULL,NULL,N,NULL,NULL,NULL,NULL,NULL,NULL,9.433,NULL,NULL,NULL,NULL,,NULL,0,0,2,2,N,N,15,NULL,98,9804,NULL,,Y,37.48596,37,29.158,NULL,-82.20451,82,12.27,NULL,N,NULL,NULL,NULL,NULL,NULL,NULL,NULL,NULL,2,97,2,6,1,1,2,2,8,3,N,NULL,Y,N,800,801,803,N,NULL,90,6,0,N,,N,N,098-KY-0632-0,NULL,NULL,2019,O,7.24352E+11,098-KY-0632  -000,HIGH,098-KY-0632  -000,9.433,0,0,1,0,0,0,0,0,0,0,0,0,0
72452551,980500,2019AR075,20191217,1354,,,WEDDINGTON PLAZA,,,,,,,,Y,N,NULL,NULL,NULL,N,NULL,NULL,NULL,NULL,NULL,NULL,NULL,NULL,NULL,NULL,NULL,NULL,NULL,0,0,2,2,N,N,15,NULL,98,9807,NULL,,Y,37.52387,37,31.432,NULL,-82.57249,82,34.349,NULL,N,NULL,NULL,NULL,NULL,NULL,NULL,NULL,NULL,2,97,NULL,6,1,5,3,2,1,3,N,NULL,Y,Y,1357,1359,1359,N,NULL,90,,,N,,N,N,,NULL,NULL,2019,O,7.24526E+11,098-US-0023  -010,MEDIUM,098-US-0023  -000,29.017,0,0,1,1,0,0,1,0,0,0,0,0,0
72411727,KSP0900,19-36987,20190921,830,,,COWPEN,,RD,KY2061,KY2061,0,098 KY-2061,KY2061,N,N,NULL,NULL,NULL,N,NULL,NULL,NULL,NULL,NULL,NULL,3.611,NULL,NULL,NULL,NULL,,NULL,0,0,1,1,N,N,55,NULL,98,9807,NULL,,Y,37.56272,37,33.763,NULL,-82.55708,82,33.425,NULL,N,NULL,NULL,NULL,NULL,NULL,NULL,NULL,NULL,9,3,2,1,1,1,2,2,7,3,N,NULL,Y,N,830,845,945,N,NULL,70,,0,N,,N,N,098-KY-2061-0,NULL,NULL,2019,O,7.24117E+11,098-KY-2061  -000,HIGH,098-KY-2061  -000,3.611,0,0,0,0,0,0,0,0,0,0,0,0,0
72506503,370200,2020-19004,20200521,938,,,US23,,,US0023,US0023,0,098 US-23,US0023,Y,N,NULL,NULL,NULL,N,NULL,NULL,NULL,NULL,NULL,NULL,28.584,NULL,NULL,NULL,NULL,,NULL,0,0,2,2,N,N,15,NULL,98,9807,NULL,,Y,37.51988,37,31.193,NULL,-82.56885,82,34.131,NULL,N,NULL,NULL,NULL,NULL,NULL,NULL,NULL,NULL,2,97,2,6,1,5,6,2,2,3,N,NULL,Y,N,941,949,949,N,NULL,90,,1,N,,N,N,098-US-0023-0,NULL,NULL,2020,O,7.25065E+11,098-US-0023  -000,HIGH,098-US-0023  -000,28.584,0,0,0,1,0,0,1,0,0,0,0,0,0
72492040,980500,2020AR021,20200402,1129,,,COUNTRY MUSIC HIGHWAY,,,,,,,,N,N,NULL,NULL,NULL,N,NULL,NULL,NULL,NULL,NULL,NULL,NULL,NULL,NULL,NULL,NULL,NULL,NULL,0,0,2,2,N,N,45,NULL,98,9807,NULL,,Y,37.51525,37,30.915,NULL,-82.55938,82,33.563,NULL,N,NULL,NULL,NULL,NULL,NULL,NULL,NULL,NULL,4,3,6,4,1,1,2,2,7,2,N,NULL,Y,Y,1131,1132,1139,N,NULL,70,,,N,,N,N,,NULL,NULL,2020,O,7.2492E+11,098-CS-3012  -000,MEDIUM,098-CS-3012  -000,0.007,0,0,0,1,0,0,1,0,0,0,0,0,0
72498921,KSP0900,20-15765,20200428,1315,,,RIGHT FORK OF BRUSHY,,RD,,,0,098 CR-1360Q4,CR1360Q4,N,N,NULL,NULL,NULL,N,NULL,NULL,NULL,NULL,NULL,NULL,7.558,NULL,NULL,NULL,NULL,,NULL,0,0,2,2,N,N,35,NULL,98,9801,NULL,,Y,37.57791,37,34.674,NULL,-82.44261,82,26.557,NULL,N,NULL,NULL,NULL,NULL,NULL,NULL,NULL,NULL,1,3,2,1,1,1,3,2,7,3,N,NULL,N,N,1315,1345,1400,N,NULL,55,,,N,,N,N,098-CR-1360Q4-0,NULL,NULL,2020,O,7.24989E+11,098-CR-1360Q4-000,HIGH,098-CR-1360Q4-000,7.558,0,0,1,0,0,0,1,0,0,0,0,0,0
72469441,980500,2020AR008,20200129,1700,,,MAYO,N,TRL,US0023,US0023,0,098 US-23-10,US0023,N,N,NULL,NULL,NULL,N,NULL,NULL,NULL,NULL,NULL,NULL,27.475,NULL,NULL,NULL,NULL,,NULL,0,0,2,2,N,N,55,NULL,98,9807,NULL,,Y,37.51127,37,30.676,NULL,-82.55048,82,33.029,NULL,N,NULL,NULL,NULL,NULL,NULL,NULL,NULL,NULL,5,3,6,6,1,1,3,2,8,3,N,NULL,Y,N,1700,1710,,N,NULL,49,,1,N,,N,N,098-US-0023-10,NULL,NULL,2020,O,7.24694E+11,098-US-0023  -010,HIGH,098-US-0023  -000,27.475,0,0,0,1,0,0,0,1,0,0,0,0,0
72537993,980100,2.02E+11,20200901,1029,,911,BYPASS,S,RD,KY1426,KY1426,0,098 KY-1426,KY1426,N,N,NULL,NULL,NULL,N,NULL,NULL,NULL,NULL,NULL,NULL,5.616,NULL,NULL,NULL,NULL,,NULL,0,0,2,2,N,N,55,NULL,98,9801,NULL,,Y,37.47237,37,28.343,NULL,-82.52295,82,31.377,NULL,N,NULL,NULL,NULL,NULL,NULL,NULL,NULL,NULL,1,97,2,3,2,1,2,2,1,3,N,NULL,Y,N,1029,1038,1038,N,NULL,47,,0,N,,N,N,098-KY-1426-0,NULL,NULL,2020,O,7.2538E+11,098-KY-1426  -000,HIGH,098-KY-1426  -000,5.616,0,0,0,0,0,0,0,0,0,0,0,0,0
72486215,KSP0900,20-7477,20200223,1200,,,KY3496,,,KY3496,KY3496,0,098 KY-3496,KY3496,Y,N,NULL,NULL,NULL,N,NULL,NULL,NULL,NULL,NULL,NULL,0.69,NULL,NULL,NULL,NULL,,NULL,0,0,2,2,Y,N,35,NULL,98,9801,NULL,,Y,37.47182,37,28.309,NULL,-82.53152,82,31.892,NULL,N,NULL,NULL,NULL,NULL,NULL,NULL,NULL,NULL,1,97,2,6,1,1,2,2,1,3,N,NULL,Y,N,2133,2141,2239,N,NULL,90,16,0,N,,N,N,098-KY-3496-0,NULL,NULL,2020,NULL,7.24862E+11,098-KY-3496  -000,HIGH,098-KY-3496  -000,0.69,0,0,0,0,0,0,1,0,0,0,0,0,0