MasterFile,AgencyORINumber,LocalCode,CollisionDate,CollisionTime,CollisionDayWeekCode,RoadwayName_HouseBusinessNumber_,RoadwayName_RoadwayName_,RoadwayName_Direction_,RoadwayName_RoadwaySuffix_,RoadwayfromReport,CurrentRoadwayNumber,RoadwayNumberCoupletID,RSEUniqueGIS,RoadwayIdentifier,ParkingLotIndicator,IntersectionWith_Indicator_,IntersectionWith_NameRoadway_,IntersectionWith_Direction_,IntersectionWith_RoadwaySuffix_,BetweenStreets_Indicator_,BetweenStreets1_NameRoadway_,BetweenStreet1_Direction_,BetweenStreets1_RoadwaySuffix_,BetweenStreets2_NameRoadway_,BetweenStreets2_Direction_,BetweenStreets2_RoadwaySuffix_,Milepoint,ReportMilepointDeriveNumber,CurrentDerivedMiepointNumber,MilestoMilepoint,FeettoMilepoint,DirectionfromMilepoint_NSEW_,ValidMilepointIndicator,NumberInjured,NumberKilled,ofUnits,ofMotorVehicleUnits,Hit&RunIndicator,OneWayIndicator,SpeedLimitNumber,KilometersIndicator,CountyCode,CityCountyCode,MilesFromCity,DirectionFromCity_NSEW_,InCityLimitsIndicator,Latitude,LatitudeDegrees,LatitudeMinutes,LatitudeSeconds,Longitude,LongitudeDegrees,LongitudeMinutes,LongitudeSeconds,RampIndicator,RampFromIdentifier,RampFromDirCode,RampFromCoupletID,RSEUniqueGISRampFrom,RampToidentifier,RampToDirCode,RampToCoupletID,RSEUniqueGisRampTo,MannerofCollisionCode,LocationFirstEventCode,TotalLanes,RoadwayCharacterCode,RoadwaySurfaceCode,RoadwayConditionCode,WeatherCode,LightConditionCode,LandUseCode,SchoolBusRelatedCode,FirstAidSceneIndicator,CollDescPresentInd,InvestigationCompleteIndicator,PhotosTakenIndicator,TimeNotified,TimeArrived,TimeRoadwayOpened,PropertyDamageIndicator,DiagramPresentIndicator,DirectionalAnalysis,FunctionClassCode,NationalHwySysCode,EnforcementsIndicator,KARSCityCode,SecondaryCollisionIndicator,MedianCrossoverIndicator,RT_UNIQUE,MapIt,TimeLastLeft,YR,KABCO,MFNY,WorkingRID,RT_CONFIDENCE,KTC_RT,KTC_MP,Motorcyclist,CommercialVehicle,YoungDriver,MatureDriver,pedestrian,Bicyclist,Distracted,agressive,Impaired,Unrestrained,Intersection,RoadwayDeparture,MedXover
72470849,KSP0900,20-3894,20200130,1600,,,COLLINS,,HWY,KY0122,KY0122,0,098 KY-122,KY0122,Y,N,NULL,NULL,NULL,N,NULL,NULL,NULL,NULL,NULL,NULL,10.648,NULL,NULL,NULL,NULL,,NULL,0,0,2,2,Y,N,45,NULL,98,9827,NULL,,Y,37.38742,37,23.246,NULL,-82.53936,82,32.362,NULL,N,NULL,NULL,NULL,NULL,NULL,NULL,NULL,NULL,2,3,2,6,1,1,3,2,7,3,N,NULL,Y,N,1600,1650,,N,NULL,90,,0,N,,N,N,098-KY-0122-0,NULL,NULL,2020,O,7.24708E+11,098-KY-0122  -000,HIGH,098-KY-0122  -000,10.648,0,0,0,0,0,0,1,0,0,0,0,0,0
72505436,KSP0900,20-20032,20200527,2257,,,US23,,,US0023,US0023,0,098 US-23,US0023,N,N,NULL,NULL,NULL,N,NULL,NULL,NULL,NULL,NULL,NULL,12.541,NULL,NULL,NULL,NULL,,NULL,0,0,1,1,N,N,55,NULL,98,9827,1,S,N,37.36882,37,22.129,NULL,-82.5478,82,32.868,NULL,N,NULL,NULL,NULL,NULL,NULL,NULL,NULL,NULL,9,3,4,1,1,1,2,4,1,3,N,NULL,Y,Y,2300,2319,,N,NULL,40,,1,N,,N,N,098-US-0023-0,NULL,NULL,2020,O,7.25054E+11,098-US-0023  -000,HIGH,098-US-0023  -000,12.541,0,0,0,0,0,0,0,0,0,0,0,1,1
72511113,980100,2.02E+11,20200609,843,,,BYPASS,S,RD,KY1426,KY1426,0,098 KY-1426,KY1426,N,N,NULL,NULL,NULL,N,NULL,NULL,NULL,NULL,NULL,NULL,5.656,NULL,NULL,NULL,NULL,,NULL,0,0,2,2,N,N,35,NULL,98,9801,NULL,,Y,37.47263,37,28.358,NULL,-82.52345,82,31.407,NULL,N,NULL,NULL,NULL,NULL,NULL,NULL,NULL,NULL,5,3,2,6,1,1,2,2,7,3,N,NULL,Y,N,843,847,900,N,NULL,49,,0,N,,N,N,098-KY-1426-0,NULL,NULL,2020,O,7.25111E+11,098-KY-1426  -000,HIGH,098-KY-1426  -000,5.656,0,0,0,1,0,0,0,0,0,0,0,0,0
72504403,KSP0900,20-18752,20200519,1315,,,WILLIAMSON,,RD,KY0292,KY0292,0,098 KY-292,KY0292,N,N,NULL,NULL,NULL,N,NULL,NULL,NULL,NULL,NULL,NULL,6.472,NULL,NULL,NULL,NULL,,NULL,1,0,2,2,N,N,45,NULL,98,9834,NULL,,Y,37.67446,37,40.467,NULL,-82.29601,82,17.761,NULL,N,NULL,NULL,NULL,NULL,NULL,NULL,NULL,NULL,3,6,2,4,1,5,6,2,7,3,Y,NULL,Y,Y,1330,1340,1530,N,NULL,47,7,0,N,,N,N,098-KY-0292-0,NULL,NULL,2020,B,7.25044E+11,098-KY-0292  -000,HIGH,098-KY-0292  -000,6.472,0,0,0,0,0,0,0,0,0,0,0,1,0
72458176,KSP0900,19-50047,20191224,1200,,,KY1469,,,KY1469,KY1469,0,098 KY-1469,KY1469,N,N,NULL,NULL,NULL,N,NULL,NULL,NULL,NULL,NULL,NULL,10.051,NULL,NULL,NULL,NULL,,NULL,0,0,1,1,N,N,55,NULL,98,9827,NULL,,Y,37.33043,37,19.826,NULL,-82.60341,82,36.204,NULL,N,NULL,NULL,NULL,NULL,NULL,NULL,NULL,NULL,9,4,2,6,1,1,2,2,7,3,N,NULL,Y,N,1210,1230,,N,NULL,44,8,0,N,,N,N,098-KY-1469-0,NULL,NULL,2019,O,7.24582E+11,098-KY-1469  -000,HIGH,098-KY-1469  -000,10.051,0,0,0,0,0,0,0,0,0,0,0,1,0
72496105,980100,2.02E+11,20200422,1200,,,US23,,,US0023,US0023,0,098 US-23,US0023,N,N,NULL,NULL,NULL,N,NULL,NULL,NULL,NULL,NULL,NULL,20.741,NULL,NULL,NULL,NULL,,NULL,1,0,2,2,N,N,55,NULL,98,9801,NULL,,Y,37.44312,37,26.587,NULL,-82.52287,82,31.372,NULL,N,NULL,NULL,NULL,NULL,NULL,NULL,NULL,NULL,1,3,4,3,1,1,2,2,1,3,Y,NULL,Y,Y,1201,1207,1234,N,NULL,55,,1,N,,N,N,098-US-0023-0,NULL,NULL,2020,C,7.24961E+11,098-US-0023  -000,HIGH,098-US-0023  -000,20.741,0,1,0,0,0,0,1,0,0,0,0,0,0
72464502,980500,2020-AR006,20200116,1125,,5,VILLAGE,,ST,,,0,098 CS-3022,CS3022,Y,N,NULL,NULL,NULL,N,NULL,NULL,NULL,NULL,NULL,NULL,NULL,NULL,NULL,NULL,NULL,NULL,NULL,1,0,1,1,Y,N,15,NULL,98,9807,NULL,,Y,37.51611,37,30.967,NULL,-82.56158,82,33.695,NULL,N,NULL,NULL,NULL,NULL,NULL,NULL,NULL,NULL,9,97,NULL,6,1,1,2,2,1,2,Y,NULL,Y,Y,1127,1130,1130,N,NULL,90,,,N,,N,N,098-CS-3022-0,NULL,NULL,2020,C,7.24645E+11,098-CS-3022  -000,HIGH,098-CS-3022  -000,0.01,0,0,0,0,0,0,0,0,0,0,0,1,0
72402373,KSP0900,19-33244,20190827,717,,,KY1056,,,KY1056,KY1056,0,098 KY-1056,KY1056,N,N,NULL,NULL,NULL,N,NULL,NULL,NULL,NULL,NULL,NULL,1.244,NULL,NULL,NULL,NULL,,NULL,0,0,2,2,Y,N,55,NULL,98,9863,NULL,,Y,37.56617,37,33.97,NULL,-82.24404,82,14.643,NULL,N,NULL,NULL,NULL,NULL,NULL,NULL,NULL,NULL,7,3,2,1,1,5,6,2,7,3,N,NULL,N,N,719,800,825,N,NULL,54,8,0,N,,N,N,098-KY-1056-0,NULL,NULL,2019,O,7.24024E+11,098-KY-1056  -000,HIGH,098-KY-1056  -000,1.244,0,0,0,0,0,0,1,0,0,0,0,1,0
72508264,KSP0900,20-20036,20200528,0,,1983,KY612,,,KY0612,KY0612,0,098 KY-612,KY0612,N,N,NULL,NULL,NULL,N,NULL,NULL,NULL,NULL,NULL,NULL,6.728,NULL,NULL,NULL,NULL,,NULL,0,1,2,2,N,N,45,NULL,98,9826,NULL,,Y,37.65189,37,39.113,NULL,-82.30761,82,18.457,NULL,N,NULL,NULL,NULL,NULL,NULL,NULL,NULL,NULL,8,5,2,6,1,5,6,6,7,3,N,NULL,N,Y,2359,4,259,Y,NULL,47,8,0,N,,N,N,098-KY-0612-0,NULL,NULL,2020,K,7.25083E+11,098-KY-0612  -000,HIGH,098-KY-0612  -000,6.728,0,0,1,0,0,0,0,0,0,1,0,1,0
72505666,KSP0900,20-19301,20200523,1301,,,US23,,,US0023,US0023,0,098 US-23-10,US0023,Y,N,NULL,NULL,NULL,N,NULL,NULL,NULL,NULL,NULL,NULL,29.108,NULL,NULL,NULL,NULL,,NULL,0,0,2,2,N,N,5,NULL,98,9807,NULL,,Y,37.52492,37,31.495,NULL,-82.57362,82,34.417,NULL,N,NULL,NULL,NULL,NULL,NULL,NULL,NULL,NULL,5,97,1,6,1,1,2,2,1,3,N,NULL,Y,N,1304,1306,,N,NULL,90,,1,N,,N,N,098-US-0023-10,NULL,NULL,2020,O,7.25057E+11,098-US-0023  -010,HIGH,098-US-0023  -000,29.108,0,0,1,0,0,0,1,0,0,0,0,0,0
72494828,980100,2.02E+11,20200404,1240,,,BYPASS,S,RD,KY1426,KY1426,,,,Y,N,NULL,NULL,NULL,N,NULL,NULL,NULL,NULL,NULL,NULL,5.675,NULL,NULL,NULL,NULL,,NULL,0,0,2,2,N,N,15,NULL,98,9801,NULL,,Y,37.4727,37,28.362,NULL,-82.52311,82,31.387,NULL,N,NULL,NULL,NULL,NULL,NULL,NULL,NULL,NULL,8,97,1,4,2,1,2,2,1,3,N,NULL,Y,N,1240,1246,1246,N,NULL,90,,0,N,,N,N,,NULL,NULL,2020,O,7.24948E+11,098-KY-1426  -000,HIGH,098-KY-1426  -000,5.675,0,0,0,0,0,0,1,0,0,0,0,0,0
72481436,980100,2.02E+11,20200227,1614,,,THOMPSON,,RD,,,0,098 CS-1215,CS1215,N,N,NULL,NULL,NULL,N,NULL,NULL,NULL,NULL,NULL,NULL,0.502,NULL,NULL,NULL,NULL,,NULL,0,0,2,2,N,N,35,NULL,98,9801,NULL,,Y,37.50612,37,30.367,NULL,-82.54359,82,32.615,NULL,N,NULL,NULL,NULL,NULL,NULL,NULL,NULL,NULL,8,3,3,6,1,1,2,2,1,3,N,NULL,Y,N,1614,1625,1637,N,NULL,53,,,N,,N,N,098-CS-1215-0,NULL,NULL,2020,O,7.24814E+11,098-CS-1215  -000,HIGH,098-CS-1215  -000,0.502,0,0,0,1,0,0,1,0,0,0,0,1,0
72503169,KSP0900,20-18124,20200515,1048,,,TOWN MOUNTAIN,,RD,KY1426,KY1426,,,,N,N,NULL,NULL,NULL,N,NULL,NULL,NULL,NULL,NULL,NULL,8.372,NULL,NULL,NULL,NULL,,NULL,0,0,2,2,N,N,55,NULL,98,9801,NULL,,Y,37.49667,37,29.8,NULL,-82.49096,82,29.458,NULL,N,NULL,NULL,NULL,NULL,NULL,NULL,NULL,NULL,5,3,2,4,1,1,2,2,7,3,N,NULL,Y,N,1055,1055,1114,N,NULL,49,,0,N,,N,N,,NULL,NULL,2020,O,7.25032E+11,098-KY-1426  -000,MEDIUM,098-KY-1426  -000,8.372,0,0,0,1,0,0,1,0,0,0,0,0,0
72503536,980100,2.02E+11,20200514,609,,,US23,N,,,,,,,N,N,NULL,NULL,NULL,N,NULL,NULL,NULL,NULL,NULL,NULL,NULL,NULL,NULL,NULL,NULL,NULL,NULL,1,0,2,2,N,N,55,NULL,98,9801,NULL,,Y,37.50375,37,30.225,NULL,-82.53216,82,31.929,NULL,N,NULL,NULL,NULL,NULL,NULL,NULL,NULL,NULL,5,3,4,6,1,1,2,2,1,3,Y,NULL,Y,Y,611,616,656,N,NULL,70,,,N,,N,N,,NULL,NULL,2020,A,7.25035E+11,098-US-0023  -000,MEDIUM,098-US-0023  -000,26.29,0,1,0,0,0,0,0,0,0,1,0,0,0
72504880,KSP0900,20-17581,20200511,658,,,US119,,,US0119,US0119,0,098 US-119-10,US0119,N,Y,FOREST HILLS,,RD,N,NULL,NULL,NULL,NULL,NULL,NULL,23.466,NULL,NULL,NULL,NULL,,NULL,0,0,2,2,N,N,55,NULL,98,9834,NULL,,Y,37.64826,37,38.896,NULL,-82.26771,82,16.063,NULL,N,NULL,NULL,NULL,NULL,NULL,NULL,NULL,NULL,3,3,4,6,1,1,3,2,8,3,N,NULL,Y,N,658,730,830,N,NULL,52,2,1,N,,N,Y,098-US-0119-10,NULL,NULL,2020,O,7.25049E+11,098-US-0119  -010,HIGH,098-US-0119  -000,23.466,0,0,0,0,0,0,0,0,0,0,1,0,1
72481546,KSP0900,20-7560,20200226,1536,,,SHELBIANA,,RD,US0460,US0460,0,098 US-460,US0460,N,N,NULL,NULL,NULL,N,NULL,NULL,NULL,NULL,NULL,NULL,4.278,NULL,NULL,NULL,NULL,,NULL,3,0,2,2,N,N,55,NULL,98,9824,NULL,,Y,37.41848,37,25.109,NULL,-82.45715,82,27.429,NULL,N,NULL,NULL,NULL,NULL,NULL,NULL,NULL,NULL,1,3,2,6,1,5,6,2,7,3,N,NULL,Y,Y,1548,1622,1648,N,NULL,55,,1,N,,N,N,098-US-0460-0,NULL,NULL,2020,C,7.24815E+11,098-US-0460  -000,HIGH,098-US-0460  -000,4.278,0,0,0,0,0,0,1,0,0,1,0,0,0
72484904,KSP0900,20-8599,20200305,1733,,,PETER FORK,,RD,,,0,098 CR-1527,CR1527,N,N,NULL,NULL,NULL,N,NULL,NULL,NULL,NULL,NULL,NULL,2.152,NULL,NULL,NULL,NULL,,NULL,0,0,2,2,Y,N,35,NULL,98,9811,NULL,,Y,37.57024,37,34.215,NULL,-82.15657,82,9.394,NULL,N,NULL,NULL,NULL,NULL,NULL,NULL,NULL,NULL,7,3,1,4,1,1,2,2,7,3,N,NULL,Y,N,1733,1810,1818,N,NULL,54,,,N,,N,N,098-CR-1527-0,NULL,NULL,2020,O,7.24849E+11,098-CR-1527  -000,HIGH,098-CR-1527  -000,2.152,0,0,0,0,0,0,0,0,0,0,0,1,0
72486236,KSP0900,20-8727,20200306,2012,,,POTTERS GROCERY,,RD,,,0,098 CR-1980,CR1980,N,N,NULL,NULL,NULL,N,NULL,NULL,NULL,NULL,NULL,NULL,0.114,NULL,NULL,NULL,NULL,,NULL,0,0,1,1,N,N,55,NULL,98,9802,NULL,,Y,37.24945,37,14.967,NULL,-82.48891,82,29.335,NULL,N,NULL,NULL,NULL,NULL,NULL,NULL,NULL,NULL,9,97,1,4,1,5,8,5,6,1,N,NULL,Y,Y,2011,2045,2045,N,NULL,40,,,N,,N,N,098-CR-1980-0,NULL,NULL,2020,O,7.24862E+11,098-CR-1980  -000,HIGH,098-CR-1980  -000,0.114,0,0,0,1,0,0,0,0,0,0,0,1,0
72468657,KSP0900,20-2811,20200122,745,,,OWSLEY,,RD,KY1384,KY1384,0,098 KY-1384,KY1384,N,N,NULL,NULL,NULL,N,NULL,NULL,NULL,NULL,NULL,NULL,3.765,NULL,NULL,NULL,NULL,,NULL,0,0,2,2,N,N,35,NULL,98,9801,2,W,N,37.4959,37,29.754,NULL,-82.58534,82,35.121,NULL,N,NULL,NULL,NULL,NULL,NULL,NULL,NULL,NULL,7,3,1,1,1,1,2,1,7,3,N,NULL,Y,N,745,820,,N,NULL,54,,0,N,,N,N,098-KY-1384-0,NULL,NULL,2020,O,7.24687E+11,098-KY-1384  -000,HIGH,098-KY-1384  -000,3.765,0,0,0,0,0,0,1,0,0,0,0,1,0
72481856,980500,2020AR018,20200228,1200,,,US23,,,US0023,US0023,0,098 US-23-10,US0023,Y,N,NULL,NULL,NULL,N,NULL,NULL,NULL,NULL,NULL,NULL,29.006,NULL,NULL,NULL,NULL,,NULL,0,0,2,2,N,N,15,NULL,98,9807,NULL,,Y,37.52361,37,31.417,NULL,-82.57253,82,34.352,NULL,N,NULL,NULL,NULL,NULL,NULL,NULL,NULL,NULL,2,97,2,6,1,5,3,2,7,3,N,NULL,Y,N,1200,1205,,N,NULL,90,,1,N,,N,N,098-US-0023-10,NULL,NULL,2020,O,7.24819E+11,098-US-0023  -010,HIGH,098-US-0023  -000,29.006,0,0,0,1,0,0,1,0,0,0,0,0,0
72477651,KSP0900,20-5381,20200210,1430,,,HARLESS,,CRK,,,0,098 CR-1664,CR1664,N,N,NULL,NULL,NULL,N,NULL,NULL,NULL,NULL,NULL,NULL,0.02,NULL,NULL,NULL,NULL,,NULL,0,0,2,2,N,N,35,NULL,98,9822,0.5,E,N,37.36386,37,21.832,NULL,-82.4069,82,24.414,NULL,N,NULL,NULL,NULL,NULL,NULL,NULL,NULL,NULL,1,3,2,1,1,1,2,2,7,3,N,NULL,Y,N,1430,1435,,N,NULL,55,,,N,,N,N,098-CR-1664-0,NULL,NULL,2020,O,7.24777E+11,098-CR-1664  -000,HIGH,098-CR-1664  -000,0.02,0,0,0,0,0,0,0,0,0,0,0,0,0
72501712,KSP0900,20-17377,20200509,1303,,3118,FISHTRAP,,RD,KY1441,KY1441,0,098 KY-1441,KY1441,N,N,NULL,NULL,NULL,N,NULL,NULL,NULL,NULL,NULL,NULL,8.813,NULL,NULL,NULL,NULL,,NULL,0,0,1,1,Y,N,45,NULL,98,9850,NULL,,Y,37.5011,37,30.066,NULL,-82.44548,82,26.729,NULL,N,NULL,NULL,NULL,NULL,NULL,NULL,NULL,NULL,9,5,2,6,1,1,2,2,7,3,N,NULL,Y,Y,1345,1452,1452,Y,NULL,51,8,0,N,,N,N,098-KY-1441-0,NULL,NULL,2020,NULL,7.25017E+11,098-KY-1441  -000,HIGH,098-KY-1441  -000,8.813,0,0,0,0,0,0,0,0,0,0,0,1,0
72475730,980100,2.02E+11,20200212,2255,,,HAROLDS BRANCH,,RD,,,0,098 CS-1223,CS1223,N,N,NULL,NULL,NULL,N,NULL,NULL,NULL,NULL,NULL,NULL,0.512,NULL,NULL,NULL,NULL,,NULL,0,0,1,1,N,N,35,NULL,98,9801,NULL,,Y,37.46958,37,28.175,NULL,-82.51546,82,30.928,NULL,N,NULL,NULL,NULL,NULL,NULL,NULL,NULL,NULL,9,3,1,3,1,5,6,6,6,3,N,NULL,Y,N,2255,2300,,N,NULL,40,,,Y,,N,N,098-CS-1223-0,NULL,NULL,2020,O,7.24757E+11,098-CS-1223  -000,HIGH,098-CS-1223  -000,0.512,0,0,0,0,0,0,0,0,1,0,0,1,0
72485868,980100,2.02E+11,20200309,1720,,,HAMBLEY,,BLVD,,,,,,Y,N,NULL,NULL,NULL,N,NULL,NULL,NULL,NULL,NULL,NULL,0.734,NULL,NULL,NULL,NULL,,NULL,0,0,2,2,N,N,15,NULL,98,9801,NULL,,Y,37.48154,37,28.893,NULL,-82.51888,82,31.133,NULL,N,NULL,NULL,NULL,NULL,NULL,NULL,NULL,NULL,2,97,NULL,6,1,1,2,2,1,3,N,NULL,Y,N,1720,1724,1724,N,NULL,90,,,N,,N,N,,NULL,NULL,2020,O,7.24859E+11,098-CS-1222  -000,MEDIUM,098-CS-1222  -000,0.734,0,0,0,1,0,0,1,0,0,0,0,0,0
72508285,KSP0900,2020-21139,20200604,1300,,,TOLER,,RD,KY0319,KY0319,0,098 KY-319,KY0319,N,N,NULL,NULL,NULL,N,NULL,NULL,NULL,NULL,NULL,NULL,5.79,NULL,NULL,NULL,NULL,,NULL,0,0,1,1,N,N,35,NULL,98,9842,NULL,,Y,37.62997,37,37.799,NULL,-82.24902,82,14.941,NULL,N,NULL,NULL,NULL,NULL,NULL,NULL,NULL,NULL,9,3,2,3,1,1,2,2,7,3,N,NULL,N,N,1300,1300,1300,N,NULL,40,7,0,N,,N,N,098-KY-0319-0,NULL,NULL,2020,O,7.25083E+11,098-KY-0319  -000,HIGH,098-KY-0319  -000,5.79,0,0,0,0,0,0,0,0,1,1,0,1,0
72435500,980100,2.019E+11,20191107,1530,,215,CASSIDY,,BLVD,,,0,098 CS-1191,CS1191,Y,N,NULL,NULL,NULL,N,NULL,NULL,NULL,NULL,NULL,NULL,0.049,NULL,NULL,NULL,NULL,,NULL,0,0,2,2,N,N,NULL,NULL,98,9801,NULL,,Y,37.50369,37,30.221,NULL,-82.53296,82,31.977,NULL,N,NULL,NULL,NULL,NULL,NULL,NULL,NULL,NULL,2,97,1,6,1,5,6,2,1,3,N,NULL,Y,N,1530,1535,1535,N,NULL,90,,,N,,N,N,098-CS-1191-0,NULL,NULL,2019,O,7.24355E+11,098-CS-1191  -000,HIGH,098-CS-1191  -000,0.049,0,0,0,0,0,0,1,0,0,0,0,0,0
72457962,980500,2019AR076,20191227,1830,,,US23,,,US0023,US0023,0,098 US-23-10,US0023,N,N,NULL,NULL,NULL,N,NULL,NULL,NULL,NULL,NULL,NULL,29.346,NULL,NULL,NULL,NULL,,NULL,1,0,3,3,N,N,45,NULL,98,9807,NULL,,Y,37.52821,37,31.693,NULL,-82.5751,82,34.506,NULL,N,NULL,NULL,NULL,NULL,NULL,NULL,NULL,NULL,5,3,6,6,1,1,3,2,7,3,Y,NULL,Y,Y,1646,1648,1800,N,NULL,49,,1,N,,N,N,098-US-0023-10,NULL,NULL,2019,B,7.2458E+11,098-US-0023  -010,HIGH,098-US-0023  -000,29.346,0,0,1,1,0,0,1,0,0,0,0,0,0
72476828,980100,2.02E+11,20200215,1637,,,BYPASS,N,RD,KY1460,KY1460,0,098 KY-1460,KY1460,N,N,NULL,NULL,NULL,N,NULL,NULL,NULL,NULL,NULL,NULL,5.938,NULL,NULL,NULL,NULL,,NULL,0,0,2,2,N,N,45,NULL,98,9801,NULL,,Y,37.48735,37,29.241,NULL,-82.527,82,31.62,NULL,N,NULL,NULL,NULL,NULL,NULL,NULL,NULL,NULL,7,3,2,6,1,1,2,2,1,3,N,NULL,Y,N,1638,1641,1657,N,NULL,54,16,0,N,,N,N,098-KY-1460-0,NULL,NULL,2020,O,7.24768E+11,098-KY-1460  -000,HIGH,098-KY-1460  -000,5.938,0,0,0,1,0,0,0,0,0,0,0,1,0
72511254,980100,2.02E+11,20200615,840,,,US23,,,US0023,US0023,0,098 US-23,US0023,N,N,NULL,NULL,NULL,N,NULL,NULL,NULL,NULL,NULL,NULL,21.404,NULL,NULL,NULL,NULL,,NULL,0,0,2,2,N,N,55,NULL,98,9801,NULL,,Y,37.45056,37,27.033,NULL,-82.52413,82,31.448,NULL,N,NULL,NULL,NULL,NULL,NULL,NULL,NULL,NULL,5,3,4,6,1,1,2,2,1,3,N,NULL,Y,N,840,847,840,N,NULL,49,,1,Y,,N,N,098-US-0023-0,NULL,NULL,2020,O,7.25113E+11,098-US-0023  -000,HIGH,098-US-0023  -000,21.404,0,0,0,0,0,0,1,0,0,0,0,0,0
72526907,KSP0900,20-619850,20200726,1828,,,ELKHORN,,CRK,KY0197,KY0197,0,098 KY-197,KY0197,N,N,NULL,NULL,NULL,N,NULL,NULL,NULL,NULL,NULL,NULL,0.018,NULL,NULL,NULL,NULL,,NULL,0,0,2,2,N,N,55,NULL,98,9867,NULL,,Y,37.21259,37,12.755,NULL,-82.55679,82,33.407,NULL,N,NULL,NULL,NULL,NULL,NULL,NULL,NULL,NULL,1,3,2,6,1,1,2,2,7,3,N,NULL,Y,N,1830,1850,,N,NULL,55,7,0,N,,N,N,098-KY-0197-0,NULL,NULL,2020,O,7.25269E+11,098-KY-0197  -000,HIGH,098-KY-0197  -000,0.018,0,0,0,1,0,0,1,0,0,1,0,0,0
72483989,KSP0900,20-8470,20200304,1907,,,SHELBIANA,,RD,US0460,US0460,0,098 US-460,US0460,Y,N,NULL,NULL,NULL,N,NULL,NULL,NULL,NULL,NULL,NULL,2.622,NULL,NULL,NULL,NULL,,NULL,0,0,2,2,N,N,NULL,NULL,98,9801,NULL,,Y,37.43087,37,25.852,NULL,-82.48042,82,28.825,NULL,N,NULL,NULL,NULL,NULL,NULL,NULL,NULL,NULL,2,97,2,6,1,1,2,3,5,3,N,NULL,Y,N,2213,2227,,N,NULL,90,,1,N,,N,N,098-US-0460-0,NULL,NULL,2020,O,7.2484E+11,098-US-0460  -000,HIGH,098-US-0460  -000,2.622,0,0,1,0,0,0,1,0,0,0,0,0,0
72438213,980100,2.019E+11,20191118,1225,,,KY3496,,,KY3496,KY3496,,,,N,N,NULL,NULL,NULL,N,NULL,NULL,NULL,NULL,NULL,NULL,0.148,NULL,NULL,NULL,NULL,,NULL,0,0,2,2,N,N,35,NULL,98,9801,NULL,,Y,37.46624,37,27.974,NULL,-82.53032,82,31.819,NULL,N,NULL,NULL,NULL,NULL,NULL,NULL,NULL,NULL,1,3,2,3,1,1,2,2,1,3,N,NULL,Y,N,1226,1231,,N,NULL,55,16,0,N,,N,N,,NULL,NULL,2019,O,7.24382E+11,098-KY-3496  -000,HIGH,098-KY-3496  -000,0.148,0,0,0,1,0,0,1,0,0,0,0,0,0
72454990,KSP0900,19-45477,20191119,943,,,US460,,,US0460,US0460,0,098 US-460,US0460,N,N,NULL,NULL,NULL,N,NULL,NULL,NULL,NULL,NULL,NULL,11.861,NULL,NULL,NULL,NULL,,NULL,0,0,2,2,N,N,55,NULL,98,9802,NULL,,Y,37.3522,37,21.132,NULL,-82.39146,82,23.488,NULL,N,NULL,NULL,NULL,NULL,NULL,NULL,NULL,NULL,5,3,2,6,1,1,3,2,7,3,N,NULL,Y,N,943,943,1030,N,NULL,49,,1,N,,N,N,098-US-0460-0,NULL,NULL,2019,O,7.2455E+11,098-US-0460  -000,HIGH,098-US-0460  -000,11.861,0,0,1,0,0,0,0,0,0,0,0,0,0
72500059,KSP0900,20-17281,20200508,1554,,,US460,,,US0460,US0460,0,098 US-460,US0460,N,N,NULL,NULL,NULL,N,NULL,NULL,NULL,NULL,NULL,NULL,12.877,NULL,NULL,NULL,NULL,,NULL,0,0,1,1,N,N,55,NULL,98,9802,NULL,,Y,37.33816,37,20.29,NULL,-82.39335,82,23.601,NULL,N,NULL,NULL,NULL,NULL,NULL,NULL,NULL,NULL,9,4,2,6,1,5,6,2,7,3,N,NULL,N,N,1554,1628,1628,N,NULL,40,,1,N,,N,N,098-US-0460-0,NULL,NULL,2020,O,7.25001E+11,098-US-0460  -000,HIGH,098-US-0460  -000,12.877,0,0,0,0,0,0,0,0,0,0,0,1,0
72386682,KSP0900,2019-28278,20190724,25,,,KY3527,,,KY3527,KY3527,0,098 KY-3527,KY3527,N,N,NULL,NULL,NULL,N,NULL,NULL,NULL,NULL,NULL,NULL,0.478,NULL,NULL,NULL,NULL,,NULL,0,0,1,1,N,N,55,NULL,98,9827,NULL,,Y,37.2818,37,16.908,NULL,-82.59392,82,35.635,NULL,N,NULL,NULL,NULL,NULL,NULL,NULL,NULL,NULL,9,4,2,4,1,1,2,6,7,3,N,NULL,Y,N,2212,2254,2359,N,NULL,44,8,0,N,,N,N,098-KY-3527-0,NULL,NULL,2019,O,7.23867E+11,098-KY-3527  -000,HIGH,098-KY-3527  -000,0.478,0,0,0,0,0,0,0,0,0,0,0,1,0