MasterFile,AgencyORINumber,LocalCode,CollisionDate,CollisionTime,CollisionDayWeekCode,RoadwayName_HouseBusinessNumber_,RoadwayName_RoadwayName_,RoadwayName_Direction_,RoadwayName_RoadwaySuffix_,RoadwayfromReport,CurrentRoadwayNumber,RoadwayNumberCoupletID,RSEUniqueGIS,RoadwayIdentifier,ParkingLotIndicator,IntersectionWith_Indicator_,IntersectionWith_NameRoadway_,IntersectionWith_Direction_,IntersectionWith_RoadwaySuffix_,BetweenStreets_Indicator_,BetweenStreets1_NameRoadway_,BetweenStreet1_Direction_,BetweenStreets1_RoadwaySuffix_,BetweenStreets2_NameRoadway_,BetweenStreets2_Direction_,BetweenStreets2_RoadwaySuffix_,Milepoint,ReportMilepointDeriveNumber,CurrentDerivedMiepointNumber,MilestoMilepoint,FeettoMilepoint,DirectionfromMilepoint_NSEW_,ValidMilepointIndicator,NumberInjured,NumberKilled,ofUnits,ofMotorVehicleUnits,Hit&RunIndicator,OneWayIndicator,SpeedLimitNumber,KilometersIndicator,CountyCode,CityCountyCode,MilesFromCity,DirectionFromCity_NSEW_,InCityLimitsIndicator,Latitude,LatitudeDegrees,LatitudeMinutes,LatitudeSeconds,Longitude,LongitudeDegrees,LongitudeMinutes,LongitudeSeconds,RampIndicator,RampFromIdentifier,RampFromDirCode,RampFromCoupletID,RSEUniqueGISRampFrom,RampToidentifier,RampToDirCode,RampToCoupletID,RSEUniqueGisRampTo,MannerofCollisionCode,LocationFirstEventCode,TotalLanes,RoadwayCharacterCode,RoadwaySurfaceCode,RoadwayConditionCode,WeatherCode,LightConditionCode,LandUseCode,SchoolBusRelatedCode,FirstAidSceneIndicator,CollDescPresentInd,InvestigationCompleteIndicator,PhotosTakenIndicator,TimeNotified,TimeArrived,TimeRoadwayOpened,PropertyDamageIndicator,DiagramPresentIndicator,DirectionalAnalysis,FunctionClassCode,NationalHwySysCode,EnforcementsIndicator,KARSCityCode,SecondaryCollisionIndicator,MedianCrossoverIndicator,RT_UNIQUE,MapIt,TimeLastLeft,YR,KABCO,MFNY,WorkingRID,RT_CONFIDENCE,KTC_RT,KTC_MP,Motorcyclist,CommercialVehicle,YoungDriver,MatureDriver,pedestrian,Bicyclist,Distracted,agressive,Impaired,Unrestrained,Intersection,RoadwayDeparture,MedXover
72386788,KSP0900,19-27321,20190718,1305,,,MALL,,RD,,,0,098 CR-1037,CR1037,Y,N,NULL,NULL,NULL,N,NULL,NULL,NULL,NULL,NULL,NULL,0.089,NULL,NULL,NULL,NULL,,NULL,1,0,2,2,N,N,15,NULL,98,9834,NULL,,Y,37.65344,37,39.206,NULL,-82.27123,82,16.274,NULL,N,NULL,NULL,NULL,NULL,NULL,NULL,NULL,NULL,2,97,2,6,1,1,3,2,1,3,Y,NULL,Y,Y,1305,1310,1330,N,NULL,90,,,N,,N,N,098-CR-1037-0,NULL,NULL,2019,C,7.23868E+11,098-CR-1037  -000,HIGH,098-CR-1037  -000,0.089,0,0,0,0,0,0,1,1,0,0,0,0,0
72471984,980100,2.02E+11,20200204,1951,,,MAYO,S,TRL,KY3496,KY3496,0,098 KY-3496,KY3496,Y,N,NULL,NULL,NULL,N,NULL,NULL,NULL,NULL,NULL,NULL,0.588,NULL,NULL,NULL,NULL,,NULL,0,0,2,2,N,N,15,NULL,98,9801,NULL,,Y,37.47129,37,28.277,NULL,-82.5332,82,31.992,NULL,N,NULL,NULL,NULL,NULL,NULL,NULL,NULL,NULL,5,97,2,6,1,5,6,5,1,3,N,NULL,Y,N,1951,1956,1958,N,NULL,90,16,0,N,,N,N,098-KY-3496-0,NULL,NULL,2020,O,7.2472E+11,098-KY-3496  -000,HIGH,098-KY-3496  -000,0.588,0,0,0,0,0,0,0,0,0,0,0,0,0
72464665,KSP0900,20-159,20200102,600,,,KY194,,,KY0194,KY0194,0,098 KY-194,KY0194,N,N,NULL,NULL,NULL,N,NULL,NULL,NULL,NULL,NULL,NULL,11.42,NULL,NULL,NULL,NULL,,NULL,0,0,2,2,N,N,55,NULL,98,9831,NULL,,Y,37.59953,37,35.972,NULL,-82.50837,82,30.502,NULL,N,NULL,NULL,NULL,NULL,NULL,NULL,NULL,NULL,7,3,2,6,1,1,2,6,7,3,N,NULL,Y,N,606,652,600,N,NULL,54,7,0,N,,N,N,098-KY-0194-0,NULL,NULL,2020,O,7.24647E+11,098-KY-0194  -000,HIGH,098-KY-0194  -000,11.42,0,0,0,1,0,0,0,0,0,0,0,1,0
72515412,980000,20-06-006,20200627,1820,,,US119,,,US0119,US0119,0,098 US-119-10,US0119,N,N,NULL,NULL,NULL,N,NULL,NULL,NULL,NULL,NULL,NULL,9.336,NULL,NULL,NULL,NULL,,NULL,0,0,1,1,N,N,55,NULL,98,9820,NULL,,Y,37.57607,37,34.564,NULL,-82.41484,82,24.89,NULL,N,NULL,NULL,NULL,NULL,NULL,NULL,NULL,NULL,9,3,2,4,1,1,3,2,1,3,N,NULL,N,Y,1825,1835,1835,N,NULL,38,2,1,N,,N,N,098-US-0119-10,NULL,NULL,2020,O,7.25154E+11,098-US-0119  -010,HIGH,098-US-0119  -000,9.336,0,0,0,0,0,0,0,0,0,0,0,0,0
72475181,KSP0900,20-3627,20200128,1214,,,KY194,,,KY0194,KY0194,0,098 KY-194,KY0194,N,N,NULL,NULL,NULL,N,NULL,NULL,NULL,NULL,NULL,NULL,22.843,NULL,NULL,NULL,NULL,,NULL,1,0,1,1,N,N,55,NULL,98,9817,NULL,,Y,37.53969,37,32.382,NULL,-82.37258,82,22.355,NULL,N,NULL,NULL,NULL,NULL,NULL,NULL,NULL,NULL,9,3,2,3,1,5,3,2,7,3,Y,NULL,Y,Y,1254,1334,1404,N,NULL,44,6,0,N,,N,N,098-KY-0194-0,NULL,NULL,2020,C,7.24752E+11,098-KY-0194  -000,HIGH,098-KY-0194  -000,22.843,0,0,0,1,0,0,0,0,0,0,0,1,0
72521984,980100,2.02E+11,20200717,1414,,,TOWN MOUNTAIN,,RD,KY1426,KY1426,,,,N,N,NULL,NULL,NULL,N,NULL,NULL,NULL,NULL,NULL,NULL,6.921,NULL,NULL,NULL,NULL,,NULL,0,0,2,2,N,N,35,NULL,98,9801,NULL,,Y,37.48617,37,29.17,NULL,-82.50915,82,30.549,NULL,N,NULL,NULL,NULL,NULL,NULL,NULL,NULL,NULL,5,3,2,6,1,5,3,2,1,3,N,NULL,Y,N,1414,1420,1426,N,NULL,49,,0,N,,N,N,,NULL,NULL,2020,O,7.2522E+11,098-KY-1426  -000,HIGH,098-KY-1426  -000,6.921,0,0,0,0,0,0,1,0,0,0,0,0,0
72403419,980100,2.019E+11,20190906,927,,,BANK,,ST,,,,,,Y,N,NULL,NULL,NULL,N,NULL,NULL,NULL,NULL,NULL,NULL,0.038,NULL,NULL,NULL,NULL,,NULL,0,0,2,2,N,N,NULL,NULL,98,9801,NULL,,Y,37.47562,37,28.537,NULL,-82.52113,82,31.268,NULL,N,NULL,NULL,NULL,NULL,NULL,NULL,NULL,NULL,7,97,1,6,1,1,2,2,8,3,N,NULL,Y,N,927,929,,N,NULL,90,,,N,,N,N,,NULL,NULL,2019,O,7.24034E+11,098-CS-1106  -000,HIGH,098-CS-1106  -000,0.038,0,0,1,0,0,0,1,0,0,0,0,0,0
72500360,980000,20-05-002,20200505,2149,,,STATE HIGHWAY 292,E,,,,0,098 CR-1061,CR1061,N,N,NULL,NULL,NULL,N,NULL,NULL,NULL,NULL,NULL,NULL,0.123,NULL,NULL,NULL,NULL,,NULL,1,0,2,2,N,N,35,NULL,98,9869,NULL,,Y,37.62618,37,37.571,NULL,-82.21604,82,12.963,NULL,N,NULL,NULL,NULL,NULL,NULL,NULL,NULL,NULL,3,3,2,1,1,5,3,6,6,3,N,NULL,Y,Y,2149,2204,2313,N,NULL,52,,,Y,,N,N,098-CR-1061-0,NULL,NULL,2020,C,7.25004E+11,098-CR-1061  -000,HIGH,098-CR-1061  -000,0.123,0,0,0,0,0,0,0,0,0,0,0,1,0
72518769,KSP0900,20-588486,20200707,1820,,,US460,,,US0460,US0460,0,098 US-460,US0460,N,N,NULL,NULL,NULL,N,NULL,NULL,NULL,NULL,NULL,NULL,4.785,NULL,NULL,NULL,NULL,,NULL,1,0,2,2,N,N,55,NULL,98,9824,NULL,,Y,37.41346,37,24.807,NULL,-82.45106,82,27.064,NULL,N,NULL,NULL,NULL,NULL,NULL,NULL,NULL,NULL,5,3,2,6,1,1,3,2,7,3,N,NULL,Y,Y,1825,1830,1852,N,NULL,70,,1,N,,N,N,098-US-0460-0,NULL,NULL,2020,C,7.25188E+11,098-US-0460  -000,HIGH,098-US-0460  -000,4.785,0,0,1,0,0,0,1,0,0,0,0,1,0
72477574,KSP0900,20-5530,20200211,1529,,,US119,,,US0119,US0119,0,098 US-119-10,US0119,N,N,NULL,NULL,NULL,N,NULL,NULL,NULL,NULL,NULL,NULL,23.164,NULL,NULL,NULL,NULL,,NULL,0,0,2,2,N,N,55,NULL,98,9836,NULL,,Y,37.64399,37,38.639,NULL,-82.26633,82,15.98,NULL,N,NULL,NULL,NULL,NULL,NULL,NULL,NULL,NULL,4,3,4,6,1,5,6,2,7,3,N,NULL,N,N,1537,1540,1540,N,NULL,70,2,1,N,,N,N,098-US-0119-10,NULL,NULL,2020,O,7.24776E+11,098-US-0119  -010,HIGH,098-US-0119  -000,23.164,0,0,0,1,0,0,1,0,0,0,0,0,0
72519335,980500,2020AR035,20200709,1440,,23,COUNTRY MUSIC HIGHWAY,,,,,,,,N,N,NULL,NULL,NULL,N,NULL,NULL,NULL,NULL,NULL,NULL,NULL,NULL,NULL,NULL,NULL,NULL,NULL,0,0,2,2,N,N,45,NULL,98,9807,NULL,,Y,37.5298,37,31.788,NULL,-82.57588,82,34.553,NULL,N,NULL,NULL,NULL,NULL,NULL,NULL,NULL,NULL,1,3,2,6,1,1,2,2,7,3,N,NULL,Y,Y,1438,1440,1440,N,NULL,55,,0,N,,N,N,,NULL,NULL,2020,O,7.25193E+11,098-US-0023  -000,MEDIUM,098-US-0023  -000,29.464,0,0,0,0,0,0,1,0,0,0,0,1,0
72456696,980100,2.019E+11,20191228,23,,805,HAMBLEY,,BLVD,,,0,098 CS-1222,CS1222,Y,N,NULL,NULL,NULL,N,NULL,NULL,NULL,NULL,NULL,NULL,0.47,NULL,NULL,NULL,NULL,,NULL,0,0,2,2,N,N,NULL,NULL,98,9801,NULL,,Y,37.47805,37,28.683,NULL,-82.52067,82,31.24,NULL,N,NULL,NULL,NULL,NULL,NULL,NULL,NULL,NULL,2,97,2,6,2,1,2,5,1,3,N,NULL,Y,N,23,30,,N,NULL,90,,,N,,N,N,098-CS-1222-0,NULL,NULL,2019,O,7.24567E+11,098-CS-1222  -000,HIGH,098-CS-1222  -000,0.47,0,0,0,0,0,0,1,0,0,0,0,0,0
72508664,980100,2.02E+11,20200601,2111,,,CASSIDY,,BLVD,,,,,,N,N,NULL,NULL,NULL,N,NULL,NULL,NULL,NULL,NULL,NULL,0.318,NULL,NULL,NULL,NULL,,NULL,0,0,2,2,N,N,25,NULL,98,9801,NULL,,Y,37.50521,37,30.312,NULL,-82.5372,82,32.232,NULL,N,NULL,NULL,NULL,NULL,NULL,NULL,NULL,NULL,1,3,2,3,1,1,2,5,7,3,N,NULL,N,N,2111,2112,2112,N,NULL,55,,,N,,N,N,,NULL,NULL,2020,O,7.25087E+11,098-CS-1191  -000,MEDIUM,098-CS-1191  -000,0.318,0,0,0,1,0,0,1,0,0,0,0,0,0
72487132,KSP0900,20-9523,20200312,1831,,3889,US23,,,US0023,US0023,0,098 US-23-10,US0023,Y,N,NULL,NULL,NULL,N,NULL,NULL,NULL,NULL,NULL,NULL,28.206,NULL,NULL,NULL,NULL,,NULL,0,0,2,2,Y,N,15,NULL,98,9807,NULL,,Y,37.51636,37,30.982,NULL,-82.56158,82,33.695,NULL,N,NULL,NULL,NULL,NULL,NULL,NULL,NULL,NULL,7,7,4,6,1,1,3,2,1,3,N,NULL,Y,N,1831,1845,1900,N,NULL,90,,1,N,,N,N,098-US-0023-10,NULL,NULL,2020,NULL,7.24871E+11,098-US-0023  -010,HIGH,098-US-0023  -000,28.206,0,0,0,0,0,0,0,0,0,0,0,0,0
72497233,980100,2.02E+11,20200424,1336,,,KY1426,,,KY1426,KY1426,,,,Y,N,NULL,NULL,NULL,N,NULL,NULL,NULL,NULL,NULL,NULL,6.921,NULL,NULL,NULL,NULL,,NULL,0,0,2,2,N,N,NULL,NULL,98,9801,NULL,,Y,37.48618,37,29.17,NULL,-82.50913,82,30.548,NULL,N,NULL,NULL,NULL,NULL,NULL,NULL,NULL,NULL,2,97,NULL,6,1,5,6,2,1,3,N,NULL,Y,N,1336,1338,,N,NULL,90,,0,N,,N,N,,NULL,NULL,2020,O,7.24972E+11,098-KY-1426  -000,HIGH,098-KY-1426  -000,6.921,0,0,0,0,0,0,1,0,0,0,0,0,0
72477439,KSP0900,2020-5949,20200214,1729,,,US460,,,US0460,US0460,0,098 US-460,US0460,N,N,NULL,NULL,NULL,N,NULL,NULL,NULL,NULL,NULL,NULL,2.831,NULL,NULL,NULL,NULL,,NULL,0,0,2,2,N,N,55,NULL,98,9824,NULL,,Y,37.42987,37,25.792,NULL,-82.47816,82,28.689,NULL,N,NULL,NULL,NULL,NULL,NULL,NULL,NULL,NULL,8,3,2,6,1,1,2,2,7,3,N,NULL,Y,N,1729,1740,1802,N,NULL,53,,1,N,,N,N,098-US-0460-0,NULL,NULL,2020,O,7.24774E+11,098-US-0460  -000,HIGH,098-US-0460  -000,2.831,0,0,0,0,0,0,1,0,0,0,0,1,0
72491130,KSP0900,20-10924,20200324,1400,,6234,COWPEN,,RD,KY2061,KY2061,0,098 KY-2061,KY2061,N,N,NULL,NULL,NULL,N,NULL,NULL,NULL,NULL,NULL,NULL,5.642,NULL,NULL,NULL,NULL,,NULL,1,0,2,2,N,N,55,NULL,98,9801,NULL,,Y,37.58492,37,35.095,NULL,-82.54166,82,32.5,NULL,N,NULL,NULL,NULL,NULL,NULL,NULL,NULL,NULL,5,3,2,3,1,1,2,2,7,3,Y,NULL,Y,Y,1400,1430,1510,N,NULL,49,,0,N,,N,N,098-KY-2061-0,NULL,NULL,2020,C,7.24911E+11,098-KY-2061  -000,HIGH,098-KY-2061  -000,5.642,0,0,0,1,0,0,1,0,0,1,0,0,0
72532828,980100,2.02E+11,20200818,1530,,,CASSIDY,,BLVD,,,,,,N,N,NULL,NULL,NULL,N,NULL,NULL,NULL,NULL,NULL,NULL,0.266,NULL,NULL,NULL,NULL,,NULL,0,0,2,2,N,N,25,NULL,98,9801,NULL,,Y,37.5047,37,30.282,NULL,-82.5362,82,32.172,NULL,N,NULL,NULL,NULL,NULL,NULL,NULL,NULL,NULL,1,3,4,6,1,1,2,2,7,3,N,NULL,N,N,1530,1531,1531,N,NULL,55,,,N,,N,N,,NULL,NULL,2020,O,7.25328E+11,098-CS-1191  -000,MEDIUM,098-CS-1191  -000,0.266,0,0,0,0,0,0,1,0,0,0,0,0,0
72500449,KSP0900,20-16993,20200506,1730,,,STONE COAL CREEK,,RD,KY3227,KY3227,0,098 KY-3227,KY3227,N,N,NULL,NULL,NULL,N,NULL,NULL,NULL,NULL,NULL,NULL,2.307,NULL,NULL,NULL,NULL,,NULL,0,0,2,2,N,N,55,NULL,98,9801,3.2,N,N,37.53674,37,32.204,NULL,-82.52721,82,31.633,NULL,N,NULL,NULL,NULL,NULL,NULL,NULL,NULL,NULL,7,3,2,1,1,1,3,2,6,3,N,NULL,Y,N,1806,1834,,N,NULL,54,8,0,N,,N,N,098-KY-3227-0,NULL,NULL,2020,O,7.25004E+11,098-KY-3227  -000,HIGH,098-KY-3227  -000,2.307,0,0,0,0,0,0,0,0,0,0,0,1,0
72530918,KSP0900,20-646427,20200812,1727,,,US23,,,US0023,US0023,0,098 US-23,US0023,Y,N,NULL,NULL,NULL,N,NULL,NULL,NULL,NULL,NULL,NULL,NULL,NULL,NULL,NULL,NULL,,NULL,0,0,2,2,N,N,15,NULL,98,9827,NULL,,Y,37.34202,37,20.521,NULL,-82.5504,82,33.024,NULL,N,NULL,NULL,NULL,NULL,NULL,NULL,NULL,NULL,2,97,1,6,1,1,2,2,5,3,N,NULL,Y,N,1727,1736,,N,NULL,90,,1,N,,N,N,098-US-0023-0,NULL,NULL,2020,O,7.25309E+11,098-US-0023  -000,HIGH,098-US-0023  -000,10.325,0,0,0,0,0,0,1,0,0,0,0,0,0
72481207,KSP0900,20-849,20200107,803,,,TOLER,,RD,KY0319,KY0319,0,098 KY-319,KY0319,N,N,NULL,NULL,NULL,N,NULL,NULL,NULL,NULL,NULL,NULL,2.241,NULL,NULL,NULL,NULL,,NULL,0,0,1,1,N,N,55,NULL,98,9842,NULL,,Y,37.60019,37,36.011,NULL,-82.20628,82,12.377,NULL,N,NULL,NULL,NULL,NULL,NULL,NULL,NULL,NULL,9,6,2,3,1,2,9,2,7,3,N,NULL,Y,N,910,942,1000,N,NULL,44,7,0,N,,N,N,098-KY-0319-0,NULL,NULL,2020,O,7.24812E+11,098-KY-0319  -000,HIGH,098-KY-0319  -000,2.241,0,0,0,0,0,0,0,0,0,0,0,1,0
72427260,KSP0900,19-42045,20191025,2144,,,US119,,,US0119,US0119,0,098 US-119,US0119,N,N,NULL,NULL,NULL,N,NULL,NULL,NULL,NULL,NULL,NULL,24.063,NULL,NULL,NULL,NULL,,NULL,0,0,2,2,N,N,25,NULL,98,9834,NULL,,Y,37.65656,37,39.393,NULL,-82.27046,82,16.228,NULL,N,NULL,NULL,NULL,NULL,NULL,NULL,NULL,NULL,4,3,4,5,1,1,2,7,7,3,N,NULL,Y,N,2149,2155,2149,N,NULL,70,2,1,N,,N,N,098-US-0119-0,NULL,NULL,2019,O,7.24273E+11,098-US-0119  -000,HIGH,098-US-0119  -000,24.063,0,0,0,0,0,0,0,1,0,0,0,0,0
72504073,980100,2.02E+11,20200519,1815,,,KY1460,,,KY1460,KY1460,,,,N,N,NULL,NULL,NULL,N,NULL,NULL,NULL,NULL,NULL,NULL,6.648,NULL,NULL,NULL,NULL,,NULL,0,0,2,2,N,N,45,NULL,98,9801,NULL,,Y,37.48352,37,29.011,NULL,-82.53831,82,32.299,NULL,N,NULL,NULL,NULL,NULL,NULL,NULL,NULL,NULL,1,3,2,6,1,5,3,2,6,3,N,NULL,N,N,1810,1815,1820,N,NULL,55,16,0,N,,N,N,,NULL,NULL,2020,O,7.25041E+11,098-KY-1460  -000,HIGH,098-KY-1460  -000,6.648,0,0,0,1,0,0,1,0,0,0,0,0,0
72474800,980000,20-01-003,20200121,1000,,,RACCOON,,RD,,,0,098 CR-1322,CR1322,N,N,NULL,NULL,NULL,N,NULL,NULL,NULL,NULL,NULL,NULL,0.354,NULL,NULL,NULL,NULL,,NULL,1,0,1,1,N,N,45,NULL,98,9832,NULL,,Y,37.48206,37,28.924,NULL,-82.40363,82,24.218,NULL,N,NULL,NULL,NULL,NULL,NULL,NULL,NULL,NULL,9,5,2,3,1,1,3,2,7,3,N,NULL,Y,Y,1000,1010,1010,N,NULL,51,,,Y,,N,N,098-CR-1322-0,NULL,NULL,2020,C,7.24748E+11,098-CR-1322  -000,HIGH,098-CR-1322  -000,0.354,0,0,0,0,0,0,0,0,1,0,0,1,0
72472582,980100,2.02E+11,20200123,123,,,KY1460,,,KY1460,KY1460,0,098 KY-1460,KY1460,N,N,NULL,NULL,NULL,N,NULL,NULL,NULL,NULL,NULL,NULL,7.075,NULL,NULL,NULL,NULL,,NULL,0,0,1,1,N,N,45,NULL,98,9801,NULL,,Y,37.48635,37,29.181,NULL,-82.54296,82,32.578,NULL,N,NULL,NULL,NULL,NULL,NULL,NULL,NULL,NULL,9,3,2,6,1,1,2,4,1,3,N,NULL,Y,N,123,127,,N,NULL,38,16,0,N,,N,N,098-KY-1460-0,NULL,NULL,2020,O,7.24726E+11,098-KY-1460  -000,HIGH,098-KY-1460  -000,7.075,0,0,0,0,0,0,0,0,0,0,0,0,0
72483603,KSP0900,20-7848,20200229,915,,,KY1056,,,KY1056,KY1056,0,098 KY-1056,KY1056,N,N,NULL,NULL,NULL,N,NULL,NULL,NULL,NULL,NULL,NULL,9.608,NULL,NULL,NULL,NULL,,NULL,2,0,2,2,N,N,55,NULL,98,9863,NULL,,Y,37.59898,37,35.939,NULL,-82.16787,82,10.072,NULL,N,NULL,NULL,NULL,NULL,NULL,NULL,NULL,NULL,3,3,2,3,1,2,2,1,7,3,Y,NULL,N,Y,915,934,1117,N,NULL,52,7,0,N,,N,N,098-KY-1056-0,NULL,NULL,2020,B,7.24836E+11,098-KY-1056  -000,HIGH,098-KY-1056  -000,9.608,0,0,0,1,0,0,0,0,0,0,0,1,0
72503164,KSP0900,20-17893,20200513,1910,,,ABNER FORK,,RD,,,0,098 CR-1648,CR1648,N,N,NULL,NULL,NULL,N,NULL,NULL,NULL,NULL,NULL,NULL,1.427,NULL,NULL,NULL,NULL,,NULL,4,0,2,2,N,N,15,NULL,98,9802,4,E,N,37.37199,37,22.319,NULL,-82.33003,82,19.802,NULL,N,NULL,NULL,NULL,NULL,NULL,NULL,NULL,NULL,3,3,1,4,1,5,3,4,6,3,Y,NULL,Y,Y,1911,1950,1911,N,NULL,52,,,Y,,N,N,098-CR-1648-0,NULL,NULL,2020,B,7.25032E+11,098-CR-1648  -000,HIGH,098-CR-1648  -000,1.427,0,0,0,0,0,0,0,0,0,0,0,1,0
72472223,980100,2.02E+11,20200205,705,,,BYPASS,S,RD,KY1426,KY1426,0,098 KY-1426,KY1426,N,N,NULL,NULL,NULL,N,NULL,NULL,NULL,NULL,NULL,NULL,5.641,NULL,NULL,NULL,NULL,,NULL,0,0,2,2,N,N,55,NULL,98,9801,NULL,,Y,37.4726,37,28.356,NULL,-82.5237,82,31.422,NULL,N,NULL,NULL,NULL,NULL,NULL,NULL,NULL,NULL,2,3,2,6,1,5,6,6,1,3,N,NULL,Y,N,705,708,708,N,NULL,56,,0,N,,N,N,098-KY-1426-0,NULL,NULL,2020,O,7.24722E+11,098-KY-1426  -000,HIGH,098-KY-1426  -000,5.641,0,0,0,0,0,0,1,0,0,0,0,0,0
72432265,KSP0900,2019-43622,20191105,2344,,,GRAPEVINE,,RD,KY0194,KY0194,0,098 KY-194,KY0194,N,N,NULL,NULL,NULL,N,NULL,NULL,NULL,NULL,NULL,NULL,31.68,NULL,NULL,NULL,NULL,,NULL,0,0,1,1,N,N,45,NULL,98,9849,NULL,,Y,37.43313,37,25.988,NULL,-82.35651,82,21.391,NULL,N,NULL,NULL,NULL,NULL,NULL,NULL,NULL,NULL,9,3,2,5,1,1,2,6,7,3,N,NULL,N,N,2344,5,115,N,NULL,40,7,0,N,,N,N,098-KY-0194-0,NULL,NULL,2019,O,7.24323E+11,098-KY-0194  -000,HIGH,098-KY-0194  -000,31.68,0,0,0,0,0,0,0,0,0,0,0,1,0
72438653,370200,2019-44852,20191115,753,,,US23,,,US0023,US0023,,,,N,N,NULL,NULL,NULL,N,NULL,NULL,NULL,NULL,NULL,NULL,19.973,NULL,NULL,NULL,NULL,,NULL,0,0,2,1,N,N,55,NULL,98,9801,NULL,,Y,37.44948,37,26.969,NULL,-82.51158,82,30.695,NULL,N,NULL,NULL,NULL,NULL,NULL,NULL,NULL,NULL,5,3,4,2,1,1,3,2,7,3,N,NULL,N,N,753,753,753,N,NULL,49,,1,N,,N,N,,NULL,NULL,2019,O,7.24387E+11,098-US-0023  -000,MEDIUM,098-US-0023  -000,19.973,0,0,0,1,0,0,1,0,0,0,0,0,0
72495990,980100,2.02E+11,20200420,1552,,,CHLOE,,RD,KY1460,KY1460,0,098 KY-1460,KY1460,N,N,NULL,NULL,NULL,N,NULL,NULL,NULL,NULL,NULL,NULL,1.867,NULL,NULL,NULL,NULL,,NULL,0,0,1,1,N,N,45,NULL,98,9801,0.5,E,N,37.45644,37,27.386,NULL,-82.47818,82,28.691,NULL,N,NULL,NULL,NULL,NULL,NULL,NULL,NULL,NULL,9,3,2,3,1,1,2,2,6,3,N,NULL,Y,N,1927,1927,1614,N,NULL,70,,0,Y,,N,N,098-KY-1460-0,NULL,NULL,2020,O,7.2496E+11,098-KY-1460  -000,HIGH,098-KY-1460  -000,1.867,1,0,0,0,0,0,0,0,0,0,0,1,0
72525183,370200,2020-592799,20200710,939,,,KY3416,,,KY3416,KY3416,0,098 KY-3416,KY3416,N,N,NULL,NULL,NULL,N,NULL,NULL,NULL,NULL,NULL,NULL,0.486,NULL,NULL,NULL,NULL,,NULL,0,0,2,2,N,N,35,NULL,98,9801,NULL,,Y,37.43572,37,26.143,NULL,-82.54633,82,32.779,NULL,N,NULL,NULL,NULL,NULL,NULL,NULL,NULL,NULL,7,3,2,3,1,1,2,2,7,3,N,NULL,Y,N,939,942,942,N,NULL,54,9,0,N,,N,N,098-KY-3416-0,NULL,NULL,2020,O,7.25252E+11,098-KY-3416  -000,HIGH,098-KY-3416  -000,0.486,0,1,0,0,0,0,0,0,0,0,0,1,0
72469526,980100,2.02E+11,20200115,1907,,,WALNUT,,DR,,,0,098 CS-1095,CS1095,N,N,NULL,NULL,NULL,N,NULL,NULL,NULL,NULL,NULL,NULL,0.131,NULL,NULL,NULL,NULL,,NULL,0,0,2,2,N,N,15,NULL,98,9801,NULL,,Y,37.48226,37,28.936,NULL,-82.54078,82,32.447,NULL,N,NULL,NULL,NULL,NULL,NULL,NULL,NULL,NULL,2,97,2,6,1,1,2,4,1,3,N,NULL,Y,N,1907,1912,,N,NULL,47,,,N,,N,N,098-CS-1095-0,NULL,NULL,2020,O,7.24695E+11,098-CS-1095  -000,HIGH,098-CS-1095  -000,0.131,0,0,0,1,0,0,1,0,0,0,0,0,0
72491514,980500,2020AR20,20200330,1535,,,ACCESS RD 1,,,,,0,098 CR-1426K,CR1426K,Y,N,NULL,NULL,NULL,N,NULL,NULL,NULL,NULL,NULL,NULL,NULL,NULL,NULL,NULL,NULL,NULL,NULL,0,0,2,2,N,N,15,NULL,98,9807,0.5,N,N,37.53963,37,32.378,NULL,-82.58204,82,34.922,NULL,N,NULL,NULL,NULL,NULL,NULL,NULL,NULL,NULL,2,97,NULL,6,3,1,2,2,1,3,N,NULL,Y,Y,1541,1553,1553,N,NULL,90,,,N,,N,N,098-CR-1426K-0,NULL,NULL,2020,O,7.24915E+11,098-CR-1426K -000,HIGH,098-CR-1426K -000,0.326,0,0,0,0,0,0,0,0,0,0,0,0,0
72476981,980100,2.02E+11,20200216,1059,,,CHLOE,,RD,KY1460,KY1460,0,098 KY-1460,KY1460,N,N,NULL,NULL,NULL,N,NULL,NULL,NULL,NULL,NULL,NULL,4.579,NULL,NULL,NULL,NULL,,NULL,0,0,2,2,N,N,35,NULL,98,9801,NULL,,Y,37.4775,37,28.65,NULL,-82.5077,82,30.462,NULL,N,NULL,NULL,NULL,NULL,NULL,NULL,NULL,NULL,7,3,2,6,1,1,3,2,7,3,N,NULL,Y,N,1100,1104,1104,N,NULL,54,,0,N,,N,N,098-KY-1460-0,NULL,NULL,2020,O,7.2477E+11,098-KY-1460  -000,HIGH,098-KY-1460  -000,4.579,0,0,0,1,0,0,0,0,0,0,0,1,0
72482121,KSP0900,20-7847,20200229,907,,,ALEXANDER,,AVE,,,0,098 CS-2030,CS2030,N,N,NULL,NULL,NULL,N,NULL,NULL,NULL,NULL,NULL,NULL,0.079,NULL,NULL,NULL,NULL,,NULL,0,0,2,2,N,N,35,NULL,98,9802,NULL,,Y,37.29799,37,17.879,NULL,-82.35289,82,21.174,NULL,N,NULL,NULL,NULL,NULL,NULL,NULL,NULL,NULL,1,3,1,6,1,5,2,2,7,3,N,NULL,Y,N,910,1011,,N,NULL,55,,,N,,N,N,098-CS-2030-0,NULL,NULL,2020,O,7.24821E+11,098-CS-2030  -000,HIGH,098-CS-2030  -000,0.079,0,0,0,1,0,0,1,0,0,0,0,0,0