MasterFile,AgencyORINumber,LocalCode,CollisionDate,CollisionTime,CollisionDayWeekCode,RoadwayName_HouseBusinessNumber_,RoadwayName_RoadwayName_,RoadwayName_Direction_,RoadwayName_RoadwaySuffix_,RoadwayfromReport,CurrentRoadwayNumber,RoadwayNumberCoupletID,RSEUniqueGIS,RoadwayIdentifier,ParkingLotIndicator,IntersectionWith_Indicator_,IntersectionWith_NameRoadway_,IntersectionWith_Direction_,IntersectionWith_RoadwaySuffix_,BetweenStreets_Indicator_,BetweenStreets1_NameRoadway_,BetweenStreet1_Direction_,BetweenStreets1_RoadwaySuffix_,BetweenStreets2_NameRoadway_,BetweenStreets2_Direction_,BetweenStreets2_RoadwaySuffix_,Milepoint,ReportMilepointDeriveNumber,CurrentDerivedMiepointNumber,MilestoMilepoint,FeettoMilepoint,DirectionfromMilepoint_NSEW_,ValidMilepointIndicator,NumberInjured,NumberKilled,ofUnits,ofMotorVehicleUnits,Hit&RunIndicator,OneWayIndicator,SpeedLimitNumber,KilometersIndicator,CountyCode,CityCountyCode,MilesFromCity,DirectionFromCity_NSEW_,InCityLimitsIndicator,Latitude,LatitudeDegrees,LatitudeMinutes,LatitudeSeconds,Longitude,LongitudeDegrees,LongitudeMinutes,LongitudeSeconds,RampIndicator,RampFromIdentifier,RampFromDirCode,RampFromCoupletID,RSEUniqueGISRampFrom,RampToidentifier,RampToDirCode,RampToCoupletID,RSEUniqueGisRampTo,MannerofCollisionCode,LocationFirstEventCode,TotalLanes,RoadwayCharacterCode,RoadwaySurfaceCode,RoadwayConditionCode,WeatherCode,LightConditionCode,LandUseCode,SchoolBusRelatedCode,FirstAidSceneIndicator,CollDescPresentInd,InvestigationCompleteIndicator,PhotosTakenIndicator,TimeNotified,TimeArrived,TimeRoadwayOpened,PropertyDamageIndicator,DiagramPresentIndicator,DirectionalAnalysis,FunctionClassCode,NationalHwySysCode,EnforcementsIndicator,KARSCityCode,SecondaryCollisionIndicator,MedianCrossoverIndicator,RT_UNIQUE,MapIt,TimeLastLeft,YR,KABCO,MFNY,WorkingRID,RT_CONFIDENCE,KTC_RT,KTC_MP,Motorcyclist,CommercialVehicle,YoungDriver,MatureDriver,pedestrian,Bicyclist,Distracted,agressive,Impaired,Unrestrained,Intersection,RoadwayDeparture,MedXover
72497190,KSP0900,20-15687,20200427,1757,,,RADIO STATION,,HL,,,0,098 CR-1590B,CR1590B,Y,N,NULL,NULL,NULL,N,NULL,NULL,NULL,NULL,NULL,NULL,0.108,NULL,NULL,NULL,NULL,,NULL,0,0,2,2,Y,N,10,NULL,98,9863,NULL,,Y,37.61774,37,37.064,NULL,-82.16714,82,10.028,NULL,N,NULL,NULL,NULL,NULL,NULL,NULL,NULL,NULL,1,7,NULL,6,1,1,2,2,5,3,N,NULL,N,N,1757,1836,1757,N,NULL,90,,,N,,N,N,098-CR-1590B-0,NULL,NULL,2020,O,7.24972E+11,098-CR-1590B -000,HIGH,098-CR-1590B -000,0.108,0,0,0,0,0,0,0,0,0,0,0,0,0
72432113,980500,2019AR070,20191105,1500,,,US23,,,US0023,US0023,0,098 US-23-10,US0023,Y,N,NULL,NULL,NULL,N,NULL,NULL,NULL,NULL,NULL,NULL,29.155,NULL,NULL,NULL,NULL,,NULL,0,0,2,2,Y,N,15,NULL,98,9807,NULL,,Y,37.52721,37,31.632,NULL,-82.57533,82,34.52,NULL,N,NULL,NULL,NULL,NULL,NULL,NULL,NULL,NULL,7,7,2,6,1,1,2,2,7,3,N,NULL,Y,N,1500,1504,,N,NULL,90,,1,N,,N,N,098-US-0023-10,NULL,NULL,2019,NULL,7.24321E+11,098-US-0023  -010,HIGH,098-US-0023  -000,29.155,0,0,0,0,0,0,1,0,0,0,0,0,0
72457993,370200,2019-48763,20191214,929,,,US119,,,US0119,US0119,0,098 US-119,US0119,N,N,NULL,NULL,NULL,N,NULL,NULL,NULL,NULL,NULL,NULL,20.727,NULL,NULL,NULL,NULL,,NULL,1,0,6,6,N,N,35,NULL,98,9836,NULL,,Y,37.61842,37,37.105,NULL,-82.26923,82,16.154,NULL,N,NULL,NULL,NULL,NULL,NULL,NULL,NULL,NULL,1,5,4,2,1,5,6,2,7,3,Y,NULL,Y,Y,945,1054,1054,Y,NULL,47,2,1,N,,N,N,098-US-0119-0,NULL,NULL,2019,C,7.2458E+11,098-US-0119  -000,HIGH,098-US-0119  -000,20.727,0,1,0,0,0,0,0,0,0,0,0,1,0
72441469,980100,2.019E+11,20191122,1451,,,US119,,,US0119,US0119,0,098 US-119,US0119,N,N,NULL,NULL,NULL,N,NULL,NULL,NULL,NULL,NULL,NULL,0.048,NULL,NULL,NULL,NULL,,NULL,0,0,2,2,N,N,55,NULL,98,9801,NULL,,Y,37.50382,37,30.229,NULL,-82.53127,82,31.876,NULL,N,NULL,NULL,NULL,NULL,NULL,NULL,NULL,NULL,5,3,2,6,1,5,3,2,1,3,N,NULL,Y,N,1451,1501,,N,NULL,49,2,1,N,,N,N,098-US-0119-0,NULL,NULL,2019,O,7.24415E+11,098-US-0119  -000,HIGH,098-US-0119  -000,0.048,0,0,1,0,0,0,1,0,0,0,0,0,0
72475583,980500,2020AR015,20200212,1530,,,COWPEN,,RD,KY2061,KY2061,0,098 KY-2061,KY2061,N,N,NULL,NULL,NULL,N,NULL,NULL,NULL,NULL,NULL,NULL,2.363,NULL,NULL,NULL,NULL,,NULL,1,0,1,1,N,N,25,NULL,98,9807,NULL,,Y,37.55421,37,33.252,NULL,-82.55164,82,33.099,NULL,N,NULL,NULL,NULL,NULL,NULL,NULL,NULL,NULL,9,97,2,1,1,6,6,2,7,3,N,NULL,Y,Y,1530,1535,1700,N,NULL,44,,0,N,,N,N,098-KY-2061-0,NULL,NULL,2020,C,7.24756E+11,098-KY-2061  -000,HIGH,098-KY-2061  -000,2.363,0,0,0,1,0,0,0,0,0,0,0,1,0
72492596,980100,2.02E+11,20200405,1418,,254,CASSIDY,,BLVD,,,0,098 CS-1191,CS1191,Y,N,NULL,NULL,NULL,N,NULL,NULL,NULL,NULL,NULL,NULL,0.248,NULL,NULL,NULL,NULL,,NULL,0,0,2,2,N,N,15,NULL,98,9801,NULL,,Y,37.50452,37,30.271,NULL,-82.53591,82,32.155,NULL,N,NULL,NULL,NULL,NULL,NULL,NULL,NULL,NULL,2,97,1,6,1,1,2,2,1,3,N,NULL,Y,N,1418,1431,1431,N,NULL,56,,,N,,N,N,098-CS-1191-0,NULL,NULL,2020,O,7.24926E+11,098-CS-1191  -000,HIGH,098-CS-1191  -000,0.248,0,0,0,0,0,0,1,0,0,0,0,0,0
72486782,980100,2.02E+11,20200305,1919,,,CASSIDY,,BLVD,,,0,098 CS-1191,CS1191,Y,N,NULL,NULL,NULL,N,NULL,NULL,NULL,NULL,NULL,NULL,0.053,NULL,NULL,NULL,NULL,,NULL,0,0,2,2,Y,N,NULL,NULL,98,9801,NULL,,Y,37.50368,37,30.221,NULL,-82.53302,82,31.981,NULL,N,NULL,NULL,NULL,NULL,NULL,NULL,NULL,NULL,2,97,1,6,1,1,2,5,1,3,N,NULL,Y,N,1919,1924,,N,NULL,90,,,N,,N,N,098-CS-1191-0,NULL,NULL,2020,NULL,7.24868E+11,098-CS-1191  -000,HIGH,098-CS-1191  -000,0.053,0,0,0,0,0,0,1,0,0,0,0,0,0
72480034,980100,2.02E+11,20200224,1630,,254,CASSIDY,,BLVD,,,0,098 CS-1191,CS1191,Y,N,NULL,NULL,NULL,N,NULL,NULL,NULL,NULL,NULL,NULL,0.054,NULL,NULL,NULL,NULL,,NULL,0,0,2,2,N,N,NULL,NULL,98,9801,NULL,,Y,37.50368,37,30.221,NULL,-82.53304,82,31.982,NULL,N,NULL,NULL,NULL,NULL,NULL,NULL,NULL,NULL,2,97,1,6,1,5,6,2,1,3,N,NULL,Y,N,1630,1638,1638,N,NULL,90,,,N,,N,N,098-CS-1191-0,NULL,NULL,2020,O,7.248E+11,098-CS-1191  -000,HIGH,098-CS-1191  -000,0.054,0,0,0,1,0,0,1,0,0,0,0,0,0
72463863,980100,2.02E+11,20200114,616,,,BYPASS,S,RD,KY1426,KY1426,0,098 KY-1426,KY1426,N,N,NULL,NULL,NULL,N,NULL,NULL,NULL,NULL,NULL,NULL,6.113,NULL,NULL,NULL,NULL,,NULL,0,0,2,2,N,N,55,NULL,98,9801,NULL,,Y,37.47696,37,28.618,NULL,-82.51708,82,31.025,NULL,N,NULL,NULL,NULL,NULL,NULL,NULL,NULL,NULL,8,3,2,6,1,5,6,5,1,3,N,NULL,Y,N,616,617,629,N,NULL,53,,0,N,,N,N,098-KY-1426-0,NULL,NULL,2020,O,7.24639E+11,098-KY-1426  -000,HIGH,098-KY-1426  -000,6.113,0,0,0,0,0,0,1,1,0,0,0,1,0
72508649,980000,20-05-011,20200527,1730,,28402,US119,,,US0119,US0119,0,098 US-119,US0119,Y,N,NULL,NULL,NULL,N,NULL,NULL,NULL,NULL,NULL,NULL,24.164,NULL,NULL,NULL,NULL,,NULL,0,0,2,2,Y,N,10,NULL,98,9812,NULL,,Y,37.65808,37,39.485,NULL,-82.27078,82,16.247,NULL,N,NULL,NULL,NULL,NULL,NULL,NULL,NULL,NULL,8,7,NULL,6,1,1,2,2,1,3,N,NULL,N,Y,1730,1735,1735,N,NULL,90,2,1,N,,N,N,098-US-0119-0,NULL,NULL,2020,NULL,7.25086E+11,098-US-0119  -000,HIGH,098-US-0119  -000,24.164,0,0,0,1,0,0,0,0,0,0,0,0,0
72512858,KSP0900,20-22358,20200612,2324,,,FERRELLS CREEK,,RD,US0460,US0460,0,098 US-460,US0460,N,N,NULL,NULL,NULL,N,NULL,NULL,NULL,NULL,NULL,NULL,21.997,NULL,NULL,NULL,NULL,,NULL,0,0,1,1,N,N,55,NULL,98,9847,NULL,,Y,37.38034,37,22.821,NULL,-82.26262,82,15.757,NULL,N,NULL,NULL,NULL,NULL,NULL,NULL,NULL,NULL,9,3,2,1,1,1,2,6,7,3,N,NULL,Y,N,2328,0,,N,NULL,38,,1,N,,N,N,098-US-0460-0,NULL,NULL,2020,O,7.25129E+11,098-US-0460  -000,HIGH,098-US-0460  -000,21.997,0,0,0,0,0,0,0,0,0,0,0,0,0
72513226,KSP0900,20-21188,20200604,1851,,21703,FERRELLS CREEK,,RD,US0460,US0460,0,098 US-460,US0460,N,N,NULL,NULL,NULL,N,NULL,NULL,NULL,NULL,NULL,NULL,21.009,NULL,NULL,NULL,NULL,,NULL,0,0,1,1,N,N,55,NULL,98,9847,NULL,,Y,37.37354,37,22.413,NULL,-82.27711,82,16.626,NULL,N,NULL,NULL,NULL,NULL,NULL,NULL,NULL,NULL,9,3,2,1,1,1,2,2,7,3,N,NULL,Y,Y,1851,1942,,Y,NULL,40,,1,N,,N,N,098-US-0460-0,NULL,NULL,2020,O,7.25132E+11,098-US-0460  -000,HIGH,098-US-0460  -000,21.009,0,0,0,0,0,0,1,0,0,0,0,1,0
72494408,KSP0900,20-11343,20200228,2100,,,KY1056,,,KY1056,KY1056,0,098 KY-1056,KY1056,N,N,NULL,NULL,NULL,N,NULL,NULL,NULL,NULL,NULL,NULL,4.335,NULL,NULL,NULL,NULL,,NULL,0,0,1,1,N,N,55,NULL,98,9879,NULL,,Y,37.55183,37,33.11,NULL,-82.20599,82,12.359,NULL,N,NULL,NULL,NULL,NULL,NULL,NULL,NULL,NULL,9,3,2,6,1,1,3,6,7,3,N,NULL,Y,N,2100,2105,2200,N,NULL,44,8,0,N,,N,N,098-KY-1056-0,NULL,NULL,2020,O,7.24944E+11,098-KY-1056  -000,HIGH,098-KY-1056  -000,4.335,0,0,0,0,0,0,1,0,0,0,0,1,0
72425756,KSP0900,19-41895,20191024,1857,,,KY194,,,KY0194,KY0194,0,098 KY-194,KY0194,N,N,NULL,NULL,NULL,N,NULL,NULL,NULL,NULL,NULL,NULL,23.06,NULL,NULL,NULL,NULL,,NULL,0,0,2,2,N,N,55,NULL,98,9817,NULL,,Y,37.53586,37,32.151,NULL,-82.37156,82,22.293,NULL,N,NULL,NULL,NULL,NULL,NULL,NULL,NULL,NULL,7,3,2,1,1,1,2,6,7,3,N,NULL,Y,N,1857,1927,2059,N,NULL,54,6,0,N,,N,N,098-KY-0194-0,NULL,NULL,2019,O,7.24258E+11,098-KY-0194  -000,HIGH,098-KY-0194  -000,23.06,0,0,0,0,0,0,0,0,0,0,0,1,0
72505332,KSP0900,20-19807,20200526,1530,,,LONG FORK,,RD,KY1469,KY1469,0,098 KY-1469,KY1469,N,N,NULL,NULL,NULL,N,NULL,NULL,NULL,NULL,NULL,NULL,5.097,NULL,NULL,NULL,NULL,,NULL,0,0,2,2,N,N,55,NULL,98,9827,NULL,,Y,37.29436,37,17.661,NULL,-82.6638,82,39.828,NULL,N,NULL,NULL,NULL,NULL,NULL,NULL,NULL,NULL,7,3,2,3,1,1,2,2,7,3,N,NULL,Y,N,1528,1529,1530,N,NULL,54,8,0,Y,,N,N,098-KY-1469-0,NULL,NULL,2020,O,7.25053E+11,098-KY-1469  -000,HIGH,098-KY-1469  -000,5.097,0,0,1,0,0,0,0,0,0,0,0,1,0
72435425,980100,2.019E+11,20191106,1115,,,BAIRD,,AVE,KY1426,KY1426,0,098 KY-1426,KY1426,N,N,NULL,NULL,NULL,N,NULL,NULL,NULL,NULL,NULL,NULL,5.389,NULL,NULL,NULL,NULL,,NULL,1,0,2,2,N,N,55,NULL,98,9801,NULL,,Y,37.47334,37,28.4,NULL,-82.52718,82,31.631,NULL,N,NULL,NULL,NULL,NULL,NULL,NULL,NULL,NULL,1,3,2,5,1,1,2,2,1,3,N,NULL,N,Y,1115,1118,1147,N,NULL,55,,0,Y,,N,N,098-KY-1426-0,NULL,NULL,2019,C,7.24354E+11,098-KY-1426  -000,HIGH,098-KY-1426  -000,5.389,0,0,0,0,0,0,1,1,0,0,0,0,0
72502996,KSP0900,20-18791,20200519,1853,,,SHELBY YARD,,RD,,,0,098 CR-1267G,CR1267G,N,N,NULL,NULL,NULL,N,NULL,NULL,NULL,NULL,NULL,NULL,0.403,NULL,NULL,NULL,NULL,,NULL,1,0,2,2,N,N,35,NULL,98,9801,NULL,,Y,37.42961,37,25.776,NULL,-82.48957,82,29.374,NULL,N,NULL,NULL,NULL,NULL,NULL,NULL,NULL,NULL,3,3,1,1,1,5,3,2,7,3,N,NULL,Y,Y,1853,1902,1940,N,NULL,52,,,N,,N,N,098-CR-1267G-0,NULL,NULL,2020,C,7.2503E+11,098-CR-1267G -000,HIGH,098-CR-1267G -000,0.403,0,0,0,1,0,0,1,0,0,0,0,1,0
72510404,980000,206-003,20200605,1615,,,KY194,,,KY0194,KY0194,0,098 KY-194,KY0194,N,N,NULL,NULL,NULL,N,NULL,NULL,NULL,NULL,NULL,NULL,58.599,NULL,NULL,NULL,NULL,,NULL,1,0,1,1,N,N,35,NULL,98,9811,NULL,,Y,37.54567,37,32.74,NULL,-82.15896,82,9.538,NULL,N,NULL,NULL,NULL,NULL,NULL,NULL,NULL,NULL,9,5,2,1,1,5,3,2,7,3,Y,NULL,Y,N,1618,1618,1640,N,NULL,44,7,0,N,,N,N,098-KY-0194-0,NULL,NULL,2020,C,7.25104E+11,098-KY-0194  -000,HIGH,098-KY-0194  -000,58.599,0,0,0,0,0,0,0,0,0,0,0,1,0
72538501,980000,20-09-001,20200903,1216,,,US119,,,US0119,US0119,0,098 US-119,US0119,N,N,NULL,NULL,NULL,N,NULL,NULL,NULL,NULL,NULL,NULL,24.062,NULL,NULL,NULL,NULL,,NULL,0,0,2,2,N,N,45,NULL,98,9834,1,S,N,37.65654,37,39.392,NULL,-82.27052,82,16.232,NULL,N,NULL,NULL,NULL,NULL,NULL,NULL,NULL,NULL,5,3,4,6,1,5,6,2,1,3,N,NULL,Y,Y,1216,1223,1238,N,NULL,70,2,1,N,,N,N,098-US-0119-0,NULL,NULL,2020,O,7.25385E+11,098-US-0119  -000,HIGH,098-US-0119  -000,24.062,0,0,0,0,0,0,0,0,0,0,0,0,0
72456991,980100,2.019E+11,20191228,2323,,,MAIN,,ST,,,0,098 CS-1112,CS1112,N,N,NULL,NULL,NULL,N,NULL,NULL,NULL,NULL,NULL,NULL,0.13,NULL,NULL,NULL,NULL,,NULL,0,0,2,2,N,N,25,NULL,98,9801,NULL,,Y,37.47958,37,28.775,NULL,-82.51748,82,31.049,NULL,N,NULL,NULL,NULL,NULL,NULL,NULL,NULL,NULL,5,7,2,6,1,1,3,5,1,3,N,NULL,Y,N,2152,2153,,N,NULL,47,,,Y,,N,N,098-CS-1112-0,NULL,NULL,2019,O,7.2457E+11,098-CS-1112  -000,HIGH,098-CS-1112  -000,0.13,0,0,0,0,0,0,0,0,1,0,0,0,0
72454939,980100,2.019E+11,20191204,1516,,,US23,,,US0023,US0023,,,,N,N,NULL,NULL,NULL,N,NULL,NULL,NULL,NULL,NULL,NULL,22.901,NULL,NULL,NULL,NULL,,NULL,0,0,2,2,N,N,55,NULL,98,9801,NULL,,Y,37.46537,37,27.922,NULL,-82.52528,82,31.517,NULL,N,NULL,NULL,NULL,NULL,NULL,NULL,NULL,NULL,1,3,4,6,1,1,3,2,7,3,N,NULL,Y,N,1516,1520,1520,N,NULL,55,,1,N,,N,N,,NULL,NULL,2019,O,7.24549E+11,098-US-0023  -000,MEDIUM,098-US-0023  -000,22.901,0,0,0,0,0,0,1,1,0,0,0,0,0
72498203,KSP0900,20--15485,20200426,1000,,,US460,,,US0460,US0460,0,098 US-460,US0460,N,N,NULL,NULL,NULL,N,NULL,NULL,NULL,NULL,NULL,NULL,7.191,NULL,NULL,NULL,NULL,,NULL,2,0,2,1,N,N,55,NULL,98,9832,NULL,,Y,37.38692,37,23.215,NULL,-82.436,82,26.16,NULL,N,NULL,NULL,NULL,NULL,NULL,NULL,NULL,NULL,9,97,2,4,1,1,2,2,7,3,N,NULL,N,N,1000,1045,1045,N,NULL,36,,1,N,,N,N,098-US-0460-0,NULL,NULL,2020,C,7.24982E+11,098-US-0460  -000,HIGH,098-US-0460  -000,7.191,0,0,0,1,1,0,1,0,0,0,0,0,0
72513564,980100,2.02E+11,20200620,812,,3904,CEDAR HILLS,,RD,KY1426,KY1426,0,098 KY-1426,KY1426,N,N,NULL,NULL,NULL,N,NULL,NULL,NULL,NULL,NULL,NULL,4.151,NULL,NULL,NULL,NULL,,NULL,0,0,1,1,N,N,35,NULL,98,9801,NULL,,Y,37.45645,37,27.387,NULL,-82.52987,82,31.792,NULL,N,NULL,NULL,NULL,NULL,NULL,NULL,NULL,NULL,9,3,2,6,1,1,3,2,7,3,N,NULL,Y,N,813,813,813,N,NULL,38,8,0,N,,N,N,098-KY-1426-0,NULL,NULL,2020,O,7.25136E+11,098-KY-1426  -000,HIGH,098-KY-1426  -000,4.151,0,0,0,0,0,0,0,0,0,0,0,0,0
72455182,980100,2.019E+11,20191223,1339,,254,CASSIDY,,BLVD,,,,,,Y,N,NULL,NULL,NULL,N,NULL,NULL,NULL,NULL,NULL,NULL,0.294,NULL,NULL,NULL,NULL,,NULL,0,0,2,2,N,Y,15,NULL,98,9801,NULL,,Y,37.50551,37,30.331,NULL,-82.53682,82,32.209,NULL,N,NULL,NULL,NULL,NULL,NULL,NULL,NULL,NULL,1,97,1,6,1,1,2,2,1,3,N,NULL,Y,N,1339,1348,,N,NULL,90,,,N,,N,N,,NULL,NULL,2019,O,7.24552E+11,098-CS-1191  -000,MEDIUM,098-CS-1191  -000,0.294,0,0,0,1,0,0,1,0,0,0,0,0,0
72462719,KSP0900,19-48389,20191211,615,,,KY3418,,,KY3418,KY3418,0,098 KY-3418,KY3418,N,N,NULL,NULL,NULL,N,NULL,NULL,NULL,NULL,NULL,NULL,5.088,NULL,NULL,NULL,NULL,,NULL,1,1,1,1,N,N,55,NULL,98,9850,NULL,,Y,37.45865,37,27.519,NULL,-82.39246,82,23.547,NULL,N,NULL,NULL,NULL,NULL,NULL,NULL,NULL,NULL,9,6,2,4,1,2,3,6,7,3,Y,NULL,Y,Y,617,739,830,N,NULL,40,9,0,N,,N,N,098-KY-3418-0,NULL,NULL,2019,K,7.24627E+11,098-KY-3418  -000,HIGH,098-KY-3418  -000,5.088,0,0,0,0,0,0,0,0,0,0,0,1,0
72507808,KSP0900,20-19979,20200527,1530,,,US119,,,US0119,US0119,0,098 US-119-10,US0119,Y,N,NULL,NULL,NULL,N,NULL,NULL,NULL,NULL,NULL,NULL,23.933,NULL,NULL,NULL,NULL,,NULL,0,0,2,2,N,N,10,NULL,98,9834,NULL,,Y,37.6548,37,39.288,NULL,-82.26963,82,16.178,NULL,N,NULL,NULL,NULL,NULL,NULL,NULL,NULL,NULL,8,97,4,6,1,1,2,2,1,3,N,NULL,Y,N,1530,1530,1530,N,NULL,90,2,1,N,,N,N,098-US-0119-10,NULL,NULL,2020,O,7.25078E+11,098-US-0119  -010,HIGH,098-US-0119  -000,23.933,0,0,0,1,0,0,1,0,0,0,0,0,0
72472034,KSP0900,20-04662,20200204,1954,,,KY195,,,KY0195,KY0195,0,098 KY-195,KY0195,N,N,NULL,NULL,NULL,N,NULL,NULL,NULL,NULL,NULL,NULL,5.901,NULL,NULL,NULL,NULL,,NULL,2,0,1,1,N,N,35,NULL,98,9830,NULL,,Y,37.31671,37,19.003,NULL,-82.45935,82,27.561,NULL,N,NULL,NULL,NULL,NULL,NULL,NULL,NULL,NULL,9,3,2,6,1,5,6,6,7,3,N,NULL,Y,Y,1958,2029,,N,NULL,46,7,0,N,,N,N,098-KY-0195-0,NULL,NULL,2020,A,7.2472E+11,098-KY-0195  -000,HIGH,098-KY-0195  -000,5.901,0,0,0,0,0,0,0,0,0,0,0,1,0
72547803,980100,2.02E+11,20200930,1639,,163,LEE AVENUE,,,,,,,,Y,N,NULL,NULL,NULL,N,NULL,NULL,NULL,NULL,NULL,NULL,NULL,NULL,NULL,NULL,NULL,,NULL,0,0,2,2,N,N,15,NULL,98,9801,NULL,,Y,37.50113,37,30.068,NULL,-82.53386,82,32.032,NULL,N,NULL,NULL,NULL,NULL,NULL,NULL,NULL,NULL,2,97,1,6,1,1,2,2,1,3,N,NULL,N,N,1639,1652,1652,N,NULL,90,,,N,,N,N,,NULL,NULL,2020,O,7.25478E+11,098-CS-1202  -000,MEDIUM,098-CS-1202  -000,0.119,0,0,0,0,0,0,1,0,0,0,0,0,0
72494296,980100,2.02E+11,20200413,807,,,REDALE,,RD,,,0,098 CS-1244,CS1244,N,N,NULL,NULL,NULL,N,NULL,NULL,NULL,NULL,NULL,NULL,0.179,NULL,NULL,NULL,NULL,,NULL,1,0,2,1,Y,N,15,NULL,98,9801,NULL,,Y,37.48714,37,29.228,NULL,-82.52739,82,31.643,NULL,N,NULL,NULL,NULL,NULL,NULL,NULL,NULL,NULL,9,3,1,6,1,5,3,2,1,3,Y,NULL,N,N,807,814,814,N,NULL,70,,,N,,N,N,098-CS-1244-0,NULL,NULL,2020,C,7.24943E+11,098-CS-1244  -000,HIGH,098-CS-1244  -000,0.179,0,0,0,0,1,0,0,0,0,0,0,0,0
72430986,KSP0900,2019-41104,20191019,657,,,KY199,,,KY0199,KY0199,0,098 KY-199,KY0199,N,Y,US119,,,N,NULL,NULL,NULL,NULL,NULL,NULL,11.444,NULL,NULL,NULL,NULL,,NULL,0,1,2,2,N,N,55,NULL,98,9851,NULL,,Y,37.5979,37,35.874,NULL,-82.27694,82,16.616,NULL,N,NULL,NULL,NULL,NULL,NULL,NULL,NULL,NULL,1,5,2,1,1,1,2,2,1,3,Y,NULL,Y,Y,719,808,1039,N,NULL,8,7,0,N,,Y,N,098-KY-0199-0,NULL,NULL,2019,K,7.2431E+11,098-KY-0199  -000,HIGH,098-KY-0199  -000,11.444,0,0,0,0,0,0,1,0,0,1,1,0,0
72444626,980100,2.019E+11,20191129,1615,,,CASSIDY,,BLVD,,,,,,N,N,NULL,NULL,NULL,N,NULL,NULL,NULL,NULL,NULL,NULL,0.252,NULL,NULL,NULL,NULL,,NULL,0,0,2,2,N,N,25,NULL,98,9801,NULL,,Y,37.50454,37,30.273,NULL,-82.53599,82,32.159,NULL,N,NULL,NULL,NULL,NULL,NULL,NULL,NULL,NULL,1,3,4,6,1,1,2,2,7,3,N,NULL,Y,N,1615,1616,1618,N,NULL,55,,,N,,N,N,,NULL,NULL,2019,O,7.24446E+11,098-CS-1191  -000,MEDIUM,098-CS-1191  -000,0.252,0,0,0,0,0,0,1,0,0,0,0,0,0
72523185,980100,2.02E+11,20200721,1048,,305,THOMPSON,,RD,,,0,098 CS-1215,CS1215,Y,N,NULL,NULL,NULL,N,NULL,NULL,NULL,NULL,NULL,NULL,0.304,NULL,NULL,NULL,NULL,,NULL,0,0,2,2,N,N,NULL,NULL,98,9801,NULL,,Y,37.5071,37,30.426,NULL,-82.54703,82,32.822,NULL,N,NULL,NULL,NULL,NULL,NULL,NULL,NULL,NULL,2,97,2,6,1,1,2,2,1,3,N,NULL,Y,N,1048,1100,1100,N,NULL,90,,,N,,N,N,098-CS-1215-0,NULL,NULL,2020,O,7.25232E+11,098-CS-1215  -000,HIGH,098-CS-1215  -000,0.304,0,0,0,0,0,0,0,0,0,0,0,0,0
72506285,KSP0900,20-19133,20200522,829,,,COLLINS,,HWY,KY0122,KY0122,0,098 KY-122,KY0122,N,N,NULL,NULL,NULL,N,NULL,NULL,NULL,NULL,NULL,NULL,15.621,NULL,NULL,NULL,NULL,,NULL,4,1,2,2,N,N,45,NULL,98,9824,NULL,,Y,37.42213,37,25.328,NULL,-82.49957,82,29.974,NULL,N,NULL,NULL,NULL,NULL,NULL,NULL,NULL,NULL,3,3,2,3,1,1,2,2,7,3,N,NULL,Y,N,926,945,1230,N,NULL,52,,0,N,,N,N,098-KY-0122-0,NULL,NULL,2020,K,7.25063E+11,098-KY-0122  -000,HIGH,098-KY-0122  -000,15.621,0,0,0,0,0,0,0,0,1,1,0,1,0
72446367,KSP0900,19-47450,20191204,718,,,US23,,,US0023,US0023,0,098 US-23-10,US0023,N,N,NULL,NULL,NULL,N,NULL,NULL,NULL,NULL,NULL,NULL,5.235,NULL,NULL,NULL,NULL,,NULL,1,0,1,1,N,N,55,NULL,98,9809,NULL,,Y,37.28222,37,16.933,NULL,-82.56139,82,33.683,NULL,N,NULL,NULL,NULL,NULL,NULL,NULL,NULL,NULL,9,5,4,1,1,2,2,1,7,3,Y,NULL,Y,Y,718,745,,N,NULL,44,,1,N,,N,N,098-US-0023-10,NULL,NULL,2019,C,7.24464E+11,098-US-0023  -010,HIGH,098-US-0023  -000,5.235,0,0,0,0,0,0,0,0,0,0,0,1,0
72476075,980100,2.02E+11,20200211,1537,,,US23,,,US0023,US0023,,,,N,N,NULL,NULL,NULL,N,NULL,NULL,NULL,NULL,NULL,NULL,26.232,NULL,NULL,NULL,NULL,,NULL,3,0,2,2,N,N,55,NULL,98,9801,NULL,,Y,37.50293,37,30.176,NULL,-82.53205,82,31.923,NULL,N,NULL,NULL,NULL,NULL,NULL,NULL,NULL,NULL,5,3,4,6,1,5,3,2,7,3,Y,NULL,Y,Y,1537,1537,,N,NULL,70,,1,Y,,N,N,,NULL,NULL,2020,C,7.24761E+11,098-US-0023  -000,MEDIUM,098-US-0023  -000,26.232,0,1,0,0,0,0,1,0,0,0,0,0,0
72499746,KSP0900,20-17074,20200507,1000,,,US119,,,US0119,US0119,0,098 US-119-10,US0119,N,N,NULL,NULL,NULL,N,NULL,NULL,NULL,NULL,NULL,NULL,3.554,NULL,NULL,NULL,NULL,,NULL,1,0,1,1,N,N,55,NULL,98,9801,NULL,,Y,37.5132,37,30.792,NULL,-82.47174,82,28.304,NULL,N,NULL,NULL,NULL,NULL,NULL,NULL,NULL,NULL,9,3,2,4,1,1,2,2,7,3,Y,NULL,N,N,1000,1004,1040,N,NULL,38,2,1,N,,N,N,098-US-0119-10,NULL,NULL,2020,B,7.24997E+11,098-US-0119  -010,HIGH,098-US-0119  -000,3.554,0,0,1,0,0,0,0,0,0,0,0,0,0