MasterFile,AgencyORINumber,LocalCode,CollisionDate,CollisionTime,CollisionDayWeekCode,RoadwayName_HouseBusinessNumber_,RoadwayName_RoadwayName_,RoadwayName_Direction_,RoadwayName_RoadwaySuffix_,RoadwayfromReport,CurrentRoadwayNumber,RoadwayNumberCoupletID,RSEUniqueGIS,RoadwayIdentifier,ParkingLotIndicator,IntersectionWith_Indicator_,IntersectionWith_NameRoadway_,IntersectionWith_Direction_,IntersectionWith_RoadwaySuffix_,BetweenStreets_Indicator_,BetweenStreets1_NameRoadway_,BetweenStreet1_Direction_,BetweenStreets1_RoadwaySuffix_,BetweenStreets2_NameRoadway_,BetweenStreets2_Direction_,BetweenStreets2_RoadwaySuffix_,Milepoint,ReportMilepointDeriveNumber,CurrentDerivedMiepointNumber,MilestoMilepoint,FeettoMilepoint,DirectionfromMilepoint_NSEW_,ValidMilepointIndicator,NumberInjured,NumberKilled,ofUnits,ofMotorVehicleUnits,Hit&RunIndicator,OneWayIndicator,SpeedLimitNumber,KilometersIndicator,CountyCode,CityCountyCode,MilesFromCity,DirectionFromCity_NSEW_,InCityLimitsIndicator,Latitude,LatitudeDegrees,LatitudeMinutes,LatitudeSeconds,Longitude,LongitudeDegrees,LongitudeMinutes,LongitudeSeconds,RampIndicator,RampFromIdentifier,RampFromDirCode,RampFromCoupletID,RSEUniqueGISRampFrom,RampToidentifier,RampToDirCode,RampToCoupletID,RSEUniqueGisRampTo,MannerofCollisionCode,LocationFirstEventCode,TotalLanes,RoadwayCharacterCode,RoadwaySurfaceCode,RoadwayConditionCode,WeatherCode,LightConditionCode,LandUseCode,SchoolBusRelatedCode,FirstAidSceneIndicator,CollDescPresentInd,InvestigationCompleteIndicator,PhotosTakenIndicator,TimeNotified,TimeArrived,TimeRoadwayOpened,PropertyDamageIndicator,DiagramPresentIndicator,DirectionalAnalysis,FunctionClassCode,NationalHwySysCode,EnforcementsIndicator,KARSCityCode,SecondaryCollisionIndicator,MedianCrossoverIndicator,RT_UNIQUE,MapIt,TimeLastLeft,YR,KABCO,MFNY,WorkingRID,RT_CONFIDENCE,KTC_RT,KTC_MP,Motorcyclist,CommercialVehicle,YoungDriver,MatureDriver,pedestrian,Bicyclist,Distracted,agressive,Impaired,Unrestrained,Intersection,RoadwayDeparture,MedXover
72533501,980100,2.02E+11,20200819,1014,,,SYCAMORE,,ST,,,0,098 CS-1168,CS1168,Y,N,NULL,NULL,NULL,N,NULL,NULL,NULL,NULL,NULL,NULL,0.022,NULL,NULL,NULL,NULL,,NULL,0,0,2,2,N,N,NULL,NULL,98,9801,NULL,,Y,37.47809,37,28.685,NULL,-82.52216,82,31.33,NULL,N,NULL,NULL,NULL,NULL,NULL,NULL,NULL,NULL,1,97,NULL,6,1,1,2,2,5,3,N,NULL,Y,N,1014,1020,1020,N,NULL,90,,,N,,N,N,098-CS-1168-0,NULL,NULL,2020,O,7.25335E+11,098-CS-1168  -000,HIGH,098-CS-1168  -000,0.022,0,0,1,0,0,0,0,0,0,0,0,0,0
72535374,980000,20-08-004,20200806,1930,,,MILLARD,,HWY,US0460,US0460,0,098 US-460,US0460,N,N,NULL,NULL,NULL,N,NULL,NULL,NULL,NULL,NULL,NULL,6.266,NULL,NULL,NULL,NULL,,NULL,0,0,2,2,Y,N,55,NULL,98,9832,4,NE,N,37.39998,37,23.999,NULL,-82.43317,82,25.99,NULL,N,NULL,NULL,NULL,NULL,NULL,NULL,NULL,NULL,7,97,2,3,1,1,2,2,1,3,N,NULL,Y,Y,1934,2008,,N,NULL,47,,1,Y,,N,N,098-US-0460-0,NULL,NULL,2020,O,7.25354E+11,098-US-0460  -000,HIGH,098-US-0460  -000,6.266,0,0,1,0,0,0,0,0,0,0,0,0,0
72399398,KSP0900,19-33306,20190826,1521,,,BIG CREEK,E,RD,KY3220,KY3220,,,,N,N,NULL,NULL,NULL,N,NULL,NULL,NULL,NULL,NULL,NULL,1.326,NULL,NULL,NULL,NULL,,NULL,0,0,2,2,N,N,35,NULL,98,9833,NULL,,Y,37.61638,37,36.983,NULL,-82.34848,82,20.909,NULL,N,NULL,NULL,NULL,NULL,NULL,NULL,NULL,NULL,7,3,2,3,1,1,2,2,7,3,N,NULL,N,N,1602,1625,1625,N,NULL,54,8,0,N,,N,N,,NULL,NULL,2019,O,7.23994E+11,098-KY-3220  -000,HIGH,098-KY-3220  -000,1.326,0,0,0,0,0,0,0,0,0,0,0,1,0
72515391,KSP0900,20-570184,20200627,1731,,,US23,,,US0023,US0023,0,098 US-23-10,US0023,N,N,NULL,NULL,NULL,N,NULL,NULL,NULL,NULL,NULL,NULL,28.274,NULL,NULL,NULL,NULL,,NULL,0,0,2,2,N,N,45,NULL,98,9807,NULL,,Y,37.51694,37,31.017,NULL,-82.56256,82,33.753,NULL,N,NULL,NULL,NULL,NULL,NULL,NULL,NULL,NULL,5,3,4,6,1,7,3,2,7,3,N,NULL,Y,N,1732,1732,1820,N,NULL,49,,1,N,,N,N,098-US-0023-10,NULL,NULL,2020,O,7.25154E+11,098-US-0023  -010,HIGH,098-US-0023  -000,28.274,0,0,0,1,0,0,1,0,0,0,0,0,0
72498011,980000,20-01-007,20200131,2245,,,US119,,,US0119,US0119,0,098 US-119,US0119,N,N,NULL,NULL,NULL,N,NULL,NULL,NULL,NULL,NULL,NULL,23.372,NULL,NULL,NULL,NULL,,NULL,2,0,1,1,N,N,55,NULL,98,9812,NULL,,Y,37.64689,37,38.814,NULL,-82.26735,82,16.041,NULL,N,NULL,NULL,NULL,NULL,NULL,NULL,NULL,NULL,9,5,4,6,1,5,6,5,8,3,N,NULL,N,Y,2250,2258,2325,N,NULL,51,2,1,N,,N,N,098-US-0119-0,NULL,NULL,2020,C,7.2498E+11,098-US-0119  -000,HIGH,098-US-0119  -000,23.372,0,0,1,0,0,0,0,0,0,0,0,1,0
72526001,KSP0900,20-617929,20200725,1418,,447,SMITH FORK,,RD,KY3419,KY3419,0,098 KY-3419,KY3419,N,N,NULL,NULL,NULL,N,NULL,NULL,NULL,NULL,NULL,NULL,4.626,NULL,NULL,NULL,NULL,,NULL,0,0,2,2,N,N,55,NULL,98,9804,NULL,,Y,37.48447,37,29.068,NULL,-82.18344,82,11.007,NULL,N,NULL,NULL,NULL,NULL,NULL,NULL,NULL,NULL,1,3,2,3,1,1,2,2,7,3,N,NULL,Y,Y,1530,1530,1530,N,NULL,55,9,0,Y,,N,N,098-KY-3419-0,NULL,NULL,2020,O,7.2526E+11,098-KY-3419  -000,HIGH,098-KY-3419  -000,4.626,0,0,0,0,0,0,1,0,0,0,0,0,0
72472346,980100,2.02E+11,20200204,1652,,,US119 TURN LANE,,,US0119,US0119,,,,N,N,NULL,NULL,NULL,N,NULL,NULL,NULL,NULL,NULL,NULL,0.006,NULL,NULL,NULL,NULL,,NULL,0,0,2,2,N,N,55,NULL,98,9801,NULL,,Y,37.50375,37,30.225,NULL,-82.53167,82,31.9,NULL,N,NULL,NULL,NULL,NULL,NULL,NULL,NULL,NULL,8,3,4,6,1,5,6,2,1,3,N,NULL,N,N,1652,1658,1710,N,NULL,53,2,1,N,,N,N,,NULL,NULL,2020,O,7.24723E+11,098-US-0119  -021,MEDIUM,098-US-0119  -021,0.006,0,0,0,1,0,0,1,0,0,0,0,1,0
72506557,980500,2020AR031,20200601,1417,,,MAIN,,ST,,,0,098 CS-3000,CS3000,Y,N,NULL,NULL,NULL,N,NULL,NULL,NULL,NULL,NULL,NULL,0.419,NULL,NULL,NULL,NULL,,NULL,0,0,2,2,N,N,15,NULL,98,9807,NULL,,Y,37.51996,37,31.198,NULL,-82.56911,82,34.146,NULL,N,NULL,NULL,NULL,NULL,NULL,NULL,NULL,NULL,8,97,1,6,1,1,2,2,1,3,N,NULL,Y,N,1425,1427,1427,N,NULL,90,,,N,,N,N,098-CS-3000-0,NULL,NULL,2020,O,7.25066E+11,098-CS-3000  -000,HIGH,098-CS-3000  -000,0.419,0,0,0,0,0,0,0,0,0,0,0,0,0
72502668,KSP0900,20-18096,20200515,730,,,FERRELLS CREEK,,RD,US0460,US0460,0,098 US-460,US0460,N,N,NULL,NULL,NULL,N,NULL,NULL,NULL,NULL,NULL,NULL,21.165,NULL,NULL,NULL,NULL,,NULL,0,0,1,1,N,N,55,NULL,98,9847,1,W,N,37.37515,37,22.509,NULL,-82.27505,82,16.503,NULL,N,NULL,NULL,NULL,NULL,NULL,NULL,NULL,NULL,9,3,2,4,1,1,2,2,7,3,N,NULL,Y,N,730,800,,N,NULL,38,,1,N,,N,N,098-US-0460-0,NULL,NULL,2020,O,7.25027E+11,098-US-0460  -000,HIGH,098-US-0460  -000,21.165,0,0,0,0,0,0,0,0,0,0,0,0,0
72469704,980100,2.02E+11,20200130,1229,,,SYCAMORE,,ST,,,0,098 CS-1168,CS1168,Y,N,NULL,NULL,NULL,N,NULL,NULL,NULL,NULL,NULL,NULL,NULL,NULL,NULL,NULL,NULL,NULL,NULL,0,0,2,2,N,N,NULL,NULL,98,9801,NULL,,Y,37.47818,37,28.691,NULL,-82.52197,82,31.318,NULL,N,NULL,NULL,NULL,NULL,NULL,NULL,NULL,NULL,2,97,NULL,6,1,5,3,2,1,3,N,NULL,Y,N,1229,1235,1235,N,NULL,90,,,N,,N,N,098-CS-1168-0,NULL,NULL,2020,O,7.24697E+11,098-CS-1168  -000,HIGH,098-CS-1168  -000,0,0,0,1,0,0,0,1,0,0,0,0,0,0
72523318,KSP0900,20-610374,20200720,1811,,,US119,,,US0119,US0119,,,,Y,N,NULL,NULL,NULL,N,NULL,NULL,NULL,NULL,NULL,NULL,24.079,NULL,NULL,NULL,NULL,,NULL,0,0,2,2,N,N,15,NULL,98,9834,NULL,,Y,37.6568,37,39.408,NULL,-82.27068,82,16.241,NULL,N,NULL,NULL,NULL,NULL,NULL,NULL,NULL,NULL,2,97,NULL,6,1,5,2,2,1,3,N,NULL,Y,N,1840,2025,2030,N,NULL,90,2,1,N,,N,N,,NULL,NULL,2020,O,7.25233E+11,098-US-0119  -000,MEDIUM,098-US-0119  -000,24.079,0,0,1,0,0,0,1,0,0,0,0,0,0
72502006,KSP0900,20-17753,20200512,1707,,,BEEFHIDE,,CRK,,,0,098 CR-1906,CR1906,N,N,NULL,NULL,NULL,N,NULL,NULL,NULL,NULL,NULL,NULL,0.243,NULL,NULL,NULL,NULL,,NULL,1,0,2,1,N,N,35,NULL,98,9827,NULL,,Y,37.28718,37,17.231,NULL,-82.60191,82,36.115,NULL,N,NULL,NULL,NULL,NULL,NULL,NULL,NULL,NULL,9,3,2,6,1,1,2,2,7,3,Y,NULL,Y,Y,1709,1743,,N,NULL,36,,,N,,N,N,098-CR-1906-0,NULL,NULL,2020,A,7.2502E+11,098-CR-1906  -000,HIGH,098-CR-1906  -000,0.243,0,0,0,0,1,0,0,0,0,0,0,0,0
72501251,980100,2.02E+11,20200514,750,,,BYPASS,S,RD,KY1426,KY1426,,,,Y,N,NULL,NULL,NULL,N,NULL,NULL,NULL,NULL,NULL,NULL,5.678,NULL,NULL,NULL,NULL,,NULL,0,0,2,2,N,N,NULL,NULL,98,9801,NULL,,Y,37.47272,37,28.363,NULL,-82.52306,82,31.384,NULL,N,NULL,NULL,NULL,NULL,NULL,NULL,NULL,NULL,7,97,2,3,2,1,2,2,1,3,N,NULL,Y,N,750,753,,N,NULL,90,,0,N,,N,N,,NULL,NULL,2020,O,7.25013E+11,098-KY-1426  -000,HIGH,098-KY-1426  -000,5.678,0,0,0,0,0,0,0,0,0,0,0,0,0
72470413,980100,2.02E+11,20200130,1437,,,BYPASS,S,RD,KY1426,KY1426,0,098 KY-1426,KY1426,Y,N,NULL,NULL,NULL,N,NULL,NULL,NULL,NULL,NULL,NULL,6.025,NULL,NULL,NULL,NULL,,NULL,0,0,2,2,N,N,15,NULL,98,9801,NULL,,Y,37.47585,37,28.551,NULL,-82.51814,82,31.088,NULL,N,NULL,NULL,NULL,NULL,NULL,NULL,NULL,NULL,7,97,1,6,1,1,2,2,5,3,N,NULL,Y,N,1437,1445,1523,N,NULL,90,,0,N,,N,N,098-KY-1426-0,NULL,NULL,2020,O,7.24704E+11,098-KY-1426  -000,HIGH,098-KY-1426  -000,6.025,0,0,0,0,0,0,0,0,0,0,0,0,0
72535681,980100,2.02E+11,20200826,1049,,,KILGORE,,LN,,,0,098 CS-1105,CS1105,Y,N,NULL,NULL,NULL,N,NULL,NULL,NULL,NULL,NULL,NULL,0.012,NULL,NULL,NULL,NULL,,NULL,0,0,2,2,N,N,NULL,NULL,98,9801,NULL,,Y,37.47616,37,28.57,NULL,-82.52238,82,31.343,NULL,N,NULL,NULL,NULL,NULL,NULL,NULL,NULL,NULL,2,97,2,6,1,1,2,2,5,3,N,NULL,Y,N,1049,1054,1054,N,NULL,90,,,N,,N,N,098-CS-1105-0,NULL,NULL,2020,O,7.25357E+11,098-CS-1105  -000,HIGH,098-CS-1105  -000,0.012,0,0,0,0,0,0,1,0,0,0,0,0,0
72526509,980100,2.02E+11,20200727,836,,,US23,,,US0023,US0023,,,,Y,N,NULL,NULL,NULL,N,NULL,NULL,NULL,NULL,NULL,NULL,21.213,NULL,NULL,NULL,NULL,,NULL,0,0,2,2,N,N,55,NULL,98,9801,NULL,,Y,37.44799,37,26.879,NULL,-82.52529,82,31.518,NULL,N,NULL,NULL,NULL,NULL,NULL,NULL,NULL,NULL,1,97,NULL,3,1,1,2,2,1,3,N,NULL,Y,N,836,846,846,Y,NULL,90,,1,N,,N,N,,NULL,NULL,2020,O,7.25265E+11,098-US-0023  -000,MEDIUM,098-US-0023  -000,21.213,0,0,0,0,0,0,0,0,0,0,0,0,0
72489948,KSP0900,20-10650,20200321,1931,,,BIG CREEK,,RD,KY0468,KY0468,,,,N,N,NULL,NULL,NULL,N,NULL,NULL,NULL,NULL,NULL,NULL,9.23,NULL,NULL,NULL,NULL,,NULL,0,0,1,1,N,N,45,NULL,98,9843,NULL,,Y,37.70595,37,42.357,NULL,-82.34661,82,20.796,NULL,N,NULL,NULL,NULL,NULL,NULL,NULL,NULL,NULL,9,3,2,4,1,5,6,3,7,3,N,NULL,N,N,1931,1944,1944,N,NULL,40,8,0,N,,N,N,,NULL,NULL,2020,O,7.24899E+11,098-KY-0468  -000,HIGH,098-KY-0468  -000,9.23,0,0,0,0,0,0,0,0,1,0,0,1,0
72464828,KSP0900,20-377,20200103,2335,,,BIG CREEK,E,RD,KY3220,KY3220,0,098 KY-3220,KY3220,N,N,NULL,NULL,NULL,N,NULL,NULL,NULL,NULL,NULL,NULL,2.007,NULL,NULL,NULL,NULL,,NULL,2,0,1,1,N,N,55,NULL,98,9833,NULL,,Y,37.61181,37,36.709,NULL,-82.33794,82,20.276,NULL,N,NULL,NULL,NULL,NULL,NULL,NULL,NULL,NULL,9,4,2,6,1,5,6,6,7,3,N,NULL,Y,Y,2338,2358,244,Y,NULL,51,8,0,N,,N,Y,098-KY-3220-0,NULL,NULL,2020,A,7.24648E+11,098-KY-3220  -000,HIGH,098-KY-3220  -000,2.007,0,0,0,0,0,0,0,1,0,1,0,1,0
72432608,980200,980200,20191029,1400,,,ELKHORN,,CRK,KY0197,KY0197,0,098 KY-197,KY0197,N,N,NULL,NULL,NULL,N,NULL,NULL,NULL,NULL,NULL,NULL,14.492,NULL,NULL,NULL,NULL,,NULL,1,0,1,1,N,N,55,NULL,98,9802,0.1,S,N,37.28134,37,16.88,NULL,-82.37019,82,22.212,NULL,N,NULL,NULL,NULL,NULL,NULL,NULL,NULL,NULL,9,5,2,3,1,1,3,2,1,3,Y,NULL,Y,Y,1400,1410,1535,N,NULL,51,7,0,N,,N,N,098-KY-0197-0,NULL,NULL,2019,A,7.24326E+11,098-KY-0197  -000,HIGH,098-KY-0197  -000,14.492,0,0,0,0,0,0,0,0,0,0,0,1,0
72522680,980000,20-07-007,20200710,1630,,,KY194,,,KY0194,KY0194,0,098 KY-194,KY0194,N,N,NULL,NULL,NULL,N,NULL,NULL,NULL,NULL,NULL,NULL,57.591,NULL,NULL,NULL,NULL,,NULL,0,0,2,2,N,N,35,NULL,98,9811,NULL,,Y,37.53846,37,32.308,NULL,-82.16169,82,9.702,NULL,N,NULL,NULL,NULL,NULL,NULL,NULL,NULL,NULL,1,3,2,3,1,5,3,2,1,3,N,NULL,N,N,1745,1800,1800,N,NULL,55,7,0,Y,,N,N,098-KY-0194-0,NULL,NULL,2020,O,7.25227E+11,098-KY-0194  -000,HIGH,098-KY-0194  -000,57.591,0,0,0,1,0,0,0,1,0,0,0,0,0
72476555,KSP0900,2020-5393,20200210,1539,,,KY611,,,KY0611,KY0611,0,098 KY-611,KY0611,N,N,NULL,NULL,NULL,N,NULL,NULL,NULL,NULL,NULL,NULL,0.904,NULL,NULL,NULL,NULL,,NULL,2,0,2,2,N,N,55,NULL,98,9802,NULL,,Y,37.32177,37,19.306,NULL,-82.47872,82,28.723,NULL,N,NULL,NULL,NULL,NULL,NULL,NULL,NULL,NULL,5,3,2,3,1,5,6,2,7,3,Y,NULL,N,N,1539,1558,1625,N,NULL,49,8,0,N,,N,N,098-KY-0611-0,NULL,NULL,2020,C,7.24766E+11,098-KY-0611  -000,HIGH,098-KY-0611  -000,0.904,0,0,0,0,0,0,0,0,0,0,0,0,0
72430991,980100,2.019E+11,20191101,1621,,,US23,,,US0023,US0023,,,,N,N,NULL,NULL,NULL,N,NULL,NULL,NULL,NULL,NULL,NULL,26.133,NULL,NULL,NULL,NULL,,NULL,0,0,2,2,N,N,55,NULL,98,9801,NULL,,Y,37.50152,37,30.091,NULL,-82.53182,82,31.909,NULL,N,NULL,NULL,NULL,NULL,NULL,NULL,NULL,NULL,5,3,4,6,1,1,2,2,7,3,N,NULL,N,N,1621,1621,1621,N,NULL,70,,1,N,,N,N,,NULL,NULL,2019,O,7.2431E+11,098-US-0023  -000,MEDIUM,098-US-0023  -000,26.133,0,0,0,1,0,0,1,0,0,0,0,0,0
72423288,980100,2.019E+11,20191017,1654,,172,DIVISION,,ST,,,0,098 CS-1130,CS1130,N,N,NULL,NULL,NULL,N,NULL,NULL,NULL,NULL,NULL,NULL,0.158,NULL,NULL,NULL,NULL,,NULL,0,0,1,1,N,N,15,NULL,98,9801,NULL,,Y,37.47915,37,28.749,NULL,-82.51677,82,31.006,NULL,N,NULL,NULL,NULL,NULL,NULL,NULL,NULL,NULL,9,97,1,6,1,1,2,2,5,3,N,NULL,Y,Y,1654,1654,1654,Y,NULL,40,,,N,,N,N,098-CS-1130-0,NULL,NULL,2019,O,7.24233E+11,098-CS-1130  -000,HIGH,098-CS-1130  -000,0.158,0,0,0,0,0,0,0,0,0,0,0,1,0
72542714,KSP0900,20-694847,20200912,1121,,,US119,,,US0119,US0119,0,098 US-119-10,US0119,N,N,NULL,NULL,NULL,N,NULL,NULL,NULL,NULL,NULL,NULL,23.427,NULL,NULL,NULL,NULL,,NULL,0,0,2,2,N,N,55,NULL,98,9836,NULL,,Y,37.64767,37,38.861,NULL,-82.26764,82,16.058,NULL,N,NULL,NULL,NULL,NULL,NULL,NULL,NULL,NULL,5,3,2,6,1,1,2,2,1,3,N,NULL,Y,N,1121,1134,1134,N,NULL,49,2,1,N,,N,N,098-US-0119-10,NULL,NULL,2020,O,7.25427E+11,098-US-0119  -010,HIGH,098-US-0119  -000,23.427,0,0,0,0,0,0,0,0,1,0,0,0,0
72457795,980100,2.019E+11,20191231,726,,,US23,,,US0023,US0023,,,,N,N,NULL,NULL,NULL,N,NULL,NULL,NULL,NULL,NULL,NULL,25.747,NULL,NULL,NULL,NULL,,NULL,0,0,2,2,N,N,55,NULL,98,9801,NULL,,Y,37.49603,37,29.762,NULL,-82.53111,82,31.866,NULL,N,NULL,NULL,NULL,NULL,NULL,NULL,NULL,NULL,8,3,4,3,1,1,2,5,7,3,N,NULL,N,N,726,736,726,N,NULL,53,,1,N,,N,N,,NULL,NULL,2019,O,7.24578E+11,098-US-0023  -000,MEDIUM,098-US-0023  -000,25.747,0,0,0,0,0,0,1,0,0,0,0,1,0
72502599,KSP0900,20-18693,20200518,2358,,,US23,,,US0023,US0023,0,098 US-23,US0023,N,N,NULL,NULL,NULL,N,NULL,NULL,NULL,NULL,NULL,NULL,13.345,NULL,NULL,NULL,NULL,,NULL,0,0,1,1,N,N,45,NULL,98,9827,0.5,S,N,37.37735,37,22.641,NULL,-82.54026,82,32.415,NULL,N,NULL,NULL,NULL,NULL,NULL,NULL,NULL,NULL,9,3,4,6,1,5,6,4,6,3,N,NULL,Y,N,10,52,,Y,NULL,40,,1,N,,N,N,098-US-0023-0,NULL,NULL,2020,O,7.25026E+11,098-US-0023  -000,HIGH,098-US-0023  -000,13.345,0,0,1,0,0,0,0,0,0,0,0,1,0
72479755,KSP0900,20-6026,20200215,358,,,US460,,,US0460,US0460,0,098 US-460,US0460,N,N,NULL,NULL,NULL,N,NULL,NULL,NULL,NULL,NULL,NULL,2.382,NULL,NULL,NULL,NULL,,NULL,0,0,1,1,N,N,55,NULL,98,9824,NULL,,Y,37.43313,37,25.988,NULL,-82.48579,82,29.148,NULL,N,NULL,NULL,NULL,NULL,NULL,NULL,NULL,NULL,9,5,2,6,1,2,3,6,7,3,N,NULL,Y,N,359,407,439,N,NULL,44,,1,N,,N,N,098-US-0460-0,NULL,NULL,2020,O,7.24798E+11,098-US-0460  -000,HIGH,098-US-0460  -000,2.382,0,0,0,0,0,0,0,0,0,0,0,1,0
72475082,980500,2020AR014,20200210,1500,,,US23,,,US0023,US0023,0,098 US-23,US0023,N,N,NULL,NULL,NULL,N,NULL,NULL,NULL,NULL,NULL,NULL,28.658,NULL,NULL,NULL,NULL,,NULL,0,0,2,2,N,N,45,NULL,98,9807,NULL,,Y,37.52028,37,31.217,NULL,-82.56801,82,34.08,NULL,N,NULL,NULL,NULL,NULL,NULL,NULL,NULL,NULL,5,3,6,6,1,6,3,2,7,3,N,NULL,Y,N,1500,1502,,N,NULL,49,,1,N,,N,N,098-US-0023-0,NULL,NULL,2020,O,7.24751E+11,098-US-0023  -000,HIGH,098-US-0023  -000,28.658,0,0,0,0,0,0,1,0,0,0,0,0,0
72491511,980100,2.02E+11,20200329,1855,,,US23,,,US0023,US0023,,,,N,N,NULL,NULL,NULL,N,NULL,NULL,NULL,NULL,NULL,NULL,23.475,NULL,NULL,NULL,NULL,,NULL,0,0,2,2,N,N,55,NULL,98,9801,NULL,,Y,37.46969,37,28.182,NULL,-82.53326,82,31.996,NULL,N,NULL,NULL,NULL,NULL,NULL,NULL,NULL,NULL,8,3,4,3,1,1,2,2,1,3,N,NULL,Y,N,1855,1858,1858,N,NULL,47,,1,N,,N,N,,NULL,NULL,2020,O,7.24915E+11,098-US-0023  -010,MEDIUM,098-US-0023  -000,23.475,0,0,0,1,0,0,1,0,0,0,0,0,0
72486537,370200,2020-09315,20200311,936,,,TOLER,,RD,KY0319,KY0319,,,,N,N,NULL,NULL,NULL,N,NULL,NULL,NULL,NULL,NULL,NULL,3.477,NULL,NULL,NULL,NULL,,NULL,0,0,1,1,N,N,55,NULL,98,9836,NULL,,Y,37.60583,37,36.35,NULL,-82.22523,82,13.514,NULL,N,NULL,NULL,NULL,NULL,NULL,NULL,NULL,NULL,9,4,2,1,1,1,2,2,7,3,N,NULL,Y,N,941,1007,941,N,NULL,44,7,0,N,,N,N,,NULL,NULL,2020,O,7.24865E+11,098-KY-0319  -000,HIGH,098-KY-0319  -000,3.477,0,1,0,0,0,0,1,0,0,0,0,1,0
72488067,KSP0900,20-9848,20200315,815,,,OWSLEY,,RD,KY1384,KY1384,0,098 KY-1384,KY1384,N,N,NULL,NULL,NULL,N,NULL,NULL,NULL,NULL,NULL,NULL,2.958,NULL,NULL,NULL,NULL,,NULL,1,0,1,1,N,N,35,NULL,98,9801,NULL,,Y,37.50638,37,30.383,NULL,-82.58865,82,35.319,NULL,N,NULL,NULL,NULL,NULL,NULL,NULL,NULL,NULL,9,3,2,3,1,5,6,2,7,3,N,NULL,Y,N,815,924,,N,NULL,44,,0,N,,N,N,098-KY-1384-0,NULL,NULL,2020,C,7.24881E+11,098-KY-1384  -000,HIGH,098-KY-1384  -000,2.958,0,0,0,0,0,0,1,0,0,0,0,1,0
72541053,KSP0900,20-691841,20200910,1348,,,US460,,,US0460,US0460,0,098 US-460,US0460,Y,N,NULL,NULL,NULL,N,NULL,NULL,NULL,NULL,NULL,NULL,4.22,NULL,NULL,NULL,NULL,,NULL,0,0,2,2,N,N,NULL,NULL,98,9830,NULL,,Y,37.41876,37,25.125,NULL,-82.45819,82,27.492,NULL,N,NULL,NULL,NULL,NULL,NULL,NULL,NULL,NULL,2,97,2,6,1,1,2,2,6,3,N,NULL,Y,N,1349,1425,,N,NULL,90,,1,N,,N,N,098-US-0460-0,NULL,NULL,2020,O,7.25411E+11,098-US-0460  -000,HIGH,098-US-0460  -000,4.22,0,0,0,1,0,0,1,0,0,0,0,0,0
72493909,KSP0900,20-13216,20200411,1820,,,DORTON-JENKINS,,HWY,KY0805,KY0805,0,098 KY-805,KY0805,N,N,NULL,NULL,NULL,N,NULL,NULL,NULL,NULL,NULL,NULL,5.521,NULL,NULL,NULL,NULL,,NULL,1,0,1,1,N,N,35,NULL,98,9809,NULL,,Y,37.26292,37,15.775,NULL,-82.57407,82,34.444,NULL,N,NULL,NULL,NULL,NULL,NULL,NULL,NULL,NULL,9,3,2,6,1,1,2,2,7,3,Y,NULL,Y,Y,1820,1834,1834,N,NULL,70,7,0,N,,N,N,098-KY-0805-0,NULL,NULL,2020,B,7.24939E+11,098-KY-0805  -000,HIGH,098-KY-0805  -000,5.521,1,0,0,0,0,0,0,0,0,0,0,1,0
72505044,980100,2.02E+11,20200521,916,,,BYPASS,S,RD,KY1426,KY1426,0,098 KY-1426,KY1426,N,N,NULL,NULL,NULL,N,NULL,NULL,NULL,NULL,NULL,NULL,6.594,NULL,NULL,NULL,NULL,,NULL,0,0,3,3,N,N,55,NULL,98,9801,NULL,,Y,37.48291,37,28.974,NULL,-82.51339,82,30.803,NULL,N,NULL,NULL,NULL,NULL,NULL,NULL,NULL,NULL,5,3,2,6,1,1,2,2,1,3,N,NULL,Y,N,917,919,1105,Y,NULL,49,,0,Y,,N,N,098-KY-1426-0,NULL,NULL,2020,O,7.2505E+11,098-KY-1426  -000,HIGH,098-KY-1426  -000,6.594,0,0,0,1,0,0,0,0,1,0,0,0,0
72525786,980100,2.02E+11,20200728,1554,,,CASSIDY,,BLVD,,,,,,N,N,NULL,NULL,NULL,N,NULL,NULL,NULL,NULL,NULL,NULL,NULL,NULL,NULL,NULL,NULL,,NULL,0,0,2,2,N,Y,15,NULL,98,9801,NULL,,Y,37.50654,37,30.392,NULL,-82.53915,82,32.349,NULL,N,NULL,NULL,NULL,NULL,NULL,NULL,NULL,NULL,2,97,1,4,1,1,2,2,7,3,N,NULL,N,N,1556,1557,1620,N,NULL,56,,,N,,N,N,,NULL,NULL,2020,O,7.25258E+11,098-CS-1191  -000,MEDIUM,098-CS-1191  -000,0.366,0,0,0,1,0,0,1,0,0,0,0,0,0