MasterFile,AgencyORINumber,LocalCode,CollisionDate,CollisionTime,CollisionDayWeekCode,RoadwayName_HouseBusinessNumber_,RoadwayName_RoadwayName_,RoadwayName_Direction_,RoadwayName_RoadwaySuffix_,RoadwayfromReport,CurrentRoadwayNumber,RoadwayNumberCoupletID,RSEUniqueGIS,RoadwayIdentifier,ParkingLotIndicator,IntersectionWith_Indicator_,IntersectionWith_NameRoadway_,IntersectionWith_Direction_,IntersectionWith_RoadwaySuffix_,BetweenStreets_Indicator_,BetweenStreets1_NameRoadway_,BetweenStreet1_Direction_,BetweenStreets1_RoadwaySuffix_,BetweenStreets2_NameRoadway_,BetweenStreets2_Direction_,BetweenStreets2_RoadwaySuffix_,Milepoint,ReportMilepointDeriveNumber,CurrentDerivedMiepointNumber,MilestoMilepoint,FeettoMilepoint,DirectionfromMilepoint_NSEW_,ValidMilepointIndicator,NumberInjured,NumberKilled,ofUnits,ofMotorVehicleUnits,Hit&RunIndicator,OneWayIndicator,SpeedLimitNumber,KilometersIndicator,CountyCode,CityCountyCode,MilesFromCity,DirectionFromCity_NSEW_,InCityLimitsIndicator,Latitude,LatitudeDegrees,LatitudeMinutes,LatitudeSeconds,Longitude,LongitudeDegrees,LongitudeMinutes,LongitudeSeconds,RampIndicator,RampFromIdentifier,RampFromDirCode,RampFromCoupletID,RSEUniqueGISRampFrom,RampToidentifier,RampToDirCode,RampToCoupletID,RSEUniqueGisRampTo,MannerofCollisionCode,LocationFirstEventCode,TotalLanes,RoadwayCharacterCode,RoadwaySurfaceCode,RoadwayConditionCode,WeatherCode,LightConditionCode,LandUseCode,SchoolBusRelatedCode,FirstAidSceneIndicator,CollDescPresentInd,InvestigationCompleteIndicator,PhotosTakenIndicator,TimeNotified,TimeArrived,TimeRoadwayOpened,PropertyDamageIndicator,DiagramPresentIndicator,DirectionalAnalysis,FunctionClassCode,NationalHwySysCode,EnforcementsIndicator,KARSCityCode,SecondaryCollisionIndicator,MedianCrossoverIndicator,RT_UNIQUE,MapIt,TimeLastLeft,YR,KABCO,MFNY,WorkingRID,RT_CONFIDENCE,KTC_RT,KTC_MP,Motorcyclist,CommercialVehicle,YoungDriver,MatureDriver,pedestrian,Bicyclist,Distracted,agressive,Impaired,Unrestrained,Intersection,RoadwayDeparture,MedXover
72526000,KSP0900,20-614166,20200723,305,,,KY194,,,KY0194,KY0194,0,098 KY-194,KY0194,N,N,NULL,NULL,NULL,N,NULL,NULL,NULL,NULL,NULL,NULL,20.102,NULL,NULL,NULL,NULL,,NULL,0,0,2,2,N,N,55,NULL,98,9820,NULL,,Y,37.54671,37,32.803,NULL,-82.40256,82,24.154,NULL,N,NULL,NULL,NULL,NULL,NULL,NULL,NULL,NULL,1,3,2,3,1,5,2,6,7,3,N,NULL,Y,Y,308,336,336,N,NULL,55,6,0,N,,N,Y,098-KY-0194-0,NULL,NULL,2020,O,7.2526E+11,098-KY-0194  -000,HIGH,098-KY-0194  -000,20.102,0,0,0,0,0,0,0,1,0,0,0,1,1
72468369,980100,2.02E+11,20200123,1228,,,CASSIDY,,BLVD,,,,,,Y,N,NULL,NULL,NULL,N,NULL,NULL,NULL,NULL,NULL,NULL,0.289,NULL,NULL,NULL,NULL,,NULL,0,0,2,2,N,N,15,NULL,98,9801,NULL,,Y,37.50498,37,30.299,NULL,-82.53661,82,32.196,NULL,N,NULL,NULL,NULL,NULL,NULL,NULL,NULL,NULL,1,97,2,6,1,1,2,2,1,3,N,NULL,Y,N,1228,1239,1239,N,NULL,90,,,Y,,N,N,,NULL,NULL,2020,O,7.24684E+11,098-CS-1191  -000,MEDIUM,098-CS-1191  -000,0.289,0,0,1,0,0,0,1,0,0,0,0,0,0
72488351,980100,2.02E+11,20200312,900,,,CASSIDY,,BLVD,,,0,098 CS-1191,CS1191,Y,N,NULL,NULL,NULL,N,NULL,NULL,NULL,NULL,NULL,NULL,0.313,NULL,NULL,NULL,NULL,,NULL,0,0,2,2,Y,N,15,NULL,98,9801,NULL,,Y,37.50539,37,30.323,NULL,-82.53718,82,32.231,NULL,N,NULL,NULL,NULL,NULL,NULL,NULL,NULL,NULL,2,97,2,6,1,1,2,2,7,3,N,NULL,N,N,901,901,900,N,NULL,90,,,N,,N,N,098-CS-1191-0,NULL,NULL,2020,NULL,7.24884E+11,098-CS-1191  -000,HIGH,098-CS-1191  -000,0.313,0,0,0,0,0,0,0,0,0,0,0,0,0
72469844,980500,2020AR10,20200123,1530,,4565,N MAYO TRAIL,,,,,,,,Y,N,NULL,NULL,NULL,N,NULL,NULL,NULL,NULL,NULL,NULL,NULL,NULL,NULL,NULL,NULL,NULL,NULL,0,0,2,2,N,N,15,NULL,98,9807,NULL,,Y,37.52793,37,31.676,NULL,-82.57555,82,34.533,NULL,N,NULL,NULL,NULL,NULL,NULL,NULL,NULL,NULL,2,97,2,6,1,1,3,2,1,3,N,NULL,Y,N,1530,1533,,N,NULL,90,,1,N,,N,N,,NULL,NULL,2020,O,7.24698E+11,098-US-0023  -010,MEDIUM,098-US-0023  -000,29.339,0,0,0,0,0,0,0,0,0,0,0,0,0
72503359,980100,2.02E+11,20200520,1140,,,THOMPSON,,RD,,,0,098 CS-1215,CS1215,N,N,NULL,NULL,NULL,N,NULL,NULL,NULL,NULL,NULL,NULL,0.673,NULL,NULL,NULL,NULL,,NULL,0,0,2,2,N,N,35,NULL,98,9801,NULL,,Y,37.50518,37,30.311,NULL,-82.54089,82,32.453,NULL,N,NULL,NULL,NULL,NULL,NULL,NULL,NULL,NULL,8,3,2,6,1,1,3,2,7,3,N,NULL,Y,N,1140,1148,1148,N,NULL,53,,,N,,N,N,098-CS-1215-0,NULL,NULL,2020,O,7.25034E+11,098-CS-1215  -000,HIGH,098-CS-1215  -000,0.673,0,0,1,1,0,0,1,0,0,0,0,1,0
72503360,980100,2.02E+11,20200520,1523,,233,CASSIDY,,BLVD,,,0,098 CS-1191,CS1191,Y,N,NULL,NULL,NULL,N,NULL,NULL,NULL,NULL,NULL,NULL,0.297,NULL,NULL,NULL,NULL,,NULL,0,0,2,2,N,N,NULL,NULL,98,9801,NULL,,Y,37.50502,37,30.301,NULL,-82.53676,82,32.205,NULL,N,NULL,NULL,NULL,NULL,NULL,NULL,NULL,NULL,2,97,NULL,6,1,5,6,2,5,3,N,NULL,Y,N,1524,1531,1531,N,NULL,90,,,N,,N,N,098-CS-1191-0,NULL,NULL,2020,O,7.25034E+11,098-CS-1191  -000,HIGH,098-CS-1191  -000,0.297,0,0,0,0,0,0,1,0,0,0,0,0,0
72512319,980100,2.02E+11,20200617,1413,,,US23,,,US0023,US0023,0,098 US-23,US0023,N,N,NULL,NULL,NULL,N,NULL,NULL,NULL,NULL,NULL,NULL,27.476,NULL,NULL,NULL,NULL,,NULL,0,0,2,2,N,N,55,NULL,98,9807,NULL,,Y,37.51145,37,30.687,NULL,-82.55053,82,33.032,NULL,N,NULL,NULL,NULL,NULL,NULL,NULL,NULL,NULL,5,3,6,6,1,1,2,2,7,3,N,NULL,N,N,1414,1418,1455,N,NULL,70,,1,Y,,N,N,098-US-0023-0,NULL,NULL,2020,O,7.25123E+11,098-US-0023  -000,HIGH,098-US-0023  -000,27.476,0,0,0,0,0,0,0,0,1,0,0,0,0
72515936,980100,2.02E+11,20200629,946,,,SYCAMORE,,ST,,,0,098 CS-1168,CS1168,N,N,NULL,NULL,NULL,N,NULL,NULL,NULL,NULL,NULL,NULL,0.228,NULL,NULL,NULL,NULL,,NULL,0,0,1,1,N,N,15,NULL,98,9801,NULL,,Y,37.48012,37,28.807,NULL,-82.52096,82,31.258,NULL,N,NULL,NULL,NULL,NULL,NULL,NULL,NULL,NULL,9,5,1,6,1,1,2,2,6,3,N,NULL,Y,Y,946,948,948,N,NULL,40,,,N,,N,N,098-CS-1168-0,NULL,NULL,2020,O,7.25159E+11,098-CS-1168  -000,HIGH,098-CS-1168  -000,0.228,0,0,0,0,0,0,0,0,0,0,0,1,0
72502995,KSP0900,20-16869,20200505,2058,,,US460,,,US0460,US0460,0,098 US-460,US0460,N,N,NULL,NULL,NULL,N,NULL,NULL,NULL,NULL,NULL,NULL,6.477,NULL,NULL,NULL,NULL,,NULL,3,0,2,2,Y,N,55,NULL,98,9802,8,W,N,37.39702,37,23.821,NULL,-82.4332,82,25.992,NULL,N,NULL,NULL,NULL,NULL,NULL,NULL,NULL,NULL,1,3,2,6,1,1,3,6,7,3,N,NULL,Y,Y,2058,2103,2130,N,NULL,55,,1,N,,N,N,098-US-0460-0,NULL,NULL,2020,C,7.2503E+11,098-US-0460  -000,HIGH,098-US-0460  -000,6.477,0,0,0,0,0,0,0,0,0,0,0,0,0
72468756,980100,2.02E+11,20200123,1930,,,SUMMIT,,DR,,,0,098 CS-1064,CS1064,N,N,NULL,NULL,NULL,N,NULL,NULL,NULL,NULL,NULL,NULL,0.115,NULL,NULL,NULL,NULL,,NULL,0,0,1,1,N,N,15,NULL,98,9801,NULL,,Y,37.4763,37,28.578,NULL,-82.51591,82,30.954,NULL,N,NULL,NULL,NULL,NULL,NULL,NULL,NULL,NULL,9,3,2,4,1,1,2,5,7,3,N,NULL,Y,N,1436,1436,,N,NULL,70,,,N,,N,N,098-CS-1064-0,NULL,NULL,2020,O,7.24688E+11,098-CS-1064  -000,HIGH,098-CS-1064  -000,0.115,0,0,1,0,0,0,0,0,0,0,0,0,0
72497570,KSP0900,20-15902,20200429,1122,,,KY194,,,KY0194,KY0194,0,098 KY-194,KY0194,N,N,NULL,NULL,NULL,N,NULL,NULL,NULL,NULL,NULL,NULL,2.241,NULL,NULL,NULL,NULL,,NULL,0,0,1,1,N,N,55,NULL,98,9801,10,S,N,37.65704,37,39.423,NULL,-82.58456,82,35.074,NULL,N,NULL,NULL,NULL,NULL,NULL,NULL,NULL,NULL,9,97,2,6,1,1,2,2,6,3,N,NULL,Y,N,1124,1221,,N,NULL,40,8,0,N,,N,N,098-KY-0194-0,NULL,NULL,2020,NULL,7.24976E+11,098-KY-0194  -000,HIGH,098-KY-0194  -000,2.241,0,0,0,0,0,0,0,0,0,0,0,1,0
72470042,980100,2.02E+11,20200124,1303,,,KY1426,,,KY1426,KY1426,0,098 KY-1426,KY1426,N,N,NULL,NULL,NULL,N,NULL,NULL,NULL,NULL,NULL,NULL,8.12,NULL,NULL,NULL,NULL,,NULL,0,0,1,1,N,N,45,NULL,98,9801,NULL,,Y,37.49285,37,29.571,NULL,-82.49091,82,29.455,NULL,N,NULL,NULL,NULL,NULL,NULL,NULL,NULL,NULL,9,3,2,2,1,5,6,2,7,3,N,NULL,Y,N,1303,1310,1333,N,NULL,44,,0,Y,,N,N,098-KY-1426-0,NULL,NULL,2020,O,7.247E+11,098-KY-1426  -000,HIGH,098-KY-1426  -000,8.12,0,0,0,0,0,0,0,1,0,0,0,1,0
72491350,KSP0900,20-10526,20200320,1730,,,RED CREEK,,RD,,,0,098 CR-1263,CR1263,N,N,NULL,NULL,NULL,N,NULL,NULL,NULL,NULL,NULL,NULL,0.378,NULL,NULL,NULL,NULL,,NULL,0,0,2,2,N,N,35,NULL,98,9832,NULL,,Y,37.43313,37,25.988,NULL,-82.47295,82,28.377,NULL,N,NULL,NULL,NULL,NULL,NULL,NULL,NULL,NULL,6,97,1,6,1,5,6,7,7,3,N,NULL,N,N,1730,1753,1753,N,NULL,47,,,N,,N,N,098-CR-1263-0,NULL,NULL,2020,O,7.24914E+11,098-CR-1263  -000,HIGH,098-CR-1263  -000,0.378,0,0,0,1,0,0,1,0,0,0,0,0,0
72488688,980100,2.02E+11,20200317,627,,,US23,,,US0023,US0023,0,098 US-23,US0023,N,N,NULL,NULL,NULL,N,NULL,NULL,NULL,NULL,NULL,NULL,23.058,NULL,NULL,NULL,NULL,,NULL,0,0,2,2,N,N,55,NULL,98,9801,NULL,,Y,37.46599,37,27.96,NULL,-82.52814,82,31.688,NULL,N,NULL,NULL,NULL,NULL,NULL,NULL,NULL,NULL,5,3,4,6,1,5,6,6,1,3,N,NULL,Y,N,627,634,638,N,NULL,49,,1,N,,N,N,098-US-0023-0,NULL,NULL,2020,O,7.24887E+11,098-US-0023  -000,HIGH,098-US-0023  -000,23.058,0,0,0,1,0,0,1,0,0,0,0,0,0
72478866,980100,2.02E+11,20200220,1024,,911,BYPASS RD,,,,,,,,Y,N,NULL,NULL,NULL,N,NULL,NULL,NULL,NULL,NULL,NULL,NULL,NULL,NULL,NULL,NULL,,NULL,0,0,2,2,N,N,15,NULL,98,9801,NULL,,Y,37.47206,37,28.324,NULL,-82.52268,82,31.361,NULL,N,NULL,NULL,NULL,NULL,NULL,NULL,NULL,NULL,8,97,2,6,2,1,3,2,1,3,N,NULL,Y,N,1024,1029,1029,N,NULL,90,,,N,,N,N,,NULL,NULL,2020,O,7.24789E+11,098-CS-1223  -000,MEDIUM,098-CS-1223  -000,0.047,0,0,0,0,0,0,0,0,0,0,0,0,0
72483602,KSP0900,20-7836,20200229,618,,,FORD MOUNTAIN,,RD,,,0,098 CR-1364Q4,CR1364Q4,N,N,NULL,NULL,NULL,N,NULL,NULL,NULL,NULL,NULL,NULL,0.72,NULL,NULL,NULL,NULL,,NULL,0,0,1,1,N,N,35,NULL,98,9820,NULL,,Y,37.57374,37,34.424,NULL,-82.44871,82,26.922,NULL,N,NULL,NULL,NULL,NULL,NULL,NULL,NULL,NULL,9,3,1,2,1,2,9,6,7,3,N,NULL,N,N,618,654,845,N,NULL,40,,,N,,N,N,098-CR-1364Q4-0,NULL,NULL,2020,O,7.24836E+11,098-CR-1364Q4-000,HIGH,098-CR-1364Q4-000,0.72,0,0,0,0,0,0,0,0,0,0,0,1,0
72458607,980100,2.019E+11,20191227,1253,,,KY1426,,,KY1426,KY1426,,,,N,Y,CHLOE,,RD,N,NULL,NULL,NULL,NULL,NULL,NULL,6.19,NULL,NULL,NULL,NULL,,NULL,2,0,2,2,N,N,45,NULL,98,9801,NULL,,Y,37.47765,37,28.659,NULL,-82.51628,82,30.977,NULL,N,NULL,NULL,NULL,NULL,NULL,NULL,NULL,NULL,8,3,3,6,1,5,3,2,7,3,Y,NULL,Y,Y,1254,1258,,N,NULL,19,,0,Y,,N,N,,NULL,NULL,2019,C,7.24586E+11,098-KY-1426  -000,HIGH,098-KY-1426  -000,6.19,0,0,0,0,0,0,1,0,1,0,1,0,0
72497795,KSP0900,20-16080,20200430,1324,,,US460,,,US0460,US0460,0,098 US-460,US0460,N,N,NULL,NULL,NULL,N,NULL,NULL,NULL,NULL,NULL,NULL,8.905,NULL,NULL,NULL,NULL,,NULL,0,0,1,1,N,N,35,NULL,98,9802,6,W,N,37.37071,37,22.242,NULL,-82.42168,82,25.301,NULL,N,NULL,NULL,NULL,NULL,NULL,NULL,NULL,NULL,9,5,2,6,1,1,3,2,7,3,N,NULL,Y,N,1326,1400,1400,N,NULL,44,,1,N,,N,N,098-US-0460-0,NULL,NULL,2020,O,7.24978E+11,098-US-0460  -000,HIGH,098-US-0460  -000,8.905,0,0,0,1,0,0,1,0,0,0,0,1,0
72502705,980000,20-05-005,20200514,1408,,,KY194,,,KY0194,KY0194,0,098 KY-194,KY0194,N,N,NULL,NULL,NULL,N,NULL,NULL,NULL,NULL,NULL,NULL,3.194,NULL,NULL,NULL,NULL,,NULL,0,0,1,1,N,N,55,NULL,98,9801,20,N,N,37.65287,37,39.172,NULL,-82.57289,82,34.374,NULL,N,NULL,NULL,NULL,NULL,NULL,NULL,NULL,NULL,9,3,2,3,1,1,2,2,7,3,N,NULL,Y,Y,1408,1439,1615,N,NULL,44,8,0,N,,N,N,098-KY-0194-0,NULL,NULL,2020,O,7.25027E+11,098-KY-0194  -000,HIGH,098-KY-0194  -000,3.194,0,0,0,0,0,0,1,0,0,0,0,1,0
72510376,980100,2.02E+11,20200612,1248,,,BAIRD,,AVE,KY1426,KY1426,,,,Y,N,NULL,NULL,NULL,N,NULL,NULL,NULL,NULL,NULL,NULL,5.401,NULL,NULL,NULL,NULL,,NULL,0,0,1,1,N,N,NULL,NULL,98,9801,NULL,,Y,37.47318,37,28.391,NULL,-82.52709,82,31.625,NULL,N,NULL,NULL,NULL,NULL,NULL,NULL,NULL,NULL,9,97,NULL,6,1,1,2,2,1,3,N,NULL,Y,N,1248,1255,,Y,NULL,90,,0,N,,N,N,,NULL,NULL,2020,O,7.25104E+11,098-KY-1426  -000,HIGH,098-KY-1426  -000,5.401,0,0,1,0,0,0,0,0,0,0,0,1,0
72473003,980100,2.02E+11,20200206,1831,,,CASSIDY,,BLVD,,,0,098 CS-1191,CS1191,Y,N,NULL,NULL,NULL,N,NULL,NULL,NULL,NULL,NULL,NULL,NULL,NULL,NULL,NULL,NULL,,NULL,0,0,2,2,Y,N,10,NULL,98,9801,NULL,,Y,37.50455,37,30.273,NULL,-82.5379,82,32.274,NULL,N,NULL,NULL,NULL,NULL,NULL,NULL,NULL,NULL,,7,NULL,NULL,1,5,6,5,1,3,N,NULL,Y,N,1831,1843,1843,N,NULL,90,,,N,,N,N,098-CS-1191-0,NULL,NULL,2020,NULL,7.2473E+11,098-CS-1191  -000,HIGH,098-CS-1191  -000,0.387,0,0,0,0,0,0,0,0,0,0,0,0,0
72465818,980100,2.02E+11,20200115,2144,,254,CASSIDY,,BLVD,,,,,,Y,N,NULL,NULL,NULL,N,NULL,NULL,NULL,NULL,NULL,NULL,NULL,NULL,NULL,NULL,NULL,NULL,NULL,0,0,2,2,N,N,15,NULL,98,9801,NULL,,Y,37.50686,37,30.411,NULL,-82.5391,82,32.346,NULL,N,NULL,NULL,NULL,NULL,NULL,NULL,NULL,NULL,2,97,1,6,1,1,3,5,1,3,N,NULL,Y,Y,2144,2153,,N,NULL,90,,,N,,N,N,,NULL,NULL,2020,O,7.24658E+11,098-CS-1191  -000,MEDIUM,098-CS-1191  -000,0.359,0,0,1,0,0,0,1,0,0,0,0,0,0
72526896,KSP0900,20-568439,20200626,1600,,,KY1469,,,KY1469,KY1469,0,098 KY-1469,KY1469,N,N,NULL,NULL,NULL,N,NULL,NULL,NULL,NULL,NULL,NULL,9.847,NULL,NULL,NULL,NULL,,NULL,1,0,1,1,N,N,55,NULL,98,9827,NULL,,Y,37.32871,37,19.723,NULL,-82.60598,82,36.359,NULL,N,NULL,NULL,NULL,NULL,NULL,NULL,NULL,NULL,9,3,2,3,1,1,2,2,7,3,Y,NULL,N,Y,1600,1623,1623,N,NULL,44,8,0,N,,N,N,098-KY-1469-0,NULL,NULL,2020,B,7.25269E+11,098-KY-1469  -000,HIGH,098-KY-1469  -000,9.847,0,0,0,0,0,0,0,0,0,0,0,1,0
72533053,KSP0900,20-645011,20200812,811,,,LEFT FORK UPPER CHLOE,,RD,,,0,098 CR-1310,CR1310,N,N,NULL,NULL,NULL,N,NULL,NULL,NULL,NULL,NULL,NULL,0.678,NULL,NULL,NULL,NULL,,NULL,0,0,1,1,Y,N,15,NULL,98,9801,NULL,,Y,37.47193,37,28.316,NULL,-82.45176,82,27.106,NULL,N,NULL,NULL,NULL,NULL,NULL,NULL,NULL,NULL,9,97,NULL,6,1,1,2,4,6,3,N,NULL,Y,Y,2011,2033,,Y,NULL,40,,,Y,,N,N,098-CR-1310-0,NULL,NULL,2020,O,7.25331E+11,098-CR-1310  -000,HIGH,098-CR-1310  -000,0.678,0,0,0,0,0,0,0,0,0,0,0,1,0
72532151,980100,2.02E+11,20200814,2317,,,US23,,,US0023,US0023,0,098 US-23,US0023,N,N,NULL,NULL,NULL,N,NULL,NULL,NULL,NULL,NULL,NULL,20.009,NULL,NULL,NULL,NULL,,NULL,0,0,2,2,N,N,55,NULL,98,9801,NULL,,Y,37.44933,37,26.96,NULL,-82.51221,82,30.733,NULL,N,NULL,NULL,NULL,NULL,NULL,NULL,NULL,NULL,1,3,4,6,1,1,2,4,1,3,N,NULL,N,N,2317,2323,,N,NULL,55,,1,N,,N,N,098-US-0023-0,NULL,NULL,2020,O,7.25322E+11,098-US-0023  -000,HIGH,098-US-0023  -000,20.009,0,0,0,0,0,0,1,0,0,0,0,0,0
72424315,KSP0900,19-41108,20191019,910,,,US460,,,US0460,US0460,0,098 US-460,US0460,N,N,NULL,NULL,NULL,N,NULL,NULL,NULL,NULL,NULL,NULL,7.916,NULL,NULL,NULL,NULL,,NULL,1,0,1,1,N,N,45,NULL,98,9801,5,SE,N,37.37973,37,22.783,NULL,-82.43401,82,26.041,NULL,N,NULL,NULL,NULL,NULL,NULL,NULL,NULL,NULL,9,4,2,6,1,1,2,2,7,3,N,NULL,Y,N,910,940,1004,Y,NULL,44,,1,N,,N,N,098-US-0460-0,NULL,NULL,2019,C,7.24243E+11,098-US-0460  -000,HIGH,098-US-0460  -000,7.916,0,0,0,0,0,0,0,0,0,0,0,1,0
72480176,KSP0900,20-7287,20200224,1603,,,US460,,,US0460,US0460,0,098 US-460,US0460,Y,N,NULL,NULL,NULL,N,NULL,NULL,NULL,NULL,NULL,NULL,2.395,NULL,NULL,NULL,NULL,,NULL,0,0,2,2,N,N,NULL,NULL,98,9824,NULL,,Y,37.4329,37,25.974,NULL,-82.48428,82,29.057,NULL,N,NULL,NULL,NULL,NULL,NULL,NULL,NULL,NULL,2,97,1,6,1,5,6,2,1,3,N,NULL,Y,N,1622,1632,1644,N,NULL,90,,1,N,,N,N,098-US-0460-0,NULL,NULL,2020,O,7.24802E+11,098-US-0460  -000,HIGH,098-US-0460  -000,2.395,0,0,0,1,0,0,1,0,0,0,0,0,0
72495138,KSP0900,20-13373,20200412,2236,,,US460,,,US0460,US0460,0,098 US-460,US0460,N,N,NULL,NULL,NULL,N,NULL,NULL,NULL,NULL,NULL,NULL,13.527,NULL,NULL,NULL,NULL,,NULL,1,0,2,1,N,N,55,NULL,98,9802,NULL,,Y,37.33473,37,20.084,NULL,-82.38515,82,23.109,NULL,N,NULL,NULL,NULL,NULL,NULL,NULL,NULL,NULL,9,3,2,6,1,5,6,6,7,3,N,NULL,Y,Y,2236,2310,2310,N,NULL,36,,1,N,,N,N,098-US-0460-0,NULL,NULL,2020,A,7.24951E+11,098-US-0460  -000,HIGH,098-US-0460  -000,13.527,0,0,1,0,1,0,0,1,0,0,0,0,0
72435499,980100,2.019E+11,20191107,1254,,,BAIRD,,AVE,KY1426,KY1426,0,098 KY-1426,KY1426,N,N,NULL,NULL,NULL,N,NULL,NULL,NULL,NULL,NULL,NULL,5.392,NULL,NULL,NULL,NULL,,NULL,0,0,2,2,N,N,15,NULL,98,9801,NULL,,Y,37.47322,37,28.393,NULL,-82.52715,82,31.629,NULL,N,NULL,NULL,NULL,NULL,NULL,NULL,NULL,NULL,8,97,2,6,1,5,6,2,1,3,N,NULL,Y,N,1258,1258,1300,N,NULL,53,,0,N,,N,N,098-KY-1426-0,NULL,NULL,2019,O,7.24355E+11,098-KY-1426  -000,HIGH,098-KY-1426  -000,5.392,0,0,0,1,0,0,0,0,0,0,0,1,0
72500368,980100,2.02E+11,20200509,2023,,,US23,,,US0023,US0023,,,,N,N,NULL,NULL,NULL,N,NULL,NULL,NULL,NULL,NULL,NULL,25.083,NULL,NULL,NULL,NULL,,NULL,0,0,1,1,N,N,55,NULL,98,9801,NULL,,Y,37.48911,37,29.346,NULL,-82.53921,82,32.352,NULL,N,NULL,NULL,NULL,NULL,NULL,NULL,NULL,NULL,9,6,4,6,1,1,2,2,7,3,N,NULL,Y,N,2023,2028,2028,N,NULL,44,,1,N,,N,Y,,NULL,NULL,2020,O,7.25004E+11,098-US-0023  -000,MEDIUM,098-US-0023  -000,25.083,0,0,0,0,0,0,0,0,0,0,0,1,0
72485478,KSP0900,20-8969,20200308,1950,,,SOOKEYS,W,CRK,,,0,098 CR-1282,CR1282,N,N,NULL,NULL,NULL,N,NULL,NULL,NULL,NULL,NULL,NULL,0.312,NULL,NULL,NULL,NULL,,NULL,0,0,1,1,N,N,35,NULL,98,9801,NULL,,Y,37.3982,37,23.892,NULL,-82.53141,82,31.884,NULL,N,NULL,NULL,NULL,NULL,NULL,NULL,NULL,NULL,9,3,2,2,1,1,2,2,7,3,N,NULL,Y,Y,1951,2005,2200,Y,NULL,40,,,N,,N,N,098-CR-1282-0,NULL,NULL,2020,NULL,7.24855E+11,098-CR-1282  -000,HIGH,098-CR-1282  -000,0.312,0,1,0,0,0,0,0,1,0,0,0,1,0
72502269,KSP0900,20-16436,20200502,2300,,,CALLOWAY BRANCH SENG CAMP,,RD,KY3419,KY3419,0,098 KY-3419,KY3419,N,N,NULL,NULL,NULL,N,NULL,NULL,NULL,NULL,NULL,NULL,10.701,NULL,NULL,NULL,NULL,,NULL,1,1,1,1,N,N,45,NULL,98,9863,NULL,,Y,37.53761,37,32.256,NULL,-82.19698,82,11.818,NULL,N,NULL,NULL,NULL,NULL,NULL,NULL,NULL,NULL,9,4,2,3,1,1,2,6,7,3,Y,NULL,Y,Y,2300,2315,101,N,NULL,51,9,0,Y,,N,N,098-KY-3419-0,NULL,NULL,2020,K,7.25023E+11,098-KY-3419  -000,HIGH,098-KY-3419  -000,10.701,0,0,0,0,0,0,0,1,1,0,0,1,0
72517756,980100,2.02E+11,20200704,2142,,,OWSLEY,,RD,KY1384,KY1384,,,,N,N,NULL,NULL,NULL,N,NULL,NULL,NULL,NULL,NULL,NULL,6.877,NULL,NULL,NULL,NULL,,NULL,0,0,2,2,N,N,45,NULL,98,9801,NULL,,Y,37.4799,37,28.794,NULL,-82.54166,82,32.499,NULL,N,NULL,NULL,NULL,NULL,NULL,NULL,NULL,NULL,1,3,4,6,1,1,2,5,1,3,N,NULL,Y,N,2142,2147,,N,NULL,55,16,0,N,,N,N,,NULL,NULL,2020,O,7.25178E+11,098-KY-1384  -000,HIGH,098-KY-1384  -000,6.877,0,0,0,0,0,0,1,1,0,0,0,0,0
72496770,KSP0900,20-15064,20200423,1340,,,US119,,,US0119,US0119,0,098 US-119,US0119,N,N,NULL,NULL,NULL,N,NULL,NULL,NULL,NULL,NULL,NULL,22.562,NULL,NULL,NULL,NULL,,NULL,0,0,2,2,N,N,55,NULL,98,9814,NULL,,Y,37.63927,37,38.356,NULL,-82.25848,82,15.509,NULL,N,NULL,NULL,NULL,NULL,NULL,NULL,NULL,NULL,5,3,2,6,1,5,6,2,7,3,N,NULL,Y,N,134,1355,1400,N,NULL,70,2,1,N,,N,N,098-US-0119-0,NULL,NULL,2020,O,7.24968E+11,098-US-0119  -000,HIGH,098-US-0119  -000,22.562,0,0,0,0,0,0,0,1,0,0,0,0,0
72506973,KSP0900,20-17805,20200513,713,,,US119,,,US0119,US0119,0,098 US-119-10,US0119,N,N,NULL,NULL,NULL,N,NULL,NULL,NULL,NULL,NULL,NULL,4.338,NULL,NULL,NULL,NULL,,NULL,0,0,2,2,N,N,55,NULL,98,9828,NULL,,Y,37.51707,37,31.024,NULL,-82.45884,82,27.53,NULL,N,NULL,NULL,NULL,NULL,NULL,NULL,NULL,NULL,5,3,2,1,1,1,3,2,7,3,N,NULL,Y,N,715,743,715,N,NULL,49,2,1,N,,N,N,098-US-0119-10,NULL,NULL,2020,O,7.2507E+11,098-US-0119  -010,HIGH,098-US-0119  -000,4.338,0,1,0,0,0,0,1,0,0,0,0,0,0
72516069,980500,2020AR-034,20200629,1608,,,POWER DRIVE,,,,,,,,N,N,NULL,NULL,NULL,N,NULL,NULL,NULL,NULL,NULL,NULL,NULL,NULL,NULL,NULL,NULL,NULL,NULL,0,0,2,2,Y,N,25,NULL,98,9807,NULL,,Y,37.51521,37,30.912,NULL,-82.55942,82,33.565,NULL,N,NULL,NULL,NULL,NULL,NULL,NULL,NULL,NULL,2,3,3,5,1,1,3,2,7,3,N,NULL,Y,Y,1615,1621,1621,N,NULL,56,,,N,,N,N,,NULL,NULL,2020,O,7.25161E+11,098-US-0023  -010,MEDIUM,098-US-0023  -000,28.06,0,0,0,0,0,0,0,0,0,0,0,0,0