MasterFile,AgencyORINumber,LocalCode,CollisionDate,CollisionTime,CollisionDayWeekCode,RoadwayName_HouseBusinessNumber_,RoadwayName_RoadwayName_,RoadwayName_Direction_,RoadwayName_RoadwaySuffix_,RoadwayfromReport,CurrentRoadwayNumber,RoadwayNumberCoupletID,RSEUniqueGIS,RoadwayIdentifier,ParkingLotIndicator,IntersectionWith_Indicator_,IntersectionWith_NameRoadway_,IntersectionWith_Direction_,IntersectionWith_RoadwaySuffix_,BetweenStreets_Indicator_,BetweenStreets1_NameRoadway_,BetweenStreet1_Direction_,BetweenStreets1_RoadwaySuffix_,BetweenStreets2_NameRoadway_,BetweenStreets2_Direction_,BetweenStreets2_RoadwaySuffix_,Milepoint,ReportMilepointDeriveNumber,CurrentDerivedMiepointNumber,MilestoMilepoint,FeettoMilepoint,DirectionfromMilepoint_NSEW_,ValidMilepointIndicator,NumberInjured,NumberKilled,ofUnits,ofMotorVehicleUnits,Hit&RunIndicator,OneWayIndicator,SpeedLimitNumber,KilometersIndicator,CountyCode,CityCountyCode,MilesFromCity,DirectionFromCity_NSEW_,InCityLimitsIndicator,Latitude,LatitudeDegrees,LatitudeMinutes,LatitudeSeconds,Longitude,LongitudeDegrees,LongitudeMinutes,LongitudeSeconds,RampIndicator,RampFromIdentifier,RampFromDirCode,RampFromCoupletID,RSEUniqueGISRampFrom,RampToidentifier,RampToDirCode,RampToCoupletID,RSEUniqueGisRampTo,MannerofCollisionCode,LocationFirstEventCode,TotalLanes,RoadwayCharacterCode,RoadwaySurfaceCode,RoadwayConditionCode,WeatherCode,LightConditionCode,LandUseCode,SchoolBusRelatedCode,FirstAidSceneIndicator,CollDescPresentInd,InvestigationCompleteIndicator,PhotosTakenIndicator,TimeNotified,TimeArrived,TimeRoadwayOpened,PropertyDamageIndicator,DiagramPresentIndicator,DirectionalAnalysis,FunctionClassCode,NationalHwySysCode,EnforcementsIndicator,KARSCityCode,SecondaryCollisionIndicator,MedianCrossoverIndicator,RT_UNIQUE,MapIt,TimeLastLeft,YR,KABCO,MFNY,WorkingRID,RT_CONFIDENCE,KTC_RT,KTC_MP,Motorcyclist,CommercialVehicle,YoungDriver,MatureDriver,pedestrian,Bicyclist,Distracted,agressive,Impaired,Unrestrained,Intersection,RoadwayDeparture,MedXover
72457306,KSP0900,19-50178,20191225,1128,,,KY122,,,KY0122,KY0122,0,098 KY-122,KY0122,N,N,NULL,NULL,NULL,N,NULL,NULL,NULL,NULL,NULL,NULL,2.821,NULL,NULL,NULL,NULL,,NULL,0,0,1,1,N,N,45,NULL,98,9827,NULL,,Y,37.33868,37,20.321,NULL,-82.6255,82,37.53,NULL,N,NULL,NULL,NULL,NULL,NULL,NULL,NULL,NULL,9,5,2,6,1,1,2,2,7,3,N,NULL,Y,N,1128,1207,1220,N,NULL,40,,0,N,,N,N,098-KY-0122-0,NULL,NULL,2019,O,7.24573E+11,098-KY-0122  -000,HIGH,098-KY-0122  -000,2.821,0,0,0,0,0,0,0,0,0,0,0,1,0
72493802,KSP0900,20-13162,20200411,952,,385,MALL,S,RD,,,0,098 PR-1010,PR1010,N,N,NULL,NULL,NULL,N,NULL,NULL,NULL,NULL,NULL,NULL,0.326,NULL,NULL,NULL,NULL,,NULL,0,0,2,2,N,N,25,NULL,98,9834,NULL,,Y,37.65551,37,39.331,NULL,-82.27338,82,16.402,NULL,N,NULL,NULL,NULL,NULL,NULL,NULL,NULL,NULL,1,3,4,4,1,1,2,2,7,3,N,NULL,Y,Y,1005,1028,1041,N,NULL,55,,,N,,N,N,098-PR-1010-0,NULL,NULL,2020,O,7.24938E+11,098-PR-1010  -000,HIGH,098-PR-1010  -000,0.326,0,0,0,0,0,0,1,0,0,0,0,0,0
72476679,KSP0900,20-5945,20200214,1713,,27678,US119,,,US0119,US0119,0,098 US-119,US0119,N,N,NULL,NULL,NULL,N,NULL,NULL,NULL,NULL,NULL,NULL,23.456,NULL,NULL,NULL,NULL,,NULL,0,0,2,2,N,N,55,NULL,98,9836,NULL,,Y,37.64811,37,38.887,NULL,-82.2675,82,16.05,NULL,N,NULL,NULL,NULL,NULL,NULL,NULL,NULL,NULL,5,3,2,6,1,1,2,2,8,3,N,NULL,Y,N,1713,1714,1714,N,NULL,49,2,1,N,,N,N,098-US-0119-0,NULL,NULL,2020,O,7.24767E+11,098-US-0119  -000,HIGH,098-US-0119  -000,23.456,0,0,1,0,0,0,1,0,0,0,0,0,0
72488328,KSP0900,20-9970,20200316,1130,,,KY194,,,KY0194,KY0194,0,098 KY-194,KY0194,N,N,NULL,NULL,NULL,N,NULL,NULL,NULL,NULL,NULL,NULL,60.557,NULL,NULL,NULL,NULL,,NULL,0,0,2,2,N,N,35,NULL,98,9811,NULL,,Y,37.56488,37,33.893,NULL,-82.14326,82,8.596,NULL,N,NULL,NULL,NULL,NULL,NULL,NULL,NULL,NULL,2,3,2,6,1,1,3,2,7,3,N,NULL,Y,N,1130,1135,1140,N,NULL,56,7,0,N,,N,N,098-KY-0194-0,NULL,NULL,2020,O,7.24883E+11,098-KY-0194  -000,HIGH,098-KY-0194  -000,60.557,0,0,0,0,0,0,0,0,0,0,0,0,0
72508513,980100,2.02E+11,20200602,1400,,,KY1426,,,KY1426,KY1426,0,098 KY-1426,KY1426,N,N,NULL,NULL,NULL,N,NULL,NULL,NULL,NULL,NULL,NULL,7.255,NULL,NULL,NULL,NULL,,NULL,0,0,1,1,N,N,55,NULL,98,9801,NULL,,Y,37.48933,37,29.36,NULL,-82.50453,82,30.272,NULL,N,NULL,NULL,NULL,NULL,NULL,NULL,NULL,NULL,9,5,2,6,1,1,2,2,7,3,N,NULL,Y,N,1411,1414,1414,N,NULL,44,,0,N,,N,N,098-KY-1426-0,NULL,NULL,2020,O,7.25085E+11,098-KY-1426  -000,HIGH,098-KY-1426  -000,7.255,0,0,0,0,0,0,0,0,0,0,0,1,0
72508578,KSP0900,20-21445,20200606,1618,,,US119,,,US0119,US0119,0,098 US-119-10,US0119,N,N,NULL,NULL,NULL,N,NULL,NULL,NULL,NULL,NULL,NULL,2.732,NULL,NULL,NULL,NULL,,NULL,0,0,1,1,N,N,55,NULL,98,9801,NULL,,Y,37.51415,37,30.849,NULL,-82.48643,82,29.186,NULL,N,NULL,NULL,NULL,NULL,NULL,NULL,NULL,NULL,9,3,2,6,1,1,2,2,7,3,N,NULL,N,N,1618,1618,1618,N,NULL,70,2,1,N,,N,N,098-US-0119-10,NULL,NULL,2020,O,7.25086E+11,098-US-0119  -010,HIGH,098-US-0119  -000,2.732,0,0,0,0,0,0,0,0,0,0,0,0,0
72485552,KSP0900,20-7604,20200227,600,,,US23,,,US0023,US0023,0,098 US-23,US0023,N,N,NULL,NULL,NULL,N,NULL,NULL,NULL,NULL,NULL,NULL,12.793,NULL,NULL,NULL,NULL,,NULL,1,0,1,1,N,N,35,NULL,98,9823,NULL,,Y,37.37165,37,22.299,NULL,-82.54514,82,32.709,NULL,N,NULL,NULL,NULL,NULL,NULL,NULL,NULL,NULL,9,3,4,6,2,2,2,6,7,3,Y,NULL,Y,N,600,645,,N,NULL,40,,1,N,,N,N,098-US-0023-0,NULL,NULL,2020,C,7.24856E+11,098-US-0023  -000,HIGH,098-US-0023  -000,12.793,0,0,0,1,0,0,0,0,0,0,0,1,0
72507244,980100,2.02E+11,20200603,1228,,,HUFFMAN,,AVE,,,0,098 CS-1123,CS1123,N,N,NULL,NULL,NULL,N,NULL,NULL,NULL,NULL,NULL,NULL,0.097,NULL,NULL,NULL,NULL,,NULL,0,0,2,2,N,N,15,NULL,98,9801,NULL,,Y,37.47772,37,28.663,NULL,-82.51855,82,31.113,NULL,N,NULL,NULL,NULL,NULL,NULL,NULL,NULL,NULL,1,3,3,6,1,1,2,2,1,3,N,NULL,Y,N,1228,1233,1300,N,NULL,55,,,Y,,N,N,098-CS-1123-0,NULL,NULL,2020,O,7.25072E+11,098-CS-1123  -000,HIGH,098-CS-1123  -000,0.097,0,0,0,0,0,0,0,0,1,0,0,0,0
72519703,KSP0900,20-589046,20200708,139,,230,HOSPITAL,,DR,,,0,098 CR-1015C,CR1015C,Y,N,NULL,NULL,NULL,N,NULL,NULL,NULL,NULL,NULL,NULL,0.004,NULL,NULL,NULL,NULL,,NULL,0,0,2,2,N,N,NULL,NULL,98,9834,NULL,,Y,37.67516,37,40.509,NULL,-82.29697,82,17.818,NULL,N,NULL,NULL,NULL,NULL,NULL,NULL,NULL,NULL,7,97,NULL,6,1,1,2,5,5,3,N,NULL,N,N,139,213,213,N,NULL,90,,,N,,N,N,098-CR-1015C-0,NULL,NULL,2020,O,7.25197E+11,098-CR-1015C -000,HIGH,098-CR-1015C -000,0.004,0,0,0,0,0,0,1,0,0,0,0,0,0
72466391,KSP0900,20-2805,20200122,640,,,US119,,,US0119,US0119,0,098 US-119,US0119,N,N,NULL,NULL,NULL,N,NULL,NULL,NULL,NULL,NULL,NULL,4.22,NULL,NULL,NULL,NULL,,NULL,0,0,1,1,N,N,55,NULL,98,9828,NULL,,Y,37.51607,37,30.964,NULL,-82.46067,82,27.64,NULL,N,NULL,NULL,NULL,NULL,NULL,NULL,NULL,NULL,9,3,2,1,1,1,2,6,7,3,N,NULL,Y,N,648,710,830,N,NULL,44,2,1,N,,N,N,098-US-0119-0,NULL,NULL,2020,O,7.24664E+11,098-US-0119  -000,HIGH,098-US-0119  -000,4.22,0,0,0,0,0,0,0,0,0,0,0,1,0
72500083,980100,2.02E+11,20200508,1409,,,US119 TURN LANE,,,US0119,US0119,0,098 US-119-21,US0119,N,N,NULL,NULL,NULL,N,NULL,NULL,NULL,NULL,NULL,NULL,0.024,NULL,NULL,NULL,NULL,,NULL,0,0,2,2,N,N,55,NULL,98,9801,NULL,,Y,37.50399,37,30.24,NULL,-82.53213,82,31.928,NULL,N,NULL,NULL,NULL,NULL,NULL,NULL,NULL,NULL,5,3,2,6,1,5,6,2,7,3,N,NULL,Y,N,1410,1417,1417,N,NULL,49,2,1,N,,N,N,098-US-0119-21,NULL,NULL,2020,O,7.25001E+11,098-US-0119  -021,HIGH,098-US-0119  -021,0.024,0,0,0,0,0,0,1,1,0,0,0,0,0
72474085,980100,2.02E+11,20200201,1452,,,US23,,,US0023,US0023,0,098 US-23,US0023,Y,N,NULL,NULL,NULL,N,NULL,NULL,NULL,NULL,NULL,NULL,20.467,NULL,NULL,NULL,NULL,,NULL,1,0,1,1,N,N,NULL,NULL,98,9801,NULL,,Y,37.44318,37,26.591,NULL,-82.51878,82,31.127,NULL,N,NULL,NULL,NULL,NULL,NULL,NULL,NULL,NULL,9,97,1,6,2,5,3,2,1,3,Y,NULL,Y,Y,1453,1453,1454,N,NULL,90,,1,Y,,N,N,098-US-0023-0,NULL,NULL,2020,C,7.24741E+11,098-US-0023  -000,HIGH,098-US-0023  -000,20.467,0,0,0,0,0,0,0,0,0,1,0,1,0
72475737,KSP0900,20-5587,20200211,2203,,3520,BIG CREEK,,RD,KY0468,KY0468,0,098 KY-468,KY0468,N,N,NULL,NULL,NULL,N,NULL,NULL,NULL,NULL,NULL,NULL,1.585,NULL,NULL,NULL,NULL,,NULL,0,0,1,1,Y,N,55,NULL,98,9833,NULL,,Y,37.63782,37,38.269,NULL,-82.35555,82,21.333,NULL,N,NULL,NULL,NULL,NULL,NULL,NULL,NULL,NULL,9,3,2,6,1,1,2,6,7,3,N,NULL,Y,N,2215,2231,2231,N,NULL,70,8,0,N,,N,N,098-KY-0468-0,NULL,NULL,2020,O,7.24757E+11,098-KY-0468  -000,HIGH,098-KY-0468  -000,1.585,0,0,0,0,0,0,0,0,0,0,0,0,0
72481964,980100,2.02E+11,20200228,1540,,,BYPASS,S,RD,KY1426,KY1426,0,098 KY-1426,KY1426,N,N,NULL,NULL,NULL,N,NULL,NULL,NULL,NULL,NULL,NULL,6.04,NULL,NULL,NULL,NULL,,NULL,0,0,2,2,N,N,45,NULL,98,9801,NULL,,Y,37.47601,37,28.561,NULL,-82.51793,82,31.076,NULL,N,NULL,NULL,NULL,NULL,NULL,NULL,NULL,NULL,1,3,3,6,1,1,2,2,1,3,N,NULL,Y,N,1540,1545,1550,N,NULL,55,,0,N,,N,N,098-KY-1426-0,NULL,NULL,2020,O,7.2482E+11,098-KY-1426  -000,HIGH,098-KY-1426  -000,6.04,0,0,0,1,0,0,1,0,0,0,0,0,0
72482280,KSP0900,20-7776,20200228,1619,,,MEATHOUSE,,RD,,,0,098 CR-1444,CR1444,N,N,NULL,NULL,NULL,N,NULL,NULL,NULL,NULL,NULL,NULL,0.558,NULL,NULL,NULL,NULL,,NULL,0,0,2,2,N,N,35,NULL,98,9817,NULL,,Y,37.52973,37,31.784,NULL,-82.35986,82,21.592,NULL,N,NULL,NULL,NULL,NULL,NULL,NULL,NULL,NULL,2,3,1,6,1,5,8,2,7,3,N,NULL,Y,N,1619,1635,1739,N,NULL,56,,,N,,N,N,098-CR-1444-0,NULL,NULL,2020,O,7.24823E+11,098-CR-1444  -000,HIGH,098-CR-1444  -000,0.558,0,0,0,0,0,0,1,0,0,1,0,0,0
72536673,980100,2.02E+11,20200822,1048,,,US23,,,US0023,US0023,0,098 US-23,US0023,N,N,NULL,NULL,NULL,N,NULL,NULL,NULL,NULL,NULL,NULL,21.543,NULL,NULL,NULL,NULL,,NULL,1,0,2,2,N,N,55,NULL,98,9801,NULL,,Y,37.45265,37,27.159,NULL,-82.52293,82,31.376,NULL,N,NULL,NULL,NULL,NULL,NULL,NULL,NULL,NULL,1,3,4,6,1,1,2,2,7,3,Y,NULL,Y,Y,1050,1055,1055,N,NULL,55,,1,N,,N,N,098-US-0023-0,NULL,NULL,2020,C,7.25367E+11,098-US-0023  -000,HIGH,098-US-0023  -000,21.543,0,0,0,1,0,0,1,0,0,0,0,0,0
72473612,KSP0900,20-5050,20200207,1837,,,KY1469,,,KY1469,KY1469,0,098 KY-1469,KY1469,N,N,NULL,NULL,NULL,N,NULL,NULL,NULL,NULL,NULL,NULL,13.165,NULL,NULL,NULL,NULL,,NULL,0,0,1,1,N,N,55,NULL,98,9827,NULL,,Y,37.35864,37,21.518,NULL,-82.57115,82,34.269,NULL,N,NULL,NULL,NULL,NULL,NULL,NULL,NULL,NULL,9,3,2,6,1,4,8,6,7,3,N,NULL,Y,N,1837,1847,,N,NULL,40,7,0,N,,N,N,098-KY-1469-0,NULL,NULL,2020,O,7.24736E+11,098-KY-1469  -000,HIGH,098-KY-1469  -000,13.165,0,0,0,0,0,0,0,0,0,0,0,1,0
72502270,KSP0900,20-17890,20200513,1832,,,US119,,,US0119,US0119,0,098 US-119-10,US0119,N,N,NULL,NULL,NULL,N,NULL,NULL,NULL,NULL,NULL,NULL,23.208,NULL,NULL,NULL,NULL,,NULL,0,0,1,1,N,N,55,NULL,98,9834,NULL,,Y,37.64442,37,38.665,NULL,-82.26694,82,16.017,NULL,N,NULL,NULL,NULL,NULL,NULL,NULL,NULL,NULL,9,5,2,3,1,1,3,2,7,3,N,NULL,N,N,1832,1842,1842,N,NULL,51,2,1,N,,N,N,098-US-0119-10,NULL,NULL,2020,O,7.25023E+11,098-US-0119  -010,HIGH,098-US-0119  -000,23.208,0,0,0,0,0,0,1,0,0,1,0,1,0
72489302,KSP0900,20-10338,20200319,1030,,,US460,,,US0460,US0460,0,098 US-460,US0460,N,N,NULL,NULL,NULL,N,NULL,NULL,NULL,NULL,NULL,NULL,2.434,NULL,NULL,NULL,NULL,,NULL,0,0,2,2,N,N,55,NULL,98,9801,4,S,N,37.43292,37,25.975,NULL,-82.48489,82,29.094,NULL,N,NULL,NULL,NULL,NULL,NULL,NULL,NULL,NULL,5,3,2,6,1,5,6,2,7,3,N,NULL,Y,N,1030,1050,1050,N,NULL,49,,1,N,,N,N,098-US-0460-0,NULL,NULL,2020,O,7.24893E+11,098-US-0460  -000,HIGH,098-US-0460  -000,2.434,0,0,0,1,0,0,1,0,0,0,0,0,0
72524815,KSP0900,20-605920,20200718,31,,,ISLAND CREEK,,RD,KY1426,KY1426,0,098 KY-1426,KY1426,N,N,NULL,NULL,NULL,N,NULL,NULL,NULL,NULL,NULL,NULL,0.006,NULL,NULL,NULL,NULL,,NULL,0,0,2,2,Y,N,35,NULL,98,9801,NULL,,Y,37.44932,37,26.959,NULL,-82.58929,82,35.357,NULL,N,NULL,NULL,NULL,NULL,NULL,NULL,NULL,NULL,7,3,2,4,1,1,10,6,7,3,N,NULL,Y,N,34,58,,N,NULL,54,8,0,N,,N,N,098-KY-1426-0,NULL,NULL,2020,O,7.25248E+11,098-KY-1426  -000,HIGH,098-KY-1426  -000,0.006,0,0,1,0,0,0,0,0,0,0,0,1,0
72507869,KSP0900,20-20088,20200528,1140,,,HOSPITAL,,DR,,,0,098 CR-1015C,CR1015C,Y,N,NULL,NULL,NULL,N,NULL,NULL,NULL,NULL,NULL,NULL,0.006,NULL,NULL,NULL,NULL,,NULL,0,0,2,2,N,N,10,NULL,98,9834,NULL,,Y,37.67518,37,40.511,NULL,-82.29697,82,17.818,NULL,N,NULL,NULL,NULL,NULL,NULL,NULL,NULL,NULL,2,97,NULL,6,1,1,2,2,1,3,N,NULL,N,N,1140,1145,1210,N,NULL,90,,,N,,N,N,098-CR-1015C-0,NULL,NULL,2020,O,7.25079E+11,098-CR-1015C -000,HIGH,098-CR-1015C -000,0.006,0,0,1,0,0,0,1,0,0,0,0,0,0
72487668,980100,2.02E+11,20200310,934,,,US23,,,US0023,US0023,0,098 US-23,US0023,N,N,NULL,NULL,NULL,N,NULL,NULL,NULL,NULL,NULL,NULL,26.287,NULL,NULL,NULL,NULL,,NULL,0,0,2,2,N,N,55,NULL,98,9801,NULL,,Y,37.50371,37,30.223,NULL,-82.53215,82,31.929,NULL,N,NULL,NULL,NULL,NULL,NULL,NULL,NULL,NULL,5,3,4,6,1,1,2,2,7,3,N,NULL,Y,N,934,943,943,N,NULL,49,,1,N,,N,N,098-US-0023-0,NULL,NULL,2020,O,7.24877E+11,098-US-0023  -000,HIGH,098-US-0023  -000,26.287,0,1,0,1,0,0,0,0,0,0,0,0,0
72494250,370200,20-13781,20200414,709,,KY 292,WILLIAMSON,,RD,KY0292,KY0292,0,098 KY-292,KY0292,N,N,NULL,NULL,NULL,N,NULL,NULL,NULL,NULL,NULL,NULL,5.317,NULL,NULL,NULL,NULL,,NULL,0,0,2,2,N,N,35,NULL,98,9834,NULL,,Y,37.67169,37,40.302,NULL,-82.28431,82,17.058,NULL,N,NULL,NULL,NULL,NULL,NULL,NULL,NULL,NULL,5,3,2,6,1,1,2,2,1,3,N,NULL,Y,N,739,739,818,N,NULL,49,7,0,N,,N,N,098-KY-0292-0,NULL,NULL,2020,O,7.24943E+11,098-KY-0292  -000,HIGH,098-KY-0292  -000,5.317,0,0,0,0,0,0,0,0,0,0,0,0,0
72523845,980100,2.02E+11,20200716,1524,,,KY3496,,,KY3496,KY3496,0,098 KY-3496,KY3496,Y,N,NULL,NULL,NULL,N,NULL,NULL,NULL,NULL,NULL,NULL,0.162,NULL,NULL,NULL,NULL,,NULL,0,0,2,2,N,N,35,NULL,98,9801,NULL,,Y,37.4663,37,27.978,NULL,-82.53058,82,31.834,NULL,N,NULL,NULL,NULL,NULL,NULL,NULL,NULL,NULL,5,97,1,6,1,1,2,2,1,3,N,NULL,Y,N,1524,1528,,N,NULL,90,16,0,N,,N,N,098-KY-3496-0,NULL,NULL,2020,O,7.25238E+11,098-KY-3496  -000,HIGH,098-KY-3496  -000,0.162,0,0,0,0,0,0,0,0,0,0,0,0,0
72512604,KSP0900,20-549008,20200616,1714,,,US460,,,US0460,US0460,0,098 US-460,US0460,N,N,NULL,NULL,NULL,N,NULL,NULL,NULL,NULL,NULL,NULL,6.428,NULL,NULL,NULL,NULL,,NULL,1,0,1,1,N,N,55,NULL,98,9832,NULL,,Y,37.39771,37,23.863,NULL,-82.4332,82,25.992,NULL,N,NULL,NULL,NULL,NULL,NULL,NULL,NULL,NULL,9,5,2,6,1,1,2,2,7,3,Y,NULL,Y,Y,1714,1726,1830,N,NULL,51,,1,N,,N,N,098-US-0460-0,NULL,NULL,2020,A,7.25126E+11,098-US-0460  -000,HIGH,098-US-0460  -000,6.428,0,0,0,0,0,0,1,0,0,0,0,1,0
72532455,980500,2020AR040,20200817,1500,,,COWPEN,,RD,KY2061,KY2061,0,098 KY-2061,KY2061,N,N,NULL,NULL,NULL,N,NULL,NULL,NULL,NULL,NULL,NULL,0.016,NULL,NULL,NULL,NULL,,NULL,0,0,2,2,N,N,45,NULL,98,9807,NULL,,Y,37.52999,37,31.799,NULL,-82.57568,82,34.541,NULL,N,NULL,NULL,NULL,NULL,NULL,NULL,NULL,NULL,8,3,2,6,1,1,2,2,7,3,N,NULL,Y,Y,1500,1510,1515,N,NULL,53,,0,N,,N,N,098-KY-2061-0,NULL,NULL,2020,O,7.25325E+11,098-KY-2061  -000,HIGH,098-KY-2061  -000,0.016,0,0,1,0,0,0,1,0,0,0,0,1,0
72533755,980100,2.02E+11,20200817,2118,,,HAMBLEY,,BLVD,,,0,098 CS-1222,CS1222,Y,N,NULL,NULL,NULL,N,NULL,NULL,NULL,NULL,NULL,NULL,0.485,NULL,NULL,NULL,NULL,,NULL,0,0,2,2,N,N,15,NULL,98,9801,NULL,,Y,37.47828,37,28.696,NULL,-82.52058,82,31.234,NULL,N,NULL,NULL,NULL,NULL,NULL,NULL,NULL,NULL,3,97,2,4,1,1,2,5,7,3,N,NULL,Y,N,2118,2118,2127,N,NULL,90,,,N,,N,N,098-CS-1222-0,NULL,NULL,2020,O,7.25338E+11,098-CS-1222  -000,HIGH,098-CS-1222  -000,0.485,0,0,0,0,0,0,0,0,0,0,0,0,0
72491270,KSP0900,20-10829,20200323,1726,,,SYCAMORE,,RD,,,0,098 CR-1351Q4-80,CR1351Q4,N,N,NULL,NULL,NULL,N,NULL,NULL,NULL,NULL,NULL,NULL,0.132,NULL,NULL,NULL,NULL,,NULL,2,0,1,1,N,N,15,NULL,98,9802,NULL,,Y,37.62826,37,37.696,NULL,-82.5498,82,32.988,NULL,N,NULL,NULL,NULL,NULL,NULL,NULL,NULL,NULL,9,5,1,4,3,1,2,2,7,3,N,NULL,Y,Y,1727,1739,1739,N,NULL,44,,,N,,N,N,098-CR-1351Q4-80,NULL,NULL,2020,B,7.24913E+11,098-CR-1351Q4-080,HIGH,098-CR-1351Q4-080,0.132,0,0,0,0,0,0,0,0,0,1,0,1,0
72489426,KSP0900,20-10397,20200319,1839,,,ROAD CREEK,,RD,,,0,098 CR-1659,CR1659,N,N,NULL,NULL,NULL,N,NULL,NULL,NULL,NULL,NULL,NULL,0.024,NULL,NULL,NULL,NULL,,NULL,0,0,2,2,N,N,15,NULL,98,9802,NULL,,Y,37.3554,37,21.324,NULL,-82.38913,82,23.348,NULL,N,NULL,NULL,NULL,NULL,NULL,NULL,NULL,NULL,3,3,1,6,1,1,2,1,7,3,N,NULL,Y,N,1937,1939,,N,NULL,52,,,N,,N,N,098-CR-1659-0,NULL,NULL,2020,O,7.24894E+11,098-CR-1659  -000,HIGH,098-CR-1659  -000,0.024,0,0,0,0,0,0,1,0,0,0,0,1,0
72471771,KSP0900,20-4462,20200203,1448,,,KY1499,,,KY1499,KY1499,0,098 KY-1499,KY1499,N,N,NULL,NULL,NULL,N,NULL,NULL,NULL,NULL,NULL,NULL,0.123,NULL,NULL,NULL,NULL,,NULL,2,0,2,2,N,N,55,NULL,98,9847,NULL,,Y,37.38434,37,23.06,NULL,-82.25536,82,15.322,NULL,N,NULL,NULL,NULL,NULL,NULL,NULL,NULL,NULL,5,3,2,6,1,1,2,2,7,3,Y,NULL,N,Y,1448,1506,1722,N,NULL,49,7,0,N,,N,N,098-KY-1499-0,NULL,NULL,2020,A,7.24718E+11,098-KY-1499  -000,HIGH,098-KY-1499  -000,0.123,1,0,0,0,0,0,1,0,0,0,0,0,0
72477438,KSP0900,2020-5970,20200214,1918,,,GREASY,,CRK,KY3226,KY3226,0,098 KY-3226,KY3226,N,N,NULL,NULL,NULL,N,NULL,NULL,NULL,NULL,NULL,NULL,2.358,NULL,NULL,NULL,NULL,,NULL,0,0,2,2,N,N,55,NULL,98,9801,NULL,,Y,37.40752,37,24.451,NULL,-82.46418,82,27.851,NULL,N,NULL,NULL,NULL,NULL,NULL,NULL,NULL,NULL,2,3,1,6,1,1,2,6,7,3,N,NULL,Y,N,1918,1936,1955,N,NULL,56,8,0,N,,N,N,098-KY-3226-0,NULL,NULL,2020,O,7.24774E+11,098-KY-3226  -000,HIGH,098-KY-3226  -000,2.358,0,0,0,1,0,0,1,0,0,0,0,0,0
72469967,KSP0900, 2020-3953,20200130,2236,,,KY632,,,KY0632,KY0632,0,098 KY-632,KY0632,N,N,NULL,NULL,NULL,N,NULL,NULL,NULL,NULL,NULL,NULL,11.897,NULL,NULL,NULL,NULL,,NULL,0,0,1,1,N,N,35,NULL,98,9804,NULL,,Y,37.50279,37,30.168,NULL,-82.17644,82,10.586,NULL,N,NULL,NULL,NULL,NULL,NULL,NULL,NULL,NULL,9,6,2,6,1,1,2,6,6,3,N,NULL,N,N,2236,2307,54,N,NULL,44,6,0,N,,N,N,098-KY-0632-0,NULL,NULL,2020,O,7.247E+11,098-KY-0632  -000,HIGH,098-KY-0632  -000,11.897,0,0,0,0,0,0,0,0,1,0,0,1,0
72501958,980100,2.02E+11,20200516,730,,,CHLOE,,RD,KY1460,KY1460,,,,N,N,NULL,NULL,NULL,N,NULL,NULL,NULL,NULL,NULL,NULL,3.908,NULL,NULL,NULL,NULL,,NULL,0,0,1,1,N,N,45,NULL,98,9801,NULL,,Y,37.47694,37,28.617,NULL,-82.49514,82,29.709,NULL,N,NULL,NULL,NULL,NULL,NULL,NULL,NULL,NULL,9,3,2,3,1,1,3,2,6,3,N,NULL,N,N,730,730,730,N,NULL,40,,0,N,,N,N,,NULL,NULL,2020,O,7.2502E+11,098-KY-1460  -000,HIGH,098-KY-1460  -000,3.908,0,0,0,0,0,0,1,0,0,0,0,1,0
72546132,KSP0900,20-714211,20200925,1724,,28402,US119,,,US0119,US0119,0,098 US-119,US0119,Y,N,NULL,NULL,NULL,N,NULL,NULL,NULL,NULL,NULL,NULL,23.765,NULL,NULL,NULL,NULL,,NULL,0,0,2,2,N,N,55,NULL,98,9834,NULL,,Y,37.65253,37,39.152,NULL,-82.26826,82,16.096,NULL,N,NULL,NULL,NULL,NULL,NULL,NULL,NULL,NULL,2,97,2,6,1,1,2,2,5,3,N,NULL,N,N,1630,1630,1700,N,NULL,90,2,1,N,,N,N,098-US-0119-0,NULL,NULL,2020,O,7.25461E+11,098-US-0119  -000,HIGH,098-US-0119  -000,23.765,0,0,0,1,0,0,1,0,0,0,0,0,0
72523879,KSP0900,20-611929,20200721,1654,,,POWELLS,,CRK,,,0,098 CR-1208,CR1208,N,N,NULL,NULL,NULL,N,NULL,NULL,NULL,NULL,NULL,NULL,1.536,NULL,NULL,NULL,NULL,,NULL,0,0,2,2,N,N,15,NULL,98,9801,NULL,,Y,37.40385,37,24.231,NULL,-82.40714,82,24.428,NULL,N,NULL,NULL,NULL,NULL,NULL,NULL,NULL,NULL,1,3,1,6,1,1,2,2,6,3,N,NULL,Y,N,1658,1733,,N,NULL,55,,,N,,N,N,098-CR-1208-0,NULL,NULL,2020,O,7.25239E+11,098-CR-1208  -000,HIGH,098-CR-1208  -000,1.536,0,0,0,0,0,0,0,0,0,0,0,0,0
72549622,KSP0900,20-728688,20201005,1900,,,OLD KY 319,,,,,0,098 CR-1883,CR1883,N,N,NULL,NULL,NULL,N,NULL,NULL,NULL,NULL,NULL,NULL,0.045,NULL,NULL,NULL,NULL,,NULL,2,0,1,1,N,N,35,NULL,98,9836,NULL,,Y,37.63776,37,38.265,NULL,-82.25331,82,15.199,NULL,N,NULL,NULL,NULL,NULL,NULL,NULL,NULL,NULL,9,3,2,6,1,1,2,2,7,3,Y,NULL,Y,Y,1900,1922,1930,N,NULL,40,,,N,,N,N,098-CR-1883-0,NULL,NULL,2020,C,7.25496E+11,098-CR-1883  -000,HIGH,098-CR-1883  -000,0.045,0,0,0,0,0,0,0,0,1,0,0,1,0