MasterFile,AgencyORINumber,LocalCode,CollisionDate,CollisionTime,CollisionDayWeekCode,RoadwayName_HouseBusinessNumber_,RoadwayName_RoadwayName_,RoadwayName_Direction_,RoadwayName_RoadwaySuffix_,RoadwayfromReport,CurrentRoadwayNumber,RoadwayNumberCoupletID,RSEUniqueGIS,RoadwayIdentifier,ParkingLotIndicator,IntersectionWith_Indicator_,IntersectionWith_NameRoadway_,IntersectionWith_Direction_,IntersectionWith_RoadwaySuffix_,BetweenStreets_Indicator_,BetweenStreets1_NameRoadway_,BetweenStreet1_Direction_,BetweenStreets1_RoadwaySuffix_,BetweenStreets2_NameRoadway_,BetweenStreets2_Direction_,BetweenStreets2_RoadwaySuffix_,Milepoint,ReportMilepointDeriveNumber,CurrentDerivedMiepointNumber,MilestoMilepoint,FeettoMilepoint,DirectionfromMilepoint_NSEW_,ValidMilepointIndicator,NumberInjured,NumberKilled,ofUnits,ofMotorVehicleUnits,Hit&RunIndicator,OneWayIndicator,SpeedLimitNumber,KilometersIndicator,CountyCode,CityCountyCode,MilesFromCity,DirectionFromCity_NSEW_,InCityLimitsIndicator,Latitude,LatitudeDegrees,LatitudeMinutes,LatitudeSeconds,Longitude,LongitudeDegrees,LongitudeMinutes,LongitudeSeconds,RampIndicator,RampFromIdentifier,RampFromDirCode,RampFromCoupletID,RSEUniqueGISRampFrom,RampToidentifier,RampToDirCode,RampToCoupletID,RSEUniqueGisRampTo,MannerofCollisionCode,LocationFirstEventCode,TotalLanes,RoadwayCharacterCode,RoadwaySurfaceCode,RoadwayConditionCode,WeatherCode,LightConditionCode,LandUseCode,SchoolBusRelatedCode,FirstAidSceneIndicator,CollDescPresentInd,InvestigationCompleteIndicator,PhotosTakenIndicator,TimeNotified,TimeArrived,TimeRoadwayOpened,PropertyDamageIndicator,DiagramPresentIndicator,DirectionalAnalysis,FunctionClassCode,NationalHwySysCode,EnforcementsIndicator,KARSCityCode,SecondaryCollisionIndicator,MedianCrossoverIndicator,RT_UNIQUE,MapIt,TimeLastLeft,YR,KABCO,MFNY,WorkingRID,RT_CONFIDENCE,KTC_RT,KTC_MP,Motorcyclist,CommercialVehicle,YoungDriver,MatureDriver,pedestrian,Bicyclist,Distracted,agressive,Impaired,Unrestrained,Intersection,RoadwayDeparture,MedXover
72464745,KSP0900,20-1787,20200113,2125,,,KY194,,,KY0194,KY0194,0,098 KY-194,KY0194,N,N,NULL,NULL,NULL,N,NULL,NULL,NULL,NULL,NULL,NULL,16.675,NULL,NULL,NULL,NULL,,NULL,1,0,1,1,N,N,55,NULL,98,9820,NULL,,Y,37.56736,37,34.041,NULL,-82.45991,82,27.594,NULL,N,NULL,NULL,NULL,NULL,NULL,NULL,NULL,NULL,9,3,2,4,1,1,2,6,7,3,N,NULL,Y,Y,2127,2138,2241,N,NULL,38,7,0,N,,N,Y,098-KY-0194-0,NULL,NULL,2020,C,7.24647E+11,098-KY-0194  -000,HIGH,098-KY-0194  -000,16.675,0,0,0,0,0,0,0,0,0,0,0,1,0
72477508,KSP0900,2020-5227,20200209,730,,,FORD MOUNTAIN,,RD,,,0,098 CR-1364Q4,CR1364Q4,N,N,NULL,NULL,NULL,N,NULL,NULL,NULL,NULL,NULL,NULL,0.497,NULL,NULL,NULL,NULL,,NULL,0,0,1,1,N,N,35,NULL,98,9820,NULL,,Y,37.57169,37,34.301,NULL,-82.45165,82,27.099,NULL,N,NULL,NULL,NULL,NULL,NULL,NULL,NULL,NULL,9,3,1,4,1,1,10,2,6,3,N,NULL,N,N,605,728,728,N,NULL,38,,,N,,N,N,098-CR-1364Q4-0,NULL,NULL,2020,O,7.24775E+11,098-CR-1364Q4-000,HIGH,098-CR-1364Q4-000,0.497,0,0,0,0,0,0,0,0,0,0,0,1,0
72498660,KSP0900,20-15927,20200429,1434,,,KY195,,,KY0195,KY0195,0,098 KY-195,KY0195,N,N,NULL,NULL,NULL,N,NULL,NULL,NULL,NULL,NULL,NULL,5.944,NULL,NULL,NULL,NULL,,NULL,1,0,1,1,N,N,35,NULL,98,9802,NULL,,Y,37.31728,37,19.037,NULL,-82.45911,82,27.547,NULL,N,NULL,NULL,NULL,NULL,NULL,NULL,NULL,NULL,9,5,2,3,1,1,2,2,7,3,N,NULL,Y,Y,1436,1518,1518,Y,NULL,51,7,0,N,,N,N,098-KY-0195-0,NULL,NULL,2020,C,7.24987E+11,098-KY-0195  -000,HIGH,098-KY-0195  -000,5.944,0,0,0,0,0,0,1,0,0,0,0,1,0
72505166,980100,2.02E+11,20200522,1230,,,US23,,,US0023,US0023,,,,N,Y,KY3496,,,N,NULL,NULL,NULL,NULL,NULL,NULL,23.061,NULL,NULL,NULL,NULL,,NULL,3,0,2,2,N,N,55,NULL,98,9801,NULL,,Y,37.46582,37,27.95,NULL,-82.52809,82,31.685,NULL,N,NULL,NULL,NULL,NULL,NULL,NULL,NULL,NULL,3,3,5,6,1,5,6,2,7,3,Y,NULL,Y,Y,1231,1233,1310,N,NULL,52,,1,N,,N,N,,NULL,NULL,2020,B,7.25052E+11,098-US-0023  -010,MEDIUM,098-US-0023  -000,23.061,0,0,0,0,0,0,1,1,0,0,1,0,0
72510001,980100,2.02E+11,20200609,1514,,,US23,,,US0023,US0023,,,,N,Y,US119,,,N,NULL,NULL,NULL,NULL,NULL,NULL,26.274,NULL,NULL,NULL,NULL,,NULL,0,0,2,2,N,N,55,NULL,98,9801,NULL,,Y,37.50352,37,30.211,NULL,-82.53213,82,31.928,NULL,N,NULL,NULL,NULL,NULL,NULL,NULL,NULL,NULL,5,3,4,6,1,1,2,2,7,3,N,NULL,Y,N,1515,1519,,N,NULL,35,,1,N,,N,N,,NULL,NULL,2020,O,7.251E+11,098-US-0023  -000,MEDIUM,098-US-0023  -000,26.274,0,0,0,0,0,0,1,0,0,0,1,0,0
72528128,980100,2.02E+11,20200714,1955,,,US119,,,US0119,US0119,0,098 US-119,US0119,N,N,NULL,NULL,NULL,N,NULL,NULL,NULL,NULL,NULL,NULL,2.705,NULL,NULL,NULL,NULL,,NULL,3,0,2,2,N,N,55,NULL,98,9801,NULL,,Y,37.51402,37,30.841,NULL,-82.48693,82,29.216,NULL,N,NULL,NULL,NULL,NULL,NULL,NULL,NULL,NULL,1,3,2,4,1,1,2,2,7,3,Y,NULL,Y,Y,1955,2000,2051,N,NULL,55,2,1,N,,N,N,098-US-0119-0,NULL,NULL,2020,C,7.25281E+11,098-US-0119  -000,HIGH,098-US-0119  -000,2.705,0,0,0,0,0,0,1,0,0,0,0,0,0
72536435,KSP0900,20-653918,20200817,1340,,,DORTON-JENKINS,,HWY,KY0805,KY0805,0,098 KY-805,KY0805,N,N,NULL,NULL,NULL,N,NULL,NULL,NULL,NULL,NULL,NULL,4.96,NULL,NULL,NULL,NULL,,NULL,1,0,1,1,N,N,35,NULL,98,9809,NULL,,Y,37.25542,37,15.325,NULL,-82.57006,82,34.204,NULL,N,NULL,NULL,NULL,NULL,NULL,NULL,NULL,NULL,9,3,2,6,1,1,2,2,7,3,Y,NULL,N,N,1340,1410,,N,NULL,70,7,0,N,,N,N,098-KY-0805-0,NULL,NULL,2020,B,7.25364E+11,098-KY-0805  -000,HIGH,098-KY-0805  -000,4.96,0,0,1,0,0,0,0,0,0,0,0,0,0
72407531,KSP0900,19-34295,20190903,1234,,,KY292,,,KY0292,KY0292,0,098 KY-292,KY0292,N,N,NULL,NULL,NULL,N,NULL,NULL,NULL,NULL,NULL,NULL,2.984,NULL,NULL,NULL,NULL,,NULL,0,0,1,1,N,N,45,NULL,98,9869,NULL,,Y,37.6604,37,39.624,NULL,-82.2396,82,14.376,NULL,N,NULL,NULL,NULL,NULL,NULL,NULL,NULL,NULL,9,3,2,3,1,1,3,2,7,3,N,NULL,Y,N,1309,1313,1330,N,NULL,44,8,0,N,,N,N,098-KY-0292-0,NULL,NULL,2019,O,7.24075E+11,098-KY-0292  -000,HIGH,098-KY-0292  -000,2.984,0,0,0,0,0,0,1,0,0,0,0,1,0
72499325,KSP0900,20-16957,20200506,1304,,,VIRGIE,,RD,KY0610,KY0610,0,098 KY-610,KY0610,N,N,NULL,NULL,NULL,N,NULL,NULL,NULL,NULL,NULL,NULL,5.488,NULL,NULL,NULL,NULL,,NULL,4,0,2,2,N,N,55,NULL,98,9827,NULL,,Y,37.31511,37,18.907,NULL,-82.58488,82,35.093,NULL,N,NULL,NULL,NULL,NULL,NULL,NULL,NULL,NULL,1,3,2,6,1,5,6,2,7,3,Y,NULL,Y,Y,1305,1314,1405,N,NULL,55,7,0,N,,N,N,098-KY-0610-0,NULL,NULL,2020,C,7.24993E+11,098-KY-0610  -000,HIGH,098-KY-0610  -000,5.488,0,0,1,0,0,0,1,0,0,0,0,0,0
72463343,KSP0900,20-1681,20200113,400,,,US119,,,US0119,US0119,0,098 US-119,US0119,N,N,NULL,NULL,NULL,N,NULL,NULL,NULL,NULL,NULL,NULL,5.971,NULL,NULL,NULL,NULL,,NULL,0,0,1,1,N,N,55,NULL,98,9820,NULL,,Y,37.54116,37,32.47,NULL,-82.4482,82,26.892,NULL,N,NULL,NULL,NULL,NULL,NULL,NULL,NULL,NULL,9,3,2,1,1,1,10,6,7,3,N,NULL,Y,N,408,511,408,N,NULL,38,2,1,N,,N,N,098-US-0119-0,NULL,NULL,2020,O,7.24633E+11,098-US-0119  -000,HIGH,098-US-0119  -000,5.971,0,0,0,0,0,0,0,0,0,0,0,0,0
72524709,980100,2.02E+11,20200725,1650,,,KY3496,,,KY3496,KY3496,,,,N,N,NULL,NULL,NULL,N,NULL,NULL,NULL,NULL,NULL,NULL,0.208,NULL,NULL,NULL,NULL,,NULL,0,0,2,2,N,N,35,NULL,98,9801,NULL,,Y,37.46656,37,27.994,NULL,-82.53136,82,31.881,NULL,N,NULL,NULL,NULL,NULL,NULL,NULL,NULL,NULL,1,3,2,6,1,1,2,2,1,3,N,NULL,Y,N,1651,1653,,N,NULL,55,16,0,N,,N,N,,NULL,NULL,2020,O,7.25247E+11,098-KY-3496  -000,HIGH,098-KY-3496  -000,0.208,0,0,1,0,0,0,1,1,0,0,0,0,0
72509892,KSP0900,20-21694,20200608,1332,,,KY194,,,KY0194,KY0194,0,098 KY-194,KY0194,N,N,NULL,NULL,NULL,N,NULL,NULL,NULL,NULL,NULL,NULL,14.558,NULL,NULL,NULL,NULL,,NULL,0,0,2,2,N,N,55,NULL,98,9801,NULL,,Y,37.58066,37,34.839,NULL,-82.47699,82,28.619,NULL,N,NULL,NULL,NULL,NULL,NULL,NULL,NULL,NULL,7,3,2,3,1,1,2,2,7,1,N,NULL,Y,N,1332,1350,1355,N,NULL,54,7,0,N,,N,N,098-KY-0194-0,NULL,NULL,2020,O,7.25099E+11,098-KY-0194  -000,HIGH,098-KY-0194  -000,14.558,0,0,1,0,0,0,0,0,0,0,0,1,0
72551061,KSP0900,20-734594,20201009,1816,,,FISHTRAP,,RD,KY1441,KY1441,0,098 KY-1441,KY1441,N,N,NULL,NULL,NULL,N,NULL,NULL,NULL,NULL,NULL,NULL,10.002,NULL,NULL,NULL,NULL,,NULL,0,0,2,2,Y,N,45,NULL,98,9850,NULL,,Y,37.51568,37,30.941,NULL,-82.45123,82,27.074,NULL,N,NULL,NULL,NULL,NULL,NULL,NULL,NULL,NULL,7,3,2,3,1,1,2,2,7,3,N,NULL,Y,N,1816,1823,1816,N,NULL,54,8,0,N,,N,N,098-KY-1441-0,NULL,NULL,2020,O,7.25511E+11,098-KY-1441  -000,HIGH,098-KY-1441  -000,10.002,0,0,0,0,0,0,0,0,0,0,0,1,0
72478020,980100,2.02E+11,20200214,1303,,254,CASSIDY,,BLVD,,,,,,Y,N,NULL,NULL,NULL,N,NULL,NULL,NULL,NULL,NULL,NULL,NULL,NULL,NULL,NULL,NULL,,NULL,0,0,2,2,Y,N,15,NULL,98,9801,NULL,,Y,37.50751,37,30.451,NULL,-82.53906,82,32.344,NULL,N,NULL,NULL,NULL,NULL,NULL,NULL,NULL,NULL,5,97,2,6,1,1,2,2,1,3,N,NULL,Y,N,1303,1353,1353,N,NULL,90,,,Y,,N,N,,NULL,NULL,2020,O,7.2478E+11,098-US-0023  -010,MEDIUM,098-US-0023  -000,26.796,0,0,0,0,0,0,1,0,0,0,0,0,0
72483556,980100,2.02E+11,20200303,1717,,,MAYO,N,TRL,US0023,US0023,,,,N,N,NULL,NULL,NULL,N,NULL,NULL,NULL,NULL,NULL,NULL,26.806,NULL,NULL,NULL,NULL,,NULL,0,0,2,2,N,N,55,NULL,98,9801,NULL,,Y,37.50916,37,30.55,NULL,-82.53799,82,32.279,NULL,N,NULL,NULL,NULL,NULL,NULL,NULL,NULL,NULL,5,3,6,6,1,1,2,2,1,3,N,NULL,Y,N,1717,1721,1721,N,NULL,49,,1,N,,N,N,,NULL,NULL,2020,O,7.24836E+11,098-US-0023  -010,MEDIUM,098-US-0023  -000,26.806,0,0,0,0,0,0,1,0,0,0,0,0,0
72502681,KSP0900,20-17850,20200513,1400,,,NARROWS,,BR,,,0,098 CR-1078,CR1078,N,N,NULL,NULL,NULL,N,NULL,NULL,NULL,NULL,NULL,NULL,0.418,NULL,NULL,NULL,NULL,,NULL,0,0,2,2,N,N,35,NULL,98,9842,NULL,,Y,37.61196,37,36.718,NULL,-82.24744,82,14.847,NULL,N,NULL,NULL,NULL,NULL,NULL,NULL,NULL,NULL,3,3,1,3,1,5,6,2,7,3,N,NULL,Y,N,1400,1405,1445,N,NULL,52,,,N,,N,N,098-CR-1078-0,NULL,NULL,2020,O,7.25027E+11,098-CR-1078  -000,HIGH,098-CR-1078  -000,0.418,0,0,0,0,0,0,0,1,0,0,0,1,0
72486027,980100,2.02E+11,20200304,1714,,,2ND,,ST,,,0,098 CS-1117,CS1117,N,N,NULL,NULL,NULL,N,NULL,NULL,NULL,NULL,NULL,NULL,0.214,NULL,NULL,NULL,NULL,,NULL,0,0,2,2,Y,N,25,NULL,98,9801,NULL,,Y,37.48088,37,28.853,NULL,-82.51765,82,31.059,NULL,N,NULL,NULL,NULL,NULL,NULL,NULL,NULL,NULL,8,97,1,6,1,1,2,2,1,3,N,NULL,Y,N,1700,1703,1703,N,NULL,47,,,N,,N,N,098-CS-1117-0,NULL,NULL,2020,NULL,7.2486E+11,098-CS-1117  -000,HIGH,098-CS-1117  -000,0.214,0,0,0,0,0,0,0,0,0,0,0,0,0
72489053,KSP0900,20-9804,20200314,2005,,,US460,,,US0460,US0460,0,098 US-460,US0460,N,N,NULL,NULL,NULL,N,NULL,NULL,NULL,NULL,NULL,NULL,10.967,NULL,NULL,NULL,NULL,,NULL,2,0,1,1,N,N,55,NULL,98,9802,NULL,,Y,37.35584,37,21.35,NULL,-82.39942,82,23.966,NULL,N,NULL,NULL,NULL,NULL,NULL,NULL,NULL,NULL,9,3,2,6,1,5,6,6,7,3,Y,NULL,Y,Y,2006,2023,2330,N,NULL,70,,1,N,,N,N,098-US-0460-0,NULL,NULL,2020,B,7.24891E+11,098-US-0460  -000,HIGH,098-US-0460  -000,10.967,0,0,1,0,0,0,0,0,0,0,0,0,0
72479323,KSP0900,20-6872,20200221,1152,,,REGINA-BELCHER,,HWY,US0460,US0460,0,098 US-460,US0460,Y,N,NULL,NULL,NULL,N,NULL,NULL,NULL,NULL,NULL,NULL,9.307,NULL,NULL,NULL,NULL,,NULL,0,0,2,2,N,N,NULL,NULL,98,9822,NULL,,Y,37.36837,37,22.102,NULL,-82.41461,82,24.877,NULL,N,NULL,NULL,NULL,NULL,NULL,NULL,NULL,NULL,1,97,2,6,1,1,2,2,1,3,N,NULL,Y,N,1200,1205,,N,NULL,90,,1,N,,N,N,098-US-0460-0,NULL,NULL,2020,O,7.24793E+11,098-US-0460  -000,HIGH,098-US-0460  -000,9.307,0,0,0,0,0,0,1,0,0,0,0,0,0
72481965,980100,2.02E+11,20200228,1750,,,THOMPSON,,RD,,,0,098 CS-1215,CS1215,N,N,NULL,NULL,NULL,N,NULL,NULL,NULL,NULL,NULL,NULL,0.529,NULL,NULL,NULL,NULL,,NULL,0,0,2,2,N,N,35,NULL,98,9801,NULL,,Y,37.50591,37,30.355,NULL,-82.54317,82,32.59,NULL,N,NULL,NULL,NULL,NULL,NULL,NULL,NULL,NULL,1,3,2,6,1,1,2,2,1,3,N,NULL,Y,N,1750,1802,1826,N,NULL,55,,,Y,,N,N,098-CS-1215-0,NULL,NULL,2020,O,7.2482E+11,098-CS-1215  -000,HIGH,098-CS-1215  -000,0.529,0,0,1,0,0,0,0,1,0,0,0,0,0
72509444,KSP0900,20-21500,20200606,2159,,,ELKHORN,,CRK,KY0197,KY0197,0,098 KY-197,KY0197,N,N,NULL,NULL,NULL,N,NULL,NULL,NULL,NULL,NULL,NULL,15.307,NULL,NULL,NULL,NULL,,NULL,0,0,2,2,Y,N,55,NULL,98,9802,NULL,,Y,37.29243,37,17.546,NULL,-82.36672,82,22.003,NULL,N,NULL,NULL,NULL,NULL,NULL,NULL,NULL,NULL,5,3,NULL,6,1,1,2,6,7,3,N,NULL,Y,N,2211,2250,,N,NULL,49,7,0,Y,,N,N,098-KY-0197-0,NULL,NULL,2020,O,7.25094E+11,098-KY-0197  -000,HIGH,098-KY-0197  -000,15.307,0,0,0,0,0,0,0,0,1,1,0,0,0
72479810,KSP0900,20-6707,20200220,820,,,TAYLOR,,RD,,,0,098 CR-1479,CR1479,N,N,NULL,NULL,NULL,N,NULL,NULL,NULL,NULL,NULL,NULL,0.42,NULL,NULL,NULL,NULL,,NULL,1,0,2,1,N,N,35,NULL,98,9828,NULL,,Y,37.52359,37,31.415,NULL,-82.4805,82,28.83,NULL,N,NULL,NULL,NULL,NULL,NULL,NULL,NULL,NULL,9,97,1,4,1,1,3,2,5,3,Y,NULL,Y,N,820,900,900,N,NULL,40,,,N,,N,N,098-CR-1479-0,NULL,NULL,2020,A,7.24798E+11,098-CR-1479  -000,HIGH,098-CR-1479  -000,0.42,0,0,0,0,1,0,0,0,0,0,0,1,0
72478363,980100,2.02E+11,20200214,1706,,,KY1426,,,KY1426,KY1426,0,098 KY-1426,KY1426,N,N,NULL,NULL,NULL,N,NULL,NULL,NULL,NULL,NULL,NULL,6.76,NULL,NULL,NULL,NULL,,NULL,0,0,2,2,N,N,55,NULL,98,9801,NULL,,Y,37.48471,37,29.083,NULL,-82.51141,82,30.684,NULL,N,NULL,NULL,NULL,NULL,NULL,NULL,NULL,NULL,2,97,2,6,1,1,2,2,1,3,N,NULL,Y,N,1707,1711,,N,NULL,56,,0,N,,N,N,098-KY-1426-0,NULL,NULL,2020,O,7.24784E+11,098-KY-1426  -000,HIGH,098-KY-1426  -000,6.76,0,0,0,0,0,0,1,0,0,0,0,0,0
72397989,KSP0900,19-32052,20190819,1319,,,ADD,,HOLW,,,0,098 CR-1176,CR1176,N,N,NULL,NULL,NULL,N,NULL,NULL,NULL,NULL,NULL,NULL,0.027,NULL,NULL,NULL,NULL,,NULL,0,0,1,1,N,N,25,NULL,98,9839,NULL,,Y,37.42017,37,25.21,NULL,-82.18609,82,11.165,NULL,N,NULL,NULL,NULL,NULL,NULL,NULL,NULL,NULL,9,3,2,6,1,1,2,2,7,3,N,NULL,N,N,1319,1420,,N,NULL,40,,,N,,N,N,098-CR-1176-0,NULL,NULL,2019,O,7.2398E+11,098-CR-1176  -000,HIGH,098-CR-1176  -000,0.027,0,0,0,0,0,0,0,0,0,0,0,1,0
72441090,980100,2.019E+11,20191122,1700,,,US23,,,US0023,US0023,,,,N,N,NULL,NULL,NULL,N,NULL,NULL,NULL,NULL,NULL,NULL,27.403,NULL,NULL,NULL,NULL,,NULL,0,0,2,2,N,N,55,NULL,98,9807,NULL,,Y,37.51093,37,30.656,NULL,-82.54927,82,32.956,NULL,N,NULL,NULL,NULL,NULL,NULL,NULL,NULL,NULL,5,3,6,6,1,1,2,2,7,3,N,NULL,Y,N,1700,1710,1710,N,NULL,49,,1,N,,N,N,,NULL,NULL,2019,O,7.24411E+11,098-US-0023  -010,MEDIUM,098-US-0023  -000,27.403,0,0,0,0,0,0,1,0,0,0,0,0,0
72461238,KSP0900,20-177,20200102,900,,,FISHTRAP,,RD,KY1441,KY1441,0,098 KY-1441,KY1441,N,N,NULL,NULL,NULL,N,NULL,NULL,NULL,NULL,NULL,NULL,11.03,NULL,NULL,NULL,NULL,,NULL,0,0,1,1,N,N,35,NULL,98,9850,NULL,,Y,37.52843,37,31.706,NULL,-82.45801,82,27.48,NULL,N,NULL,NULL,NULL,NULL,NULL,NULL,NULL,NULL,9,3,2,6,1,1,2,2,7,3,N,NULL,Y,N,900,1015,1100,Y,NULL,40,8,0,N,,N,N,098-KY-1441-0,NULL,NULL,2020,O,7.24612E+11,098-KY-1441  -000,HIGH,098-KY-1441  -000,11.03,0,0,0,0,0,0,1,0,0,0,0,1,0
72461633,980100,2.02E+11,20200103,1617,,,US23,,,US0023,US0023,,,,N,N,NULL,NULL,NULL,N,NULL,NULL,NULL,NULL,NULL,NULL,31.082,NULL,NULL,NULL,NULL,,NULL,0,0,2,2,N,N,55,NULL,98,9801,NULL,,Y,37.53868,37,32.321,NULL,-82.59374,82,35.625,NULL,N,NULL,NULL,NULL,NULL,NULL,NULL,NULL,NULL,8,3,4,6,1,5,3,2,7,3,N,NULL,Y,N,1617,1635,1635,N,NULL,53,,1,N,,N,N,,NULL,NULL,2020,O,7.24616E+11,098-US-0023  -000,MEDIUM,098-US-0023  -000,31.082,0,0,0,0,0,0,1,0,0,0,0,1,0
72479073,980100,2.02E+11,20200221,2044,,163,LEE,,AVE,,,,,,Y,N,NULL,NULL,NULL,N,NULL,NULL,NULL,NULL,NULL,NULL,NULL,NULL,NULL,NULL,NULL,,NULL,0,0,2,2,N,Y,15,NULL,98,9801,NULL,,Y,37.5008,37,30.048,NULL,-82.53397,82,32.038,NULL,N,NULL,NULL,NULL,NULL,NULL,NULL,NULL,NULL,2,97,2,6,1,1,3,5,1,3,N,NULL,Y,N,2044,2046,,N,NULL,90,,,N,,N,N,,NULL,NULL,2020,O,7.24791E+11,098-CS-1202  -000,MEDIUM,098-CS-1202  -000,0.111,0,0,0,0,0,0,1,0,0,0,0,0,0
72539646,980100,2.02E+11,20200906,1610,,,OWSLEY,,RD,KY1384,KY1384,,,,N,N,NULL,NULL,NULL,N,NULL,NULL,NULL,NULL,NULL,NULL,6.122,NULL,NULL,NULL,NULL,,NULL,0,0,2,2,N,N,35,NULL,98,9801,NULL,,Y,37.47591,37,28.554,NULL,-82.55405,82,33.243,NULL,N,NULL,NULL,NULL,NULL,NULL,NULL,NULL,NULL,5,3,2,4,1,1,2,2,6,3,N,NULL,Y,N,1610,1610,1640,N,NULL,49,17,0,Y,,N,N,,NULL,NULL,2020,O,7.25396E+11,098-KY-1384  -000,HIGH,098-KY-1384  -000,6.122,0,0,1,0,0,0,1,0,0,0,0,0,0
72494412,KSP0900,20-11918,20200401,1030,,,TOLER,,RD,KY0319,KY0319,0,098 KY-319,KY0319,N,N,NULL,NULL,NULL,N,NULL,NULL,NULL,NULL,NULL,NULL,5.975,NULL,NULL,NULL,NULL,,NULL,0,0,1,1,N,N,45,NULL,98,9842,NULL,,Y,37.63216,37,37.93,NULL,-82.24971,82,14.982,NULL,N,NULL,NULL,NULL,NULL,NULL,NULL,NULL,NULL,9,3,2,3,1,5,3,2,7,3,N,NULL,N,N,1045,1050,1120,N,NULL,44,7,0,N,,N,N,098-KY-0319-0,NULL,NULL,2020,O,7.24944E+11,098-KY-0319  -000,HIGH,098-KY-0319  -000,5.975,0,0,0,0,0,0,1,0,0,0,0,1,0
72494506,KSP0900,20-13968,20200415,1130,,,KY122,,,KY0122,KY0122,0,098 KY-122,KY0122,N,N,NULL,NULL,NULL,N,NULL,NULL,NULL,NULL,NULL,NULL,8.005,NULL,NULL,NULL,NULL,,NULL,0,0,2,2,N,N,55,NULL,98,9801,5,SW,N,37.38207,37,22.924,NULL,-82.57954,82,34.773,NULL,N,NULL,NULL,NULL,NULL,NULL,NULL,NULL,NULL,5,3,2,3,1,1,2,2,7,3,N,NULL,Y,N,1133,1200,1200,N,NULL,49,,0,N,,N,N,098-KY-0122-0,NULL,NULL,2020,O,7.24945E+11,098-KY-0122  -000,HIGH,098-KY-0122  -000,8.005,0,0,0,1,0,0,1,0,0,0,0,0,0
72487501,KSP0900,20-9621,20200313,1331,,,US460,,,US0460,US0460,0,098 US-460,US0460,N,N,NULL,NULL,NULL,N,NULL,NULL,NULL,NULL,NULL,NULL,4.275,NULL,NULL,NULL,NULL,,NULL,2,0,2,2,N,N,55,NULL,98,9801,NULL,,Y,37.41853,37,25.112,NULL,-82.45717,82,27.43,NULL,N,NULL,NULL,NULL,NULL,NULL,NULL,NULL,NULL,5,3,2,6,1,1,2,2,7,3,N,NULL,N,Y,1331,1332,,N,NULL,49,,1,N,,N,N,098-US-0460-0,NULL,NULL,2020,C,7.24875E+11,098-US-0460  -000,HIGH,098-US-0460  -000,4.275,0,0,0,1,0,0,1,0,0,0,0,0,0
72496771,KSP0900,20-15216,20200424,1242,,,KY1426,,,KY1426,KY1426,0,098 KY-1426,KY1426,N,N,NULL,NULL,NULL,N,NULL,NULL,NULL,NULL,NULL,NULL,10.59,NULL,NULL,NULL,NULL,,NULL,0,0,1,1,N,N,55,NULL,98,9814,NULL,,Y,37.518,37,31.08,NULL,-82.47398,82,28.439,NULL,N,NULL,NULL,NULL,NULL,NULL,NULL,NULL,NULL,9,3,2,3,1,5,6,2,7,3,N,NULL,Y,N,1242,1255,1300,N,NULL,44,7,0,N,,N,N,098-KY-1426-0,NULL,NULL,2020,O,7.24968E+11,098-KY-1426  -000,HIGH,098-KY-1426  -000,10.59,0,0,1,0,0,0,1,1,0,0,0,1,0
72506703,980100,2.02E+11,20200526,1618,,151,MAYO,S,TRL,,,,,,Y,N,NULL,NULL,NULL,N,NULL,NULL,NULL,NULL,NULL,NULL,NULL,NULL,NULL,NULL,NULL,NULL,NULL,0,0,2,2,Y,N,NULL,NULL,98,9801,NULL,,Y,37.4719,37,28.314,NULL,-82.52957,82,31.774,NULL,N,NULL,NULL,NULL,NULL,NULL,NULL,NULL,NULL,2,97,2,6,1,1,3,2,1,3,N,NULL,N,N,1619,1628,1628,N,NULL,90,,,N,,N,N,,NULL,NULL,2020,O,7.25067E+11,098-KY-3496  -000,MEDIUM,098-KY-3496  -000,0.798,0,0,0,1,0,0,0,0,0,0,0,0,0
72497920,980100,2.02E+11,20200424,750,,,US23,,,US0023,US0023,,,,N,N,NULL,NULL,NULL,N,NULL,NULL,NULL,NULL,NULL,NULL,26.285,NULL,NULL,NULL,NULL,,NULL,0,0,2,2,N,N,55,NULL,98,9801,NULL,,Y,37.50368,37,30.221,NULL,-82.53215,82,31.929,NULL,N,NULL,NULL,NULL,NULL,NULL,NULL,NULL,NULL,5,3,4,6,1,5,6,2,7,3,N,NULL,Y,N,750,755,755,N,NULL,70,,1,N,,N,N,,NULL,NULL,2020,O,7.24979E+11,098-US-0023  -000,MEDIUM,098-US-0023  -000,26.285,0,0,0,0,0,0,1,0,0,0,0,0,0
72543992,KSP0900,20-693551,20200911,1537,,,US119,,,US0119,US0119,0,098 US-119,US0119,Y,N,NULL,NULL,NULL,N,NULL,NULL,NULL,NULL,NULL,NULL,23.835,NULL,NULL,NULL,NULL,,NULL,0,0,2,2,Y,N,15,NULL,98,9834,NULL,,Y,37.65344,37,39.206,NULL,-82.26945,82,16.168,NULL,N,NULL,NULL,NULL,NULL,NULL,NULL,NULL,NULL,7,97,4,6,1,1,2,2,7,3,N,NULL,Y,Y,1606,1636,1636,N,NULL,90,2,1,N,,N,N,098-US-0119-0,NULL,NULL,2020,O,7.2544E+11,098-US-0119  -000,HIGH,098-US-0119  -000,23.835,0,0,0,0,0,0,1,0,0,0,0,0,0