MasterFile,AgencyORINumber,LocalCode,CollisionDate,CollisionTime,CollisionDayWeekCode,RoadwayName_HouseBusinessNumber_,RoadwayName_RoadwayName_,RoadwayName_Direction_,RoadwayName_RoadwaySuffix_,RoadwayfromReport,CurrentRoadwayNumber,RoadwayNumberCoupletID,RSEUniqueGIS,RoadwayIdentifier,ParkingLotIndicator,IntersectionWith_Indicator_,IntersectionWith_NameRoadway_,IntersectionWith_Direction_,IntersectionWith_RoadwaySuffix_,BetweenStreets_Indicator_,BetweenStreets1_NameRoadway_,BetweenStreet1_Direction_,BetweenStreets1_RoadwaySuffix_,BetweenStreets2_NameRoadway_,BetweenStreets2_Direction_,BetweenStreets2_RoadwaySuffix_,Milepoint,ReportMilepointDeriveNumber,CurrentDerivedMiepointNumber,MilestoMilepoint,FeettoMilepoint,DirectionfromMilepoint_NSEW_,ValidMilepointIndicator,NumberInjured,NumberKilled,ofUnits,ofMotorVehicleUnits,Hit&RunIndicator,OneWayIndicator,SpeedLimitNumber,KilometersIndicator,CountyCode,CityCountyCode,MilesFromCity,DirectionFromCity_NSEW_,InCityLimitsIndicator,Latitude,LatitudeDegrees,LatitudeMinutes,LatitudeSeconds,Longitude,LongitudeDegrees,LongitudeMinutes,LongitudeSeconds,RampIndicator,RampFromIdentifier,RampFromDirCode,RampFromCoupletID,RSEUniqueGISRampFrom,RampToidentifier,RampToDirCode,RampToCoupletID,RSEUniqueGisRampTo,MannerofCollisionCode,LocationFirstEventCode,TotalLanes,RoadwayCharacterCode,RoadwaySurfaceCode,RoadwayConditionCode,WeatherCode,LightConditionCode,LandUseCode,SchoolBusRelatedCode,FirstAidSceneIndicator,CollDescPresentInd,InvestigationCompleteIndicator,PhotosTakenIndicator,TimeNotified,TimeArrived,TimeRoadwayOpened,PropertyDamageIndicator,DiagramPresentIndicator,DirectionalAnalysis,FunctionClassCode,NationalHwySysCode,EnforcementsIndicator,KARSCityCode,SecondaryCollisionIndicator,MedianCrossoverIndicator,RT_UNIQUE,MapIt,TimeLastLeft,YR,KABCO,MFNY,WorkingRID,RT_CONFIDENCE,KTC_RT,KTC_MP,Motorcyclist,CommercialVehicle,YoungDriver,MatureDriver,pedestrian,Bicyclist,Distracted,agressive,Impaired,Unrestrained,Intersection,RoadwayDeparture,MedXover
72522990,KSP0900,2020-607592,20200718,2357,,,KY194,,,KY0194,KY0194,,,,N,N,NULL,NULL,NULL,N,NULL,NULL,NULL,NULL,NULL,NULL,19.296,NULL,NULL,NULL,NULL,,NULL,0,0,2,2,N,N,45,NULL,98,9817,NULL,,Y,37.55246,37,33.148,NULL,-82.41391,82,24.835,NULL,N,NULL,NULL,NULL,NULL,NULL,NULL,NULL,NULL,3,3,2,6,1,1,2,6,7,3,N,NULL,Y,Y,2357,19,110,N,NULL,38,6,0,N,,N,N,,NULL,NULL,2020,O,7.2523E+11,098-KY-0194  -000,HIGH,098-KY-0194  -000,19.296,0,0,0,1,0,0,0,0,0,0,0,0,0
72494407,KSP0900,20-10775,20200323,800,,,TOLER,,RD,KY0319,KY0319,0,098 KY-319,KY0319,N,Y,KY1056,,,N,NULL,NULL,NULL,NULL,NULL,NULL,0.001,NULL,NULL,NULL,NULL,,NULL,0,0,2,2,N,N,55,NULL,98,9863,NULL,,Y,37.57972,37,34.783,NULL,-82.17925,82,10.755,NULL,N,NULL,NULL,NULL,NULL,NULL,NULL,NULL,NULL,1,3,2,6,1,5,3,2,7,3,N,NULL,N,N,803,812,843,N,NULL,10,7,0,N,,N,N,098-KY-0319-0,NULL,NULL,2020,O,7.24944E+11,098-KY-0319  -000,HIGH,098-KY-0319  -000,0.001,0,0,0,0,0,0,1,1,0,0,1,0,0
72495399,980200,980200,20200408,1500,,,KY80,,,KY0080,KY0080,0,098 KY-80,KY0080,N,N,NULL,NULL,NULL,N,NULL,NULL,NULL,NULL,NULL,NULL,2.725,NULL,NULL,NULL,NULL,,NULL,2,0,1,1,N,N,55,NULL,98,9802,2,W,N,37.30841,37,18.504,NULL,-82.3528,82,21.168,NULL,N,NULL,NULL,NULL,NULL,NULL,NULL,NULL,NULL,9,4,2,6,1,1,2,2,1,3,Y,NULL,Y,Y,1320,1330,1400,N,NULL,44,7,0,N,,N,N,098-KY-0080-0,NULL,NULL,2020,A,7.24954E+11,098-KY-0080  -000,HIGH,098-KY-0080  -000,2.725,0,0,0,0,0,0,0,0,1,1,0,1,0
72495955,980500,2020AR024,20200422,1808,,4652,COWPEN,,RD,KY2061,KY2061,0,098 KY-2061,KY2061,Y,N,NULL,NULL,NULL,N,NULL,NULL,NULL,NULL,NULL,NULL,0.029,NULL,NULL,NULL,NULL,,NULL,0,0,2,2,N,N,15,NULL,98,9807,NULL,,Y,37.52981,37,31.789,NULL,-82.57529,82,34.517,NULL,N,NULL,NULL,NULL,NULL,NULL,NULL,NULL,NULL,2,97,2,3,1,1,2,2,1,3,N,NULL,Y,N,1805,1808,,N,NULL,90,,0,N,,N,N,098-KY-2061-0,NULL,NULL,2020,O,7.2496E+11,098-KY-2061  -000,HIGH,098-KY-2061  -000,0.029,0,0,0,0,0,0,1,0,0,0,0,0,0
72467485,KSP0900,20-2542,20200119,2118,,,US23,,,US0023,US0023,0,098 US-23-10,US0023,N,N,NULL,NULL,NULL,N,NULL,NULL,NULL,NULL,NULL,NULL,27.649,NULL,NULL,NULL,NULL,,NULL,1,0,2,2,N,N,55,NULL,98,9807,NULL,,Y,37.51207,37,30.724,NULL,-82.55345,82,33.207,NULL,N,NULL,NULL,NULL,NULL,NULL,NULL,NULL,NULL,5,3,4,6,1,1,2,5,7,3,N,NULL,Y,Y,2118,2121,2244,N,NULL,49,,1,N,,N,N,098-US-0023-10,NULL,NULL,2020,B,7.24675E+11,098-US-0023  -010,HIGH,098-US-0023  -000,27.649,0,0,1,0,0,0,1,0,0,0,0,0,0
72472328,980100,2.02E+11,20200205,1038,,,STEEL,,ST,,,0,098 CS-1147,CS1147,Y,N,NULL,NULL,NULL,N,NULL,NULL,NULL,NULL,NULL,NULL,0.005,NULL,NULL,NULL,NULL,,NULL,0,0,2,2,N,N,15,NULL,98,9801,NULL,,Y,37.48275,37,28.965,NULL,-82.53119,82,31.871,NULL,N,NULL,NULL,NULL,NULL,NULL,NULL,NULL,NULL,8,97,NULL,6,1,5,6,2,7,3,N,NULL,Y,N,1038,1042,1042,N,NULL,90,,,N,,N,N,098-CS-1147-0,NULL,NULL,2020,O,7.24723E+11,098-CS-1147  -000,HIGH,098-CS-1147  -000,0.005,0,0,0,0,0,0,0,0,0,0,0,0,0
72504615,980100,2.02E+11,20200524,739,,911,BYPASS,,RD,,,0,098 CS-1223,CS1223,Y,N,NULL,NULL,NULL,N,NULL,NULL,NULL,NULL,NULL,NULL,NULL,NULL,NULL,NULL,NULL,NULL,NULL,0,0,2,2,N,N,NULL,NULL,98,9801,NULL,,Y,37.47128,37,28.277,NULL,-82.52117,82,31.27,NULL,N,NULL,NULL,NULL,NULL,NULL,NULL,NULL,NULL,1,97,1,6,2,1,2,2,1,3,N,NULL,Y,Y,739,744,744,N,NULL,90,,,N,,N,N,098-CS-1223-0,NULL,NULL,2020,O,7.25046E+11,098-CS-1223  -000,HIGH,098-CS-1223  -000,0.135,0,0,0,0,0,0,0,0,0,0,0,0,0
72469112,980100,2.02E+11,20200128,1358,,215,CASSIDY,,BLVD,,,0,098 CS-1191,CS1191,Y,N,NULL,NULL,NULL,N,NULL,NULL,NULL,NULL,NULL,NULL,0.064,NULL,NULL,NULL,NULL,,NULL,0,0,2,2,N,N,NULL,NULL,98,9801,NULL,,Y,37.50367,37,30.22,NULL,-82.53318,82,31.991,NULL,N,NULL,NULL,NULL,NULL,NULL,NULL,NULL,NULL,1,97,1,6,1,1,3,2,1,3,N,NULL,Y,N,1358,1359,1359,N,NULL,90,,,N,,N,N,098-CS-1191-0,NULL,NULL,2020,O,7.24691E+11,098-CS-1191  -000,HIGH,098-CS-1191  -000,0.064,0,0,0,1,0,0,0,0,0,0,0,0,0
72479305,KSP0900,20-6899,20200221,1535,,,ZEBULON,,HWY,KY1426,KY1426,0,098 KY-1426,KY1426,N,N,NULL,NULL,NULL,N,NULL,NULL,NULL,NULL,NULL,NULL,11.384,NULL,NULL,NULL,NULL,,NULL,0,0,2,2,N,N,55,NULL,98,9828,NULL,,Y,37.52919,37,31.751,NULL,-82.47081,82,28.249,NULL,N,NULL,NULL,NULL,NULL,NULL,NULL,NULL,NULL,5,3,2,6,1,1,2,2,6,3,N,NULL,Y,N,1535,1619,1619,N,NULL,49,7,0,N,,N,N,098-KY-1426-0,NULL,NULL,2020,O,7.24793E+11,098-KY-1426  -000,HIGH,098-KY-1426  -000,11.384,0,0,1,0,0,0,0,0,0,0,0,0,0
72478364,980100,2.02E+11,20200215,2209,,,KY3496,,,KY3496,KY3496,0,098 KY-3496,KY3496,N,N,NULL,NULL,NULL,N,NULL,NULL,NULL,NULL,NULL,NULL,0.171,NULL,NULL,NULL,NULL,,NULL,0,0,2,2,N,N,35,NULL,98,9801,NULL,,Y,37.46635,37,27.981,NULL,-82.53071,82,31.843,NULL,N,NULL,NULL,NULL,NULL,NULL,NULL,NULL,NULL,2,97,2,6,1,1,2,5,1,3,N,NULL,Y,N,2212,2212,,N,NULL,56,16,0,N,,N,N,098-KY-3496-0,NULL,NULL,2020,O,7.24784E+11,098-KY-3496  -000,HIGH,098-KY-3496  -000,0.171,0,0,0,0,0,0,1,0,0,0,0,0,0
72460349,980100,2.02E+11,20200105,1227,,244,CEDAR,E,DR,,,0,098 CS-1093,CS1093,Y,N,NULL,NULL,NULL,N,NULL,NULL,NULL,NULL,NULL,NULL,0.102,NULL,NULL,NULL,NULL,,NULL,0,0,2,2,Y,N,NULL,NULL,98,9801,NULL,,Y,37.48264,37,28.959,NULL,-82.53906,82,32.344,NULL,N,NULL,NULL,NULL,NULL,NULL,NULL,NULL,NULL,1,97,1,6,1,1,2,2,1,3,N,NULL,Y,N,1227,1232,1232,N,NULL,90,,,N,,N,N,098-CS-1093-0,NULL,NULL,2020,NULL,7.24603E+11,098-CS-1093  -000,HIGH,098-CS-1093  -000,0.102,0,0,0,0,0,0,0,0,0,0,0,0,0
72544340,980100,2.02E+11,20200921,846,,,BYPASS,N,RD,KY1460,KY1460,,,,Y,N,NULL,NULL,NULL,N,NULL,NULL,NULL,NULL,NULL,NULL,5.134,NULL,NULL,NULL,NULL,,NULL,0,0,2,2,N,N,NULL,NULL,98,9801,NULL,,Y,37.48367,37,29.02,NULL,-82.51404,82,30.842,NULL,N,NULL,NULL,NULL,NULL,NULL,NULL,NULL,NULL,2,97,NULL,6,1,1,2,2,1,3,N,NULL,Y,N,846,849,,N,NULL,90,16,0,N,,N,N,,NULL,NULL,2020,O,7.25443E+11,098-KY-1460  -000,HIGH,098-KY-1460  -000,5.134,0,0,0,1,0,0,1,0,0,0,0,0,0
72513388,980100,2.02E+11,20200619,2001,,,US23,,,US0023,US0023,,,,N,N,NULL,NULL,NULL,N,NULL,NULL,NULL,NULL,NULL,NULL,24.868,NULL,NULL,NULL,NULL,,NULL,0,0,1,1,N,N,55,NULL,98,9801,NULL,,Y,37.48672,37,29.203,NULL,-82.54173,82,32.504,NULL,N,NULL,NULL,NULL,NULL,NULL,NULL,NULL,NULL,9,3,4,6,1,1,3,2,7,3,N,NULL,Y,N,2001,2008,2008,N,NULL,44,,1,N,,N,N,,NULL,NULL,2020,O,7.25134E+11,098-US-0023  -000,MEDIUM,098-US-0023  -000,24.868,0,0,0,0,0,0,0,0,0,0,0,1,0
72517856,980100,2.02E+11,20200701,1742,,,US23,,,US0023,US0023,,,,N,N,NULL,NULL,NULL,N,NULL,NULL,NULL,NULL,NULL,NULL,23.072,NULL,NULL,NULL,NULL,,NULL,0,0,2,2,N,N,55,NULL,98,9801,NULL,,Y,37.46598,37,27.959,NULL,-82.52821,82,31.693,NULL,N,NULL,NULL,NULL,NULL,NULL,NULL,NULL,NULL,8,3,4,6,1,1,2,2,1,3,N,NULL,Y,N,1751,1752,1752,N,NULL,53,,1,N,,N,N,,NULL,NULL,2020,O,7.25179E+11,098-US-0023  -000,MEDIUM,098-US-0023  -000,23.072,0,0,0,0,0,0,0,0,0,0,0,1,0
72466078,980100,2.02E+11,20200114,1050,,,THOMPSON,,RD,,,0,098 CS-1215,CS1215,N,N,NULL,NULL,NULL,N,NULL,NULL,NULL,NULL,NULL,NULL,0.784,NULL,NULL,NULL,NULL,,NULL,0,0,2,2,N,N,35,NULL,98,9801,NULL,,Y,37.50418,37,30.251,NULL,-82.5391,82,32.346,NULL,N,NULL,NULL,NULL,NULL,NULL,NULL,NULL,NULL,1,3,3,6,1,1,2,2,7,3,N,NULL,Y,N,1050,1101,1129,N,NULL,55,,,N,,N,N,098-CS-1215-0,NULL,NULL,2020,O,7.24661E+11,098-CS-1215  -000,HIGH,098-CS-1215  -000,0.784,0,0,0,1,0,0,1,0,0,0,0,0,0
72544520,KSP0900,20-708403,20200921,1316,,,US460,,,US0460,US0460,0,098 US-460,US0460,N,N,NULL,NULL,NULL,N,NULL,NULL,NULL,NULL,NULL,NULL,6.266,NULL,NULL,NULL,NULL,,NULL,0,0,2,2,N,N,55,NULL,98,9832,NULL,,Y,37.40001,37,24.001,NULL,-82.43309,82,25.986,NULL,N,NULL,NULL,NULL,NULL,NULL,NULL,NULL,NULL,5,3,2,3,1,1,2,2,7,3,N,NULL,Y,N,1317,1328,,N,NULL,49,,1,N,,N,N,098-US-0460-0,NULL,NULL,2020,O,7.25445E+11,098-US-0460  -000,HIGH,098-US-0460  -000,6.266,0,0,0,0,0,0,0,0,0,0,0,0,0
72481435,980100,2.02E+11,20200227,1522,,,BYPASS,S,RD,KY1426,KY1426,0,098 KY-1426,KY1426,Y,N,NULL,NULL,NULL,N,NULL,NULL,NULL,NULL,NULL,NULL,6.042,NULL,NULL,NULL,NULL,,NULL,0,0,2,2,N,N,15,NULL,98,9801,NULL,,Y,37.47604,37,28.562,NULL,-82.51794,82,31.076,NULL,N,NULL,NULL,NULL,NULL,NULL,NULL,NULL,NULL,8,97,2,4,1,1,2,2,1,3,N,NULL,Y,N,1522,1526,1539,N,NULL,90,,0,N,,N,N,098-KY-1426-0,NULL,NULL,2020,O,7.24814E+11,098-KY-1426  -000,HIGH,098-KY-1426  -000,6.042,0,0,0,0,0,0,0,0,0,0,0,0,0
72510463,980100,2.02E+11,20200612,1610,,,POPLAR,,ST,,,0,098 CS-1178,CS1178,N,N,NULL,NULL,NULL,N,NULL,NULL,NULL,NULL,NULL,NULL,0.111,NULL,NULL,NULL,NULL,,NULL,1,0,2,1,Y,N,15,NULL,98,9801,NULL,,Y,37.48396,37,29.037,NULL,-82.52416,82,31.45,NULL,N,NULL,NULL,NULL,NULL,NULL,NULL,NULL,NULL,9,3,2,3,1,1,2,2,6,3,N,NULL,Y,Y,1610,1614,,N,NULL,36,,,N,,N,N,098-CS-1178-0,NULL,NULL,2020,C,7.25105E+11,098-CS-1160  -000,MEDIUM,098-CS-1160  -000,0.111,0,0,0,0,1,0,0,0,0,0,0,0,0
72456545,KSP0900,19-50227,20191225,1710,,,US460,,,US0460,US0460,0,098 US-460,US0460,N,N,NULL,NULL,NULL,N,NULL,NULL,NULL,NULL,NULL,NULL,6.823,NULL,NULL,NULL,NULL,,NULL,1,0,1,1,N,N,55,NULL,98,9832,NULL,,Y,37.39211,37,23.527,NULL,-82.43285,82,25.971,NULL,N,NULL,NULL,NULL,NULL,NULL,NULL,NULL,NULL,9,3,2,6,1,1,2,6,7,3,Y,NULL,N,Y,1753,1810,1830,N,NULL,44,,1,Y,,N,N,098-US-0460-0,NULL,NULL,2019,B,7.24565E+11,098-US-0460  -000,HIGH,098-US-0460  -000,6.823,0,0,0,0,0,0,0,0,1,1,0,1,0
72412195,980100,2.019E+11,20190923,1307,,,HAMBLEY,,BLVD,,,,,,Y,N,NULL,NULL,NULL,N,NULL,NULL,NULL,NULL,NULL,NULL,0.512,NULL,NULL,NULL,NULL,,NULL,0,0,2,2,N,Y,15,NULL,98,9801,NULL,,Y,37.47852,37,28.711,NULL,-82.52004,82,31.203,NULL,N,NULL,NULL,NULL,NULL,NULL,NULL,NULL,NULL,8,97,1,6,2,1,2,2,1,3,N,NULL,Y,N,1307,1313,,N,NULL,90,,,N,,N,N,,NULL,NULL,2019,O,7.24122E+11,098-CS-1222  -000,MEDIUM,098-CS-1222  -000,0.512,0,0,1,0,0,0,1,0,0,0,0,0,0
72467014,KSP0900,20-2393,20200118,1757,,,STATE HIGHWAY 292,E,,,,0,098 CR-1061,CR1061,N,N,NULL,NULL,NULL,N,NULL,NULL,NULL,NULL,NULL,NULL,0.253,NULL,NULL,NULL,NULL,,NULL,3,0,1,1,N,N,55,NULL,98,9869,NULL,,Y,37.62508,37,37.505,NULL,-82.21419,82,12.851,NULL,N,NULL,NULL,NULL,NULL,NULL,NULL,NULL,NULL,9,3,2,2,1,5,6,6,7,3,N,NULL,Y,Y,1757,1805,1919,N,NULL,70,,,N,,N,Y,098-CR-1061-0,NULL,NULL,2020,C,7.2467E+11,098-CR-1061  -000,HIGH,098-CR-1061  -000,0.253,0,0,0,0,0,0,0,1,0,1,0,1,0
72517898,KSP0900,20-582147,20200704,1112,,,US119,,,US0119,US0119,0,098 US-119,US0119,Y,N,NULL,NULL,NULL,N,NULL,NULL,NULL,NULL,NULL,NULL,24.006,NULL,NULL,NULL,NULL,,NULL,0,0,2,2,N,N,10,NULL,98,9834,NULL,,Y,37.65585,37,39.351,NULL,-82.27006,82,16.204,NULL,N,NULL,NULL,NULL,NULL,NULL,NULL,NULL,NULL,6,97,0,6,3,1,2,2,7,3,N,NULL,Y,Y,1114,1137,1137,N,NULL,90,2,1,N,,N,N,098-US-0119-0,NULL,NULL,2020,O,7.25179E+11,098-US-0119  -000,HIGH,098-US-0119  -000,24.006,0,0,0,0,0,0,1,0,0,0,0,0,0
72514627,980100,2.02E+11,20200618,1741,,,US23,,,US0023,US0023,0,098 US-23,US0023,Y,N,NULL,NULL,NULL,N,NULL,NULL,NULL,NULL,NULL,NULL,20.065,NULL,NULL,NULL,NULL,,NULL,0,0,1,1,N,N,15,NULL,98,9801,NULL,,Y,37.4489,37,26.934,NULL,-82.51311,82,30.787,NULL,N,NULL,NULL,NULL,NULL,NULL,NULL,NULL,NULL,9,97,4,6,1,1,2,2,1,3,N,NULL,Y,N,1741,1749,,Y,NULL,90,,1,N,,N,N,098-US-0023-0,NULL,NULL,2020,O,7.25146E+11,098-US-0023  -000,HIGH,098-US-0023  -000,20.065,0,0,0,0,0,0,0,0,0,0,0,1,0
72547897,980100,2.02E+11,20200930,1322,,472,US23,,,US0023,US0023,0,098 US-23,US0023,N,N,NULL,NULL,NULL,N,NULL,NULL,NULL,NULL,NULL,NULL,23.052,NULL,NULL,NULL,NULL,,NULL,2,0,2,2,N,N,55,NULL,98,9801,NULL,,Y,37.46584,37,27.95,NULL,-82.52792,82,31.676,NULL,N,NULL,NULL,NULL,NULL,NULL,NULL,NULL,NULL,3,3,4,6,1,1,2,2,1,3,Y,NULL,Y,Y,1322,1327,1408,N,NULL,52,,1,N,,N,N,098-US-0023-0,NULL,NULL,2020,B,7.25479E+11,098-US-0023  -000,HIGH,098-US-0023  -000,23.052,0,0,0,1,0,0,0,0,0,0,0,1,0
72491472,KSP0900,20-10197,20200318,1030,,,WALMART PARKLOT,,,,,,,,Y,N,NULL,NULL,NULL,N,NULL,NULL,NULL,NULL,NULL,NULL,NULL,NULL,NULL,NULL,NULL,NULL,NULL,0,0,2,2,N,N,NULL,NULL,98,9834,NULL,,Y,37.65803,37,39.482,NULL,-82.27003,82,16.202,NULL,N,NULL,NULL,NULL,NULL,NULL,NULL,NULL,NULL,1,97,1,6,1,1,3,2,5,3,N,NULL,Y,N,1030,1335,1050,N,NULL,90,,,N,,N,N,,NULL,NULL,2020,O,7.24915E+11,098-US-0119  -000,MEDIUM,098-US-0119  -000,24.137,0,0,0,1,0,0,1,1,0,0,0,0,0
72468658,KSP0900,20-3113,20200124,1110,,,KY195,,,KY0195,KY0195,0,098 KY-195,KY0195,N,N,NULL,NULL,NULL,N,NULL,NULL,NULL,NULL,NULL,NULL,8.023,NULL,NULL,NULL,NULL,,NULL,0,0,1,1,N,N,55,NULL,98,9830,NULL,,Y,37.3311,37,19.866,NULL,-82.43428,82,26.057,NULL,N,NULL,NULL,NULL,NULL,NULL,NULL,NULL,NULL,9,5,2,3,1,5,6,2,7,3,N,NULL,Y,N,1110,1110,,N,NULL,44,7,0,N,,N,N,098-KY-0195-0,NULL,NULL,2020,O,7.24687E+11,098-KY-0195  -000,HIGH,098-KY-0195  -000,8.023,0,0,0,0,0,0,0,0,0,0,0,1,0
72470659,KSP0900,20-3183,20200125,52,,1549,TOLER,,RD,KY0319,KY0319,0,098 KY-319,KY0319,N,N,NULL,NULL,NULL,N,NULL,NULL,NULL,NULL,NULL,NULL,5.443,NULL,NULL,NULL,NULL,,NULL,0,0,1,1,N,N,35,NULL,98,9842,NULL,,Y,37.62531,37,37.519,NULL,-82.24696,82,14.817,NULL,N,NULL,NULL,NULL,NULL,NULL,NULL,NULL,NULL,9,97,2,3,1,5,6,6,7,3,N,NULL,Y,Y,53,58,135,Y,NULL,70,7,0,N,,N,N,098-KY-0319-0,NULL,NULL,2020,O,7.24707E+11,098-KY-0319  -000,HIGH,098-KY-0319  -000,5.443,0,0,1,0,0,0,0,1,0,0,0,1,0
72533966,980100,2.02E+11,20200821,1200,,,CASSIDY,,BLVD,,,0,098 CS-1191,CS1191,Y,N,NULL,NULL,NULL,N,NULL,NULL,NULL,NULL,NULL,NULL,0.283,NULL,NULL,NULL,NULL,,NULL,0,0,2,2,Y,N,15,NULL,98,9801,NULL,,Y,37.50489,37,30.294,NULL,-82.53649,82,32.189,NULL,N,NULL,NULL,NULL,NULL,NULL,NULL,NULL,NULL,2,97,NULL,6,1,1,3,2,1,3,N,NULL,Y,N,1442,1442,,N,NULL,90,,,N,,N,N,098-CS-1191-0,NULL,NULL,2020,NULL,7.2534E+11,098-CS-1191  -000,HIGH,098-CS-1191  -000,0.283,0,0,0,0,0,0,1,0,0,0,0,0,0
72512128,KSP0900,20-17966,20200514,927,,,CALLOWAY BRANCH SENG CAMP,,RD,KY3419,KY3419,0,098 KY-3419,KY3419,N,N,NULL,NULL,NULL,N,NULL,NULL,NULL,NULL,NULL,NULL,5.654,NULL,NULL,NULL,NULL,,NULL,0,0,2,2,N,N,35,NULL,98,9804,NULL,,Y,37.49579,37,29.748,NULL,-82.19177,82,11.506,NULL,N,NULL,NULL,NULL,NULL,NULL,NULL,NULL,NULL,2,3,1,6,1,1,3,2,7,3,N,NULL,Y,N,931,950,955,N,NULL,56,9,0,N,,N,N,098-KY-3419-0,NULL,NULL,2020,O,7.25121E+11,098-KY-3419  -000,HIGH,098-KY-3419  -000,5.654,0,1,0,0,0,0,1,0,0,0,0,0,0
72541382,KSP0900,20-692067,20200910,1627,,4518,TOLER,,RD,KY0319,KY0319,0,098 KY-319,KY0319,N,N,NULL,NULL,NULL,N,NULL,NULL,NULL,NULL,NULL,NULL,2.469,NULL,NULL,NULL,NULL,,NULL,0,0,1,1,N,N,45,NULL,98,9842,NULL,,Y,37.60284,37,36.171,NULL,-82.20845,82,12.507,NULL,N,NULL,NULL,NULL,NULL,NULL,NULL,NULL,NULL,9,4,2,6,1,1,2,2,7,3,N,NULL,Y,Y,1627,1627,1731,N,NULL,40,7,0,N,,N,N,098-KY-0319-0,NULL,NULL,2020,O,7.25414E+11,098-KY-0319  -000,HIGH,098-KY-0319  -000,2.469,0,0,0,0,0,0,1,0,1,0,0,1,0
72544241,980200,ELK4125-32-2020,20200917,1400,,5664,ELKHORN,,CRK,KY0197,KY0197,0,098 KY-197,KY0197,N,N,NULL,NULL,NULL,N,NULL,NULL,NULL,NULL,NULL,NULL,10.957,NULL,NULL,NULL,NULL,,NULL,1,0,1,1,N,N,45,NULL,98,9802,5.6,SW,N,37.27235,37,16.341,NULL,-82.41885,82,25.131,NULL,N,NULL,NULL,NULL,NULL,NULL,NULL,NULL,NULL,9,3,2,6,1,5,6,2,6,3,Y,NULL,N,Y,1400,1420,1425,N,NULL,70,7,0,N,,N,N,098-KY-0197-0,NULL,NULL,2020,B,7.25442E+11,098-KY-0197  -000,HIGH,098-KY-0197  -000,10.959,1,0,0,1,0,0,0,0,0,0,0,1,0
72459581,KSP0900,19-49737,20191221,2032,,,US460,,,US0460,US0460,0,098 US-460,US0460,N,N,NULL,NULL,NULL,N,NULL,NULL,NULL,NULL,NULL,NULL,3.121,NULL,NULL,NULL,NULL,,NULL,0,0,1,1,N,N,55,NULL,98,9801,NULL,,Y,37.42756,37,25.654,NULL,-82.47443,82,28.465,NULL,N,NULL,NULL,NULL,NULL,NULL,NULL,NULL,NULL,9,3,2,6,1,1,2,5,7,3,N,NULL,N,N,2032,2041,,N,NULL,38,,1,N,,N,N,098-US-0460-0,NULL,NULL,2019,O,7.24596E+11,098-US-0460  -000,HIGH,098-US-0460  -000,3.121,0,0,0,0,0,0,0,0,0,0,0,0,0
72444988,980100,2.019E+11,20191127,1442,,,US23,,,US0023,US0023,0,098 US-23,US0023,N,Y,MAYO,,CIR,N,NULL,NULL,NULL,NULL,NULL,NULL,22.509,NULL,NULL,NULL,NULL,,NULL,5,0,2,2,N,N,55,NULL,98,9801,NULL,,Y,37.46392,37,27.835,NULL,-82.51894,82,31.137,NULL,N,NULL,NULL,NULL,NULL,NULL,NULL,NULL,NULL,5,3,4,6,1,1,2,2,1,3,Y,NULL,Y,Y,1444,1448,1529,Y,NULL,35,,1,N,,N,N,098-US-0023-0,NULL,NULL,2019,C,7.2445E+11,098-US-0023  -000,HIGH,098-US-0023  -000,22.509,0,0,0,0,0,0,1,0,0,0,1,0,0
72510369,980100,2.02E+11,20200611,1304,,,THOMPSON,,RD,,,,,,Y,N,NULL,NULL,NULL,N,NULL,NULL,NULL,NULL,NULL,NULL,0.465,NULL,NULL,NULL,NULL,,NULL,0,0,2,2,N,N,NULL,NULL,98,9801,NULL,,Y,37.50619,37,30.372,NULL,-82.54427,82,32.656,NULL,N,NULL,NULL,NULL,NULL,NULL,NULL,NULL,NULL,2,97,2,6,1,1,2,2,1,3,N,NULL,Y,N,1304,1313,,N,NULL,90,,,N,,N,N,,NULL,NULL,2020,O,7.25104E+11,098-CS-1215  -000,MEDIUM,098-CS-1215  -000,0.465,0,0,0,0,0,0,1,0,0,0,0,0,0
72536327,980500,2020AR045,20200828,1342,,40,REENIE DRIVE,,,,,,,,N,N,NULL,NULL,NULL,N,NULL,NULL,NULL,NULL,NULL,NULL,NULL,NULL,NULL,NULL,NULL,NULL,NULL,0,0,1,1,Y,N,20,NULL,98,9807,2,N,N,37.53622,37,32.173,NULL,-82.59019,82,35.411,NULL,N,NULL,NULL,NULL,NULL,NULL,NULL,NULL,NULL,9,97,2,6,3,1,2,2,7,3,N,NULL,Y,Y,1346,1412,1412,Y,NULL,40,,,N,,N,N,,NULL,NULL,2020,NULL,7.25363E+11,098-CR-1419  -000,MEDIUM,098-CR-1419  -000,1.279,0,0,0,0,0,0,0,0,0,0,0,1,0
72517750,980100,2.02E+11,20200704,1601,,254,CASSIDY,,BLVD,,,0,098 CS-1191,CS1191,Y,N,NULL,NULL,NULL,N,NULL,NULL,NULL,NULL,NULL,NULL,0.32,NULL,NULL,NULL,NULL,,NULL,0,0,2,2,N,Y,15,NULL,98,9801,NULL,,Y,37.50546,37,30.328,NULL,-82.53736,82,32.242,NULL,N,NULL,NULL,NULL,NULL,NULL,NULL,NULL,NULL,2,97,1,6,1,1,2,2,1,3,N,NULL,Y,N,1601,1604,,N,NULL,90,,,Y,,N,N,098-CS-1191-0,NULL,NULL,2020,O,7.25178E+11,098-CS-1191  -000,HIGH,098-CS-1191  -000,0.32,0,0,1,0,0,0,1,0,0,0,0,0,0