MasterFile,AgencyORINumber,LocalCode,CollisionDate,CollisionTime,CollisionDayWeekCode,RoadwayName_HouseBusinessNumber_,RoadwayName_RoadwayName_,RoadwayName_Direction_,RoadwayName_RoadwaySuffix_,RoadwayfromReport,CurrentRoadwayNumber,RoadwayNumberCoupletID,RSEUniqueGIS,RoadwayIdentifier,ParkingLotIndicator,IntersectionWith_Indicator_,IntersectionWith_NameRoadway_,IntersectionWith_Direction_,IntersectionWith_RoadwaySuffix_,BetweenStreets_Indicator_,BetweenStreets1_NameRoadway_,BetweenStreet1_Direction_,BetweenStreets1_RoadwaySuffix_,BetweenStreets2_NameRoadway_,BetweenStreets2_Direction_,BetweenStreets2_RoadwaySuffix_,Milepoint,ReportMilepointDeriveNumber,CurrentDerivedMiepointNumber,MilestoMilepoint,FeettoMilepoint,DirectionfromMilepoint_NSEW_,ValidMilepointIndicator,NumberInjured,NumberKilled,ofUnits,ofMotorVehicleUnits,Hit&RunIndicator,OneWayIndicator,SpeedLimitNumber,KilometersIndicator,CountyCode,CityCountyCode,MilesFromCity,DirectionFromCity_NSEW_,InCityLimitsIndicator,Latitude,LatitudeDegrees,LatitudeMinutes,LatitudeSeconds,Longitude,LongitudeDegrees,LongitudeMinutes,LongitudeSeconds,RampIndicator,RampFromIdentifier,RampFromDirCode,RampFromCoupletID,RSEUniqueGISRampFrom,RampToidentifier,RampToDirCode,RampToCoupletID,RSEUniqueGisRampTo,MannerofCollisionCode,LocationFirstEventCode,TotalLanes,RoadwayCharacterCode,RoadwaySurfaceCode,RoadwayConditionCode,WeatherCode,LightConditionCode,LandUseCode,SchoolBusRelatedCode,FirstAidSceneIndicator,CollDescPresentInd,InvestigationCompleteIndicator,PhotosTakenIndicator,TimeNotified,TimeArrived,TimeRoadwayOpened,PropertyDamageIndicator,DiagramPresentIndicator,DirectionalAnalysis,FunctionClassCode,NationalHwySysCode,EnforcementsIndicator,KARSCityCode,SecondaryCollisionIndicator,MedianCrossoverIndicator,RT_UNIQUE,MapIt,TimeLastLeft,YR,KABCO,MFNY,WorkingRID,RT_CONFIDENCE,KTC_RT,KTC_MP,Motorcyclist,CommercialVehicle,YoungDriver,MatureDriver,pedestrian,Bicyclist,Distracted,agressive,Impaired,Unrestrained,Intersection,RoadwayDeparture,MedXover
72521830,KSP0900,20-593520,20200710,1730,,,KY1056,,,KY1056,KY1056,0,098 KY-1056,KY1056,N,N,NULL,NULL,NULL,N,NULL,NULL,NULL,NULL,NULL,NULL,11.589,NULL,NULL,NULL,NULL,,NULL,2,0,1,1,N,N,35,NULL,98,9863,NULL,,Y,37.62063,37,37.238,NULL,-82.16795,82,10.077,NULL,N,NULL,NULL,NULL,NULL,NULL,NULL,NULL,NULL,9,3,2,1,1,1,2,2,7,3,N,NULL,Y,N,1733,1753,1854,N,NULL,70,7,0,N,,N,N,098-KY-1056-0,NULL,NULL,2020,B,7.25218E+11,098-KY-1056  -000,HIGH,098-KY-1056  -000,11.589,0,0,0,0,0,0,1,0,0,0,0,1,0
72543006,KSP0900,20-701477,20200916,1918,,,SHELBIANA,,RD,US0460,US0460,0,098 US-460,US0460,N,N,NULL,NULL,NULL,N,NULL,NULL,NULL,NULL,NULL,NULL,2.953,NULL,NULL,NULL,NULL,,NULL,0,0,1,1,N,N,55,NULL,98,9824,NULL,,Y,37.42911,37,25.747,NULL,-82.47673,82,28.604,NULL,N,NULL,NULL,NULL,NULL,NULL,NULL,NULL,NULL,9,3,2,6,1,1,2,2,7,3,N,NULL,Y,N,1919,1927,1945,N,NULL,70,,1,N,,N,N,098-US-0460-0,NULL,NULL,2020,O,7.2543E+11,098-US-0460  -000,HIGH,098-US-0460  -000,2.953,0,0,0,0,0,0,0,0,0,0,0,1,0
72541054,KSP0900,20-691947,20200910,1459,,,BALLPARK,,RD,,,0,098 CS-2028,CS2028,N,Y,HIGH,,ST,N,NULL,NULL,NULL,NULL,NULL,NULL,0.165,NULL,NULL,NULL,NULL,,NULL,0,0,2,2,N,N,35,NULL,98,9802,NULL,,Y,37.29908,37,17.945,NULL,-82.35223,82,21.134,NULL,N,NULL,NULL,NULL,NULL,NULL,NULL,NULL,NULL,1,3,2,4,1,1,2,2,6,3,N,NULL,N,N,1501,1517,,N,NULL,10,,,N,,N,N,098-CS-2028-0,NULL,NULL,2020,O,7.25411E+11,098-CS-2028  -000,HIGH,098-CS-2028  -000,0.165,0,0,1,0,0,0,0,0,0,0,1,0,0
72525531,KSP0900,20-622353,20200728,,,,APPALACHIAN,,PLZ,,,,,,Y,N,NULL,NULL,NULL,N,NULL,NULL,NULL,NULL,NULL,NULL,0.092,NULL,NULL,NULL,NULL,,NULL,0,0,2,2,Y,N,NULL,NULL,98,9834,NULL,,Y,37.66683,37,40.01,NULL,-82.2747,82,16.482,NULL,N,NULL,NULL,NULL,NULL,NULL,NULL,NULL,NULL,1,97,NULL,6,1,1,2,2,1,3,N,NULL,Y,N,1144,1230,1230,N,NULL,90,,,N,,N,N,,NULL,NULL,2020,NULL,7.25255E+11,098-PR-1008  -000,MEDIUM,098-PR-1008  -000,0.092,0,0,0,0,0,0,0,0,0,0,0,0,0
72519248,KSP0900,20-580207,20200703,1215,,,MALL,,RD,,,0,098 CR-1037,CR1037,Y,N,NULL,NULL,NULL,N,NULL,NULL,NULL,NULL,NULL,NULL,0.064,NULL,NULL,NULL,NULL,,NULL,0,0,2,2,N,N,NULL,NULL,98,9834,NULL,,Y,37.6523,37,39.138,NULL,-82.2692,82,16.152,NULL,N,NULL,NULL,NULL,NULL,NULL,NULL,NULL,NULL,1,97,NULL,6,1,1,2,2,7,3,N,NULL,Y,N,1215,1245,1255,N,NULL,90,,,N,,N,N,098-CR-1037-0,NULL,NULL,2020,O,7.25192E+11,098-CR-1037  -000,HIGH,098-CR-1037  -000,0.064,0,0,0,1,0,0,0,1,0,0,0,0,0
72521459,KSP0900,20-601902,20200715,1827,,,GRAPEVINE,,RD,KY0194,KY0194,0,098 KY-194,KY0194,N,N,NULL,NULL,NULL,N,NULL,NULL,NULL,NULL,NULL,NULL,31.155,NULL,NULL,NULL,NULL,,NULL,2,0,2,2,N,N,55,NULL,98,9849,NULL,,Y,37.43998,37,26.398,NULL,-82.36109,82,21.666,NULL,N,NULL,NULL,NULL,NULL,NULL,NULL,NULL,NULL,3,3,2,3,1,1,2,2,7,3,Y,NULL,Y,Y,1827,1935,2002,N,NULL,52,7,0,N,,N,N,098-KY-0194-0,NULL,NULL,2020,B,7.25215E+11,098-KY-0194  -000,HIGH,098-KY-0194  -000,31.155,0,0,0,0,0,0,0,0,0,0,0,1,0
72429709,980100,2.019E+11,20191010,1701,,,MAIN,,ST,,,0,098 CS-1112,CS1112,N,N,NULL,NULL,NULL,N,NULL,NULL,NULL,NULL,NULL,NULL,0.173,NULL,NULL,NULL,NULL,,NULL,1,0,1,1,N,N,15,NULL,98,9801,NULL,,Y,37.47995,37,28.797,NULL,-82.51713,82,31.028,NULL,N,NULL,NULL,NULL,NULL,NULL,NULL,NULL,NULL,9,3,2,6,1,1,2,2,1,3,Y,NULL,Y,Y,1701,1701,1809,N,NULL,39,,,N,,N,N,098-CS-1112-0,NULL,NULL,2019,A,7.24297E+11,098-CS-1112  -000,HIGH,098-CS-1112  -000,0.173,0,0,0,0,0,0,0,0,0,1,0,0,0
72456714,980100,2.019E+11,20191225,943,,911,BYPASS,,RD,,,0,098 CS-1223,CS1223,Y,N,NULL,NULL,NULL,N,NULL,NULL,NULL,NULL,NULL,NULL,NULL,NULL,NULL,NULL,NULL,NULL,NULL,0,0,2,2,Y,N,NULL,NULL,98,9801,NULL,,Y,37.47128,37,28.277,NULL,-82.52117,82,31.27,NULL,N,NULL,NULL,NULL,NULL,NULL,NULL,NULL,NULL,1,97,1,6,2,1,2,2,1,3,N,NULL,Y,N,944,956,956,N,NULL,90,,,N,,N,N,098-CS-1223-0,NULL,NULL,2019,NULL,7.24567E+11,098-CS-1223  -000,HIGH,098-CS-1223  -000,0.135,0,0,0,0,0,0,0,0,0,0,0,0,0
72490779,980100,2.02E+11,20200311,616,,,CHLOE,,RD,KY1460,KY1460,0,098 KY-1460,KY1460,N,N,NULL,NULL,NULL,N,NULL,NULL,NULL,NULL,NULL,NULL,3.266,NULL,NULL,NULL,NULL,,NULL,0,0,1,1,N,N,35,NULL,98,9801,NULL,,Y,37.47409,37,28.445,NULL,-82.48507,82,29.104,NULL,N,NULL,NULL,NULL,NULL,NULL,NULL,NULL,NULL,9,4,2,3,1,5,6,2,1,3,N,NULL,Y,N,616,621,621,N,NULL,44,,0,N,,N,N,098-KY-1460-0,NULL,NULL,2020,O,7.24908E+11,098-KY-1460  -000,HIGH,098-KY-1460  -000,3.266,0,0,0,0,0,0,0,0,0,0,0,1,0
72473387,980100,2.02E+11,20200207,1052,,,OWENS,,DR,,,,,,Y,N,NULL,NULL,NULL,N,NULL,NULL,NULL,NULL,NULL,NULL,0.038,NULL,NULL,NULL,NULL,,NULL,0,0,2,2,N,N,15,NULL,98,9801,NULL,,Y,37.48649,37,29.19,NULL,-82.52815,82,31.689,NULL,N,NULL,NULL,NULL,NULL,NULL,NULL,NULL,NULL,2,97,1,6,1,5,9,2,6,3,N,NULL,Y,N,1052,1058,1058,N,NULL,90,,,N,,N,N,,NULL,NULL,2020,O,7.24734E+11,098-CS-1092  -000,MEDIUM,098-CS-1092  -000,0.038,0,0,0,0,0,0,1,0,0,0,0,0,0
72514628,980100,2.02E+11,20200621,1608,,,CASSIDY,,BLVD,,,0,098 CS-1191,CS1191,Y,N,NULL,NULL,NULL,N,NULL,NULL,NULL,NULL,NULL,NULL,0.056,NULL,NULL,NULL,NULL,,NULL,0,0,2,2,N,N,15,NULL,98,9801,NULL,,Y,37.50367,37,30.22,NULL,-82.53307,82,31.984,NULL,N,NULL,NULL,NULL,NULL,NULL,NULL,NULL,NULL,2,97,1,6,1,1,2,2,1,3,N,NULL,Y,N,1608,1614,,N,NULL,90,,,N,,N,N,098-CS-1191-0,NULL,NULL,2020,O,7.25146E+11,098-CS-1191  -000,HIGH,098-CS-1191  -000,0.056,0,0,0,1,0,0,1,0,0,0,0,0,0
72473768,KSP0900,      20-5060,20200207,1957,,,KY122,,,KY0122,KY0122,0,098 KY-122,KY0122,N,N,NULL,NULL,NULL,N,NULL,NULL,NULL,NULL,NULL,NULL,7.688,NULL,NULL,NULL,NULL,,NULL,0,0,1,1,N,N,55,NULL,98,9801,NULL,,Y,37.38005,37,22.803,NULL,-82.58442,82,35.065,NULL,N,NULL,NULL,NULL,NULL,NULL,NULL,NULL,NULL,9,3,2,6,1,5,2,4,7,3,N,NULL,Y,N,1957,2014,2035,N,NULL,70,,0,Y,,N,N,098-KY-0122-0,NULL,NULL,2020,O,7.24738E+11,098-KY-0122  -000,HIGH,098-KY-0122  -000,7.688,0,0,0,0,0,0,0,0,1,1,0,1,0
72494544,980100,2.02E+11,20200403,1840,,,THOMPSON,,RD,,,0,098 CS-1215,CS1215,Y,N,NULL,NULL,NULL,N,NULL,NULL,NULL,NULL,NULL,NULL,0.521,NULL,NULL,NULL,NULL,,NULL,0,0,2,2,Y,N,NULL,NULL,98,9801,NULL,,Y,37.50597,37,30.358,NULL,-82.5433,82,32.598,NULL,N,NULL,NULL,NULL,NULL,NULL,NULL,NULL,NULL,8,97,1,6,1,1,2,2,1,3,N,NULL,Y,N,1840,1840,,N,NULL,90,,,N,,N,N,098-CS-1215-0,NULL,NULL,2020,NULL,7.24945E+11,098-CS-1215  -000,HIGH,098-CS-1215  -000,0.521,0,0,0,0,0,0,0,0,0,0,0,0,0
72517939,KSP0900,20-553193,20200618,2130,,,GREASY,,CRK,,,0,098 CR-1256,CR1256,N,N,NULL,NULL,NULL,N,NULL,NULL,NULL,NULL,NULL,NULL,1.043,NULL,NULL,NULL,NULL,,NULL,0,0,2,2,N,N,45,NULL,98,9824,NULL,,Y,37.36974,37,22.185,NULL,-82.48824,82,29.294,NULL,N,NULL,NULL,NULL,NULL,NULL,NULL,NULL,NULL,7,3,1,6,1,1,2,6,7,3,N,NULL,N,N,2130,2145,2215,N,NULL,54,,,N,,N,N,098-CR-1256-0,NULL,NULL,2020,O,7.25179E+11,098-CR-1256  -000,HIGH,098-CR-1256  -000,1.043,0,0,0,0,0,0,0,0,0,0,0,1,0
72512016,980100,2.02E+11,20200614,1752,,,KY3496,,,KY3496,KY3496,,,,Y,N,NULL,NULL,NULL,N,NULL,NULL,NULL,NULL,NULL,NULL,0.14,NULL,NULL,NULL,NULL,,NULL,0,0,2,2,N,N,NULL,NULL,98,9801,NULL,,Y,37.46616,37,27.97,NULL,-82.5302,82,31.812,NULL,N,NULL,NULL,NULL,NULL,NULL,NULL,NULL,NULL,2,97,NULL,6,1,1,3,2,1,3,N,NULL,Y,N,1753,1800,1800,N,NULL,90,16,0,Y,,N,N,,NULL,NULL,2020,O,7.2512E+11,098-KY-3496  -000,HIGH,098-KY-3496  -000,0.14,0,0,0,0,0,0,1,0,0,0,0,0,0
72481438,980100,2.02E+11,20200227,1731,,,BYPASS,S,RD,KY1426,KY1426,0,098 KY-1426,KY1426,Y,N,NULL,NULL,NULL,N,NULL,NULL,NULL,NULL,NULL,NULL,5.938,NULL,NULL,NULL,NULL,,NULL,0,0,2,2,N,N,15,NULL,98,9801,NULL,,Y,37.47478,37,28.487,NULL,-82.51906,82,31.144,NULL,N,NULL,NULL,NULL,NULL,NULL,NULL,NULL,NULL,2,97,1,6,1,1,2,2,1,3,N,NULL,Y,N,1731,1731,1805,N,NULL,90,,0,N,,N,N,098-KY-1426-0,NULL,NULL,2020,O,7.24814E+11,098-KY-1426  -000,HIGH,098-KY-1426  -000,5.938,0,0,0,0,0,0,1,0,0,0,0,0,0
72510326,KSP0900,20-22031,20200610,1929,,,BRUSHY,,,KY0881,KY0881,0,098 KY-881,KY0881,N,N,NULL,NULL,NULL,N,NULL,NULL,NULL,NULL,NULL,NULL,0.659,NULL,NULL,NULL,NULL,,NULL,0,0,1,1,N,N,35,NULL,98,9801,NULL,,Y,37.5906,37,35.436,NULL,-82.39609,82,23.765,NULL,N,NULL,NULL,NULL,NULL,NULL,NULL,NULL,NULL,9,3,2,3,1,1,2,2,7,3,N,NULL,N,N,1929,1955,2030,N,NULL,,,,N,,N,N,098-KY-0881-0,NULL,NULL,2020,O,7.25103E+11,098-KY-0881  -000,HIGH,098-KY-0881  -000,0.659,0,0,0,0,0,0,0,0,1,0,0,1,0
72514063,KSP0900,20-22276,20200612,1325,,,US119,,,US0119,US0119,0,098 US-119-10,US0119,N,N,NULL,NULL,NULL,N,NULL,NULL,NULL,NULL,NULL,NULL,15.159,NULL,NULL,NULL,NULL,,NULL,0,0,1,1,N,N,55,NULL,98,9833,NULL,,Y,37.6119,37,36.714,NULL,-82.33376,82,20.025,NULL,N,NULL,NULL,NULL,NULL,NULL,NULL,NULL,NULL,9,3,2,1,1,1,2,2,7,3,N,NULL,Y,N,1325,1335,1500,N,NULL,70,2,1,N,,N,N,098-US-0119-10,NULL,NULL,2020,O,7.25141E+11,098-US-0119  -010,HIGH,098-US-0119  -000,15.159,0,0,0,1,0,0,0,0,0,0,0,1,0
72476154,KSP0900,20-5590,20200211,2254,,,US119,,,US0119,US0119,0,098 US-119-10,US0119,N,N,NULL,NULL,NULL,N,NULL,NULL,NULL,NULL,NULL,NULL,1.385,NULL,NULL,NULL,NULL,,NULL,1,0,1,1,N,N,55,NULL,98,9801,NULL,,Y,37.51122,37,30.673,NULL,-82.50962,82,30.577,NULL,N,NULL,NULL,NULL,NULL,NULL,NULL,NULL,NULL,9,2,4,1,1,5,10,7,7,3,N,NULL,Y,Y,2256,2306,2358,N,NULL,70,2,1,N,,N,Y,098-US-0119-10,NULL,NULL,2020,B,7.24762E+11,098-US-0119  -010,HIGH,098-US-0119  -000,1.385,0,0,1,0,0,0,1,0,0,0,0,1,0
72504298,KSP0900,20-19404,20200523,2230,,,KY199,,,KY0199,KY0199,0,098 KY-199,KY0199,N,N,NULL,NULL,NULL,N,NULL,NULL,NULL,NULL,NULL,NULL,9.568,NULL,NULL,NULL,NULL,,NULL,0,0,1,1,N,N,45,NULL,98,9851,NULL,,Y,37.57775,37,34.665,NULL,-82.26874,82,16.124,NULL,N,NULL,NULL,NULL,NULL,NULL,NULL,NULL,NULL,9,5,2,3,1,5,3,6,7,3,N,NULL,Y,N,2244,2251,2320,N,NULL,51,7,0,N,,N,N,098-KY-0199-0,NULL,NULL,2020,O,7.25043E+11,098-KY-0199  -000,HIGH,098-KY-0199  -000,9.568,0,0,0,0,0,0,1,0,0,0,0,1,0
72504901,980100,2.02E+11,20200526,1658,,,KY3496,,,KY3496,KY3496,,,,N,N,NULL,NULL,NULL,N,NULL,NULL,NULL,NULL,NULL,NULL,0.868,NULL,NULL,NULL,NULL,,NULL,0,0,2,2,Y,N,35,NULL,98,9801,NULL,,Y,37.47209,37,28.326,NULL,-82.52827,82,31.696,NULL,N,NULL,NULL,NULL,NULL,NULL,NULL,NULL,NULL,6,3,2,6,1,1,2,2,1,3,N,NULL,Y,N,1700,1719,1719,N,NULL,70,16,0,N,,N,N,,NULL,NULL,2020,O,7.25049E+11,098-KY-3496  -000,HIGH,098-KY-3496  -000,0.868,0,0,0,1,0,0,0,0,0,0,0,0,0
72493770,980100,2.02E+11,20200407,2144,,,NORTHGATE,,DR,,,0,098 CS-1021,CS1021,N,N,NULL,NULL,NULL,N,NULL,NULL,NULL,NULL,NULL,NULL,0.04,NULL,NULL,NULL,NULL,,NULL,0,0,1,1,N,N,15,NULL,98,9801,NULL,,Y,37.48668,37,29.201,NULL,-82.50948,82,30.569,NULL,N,NULL,NULL,NULL,NULL,NULL,NULL,NULL,NULL,9,5,1,4,1,1,2,5,6,3,N,NULL,Y,N,2144,2146,2146,Y,NULL,40,,,Y,,N,N,098-CS-1021-0,NULL,NULL,2020,O,7.24938E+11,098-CS-1021  -000,HIGH,098-CS-1021  -000,0.04,0,0,0,0,0,0,1,0,1,1,0,1,0
72424396,980100,2.019E+11,20191022,1157,,,BYPASS,S,RD,KY1426,KY1426,,,,N,Y,HUFFMAN,,AVE,N,NULL,NULL,NULL,NULL,NULL,NULL,6.116,NULL,NULL,NULL,NULL,,NULL,0,0,2,2,N,N,45,NULL,98,9801,NULL,,Y,37.47689,37,28.613,NULL,-82.51708,82,31.025,NULL,N,NULL,NULL,NULL,NULL,NULL,NULL,NULL,NULL,5,3,2,6,1,1,2,2,1,3,N,NULL,Y,N,1157,1158,,N,NULL,35,,0,Y,,N,N,,NULL,NULL,2019,O,7.24244E+11,098-KY-1426  -000,HIGH,098-KY-1426  -000,6.116,0,0,0,0,0,0,1,0,0,0,1,0,0
72509495,980100,2.02E+11,20200607,703,,,US23,,,US0023,US0023,,,,N,N,NULL,NULL,NULL,N,NULL,NULL,NULL,NULL,NULL,NULL,26.158,NULL,NULL,NULL,NULL,,NULL,0,0,2,2,N,N,55,NULL,98,9801,NULL,,Y,37.50187,37,30.112,NULL,-82.53194,82,31.917,NULL,N,NULL,NULL,NULL,NULL,NULL,NULL,NULL,NULL,5,3,4,6,1,1,2,2,1,3,N,NULL,Y,N,703,703,705,N,NULL,70,,1,N,,N,N,,NULL,NULL,2020,O,7.25095E+11,098-US-0023  -000,MEDIUM,098-US-0023  -000,26.158,0,0,0,0,0,0,1,0,0,0,0,0,0
72535680,980100,2.02E+11,20200826,957,,911,BYPASS,S,RD,KY1426,KY1426,0,098 KY-1426,KY1426,Y,N,NULL,NULL,NULL,N,NULL,NULL,NULL,NULL,NULL,NULL,5.691,NULL,NULL,NULL,NULL,,NULL,0,0,2,2,N,N,15,NULL,98,9801,NULL,,Y,37.47278,37,28.367,NULL,-82.52284,82,31.37,NULL,N,NULL,NULL,NULL,NULL,NULL,NULL,NULL,NULL,1,97,2,6,1,1,2,2,5,3,N,NULL,Y,N,957,1002,1002,N,NULL,90,,0,N,,N,N,098-KY-1426-0,NULL,NULL,2020,O,7.25357E+11,098-KY-1426  -000,HIGH,098-KY-1426  -000,5.691,0,0,0,0,0,0,1,0,0,0,0,0,0
72520451,KSP0900,20-592638,20200710,630,,,TOLER,,RD,KY0319,KY0319,0,098 KY-319,KY0319,N,N,NULL,NULL,NULL,N,NULL,NULL,NULL,NULL,NULL,NULL,2.266,NULL,NULL,NULL,NULL,,NULL,0,0,1,1,N,N,55,NULL,98,9842,NULL,,Y,37.60051,37,36.031,NULL,-82.20645,82,12.387,NULL,N,NULL,NULL,NULL,NULL,NULL,NULL,NULL,NULL,9,3,2,3,1,1,2,2,7,3,N,NULL,N,N,630,635,710,Y,NULL,40,7,0,N,,N,N,098-KY-0319-0,NULL,NULL,2020,O,7.25205E+11,098-KY-0319  -000,HIGH,098-KY-0319  -000,2.266,0,0,0,0,0,0,0,0,0,0,0,1,0
72472796,980100,2.02E+11,20200202,1644,,,BYPASS,S,RD,KY1426,KY1426,,,,N,N,NULL,NULL,NULL,N,NULL,NULL,NULL,NULL,NULL,NULL,5.795,NULL,NULL,NULL,NULL,,NULL,0,0,2,2,N,N,35,NULL,98,9801,NULL,,Y,37.47342,37,28.405,NULL,-82.5211,82,31.266,NULL,N,NULL,NULL,NULL,NULL,NULL,NULL,NULL,NULL,5,3,2,6,1,1,2,2,1,3,N,NULL,Y,N,1644,1652,1704,N,NULL,49,,0,N,,N,N,,NULL,NULL,2020,O,7.24728E+11,098-KY-1426  -000,HIGH,098-KY-1426  -000,5.795,0,0,0,1,0,0,0,0,0,0,0,0,0
72500431,980100,2.02E+11,20200413,1200,,,US23,,,US0023,US0023,,,,Y,N,NULL,NULL,NULL,N,NULL,NULL,NULL,NULL,NULL,NULL,21.576,NULL,NULL,NULL,NULL,,NULL,0,0,2,2,N,N,15,NULL,98,9801,NULL,,Y,37.45279,37,27.167,NULL,-82.52277,82,31.366,NULL,N,NULL,NULL,NULL,NULL,NULL,NULL,NULL,NULL,2,97,1,6,1,5,3,2,1,3,N,NULL,Y,N,1200,1214,1214,N,NULL,90,,1,N,,N,N,,NULL,NULL,2020,O,7.25004E+11,098-US-0023  -010,MEDIUM,098-US-0023  -000,21.576,0,0,0,0,0,0,1,0,0,0,0,0,0
72502348,370200,2020-17819,20200513,1015,,,RIDGE LINE,,RD,KY3418,KY3418,,,,N,N,NULL,NULL,NULL,N,NULL,NULL,NULL,NULL,NULL,NULL,8.38,NULL,NULL,NULL,NULL,,NULL,0,0,2,2,N,N,35,NULL,98,9850,NULL,,Y,37.47199,37,28.319,NULL,-82.40942,82,24.565,NULL,N,NULL,NULL,NULL,NULL,NULL,NULL,NULL,NULL,7,3,1,1,1,5,3,2,6,3,N,NULL,Y,N,1000,1015,1101,N,NULL,54,9,0,N,,N,N,,NULL,NULL,2020,O,7.25023E+11,098-KY-3418  -000,HIGH,098-KY-3418  -000,8.38,0,0,0,0,0,0,1,1,0,0,0,1,0
72483505,KSP0900,20-6588,20200219,1221,,,US119,,,US0119,US0119,0,098 US-119,US0119,N,Y,MALL,,RD,N,NULL,NULL,NULL,NULL,NULL,NULL,24.058,NULL,NULL,NULL,NULL,,NULL,0,0,2,2,N,N,55,NULL,98,9834,NULL,,Y,37.65657,37,39.394,NULL,-82.27057,82,16.234,NULL,N,NULL,NULL,NULL,NULL,NULL,NULL,NULL,NULL,5,3,4,6,1,1,3,2,7,3,N,NULL,Y,N,1221,1221,1230,N,NULL,35,2,1,N,,N,N,098-US-0119-0,NULL,NULL,2020,O,7.24835E+11,098-US-0119  -000,HIGH,098-US-0119  -000,24.058,0,0,0,1,0,0,1,0,0,0,1,0,0
72477670,980000,20-02-003,20200216,1445,,,APPALACHIAN,,PLZ,,,0,098 PR-1008,PR1008,Y,N,NULL,NULL,NULL,N,NULL,NULL,NULL,NULL,NULL,NULL,0.078,NULL,NULL,NULL,NULL,,NULL,0,0,2,2,N,N,10,NULL,98,9812,0.5,SE,N,37.66656,37,39.994,NULL,-82.27455,82,16.473,NULL,N,NULL,NULL,NULL,NULL,NULL,NULL,NULL,NULL,8,97,NULL,6,1,1,2,2,1,3,N,NULL,N,N,1445,1449,1522,N,NULL,90,,,N,,N,N,098-PR-1008-0,NULL,NULL,2020,O,7.24777E+11,098-PR-1008  -000,HIGH,098-PR-1008  -000,0.078,0,0,1,0,0,0,0,0,0,0,0,0,0
72525280,370200,2020-601074,20200715,951,,,OWSLEY,,RD,KY1384,KY1384,0,098 KY-1384,KY1384,N,N,NULL,NULL,NULL,N,NULL,NULL,NULL,NULL,NULL,NULL,0.353,NULL,NULL,NULL,NULL,,NULL,0,0,2,2,N,N,35,NULL,98,9801,NULL,,Y,37.52824,37,31.694,NULL,-82.61765,82,37.059,NULL,N,NULL,NULL,NULL,NULL,NULL,NULL,NULL,NULL,7,3,2,2,1,1,2,2,7,3,N,NULL,N,N,951,1028,1028,N,NULL,54,,0,Y,,N,N,098-KY-1384-0,NULL,NULL,2020,O,7.25253E+11,098-KY-1384  -000,HIGH,098-KY-1384  -000,0.353,0,1,0,0,0,0,1,0,1,0,0,1,0
72544909,980100,20200011542,20200922,1118,,,US23,,,US0023,US0023,0,098 US-23-10,US0023,N,N,NULL,NULL,NULL,N,NULL,NULL,NULL,NULL,NULL,NULL,21.372,NULL,NULL,NULL,NULL,,NULL,1,0,2,2,N,N,55,NULL,98,9801,NULL,,Y,37.45013,37,27.008,NULL,-82.52436,82,31.462,NULL,N,NULL,NULL,NULL,NULL,NULL,NULL,NULL,NULL,3,3,4,6,1,1,2,2,6,3,N,NULL,Y,Y,1118,1129,1156,Y,NULL,52,,1,N,,Y,N,098-US-0023-10,NULL,NULL,2020,C,7.25449E+11,098-US-0023  -010,HIGH,098-US-0023  -000,21.372,0,0,0,1,0,0,1,0,0,0,0,1,0
72509953,980500,2020AR033,20200610,1700,,,US23,,,US0023,US0023,0,098 US-23,US0023,N,N,NULL,NULL,NULL,N,NULL,NULL,NULL,NULL,NULL,NULL,28.874,NULL,NULL,NULL,NULL,,NULL,2,0,4,4,N,N,45,NULL,98,9807,NULL,,Y,37.52254,37,31.352,NULL,-82.57057,82,34.234,NULL,N,NULL,NULL,NULL,NULL,NULL,NULL,NULL,NULL,8,3,4,6,1,1,2,2,7,3,N,NULL,N,Y,1658,1700,1750,N,NULL,53,,1,Y,,N,N,098-US-0023-0,NULL,NULL,2020,B,7.251E+11,098-US-0023  -000,HIGH,098-US-0023  -000,28.874,0,0,0,0,0,0,0,0,0,0,0,1,0
72491616,KSP0900,20-11615,20200329,1720,,,COWPEN,,RD,KY2061,KY2061,0,098 KY-2061,KY2061,N,N,NULL,NULL,NULL,N,NULL,NULL,NULL,NULL,NULL,NULL,7.136,NULL,NULL,NULL,NULL,,NULL,0,0,2,2,N,N,55,NULL,98,9801,NULL,,Y,37.60191,37,36.114,NULL,-82.53082,82,31.849,NULL,N,NULL,NULL,NULL,NULL,NULL,NULL,NULL,NULL,7,3,2,6,1,1,2,2,7,3,N,NULL,N,N,1722,1757,1722,N,NULL,54,,0,N,,N,N,098-KY-2061-0,NULL,NULL,2020,O,7.24916E+11,098-KY-2061  -000,HIGH,098-KY-2061  -000,7.136,0,0,0,0,0,0,0,0,0,0,0,1,0
72495820,980100,2.02E+11,20200421,1807,,254,CASSIDY,,BLVD,,,0,098 CS-1191,CS1191,Y,N,NULL,NULL,NULL,N,NULL,NULL,NULL,NULL,NULL,NULL,0.334,NULL,NULL,NULL,NULL,,NULL,0,0,2,2,N,N,NULL,NULL,98,9801,NULL,,Y,37.50515,37,30.309,NULL,-82.5375,82,32.25,NULL,N,NULL,NULL,NULL,NULL,NULL,NULL,NULL,NULL,2,97,NULL,6,1,1,2,2,5,3,N,NULL,Y,N,1808,1811,1811,N,NULL,90,,,N,,N,N,098-CS-1191-0,NULL,NULL,2020,O,7.24958E+11,098-CS-1191  -000,HIGH,098-CS-1191  -000,0.334,0,0,0,0,0,0,1,0,0,0,0,0,0