MasterFile,AgencyORINumber,LocalCode,CollisionDate,CollisionTime,CollisionDayWeekCode,RoadwayName_HouseBusinessNumber_,RoadwayName_RoadwayName_,RoadwayName_Direction_,RoadwayName_RoadwaySuffix_,RoadwayfromReport,CurrentRoadwayNumber,RoadwayNumberCoupletID,RSEUniqueGIS,RoadwayIdentifier,ParkingLotIndicator,IntersectionWith_Indicator_,IntersectionWith_NameRoadway_,IntersectionWith_Direction_,IntersectionWith_RoadwaySuffix_,BetweenStreets_Indicator_,BetweenStreets1_NameRoadway_,BetweenStreet1_Direction_,BetweenStreets1_RoadwaySuffix_,BetweenStreets2_NameRoadway_,BetweenStreets2_Direction_,BetweenStreets2_RoadwaySuffix_,Milepoint,ReportMilepointDeriveNumber,CurrentDerivedMiepointNumber,MilestoMilepoint,FeettoMilepoint,DirectionfromMilepoint_NSEW_,ValidMilepointIndicator,NumberInjured,NumberKilled,ofUnits,ofMotorVehicleUnits,Hit&RunIndicator,OneWayIndicator,SpeedLimitNumber,KilometersIndicator,CountyCode,CityCountyCode,MilesFromCity,DirectionFromCity_NSEW_,InCityLimitsIndicator,Latitude,LatitudeDegrees,LatitudeMinutes,LatitudeSeconds,Longitude,LongitudeDegrees,LongitudeMinutes,LongitudeSeconds,RampIndicator,RampFromIdentifier,RampFromDirCode,RampFromCoupletID,RSEUniqueGISRampFrom,RampToidentifier,RampToDirCode,RampToCoupletID,RSEUniqueGisRampTo,MannerofCollisionCode,LocationFirstEventCode,TotalLanes,RoadwayCharacterCode,RoadwaySurfaceCode,RoadwayConditionCode,WeatherCode,LightConditionCode,LandUseCode,SchoolBusRelatedCode,FirstAidSceneIndicator,CollDescPresentInd,InvestigationCompleteIndicator,PhotosTakenIndicator,TimeNotified,TimeArrived,TimeRoadwayOpened,PropertyDamageIndicator,DiagramPresentIndicator,DirectionalAnalysis,FunctionClassCode,NationalHwySysCode,EnforcementsIndicator,KARSCityCode,SecondaryCollisionIndicator,MedianCrossoverIndicator,RT_UNIQUE,MapIt,TimeLastLeft,YR,KABCO,MFNY,WorkingRID,RT_CONFIDENCE,KTC_RT,KTC_MP,Motorcyclist,CommercialVehicle,YoungDriver,MatureDriver,pedestrian,Bicyclist,Distracted,agressive,Impaired,Unrestrained,Intersection,RoadwayDeparture,MedXover
72510190,KSP0900,20-21415,20200606,1157,,,US460,,,US0460,US0460,0,098 US-460,US0460,N,N,NULL,NULL,NULL,N,NULL,NULL,NULL,NULL,NULL,NULL,7.011,NULL,NULL,NULL,NULL,,NULL,2,0,2,2,N,N,55,NULL,98,9801,NULL,,Y,37.38939,37,23.363,NULL,-82.43362,82,26.018,NULL,N,NULL,NULL,NULL,NULL,NULL,NULL,NULL,NULL,1,3,2,6,1,1,2,2,7,3,N,NULL,Y,N,1157,1200,,N,NULL,55,,1,N,,N,N,098-US-0460-0,NULL,NULL,2020,C,7.25102E+11,098-US-0460  -000,HIGH,098-US-0460  -000,7.011,0,0,0,0,0,0,1,0,0,0,0,0,0
72537174,KSP0900,20-657652,20200819,1840,,3001,KY805,,,KY0805,KY0805,0,098 KY-805,KY0805,N,N,NULL,NULL,NULL,N,NULL,NULL,NULL,NULL,NULL,NULL,4.719,NULL,NULL,NULL,NULL,,NULL,0,0,1,1,Y,N,55,NULL,98,9809,NULL,,Y,37.25359,37,15.215,NULL,-82.56644,82,33.986,NULL,N,NULL,NULL,NULL,NULL,NULL,NULL,NULL,NULL,9,97,2,6,3,1,2,4,5,3,N,NULL,Y,Y,1842,1855,1842,N,NULL,40,7,0,Y,,N,N,098-KY-0805-0,NULL,NULL,2020,O,7.25372E+11,098-KY-0805  -000,HIGH,098-KY-0805  -000,4.719,0,0,0,0,0,0,0,0,0,1,0,1,0
72412568,KSP0900,19-37616,20190925,1554,,,US119,,,US0119,US0119,0,098 US-119,US0119,Y,N,NULL,NULL,NULL,N,NULL,NULL,NULL,NULL,NULL,NULL,24.828,NULL,NULL,NULL,NULL,,NULL,0,0,2,2,N,N,NULL,NULL,98,9834,NULL,,Y,37.66638,37,39.983,NULL,-82.2751,82,16.506,NULL,N,NULL,NULL,NULL,NULL,NULL,NULL,NULL,NULL,5,97,1,6,1,1,2,2,1,3,N,NULL,Y,N,1554,1621,1621,N,NULL,90,2,1,N,,N,N,098-US-0119-0,NULL,NULL,2019,O,7.24126E+11,098-US-0119  -000,HIGH,098-US-0119  -000,24.828,0,0,0,0,0,0,1,0,0,0,0,0,0
72475343,980100,2.02E+11,20200211,1400,,,HAROLDS BRANCH,,RD,,,0,098 CS-1223,CS1223,Y,N,NULL,NULL,NULL,N,NULL,NULL,NULL,NULL,NULL,NULL,0.052,NULL,NULL,NULL,NULL,,NULL,0,0,1,1,N,N,15,NULL,98,9801,NULL,,Y,37.47245,37,28.347,NULL,-82.52189,82,31.313,NULL,N,NULL,NULL,NULL,NULL,NULL,NULL,NULL,NULL,9,97,2,6,2,5,6,2,1,3,N,NULL,Y,N,1400,1400,1400,N,NULL,90,,,N,,N,N,098-CS-1223-0,NULL,NULL,2020,O,7.24753E+11,098-CS-1223  -000,HIGH,098-CS-1223  -000,0.052,0,0,0,1,0,0,0,0,0,0,0,1,0
72532729,980100,2.02E+11,20200813,1400,,,REDALE,,RD,,,0,098 CS-1244,CS1244,N,N,NULL,NULL,NULL,N,NULL,NULL,NULL,NULL,NULL,NULL,0.103,NULL,NULL,NULL,NULL,,NULL,0,0,3,3,N,N,15,NULL,98,9801,NULL,,Y,37.48727,37,29.236,NULL,-82.52597,82,31.558,NULL,N,NULL,NULL,NULL,NULL,NULL,NULL,NULL,NULL,1,97,1,6,1,1,2,2,7,3,N,NULL,N,N,1400,1403,1403,N,NULL,47,,,N,,N,N,098-CS-1244-0,NULL,NULL,2020,NULL,7.25327E+11,098-CS-1244  -000,HIGH,098-CS-1244  -000,0.103,0,0,0,0,0,0,0,0,0,0,0,0,0
72525103,980100,2.02E+11,20200726,1445,,,US460,,,US0460,US0460,,,,Y,N,NULL,NULL,NULL,N,NULL,NULL,NULL,NULL,NULL,NULL,0.187,NULL,NULL,NULL,NULL,,NULL,0,0,2,2,Y,N,15,NULL,98,9801,NULL,,Y,37.43979,37,26.387,NULL,-82.50902,82,30.541,NULL,N,NULL,NULL,NULL,NULL,NULL,NULL,NULL,NULL,8,97,NULL,6,3,1,2,2,5,3,N,NULL,N,N,1445,1457,1457,N,NULL,90,,1,N,,N,N,,NULL,NULL,2020,NULL,7.25251E+11,098-US-0460  -000,HIGH,098-US-0460  -000,0.187,0,0,0,0,0,0,1,0,0,0,0,0,0
72447610,980100,2.019E+11,20191207,1830,,,HAMBLEY,,BLVD,,,0,098 CS-1222,CS1222,N,N,NULL,NULL,NULL,N,NULL,NULL,NULL,NULL,NULL,NULL,0.039,NULL,NULL,NULL,NULL,,NULL,0,0,2,2,N,N,35,NULL,98,9801,NULL,,Y,37.47404,37,28.442,NULL,-82.52721,82,31.633,NULL,N,NULL,NULL,NULL,NULL,NULL,NULL,NULL,NULL,5,3,3,6,1,1,2,5,1,3,N,NULL,Y,N,1835,1835,1848,N,NULL,49,,,N,,N,N,098-CS-1222-0,NULL,NULL,2019,O,7.24476E+11,098-CS-1222  -000,HIGH,098-CS-1222  -000,0.039,0,0,1,0,0,0,1,0,0,0,0,0,0
72527309,KSP0900,20-626196,20200730,2040,,,BIG CREEK,E,RD,KY3220,KY3220,0,098 KY-3220,KY3220,N,N,NULL,NULL,NULL,N,NULL,NULL,NULL,NULL,NULL,NULL,0.578,NULL,NULL,NULL,NULL,,NULL,0,0,1,1,N,N,35,NULL,98,9833,NULL,,Y,37.61836,37,37.102,NULL,-82.35623,82,21.374,NULL,N,NULL,NULL,NULL,NULL,NULL,NULL,NULL,NULL,9,3,2,6,1,5,6,3,7,3,N,NULL,N,N,2040,2040,2040,N,NULL,38,8,0,N,,N,N,098-KY-3220-0,NULL,NULL,2020,O,7.25273E+11,098-KY-3220  -000,HIGH,098-KY-3220  -000,0.578,0,0,0,0,0,0,0,0,0,0,0,0,0
72527310,KSP0900,20-626427,20200731,52,,,US119,,,US0119,US0119,0,098 US-119-10,US0119,N,N,NULL,NULL,NULL,N,NULL,NULL,NULL,NULL,NULL,NULL,2.729,NULL,NULL,NULL,NULL,,NULL,0,0,2,2,Y,N,55,NULL,98,9828,NULL,,Y,37.51403,37,30.842,NULL,-82.48649,82,29.19,NULL,N,NULL,NULL,NULL,NULL,NULL,NULL,NULL,NULL,5,3,2,6,1,1,2,5,7,3,N,NULL,N,N,52,52,52,N,NULL,49,2,1,N,,N,N,098-US-0119-10,NULL,NULL,2020,O,7.25273E+11,098-US-0119  -010,HIGH,098-US-0119  -000,2.729,0,0,1,0,0,0,0,1,0,0,0,0,0
72533890,980100,2.02E+11,20200821,1255,,,CHLOE,,RD,KY1460,KY1460,,,,N,N,NULL,NULL,NULL,N,NULL,NULL,NULL,NULL,NULL,NULL,4.351,NULL,NULL,NULL,NULL,,NULL,1,0,2,2,N,N,35,NULL,98,9801,NULL,,Y,37.4771,37,28.626,NULL,-82.50277,82,30.166,NULL,N,NULL,NULL,NULL,NULL,NULL,NULL,NULL,NULL,3,3,2,3,1,5,6,2,1,3,Y,NULL,Y,Y,1255,1259,1324,N,NULL,52,,0,N,,N,N,,NULL,NULL,2020,B,7.25339E+11,098-KY-1460  -000,HIGH,098-KY-1460  -000,4.351,0,0,0,0,0,0,1,0,0,0,0,1,0
72502469,KSP0900,20-18247,20200516,328,,,US460,,,US0460,US0460,0,098 US-460,US0460,N,N,NULL,NULL,NULL,N,NULL,NULL,NULL,NULL,NULL,NULL,3.953,NULL,NULL,NULL,NULL,,NULL,0,0,1,1,N,N,55,NULL,98,9824,NULL,,Y,37.41954,37,25.172,NULL,-82.46192,82,27.715,NULL,N,NULL,NULL,NULL,NULL,NULL,NULL,NULL,NULL,9,3,2,6,1,1,2,6,7,3,N,NULL,N,N,328,352,352,N,NULL,70,,1,Y,,N,N,098-US-0460-0,NULL,NULL,2020,O,7.25025E+11,098-US-0460  -000,HIGH,098-US-0460  -000,3.953,0,0,0,0,0,0,1,0,0,0,0,1,0
72512120,KSP0900,20-17988,20200514,1246,,,KY194,,,KY0194,KY0194,0,098 KY-194,KY0194,N,N,NULL,NULL,NULL,N,NULL,NULL,NULL,NULL,NULL,NULL,15.594,NULL,NULL,NULL,NULL,,NULL,1,0,2,1,N,N,55,NULL,98,9887,NULL,,Y,37.57016,37,34.21,NULL,-82.47301,82,28.38,NULL,N,NULL,NULL,NULL,NULL,NULL,NULL,NULL,NULL,9,3,2,6,1,1,3,2,7,3,Y,NULL,Y,Y,1246,1317,1502,N,NULL,36,7,0,N,,N,N,098-KY-0194-0,NULL,NULL,2020,B,7.25121E+11,098-KY-0194  -000,HIGH,098-KY-0194  -000,15.594,0,0,0,0,1,0,0,0,0,0,0,0,0
72479766,980100,2.02E+11,20200222,2351,,163,LEE,,AVE,,,0,,LEE AVE,Y,N,NULL,NULL,NULL,N,NULL,NULL,NULL,NULL,NULL,NULL,NULL,NULL,NULL,NULL,NULL,,NULL,0,0,2,2,Y,N,15,NULL,98,9801,NULL,,Y,37.5008,37,30.048,NULL,-82.53401,82,32.041,NULL,N,NULL,NULL,NULL,NULL,NULL,NULL,NULL,NULL,2,97,NULL,6,1,1,2,5,5,3,N,NULL,Y,N,2352,2358,2358,N,NULL,90,,,N,,N,N,,NULL,NULL,2020,NULL,7.24798E+11,098-CS-1202  -000,MEDIUM,098-CS-1202  -000,0.109,0,0,0,0,0,0,0,0,0,0,0,0,0
72486781,980100,2.02E+11,20200229,2356,,,MAIN,,ST,,,0,098 CS-1112,CS1112,Y,N,NULL,NULL,NULL,N,NULL,NULL,NULL,NULL,NULL,NULL,0.058,NULL,NULL,NULL,NULL,,NULL,0,0,2,2,N,N,NULL,NULL,98,9801,NULL,,Y,37.47869,37,28.721,NULL,-82.51804,82,31.082,NULL,N,NULL,NULL,NULL,NULL,NULL,NULL,NULL,NULL,8,97,1,6,1,1,2,4,1,3,N,NULL,Y,N,2356,2358,,N,NULL,90,,,N,,N,N,098-CS-1112-0,NULL,NULL,2020,O,7.24868E+11,098-CS-1112  -000,HIGH,098-CS-1112  -000,0.058,0,1,0,0,0,0,0,0,0,0,0,0,0
72511112,980100,2.02E+11,20200613,1630,,183,CASSIDY,,BLVD,,,0,098 CS-1191,CS1191,Y,N,NULL,NULL,NULL,N,NULL,NULL,NULL,NULL,NULL,NULL,0.053,NULL,NULL,NULL,NULL,,NULL,0,0,2,2,N,N,NULL,NULL,98,9801,NULL,,Y,37.50368,37,30.221,NULL,-82.53302,82,31.981,NULL,N,NULL,NULL,NULL,NULL,NULL,NULL,NULL,NULL,2,97,1,6,1,1,2,2,1,3,N,NULL,Y,N,1646,1646,1646,N,NULL,90,,,N,,N,N,098-CS-1191-0,NULL,NULL,2020,O,7.25111E+11,098-CS-1191  -000,HIGH,098-CS-1191  -000,0.053,0,0,0,0,0,0,1,0,0,0,0,0,0
72524113,KSP0900,20-607495,20200718,2309,,,KY195,,,KY0195,KY0195,0,098 KY-195,KY0195,N,N,NULL,NULL,NULL,N,NULL,NULL,NULL,NULL,NULL,NULL,5.571,NULL,NULL,NULL,NULL,,NULL,0,0,1,1,N,N,35,NULL,98,9802,NULL,,Y,37.31536,37,18.922,NULL,-82.46431,82,27.859,NULL,N,NULL,NULL,NULL,NULL,NULL,NULL,NULL,NULL,9,3,2,2,1,1,2,6,7,3,N,NULL,N,N,2309,2327,2327,N,NULL,70,7,0,N,,N,N,098-KY-0195-0,NULL,NULL,2020,O,7.25241E+11,098-KY-0195  -000,HIGH,098-KY-0195  -000,5.571,0,0,0,0,0,0,0,0,0,0,0,1,0
72539006,980100,2.02E+11,20200904,1354,,215,CASSIDY,,BLVD,,,0,098 CS-1191,CS1191,Y,N,NULL,NULL,NULL,N,NULL,NULL,NULL,NULL,NULL,NULL,0.291,NULL,NULL,NULL,NULL,,NULL,0,0,2,2,N,N,15,NULL,98,9801,NULL,,Y,37.50485,37,30.291,NULL,-82.53663,82,32.198,NULL,N,NULL,NULL,NULL,NULL,NULL,NULL,NULL,NULL,2,97,NULL,6,1,1,2,2,1,3,N,NULL,Y,N,1355,1417,1420,N,NULL,90,,,N,,N,N,098-CS-1191-0,NULL,NULL,2020,O,7.2539E+11,098-CS-1191  -000,HIGH,098-CS-1191  -000,0.291,0,0,0,1,0,0,1,0,0,0,0,0,0
72547673,KSP0900,20-696601,20200913,1519,,,FERRELLS CREEK,,RD,US0460,US0460,0,098 US-460,US0460,N,N,NULL,NULL,NULL,N,NULL,NULL,NULL,NULL,NULL,NULL,22.524,NULL,NULL,NULL,NULL,,NULL,1,0,2,2,N,N,55,NULL,98,9847,NULL,,Y,37.38207,37,22.924,NULL,-82.25488,82,15.293,NULL,N,NULL,NULL,NULL,NULL,NULL,NULL,NULL,NULL,1,3,2,6,1,5,6,2,7,3,Y,NULL,Y,Y,1521,1559,,N,NULL,55,,1,Y,,N,N,098-US-0460-0,NULL,NULL,2020,C,7.25477E+11,098-US-0460  -000,HIGH,098-US-0460  -000,22.524,0,0,0,0,0,0,0,1,0,0,0,1,0
72519158,980100,2.02E+11,20200708,1432,,,KATI,,ST,,,0,098 CS-1041,CS1041,N,N,NULL,NULL,NULL,N,NULL,NULL,NULL,NULL,NULL,NULL,0.809,NULL,NULL,NULL,NULL,,NULL,0,0,1,1,N,N,35,NULL,98,9801,NULL,,Y,37.46883,37,28.13,NULL,-82.56466,82,33.879,NULL,N,NULL,NULL,NULL,NULL,NULL,NULL,NULL,NULL,9,4,1,1,1,1,2,2,6,3,N,NULL,Y,N,1342,1435,1515,N,NULL,44,,,N,,N,N,098-CS-1041-0,NULL,NULL,2020,O,7.25192E+11,098-CS-1041  -000,HIGH,098-CS-1041  -000,0.809,0,0,1,0,0,0,0,0,0,0,0,1,0
72522357,KSP0900,20-606443,20200718,1306,,,ELKHORN,,CRK,KY0197,KY0197,0,098 KY-197,KY0197,N,N,NULL,NULL,NULL,N,NULL,NULL,NULL,NULL,NULL,NULL,0.371,NULL,NULL,NULL,NULL,,NULL,0,0,1,1,Y,N,55,NULL,98,9802,NULL,,Y,37.21526,37,12.916,NULL,-82.55157,82,33.094,NULL,N,NULL,NULL,NULL,NULL,NULL,NULL,NULL,NULL,9,3,2,3,1,1,2,2,7,3,N,NULL,Y,N,1300,1339,,N,NULL,44,7,0,N,,N,Y,098-KY-0197-0,NULL,NULL,2020,O,7.25224E+11,098-KY-0197  -000,HIGH,098-KY-0197  -000,0.371,0,0,0,0,0,0,0,0,0,0,0,1,0
72514885,KSP0900,20-21495,20200606,2311,,,LEFT FORK ISLAND,,CRK,,,0,098 CR-1233Q3,CR1233Q3,N,N,NULL,NULL,NULL,N,NULL,NULL,NULL,NULL,NULL,NULL,0.652,NULL,NULL,NULL,NULL,,NULL,1,0,1,1,N,N,55,NULL,98,9801,NULL,,Y,37.43346,37,26.007,NULL,-82.56544,82,33.927,NULL,N,NULL,NULL,NULL,NULL,NULL,NULL,NULL,NULL,9,3,2,6,1,1,2,6,7,3,Y,NULL,N,N,2311,2318,2350,N,NULL,70,,,N,,N,N,098-CR-1233Q3-0,NULL,NULL,2020,B,7.25149E+11,098-CR-1233Q3-000,HIGH,098-CR-1233Q3-000,0.652,0,0,0,0,0,0,0,0,0,1,0,1,0
72529751,370200,2020-614664,20200723,1311,,,BEAVER CREEK,,RD,KY1373,KY1373,0,098 KY-1373,KY1373,N,N,NULL,NULL,NULL,N,NULL,NULL,NULL,NULL,NULL,NULL,2.73,NULL,NULL,NULL,NULL,,NULL,0,0,2,2,N,N,55,NULL,98,9802,NULL,,Y,37.3297,37,19.782,NULL,-82.32047,82,19.228,NULL,N,NULL,NULL,NULL,NULL,NULL,NULL,NULL,NULL,1,3,2,4,1,5,3,2,7,3,N,NULL,Y,N,1332,1359,1435,N,NULL,55,8,0,N,,N,N,098-KY-1373-0,NULL,NULL,2020,O,7.25298E+11,098-KY-1373  -000,HIGH,098-KY-1373  -000,2.73,0,1,0,1,0,0,1,0,0,0,0,1,0
72474083,980100,2.02E+11,20200209,1226,,,MYRA BARNES,,AVE,,,,,,N,N,NULL,NULL,NULL,N,NULL,NULL,NULL,NULL,NULL,NULL,0.073,NULL,NULL,NULL,NULL,,NULL,0,0,2,2,Y,N,15,NULL,98,9801,NULL,,Y,37.48373,37,29.024,NULL,-82.53085,82,31.851,NULL,N,NULL,NULL,NULL,NULL,NULL,NULL,NULL,NULL,6,7,1,6,1,1,3,5,6,3,N,NULL,N,N,1226,1230,1230,N,NULL,47,,,N,,N,N,,NULL,NULL,2020,NULL,7.24741E+11,098-CS-1150  -000,MEDIUM,098-CS-1150  -000,0.073,0,0,0,0,0,0,0,0,0,0,0,0,0
72483491,KSP0900,20-6587,20200219,1219,,,US119,,,US0119,US0119,0,098 US-119,US0119,N,Y,MALL,,RD,N,NULL,NULL,NULL,NULL,NULL,NULL,24.059,NULL,NULL,NULL,NULL,,NULL,0,0,3,3,N,N,55,NULL,98,9834,NULL,,Y,37.65655,37,39.393,NULL,-82.27052,82,16.231,NULL,N,NULL,NULL,NULL,NULL,NULL,NULL,NULL,NULL,6,3,4,6,1,1,3,2,7,3,N,NULL,Y,N,1219,1219,1300,N,NULL,35,2,1,N,,N,N,098-US-0119-0,NULL,NULL,2020,O,7.24835E+11,098-US-0119  -000,HIGH,098-US-0119  -000,24.059,0,0,0,1,0,0,0,1,0,0,1,0,0
72542240,980500,2020AR050,20200914,1456,,,MAYO TRAIL,,,,,,,,N,N,NULL,NULL,NULL,N,NULL,NULL,NULL,NULL,NULL,NULL,NULL,NULL,NULL,NULL,NULL,NULL,NULL,0,0,2,2,N,N,15,NULL,98,9807,NULL,,Y,37.52642,37,31.585,NULL,-82.57407,82,34.444,NULL,N,NULL,NULL,NULL,NULL,NULL,NULL,NULL,NULL,5,97,3,5,1,1,2,2,7,3,N,NULL,Y,Y,1458,1459,1503,N,NULL,49,,,Y,,N,N,,NULL,NULL,2020,O,7.25422E+11,098-US-0023  -010,MEDIUM,098-US-0023  -000,29.211,0,0,0,1,0,0,0,0,0,1,0,0,0
72519551,KSP0900,20-589847,20200708,1509,,,US23,,,US0023,US0023,0,098 US-23-10,US0023,N,Y,MAIN ST CONN,,,N,NULL,NULL,NULL,NULL,NULL,NULL,28.535,NULL,NULL,NULL,NULL,,NULL,0,0,2,2,N,Y,55,NULL,98,9807,NULL,,Y,37.519,37,31.14,NULL,-82.56616,82,33.97,NULL,N,NULL,NULL,NULL,NULL,NULL,NULL,NULL,NULL,1,3,4,6,1,1,2,2,1,3,N,NULL,Y,Y,1510,1517,1509,N,NULL,8,,1,N,,N,N,098-US-0023-10,NULL,NULL,2020,O,7.25196E+11,098-US-0023  -010,HIGH,098-US-0023  -000,28.535,0,0,0,1,0,0,0,1,0,0,1,0,0
72471799,980100,2.02E+11,20200204,747,,,KY1426,,,KY1426,KY1426,0,098 KY-1426,KY1426,N,N,NULL,NULL,NULL,N,NULL,NULL,NULL,NULL,NULL,NULL,7.583,NULL,NULL,NULL,NULL,,NULL,0,0,2,2,N,N,45,NULL,98,9801,NULL,,Y,37.49038,37,29.423,NULL,-82.4985,82,29.91,NULL,N,NULL,NULL,NULL,NULL,NULL,NULL,NULL,NULL,5,6,2,6,1,5,6,2,1,3,N,NULL,Y,N,747,755,808,N,NULL,47,,0,N,,N,N,098-KY-1426-0,NULL,NULL,2020,O,7.24718E+11,098-KY-1426  -000,HIGH,098-KY-1426  -000,7.583,0,0,0,0,0,0,0,0,0,0,0,0,0
72513934,KSP0900,2020-555155,20200619,2334,,,VARNEY,,BR,,,0,098 CR-1439,CR1439,N,N,NULL,NULL,NULL,N,NULL,NULL,NULL,NULL,NULL,NULL,0.604,NULL,NULL,NULL,NULL,,NULL,1,0,1,1,N,N,25,NULL,98,9817,NULL,,Y,37.51385,37,30.831,NULL,-82.35208,82,21.125,NULL,N,NULL,NULL,NULL,NULL,NULL,NULL,NULL,NULL,9,3,1,6,3,5,2,6,6,3,N,NULL,Y,Y,2334,2334,2334,Y,NULL,40,,,N,,N,N,098-CR-1439-0,NULL,NULL,2020,B,7.25139E+11,098-CR-1439  -000,HIGH,098-CR-1439  -000,0.604,0,0,0,0,0,0,0,1,1,1,0,1,0
72492711,980100,2.02E+11,20200330,1326,,105,NORTHGATE,,DR,,,0,098 CS-1021,CS1021,Y,N,NULL,NULL,NULL,N,NULL,NULL,NULL,NULL,NULL,NULL,0.019,NULL,NULL,NULL,NULL,,NULL,0,0,1,1,N,N,NULL,NULL,98,9801,NULL,,Y,37.48593,37,29.156,NULL,-82.50923,82,30.554,NULL,N,NULL,NULL,NULL,NULL,NULL,NULL,NULL,NULL,9,97,1,6,1,1,2,2,1,3,N,NULL,Y,N,1326,1331,1331,Y,NULL,90,,,N,,N,N,098-CS-1021-0,NULL,NULL,2020,O,7.24927E+11,098-CS-1021  -000,HIGH,098-CS-1021  -000,0.019,0,0,0,1,0,0,0,0,0,0,0,1,0
72465859,980500,2020AR007,20200120,1230,,3889,MAYO,N,TRL,US0023,US0023,0,098 US-23,US0023,Y,N,NULL,NULL,NULL,N,NULL,NULL,NULL,NULL,NULL,NULL,28.395,NULL,NULL,NULL,NULL,,NULL,0,0,2,2,Y,N,15,NULL,98,9807,NULL,,Y,37.51974,37,31.184,NULL,-82.56891,82,34.134,NULL,N,NULL,NULL,NULL,NULL,NULL,NULL,NULL,NULL,2,7,2,6,1,1,3,2,1,3,N,NULL,Y,N,1230,1232,,N,NULL,90,,1,N,,N,N,098-US-0023-0,NULL,NULL,2020,NULL,7.24659E+11,098-US-0023  -000,HIGH,098-US-0023  -000,28.395,0,0,0,0,0,0,0,0,0,0,0,0,0
72464303,980000,20-01-002,20200114,1951,,,US119,,,US0119,US0119,0,098 US-119,US0119,N,N,NULL,NULL,NULL,N,NULL,NULL,NULL,NULL,NULL,NULL,22.734,NULL,NULL,NULL,NULL,,NULL,0,0,2,2,N,N,55,NULL,98,9852,2,S,N,37.64132,37,38.479,NULL,-82.25996,82,15.598,NULL,N,NULL,NULL,NULL,NULL,NULL,NULL,NULL,NULL,5,3,2,6,1,5,6,3,7,3,N,NULL,N,N,1854,1854,1921,N,NULL,49,2,1,N,,N,N,098-US-0119-0,NULL,NULL,2020,O,7.24643E+11,098-US-0119  -000,HIGH,098-US-0119  -000,22.734,0,0,0,0,0,0,0,0,0,0,0,0,0
72495137,KSP0900,20-13963,20200412,2215,,,US460,,,US0460,US0460,0,098 US-460,US0460,N,N,NULL,NULL,NULL,N,NULL,NULL,NULL,NULL,NULL,NULL,13.527,NULL,NULL,NULL,NULL,,NULL,0,0,1,1,N,N,55,NULL,98,9802,NULL,,Y,37.33473,37,20.084,NULL,-82.38515,82,23.109,NULL,N,NULL,NULL,NULL,NULL,NULL,NULL,NULL,NULL,9,5,2,6,1,5,6,6,7,3,N,NULL,Y,Y,2236,2320,30,N,NULL,51,,1,N,,N,N,098-US-0460-0,NULL,NULL,2020,O,7.24951E+11,098-US-0460  -000,HIGH,098-US-0460  -000,13.527,0,0,0,0,0,0,0,0,0,0,0,1,0
72495716,370200,20-14730,20200421,1340,,,US119,,,US0119,US0119,0,098 US-119,US0119,N,N,NULL,NULL,NULL,N,NULL,NULL,NULL,NULL,NULL,NULL,24.648,NULL,NULL,NULL,NULL,,NULL,0,0,2,2,N,N,40,NULL,98,9834,NULL,,Y,37.66415,37,39.849,NULL,-82.27329,82,16.398,NULL,N,NULL,NULL,NULL,NULL,NULL,NULL,NULL,NULL,1,3,4,6,1,1,2,2,1,3,N,NULL,Y,N,1356,1356,1357,N,NULL,55,2,1,N,,N,N,098-US-0119-0,NULL,NULL,2020,O,7.24957E+11,098-US-0119  -000,HIGH,098-US-0119  -000,24.648,0,0,1,0,0,0,0,1,0,0,0,0,0
72511517,980100,2.02E+11,20200616,1142,,,BYPASS,S,RD,KY1426,KY1426,0,098 KY-1426,KY1426,N,N,NULL,NULL,NULL,N,NULL,NULL,NULL,NULL,NULL,NULL,6.105,NULL,NULL,NULL,NULL,,NULL,0,0,2,2,Y,N,35,NULL,98,9801,NULL,,Y,37.47705,37,28.623,NULL,-82.51694,82,31.016,NULL,N,NULL,NULL,NULL,NULL,NULL,NULL,NULL,NULL,5,3,2,6,1,1,3,2,7,3,N,NULL,Y,N,1143,1152,1152,N,NULL,49,,0,N,,N,N,098-KY-1426-0,NULL,NULL,2020,O,7.25115E+11,098-KY-1426  -000,HIGH,098-KY-1426  -000,6.105,0,0,1,0,0,0,0,0,0,0,0,0,0
72477666,980100,2.02E+11,20200210,1417,,,HAROLDS BRANCH,,RD,,,0,098 CS-1223,CS1223,Y,N,NULL,NULL,NULL,N,NULL,NULL,NULL,NULL,NULL,NULL,0.053,NULL,NULL,NULL,NULL,,NULL,0,0,2,2,N,N,NULL,NULL,98,9801,NULL,,Y,37.47206,37,28.324,NULL,-82.52253,82,31.352,NULL,N,NULL,NULL,NULL,NULL,NULL,NULL,NULL,NULL,6,97,2,4,2,1,2,2,7,3,N,NULL,N,N,1417,1429,1429,N,NULL,90,,,N,,N,N,098-CS-1223-0,NULL,NULL,2020,O,7.24777E+11,098-CS-1223  -000,HIGH,098-CS-1223  -000,0.053,0,0,0,0,0,0,0,0,0,0,0,0,0