MasterFile,AgencyORINumber,LocalCode,CollisionDate,CollisionTime,CollisionDayWeekCode,RoadwayName_HouseBusinessNumber_,RoadwayName_RoadwayName_,RoadwayName_Direction_,RoadwayName_RoadwaySuffix_,RoadwayfromReport,CurrentRoadwayNumber,RoadwayNumberCoupletID,RSEUniqueGIS,RoadwayIdentifier,ParkingLotIndicator,IntersectionWith_Indicator_,IntersectionWith_NameRoadway_,IntersectionWith_Direction_,IntersectionWith_RoadwaySuffix_,BetweenStreets_Indicator_,BetweenStreets1_NameRoadway_,BetweenStreet1_Direction_,BetweenStreets1_RoadwaySuffix_,BetweenStreets2_NameRoadway_,BetweenStreets2_Direction_,BetweenStreets2_RoadwaySuffix_,Milepoint,ReportMilepointDeriveNumber,CurrentDerivedMiepointNumber,MilestoMilepoint,FeettoMilepoint,DirectionfromMilepoint_NSEW_,ValidMilepointIndicator,NumberInjured,NumberKilled,ofUnits,ofMotorVehicleUnits,Hit&RunIndicator,OneWayIndicator,SpeedLimitNumber,KilometersIndicator,CountyCode,CityCountyCode,MilesFromCity,DirectionFromCity_NSEW_,InCityLimitsIndicator,Latitude,LatitudeDegrees,LatitudeMinutes,LatitudeSeconds,Longitude,LongitudeDegrees,LongitudeMinutes,LongitudeSeconds,RampIndicator,RampFromIdentifier,RampFromDirCode,RampFromCoupletID,RSEUniqueGISRampFrom,RampToidentifier,RampToDirCode,RampToCoupletID,RSEUniqueGisRampTo,MannerofCollisionCode,LocationFirstEventCode,TotalLanes,RoadwayCharacterCode,RoadwaySurfaceCode,RoadwayConditionCode,WeatherCode,LightConditionCode,LandUseCode,SchoolBusRelatedCode,FirstAidSceneIndicator,CollDescPresentInd,InvestigationCompleteIndicator,PhotosTakenIndicator,TimeNotified,TimeArrived,TimeRoadwayOpened,PropertyDamageIndicator,DiagramPresentIndicator,DirectionalAnalysis,FunctionClassCode,NationalHwySysCode,EnforcementsIndicator,KARSCityCode,SecondaryCollisionIndicator,MedianCrossoverIndicator,RT_UNIQUE,MapIt,TimeLastLeft,YR,KABCO,MFNY,WorkingRID,RT_CONFIDENCE,KTC_RT,KTC_MP,Motorcyclist,CommercialVehicle,YoungDriver,MatureDriver,pedestrian,Bicyclist,Distracted,agressive,Impaired,Unrestrained,Intersection,RoadwayDeparture,MedXover
72481515,980100,2.02E+11,20200227,1640,,,SYCAMORE,,ST,,,0,098 CS-1168,CS1168,Y,N,NULL,NULL,NULL,N,NULL,NULL,NULL,NULL,NULL,NULL,0.071,NULL,NULL,NULL,NULL,,NULL,0,0,2,2,N,N,10,NULL,98,9801,NULL,,Y,37.47839,37,28.703,NULL,-82.52147,82,31.288,NULL,N,NULL,NULL,NULL,NULL,NULL,NULL,NULL,NULL,2,97,NULL,5,1,1,2,2,8,3,N,NULL,Y,N,1640,1647,1647,N,NULL,90,,,N,,N,N,098-CS-1168-0,NULL,NULL,2020,O,7.24815E+11,098-CS-1168  -000,HIGH,098-CS-1168  -000,0.071,0,0,1,0,0,0,0,0,0,0,0,0,0
72469227,KSP0900,2020-3449,20200127,658,,,VIRGIE,,RD,KY0610,KY0610,0,098 KY-610,KY0610,N,N,NULL,NULL,NULL,N,NULL,NULL,NULL,NULL,NULL,NULL,7.732,NULL,NULL,NULL,NULL,,NULL,0,0,1,1,N,N,35,NULL,98,9801,5,S,N,37.33644,37,20.186,NULL,-82.58308,82,34.985,NULL,N,NULL,NULL,NULL,NULL,NULL,NULL,NULL,NULL,9,5,2,6,1,5,6,1,7,3,N,NULL,N,N,658,740,,N,NULL,51,7,0,N,,N,N,098-KY-0610-0,NULL,NULL,2020,O,7.24692E+11,098-KY-0610  -000,HIGH,098-KY-0610  -000,7.732,0,0,0,0,0,0,0,0,0,0,0,1,0
72474928,KSP0900,20-4467,20200203,1526,,,US119,,,US0119,US0119,0,098 US-119,US0119,N,N,NULL,NULL,NULL,N,NULL,NULL,NULL,NULL,NULL,NULL,23.866,NULL,NULL,NULL,NULL,,NULL,0,0,3,3,N,N,55,NULL,98,9834,NULL,,Y,37.65415,37,39.249,NULL,-82.26913,82,16.148,NULL,N,NULL,NULL,NULL,NULL,NULL,NULL,NULL,NULL,5,3,4,6,1,1,3,2,7,3,N,NULL,N,N,1526,1547,1558,N,NULL,49,2,1,Y,,N,N,098-US-0119-0,NULL,NULL,2020,O,7.24749E+11,098-US-0119  -000,HIGH,098-US-0119  -000,23.866,0,0,0,1,0,0,1,0,0,1,0,0,0
72526034,KSP0900,20-621310,20200727,1847,,,KY194,,,KY0194,KY0194,0,098 KY-194,KY0194,N,N,NULL,NULL,NULL,N,NULL,NULL,NULL,NULL,NULL,NULL,39.595,NULL,NULL,NULL,NULL,,NULL,0,0,2,2,N,N,55,NULL,98,9849,NULL,,Y,37.43032,37,25.82,NULL,-82.26877,82,16.126,NULL,N,NULL,NULL,NULL,NULL,NULL,NULL,NULL,NULL,5,3,2,3,1,1,2,2,7,3,N,NULL,Y,N,1847,1902,1902,N,NULL,49,7,0,N,,N,N,098-KY-0194-0,NULL,NULL,2020,O,7.2526E+11,098-KY-0194  -000,HIGH,098-KY-0194  -000,39.595,0,0,0,0,0,0,0,0,0,0,0,0,0
72538139,980100,2.02E+11,20200829,1400,,1476,MAYO,S,TRL,US0023,US0023,,,,N,N,NULL,NULL,NULL,N,NULL,NULL,NULL,NULL,NULL,NULL,20.5,NULL,NULL,NULL,NULL,,NULL,0,0,1,1,N,N,55,NULL,98,9801,NULL,,Y,37.44417,37,26.65,NULL,-82.51794,82,31.077,NULL,N,NULL,NULL,NULL,NULL,NULL,NULL,NULL,NULL,9,3,4,3,1,1,2,2,1,3,N,NULL,N,N,1400,1407,1540,Y,NULL,70,,1,N,,N,N,,NULL,NULL,2020,O,7.25381E+11,098-US-0023  -010,MEDIUM,098-US-0023  -000,20.5,0,0,0,0,0,0,0,0,0,0,0,1,0
72521846,980100,2.02E+11,20200706,1255,,,THOMPSON,,RD,,,,,,Y,N,NULL,NULL,NULL,N,NULL,NULL,NULL,NULL,NULL,NULL,0.685,NULL,NULL,NULL,NULL,,NULL,0,0,2,2,N,N,15,NULL,98,9801,NULL,,Y,37.5059,37,30.354,NULL,-82.54028,82,32.417,NULL,N,NULL,NULL,NULL,NULL,NULL,NULL,NULL,NULL,1,97,1,6,1,1,2,2,1,3,N,NULL,Y,N,1255,1302,1302,N,NULL,90,,,N,,N,N,,NULL,NULL,2020,O,7.25218E+11,098-CS-1215  -000,MEDIUM,098-CS-1215  -000,0.685,0,0,0,1,0,0,0,0,0,0,0,0,0
72504178,980100,2.02E+11,20200524,1621,,,THOMPSON,,RD,,,,,,N,N,NULL,NULL,NULL,N,NULL,NULL,NULL,NULL,NULL,NULL,0.5,NULL,NULL,NULL,NULL,,NULL,0,0,2,2,N,N,10,NULL,98,9801,NULL,,Y,37.50602,37,30.361,NULL,-82.54368,82,32.621,NULL,N,NULL,NULL,NULL,NULL,NULL,NULL,NULL,NULL,1,97,1,6,1,1,2,2,1,3,N,NULL,Y,N,1621,1630,,N,NULL,55,,,N,,N,N,,NULL,NULL,2020,O,7.25042E+11,098-CS-1215  -000,MEDIUM,098-CS-1215  -000,0.5,0,0,0,0,0,0,1,0,0,0,0,0,0
72519325,KSP0900,20-591121,20200709,1030,,,CHLOE,,RD,KY1460,KY1460,0,098 KY-1460,KY1460,N,N,NULL,NULL,NULL,N,NULL,NULL,NULL,NULL,NULL,NULL,NULL,NULL,NULL,NULL,NULL,,NULL,2,0,2,2,N,N,5,NULL,98,9801,3,S,N,37.43466,37,26.08,NULL,-82.48161,82,28.896,NULL,N,NULL,NULL,NULL,NULL,NULL,NULL,NULL,NULL,5,97,1,6,2,1,2,2,7,3,Y,NULL,Y,N,1030,1040,1040,N,NULL,49,,0,N,,N,N,098-KY-1460-0,NULL,NULL,2020,C,7.25193E+11,098-KY-1460  -000,HIGH,098-KY-1460  -000,0.204,0,0,1,1,0,0,0,0,0,1,0,0,0
72460746,KSP0900,20-204,20190102,1523,,,HOPKINS,,RD,,,0,098 CR-1255,CR1255,N,N,NULL,NULL,NULL,N,NULL,NULL,NULL,NULL,NULL,NULL,0.004,NULL,NULL,NULL,NULL,,NULL,0,0,2,2,N,N,35,NULL,98,9841,NULL,,Y,37.36996,37,22.198,NULL,-82.48612,82,29.167,NULL,N,NULL,NULL,NULL,NULL,NULL,NULL,NULL,NULL,2,3,1,1,1,5,3,2,7,3,N,NULL,Y,N,1523,1634,1634,N,NULL,56,,,N,,N,N,098-CR-1255-0,NULL,NULL,2019,O,7.24607E+11,098-CR-1255  -000,HIGH,098-CR-1255  -000,0.004,0,0,0,1,0,0,0,1,0,0,0,0,0
72505212,980100,2.02E+11,20200527,1949,,,KY3496,,,KY3496,KY3496,,,,Y,N,NULL,NULL,NULL,N,NULL,NULL,NULL,NULL,NULL,NULL,0.684,NULL,NULL,NULL,NULL,,NULL,0,0,2,2,N,N,10,NULL,98,9801,NULL,,Y,37.47234,37,28.34,NULL,-82.52871,82,31.723,NULL,N,NULL,NULL,NULL,NULL,NULL,NULL,NULL,NULL,1,97,2,6,1,1,2,2,1,3,N,NULL,Y,N,1949,1956,1956,N,NULL,90,16,0,N,,N,N,,NULL,NULL,2020,O,7.25052E+11,098-KY-3496  -000,MEDIUM,098-KY-3496  -000,0.684,0,0,1,0,0,0,0,0,0,0,0,0,0
72483377,KSP0900,20-8273,20200303,1403,,US460,US460,,,US0460,US0460,0,098 US-460,US0460,N,N,NULL,NULL,NULL,N,NULL,NULL,NULL,NULL,NULL,NULL,1.996,NULL,NULL,NULL,NULL,,NULL,0,0,1,1,N,N,55,NULL,98,9801,NULL,,Y,37.4329,37,25.974,NULL,-82.49254,82,29.552,NULL,N,NULL,NULL,NULL,NULL,NULL,NULL,NULL,NULL,9,3,2,6,1,1,2,2,7,3,N,NULL,Y,Y,1407,1407,1407,N,NULL,40,,1,N,,N,N,098-US-0460-0,NULL,NULL,2020,O,7.24834E+11,098-US-0460  -000,HIGH,098-US-0460  -000,1.996,0,0,0,0,0,0,0,0,0,0,0,1,0
72404423,KSP0900,19-34014,20190901,938,,,KY194,,,KY0194,KY0194,0,098 KY-194,KY0194,N,N,NULL,NULL,NULL,N,NULL,NULL,NULL,NULL,NULL,NULL,27.152,NULL,NULL,NULL,NULL,,NULL,0,0,1,1,N,N,55,NULL,98,9817,NULL,,Y,37.49092,37,29.456,NULL,-82.35107,82,21.064,NULL,N,NULL,NULL,NULL,NULL,NULL,NULL,NULL,NULL,9,3,2,6,1,1,2,2,7,3,N,NULL,Y,N,938,1015,1015,N,NULL,38,7,0,N,,N,N,098-KY-0194-0,NULL,NULL,2019,O,7.24044E+11,098-KY-0194  -000,HIGH,098-KY-0194  -000,27.152,0,0,0,1,0,0,0,0,0,0,0,0,0
72516708,980100,2.02E+11,20200701,1354,,120,THOMPSON,,RD,,,0,098 CS-1215,CS1215,Y,N,NULL,NULL,NULL,N,NULL,NULL,NULL,NULL,NULL,NULL,0.52,NULL,NULL,NULL,NULL,,NULL,0,0,2,2,N,N,NULL,NULL,98,9801,NULL,,Y,37.50604,37,30.362,NULL,-82.54346,82,32.608,NULL,N,NULL,NULL,NULL,NULL,NULL,NULL,NULL,NULL,2,97,NULL,6,1,1,2,2,5,3,N,NULL,Y,N,1354,1405,1405,N,NULL,90,,,N,,N,N,098-CS-1215-0,NULL,NULL,2020,O,7.25167E+11,098-CS-1215  -000,HIGH,098-CS-1215  -000,0.52,0,0,0,0,0,0,1,0,0,0,0,0,0
72458628,KSP0900,19-50787,20191230,1011,,,KY632,,,KY0632,KY0632,0,098 KY-632,KY0632,N,N,NULL,NULL,NULL,N,NULL,NULL,NULL,NULL,NULL,NULL,3.614,NULL,NULL,NULL,NULL,,NULL,0,0,1,1,N,N,55,NULL,98,9817,NULL,,Y,37.48748,37,29.249,NULL,-82.2962,82,17.772,NULL,N,NULL,NULL,NULL,NULL,NULL,NULL,NULL,NULL,9,3,2,6,1,1,2,2,7,3,N,NULL,Y,N,1011,1044,1044,N,NULL,40,6,0,Y,,N,N,098-KY-0632-0,NULL,NULL,2019,O,7.24586E+11,098-KY-0632  -000,HIGH,098-KY-0632  -000,3.614,0,0,0,0,0,0,1,0,0,1,0,1,0
72530485,980500,2020AR039,20200811,1748,,,COUNTRY MUSIC HIGHWAY,,RD,,,0,098 CS-3026-30,CS3026,N,N,NULL,NULL,NULL,N,NULL,NULL,NULL,NULL,NULL,NULL,NULL,NULL,NULL,NULL,NULL,NULL,NULL,0,0,2,2,N,N,45,NULL,98,9807,NULL,,Y,37.52239,37,31.343,NULL,-82.57069,82,34.242,NULL,N,NULL,NULL,NULL,NULL,NULL,NULL,NULL,NULL,5,3,6,5,1,1,2,2,7,2,N,NULL,Y,Y,1750,1756,1759,N,NULL,49,,,N,,N,N,098-CS-3026-30,NULL,NULL,2020,O,7.25305E+11,098-CS-3026  -030,HIGH,098-CS-3026  -030,0.004,0,0,0,0,0,0,1,0,0,0,0,0,0
72530759,KSP0900,20-645687,20200812,1009,,,LITTLE ROBINSON CREEK,,RD,KY3415,KY3415,0,098 KY-3415,KY3415,N,N,NULL,NULL,NULL,N,NULL,NULL,NULL,NULL,NULL,NULL,2.275,NULL,NULL,NULL,NULL,,NULL,0,0,2,2,N,N,45,NULL,98,9823,3,E,N,37.3703,37,22.218,NULL,-82.62102,82,37.261,NULL,N,NULL,NULL,NULL,NULL,NULL,NULL,NULL,NULL,2,3,2,6,1,1,2,2,6,3,N,NULL,Y,N,1048,1107,,N,NULL,56,9,0,N,,N,N,098-KY-3415-0,NULL,NULL,2020,O,7.25308E+11,098-KY-3415  -000,HIGH,098-KY-3415  -000,2.275,0,1,0,0,0,0,0,0,0,0,0,0,0
72533702,KSP0900,20-636919,20200806,1911,,,KY194,,,KY0194,KY0194,0,098 KY-194,KY0194,N,N,NULL,NULL,NULL,N,NULL,NULL,NULL,NULL,NULL,NULL,70.275,NULL,NULL,NULL,NULL,,NULL,2,0,2,2,N,N,35,NULL,98,9825,NULL,,Y,37.49489,37,29.693,NULL,-82.05652,82,3.391,NULL,N,NULL,NULL,NULL,NULL,NULL,NULL,NULL,NULL,3,3,2,6,1,1,2,2,7,3,N,NULL,Y,Y,1900,1911,1911,N,NULL,52,7,0,N,,N,N,098-KY-0194-0,NULL,NULL,2020,B,7.25337E+11,098-KY-0194  -000,HIGH,098-KY-0194  -000,70.275,0,0,0,0,0,0,1,0,0,1,0,1,0
72488732,980000,203005,20200316,1010,,,KY194,,,KY0194,KY0194,0,098 KY-194,KY0194,Y,N,NULL,NULL,NULL,N,NULL,NULL,NULL,NULL,NULL,NULL,38.378,NULL,NULL,NULL,NULL,,NULL,0,0,2,2,N,N,55,NULL,98,9849,4,E,N,37.44443,37,26.666,NULL,-82.26405,82,15.843,NULL,N,NULL,NULL,NULL,NULL,NULL,NULL,NULL,NULL,1,97,0,4,1,1,3,2,5,3,N,NULL,Y,Y,1017,1125,,N,NULL,90,7,0,N,,N,N,098-KY-0194-0,NULL,NULL,2020,O,7.24887E+11,098-KY-0194  -000,HIGH,098-KY-0194  -000,38.378,0,0,1,0,0,0,1,1,0,0,0,0,0
72480998,980100,2.02E+11,20200226,1900,,,CHLOE,,RD,KY1460,KY1460,,,,N,N,NULL,NULL,NULL,N,NULL,NULL,NULL,NULL,NULL,NULL,4.908,NULL,NULL,NULL,NULL,,NULL,0,0,2,2,Y,N,45,NULL,98,9801,NULL,,Y,37.47773,37,28.664,NULL,-82.5133,82,30.798,NULL,N,NULL,NULL,NULL,NULL,NULL,NULL,NULL,NULL,7,3,NULL,NULL,1,5,6,7,1,3,N,NULL,Y,N,1900,1900,1900,N,NULL,54,,0,N,,N,N,,NULL,NULL,2020,O,7.2481E+11,098-KY-1460  -000,HIGH,098-KY-1460  -000,4.908,0,0,0,0,0,0,0,0,0,0,0,1,0
72547421,980100,2.02E+11,20200928,2310,,,BYPASS,S,RD,KY1426,KY1426,0,098 KY-1426,KY1426,N,N,NULL,NULL,NULL,N,NULL,NULL,NULL,NULL,NULL,NULL,5.575,NULL,NULL,NULL,NULL,,NULL,2,0,3,3,N,N,35,NULL,98,9801,NULL,,Y,37.47239,37,28.344,NULL,-82.5249,82,31.494,NULL,N,NULL,NULL,NULL,NULL,NULL,NULL,NULL,NULL,1,3,2,6,1,5,6,5,1,3,N,NULL,Y,Y,2310,2313,6,N,NULL,55,,0,N,,N,N,098-KY-1426-0,NULL,NULL,2020,C,7.25474E+11,098-KY-1426  -000,HIGH,098-KY-1426  -000,5.575,0,0,1,0,0,0,0,0,0,0,0,0,0
72469842,980500,2020AR0009,20200130,935,,,COUNTRY MUSIC HIGHWAY,,,,,,,,N,N,NULL,NULL,NULL,N,NULL,NULL,NULL,NULL,NULL,NULL,NULL,NULL,NULL,NULL,NULL,NULL,NULL,0,0,2,2,N,N,45,NULL,98,9807,NULL,,Y,37.52653,37,31.592,NULL,-82.57384,82,34.43,NULL,N,NULL,NULL,NULL,NULL,NULL,NULL,NULL,NULL,5,3,6,6,1,5,1,2,7,3,N,NULL,Y,Y,941,948,948,N,NULL,70,,,N,,N,N,,NULL,NULL,2020,O,7.24698E+11,098-US-0023  -000,MEDIUM,098-US-0023  -000,29.213,0,0,1,0,0,0,0,0,0,0,0,0,0
72499532,980100,2.02E+11,20200507,1501,,,MAYO,S,TRL,US0023,US0023,0,098 US-23-10,US0023,N,N,NULL,NULL,NULL,N,NULL,NULL,NULL,NULL,NULL,NULL,22.28,NULL,NULL,NULL,NULL,,NULL,0,0,2,2,N,N,55,NULL,98,9801,NULL,,Y,37.4612,37,27.672,NULL,-82.51693,82,31.016,NULL,N,NULL,NULL,NULL,NULL,NULL,NULL,NULL,NULL,8,3,4,6,1,1,2,2,7,3,N,NULL,Y,N,1501,1507,1501,N,NULL,53,,1,N,,N,N,098-US-0023-10,NULL,NULL,2020,O,7.24995E+11,098-US-0023  -010,HIGH,098-US-0023  -000,22.28,0,1,0,0,0,0,1,0,0,0,0,1,0
72505385,980100,2.02E+11,20200528,1246,,,US23,,,US0023,US0023,,,,N,N,NULL,NULL,NULL,N,NULL,NULL,NULL,NULL,NULL,NULL,27.313,NULL,NULL,NULL,NULL,,NULL,0,0,2,2,N,N,55,NULL,98,9801,NULL,,Y,37.51068,37,30.641,NULL,-82.54751,82,32.85,NULL,N,NULL,NULL,NULL,NULL,NULL,NULL,NULL,NULL,5,3,4,6,1,1,3,2,7,3,N,NULL,Y,N,1246,1255,,N,NULL,70,,1,N,,N,N,,NULL,NULL,2020,O,7.25054E+11,098-US-0023  -000,MEDIUM,098-US-0023  -000,27.313,0,0,0,0,0,0,1,0,0,0,0,0,0
72453215,980000,19-12-005,20191204,1630,,,FERRELL,,RD,,,0,098 CR-1877,CR1877,N,N,NULL,NULL,NULL,N,NULL,NULL,NULL,NULL,NULL,NULL,0.053,NULL,NULL,NULL,NULL,,NULL,0,0,1,1,N,N,35,NULL,98,9825,NULL,,Y,37.51504,37,30.902,NULL,-82.08598,82,5.159,NULL,N,NULL,NULL,NULL,NULL,NULL,NULL,NULL,NULL,9,5,2,3,1,5,2,2,6,3,N,NULL,Y,Y,1800,1840,2005,N,NULL,51,,,N,,N,N,098-CR-1877-0,NULL,NULL,2019,O,7.24532E+11,098-CR-1877  -000,HIGH,098-CR-1877  -000,0.053,0,0,0,0,0,0,0,0,0,0,0,1,0
72488327,KSP0900,20-9351,20200311,1300,,,US119,,,US0119,US0119,0,098 US-119,US0119,N,N,NULL,NULL,NULL,N,NULL,NULL,NULL,NULL,NULL,NULL,22.082,NULL,NULL,NULL,NULL,,NULL,2,0,2,2,N,N,55,NULL,98,9836,NULL,,Y,37.63432,37,38.059,NULL,-82.26166,82,15.699,NULL,N,NULL,NULL,NULL,NULL,NULL,NULL,NULL,NULL,1,3,2,3,1,1,2,2,7,3,Y,NULL,Y,N,1300,1304,1400,N,NULL,55,2,1,N,,N,N,098-US-0119-0,NULL,NULL,2020,C,7.24883E+11,098-US-0119  -000,HIGH,098-US-0119  -000,22.082,0,0,0,0,0,0,1,1,0,0,0,0,0
72482412,980100,2.02E+11,20200225,1245,,173,JULIUS,,AVE,,,0,098 CS-1156,CS1156,N,N,NULL,NULL,NULL,N,NULL,NULL,NULL,NULL,NULL,NULL,0.032,NULL,NULL,NULL,NULL,,NULL,0,0,2,2,N,N,25,NULL,98,9801,NULL,,Y,37.47663,37,28.598,NULL,-82.52286,82,31.372,NULL,N,NULL,NULL,NULL,NULL,NULL,NULL,NULL,NULL,5,3,1,4,1,1,2,2,6,3,N,NULL,Y,N,1245,1247,1247,N,NULL,47,,,N,,N,N,098-CS-1156-0,NULL,NULL,2020,O,7.24824E+11,098-CS-1156  -000,HIGH,098-CS-1156  -000,0.032,0,0,0,0,0,0,0,0,0,0,0,1,0
72500571,KSP0900,20-16950,20200506,1213,,,KY612,,,KY0612,KY0612,0,098 KY-612,KY0612,N,N,NULL,NULL,NULL,N,NULL,NULL,NULL,NULL,NULL,NULL,8.636,NULL,NULL,NULL,NULL,,NULL,0,0,2,2,N,N,45,NULL,98,9834,NULL,,Y,37.6751,37,40.506,NULL,-82.2997,82,17.982,NULL,N,NULL,NULL,NULL,NULL,NULL,NULL,NULL,NULL,7,3,2,4,1,5,3,2,7,3,N,NULL,N,N,1213,1215,1251,N,NULL,54,8,0,N,,N,N,098-KY-0612-0,NULL,NULL,2020,O,7.25006E+11,098-KY-0612  -000,HIGH,098-KY-0612  -000,8.636,0,0,0,0,0,0,1,1,0,0,0,1,0
72505085,980100,2.02E+11,20200527,841,,,MAIN,,ST,,,0,098 CS-1112,CS1112,N,N,NULL,NULL,NULL,N,NULL,NULL,NULL,NULL,NULL,NULL,0.016,NULL,NULL,NULL,NULL,,NULL,0,0,2,2,N,Y,15,NULL,98,9801,NULL,,Y,37.47792,37,28.676,NULL,-82.51841,82,31.105,NULL,N,NULL,NULL,NULL,NULL,NULL,NULL,NULL,NULL,5,7,2,6,1,1,3,2,1,3,N,NULL,Y,N,841,842,842,N,NULL,47,,,N,,N,N,098-CS-1112-0,NULL,NULL,2020,O,7.25051E+11,098-CS-1112  -000,HIGH,098-CS-1112  -000,0.016,0,0,0,1,0,0,1,0,0,0,0,0,0
72450144,KSP0900,19-48584,20191212,1839,,,US119,,,US0119,US0119,0,098 US-119,US0119,N,N,NULL,NULL,NULL,N,NULL,NULL,NULL,NULL,NULL,NULL,13.257,NULL,NULL,NULL,NULL,,NULL,0,0,1,1,N,N,55,NULL,98,9833,NULL,,Y,37.6106,37,36.636,NULL,-82.36224,82,21.734,NULL,N,NULL,NULL,NULL,NULL,NULL,NULL,NULL,NULL,9,3,4,4,1,1,2,7,7,3,N,NULL,Y,N,1840,1841,1841,N,NULL,38,2,1,N,,N,N,098-US-0119-0,NULL,NULL,2019,O,7.24501E+11,098-US-0119  -000,HIGH,098-US-0119  -000,13.257,0,0,1,0,0,0,0,0,0,0,0,0,0
72489310,980100,2.02E+11,20200318,1054,,107,HABITAT STREET,,,,,,,,Y,N,NULL,NULL,NULL,N,NULL,NULL,NULL,NULL,NULL,NULL,NULL,NULL,NULL,NULL,NULL,NULL,NULL,0,0,2,2,Y,N,15,NULL,98,9801,NULL,,Y,37.47947,37,28.768,NULL,-82.52625,82,31.575,NULL,N,NULL,NULL,NULL,NULL,NULL,NULL,NULL,NULL,2,97,1,6,1,1,3,2,6,3,N,NULL,Y,N,1054,1058,1058,N,NULL,90,,,N,,N,N,,NULL,NULL,2020,NULL,7.24893E+11,098-CS-1156  -000,MEDIUM,098-CS-1156  -000,0.338,0,0,0,0,0,0,1,0,0,0,0,0,0
72529959,KSP0900,20-637625,20200807,900,,,KY194,,,KY0194,KY0194,0,098 KY-194,KY0194,N,N,NULL,NULL,NULL,N,NULL,NULL,NULL,NULL,NULL,NULL,25.272,NULL,NULL,NULL,NULL,,NULL,0,0,2,2,N,N,55,NULL,98,9817,NULL,,Y,37.51387,37,30.832,NULL,-82.35913,82,21.548,NULL,N,NULL,NULL,NULL,NULL,NULL,NULL,NULL,NULL,5,3,2,6,1,1,3,2,7,3,N,NULL,Y,N,905,935,905,N,NULL,49,6,0,N,,N,N,098-KY-0194-0,NULL,NULL,2020,O,7.253E+11,098-KY-0194  -000,HIGH,098-KY-0194  -000,25.272,0,0,0,0,0,0,1,0,0,0,0,0,0
72534254,KSP0900,20-657604,20200819,1918,,,US119,,,US0119,US0119,0,098 US-119,US0119,N,N,NULL,NULL,NULL,N,NULL,NULL,NULL,NULL,NULL,NULL,25.444,NULL,NULL,NULL,NULL,,NULL,0,0,2,2,Y,N,55,NULL,98,9834,NULL,,Y,37.6736,37,40.416,NULL,-82.2816,82,16.896,NULL,N,NULL,NULL,NULL,NULL,NULL,NULL,NULL,NULL,7,3,2,6,1,1,2,2,7,3,N,NULL,Y,N,1918,1939,1939,N,NULL,54,2,1,N,,N,N,098-US-0119-0,NULL,NULL,2020,O,7.25343E+11,098-US-0119  -000,HIGH,098-US-0119  -000,25.444,0,0,0,0,0,0,0,1,0,0,0,1,0
72474929,KSP0900,20-4583,20200204,927,,,KY1056,,,KY1056,KY1056,0,098 KY-1056,KY1056,N,N,NULL,NULL,NULL,N,NULL,NULL,NULL,NULL,NULL,NULL,5.382,NULL,NULL,NULL,NULL,,NULL,0,0,2,2,N,N,55,NULL,98,9863,NULL,,Y,37.55849,37,33.509,NULL,-82.19078,82,11.447,NULL,N,NULL,NULL,NULL,NULL,NULL,NULL,NULL,NULL,7,3,2,3,1,5,6,2,7,3,N,NULL,N,N,927,940,950,N,NULL,54,7,0,N,,N,N,098-KY-1056-0,NULL,NULL,2020,O,7.24749E+11,098-KY-1056  -000,HIGH,098-KY-1056  -000,5.382,0,0,0,0,0,0,1,0,0,0,0,1,0
72492038,KSP0900,20-11125,20200326,228,,,MARROWBONE CREEK,,RD,KY0195,KY0195,0,098 KY-195,KY0195,N,N,NULL,NULL,NULL,N,NULL,NULL,NULL,NULL,NULL,NULL,4.312,NULL,NULL,NULL,NULL,,NULL,0,1,1,1,N,N,45,NULL,98,9802,NULL,,Y,37.30605,37,18.363,NULL,-82.47561,82,28.536,NULL,N,NULL,NULL,NULL,NULL,NULL,NULL,NULL,NULL,9,3,2,6,1,1,2,6,7,3,N,NULL,Y,Y,400,400,520,N,NULL,70,8,0,N,,N,N,098-KY-0195-0,NULL,NULL,2020,K,7.2492E+11,098-KY-0195  -000,HIGH,098-KY-0195  -000,4.312,0,0,0,0,0,0,0,0,0,0,0,1,0
72535962,370200,2020-669305,20200827,817,,,US119,,,US0119,US0119,0,098 US-119,US0119,Y,N,NULL,NULL,NULL,N,NULL,NULL,NULL,NULL,NULL,NULL,25.12,NULL,NULL,NULL,NULL,,NULL,0,0,2,2,N,N,55,NULL,98,9834,NULL,,Y,37.66965,37,40.179,NULL,-82.2785,82,16.71,NULL,N,NULL,NULL,NULL,NULL,NULL,NULL,NULL,NULL,2,97,4,6,1,1,3,2,1,3,N,NULL,Y,N,817,918,918,N,NULL,90,2,1,N,,N,N,098-US-0119-0,NULL,NULL,2020,O,7.2536E+11,098-US-0119  -000,HIGH,098-US-0119  -000,25.12,0,1,0,0,0,0,0,0,0,0,0,0,0
72483601,KSP0900,20-7780,20200228,1656,,,US119,,,US0119,US0119,0,098 US-119,US0119,Y,N,NULL,NULL,NULL,N,NULL,NULL,NULL,NULL,NULL,NULL,24.791,NULL,NULL,NULL,NULL,,NULL,0,0,2,2,N,N,55,NULL,98,9834,NULL,,Y,37.66584,37,39.95,NULL,-82.2748,82,16.488,NULL,N,NULL,NULL,NULL,NULL,NULL,NULL,NULL,NULL,2,97,4,6,1,1,2,2,5,3,N,NULL,Y,N,1656,1740,1740,N,NULL,90,2,1,N,,N,N,098-US-0119-0,NULL,NULL,2020,O,7.24836E+11,098-US-0119  -000,HIGH,098-US-0119  -000,24.791,0,0,0,0,0,0,1,0,0,0,0,0,0