MasterFile,AgencyORINumber,LocalCode,CollisionDate,CollisionTime,CollisionDayWeekCode,RoadwayName_HouseBusinessNumber_,RoadwayName_RoadwayName_,RoadwayName_Direction_,RoadwayName_RoadwaySuffix_,RoadwayfromReport,CurrentRoadwayNumber,RoadwayNumberCoupletID,RSEUniqueGIS,RoadwayIdentifier,ParkingLotIndicator,IntersectionWith_Indicator_,IntersectionWith_NameRoadway_,IntersectionWith_Direction_,IntersectionWith_RoadwaySuffix_,BetweenStreets_Indicator_,BetweenStreets1_NameRoadway_,BetweenStreet1_Direction_,BetweenStreets1_RoadwaySuffix_,BetweenStreets2_NameRoadway_,BetweenStreets2_Direction_,BetweenStreets2_RoadwaySuffix_,Milepoint,ReportMilepointDeriveNumber,CurrentDerivedMiepointNumber,MilestoMilepoint,FeettoMilepoint,DirectionfromMilepoint_NSEW_,ValidMilepointIndicator,NumberInjured,NumberKilled,ofUnits,ofMotorVehicleUnits,Hit&RunIndicator,OneWayIndicator,SpeedLimitNumber,KilometersIndicator,CountyCode,CityCountyCode,MilesFromCity,DirectionFromCity_NSEW_,InCityLimitsIndicator,Latitude,LatitudeDegrees,LatitudeMinutes,LatitudeSeconds,Longitude,LongitudeDegrees,LongitudeMinutes,LongitudeSeconds,RampIndicator,RampFromIdentifier,RampFromDirCode,RampFromCoupletID,RSEUniqueGISRampFrom,RampToidentifier,RampToDirCode,RampToCoupletID,RSEUniqueGisRampTo,MannerofCollisionCode,LocationFirstEventCode,TotalLanes,RoadwayCharacterCode,RoadwaySurfaceCode,RoadwayConditionCode,WeatherCode,LightConditionCode,LandUseCode,SchoolBusRelatedCode,FirstAidSceneIndicator,CollDescPresentInd,InvestigationCompleteIndicator,PhotosTakenIndicator,TimeNotified,TimeArrived,TimeRoadwayOpened,PropertyDamageIndicator,DiagramPresentIndicator,DirectionalAnalysis,FunctionClassCode,NationalHwySysCode,EnforcementsIndicator,KARSCityCode,SecondaryCollisionIndicator,MedianCrossoverIndicator,RT_UNIQUE,MapIt,TimeLastLeft,YR,KABCO,MFNY,WorkingRID,RT_CONFIDENCE,KTC_RT,KTC_MP,Motorcyclist,CommercialVehicle,YoungDriver,MatureDriver,pedestrian,Bicyclist,Distracted,agressive,Impaired,Unrestrained,Intersection,RoadwayDeparture,MedXover
72499054,KSP0900,20-16440,20200502,2330,,,KY195,,,KY0195,KY0195,0,098 KY-195,KY0195,N,N,NULL,NULL,NULL,N,NULL,NULL,NULL,NULL,NULL,NULL,8.067,NULL,NULL,NULL,NULL,,NULL,2,0,1,1,N,N,55,NULL,98,9830,NULL,,Y,37.33066,37,19.84,NULL,-82.43185,82,25.911,NULL,N,NULL,NULL,NULL,NULL,NULL,NULL,NULL,NULL,9,3,2,3,1,1,2,6,7,3,Y,NULL,Y,Y,2330,2340,,N,NULL,70,7,0,N,,N,N,098-KY-0195-0,NULL,NULL,2020,A,7.24991E+11,098-KY-0195  -000,HIGH,098-KY-0195  -000,8.067,1,0,0,0,0,0,1,1,0,0,0,1,0
72472220,980100,2.02E+11,20200129,1413,,333,HAMBLEY BLVD,,,,,,,,N,N,NULL,NULL,NULL,N,NULL,NULL,NULL,NULL,NULL,NULL,NULL,NULL,NULL,NULL,NULL,NULL,NULL,0,0,2,2,N,N,15,NULL,98,9801,NULL,,Y,37.48164,37,28.899,NULL,-82.5338,82,32.028,NULL,N,NULL,NULL,NULL,NULL,NULL,NULL,NULL,NULL,1,97,1,6,1,1,3,2,1,3,N,NULL,N,N,1413,1416,1416,N,NULL,55,,,Y,,N,N,,NULL,NULL,2020,O,7.24722E+11,098-KY-1384  -022,MEDIUM,098-KY-1384  -022,0.026,0,0,0,0,0,0,1,0,0,0,0,0,0
72485551,KSP0900,20-7607,20200227,630,,,US23,,,US0023,US0023,0,098 US-23,US0023,N,N,NULL,NULL,NULL,N,NULL,NULL,NULL,NULL,NULL,NULL,13.283,NULL,NULL,NULL,NULL,,NULL,0,0,1,1,N,N,35,NULL,98,9823,NULL,,Y,37.37648,37,22.589,NULL,-82.54014,82,32.408,NULL,N,NULL,NULL,NULL,NULL,NULL,NULL,NULL,NULL,9,3,4,3,2,2,2,6,7,3,Y,NULL,Y,N,630,650,,N,NULL,40,,1,N,,N,N,098-US-0023-0,NULL,NULL,2020,O,7.24856E+11,098-US-0023  -000,HIGH,098-US-0023  -000,13.283,0,0,0,0,0,0,0,0,0,0,0,1,0
72515387,KSP0900,20-569873,20200627,1413,,,US460,,,US0460,US0460,0,098 US-460,US0460,N,N,NULL,NULL,NULL,N,NULL,NULL,NULL,NULL,NULL,NULL,6.178,NULL,NULL,NULL,NULL,,NULL,0,0,1,1,N,N,55,NULL,98,9832,NULL,,Y,37.40125,37,24.075,NULL,-82.43343,82,26.006,NULL,N,NULL,NULL,NULL,NULL,NULL,NULL,NULL,NULL,9,5,2,3,1,1,3,2,7,3,N,NULL,Y,N,1554,1615,1700,N,NULL,44,,1,N,,N,N,098-US-0460-0,NULL,NULL,2020,O,7.25154E+11,098-US-0460  -000,HIGH,098-US-0460  -000,6.178,0,0,0,1,0,0,0,0,0,0,0,1,0
72524212,KSP0900,20-615173,20200723,1916,,,KY1056,,,KY1056,KY1056,0,098 KY-1056,KY1056,N,N,NULL,NULL,NULL,N,NULL,NULL,NULL,NULL,NULL,NULL,5.399,NULL,NULL,NULL,NULL,,NULL,0,0,2,2,N,N,35,NULL,98,9863,NULL,,Y,37.55887,37,33.532,NULL,-82.19102,82,11.461,NULL,N,NULL,NULL,NULL,NULL,NULL,NULL,NULL,NULL,3,3,2,1,1,5,6,2,7,3,N,NULL,Y,Y,1919,1953,2053,N,NULL,52,7,0,Y,,N,Y,098-KY-1056-0,NULL,NULL,2020,O,7.25242E+11,098-KY-1056  -000,HIGH,098-KY-1056  -000,5.399,0,0,1,0,0,0,0,1,0,0,0,1,1
72538506,KSP0900,20-675388,20200831,930,,,HURRICANE,,CRK,,,0,098 CR-1880,CR1880,N,N,NULL,NULL,NULL,N,NULL,NULL,NULL,NULL,NULL,NULL,0.273,NULL,NULL,NULL,NULL,,NULL,0,0,2,2,N,N,35,NULL,98,9825,NULL,,Y,37.49674,37,29.805,NULL,-82.06475,82,3.885,NULL,N,NULL,NULL,NULL,NULL,NULL,NULL,NULL,NULL,7,3,2,3,1,5,3,2,7,3,N,NULL,Y,N,919,1006,1015,N,NULL,54,,,N,,N,N,098-CR-1880-0,NULL,NULL,2020,O,7.25385E+11,098-CR-1880  -000,HIGH,098-CR-1880  -000,0.273,0,0,0,0,0,0,1,0,0,0,0,1,0
72507949,KSP0900,20-21171,20200604,1708,,28574,US119,,,US0119,US0119,0,098 US-119,US0119,Y,N,NULL,NULL,NULL,N,NULL,NULL,NULL,NULL,NULL,NULL,24.337,NULL,NULL,NULL,NULL,,NULL,0,0,2,2,N,N,55,NULL,98,9834,NULL,,Y,37.65979,37,39.588,NULL,-82.27316,82,16.389,NULL,N,NULL,NULL,NULL,NULL,NULL,NULL,NULL,NULL,2,97,4,6,1,1,2,2,5,3,N,NULL,Y,N,1708,1722,1722,N,NULL,90,2,1,N,,N,N,098-US-0119-0,NULL,NULL,2020,O,7.25079E+11,098-US-0119  -000,HIGH,098-US-0119  -000,24.337,0,0,0,0,0,0,1,0,0,1,0,0,0
72509861,KSP0900,20-21604,20200607,1957,,4074,KY292,,,KY0292,KY0292,0,098 KY-292,KY0292,N,N,NULL,NULL,NULL,N,NULL,NULL,NULL,NULL,NULL,NULL,1,NULL,NULL,NULL,NULL,,NULL,2,0,2,2,Y,N,55,NULL,98,9869,NULL,,Y,37.63981,37,38.389,NULL,-82.2179,82,13.074,NULL,N,NULL,NULL,NULL,NULL,NULL,NULL,NULL,NULL,5,3,NULL,3,1,1,2,2,7,3,N,NULL,Y,Y,1959,2009,2037,N,NULL,49,8,0,N,,N,N,098-KY-0292-0,NULL,NULL,2020,A,7.25099E+11,098-KY-0292  -000,HIGH,098-KY-0292  -000,1,1,0,0,0,0,0,0,0,1,0,0,1,0
72468156,KSP0900,20-3127,20200124,1426,,,KY194,,,KY0194,KY0194,0,098 KY-194,KY0194,N,N,NULL,NULL,NULL,N,NULL,NULL,NULL,NULL,NULL,NULL,20.07,NULL,NULL,NULL,NULL,,NULL,1,0,1,1,N,N,55,NULL,98,9817,NULL,,Y,37.54701,37,32.82,NULL,-82.40288,82,24.173,NULL,N,NULL,NULL,NULL,NULL,NULL,NULL,NULL,NULL,9,5,2,3,1,5,6,2,7,3,Y,NULL,Y,Y,1426,1445,1606,N,NULL,44,6,0,N,,N,N,098-KY-0194-0,NULL,NULL,2020,B,7.24682E+11,098-KY-0194  -000,HIGH,098-KY-0194  -000,20.07,0,0,0,0,0,0,0,0,0,0,0,1,0
72528547,980100,2.02E+11,20200731,234,,,US23,,,US0023,US0023,0,098 US-23,US0023,N,N,NULL,NULL,NULL,N,NULL,NULL,NULL,NULL,NULL,NULL,27.31,NULL,NULL,NULL,NULL,,NULL,0,0,1,1,N,N,55,NULL,98,9801,NULL,,Y,37.51098,37,30.659,NULL,-82.54749,82,32.849,NULL,N,NULL,NULL,NULL,NULL,NULL,NULL,NULL,NULL,9,3,4,6,1,1,2,6,1,3,N,NULL,Y,N,234,241,245,N,NULL,70,,1,N,,N,N,098-US-0023-0,NULL,NULL,2020,O,7.25285E+11,098-US-0023  -000,HIGH,098-US-0023  -000,27.31,0,0,1,0,0,0,0,0,0,0,0,0,0
72515203,KSP0900,2020-555018,20200619,1630,,,GRAPEVINE,,RD,KY0194,KY0194,0,098 KY-194,KY0194,N,N,NULL,NULL,NULL,N,NULL,NULL,NULL,NULL,NULL,NULL,30.984,NULL,NULL,NULL,NULL,,NULL,0,0,1,1,N,N,55,NULL,98,9817,NULL,,Y,37.44104,37,26.463,NULL,-82.36079,82,21.648,NULL,N,NULL,NULL,NULL,NULL,NULL,NULL,NULL,NULL,9,3,2,4,1,5,3,2,7,3,N,NULL,Y,Y,1630,1630,1630,N,NULL,70,7,0,N,,N,N,098-KY-0194-0,NULL,NULL,2020,O,7.25152E+11,098-KY-0194  -000,HIGH,098-KY-0194  -000,30.984,0,0,0,0,0,0,0,0,0,0,0,1,0
72509483,KSP0900,20-21583,20200607,1730,,,US460,,,US0460,US0460,0,098 US-460,US0460,N,N,NULL,NULL,NULL,N,NULL,NULL,NULL,NULL,NULL,NULL,6.255,NULL,NULL,NULL,NULL,,NULL,0,0,2,2,N,N,55,NULL,98,9801,NULL,,Y,37.40017,37,24.01,NULL,-82.43312,82,25.987,NULL,N,NULL,NULL,NULL,NULL,NULL,NULL,NULL,NULL,5,3,2,1,1,1,2,2,7,3,N,NULL,Y,N,1730,1817,1735,N,NULL,49,,1,Y,,N,N,098-US-0460-0,NULL,NULL,2020,O,7.25095E+11,098-US-0460  -000,HIGH,098-US-0460  -000,6.255,0,0,1,1,0,0,1,0,0,0,0,0,0
72537709,KSP0900,20-676976,20200901,1017,,,US460,,,US0460,US0460,0,098 US-460,US0460,Y,N,NULL,NULL,NULL,N,NULL,NULL,NULL,NULL,NULL,NULL,9.341,NULL,NULL,NULL,NULL,,NULL,0,0,2,2,N,N,NULL,NULL,98,9830,NULL,,Y,37.3685,37,22.11,NULL,-82.41433,82,24.86,NULL,N,NULL,NULL,NULL,NULL,NULL,NULL,NULL,NULL,2,97,NULL,6,1,1,2,2,5,3,N,NULL,Y,N,1017,1017,,N,NULL,90,,1,Y,,N,N,098-US-0460-0,NULL,NULL,2020,O,7.25377E+11,098-US-0460  -000,HIGH,098-US-0460  -000,9.341,0,0,1,0,0,0,1,0,0,0,0,0,0
72474185,980100,2.02E+11,20200208,2005,,,CASSIDY,,BLVD,,,0,098 CS-1191,CS1191,N,N,NULL,NULL,NULL,N,NULL,NULL,NULL,NULL,NULL,NULL,0.25,NULL,NULL,NULL,NULL,,NULL,0,0,2,2,Y,N,25,NULL,98,9801,NULL,,Y,37.50452,37,30.271,NULL,-82.53594,82,32.157,NULL,N,NULL,NULL,NULL,NULL,NULL,NULL,NULL,NULL,1,3,4,6,1,5,3,5,1,3,N,NULL,Y,N,2006,2013,,N,NULL,55,,,N,,N,N,098-CS-1191-0,NULL,NULL,2020,O,7.24742E+11,098-CS-1191  -000,HIGH,098-CS-1191  -000,0.25,0,0,1,0,0,0,1,0,0,0,0,0,0
72489253,980100,2.02E+11,20200317,1119,,254,CASSIDY,,BLVD,,,0,098 CS-1191,CS1191,Y,N,NULL,NULL,NULL,N,NULL,NULL,NULL,NULL,NULL,NULL,0.051,NULL,NULL,NULL,NULL,,NULL,0,0,2,2,Y,N,NULL,NULL,98,9801,NULL,,Y,37.50368,37,30.221,NULL,-82.53298,82,31.979,NULL,N,NULL,NULL,NULL,NULL,NULL,NULL,NULL,NULL,2,97,1,6,1,5,3,2,1,3,N,NULL,Y,N,1119,1125,1125,N,NULL,90,,,N,,N,N,098-CS-1191-0,NULL,NULL,2020,O,7.24893E+11,098-CS-1191  -000,HIGH,098-CS-1191  -000,0.051,0,0,0,0,0,0,0,0,0,0,0,0,0
72523379,980100,2.02E+11,20200715,1828,,,BAIRD,,AVE,KY1426,KY1426,,,,Y,N,NULL,NULL,NULL,N,NULL,NULL,NULL,NULL,NULL,NULL,5.421,NULL,NULL,NULL,NULL,,NULL,0,0,2,2,N,N,NULL,NULL,98,9801,NULL,,Y,37.4729,37,28.374,NULL,-82.52702,82,31.621,NULL,N,NULL,NULL,NULL,NULL,NULL,NULL,NULL,NULL,5,97,1,6,1,1,2,2,1,3,N,NULL,Y,N,1828,1831,1831,N,NULL,90,,0,N,,N,N,,NULL,NULL,2020,O,7.25234E+11,098-KY-1426  -000,HIGH,098-KY-1426  -000,5.421,0,0,0,1,0,0,1,0,0,0,0,0,0
72473080,KSP0900,20-4090,20200131,2227,,,KY194,,,KY0194,KY0194,0,098 KY-194,KY0194,N,N,NULL,NULL,NULL,N,NULL,NULL,NULL,NULL,NULL,NULL,21.608,NULL,NULL,NULL,NULL,,NULL,1,0,1,1,N,N,55,NULL,98,9820,NULL,,Y,37.533,37,31.98,NULL,-82.38694,82,23.217,NULL,N,NULL,NULL,NULL,NULL,NULL,NULL,NULL,NULL,9,97,2,3,1,1,2,6,7,3,N,NULL,Y,Y,2228,2243,8,Y,NULL,70,6,0,N,,N,Y,098-KY-0194-0,NULL,NULL,2020,A,7.24731E+11,098-KY-0194  -000,HIGH,098-KY-0194  -000,21.608,0,0,0,0,0,0,0,0,0,1,0,1,0
72543226,980500,2020AR052,20200917,1600,,,MAYO TRAIL,N,TRL,US0023,US0023,0,098 US-23,US0023,N,N,NULL,NULL,NULL,N,NULL,NULL,NULL,NULL,NULL,NULL,NULL,NULL,NULL,NULL,NULL,NULL,NULL,0,0,2,2,N,N,55,NULL,98,9807,NULL,,Y,37.51154,37,30.692,NULL,-82.55064,82,33.038,NULL,N,NULL,NULL,NULL,NULL,NULL,NULL,NULL,NULL,5,3,6,6,1,5,3,2,7,3,N,NULL,Y,N,1600,1603,1603,N,NULL,70,,1,N,,N,N,098-US-0023-0,NULL,NULL,2020,O,7.25432E+11,098-US-0023  -000,HIGH,098-US-0023  -000,27.49,0,0,0,0,0,0,1,0,0,0,0,0,0
72532150,980100,2.02E+11,20200812,1808,,,NORTHGATE,,DR,,,,,,Y,N,NULL,NULL,NULL,N,NULL,NULL,NULL,NULL,NULL,NULL,0.014,NULL,NULL,NULL,NULL,,NULL,0,0,2,2,N,N,NULL,NULL,98,9801,NULL,,Y,37.48637,37,29.182,NULL,-82.50925,82,30.555,NULL,N,NULL,NULL,NULL,NULL,NULL,NULL,NULL,NULL,5,97,2,6,1,1,2,2,1,3,N,NULL,N,N,1808,1818,1818,N,NULL,90,,,N,,N,N,,NULL,NULL,2020,O,7.25322E+11,098-CS-1021  -000,MEDIUM,098-CS-1021  -000,0.014,0,0,0,1,0,0,1,0,0,0,0,0,0
72493138,980000,20-04-004,20200403,1515,,1569,SOOKEYS,W,CRK,,,0,098 CR-1282,CR1282,N,N,NULL,NULL,NULL,N,NULL,NULL,NULL,NULL,NULL,NULL,1.61,NULL,NULL,NULL,NULL,,NULL,0,0,1,1,Y,N,35,NULL,98,9801,12,S,N,37.40683,37,24.41,NULL,-82.53999,82,32.4,NULL,N,NULL,NULL,NULL,NULL,NULL,NULL,NULL,NULL,9,5,1,6,1,1,2,2,7,3,N,NULL,Y,Y,1524,1550,1550,Y,NULL,40,,,N,,N,N,098-CR-1282-0,NULL,NULL,2020,NULL,7.24931E+11,098-CR-1282  -000,HIGH,098-CR-1282  -000,1.61,0,0,0,0,0,0,1,0,0,0,0,1,0
72494950,980100,2.02E+11,20200417,1819,,,CASSIDY,,BLVD,,,,,,Y,N,NULL,NULL,NULL,N,NULL,NULL,NULL,NULL,NULL,NULL,NULL,NULL,NULL,NULL,NULL,,NULL,0,0,2,2,N,N,10,NULL,98,9801,NULL,,Y,37.50383,37,30.23,NULL,-82.53619,82,32.171,NULL,N,NULL,NULL,NULL,NULL,NULL,NULL,NULL,NULL,2,97,NULL,6,1,1,2,2,1,3,N,NULL,N,N,1819,1827,1827,N,NULL,90,,,N,,N,N,,NULL,NULL,2020,O,7.2495E+11,098-CS-1191  -000,MEDIUM,098-CS-1191  -000,0.211,0,0,0,0,0,0,0,0,0,0,0,0,0
72475036,980100,2.02E+11,20200210,1251,,,HAMBLEY,,BLVD,,,0,098 CS-1222,CS1222,N,N,NULL,NULL,NULL,N,NULL,NULL,NULL,NULL,NULL,NULL,1.683,NULL,NULL,NULL,NULL,,NULL,0,0,2,2,N,N,35,NULL,98,9801,NULL,,Y,37.48185,37,28.911,NULL,-82.53324,82,31.995,NULL,N,NULL,NULL,NULL,NULL,NULL,NULL,NULL,NULL,1,3,2,6,1,5,6,2,7,3,N,NULL,Y,N,1252,1256,1256,N,NULL,55,,,N,,N,N,098-CS-1222-0,NULL,NULL,2020,O,7.2475E+11,098-CS-1222  -000,HIGH,098-CS-1222  -000,1.683,0,0,0,0,0,0,1,0,0,0,0,0,0
72497655,980100,2.02E+11,20200417,2152,,,BYPASS,S,RD,KY1426,KY1426,0,098 KY-1426,KY1426,Y,N,NULL,NULL,NULL,N,NULL,NULL,NULL,NULL,NULL,NULL,6.563,NULL,NULL,NULL,NULL,,NULL,0,0,2,2,N,N,15,NULL,98,9801,NULL,,Y,37.48252,37,28.952,NULL,-82.51366,82,30.819,NULL,N,NULL,NULL,NULL,NULL,NULL,NULL,NULL,NULL,2,97,2,6,1,1,2,5,1,3,N,NULL,N,N,2152,2152,,N,NULL,90,,0,N,,N,N,098-KY-1426-0,NULL,NULL,2020,O,7.24977E+11,098-KY-1426  -000,HIGH,098-KY-1426  -000,6.563,0,0,0,0,0,0,1,0,0,0,0,0,0
72478114,980100,2.02E+11,20200207,,,,CASSIDY BLVD,,,,,,,,Y,N,NULL,NULL,NULL,N,NULL,NULL,NULL,NULL,NULL,NULL,NULL,NULL,NULL,NULL,NULL,NULL,NULL,0,0,2,2,Y,N,15,NULL,98,9801,NULL,,Y,37.50289,37,30.173,NULL,-82.53547,82,32.128,NULL,N,NULL,NULL,NULL,NULL,NULL,NULL,NULL,NULL,1,97,NULL,6,1,1,3,,NULL,,N,NULL,N,N,1334,1334,,N,NULL,90,,,N,,N,N,,NULL,NULL,2020,NULL,7.24781E+11,098-CS-1191  -000,MEDIUM,098-CS-1191  -000,0.15,0,0,0,0,0,0,0,0,0,0,0,0,0
72502221,980100,2.02E+11,20200515,2047,,,US460,,,US0460,US0460,,,,Y,N,NULL,NULL,NULL,N,NULL,NULL,NULL,NULL,NULL,NULL,0.174,NULL,NULL,NULL,NULL,,NULL,1,0,2,1,N,N,15,NULL,98,9801,NULL,,Y,37.43991,37,26.395,NULL,-82.50882,82,30.529,NULL,N,NULL,NULL,NULL,NULL,NULL,NULL,NULL,NULL,9,97,1,6,1,1,2,5,1,3,N,NULL,Y,Y,2047,2053,2053,N,NULL,90,,1,N,,N,N,,NULL,NULL,2020,C,7.25022E+11,098-US-0460  -000,HIGH,098-US-0460  -000,0.174,0,0,0,0,1,0,1,0,0,0,0,0,0
72529091,KSP0900,20-626292,20200730,2100,,,HOPKINS,,FRK,,,0,098 CR-1223Q3,CR1223Q3,N,N,NULL,NULL,NULL,N,NULL,NULL,NULL,NULL,NULL,NULL,0.172,NULL,NULL,NULL,NULL,,NULL,3,0,1,1,N,Y,45,NULL,98,9827,NULL,,Y,37.32082,37,19.249,NULL,-82.53184,82,31.91,NULL,N,NULL,NULL,NULL,NULL,NULL,NULL,NULL,NULL,9,3,1,2,1,1,2,6,7,3,Y,NULL,N,Y,2100,2115,,N,NULL,70,,,N,,N,N,098-CR-1223Q3-0,NULL,NULL,2020,C,7.25291E+11,098-CR-1223Q3-000,HIGH,098-CR-1223Q3-000,0.172,0,0,0,0,0,0,0,0,0,0,0,1,0
72494431,980100,2.02E+11,20200411,616,,,CHLOE,,RD,KY1460,KY1460,,,,N,N,NULL,NULL,NULL,N,NULL,NULL,NULL,NULL,NULL,NULL,3.414,NULL,NULL,NULL,NULL,,NULL,0,0,1,1,N,N,45,NULL,98,9801,NULL,,Y,37.47499,37,28.499,NULL,-82.48728,82,29.237,NULL,N,NULL,NULL,NULL,NULL,NULL,NULL,NULL,NULL,9,3,2,6,1,1,2,6,6,1,N,NULL,Y,N,616,618,735,N,NULL,40,,0,N,,N,N,,NULL,NULL,2020,O,7.24944E+11,098-KY-1460  -000,HIGH,098-KY-1460  -000,3.414,0,0,0,1,0,0,0,0,0,1,0,1,0
72461727,KSP0900,2020-192,20200102,1300,,,US23,,,US0023,US0023,0,098 US-23-10,US0023,Y,N,NULL,NULL,NULL,N,NULL,NULL,NULL,NULL,NULL,NULL,12.914,NULL,NULL,NULL,NULL,,NULL,0,0,2,2,N,Y,15,NULL,98,9801,NULL,,Y,37.37246,37,22.348,NULL,-82.54333,82,32.6,NULL,N,NULL,NULL,NULL,NULL,NULL,NULL,NULL,NULL,2,97,1,6,1,1,2,2,1,3,N,NULL,Y,N,1300,1330,1300,N,NULL,90,,1,N,,N,N,098-US-0023-10,NULL,NULL,2020,O,7.24617E+11,098-US-0023  -010,HIGH,098-US-0023  -000,12.914,0,0,0,0,0,0,1,0,0,0,0,0,0
72453564,KSP0900,19-48142,20191209,1310,,,KY195,,,KY0195,KY0195,0,098 KY-195,KY0195,N,N,NULL,NULL,NULL,N,NULL,NULL,NULL,NULL,NULL,NULL,9.052,NULL,NULL,NULL,NULL,,NULL,0,0,1,1,N,N,55,NULL,98,9857,NULL,,Y,37.34108,37,20.465,NULL,-82.42694,82,25.616,NULL,N,NULL,NULL,NULL,NULL,NULL,NULL,NULL,NULL,9,5,2,1,1,1,2,2,7,3,N,NULL,Y,Y,1310,1326,,Y,NULL,40,7,0,Y,,N,N,098-KY-0195-0,NULL,NULL,2019,O,7.24536E+11,098-KY-0195  -000,HIGH,098-KY-0195  -000,9.052,0,0,0,0,0,0,0,0,1,0,0,1,0
72471483,980000,20-01-005,20200126,2215,,,US119,,,US0119,US0119,0,098 US-119,US0119,N,N,NULL,NULL,NULL,N,NULL,NULL,NULL,NULL,NULL,NULL,24.644,NULL,NULL,NULL,NULL,,NULL,1,0,1,1,N,N,45,NULL,98,9834,NULL,,Y,37.66413,37,39.848,NULL,-82.27296,82,16.378,NULL,N,NULL,NULL,NULL,NULL,NULL,NULL,NULL,NULL,9,4,4,3,1,5,2,6,7,3,Y,NULL,Y,Y,2215,2230,2230,Y,NULL,51,2,1,Y,,N,Y,098-US-0119-0,NULL,NULL,2020,B,7.24715E+11,098-US-0119  -000,HIGH,098-US-0119  -000,24.644,0,0,0,0,0,0,1,0,0,0,0,1,0
72570404,980500,2020AR066,20201201,930,,3683,N MAYO TRAIL,,,,,,,,Y,N,NULL,NULL,NULL,N,NULL,NULL,NULL,NULL,NULL,NULL,NULL,NULL,NULL,NULL,NULL,NULL,NULL,0,0,2,2,N,Y,15,NULL,98,9807,NULL,,Y,37.51767,37,31.06,NULL,-82.56596,82,33.958,NULL,N,NULL,NULL,NULL,NULL,NULL,NULL,NULL,NULL,5,97,1,6,1,5,9,2,1,3,N,NULL,Y,Y,930,933,1000,N,NULL,90,,,N,,N,N,,NULL,NULL,2020,O,7.25704E+11,098-CS-3004  -000,MEDIUM,098-CS-3004  -000,0.061,0,0,0,1,0,0,0,1,0,0,0,0,0
72584123,980100,2.021E+11,20210111,1726,,,CASSIDY,,BLVD,,,,,,Y,N,NULL,NULL,NULL,N,NULL,NULL,NULL,NULL,NULL,NULL,0.292,NULL,NULL,NULL,NULL,,NULL,0,0,2,2,N,N,NULL,NULL,98,9801,NULL,,Y,37.50499,37,30.3,NULL,-82.53667,82,32.2,NULL,N,NULL,NULL,NULL,NULL,NULL,NULL,NULL,NULL,7,97,2,6,2,1,2,8,1,3,N,NULL,Y,N,1726,1730,1730,N,NULL,90,,,N,,N,N,,NULL,NULL,2021,O,7.25841E+11,098-CS-1191  -000,MEDIUM,098-CS-1191  -000,0.292,0,0,0,0,0,0,0,0,0,0,0,0,0
72487138,980500,2020AR019,20200311,1600,,,US23 CROSSOVER,,,US0023,US0023,0,098 US-23-43,US0023,N,N,NULL,NULL,NULL,N,NULL,NULL,NULL,NULL,NULL,NULL,0.01,NULL,NULL,NULL,NULL,,NULL,0,0,2,2,N,N,45,NULL,98,9807,NULL,,Y,37.52028,37,31.217,NULL,-82.568,82,34.08,NULL,N,NULL,NULL,NULL,NULL,NULL,NULL,NULL,NULL,8,3,4,6,1,1,3,2,7,3,N,NULL,Y,N,1600,1605,,N,NULL,53,,1,N,,N,N,098-US-0023-43,NULL,NULL,2020,O,7.24871E+11,098-US-0023  -043,HIGH,098-US-0023  -043,0.01,0,0,0,1,0,0,0,1,0,0,0,1,0
72544005,KSP0900,20-698321,20200914,1746,,,KY3218,,,KY3218,KY3218,0,098 KY-3218,KY3218,N,N,NULL,NULL,NULL,N,NULL,NULL,NULL,NULL,NULL,NULL,3.072,NULL,NULL,NULL,NULL,,NULL,0,0,2,2,N,N,55,NULL,98,9801,NULL,,Y,37.56003,37,33.602,NULL,-82.55866,82,33.52,NULL,N,NULL,NULL,NULL,NULL,NULL,NULL,NULL,NULL,5,3,2,6,1,1,2,2,7,3,N,NULL,Y,N,1753,1824,1840,N,NULL,49,8,0,N,,N,N,098-KY-3218-0,NULL,NULL,2020,O,7.2544E+11,098-KY-3218  -000,HIGH,098-KY-3218  -000,3.072,0,0,1,0,0,0,0,0,0,0,0,0,0
72540556,980100,2.02E+11,20200909,1232,,911,BYPASS,,RD,,,0,098 CS-1223,CS1223,Y,N,NULL,NULL,NULL,N,NULL,NULL,NULL,NULL,NULL,NULL,NULL,NULL,NULL,NULL,NULL,NULL,NULL,0,0,1,1,N,N,NULL,NULL,98,9801,NULL,,Y,37.47128,37,28.277,NULL,-82.52117,82,31.27,NULL,N,NULL,NULL,NULL,NULL,NULL,NULL,NULL,NULL,9,97,1,6,1,1,2,2,1,3,N,NULL,Y,N,1232,1242,1242,Y,NULL,90,,,N,,N,N,098-CS-1223-0,NULL,NULL,2020,O,7.25406E+11,098-CS-1223  -000,HIGH,098-CS-1223  -000,0.135,0,1,0,0,0,0,0,0,0,0,0,1,0
72535731,980500,2020AR043,20200826,1639,,,MAIN STREET,,,,,,,,N,N,NULL,NULL,NULL,N,NULL,NULL,NULL,NULL,NULL,NULL,NULL,NULL,NULL,NULL,NULL,NULL,NULL,0,0,2,2,N,N,25,NULL,98,9807,NULL,,Y,37.51889,37,31.133,NULL,-82.56631,82,33.979,NULL,N,NULL,NULL,NULL,NULL,NULL,NULL,NULL,NULL,1,3,2,6,1,1,2,2,7,3,N,NULL,Y,Y,1640,1641,1643,N,NULL,55,,,N,,N,N,,NULL,NULL,2020,O,7.25357E+11,098-CS-3000  -071,MEDIUM,098-CS-3000  -071,0.022,0,0,0,0,0,0,1,0,0,0,0,0,0