MasterFile,AgencyORINumber,LocalCode,CollisionDate,CollisionTime,CollisionDayWeekCode,RoadwayName_HouseBusinessNumber_,RoadwayName_RoadwayName_,RoadwayName_Direction_,RoadwayName_RoadwaySuffix_,RoadwayfromReport,CurrentRoadwayNumber,RoadwayNumberCoupletID,RSEUniqueGIS,RoadwayIdentifier,ParkingLotIndicator,IntersectionWith_Indicator_,IntersectionWith_NameRoadway_,IntersectionWith_Direction_,IntersectionWith_RoadwaySuffix_,BetweenStreets_Indicator_,BetweenStreets1_NameRoadway_,BetweenStreet1_Direction_,BetweenStreets1_RoadwaySuffix_,BetweenStreets2_NameRoadway_,BetweenStreets2_Direction_,BetweenStreets2_RoadwaySuffix_,Milepoint,ReportMilepointDeriveNumber,CurrentDerivedMiepointNumber,MilestoMilepoint,FeettoMilepoint,DirectionfromMilepoint_NSEW_,ValidMilepointIndicator,NumberInjured,NumberKilled,ofUnits,ofMotorVehicleUnits,Hit&RunIndicator,OneWayIndicator,SpeedLimitNumber,KilometersIndicator,CountyCode,CityCountyCode,MilesFromCity,DirectionFromCity_NSEW_,InCityLimitsIndicator,Latitude,LatitudeDegrees,LatitudeMinutes,LatitudeSeconds,Longitude,LongitudeDegrees,LongitudeMinutes,LongitudeSeconds,RampIndicator,RampFromIdentifier,RampFromDirCode,RampFromCoupletID,RSEUniqueGISRampFrom,RampToidentifier,RampToDirCode,RampToCoupletID,RSEUniqueGisRampTo,MannerofCollisionCode,LocationFirstEventCode,TotalLanes,RoadwayCharacterCode,RoadwaySurfaceCode,RoadwayConditionCode,WeatherCode,LightConditionCode,LandUseCode,SchoolBusRelatedCode,FirstAidSceneIndicator,CollDescPresentInd,InvestigationCompleteIndicator,PhotosTakenIndicator,TimeNotified,TimeArrived,TimeRoadwayOpened,PropertyDamageIndicator,DiagramPresentIndicator,DirectionalAnalysis,FunctionClassCode,NationalHwySysCode,EnforcementsIndicator,KARSCityCode,SecondaryCollisionIndicator,MedianCrossoverIndicator,RT_UNIQUE,MapIt,TimeLastLeft,YR,KABCO,MFNY,WorkingRID,RT_CONFIDENCE,KTC_RT,KTC_MP,Motorcyclist,CommercialVehicle,YoungDriver,MatureDriver,pedestrian,Bicyclist,Distracted,agressive,Impaired,Unrestrained,Intersection,RoadwayDeparture,MedXover
72476967,980100,2.02E+11,20200214,1325,,130,MAYO,,CIR,,,,,,Y,N,NULL,NULL,NULL,N,NULL,NULL,NULL,NULL,NULL,NULL,NULL,NULL,NULL,NULL,NULL,NULL,NULL,0,0,2,2,N,N,NULL,NULL,98,9801,NULL,,Y,37.46299,37,27.779,NULL,-82.51842,82,31.105,NULL,N,NULL,NULL,NULL,NULL,NULL,NULL,NULL,NULL,2,97,2,6,1,1,3,2,1,3,N,NULL,Y,N,1325,1325,1325,N,NULL,90,,,N,,N,N,,NULL,NULL,2020,O,7.2477E+11,098-CS-1019  -000,MEDIUM,098-CS-1019  -000,0.082,0,0,0,0,0,0,1,0,0,0,0,0,0
72500905,980000,20-05-003,20200510,600,,,FERRELLS CREEK,,RD,US0460,US0460,0,098 US-460,US0460,N,N,NULL,NULL,NULL,N,NULL,NULL,NULL,NULL,NULL,NULL,17.832,NULL,NULL,NULL,NULL,,NULL,1,0,1,1,N,N,55,NULL,98,9874,NULL,,Y,37.36391,37,21.835,NULL,-82.32126,82,19.275,NULL,N,NULL,NULL,NULL,NULL,NULL,NULL,NULL,NULL,9,3,2,1,1,1,10,1,7,3,N,NULL,Y,Y,1000,1045,1045,N,NULL,38,,1,N,,N,N,098-US-0460-0,NULL,NULL,2020,C,7.25009E+11,098-US-0460  -000,HIGH,098-US-0460  -000,17.832,0,0,0,0,0,0,0,0,0,0,0,0,0
72486536,370200,2020-07533,20200226,1200,,,UPPER JOHNS,,CRK,KY0632,KY0632,,,,N,N,NULL,NULL,NULL,N,NULL,NULL,NULL,NULL,NULL,NULL,2.338,NULL,NULL,NULL,NULL,,NULL,1,0,1,1,N,N,55,NULL,98,9817,NULL,,Y,37.48935,37,29.361,NULL,-82.31738,82,19.043,NULL,N,NULL,NULL,NULL,NULL,NULL,NULL,NULL,NULL,9,5,2,3,1,1,3,2,7,3,Y,NULL,Y,Y,1203,1246,1600,N,NULL,40,6,0,N,,N,N,,NULL,NULL,2020,B,7.24865E+11,098-KY-0632  -000,MEDIUM,098-KY-0632  -000,2.338,0,1,0,0,0,0,1,0,0,1,0,1,0
72492681,KSP0900,20-12141,20200403,1210,,,KY197,,,KY0197,KY0197,0,098 KY-197,KY0197,N,N,NULL,NULL,NULL,N,NULL,NULL,NULL,NULL,NULL,NULL,16.508,NULL,NULL,NULL,NULL,,NULL,0,0,2,2,N,N,35,NULL,98,9802,NULL,,Y,37.3026,37,18.156,NULL,-82.35239,82,21.143,NULL,N,NULL,NULL,NULL,NULL,NULL,NULL,NULL,NULL,5,97,1,6,1,1,2,2,1,3,N,NULL,Y,N,1211,1229,,N,NULL,70,7,0,N,,N,N,098-KY-0197-0,NULL,NULL,2020,O,7.24927E+11,098-KY-0197  -000,HIGH,098-KY-0197  -000,16.508,0,0,0,0,0,0,1,0,0,0,0,0,0
72413097,KSP0900,19-37934,20190927,2103,,,US23,,,US0023,US0023,0,098 US-23,US0023,N,N,NULL,NULL,NULL,N,NULL,NULL,NULL,NULL,NULL,NULL,10.35,NULL,NULL,NULL,NULL,,NULL,0,0,1,1,N,N,55,NULL,98,9827,NULL,,Y,37.34208,37,20.524,NULL,-82.54967,82,32.98,NULL,N,NULL,NULL,NULL,NULL,NULL,NULL,NULL,NULL,9,3,4,5,1,1,2,4,7,3,N,NULL,Y,N,2118,2154,2154,N,NULL,38,,1,N,,N,N,098-US-0023-0,NULL,NULL,2019,O,7.24131E+11,098-US-0023  -000,HIGH,098-US-0023  -000,10.35,0,0,0,0,0,0,0,0,0,0,0,0,0
72518143,370200,2020-54589,20200616,1300,,,KY80,,,KY0080,KY0080,,,,N,N,NULL,NULL,NULL,N,NULL,NULL,NULL,NULL,NULL,NULL,1.071,NULL,NULL,NULL,NULL,,NULL,0,0,2,2,N,N,55,NULL,98,9802,NULL,,Y,37.32801,37,19.681,NULL,-82.36772,82,22.063,NULL,N,NULL,NULL,NULL,NULL,NULL,NULL,NULL,NULL,7,3,2,6,1,1,2,2,7,3,N,NULL,Y,N,1301,1348,1515,N,NULL,54,7,5,N,,N,N,,NULL,NULL,2020,O,7.25181E+11,098-KY-0080  -000,HIGH,098-KY-0080  -000,1.071,0,1,0,0,0,0,0,0,0,0,0,1,0
72544085,980100,2.02E+11,20200919,1324,,,LEE,,AVE,,,0,,LEE AVE,Y,N,NULL,NULL,NULL,N,NULL,NULL,NULL,NULL,NULL,NULL,NULL,NULL,NULL,NULL,NULL,,NULL,0,0,2,2,N,N,15,NULL,98,9801,NULL,,Y,37.50208,37,30.124,NULL,-82.53448,82,32.069,NULL,N,NULL,NULL,NULL,NULL,NULL,NULL,NULL,NULL,2,97,1,6,1,1,2,2,1,3,N,NULL,Y,N,1324,1326,1326,N,NULL,90,,,N,,N,N,,NULL,NULL,2020,O,7.25441E+11,098-CS-1191  -000,MEDIUM,098-CS-1191  -000,0.121,0,0,0,1,0,0,1,0,0,0,0,0,0
72543993,KSP0900,20-703199,20200917,2125,,,FISHTRAP,,RD,KY1441,KY1441,0,098 KY-1441,KY1441,N,N,NULL,NULL,NULL,N,NULL,NULL,NULL,NULL,NULL,NULL,8.296,NULL,NULL,NULL,NULL,,NULL,1,0,1,1,N,N,45,NULL,98,9850,NULL,,Y,37.49486,37,29.691,NULL,-82.44228,82,26.537,NULL,N,NULL,NULL,NULL,NULL,NULL,NULL,NULL,NULL,9,5,2,3,1,5,6,6,7,3,Y,NULL,Y,Y,2129,2140,2300,N,NULL,51,8,0,Y,,N,N,098-KY-1441-0,NULL,NULL,2020,C,7.2544E+11,098-KY-1441  -000,HIGH,098-KY-1441  -000,8.296,0,0,0,0,0,0,0,0,0,0,0,1,0
72532149,980100,2.02E+11,20200816,1538,,,HAMBLEY,,BLVD,,,0,098 CS-1222,CS1222,N,N,NULL,NULL,NULL,N,NULL,NULL,NULL,NULL,NULL,NULL,1.09,NULL,NULL,NULL,NULL,,NULL,0,0,2,2,N,N,35,NULL,98,9801,NULL,,Y,37.48492,37,29.095,NULL,-82.52329,82,31.397,NULL,N,NULL,NULL,NULL,NULL,NULL,NULL,NULL,NULL,8,5,2,6,1,1,2,2,1,3,N,NULL,Y,N,1538,1544,1544,N,NULL,47,,,N,,N,N,098-CS-1222-0,NULL,NULL,2020,O,7.25321E+11,098-CS-1222  -000,HIGH,098-CS-1222  -000,1.09,0,0,0,0,0,0,0,0,0,0,0,0,0
72493326,KSP0900,20-12544,20200406,840,,,WILLIAMSON,,RD,KY0292,KY0292,0,098 KY-292,KY0292,Y,N,NULL,NULL,NULL,N,NULL,NULL,NULL,NULL,NULL,NULL,NULL,NULL,NULL,NULL,NULL,,NULL,0,0,2,2,N,N,10,NULL,98,9834,NULL,,Y,37.67503,37,40.502,NULL,-82.2957,82,17.742,NULL,N,NULL,NULL,NULL,NULL,NULL,NULL,NULL,NULL,1,97,NULL,6,1,1,3,2,7,3,N,NULL,Y,N,845,915,930,N,NULL,90,8,0,N,,N,N,098-KY-0292-0,NULL,NULL,2020,O,7.24933E+11,098-KY-0292  -000,HIGH,098-KY-0292  -000,6.498,0,0,1,0,0,0,1,0,0,0,0,0,0
72494569,980100,2.02E+11,20200415,1707,,,CASSIDY,,BLVD,,,,,,Y,N,NULL,NULL,NULL,N,NULL,NULL,NULL,NULL,NULL,NULL,0.331,NULL,NULL,NULL,NULL,,NULL,0,0,2,2,N,N,15,NULL,98,9801,NULL,,Y,37.50545,37,30.327,NULL,-82.53763,82,32.258,NULL,N,NULL,NULL,NULL,NULL,NULL,NULL,NULL,NULL,7,97,1,6,1,1,2,2,1,3,N,NULL,Y,N,1707,1713,1713,N,NULL,90,,,N,,N,N,,NULL,NULL,2020,O,7.24946E+11,098-CS-1191  -000,MEDIUM,098-CS-1191  -000,0.331,0,0,0,0,0,0,1,0,0,0,0,0,0
72487089,980100,2.02E+11,20200312,1355,,,CHAMPIONSHIP,,DR,,,0,098 CS-1186-80,CS1186,Y,N,NULL,NULL,NULL,N,NULL,NULL,NULL,NULL,NULL,NULL,0.042,NULL,NULL,NULL,NULL,,NULL,0,0,2,2,N,N,15,NULL,98,9801,NULL,,Y,37.48758,37,29.255,NULL,-82.54248,82,32.549,NULL,N,NULL,NULL,NULL,NULL,NULL,NULL,NULL,NULL,2,97,1,6,1,1,2,2,7,3,N,NULL,Y,N,1355,1400,1417,N,NULL,90,,,N,,N,N,098-CS-1186-80,NULL,NULL,2020,O,7.24871E+11,098-CS-1186  -080,HIGH,098-CS-1186  -080,0.042,0,0,0,0,0,0,0,0,0,0,0,0,0
72472623,KSP0900,20-4838,20200206,650,,,US23,,,US0023,US0023,0,098 US-23,US0023,N,N,NULL,NULL,NULL,N,NULL,NULL,NULL,NULL,NULL,NULL,28.216,NULL,NULL,NULL,NULL,,NULL,0,0,2,2,Y,N,45,NULL,98,9807,NULL,,Y,37.51647,37,30.988,NULL,-82.5617,82,33.702,NULL,N,NULL,NULL,NULL,NULL,NULL,NULL,NULL,NULL,5,3,3,6,1,6,6,6,7,3,N,NULL,Y,N,650,700,,N,NULL,49,,1,N,,N,N,098-US-0023-0,NULL,NULL,2020,O,7.24726E+11,098-US-0023  -000,HIGH,098-US-0023  -000,28.216,0,0,0,0,0,0,0,0,0,0,0,1,0
72498259,KSP0900,20-16115,20200430,1828,,US 460,US460,,,US0460,US0460,0,098 US-460,US0460,N,N,NULL,NULL,NULL,N,NULL,NULL,NULL,NULL,NULL,NULL,2.83,NULL,NULL,NULL,NULL,,NULL,2,1,2,2,N,N,45,NULL,98,9824,NULL,,Y,37.43012,37,25.807,NULL,-82.47855,82,28.713,NULL,N,NULL,NULL,NULL,NULL,NULL,NULL,NULL,NULL,1,3,2,6,1,5,6,2,7,3,Y,NULL,Y,Y,1829,1838,1934,N,NULL,55,,1,N,,N,N,098-US-0460-0,NULL,NULL,2020,K,7.24983E+11,098-US-0460  -000,HIGH,098-US-0460  -000,2.83,0,0,0,0,0,0,1,1,1,1,0,0,0
72462211,KSP0900,20-1393,20200111,819,,,US119,,,US0119,US0119,0,098 US-119-10,US0119,N,N,NULL,NULL,NULL,N,NULL,NULL,NULL,NULL,NULL,NULL,13.677,NULL,NULL,NULL,NULL,,NULL,0,0,1,1,N,N,55,NULL,98,9833,NULL,,Y,37.61535,37,36.921,NULL,-82.35838,82,21.503,NULL,N,NULL,NULL,NULL,NULL,NULL,NULL,NULL,NULL,9,3,4,6,1,1,2,2,7,3,N,NULL,N,N,819,836,836,N,NULL,38,2,1,N,,N,N,098-US-0119-10,NULL,NULL,2020,O,7.24622E+11,098-US-0119  -010,HIGH,098-US-0119  -000,13.677,0,0,0,0,0,0,0,0,0,0,0,0,0
72454522,KSP0900,19-49680,20191221,1254,,,US460,,,US0460,US0460,0,098 US-460,US0460,N,N,NULL,NULL,NULL,N,NULL,NULL,NULL,NULL,NULL,NULL,13.112,NULL,NULL,NULL,NULL,,NULL,1,0,1,1,N,N,55,NULL,98,9802,NULL,,Y,37.33534,37,20.12,NULL,-82.39156,82,23.493,NULL,N,NULL,NULL,NULL,NULL,NULL,NULL,NULL,NULL,9,4,2,4,1,1,2,2,7,3,Y,NULL,Y,N,1254,1315,1315,N,NULL,51,,1,N,,N,N,098-US-0460-0,NULL,NULL,2019,C,7.24545E+11,098-US-0460  -000,HIGH,098-US-0460  -000,13.112,0,0,0,0,0,0,0,0,0,0,0,1,0
72499201,980100,2.02E+11,20200505,1502,,,OWSLEY,,RD,KY1384,KY1384,0,098 KY-1384,KY1384,N,N,NULL,NULL,NULL,N,NULL,NULL,NULL,NULL,NULL,NULL,7.21,NULL,NULL,NULL,NULL,,NULL,0,0,2,2,N,N,45,NULL,98,9801,NULL,,Y,37.48074,37,28.844,NULL,-82.536,82,32.16,NULL,N,NULL,NULL,NULL,NULL,NULL,NULL,NULL,NULL,8,3,4,6,1,1,3,2,7,3,N,NULL,Y,N,1502,1507,1507,N,NULL,53,16,0,N,,N,N,098-KY-1384-0,NULL,NULL,2020,O,7.24992E+11,098-KY-1384  -000,HIGH,098-KY-1384  -000,7.21,0,0,0,0,0,0,1,0,0,0,0,1,0
72495483,KSP0900,2020-14569,20200420,1118,,,KY632,,,KY0632,KY0632,0,098 KY-632,KY0632,N,N,NULL,NULL,NULL,N,NULL,NULL,NULL,NULL,NULL,NULL,13.088,NULL,NULL,NULL,NULL,,NULL,0,0,2,2,N,N,35,NULL,98,9804,NULL,,Y,37.50579,37,30.347,NULL,-82.15977,82,9.586,NULL,N,NULL,NULL,NULL,NULL,NULL,NULL,NULL,NULL,2,7,2,6,1,1,2,2,1,3,N,NULL,N,N,1115,1120,1120,N,NULL,47,6,0,N,,N,N,098-KY-0632-0,NULL,NULL,2020,O,7.24955E+11,098-KY-0632  -000,HIGH,098-KY-0632  -000,13.088,0,0,0,0,0,0,0,0,0,0,0,0,0
72455611,KSP0900,19-50031,20191224,1030,,,US119,,,US0119,US0119,0,098 US-119,US0119,N,N,NULL,NULL,NULL,N,NULL,NULL,NULL,NULL,NULL,NULL,24.965,NULL,NULL,NULL,NULL,,NULL,0,0,1,1,N,N,55,NULL,98,9834,NULL,,Y,37.66776,37,40.066,NULL,-82.27703,82,16.622,NULL,N,NULL,NULL,NULL,NULL,NULL,NULL,NULL,NULL,9,6,4,6,1,5,3,2,7,3,N,NULL,N,Y,1020,1023,1100,N,NULL,40,2,1,N,,N,N,098-US-0119-0,NULL,NULL,2019,O,7.24556E+11,098-US-0119  -000,HIGH,098-US-0119  -000,24.965,0,0,1,0,0,0,0,0,0,0,0,1,0
72484897,980100,2.02E+11,20200306,1038,,,BYPASS,S,RD,KY1426,KY1426,,,,Y,N,NULL,NULL,NULL,N,NULL,NULL,NULL,NULL,NULL,NULL,5.678,NULL,NULL,NULL,NULL,,NULL,0,0,2,2,Y,N,15,NULL,98,9801,NULL,,Y,37.47271,37,28.363,NULL,-82.52306,82,31.384,NULL,N,NULL,NULL,NULL,NULL,NULL,NULL,NULL,NULL,8,97,1,6,2,1,6,2,1,3,N,NULL,Y,N,1038,1043,1043,N,NULL,90,,0,N,,N,N,,NULL,NULL,2020,NULL,7.24849E+11,098-KY-1426  -000,HIGH,098-KY-1426  -000,5.678,0,0,0,0,0,0,1,0,0,0,0,0,0
72532154,980100,2.02E+11,20200804,1821,,,CASSIDY,,BLVD,,,,,,Y,N,NULL,NULL,NULL,N,NULL,NULL,NULL,NULL,NULL,NULL,0.192,NULL,NULL,NULL,NULL,,NULL,0,0,2,2,Y,N,NULL,NULL,98,9801,NULL,,Y,37.50396,37,30.237,NULL,-82.53513,82,32.107,NULL,N,NULL,NULL,NULL,NULL,NULL,NULL,NULL,NULL,2,97,1,6,1,1,2,2,1,3,N,NULL,Y,N,1821,1825,1825,N,NULL,90,,,N,,N,N,,NULL,NULL,2020,NULL,7.25322E+11,098-CS-1191  -000,LOW,098-CS-1191  -000,0.192,0,0,0,0,0,0,0,0,0,0,0,0,0
72539359,KSP0900,20-682439,20200904,1634,,10385,KY194,,,KY0194,KY0194,0,098 KY-194,KY0194,Y,N,NULL,NULL,NULL,N,NULL,NULL,NULL,NULL,NULL,NULL,27.224,NULL,NULL,NULL,NULL,,NULL,0,0,2,2,N,N,55,NULL,98,9817,NULL,,Y,37.4899,37,29.394,NULL,-82.3511,82,21.066,NULL,N,NULL,NULL,NULL,NULL,NULL,NULL,NULL,NULL,5,97,2,4,1,5,3,2,7,3,N,NULL,Y,N,1638,1724,1724,N,NULL,90,7,0,N,,N,N,098-KY-0194-0,NULL,NULL,2020,O,7.25394E+11,098-KY-0194  -000,HIGH,098-KY-0194  -000,27.224,0,0,0,0,0,0,0,0,0,0,0,0,0
72542544,980100,2.02E+11,20200902,1716,,,US23,,,US0023,US0023,,,,N,N,NULL,NULL,NULL,N,NULL,NULL,NULL,NULL,NULL,NULL,26.217,NULL,NULL,NULL,NULL,,NULL,0,0,3,3,N,N,55,NULL,98,9801,NULL,,Y,37.50272,37,30.163,NULL,-82.53202,82,31.921,NULL,N,NULL,NULL,NULL,NULL,NULL,NULL,NULL,NULL,1,3,8,6,1,5,6,2,7,3,N,NULL,N,N,1717,1721,,N,NULL,55,,1,N,,N,Y,,NULL,NULL,2020,O,7.25425E+11,098-US-0023  -000,MEDIUM,098-US-0023  -000,26.217,0,0,1,0,0,0,0,1,0,0,0,0,1
72528083,980100,2.02E+11,20200724,1657,,,OWSLEY,,RD,KY1384,KY1384,0,098 KY-1384,KY1384,N,N,NULL,NULL,NULL,N,NULL,NULL,NULL,NULL,NULL,NULL,6.858,NULL,NULL,NULL,NULL,,NULL,2,0,2,2,N,N,45,NULL,98,9801,NULL,,Y,37.47984,37,28.79,NULL,-82.54191,82,32.514,NULL,N,NULL,NULL,NULL,NULL,NULL,NULL,NULL,NULL,1,3,4,6,1,1,2,2,1,3,N,NULL,Y,Y,1657,1700,,N,NULL,55,16,0,N,,N,N,098-KY-1384-0,NULL,NULL,2020,C,7.25281E+11,098-KY-1384  -000,HIGH,098-KY-1384  -000,6.858,0,0,0,0,0,0,1,0,0,0,0,0,0
72498888,980000,20-04-008,20200425,2100,,,UPPER POMPEY,,RD,,,0,098 CR-1326,CR1326,N,N,NULL,NULL,NULL,N,NULL,NULL,NULL,NULL,NULL,NULL,0.758,NULL,NULL,NULL,NULL,,NULL,1,0,1,1,N,N,15,NULL,98,9850,NULL,,Y,37.4597,37,27.582,NULL,-82.4088,82,24.528,NULL,N,NULL,NULL,NULL,NULL,NULL,NULL,NULL,NULL,9,4,1,2,1,5,6,6,7,3,Y,NULL,Y,Y,2100,2115,2130,N,NULL,51,,,N,,N,N,098-CR-1326-0,NULL,NULL,2020,C,7.24989E+11,098-CR-1326  -000,HIGH,098-CR-1326  -000,0.758,0,0,1,0,0,0,1,0,0,0,0,1,0
72532913,980500,2020AR041,20200818,1624,,255,WEDDINGTON BRANCH ROAD,,RD,,,0,098 CS-3026,CS3026,Y,N,NULL,NULL,NULL,N,NULL,NULL,NULL,NULL,NULL,NULL,NULL,NULL,NULL,NULL,NULL,NULL,NULL,0,0,2,2,N,N,15,NULL,98,9807,NULL,,Y,37.52549,37,31.529,NULL,-82.56863,82,34.117,NULL,N,NULL,NULL,NULL,NULL,NULL,NULL,NULL,NULL,2,97,2,5,1,1,2,2,1,3,N,NULL,Y,Y,1629,1633,1633,N,NULL,90,,,N,,N,N,098-CS-3026-0,NULL,NULL,2020,O,7.25329E+11,098-CS-3026  -000,HIGH,098-CS-3026  -000,0.237,0,0,0,0,0,0,1,0,0,1,0,0,0
72530034,KSP0900,20-34446,20200805,755,,,BIG CREEK,,RD,KY0468,KY0468,0,098 KY-468,KY0468,N,N,NULL,NULL,NULL,N,NULL,NULL,NULL,NULL,NULL,NULL,0.103,NULL,NULL,NULL,NULL,,NULL,0,0,2,2,N,N,45,NULL,98,9838,NULL,,Y,37.62165,37,37.299,NULL,-82.35683,82,21.41,NULL,N,NULL,NULL,NULL,NULL,NULL,NULL,NULL,NULL,1,3,2,6,1,1,3,2,7,3,N,NULL,Y,N,755,920,920,N,NULL,55,8,0,N,,N,N,098-KY-0468-0,NULL,NULL,2020,O,7.253E+11,098-KY-0468  -000,HIGH,098-KY-0468  -000,0.103,0,0,0,0,0,0,1,0,0,0,0,0,0
72521198,980100,2.02E+11,20200715,821,,,HAROLDS BRANCH,,RD,,,,,,N,N,NULL,NULL,NULL,N,NULL,NULL,NULL,NULL,NULL,NULL,0.238,NULL,NULL,NULL,NULL,,NULL,0,0,2,2,N,N,25,NULL,98,9801,NULL,,Y,37.46957,37,28.174,NULL,-82.51871,82,31.123,NULL,N,NULL,NULL,NULL,NULL,NULL,NULL,NULL,NULL,3,3,2,6,1,1,2,2,7,3,N,NULL,N,N,822,825,904,N,NULL,52,,,N,,N,N,,NULL,NULL,2020,O,7.25212E+11,098-CS-1223  -000,LOW,098-CS-1223  -000,0.238,0,0,0,0,0,0,1,0,0,0,0,1,0
72538101,980100,2.02E+11,20200901,1745,,404,KY3496,,,KY3496,KY3496,0,098 KY-3496,KY3496,Y,N,NULL,NULL,NULL,N,NULL,NULL,NULL,NULL,NULL,NULL,0.13,NULL,NULL,NULL,NULL,,NULL,0,0,2,2,N,N,35,NULL,98,9801,NULL,,Y,37.46616,37,27.969,NULL,-82.53001,82,31.801,NULL,N,NULL,NULL,NULL,NULL,NULL,NULL,NULL,NULL,2,97,2,6,1,1,2,2,1,3,N,NULL,Y,N,1745,1754,,N,NULL,90,16,0,N,,N,N,098-KY-3496-0,NULL,NULL,2020,O,7.25381E+11,098-KY-3496  -000,HIGH,098-KY-3496  -000,0.13,0,0,1,0,0,0,1,0,0,0,0,0,0
72541218,980100,2.02E+11,20200905,1742,,254,CASSIDY,,BLVD,,,0,098 CS-1191,CS1191,Y,N,NULL,NULL,NULL,N,NULL,NULL,NULL,NULL,NULL,NULL,NULL,NULL,NULL,NULL,NULL,,NULL,1,0,2,1,N,N,NULL,NULL,98,9801,NULL,,Y,37.50568,37,30.341,NULL,-82.53745,82,32.247,NULL,N,NULL,NULL,NULL,NULL,NULL,NULL,NULL,NULL,9,97,1,6,1,1,2,2,1,3,Y,NULL,Y,Y,1742,1742,1750,N,NULL,90,,,N,,N,N,098-CS-1191-0,NULL,NULL,2020,C,7.25412E+11,098-CS-1191  -000,HIGH,098-CS-1191  -000,0.33,0,0,0,0,1,0,1,0,0,0,0,0,0
72501905,KSP0900,20-18190,20200515,1810,,,MAYO,N,TRL,US0023,US0023,0,098 US-23-10,US0023,N,N,NULL,NULL,NULL,N,NULL,NULL,NULL,NULL,NULL,NULL,26.297,NULL,NULL,NULL,NULL,,NULL,2,0,2,2,N,N,55,NULL,98,9801,NULL,,Y,37.50385,37,30.231,NULL,-82.53238,82,31.943,NULL,N,NULL,NULL,NULL,NULL,NULL,NULL,NULL,NULL,4,3,4,6,1,1,2,2,1,3,Y,NULL,Y,Y,1810,1810,1900,N,NULL,70,,1,N,,N,N,098-US-0023-10,NULL,NULL,2020,B,7.25019E+11,098-US-0023  -010,HIGH,098-US-0023  -000,26.297,0,0,0,0,0,0,0,1,0,1,0,0,0
72489448,KSP0900,20-9977,20200316,1256,,,US23,,,US0023,US0023,0,098 US-23,US0023,N,N,NULL,NULL,NULL,N,NULL,NULL,NULL,NULL,NULL,NULL,17.558,NULL,NULL,NULL,NULL,,NULL,0,0,2,2,N,N,55,NULL,98,9824,NULL,,Y,37.42287,37,25.372,NULL,-82.51701,82,31.021,NULL,N,NULL,NULL,NULL,NULL,NULL,NULL,NULL,NULL,8,3,4,6,1,1,2,2,7,3,N,NULL,N,N,1256,1310,1310,N,NULL,53,,1,N,,N,N,098-US-0023-0,NULL,NULL,2020,O,7.24894E+11,098-US-0023  -000,HIGH,098-US-0023  -000,17.558,0,0,0,0,0,0,1,0,0,0,0,1,0
72527458,980100,2.02E+11,20200725,1708,,,COLLEGE,N,ST,,,,,,N,N,NULL,NULL,NULL,N,NULL,NULL,NULL,NULL,NULL,NULL,0.19,NULL,NULL,NULL,NULL,,NULL,0,0,2,2,N,N,15,NULL,98,9801,NULL,,Y,37.47768,37,28.661,NULL,-82.51955,82,31.173,NULL,N,NULL,NULL,NULL,NULL,NULL,NULL,NULL,NULL,8,3,2,6,1,1,2,2,7,3,N,NULL,Y,N,1708,1722,1722,N,NULL,47,,,N,,N,N,,NULL,NULL,2020,O,7.25275E+11,098-CS-1108  -000,MEDIUM,098-CS-1108  -000,0.19,0,0,0,0,0,0,1,0,0,0,0,0,0
72502666,KSP0900,20-17971,20200514,1021,,,BAD,,FRK,,,0,098 CR-1246,CR1246,N,N,NULL,NULL,NULL,N,NULL,NULL,NULL,NULL,NULL,NULL,0.288,NULL,NULL,NULL,NULL,,NULL,1,0,1,1,N,N,35,NULL,98,9861,1,W,N,37.33578,37,20.147,NULL,-82.45765,82,27.459,NULL,N,NULL,NULL,NULL,NULL,NULL,NULL,NULL,NULL,9,5,1,1,1,1,2,2,7,3,Y,NULL,Y,Y,1021,1055,,N,NULL,51,,,N,,N,N,098-CR-1246-0,NULL,NULL,2020,C,7.25027E+11,098-CR-1246  -000,HIGH,098-CR-1246  -000,0.288,0,0,0,0,0,0,0,0,0,0,0,1,0
72468123,980100,2.02E+11,20200126,1241,,,POPLAR,,ST,,,0,098 CS-1160,CS1160,N,N,NULL,NULL,NULL,N,NULL,NULL,NULL,NULL,NULL,NULL,0.361,NULL,NULL,NULL,NULL,,NULL,0,0,2,2,Y,N,15,NULL,98,9801,NULL,,Y,37.48347,37,29.008,NULL,-82.52245,82,31.347,NULL,N,NULL,NULL,NULL,NULL,NULL,NULL,NULL,NULL,7,3,1,NULL,1,1,2,2,7,3,N,NULL,Y,N,1241,1246,1301,N,NULL,47,,,N,,N,N,098-CS-1160-0,NULL,NULL,2020,NULL,7.24681E+11,098-CS-1160  -000,HIGH,098-CS-1160  -000,0.361,0,0,0,0,0,0,0,0,0,0,0,0,0
72496919,KSP0900,20-14745,20200421,1550,,,US119,,,US0119,US0119,0,098 US-119-10,US0119,N,N,NULL,NULL,NULL,N,NULL,NULL,NULL,NULL,NULL,NULL,10.26,NULL,NULL,NULL,NULL,,NULL,0,0,2,2,N,N,55,NULL,98,9833,1,S,N,37.58514,37,35.108,NULL,-82.40227,82,24.136,NULL,N,NULL,NULL,NULL,NULL,NULL,NULL,NULL,NULL,8,3,2,1,1,1,2,2,6,3,N,NULL,Y,N,1607,1618,,N,NULL,53,2,1,N,,N,N,098-US-0119-10,NULL,NULL,2020,O,7.24969E+11,098-US-0119  -010,HIGH,098-US-0119  -000,10.26,0,1,0,0,0,0,0,0,0,0,0,1,0