MasterFile,AgencyORINumber,LocalCode,CollisionDate,CollisionTime,CollisionDayWeekCode,RoadwayName_HouseBusinessNumber_,RoadwayName_RoadwayName_,RoadwayName_Direction_,RoadwayName_RoadwaySuffix_,RoadwayfromReport,CurrentRoadwayNumber,RoadwayNumberCoupletID,RSEUniqueGIS,RoadwayIdentifier,ParkingLotIndicator,IntersectionWith_Indicator_,IntersectionWith_NameRoadway_,IntersectionWith_Direction_,IntersectionWith_RoadwaySuffix_,BetweenStreets_Indicator_,BetweenStreets1_NameRoadway_,BetweenStreet1_Direction_,BetweenStreets1_RoadwaySuffix_,BetweenStreets2_NameRoadway_,BetweenStreets2_Direction_,BetweenStreets2_RoadwaySuffix_,Milepoint,ReportMilepointDeriveNumber,CurrentDerivedMiepointNumber,MilestoMilepoint,FeettoMilepoint,DirectionfromMilepoint_NSEW_,ValidMilepointIndicator,NumberInjured,NumberKilled,ofUnits,ofMotorVehicleUnits,Hit&RunIndicator,OneWayIndicator,SpeedLimitNumber,KilometersIndicator,CountyCode,CityCountyCode,MilesFromCity,DirectionFromCity_NSEW_,InCityLimitsIndicator,Latitude,LatitudeDegrees,LatitudeMinutes,LatitudeSeconds,Longitude,LongitudeDegrees,LongitudeMinutes,LongitudeSeconds,RampIndicator,RampFromIdentifier,RampFromDirCode,RampFromCoupletID,RSEUniqueGISRampFrom,RampToidentifier,RampToDirCode,RampToCoupletID,RSEUniqueGisRampTo,MannerofCollisionCode,LocationFirstEventCode,TotalLanes,RoadwayCharacterCode,RoadwaySurfaceCode,RoadwayConditionCode,WeatherCode,LightConditionCode,LandUseCode,SchoolBusRelatedCode,FirstAidSceneIndicator,CollDescPresentInd,InvestigationCompleteIndicator,PhotosTakenIndicator,TimeNotified,TimeArrived,TimeRoadwayOpened,PropertyDamageIndicator,DiagramPresentIndicator,DirectionalAnalysis,FunctionClassCode,NationalHwySysCode,EnforcementsIndicator,KARSCityCode,SecondaryCollisionIndicator,MedianCrossoverIndicator,RT_UNIQUE,MapIt,TimeLastLeft,YR,KABCO,MFNY,WorkingRID,RT_CONFIDENCE,KTC_RT,KTC_MP,Motorcyclist,CommercialVehicle,YoungDriver,MatureDriver,pedestrian,Bicyclist,Distracted,agressive,Impaired,Unrestrained,Intersection,RoadwayDeparture,MedXover
72465662,KSP0900,20-2410,20200118,2133,,,KY194,,,KY0194,KY0194,0,098 KY-194,KY0194,N,N,NULL,NULL,NULL,N,NULL,NULL,NULL,NULL,NULL,NULL,7.125,NULL,NULL,NULL,NULL,,NULL,1,0,2,2,N,N,55,NULL,98,9831,NULL,,Y,37.61673,37,37.004,NULL,-82.54784,82,32.87,NULL,N,NULL,NULL,NULL,NULL,NULL,NULL,NULL,NULL,1,3,2,6,1,5,6,6,7,3,Y,NULL,Y,Y,2135,2202,2220,N,NULL,55,7,0,N,,N,N,098-KY-0194-0,NULL,NULL,2020,C,7.24657E+11,098-KY-0194  -000,HIGH,098-KY-0194  -000,7.125,0,0,0,0,0,0,1,0,0,1,0,0,0
72475821,KSP0900,20-5183,20200208,1948,,,RUSSELL,E,ST,,,0,098 CS-2009,CS2009,N,N,NULL,NULL,NULL,N,NULL,NULL,NULL,NULL,NULL,NULL,0.001,NULL,NULL,NULL,NULL,,NULL,0,0,2,2,N,N,45,NULL,98,9802,NULL,,Y,37.30398,37,18.239,NULL,-82.35129,82,21.077,NULL,N,NULL,NULL,NULL,NULL,NULL,NULL,NULL,NULL,4,3,2,6,1,5,3,5,7,3,N,NULL,Y,N,1949,2013,2052,N,NULL,70,,,N,,N,N,098-CS-2009-0,NULL,NULL,2020,O,7.24758E+11,098-CS-2009  -000,HIGH,098-CS-2009  -000,0.001,0,0,1,0,0,0,1,0,0,0,0,0,0
72530192,KSP0900,20-635330,20200805,1808,,,US23,,,US0023,US0023,0,098 US-23,US0023,N,N,NULL,NULL,NULL,N,NULL,NULL,NULL,NULL,NULL,NULL,4.129,NULL,NULL,NULL,NULL,,NULL,0,0,2,2,N,N,55,NULL,98,9809,NULL,,Y,37.2784,37,16.704,NULL,-82.57956,82,34.774,NULL,N,NULL,NULL,NULL,NULL,NULL,NULL,NULL,NULL,8,3,4,6,1,1,2,2,6,3,N,NULL,N,N,1812,1833,,N,NULL,53,,1,N,,N,N,098-US-0023-0,NULL,NULL,2020,O,7.25302E+11,098-US-0023  -000,HIGH,098-US-0023  -000,4.129,0,0,0,0,0,0,0,0,0,0,0,1,0
72497088,KSP0900,20-15452,20200426,43,,12881,US460,,,US0460,US0460,0,098 US-460,US0460,N,N,NULL,NULL,NULL,N,NULL,NULL,NULL,NULL,NULL,NULL,12.24,NULL,NULL,NULL,NULL,,NULL,0,0,1,1,N,N,55,NULL,98,9805,NULL,,Y,37.34722,37,20.833,NULL,-82.3933,82,23.598,NULL,N,NULL,NULL,NULL,NULL,NULL,NULL,NULL,NULL,9,3,2,6,1,5,6,6,7,3,Y,NULL,N,Y,45,58,,Y,NULL,70,,1,N,,N,N,098-US-0460-0,NULL,NULL,2020,O,7.24971E+11,098-US-0460  -000,HIGH,098-US-0460  -000,12.24,0,0,1,0,0,0,0,0,0,0,0,1,0
72544192,980100,2.02E+11,20200910,1419,,,CASSIDY,,BLVD,,,,,,Y,N,NULL,NULL,NULL,N,NULL,NULL,NULL,NULL,NULL,NULL,0.28,NULL,NULL,NULL,NULL,,NULL,0,0,2,2,N,N,15,NULL,98,9801,NULL,,Y,37.50486,37,30.292,NULL,-82.53644,82,32.186,NULL,N,NULL,NULL,NULL,NULL,NULL,NULL,NULL,NULL,7,97,1,6,1,1,2,2,1,3,N,NULL,Y,N,1419,1439,1439,N,NULL,90,,,N,,N,N,,NULL,NULL,2020,O,7.25442E+11,098-CS-1191  -000,LOW,098-CS-1191  -000,0.28,0,0,1,0,0,0,1,0,0,0,0,0,0
72545732,980100,2.02E+11,20200921,1540,,,BOWLES PARK,,DR,,,0,098 CS-1097,CS1097,Y,N,NULL,NULL,NULL,N,NULL,NULL,NULL,NULL,NULL,NULL,0.059,NULL,NULL,NULL,NULL,,NULL,0,0,1,1,N,N,15,NULL,98,9801,NULL,,Y,37.4838,37,29.028,NULL,-82.5395,82,32.37,NULL,N,NULL,NULL,NULL,NULL,NULL,NULL,NULL,NULL,9,97,NULL,6,1,1,2,2,6,3,N,NULL,Y,N,1540,1544,,N,NULL,90,,,Y,,N,N,098-CS-1097-0,NULL,NULL,2020,O,7.25457E+11,098-CS-1097  -000,HIGH,098-CS-1097  -000,0.059,0,0,0,0,0,0,1,0,1,1,0,1,0
72528084,980100,2.02E+11,20200724,1450,,,CASSIDY,,BLVD,,,0,098 CS-1191,CS1191,Y,N,NULL,NULL,NULL,N,NULL,NULL,NULL,NULL,NULL,NULL,0.062,NULL,NULL,NULL,NULL,,NULL,0,0,2,2,N,N,15,NULL,98,9801,NULL,,Y,37.50367,37,30.22,NULL,-82.53316,82,31.99,NULL,N,NULL,NULL,NULL,NULL,NULL,NULL,NULL,NULL,2,97,1,6,1,1,3,2,1,3,N,NULL,Y,N,1450,1450,,N,NULL,90,,,N,,N,N,098-CS-1191-0,NULL,NULL,2020,O,7.25281E+11,098-CS-1191  -000,HIGH,098-CS-1191  -000,0.062,0,0,0,0,0,0,1,0,0,0,0,0,0
72542323,KSP0900,20-696837,20200913,1757,,,KY632,,,KY0632,KY0632,0,098 KY-632,KY0632,N,N,NULL,NULL,NULL,N,NULL,NULL,NULL,NULL,NULL,NULL,0.399,NULL,NULL,NULL,NULL,,NULL,0,0,1,1,N,N,45,NULL,98,9817,NULL,,Y,37.4976,37,29.856,NULL,-82.34353,82,20.612,NULL,N,NULL,NULL,NULL,NULL,NULL,NULL,NULL,NULL,9,3,2,3,1,5,6,2,7,3,N,NULL,N,N,1757,1830,1830,N,NULL,44,6,0,N,,N,N,098-KY-0632-0,NULL,NULL,2020,O,7.25423E+11,098-KY-0632  -000,HIGH,098-KY-0632  -000,0.399,0,0,1,0,0,0,0,0,0,0,0,1,0
72538198,980500,2020AR046,20200902,1500,,,VENTERS,,LN,,,0,098 CR-1415,CR1415,Y,N,NULL,NULL,NULL,N,NULL,NULL,NULL,NULL,NULL,NULL,0.027,NULL,NULL,NULL,NULL,,NULL,0,0,2,2,N,N,15,NULL,98,9801,NULL,,Y,37.53728,37,32.237,NULL,-82.59859,82,35.915,NULL,N,NULL,NULL,NULL,NULL,NULL,NULL,NULL,NULL,1,97,2,6,3,5,3,2,1,3,N,NULL,Y,Y,1455,1500,,N,NULL,90,,,N,,N,N,098-CR-1415-0,NULL,NULL,2020,O,7.25382E+11,098-CR-1415  -000,MEDIUM,098-CR-1415  -000,0.027,0,0,0,0,0,0,1,0,0,0,0,0,0
72536843,KSP0900,20-672090,20200828,2253,,7618,KY1056,,,KY1056,KY1056,,,,N,N,NULL,NULL,NULL,N,NULL,NULL,NULL,NULL,NULL,NULL,7.832,NULL,NULL,NULL,NULL,,NULL,0,0,2,2,N,N,35,NULL,98,9863,NULL,,Y,37.58082,37,34.849,NULL,-82.17847,82,10.708,NULL,N,NULL,NULL,NULL,NULL,NULL,NULL,NULL,NULL,8,3,2,6,1,5,6,6,7,3,N,NULL,Y,N,2256,2325,2325,N,NULL,53,7,0,N,,N,N,,NULL,NULL,2020,O,7.25368E+11,098-KY-1056  -000,HIGH,098-KY-1056  -000,7.832,0,0,0,0,0,0,0,1,0,0,0,1,0
72573177,KSP0900,20-818841,20201207,1424,,,KY2062,,,KY2062,KY2062,0,098 KY-2062,KY2062,N,N,NULL,NULL,NULL,N,NULL,NULL,NULL,NULL,NULL,NULL,0.02,NULL,NULL,NULL,NULL,,NULL,1,0,2,2,N,N,55,NULL,98,9804,NULL,,Y,37.50554,37,30.332,NULL,-82.12936,82,7.762,NULL,N,NULL,NULL,NULL,NULL,NULL,NULL,NULL,NULL,1,3,2,4,1,5,3,2,7,3,Y,NULL,Y,Y,1424,1448,1515,N,NULL,55,8,0,N,,N,N,098-KY-2062-0,NULL,NULL,2020,C,7.25732E+11,098-KY-2062  -000,HIGH,098-KY-2062  -000,0.02,0,0,0,0,0,0,1,0,0,1,0,0,0
72453766,KSP0900,19-49209,20191217,1650,,,US460,,,US0460,US0460,0,098 US-460,US0460,N,N,NULL,NULL,NULL,N,NULL,NULL,NULL,NULL,NULL,NULL,12.263,NULL,NULL,NULL,NULL,,NULL,0,0,1,1,N,N,55,NULL,98,9822,NULL,,Y,37.34692,37,20.815,NULL,-82.39353,82,23.612,NULL,N,NULL,NULL,NULL,NULL,NULL,NULL,NULL,NULL,9,3,2,6,1,5,2,3,7,3,N,NULL,Y,N,1650,1710,1700,N,NULL,38,,1,N,,N,N,098-US-0460-0,NULL,NULL,2019,O,7.24538E+11,098-US-0460  -000,HIGH,098-US-0460  -000,12.263,0,0,0,0,0,0,0,0,0,0,0,0,0
72492496,KSP0900,20-12346,20200404,1800,,,US119,,,US0119,US0119,,,,N,N,NULL,NULL,NULL,N,NULL,NULL,NULL,NULL,NULL,NULL,18.775,NULL,NULL,NULL,NULL,,NULL,0,0,1,1,N,N,55,NULL,98,9851,NULL,,Y,37.59866,37,35.919,NULL,-82.27666,82,16.599,NULL,N,NULL,NULL,NULL,NULL,NULL,NULL,NULL,NULL,9,3,4,2,1,1,2,2,7,3,N,NULL,N,N,1800,1802,1802,N,NULL,70,2,1,N,,N,N,,NULL,NULL,2020,O,7.24925E+11,098-US-0119  -000,MEDIUM,098-US-0119  -000,18.775,0,0,0,0,0,0,0,0,0,0,0,1,0
72502765,980100,2.02E+11,20200519,1356,,,FERGUSON,,LN,,,0,098 CS-1087,CS1087,Y,N,NULL,NULL,NULL,N,NULL,NULL,NULL,NULL,NULL,NULL,0.093,NULL,NULL,NULL,NULL,,NULL,0,0,2,2,N,N,NULL,NULL,98,9801,NULL,,Y,37.48445,37,29.067,NULL,-82.51315,82,30.789,NULL,N,NULL,NULL,NULL,NULL,NULL,NULL,NULL,NULL,2,97,1,6,1,5,3,2,1,3,N,NULL,Y,N,1356,1359,1359,N,NULL,90,,,N,,N,N,098-CS-1087-0,NULL,NULL,2020,O,7.25028E+11,098-CS-1087  -000,HIGH,098-CS-1087  -000,0.093,0,0,0,0,0,0,1,0,0,0,0,0,0
72504823,980500,2020AR030,20200526,1700,,,US23,,,US0023,US0023,0,098 US-23,US0023,N,N,NULL,NULL,NULL,N,NULL,NULL,NULL,NULL,NULL,NULL,28.88,NULL,NULL,NULL,NULL,,NULL,0,0,2,2,N,N,45,NULL,98,9807,NULL,,Y,37.52246,37,31.348,NULL,-82.5706,82,34.236,NULL,N,NULL,NULL,NULL,NULL,NULL,NULL,NULL,NULL,5,3,4,6,1,1,3,2,7,3,N,NULL,Y,N,1700,1702,1702,N,NULL,49,,1,N,,N,N,098-US-0023-0,NULL,NULL,2020,O,7.25048E+11,098-US-0023  -000,HIGH,098-US-0023  -000,28.88,0,0,0,1,0,0,0,1,0,0,0,0,0
72514716,KSP0900,20-559537,20200622,322,,,VIRGIE,,RD,KY0610,KY0610,0,098 KY-610,KY0610,N,N,NULL,NULL,NULL,N,NULL,NULL,NULL,NULL,NULL,NULL,2.33,NULL,NULL,NULL,NULL,,NULL,0,0,2,2,N,N,55,NULL,98,9809,2,W,N,37.29592,37,17.755,NULL,-82.60419,82,36.252,NULL,N,NULL,NULL,NULL,NULL,NULL,NULL,NULL,NULL,3,97,2,6,1,1,3,4,6,3,N,NULL,Y,N,326,352,326,N,NULL,47,7,0,N,,N,N,098-KY-0610-0,NULL,NULL,2020,O,7.25147E+11,098-KY-0610  -000,HIGH,098-KY-0610  -000,2.33,0,1,1,0,0,0,0,0,0,0,0,1,0
72616263,KSP0900,21-154831,20210418,1212,,,US119,,,US0119,US0119,0,098 US-119,US0119,N,N,NULL,NULL,NULL,N,NULL,NULL,NULL,NULL,NULL,NULL,24.975,NULL,NULL,NULL,NULL,,NULL,0,0,2,2,N,N,45,NULL,98,9834,NULL,,Y,37.66791,37,40.075,NULL,-82.27699,82,16.619,NULL,N,NULL,NULL,NULL,NULL,NULL,NULL,NULL,NULL,1,3,4,6,1,1,2,2,7,3,N,NULL,Y,Y,1212,1220,1225,N,NULL,55,2,1,N,,N,N,098-US-0119-0,NULL,NULL,2021,O,7.26163E+11,098-US-0119  -000,HIGH,098-US-0119  -000,24.975,0,0,0,1,0,0,1,0,0,0,0,0,0
72469827,980500,2020AR010,20200130,1628,,,ACCESS RD 1,,,,,0,098 CR-1426K,CR1426K,Y,N,NULL,NULL,NULL,N,NULL,NULL,NULL,NULL,NULL,NULL,0.24,NULL,NULL,NULL,NULL,,NULL,0,0,2,2,N,N,15,NULL,98,9801,1,N,N,37.53936,37,32.361,NULL,-82.58201,82,34.921,NULL,N,NULL,NULL,NULL,NULL,NULL,NULL,NULL,NULL,2,97,NULL,3,1,1,3,2,7,3,N,NULL,Y,N,1628,1630,,N,NULL,90,,,N,,N,N,098-CR-1426K-0,NULL,NULL,2020,O,7.24698E+11,098-CR-1426K -000,HIGH,098-CR-1426K -000,0.24,0,0,0,0,0,0,1,0,0,0,0,0,0
72474952,KSP0900,20-5477,20200211,730,,,FERRELLS CREEK,,RD,US0460,US0460,0,098 US-460,US0460,N,N,NULL,NULL,NULL,N,NULL,NULL,NULL,NULL,NULL,NULL,20.298,NULL,NULL,NULL,NULL,,NULL,1,0,1,1,N,N,55,NULL,98,9802,5,NE,N,37.37544,37,22.526,NULL,-82.28931,82,17.359,NULL,N,NULL,NULL,NULL,NULL,NULL,NULL,NULL,NULL,9,5,2,4,1,5,6,2,7,3,Y,NULL,Y,N,730,830,830,N,NULL,51,,1,N,,N,N,098-US-0460-0,NULL,NULL,2020,C,7.2475E+11,098-US-0460  -000,HIGH,098-US-0460  -000,20.298,0,0,0,0,0,0,0,1,0,0,0,1,0
72470412,980100,2.02E+11,20200131,1757,,,US23,,,US0023,US0023,0,098 US-23,US0023,N,N,NULL,NULL,NULL,N,NULL,NULL,NULL,NULL,NULL,NULL,23.057,NULL,NULL,NULL,NULL,,NULL,0,0,2,2,N,N,55,NULL,98,9801,NULL,,Y,37.46585,37,27.951,NULL,-82.52814,82,31.689,NULL,N,NULL,NULL,NULL,NULL,NULL,NULL,NULL,NULL,1,3,4,6,1,5,3,5,1,3,N,NULL,Y,Y,1757,1805,1851,N,NULL,55,,1,N,,N,N,098-US-0023-0,NULL,NULL,2020,O,7.24704E+11,098-US-0023  -000,HIGH,098-US-0023  -000,23.057,0,0,0,1,0,0,0,1,0,0,0,0,0
72490908,KSP0900,20-9661,20200314,1700,,,SHELBY DRY,,FRK,,,0,098 CR-1257,CR1257,N,N,NULL,NULL,NULL,N,NULL,NULL,NULL,NULL,NULL,NULL,0.117,NULL,NULL,NULL,NULL,,NULL,0,0,2,2,N,N,45,NULL,98,9824,NULL,,Y,37.42191,37,25.314,NULL,-82.49202,82,29.521,NULL,N,NULL,NULL,NULL,NULL,NULL,NULL,NULL,NULL,7,3,1,6,1,1,2,2,7,3,N,NULL,Y,N,1700,1710,1710,N,NULL,54,,,N,,N,N,098-CR-1257-0,NULL,NULL,2020,O,7.24909E+11,098-CR-1257  -000,HIGH,098-CR-1257  -000,0.117,0,0,0,0,0,0,0,0,0,0,0,1,0
72494068,980100,2.02E+11,20200410,1227,,,KY3496,,,KY3496,KY3496,,,,Y,N,NULL,NULL,NULL,N,NULL,NULL,NULL,NULL,NULL,NULL,0.195,NULL,NULL,NULL,NULL,,NULL,0,0,1,1,N,N,15,NULL,98,9801,NULL,,Y,37.4665,37,27.99,NULL,-82.53112,82,31.867,NULL,N,NULL,NULL,NULL,NULL,NULL,NULL,NULL,NULL,9,97,1,6,1,1,2,2,1,3,N,NULL,Y,N,1227,1238,1238,N,NULL,90,16,0,N,,N,N,,NULL,NULL,2020,O,7.24941E+11,098-KY-3496  -000,HIGH,098-KY-3496  -000,0.195,0,0,0,0,0,0,1,0,0,0,0,1,0
72482184,KSP0900,20-7662,20200227,1646,,,KY1056,,,KY1056,KY1056,0,098 KY-1056,KY1056,N,N,NULL,NULL,NULL,N,NULL,NULL,NULL,NULL,NULL,NULL,7.384,NULL,NULL,NULL,NULL,,NULL,1,0,1,1,N,N,35,NULL,98,9863,NULL,,Y,37.57681,37,34.609,NULL,-82.1827,82,10.962,NULL,N,NULL,NULL,NULL,NULL,NULL,NULL,NULL,NULL,9,3,2,3,1,1,2,2,7,3,N,NULL,Y,Y,1646,1654,1800,N,NULL,44,7,0,N,,N,N,098-KY-1056-0,NULL,NULL,2020,B,7.24822E+11,098-KY-1056  -000,HIGH,098-KY-1056  -000,7.384,0,0,0,0,0,0,0,0,1,0,0,1,0
72502667,KSP0900,20-18000,20200514,1419,,,US460,,,US0460,US0460,0,098 US-460,US0460,N,N,NULL,NULL,NULL,N,NULL,NULL,NULL,NULL,NULL,NULL,9.842,NULL,NULL,NULL,NULL,,NULL,0,0,1,1,N,N,55,NULL,98,9822,NULL,,Y,37.36429,37,21.857,NULL,-82.40737,82,24.442,NULL,N,NULL,NULL,NULL,NULL,NULL,NULL,NULL,NULL,9,5,2,6,1,1,2,2,7,3,Y,NULL,Y,N,1419,1420,,N,NULL,51,,1,Y,,N,N,098-US-0460-0,NULL,NULL,2020,O,7.25027E+11,098-US-0460  -000,HIGH,098-US-0460  -000,9.842,0,0,0,0,0,0,0,0,1,0,0,1,0
72544430,980500,2020AR053,20200921,1013,,,MAYO,N,TRL,US0023,US0023,0,098 US-23,US0023,N,N,NULL,NULL,NULL,N,NULL,NULL,NULL,NULL,NULL,NULL,28.008,NULL,NULL,NULL,NULL,,NULL,0,0,1,1,N,N,55,NULL,98,9807,NULL,,Y,37.51492,37,30.895,NULL,-82.55856,82,33.514,NULL,N,NULL,NULL,NULL,NULL,NULL,NULL,NULL,NULL,9,3,4,6,1,1,2,2,1,3,N,NULL,Y,N,1013,1016,1027,N,NULL,38,,1,N,,N,N,098-US-0023-0,NULL,NULL,2020,O,7.25444E+11,098-US-0023  -000,HIGH,098-US-0023  -000,28.008,0,0,0,1,0,0,0,0,0,0,0,0,0
72507931,980500,2020AR032,20200605,1222,,3960,MAYO TRAIL,N,,,,,,,Y,N,NULL,NULL,NULL,N,NULL,NULL,NULL,NULL,NULL,NULL,NULL,NULL,NULL,NULL,NULL,NULL,NULL,0,0,2,2,N,N,15,NULL,98,9807,NULL,,Y,37.52134,37,31.28,NULL,-82.5679,82,34.074,NULL,N,NULL,NULL,NULL,NULL,NULL,NULL,NULL,NULL,2,97,2,5,1,5,6,2,1,3,N,NULL,Y,Y,1225,1227,1227,N,NULL,90,,,N,,N,N,,NULL,NULL,2020,O,7.25079E+11,098-US-0023  -000,MEDIUM,098-US-0023  -000,28.713,0,0,0,0,0,0,1,0,0,0,0,0,0
72507076,KSP0900,20-20411,20200530,1236,,,LONG FORK,,RD,KY1469,KY1469,0,098 KY-1469,KY1469,N,N,NULL,NULL,NULL,N,NULL,NULL,NULL,NULL,NULL,NULL,9.107,NULL,NULL,NULL,NULL,,NULL,0,0,1,1,N,N,55,NULL,98,9827,NULL,,Y,37.32265,37,19.359,NULL,-82.61597,82,36.958,NULL,N,NULL,NULL,NULL,NULL,NULL,NULL,NULL,NULL,9,3,2,6,1,1,2,2,7,3,N,NULL,Y,N,1238,1312,,N,NULL,70,8,0,N,,N,N,098-KY-1469-0,NULL,NULL,2020,O,7.25071E+11,098-KY-1469  -000,HIGH,098-KY-1469  -000,9.107,0,0,0,0,0,0,0,0,0,0,0,1,0
72589588,KSP0900,21-27349,20210121,1222,,,US460,,,US0460,US0460,0,098 US-460,US0460,N,N,NULL,NULL,NULL,N,NULL,NULL,NULL,NULL,NULL,NULL,2.76,NULL,NULL,NULL,NULL,,NULL,0,0,2,2,N,N,55,NULL,98,9801,NULL,,Y,37.43077,37,25.846,NULL,-82.47959,82,28.775,NULL,N,NULL,NULL,NULL,NULL,NULL,NULL,NULL,NULL,5,3,2,6,1,1,2,2,7,3,N,NULL,Y,N,1222,1231,1231,N,NULL,49,,1,N,,N,N,098-US-0460-0,NULL,NULL,2021,O,7.25896E+11,098-US-0460  -000,HIGH,098-US-0460  -000,2.76,0,0,0,1,0,0,0,1,0,0,0,0,0
72515505,KSP0900,20-561484,20200623,333,,,KY194,,,KY0194,KY0194,0,098 KY-194,KY0194,N,N,NULL,NULL,NULL,N,NULL,NULL,NULL,NULL,NULL,NULL,13.981,NULL,NULL,NULL,NULL,,NULL,0,0,1,1,N,N,55,NULL,98,9820,NULL,,Y,37.57689,37,34.614,NULL,-82.48654,82,29.192,NULL,N,NULL,NULL,NULL,NULL,NULL,NULL,NULL,NULL,9,4,2,3,1,1,2,5,7,3,N,NULL,Y,N,333,352,430,N,NULL,51,7,0,N,,N,N,098-KY-0194-0,NULL,NULL,2020,O,7.25155E+11,098-KY-0194  -000,HIGH,098-KY-0194  -000,13.981,0,0,0,0,0,0,0,0,1,0,0,1,0
72542715,KSP0900,20-693538,20200911,1531,,,PETER FORK,,RD,,,0,098 CR-1527,CR1527,N,N,NULL,NULL,NULL,N,NULL,NULL,NULL,NULL,NULL,NULL,0.708,NULL,NULL,NULL,NULL,,NULL,0,0,2,2,N,N,35,NULL,98,9863,NULL,,Y,37.58381,37,35.028,NULL,-82.16633,82,9.98,NULL,N,NULL,NULL,NULL,NULL,NULL,NULL,NULL,NULL,7,3,1,6,1,1,2,2,7,3,N,NULL,Y,N,1531,1620,1632,N,NULL,54,,,N,,N,N,098-CR-1527-0,NULL,NULL,2020,O,7.25427E+11,098-CR-1527  -000,HIGH,098-CR-1527  -000,0.708,0,0,0,0,0,0,0,0,0,0,0,1,0
72507419,980100,2.02E+11,20200529,1913,,,KY1426,,,KY1426,KY1426,,,,Y,N,NULL,NULL,NULL,N,NULL,NULL,NULL,NULL,NULL,NULL,6.877,NULL,NULL,NULL,NULL,,NULL,0,0,2,2,N,N,NULL,NULL,98,9801,NULL,,Y,37.4857,37,29.142,NULL,-82.50967,82,30.58,NULL,N,NULL,NULL,NULL,NULL,NULL,NULL,NULL,NULL,8,97,1,6,1,1,2,2,1,3,N,NULL,Y,N,1913,1917,,N,NULL,90,,0,N,,N,N,,NULL,NULL,2020,O,7.25074E+11,098-KY-1426  -000,HIGH,098-KY-1426  -000,6.877,0,0,0,0,0,0,1,0,0,0,0,0,0
72484386,KSP0900,20-8048,20200301,2103,,,LICK,,FRK,,,0,098 CR-1022,CR1022,N,N,NULL,NULL,NULL,N,NULL,NULL,NULL,NULL,NULL,NULL,0.068,NULL,NULL,NULL,NULL,,NULL,1,0,1,1,N,N,35,NULL,98,9827,NULL,,Y,37.66542,37,39.925,NULL,-82.3243,82,19.458,NULL,N,NULL,NULL,NULL,NULL,NULL,NULL,NULL,NULL,9,4,1,3,1,5,3,4,7,3,Y,NULL,Y,Y,2103,2122,2103,N,NULL,51,,,Y,,N,N,098-CR-1022-0,NULL,NULL,2020,C,7.24844E+11,098-CR-1022  -000,HIGH,098-CR-1022  -000,0.068,0,0,0,0,0,0,0,0,1,0,0,1,0
72546103,980100,2.02E+11,20200925,2218,,,US119,,,US0119,US0119,,,,N,N,NULL,NULL,NULL,N,NULL,NULL,NULL,NULL,NULL,NULL,0.095,NULL,NULL,NULL,NULL,,NULL,0,0,2,2,N,N,55,NULL,98,9801,NULL,,Y,37.50397,37,30.238,NULL,-82.53042,82,31.825,NULL,N,NULL,NULL,NULL,NULL,NULL,NULL,NULL,NULL,8,3,4,6,1,1,2,5,1,3,N,NULL,Y,N,2218,2223,2250,N,NULL,53,2,1,N,,N,N,,NULL,NULL,2020,O,7.25461E+11,098-US-0119  -010,MEDIUM,098-US-0119  -000,0.095,0,0,0,0,0,0,1,0,0,0,0,1,0
72538199,980500,2020AR047,20200902,1700,,,US23,,,US0023,US0023,0,098 US-23,US0023,N,N,NULL,NULL,NULL,N,NULL,NULL,NULL,NULL,NULL,NULL,29.214,NULL,NULL,NULL,NULL,,NULL,0,0,2,2,N,N,45,NULL,98,9807,NULL,,Y,37.52654,37,31.592,NULL,-82.57384,82,34.431,NULL,N,NULL,NULL,NULL,NULL,NULL,NULL,NULL,NULL,5,3,6,6,1,5,3,2,7,3,N,NULL,Y,Y,1700,1705,,N,NULL,70,,1,N,,N,N,098-US-0023-0,NULL,NULL,2020,O,7.25382E+11,098-US-0023  -000,HIGH,098-US-0023  -000,29.214,0,0,1,0,0,0,1,0,0,0,0,0,0
72527473,KSP0900,20-621717,20200727,2201,,,US460,,,US0460,US0460,0,098 US-460,US0460,N,N,NULL,NULL,NULL,N,NULL,NULL,NULL,NULL,NULL,NULL,4.789,NULL,NULL,NULL,NULL,,NULL,0,0,2,2,N,N,55,NULL,98,9801,5,E,N,37.4134,37,24.804,NULL,-82.45104,82,27.063,NULL,N,NULL,NULL,NULL,NULL,NULL,NULL,NULL,NULL,5,3,2,6,1,1,2,4,6,3,N,NULL,Y,N,2205,2226,2255,N,NULL,49,,1,N,,N,N,098-US-0460-0,NULL,NULL,2020,O,7.25275E+11,098-US-0460  -000,HIGH,098-US-0460  -000,4.789,0,0,0,0,0,0,0,1,0,0,0,0,0
72521638,980100,2.02E+11,20200714,1423,,911,BYPASS,,RD,,,0,098 CS-1223,CS1223,Y,N,NULL,NULL,NULL,N,NULL,NULL,NULL,NULL,NULL,NULL,NULL,NULL,NULL,NULL,NULL,NULL,NULL,0,0,2,2,N,N,15,NULL,98,9801,NULL,,Y,37.47128,37,28.277,NULL,-82.52117,82,31.27,NULL,N,NULL,NULL,NULL,NULL,NULL,NULL,NULL,NULL,1,97,1,6,2,1,2,2,1,3,N,NULL,Y,N,1423,1434,1434,N,NULL,90,,,N,,N,N,098-CS-1223-0,NULL,NULL,2020,O,7.25216E+11,098-CS-1223  -000,HIGH,098-CS-1223  -000,0.135,0,0,1,0,0,0,0,0,0,0,0,0,0