MasterFile,AgencyORINumber,LocalCode,CollisionDate,CollisionTime,CollisionDayWeekCode,RoadwayName_HouseBusinessNumber_,RoadwayName_RoadwayName_,RoadwayName_Direction_,RoadwayName_RoadwaySuffix_,RoadwayfromReport,CurrentRoadwayNumber,RoadwayNumberCoupletID,RSEUniqueGIS,RoadwayIdentifier,ParkingLotIndicator,IntersectionWith_Indicator_,IntersectionWith_NameRoadway_,IntersectionWith_Direction_,IntersectionWith_RoadwaySuffix_,BetweenStreets_Indicator_,BetweenStreets1_NameRoadway_,BetweenStreet1_Direction_,BetweenStreets1_RoadwaySuffix_,BetweenStreets2_NameRoadway_,BetweenStreets2_Direction_,BetweenStreets2_RoadwaySuffix_,Milepoint,ReportMilepointDeriveNumber,CurrentDerivedMiepointNumber,MilestoMilepoint,FeettoMilepoint,DirectionfromMilepoint_NSEW_,ValidMilepointIndicator,NumberInjured,NumberKilled,ofUnits,ofMotorVehicleUnits,Hit&RunIndicator,OneWayIndicator,SpeedLimitNumber,KilometersIndicator,CountyCode,CityCountyCode,MilesFromCity,DirectionFromCity_NSEW_,InCityLimitsIndicator,Latitude,LatitudeDegrees,LatitudeMinutes,LatitudeSeconds,Longitude,LongitudeDegrees,LongitudeMinutes,LongitudeSeconds,RampIndicator,RampFromIdentifier,RampFromDirCode,RampFromCoupletID,RSEUniqueGISRampFrom,RampToidentifier,RampToDirCode,RampToCoupletID,RSEUniqueGisRampTo,MannerofCollisionCode,LocationFirstEventCode,TotalLanes,RoadwayCharacterCode,RoadwaySurfaceCode,RoadwayConditionCode,WeatherCode,LightConditionCode,LandUseCode,SchoolBusRelatedCode,FirstAidSceneIndicator,CollDescPresentInd,InvestigationCompleteIndicator,PhotosTakenIndicator,TimeNotified,TimeArrived,TimeRoadwayOpened,PropertyDamageIndicator,DiagramPresentIndicator,DirectionalAnalysis,FunctionClassCode,NationalHwySysCode,EnforcementsIndicator,KARSCityCode,SecondaryCollisionIndicator,MedianCrossoverIndicator,RT_UNIQUE,MapIt,TimeLastLeft,YR,KABCO,MFNY,WorkingRID,RT_CONFIDENCE,KTC_RT,KTC_MP,Motorcyclist,CommercialVehicle,YoungDriver,MatureDriver,pedestrian,Bicyclist,Distracted,agressive,Impaired,Unrestrained,Intersection,RoadwayDeparture,MedXover
72540713,980100,2.02E+11,20200909,1616,,,MAY HOLLOW,,RD,,,,,,N,N,NULL,NULL,NULL,N,NULL,NULL,NULL,NULL,NULL,NULL,0.251,NULL,NULL,NULL,NULL,,NULL,0,0,2,2,N,N,35,NULL,98,9801,NULL,,Y,37.49327,37,29.597,NULL,-82.50011,82,30.006,NULL,N,NULL,NULL,NULL,NULL,NULL,NULL,NULL,NULL,2,3,1,5,1,1,2,2,6,3,N,NULL,Y,N,1558,1605,1605,N,NULL,56,,,Y,,N,N,,NULL,NULL,2020,O,7.25407E+11,098-CS-1080  -000,LOW,098-CS-1080  -000,0.251,0,0,0,0,0,0,1,0,0,0,0,0,0
72492712,980100,2.02E+11,20200331,1347,,533,HAMBLEY,,BLVD,,,0,098 CS-1222,CS1222,Y,N,NULL,NULL,NULL,N,NULL,NULL,NULL,NULL,NULL,NULL,0.074,NULL,NULL,NULL,NULL,,NULL,0,0,2,2,N,N,NULL,NULL,98,9801,NULL,,Y,37.47439,37,28.464,NULL,-82.52605,82,31.563,NULL,N,NULL,NULL,NULL,NULL,NULL,NULL,NULL,NULL,2,97,1,6,1,5,6,2,1,3,N,NULL,Y,N,1347,1356,1356,N,NULL,90,,,N,,N,N,098-CS-1222-0,NULL,NULL,2020,O,7.24927E+11,098-CS-1222  -000,HIGH,098-CS-1222  -000,0.074,0,0,0,1,0,0,1,0,0,0,0,0,0
72532236,KSP0900,20-650266,20200814,2334,,,WILLIAMSON,,RD,KY0292,KY0292,,,,N,N,NULL,NULL,NULL,N,NULL,NULL,NULL,NULL,NULL,NULL,8.206,NULL,NULL,NULL,NULL,,NULL,0,0,1,1,N,N,55,NULL,98,9834,NULL,,Y,37.69031,37,41.419,NULL,-82.30193,82,18.115,NULL,N,NULL,NULL,NULL,NULL,NULL,NULL,NULL,NULL,9,3,2,6,1,5,6,6,7,3,N,NULL,Y,N,2336,2354,30,N,NULL,40,7,0,N,,N,N,,NULL,NULL,2020,O,7.25322E+11,098-KY-0292  -000,HIGH,098-KY-0292  -000,8.206,0,0,0,0,0,0,0,0,0,0,0,1,0
72503389,980500,2020AR027,20200521,1404,,23,US HWY 23,N,,,,,,,N,N,NULL,NULL,NULL,N,NULL,NULL,NULL,NULL,NULL,NULL,NULL,NULL,NULL,NULL,NULL,NULL,NULL,0,0,2,2,N,N,45,NULL,98,9807,NULL,,Y,37.52242,37,31.345,NULL,-82.57059,82,34.236,NULL,N,NULL,NULL,NULL,NULL,NULL,NULL,NULL,NULL,5,3,8,6,1,1,3,2,7,3,N,NULL,Y,Y,1410,1416,1416,N,NULL,70,,,N,,N,N,,NULL,NULL,2020,O,7.25034E+11,098-US-0023  -000,MEDIUM,098-US-0023  -000,28.877,0,0,0,1,0,0,0,0,0,0,0,0,0
72549251,KSP0900,20-715499,20200926,1620,,,US460,,,US0460,US0460,0,098 US-460,US0460,Y,N,NULL,NULL,NULL,N,NULL,NULL,NULL,NULL,NULL,NULL,14.108,NULL,NULL,NULL,NULL,,NULL,0,0,2,2,N,N,55,NULL,98,9805,NULL,,Y,37.34115,37,20.469,NULL,-82.37894,82,22.736,NULL,N,NULL,NULL,NULL,NULL,NULL,NULL,NULL,NULL,5,97,1,6,1,1,2,2,7,3,N,NULL,N,N,1620,1640,1640,N,NULL,90,,1,Y,,N,N,098-US-0460-0,NULL,NULL,2020,O,7.25493E+11,098-US-0460  -000,HIGH,098-US-0460  -000,14.108,0,0,0,0,0,0,1,0,0,0,0,0,0
72569356,KSP0900,20-767141,20201101,1400,,,UPPER BRANCH,,RD,,,0,098 CS-2042,CS2042,N,N,NULL,NULL,NULL,N,NULL,NULL,NULL,NULL,NULL,NULL,0.091,NULL,NULL,NULL,NULL,,NULL,0,0,1,1,N,N,35,NULL,98,9802,NULL,,Y,37.29921,37,17.953,NULL,-82.33605,82,20.163,NULL,N,NULL,NULL,NULL,NULL,NULL,NULL,NULL,NULL,9,3,1,5,1,1,2,2,7,3,N,NULL,N,N,1400,1420,1420,N,NULL,40,,,N,,N,N,098-CS-2042-0,NULL,NULL,2020,O,7.25694E+11,098-CS-2042  -000,HIGH,098-CS-2042  -000,0.091,0,0,0,0,0,0,0,0,0,0,0,1,0
72533657,980100,2.02E+11,20200820,1741,,,BYPASS,S,RD,KY1426,KY1426,,,,Y,N,NULL,NULL,NULL,N,NULL,NULL,NULL,NULL,NULL,NULL,6.437,NULL,NULL,NULL,NULL,,NULL,0,0,2,2,N,N,15,NULL,98,9801,NULL,,Y,37.48246,37,28.948,NULL,-82.51397,82,30.838,NULL,N,NULL,NULL,NULL,NULL,NULL,NULL,NULL,NULL,1,97,NULL,6,1,1,3,2,1,3,N,NULL,Y,N,1741,1745,,N,NULL,90,,0,Y,,N,N,,NULL,NULL,2020,O,7.25337E+11,098-KY-1426  -000,MEDIUM,098-KY-1426  -000,6.437,0,0,0,1,0,0,1,0,0,0,0,0,0
72533172,KSP0900,20-656667,20200819,745,,,KY632,,,KY0632,KY0632,0,098 KY-632,KY0632,N,N,NULL,NULL,NULL,N,NULL,NULL,NULL,NULL,NULL,NULL,5.734,NULL,NULL,NULL,NULL,,NULL,0,0,2,2,N,N,55,NULL,98,9817,NULL,,Y,37.49321,37,29.592,NULL,-82.26505,82,15.903,NULL,N,NULL,NULL,NULL,NULL,NULL,NULL,NULL,NULL,5,3,2,6,1,1,3,2,7,3,Y,NULL,Y,Y,745,750,815,N,NULL,49,6,0,N,,N,N,098-KY-0632-0,NULL,NULL,2020,O,7.25332E+11,098-KY-0632  -000,HIGH,098-KY-0632  -000,5.734,0,0,0,1,0,0,1,1,0,0,0,0,0
72538492,KSP0900,20-675064,20200830,2326,,,KY122,,,KY0122,KY0122,0,098 KY-122,KY0122,N,N,NULL,NULL,NULL,N,NULL,NULL,NULL,NULL,NULL,NULL,3.839,NULL,NULL,NULL,NULL,,NULL,0,0,1,1,N,N,55,NULL,98,9827,NULL,,Y,37.33929,37,20.358,NULL,-82.60934,82,36.561,NULL,N,NULL,NULL,NULL,NULL,NULL,NULL,NULL,NULL,9,5,2,6,1,1,2,4,7,3,N,NULL,Y,N,2326,2335,22,N,NULL,51,,0,Y,,N,N,098-KY-0122-0,NULL,NULL,2020,O,7.25385E+11,098-KY-0122  -000,HIGH,098-KY-0122  -000,3.839,0,0,0,0,0,0,1,0,1,0,0,1,0
72482717,KSP0900,20-7333,20200224,1945,,,CHLOE,,RD,KY1460,KY1460,0,098 KY-1460,KY1460,N,N,NULL,NULL,NULL,N,NULL,NULL,NULL,NULL,NULL,NULL,0.13,NULL,NULL,NULL,NULL,,NULL,0,0,1,1,N,N,45,NULL,98,9801,NULL,,Y,37.43318,37,25.991,NULL,-82.48067,82,28.84,NULL,N,NULL,NULL,NULL,NULL,NULL,NULL,NULL,NULL,9,3,2,6,1,5,3,6,7,3,N,NULL,Y,N,1945,1952,2051,N,NULL,70,,0,Y,,N,N,098-KY-1460-0,NULL,NULL,2020,O,7.24827E+11,098-KY-1460  -000,HIGH,098-KY-1460  -000,0.13,0,0,0,0,0,0,1,0,1,0,0,1,0
72509947,980100,2.02E+11,20200531,1447,,,US23,,,US0023,US0023,0,098 US-23,US0023,N,N,NULL,NULL,NULL,N,NULL,NULL,NULL,NULL,NULL,NULL,22.561,NULL,NULL,NULL,NULL,,NULL,0,0,1,1,N,N,55,NULL,98,9801,NULL,,Y,37.46437,37,27.862,NULL,-82.51945,82,31.167,NULL,N,NULL,NULL,NULL,NULL,NULL,NULL,NULL,NULL,9,3,4,6,1,1,2,2,1,3,N,NULL,Y,N,1447,1449,,N,NULL,38,,1,N,,N,N,098-US-0023-0,NULL,NULL,2020,O,7.25099E+11,098-US-0023  -000,HIGH,098-US-0023  -000,22.561,0,0,0,0,0,0,0,0,0,0,0,0,0
72628619,980100,2.021E+11,20210523,413,,,,,,US0023,US0023,,,,N,N,NULL,NULL,NULL,N,NULL,NULL,NULL,NULL,NULL,NULL,0.359,NULL,NULL,NULL,NULL,,NULL,1,0,1,1,N,N,45,NULL,98,9801,NULL,,Y,37.47375,37,28.425,NULL,-82.53154,82,31.893,NULL,Y,US0023,S,NULL,098 US-23-131,KY1426,E,NULL,098 US-23-131,9,5,1,6,1,1,2,5,6,3,Y,NULL,Y,Y,326,329,354,N,NULL,85,,1,Y,,N,N,,NULL,NULL,2021,C,7.26286E+11,098-US-0023  -131,HIGH,098-US-0023  -131,0.359,0,0,0,0,0,0,1,0,1,0,0,1,0
72546398,KSP0900,20-688722,20200908,1330,,,KY194,,,KY0194,KY0194,0,098 KY-194,KY0194,N,N,NULL,NULL,NULL,N,NULL,NULL,NULL,NULL,NULL,NULL,51.24,NULL,NULL,NULL,NULL,,NULL,1,0,1,1,N,N,55,NULL,98,9804,NULL,,Y,37.46924,37,28.154,NULL,-82.13026,82,7.815,NULL,N,NULL,NULL,NULL,NULL,NULL,NULL,NULL,NULL,9,3,2,3,1,1,2,2,7,3,Y,NULL,Y,Y,1330,1350,1350,N,NULL,44,8,0,N,,N,N,098-KY-0194-0,NULL,NULL,2020,C,7.25464E+11,098-KY-0194  -000,HIGH,098-KY-0194  -000,51.24,0,0,0,0,0,0,1,0,0,0,0,1,0
72527103,980000,20-07-009,20200728,1615,,,US119,,,US0119,US0119,0,098 US-119-10,US0119,N,N,NULL,NULL,NULL,N,NULL,NULL,NULL,NULL,NULL,NULL,4.794,NULL,NULL,NULL,NULL,,NULL,0,0,2,2,N,N,55,NULL,98,9828,NULL,,Y,37.52345,37,31.407,NULL,-82.45568,82,27.341,NULL,N,NULL,NULL,NULL,NULL,NULL,NULL,NULL,NULL,8,3,2,6,1,6,6,2,7,3,N,NULL,Y,Y,1600,1600,1700,N,NULL,53,2,1,Y,,N,N,098-US-0119-10,NULL,NULL,2020,O,7.25271E+11,098-US-0119  -010,HIGH,098-US-0119  -000,4.794,0,0,0,0,0,0,0,1,0,0,0,1,0
72502477,980100,2.02E+11,20200518,1655,,,US23,,,US0023,US0023,,,,N,N,NULL,NULL,NULL,N,NULL,NULL,NULL,NULL,NULL,NULL,26.291,NULL,NULL,NULL,NULL,,NULL,0,0,2,2,N,N,55,NULL,98,9801,NULL,,Y,37.50375,37,30.225,NULL,-82.53237,82,31.942,NULL,N,NULL,NULL,NULL,NULL,NULL,NULL,NULL,NULL,1,3,4,3,1,1,3,2,7,3,N,NULL,Y,N,1655,1701,1701,N,NULL,55,,1,N,,N,N,,NULL,NULL,2020,O,7.25025E+11,098-US-0023  -010,MEDIUM,098-US-0023  -000,26.291,0,0,0,0,0,0,1,0,0,0,0,0,0
72513687,KSP0900,20-558699,20200621,1745,,,KY1056,,,KY1056,KY1056,0,098 KY-1056,KY1056,N,N,NULL,NULL,NULL,N,NULL,NULL,NULL,NULL,NULL,NULL,8.597,NULL,NULL,NULL,NULL,,NULL,0,0,2,2,N,N,45,NULL,98,9863,NULL,,Y,37.59064,37,35.438,NULL,-82.17365,82,10.419,NULL,N,NULL,NULL,NULL,NULL,NULL,NULL,NULL,NULL,5,3,2,6,1,1,2,2,7,3,N,NULL,N,N,1745,1800,1800,N,NULL,49,7,0,N,,N,N,098-KY-1056-0,NULL,NULL,2020,O,7.25137E+11,098-KY-1056  -000,HIGH,098-KY-1056  -000,8.597,0,0,0,0,0,0,1,0,0,0,0,0,0
72518791,980100,2.02E+11,20200706,1800,,,US23,,,US0023,US0023,,,,N,N,NULL,NULL,NULL,N,NULL,NULL,NULL,NULL,NULL,NULL,24.895,NULL,NULL,NULL,NULL,,NULL,0,0,2,2,N,N,55,NULL,98,9801,NULL,,Y,37.48705,37,29.223,NULL,-82.54144,82,32.487,NULL,N,NULL,NULL,NULL,NULL,NULL,NULL,NULL,NULL,8,3,4,6,1,1,2,2,7,3,N,NULL,Y,N,1932,1947,1947,N,NULL,53,,1,N,,N,N,,NULL,NULL,2020,O,7.25188E+11,098-US-0023  -000,MEDIUM,098-US-0023  -000,24.895,0,0,0,0,0,0,0,0,0,0,0,1,0
72543502,KSP0900,20-703950,20200918,1300,,,KY632,,,KY0632,KY0632,0,098 KY-632,KY0632,N,N,NULL,NULL,NULL,N,NULL,NULL,NULL,NULL,NULL,NULL,8.783,NULL,NULL,NULL,NULL,,NULL,0,0,1,1,N,N,55,NULL,98,9804,NULL,,Y,37.48379,37,29.027,NULL,-82.21635,82,12.981,NULL,N,NULL,NULL,NULL,NULL,NULL,NULL,NULL,NULL,9,3,2,3,1,1,3,2,7,3,N,NULL,Y,N,1300,1330,1400,N,NULL,44,6,0,N,,N,N,098-KY-0632-0,NULL,NULL,2020,O,7.25435E+11,098-KY-0632  -000,HIGH,098-KY-0632  -000,8.783,0,0,0,0,0,0,1,0,0,0,0,1,0
72533460,980000,20-08-003,20200813,1430,,,OWLS,,BR,,,0,098 CR-1954,CR1954,N,N,NULL,NULL,NULL,N,NULL,NULL,NULL,NULL,NULL,NULL,0.515,NULL,NULL,NULL,NULL,,NULL,0,0,1,1,N,N,35,NULL,98,9809,25,S,N,37.26203,37,15.722,NULL,-82.56387,82,33.832,NULL,N,NULL,NULL,NULL,NULL,NULL,NULL,NULL,NULL,9,4,1,4,1,1,2,2,7,3,N,NULL,Y,Y,1441,1441,1549,N,NULL,44,,,N,,N,N,098-CR-1954-0,NULL,NULL,2020,O,7.25335E+11,098-CR-1954  -000,HIGH,098-CR-1954  -000,0.515,0,0,0,1,0,0,0,0,0,0,0,1,0
72524071,980100,2.02E+11,20200723,1837,,,MAYO,N,TRL,US0023,US0023,0,098 US-23-10,US0023,N,N,NULL,NULL,NULL,N,NULL,NULL,NULL,NULL,NULL,NULL,25.707,NULL,NULL,NULL,NULL,,NULL,0,0,2,2,N,N,55,NULL,98,9801,NULL,,Y,37.49553,37,29.732,NULL,-82.53142,82,31.885,NULL,N,NULL,NULL,NULL,NULL,NULL,NULL,NULL,NULL,1,3,4,6,1,5,6,2,7,3,N,NULL,Y,N,1837,1843,,N,NULL,55,,1,N,,N,N,098-US-0023-10,NULL,NULL,2020,O,7.25241E+11,098-US-0023  -010,HIGH,098-US-0023  -000,25.707,0,0,0,0,0,0,1,0,0,0,0,0,0
72520937,KSP0900,2020-586924,20200706,2040,,924,KY612,,,KY0612,KY0612,,,,N,N,NULL,NULL,NULL,N,NULL,NULL,NULL,NULL,NULL,NULL,7.468,NULL,NULL,NULL,NULL,,NULL,3,0,1,1,N,N,35,NULL,98,9826,NULL,,Y,37.66179,37,39.707,NULL,-82.3064,82,18.384,NULL,N,NULL,NULL,NULL,NULL,NULL,NULL,NULL,NULL,9,5,2,6,1,5,6,3,7,3,Y,NULL,Y,Y,2045,2106,2200,N,NULL,44,8,0,N,,N,N,,NULL,NULL,2020,C,7.25209E+11,098-KY-0612  -000,HIGH,098-KY-0612  -000,7.468,0,0,0,0,0,0,0,0,0,0,0,1,0
72547367,KSP0900,20-716231,20200927,147,,,APPALACHIAN,,PLZ,,,,,,Y,N,NULL,NULL,NULL,N,NULL,NULL,NULL,NULL,NULL,NULL,0.041,NULL,NULL,NULL,NULL,,NULL,0,0,2,2,N,N,15,NULL,98,9834,NULL,,Y,37.66607,37,39.964,NULL,-82.27457,82,16.475,NULL,N,NULL,NULL,NULL,NULL,NULL,NULL,NULL,NULL,4,97,1,6,1,1,2,5,7,3,N,NULL,N,N,120,145,145,N,NULL,90,,,N,,N,N,,NULL,NULL,2020,O,7.25474E+11,098-PR-1008  -000,LOW,098-PR-1008  -000,0.041,0,0,1,0,0,0,0,1,0,0,0,0,0
72495219,980100,2.02E+11,20200417,1450,,,CASSIDY,,BLVD,,,,,,Y,N,NULL,NULL,NULL,N,NULL,NULL,NULL,NULL,NULL,NULL,0.23,NULL,NULL,NULL,NULL,,NULL,0,0,2,2,N,N,15,NULL,98,9801,NULL,,Y,37.50432,37,30.259,NULL,-82.53565,82,32.139,NULL,N,NULL,NULL,NULL,NULL,NULL,NULL,NULL,NULL,8,97,1,6,1,1,2,2,1,3,N,NULL,Y,N,1450,1457,1457,N,NULL,90,,,N,,N,N,,NULL,NULL,2020,O,7.24952E+11,098-CS-1191  -000,LOW,098-CS-1191  -000,0.23,0,0,0,1,0,0,1,0,0,0,0,0,0
72577083,980100,2.02E+11,20201127,1515,,,HAMBLEY,,BLVD,,,,,,Y,N,NULL,NULL,NULL,N,NULL,NULL,NULL,NULL,NULL,NULL,0.641,NULL,NULL,NULL,NULL,,NULL,0,0,2,2,N,N,25,NULL,98,9801,NULL,,Y,37.48021,37,28.813,NULL,-82.51916,82,31.149,NULL,N,NULL,NULL,NULL,NULL,NULL,NULL,NULL,NULL,1,97,2,6,1,1,2,2,7,3,N,NULL,Y,N,1515,1516,1516,N,NULL,47,,,N,,N,N,,NULL,NULL,2020,O,7.25771E+11,098-CS-1222  -000,MEDIUM,098-CS-1222  -000,0.641,0,0,0,0,0,0,1,0,0,0,0,0,0
72505276,KSP0900,20-18015,20200514,1653,,,KY1056,,,KY1056,KY1056,0,098 KY-1056,KY1056,N,N,NULL,NULL,NULL,N,NULL,NULL,NULL,NULL,NULL,NULL,2.641,NULL,NULL,NULL,NULL,,NULL,0,0,2,2,N,N,55,NULL,98,9851,NULL,,Y,37.55914,37,33.548,NULL,-82.23019,82,13.812,NULL,N,NULL,NULL,NULL,NULL,NULL,NULL,NULL,NULL,3,3,2,1,1,1,2,2,7,3,N,NULL,Y,Y,1702,1718,1811,N,NULL,52,8,0,N,,N,Y,098-KY-1056-0,NULL,NULL,2020,O,7.25053E+11,098-KY-1056  -000,HIGH,098-KY-1056  -000,2.641,0,0,1,0,0,0,0,0,0,0,0,1,1
72518302,KSP0900,20-554630,20200619,1900,,,US460,,,US0460,US0460,0,098 US-460,US0460,N,N,NULL,NULL,NULL,N,NULL,NULL,NULL,NULL,NULL,NULL,10.724,NULL,NULL,NULL,NULL,,NULL,2,0,2,2,N,N,55,NULL,98,9802,NULL,,Y,37.35426,37,21.256,NULL,-82.40257,82,24.154,NULL,N,NULL,NULL,NULL,NULL,NULL,NULL,NULL,NULL,5,3,2,3,1,1,2,2,7,3,Y,NULL,N,N,1900,1935,1935,N,NULL,49,,1,N,,N,N,098-US-0460-0,NULL,NULL,2020,C,7.25183E+11,098-US-0460  -000,HIGH,098-US-0460  -000,10.724,0,0,0,0,0,0,0,0,0,0,0,0,0
72521387,KSP0900,20-600262,20200714,1841,,,KY122,,,KY0122,KY0122,0,098 KY-122,KY0122,N,N,NULL,NULL,NULL,N,NULL,NULL,NULL,NULL,NULL,NULL,6.8,NULL,NULL,NULL,NULL,,NULL,0,0,2,2,N,N,55,NULL,98,9827,NULL,,Y,37.36924,37,22.155,NULL,-82.58227,82,34.936,NULL,N,NULL,NULL,NULL,NULL,NULL,NULL,NULL,NULL,3,3,2,6,1,1,2,2,6,3,N,NULL,N,Y,1844,1929,1950,N,NULL,52,,0,N,,N,N,098-KY-0122-0,NULL,NULL,2020,O,7.25214E+11,098-KY-0122  -000,HIGH,098-KY-0122  -000,6.8,0,0,0,0,0,0,0,0,0,0,0,1,0
72479553,980000,20-02-002,20200213,1715,,,US460,,,US0460,US0460,0,098 US-460,US0460,N,N,NULL,NULL,NULL,N,NULL,NULL,NULL,NULL,NULL,NULL,6.673,NULL,NULL,NULL,NULL,,NULL,0,0,2,2,N,N,45,NULL,98,9832,NULL,,Y,37.39423,37,23.653,NULL,-82.43315,82,25.989,NULL,N,NULL,NULL,NULL,NULL,NULL,NULL,NULL,NULL,8,3,2,6,1,5,6,2,7,3,N,NULL,Y,Y,1700,1715,1715,N,NULL,53,,1,Y,,N,N,098-US-0460-0,NULL,NULL,2020,O,7.24796E+11,098-US-0460  -000,HIGH,098-US-0460  -000,6.673,0,0,1,0,0,0,1,1,0,0,0,1,0
72597202,980100,2.021E+11,20210223,1201,,,US23,,,US0023,US0023,,,,N,N,NULL,NULL,NULL,N,NULL,NULL,NULL,NULL,NULL,NULL,29.1,NULL,NULL,NULL,NULL,,NULL,0,0,2,2,N,N,55,NULL,98,9807,1,N,N,37.525,37,31.5,NULL,-82.5731,82,34.386,NULL,N,NULL,NULL,NULL,NULL,NULL,NULL,NULL,NULL,8,3,4,6,1,1,2,2,1,3,N,NULL,N,N,1201,1215,1229,N,NULL,53,,1,N,,N,N,,NULL,NULL,2021,O,7.25972E+11,098-US-0023  -010,MEDIUM,098-US-0023  -000,29.1,0,0,0,0,0,0,0,0,0,0,0,1,0
72535149,KSP0900,20-665505,20200824,1811,,,RIGHT FORK THREE MILE,,RD,,,0,098 CR-1956,CR1956,N,N,NULL,NULL,NULL,N,NULL,NULL,NULL,NULL,NULL,NULL,0.778,NULL,NULL,NULL,NULL,,NULL,0,0,2,2,N,N,15,NULL,98,9809,NULL,,Y,37.25188,37,15.113,NULL,-82.54245,82,32.547,NULL,N,NULL,NULL,NULL,NULL,NULL,NULL,NULL,NULL,7,3,1,6,1,1,2,4,6,3,N,NULL,Y,N,1811,1835,,N,NULL,54,,,Y,,N,N,098-CR-1956-0,NULL,NULL,2020,O,7.25351E+11,098-CR-1956  -000,HIGH,098-CR-1956  -000,0.778,0,0,0,0,0,0,0,0,0,0,0,1,0
72550286,KSP0900,20-712881,20200923,1700,,,FISHTRAP,,RD,KY1441,KY1441,0,098 KY-1441,KY1441,N,N,NULL,NULL,NULL,N,NULL,NULL,NULL,NULL,NULL,NULL,3.284,NULL,NULL,NULL,NULL,,NULL,0,0,2,2,N,N,35,NULL,98,9801,NULL,,Y,37.43528,37,26.117,NULL,-82.42685,82,25.611,NULL,N,NULL,NULL,NULL,NULL,NULL,NULL,NULL,NULL,3,3,2,6,1,1,2,2,7,3,N,NULL,Y,N,1847,1916,,N,NULL,52,8,0,N,,N,N,098-KY-1441-0,NULL,NULL,2020,O,7.25503E+11,098-KY-1441  -000,HIGH,098-KY-1441  -000,3.284,0,0,0,0,0,0,1,0,0,0,0,1,0
72521116,980100,2.02E+11,20200714,1622,,,BYPASS,S,RD,KY1426,KY1426,0,098 KY-1426,KY1426,N,N,NULL,NULL,NULL,N,NULL,NULL,NULL,NULL,NULL,NULL,5.616,NULL,NULL,NULL,NULL,,NULL,0,0,2,2,N,N,45,NULL,98,9801,NULL,,Y,37.4725,37,28.35,NULL,-82.52418,82,31.45,NULL,N,NULL,NULL,NULL,NULL,NULL,NULL,NULL,NULL,5,3,2,6,1,1,2,2,7,3,N,NULL,Y,N,1622,1636,1636,N,NULL,70,,0,N,,N,N,098-KY-1426-0,NULL,NULL,2020,O,7.25211E+11,098-KY-1426  -000,HIGH,098-KY-1426  -000,5.616,0,0,0,0,0,0,1,0,0,0,0,0,0
72543177,980500,2020AR051,20200917,1303,,,US 23 NORTH,,,,,,,,N,N,NULL,NULL,NULL,N,NULL,NULL,NULL,NULL,NULL,NULL,NULL,NULL,NULL,NULL,NULL,NULL,NULL,0,0,2,2,N,N,45,NULL,98,9807,NULL,,Y,37.5265,37,31.59,NULL,-82.57398,82,34.439,NULL,N,NULL,NULL,NULL,NULL,NULL,NULL,NULL,NULL,1,3,6,6,1,5,6,2,1,3,Y,NULL,Y,N,1303,1308,1331,N,NULL,55,,,N,,N,N,,NULL,NULL,2020,O,7.25432E+11,098-US-0023  -044,MEDIUM,098-US-0023  -044,0.007,0,0,0,1,0,0,0,1,0,0,0,0,0
72546917,980100,2.02E+11,20200927,1704,,,CASSIDY,,BLVD,,,,,,Y,N,NULL,NULL,NULL,N,NULL,NULL,NULL,NULL,NULL,NULL,0.281,NULL,NULL,NULL,NULL,,NULL,0,0,2,2,N,N,15,NULL,98,9801,NULL,,Y,37.50493,37,30.296,NULL,-82.53647,82,32.188,NULL,N,NULL,NULL,NULL,NULL,NULL,NULL,NULL,NULL,2,97,NULL,6,1,1,2,2,5,3,N,NULL,Y,N,1704,1710,1735,N,NULL,90,,,N,,N,N,,NULL,NULL,2020,O,7.25469E+11,098-CS-1191  -000,MEDIUM,098-CS-1191  -000,0.281,0,0,0,0,0,0,1,0,0,0,0,0,0
72538722,KSP0900,20-681205,20200903,2035,,,ROBINSON CREEK,,RD,KY0122,KY0122,0,098 KY-122,KY0122,N,N,NULL,NULL,NULL,N,NULL,NULL,NULL,NULL,NULL,NULL,7.234,NULL,NULL,NULL,NULL,,NULL,0,0,1,1,N,N,55,NULL,98,9823,NULL,,Y,37.37407,37,22.444,NULL,-82.58558,82,35.135,NULL,N,NULL,NULL,NULL,NULL,NULL,NULL,NULL,NULL,9,3,2,3,1,5,2,6,7,3,N,NULL,Y,N,2035,2035,2045,N,NULL,40,,0,N,,N,N,098-KY-0122-0,NULL,NULL,2020,O,7.25387E+11,098-KY-0122  -000,HIGH,098-KY-0122  -000,7.234,0,0,0,0,0,0,0,0,0,0,0,1,0
72523847,980100,2.02E+11,20200719,1515,,,US23,,,US0023,US0023,0,098 US-23,US0023,N,N,NULL,NULL,NULL,N,NULL,NULL,NULL,NULL,NULL,NULL,25.734,NULL,NULL,NULL,NULL,,NULL,2,0,2,2,N,N,55,NULL,98,9801,NULL,,Y,37.49588,37,29.753,NULL,-82.53106,82,31.864,NULL,N,NULL,NULL,NULL,NULL,NULL,NULL,NULL,NULL,1,3,4,3,1,1,2,2,1,3,Y,NULL,Y,Y,1515,1520,,N,NULL,55,,1,N,,N,N,098-US-0023-0,NULL,NULL,2020,C,7.25238E+11,098-US-0023  -000,HIGH,098-US-0023  -000,25.734,0,0,0,0,0,0,1,0,0,0,0,0,0