MasterFile,AgencyORINumber,LocalCode,CollisionDate,CollisionTime,CollisionDayWeekCode,RoadwayName_HouseBusinessNumber_,RoadwayName_RoadwayName_,RoadwayName_Direction_,RoadwayName_RoadwaySuffix_,RoadwayfromReport,CurrentRoadwayNumber,RoadwayNumberCoupletID,RSEUniqueGIS,RoadwayIdentifier,ParkingLotIndicator,IntersectionWith_Indicator_,IntersectionWith_NameRoadway_,IntersectionWith_Direction_,IntersectionWith_RoadwaySuffix_,BetweenStreets_Indicator_,BetweenStreets1_NameRoadway_,BetweenStreet1_Direction_,BetweenStreets1_RoadwaySuffix_,BetweenStreets2_NameRoadway_,BetweenStreets2_Direction_,BetweenStreets2_RoadwaySuffix_,Milepoint,ReportMilepointDeriveNumber,CurrentDerivedMiepointNumber,MilestoMilepoint,FeettoMilepoint,DirectionfromMilepoint_NSEW_,ValidMilepointIndicator,NumberInjured,NumberKilled,ofUnits,ofMotorVehicleUnits,Hit&RunIndicator,OneWayIndicator,SpeedLimitNumber,KilometersIndicator,CountyCode,CityCountyCode,MilesFromCity,DirectionFromCity_NSEW_,InCityLimitsIndicator,Latitude,LatitudeDegrees,LatitudeMinutes,LatitudeSeconds,Longitude,LongitudeDegrees,LongitudeMinutes,LongitudeSeconds,RampIndicator,RampFromIdentifier,RampFromDirCode,RampFromCoupletID,RSEUniqueGISRampFrom,RampToidentifier,RampToDirCode,RampToCoupletID,RSEUniqueGisRampTo,MannerofCollisionCode,LocationFirstEventCode,TotalLanes,RoadwayCharacterCode,RoadwaySurfaceCode,RoadwayConditionCode,WeatherCode,LightConditionCode,LandUseCode,SchoolBusRelatedCode,FirstAidSceneIndicator,CollDescPresentInd,InvestigationCompleteIndicator,PhotosTakenIndicator,TimeNotified,TimeArrived,TimeRoadwayOpened,PropertyDamageIndicator,DiagramPresentIndicator,DirectionalAnalysis,FunctionClassCode,NationalHwySysCode,EnforcementsIndicator,KARSCityCode,SecondaryCollisionIndicator,MedianCrossoverIndicator,RT_UNIQUE,MapIt,TimeLastLeft,YR,KABCO,MFNY,WorkingRID,RT_CONFIDENCE,KTC_RT,KTC_MP,Motorcyclist,CommercialVehicle,YoungDriver,MatureDriver,pedestrian,Bicyclist,Distracted,agressive,Impaired,Unrestrained,Intersection,RoadwayDeparture,MedXover
72514602,980000,20-06-005,20200614,2040,,,KY1056,,,KY1056,KY1056,0,098 KY-1056,KY1056,N,N,NULL,NULL,NULL,N,NULL,NULL,NULL,NULL,NULL,NULL,9.596,NULL,NULL,NULL,NULL,,NULL,0,0,1,1,N,N,55,NULL,98,9863,8,N,N,37.59876,37,35.926,NULL,-82.16781,82,10.068,NULL,N,NULL,NULL,NULL,NULL,NULL,NULL,NULL,NULL,9,97,2,3,1,5,6,6,7,3,N,NULL,N,N,2040,2128,2158,N,NULL,40,7,0,N,,N,N,098-KY-1056-0,NULL,NULL,2020,O,7.25146E+11,098-KY-1056  -000,HIGH,098-KY-1056  -000,9.596,0,0,0,0,0,0,0,1,0,0,0,1,0
72533840,980100,2.02E+11,20200811,1229,,,BYPASS,S,RD,KY1426,KY1426,,,,Y,N,NULL,NULL,NULL,N,NULL,NULL,NULL,NULL,NULL,NULL,5.692,NULL,NULL,NULL,NULL,,NULL,0,0,2,2,N,N,NULL,NULL,98,9801,NULL,,Y,37.47278,37,28.367,NULL,-82.52283,82,31.37,NULL,N,NULL,NULL,NULL,NULL,NULL,NULL,NULL,NULL,2,97,2,4,2,1,2,2,5,3,N,NULL,Y,N,1229,1246,,N,NULL,90,,0,Y,,N,N,,NULL,NULL,2020,O,7.25338E+11,098-KY-1426  -000,HIGH,098-KY-1426  -000,5.692,0,0,0,1,0,0,1,0,1,0,0,0,0
72532985,980100,2.02E+12,20200818,1649,,,US23,,,US0023,US0023,,,,N,N,NULL,NULL,NULL,N,NULL,NULL,NULL,NULL,NULL,NULL,25.715,NULL,NULL,NULL,NULL,,NULL,0,0,1,1,N,N,55,NULL,98,9801,NULL,,Y,37.4956,37,29.736,NULL,-82.53121,82,31.873,NULL,N,NULL,NULL,NULL,NULL,NULL,NULL,NULL,NULL,9,3,4,6,1,1,2,2,1,3,N,NULL,Y,N,1649,1654,1654,N,NULL,41,,1,N,,N,N,,NULL,NULL,2020,O,7.2533E+11,098-US-0023  -000,MEDIUM,098-US-0023  -000,25.715,0,0,0,0,0,0,0,0,0,0,0,1,0
72517863,980100,2.02E+11,20200703,1119,,,OWSLEY,,RD,KY1384,KY1384,,,,N,N,NULL,NULL,NULL,N,NULL,NULL,NULL,NULL,NULL,NULL,6.799,NULL,NULL,NULL,NULL,,NULL,0,0,2,2,N,N,35,NULL,98,9801,NULL,,Y,37.47931,37,28.758,NULL,-82.54302,82,32.581,NULL,N,NULL,NULL,NULL,NULL,NULL,NULL,NULL,NULL,4,3,4,6,1,1,2,2,6,3,N,NULL,Y,N,1119,1124,1216,N,NULL,70,17,0,N,,N,N,,NULL,NULL,2020,O,7.25179E+11,098-KY-1384  -000,MEDIUM,098-KY-1384  -000,6.799,0,0,0,1,0,0,1,0,0,0,0,0,0
72526940,980100,2.02E+11,20200731,1453,,,MAYO,N,TRL,US0023,US0023,,,,N,N,NULL,NULL,NULL,N,NULL,NULL,NULL,NULL,NULL,NULL,25.923,NULL,NULL,NULL,NULL,,NULL,0,0,2,2,N,N,55,NULL,98,9801,NULL,,Y,37.49858,37,29.915,NULL,-82.53143,82,31.886,NULL,N,NULL,NULL,NULL,NULL,NULL,NULL,NULL,NULL,5,3,4,6,1,5,6,2,1,3,N,NULL,Y,N,1453,1456,1456,N,NULL,49,,1,N,,N,N,,NULL,NULL,2020,O,7.25269E+11,098-US-0023  -010,MEDIUM,098-US-0023  -000,25.923,0,0,0,0,0,0,1,0,0,0,0,0,0
72564515,KSP0900,20-773186,20201105,1436,,28574,US119,,,US0119,US0119,0,098 US-119,US0119,Y,N,NULL,NULL,NULL,N,NULL,NULL,NULL,NULL,NULL,NULL,24.239,NULL,NULL,NULL,NULL,,NULL,0,0,2,2,N,N,55,NULL,98,9834,NULL,,Y,37.65868,37,39.521,NULL,-82.27214,82,16.328,NULL,N,NULL,NULL,NULL,NULL,NULL,NULL,NULL,NULL,2,97,4,6,1,1,2,2,1,3,N,NULL,Y,N,1436,1553,1436,N,NULL,90,2,1,N,,N,N,098-US-0119-0,NULL,NULL,2020,O,7.25645E+11,098-US-0119  -000,HIGH,098-US-0119  -000,24.239,0,0,0,1,0,0,1,0,0,0,0,0,0
72588715,980100,2.021E+11,20210122,708,,,BYPASS,S,RD,KY1426,KY1426,,,,N,N,NULL,NULL,NULL,N,NULL,NULL,NULL,NULL,NULL,NULL,6.498,NULL,NULL,NULL,NULL,,NULL,0,0,2,2,N,N,45,NULL,98,9801,NULL,,Y,37.48164,37,28.898,NULL,-82.51412,82,30.847,NULL,N,NULL,NULL,NULL,NULL,NULL,NULL,NULL,NULL,5,3,2,6,1,1,2,2,7,3,N,NULL,Y,N,708,710,710,N,NULL,49,,0,N,,N,N,,NULL,NULL,2021,O,7.25887E+11,098-KY-1426  -000,HIGH,098-KY-1426  -000,6.498,0,0,0,1,0,0,1,0,0,0,0,0,0
72545861,KSP0900,20-713684,20200925,900,,,KY195,,,KY0195,KY0195,0,098 KY-195,KY0195,N,N,NULL,NULL,NULL,N,NULL,NULL,NULL,NULL,NULL,NULL,4.686,NULL,NULL,NULL,NULL,,NULL,0,0,1,1,Y,N,35,NULL,98,9802,4,W,N,37.31097,37,18.659,NULL,-82.47775,82,28.665,NULL,N,NULL,NULL,NULL,NULL,NULL,NULL,NULL,NULL,9,5,2,3,1,5,6,2,7,3,N,NULL,Y,N,1150,1210,1210,Y,NULL,51,8,0,N,,N,N,098-KY-0195-0,NULL,NULL,2020,O,7.25459E+11,098-KY-0195  -000,HIGH,098-KY-0195  -000,4.686,0,0,0,0,0,0,1,1,0,0,0,1,0
72477943,KSP0900,20-6389,20200217,2006,,,ASHCAMP,,RD,KY0195,KY0195,0,098 KY-195,KY0195,N,N,NULL,NULL,NULL,N,NULL,NULL,NULL,NULL,NULL,NULL,2.274,NULL,NULL,NULL,NULL,,NULL,1,0,1,1,N,N,35,NULL,98,9864,NULL,,Y,37.28859,37,17.316,NULL,-82.45564,82,27.338,NULL,N,NULL,NULL,NULL,NULL,NULL,NULL,NULL,NULL,9,3,2,1,1,5,3,6,7,3,Y,NULL,Y,Y,2000,2029,2126,N,NULL,38,8,0,N,,N,N,098-KY-0195-0,NULL,NULL,2020,B,7.24779E+11,098-KY-0195  -000,HIGH,098-KY-0195  -000,2.274,0,0,0,0,0,0,0,0,0,0,0,1,0
72545370,980000,20-09005,20200922,1015,,,SHELBIANA,,RD,US0460,US0460,0,098 US-460,US0460,N,N,NULL,NULL,NULL,N,NULL,NULL,NULL,NULL,NULL,NULL,5.19,NULL,NULL,NULL,NULL,,NULL,0,0,1,1,N,N,55,NULL,98,9801,10,W,N,37.40914,37,24.548,NULL,-82.44755,82,26.853,NULL,N,NULL,NULL,NULL,NULL,NULL,NULL,NULL,NULL,9,5,2,1,1,1,2,2,7,3,N,NULL,Y,Y,1015,1045,1045,N,NULL,40,,1,N,,N,N,098-US-0460-0,NULL,NULL,2020,O,7.25454E+11,098-US-0460  -000,HIGH,098-US-0460  -000,5.19,0,0,0,0,0,0,0,0,0,0,0,1,0
72580418,980500,2020AR071,20201231,1415,,,US 23 SOUTH,,,,,,,,N,N,NULL,NULL,NULL,N,NULL,NULL,NULL,NULL,NULL,NULL,NULL,NULL,NULL,NULL,NULL,NULL,NULL,0,0,2,2,N,N,45,NULL,98,9807,NULL,,Y,37.52231,37,31.339,NULL,-82.57054,82,34.232,NULL,N,NULL,NULL,NULL,NULL,NULL,NULL,NULL,NULL,8,3,6,6,1,5,6,2,7,3,N,NULL,Y,N,1415,1420,1420,N,NULL,53,,,N,,N,N,,NULL,NULL,2020,O,7.25804E+11,098-US-0023  -000,MEDIUM,098-US-0023  -000,28.869,0,0,0,0,0,0,0,0,0,0,0,1,0
72542826,980000,20-09-003,20200910,1700,,,KY194,,,KY0194,KY0194,0,098 KY-194,KY0194,N,N,NULL,NULL,NULL,N,NULL,NULL,NULL,NULL,NULL,NULL,51.942,NULL,NULL,NULL,NULL,,NULL,1,0,1,1,N,N,55,NULL,98,9804,0.3,E,N,37.48031,37,28.818,NULL,-82.13351,82,8.011,NULL,N,NULL,NULL,NULL,NULL,NULL,NULL,NULL,NULL,9,97,1,4,97,1,2,6,5,3,Y,NULL,Y,Y,1843,1853,2000,N,NULL,44,8,0,N,,N,N,098-KY-0194-0,NULL,NULL,2020,A,7.25428E+11,098-KY-0194  -000,HIGH,098-KY-0194  -000,51.942,0,0,0,1,0,0,0,0,0,0,0,1,0
72505845,980000,20-05-006,20200517,1720,,,FOREST HILLS,,RD,KY0308,KY0308,0,098 KY-308,KY0308,N,N,NULL,NULL,NULL,N,NULL,NULL,NULL,NULL,NULL,NULL,0.041,NULL,NULL,NULL,NULL,,NULL,0,0,2,2,N,N,45,NULL,98,9812,NULL,,Y,37.62634,37,37.581,NULL,-82.29967,82,17.98,NULL,N,NULL,NULL,NULL,NULL,NULL,NULL,NULL,NULL,4,3,4,3,1,1,2,2,6,3,N,NULL,Y,Y,1720,1721,1820,N,NULL,70,8,0,N,,N,N,098-KY-0308-0,NULL,NULL,2020,O,7.25058E+11,098-KY-0308  -000,HIGH,098-KY-0308  -000,0.041,0,0,0,0,0,0,0,1,0,0,0,0,0
72580559,KSP0900,20-841546,20201231,908,,,MOTLEY,,RD,,,0,098 CR-1163,CR1163,Y,N,NULL,NULL,NULL,N,NULL,NULL,NULL,NULL,NULL,NULL,1.762,NULL,NULL,NULL,NULL,,NULL,0,0,1,1,N,N,15,NULL,98,9839,NULL,,Y,37.41439,37,24.863,NULL,-82.21683,82,13.01,NULL,N,NULL,NULL,NULL,NULL,NULL,NULL,NULL,NULL,9,97,1,6,3,5,5,6,7,3,N,NULL,Y,N,2013,2110,,N,NULL,90,,,N,,N,N,098-CR-1163-0,NULL,NULL,2020,NULL,7.25806E+11,098-CR-1163  -000,HIGH,098-CR-1163  -000,1.762,0,0,0,0,0,0,0,0,0,0,0,1,0
72569207,KSP0900,20-805574,20201127,1200,,,KY632,,,KY0632,KY0632,0,098 KY-632,KY0632,Y,N,NULL,NULL,NULL,N,NULL,NULL,NULL,NULL,NULL,NULL,13.416,NULL,NULL,NULL,NULL,,NULL,0,0,2,2,N,N,10,NULL,98,9804,NULL,,Y,37.50991,37,30.595,NULL,-82.15948,82,9.569,NULL,N,NULL,NULL,NULL,NULL,NULL,NULL,NULL,NULL,2,97,2,6,1,1,2,2,1,3,N,NULL,Y,N,1200,1234,1234,N,NULL,90,6,0,N,,N,N,098-KY-0632-0,NULL,NULL,2020,O,7.25692E+11,098-KY-0632  -000,HIGH,098-KY-0632  -000,13.416,0,0,0,0,0,0,1,0,0,0,0,0,0
72562256,980100,2.02E+11,20201107,1924,,,KEYSER HEIGHTS,E,DR,,,0,098 CS-1189,CS1189,N,N,NULL,NULL,NULL,N,NULL,NULL,NULL,NULL,NULL,NULL,0.346,NULL,NULL,NULL,NULL,,NULL,0,0,2,2,N,N,15,NULL,98,9801,NULL,,Y,37.49134,37,29.481,NULL,-82.52416,82,31.45,NULL,N,NULL,NULL,NULL,NULL,NULL,NULL,NULL,NULL,7,97,1,6,2,1,2,5,5,3,N,NULL,Y,N,1925,1934,,N,NULL,47,,,N,,N,N,098-CS-1189-0,NULL,NULL,2020,O,7.25623E+11,098-CS-1189  -000,HIGH,098-CS-1189  -000,0.346,0,0,0,1,0,0,0,0,0,0,0,0,0
72558754,KSP0900,20-718328,20200928,1618,,,US119,,,US0119,US0119,,,,Y,N,NULL,NULL,NULL,N,NULL,NULL,NULL,NULL,NULL,NULL,23.935,NULL,NULL,NULL,NULL,,NULL,0,0,2,1,N,N,NULL,NULL,98,9834,NULL,,Y,37.65477,37,39.286,NULL,-82.26978,82,16.187,NULL,N,NULL,NULL,NULL,NULL,NULL,NULL,NULL,NULL,8,97,NULL,6,1,1,2,2,1,3,N,NULL,Y,N,1618,1618,,N,NULL,90,2,1,N,,N,N,,NULL,NULL,2020,O,7.25588E+11,098-US-0119  -010,MEDIUM,098-US-0119  -000,23.935,0,0,0,1,0,0,1,0,0,0,0,0,0
72560148,980100,2.02E+11,20201102,1248,,680,HAMBLEY,,BLVD,,,0,098 CS-1222,CS1222,Y,N,NULL,NULL,NULL,N,NULL,NULL,NULL,NULL,NULL,NULL,0.728,NULL,NULL,NULL,NULL,,NULL,0,0,2,2,Y,N,25,NULL,98,9801,NULL,,Y,37.48145,37,28.887,NULL,-82.51888,82,31.133,NULL,N,NULL,NULL,NULL,NULL,NULL,NULL,NULL,NULL,8,97,2,6,1,1,2,2,5,3,N,NULL,Y,N,1248,1248,1248,N,NULL,90,,,N,,N,N,098-CS-1222-0,NULL,NULL,2020,NULL,7.25601E+11,098-CS-1222  -000,HIGH,098-CS-1222  -000,0.728,0,0,0,0,0,0,0,0,0,0,0,0,0
72543862,KSP0900,20-702398,20200917,1243,,,LEVISA,N,RD,KY1499,KY1499,0,098 KY-1499,KY1499,N,N,NULL,NULL,NULL,N,NULL,NULL,NULL,NULL,NULL,NULL,1.749,NULL,NULL,NULL,NULL,,NULL,1,0,1,1,N,N,55,NULL,98,9847,NULL,,Y,37.40102,37,24.061,NULL,-82.24945,82,14.967,NULL,N,NULL,NULL,NULL,NULL,NULL,NULL,NULL,NULL,9,3,2,6,1,5,6,2,7,3,N,NULL,Y,N,1328,1352,,N,NULL,44,7,0,N,,N,N,098-KY-1499-0,NULL,NULL,2020,B,7.25439E+11,098-KY-1499  -000,HIGH,098-KY-1499  -000,1.749,0,0,1,0,0,0,0,0,0,0,0,1,0
72478233,980100,2.02E+11,20200219,1618,,,2ND,,ST,,,,,,Y,N,NULL,NULL,NULL,N,NULL,NULL,NULL,NULL,NULL,NULL,0.131,NULL,NULL,NULL,NULL,,NULL,0,0,2,2,N,N,NULL,NULL,98,9801,NULL,,Y,37.4819,37,28.914,NULL,-82.51684,82,31.01,NULL,N,NULL,NULL,NULL,NULL,NULL,NULL,NULL,NULL,6,97,NULL,6,1,1,2,2,1,3,N,NULL,N,N,1618,1622,1622,N,NULL,90,,,N,,N,N,,NULL,NULL,2020,O,7.24782E+11,098-CS-1117  -000,MEDIUM,098-CS-1117  -000,0.131,0,0,0,0,0,0,1,0,0,0,0,0,0
72567977,980500,2020AR064,20201120,1615,,255,WEDDINGTON BRANCH,,RD,,,0,098 CS-3026,CS3026,Y,N,NULL,NULL,NULL,N,NULL,NULL,NULL,NULL,NULL,NULL,NULL,NULL,NULL,NULL,NULL,NULL,NULL,0,0,2,2,Y,N,15,NULL,98,9807,NULL,,Y,37.52523,37,31.514,NULL,-82.56873,82,34.124,NULL,N,NULL,NULL,NULL,NULL,NULL,NULL,NULL,NULL,8,7,NULL,6,1,1,2,2,1,3,N,NULL,Y,Y,1615,1620,1620,N,NULL,90,,,N,,N,N,098-CS-3026-0,NULL,NULL,2020,NULL,7.2568E+11,098-CS-3026  -000,HIGH,098-CS-3026  -000,0.219,0,0,0,0,0,0,0,0,0,0,0,0,0
72524949,980000,20-07-005,20200713,2030,,,FISHTRAP,,RD,KY1441,KY1441,0,098 KY-1441,KY1441,N,N,NULL,NULL,NULL,N,NULL,NULL,NULL,NULL,NULL,NULL,7.07,NULL,NULL,NULL,NULL,,NULL,0,0,2,2,N,N,35,NULL,98,9850,NULL,,Y,37.48215,37,28.929,NULL,-82.43063,82,25.837,NULL,N,NULL,NULL,NULL,NULL,NULL,NULL,NULL,NULL,7,3,2,3,1,1,2,7,7,3,N,NULL,N,Y,2215,2245,2245,N,NULL,54,8,0,Y,,N,N,098-KY-1441-0,NULL,NULL,2020,O,7.25249E+11,098-KY-1441  -000,HIGH,098-KY-1441  -000,7.07,0,0,0,0,0,0,1,0,0,0,0,1,0
72547799,KSP0900,20-721335,20200930,2015,,,UPPER BLACKBERRY,,RD,,,,,,N,N,NULL,NULL,NULL,N,NULL,NULL,NULL,NULL,NULL,NULL,1.602,NULL,NULL,NULL,NULL,,NULL,0,0,1,1,N,N,25,NULL,98,9879,NULL,,Y,37.53316,37,31.99,NULL,-82.22812,82,13.687,NULL,N,NULL,NULL,NULL,NULL,NULL,NULL,NULL,NULL,9,3,1,6,1,1,2,3,7,3,N,NULL,N,N,650,815,815,N,NULL,40,,,N,,N,N,,NULL,NULL,2020,O,7.25478E+11,098-CR-1804  -000,MEDIUM,098-CR-1804  -000,1.602,0,0,0,0,0,0,0,0,0,1,0,1,0
72564892,KSP0900,20-782385,20201111,1515,,,KY194,,,KY0194,KY0194,,,,N,N,NULL,NULL,NULL,N,NULL,NULL,NULL,NULL,NULL,NULL,28.862,NULL,NULL,NULL,NULL,,NULL,0,0,1,1,N,N,45,NULL,98,9817,NULL,,Y,37.46977,37,28.186,NULL,-82.35618,82,21.371,NULL,N,NULL,NULL,NULL,NULL,NULL,NULL,NULL,NULL,9,3,2,3,1,5,6,2,7,3,N,NULL,N,N,1515,1535,1535,N,NULL,,,,N,,N,N,,NULL,NULL,2020,O,7.25649E+11,098-KY-0194  -000,MEDIUM,098-KY-0194  -000,28.862,0,0,0,0,0,0,1,0,0,0,0,1,0
72581660,KSP0900,20-707104,20200920,1536,,,US119,,,US0119,US0119,0,098 US-119,US0119,N,N,NULL,NULL,NULL,N,NULL,NULL,NULL,NULL,NULL,NULL,22.589,NULL,NULL,NULL,NULL,,NULL,1,0,1,1,N,N,55,NULL,98,9834,NULL,,Y,37.63958,37,38.375,NULL,-82.25872,82,15.523,NULL,N,NULL,NULL,NULL,NULL,NULL,NULL,NULL,NULL,9,3,4,6,1,1,2,2,7,3,Y,NULL,Y,N,1611,1614,1630,N,NULL,38,2,1,N,,N,N,098-US-0119-0,NULL,NULL,2020,B,7.25817E+11,098-US-0119  -000,HIGH,098-US-0119  -000,22.589,1,0,0,0,0,0,0,0,0,0,0,0,0
72562069,980100,2.02E+11,20201106,1636,,172,SOUTH MAYO TRAIL,,,,,,,,Y,N,NULL,NULL,NULL,N,NULL,NULL,NULL,NULL,NULL,NULL,NULL,NULL,NULL,NULL,NULL,,NULL,0,0,2,2,Y,N,15,NULL,98,9801,NULL,,Y,37.4724,37,28.344,NULL,-82.53014,82,31.808,NULL,N,NULL,NULL,NULL,NULL,NULL,NULL,NULL,NULL,7,97,1,6,1,1,2,2,1,3,N,NULL,Y,N,1636,1640,1640,N,NULL,90,,,N,,N,N,,NULL,NULL,2020,NULL,7.25621E+11,098-CS-1050  -000,MEDIUM,098-CS-1050  -000,0.115,0,0,0,0,0,0,0,0,0,0,0,0,0
72594988,980100,2.021E+11,20210216,747,,,US23,,,US0023,US0023,0,098 US-23,US0023,N,N,NULL,NULL,NULL,N,NULL,NULL,NULL,NULL,NULL,NULL,23.704,NULL,NULL,NULL,NULL,,NULL,0,0,1,1,N,N,55,NULL,98,9801,NULL,,Y,37.47272,37,28.363,NULL,-82.53463,82,32.078,NULL,N,NULL,NULL,NULL,NULL,NULL,NULL,NULL,NULL,9,5,4,6,1,2,3,2,7,3,N,NULL,Y,N,747,750,800,N,NULL,40,,1,N,,N,N,098-US-0023-0,NULL,NULL,2021,O,7.2595E+11,098-US-0023  -000,HIGH,098-US-0023  -000,23.704,0,0,0,0,0,0,0,0,0,0,0,1,0
72587998,KSP0900,21-32221,20210125,425,,,KY199,,,KY0199,KY0199,0,098 KY-199,KY0199,N,N,NULL,NULL,NULL,N,NULL,NULL,NULL,NULL,NULL,NULL,9.13,NULL,NULL,NULL,NULL,,NULL,0,0,2,2,N,N,35,NULL,98,9819,NULL,,Y,37.57185,37,34.311,NULL,-82.26783,82,16.07,NULL,N,NULL,NULL,NULL,NULL,NULL,NULL,NULL,NULL,7,3,2,6,1,5,6,6,7,3,N,NULL,Y,N,431,511,512,N,NULL,54,7,0,N,,N,N,098-KY-0199-0,NULL,NULL,2021,O,7.2588E+11,098-KY-0199  -000,HIGH,098-KY-0199  -000,9.13,0,0,0,0,0,0,1,0,0,0,0,1,0
72510843,980100,2.02E+11,20200612,1904,,,CASSIDY,,BLVD,,,,,,Y,N,NULL,NULL,NULL,N,NULL,NULL,NULL,NULL,NULL,NULL,NULL,NULL,NULL,NULL,NULL,,NULL,0,0,2,2,N,Y,NULL,NULL,98,9801,NULL,,Y,37.50484,37,30.291,NULL,-82.53625,82,32.175,NULL,N,NULL,NULL,NULL,NULL,NULL,NULL,NULL,NULL,2,97,2,6,1,1,2,2,1,3,N,NULL,Y,N,1904,1918,,N,NULL,90,,,N,,N,N,,NULL,NULL,2020,O,7.25108E+11,098-CS-1191  -000,MEDIUM,098-CS-1191  -000,0.26,0,0,0,0,0,0,0,0,0,0,0,0,0
72540787,980100,2.02E+11,20200905,2330,,,US23,,,US0023,US0023,0,098 US-23,US0023,N,N,NULL,NULL,NULL,N,NULL,NULL,NULL,NULL,NULL,NULL,20.573,NULL,NULL,NULL,NULL,,NULL,1,0,1,1,N,N,55,NULL,98,9801,NULL,,Y,37.44355,37,26.613,NULL,-82.5189,82,31.134,NULL,N,NULL,NULL,NULL,NULL,NULL,NULL,NULL,NULL,9,5,4,3,1,1,2,5,1,3,N,NULL,Y,Y,2330,2336,25,Y,NULL,51,,1,Y,,N,N,098-US-0023-0,NULL,NULL,2020,C,7.25408E+11,098-US-0023  -000,HIGH,098-US-0023  -000,20.573,0,0,1,0,0,0,0,0,1,1,0,1,0
72558857,980500,2020AR59,20201030,1429,,30,WALTERS LN,,LN,,,0,098 CR-1696,CR1696,Y,N,NULL,NULL,NULL,N,NULL,NULL,NULL,NULL,NULL,NULL,NULL,NULL,NULL,NULL,NULL,NULL,NULL,0,0,2,2,N,Y,NULL,NULL,98,9807,NULL,,Y,37.53728,37,32.237,NULL,-82.5993,82,35.958,NULL,N,NULL,NULL,NULL,NULL,NULL,NULL,NULL,NULL,2,97,1,6,1,1,2,2,5,3,N,NULL,Y,N,1429,1429,1429,N,NULL,90,,,N,,N,N,098-CR-1696-0,NULL,NULL,2020,O,7.25589E+11,098-PR-1281  -000,MEDIUM,098-PR-1281  -000,0,0,0,0,1,0,0,1,0,0,0,0,0,0
72537496,980100,2.02E+11,20200818,1658,,,US23,,,US0023,US0023,0,098 US-23-10,US0023,N,N,NULL,NULL,NULL,N,NULL,NULL,NULL,NULL,NULL,NULL,20.627,NULL,NULL,NULL,NULL,,NULL,0,0,2,2,N,N,55,NULL,98,9801,NULL,,Y,37.44309,37,26.585,NULL,-82.51971,82,31.183,NULL,N,NULL,NULL,NULL,NULL,NULL,NULL,NULL,NULL,5,3,4,3,1,1,2,2,7,3,N,NULL,N,N,1658,1711,1752,N,NULL,49,,1,N,,N,N,098-US-0023-10,NULL,NULL,2020,O,7.25375E+11,098-US-0023  -010,HIGH,098-US-0023  -000,20.627,0,0,0,0,0,0,0,1,0,0,0,0,0
72475984,KSP0900,20-5769,20200213,949,,,US460,,,US0460,US0460,0,098 US-460,US0460,N,N,NULL,NULL,NULL,N,NULL,NULL,NULL,NULL,NULL,NULL,13.098,NULL,NULL,NULL,NULL,,NULL,0,0,2,2,N,N,55,NULL,98,9802,5,W,N,37.33532,37,20.119,NULL,-82.39162,82,23.497,NULL,N,NULL,NULL,NULL,NULL,NULL,NULL,NULL,NULL,1,3,2,6,1,5,6,2,7,3,N,NULL,Y,N,949,951,1052,N,NULL,55,,1,N,,N,N,098-US-0460-0,NULL,NULL,2020,O,7.2476E+11,098-US-0460  -000,HIGH,098-US-0460  -000,13.098,0,0,0,1,0,0,1,0,0,0,0,0,0
72499173,KSP0900,20-16763,20200505,230,,,KY632,,,KY0632,KY0632,0,098 KY-632,KY0632,N,N,NULL,NULL,NULL,N,NULL,NULL,NULL,NULL,NULL,NULL,2.366,NULL,NULL,NULL,NULL,,NULL,0,0,1,1,N,N,45,NULL,98,9817,NULL,,Y,37.48904,37,29.343,NULL,-82.31707,82,19.024,NULL,N,NULL,NULL,NULL,NULL,NULL,NULL,NULL,NULL,9,3,2,3,1,1,3,6,7,3,N,NULL,Y,N,230,318,430,Y,NULL,70,6,0,N,,N,N,098-KY-0632-0,NULL,NULL,2020,O,7.24992E+11,098-KY-0632  -000,HIGH,098-KY-0632  -000,2.366,0,0,0,0,0,0,0,0,0,0,0,1,0
72583073,980100,2.021E+11,20210103,1242,,,CASSIDY,,BLVD,,,0,098 CS-1191,CS1191,Y,N,NULL,NULL,NULL,N,NULL,NULL,NULL,NULL,NULL,NULL,0.057,NULL,NULL,NULL,NULL,,NULL,0,0,2,2,N,N,15,NULL,98,9801,NULL,,Y,37.50367,37,30.22,NULL,-82.53307,82,31.984,NULL,N,NULL,NULL,NULL,NULL,NULL,NULL,NULL,NULL,1,97,1,6,1,1,2,2,1,3,N,NULL,Y,N,1242,1242,,N,NULL,90,,,Y,,N,N,098-CS-1191-0,NULL,NULL,2021,O,7.25831E+11,098-CS-1191  -000,MEDIUM,098-CS-1191  -000,0.057,0,0,0,1,0,0,1,0,0,0,0,0,0
72472680,980100,2.02E+11,20200130,1642,,,US23,,,US0023,US0023,,,,N,N,NULL,NULL,NULL,N,NULL,NULL,NULL,NULL,NULL,NULL,23.085,NULL,NULL,NULL,NULL,,NULL,2,0,2,2,N,N,55,NULL,98,9801,NULL,,Y,37.46593,37,27.956,NULL,-82.52855,82,31.713,NULL,N,NULL,NULL,NULL,NULL,NULL,NULL,NULL,NULL,3,3,4,6,1,1,3,2,7,3,Y,NULL,Y,Y,1642,1646,1731,N,NULL,52,,1,Y,,N,N,,NULL,NULL,2020,C,7.24727E+11,098-US-0023  -010,MEDIUM,098-US-0023  -000,23.085,0,0,0,0,0,0,1,0,0,0,0,1,0