MasterFile,AgencyORINumber,LocalCode,CollisionDate,CollisionTime,CollisionDayWeekCode,RoadwayName_HouseBusinessNumber_,RoadwayName_RoadwayName_,RoadwayName_Direction_,RoadwayName_RoadwaySuffix_,RoadwayfromReport,CurrentRoadwayNumber,RoadwayNumberCoupletID,RSEUniqueGIS,RoadwayIdentifier,ParkingLotIndicator,IntersectionWith_Indicator_,IntersectionWith_NameRoadway_,IntersectionWith_Direction_,IntersectionWith_RoadwaySuffix_,BetweenStreets_Indicator_,BetweenStreets1_NameRoadway_,BetweenStreet1_Direction_,BetweenStreets1_RoadwaySuffix_,BetweenStreets2_NameRoadway_,BetweenStreets2_Direction_,BetweenStreets2_RoadwaySuffix_,Milepoint,ReportMilepointDeriveNumber,CurrentDerivedMiepointNumber,MilestoMilepoint,FeettoMilepoint,DirectionfromMilepoint_NSEW_,ValidMilepointIndicator,NumberInjured,NumberKilled,ofUnits,ofMotorVehicleUnits,Hit&RunIndicator,OneWayIndicator,SpeedLimitNumber,KilometersIndicator,CountyCode,CityCountyCode,MilesFromCity,DirectionFromCity_NSEW_,InCityLimitsIndicator,Latitude,LatitudeDegrees,LatitudeMinutes,LatitudeSeconds,Longitude,LongitudeDegrees,LongitudeMinutes,LongitudeSeconds,RampIndicator,RampFromIdentifier,RampFromDirCode,RampFromCoupletID,RSEUniqueGISRampFrom,RampToidentifier,RampToDirCode,RampToCoupletID,RSEUniqueGisRampTo,MannerofCollisionCode,LocationFirstEventCode,TotalLanes,RoadwayCharacterCode,RoadwaySurfaceCode,RoadwayConditionCode,WeatherCode,LightConditionCode,LandUseCode,SchoolBusRelatedCode,FirstAidSceneIndicator,CollDescPresentInd,InvestigationCompleteIndicator,PhotosTakenIndicator,TimeNotified,TimeArrived,TimeRoadwayOpened,PropertyDamageIndicator,DiagramPresentIndicator,DirectionalAnalysis,FunctionClassCode,NationalHwySysCode,EnforcementsIndicator,KARSCityCode,SecondaryCollisionIndicator,MedianCrossoverIndicator,RT_UNIQUE,MapIt,TimeLastLeft,YR,KABCO,MFNY,WorkingRID,RT_CONFIDENCE,KTC_RT,KTC_MP,Motorcyclist,CommercialVehicle,YoungDriver,MatureDriver,pedestrian,Bicyclist,Distracted,agressive,Impaired,Unrestrained,Intersection,RoadwayDeparture,MedXover
72549809,KSP0900,20-729869,20201006,1611,,,US460,,,US0460,US0460,0,098 US-460,US0460,N,N,NULL,NULL,NULL,N,NULL,NULL,NULL,NULL,NULL,NULL,4.812,NULL,NULL,NULL,NULL,,NULL,0,0,2,2,N,N,55,NULL,98,9801,5,SE,N,37.41311,37,24.786,NULL,-82.45088,82,27.053,NULL,N,NULL,NULL,NULL,NULL,NULL,NULL,NULL,NULL,5,3,2,6,1,1,2,2,7,3,N,NULL,Y,N,1625,1625,1625,N,NULL,49,,1,N,,N,N,098-US-0460-0,NULL,NULL,2020,O,7.25498E+11,098-US-0460  -000,HIGH,098-US-0460  -000,4.812,0,0,0,0,0,0,1,0,0,0,0,0,0
72544163,KSP0900,20-701506,20200916,2030,,,KY1056,,,KY1056,KY1056,,,,N,N,NULL,NULL,NULL,N,NULL,NULL,NULL,NULL,NULL,NULL,6.096,NULL,NULL,NULL,NULL,,NULL,0,0,1,1,N,N,45,NULL,98,9879,NULL,,Y,37.56548,37,33.929,NULL,-82.18983,82,11.39,NULL,N,NULL,NULL,NULL,NULL,NULL,NULL,NULL,NULL,9,3,2,3,1,1,2,6,7,3,N,NULL,Y,Y,2030,2044,2044,N,NULL,44,7,0,N,,N,N,,NULL,NULL,2020,O,7.25442E+11,098-KY-1056  -000,MEDIUM,098-KY-1056  -000,6.096,0,0,1,0,0,0,1,0,0,0,0,1,0
72588538,980000,21-01-002,20210105,1120,,,COWPEN,,RD,KY2061,KY2061,0,098 KY-2061,KY2061,Y,N,NULL,NULL,NULL,N,NULL,NULL,NULL,NULL,NULL,NULL,0.031,NULL,NULL,NULL,NULL,,NULL,0,0,2,2,N,N,10,NULL,98,9807,NULL,,Y,37.53012,37,31.808,NULL,-82.57546,82,34.528,NULL,N,NULL,NULL,NULL,NULL,NULL,NULL,NULL,NULL,2,97,NULL,6,1,5,2,5,1,3,N,NULL,Y,Y,1126,1146,1146,N,NULL,90,,0,N,,N,N,098-KY-2061-0,NULL,NULL,2021,O,7.25885E+11,098-KY-2061  -000,HIGH,098-KY-2061  -000,0.031,0,0,1,0,0,0,1,0,0,1,0,0,0
72528745,KSP0900,20-633541,20200804,1518,,,ELKHORN,,CRK,KY0197,KY0197,0,098 KY-197,KY0197,N,N,NULL,NULL,NULL,N,NULL,NULL,NULL,NULL,NULL,NULL,12.881,NULL,NULL,NULL,NULL,,NULL,1,0,1,1,N,N,55,NULL,98,9802,NULL,,Y,37.27873,37,16.724,NULL,-82.39374,82,23.624,NULL,N,NULL,NULL,NULL,NULL,NULL,NULL,NULL,NULL,9,4,2,6,1,1,2,2,7,3,Y,NULL,Y,N,1518,1532,1532,N,NULL,44,7,0,Y,,N,N,098-KY-0197-0,NULL,NULL,2020,B,7.25287E+11,098-KY-0197  -000,HIGH,098-KY-0197  -000,12.881,0,0,0,0,0,0,0,0,1,0,0,1,0
72519084,980100,2.02E+11,20200702,1921,,,FIFE FORK,,RD,,,0,098 CS-1077,CS1077,N,N,NULL,NULL,NULL,N,NULL,NULL,NULL,NULL,NULL,NULL,0.056,NULL,NULL,NULL,NULL,,NULL,0,0,1,1,N,N,15,NULL,98,9801,NULL,,Y,37.4743,37,28.458,NULL,-82.48414,82,29.048,NULL,N,NULL,NULL,NULL,NULL,NULL,NULL,NULL,NULL,9,97,1,1,1,1,2,2,6,3,N,NULL,Y,N,1921,1925,,Y,NULL,40,,,N,,N,N,098-CS-1077-0,NULL,NULL,2020,O,7.25191E+11,098-CS-1077  -000,HIGH,098-CS-1077  -000,0.056,0,0,0,0,0,0,0,0,0,0,0,1,0
72521987,980100,2.02E+11,20200716,1057,,,US23,,,US0023,US0023,,,,N,N,NULL,NULL,NULL,N,NULL,NULL,NULL,NULL,NULL,NULL,21.557,NULL,NULL,NULL,NULL,,NULL,1,0,2,2,N,N,55,NULL,98,9801,NULL,,Y,37.45255,37,27.153,NULL,-82.52296,82,31.377,NULL,N,NULL,NULL,NULL,NULL,NULL,NULL,NULL,NULL,5,3,4,6,1,1,2,2,7,3,N,NULL,Y,Y,1057,1107,,N,NULL,49,,1,N,,N,N,,NULL,NULL,2020,C,7.2522E+11,098-US-0023  -010,MEDIUM,098-US-0023  -000,21.557,0,0,0,1,0,0,1,1,0,0,0,0,0
72608903,KSP0900,21-125573,20210330,320,,,LEFT FORK ISLAND,,CRK,,,0,098 CR-1233Q3,CR1233Q3,N,N,NULL,NULL,NULL,N,NULL,NULL,NULL,NULL,NULL,NULL,0.094,NULL,NULL,NULL,NULL,,NULL,1,0,1,1,N,N,55,NULL,98,9801,NULL,,Y,37.43262,37,25.957,NULL,-82.55578,82,33.347,NULL,N,NULL,NULL,NULL,NULL,NULL,NULL,NULL,NULL,9,5,2,6,1,1,2,6,7,3,Y,NULL,Y,Y,326,340,400,N,NULL,51,,,N,,N,N,098-CR-1233Q3-0,NULL,NULL,2021,A,7.26089E+11,098-CR-1233Q3-000,HIGH,098-CR-1233Q3-000,0.094,0,0,1,0,0,0,1,0,1,1,0,1,0
72543748,KSP0900,20-702674,20200917,1604,,,GOODY,,LOOP,,,0,098 PR-1024,PR1024,N,N,NULL,NULL,NULL,N,NULL,NULL,NULL,NULL,NULL,NULL,0.011,NULL,NULL,NULL,NULL,,NULL,0,0,2,2,N,N,35,NULL,98,9834,NULL,,Y,37.65992,37,39.595,NULL,-82.27303,82,16.382,NULL,N,NULL,NULL,NULL,NULL,NULL,NULL,NULL,NULL,8,3,1,6,1,1,3,2,1,3,N,NULL,Y,N,1604,1639,1639,N,NULL,53,,,N,,N,N,098-PR-1024-0,NULL,NULL,2020,O,7.25437E+11,098-PR-1024  -000,HIGH,098-PR-1024  -000,0.011,0,0,0,0,0,0,1,0,0,0,0,1,0
72501846,980000,2005004,20200513,1400,,1958,CALLOWAY BRANCH SENG CAMP,,RD,KY3419,KY3419,0,098 KY-3419,KY3419,N,N,NULL,NULL,NULL,N,NULL,NULL,NULL,NULL,NULL,NULL,7.008,NULL,NULL,NULL,NULL,,NULL,0,0,2,2,Y,N,25,NULL,98,9804,35,NE,N,37.49723,37,29.834,NULL,-82.21038,82,12.623,NULL,N,NULL,NULL,NULL,NULL,NULL,NULL,NULL,NULL,3,3,1,4,1,5,10,2,7,3,N,NULL,Y,Y,1400,1400,1435,N,NULL,52,9,0,N,,N,N,098-KY-3419-0,NULL,NULL,2020,O,7.25018E+11,098-KY-3419  -000,HIGH,098-KY-3419  -000,7.008,0,0,0,0,0,0,0,1,0,0,0,1,0
72543610,KSP0900,20-702177,20200917,1008,,,FERRELLS CREEK,,RD,US0460,US0460,0,098 US-460,US0460,N,N,NULL,NULL,NULL,N,NULL,NULL,NULL,NULL,NULL,NULL,22.593,NULL,NULL,NULL,NULL,,NULL,0,0,2,2,N,N,55,NULL,98,9847,NULL,,Y,37.38108,37,22.865,NULL,-82.255,82,15.3,NULL,N,NULL,NULL,NULL,NULL,NULL,NULL,NULL,NULL,8,3,2,6,1,5,6,2,7,3,N,NULL,Y,N,1008,1048,1048,N,NULL,53,,1,N,,N,N,098-US-0460-0,NULL,NULL,2020,O,7.25436E+11,098-US-0460  -000,HIGH,098-US-0460  -000,22.593,0,0,0,1,0,0,0,1,0,0,0,1,0
72544910,980100,20200011548,20200922,1443,,,KY1426,,,KY1426,KY1426,0,098 KY-1426,KY1426,Y,N,NULL,NULL,NULL,N,NULL,NULL,NULL,NULL,NULL,NULL,6.908,NULL,NULL,NULL,NULL,,NULL,0,0,2,2,Y,N,NULL,NULL,98,9801,NULL,,Y,37.48623,37,29.174,NULL,-82.50874,82,30.524,NULL,N,NULL,NULL,NULL,NULL,NULL,NULL,NULL,NULL,5,7,2,NULL,1,1,2,2,5,3,N,NULL,Y,N,1443,1450,1450,N,NULL,90,,0,N,,N,N,098-KY-1426-0,NULL,NULL,2020,NULL,7.25449E+11,098-KY-1426  -000,HIGH,098-KY-1426  -000,6.908,0,0,0,0,0,0,0,0,0,0,0,0,0
72552989,980100,2.02E+11,20201014,1456,,911,BYPASS,S,RD,KY1426,KY1426,0,098 KY-1426,KY1426,Y,N,NULL,NULL,NULL,N,NULL,NULL,NULL,NULL,NULL,NULL,5.681,NULL,NULL,NULL,NULL,,NULL,0,0,4,4,Y,N,55,NULL,98,9801,NULL,,Y,37.47273,37,28.364,NULL,-82.523,82,31.38,NULL,N,NULL,NULL,NULL,NULL,NULL,NULL,NULL,NULL,8,7,2,4,1,1,2,8,1,3,N,NULL,Y,N,1456,1459,,N,NULL,90,,0,Y,,N,N,098-KY-1426-0,NULL,NULL,2020,O,7.2553E+11,098-KY-1426  -000,HIGH,098-KY-1426  -000,5.681,0,0,0,0,0,0,1,0,1,1,0,0,0
72543829,KSP0900,20-704148,20200918,1517,,,US119,,,US0119,US0119,0,098 US-119,US0119,Y,N,NULL,NULL,NULL,N,NULL,NULL,NULL,NULL,NULL,NULL,24.62,NULL,NULL,NULL,NULL,,NULL,0,0,2,2,N,N,55,NULL,98,9834,NULL,,Y,37.66374,37,39.824,NULL,-82.27316,82,16.389,NULL,N,NULL,NULL,NULL,NULL,NULL,NULL,NULL,NULL,5,97,4,6,1,1,2,2,1,3,N,NULL,Y,N,1517,1557,1557,N,NULL,90,2,1,N,,N,N,098-US-0119-0,NULL,NULL,2020,O,7.25438E+11,098-US-0119  -000,HIGH,098-US-0119  -000,24.62,0,0,1,0,0,0,1,0,0,0,0,0,0
72520811,KSP0900,20-597717,20200713,830,,,KY292,,,KY0292,KY0292,0,098 KY-292,KY0292,N,N,NULL,NULL,NULL,N,NULL,NULL,NULL,NULL,NULL,NULL,0.207,NULL,NULL,NULL,NULL,,NULL,2,0,1,1,N,N,45,NULL,98,9869,NULL,,Y,37.62962,37,37.777,NULL,-82.21979,82,13.187,NULL,N,NULL,NULL,NULL,NULL,NULL,NULL,NULL,NULL,9,3,2,6,1,1,3,2,7,3,Y,NULL,Y,Y,830,900,1100,N,NULL,44,8,0,N,,N,N,098-KY-0292-0,NULL,NULL,2020,B,7.25208E+11,098-KY-0292  -000,HIGH,098-KY-0292  -000,0.207,0,1,0,0,0,0,0,0,0,0,0,1,0
72537436,980000,2008-005,20200820,1225,,,SUNSHINE,,LN,,,0,098 CR-1406,CR1406,N,N,NULL,NULL,NULL,N,NULL,NULL,NULL,NULL,NULL,NULL,0.043,NULL,NULL,NULL,NULL,,NULL,0,0,2,2,N,N,45,NULL,98,9801,NULL,,Y,37.53808,37,32.285,NULL,-82.60677,82,36.407,NULL,N,NULL,NULL,NULL,NULL,NULL,NULL,NULL,NULL,5,3,2,6,1,1,2,2,7,3,N,NULL,Y,Y,1224,1225,1230,N,NULL,49,,,N,,N,N,098-CR-1406-0,NULL,NULL,2020,O,7.25374E+11,098-CR-1406  -000,HIGH,098-CR-1406  -000,0.043,0,0,0,0,0,0,1,0,0,0,0,0,0
72523098,KSP0900,20-610427,20200720,1843,,,KY1426,,,KY1426,KY1426,0,098 KY-1426,KY1426,N,N,NULL,NULL,NULL,N,NULL,NULL,NULL,NULL,NULL,NULL,8.245,NULL,NULL,NULL,NULL,,NULL,0,0,2,2,N,N,55,NULL,98,9801,NULL,,Y,37.49486,37,29.692,NULL,-82.4911,82,29.466,NULL,N,NULL,NULL,NULL,NULL,NULL,NULL,NULL,NULL,8,3,2,4,1,1,3,2,6,3,N,NULL,Y,N,1925,2005,,N,NULL,53,,0,N,,N,N,098-KY-1426-0,NULL,NULL,2020,O,7.25231E+11,098-KY-1426  -000,HIGH,098-KY-1426  -000,8.245,0,0,0,0,0,0,0,0,0,0,0,1,0
72607222,KSP0900,21-112023,20210321,1300,,,US460,,,US0460,US0460,0,098 US-460,US0460,N,N,NULL,NULL,NULL,N,NULL,NULL,NULL,NULL,NULL,NULL,2.72,NULL,NULL,NULL,NULL,,NULL,0,0,2,2,N,N,55,NULL,98,9824,NULL,,Y,37.43093,37,25.856,NULL,-82.48035,82,28.821,NULL,N,NULL,NULL,NULL,NULL,NULL,NULL,NULL,NULL,2,97,2,6,1,1,2,2,1,3,N,NULL,N,N,1300,1315,,N,NULL,47,,1,N,,N,N,098-US-0460-0,NULL,NULL,2021,O,7.26072E+11,098-US-0460  -000,HIGH,098-US-0460  -000,2.72,0,0,1,0,0,0,1,0,0,0,0,0,0
72552589,980500,2020AR57,20201014,1111,,,US 23 NORTH,,,,,,,,N,N,NULL,NULL,NULL,N,NULL,NULL,NULL,NULL,NULL,NULL,NULL,NULL,NULL,NULL,NULL,NULL,NULL,3,0,2,2,N,N,45,NULL,98,9807,NULL,,Y,37.52249,37,31.349,NULL,-82.57075,82,34.245,NULL,N,NULL,NULL,NULL,NULL,NULL,NULL,NULL,NULL,4,3,6,6,1,1,2,2,1,3,Y,NULL,Y,Y,1111,1113,1203,N,NULL,70,,,N,,N,N,,NULL,NULL,2020,C,7.25526E+11,098-US-0023  -000,MEDIUM,098-US-0023  -000,28.886,0,0,0,0,0,0,1,1,0,0,0,0,0
72571324,980100,2.02E+11,20201203,650,,,US23,,,US0023,US0023,0,098 US-23,US0023,N,N,NULL,NULL,NULL,N,NULL,NULL,NULL,NULL,NULL,NULL,21.538,NULL,NULL,NULL,NULL,,NULL,0,0,2,2,N,N,55,NULL,98,9801,NULL,,Y,37.45185,37,27.111,NULL,-82.52351,82,31.41,NULL,N,NULL,NULL,NULL,NULL,NULL,NULL,NULL,NULL,1,3,4,6,1,1,3,1,1,3,N,NULL,Y,Y,650,657,741,N,NULL,55,,1,N,,N,N,098-US-0023-0,NULL,NULL,2020,O,7.25713E+11,098-US-0023  -000,HIGH,098-US-0023  -000,21.538,0,0,0,0,0,0,1,0,0,0,0,0,0
72472540,KSP0900,20-04779,20200205,1913,,,BIGGS,,BR,,,0,098 CR-1204,CR1204,N,N,NULL,NULL,NULL,N,NULL,NULL,NULL,NULL,NULL,NULL,0.006,NULL,NULL,NULL,NULL,,NULL,0,0,1,1,N,N,45,NULL,98,9801,NULL,,Y,37.3945,37,23.67,NULL,-82.43309,82,25.986,NULL,N,NULL,NULL,NULL,NULL,NULL,NULL,NULL,NULL,9,3,2,6,1,5,5,6,7,3,N,NULL,Y,N,1915,1933,,Y,NULL,70,,,N,,N,N,098-CR-1204-0,NULL,NULL,2020,O,7.24725E+11,098-CR-1204  -000,HIGH,098-CR-1204  -000,0.006,0,0,0,1,0,0,0,0,0,0,0,1,0
72536256,KSP0900,20-668163,20200826,1330,,,US119,,,US0119,US0119,0,098 US-119-10,US0119,Y,N,NULL,NULL,NULL,N,NULL,NULL,NULL,NULL,NULL,NULL,23.836,NULL,NULL,NULL,NULL,,NULL,0,0,2,2,N,N,10,NULL,98,9834,NULL,,Y,37.65347,37,39.208,NULL,-82.26894,82,16.136,NULL,N,NULL,NULL,NULL,NULL,NULL,NULL,NULL,NULL,1,97,4,6,1,1,2,2,1,3,N,NULL,Y,N,1330,1355,1430,N,NULL,90,2,1,N,,N,N,098-US-0119-10,NULL,NULL,2020,O,7.25363E+11,098-US-0119  -010,HIGH,098-US-0119  -000,23.836,0,1,0,0,0,0,1,0,0,0,0,0,0
72533923,KSP0900,20-627629,20200731,1840,,,US119,,,US0119,US0119,0,098 US-119-10,US0119,N,N,NULL,NULL,NULL,N,NULL,NULL,NULL,NULL,NULL,NULL,16.838,NULL,NULL,NULL,NULL,,NULL,2,0,2,2,N,N,55,NULL,98,9833,NULL,,Y,37.6027,37,36.162,NULL,-82.30738,82,18.443,NULL,N,NULL,NULL,NULL,NULL,NULL,NULL,NULL,NULL,8,3,4,4,1,1,2,2,7,3,Y,NULL,Y,Y,1842,1848,1954,N,NULL,53,2,1,N,,N,Y,098-US-0119-10,NULL,NULL,2020,A,7.25339E+11,098-US-0119  -010,HIGH,098-US-0119  -000,16.838,0,0,0,1,0,0,1,0,0,1,0,1,0
72554031,370200,2020-742455,20201015,1030,,,FERRELLS CREEK,,RD,US0460,US0460,0,098 US-460,US0460,N,N,NULL,NULL,NULL,N,NULL,NULL,NULL,NULL,NULL,NULL,22.485,NULL,NULL,NULL,NULL,,NULL,1,0,2,2,N,N,55,NULL,98,9847,NULL,,Y,37.38263,37,22.958,NULL,-82.25483,82,15.29,NULL,N,NULL,NULL,NULL,NULL,NULL,NULL,NULL,NULL,1,3,2,6,1,1,2,2,7,3,Y,NULL,Y,Y,1058,1119,1142,N,NULL,55,,1,N,,N,N,098-US-0460-0,NULL,NULL,2020,C,7.2554E+11,098-US-0460  -000,HIGH,098-US-0460  -000,22.485,0,1,0,1,0,0,1,0,0,0,0,0,0
72493137,980000,20-04-003,20200403,1515,,,SOOKEYS,W,CRK,,,0,098 CR-1282,CR1282,N,N,NULL,NULL,NULL,N,NULL,NULL,NULL,NULL,NULL,NULL,1.597,NULL,NULL,NULL,NULL,,NULL,0,0,2,2,Y,N,35,NULL,98,9801,12,S,N,37.4067,37,24.402,NULL,-82.53983,82,32.39,NULL,N,NULL,NULL,NULL,NULL,NULL,NULL,NULL,NULL,1,3,1,3,1,1,2,2,7,3,N,NULL,Y,Y,1524,1550,1550,N,NULL,55,,,N,,N,N,098-CR-1282-0,NULL,NULL,2020,O,7.24931E+11,098-CR-1282  -000,HIGH,098-CR-1282  -000,1.597,0,0,0,0,0,0,0,1,0,0,0,0,0
72544292,KSP0900,20-707713,20200920,2315,,,KY194,,,KY0194,KY0194,0,098 KY-194,KY0194,N,N,NULL,NULL,NULL,N,NULL,NULL,NULL,NULL,NULL,NULL,55.54,NULL,NULL,NULL,NULL,,NULL,0,0,1,1,N,N,45,NULL,98,9804,NULL,,Y,37.51863,37,31.118,NULL,-82.15414,82,9.248,NULL,N,NULL,NULL,NULL,NULL,NULL,NULL,NULL,NULL,9,97,2,3,1,1,2,6,8,3,N,NULL,Y,N,2315,15,15,Y,NULL,70,7,0,N,,N,N,098-KY-0194-0,NULL,NULL,2020,O,7.25443E+11,098-KY-0194  -000,HIGH,098-KY-0194  -000,55.54,0,0,0,0,0,0,1,0,0,1,0,1,0
72553943,KSP0900,20-716356,20200927,630,,,US460,,,US0460,US0460,0,098 US-460,US0460,N,N,NULL,NULL,NULL,N,NULL,NULL,NULL,NULL,NULL,NULL,1.804,NULL,NULL,NULL,NULL,,NULL,0,0,1,1,N,N,55,NULL,98,9824,NULL,,Y,37.43079,37,25.848,NULL,-82.495,82,29.7,NULL,N,NULL,NULL,NULL,NULL,NULL,NULL,NULL,NULL,9,3,2,6,1,1,2,6,7,3,N,NULL,N,N,630,720,720,N,NULL,44,,1,Y,,N,N,098-US-0460-0,NULL,NULL,2020,O,7.25539E+11,098-US-0460  -000,HIGH,098-US-0460  -000,1.804,0,0,0,0,0,0,0,0,1,0,0,1,0
72576120,980100,2.02E+11,20201216,1752,,,HAROLDS BRANCH,,RD,,,,,,N,N,NULL,NULL,NULL,N,NULL,NULL,NULL,NULL,NULL,NULL,0.412,NULL,NULL,NULL,NULL,,NULL,0,0,2,2,Y,N,55,NULL,98,9801,NULL,,Y,37.46959,37,28.175,NULL,-82.51728,82,31.037,NULL,N,NULL,NULL,NULL,NULL,NULL,NULL,NULL,NULL,7,3,1,1,1,5,6,6,6,3,N,NULL,Y,N,1754,1757,1757,N,NULL,54,,,N,,N,N,,NULL,NULL,2020,O,7.25761E+11,098-CS-1223  -000,MEDIUM,098-CS-1223  -000,0.412,0,0,0,0,0,0,0,1,0,0,0,1,0
72560999,980100,2.02E+11,20201104,1543,,,HAMBLEY,,BLVD,,,0,098 CS-1222,CS1222,N,N,NULL,NULL,NULL,N,NULL,NULL,NULL,NULL,NULL,NULL,0.762,NULL,NULL,NULL,NULL,,NULL,0,0,2,2,N,N,25,NULL,98,9801,NULL,,Y,37.48226,37,28.936,NULL,-82.51907,82,31.144,NULL,N,NULL,NULL,NULL,NULL,NULL,NULL,NULL,NULL,1,3,2,6,1,1,2,2,1,3,N,NULL,Y,N,1543,1557,,N,NULL,55,,,N,,N,N,098-CS-1222-0,NULL,NULL,2020,O,7.2561E+11,098-CS-1222  -000,HIGH,098-CS-1222  -000,0.762,0,0,0,1,0,0,1,0,0,0,0,0,0
72536575,KSP0900,20-656393,20200818,2239,,,KY195,,,KY0195,KY0195,0,098 KY-195,KY0195,N,N,NULL,NULL,NULL,N,NULL,NULL,NULL,NULL,NULL,NULL,10.784,NULL,NULL,NULL,NULL,,NULL,1,0,1,1,N,N,55,NULL,98,9802,NULL,,Y,37.35876,37,21.526,NULL,-82.41785,82,25.071,NULL,N,NULL,NULL,NULL,NULL,NULL,NULL,NULL,NULL,9,4,2,3,1,5,6,6,7,3,N,NULL,Y,Y,2242,2302,2239,N,NULL,40,7,0,N,,N,N,098-KY-0195-0,NULL,NULL,2020,C,7.25366E+11,098-KY-0195  -000,HIGH,098-KY-0195  -000,10.784,0,0,0,0,0,0,0,1,0,0,0,1,0
72540043,980100,2.02E+11,20200903,1029,,,KY3496,,,KY3496,KY3496,,,,Y,N,NULL,NULL,NULL,N,NULL,NULL,NULL,NULL,NULL,NULL,0.772,NULL,NULL,NULL,NULL,,NULL,0,0,2,2,N,N,NULL,NULL,98,9801,NULL,,Y,37.47208,37,28.324,NULL,-82.53004,82,31.803,NULL,N,NULL,NULL,NULL,NULL,NULL,NULL,NULL,NULL,2,97,1,6,1,1,2,2,1,3,N,NULL,Y,N,1032,1035,,N,NULL,90,16,0,N,,N,N,,NULL,NULL,2020,O,7.254E+11,098-KY-3496  -000,HIGH,098-KY-3496  -000,0.772,0,0,0,0,0,0,1,0,0,0,0,0,0
72549739,KSP0900,20-729198,20201006,710,,,FISHTRAP,,RD,KY1441,KY1441,0,098 KY-1441,KY1441,N,N,NULL,NULL,NULL,N,NULL,NULL,NULL,NULL,NULL,NULL,9.345,NULL,NULL,NULL,NULL,,NULL,0,0,2,2,N,N,45,NULL,98,9850,NULL,,Y,37.50711,37,30.427,NULL,-82.45004,82,27.002,NULL,N,NULL,NULL,NULL,NULL,NULL,NULL,NULL,NULL,5,3,2,6,1,1,10,6,7,3,N,NULL,Y,N,710,715,759,N,NULL,70,8,0,N,,N,N,098-KY-1441-0,NULL,NULL,2020,O,7.25497E+11,098-KY-1441  -000,HIGH,098-KY-1441  -000,9.345,0,0,1,0,0,0,1,1,0,0,0,0,0
72532984,980100,2.02E+12,20200818,1649,,,US23,,,US0023,US0023,,,,N,N,NULL,NULL,NULL,N,NULL,NULL,NULL,NULL,NULL,NULL,25.715,NULL,NULL,NULL,NULL,,NULL,0,0,1,1,N,N,55,NULL,98,9801,NULL,,Y,37.4956,37,29.736,NULL,-82.53121,82,31.873,NULL,N,NULL,NULL,NULL,NULL,NULL,NULL,NULL,NULL,9,3,4,6,1,1,2,2,1,3,N,NULL,Y,N,1649,1654,1654,N,NULL,41,,1,N,,N,N,,NULL,NULL,2020,O,7.2533E+11,098-US-0023  -000,MEDIUM,098-US-0023  -000,25.715,0,0,0,0,0,0,0,0,0,0,0,1,0
72539001,KSP0900,20-662337,20200822,2000,,,US23,,,US0023,US0023,0,098 US-23-10,US0023,N,N,NULL,NULL,NULL,N,NULL,NULL,NULL,NULL,NULL,NULL,29.195,NULL,NULL,NULL,NULL,,NULL,0,0,1,1,N,N,45,NULL,98,9807,NULL,,Y,37.52656,37,31.593,NULL,-82.57439,82,34.463,NULL,N,NULL,NULL,NULL,NULL,NULL,NULL,NULL,NULL,9,97,6,6,1,5,3,5,7,3,N,NULL,Y,N,2000,2130,,N,NULL,40,,1,N,,N,N,098-US-0023-10,NULL,NULL,2020,O,7.2539E+11,098-US-0023  -010,HIGH,098-US-0023  -000,29.195,0,0,0,0,0,0,0,0,0,0,0,1,0
72531054,KSP0900,20-639863,20200808,1623,,,US119,,,US0119,US0119,0,098 US-119,US0119,N,N,NULL,NULL,NULL,N,NULL,NULL,NULL,NULL,NULL,NULL,24.056,NULL,NULL,NULL,NULL,,NULL,1,0,2,2,Y,N,55,NULL,98,9834,NULL,,Y,37.6565,37,39.39,NULL,-82.27048,82,16.229,NULL,N,NULL,NULL,NULL,NULL,NULL,NULL,NULL,NULL,1,3,4,6,1,1,2,2,7,3,N,NULL,Y,Y,1624,1711,1813,N,NULL,55,2,1,Y,,N,N,098-US-0119-0,NULL,NULL,2020,B,7.25311E+11,098-US-0119  -000,HIGH,098-US-0119  -000,24.056,1,0,0,0,0,0,1,1,0,0,0,0,0
72560601,980100,2.02E+11,20201103,1535,,,KY3496,,,KY3496,KY3496,0,098 KY-3496,KY3496,Y,N,NULL,NULL,NULL,N,NULL,NULL,NULL,NULL,NULL,NULL,0.782,NULL,NULL,NULL,NULL,,NULL,0,0,2,2,N,N,35,NULL,98,9801,NULL,,Y,37.47207,37,28.324,NULL,-82.52986,82,31.792,NULL,N,NULL,NULL,NULL,NULL,NULL,NULL,NULL,NULL,1,97,2,6,1,1,2,2,1,3,N,NULL,Y,N,1535,1547,,N,NULL,90,16,0,N,,N,N,098-KY-3496-0,NULL,NULL,2020,O,7.25606E+11,098-KY-3496  -000,HIGH,098-KY-3496  -000,0.782,0,0,0,1,0,0,1,0,0,0,0,0,0