MasterFile,AgencyORINumber,LocalCode,CollisionDate,CollisionTime,CollisionDayWeekCode,RoadwayName_HouseBusinessNumber_,RoadwayName_RoadwayName_,RoadwayName_Direction_,RoadwayName_RoadwaySuffix_,RoadwayfromReport,CurrentRoadwayNumber,RoadwayNumberCoupletID,RSEUniqueGIS,RoadwayIdentifier,ParkingLotIndicator,IntersectionWith_Indicator_,IntersectionWith_NameRoadway_,IntersectionWith_Direction_,IntersectionWith_RoadwaySuffix_,BetweenStreets_Indicator_,BetweenStreets1_NameRoadway_,BetweenStreet1_Direction_,BetweenStreets1_RoadwaySuffix_,BetweenStreets2_NameRoadway_,BetweenStreets2_Direction_,BetweenStreets2_RoadwaySuffix_,Milepoint,ReportMilepointDeriveNumber,CurrentDerivedMiepointNumber,MilestoMilepoint,FeettoMilepoint,DirectionfromMilepoint_NSEW_,ValidMilepointIndicator,NumberInjured,NumberKilled,ofUnits,ofMotorVehicleUnits,Hit&RunIndicator,OneWayIndicator,SpeedLimitNumber,KilometersIndicator,CountyCode,CityCountyCode,MilesFromCity,DirectionFromCity_NSEW_,InCityLimitsIndicator,Latitude,LatitudeDegrees,LatitudeMinutes,LatitudeSeconds,Longitude,LongitudeDegrees,LongitudeMinutes,LongitudeSeconds,RampIndicator,RampFromIdentifier,RampFromDirCode,RampFromCoupletID,RSEUniqueGISRampFrom,RampToidentifier,RampToDirCode,RampToCoupletID,RSEUniqueGisRampTo,MannerofCollisionCode,LocationFirstEventCode,TotalLanes,RoadwayCharacterCode,RoadwaySurfaceCode,RoadwayConditionCode,WeatherCode,LightConditionCode,LandUseCode,SchoolBusRelatedCode,FirstAidSceneIndicator,CollDescPresentInd,InvestigationCompleteIndicator,PhotosTakenIndicator,TimeNotified,TimeArrived,TimeRoadwayOpened,PropertyDamageIndicator,DiagramPresentIndicator,DirectionalAnalysis,FunctionClassCode,NationalHwySysCode,EnforcementsIndicator,KARSCityCode,SecondaryCollisionIndicator,MedianCrossoverIndicator,RT_UNIQUE,MapIt,TimeLastLeft,YR,KABCO,MFNY,WorkingRID,RT_CONFIDENCE,KTC_RT,KTC_MP,Motorcyclist,CommercialVehicle,YoungDriver,MatureDriver,pedestrian,Bicyclist,Distracted,agressive,Impaired,Unrestrained,Intersection,RoadwayDeparture,MedXover
72563501,980100,2.02E+11,20201108,1717,,,BAIRD,,AVE,KY1426,KY1426,0,098 KY-1426,KY1426,N,N,NULL,NULL,NULL,N,NULL,NULL,NULL,NULL,NULL,NULL,5.401,NULL,NULL,NULL,NULL,,NULL,0,0,2,2,N,N,55,NULL,98,9801,NULL,,Y,37.47319,37,28.391,NULL,-82.52709,82,31.625,NULL,N,NULL,NULL,NULL,NULL,NULL,NULL,NULL,NULL,8,3,2,6,1,1,2,2,1,3,N,NULL,Y,N,1717,1724,,N,NULL,53,,0,N,,N,N,098-KY-1426-0,NULL,NULL,2020,O,7.25635E+11,098-KY-1426  -000,HIGH,098-KY-1426  -000,5.401,0,0,0,1,0,0,1,0,0,0,0,1,0
72481206,KSP0900,20-2077,20200116,539,,,KY194,,,KY0194,KY0194,0,098 KY-194,KY0194,N,N,NULL,NULL,NULL,N,NULL,NULL,NULL,NULL,NULL,NULL,28.511,NULL,NULL,NULL,NULL,,NULL,1,0,1,1,N,N,55,NULL,98,9817,NULL,,Y,37.47279,37,28.367,NULL,-82.3508,82,21.048,NULL,N,NULL,NULL,NULL,NULL,NULL,NULL,NULL,NULL,9,6,2,1,1,5,3,6,7,3,Y,NULL,N,Y,542,628,800,N,NULL,40,7,0,N,,N,N,098-KY-0194-0,NULL,NULL,2020,A,7.24812E+11,098-KY-0194  -000,HIGH,098-KY-0194  -000,28.511,0,0,0,0,0,0,1,0,0,0,0,1,0
72509777,980100,2.02E+11,20200605,2037,,,KY3496,,,KY3496,KY3496,0,098 KY-3496,KY3496,N,N,NULL,NULL,NULL,N,NULL,NULL,NULL,NULL,NULL,NULL,0.453,NULL,NULL,NULL,NULL,,NULL,2,0,2,2,N,N,35,NULL,98,9801,NULL,,Y,37.46946,37,28.168,NULL,-82.5338,82,32.028,NULL,N,NULL,NULL,NULL,NULL,NULL,NULL,NULL,NULL,1,3,2,6,1,1,2,2,1,3,Y,NULL,Y,Y,2040,2044,2107,N,NULL,55,16,0,N,,N,N,098-KY-3496-0,NULL,NULL,2020,C,7.25098E+11,098-KY-3496  -000,HIGH,098-KY-3496  -000,0.453,0,0,1,1,0,0,0,1,0,0,0,0,0
72555660,370200,2020-739948,20201013,1450,,,KY80,,,KY0080,KY0080,0,098 KY-80,KY0080,N,N,NULL,NULL,NULL,N,NULL,NULL,NULL,NULL,NULL,NULL,6.25,NULL,NULL,NULL,NULL,,NULL,0,0,2,2,N,N,45,NULL,98,9802,NULL,,Y,37.29723,37,17.834,NULL,-82.31319,82,18.792,NULL,N,NULL,NULL,NULL,NULL,NULL,NULL,NULL,NULL,7,3,2,1,1,1,2,2,7,3,N,NULL,Y,N,1450,1553,1553,N,NULL,54,7,0,N,,N,N,098-KY-0080-0,NULL,NULL,2020,O,7.25557E+11,098-KY-0080  -000,HIGH,098-KY-0080  -000,6.25,0,1,1,0,0,0,0,0,0,0,0,1,0
72554252,980100,2.02E+11,20201018,1455,,,US23,,,US0023,US0023,,,,N,N,NULL,NULL,NULL,N,NULL,NULL,NULL,NULL,NULL,NULL,26.278,NULL,NULL,NULL,NULL,,NULL,0,0,2,2,N,N,55,NULL,98,9801,NULL,,Y,37.50357,37,30.215,NULL,-82.53214,82,31.928,NULL,N,NULL,NULL,NULL,NULL,NULL,NULL,NULL,NULL,5,3,4,6,1,1,2,2,1,3,N,NULL,Y,N,1455,1458,1527,N,NULL,70,,1,N,,N,N,,NULL,NULL,2020,O,7.25543E+11,098-US-0023  -000,MEDIUM,098-US-0023  -000,26.278,0,0,0,0,0,0,1,0,0,0,0,0,0
72556273,KSP0900,20-719926,20200929,1730,,,US119,,,US0119,US0119,,,,N,N,NULL,NULL,NULL,N,NULL,NULL,NULL,NULL,NULL,NULL,19.485,NULL,NULL,NULL,NULL,,NULL,2,0,2,2,N,N,55,NULL,98,9836,NULL,,Y,37.60806,37,36.484,NULL,-82.27369,82,16.421,NULL,N,NULL,NULL,NULL,NULL,NULL,NULL,NULL,NULL,1,3,4,3,1,5,6,2,7,3,Y,NULL,Y,Y,1730,1730,1815,N,NULL,55,2,1,N,,N,N,,NULL,NULL,2020,B,7.25563E+11,098-US-0119  -010,MEDIUM,098-US-0119  -000,19.485,0,0,0,0,0,0,0,0,0,0,0,0,0
72575404,KSP0900,20-829848,20201215,1747,,,US119,,,US0119,US0119,,,,N,N,NULL,NULL,NULL,N,NULL,NULL,NULL,NULL,NULL,NULL,22.589,NULL,NULL,NULL,NULL,,NULL,0,0,2,2,N,N,55,NULL,98,9812,NULL,,Y,37.63956,37,38.374,NULL,-82.2589,82,15.534,NULL,N,NULL,NULL,NULL,NULL,NULL,NULL,NULL,NULL,5,3,4,6,1,1,2,3,7,3,N,NULL,Y,N,1748,1748,1750,N,NULL,70,2,1,N,,N,N,,NULL,NULL,2020,O,7.25754E+11,098-US-0119  -000,MEDIUM,098-US-0119  -000,22.589,0,0,0,0,0,0,1,0,0,0,0,0,0
72504385,980500,2020AR029,20200525,1014,,4321,N MAYO TRAIL,,,,,,,,Y,N,NULL,NULL,NULL,N,NULL,NULL,NULL,NULL,NULL,NULL,NULL,NULL,NULL,NULL,NULL,NULL,NULL,0,0,1,1,N,N,15,NULL,98,9807,NULL,,Y,37.52526,37,31.516,NULL,-82.57393,82,34.436,NULL,N,NULL,NULL,NULL,NULL,NULL,NULL,NULL,NULL,9,97,2,6,1,1,2,2,1,3,N,NULL,Y,Y,1014,1016,1034,Y,NULL,90,,,N,,N,N,,NULL,NULL,2020,O,7.25044E+11,098-US-0023  -010,MEDIUM,098-US-0023  -000,29.137,0,1,0,0,0,0,0,0,0,0,0,1,0
72556060,KSP0900,20-739706,20201013,1200,,,DIX,,FRK,,,0,098 CR-1538,CR1538,N,N,NULL,NULL,NULL,N,NULL,NULL,NULL,NULL,NULL,NULL,0.429,NULL,NULL,NULL,NULL,,NULL,2,0,1,1,N,N,35,NULL,98,9833,NULL,,Y,37.60824,37,36.494,NULL,-82.34557,82,20.734,NULL,N,NULL,NULL,NULL,NULL,NULL,NULL,NULL,NULL,9,3,2,6,1,1,2,2,7,3,Y,NULL,Y,Y,1145,1205,1230,N,NULL,44,,,Y,,N,N,098-CR-1538-0,NULL,NULL,2020,C,7.25561E+11,098-CR-1538  -000,HIGH,098-CR-1538  -000,0.429,0,0,1,0,0,0,0,0,1,0,0,1,0
72540642,KSP0900,20-686257,20200906,2020,,,KY194,,,KY0194,KY0194,0,098 KY-194,KY0194,N,N,NULL,NULL,NULL,N,NULL,NULL,NULL,NULL,NULL,NULL,6.904,NULL,NULL,NULL,NULL,,NULL,0,0,2,2,Y,N,55,NULL,98,9801,2,S,N,37.61837,37,37.102,NULL,-82.55058,82,33.035,NULL,N,NULL,NULL,NULL,NULL,NULL,NULL,NULL,NULL,7,3,2,6,1,1,2,4,6,3,N,NULL,Y,N,2031,2057,,N,NULL,54,7,0,N,,N,N,098-KY-0194-0,NULL,NULL,2020,O,7.25406E+11,098-KY-0194  -000,HIGH,098-KY-0194  -000,6.904,0,0,0,1,0,0,0,0,0,0,0,1,0
72531859,980100,2.02E+11,20200812,1332,,911,BYPASS,S,RD,KY1426,KY1426,0,098 KY-1426,KY1426,Y,N,NULL,NULL,NULL,N,NULL,NULL,NULL,NULL,NULL,NULL,5.734,NULL,NULL,NULL,NULL,,NULL,0,0,2,2,N,N,NULL,NULL,98,9801,NULL,,Y,37.47305,37,28.383,NULL,-82.52213,82,31.328,NULL,N,NULL,NULL,NULL,NULL,NULL,NULL,NULL,NULL,5,97,2,6,1,1,2,2,5,3,N,NULL,Y,N,1332,1332,1332,N,NULL,90,,0,N,,N,N,098-KY-1426-0,NULL,NULL,2020,O,7.25319E+11,098-KY-1426  -000,HIGH,098-KY-1426  -000,5.734,0,0,0,1,0,0,1,0,0,0,0,0,0
72534631,980100,2.02E+11,20200821,1411,,,HAMBLEY,,BLVD,,,0,098 CS-1222,CS1222,N,N,NULL,NULL,NULL,N,NULL,NULL,NULL,NULL,NULL,NULL,1.707,NULL,NULL,NULL,NULL,,NULL,0,0,2,2,N,N,35,NULL,98,9801,NULL,,Y,37.48174,37,28.904,NULL,-82.53349,82,32.01,NULL,N,NULL,NULL,NULL,NULL,NULL,NULL,NULL,NULL,5,3,2,6,1,1,2,2,1,3,N,NULL,Y,N,1411,1415,,N,NULL,49,,,N,,N,N,098-CS-1222-0,NULL,NULL,2020,O,7.25346E+11,098-CS-1222  -000,HIGH,098-CS-1222  -000,1.707,0,0,0,0,0,0,1,0,0,0,0,0,0
72536941,980100,2.02E+11,20200829,1636,,,THOMPSON,,RD,,,0,098 CS-1215,CS1215,N,N,NULL,NULL,NULL,N,NULL,NULL,NULL,NULL,NULL,NULL,0.092,NULL,NULL,NULL,NULL,,NULL,0,0,2,2,N,N,35,NULL,98,9801,NULL,,Y,37.50948,37,30.569,NULL,-82.54839,82,32.903,NULL,N,NULL,NULL,NULL,NULL,NULL,NULL,NULL,NULL,5,3,2,6,2,1,2,2,7,3,N,NULL,Y,N,1636,1643,1648,N,NULL,49,,,N,,N,N,098-CS-1215-0,NULL,NULL,2020,O,7.25369E+11,098-CS-1215  -000,HIGH,098-CS-1215  -000,0.092,0,0,0,0,0,0,1,0,0,0,0,0,0
72539457,980100,2.02E+11,20200906,150,,,US119,,,US0119,US0119,,,,N,N,NULL,NULL,NULL,N,NULL,NULL,NULL,NULL,NULL,NULL,0.114,NULL,NULL,NULL,NULL,,NULL,0,0,1,1,N,N,55,NULL,98,9801,NULL,,Y,37.5042,37,30.252,NULL,-82.53005,82,31.803,NULL,N,NULL,NULL,NULL,NULL,NULL,NULL,NULL,NULL,9,3,4,1,1,1,2,6,7,3,N,NULL,Y,N,150,154,154,N,NULL,38,2,1,N,,N,N,,NULL,NULL,2020,O,7.25395E+11,098-US-0119  -010,MEDIUM,098-US-0119  -000,0.114,0,0,0,0,0,0,0,0,0,0,0,0,0
72540697,980500,2020AR049,20200909,1745,,,MULLINS ADDITION,,DR,,,0,098 CR-1426P,CR1426P,N,N,NULL,NULL,NULL,N,NULL,NULL,NULL,NULL,NULL,NULL,0.041,NULL,NULL,NULL,NULL,,NULL,0,0,2,2,N,Y,15,NULL,98,9807,1,N,N,37.53895,37,32.337,NULL,-82.58201,82,34.921,NULL,N,NULL,NULL,NULL,NULL,NULL,NULL,NULL,NULL,1,3,1,6,1,1,2,2,7,3,N,NULL,Y,Y,1740,1745,,N,NULL,55,,,N,,N,N,098-CR-1426P-0,NULL,NULL,2020,O,7.25407E+11,098-CR-1426P -000,HIGH,098-CR-1426P -000,0.041,0,0,0,1,0,0,1,0,0,0,0,0,0
72519051,980000,20070032,20200701,1850,,,MALL,S,RD,,,0,098 PR-1010,PR1010,Y,N,NULL,NULL,NULL,N,NULL,NULL,NULL,NULL,NULL,NULL,0.236,NULL,NULL,NULL,NULL,,NULL,0,0,2,2,N,Y,15,NULL,98,9812,NULL,,Y,37.65397,37,39.238,NULL,-82.2736,82,16.416,NULL,N,NULL,NULL,NULL,NULL,NULL,NULL,NULL,NULL,1,97,1,6,1,1,2,2,1,3,N,NULL,Y,Y,1840,1850,1930,N,NULL,90,,,N,,N,N,098-PR-1010-0,NULL,NULL,2020,O,7.25191E+11,098-PR-1010  -000,HIGH,098-PR-1010  -000,0.236,0,0,0,0,0,0,1,0,0,0,0,0,0
72538345,980100,2.02E+11,20200831,1421,,,RIVERFILL,N,DR,,,,,,Y,N,NULL,NULL,NULL,N,NULL,NULL,NULL,NULL,NULL,NULL,0.122,NULL,NULL,NULL,NULL,,NULL,0,0,2,2,N,Y,15,NULL,98,9801,NULL,,Y,37.47955,37,28.773,NULL,-82.5157,82,30.942,NULL,N,NULL,NULL,NULL,NULL,NULL,NULL,NULL,NULL,2,97,1,6,1,1,3,2,1,3,N,NULL,Y,N,1421,1422,1422,N,NULL,90,,,N,,N,N,,NULL,NULL,2020,O,7.25383E+11,098-CS-1124  -000,MEDIUM,098-CS-1124  -000,0.122,0,0,0,1,0,0,1,0,0,0,0,0,0
72528560,KSP0900,20-626734,20200731,853,,,US119,,,US0119,US0119,0,098 US-119-10,US0119,N,N,NULL,NULL,NULL,N,NULL,NULL,NULL,NULL,NULL,NULL,18.89,NULL,NULL,NULL,NULL,,NULL,0,0,1,1,N,N,55,NULL,98,9836,NULL,,Y,37.60025,37,36.015,NULL,-82.27607,82,16.564,NULL,N,NULL,NULL,NULL,NULL,NULL,NULL,NULL,NULL,9,5,4,3,1,5,2,2,1,3,N,NULL,Y,N,856,913,913,N,NULL,44,2,1,N,,N,N,098-US-0119-10,NULL,NULL,2020,O,7.25286E+11,098-US-0119  -010,HIGH,098-US-0119  -000,18.89,0,0,0,1,0,0,0,0,0,0,0,1,0
72479806,KSP0900,20-6838,20200221,730,,,RIGHT FORK OF BRUSHY,,RD,,,0,098 CR-1360Q4,CR1360Q4,N,N,NULL,NULL,NULL,N,NULL,NULL,NULL,NULL,NULL,NULL,1.095,NULL,NULL,NULL,NULL,,NULL,1,0,2,2,N,N,35,NULL,98,9801,NULL,,Y,37.65206,37,39.124,NULL,-82.47413,82,28.448,NULL,N,NULL,NULL,NULL,NULL,NULL,NULL,NULL,NULL,3,3,1,6,1,1,2,2,7,3,N,NULL,Y,Y,730,735,900,N,NULL,52,,,Y,,N,N,098-CR-1360Q4-0,NULL,NULL,2020,C,7.24798E+11,098-CR-1360Q4-000,HIGH,098-CR-1360Q4-000,1.095,0,0,1,0,0,0,0,1,0,0,0,1,0
72545298,KSP0900,20-710462,20200922,2044,,,GRAPEVINE,,RD,KY0194,KY0194,0,098 KY-194,KY0194,N,N,NULL,NULL,NULL,N,NULL,NULL,NULL,NULL,NULL,NULL,31.758,NULL,NULL,NULL,NULL,,NULL,0,0,1,1,N,N,55,NULL,98,9849,NULL,,Y,37.43349,37,26.009,NULL,-82.35438,82,21.263,NULL,N,NULL,NULL,NULL,NULL,NULL,NULL,NULL,NULL,9,3,2,3,1,1,2,6,7,3,N,NULL,Y,N,2044,2114,2114,N,NULL,38,7,0,N,,N,N,098-KY-0194-0,NULL,NULL,2020,O,7.25453E+11,098-KY-0194  -000,HIGH,098-KY-0194  -000,31.758,0,0,0,0,0,0,0,0,0,0,0,0,0
72589405,KSP0900,21-38758,20210129,1844,,,US460,,,US0460,US0460,0,098 US-460,US0460,Y,N,NULL,NULL,NULL,N,NULL,NULL,NULL,NULL,NULL,NULL,4.246,NULL,NULL,NULL,NULL,,NULL,0,0,2,2,Y,N,NULL,NULL,98,9824,NULL,,Y,37.41866,37,25.12,NULL,-82.4577,82,27.462,NULL,N,NULL,NULL,NULL,NULL,NULL,NULL,NULL,NULL,6,7,NULL,6,1,1,2,5,1,3,N,NULL,Y,N,1844,1945,1844,N,NULL,90,,1,N,,N,N,098-US-0460-0,NULL,NULL,2021,NULL,7.25894E+11,098-US-0460  -000,HIGH,098-US-0460  -000,4.246,0,0,0,0,0,0,1,0,0,0,0,0,0
72602588,KSP0900,21-98497,20210312,713,,,KY195,,,KY0195,KY0195,0,098 KY-195,KY0195,N,N,NULL,NULL,NULL,N,NULL,NULL,NULL,NULL,NULL,NULL,10.287,NULL,NULL,NULL,NULL,,NULL,0,0,1,1,N,N,35,NULL,98,9802,5,W,N,37.35493,37,21.296,NULL,-82.42492,82,25.495,NULL,N,NULL,NULL,NULL,NULL,NULL,NULL,NULL,NULL,9,5,2,3,1,5,6,1,7,3,N,NULL,Y,N,713,722,730,N,NULL,44,7,0,N,,N,N,098-KY-0195-0,NULL,NULL,2021,O,7.26026E+11,098-KY-0195  -000,HIGH,098-KY-0195  -000,10.287,0,0,0,0,0,0,1,0,0,0,0,1,0
72577777,980100,2.02E+11,20201221,1500,,,BYPASS,S,RD,KY1426,KY1426,,,,Y,N,NULL,NULL,NULL,N,NULL,NULL,NULL,NULL,NULL,NULL,5.615,NULL,NULL,NULL,NULL,,NULL,0,0,2,2,N,N,NULL,NULL,98,9801,NULL,,Y,37.47248,37,28.349,NULL,-82.52418,82,31.451,NULL,N,NULL,NULL,NULL,NULL,NULL,NULL,NULL,NULL,1,97,2,6,2,1,2,2,1,3,N,NULL,Y,N,1500,1509,1509,N,NULL,90,,0,N,,N,N,,NULL,NULL,2020,O,7.25778E+11,098-KY-1426  -000,HIGH,098-KY-1426  -000,5.615,0,0,1,0,0,0,1,0,0,0,0,0,0
72603920,KSP0900,21-103621,20210315,1830,,,SHELBY DRY,,FRK,,,0,098 CR-1257,CR1257,N,N,NULL,NULL,NULL,N,NULL,NULL,NULL,NULL,NULL,NULL,0.285,NULL,NULL,NULL,NULL,,NULL,0,0,2,2,N,N,35,NULL,98,9824,NULL,,Y,37.41965,37,25.179,NULL,-82.49111,82,29.467,NULL,N,NULL,NULL,NULL,NULL,NULL,NULL,NULL,NULL,7,3,1,4,1,5,6,3,7,3,N,NULL,N,N,1920,1929,1830,N,NULL,54,,,N,,N,N,098-CR-1257-0,NULL,NULL,2021,O,7.26039E+11,098-CR-1257  -000,HIGH,098-CR-1257  -000,0.285,0,0,0,1,0,0,1,0,0,0,0,1,0
72618516,980000,2104005,20210428,1325,,,28402 HWY 119 N,,,,,,,,N,N,NULL,NULL,NULL,N,NULL,NULL,NULL,NULL,NULL,NULL,NULL,NULL,NULL,NULL,NULL,NULL,NULL,0,0,2,2,Y,N,15,NULL,98,9812,4,N,N,37.65784,37,39.47,NULL,-82.27008,82,16.205,NULL,N,NULL,NULL,NULL,NULL,NULL,NULL,NULL,NULL,8,7,2,6,1,1,2,2,1,3,N,NULL,N,Y,1310,1325,1355,N,NULL,47,,,N,,N,N,,NULL,NULL,2021,O,7.26185E+11,098-US-0119  -000,MEDIUM,098-US-0119  -000,24.129,0,0,0,1,0,0,0,0,0,1,0,0,0
72592885,KSP0900,21-52134,20210208,1716,,,BOWLING,,FRK,,,0,098 CR-1206Q3,CR1206Q3,N,N,NULL,NULL,NULL,N,NULL,NULL,NULL,NULL,NULL,NULL,0.125,NULL,NULL,NULL,NULL,,NULL,1,0,1,1,N,N,25,NULL,98,9802,NULL,,Y,37.30456,37,18.274,NULL,-82.47727,82,28.636,NULL,N,NULL,NULL,NULL,NULL,NULL,NULL,NULL,NULL,9,3,1,6,1,1,2,3,6,3,Y,NULL,Y,Y,1719,1829,1716,N,NULL,38,,,Y,,N,N,098-CR-1206Q3-0,NULL,NULL,2021,B,7.25929E+11,098-CR-1206Q3-000,HIGH,098-CR-1206Q3-000,0.125,0,0,0,0,0,0,0,0,0,0,0,1,0
72570825,980100,2.02E+11,20201201,1227,,,HAROLDS BRANCH,,RD,,,0,098 CS-1223,CS1223,N,N,NULL,NULL,NULL,N,NULL,NULL,NULL,NULL,NULL,NULL,0.902,NULL,NULL,NULL,NULL,,NULL,0,0,2,2,N,N,25,NULL,98,9801,NULL,,Y,37.46746,37,28.048,NULL,-82.50822,82,30.494,NULL,N,NULL,NULL,NULL,NULL,NULL,NULL,NULL,NULL,7,3,1,3,3,5,2,2,7,3,N,NULL,N,N,1230,1238,1238,N,NULL,54,,,N,,N,N,098-CS-1223-0,NULL,NULL,2020,O,7.25708E+11,098-CS-1223  -000,HIGH,098-CS-1223  -000,0.902,0,1,0,0,0,0,1,0,0,0,0,1,0
72560284,980100,2.02E+11,20201103,940,,,BYPASS,S,RD,KY1426,KY1426,0,098 KY-1426,KY1426,N,N,NULL,NULL,NULL,N,NULL,NULL,NULL,NULL,NULL,NULL,5.83,NULL,NULL,NULL,NULL,,NULL,0,0,2,2,N,N,55,NULL,98,9801,NULL,,Y,37.47373,37,28.424,NULL,-82.52059,82,31.235,NULL,N,NULL,NULL,NULL,NULL,NULL,NULL,NULL,NULL,5,3,2,6,1,1,2,2,1,3,N,NULL,Y,N,940,943,,N,NULL,49,,0,N,,N,N,098-KY-1426-0,NULL,NULL,2020,O,7.25603E+11,098-KY-1426  -000,HIGH,098-KY-1426  -000,5.83,0,0,1,0,0,0,1,0,0,0,0,0,0
72494173,980100,2.02E+11,20200413,1940,,,MAYO,S,TRL,US0023,US0023,,,,N,N,NULL,NULL,NULL,N,NULL,NULL,NULL,NULL,NULL,NULL,22.294,NULL,NULL,NULL,NULL,,NULL,0,0,3,3,N,N,55,NULL,98,9801,NULL,,Y,37.46137,37,27.682,NULL,-82.51691,82,31.015,NULL,N,NULL,NULL,NULL,NULL,NULL,NULL,NULL,NULL,5,3,4,6,1,1,2,3,1,3,N,NULL,Y,N,1940,1943,1943,N,NULL,49,,1,N,,N,N,,NULL,NULL,2020,O,7.24942E+11,098-US-0023  -010,MEDIUM,098-US-0023  -000,22.294,0,0,0,1,0,0,1,0,0,0,0,0,0
72537738,980100,2.02E+11,20200831,1646,,238,CASSIDY,,BLVD,,,0,098 CS-1191,CS1191,Y,N,NULL,NULL,NULL,N,NULL,NULL,NULL,NULL,NULL,NULL,0.292,NULL,NULL,NULL,NULL,,NULL,0,0,2,2,Y,N,NULL,NULL,98,9801,NULL,,Y,37.50499,37,30.3,NULL,-82.53666,82,32.2,NULL,N,NULL,NULL,NULL,NULL,NULL,NULL,NULL,NULL,3,7,NULL,4,1,1,3,2,1,3,N,NULL,Y,N,1647,1705,,N,NULL,90,,,N,,N,N,098-CS-1191-0,NULL,NULL,2020,O,7.25377E+11,098-CS-1191  -000,HIGH,098-CS-1191  -000,0.292,0,0,0,0,0,0,0,0,0,0,0,0,0
72537977,KSP0900,20-675821,20200831,1509,,,KY199 CROSSOVER,,,KY0199,KY0199,0,098 KY-199-30,KY0199,N,N,NULL,NULL,NULL,N,NULL,NULL,NULL,NULL,NULL,NULL,0.004,NULL,NULL,NULL,NULL,,NULL,4,0,2,2,N,N,55,NULL,98,9814,NULL,,Y,37.59792,37,35.875,NULL,-82.277,82,16.62,NULL,N,NULL,NULL,NULL,NULL,NULL,NULL,NULL,NULL,1,3,2,1,1,1,3,2,7,3,Y,NULL,Y,Y,1509,1520,1600,N,NULL,55,9,0,N,,N,N,098-KY-0199-30,NULL,NULL,2020,B,7.2538E+11,098-KY-0199  -030,HIGH,098-KY-0199  -030,0.004,0,0,1,0,0,0,1,1,0,0,0,0,0
72534734,KSP0900,20-663987,20200823,1928,,5369,KY195,,,KY0195,KY0195,0,098 KY-195,KY0195,N,N,NULL,NULL,NULL,N,NULL,NULL,NULL,NULL,NULL,NULL,6.185,NULL,NULL,NULL,NULL,,NULL,0,0,1,1,N,N,35,NULL,98,9830,NULL,,Y,37.32058,37,19.235,NULL,-82.45969,82,27.581,NULL,N,NULL,NULL,NULL,NULL,NULL,NULL,NULL,NULL,9,3,2,3,1,1,2,6,7,3,N,NULL,Y,N,2005,2025,,N,NULL,40,7,0,N,,N,N,098-KY-0195-0,NULL,NULL,2020,O,7.25347E+11,098-KY-0195  -000,HIGH,098-KY-0195  -000,6.185,0,0,0,0,0,0,1,0,0,0,0,1,0
72545760,KSP0900,20-711195,20200923,1320,,,US119,,,US0119,US0119,0,098 US-119-10,US0119,N,N,NULL,NULL,NULL,N,NULL,NULL,NULL,NULL,NULL,NULL,18.724,NULL,NULL,NULL,NULL,,NULL,0,0,2,2,N,N,55,NULL,98,9814,NULL,,Y,37.59796,37,35.878,NULL,-82.27704,82,16.622,NULL,N,NULL,NULL,NULL,NULL,NULL,NULL,NULL,NULL,1,3,2,6,1,1,2,2,7,3,N,NULL,Y,N,1320,1330,1350,N,NULL,55,2,1,N,,N,N,098-US-0119-10,NULL,NULL,2020,O,7.25458E+11,098-US-0119  -010,HIGH,098-US-0119  -000,18.724,0,0,0,0,0,0,1,1,0,0,0,0,0
72575911,980500,2020AR069,20201217,1441,,,US23,,,US0023,US0023,0,098 US-23-10,US0023,Y,N,NULL,NULL,NULL,N,NULL,NULL,NULL,NULL,NULL,NULL,NULL,NULL,NULL,NULL,NULL,NULL,NULL,0,0,2,2,N,N,NULL,NULL,98,9807,NULL,,Y,37.52375,37,31.425,NULL,-82.57263,82,34.358,NULL,N,NULL,NULL,NULL,NULL,NULL,NULL,NULL,NULL,2,97,NULL,6,1,5,3,2,1,3,N,NULL,N,Y,1441,1441,1441,N,NULL,90,,1,N,,N,N,098-US-0023-10,NULL,NULL,2020,O,7.25759E+11,098-US-0023  -010,HIGH,098-US-0023  -000,29.015,0,0,0,1,0,0,1,0,0,0,0,0,0
72522479,980100,2.02E+11,20200712,520,,,US23,S,,,,,,,N,N,NULL,NULL,NULL,N,NULL,NULL,NULL,NULL,NULL,NULL,NULL,NULL,NULL,NULL,NULL,NULL,NULL,1,0,2,2,N,N,55,NULL,98,9801,NULL,,Y,37.40139,37,24.084,NULL,-82.52953,82,31.772,NULL,N,NULL,NULL,NULL,NULL,NULL,NULL,NULL,NULL,5,3,1,1,1,1,2,1,7,3,Y,NULL,Y,Y,520,554,,N,NULL,49,,,Y,,N,N,,NULL,NULL,2020,B,7.25225E+11,098-US-0023  -010,MEDIUM,098-US-0023  -000,15.391,0,0,0,0,0,0,0,1,1,1,0,1,0
72537895,KSP0900,20-672334,20200829,539,,,US119,,,US0119,US0119,0,098 US-119-10,US0119,N,N,NULL,NULL,NULL,N,NULL,NULL,NULL,NULL,NULL,NULL,23.237,NULL,NULL,NULL,NULL,,NULL,1,0,1,1,N,N,55,NULL,98,9836,NULL,,Y,37.64487,37,38.692,NULL,-82.26717,82,16.03,NULL,N,NULL,NULL,NULL,NULL,NULL,NULL,NULL,NULL,9,3,2,3,1,5,6,5,2,3,Y,NULL,Y,Y,539,645,645,N,NULL,70,2,1,N,,N,N,098-US-0119-10,NULL,NULL,2020,C,7.25379E+11,098-US-0119  -010,HIGH,098-US-0119  -000,23.237,0,0,0,0,0,0,0,0,0,0,0,0,0