MasterFile,AgencyORINumber,LocalCode,CollisionDate,CollisionTime,CollisionDayWeekCode,RoadwayName_HouseBusinessNumber_,RoadwayName_RoadwayName_,RoadwayName_Direction_,RoadwayName_RoadwaySuffix_,RoadwayfromReport,CurrentRoadwayNumber,RoadwayNumberCoupletID,RSEUniqueGIS,RoadwayIdentifier,ParkingLotIndicator,IntersectionWith_Indicator_,IntersectionWith_NameRoadway_,IntersectionWith_Direction_,IntersectionWith_RoadwaySuffix_,BetweenStreets_Indicator_,BetweenStreets1_NameRoadway_,BetweenStreet1_Direction_,BetweenStreets1_RoadwaySuffix_,BetweenStreets2_NameRoadway_,BetweenStreets2_Direction_,BetweenStreets2_RoadwaySuffix_,Milepoint,ReportMilepointDeriveNumber,CurrentDerivedMiepointNumber,MilestoMilepoint,FeettoMilepoint,DirectionfromMilepoint_NSEW_,ValidMilepointIndicator,NumberInjured,NumberKilled,ofUnits,ofMotorVehicleUnits,Hit&RunIndicator,OneWayIndicator,SpeedLimitNumber,KilometersIndicator,CountyCode,CityCountyCode,MilesFromCity,DirectionFromCity_NSEW_,InCityLimitsIndicator,Latitude,LatitudeDegrees,LatitudeMinutes,LatitudeSeconds,Longitude,LongitudeDegrees,LongitudeMinutes,LongitudeSeconds,RampIndicator,RampFromIdentifier,RampFromDirCode,RampFromCoupletID,RSEUniqueGISRampFrom,RampToidentifier,RampToDirCode,RampToCoupletID,RSEUniqueGisRampTo,MannerofCollisionCode,LocationFirstEventCode,TotalLanes,RoadwayCharacterCode,RoadwaySurfaceCode,RoadwayConditionCode,WeatherCode,LightConditionCode,LandUseCode,SchoolBusRelatedCode,FirstAidSceneIndicator,CollDescPresentInd,InvestigationCompleteIndicator,PhotosTakenIndicator,TimeNotified,TimeArrived,TimeRoadwayOpened,PropertyDamageIndicator,DiagramPresentIndicator,DirectionalAnalysis,FunctionClassCode,NationalHwySysCode,EnforcementsIndicator,KARSCityCode,SecondaryCollisionIndicator,MedianCrossoverIndicator,RT_UNIQUE,MapIt,TimeLastLeft,YR,KABCO,MFNY,WorkingRID,RT_CONFIDENCE,KTC_RT,KTC_MP,Motorcyclist,CommercialVehicle,YoungDriver,MatureDriver,pedestrian,Bicyclist,Distracted,agressive,Impaired,Unrestrained,Intersection,RoadwayDeparture,MedXover
72530257,980100,2.02E+11,20200810,1228,,,BYPASS,S,RD,KY1426,KY1426,0,098 KY-1426,KY1426,Y,N,NULL,NULL,NULL,N,NULL,NULL,NULL,NULL,NULL,NULL,5.677,NULL,NULL,NULL,NULL,,NULL,0,0,2,2,N,N,5,NULL,98,9801,NULL,,Y,37.47221,37,28.333,NULL,-82.52262,82,31.357,NULL,N,NULL,NULL,NULL,NULL,NULL,NULL,NULL,NULL,8,97,2,1,1,1,2,2,1,3,N,NULL,N,N,1233,1236,1255,N,NULL,90,,0,N,,N,N,098-KY-1426-0,NULL,NULL,2020,O,7.25303E+11,098-KY-1426  -000,HIGH,098-KY-1426  -000,5.677,0,0,0,0,0,0,1,0,0,0,0,0,0
72547184,980100,2.02E+11,20200918,1149,,,HAMBLEY,,BLVD,,,,,,N,N,NULL,NULL,NULL,N,NULL,NULL,NULL,NULL,NULL,NULL,0.549,NULL,NULL,NULL,NULL,,NULL,1,0,4,4,N,N,25,NULL,98,9801,NULL,,Y,37.47902,37,28.741,NULL,-82.51991,82,31.194,NULL,N,NULL,NULL,NULL,NULL,NULL,NULL,NULL,NULL,1,5,3,6,1,1,2,2,7,3,Y,NULL,Y,Y,1149,1151,,Y,NULL,51,,,N,,N,N,,NULL,NULL,2020,C,7.25472E+11,098-CS-1222  -000,MEDIUM,098-CS-1222  -000,0.549,0,0,0,1,0,0,1,0,0,0,0,1,0
72622790,980100,2.021E+11,20210509,1020,,,OWSLEY,,RD,KY1384,KY1384,0,098 KY-1384,KY1384,N,N,NULL,NULL,NULL,N,NULL,NULL,NULL,NULL,NULL,NULL,7.187,NULL,NULL,NULL,NULL,,NULL,0,0,2,2,N,N,45,NULL,98,9801,NULL,,Y,37.4805,37,28.83,NULL,-82.53633,82,32.18,NULL,N,NULL,NULL,NULL,NULL,NULL,NULL,NULL,NULL,4,3,4,6,1,1,2,2,7,3,N,NULL,Y,N,1020,1021,1101,N,NULL,70,16,0,N,,N,N,098-KY-1384-0,NULL,NULL,2021,O,7.26228E+11,098-KY-1384  -000,HIGH,098-KY-1384  -000,7.187,0,0,0,1,0,0,0,1,0,0,0,0,0
72585895,980100,2.021E+11,20210118,1329,,,GAP,,BR,,,0,098 CR-1416,CR1416,N,N,NULL,NULL,NULL,N,NULL,NULL,NULL,NULL,NULL,NULL,0.065,NULL,NULL,NULL,NULL,,NULL,0,0,2,2,N,N,25,NULL,98,9801,2,W,N,37.51653,37,30.992,NULL,-82.59132,82,35.479,NULL,N,NULL,NULL,NULL,NULL,NULL,NULL,NULL,NULL,7,3,1,6,1,5,3,2,7,3,N,NULL,Y,N,1329,1339,1351,N,NULL,47,,,N,,N,N,098-CR-1416-0,NULL,NULL,2021,O,7.25859E+11,098-CR-1416  -000,HIGH,098-CR-1416  -000,0.065,0,0,0,1,0,0,1,0,0,0,0,0,0
72599487,980000,21-02-003,20210209,805,,,ISLAND CREEK,,RD,KY1426,KY1426,0,098 KY-1426,KY1426,N,N,NULL,NULL,NULL,N,NULL,NULL,NULL,NULL,NULL,NULL,1.384,NULL,NULL,NULL,NULL,,NULL,0,0,2,1,N,N,55,NULL,98,9801,1,W,N,37.45946,37,27.568,NULL,-82.5701,82,34.206,NULL,N,NULL,NULL,NULL,NULL,NULL,NULL,NULL,NULL,1,3,2,6,1,2,8,2,7,3,N,NULL,N,N,810,810,930,N,NULL,55,8,0,N,,Y,N,098-KY-1426-0,NULL,NULL,2021,O,7.25995E+11,098-KY-1426  -000,HIGH,098-KY-1426  -000,1.384,0,0,0,1,0,0,0,0,0,0,0,0,0
72527260,980100,2.02E+11,20200802,914,,,CASSIDY,,BLVD,,,,,,Y,N,NULL,NULL,NULL,N,NULL,NULL,NULL,NULL,NULL,NULL,0.29,NULL,NULL,NULL,NULL,,NULL,0,0,1,1,N,N,15,NULL,98,9801,NULL,,Y,37.50455,37,30.273,NULL,-82.5366,82,32.196,NULL,N,NULL,NULL,NULL,NULL,NULL,NULL,NULL,NULL,9,97,0,6,1,1,3,2,1,3,N,NULL,Y,N,914,922,922,N,NULL,90,,,N,,N,N,,NULL,NULL,2020,O,7.25273E+11,098-CS-1191  -000,LOW,098-CS-1191  -000,0.29,0,0,0,1,0,0,1,0,0,0,0,1,0
72601490,980100,2.021E+11,20210309,759,,,,,,US0023,US0023,,,,N,N,NULL,NULL,NULL,N,NULL,NULL,NULL,NULL,NULL,NULL,0.244,NULL,NULL,NULL,NULL,,NULL,0,0,2,2,N,N,35,NULL,98,9801,NULL,,Y,37.47334,37,28.4,NULL,-82.53337,82,32.002,NULL,Y,US0023,S,NULL,,KY1426,E,NULL,,5,3,1,6,1,1,2,2,1,3,N,NULL,Y,N,759,807,816,N,NULL,85,,1,N,,N,N,,NULL,NULL,2021,O,7.26015E+11,098-US-0023  -131,MEDIUM,098-US-0023  -131,0.244,0,0,0,0,0,0,1,0,0,0,0,0,0
72571880,KSP0900,2020-794905,20201119,2030,,,SYCAMORE,,RD,,,0,098 CR-1981,CR1981,N,N,NULL,NULL,NULL,N,NULL,NULL,NULL,NULL,NULL,NULL,0.109,NULL,NULL,NULL,NULL,,NULL,0,0,2,2,Y,N,30,NULL,98,9864,NULL,,Y,37.25667,37,15.4,NULL,-82.48018,82,28.811,NULL,N,NULL,NULL,NULL,NULL,NULL,NULL,NULL,NULL,7,3,NULL,6,2,1,3,6,7,3,N,NULL,N,N,2030,2110,2110,N,NULL,54,,,N,,N,N,098-CR-1981-0,NULL,NULL,2020,O,7.25719E+11,098-CR-1981  -000,HIGH,098-CR-1981  -000,0.109,0,0,1,0,0,0,0,0,0,0,0,1,0
72590176,KSP0900,21-36506,20210128,930,,,ROCKHOUSE,,RD,,,0,098 CR-1113,CR1113,N,N,NULL,NULL,NULL,N,NULL,NULL,NULL,NULL,NULL,NULL,1.688,NULL,NULL,NULL,NULL,,NULL,0,0,2,2,N,N,35,NULL,98,9804,NULL,,Y,37.44447,37,26.668,NULL,-82.12163,82,7.298,NULL,N,NULL,NULL,NULL,NULL,NULL,NULL,NULL,NULL,3,3,2,6,1,2,3,2,7,3,N,NULL,Y,N,805,930,940,N,NULL,52,,,N,,N,N,098-CR-1113-0,NULL,NULL,2021,O,7.25902E+11,098-CR-1113  -000,HIGH,098-CR-1113  -000,1.688,0,0,0,0,0,0,0,0,0,0,0,1,0
72498012,980000,20-03-006,20200327,1902,,,US119,,,US0119,US0119,0,098 US-119,US0119,Y,N,NULL,NULL,NULL,N,NULL,NULL,NULL,NULL,NULL,NULL,24.829,NULL,NULL,NULL,NULL,,NULL,0,0,2,2,N,N,55,NULL,98,9834,NULL,,Y,37.66622,37,39.973,NULL,-82.27531,82,16.519,NULL,N,NULL,NULL,NULL,NULL,NULL,NULL,NULL,NULL,2,97,1,6,1,1,2,2,1,3,N,NULL,Y,Y,1902,1909,,N,NULL,90,2,1,N,,N,N,098-US-0119-0,NULL,NULL,2020,O,7.2498E+11,098-US-0119  -000,HIGH,098-US-0119  -000,24.829,0,0,0,1,0,0,1,0,0,0,0,0,0
72532275,KSP0900,20-632292,20200803,1750,,,US23,,,US0023,US0023,0,098 US-23-10,US0023,N,N,NULL,NULL,NULL,N,NULL,NULL,NULL,NULL,NULL,NULL,23.96,NULL,NULL,NULL,NULL,,NULL,0,0,1,1,N,N,55,NULL,98,9801,NULL,,Y,37.47527,37,28.516,NULL,-82.53799,82,32.28,NULL,N,NULL,NULL,NULL,NULL,NULL,NULL,NULL,NULL,9,5,4,6,1,1,2,2,7,3,N,NULL,Y,Y,1750,1750,1750,N,NULL,40,,1,N,,N,N,098-US-0023-10,NULL,NULL,2020,O,7.25323E+11,098-US-0023  -010,HIGH,098-US-0023  -000,23.96,0,0,0,0,0,0,1,0,0,0,0,1,0
72593124,KSP0900,21-53212,20210209,907,,,MEATHOUSE,,RD,,,0,098 CR-1444,CR1444,N,N,NULL,NULL,NULL,N,NULL,NULL,NULL,NULL,NULL,NULL,0.38,NULL,NULL,NULL,NULL,,NULL,1,0,1,1,N,N,45,NULL,98,9817,NULL,,Y,37.52911,37,31.746,NULL,-82.36287,82,21.772,NULL,N,NULL,NULL,NULL,NULL,NULL,NULL,NULL,NULL,9,3,1,3,1,2,6,2,7,3,N,NULL,Y,Y,907,1200,1230,N,NULL,44,,,N,,N,N,098-CR-1444-0,NULL,NULL,2021,C,7.25931E+11,098-CR-1444  -000,HIGH,098-CR-1444  -000,0.38,0,0,1,0,0,0,0,1,0,0,0,1,0
72576106,KSP0900,20-831649,20201217,109,,,KY194,,,KY0194,KY0194,0,098 KY-194,KY0194,N,N,NULL,NULL,NULL,N,NULL,NULL,NULL,NULL,NULL,NULL,23.999,NULL,NULL,NULL,NULL,,NULL,0,0,1,1,N,N,55,NULL,98,9817,NULL,,Y,37.52818,37,31.691,NULL,-82.36871,82,22.123,NULL,N,NULL,NULL,NULL,NULL,NULL,NULL,NULL,NULL,9,3,2,6,1,5,6,6,7,2,N,NULL,Y,N,109,126,242,N,NULL,40,6,0,N,,N,N,098-KY-0194-0,NULL,NULL,2020,O,7.25761E+11,098-KY-0194  -000,HIGH,098-KY-0194  -000,23.999,0,0,0,0,0,0,0,0,0,0,0,1,0
72573916,KSP0900,2020-823506,20201210,1900,,,KY194,,,KY0194,KY0194,0,098 KY-194,KY0194,N,N,NULL,NULL,NULL,N,NULL,NULL,NULL,NULL,NULL,NULL,25.201,NULL,NULL,NULL,NULL,,NULL,0,0,1,1,N,N,55,NULL,98,9817,NULL,,Y,37.51478,37,30.887,NULL,-82.35972,82,21.583,NULL,N,NULL,NULL,NULL,NULL,NULL,NULL,NULL,NULL,9,3,2,6,1,1,2,6,7,3,N,NULL,N,N,1900,1900,1900,N,NULL,40,6,0,N,,N,N,098-KY-0194-0,NULL,NULL,2020,O,7.25739E+11,098-KY-0194  -000,HIGH,098-KY-0194  -000,25.201,0,0,0,0,0,0,1,0,0,0,0,1,0
72551093,KSP0900,20-735332,20201010,654,,7897,KY194,,,KY0194,KY0194,0,098 KY-194,KY0194,N,N,NULL,NULL,NULL,N,NULL,NULL,NULL,NULL,NULL,NULL,24.124,NULL,NULL,NULL,NULL,,NULL,0,0,1,1,N,N,55,NULL,98,9817,NULL,,Y,37.52706,37,31.623,NULL,-82.36694,82,22.017,NULL,N,NULL,NULL,NULL,NULL,NULL,NULL,NULL,NULL,9,4,2,3,1,5,6,4,7,3,N,NULL,Y,N,654,826,826,Y,NULL,40,6,0,N,,N,N,098-KY-0194-0,NULL,NULL,2020,O,7.25511E+11,098-KY-0194  -000,HIGH,098-KY-0194  -000,24.124,0,0,0,0,0,0,0,0,0,0,0,1,0
72516554,980100,2.02E+11,20200630,1856,,118,RIVER,,DR,,,,,,Y,N,NULL,NULL,NULL,N,NULL,NULL,NULL,NULL,NULL,NULL,0.126,NULL,NULL,NULL,NULL,,NULL,0,0,2,2,N,N,15,NULL,98,9801,NULL,,Y,37.47385,37,28.431,NULL,-82.52341,82,31.405,NULL,N,NULL,NULL,NULL,NULL,NULL,NULL,NULL,NULL,2,97,NULL,6,1,1,3,2,1,3,N,NULL,N,N,1856,1903,1903,N,NULL,90,,,N,,N,N,,NULL,NULL,2020,O,7.25166E+11,098-CS-1054  -000,MEDIUM,098-CS-1054  -000,0.126,0,0,0,0,0,0,1,0,0,0,0,0,0
72552604,KSP0900,20-00738972,20201012,2021,,,IVY FORK,,CRK,,,0,098 CR-1313,CR1313,N,N,NULL,NULL,NULL,N,NULL,NULL,NULL,NULL,NULL,NULL,0.481,NULL,NULL,NULL,NULL,,NULL,0,0,1,1,N,N,15,NULL,98,9801,NULL,,Y,37.46904,37,28.143,NULL,-82.46405,82,27.843,NULL,N,NULL,NULL,NULL,NULL,NULL,NULL,NULL,NULL,9,97,2,2,1,1,2,6,7,3,N,NULL,Y,Y,2021,2053,2130,N,NULL,44,,,N,,N,N,098-CR-1313-0,NULL,NULL,2020,NULL,7.25526E+11,098-CR-1313  -000,HIGH,098-CR-1313  -000,0.481,0,0,0,0,0,0,0,0,0,0,0,1,0
72496375,KSP0900,20-15181,20200424,952,,,MILLERS,,CRK,,,0,098 CR-1320Q4,CR1320Q4,N,N,NULL,NULL,NULL,N,NULL,NULL,NULL,NULL,NULL,NULL,2.317,NULL,NULL,NULL,NULL,,NULL,0,0,1,1,N,N,45,NULL,98,9801,NULL,,Y,37.56519,37,33.911,NULL,-82.52415,82,31.449,NULL,N,NULL,NULL,NULL,NULL,NULL,NULL,NULL,NULL,9,5,2,6,2,5,6,2,7,3,N,NULL,Y,N,955,1100,1100,N,NULL,51,,,N,,N,N,098-CR-1320Q4-0,NULL,NULL,2020,NULL,7.24964E+11,098-CR-1320Q4-000,HIGH,098-CR-1320Q4-000,2.317,0,0,0,0,0,0,0,0,0,0,0,1,0
72570691,980000,20-11-010,20201130,1740,,,US23,,,US0023,US0023,0,098 US-23-10,US0023,N,N,NULL,NULL,NULL,N,NULL,NULL,NULL,NULL,NULL,NULL,17.681,NULL,NULL,NULL,NULL,,NULL,0,0,2,2,N,N,55,NULL,98,9886,0.6,S,N,37.42468,37,25.481,NULL,-82.51705,82,31.023,NULL,N,NULL,NULL,NULL,NULL,NULL,NULL,NULL,NULL,3,3,4,6,1,5,1,6,7,3,N,NULL,Y,Y,1744,1744,1823,N,NULL,52,,1,N,,N,Y,098-US-0023-10,NULL,NULL,2020,O,7.25707E+11,098-US-0023  -010,HIGH,098-US-0023  -000,17.681,0,0,0,0,0,0,1,1,0,0,0,1,1
72582148,KSP0900,20-843544,20201225,1500,,,DIX,,FRK,,,0,098 CR-1538,CR1538,N,N,NULL,NULL,NULL,N,NULL,NULL,NULL,NULL,NULL,NULL,0.302,NULL,NULL,NULL,NULL,,NULL,0,0,2,2,N,N,45,NULL,98,9838,NULL,,Y,37.60989,37,36.594,NULL,-82.34454,82,20.673,NULL,N,NULL,NULL,NULL,NULL,NULL,NULL,NULL,NULL,3,3,2,6,1,4,3,2,7,3,N,NULL,Y,N,1500,1515,1520,N,NULL,52,,,N,,N,N,098-CR-1538-0,NULL,NULL,2020,O,7.25821E+11,098-CR-1538  -000,HIGH,098-CR-1538  -000,0.302,0,0,1,0,0,0,1,1,0,0,0,1,0
72524974,980000,20-07-008,20200724,1730,,,US119,,,US0119,US0119,0,098 US-119-10,US0119,N,N,NULL,NULL,NULL,N,NULL,NULL,NULL,NULL,NULL,NULL,25.367,NULL,NULL,NULL,NULL,,NULL,0,0,2,2,N,N,55,NULL,98,9834,NULL,,Y,37.67265,37,40.359,NULL,-82.28112,82,16.867,NULL,N,NULL,NULL,NULL,NULL,NULL,NULL,NULL,NULL,1,3,4,6,1,1,2,2,7,3,N,NULL,N,Y,1735,1750,1750,N,NULL,55,2,1,N,,N,N,098-US-0119-10,NULL,NULL,2020,O,7.2525E+11,098-US-0119  -010,HIGH,098-US-0119  -000,25.367,0,0,0,0,0,0,0,1,0,0,0,0,0
72545277,980100,2.02E+11,20200923,1553,,,HAROLDS BRANCH,,RD,,,0,098 CS-1223,CS1223,N,N,NULL,NULL,NULL,N,NULL,NULL,NULL,NULL,NULL,NULL,0.027,NULL,NULL,NULL,NULL,,NULL,0,0,2,2,N,N,35,NULL,98,9801,NULL,,Y,37.47249,37,28.349,NULL,-82.52245,82,31.347,NULL,N,NULL,NULL,NULL,NULL,NULL,NULL,NULL,NULL,5,3,3,6,1,1,3,2,7,3,N,NULL,Y,N,1553,1556,1611,N,NULL,49,,,N,,N,N,098-CS-1223-0,NULL,NULL,2020,O,7.25453E+11,098-CS-1223  -000,HIGH,098-CS-1223  -000,0.027,0,0,0,1,0,0,1,0,0,0,0,0,0
72557517,KSP0900,20-759476,20201027,600,,,ELKHORN,,CRK,KY0197,KY0197,0,098 KY-197,KY0197,N,N,NULL,NULL,NULL,N,NULL,NULL,NULL,NULL,NULL,NULL,0.681,NULL,NULL,NULL,NULL,,NULL,0,0,2,2,Y,N,55,NULL,98,9867,NULL,,Y,37.2193,37,13.158,NULL,-82.55103,82,33.061,NULL,N,NULL,NULL,NULL,NULL,NULL,NULL,NULL,NULL,7,3,2,3,1,1,2,6,7,3,N,NULL,Y,N,600,700,750,N,NULL,54,7,0,N,,N,N,098-KY-0197-0,NULL,NULL,2020,O,7.25575E+11,098-KY-0197  -000,HIGH,098-KY-0197  -000,0.681,0,0,0,1,0,0,0,0,0,0,0,1,0
72534837,KSP0900,20-660000,20200821,1134,,,KY199,,,KY0199,KY0199,0,098 KY-199,KY0199,N,N,NULL,NULL,NULL,N,NULL,NULL,NULL,NULL,NULL,NULL,11.156,NULL,NULL,NULL,NULL,,NULL,1,0,2,2,N,N,35,NULL,98,9851,NULL,,Y,37.59562,37,35.737,NULL,-82.27446,82,16.468,NULL,N,NULL,NULL,NULL,NULL,NULL,NULL,NULL,NULL,1,3,2,1,1,5,6,2,7,3,Y,NULL,Y,N,1134,1331,1345,N,NULL,55,7,0,N,,N,N,098-KY-0199-0,NULL,NULL,2020,C,7.25348E+11,098-KY-0199  -000,HIGH,098-KY-0199  -000,11.156,0,0,0,0,0,0,1,1,0,0,0,0,0
72531688,KSP0900,20-650009,20200814,2116,,,US460,,,US0460,US0460,0,098 US-460,US0460,N,N,NULL,NULL,NULL,N,NULL,NULL,NULL,NULL,NULL,NULL,9.747,NULL,NULL,NULL,NULL,,NULL,1,0,1,1,N,N,45,NULL,98,9822,NULL,,Y,37.36541,37,21.924,NULL,-82.40834,82,24.501,NULL,N,NULL,NULL,NULL,NULL,NULL,NULL,NULL,NULL,9,3,2,6,1,5,10,6,7,3,N,NULL,Y,N,2127,2140,,N,NULL,40,,1,Y,,N,N,098-US-0460-0,NULL,NULL,2020,B,7.25317E+11,098-US-0460  -000,HIGH,098-US-0460  -000,9.747,0,0,0,0,0,0,0,0,1,1,0,1,0
72536043,KSP0900,20-662338,20200822,1843,,,US460,,,US0460,US0460,0,098 US-460,US0460,N,N,NULL,NULL,NULL,N,NULL,NULL,NULL,NULL,NULL,NULL,8.916,NULL,NULL,NULL,NULL,,NULL,1,0,2,2,N,N,45,NULL,98,9832,NULL,,Y,37.37069,37,22.241,NULL,-82.42148,82,25.289,NULL,N,NULL,NULL,NULL,NULL,NULL,NULL,NULL,NULL,7,3,2,1,1,5,6,3,7,3,N,NULL,Y,Y,1958,2017,,N,NULL,54,,1,N,,N,N,098-US-0460-0,NULL,NULL,2020,C,7.2536E+11,098-US-0460  -000,HIGH,098-US-0460  -000,8.916,0,0,0,1,0,0,0,0,0,0,0,1,0
72522286,KSP0900,20-590464,20200708,2128,,,KY1056,,,KY1056,KY1056,0,098 KY-1056,KY1056,N,N,NULL,NULL,NULL,N,NULL,NULL,NULL,NULL,NULL,NULL,5.188,NULL,NULL,NULL,NULL,,NULL,0,0,1,1,N,N,55,NULL,98,9879,NULL,,Y,37.55764,37,33.459,NULL,-82.19371,82,11.623,NULL,N,NULL,NULL,NULL,NULL,NULL,NULL,NULL,NULL,9,3,2,4,1,1,2,6,7,3,N,NULL,Y,N,2128,2226,2327,N,NULL,70,7,0,N,,N,N,098-KY-1056-0,NULL,NULL,2020,O,7.25223E+11,098-KY-1056  -000,HIGH,098-KY-1056  -000,5.188,0,0,0,0,0,0,0,0,0,0,0,0,0
72503659,980500,2020AR028,20200522,1328,,2061,COWPEN,,,,,,,,N,Y,COUNTRY MUSIC HIGHWAY,,,N,NULL,NULL,NULL,NULL,NULL,NULL,NULL,NULL,NULL,NULL,NULL,NULL,NULL,0,0,2,2,Y,N,35,NULL,98,9807,NULL,,Y,37.52977,37,31.786,NULL,-82.5759,82,34.554,NULL,N,NULL,NULL,NULL,NULL,NULL,NULL,NULL,NULL,5,3,2,6,1,5,6,2,7,3,N,NULL,Y,N,1332,1339,1339,N,NULL,35,,,N,,N,N,,NULL,NULL,2020,O,7.25037E+11,098-KY-2061  -030,MEDIUM,098-KY-2061  -030,0.009,0,0,0,0,0,0,0,0,0,0,1,0,0
72502994,KSP0900,20-16697,20200504,1715,,,STONE COAL CREEK,,RD,KY3227,KY3227,0,098 KY-3227,KY3227,N,N,NULL,NULL,NULL,N,NULL,NULL,NULL,NULL,NULL,NULL,6.192,NULL,NULL,NULL,NULL,,NULL,0,0,2,2,N,N,55,NULL,98,9801,NULL,,Y,37.57402,37,34.441,NULL,-82.50197,82,30.118,NULL,N,NULL,NULL,NULL,NULL,NULL,NULL,NULL,NULL,7,3,2,3,1,1,2,2,7,3,N,NULL,Y,N,1715,1744,1756,N,NULL,54,8,0,N,,N,N,098-KY-3227-0,NULL,NULL,2020,O,7.2503E+11,098-KY-3227  -000,HIGH,098-KY-3227  -000,6.192,0,0,0,0,0,0,1,0,0,0,0,1,0
72626851,980100,2.021E+11,20210514,724,,,HAMBLEY,,BLVD,,,,,,N,N,NULL,NULL,NULL,N,NULL,NULL,NULL,NULL,NULL,NULL,1.368,NULL,NULL,NULL,NULL,,NULL,1,0,2,2,N,N,35,NULL,98,9801,NULL,,Y,37.48442,37,29.065,NULL,-82.52801,82,31.681,NULL,N,NULL,NULL,NULL,NULL,NULL,NULL,NULL,NULL,5,3,2,6,1,1,2,2,6,3,Y,NULL,Y,Y,724,724,811,N,NULL,49,,,N,,N,N,,NULL,NULL,2021,C,7.26269E+11,098-CS-1222  -000,MEDIUM,098-CS-1222  -000,1.368,0,0,0,0,0,0,1,0,0,0,0,0,0
72565047,980000,20-11-004,20201114,1830,,2029,KY3154,,,KY3154,KY3154,0,098 KY-3154,KY3154,Y,N,NULL,NULL,NULL,N,NULL,NULL,NULL,NULL,NULL,NULL,1.208,NULL,NULL,NULL,NULL,,NULL,1,0,2,2,N,N,NULL,NULL,98,9838,NULL,,Y,37.58915,37,35.349,NULL,-82.32304,82,19.382,NULL,N,NULL,NULL,NULL,NULL,NULL,NULL,NULL,NULL,2,97,1,5,1,1,2,7,5,3,N,NULL,N,Y,1830,1839,1839,N,NULL,90,9,0,N,,N,N,098-KY-3154-0,NULL,NULL,2020,C,7.2565E+11,098-KY-3154  -000,HIGH,098-KY-3154  -000,1.208,0,0,0,0,0,0,0,0,0,0,0,0,0
72557126,KSP0900,20-750847,20201021,835,,,US23,,,US0023,US0023,0,098 US-23,US0023,N,N,NULL,NULL,NULL,N,NULL,NULL,NULL,NULL,NULL,NULL,2.617,NULL,NULL,NULL,NULL,,NULL,1,0,1,1,N,N,55,NULL,98,9809,1,S,N,37.27109,37,16.265,NULL,-82.60423,82,36.254,NULL,N,NULL,NULL,NULL,NULL,NULL,NULL,NULL,NULL,9,5,2,4,2,1,2,2,7,3,Y,NULL,Y,Y,835,855,925,N,NULL,40,,1,Y,,N,Y,098-US-0023-0,NULL,NULL,2020,A,7.25571E+11,098-US-0023  -000,HIGH,098-US-0023  -000,2.617,0,0,0,0,0,0,0,0,1,1,0,1,0
72555403,980100,2.02E+11,20201021,1523,,,KY3496,,,KY3496,KY3496,0,098 KY-3496,KY3496,N,N,NULL,NULL,NULL,N,NULL,NULL,NULL,NULL,NULL,NULL,0.103,NULL,NULL,NULL,NULL,,NULL,0,0,2,2,N,N,35,NULL,98,9801,NULL,,Y,37.466,37,27.96,NULL,-82.52957,82,31.774,NULL,N,NULL,NULL,NULL,NULL,NULL,NULL,NULL,NULL,1,3,2,6,1,1,2,2,1,3,N,NULL,Y,N,1524,1530,1550,N,NULL,55,16,0,N,,N,N,098-KY-3496-0,NULL,NULL,2020,O,7.25554E+11,098-KY-3496  -000,HIGH,098-KY-3496  -000,0.103,0,0,0,1,0,0,1,0,0,0,0,0,0
72565401,980500,2020AR063,20201113,1930,,3889,N MAYO TRAIL,,,,,,,,Y,N,NULL,NULL,NULL,N,NULL,NULL,NULL,NULL,NULL,NULL,NULL,NULL,NULL,NULL,NULL,NULL,NULL,0,0,2,2,N,N,15,NULL,98,9807,NULL,,Y,37.52008,37,31.205,NULL,-82.56818,82,34.091,NULL,N,NULL,NULL,NULL,NULL,NULL,NULL,NULL,NULL,8,97,2,6,1,1,2,6,1,3,N,NULL,Y,Y,1930,1932,1949,N,NULL,90,,,N,,N,N,,NULL,NULL,2020,O,7.25654E+11,098-US-0023  -010,MEDIUM,098-US-0023  -000,28.663,0,0,0,1,0,0,1,0,0,0,0,0,0
72627781,KSP0900,21-208379,20210522,1930,,,KY194,,,KY0194,KY0194,0,098 KY-194,KY0194,N,N,NULL,NULL,NULL,N,NULL,NULL,NULL,NULL,NULL,NULL,18.758,NULL,NULL,NULL,NULL,,NULL,1,0,1,1,N,N,45,NULL,98,9817,NULL,,Y,37.55906,37,33.544,NULL,-82.41627,82,24.976,NULL,N,NULL,NULL,NULL,NULL,NULL,NULL,NULL,NULL,9,4,2,1,1,1,2,2,7,3,Y,NULL,Y,Y,1900,1925,2030,N,NULL,44,6,5,N,,N,N,098-KY-0194-0,NULL,NULL,2021,A,7.26278E+11,098-KY-0194  -000,HIGH,098-KY-0194  -000,18.758,1,0,0,0,0,0,1,0,0,0,0,1,0
72563761,KSP0900,20-781841,20201111,738,,,OWSLEY,,RD,KY1384,KY1384,0,098 KY-1384,KY1384,N,N,NULL,NULL,NULL,N,NULL,NULL,NULL,NULL,NULL,NULL,0.889,NULL,NULL,NULL,NULL,,NULL,0,0,1,1,N,N,55,NULL,98,9801,3,NW,N,37.52222,37,31.333,NULL,-82.61291,82,36.774,NULL,N,NULL,NULL,NULL,NULL,NULL,NULL,NULL,NULL,9,4,2,3,1,5,6,1,7,3,N,NULL,Y,N,738,825,900,N,NULL,51,,0,N,,N,N,098-KY-1384-0,NULL,NULL,2020,O,7.25638E+11,098-KY-1384  -000,HIGH,098-KY-1384  -000,0.889,0,0,0,0,0,0,0,0,0,0,0,1,0