MasterFile,AgencyORINumber,LocalCode,CollisionDate,CollisionTime,CollisionDayWeekCode,RoadwayName_HouseBusinessNumber_,RoadwayName_RoadwayName_,RoadwayName_Direction_,RoadwayName_RoadwaySuffix_,RoadwayfromReport,CurrentRoadwayNumber,RoadwayNumberCoupletID,RSEUniqueGIS,RoadwayIdentifier,ParkingLotIndicator,IntersectionWith_Indicator_,IntersectionWith_NameRoadway_,IntersectionWith_Direction_,IntersectionWith_RoadwaySuffix_,BetweenStreets_Indicator_,BetweenStreets1_NameRoadway_,BetweenStreet1_Direction_,BetweenStreets1_RoadwaySuffix_,BetweenStreets2_NameRoadway_,BetweenStreets2_Direction_,BetweenStreets2_RoadwaySuffix_,Milepoint,ReportMilepointDeriveNumber,CurrentDerivedMiepointNumber,MilestoMilepoint,FeettoMilepoint,DirectionfromMilepoint_NSEW_,ValidMilepointIndicator,NumberInjured,NumberKilled,ofUnits,ofMotorVehicleUnits,Hit&RunIndicator,OneWayIndicator,SpeedLimitNumber,KilometersIndicator,CountyCode,CityCountyCode,MilesFromCity,DirectionFromCity_NSEW_,InCityLimitsIndicator,Latitude,LatitudeDegrees,LatitudeMinutes,LatitudeSeconds,Longitude,LongitudeDegrees,LongitudeMinutes,LongitudeSeconds,RampIndicator,RampFromIdentifier,RampFromDirCode,RampFromCoupletID,RSEUniqueGISRampFrom,RampToidentifier,RampToDirCode,RampToCoupletID,RSEUniqueGisRampTo,MannerofCollisionCode,LocationFirstEventCode,TotalLanes,RoadwayCharacterCode,RoadwaySurfaceCode,RoadwayConditionCode,WeatherCode,LightConditionCode,LandUseCode,SchoolBusRelatedCode,FirstAidSceneIndicator,CollDescPresentInd,InvestigationCompleteIndicator,PhotosTakenIndicator,TimeNotified,TimeArrived,TimeRoadwayOpened,PropertyDamageIndicator,DiagramPresentIndicator,DirectionalAnalysis,FunctionClassCode,NationalHwySysCode,EnforcementsIndicator,KARSCityCode,SecondaryCollisionIndicator,MedianCrossoverIndicator,RT_UNIQUE,MapIt,TimeLastLeft,YR,KABCO,MFNY,WorkingRID,RT_CONFIDENCE,KTC_RT,KTC_MP,Motorcyclist,CommercialVehicle,YoungDriver,MatureDriver,pedestrian,Bicyclist,Distracted,agressive,Impaired,Unrestrained,Intersection,RoadwayDeparture,MedXover
72569180,KSP0900,20-788156,20201115,627,,,FERRELLS CREEK,,RD,US0460,US0460,0,098 US-460,US0460,N,N,NULL,NULL,NULL,N,NULL,NULL,NULL,NULL,NULL,NULL,16.725,NULL,NULL,NULL,NULL,,NULL,0,0,1,1,N,N,55,NULL,98,9876,NULL,,Y,37.35528,37,21.317,NULL,-82.33551,82,20.131,NULL,N,NULL,NULL,NULL,NULL,NULL,NULL,NULL,NULL,9,3,2,1,1,1,2,6,7,3,N,NULL,Y,Y,629,700,700,N,NULL,38,,1,N,,N,N,098-US-0460-0,NULL,NULL,2020,O,7.25692E+11,098-US-0460  -000,HIGH,098-US-0460  -000,16.725,0,0,0,0,0,0,0,0,0,0,0,0,0
72624154,980100,2.021E+11,20210507,1257,,120,JUSTICE WAY,,,,,,,,Y,N,NULL,NULL,NULL,N,NULL,NULL,NULL,NULL,NULL,NULL,NULL,NULL,NULL,NULL,NULL,,NULL,0,0,2,2,N,N,15,NULL,98,9801,NULL,,Y,37.50593,37,30.356,NULL,-82.53881,82,32.329,NULL,N,NULL,NULL,NULL,NULL,NULL,NULL,NULL,NULL,5,97,2,6,1,1,2,2,1,3,N,NULL,Y,N,1257,1304,1304,N,NULL,90,,,Y,,N,N,,NULL,NULL,2021,O,7.26242E+11,098-CS-1191  -000,MEDIUM,098-CS-1191  -000,0.371,0,0,1,0,0,0,1,0,0,0,0,0,0
72565669,KSP0900,20-753392,20201023,2300,,,KY3218,,,KY3218,KY3218,0,098 KY-3218,KY3218,N,N,NULL,NULL,NULL,N,NULL,NULL,NULL,NULL,NULL,NULL,3.273,NULL,NULL,NULL,NULL,,NULL,1,0,1,1,N,N,55,NULL,98,9801,NULL,,Y,37.56253,37,33.752,NULL,-82.55721,82,33.432,NULL,N,NULL,NULL,NULL,NULL,NULL,NULL,NULL,NULL,9,3,2,1,1,1,2,6,7,3,Y,NULL,N,Y,2300,2340,,N,NULL,44,8,0,N,,N,N,098-KY-3218-0,NULL,NULL,2020,B,7.25657E+11,098-KY-3218  -000,HIGH,098-KY-3218  -000,3.273,0,0,0,0,0,0,0,0,0,0,0,1,0
72598627,KSP0900,21-77330,20210226,1827,,,US119,,,US0119,US0119,0,098 US-119,US0119,N,N,NULL,NULL,NULL,N,NULL,NULL,NULL,NULL,NULL,NULL,25.375,NULL,NULL,NULL,NULL,,NULL,2,0,3,3,N,N,45,NULL,98,9834,NULL,,Y,37.67277,37,40.366,NULL,-82.28099,82,16.859,NULL,N,NULL,NULL,NULL,NULL,NULL,NULL,NULL,NULL,4,3,2,6,1,5,2,5,7,3,N,NULL,Y,Y,1830,1837,2057,N,NULL,70,2,1,N,,Y,N,098-US-0119-0,NULL,NULL,2021,A,7.25986E+11,098-US-0119  -000,HIGH,098-US-0119  -000,25.375,0,0,0,0,0,0,1,1,0,0,0,0,0
72609093,980000,21-03-004,20210327,1800,,,KY199,,,KY0199,KY0199,0,098 KY-199,KY0199,Y,N,NULL,NULL,NULL,N,NULL,NULL,NULL,NULL,NULL,NULL,9.116,NULL,NULL,NULL,NULL,,NULL,0,0,2,2,N,N,35,NULL,98,9851,NULL,,Y,37.57165,37,34.299,NULL,-82.26784,82,16.07,NULL,N,NULL,NULL,NULL,NULL,NULL,NULL,NULL,NULL,2,97,2,6,1,1,3,2,5,3,N,NULL,Y,Y,1811,1822,1822,N,NULL,90,7,0,N,,N,N,098-KY-0199-0,NULL,NULL,2021,O,7.26091E+11,098-KY-0199  -000,HIGH,098-KY-0199  -000,9.116,0,0,1,0,0,0,0,0,0,0,0,0,0
72550838,KSP0900,20-734200,20201009,1429,,,VIRGIE,,RD,KY0610,KY0610,0,098 KY-610,KY0610,N,N,NULL,NULL,NULL,N,NULL,NULL,NULL,NULL,NULL,NULL,8.183,NULL,NULL,NULL,NULL,,NULL,1,0,1,1,N,N,35,NULL,98,9827,NULL,,Y,37.3401,37,20.406,NULL,-82.5896,82,35.376,NULL,N,NULL,NULL,NULL,NULL,NULL,NULL,NULL,NULL,9,97,2,3,1,1,2,2,7,3,N,NULL,Y,Y,1430,1451,,Y,NULL,70,7,0,N,,N,N,098-KY-0610-0,NULL,NULL,2020,B,7.25508E+11,098-KY-0610  -000,HIGH,098-KY-0610  -000,8.183,0,0,0,0,0,0,0,0,0,0,0,1,0
72589446,KSP0900,21-20281,20210115,1954,,,KY1469,,,KY1469,KY1469,0,098 KY-1469,KY1469,N,N,NULL,NULL,NULL,N,NULL,NULL,NULL,NULL,NULL,NULL,13.345,NULL,NULL,NULL,NULL,,NULL,0,0,2,2,Y,N,55,NULL,98,9827,NULL,,Y,37.35904,37,21.543,NULL,-82.56807,82,34.084,NULL,N,NULL,NULL,NULL,NULL,NULL,NULL,NULL,NULL,7,3,2,3,1,1,2,6,7,3,N,NULL,Y,N,2121,2239,,N,NULL,54,7,0,N,,N,N,098-KY-1469-0,NULL,NULL,2021,O,7.25894E+11,098-KY-1469  -000,HIGH,098-KY-1469  -000,13.345,0,0,0,0,0,0,0,0,0,0,0,1,0
72573381,980100,2.02E+11,20201209,1945,,,MAYO,N,TRL,US0023,US0023,0,098 US-23,US0023,N,N,NULL,NULL,NULL,N,NULL,NULL,NULL,NULL,NULL,NULL,31.67,NULL,NULL,NULL,NULL,,NULL,0,0,1,1,N,N,55,NULL,98,9801,NULL,,Y,37.53713,37,32.228,NULL,-82.60283,82,36.17,NULL,N,NULL,NULL,NULL,NULL,NULL,NULL,NULL,NULL,9,3,4,6,1,1,2,7,7,3,N,NULL,Y,N,1945,1950,1950,N,NULL,38,,1,N,,N,N,098-US-0023-0,NULL,NULL,2020,O,7.25734E+11,098-US-0023  -000,HIGH,098-US-0023  -000,31.67,0,0,0,0,0,0,0,0,0,0,0,0,0
72574287,980100,2.02E+11,20201212,1258,,,CASSIDY,,BLVD,,,,,,Y,N,NULL,NULL,NULL,N,NULL,NULL,NULL,NULL,NULL,NULL,0.248,NULL,NULL,NULL,NULL,,NULL,0,0,2,2,N,Y,10,NULL,98,9801,NULL,,Y,37.50451,37,30.27,NULL,-82.53592,82,32.155,NULL,N,NULL,NULL,NULL,NULL,NULL,NULL,NULL,NULL,1,97,1,6,1,1,3,2,1,3,N,NULL,N,N,1258,1320,1337,N,NULL,90,,,N,,N,N,,NULL,NULL,2020,O,7.25743E+11,098-CS-1191  -000,LOW,098-CS-1191  -000,0.248,0,0,0,0,0,0,1,0,0,0,0,0,0
72558287,980100,2.02E+11,20201028,1330,,,CASSIDY,,BLVD,,,0,098 CS-1191,CS1191,N,N,NULL,NULL,NULL,N,NULL,NULL,NULL,NULL,NULL,NULL,0.17,NULL,NULL,NULL,NULL,,NULL,1,0,2,2,N,N,35,NULL,98,9801,NULL,,Y,37.50375,37,30.225,NULL,-82.5348,82,32.088,NULL,N,NULL,NULL,NULL,NULL,NULL,NULL,NULL,NULL,8,3,4,6,1,1,3,2,7,3,Y,NULL,Y,Y,1330,1336,,N,NULL,53,,,N,,N,N,098-CS-1191-0,NULL,NULL,2020,C,7.25583E+11,098-CS-1191  -000,HIGH,098-CS-1191  -000,0.17,0,0,0,1,0,0,1,0,0,0,0,1,0
72581119,KSP0900,21-2432,20210102,2055,,,US23,,,US0023,US0023,0,098 US-23,US0023,N,N,NULL,NULL,NULL,N,NULL,NULL,NULL,NULL,NULL,NULL,29.494,NULL,NULL,NULL,NULL,,NULL,2,0,2,2,N,N,45,NULL,98,9807,NULL,,Y,37.53019,37,31.811,NULL,-82.57612,82,34.567,NULL,N,NULL,NULL,NULL,NULL,NULL,NULL,NULL,NULL,5,3,6,6,1,1,2,6,1,3,Y,NULL,Y,Y,2055,2055,,N,NULL,49,,1,N,,N,N,098-US-0023-0,NULL,NULL,2021,C,7.25811E+11,098-US-0023  -000,MEDIUM,098-US-0023  -000,29.494,0,0,0,0,0,0,1,0,0,1,0,0,0
72566586,KSP0900,20-764088,20201030,1310,,,US23,,,US0023,US0023,0,098 US-23-10,US0023,N,N,NULL,NULL,NULL,N,NULL,NULL,NULL,NULL,NULL,NULL,9.139,NULL,NULL,NULL,NULL,,NULL,0,1,2,2,N,N,55,NULL,98,9827,NULL,,Y,37.32848,37,19.709,NULL,-82.55913,82,33.548,NULL,N,NULL,NULL,NULL,NULL,NULL,NULL,NULL,NULL,1,3,4,6,1,1,2,2,7,3,N,NULL,Y,Y,1313,1426,,N,NULL,55,,1,N,,N,N,098-US-0023-10,NULL,NULL,2020,K,7.25666E+11,098-US-0023  -010,HIGH,098-US-0023  -000,9.139,0,1,0,1,0,0,0,1,0,0,0,1,0
72510783,KSP0900,20-21980,20200610,1354,,,FERRELLS CREEK,,RD,US0460,US0460,0,098 US-460,US0460,N,N,NULL,NULL,NULL,N,NULL,NULL,NULL,NULL,NULL,NULL,22.761,NULL,NULL,NULL,NULL,,NULL,0,0,2,2,N,N,55,NULL,98,9847,NULL,,Y,37.37886,37,22.732,NULL,-82.25439,82,15.264,NULL,N,NULL,NULL,NULL,NULL,NULL,NULL,NULL,NULL,5,3,2,6,1,1,2,2,7,3,N,NULL,Y,N,1357,1431,1520,N,NULL,49,,1,N,,N,N,098-US-0460-0,NULL,NULL,2020,O,7.25108E+11,098-US-0460  -000,HIGH,098-US-0460  -000,22.761,0,0,0,0,0,0,1,0,0,0,0,0,0
72605500,KSP0900,21-101113,20210313,2000,,,MAYNARD,,HL,,,,,,N,N,NULL,NULL,NULL,N,NULL,NULL,NULL,NULL,NULL,NULL,0.036,NULL,NULL,NULL,NULL,,NULL,1,0,2,1,N,N,35,NULL,98,9869,NULL,,Y,37.63039,37,37.824,NULL,-82.2241,82,13.446,NULL,N,NULL,NULL,NULL,NULL,NULL,NULL,NULL,NULL,9,3,1,4,1,1,2,6,6,3,Y,NULL,Y,N,2049,2049,,N,NULL,36,,,N,,N,N,,NULL,NULL,2021,B,7.26055E+11,098-CR-1057  -000,MEDIUM,098-CR-1057  -000,0.036,0,0,0,1,1,0,1,0,0,0,0,0,0
72523258,980100,2.02E+11,20200721,1431,,,CASSIDY,,BLVD,,,,,,Y,N,NULL,NULL,NULL,N,NULL,NULL,NULL,NULL,NULL,NULL,NULL,NULL,NULL,NULL,NULL,,NULL,0,0,2,2,N,N,15,NULL,98,9801,NULL,,Y,37.50655,37,30.393,NULL,-82.53836,82,32.302,NULL,N,NULL,NULL,NULL,NULL,NULL,NULL,NULL,NULL,1,97,2,4,1,1,2,2,7,3,N,NULL,N,N,1432,1439,1439,N,NULL,90,,,N,,N,N,,NULL,NULL,2020,O,7.25233E+11,098-CS-1191  -000,MEDIUM,098-CS-1191  -000,0.353,0,0,0,1,0,0,1,1,0,0,0,0,0
72532354,980100,2.02E+11,20200802,1600,,,BYPASS,S,RD,KY1426,KY1426,0,098 KY-1426,KY1426,N,N,NULL,NULL,NULL,N,NULL,NULL,NULL,NULL,NULL,NULL,5.676,NULL,NULL,NULL,NULL,,NULL,0,0,2,2,Y,N,15,NULL,98,9801,NULL,,Y,37.47205,37,28.323,NULL,-82.52248,82,31.349,NULL,N,NULL,NULL,NULL,NULL,NULL,NULL,NULL,NULL,2,97,2,4,1,1,2,2,1,3,N,NULL,N,N,1530,1530,,N,NULL,47,,0,N,,N,N,098-KY-1426-0,NULL,NULL,2020,O,7.25324E+11,098-KY-1426  -000,HIGH,098-KY-1426  -000,5.676,0,0,0,0,0,0,1,0,0,0,0,0,0
72502872,980100,2.02E+11,20200518,855,,911,BYPASS,,RD,,,0,098 CS-1223,CS1223,Y,N,NULL,NULL,NULL,N,NULL,NULL,NULL,NULL,NULL,NULL,NULL,NULL,NULL,NULL,NULL,NULL,NULL,0,0,2,2,N,N,NULL,NULL,98,9801,NULL,,Y,37.47128,37,28.277,NULL,-82.52117,82,31.27,NULL,N,NULL,NULL,NULL,NULL,NULL,NULL,NULL,NULL,2,97,1,6,2,1,2,2,1,3,N,NULL,Y,N,855,903,903,N,NULL,90,,,N,,N,N,098-CS-1223-0,NULL,NULL,2020,O,7.25029E+11,098-CS-1223  -000,HIGH,098-CS-1223  -000,0.135,0,0,0,0,0,0,1,0,0,0,0,0,0
72544377,980200,980200,20200908,1025,,,KY80,,,KY0080,KY0080,0,098 KY-80,KY0080,N,N,NULL,NULL,NULL,N,NULL,NULL,NULL,NULL,NULL,NULL,1.732,NULL,NULL,NULL,NULL,,NULL,0,0,1,1,N,N,55,NULL,98,9802,1,W,N,37.31876,37,19.125,NULL,-82.36449,82,21.87,NULL,N,NULL,NULL,NULL,NULL,NULL,NULL,NULL,NULL,9,4,2,6,1,1,2,2,1,3,Y,NULL,Y,Y,1029,1033,1200,N,NULL,51,7,5,N,,N,N,098-KY-0080-0,NULL,NULL,2020,O,7.25444E+11,098-KY-0080  -000,HIGH,098-KY-0080  -000,1.732,0,0,0,0,0,0,0,0,1,0,0,1,0
72548525,980100,2.02E+11,20201002,1546,,,CASSIDY,,BLVD,,,,,,Y,N,NULL,NULL,NULL,N,NULL,NULL,NULL,NULL,NULL,NULL,0.299,NULL,NULL,NULL,NULL,,NULL,0,0,2,2,N,Y,15,NULL,98,9801,NULL,,Y,37.50508,37,30.305,NULL,-82.5368,82,32.208,NULL,N,NULL,NULL,NULL,NULL,NULL,NULL,NULL,NULL,2,97,2,6,1,1,2,2,1,3,N,NULL,Y,N,1546,1559,1634,N,NULL,90,,,N,,N,N,,NULL,NULL,2020,O,7.25485E+11,098-CS-1191  -000,MEDIUM,098-CS-1191  -000,0.299,0,0,0,0,0,0,1,0,0,0,0,0,0
72498387,KSP0900,20-15566,20200426,2012,,1294,ROCKHOUSE,,CRK,,,0,098 CR-1243,CR1243,N,N,NULL,NULL,NULL,N,NULL,NULL,NULL,NULL,NULL,NULL,0.538,NULL,NULL,NULL,NULL,,NULL,0,0,2,2,N,N,35,NULL,98,9802,NULL,,Y,37.33155,37,19.893,NULL,-82.4609,82,27.654,NULL,N,NULL,NULL,NULL,NULL,NULL,NULL,NULL,NULL,2,3,2,1,1,5,6,6,7,3,N,NULL,Y,N,2013,2033,,N,NULL,56,,,N,,N,N,098-CR-1243-0,NULL,NULL,2020,O,7.24984E+11,098-CR-1243  -000,HIGH,098-CR-1243  -000,0.538,0,0,1,0,0,0,1,0,0,0,0,1,0
72580335,KSP0900,20-808754,20201129,1820,,,FERRELLS CREEK,,RD,US0460,US0460,0,098 US-460,US0460,N,N,NULL,NULL,NULL,N,NULL,NULL,NULL,NULL,NULL,NULL,16.938,NULL,NULL,NULL,NULL,,NULL,0,0,1,1,N,N,55,NULL,98,9874,NULL,,Y,37.35598,37,21.359,NULL,-82.3318,82,19.908,NULL,N,NULL,NULL,NULL,NULL,NULL,NULL,NULL,NULL,9,3,2,1,1,1,2,6,7,3,N,NULL,N,N,1820,1835,,N,NULL,38,,1,N,,N,N,098-US-0460-0,NULL,NULL,2020,O,7.25803E+11,098-US-0460  -000,HIGH,098-US-0460  -000,16.938,0,0,0,0,0,0,0,0,0,0,0,0,0
72494513,KSP0900,20-13892,20200414,1922,,,DORTON-JENKINS,,HWY,KY0805,KY0805,0,098 KY-805,KY0805,N,N,NULL,NULL,NULL,N,NULL,NULL,NULL,NULL,NULL,NULL,6.003,NULL,NULL,NULL,NULL,,NULL,1,0,2,2,N,N,45,NULL,98,9809,NULL,,Y,37.26936,37,16.161,NULL,-82.57557,82,34.534,NULL,N,NULL,NULL,NULL,NULL,NULL,NULL,NULL,NULL,5,3,2,6,1,5,6,2,7,3,N,NULL,Y,Y,1922,1932,2016,N,NULL,49,7,0,N,,N,N,098-KY-0805-0,NULL,NULL,2020,B,7.24945E+11,098-KY-0805  -000,HIGH,098-KY-0805  -000,6.003,0,0,0,0,0,0,1,0,0,0,0,0,0
72590873,980100,2.021E+11,20210203,1140,,110,JULIUS,,AVE,,,0,098 CS-1156,CS1156,Y,N,NULL,NULL,NULL,N,NULL,NULL,NULL,NULL,NULL,NULL,0.005,NULL,NULL,NULL,NULL,,NULL,0,0,2,2,N,N,NULL,NULL,98,9801,NULL,,Y,37.47628,37,28.577,NULL,-82.52264,82,31.359,NULL,N,NULL,NULL,NULL,NULL,NULL,NULL,NULL,NULL,2,97,1,6,1,1,2,2,6,3,N,NULL,Y,N,1140,1142,1142,N,NULL,90,,,N,,N,N,098-CS-1156-0,NULL,NULL,2021,O,7.25909E+11,098-CS-1156  -000,HIGH,098-CS-1156  -000,0.005,0,0,0,0,0,0,0,0,0,0,0,0,0
72518631,980100,2.02E+11,20200630,1050,,,US23,,,US0023,US0023,,,,N,N,NULL,NULL,NULL,N,NULL,NULL,NULL,NULL,NULL,NULL,22.274,NULL,NULL,NULL,NULL,,NULL,0,0,2,2,N,N,55,NULL,98,9801,NULL,,Y,37.46111,37,27.666,NULL,-82.51691,82,31.014,NULL,N,NULL,NULL,NULL,NULL,NULL,NULL,NULL,NULL,8,3,4,3,1,1,3,2,7,3,N,NULL,Y,N,1051,1058,,N,NULL,53,,1,N,,N,N,,NULL,NULL,2020,O,7.25186E+11,098-US-0023  -010,MEDIUM,098-US-0023  -000,22.274,0,0,0,0,0,0,0,0,0,0,0,1,0
72489099,KSP0900,20-10265,20200318,1811,,,CHLOE,,RD,KY1460,KY1460,0,098 KY-1460,KY1460,N,N,NULL,NULL,NULL,N,NULL,NULL,NULL,NULL,NULL,NULL,2.147,NULL,NULL,NULL,NULL,,NULL,0,0,2,2,N,N,45,NULL,98,9801,NULL,,Y,37.46024,37,27.614,NULL,-82.47822,82,28.693,NULL,N,NULL,NULL,NULL,NULL,NULL,NULL,NULL,NULL,7,3,2,4,1,5,2,2,7,3,N,NULL,Y,N,1813,1839,,N,NULL,54,,0,Y,,N,N,098-KY-1460-0,NULL,NULL,2020,O,7.24891E+11,098-KY-1460  -000,HIGH,098-KY-1460  -000,2.147,0,0,0,0,0,0,0,0,1,0,0,1,0
72495273,980100,2.02E+11,20200419,1804,,,MAYO,,CIR,,,,,,Y,N,NULL,NULL,NULL,N,NULL,NULL,NULL,NULL,NULL,NULL,0.191,NULL,NULL,NULL,NULL,,NULL,0,0,2,2,N,Y,15,NULL,98,9801,NULL,,Y,37.46173,37,27.704,NULL,-82.51733,82,31.04,NULL,N,NULL,NULL,NULL,NULL,NULL,NULL,NULL,NULL,2,97,1,6,1,1,3,2,1,3,N,NULL,Y,N,1804,1807,1807,N,NULL,90,,,N,,N,N,,NULL,NULL,2020,O,7.24953E+11,098-CS-1019  -000,MEDIUM,098-CS-1019  -000,0.191,0,0,0,0,0,0,1,0,0,0,0,0,0
72501360,980100,2.02E+11,20200512,1322,,,MCDONALDS DRIVE THRU,,,,,,,,Y,N,NULL,NULL,NULL,N,NULL,NULL,NULL,NULL,NULL,NULL,NULL,NULL,NULL,NULL,NULL,NULL,NULL,0,0,2,2,N,Y,15,NULL,98,9801,NULL,,Y,37.47326,37,28.395,NULL,-82.52759,82,31.655,NULL,N,NULL,NULL,NULL,NULL,NULL,NULL,NULL,NULL,5,97,1,6,1,1,2,2,1,3,N,NULL,Y,N,1322,1322,1322,N,NULL,90,,,N,,N,N,,NULL,NULL,2020,O,7.25014E+11,098-KY-1426  -000,MEDIUM,098-KY-1426  -000,5.391,0,0,0,0,0,0,0,0,0,0,0,0,0
72491954,980000,2004001,20200328,1900,,,CENTRAL,,AVE,,,0,098 CR-1035H,CR1035H,Y,N,NULL,NULL,NULL,N,NULL,NULL,NULL,NULL,NULL,NULL,0.023,NULL,NULL,NULL,NULL,,NULL,0,0,1,1,Y,N,NULL,NULL,98,9834,NULL,,Y,37.6739,37,40.434,NULL,-82.28293,82,16.976,NULL,N,NULL,NULL,NULL,NULL,NULL,NULL,NULL,NULL,9,7,2,6,1,1,2,2,5,3,N,NULL,N,N,1730,1900,1901,Y,NULL,90,,,N,,N,N,098-CR-1035H-0,NULL,NULL,2020,NULL,7.2492E+11,098-CR-1035H -000,HIGH,098-CR-1035H -000,0.023,0,0,0,0,0,0,0,0,0,0,0,0,0
72590247,980100,2.021E+11,20210125,1244,,,CASSIDY,,BLVD,,,0,098 CS-1191,CS1191,Y,N,NULL,NULL,NULL,N,NULL,NULL,NULL,NULL,NULL,NULL,NULL,NULL,NULL,NULL,NULL,NULL,NULL,0,0,2,2,N,N,15,NULL,98,9801,NULL,,Y,37.50633,37,30.38,NULL,-82.5378,82,32.268,NULL,N,NULL,NULL,NULL,NULL,NULL,NULL,NULL,NULL,2,97,1,6,1,5,6,2,1,3,N,NULL,Y,Y,1244,1256,1321,N,NULL,90,,,N,,N,N,098-CS-1191-0,NULL,NULL,2021,O,7.25902E+11,098-CS-1191  -000,HIGH,098-CS-1191  -000,0.337,0,0,1,0,0,0,1,0,0,0,0,0,0
72552455,KSP0900,20-733838,20201009,1020,,260,HOSPITAL,,DR,,,0,098 CR-1015C,CR1015C,Y,N,NULL,NULL,NULL,N,NULL,NULL,NULL,NULL,NULL,NULL,0.006,NULL,NULL,NULL,NULL,,NULL,0,0,2,2,N,N,NULL,NULL,98,9834,NULL,,Y,37.67518,37,40.511,NULL,-82.29697,82,17.818,NULL,N,NULL,NULL,NULL,NULL,NULL,NULL,NULL,NULL,2,97,NULL,6,1,1,2,2,5,3,N,NULL,Y,N,1020,1040,1020,N,NULL,90,,,N,,N,N,098-CR-1015C-0,NULL,NULL,2020,O,7.25525E+11,098-CR-1015C -000,HIGH,098-CR-1015C -000,0.006,0,0,0,0,0,0,1,0,0,0,0,0,0
72486898,980100,2.02E+11,20200310,1234,,,KY1426,,,KY1426,KY1426,,,,Y,N,NULL,NULL,NULL,N,NULL,NULL,NULL,NULL,NULL,NULL,7.054,NULL,NULL,NULL,NULL,,NULL,0,0,2,2,Y,N,NULL,NULL,98,9801,NULL,,Y,37.48746,37,29.248,NULL,-82.50734,82,30.44,NULL,N,NULL,NULL,NULL,NULL,NULL,NULL,NULL,NULL,2,97,2,6,1,5,3,2,1,3,N,NULL,Y,N,1234,1250,,N,NULL,90,,0,N,,N,N,,NULL,NULL,2020,NULL,7.24869E+11,098-KY-1426  -000,HIGH,098-KY-1426  -000,7.054,0,0,0,0,0,0,1,0,0,0,0,0,0
72515556,980100,2.02E+11,20200626,1750,,,BANK,,ST,,,,,,N,N,NULL,NULL,NULL,N,NULL,NULL,NULL,NULL,NULL,NULL,0.174,NULL,NULL,NULL,NULL,,NULL,0,0,2,2,N,Y,15,NULL,98,9801,NULL,,Y,37.47698,37,28.619,NULL,-82.51997,82,31.198,NULL,N,NULL,NULL,NULL,NULL,NULL,NULL,NULL,NULL,1,3,1,6,1,1,2,2,6,3,N,NULL,Y,N,1750,1757,,N,NULL,55,,,N,,N,N,,NULL,NULL,2020,O,7.25156E+11,098-CS-1106  -000,MEDIUM,098-CS-1106  -000,0.174,0,0,0,0,0,0,1,0,0,0,0,0,0
72579922,980100,2.02E+11,20201223,2059,,,THOMPSON,,RD,,,,,,Y,N,NULL,NULL,NULL,N,NULL,NULL,NULL,NULL,NULL,NULL,0.752,NULL,NULL,NULL,NULL,,NULL,1,0,2,2,N,N,NULL,NULL,98,9801,NULL,,Y,37.50447,37,30.268,NULL,-82.53955,82,32.373,NULL,N,NULL,NULL,NULL,NULL,NULL,NULL,NULL,NULL,2,97,2,6,1,1,2,8,1,3,N,NULL,Y,N,2059,2107,2107,N,NULL,90,,,N,,N,N,,NULL,NULL,2020,C,7.25799E+11,098-CS-1215  -000,LOW,098-CS-1215  -000,0.752,0,0,0,0,0,0,1,0,0,1,0,0,0
72544376,980200,980200,20200902,1200,,31,EPLING,,AVE,,,0,098 CR-1625D,CR1625D,N,Y,ELKHORN,,CRK,N,NULL,NULL,NULL,NULL,NULL,NULL,0.026,NULL,NULL,NULL,NULL,,NULL,0,0,1,1,Y,Y,15,NULL,98,9802,NULL,,Y,37.29246,37,17.548,NULL,-82.36622,82,21.973,NULL,N,NULL,NULL,NULL,NULL,NULL,NULL,NULL,NULL,9,97,1,6,1,1,2,2,6,3,N,NULL,Y,Y,1210,1230,1230,N,NULL,4,,,N,,N,N,098-CR-1625D-0,NULL,NULL,2020,O,7.25444E+11,098-CR-1625D -000,HIGH,098-CR-1625D -000,0.026,0,0,0,0,0,0,0,0,0,0,1,0,0
72545260,370200,2020-703977,20200918,1129,,,US23,,,US0023,US0023,0,098 US-23-10,US0023,N,N,NULL,NULL,NULL,N,NULL,NULL,NULL,NULL,NULL,NULL,26.329,NULL,NULL,NULL,NULL,,NULL,0,0,2,2,N,N,55,NULL,98,9801,NULL,,Y,37.5043,37,30.258,NULL,-82.53243,82,31.946,NULL,N,NULL,NULL,NULL,NULL,NULL,NULL,NULL,NULL,5,3,4,6,1,1,3,2,7,3,N,NULL,N,Y,1129,1136,1136,N,NULL,70,,1,N,,N,N,098-US-0023-10,NULL,NULL,2020,O,7.25453E+11,098-US-0023  -010,HIGH,098-US-0023  -000,26.329,0,0,1,0,0,0,1,0,0,0,0,0,0
72583669,KSP0900,21-15037,20210112,830,,,US460,,,US0460,US0460,0,098 US-460,US0460,N,N,NULL,NULL,NULL,N,NULL,NULL,NULL,NULL,NULL,NULL,6.653,NULL,NULL,NULL,NULL,,NULL,0,0,1,1,N,N,55,NULL,98,9801,5,SE,N,37.39438,37,23.663,NULL,-82.43308,82,25.985,NULL,N,NULL,NULL,NULL,NULL,NULL,NULL,NULL,NULL,9,3,2,6,1,1,3,2,7,3,N,NULL,Y,N,830,945,945,N,NULL,38,,1,N,,N,N,098-US-0460-0,NULL,NULL,2021,O,7.25837E+11,098-US-0460  -000,MEDIUM,098-US-0460  -000,6.653,0,0,0,0,0,0,0,0,0,0,0,0,0