MasterFile,AgencyORINumber,LocalCode,CollisionDate,CollisionTime,CollisionDayWeekCode,RoadwayName_HouseBusinessNumber_,RoadwayName_RoadwayName_,RoadwayName_Direction_,RoadwayName_RoadwaySuffix_,RoadwayfromReport,CurrentRoadwayNumber,RoadwayNumberCoupletID,RSEUniqueGIS,RoadwayIdentifier,ParkingLotIndicator,IntersectionWith_Indicator_,IntersectionWith_NameRoadway_,IntersectionWith_Direction_,IntersectionWith_RoadwaySuffix_,BetweenStreets_Indicator_,BetweenStreets1_NameRoadway_,BetweenStreet1_Direction_,BetweenStreets1_RoadwaySuffix_,BetweenStreets2_NameRoadway_,BetweenStreets2_Direction_,BetweenStreets2_RoadwaySuffix_,Milepoint,ReportMilepointDeriveNumber,CurrentDerivedMiepointNumber,MilestoMilepoint,FeettoMilepoint,DirectionfromMilepoint_NSEW_,ValidMilepointIndicator,NumberInjured,NumberKilled,ofUnits,ofMotorVehicleUnits,Hit&RunIndicator,OneWayIndicator,SpeedLimitNumber,KilometersIndicator,CountyCode,CityCountyCode,MilesFromCity,DirectionFromCity_NSEW_,InCityLimitsIndicator,Latitude,LatitudeDegrees,LatitudeMinutes,LatitudeSeconds,Longitude,LongitudeDegrees,LongitudeMinutes,LongitudeSeconds,RampIndicator,RampFromIdentifier,RampFromDirCode,RampFromCoupletID,RSEUniqueGISRampFrom,RampToidentifier,RampToDirCode,RampToCoupletID,RSEUniqueGisRampTo,MannerofCollisionCode,LocationFirstEventCode,TotalLanes,RoadwayCharacterCode,RoadwaySurfaceCode,RoadwayConditionCode,WeatherCode,LightConditionCode,LandUseCode,SchoolBusRelatedCode,FirstAidSceneIndicator,CollDescPresentInd,InvestigationCompleteIndicator,PhotosTakenIndicator,TimeNotified,TimeArrived,TimeRoadwayOpened,PropertyDamageIndicator,DiagramPresentIndicator,DirectionalAnalysis,FunctionClassCode,NationalHwySysCode,EnforcementsIndicator,KARSCityCode,SecondaryCollisionIndicator,MedianCrossoverIndicator,RT_UNIQUE,MapIt,TimeLastLeft,YR,KABCO,MFNY,WorkingRID,RT_CONFIDENCE,KTC_RT,KTC_MP,Motorcyclist,CommercialVehicle,YoungDriver,MatureDriver,pedestrian,Bicyclist,Distracted,agressive,Impaired,Unrestrained,Intersection,RoadwayDeparture,MedXover
72518589,KSP0900,20-587889,20200707,1300,,,US460,,,US0460,US0460,0,098 US-460,US0460,N,N,NULL,NULL,NULL,N,NULL,NULL,NULL,NULL,NULL,NULL,9.068,NULL,NULL,NULL,NULL,,NULL,0,0,1,1,N,N,35,NULL,98,9801,8,SE,N,37.36917,37,22.15,NULL,-82.41924,82,25.155,NULL,N,NULL,NULL,NULL,NULL,NULL,NULL,NULL,NULL,9,5,2,4,1,1,2,2,7,3,N,NULL,Y,N,1300,1302,1302,Y,NULL,40,,1,N,,N,N,098-US-0460-0,NULL,NULL,2020,O,7.25186E+11,098-US-0460  -000,HIGH,098-US-0460  -000,9.068,0,0,0,0,0,0,1,0,0,0,0,1,0
72493425,980000,2004005,20200409,1614,,,US 119 SOUTH,,,,,,,,N,N,NULL,NULL,NULL,N,NULL,NULL,NULL,NULL,NULL,NULL,NULL,NULL,NULL,NULL,NULL,NULL,NULL,0,0,2,2,N,N,55,NULL,98,9836,2.8,N,N,37.63128,37,37.877,NULL,-82.26089,82,15.653,NULL,N,NULL,NULL,NULL,NULL,NULL,NULL,NULL,NULL,8,3,4,1,1,1,2,2,7,3,N,NULL,N,N,1617,1619,1628,N,NULL,53,,,N,,N,N,,NULL,NULL,2020,O,7.24934E+11,098-US-0119  -010,MEDIUM,098-US-0119  -000,21.845,0,0,0,1,0,0,1,0,0,0,0,1,0
72571897,KSP0900,20-788908,20201115,1754,,90,CAMPBELL,,LN,,,0,098 CR-1311,CR1311,N,N,NULL,NULL,NULL,N,NULL,NULL,NULL,NULL,NULL,NULL,0.104,NULL,NULL,NULL,NULL,,NULL,0,0,1,1,N,N,5,NULL,98,9801,NULL,,Y,37.45448,37,27.269,NULL,-82.47133,82,28.28,NULL,N,NULL,NULL,NULL,NULL,NULL,NULL,NULL,NULL,9,97,1,4,3,5,6,6,6,3,N,NULL,Y,N,1754,1810,,Y,NULL,40,,,Y,,N,N,098-CR-1311-0,NULL,NULL,2020,O,7.25719E+11,098-CR-1311  -000,HIGH,098-CR-1311  -000,0.104,0,0,0,0,0,0,0,0,0,1,0,1,0
72578353,KSP0900,20-840460,20201223,1212,,,US119,,,US0119,US0119,0,098 US-119-10,US0119,N,N,NULL,NULL,NULL,N,NULL,NULL,NULL,NULL,NULL,NULL,24.937,NULL,NULL,NULL,NULL,,NULL,0,0,1,1,N,N,15,NULL,98,9834,NULL,,Y,37.66748,37,40.049,NULL,-82.27848,82,16.709,NULL,N,NULL,NULL,NULL,NULL,NULL,NULL,NULL,NULL,9,97,4,1,1,1,2,2,1,3,N,NULL,Y,N,1212,1212,,N,NULL,44,2,1,N,,N,N,098-US-0119-10,NULL,NULL,2020,O,7.25784E+11,098-US-0119  -010,HIGH,098-US-0119  -000,24.937,0,0,0,0,0,0,0,0,0,0,0,1,0
72579271,980100,2.02E+11,20201226,1456,,,US23,,,US0023,US0023,0,098 US-23-10,US0023,N,Y,US119,,,N,NULL,NULL,NULL,NULL,NULL,NULL,26.332,NULL,NULL,NULL,NULL,,NULL,1,0,2,2,N,N,55,NULL,98,9801,NULL,,Y,37.50376,37,30.225,NULL,-82.53214,82,31.928,NULL,N,NULL,NULL,NULL,NULL,NULL,NULL,NULL,NULL,5,3,4,6,1,5,3,2,7,3,N,NULL,Y,N,1456,1456,,N,NULL,35,,1,N,,N,N,098-US-0023-10,NULL,NULL,2020,C,7.25793E+11,098-US-0023  -010,HIGH,098-US-0023  -000,26.332,0,0,0,0,0,0,1,0,0,0,1,0,0
72607439,980100,2.021E+11,20210317,1455,,,BYPASS,S,RD,KY1426,KY1426,0,098 KY-1426,KY1426,Y,N,NULL,NULL,NULL,N,NULL,NULL,NULL,NULL,NULL,NULL,5.692,NULL,NULL,NULL,NULL,,NULL,0,0,2,1,Y,N,10,NULL,98,9801,NULL,,Y,37.47281,37,28.369,NULL,-82.52283,82,31.37,NULL,N,NULL,NULL,NULL,NULL,NULL,NULL,NULL,NULL,9,97,2,6,1,1,2,2,1,3,N,NULL,Y,N,1500,1542,1552,N,NULL,90,,0,N,,N,N,098-KY-1426-0,NULL,NULL,2021,O,7.26074E+11,098-KY-1426  -000,HIGH,098-KY-1426  -000,5.692,0,0,0,0,1,0,1,0,0,0,0,0,0
72486238,KSP0900,2020-7933,20200301,45,,,WILLIAMSON,,RD,KY0292,KY0292,0,098 KY-292,KY0292,N,N,NULL,NULL,NULL,N,NULL,NULL,NULL,NULL,NULL,NULL,6.074,NULL,NULL,NULL,NULL,,NULL,0,0,1,1,N,N,45,NULL,98,9834,NULL,,Y,37.66886,37,40.132,NULL,-82.29401,82,17.641,NULL,N,NULL,NULL,NULL,NULL,NULL,NULL,NULL,NULL,9,97,1,6,3,1,2,7,5,3,N,NULL,N,N,49,109,109,N,NULL,70,7,0,N,,N,N,098-KY-0292-0,NULL,NULL,2020,O,7.24862E+11,098-KY-0292  -000,HIGH,098-KY-0292  -000,6.074,0,0,0,0,0,0,1,0,0,1,0,0,0
72548130,KSP0900,20-722593,20201001,1439,,,MARROWBONE CREEK,,RD,KY0195,KY0195,0,098 KY-195,KY0195,N,N,NULL,NULL,NULL,N,NULL,NULL,NULL,NULL,NULL,NULL,7.94,NULL,NULL,NULL,NULL,,NULL,0,0,2,2,N,N,55,NULL,98,9830,NULL,,Y,37.33155,37,19.893,NULL,-82.43567,82,26.14,NULL,N,NULL,NULL,NULL,NULL,NULL,NULL,NULL,NULL,5,3,2,3,1,1,2,2,7,3,N,NULL,Y,N,1501,1524,,N,NULL,49,7,0,N,,N,N,098-KY-0195-0,NULL,NULL,2020,O,7.25481E+11,098-KY-0195  -000,HIGH,098-KY-0195  -000,7.94,0,0,0,1,0,0,1,0,0,0,0,0,0
72588354,980100,2.021E+11,20210126,352,,,US23,,,,,,,,N,N,NULL,NULL,NULL,N,NULL,NULL,NULL,NULL,NULL,NULL,NULL,NULL,NULL,NULL,NULL,NULL,NULL,0,0,1,1,N,N,55,NULL,98,9801,NULL,,Y,37.48595,37,29.157,NULL,-82.54218,82,32.531,NULL,N,NULL,NULL,NULL,NULL,NULL,NULL,NULL,NULL,9,3,4,3,1,5,3,5,7,3,N,NULL,Y,N,353,402,402,N,NULL,38,,,N,,N,N,,NULL,NULL,2021,O,7.25884E+11,098-US-0023  -000,MEDIUM,098-US-0023  -000,24.809,0,0,0,0,0,0,0,0,0,0,0,0,0
72592214,KSP0900,21-23163,20210118,1015,,,US119,,,US0119,US0119,0,098 US-119-10,US0119,N,Y,FOREST HILLS,,RD,N,NULL,NULL,NULL,NULL,NULL,NULL,23.467,NULL,NULL,NULL,NULL,,NULL,0,0,2,2,N,N,55,NULL,98,9836,NULL,,Y,37.64825,37,38.895,NULL,-82.2677,82,16.062,NULL,N,NULL,NULL,NULL,NULL,NULL,NULL,NULL,NULL,1,3,2,6,1,5,9,2,7,3,N,NULL,Y,N,1011,1016,1100,N,NULL,8,2,1,N,,N,N,098-US-0119-10,NULL,NULL,2021,O,7.25922E+11,098-US-0119  -010,HIGH,098-US-0119  -000,23.467,0,0,1,1,0,0,0,1,0,0,1,0,0
72593127,KSP0900,21-52923,20210209,800,,,GRAPEVINE,,RD,KY0194,KY0194,0,098 KY-194,KY0194,N,N,NULL,NULL,NULL,N,NULL,NULL,NULL,NULL,NULL,NULL,34.97,NULL,NULL,NULL,NULL,,NULL,1,0,1,1,N,N,35,NULL,98,9849,NULL,,Y,37.44965,37,26.979,NULL,-82.30668,82,18.401,NULL,N,NULL,NULL,NULL,NULL,NULL,NULL,NULL,NULL,9,3,2,3,1,2,6,2,7,3,N,NULL,Y,N,800,1200,1220,N,NULL,44,7,0,N,,N,N,098-KY-0194-0,NULL,NULL,2021,C,7.25931E+11,098-KY-0194  -000,HIGH,098-KY-0194  -000,34.97,0,0,0,0,0,0,0,0,0,0,0,1,0
72592787,KSP0900,21-52884,20210209,800,,,COLLINS,,HWY,KY0122,KY0122,0,098 KY-122,KY0122,N,N,NULL,NULL,NULL,N,NULL,NULL,NULL,NULL,NULL,NULL,11.773,NULL,NULL,NULL,NULL,,NULL,0,0,1,1,N,N,55,NULL,98,9801,4,S,N,37.39038,37,23.423,NULL,-82.52384,82,31.431,NULL,N,NULL,NULL,NULL,NULL,NULL,NULL,NULL,NULL,9,5,2,3,1,2,8,2,7,3,N,NULL,Y,N,800,900,1000,N,NULL,51,,0,N,,N,N,098-KY-0122-0,NULL,NULL,2021,O,7.25928E+11,098-KY-0122  -000,HIGH,098-KY-0122  -000,11.773,0,0,1,0,0,0,0,0,0,0,0,1,0
72427159,980100,2.019E+11,20191026,1108,,,US23,,,US0023,US0023,0,098 US-23,US0023,N,N,NULL,NULL,NULL,N,NULL,NULL,NULL,NULL,NULL,NULL,25.734,NULL,NULL,NULL,NULL,,NULL,1,0,1,1,N,N,55,NULL,98,9801,NULL,,Y,37.49585,37,29.751,NULL,-82.53107,82,31.864,NULL,N,NULL,NULL,NULL,NULL,NULL,NULL,NULL,NULL,9,3,4,3,1,5,6,2,1,3,Y,NULL,Y,Y,1108,1112,,N,NULL,40,,1,N,,N,Y,098-US-0023-0,NULL,NULL,2019,C,7.24272E+11,098-US-0023  -000,HIGH,098-US-0023  -000,25.734,0,0,0,1,0,0,0,0,0,0,0,1,0
72555085,980100,2.02E+11,20201020,1032,,,BYPASS,S,RD,KY1426,KY1426,0,098 KY-1426,KY1426,N,N,NULL,NULL,NULL,N,NULL,NULL,NULL,NULL,NULL,NULL,5.576,NULL,NULL,NULL,NULL,,NULL,0,0,2,2,N,N,55,NULL,98,9801,NULL,,Y,37.47253,37,28.352,NULL,-82.52491,82,31.495,NULL,N,NULL,NULL,NULL,NULL,NULL,NULL,NULL,NULL,8,7,2,4,1,1,2,2,1,3,N,NULL,Y,N,1032,1038,,N,NULL,47,,0,N,,N,N,098-KY-1426-0,NULL,NULL,2020,O,7.25551E+11,098-KY-1426  -000,HIGH,098-KY-1426  -000,5.576,0,0,0,1,0,0,0,0,0,0,0,0,0
72598488,980100,2.021E+11,20210221,1744,,111,SAAD,,AVE,,,0,098 CS-1165,CS1165,N,N,NULL,NULL,NULL,N,NULL,NULL,NULL,NULL,NULL,NULL,0.028,NULL,NULL,NULL,NULL,,NULL,0,0,2,2,Y,N,15,NULL,98,9801,NULL,,Y,37.48267,37,28.96,NULL,-82.52058,82,31.235,NULL,N,NULL,NULL,NULL,NULL,NULL,NULL,NULL,NULL,8,3,1,1,1,1,2,2,6,3,N,NULL,N,N,1746,1751,1751,N,NULL,47,,,N,,N,N,098-CS-1165-0,NULL,NULL,2021,O,7.25985E+11,098-CS-1165  -000,HIGH,098-CS-1165  -000,0.028,0,0,1,0,0,0,1,0,0,0,0,0,0
72516193,980100,2.02E+11,20200629,2242,,254,CASSIDY,,BLVD,,,0,098 CS-1191,CS1191,Y,N,NULL,NULL,NULL,N,NULL,NULL,NULL,NULL,NULL,NULL,0.343,NULL,NULL,NULL,NULL,,NULL,0,0,2,2,N,N,NULL,NULL,98,9801,NULL,,Y,37.50517,37,30.31,NULL,-82.5377,82,32.262,NULL,N,NULL,NULL,NULL,NULL,NULL,NULL,NULL,NULL,2,97,1,6,1,1,2,5,1,3,N,NULL,Y,N,2243,2247,2247,N,NULL,90,,,N,,N,N,098-CS-1191-0,NULL,NULL,2020,O,7.25162E+11,098-CS-1191  -000,HIGH,098-CS-1191  -000,0.343,0,0,1,0,0,0,1,0,0,0,0,0,0
72534002,KSP0900,20-660414,20200821,1626,,,ELKHORN,,CRK,KY0197,KY0197,0,098 KY-197,KY0197,N,N,NULL,NULL,NULL,N,NULL,NULL,NULL,NULL,NULL,NULL,2.756,NULL,NULL,NULL,NULL,,NULL,0,0,1,1,N,N,55,NULL,98,9802,NULL,,Y,37.22861,37,13.717,NULL,-82.52992,82,31.795,NULL,N,NULL,NULL,NULL,NULL,NULL,NULL,NULL,NULL,9,3,2,3,1,5,2,2,7,3,N,NULL,Y,N,1626,1721,,N,NULL,44,7,0,N,,N,N,098-KY-0197-0,NULL,NULL,2020,O,7.2534E+11,098-KY-0197  -000,HIGH,098-KY-0197  -000,2.756,0,0,0,1,0,0,0,0,0,0,0,1,0
72534304,980100,2.02E+11,20200821,1756,,911,BYPASS,S,RD,KY1426,KY1426,,,,Y,N,NULL,NULL,NULL,N,NULL,NULL,NULL,NULL,NULL,NULL,5.687,NULL,NULL,NULL,NULL,,NULL,0,0,2,2,N,N,15,NULL,98,9801,NULL,,Y,37.47266,37,28.36,NULL,-82.52282,82,31.369,NULL,N,NULL,NULL,NULL,NULL,NULL,NULL,NULL,NULL,2,97,2,6,2,1,2,2,1,3,N,NULL,Y,N,1756,1800,,N,NULL,90,,0,N,,N,N,,NULL,NULL,2020,O,7.25343E+11,098-KY-1426  -000,HIGH,098-KY-1426  -000,5.687,0,0,0,0,0,0,1,0,0,0,0,0,0
72603692,980100,2.021E+11,20210312,1432,,,CASSIDY,,BLVD,,,,,,N,N,NULL,NULL,NULL,N,NULL,NULL,NULL,NULL,NULL,NULL,0.007,NULL,NULL,NULL,NULL,,NULL,0,0,2,2,N,N,55,NULL,98,9801,NULL,,Y,37.50376,37,30.226,NULL,-82.53226,82,31.936,NULL,N,NULL,NULL,NULL,NULL,NULL,NULL,NULL,NULL,5,3,4,6,1,1,2,2,1,3,N,NULL,Y,N,1432,1442,1455,N,NULL,49,,,N,,N,N,,NULL,NULL,2021,O,7.26037E+11,098-CS-1191  -000,MEDIUM,098-CS-1191  -000,0.007,0,0,0,1,0,0,1,0,0,0,0,0,0
72593838,KSP0900,21-52908,20210209,830,,,KY2062,,,KY2062,KY2062,0,098 KY-2062,KY2062,N,N,NULL,NULL,NULL,N,NULL,NULL,NULL,NULL,NULL,NULL,0.415,NULL,NULL,NULL,NULL,,NULL,0,0,2,2,N,N,55,NULL,98,9804,NULL,,Y,37.50618,37,30.371,NULL,-82.12701,82,7.621,NULL,N,NULL,NULL,NULL,NULL,NULL,NULL,NULL,NULL,1,97,2,4,1,2,8,2,7,3,N,NULL,Y,N,830,1000,1100,N,NULL,47,8,0,N,,N,N,098-KY-2062-0,NULL,NULL,2021,O,7.25938E+11,098-KY-2062  -000,HIGH,098-KY-2062  -000,0.415,0,0,0,1,0,0,0,0,0,0,0,0,0
72583239,980100,2.021E+11,20210110,36,,,BYPASS,S,RD,KY1426,KY1426,0,098 KY-1426,KY1426,Y,N,NULL,NULL,NULL,N,NULL,NULL,NULL,NULL,NULL,NULL,6.551,NULL,NULL,NULL,NULL,,NULL,0,0,2,2,N,N,5,NULL,98,9801,NULL,,Y,37.48233,37,28.94,NULL,-82.51369,82,30.821,NULL,N,NULL,NULL,NULL,NULL,NULL,NULL,NULL,NULL,5,97,2,6,1,1,3,7,1,3,N,NULL,Y,N,36,43,,N,NULL,90,,0,N,,N,N,098-KY-1426-0,NULL,NULL,2021,O,7.25832E+11,098-KY-1426  -000,MEDIUM,098-KY-1426  -000,6.551,0,0,1,0,0,0,0,0,0,0,0,0,0
72577957,KSP0900,20-782020,20201111,1025,,,KY194,,,KY0194,KY0194,0,098 KY-194,KY0194,N,N,NULL,NULL,NULL,N,NULL,NULL,NULL,NULL,NULL,NULL,20,NULL,NULL,NULL,NULL,,NULL,0,0,2,2,N,N,55,NULL,98,9820,NULL,,Y,37.54755,37,32.853,NULL,-82.40373,82,24.224,NULL,N,NULL,NULL,NULL,NULL,NULL,NULL,NULL,NULL,5,3,2,3,1,5,6,2,7,3,N,NULL,Y,N,1030,1032,1030,N,NULL,49,6,0,N,,N,N,098-KY-0194-0,NULL,NULL,2020,O,7.2578E+11,098-KY-0194  -000,HIGH,098-KY-0194  -000,20,0,1,0,0,0,0,1,1,0,0,0,0,0
72603182,980100,2.021E+11,20210312,1629,,,US23,,,US0023,US0023,0,098 US-23-10,US0023,N,N,NULL,NULL,NULL,N,NULL,NULL,NULL,NULL,NULL,NULL,26.878,NULL,NULL,NULL,NULL,,NULL,0,0,2,2,N,N,55,NULL,98,9801,NULL,,Y,37.50974,37,30.584,NULL,-82.53897,82,32.338,NULL,N,NULL,NULL,NULL,NULL,NULL,NULL,NULL,NULL,5,3,4,6,1,1,3,2,7,3,N,NULL,Y,N,1629,1636,,N,NULL,49,,1,N,,N,N,098-US-0023-10,NULL,NULL,2021,O,7.26032E+11,098-US-0023  -010,HIGH,098-US-0023  -000,26.878,0,0,0,0,0,0,1,0,0,0,0,0,0
72579929,980100,2.02E+11,20201230,538,,,US23,,,US0023,US0023,0,098 US-23,US0023,N,N,NULL,NULL,NULL,N,NULL,NULL,NULL,NULL,NULL,NULL,25.06,NULL,NULL,NULL,NULL,,NULL,0,0,1,1,N,N,55,NULL,98,9801,NULL,,Y,37.48887,37,29.332,NULL,-82.53952,82,32.371,NULL,N,NULL,NULL,NULL,NULL,NULL,NULL,NULL,NULL,9,3,4,6,1,1,2,6,1,3,N,NULL,Y,N,539,543,,N,NULL,38,,1,N,,N,N,098-US-0023-0,NULL,NULL,2020,O,7.25799E+11,098-US-0023  -000,HIGH,098-US-0023  -000,25.06,0,0,0,0,0,0,0,0,0,0,0,0,0
72482563,KSP0900,20-5656,20200212,1525,,,KY194,,,KY0194,KY0194,0,098 KY-194,KY0194,N,N,NULL,NULL,NULL,N,NULL,NULL,NULL,NULL,NULL,NULL,54.044,NULL,NULL,NULL,NULL,,NULL,3,0,2,2,N,N,55,NULL,98,9804,NULL,,Y,37.50766,37,30.46,NULL,-82.13577,82,8.146,NULL,N,NULL,NULL,NULL,NULL,NULL,NULL,NULL,NULL,3,3,2,6,1,5,3,2,7,3,N,NULL,Y,Y,1528,1709,1742,N,NULL,52,8,0,N,,N,Y,098-KY-0194-0,NULL,NULL,2020,A,7.24826E+11,098-KY-0194  -000,HIGH,098-KY-0194  -000,54.044,0,0,0,0,0,0,1,0,1,0,0,1,1
72606747,980100,2.021E+11,20210324,1623,,,COLLEGE,N,ST,,,0,098 CS-1108,CS1108,N,N,NULL,NULL,NULL,N,NULL,NULL,NULL,NULL,NULL,NULL,0.157,NULL,NULL,NULL,NULL,,NULL,0,0,2,2,Y,N,25,NULL,98,9801,NULL,,Y,37.47738,37,28.643,NULL,-82.52003,82,31.201,NULL,N,NULL,NULL,NULL,NULL,NULL,NULL,NULL,NULL,2,3,NULL,6,1,1,2,2,6,3,N,NULL,Y,N,1623,1627,1627,N,NULL,56,,,N,,N,N,098-CS-1108-0,NULL,NULL,2021,O,7.26067E+11,098-CS-1108  -000,HIGH,098-CS-1108  -000,0.157,0,0,0,0,0,0,1,0,0,0,0,0,0
72569101,KSP0900,20-805010,20201126,2131,,20,FISH POND,,BTM,,,0,098 CR-1625H,CR1625H,N,N,NULL,NULL,NULL,N,NULL,NULL,NULL,NULL,NULL,NULL,0.018,NULL,NULL,NULL,NULL,,NULL,0,0,2,2,N,N,10,NULL,98,9802,NULL,,Y,37.28706,37,17.224,NULL,-82.36782,82,22.069,NULL,N,NULL,NULL,NULL,NULL,NULL,NULL,NULL,NULL,2,3,1,6,1,1,2,6,7,3,N,NULL,Y,N,2131,2233,,N,NULL,47,,,N,,N,N,098-CR-1625H-0,NULL,NULL,2020,O,7.25691E+11,098-CR-1625H -000,HIGH,098-CR-1625H -000,0.018,0,0,1,0,0,0,1,0,0,0,0,0,0
72539601,980100,2.02E+11,20200903,1726,,,US23,,,US0023,US0023,,,,N,N,NULL,NULL,NULL,N,NULL,NULL,NULL,NULL,NULL,NULL,22.574,NULL,NULL,NULL,NULL,,NULL,0,0,2,2,N,N,55,NULL,98,9801,NULL,,Y,37.46448,37,27.869,NULL,-82.51963,82,31.178,NULL,N,NULL,NULL,NULL,NULL,NULL,NULL,NULL,NULL,3,3,4,6,1,5,3,2,1,3,N,NULL,Y,N,1726,1737,,N,NULL,52,,1,N,,N,N,,NULL,NULL,2020,O,7.25396E+11,098-US-0023  -000,MEDIUM,098-US-0023  -000,22.574,0,0,1,0,0,0,0,0,0,0,0,1,0
72499747,KSP0900,20-17103,20200507,1200,,,US119,,,US0119,US0119,0,098 US-119,US0119,Y,N,NULL,NULL,NULL,N,NULL,NULL,NULL,NULL,NULL,NULL,23.945,NULL,NULL,NULL,NULL,,NULL,0,0,2,2,N,N,10,NULL,98,9834,NULL,,Y,37.655,37,39.3,NULL,-82.26962,82,16.177,NULL,N,NULL,NULL,NULL,NULL,NULL,NULL,NULL,NULL,1,97,4,6,1,1,2,2,1,3,N,NULL,Y,N,1200,1300,1330,N,NULL,90,2,1,N,,N,N,098-US-0119-0,NULL,NULL,2020,O,7.24997E+11,098-US-0119  -000,HIGH,098-US-0119  -000,23.945,0,0,0,0,0,0,1,0,0,0,0,0,0
72575537,980500,2020AR068,20201216,1614,,,US23,,,US0023,US0023,0,098 US-23-10,US0023,N,N,NULL,NULL,NULL,N,NULL,NULL,NULL,NULL,NULL,NULL,NULL,NULL,NULL,NULL,NULL,NULL,NULL,0,0,2,2,N,N,45,NULL,98,9807,NULL,,Y,37.51906,37,31.144,NULL,-82.56622,82,33.974,NULL,N,NULL,NULL,NULL,NULL,NULL,NULL,NULL,NULL,5,3,6,6,1,5,6,2,7,3,N,NULL,Y,Y,1614,1615,1616,N,NULL,49,,1,N,,N,N,098-US-0023-10,NULL,NULL,2020,O,7.25755E+11,098-US-0023  -010,HIGH,098-US-0023  -000,28.527,0,0,1,0,0,0,1,1,0,0,0,0,0
72576105,KSP0900,20-830341,20201216,105,,39747,KY194,,,KY0194,KY0194,0,098 KY-194,KY0194,N,N,NULL,NULL,NULL,N,NULL,NULL,NULL,NULL,NULL,NULL,56.727,NULL,NULL,NULL,NULL,,NULL,0,0,2,2,N,N,35,NULL,98,9804,NULL,,Y,37.53112,37,31.867,NULL,-82.1579,82,9.474,NULL,N,NULL,NULL,NULL,NULL,NULL,NULL,NULL,NULL,8,3,2,3,1,5,6,6,7,3,N,NULL,Y,N,105,159,235,Y,NULL,53,7,0,N,,N,N,098-KY-0194-0,NULL,NULL,2020,O,7.25761E+11,098-KY-0194  -000,HIGH,098-KY-0194  -000,56.727,0,0,1,0,0,0,0,1,0,0,0,1,0
72591078,KSP0900,21-45320,20210203,1856,,,COWPEN,,RD,KY2061,KY2061,0,098 KY-2061,KY2061,N,N,NULL,NULL,NULL,N,NULL,NULL,NULL,NULL,NULL,NULL,NULL,NULL,NULL,NULL,NULL,NULL,NULL,1,0,1,1,N,N,55,NULL,98,9801,NULL,,Y,37.53314,37,31.988,NULL,-82.57204,82,34.322,NULL,N,NULL,NULL,NULL,NULL,NULL,NULL,NULL,NULL,9,3,2,6,1,1,2,6,7,3,N,NULL,Y,Y,1857,1925,,N,NULL,70,,0,N,,N,N,098-KY-2061-0,NULL,NULL,2021,C,7.25911E+11,098-KY-2061  -000,HIGH,098-KY-2061  -000,0.307,0,0,0,0,0,0,0,0,0,0,0,1,0
72567648,980100,2.02E+11,20201108,1339,,,US460,,,US0460,US0460,,,,Y,N,NULL,NULL,NULL,N,NULL,NULL,NULL,NULL,NULL,NULL,0.195,NULL,NULL,NULL,NULL,,NULL,0,0,2,2,N,N,15,NULL,98,9801,NULL,,Y,37.43965,37,26.379,NULL,-82.50909,82,30.545,NULL,N,NULL,NULL,NULL,NULL,NULL,NULL,NULL,NULL,8,97,2,6,1,1,2,2,1,3,N,NULL,Y,N,1339,1406,1454,N,NULL,90,,1,N,,N,N,,NULL,NULL,2020,O,7.25676E+11,098-US-0460  -000,HIGH,098-US-0460  -000,0.195,0,0,0,1,0,0,1,1,0,0,0,0,0
72538801,980100,2.02E+12,20200903,1041,,,HAMBLEY,,BLVD,,,0,098 CS-1222,CS1222,N,Y,KY1426,,,N,NULL,NULL,NULL,NULL,NULL,NULL,NULL,NULL,NULL,NULL,NULL,,NULL,0,0,2,2,N,N,35,NULL,98,9801,NULL,,Y,37.47402,37,28.441,NULL,-82.52729,82,31.638,NULL,N,NULL,NULL,NULL,NULL,NULL,NULL,NULL,NULL,1,3,4,6,1,1,3,2,7,3,N,NULL,Y,N,1042,1045,1107,N,NULL,10,,,N,,N,N,098-CS-1222-0,NULL,NULL,2020,O,7.25388E+11,098-CS-1222  -000,HIGH,098-CS-1222  -000,0,0,0,0,1,0,0,0,1,0,0,1,0,0
72606211,980100,2.021E+11,20210322,2353,,,THOMPSON,,RD,,,0,098 CS-1215,CS1215,N,N,NULL,NULL,NULL,N,NULL,NULL,NULL,NULL,NULL,NULL,0.702,NULL,NULL,NULL,NULL,,NULL,0,0,1,1,N,N,35,NULL,98,9801,NULL,,Y,37.50494,37,30.297,NULL,-82.54045,82,32.427,NULL,N,NULL,NULL,NULL,NULL,NULL,NULL,NULL,NULL,9,4,2,6,1,1,2,5,1,3,N,NULL,Y,N,2353,2357,104,N,NULL,51,,,Y,,N,N,098-CS-1215-0,NULL,NULL,2021,O,7.26062E+11,098-CS-1215  -000,HIGH,098-CS-1215  -000,0.702,0,0,0,0,0,0,0,0,1,1,0,1,0
72587473,980000,21-01-005,20210116,10,,,TOLER,,RD,KY0319,KY0319,0,098 KY-319,KY0319,N,N,NULL,NULL,NULL,N,NULL,NULL,NULL,NULL,NULL,NULL,3.426,NULL,NULL,NULL,NULL,,NULL,0,0,1,1,N,N,55,NULL,98,9842,NULL,,Y,37.60557,37,36.334,NULL,-82.22441,82,13.465,NULL,N,NULL,NULL,NULL,NULL,NULL,NULL,NULL,NULL,9,3,2,5,1,4,9,6,6,3,N,NULL,Y,Y,1,1,49,N,NULL,44,7,0,N,,N,N,098-KY-0319-0,NULL,NULL,2021,O,7.25875E+11,098-KY-0319  -000,HIGH,098-KY-0319  -000,3.426,0,0,1,0,0,0,0,1,0,0,0,1,0