MasterFile,AgencyORINumber,LocalCode,CollisionDate,CollisionTime,CollisionDayWeekCode,RoadwayName_HouseBusinessNumber_,RoadwayName_RoadwayName_,RoadwayName_Direction_,RoadwayName_RoadwaySuffix_,RoadwayfromReport,CurrentRoadwayNumber,RoadwayNumberCoupletID,RSEUniqueGIS,RoadwayIdentifier,ParkingLotIndicator,IntersectionWith_Indicator_,IntersectionWith_NameRoadway_,IntersectionWith_Direction_,IntersectionWith_RoadwaySuffix_,BetweenStreets_Indicator_,BetweenStreets1_NameRoadway_,BetweenStreet1_Direction_,BetweenStreets1_RoadwaySuffix_,BetweenStreets2_NameRoadway_,BetweenStreets2_Direction_,BetweenStreets2_RoadwaySuffix_,Milepoint,ReportMilepointDeriveNumber,CurrentDerivedMiepointNumber,MilestoMilepoint,FeettoMilepoint,DirectionfromMilepoint_NSEW_,ValidMilepointIndicator,NumberInjured,NumberKilled,ofUnits,ofMotorVehicleUnits,Hit&RunIndicator,OneWayIndicator,SpeedLimitNumber,KilometersIndicator,CountyCode,CityCountyCode,MilesFromCity,DirectionFromCity_NSEW_,InCityLimitsIndicator,Latitude,LatitudeDegrees,LatitudeMinutes,LatitudeSeconds,Longitude,LongitudeDegrees,LongitudeMinutes,LongitudeSeconds,RampIndicator,RampFromIdentifier,RampFromDirCode,RampFromCoupletID,RSEUniqueGISRampFrom,RampToidentifier,RampToDirCode,RampToCoupletID,RSEUniqueGisRampTo,MannerofCollisionCode,LocationFirstEventCode,TotalLanes,RoadwayCharacterCode,RoadwaySurfaceCode,RoadwayConditionCode,WeatherCode,LightConditionCode,LandUseCode,SchoolBusRelatedCode,FirstAidSceneIndicator,CollDescPresentInd,InvestigationCompleteIndicator,PhotosTakenIndicator,TimeNotified,TimeArrived,TimeRoadwayOpened,PropertyDamageIndicator,DiagramPresentIndicator,DirectionalAnalysis,FunctionClassCode,NationalHwySysCode,EnforcementsIndicator,KARSCityCode,SecondaryCollisionIndicator,MedianCrossoverIndicator,RT_UNIQUE,MapIt,TimeLastLeft,YR,KABCO,MFNY,WorkingRID,RT_CONFIDENCE,KTC_RT,KTC_MP,Motorcyclist,CommercialVehicle,YoungDriver,MatureDriver,pedestrian,Bicyclist,Distracted,agressive,Impaired,Unrestrained,Intersection,RoadwayDeparture,MedXover
72585365,KSP0900,21-20713,20210116,403,,,WOODMAN SUMMER,,RD,,,0,098 CR-1873,CR1873,N,N,NULL,NULL,NULL,N,NULL,NULL,NULL,NULL,NULL,NULL,0.959,NULL,NULL,NULL,NULL,,NULL,1,0,1,1,N,N,35,NULL,98,9855,NULL,,Y,37.53559,37,32.136,NULL,-82.05217,82,3.13,NULL,N,NULL,NULL,NULL,NULL,NULL,NULL,NULL,NULL,9,5,1,3,1,2,9,6,7,3,N,NULL,Y,Y,403,617,617,N,NULL,44,,,N,,N,N,098-CR-1873-0,NULL,NULL,2021,C,7.25854E+11,098-CR-1873  -000,HIGH,098-CR-1873  -000,0.959,0,0,0,0,0,0,0,0,0,0,0,1,0
72576989,KSP0900,2020-818489,20201207,947,,,OWSLEY,,RD,KY1384,KY1384,0,098 KY-1384,KY1384,N,N,NULL,NULL,NULL,N,NULL,NULL,NULL,NULL,NULL,NULL,3.774,NULL,NULL,NULL,NULL,,NULL,0,0,2,2,N,N,35,NULL,98,9801,NULL,,Y,37.49582,37,29.749,NULL,-82.58521,82,35.113,NULL,N,NULL,NULL,NULL,NULL,NULL,NULL,NULL,NULL,5,3,2,3,1,5,9,2,7,3,N,NULL,N,N,947,1030,,N,NULL,49,,0,N,,N,N,098-KY-1384-0,NULL,NULL,2020,O,7.2577E+11,098-KY-1384  -000,HIGH,098-KY-1384  -000,3.774,0,0,0,0,0,0,1,0,0,0,0,0,0
72597474,980100,2.021E+11,20210224,632,,,BYPASS,N,RD,KY1460,KY1460,0,098 KY-1460,KY1460,N,N,NULL,NULL,NULL,N,NULL,NULL,NULL,NULL,NULL,NULL,5.108,NULL,NULL,NULL,NULL,,NULL,0,0,2,2,N,N,45,NULL,98,9801,NULL,,Y,37.483,37,28.98,NULL,-82.51331,82,30.798,NULL,N,NULL,NULL,NULL,NULL,NULL,NULL,NULL,NULL,1,3,2,6,1,1,2,5,7,3,N,NULL,Y,N,632,633,727,N,NULL,55,16,0,N,,N,N,098-KY-1460-0,NULL,NULL,2021,O,7.25975E+11,098-KY-1460  -000,HIGH,098-KY-1460  -000,5.108,0,0,0,1,0,0,0,1,0,0,0,1,0
72552294,980100,2.02E+11,20201013,1532,,,3RD,,ST,,,0,098 CS-1118,CS1118,Y,Y,WELLS,,ALY,N,NULL,NULL,NULL,NULL,NULL,NULL,0.107,NULL,NULL,NULL,NULL,,NULL,0,0,2,2,N,N,NULL,NULL,98,9801,NULL,,Y,37.48238,37,28.943,NULL,-82.51788,82,31.073,NULL,N,NULL,NULL,NULL,NULL,NULL,NULL,NULL,NULL,6,97,NULL,6,1,1,2,2,6,3,N,NULL,Y,N,1532,1538,,N,NULL,90,,,N,,N,N,098-CS-1118-0,NULL,NULL,2020,O,7.25523E+11,098-CS-1118  -000,HIGH,098-CS-1118  -000,0.107,0,0,0,0,0,0,1,0,0,0,1,0,0
72552603,KSP0900,20-00738611,20201012,1632,,,GREASY,,CRK,KY3226,KY3226,0,098 KY-3226,KY3226,N,N,NULL,NULL,NULL,N,NULL,NULL,NULL,NULL,NULL,NULL,3.232,NULL,NULL,NULL,NULL,,NULL,0,0,2,2,N,N,55,NULL,98,9824,NULL,,Y,37.41694,37,25.016,NULL,-82.45773,82,27.464,NULL,N,NULL,NULL,NULL,NULL,NULL,NULL,NULL,NULL,7,3,2,2,1,1,2,2,7,3,N,NULL,Y,N,1632,1654,1654,N,NULL,54,8,0,N,,N,N,098-KY-3226-0,NULL,NULL,2020,O,7.25526E+11,098-KY-3226  -000,HIGH,098-KY-3226  -000,3.232,0,0,0,1,0,0,0,0,0,0,0,1,0
72601521,370200,2021-70502,20210222,1043,,,ELKHORN,,CRK,KY0197,KY0197,0,098 KY-197,KY0197,N,N,NULL,NULL,NULL,N,NULL,NULL,NULL,NULL,NULL,NULL,15.494,NULL,NULL,NULL,NULL,,NULL,0,0,2,2,N,N,35,NULL,98,9802,NULL,,Y,37.29491,37,17.695,NULL,-82.36426,82,21.855,NULL,N,NULL,NULL,NULL,NULL,NULL,NULL,NULL,NULL,1,97,2,6,1,5,3,2,1,3,N,NULL,Y,N,1046,1136,1136,N,NULL,47,7,0,N,,N,N,098-KY-0197-0,NULL,NULL,2021,O,7.26015E+11,098-KY-0197  -000,HIGH,098-KY-0197  -000,15.494,0,1,0,0,0,0,0,0,0,0,0,0,0
72546645,980100,2.02E+11,20200924,1236,,392,MAYO TRAIL,S,,,,,,,Y,N,NULL,NULL,NULL,N,NULL,NULL,NULL,NULL,NULL,NULL,NULL,NULL,NULL,NULL,NULL,NULL,NULL,0,0,2,2,N,N,15,NULL,98,9801,NULL,,Y,37.46629,37,27.977,NULL,-82.53079,82,31.848,NULL,N,NULL,NULL,NULL,NULL,NULL,NULL,NULL,NULL,5,97,NULL,6,1,1,2,2,1,3,N,NULL,Y,N,1236,1249,1307,N,NULL,90,,,N,,N,N,,NULL,NULL,2020,O,7.25466E+11,098-KY-3496  -000,MEDIUM,098-KY-3496  -000,0.178,0,0,0,0,0,0,1,0,0,0,0,0,0
72543660,980100,2.02E+11,20200916,2340,,,SUMMIT,,DR,,,0,098 CS-1064,CS1064,N,N,NULL,NULL,NULL,N,NULL,NULL,NULL,NULL,NULL,NULL,0.809,NULL,NULL,NULL,NULL,,NULL,0,0,1,1,N,N,45,NULL,98,9801,NULL,,Y,37.47298,37,28.379,NULL,-82.50722,82,30.433,NULL,N,NULL,NULL,NULL,NULL,NULL,NULL,NULL,NULL,9,5,2,1,1,1,2,6,7,3,N,NULL,Y,N,2159,2206,2349,N,NULL,51,,,N,,N,N,098-CS-1064-0,NULL,NULL,2020,O,7.25437E+11,098-CS-1064  -000,HIGH,098-CS-1064  -000,0.809,0,0,0,0,0,0,1,0,0,0,0,1,0
72549810,KSP0900,20-729754,20201006,1504,,,KY80,,,KY0080,KY0080,0,098 KY-80,KY0080,N,N,NULL,NULL,NULL,N,NULL,NULL,NULL,NULL,NULL,NULL,0.563,NULL,NULL,NULL,NULL,,NULL,1,0,1,1,N,N,55,NULL,98,9802,2,N,N,37.33511,37,20.107,NULL,-82.36974,82,22.184,NULL,N,NULL,NULL,NULL,NULL,NULL,NULL,NULL,NULL,9,4,2,6,1,1,2,2,7,3,Y,NULL,Y,N,1504,1536,1536,N,NULL,51,7,5,N,,N,N,098-KY-0080-0,NULL,NULL,2020,A,7.25498E+11,098-KY-0080  -000,HIGH,098-KY-0080  -000,0.563,0,0,0,0,0,0,0,0,0,0,0,1,0
72580354,980100,2.02E+11,20201231,957,,254,CASSIDY,,BLVD,,,0,098 CS-1191,CS1191,Y,N,NULL,NULL,NULL,N,NULL,NULL,NULL,NULL,NULL,NULL,0.055,NULL,NULL,NULL,NULL,,NULL,0,0,2,2,N,N,NULL,NULL,98,9801,NULL,,Y,37.50367,37,30.22,NULL,-82.53304,82,31.983,NULL,N,NULL,NULL,NULL,NULL,NULL,NULL,NULL,NULL,1,97,1,6,1,5,6,2,1,3,N,NULL,Y,N,957,1004,1005,N,NULL,90,,,N,,N,N,098-CS-1191-0,NULL,NULL,2020,O,7.25804E+11,098-CS-1191  -000,HIGH,098-CS-1191  -000,0.055,0,0,0,1,0,0,1,0,0,0,0,0,0
72593817,980000,21-01-009,20210127,1410,,,FISHTRAP,,RD,KY1441,KY1441,0,098 KY-1441,KY1441,N,N,NULL,NULL,NULL,N,NULL,NULL,NULL,NULL,NULL,NULL,11.693,NULL,NULL,NULL,NULL,,NULL,2,0,2,2,N,N,45,NULL,98,9850,NULL,,Y,37.5347,37,32.082,NULL,-82.46378,82,27.827,NULL,N,NULL,NULL,NULL,NULL,NULL,NULL,NULL,NULL,7,3,2,4,1,1,3,2,7,3,Y,NULL,Y,Y,1410,1415,1520,N,NULL,54,8,0,Y,,N,N,098-KY-1441-0,NULL,NULL,2021,C,7.25938E+11,098-KY-1441  -000,HIGH,098-KY-1441  -000,11.693,0,0,0,0,0,0,0,0,0,1,0,1,0
72562641,KSP0900,20-778693,20201109,400,,,KY122,,,KY0122,KY0122,0,098 KY-122,KY0122,N,N,NULL,NULL,NULL,N,NULL,NULL,NULL,NULL,NULL,NULL,3.972,NULL,NULL,NULL,NULL,,NULL,0,0,1,1,N,N,45,NULL,98,9827,NULL,,Y,37.34018,37,20.411,NULL,-82.60725,82,36.435,NULL,N,NULL,NULL,NULL,NULL,NULL,NULL,NULL,NULL,9,97,2,6,1,1,2,6,5,3,N,NULL,Y,Y,400,425,400,Y,NULL,40,,0,Y,,N,N,098-KY-0122-0,NULL,NULL,2020,O,7.25626E+11,098-KY-0122  -000,HIGH,098-KY-0122  -000,3.972,0,0,0,0,0,0,0,0,1,1,0,1,0
72518063,980100,2.02E+11,20200704,2243,,,BYPASS,S,RD,KY1426,KY1426,,,,N,N,NULL,NULL,NULL,N,NULL,NULL,NULL,NULL,NULL,NULL,5.892,NULL,NULL,NULL,NULL,,NULL,0,0,3,3,N,N,45,NULL,98,9801,NULL,,Y,37.47436,37,28.461,NULL,-82.51974,82,31.184,NULL,N,NULL,NULL,NULL,NULL,NULL,NULL,NULL,NULL,5,3,2,6,1,1,3,5,7,3,N,NULL,Y,N,2243,2247,2314,N,NULL,70,,0,N,,N,N,,NULL,NULL,2020,O,7.25181E+11,098-KY-1426  -000,HIGH,098-KY-1426  -000,5.892,0,0,1,0,0,0,1,0,0,0,0,0,0
72597655,KSP0900,21-67651,20210220,847,,,US23,,,US0023,US0023,0,098 US-23-10,US0023,N,N,NULL,NULL,NULL,N,NULL,NULL,NULL,NULL,NULL,NULL,29.055,NULL,NULL,NULL,NULL,,NULL,0,0,2,2,Y,N,55,NULL,98,9807,NULL,,Y,37.52429,37,31.457,NULL,-82.57296,82,34.377,NULL,N,NULL,NULL,NULL,NULL,NULL,NULL,NULL,NULL,8,3,4,6,1,1,2,2,7,3,N,NULL,Y,N,847,948,,N,NULL,53,,1,N,,N,N,098-US-0023-10,NULL,NULL,2021,O,7.25977E+11,098-US-0023  -010,HIGH,098-US-0023  -000,29.055,0,1,0,0,0,0,0,0,0,0,0,1,0
72580336,KSP0900,2020-734907,20201009,2000,,,DORTON HILL,,RD,,,0,098 CR-1929,CR1929,N,N,NULL,NULL,NULL,N,NULL,NULL,NULL,NULL,NULL,NULL,0.124,NULL,NULL,NULL,NULL,,NULL,1,0,1,1,N,N,35,NULL,98,9809,NULL,,Y,37.29828,37,17.897,NULL,-82.54679,82,32.807,NULL,N,NULL,NULL,NULL,NULL,NULL,NULL,NULL,NULL,9,3,1,6,3,5,6,5,7,3,Y,NULL,N,N,2000,2045,,N,NULL,70,,,N,,N,N,098-CR-1929-0,NULL,NULL,2020,B,7.25803E+11,098-CR-1929  -000,HIGH,098-CR-1929  -000,0.124,0,0,1,0,0,0,0,0,0,0,0,1,0
72475724,KSP0900,20-5306,20200209,2052,,,TOM ADKINS,,RD,,,0,098 CR-1267P,CR1267P,N,N,NULL,NULL,NULL,N,NULL,NULL,NULL,NULL,NULL,NULL,0.702,NULL,NULL,NULL,NULL,,NULL,0,0,1,1,N,N,45,NULL,98,9801,NULL,,Y,37.42677,37,25.606,NULL,-82.47742,82,28.645,NULL,N,NULL,NULL,NULL,NULL,NULL,NULL,NULL,NULL,9,5,1,1,1,5,10,6,7,3,N,NULL,Y,N,2056,2121,2056,N,NULL,51,,,N,,N,N,098-CR-1267P-0,NULL,NULL,2020,O,7.24757E+11,098-CR-1267P -000,HIGH,098-CR-1267P -000,0.702,0,0,0,0,0,0,0,0,0,0,0,1,0
72495218,980100,2.02E+11,20200417,1005,,,CASSIDY,,BLVD,,,,,,Y,N,NULL,NULL,NULL,N,NULL,NULL,NULL,NULL,NULL,NULL,0.289,NULL,NULL,NULL,NULL,,NULL,0,0,2,2,N,N,15,NULL,98,9801,NULL,,Y,37.50497,37,30.298,NULL,-82.53661,82,32.197,NULL,N,NULL,NULL,NULL,NULL,NULL,NULL,NULL,NULL,2,97,1,6,1,1,2,2,1,3,N,NULL,Y,N,1005,1010,1010,N,NULL,90,,,N,,N,N,,NULL,NULL,2020,O,7.24952E+11,098-CS-1191  -000,MEDIUM,098-CS-1191  -000,0.289,0,0,0,1,0,0,1,0,0,0,0,0,0
72610644,980000,21-04-001,20210405,1115,,,KY194,,,KY0194,KY0194,0,098 KY-194,KY0194,N,N,NULL,NULL,NULL,N,NULL,NULL,NULL,NULL,NULL,NULL,60.493,NULL,NULL,NULL,NULL,,NULL,0,0,2,2,N,N,35,NULL,98,9811,NULL,,Y,37.56506,37,33.904,NULL,-82.1444,82,8.664,NULL,N,NULL,NULL,NULL,NULL,NULL,NULL,NULL,NULL,7,3,2,1,1,1,2,2,7,3,N,NULL,Y,Y,1128,1156,1156,N,NULL,54,7,0,N,,N,N,098-KY-0194-0,NULL,NULL,2021,O,7.26106E+11,098-KY-0194  -000,HIGH,098-KY-0194  -000,60.493,0,0,0,0,0,0,0,0,0,0,0,1,0
72599422,980500,2021AR008,20210302,1655,,,US 23 NORTH,,,,,,,,N,N,NULL,NULL,NULL,N,NULL,NULL,NULL,NULL,NULL,NULL,NULL,NULL,NULL,NULL,NULL,NULL,NULL,0,0,2,2,N,N,45,NULL,98,9807,NULL,,Y,37.51914,37,31.148,NULL,-82.56599,82,33.959,NULL,N,NULL,NULL,NULL,NULL,NULL,NULL,NULL,NULL,1,3,6,6,1,1,2,2,7,3,N,NULL,Y,Y,1655,1650,1741,N,NULL,55,,,N,,N,N,,NULL,NULL,2021,O,7.25994E+11,098-CS-3006  -000,MEDIUM,098-CS-3006  -000,0.003,0,0,0,0,0,0,1,1,0,0,0,0,0
72550708,980000,20-10-001,20201006,1215,,1471,SHELBIANA,,RD,US0460,US0460,0,098 US-460,US0460,N,N,NULL,NULL,NULL,N,NULL,NULL,NULL,NULL,NULL,NULL,0.801,NULL,NULL,NULL,NULL,,NULL,1,0,2,2,N,N,55,NULL,98,9824,7,E,N,37.43292,37,25.975,NULL,-82.50616,82,30.369,NULL,N,NULL,NULL,NULL,NULL,NULL,NULL,NULL,NULL,5,3,2,6,1,1,2,2,7,3,Y,NULL,N,Y,1235,1235,1305,N,NULL,49,,1,N,,N,N,098-US-0460-0,NULL,NULL,2020,B,7.25507E+11,098-US-0460  -000,HIGH,098-US-0460  -000,0.801,0,0,0,0,0,0,1,0,0,0,0,0,0
72504942,KSP0900,20-19307,20200523,1334,,,US23,,,US0023,US0023,0,098 US-23-10,US0023,Y,N,NULL,NULL,NULL,N,NULL,NULL,NULL,NULL,NULL,NULL,28.714,NULL,NULL,NULL,NULL,,NULL,0,0,2,2,N,N,15,NULL,98,9807,NULL,,Y,37.51998,37,31.199,NULL,-82.56895,82,34.137,NULL,N,NULL,NULL,NULL,NULL,NULL,NULL,NULL,NULL,6,97,1,6,1,1,2,2,1,3,N,NULL,Y,N,133,1342,,N,NULL,90,,1,N,,N,N,098-US-0023-10,NULL,NULL,2020,O,7.25049E+11,098-US-0023  -010,HIGH,098-US-0023  -000,28.714,0,0,0,0,0,0,1,0,0,0,0,0,0
72519240,KSP0900,20-578422,20200702,1300,,,KY194,,,KY0194,KY0194,0,098 KY-194,KY0194,N,N,NULL,NULL,NULL,N,NULL,NULL,NULL,NULL,NULL,NULL,56.228,NULL,NULL,NULL,NULL,,NULL,1,0,2,2,N,N,35,NULL,98,9804,NULL,,Y,37.52529,37,31.518,NULL,-82.16125,82,9.675,NULL,N,NULL,NULL,NULL,NULL,NULL,NULL,NULL,NULL,5,3,2,3,1,1,2,2,7,3,Y,NULL,Y,N,1300,1335,1355,N,NULL,49,7,0,N,,N,N,098-KY-0194-0,NULL,NULL,2020,C,7.25192E+11,098-KY-0194  -000,HIGH,098-KY-0194  -000,56.228,0,0,0,1,0,0,0,1,0,0,0,0,0
72616348,980100,2.021E+11,20210406,1642,,,2ND,,ST,,,,,,N,N,NULL,NULL,NULL,N,NULL,NULL,NULL,NULL,NULL,NULL,0.406,NULL,NULL,NULL,NULL,,NULL,0,0,2,2,N,Y,25,NULL,98,9801,NULL,,Y,37.4784,37,28.704,NULL,-82.51924,82,31.154,NULL,N,NULL,NULL,NULL,NULL,NULL,NULL,NULL,NULL,2,3,1,6,1,1,2,2,1,3,N,NULL,Y,N,1642,1645,1645,N,NULL,56,,,N,,N,N,,NULL,NULL,2021,O,7.26163E+11,098-CS-1117  -000,LOW,098-CS-1117  -000,0.406,0,0,0,1,0,0,1,0,0,0,0,0,0
72494120,980500,2020AR023,20200413,1454,,3960,MAYO TRAIL,N,,,,0,098 US-23,US0023,Y,N,NULL,NULL,NULL,N,NULL,NULL,NULL,NULL,NULL,NULL,NULL,NULL,NULL,NULL,NULL,NULL,NULL,0,0,2,2,N,N,15,NULL,98,9807,NULL,,Y,37.5212,37,31.272,NULL,-82.56808,82,34.085,NULL,N,NULL,NULL,NULL,NULL,NULL,NULL,NULL,NULL,2,97,4,5,1,1,3,2,1,3,N,NULL,Y,N,1457,1459,1459,N,NULL,90,,,N,,N,N,098-US-0023-0,NULL,NULL,2020,O,7.24941E+11,098-US-0023  -000,HIGH,098-US-0023  -000,28.714,0,0,0,0,0,0,1,0,0,0,0,0,0
72477167,980100,2.02E+11,20200216,1844,,,US23,,,US0023,US0023,0,098 US-23,US0023,N,N,NULL,NULL,NULL,N,NULL,NULL,NULL,NULL,NULL,NULL,22.961,NULL,NULL,NULL,NULL,,NULL,0,0,2,2,N,N,55,NULL,98,9801,NULL,,Y,37.46554,37,27.932,NULL,-82.52631,82,31.578,NULL,N,NULL,NULL,NULL,NULL,NULL,NULL,NULL,NULL,8,3,4,6,1,1,2,7,1,3,N,NULL,Y,N,1844,1848,1848,N,NULL,53,,1,N,,N,N,098-US-0023-0,NULL,NULL,2020,O,7.24772E+11,098-US-0023  -000,HIGH,098-US-0023  -000,22.961,0,0,1,0,0,0,0,1,0,0,0,1,0
72572754,KSP0900,20-790959,20201117,640,,,KY194,,,KY0194,KY0194,0,098 KY-194,KY0194,N,Y,MIDDLE ELK,,RD,N,NULL,NULL,NULL,NULL,NULL,NULL,70.407,NULL,NULL,NULL,NULL,,NULL,2,0,2,2,N,N,35,NULL,98,9825,NULL,,Y,37.49345,37,29.607,NULL,-82.05659,82,3.395,NULL,N,NULL,NULL,NULL,NULL,NULL,NULL,NULL,NULL,1,3,2,3,1,1,2,6,7,3,Y,NULL,Y,Y,640,720,720,N,NULL,10,7,0,N,,N,N,098-KY-0194-0,NULL,NULL,2020,B,7.25728E+11,098-KY-0194  -000,HIGH,098-KY-0194  -000,70.407,0,0,0,1,0,0,0,0,0,0,1,0,0
72584124,980100,2.021E+11,20210113,1637,,,HAMBLEY,,BLVD,,,0,098 CS-1222,CS1222,N,N,NULL,NULL,NULL,N,NULL,NULL,NULL,NULL,NULL,NULL,1.311,NULL,NULL,NULL,NULL,,NULL,0,0,2,2,N,N,35,NULL,98,9801,NULL,,Y,37.48487,37,29.092,NULL,-82.52714,82,31.628,NULL,N,NULL,NULL,NULL,NULL,NULL,NULL,NULL,NULL,4,3,2,6,1,1,2,2,6,3,N,NULL,Y,N,1639,1642,1642,N,NULL,70,,,N,,N,N,098-CS-1222-0,NULL,NULL,2021,O,7.25841E+11,098-CS-1222  -000,MEDIUM,098-CS-1222  -000,1.311,0,0,0,1,0,0,1,0,0,0,0,0,0
72603675,980100,2.021E+11,20210312,1642,,,US23,,,US0023,US0023,,,,N,N,NULL,NULL,NULL,N,NULL,NULL,NULL,NULL,NULL,NULL,26.235,NULL,NULL,NULL,NULL,,NULL,0,0,2,2,Y,N,55,NULL,98,9801,NULL,,Y,37.50296,37,30.178,NULL,-82.53206,82,31.923,NULL,N,NULL,NULL,NULL,NULL,NULL,NULL,NULL,NULL,5,3,4,6,1,1,3,2,7,3,N,NULL,Y,N,1642,1649,1649,N,NULL,70,,1,Y,,N,N,,NULL,NULL,2021,O,7.26037E+11,098-US-0023  -000,MEDIUM,098-US-0023  -000,26.235,0,0,0,0,0,0,1,0,0,0,0,0,0
72578354,KSP0900,20-841813,20201224,1035,,,US23,,,US0023,US0023,0,098 US-23,US0023,N,N,NULL,NULL,NULL,N,NULL,NULL,NULL,NULL,NULL,NULL,18.245,NULL,NULL,NULL,NULL,,NULL,0,0,1,1,N,N,55,NULL,98,9801,0.1,S,N,37.43246,37,25.948,NULL,-82.51452,82,30.871,NULL,N,NULL,NULL,NULL,NULL,NULL,NULL,NULL,NULL,9,5,4,4,1,5,6,2,1,3,N,NULL,Y,N,1035,1035,,N,NULL,44,,1,N,,N,N,098-US-0023-0,NULL,NULL,2020,O,7.25784E+11,098-US-0023  -000,HIGH,098-US-0023  -000,18.245,0,0,0,0,0,0,0,0,0,0,0,1,0
72557145,KSP0900,20-709461,20200922,700,,,KY881,,,KY0881,KY0881,0,098 KY-881,KY0881,N,N,NULL,NULL,NULL,N,NULL,NULL,NULL,NULL,NULL,NULL,1.569,NULL,NULL,NULL,NULL,,NULL,1,0,1,1,N,N,55,NULL,98,9820,NULL,,Y,37.59319,37,35.591,NULL,-82.39259,82,23.555,NULL,N,NULL,NULL,NULL,NULL,NULL,NULL,NULL,NULL,9,6,2,4,1,1,3,2,7,3,Y,NULL,Y,Y,700,725,800,N,NULL,44,8,0,N,,N,N,098-KY-0881-0,NULL,NULL,2020,B,7.25571E+11,098-KY-0881  -000,HIGH,098-KY-0881  -000,1.569,0,0,0,0,0,0,1,0,0,0,0,1,0
72552293,980100,2.02E+11,20201013,1505,,,US23,,,US0023,US0023,0,098 US-23-10,US0023,N,N,NULL,NULL,NULL,N,NULL,NULL,NULL,NULL,NULL,NULL,26.259,NULL,NULL,NULL,NULL,,NULL,0,0,2,2,N,N,55,NULL,98,9801,NULL,,Y,37.50332,37,30.199,NULL,-82.53231,82,31.939,NULL,N,NULL,NULL,NULL,NULL,NULL,NULL,NULL,NULL,8,3,4,6,1,1,2,2,7,3,N,NULL,Y,N,1505,1509,,N,NULL,53,,1,N,,N,N,098-US-0023-10,NULL,NULL,2020,O,7.25523E+11,098-US-0023  -010,HIGH,098-US-0023  -000,26.259,0,0,0,0,0,0,0,0,0,0,0,1,0
72494410,KSP0900,20-13937,20200415,630,,,US119,,,US0119,US0119,0,098 US-119,US0119,N,N,NULL,NULL,NULL,N,NULL,NULL,NULL,NULL,NULL,NULL,18.228,NULL,NULL,NULL,NULL,,NULL,0,0,1,1,N,N,55,NULL,98,9814,NULL,,Y,37.5955,37,35.73,NULL,-82.28446,82,17.068,NULL,N,NULL,NULL,NULL,NULL,NULL,NULL,NULL,NULL,9,3,2,1,1,5,3,6,7,3,N,NULL,Y,N,630,715,715,N,NULL,38,2,1,N,,N,N,098-US-0119-0,NULL,NULL,2020,O,7.24944E+11,098-US-0119  -000,HIGH,098-US-0119  -000,18.228,0,0,1,0,0,0,0,0,0,0,0,0,0
72515043,980100,2.02E+11,20200617,1400,,,US23,,,US0023,US0023,,,,N,N,NULL,NULL,NULL,N,NULL,NULL,NULL,NULL,NULL,NULL,20.596,NULL,NULL,NULL,NULL,,NULL,0,0,2,2,N,N,55,NULL,98,9801,NULL,,Y,37.4433,37,26.598,NULL,-82.51921,82,31.153,NULL,N,NULL,NULL,NULL,NULL,NULL,NULL,NULL,NULL,8,3,4,3,1,1,2,2,7,3,N,NULL,Y,N,1400,1408,,N,NULL,53,,1,N,,N,N,,NULL,NULL,2020,O,7.2515E+11,098-US-0023  -010,MEDIUM,098-US-0023  -000,20.596,0,0,0,0,0,0,1,0,0,0,0,1,0
72614832,980100,2.021E+11,20210417,1705,,,MAYO,N,TRL,US0023,US0023,0,098 US-23-10,US0023,N,N,NULL,NULL,NULL,N,NULL,NULL,NULL,NULL,NULL,NULL,31.792,NULL,NULL,NULL,NULL,,NULL,0,0,2,2,N,N,55,NULL,98,9801,NULL,,Y,37.53728,37,32.237,NULL,-82.60504,82,36.302,NULL,N,NULL,NULL,NULL,NULL,NULL,NULL,NULL,NULL,1,3,4,6,1,1,3,2,7,3,N,NULL,Y,N,1705,1719,1719,N,NULL,55,,1,N,,N,N,098-US-0023-10,NULL,NULL,2021,O,7.26148E+11,098-US-0023  -010,HIGH,098-US-0023  -000,31.792,0,0,0,1,0,0,1,1,0,0,0,0,0
72551566,370200,2020-719233,20200929,937,,,ELKHORN,,CRK,KY0197,KY0197,0,098 KY-197,KY0197,N,N,NULL,NULL,NULL,N,NULL,NULL,NULL,NULL,NULL,NULL,8.638,NULL,NULL,NULL,NULL,,NULL,0,0,3,3,N,N,55,NULL,98,9802,NULL,,Y,37.26404,37,15.842,NULL,-82.44948,82,26.969,NULL,N,NULL,NULL,NULL,NULL,NULL,NULL,NULL,NULL,5,3,2,6,1,5,3,2,7,3,N,NULL,Y,N,945,1020,1032,N,NULL,49,7,0,N,,N,N,098-KY-0197-0,NULL,NULL,2020,O,7.25516E+11,098-KY-0197  -000,HIGH,098-KY-0197  -000,8.638,0,0,0,0,0,0,1,0,0,0,0,0,0
72517512,980100,2.02E+11,20200702,2320,,,US23,,,US0023,US0023,,,,N,N,NULL,NULL,NULL,N,NULL,NULL,NULL,NULL,NULL,NULL,18.558,NULL,NULL,NULL,NULL,,NULL,0,0,1,1,N,N,55,NULL,98,9801,NULL,,Y,37.43636,37,26.181,NULL,-82.51183,82,30.709,NULL,N,NULL,NULL,NULL,NULL,NULL,NULL,NULL,NULL,9,3,4,6,2,1,2,6,7,3,N,NULL,Y,N,2320,2326,2326,N,NULL,38,,1,N,,N,N,,NULL,NULL,2020,O,7.25175E+11,098-US-0023  -010,MEDIUM,098-US-0023  -000,18.558,0,0,0,0,0,0,0,0,0,0,0,0,0