MasterFile,AgencyORINumber,LocalCode,CollisionDate,CollisionTime,CollisionDayWeekCode,RoadwayName_HouseBusinessNumber_,RoadwayName_RoadwayName_,RoadwayName_Direction_,RoadwayName_RoadwaySuffix_,RoadwayfromReport,CurrentRoadwayNumber,RoadwayNumberCoupletID,RSEUniqueGIS,RoadwayIdentifier,ParkingLotIndicator,IntersectionWith_Indicator_,IntersectionWith_NameRoadway_,IntersectionWith_Direction_,IntersectionWith_RoadwaySuffix_,BetweenStreets_Indicator_,BetweenStreets1_NameRoadway_,BetweenStreet1_Direction_,BetweenStreets1_RoadwaySuffix_,BetweenStreets2_NameRoadway_,BetweenStreets2_Direction_,BetweenStreets2_RoadwaySuffix_,Milepoint,ReportMilepointDeriveNumber,CurrentDerivedMiepointNumber,MilestoMilepoint,FeettoMilepoint,DirectionfromMilepoint_NSEW_,ValidMilepointIndicator,NumberInjured,NumberKilled,ofUnits,ofMotorVehicleUnits,Hit&RunIndicator,OneWayIndicator,SpeedLimitNumber,KilometersIndicator,CountyCode,CityCountyCode,MilesFromCity,DirectionFromCity_NSEW_,InCityLimitsIndicator,Latitude,LatitudeDegrees,LatitudeMinutes,LatitudeSeconds,Longitude,LongitudeDegrees,LongitudeMinutes,LongitudeSeconds,RampIndicator,RampFromIdentifier,RampFromDirCode,RampFromCoupletID,RSEUniqueGISRampFrom,RampToidentifier,RampToDirCode,RampToCoupletID,RSEUniqueGisRampTo,MannerofCollisionCode,LocationFirstEventCode,TotalLanes,RoadwayCharacterCode,RoadwaySurfaceCode,RoadwayConditionCode,WeatherCode,LightConditionCode,LandUseCode,SchoolBusRelatedCode,FirstAidSceneIndicator,CollDescPresentInd,InvestigationCompleteIndicator,PhotosTakenIndicator,TimeNotified,TimeArrived,TimeRoadwayOpened,PropertyDamageIndicator,DiagramPresentIndicator,DirectionalAnalysis,FunctionClassCode,NationalHwySysCode,EnforcementsIndicator,KARSCityCode,SecondaryCollisionIndicator,MedianCrossoverIndicator,RT_UNIQUE,MapIt,TimeLastLeft,YR,KABCO,MFNY,WorkingRID,RT_CONFIDENCE,KTC_RT,KTC_MP,Motorcyclist,CommercialVehicle,YoungDriver,MatureDriver,pedestrian,Bicyclist,Distracted,agressive,Impaired,Unrestrained,Intersection,RoadwayDeparture,MedXover
72595260,980100,2.021E+11,20210213,1855,,,US23,,,US0023,US0023,0,098 US-23,US0023,N,N,NULL,NULL,NULL,N,NULL,NULL,NULL,NULL,NULL,NULL,27.463,NULL,NULL,NULL,NULL,,NULL,0,0,2,2,N,N,55,NULL,98,9807,NULL,,Y,37.51139,37,30.684,NULL,-82.55019,82,33.011,NULL,N,NULL,NULL,NULL,NULL,NULL,NULL,NULL,NULL,8,3,4,6,1,5,3,7,7,3,N,NULL,Y,N,1855,1901,,N,NULL,53,,1,N,,N,N,098-US-0023-0,NULL,NULL,2021,O,7.25953E+11,098-US-0023  -000,HIGH,098-US-0023  -000,27.463,0,0,0,0,0,0,1,0,0,0,0,1,0
72510206,KSP0900,20-21194,20200604,1900,,,MAIN,,ST,,,0,098 CS-3000,CS3000,N,N,NULL,NULL,NULL,N,NULL,NULL,NULL,NULL,NULL,NULL,0.52,NULL,NULL,NULL,NULL,,NULL,0,0,1,1,N,N,25,NULL,98,9807,NULL,,Y,37.51949,37,31.17,NULL,-82.56718,82,34.031,NULL,N,NULL,NULL,NULL,NULL,NULL,NULL,NULL,NULL,9,7,2,6,1,1,2,3,7,3,N,NULL,N,N,1900,1930,,N,NULL,40,,,N,,N,N,098-CS-3000-0,NULL,NULL,2020,O,7.25102E+11,098-CS-3000  -000,HIGH,098-CS-3000  -000,0.52,0,0,0,0,0,0,1,0,0,0,0,1,0
72502004,KSP0900,20-17631,20200511,1530,,,LEFT FORK ISLAND,,CRK,,,0,098 CR-1233Q3,CR1233Q3,N,N,NULL,NULL,NULL,N,NULL,NULL,NULL,NULL,NULL,NULL,0.644,NULL,NULL,NULL,NULL,,NULL,0,0,1,1,N,Y,55,NULL,98,9801,NULL,,Y,37.43362,37,26.018,NULL,-82.56531,82,33.918,NULL,N,NULL,NULL,NULL,NULL,NULL,NULL,NULL,NULL,9,3,2,6,1,1,2,2,7,3,N,NULL,N,N,1530,1545,1545,N,NULL,70,,,N,,N,N,098-CR-1233Q3-0,NULL,NULL,2020,O,7.2502E+11,098-CR-1233Q3-000,HIGH,098-CR-1233Q3-000,0.644,0,0,1,0,0,0,0,0,0,0,0,1,0
72530895,KSP0900,20-595273,20200711,1720,,,US23,,,US0023,US0023,0,098 US-23-10,US0023,N,N,NULL,NULL,NULL,N,NULL,NULL,NULL,NULL,NULL,NULL,29.035,NULL,NULL,NULL,NULL,,NULL,0,0,2,2,N,N,55,NULL,98,9807,NULL,,Y,37.52414,37,31.448,NULL,-82.57253,82,34.352,NULL,N,NULL,NULL,NULL,NULL,NULL,NULL,NULL,NULL,8,3,4,6,1,1,2,2,7,3,N,NULL,N,N,1720,1742,,N,NULL,53,,1,N,,N,N,098-US-0023-10,NULL,NULL,2020,O,7.25309E+11,098-US-0023  -010,HIGH,098-US-0023  -000,29.035,0,0,0,0,0,0,1,0,0,0,0,1,0
72563789,980100,2.02E+11,20201111,1026,,,US23,,,US0023,US0023,0,098 US-23,US0023,N,N,NULL,NULL,NULL,N,NULL,NULL,NULL,NULL,NULL,NULL,32.709,NULL,NULL,NULL,NULL,,NULL,0,0,1,1,N,N,55,NULL,98,9801,NULL,,Y,37.53294,37,31.976,NULL,-82.61878,82,37.127,NULL,N,NULL,NULL,NULL,NULL,NULL,NULL,NULL,NULL,9,5,4,6,1,5,6,2,7,3,N,NULL,Y,N,1026,1035,1035,N,NULL,44,,1,N,,N,N,098-US-0023-0,NULL,NULL,2020,O,7.25638E+11,098-US-0023  -000,HIGH,098-US-0023  -000,32.709,0,0,0,0,0,0,0,0,0,0,0,1,0
72574466,980100,2.02E+11,20201212,1515,,,KY3496,,,KY3496,KY3496,,,,N,N,NULL,NULL,NULL,N,NULL,NULL,NULL,NULL,NULL,NULL,0.106,NULL,NULL,NULL,NULL,,NULL,3,0,2,2,N,N,35,NULL,98,9801,NULL,,Y,37.46598,37,27.959,NULL,-82.52962,82,31.778,NULL,N,NULL,NULL,NULL,NULL,NULL,NULL,NULL,NULL,1,3,2,6,1,5,6,2,1,3,N,NULL,Y,Y,1515,1522,,Y,NULL,55,16,0,N,,N,N,,NULL,NULL,2020,B,7.25745E+11,098-KY-3496  -000,HIGH,098-KY-3496  -000,0.106,0,0,0,1,0,0,1,1,0,0,0,1,0
72579038,KSP0900,20-836690,20201220,1729,,3889,US23,,,US0023,US0023,0,098 US-23,US0023,N,N,NULL,NULL,NULL,N,NULL,NULL,NULL,NULL,NULL,NULL,28.692,NULL,NULL,NULL,NULL,,NULL,0,0,2,2,N,N,45,NULL,98,9807,NULL,,Y,37.52053,37,31.232,NULL,-82.56835,82,34.101,NULL,N,NULL,NULL,NULL,NULL,NULL,NULL,NULL,NULL,1,3,4,6,1,1,2,6,3,3,N,NULL,Y,N,1733,1751,,N,NULL,55,,1,N,,N,N,098-US-0023-0,NULL,NULL,2020,O,7.2579E+11,098-US-0023  -000,HIGH,098-US-0023  -000,28.692,0,0,0,1,0,0,1,1,0,0,0,0,0
72622301,980100,2.021E+11,20210507,1426,,,CASSIDY,,BLVD,,,0,098 CS-1191,CS1191,Y,N,NULL,NULL,NULL,N,NULL,NULL,NULL,NULL,NULL,NULL,0.281,NULL,NULL,NULL,NULL,,NULL,0,0,2,2,N,N,15,NULL,98,9801,NULL,,Y,37.50494,37,30.296,NULL,-82.53646,82,32.188,NULL,N,NULL,NULL,NULL,NULL,NULL,NULL,NULL,NULL,6,97,1,6,1,1,2,2,1,3,N,NULL,Y,N,1426,1439,1439,N,NULL,90,,,N,,N,N,098-CS-1191-0,NULL,NULL,2021,O,7.26223E+11,098-CS-1191  -000,HIGH,098-CS-1191  -000,0.281,0,0,0,1,0,0,1,0,0,0,0,0,0
72573587,980000,20-12-001,20201202,1900,,,KY1506,,,KY1506,KY1506,0,098 KY-1506,KY1506,N,N,NULL,NULL,NULL,N,NULL,NULL,NULL,NULL,NULL,NULL,0.066,NULL,NULL,NULL,NULL,,NULL,0,0,2,2,N,N,35,NULL,98,9834,NULL,,Y,37.66879,37,40.127,NULL,-82.27658,82,16.595,NULL,N,NULL,NULL,NULL,NULL,NULL,NULL,NULL,NULL,4,3,2,6,1,1,2,6,7,3,N,NULL,Y,Y,1630,1645,1730,N,NULL,70,9,0,N,,N,N,098-KY-1506-0,NULL,NULL,2020,O,7.25736E+11,098-KY-1506  -000,HIGH,098-KY-1506  -000,0.066,0,0,1,0,0,0,1,0,0,0,0,0,0
72577912,KSP0900,20-830816,20201216,1317,,,US460,,,US0460,US0460,0,098 US-460,US0460,N,N,NULL,NULL,NULL,N,NULL,NULL,NULL,NULL,NULL,NULL,6.415,NULL,NULL,NULL,NULL,,NULL,1,0,1,1,N,N,55,NULL,98,9824,NULL,,Y,37.3979,37,23.874,NULL,-82.4332,82,25.992,NULL,N,NULL,NULL,NULL,NULL,NULL,NULL,NULL,NULL,9,3,2,6,1,5,6,2,7,3,N,NULL,Y,Y,1317,1322,1400,N,NULL,44,,1,N,,N,N,098-US-0460-0,NULL,NULL,2020,B,7.25779E+11,098-US-0460  -000,HIGH,098-US-0460  -000,6.415,0,0,0,1,0,0,0,0,0,0,0,1,0
72565729,980100,2.02E+11,20201111,1054,,,US23,,,US0023,US0023,,,,N,Y,CASSIDY,,BLVD,N,NULL,NULL,NULL,NULL,NULL,NULL,26.292,NULL,NULL,NULL,NULL,,NULL,2,0,2,2,N,N,55,NULL,98,9801,NULL,,Y,37.50376,37,30.226,NULL,-82.53237,82,31.942,NULL,N,NULL,NULL,NULL,NULL,NULL,NULL,NULL,NULL,5,3,4,6,1,5,6,2,7,3,Y,NULL,Y,Y,1054,1055,,N,NULL,35,,1,N,,N,N,,NULL,NULL,2020,C,7.25657E+11,098-US-0023  -010,MEDIUM,098-US-0023  -000,26.292,0,1,0,0,0,0,0,1,0,0,1,0,0
72513711,980100,2.02E+11,20200621,1556,,,CASSIDY,,BLVD,,,0,098 CS-1191,CS1191,Y,N,NULL,NULL,NULL,N,NULL,NULL,NULL,NULL,NULL,NULL,0.348,NULL,NULL,NULL,NULL,,NULL,1,0,1,1,N,N,10,NULL,98,9801,NULL,,Y,37.50529,37,30.317,NULL,-82.53791,82,32.275,NULL,N,NULL,NULL,NULL,NULL,NULL,NULL,NULL,NULL,9,97,NULL,4,1,5,6,2,1,3,N,NULL,Y,Y,1557,1601,1601,N,NULL,90,,,N,,N,N,098-CS-1191-0,NULL,NULL,2020,B,7.25137E+11,098-CS-1191  -000,HIGH,098-CS-1191  -000,0.348,0,0,0,0,0,0,0,0,0,0,0,1,0
72524807,KSP0900,20-618766,20200725,2343,,,KY194,,,KY0194,KY0194,0,098 KY-194,KY0194,N,N,NULL,NULL,NULL,N,NULL,NULL,NULL,NULL,NULL,NULL,26.695,NULL,NULL,NULL,NULL,,NULL,0,0,1,1,N,N,55,NULL,98,9817,NULL,,Y,37.49728,37,29.837,NULL,-82.34964,82,20.978,NULL,N,NULL,NULL,NULL,NULL,NULL,NULL,NULL,NULL,9,3,2,5,1,1,2,6,7,3,N,NULL,Y,N,2343,17,17,N,NULL,70,7,0,N,,N,N,098-KY-0194-0,NULL,NULL,2020,O,7.25248E+11,098-KY-0194  -000,HIGH,098-KY-0194  -000,26.695,0,0,0,0,0,0,0,0,0,0,0,0,0
72521637,980100,2.02E+11,20200714,1423,,254,CASSIDY,,BLVD,,,0,098 CS-1191,CS1191,Y,N,NULL,NULL,NULL,N,NULL,NULL,NULL,NULL,NULL,NULL,0.043,NULL,NULL,NULL,NULL,,NULL,0,0,2,2,N,N,15,NULL,98,9801,NULL,,Y,37.50369,37,30.222,NULL,-82.53286,82,31.972,NULL,N,NULL,NULL,NULL,NULL,NULL,NULL,NULL,NULL,2,97,1,6,1,1,2,2,1,3,N,NULL,Y,N,1322,1328,1328,N,NULL,90,,,N,,N,N,098-CS-1191-0,NULL,NULL,2020,O,7.25216E+11,098-CS-1191  -000,HIGH,098-CS-1191  -000,0.043,0,0,0,0,0,0,1,0,0,0,0,0,0
72529080,980000,20-08-001,20200803,1600,,,US460,,,US0460,US0460,0,098 US-460,US0460,N,N,NULL,NULL,NULL,N,NULL,NULL,NULL,NULL,NULL,NULL,0.214,NULL,NULL,NULL,NULL,,NULL,0,0,2,2,N,N,55,NULL,98,9801,NULL,,Y,37.43943,37,26.366,NULL,-82.50932,82,30.559,NULL,N,NULL,NULL,NULL,NULL,NULL,NULL,NULL,NULL,8,3,2,6,1,1,2,2,7,3,N,NULL,Y,Y,1630,1630,1700,N,NULL,53,,1,N,,N,N,098-US-0460-0,NULL,NULL,2020,O,7.25291E+11,098-US-0460  -000,HIGH,098-US-0460  -000,0.214,0,0,0,1,0,0,1,0,0,0,0,1,0
72563809,980500,2020AR061,20201111,1644,,255,WEDDINGTON BRANCH,,RD,,,0,098 CS-3026,CS3026,Y,N,NULL,NULL,NULL,N,NULL,NULL,NULL,NULL,NULL,NULL,NULL,NULL,NULL,NULL,NULL,NULL,NULL,0,0,2,2,N,N,15,NULL,98,9807,NULL,,Y,37.52553,37,31.532,NULL,-82.56886,82,34.131,NULL,N,NULL,NULL,NULL,NULL,NULL,NULL,NULL,NULL,2,97,NULL,6,1,5,6,2,1,3,N,NULL,Y,Y,1644,1648,1648,N,NULL,90,,,N,,N,N,098-CS-3026-0,NULL,NULL,2020,O,7.25638E+11,098-CS-3026  -000,HIGH,098-CS-3026  -000,0.238,0,0,0,0,0,0,1,0,0,0,0,0,0
72561462,980100,2.02E+11,20201105,819,,,US23,,,US0023,US0023,0,098 US-23,US0023,N,N,NULL,NULL,NULL,N,NULL,NULL,NULL,NULL,NULL,NULL,27.311,NULL,NULL,NULL,NULL,,NULL,0,0,2,2,N,N,55,NULL,98,9801,NULL,,Y,37.5107,37,30.642,NULL,-82.54745,82,32.847,NULL,N,NULL,NULL,NULL,NULL,NULL,NULL,NULL,NULL,5,3,4,6,1,1,3,2,7,3,N,NULL,Y,N,819,822,,N,NULL,49,,1,N,,N,N,098-US-0023-0,NULL,NULL,2020,O,7.25615E+11,098-US-0023  -000,HIGH,098-US-0023  -000,27.311,0,0,0,0,0,0,1,0,0,0,0,0,0
72624488,KSP0900,21-194147,20210513,2200,,,US460,,,US0460,US0460,0,098 US-460,US0460,N,N,NULL,NULL,NULL,N,NULL,NULL,NULL,NULL,NULL,NULL,0.6,NULL,NULL,NULL,NULL,,NULL,1,0,1,1,N,N,45,NULL,98,9801,NULL,,Y,37.43502,37,26.101,NULL,-82.5085,82,30.51,NULL,N,NULL,NULL,NULL,NULL,NULL,NULL,NULL,NULL,9,3,2,6,1,1,2,5,7,3,Y,NULL,Y,Y,2200,2200,2300,N,NULL,40,,1,N,,N,N,098-US-0460-0,NULL,NULL,2021,C,7.26245E+11,098-US-0460  -000,HIGH,098-US-0460  -000,0.6,0,0,0,0,0,0,0,0,1,1,0,1,0
72581556,980100,2.02E+11,20201231,1710,,,NORTHGATE,,DR,,,0,098 CS-1021,CS1021,Y,N,NULL,NULL,NULL,N,NULL,NULL,NULL,NULL,NULL,NULL,0.067,NULL,NULL,NULL,NULL,,NULL,0,0,1,1,N,N,5,NULL,98,9801,NULL,,Y,37.48702,37,29.221,NULL,-82.50973,82,30.584,NULL,N,NULL,NULL,NULL,NULL,NULL,NULL,NULL,NULL,9,97,NULL,6,1,5,3,3,1,3,N,NULL,Y,Y,1710,1717,,Y,NULL,90,,,N,,N,N,098-CS-1021-0,NULL,NULL,2020,O,7.25816E+11,098-CS-1021  -000,HIGH,098-CS-1021  -000,0.067,0,0,0,0,0,0,0,0,0,0,0,0,0
72620155,KSP0900,21-175846,20210502,1133,,,COLLINS,,HWY,KY0122,KY0122,0,098 KY-122,KY0122,N,N,NULL,NULL,NULL,N,NULL,NULL,NULL,NULL,NULL,NULL,10.394,NULL,NULL,NULL,NULL,,NULL,0,0,1,1,N,N,45,NULL,98,9801,NULL,,Y,37.38737,37,23.242,NULL,-82.54373,82,32.624,NULL,N,NULL,NULL,NULL,NULL,NULL,NULL,NULL,NULL,9,97,2,6,1,1,2,2,1,3,N,NULL,N,N,1133,1133,1140,Y,NULL,40,,0,N,,N,N,098-KY-0122-0,NULL,NULL,2021,O,7.26202E+11,098-KY-0122  -000,HIGH,098-KY-0122  -000,10.394,0,0,0,0,0,0,1,0,0,0,0,1,0
72620893,KSP0900,21-177474,20210503,1256,,,US119,,,US0119,US0119,0,098 US-119,US0119,N,N,NULL,NULL,NULL,N,NULL,NULL,NULL,NULL,NULL,NULL,21.806,NULL,NULL,NULL,NULL,,NULL,0,0,2,2,N,N,55,NULL,98,9836,NULL,,Y,37.63076,37,37.845,NULL,-82.2608,82,15.648,NULL,N,NULL,NULL,NULL,NULL,NULL,NULL,NULL,NULL,1,3,2,3,1,1,3,2,7,3,Y,NULL,Y,Y,1256,1316,1325,N,NULL,55,2,1,N,,N,N,098-US-0119-0,NULL,NULL,2021,O,7.26209E+11,098-US-0119  -000,HIGH,098-US-0119  -000,21.806,0,0,0,0,0,0,1,0,0,0,0,0,0
72565675,980100,2.02E+11,20201110,2050,,,SCOTT,,AVE,,,0,098 CS-1116,CS1116,Y,N,NULL,NULL,NULL,N,NULL,NULL,NULL,NULL,NULL,NULL,0.056,NULL,NULL,NULL,NULL,,NULL,0,0,2,2,N,N,15,NULL,98,9801,NULL,,Y,37.48252,37,28.951,NULL,-82.51627,82,30.976,NULL,N,NULL,NULL,NULL,NULL,NULL,NULL,NULL,NULL,2,97,1,6,1,1,2,4,5,3,N,NULL,Y,N,2050,2054,,N,NULL,90,,,N,,N,N,098-CS-1116-0,NULL,NULL,2020,O,7.25657E+11,098-CS-1116  -000,HIGH,098-CS-1116  -000,0.056,0,0,0,0,0,0,1,0,0,0,0,0,0
72550130,980500,2020AR-055,20201007,1132,,3889,N MAYO TRAIL,,,,,,,,Y,N,NULL,NULL,NULL,N,NULL,NULL,NULL,NULL,NULL,NULL,NULL,NULL,NULL,NULL,NULL,NULL,NULL,0,0,2,2,N,N,NULL,NULL,98,9807,NULL,,Y,37.52,37,31.2,NULL,-82.56853,82,34.112,NULL,N,NULL,NULL,NULL,NULL,NULL,NULL,NULL,NULL,8,97,2,6,1,1,2,2,1,3,N,NULL,Y,N,1132,1333,1133,N,NULL,90,,,N,,N,N,,NULL,NULL,2020,O,7.25501E+11,098-US-0023  -010,MEDIUM,098-US-0023  -000,28.673,0,0,0,0,0,0,1,0,0,0,0,0,0
72563567,980100,2.02E+11,20201111,1628,,,PEACH ORCHARD,,DR,,,,,,N,N,NULL,NULL,NULL,N,NULL,NULL,NULL,NULL,NULL,NULL,0.164,NULL,NULL,NULL,NULL,,NULL,0,0,2,2,N,N,35,NULL,98,9801,NULL,,Y,37.47973,37,28.784,NULL,-82.52433,82,31.46,NULL,N,NULL,NULL,NULL,NULL,NULL,NULL,NULL,NULL,7,3,2,1,1,5,6,2,6,3,N,NULL,Y,N,1626,1636,1713,N,NULL,54,,,N,,N,N,,NULL,NULL,2020,O,7.25636E+11,098-CS-1156  -000,LOW,098-CS-1156  -000,0.164,0,0,1,1,0,0,0,1,0,0,0,1,0
72510278,980100,2.02E+11,20200612,1116,,,HAROLDS BRANCH,,RD,,,,,,Y,N,NULL,NULL,NULL,N,NULL,NULL,NULL,NULL,NULL,NULL,0.008,NULL,NULL,NULL,NULL,,NULL,0,0,2,2,N,N,15,NULL,98,9801,NULL,,Y,37.4727,37,28.362,NULL,-82.52271,82,31.363,NULL,N,NULL,NULL,NULL,NULL,NULL,NULL,NULL,NULL,1,97,2,5,2,1,2,2,1,3,N,NULL,Y,N,1116,1119,1119,N,NULL,90,,,N,,N,N,,NULL,NULL,2020,O,7.25103E+11,098-CS-1223  -000,MEDIUM,098-CS-1223  -000,0.008,0,0,0,1,0,0,0,0,0,0,0,0,0
72547823,KSP0900,20-721419,20200930,1744,,,ASHCAMP,,RD,KY0195,KY0195,0,098 KY-195,KY0195,N,N,NULL,NULL,NULL,N,NULL,NULL,NULL,NULL,NULL,NULL,0.303,NULL,NULL,NULL,NULL,,NULL,0,0,2,2,Y,N,35,NULL,98,9802,NULL,,Y,37.26997,37,16.198,NULL,-82.43568,82,26.141,NULL,N,NULL,NULL,NULL,NULL,NULL,NULL,NULL,NULL,7,3,1,6,1,1,2,2,7,3,N,NULL,Y,N,1830,1924,,N,NULL,54,8,0,N,,N,N,098-KY-0195-0,NULL,NULL,2020,O,7.25478E+11,098-KY-0195  -000,HIGH,098-KY-0195  -000,0.303,0,0,0,0,0,0,0,0,0,0,0,1,0
72541700,980100,2.02E+11,20200830,517,,,US23,,,US0023,US0023,0,098 US-23,US0023,N,N,NULL,NULL,NULL,N,NULL,NULL,NULL,NULL,NULL,NULL,30.886,NULL,NULL,NULL,NULL,,NULL,3,1,1,1,N,N,55,NULL,98,9801,NULL,,Y,37.54099,37,32.459,NULL,-82.59171,82,35.502,NULL,N,NULL,NULL,NULL,NULL,NULL,NULL,NULL,NULL,9,6,4,3,1,1,2,6,7,3,Y,NULL,Y,Y,517,525,1056,N,NULL,51,,1,N,,N,N,098-US-0023-0,NULL,NULL,2020,K,7.25417E+11,098-US-0023  -000,HIGH,098-US-0023  -000,30.886,0,0,0,0,0,0,0,1,1,1,0,1,0
72557841,KSP0900,20-753672,20201023,8,,,BIG CREEK,,RD,KY0468,KY0468,0,098 KY-468,KY0468,N,N,NULL,NULL,NULL,N,NULL,NULL,NULL,NULL,NULL,NULL,8.268,NULL,NULL,NULL,NULL,,NULL,3,0,1,1,N,N,55,NULL,98,9843,NULL,,Y,37.69829,37,41.897,NULL,-82.35448,82,21.269,NULL,N,NULL,NULL,NULL,NULL,NULL,NULL,NULL,NULL,9,4,2,1,1,1,2,6,7,3,N,NULL,Y,Y,46,127,127,N,NULL,38,8,0,N,,N,N,098-KY-0468-0,NULL,NULL,2020,C,7.25578E+11,098-KY-0468  -000,HIGH,098-KY-0468  -000,8.268,0,0,1,0,0,0,0,0,0,0,0,1,0
72556010,980100,2.02E+11,20201023,650,,,US23,,,US0023,US0023,0,098 US-23,US0023,N,N,NULL,NULL,NULL,N,NULL,NULL,NULL,NULL,NULL,NULL,21.417,NULL,NULL,NULL,NULL,,NULL,0,0,2,2,N,N,55,NULL,98,9801,NULL,,Y,37.4507,37,27.042,NULL,-82.52392,82,31.435,NULL,N,NULL,NULL,NULL,NULL,NULL,NULL,NULL,NULL,5,3,4,3,1,1,2,2,7,3,N,NULL,Y,N,650,703,705,N,NULL,49,,1,N,,N,N,098-US-0023-0,NULL,NULL,2020,O,7.2556E+11,098-US-0023  -000,HIGH,098-US-0023  -000,21.417,0,0,0,0,0,0,0,0,0,0,0,0,0
72563790,980100,2.02E+11,20201111,1137,,254,CASSIDY,,BLVD,,,0,098 CS-1191,CS1191,Y,N,NULL,NULL,NULL,N,NULL,NULL,NULL,NULL,NULL,NULL,0.052,NULL,NULL,NULL,NULL,,NULL,0,0,2,2,N,N,NULL,NULL,98,9801,NULL,,Y,37.50368,37,30.221,NULL,-82.533,82,31.98,NULL,N,NULL,NULL,NULL,NULL,NULL,NULL,NULL,NULL,1,97,2,6,1,5,3,2,1,3,N,NULL,Y,N,1138,1140,1141,N,NULL,90,,,N,,N,N,098-CS-1191-0,NULL,NULL,2020,O,7.25638E+11,098-CS-1191  -000,HIGH,098-CS-1191  -000,0.052,0,0,0,0,0,0,1,0,0,0,0,0,0
72582260,980100,2.02E+11,20201231,1716,,,US23,,,US0023,US0023,,,,N,Y,OWSLEY,,RD,N,NULL,NULL,NULL,NULL,NULL,NULL,32.806,NULL,NULL,NULL,NULL,,NULL,3,0,2,2,N,N,55,NULL,98,9801,NULL,,Y,37.53174,37,31.905,NULL,-82.61946,82,37.167,NULL,N,NULL,NULL,NULL,NULL,NULL,NULL,NULL,NULL,1,3,4,6,1,5,6,3,7,3,Y,NULL,Y,Y,1716,1727,1831,N,NULL,10,,1,Y,,N,N,,NULL,NULL,2020,A,7.25823E+11,098-US-0023  -010,MEDIUM,098-US-0023  -000,32.806,0,0,1,0,0,0,1,1,1,0,1,0,0
72535615,980100,2.02E+11,20200824,1434,,,BYPASS,S,RD,KY1426,KY1426,,,,N,N,NULL,NULL,NULL,N,NULL,NULL,NULL,NULL,NULL,NULL,6.507,NULL,NULL,NULL,NULL,,NULL,0,0,2,2,N,N,35,NULL,98,9801,NULL,,Y,37.48177,37,28.906,NULL,-82.51404,82,30.842,NULL,N,NULL,NULL,NULL,NULL,NULL,NULL,NULL,NULL,5,3,2,6,1,1,2,2,1,3,N,NULL,Y,N,1434,1445,1448,N,NULL,49,,0,N,,N,N,,NULL,NULL,2020,O,7.25356E+11,098-KY-1426  -000,HIGH,098-KY-1426  -000,6.507,0,0,1,1,0,0,1,0,0,0,0,0,0
72548239,KSP0900,20-723054,20201001,1952,,,FERRELLS CREEK,,RD,US0460,US0460,0,098 US-460,US0460,N,N,NULL,NULL,NULL,N,NULL,NULL,NULL,NULL,NULL,NULL,19.752,NULL,NULL,NULL,NULL,,NULL,0,0,1,1,N,N,55,NULL,98,9801,NULL,,Y,37.37254,37,22.353,NULL,-82.29681,82,17.809,NULL,N,NULL,NULL,NULL,NULL,NULL,NULL,NULL,NULL,9,3,2,6,1,1,2,6,7,3,N,NULL,Y,N,1952,2002,,N,NULL,38,,1,N,,N,N,098-US-0460-0,NULL,NULL,2020,O,7.25482E+11,098-US-0460  -000,HIGH,098-US-0460  -000,19.752,0,0,0,0,0,0,0,0,0,0,0,0,0
72628149,KSP0900,21-211371,20210524,1453,,,KY292,,,KY0292,KY0292,0,098 KY-292,KY0292,N,N,NULL,NULL,NULL,N,NULL,NULL,NULL,NULL,NULL,NULL,5.049,NULL,NULL,NULL,NULL,,NULL,0,0,2,2,N,N,45,NULL,98,9834,NULL,,Y,37.66328,37,39.797,NULL,-82.273,82,16.38,NULL,N,NULL,NULL,NULL,NULL,NULL,NULL,NULL,NULL,5,3,2,6,1,1,2,2,7,3,N,NULL,N,N,1548,1600,1615,N,NULL,49,8,0,N,,N,N,098-KY-0292-0,NULL,NULL,2021,O,7.26281E+11,098-KY-0292  -000,HIGH,098-KY-0292  -000,5.049,0,0,1,0,0,0,0,0,0,0,0,0,0
72513935,KSP0900,20-550407,20200617,1245,,,WILLIAMSON,,RD,KY0292,KY0292,0,098 KY-292,KY0292,N,N,NULL,NULL,NULL,N,NULL,NULL,NULL,NULL,NULL,NULL,5.191,NULL,NULL,NULL,NULL,,NULL,0,0,2,2,N,N,45,NULL,98,9834,NULL,,Y,37.6736,37,40.416,NULL,-82.28299,82,16.979,NULL,N,NULL,NULL,NULL,NULL,NULL,NULL,NULL,NULL,1,3,2,3,1,5,3,2,7,3,N,NULL,Y,N,1245,1205,1300,N,NULL,55,7,0,N,,N,N,098-KY-0292-0,NULL,NULL,2020,O,7.25139E+11,098-KY-0292  -000,HIGH,098-KY-0292  -000,5.191,0,0,0,1,0,0,1,0,0,0,0,0,0
72515590,KSP0900,20-571238,20200628,900,,,US119,,,US0119,US0119,0,098 US-119-10,US0119,N,N,NULL,NULL,NULL,N,NULL,NULL,NULL,NULL,NULL,NULL,1.99,NULL,NULL,NULL,NULL,,NULL,0,0,1,1,N,N,55,NULL,98,9801,NULL,,Y,37.5126,37,30.756,NULL,-82.49963,82,29.978,NULL,N,NULL,NULL,NULL,NULL,NULL,NULL,NULL,NULL,9,3,2,2,1,6,5,2,7,3,N,NULL,Y,Y,905,915,,N,NULL,70,2,1,N,,N,N,098-US-0119-10,NULL,NULL,2020,O,7.25156E+11,098-US-0119  -010,HIGH,098-US-0119  -000,1.99,0,0,0,0,0,0,0,0,0,0,0,1,0