MasterFile,AgencyORINumber,LocalCode,CollisionDate,CollisionTime,CollisionDayWeekCode,RoadwayName_HouseBusinessNumber_,RoadwayName_RoadwayName_,RoadwayName_Direction_,RoadwayName_RoadwaySuffix_,RoadwayfromReport,CurrentRoadwayNumber,RoadwayNumberCoupletID,RSEUniqueGIS,RoadwayIdentifier,ParkingLotIndicator,IntersectionWith_Indicator_,IntersectionWith_NameRoadway_,IntersectionWith_Direction_,IntersectionWith_RoadwaySuffix_,BetweenStreets_Indicator_,BetweenStreets1_NameRoadway_,BetweenStreet1_Direction_,BetweenStreets1_RoadwaySuffix_,BetweenStreets2_NameRoadway_,BetweenStreets2_Direction_,BetweenStreets2_RoadwaySuffix_,Milepoint,ReportMilepointDeriveNumber,CurrentDerivedMiepointNumber,MilestoMilepoint,FeettoMilepoint,DirectionfromMilepoint_NSEW_,ValidMilepointIndicator,NumberInjured,NumberKilled,ofUnits,ofMotorVehicleUnits,Hit&RunIndicator,OneWayIndicator,SpeedLimitNumber,KilometersIndicator,CountyCode,CityCountyCode,MilesFromCity,DirectionFromCity_NSEW_,InCityLimitsIndicator,Latitude,LatitudeDegrees,LatitudeMinutes,LatitudeSeconds,Longitude,LongitudeDegrees,LongitudeMinutes,LongitudeSeconds,RampIndicator,RampFromIdentifier,RampFromDirCode,RampFromCoupletID,RSEUniqueGISRampFrom,RampToidentifier,RampToDirCode,RampToCoupletID,RSEUniqueGisRampTo,MannerofCollisionCode,LocationFirstEventCode,TotalLanes,RoadwayCharacterCode,RoadwaySurfaceCode,RoadwayConditionCode,WeatherCode,LightConditionCode,LandUseCode,SchoolBusRelatedCode,FirstAidSceneIndicator,CollDescPresentInd,InvestigationCompleteIndicator,PhotosTakenIndicator,TimeNotified,TimeArrived,TimeRoadwayOpened,PropertyDamageIndicator,DiagramPresentIndicator,DirectionalAnalysis,FunctionClassCode,NationalHwySysCode,EnforcementsIndicator,KARSCityCode,SecondaryCollisionIndicator,MedianCrossoverIndicator,RT_UNIQUE,MapIt,TimeLastLeft,YR,KABCO,MFNY,WorkingRID,RT_CONFIDENCE,KTC_RT,KTC_MP,Motorcyclist,CommercialVehicle,YoungDriver,MatureDriver,pedestrian,Bicyclist,Distracted,agressive,Impaired,Unrestrained,Intersection,RoadwayDeparture,MedXover
72605552,KSP0900,21-109656,20210319,2006,,,GREASY,,CRK,,,0,098 CR-1256,CR1256,N,N,NULL,NULL,NULL,N,NULL,NULL,NULL,NULL,NULL,NULL,0.008,NULL,NULL,NULL,NULL,,NULL,1,0,1,1,N,N,35,NULL,98,9841,NULL,,Y,37.3793,37,22.758,NULL,-82.4761,82,28.566,NULL,N,NULL,NULL,NULL,NULL,NULL,NULL,NULL,NULL,9,3,2,3,1,1,2,6,7,3,Y,NULL,Y,Y,2007,2022,,Y,NULL,70,,,N,,N,N,098-CR-1256-0,NULL,NULL,2021,C,7.26056E+11,098-CR-1256  -000,HIGH,098-CR-1256  -000,0.008,0,0,0,0,0,0,0,0,0,0,0,1,0
72597074,980100,2.021E+11,20210223,826,,,CHLOE,,RD,KY1460,KY1460,,,,N,N,NULL,NULL,NULL,N,NULL,NULL,NULL,NULL,NULL,NULL,4.706,NULL,NULL,NULL,NULL,,NULL,0,0,1,1,N,N,35,NULL,98,9801,NULL,,Y,37.47792,37,28.675,NULL,-82.50941,82,30.564,NULL,N,NULL,NULL,NULL,NULL,NULL,NULL,NULL,NULL,9,97,2,6,1,2,2,2,1,3,N,NULL,N,N,826,838,926,N,NULL,44,,0,N,,N,N,,NULL,NULL,2021,O,7.25971E+11,098-KY-1460  -000,HIGH,098-KY-1460  -000,4.706,0,0,0,0,0,0,0,0,0,0,0,1,0
72593771,980100,2.021E+11,20210208,1513,,,MAYO,,CIR,,,,,,Y,N,NULL,NULL,NULL,N,NULL,NULL,NULL,NULL,NULL,NULL,0.216,NULL,NULL,NULL,NULL,,NULL,0,0,3,3,N,N,NULL,NULL,98,9801,NULL,,Y,37.46138,37,27.683,NULL,-82.51714,82,31.028,NULL,N,NULL,NULL,NULL,NULL,NULL,NULL,NULL,NULL,5,97,NULL,6,1,1,2,2,1,3,N,NULL,Y,N,1513,1518,1518,N,NULL,90,,,Y,,N,N,,NULL,NULL,2021,O,7.25938E+11,098-CS-1019  -000,MEDIUM,098-CS-1019  -000,0.216,0,0,0,0,0,0,1,0,1,0,0,0,0
72523844,980100,2.02E+11,20200711,2021,,,CASSIDY,,BLVD,,,0,098 CS-1191,CS1191,Y,N,NULL,NULL,NULL,N,NULL,NULL,NULL,NULL,NULL,NULL,0.066,NULL,NULL,NULL,NULL,,NULL,0,0,2,2,Y,N,15,NULL,98,9801,NULL,,Y,37.50367,37,30.22,NULL,-82.53321,82,31.993,NULL,N,NULL,NULL,NULL,NULL,NULL,NULL,NULL,NULL,7,7,1,6,1,1,2,2,1,3,N,NULL,Y,N,2021,2021,,N,NULL,90,,,N,,N,N,098-CS-1191-0,NULL,NULL,2020,NULL,7.25238E+11,098-CS-1191  -000,HIGH,098-CS-1191  -000,0.066,0,0,0,0,0,0,0,0,0,0,0,0,0
72484835,KSP0900,20-8700,20200306,1607,,,CLEVINGER,,BR,,,0,098 CR-1497,CR1497,N,N,NULL,NULL,NULL,N,NULL,NULL,NULL,NULL,NULL,NULL,0.418,NULL,NULL,NULL,NULL,,NULL,0,0,2,2,N,N,25,NULL,98,9801,NULL,,Y,37.54222,37,32.533,NULL,-82.52447,82,31.468,NULL,N,NULL,NULL,NULL,NULL,NULL,NULL,NULL,NULL,7,3,1,3,1,5,8,2,7,3,N,NULL,Y,N,1607,1650,1700,N,NULL,54,,,N,,N,N,098-CR-1497-0,NULL,NULL,2020,O,7.24848E+11,098-CR-1497  -000,HIGH,098-CR-1497  -000,0.418,0,0,0,0,0,0,0,0,0,0,0,1,0
72494512,KSP0900,20-13680,20200413,1809,,,KY195,,,KY0195,KY0195,0,098 KY-195,KY0195,Y,N,NULL,NULL,NULL,N,NULL,NULL,NULL,NULL,NULL,NULL,5.157,NULL,NULL,NULL,NULL,,NULL,0,0,3,3,N,N,35,NULL,98,9802,15,W,N,37.31312,37,18.787,NULL,-82.47121,82,28.272,NULL,N,NULL,NULL,NULL,NULL,NULL,NULL,NULL,NULL,3,97,2,6,1,1,2,2,1,3,N,NULL,Y,N,1912,1947,1810,N,NULL,90,8,0,N,,Y,N,098-KY-0195-0,NULL,NULL,2020,O,7.24945E+11,098-KY-0195  -000,HIGH,098-KY-0195  -000,5.157,0,0,0,1,0,0,1,0,0,0,0,0,0
72612742,980100,2.021E+11,20210407,532,,,US23,,,US0023,US0023,0,098 US-23-10,US0023,N,N,NULL,NULL,NULL,N,NULL,NULL,NULL,NULL,NULL,NULL,31.18,NULL,NULL,NULL,NULL,,NULL,0,0,1,1,N,N,55,NULL,98,9801,NULL,,Y,37.53755,37,32.253,NULL,-82.59462,82,35.677,NULL,N,NULL,NULL,NULL,NULL,NULL,NULL,NULL,NULL,9,3,4,3,1,1,2,6,1,3,N,NULL,Y,N,532,543,613,Y,NULL,40,,1,N,,N,Y,098-US-0023-10,NULL,NULL,2021,O,7.26127E+11,098-US-0023  -010,HIGH,098-US-0023  -000,31.18,0,0,0,0,0,0,0,0,0,0,0,1,0
72512304,KSP0900,20-552473,20200618,1507,,,US23,,,US0023,US0023,0,098 US-23-10,US0023,N,N,NULL,NULL,NULL,N,NULL,NULL,NULL,NULL,NULL,NULL,5.213,NULL,NULL,NULL,NULL,,NULL,1,0,1,1,N,N,55,NULL,98,9809,NULL,,Y,37.28217,37,16.93,NULL,-82.5618,82,33.708,NULL,N,NULL,NULL,NULL,NULL,NULL,NULL,NULL,NULL,9,5,4,4,1,5,6,2,7,3,Y,NULL,Y,N,1517,1533,1603,N,NULL,51,,1,N,,N,N,098-US-0023-10,NULL,NULL,2020,B,7.25123E+11,098-US-0023  -010,HIGH,098-US-0023  -000,5.213,0,0,0,0,0,0,0,0,0,0,0,1,0
72601691,980100,2.021E+11,20210309,1913,,,HAMBLEY,,BLVD,,,,,,N,N,NULL,NULL,NULL,N,NULL,NULL,NULL,NULL,NULL,NULL,0.023,NULL,NULL,NULL,NULL,,NULL,0,0,2,2,Y,N,35,NULL,98,9801,NULL,,Y,37.47411,37,28.446,NULL,-82.52689,82,31.614,NULL,N,NULL,NULL,NULL,NULL,NULL,NULL,NULL,NULL,1,3,2,6,1,1,2,3,1,3,N,NULL,Y,N,1913,1913,,N,NULL,55,,,Y,,N,N,,NULL,NULL,2021,O,7.26017E+11,098-CS-1222  -000,MEDIUM,098-CS-1222  -000,0.023,0,0,0,1,0,0,1,1,0,0,0,0,0
72562583,980100,2.02E+11,20201017,2034,,,BYPASS,S,RD,KY1426,KY1426,,,,N,N,NULL,NULL,NULL,N,NULL,NULL,NULL,NULL,NULL,NULL,6.48,NULL,NULL,NULL,NULL,,NULL,1,0,2,2,N,N,45,NULL,98,9801,NULL,,Y,37.48141,37,28.884,NULL,-82.51422,82,30.853,NULL,N,NULL,NULL,NULL,NULL,NULL,NULL,NULL,NULL,5,3,2,6,1,1,2,5,7,3,Y,NULL,Y,Y,2034,2035,2100,N,NULL,70,,0,N,,N,N,,NULL,NULL,2020,C,7.25626E+11,098-KY-1426  -000,HIGH,098-KY-1426  -000,6.48,0,0,0,0,0,0,1,0,0,0,0,0,0
72617733,980500,2021AR017,20210426,1218,,,US23,,,US0023,US0023,0,098 US-23-10,US0023,N,N,NULL,NULL,NULL,N,NULL,NULL,NULL,NULL,NULL,NULL,NULL,NULL,NULL,NULL,NULL,NULL,NULL,1,0,2,2,N,N,15,NULL,98,9807,NULL,,Y,37.5239,37,31.434,NULL,-82.5727,82,34.362,NULL,N,NULL,NULL,NULL,NULL,NULL,NULL,NULL,NULL,4,97,4,6,1,1,2,2,1,3,Y,NULL,Y,Y,1218,1220,1230,N,NULL,70,,1,Y,,N,N,098-US-0023-10,NULL,NULL,2021,C,7.26177E+11,098-US-0023  -010,HIGH,098-US-0023  -000,29.025,0,0,0,0,0,0,1,0,0,0,0,0,0
72602223,980100,2.021E+11,20210306,2247,,130,JUSTICE WAY,,,,,,,,Y,N,NULL,NULL,NULL,N,NULL,NULL,NULL,NULL,NULL,NULL,NULL,NULL,NULL,NULL,NULL,,NULL,0,0,2,2,Y,N,15,NULL,98,9801,NULL,,Y,37.50693,37,30.416,NULL,-82.54253,82,32.552,NULL,N,NULL,NULL,NULL,NULL,NULL,NULL,NULL,NULL,2,97,2,6,1,1,2,6,1,3,N,NULL,N,N,2247,2256,2256,N,NULL,90,,,N,,N,N,,NULL,NULL,2021,NULL,7.26022E+11,098-CS-1215  -000,MEDIUM,098-CS-1215  -000,0.55,0,0,0,0,0,0,1,0,0,0,0,0,0
72599568,980100,2.021E+11,20210224,1655,,,KY3496 TURN LANE,,,KY3496,KY3496,,,,N,N,NULL,NULL,NULL,N,NULL,NULL,NULL,NULL,NULL,NULL,0.013,NULL,NULL,NULL,NULL,,NULL,1,0,3,3,N,N,55,NULL,98,9801,NULL,,Y,37.46583,37,27.95,NULL,-82.52814,82,31.689,NULL,N,NULL,NULL,NULL,NULL,NULL,NULL,NULL,NULL,4,3,4,6,1,1,2,2,1,3,Y,NULL,N,N,1655,1658,1734,N,NULL,70,16,0,N,,Y,N,,NULL,NULL,2021,B,7.25996E+11,098-KY-3496  -000,MEDIUM,098-KY-3496  -000,0.013,0,0,0,0,0,0,1,0,0,0,0,0,0
72588307,KSP0900,21-23622,20210118,1635,,,KY194,,,KY0194,KY0194,0,098 KY-194,KY0194,N,N,NULL,NULL,NULL,N,NULL,NULL,NULL,NULL,NULL,NULL,12.476,NULL,NULL,NULL,NULL,,NULL,1,0,1,1,N,N,55,NULL,98,9801,NULL,,Y,37.59109,37,35.465,NULL,-82.49652,82,29.791,NULL,N,NULL,NULL,NULL,NULL,NULL,NULL,NULL,NULL,9,3,2,3,1,1,2,2,7,3,Y,NULL,Y,Y,1639,1700,,Y,NULL,40,7,0,Y,,N,N,098-KY-0194-0,NULL,NULL,2021,C,7.25883E+11,098-KY-0194  -000,HIGH,098-KY-0194  -000,12.476,0,0,0,0,0,0,0,0,1,1,0,1,0
72530216,980100,20200009738,20200810,2025,,,US460,,,US0460,US0460,0,098 US-460,US0460,Y,N,NULL,NULL,NULL,N,NULL,NULL,NULL,NULL,NULL,NULL,0.204,NULL,NULL,NULL,NULL,,NULL,0,0,2,2,N,N,15,NULL,98,9801,NULL,,Y,37.43956,37,26.374,NULL,-82.5092,82,30.552,NULL,N,NULL,NULL,NULL,NULL,NULL,NULL,NULL,NULL,2,97,2,6,1,5,3,2,1,3,N,NULL,Y,N,2025,2035,2035,N,NULL,90,,1,N,,N,N,098-US-0460-0,NULL,NULL,2020,O,7.25302E+11,098-US-0460  -000,HIGH,098-US-0460  -000,0.204,0,0,0,1,0,0,1,0,0,0,0,0,0
72565040,980100,2.02E+11,20201114,1600,,,CASSIDY,,BLVD,,,0,098 CS-1191,CS1191,Y,N,NULL,NULL,NULL,N,NULL,NULL,NULL,NULL,NULL,NULL,0.385,NULL,NULL,NULL,NULL,,NULL,0,0,2,2,N,Y,15,NULL,98,9801,NULL,,Y,37.50486,37,30.292,NULL,-82.53841,82,32.304,NULL,N,NULL,NULL,NULL,NULL,NULL,NULL,NULL,NULL,2,97,1,6,1,1,2,2,1,3,N,NULL,Y,N,1600,1604,1621,N,NULL,90,,,N,,N,N,098-CS-1191-0,NULL,NULL,2020,O,7.2565E+11,098-CS-1191  -000,HIGH,098-CS-1191  -000,0.385,0,0,0,0,0,0,1,0,0,0,0,0,0
72598275,KSP0900,21-69239,20210221,1330,,,KY3174,,,KY3174,KY3174,0,098 KY-3174-321,KY3174,N,N,NULL,NULL,NULL,N,NULL,NULL,NULL,NULL,NULL,NULL,0.053,NULL,NULL,NULL,NULL,,NULL,0,0,1,1,N,N,55,NULL,98,9830,NULL,,Y,37.34386,37,20.632,NULL,-82.42303,82,25.382,NULL,N,NULL,NULL,NULL,NULL,NULL,NULL,NULL,NULL,9,3,2,1,1,1,2,2,7,3,N,NULL,Y,N,1333,1348,,N,NULL,70,,0,Y,,N,N,098-KY-3174-321,NULL,NULL,2021,O,7.25983E+11,098-KY-3174  -321,HIGH,098-KY-3174  -321,0.053,0,0,0,0,0,0,0,0,1,0,0,1,0
72539605,KSP0900,20-684963,20200905,2345,,,HOSPITAL,,DR,,,0,098 CR-1015C,CR1015C,Y,N,NULL,NULL,NULL,N,NULL,NULL,NULL,NULL,NULL,NULL,0.264,NULL,NULL,NULL,NULL,,NULL,0,0,2,2,Y,N,10,NULL,98,9834,NULL,,Y,37.6757,37,40.542,NULL,-82.29717,82,17.831,NULL,N,NULL,NULL,NULL,NULL,NULL,NULL,NULL,NULL,2,97,2,6,1,1,2,6,1,3,N,NULL,Y,N,7,33,7,N,NULL,90,,,N,,N,N,098-CR-1015C-0,NULL,NULL,2020,NULL,7.25396E+11,098-CR-1015C -000,HIGH,098-CR-1015C -000,0.264,0,0,0,0,0,0,1,0,0,0,0,0,0
72580558,KSP0900,20-851212,20201231,1811,,,COLLINS,,HWY,KY0122,KY0122,0,098 KY-122,KY0122,Y,N,NULL,NULL,NULL,N,NULL,NULL,NULL,NULL,NULL,NULL,10.41,NULL,NULL,NULL,NULL,,NULL,0,0,2,2,N,N,5,NULL,98,9827,NULL,,Y,37.38743,37,23.246,NULL,-82.54344,82,32.607,NULL,N,NULL,NULL,NULL,NULL,NULL,NULL,NULL,NULL,2,97,2,6,1,5,6,5,1,3,N,NULL,Y,N,1829,1830,,N,NULL,90,,0,N,,N,N,098-KY-0122-0,NULL,NULL,2020,O,7.25806E+11,098-KY-0122  -000,HIGH,098-KY-0122  -000,10.41,0,0,0,1,0,0,1,0,0,0,0,0,0
72582461,KSP0900,20-842804,20201224,2016,,,ROBINSON CREEK,,RD,KY0122,KY0122,0,098 KY-122,KY0122,N,N,NULL,NULL,NULL,N,NULL,NULL,NULL,NULL,NULL,NULL,5.562,NULL,NULL,NULL,NULL,,NULL,2,0,2,2,N,N,55,NULL,98,9827,NULL,,Y,37.35487,37,21.292,NULL,-82.59161,82,35.497,NULL,N,NULL,NULL,NULL,NULL,NULL,NULL,NULL,NULL,3,3,2,4,1,4,9,6,7,3,N,NULL,Y,Y,2017,2033,,N,NULL,52,,0,N,,N,N,098-KY-0122-0,NULL,NULL,2020,B,7.25825E+11,098-KY-0122  -000,HIGH,098-KY-0122  -000,5.562,0,0,0,0,0,0,0,0,0,0,0,1,0
72597633,KSP0900,21-74050,20210224,1727,,,US23,,,US0023,US0023,0,098 US-23,US0023,Y,N,NULL,NULL,NULL,N,NULL,NULL,NULL,NULL,NULL,NULL,12.917,NULL,NULL,NULL,NULL,,NULL,0,0,1,1,N,N,10,NULL,98,9867,NULL,,Y,37.37228,37,22.337,NULL,-82.54311,82,32.586,NULL,N,NULL,NULL,NULL,NULL,NULL,NULL,NULL,NULL,9,97,1,6,1,1,2,2,1,3,N,NULL,Y,N,1749,1800,1727,N,NULL,90,,1,N,,N,N,098-US-0023-0,NULL,NULL,2021,O,7.25976E+11,098-US-0023  -000,HIGH,098-US-0023  -000,12.917,0,0,0,0,0,0,1,0,0,0,0,0,0
72596521,KSP0900,21-68052,20210220,1537,,,TOLER,,RD,KY0319,KY0319,0,098 KY-319,KY0319,N,N,NULL,NULL,NULL,N,NULL,NULL,NULL,NULL,NULL,NULL,1.141,NULL,NULL,NULL,NULL,,NULL,0,0,1,1,N,N,55,NULL,98,9842,NULL,,Y,37.58653,37,35.192,NULL,-82.19714,82,11.828,NULL,N,NULL,NULL,NULL,NULL,NULL,NULL,NULL,NULL,9,5,2,1,1,1,2,2,7,3,N,NULL,Y,Y,1538,1606,1657,N,NULL,51,7,0,Y,,N,N,098-KY-0319-0,NULL,NULL,2021,O,7.25965E+11,098-KY-0319  -000,HIGH,098-KY-0319  -000,1.141,0,0,0,0,0,0,0,0,1,0,0,1,0
72607172,980100,2.021E+11,20210325,2046,,,CASSIDY,,BLVD,,,,,,N,N,NULL,NULL,NULL,N,NULL,NULL,NULL,NULL,NULL,NULL,0.235,NULL,NULL,NULL,NULL,,NULL,0,0,2,2,Y,N,25,NULL,98,9801,NULL,,Y,37.50438,37,30.263,NULL,-82.53573,82,32.144,NULL,N,NULL,NULL,NULL,NULL,NULL,NULL,NULL,NULL,1,3,4,6,1,5,3,5,1,3,N,NULL,Y,N,2046,2051,,N,NULL,55,,,N,,N,N,,NULL,NULL,2021,O,7.26072E+11,098-CS-1191  -000,LOW,098-CS-1191  -000,0.235,0,0,0,0,0,0,1,1,0,0,0,0,0
72584798,KSP0900,21-19984,20210115,1626,,,HOSPITAL,,DR,,,0,098 CR-1015C,CR1015C,Y,N,NULL,NULL,NULL,N,NULL,NULL,NULL,NULL,NULL,NULL,0.004,NULL,NULL,NULL,NULL,,NULL,0,0,1,1,N,N,NULL,NULL,98,9834,NULL,,Y,37.67514,37,40.509,NULL,-82.29696,82,17.817,NULL,N,NULL,NULL,NULL,NULL,NULL,NULL,NULL,NULL,9,97,2,3,1,5,2,2,1,3,N,NULL,Y,N,1626,1655,,Y,NULL,90,,,N,,N,N,098-CR-1015C-0,NULL,NULL,2021,O,7.25848E+11,098-CR-1015C -000,MEDIUM,098-CR-1015C -000,0.004,0,0,0,0,0,0,0,0,0,0,0,1,0
72550339,KSP0900,20-712636,20200924,1515,,,US119,,,US0119,US0119,0,098 US-119,US0119,N,N,NULL,NULL,NULL,N,NULL,NULL,NULL,NULL,NULL,NULL,20.84,NULL,NULL,NULL,NULL,,NULL,1,0,2,2,N,N,35,NULL,98,9836,NULL,,Y,37.61942,37,37.165,NULL,-82.26864,82,16.118,NULL,N,NULL,NULL,NULL,NULL,NULL,NULL,NULL,NULL,1,3,2,6,1,1,2,2,7,3,Y,NULL,Y,Y,1515,1530,1600,N,NULL,55,2,1,Y,,N,N,098-US-0119-0,NULL,NULL,2020,C,7.25503E+11,098-US-0119  -000,HIGH,098-US-0119  -000,20.84,0,0,0,1,0,0,1,0,1,0,0,0,0
72545900,KSP0900,20-713581,20200925,1044,,,LEFT FORK ISLAND,,CRK,,,0,098 CR-1233Q3,CR1233Q3,N,N,NULL,NULL,NULL,N,NULL,NULL,NULL,NULL,NULL,NULL,0.623,NULL,NULL,NULL,NULL,,NULL,0,0,1,1,N,N,35,NULL,98,9801,NULL,,Y,37.43351,37,26.011,NULL,-82.56495,82,33.897,NULL,N,NULL,NULL,NULL,NULL,NULL,NULL,NULL,NULL,9,3,1,6,1,5,3,2,7,3,N,NULL,Y,N,1039,1102,,Y,NULL,70,,,Y,,N,N,098-CR-1233Q3-0,NULL,NULL,2020,O,7.25459E+11,098-CR-1233Q3-000,HIGH,098-CR-1233Q3-000,0.623,0,0,0,0,0,0,0,0,0,0,0,1,0
72588626,980100,2.021E+11,20210127,1900,,,SMITH,,ST,,,,,,N,N,NULL,NULL,NULL,N,NULL,NULL,NULL,NULL,NULL,NULL,0.031,NULL,NULL,NULL,NULL,,NULL,0,0,2,2,N,N,5,NULL,98,9801,NULL,,Y,37.4833,37,28.998,NULL,-82.52187,82,31.312,NULL,N,NULL,NULL,NULL,NULL,NULL,NULL,NULL,NULL,2,3,1,6,1,5,9,5,6,3,N,NULL,Y,N,1900,1904,,N,NULL,47,,,N,,N,N,,NULL,NULL,2021,O,7.25886E+11,098-CS-1163  -000,MEDIUM,098-CS-1163  -000,0.031,0,0,0,0,0,0,0,0,0,0,0,0,0
72557324,980100,2.02E+11,20201026,1612,,,MAYO,N,TRL,US0023,US0023,0,098 US-23,US0023,N,N,NULL,NULL,NULL,N,NULL,NULL,NULL,NULL,NULL,NULL,26.287,NULL,NULL,NULL,NULL,,NULL,4,0,2,2,N,N,55,NULL,98,9801,NULL,,Y,37.50371,37,30.223,NULL,-82.53215,82,31.929,NULL,N,NULL,NULL,NULL,NULL,NULL,NULL,NULL,NULL,5,3,4,6,1,1,3,2,7,3,Y,NULL,Y,Y,1612,1616,1647,N,NULL,49,,1,N,,N,N,098-US-0023-0,NULL,NULL,2020,B,7.25573E+11,098-US-0023  -000,HIGH,098-US-0023  -000,26.287,0,0,0,0,0,0,1,0,0,0,0,0,0
72539679,KSP0900,20-18131,20200515,1122,,,WILLIAMSON,,RD,KY0292,KY0292,0,098 KY-292,KY0292,N,N,NULL,NULL,NULL,N,NULL,NULL,NULL,NULL,NULL,NULL,6.081,NULL,NULL,NULL,NULL,,NULL,2,0,2,2,N,N,55,NULL,98,9834,NULL,,Y,37.66897,37,40.138,NULL,-82.29408,82,17.644,NULL,N,NULL,NULL,NULL,NULL,NULL,NULL,NULL,NULL,3,3,2,3,1,1,3,2,7,3,Y,NULL,Y,Y,1123,1156,1230,N,NULL,52,7,0,Y,,N,N,098-KY-0292-0,NULL,NULL,2020,B,7.25397E+11,098-KY-0292  -000,HIGH,098-KY-0292  -000,6.081,0,0,0,1,0,0,1,0,0,0,0,1,0
72547636,KSP0900,20-720030,20200929,1830,,,RATLIFF CREEK,,RD,,,0,098 CR-1484,CR1484,N,N,NULL,NULL,NULL,N,NULL,NULL,NULL,NULL,NULL,NULL,0.474,NULL,NULL,NULL,NULL,,NULL,0,0,1,1,N,N,35,NULL,98,9801,NULL,,Y,37.49828,37,29.897,NULL,-82.52325,82,31.395,NULL,N,NULL,NULL,NULL,NULL,NULL,NULL,NULL,NULL,9,5,1,6,1,5,3,1,7,3,N,NULL,Y,N,1835,1900,1920,N,NULL,51,,,N,,N,N,098-CR-1484-0,NULL,NULL,2020,O,7.25476E+11,098-CR-1484  -000,HIGH,098-CR-1484  -000,0.474,0,0,1,0,0,0,0,0,0,0,0,1,0
72497813,980100,2.02E+11,20200429,1057,,,CASSIDY,,BLVD,,,,,,Y,N,NULL,NULL,NULL,N,NULL,NULL,NULL,NULL,NULL,NULL,0.2,NULL,NULL,NULL,NULL,,NULL,0,0,2,2,Y,N,NULL,NULL,98,9801,NULL,,Y,37.50403,37,30.242,NULL,-82.53523,82,32.114,NULL,N,NULL,NULL,NULL,NULL,NULL,NULL,NULL,NULL,7,97,NULL,6,1,1,3,2,1,3,N,NULL,N,N,1057,1107,,N,NULL,90,,,N,,N,N,,NULL,NULL,2020,O,7.24978E+11,098-CS-1191  -000,LOW,098-CS-1191  -000,0.2,0,0,0,1,0,0,1,0,0,0,0,0,0
72628479,KSP0900,21-194473,20210514,442,,,ELKHORN,,CRK,KY0197,KY0197,0,098 KY-197,KY0197,N,N,NULL,NULL,NULL,N,NULL,NULL,NULL,NULL,NULL,NULL,9.526,NULL,NULL,NULL,NULL,,NULL,0,0,1,1,N,N,45,NULL,98,9801,NULL,,Y,37.26472,37,15.884,NULL,-82.43698,82,26.219,NULL,N,NULL,NULL,NULL,NULL,NULL,NULL,NULL,NULL,9,3,2,6,1,1,2,6,7,3,N,NULL,N,N,410,434,434,N,NULL,70,7,0,N,,N,N,098-KY-0197-0,NULL,NULL,2021,O,7.26285E+11,098-KY-0197  -000,HIGH,098-KY-0197  -000,9.526,0,0,0,0,0,0,0,0,1,0,0,1,0
72499053,980100,2.02E+11,20200505,1033,,,US23,,,US0023,US0023,0,098 US-23,US0023,N,N,NULL,NULL,NULL,N,NULL,NULL,NULL,NULL,NULL,NULL,23.061,NULL,NULL,NULL,NULL,,NULL,0,0,2,2,N,N,55,NULL,98,9801,NULL,,Y,37.46593,37,27.956,NULL,-82.52804,82,31.682,NULL,N,NULL,NULL,NULL,NULL,NULL,NULL,NULL,NULL,5,3,4,6,1,5,6,2,7,3,N,NULL,Y,N,1034,1040,1040,N,NULL,49,,1,N,,N,N,098-US-0023-0,NULL,NULL,2020,O,7.24991E+11,098-US-0023  -000,HIGH,098-US-0023  -000,23.061,0,0,0,1,0,0,0,0,0,0,0,0,0
72628013,KSP0900,21-211067,20210524,1208,,,DORTON-JENKINS,,HWY,KY0805,KY0805,0,098 KY-805,KY0805,N,N,NULL,NULL,NULL,N,NULL,NULL,NULL,NULL,NULL,NULL,2.074,NULL,NULL,NULL,NULL,,NULL,0,0,2,2,N,N,55,NULL,98,9809,NULL,,Y,37.21987,37,13.192,NULL,-82.56421,82,33.852,NULL,N,NULL,NULL,NULL,NULL,NULL,NULL,NULL,NULL,8,3,2,6,1,1,2,2,7,3,N,NULL,Y,N,1248,1308,1308,N,NULL,53,7,0,N,,N,N,098-KY-0805-0,NULL,NULL,2021,O,7.2628E+11,098-KY-0805  -000,HIGH,098-KY-0805  -000,2.074,0,1,0,1,0,0,0,0,0,0,0,1,0
72591712,KSP0900,21-47918,20210205,1704,,,TOLER,,RD,KY0319,KY0319,0,098 KY-319,KY0319,N,N,NULL,NULL,NULL,N,NULL,NULL,NULL,NULL,NULL,NULL,2.091,NULL,NULL,NULL,NULL,,NULL,0,0,2,2,N,N,55,NULL,98,9842,NULL,,Y,37.59821,37,35.893,NULL,-82.20578,82,12.347,NULL,N,NULL,NULL,NULL,NULL,NULL,NULL,NULL,NULL,5,3,2,1,1,1,2,2,7,3,N,NULL,Y,Y,1706,1717,1753,N,NULL,49,7,0,N,,N,N,098-KY-0319-0,NULL,NULL,2021,O,7.25917E+11,098-KY-0319  -000,HIGH,098-KY-0319  -000,2.091,0,0,0,1,0,0,1,0,0,0,0,0,0
72589755,KSP0900,21-402231,20210130,1951,,,FORD MOUNTAIN,,RD,,,0,098 CR-1364Q4,CR1364Q4,N,N,NULL,NULL,NULL,N,NULL,NULL,NULL,NULL,NULL,NULL,0.773,NULL,NULL,NULL,NULL,,NULL,0,0,1,1,N,N,35,NULL,98,9887,NULL,,Y,37.57442,37,34.465,NULL,-82.44834,82,26.901,NULL,N,NULL,NULL,NULL,NULL,NULL,NULL,NULL,NULL,9,5,1,6,1,5,8,6,7,3,N,NULL,Y,N,1951,2130,2130,N,NULL,51,,,N,,N,N,098-CR-1364Q4-0,NULL,NULL,2021,O,7.25898E+11,098-CR-1364Q4-000,HIGH,098-CR-1364Q4-000,0.773,0,0,0,0,0,0,0,0,0,0,0,1,0