MasterFile,AgencyORINumber,LocalCode,CollisionDate,CollisionTime,CollisionDayWeekCode,RoadwayName_HouseBusinessNumber_,RoadwayName_RoadwayName_,RoadwayName_Direction_,RoadwayName_RoadwaySuffix_,RoadwayfromReport,CurrentRoadwayNumber,RoadwayNumberCoupletID,RSEUniqueGIS,RoadwayIdentifier,ParkingLotIndicator,IntersectionWith_Indicator_,IntersectionWith_NameRoadway_,IntersectionWith_Direction_,IntersectionWith_RoadwaySuffix_,BetweenStreets_Indicator_,BetweenStreets1_NameRoadway_,BetweenStreet1_Direction_,BetweenStreets1_RoadwaySuffix_,BetweenStreets2_NameRoadway_,BetweenStreets2_Direction_,BetweenStreets2_RoadwaySuffix_,Milepoint,ReportMilepointDeriveNumber,CurrentDerivedMiepointNumber,MilestoMilepoint,FeettoMilepoint,DirectionfromMilepoint_NSEW_,ValidMilepointIndicator,NumberInjured,NumberKilled,ofUnits,ofMotorVehicleUnits,Hit&RunIndicator,OneWayIndicator,SpeedLimitNumber,KilometersIndicator,CountyCode,CityCountyCode,MilesFromCity,DirectionFromCity_NSEW_,InCityLimitsIndicator,Latitude,LatitudeDegrees,LatitudeMinutes,LatitudeSeconds,Longitude,LongitudeDegrees,LongitudeMinutes,LongitudeSeconds,RampIndicator,RampFromIdentifier,RampFromDirCode,RampFromCoupletID,RSEUniqueGISRampFrom,RampToidentifier,RampToDirCode,RampToCoupletID,RSEUniqueGisRampTo,MannerofCollisionCode,LocationFirstEventCode,TotalLanes,RoadwayCharacterCode,RoadwaySurfaceCode,RoadwayConditionCode,WeatherCode,LightConditionCode,LandUseCode,SchoolBusRelatedCode,FirstAidSceneIndicator,CollDescPresentInd,InvestigationCompleteIndicator,PhotosTakenIndicator,TimeNotified,TimeArrived,TimeRoadwayOpened,PropertyDamageIndicator,DiagramPresentIndicator,DirectionalAnalysis,FunctionClassCode,NationalHwySysCode,EnforcementsIndicator,KARSCityCode,SecondaryCollisionIndicator,MedianCrossoverIndicator,RT_UNIQUE,MapIt,TimeLastLeft,YR,KABCO,MFNY,WorkingRID,RT_CONFIDENCE,KTC_RT,KTC_MP,Motorcyclist,CommercialVehicle,YoungDriver,MatureDriver,pedestrian,Bicyclist,Distracted,agressive,Impaired,Unrestrained,Intersection,RoadwayDeparture,MedXover
72542318,980100,2.02E+11,20200914,1602,,667,BYPASS,,RD,,,,,,Y,N,NULL,NULL,NULL,N,NULL,NULL,NULL,NULL,NULL,NULL,NULL,NULL,NULL,NULL,NULL,NULL,NULL,0,0,2,2,N,N,NULL,NULL,98,9801,NULL,,Y,37.4786,37,28.716,NULL,-82.51533,82,30.92,NULL,N,NULL,NULL,NULL,NULL,NULL,NULL,NULL,NULL,5,97,NULL,6,1,1,2,2,1,3,N,NULL,Y,N,1602,1613,1613,N,NULL,90,,,N,,N,N,,NULL,NULL,2020,O,7.25423E+11,098-KY-1426  -000,MEDIUM,098-KY-1426  -000,6.273,0,0,0,1,0,0,0,0,0,0,0,0,0
72547690,KSP0900,20-719040,20200929,555,,,KY194,,,KY0194,KY0194,0,098 KY-194,KY0194,N,N,NULL,NULL,NULL,N,NULL,NULL,NULL,NULL,NULL,NULL,8.149,NULL,NULL,NULL,NULL,,NULL,0,0,1,1,N,N,55,NULL,98,9831,NULL,,Y,37.61117,37,36.67,NULL,-82.5335,82,32.01,NULL,N,NULL,NULL,NULL,NULL,NULL,NULL,NULL,NULL,9,3,2,3,1,5,6,6,7,3,N,NULL,Y,N,557,645,800,N,NULL,44,7,0,N,,N,N,098-KY-0194-0,NULL,NULL,2020,O,7.25477E+11,098-KY-0194  -000,HIGH,098-KY-0194  -000,8.149,0,0,0,0,0,0,0,0,0,0,0,1,0
72552292,980100,2.02E+11,20201013,1438,,,US23,,,US0023,US0023,0,098 US-23-10,US0023,N,N,NULL,NULL,NULL,N,NULL,NULL,NULL,NULL,NULL,NULL,26.722,NULL,NULL,NULL,NULL,,NULL,0,0,2,2,N,N,55,NULL,98,9801,NULL,,Y,37.50847,37,30.508,NULL,-82.5368,82,32.208,NULL,N,NULL,NULL,NULL,NULL,NULL,NULL,NULL,NULL,5,3,4,6,1,1,2,2,7,3,N,NULL,Y,N,1438,1447,,N,NULL,49,,1,N,,N,N,098-US-0023-10,NULL,NULL,2020,O,7.25523E+11,098-US-0023  -010,HIGH,098-US-0023  -000,26.722,0,0,0,1,0,0,0,0,0,0,0,0,0
72583738,370200,2021-05755,20210105,1102,,,TOLER,,RD,KY0319,KY0319,0,098 KY-319,KY0319,N,N,NULL,NULL,NULL,N,NULL,NULL,NULL,NULL,NULL,NULL,4.561,NULL,NULL,NULL,NULL,,NULL,1,0,2,2,N,N,35,NULL,98,9863,NULL,,Y,37.61497,37,36.898,NULL,-82.24007,82,14.404,NULL,N,NULL,NULL,NULL,NULL,NULL,NULL,NULL,NULL,3,3,2,3,1,5,3,2,7,3,Y,NULL,Y,Y,1102,1132,1230,N,NULL,52,7,0,Y,,N,N,098-KY-0319-0,NULL,NULL,2021,C,7.25837E+11,098-KY-0319  -000,MEDIUM,098-KY-0319  -000,4.561,0,1,1,0,0,0,1,0,0,0,0,1,0
72560149,980100,2.02E+11,20201102,1455,,,MAYO,S,TRL,US0023,US0023,0,098 US-23-10,US0023,N,N,NULL,NULL,NULL,N,NULL,NULL,NULL,NULL,NULL,NULL,21.312,NULL,NULL,NULL,NULL,,NULL,0,0,2,2,N,N,55,NULL,98,9801,NULL,,Y,37.44934,37,26.96,NULL,-82.52478,82,31.487,NULL,N,NULL,NULL,NULL,NULL,NULL,NULL,NULL,NULL,8,3,4,6,1,1,2,2,7,3,N,NULL,Y,N,1455,1500,1500,N,NULL,53,,1,N,,N,N,098-US-0023-10,NULL,NULL,2020,O,7.25601E+11,098-US-0023  -010,HIGH,098-US-0023  -000,21.312,0,0,0,0,0,0,0,0,0,0,0,1,0
72587137,980100,2.021E+11,20210123,1303,,,US23,,,US0023,US0023,0,098 US-23-10,US0023,N,N,NULL,NULL,NULL,N,NULL,NULL,NULL,NULL,NULL,NULL,26.26,NULL,NULL,NULL,NULL,,NULL,0,0,2,2,N,N,55,NULL,98,9801,NULL,,Y,37.50334,37,30.2,NULL,-82.5323,82,31.938,NULL,N,NULL,NULL,NULL,NULL,NULL,NULL,NULL,NULL,8,3,4,6,1,1,2,2,7,3,N,NULL,Y,N,1303,1309,1309,N,NULL,53,,1,N,,N,N,098-US-0023-10,NULL,NULL,2021,O,7.25871E+11,098-US-0023  -010,HIGH,098-US-0023  -000,26.26,0,0,0,1,0,0,0,0,0,0,0,1,0
72533950,980100,2.02E+11,20200818,1717,,,CHLOE,,RD,KY1460,KY1460,,,,N,N,NULL,NULL,NULL,N,NULL,NULL,NULL,NULL,NULL,NULL,4.41,NULL,NULL,NULL,NULL,,NULL,0,0,2,2,N,N,35,NULL,98,9801,NULL,,Y,37.47733,37,28.64,NULL,-82.5038,82,30.228,NULL,N,NULL,NULL,NULL,NULL,NULL,NULL,NULL,NULL,7,3,2,6,1,1,2,2,6,3,N,NULL,Y,N,1717,1726,,N,NULL,54,,0,N,,N,N,,NULL,NULL,2020,O,7.2534E+11,098-KY-1460  -000,HIGH,098-KY-1460  -000,4.41,0,0,0,0,0,0,0,0,0,0,0,1,0
72573178,KSP0900,20-820100,20201208,1315,,,KY632,,,KY0632,KY0632,0,098 KY-632,KY0632,N,N,NULL,NULL,NULL,N,NULL,NULL,NULL,NULL,NULL,NULL,11.961,NULL,NULL,NULL,NULL,,NULL,0,0,1,1,N,N,55,NULL,98,9804,NULL,,Y,37.50313,37,30.188,NULL,-82.1753,82,10.518,NULL,N,NULL,NULL,NULL,NULL,NULL,NULL,NULL,NULL,9,3,2,3,1,1,3,2,7,3,N,NULL,N,N,1315,1345,1400,N,NULL,40,6,0,N,,N,N,098-KY-0632-0,NULL,NULL,2020,O,7.25732E+11,098-KY-0632  -000,HIGH,098-KY-0632  -000,11.961,0,0,0,0,0,0,0,0,0,0,0,1,0
72583043,KSP0900,21-11337,20210109,936,,,US119,,,US0119,US0119,0,098 US-119,US0119,Y,N,NULL,NULL,NULL,N,NULL,NULL,NULL,NULL,NULL,NULL,24.745,NULL,NULL,NULL,NULL,,NULL,0,0,2,2,N,N,15,NULL,98,9834,NULL,,Y,37.66647,37,39.988,NULL,-82.27518,82,16.511,NULL,N,NULL,NULL,NULL,NULL,NULL,NULL,NULL,NULL,2,97,4,6,1,1,2,2,1,3,N,NULL,Y,Y,938,950,950,N,NULL,90,2,1,N,,N,N,098-US-0119-0,NULL,NULL,2021,O,7.2583E+11,098-US-0119  -000,MEDIUM,098-US-0119  -000,24.745,0,0,0,1,0,0,1,0,0,0,0,0,0
72608759,980000,2103007,20210331,1100,,,"HWY,1056 MCCARR",,,,,,,,N,N,NULL,NULL,NULL,N,NULL,NULL,NULL,NULL,NULL,NULL,NULL,NULL,NULL,NULL,NULL,NULL,NULL,0,0,1,1,N,N,55,NULL,98,9863,9,E,Y,37.59209,37,35.525,NULL,-82.17242,82,10.345,NULL,N,NULL,NULL,NULL,NULL,NULL,NULL,NULL,NULL,9,3,2,1,1,5,6,2,7,3,N,NULL,N,Y,1125,1200,1250,N,NULL,40,,,N,,N,N,,NULL,NULL,2021,O,7.26088E+11,098-KY-1056  -000,MEDIUM,098-KY-1056  -000,8.736,0,0,0,0,0,0,0,1,0,0,0,1,0
72584283,980100,2.021E+11,20210113,1032,,,CASSIDY,,BLVD,,,,,,Y,N,NULL,NULL,NULL,N,NULL,NULL,NULL,NULL,NULL,NULL,0.431,NULL,NULL,NULL,NULL,,NULL,0,0,2,2,N,Y,NULL,NULL,98,9801,NULL,,Y,37.50436,37,30.262,NULL,-82.53887,82,32.332,NULL,N,NULL,NULL,NULL,NULL,NULL,NULL,NULL,NULL,2,97,1,6,1,1,2,2,1,3,N,NULL,Y,N,1032,1032,,N,NULL,90,,,N,,N,N,,NULL,NULL,2021,O,7.25843E+11,098-CS-1191  -000,MEDIUM,098-CS-1191  -000,0.431,0,0,0,0,0,0,1,0,0,0,0,0,0
72562099,KSP0900,20-771863,20201104,1616,,,US119,,,US0119,US0119,0,098 US-119,US0119,N,N,NULL,NULL,NULL,N,NULL,NULL,NULL,NULL,NULL,NULL,24.829,NULL,NULL,NULL,NULL,,NULL,0,0,2,2,N,N,55,NULL,98,9834,NULL,,Y,37.66622,37,39.973,NULL,-82.27531,82,16.519,NULL,N,NULL,NULL,NULL,NULL,NULL,NULL,NULL,NULL,8,3,4,6,1,1,2,2,7,3,N,NULL,Y,N,1616,1627,1650,N,NULL,53,2,1,N,,N,N,098-US-0119-0,NULL,NULL,2020,O,7.25621E+11,098-US-0119  -000,HIGH,098-US-0119  -000,24.829,0,0,0,0,0,0,1,0,0,0,0,1,0
72552669,KSP0900,20-741540,20201014,1655,,,FISHTRAP,,RD,KY1441,KY1441,,,,N,N,NULL,NULL,NULL,N,NULL,NULL,NULL,NULL,NULL,NULL,9.299,NULL,NULL,NULL,NULL,,NULL,0,0,2,2,N,N,45,NULL,98,9850,NULL,,Y,37.50644,37,30.386,NULL,-82.45001,82,27.001,NULL,N,NULL,NULL,NULL,NULL,NULL,NULL,NULL,NULL,7,3,2,6,1,1,2,2,8,3,N,NULL,N,N,1655,1725,1725,N,NULL,54,8,0,N,,N,N,,NULL,NULL,2020,O,7.25527E+11,098-KY-1441  -000,HIGH,098-KY-1441  -000,9.299,0,0,0,0,0,0,1,0,0,0,0,1,0
72547099,980100,2.02E+11,20200928,1215,,,KY3496,,,KY3496,KY3496,0,098 KY-3496,KY3496,Y,N,NULL,NULL,NULL,N,NULL,NULL,NULL,NULL,NULL,NULL,0.837,NULL,NULL,NULL,NULL,,NULL,0,0,2,1,N,N,10,NULL,98,9801,NULL,,Y,37.47195,37,28.317,NULL,-82.52884,82,31.73,NULL,N,NULL,NULL,NULL,NULL,NULL,NULL,NULL,NULL,9,97,2,6,1,1,2,2,1,3,N,NULL,Y,N,1226,1231,1231,N,NULL,90,16,0,N,,N,N,098-KY-3496-0,NULL,NULL,2020,O,7.25471E+11,098-KY-3496  -000,HIGH,098-KY-3496  -000,0.837,0,0,0,0,1,0,1,0,0,0,0,0,0
72547427,KSP0900,20-714029,20200925,1538,,,GREASY,,CRK,KY3226,KY3226,0,098 KY-3226,KY3226,N,N,NULL,NULL,NULL,N,NULL,NULL,NULL,NULL,NULL,NULL,1.195,NULL,NULL,NULL,NULL,,NULL,0,0,2,2,N,N,35,NULL,98,9824,NULL,,Y,37.39397,37,23.638,NULL,-82.46725,82,28.035,NULL,N,NULL,NULL,NULL,NULL,NULL,NULL,NULL,NULL,1,3,2,3,1,5,2,2,7,3,N,NULL,Y,N,1544,1604,,N,NULL,55,8,0,N,,N,N,098-KY-3226-0,NULL,NULL,2020,O,7.25474E+11,098-KY-3226  -000,HIGH,098-KY-3226  -000,1.195,0,0,0,0,0,0,0,0,0,0,0,0,0
72470341,980100,2.02E+11,20200131,1800,,,CASSIDY,,BLVD,,,,,,Y,N,NULL,NULL,NULL,N,NULL,NULL,NULL,NULL,NULL,NULL,0.25,NULL,NULL,NULL,NULL,,NULL,0,0,2,2,N,Y,15,NULL,98,9801,NULL,,Y,37.50483,37,30.289,NULL,-82.53593,82,32.156,NULL,N,NULL,NULL,NULL,NULL,NULL,NULL,NULL,NULL,3,97,1,6,1,1,3,5,1,3,N,NULL,Y,N,1800,1809,,N,NULL,90,,,N,,N,N,,NULL,NULL,2020,O,7.24703E+11,098-CS-1191  -000,MEDIUM,098-CS-1191  -000,0.25,0,0,1,0,0,0,1,0,0,0,0,1,0
72540933,980100,2.02E+11,20200910,915,,,2ND,,ST,,,0,098 CS-1117,CS1117,N,N,NULL,NULL,NULL,N,NULL,NULL,NULL,NULL,NULL,NULL,0.042,NULL,NULL,NULL,NULL,,NULL,0,0,2,2,N,N,15,NULL,98,9801,NULL,,Y,37.483,37,28.98,NULL,-82.51604,82,30.962,NULL,N,NULL,NULL,NULL,NULL,NULL,NULL,NULL,NULL,2,97,1,6,1,1,2,2,6,3,N,NULL,Y,N,940,955,955,N,NULL,56,,,Y,,N,N,098-CS-1117-0,NULL,NULL,2020,O,7.25409E+11,098-CS-1117  -000,HIGH,098-CS-1117  -000,0.042,0,0,0,0,0,0,1,0,0,0,0,1,0
72537459,KSP0900,2020-665161,20200824,1600,,,KY1056,,,KY1056,KY1056,0,098 KY-1056,KY1056,N,N,NULL,NULL,NULL,N,NULL,NULL,NULL,NULL,NULL,NULL,11.379,NULL,NULL,NULL,NULL,,NULL,4,0,2,2,N,N,35,NULL,98,9863,NULL,,Y,37.61839,37,37.103,NULL,-82.16575,82,9.945,NULL,N,NULL,NULL,NULL,NULL,NULL,NULL,NULL,NULL,1,3,2,3,1,1,2,2,7,3,N,NULL,N,Y,1453,1453,1453,N,NULL,55,7,0,N,,N,N,098-KY-1056-0,NULL,NULL,2020,B,7.25375E+11,098-KY-1056  -000,HIGH,098-KY-1056  -000,11.379,0,0,0,1,0,0,0,0,0,1,0,0,0
72578384,980100,2.02E+11,20201217,1159,,,BYPASS,S,RD,KY1426,KY1426,,,,Y,N,NULL,NULL,NULL,N,NULL,NULL,NULL,NULL,NULL,NULL,5.755,NULL,NULL,NULL,NULL,,NULL,0,0,2,2,Y,N,NULL,NULL,98,9801,NULL,,Y,37.47318,37,28.39,NULL,-82.52177,82,31.306,NULL,N,NULL,NULL,NULL,NULL,NULL,NULL,NULL,NULL,7,97,NULL,6,1,1,2,2,1,3,N,NULL,N,N,1159,1204,,N,NULL,90,,0,N,,N,N,,NULL,NULL,2020,NULL,7.25784E+11,098-KY-1426  -000,HIGH,098-KY-1426  -000,5.755,0,0,0,0,0,0,0,0,0,0,0,0,0
72574653,KSP0900,20-820145,20201208,1354,,410,COON,,BR,,,0,098 CR-1302,CR1302,N,N,NULL,NULL,NULL,N,NULL,NULL,NULL,NULL,NULL,NULL,0.381,NULL,NULL,NULL,NULL,,NULL,1,0,2,2,N,N,25,NULL,98,9801,NULL,,Y,37.45351,37,27.21,NULL,-82.55276,82,33.165,NULL,N,NULL,NULL,NULL,NULL,NULL,NULL,NULL,NULL,7,3,1,1,1,1,2,2,7,3,N,NULL,Y,Y,1359,1425,,N,NULL,54,,,N,,N,N,098-CR-1302-0,NULL,NULL,2020,C,7.25747E+11,098-CR-1302  -000,HIGH,098-CR-1302  -000,0.381,0,0,1,1,0,0,0,0,0,0,0,1,0
72583427,KSP0900,21-14264,20210111,1610,,,COWPEN,,RD,KY2061,KY2061,,,,N,N,NULL,NULL,NULL,N,NULL,NULL,NULL,NULL,NULL,NULL,6.461,NULL,NULL,NULL,NULL,,NULL,0,0,2,2,N,N,35,NULL,98,9801,NULL,,Y,37.59391,37,35.635,NULL,-82.5349,82,32.094,NULL,N,NULL,NULL,NULL,NULL,NULL,NULL,NULL,NULL,7,3,2,6,1,1,2,2,7,3,N,NULL,Y,N,1615,1700,1700,N,NULL,54,,0,N,,N,N,,NULL,NULL,2021,O,7.25834E+11,098-KY-2061  -000,MEDIUM,098-KY-2061  -000,6.461,0,0,0,0,0,0,0,0,0,0,0,1,0
72579170,980000,20-12-006,20201209,1730,,,KY1469,,,KY1469,KY1469,0,098 KY-1469,KY1469,N,N,NULL,NULL,NULL,N,NULL,NULL,NULL,NULL,NULL,NULL,14.091,NULL,NULL,NULL,NULL,,NULL,2,0,2,2,N,N,55,NULL,98,9827,NULL,,Y,37.36023,37,21.614,NULL,-82.55505,82,33.303,NULL,N,NULL,NULL,NULL,NULL,NULL,NULL,NULL,NULL,4,3,2,6,1,1,2,6,7,3,Y,NULL,Y,Y,1730,1717,1845,N,NULL,70,7,0,N,,N,N,098-KY-1469-0,NULL,NULL,2020,C,7.25792E+11,098-KY-1469  -000,HIGH,098-KY-1469  -000,14.091,0,0,0,0,0,0,1,1,0,0,0,0,0
72569454,KSP0900,20-803017,20201125,1330,,,KY122,,,KY0122,KY0122,0,098 KY-122,KY0122,Y,N,NULL,NULL,NULL,N,NULL,NULL,NULL,NULL,NULL,NULL,10.023,NULL,NULL,NULL,NULL,,NULL,0,0,2,2,Y,N,NULL,NULL,98,9823,NULL,,Y,37.38689,37,23.214,NULL,-82.5497,82,32.982,NULL,N,NULL,NULL,NULL,NULL,NULL,NULL,NULL,NULL,2,7,2,6,1,1,2,2,7,3,N,NULL,Y,N,1330,1402,1402,N,NULL,90,,0,N,,N,N,098-KY-0122-0,NULL,NULL,2020,NULL,7.25695E+11,098-KY-0122  -000,HIGH,098-KY-0122  -000,10.023,0,0,0,0,0,0,1,0,0,0,0,0,0
72561619,980100,2.02E+11,20201103,1632,,,HAMBLEY,,BLVD,,,,,,N,Y,JULIUS,,AVE,N,NULL,NULL,NULL,NULL,NULL,NULL,0.307,NULL,NULL,NULL,NULL,,NULL,0,0,2,2,N,N,25,NULL,98,9801,NULL,,Y,37.47624,37,28.575,NULL,-82.52258,82,31.355,NULL,N,NULL,NULL,NULL,NULL,NULL,NULL,NULL,NULL,1,3,2,6,1,1,2,2,7,3,N,NULL,Y,N,1633,1636,,N,NULL,10,,,N,,N,N,,NULL,NULL,2020,O,7.25616E+11,098-CS-1222  -000,LOW,098-CS-1222  -000,0.307,0,0,0,0,0,0,0,1,0,0,1,0,0
72555890,980100,2.02E+11,20201022,2002,,,LYKINS,,CRK,,,0,098 CR-1377,CR1377,N,N,NULL,NULL,NULL,N,NULL,NULL,NULL,NULL,NULL,NULL,0.238,NULL,NULL,NULL,NULL,,NULL,0,0,2,2,N,N,15,NULL,98,9801,NULL,,Y,37.50478,37,30.287,NULL,-82.54825,82,32.895,NULL,N,NULL,NULL,NULL,NULL,NULL,NULL,NULL,NULL,2,97,1,6,1,1,2,8,5,3,N,NULL,Y,N,2006,2013,,N,NULL,47,,,N,,N,N,098-CR-1377-0,NULL,NULL,2020,O,7.25559E+11,098-CS-1249  -000,MEDIUM,098-CS-1249  -000,0.238,0,0,0,0,0,0,1,0,0,0,0,0,0
72578745,980100,2.02E+11,20201224,1235,,,US23 SOUTH,S,,US0023,US0023,,,,N,N,NULL,NULL,NULL,N,NULL,NULL,NULL,NULL,NULL,NULL,NULL,NULL,NULL,NULL,NULL,NULL,NULL,0,0,2,2,N,N,55,NULL,98,9801,NULL,,Y,37.50338,37,30.203,NULL,-82.53233,82,31.939,NULL,N,NULL,NULL,NULL,NULL,NULL,NULL,NULL,NULL,1,3,6,6,1,5,3,2,1,3,N,NULL,Y,N,1235,1245,,N,NULL,55,,1,N,,N,N,,NULL,NULL,2020,O,7.25787E+11,098-US-0023  -010,MEDIUM,098-US-0023  -000,26.263,0,0,1,0,0,0,0,0,0,0,0,1,0
72539004,980100,2.02E+11,20200902,1041,,575,CHLOE,,RD,KY1460,KY1460,0,098 KY-1460,KY1460,Y,N,NULL,NULL,NULL,N,NULL,NULL,NULL,NULL,NULL,NULL,3.893,NULL,NULL,NULL,NULL,,NULL,0,0,2,2,Y,N,NULL,NULL,98,9801,NULL,,Y,37.47705,37,28.623,NULL,-82.4949,82,29.694,NULL,N,NULL,NULL,NULL,NULL,NULL,NULL,NULL,NULL,4,97,1,4,3,8,6,2,5,3,N,NULL,Y,N,1041,1049,1049,N,NULL,90,,0,Y,,N,N,098-KY-1460-0,NULL,NULL,2020,O,7.2539E+11,098-KY-1460  -000,HIGH,098-KY-1460  -000,3.893,0,0,0,0,0,0,0,0,1,0,0,0,0
72573030,KSP0900,20-815531,20201204,2031,,272,ISLAND CREEK,,RD,KY1426,KY1426,0,098 KY-1426,KY1426,N,N,NULL,NULL,NULL,N,NULL,NULL,NULL,NULL,NULL,NULL,1.743,NULL,NULL,NULL,NULL,,NULL,0,0,2,2,Y,N,55,NULL,98,9801,NULL,,Y,37.46017,37,27.61,NULL,-82.56381,82,33.829,NULL,N,NULL,NULL,NULL,NULL,NULL,NULL,NULL,NULL,1,97,2,6,3,5,2,6,6,3,N,NULL,N,N,2034,2101,,N,NULL,47,8,0,N,,N,N,098-KY-1426-0,NULL,NULL,2020,NULL,7.2573E+11,098-KY-1426  -000,HIGH,098-KY-1426  -000,1.743,0,0,0,0,0,0,0,0,0,0,0,0,0
72569024,980100,2.02E+11,20201119,1100,,,CHLOE,,RD,KY1460,KY1460,0,098 KY-1460,KY1460,N,N,NULL,NULL,NULL,N,NULL,NULL,NULL,NULL,NULL,NULL,3.924,NULL,NULL,NULL,NULL,,NULL,1,0,1,1,N,N,35,NULL,98,9801,NULL,,Y,37.47687,37,28.612,NULL,-82.49538,82,29.723,NULL,N,NULL,NULL,NULL,NULL,NULL,NULL,NULL,NULL,9,5,2,3,1,1,3,2,6,3,Y,NULL,Y,Y,1100,1101,1135,N,NULL,51,,0,Y,,N,N,098-KY-1460-0,NULL,NULL,2020,A,7.2569E+11,098-KY-1460  -000,HIGH,098-KY-1460  -000,3.924,0,0,0,0,0,0,0,0,1,1,0,1,0
72527628,980500,2020AR036,20200803,1316,,,BROAD BOTTOM ROAD,,,,,,,,N,N,NULL,NULL,NULL,N,NULL,NULL,NULL,NULL,NULL,NULL,NULL,NULL,NULL,NULL,NULL,NULL,NULL,0,0,2,2,N,N,25,NULL,98,9807,NULL,,Y,37.53079,37,31.848,NULL,-82.57916,82,34.75,NULL,N,NULL,NULL,NULL,NULL,NULL,NULL,NULL,NULL,1,3,2,6,1,1,2,2,6,3,Y,NULL,Y,Y,1320,1322,1347,N,NULL,55,,,Y,,N,N,,NULL,NULL,2020,O,7.25276E+11,098-CR-1426G -000,MEDIUM,098-CR-1426G -000,0.002,0,0,0,1,0,0,1,0,0,0,0,0,0
72550028,KSP0900,20-713847,20200925,1354,,,US119,,,US0119,US0119,0,098 US-119,US0119,N,N,NULL,NULL,NULL,N,NULL,NULL,NULL,NULL,NULL,NULL,18.909,NULL,NULL,NULL,NULL,,NULL,1,0,2,2,N,N,55,NULL,98,9814,NULL,,Y,37.60051,37,36.031,NULL,-82.27587,82,16.552,NULL,N,NULL,NULL,NULL,NULL,NULL,NULL,NULL,NULL,1,3,4,6,1,1,2,2,7,3,Y,NULL,Y,Y,1354,1405,1430,N,NULL,55,2,1,N,,N,N,098-US-0119-0,NULL,NULL,2020,C,7.255E+11,098-US-0119  -000,HIGH,098-US-0119  -000,18.909,0,0,0,0,0,0,1,1,0,0,0,0,0
72542149,980100,2.02E+11,20200914,1312,,,BYPASS,S,RD,KY1426,KY1426,,,,Y,N,NULL,NULL,NULL,N,NULL,NULL,NULL,NULL,NULL,NULL,5.687,NULL,NULL,NULL,NULL,,NULL,0,0,2,2,N,N,NULL,NULL,98,9801,NULL,,Y,37.47273,37,28.364,NULL,-82.5229,82,31.374,NULL,N,NULL,NULL,NULL,NULL,NULL,NULL,NULL,NULL,1,97,2,4,2,1,2,2,1,3,N,NULL,Y,N,1314,1319,,N,NULL,90,,0,N,,N,N,,NULL,NULL,2020,O,7.25421E+11,098-KY-1426  -000,HIGH,098-KY-1426  -000,5.687,0,0,0,0,0,0,1,0,0,0,0,0,0
72558364,KSP0900,20-762394,20201029,928,,,KY1469,,,KY1469,KY1469,0,098 KY-1469,KY1469,N,N,NULL,NULL,NULL,N,NULL,NULL,NULL,NULL,NULL,NULL,5.247,NULL,NULL,NULL,NULL,,NULL,0,0,2,2,N,N,55,NULL,98,9827,5,W,N,37.29615,37,17.769,NULL,-82.66453,82,39.872,NULL,N,NULL,NULL,NULL,NULL,NULL,NULL,NULL,NULL,1,3,2,3,1,5,6,2,7,3,N,NULL,Y,N,928,951,955,N,NULL,55,8,0,N,,N,N,098-KY-1469-0,NULL,NULL,2020,O,7.25584E+11,098-KY-1469  -000,HIGH,098-KY-1469  -000,5.247,0,0,0,1,0,0,0,1,0,0,0,0,0
72576974,KSP0900,20-830170,20201215,2134,,26,FLEMING,,BR,,,0,098 CR-1950,CR1950,N,N,NULL,NULL,NULL,N,NULL,NULL,NULL,NULL,NULL,NULL,0.188,NULL,NULL,NULL,NULL,,NULL,0,0,2,2,N,N,5,NULL,98,9809,NULL,,Y,37.27418,37,16.451,NULL,-82.57364,82,34.418,NULL,N,NULL,NULL,NULL,NULL,NULL,NULL,NULL,NULL,2,97,1,6,1,1,2,6,5,3,N,NULL,Y,N,2134,2206,2230,N,NULL,47,,,N,,N,N,098-CR-1950-0,NULL,NULL,2020,O,7.2577E+11,098-CR-1950  -000,HIGH,098-CR-1950  -000,0.188,0,0,0,0,0,0,0,0,0,0,0,0,0
72585864,980100,2.021E+11,20210111,1142,,,BAIRD,,AVE,KY1426,KY1426,0,098 KY-1426,KY1426,N,N,NULL,NULL,NULL,N,NULL,NULL,NULL,NULL,NULL,NULL,5.394,NULL,NULL,NULL,NULL,,NULL,0,0,3,3,N,N,55,NULL,98,9801,NULL,,Y,37.47328,37,28.397,NULL,-82.52711,82,31.627,NULL,N,NULL,NULL,NULL,NULL,NULL,NULL,NULL,NULL,1,3,2,6,1,1,2,2,1,3,N,NULL,Y,N,1143,1150,,N,NULL,55,,0,N,,N,N,098-KY-1426-0,NULL,NULL,2021,O,7.25859E+11,098-KY-1426  -000,HIGH,098-KY-1426  -000,5.394,0,0,0,0,0,0,1,0,0,0,0,0,0
72621230,KSP0900,21-177053,20210503,615,,,TOLER,,RD,KY0319,KY0319,0,098 KY-319,KY0319,N,N,NULL,NULL,NULL,N,NULL,NULL,NULL,NULL,NULL,NULL,1.04,NULL,NULL,NULL,NULL,,NULL,1,0,1,1,N,N,55,NULL,98,9863,NULL,,Y,37.58536,37,35.122,NULL,-82.19596,82,11.758,NULL,N,NULL,NULL,NULL,NULL,NULL,NULL,NULL,NULL,9,6,2,1,1,5,3,6,7,3,Y,NULL,Y,Y,620,655,715,N,NULL,44,7,0,N,,N,N,098-KY-0319-0,NULL,NULL,2021,C,7.26212E+11,098-KY-0319  -000,HIGH,098-KY-0319  -000,1.04,0,0,0,0,0,0,1,0,0,0,0,1,0