MasterFile,AgencyORINumber,LocalCode,CollisionDate,CollisionTime,CollisionDayWeekCode,RoadwayName_HouseBusinessNumber_,RoadwayName_RoadwayName_,RoadwayName_Direction_,RoadwayName_RoadwaySuffix_,RoadwayfromReport,CurrentRoadwayNumber,RoadwayNumberCoupletID,RSEUniqueGIS,RoadwayIdentifier,ParkingLotIndicator,IntersectionWith_Indicator_,IntersectionWith_NameRoadway_,IntersectionWith_Direction_,IntersectionWith_RoadwaySuffix_,BetweenStreets_Indicator_,BetweenStreets1_NameRoadway_,BetweenStreet1_Direction_,BetweenStreets1_RoadwaySuffix_,BetweenStreets2_NameRoadway_,BetweenStreets2_Direction_,BetweenStreets2_RoadwaySuffix_,Milepoint,ReportMilepointDeriveNumber,CurrentDerivedMiepointNumber,MilestoMilepoint,FeettoMilepoint,DirectionfromMilepoint_NSEW_,ValidMilepointIndicator,NumberInjured,NumberKilled,ofUnits,ofMotorVehicleUnits,Hit&RunIndicator,OneWayIndicator,SpeedLimitNumber,KilometersIndicator,CountyCode,CityCountyCode,MilesFromCity,DirectionFromCity_NSEW_,InCityLimitsIndicator,Latitude,LatitudeDegrees,LatitudeMinutes,LatitudeSeconds,Longitude,LongitudeDegrees,LongitudeMinutes,LongitudeSeconds,RampIndicator,RampFromIdentifier,RampFromDirCode,RampFromCoupletID,RSEUniqueGISRampFrom,RampToidentifier,RampToDirCode,RampToCoupletID,RSEUniqueGisRampTo,MannerofCollisionCode,LocationFirstEventCode,TotalLanes,RoadwayCharacterCode,RoadwaySurfaceCode,RoadwayConditionCode,WeatherCode,LightConditionCode,LandUseCode,SchoolBusRelatedCode,FirstAidSceneIndicator,CollDescPresentInd,InvestigationCompleteIndicator,PhotosTakenIndicator,TimeNotified,TimeArrived,TimeRoadwayOpened,PropertyDamageIndicator,DiagramPresentIndicator,DirectionalAnalysis,FunctionClassCode,NationalHwySysCode,EnforcementsIndicator,KARSCityCode,SecondaryCollisionIndicator,MedianCrossoverIndicator,RT_UNIQUE,MapIt,TimeLastLeft,YR,KABCO,MFNY,WorkingRID,RT_CONFIDENCE,KTC_RT,KTC_MP,Motorcyclist,CommercialVehicle,YoungDriver,MatureDriver,pedestrian,Bicyclist,Distracted,agressive,Impaired,Unrestrained,Intersection,RoadwayDeparture,MedXover
72593613,980100,2.021E+11,20210204,1828,,,US23,,,US0023,US0023,,,,N,N,NULL,NULL,NULL,N,NULL,NULL,NULL,NULL,NULL,NULL,31.096,NULL,NULL,NULL,NULL,,NULL,1,0,1,1,N,N,55,NULL,98,9801,NULL,,Y,37.53857,37,32.314,NULL,-82.59393,82,35.636,NULL,N,NULL,NULL,NULL,NULL,NULL,NULL,NULL,NULL,9,3,4,3,1,5,3,6,7,3,Y,NULL,Y,Y,1831,1838,,N,NULL,40,,1,Y,,N,N,,NULL,NULL,2021,B,7.25936E+11,098-US-0023  -000,MEDIUM,098-US-0023  -000,31.096,0,0,0,0,0,0,1,0,0,0,0,1,0
72527938,980100,2.02E+11,20200804,837,,,US23,,,US0023,US0023,0,098 US-23,US0023,N,N,NULL,NULL,NULL,N,NULL,NULL,NULL,NULL,NULL,NULL,31.591,NULL,NULL,NULL,NULL,,NULL,0,0,2,2,N,N,55,NULL,98,9801,NULL,,Y,37.53688,37,32.213,NULL,-82.60184,82,36.11,NULL,N,NULL,NULL,NULL,NULL,NULL,NULL,NULL,NULL,5,3,4,6,1,1,2,2,7,3,N,NULL,Y,N,837,847,847,N,NULL,49,,1,N,,N,N,098-US-0023-0,NULL,NULL,2020,O,7.25279E+11,098-US-0023  -000,HIGH,098-US-0023  -000,31.591,0,0,0,0,0,0,0,0,0,0,0,0,0
72620128,980100,2.021E+11,20210501,700,,,US23,,,US0023,US0023,0,098 US-23,US0023,N,N,NULL,NULL,NULL,N,NULL,NULL,NULL,NULL,NULL,NULL,20.679,NULL,NULL,NULL,NULL,,NULL,0,0,1,1,N,N,55,NULL,98,9801,NULL,,Y,37.44287,37,26.572,NULL,-82.52156,82,31.293,NULL,N,NULL,NULL,NULL,NULL,NULL,NULL,NULL,NULL,9,97,4,6,1,1,2,2,1,3,N,NULL,Y,N,700,706,733,N,NULL,44,,1,N,,N,Y,098-US-0023-0,NULL,NULL,2021,NULL,7.26201E+11,098-US-0023  -000,HIGH,098-US-0023  -000,20.679,0,0,0,0,0,0,0,0,0,0,0,1,0
72553264,980100,2.02E+11,20201011,1930,,,MAYO,S,TRL,US0023,US0023,,,,N,N,NULL,NULL,NULL,N,NULL,NULL,NULL,NULL,NULL,NULL,22.945,NULL,NULL,NULL,NULL,,NULL,1,0,2,2,N,N,55,NULL,98,9801,NULL,,Y,37.46542,37,27.925,NULL,-82.52599,82,31.56,NULL,N,NULL,NULL,NULL,NULL,NULL,NULL,NULL,NULL,1,3,4,6,1,1,2,5,1,3,Y,NULL,Y,Y,1930,1935,2010,N,NULL,55,,1,Y,,N,N,,NULL,NULL,2020,B,7.25533E+11,098-US-0023  -010,MEDIUM,098-US-0023  -000,22.945,0,0,0,0,0,0,1,1,0,0,0,0,0
72568693,KSP0900,20-801409,20201124,1052,,,KY195,,,KY0195,KY0195,0,098 KY-195,KY0195,N,N,NULL,NULL,NULL,N,NULL,NULL,NULL,NULL,NULL,NULL,3.338,NULL,NULL,NULL,NULL,,NULL,1,0,1,1,N,N,45,NULL,98,9802,4,W,N,37.29296,37,17.578,NULL,-82.47136,82,28.282,NULL,N,NULL,NULL,NULL,NULL,NULL,NULL,NULL,NULL,9,5,2,6,1,1,2,2,7,3,Y,NULL,Y,Y,1052,1108,1200,N,NULL,44,8,0,N,,N,N,098-KY-0195-0,NULL,NULL,2020,B,7.25687E+11,098-KY-0195  -000,HIGH,098-KY-0195  -000,3.338,0,0,0,1,0,0,0,0,0,0,0,1,0
72571961,980100,2.02E+11,20201204,1531,,,US23,,,US0023,US0023,,,,N,N,NULL,NULL,NULL,N,NULL,NULL,NULL,NULL,NULL,NULL,26.21,NULL,NULL,NULL,NULL,,NULL,1,0,1,1,N,N,55,NULL,98,9801,NULL,,Y,37.50262,37,30.157,NULL,-82.53222,82,31.933,NULL,N,NULL,NULL,NULL,NULL,NULL,NULL,NULL,NULL,9,5,5,6,1,5,6,2,7,3,N,NULL,Y,Y,1533,1539,,Y,NULL,40,,1,N,,N,N,,NULL,NULL,2020,C,7.2572E+11,098-US-0023  -000,MEDIUM,098-US-0023  -000,26.21,0,0,0,0,0,0,0,0,0,0,0,1,0
72579748,KSP0900,20-847476,20201228,2053,,,US119,,,US0119,US0119,0,098 US-119,US0119,N,N,NULL,NULL,NULL,N,NULL,NULL,NULL,NULL,NULL,NULL,8.031,NULL,NULL,NULL,NULL,,NULL,1,0,1,1,N,N,55,NULL,98,9801,NULL,,Y,37.55877,37,33.526,NULL,-82.42311,82,25.387,NULL,N,NULL,NULL,NULL,NULL,NULL,NULL,NULL,NULL,9,3,4,6,1,1,2,4,7,3,N,NULL,N,N,2153,2129,2250,N,NULL,44,2,1,N,,N,N,098-US-0119-0,NULL,NULL,2020,C,7.25797E+11,098-US-0119  -000,HIGH,098-US-0119  -000,8.031,0,0,1,0,0,0,0,0,0,0,0,1,0
72603371,KSP0900,21-102926,20210315,1000,,,DAVIS,,BR,,,0,098 CR-1546,CR1546,N,N,NULL,NULL,NULL,N,NULL,NULL,NULL,NULL,NULL,NULL,0.59,NULL,NULL,NULL,NULL,,NULL,0,0,1,1,N,N,10,NULL,98,9819,NULL,,Y,37.58035,37,34.821,NULL,-82.28303,82,16.982,NULL,N,NULL,NULL,NULL,NULL,NULL,NULL,NULL,NULL,9,97,1,4,3,1,3,2,5,3,N,NULL,Y,N,1000,1020,1030,N,NULL,44,,,N,,N,N,098-CR-1546-0,NULL,NULL,2021,O,7.26034E+11,098-CR-1546  -000,HIGH,098-CR-1546  -000,0.59,0,0,0,1,0,0,1,0,0,1,0,1,0
72567470,KSP0900,20-757440,20201025,1705,,,KY1426,,,KY1426,KY1426,,,,N,N,NULL,NULL,NULL,N,NULL,NULL,NULL,NULL,NULL,NULL,12.791,NULL,NULL,NULL,NULL,,NULL,2,0,2,2,N,N,35,NULL,98,9828,NULL,,Y,37.54616,37,32.769,NULL,-82.46551,82,27.93,NULL,N,NULL,NULL,NULL,NULL,NULL,NULL,NULL,NULL,3,3,2,6,1,1,2,2,7,3,Y,NULL,Y,Y,1707,1724,1935,N,NULL,52,7,0,N,,N,N,,NULL,NULL,2020,B,7.25675E+11,098-KY-1426  -000,HIGH,098-KY-1426  -000,12.791,0,0,0,0,0,0,0,1,0,1,0,1,0
72587774,980100,2.021E+11,20210125,1009,,,DESKINS,,DR,,,0,098 PR-1331,PR1331,N,N,NULL,NULL,NULL,N,NULL,NULL,NULL,NULL,NULL,NULL,0.01,NULL,NULL,NULL,NULL,,NULL,0,0,2,2,N,N,15,NULL,98,9801,0.1,W,N,37.53725,37,32.235,NULL,-82.60505,82,36.303,NULL,N,NULL,NULL,NULL,NULL,NULL,NULL,NULL,NULL,5,3,2,6,1,5,6,2,7,3,N,NULL,N,N,1009,1024,1024,N,NULL,49,,,N,,N,N,098-PR-1331-0,NULL,NULL,2021,O,7.25878E+11,098-PR-1331  -000,HIGH,098-PR-1331  -000,0.01,0,0,0,0,0,0,1,1,0,0,0,0,0
72521115,980100,2.02E+11,20200713,1656,,231,HIBBARD,,ST,,,,,,N,N,NULL,NULL,NULL,N,NULL,NULL,NULL,NULL,NULL,NULL,NULL,NULL,NULL,NULL,NULL,NULL,NULL,0,0,2,2,N,N,15,NULL,98,9801,NULL,,Y,37.47308,37,28.384,NULL,-82.52643,82,31.586,NULL,N,NULL,NULL,NULL,NULL,NULL,NULL,NULL,NULL,5,97,1,6,1,1,2,2,1,3,N,NULL,Y,N,1656,1706,1706,N,NULL,70,,,N,,N,N,,NULL,NULL,2020,O,7.25211E+11,098-CS-1053  -000,MEDIUM,098-CS-1053  -000,0.016,0,0,1,1,0,0,1,0,0,0,0,0,0
72581611,980000,20-12-002,20201204,1330,,,US23,,,US0023,US0023,0,098 US-23,US0023,Y,N,NULL,NULL,NULL,N,NULL,NULL,NULL,NULL,NULL,NULL,11.662,NULL,NULL,NULL,NULL,,NULL,0,0,2,2,Y,N,15,NULL,98,9806,NULL,,Y,37.35841,37,21.504,NULL,-82.5546,82,33.276,NULL,N,NULL,NULL,NULL,NULL,NULL,NULL,NULL,NULL,2,7,2,6,3,5,6,2,1,3,N,NULL,N,N,1338,1343,1400,N,NULL,90,,1,N,,N,N,098-US-0023-0,NULL,NULL,2020,NULL,7.25816E+11,098-US-0023  -000,HIGH,098-US-0023  -000,11.662,0,0,0,0,0,0,1,0,1,0,0,0,0
72625270,KSP0900,21-198224,20210516,1419,,,KY194,,,KY0194,KY0194,,,,N,N,NULL,NULL,NULL,N,NULL,NULL,NULL,NULL,NULL,NULL,59.172,NULL,NULL,NULL,NULL,,NULL,0,0,2,2,Y,N,55,NULL,98,9811,NULL,,Y,37.5534,37,33.204,NULL,-82.15858,82,9.515,NULL,N,NULL,NULL,NULL,NULL,NULL,NULL,NULL,NULL,8,3,2,1,1,5,3,2,7,3,N,NULL,Y,N,1421,1510,1510,N,NULL,53,7,0,N,,N,N,,NULL,NULL,2021,O,7.26253E+11,098-KY-0194  -000,HIGH,098-KY-0194  -000,59.172,0,0,0,0,0,0,0,1,0,0,0,1,0
72532637,KSP0900,20-636436,20200806,1305,,,DOUGLAS,,PARK,,,0,098 CR-1704,CR1704,Y,N,NULL,NULL,NULL,N,NULL,NULL,NULL,NULL,NULL,NULL,0.403,NULL,NULL,NULL,NULL,,NULL,0,0,2,2,N,N,NULL,NULL,98,9801,0.5,E,N,37.38157,37,22.894,NULL,-82.536,82,32.16,NULL,N,NULL,NULL,NULL,NULL,NULL,NULL,NULL,NULL,2,97,NULL,6,1,1,2,2,6,3,N,NULL,Y,N,1305,1330,,N,NULL,90,,,N,,N,N,098-CR-1704-0,NULL,NULL,2020,O,7.25326E+11,098-CR-1704  -000,HIGH,098-CR-1704  -000,0.403,0,0,0,0,0,0,0,0,0,0,0,0,0
72536863,KSP0900,20-668380,20200826,1542,,,BRUSHY,,RD,KY0881,KY0881,0,098 KY-881,KY0881,N,N,NULL,NULL,NULL,N,NULL,NULL,NULL,NULL,NULL,NULL,9.913,NULL,NULL,NULL,NULL,,NULL,0,0,2,2,N,N,55,NULL,98,9853,NULL,,Y,37.66412,37,39.847,NULL,-82.46838,82,28.103,NULL,N,NULL,NULL,NULL,NULL,NULL,NULL,NULL,NULL,7,3,2,2,1,1,2,2,7,3,N,NULL,Y,N,1542,1630,1630,N,NULL,54,9,0,N,,N,N,098-KY-0881-0,NULL,NULL,2020,O,7.25369E+11,098-KY-0881  -000,HIGH,098-KY-0881  -000,9.913,0,0,0,1,0,0,0,0,0,0,0,1,0
72530884,980100,2.02E+11,20200809,1819,,,US23,,,US0023,US0023,0,098 US-23,US0023,N,N,NULL,NULL,NULL,N,NULL,NULL,NULL,NULL,NULL,NULL,27.324,NULL,NULL,NULL,NULL,,NULL,0,0,2,2,N,N,55,NULL,98,9801,NULL,,Y,37.51072,37,30.643,NULL,-82.54772,82,32.863,NULL,N,NULL,NULL,NULL,NULL,NULL,NULL,NULL,NULL,5,3,4,6,1,1,2,2,1,3,N,NULL,Y,N,1820,1833,1833,N,NULL,49,,1,N,,N,N,098-US-0023-0,NULL,NULL,2020,O,7.25309E+11,098-US-0023  -000,HIGH,098-US-0023  -000,27.324,0,0,1,0,0,0,0,0,0,0,0,0,0
72543358,KSP0900,20-696406,20200913,1242,,,US460,,,US0460,US0460,0,098 US-460,US0460,N,N,NULL,NULL,NULL,N,NULL,NULL,NULL,NULL,NULL,NULL,1.386,NULL,NULL,NULL,NULL,,NULL,0,0,2,2,N,N,35,NULL,98,9801,NULL,,Y,37.4268,37,25.608,NULL,-82.50005,82,30.003,NULL,N,NULL,NULL,NULL,NULL,NULL,NULL,NULL,NULL,5,3,2,6,1,1,3,2,7,3,N,NULL,Y,N,1246,1317,,N,NULL,49,,1,N,,N,N,098-US-0460-0,NULL,NULL,2020,O,7.25434E+11,098-US-0460  -000,HIGH,098-US-0460  -000,1.386,0,0,0,0,0,0,1,0,0,0,0,0,0
72586835,KSP0900,21-28656,20210122,1130,,,KY194,,,KY0194,KY0194,0,098 KY-194,KY0194,N,N,NULL,NULL,NULL,N,NULL,NULL,NULL,NULL,NULL,NULL,69.731,NULL,NULL,NULL,NULL,,NULL,0,0,2,2,N,N,35,NULL,98,9825,NULL,,Y,37.49957,37,29.974,NULL,-82.0615,82,3.69,NULL,N,NULL,NULL,NULL,NULL,NULL,NULL,NULL,NULL,7,3,2,6,1,5,3,2,7,3,N,NULL,Y,N,1132,1210,1130,N,NULL,54,7,0,N,,N,N,098-KY-0194-0,NULL,NULL,2021,O,7.25868E+11,098-KY-0194  -000,HIGH,098-KY-0194  -000,69.731,0,0,0,0,0,0,1,0,0,0,0,1,0
72578909,980100,2.02E+11,20201210,1411,,,US23,,,US0023,US0023,0,098 US-23,US0023,N,Y,KEYSER HEIGHTS,,DR,N,NULL,NULL,NULL,NULL,NULL,NULL,25.418,NULL,NULL,NULL,NULL,,NULL,0,0,2,2,N,N,55,NULL,98,9801,NULL,,Y,37.49226,37,29.535,NULL,-82.53463,82,32.078,NULL,N,NULL,NULL,NULL,NULL,NULL,NULL,NULL,NULL,8,3,4,6,1,1,2,2,7,3,N,NULL,Y,N,1411,1418,1418,N,NULL,19,,1,N,,N,N,098-US-0023-0,NULL,NULL,2020,O,7.25789E+11,098-US-0023  -000,HIGH,098-US-0023  -000,25.418,0,0,0,0,0,0,1,1,0,0,1,0,0
72585865,980100,2.021E+11,20210117,1124,,,CASSIDY,,BLVD,,,0,098 CS-1191,CS1191,N,N,NULL,NULL,NULL,N,NULL,NULL,NULL,NULL,NULL,NULL,0.053,NULL,NULL,NULL,NULL,,NULL,0,0,2,2,N,N,15,NULL,98,9801,NULL,,Y,37.50368,37,30.221,NULL,-82.53301,82,31.981,NULL,N,NULL,NULL,NULL,NULL,NULL,NULL,NULL,NULL,2,97,1,6,1,1,2,2,1,3,N,NULL,Y,N,1116,1123,,N,NULL,56,,,N,,N,N,098-CS-1191-0,NULL,NULL,2021,O,7.25859E+11,098-CS-1191  -000,HIGH,098-CS-1191  -000,0.053,0,0,0,0,0,0,1,0,0,0,0,0,0
72582537,KSP0900,2020-842867,20201224,2130,,,US460,,,US0460,US0460,0,098 US-460,US0460,N,N,NULL,NULL,NULL,N,NULL,NULL,NULL,NULL,NULL,NULL,11.227,NULL,NULL,NULL,NULL,,NULL,0,0,2,2,N,N,55,NULL,98,9822,NULL,,Y,37.35838,37,21.503,NULL,-82.39545,82,23.727,NULL,N,NULL,NULL,NULL,NULL,NULL,NULL,NULL,NULL,8,3,2,6,1,4,9,6,7,3,N,NULL,N,N,2130,2148,2148,N,NULL,40,,1,N,,N,N,098-US-0460-0,NULL,NULL,2020,O,7.25825E+11,098-US-0460  -000,HIGH,098-US-0460  -000,11.227,0,0,0,0,0,0,0,0,0,0,0,1,0
72563862,980100,2.02E+11,20201110,1331,,,KY1426,,,KY1426,KY1426,,,,N,N,NULL,NULL,NULL,N,NULL,NULL,NULL,NULL,NULL,NULL,8.83,NULL,NULL,NULL,NULL,,NULL,3,0,2,2,N,N,35,NULL,98,9801,NULL,,Y,37.50286,37,30.172,NULL,-82.48975,82,29.385,NULL,N,NULL,NULL,NULL,NULL,NULL,NULL,NULL,NULL,5,3,2,4,1,1,2,2,7,3,Y,NULL,N,Y,1331,1334,,N,NULL,70,,0,N,,N,N,,NULL,NULL,2020,C,7.25639E+11,098-KY-1426  -000,HIGH,098-KY-1426  -000,8.83,0,0,0,1,0,0,1,0,0,0,0,0,0
72576990,KSP0900,2020-827884,20201214,820,,,GREASY,,CRK,KY3226,KY3226,0,098 KY-3226,KY3226,N,N,NULL,NULL,NULL,N,NULL,NULL,NULL,NULL,NULL,NULL,0.018,NULL,NULL,NULL,NULL,,NULL,0,0,2,2,N,N,55,NULL,98,9801,NULL,,Y,37.37934,37,22.761,NULL,-82.47628,82,28.577,NULL,N,NULL,NULL,NULL,NULL,NULL,NULL,NULL,NULL,2,97,2,6,1,5,9,2,5,3,N,NULL,N,N,820,840,,N,NULL,47,8,0,N,,N,N,098-KY-3226-0,NULL,NULL,2020,O,7.2577E+11,098-KY-3226  -000,HIGH,098-KY-3226  -000,0.018,0,0,0,0,0,0,1,0,0,1,0,0,0
72577596,KSP0900,20-838271,20201221,1958,,,KY194,,,KY0194,KY0194,0,098 KY-194,KY0194,N,N,NULL,NULL,NULL,N,NULL,NULL,NULL,NULL,NULL,NULL,57.401,NULL,NULL,NULL,NULL,,NULL,0,0,1,1,N,N,35,NULL,98,9804,NULL,,Y,37.53656,37,32.193,NULL,-82.1626,82,9.756,NULL,N,NULL,NULL,NULL,NULL,NULL,NULL,NULL,NULL,9,4,2,1,1,1,2,6,7,3,N,NULL,N,N,1958,2005,2110,N,NULL,44,7,0,N,,N,N,098-KY-0194-0,NULL,NULL,2020,O,7.25776E+11,098-KY-0194  -000,HIGH,098-KY-0194  -000,57.401,0,0,0,0,0,0,0,0,0,0,0,1,0
72629668,KSP0900,21-214913,20210526,1813,,,US23,,,US0023,US0023,0,098 US-23-10,US0023,N,N,NULL,NULL,NULL,N,NULL,NULL,NULL,NULL,NULL,NULL,11.792,NULL,NULL,NULL,NULL,,NULL,0,0,3,3,N,N,55,NULL,98,9865,NULL,,Y,37.36023,37,21.614,NULL,-82.55505,82,33.303,NULL,N,NULL,NULL,NULL,NULL,NULL,NULL,NULL,NULL,1,3,4,6,1,1,2,2,7,3,N,NULL,Y,Y,1815,1818,,N,NULL,55,,1,N,,N,N,098-US-0023-10,NULL,NULL,2021,O,7.26297E+11,098-US-0023  -010,HIGH,098-US-0023  -000,11.792,0,0,0,1,0,0,0,1,0,0,0,0,0
72567109,KSP0900,2020-767063,20201101,1300,,,RIVER,S,RD,,,0,098 CR-1181,CR1181,Y,N,NULL,NULL,NULL,N,NULL,NULL,NULL,NULL,NULL,NULL,0.14,NULL,NULL,NULL,NULL,,NULL,0,0,1,1,Y,N,NULL,NULL,98,9847,NULL,,Y,37.37885,37,22.731,NULL,-82.25354,82,15.213,NULL,N,NULL,NULL,NULL,NULL,NULL,NULL,NULL,NULL,9,97,NULL,6,1,8,2,2,7,3,N,NULL,N,N,1300,1305,,N,NULL,90,,,N,,N,N,098-CR-1181-0,NULL,NULL,2020,O,7.25671E+11,098-CR-1181  -000,HIGH,098-CR-1181  -000,0.14,0,0,0,0,0,0,0,0,0,1,0,1,0
72479378,980200,ELK4118-1-20,20200222,1600,,215,RUSSELL,E,ST,,,0,098 CS-2009,CS2009,N,N,NULL,NULL,NULL,N,NULL,NULL,NULL,NULL,NULL,NULL,0.063,NULL,NULL,NULL,NULL,,NULL,0,0,1,1,N,N,35,NULL,98,9802,NULL,,Y,37.3047,37,18.282,NULL,-82.35069,82,21.041,NULL,N,NULL,NULL,NULL,NULL,NULL,NULL,NULL,NULL,9,3,2,6,1,1,2,2,6,3,N,NULL,Y,Y,1837,1850,,N,NULL,40,,,N,,N,N,098-CS-2009-0,NULL,NULL,2020,O,7.24794E+11,098-CS-2009  -000,HIGH,098-CS-2009  -000,0.063,0,0,0,0,0,0,0,0,0,0,0,1,0
72581282,KSP0900,21-3089,20210103,1245,,,KY1056,,,KY1056,KY1056,,,,N,N,NULL,NULL,NULL,N,NULL,NULL,NULL,NULL,NULL,NULL,5.381,NULL,NULL,NULL,NULL,,NULL,0,0,1,1,N,N,35,NULL,98,9879,NULL,,Y,37.55841,37,33.505,NULL,-82.19072,82,11.443,NULL,N,NULL,NULL,NULL,NULL,NULL,NULL,NULL,NULL,9,3,2,3,1,5,6,2,7,3,N,NULL,N,N,1245,1400,,N,NULL,44,7,0,N,,N,N,,NULL,NULL,2021,O,7.25813E+11,098-KY-1056  -000,MEDIUM,098-KY-1056  -000,5.381,0,0,0,0,0,0,0,0,0,0,0,1,0
72552990,980100,2.02E+11,20201014,1548,,,BYPASS,S,RD,KY1426,KY1426,0,098 KY-1426,KY1426,N,N,NULL,NULL,NULL,N,NULL,NULL,NULL,NULL,NULL,NULL,5.848,NULL,NULL,NULL,NULL,,NULL,0,0,2,2,N,N,55,NULL,98,9801,NULL,,Y,37.47385,37,28.431,NULL,-82.52029,82,31.217,NULL,N,NULL,NULL,NULL,NULL,NULL,NULL,NULL,NULL,8,7,2,4,1,1,2,8,1,3,N,NULL,Y,N,1548,1548,,N,NULL,47,,0,N,,N,N,098-KY-1426-0,NULL,NULL,2020,O,7.2553E+11,098-KY-1426  -000,HIGH,098-KY-1426  -000,5.848,0,0,1,0,0,0,0,0,0,0,0,0,0
72547083,KSP0900,20-714587,20200925,2139,,,JOE MCCOY,,RD,,,0,098 CR-1828C,CR1828C,N,N,NULL,NULL,NULL,N,NULL,NULL,NULL,NULL,NULL,NULL,0.406,NULL,NULL,NULL,NULL,,NULL,0,0,1,1,N,N,55,NULL,98,9804,NULL,,Y,37.54426,37,32.656,NULL,-82.16521,82,9.913,NULL,N,NULL,NULL,NULL,NULL,NULL,NULL,NULL,NULL,9,3,1,1,97,11,3,6,5,3,N,NULL,Y,Y,2140,610,,N,NULL,41,,,N,,N,N,098-CR-1828C-0,NULL,NULL,2020,O,7.25471E+11,098-CR-1828C -000,HIGH,098-CR-1828C -000,0.406,0,0,0,0,0,0,0,0,0,0,0,1,0
72548405,980100,2.02E+11,20201002,1217,,,BYPASS,S,RD,KY1426,KY1426,,,,Y,N,NULL,NULL,NULL,N,NULL,NULL,NULL,NULL,NULL,NULL,6.556,NULL,NULL,NULL,NULL,,NULL,0,0,2,2,N,N,15,NULL,98,9801,NULL,,Y,37.48241,37,28.945,NULL,-82.51369,82,30.821,NULL,N,NULL,NULL,NULL,NULL,NULL,NULL,NULL,NULL,2,97,NULL,6,2,1,2,2,1,3,N,NULL,Y,N,1217,1217,,N,NULL,90,,0,N,,N,N,,NULL,NULL,2020,O,7.25484E+11,098-KY-1426  -000,HIGH,098-KY-1426  -000,6.556,0,0,1,1,0,0,1,0,0,0,0,0,0
72505501,KSP0900,20-19304,20200523,1319,,,US119,,,US0119,US0119,0,098 US-119,US0119,N,N,NULL,NULL,NULL,N,NULL,NULL,NULL,NULL,NULL,NULL,23.725,NULL,NULL,NULL,NULL,,NULL,0,0,2,2,N,N,55,NULL,98,9836,NULL,,Y,37.65195,37,39.117,NULL,-82.26805,82,16.083,NULL,N,NULL,NULL,NULL,NULL,NULL,NULL,NULL,NULL,2,7,2,6,1,5,3,2,1,3,N,NULL,N,N,1319,1319,1319,N,NULL,47,2,1,N,,N,N,098-US-0119-0,NULL,NULL,2020,O,7.25055E+11,098-US-0119  -000,HIGH,098-US-0119  -000,23.725,0,0,0,0,0,0,0,0,0,0,0,0,0
72581009,KSP0900,20-848341,20201229,1423,,,US23,,,US0023,US0023,0,098 US-23,US0023,N,N,NULL,NULL,NULL,N,NULL,NULL,NULL,NULL,NULL,NULL,10.302,NULL,NULL,NULL,NULL,,NULL,0,0,2,2,N,N,55,NULL,98,9801,NULL,,Y,37.34215,37,20.529,NULL,-82.55088,82,33.053,NULL,N,NULL,NULL,NULL,NULL,NULL,NULL,NULL,NULL,8,3,4,3,1,1,2,2,7,3,N,NULL,Y,N,1426,1448,,N,NULL,53,,1,N,,N,N,098-US-0023-0,NULL,NULL,2020,O,7.2581E+11,098-US-0023  -000,HIGH,098-US-0023  -000,10.302,0,0,0,1,0,0,1,0,0,0,0,1,0
72630862,980100,2.021E+11,20210528,1322,,911,BYPASS,,RD,,,0,098 CS-1223,CS1223,Y,N,NULL,NULL,NULL,N,NULL,NULL,NULL,NULL,NULL,NULL,NULL,NULL,NULL,NULL,NULL,NULL,NULL,0,0,2,2,N,N,NULL,NULL,98,9801,NULL,,Y,37.47128,37,28.277,NULL,-82.52117,82,31.27,NULL,N,NULL,NULL,NULL,NULL,NULL,NULL,NULL,NULL,1,97,1,6,2,1,2,2,1,3,N,NULL,Y,N,1322,1326,1327,N,NULL,90,,,N,,N,N,098-CS-1223-0,NULL,NULL,2021,O,7.26309E+11,098-CS-1223  -000,HIGH,098-CS-1223  -000,0.135,0,0,0,1,0,0,1,0,0,0,0,0,0
72546084,KSP0900,20-682554,20200904,1740,,433,US119,,,US0119,US0119,0,098 US-119,US0119,N,N,NULL,NULL,NULL,N,NULL,NULL,NULL,NULL,NULL,NULL,0.49,NULL,NULL,NULL,NULL,,NULL,0,0,2,2,Y,N,55,NULL,98,9801,NULL,,Y,37.50861,37,30.517,NULL,-82.52576,82,31.546,NULL,N,NULL,NULL,NULL,NULL,NULL,NULL,NULL,NULL,2,97,2,6,1,5,2,2,7,3,N,NULL,Y,N,1740,1744,,N,NULL,47,2,1,N,,N,N,098-US-0119-0,NULL,NULL,2020,O,7.25461E+11,098-US-0119  -000,HIGH,098-US-0119  -000,0.49,0,0,0,0,0,0,0,0,0,0,0,0,0
72564399,980500,2020AR062,20201113,1423,,,US 23 NORTH,,,,,,,,N,N,NULL,NULL,NULL,N,NULL,NULL,NULL,NULL,NULL,NULL,NULL,NULL,NULL,NULL,NULL,NULL,NULL,0,0,2,2,N,N,45,NULL,98,9807,NULL,,Y,37.52147,37,31.288,NULL,-82.56924,82,34.155,NULL,N,NULL,NULL,NULL,NULL,NULL,NULL,NULL,NULL,8,3,6,6,1,1,2,2,1,3,N,NULL,N,Y,1423,1429,1435,N,NULL,53,,,N,,N,N,,NULL,NULL,2020,O,7.25644E+11,098-US-0023  -000,MEDIUM,098-US-0023  -000,28.775,0,0,0,1,0,0,1,0,0,0,0,1,0