MasterFile,AgencyORINumber,LocalCode,CollisionDate,CollisionTime,CollisionDayWeekCode,RoadwayName_HouseBusinessNumber_,RoadwayName_RoadwayName_,RoadwayName_Direction_,RoadwayName_RoadwaySuffix_,RoadwayfromReport,CurrentRoadwayNumber,RoadwayNumberCoupletID,RSEUniqueGIS,RoadwayIdentifier,ParkingLotIndicator,IntersectionWith_Indicator_,IntersectionWith_NameRoadway_,IntersectionWith_Direction_,IntersectionWith_RoadwaySuffix_,BetweenStreets_Indicator_,BetweenStreets1_NameRoadway_,BetweenStreet1_Direction_,BetweenStreets1_RoadwaySuffix_,BetweenStreets2_NameRoadway_,BetweenStreets2_Direction_,BetweenStreets2_RoadwaySuffix_,Milepoint,ReportMilepointDeriveNumber,CurrentDerivedMiepointNumber,MilestoMilepoint,FeettoMilepoint,DirectionfromMilepoint_NSEW_,ValidMilepointIndicator,NumberInjured,NumberKilled,ofUnits,ofMotorVehicleUnits,Hit&RunIndicator,OneWayIndicator,SpeedLimitNumber,KilometersIndicator,CountyCode,CityCountyCode,MilesFromCity,DirectionFromCity_NSEW_,InCityLimitsIndicator,Latitude,LatitudeDegrees,LatitudeMinutes,LatitudeSeconds,Longitude,LongitudeDegrees,LongitudeMinutes,LongitudeSeconds,RampIndicator,RampFromIdentifier,RampFromDirCode,RampFromCoupletID,RSEUniqueGISRampFrom,RampToidentifier,RampToDirCode,RampToCoupletID,RSEUniqueGisRampTo,MannerofCollisionCode,LocationFirstEventCode,TotalLanes,RoadwayCharacterCode,RoadwaySurfaceCode,RoadwayConditionCode,WeatherCode,LightConditionCode,LandUseCode,SchoolBusRelatedCode,FirstAidSceneIndicator,CollDescPresentInd,InvestigationCompleteIndicator,PhotosTakenIndicator,TimeNotified,TimeArrived,TimeRoadwayOpened,PropertyDamageIndicator,DiagramPresentIndicator,DirectionalAnalysis,FunctionClassCode,NationalHwySysCode,EnforcementsIndicator,KARSCityCode,SecondaryCollisionIndicator,MedianCrossoverIndicator,RT_UNIQUE,MapIt,TimeLastLeft,YR,KABCO,MFNY,WorkingRID,RT_CONFIDENCE,KTC_RT,KTC_MP,Motorcyclist,CommercialVehicle,YoungDriver,MatureDriver,pedestrian,Bicyclist,Distracted,agressive,Impaired,Unrestrained,Intersection,RoadwayDeparture,MedXover
72584300,980100,2.021E+11,20210112,1223,,113,HIBBARD,,ST,,,0,098 CS-1053,CS1053,Y,N,NULL,NULL,NULL,N,NULL,NULL,NULL,NULL,NULL,NULL,0.018,NULL,NULL,NULL,NULL,,NULL,0,0,2,2,Y,N,NULL,NULL,98,9801,NULL,,Y,37.47343,37,28.406,NULL,-82.52693,82,31.616,NULL,N,NULL,NULL,NULL,NULL,NULL,NULL,NULL,NULL,1,97,1,6,1,1,2,2,1,3,N,NULL,Y,N,1223,1226,1226,N,NULL,90,,,N,,N,N,098-CS-1053-0,NULL,NULL,2021,NULL,7.25843E+11,098-CS-1053  -000,MEDIUM,098-CS-1053  -000,0.018,0,0,0,0,0,0,0,0,0,0,0,0,0
72612278,KSP0900,21-139245,20210407,2303,,,RIGHT FORK OF BRUSHY,,RD,,,0,098 CR-1360Q4,CR1360Q4,N,N,NULL,NULL,NULL,N,NULL,NULL,NULL,NULL,NULL,NULL,7.294,NULL,NULL,NULL,NULL,,NULL,0,0,1,1,N,N,35,NULL,98,9820,NULL,,Y,37.58181,37,34.909,NULL,-82.44148,82,26.489,NULL,N,NULL,NULL,NULL,NULL,NULL,NULL,NULL,NULL,9,3,1,4,1,1,2,6,7,3,N,NULL,Y,N,2303,2332,607,N,NULL,40,,,N,,N,N,098-CR-1360Q4-0,NULL,NULL,2021,O,7.26123E+11,098-CR-1360Q4-000,MEDIUM,098-CR-1360Q4-000,7.294,0,0,0,0,0,0,0,0,0,0,0,1,0
72613313,980100,2.021E+11,20210407,1020,,254,CASSIDY,,BLVD,,,0,098 CS-1191,CS1191,Y,N,NULL,NULL,NULL,N,NULL,NULL,NULL,NULL,NULL,NULL,0.059,NULL,NULL,NULL,NULL,,NULL,0,0,2,2,N,N,NULL,NULL,98,9801,NULL,,Y,37.50367,37,30.22,NULL,-82.5331,82,31.986,NULL,N,NULL,NULL,NULL,NULL,NULL,NULL,NULL,NULL,2,97,1,6,1,1,2,2,1,3,N,NULL,Y,N,1239,1249,1249,N,NULL,90,,,N,,N,N,098-CS-1191-0,NULL,NULL,2021,O,7.26133E+11,098-CS-1191  -000,HIGH,098-CS-1191  -000,0.059,0,0,0,1,0,0,1,0,0,0,0,0,0
72601036,370200,2021-87823,20210305,1009,,,US 23 NORTH,,,,,,,,N,N,NULL,NULL,NULL,N,NULL,NULL,NULL,NULL,NULL,NULL,NULL,NULL,NULL,NULL,NULL,NULL,NULL,0,0,2,2,N,N,45,NULL,98,9807,NULL,,Y,37.52034,37,31.221,NULL,-82.56798,82,34.079,NULL,N,NULL,NULL,NULL,NULL,NULL,NULL,NULL,NULL,5,3,6,6,1,1,2,2,7,3,N,NULL,Y,N,1009,1010,1128,N,NULL,49,,,N,,N,N,,NULL,NULL,2021,O,7.2601E+11,098-US-0023  -043,MEDIUM,098-US-0023  -043,0.006,0,1,0,1,0,0,1,1,0,0,0,0,0
72589825,KSP0900,21-27889,20210121,1824,,,KY1056,,,KY1056,KY1056,0,098 KY-1056,KY1056,N,N,NULL,NULL,NULL,N,NULL,NULL,NULL,NULL,NULL,NULL,0.993,NULL,NULL,NULL,NULL,,NULL,0,0,2,2,N,N,55,NULL,98,9879,NULL,,Y,37.56432,37,33.859,NULL,-82.24667,82,14.8,NULL,N,NULL,NULL,NULL,NULL,NULL,NULL,NULL,NULL,8,3,2,6,1,1,2,6,7,3,N,NULL,Y,Y,1827,1846,1846,N,NULL,53,8,0,N,,N,N,098-KY-1056-0,NULL,NULL,2021,O,7.25898E+11,098-KY-1056  -000,HIGH,098-KY-1056  -000,0.993,0,0,0,1,0,0,1,1,0,0,0,1,0
72597142,980100,2.021E+11,20210209,1225,,,HAMBLEY,,BLVD,,,0,098 CS-1222,CS1222,Y,N,NULL,NULL,NULL,N,NULL,NULL,NULL,NULL,NULL,NULL,0.113,NULL,NULL,NULL,NULL,,NULL,0,0,2,2,N,N,NULL,NULL,98,9801,NULL,,Y,37.47458,37,28.475,NULL,-82.52538,82,31.523,NULL,N,NULL,NULL,NULL,NULL,NULL,NULL,NULL,NULL,2,97,NULL,6,1,1,2,2,1,3,N,NULL,Y,N,1224,1225,,N,NULL,90,,,N,,N,N,098-CS-1222-0,NULL,NULL,2021,O,7.25971E+11,098-CS-1222  -000,HIGH,098-CS-1222  -000,0.113,0,0,0,0,0,0,1,0,0,0,0,0,0
72620357,980100,2.021E+11,20210429,1603,,,CASSIDY,,BLVD,,,,,,Y,N,NULL,NULL,NULL,N,NULL,NULL,NULL,NULL,NULL,NULL,0.325,NULL,NULL,NULL,NULL,,NULL,0,0,2,2,N,N,NULL,NULL,98,9801,NULL,,Y,37.50522,37,30.313,NULL,-82.53735,82,32.241,NULL,N,NULL,NULL,NULL,NULL,NULL,NULL,NULL,NULL,2,97,NULL,6,1,1,3,2,1,3,N,NULL,Y,N,1603,1611,1611,N,NULL,90,,,Y,,N,N,,NULL,NULL,2021,O,7.26204E+11,098-CS-1191  -000,MEDIUM,098-CS-1191  -000,0.325,0,0,0,0,0,0,1,0,0,0,0,0,0
72592633,980100,2.021E+11,20210209,807,,,US23 TURN LANE,,,US0023,US0023,0,098 US-23-21,US0023,N,N,NULL,NULL,NULL,N,NULL,NULL,NULL,NULL,NULL,NULL,0.016,NULL,NULL,NULL,NULL,,NULL,0,0,2,2,N,N,55,NULL,98,9801,NULL,,Y,37.50366,37,30.22,NULL,-82.53236,82,31.942,NULL,N,NULL,NULL,NULL,NULL,NULL,NULL,NULL,NULL,5,3,4,6,1,5,6,2,7,3,N,NULL,Y,N,808,816,816,N,NULL,70,,1,N,,N,N,098-US-0023-21,NULL,NULL,2021,O,7.25926E+11,098-US-0023  -021,HIGH,098-US-0023  -021,0.016,0,0,0,0,0,0,0,0,0,0,0,0,0
72597505,980500,2021AR006,20210224,1332,,,MAYO,N,TRL,US0023,US0023,0,098 US-23-10,US0023,N,N,NULL,NULL,NULL,N,NULL,NULL,NULL,NULL,NULL,NULL,NULL,NULL,NULL,NULL,NULL,NULL,NULL,0,0,2,2,Y,N,25,NULL,98,9807,NULL,,Y,37.51678,37,31.007,NULL,-82.56238,82,33.743,NULL,N,NULL,NULL,NULL,NULL,NULL,NULL,NULL,NULL,2,7,2,6,1,1,2,2,7,3,N,NULL,Y,N,1331,1332,1340,N,NULL,47,,1,N,,N,N,098-US-0023-10,NULL,NULL,2021,O,7.25975E+11,098-US-0023  -010,HIGH,098-US-0023  -000,28.259,0,0,0,0,0,0,1,0,0,1,0,1,0
72571953,KSP0900,20-813924,20201203,1717,,,INDIAN CREEK,,RD,KY0122,KY0122,0,098 KY-122,KY0122,N,N,NULL,NULL,NULL,N,NULL,NULL,NULL,NULL,NULL,NULL,2.737,NULL,NULL,NULL,NULL,,NULL,0,0,1,1,Y,N,35,NULL,98,9827,NULL,,Y,37.33797,37,20.279,NULL,-82.62675,82,37.605,NULL,N,NULL,NULL,NULL,NULL,NULL,NULL,NULL,NULL,9,3,2,3,1,1,2,5,7,3,N,NULL,Y,N,1717,1727,,Y,NULL,70,,0,Y,,N,N,098-KY-0122-0,NULL,NULL,2020,O,7.2572E+11,098-KY-0122  -000,HIGH,098-KY-0122  -000,2.737,0,0,0,0,0,0,0,0,0,0,0,1,0
72552288,KSP0900,20-737677,20201011,2310,,,US460,,,US0460,US0460,0,098 US-460,US0460,N,N,NULL,NULL,NULL,N,NULL,NULL,NULL,NULL,NULL,NULL,3.077,NULL,NULL,NULL,NULL,,NULL,0,0,2,2,N,N,55,NULL,98,9824,NULL,,Y,37.42795,37,25.677,NULL,-82.47504,82,28.502,NULL,N,NULL,NULL,NULL,NULL,NULL,NULL,NULL,NULL,1,97,2,6,1,1,2,6,7,3,N,NULL,Y,N,2310,2338,2338,N,NULL,47,,1,N,,N,N,098-US-0460-0,NULL,NULL,2020,O,7.25523E+11,098-US-0460  -000,HIGH,098-US-0460  -000,3.077,0,0,0,0,0,0,1,0,0,0,0,1,0
72599627,KSP0900,21-82603,20210302,715,,,FISHTRAP,,RD,KY1441,KY1441,0,098 KY-1441,KY1441,N,N,NULL,NULL,NULL,N,NULL,NULL,NULL,NULL,NULL,NULL,10.237,NULL,NULL,NULL,NULL,,NULL,0,0,1,1,N,N,45,NULL,98,9850,NULL,,Y,37.5182,37,31.092,NULL,-82.4537,82,27.222,NULL,N,NULL,NULL,NULL,NULL,NULL,NULL,NULL,NULL,9,3,2,6,1,2,3,1,7,3,N,NULL,Y,N,720,800,715,Y,NULL,40,8,0,N,,N,N,098-KY-1441-0,NULL,NULL,2021,O,7.25996E+11,098-KY-1441  -000,HIGH,098-KY-1441  -000,10.237,0,0,0,0,0,0,0,0,0,0,0,1,0
72592276,KSP0900,21-26233,20210121,1454,,,US460,,,US0460,US0460,0,098 US-460,US0460,Y,N,NULL,NULL,NULL,N,NULL,NULL,NULL,NULL,NULL,NULL,8.702,NULL,NULL,NULL,NULL,,NULL,0,0,1,1,Y,N,10,NULL,98,9822,NULL,,Y,37.37197,37,22.318,NULL,-82.42499,82,25.499,NULL,N,NULL,NULL,NULL,NULL,NULL,NULL,NULL,NULL,9,97,2,6,1,1,2,2,1,3,N,NULL,Y,N,1454,1500,1500,Y,NULL,90,,1,N,,N,N,098-US-0460-0,NULL,NULL,2021,NULL,7.25923E+11,098-US-0460  -000,HIGH,098-US-0460  -000,8.702,0,0,0,0,0,0,0,0,0,0,0,1,0
72604542,980500,2021AR009,20210318,320,,,RURAL KING,,,,,,,,Y,N,NULL,NULL,NULL,N,NULL,NULL,NULL,NULL,NULL,NULL,NULL,NULL,NULL,NULL,NULL,NULL,NULL,0,0,2,2,N,N,NULL,NULL,98,9807,NULL,,Y,37.51999,37,31.199,NULL,-82.56882,82,34.129,NULL,N,NULL,NULL,NULL,NULL,NULL,NULL,NULL,NULL,2,97,1,6,1,1,2,2,1,3,N,NULL,Y,Y,1520,1520,1520,N,NULL,90,,,N,,N,N,,NULL,NULL,2021,O,7.26045E+11,098-US-0023  -010,MEDIUM,098-US-0023  -000,28.685,0,0,0,0,0,0,1,0,0,0,0,0,0
72581659,KSP0900,20-848422,20201229,1530,,581,PRITCHARD,,FRK,,,,,,Y,N,NULL,NULL,NULL,N,NULL,NULL,NULL,NULL,NULL,NULL,0.766,NULL,NULL,NULL,NULL,,NULL,0,0,2,2,N,N,NULL,NULL,98,9817,NULL,,Y,37.51098,37,30.659,NULL,-82.30665,82,18.399,NULL,N,NULL,NULL,NULL,NULL,NULL,NULL,NULL,NULL,2,97,NULL,4,3,5,2,2,6,3,N,NULL,Y,N,1605,1705,,N,NULL,90,,,N,,N,N,,NULL,NULL,2020,O,7.25817E+11,098-CR-1579  -000,LOW,098-CR-1579  -000,0.766,0,0,0,0,0,0,0,0,0,0,0,0,0
72594610,KSP0900,21-59013,20210213,1804,,,FISHTRAP,,RD,KY1441,KY1441,,,,N,N,NULL,NULL,NULL,N,NULL,NULL,NULL,NULL,NULL,NULL,10.874,NULL,NULL,NULL,NULL,,NULL,0,0,1,1,N,N,45,NULL,98,9850,NULL,,Y,37.52634,37,31.581,NULL,-82.4584,82,27.504,NULL,N,NULL,NULL,NULL,NULL,NULL,NULL,NULL,NULL,9,3,2,6,1,5,6,6,7,3,N,NULL,N,N,1810,1840,1845,N,NULL,44,8,0,N,,N,N,,NULL,NULL,2021,O,7.25946E+11,098-KY-1441  -000,HIGH,098-KY-1441  -000,10.874,0,0,1,0,0,0,0,0,0,0,0,1,0
72546022,KSP0900,20-699501,20200915,1418,,,US23,,,US0023,US0023,0,098 US-23-10,US0023,N,N,NULL,NULL,NULL,N,NULL,NULL,NULL,NULL,NULL,NULL,5.232,NULL,NULL,NULL,NULL,,NULL,0,0,1,1,N,N,55,NULL,98,9809,NULL,,Y,37.28217,37,16.93,NULL,-82.56142,82,33.685,NULL,N,NULL,NULL,NULL,NULL,NULL,NULL,NULL,NULL,9,3,4,4,1,1,2,2,3,3,N,NULL,Y,N,1452,1508,,Y,NULL,70,,1,N,,N,N,098-US-0023-10,NULL,NULL,2020,O,7.2546E+11,098-US-0023  -010,HIGH,098-US-0023  -000,5.232,0,0,0,0,0,0,0,0,0,0,0,0,0
72542459,370200,2020-681804,20200904,946,,,COWPEN,,RD,KY2061,KY2061,0,098 KY-2061,KY2061,N,N,NULL,NULL,NULL,N,NULL,NULL,NULL,NULL,NULL,NULL,1.927,NULL,NULL,NULL,NULL,,NULL,0,0,2,2,N,N,55,NULL,98,9807,NULL,,Y,37.55207,37,33.124,NULL,-82.55883,82,33.53,NULL,N,NULL,NULL,NULL,NULL,NULL,NULL,NULL,NULL,1,3,2,6,1,5,3,2,7,3,N,NULL,Y,N,948,1003,1003,N,NULL,55,,0,N,,N,N,098-KY-2061-0,NULL,NULL,2020,O,7.25425E+11,098-KY-2061  -000,HIGH,098-KY-2061  -000,1.927,0,0,0,0,0,0,1,0,0,0,0,0,0
72517456,KSP0900,20-580781,20200703,1654,,,VIRGIE,,RD,KY0610,KY0610,0,098 KY-610,KY0610,N,N,NULL,NULL,NULL,N,NULL,NULL,NULL,NULL,NULL,NULL,8.938,NULL,NULL,NULL,NULL,,NULL,0,0,2,2,N,N,35,NULL,98,9827,NULL,,Y,37.34983,37,20.99,NULL,-82.5927,82,35.562,NULL,N,NULL,NULL,NULL,NULL,NULL,NULL,NULL,NULL,1,3,2,6,1,1,2,2,7,3,N,NULL,N,N,1746,1756,1822,N,NULL,55,7,0,Y,,N,N,098-KY-0610-0,NULL,NULL,2020,O,7.25175E+11,098-KY-0610  -000,HIGH,098-KY-0610  -000,8.938,0,0,0,0,0,0,1,0,0,0,0,0,0
72528717,980100,2.02E+11,20200805,1602,,,CASSIDY,,BLVD,,,,,,Y,N,NULL,NULL,NULL,N,NULL,NULL,NULL,NULL,NULL,NULL,0.342,NULL,NULL,NULL,NULL,,NULL,0,0,1,1,N,N,15,NULL,98,9801,NULL,,Y,37.50521,37,30.313,NULL,-82.53771,82,32.263,NULL,N,NULL,NULL,NULL,NULL,NULL,NULL,NULL,NULL,9,97,NULL,6,1,1,2,2,1,3,N,NULL,Y,N,1602,1608,,N,NULL,90,,,N,,N,N,,NULL,NULL,2020,O,7.25287E+11,098-CS-1191  -000,MEDIUM,098-CS-1191  -000,0.342,0,0,0,1,0,0,1,0,0,0,0,1,0
72554836,980100,2.02E+11,20201020,627,,,US119,,,US0119,US0119,,,,N,N,NULL,NULL,NULL,N,NULL,NULL,NULL,NULL,NULL,NULL,2.689,NULL,NULL,NULL,NULL,,NULL,0,0,2,2,N,N,55,NULL,98,9801,NULL,,Y,37.51406,37,30.844,NULL,-82.48727,82,29.236,NULL,N,NULL,NULL,NULL,NULL,NULL,NULL,NULL,NULL,5,3,4,6,1,1,2,5,1,3,N,NULL,Y,N,627,638,705,N,NULL,49,2,1,N,,N,N,,NULL,NULL,2020,O,7.25548E+11,098-US-0119  -010,MEDIUM,098-US-0119  -000,2.689,0,0,0,1,0,0,1,0,0,0,0,0,0
72584301,980100,2.021E+11,20210113,922,,117,BAIRD,,AVE,KY1426,KY1426,0,098 KY-1426,KY1426,Y,N,NULL,NULL,NULL,N,NULL,NULL,NULL,NULL,NULL,NULL,5.386,NULL,NULL,NULL,NULL,,NULL,0,0,2,2,N,N,NULL,NULL,98,9801,NULL,,Y,37.47313,37,28.388,NULL,-82.52752,82,31.651,NULL,N,NULL,NULL,NULL,NULL,NULL,NULL,NULL,NULL,5,97,1,6,1,1,2,2,1,3,N,NULL,Y,N,923,926,926,N,NULL,90,,0,N,,N,N,098-KY-1426-0,NULL,NULL,2021,O,7.25843E+11,098-KY-1426  -000,MEDIUM,098-KY-1426  -000,5.386,0,0,0,0,0,0,0,0,0,0,0,0,0
72555609,KSP0900,20-743835,20201016,1100,,,RIGHT FORK OF BRUSHY,,RD,,,0,098 CR-1360Q4,CR1360Q4,N,N,NULL,NULL,NULL,N,NULL,NULL,NULL,NULL,NULL,NULL,6.984,NULL,NULL,NULL,NULL,,NULL,0,0,2,2,N,N,35,NULL,98,9820,NULL,,Y,37.58606,37,35.163,NULL,-82.44466,82,26.68,NULL,N,NULL,NULL,NULL,NULL,NULL,NULL,NULL,NULL,7,3,1,4,1,1,3,2,7,3,N,NULL,Y,N,1105,1145,1150,N,NULL,54,,,N,,N,N,098-CR-1360Q4-0,NULL,NULL,2020,O,7.25556E+11,098-CR-1360Q4-000,HIGH,098-CR-1360Q4-000,6.984,0,1,0,0,0,0,1,0,0,0,0,1,0
72561461,980500,2020AR060,20201105,930,,,MAYO,N,TRL,US0023,US0023,0,098 US-23-10,US0023,N,N,NULL,NULL,NULL,N,NULL,NULL,NULL,NULL,NULL,NULL,29.603,NULL,NULL,NULL,NULL,,NULL,0,0,2,2,N,N,55,NULL,98,9801,0.1,N,N,37.53154,37,31.892,NULL,-82.57711,82,34.627,NULL,N,NULL,NULL,NULL,NULL,NULL,NULL,NULL,NULL,5,3,5,6,1,1,2,2,1,3,N,NULL,Y,N,930,932,950,N,NULL,70,,1,N,,N,N,098-US-0023-10,NULL,NULL,2020,O,7.25615E+11,098-US-0023  -010,HIGH,098-US-0023  -000,29.603,0,0,0,1,0,0,0,1,0,0,0,0,0
72539539,KSP0900,20-673047,20200829,1708,,,US23,,,US0023,US0023,0,098 US-23,US0023,N,N,NULL,NULL,NULL,N,NULL,NULL,NULL,NULL,NULL,NULL,6.714,NULL,NULL,NULL,NULL,,NULL,1,0,1,1,N,N,55,NULL,98,9809,NULL,,Y,37.29829,37,17.898,NULL,-82.5449,82,32.694,NULL,N,NULL,NULL,NULL,NULL,NULL,NULL,NULL,NULL,9,3,4,4,1,5,6,2,7,3,N,NULL,Y,Y,1708,1725,,N,NULL,44,,1,N,,N,N,098-US-0023-0,NULL,NULL,2020,C,7.25395E+11,098-US-0023  -000,HIGH,098-US-0023  -000,6.714,0,0,0,0,0,0,0,0,0,0,0,1,0
72588562,980000,21-01-007,20210118,1800,,,US119 CROSSOVER,,,US0119,US0119,0,098 US-119-33,US0119,N,N,NULL,NULL,NULL,N,NULL,NULL,NULL,NULL,NULL,NULL,0.006,NULL,NULL,NULL,NULL,,NULL,0,0,2,2,N,N,55,NULL,98,9801,NULL,,Y,37.51239,37,30.744,NULL,-82.49973,82,29.984,NULL,N,NULL,NULL,NULL,NULL,NULL,NULL,NULL,NULL,8,3,2,6,1,1,2,6,7,3,N,NULL,Y,Y,1800,1800,1810,N,NULL,53,2,1,N,,N,N,098-US-0119-33,NULL,NULL,2021,O,7.25886E+11,098-US-0119  -033,HIGH,098-US-0119  -033,0.006,0,0,1,0,0,0,0,0,0,0,0,1,0
72575160,980100,2.02E+11,20201214,1342,,,MAIN,,ST,,,,,,N,N,NULL,NULL,NULL,N,NULL,NULL,NULL,NULL,NULL,NULL,0.023,NULL,NULL,NULL,NULL,,NULL,0,0,1,1,N,Y,15,NULL,98,9801,NULL,,Y,37.47801,37,28.68,NULL,-82.51836,82,31.102,NULL,N,NULL,NULL,NULL,NULL,NULL,NULL,NULL,NULL,9,6,1,6,1,5,3,2,1,3,N,NULL,N,N,1342,1356,1413,N,NULL,51,,,N,,N,N,,NULL,NULL,2020,O,7.25752E+11,098-CS-1112  -000,MEDIUM,098-CS-1112  -000,0.023,0,0,0,0,0,0,1,0,0,0,0,1,0
72610709,980500,2021AR014,20210405,1406,,4321,MAYO TRAIL,N,,US0023,US0023,0,098 US-23-10,US0023,Y,N,NULL,NULL,NULL,N,NULL,NULL,NULL,NULL,NULL,NULL,NULL,NULL,NULL,NULL,NULL,NULL,NULL,0,0,2,2,N,N,15,NULL,98,9807,NULL,,Y,37.52355,37,31.413,NULL,-82.57215,82,34.329,NULL,N,NULL,NULL,NULL,NULL,NULL,NULL,NULL,NULL,8,97,NULL,4,1,1,2,2,1,3,N,NULL,Y,Y,1412,1416,1416,N,NULL,90,,1,N,,N,N,098-US-0023-10,NULL,NULL,2021,O,7.26107E+11,098-US-0023  -010,HIGH,098-US-0023  -000,28.99,0,0,0,0,0,0,0,0,0,0,0,0,0
72607254,KSP0900,21-120854,20210326,2356,,,US460,,,US0460,US0460,0,098 US-460,US0460,N,N,NULL,NULL,NULL,N,NULL,NULL,NULL,NULL,NULL,NULL,2.178,NULL,NULL,NULL,NULL,,NULL,0,0,1,1,Y,N,55,NULL,98,9801,NULL,,Y,37.43381,37,26.028,NULL,-82.4893,82,29.358,NULL,N,NULL,NULL,NULL,NULL,NULL,NULL,NULL,NULL,9,3,2,3,1,1,2,6,7,3,N,NULL,Y,N,2358,5,,N,NULL,40,,1,Y,,N,N,098-US-0460-0,NULL,NULL,2021,O,7.26073E+11,098-US-0460  -000,HIGH,098-US-0460  -000,2.178,0,0,0,0,0,0,0,0,1,0,0,1,0
72574512,KSP0900,20-826930,20201213,1103,,,VIRGIE,,RD,KY0610,KY0610,0,098 KY-610,KY0610,N,N,NULL,NULL,NULL,N,NULL,NULL,NULL,NULL,NULL,NULL,1.412,NULL,NULL,NULL,NULL,,NULL,2,0,1,1,N,N,55,NULL,98,9809,NULL,,Y,37.28724,37,17.234,NULL,-82.59676,82,35.805,NULL,N,NULL,NULL,NULL,NULL,NULL,NULL,NULL,NULL,9,97,2,6,1,1,3,2,7,3,N,NULL,Y,N,1103,1108,,N,NULL,70,7,0,N,,N,N,098-KY-0610-0,NULL,NULL,2020,C,7.25745E+11,098-KY-0610  -000,HIGH,098-KY-0610  -000,1.412,0,0,0,1,0,0,0,0,0,0,0,1,0
72533772,KSP0900,20-658881,20200820,1721,,,US119,,,US0119,US0119,0,098 US-119-10,US0119,N,N,NULL,NULL,NULL,N,NULL,NULL,NULL,NULL,NULL,NULL,24.807,NULL,NULL,NULL,NULL,,NULL,1,0,2,2,N,N,45,NULL,98,9834,NULL,,Y,37.6659,37,39.954,NULL,-82.27516,82,16.51,NULL,N,NULL,NULL,NULL,NULL,NULL,NULL,NULL,NULL,5,3,4,6,1,5,6,2,7,3,N,NULL,Y,Y,1735,1747,1851,N,NULL,49,2,1,N,,N,N,098-US-0119-10,NULL,NULL,2020,B,7.25338E+11,098-US-0119  -010,HIGH,098-US-0119  -000,24.807,0,1,0,0,0,0,0,0,0,0,0,0,0
72614317,980100,2.021E+11,20210330,1723,,,KY3496,,,KY3496,KY3496,0,098 KY-3496,KY3496,Y,N,NULL,NULL,NULL,N,NULL,NULL,NULL,NULL,NULL,NULL,0.769,NULL,NULL,NULL,NULL,,NULL,0,0,2,2,Y,N,10,NULL,98,9801,NULL,,Y,37.47206,37,28.323,NULL,-82.5301,82,31.806,NULL,N,NULL,NULL,NULL,NULL,NULL,NULL,NULL,NULL,2,97,2,6,1,1,2,2,1,3,N,NULL,Y,N,1723,1728,1746,N,NULL,90,16,0,N,,N,N,098-KY-3496-0,NULL,NULL,2021,O,7.26143E+11,098-KY-3496  -000,HIGH,098-KY-3496  -000,0.769,0,0,0,0,0,0,1,0,0,0,0,1,0
72556381,980100,2.02E+11,20201024,749,,,BYPASS,S,RD,KY1426,KY1426,,,,N,N,NULL,NULL,NULL,N,NULL,NULL,NULL,NULL,NULL,NULL,5.587,NULL,NULL,NULL,NULL,,NULL,0,0,2,2,N,N,35,NULL,98,9801,NULL,,Y,37.47241,37,28.344,NULL,-82.52469,82,31.481,NULL,N,NULL,NULL,NULL,NULL,NULL,NULL,NULL,NULL,1,3,2,6,1,5,6,2,1,3,N,NULL,Y,N,750,755,800,N,NULL,55,,0,N,,N,N,,NULL,NULL,2020,O,7.25564E+11,098-KY-1426  -000,HIGH,098-KY-1426  -000,5.587,0,0,0,0,0,0,1,0,0,0,0,0,0
72572992,980000,20-12-003,20201204,1930,,,US119,,,US0119,US0119,0,098 US-119,US0119,N,N,NULL,NULL,NULL,N,NULL,NULL,NULL,NULL,NULL,NULL,23.61,NULL,NULL,NULL,NULL,,NULL,3,0,2,2,N,N,55,NULL,98,9834,NULL,,Y,37.65028,37,39.017,NULL,-82.26773,82,16.064,NULL,N,NULL,NULL,NULL,NULL,NULL,NULL,NULL,NULL,1,3,4,6,1,5,6,5,1,3,N,NULL,N,Y,1927,1927,1927,N,NULL,55,2,1,Y,,N,N,098-US-0119-0,NULL,NULL,2020,B,7.2573E+11,098-US-0119  -000,HIGH,098-US-0119  -000,23.61,0,0,0,0,0,0,0,1,0,0,0,0,0
72548205,KSP0900,20-715082,20200926,1010,,28866,US119,,,US0119,US0119,0,098 US-119,US0119,N,N,NULL,NULL,NULL,N,NULL,NULL,NULL,NULL,NULL,NULL,24.649,NULL,NULL,NULL,NULL,,NULL,1,0,1,1,N,N,55,NULL,98,9834,NULL,,Y,37.66417,37,39.85,NULL,-82.27325,82,16.395,NULL,N,NULL,NULL,NULL,NULL,NULL,NULL,NULL,NULL,9,5,4,3,1,1,2,2,1,3,Y,NULL,Y,Y,1010,1017,1017,N,NULL,51,2,1,N,,N,N,098-US-0119-0,NULL,NULL,2020,B,7.25482E+11,098-US-0119  -000,HIGH,098-US-0119  -000,24.649,0,0,0,0,0,0,0,0,0,0,0,1,0