MasterFile,AgencyORINumber,LocalCode,CollisionDate,CollisionTime,CollisionDayWeekCode,RoadwayName_HouseBusinessNumber_,RoadwayName_RoadwayName_,RoadwayName_Direction_,RoadwayName_RoadwaySuffix_,RoadwayfromReport,CurrentRoadwayNumber,RoadwayNumberCoupletID,RSEUniqueGIS,RoadwayIdentifier,ParkingLotIndicator,IntersectionWith_Indicator_,IntersectionWith_NameRoadway_,IntersectionWith_Direction_,IntersectionWith_RoadwaySuffix_,BetweenStreets_Indicator_,BetweenStreets1_NameRoadway_,BetweenStreet1_Direction_,BetweenStreets1_RoadwaySuffix_,BetweenStreets2_NameRoadway_,BetweenStreets2_Direction_,BetweenStreets2_RoadwaySuffix_,Milepoint,ReportMilepointDeriveNumber,CurrentDerivedMiepointNumber,MilestoMilepoint,FeettoMilepoint,DirectionfromMilepoint_NSEW_,ValidMilepointIndicator,NumberInjured,NumberKilled,ofUnits,ofMotorVehicleUnits,Hit&RunIndicator,OneWayIndicator,SpeedLimitNumber,KilometersIndicator,CountyCode,CityCountyCode,MilesFromCity,DirectionFromCity_NSEW_,InCityLimitsIndicator,Latitude,LatitudeDegrees,LatitudeMinutes,LatitudeSeconds,Longitude,LongitudeDegrees,LongitudeMinutes,LongitudeSeconds,RampIndicator,RampFromIdentifier,RampFromDirCode,RampFromCoupletID,RSEUniqueGISRampFrom,RampToidentifier,RampToDirCode,RampToCoupletID,RSEUniqueGisRampTo,MannerofCollisionCode,LocationFirstEventCode,TotalLanes,RoadwayCharacterCode,RoadwaySurfaceCode,RoadwayConditionCode,WeatherCode,LightConditionCode,LandUseCode,SchoolBusRelatedCode,FirstAidSceneIndicator,CollDescPresentInd,InvestigationCompleteIndicator,PhotosTakenIndicator,TimeNotified,TimeArrived,TimeRoadwayOpened,PropertyDamageIndicator,DiagramPresentIndicator,DirectionalAnalysis,FunctionClassCode,NationalHwySysCode,EnforcementsIndicator,KARSCityCode,SecondaryCollisionIndicator,MedianCrossoverIndicator,RT_UNIQUE,MapIt,TimeLastLeft,YR,KABCO,MFNY,WorkingRID,RT_CONFIDENCE,KTC_RT,KTC_MP,Motorcyclist,CommercialVehicle,YoungDriver,MatureDriver,pedestrian,Bicyclist,Distracted,agressive,Impaired,Unrestrained,Intersection,RoadwayDeparture,MedXover
72490507,KSP0900,20-10913,20200324,1205,,,US119,,,US0119,US0119,0,098 US-119,US0119,Y,N,NULL,NULL,NULL,N,NULL,NULL,NULL,NULL,NULL,NULL,23.864,NULL,NULL,NULL,NULL,,NULL,0,0,1,1,N,N,10,NULL,98,9834,NULL,,Y,37.65391,37,39.234,NULL,-82.26895,82,16.137,NULL,N,NULL,NULL,NULL,NULL,NULL,NULL,NULL,NULL,9,97,4,6,1,1,3,2,1,3,N,NULL,N,N,1205,1235,1235,N,NULL,90,2,1,N,,N,N,098-US-0119-0,NULL,NULL,2020,O,7.24905E+11,098-US-0119  -000,HIGH,098-US-0119  -000,23.864,0,0,0,0,0,0,0,0,0,0,0,1,0
72506855,KSP0900,20-20546,20200531,1346,,,US23,,,US0023,US0023,0,098 US-23-10,US0023,N,N,NULL,NULL,NULL,N,NULL,NULL,NULL,NULL,NULL,NULL,29.875,NULL,NULL,NULL,NULL,,NULL,0,0,2,2,N,N,55,NULL,98,9801,NULL,,Y,37.53521,37,32.113,NULL,-82.57896,82,34.737,NULL,N,NULL,NULL,NULL,NULL,NULL,NULL,NULL,NULL,5,3,4,6,1,1,2,2,3,3,N,NULL,Y,N,1348,1350,,N,NULL,49,,1,N,,N,N,098-US-0023-10,NULL,NULL,2020,O,7.25069E+11,098-US-0023  -010,HIGH,098-US-0023  -000,29.875,0,0,1,0,0,0,1,0,0,0,0,0,0
72564311,980100,2.02E+11,20201113,1129,,,US23,,,US0023,US0023,,,,N,N,NULL,NULL,NULL,N,NULL,NULL,NULL,NULL,NULL,NULL,25.417,NULL,NULL,NULL,NULL,,NULL,0,0,2,2,N,N,55,NULL,98,9801,NULL,,Y,37.49226,37,29.536,NULL,-82.53461,82,32.077,NULL,N,NULL,NULL,NULL,NULL,NULL,NULL,NULL,NULL,1,3,4,6,1,1,2,2,7,3,N,NULL,Y,N,1129,1132,,N,NULL,55,,1,N,,N,N,,NULL,NULL,2020,O,7.25643E+11,098-US-0023  -000,MEDIUM,098-US-0023  -000,25.417,0,0,0,0,0,0,1,1,0,0,0,0,0
72567760,980100,2.02E+11,20201120,1758,,,CASSIDY,,BLVD,,,,,,N,N,NULL,NULL,NULL,N,NULL,NULL,NULL,NULL,NULL,NULL,0.203,NULL,NULL,NULL,NULL,,NULL,0,0,2,2,N,Y,15,NULL,98,9801,NULL,,Y,37.50406,37,30.244,NULL,-82.53528,82,32.117,NULL,N,NULL,NULL,NULL,NULL,NULL,NULL,NULL,NULL,1,97,4,6,1,1,2,5,1,3,N,NULL,N,N,1758,1805,1805,N,NULL,55,,,N,,N,N,,NULL,NULL,2020,O,7.25678E+11,098-CS-1191  -000,LOW,098-CS-1191  -000,0.203,0,0,1,0,0,0,1,0,0,0,0,0,0
72555496,KSP0900,20-742971,20201015,1658,,,COLLINS,,HWY,KY0122,KY0122,0,098 KY-122,KY0122,N,N,NULL,NULL,NULL,N,NULL,NULL,NULL,NULL,NULL,NULL,12.977,NULL,NULL,NULL,NULL,,NULL,0,0,1,1,N,N,55,NULL,98,9801,NULL,,Y,37.40499,37,24.299,NULL,-82.51722,82,31.033,NULL,N,NULL,NULL,NULL,NULL,NULL,NULL,NULL,NULL,9,3,2,6,1,1,2,2,7,3,N,NULL,Y,N,1658,1733,,N,NULL,40,,0,N,,N,Y,098-KY-0122-0,NULL,NULL,2020,O,7.25555E+11,098-KY-0122  -000,HIGH,098-KY-0122  -000,12.977,0,0,0,0,0,0,1,0,1,0,0,1,0
72556928,980100,2.02E+11,20201008,1937,,,FIFE FORK,,RD,,,0,098 CS-1077,CS1077,N,N,NULL,NULL,NULL,N,NULL,NULL,NULL,NULL,NULL,NULL,0.109,NULL,NULL,NULL,NULL,,NULL,0,0,2,2,N,N,15,NULL,98,9801,NULL,,Y,37.47457,37,28.474,NULL,-82.48353,82,29.012,NULL,N,NULL,NULL,NULL,NULL,NULL,NULL,NULL,NULL,2,97,1,5,1,1,2,6,6,3,N,NULL,Y,N,1937,1937,1937,N,NULL,47,,,N,,N,N,098-CS-1077-0,NULL,NULL,2020,O,7.25569E+11,098-CS-1077  -000,HIGH,098-CS-1077  -000,0.109,0,0,0,0,0,0,1,0,0,0,0,0,0
72551976,KSP0900,2020-00727198,20201004,1820,,,BOWENS,,RD,,,0,098 CR-1202Q3,CR1202Q3,N,N,NULL,NULL,NULL,N,NULL,NULL,NULL,NULL,NULL,NULL,0.083,NULL,NULL,NULL,NULL,,NULL,0,0,2,2,N,Y,10,NULL,98,9835,NULL,,Y,37.27758,37,16.655,NULL,-82.48056,82,28.833,NULL,N,NULL,NULL,NULL,NULL,NULL,NULL,NULL,NULL,8,3,1,6,1,1,2,2,7,3,N,NULL,Y,N,1820,1900,1930,N,NULL,53,,,N,,N,N,098-CR-1202Q3-0,NULL,NULL,2020,O,7.2552E+11,098-CR-1202Q3-000,HIGH,098-CR-1202Q3-000,0.083,0,0,0,0,0,0,0,0,0,1,0,1,0
72601303,980100,2.021E+11,20210305,1459,,,US23,,,US0023,US0023,,,,N,N,NULL,NULL,NULL,N,NULL,NULL,NULL,NULL,NULL,NULL,19.488,NULL,NULL,NULL,NULL,,NULL,0,0,2,2,N,N,55,NULL,98,9801,NULL,,Y,37.44732,37,26.839,NULL,-82.50491,82,30.295,NULL,N,NULL,NULL,NULL,NULL,NULL,NULL,NULL,NULL,5,3,4,6,1,1,2,2,1,3,N,NULL,Y,N,1459,1508,1518,N,NULL,49,,1,N,,N,N,,NULL,NULL,2021,O,7.26013E+11,098-US-0023  -010,MEDIUM,098-US-0023  -000,19.488,0,0,0,1,0,0,1,0,0,0,0,0,0
72472219,980100,2.02E+11,20200130,1124,,,WILLIAMS HOLLOW,,RD,,,,,,N,N,NULL,NULL,NULL,N,NULL,NULL,NULL,NULL,NULL,NULL,0.466,NULL,NULL,NULL,NULL,,NULL,0,0,1,1,N,N,15,NULL,98,9801,NULL,,Y,37.49205,37,29.523,NULL,-82.48619,82,29.172,NULL,N,NULL,NULL,NULL,NULL,NULL,NULL,NULL,NULL,9,3,1,6,1,1,2,2,6,3,N,NULL,Y,N,1124,1127,1127,N,NULL,44,,,N,,N,N,,NULL,NULL,2020,O,7.24722E+11,098-CS-1085  -000,MEDIUM,098-CS-1085  -000,0.466,0,0,0,1,0,0,1,0,0,0,0,1,0
72483376,KSP0900,20-8164,20200302,1701,,5547,US460,,,US0460,US0460,0,098 US-460,US0460,Y,N,NULL,NULL,NULL,N,NULL,NULL,NULL,NULL,NULL,NULL,4.943,NULL,NULL,NULL,NULL,,NULL,0,0,2,2,N,N,NULL,NULL,98,9832,NULL,,Y,37.41168,37,24.701,NULL,-82.44999,82,26.999,NULL,N,NULL,NULL,NULL,NULL,NULL,NULL,NULL,NULL,2,97,0,6,1,1,2,2,1,3,N,NULL,Y,N,1701,1724,1701,N,NULL,90,,1,N,,N,N,098-US-0460-0,NULL,NULL,2020,O,7.24834E+11,098-US-0460  -000,HIGH,098-US-0460  -000,4.943,0,0,0,0,0,0,1,0,0,0,0,0,0
72536344,KSP0900,20-660046,20200821,1159,,,US119,,,US0119,US0119,0,098 US-119-10,US0119,N,N,NULL,NULL,NULL,N,NULL,NULL,NULL,NULL,NULL,NULL,8.994,NULL,NULL,NULL,NULL,,NULL,0,1,1,1,N,N,55,NULL,98,9820,NULL,,Y,37.57191,37,34.315,NULL,-82.41828,82,25.097,NULL,N,NULL,NULL,NULL,NULL,NULL,NULL,NULL,NULL,9,3,2,6,1,1,2,2,7,3,Y,NULL,Y,Y,1159,1218,1323,N,NULL,44,2,1,N,,N,N,098-US-0119-10,NULL,NULL,2020,K,7.25363E+11,098-US-0119  -010,HIGH,098-US-0119  -000,8.994,0,0,0,0,0,0,0,0,0,0,0,1,0
72547087,980100,2.02E+11,20200812,1047,,,BYPASS,S,RD,KY1426,KY1426,0,098 KY-1426,KY1426,Y,N,NULL,NULL,NULL,N,NULL,NULL,NULL,NULL,NULL,NULL,5.617,NULL,NULL,NULL,NULL,,NULL,0,0,2,2,Y,N,55,NULL,98,9801,NULL,,Y,37.4728,37,28.368,NULL,-82.52303,82,31.381,NULL,N,NULL,NULL,NULL,NULL,NULL,NULL,NULL,NULL,2,97,2,6,2,1,2,2,1,3,N,NULL,Y,N,1016,1016,1016,N,NULL,90,,0,N,,N,N,098-KY-1426-0,NULL,NULL,2020,NULL,7.25471E+11,098-KY-1426  -000,HIGH,098-KY-1426  -000,5.617,0,0,0,0,0,0,1,0,0,0,0,0,0
72589917,KSP0900,21-38954,20210129,2039,,,VIRGIE,,RD,KY0610,KY0610,0,098 KY-610,KY0610,Y,N,NULL,NULL,NULL,N,NULL,NULL,NULL,NULL,NULL,NULL,7.681,NULL,NULL,NULL,NULL,,NULL,0,0,2,2,N,N,35,NULL,98,9827,NULL,,Y,37.336,37,20.16,NULL,-82.58235,82,34.941,NULL,N,NULL,NULL,NULL,NULL,NULL,NULL,NULL,NULL,1,97,2,6,1,1,2,6,1,3,N,NULL,Y,N,2045,2049,2043,Y,NULL,90,7,0,N,,N,N,098-KY-0610-0,NULL,NULL,2021,O,7.25899E+11,098-KY-0610  -000,HIGH,098-KY-0610  -000,7.681,0,0,0,1,0,0,1,0,0,0,0,1,0
72596735,KSP0900,21-58709,20210213,1347,,,US460,,,US0460,US0460,0,098 US-460,US0460,N,N,NULL,NULL,NULL,N,NULL,NULL,NULL,NULL,NULL,NULL,4.281,NULL,NULL,NULL,NULL,,NULL,2,0,2,2,N,N,55,NULL,98,9824,NULL,,Y,37.41847,37,25.108,NULL,-82.4571,82,27.426,NULL,N,NULL,NULL,NULL,NULL,NULL,NULL,NULL,NULL,1,3,2,6,1,1,2,2,7,3,N,NULL,N,Y,1347,1353,1450,N,NULL,55,,1,N,,N,N,098-US-0460-0,NULL,NULL,2021,B,7.25967E+11,098-US-0460  -000,HIGH,098-US-0460  -000,4.281,0,0,0,1,0,0,1,0,0,0,0,0,0
72561520,980100,2.02E+11,20201101,1434,,,US460,,,US0460,US0460,,,,N,N,NULL,NULL,NULL,N,NULL,NULL,NULL,NULL,NULL,NULL,0.295,NULL,NULL,NULL,NULL,,NULL,0,0,2,2,N,N,45,NULL,98,9801,NULL,,Y,37.43849,37,26.309,NULL,-82.51028,82,30.616,NULL,N,NULL,NULL,NULL,NULL,NULL,NULL,NULL,NULL,4,3,2,6,1,1,2,2,7,3,N,NULL,Y,N,1434,1442,1522,N,NULL,70,,1,N,,N,N,,NULL,NULL,2020,O,7.25615E+11,098-US-0460  -000,HIGH,098-US-0460  -000,0.295,0,0,1,0,0,0,1,0,0,0,0,0,0
72551126,KSP0900,20-735681,20201010,1420,,,COMMERCIAL,,ST,,,0,098 CS-3004,CS3004,Y,N,NULL,NULL,NULL,N,NULL,NULL,NULL,NULL,NULL,NULL,0.069,NULL,NULL,NULL,NULL,,NULL,0,0,2,2,N,N,NULL,NULL,98,9807,NULL,,Y,37.51746,37,31.048,NULL,-82.56608,82,33.965,NULL,N,NULL,NULL,NULL,NULL,NULL,NULL,NULL,NULL,5,97,0,6,1,5,6,2,7,3,N,NULL,Y,N,1421,1455,,N,NULL,90,,,N,,N,N,098-CS-3004-0,NULL,NULL,2020,O,7.25511E+11,098-CS-3004  -000,HIGH,098-CS-3004  -000,0.069,0,0,1,0,0,0,1,0,0,0,0,0,0
72593056,KSP0900,21-52917,20210209,820,,,KY1056,,,KY1056,KY1056,0,098 KY-1056,KY1056,N,N,NULL,NULL,NULL,N,NULL,NULL,NULL,NULL,NULL,NULL,1.531,NULL,NULL,NULL,NULL,,NULL,0,0,1,1,N,N,55,NULL,98,9879,NULL,,Y,37.56396,37,33.838,NULL,-82.24042,82,14.425,NULL,N,NULL,NULL,NULL,NULL,NULL,NULL,NULL,NULL,9,5,2,4,1,2,6,2,7,3,N,NULL,N,N,820,820,825,N,NULL,40,8,0,N,,N,N,098-KY-1056-0,NULL,NULL,2021,O,7.25931E+11,098-KY-1056  -000,HIGH,098-KY-1056  -000,1.531,0,0,0,0,0,0,0,0,0,0,0,1,0
72519745,980200,ELK4125-18-20,20200628,1240,,,KY80,,,KY0080,KY0080,0,098 KY-80,KY0080,N,N,NULL,NULL,NULL,N,NULL,NULL,NULL,NULL,NULL,NULL,1.77,NULL,NULL,NULL,NULL,,NULL,0,0,1,1,N,N,45,NULL,98,9802,NULL,,Y,37.31828,37,19.097,NULL,-82.36417,82,21.85,NULL,N,NULL,NULL,NULL,NULL,NULL,NULL,NULL,NULL,9,5,2,6,1,5,3,2,2,3,N,NULL,Y,Y,1245,1300,1300,N,NULL,51,7,5,N,,N,N,098-KY-0080-0,NULL,NULL,2020,O,7.25197E+11,098-KY-0080  -000,HIGH,098-KY-0080  -000,1.77,0,0,0,0,0,0,0,0,0,0,0,1,0
72527308,KSP0900,20-615231,20200723,2032,,,BYPASS,S,RD,KY1426,KY1426,0,098 KY-1426,KY1426,N,N,NULL,NULL,NULL,N,NULL,NULL,NULL,NULL,NULL,NULL,6.551,NULL,NULL,NULL,NULL,,NULL,1,0,1,1,N,N,55,NULL,98,9801,NULL,,Y,37.48233,37,28.94,NULL,-82.5137,82,30.822,NULL,N,NULL,NULL,NULL,NULL,NULL,NULL,NULL,NULL,9,3,2,6,1,5,3,2,7,3,N,NULL,Y,Y,2032,2032,2032,N,NULL,40,,0,N,,N,N,098-KY-1426-0,NULL,NULL,2020,C,7.25273E+11,098-KY-1426  -000,HIGH,098-KY-1426  -000,6.551,0,0,1,0,0,0,0,0,0,1,0,1,0
72499337,980000,20-05-001,20200505,1700,,,BARRENSHEE,,CRK,,,0,098 CR-1847,CR1847,N,N,NULL,NULL,NULL,N,NULL,NULL,NULL,NULL,NULL,NULL,0.218,NULL,NULL,NULL,NULL,,NULL,0,0,2,2,N,N,5,NULL,98,9811,NULL,,Y,37.55109,37,33.066,NULL,-82.13535,82,8.121,NULL,N,NULL,NULL,NULL,NULL,NULL,NULL,NULL,NULL,2,97,1,4,1,8,6,2,6,3,N,NULL,Y,Y,1715,1730,1745,N,NULL,47,,,N,,N,N,098-CR-1847-0,NULL,NULL,2020,O,7.24993E+11,098-CR-1847  -000,HIGH,098-CR-1847  -000,0.218,0,0,0,0,0,0,1,0,0,0,0,0,0
72517759,KSP0900,20-571796,20200628,1600,,,US119,,,US0119,US0119,0,098 US-119-10,US0119,N,N,NULL,NULL,NULL,N,NULL,NULL,NULL,NULL,NULL,NULL,20.266,NULL,NULL,NULL,NULL,,NULL,0,0,1,1,N,N,55,NULL,98,9836,NULL,,Y,37.61445,37,36.867,NULL,-82.27434,82,16.46,NULL,N,NULL,NULL,NULL,NULL,NULL,NULL,NULL,NULL,9,3,2,3,1,5,6,2,7,3,N,NULL,N,N,1600,1600,1600,N,NULL,70,2,1,N,,N,N,098-US-0119-10,NULL,NULL,2020,O,7.25178E+11,098-US-0119  -010,HIGH,098-US-0119  -000,20.266,1,0,0,0,0,0,1,0,0,0,0,1,0
72563788,980100,2.02E+11,20201111,817,,,,,,US0023,US0023,,,,N,N,NULL,NULL,NULL,N,NULL,NULL,NULL,NULL,NULL,NULL,0.009,NULL,NULL,NULL,NULL,NULL,NULL,0,0,1,1,N,N,55,NULL,98,9801,NULL,,Y,37.43663,37,26.198,NULL,-82.51089,82,30.653,NULL,Y,US0460,S,NULL,098 US-23-422,US0023,N,NULL,098 US-23-422,9,4,4,1,1,5,3,2,7,3,N,NULL,Y,N,817,827,827,Y,NULL,72,,1,N,,N,N,,NULL,NULL,2020,O,7.25638E+11,098-US-0023  -422,MEDIUM,098-US-0023  -422,0.009,0,0,0,0,0,0,0,0,0,0,0,1,0
72589608,KSP0900,21-33719,20210126,1045,,,COLLINS,,HWY,KY0122,KY0122,0,098 KY-122,KY0122,N,N,NULL,NULL,NULL,N,NULL,NULL,NULL,NULL,NULL,NULL,14.886,NULL,NULL,NULL,NULL,,NULL,0,0,2,2,N,N,55,NULL,98,9801,NULL,,Y,37.4145,37,24.87,NULL,-82.49699,82,29.819,NULL,N,NULL,NULL,NULL,NULL,NULL,NULL,NULL,NULL,5,3,2,6,1,1,2,2,7,3,N,NULL,Y,N,950,1001,1001,N,NULL,49,,0,N,,N,N,098-KY-0122-0,NULL,NULL,2021,O,7.25896E+11,098-KY-0122  -000,HIGH,098-KY-0122  -000,14.886,0,0,0,0,0,0,1,1,0,0,0,0,0
72541136,KSP0900,20-685161,20200906,737,,,KY292,,,KY0292,KY0292,0,098 KY-292,KY0292,N,N,NULL,NULL,NULL,N,NULL,NULL,NULL,NULL,NULL,NULL,4.388,NULL,NULL,NULL,NULL,,NULL,0,0,1,1,N,N,45,NULL,98,9869,NULL,,Y,37.65945,37,39.567,NULL,-82.26306,82,15.784,NULL,N,NULL,NULL,NULL,NULL,NULL,NULL,NULL,NULL,9,4,2,6,1,1,10,1,7,3,N,NULL,Y,Y,828,842,909,N,NULL,51,8,0,N,,N,N,098-KY-0292-0,NULL,NULL,2020,O,7.25411E+11,098-KY-0292  -000,HIGH,098-KY-0292  -000,4.388,0,0,0,0,0,0,0,0,0,0,0,1,0
72523061,KSP0900,2020-610353,20200720,1801,,,LITTLE,,CRK,,,0,098 CR-1276,CR1276,N,N,NULL,NULL,NULL,N,NULL,NULL,NULL,NULL,NULL,NULL,0.209,NULL,NULL,NULL,NULL,,NULL,0,0,1,1,N,N,35,NULL,98,9801,NULL,,Y,37.3905,37,23.43,NULL,-82.5201,82,31.206,NULL,N,NULL,NULL,NULL,NULL,NULL,NULL,NULL,NULL,9,3,1,1,1,1,3,2,7,3,N,NULL,N,N,1801,1840,1840,N,NULL,44,,,N,,N,N,098-CR-1276-0,NULL,NULL,2020,O,7.25231E+11,098-CR-1276  -000,HIGH,098-CR-1276  -000,0.209,0,0,0,0,0,0,0,0,0,0,0,1,0
72557129,KSP0900,20-758152,20201026,736,,,FERRELLS CREEK,,RD,US0460,US0460,0,098 US-460,US0460,N,N,NULL,NULL,NULL,N,NULL,NULL,NULL,NULL,NULL,NULL,15.807,NULL,NULL,NULL,NULL,,NULL,0,0,2,2,N,N,55,NULL,98,9802,3,NE,N,37.34879,37,20.928,NULL,-82.35034,82,21.02,NULL,N,NULL,NULL,NULL,NULL,NULL,NULL,NULL,NULL,7,3,2,6,1,1,3,1,7,3,N,NULL,Y,N,736,827,827,N,NULL,54,,1,N,,N,N,098-US-0460-0,NULL,NULL,2020,O,7.25571E+11,098-US-0460  -000,HIGH,098-US-0460  -000,15.807,0,0,0,1,0,0,0,0,0,0,0,1,0
72565842,KSP0900,20-786571,20201114,450,,,KY80,,,KY0080,KY0080,0,098 KY-80,KY0080,N,N,NULL,NULL,NULL,N,NULL,NULL,NULL,NULL,NULL,NULL,5.109,NULL,NULL,NULL,NULL,,NULL,0,0,1,1,N,N,55,NULL,98,9802,NULL,,Y,37.29557,37,17.735,NULL,-82.32668,82,19.601,NULL,N,NULL,NULL,NULL,NULL,NULL,NULL,NULL,NULL,9,3,2,3,1,1,3,6,7,3,N,NULL,Y,N,450,530,620,N,NULL,40,7,0,N,,N,N,098-KY-0080-0,NULL,NULL,2020,O,7.25658E+11,098-KY-0080  -000,HIGH,098-KY-0080  -000,5.109,0,0,0,0,0,0,0,0,0,0,0,1,0
72554027,980100,2.02E+11,20201017,709,,,KY1426,,,KY1426,KY1426,,,,N,N,NULL,NULL,NULL,N,NULL,NULL,NULL,NULL,NULL,NULL,7.037,NULL,NULL,NULL,NULL,,NULL,1,0,1,1,N,N,45,NULL,98,9801,NULL,,Y,37.48728,37,29.237,NULL,-82.50755,82,30.453,NULL,N,NULL,NULL,NULL,NULL,NULL,NULL,NULL,NULL,9,4,2,5,1,1,2,3,1,3,N,NULL,Y,Y,709,713,,N,NULL,44,,0,N,,N,N,,NULL,NULL,2020,C,7.2554E+11,098-KY-1426  -000,HIGH,098-KY-1426  -000,7.037,0,0,1,0,0,0,0,0,0,0,0,1,0
72570361,980100,2.02E+11,20201130,1127,,,US23,,,US0023,US0023,,,,N,N,NULL,NULL,NULL,N,NULL,NULL,NULL,NULL,NULL,NULL,27.442,NULL,NULL,NULL,NULL,,NULL,0,0,2,2,N,N,55,NULL,98,9807,NULL,,Y,37.5111,37,30.666,NULL,-82.54993,82,32.996,NULL,N,NULL,NULL,NULL,NULL,NULL,NULL,NULL,NULL,5,3,6,6,1,5,2,2,7,3,N,NULL,N,N,1127,1137,1127,N,NULL,49,,1,N,,N,N,,NULL,NULL,2020,O,7.25704E+11,098-US-0023  -010,MEDIUM,098-US-0023  -000,27.442,0,0,1,0,0,0,0,1,0,0,0,0,0
72561380,KSP0900,20-771082,20201104,620,,,US119,,,US0119,US0119,0,098 US-119,US0119,N,N,NULL,NULL,NULL,N,NULL,NULL,NULL,NULL,NULL,NULL,12.931,NULL,NULL,NULL,NULL,,NULL,0,0,1,1,N,N,55,NULL,98,9833,NULL,,Y,37.60695,37,36.417,NULL,-82.36596,82,21.957,NULL,N,NULL,NULL,NULL,NULL,NULL,NULL,NULL,NULL,9,3,2,4,1,1,2,2,7,3,N,NULL,Y,N,620,710,710,N,NULL,38,2,1,N,,N,N,098-US-0119-0,NULL,NULL,2020,O,7.25614E+11,098-US-0119  -000,HIGH,098-US-0119  -000,12.931,0,0,0,0,0,0,0,0,0,0,0,0,0
72567014,980000,2011007,20201120,1350,,,MALL RD,,,,,,,,N,N,NULL,NULL,NULL,N,NULL,NULL,NULL,NULL,NULL,NULL,NULL,NULL,NULL,NULL,NULL,NULL,NULL,0,0,2,2,N,N,15,NULL,98,9812,4,N,N,37.65611,37,39.366,NULL,-82.27264,82,16.359,NULL,N,NULL,NULL,NULL,NULL,NULL,NULL,NULL,NULL,5,3,2,2,1,1,2,2,1,3,N,NULL,N,N,1350,1356,1356,N,NULL,70,,,N,,N,N,,NULL,NULL,2020,O,7.2567E+11,098-PR-1010  -000,MEDIUM,098-PR-1010  -000,0.413,0,0,0,0,0,0,1,0,0,0,0,0,0
72565413,980000,20-11-005,20201116,330,,2657,POWELLS,,CRK,,,0,098 CR-1208,CR1208,N,N,NULL,NULL,NULL,N,NULL,NULL,NULL,NULL,NULL,NULL,2.683,NULL,NULL,NULL,NULL,,NULL,0,0,1,1,N,N,35,NULL,98,9801,10,E,N,37.40955,37,24.573,NULL,-82.38855,82,23.313,NULL,N,NULL,NULL,NULL,NULL,NULL,NULL,NULL,NULL,9,5,1,1,1,1,2,6,7,3,N,NULL,Y,Y,1030,1100,1100,N,NULL,44,,,N,,N,N,098-CR-1208-0,NULL,NULL,2020,O,7.25654E+11,098-CR-1208  -000,HIGH,098-CR-1208  -000,2.683,0,0,0,0,0,0,0,0,0,0,0,1,0
72525509,980000,20-07-006,20200714,1700,,,KY1426,,,KY1426,KY1426,0,098 KY-1426,KY1426,Y,N,NULL,NULL,NULL,N,NULL,NULL,NULL,NULL,NULL,NULL,10.814,NULL,NULL,NULL,NULL,,NULL,0,0,2,2,Y,N,10,NULL,98,9828,NULL,,Y,37.52148,37,31.289,NULL,-82.47348,82,28.409,NULL,N,NULL,NULL,NULL,NULL,NULL,NULL,NULL,NULL,7,7,2,6,1,1,2,2,1,3,N,NULL,Y,Y,1700,1700,1720,N,NULL,90,7,0,N,,N,N,098-KY-1426-0,NULL,NULL,2020,O,7.25255E+11,098-KY-1426  -000,HIGH,098-KY-1426  -000,10.814,0,0,0,0,0,0,1,0,0,0,0,0,0
72515320,KSP0900,20-566388,20200625,1657,,28402,US119,,,US0119,US0119,0,098 US-119,US0119,Y,N,NULL,NULL,NULL,N,NULL,NULL,NULL,NULL,NULL,NULL,24.105,NULL,NULL,NULL,NULL,,NULL,0,0,2,2,N,N,55,NULL,98,9834,NULL,,Y,37.65712,37,39.427,NULL,-82.27089,82,16.254,NULL,N,NULL,NULL,NULL,NULL,NULL,NULL,NULL,NULL,2,97,4,6,1,1,2,2,5,3,N,NULL,Y,N,1700,1711,1703,N,NULL,90,2,1,N,,N,N,098-US-0119-0,NULL,NULL,2020,O,7.25153E+11,098-US-0119  -000,HIGH,098-US-0119  -000,24.105,0,0,0,1,0,0,1,0,0,0,0,0,0
72513933,KSP0900,20-556701,20200620,1730,,,KY632,,,KY0632,KY0632,0,098 KY-632,KY0632,N,N,NULL,NULL,NULL,N,NULL,NULL,NULL,NULL,NULL,NULL,1.562,NULL,NULL,NULL,NULL,,NULL,2,0,2,2,N,N,55,NULL,98,9817,NULL,,Y,37.49697,37,29.818,NULL,-82.32649,82,19.59,NULL,N,NULL,NULL,NULL,NULL,NULL,NULL,NULL,NULL,7,3,2,3,1,5,2,2,7,3,N,NULL,N,N,1730,1730,1730,N,NULL,54,6,0,N,,N,N,098-KY-0632-0,NULL,NULL,2020,B,7.25139E+11,098-KY-0632  -000,HIGH,098-KY-0632  -000,1.562,0,0,1,0,0,0,1,0,0,0,0,1,0
72523481,KSP0900,20-609595,20200720,1045,,,BONES,,BR,,,0,098 CR-1834,CR1834,N,N,NULL,NULL,NULL,N,NULL,NULL,NULL,NULL,NULL,NULL,0.45,NULL,NULL,NULL,NULL,,NULL,0,0,2,2,N,N,35,NULL,98,9804,NULL,,Y,37.51485,37,30.891,NULL,-82.14075,82,8.445,NULL,N,NULL,NULL,NULL,NULL,NULL,NULL,NULL,NULL,1,3,1,3,3,1,2,2,7,3,N,NULL,N,N,1045,1050,1100,N,NULL,55,,,N,,N,N,098-CR-1834-0,NULL,NULL,2020,O,7.25235E+11,098-CR-1834  -000,HIGH,098-CR-1834  -000,0.45,0,0,0,0,0,0,0,0,0,0,0,0,0