MasterFile,AgencyORINumber,LocalCode,CollisionDate,CollisionTime,CollisionDayWeekCode,RoadwayName_HouseBusinessNumber_,RoadwayName_RoadwayName_,RoadwayName_Direction_,RoadwayName_RoadwaySuffix_,RoadwayfromReport,CurrentRoadwayNumber,RoadwayNumberCoupletID,RSEUniqueGIS,RoadwayIdentifier,ParkingLotIndicator,IntersectionWith_Indicator_,IntersectionWith_NameRoadway_,IntersectionWith_Direction_,IntersectionWith_RoadwaySuffix_,BetweenStreets_Indicator_,BetweenStreets1_NameRoadway_,BetweenStreet1_Direction_,BetweenStreets1_RoadwaySuffix_,BetweenStreets2_NameRoadway_,BetweenStreets2_Direction_,BetweenStreets2_RoadwaySuffix_,Milepoint,ReportMilepointDeriveNumber,CurrentDerivedMiepointNumber,MilestoMilepoint,FeettoMilepoint,DirectionfromMilepoint_NSEW_,ValidMilepointIndicator,NumberInjured,NumberKilled,ofUnits,ofMotorVehicleUnits,Hit&RunIndicator,OneWayIndicator,SpeedLimitNumber,KilometersIndicator,CountyCode,CityCountyCode,MilesFromCity,DirectionFromCity_NSEW_,InCityLimitsIndicator,Latitude,LatitudeDegrees,LatitudeMinutes,LatitudeSeconds,Longitude,LongitudeDegrees,LongitudeMinutes,LongitudeSeconds,RampIndicator,RampFromIdentifier,RampFromDirCode,RampFromCoupletID,RSEUniqueGISRampFrom,RampToidentifier,RampToDirCode,RampToCoupletID,RSEUniqueGisRampTo,MannerofCollisionCode,LocationFirstEventCode,TotalLanes,RoadwayCharacterCode,RoadwaySurfaceCode,RoadwayConditionCode,WeatherCode,LightConditionCode,LandUseCode,SchoolBusRelatedCode,FirstAidSceneIndicator,CollDescPresentInd,InvestigationCompleteIndicator,PhotosTakenIndicator,TimeNotified,TimeArrived,TimeRoadwayOpened,PropertyDamageIndicator,DiagramPresentIndicator,DirectionalAnalysis,FunctionClassCode,NationalHwySysCode,EnforcementsIndicator,KARSCityCode,SecondaryCollisionIndicator,MedianCrossoverIndicator,RT_UNIQUE,MapIt,TimeLastLeft,YR,KABCO,MFNY,WorkingRID,RT_CONFIDENCE,KTC_RT,KTC_MP,Motorcyclist,CommercialVehicle,YoungDriver,MatureDriver,pedestrian,Bicyclist,Distracted,agressive,Impaired,Unrestrained,Intersection,RoadwayDeparture,MedXover
72560682,KSP0900,20-768985,20201102,1653,,,KY292,,,KY0292,KY0292,,,,N,N,NULL,NULL,NULL,N,NULL,NULL,NULL,NULL,NULL,NULL,0.748,NULL,NULL,NULL,NULL,,NULL,0,0,2,1,N,N,30,NULL,98,9869,NULL,,Y,37.63605,37,38.163,NULL,-82.22,82,13.2,NULL,N,NULL,NULL,NULL,NULL,NULL,NULL,NULL,NULL,7,3,2,3,1,1,2,2,7,3,N,NULL,N,N,1653,1735,,N,NULL,54,8,0,N,,N,N,,NULL,NULL,2020,O,7.25607E+11,098-KY-0292  -000,MEDIUM,098-KY-0292  -000,0.748,0,0,0,0,0,0,0,0,0,0,0,1,0
72537535,980100,2.02E+11,20200830,1435,,,US23,,,US0023,US0023,0,098 US-23,US0023,N,Y,US119,,,N,NULL,NULL,NULL,NULL,NULL,NULL,26.291,NULL,NULL,NULL,NULL,,NULL,0,0,2,2,N,N,55,NULL,98,9801,NULL,,Y,37.50377,37,30.226,NULL,-82.53216,82,31.929,NULL,N,NULL,NULL,NULL,NULL,NULL,NULL,NULL,NULL,5,3,4,6,1,1,2,2,7,3,N,NULL,Y,N,1435,1444,1442,N,NULL,35,,1,N,,N,N,098-US-0023-0,NULL,NULL,2020,O,7.25375E+11,098-US-0023  -000,HIGH,098-US-0023  -000,26.291,0,0,0,1,0,0,1,0,0,0,1,0,0
72585896,980100,2.021E+11,20210118,1251,,,US23,,,US0023,US0023,0,098 US-23,US0023,N,N,NULL,NULL,NULL,N,NULL,NULL,NULL,NULL,NULL,NULL,19.183,NULL,NULL,NULL,NULL,,NULL,0,0,2,2,N,N,15,NULL,98,9801,NULL,,Y,37.44302,37,26.581,NULL,-82.50583,82,30.35,NULL,N,NULL,NULL,NULL,NULL,NULL,NULL,NULL,NULL,2,97,2,6,1,5,3,2,7,3,N,NULL,Y,N,1251,1256,1251,N,NULL,56,,1,N,,N,N,098-US-0023-0,NULL,NULL,2021,O,7.25859E+11,098-US-0023  -000,HIGH,098-US-0023  -000,19.183,0,0,0,1,0,0,1,0,0,0,0,0,0
72561537,KSP0900,20-771408,20201104,1130,,,US23,,,US0023,US0023,0,098 US-23-10,US0023,N,N,NULL,NULL,NULL,N,NULL,NULL,NULL,NULL,NULL,NULL,29.32,NULL,NULL,NULL,NULL,,NULL,0,0,2,2,N,N,45,NULL,98,9807,NULL,,Y,37.52784,37,31.67,NULL,-82.57487,82,34.492,NULL,N,NULL,NULL,NULL,NULL,NULL,NULL,NULL,NULL,5,3,6,6,1,1,2,2,6,3,N,NULL,Y,N,1130,1140,,N,NULL,49,,1,N,,N,N,098-US-0023-10,NULL,NULL,2020,O,7.25615E+11,098-US-0023  -010,HIGH,098-US-0023  -000,29.32,0,0,1,1,0,0,0,0,0,0,0,0,0
72569019,980100,2.02E+11,20201125,1749,,,US23,,,US0023,US0023,,,,N,N,NULL,NULL,NULL,N,NULL,NULL,NULL,NULL,NULL,NULL,30.535,NULL,NULL,NULL,NULL,,NULL,0,0,2,2,N,N,55,NULL,98,9801,NULL,,Y,37.54256,37,32.554,NULL,-82.58564,82,35.139,NULL,N,NULL,NULL,NULL,NULL,NULL,NULL,NULL,NULL,5,3,4,3,1,1,3,6,7,3,N,NULL,Y,N,1749,1756,,N,NULL,70,,1,N,,Y,N,,NULL,NULL,2020,O,7.2569E+11,098-US-0023  -010,MEDIUM,098-US-0023  -000,30.535,0,0,0,1,0,0,1,0,0,0,0,0,0
72550686,980100,2.02E+11,20201005,1752,,,BYPASS,S,RD,KY1426,KY1426,,,,N,N,NULL,NULL,NULL,N,NULL,NULL,NULL,NULL,NULL,NULL,5.705,NULL,NULL,NULL,NULL,,NULL,0,0,2,2,N,N,35,NULL,98,9801,NULL,,Y,37.47286,37,28.371,NULL,-82.5226,82,31.356,NULL,N,NULL,NULL,NULL,NULL,NULL,NULL,NULL,NULL,5,3,3,6,1,1,2,2,1,3,N,NULL,Y,N,1752,1754,,N,NULL,49,,0,N,,N,N,,NULL,NULL,2020,O,7.25507E+11,098-KY-1426  -000,HIGH,098-KY-1426  -000,5.705,0,0,0,0,0,0,1,1,0,0,0,0,0
72616866,980100,2.021E+11,20210421,1740,,,BYPASS,S,RD,KY1426,KY1426,0,098 KY-1426,KY1426,N,N,NULL,NULL,NULL,N,NULL,NULL,NULL,NULL,NULL,NULL,6.556,NULL,NULL,NULL,NULL,,NULL,2,0,2,2,N,N,55,NULL,98,9801,NULL,,Y,37.48241,37,28.945,NULL,-82.51368,82,30.821,NULL,N,NULL,NULL,NULL,NULL,NULL,NULL,NULL,NULL,1,3,2,6,1,1,3,2,7,3,Y,NULL,Y,Y,1740,1742,1812,N,NULL,55,,0,N,,N,N,098-KY-1426-0,NULL,NULL,2021,C,7.26169E+11,098-KY-1426  -000,HIGH,098-KY-1426  -000,6.556,0,0,1,1,0,0,1,1,0,0,0,0,0
72561463,980100,2.02E+11,20201106,652,,,BYPASS,S,RD,KY1426,KY1426,0,098 KY-1426,KY1426,N,N,NULL,NULL,NULL,N,NULL,NULL,NULL,NULL,NULL,NULL,5.613,NULL,NULL,NULL,NULL,,NULL,0,0,2,2,N,N,15,NULL,98,9801,NULL,,Y,37.47252,37,28.351,NULL,-82.52423,82,31.454,NULL,N,NULL,NULL,NULL,NULL,NULL,NULL,NULL,NULL,3,3,2,4,1,1,3,2,1,3,N,NULL,Y,N,652,656,,N,NULL,52,,0,N,,N,N,098-KY-1426-0,NULL,NULL,2020,O,7.25615E+11,098-KY-1426  -000,HIGH,098-KY-1426  -000,5.613,0,0,0,0,0,0,1,1,0,0,0,1,0
72607737,KSP0900,21-112056,20210321,1400,,,WEDDINGTON BRANCH,,RD,,,0,098 CS-3026,CS3026,N,N,NULL,NULL,NULL,N,NULL,NULL,NULL,NULL,NULL,NULL,0.043,NULL,NULL,NULL,NULL,,NULL,0,0,2,2,N,N,55,NULL,98,9807,NULL,,Y,37.52279,37,31.367,NULL,-82.56985,82,34.191,NULL,N,NULL,NULL,NULL,NULL,NULL,NULL,NULL,NULL,2,7,1,6,1,1,2,2,2,3,N,NULL,Y,N,1400,1420,,N,NULL,56,,,N,,N,N,098-CS-3026-0,NULL,NULL,2021,O,7.26077E+11,098-CS-3026  -000,HIGH,098-CS-3026  -000,0.043,0,0,0,1,0,0,1,0,0,0,0,0,0
72609950,KSP0900,21-123299,20210328,1930,,,FOREST HILLS,,RD,,,0,098 CR-1529,CR1529,N,N,NULL,NULL,NULL,N,NULL,NULL,NULL,NULL,NULL,NULL,0.781,NULL,NULL,NULL,NULL,,NULL,0,0,1,1,N,N,35,NULL,98,9834,NULL,,Y,37.6162,37,36.972,NULL,-82.29272,82,17.564,NULL,N,NULL,NULL,NULL,NULL,NULL,NULL,NULL,NULL,9,3,2,6,1,1,2,2,7,3,Y,NULL,N,Y,1910,1915,2030,N,NULL,70,,,N,,N,N,098-CR-1529-0,NULL,NULL,2021,O,7.261E+11,098-CR-1529  -000,HIGH,098-CR-1529  -000,0.781,0,0,0,0,0,0,0,0,0,1,0,1,0
72541953,370200,2020-680571,20200903,225,,,BEAVER CREEK,,RD,KY1373,KY1373,0,098 KY-1373,KY1373,N,N,NULL,NULL,NULL,N,NULL,NULL,NULL,NULL,NULL,NULL,6.34,NULL,NULL,NULL,NULL,,NULL,0,0,2,2,N,N,55,NULL,98,9839,NULL,,Y,37.36542,37,21.925,NULL,-82.29541,82,17.725,NULL,N,NULL,NULL,NULL,NULL,NULL,NULL,NULL,NULL,1,3,2,6,1,5,3,2,7,3,N,NULL,Y,N,1424,1445,1552,N,NULL,55,8,0,N,,N,N,098-KY-1373-0,NULL,NULL,2020,O,7.2542E+11,098-KY-1373  -000,HIGH,098-KY-1373  -000,6.34,0,1,0,1,0,0,1,0,0,0,0,1,0
72557140,980200,ELK4125-43-20,20201023,2245,,,JOHN MOORE,,BR,,,0,098 CR-1614,CR1614,N,N,NULL,NULL,NULL,N,NULL,NULL,NULL,NULL,NULL,NULL,1.524,NULL,NULL,NULL,NULL,,NULL,0,0,1,1,Y,N,25,NULL,98,9802,NULL,,Y,37.31096,37,18.658,NULL,-82.35876,82,21.526,NULL,N,NULL,NULL,NULL,NULL,NULL,NULL,NULL,NULL,9,4,1,6,1,1,2,7,3,3,N,NULL,N,Y,2245,2250,2245,N,NULL,51,,,N,,N,N,098-CR-1614-0,NULL,NULL,2020,O,7.25571E+11,098-CR-1614  -000,HIGH,098-CR-1614  -000,0.941,0,0,0,0,0,0,0,0,0,0,0,1,0
72471623,980500,2020AR012,20200103,1024,,4367,N MAYO TRAIL,,,,,,,,Y,N,NULL,NULL,NULL,N,NULL,NULL,NULL,NULL,NULL,NULL,NULL,NULL,NULL,NULL,NULL,NULL,NULL,0,0,2,2,N,N,15,NULL,98,9807,NULL,,Y,37.52576,37,31.546,NULL,-82.57388,82,34.432,NULL,N,NULL,NULL,NULL,NULL,NULL,NULL,NULL,NULL,2,3,2,6,1,1,2,2,1,3,N,NULL,Y,N,1024,1027,1059,N,NULL,90,,,N,,N,N,,NULL,NULL,2020,O,7.24716E+11,098-US-0023  -010,MEDIUM,098-US-0023  -000,29.166,0,0,0,1,0,0,1,0,0,0,0,0,0
72472312,980000,2001008,20200131,1908,,3152,MEATHOUSE FORK,,RD,KY3154,KY3154,0,098 KY-3154,KY3154,N,N,NULL,NULL,NULL,N,NULL,NULL,NULL,NULL,NULL,NULL,2.668,NULL,NULL,NULL,NULL,,NULL,0,0,2,2,N,N,55,NULL,98,9838,NULL,,Y,37.60821,37,36.492,NULL,-82.32918,82,19.751,NULL,N,NULL,NULL,NULL,NULL,NULL,NULL,NULL,NULL,4,3,2,1,1,1,2,6,6,3,N,NULL,Y,Y,1855,1908,1954,N,NULL,70,9,0,N,,N,N,098-KY-3154-0,NULL,NULL,2020,O,7.24723E+11,098-KY-3154  -000,HIGH,098-KY-3154  -000,2.668,0,0,0,0,0,0,1,0,0,0,0,0,0
72540044,980100,2.02E+11,20200903,1216,,,KILGORE,,LN,,,,,,Y,N,NULL,NULL,NULL,N,NULL,NULL,NULL,NULL,NULL,NULL,0.069,NULL,NULL,NULL,NULL,,NULL,0,0,2,2,N,N,NULL,NULL,98,9801,NULL,,Y,37.47547,37,28.528,NULL,-82.5218,82,31.308,NULL,N,NULL,NULL,NULL,NULL,NULL,NULL,NULL,NULL,1,97,2,1,1,1,2,2,8,3,N,NULL,Y,N,1216,1218,,N,NULL,90,,,N,,N,N,,NULL,NULL,2020,O,7.254E+11,098-CS-1105  -000,MEDIUM,098-CS-1105  -000,0.069,0,0,1,0,0,0,1,0,0,0,0,0,0
72555656,980100,2.02E+11,20201018,1302,,,US23,S,,,,,,,N,N,NULL,NULL,NULL,N,NULL,NULL,NULL,NULL,NULL,NULL,NULL,NULL,NULL,NULL,NULL,NULL,NULL,1,0,2,2,N,N,55,NULL,98,9801,NULL,,Y,37.43884,37,26.331,NULL,-82.50917,82,30.55,NULL,N,NULL,NULL,NULL,NULL,NULL,NULL,NULL,NULL,1,3,4,6,1,1,2,2,1,3,Y,NULL,N,Y,1302,1307,1334,N,NULL,55,,,N,,N,N,,NULL,NULL,2020,A,7.25557E+11,098-US-0023  -071,MEDIUM,098-US-0023  -071,0.007,1,0,0,1,0,0,1,1,0,0,0,0,0
72565439,980000,2010003,20201020,1315,,,61 N RAIL ROAD STREET,,,,,,,,N,N,NULL,NULL,NULL,N,NULL,NULL,NULL,NULL,NULL,NULL,NULL,NULL,NULL,NULL,NULL,NULL,NULL,0,0,1,1,N,N,15,NULL,98,9814,4,N,N,37.60273,37,36.164,NULL,-82.27309,82,16.385,NULL,N,NULL,NULL,NULL,NULL,NULL,NULL,NULL,NULL,9,97,2,6,1,1,2,2,6,3,N,NULL,N,Y,1400,1405,,N,NULL,40,,,N,,N,N,,NULL,NULL,2020,O,7.25654E+11,098-CR-1505E -000,MEDIUM,098-CR-1505E -000,0.091,0,0,0,1,0,0,1,0,0,0,0,1,0
72540017,KSP0900,20-687623,20200907,1751,,,KY632,,,KY0632,KY0632,,,,Y,N,NULL,NULL,NULL,N,NULL,NULL,NULL,NULL,NULL,NULL,13.446,NULL,NULL,NULL,NULL,,NULL,0,0,2,2,N,N,NULL,NULL,98,9804,NULL,,Y,37.51036,37,30.622,NULL,-82.15961,82,9.577,NULL,N,NULL,NULL,NULL,NULL,NULL,NULL,NULL,NULL,2,97,NULL,4,1,1,2,2,1,3,N,NULL,Y,N,1830,1840,1840,N,NULL,90,6,0,N,,N,N,,NULL,NULL,2020,O,7.254E+11,098-KY-0632  -000,MEDIUM,098-KY-0632  -000,13.446,0,0,0,0,0,0,1,0,0,0,0,0,0
72544721,KSP0900,20-709555,20200922,855,,,US23,,,US0023,US0023,0,098 US-23,US0023,N,Y,KY3218,,,N,NULL,NULL,NULL,NULL,NULL,NULL,31.595,NULL,NULL,NULL,NULL,,NULL,0,0,1,1,N,N,55,NULL,98,9801,NULL,,Y,37.53687,37,32.212,NULL,-82.60168,82,36.101,NULL,N,NULL,NULL,NULL,NULL,NULL,NULL,NULL,NULL,9,3,4,6,1,1,2,2,7,3,N,NULL,Y,N,857,857,905,N,NULL,3,,1,N,,N,N,098-US-0023-0,NULL,NULL,2020,O,7.25447E+11,098-US-0023  -000,HIGH,098-US-0023  -000,31.595,0,0,0,0,0,0,0,0,0,0,1,0,0
72576639,980100,2.02E+11,20201217,1233,,,CEDAR HILLS,,DR,KY3417,KY3417,0,098 KY-3417,KY3417,N,N,NULL,NULL,NULL,N,NULL,NULL,NULL,NULL,NULL,NULL,0.883,NULL,NULL,NULL,NULL,,NULL,0,0,3,3,N,N,35,NULL,98,9801,NULL,,Y,37.47396,37,28.438,NULL,-82.55717,82,33.43,NULL,N,NULL,NULL,NULL,NULL,NULL,NULL,NULL,NULL,5,3,2,6,1,5,3,2,6,3,N,NULL,Y,N,1233,1240,1323,Y,NULL,47,17,0,N,,N,N,098-KY-3417-0,NULL,NULL,2020,O,7.25766E+11,098-KY-3417  -000,HIGH,098-KY-3417  -000,0.883,0,0,1,0,0,0,0,0,0,0,0,1,0
72595381,980500,2021AR005,20210217,1304,,,US 23 SOUTH,,,,,,,,N,N,NULL,NULL,NULL,N,NULL,NULL,NULL,NULL,NULL,NULL,NULL,NULL,NULL,NULL,NULL,NULL,NULL,1,0,2,2,N,N,45,NULL,98,9807,NULL,,Y,37.52974,37,31.784,NULL,-82.57612,82,34.567,NULL,N,NULL,NULL,NULL,NULL,NULL,NULL,NULL,NULL,5,3,6,6,1,1,2,2,7,3,Y,NULL,Y,Y,1304,1307,1331,N,NULL,70,,,N,,N,N,,NULL,NULL,2021,C,7.25954E+11,098-US-0023  -010,MEDIUM,098-US-0023  -000,29.469,0,0,0,1,0,0,1,0,0,1,0,0,0
72533713,KSP0900,20-650840,20200815,1250,,,KY292,,,KY0292,KY0292,0,098 KY-292,KY0292,N,N,NULL,NULL,NULL,N,NULL,NULL,NULL,NULL,NULL,NULL,3.654,NULL,NULL,NULL,NULL,,NULL,1,0,1,1,N,N,45,NULL,98,9869,NULL,,Y,37.657,37,39.42,NULL,-82.25055,82,15.033,NULL,N,NULL,NULL,NULL,NULL,NULL,NULL,NULL,NULL,9,5,2,6,1,5,2,2,7,3,N,NULL,Y,Y,1250,1309,1410,N,NULL,44,8,0,N,,N,N,098-KY-0292-0,NULL,NULL,2020,B,7.25337E+11,098-KY-0292  -000,HIGH,098-KY-0292  -000,3.654,0,0,0,0,0,0,0,0,0,0,0,1,0
72479476,KSP0900,20-5991,20200214,2141,,,GREASY,,CRK,,,0,098 CR-1256,CR1256,N,N,NULL,NULL,NULL,N,NULL,NULL,NULL,NULL,NULL,NULL,2.54,NULL,NULL,NULL,NULL,,NULL,0,0,2,2,N,N,35,NULL,98,9841,NULL,,Y,37.35254,37,21.152,NULL,-82.49823,82,29.894,NULL,N,NULL,NULL,NULL,NULL,NULL,NULL,NULL,NULL,1,6,2,1,1,2,3,6,7,3,N,NULL,N,N,2143,2207,2141,N,NULL,47,,,N,,N,N,098-CR-1256-0,NULL,NULL,2020,O,7.24795E+11,098-CR-1256  -000,HIGH,098-CR-1256  -000,2.54,0,0,0,0,0,0,1,0,0,0,0,0,0
72537666,980100,2.02E+11,20200831,1334,,295,HAMBLEY,,BLVD,,,0,098 CS-1222,CS1222,Y,N,NULL,NULL,NULL,N,NULL,NULL,NULL,NULL,NULL,NULL,1.633,NULL,NULL,NULL,NULL,,NULL,0,0,2,2,N,N,NULL,NULL,98,9801,NULL,,Y,37.48228,37,28.937,NULL,-82.5327,82,31.962,NULL,N,NULL,NULL,NULL,NULL,NULL,NULL,NULL,NULL,1,97,1,6,1,1,2,2,1,3,N,NULL,Y,N,1324,1329,1329,N,NULL,90,,,N,,N,N,098-CS-1222-0,NULL,NULL,2020,O,7.25377E+11,098-CS-1222  -000,HIGH,098-CS-1222  -000,1.633,0,0,0,1,0,0,1,0,0,0,0,0,0
72562888,980100,2.02E+11,20201105,707,,,US23,,,US0023,US0023,0,098 US-23,US0023,N,N,NULL,NULL,NULL,N,NULL,NULL,NULL,NULL,NULL,NULL,25.406,NULL,NULL,NULL,NULL,,NULL,2,0,2,2,N,N,55,NULL,98,9801,NULL,,Y,37.49228,37,29.536,NULL,-82.53486,82,32.091,NULL,N,NULL,NULL,NULL,NULL,NULL,NULL,NULL,NULL,1,3,4,6,1,1,2,2,7,3,Y,NULL,Y,Y,707,712,801,N,NULL,55,,1,N,,N,N,098-US-0023-0,NULL,NULL,2020,A,7.25629E+11,098-US-0023  -000,HIGH,098-US-0023  -000,25.406,0,0,0,1,0,0,1,0,0,0,0,1,0
72559743,KSP0900,20-767581,20201101,1841,,1975,STONE COAL CREEK,,RD,KY3227,KY3227,0,098 KY-3227,KY3227,N,N,NULL,NULL,NULL,N,NULL,NULL,NULL,NULL,NULL,NULL,1.631,NULL,NULL,NULL,NULL,,NULL,1,0,1,1,N,N,55,NULL,98,9801,NULL,,Y,37.53152,37,31.891,NULL,-82.53688,82,32.213,NULL,N,NULL,NULL,NULL,NULL,NULL,NULL,NULL,NULL,9,3,2,6,1,1,2,6,7,3,Y,NULL,Y,Y,1841,1843,2028,N,NULL,70,8,0,Y,,N,N,098-KY-3227-0,NULL,NULL,2020,C,7.25597E+11,098-KY-3227  -000,HIGH,098-KY-3227  -000,1.631,0,0,0,0,0,0,0,0,1,1,0,1,0
72595110,KSP0900,21-62843,20210216,1250,,,US119,,,US0119,US0119,0,098 US-119-10,US0119,N,N,NULL,NULL,NULL,N,NULL,NULL,NULL,NULL,NULL,NULL,23.869,NULL,NULL,NULL,NULL,,NULL,0,0,2,2,N,N,55,NULL,98,9834,NULL,,Y,37.65392,37,39.235,NULL,-82.26918,82,16.151,NULL,N,NULL,NULL,NULL,NULL,NULL,NULL,NULL,NULL,8,3,4,6,1,5,9,2,7,3,N,NULL,Y,N,1250,1337,1339,N,NULL,53,2,1,N,,N,N,098-US-0119-10,NULL,NULL,2021,O,7.25951E+11,098-US-0119  -010,HIGH,098-US-0119  -000,23.869,0,0,0,1,0,0,1,1,0,0,0,1,0
72555289,KSP0900,20-747133,20201018,1656,,,US119,,,US0119,US0119,,,,N,N,NULL,NULL,NULL,N,NULL,NULL,NULL,NULL,NULL,NULL,24.643,NULL,NULL,NULL,NULL,,NULL,0,0,2,2,N,N,55,NULL,98,9834,NULL,,Y,37.66402,37,39.841,NULL,-82.27347,82,16.408,NULL,N,NULL,NULL,NULL,NULL,NULL,NULL,NULL,NULL,7,3,3,6,2,1,2,2,7,3,N,NULL,N,N,1650,1656,1745,N,NULL,54,2,1,N,,N,N,,NULL,NULL,2020,O,7.25553E+11,098-US-0119  -000,MEDIUM,098-US-0119  -000,24.643,0,0,0,0,0,0,1,1,0,0,0,1,0
72582685,980100,2.021E+11,20210107,2355,,,CHLOE,,RD,KY1460,KY1460,0,098 KY-1460,KY1460,N,N,NULL,NULL,NULL,N,NULL,NULL,NULL,NULL,NULL,NULL,4.469,NULL,NULL,NULL,NULL,,NULL,0,0,1,1,N,N,35,NULL,98,9801,NULL,,Y,37.47738,37,28.643,NULL,-82.50492,82,30.295,NULL,N,NULL,NULL,NULL,NULL,NULL,NULL,NULL,NULL,9,5,2,3,1,5,3,7,7,3,N,NULL,Y,N,2350,2355,,N,NULL,51,,0,N,,N,N,098-KY-1460-0,NULL,NULL,2021,O,7.25827E+11,098-KY-1460  -000,MEDIUM,098-KY-1460  -000,4.469,0,0,0,0,0,0,0,0,0,0,0,1,0
72596603,KSP0900,20-69303,20210221,1410,,4658,KY195,,,KY0195,KY0195,,,,N,N,NULL,NULL,NULL,N,NULL,NULL,NULL,NULL,NULL,NULL,6.891,NULL,NULL,NULL,NULL,,NULL,0,0,1,1,N,N,35,NULL,98,9802,NULL,,Y,37.32854,37,19.712,NULL,-82.45322,82,27.194,NULL,N,NULL,NULL,NULL,NULL,NULL,NULL,NULL,NULL,9,3,2,3,1,1,2,2,6,3,N,NULL,Y,N,1414,1515,1545,Y,NULL,40,7,0,N,,N,N,,NULL,NULL,2021,O,7.25966E+11,098-KY-0195  -000,HIGH,098-KY-0195  -000,6.891,0,0,0,0,0,0,0,0,0,0,0,1,0
72556804,980100,2.02E+11,20201024,1523,,,TOWN MOUNTAIN,,RD,KY1426,KY1426,0,098 KY-1426,KY1426,N,N,NULL,NULL,NULL,N,NULL,NULL,NULL,NULL,NULL,NULL,8.557,NULL,NULL,NULL,NULL,,NULL,1,0,1,1,N,N,45,NULL,98,9801,NULL,,Y,37.49923,37,29.954,NULL,-82.49062,82,29.437,NULL,N,NULL,NULL,NULL,NULL,NULL,NULL,NULL,NULL,9,3,2,1,1,5,3,2,7,3,Y,NULL,Y,Y,1525,1533,1634,N,NULL,44,,0,Y,,N,N,098-KY-1426-0,NULL,NULL,2020,C,7.25568E+11,098-KY-1426  -000,HIGH,098-KY-1426  -000,8.557,0,0,0,0,0,0,1,1,0,1,0,1,0
72545299,KSP0900,20-710555,20200922,2200,,,US119,,,US0119,US0119,0,098 US-119,US0119,N,N,NULL,NULL,NULL,N,NULL,NULL,NULL,NULL,NULL,NULL,8.6,NULL,NULL,NULL,NULL,,NULL,0,0,1,1,N,N,55,NULL,98,9820,NULL,,Y,37.56628,37,33.977,NULL,-82.41908,82,25.145,NULL,N,NULL,NULL,NULL,NULL,NULL,NULL,NULL,NULL,9,3,2,6,1,1,2,6,7,3,N,NULL,Y,N,2200,2200,2200,N,NULL,38,2,1,N,,N,N,098-US-0119-0,NULL,NULL,2020,O,7.25453E+11,098-US-0119  -000,HIGH,098-US-0119  -000,8.6,0,0,1,0,0,0,0,0,0,0,0,0,0
72524075,KSP0900,20-598503,20200713,1647,,,STONE COAL CREEK,,RD,KY3227,KY3227,0,098 KY-3227,KY3227,N,N,NULL,NULL,NULL,N,NULL,NULL,NULL,NULL,NULL,NULL,2.395,NULL,NULL,NULL,NULL,,NULL,0,0,2,2,Y,N,55,NULL,98,9801,NULL,,Y,37.53613,37,32.167,NULL,-82.52599,82,31.56,NULL,N,NULL,NULL,NULL,NULL,NULL,NULL,NULL,NULL,8,3,2,3,1,1,2,2,7,3,N,NULL,Y,N,1647,1656,1656,N,NULL,53,8,0,Y,,N,N,098-KY-3227-0,NULL,NULL,2020,O,7.25241E+11,098-KY-3227  -000,HIGH,098-KY-3227  -000,2.395,0,0,1,0,0,0,0,0,1,0,0,1,0
72541593,KSP0900,20-692579,20200910,2125,,,KY194,,,KY0194,KY0194,0,098 KY-194,KY0194,N,N,NULL,NULL,NULL,N,NULL,NULL,NULL,NULL,NULL,NULL,57.337,NULL,NULL,NULL,NULL,,NULL,0,0,1,1,N,N,35,NULL,98,9825,NULL,,Y,37.5361,37,32.166,NULL,-82.16198,82,9.719,NULL,N,NULL,NULL,NULL,NULL,NULL,NULL,NULL,NULL,9,4,2,4,1,1,2,6,7,3,N,NULL,Y,N,2125,2225,2225,N,NULL,44,7,0,N,,N,N,098-KY-0194-0,NULL,NULL,2020,O,7.25416E+11,098-KY-0194  -000,HIGH,098-KY-0194  -000,57.337,0,0,0,0,0,0,0,0,1,1,0,1,0
72583887,980500,2021AR003,20210113,950,,,US 23 SOUTH,,,,,,,,N,N,NULL,NULL,NULL,N,NULL,NULL,NULL,NULL,NULL,NULL,NULL,NULL,NULL,NULL,NULL,NULL,NULL,0,0,2,2,N,N,45,NULL,98,9807,NULL,,Y,37.52551,37,31.53,NULL,-82.57347,82,34.408,NULL,N,NULL,NULL,NULL,NULL,NULL,NULL,NULL,NULL,5,3,6,6,1,1,2,2,7,3,N,NULL,Y,Y,950,955,955,N,NULL,49,,,N,,N,N,,NULL,NULL,2021,O,7.25839E+11,098-US-0023  -010,MEDIUM,098-US-0023  -000,29.141,0,0,0,0,0,0,0,0,0,0,0,0,0
72547429,KSP0900,20-720169,20200929,2003,,,FISHTRAP,,RD,KY1441,KY1441,0,098 KY-1441,KY1441,N,N,NULL,NULL,NULL,N,NULL,NULL,NULL,NULL,NULL,NULL,1.034,NULL,NULL,NULL,NULL,,NULL,1,0,1,1,N,N,55,NULL,98,9832,NULL,,Y,37.41014,37,24.608,NULL,-82.4331,82,25.986,NULL,N,NULL,NULL,NULL,NULL,NULL,NULL,NULL,NULL,9,3,2,3,1,5,2,6,7,3,N,NULL,Y,Y,2005,2023,,N,NULL,44,8,0,N,,N,N,098-KY-1441-0,NULL,NULL,2020,B,7.25474E+11,098-KY-1441  -000,HIGH,098-KY-1441  -000,1.034,0,0,1,0,0,0,0,1,0,0,0,1,0