MasterFile,AgencyORINumber,LocalCode,CollisionDate,CollisionTime,CollisionDayWeekCode,RoadwayName_HouseBusinessNumber_,RoadwayName_RoadwayName_,RoadwayName_Direction_,RoadwayName_RoadwaySuffix_,RoadwayfromReport,CurrentRoadwayNumber,RoadwayNumberCoupletID,RSEUniqueGIS,RoadwayIdentifier,ParkingLotIndicator,IntersectionWith_Indicator_,IntersectionWith_NameRoadway_,IntersectionWith_Direction_,IntersectionWith_RoadwaySuffix_,BetweenStreets_Indicator_,BetweenStreets1_NameRoadway_,BetweenStreet1_Direction_,BetweenStreets1_RoadwaySuffix_,BetweenStreets2_NameRoadway_,BetweenStreets2_Direction_,BetweenStreets2_RoadwaySuffix_,Milepoint,ReportMilepointDeriveNumber,CurrentDerivedMiepointNumber,MilestoMilepoint,FeettoMilepoint,DirectionfromMilepoint_NSEW_,ValidMilepointIndicator,NumberInjured,NumberKilled,ofUnits,ofMotorVehicleUnits,Hit&RunIndicator,OneWayIndicator,SpeedLimitNumber,KilometersIndicator,CountyCode,CityCountyCode,MilesFromCity,DirectionFromCity_NSEW_,InCityLimitsIndicator,Latitude,LatitudeDegrees,LatitudeMinutes,LatitudeSeconds,Longitude,LongitudeDegrees,LongitudeMinutes,LongitudeSeconds,RampIndicator,RampFromIdentifier,RampFromDirCode,RampFromCoupletID,RSEUniqueGISRampFrom,RampToidentifier,RampToDirCode,RampToCoupletID,RSEUniqueGisRampTo,MannerofCollisionCode,LocationFirstEventCode,TotalLanes,RoadwayCharacterCode,RoadwaySurfaceCode,RoadwayConditionCode,WeatherCode,LightConditionCode,LandUseCode,SchoolBusRelatedCode,FirstAidSceneIndicator,CollDescPresentInd,InvestigationCompleteIndicator,PhotosTakenIndicator,TimeNotified,TimeArrived,TimeRoadwayOpened,PropertyDamageIndicator,DiagramPresentIndicator,DirectionalAnalysis,FunctionClassCode,NationalHwySysCode,EnforcementsIndicator,KARSCityCode,SecondaryCollisionIndicator,MedianCrossoverIndicator,RT_UNIQUE,MapIt,TimeLastLeft,YR,KABCO,MFNY,WorkingRID,RT_CONFIDENCE,KTC_RT,KTC_MP,Motorcyclist,CommercialVehicle,YoungDriver,MatureDriver,pedestrian,Bicyclist,Distracted,agressive,Impaired,Unrestrained,Intersection,RoadwayDeparture,MedXover
72619353,980100,2.021E+11,20210430,927,,,HAMBLEY,,BLVD,,,0,098 CS-1222,CS1222,N,N,NULL,NULL,NULL,N,NULL,NULL,NULL,NULL,NULL,NULL,0.448,NULL,NULL,NULL,NULL,,NULL,0,0,2,2,Y,N,25,NULL,98,9801,NULL,,Y,37.47779,37,28.667,NULL,-82.52089,82,31.254,NULL,N,NULL,NULL,NULL,NULL,NULL,NULL,NULL,NULL,8,3,2,6,1,1,2,2,1,3,N,NULL,Y,Y,927,927,927,N,NULL,47,,,Y,,N,N,098-CS-1222-0,NULL,NULL,2021,O,7.26194E+11,098-CS-1222  -000,HIGH,098-CS-1222  -000,0.448,0,0,0,0,0,0,0,0,0,0,0,0,0
72574870,KSP0900,20-828002,20201214,1054,,,ASHCAMP,,RD,KY0195,KY0195,0,098 KY-195,KY0195,N,N,NULL,NULL,NULL,N,NULL,NULL,NULL,NULL,NULL,NULL,2.479,NULL,NULL,NULL,NULL,,NULL,2,0,1,1,N,N,55,NULL,98,9802,4,E,N,37.29015,37,17.409,NULL,-82.45805,82,27.483,NULL,N,NULL,NULL,NULL,NULL,NULL,NULL,NULL,NULL,9,5,2,1,1,5,6,2,7,3,Y,NULL,Y,Y,1054,1111,1230,N,NULL,44,8,0,N,,N,N,098-KY-0195-0,NULL,NULL,2020,B,7.25749E+11,098-KY-0195  -000,HIGH,098-KY-0195  -000,2.479,0,0,0,0,0,0,0,1,0,0,0,1,0
72566023,KSP0900,20-787918,20201114,2320,,,KY122,,,KY0122,KY0122,0,098 KY-122,KY0122,N,N,NULL,NULL,NULL,N,NULL,NULL,NULL,NULL,NULL,NULL,5.231,NULL,NULL,NULL,NULL,,NULL,0,0,1,1,N,N,55,NULL,98,9827,NULL,,Y,37.34963,37,20.978,NULL,-82.59317,82,35.59,NULL,N,NULL,NULL,NULL,NULL,NULL,NULL,NULL,NULL,9,3,2,6,1,1,2,6,7,3,N,NULL,Y,N,2320,2334,2320,N,NULL,40,,0,N,,N,N,098-KY-0122-0,NULL,NULL,2020,O,7.2566E+11,098-KY-0122  -000,HIGH,098-KY-0122  -000,5.231,0,0,0,0,0,0,0,0,0,0,0,1,0
72585693,980100,2.021E+11,20210114,1842,,,US23,,,US0023,US0023,,,,N,N,NULL,NULL,NULL,N,NULL,NULL,NULL,NULL,NULL,NULL,18.869,NULL,NULL,NULL,NULL,,NULL,2,0,2,2,N,N,55,NULL,98,9801,NULL,,Y,37.43974,37,26.384,NULL,-82.50823,82,30.494,NULL,N,NULL,NULL,NULL,NULL,NULL,NULL,NULL,NULL,8,3,4,6,1,1,2,6,1,3,Y,NULL,Y,Y,1842,1850,1936,N,NULL,53,,1,N,,N,N,,NULL,NULL,2021,B,7.25857E+11,098-US-0023  -000,MEDIUM,098-US-0023  -000,18.869,0,0,0,1,0,0,1,0,0,0,0,1,0
72567108,KSP0900,20-758365,20201026,1113,,,US23,,,US0023,US0023,0,098 US-23,US0023,N,N,NULL,NULL,NULL,N,NULL,NULL,NULL,NULL,NULL,NULL,5.201,NULL,NULL,NULL,NULL,,NULL,0,0,1,1,N,N,55,NULL,98,9809,NULL,,Y,37.28198,37,16.919,NULL,-82.56191,82,33.715,NULL,N,NULL,NULL,NULL,NULL,NULL,NULL,NULL,NULL,9,3,4,1,1,5,6,2,7,3,N,NULL,N,N,1113,1137,1137,N,NULL,40,,1,N,,N,N,098-US-0023-0,NULL,NULL,2020,O,7.25671E+11,098-US-0023  -000,HIGH,098-US-0023  -000,5.201,0,0,0,1,0,0,1,0,0,0,0,1,0
72559384,980100,2.02E+11,20201031,2200,,,US23,,,US0023,US0023,,,,N,N,NULL,NULL,NULL,N,NULL,NULL,NULL,NULL,NULL,NULL,30.983,NULL,NULL,NULL,NULL,,NULL,0,0,1,1,N,N,55,NULL,98,9801,NULL,,Y,37.53974,37,32.384,NULL,-82.59268,82,35.561,NULL,N,NULL,NULL,NULL,NULL,NULL,NULL,NULL,NULL,9,3,4,3,1,1,2,5,7,3,N,NULL,Y,N,2155,2200,2223,N,NULL,38,,1,N,,N,N,,NULL,NULL,2020,O,7.25594E+11,098-US-0023  -000,MEDIUM,098-US-0023  -000,30.983,0,0,0,0,0,0,0,0,0,0,0,0,0
72480363,980100,2.02E+11,20200224,915,,,BOB AMOS,,DR,,,0,098 CS-1025,CS1025,N,N,NULL,NULL,NULL,N,NULL,NULL,NULL,NULL,NULL,NULL,0.77,NULL,NULL,NULL,NULL,,NULL,0,0,2,2,N,N,15,NULL,98,9801,NULL,,Y,37.4693,37,28.158,NULL,-82.54323,82,32.594,NULL,N,NULL,NULL,NULL,NULL,NULL,NULL,NULL,NULL,7,97,2,6,1,5,2,2,7,3,N,NULL,N,N,915,922,922,N,NULL,47,,,N,,N,N,098-CS-1025-0,NULL,NULL,2020,O,7.24804E+11,098-CS-1025  -000,HIGH,098-CS-1025  -000,0.77,0,0,0,1,0,0,1,0,0,0,0,0,0
72502003,KSP0900,20-17595,20200511,1000,,,GRACE,,AVE,,,0,098 CS-1128,CS1128,N,N,NULL,NULL,NULL,N,NULL,NULL,NULL,NULL,NULL,NULL,0.027,NULL,NULL,NULL,NULL,,NULL,0,0,2,2,Y,N,55,NULL,98,9849,NULL,,Y,37.47927,37,28.756,NULL,-82.51819,82,31.091,NULL,N,NULL,NULL,NULL,NULL,NULL,NULL,NULL,NULL,5,97,NULL,6,1,1,2,2,7,3,N,NULL,N,N,1000,1000,1000,N,NULL,47,,,N,,N,N,098-CS-1128-0,NULL,NULL,2020,O,7.2502E+11,098-CS-1128  -000,HIGH,098-CS-1128  -000,0.027,0,0,0,1,0,0,0,0,0,0,0,0,0
72489060,980100,2.02E+11,20200311,1915,,,CASSIDY,,BLVD,,,,,,Y,N,NULL,NULL,NULL,N,NULL,NULL,NULL,NULL,NULL,NULL,0.329,NULL,NULL,NULL,NULL,,NULL,0,0,2,2,N,Y,NULL,NULL,98,9801,NULL,,Y,37.50522,37,30.313,NULL,-82.53745,82,32.247,NULL,N,NULL,NULL,NULL,NULL,NULL,NULL,NULL,NULL,2,97,1,6,1,1,2,3,1,1,N,NULL,Y,N,1918,1927,,N,NULL,90,,,N,,N,N,,NULL,NULL,2020,O,7.24891E+11,098-CS-1191  -000,MEDIUM,098-CS-1191  -000,0.329,0,0,0,0,0,0,1,0,0,0,0,0,0
72496932,KSP0900,20-15393,20200425,1730,,,US119,,,US0119,US0119,0,098 US-119,US0119,N,N,NULL,NULL,NULL,N,NULL,NULL,NULL,NULL,NULL,NULL,24.36,NULL,NULL,NULL,NULL,,NULL,0,0,2,2,N,N,55,NULL,98,9834,NULL,,Y,37.66006,37,39.604,NULL,-82.27341,82,16.404,NULL,N,NULL,NULL,NULL,NULL,NULL,NULL,NULL,NULL,5,3,4,6,1,5,3,2,7,3,N,NULL,Y,N,1730,1738,1745,N,NULL,49,2,1,N,,N,N,098-US-0119-0,NULL,NULL,2020,O,7.24969E+11,098-US-0119  -000,HIGH,098-US-0119  -000,24.36,0,0,0,0,0,0,1,1,0,0,0,0,0
72625901,980100,2.021E+11,20210518,1254,,,TOWN MOUNTAIN,,RD,KY1426,KY1426,0,098 KY-1426,KY1426,N,N,NULL,NULL,NULL,N,NULL,NULL,NULL,NULL,NULL,NULL,7.044,NULL,NULL,NULL,NULL,,NULL,0,0,2,2,N,N,55,NULL,98,9801,NULL,,Y,37.48734,37,29.24,NULL,-82.50744,82,30.446,NULL,N,NULL,NULL,NULL,NULL,NULL,NULL,NULL,NULL,5,3,2,6,1,5,3,2,7,3,N,NULL,Y,N,1255,1259,1259,N,NULL,49,,0,Y,,N,N,098-KY-1426-0,NULL,NULL,2021,O,7.26259E+11,098-KY-1426  -000,HIGH,098-KY-1426  -000,7.044,0,0,0,0,0,0,1,0,0,1,0,0,0
72549579,980100,2.02E+11,20201005,1857,,,CHLOE,,RD,KY1460,KY1460,0,098 KY-1460,KY1460,N,N,NULL,NULL,NULL,N,NULL,NULL,NULL,NULL,NULL,NULL,4.815,NULL,NULL,NULL,NULL,,NULL,0,0,1,1,N,N,45,NULL,98,9801,NULL,,Y,37.47805,37,28.683,NULL,-82.51153,82,30.692,NULL,N,NULL,NULL,NULL,NULL,NULL,NULL,NULL,NULL,9,3,2,3,1,1,3,2,7,3,N,NULL,Y,N,1857,1859,1943,N,NULL,44,,0,N,,N,N,098-KY-1460-0,NULL,NULL,2020,O,7.25496E+11,098-KY-1460  -000,HIGH,098-KY-1460  -000,4.815,0,0,0,1,0,0,0,0,0,0,0,1,0
72531858,980100,2.02E+11,20200813,756,,,US23,,,US0023,US0023,0,098 US-23,US0023,N,N,NULL,NULL,NULL,N,NULL,NULL,NULL,NULL,NULL,NULL,20.157,NULL,NULL,NULL,NULL,,NULL,1,0,3,3,N,N,55,NULL,98,9801,NULL,,Y,37.44791,37,26.875,NULL,-82.5143,82,30.858,NULL,N,NULL,NULL,NULL,NULL,NULL,NULL,NULL,NULL,5,3,4,6,1,1,3,2,7,3,Y,NULL,N,Y,802,804,804,N,NULL,49,,1,N,,N,N,098-US-0023-0,NULL,NULL,2020,C,7.25319E+11,098-US-0023  -000,HIGH,098-US-0023  -000,20.157,0,0,0,0,0,0,0,0,0,0,0,0,0
72474095,KSP0900,2020-4917,20200206,1735,,,KY632,,,KY0632,KY0632,0,098 KY-632,KY0632,N,N,NULL,NULL,NULL,N,NULL,NULL,NULL,NULL,NULL,NULL,5.797,NULL,NULL,NULL,NULL,,NULL,0,0,1,1,N,N,55,NULL,98,9839,NULL,,Y,37.49391,37,29.635,NULL,-82.26448,82,15.869,NULL,N,NULL,NULL,NULL,NULL,NULL,NULL,NULL,NULL,9,3,2,6,1,6,6,6,6,3,N,NULL,N,N,1735,1755,1755,N,NULL,70,6,0,N,,N,N,098-KY-0632-0,NULL,NULL,2020,O,7.24741E+11,098-KY-0632  -000,HIGH,098-KY-0632  -000,5.797,0,0,0,0,0,0,0,0,0,0,0,1,0
72587919,980100,2.021E+11,20210125,2056,,,KY1426,,,KY1426,KY1426,,,,Y,N,NULL,NULL,NULL,N,NULL,NULL,NULL,NULL,NULL,NULL,5.28,NULL,NULL,NULL,NULL,,NULL,0,0,2,2,N,Y,10,NULL,98,9801,NULL,,Y,37.47312,37,28.387,NULL,-82.52834,82,31.701,NULL,N,NULL,NULL,NULL,NULL,NULL,NULL,NULL,NULL,5,97,1,6,1,5,6,5,1,3,N,NULL,Y,N,2056,2101,2101,N,NULL,90,,0,N,,N,N,,NULL,NULL,2021,O,7.25879E+11,098-KY-1426  -000,MEDIUM,098-KY-1426  -000,5.28,0,0,0,0,0,0,0,0,0,0,0,0,0
72561438,KSP0900,20-763870,20201030,1026,,,US119,,,US0119,US0119,0,098 US-119,US0119,N,Y,OLD US119,,,N,NULL,NULL,NULL,NULL,NULL,NULL,22.298,NULL,NULL,NULL,NULL,,NULL,0,0,2,2,N,N,55,NULL,98,9836,NULL,,Y,37.63581,37,38.148,NULL,-82.25838,82,15.503,NULL,N,NULL,NULL,NULL,NULL,NULL,NULL,NULL,NULL,1,3,2,3,1,5,3,2,7,3,N,NULL,Y,N,1028,1042,1130,N,NULL,10,2,1,N,,N,N,098-US-0119-0,NULL,NULL,2020,O,7.25614E+11,098-US-0119  -000,HIGH,098-US-0119  -000,22.298,0,0,0,0,0,0,1,1,0,0,1,0,0
72586817,980000,21-01-008,20210122,1105,,,DOUBLE KWIK GOODY KY,,,,,,,,N,N,NULL,NULL,NULL,N,NULL,NULL,NULL,NULL,NULL,NULL,NULL,NULL,NULL,NULL,NULL,NULL,NULL,0,0,2,2,N,N,10,NULL,98,9812,0.4,N,N,37.64976,37,38.986,NULL,-82.26739,82,16.043,NULL,N,NULL,NULL,NULL,NULL,NULL,NULL,NULL,NULL,2,7,2,6,1,1,2,2,1,3,N,NULL,N,N,1110,1120,1159,N,NULL,56,,,N,,N,N,,NULL,NULL,2021,O,7.25868E+11,098-US-0119  -000,MEDIUM,098-US-0119  -000,23.571,0,0,0,1,0,0,1,0,0,0,0,0,0
72580520,370200,2020-819761,20201208,830,,,KY195,,,KY0195,KY0195,0,098 KY-195,KY0195,N,N,NULL,NULL,NULL,N,NULL,NULL,NULL,NULL,NULL,NULL,5.044,NULL,NULL,NULL,NULL,,NULL,0,0,1,1,N,N,35,NULL,98,9802,NULL,,Y,37.31401,37,18.841,NULL,-82.47291,82,28.375,NULL,N,NULL,NULL,NULL,NULL,NULL,NULL,NULL,NULL,9,5,2,1,1,1,3,2,7,3,N,NULL,Y,N,845,921,1501,Y,NULL,40,8,0,N,,N,N,098-KY-0195-0,NULL,NULL,2020,O,7.25805E+11,098-KY-0195  -000,HIGH,098-KY-0195  -000,5.044,0,1,0,0,0,0,0,0,0,0,0,1,0
72602985,980100,2.021E+11,20210313,2030,,,US23,,,US0023,US0023,0,098 US-23,US0023,N,N,NULL,NULL,NULL,N,NULL,NULL,NULL,NULL,NULL,NULL,19.342,NULL,NULL,NULL,NULL,,NULL,0,0,2,2,N,N,55,NULL,98,9801,NULL,,Y,37.44516,37,26.709,NULL,-82.50481,82,30.289,NULL,N,NULL,NULL,NULL,NULL,NULL,NULL,NULL,NULL,2,3,4,1,1,1,3,4,7,3,N,NULL,Y,N,2030,2041,,N,NULL,47,,1,Y,,N,N,098-US-0023-0,NULL,NULL,2021,O,7.2603E+11,098-US-0023  -000,HIGH,098-US-0023  -000,19.342,0,0,0,0,0,0,0,0,1,0,0,0,0
72532775,980000,2008002,20200807,1830,,,GRAPEVINE,,RD,KY0194,KY0194,0,098 KY-194,KY0194,N,N,NULL,NULL,NULL,N,NULL,NULL,NULL,NULL,NULL,NULL,34.861,NULL,NULL,NULL,NULL,,NULL,0,0,1,1,N,N,35,NULL,98,9849,30,E,N,37.44948,37,26.969,NULL,-82.30881,82,18.528,NULL,N,NULL,NULL,NULL,NULL,NULL,NULL,NULL,NULL,9,3,2,3,1,1,2,2,7,3,N,NULL,Y,Y,1840,1843,1932,N,NULL,70,7,0,N,,N,N,098-KY-0194-0,NULL,NULL,2020,O,7.25328E+11,098-KY-0194  -000,HIGH,098-KY-0194  -000,34.861,0,0,0,0,0,0,0,1,0,0,0,1,0
72557789,980100,2.02E+11,20201027,1419,,,US119,,,US0119,US0119,0,098 US-119-10,US0119,N,N,NULL,NULL,NULL,N,NULL,NULL,NULL,NULL,NULL,NULL,2.511,NULL,NULL,NULL,NULL,,NULL,0,0,2,2,N,N,55,NULL,98,9801,NULL,,Y,37.51405,37,30.843,NULL,-82.49041,82,29.424,NULL,N,NULL,NULL,NULL,NULL,NULL,NULL,NULL,NULL,1,3,2,6,1,1,2,2,7,3,N,NULL,Y,N,1419,1427,,N,NULL,55,2,1,N,,N,N,098-US-0119-10,NULL,NULL,2020,O,7.25578E+11,098-US-0119  -010,HIGH,098-US-0119  -000,2.511,0,0,0,0,0,0,0,0,0,0,0,0,0
72631811,980100,2.021E+11,20210602,1212,,,HUFFMAN,,AVE,,,0,098 CS-1123,CS1123,N,N,NULL,NULL,NULL,N,NULL,NULL,NULL,NULL,NULL,NULL,0.055,NULL,NULL,NULL,NULL,,NULL,0,0,2,2,N,N,15,NULL,98,9801,NULL,,Y,37.47731,37,28.638,NULL,-82.51792,82,31.075,NULL,N,NULL,NULL,NULL,NULL,NULL,NULL,NULL,NULL,8,3,3,6,1,1,2,2,7,3,N,NULL,Y,N,1212,1215,1215,N,NULL,47,,,N,,N,N,098-CS-1123-0,NULL,NULL,2021,O,7.26318E+11,098-CS-1123  -000,HIGH,098-CS-1123  -000,0.055,0,0,0,0,0,0,0,0,0,0,0,0,0
72536044,KSP0900,20-666533,20200825,1221,,200,DOUGLAS,,PARK,,,0,098 CR-1704,CR1704,Y,N,NULL,NULL,NULL,N,NULL,NULL,NULL,NULL,NULL,NULL,0.467,NULL,NULL,NULL,NULL,,NULL,0,0,2,2,N,N,NULL,NULL,98,9801,NULL,,Y,37.38249,37,22.949,NULL,-82.53613,82,32.168,NULL,N,NULL,NULL,NULL,NULL,NULL,NULL,NULL,NULL,2,97,1,6,3,1,2,2,6,3,N,NULL,Y,N,1228,1323,,N,NULL,90,,,N,,N,N,098-CR-1704-0,NULL,NULL,2020,O,7.2536E+11,098-CR-1704  -000,HIGH,098-CR-1704  -000,0.467,0,0,0,1,0,0,1,0,0,0,0,0,0
72598396,980100,2.021E+11,20210226,1353,,2138,MAYO,S,TRL,,,,,,Y,N,NULL,NULL,NULL,N,NULL,NULL,NULL,NULL,NULL,NULL,NULL,NULL,NULL,NULL,NULL,NULL,NULL,0,0,2,2,N,N,NULL,NULL,98,9801,NULL,,Y,37.44014,37,26.408,NULL,-82.50925,82,30.555,NULL,N,NULL,NULL,NULL,NULL,NULL,NULL,NULL,NULL,3,97,2,6,1,5,6,2,1,3,N,NULL,Y,N,1354,1405,1405,N,NULL,90,,,N,,N,N,,NULL,NULL,2021,O,7.25984E+11,098-US-0460  -000,MEDIUM,098-US-0460  -000,0.176,0,0,0,1,0,0,0,1,0,0,0,0,0
72534029,KSP0900,20-654369,20200817,1717,,,KY194,,,KY0194,KY0194,,,,N,N,NULL,NULL,NULL,N,NULL,NULL,NULL,NULL,NULL,NULL,24.494,NULL,NULL,NULL,NULL,,NULL,0,0,2,2,N,N,55,NULL,98,9817,NULL,,Y,37.52237,37,31.342,NULL,-82.36717,82,22.03,NULL,N,NULL,NULL,NULL,NULL,NULL,NULL,NULL,NULL,7,3,2,3,1,1,2,2,7,3,N,NULL,Y,N,1717,1745,1845,N,NULL,54,6,0,N,,N,N,,NULL,NULL,2020,O,7.2534E+11,098-KY-0194  -000,HIGH,098-KY-0194  -000,24.494,0,0,0,0,0,0,0,0,0,0,0,1,0
72534630,980100,2.02E+11,20200820,1612,,,HAMBLEY,,BLVD,,,0,098 CS-1222,CS1222,Y,N,NULL,NULL,NULL,N,NULL,NULL,NULL,NULL,NULL,NULL,0.175,NULL,NULL,NULL,NULL,,NULL,0,0,2,2,N,N,15,NULL,98,9801,NULL,,Y,37.47501,37,28.501,NULL,-82.5244,82,31.464,NULL,N,NULL,NULL,NULL,NULL,NULL,NULL,NULL,NULL,5,97,1,6,1,1,2,2,1,3,N,NULL,Y,N,1612,1615,,N,NULL,90,,,Y,,N,N,098-CS-1222-0,NULL,NULL,2020,O,7.25346E+11,098-CS-1222  -000,HIGH,098-CS-1222  -000,0.175,0,0,0,0,0,0,0,0,0,0,0,0,0
72552297,980100,2.02E+11,20201011,1042,,,US23,,,US0023,US0023,,,,N,N,NULL,NULL,NULL,N,NULL,NULL,NULL,NULL,NULL,NULL,26.261,NULL,NULL,NULL,NULL,,NULL,0,0,3,3,N,N,55,NULL,98,9801,NULL,,Y,37.50338,37,30.203,NULL,-82.53232,82,31.939,NULL,N,NULL,NULL,NULL,NULL,NULL,NULL,NULL,NULL,5,3,4,6,1,5,3,2,1,3,N,NULL,Y,N,1042,1050,1136,N,NULL,49,,1,N,,N,N,,NULL,NULL,2020,O,7.25523E+11,098-US-0023  -010,MEDIUM,098-US-0023  -000,26.261,0,0,0,1,0,0,1,0,0,0,0,0,0
72541052,KSP0900,20-691625,20200910,900,,,KY1469,,,KY1469,KY1469,0,098 KY-1469,KY1469,N,N,NULL,NULL,NULL,N,NULL,NULL,NULL,NULL,NULL,NULL,11.581,NULL,NULL,NULL,NULL,,NULL,0,0,2,2,N,N,55,NULL,98,9801,4,E,N,37.34218,37,20.531,NULL,-82.58666,82,35.2,NULL,N,NULL,NULL,NULL,NULL,NULL,NULL,NULL,NULL,8,3,2,3,1,1,2,2,6,3,N,NULL,N,N,0,0,0,N,NULL,53,7,0,N,,N,N,098-KY-1469-0,NULL,NULL,2020,O,7.25411E+11,098-KY-1469  -000,HIGH,098-KY-1469  -000,11.581,0,0,1,0,0,0,0,0,0,0,0,1,0
72514604,980100,2.02E+11,20200625,930,,,HAMBLEY,,BLVD,,,,,,N,N,NULL,NULL,NULL,N,NULL,NULL,NULL,NULL,NULL,NULL,0.305,NULL,NULL,NULL,NULL,,NULL,0,0,2,2,N,N,35,NULL,98,9801,NULL,,Y,37.47622,37,28.573,NULL,-82.52261,82,31.356,NULL,N,NULL,NULL,NULL,NULL,NULL,NULL,NULL,NULL,5,3,2,6,1,5,2,2,1,3,N,NULL,Y,N,930,931,934,N,NULL,49,,,N,,N,N,,NULL,NULL,2020,O,7.25146E+11,098-CS-1222  -000,MEDIUM,098-CS-1222  -000,0.305,0,0,0,1,0,0,1,0,0,0,0,0,0
72543821,KSP0900,20-704028,20200918,1400,,,BEAVER CK,,RD,KY1373,KY1373,0,098 KY-1373,KY1373,N,N,NULL,NULL,NULL,N,NULL,NULL,NULL,NULL,NULL,NULL,5.014,NULL,NULL,NULL,NULL,,NULL,1,0,2,2,Y,N,55,NULL,98,9802,NULL,,Y,37.35138,37,21.083,NULL,-82.30188,82,18.113,NULL,N,NULL,NULL,NULL,NULL,NULL,NULL,NULL,NULL,7,3,1,1,1,1,3,2,7,3,N,NULL,Y,Y,1406,1430,,N,NULL,54,8,0,N,,N,N,098-KY-1373-0,NULL,NULL,2020,A,7.25438E+11,098-KY-1373  -000,HIGH,098-KY-1373  -000,5.014,0,0,1,0,0,0,1,0,0,0,0,1,0
72519330,KSP0900,20-587521,20200707,905,,,FERRELLS CREEK,,RD,US0460,US0460,0,098 US-460,US0460,N,N,NULL,NULL,NULL,N,NULL,NULL,NULL,NULL,NULL,NULL,20.293,NULL,NULL,NULL,NULL,,NULL,0,0,1,1,N,N,55,NULL,98,9874,NULL,,Y,37.37541,37,22.525,NULL,-82.28939,82,17.363,NULL,N,NULL,NULL,NULL,NULL,NULL,NULL,NULL,NULL,9,3,2,6,1,1,2,2,6,3,N,NULL,Y,N,1251,1312,,N,NULL,70,,1,N,,N,N,098-US-0460-0,NULL,NULL,2020,O,7.25193E+11,098-US-0460  -000,HIGH,098-US-0460  -000,20.293,0,0,0,0,0,0,0,0,0,0,0,0,0
72541699,980100,2.02E+11,20200912,1911,,,CASSIDY,,BLVD,,,0,098 CS-1191,CS1191,Y,N,NULL,NULL,NULL,N,NULL,NULL,NULL,NULL,NULL,NULL,0.241,NULL,NULL,NULL,NULL,,NULL,0,0,1,1,N,N,10,NULL,98,9801,NULL,,Y,37.50444,37,30.266,NULL,-82.5358,82,32.148,NULL,N,NULL,NULL,NULL,NULL,NULL,NULL,NULL,NULL,9,97,1,5,1,1,2,2,1,3,N,NULL,Y,N,1911,1916,2106,N,NULL,90,,,N,,N,N,098-CS-1191-0,NULL,NULL,2020,O,7.25417E+11,098-CS-1191  -000,HIGH,098-CS-1191  -000,0.241,0,0,0,1,0,0,1,0,0,0,0,1,0
72499980,980100,2.02E+11,20200508,2137,,,US23,,,US0023,US0023,,,,N,N,NULL,NULL,NULL,N,NULL,NULL,NULL,NULL,NULL,NULL,25.563,NULL,NULL,NULL,NULL,,NULL,0,0,1,1,N,N,55,NULL,98,9801,NULL,,Y,37.49382,37,29.629,NULL,-82.53286,82,31.971,NULL,N,NULL,NULL,NULL,NULL,NULL,NULL,NULL,NULL,9,97,4,6,1,5,10,6,7,3,N,NULL,Y,N,2137,2141,2141,N,NULL,44,,1,N,,N,Y,,NULL,NULL,2020,O,7.25E+11,098-US-0023  -000,MEDIUM,098-US-0023  -000,25.563,0,0,1,0,0,0,0,0,0,0,0,1,0
72467617,980100,2.02E+11,20200124,2119,,,US23,,,US0023,US0023,,,,N,N,NULL,NULL,NULL,N,NULL,NULL,NULL,NULL,NULL,NULL,26.333,NULL,NULL,NULL,NULL,,NULL,1,0,2,2,N,N,55,NULL,98,9801,NULL,,Y,37.50436,37,30.261,NULL,-82.53243,82,31.946,NULL,N,NULL,NULL,NULL,NULL,NULL,NULL,NULL,NULL,5,3,4,6,1,5,6,5,1,3,Y,NULL,Y,Y,2119,2125,2147,N,NULL,49,,1,N,,N,N,,NULL,NULL,2020,C,7.24676E+11,098-US-0023  -010,MEDIUM,098-US-0023  -000,26.333,0,0,1,0,0,0,1,0,0,0,0,0,0
72543478,980100,2.02E+11,20200918,1049,,911,BYPASS,S,RD,KY1426,KY1426,,,,Y,N,NULL,NULL,NULL,N,NULL,NULL,NULL,NULL,NULL,NULL,5.513,NULL,NULL,NULL,NULL,,NULL,0,0,2,2,N,Y,15,NULL,98,9801,NULL,,Y,37.47256,37,28.353,NULL,-82.52625,82,31.575,NULL,N,NULL,NULL,NULL,NULL,NULL,NULL,NULL,NULL,5,97,1,6,1,1,3,2,1,3,N,NULL,Y,N,1049,1054,,N,NULL,90,,0,N,,N,N,,NULL,NULL,2020,O,7.25435E+11,098-KY-1426  -000,MEDIUM,098-KY-1426  -000,5.513,0,0,0,1,0,0,1,1,0,0,0,0,0
72558634,KSP0900,20-763350,20201029,2036,,,KY3495,,,KY3495,KY3495,0,098 KY-3495,KY3495,N,N,NULL,NULL,NULL,N,NULL,NULL,NULL,NULL,NULL,NULL,0.6,NULL,NULL,NULL,NULL,,NULL,0,0,1,1,N,N,45,NULL,98,9801,NULL,,Y,37.4924,37,29.544,NULL,-82.53487,82,32.092,NULL,N,NULL,NULL,NULL,NULL,NULL,NULL,NULL,NULL,9,3,2,6,1,5,6,9,7,3,N,NULL,Y,Y,2038,2042,2042,N,NULL,38,17,0,N,,N,N,098-KY-3495-0,NULL,NULL,2020,O,7.25586E+11,098-KY-3495  -000,HIGH,098-KY-3495  -000,0.6,0,0,0,0,0,0,0,0,0,0,0,0,0