MasterFile,AgencyORINumber,LocalCode,CollisionDate,CollisionTime,CollisionDayWeekCode,RoadwayName_HouseBusinessNumber_,RoadwayName_RoadwayName_,RoadwayName_Direction_,RoadwayName_RoadwaySuffix_,RoadwayfromReport,CurrentRoadwayNumber,RoadwayNumberCoupletID,RSEUniqueGIS,RoadwayIdentifier,ParkingLotIndicator,IntersectionWith_Indicator_,IntersectionWith_NameRoadway_,IntersectionWith_Direction_,IntersectionWith_RoadwaySuffix_,BetweenStreets_Indicator_,BetweenStreets1_NameRoadway_,BetweenStreet1_Direction_,BetweenStreets1_RoadwaySuffix_,BetweenStreets2_NameRoadway_,BetweenStreets2_Direction_,BetweenStreets2_RoadwaySuffix_,Milepoint,ReportMilepointDeriveNumber,CurrentDerivedMiepointNumber,MilestoMilepoint,FeettoMilepoint,DirectionfromMilepoint_NSEW_,ValidMilepointIndicator,NumberInjured,NumberKilled,ofUnits,ofMotorVehicleUnits,Hit&RunIndicator,OneWayIndicator,SpeedLimitNumber,KilometersIndicator,CountyCode,CityCountyCode,MilesFromCity,DirectionFromCity_NSEW_,InCityLimitsIndicator,Latitude,LatitudeDegrees,LatitudeMinutes,LatitudeSeconds,Longitude,LongitudeDegrees,LongitudeMinutes,LongitudeSeconds,RampIndicator,RampFromIdentifier,RampFromDirCode,RampFromCoupletID,RSEUniqueGISRampFrom,RampToidentifier,RampToDirCode,RampToCoupletID,RSEUniqueGisRampTo,MannerofCollisionCode,LocationFirstEventCode,TotalLanes,RoadwayCharacterCode,RoadwaySurfaceCode,RoadwayConditionCode,WeatherCode,LightConditionCode,LandUseCode,SchoolBusRelatedCode,FirstAidSceneIndicator,CollDescPresentInd,InvestigationCompleteIndicator,PhotosTakenIndicator,TimeNotified,TimeArrived,TimeRoadwayOpened,PropertyDamageIndicator,DiagramPresentIndicator,DirectionalAnalysis,FunctionClassCode,NationalHwySysCode,EnforcementsIndicator,KARSCityCode,SecondaryCollisionIndicator,MedianCrossoverIndicator,RT_UNIQUE,MapIt,TimeLastLeft,YR,KABCO,MFNY,WorkingRID,RT_CONFIDENCE,KTC_RT,KTC_MP,Motorcyclist,CommercialVehicle,YoungDriver,MatureDriver,pedestrian,Bicyclist,Distracted,agressive,Impaired,Unrestrained,Intersection,RoadwayDeparture,MedXover
72559077,KSP0900,20-759095,20201026,2023,,5284,COLLINS,,HWY,KY0122,KY0122,0,098 KY-122,KY0122,Y,N,NULL,NULL,NULL,N,NULL,NULL,NULL,NULL,NULL,NULL,10.703,NULL,NULL,NULL,NULL,,NULL,0,0,2,2,N,N,45,NULL,98,9801,NULL,,Y,37.38722,37,23.233,NULL,-82.53826,82,32.296,NULL,N,NULL,NULL,NULL,NULL,NULL,NULL,NULL,NULL,2,97,2,6,1,1,2,7,1,3,N,NULL,Y,N,2023,2056,,N,NULL,90,,0,N,,N,N,098-KY-0122-0,NULL,NULL,2020,O,7.25591E+11,098-KY-0122  -000,HIGH,098-KY-0122  -000,10.703,0,0,0,0,0,0,1,0,0,0,0,0,0
72617458,KSP0900,21-164553,20210425,0,,,US119,,,US0119,US0119,,,,N,N,NULL,NULL,NULL,N,NULL,NULL,NULL,NULL,NULL,NULL,12.151,NULL,NULL,NULL,NULL,,NULL,0,0,1,1,N,N,55,NULL,98,9833,NULL,,Y,37.59765,37,35.859,NULL,-82.37281,82,22.369,NULL,N,NULL,NULL,NULL,NULL,NULL,NULL,NULL,NULL,9,3,4,4,1,5,6,6,7,3,N,NULL,Y,N,1200,1215,130,N,NULL,70,2,1,N,,N,N,,NULL,NULL,2021,O,7.26175E+11,098-US-0119  -010,MEDIUM,098-US-0119  -000,12.151,0,0,0,0,0,0,1,0,0,0,0,0,0
72538433,980100,2.02E+11,20200902,1535,,,US23,,,US0023,US0023,0,098 US-23,US0023,N,N,NULL,NULL,NULL,N,NULL,NULL,NULL,NULL,NULL,NULL,23.057,NULL,NULL,NULL,NULL,,NULL,2,0,2,2,N,N,55,NULL,98,9801,NULL,,Y,37.46585,37,27.951,NULL,-82.52813,82,31.688,NULL,N,NULL,NULL,NULL,NULL,NULL,NULL,NULL,NULL,1,3,4,6,1,1,3,2,1,3,Y,NULL,Y,Y,1536,1537,1631,N,NULL,55,,1,N,,N,N,098-US-0023-0,NULL,NULL,2020,C,7.25384E+11,098-US-0023  -000,HIGH,098-US-0023  -000,23.057,0,0,0,0,0,0,1,1,0,0,0,0,0
72530783,980100,2.02E+11,20200812,1005,,,CASSIDY,,BLVD,,,0,098 CS-1191,CS1191,N,N,NULL,NULL,NULL,N,NULL,NULL,NULL,NULL,NULL,NULL,0.036,NULL,NULL,NULL,NULL,,NULL,0,0,2,2,N,N,55,NULL,98,9801,NULL,,Y,37.5037,37,30.222,NULL,-82.53276,82,31.966,NULL,N,NULL,NULL,NULL,NULL,NULL,NULL,NULL,NULL,1,3,4,6,1,1,2,2,7,3,N,NULL,Y,N,1005,1011,1011,N,NULL,55,,,N,,N,N,098-CS-1191-0,NULL,NULL,2020,O,7.25308E+11,098-CS-1191  -000,HIGH,098-CS-1191  -000,0.036,0,0,1,1,0,0,0,1,0,0,0,0,0
72612184,980100,2.021E+11,20210331,724,,,US23,,,US0023,US0023,0,098 US-23,US0023,N,N,NULL,NULL,NULL,N,NULL,NULL,NULL,NULL,NULL,NULL,20.742,NULL,NULL,NULL,NULL,,NULL,2,0,2,2,N,N,55,NULL,98,9801,NULL,,Y,37.44296,37,26.577,NULL,-82.52277,82,31.366,NULL,N,NULL,NULL,NULL,NULL,NULL,NULL,NULL,NULL,1,3,4,3,1,5,3,3,1,3,Y,NULL,Y,Y,724,730,834,N,NULL,55,,1,N,,N,Y,098-US-0023-0,NULL,NULL,2021,A,7.26122E+11,098-US-0023  -000,HIGH,098-US-0023  -000,20.742,0,0,0,1,0,0,1,0,0,0,0,0,1
72612502,KSP0900,2021-144115,20210411,350,,,WILLIAMSON,,RD,KY0292,KY0292,0,098 KY-292,KY0292,N,N,NULL,NULL,NULL,N,NULL,NULL,NULL,NULL,NULL,NULL,9.553,NULL,NULL,NULL,NULL,,NULL,0,0,1,1,N,N,45,NULL,98,9836,NULL,,Y,37.70584,37,42.351,NULL,-82.30334,82,18.201,NULL,N,NULL,NULL,NULL,NULL,NULL,NULL,NULL,NULL,9,5,2,3,1,5,3,6,7,3,N,NULL,N,N,350,410,410,N,NULL,40,7,0,N,,N,N,098-KY-0292-0,NULL,NULL,2021,O,7.26125E+11,098-KY-0292  -000,HIGH,098-KY-0292  -000,9.553,0,0,0,0,0,0,0,0,0,0,0,1,0
72544626,KSP0900,20-708674,20200921,1619,,,DIX,,FRK,,,0,098 CR-1538,CR1538,N,N,NULL,NULL,NULL,N,NULL,NULL,NULL,NULL,NULL,NULL,0.243,NULL,NULL,NULL,NULL,,NULL,0,0,1,1,N,N,35,NULL,98,9838,NULL,,Y,37.6106,37,36.636,NULL,-82.34406,82,20.643,NULL,N,NULL,NULL,NULL,NULL,NULL,NULL,NULL,NULL,9,5,1,3,1,1,2,2,7,3,N,NULL,N,N,1619,1625,1650,N,NULL,44,,,N,,N,N,098-CR-1538-0,NULL,NULL,2020,O,7.25446E+11,098-CR-1538  -000,HIGH,098-CR-1538  -000,0.243,0,0,1,0,0,0,0,0,1,0,0,1,0
72606037,980100,2.021E+11,20210319,1113,,,BYPASS,S,RD,KY1426,KY1426,0,098 KY-1426,KY1426,Y,N,NULL,NULL,NULL,N,NULL,NULL,NULL,NULL,NULL,NULL,5.683,NULL,NULL,NULL,NULL,,NULL,0,0,1,1,Y,N,10,NULL,98,9801,NULL,,Y,37.47274,37,28.365,NULL,-82.52298,82,31.379,NULL,N,NULL,NULL,NULL,NULL,NULL,NULL,NULL,NULL,9,97,2,6,1,1,2,2,1,3,N,NULL,Y,N,1113,1123,1158,Y,NULL,90,,0,N,,N,N,098-KY-1426-0,NULL,NULL,2021,O,7.2606E+11,098-KY-1426  -000,HIGH,098-KY-1426  -000,5.683,0,0,0,1,0,0,1,0,0,0,0,0,0
72499879,KSP0900,20-17253,20200508,1336,,111,SYCAMORE,,RD,,,0,098 CR-1351Q4,CR1351Q4,N,N,NULL,NULL,NULL,N,NULL,NULL,NULL,NULL,NULL,NULL,0.169,NULL,NULL,NULL,NULL,,NULL,0,0,1,1,N,N,25,NULL,98,9801,6,N,N,37.62852,37,37.711,NULL,-82.54758,82,32.855,NULL,N,NULL,NULL,NULL,NULL,NULL,NULL,NULL,NULL,9,5,2,6,2,5,6,2,7,3,N,NULL,Y,N,1336,1400,1400,Y,NULL,40,,,N,,N,N,098-CR-1351Q4-0,NULL,NULL,2020,O,7.24999E+11,098-CR-1351Q4-000,HIGH,098-CR-1351Q4-000,0.169,0,0,0,0,0,0,0,0,0,0,0,1,0
72542806,370200,2020-680479,20200903,1329,,,DORTON-JENKINS,,HWY,KY0805,KY0805,0,098 KY-805,KY0805,N,N,NULL,NULL,NULL,N,NULL,NULL,NULL,NULL,NULL,NULL,1.28,NULL,NULL,NULL,NULL,,NULL,0,0,2,2,N,N,45,NULL,98,9802,NULL,,Y,37.21144,37,12.687,NULL,-82.55848,82,33.509,NULL,N,NULL,NULL,NULL,NULL,NULL,NULL,NULL,NULL,7,3,2,3,1,5,6,2,7,3,N,NULL,Y,N,1508,1523,1523,N,NULL,54,7,0,N,,N,N,098-KY-0805-0,NULL,NULL,2020,O,7.25428E+11,098-KY-0805  -000,HIGH,098-KY-0805  -000,1.28,0,0,0,0,0,0,0,0,0,0,0,1,0
72545512,KSP0900,20-712399,20200924,1243,,,ELKHORN,,CRK,KY0197,KY0197,0,098 KY-197,KY0197,Y,N,NULL,NULL,NULL,N,NULL,NULL,NULL,NULL,NULL,NULL,6.708,NULL,NULL,NULL,NULL,,NULL,0,0,2,2,N,N,15,NULL,98,9864,NULL,,Y,37.2558,37,15.348,NULL,-82.47926,82,28.756,NULL,N,NULL,NULL,NULL,NULL,NULL,NULL,NULL,NULL,2,97,2,6,1,1,3,2,1,3,N,NULL,Y,N,1243,1259,,N,NULL,90,7,0,N,,N,N,098-KY-0197-0,NULL,NULL,2020,O,7.25455E+11,098-KY-0197  -000,HIGH,098-KY-0197  -000,6.708,0,1,0,0,0,0,1,0,0,0,0,0,0
72552212,980100,2.02E+11,20201007,1014,,,CASSIDY,,BLVD,,,,,,N,N,NULL,NULL,NULL,N,NULL,NULL,NULL,NULL,NULL,NULL,0.261,NULL,NULL,NULL,NULL,,NULL,0,0,2,2,N,N,15,NULL,98,9801,NULL,,Y,37.50463,37,30.278,NULL,-82.53612,82,32.167,NULL,N,NULL,NULL,NULL,NULL,NULL,NULL,NULL,NULL,1,3,3,6,1,1,3,2,1,3,N,NULL,Y,N,1014,1024,,N,NULL,55,,,N,,N,N,,NULL,NULL,2020,O,7.25522E+11,098-CS-1191  -000,MEDIUM,098-CS-1191  -000,0.261,0,0,0,1,0,0,1,1,0,0,0,0,0
72552290,980100,2.02E+11,20201009,2117,,334,OWSLEY,,RD,KY1384,KY1384,0,098 KY-1384,KY1384,N,N,NULL,NULL,NULL,N,NULL,NULL,NULL,NULL,NULL,NULL,7.26,NULL,NULL,NULL,NULL,,NULL,0,0,1,1,Y,N,35,NULL,98,9801,NULL,,Y,37.48106,37,28.863,NULL,-82.53519,82,32.111,NULL,N,NULL,NULL,NULL,NULL,NULL,NULL,NULL,NULL,9,5,4,5,1,1,2,5,6,3,N,NULL,N,Y,2117,2119,,Y,NULL,51,16,0,N,,N,N,098-KY-1384-0,NULL,NULL,2020,NULL,7.25523E+11,098-KY-1384  -000,HIGH,098-KY-1384  -000,7.26,0,0,0,0,0,0,0,0,0,0,0,1,0
72477139,980100,2.02E+11,20200210,1707,,,BYPASS,S,RD,KY1426,KY1426,0,098 KY-1426,KY1426,N,N,NULL,NULL,NULL,N,NULL,NULL,NULL,NULL,NULL,NULL,6.142,NULL,NULL,NULL,NULL,,NULL,0,0,2,2,N,Y,35,NULL,98,9801,NULL,,Y,37.47718,37,28.631,NULL,-82.51679,82,31.008,NULL,N,NULL,NULL,NULL,NULL,NULL,NULL,NULL,NULL,5,3,2,6,1,5,6,2,1,3,N,NULL,Y,N,1708,1709,1711,N,NULL,49,,0,Y,,N,N,098-KY-1426-0,NULL,NULL,2020,O,7.24771E+11,098-KY-1426  -000,HIGH,098-KY-1426  -000,6.142,0,0,1,0,0,0,0,0,0,0,0,0,0
72586064,KSP0900,21-23967,20210118,2100,,,TOLER,,RD,KY0319,KY0319,0,098 KY-319,KY0319,Y,N,NULL,NULL,NULL,N,NULL,NULL,NULL,NULL,NULL,NULL,0.011,NULL,NULL,NULL,NULL,,NULL,0,0,1,1,N,N,15,NULL,98,9836,NULL,,Y,37.57957,37,34.774,NULL,-82.1794,82,10.764,NULL,N,NULL,NULL,NULL,NULL,NULL,NULL,NULL,NULL,9,97,2,6,1,1,2,6,7,3,N,NULL,N,N,2100,2100,2100,N,NULL,,,,N,,N,N,098-KY-0319-0,NULL,NULL,2021,O,7.25861E+11,098-KY-0319  -000,HIGH,098-KY-0319  -000,0.011,0,0,0,0,0,0,1,0,0,0,0,1,0
72567388,980100,2.02E+11,20201118,1710,,,US460,,,US0460,US0460,0,098 US-460,US0460,N,N,NULL,NULL,NULL,N,NULL,NULL,NULL,NULL,NULL,NULL,0.232,NULL,NULL,NULL,NULL,,NULL,1,0,2,2,N,N,55,NULL,98,9801,NULL,,Y,37.43921,37,26.353,NULL,-82.50954,82,30.572,NULL,N,NULL,NULL,NULL,NULL,NULL,NULL,NULL,NULL,1,3,2,6,1,1,2,5,7,3,Y,NULL,Y,Y,1710,1723,1808,N,NULL,55,,1,N,,N,N,098-US-0460-0,NULL,NULL,2020,C,7.25674E+11,098-US-0460  -000,HIGH,098-US-0460  -000,0.232,0,0,1,0,0,0,1,0,0,0,0,0,0
72579925,980100,2.02E+11,20201223,1419,,,THOMPSON,,RD,,,,,,Y,N,NULL,NULL,NULL,N,NULL,NULL,NULL,NULL,NULL,NULL,0.436,NULL,NULL,NULL,NULL,,NULL,0,0,2,2,N,N,NULL,NULL,98,9801,NULL,,Y,37.50632,37,30.38,NULL,-82.54477,82,32.686,NULL,N,NULL,NULL,NULL,NULL,NULL,NULL,NULL,NULL,1,97,2,6,1,1,2,2,1,3,N,NULL,Y,N,1419,1433,1433,N,NULL,90,,,N,,N,N,,NULL,NULL,2020,O,7.25799E+11,098-CS-1215  -000,LOW,098-CS-1215  -000,0.436,0,0,0,0,0,0,1,0,0,0,0,0,0
72546170,KSP0900,20-707523,20200920,2028,,,ROCKY,,RD,,,0,098 CR-1212,CR1212,N,N,NULL,NULL,NULL,N,NULL,NULL,NULL,NULL,NULL,NULL,0.985,NULL,NULL,NULL,NULL,,NULL,0,0,1,1,N,N,25,NULL,98,9801,NULL,,Y,37.41241,37,24.745,NULL,-82.42513,82,25.508,NULL,N,NULL,NULL,NULL,NULL,NULL,NULL,NULL,NULL,9,3,2,6,1,1,2,6,7,3,N,NULL,Y,N,2028,2110,2110,N,NULL,44,,,N,,N,N,098-CR-1212-0,NULL,NULL,2020,O,7.25462E+11,098-CR-1212  -000,HIGH,098-CR-1212  -000,0.985,0,0,0,0,0,0,0,0,0,0,0,1,0
72600564,KSP0900,21-88358,20210305,1556,,,COLLINS,,HWY,KY0122,KY0122,0,098 KY-122,KY0122,N,N,NULL,NULL,NULL,N,NULL,NULL,NULL,NULL,NULL,NULL,10.383,NULL,NULL,NULL,NULL,,NULL,1,0,2,1,N,N,45,NULL,98,9824,NULL,,Y,37.38723,37,23.234,NULL,-82.54382,82,32.629,NULL,N,NULL,NULL,NULL,NULL,NULL,NULL,NULL,NULL,5,3,2,6,1,1,2,2,7,3,N,NULL,Y,Y,1630,1630,1700,N,NULL,49,,0,N,,N,N,098-KY-0122-0,NULL,NULL,2021,C,7.26006E+11,098-KY-0122  -000,HIGH,098-KY-0122  -000,10.383,0,0,1,0,0,0,0,1,0,1,0,0,0
72569314,KSP0900,20-803099,20201125,1424,,,US119,,,US0119,US0119,0,098 US-119,US0119,N,N,NULL,NULL,NULL,N,NULL,NULL,NULL,NULL,NULL,NULL,20.392,NULL,NULL,NULL,NULL,,NULL,1,0,1,1,N,N,55,NULL,98,9834,NULL,,Y,37.61615,37,36.969,NULL,-82.27459,82,16.475,NULL,N,NULL,NULL,NULL,NULL,NULL,NULL,NULL,NULL,9,3,2,6,1,5,6,2,7,3,Y,NULL,Y,Y,1425,1440,1530,N,NULL,70,2,1,N,,N,N,098-US-0119-0,NULL,NULL,2020,B,7.25693E+11,098-US-0119  -000,HIGH,098-US-0119  -000,20.392,0,0,0,1,0,0,0,0,0,0,0,1,0
72618843,980100,2.021E+11,20210428,941,,,US23,,,US0023,US0023,0,098 US-23,US0023,N,N,NULL,NULL,NULL,N,NULL,NULL,NULL,NULL,NULL,NULL,26.286,NULL,NULL,NULL,NULL,,NULL,0,0,2,2,Y,N,55,NULL,98,9801,NULL,,Y,37.5037,37,30.222,NULL,-82.53215,82,31.929,NULL,N,NULL,NULL,NULL,NULL,NULL,NULL,NULL,NULL,5,3,4,6,1,1,2,2,7,3,N,NULL,Y,N,941,954,954,N,NULL,49,,1,N,,N,N,098-US-0023-0,NULL,NULL,2021,O,7.26188E+11,098-US-0023  -000,HIGH,098-US-0023  -000,26.286,0,0,0,0,0,0,0,0,0,0,0,0,0
72563574,980100,2.02E+11,20201104,1215,,,US23,,,US0023,US0023,,,,N,N,NULL,NULL,NULL,N,NULL,NULL,NULL,NULL,NULL,NULL,22.24,NULL,NULL,NULL,NULL,,NULL,0,0,2,2,N,N,55,NULL,98,9801,NULL,,Y,37.46063,37,27.638,NULL,-82.51683,82,31.01,NULL,N,NULL,NULL,NULL,NULL,NULL,NULL,NULL,NULL,8,3,4,3,1,1,2,2,1,3,N,NULL,Y,N,1215,1221,1258,N,NULL,53,,1,N,,N,N,,NULL,NULL,2020,O,7.25636E+11,098-US-0023  -010,MEDIUM,098-US-0023  -000,22.24,0,0,0,1,0,0,0,1,0,0,0,1,0
72537504,KSP0900,20-676122,20200831,1811,,,KY194,,,KY0194,KY0194,0,098 KY-194,KY0194,N,N,NULL,NULL,NULL,N,NULL,NULL,NULL,NULL,NULL,NULL,54.806,NULL,NULL,NULL,NULL,,NULL,3,0,1,1,N,N,45,NULL,98,9804,NULL,,Y,37.51075,37,30.645,NULL,-82.14691,82,8.815,NULL,N,NULL,NULL,NULL,NULL,NULL,NULL,NULL,NULL,9,3,2,6,1,6,6,2,7,3,N,NULL,Y,Y,1811,1840,1840,N,NULL,44,8,0,N,,N,N,098-KY-0194-0,NULL,NULL,2020,C,7.25375E+11,098-KY-0194  -000,HIGH,098-KY-0194  -000,54.806,0,0,0,0,0,0,1,0,0,0,0,1,0
72504875,KSP0900,20-18961,20200520,950,,,US119,,,US0119,US0119,,,,N,N,NULL,NULL,NULL,N,NULL,NULL,NULL,NULL,NULL,NULL,25.038,NULL,NULL,NULL,NULL,,NULL,0,0,2,2,N,N,40,NULL,98,9834,NULL,,Y,37.66863,37,40.118,NULL,-82.27769,82,16.661,NULL,N,NULL,NULL,NULL,NULL,NULL,NULL,NULL,NULL,1,3,3,6,1,5,6,5,7,3,N,NULL,N,N,2259,2326,2326,N,NULL,,,,N,,N,N,,NULL,NULL,2020,O,7.25049E+11,098-US-0119  -000,MEDIUM,098-US-0119  -000,25.038,0,0,0,0,0,0,1,0,0,0,0,0,0
72497902,KSP0900,20-16100,20200430,1608,,25003,US119,,,US0119,US0119,0,098 US-119,US0119,N,N,NULL,NULL,NULL,N,NULL,NULL,NULL,NULL,NULL,NULL,20.793,NULL,NULL,NULL,NULL,,NULL,0,0,1,1,N,N,35,NULL,98,9836,NULL,,Y,37.61882,37,37.129,NULL,-82.26881,82,16.129,NULL,N,NULL,NULL,NULL,NULL,NULL,NULL,NULL,NULL,9,5,2,3,1,5,6,2,7,3,N,NULL,Y,Y,1610,1643,1643,Y,NULL,40,2,1,N,,N,N,098-US-0119-0,NULL,NULL,2020,O,7.24979E+11,098-US-0119  -000,HIGH,098-US-0119  -000,20.793,0,0,1,0,0,0,0,1,0,0,0,1,0
72571957,980100,2.02E+11,20201201,1133,,,KY3417,,,KY3417,KY3417,,,,N,N,NULL,NULL,NULL,N,NULL,NULL,NULL,NULL,NULL,NULL,0.565,NULL,NULL,NULL,NULL,,NULL,0,0,1,1,N,N,35,NULL,98,9801,NULL,,Y,37.4695,37,28.17,NULL,-82.55748,82,33.449,NULL,N,NULL,NULL,NULL,NULL,NULL,NULL,NULL,NULL,9,4,2,4,1,2,3,2,1,3,N,NULL,Y,N,1134,1138,1228,Y,NULL,51,17,0,N,,N,N,,NULL,NULL,2020,O,7.2572E+11,098-KY-3417  -000,HIGH,098-KY-3417  -000,0.565,0,0,0,0,0,0,0,0,0,0,0,1,0
72586336,980200,4135010721,20210107,1340,,,KY197,,,KY0197,KY0197,0,098 KY-197,KY0197,Y,N,NULL,NULL,NULL,N,NULL,NULL,NULL,NULL,NULL,NULL,15.627,NULL,NULL,NULL,NULL,,NULL,0,0,2,2,N,N,35,NULL,98,9802,NULL,,Y,37.2953,37,17.718,NULL,-82.36279,82,21.767,NULL,N,NULL,NULL,NULL,NULL,NULL,NULL,NULL,NULL,2,97,0,4,1,1,2,2,1,3,N,NULL,N,Y,1325,1339,,N,NULL,90,7,0,N,,N,N,098-KY-0197-0,NULL,NULL,2021,O,7.25863E+11,098-KY-0197  -000,HIGH,098-KY-0197  -000,15.627,0,0,1,0,0,0,0,0,0,0,0,0,0
72528183,980100,2.02E+11,20200731,1540,,,MAYO,N,TRL,US0023,US0023,0,098 US-23,US0023,N,N,NULL,NULL,NULL,N,NULL,NULL,NULL,NULL,NULL,NULL,26.042,NULL,NULL,NULL,NULL,,NULL,3,0,2,2,N,N,55,NULL,98,9801,NULL,,Y,37.50023,37,30.014,NULL,-82.53162,82,31.898,NULL,N,NULL,NULL,NULL,NULL,NULL,NULL,NULL,NULL,5,3,4,6,1,1,3,2,7,3,Y,NULL,Y,Y,1541,1545,1610,N,NULL,49,,1,N,,N,N,098-US-0023-0,NULL,NULL,2020,C,7.25282E+11,098-US-0023  -000,HIGH,098-US-0023  -000,26.042,0,0,0,0,0,0,1,0,0,0,0,0,0
72590741,980100,2.021E+11,20210130,1641,,,KY3496,,,KY3496,KY3496,0,098 KY-3496,KY3496,Y,N,NULL,NULL,NULL,N,NULL,NULL,NULL,NULL,NULL,NULL,0.132,NULL,NULL,NULL,NULL,,NULL,0,0,2,2,N,N,35,NULL,98,9801,NULL,,Y,37.46616,37,27.969,NULL,-82.53005,82,31.803,NULL,N,NULL,NULL,NULL,NULL,NULL,NULL,NULL,NULL,2,97,2,6,1,1,2,2,1,3,N,NULL,Y,N,1641,1646,,N,NULL,90,16,0,N,,N,N,098-KY-3496-0,NULL,NULL,2021,O,7.25907E+11,098-KY-3496  -000,HIGH,098-KY-3496  -000,0.132,0,0,0,0,0,0,1,0,0,0,0,0,0
72536024,KSP0900,2020-652201,20200816,922,,,US119,,,US0119,US0119,0,098 US-119,US0119,N,N,NULL,NULL,NULL,N,NULL,NULL,NULL,NULL,NULL,NULL,14.014,NULL,NULL,NULL,NULL,,NULL,0,1,1,1,N,N,55,NULL,98,9833,NULL,,Y,37.6179,37,37.074,NULL,-82.3524,82,21.144,NULL,N,NULL,NULL,NULL,NULL,NULL,NULL,NULL,NULL,9,5,4,3,1,1,2,2,7,3,Y,NULL,N,Y,922,1030,922,N,NULL,51,2,1,N,,N,N,098-US-0119-0,NULL,NULL,2020,K,7.2536E+11,098-US-0119  -000,HIGH,098-US-0119  -000,14.014,0,0,0,0,0,0,0,0,1,1,0,1,0
72522502,980100,2.02E+11,20200716,1140,,254,CASSIDY,,BLVD,,,0,098 CS-1191,CS1191,Y,N,NULL,NULL,NULL,N,NULL,NULL,NULL,NULL,NULL,NULL,0.316,NULL,NULL,NULL,NULL,,NULL,0,0,2,2,N,N,NULL,NULL,98,9801,NULL,,Y,37.50522,37,30.313,NULL,-82.53718,82,32.231,NULL,N,NULL,NULL,NULL,NULL,NULL,NULL,NULL,NULL,2,97,1,6,1,1,2,2,1,3,N,NULL,Y,N,1140,1142,,N,NULL,90,,,N,,N,N,098-CS-1191-0,NULL,NULL,2020,O,7.25225E+11,098-CS-1191  -000,HIGH,098-CS-1191  -000,0.316,0,0,1,0,0,0,1,0,0,0,0,0,0
72602121,KSP0900,21-88705,20210305,1932,,,BENT BRANCH,,RD,KY1426,KY1426,0,098 KY-1426,KY1426,N,N,NULL,NULL,NULL,N,NULL,NULL,NULL,NULL,NULL,NULL,16.827,NULL,NULL,NULL,NULL,,NULL,3,0,2,2,N,N,45,NULL,98,9820,NULL,,Y,37.57114,37,34.268,NULL,-82.43747,82,26.248,NULL,N,NULL,NULL,NULL,NULL,NULL,NULL,NULL,NULL,4,3,2,3,1,1,2,6,7,3,Y,NULL,Y,Y,1934,1952,2100,N,NULL,70,7,0,N,,N,N,098-KY-1426-0,NULL,NULL,2021,C,7.26021E+11,098-KY-1426  -000,HIGH,098-KY-1426  -000,16.827,0,0,1,0,0,0,1,0,0,0,0,0,0
72584037,KSP0900,21-11882,20210109,1749,,9643,US460,,,US0460,US0460,0,098 US-460,US0460,N,N,NULL,NULL,NULL,N,NULL,NULL,NULL,NULL,NULL,NULL,9.008,NULL,NULL,NULL,NULL,,NULL,2,0,2,2,N,N,35,NULL,98,9801,NULL,,Y,37.36989,37,22.194,NULL,-82.42008,82,25.205,NULL,N,NULL,NULL,NULL,NULL,NULL,NULL,NULL,NULL,1,3,2,4,1,1,2,6,7,3,Y,NULL,Y,Y,1751,1830,1901,N,NULL,55,,1,N,,N,N,098-US-0460-0,NULL,NULL,2021,C,7.2584E+11,098-US-0460  -000,MEDIUM,098-US-0460  -000,9.008,0,0,1,0,0,0,0,1,0,0,0,0,0
72573510,980000,2012005,20201209,1510,,,APPLACHIAN REGIONAL HOSPITAL PARKING LOT,,,,,,,,Y,N,NULL,NULL,NULL,N,NULL,NULL,NULL,NULL,NULL,NULL,NULL,NULL,NULL,NULL,NULL,NULL,NULL,0,0,2,2,N,N,NULL,NULL,98,9834,6,N,N,37.67641,37,40.584,NULL,-82.29567,82,17.74,NULL,N,NULL,NULL,NULL,NULL,NULL,NULL,NULL,NULL,2,97,NULL,6,1,1,2,2,1,3,N,NULL,N,Y,1510,1524,1541,N,NULL,90,,,N,,N,N,,NULL,NULL,2020,O,7.25735E+11,098-CR-1015C -000,MEDIUM,098-CR-1015C -000,0.159,0,0,0,1,0,0,1,0,0,0,0,1,0
72601601,KSP0900,21-75507,20210225,1605,,,STONE COAL CREEK,,RD,KY3227,KY3227,0,098 KY-3227,KY3227,N,N,NULL,NULL,NULL,N,NULL,NULL,NULL,NULL,NULL,NULL,1.566,NULL,NULL,NULL,NULL,,NULL,0,0,1,1,N,N,55,NULL,98,9801,2,E,N,37.53093,37,31.856,NULL,-82.53773,82,32.264,NULL,N,NULL,NULL,NULL,NULL,NULL,NULL,NULL,NULL,9,6,2,6,1,1,2,2,7,3,N,NULL,Y,N,1629,1757,1629,N,NULL,40,8,0,N,,N,N,098-KY-3227-0,NULL,NULL,2021,O,7.26016E+11,098-KY-3227  -000,HIGH,098-KY-3227  -000,1.566,0,0,0,0,0,0,0,0,0,0,0,1,0
72563573,980100,2.02E+11,20201111,1434,,,KY1426,,,KY1426,KY1426,0,098 KY-1426,KY1426,N,N,NULL,NULL,NULL,N,NULL,NULL,NULL,NULL,NULL,NULL,7.498,NULL,NULL,NULL,NULL,,NULL,1,0,1,1,N,N,45,NULL,98,9801,NULL,,Y,37.49044,37,29.426,NULL,-82.50043,82,30.026,NULL,N,NULL,NULL,NULL,NULL,NULL,NULL,NULL,NULL,9,3,2,3,1,5,6,2,1,3,N,NULL,Y,Y,1434,1435,1506,N,NULL,70,,0,N,,N,N,098-KY-1426-0,NULL,NULL,2020,B,7.25636E+11,098-KY-1426  -000,HIGH,098-KY-1426  -000,7.498,0,0,0,0,0,0,0,0,0,0,0,1,0