MasterFile,AgencyORINumber,LocalCode,CollisionDate,CollisionTime,CollisionDayWeekCode,RoadwayName_HouseBusinessNumber_,RoadwayName_RoadwayName_,RoadwayName_Direction_,RoadwayName_RoadwaySuffix_,RoadwayfromReport,CurrentRoadwayNumber,RoadwayNumberCoupletID,RSEUniqueGIS,RoadwayIdentifier,ParkingLotIndicator,IntersectionWith_Indicator_,IntersectionWith_NameRoadway_,IntersectionWith_Direction_,IntersectionWith_RoadwaySuffix_,BetweenStreets_Indicator_,BetweenStreets1_NameRoadway_,BetweenStreet1_Direction_,BetweenStreets1_RoadwaySuffix_,BetweenStreets2_NameRoadway_,BetweenStreets2_Direction_,BetweenStreets2_RoadwaySuffix_,Milepoint,ReportMilepointDeriveNumber,CurrentDerivedMiepointNumber,MilestoMilepoint,FeettoMilepoint,DirectionfromMilepoint_NSEW_,ValidMilepointIndicator,NumberInjured,NumberKilled,ofUnits,ofMotorVehicleUnits,Hit&RunIndicator,OneWayIndicator,SpeedLimitNumber,KilometersIndicator,CountyCode,CityCountyCode,MilesFromCity,DirectionFromCity_NSEW_,InCityLimitsIndicator,Latitude,LatitudeDegrees,LatitudeMinutes,LatitudeSeconds,Longitude,LongitudeDegrees,LongitudeMinutes,LongitudeSeconds,RampIndicator,RampFromIdentifier,RampFromDirCode,RampFromCoupletID,RSEUniqueGISRampFrom,RampToidentifier,RampToDirCode,RampToCoupletID,RSEUniqueGisRampTo,MannerofCollisionCode,LocationFirstEventCode,TotalLanes,RoadwayCharacterCode,RoadwaySurfaceCode,RoadwayConditionCode,WeatherCode,LightConditionCode,LandUseCode,SchoolBusRelatedCode,FirstAidSceneIndicator,CollDescPresentInd,InvestigationCompleteIndicator,PhotosTakenIndicator,TimeNotified,TimeArrived,TimeRoadwayOpened,PropertyDamageIndicator,DiagramPresentIndicator,DirectionalAnalysis,FunctionClassCode,NationalHwySysCode,EnforcementsIndicator,KARSCityCode,SecondaryCollisionIndicator,MedianCrossoverIndicator,RT_UNIQUE,MapIt,TimeLastLeft,YR,KABCO,MFNY,WorkingRID,RT_CONFIDENCE,KTC_RT,KTC_MP,Motorcyclist,CommercialVehicle,YoungDriver,MatureDriver,pedestrian,Bicyclist,Distracted,agressive,Impaired,Unrestrained,Intersection,RoadwayDeparture,MedXover
72594989,980100,2.021E+11,20210216,758,,,US23,,,US0023,US0023,0,098 US-23,US0023,N,N,NULL,NULL,NULL,N,NULL,NULL,NULL,NULL,NULL,NULL,23.704,NULL,NULL,NULL,NULL,,NULL,0,0,2,1,N,N,55,NULL,98,9801,NULL,,Y,37.47272,37,28.363,NULL,-82.53463,82,32.078,NULL,N,NULL,NULL,NULL,NULL,NULL,NULL,NULL,NULL,5,5,4,6,1,2,3,2,7,3,N,NULL,Y,N,758,758,800,N,NULL,47,,1,N,,N,N,098-US-0023-0,NULL,NULL,2021,O,7.2595E+11,098-US-0023  -000,HIGH,098-US-0023  -000,23.704,0,0,0,0,0,0,0,0,0,0,0,1,0
72558879,KSP0900,20-734650,20201009,1842,,,US23,,,US0023,US0023,0,098 US-23,US0023,N,N,NULL,NULL,NULL,N,NULL,NULL,NULL,NULL,NULL,NULL,10.25,NULL,NULL,NULL,NULL,,NULL,0,0,2,2,N,N,55,NULL,98,9827,NULL,,Y,37.34195,37,20.517,NULL,-82.55183,82,33.11,NULL,N,NULL,NULL,NULL,NULL,NULL,NULL,NULL,NULL,8,3,4,6,1,1,2,2,7,3,N,NULL,N,N,1842,1854,1854,N,NULL,53,,1,N,,N,N,098-US-0023-0,NULL,NULL,2020,O,7.25589E+11,098-US-0023  -000,HIGH,098-US-0023  -000,10.25,0,0,0,0,0,0,1,0,0,0,0,1,0
72550388,KSP0900,20-732366,20201008,1100,,,WILLIAMSON,,RD,KY0292,KY0292,0,098 KY-292,KY0292,N,N,NULL,NULL,NULL,N,NULL,NULL,NULL,NULL,NULL,NULL,6.103,NULL,NULL,NULL,NULL,,NULL,0,0,2,2,N,N,35,NULL,98,9834,NULL,,Y,37.66927,37,40.156,NULL,-82.2943,82,17.658,NULL,N,NULL,NULL,NULL,NULL,NULL,NULL,NULL,NULL,8,3,2,6,1,1,2,2,7,3,N,NULL,Y,N,1100,1120,1130,N,NULL,53,7,0,N,,N,N,098-KY-0292-0,NULL,NULL,2020,O,7.25504E+11,098-KY-0292  -000,HIGH,098-KY-0292  -000,6.103,0,0,0,0,0,0,0,1,0,0,0,1,0
72547758,980100,2.02E+11,20200914,1010,,911,BYPASS,S,RD,,,,,,Y,N,NULL,NULL,NULL,N,NULL,NULL,NULL,NULL,NULL,NULL,NULL,NULL,NULL,NULL,NULL,NULL,NULL,0,0,2,2,Y,N,15,NULL,98,9801,NULL,,Y,37.47201,37,28.321,NULL,-82.52251,82,31.351,NULL,N,NULL,NULL,NULL,NULL,NULL,NULL,NULL,NULL,7,97,2,6,2,1,2,2,1,3,N,NULL,N,N,1716,1725,1725,N,NULL,90,,,N,,N,N,,NULL,NULL,2020,NULL,7.25478E+11,098-CS-1223  -000,MEDIUM,098-CS-1223  -000,0.054,0,0,0,0,0,0,0,0,0,0,0,0,0
72530511,980100,20200009759,20200811,1837,,,CASSIDY,,BLVD,,,,,,Y,N,NULL,NULL,NULL,N,NULL,NULL,NULL,NULL,NULL,NULL,0.253,NULL,NULL,NULL,NULL,,NULL,0,0,2,2,N,N,15,NULL,98,9801,NULL,,Y,37.50455,37,30.273,NULL,-82.536,82,32.16,NULL,N,NULL,NULL,NULL,NULL,NULL,NULL,NULL,NULL,5,97,1,6,1,1,2,2,1,3,N,NULL,Y,N,1837,1859,1919,N,NULL,90,,,N,,N,N,,NULL,NULL,2020,O,7.25305E+11,098-CS-1191  -000,LOW,098-CS-1191  -000,0.253,0,0,0,1,0,0,0,0,0,0,0,0,0
72533924,980100,2.02E+11,20200821,1453,,306,CEDAR HILLS,,RD,KY1426,KY1426,0,098 KY-1426,KY1426,Y,N,NULL,NULL,NULL,N,NULL,NULL,NULL,NULL,NULL,NULL,4.274,NULL,NULL,NULL,NULL,,NULL,0,0,2,2,N,N,55,NULL,98,9801,NULL,,Y,37.45818,37,27.491,NULL,-82.5295,82,31.77,NULL,N,NULL,NULL,NULL,NULL,NULL,NULL,NULL,NULL,2,97,2,6,1,5,3,2,5,3,N,NULL,Y,N,1453,1457,1457,N,NULL,90,8,0,N,,N,N,098-KY-1426-0,NULL,NULL,2020,O,7.25339E+11,098-KY-1426  -000,HIGH,098-KY-1426  -000,4.274,0,0,0,0,0,0,1,0,0,0,0,0,0
72567223,KSP0900,20-790931,20201117,524,,,US460,,,US0460,US0460,0,098 US-460,US0460,N,N,NULL,NULL,NULL,N,NULL,NULL,NULL,NULL,NULL,NULL,6.005,NULL,NULL,NULL,NULL,,NULL,0,0,2,2,N,N,55,NULL,98,9824,NULL,,Y,37.4035,37,24.21,NULL,-82.43485,82,26.091,NULL,N,NULL,NULL,NULL,NULL,NULL,NULL,NULL,NULL,5,3,2,5,1,1,2,6,7,3,N,NULL,Y,N,524,604,645,N,NULL,49,,1,N,,N,N,098-US-0460-0,NULL,NULL,2020,O,7.25672E+11,098-US-0460  -000,HIGH,098-US-0460  -000,6.005,0,1,0,0,0,0,0,0,0,0,0,0,0
72617460,KSP0900,21-165181,20210425,1532,,,MALL,S,RD,,,,,,Y,N,NULL,NULL,NULL,N,NULL,NULL,NULL,NULL,NULL,NULL,0.345,NULL,NULL,NULL,NULL,,NULL,0,0,2,2,N,N,NULL,NULL,98,9834,NULL,,Y,37.65554,37,39.333,NULL,-82.27299,82,16.379,NULL,N,NULL,NULL,NULL,NULL,NULL,NULL,NULL,NULL,1,97,NULL,6,1,1,2,2,1,3,N,NULL,Y,N,1534,1547,,N,NULL,90,,,N,,N,N,,NULL,NULL,2021,O,7.26175E+11,098-CR-1037  -000,LOW,098-CR-1037  -000,0.345,0,0,1,0,0,0,1,1,0,0,0,0,0
72620282,980100,2.021E+11,20210412,1349,,,KY3496,,,KY3496,KY3496,0,098 KY-3496,KY3496,N,N,NULL,NULL,NULL,N,NULL,NULL,NULL,NULL,NULL,NULL,0.201,NULL,NULL,NULL,NULL,,NULL,0,0,2,2,N,N,35,NULL,98,9801,NULL,,Y,37.46654,37,27.992,NULL,-82.53121,82,31.873,NULL,N,NULL,NULL,NULL,NULL,NULL,NULL,NULL,NULL,7,3,2,6,1,1,2,2,1,3,N,NULL,Y,N,1349,1353,,N,NULL,54,16,0,N,,N,N,098-KY-3496-0,NULL,NULL,2021,O,7.26203E+11,098-KY-3496  -000,HIGH,098-KY-3496  -000,0.201,0,0,0,0,0,0,0,0,0,0,0,1,0
72600025,KSP0900,21-85971,20210304,703,,,US460,,,US0460,US0460,0,098 US-460,US0460,N,N,NULL,NULL,NULL,N,NULL,NULL,NULL,NULL,NULL,NULL,9.498,NULL,NULL,NULL,NULL,,NULL,1,0,1,1,N,N,45,NULL,98,9802,4,W,N,37.36772,37,22.063,NULL,-82.4117,82,24.702,NULL,N,NULL,NULL,NULL,NULL,NULL,NULL,NULL,NULL,9,4,2,3,1,1,2,2,7,3,Y,NULL,Y,N,703,720,810,N,NULL,40,,1,N,,N,N,098-US-0460-0,NULL,NULL,2021,C,7.26E+11,098-US-0460  -000,HIGH,098-US-0460  -000,9.498,0,0,0,0,0,0,0,0,0,0,0,1,0
72507870,KSP0900,20-20264,20200529,1400,,,US119,,,US0119,US0119,0,098 US-119-10,US0119,N,N,NULL,NULL,NULL,N,NULL,NULL,NULL,NULL,NULL,NULL,23.894,NULL,NULL,NULL,NULL,,NULL,0,0,2,2,N,N,55,NULL,98,9834,NULL,,Y,37.65424,37,39.254,NULL,-82.26933,82,16.16,NULL,N,NULL,NULL,NULL,NULL,NULL,NULL,NULL,NULL,8,3,4,6,1,1,3,2,7,3,N,NULL,N,N,1400,1415,1420,N,NULL,53,2,1,N,,N,N,098-US-0119-10,NULL,NULL,2020,O,7.25079E+11,098-US-0119  -010,HIGH,098-US-0119  -000,23.894,0,0,0,0,0,0,1,0,0,0,0,1,0
72592387,980100,2.021E+11,20210208,1342,,,CASSIDY,,BLVD,,,,,,N,N,NULL,NULL,NULL,N,NULL,NULL,NULL,NULL,NULL,NULL,0.392,NULL,NULL,NULL,NULL,,NULL,0,0,2,2,N,N,25,NULL,98,9801,NULL,,Y,37.50478,37,30.287,NULL,-82.53847,82,32.308,NULL,N,NULL,NULL,NULL,NULL,NULL,NULL,NULL,NULL,1,3,2,6,1,1,2,2,1,3,N,NULL,Y,N,1342,1345,,N,NULL,55,,,N,,N,N,,NULL,NULL,2021,O,7.25924E+11,098-CS-1191  -000,MEDIUM,098-CS-1191  -000,0.392,0,0,0,1,0,0,1,0,0,0,0,0,0
72530708,980100,2.02E+11,20200810,821,,,US23,,,US0023,US0023,,,,N,N,NULL,NULL,NULL,N,NULL,NULL,NULL,NULL,NULL,NULL,22.057,NULL,NULL,NULL,NULL,,NULL,0,0,3,3,N,N,55,NULL,98,9801,NULL,,Y,37.4581,37,27.486,NULL,-82.51733,82,31.04,NULL,N,NULL,NULL,NULL,NULL,NULL,NULL,NULL,NULL,5,3,4,6,1,1,2,2,2,3,N,NULL,Y,N,821,821,824,N,NULL,49,,1,N,,N,N,,NULL,NULL,2020,O,7.25307E+11,098-US-0023  -000,MEDIUM,098-US-0023  -000,22.057,0,0,0,0,0,0,0,1,0,0,0,0,0
72530757,KSP0900,20-641725,20200809,1944,,,US23,,,US0023,US0023,0,098 US-23,US0023,N,N,NULL,NULL,NULL,N,NULL,NULL,NULL,NULL,NULL,NULL,29.311,NULL,NULL,NULL,NULL,,NULL,0,0,2,2,N,N,45,NULL,98,9807,NULL,,Y,37.52781,37,31.669,NULL,-82.57465,82,34.479,NULL,N,NULL,NULL,NULL,NULL,NULL,NULL,NULL,NULL,5,3,6,6,1,1,2,2,1,3,N,NULL,Y,N,2006,2024,,N,NULL,49,,1,N,,N,N,098-US-0023-0,NULL,NULL,2020,O,7.25308E+11,098-US-0023  -000,HIGH,098-US-0023  -000,29.311,0,0,0,1,0,0,0,0,0,0,0,0,0
72535682,980100,2.02E+11,20200826,1319,,911,BYPASS,S,RD,KY1426,KY1426,0,098 KY-1426,KY1426,Y,N,NULL,NULL,NULL,N,NULL,NULL,NULL,NULL,NULL,NULL,5.694,NULL,NULL,NULL,NULL,,NULL,0,0,2,2,N,N,15,NULL,98,9801,NULL,,Y,37.47279,37,28.367,NULL,-82.5228,82,31.368,NULL,N,NULL,NULL,NULL,NULL,NULL,NULL,NULL,NULL,2,97,2,6,1,1,2,2,5,3,N,NULL,Y,N,1304,1310,1304,N,NULL,90,,0,N,,N,N,098-KY-1426-0,NULL,NULL,2020,O,7.25357E+11,098-KY-1426  -000,HIGH,098-KY-1426  -000,5.694,0,0,0,1,0,0,1,0,0,0,0,0,0
72563962,KSP0900,20-782481,20201111,1625,,,KY194,,,KY0194,KY0194,0,098 KY-194,KY0194,N,N,NULL,NULL,NULL,N,NULL,NULL,NULL,NULL,NULL,NULL,20.191,NULL,NULL,NULL,NULL,,NULL,2,0,3,3,N,N,55,NULL,98,9820,NULL,,Y,37.54626,37,32.776,NULL,-82.40118,82,24.071,NULL,N,NULL,NULL,NULL,NULL,NULL,NULL,NULL,NULL,7,3,2,6,1,5,6,2,7,3,Y,NULL,Y,Y,1627,1634,1728,N,NULL,54,6,0,Y,,N,N,098-KY-0194-0,NULL,NULL,2020,C,7.2564E+11,098-KY-0194  -000,HIGH,098-KY-0194  -000,20.191,0,0,0,0,0,0,0,1,1,0,0,1,0
72611729,KSP0900,21-133205,20210404,1036,,,US119,,,US0119,US0119,0,098 US-119,US0119,N,N,NULL,NULL,NULL,N,NULL,NULL,NULL,NULL,NULL,NULL,23.563,NULL,NULL,NULL,NULL,,NULL,0,0,1,1,N,N,5,NULL,98,9834,NULL,,Y,37.64962,37,38.977,NULL,-82.26765,82,16.059,NULL,N,NULL,NULL,NULL,NULL,NULL,NULL,NULL,NULL,9,97,1,6,2,5,2,2,1,3,N,NULL,Y,Y,1037,1115,1115,Y,NULL,70,2,1,N,,N,N,098-US-0119-0,NULL,NULL,2021,O,7.26117E+11,098-US-0119  -000,HIGH,098-US-0119  -000,23.563,0,0,0,1,0,0,1,0,0,1,0,0,0
72569492,KSP0900,20-806612,20201128,125,,,US119,,,US0119,US0119,,,,N,N,NULL,NULL,NULL,N,NULL,NULL,NULL,NULL,NULL,NULL,10.137,NULL,NULL,NULL,NULL,,NULL,0,0,1,1,N,N,55,NULL,98,9820,NULL,,Y,37.58407,37,35.044,NULL,-82.40422,82,24.253,NULL,N,NULL,NULL,NULL,NULL,NULL,NULL,NULL,NULL,9,3,4,6,1,1,2,6,7,3,N,NULL,Y,N,129,202,202,N,NULL,38,2,1,N,,N,N,,NULL,NULL,2020,O,7.25695E+11,098-US-0119  -010,MEDIUM,098-US-0119  -000,10.137,0,0,0,0,0,0,0,0,0,0,0,0,0
72559595,980100,2.02E+11,20201030,1427,,,MAYO,S,TRL,US0023,US0023,0,098 US-23-10,US0023,N,N,NULL,NULL,NULL,N,NULL,NULL,NULL,NULL,NULL,NULL,21.093,NULL,NULL,NULL,NULL,,NULL,0,0,1,1,N,N,55,NULL,98,9801,NULL,,Y,37.44634,37,26.781,NULL,-82.52599,82,31.559,NULL,N,NULL,NULL,NULL,NULL,NULL,NULL,NULL,NULL,9,3,4,3,1,1,3,2,7,3,N,NULL,Y,N,1428,1436,,N,NULL,38,,1,N,,N,N,098-US-0023-10,NULL,NULL,2020,O,7.25596E+11,098-US-0023  -010,HIGH,098-US-0023  -000,21.093,0,0,0,1,0,0,0,0,0,0,0,0,0
72559132,980100,2.02E+11,20201030,1425,,,CASSIDY,,BLVD,,,,,,Y,N,NULL,NULL,NULL,N,NULL,NULL,NULL,NULL,NULL,NULL,0.324,NULL,NULL,NULL,NULL,,NULL,0,0,2,2,N,N,NULL,NULL,98,9801,NULL,,Y,37.50524,37,30.314,NULL,-82.53734,82,32.24,NULL,N,NULL,NULL,NULL,NULL,NULL,NULL,NULL,NULL,2,97,NULL,6,1,1,2,2,1,3,N,NULL,Y,N,1426,1447,1447,N,NULL,90,,,Y,,N,N,,NULL,NULL,2020,O,7.25591E+11,098-CS-1191  -000,MEDIUM,098-CS-1191  -000,0.324,0,0,0,0,0,0,1,0,0,0,0,0,0
72524375,980100,2.02E+11,20200724,1234,,,LEE,,AVE,,,,,,Y,N,NULL,NULL,NULL,N,NULL,NULL,NULL,NULL,NULL,NULL,NULL,NULL,NULL,NULL,NULL,,NULL,0,0,1,1,N,N,NULL,NULL,98,9801,NULL,,Y,37.50162,37,30.097,NULL,-82.53429,82,32.057,NULL,N,NULL,NULL,NULL,NULL,NULL,NULL,NULL,NULL,9,97,1,6,1,1,2,2,1,3,N,NULL,Y,N,1234,1243,1243,Y,NULL,90,,,N,,N,N,,NULL,NULL,2020,O,7.25244E+11,098-CS-1202  -000,MEDIUM,098-CS-1202  -000,0.104,0,0,0,0,0,0,1,0,0,0,0,1,0
72592786,KSP0900,21-43175,20210202,940,,,LEFT FORK OF STANLEY,,FRK,,,0,098 CR-1366Q4,CR1366Q4,N,N,NULL,NULL,NULL,N,NULL,NULL,NULL,NULL,NULL,NULL,0.042,NULL,NULL,NULL,NULL,,NULL,0,1,1,1,N,N,25,NULL,98,9801,7,NE,N,37.60503,37,36.302,NULL,-82.4305,82,25.83,NULL,N,NULL,NULL,NULL,NULL,NULL,NULL,NULL,NULL,9,5,1,1,2,2,9,2,7,3,N,NULL,Y,Y,940,1100,1401,N,NULL,44,,,N,,N,N,098-CR-1366Q4-0,NULL,NULL,2021,K,7.25928E+11,098-CR-1366Q4-000,MEDIUM,098-CR-1366Q4-000,0.042,0,0,0,0,0,0,0,0,0,1,0,1,0
72572766,KSP0900,20-813166,20201203,518,,,US23,,,US0023,US0023,0,098 US-23,US0023,Y,N,NULL,NULL,NULL,N,NULL,NULL,NULL,NULL,NULL,NULL,10.974,NULL,NULL,NULL,NULL,,NULL,0,0,1,1,Y,N,55,NULL,98,9801,NULL,,Y,37.34963,37,20.978,NULL,-82.55018,82,33.01,NULL,N,NULL,NULL,NULL,NULL,NULL,NULL,NULL,NULL,9,97,4,6,1,1,2,6,5,3,N,NULL,Y,N,518,1157,518,Y,NULL,90,,1,N,,N,N,098-US-0023-0,NULL,NULL,2020,NULL,7.25728E+11,098-US-0023  -000,HIGH,098-US-0023  -000,10.974,0,0,0,0,0,0,1,0,0,0,0,1,0
72604322,980100,2.021E+11,20210312,1842,,,HAMBLEY,,BLVD,,,0,098 CS-1222,CS1222,N,N,NULL,NULL,NULL,N,NULL,NULL,NULL,NULL,NULL,NULL,0.118,NULL,NULL,NULL,NULL,,NULL,0,0,2,2,Y,N,25,NULL,98,9801,NULL,,Y,37.47464,37,28.478,NULL,-82.52528,82,31.517,NULL,N,NULL,NULL,NULL,NULL,NULL,NULL,NULL,NULL,8,3,2,6,1,1,2,2,6,3,N,NULL,Y,N,1842,1842,,N,NULL,47,,,Y,,N,N,098-CS-1222-0,NULL,NULL,2021,O,7.26043E+11,098-CS-1222  -000,HIGH,098-CS-1222  -000,0.118,0,0,0,0,0,0,0,0,1,0,0,0,0
72587494,980100,2.021E+11,20210123,1537,,655,HAMBLEY,,BLVD,,,0,098 CS-1222,CS1222,Y,N,NULL,NULL,NULL,N,NULL,NULL,NULL,NULL,NULL,NULL,0.804,NULL,NULL,NULL,NULL,,NULL,0,0,1,1,N,N,25,NULL,98,9801,NULL,,Y,37.48267,37,28.96,NULL,-82.51923,82,31.153,NULL,N,NULL,NULL,NULL,NULL,NULL,NULL,NULL,NULL,9,97,2,6,1,1,2,2,1,3,N,NULL,Y,N,1537,1541,,N,NULL,90,,,N,,N,N,098-CS-1222-0,NULL,NULL,2021,O,7.25875E+11,098-CS-1222  -000,HIGH,098-CS-1222  -000,0.804,0,0,0,0,0,0,1,0,0,0,0,0,0
72550667,980100,2.02E+11,20201008,1340,,183,CASSIDY,,BLVD,,,0,098 CS-1191,CS1191,Y,N,NULL,NULL,NULL,N,NULL,NULL,NULL,NULL,NULL,NULL,0.038,NULL,NULL,NULL,NULL,,NULL,0,0,2,2,N,N,NULL,NULL,98,9801,NULL,,Y,37.5037,37,30.222,NULL,-82.53278,82,31.967,NULL,N,NULL,NULL,NULL,NULL,NULL,NULL,NULL,NULL,2,97,1,6,1,1,2,2,1,3,N,NULL,Y,N,1340,1351,1351,N,NULL,90,,,N,,N,N,098-CS-1191-0,NULL,NULL,2020,O,7.25507E+11,098-CS-1191  -000,HIGH,098-CS-1191  -000,0.038,0,0,0,0,0,0,0,0,0,0,0,0,0
72583335,980100,2.021E+11,20210111,1053,,,KY3496,,,KY3496,KY3496,,,,Y,N,NULL,NULL,NULL,N,NULL,NULL,NULL,NULL,NULL,NULL,0.885,NULL,NULL,NULL,NULL,,NULL,0,0,2,2,N,N,NULL,NULL,98,9801,NULL,,Y,37.47208,37,28.325,NULL,-82.52796,82,31.678,NULL,N,NULL,NULL,NULL,NULL,NULL,NULL,NULL,NULL,1,97,0,6,1,1,2,2,1,3,N,NULL,Y,N,1053,1053,1123,N,NULL,90,16,0,N,,N,N,,NULL,NULL,2021,O,7.25833E+11,098-KY-3496  -000,MEDIUM,098-KY-3496  -000,0.885,0,0,1,1,0,0,1,0,0,0,0,0,0
72567584,KSP0900,20-798940,20201122,1412,,,FISHTRAP LAKE,,RD,,,,,,Y,N,NULL,NULL,NULL,N,NULL,NULL,NULL,NULL,NULL,NULL,0.176,NULL,NULL,NULL,NULL,,NULL,0,0,2,2,N,N,NULL,NULL,98,9849,NULL,,Y,37.43668,37,26.201,NULL,-82.34475,82,20.685,NULL,N,NULL,NULL,NULL,NULL,NULL,NULL,NULL,NULL,2,97,NULL,6,3,1,2,2,4,3,N,NULL,Y,N,1504,1515,,N,NULL,90,,,N,,N,N,,NULL,NULL,2020,O,7.25676E+11,098-CR-1137  -000,MEDIUM,098-CR-1137  -000,0.176,0,0,0,1,0,0,1,0,0,0,0,0,0
72545390,980100,2.02E+11,20200923,654,,,BYPASS,S,RD,KY1426,KY1426,0,098 KY-1426,KY1426,N,N,NULL,NULL,NULL,N,NULL,NULL,NULL,NULL,NULL,NULL,5.562,NULL,NULL,NULL,NULL,,NULL,0,0,3,3,N,N,55,NULL,98,9801,NULL,,Y,37.47233,37,28.34,NULL,-82.52512,82,31.507,NULL,N,NULL,NULL,NULL,NULL,NULL,NULL,NULL,NULL,5,3,2,6,1,1,2,5,1,3,N,NULL,Y,N,654,700,708,N,NULL,49,,0,N,,N,N,098-KY-1426-0,NULL,NULL,2020,O,7.25454E+11,098-KY-1426  -000,HIGH,098-KY-1426  -000,5.562,0,0,0,0,0,0,1,0,0,0,0,0,0
72552003,980100,2.02E+11,20201012,2116,,,THOMPSON,,RD,,,0,098 CS-1215,CS1215,N,N,NULL,NULL,NULL,N,NULL,NULL,NULL,NULL,NULL,NULL,0.249,NULL,NULL,NULL,NULL,,NULL,0,0,1,1,N,Y,25,NULL,98,9801,NULL,,Y,37.50745,37,30.447,NULL,-82.54804,82,32.882,NULL,N,NULL,NULL,NULL,NULL,NULL,NULL,NULL,NULL,9,3,2,6,1,1,2,6,7,3,N,NULL,Y,N,2116,2125,2125,N,NULL,70,,,N,,N,N,098-CS-1215-0,NULL,NULL,2020,O,7.2552E+11,098-CS-1215  -000,HIGH,098-CS-1215  -000,0.249,0,0,0,0,0,0,0,0,0,0,0,0,0
72552291,980100,2.02E+11,20201013,1047,,,HIBBARD,,ST,,,0,098 CS-1053,CS1053,Y,N,NULL,NULL,NULL,N,NULL,NULL,NULL,NULL,NULL,NULL,0.017,NULL,NULL,NULL,NULL,,NULL,0,0,2,2,N,N,NULL,NULL,98,9801,NULL,,Y,37.47334,37,28.4,NULL,-82.52682,82,31.609,NULL,N,NULL,NULL,NULL,NULL,NULL,NULL,NULL,NULL,2,97,NULL,6,1,1,3,2,1,3,N,NULL,Y,N,1047,1054,,N,NULL,90,,,N,,N,N,098-CS-1053-0,NULL,NULL,2020,O,7.25523E+11,098-CS-1053  -000,HIGH,098-CS-1053  -000,0.017,0,0,0,0,0,0,1,0,0,0,0,0,0
72621515,KSP0900,21-179927,20210504,2300,,,US52 CONNECTOR TO KY292,,,US0052,US0052,0,098 US-52-70,US0052,N,N,NULL,NULL,NULL,N,NULL,NULL,NULL,NULL,NULL,NULL,0.03,NULL,NULL,NULL,NULL,,NULL,0,0,1,1,N,N,25,NULL,98,9834,NULL,,Y,37.686,37,41.16,NULL,-82.29818,82,17.891,NULL,N,NULL,NULL,NULL,NULL,NULL,NULL,NULL,NULL,9,3,2,6,1,1,2,6,7,3,N,NULL,Y,N,2300,2325,2300,N,NULL,38,,,N,,N,N,098-US-0052-70,NULL,NULL,2021,O,7.26215E+11,098-US-0052  -070,HIGH,098-US-0052  -070,0.03,0,0,0,0,0,0,0,0,0,0,0,0,0
72579652,KSP0900,20-846695,20201228,1120,,,KY632,,,KY0632,KY0632,0,098 KY-632,KY0632,N,N,NULL,NULL,NULL,N,NULL,NULL,NULL,NULL,NULL,NULL,14.007,NULL,NULL,NULL,NULL,,NULL,0,0,2,2,N,N,35,NULL,98,9804,NULL,,Y,37.51447,37,30.868,NULL,-82.1525,82,9.15,NULL,N,NULL,NULL,NULL,NULL,NULL,NULL,NULL,NULL,3,3,2,3,1,5,3,2,7,3,N,NULL,Y,N,1120,1140,1200,N,NULL,52,6,0,Y,,N,N,098-KY-0632-0,NULL,NULL,2020,O,7.25797E+11,098-KY-0632  -000,HIGH,098-KY-0632  -000,14.007,0,0,0,0,0,0,0,1,0,1,0,1,0
72571881,KSP0900,20-786403,20201113,30,,,US23,,,US0023,US0023,0,098 US-23,US0023,N,N,NULL,NULL,NULL,N,NULL,NULL,NULL,NULL,NULL,NULL,3.583,NULL,NULL,NULL,NULL,,NULL,0,0,1,1,N,N,55,NULL,98,9809,NULL,,Y,37.2775,37,16.65,NULL,-82.58966,82,35.38,NULL,N,NULL,NULL,NULL,NULL,NULL,NULL,NULL,NULL,9,3,4,1,1,5,6,6,7,3,N,NULL,N,N,30,50,50,N,NULL,38,,1,N,,N,N,098-US-0023-0,NULL,NULL,2020,O,7.25719E+11,098-US-0023  -000,HIGH,098-US-0023  -000,3.583,0,0,0,0,0,0,0,0,0,0,0,0,0
72557936,KSP0900,20-755710,20201024,1202,,,FISHTRAP,,RD,KY1441,KY1441,0,098 KY-1441,KY1441,N,N,NULL,NULL,NULL,N,NULL,NULL,NULL,NULL,NULL,NULL,3.262,NULL,NULL,NULL,NULL,,NULL,0,0,1,1,N,N,35,NULL,98,9832,NULL,,Y,37.43498,37,26.099,NULL,-82.4274,82,25.644,NULL,N,NULL,NULL,NULL,NULL,NULL,NULL,NULL,NULL,9,3,2,6,1,5,2,2,7,3,N,NULL,Y,N,1204,1218,,N,NULL,70,8,0,N,,N,N,098-KY-1441-0,NULL,NULL,2020,O,7.25579E+11,098-KY-1441  -000,HIGH,098-KY-1441  -000,3.262,0,0,0,0,0,0,0,0,0,0,0,1,0
72578847,KSP0900,20-843563,20201225,1530,,,GREASY,,CRK,KY3226,KY3226,0,098 KY-3226,KY3226,N,N,NULL,NULL,NULL,N,NULL,NULL,NULL,NULL,NULL,NULL,0.385,NULL,NULL,NULL,NULL,,NULL,0,0,2,2,N,N,55,NULL,98,9824,NULL,,Y,37.38417,37,23.05,NULL,-82.47351,82,28.411,NULL,N,NULL,NULL,NULL,NULL,NULL,NULL,NULL,NULL,1,3,2,6,1,2,9,2,7,3,N,NULL,N,N,1530,1540,1558,N,NULL,55,8,0,N,,N,N,098-KY-3226-0,NULL,NULL,2020,O,7.25788E+11,098-KY-3226  -000,HIGH,098-KY-3226  -000,0.385,0,0,0,0,0,0,0,1,0,0,0,0,0