MasterFile,AgencyORINumber,LocalCode,CollisionDate,CollisionTime,CollisionDayWeekCode,RoadwayName_HouseBusinessNumber_,RoadwayName_RoadwayName_,RoadwayName_Direction_,RoadwayName_RoadwaySuffix_,RoadwayfromReport,CurrentRoadwayNumber,RoadwayNumberCoupletID,RSEUniqueGIS,RoadwayIdentifier,ParkingLotIndicator,IntersectionWith_Indicator_,IntersectionWith_NameRoadway_,IntersectionWith_Direction_,IntersectionWith_RoadwaySuffix_,BetweenStreets_Indicator_,BetweenStreets1_NameRoadway_,BetweenStreet1_Direction_,BetweenStreets1_RoadwaySuffix_,BetweenStreets2_NameRoadway_,BetweenStreets2_Direction_,BetweenStreets2_RoadwaySuffix_,Milepoint,ReportMilepointDeriveNumber,CurrentDerivedMiepointNumber,MilestoMilepoint,FeettoMilepoint,DirectionfromMilepoint_NSEW_,ValidMilepointIndicator,NumberInjured,NumberKilled,ofUnits,ofMotorVehicleUnits,Hit&RunIndicator,OneWayIndicator,SpeedLimitNumber,KilometersIndicator,CountyCode,CityCountyCode,MilesFromCity,DirectionFromCity_NSEW_,InCityLimitsIndicator,Latitude,LatitudeDegrees,LatitudeMinutes,LatitudeSeconds,Longitude,LongitudeDegrees,LongitudeMinutes,LongitudeSeconds,RampIndicator,RampFromIdentifier,RampFromDirCode,RampFromCoupletID,RSEUniqueGISRampFrom,RampToidentifier,RampToDirCode,RampToCoupletID,RSEUniqueGisRampTo,MannerofCollisionCode,LocationFirstEventCode,TotalLanes,RoadwayCharacterCode,RoadwaySurfaceCode,RoadwayConditionCode,WeatherCode,LightConditionCode,LandUseCode,SchoolBusRelatedCode,FirstAidSceneIndicator,CollDescPresentInd,InvestigationCompleteIndicator,PhotosTakenIndicator,TimeNotified,TimeArrived,TimeRoadwayOpened,PropertyDamageIndicator,DiagramPresentIndicator,DirectionalAnalysis,FunctionClassCode,NationalHwySysCode,EnforcementsIndicator,KARSCityCode,SecondaryCollisionIndicator,MedianCrossoverIndicator,RT_UNIQUE,MapIt,TimeLastLeft,YR,KABCO,MFNY,WorkingRID,RT_CONFIDENCE,KTC_RT,KTC_MP,Motorcyclist,CommercialVehicle,YoungDriver,MatureDriver,pedestrian,Bicyclist,Distracted,agressive,Impaired,Unrestrained,Intersection,RoadwayDeparture,MedXover
72551018,980100,2.02E+12,20201009,1403,,,US23,,,US0023,US0023,0,098 US-23,US0023,N,N,NULL,NULL,NULL,N,NULL,NULL,NULL,NULL,NULL,NULL,32.023,NULL,NULL,NULL,NULL,,NULL,3,0,2,2,N,N,55,NULL,98,9801,NULL,,Y,37.53752,37,32.251,NULL,-82.60925,82,36.555,NULL,N,NULL,NULL,NULL,NULL,NULL,NULL,NULL,NULL,4,3,4,6,1,1,2,2,7,3,Y,NULL,Y,Y,1403,1414,1500,N,NULL,70,,1,N,,N,N,098-US-0023-0,NULL,NULL,2020,C,7.2551E+11,098-US-0023  -000,HIGH,098-US-0023  -000,32.023,0,0,0,1,0,0,1,1,0,0,0,0,0
72550153,980500,2020AR056,20201007,1644,,4321,N MAYO TRAIL,,,,,,,,Y,N,NULL,NULL,NULL,N,NULL,NULL,NULL,NULL,NULL,NULL,NULL,NULL,NULL,NULL,NULL,NULL,NULL,0,0,2,2,N,N,NULL,NULL,98,9807,NULL,,Y,37.52523,37,31.514,NULL,-82.57376,82,34.425,NULL,N,NULL,NULL,NULL,NULL,NULL,NULL,NULL,NULL,2,97,NULL,6,1,1,2,2,1,3,N,NULL,Y,N,1644,1644,1649,N,NULL,90,,,N,,N,N,,NULL,NULL,2020,O,7.25502E+11,098-US-0023  -010,MEDIUM,098-US-0023  -000,29.131,0,0,0,1,0,0,0,0,0,0,0,0,0
72611730,KSP0900,21-140230,20210408,1655,,,PETER FORK,,RD,,,0,098 CR-1527,CR1527,N,N,NULL,NULL,NULL,N,NULL,NULL,NULL,NULL,NULL,NULL,1.558,NULL,NULL,NULL,NULL,,NULL,0,0,2,2,N,N,35,NULL,98,9863,NULL,,Y,37.57218,37,34.331,NULL,-82.16519,82,9.911,NULL,N,NULL,NULL,NULL,NULL,NULL,NULL,NULL,NULL,7,3,1,1,1,5,3,2,7,3,N,NULL,Y,Y,1804,1849,1905,N,NULL,44,,,N,,N,N,098-CR-1527-0,NULL,NULL,2021,O,7.26117E+11,098-CR-1527  -000,HIGH,098-CR-1527  -000,1.558,0,0,0,0,0,0,0,1,0,0,0,1,0
72562066,980100,2.02E+11,20201030,1946,,254,CASSIDY BLVD,,,,,,,,Y,N,NULL,NULL,NULL,N,NULL,NULL,NULL,NULL,NULL,NULL,NULL,NULL,NULL,NULL,NULL,,NULL,0,0,2,2,N,Y,15,NULL,98,9801,NULL,,Y,37.50513,37,30.308,NULL,-82.53748,82,32.249,NULL,N,NULL,NULL,NULL,NULL,NULL,NULL,NULL,NULL,2,97,1,6,1,1,2,5,1,3,N,NULL,Y,N,1946,1954,1954,N,NULL,90,,,N,,N,N,,NULL,NULL,2020,O,7.25621E+11,098-CS-1191  -000,MEDIUM,098-CS-1191  -000,0.332,0,0,0,0,0,0,0,0,0,0,0,0,0
72504404,KSP0900,20-18769,20200519,1530,,,US119,,,US0119,US0119,0,098 US-119,US0119,N,N,NULL,NULL,NULL,N,NULL,NULL,NULL,NULL,NULL,NULL,20.546,NULL,NULL,NULL,NULL,,NULL,0,0,2,2,N,N,45,NULL,98,9814,NULL,,Y,37.61789,37,37.073,NULL,-82.27258,82,16.355,NULL,N,NULL,NULL,NULL,NULL,NULL,NULL,NULL,NULL,1,3,2,3,1,5,3,2,7,3,N,NULL,Y,N,1530,1530,1540,N,NULL,47,2,1,N,,N,N,098-US-0119-0,NULL,NULL,2020,O,7.25044E+11,098-US-0119  -000,HIGH,098-US-0119  -000,20.546,0,0,1,0,0,0,1,0,0,0,0,1,0
72620892,KSP0900,21-177339,20210503,1116,,,KY194,,,KY0194,KY0194,0,098 KY-194,KY0194,N,N,NULL,NULL,NULL,N,NULL,NULL,NULL,NULL,NULL,NULL,23.8,NULL,NULL,NULL,NULL,,NULL,3,0,2,2,N,N,55,NULL,98,9817,NULL,,Y,37.53044,37,31.826,NULL,-82.37061,82,22.236,NULL,N,NULL,NULL,NULL,NULL,NULL,NULL,NULL,NULL,3,3,2,3,1,5,3,2,7,3,Y,NULL,Y,Y,1116,1138,1250,N,NULL,52,6,0,N,,N,N,098-KY-0194-0,NULL,NULL,2021,A,7.26209E+11,098-KY-0194  -000,HIGH,098-KY-0194  -000,23.8,0,0,1,1,0,0,1,0,0,0,0,1,0
72586673,980100,2.021E+11,20210116,1355,,,US23,,,US0023,US0023,,,,N,N,NULL,NULL,NULL,N,NULL,NULL,NULL,NULL,NULL,NULL,26.221,NULL,NULL,NULL,NULL,,NULL,3,0,3,3,N,N,55,NULL,98,9801,NULL,,Y,37.50286,37,30.171,NULL,-82.53232,82,31.939,NULL,N,NULL,NULL,NULL,NULL,NULL,NULL,NULL,NULL,5,3,4,6,1,5,3,2,7,3,Y,NULL,Y,N,1356,1403,1423,N,NULL,70,,1,Y,,N,N,,NULL,NULL,2021,C,7.25867E+11,098-US-0023  -010,MEDIUM,098-US-0023  -000,26.221,0,0,0,0,0,0,1,0,0,0,0,0,0
72599006,980100,2.021E+11,20210301,1047,,,KY3496,,,KY3496,KY3496,0,098 KY-3496,KY3496,Y,N,NULL,NULL,NULL,N,NULL,NULL,NULL,NULL,NULL,NULL,0.707,NULL,NULL,NULL,NULL,,NULL,0,0,2,2,N,N,15,NULL,98,9801,NULL,,Y,37.47201,37,28.321,NULL,-82.53063,82,31.838,NULL,N,NULL,NULL,NULL,NULL,NULL,NULL,NULL,NULL,5,97,1,6,1,5,3,2,1,3,N,NULL,Y,N,1047,1059,1059,N,NULL,90,16,0,N,,N,N,098-KY-3496-0,NULL,NULL,2021,O,7.2599E+11,098-KY-3496  -000,HIGH,098-KY-3496  -000,0.707,0,0,0,1,0,0,0,0,0,0,0,0,0
72594054,KSP0900,21-49114,20210206,1400,,,US119,,,US0119,US0119,0,098 US-119,US0119,Y,N,NULL,NULL,NULL,N,NULL,NULL,NULL,NULL,NULL,NULL,24.381,NULL,NULL,NULL,NULL,,NULL,0,0,2,2,Y,N,5,NULL,98,9834,NULL,,Y,37.66077,37,39.646,NULL,-82.27347,82,16.408,NULL,N,NULL,NULL,NULL,NULL,NULL,NULL,NULL,NULL,2,97,4,4,1,1,2,2,1,3,N,NULL,Y,Y,1423,1457,1457,N,NULL,90,2,1,N,,N,N,098-US-0119-0,NULL,NULL,2021,O,7.25941E+11,098-US-0119  -000,HIGH,098-US-0119  -000,24.381,0,0,0,0,0,0,1,0,0,0,0,0,0
72594179,KSP0900,2021-57790,20210212,1850,,,US119,,,US0119,US0119,0,098 US-119,US0119,Y,N,NULL,NULL,NULL,N,NULL,NULL,NULL,NULL,NULL,NULL,22.557,NULL,NULL,NULL,NULL,,NULL,0,0,2,2,N,N,55,NULL,98,9834,NULL,,Y,37.63957,37,38.374,NULL,-82.25873,82,15.524,NULL,N,NULL,NULL,NULL,NULL,NULL,NULL,NULL,NULL,2,97,2,6,1,5,2,5,1,3,N,NULL,N,N,1830,1850,1850,N,NULL,90,2,1,N,,N,N,098-US-0119-0,NULL,NULL,2021,O,7.25942E+11,098-US-0119  -000,HIGH,098-US-0119  -000,22.557,0,0,0,0,0,0,1,0,0,0,0,0,0
72548414,980100,2.02E+11,20201002,856,,911,BYPASS,S,RD,KY1426,KY1426,0,098 KY-1426,KY1426,Y,N,NULL,NULL,NULL,N,NULL,NULL,NULL,NULL,NULL,NULL,5.671,NULL,NULL,NULL,NULL,,NULL,0,0,2,2,N,N,15,NULL,98,9801,NULL,,Y,37.47268,37,28.361,NULL,-82.52319,82,31.391,NULL,N,NULL,NULL,NULL,NULL,NULL,NULL,NULL,NULL,2,97,2,6,1,1,2,2,5,3,N,NULL,Y,N,856,907,907,N,NULL,90,,0,N,,N,N,098-KY-1426-0,NULL,NULL,2020,O,7.25484E+11,098-KY-1426  -000,HIGH,098-KY-1426  -000,5.671,0,0,0,0,0,0,0,0,0,0,0,0,0
72543249,KSP0900,20-702395,20200917,1242,,,MARROWBONE CREEK,,RD,KY0195,KY0195,0,098 KY-195,KY0195,N,N,NULL,NULL,NULL,N,NULL,NULL,NULL,NULL,NULL,NULL,10.268,NULL,NULL,NULL,NULL,,NULL,0,0,2,2,N,N,35,NULL,98,9830,NULL,,Y,37.35464,37,21.278,NULL,-82.42501,82,25.501,NULL,N,NULL,NULL,NULL,NULL,NULL,NULL,NULL,NULL,1,3,2,2,1,5,6,2,7,3,N,NULL,Y,N,1241,1253,,N,NULL,55,7,0,N,,N,N,098-KY-0195-0,NULL,NULL,2020,O,7.25432E+11,098-KY-0195  -000,HIGH,098-KY-0195  -000,10.268,0,0,0,0,0,0,0,0,0,0,0,0,0
72612954,980100,2.021E+11,20210411,1343,,,HAMBLEY,,BLVD,,,0,098 CS-1222,CS1222,N,N,NULL,NULL,NULL,N,NULL,NULL,NULL,NULL,NULL,NULL,0.002,NULL,NULL,NULL,NULL,,NULL,3,0,2,2,N,N,45,NULL,98,9801,NULL,,Y,37.47403,37,28.442,NULL,-82.52726,82,31.636,NULL,N,NULL,NULL,NULL,NULL,NULL,NULL,NULL,NULL,3,3,4,6,1,1,2,2,7,3,N,NULL,Y,Y,1343,1345,1544,N,NULL,52,,,N,,N,N,098-CS-1222-0,NULL,NULL,2021,B,7.2613E+11,098-CS-1222  -000,HIGH,098-CS-1222  -000,0.002,0,0,1,0,0,0,0,1,0,0,0,1,0
72541435,980100,2.02E+12,20200911,1547,,254,CASSIDY BLVD,,,,,,,,Y,N,NULL,NULL,NULL,N,NULL,NULL,NULL,NULL,NULL,NULL,NULL,NULL,NULL,NULL,NULL,,NULL,0,0,2,2,N,N,15,NULL,98,9801,NULL,,Y,37.50604,37,30.362,NULL,-82.53951,82,32.371,NULL,N,NULL,NULL,NULL,NULL,NULL,NULL,NULL,NULL,6,97,1,6,1,1,2,2,1,3,N,NULL,Y,N,1547,1601,1601,N,NULL,90,,,N,,N,N,,NULL,NULL,2020,O,7.25414E+11,098-CS-1215  -000,MEDIUM,098-CS-1215  -000,0.707,0,0,0,1,0,0,0,0,0,0,0,0,0
72571562,980100,2.02E+11,20201203,823,,240,BOB AMOS,,DR,,,0,098 CS-1025,CS1025,Y,N,NULL,NULL,NULL,N,NULL,NULL,NULL,NULL,NULL,NULL,0.377,NULL,NULL,NULL,NULL,,NULL,0,0,2,2,N,N,NULL,NULL,98,9801,NULL,,Y,37.47444,37,28.466,NULL,-82.54031,82,32.419,NULL,N,NULL,NULL,NULL,NULL,NULL,NULL,NULL,NULL,2,97,1,6,1,1,2,2,1,3,N,NULL,Y,N,823,839,839,N,NULL,90,,,N,,N,N,098-CS-1025-0,NULL,NULL,2020,O,7.25716E+11,098-CS-1025  -000,HIGH,098-CS-1025  -000,0.377,0,0,0,0,0,0,1,0,0,0,0,0,0
72582535,KSP0900,21-2835,20210103,521,,,KY632,,,KY0632,KY0632,0,098 KY-632,KY0632,N,N,NULL,NULL,NULL,N,NULL,NULL,NULL,NULL,NULL,NULL,12.976,NULL,NULL,NULL,NULL,,NULL,1,0,2,2,N,N,35,NULL,98,9804,NULL,,Y,37.50459,37,30.275,NULL,-82.16068,82,9.641,NULL,N,NULL,NULL,NULL,NULL,NULL,NULL,NULL,NULL,3,3,2,3,1,5,2,6,7,3,N,NULL,Y,Y,529,623,730,N,NULL,52,6,0,N,,N,N,098-KY-0632-0,NULL,NULL,2021,C,7.25825E+11,098-KY-0632  -000,MEDIUM,098-KY-0632  -000,12.976,0,0,1,0,0,0,0,0,0,0,0,1,0
72548257,KSP0900,20-704362,20200918,1820,,,US460,,,US0460,US0460,0,098 US-460,US0460,N,N,NULL,NULL,NULL,N,NULL,NULL,NULL,NULL,NULL,NULL,2.648,NULL,NULL,NULL,NULL,,NULL,0,0,2,2,N,N,55,NULL,98,9824,NULL,,Y,37.43153,37,25.892,NULL,-82.48143,82,28.886,NULL,N,NULL,NULL,NULL,NULL,NULL,NULL,NULL,NULL,5,3,2,6,1,1,2,2,7,3,N,NULL,N,N,1620,1640,1640,N,NULL,49,,1,N,,N,N,098-US-0460-0,NULL,NULL,2020,O,7.25483E+11,098-US-0460  -000,HIGH,098-US-0460  -000,2.648,0,0,0,0,0,0,1,0,0,0,0,0,0
72543688,980100,2.02E+11,20200917,2042,,,MAYO,S,TRL,US0023,US0023,0,098 US-23,US0023,N,N,NULL,NULL,NULL,N,NULL,NULL,NULL,NULL,NULL,NULL,20.975,NULL,NULL,NULL,NULL,,NULL,1,0,1,1,N,N,55,NULL,98,9801,NULL,,Y,37.44464,37,26.678,NULL,-82.52542,82,31.525,NULL,N,NULL,NULL,NULL,NULL,NULL,NULL,NULL,NULL,9,97,4,3,1,5,5,5,1,3,Y,NULL,Y,Y,2042,2042,2042,Y,NULL,70,,1,N,,N,N,098-US-0023-0,NULL,NULL,2020,C,7.25437E+11,098-US-0023  -000,HIGH,098-US-0023  -000,20.975,0,0,0,0,0,0,0,0,0,1,0,0,0
72590549,980100,2.021E+11,20210127,1207,,231,HIBBARD,,ST,,,0,098 CS-1053,CS1053,Y,N,NULL,NULL,NULL,N,NULL,NULL,NULL,NULL,NULL,NULL,0.015,NULL,NULL,NULL,NULL,,NULL,0,0,2,2,Y,N,NULL,NULL,98,9801,NULL,,Y,37.47342,37,28.405,NULL,-82.52697,82,31.618,NULL,N,NULL,NULL,NULL,NULL,NULL,NULL,NULL,NULL,2,97,1,6,1,1,2,2,1,3,N,NULL,Y,N,1207,1213,1213,N,NULL,90,,,N,,N,N,098-CS-1053-0,NULL,NULL,2021,O,7.25905E+11,098-CS-1053  -000,HIGH,098-CS-1053  -000,0.015,0,0,0,0,0,0,0,0,0,0,0,0,0
72571783,980100,2.02E+11,20201204,1821,,,ZIEGLER,,DR,,,0,098 CR-1408,CR1408,N,Y,US23,,,N,NULL,NULL,NULL,NULL,NULL,NULL,0.001,NULL,NULL,NULL,NULL,,NULL,0,0,2,2,N,N,55,NULL,98,9801,NULL,,Y,37.5374,37,32.244,NULL,-82.60503,82,36.302,NULL,N,NULL,NULL,NULL,NULL,NULL,NULL,NULL,NULL,1,3,4,6,1,5,6,6,6,3,N,NULL,Y,N,1821,1852,,N,NULL,8,,,N,,N,N,098-CR-1408-0,NULL,NULL,2020,O,7.25718E+11,098-CR-1408  -000,HIGH,098-CR-1408  -000,0.001,0,0,0,0,0,0,1,0,0,0,1,0,0
72631901,980500,2021AR022,20210603,1441,,35,WEDDINGTON BRANCH ROAD,,,,,,,,Y,N,NULL,NULL,NULL,N,NULL,NULL,NULL,NULL,NULL,NULL,NULL,NULL,NULL,NULL,NULL,NULL,NULL,0,0,2,2,N,N,15,NULL,98,9807,NULL,,Y,37.52246,37,31.348,NULL,-82.57036,82,34.221,NULL,N,NULL,NULL,NULL,NULL,NULL,NULL,NULL,NULL,2,97,NULL,6,1,1,2,2,5,3,N,NULL,Y,Y,1441,1445,1445,N,NULL,90,,,N,,N,N,,NULL,NULL,2021,O,7.26319E+11,098-CS-3026  -000,MEDIUM,098-CS-3026  -000,0.011,0,0,0,0,0,0,1,0,0,0,0,0,0
72555610,KSP0900,20-752288,20201022,615,,,US119,,,US0119,US0119,0,098 US-119,US0119,N,N,NULL,NULL,NULL,N,NULL,NULL,NULL,NULL,NULL,NULL,12.053,NULL,NULL,NULL,NULL,,NULL,0,0,1,1,N,N,55,NULL,98,9833,NULL,,Y,37.59621,37,35.773,NULL,-82.37322,82,22.393,NULL,N,NULL,NULL,NULL,NULL,NULL,NULL,NULL,NULL,9,3,2,1,1,1,2,6,7,3,N,NULL,Y,N,700,730,700,N,NULL,38,2,1,N,,N,N,098-US-0119-0,NULL,NULL,2020,O,7.25556E+11,098-US-0119  -000,HIGH,098-US-0119  -000,12.053,0,0,0,0,0,0,0,0,0,0,0,0,0
72557133,KSP0900,20-741220,20201014,1340,,,KY194,,,KY0194,KY0194,0,098 KY-194,KY0194,N,N,NULL,NULL,NULL,N,NULL,NULL,NULL,NULL,NULL,NULL,24.516,NULL,NULL,NULL,NULL,,NULL,0,0,2,2,N,N,55,NULL,98,9817,NULL,,Y,37.52204,37,31.322,NULL,-82.36712,82,22.027,NULL,N,NULL,NULL,NULL,NULL,NULL,NULL,NULL,NULL,8,3,2,3,1,1,3,2,7,3,N,NULL,Y,N,1341,1410,1415,N,NULL,53,6,0,N,,N,N,098-KY-0194-0,NULL,NULL,2020,O,7.25571E+11,098-KY-0194  -000,HIGH,098-KY-0194  -000,24.516,1,0,0,0,0,0,1,0,0,0,0,1,0
72580708,KSP0900,20-780339,20201110,600,,,WILLIAMSON,,RD,KY0292,KY0292,0,098 KY-292,KY0292,N,N,NULL,NULL,NULL,N,NULL,NULL,NULL,NULL,NULL,NULL,5.233,NULL,NULL,NULL,NULL,,NULL,0,0,2,2,N,N,45,NULL,98,9834,NULL,,Y,37.67313,37,40.388,NULL,-82.28342,82,17.005,NULL,N,NULL,NULL,NULL,NULL,NULL,NULL,NULL,NULL,7,3,2,6,1,1,3,6,7,3,N,NULL,Y,N,601,630,800,N,NULL,47,7,0,Y,,N,N,098-KY-0292-0,NULL,NULL,2020,O,7.25807E+11,098-KY-0292  -000,HIGH,098-KY-0292  -000,5.233,0,0,0,0,0,0,1,0,0,0,0,0,0
72569179,KSP0900,20-784628,20201112,2325,,,KY1426,,,KY1426,KY1426,0,098 KY-1426,KY1426,N,N,NULL,NULL,NULL,N,NULL,NULL,NULL,NULL,NULL,NULL,16.753,NULL,NULL,NULL,NULL,,NULL,0,0,1,1,N,N,45,NULL,98,9820,NULL,,Y,37.57142,37,34.285,NULL,-82.43835,82,26.301,NULL,N,NULL,NULL,NULL,NULL,NULL,NULL,NULL,NULL,9,5,2,6,1,1,2,6,7,3,N,NULL,Y,Y,2325,2328,52,Y,NULL,51,7,0,N,,N,N,098-KY-1426-0,NULL,NULL,2020,O,7.25692E+11,098-KY-1426  -000,HIGH,098-KY-1426  -000,16.753,0,1,0,0,0,0,1,0,0,0,0,1,0
72618481,980000, 21-04-004,20210327,1520,,,27678 ROSEBUD LANE INTERSECTION,,,,,,,,N,Y,US119N,,,N,NULL,NULL,NULL,NULL,NULL,NULL,NULL,NULL,NULL,NULL,NULL,NULL,NULL,0,0,2,2,N,N,45,NULL,98,9836,4,N,N,37.64832,37,38.899,NULL,-82.26765,82,16.059,NULL,N,NULL,NULL,NULL,NULL,NULL,NULL,NULL,NULL,5,3,4,6,1,1,2,2,7,3,N,NULL,Y,Y,1535,1540,,N,NULL,13,,,N,,N,N,,NULL,NULL,2021,O,7.26185E+11,098-US-0119  -010,MEDIUM,098-US-0119  -000,23.471,0,0,0,0,0,0,1,0,0,0,1,0,0
72614308,KSP0900,21-151015,20210415,1754,,,ROCKHOUSE,,FRK,,,0,098 CR-1395Q4,CR1395Q4,N,N,NULL,NULL,NULL,N,NULL,NULL,NULL,NULL,NULL,NULL,2.864,NULL,NULL,NULL,NULL,,NULL,0,0,2,2,N,N,35,NULL,98,9833,NULL,,Y,37.63905,37,38.343,NULL,-82.38035,82,22.821,NULL,N,NULL,NULL,NULL,NULL,NULL,NULL,NULL,NULL,3,3,1,3,1,1,2,2,7,3,N,NULL,Y,Y,1804,1833,1850,N,NULL,52,,,N,,N,N,098-CR-1395Q4-0,NULL,NULL,2021,O,7.26143E+11,098-CR-1395Q4-000,HIGH,098-CR-1395Q4-000,2.864,0,0,1,0,0,0,0,1,0,0,0,1,0
72607308,980100,2.021E+11,20210326,1025,,,KY1426,,,KY1426,KY1426,0,098 KY-1426,KY1426,Y,N,NULL,NULL,NULL,N,NULL,NULL,NULL,NULL,NULL,NULL,7.285,NULL,NULL,NULL,NULL,,NULL,0,0,2,2,N,N,10,NULL,98,9801,NULL,,Y,37.48957,37,29.374,NULL,-82.50407,82,30.244,NULL,N,NULL,NULL,NULL,NULL,NULL,NULL,NULL,NULL,2,97,2,6,1,1,2,2,1,3,N,NULL,Y,N,1025,1032,1044,N,NULL,90,,0,N,,N,N,098-KY-1426-0,NULL,NULL,2021,O,7.26073E+11,098-KY-1426  -000,HIGH,098-KY-1426  -000,7.285,0,0,0,0,0,0,1,0,0,0,0,0,0
72611001,980000,21-03-006,20210329,1500,,155,RIGHT FORK DRY,,FRK,,,0,098 CR-1259,CR1259,N,N,NULL,NULL,NULL,N,NULL,NULL,NULL,NULL,NULL,NULL,0.105,NULL,NULL,NULL,NULL,,NULL,0,0,2,2,N,N,10,NULL,98,9824,NULL,,Y,37.39559,37,23.735,NULL,-82.49673,82,29.804,NULL,N,NULL,NULL,NULL,NULL,NULL,NULL,NULL,NULL,2,3,2,4,1,1,2,2,7,3,N,NULL,Y,N,1500,1500,1500,N,NULL,47,,,N,,N,N,098-CR-1259-0,NULL,NULL,2021,O,7.2611E+11,098-CR-1259  -000,HIGH,098-CR-1259  -000,0.105,0,0,0,0,0,0,0,0,0,0,0,0,0
72614695,980100,2.021E+11,20210416,1427,,,CASSIDY,,BLVD,,,0,098 CS-1191,CS1191,N,N,NULL,NULL,NULL,N,NULL,NULL,NULL,NULL,NULL,NULL,0.032,NULL,NULL,NULL,NULL,,NULL,0,0,2,2,N,N,35,NULL,98,9801,NULL,,Y,37.50371,37,30.222,NULL,-82.53273,82,31.964,NULL,N,NULL,NULL,NULL,NULL,NULL,NULL,NULL,NULL,5,3,4,6,1,1,2,2,1,3,N,NULL,Y,N,1427,1432,1446,N,NULL,49,,,N,,N,N,098-CS-1191-0,NULL,NULL,2021,O,7.26147E+11,098-CS-1191  -000,HIGH,098-CS-1191  -000,0.032,0,0,1,0,0,0,1,0,0,0,0,0,0
72558755,KSP0900,20-72964,20201006,1330,,,HARVE VARNEY,,RD,,,0,098 CR-1559,CR1559,N,N,NULL,NULL,NULL,N,NULL,NULL,NULL,NULL,NULL,NULL,0.186,NULL,NULL,NULL,NULL,,NULL,3,1,1,1,N,N,15,NULL,98,9872,NULL,,Y,37.56385,37,33.831,NULL,-82.24879,82,14.928,NULL,N,NULL,NULL,NULL,NULL,NULL,NULL,NULL,NULL,9,5,1,4,1,1,2,2,7,3,Y,NULL,Y,Y,1330,1408,,N,NULL,51,,,N,,N,N,098-CR-1559-0,NULL,NULL,2020,K,7.25588E+11,098-CR-1559  -000,HIGH,098-CR-1559  -000,0.186,1,0,1,0,0,0,0,0,0,0,0,1,0
72584587,KSP0900,21-17183,20210113,1705,,,ELKHORN,,CRK,KY0197,KY0197,,,,N,N,NULL,NULL,NULL,N,NULL,NULL,NULL,NULL,NULL,NULL,4.69,NULL,NULL,NULL,NULL,,NULL,1,0,2,2,N,N,55,NULL,98,9864,NULL,,Y,37.24174,37,14.504,NULL,-82.50835,82,30.501,NULL,N,NULL,NULL,NULL,NULL,NULL,NULL,NULL,NULL,1,3,2,6,1,1,2,2,7,3,Y,NULL,Y,Y,1710,1717,1705,N,NULL,55,7,0,N,,N,N,,NULL,NULL,2021,A,7.25846E+11,098-KY-0197  -000,MEDIUM,098-KY-0197  -000,4.69,0,0,1,0,0,0,1,0,0,0,0,0,0
72609113,980100,2.021E+11,20210327,1417,,,US23,,,US0023,US0023,,,,N,N,NULL,NULL,NULL,N,NULL,NULL,NULL,NULL,NULL,NULL,27.836,NULL,NULL,NULL,NULL,,NULL,0,0,2,2,N,N,55,NULL,98,9807,NULL,,Y,37.51341,37,30.805,NULL,-82.55618,82,33.371,NULL,N,NULL,NULL,NULL,NULL,NULL,NULL,NULL,NULL,5,3,2,6,1,5,6,2,7,3,N,NULL,Y,N,1417,1425,1443,N,NULL,49,,1,N,,N,N,,NULL,NULL,2021,O,7.26091E+11,098-US-0023  -010,MEDIUM,098-US-0023  -000,27.836,0,0,0,0,0,0,1,0,0,0,0,0,0
72593122,980100,2.021E+11,20210203,1244,,,CASSIDY,,BLVD,,,,,,N,N,NULL,NULL,NULL,N,NULL,NULL,NULL,NULL,NULL,NULL,0.297,NULL,NULL,NULL,NULL,,NULL,0,0,2,2,N,N,55,NULL,98,9801,NULL,,Y,37.50507,37,30.304,NULL,-82.53677,82,32.206,NULL,N,NULL,NULL,NULL,NULL,NULL,NULL,NULL,NULL,8,3,4,6,1,1,2,2,7,3,N,NULL,Y,N,1244,1252,,N,NULL,53,,,N,,N,N,,NULL,NULL,2021,O,7.25931E+11,098-CS-1191  -000,MEDIUM,098-CS-1191  -000,0.297,0,0,0,1,0,0,1,0,0,0,0,1,0
72518436,KSP0900,20-576850,20200701,1530,,,WILLIAMSON,,RD,KY0292,KY0292,0,098 KY-292,KY0292,N,N,NULL,NULL,NULL,N,NULL,NULL,NULL,NULL,NULL,NULL,5.564,NULL,NULL,NULL,NULL,,NULL,0,0,2,2,N,N,45,NULL,98,9834,NULL,,Y,37.66893,37,40.136,NULL,-82.28619,82,17.172,NULL,N,NULL,NULL,NULL,NULL,NULL,NULL,NULL,NULL,5,3,2,6,1,1,2,2,7,3,N,NULL,Y,N,1600,1630,1600,N,NULL,49,7,0,N,,N,N,098-KY-0292-0,NULL,NULL,2020,O,7.25184E+11,098-KY-0292  -000,HIGH,098-KY-0292  -000,5.564,0,0,0,0,0,0,1,1,0,0,0,0,0