MasterFile,AgencyORINumber,LocalCode,CollisionDate,CollisionTime,CollisionDayWeekCode,RoadwayName_HouseBusinessNumber_,RoadwayName_RoadwayName_,RoadwayName_Direction_,RoadwayName_RoadwaySuffix_,RoadwayfromReport,CurrentRoadwayNumber,RoadwayNumberCoupletID,RSEUniqueGIS,RoadwayIdentifier,ParkingLotIndicator,IntersectionWith_Indicator_,IntersectionWith_NameRoadway_,IntersectionWith_Direction_,IntersectionWith_RoadwaySuffix_,BetweenStreets_Indicator_,BetweenStreets1_NameRoadway_,BetweenStreet1_Direction_,BetweenStreets1_RoadwaySuffix_,BetweenStreets2_NameRoadway_,BetweenStreets2_Direction_,BetweenStreets2_RoadwaySuffix_,Milepoint,ReportMilepointDeriveNumber,CurrentDerivedMiepointNumber,MilestoMilepoint,FeettoMilepoint,DirectionfromMilepoint_NSEW_,ValidMilepointIndicator,NumberInjured,NumberKilled,ofUnits,ofMotorVehicleUnits,Hit&RunIndicator,OneWayIndicator,SpeedLimitNumber,KilometersIndicator,CountyCode,CityCountyCode,MilesFromCity,DirectionFromCity_NSEW_,InCityLimitsIndicator,Latitude,LatitudeDegrees,LatitudeMinutes,LatitudeSeconds,Longitude,LongitudeDegrees,LongitudeMinutes,LongitudeSeconds,RampIndicator,RampFromIdentifier,RampFromDirCode,RampFromCoupletID,RSEUniqueGISRampFrom,RampToidentifier,RampToDirCode,RampToCoupletID,RSEUniqueGisRampTo,MannerofCollisionCode,LocationFirstEventCode,TotalLanes,RoadwayCharacterCode,RoadwaySurfaceCode,RoadwayConditionCode,WeatherCode,LightConditionCode,LandUseCode,SchoolBusRelatedCode,FirstAidSceneIndicator,CollDescPresentInd,InvestigationCompleteIndicator,PhotosTakenIndicator,TimeNotified,TimeArrived,TimeRoadwayOpened,PropertyDamageIndicator,DiagramPresentIndicator,DirectionalAnalysis,FunctionClassCode,NationalHwySysCode,EnforcementsIndicator,KARSCityCode,SecondaryCollisionIndicator,MedianCrossoverIndicator,RT_UNIQUE,MapIt,TimeLastLeft,YR,KABCO,MFNY,WorkingRID,RT_CONFIDENCE,KTC_RT,KTC_MP,Motorcyclist,CommercialVehicle,YoungDriver,MatureDriver,pedestrian,Bicyclist,Distracted,agressive,Impaired,Unrestrained,Intersection,RoadwayDeparture,MedXover
72557840,KSP0900,20-745692,20201017,1519,,,US119,,,US0119,US0119,0,098 US-119-10,US0119,N,N,NULL,NULL,NULL,N,NULL,NULL,NULL,NULL,NULL,NULL,2.707,NULL,NULL,NULL,NULL,,NULL,0,0,2,2,N,N,55,NULL,98,9828,NULL,,Y,37.51417,37,30.85,NULL,-82.4869,82,29.214,NULL,N,NULL,NULL,NULL,NULL,NULL,NULL,NULL,NULL,5,3,2,4,1,1,2,2,7,3,N,NULL,Y,Y,1519,1519,1523,N,NULL,49,2,1,N,,N,N,098-US-0119-10,NULL,NULL,2020,O,7.25578E+11,098-US-0119  -010,HIGH,098-US-0119  -000,2.707,0,0,0,0,0,0,1,0,0,0,0,0,0
72555797,KSP0900,20-748860,20201019,1950,,,WILLIAMSON,,RD,KY0292,KY0292,0,098 KY-292,KY0292,N,N,NULL,NULL,NULL,N,NULL,NULL,NULL,NULL,NULL,NULL,8.625,NULL,NULL,NULL,NULL,,NULL,1,0,1,1,N,N,45,NULL,98,9834,NULL,,Y,37.69598,37,41.759,NULL,-82.30322,82,18.193,NULL,N,NULL,NULL,NULL,NULL,NULL,NULL,NULL,NULL,9,5,2,3,1,1,2,6,7,3,Y,NULL,Y,Y,1950,2010,2048,N,NULL,51,7,0,N,,N,N,098-KY-0292-0,NULL,NULL,2020,A,7.25558E+11,098-KY-0292  -000,HIGH,098-KY-0292  -000,8.625,0,0,1,0,0,0,0,0,0,1,0,1,0
72606696,KSP0900,21-110516,20210320,1235,,,US23,,,US0023,US0023,0,098 US-23-10,US0023,N,N,NULL,NULL,NULL,N,NULL,NULL,NULL,NULL,NULL,NULL,2.502,NULL,NULL,NULL,NULL,,NULL,0,0,1,1,N,N,55,NULL,98,9809,NULL,,Y,37.27084,37,16.25,NULL,-82.60623,82,36.374,NULL,N,NULL,NULL,NULL,NULL,NULL,NULL,NULL,NULL,9,3,4,4,1,1,2,2,7,3,N,NULL,Y,N,1235,1245,,N,NULL,38,,1,N,,N,N,098-US-0023-10,NULL,NULL,2021,O,7.26067E+11,098-US-0023  -010,HIGH,098-US-0023  -000,2.502,0,0,0,0,0,0,0,0,0,0,0,0,0
72616058,980100,2.0211E+12,20210420,1602,,,CASSIDY,,BLVD,,,0,098 CS-1191,CS1191,Y,N,NULL,NULL,NULL,N,NULL,NULL,NULL,NULL,NULL,NULL,0.244,NULL,NULL,NULL,NULL,,NULL,0,0,2,2,N,N,10,NULL,98,9801,NULL,,Y,37.50364,37,30.219,NULL,-82.53596,82,32.157,NULL,N,NULL,NULL,NULL,NULL,NULL,NULL,NULL,NULL,8,97,NULL,6,1,1,2,2,1,3,N,NULL,Y,N,1602,1605,1619,N,NULL,90,,,N,,N,N,098-CS-1191-0,NULL,NULL,2021,O,7.26161E+11,098-CS-1191  -000,HIGH,098-CS-1191  -000,0.244,0,0,0,1,0,0,1,0,0,0,0,0,0
72591884,KSP0900,21-46447,20210204,1511,,,US119,,,US0119,US0119,0,098 US-119,US0119,Y,N,NULL,NULL,NULL,N,NULL,NULL,NULL,NULL,NULL,NULL,24.085,NULL,NULL,NULL,NULL,,NULL,0,0,2,2,N,N,NULL,NULL,98,9834,NULL,,Y,37.65687,37,39.412,NULL,-82.27073,82,16.244,NULL,N,NULL,NULL,NULL,NULL,NULL,NULL,NULL,NULL,1,97,4,6,1,7,2,2,5,3,N,NULL,Y,N,1511,1617,1617,N,NULL,90,2,1,N,,N,N,098-US-0119-0,NULL,NULL,2021,O,7.25919E+11,098-US-0119  -000,HIGH,098-US-0119  -000,24.085,0,0,0,0,0,0,1,0,0,0,0,0,0
72567484,KSP0900,20-791782,20201117,1750,,,US119,,,US0119,US0119,,,,N,N,NULL,NULL,NULL,N,NULL,NULL,NULL,NULL,NULL,NULL,24.07,NULL,NULL,NULL,NULL,,NULL,1,0,2,2,N,N,40,NULL,98,9834,NULL,,Y,37.65662,37,39.397,NULL,-82.27076,82,16.246,NULL,N,NULL,NULL,NULL,NULL,NULL,NULL,NULL,NULL,5,3,4,6,1,1,2,4,7,3,Y,NULL,Y,Y,1752,1802,1840,N,NULL,70,2,1,N,,N,N,,NULL,NULL,2020,B,7.25675E+11,098-US-0119  -000,MEDIUM,098-US-0119  -000,24.07,0,0,0,1,0,0,1,0,0,0,0,0,0
72565841,KSP0900,20-780436,20201110,850,,,CHURCH,,ST,,,0,098 CS-3002,CS3002,Y,N,NULL,NULL,NULL,N,NULL,NULL,NULL,NULL,NULL,NULL,0.24,NULL,NULL,NULL,NULL,,NULL,0,0,2,2,N,N,15,NULL,98,9807,NULL,,Y,37.51741,37,31.045,NULL,-82.56655,82,33.993,NULL,N,NULL,NULL,NULL,NULL,NULL,NULL,NULL,NULL,1,97,2,6,2,1,2,2,1,3,N,NULL,Y,N,850,910,910,N,NULL,90,,,N,,N,N,098-CS-3002-0,NULL,NULL,2020,O,7.25658E+11,098-CS-3002  -000,HIGH,098-CS-3002  -000,0.24,0,0,0,0,0,0,0,1,0,0,0,0,0
72555056,KSP0900,20-749373,20201020,918,,,US460,,,US0460,US0460,0,098 US-460,US0460,N,N,NULL,NULL,NULL,N,NULL,NULL,NULL,NULL,NULL,NULL,6.653,NULL,NULL,NULL,NULL,,NULL,0,0,2,2,N,N,55,NULL,98,9801,4,SE,N,37.39451,37,23.67,NULL,-82.43313,82,25.988,NULL,N,NULL,NULL,NULL,NULL,NULL,NULL,NULL,NULL,5,3,2,6,1,1,3,2,7,3,N,NULL,Y,N,918,930,930,N,NULL,49,,1,N,,N,N,098-US-0460-0,NULL,NULL,2020,O,7.25551E+11,098-US-0460  -000,HIGH,098-US-0460  -000,6.653,0,0,0,1,0,0,1,0,0,0,0,0,0
72567803,KSP0900,20-791914,20201117,1926,,,FERRELLS CREEK,,RD,US0460,US0460,0,098 US-460,US0460,N,N,NULL,NULL,NULL,N,NULL,NULL,NULL,NULL,NULL,NULL,21.902,NULL,NULL,NULL,NULL,,NULL,0,0,1,1,N,N,55,NULL,98,9847,NULL,,Y,37.38046,37,22.828,NULL,-82.26446,82,15.868,NULL,N,NULL,NULL,NULL,NULL,NULL,NULL,NULL,NULL,9,3,2,2,1,1,2,6,7,3,N,NULL,Y,N,1926,1948,1926,N,NULL,38,,1,N,,N,N,098-US-0460-0,NULL,NULL,2020,O,7.25678E+11,098-US-0460  -000,HIGH,098-US-0460  -000,21.902,0,0,0,0,0,0,0,0,0,0,0,0,0
72599503,980100,2.021E+11,20210301,1828,,,BAIRD,,AVE,KY1426,KY1426,0,098 KY-1426,KY1426,Y,N,NULL,NULL,NULL,N,NULL,NULL,NULL,NULL,NULL,NULL,5.418,NULL,NULL,NULL,NULL,,NULL,0,0,2,2,N,N,NULL,NULL,98,9801,NULL,,Y,37.47295,37,28.377,NULL,-82.52705,82,31.623,NULL,N,NULL,NULL,NULL,NULL,NULL,NULL,NULL,NULL,2,97,2,6,1,1,2,3,1,3,N,NULL,Y,N,1829,1836,1913,N,NULL,90,,0,N,,N,N,098-KY-1426-0,NULL,NULL,2021,O,7.25995E+11,098-KY-1426  -000,HIGH,098-KY-1426  -000,5.418,0,0,0,0,0,0,1,0,0,0,0,0,0
72538163,KSP0900,20-676698,20200901,159,,,KY1426,,,KY1426,KY1426,0,098 KY-1426,KY1426,N,N,NULL,NULL,NULL,N,NULL,NULL,NULL,NULL,NULL,NULL,7.856,NULL,NULL,NULL,NULL,,NULL,0,0,2,2,N,N,55,NULL,98,9801,NULL,,Y,37.49032,37,29.419,NULL,-82.49413,82,29.647,NULL,N,NULL,NULL,NULL,NULL,NULL,NULL,NULL,NULL,1,97,2,1,1,5,3,4,6,3,N,NULL,Y,N,203,210,,N,NULL,47,,0,N,,N,N,098-KY-1426-0,NULL,NULL,2020,O,7.25382E+11,098-KY-1426  -000,HIGH,098-KY-1426  -000,7.856,0,0,0,1,0,0,0,0,0,0,0,1,0
72535890,980100,2.02E+11,20200825,900,,,HAMBLEY,,BLVD,,,0,098 CS-1222,CS1222,Y,N,NULL,NULL,NULL,N,NULL,NULL,NULL,NULL,NULL,NULL,0.496,NULL,NULL,NULL,NULL,,NULL,0,0,2,2,N,N,15,NULL,98,9801,NULL,,Y,37.47829,37,28.697,NULL,-82.52023,82,31.214,NULL,N,NULL,NULL,NULL,NULL,NULL,NULL,NULL,NULL,7,97,2,6,1,1,2,4,7,3,N,NULL,Y,N,1230,1230,,N,NULL,90,,,N,,N,N,098-CS-1222-0,NULL,NULL,2020,O,7.25359E+11,098-CS-1222  -000,HIGH,098-CS-1222  -000,0.496,0,0,1,0,0,0,0,0,0,0,0,0,0
72559783,KSP0900,20-767504,20201101,1758,,,US119,,,US0119,US0119,0,098 US-119-10,US0119,N,N,NULL,NULL,NULL,N,NULL,NULL,NULL,NULL,NULL,NULL,15.729,NULL,NULL,NULL,NULL,,NULL,0,0,1,1,N,N,55,NULL,98,9833,NULL,,Y,37.60969,37,36.582,NULL,-82.32477,82,19.486,NULL,N,NULL,NULL,NULL,NULL,NULL,NULL,NULL,NULL,9,2,2,6,1,1,2,6,7,3,N,NULL,Y,N,1758,1824,1900,N,NULL,40,2,1,N,,N,N,098-US-0119-10,NULL,NULL,2020,O,7.25598E+11,098-US-0119  -010,HIGH,098-US-0119  -000,15.729,0,0,0,0,0,0,0,0,0,0,0,1,1
72568777,980100,2.02E+11,20201119,1624,,,BAIRD,,AVE,KY1426,KY1426,,,,Y,N,NULL,NULL,NULL,N,NULL,NULL,NULL,NULL,NULL,NULL,5.401,NULL,NULL,NULL,NULL,,NULL,0,0,2,2,N,N,NULL,NULL,98,9801,NULL,,Y,37.47319,37,28.391,NULL,-82.52709,82,31.625,NULL,N,NULL,NULL,NULL,NULL,NULL,NULL,NULL,NULL,2,97,2,6,1,1,2,2,1,3,N,NULL,Y,N,1624,1635,,N,NULL,90,,0,N,,N,N,,NULL,NULL,2020,O,7.25688E+11,098-KY-1426  -000,HIGH,098-KY-1426  -000,5.401,0,0,0,0,0,0,1,0,0,0,0,0,0
72560348,980100,2.02E+11,20201103,1340,,,REDALE,,RD,,,0,098 CS-1244,CS1244,N,N,NULL,NULL,NULL,N,NULL,NULL,NULL,NULL,NULL,NULL,0.274,NULL,NULL,NULL,NULL,,NULL,0,0,2,2,N,N,15,NULL,98,9801,NULL,,Y,37.48651,37,29.191,NULL,-82.5295,82,31.77,NULL,N,NULL,NULL,NULL,NULL,NULL,NULL,NULL,NULL,8,3,1,6,1,1,2,2,6,3,N,NULL,Y,N,1340,1347,,N,NULL,53,,,N,,N,N,098-CS-1244-0,NULL,NULL,2020,O,7.25603E+11,098-CS-1244  -000,HIGH,098-CS-1244  -000,0.274,0,0,0,1,0,0,0,0,0,1,0,1,0
72597915,KSP0900,21-71756,20210223,645,,,KY292,,,KY0292,KY0292,0,098 KY-292,KY0292,N,N,NULL,NULL,NULL,N,NULL,NULL,NULL,NULL,NULL,NULL,3.345,NULL,NULL,NULL,NULL,,NULL,0,0,1,1,N,N,45,NULL,98,9869,NULL,,Y,37.65918,37,39.551,NULL,-82.24572,82,14.743,NULL,N,NULL,NULL,NULL,NULL,NULL,NULL,NULL,NULL,9,3,2,6,1,1,3,3,7,3,N,NULL,Y,N,650,720,645,N,NULL,38,8,0,N,,N,N,098-KY-0292-0,NULL,NULL,2021,O,7.25979E+11,098-KY-0292  -000,HIGH,098-KY-0292  -000,3.345,0,0,0,0,0,0,0,0,0,0,0,0,0
72569018,KSP0900,20-795309,20201120,400,,,US119,,,US0119,US0119,0,098 US-119,US0119,Y,N,NULL,NULL,NULL,N,NULL,NULL,NULL,NULL,NULL,NULL,24.824,NULL,NULL,NULL,NULL,,NULL,0,0,2,2,Y,N,55,NULL,98,9834,NULL,,Y,37.66628,37,39.977,NULL,-82.27511,82,16.506,NULL,N,NULL,NULL,NULL,NULL,NULL,NULL,NULL,NULL,1,7,4,6,1,1,2,5,1,3,N,NULL,Y,N,430,500,500,N,NULL,90,2,1,N,,N,N,098-US-0119-0,NULL,NULL,2020,NULL,7.2569E+11,098-US-0119  -000,HIGH,098-US-0119  -000,24.824,0,0,0,0,0,0,1,0,0,0,0,0,0
72553956,980100,2.02E+11,20201008,1718,,,BAIRD,,AVE,KY1426,KY1426,0,098 KY-1426,KY1426,Y,N,NULL,NULL,NULL,N,NULL,NULL,NULL,NULL,NULL,NULL,5.417,NULL,NULL,NULL,NULL,,NULL,0,0,2,2,Y,Y,15,NULL,98,9801,NULL,,Y,37.47297,37,28.378,NULL,-82.52702,82,31.621,NULL,N,NULL,NULL,NULL,NULL,NULL,NULL,NULL,NULL,1,97,1,6,1,1,2,2,1,3,N,NULL,Y,N,1718,1723,1723,N,NULL,90,,0,Y,,N,N,098-KY-1426-0,NULL,NULL,2020,O,7.2554E+11,098-KY-1426  -000,HIGH,098-KY-1426  -000,5.417,0,0,0,0,0,0,0,0,1,0,0,1,0
72580053,KSP0900,20-844215,20201226,330,,1027,PRITCHARD,,FRK,,,0,098 CR-1579,CR1579,N,N,NULL,NULL,NULL,N,NULL,NULL,NULL,NULL,NULL,NULL,1.168,NULL,NULL,NULL,NULL,,NULL,0,0,1,1,N,N,35,NULL,98,9817,NULL,,Y,37.51539,37,30.924,NULL,-82.30228,82,18.137,NULL,N,NULL,NULL,NULL,NULL,NULL,NULL,NULL,NULL,9,97,1,4,3,4,2,6,7,3,N,NULL,Y,Y,1159,1453,1453,N,NULL,70,,,N,,N,N,098-CR-1579-0,NULL,NULL,2020,O,7.25801E+11,098-CR-1579  -000,HIGH,098-CR-1579  -000,1.168,0,0,0,0,0,0,0,0,0,0,0,1,0
72567625,980100,2.02E+11,20201122,1503,,,OWSLEY,,RD,KY1384,KY1384,,,,Y,N,NULL,NULL,NULL,N,NULL,NULL,NULL,NULL,NULL,NULL,7.151,NULL,NULL,NULL,NULL,,NULL,0,0,2,2,N,N,15,NULL,98,9801,NULL,,Y,37.4803,37,28.818,NULL,-82.53693,82,32.216,NULL,N,NULL,NULL,NULL,NULL,NULL,NULL,NULL,NULL,5,97,1,6,1,1,3,2,5,3,N,NULL,Y,N,1503,1505,1505,N,NULL,90,16,0,N,,N,N,,NULL,NULL,2020,O,7.25676E+11,098-KY-1384  -000,HIGH,098-KY-1384  -000,7.151,0,0,0,0,0,0,1,0,0,0,0,0,0
72626129,KSP0900,21-201519,20210518,1730,,,TOLER,,RD,KY0319,KY0319,0,098 KY-319,KY0319,N,N,NULL,NULL,NULL,N,NULL,NULL,NULL,NULL,NULL,NULL,4.502,NULL,NULL,NULL,NULL,,NULL,0,0,2,2,N,N,35,NULL,98,9842,NULL,,Y,37.61469,37,36.881,NULL,-82.23906,82,14.344,NULL,N,NULL,NULL,NULL,NULL,NULL,NULL,NULL,NULL,5,3,2,6,1,1,2,2,7,3,N,NULL,N,N,1730,1800,1810,N,NULL,49,7,0,N,,N,N,098-KY-0319-0,NULL,NULL,2021,O,7.26261E+11,098-KY-0319  -000,HIGH,098-KY-0319  -000,4.502,0,0,0,0,0,0,1,0,0,0,0,0,0
72521997,KSP0900,20-604839,20200717,1430,,,MALL,S,RD,,,0,098 PR-1010,PR1010,Y,N,NULL,NULL,NULL,N,NULL,NULL,NULL,NULL,NULL,NULL,0.344,NULL,NULL,NULL,NULL,,NULL,0,0,2,2,N,Y,NULL,NULL,98,9834,NULL,,Y,37.65633,37,39.38,NULL,-82.27316,82,16.39,NULL,N,NULL,NULL,NULL,NULL,NULL,NULL,NULL,NULL,5,97,NULL,6,1,1,2,2,7,3,N,NULL,Y,N,1430,1435,1445,N,NULL,90,,,N,,N,N,098-PR-1010-0,NULL,NULL,2020,O,7.2522E+11,098-PR-1010  -000,HIGH,098-PR-1010  -000,0.344,0,0,1,0,0,0,1,1,0,0,0,0,0
72549956,KSP0900,20-724035,20201002,1434,,1100,MEATHOUSE,,FRK,KY3154,KY3154,0,098 KY-3154,KY3154,N,N,NULL,NULL,NULL,N,NULL,NULL,NULL,NULL,NULL,NULL,2.391,NULL,NULL,NULL,NULL,,NULL,0,0,1,1,N,N,35,NULL,98,9833,NULL,,Y,37.60451,37,36.271,NULL,-82.33005,82,19.803,NULL,N,NULL,NULL,NULL,NULL,NULL,NULL,NULL,NULL,9,3,2,6,1,1,2,2,7,3,N,NULL,Y,N,1432,1455,1630,Y,NULL,40,9,0,N,,N,N,098-KY-3154-0,NULL,NULL,2020,O,7.255E+11,098-KY-3154  -000,HIGH,098-KY-3154  -000,2.391,0,0,0,0,0,0,1,0,0,0,0,1,0
72539106,980000,2009-002,20200904,1740,,,US 119,N,,,,,,,N,Y,SOUTHSIDE MALL ROAD,,,N,NULL,NULL,NULL,NULL,NULL,NULL,NULL,NULL,NULL,NULL,NULL,NULL,NULL,0,0,2,2,N,N,45,NULL,98,9834,4,N,N,37.65653,37,39.392,NULL,-82.27053,82,16.232,NULL,N,NULL,NULL,NULL,NULL,NULL,NULL,NULL,NULL,5,3,4,6,1,5,3,2,7,3,N,NULL,N,Y,1755,1755,1820,N,NULL,35,,,N,,N,N,,NULL,NULL,2020,O,7.25391E+11,098-US-0119  -000,MEDIUM,098-US-0119  -000,24.058,0,0,0,0,0,0,1,0,0,0,1,0,0
72556484,KSP0900,20-755734,20201024,1223,,,ASHCAMP,,RD,KY0195,KY0195,0,098 KY-195,KY0195,N,N,NULL,NULL,NULL,N,NULL,NULL,NULL,NULL,NULL,NULL,2.441,NULL,NULL,NULL,NULL,,NULL,0,0,1,1,N,N,55,NULL,98,9802,NULL,,Y,37.29007,37,17.404,NULL,-82.4575,82,27.45,NULL,N,NULL,NULL,NULL,NULL,NULL,NULL,NULL,NULL,9,3,2,6,1,5,3,2,7,3,N,NULL,Y,N,1225,1311,,N,NULL,44,8,0,N,,N,N,098-KY-0195-0,NULL,NULL,2020,O,7.25565E+11,098-KY-0195  -000,HIGH,098-KY-0195  -000,2.441,0,0,0,0,0,0,0,0,0,0,0,1,0
72563255,KSP0900,20-772006,20201104,1740,,,CHLOE,,RD,KY1460,KY1460,0,098 KY-1460,KY1460,N,N,NULL,NULL,NULL,N,NULL,NULL,NULL,NULL,NULL,NULL,2.174,NULL,NULL,NULL,NULL,,NULL,0,0,2,2,N,N,45,NULL,98,9801,NULL,,Y,37.46062,37,27.637,NULL,-82.47819,82,28.691,NULL,N,NULL,NULL,NULL,NULL,NULL,NULL,NULL,NULL,2,97,2,6,1,8,2,2,7,3,N,NULL,Y,N,1847,1857,,N,NULL,47,,0,N,,N,N,098-KY-1460-0,NULL,NULL,2020,O,7.25633E+11,098-KY-1460  -000,HIGH,098-KY-1460  -000,2.174,0,0,0,0,0,0,1,0,0,0,0,0,0
72592277,KSP0900,21-26273,20210120,1515,,,KY1499,,,KY1499,KY1499,0,098 KY-1499,KY1499,N,N,NULL,NULL,NULL,N,NULL,NULL,NULL,NULL,NULL,NULL,2.311,NULL,NULL,NULL,NULL,,NULL,1,0,1,1,N,N,45,NULL,98,9847,NULL,,Y,37.40385,37,24.231,NULL,-82.25266,82,15.16,NULL,N,NULL,NULL,NULL,NULL,NULL,NULL,NULL,NULL,9,3,2,6,1,1,2,2,7,3,Y,NULL,Y,Y,1530,1546,1700,N,NULL,44,7,0,N,,N,N,098-KY-1499-0,NULL,NULL,2021,C,7.25923E+11,098-KY-1499  -000,HIGH,098-KY-1499  -000,2.311,0,0,0,0,0,0,0,0,0,0,0,1,0
72594798,980000,21-02-001,20210206,1819,,,TUG FORK,,DR,,,0,098 CR-1006,CR1006,Y,N,NULL,NULL,NULL,N,NULL,NULL,NULL,NULL,NULL,NULL,0.022,NULL,NULL,NULL,NULL,,NULL,0,0,2,2,N,N,15,NULL,98,9826,NULL,,Y,37.70461,37,42.276,NULL,-82.30038,82,18.023,NULL,N,NULL,NULL,NULL,NULL,NULL,NULL,NULL,NULL,2,97,NULL,3,1,1,3,2,6,3,N,NULL,Y,Y,1807,1815,1815,N,NULL,90,,,N,,N,N,098-CR-1006-0,NULL,NULL,2021,O,7.25948E+11,098-CR-1006  -000,MEDIUM,098-CR-1006  -000,0.022,0,0,0,0,0,0,0,0,0,0,0,0,0
72577084,980100,2.02E+11,20201220,1639,,,CASSIDY,,BLVD,,,,,,Y,N,NULL,NULL,NULL,N,NULL,NULL,NULL,NULL,NULL,NULL,0.322,NULL,NULL,NULL,NULL,,NULL,0,0,2,2,N,N,15,NULL,98,9801,NULL,,Y,37.50521,37,30.313,NULL,-82.53728,82,32.237,NULL,N,NULL,NULL,NULL,NULL,NULL,NULL,NULL,NULL,2,97,1,6,1,1,2,2,1,3,N,NULL,Y,N,1639,1648,1648,N,NULL,90,,,N,,N,N,,NULL,NULL,2020,O,7.25771E+11,098-CS-1191  -000,MEDIUM,098-CS-1191  -000,0.322,0,0,0,0,0,0,1,0,0,0,0,0,0
72580054,KSP0900,20-649504,20200814,1630,,,MALL,,RD,,,0,098 CR-1037,CR1037,Y,N,NULL,NULL,NULL,N,NULL,NULL,NULL,NULL,NULL,NULL,0.066,NULL,NULL,NULL,NULL,,NULL,0,0,2,2,N,N,15,NULL,98,9834,NULL,,Y,37.65227,37,39.136,NULL,-82.26926,82,16.156,NULL,N,NULL,NULL,NULL,NULL,NULL,NULL,NULL,NULL,2,97,NULL,6,1,1,2,2,1,3,N,NULL,Y,N,1634,1702,1702,N,NULL,90,,,N,,N,N,098-CR-1037-0,NULL,NULL,2020,O,7.25801E+11,098-CR-1037  -000,HIGH,098-CR-1037  -000,0.066,0,0,0,0,0,0,1,0,0,0,0,0,0
72587857,980200,980200,20210118,1800,,,KY80,,,KY0080,KY0080,0,098 KY-80,KY0080,N,N,NULL,NULL,NULL,N,NULL,NULL,NULL,NULL,NULL,NULL,2.767,NULL,NULL,NULL,NULL,,NULL,0,0,2,2,N,N,55,NULL,98,9802,NULL,,Y,37.30783,37,18.47,NULL,-82.35302,82,21.181,NULL,N,NULL,NULL,NULL,NULL,NULL,NULL,NULL,NULL,2,7,2,6,1,1,2,4,1,3,N,NULL,N,N,1800,1803,1822,N,NULL,56,7,0,N,,N,N,098-KY-0080-0,NULL,NULL,2021,O,7.25879E+11,098-KY-0080  -000,HIGH,098-KY-0080  -000,2.767,0,0,0,0,0,0,1,0,0,0,0,0,0
72578261,KSP0900,20-841278,20201223,2058,,,BILLY COMPTON,,BR,,,0,098 CR-1288,CR1288,N,N,NULL,NULL,NULL,N,NULL,NULL,NULL,NULL,NULL,NULL,0.505,NULL,NULL,NULL,NULL,,NULL,0,0,2,2,N,N,35,NULL,98,9801,NULL,,Y,37.42622,37,25.573,NULL,-82.56117,82,33.67,NULL,N,NULL,NULL,NULL,NULL,NULL,NULL,NULL,NULL,1,3,1,6,1,1,2,8,6,3,N,NULL,Y,N,2059,2015,,N,NULL,47,,,Y,,N,N,098-CR-1288-0,NULL,NULL,2020,O,7.25783E+11,098-CR-1288  -000,HIGH,098-CR-1288  -000,0.505,0,0,0,0,0,0,1,0,0,0,0,0,0
72590701,980100,2.021E+11,20210127,1849,,183,CASSIDY,,BLVD,,,,,,Y,N,NULL,NULL,NULL,N,NULL,NULL,NULL,NULL,NULL,NULL,0.115,NULL,NULL,NULL,NULL,,NULL,0,0,2,2,Y,N,NULL,NULL,98,9801,NULL,,Y,37.5036,37,30.216,NULL,-82.53397,82,32.038,NULL,N,NULL,NULL,NULL,NULL,NULL,NULL,NULL,NULL,2,97,NULL,6,1,5,9,5,1,3,N,NULL,Y,N,1849,1858,1858,N,NULL,90,,,N,,N,N,,NULL,NULL,2021,NULL,7.25907E+11,098-CS-1259  -000,LOW,098-CS-1259  -000,0.115,0,0,0,0,0,0,1,0,0,0,0,0,0
72584188,KSP0900,21-16994,20210113,1515,,,GREASY,,CRK,KY3226,KY3226,0,098 KY-3226,KY3226,N,N,NULL,NULL,NULL,N,NULL,NULL,NULL,NULL,NULL,NULL,1.527,NULL,NULL,NULL,NULL,,NULL,0,0,2,2,N,N,55,NULL,98,9801,7,S,N,37.39868,37,23.921,NULL,-82.46735,82,28.041,NULL,N,NULL,NULL,NULL,NULL,NULL,NULL,NULL,NULL,2,3,2,6,1,1,2,2,7,3,N,NULL,Y,N,1515,1523,1523,N,NULL,56,8,0,N,,N,N,098-KY-3226-0,NULL,NULL,2021,O,7.25842E+11,098-KY-3226  -000,MEDIUM,098-KY-3226  -000,1.527,0,0,0,1,0,0,0,1,0,0,0,0,0
72584517,KSP0900,21-4087,20210104,635,,,KY194,,,KY0194,KY0194,0,098 KY-194,KY0194,N,N,NULL,NULL,NULL,N,NULL,NULL,NULL,NULL,NULL,NULL,20.135,NULL,NULL,NULL,NULL,,NULL,0,0,3,3,N,N,55,NULL,98,9817,NULL,,Y,37.54656,37,32.794,NULL,-82.40203,82,24.122,NULL,N,NULL,NULL,NULL,NULL,NULL,NULL,NULL,NULL,5,3,2,6,1,5,3,6,7,3,N,NULL,Y,N,640,720,745,N,NULL,70,6,0,N,,N,N,098-KY-0194-0,NULL,NULL,2021,O,7.25845E+11,098-KY-0194  -000,MEDIUM,098-KY-0194  -000,20.135,0,0,1,1,0,0,1,0,0,0,0,1,0
72584084,KSP0900,21-17050,20210113,1527,,,ASHCAMP,,RD,KY0195,KY0195,,,,N,N,NULL,NULL,NULL,N,NULL,NULL,NULL,NULL,NULL,NULL,NULL,NULL,NULL,NULL,NULL,,NULL,0,0,2,2,N,N,55,NULL,98,9864,NULL,,Y,37.26592,37,15.955,NULL,-82.4341,82,26.046,NULL,N,NULL,NULL,NULL,NULL,NULL,NULL,NULL,NULL,3,3,2,6,1,1,2,2,7,3,N,NULL,N,N,1545,1649,1645,N,NULL,52,8,0,N,,N,N,,NULL,NULL,2021,O,7.25841E+11,098-KY-0195  -000,MEDIUM,098-KY-0195  -000,0,0,0,0,1,0,0,0,0,0,0,0,1,0