MasterFile,AgencyORINumber,LocalCode,CollisionDate,CollisionTime,CollisionDayWeekCode,RoadwayName_HouseBusinessNumber_,RoadwayName_RoadwayName_,RoadwayName_Direction_,RoadwayName_RoadwaySuffix_,RoadwayfromReport,CurrentRoadwayNumber,RoadwayNumberCoupletID,RSEUniqueGIS,RoadwayIdentifier,ParkingLotIndicator,IntersectionWith_Indicator_,IntersectionWith_NameRoadway_,IntersectionWith_Direction_,IntersectionWith_RoadwaySuffix_,BetweenStreets_Indicator_,BetweenStreets1_NameRoadway_,BetweenStreet1_Direction_,BetweenStreets1_RoadwaySuffix_,BetweenStreets2_NameRoadway_,BetweenStreets2_Direction_,BetweenStreets2_RoadwaySuffix_,Milepoint,ReportMilepointDeriveNumber,CurrentDerivedMiepointNumber,MilestoMilepoint,FeettoMilepoint,DirectionfromMilepoint_NSEW_,ValidMilepointIndicator,NumberInjured,NumberKilled,ofUnits,ofMotorVehicleUnits,Hit&RunIndicator,OneWayIndicator,SpeedLimitNumber,KilometersIndicator,CountyCode,CityCountyCode,MilesFromCity,DirectionFromCity_NSEW_,InCityLimitsIndicator,Latitude,LatitudeDegrees,LatitudeMinutes,LatitudeSeconds,Longitude,LongitudeDegrees,LongitudeMinutes,LongitudeSeconds,RampIndicator,RampFromIdentifier,RampFromDirCode,RampFromCoupletID,RSEUniqueGISRampFrom,RampToidentifier,RampToDirCode,RampToCoupletID,RSEUniqueGisRampTo,MannerofCollisionCode,LocationFirstEventCode,TotalLanes,RoadwayCharacterCode,RoadwaySurfaceCode,RoadwayConditionCode,WeatherCode,LightConditionCode,LandUseCode,SchoolBusRelatedCode,FirstAidSceneIndicator,CollDescPresentInd,InvestigationCompleteIndicator,PhotosTakenIndicator,TimeNotified,TimeArrived,TimeRoadwayOpened,PropertyDamageIndicator,DiagramPresentIndicator,DirectionalAnalysis,FunctionClassCode,NationalHwySysCode,EnforcementsIndicator,KARSCityCode,SecondaryCollisionIndicator,MedianCrossoverIndicator,RT_UNIQUE,MapIt,TimeLastLeft,YR,KABCO,MFNY,WorkingRID,RT_CONFIDENCE,KTC_RT,KTC_MP,Motorcyclist,CommercialVehicle,YoungDriver,MatureDriver,pedestrian,Bicyclist,Distracted,agressive,Impaired,Unrestrained,Intersection,RoadwayDeparture,MedXover
72547903,980100,2.02E+11,20200930,1331,,,BOE,,DR,,,,,,N,N,NULL,NULL,NULL,N,NULL,NULL,NULL,NULL,NULL,NULL,0.132,NULL,NULL,NULL,NULL,,NULL,0,0,2,2,N,N,15,NULL,98,9801,NULL,,Y,37.46911,37,28.147,NULL,-82.53568,82,32.141,NULL,N,NULL,NULL,NULL,NULL,NULL,NULL,NULL,NULL,2,97,1,6,1,1,2,2,1,3,N,NULL,N,N,1331,1336,1340,N,NULL,56,,,N,,N,N,,NULL,NULL,2020,O,7.25479E+11,098-CS-1024  -000,LOW,098-CS-1024  -000,0.132,0,0,0,0,0,0,1,0,0,0,0,0,0
72593480,KSP0900,21-52963,20210209,1000,,,MEATHOUSE,,RD,,,0,098 CR-1444,CR1444,N,N,NULL,NULL,NULL,N,NULL,NULL,NULL,NULL,NULL,NULL,0.372,NULL,NULL,NULL,NULL,,NULL,1,0,2,2,N,N,35,NULL,98,9817,NULL,,Y,37.52911,37,31.747,NULL,-82.36302,82,21.781,NULL,N,NULL,NULL,NULL,NULL,NULL,NULL,NULL,NULL,5,3,1,3,1,2,6,2,7,3,Y,NULL,Y,Y,907,1200,1230,N,NULL,47,,,N,,N,N,098-CR-1444-0,NULL,NULL,2021,C,7.25935E+11,098-CR-1444  -000,HIGH,098-CR-1444  -000,0.372,0,0,0,0,0,0,0,0,0,1,0,0,0
72571563,980100,2.02E+11,20201203,1214,,254,CASSIDY,,BLVD,,,0,098 CS-1191,CS1191,Y,N,NULL,NULL,NULL,N,NULL,NULL,NULL,NULL,NULL,NULL,0.045,NULL,NULL,NULL,NULL,,NULL,0,0,2,2,N,N,NULL,NULL,98,9801,NULL,,Y,37.50369,37,30.222,NULL,-82.53289,82,31.974,NULL,N,NULL,NULL,NULL,NULL,NULL,NULL,NULL,NULL,2,97,1,6,1,1,2,2,1,3,N,NULL,Y,N,1214,1224,1224,N,NULL,90,,,N,,N,N,098-CS-1191-0,NULL,NULL,2020,O,7.25716E+11,098-CS-1191  -000,HIGH,098-CS-1191  -000,0.045,0,0,0,1,0,0,1,0,0,0,0,0,0
72595340,KSP0900,21-48052,20210205,1822,,,US23,,,US0023,US0023,0,098 US-23-10,US0023,N,N,NULL,NULL,NULL,N,NULL,NULL,NULL,NULL,NULL,NULL,12.927,NULL,NULL,NULL,NULL,,NULL,0,0,2,2,N,N,55,NULL,98,9801,NULL,,Y,37.37247,37,22.348,NULL,-82.54301,82,32.581,NULL,N,NULL,NULL,NULL,NULL,NULL,NULL,NULL,NULL,2,3,4,6,1,5,2,6,7,3,N,NULL,Y,N,1824,1912,,N,NULL,56,,1,N,,N,Y,098-US-0023-10,NULL,NULL,2021,O,7.25953E+11,098-US-0023  -010,HIGH,098-US-0023  -000,12.927,0,0,0,1,0,0,1,1,0,0,0,0,0
72562257,980100,2.02E+11,20201106,1230,,,MAIN,,ST,,,,,,N,N,NULL,NULL,NULL,N,NULL,NULL,NULL,NULL,NULL,NULL,NULL,NULL,NULL,NULL,NULL,NULL,NULL,0,0,2,2,Y,N,25,NULL,98,9801,NULL,,Y,37.47946,37,28.768,NULL,-82.5175,82,31.05,NULL,N,NULL,NULL,NULL,NULL,NULL,NULL,NULL,NULL,8,3,1,6,1,1,2,2,1,3,N,NULL,Y,N,1230,1230,,N,NULL,47,,,Y,,N,N,,NULL,NULL,2020,O,7.25623E+11,098-CS-1112  -000,MEDIUM,098-CS-1112  -000,0.134,0,0,0,0,0,0,0,0,1,1,0,0,0
72563647,980100,2.02E+11,20201028,1730,,,JULIUS,,AVE,,,,,,N,N,NULL,NULL,NULL,N,NULL,NULL,NULL,NULL,NULL,NULL,0.158,NULL,NULL,NULL,NULL,,NULL,0,0,2,2,Y,N,15,NULL,98,9801,NULL,,Y,37.4783,37,28.698,NULL,-82.52367,82,31.42,NULL,N,NULL,NULL,NULL,NULL,NULL,NULL,NULL,NULL,3,3,1,4,1,1,2,2,6,3,N,NULL,Y,N,1723,1726,1726,N,NULL,47,,,Y,,N,N,,NULL,NULL,2020,O,7.25636E+11,098-CS-1156  -000,MEDIUM,098-CS-1156  -000,0.158,0,0,1,0,0,0,1,0,0,0,0,0,0
72584422,980000,21-01-003,20210114,1900,,,FISHTRAP,,RD,KY1441,KY1441,0,098 KY-1441,KY1441,N,N,NULL,NULL,NULL,N,NULL,NULL,NULL,NULL,NULL,NULL,11.101,NULL,NULL,NULL,NULL,,NULL,1,0,1,1,N,N,45,NULL,98,9850,NULL,,Y,37.52941,37,31.765,NULL,-82.45763,82,27.458,NULL,N,NULL,NULL,NULL,NULL,NULL,NULL,NULL,NULL,9,3,2,3,1,1,2,6,7,3,Y,NULL,Y,Y,1900,1915,1945,N,NULL,70,8,0,N,,N,N,098-KY-1441-0,NULL,NULL,2021,C,7.25844E+11,098-KY-1441  -000,MEDIUM,098-KY-1441  -000,11.101,0,0,0,0,0,0,0,0,0,0,0,1,0
72554826,KSP0900,20-743769,20201016,1031,,,KY3414,,,KY3414,KY3414,0,098 KY-3414,KY3414,N,N,NULL,NULL,NULL,N,NULL,NULL,NULL,NULL,NULL,NULL,1.699,NULL,NULL,NULL,NULL,,NULL,0,0,2,2,N,N,35,NULL,98,9827,5,S,N,37.2653,37,15.918,NULL,-82.65475,82,39.286,NULL,N,NULL,NULL,NULL,NULL,NULL,NULL,NULL,NULL,3,3,2,4,1,5,3,2,6,3,N,NULL,Y,N,1041,1056,1031,N,NULL,52,9,0,Y,,N,N,098-KY-3414-0,NULL,NULL,2020,O,7.25548E+11,098-KY-3414  -000,HIGH,098-KY-3414  -000,1.699,0,0,0,0,0,0,0,0,0,0,0,1,0
72552241,KSP0900,20-739494,20201013,850,,213,KENDRICK,,FRK,,,0,098 CR-1312,CR1312,N,N,NULL,NULL,NULL,N,NULL,NULL,NULL,NULL,NULL,NULL,0.229,NULL,NULL,NULL,NULL,,NULL,1,0,1,1,N,N,25,NULL,98,9854,NULL,,Y,37.45763,37,27.458,NULL,-82.45973,82,27.584,NULL,N,NULL,NULL,NULL,NULL,NULL,NULL,NULL,NULL,9,3,1,1,1,5,3,2,7,3,N,NULL,Y,Y,854,906,,N,NULL,44,,,N,,N,N,098-CR-1312-0,NULL,NULL,2020,B,7.25522E+11,098-CR-1312  -000,HIGH,098-CR-1312  -000,0.229,0,0,0,0,0,0,0,0,0,0,0,1,0
72606835,980100,2.021E+11,20210323,1544,,,US23,,,US0023,US0023,,,,N,N,NULL,NULL,NULL,N,NULL,NULL,NULL,NULL,NULL,NULL,21.015,NULL,NULL,NULL,NULL,,NULL,0,0,2,2,N,N,55,NULL,98,9801,NULL,,Y,37.44522,37,26.713,NULL,-82.5256,82,31.536,NULL,N,NULL,NULL,NULL,NULL,NULL,NULL,NULL,NULL,8,3,4,6,1,1,2,2,1,3,N,NULL,Y,N,1544,1602,1602,N,NULL,53,,1,N,,N,N,,NULL,NULL,2021,O,7.26068E+11,098-US-0023  -000,MEDIUM,098-US-0023  -000,21.015,0,0,1,0,0,0,1,0,0,0,0,1,0
72570410,980500,2020AR065,20201130,1740,,150,WEDDINGTON BRANCH,,RD,,,0,098 CS-3026,CS3026,Y,N,NULL,NULL,NULL,N,NULL,NULL,NULL,NULL,NULL,NULL,NULL,NULL,NULL,NULL,NULL,NULL,NULL,0,0,2,2,N,N,15,NULL,98,9807,NULL,,Y,37.52598,37,31.559,NULL,-82.57069,82,34.241,NULL,N,NULL,NULL,NULL,NULL,NULL,NULL,NULL,NULL,2,97,2,6,1,5,6,3,1,3,N,NULL,Y,Y,1742,1746,1810,N,NULL,90,,,N,,N,N,098-CS-3026-0,NULL,NULL,2020,O,7.25704E+11,098-CS-3026  -000,HIGH,098-CS-3026  -000,0.245,0,0,0,0,0,0,1,0,0,0,0,0,0
72538162,KSP0900,20-676154,20200831,1830,,,US460,,,US0460,US0460,0,098 US-460,US0460,N,N,NULL,NULL,NULL,N,NULL,NULL,NULL,NULL,NULL,NULL,3.421,NULL,NULL,NULL,NULL,,NULL,1,0,1,1,N,N,55,NULL,98,9824,1,E,N,37.42477,37,25.486,NULL,-82.47032,82,28.219,NULL,N,NULL,NULL,NULL,NULL,NULL,NULL,NULL,NULL,9,3,2,3,1,5,6,2,6,3,N,NULL,Y,Y,1830,1833,1845,N,NULL,70,,1,N,,N,N,098-US-0460-0,NULL,NULL,2020,B,7.25382E+11,098-US-0460  -000,HIGH,098-US-0460  -000,3.421,0,0,0,0,0,0,0,0,0,0,0,1,0
72593532,980100,2.021E+11,20210207,1703,,,KY3496,,,KY3496,KY3496,0,098 KY-3496,KY3496,N,N,NULL,NULL,NULL,N,NULL,NULL,NULL,NULL,NULL,NULL,0.338,NULL,NULL,NULL,NULL,,NULL,0,0,2,2,N,N,35,NULL,98,9801,NULL,,Y,37.46793,37,28.076,NULL,-82.53296,82,31.978,NULL,N,NULL,NULL,NULL,NULL,NULL,NULL,NULL,NULL,7,3,2,6,1,1,3,2,7,3,N,NULL,Y,N,1703,1706,1706,N,NULL,54,16,0,Y,,N,N,098-KY-3496-0,NULL,NULL,2021,O,7.25935E+11,098-KY-3496  -000,HIGH,098-KY-3496  -000,0.338,0,0,0,0,0,0,1,0,0,1,0,1,0
72496377,KSP0900,20-14736,20200421,1420,,,KY195,,,KY0195,KY0195,0,098 KY-195,KY0195,Y,N,NULL,NULL,NULL,N,NULL,NULL,NULL,NULL,NULL,NULL,8.251,NULL,NULL,NULL,NULL,,NULL,0,0,1,1,N,N,55,NULL,98,9802,NULL,,Y,37.33142,37,19.885,NULL,-82.43064,82,25.839,NULL,N,NULL,NULL,NULL,NULL,NULL,NULL,NULL,NULL,9,97,2,6,3,8,2,2,6,3,N,NULL,Y,N,1420,1554,1420,Y,NULL,90,7,0,N,,N,N,098-KY-0195-0,NULL,NULL,2020,O,7.24964E+11,098-KY-0195  -000,HIGH,098-KY-0195  -000,8.251,0,0,0,0,0,0,0,0,0,0,0,1,0
72625970,KSP0900,21-200435,20210517,2206,,,KY194,,,KY0194,KY0194,0,098 KY-194,KY0194,N,N,NULL,NULL,NULL,N,NULL,NULL,NULL,NULL,NULL,NULL,17.679,NULL,NULL,NULL,NULL,,NULL,1,0,1,1,N,N,55,NULL,98,9817,NULL,,Y,37.55568,37,33.341,NULL,-82.43331,82,25.999,NULL,N,NULL,NULL,NULL,NULL,NULL,NULL,NULL,NULL,9,3,2,3,1,1,3,6,7,3,N,NULL,Y,Y,2206,2211,2300,N,NULL,70,7,0,N,,N,N,098-KY-0194-0,NULL,NULL,2021,B,7.2626E+11,098-KY-0194  -000,HIGH,098-KY-0194  -000,17.679,1,0,0,0,0,0,0,0,0,0,0,1,0
72605561,980000,21-03-001,20210316,2210,,,US119,,,US0119,US0119,0,098 US-119,US0119,N,N,NULL,NULL,NULL,N,NULL,NULL,NULL,NULL,NULL,NULL,4.446,NULL,NULL,NULL,NULL,,NULL,0,0,1,1,N,N,55,NULL,98,9828,NULL,,Y,37.51891,37,31.134,NULL,-82.4575,82,27.45,NULL,N,NULL,NULL,NULL,NULL,NULL,NULL,NULL,NULL,9,3,2,2,1,1,3,7,1,3,N,NULL,Y,Y,2215,2215,2215,N,NULL,38,2,1,N,,N,N,098-US-0119-0,NULL,NULL,2021,O,7.26056E+11,098-US-0119  -000,HIGH,098-US-0119  -000,4.446,0,0,0,0,0,0,0,0,0,0,0,0,0
72616973,980100,2.021E+11,20210423,1651,,,BAIRD,,AVE,KY1426,KY1426,0,098 KY-1426,KY1426,Y,N,NULL,NULL,NULL,N,NULL,NULL,NULL,NULL,NULL,NULL,5.388,NULL,NULL,NULL,NULL,,NULL,0,0,2,2,N,N,15,NULL,98,9801,NULL,,Y,37.47299,37,28.379,NULL,-82.52706,82,31.623,NULL,N,NULL,NULL,NULL,NULL,NULL,NULL,NULL,NULL,5,97,2,6,1,1,3,2,1,3,N,NULL,Y,N,1651,1654,1654,N,NULL,90,,0,N,,N,N,098-KY-1426-0,NULL,NULL,2021,O,7.2617E+11,098-KY-1426  -000,HIGH,098-KY-1426  -000,5.388,0,0,0,1,0,0,0,0,0,0,0,0,0
72572767,KSP0900,20-814760,20201204,1051,,,US460,,,US0460,US0460,0,098 US-460,US0460,N,N,NULL,NULL,NULL,N,NULL,NULL,NULL,NULL,NULL,NULL,4.513,NULL,NULL,NULL,NULL,,NULL,1,0,1,1,N,N,55,NULL,98,9824,NULL,,Y,37.41666,37,24.999,NULL,-82.45364,82,27.219,NULL,N,NULL,NULL,NULL,NULL,NULL,NULL,NULL,NULL,9,6,2,6,1,5,6,2,7,3,N,NULL,Y,Y,1051,1057,1125,N,NULL,40,,1,N,,N,N,098-US-0460-0,NULL,NULL,2020,C,7.25728E+11,098-US-0460  -000,HIGH,098-US-0460  -000,4.513,0,0,0,0,0,0,0,1,0,0,0,1,0
72568509,980100,2.02E+11,20201124,1810,,,US23,,,US0023,US0023,0,098 US-23,US0023,N,N,NULL,NULL,NULL,N,NULL,NULL,NULL,NULL,NULL,NULL,27.369,NULL,NULL,NULL,NULL,,NULL,0,0,3,3,N,N,55,NULL,98,9801,NULL,,Y,37.51078,37,30.647,NULL,-82.54873,82,32.924,NULL,N,NULL,NULL,NULL,NULL,NULL,NULL,NULL,NULL,5,3,4,6,1,1,2,5,7,3,N,NULL,Y,N,1818,1824,1842,N,NULL,49,,1,N,,N,N,098-US-0023-0,NULL,NULL,2020,O,7.25685E+11,098-US-0023  -000,HIGH,098-US-0023  -000,27.369,0,0,1,0,0,0,0,0,0,0,0,0,0
72589544,KSP0900,21-39541,20210130,1034,,,WILLIAMSON,,RD,KY0292,KY0292,0,098 KY-292,KY0292,N,N,NULL,NULL,NULL,N,NULL,NULL,NULL,NULL,NULL,NULL,5.077,NULL,NULL,NULL,NULL,,NULL,0,0,2,2,N,N,45,NULL,98,9834,NULL,,Y,37.67255,37,40.353,NULL,-82.28129,82,16.877,NULL,N,NULL,NULL,NULL,NULL,NULL,NULL,NULL,NULL,5,3,2,1,1,1,2,2,7,3,N,NULL,Y,N,1036,1043,1054,N,NULL,49,7,0,N,,N,N,098-KY-0292-0,NULL,NULL,2021,O,7.25895E+11,098-KY-0292  -000,HIGH,098-KY-0292  -000,5.077,0,0,0,1,0,0,0,0,0,0,0,0,0
72510368,980100,2.02E+11,20200610,1533,,,CASSIDY,,BLVD,,,,,,Y,N,NULL,NULL,NULL,N,NULL,NULL,NULL,NULL,NULL,NULL,0.161,NULL,NULL,NULL,NULL,,NULL,0,0,2,2,N,N,NULL,NULL,98,9801,NULL,,Y,37.5037,37,30.222,NULL,-82.53468,82,32.081,NULL,N,NULL,NULL,NULL,NULL,NULL,NULL,NULL,NULL,2,97,2,6,1,1,2,2,1,3,N,NULL,Y,N,1553,1600,,N,NULL,90,,,Y,,N,N,,NULL,NULL,2020,O,7.25104E+11,098-CS-1191  -000,LOW,098-CS-1191  -000,0.161,0,0,1,0,0,0,1,0,0,0,0,0,0
72610077,KSP0900,21-131327,20210403,56,,,FOREST HILLS,,RD,KY0308,KY0308,0,098 KY-308,KY0308,N,N,NULL,NULL,NULL,N,NULL,NULL,NULL,NULL,NULL,NULL,0.547,NULL,NULL,NULL,NULL,,NULL,0,0,1,1,N,N,35,NULL,98,9836,NULL,,Y,37.63214,37,37.929,NULL,-82.29423,82,17.654,NULL,N,NULL,NULL,NULL,NULL,NULL,NULL,NULL,NULL,9,3,1,6,1,1,2,4,6,3,N,NULL,N,N,2331,2331,2331,N,NULL,44,8,0,N,,N,N,098-KY-0308-0,NULL,NULL,2021,O,7.26101E+11,098-KY-0308  -000,HIGH,098-KY-0308  -000,0.547,0,0,0,0,0,0,0,0,1,1,0,1,0
72599486,980000,21-02-002,20210209,800,,,ISLAND CREEK,,RD,KY1426,KY1426,0,098 KY-1426,KY1426,N,N,NULL,NULL,NULL,N,NULL,NULL,NULL,NULL,NULL,NULL,1.386,NULL,NULL,NULL,NULL,,NULL,0,0,2,2,N,N,55,NULL,98,9801,1,W,N,37.45947,37,27.568,NULL,-82.57007,82,34.204,NULL,N,NULL,NULL,NULL,NULL,NULL,NULL,NULL,NULL,1,3,2,6,1,2,8,2,7,3,N,NULL,N,N,810,810,930,N,NULL,55,8,0,N,,N,N,098-KY-1426-0,NULL,NULL,2021,O,7.25995E+11,098-KY-1426  -000,HIGH,098-KY-1426  -000,1.386,0,0,0,1,0,0,0,0,0,0,0,1,0
72620457,980100,2.021E+11,20210503,1207,,110,FREDDY,,LN,,,0,098 CS-1016,CS1016,Y,N,NULL,NULL,NULL,N,NULL,NULL,NULL,NULL,NULL,NULL,0.011,NULL,NULL,NULL,NULL,,NULL,0,0,2,2,N,N,NULL,NULL,98,9801,NULL,,Y,37.4533,37,27.198,NULL,-82.52193,82,31.316,NULL,N,NULL,NULL,NULL,NULL,NULL,NULL,NULL,NULL,2,97,NULL,6,1,1,3,2,5,3,N,NULL,Y,N,1209,1214,1209,N,NULL,90,,,N,,N,N,098-CS-1016-0,NULL,NULL,2021,O,7.26205E+11,098-CS-1016  -000,HIGH,098-CS-1016  -000,0.011,0,0,0,0,0,0,1,0,0,0,0,0,0
72579234,980100,2.02E+11,20201224,2357,,,MAYO,S,TRL,US0023,US0023,0,098 US-23-10,US0023,N,N,NULL,NULL,NULL,N,NULL,NULL,NULL,NULL,NULL,NULL,21.762,NULL,NULL,NULL,NULL,,NULL,1,0,1,1,N,N,55,NULL,98,9801,NULL,,Y,37.45485,37,27.291,NULL,-82.52079,82,31.247,NULL,N,NULL,NULL,NULL,NULL,NULL,NULL,NULL,NULL,9,3,4,6,1,4,9,5,1,3,N,NULL,Y,Y,2357,7,48,Y,NULL,40,,1,Y,,N,N,098-US-0023-10,NULL,NULL,2020,B,7.25792E+11,098-US-0023  -010,HIGH,098-US-0023  -000,21.762,0,0,0,0,0,0,0,0,1,1,0,1,0
72624255,KSP0900,21-178896,20210504,1056,,,KY1469,,,KY1469,KY1469,0,098 KY-1469,KY1469,N,N,NULL,NULL,NULL,N,NULL,NULL,NULL,NULL,NULL,NULL,9.238,NULL,NULL,NULL,NULL,,NULL,0,0,2,2,N,N,55,NULL,98,9827,NULL,,Y,37.32351,37,19.411,NULL,-82.61388,82,36.833,NULL,N,NULL,NULL,NULL,NULL,NULL,NULL,NULL,NULL,5,3,2,6,1,5,6,2,7,3,N,NULL,Y,N,1056,1114,1133,N,NULL,49,8,0,N,,N,N,098-KY-1469-0,NULL,NULL,2021,O,7.26243E+11,098-KY-1469  -000,HIGH,098-KY-1469  -000,9.238,0,0,0,1,0,0,0,1,0,0,0,0,0
72569447,KSP0900,20-796030,20201120,1528,,,KY1056,,,KY1056,KY1056,0,098 KY-1056,KY1056,N,N,NULL,NULL,NULL,N,NULL,NULL,NULL,NULL,NULL,NULL,9.28,NULL,NULL,NULL,NULL,,NULL,0,0,1,1,N,N,55,NULL,98,9863,NULL,,Y,37.59473,37,35.684,NULL,-82.16516,82,9.91,NULL,N,NULL,NULL,NULL,NULL,NULL,NULL,NULL,NULL,9,5,2,3,1,1,2,2,7,3,Y,NULL,Y,N,1532,1543,1640,N,NULL,51,7,0,N,,N,N,098-KY-1056-0,NULL,NULL,2020,O,7.25694E+11,098-KY-1056  -000,HIGH,098-KY-1056  -000,9.28,0,0,0,0,0,0,1,0,0,0,0,1,0
72567736,980000,20-11-008,20201121,2030,,1700,TOLER,,RD,KY0319,KY0319,0,098 KY-319,KY0319,N,N,NULL,NULL,NULL,N,NULL,NULL,NULL,NULL,NULL,NULL,5.294,NULL,NULL,NULL,NULL,,NULL,0,0,1,1,N,N,45,NULL,98,9842,NULL,,Y,37.62399,37,37.44,NULL,-82.2448,82,14.688,NULL,N,NULL,NULL,NULL,NULL,NULL,NULL,NULL,NULL,9,97,2,3,1,1,2,7,7,3,N,NULL,Y,Y,2030,2030,2030,Y,NULL,70,7,0,Y,,N,N,098-KY-0319-0,NULL,NULL,2020,O,7.25677E+11,098-KY-0319  -000,HIGH,098-KY-0319  -000,5.294,0,0,0,0,0,0,0,0,1,1,0,1,0
72562002,980100,2.02E+11,20201030,1301,,,CASSIDY,,BLVD,,,,,,Y,N,NULL,NULL,NULL,N,NULL,NULL,NULL,NULL,NULL,NULL,0.323,NULL,NULL,NULL,NULL,,NULL,1,0,2,1,N,N,15,NULL,98,9801,NULL,,Y,37.50521,37,30.313,NULL,-82.53731,82,32.239,NULL,N,NULL,NULL,NULL,NULL,NULL,NULL,NULL,NULL,9,97,1,6,1,1,3,2,1,3,Y,NULL,Y,Y,1301,1304,1304,N,NULL,90,,,N,,N,N,,NULL,NULL,2020,C,7.2562E+11,098-CS-1191  -000,MEDIUM,098-CS-1191  -000,0.323,0,0,0,1,1,0,1,1,0,0,0,0,0
72626913,980000,21-05-002,20210504,1556,,,KY195,,,KY0195,KY0195,0,098 KY-195,KY0195,N,N,NULL,NULL,NULL,N,NULL,NULL,NULL,NULL,NULL,NULL,9.719,NULL,NULL,NULL,NULL,,NULL,0,0,6,6,N,N,55,NULL,98,9830,NULL,,Y,37.34763,37,20.858,NULL,-82.42372,82,25.423,NULL,N,NULL,NULL,NULL,NULL,NULL,NULL,NULL,NULL,1,5,2,3,1,5,6,2,1,3,N,NULL,Y,Y,1606,1611,1611,N,NULL,47,7,0,N,,N,N,098-KY-0195-0,NULL,NULL,2021,O,7.26269E+11,098-KY-0195  -000,HIGH,098-KY-0195  -000,9.719,0,0,0,0,0,0,0,1,0,0,0,1,0
72569830,KSP0900,20-807590,20201128,2035,,,WILLIAMSON,,RD,KY0292,KY0292,,,,N,N,NULL,NULL,NULL,N,NULL,NULL,NULL,NULL,NULL,NULL,8.298,NULL,NULL,NULL,NULL,,NULL,0,0,1,1,N,N,45,NULL,98,9826,NULL,,Y,37.69361,37,41.617,NULL,-82.30375,82,18.225,NULL,N,NULL,NULL,NULL,NULL,NULL,NULL,NULL,NULL,9,3,2,3,1,1,2,6,7,3,N,NULL,N,N,2037,2105,2105,N,NULL,,,,N,,N,N,,NULL,NULL,2020,O,7.25698E+11,098-KY-0292  -000,MEDIUM,098-KY-0292  -000,8.298,0,0,0,0,0,0,0,0,0,0,0,1,0
72584996,KSP0900,21-15997,20210112,2108,,,KY194,,,KY0194,KY0194,,,,N,N,NULL,NULL,NULL,N,NULL,NULL,NULL,NULL,NULL,NULL,20.032,NULL,NULL,NULL,NULL,,NULL,0,0,2,2,N,N,55,NULL,98,9817,NULL,,Y,37.5472,37,32.832,NULL,-82.4035,82,24.21,NULL,N,NULL,NULL,NULL,NULL,NULL,NULL,NULL,NULL,5,3,2,3,1,1,2,6,6,3,N,NULL,Y,N,2047,2122,,N,NULL,49,6,0,N,,N,N,,NULL,NULL,2021,O,7.2585E+11,098-KY-0194  -000,MEDIUM,098-KY-0194  -000,20.032,0,0,0,0,0,0,1,0,0,0,0,0,0
72538684,KSP0900,20-680662,20200903,1512,,,US119,,,US0119,US0119,0,098 US-119,US0119,N,N,NULL,NULL,NULL,N,NULL,NULL,NULL,NULL,NULL,NULL,19.285,NULL,NULL,NULL,NULL,,NULL,0,0,1,1,N,N,55,NULL,98,9836,NULL,,Y,37.60522,37,36.313,NULL,-82.27306,82,16.384,NULL,N,NULL,NULL,NULL,NULL,NULL,NULL,NULL,NULL,9,5,4,3,1,5,6,2,7,3,N,NULL,Y,Y,1606,1635,1720,Y,NULL,51,2,1,N,,N,N,098-US-0119-0,NULL,NULL,2020,O,7.25387E+11,098-US-0119  -000,HIGH,098-US-0119  -000,19.285,0,1,0,0,0,0,0,0,0,0,0,1,0
72574072,980100,2.02E+11,20201211,1939,,,CASSIDY,,BLVD,,,0,098 CS-1191,CS1191,N,N,NULL,NULL,NULL,N,NULL,NULL,NULL,NULL,NULL,NULL,0.298,NULL,NULL,NULL,NULL,,NULL,0,0,2,2,N,N,15,NULL,98,9801,NULL,,Y,37.50505,37,30.303,NULL,-82.53678,82,32.207,NULL,N,NULL,NULL,NULL,NULL,NULL,NULL,NULL,NULL,2,7,2,6,1,1,2,7,1,3,N,NULL,Y,N,1939,1951,,N,NULL,56,,,N,,N,N,098-CS-1191-0,NULL,NULL,2020,O,7.25741E+11,098-CS-1191  -000,HIGH,098-CS-1191  -000,0.298,0,0,1,0,0,0,1,0,0,0,0,0,0
72590572,980100,2.021E+11,20210201,755,,,BYPASS,N,RD,KY1460,KY1460,0,098 KY-1460,KY1460,N,N,NULL,NULL,NULL,N,NULL,NULL,NULL,NULL,NULL,NULL,5.192,NULL,NULL,NULL,NULL,,NULL,0,0,2,2,N,N,45,NULL,98,9801,NULL,,Y,37.48427,37,29.056,NULL,-82.51471,82,30.883,NULL,N,NULL,NULL,NULL,NULL,NULL,NULL,NULL,NULL,1,97,2,6,1,5,9,2,1,3,N,NULL,Y,N,756,804,817,N,NULL,55,16,0,N,,N,N,098-KY-1460-0,NULL,NULL,2021,O,7.25906E+11,098-KY-1460  -000,HIGH,098-KY-1460  -000,5.192,0,0,1,0,0,0,1,0,0,0,0,0,0
72587787,980100,2.021E+11,20210125,1542,,,BAIRD,,AVE,KY1426,KY1426,,,,N,N,NULL,NULL,NULL,N,NULL,NULL,NULL,NULL,NULL,NULL,5.416,NULL,NULL,NULL,NULL,,NULL,0,0,2,2,N,N,25,NULL,98,9801,NULL,,Y,37.47297,37,28.378,NULL,-82.52704,82,31.622,NULL,N,NULL,NULL,NULL,NULL,NULL,NULL,NULL,NULL,5,3,4,6,1,5,6,2,7,3,N,NULL,Y,N,1542,1547,1547,N,NULL,70,,0,N,,N,N,,NULL,NULL,2021,O,7.25878E+11,098-KY-1426  -000,HIGH,098-KY-1426  -000,5.416,0,0,0,0,0,0,1,1,0,0,0,0,0