MasterFile,AgencyORINumber,LocalCode,CollisionDate,CollisionTime,CollisionDayWeekCode,RoadwayName_HouseBusinessNumber_,RoadwayName_RoadwayName_,RoadwayName_Direction_,RoadwayName_RoadwaySuffix_,RoadwayfromReport,CurrentRoadwayNumber,RoadwayNumberCoupletID,RSEUniqueGIS,RoadwayIdentifier,ParkingLotIndicator,IntersectionWith_Indicator_,IntersectionWith_NameRoadway_,IntersectionWith_Direction_,IntersectionWith_RoadwaySuffix_,BetweenStreets_Indicator_,BetweenStreets1_NameRoadway_,BetweenStreet1_Direction_,BetweenStreets1_RoadwaySuffix_,BetweenStreets2_NameRoadway_,BetweenStreets2_Direction_,BetweenStreets2_RoadwaySuffix_,Milepoint,ReportMilepointDeriveNumber,CurrentDerivedMiepointNumber,MilestoMilepoint,FeettoMilepoint,DirectionfromMilepoint_NSEW_,ValidMilepointIndicator,NumberInjured,NumberKilled,ofUnits,ofMotorVehicleUnits,Hit&RunIndicator,OneWayIndicator,SpeedLimitNumber,KilometersIndicator,CountyCode,CityCountyCode,MilesFromCity,DirectionFromCity_NSEW_,InCityLimitsIndicator,Latitude,LatitudeDegrees,LatitudeMinutes,LatitudeSeconds,Longitude,LongitudeDegrees,LongitudeMinutes,LongitudeSeconds,RampIndicator,RampFromIdentifier,RampFromDirCode,RampFromCoupletID,RSEUniqueGISRampFrom,RampToidentifier,RampToDirCode,RampToCoupletID,RSEUniqueGisRampTo,MannerofCollisionCode,LocationFirstEventCode,TotalLanes,RoadwayCharacterCode,RoadwaySurfaceCode,RoadwayConditionCode,WeatherCode,LightConditionCode,LandUseCode,SchoolBusRelatedCode,FirstAidSceneIndicator,CollDescPresentInd,InvestigationCompleteIndicator,PhotosTakenIndicator,TimeNotified,TimeArrived,TimeRoadwayOpened,PropertyDamageIndicator,DiagramPresentIndicator,DirectionalAnalysis,FunctionClassCode,NationalHwySysCode,EnforcementsIndicator,KARSCityCode,SecondaryCollisionIndicator,MedianCrossoverIndicator,RT_UNIQUE,MapIt,TimeLastLeft,YR,KABCO,MFNY,WorkingRID,RT_CONFIDENCE,KTC_RT,KTC_MP,Motorcyclist,CommercialVehicle,YoungDriver,MatureDriver,pedestrian,Bicyclist,Distracted,agressive,Impaired,Unrestrained,Intersection,RoadwayDeparture,MedXover
72555340,980100,2.02E+11,20201016,1144,,,CASSIDY,,BLVD,,,,,,N,N,NULL,NULL,NULL,N,NULL,NULL,NULL,NULL,NULL,NULL,0.351,NULL,NULL,NULL,NULL,,NULL,0,0,2,2,N,N,25,NULL,98,9801,NULL,,Y,37.50516,37,30.31,NULL,-82.53788,82,32.273,NULL,N,NULL,NULL,NULL,NULL,NULL,NULL,NULL,NULL,1,3,4,6,1,1,2,2,1,3,N,NULL,Y,N,1144,1152,,N,NULL,55,,,N,,N,N,,NULL,NULL,2020,O,7.25553E+11,098-CS-1191  -000,MEDIUM,098-CS-1191  -000,0.351,0,0,0,1,0,0,1,1,0,0,0,0,0
72582737,980500,2021AR001,20210108,1535,,,US 23 SOUTH,,,,,,,,N,N,NULL,NULL,NULL,N,NULL,NULL,NULL,NULL,NULL,NULL,NULL,NULL,NULL,NULL,NULL,NULL,NULL,0,0,2,2,N,N,45,NULL,98,9807,NULL,,Y,37.52825,37,31.695,NULL,-82.57508,82,34.505,NULL,N,NULL,NULL,NULL,NULL,NULL,NULL,NULL,NULL,5,3,6,6,1,1,3,2,7,3,N,NULL,N,N,1535,1537,1537,N,NULL,49,,,N,,N,N,,NULL,NULL,2021,O,7.25827E+11,098-US-0023  -010,MEDIUM,098-US-0023  -000,29.349,0,0,1,0,0,0,0,0,0,0,0,0,0
72563800,980100,2.02E+11,20201111,1510,,,CASSIDY,,BLVD,,,,,,Y,N,NULL,NULL,NULL,N,NULL,NULL,NULL,NULL,NULL,NULL,0.401,NULL,NULL,NULL,NULL,,NULL,0,0,2,2,N,N,15,NULL,98,9801,NULL,,Y,37.50477,37,30.286,NULL,-82.53871,82,32.323,NULL,N,NULL,NULL,NULL,NULL,NULL,NULL,NULL,NULL,2,97,2,6,1,5,6,8,1,3,N,NULL,Y,N,1510,1519,1519,N,NULL,90,,,N,,N,N,,NULL,NULL,2020,O,7.25638E+11,098-CS-1191  -000,MEDIUM,098-CS-1191  -000,0.401,0,0,0,0,0,0,1,0,0,0,0,0,0
72606836,980100,2.021E+11,20210324,1555,,,KY3496,,,KY3496,KY3496,,,,Y,N,NULL,NULL,NULL,N,NULL,NULL,NULL,NULL,NULL,NULL,0.22,NULL,NULL,NULL,NULL,,NULL,0,0,2,2,N,N,NULL,NULL,98,9801,NULL,,Y,37.46669,37,28.002,NULL,-82.5315,82,31.89,NULL,N,NULL,NULL,NULL,NULL,NULL,NULL,NULL,NULL,2,97,NULL,6,1,1,2,2,1,3,N,NULL,Y,N,1555,1604,1604,N,NULL,90,16,0,N,,N,N,,NULL,NULL,2021,O,7.26068E+11,098-KY-3496  -000,HIGH,098-KY-3496  -000,0.22,0,0,0,1,0,0,1,0,0,0,0,0,0
72555206,KSP0900,20-743648,20201016,810,,2509,POND CREEK,,RD,KY0199,KY0199,0,098 KY-199,KY0199,N,N,NULL,NULL,NULL,N,NULL,NULL,NULL,NULL,NULL,NULL,9.026,NULL,NULL,NULL,NULL,,NULL,0,0,1,1,Y,N,35,NULL,98,9851,NULL,,Y,37.5704,37,34.224,NULL,-82.26804,82,16.082,NULL,N,NULL,NULL,NULL,NULL,NULL,NULL,NULL,NULL,9,97,2,3,1,5,2,2,1,3,N,NULL,N,Y,810,1120,1120,Y,NULL,40,7,0,N,,N,N,098-KY-0199-0,NULL,NULL,2020,NULL,7.25552E+11,098-KY-0199  -000,HIGH,098-KY-0199  -000,9.026,0,0,0,0,0,0,0,0,0,0,0,1,0
72599453,980100,2.021E+11,20210224,1637,,,COMBS,,AVE,,,,,,N,N,NULL,NULL,NULL,N,NULL,NULL,NULL,NULL,NULL,NULL,0.003,NULL,NULL,NULL,NULL,,NULL,2,0,2,2,N,N,35,NULL,98,9801,NULL,,Y,37.48167,37,28.9,NULL,-82.51417,82,30.85,NULL,N,NULL,NULL,NULL,NULL,NULL,NULL,NULL,NULL,3,3,2,6,1,1,2,2,1,3,Y,NULL,Y,Y,1637,1638,1658,N,NULL,52,,,N,,N,N,,NULL,NULL,2021,B,7.25995E+11,098-CS-1115  -000,MEDIUM,098-CS-1115  -000,0.003,0,0,0,1,0,0,1,0,0,0,0,1,0
72559833,KSP0900,20-766756,20201101,759,,,KY195,,,KY0195,KY0195,0,098 KY-195,KY0195,N,N,NULL,NULL,NULL,N,NULL,NULL,NULL,NULL,NULL,NULL,10.072,NULL,NULL,NULL,NULL,,NULL,0,0,1,1,N,N,35,NULL,98,9822,NULL,,Y,37.35235,37,21.141,NULL,-82.4236,82,25.416,NULL,N,NULL,NULL,NULL,NULL,NULL,NULL,NULL,NULL,9,3,2,1,1,1,3,2,7,3,N,NULL,N,N,759,815,,N,NULL,44,7,0,N,,N,N,098-KY-0195-0,NULL,NULL,2020,O,7.25598E+11,098-KY-0195  -000,HIGH,098-KY-0195  -000,10.072,0,0,0,1,0,0,0,0,0,0,0,1,0
72559714,980000,20-10-006,20201029,2000,,,FISHTRAP,,RD,KY1441,KY1441,0,098 KY-1441,KY1441,N,N,NULL,NULL,NULL,N,NULL,NULL,NULL,NULL,NULL,NULL,1.118,NULL,NULL,NULL,NULL,,NULL,3,0,2,2,N,N,55,NULL,98,9832,NULL,,Y,37.40973,37,24.584,NULL,-82.43176,82,25.905,NULL,N,NULL,NULL,NULL,NULL,NULL,NULL,NULL,NULL,3,3,2,3,1,5,6,6,7,3,Y,NULL,Y,Y,1930,1945,2030,N,NULL,52,8,0,N,,N,N,098-KY-1441-0,NULL,NULL,2020,B,7.25597E+11,098-KY-1441  -000,HIGH,098-KY-1441  -000,1.118,0,0,0,0,0,0,0,1,0,0,0,1,0
72546897,980000,20-09-006,20200923,2000,,,CALLOWAY BRANCH SENG CAMP,,RD,KY3419,KY3419,0,098 KY-3419,KY3419,N,N,NULL,NULL,NULL,N,NULL,NULL,NULL,NULL,NULL,NULL,6.895,NULL,NULL,NULL,NULL,,NULL,0,0,1,1,N,Y,25,NULL,98,9804,3,E,N,37.50045,37,30.027,NULL,-82.2058,82,12.348,NULL,N,NULL,NULL,NULL,NULL,NULL,NULL,NULL,NULL,9,5,1,5,1,1,2,6,7,3,N,NULL,Y,Y,2010,2035,2210,N,NULL,51,9,0,N,,N,N,098-KY-3419-0,NULL,NULL,2020,O,7.25469E+11,098-KY-3419  -000,HIGH,098-KY-3419  -000,6.895,0,0,0,0,0,0,1,0,0,0,0,1,0
72596033,980100,2.021E+11,20210219,1047,,,BYPASS,S,RD,KY1426,KY1426,0,098 KY-1426,KY1426,N,N,NULL,NULL,NULL,N,NULL,NULL,NULL,NULL,NULL,NULL,5.674,NULL,NULL,NULL,NULL,,NULL,0,0,2,2,N,N,10,NULL,98,9801,NULL,,Y,37.4727,37,28.362,NULL,-82.52313,82,31.388,NULL,N,NULL,NULL,NULL,NULL,NULL,NULL,NULL,NULL,3,97,2,6,1,1,9,2,1,3,N,NULL,N,N,1047,1051,1105,N,NULL,47,,0,N,,N,N,098-KY-1426-0,NULL,NULL,2021,O,7.2596E+11,098-KY-1426  -000,HIGH,098-KY-1426  -000,5.674,0,0,0,1,0,0,1,0,0,0,0,0,0
72562639,KSP0900,20-770379,20201103,1537,,,KY3416,,,KY3416,KY3416,0,098 KY-3416,KY3416,N,N,NULL,NULL,NULL,N,NULL,NULL,NULL,NULL,NULL,NULL,0.86,NULL,NULL,NULL,NULL,,NULL,1,0,1,1,N,N,55,NULL,98,9801,NULL,,Y,37.43958,37,26.375,NULL,-82.54199,82,32.52,NULL,N,NULL,NULL,NULL,NULL,NULL,NULL,NULL,NULL,9,3,2,6,1,1,2,2,7,3,Y,NULL,Y,Y,1537,1630,1645,N,NULL,40,9,0,N,,N,N,098-KY-3416-0,NULL,NULL,2020,C,7.25626E+11,098-KY-3416  -000,HIGH,098-KY-3416  -000,0.86,0,0,0,0,0,0,1,0,0,0,0,1,0
72621209,KSP0900,21-171125,20210429,1200,,,HURRICANE,,CRK,,,0,098 CR-1880,CR1880,N,N,NULL,NULL,NULL,N,NULL,NULL,NULL,NULL,NULL,NULL,0.539,NULL,NULL,NULL,NULL,,NULL,1,0,2,2,N,N,35,NULL,98,9825,NULL,,Y,37.49424,37,29.655,NULL,-82.06789,82,4.073,NULL,N,NULL,NULL,NULL,NULL,NULL,NULL,NULL,NULL,3,3,2,3,1,1,3,2,7,3,Y,NULL,Y,Y,1204,1230,1300,N,NULL,52,,,Y,,N,N,098-CR-1880-0,NULL,NULL,2021,B,7.26212E+11,098-CR-1880  -000,HIGH,098-CR-1880  -000,0.539,0,0,0,1,0,0,1,1,0,0,0,1,0
72574753,980100,2.02E+11,20201214,801,,,BYPASS,S,RD,KY1426,KY1426,,,,N,N,NULL,NULL,NULL,N,NULL,NULL,NULL,NULL,NULL,NULL,5.956,NULL,NULL,NULL,NULL,,NULL,0,0,2,2,N,N,35,NULL,98,9801,NULL,,Y,37.47501,37,28.501,NULL,-82.51886,82,31.131,NULL,N,NULL,NULL,NULL,NULL,NULL,NULL,NULL,NULL,5,3,2,6,1,5,6,2,1,3,N,NULL,N,N,801,808,854,N,NULL,49,,0,N,,N,N,,NULL,NULL,2020,O,7.25748E+11,098-KY-1426  -000,HIGH,098-KY-1426  -000,5.956,0,0,0,1,0,0,1,0,0,0,0,0,0
72478360,980100,2.02E+11,20200217,1716,,,MAYO,N,TRL,US0023,US0023,0,098 US-23,US0023,N,N,NULL,NULL,NULL,N,NULL,NULL,NULL,NULL,NULL,NULL,26.175,NULL,NULL,NULL,NULL,,NULL,0,0,2,2,N,N,55,NULL,98,9801,NULL,,Y,37.50212,37,30.127,NULL,-82.53194,82,31.916,NULL,N,NULL,NULL,NULL,NULL,NULL,NULL,NULL,NULL,5,3,4,6,1,1,3,2,1,3,N,NULL,Y,N,1716,1719,,N,NULL,70,,1,N,,N,N,098-US-0023-0,NULL,NULL,2020,O,7.24784E+11,098-US-0023  -000,HIGH,098-US-0023  -000,26.175,0,0,0,0,0,0,1,0,0,0,0,0,0
72588156,980200,ELK4125-46-20,20201231,1830,,3405,ELKHORN,,CRK,KY0197,KY0197,0,098 KY-197,KY0197,N,N,NULL,NULL,NULL,N,NULL,NULL,NULL,NULL,NULL,NULL,13.047,NULL,NULL,NULL,NULL,,NULL,0,0,1,1,N,N,55,NULL,98,9802,NULL,,Y,37.27707,37,16.624,NULL,-82.39149,82,23.489,NULL,N,NULL,NULL,NULL,NULL,NULL,NULL,NULL,NULL,9,97,2,3,1,1,2,6,2,3,N,NULL,Y,Y,1830,1845,1830,Y,NULL,40,7,0,N,,N,Y,098-KY-0197-0,NULL,NULL,2020,O,7.25882E+11,098-KY-0197  -000,HIGH,098-KY-0197  -000,13.054,0,0,0,1,0,0,0,0,1,1,0,1,0
72537413,KSP0900,20-673721,20200829,2326,,3683,COMMERCIAL,,ST,,,0,098 CS-3004,CS3004,Y,N,NULL,NULL,NULL,N,NULL,NULL,NULL,NULL,NULL,NULL,0.039,NULL,NULL,NULL,NULL,,NULL,0,0,1,1,N,N,NULL,NULL,98,9807,NULL,,Y,37.51792,37,31.075,NULL,-82.56567,82,33.94,NULL,N,NULL,NULL,NULL,NULL,NULL,NULL,NULL,NULL,9,97,1,6,1,1,2,5,5,3,N,NULL,Y,N,2328,2332,,N,NULL,90,,,N,,N,N,098-CS-3004-0,NULL,NULL,2020,O,7.25374E+11,098-CS-3004  -000,HIGH,098-CS-3004  -000,0.039,0,0,0,0,0,0,1,0,0,0,0,1,0
72599369,980100,2.021E+11,20210302,1231,,,US23,,,US0023,US0023,,,,N,N,NULL,NULL,NULL,N,NULL,NULL,NULL,NULL,NULL,NULL,30.594,NULL,NULL,NULL,NULL,,NULL,1,0,2,2,N,Y,55,NULL,98,9801,NULL,,Y,37.54274,37,32.564,NULL,-82.58666,82,35.2,NULL,N,NULL,NULL,NULL,NULL,NULL,NULL,NULL,NULL,8,3,4,6,1,1,2,2,1,3,Y,NULL,N,Y,1231,1241,1335,N,NULL,53,,1,N,,N,N,,NULL,NULL,2021,B,7.25994E+11,098-US-0023  -010,MEDIUM,098-US-0023  -000,30.594,0,0,0,0,0,0,1,0,0,0,0,1,0
72530061,980500,2020AR038,20200810,1233,,,COUNTRY MUSIC HIGHWAY,,,,,,,,N,N,NULL,NULL,NULL,N,NULL,NULL,NULL,NULL,NULL,NULL,NULL,NULL,NULL,NULL,NULL,NULL,NULL,0,0,2,2,N,N,45,NULL,98,9807,NULL,,Y,37.52248,37,31.349,NULL,-82.57063,82,34.238,NULL,N,NULL,NULL,NULL,NULL,NULL,NULL,NULL,NULL,1,3,6,6,1,1,2,2,7,3,N,NULL,Y,Y,1233,1236,1241,N,NULL,55,,,N,,N,N,,NULL,NULL,2020,O,7.25301E+11,098-US-0023  -000,MEDIUM,098-US-0023  -000,28.882,0,0,0,1,0,0,0,0,0,0,0,0,0
72516875,KSP0900,20-566425,20200625,1706,,,FERRELLS CREEK,,RD,US0460,US0460,0,098 US-460,US0460,N,N,NULL,NULL,NULL,N,NULL,NULL,NULL,NULL,NULL,NULL,16.596,NULL,NULL,NULL,NULL,,NULL,1,0,2,2,N,N,55,NULL,98,9822,NULL,,Y,37.35476,37,21.285,NULL,-82.33734,82,20.241,NULL,N,NULL,NULL,NULL,NULL,NULL,NULL,NULL,NULL,8,3,2,6,1,1,2,2,7,3,N,NULL,Y,Y,1714,1742,,N,NULL,53,,1,N,,N,N,098-US-0460-0,NULL,NULL,2020,C,7.25169E+11,098-US-0460  -000,HIGH,098-US-0460  -000,16.596,0,0,0,0,0,0,1,0,0,0,0,1,0
72562362,980000,20-11-001,20201101,1738,,,TOLER,,RD,KY0319,KY0319,0,098 KY-319,KY0319,N,N,NULL,NULL,NULL,N,NULL,NULL,NULL,NULL,NULL,NULL,4.883,NULL,NULL,NULL,NULL,,NULL,2,0,1,1,N,N,35,NULL,98,9842,NULL,,Y,37.61855,37,37.113,NULL,-82.24245,82,14.547,NULL,N,NULL,NULL,NULL,NULL,NULL,NULL,NULL,NULL,9,3,2,3,1,1,2,3,7,3,N,NULL,Y,Y,1738,1743,1849,N,NULL,70,7,0,N,,N,N,098-KY-0319-0,NULL,NULL,2020,B,7.25624E+11,098-KY-0319  -000,HIGH,098-KY-0319  -000,4.883,0,0,0,0,0,0,0,0,0,0,0,0,0
72556015,980100,2.02E+11,20201023,1121,,,HUFFMAN,,AVE,,,0,098 CS-1123,CS1123,N,N,NULL,NULL,NULL,N,NULL,NULL,NULL,NULL,NULL,NULL,0.012,NULL,NULL,NULL,NULL,,NULL,0,0,1,1,N,Y,15,NULL,98,9801,NULL,,Y,37.47699,37,28.619,NULL,-82.51725,82,31.035,NULL,N,NULL,NULL,NULL,NULL,NULL,NULL,NULL,NULL,9,97,2,6,1,1,3,2,6,3,N,NULL,Y,Y,1121,1126,1138,Y,NULL,40,,,N,,N,N,098-CS-1123-0,NULL,NULL,2020,O,7.2556E+11,098-CS-1123  -000,HIGH,098-CS-1123  -000,0.012,0,1,0,0,0,0,0,0,0,0,0,1,0
72592430,KSP0900,21-51570,20210208,1059,,,GREASY,,CRK,KY3226,KY3226,0,098 KY-3226,KY3226,N,N,NULL,NULL,NULL,N,NULL,NULL,NULL,NULL,NULL,NULL,0.278,NULL,NULL,NULL,NULL,,NULL,1,0,1,1,N,N,55,NULL,98,9824,NULL,,Y,37.38301,37,22.98,NULL,-82.47379,82,28.427,NULL,N,NULL,NULL,NULL,NULL,NULL,NULL,NULL,NULL,9,4,2,6,1,5,2,2,7,3,Y,NULL,Y,Y,1100,1108,1200,N,NULL,51,8,0,N,,N,N,098-KY-3226-0,NULL,NULL,2021,B,7.25924E+11,098-KY-3226  -000,HIGH,098-KY-3226  -000,0.278,0,0,0,1,0,0,0,0,0,1,0,1,0
72585900,980100,2.021E+11,20210115,847,,,BYPASS,S,RD,KY1426,KY1426,0,098 KY-1426,KY1426,N,N,NULL,NULL,NULL,N,NULL,NULL,NULL,NULL,NULL,NULL,6.445,NULL,NULL,NULL,NULL,,NULL,1,0,2,2,N,N,35,NULL,98,9801,NULL,,Y,37.48224,37,28.934,NULL,-82.51395,82,30.837,NULL,N,NULL,NULL,NULL,NULL,NULL,NULL,NULL,NULL,1,3,3,6,1,5,6,2,1,3,Y,NULL,Y,Y,847,848,1004,N,NULL,55,,0,N,,N,N,098-KY-1426-0,NULL,NULL,2021,C,7.25859E+11,098-KY-1426  -000,HIGH,098-KY-1426  -000,6.445,0,0,1,0,0,0,1,0,0,0,0,0,0
72599430,KSP0900,21-83380,20210302,1640,,,US460,,,US0460,US0460,0,098 US-460,US0460,N,N,NULL,NULL,NULL,N,NULL,NULL,NULL,NULL,NULL,NULL,6.149,NULL,NULL,NULL,NULL,,NULL,0,0,2,2,N,N,55,NULL,98,9832,NULL,,Y,37.40159,37,24.096,NULL,-82.43382,82,26.029,NULL,N,NULL,NULL,NULL,NULL,NULL,NULL,NULL,NULL,5,3,2,4,1,1,2,2,7,3,N,NULL,N,N,1627,1710,1710,N,NULL,49,,1,N,,N,N,098-US-0460-0,NULL,NULL,2021,O,7.25994E+11,098-US-0460  -000,HIGH,098-US-0460  -000,6.149,0,0,0,1,0,0,0,1,0,0,0,0,0
72567389,980100,2.02E+11,20201119,1554,,,BYPASS,S,RD,KY1426,KY1426,,,,N,N,NULL,NULL,NULL,N,NULL,NULL,NULL,NULL,NULL,NULL,6.544,NULL,NULL,NULL,NULL,,NULL,0,0,2,1,N,N,45,NULL,98,9801,NULL,,Y,37.48228,37,28.937,NULL,-82.51382,82,30.829,NULL,N,NULL,NULL,NULL,NULL,NULL,NULL,NULL,NULL,1,3,3,6,1,1,2,2,7,3,N,NULL,Y,N,1554,1601,1628,N,NULL,55,,0,N,,N,N,,NULL,NULL,2020,O,7.25674E+11,098-KY-1426  -000,HIGH,098-KY-1426  -000,6.544,0,0,0,0,0,0,1,0,0,0,0,0,0
72580953,KSP0900,20-851309,20201231,1833,,,RIGHT FORK OF BRUSHY,,RD,,,0,098 CR-1360Q4,CR1360Q4,N,N,NULL,NULL,NULL,N,NULL,NULL,NULL,NULL,NULL,NULL,7.23,NULL,NULL,NULL,NULL,,NULL,0,0,1,1,N,N,35,NULL,98,9820,NULL,,Y,37.58277,37,34.966,NULL,-82.44183,82,26.51,NULL,N,NULL,NULL,NULL,NULL,NULL,NULL,NULL,NULL,9,3,1,6,1,1,2,6,7,3,N,NULL,Y,N,1833,1848,1934,N,NULL,70,,,N,,N,N,098-CR-1360Q4-0,NULL,NULL,2020,O,7.2581E+11,098-CR-1360Q4-000,HIGH,098-CR-1360Q4-000,7.23,0,0,0,0,0,0,0,0,0,0,0,0,0
72582693,980100,2.021E+11,20210107,1323,,254,CASSIDY,,BLVD,,,0,098 CS-1191,CS1191,Y,N,NULL,NULL,NULL,N,NULL,NULL,NULL,NULL,NULL,NULL,0.047,NULL,NULL,NULL,NULL,,NULL,0,0,2,2,N,N,NULL,NULL,98,9801,NULL,,Y,37.5037,37,30.222,NULL,-82.53293,82,31.976,NULL,N,NULL,NULL,NULL,NULL,NULL,NULL,NULL,NULL,2,97,1,6,1,1,2,2,1,3,N,NULL,Y,N,1323,1324,1324,N,NULL,90,,,N,,N,N,098-CS-1191-0,NULL,NULL,2021,O,7.25827E+11,098-CS-1191  -000,MEDIUM,098-CS-1191  -000,0.047,0,0,0,0,0,0,1,0,0,0,0,0,0
72552605,KSP0900,20-735947,20201010,1800,,,US23,,,US0023,US0023,0,098 US-23,US0023,N,N,NULL,NULL,NULL,N,NULL,NULL,NULL,NULL,NULL,NULL,28.997,NULL,NULL,NULL,NULL,,NULL,0,0,2,2,Y,N,55,NULL,98,9807,NULL,,Y,37.5238,37,31.428,NULL,-82.57195,82,34.317,NULL,N,NULL,NULL,NULL,NULL,NULL,NULL,NULL,NULL,5,3,4,6,1,1,2,2,3,3,N,NULL,Y,N,1800,1800,1800,N,NULL,49,,1,N,,N,N,098-US-0023-0,NULL,NULL,2020,O,7.25526E+11,098-US-0023  -000,HIGH,098-US-0023  -000,28.997,0,0,0,0,0,0,0,0,0,0,0,0,0
72550836,KSP0900,20-731306,20201007,1614,,,LEFT FORK OF ISLAND,,CRK,KY3416,KY3416,0,098 KY-3416,KY3416,N,N,NULL,NULL,NULL,N,NULL,NULL,NULL,NULL,NULL,NULL,0.33,NULL,NULL,NULL,NULL,,NULL,0,0,2,2,Y,N,55,NULL,98,9801,NULL,,Y,37.43513,37,26.108,NULL,-82.5491,82,32.946,NULL,N,NULL,NULL,NULL,NULL,NULL,NULL,NULL,NULL,1,3,2,6,1,1,2,2,7,3,N,NULL,Y,N,1614,1633,,N,NULL,55,9,0,Y,,N,N,098-KY-3416-0,NULL,NULL,2020,O,7.25508E+11,098-KY-3416  -000,HIGH,098-KY-3416  -000,0.33,0,0,0,0,0,0,1,0,0,0,0,0,0
72513393,980100,2.02E+11,20200621,405,,,CASSIDY,,BLVD,,,,,,N,N,NULL,NULL,NULL,N,NULL,NULL,NULL,NULL,NULL,NULL,0.16,NULL,NULL,NULL,NULL,,NULL,0,0,2,2,N,N,35,NULL,98,9801,NULL,,Y,37.50369,37,30.222,NULL,-82.53465,82,32.079,NULL,N,NULL,NULL,NULL,NULL,NULL,NULL,NULL,NULL,1,3,2,3,1,1,2,6,7,3,N,NULL,Y,N,405,412,441,N,NULL,55,,,N,,N,N,,NULL,NULL,2020,O,7.25134E+11,098-CS-1191  -000,LOW,098-CS-1191  -000,0.16,0,0,0,0,0,0,1,1,0,0,0,0,0
72528507,KSP0900,20-625922,20200730,1722,,,KY2167,,,KY2167,KY2167,0,098 KY-2167,KY2167,N,N,NULL,NULL,NULL,N,NULL,NULL,NULL,NULL,NULL,NULL,0.108,NULL,NULL,NULL,NULL,,NULL,0,0,1,1,N,N,55,NULL,98,9823,NULL,,Y,37.38575,37,23.145,NULL,-82.54292,82,32.575,NULL,N,NULL,NULL,NULL,NULL,NULL,NULL,NULL,NULL,9,3,2,4,1,5,6,2,7,3,N,NULL,Y,Y,1722,1759,,N,NULL,40,7,0,N,,N,N,098-KY-2167-0,NULL,NULL,2020,O,7.25285E+11,098-KY-2167  -000,HIGH,098-KY-2167  -000,0.108,0,0,0,0,0,0,0,0,0,0,0,1,0
72620882,KSP0900,21-170969,20210429,959,,,US23,,,US0023,US0023,0,098 US-23,US0023,N,N,NULL,NULL,NULL,N,NULL,NULL,NULL,NULL,NULL,NULL,13.73,NULL,NULL,NULL,NULL,,NULL,0,0,1,1,N,N,55,NULL,98,9801,5,S,N,37.38253,37,22.951,NULL,-82.54073,82,32.444,NULL,N,NULL,NULL,NULL,NULL,NULL,NULL,NULL,NULL,9,97,4,6,1,1,3,2,6,3,N,NULL,Y,N,959,1102,959,N,NULL,44,,1,N,,N,N,098-US-0023-0,NULL,NULL,2021,O,7.26209E+11,098-US-0023  -000,HIGH,098-US-0023  -000,13.73,0,0,0,0,0,0,0,0,0,0,0,1,0
72611467,KSP0900,21-133602,20210404,1611,,,KY194,,,KY0194,KY0194,0,098 KY-194,KY0194,N,N,NULL,NULL,NULL,N,NULL,NULL,NULL,NULL,NULL,NULL,53.274,NULL,NULL,NULL,NULL,,NULL,2,0,1,1,N,N,35,NULL,98,9804,NULL,,Y,37.49785,37,29.871,NULL,-82.13698,82,8.219,NULL,N,NULL,NULL,NULL,NULL,NULL,NULL,NULL,NULL,9,3,2,6,1,1,2,2,7,3,Y,NULL,Y,Y,1617,1645,1700,N,NULL,41,8,0,N,,N,N,098-KY-0194-0,NULL,NULL,2021,A,7.26115E+11,098-KY-0194  -000,HIGH,098-KY-0194  -000,53.274,0,0,1,0,0,0,0,0,0,0,0,1,0
72587991,KSP0900,21-31918,20210124,2043,,,KY194,,,KY0194,KY0194,0,098 KY-194,KY0194,N,N,NULL,NULL,NULL,N,NULL,NULL,NULL,NULL,NULL,NULL,26.492,NULL,NULL,NULL,NULL,,NULL,0,0,2,2,N,N,55,NULL,98,9817,NULL,,Y,37.49929,37,29.957,NULL,-82.3519,82,21.114,NULL,N,NULL,NULL,NULL,NULL,NULL,NULL,NULL,NULL,4,3,2,6,1,5,6,6,7,3,N,NULL,Y,N,2043,2050,2055,N,NULL,70,6,0,N,,N,N,098-KY-0194-0,NULL,NULL,2021,O,7.2588E+11,098-KY-0194  -000,HIGH,098-KY-0194  -000,26.492,0,0,0,0,0,0,1,0,0,0,0,0,0
72571155,980000,20-11-002,20201111,2005,,,US23,,,US0023,US0023,0,098 US-23-10,US0023,N,N,NULL,NULL,NULL,N,NULL,NULL,NULL,NULL,NULL,NULL,10.754,NULL,NULL,NULL,NULL,,NULL,0,0,2,2,N,N,55,NULL,98,9806,NULL,,Y,37.34709,37,20.826,NULL,-82.5479,82,32.874,NULL,N,NULL,NULL,NULL,NULL,NULL,NULL,NULL,NULL,1,3,4,3,1,5,3,6,1,3,N,NULL,Y,Y,2005,2015,2050,N,NULL,55,,1,N,,N,N,098-US-0023-10,NULL,NULL,2020,O,7.25712E+11,098-US-0023  -010,HIGH,098-US-0023  -000,10.754,0,0,0,0,0,0,0,1,0,0,0,0,0
72560399,KSP0900,20-769738,20201103,821,,6536,KY195,,,KY0195,KY0195,0,098 KY-195,KY0195,N,N,NULL,NULL,NULL,N,NULL,NULL,NULL,NULL,NULL,NULL,5.037,NULL,NULL,NULL,NULL,,NULL,0,0,1,1,Y,N,35,NULL,98,9830,NULL,,Y,37.31402,37,18.841,NULL,-82.47303,82,28.382,NULL,N,NULL,NULL,NULL,NULL,NULL,NULL,NULL,NULL,9,97,2,3,1,1,2,6,7,3,N,NULL,N,N,821,850,,Y,NULL,70,8,0,N,,N,N,098-KY-0195-0,NULL,NULL,2020,NULL,7.25604E+11,098-KY-0195  -000,HIGH,098-KY-0195  -000,5.037,0,0,0,0,0,0,0,0,0,0,0,1,0