MasterFile,AgencyORINumber,LocalCode,CollisionDate,CollisionTime,CollisionDayWeekCode,RoadwayName_HouseBusinessNumber_,RoadwayName_RoadwayName_,RoadwayName_Direction_,RoadwayName_RoadwaySuffix_,RoadwayfromReport,CurrentRoadwayNumber,RoadwayNumberCoupletID,RSEUniqueGIS,RoadwayIdentifier,ParkingLotIndicator,IntersectionWith_Indicator_,IntersectionWith_NameRoadway_,IntersectionWith_Direction_,IntersectionWith_RoadwaySuffix_,BetweenStreets_Indicator_,BetweenStreets1_NameRoadway_,BetweenStreet1_Direction_,BetweenStreets1_RoadwaySuffix_,BetweenStreets2_NameRoadway_,BetweenStreets2_Direction_,BetweenStreets2_RoadwaySuffix_,Milepoint,ReportMilepointDeriveNumber,CurrentDerivedMiepointNumber,MilestoMilepoint,FeettoMilepoint,DirectionfromMilepoint_NSEW_,ValidMilepointIndicator,NumberInjured,NumberKilled,ofUnits,ofMotorVehicleUnits,Hit&RunIndicator,OneWayIndicator,SpeedLimitNumber,KilometersIndicator,CountyCode,CityCountyCode,MilesFromCity,DirectionFromCity_NSEW_,InCityLimitsIndicator,Latitude,LatitudeDegrees,LatitudeMinutes,LatitudeSeconds,Longitude,LongitudeDegrees,LongitudeMinutes,LongitudeSeconds,RampIndicator,RampFromIdentifier,RampFromDirCode,RampFromCoupletID,RSEUniqueGISRampFrom,RampToidentifier,RampToDirCode,RampToCoupletID,RSEUniqueGisRampTo,MannerofCollisionCode,LocationFirstEventCode,TotalLanes,RoadwayCharacterCode,RoadwaySurfaceCode,RoadwayConditionCode,WeatherCode,LightConditionCode,LandUseCode,SchoolBusRelatedCode,FirstAidSceneIndicator,CollDescPresentInd,InvestigationCompleteIndicator,PhotosTakenIndicator,TimeNotified,TimeArrived,TimeRoadwayOpened,PropertyDamageIndicator,DiagramPresentIndicator,DirectionalAnalysis,FunctionClassCode,NationalHwySysCode,EnforcementsIndicator,KARSCityCode,SecondaryCollisionIndicator,MedianCrossoverIndicator,RT_UNIQUE,MapIt,TimeLastLeft,YR,KABCO,MFNY,WorkingRID,RT_CONFIDENCE,KTC_RT,KTC_MP,Motorcyclist,CommercialVehicle,YoungDriver,MatureDriver,pedestrian,Bicyclist,Distracted,agressive,Impaired,Unrestrained,Intersection,RoadwayDeparture,MedXover
72569321,KSP0900,20-806008,20201127,1713,,,GREASY,,CRK,,,0,098 CR-1256,CR1256,N,N,NULL,NULL,NULL,N,NULL,NULL,NULL,NULL,NULL,NULL,1.083,NULL,NULL,NULL,NULL,,NULL,0,0,2,2,N,N,25,NULL,98,9824,NULL,,Y,37.36962,37,22.177,NULL,-82.48895,82,29.337,NULL,N,NULL,NULL,NULL,NULL,NULL,NULL,NULL,NULL,7,3,1,6,1,1,2,3,7,3,N,NULL,Y,N,1728,1738,,N,NULL,54,,,N,,N,N,098-CR-1256-0,NULL,NULL,2020,O,7.25693E+11,098-CR-1256  -000,HIGH,098-CR-1256  -000,1.083,0,0,0,0,0,0,1,0,0,0,0,1,0
72602774,KSP0900,21-90369,20210306,2215,,224,GARDNER,,FRK,,,0,098 CR-1228,CR1228,N,N,NULL,NULL,NULL,N,NULL,NULL,NULL,NULL,NULL,NULL,0.217,NULL,NULL,NULL,NULL,,NULL,0,0,1,1,N,Y,25,NULL,98,9801,NULL,,Y,37.37623,37,22.574,NULL,-82.47572,82,28.543,NULL,N,NULL,NULL,NULL,NULL,NULL,NULL,NULL,NULL,9,3,1,6,1,5,2,6,7,3,N,NULL,Y,N,2218,2228,,Y,NULL,40,,,Y,,N,N,098-CR-1228-0,NULL,NULL,2021,O,7.26028E+11,098-CR-1228  -000,HIGH,098-CR-1228  -000,0.217,0,0,0,0,0,0,0,0,1,1,0,1,0
72614934,KSP0900,21-142481,20210409,2354,,13336,US460,,,US0460,US0460,0,098 US-460,US0460,N,N,NULL,NULL,NULL,N,NULL,NULL,NULL,NULL,NULL,NULL,12.761,NULL,NULL,NULL,NULL,,NULL,1,0,1,1,N,N,55,NULL,98,9802,NULL,,Y,37.33983,37,20.39,NULL,-82.39355,82,23.613,NULL,N,NULL,NULL,NULL,NULL,NULL,NULL,NULL,NULL,9,3,2,3,1,1,2,6,7,3,Y,NULL,Y,Y,2356,14,,N,NULL,70,,1,N,,N,N,098-US-0460-0,NULL,NULL,2021,A,7.26149E+11,098-US-0460  -000,HIGH,098-US-0460  -000,12.761,1,0,0,0,0,0,0,1,0,0,0,1,0
72591857,980100,2.021E+11,20210205,828,,911,BYPASS,S,RD,KY1426,KY1426,,,,Y,N,NULL,NULL,NULL,N,NULL,NULL,NULL,NULL,NULL,NULL,5.813,NULL,NULL,NULL,NULL,,NULL,0,0,2,2,N,N,15,NULL,98,9801,NULL,,Y,37.4736,37,28.416,NULL,-82.52084,82,31.251,NULL,N,NULL,NULL,NULL,NULL,NULL,NULL,NULL,NULL,8,97,2,4,1,1,2,2,1,3,N,NULL,Y,N,828,830,835,N,NULL,90,,0,N,,N,N,,NULL,NULL,2021,O,7.25919E+11,098-KY-1426  -000,MEDIUM,098-KY-1426  -000,5.813,0,0,0,0,0,0,0,0,0,0,0,0,0
72586928,980000,2101004,20210115,1425,,,KY292,,,KY0292,KY0292,0,098 KY-292,KY0292,N,N,NULL,NULL,NULL,N,NULL,NULL,NULL,NULL,NULL,NULL,3.084,NULL,NULL,NULL,NULL,,NULL,0,0,2,2,N,N,45,NULL,98,9893,NULL,,Y,37.66063,37,39.638,NULL,-82.24155,82,14.493,NULL,N,NULL,NULL,NULL,NULL,NULL,NULL,NULL,NULL,7,3,2,6,1,1,2,2,7,3,N,NULL,Y,Y,1353,1415,1453,N,NULL,54,8,0,N,,N,N,098-KY-0292-0,NULL,NULL,2021,O,7.25869E+11,098-KY-0292  -000,HIGH,098-KY-0292  -000,3.084,0,0,0,0,0,0,1,0,0,0,0,1,0
72595106,KSP0900,21-62314,20210216,141,,,ROCKHOUSE,,CRK,,,0,098 CR-1243,CR1243,N,N,NULL,NULL,NULL,N,NULL,NULL,NULL,NULL,NULL,NULL,1.429,NULL,NULL,NULL,NULL,,NULL,0,0,1,1,N,N,35,NULL,98,9830,NULL,,Y,37.33567,37,20.14,NULL,-82.47466,82,28.48,NULL,N,NULL,NULL,NULL,NULL,NULL,NULL,NULL,NULL,9,3,2,3,1,5,6,6,7,3,N,NULL,Y,N,141,230,230,Y,NULL,44,,,N,,N,N,098-CR-1243-0,NULL,NULL,2021,O,7.25951E+11,098-CR-1243  -000,HIGH,098-CR-1243  -000,1.429,0,0,0,0,0,0,0,0,0,0,0,1,0
72599846,980100,2.021E+11,20210302,2237,,,RIVER,,DR,,,,,,Y,N,NULL,NULL,NULL,N,NULL,NULL,NULL,NULL,NULL,NULL,0.308,NULL,NULL,NULL,NULL,,NULL,0,0,2,2,N,N,15,NULL,98,9801,NULL,,Y,37.47357,37,28.414,NULL,-82.52651,82,31.591,NULL,N,NULL,NULL,NULL,NULL,NULL,NULL,NULL,NULL,2,97,1,6,1,1,2,5,1,3,N,NULL,Y,N,2237,2238,2238,N,NULL,90,,,N,,N,N,,NULL,NULL,2021,O,7.25998E+11,098-CS-1256  -000,LOW,098-CS-1256  -000,0.308,0,0,0,0,0,0,1,0,0,0,0,0,0
72597826,980100,2.021E+11,20210224,1639,,,KY3496,,,KY3496,KY3496,,,,Y,N,NULL,NULL,NULL,N,NULL,NULL,NULL,NULL,NULL,NULL,0.836,NULL,NULL,NULL,NULL,,NULL,0,0,2,2,N,N,10,NULL,98,9801,NULL,,Y,37.47205,37,28.323,NULL,-82.52885,82,31.731,NULL,N,NULL,NULL,NULL,NULL,NULL,NULL,NULL,NULL,2,97,2,6,1,1,2,2,1,3,N,NULL,N,N,1639,1640,1653,N,NULL,90,16,0,N,,N,N,,NULL,NULL,2021,O,7.25978E+11,098-KY-3496  -000,HIGH,098-KY-3496  -000,0.836,0,0,1,0,0,0,1,0,0,0,0,0,0
72575524,980100,2.02E+11,20201216,1153,,,US23,,,US0023,US0023,0,098 US-23,US0023,N,N,NULL,NULL,NULL,N,NULL,NULL,NULL,NULL,NULL,NULL,20.512,NULL,NULL,NULL,NULL,,NULL,0,0,1,1,N,N,55,NULL,98,9801,NULL,,Y,37.44395,37,26.637,NULL,-82.51853,82,31.112,NULL,N,NULL,NULL,NULL,NULL,NULL,NULL,NULL,NULL,9,3,4,6,1,5,6,2,7,3,N,NULL,Y,N,1153,1155,1155,N,NULL,38,,1,N,,N,N,098-US-0023-0,NULL,NULL,2020,O,7.25755E+11,098-US-0023  -000,HIGH,098-US-0023  -000,20.512,0,0,0,0,0,0,0,0,0,0,0,0,0
72619224,KSP0900,21-171640,20210429,1805,,5351,MAYO,N,TRL,,,0,098 PR-1326,PR1326,Y,N,NULL,NULL,NULL,N,NULL,NULL,NULL,NULL,NULL,NULL,0.032,NULL,NULL,NULL,NULL,,NULL,0,0,2,2,N,N,35,NULL,98,9801,NULL,,Y,37.49488,37,29.693,NULL,-82.5323,82,31.938,NULL,N,NULL,NULL,NULL,NULL,NULL,NULL,NULL,NULL,2,97,0,6,1,1,2,2,1,3,N,NULL,Y,N,1805,1815,1820,N,NULL,90,,,N,,N,N,098-PR-1326-0,NULL,NULL,2021,O,7.26192E+11,098-PR-1326  -000,HIGH,098-PR-1326  -000,0.032,0,0,1,0,0,0,1,0,0,0,0,0,0
72606170,KSP0900,21-115536,20210323,1611,,10609,BENT BRANCH,,RD,KY1426,KY1426,,,,N,N,NULL,NULL,NULL,N,NULL,NULL,NULL,NULL,NULL,NULL,17.848,NULL,NULL,NULL,NULL,,NULL,0,0,2,2,N,N,35,NULL,98,9820,NULL,,Y,37.5767,37,34.602,NULL,-82.4207,82,25.242,NULL,N,NULL,NULL,NULL,NULL,NULL,NULL,NULL,NULL,5,97,2,6,1,1,2,2,6,3,N,NULL,Y,N,1616,1640,,N,NULL,47,7,0,N,,N,N,,NULL,NULL,2021,O,7.26062E+11,098-KY-1426  -000,HIGH,098-KY-1426  -000,17.848,0,0,0,0,0,0,0,0,0,0,0,0,0
72573380,980100,2.02E+11,20201209,1608,,,MAYO,S,TRL,US0023,US0023,0,098 US-23-10,US0023,N,N,NULL,NULL,NULL,N,NULL,NULL,NULL,NULL,NULL,NULL,22.296,NULL,NULL,NULL,NULL,,NULL,0,0,2,2,N,N,55,NULL,98,9801,NULL,,Y,37.46141,37,27.685,NULL,-82.51699,82,31.019,NULL,N,NULL,NULL,NULL,NULL,NULL,NULL,NULL,NULL,8,3,4,6,1,1,3,2,7,3,N,NULL,Y,N,1608,1608,1608,N,NULL,53,,1,N,,N,N,098-US-0023-10,NULL,NULL,2020,O,7.25734E+11,098-US-0023  -010,HIGH,098-US-0023  -000,22.296,0,0,0,0,0,0,1,0,0,0,0,1,0
72598149,980100,2.021E+11,20210225,1323,,,US23,,,US0023,US0023,0,098 US-23-10,US0023,N,N,NULL,NULL,NULL,N,NULL,NULL,NULL,NULL,NULL,NULL,26.26,NULL,NULL,NULL,NULL,,NULL,0,0,2,2,Y,N,55,NULL,98,9801,NULL,,Y,37.5034,37,30.204,NULL,-82.53232,82,31.939,NULL,N,NULL,NULL,NULL,NULL,NULL,NULL,NULL,NULL,8,3,4,6,1,1,2,2,7,3,N,NULL,Y,N,1323,1332,1332,N,NULL,53,,1,N,,N,N,098-US-0023-10,NULL,NULL,2021,O,7.25981E+11,098-US-0023  -010,HIGH,098-US-0023  -000,26.26,0,0,0,1,0,0,0,0,0,0,0,1,0
72540165,980500,2020-048,20200908,1234,,144,COWPEN ROAD,,,,,,,,Y,N,NULL,NULL,NULL,N,NULL,NULL,NULL,NULL,NULL,NULL,NULL,NULL,NULL,NULL,NULL,NULL,NULL,0,0,1,1,Y,N,15,NULL,98,9807,NULL,,Y,37.53175,37,31.905,NULL,-82.57419,82,34.452,NULL,N,NULL,NULL,NULL,NULL,NULL,NULL,NULL,NULL,9,97,NULL,6,1,1,2,2,1,3,N,NULL,Y,Y,1236,1249,1249,Y,NULL,90,,,N,,N,N,,NULL,NULL,2020,O,7.25402E+11,098-KY-2061  -000,MEDIUM,098-KY-2061  -000,0.157,0,0,0,0,0,0,1,0,0,0,0,0,0
72579582,980100,2.02E+11,20201223,2232,,,BYPASS,S,RD,KY1426,KY1426,0,098 KY-1426,KY1426,N,N,NULL,NULL,NULL,N,NULL,NULL,NULL,NULL,NULL,NULL,6.027,NULL,NULL,NULL,NULL,,NULL,1,0,1,1,N,N,55,NULL,98,9801,NULL,,Y,37.47586,37,28.552,NULL,-82.51809,82,31.085,NULL,N,NULL,NULL,NULL,NULL,NULL,NULL,NULL,NULL,9,4,2,6,1,1,3,6,7,3,N,NULL,Y,Y,2332,2233,2310,N,NULL,44,,0,N,,N,N,098-KY-1426-0,NULL,NULL,2020,C,7.25796E+11,098-KY-1426  -000,HIGH,098-KY-1426  -000,6.027,0,0,0,0,0,0,0,0,0,1,0,1,0
72633669,KSP0900,21-234277,20210608,600,,,STONE COAL CREEK,,RD,KY3227,KY3227,0,098 KY-3227,KY3227,N,N,NULL,NULL,NULL,N,NULL,NULL,NULL,NULL,NULL,NULL,4.479,NULL,NULL,NULL,NULL,,NULL,0,0,1,1,N,N,55,NULL,98,9801,NULL,,Y,37.55279,37,33.168,NULL,-82.50905,82,30.543,NULL,N,NULL,NULL,NULL,NULL,NULL,NULL,NULL,NULL,9,4,2,3,1,5,2,2,7,3,N,NULL,N,Y,600,709,720,N,NULL,51,8,0,N,,N,N,098-KY-3227-0,NULL,NULL,2021,NULL,7.26337E+11,098-KY-3227  -000,HIGH,098-KY-3227  -000,4.479,0,0,0,0,0,0,1,0,1,0,0,1,0
72632769,KSP0900,21-227626,20210604,228,,,US23,,,US0023,US0023,0,098 US-23-10,US0023,N,N,NULL,NULL,NULL,N,NULL,NULL,NULL,NULL,NULL,NULL,26.402,NULL,NULL,NULL,NULL,,NULL,1,0,1,1,N,N,55,NULL,98,9801,NULL,,Y,37.50529,37,30.318,NULL,-82.53271,82,31.962,NULL,N,NULL,NULL,NULL,NULL,NULL,NULL,NULL,NULL,9,3,4,6,1,1,2,5,7,3,Y,NULL,N,Y,228,228,240,N,NULL,70,,1,N,,N,N,098-US-0023-10,NULL,NULL,2021,C,7.26328E+11,098-US-0023  -010,HIGH,098-US-0023  -000,26.402,0,0,0,0,0,0,0,0,1,1,0,1,0
72535314,KSP0900,20-666752,20200825,1450,,,KY3416,,,KY3416,KY3416,0,098 KY-3416,KY3416,N,N,NULL,NULL,NULL,N,NULL,NULL,NULL,NULL,NULL,NULL,0.618,NULL,NULL,NULL,NULL,,NULL,0,0,1,1,N,N,55,NULL,98,9801,2,W,N,37.43665,37,26.199,NULL,-82.54428,82,32.657,NULL,N,NULL,NULL,NULL,NULL,NULL,NULL,NULL,NULL,9,5,2,6,1,1,2,2,7,3,N,NULL,Y,N,1450,1510,1510,Y,NULL,51,9,0,N,,N,N,098-KY-3416-0,NULL,NULL,2020,NULL,7.25353E+11,098-KY-3416  -000,HIGH,098-KY-3416  -000,0.618,0,0,0,0,0,0,0,0,0,0,0,1,0
72600563,KSP0900,21-79441,20210228,1044,,6536,KY195,,,KY0195,KY0195,0,098 KY-195,KY0195,N,N,NULL,NULL,NULL,N,NULL,NULL,NULL,NULL,NULL,NULL,5.026,NULL,NULL,NULL,NULL,,NULL,0,0,1,1,Y,N,35,NULL,98,9830,NULL,,Y,37.31403,37,18.842,NULL,-82.47324,82,28.394,NULL,N,NULL,NULL,NULL,NULL,NULL,NULL,NULL,NULL,9,97,2,3,1,1,2,2,7,3,N,NULL,Y,N,1046,1111,,Y,NULL,40,8,0,N,,N,N,098-KY-0195-0,NULL,NULL,2021,NULL,7.26006E+11,098-KY-0195  -000,HIGH,098-KY-0195  -000,5.026,0,0,0,0,0,0,0,0,0,0,0,1,0
72544464,KSP0900,20-702479,20200917,1243,,,LEVISA,N,RD,KY1499,KY1499,0,098 KY-1499,KY1499,N,N,NULL,NULL,NULL,N,NULL,NULL,NULL,NULL,NULL,NULL,1.749,NULL,NULL,NULL,NULL,,NULL,1,0,2,2,N,N,55,NULL,98,9847,NULL,,Y,37.40102,37,24.061,NULL,-82.24945,82,14.967,NULL,N,NULL,NULL,NULL,NULL,NULL,NULL,NULL,NULL,1,3,2,6,1,5,6,2,7,3,N,NULL,Y,Y,1328,1352,,N,NULL,55,7,0,N,,Y,N,098-KY-1499-0,NULL,NULL,2020,B,7.25445E+11,098-KY-1499  -000,HIGH,098-KY-1499  -000,1.749,0,1,0,0,0,0,0,0,0,0,0,1,0
72485550,KSP0900,20-8231,20200303,647,,,US23,,,US0023,US0023,0,098 US-23,US0023,N,N,NULL,NULL,NULL,N,NULL,NULL,NULL,NULL,NULL,NULL,6.899,NULL,NULL,NULL,NULL,,NULL,0,0,2,2,N,N,55,NULL,98,9809,NULL,,Y,37.30053,37,18.032,NULL,-82.54319,82,32.591,NULL,N,NULL,NULL,NULL,NULL,NULL,NULL,NULL,NULL,1,5,4,1,1,5,2,1,7,3,Y,NULL,Y,Y,650,710,,N,NULL,47,,1,N,,N,N,098-US-0023-0,NULL,NULL,2020,O,7.24856E+11,098-US-0023  -000,HIGH,098-US-0023  -000,6.899,0,1,0,0,0,0,1,0,0,0,0,1,0
72631812,980100,2.021E+11,20210602,1414,,,US23 TURN LANE,,,US0023,US0023,0,098 US-23-21,US0023,N,N,NULL,NULL,NULL,N,NULL,NULL,NULL,NULL,NULL,NULL,0.017,NULL,NULL,NULL,NULL,,NULL,0,0,2,2,N,N,55,NULL,98,9801,NULL,,Y,37.50358,37,30.215,NULL,-82.53235,82,31.941,NULL,N,NULL,NULL,NULL,NULL,NULL,NULL,NULL,NULL,5,3,4,6,1,1,2,2,7,3,N,NULL,Y,N,1430,1430,1430,N,NULL,70,,1,Y,,N,N,098-US-0023-21,NULL,NULL,2021,O,7.26318E+11,098-US-0023  -021,HIGH,098-US-0023  -021,0.017,0,0,0,0,0,0,0,0,1,0,0,0,0
72621881,KSP0900,21-180806,20210505,1601,,,US460,,,US0460,US0460,0,098 US-460,US0460,N,N,NULL,NULL,NULL,N,NULL,NULL,NULL,NULL,NULL,NULL,9.769,NULL,NULL,NULL,NULL,,NULL,0,0,2,2,N,N,55,NULL,98,9830,NULL,,Y,37.36519,37,21.911,NULL,-82.40805,82,24.483,NULL,N,NULL,NULL,NULL,NULL,NULL,NULL,NULL,NULL,5,3,2,6,1,5,3,2,7,3,N,NULL,Y,N,1603,1640,1603,N,NULL,49,,1,N,,N,N,098-US-0460-0,NULL,NULL,2021,O,7.26219E+11,098-US-0460  -000,HIGH,098-US-0460  -000,9.769,0,0,0,0,0,0,1,0,0,0,0,0,0
72554678,980100,2.02E+11,20201018,210,,,BYPASS,N,RD,KY1460,KY1460,0,098 KY-1460,KY1460,Y,N,NULL,NULL,NULL,N,NULL,NULL,NULL,NULL,NULL,NULL,5.22,NULL,NULL,NULL,NULL,,NULL,0,0,2,2,Y,N,15,NULL,98,9801,NULL,,Y,37.48458,37,29.075,NULL,-82.51501,82,30.901,NULL,N,NULL,NULL,NULL,NULL,NULL,NULL,NULL,NULL,1,97,1,6,1,1,2,4,1,3,N,NULL,Y,Y,210,222,222,N,NULL,90,16,0,Y,,N,N,098-KY-1460-0,NULL,NULL,2020,O,7.25547E+11,098-KY-1460  -000,HIGH,098-KY-1460  -000,5.22,0,0,0,0,0,0,0,0,0,0,0,0,0
72551193,980100,2.02E+12,20201010,1633,,,US23,,,US0023,US0023,0,098 US-23,US0023,N,N,NULL,NULL,NULL,N,NULL,NULL,NULL,NULL,NULL,NULL,26.237,NULL,NULL,NULL,NULL,,NULL,0,0,2,2,N,N,55,NULL,98,9801,NULL,,Y,37.50299,37,30.18,NULL,-82.53206,82,31.924,NULL,N,NULL,NULL,NULL,NULL,NULL,NULL,NULL,NULL,5,3,4,6,1,5,6,2,1,3,N,NULL,N,N,1633,1637,1733,N,NULL,70,,1,Y,,N,N,098-US-0023-0,NULL,NULL,2020,O,7.25512E+11,098-US-0023  -000,HIGH,098-US-0023  -000,26.237,0,0,0,0,0,0,0,1,0,0,0,0,0
72588504,980100,2.021E+11,20210121,1652,,,KY3496,,,KY3496,KY3496,,,,Y,N,NULL,NULL,NULL,N,NULL,NULL,NULL,NULL,NULL,NULL,0.719,NULL,NULL,NULL,NULL,,NULL,0,0,2,2,N,Y,NULL,NULL,98,9801,NULL,,Y,37.47193,37,28.316,NULL,-82.53101,82,31.861,NULL,N,NULL,NULL,NULL,NULL,NULL,NULL,NULL,NULL,5,97,2,6,1,1,3,2,1,3,N,NULL,Y,N,1652,1702,1702,N,NULL,90,16,0,N,,N,N,,NULL,NULL,2021,O,7.25885E+11,098-KY-3496  -000,HIGH,098-KY-3496  -000,0.719,0,0,0,1,0,0,1,0,0,0,0,0,0
72620127,980100,2.021E+11,20210501,1129,,,CASSIDY,,BLVD,,,0,098 CS-1191,CS1191,Y,N,NULL,NULL,NULL,N,NULL,NULL,NULL,NULL,NULL,NULL,0.009,NULL,NULL,NULL,NULL,,NULL,0,0,2,2,N,N,10,NULL,98,9801,NULL,,Y,37.50375,37,30.225,NULL,-82.53231,82,31.939,NULL,N,NULL,NULL,NULL,NULL,NULL,NULL,NULL,NULL,2,97,1,6,1,1,2,2,1,3,N,NULL,Y,N,1129,1136,1145,N,NULL,90,,,N,,N,N,098-CS-1191-0,NULL,NULL,2021,O,7.26201E+11,098-CS-1191  -000,HIGH,098-CS-1191  -000,0.009,0,0,0,1,0,0,1,0,0,0,0,1,0
72529906,KSP0900,20-641492,20200809,1725,,,US119,,,US0119,US0119,,,,N,N,NULL,NULL,NULL,N,NULL,NULL,NULL,NULL,NULL,NULL,24.465,NULL,NULL,NULL,NULL,,NULL,0,0,2,2,N,N,45,NULL,98,9834,NULL,,Y,37.66156,37,39.694,NULL,-82.27393,82,16.436,NULL,N,NULL,NULL,NULL,NULL,NULL,NULL,NULL,NULL,1,3,4,3,1,1,2,2,7,3,N,NULL,Y,Y,1727,1731,1833,N,NULL,55,2,1,N,,N,N,,NULL,NULL,2020,O,7.25299E+11,098-US-0119  -010,MEDIUM,098-US-0119  -000,24.465,0,0,0,1,0,0,1,1,0,0,0,0,0
72522399,KSP0900,20-605270,20200717,1816,,,SHELBIANA,,RD,US0460,US0460,,,,N,N,NULL,NULL,NULL,N,NULL,NULL,NULL,NULL,NULL,NULL,2.78,NULL,NULL,NULL,NULL,,NULL,0,0,2,2,N,N,55,NULL,98,9824,NULL,,Y,37.43049,37,25.829,NULL,-82.47935,82,28.761,NULL,N,NULL,NULL,NULL,NULL,NULL,NULL,NULL,NULL,5,3,2,6,1,1,2,2,7,3,N,NULL,Y,Y,1816,1829,1919,N,NULL,49,,1,N,,N,N,,NULL,NULL,2020,O,7.25224E+11,098-US-0460  -000,HIGH,098-US-0460  -000,2.78,0,0,0,0,0,0,1,0,0,0,0,0,0
72579466,KSP0900,20-842960,20201224,1924,,,LONG FORK,,RD,KY1469,KY1469,0,098 KY-1469,KY1469,N,N,NULL,NULL,NULL,N,NULL,NULL,NULL,NULL,NULL,NULL,7.553,NULL,NULL,NULL,NULL,,NULL,0,0,1,1,N,N,55,NULL,98,9827,NULL,,Y,37.30963,37,18.578,NULL,-82.63372,82,38.023,NULL,N,NULL,NULL,NULL,NULL,NULL,NULL,NULL,NULL,9,3,2,6,1,4,9,6,7,3,N,NULL,Y,N,1924,2030,,N,NULL,70,8,0,N,,N,N,098-KY-1469-0,NULL,NULL,2020,O,7.25795E+11,098-KY-1469  -000,HIGH,098-KY-1469  -000,7.553,0,0,0,0,0,0,0,0,0,0,0,1,0
72615102,980100,2.021E+11,20210415,1446,,,US23 CONNECTOR TO US460,,,US0023,US0023,0,098 US-23-71,US0023,N,N,NULL,NULL,NULL,N,NULL,NULL,NULL,NULL,NULL,NULL,0.009,NULL,NULL,NULL,NULL,,NULL,1,0,2,2,N,N,55,NULL,98,9801,NULL,,Y,37.43886,37,26.332,NULL,-82.50919,82,30.552,NULL,N,NULL,NULL,NULL,NULL,NULL,NULL,NULL,NULL,5,3,4,2,1,1,2,2,7,3,Y,NULL,Y,Y,1446,1451,,N,NULL,49,,1,N,,N,N,098-US-0023-71,NULL,NULL,2021,C,7.26151E+11,098-US-0023  -071,HIGH,098-US-0023  -071,0.009,0,0,0,0,0,0,1,0,0,0,0,0,0
72583893,KSP0900,20-847547,20201228,2030,,,US119,,,US0119,US0119,,,,N,N,NULL,NULL,NULL,N,NULL,NULL,NULL,NULL,NULL,NULL,7.081,NULL,NULL,NULL,NULL,,NULL,0,0,2,2,N,N,55,NULL,98,9820,NULL,,Y,37.54922,37,32.953,NULL,-82.43483,82,26.09,NULL,N,NULL,NULL,NULL,NULL,NULL,NULL,NULL,NULL,5,3,4,6,1,1,2,6,7,3,N,NULL,Y,N,2030,2100,2300,N,NULL,41,2,1,N,,N,N,,NULL,NULL,2020,O,7.25839E+11,098-US-0119  -000,MEDIUM,098-US-0119  -000,7.081,0,0,1,0,0,0,0,0,0,0,0,1,0
72620824,KSP0900,21-178989,20210504,1223,,,US119,,,US0119,US0119,0,098 US-119,US0119,Y,N,NULL,NULL,NULL,N,NULL,NULL,NULL,NULL,NULL,NULL,0.504,NULL,NULL,NULL,NULL,,NULL,0,0,2,2,N,N,55,NULL,98,9801,NULL,,Y,37.50636,37,30.382,NULL,-82.52358,82,31.415,NULL,N,NULL,NULL,NULL,NULL,NULL,NULL,NULL,NULL,2,97,2,6,1,5,6,2,7,3,N,NULL,Y,N,1223,1240,1240,N,NULL,90,2,1,N,,N,N,098-US-0119-0,NULL,NULL,2021,O,7.26208E+11,098-US-0119  -000,HIGH,098-US-0119  -000,0.504,0,0,0,0,0,0,1,0,0,0,0,0,0
72612694,980100,2.021E+11,20210411,409,,,US23,,,US0023,US0023,0,098 US-23,US0023,N,N,NULL,NULL,NULL,N,NULL,NULL,NULL,NULL,NULL,NULL,24.903,NULL,NULL,NULL,NULL,,NULL,0,0,1,1,N,N,55,NULL,98,9801,NULL,,Y,37.48719,37,29.231,NULL,-82.54146,82,32.487,NULL,N,NULL,NULL,NULL,NULL,NULL,NULL,NULL,NULL,9,3,4,3,1,1,3,5,7,3,N,NULL,Y,N,409,416,,N,NULL,38,,1,N,,N,N,098-US-0023-0,NULL,NULL,2021,O,7.26127E+11,098-US-0023  -000,HIGH,098-US-0023  -000,24.903,0,0,0,0,0,0,1,0,0,0,0,0,0
72616372,KSP0900,21-157722,20210420,1100,,,COOK,,BTM,,,0,098 CR-1590F,CR1590F,N,N,NULL,NULL,NULL,N,NULL,NULL,NULL,NULL,NULL,NULL,0.057,NULL,NULL,NULL,NULL,,NULL,0,0,2,2,N,N,10,NULL,98,9863,NULL,,Y,37.62125,37,37.275,NULL,-82.16882,82,10.129,NULL,N,NULL,NULL,NULL,NULL,NULL,NULL,NULL,NULL,2,3,1,6,1,1,2,2,7,3,N,NULL,Y,N,1100,1115,1130,N,NULL,56,,,N,,N,N,098-CR-1590F-0,NULL,NULL,2021,O,7.26164E+11,098-CR-1590F -000,HIGH,098-CR-1590F -000,0.057,0,0,0,1,0,0,1,0,0,0,0,0,0
72591039,980100,2.021E+11,20210111,1533,,,HIBBARD,,ST,,,,,,N,N,NULL,NULL,NULL,N,NULL,NULL,NULL,NULL,NULL,NULL,0.042,NULL,NULL,NULL,NULL,,NULL,0,0,2,2,N,N,20,NULL,98,9801,NULL,,Y,37.47367,37,28.42,NULL,-82.52674,82,31.605,NULL,N,NULL,NULL,NULL,NULL,NULL,NULL,NULL,NULL,2,3,2,6,1,1,3,2,7,3,N,NULL,N,N,1533,1538,1538,N,NULL,56,,,N,,N,N,,NULL,NULL,2021,O,7.2591E+11,098-CS-1053  -000,MEDIUM,098-CS-1053  -000,0.042,0,0,0,0,0,0,1,1,0,0,0,0,0