MasterFile,AgencyORINumber,LocalCode,CollisionDate,CollisionTime,CollisionDayWeekCode,RoadwayName_HouseBusinessNumber_,RoadwayName_RoadwayName_,RoadwayName_Direction_,RoadwayName_RoadwaySuffix_,RoadwayfromReport,CurrentRoadwayNumber,RoadwayNumberCoupletID,RSEUniqueGIS,RoadwayIdentifier,ParkingLotIndicator,IntersectionWith_Indicator_,IntersectionWith_NameRoadway_,IntersectionWith_Direction_,IntersectionWith_RoadwaySuffix_,BetweenStreets_Indicator_,BetweenStreets1_NameRoadway_,BetweenStreet1_Direction_,BetweenStreets1_RoadwaySuffix_,BetweenStreets2_NameRoadway_,BetweenStreets2_Direction_,BetweenStreets2_RoadwaySuffix_,Milepoint,ReportMilepointDeriveNumber,CurrentDerivedMiepointNumber,MilestoMilepoint,FeettoMilepoint,DirectionfromMilepoint_NSEW_,ValidMilepointIndicator,NumberInjured,NumberKilled,ofUnits,ofMotorVehicleUnits,Hit&RunIndicator,OneWayIndicator,SpeedLimitNumber,KilometersIndicator,CountyCode,CityCountyCode,MilesFromCity,DirectionFromCity_NSEW_,InCityLimitsIndicator,Latitude,LatitudeDegrees,LatitudeMinutes,LatitudeSeconds,Longitude,LongitudeDegrees,LongitudeMinutes,LongitudeSeconds,RampIndicator,RampFromIdentifier,RampFromDirCode,RampFromCoupletID,RSEUniqueGISRampFrom,RampToidentifier,RampToDirCode,RampToCoupletID,RSEUniqueGisRampTo,MannerofCollisionCode,LocationFirstEventCode,TotalLanes,RoadwayCharacterCode,RoadwaySurfaceCode,RoadwayConditionCode,WeatherCode,LightConditionCode,LandUseCode,SchoolBusRelatedCode,FirstAidSceneIndicator,CollDescPresentInd,InvestigationCompleteIndicator,PhotosTakenIndicator,TimeNotified,TimeArrived,TimeRoadwayOpened,PropertyDamageIndicator,DiagramPresentIndicator,DirectionalAnalysis,FunctionClassCode,NationalHwySysCode,EnforcementsIndicator,KARSCityCode,SecondaryCollisionIndicator,MedianCrossoverIndicator,RT_UNIQUE,MapIt,TimeLastLeft,YR,KABCO,MFNY,WorkingRID,RT_CONFIDENCE,KTC_RT,KTC_MP,Motorcyclist,CommercialVehicle,YoungDriver,MatureDriver,pedestrian,Bicyclist,Distracted,agressive,Impaired,Unrestrained,Intersection,RoadwayDeparture,MedXover
72579216,980200,EC4120003,20201224,1201,,,KY80,,,KY0080,KY0080,0,098 KY-80,KY0080,N,N,NULL,NULL,NULL,N,NULL,NULL,NULL,NULL,NULL,NULL,0.629,NULL,NULL,NULL,NULL,,NULL,0,0,2,2,N,N,45,NULL,98,9802,1.5,W,N,37.33412,37,20.047,NULL,-82.36963,82,22.178,NULL,N,NULL,NULL,NULL,NULL,NULL,NULL,NULL,NULL,8,3,2,4,1,5,6,2,7,3,N,NULL,Y,Y,1201,1240,1245,N,NULL,53,7,5,N,,N,N,098-KY-0080-0,NULL,NULL,2020,O,7.25792E+11,098-KY-0080  -000,HIGH,098-KY-0080  -000,0.629,0,0,0,0,0,0,0,0,0,0,0,1,0
72576444,980100,2.02E+11,20201217,1726,,,HAMBLEY,,BLVD,,,0,098 CS-1222,CS1222,N,Y,DIVISION,,ST,N,NULL,NULL,NULL,NULL,NULL,NULL,0.663,NULL,NULL,NULL,NULL,,NULL,0,0,2,2,N,N,25,NULL,98,9801,NULL,,Y,37.48054,37,28.833,NULL,-82.51904,82,31.142,NULL,N,NULL,NULL,NULL,NULL,NULL,NULL,NULL,NULL,8,3,2,6,1,5,2,5,1,3,N,NULL,Y,N,1727,1728,1755,N,NULL,19,,,N,,N,N,098-CS-1222-0,NULL,NULL,2020,O,7.25764E+11,098-CS-1222  -000,HIGH,098-CS-1222  -000,0.663,0,0,0,1,0,0,0,0,0,0,1,0,0
72583489,980000,21-01-001,20210103,1830,,,KY1056,,,KY1056,KY1056,0,098 KY-1056,KY1056,N,N,NULL,NULL,NULL,N,NULL,NULL,NULL,NULL,NULL,NULL,5.501,NULL,NULL,NULL,NULL,,NULL,2,0,2,2,Y,N,55,NULL,98,9879,NULL,,Y,37.56017,37,33.61,NULL,-82.19216,82,11.529,NULL,N,NULL,NULL,NULL,NULL,NULL,NULL,NULL,NULL,8,3,2,6,1,1,2,6,7,3,N,NULL,N,Y,2012,2012,2049,N,NULL,53,7,0,N,,N,N,098-KY-1056-0,NULL,NULL,2021,C,7.25835E+11,098-KY-1056  -000,MEDIUM,098-KY-1056  -000,5.501,0,0,0,0,0,0,0,1,0,0,0,1,0
72560723,980100,2.02E+11,20201029,1205,,,US23,,,US0023,US0023,0,098 US-23,US0023,N,N,NULL,NULL,NULL,N,NULL,NULL,NULL,NULL,NULL,NULL,22.939,NULL,NULL,NULL,NULL,,NULL,2,0,2,2,N,N,55,NULL,98,9801,NULL,,Y,37.4655,37,27.93,NULL,-82.52596,82,31.558,NULL,N,NULL,NULL,NULL,NULL,NULL,NULL,NULL,NULL,5,3,4,6,1,1,2,2,1,3,Y,NULL,Y,N,1205,1208,1208,N,NULL,49,,1,N,,N,N,098-US-0023-0,NULL,NULL,2020,C,7.25607E+11,098-US-0023  -000,HIGH,098-US-0023  -000,22.939,0,0,0,1,0,0,1,0,0,0,0,0,0
72577791,980100,2.02E+11,20201222,1925,,,BYPASS,S,RD,KY1426,KY1426,,,,Y,N,NULL,NULL,NULL,N,NULL,NULL,NULL,NULL,NULL,NULL,5.677,NULL,NULL,NULL,NULL,,NULL,0,0,2,2,N,N,NULL,NULL,98,9801,NULL,,Y,37.47271,37,28.362,NULL,-82.52308,82,31.385,NULL,N,NULL,NULL,NULL,NULL,NULL,NULL,NULL,NULL,2,97,2,4,2,1,2,5,1,3,N,NULL,Y,N,1926,1932,1932,N,NULL,90,,0,N,,N,N,,NULL,NULL,2020,O,7.25778E+11,098-KY-1426  -000,HIGH,098-KY-1426  -000,5.677,0,0,0,1,0,0,1,0,0,0,0,0,0
72593126,KSP0900,21-52871,20210209,800,,,OOTEN,,LN,,,0,098 CR-1544G,CR1544G,N,N,NULL,NULL,NULL,N,NULL,NULL,NULL,NULL,NULL,NULL,0.063,NULL,NULL,NULL,NULL,,NULL,1,0,1,1,N,N,35,NULL,98,9819,NULL,,Y,37.58216,37,34.93,NULL,-82.27011,82,16.206,NULL,N,NULL,NULL,NULL,NULL,NULL,NULL,NULL,NULL,9,3,2,6,1,2,6,2,7,3,Y,NULL,Y,N,800,950,950,N,NULL,44,,,N,,N,N,098-CR-1544G-0,NULL,NULL,2021,C,7.25931E+11,098-CR-1544G -000,MEDIUM,098-CR-1544G -000,0.063,0,0,0,1,0,0,0,1,0,0,0,1,0
72579847,980100,2.02E+11,20201229,1454,,,KY3496,,,KY3496,KY3496,,,,Y,N,NULL,NULL,NULL,N,NULL,NULL,NULL,NULL,NULL,NULL,0.181,NULL,NULL,NULL,NULL,,NULL,0,0,2,2,N,N,NULL,NULL,98,9801,NULL,,Y,37.46639,37,27.984,NULL,-82.53089,82,31.853,NULL,N,NULL,NULL,NULL,NULL,NULL,NULL,NULL,NULL,2,97,NULL,6,1,1,2,2,1,3,N,NULL,Y,N,1454,1501,1516,N,NULL,90,16,0,N,,N,N,,NULL,NULL,2020,O,7.25798E+11,098-KY-3496  -000,HIGH,098-KY-3496  -000,0.181,0,0,0,0,0,0,1,0,0,0,0,0,0
72549808,KSP0900,20-729233,20201006,810,,,KY1469,,,KY1469,KY1469,0,098 KY-1469,KY1469,N,N,NULL,NULL,NULL,N,NULL,NULL,NULL,NULL,NULL,NULL,11.812,NULL,NULL,NULL,NULL,,NULL,1,0,1,1,N,N,55,NULL,98,9827,3,NE,N,37.34534,37,20.72,NULL,-82.58451,82,35.071,NULL,N,NULL,NULL,NULL,NULL,NULL,NULL,NULL,NULL,9,5,2,6,1,1,10,2,7,3,Y,NULL,Y,N,810,818,830,N,NULL,51,7,0,N,,N,N,098-KY-1469-0,NULL,NULL,2020,C,7.25498E+11,098-KY-1469  -000,HIGH,098-KY-1469  -000,11.812,0,0,0,0,0,0,1,0,0,0,0,1,0
72557842,KSP0900,20-754925,20201023,1910,,,US119,,,US0119,US0119,0,098 US-119-10,US0119,N,N,NULL,NULL,NULL,N,NULL,NULL,NULL,NULL,NULL,NULL,23.919,NULL,NULL,NULL,NULL,,NULL,0,0,2,2,N,N,55,NULL,98,9834,NULL,,Y,37.65458,37,39.275,NULL,-82.26958,82,16.175,NULL,N,NULL,NULL,NULL,NULL,NULL,NULL,NULL,NULL,1,3,4,6,1,1,2,6,7,3,N,NULL,Y,Y,1915,1919,2023,N,NULL,55,2,1,Y,,N,N,098-US-0119-10,NULL,NULL,2020,O,7.25578E+11,098-US-0119  -010,HIGH,098-US-0119  -000,23.919,0,0,0,0,0,0,1,0,0,0,0,0,0
72557844,KSP0900,20-755795,20201024,1316,,,TOLER,,RD,KY0319,KY0319,0,098 KY-319,KY0319,N,N,NULL,NULL,NULL,N,NULL,NULL,NULL,NULL,NULL,NULL,6.07,NULL,NULL,NULL,NULL,,NULL,0,0,1,1,N,N,45,NULL,98,9842,NULL,,Y,37.63277,37,37.966,NULL,-82.25124,82,15.074,NULL,N,NULL,NULL,NULL,NULL,NULL,NULL,NULL,NULL,9,3,2,6,1,5,3,2,7,3,N,NULL,Y,Y,1316,1316,1316,N,NULL,38,7,0,N,,N,N,098-KY-0319-0,NULL,NULL,2020,O,7.25578E+11,098-KY-0319  -000,HIGH,098-KY-0319  -000,6.07,0,0,0,0,0,0,0,0,0,0,0,0,0
72596673,980100,2.021E+11,20210220,1736,,,US23,,,US0023,US0023,0,098 US-23,US0023,N,N,NULL,NULL,NULL,N,NULL,NULL,NULL,NULL,NULL,NULL,32.117,NULL,NULL,NULL,NULL,,NULL,0,0,4,4,N,N,55,NULL,98,9801,NULL,,Y,37.53766,37,32.26,NULL,-82.61095,82,36.657,NULL,N,NULL,NULL,NULL,NULL,NULL,NULL,NULL,NULL,5,97,4,6,1,1,2,2,1,3,N,NULL,Y,Y,1736,1748,,N,NULL,47,,1,Y,,N,N,098-US-0023-0,NULL,NULL,2021,O,7.25967E+11,098-US-0023  -000,HIGH,098-US-0023  -000,32.117,0,0,0,0,0,0,0,0,1,0,0,0,0
72536042,KSP0900,20-664834,20200824,1055,,,STONE COAL CREEK,,RD,KY3227,KY3227,0,098 KY-3227,KY3227,N,N,NULL,NULL,NULL,N,NULL,NULL,NULL,NULL,NULL,NULL,1.511,NULL,NULL,NULL,NULL,,NULL,0,0,2,2,N,N,35,NULL,98,9801,NULL,,Y,37.53049,37,31.829,NULL,-82.53859,82,32.315,NULL,N,NULL,NULL,NULL,NULL,NULL,NULL,NULL,NULL,7,3,1,6,1,1,2,2,7,3,N,NULL,Y,N,1143,1210,,N,NULL,54,8,0,N,,N,N,098-KY-3227-0,NULL,NULL,2020,O,7.2536E+11,098-KY-3227  -000,HIGH,098-KY-3227  -000,1.511,0,1,0,1,0,0,1,0,0,0,0,1,0
72535496,980100,2.02E+11,20200824,614,,157,SCOTT,,AVE,,,,,,N,N,NULL,NULL,NULL,N,NULL,NULL,NULL,NULL,NULL,NULL,0.13,NULL,NULL,NULL,NULL,,NULL,0,0,2,1,N,Y,15,NULL,98,9801,NULL,,Y,37.48316,37,28.99,NULL,-82.51734,82,31.041,NULL,N,NULL,NULL,NULL,NULL,NULL,NULL,NULL,NULL,9,97,1,6,2,1,2,2,6,3,N,NULL,Y,N,614,616,616,N,NULL,37,,,N,,N,N,,NULL,NULL,2020,O,7.25355E+11,098-CS-1116  -000,MEDIUM,098-CS-1116  -000,0.13,0,0,0,0,0,1,0,0,0,0,0,0,0
72534423,KSP0900,20-646399,20200812,1718,,,KY194,,,KY0194,KY0194,0,098 KY-194,KY0194,N,N,NULL,NULL,NULL,N,NULL,NULL,NULL,NULL,NULL,NULL,28.034,NULL,NULL,NULL,NULL,,NULL,0,0,2,2,N,N,55,NULL,98,9817,NULL,,Y,37.47923,37,28.754,NULL,-82.34777,82,20.866,NULL,N,NULL,NULL,NULL,NULL,NULL,NULL,NULL,NULL,3,3,2,6,1,1,2,2,7,3,N,NULL,Y,Y,1718,1740,1820,N,NULL,52,7,0,N,,N,N,098-KY-0194-0,NULL,NULL,2020,O,7.25344E+11,098-KY-0194  -000,HIGH,098-KY-0194  -000,28.034,0,0,0,0,0,0,0,0,1,1,0,1,0
72567788,980100,2.02E+11,20201122,1838,,,US23,,,US0023,US0023,,,,N,N,NULL,NULL,NULL,N,NULL,NULL,NULL,NULL,NULL,NULL,30.19,NULL,NULL,NULL,NULL,,NULL,0,0,1,1,N,N,55,NULL,98,9801,NULL,,Y,37.53932,37,32.359,NULL,-82.58137,82,34.882,NULL,N,NULL,NULL,NULL,NULL,NULL,NULL,NULL,NULL,9,3,4,6,1,5,6,7,1,3,N,NULL,Y,N,1840,1851,1851,N,NULL,38,,1,N,,N,N,,NULL,NULL,2020,O,7.25678E+11,098-US-0023  -000,MEDIUM,098-US-0023  -000,30.19,0,0,0,0,0,0,0,0,0,0,0,0,0
72552965,980500,2020AR058,20201015,1320,,3987,MAYO TRAIL,N,,,,,,,Y,N,NULL,NULL,NULL,N,NULL,NULL,NULL,NULL,NULL,NULL,NULL,NULL,NULL,NULL,NULL,NULL,NULL,0,0,2,2,N,N,10,NULL,98,9807,NULL,,Y,37.51977,37,31.186,NULL,-82.56892,82,34.135,NULL,N,NULL,NULL,NULL,NULL,NULL,NULL,NULL,NULL,7,97,NULL,6,1,1,2,2,1,3,N,NULL,Y,Y,1322,1327,1327,N,NULL,90,,,N,,N,N,,NULL,NULL,2020,O,7.2553E+11,098-US-0023  -010,MEDIUM,098-US-0023  -000,28.679,0,0,0,0,0,0,1,0,0,0,0,0,0
72582274,980100,2.021E+11,20210104,1605,,,MAYO,S,TRL,KY3496,KY3496,,,,Y,N,NULL,NULL,NULL,N,NULL,NULL,NULL,NULL,NULL,NULL,0.049,NULL,NULL,NULL,NULL,,NULL,0,0,2,2,N,N,15,NULL,98,9801,NULL,,Y,37.46538,37,27.923,NULL,-82.52863,82,31.718,NULL,N,NULL,NULL,NULL,NULL,NULL,NULL,NULL,NULL,2,97,0,6,1,1,2,2,1,3,N,NULL,Y,N,1605,1609,1609,N,NULL,90,16,0,N,,N,N,,NULL,NULL,2021,O,7.25823E+11,098-KY-3496  -000,MEDIUM,098-KY-3496  -000,0.049,0,0,0,0,0,0,1,0,0,0,0,0,0
72616612,980100,2.021E+11,20210410,2245,,,US23,,,US0023,US0023,0,098 US-23,US0023,N,N,NULL,NULL,NULL,N,NULL,NULL,NULL,NULL,NULL,NULL,19.406,NULL,NULL,NULL,NULL,,NULL,1,0,1,1,N,N,55,NULL,98,9801,NULL,,Y,37.44612,37,26.767,NULL,-82.50465,82,30.279,NULL,N,NULL,NULL,NULL,NULL,NULL,NULL,NULL,NULL,9,5,4,6,1,5,3,5,7,3,Y,NULL,N,Y,2245,2250,321,N,NULL,44,,1,N,,N,N,098-US-0023-0,NULL,NULL,2021,A,7.26166E+11,098-US-0023  -000,HIGH,098-US-0023  -000,19.406,0,0,0,0,0,0,0,0,1,0,0,1,0
72589961,KSP0900,21-19459,20210115,1022,,,GRAPEVINE,,RD,KY0194,KY0194,0,098 KY-194,KY0194,N,N,NULL,NULL,NULL,N,NULL,NULL,NULL,NULL,NULL,NULL,30.277,NULL,NULL,NULL,NULL,,NULL,0,0,2,2,Y,N,55,NULL,98,9849,NULL,,Y,37.45095,37,27.057,NULL,-82.3549,82,21.294,NULL,N,NULL,NULL,NULL,NULL,NULL,NULL,NULL,NULL,3,3,2,5,1,5,6,2,7,3,N,NULL,Y,Y,1024,1043,1100,N,NULL,52,7,0,N,,N,N,098-KY-0194-0,NULL,NULL,2021,O,7.259E+11,098-KY-0194  -000,HIGH,098-KY-0194  -000,30.277,0,0,0,0,0,0,0,1,0,0,0,1,0
72550749,980100,2.02E+11,20201008,1514,,551,HAMBLEY,,BLVD,,,,,,Y,N,NULL,NULL,NULL,N,NULL,NULL,NULL,NULL,NULL,NULL,0.753,NULL,NULL,NULL,NULL,,NULL,0,0,2,2,N,N,NULL,NULL,98,9801,NULL,,Y,37.48306,37,28.984,NULL,-82.51926,82,31.155,NULL,N,NULL,NULL,NULL,NULL,NULL,NULL,NULL,NULL,2,97,NULL,6,1,1,2,2,5,3,N,NULL,N,N,1514,1519,1519,N,NULL,90,,,N,,N,N,,NULL,NULL,2020,O,7.25507E+11,098-CS-1222  -000,LOW,098-CS-1222  -000,0.753,0,0,0,1,0,0,0,0,0,0,0,0,0
72621826,980100,2.021E+11,20210506,1718,,,US23,,,US0023,US0023,0,098 US-23-10,US0023,N,N,NULL,NULL,NULL,N,NULL,NULL,NULL,NULL,NULL,NULL,26.364,NULL,NULL,NULL,NULL,,NULL,0,0,3,3,N,N,55,NULL,98,9801,NULL,,Y,37.50482,37,30.289,NULL,-82.53238,82,31.943,NULL,N,NULL,NULL,NULL,NULL,NULL,NULL,NULL,NULL,6,3,4,6,1,1,2,2,1,3,N,NULL,Y,N,1718,1727,1808,N,NULL,70,,1,N,,N,N,098-US-0023-10,NULL,NULL,2021,O,7.26218E+11,098-US-0023  -010,HIGH,098-US-0023  -000,26.364,0,0,0,0,0,0,1,0,0,0,0,0,0
72562067,980100,2.02E+11,20201104,1746,,,MT CHASE,,DR,,,,,,Y,N,NULL,NULL,NULL,N,NULL,NULL,NULL,NULL,NULL,NULL,0.075,NULL,NULL,NULL,NULL,,NULL,0,0,2,2,N,N,15,NULL,98,9801,NULL,,Y,37.48288,37,28.973,NULL,-82.52852,82,31.711,NULL,N,NULL,NULL,NULL,NULL,NULL,NULL,NULL,NULL,8,97,1,5,1,1,2,2,6,3,N,NULL,N,N,1746,1749,1749,N,NULL,47,,,N,,N,N,,NULL,NULL,2020,O,7.25621E+11,098-CS-1179  -000,MEDIUM,098-CS-1179  -000,0.075,0,0,0,0,0,0,0,0,0,0,0,0,0
72614694,980100,2.021E+11,20210416,1431,,,CASSIDY,,BLVD,,,0,098 CS-1191,CS1191,Y,N,NULL,NULL,NULL,N,NULL,NULL,NULL,NULL,NULL,NULL,0.274,NULL,NULL,NULL,NULL,,NULL,0,0,2,2,N,N,15,NULL,98,9801,NULL,,Y,37.50481,37,30.289,NULL,-82.53634,82,32.18,NULL,N,NULL,NULL,NULL,NULL,NULL,NULL,NULL,NULL,2,97,NULL,6,1,1,2,2,1,3,N,NULL,Y,N,1431,1449,1452,N,NULL,90,,,N,,N,N,098-CS-1191-0,NULL,NULL,2021,O,7.26147E+11,098-CS-1191  -000,HIGH,098-CS-1191  -000,0.274,0,0,0,1,0,0,1,0,0,0,0,0,0
72567461,KSP0900,20-739811,20201013,1316,,,TOLER,,RD,KY0319,KY0319,,,,N,N,NULL,NULL,NULL,N,NULL,NULL,NULL,NULL,NULL,NULL,0.767,NULL,NULL,NULL,NULL,,NULL,3,0,2,2,N,N,55,NULL,98,9863,NULL,,Y,37.58265,37,34.959,NULL,-82.19233,82,11.54,NULL,N,NULL,NULL,NULL,NULL,NULL,NULL,NULL,NULL,7,3,2,1,1,1,2,2,7,3,Y,NULL,Y,Y,1316,1348,1413,N,NULL,54,7,0,Y,,N,N,,NULL,NULL,2020,C,7.25675E+11,098-KY-0319  -000,HIGH,098-KY-0319  -000,0.767,0,0,0,0,0,0,0,1,1,0,0,1,0
72583203,980100,2.021E+11,20210110,1405,,,US23,,,US0023,US0023,,,,N,N,NULL,NULL,NULL,N,NULL,NULL,NULL,NULL,NULL,NULL,24.174,NULL,NULL,NULL,NULL,,NULL,0,0,2,2,Y,N,55,NULL,98,9801,NULL,,Y,37.47738,37,28.643,NULL,-82.54062,82,32.437,NULL,N,NULL,NULL,NULL,NULL,NULL,NULL,NULL,NULL,8,3,4,6,1,1,2,2,7,3,N,NULL,Y,N,1405,1412,1412,N,NULL,53,,1,N,,N,N,,NULL,NULL,2021,O,7.25832E+11,098-US-0023  -010,MEDIUM,098-US-0023  -000,24.174,0,0,1,0,0,0,1,1,0,0,0,1,0
72629426,980000,21-05-007,20210527,1320,,,UPPER POMPEY,,RD,,,0,098 CR-1326,CR1326,N,N,NULL,NULL,NULL,N,NULL,NULL,NULL,NULL,NULL,NULL,0.06,NULL,NULL,NULL,NULL,,NULL,0,0,2,2,N,N,15,NULL,98,9810,NULL,,Y,37.467,37,28.02,NULL,-82.40707,82,24.424,NULL,N,NULL,NULL,NULL,NULL,NULL,NULL,NULL,NULL,3,97,1,2,1,1,2,2,5,3,N,NULL,Y,Y,1320,1331,1331,N,NULL,47,,,N,,N,N,098-CR-1326-0,NULL,NULL,2021,O,7.26294E+11,098-CR-1326  -000,HIGH,098-CR-1326  -000,0.06,1,0,0,0,0,0,1,0,0,0,0,0,0
72556059,KSP0900,20-732678,20201008,1500,,,KY194,,,KY0194,KY0194,0,098 KY-194,KY0194,N,N,NULL,NULL,NULL,N,NULL,NULL,NULL,NULL,NULL,NULL,48.912,NULL,NULL,NULL,NULL,,NULL,0,0,2,2,N,N,55,NULL,98,9870,NULL,,Y,37.45258,37,27.155,NULL,-82.15853,82,9.512,NULL,N,NULL,NULL,NULL,NULL,NULL,NULL,NULL,NULL,7,3,2,6,1,1,2,2,7,3,N,NULL,Y,N,1500,1530,1545,N,NULL,54,8,0,N,,N,N,098-KY-0194-0,NULL,NULL,2020,O,7.25561E+11,098-KY-0194  -000,HIGH,098-KY-0194  -000,48.912,0,1,0,0,0,0,1,0,0,0,0,1,0
72592686,980100,2.021E+11,20210204,1340,,,HAMBLEY,,BLVD,,,0,098 CS-1222,CS1222,N,N,NULL,NULL,NULL,N,NULL,NULL,NULL,NULL,NULL,NULL,1.712,NULL,NULL,NULL,NULL,,NULL,1,0,2,2,N,N,35,NULL,98,9801,NULL,,Y,37.48169,37,28.901,NULL,-82.53329,82,31.998,NULL,N,NULL,NULL,NULL,NULL,NULL,NULL,NULL,NULL,4,3,2,6,1,1,2,2,7,3,Y,NULL,Y,Y,1340,1343,1408,N,NULL,70,,,N,,N,N,098-CS-1222-0,NULL,NULL,2021,B,7.25927E+11,098-CS-1222  -000,HIGH,098-CS-1222  -000,1.712,0,0,0,0,0,0,1,1,0,0,0,0,0
72555495,KSP0900,20-724040,20201002,1430,,,US119,,,US0119,US0119,0,098 US-119,US0119,N,N,NULL,NULL,NULL,N,NULL,NULL,NULL,NULL,NULL,NULL,0.671,NULL,NULL,NULL,NULL,,NULL,0,0,2,2,Y,N,55,NULL,98,9801,NULL,,Y,37.50738,37,30.443,NULL,-82.5208,82,31.248,NULL,N,NULL,NULL,NULL,NULL,NULL,NULL,NULL,NULL,2,97,2,6,1,1,2,2,7,3,N,NULL,Y,N,1430,1500,,N,NULL,47,2,1,N,,N,N,098-US-0119-0,NULL,NULL,2020,NULL,7.25555E+11,098-US-0119  -000,HIGH,098-US-0119  -000,0.671,0,0,0,0,0,0,0,0,0,0,0,0,0
72626987,980100,2.021E+11,20210521,1121,,183,CASSIDY,,BLVD,,,0,098 CS-1191,CS1191,Y,N,NULL,NULL,NULL,N,NULL,NULL,NULL,NULL,NULL,NULL,0.045,NULL,NULL,NULL,NULL,,NULL,0,0,2,2,N,N,NULL,NULL,98,9801,NULL,,Y,37.50369,37,30.222,NULL,-82.5329,82,31.974,NULL,N,NULL,NULL,NULL,NULL,NULL,NULL,NULL,NULL,2,97,1,6,1,1,2,2,1,3,N,NULL,Y,N,1121,1122,1122,N,NULL,90,,,N,,N,N,098-CS-1191-0,NULL,NULL,2021,O,7.2627E+11,098-CS-1191  -000,HIGH,098-CS-1191  -000,0.045,0,0,0,1,0,0,1,0,0,0,0,0,0
72593691,KSP0900,21-33191,20210125,2000,,,WEDDINGTON BRANCH,,RD,,,0,098 CS-3026,CS3026,N,N,NULL,NULL,NULL,N,NULL,NULL,NULL,NULL,NULL,NULL,0.072,NULL,NULL,NULL,NULL,,NULL,0,0,2,2,N,N,5,NULL,98,9807,NULL,,Y,37.52318,37,31.391,NULL,-82.56979,82,34.187,NULL,N,NULL,NULL,NULL,NULL,NULL,NULL,NULL,NULL,2,7,1,6,1,5,6,5,1,3,N,NULL,Y,N,2000,2020,,N,NULL,47,,,N,,N,N,098-CS-3026-0,NULL,NULL,2021,O,7.25937E+11,098-CS-3026  -000,HIGH,098-CS-3026  -000,0.072,0,0,0,0,0,0,1,0,0,0,0,0,0
72598608,980100,2.021E+11,20210222,949,,,BAIRD,,AVE,KY1426,KY1426,0,098 KY-1426,KY1426,N,N,NULL,NULL,NULL,N,NULL,NULL,NULL,NULL,NULL,NULL,5.39,NULL,NULL,NULL,NULL,,NULL,0,0,2,2,N,N,55,NULL,98,9801,NULL,,Y,37.47334,37,28.4,NULL,-82.52714,82,31.628,NULL,N,NULL,NULL,NULL,NULL,NULL,NULL,NULL,NULL,1,3,2,6,1,1,2,2,1,3,N,NULL,Y,N,949,953,,N,NULL,55,,0,N,,N,N,098-KY-1426-0,NULL,NULL,2021,O,7.25986E+11,098-KY-1426  -000,HIGH,098-KY-1426  -000,5.39,0,0,0,1,0,0,1,0,0,0,0,0,0
72602221,980100,2.021E+11,20210304,1752,,,HAMBLEY,,BLVD,,,,,,N,N,NULL,NULL,NULL,N,NULL,NULL,NULL,NULL,NULL,NULL,1.441,NULL,NULL,NULL,NULL,,NULL,0,0,2,2,N,N,15,NULL,98,9801,NULL,,Y,37.48381,37,29.028,NULL,-82.5291,82,31.746,NULL,N,NULL,NULL,NULL,NULL,NULL,NULL,NULL,NULL,8,3,1,6,1,1,2,2,6,3,N,NULL,Y,N,1752,1757,1809,N,NULL,53,,,N,,N,N,,NULL,NULL,2021,O,7.26022E+11,098-CS-1222  -000,MEDIUM,098-CS-1222  -000,1.441,0,0,1,0,0,0,1,0,0,0,0,1,0
72531137,980100,2.02E+11,20200813,1610,,,US23,,,US0023,US0023,,,,N,N,NULL,NULL,NULL,N,NULL,NULL,NULL,NULL,NULL,NULL,21.541,NULL,NULL,NULL,NULL,,NULL,0,0,2,2,N,N,45,NULL,98,9801,NULL,,Y,37.45232,37,27.139,NULL,-82.52303,82,31.382,NULL,N,NULL,NULL,NULL,NULL,NULL,NULL,NULL,NULL,2,2,4,6,1,1,2,2,1,3,N,NULL,Y,N,1610,1618,,N,NULL,56,,1,N,,N,N,,NULL,NULL,2020,O,7.25311E+11,098-US-0023  -000,MEDIUM,098-US-0023  -000,21.541,0,0,0,0,0,0,1,0,0,0,0,0,0
72549512,KSP0900,20-709046,20200921,2002,,,KY195,,,KY0195,KY0195,0,098 KY-195,KY0195,N,N,NULL,NULL,NULL,N,NULL,NULL,NULL,NULL,NULL,NULL,6.648,NULL,NULL,NULL,NULL,,NULL,0,0,2,2,N,N,35,NULL,98,9802,NULL,,Y,37.32631,37,19.579,NULL,-82.45642,82,27.385,NULL,N,NULL,NULL,NULL,NULL,NULL,NULL,NULL,NULL,7,3,2,3,1,1,2,6,7,3,N,NULL,Y,Y,2002,2016,2002,N,NULL,54,7,0,N,,N,N,098-KY-0195-0,NULL,NULL,2020,O,7.25495E+11,098-KY-0195  -000,HIGH,098-KY-0195  -000,6.648,0,0,0,0,0,0,1,0,0,0,0,1,0
72526897,KSP0900,20-620850,20200727,1300,,,DORTON-JENKINS,,HWY,KY0805,KY0805,0,098 KY-805,KY0805,N,N,NULL,NULL,NULL,N,NULL,NULL,NULL,NULL,NULL,NULL,4.576,NULL,NULL,NULL,NULL,,NULL,0,0,1,1,N,N,35,NULL,98,9809,NULL,,Y,37.25253,37,15.152,NULL,-82.56432,82,33.859,NULL,N,NULL,NULL,NULL,NULL,NULL,NULL,NULL,NULL,9,3,2,3,1,1,2,2,7,3,N,NULL,N,N,1300,1335,1335,N,NULL,70,7,0,N,,N,N,098-KY-0805-0,NULL,NULL,2020,O,7.25269E+11,098-KY-0805  -000,HIGH,098-KY-0805  -000,4.576,0,0,0,0,0,0,0,0,0,0,0,1,0