MasterFile,AgencyORINumber,LocalCode,CollisionDate,CollisionTime,CollisionDayWeekCode,RoadwayName_HouseBusinessNumber_,RoadwayName_RoadwayName_,RoadwayName_Direction_,RoadwayName_RoadwaySuffix_,RoadwayfromReport,CurrentRoadwayNumber,RoadwayNumberCoupletID,RSEUniqueGIS,RoadwayIdentifier,ParkingLotIndicator,IntersectionWith_Indicator_,IntersectionWith_NameRoadway_,IntersectionWith_Direction_,IntersectionWith_RoadwaySuffix_,BetweenStreets_Indicator_,BetweenStreets1_NameRoadway_,BetweenStreet1_Direction_,BetweenStreets1_RoadwaySuffix_,BetweenStreets2_NameRoadway_,BetweenStreets2_Direction_,BetweenStreets2_RoadwaySuffix_,Milepoint,ReportMilepointDeriveNumber,CurrentDerivedMiepointNumber,MilestoMilepoint,FeettoMilepoint,DirectionfromMilepoint_NSEW_,ValidMilepointIndicator,NumberInjured,NumberKilled,ofUnits,ofMotorVehicleUnits,Hit&RunIndicator,OneWayIndicator,SpeedLimitNumber,KilometersIndicator,CountyCode,CityCountyCode,MilesFromCity,DirectionFromCity_NSEW_,InCityLimitsIndicator,Latitude,LatitudeDegrees,LatitudeMinutes,LatitudeSeconds,Longitude,LongitudeDegrees,LongitudeMinutes,LongitudeSeconds,RampIndicator,RampFromIdentifier,RampFromDirCode,RampFromCoupletID,RSEUniqueGISRampFrom,RampToidentifier,RampToDirCode,RampToCoupletID,RSEUniqueGisRampTo,MannerofCollisionCode,LocationFirstEventCode,TotalLanes,RoadwayCharacterCode,RoadwaySurfaceCode,RoadwayConditionCode,WeatherCode,LightConditionCode,LandUseCode,SchoolBusRelatedCode,FirstAidSceneIndicator,CollDescPresentInd,InvestigationCompleteIndicator,PhotosTakenIndicator,TimeNotified,TimeArrived,TimeRoadwayOpened,PropertyDamageIndicator,DiagramPresentIndicator,DirectionalAnalysis,FunctionClassCode,NationalHwySysCode,EnforcementsIndicator,KARSCityCode,SecondaryCollisionIndicator,MedianCrossoverIndicator,RT_UNIQUE,MapIt,TimeLastLeft,YR,KABCO,MFNY,WorkingRID,RT_CONFIDENCE,KTC_RT,KTC_MP,Motorcyclist,CommercialVehicle,YoungDriver,MatureDriver,pedestrian,Bicyclist,Distracted,agressive,Impaired,Unrestrained,Intersection,RoadwayDeparture,MedXover
72527335,980100,2.02E+11,20200729,1609,,,HAROLDS BRANCH,,RD,,,,,,Y,N,NULL,NULL,NULL,N,NULL,NULL,NULL,NULL,NULL,NULL,0.045,NULL,NULL,NULL,NULL,,NULL,0,0,2,2,Y,N,5,NULL,98,9801,NULL,,Y,37.47219,37,28.332,NULL,-82.5225,82,31.35,NULL,N,NULL,NULL,NULL,NULL,NULL,NULL,NULL,NULL,2,97,NULL,1,2,1,2,2,1,3,N,NULL,Y,N,1609,1615,1615,N,NULL,90,,,N,,N,N,,NULL,NULL,2020,NULL,7.25273E+11,098-CS-1223  -000,MEDIUM,098-CS-1223  -000,0.045,0,0,0,0,0,0,0,0,0,0,0,0,0
72610589,KSP0900,21 131631,20210403,917,,,COLLINS,,HWY,KY0122,KY0122,0,098 KY-122,KY0122,N,N,NULL,NULL,NULL,N,NULL,NULL,NULL,NULL,NULL,NULL,13.263,NULL,NULL,NULL,NULL,,NULL,2,0,1,1,N,N,45,NULL,98,9801,NULL,,Y,37.40622,37,24.373,NULL,-82.51268,82,30.761,NULL,N,NULL,NULL,NULL,NULL,NULL,NULL,NULL,NULL,9,3,2,6,1,2,2,2,7,3,N,NULL,Y,Y,917,924,1030,N,NULL,70,,0,N,,N,N,098-KY-0122-0,NULL,NULL,2021,C,7.26106E+11,098-KY-0122  -000,HIGH,098-KY-0122  -000,13.263,0,0,0,1,0,0,0,0,0,0,0,1,0
72571484,KSP0900,20-785743,20201113,1800,,,ASHCAMP,,RD,KY0195,KY0195,0,098 KY-195,KY0195,N,N,NULL,NULL,NULL,N,NULL,NULL,NULL,NULL,NULL,NULL,1.81,NULL,NULL,NULL,NULL,,NULL,0,0,2,2,Y,N,55,NULL,98,9864,NULL,,Y,37.28208,37,16.925,NULL,-82.45531,82,27.318,NULL,N,NULL,NULL,NULL,NULL,NULL,NULL,NULL,NULL,7,3,2,6,1,1,2,6,7,3,N,NULL,N,N,1800,1800,1800,N,NULL,54,8,0,N,,N,N,098-KY-0195-0,NULL,NULL,2020,O,7.25715E+11,098-KY-0195  -000,HIGH,098-KY-0195  -000,1.81,0,0,1,0,0,0,0,0,0,0,0,1,0
72554451,980100,2.02E+11,20200925,2105,,,US23,,,US0023,US0023,,,,N,N,NULL,NULL,NULL,N,NULL,NULL,NULL,NULL,NULL,NULL,31.651,NULL,NULL,NULL,NULL,,NULL,0,0,1,1,N,N,55,NULL,98,9801,NULL,,Y,37.537,37,32.22,NULL,-82.6025,82,36.15,NULL,N,NULL,NULL,NULL,NULL,NULL,NULL,NULL,NULL,9,3,4,6,1,1,2,6,7,1,N,NULL,Y,N,2105,2118,2118,N,NULL,38,,1,N,,N,N,,NULL,NULL,2020,O,7.25545E+11,098-US-0023  -010,MEDIUM,098-US-0023  -000,31.651,0,0,0,1,0,0,1,0,0,0,0,0,0
72554030,370200,2020-739483,20201013,842,,,KY194,,,KY0194,KY0194,0,098 KY-194,KY0194,N,N,NULL,NULL,NULL,N,NULL,NULL,NULL,NULL,NULL,NULL,44.583,NULL,NULL,NULL,NULL,,NULL,1,0,2,2,N,N,55,NULL,98,9896,NULL,,Y,37.44307,37,26.584,NULL,-82.20381,82,12.229,NULL,N,NULL,NULL,NULL,NULL,NULL,NULL,NULL,NULL,7,3,2,1,1,1,2,2,7,3,Y,NULL,Y,Y,900,929,1031,N,NULL,54,8,0,N,,N,N,098-KY-0194-0,NULL,NULL,2020,C,7.2554E+11,098-KY-0194  -000,HIGH,098-KY-0194  -000,44.583,0,1,0,1,0,0,0,0,0,0,0,1,0
72582702,KSP0900,21-10278,20210108,1415,,,US460,,,US0460,US0460,0,098 US-460,US0460,Y,N,NULL,NULL,NULL,N,NULL,NULL,NULL,NULL,NULL,NULL,2.889,NULL,NULL,NULL,NULL,,NULL,0,0,2,2,N,N,55,NULL,98,9801,5,S,N,37.42955,37,25.773,NULL,-82.47775,82,28.665,NULL,N,NULL,NULL,NULL,NULL,NULL,NULL,NULL,NULL,2,97,0,6,1,5,3,2,7,3,N,NULL,Y,N,1415,1440,1440,N,NULL,90,,1,N,,N,N,098-US-0460-0,NULL,NULL,2021,O,7.25827E+11,098-US-0460  -000,MEDIUM,098-US-0460  -000,2.889,0,0,0,0,0,0,1,0,0,0,0,0,0
72578059,980500,2020AR070,20201223,1600,,4465,WEDDINGTON SQUARE,,,,,,,,Y,N,NULL,NULL,NULL,N,NULL,NULL,NULL,NULL,NULL,NULL,NULL,NULL,NULL,NULL,NULL,NULL,NULL,0,0,2,2,N,N,15,NULL,98,9807,NULL,,Y,37.52599,37,31.56,NULL,-82.57482,82,34.489,NULL,N,NULL,NULL,NULL,NULL,NULL,NULL,NULL,NULL,2,97,NULL,6,1,1,2,2,1,3,N,NULL,Y,Y,1605,1611,1611,N,NULL,90,,,N,,N,N,,NULL,NULL,2020,O,7.25781E+11,098-US-0023  -010,MEDIUM,098-US-0023  -000,29.202,0,0,0,0,0,0,1,0,0,0,0,0,0
72570852,370200,2020-782239,20201111,1328,,,US119,,,US0119,US0119,0,098 US-119,US0119,N,N,NULL,NULL,NULL,N,NULL,NULL,NULL,NULL,NULL,NULL,23.501,NULL,NULL,NULL,NULL,,NULL,3,0,3,3,N,N,55,NULL,98,9836,NULL,,Y,37.64826,37,38.895,NULL,-82.2675,82,16.05,NULL,N,NULL,NULL,NULL,NULL,NULL,NULL,NULL,NULL,5,3,4,6,1,5,6,2,7,3,Y,NULL,Y,Y,1327,1407,1407,N,NULL,70,2,1,Y,,N,N,098-US-0119-0,NULL,NULL,2020,C,7.25709E+11,098-US-0119  -000,HIGH,098-US-0119  -000,23.501,0,0,0,0,0,0,0,0,0,0,0,0,0
72598150,980100,2.021E+11,20210223,846,,,BAIRD,,AVE,KY1426,KY1426,0,098 KY-1426,KY1426,N,N,NULL,NULL,NULL,N,NULL,NULL,NULL,NULL,NULL,NULL,5.389,NULL,NULL,NULL,NULL,,NULL,0,0,2,2,N,N,55,NULL,98,9801,NULL,,Y,37.47313,37,28.387,NULL,-82.52712,82,31.628,NULL,N,NULL,NULL,NULL,NULL,NULL,NULL,NULL,NULL,1,3,2,6,1,1,2,2,7,3,N,NULL,Y,N,846,849,916,N,NULL,55,,0,N,,N,N,098-KY-1426-0,NULL,NULL,2021,O,7.25982E+11,098-KY-1426  -000,HIGH,098-KY-1426  -000,5.389,0,0,0,1,0,0,1,0,0,0,0,0,0
72588367,980100,2.021E+11,20210121,1205,,,DOUBLE KWIK PARKING LOT,,,,,,,,Y,N,NULL,NULL,NULL,N,NULL,NULL,NULL,NULL,NULL,NULL,NULL,NULL,NULL,NULL,NULL,NULL,NULL,1,0,1,1,N,N,NULL,NULL,98,9801,NULL,,Y,37.4819,37,28.914,NULL,-82.51488,82,30.893,NULL,N,NULL,NULL,NULL,NULL,NULL,NULL,NULL,NULL,9,97,1,6,1,1,2,2,1,3,Y,NULL,Y,Y,1205,1207,1233,N,NULL,90,,,N,,N,N,,NULL,NULL,2021,C,7.25884E+11,098-CS-1115  -000,MEDIUM,098-CS-1115  -000,0.044,0,0,0,0,0,0,0,0,0,0,0,1,0
72614010,KSP0900,21-150243,20210415,900,,,SHELBY YARD,,RD,,,0,098 CR-1267G,CR1267G,N,N,NULL,NULL,NULL,N,NULL,NULL,NULL,NULL,NULL,NULL,0.237,NULL,NULL,NULL,NULL,,NULL,0,0,1,1,N,N,35,NULL,98,9824,NULL,,Y,37.42767,37,25.66,NULL,-82.49134,82,29.481,NULL,N,NULL,NULL,NULL,NULL,NULL,NULL,NULL,NULL,9,5,2,6,1,5,2,2,7,3,N,NULL,Y,Y,832,854,900,N,NULL,51,,,N,,N,N,098-CR-1267G-0,NULL,NULL,2021,O,7.2614E+11,098-CR-1267G -000,HIGH,098-CR-1267G -000,0.237,0,0,0,0,0,0,0,0,0,0,0,1,0
72556274,KSP0900,20-755082,20201023,2100,,,US119,,,US0119,US0119,,,,N,N,NULL,NULL,NULL,N,NULL,NULL,NULL,NULL,NULL,NULL,15.252,NULL,NULL,NULL,NULL,,NULL,0,0,1,1,N,N,55,NULL,98,9833,NULL,,Y,37.61127,37,36.677,NULL,-82.33259,82,19.955,NULL,N,NULL,NULL,NULL,NULL,NULL,NULL,NULL,NULL,9,3,4,3,1,1,2,6,7,3,Y,NULL,Y,N,2103,2109,2158,N,NULL,70,2,1,N,,N,N,,NULL,NULL,2020,O,7.25563E+11,098-US-0119  -000,MEDIUM,098-US-0119  -000,15.252,0,0,0,0,0,0,0,0,0,0,0,1,0
72566930,KSP0900,20-794580,20201119,1629,,,US119,,,US0119,US0119,0,098 US-119,US0119,N,N,NULL,NULL,NULL,N,NULL,NULL,NULL,NULL,NULL,NULL,24.799,NULL,NULL,NULL,NULL,,NULL,0,0,2,2,N,N,55,NULL,98,9834,NULL,,Y,37.66593,37,39.956,NULL,-82.2749,82,16.494,NULL,N,NULL,NULL,NULL,NULL,NULL,NULL,NULL,NULL,1,3,4,6,1,1,2,2,1,3,Y,NULL,Y,N,1629,1639,1753,N,NULL,55,2,1,N,,N,N,098-US-0119-0,NULL,NULL,2020,O,7.25669E+11,098-US-0119  -000,HIGH,098-US-0119  -000,24.799,0,0,0,1,0,0,1,0,0,0,0,0,0
72555282,980100,2.02E+11,20201021,946,,,HAROLDS BRANCH,,RD,,,0,098 CS-1223,CS1223,N,N,NULL,NULL,NULL,N,NULL,NULL,NULL,NULL,NULL,NULL,0.059,NULL,NULL,NULL,NULL,,NULL,0,0,1,1,N,Y,5,NULL,98,9801,NULL,,Y,37.47207,37,28.324,NULL,-82.52223,82,31.334,NULL,N,NULL,NULL,NULL,NULL,NULL,NULL,NULL,NULL,9,97,1,3,2,1,2,2,1,3,N,NULL,Y,Y,946,950,1004,Y,NULL,40,,,N,,N,N,098-CS-1223-0,NULL,NULL,2020,O,7.25553E+11,098-CS-1223  -000,HIGH,098-CS-1223  -000,0.059,0,0,0,0,0,0,0,0,0,0,0,1,0
72625400,980100,2.021E+11,20210515,1558,,134,MT CHASE,,DR,,,0,098 CS-1179,CS1179,N,N,NULL,NULL,NULL,N,NULL,NULL,NULL,NULL,NULL,NULL,0.057,NULL,NULL,NULL,NULL,,NULL,0,0,2,2,N,N,15,NULL,98,9801,NULL,,Y,37.48312,37,28.987,NULL,-82.52866,82,31.72,NULL,N,NULL,NULL,NULL,NULL,NULL,NULL,NULL,NULL,2,7,2,4,1,1,2,2,6,3,N,NULL,Y,N,1558,1604,,N,NULL,47,,,N,,N,N,098-CS-1179-0,NULL,NULL,2021,O,7.26254E+11,098-CS-1179  -000,HIGH,098-CS-1179  -000,0.057,0,0,0,0,0,0,1,0,0,0,0,0,0
72627914,980100,2.021E+11,20210327,2037,,252,CASSIDY,,BLVD,,,0,098 CS-1191,CS1191,Y,N,NULL,NULL,NULL,N,NULL,NULL,NULL,NULL,NULL,NULL,0.334,NULL,NULL,NULL,NULL,,NULL,0,0,1,1,N,N,NULL,NULL,98,9801,NULL,,Y,37.50526,37,30.316,NULL,-82.53757,82,32.254,NULL,N,NULL,NULL,NULL,NULL,NULL,NULL,NULL,NULL,9,97,NULL,6,1,1,2,8,5,3,N,NULL,Y,N,2037,2044,2129,N,NULL,90,,,N,,N,N,098-CS-1191-0,NULL,NULL,2021,O,7.26279E+11,098-CS-1191  -000,HIGH,098-CS-1191  -000,0.334,0,0,0,0,0,0,0,0,0,0,0,0,0
72589250,KSP0900,21-20466,20210115,2226,,,KY194,,,KY0194,KY0194,0,098 KY-194,KY0194,N,N,NULL,NULL,NULL,N,NULL,NULL,NULL,NULL,NULL,NULL,10.745,NULL,NULL,NULL,NULL,,NULL,0,0,1,1,N,N,55,NULL,98,9801,NULL,,Y,37.6032,37,36.192,NULL,-82.51936,82,31.161,NULL,N,NULL,NULL,NULL,NULL,NULL,NULL,NULL,NULL,9,3,2,3,1,5,9,6,7,3,N,NULL,N,N,2226,2306,2306,N,NULL,38,7,0,N,,N,N,098-KY-0194-0,NULL,NULL,2021,O,7.25893E+11,098-KY-0194  -000,HIGH,098-KY-0194  -000,10.745,0,0,0,0,0,0,0,0,0,0,0,0,0
72603652,980100,2.021E+11,20210227,1513,,,US23,,,,,,,,N,N,NULL,NULL,NULL,N,NULL,NULL,NULL,NULL,NULL,NULL,NULL,NULL,NULL,NULL,NULL,NULL,NULL,1,1,2,2,N,N,55,NULL,98,9801,NULL,,Y,37.44373,37,26.624,NULL,-82.51852,82,31.111,NULL,N,NULL,NULL,NULL,NULL,NULL,NULL,NULL,NULL,1,3,4,3,1,5,3,2,1,3,Y,NULL,Y,Y,1513,1517,1725,N,NULL,55,,,N,,N,Y,,NULL,NULL,2021,K,7.26037E+11,098-US-0023  -010,MEDIUM,098-US-0023  -000,20.546,0,0,0,1,0,0,1,1,0,0,0,0,1
72572052,980000,10-11-009,20201125,1750,,,BIG CREEK,,RD,KY0468,KY0468,0,098 KY-468,KY0468,N,N,NULL,NULL,NULL,N,NULL,NULL,NULL,NULL,NULL,NULL,8.778,NULL,NULL,NULL,NULL,,NULL,1,0,1,1,N,N,55,NULL,98,9843,NULL,,Y,37.70431,37,42.259,NULL,-82.35434,82,21.26,NULL,N,NULL,NULL,NULL,NULL,NULL,NULL,NULL,NULL,9,5,2,3,1,5,6,6,7,3,Y,NULL,Y,Y,1715,1735,1800,N,NULL,51,8,0,N,,N,N,098-KY-0468-0,NULL,NULL,2020,C,7.25721E+11,098-KY-0468  -000,HIGH,098-KY-0468  -000,8.778,0,0,0,0,0,0,1,0,0,0,0,1,0
72541135,KSP0900,20-682404,20200904,1622,,,FERRELLS CREEK,,RD,US0460,US0460,0,098 US-460,US0460,N,N,NULL,NULL,NULL,N,NULL,NULL,NULL,NULL,NULL,NULL,14.618,NULL,NULL,NULL,NULL,,NULL,0,0,1,1,N,N,55,NULL,98,9802,NULL,,Y,37.34429,37,20.658,NULL,-82.37106,82,22.264,NULL,N,NULL,NULL,NULL,NULL,NULL,NULL,NULL,NULL,9,3,2,3,1,5,6,2,7,3,N,NULL,Y,N,1622,1655,,N,NULL,44,,1,N,,N,Y,098-US-0460-0,NULL,NULL,2020,O,7.25411E+11,098-US-0460  -000,HIGH,098-US-0460  -000,14.618,0,0,0,0,0,0,0,0,0,0,0,1,0
72589609,KSP0900,21-36958,20210128,1508,,,US460,,,US0460,US0460,0,098 US-460,US0460,Y,N,NULL,NULL,NULL,N,NULL,NULL,NULL,NULL,NULL,NULL,5.26,NULL,NULL,NULL,NULL,,NULL,0,0,2,2,N,N,55,NULL,98,9801,NULL,,Y,37.40854,37,24.512,NULL,-82.4465,82,26.79,NULL,N,NULL,NULL,NULL,NULL,NULL,NULL,NULL,NULL,2,97,0,6,1,1,2,2,7,3,N,NULL,Y,N,1508,1521,1521,N,NULL,90,,1,N,,N,N,098-US-0460-0,NULL,NULL,2021,O,7.25896E+11,098-US-0460  -000,HIGH,098-US-0460  -000,5.26,0,0,0,0,0,0,1,0,0,0,0,0,0
72587992,KSP0900,21-22364,20210117,1622,,,ISLAND CREEK,,RD,KY1426,KY1426,0,098 KY-1426,KY1426,N,N,NULL,NULL,NULL,N,NULL,NULL,NULL,NULL,NULL,NULL,1.81,NULL,NULL,NULL,NULL,,NULL,2,0,1,1,N,N,55,NULL,98,9801,NULL,,Y,37.46067,37,27.64,NULL,-82.56274,82,33.765,NULL,N,NULL,NULL,NULL,NULL,NULL,NULL,NULL,NULL,9,3,1,3,1,1,2,2,7,3,Y,NULL,Y,Y,1626,1649,,N,NULL,44,8,0,N,,N,N,098-KY-1426-0,NULL,NULL,2021,C,7.2588E+11,098-KY-1426  -000,HIGH,098-KY-1426  -000,1.81,0,0,0,0,0,0,0,0,0,0,0,1,0
72606396,980500,2021AR011,20210324,1153,,,US23 NORTH,,,US0023,US0023,0,098 US-23,US0023,N,N,NULL,NULL,NULL,N,NULL,NULL,NULL,NULL,NULL,NULL,NULL,NULL,NULL,NULL,NULL,NULL,NULL,0,0,2,2,N,N,45,NULL,98,9807,NULL,,Y,37.52952,37,31.771,NULL,-82.57567,82,34.54,NULL,N,NULL,NULL,NULL,NULL,NULL,NULL,NULL,NULL,5,3,6,6,1,1,2,2,7,3,N,NULL,Y,Y,1153,1155,1155,N,NULL,70,,1,N,,N,N,098-US-0023-0,NULL,NULL,2021,O,7.26064E+11,098-US-0023  -000,HIGH,098-US-0023  -000,29.441,0,0,1,0,0,0,1,1,0,0,0,0,0
72593572,980100,2.021E+11,20210209,1047,,235,HAMBLEY,,BLVD,,,0,098 CS-1222,CS1222,N,N,NULL,NULL,NULL,N,NULL,NULL,NULL,NULL,NULL,NULL,1.68,NULL,NULL,NULL,NULL,,NULL,0,0,2,2,N,N,35,NULL,98,9801,NULL,,Y,37.48198,37,28.919,NULL,-82.53281,82,31.968,NULL,N,NULL,NULL,NULL,NULL,NULL,NULL,NULL,NULL,8,3,2,6,1,5,3,2,7,3,N,NULL,Y,N,1047,1053,1055,N,NULL,53,,,N,,N,N,098-CS-1222-0,NULL,NULL,2021,O,7.25936E+11,098-CS-1222  -000,HIGH,098-CS-1222  -000,1.68,0,0,0,0,0,0,1,0,0,0,0,1,0
72602222,980100,2.021E+11,20210305,1359,,911,BYPASS ROAD,,,,,,,,N,N,NULL,NULL,NULL,N,NULL,NULL,NULL,NULL,NULL,NULL,NULL,NULL,NULL,NULL,NULL,NULL,NULL,0,0,2,2,Y,N,15,NULL,98,9801,NULL,,Y,37.47215,37,28.329,NULL,-82.52272,82,31.363,NULL,N,NULL,NULL,NULL,NULL,NULL,NULL,NULL,NULL,2,97,2,6,2,1,2,2,1,3,N,NULL,Y,N,1359,1411,1411,N,NULL,47,,,N,,N,N,,NULL,NULL,2021,NULL,7.26022E+11,098-CS-1223  -000,MEDIUM,098-CS-1223  -000,0.041,0,0,0,0,0,0,1,0,0,0,0,0,0
72621114,KSP0900,21-179667,20210504,1930,,,KY194,,,KY0194,KY0194,0,098 KY-194,KY0194,N,N,NULL,NULL,NULL,N,NULL,NULL,NULL,NULL,NULL,NULL,54.915,NULL,NULL,NULL,NULL,,NULL,0,0,2,2,N,N,35,NULL,98,9804,NULL,,Y,37.51176,37,30.706,NULL,-82.14838,82,8.903,NULL,N,NULL,NULL,NULL,NULL,NULL,NULL,NULL,NULL,1,3,2,3,1,1,2,3,7,2,N,NULL,N,N,1930,2005,2005,N,NULL,55,8,0,N,,N,N,098-KY-0194-0,NULL,NULL,2021,O,7.26211E+11,098-KY-0194  -000,HIGH,098-KY-0194  -000,54.915,0,0,0,0,0,0,1,0,0,0,0,0,0
72631506,KSP0900,21-218409,20210528,2015,,,US23,,,US0023,US0023,0,098 US-23,US0023,N,N,NULL,NULL,NULL,N,NULL,NULL,NULL,NULL,NULL,NULL,29.564,NULL,NULL,NULL,NULL,,NULL,1,0,2,2,Y,N,55,NULL,98,9807,NULL,,Y,37.53108,37,31.865,NULL,-82.57665,82,34.599,NULL,N,NULL,NULL,NULL,NULL,NULL,NULL,NULL,NULL,5,3,6,6,1,1,2,2,7,3,N,NULL,Y,Y,2015,2020,2035,N,NULL,49,,1,N,,N,N,098-US-0023-0,NULL,NULL,2021,B,7.26315E+11,098-US-0023  -000,HIGH,098-US-0023  -000,29.564,0,0,0,0,0,0,1,0,0,0,0,0,0
72568326,980100,2.02E+11,20201122,1623,,,HAMBLEY,,BLVD,,,0,098 CS-1222,CS1222,N,N,NULL,NULL,NULL,N,NULL,NULL,NULL,NULL,NULL,NULL,0.347,NULL,NULL,NULL,NULL,,NULL,1,0,4,4,N,N,35,NULL,98,9801,NULL,,Y,37.47679,37,28.607,NULL,-82.52225,82,31.335,NULL,N,NULL,NULL,NULL,NULL,NULL,NULL,NULL,NULL,8,3,2,6,1,1,3,2,1,3,Y,NULL,Y,Y,1623,1628,,N,NULL,47,,,Y,,N,N,098-CS-1222-0,NULL,NULL,2020,C,7.25683E+11,098-CS-1222  -000,HIGH,098-CS-1222  -000,0.347,0,0,0,0,0,0,0,0,1,0,0,0,0
72654720,980100,2.021E+11,20210803,1518,,,US23,,,US0023,US0023,0,098 US-23-10,US0023,N,N,NULL,NULL,NULL,N,NULL,NULL,NULL,NULL,NULL,NULL,25.595,NULL,NULL,NULL,NULL,,NULL,0,0,2,2,N,N,55,NULL,98,9801,NULL,,Y,37.49426,37,29.655,NULL,-82.53258,82,31.955,NULL,N,NULL,NULL,NULL,NULL,NULL,NULL,NULL,NULL,8,3,4,6,1,1,2,2,7,3,N,NULL,Y,N,1518,1523,1523,N,NULL,53,,1,N,,N,N,098-US-0023-10,NULL,NULL,2021,O,7.26547E+11,098-US-0023  -010,HIGH,098-US-0023  -000,25.595,0,1,0,1,0,0,1,0,0,0,0,1,0
72569747,980100,2.02E+11,20201127,219,,,US23,,,US0023,US0023,0,098 US-23,US0023,N,N,NULL,NULL,NULL,N,NULL,NULL,NULL,NULL,NULL,NULL,19.363,NULL,NULL,NULL,NULL,,NULL,0,0,1,1,N,N,55,NULL,98,9801,NULL,,Y,37.44547,37,26.728,NULL,-82.50462,82,30.277,NULL,N,NULL,NULL,NULL,NULL,NULL,NULL,NULL,NULL,9,3,4,6,1,1,2,6,1,3,N,NULL,Y,N,219,226,226,N,NULL,38,,1,N,,N,N,098-US-0023-0,NULL,NULL,2020,O,7.25697E+11,098-US-0023  -000,HIGH,098-US-0023  -000,19.363,0,0,0,0,0,0,0,0,0,0,0,0,0
72566202,980100,2.02E+11,20201111,1518,,,US23,,,US0023,US0023,,,,N,N,NULL,NULL,NULL,N,NULL,NULL,NULL,NULL,NULL,NULL,26.236,NULL,NULL,NULL,NULL,,NULL,0,0,2,2,N,N,55,NULL,98,9801,NULL,,Y,37.50298,37,30.179,NULL,-82.53206,82,31.923,NULL,N,NULL,NULL,NULL,NULL,NULL,NULL,NULL,NULL,5,3,4,6,1,5,6,2,7,3,N,NULL,Y,N,1518,1522,,N,NULL,70,,1,N,,N,N,,NULL,NULL,2020,O,7.25662E+11,098-US-0023  -000,MEDIUM,098-US-0023  -000,26.236,0,0,0,0,0,0,0,0,0,0,0,0,0
72626786,980100,2.021E+11,20210520,1500,,,US23,,,US0023,US0023,,,,N,N,NULL,NULL,NULL,N,NULL,NULL,NULL,NULL,NULL,NULL,25.096,NULL,NULL,NULL,NULL,,NULL,0,0,2,2,N,N,55,NULL,98,9801,NULL,,Y,37.48925,37,29.355,NULL,-82.53906,82,32.344,NULL,N,NULL,NULL,NULL,NULL,NULL,NULL,NULL,NULL,5,6,4,6,1,1,2,2,7,3,N,NULL,Y,N,1500,1505,1520,N,NULL,70,,1,N,,N,N,,NULL,NULL,2021,O,7.26268E+11,098-US-0023  -000,MEDIUM,098-US-0023  -000,25.096,0,0,1,0,0,0,0,0,0,0,0,0,0
72610643,980000,21-03-005,20210329,1630,,,US119,,,US0119,US0119,0,098 US-119,US0119,Y,N,NULL,NULL,NULL,N,NULL,NULL,NULL,NULL,NULL,NULL,24.157,NULL,NULL,NULL,NULL,,NULL,0,0,2,2,Y,N,55,NULL,98,9834,NULL,,Y,37.65803,37,39.482,NULL,-82.27048,82,16.229,NULL,N,NULL,NULL,NULL,NULL,NULL,NULL,NULL,NULL,8,97,1,6,1,1,2,2,5,3,N,NULL,Y,Y,1630,1700,1700,N,NULL,90,2,1,N,,N,N,098-US-0119-0,NULL,NULL,2021,NULL,7.26106E+11,098-US-0119  -000,HIGH,098-US-0119  -000,24.157,0,0,0,0,0,0,0,0,0,0,0,0,0
72585345,KSP0900,21-21320,20210116,1740,,,KY194,,,KY0194,KY0194,,,,N,N,NULL,NULL,NULL,N,NULL,NULL,NULL,NULL,NULL,NULL,20.723,NULL,NULL,NULL,NULL,,NULL,0,0,1,1,N,N,55,NULL,98,9801,NULL,,Y,37.54315,37,32.589,NULL,-82.393,82,23.58,NULL,N,NULL,NULL,NULL,NULL,NULL,NULL,NULL,NULL,9,3,2,3,1,5,9,6,7,3,N,NULL,Y,N,1740,1820,1830,N,NULL,44,6,0,N,,N,N,,NULL,NULL,2021,O,7.25853E+11,098-KY-0194  -000,MEDIUM,098-KY-0194  -000,20.723,0,0,0,0,0,0,0,0,0,0,0,1,0
72616370,KSP0900,21-155972,20210419,810,,,KY194,,,KY0194,KY0194,0,098 KY-194,KY0194,N,N,NULL,NULL,NULL,N,NULL,NULL,NULL,NULL,NULL,NULL,53.638,NULL,NULL,NULL,NULL,,NULL,0,0,1,1,N,N,35,NULL,98,9804,NULL,,Y,37.50283,37,30.17,NULL,-82.13663,82,8.198,NULL,N,NULL,NULL,NULL,NULL,NULL,NULL,NULL,NULL,9,3,2,3,1,1,2,2,7,3,N,NULL,Y,N,810,840,845,N,NULL,38,8,0,N,,N,N,098-KY-0194-0,NULL,NULL,2021,O,7.26164E+11,098-KY-0194  -000,HIGH,098-KY-0194  -000,53.638,0,0,0,1,0,0,0,0,0,0,0,0,0