MasterFile,AgencyORINumber,LocalCode,CollisionDate,CollisionTime,CollisionDayWeekCode,RoadwayName_HouseBusinessNumber_,RoadwayName_RoadwayName_,RoadwayName_Direction_,RoadwayName_RoadwaySuffix_,RoadwayfromReport,CurrentRoadwayNumber,RoadwayNumberCoupletID,RSEUniqueGIS,RoadwayIdentifier,ParkingLotIndicator,IntersectionWith_Indicator_,IntersectionWith_NameRoadway_,IntersectionWith_Direction_,IntersectionWith_RoadwaySuffix_,BetweenStreets_Indicator_,BetweenStreets1_NameRoadway_,BetweenStreet1_Direction_,BetweenStreets1_RoadwaySuffix_,BetweenStreets2_NameRoadway_,BetweenStreets2_Direction_,BetweenStreets2_RoadwaySuffix_,Milepoint,ReportMilepointDeriveNumber,CurrentDerivedMiepointNumber,MilestoMilepoint,FeettoMilepoint,DirectionfromMilepoint_NSEW_,ValidMilepointIndicator,NumberInjured,NumberKilled,ofUnits,ofMotorVehicleUnits,Hit&RunIndicator,OneWayIndicator,SpeedLimitNumber,KilometersIndicator,CountyCode,CityCountyCode,MilesFromCity,DirectionFromCity_NSEW_,InCityLimitsIndicator,Latitude,LatitudeDegrees,LatitudeMinutes,LatitudeSeconds,Longitude,LongitudeDegrees,LongitudeMinutes,LongitudeSeconds,RampIndicator,RampFromIdentifier,RampFromDirCode,RampFromCoupletID,RSEUniqueGISRampFrom,RampToidentifier,RampToDirCode,RampToCoupletID,RSEUniqueGisRampTo,MannerofCollisionCode,LocationFirstEventCode,TotalLanes,RoadwayCharacterCode,RoadwaySurfaceCode,RoadwayConditionCode,WeatherCode,LightConditionCode,LandUseCode,SchoolBusRelatedCode,FirstAidSceneIndicator,CollDescPresentInd,InvestigationCompleteIndicator,PhotosTakenIndicator,TimeNotified,TimeArrived,TimeRoadwayOpened,PropertyDamageIndicator,DiagramPresentIndicator,DirectionalAnalysis,FunctionClassCode,NationalHwySysCode,EnforcementsIndicator,KARSCityCode,SecondaryCollisionIndicator,MedianCrossoverIndicator,RT_UNIQUE,MapIt,TimeLastLeft,YR,KABCO,MFNY,WorkingRID,RT_CONFIDENCE,KTC_RT,KTC_MP,Motorcyclist,CommercialVehicle,YoungDriver,MatureDriver,pedestrian,Bicyclist,Distracted,agressive,Impaired,Unrestrained,Intersection,RoadwayDeparture,MedXover
72577958,KSP0900,20-783263,20201112,530,,,US119,,,US0119,US0119,0,098 US-119,US0119,N,N,NULL,NULL,NULL,N,NULL,NULL,NULL,NULL,NULL,NULL,22.371,NULL,NULL,NULL,NULL,,NULL,0,0,2,2,N,N,55,NULL,98,9842,NULL,,Y,37.63658,37,38.195,NULL,-82.25767,82,15.46,NULL,N,NULL,NULL,NULL,NULL,NULL,NULL,NULL,NULL,8,3,2,3,1,1,3,2,7,3,N,NULL,Y,N,539,710,835,N,NULL,53,2,1,N,,N,N,098-US-0119-0,NULL,NULL,2020,O,7.2578E+11,098-US-0119  -000,HIGH,098-US-0119  -000,22.371,0,1,0,0,0,0,1,0,0,0,0,1,0
72583232,980100,2.02E+11,20201230,1857,,,US23,,,US0023,US0023,,,,N,N,NULL,NULL,NULL,N,NULL,NULL,NULL,NULL,NULL,NULL,29.524,NULL,NULL,NULL,NULL,,NULL,0,0,2,2,N,N,45,NULL,98,9807,NULL,,Y,37.53057,37,31.834,NULL,-82.57635,82,34.581,NULL,N,NULL,NULL,NULL,NULL,NULL,NULL,NULL,NULL,8,6,4,6,1,1,2,6,1,3,N,NULL,Y,N,1857,1916,1916,N,NULL,51,,1,N,,N,N,,NULL,NULL,2020,O,7.25832E+11,098-US-0023  -000,MEDIUM,098-US-0023  -000,29.524,0,1,0,1,0,0,0,0,0,1,0,1,0
72617428,980100,2.021E+11,20210406,1651,,,BYPASS,S,RD,KY1426,KY1426,,,,Y,N,NULL,NULL,NULL,N,NULL,NULL,NULL,NULL,NULL,NULL,5.583,NULL,NULL,NULL,NULL,,NULL,0,0,2,2,N,N,15,NULL,98,9801,NULL,,Y,37.4724,37,28.344,NULL,-82.52477,82,31.486,NULL,N,NULL,NULL,NULL,NULL,NULL,NULL,NULL,NULL,4,97,1,6,1,1,2,2,1,3,N,NULL,Y,N,1651,1659,1659,N,NULL,90,,0,N,,N,N,,NULL,NULL,2021,O,7.26174E+11,098-KY-1426  -000,HIGH,098-KY-1426  -000,5.583,0,0,0,1,0,0,1,1,0,0,0,0,0
72600024,KSP0900,21-84302,20210303,836,,,VIRGIE,,RD,KY0610,KY0610,0,098 KY-610,KY0610,N,N,NULL,NULL,NULL,N,NULL,NULL,NULL,NULL,NULL,NULL,8.686,NULL,NULL,NULL,NULL,,NULL,0,0,1,1,N,N,35,NULL,98,9827,NULL,,Y,37.34603,37,20.762,NULL,-82.59228,82,35.536,NULL,N,NULL,NULL,NULL,NULL,NULL,NULL,NULL,NULL,9,3,2,3,1,2,2,2,7,3,N,NULL,Y,Y,836,900,910,N,NULL,44,7,0,N,,N,N,098-KY-0610-0,NULL,NULL,2021,O,7.26E+11,098-KY-0610  -000,HIGH,098-KY-0610  -000,8.686,0,0,1,0,0,0,0,0,0,0,0,1,0
72584138,KSP0900,21-16216,20210113,12,,2541,FISHTRAP,,RD,KY1441,KY1441,0,098 KY-1441,KY1441,N,N,NULL,NULL,NULL,N,NULL,NULL,NULL,NULL,NULL,NULL,9.257,NULL,NULL,NULL,NULL,,NULL,0,0,1,1,N,N,45,NULL,98,9850,NULL,,Y,37.50582,37,30.349,NULL,-82.44989,82,26.994,NULL,N,NULL,NULL,NULL,NULL,NULL,NULL,NULL,NULL,9,5,2,6,1,1,2,6,7,3,N,NULL,N,N,12,26,48,Y,NULL,40,8,0,N,,N,N,098-KY-1441-0,NULL,NULL,2021,O,7.25841E+11,098-KY-1441  -000,MEDIUM,098-KY-1441  -000,9.257,0,0,1,0,0,0,1,0,0,0,0,1,0
72632443,980100,2.021E+11,20210604,1738,,,KY3496,,,KY3496,KY3496,,,,N,N,NULL,NULL,NULL,N,NULL,NULL,NULL,NULL,NULL,NULL,0.931,NULL,NULL,NULL,NULL,,NULL,0,0,2,2,N,N,35,NULL,98,9801,NULL,,Y,37.47223,37,28.333,NULL,-82.52709,82,31.625,NULL,N,NULL,NULL,NULL,NULL,NULL,NULL,NULL,NULL,1,3,2,6,2,1,2,2,1,3,N,NULL,Y,N,1738,1742,,N,NULL,55,16,0,N,,N,N,,NULL,NULL,2021,O,7.26324E+11,098-KY-3496  -000,HIGH,098-KY-3496  -000,0.931,0,0,0,0,0,0,1,1,0,0,0,0,0
72616262,KSP0900,21-154572,20210418,630,,17300,BIG CREEK,E,RD,KY3220,KY3220,0,098 KY-3220,KY3220,N,N,NULL,NULL,NULL,N,NULL,NULL,NULL,NULL,NULL,NULL,0.889,NULL,NULL,NULL,NULL,,NULL,0,0,4,4,Y,N,35,NULL,98,9833,NULL,,Y,37.6205,37,37.23,NULL,-82.35333,82,21.2,NULL,N,NULL,NULL,NULL,NULL,NULL,NULL,NULL,NULL,1,97,2,1,1,1,2,1,7,3,N,NULL,Y,Y,806,824,824,N,NULL,47,8,0,N,,N,N,098-KY-3220-0,NULL,NULL,2021,NULL,7.26163E+11,098-KY-3220  -000,HIGH,098-KY-3220  -000,0.889,0,0,0,0,0,0,0,0,0,0,0,0,0
72585012,980100,2.021E+11,20210116,1349,,,HAROLDS BRANCH,,RD,,,,,,N,N,NULL,NULL,NULL,N,NULL,NULL,NULL,NULL,NULL,NULL,NULL,NULL,NULL,NULL,NULL,NULL,NULL,0,0,2,2,N,N,25,NULL,98,9801,NULL,,Y,37.46711,37,28.027,NULL,-82.50455,82,30.273,NULL,N,NULL,NULL,NULL,NULL,NULL,NULL,NULL,NULL,3,3,1,3,1,5,9,2,6,3,N,NULL,Y,N,1349,1404,1404,N,NULL,52,,,Y,,N,N,,NULL,NULL,2021,O,7.2585E+11,098-CS-1223  -000,MEDIUM,098-CS-1223  -000,1.151,0,0,0,0,0,0,1,0,0,0,0,1,0
72579217,980200,EC4120002,20201218,2100,,390,RUSSELL,E,ST,,,0,098 CS-2009,CS2009,N,N,NULL,NULL,NULL,N,NULL,NULL,NULL,NULL,NULL,NULL,0.217,NULL,NULL,NULL,NULL,,NULL,0,0,1,1,Y,N,25,NULL,98,9802,NULL,,Y,37.3056,37,18.336,NULL,-82.3482,82,20.892,NULL,N,NULL,NULL,NULL,NULL,NULL,NULL,NULL,NULL,9,7,2,6,1,1,2,5,6,3,N,NULL,N,Y,1341,1341,,N,NULL,47,,,N,,N,N,098-CS-2009-0,NULL,NULL,2020,NULL,7.25792E+11,098-CS-2009  -000,HIGH,098-CS-2009  -000,0.215,0,0,0,0,0,0,0,0,0,0,0,0,0
72562619,KSP0900,20-779315,20201109,1400,,,TACKETT,,BR,,,0,098 CR-1728,CR1728,N,N,NULL,NULL,NULL,N,NULL,NULL,NULL,NULL,NULL,NULL,0.051,NULL,NULL,NULL,NULL,,NULL,0,0,2,2,N,N,25,NULL,98,9827,NULL,,Y,37.37259,37,22.355,NULL,-82.6476,82,38.856,NULL,N,NULL,NULL,NULL,NULL,NULL,NULL,NULL,NULL,7,3,2,1,3,1,2,2,7,3,N,NULL,Y,N,1400,1418,1418,N,NULL,54,,,N,,N,N,098-CR-1728-0,NULL,NULL,2020,O,7.25626E+11,098-CR-1728  -000,HIGH,098-CR-1728  -000,0.051,0,0,0,0,0,0,0,0,0,0,0,1,0
72562640,KSP0900,20-778303,20201108,2026,,,US23,,,US0023,US0023,0,098 US-23-10,US0023,N,N,NULL,NULL,NULL,N,NULL,NULL,NULL,NULL,NULL,NULL,10.824,NULL,NULL,NULL,NULL,,NULL,0,0,1,1,N,N,55,NULL,98,9809,NULL,,Y,37.34792,37,20.875,NULL,-82.54861,82,32.917,NULL,N,NULL,NULL,NULL,NULL,NULL,NULL,NULL,NULL,9,3,4,6,1,1,2,6,3,3,N,NULL,Y,N,2026,2050,2026,N,NULL,38,,1,N,,N,N,098-US-0023-10,NULL,NULL,2020,O,7.25626E+11,098-US-0023  -010,HIGH,098-US-0023  -000,10.824,0,0,0,0,0,0,0,0,0,0,0,0,0
72578683,980100,2.02E+11,20201225,825,,,,,,US0023,US0023,,,,N,N,NULL,NULL,NULL,N,NULL,NULL,NULL,NULL,NULL,NULL,0.033,NULL,NULL,NULL,NULL,NULL,NULL,0,0,1,1,N,N,55,NULL,98,9801,NULL,,Y,37.43682,37,26.209,NULL,-82.51057,82,30.634,NULL,Y,US0460,W,NULL,098 US-23-422,US0023,N,NULL,098 US-23-422,9,5,2,2,1,4,9,2,7,3,N,NULL,Y,N,825,841,,N,NULL,72,,1,N,,N,N,,NULL,NULL,2020,O,7.25787E+11,098-US-0023  -422,MEDIUM,098-US-0023  -422,0.033,0,0,0,0,0,0,1,0,0,0,0,1,0
72595923,370200,2021-66279,20210219,647,,,KY611,,,KY0611,KY0611,0,098 KY-611,KY0611,N,N,NULL,NULL,NULL,N,NULL,NULL,NULL,NULL,NULL,NULL,4.03,NULL,NULL,NULL,NULL,,NULL,0,0,1,1,N,N,35,NULL,98,9801,5,S,N,37.31786,37,19.072,NULL,-82.51666,82,31,NULL,N,NULL,NULL,NULL,NULL,NULL,NULL,NULL,NULL,9,3,1,2,1,4,3,2,7,3,N,NULL,Y,N,702,750,930,Y,NULL,40,8,0,N,,N,N,098-KY-0611-0,NULL,NULL,2021,O,7.25959E+11,098-KY-0611  -000,HIGH,098-KY-0611  -000,4.03,0,1,0,0,0,0,0,0,0,0,0,1,0
72625902,980100,2.021E+11,20210518,1358,,,MAYO,N,TRL,US0023,US0023,0,098 US-23,US0023,N,N,NULL,NULL,NULL,N,NULL,NULL,NULL,NULL,NULL,NULL,27.314,NULL,NULL,NULL,NULL,,NULL,0,0,2,2,N,N,55,NULL,98,9801,NULL,,Y,37.51068,37,30.641,NULL,-82.54753,82,32.852,NULL,N,NULL,NULL,NULL,NULL,NULL,NULL,NULL,NULL,5,3,4,6,1,1,3,2,7,3,N,NULL,Y,N,1358,1406,1358,N,NULL,49,,1,N,,N,N,098-US-0023-0,NULL,NULL,2021,O,7.26259E+11,098-US-0023  -000,HIGH,098-US-0023  -000,27.314,0,0,0,0,0,0,1,0,0,0,0,0,0
72621843,980100,2.021E+11,20210506,1920,,,US23,,,US0023,US0023,0,098 US-23-10,US0023,Y,N,NULL,NULL,NULL,N,NULL,NULL,NULL,NULL,NULL,NULL,28.718,NULL,NULL,NULL,NULL,,NULL,0,0,1,1,N,N,NULL,NULL,98,9807,1,N,N,37.52078,37,31.247,NULL,-82.56868,82,34.121,NULL,N,NULL,NULL,NULL,NULL,NULL,NULL,NULL,NULL,9,97,1,6,1,1,2,2,1,3,N,NULL,Y,N,1925,1930,,N,NULL,90,,1,N,,N,N,098-US-0023-10,NULL,NULL,2021,O,7.26218E+11,098-US-0023  -010,HIGH,098-US-0023  -000,28.718,0,0,0,0,0,0,1,0,0,0,0,1,0
72566485,KSP0900,20-793458,20201118,2046,,,STATE HIGHWAY 292,E,,,,,,,N,N,NULL,NULL,NULL,N,NULL,NULL,NULL,NULL,NULL,NULL,1.01,NULL,NULL,NULL,NULL,,NULL,0,0,1,1,N,N,55,NULL,98,9869,NULL,,Y,37.62635,37,37.581,NULL,-82.20102,82,12.061,NULL,N,NULL,NULL,NULL,NULL,NULL,NULL,NULL,NULL,9,5,1,6,1,1,2,6,7,3,N,NULL,Y,Y,2053,2109,2130,N,NULL,51,,,N,,N,N,,NULL,NULL,2020,O,7.25665E+11,098-CR-1061  -000,LOW,098-CR-1061  -000,1.01,0,0,0,0,0,0,0,0,0,0,0,1,0
72569832,980100,2.02E+11,20201120,1639,,222,MAYO,S,TRL,,,,,,Y,N,NULL,NULL,NULL,N,NULL,NULL,NULL,NULL,NULL,NULL,NULL,NULL,NULL,NULL,NULL,,NULL,0,0,2,2,N,N,15,NULL,98,9801,NULL,,Y,37.47193,37,28.316,NULL,-82.52991,82,31.795,NULL,N,NULL,NULL,NULL,NULL,NULL,NULL,NULL,NULL,7,97,1,6,1,1,2,2,1,3,N,NULL,Y,N,1639,1644,1644,N,NULL,90,,,Y,,N,N,,NULL,NULL,2020,O,7.25698E+11,098-KY-3496  -000,MEDIUM,098-KY-3496  -000,0.78,0,0,0,0,0,0,0,0,1,0,0,0,0
72591313,KSP0900,2021-28474,20210122,906,,,US23,,,US0023,US0023,0,098 US-23,US0023,N,N,NULL,NULL,NULL,N,NULL,NULL,NULL,NULL,NULL,NULL,6.143,NULL,NULL,NULL,NULL,,NULL,1,0,2,2,N,N,55,NULL,98,9809,NULL,,Y,37.2913,37,17.478,NULL,-82.54972,82,32.983,NULL,N,NULL,NULL,NULL,NULL,NULL,NULL,NULL,NULL,5,3,4,6,1,1,3,2,7,3,Y,NULL,Y,Y,913,1037,1037,N,NULL,49,,1,Y,,N,N,098-US-0023-0,NULL,NULL,2021,C,7.25913E+11,098-US-0023  -000,HIGH,098-US-0023  -000,6.143,0,1,0,0,0,0,1,0,0,0,0,0,0
72616368,KSP0900,21-139996,20210408,1422,,,GOODY,,LOOP,,,0,098 PR-1024,PR1024,N,N,NULL,NULL,NULL,N,NULL,NULL,NULL,NULL,NULL,NULL,0.016,NULL,NULL,NULL,NULL,,NULL,0,0,3,3,N,N,45,NULL,98,9834,NULL,,Y,37.6599,37,39.594,NULL,-82.27293,82,16.376,NULL,N,NULL,NULL,NULL,NULL,NULL,NULL,NULL,NULL,1,3,4,6,1,5,6,2,7,3,N,NULL,Y,N,1422,1440,1450,N,NULL,55,,,N,,N,N,098-PR-1024-0,NULL,NULL,2021,O,7.26164E+11,098-PR-1024  -000,HIGH,098-PR-1024  -000,0.016,0,0,0,1,0,0,1,1,0,0,0,0,0
72581453,KSP0900,20-850971,20201231,1445,,,GOODY,,LOOP,,,0,098 PR-1024-30,PR1024,N,N,NULL,NULL,NULL,N,NULL,NULL,NULL,NULL,NULL,NULL,0.004,NULL,NULL,NULL,NULL,,NULL,0,0,2,2,N,N,45,NULL,98,9834,NULL,,Y,37.65979,37,39.587,NULL,-82.27328,82,16.397,NULL,N,NULL,NULL,NULL,NULL,NULL,NULL,NULL,NULL,6,3,4,6,1,5,6,2,7,3,N,NULL,Y,N,1445,1450,1450,N,NULL,70,,,Y,,N,N,098-PR-1024-30,NULL,NULL,2020,O,7.25815E+11,098-PR-1024  -030,HIGH,098-PR-1024  -030,0.004,0,0,0,0,0,0,0,1,0,0,0,0,0
72579913,KSP0900,20-840990,20201223,1749,,,BIG CREEK,E,RD,KY3220,KY3220,0,098 KY-3220,KY3220,N,N,NULL,NULL,NULL,N,NULL,NULL,NULL,NULL,NULL,NULL,2.504,NULL,NULL,NULL,NULL,,NULL,0,0,3,3,Y,N,35,NULL,98,9833,NULL,,Y,37.60871,37,36.523,NULL,-82.33002,82,19.801,NULL,N,NULL,NULL,NULL,NULL,NULL,NULL,NULL,NULL,7,3,2,6,1,1,2,6,7,3,Y,NULL,Y,N,1749,1751,1829,N,NULL,47,8,0,N,,N,N,098-KY-3220-0,NULL,NULL,2020,O,7.25799E+11,098-KY-3220  -000,HIGH,098-KY-3220  -000,2.504,0,0,1,1,0,0,0,1,0,0,0,0,0
72578682,980100,2.02E+11,20201221,1505,,,CASSIDY,,BLVD,,,,,,N,N,NULL,NULL,NULL,N,NULL,NULL,NULL,NULL,NULL,NULL,0.311,NULL,NULL,NULL,NULL,,NULL,0,0,2,2,N,N,25,NULL,98,9801,NULL,,Y,37.50519,37,30.311,NULL,-82.53706,82,32.224,NULL,N,NULL,NULL,NULL,NULL,NULL,NULL,NULL,NULL,1,3,2,6,1,1,2,2,1,3,N,NULL,Y,N,1505,1510,,N,NULL,55,,,N,,N,N,,NULL,NULL,2020,O,7.25787E+11,098-CS-1191  -000,MEDIUM,098-CS-1191  -000,0.311,0,0,0,1,0,0,1,1,0,0,0,0,0
72588103,980100,2.021E+11,20210122,1326,,,US23,,,US0023,US0023,,,,N,N,NULL,NULL,NULL,N,NULL,NULL,NULL,NULL,NULL,NULL,23.055,NULL,NULL,NULL,NULL,,NULL,6,0,3,3,N,N,55,NULL,98,9801,NULL,,Y,37.4659,37,27.954,NULL,-82.52794,82,31.677,NULL,N,NULL,NULL,NULL,NULL,NULL,NULL,NULL,NULL,5,3,4,6,1,1,2,2,7,3,Y,NULL,N,Y,1326,1332,1407,N,NULL,49,,1,N,,N,N,,NULL,NULL,2021,C,7.25881E+11,098-US-0023  -000,MEDIUM,098-US-0023  -000,23.055,0,0,0,1,0,0,1,0,0,0,0,0,0
72594864,KSP0900,21-52027,20210208,1603,,,US460,,,US0460,US0460,0,098 US-460,US0460,N,N,NULL,NULL,NULL,N,NULL,NULL,NULL,NULL,NULL,NULL,5.341,NULL,NULL,NULL,NULL,,NULL,0,0,1,1,N,N,45,NULL,98,9832,NULL,,Y,37.40818,37,24.491,NULL,-82.44508,82,26.704,NULL,N,NULL,NULL,NULL,NULL,NULL,NULL,NULL,NULL,9,3,2,1,1,1,2,2,7,3,N,NULL,Y,N,1606,1625,,N,NULL,70,,1,N,,N,N,098-US-0460-0,NULL,NULL,2021,O,7.25949E+11,098-US-0460  -000,HIGH,098-US-0460  -000,5.341,0,0,0,0,0,0,0,0,0,0,0,1,0
72577583,980100,2.02E+11,20201217,1440,,120,JUSTICE WAY,,RD,,,0,098 CS-1215,CS1215,Y,N,NULL,NULL,NULL,N,NULL,NULL,NULL,NULL,NULL,NULL,NULL,NULL,NULL,NULL,NULL,NULL,NULL,0,0,2,2,N,N,NULL,NULL,98,9801,NULL,,Y,37.50715,37,30.429,NULL,-82.54703,82,32.821,NULL,N,NULL,NULL,NULL,NULL,NULL,NULL,NULL,NULL,1,97,1,6,1,1,2,2,1,3,N,NULL,Y,N,1440,1446,1446,N,NULL,90,,,N,,N,N,098-CS-1215-0,NULL,NULL,2020,O,7.25776E+11,098-CS-1215  -000,HIGH,098-CS-1215  -000,0.309,0,0,0,0,0,0,0,0,0,0,0,0,0
72577757,980100,2.02E+11,20201221,1510,,,CASSIDY,,BLVD,,,0,098 CS-1191,CS1191,Y,N,NULL,NULL,NULL,N,NULL,NULL,NULL,NULL,NULL,NULL,0.218,NULL,NULL,NULL,NULL,,NULL,0,0,2,2,N,N,NULL,NULL,98,9801,NULL,,Y,37.5042,37,30.252,NULL,-82.53548,82,32.129,NULL,N,NULL,NULL,NULL,NULL,NULL,NULL,NULL,NULL,2,97,NULL,6,1,1,2,2,1,3,N,NULL,Y,N,1513,1515,1530,N,NULL,90,,,N,,N,N,098-CS-1191-0,NULL,NULL,2020,O,7.25778E+11,098-CS-1191  -000,HIGH,098-CS-1191  -000,0.218,0,0,1,1,0,0,1,0,0,0,0,0,0
72583544,KSP0900,21-10357,20210108,1510,,,US119,,,US0119,US0119,0,098 US-119,US0119,N,N,NULL,NULL,NULL,N,NULL,NULL,NULL,NULL,NULL,NULL,14.176,NULL,NULL,NULL,NULL,,NULL,0,0,2,2,N,N,55,NULL,98,9833,NULL,,Y,37.61796,37,37.078,NULL,-82.3491,82,20.946,NULL,N,NULL,NULL,NULL,NULL,NULL,NULL,NULL,NULL,8,3,4,3,1,1,3,2,7,3,N,NULL,N,N,151,1520,1525,N,NULL,53,2,1,N,,N,N,098-US-0119-0,NULL,NULL,2021,O,7.25835E+11,098-US-0119  -000,MEDIUM,098-US-0119  -000,14.176,0,0,0,0,0,0,1,1,0,0,0,1,0
72568718,980000,20-11-003,20201114,1630,,,RATLIFF CREEK,,RD,,,0,098 CR-1484,CR1484,N,N,NULL,NULL,NULL,N,NULL,NULL,NULL,NULL,NULL,NULL,1.9,NULL,NULL,NULL,NULL,,NULL,0,0,2,2,N,N,35,NULL,98,9801,NULL,,Y,37.50227,37,30.136,NULL,-82.49957,82,29.974,NULL,N,NULL,NULL,NULL,NULL,NULL,NULL,NULL,NULL,2,97,1,5,1,1,2,2,6,3,N,NULL,Y,Y,1600,1630,1630,N,NULL,47,,,N,,N,N,098-CR-1484-0,NULL,NULL,2020,O,7.25687E+11,098-CR-1484  -000,HIGH,098-CR-1484  -000,1.9,0,0,0,0,0,0,1,0,0,0,0,0,0
72636400,KSP0900,2021-235221,20210608,1850,,,SHELBY DRY,,FRK,,,0,098 CR-1257,CR1257,N,N,NULL,NULL,NULL,N,NULL,NULL,NULL,NULL,NULL,NULL,0.166,NULL,NULL,NULL,NULL,,NULL,1,0,2,2,N,Y,25,NULL,98,9841,NULL,,Y,37.4213,37,25.278,NULL,-82.49155,82,29.493,NULL,N,NULL,NULL,NULL,NULL,NULL,NULL,NULL,NULL,3,3,1,3,1,5,3,2,7,3,N,NULL,N,Y,1850,1857,1857,N,NULL,52,,,N,,N,N,098-CR-1257-0,NULL,NULL,2021,C,7.26364E+11,098-CR-1257  -000,HIGH,098-CR-1257  -000,0.166,0,0,0,0,0,0,0,0,0,0,0,1,0
72617531,KSP0900,21-165225,20210425,1710,,,KY1469,,,KY1469,KY1469,0,098 KY-1469,KY1469,N,N,NULL,NULL,NULL,N,NULL,NULL,NULL,NULL,NULL,NULL,9.318,NULL,NULL,NULL,NULL,,NULL,2,0,2,2,N,N,55,NULL,98,9827,NULL,,Y,37.32391,37,19.434,NULL,-82.61249,82,36.749,NULL,N,NULL,NULL,NULL,NULL,NULL,NULL,NULL,NULL,1,3,2,6,1,1,2,2,7,3,Y,NULL,Y,Y,1603,1612,1630,N,NULL,55,8,0,N,,N,N,098-KY-1469-0,NULL,NULL,2021,B,7.26175E+11,098-KY-1469  -000,HIGH,098-KY-1469  -000,9.318,0,0,0,1,0,0,1,1,0,0,0,1,0
72598450,980100,2.021E+11,20210226,1849,,231,HIBBARD,,ST,,,0,098 CS-1053,CS1053,Y,N,NULL,NULL,NULL,N,NULL,NULL,NULL,NULL,NULL,NULL,0.05,NULL,NULL,NULL,NULL,,NULL,0,0,2,2,N,N,15,NULL,98,9801,NULL,,Y,37.4738,37,28.428,NULL,-82.52673,82,31.604,NULL,N,NULL,NULL,NULL,NULL,NULL,NULL,NULL,NULL,2,97,NULL,6,1,5,2,8,1,3,N,NULL,Y,N,1849,1858,,N,NULL,90,,,N,,N,N,098-CS-1053-0,NULL,NULL,2021,O,7.25985E+11,098-CS-1053  -000,HIGH,098-CS-1053  -000,0.05,0,0,0,0,0,0,1,0,0,0,0,0,0
72571898,KSP0900,20-789176,20201115,2109,,,FISHTRAP,,RD,KY1441,KY1441,0,098 KY-1441,KY1441,N,N,NULL,NULL,NULL,N,NULL,NULL,NULL,NULL,NULL,NULL,0.259,NULL,NULL,NULL,NULL,,NULL,0,0,1,1,N,N,55,NULL,98,9832,NULL,,Y,37.40788,37,24.473,NULL,-82.44569,82,26.742,NULL,N,NULL,NULL,NULL,NULL,NULL,NULL,NULL,NULL,9,3,2,4,1,5,2,6,7,3,N,NULL,Y,N,2109,2145,,N,NULL,38,,5,N,,N,N,098-KY-1441-0,NULL,NULL,2020,O,7.25719E+11,098-KY-1441  -000,HIGH,098-KY-1441  -000,0.259,0,0,0,0,0,0,0,0,0,0,0,0,0
72607661,980100,2.021E+11,20210323,1110,,,CASSIDY,,BLVD,,,0,098 CS-1191,CS1191,Y,N,NULL,NULL,NULL,N,NULL,NULL,NULL,NULL,NULL,NULL,0.059,NULL,NULL,NULL,NULL,,NULL,0,0,2,2,N,N,NULL,NULL,98,9801,NULL,,Y,37.50367,37,30.22,NULL,-82.53311,82,31.987,NULL,N,NULL,NULL,NULL,NULL,NULL,NULL,NULL,NULL,5,97,1,6,1,1,2,2,1,3,N,NULL,Y,N,1110,1121,,N,NULL,90,,,N,,N,N,098-CS-1191-0,NULL,NULL,2021,O,7.26077E+11,098-CS-1191  -000,HIGH,098-CS-1191  -000,0.059,0,0,0,1,0,0,1,0,0,0,0,0,0
72567775,KSP0900,2020-758449,20201026,1100,,,ELKHORN,,CRK,KY0197,KY0197,0,098 KY-197,KY0197,N,N,NULL,NULL,NULL,N,NULL,NULL,NULL,NULL,NULL,NULL,0.678,NULL,NULL,NULL,NULL,,NULL,1,0,2,2,N,N,55,NULL,98,9867,NULL,,Y,37.21928,37,13.157,NULL,-82.55109,82,33.065,NULL,N,NULL,NULL,NULL,NULL,NULL,NULL,NULL,NULL,3,3,2,3,1,5,3,2,7,3,Y,NULL,N,Y,1100,1130,1230,N,NULL,52,7,0,N,,N,Y,098-KY-0197-0,NULL,NULL,2020,C,7.25678E+11,098-KY-0197  -000,HIGH,098-KY-0197  -000,0.678,0,0,1,0,0,0,0,0,0,1,0,1,1
72580725,KSP0900,20-849304,20201230,906,,,US23,,,US0023,US0023,0,098 US-23-10,US0023,N,N,NULL,NULL,NULL,N,NULL,NULL,NULL,NULL,NULL,NULL,27.438,NULL,NULL,NULL,NULL,,NULL,0,0,2,2,N,N,55,NULL,98,9807,NULL,,Y,37.51108,37,30.665,NULL,-82.54984,82,32.99,NULL,N,NULL,NULL,NULL,NULL,NULL,NULL,NULL,NULL,5,3,4,6,1,1,2,2,6,3,N,NULL,Y,N,906,910,910,N,NULL,49,,1,N,,N,N,098-US-0023-10,NULL,NULL,2020,O,7.25807E+11,098-US-0023  -010,HIGH,098-US-0023  -000,27.438,0,0,0,1,0,0,0,0,0,0,0,0,0
72574814,KSP0900,20-821380,20201209,1240,,,US119,,,US0119,US0119,0,098 US-119,US0119,Y,N,NULL,NULL,NULL,N,NULL,NULL,NULL,NULL,NULL,NULL,23.98,NULL,NULL,NULL,NULL,,NULL,0,0,2,2,N,N,55,NULL,98,9834,NULL,,Y,37.65563,37,39.338,NULL,-82.26954,82,16.172,NULL,N,NULL,NULL,NULL,NULL,NULL,NULL,NULL,NULL,2,97,2,6,1,1,3,2,1,3,N,NULL,Y,N,1241,1244,1244,N,NULL,90,2,1,N,,N,N,098-US-0119-0,NULL,NULL,2020,O,7.25748E+11,098-US-0119  -000,HIGH,098-US-0119  -000,23.98,0,0,0,1,0,0,1,0,0,0,0,0,0