MasterFile,AgencyORINumber,LocalCode,CollisionDate,CollisionTime,CollisionDayWeekCode,RoadwayName_HouseBusinessNumber_,RoadwayName_RoadwayName_,RoadwayName_Direction_,RoadwayName_RoadwaySuffix_,RoadwayfromReport,CurrentRoadwayNumber,RoadwayNumberCoupletID,RSEUniqueGIS,RoadwayIdentifier,ParkingLotIndicator,IntersectionWith_Indicator_,IntersectionWith_NameRoadway_,IntersectionWith_Direction_,IntersectionWith_RoadwaySuffix_,BetweenStreets_Indicator_,BetweenStreets1_NameRoadway_,BetweenStreet1_Direction_,BetweenStreets1_RoadwaySuffix_,BetweenStreets2_NameRoadway_,BetweenStreets2_Direction_,BetweenStreets2_RoadwaySuffix_,Milepoint,ReportMilepointDeriveNumber,CurrentDerivedMiepointNumber,MilestoMilepoint,FeettoMilepoint,DirectionfromMilepoint_NSEW_,ValidMilepointIndicator,NumberInjured,NumberKilled,ofUnits,ofMotorVehicleUnits,Hit&RunIndicator,OneWayIndicator,SpeedLimitNumber,KilometersIndicator,CountyCode,CityCountyCode,MilesFromCity,DirectionFromCity_NSEW_,InCityLimitsIndicator,Latitude,LatitudeDegrees,LatitudeMinutes,LatitudeSeconds,Longitude,LongitudeDegrees,LongitudeMinutes,LongitudeSeconds,RampIndicator,RampFromIdentifier,RampFromDirCode,RampFromCoupletID,RSEUniqueGISRampFrom,RampToidentifier,RampToDirCode,RampToCoupletID,RSEUniqueGisRampTo,MannerofCollisionCode,LocationFirstEventCode,TotalLanes,RoadwayCharacterCode,RoadwaySurfaceCode,RoadwayConditionCode,WeatherCode,LightConditionCode,LandUseCode,SchoolBusRelatedCode,FirstAidSceneIndicator,CollDescPresentInd,InvestigationCompleteIndicator,PhotosTakenIndicator,TimeNotified,TimeArrived,TimeRoadwayOpened,PropertyDamageIndicator,DiagramPresentIndicator,DirectionalAnalysis,FunctionClassCode,NationalHwySysCode,EnforcementsIndicator,KARSCityCode,SecondaryCollisionIndicator,MedianCrossoverIndicator,RT_UNIQUE,MapIt,TimeLastLeft,YR,KABCO,MFNY,WorkingRID,RT_CONFIDENCE,KTC_RT,KTC_MP,Motorcyclist,CommercialVehicle,YoungDriver,MatureDriver,pedestrian,Bicyclist,Distracted,agressive,Impaired,Unrestrained,Intersection,RoadwayDeparture,MedXover
72594961,980100,2.021E+11,20210209,47,,,HAMBLEY,,BLVD,,,,,,N,N,NULL,NULL,NULL,N,NULL,NULL,NULL,NULL,NULL,NULL,NULL,NULL,NULL,NULL,NULL,NULL,NULL,0,0,1,1,N,N,35,NULL,98,9801,NULL,,Y,37.47563,37,28.538,NULL,-82.52454,82,31.472,NULL,N,NULL,NULL,NULL,NULL,NULL,NULL,NULL,NULL,9,97,2,6,1,1,2,5,1,3,N,NULL,Y,N,48,50,128,Y,NULL,40,,,Y,,N,N,,NULL,NULL,2021,O,7.2595E+11,098-CS-1153  -000,MEDIUM,098-CS-1153  -000,0.191,0,0,0,0,0,0,0,0,1,0,0,1,0
72614471,KSP0900,21-150951,20210415,1701,,,US119,,,US0119,US0119,0,098 US-119-10,US0119,N,N,NULL,NULL,NULL,N,NULL,NULL,NULL,NULL,NULL,NULL,21.996,NULL,NULL,NULL,NULL,,NULL,0,0,3,3,N,N,55,NULL,98,9836,NULL,,Y,37.63314,37,37.989,NULL,-82.26209,82,15.725,NULL,N,NULL,NULL,NULL,NULL,NULL,NULL,NULL,NULL,1,3,2,6,1,1,2,2,7,3,N,NULL,Y,N,1701,1705,1800,N,NULL,55,2,1,N,,N,N,098-US-0119-10,NULL,NULL,2021,O,7.26145E+11,098-US-0119  -010,HIGH,098-US-0119  -000,21.996,0,0,0,0,0,0,1,0,0,0,0,0,0
72581496,KSP0900,21-4544,20210104,1352,,,US460,,,US0460,US0460,0,098 US-460,US0460,Y,N,NULL,NULL,NULL,N,NULL,NULL,NULL,NULL,NULL,NULL,9.343,NULL,NULL,NULL,NULL,,NULL,0,0,2,2,N,N,35,NULL,98,9802,6,W,N,37.36835,37,22.101,NULL,-82.41432,82,24.859,NULL,N,NULL,NULL,NULL,NULL,NULL,NULL,NULL,NULL,1,97,2,6,1,1,2,2,7,3,N,NULL,Y,N,1352,1400,1400,N,NULL,90,,1,N,,N,N,098-US-0460-0,NULL,NULL,2021,O,7.25815E+11,098-US-0460  -000,MEDIUM,098-US-0460  -000,9.343,0,0,0,1,0,0,0,0,0,0,0,0,0
72587302,KSP0900,21-1067,20210101,2009,,,KY632,,,KY0632,KY0632,0,098 KY-632,KY0632,N,N,NULL,NULL,NULL,N,NULL,NULL,NULL,NULL,NULL,NULL,2.04,NULL,NULL,NULL,NULL,,NULL,2,0,1,1,N,N,55,NULL,98,9817,NULL,,Y,37.49187,37,29.513,NULL,-82.32111,82,19.267,NULL,N,NULL,NULL,NULL,NULL,NULL,NULL,NULL,NULL,9,3,2,6,1,5,2,6,7,3,Y,NULL,Y,Y,2011,2038,2028,N,NULL,44,6,0,N,,N,N,098-KY-0632-0,NULL,NULL,2021,C,7.25873E+11,098-KY-0632  -000,HIGH,098-KY-0632  -000,2.04,0,0,0,0,0,0,0,0,0,0,0,1,0
72577082,980100,2.02E+11,20201218,1917,,,KY3496,,,KY3496,KY3496,,,,Y,N,NULL,NULL,NULL,N,NULL,NULL,NULL,NULL,NULL,NULL,0.762,NULL,NULL,NULL,NULL,,NULL,0,0,2,2,N,N,15,NULL,98,9801,NULL,,Y,37.47203,37,28.322,NULL,-82.53022,82,31.813,NULL,N,NULL,NULL,NULL,NULL,NULL,NULL,NULL,NULL,1,97,1,6,1,1,2,6,1,3,N,NULL,Y,N,1917,1928,1928,N,NULL,90,16,0,N,,N,N,,NULL,NULL,2020,O,7.25771E+11,098-KY-3496  -000,HIGH,098-KY-3496  -000,0.762,0,0,0,0,0,0,1,0,0,0,0,0,0
72577865,980100,2.02E+11,20201221,2057,,,US23,,,US0023,US0023,0,098 US-23,US0023,N,N,NULL,NULL,NULL,N,NULL,NULL,NULL,NULL,NULL,NULL,26.291,NULL,NULL,NULL,NULL,,NULL,3,0,2,2,N,N,55,NULL,98,9801,NULL,,Y,37.50377,37,30.226,NULL,-82.53215,82,31.929,NULL,N,NULL,NULL,NULL,NULL,NULL,NULL,NULL,NULL,1,3,4,6,1,1,2,5,7,3,N,NULL,Y,Y,2057,2101,2201,N,NULL,55,,1,N,,N,N,098-US-0023-0,NULL,NULL,2020,B,7.25779E+11,098-US-0023  -000,HIGH,098-US-0023  -000,26.291,0,0,0,1,0,0,0,1,0,0,0,0,0
72583756,370200,2021-10138,20210108,1159,,,FERRELLS CREEK,,RD,US0460,US0460,0,098 US-460,US0460,N,N,NULL,NULL,NULL,N,NULL,NULL,NULL,NULL,NULL,NULL,15.107,NULL,NULL,NULL,NULL,,NULL,1,0,2,2,N,N,55,NULL,98,9874,NULL,,Y,37.34649,37,20.79,NULL,-82.36272,82,21.764,NULL,N,NULL,NULL,NULL,NULL,NULL,NULL,NULL,NULL,1,3,2,6,1,5,9,2,7,3,Y,NULL,Y,Y,1159,1232,1428,N,NULL,55,,1,N,,N,N,098-US-0460-0,NULL,NULL,2021,C,7.25838E+11,098-US-0460  -000,MEDIUM,098-US-0460  -000,15.107,0,1,0,0,0,0,1,0,0,0,0,0,0
72598907,KSP0900,21-72140,20210223,1219,,,US460,,,US0460,US0460,0,098 US-460,US0460,Y,N,NULL,NULL,NULL,N,NULL,NULL,NULL,NULL,NULL,NULL,13.46,NULL,NULL,NULL,NULL,,NULL,1,0,2,1,N,Y,55,NULL,98,9802,NULL,,Y,37.33419,37,20.051,NULL,-82.38605,82,23.163,NULL,N,NULL,NULL,NULL,NULL,NULL,NULL,NULL,NULL,9,97,1,6,1,8,2,2,7,3,N,NULL,Y,Y,1219,1240,1240,N,NULL,90,,1,N,,N,N,098-US-0460-0,NULL,NULL,2021,A,7.25989E+11,098-US-0460  -000,HIGH,098-US-0460  -000,13.46,0,0,1,0,1,0,1,0,0,0,0,0,0
72582536,KSP0900,21-9444,20210107,2040,,,WILLIAMSON,,RD,KY0292,KY0292,0,098 KY-292,KY0292,N,N,NULL,NULL,NULL,N,NULL,NULL,NULL,NULL,NULL,NULL,12.415,NULL,NULL,NULL,NULL,,NULL,0,0,1,1,N,N,35,NULL,98,9834,NULL,,Y,37.73756,37,44.254,NULL,-82.33018,82,19.811,NULL,N,NULL,NULL,NULL,NULL,NULL,NULL,NULL,NULL,9,3,2,6,1,5,2,6,7,3,N,NULL,Y,Y,2040,2054,2310,N,NULL,70,7,0,N,,N,N,098-KY-0292-0,NULL,NULL,2021,O,7.25825E+11,098-KY-0292  -000,MEDIUM,098-KY-0292  -000,12.415,0,1,0,0,0,0,0,0,0,0,0,1,0
72618693,KSP0900,21-168894,20210427,2000,,,KY194,,,KY0194,KY0194,0,098 KY-194,KY0194,N,N,NULL,NULL,NULL,N,NULL,NULL,NULL,NULL,NULL,NULL,24.668,NULL,NULL,NULL,NULL,,NULL,0,0,1,1,N,N,55,NULL,98,9817,NULL,,Y,37.52055,37,31.233,NULL,-82.36422,82,21.853,NULL,N,NULL,NULL,NULL,NULL,NULL,NULL,NULL,NULL,9,5,2,3,1,1,2,2,7,3,N,NULL,Y,N,2000,2000,2030,N,NULL,51,6,0,N,,N,N,098-KY-0194-0,NULL,NULL,2021,O,7.26187E+11,098-KY-0194  -000,HIGH,098-KY-0194  -000,24.668,0,0,0,0,0,0,0,0,0,0,0,1,0
72635009,980000,21-06-003,20210610,1520,,,TOLER,,RD,KY0319,KY0319,0,098 KY-319,KY0319,N,N,NULL,NULL,NULL,N,NULL,NULL,NULL,NULL,NULL,NULL,5.184,NULL,NULL,NULL,NULL,,NULL,3,0,2,2,N,N,35,NULL,98,9842,NULL,,Y,37.62259,37,37.355,NULL,-82.24395,82,14.637,NULL,N,NULL,NULL,NULL,NULL,NULL,NULL,NULL,NULL,1,3,2,3,1,5,3,2,7,3,N,NULL,Y,Y,1520,1520,1530,N,NULL,55,7,0,N,,N,N,098-KY-0319-0,NULL,NULL,2021,B,7.2635E+11,098-KY-0319  -000,HIGH,098-KY-0319  -000,5.184,0,0,0,0,0,0,0,1,0,0,0,0,0
72640954,KSP0900,21-264741,20210627,1331,,,KY3418,,,KY3418,KY3418,,,,N,N,NULL,NULL,NULL,N,NULL,NULL,NULL,NULL,NULL,NULL,7.118,NULL,NULL,NULL,NULL,,NULL,0,0,2,2,N,N,35,NULL,98,9801,NULL,,Y,37.46516,37,27.91,NULL,-82.40193,82,24.116,NULL,N,NULL,NULL,NULL,NULL,NULL,NULL,NULL,NULL,7,3,2,3,1,1,2,2,7,3,N,NULL,Y,N,1334,1415,1440,N,NULL,54,9,0,N,,N,N,,NULL,NULL,2021,O,7.2641E+11,098-KY-3418  -000,MEDIUM,098-KY-3418  -000,7.118,0,0,1,0,0,0,0,0,0,0,0,1,0
72577911,KSP0900,20-828294,20201214,1440,,,KY194,,,KY0194,KY0194,0,098 KY-194,KY0194,N,N,NULL,NULL,NULL,N,NULL,NULL,NULL,NULL,NULL,NULL,22.998,NULL,NULL,NULL,NULL,,NULL,0,0,2,2,N,N,55,NULL,98,9817,NULL,,Y,37.53908,37,32.345,NULL,-82.36922,82,22.153,NULL,N,NULL,NULL,NULL,NULL,NULL,NULL,NULL,NULL,5,3,2,4,1,1,3,2,7,3,N,NULL,Y,N,1440,150,1515,N,NULL,49,6,0,N,,N,N,098-KY-0194-0,NULL,NULL,2020,O,7.25779E+11,098-KY-0194  -000,HIGH,098-KY-0194  -000,22.998,0,0,0,1,0,0,1,1,0,0,0,0,0
72569453,KSP0900,20-801145,20201124,509,,,KY1469,,,KY1469,KY1469,0,098 KY-1469,KY1469,N,N,NULL,NULL,NULL,N,NULL,NULL,NULL,NULL,NULL,NULL,10.531,NULL,NULL,NULL,NULL,,NULL,0,0,1,1,N,N,55,NULL,98,9827,NULL,,Y,37.33539,37,20.124,NULL,-82.59831,82,35.899,NULL,N,NULL,NULL,NULL,NULL,NULL,NULL,NULL,NULL,9,3,2,6,1,1,10,6,7,3,N,NULL,Y,N,509,620,620,N,NULL,38,8,0,N,,N,N,098-KY-1469-0,NULL,NULL,2020,O,7.25695E+11,098-KY-1469  -000,HIGH,098-KY-1469  -000,10.531,0,0,0,0,0,0,0,0,0,0,0,0,0
72600427,KSP0900,21-87983,20210305,1224,,,DORTON-JENKINS,,HWY,KY0805,KY0805,0,098 KY-805,KY0805,Y,N,NULL,NULL,NULL,N,NULL,NULL,NULL,NULL,NULL,NULL,6.53,NULL,NULL,NULL,NULL,,NULL,0,0,2,2,N,N,NULL,NULL,98,9809,NULL,,Y,37.27769,37,16.662,NULL,-82.57809,82,34.686,NULL,N,NULL,NULL,NULL,NULL,NULL,NULL,NULL,NULL,2,97,2,6,1,1,2,2,8,3,N,NULL,Y,N,1225,1324,,N,NULL,90,7,0,N,,N,N,098-KY-0805-0,NULL,NULL,2021,O,7.26004E+11,098-KY-0805  -000,HIGH,098-KY-0805  -000,6.53,0,0,0,0,0,0,1,0,0,0,0,0,0
72679181,980100,2.021E+11,20210930,808,,911,BYPASS ROAD,,,,,,,,Y,N,NULL,NULL,NULL,N,NULL,NULL,NULL,NULL,NULL,NULL,NULL,NULL,NULL,NULL,NULL,NULL,NULL,1,0,2,1,N,N,15,NULL,98,9801,NULL,,Y,37.48033,37,28.82,NULL,-82.51243,82,30.746,NULL,N,NULL,NULL,NULL,NULL,NULL,NULL,NULL,NULL,9,97,2,3,2,1,2,2,1,3,Y,NULL,Y,Y,808,811,828,N,NULL,90,,,N,,N,N,,NULL,NULL,2021,A,7.26792E+11,098-KY-1426  -000,MEDIUM,098-KY-1426  -000,6.428,0,0,0,0,1,0,1,0,0,0,0,0,0
72623005,KSP0900,21-177859,20210503,1659,,,FISHTRAP,,RD,KY1441,KY1441,0,098 KY-1441,KY1441,N,N,NULL,NULL,NULL,N,NULL,NULL,NULL,NULL,NULL,NULL,7.218,NULL,NULL,NULL,NULL,,NULL,0,0,1,1,N,N,45,NULL,98,9850,NULL,,Y,37.48421,37,29.053,NULL,-82.43001,82,25.8,NULL,N,NULL,NULL,NULL,NULL,NULL,NULL,NULL,NULL,9,4,2,6,1,1,2,2,7,3,N,NULL,Y,N,1659,1709,1825,N,NULL,51,8,0,Y,,N,N,098-KY-1441-0,NULL,NULL,2021,O,7.2623E+11,098-KY-1441  -000,HIGH,098-KY-1441  -000,7.218,0,0,0,0,0,0,0,0,1,0,0,1,0
72626026,980500,2021AR021,20210518,1800,,3767,MAYO TRAIL,N,ST,,,0,098 CS-3000,CS3000,Y,N,NULL,NULL,NULL,N,NULL,NULL,NULL,NULL,NULL,NULL,NULL,NULL,NULL,NULL,NULL,NULL,NULL,0,0,2,2,N,N,NULL,NULL,98,9807,NULL,,Y,37.51907,37,31.144,NULL,-82.56673,82,34.003,NULL,N,NULL,NULL,NULL,NULL,NULL,NULL,NULL,NULL,2,97,NULL,4,1,1,2,2,7,3,N,NULL,Y,Y,1800,1800,1800,N,NULL,90,,,N,,N,N,098-CS-3000-0,NULL,NULL,2021,O,7.2626E+11,098-CS-3000  -000,HIGH,098-CS-3000  -000,0.482,0,0,0,0,0,0,0,0,0,0,0,0,0
72550027,KSP0900,20-710943,20200923,954,,,KY632,,,KY0632,KY0632,0,098 KY-632,KY0632,N,N,NULL,NULL,NULL,N,NULL,NULL,NULL,NULL,NULL,NULL,1.46,NULL,NULL,NULL,NULL,,NULL,0,0,2,2,N,N,55,NULL,98,9817,NULL,,Y,37.49748,37,29.849,NULL,-82.32843,82,19.706,NULL,N,NULL,NULL,NULL,NULL,NULL,NULL,NULL,NULL,5,3,2,6,1,1,2,2,7,3,N,NULL,Y,N,954,1025,1100,N,NULL,70,6,0,Y,,N,N,098-KY-0632-0,NULL,NULL,2020,O,7.255E+11,098-KY-0632  -000,HIGH,098-KY-0632  -000,1.46,0,0,0,0,0,0,0,1,0,0,0,0,0
72612202,980100,2.021E+11,20210402,1430,,,CASSIDY,,BLVD,,,0,098 CS-1191,CS1191,Y,N,NULL,NULL,NULL,N,NULL,NULL,NULL,NULL,NULL,NULL,0.233,NULL,NULL,NULL,NULL,,NULL,0,0,2,2,Y,N,10,NULL,98,9801,NULL,,Y,37.50436,37,30.261,NULL,-82.53571,82,32.142,NULL,N,NULL,NULL,NULL,NULL,NULL,NULL,NULL,NULL,2,97,NULL,NULL,1,1,2,2,1,3,N,NULL,Y,N,1430,1442,1504,N,NULL,90,,,N,,N,N,098-CS-1191-0,NULL,NULL,2021,O,7.26122E+11,098-CS-1191  -000,HIGH,098-CS-1191  -000,0.233,0,0,0,0,0,0,1,0,0,0,0,1,0
72633922,980100,2.021E+11,20210607,1853,,,US23 TURN LANE,,,US0023,US0023,0,098 US-23-21,US0023,N,Y,CASSIDY,,BLVD,N,NULL,NULL,NULL,NULL,NULL,NULL,0.031,NULL,NULL,NULL,NULL,,NULL,0,0,1,1,N,N,55,NULL,98,9801,NULL,,Y,37.50339,37,30.203,NULL,-82.53235,82,31.941,NULL,N,NULL,NULL,NULL,NULL,NULL,NULL,NULL,NULL,9,3,4,6,1,5,3,2,7,3,N,NULL,Y,N,1853,1857,,Y,NULL,35,,1,N,,N,N,098-US-0023-21,NULL,NULL,2021,O,7.26339E+11,098-US-0023  -021,HIGH,098-US-0023  -021,0.031,0,0,0,0,0,0,0,0,0,0,1,0,0
72622990,980100,2.021E+11,20210506,1047,,,BYPASS,S,RD,KY1426,KY1426,,,,Y,N,NULL,NULL,NULL,N,NULL,NULL,NULL,NULL,NULL,NULL,5.695,NULL,NULL,NULL,NULL,,NULL,0,0,2,2,Y,N,15,NULL,98,9801,NULL,,Y,37.47276,37,28.365,NULL,-82.52273,82,31.364,NULL,N,NULL,NULL,NULL,NULL,NULL,NULL,NULL,NULL,2,97,2,6,1,1,2,2,1,3,N,NULL,Y,N,2016,2018,2018,N,NULL,90,,0,N,,N,N,,NULL,NULL,2021,NULL,7.2623E+11,098-KY-1426  -000,HIGH,098-KY-1426  -000,5.695,0,0,0,0,0,0,1,0,0,0,0,0,0
72623202,980500,2021AR020,20210510,1510,,,POWER DRIVE,,,,,,,,N,N,NULL,NULL,NULL,N,NULL,NULL,NULL,NULL,NULL,NULL,NULL,NULL,NULL,NULL,NULL,NULL,NULL,0,0,2,2,N,N,25,NULL,98,9807,NULL,,Y,37.51507,37,30.904,NULL,-82.55946,82,33.568,NULL,N,NULL,NULL,NULL,NULL,NULL,NULL,NULL,NULL,5,3,2,4,1,1,2,2,7,3,N,NULL,Y,N,1510,1510,1530,N,NULL,49,,,N,,N,N,,NULL,NULL,2021,O,7.26232E+11,098-CS-3012  -000,MEDIUM,098-CS-3012  -000,0.019,0,0,0,1,0,0,0,0,0,0,0,0,0
72640398,980100,2.021E+11,20210625,1458,,,KY3496,,,KY3496,KY3496,0,098 KY-3496,KY3496,Y,N,NULL,NULL,NULL,N,NULL,NULL,NULL,NULL,NULL,NULL,0.073,NULL,NULL,NULL,NULL,,NULL,0,0,2,2,N,N,15,NULL,98,9801,NULL,,Y,37.46558,37,27.935,NULL,-82.52914,82,31.748,NULL,N,NULL,NULL,NULL,NULL,NULL,NULL,NULL,NULL,2,97,1,6,1,1,2,2,1,3,N,NULL,Y,N,1458,1458,1515,N,NULL,90,16,0,N,,N,N,098-KY-3496-0,NULL,NULL,2021,O,7.26404E+11,098-KY-3496  -000,HIGH,098-KY-3496  -000,0.073,0,0,0,0,0,0,0,0,0,0,0,0,0
72637359,KSP0900,21-244998,20210614,1848,,1101,VIRGIE,,RD,KY0610,KY0610,0,098 KY-610,KY0610,Y,N,NULL,NULL,NULL,N,NULL,NULL,NULL,NULL,NULL,NULL,7.918,NULL,NULL,NULL,NULL,,NULL,0,0,2,2,N,N,35,NULL,98,9827,NULL,,Y,37.33772,37,20.263,NULL,-82.58598,82,35.159,NULL,N,NULL,NULL,NULL,NULL,NULL,NULL,NULL,NULL,7,97,1,6,1,1,2,7,1,3,N,NULL,Y,N,1908,1923,,N,NULL,90,7,0,N,,N,N,098-KY-0610-0,NULL,NULL,2021,O,7.26374E+11,098-KY-0610  -000,HIGH,098-KY-0610  -000,7.918,0,0,0,0,0,0,1,0,0,0,0,0,0
72638200,KSP0900,21-248959,20210617,1148,,,US119,,,US0119,US0119,0,098 US-119-10,US0119,Y,N,NULL,NULL,NULL,N,NULL,NULL,NULL,NULL,NULL,NULL,2.495,NULL,NULL,NULL,NULL,,NULL,0,0,2,2,N,N,15,NULL,98,9801,NULL,,Y,37.51375,37,30.825,NULL,-82.49442,82,29.665,NULL,N,NULL,NULL,NULL,NULL,NULL,NULL,NULL,NULL,2,97,2,6,1,1,2,2,8,3,N,NULL,Y,N,1233,1241,1233,N,NULL,90,2,1,N,,N,N,098-US-0119-10,NULL,NULL,2021,O,7.26382E+11,098-US-0119  -010,HIGH,098-US-0119  -000,2.495,0,0,1,0,0,0,1,0,0,0,0,0,0
72604408,980100,2.021E+11,20210316,1234,,,KY3496,,,KY3496,KY3496,,,,Y,N,NULL,NULL,NULL,N,NULL,NULL,NULL,NULL,NULL,NULL,0.787,NULL,NULL,NULL,NULL,,NULL,0,0,2,2,N,Y,10,NULL,98,9801,NULL,,Y,37.47206,37,28.323,NULL,-82.52948,82,31.769,NULL,N,NULL,NULL,NULL,NULL,NULL,NULL,NULL,NULL,1,97,1,6,1,1,2,2,1,3,N,NULL,Y,N,1234,1242,1249,N,NULL,90,16,0,N,,N,N,,NULL,NULL,2021,O,7.26044E+11,098-KY-3496  -000,MEDIUM,098-KY-3496  -000,0.787,0,0,1,0,0,0,1,0,0,0,0,0,0
72624596,KSP0900,21-185255,20210508,1152,,,LEFT FORK ISLAND,,CRK,,,0,098 CR-1233Q3,CR1233Q3,N,N,NULL,NULL,NULL,N,NULL,NULL,NULL,NULL,NULL,NULL,1.827,NULL,NULL,NULL,NULL,,NULL,0,0,2,2,N,N,35,NULL,98,9801,5,N,N,37.43061,37,25.837,NULL,-82.58457,82,35.074,NULL,N,NULL,NULL,NULL,NULL,NULL,NULL,NULL,NULL,7,3,1,6,1,1,2,2,7,3,N,NULL,Y,N,1152,1213,1220,N,NULL,54,,,Y,,N,N,098-CR-1233Q3-0,NULL,NULL,2021,O,7.26246E+11,098-CR-1233Q3-000,HIGH,098-CR-1233Q3-000,1.827,0,0,0,0,0,0,0,0,0,0,0,1,0
72613510,KSP0900,21-147819,20210413,1619,,,APPALACHIAN,,PLZ,,,,,,Y,N,NULL,NULL,NULL,N,NULL,NULL,NULL,NULL,NULL,NULL,0.132,NULL,NULL,NULL,NULL,,NULL,0,0,2,2,N,N,NULL,NULL,98,9834,NULL,,Y,37.66673,37,40.004,NULL,-82.27541,82,16.525,NULL,N,NULL,NULL,NULL,NULL,NULL,NULL,NULL,NULL,2,97,NULL,6,1,1,2,2,1,3,N,NULL,Y,N,1621,1645,,N,NULL,90,,,N,,N,N,,NULL,NULL,2021,O,7.26135E+11,098-PR-1008  -000,LOW,098-PR-1008  -000,0.132,0,0,0,0,0,0,1,0,0,0,0,0,0
72574244,KSP0900,20-825558,20201212,701,,,KY194,,,KY0194,KY0194,0,098 KY-194,KY0194,N,N,NULL,NULL,NULL,N,NULL,NULL,NULL,NULL,NULL,NULL,11.346,NULL,NULL,NULL,NULL,,NULL,0,0,1,1,N,N,55,NULL,98,9801,NULL,,Y,37.60011,37,36.006,NULL,-82.50953,82,30.572,NULL,N,NULL,NULL,NULL,NULL,NULL,NULL,NULL,NULL,9,3,2,3,1,1,2,6,7,3,N,NULL,Y,N,701,750,,N,NULL,38,7,0,N,,N,N,098-KY-0194-0,NULL,NULL,2020,O,7.25742E+11,098-KY-0194  -000,HIGH,098-KY-0194  -000,11.346,0,0,0,0,0,0,0,0,0,0,0,0,0
72571453,KSP0900,20-813670,20201203,1418,,,ADAMS,,RD,,,0,098 CR-1483,CR1483,Y,N,NULL,NULL,NULL,N,NULL,NULL,NULL,NULL,NULL,NULL,NULL,NULL,NULL,NULL,NULL,,NULL,0,0,2,2,N,N,NULL,NULL,98,9801,NULL,,Y,37.5158,37,30.948,NULL,-82.51749,82,31.05,NULL,N,NULL,NULL,NULL,NULL,NULL,NULL,NULL,NULL,2,97,1,6,3,1,2,2,1,3,N,NULL,Y,N,1606,1617,,N,NULL,90,,,N,,N,N,098-CR-1483-0,NULL,NULL,2020,O,7.25715E+11,098-CR-1483  -000,HIGH,098-CR-1483  -000,0.586,0,0,0,0,0,0,1,0,0,0,0,0,0
72592240,980100,2.021E+11,20210206,1816,,,KY3496,,,KY3496,KY3496,0,098 KY-3496,KY3496,N,N,NULL,NULL,NULL,N,NULL,NULL,NULL,NULL,NULL,NULL,0.125,NULL,NULL,NULL,NULL,,NULL,0,0,2,2,N,N,35,NULL,98,9801,NULL,,Y,37.46607,37,27.964,NULL,-82.52995,82,31.797,NULL,N,NULL,NULL,NULL,NULL,NULL,NULL,NULL,NULL,5,7,2,6,1,1,2,7,1,3,N,NULL,N,N,1816,1823,,N,NULL,49,16,0,N,,N,N,098-KY-3496-0,NULL,NULL,2021,O,7.25922E+11,098-KY-3496  -000,HIGH,098-KY-3496  -000,0.125,0,0,0,1,0,0,1,0,0,0,0,0,0
72557937,KSP0900,20-755920,20201024,1502,,,ROBINSON CREEK,,RD,KY0122,KY0122,0,098 KY-122,KY0122,N,N,NULL,NULL,NULL,N,NULL,NULL,NULL,NULL,NULL,NULL,10.278,NULL,NULL,NULL,NULL,,NULL,1,0,2,2,N,N,45,NULL,98,9823,NULL,,Y,37.38655,37,23.193,NULL,-82.54534,82,32.72,NULL,N,NULL,NULL,NULL,NULL,NULL,NULL,NULL,NULL,1,3,2,6,1,5,2,2,7,3,N,NULL,Y,Y,1512,1530,,N,NULL,55,,0,N,,N,N,098-KY-0122-0,NULL,NULL,2020,B,7.25579E+11,098-KY-0122  -000,HIGH,098-KY-0122  -000,10.278,0,0,0,1,0,0,1,0,0,0,0,1,0
72617448,980100,2.021E+11,20210423,1528,,,US23,,,US0023,US0023,0,098 US-23,US0023,N,Y,US119,,,N,NULL,NULL,NULL,NULL,NULL,NULL,26.291,NULL,NULL,NULL,NULL,,NULL,0,0,2,2,N,N,55,NULL,98,9801,NULL,,Y,37.50376,37,30.226,NULL,-82.53215,82,31.929,NULL,N,NULL,NULL,NULL,NULL,NULL,NULL,NULL,NULL,5,3,4,6,1,1,2,2,7,3,N,NULL,Y,N,1528,1529,,N,NULL,35,,1,Y,,N,N,098-US-0023-0,NULL,NULL,2021,O,7.26174E+11,098-US-0023  -000,HIGH,098-US-0023  -000,26.291,0,0,1,0,0,0,1,0,1,0,1,0,0
72613700,980100,2.021E+11,20210413,1707,,,3RD,,ST,,,0,098 CS-1118,CS1118,N,Y,WELLS,,ALY,N,NULL,NULL,NULL,NULL,NULL,NULL,0.106,NULL,NULL,NULL,NULL,,NULL,0,0,2,2,N,N,35,NULL,98,9801,NULL,,Y,37.48236,37,28.942,NULL,-82.51788,82,31.073,NULL,N,NULL,NULL,NULL,NULL,NULL,NULL,NULL,NULL,4,3,1,6,1,1,2,2,7,3,N,NULL,Y,N,1707,1708,1728,N,NULL,16,,,Y,,N,N,098-CS-1118-0,NULL,NULL,2021,O,7.26137E+11,098-CS-1118  -000,HIGH,098-CS-1118  -000,0.106,0,0,0,0,0,0,1,0,0,0,1,0,0
72580057,KSP0900,20-844260,20201226,1249,,,POWELLS,,CRK,,,0,098 CR-1208,CR1208,N,N,NULL,NULL,NULL,N,NULL,NULL,NULL,NULL,NULL,NULL,0.271,NULL,NULL,NULL,NULL,,NULL,1,0,2,2,N,N,25,NULL,98,9824,NULL,,Y,37.40034,37,24.021,NULL,-82.42826,82,25.696,NULL,N,NULL,NULL,NULL,NULL,NULL,NULL,NULL,NULL,3,3,2,6,1,2,2,7,7,3,N,NULL,Y,Y,1249,1253,1330,N,NULL,52,,,N,,N,N,098-CR-1208-0,NULL,NULL,2020,A,7.25801E+11,098-CR-1208  -000,HIGH,098-CR-1208  -000,0.271,0,1,0,0,0,0,0,1,0,1,0,1,0