MasterFile,AgencyORINumber,LocalCode,CollisionDate,CollisionTime,CollisionDayWeekCode,RoadwayName_HouseBusinessNumber_,RoadwayName_RoadwayName_,RoadwayName_Direction_,RoadwayName_RoadwaySuffix_,RoadwayfromReport,CurrentRoadwayNumber,RoadwayNumberCoupletID,RSEUniqueGIS,RoadwayIdentifier,ParkingLotIndicator,IntersectionWith_Indicator_,IntersectionWith_NameRoadway_,IntersectionWith_Direction_,IntersectionWith_RoadwaySuffix_,BetweenStreets_Indicator_,BetweenStreets1_NameRoadway_,BetweenStreet1_Direction_,BetweenStreets1_RoadwaySuffix_,BetweenStreets2_NameRoadway_,BetweenStreets2_Direction_,BetweenStreets2_RoadwaySuffix_,Milepoint,ReportMilepointDeriveNumber,CurrentDerivedMiepointNumber,MilestoMilepoint,FeettoMilepoint,DirectionfromMilepoint_NSEW_,ValidMilepointIndicator,NumberInjured,NumberKilled,ofUnits,ofMotorVehicleUnits,Hit&RunIndicator,OneWayIndicator,SpeedLimitNumber,KilometersIndicator,CountyCode,CityCountyCode,MilesFromCity,DirectionFromCity_NSEW_,InCityLimitsIndicator,Latitude,LatitudeDegrees,LatitudeMinutes,LatitudeSeconds,Longitude,LongitudeDegrees,LongitudeMinutes,LongitudeSeconds,RampIndicator,RampFromIdentifier,RampFromDirCode,RampFromCoupletID,RSEUniqueGISRampFrom,RampToidentifier,RampToDirCode,RampToCoupletID,RSEUniqueGisRampTo,MannerofCollisionCode,LocationFirstEventCode,TotalLanes,RoadwayCharacterCode,RoadwaySurfaceCode,RoadwayConditionCode,WeatherCode,LightConditionCode,LandUseCode,SchoolBusRelatedCode,FirstAidSceneIndicator,CollDescPresentInd,InvestigationCompleteIndicator,PhotosTakenIndicator,TimeNotified,TimeArrived,TimeRoadwayOpened,PropertyDamageIndicator,DiagramPresentIndicator,DirectionalAnalysis,FunctionClassCode,NationalHwySysCode,EnforcementsIndicator,KARSCityCode,SecondaryCollisionIndicator,MedianCrossoverIndicator,RT_UNIQUE,MapIt,TimeLastLeft,YR,KABCO,MFNY,WorkingRID,RT_CONFIDENCE,KTC_RT,KTC_MP,Motorcyclist,CommercialVehicle,YoungDriver,MatureDriver,pedestrian,Bicyclist,Distracted,agressive,Impaired,Unrestrained,Intersection,RoadwayDeparture,MedXover
72582939,KSP0900,21-7348,20210106,1158,,,POWELLS,,CRK,,,0,098 CR-1208,CR1208,N,N,NULL,NULL,NULL,N,NULL,NULL,NULL,NULL,NULL,NULL,0.207,NULL,NULL,NULL,NULL,,NULL,0,0,1,1,N,N,25,NULL,98,9824,NULL,,Y,37.40032,37,24.019,NULL,-82.42941,82,25.765,NULL,N,NULL,NULL,NULL,NULL,NULL,NULL,NULL,NULL,9,3,2,3,1,1,2,2,7,3,N,NULL,Y,N,1158,1217,1300,Y,NULL,40,,,N,,N,N,098-CR-1208-0,NULL,NULL,2021,O,7.25829E+11,098-CR-1208  -000,MEDIUM,098-CR-1208  -000,0.207,0,0,0,0,0,0,1,0,0,0,0,1,0
72694858,KSP0900,21-459800,20211109,1515,,,US119,,,US0119,US0119,0,098 US-119,US0119,Y,N,NULL,NULL,NULL,N,NULL,NULL,NULL,NULL,NULL,NULL,24.164,NULL,NULL,NULL,NULL,,NULL,0,0,2,2,N,N,10,NULL,98,9834,NULL,,Y,37.65818,37,39.491,NULL,-82.27039,82,16.224,NULL,N,NULL,NULL,NULL,NULL,NULL,NULL,NULL,NULL,2,97,4,6,1,1,2,2,7,3,N,NULL,Y,N,1515,1520,1545,N,NULL,90,2,1,N,,N,N,098-US-0119-0,NULL,NULL,2021,O,7.26949E+11,098-US-0119  -000,HIGH,098-US-0119  -000,24.164,0,0,0,0,0,0,0,0,0,0,0,0,0
72695707,KSP0900,21-461222,20211110,1415,,,US119,,,US0119,US0119,0,098 US-119,US0119,N,N,NULL,NULL,NULL,N,NULL,NULL,NULL,NULL,NULL,NULL,22.582,NULL,NULL,NULL,NULL,,NULL,2,0,2,2,N,N,55,NULL,98,9842,NULL,,Y,37.63947,37,38.368,NULL,-82.25871,82,15.522,NULL,N,NULL,NULL,NULL,NULL,NULL,NULL,NULL,NULL,4,3,2,6,1,1,2,2,7,3,Y,NULL,Y,Y,1415,1420,1450,N,NULL,70,2,1,N,,N,N,098-US-0119-0,NULL,NULL,2021,B,7.26957E+11,098-US-0119  -000,HIGH,098-US-0119  -000,22.582,0,0,0,0,0,0,1,1,0,0,0,0,0
72568874,980100,2.02E+11,20201125,1717,,,MAYO,N,TRL,US0023,US0023,0,098 US-23-10,US0023,N,N,NULL,NULL,NULL,N,NULL,NULL,NULL,NULL,NULL,NULL,29.656,NULL,NULL,NULL,NULL,,NULL,0,0,3,3,N,N,55,NULL,98,9801,NULL,,Y,37.53225,37,31.935,NULL,-82.57748,82,34.649,NULL,N,NULL,NULL,NULL,NULL,NULL,NULL,NULL,NULL,5,3,4,6,1,1,3,3,7,3,N,NULL,Y,N,1717,1730,1808,N,NULL,49,,1,Y,,N,N,098-US-0023-10,NULL,NULL,2020,O,7.25689E+11,098-US-0023  -010,HIGH,098-US-0023  -000,29.656,0,0,0,0,0,0,1,0,0,1,0,0,0
72569070,KSP0900,20-804890,20201126,1933,,,DOUGLAS,,PARK,,,0,098 CR-1704,CR1704,N,N,NULL,NULL,NULL,N,NULL,NULL,NULL,NULL,NULL,NULL,0.285,NULL,NULL,NULL,NULL,,NULL,0,0,2,2,N,N,15,NULL,98,9801,NULL,,Y,37.3796,37,22.776,NULL,-82.53557,82,32.134,NULL,N,NULL,NULL,NULL,NULL,NULL,NULL,NULL,NULL,8,3,1,6,1,1,2,5,7,3,N,NULL,Y,N,1934,1952,,N,NULL,47,,,N,,N,N,098-CR-1704-0,NULL,NULL,2020,O,7.25691E+11,098-CR-1704  -000,HIGH,098-CR-1704  -000,0.285,0,0,0,0,0,0,1,0,0,0,0,0,0
72620508,980100,2.021E+11,20210503,1543,,,HAROLDS BRANCH,,RD,,,,,,Y,N,NULL,NULL,NULL,N,NULL,NULL,NULL,NULL,NULL,NULL,0.078,NULL,NULL,NULL,NULL,,NULL,0,0,2,2,N,N,35,NULL,98,9801,NULL,,Y,37.47183,37,28.31,NULL,-82.52205,82,31.323,NULL,N,NULL,NULL,NULL,NULL,NULL,NULL,NULL,NULL,2,97,NULL,6,2,1,3,2,1,3,N,NULL,Y,N,1543,1546,1616,N,NULL,90,,,N,,N,N,,NULL,NULL,2021,O,7.26205E+11,098-CS-1223  -000,MEDIUM,098-CS-1223  -000,0.078,0,0,0,0,0,0,1,0,0,0,0,0,0
72588711,KSP0900,21-36377,20210128,230,,,DORTON-JENKINS,,HWY,KY0805,KY0805,0,098 KY-805,KY0805,N,N,NULL,NULL,NULL,N,NULL,NULL,NULL,NULL,NULL,NULL,4.927,NULL,NULL,NULL,NULL,,NULL,0,0,2,2,Y,N,35,NULL,98,9809,NULL,,Y,37.25518,37,15.311,NULL,-82.56951,82,34.171,NULL,N,NULL,NULL,NULL,NULL,NULL,NULL,NULL,NULL,1,97,2,6,1,4,9,6,7,3,N,NULL,Y,N,233,323,,Y,NULL,47,7,0,N,,Y,Y,098-KY-0805-0,NULL,NULL,2021,NULL,7.25887E+11,098-KY-0805  -000,HIGH,098-KY-0805  -000,4.927,0,0,0,0,0,0,0,0,0,0,0,1,0
72553761,980100,2.02E+11,20201016,1800,,,US23,,,US0023,US0023,,,,N,N,NULL,NULL,NULL,N,NULL,NULL,NULL,NULL,NULL,NULL,30.584,NULL,NULL,NULL,NULL,,NULL,0,0,2,2,N,N,55,NULL,98,9801,NULL,,Y,37.54279,37,32.567,NULL,-82.58644,82,35.187,NULL,N,NULL,NULL,NULL,NULL,NULL,NULL,NULL,NULL,8,3,4,3,1,1,2,2,7,3,N,NULL,Y,N,1800,1811,1811,N,NULL,53,,1,N,,N,N,,NULL,NULL,2020,O,7.25538E+11,098-US-0023  -000,HIGH,098-US-0023  -000,30.584,0,0,1,0,0,0,1,1,0,0,0,1,0
72557843,KSP0900,20-755617,20201024,300,,29080,US119,,,US0119,US0119,0,098 US-119,US0119,Y,N,NULL,NULL,NULL,N,NULL,NULL,NULL,NULL,NULL,NULL,24.824,NULL,NULL,NULL,NULL,,NULL,0,0,1,1,Y,N,NULL,NULL,98,9834,NULL,,Y,37.66633,37,39.98,NULL,-82.27505,82,16.503,NULL,N,NULL,NULL,NULL,NULL,NULL,NULL,NULL,NULL,9,97,4,6,1,1,2,5,1,3,N,NULL,Y,Y,1035,1050,1050,Y,NULL,90,2,1,N,,N,N,098-US-0119-0,NULL,NULL,2020,O,7.25578E+11,098-US-0119  -000,HIGH,098-US-0119  -000,24.824,0,0,0,0,0,0,1,0,0,0,0,1,0
72576501,980100,2.02E+11,20201213,2045,,,TOWN MOUNTAIN,,RD,KY1426,KY1426,0,098 KY-1426,KY1426,N,N,NULL,NULL,NULL,N,NULL,NULL,NULL,NULL,NULL,NULL,6.852,NULL,NULL,NULL,NULL,,NULL,0,0,1,1,N,N,45,NULL,98,9801,NULL,,Y,37.48552,37,29.131,NULL,-82.51006,82,30.604,NULL,N,NULL,NULL,NULL,NULL,NULL,NULL,NULL,NULL,9,3,2,6,1,1,2,6,1,3,N,NULL,Y,N,2045,2052,2117,N,NULL,38,,0,N,,N,N,098-KY-1426-0,NULL,NULL,2020,O,7.25765E+11,098-KY-1426  -000,HIGH,098-KY-1426  -000,6.852,0,0,1,0,0,0,0,0,0,0,0,0,0
72593660,KSP0900,21-55030,20210110,1553,,,DORTON-JENKINS,,HWY,KY0805,KY0805,0,098 KY-805,KY0805,N,N,NULL,NULL,NULL,N,NULL,NULL,NULL,NULL,NULL,NULL,6.735,NULL,NULL,NULL,NULL,,NULL,0,0,2,2,Y,N,55,NULL,98,9809,NULL,,Y,37.27866,37,16.72,NULL,-82.57719,82,34.632,NULL,N,NULL,NULL,NULL,NULL,NULL,NULL,NULL,NULL,3,3,2,6,1,5,2,2,7,3,N,NULL,Y,N,1606,1630,,N,NULL,47,7,0,N,,N,N,098-KY-0805-0,NULL,NULL,2021,NULL,7.25937E+11,098-KY-0805  -000,HIGH,098-KY-0805  -000,6.735,0,1,0,0,0,0,1,0,0,0,0,0,0
72643657,KSP0900,21-273857,20210703,1236,,,LEFT FORK DRY,,FRK,,,0,098 CR-1240,CR1240,N,N,NULL,NULL,NULL,N,NULL,NULL,NULL,NULL,NULL,NULL,0.138,NULL,NULL,NULL,NULL,,NULL,0,0,2,2,N,N,35,NULL,98,9830,NULL,,Y,37.32587,37,19.552,NULL,-82.43053,82,25.831,NULL,N,NULL,NULL,NULL,NULL,NULL,NULL,NULL,NULL,2,3,1,6,3,1,2,2,7,3,N,NULL,Y,N,1236,1320,1330,N,NULL,56,,,N,,N,N,098-CR-1240-0,NULL,NULL,2021,O,7.26437E+11,098-CR-1240  -000,HIGH,098-CR-1240  -000,0.138,0,0,0,1,0,0,1,0,0,0,0,0,0
72590550,980100,2.021E+11,20210202,1154,,114,WOODLAND HILL,,DR,,,0,098 CS-1223,CS1223,N,N,NULL,NULL,NULL,N,NULL,NULL,NULL,NULL,NULL,NULL,NULL,NULL,NULL,NULL,NULL,NULL,NULL,0,0,1,1,N,N,5,NULL,98,9801,NULL,,Y,37.46904,37,28.142,NULL,-82.49283,82,29.57,NULL,N,NULL,NULL,NULL,NULL,NULL,NULL,NULL,NULL,9,4,1,4,1,4,3,2,6,3,N,NULL,Y,N,1154,1203,1203,N,NULL,44,,,N,,N,N,098-CS-1223-0,NULL,NULL,2021,O,7.25906E+11,098-CS-1223  -000,HIGH,098-CS-1223  -000,2.006,0,0,0,0,0,0,0,0,0,0,0,1,0
72618692,KSP0900,21-168691,20210427,1825,,,FISHTRAP,,RD,KY1441,KY1441,0,098 KY-1441,KY1441,N,N,NULL,NULL,NULL,N,NULL,NULL,NULL,NULL,NULL,NULL,9.844,NULL,NULL,NULL,NULL,,NULL,0,0,1,1,N,N,45,NULL,98,9850,NULL,,Y,37.51361,37,30.816,NULL,-82.4503,82,27.018,NULL,N,NULL,NULL,NULL,NULL,NULL,NULL,NULL,NULL,9,5,2,3,1,1,2,2,7,3,N,NULL,Y,N,1825,1830,1840,N,NULL,51,8,0,N,,N,N,098-KY-1441-0,NULL,NULL,2021,O,7.26187E+11,098-KY-1441  -000,HIGH,098-KY-1441  -000,9.844,0,0,0,0,0,0,0,0,0,0,0,1,0
72641466,KSP0900,21-263778,20210626,1927,,,KY1426,,,KY1426,KY1426,0,098 KY-1426,KY1426,N,N,NULL,NULL,NULL,N,NULL,NULL,NULL,NULL,NULL,NULL,9.783,NULL,NULL,NULL,NULL,,NULL,0,0,1,1,N,N,55,NULL,98,9801,NULL,,Y,37.51363,37,30.818,NULL,-82.48277,82,28.966,NULL,N,NULL,NULL,NULL,NULL,NULL,NULL,NULL,NULL,9,3,2,6,1,1,2,2,3,3,N,NULL,Y,N,1927,1935,1935,N,NULL,38,7,0,N,,N,N,098-KY-1426-0,NULL,NULL,2021,O,7.26415E+11,098-KY-1426  -000,HIGH,098-KY-1426  -000,9.783,1,0,0,0,0,0,0,0,0,0,0,1,0
72611624,KSP0900,21-136372,20210406,1120,,,CEDAR HILLS,,RD,KY1426,KY1426,0,098 KY-1426,KY1426,N,N,NULL,NULL,NULL,N,NULL,NULL,NULL,NULL,NULL,NULL,3.411,NULL,NULL,NULL,NULL,,NULL,1,0,1,1,N,N,45,NULL,98,9801,NULL,,Y,37.45045,37,27.027,NULL,-82.53907,82,32.344,NULL,N,NULL,NULL,NULL,NULL,NULL,NULL,NULL,NULL,9,3,2,3,1,1,2,2,6,3,Y,NULL,Y,Y,1120,1121,1215,N,NULL,44,8,0,N,,N,N,098-KY-1426-0,NULL,NULL,2021,B,7.26116E+11,098-KY-1426  -000,HIGH,098-KY-1426  -000,3.411,0,0,1,0,0,0,0,0,0,1,0,1,0
72582720,980100,2.02E+11,20201231,101,,,MAYO,N,TRL,US0023,US0023,0,098 US-23,US0023,N,N,NULL,NULL,NULL,N,NULL,NULL,NULL,NULL,NULL,NULL,25.794,NULL,NULL,NULL,NULL,,NULL,1,0,1,1,N,N,55,NULL,98,9801,NULL,,Y,37.4967,37,29.802,NULL,-82.53089,82,31.854,NULL,N,NULL,NULL,NULL,NULL,NULL,NULL,NULL,NULL,9,5,4,6,1,1,3,6,7,3,Y,NULL,Y,N,101,102,144,N,NULL,44,,1,Y,,N,N,098-US-0023-0,NULL,NULL,2020,C,7.25827E+11,098-US-0023  -000,HIGH,098-US-0023  -000,25.794,0,0,0,0,0,0,0,0,1,1,0,1,0
72622486,980100,2.021E+11,20210508,1400,,,CASSIDY,,BLVD,,,,,,Y,N,NULL,NULL,NULL,N,NULL,NULL,NULL,NULL,NULL,NULL,0.291,NULL,NULL,NULL,NULL,,NULL,0,0,2,2,N,N,15,NULL,98,9801,NULL,,Y,37.505,37,30.3,NULL,-82.53665,82,32.199,NULL,N,NULL,NULL,NULL,NULL,NULL,NULL,NULL,NULL,2,97,1,6,1,1,2,2,1,3,N,NULL,Y,N,1400,1409,1409,N,NULL,90,,,N,,N,N,,NULL,NULL,2021,O,7.26225E+11,098-CS-1191  -000,MEDIUM,098-CS-1191  -000,0.291,0,0,0,0,0,0,1,0,0,0,0,0,0
72622612,KSP0900,21-183498,20210507,1146,,,ADAMS,,BR,,,0,098 CR-1635,CR1635,N,N,NULL,NULL,NULL,N,NULL,NULL,NULL,NULL,NULL,NULL,1.172,NULL,NULL,NULL,NULL,,NULL,1,0,1,1,N,N,35,NULL,98,9802,4,N,N,37.28688,37,17.213,NULL,-82.41414,82,24.848,NULL,N,NULL,NULL,NULL,NULL,NULL,NULL,NULL,NULL,9,4,1,6,1,1,2,2,7,3,Y,NULL,Y,Y,1147,1159,1147,N,NULL,51,,,Y,,N,N,098-CR-1635-0,NULL,NULL,2021,C,7.26226E+11,098-CR-1635  -000,HIGH,098-CR-1635  -000,1.172,0,0,0,0,0,0,1,0,0,0,0,1,0
72616862,KSP0900,21-153371,20210417,1059,,,YELLOW HILL,,RD,,,0,098 CR-1661B,CR1661B,N,N,NULL,NULL,NULL,N,NULL,NULL,NULL,NULL,NULL,NULL,0.201,NULL,NULL,NULL,NULL,,NULL,0,1,1,1,N,N,15,NULL,98,9802,NULL,,Y,37.35619,37,21.372,NULL,-82.4041,82,24.246,NULL,N,NULL,NULL,NULL,NULL,NULL,NULL,NULL,NULL,9,97,1,5,1,1,2,2,7,3,Y,NULL,Y,Y,1059,1107,1107,N,NULL,44,,,N,,N,N,098-CR-1661B-0,NULL,NULL,2021,K,7.26169E+11,098-CR-1661B -000,HIGH,098-CR-1661B -000,0.201,0,0,0,0,0,0,0,0,0,1,0,1,0
72670254,KSP0900,21-372998,20210907,1748,,,KY1426,,,KY1426,KY1426,0,098 KY-1426,KY1426,N,N,NULL,NULL,NULL,N,NULL,NULL,NULL,NULL,NULL,NULL,9.567,NULL,NULL,NULL,NULL,,NULL,1,0,2,2,N,N,55,NULL,98,9801,NULL,,Y,37.51295,37,30.777,NULL,-82.48758,82,29.255,NULL,N,NULL,NULL,NULL,NULL,NULL,NULL,NULL,NULL,5,3,2,6,1,1,2,2,7,3,Y,NULL,Y,Y,1750,1811,,N,NULL,49,,0,N,,N,N,098-KY-1426-0,NULL,NULL,2021,C,7.26703E+11,098-KY-1426  -000,HIGH,098-KY-1426  -000,9.567,0,0,0,0,0,0,1,0,0,0,0,0,0
72610001,KSP0900,21-122146,20210327,2340,,,COWPEN,,RD,KY2061,KY2061,0,098 KY-2061,KY2061,N,N,NULL,NULL,NULL,N,NULL,NULL,NULL,NULL,NULL,NULL,4.125,NULL,NULL,NULL,NULL,,NULL,0,0,1,1,N,N,55,NULL,98,9807,NULL,,Y,37.56822,37,34.093,NULL,-82.55394,82,33.236,NULL,N,NULL,NULL,NULL,NULL,NULL,NULL,NULL,NULL,9,3,2,6,1,1,2,6,7,3,N,NULL,N,N,2340,2353,,N,NULL,40,,0,N,,N,N,098-KY-2061-0,NULL,NULL,2021,O,7.261E+11,098-KY-2061  -000,HIGH,098-KY-2061  -000,4.125,0,0,0,0,0,0,0,0,0,0,0,1,0
72632297,KSP0900,21-228038,20210604,1130,,,FOREST TRACE,,HL,,,0,098 CR-1505BB,CR1505BB,Y,N,NULL,NULL,NULL,N,NULL,NULL,NULL,NULL,NULL,NULL,0.204,NULL,NULL,NULL,NULL,,NULL,0,0,2,2,N,N,NULL,NULL,98,9814,NULL,,Y,37.6007,37,36.042,NULL,-82.27887,82,16.732,NULL,N,NULL,NULL,NULL,NULL,NULL,NULL,NULL,NULL,2,97,2,6,1,1,3,2,5,3,N,NULL,Y,N,1200,1215,1300,N,NULL,90,,,N,,N,N,098-CR-1505BB-0,NULL,NULL,2021,O,7.26323E+11,098-CR-1505BB-000,HIGH,098-CR-1505BB-000,0.204,0,0,0,0,0,0,1,0,0,0,0,0,0
72591215,980100,2.021E+11,20210204,901,,,DIVISION,,ST,,,0,098 CS-1130,CS1130,N,Y,2ND,,ST,N,NULL,NULL,NULL,NULL,NULL,NULL,0.051,NULL,NULL,NULL,NULL,,NULL,0,0,2,2,N,N,15,NULL,98,9801,NULL,,Y,37.48005,37,28.803,NULL,-82.51831,82,31.099,NULL,N,NULL,NULL,NULL,NULL,NULL,NULL,NULL,NULL,5,3,2,6,1,1,3,2,1,3,N,NULL,Y,N,901,904,911,N,NULL,35,,,N,,N,N,098-CS-1130-0,NULL,NULL,2021,O,7.25912E+11,098-CS-1130  -000,HIGH,098-CS-1130  -000,0.051,0,0,0,0,0,0,1,0,0,0,1,0,0
72637139,KSP0900,21-242678,20210613,1400,,,US119,,,US0119,US0119,0,098 US-119-10,US0119,N,N,NULL,NULL,NULL,N,NULL,NULL,NULL,NULL,NULL,NULL,2.821,NULL,NULL,NULL,NULL,,NULL,1,0,1,1,N,N,55,NULL,98,9801,NULL,,Y,37.51395,37,30.837,NULL,-82.48483,82,29.09,NULL,N,NULL,NULL,NULL,NULL,NULL,NULL,NULL,NULL,9,3,2,6,1,1,2,2,7,3,Y,NULL,Y,Y,1400,1430,1400,N,NULL,38,2,1,N,,N,N,098-US-0119-10,NULL,NULL,2021,C,7.26371E+11,098-US-0119  -010,HIGH,098-US-0119  -000,2.821,0,0,0,0,0,0,0,0,0,0,0,0,0
72643658,KSP0900,21-273932,20210703,1352,,,CHILDERS,,RD,,,0,098 CS-3001,CS3001,N,N,NULL,NULL,NULL,N,NULL,NULL,NULL,NULL,NULL,NULL,NULL,NULL,NULL,NULL,NULL,,NULL,0,0,1,1,N,N,5,NULL,98,9807,NULL,,Y,37.52111,37,31.266,NULL,-82.56769,82,34.061,NULL,N,NULL,NULL,NULL,NULL,NULL,NULL,NULL,NULL,9,97,1,6,2,97,2,2,1,3,N,NULL,Y,N,1352,1424,1352,Y,NULL,70,,,N,,N,N,098-CS-3001-0,NULL,NULL,2021,O,7.26437E+11,098-CS-3001  -000,HIGH,098-CS-3001  -000,0.049,0,0,0,0,0,0,0,0,0,0,0,0,0
72659528,980100,2.021E+11,20210809,1742,,,US23,,,US0023,US0023,,,,N,N,NULL,NULL,NULL,N,NULL,NULL,NULL,NULL,NULL,NULL,24.814,NULL,NULL,NULL,NULL,,NULL,0,0,2,2,N,N,55,NULL,98,9801,NULL,,Y,37.48601,37,29.161,NULL,-82.54214,82,32.529,NULL,N,NULL,NULL,NULL,NULL,NULL,NULL,NULL,NULL,8,3,5,6,1,1,2,2,7,3,N,NULL,Y,N,1743,1744,,N,NULL,53,,1,N,,N,N,,NULL,NULL,2021,O,7.26595E+11,098-US-0023  -000,MEDIUM,098-US-0023  -000,24.814,0,0,0,0,0,0,1,0,0,0,0,1,0
72635275,980100,2.021E+11,20210610,1651,,,JULIUS,,AVE,,,0,098 CS-1156,CS1156,N,N,NULL,NULL,NULL,N,NULL,NULL,NULL,NULL,NULL,NULL,0.032,NULL,NULL,NULL,NULL,,NULL,0,0,2,2,N,N,15,NULL,98,9801,NULL,,Y,37.47664,37,28.598,NULL,-82.52287,82,31.372,NULL,N,NULL,NULL,NULL,NULL,NULL,NULL,NULL,NULL,7,3,1,6,1,5,3,2,1,3,N,NULL,Y,N,1651,1655,1737,N,NULL,47,,,Y,,N,N,098-CS-1156-0,NULL,NULL,2021,O,7.26353E+11,098-CS-1156  -000,HIGH,098-CS-1156  -000,0.032,0,0,1,0,0,0,1,0,0,0,0,0,0
72561863,980100,2.02E+11,20201106,1544,,,CASSIDY,,BLVD,,,0,098 CS-1191,CS1191,N,N,NULL,NULL,NULL,N,NULL,NULL,NULL,NULL,NULL,NULL,0.201,NULL,NULL,NULL,NULL,,NULL,0,0,2,2,N,N,25,NULL,98,9801,NULL,,Y,37.50403,37,30.242,NULL,-82.53524,82,32.115,NULL,N,NULL,NULL,NULL,NULL,NULL,NULL,NULL,NULL,3,3,2,3,1,1,2,2,1,3,N,NULL,Y,N,1552,1554,1554,N,NULL,52,,,N,,N,N,098-CS-1191-0,NULL,NULL,2020,O,7.25619E+11,098-CS-1191  -000,HIGH,098-CS-1191  -000,0.201,0,0,0,1,0,0,1,0,0,0,0,1,0
72610944,KSP0900,21-129242,20210401,1656,,,FISHTRAP,,RD,KY1441,KY1441,0,098 KY-1441,KY1441,N,N,NULL,NULL,NULL,N,NULL,NULL,NULL,NULL,NULL,NULL,7.327,NULL,NULL,NULL,NULL,,NULL,0,0,2,2,N,N,35,NULL,98,9850,NULL,,Y,37.48557,37,29.134,NULL,-82.43056,82,25.834,NULL,N,NULL,NULL,NULL,NULL,NULL,NULL,NULL,NULL,4,3,2,6,1,1,2,2,7,1,N,NULL,Y,N,1656,1731,1742,N,NULL,47,8,0,N,,N,N,098-KY-1441-0,NULL,NULL,2021,O,7.26109E+11,098-KY-1441  -000,HIGH,098-KY-1441  -000,7.327,0,0,0,0,0,0,1,0,0,0,0,0,0
72627027,KSP0900,21-203201,20210519,1729,,,RATLIFF CREEK,,RD,,,0,098 CR-1484,CR1484,N,N,NULL,NULL,NULL,N,NULL,NULL,NULL,NULL,NULL,NULL,2.38,NULL,NULL,NULL,NULL,,NULL,0,0,2,2,N,N,45,NULL,98,9801,1,S,N,37.50502,37,30.301,NULL,-82.49177,82,29.506,NULL,N,NULL,NULL,NULL,NULL,NULL,NULL,NULL,NULL,5,3,2,1,1,1,2,2,7,3,N,NULL,Y,N,1733,1744,1746,N,NULL,49,,,N,,N,N,098-CR-1484-0,NULL,NULL,2021,O,7.2627E+11,098-CR-1484  -000,HIGH,098-CR-1484  -000,2.38,0,0,0,0,0,0,1,0,0,0,0,0,0
72634890,KSP0900,2021-237086,20210610,18,,,US23,,,US0023,US0023,0,098 US-23,US0023,N,N,NULL,NULL,NULL,N,NULL,NULL,NULL,NULL,NULL,NULL,23.555,NULL,NULL,NULL,NULL,,NULL,1,0,1,1,N,N,55,NULL,98,9801,NULL,,Y,37.47074,37,28.244,NULL,-82.53362,82,32.017,NULL,N,NULL,NULL,NULL,NULL,NULL,NULL,NULL,NULL,9,3,4,3,1,5,6,5,3,3,Y,NULL,N,Y,18,30,,N,NULL,40,,1,N,,N,N,098-US-0023-0,NULL,NULL,2021,C,7.26349E+11,098-US-0023  -000,HIGH,098-US-0023  -000,23.555,0,0,0,0,0,0,0,1,0,1,0,1,0
72635039,980100,2.021E+11,20210611,932,,,HAMBLEY,,BLVD,,,0,098 CS-1222,CS1222,N,N,NULL,NULL,NULL,N,NULL,NULL,NULL,NULL,NULL,NULL,1.632,NULL,NULL,NULL,NULL,,NULL,0,0,2,2,N,N,35,NULL,98,9801,NULL,,Y,37.48185,37,28.911,NULL,-82.53268,82,31.961,NULL,N,NULL,NULL,NULL,NULL,NULL,NULL,NULL,NULL,8,3,2,6,1,1,3,2,7,3,N,NULL,Y,N,932,933,935,N,NULL,53,,,N,,N,N,098-CS-1222-0,NULL,NULL,2021,O,7.2635E+11,098-CS-1222  -000,HIGH,098-CS-1222  -000,1.632,0,0,0,0,0,0,1,0,0,0,0,1,0
72557823,980000,20-10-005,20201026,1945,,,US119,,,US0119,US0119,0,098 US-119-10,US0119,N,N,NULL,NULL,NULL,N,NULL,NULL,NULL,NULL,NULL,NULL,20.945,NULL,NULL,NULL,NULL,,NULL,0,0,1,1,N,N,35,NULL,98,9836,4,S,N,37.62077,37,37.246,NULL,-82.26851,82,16.111,NULL,N,NULL,NULL,NULL,NULL,NULL,NULL,NULL,NULL,9,3,2,3,1,1,3,3,6,3,N,NULL,N,N,1945,1945,2006,N,NULL,38,2,1,N,,N,N,098-US-0119-10,NULL,NULL,2020,O,7.25578E+11,098-US-0119  -010,HIGH,098-US-0119  -000,20.945,0,0,0,0,0,0,0,0,0,0,0,0,0
72585366,KSP0900,21-21024,20210116,1258,,,TURKEY CREEK,,RD,KY0612,KY0612,0,098 KY-612,KY0612,N,N,NULL,NULL,NULL,N,NULL,NULL,NULL,NULL,NULL,NULL,7.295,NULL,NULL,NULL,NULL,,NULL,3,0,2,2,N,N,45,NULL,98,9893,NULL,,Y,37.65944,37,39.567,NULL,-82.30553,82,18.332,NULL,N,NULL,NULL,NULL,NULL,NULL,NULL,NULL,NULL,1,3,2,4,1,4,9,2,7,3,N,NULL,Y,Y,1258,1335,1444,N,NULL,55,8,0,N,,N,N,098-KY-0612-0,NULL,NULL,2021,B,7.25854E+11,098-KY-0612  -000,HIGH,098-KY-0612  -000,7.295,0,0,0,0,0,0,0,0,0,0,0,0,0