MasterFile,AgencyORINumber,LocalCode,CollisionDate,CollisionTime,CollisionDayWeekCode,RoadwayName_HouseBusinessNumber_,RoadwayName_RoadwayName_,RoadwayName_Direction_,RoadwayName_RoadwaySuffix_,RoadwayfromReport,CurrentRoadwayNumber,RoadwayNumberCoupletID,RSEUniqueGIS,RoadwayIdentifier,ParkingLotIndicator,IntersectionWith_Indicator_,IntersectionWith_NameRoadway_,IntersectionWith_Direction_,IntersectionWith_RoadwaySuffix_,BetweenStreets_Indicator_,BetweenStreets1_NameRoadway_,BetweenStreet1_Direction_,BetweenStreets1_RoadwaySuffix_,BetweenStreets2_NameRoadway_,BetweenStreets2_Direction_,BetweenStreets2_RoadwaySuffix_,Milepoint,ReportMilepointDeriveNumber,CurrentDerivedMiepointNumber,MilestoMilepoint,FeettoMilepoint,DirectionfromMilepoint_NSEW_,ValidMilepointIndicator,NumberInjured,NumberKilled,ofUnits,ofMotorVehicleUnits,Hit&RunIndicator,OneWayIndicator,SpeedLimitNumber,KilometersIndicator,CountyCode,CityCountyCode,MilesFromCity,DirectionFromCity_NSEW_,InCityLimitsIndicator,Latitude,LatitudeDegrees,LatitudeMinutes,LatitudeSeconds,Longitude,LongitudeDegrees,LongitudeMinutes,LongitudeSeconds,RampIndicator,RampFromIdentifier,RampFromDirCode,RampFromCoupletID,RSEUniqueGISRampFrom,RampToidentifier,RampToDirCode,RampToCoupletID,RSEUniqueGisRampTo,MannerofCollisionCode,LocationFirstEventCode,TotalLanes,RoadwayCharacterCode,RoadwaySurfaceCode,RoadwayConditionCode,WeatherCode,LightConditionCode,LandUseCode,SchoolBusRelatedCode,FirstAidSceneIndicator,CollDescPresentInd,InvestigationCompleteIndicator,PhotosTakenIndicator,TimeNotified,TimeArrived,TimeRoadwayOpened,PropertyDamageIndicator,DiagramPresentIndicator,DirectionalAnalysis,FunctionClassCode,NationalHwySysCode,EnforcementsIndicator,KARSCityCode,SecondaryCollisionIndicator,MedianCrossoverIndicator,RT_UNIQUE,MapIt,TimeLastLeft,YR,KABCO,MFNY,WorkingRID,RT_CONFIDENCE,KTC_RT,KTC_MP,Motorcyclist,CommercialVehicle,YoungDriver,MatureDriver,pedestrian,Bicyclist,Distracted,agressive,Impaired,Unrestrained,Intersection,RoadwayDeparture,MedXover
72593739,KSP0900,21-49118,20210206,1404,,17340,BIG CREEK,,RD,KY0468,KY0468,0,098 KY-468,KY0468,Y,N,NULL,NULL,NULL,N,NULL,NULL,NULL,NULL,NULL,NULL,3.67,NULL,NULL,NULL,NULL,,NULL,0,0,2,2,N,N,55,NULL,98,9833,NULL,,Y,37.65917,37,39.55,NULL,-82.37553,82,22.532,NULL,N,NULL,NULL,NULL,NULL,NULL,NULL,NULL,NULL,2,97,2,6,1,1,2,2,5,3,N,NULL,Y,N,1404,1517,1517,N,NULL,90,8,0,N,,N,N,098-KY-0468-0,NULL,NULL,2021,O,7.25937E+11,098-KY-0468  -000,HIGH,098-KY-0468  -000,3.67,0,0,0,0,0,0,1,0,0,0,0,0,0
72679861,KSP0900,21-411615,20211005,1605,,,PEACH ORCHARD,,BR,,,0,098 CR-1292,CR1292,N,N,NULL,NULL,NULL,N,NULL,NULL,NULL,NULL,NULL,NULL,0.428,NULL,NULL,NULL,NULL,,NULL,0,0,1,1,N,Y,35,NULL,98,9801,2,N,N,37.43812,37,26.287,NULL,-82.5578,82,33.468,NULL,N,NULL,NULL,NULL,NULL,NULL,NULL,NULL,NULL,9,3,1,6,1,1,2,2,7,3,N,NULL,N,N,1712,1733,1750,N,NULL,70,,,N,,N,N,098-CR-1292-0,NULL,NULL,2021,O,7.26799E+11,098-CR-1292  -000,HIGH,098-CR-1292  -000,0.428,1,0,0,0,0,0,0,0,0,0,0,0,0
72675390,370200,2021-381196,20210913,1533,,,US23,,,US0023,US0023,,,,N,N,NULL,NULL,NULL,N,NULL,NULL,NULL,NULL,NULL,NULL,11.657,NULL,NULL,NULL,NULL,,NULL,0,0,2,2,N,N,55,NULL,98,9827,NULL,,Y,37.35831,37,21.499,NULL,-82.555,82,33.3,NULL,N,NULL,NULL,NULL,NULL,NULL,NULL,NULL,NULL,5,3,4,6,1,1,2,2,7,3,N,NULL,Y,N,1533,1609,1609,N,NULL,49,,1,N,,N,N,,NULL,NULL,2021,O,7.26754E+11,098-US-0023  -010,MEDIUM,098-US-0023  -000,11.657,0,1,1,0,0,0,1,0,0,0,0,0,0
72677644,980100,2.021E+11,20211001,750,,,US23,,,US0023,US0023,0,098 US-23-10,US0023,N,N,NULL,NULL,NULL,N,NULL,NULL,NULL,NULL,NULL,NULL,31.584,NULL,NULL,NULL,NULL,,NULL,0,0,2,2,N,N,55,NULL,98,9801,NULL,,Y,37.5368,37,32.208,NULL,-82.60133,82,36.08,NULL,N,NULL,NULL,NULL,NULL,NULL,NULL,NULL,NULL,8,3,4,6,1,1,2,2,7,3,N,NULL,Y,N,750,758,758,N,NULL,53,,1,N,,N,N,098-US-0023-10,NULL,NULL,2021,O,7.26776E+11,098-US-0023  -010,HIGH,098-US-0023  -000,31.584,0,0,1,0,0,0,1,0,0,0,0,1,0
72649719,KSP0900,21-283454,20210709,1151,,,KY122,,,KY0122,KY0122,0,098 KY-122,KY0122,N,N,NULL,NULL,NULL,N,NULL,NULL,NULL,NULL,NULL,NULL,4.758,NULL,NULL,NULL,NULL,,NULL,2,0,1,1,N,N,55,NULL,98,9827,NULL,,Y,37.34698,37,20.819,NULL,-82.59876,82,35.926,NULL,N,NULL,NULL,NULL,NULL,NULL,NULL,NULL,NULL,9,3,2,3,1,1,2,2,7,3,Y,NULL,Y,Y,1152,1201,1220,N,NULL,40,,0,Y,,N,N,098-KY-0122-0,NULL,NULL,2021,B,7.26497E+11,098-KY-0122  -000,HIGH,098-KY-0122  -000,4.758,0,0,0,0,0,0,0,0,1,1,0,1,0
72633179,KSP0900,21-230241,20210605,1542,,,US119,,,US0119,US0119,,,,Y,N,NULL,NULL,NULL,N,NULL,NULL,NULL,NULL,NULL,NULL,23.986,NULL,NULL,NULL,NULL,,NULL,0,0,2,2,N,N,15,NULL,98,9834,NULL,,Y,37.65572,37,39.344,NULL,-82.26953,82,16.172,NULL,N,NULL,NULL,NULL,NULL,NULL,NULL,NULL,NULL,5,97,1,6,1,1,2,2,7,3,N,NULL,N,N,1635,1700,1700,N,NULL,90,2,1,N,,N,N,,NULL,NULL,2021,O,7.26332E+11,098-US-0119  -000,MEDIUM,098-US-0119  -000,23.986,0,0,0,1,0,0,1,0,0,0,0,0,0
72600339,980100,2.021E+11,20210305,1039,,908,BYPASS,,RD,,,0,098 CS-1223,CS1223,Y,N,NULL,NULL,NULL,N,NULL,NULL,NULL,NULL,NULL,NULL,NULL,NULL,NULL,NULL,NULL,NULL,NULL,0,0,1,1,N,N,NULL,NULL,98,9801,NULL,,Y,37.47128,37,28.277,NULL,-82.52117,82,31.27,NULL,N,NULL,NULL,NULL,NULL,NULL,NULL,NULL,NULL,9,97,1,6,2,1,2,2,1,3,N,NULL,Y,N,1042,1045,1045,Y,NULL,90,,,N,,N,N,098-CS-1223-0,NULL,NULL,2021,O,7.26003E+11,098-CS-1223  -000,HIGH,098-CS-1223  -000,0.135,0,0,0,1,0,0,0,0,0,0,0,1,0
72576107,KSP0900,20-832609,20201217,1752,,,KY194,,,KY0194,KY0194,0,098 KY-194,KY0194,N,N,NULL,NULL,NULL,N,NULL,NULL,NULL,NULL,NULL,NULL,16.939,NULL,NULL,NULL,NULL,,NULL,1,0,2,2,N,N,55,NULL,98,9820,NULL,,Y,37.5637,37,33.822,NULL,-82.44082,82,26.449,NULL,N,NULL,NULL,NULL,NULL,NULL,NULL,NULL,NULL,1,3,2,6,1,5,8,6,7,3,Y,NULL,N,Y,1752,1810,1900,N,NULL,55,7,0,N,,N,N,098-KY-0194-0,NULL,NULL,2020,B,7.25761E+11,098-KY-0194  -000,HIGH,098-KY-0194  -000,16.939,0,0,0,1,0,0,1,0,0,1,0,0,0
72679169,KSP0900,21-411417,20211005,1350,,,KY195,,,KY0195,KY0195,0,098 KY-195,KY0195,N,N,NULL,NULL,NULL,N,NULL,NULL,NULL,NULL,NULL,NULL,10.794,NULL,NULL,NULL,NULL,,NULL,0,0,2,2,N,N,55,NULL,98,9802,5,W,N,37.35876,37,21.526,NULL,-82.41761,82,25.056,NULL,N,NULL,NULL,NULL,NULL,NULL,NULL,NULL,NULL,1,3,2,3,1,1,3,2,7,3,N,NULL,Y,Y,1350,1407,1515,N,NULL,55,7,0,N,,N,N,098-KY-0195-0,NULL,NULL,2021,O,7.26792E+11,098-KY-0195  -000,HIGH,098-KY-0195  -000,10.794,0,1,0,0,0,0,0,0,0,0,0,0,0
72563366,980100,2.02E+11,20201110,707,,,OWSLEY,,RD,KY1384,KY1384,0,098 KY-1384,KY1384,N,N,NULL,NULL,NULL,N,NULL,NULL,NULL,NULL,NULL,NULL,7.018,NULL,NULL,NULL,NULL,,NULL,1,0,2,2,N,N,45,NULL,98,9801,NULL,,Y,37.48013,37,28.808,NULL,-82.53933,82,32.36,NULL,N,NULL,NULL,NULL,NULL,NULL,NULL,NULL,NULL,1,3,4,6,1,1,2,2,1,3,Y,NULL,Y,Y,707,707,752,N,NULL,55,16,0,N,,N,N,098-KY-1384-0,NULL,NULL,2020,C,7.25634E+11,098-KY-1384  -000,HIGH,098-KY-1384  -000,7.018,0,0,1,0,0,0,1,0,0,0,0,0,0
72627806,KSP0900,21-201758,20210518,1923,,,BIG CREEK,,RD,KY0468,KY0468,0,098 KY-468,KY0468,N,N,NULL,NULL,NULL,N,NULL,NULL,NULL,NULL,NULL,NULL,8.96,NULL,NULL,NULL,NULL,,NULL,2,0,1,1,N,N,45,NULL,98,9843,NULL,,Y,37.70417,37,42.25,NULL,-82.35064,82,21.038,NULL,N,NULL,NULL,NULL,NULL,NULL,NULL,NULL,NULL,9,3,2,3,1,1,2,2,7,3,Y,NULL,Y,Y,1923,1957,1923,N,NULL,44,8,0,N,,N,N,098-KY-0468-0,NULL,NULL,2021,C,7.26278E+11,098-KY-0468  -000,HIGH,098-KY-0468  -000,8.96,1,0,0,0,0,0,0,0,0,0,0,1,0
72580245,KSP0900,20-849906,20201230,1628,,,US119,,,US0119,US0119,0,098 US-119,US0119,Y,N,NULL,NULL,NULL,N,NULL,NULL,NULL,NULL,NULL,NULL,1.246,NULL,NULL,NULL,NULL,,NULL,0,0,2,2,N,N,10,NULL,98,9801,NULL,,Y,37.50888,37,30.533,NULL,-82.51122,82,30.673,NULL,N,NULL,NULL,NULL,NULL,NULL,NULL,NULL,NULL,2,97,2,6,1,8,2,2,1,3,N,NULL,Y,N,1628,1644,1656,N,NULL,90,2,1,N,,N,N,098-US-0119-0,NULL,NULL,2020,O,7.25802E+11,098-US-0119  -000,HIGH,098-US-0119  -000,1.246,0,0,0,0,0,0,0,0,0,0,0,1,0
72616367,KSP0900,21-138215,20210407,1300,,,KY1056,,,KY1056,KY1056,0,098 KY-1056,KY1056,N,N,NULL,NULL,NULL,N,NULL,NULL,NULL,NULL,NULL,NULL,11.555,NULL,NULL,NULL,NULL,,NULL,0,0,1,1,N,N,35,NULL,98,9863,NULL,,Y,37.62025,37,37.215,NULL,-82.16787,82,10.072,NULL,N,NULL,NULL,NULL,NULL,NULL,NULL,NULL,NULL,9,3,2,1,1,1,2,2,7,3,N,NULL,Y,N,1300,1320,1335,Y,NULL,44,7,0,N,,N,N,098-KY-1056-0,NULL,NULL,2021,O,7.26164E+11,098-KY-1056  -000,HIGH,098-KY-1056  -000,11.555,0,0,0,0,0,0,1,0,0,0,0,1,0
72675247,980100,2.021E+11,20210925,1901,,120,CHAMPIONSHIP,,DR,,,,,,Y,N,NULL,NULL,NULL,N,NULL,NULL,NULL,NULL,NULL,NULL,NULL,NULL,NULL,NULL,NULL,NULL,NULL,0,0,2,2,N,N,15,NULL,98,9801,NULL,,Y,37.48727,37,29.236,NULL,-82.5427,82,32.562,NULL,N,NULL,NULL,NULL,NULL,NULL,NULL,NULL,NULL,2,97,NULL,6,1,1,2,2,8,3,N,NULL,Y,N,1901,1906,,N,NULL,90,,,N,,N,N,,NULL,NULL,2021,O,7.26752E+11,098-PR-1190  -000,MEDIUM,098-PR-1190  -000,0.12,0,0,0,0,0,0,0,0,0,0,0,0,0
72655041,KSP0900,21-324278,20210805,1052,,,US460,,,US0460,US0460,0,098 US-460,US0460,N,N,NULL,NULL,NULL,N,NULL,NULL,NULL,NULL,NULL,NULL,7.372,NULL,NULL,NULL,NULL,,NULL,0,0,2,2,N,N,45,NULL,98,9801,5,SE,N,37.38615,37,23.169,NULL,-82.43829,82,26.298,NULL,N,NULL,NULL,NULL,NULL,NULL,NULL,NULL,NULL,5,3,2,6,1,1,2,2,7,3,N,NULL,Y,N,1052,1115,1115,N,NULL,70,,1,N,,N,N,098-US-0460-0,NULL,NULL,2021,O,7.2655E+11,098-US-0460  -000,HIGH,098-US-0460  -000,7.372,0,0,0,1,0,0,1,0,0,0,0,0,0
72650507,370200,2021-303545,20210722,1554,,,KY1056,,,KY1056,KY1056,0,098 KY-1056,KY1056,N,N,NULL,NULL,NULL,N,NULL,NULL,NULL,NULL,NULL,NULL,9.317,NULL,NULL,NULL,NULL,,NULL,0,0,1,1,N,N,55,NULL,98,9863,NULL,,Y,37.59515,37,35.709,NULL,-82.16498,82,9.899,NULL,N,NULL,NULL,NULL,NULL,NULL,NULL,NULL,NULL,9,97,2,6,1,1,2,2,7,3,N,NULL,Y,N,1557,1624,1802,Y,NULL,40,7,0,N,,N,N,098-KY-1056-0,NULL,NULL,2021,O,7.26505E+11,098-KY-1056  -000,HIGH,098-KY-1056  -000,9.317,0,1,0,0,0,0,1,0,0,0,0,1,0
72613444,980200,4120006,20210413,1430,,,ELKHORN,W,ST,,,0,098 CS-2007,CS2007,N,N,NULL,NULL,NULL,N,NULL,NULL,NULL,NULL,NULL,NULL,0.032,NULL,NULL,NULL,NULL,,NULL,0,0,2,2,N,N,25,NULL,98,9802,NULL,,Y,37.30491,37,18.295,NULL,-82.35457,82,21.274,NULL,N,NULL,NULL,NULL,NULL,NULL,NULL,NULL,NULL,8,7,2,6,1,1,3,2,1,3,N,NULL,Y,Y,1425,1430,,N,NULL,47,,,N,,N,N,098-CS-2007-0,NULL,NULL,2021,O,7.26134E+11,098-CS-2007  -000,HIGH,098-CS-2007  -000,0.032,0,0,0,1,0,0,0,0,0,0,0,0,0
72608648,980000,21-03-002,20210319,2200,,,ROAD CREEK,,RD,,,0,098 CR-1659,CR1659,N,N,NULL,NULL,NULL,N,NULL,NULL,NULL,NULL,NULL,NULL,1.325,NULL,NULL,NULL,NULL,,NULL,0,0,2,2,Y,N,35,NULL,98,9802,8,W,N,37.36317,37,21.79,NULL,-82.37251,82,22.35,NULL,N,NULL,NULL,NULL,NULL,NULL,NULL,NULL,NULL,7,3,2,1,1,1,3,6,6,3,N,NULL,Y,Y,2215,2336,2345,N,NULL,54,,,Y,,N,N,098-CR-1659-0,NULL,NULL,2021,O,7.26086E+11,098-CR-1659  -000,HIGH,098-CR-1659  -000,1.325,0,0,0,0,0,0,1,0,0,0,0,1,0
72587916,KSP0900,21-24878,20210119,1524,,3000,US460,,,US0460,US0460,0,098 US-460,US0460,Y,N,NULL,NULL,NULL,N,NULL,NULL,NULL,NULL,NULL,NULL,2.01,NULL,NULL,NULL,NULL,,NULL,0,0,2,2,Y,N,NULL,NULL,98,9824,NULL,,Y,37.43299,37,25.98,NULL,-82.49229,82,29.538,NULL,N,NULL,NULL,NULL,NULL,NULL,NULL,NULL,NULL,2,7,2,6,1,1,2,2,1,3,N,NULL,N,N,1612,1640,1835,N,NULL,90,,1,N,,N,N,098-US-0460-0,NULL,NULL,2021,NULL,7.25879E+11,098-US-0460  -000,HIGH,098-US-0460  -000,2.01,0,0,0,0,0,0,0,0,0,0,0,0,0
72585866,980100,2.021E+11,20210117,1141,,,KY3496,,,KY3496,KY3496,0,098 KY-3496,KY3496,N,N,NULL,NULL,NULL,N,NULL,NULL,NULL,NULL,NULL,NULL,0.206,NULL,NULL,NULL,NULL,,NULL,0,0,2,2,N,N,35,NULL,98,9801,NULL,,Y,37.46659,37,27.996,NULL,-82.53128,82,31.877,NULL,N,NULL,NULL,NULL,NULL,NULL,NULL,NULL,NULL,8,97,2,6,1,1,2,2,1,3,N,NULL,Y,N,1140,1140,,N,NULL,47,16,0,N,,N,N,098-KY-3496-0,NULL,NULL,2021,O,7.25859E+11,098-KY-3496  -000,HIGH,098-KY-3496  -000,0.206,0,0,0,0,0,0,1,0,0,0,0,0,0
72631716,980100,2.021E+11,20210529,1228,,,BYPASS,S,RD,KY1426,KY1426,,,,Y,N,NULL,NULL,NULL,N,NULL,NULL,NULL,NULL,NULL,NULL,5.694,NULL,NULL,NULL,NULL,,NULL,0,0,2,2,N,N,NULL,NULL,98,9801,NULL,,Y,37.47279,37,28.368,NULL,-82.52278,82,31.367,NULL,N,NULL,NULL,NULL,NULL,NULL,NULL,NULL,NULL,1,97,NULL,6,2,5,3,2,1,3,N,NULL,Y,N,1228,1231,1231,N,NULL,90,,0,N,,N,N,,NULL,NULL,2021,O,7.26317E+11,098-KY-1426  -000,HIGH,098-KY-1426  -000,5.694,0,0,0,0,0,0,1,0,0,0,0,0,0
72641645,980100,2.021E+11,20210629,802,,911,BYPASS,S,RD,KY1426,KY1426,0,098 KY-1426,KY1426,Y,N,NULL,NULL,NULL,N,NULL,NULL,NULL,NULL,NULL,NULL,5.697,NULL,NULL,NULL,NULL,,NULL,0,0,1,1,N,N,10,NULL,98,9801,NULL,,Y,37.47281,37,28.368,NULL,-82.52274,82,31.364,NULL,N,NULL,NULL,NULL,NULL,NULL,NULL,NULL,NULL,9,97,2,6,1,1,2,2,5,3,N,NULL,Y,N,802,810,810,N,NULL,90,,0,N,,N,N,098-KY-1426-0,NULL,NULL,2021,O,7.26416E+11,098-KY-1426  -000,HIGH,098-KY-1426  -000,5.697,0,0,0,1,0,0,0,0,0,0,0,1,0
72638879,KSP0900,21-255898,20210621,1645,,,US119,,,US0119,US0119,0,098 US-119,US0119,Y,N,NULL,NULL,NULL,N,NULL,NULL,NULL,NULL,NULL,NULL,23.838,NULL,NULL,NULL,NULL,,NULL,0,0,2,2,N,N,10,NULL,98,9834,NULL,,Y,37.65382,37,39.229,NULL,-82.27005,82,16.203,NULL,N,NULL,NULL,NULL,NULL,NULL,NULL,NULL,NULL,2,97,1,6,1,5,2,2,5,3,N,NULL,Y,N,1645,1650,1650,N,NULL,90,2,1,N,,N,N,098-US-0119-0,NULL,NULL,2021,O,7.26389E+11,098-US-0119  -000,HIGH,098-US-0119  -000,23.838,0,0,0,1,0,0,1,0,0,0,0,0,0
72649900,KSP0900,21-300581,20210720,1615,,,US23,,,US0023,US0023,0,098 US-23,US0023,Y,N,NULL,NULL,NULL,N,NULL,NULL,NULL,NULL,NULL,NULL,29.453,NULL,NULL,NULL,NULL,,NULL,0,0,2,2,N,N,45,NULL,98,9807,NULL,,Y,37.52966,37,31.78,NULL,-82.57578,82,34.547,NULL,N,NULL,NULL,NULL,NULL,NULL,NULL,NULL,NULL,1,97,1,6,1,1,2,2,1,3,N,NULL,N,N,1615,1623,,N,NULL,90,,1,N,,N,N,098-US-0023-0,NULL,NULL,2021,O,7.26499E+11,098-US-0023  -000,HIGH,098-US-0023  -000,29.453,0,0,0,1,0,0,1,0,0,0,0,0,0
72645024,KSP0900,21-281590,20210708,450,,,ROAD CREEK,,RD,,,0,098 CR-1659,CR1659,N,N,NULL,NULL,NULL,N,NULL,NULL,NULL,NULL,NULL,NULL,0.84,NULL,NULL,NULL,NULL,,NULL,1,0,1,1,N,N,25,NULL,98,9802,5,NW,N,37.35719,37,21.432,NULL,-82.37623,82,22.574,NULL,N,NULL,NULL,NULL,NULL,NULL,NULL,NULL,NULL,9,4,1,6,1,5,3,6,7,3,Y,NULL,Y,N,450,600,600,N,NULL,44,,,N,,N,N,098-CR-1659-0,NULL,NULL,2021,B,7.2645E+11,098-CR-1659  -000,HIGH,098-CR-1659  -000,0.84,0,0,0,0,0,0,1,0,0,0,0,1,0
72610657,370200,2021-96991,20210311,821,,,LEFT FORK ISLAND,,CRK,,,0,098 CR-1233Q3,CR1233Q3,N,N,NULL,NULL,NULL,N,NULL,NULL,NULL,NULL,NULL,NULL,1.309,NULL,NULL,NULL,NULL,,NULL,0,0,2,2,N,N,35,NULL,98,9801,NULL,,Y,37.43389,37,26.033,NULL,-82.57671,82,34.602,NULL,N,NULL,NULL,NULL,NULL,NULL,NULL,NULL,NULL,7,3,2,3,1,1,3,2,7,1,N,NULL,Y,N,823,834,905,N,NULL,54,,,N,,N,N,098-CR-1233Q3-0,NULL,NULL,2021,O,7.26107E+11,098-CR-1233Q3-000,HIGH,098-CR-1233Q3-000,1.309,0,0,0,0,0,0,0,0,0,0,0,1,0
72635458,980100,2.021E+11,20210608,1057,,,US23,,,US0023,US0023,,,,N,N,NULL,NULL,NULL,N,NULL,NULL,NULL,NULL,NULL,NULL,26.313,NULL,NULL,NULL,NULL,,NULL,0,0,2,2,N,N,55,NULL,98,9801,NULL,,Y,37.50407,37,30.244,NULL,-82.5324,82,31.944,NULL,N,NULL,NULL,NULL,NULL,NULL,NULL,NULL,NULL,8,3,4,6,1,1,3,2,7,3,N,NULL,Y,N,1057,1057,,N,NULL,53,,1,N,,N,N,,NULL,NULL,2021,O,7.26355E+11,098-US-0023  -010,MEDIUM,098-US-0023  -000,26.313,0,0,0,1,0,0,1,0,0,0,0,1,0
72688882,KSP0900,21-443551,20211028,1443,,,US460,,,US0460,US0460,0,098 US-460,US0460,Y,N,NULL,NULL,NULL,N,NULL,NULL,NULL,NULL,NULL,NULL,9.405,NULL,NULL,NULL,NULL,,NULL,0,0,2,2,N,N,15,NULL,98,9830,NULL,,Y,37.36823,37,22.094,NULL,-82.41322,82,24.793,NULL,N,NULL,NULL,NULL,NULL,NULL,NULL,NULL,NULL,2,97,2,6,1,1,3,2,1,3,N,NULL,Y,N,1445,1456,1445,N,NULL,90,,1,N,,N,N,098-US-0460-0,NULL,NULL,2021,O,7.26889E+11,098-US-0460  -000,HIGH,098-US-0460  -000,9.405,0,0,0,0,0,0,1,0,0,0,0,0,0
72644491,KSP0900,21-279944,20210706,2338,,,KY1056,,,KY1056,KY1056,0,098 KY-1056,KY1056,N,N,NULL,NULL,NULL,N,NULL,NULL,NULL,NULL,NULL,NULL,9.951,NULL,NULL,NULL,NULL,,NULL,0,0,1,1,N,N,45,NULL,98,9863,NULL,,Y,37.60257,37,36.154,NULL,-82.16547,82,9.928,NULL,N,NULL,NULL,NULL,NULL,NULL,NULL,NULL,NULL,9,5,2,3,1,1,2,6,7,3,N,NULL,Y,N,2338,6,30,N,NULL,51,7,0,N,,N,N,098-KY-1056-0,NULL,NULL,2021,O,7.26445E+11,098-KY-1056  -000,HIGH,098-KY-1056  -000,9.951,0,0,1,0,0,0,1,0,0,0,0,1,0
72661883,980000,21-08-006,20210817,1815,,,KY1426,,,KY1426,KY1426,0,098 KY-1426,KY1426,N,N,NULL,NULL,NULL,N,NULL,NULL,NULL,NULL,NULL,NULL,9.838,NULL,NULL,NULL,NULL,,NULL,0,0,1,1,N,N,55,NULL,98,9828,1,S,N,37.51337,37,30.802,NULL,-82.48184,82,28.911,NULL,N,NULL,NULL,NULL,NULL,NULL,NULL,NULL,NULL,9,5,2,1,1,5,6,2,7,3,N,NULL,Y,Y,1815,1815,1900,N,NULL,51,7,0,N,,N,N,098-KY-1426-0,NULL,NULL,2021,O,7.26619E+11,098-KY-1426  -000,HIGH,098-KY-1426  -000,9.838,0,0,1,0,0,0,0,1,0,0,0,1,0
72585130,980100,2.021E+11,20210107,543,,,US23,,,US0023,US0023,,,,N,N,NULL,NULL,NULL,N,NULL,NULL,NULL,NULL,NULL,NULL,18.799,NULL,NULL,NULL,NULL,,NULL,0,0,1,1,N,N,55,NULL,98,9801,NULL,,Y,37.43892,37,26.335,NULL,-82.50895,82,30.537,NULL,N,NULL,NULL,NULL,NULL,NULL,NULL,NULL,NULL,9,3,4,6,1,1,2,7,7,3,N,NULL,Y,N,543,600,600,N,NULL,38,,1,N,,N,N,,NULL,NULL,2021,O,7.25851E+11,098-US-0023  -000,MEDIUM,098-US-0023  -000,18.799,0,0,0,0,0,0,0,0,0,0,0,0,0
72585626,KSP0900,21-10756,20210108,1926,,,US23,,,US0023,US0023,0,098 US-23,US0023,N,N,NULL,NULL,NULL,N,NULL,NULL,NULL,NULL,NULL,NULL,3.926,NULL,NULL,NULL,NULL,,NULL,0,0,1,1,N,N,55,NULL,98,9809,NULL,,Y,37.27784,37,16.67,NULL,-82.5833,82,34.998,NULL,N,NULL,NULL,NULL,NULL,NULL,NULL,NULL,NULL,9,3,4,4,1,5,2,6,7,3,N,NULL,N,N,1926,2001,2001,N,NULL,38,,1,N,,N,N,098-US-0023-0,NULL,NULL,2021,O,7.25856E+11,098-US-0023  -000,HIGH,098-US-0023  -000,3.926,0,0,0,0,0,0,0,0,0,0,0,0,0
72644925,980100,2.021E+11,20210702,1136,,,CASSIDY,,BLVD,,,,,,Y,N,NULL,NULL,NULL,N,NULL,NULL,NULL,NULL,NULL,NULL,0.363,NULL,NULL,NULL,NULL,,NULL,0,0,2,2,N,N,NULL,NULL,98,9801,NULL,,Y,37.50507,37,30.305,NULL,-82.53809,82,32.285,NULL,N,NULL,NULL,NULL,NULL,NULL,NULL,NULL,NULL,5,97,2,6,1,1,2,2,1,3,N,NULL,Y,N,1136,1144,1144,N,NULL,90,,,N,,N,N,,NULL,NULL,2021,O,7.26449E+11,098-CS-1191  -000,MEDIUM,098-CS-1191  -000,0.363,0,0,0,1,0,0,1,0,0,0,0,0,0
72661800,KSP0900,2021-343108,20210817,1825,,,KY1056,,,KY1056,KY1056,0,098 KY-1056,KY1056,N,N,NULL,NULL,NULL,N,NULL,NULL,NULL,NULL,NULL,NULL,8.722,NULL,NULL,NULL,NULL,,NULL,0,0,1,1,N,N,55,NULL,98,9863,NULL,,Y,37.59219,37,35.532,NULL,-82.17261,82,10.357,NULL,N,NULL,NULL,NULL,NULL,NULL,NULL,NULL,NULL,9,3,2,3,1,5,6,2,7,3,N,NULL,N,N,1825,1825,1825,Y,NULL,70,7,0,N,,N,N,098-KY-1056-0,NULL,NULL,2021,O,7.26618E+11,098-KY-1056  -000,HIGH,098-KY-1056  -000,8.722,0,0,0,0,0,0,0,0,0,0,0,1,0
72660962,980500,2021AR032,20210820,1527,,,MAYO TRAIL,,,,,,,,N,N,NULL,NULL,NULL,N,NULL,NULL,NULL,NULL,NULL,NULL,NULL,NULL,NULL,NULL,NULL,NULL,NULL,0,0,2,2,N,N,45,NULL,98,9807,NULL,,Y,37.52247,37,31.348,NULL,-82.57059,82,34.235,NULL,N,NULL,NULL,NULL,NULL,NULL,NULL,NULL,NULL,5,3,7,6,1,1,2,2,7,3,N,NULL,Y,Y,1527,1531,1533,N,NULL,70,,,N,,N,N,,NULL,NULL,2021,O,7.2661E+11,098-CS-3026  -000,MEDIUM,098-CS-3026  -000,0.001,0,0,0,1,0,0,1,0,0,1,0,0,0
72670831,980200,980200,20210825,1400,,,REGINA-BELCHER,,HWY,US0460,US0460,0,098 US-460,US0460,N,N,NULL,NULL,NULL,N,NULL,NULL,NULL,NULL,NULL,NULL,13.767,NULL,NULL,NULL,NULL,,NULL,0,0,3,3,N,N,55,NULL,98,9805,6,W,N,37.33759,37,20.255,NULL,-82.38252,82,22.951,NULL,N,NULL,NULL,NULL,NULL,NULL,NULL,NULL,NULL,5,3,2,6,1,1,2,2,7,3,Y,NULL,Y,Y,1400,1415,1545,N,NULL,70,,1,N,,Y,N,098-US-0460-0,NULL,NULL,2021,O,7.26708E+11,098-US-0460  -000,HIGH,098-US-0460  -000,13.767,0,0,0,0,0,0,0,0,1,1,0,0,0