MasterFile,AgencyORINumber,LocalCode,CollisionDate,CollisionTime,CollisionDayWeekCode,RoadwayName_HouseBusinessNumber_,RoadwayName_RoadwayName_,RoadwayName_Direction_,RoadwayName_RoadwaySuffix_,RoadwayfromReport,CurrentRoadwayNumber,RoadwayNumberCoupletID,RSEUniqueGIS,RoadwayIdentifier,ParkingLotIndicator,IntersectionWith_Indicator_,IntersectionWith_NameRoadway_,IntersectionWith_Direction_,IntersectionWith_RoadwaySuffix_,BetweenStreets_Indicator_,BetweenStreets1_NameRoadway_,BetweenStreet1_Direction_,BetweenStreets1_RoadwaySuffix_,BetweenStreets2_NameRoadway_,BetweenStreets2_Direction_,BetweenStreets2_RoadwaySuffix_,Milepoint,ReportMilepointDeriveNumber,CurrentDerivedMiepointNumber,MilestoMilepoint,FeettoMilepoint,DirectionfromMilepoint_NSEW_,ValidMilepointIndicator,NumberInjured,NumberKilled,ofUnits,ofMotorVehicleUnits,Hit&RunIndicator,OneWayIndicator,SpeedLimitNumber,KilometersIndicator,CountyCode,CityCountyCode,MilesFromCity,DirectionFromCity_NSEW_,InCityLimitsIndicator,Latitude,LatitudeDegrees,LatitudeMinutes,LatitudeSeconds,Longitude,LongitudeDegrees,LongitudeMinutes,LongitudeSeconds,RampIndicator,RampFromIdentifier,RampFromDirCode,RampFromCoupletID,RSEUniqueGISRampFrom,RampToidentifier,RampToDirCode,RampToCoupletID,RSEUniqueGisRampTo,MannerofCollisionCode,LocationFirstEventCode,TotalLanes,RoadwayCharacterCode,RoadwaySurfaceCode,RoadwayConditionCode,WeatherCode,LightConditionCode,LandUseCode,SchoolBusRelatedCode,FirstAidSceneIndicator,CollDescPresentInd,InvestigationCompleteIndicator,PhotosTakenIndicator,TimeNotified,TimeArrived,TimeRoadwayOpened,PropertyDamageIndicator,DiagramPresentIndicator,DirectionalAnalysis,FunctionClassCode,NationalHwySysCode,EnforcementsIndicator,KARSCityCode,SecondaryCollisionIndicator,MedianCrossoverIndicator,RT_UNIQUE,MapIt,TimeLastLeft,YR,KABCO,MFNY,WorkingRID,RT_CONFIDENCE,KTC_RT,KTC_MP,Motorcyclist,CommercialVehicle,YoungDriver,MatureDriver,pedestrian,Bicyclist,Distracted,agressive,Impaired,Unrestrained,Intersection,RoadwayDeparture,MedXover
72628376,980100,2.021E+11,20210525,1302,,515,BYPASS,N,RD,KY1460,KY1460,0,098 KY-1460,KY1460,Y,N,NULL,NULL,NULL,N,NULL,NULL,NULL,NULL,NULL,NULL,5.129,NULL,NULL,NULL,NULL,,NULL,0,0,2,2,N,N,45,NULL,98,9801,NULL,,Y,37.48361,37,29.017,NULL,-82.514,82,30.84,NULL,N,NULL,NULL,NULL,NULL,NULL,NULL,NULL,NULL,2,97,2,6,1,1,2,2,5,3,N,NULL,Y,N,1302,1305,1302,N,NULL,90,16,0,N,,N,N,098-KY-1460-0,NULL,NULL,2021,O,7.26284E+11,098-KY-1460  -000,HIGH,098-KY-1460  -000,5.129,0,0,0,0,0,0,1,0,0,0,0,0,0
72627807,KSP0900,21-202892,20210519,1432,,,KY194,,,KY0194,KY0194,0,098 KY-194,KY0194,N,N,NULL,NULL,NULL,N,NULL,NULL,NULL,NULL,NULL,NULL,16.055,NULL,NULL,NULL,NULL,,NULL,0,0,2,2,N,N,10,NULL,98,9887,NULL,,Y,37.56681,37,34.009,NULL,-82.46583,82,27.95,NULL,N,NULL,NULL,NULL,NULL,NULL,NULL,NULL,NULL,2,97,2,5,3,1,2,2,6,3,N,NULL,Y,N,1432,1455,1432,N,NULL,47,7,0,N,,N,N,098-KY-0194-0,NULL,NULL,2021,O,7.26278E+11,098-KY-0194  -000,HIGH,098-KY-0194  -000,16.055,0,0,0,0,0,0,1,0,0,0,0,0,0
72672675,KSP0900,21-339267,20210814,2353,,1711,LICK FORK,,RD,,,0,098 CR-1946,CR1946,N,N,NULL,NULL,NULL,N,NULL,NULL,NULL,NULL,NULL,NULL,1.7,NULL,NULL,NULL,NULL,,NULL,2,0,1,1,N,N,35,NULL,98,9809,NULL,,Y,37.24853,37,14.912,NULL,-82.60585,82,36.351,NULL,N,NULL,NULL,NULL,NULL,NULL,NULL,NULL,NULL,9,3,1,3,1,5,6,6,7,3,N,NULL,Y,Y,2357,50,,N,NULL,70,,,N,,N,N,098-CR-1946-0,NULL,NULL,2021,A,7.26727E+11,098-CR-1946  -000,HIGH,098-CR-1946  -000,1.7,0,0,0,0,0,0,0,1,1,0,0,1,0
72682556,980000,21-10-002,20211007,1307,,2204,GREASY,,CRK,,,0,098 CR-1256,CR1256,Y,N,NULL,NULL,NULL,N,NULL,NULL,NULL,NULL,NULL,NULL,1.262,NULL,NULL,NULL,NULL,,NULL,0,0,1,1,N,N,NULL,NULL,98,9801,10,E,N,37.36871,37,22.122,NULL,-82.49185,82,29.511,NULL,N,NULL,NULL,NULL,NULL,NULL,NULL,NULL,NULL,9,97,1,4,2,1,2,2,6,3,N,NULL,Y,Y,1310,1331,1331,Y,NULL,90,,,N,,N,N,098-CR-1256-0,NULL,NULL,2021,O,7.26826E+11,098-CR-1256  -000,HIGH,098-CR-1256  -000,1.262,0,0,0,0,0,0,0,0,0,0,0,1,0
72626375,980100,2.021E+11,20210519,1613,,,US23,,,US0023,US0023,,,,N,N,NULL,NULL,NULL,N,NULL,NULL,NULL,NULL,NULL,NULL,26.27,NULL,NULL,NULL,NULL,,NULL,0,0,2,2,N,N,55,NULL,98,9801,NULL,,Y,37.50347,37,30.208,NULL,-82.53213,82,31.927,NULL,N,NULL,NULL,NULL,NULL,NULL,NULL,NULL,NULL,5,3,7,6,2,1,2,2,1,3,N,NULL,Y,N,1613,1617,,N,NULL,49,,1,N,,N,N,,NULL,NULL,2021,O,7.26264E+11,098-US-0023  -000,MEDIUM,098-US-0023  -000,26.27,0,0,0,0,0,0,1,0,0,0,0,0,0
72575249,KSP0900,20-821860,20201209,1716,,,VIRGIE,,RD,KY0610,KY0610,0,098 KY-610,KY0610,N,N,NULL,NULL,NULL,N,NULL,NULL,NULL,NULL,NULL,NULL,0.345,NULL,NULL,NULL,NULL,,NULL,2,0,1,1,N,N,55,NULL,98,9809,NULL,,Y,37.27864,37,16.718,NULL,-82.58401,82,35.04,NULL,N,NULL,NULL,NULL,NULL,NULL,NULL,NULL,NULL,9,3,2,6,1,1,2,2,7,3,N,NULL,Y,Y,1720,1727,,N,NULL,70,7,0,Y,,N,N,098-KY-0610-0,NULL,NULL,2020,B,7.25752E+11,098-KY-0610  -000,HIGH,098-KY-0610  -000,0.345,0,0,0,0,0,0,0,0,1,0,0,1,0
72685955,980200,980200,20211022,544,,,KY197,,,KY0197,KY0197,0,098 KY-197,KY0197,N,N,NULL,NULL,NULL,N,NULL,NULL,NULL,NULL,NULL,NULL,15.679,NULL,NULL,NULL,NULL,,NULL,0,0,1,1,N,N,35,NULL,98,9802,NULL,,Y,37.296,37,17.76,NULL,-82.36216,82,21.73,NULL,N,NULL,NULL,NULL,NULL,NULL,NULL,NULL,NULL,9,4,2,6,1,5,10,7,7,3,N,NULL,Y,Y,540,544,650,N,NULL,51,7,0,N,,N,Y,098-KY-0197-0,NULL,NULL,2021,O,7.2686E+11,098-KY-0197  -000,HIGH,098-KY-0197  -000,15.679,0,0,1,0,0,0,0,0,0,0,0,1,0
72669156,980100,2.021E+11,20210910,1709,,,CASSIDY,,BLVD,,,0,098 CS-1191,CS1191,Y,N,NULL,NULL,NULL,N,NULL,NULL,NULL,NULL,NULL,NULL,0.227,NULL,NULL,NULL,NULL,,NULL,0,0,2,2,N,N,10,NULL,98,9801,NULL,,Y,37.5043,37,30.258,NULL,-82.53561,82,32.137,NULL,N,NULL,NULL,NULL,NULL,NULL,NULL,NULL,NULL,2,97,2,6,1,1,2,2,1,3,N,NULL,Y,N,1709,1712,1726,N,NULL,90,,,N,,N,N,098-CS-1191-0,NULL,NULL,2021,O,7.26692E+11,098-CS-1191  -000,HIGH,098-CS-1191  -000,0.227,0,0,0,1,0,0,1,0,0,0,0,0,0
72710146,KSP0900,21-511609,20211216,1750,,,ZEBULON,,HWY,KY1426,KY1426,0,098 KY-1426,KY1426,N,N,NULL,NULL,NULL,N,NULL,NULL,NULL,NULL,NULL,NULL,11.932,NULL,NULL,NULL,NULL,,NULL,0,0,2,2,N,N,55,NULL,98,9801,NULL,,Y,37.53536,37,32.122,NULL,-82.46604,82,27.962,NULL,N,NULL,NULL,NULL,NULL,NULL,NULL,NULL,NULL,1,3,2,3,1,5,6,6,7,3,N,NULL,Y,N,1750,1808,1808,N,NULL,55,7,0,N,,N,N,098-KY-1426-0,NULL,NULL,2021,O,7.27101E+11,098-KY-1426  -000,HIGH,098-KY-1426  -000,11.932,0,0,0,1,0,0,1,0,0,0,0,0,0
72670366,980100,2.021E+11,20210914,1237,,,MAYO,S,TRL,KY3496,KY3496,,,,Y,N,NULL,NULL,NULL,N,NULL,NULL,NULL,NULL,NULL,NULL,0.089,NULL,NULL,NULL,NULL,,NULL,0,0,2,2,N,N,15,NULL,98,9801,NULL,,Y,37.46589,37,27.953,NULL,-82.52934,82,31.76,NULL,N,NULL,NULL,NULL,NULL,NULL,NULL,NULL,NULL,1,97,2,6,1,1,2,2,1,3,N,NULL,Y,N,1237,1242,1242,N,NULL,90,16,0,N,,N,N,,NULL,NULL,2021,O,7.26704E+11,098-KY-3496  -000,HIGH,098-KY-3496  -000,0.089,0,0,0,1,0,0,1,0,0,0,0,0,0
72602746,980100,2.021E+11,20210311,1424,,120,JUSTICE WAY,,,,,,,,Y,N,NULL,NULL,NULL,N,NULL,NULL,NULL,NULL,NULL,NULL,NULL,NULL,NULL,NULL,NULL,,NULL,0,0,2,2,N,N,15,NULL,98,9801,NULL,,Y,37.50772,37,30.464,NULL,-82.54317,82,32.591,NULL,N,NULL,NULL,NULL,NULL,NULL,NULL,NULL,NULL,1,97,1,6,1,1,2,2,1,3,N,NULL,Y,N,1424,1431,1444,N,NULL,90,,,N,,N,N,,NULL,NULL,2021,O,7.26027E+11,098-CS-1216  -000,MEDIUM,098-CS-1216  -000,0.039,0,0,0,1,0,0,1,0,0,0,0,0,0
72667757,980100,2.021E+11,20210906,823,,,WELLS,,ALY,,,,,,N,N,NULL,NULL,NULL,N,NULL,NULL,NULL,NULL,NULL,NULL,0.022,NULL,NULL,NULL,NULL,,NULL,0,0,2,2,N,N,15,NULL,98,9801,NULL,,Y,37.48154,37,28.892,NULL,-82.51632,82,30.979,NULL,N,NULL,NULL,NULL,NULL,NULL,NULL,NULL,NULL,3,3,1,6,1,1,3,2,6,3,N,NULL,Y,N,823,826,844,N,NULL,52,,,N,,N,N,,NULL,NULL,2021,O,7.26678E+11,098-CS-1122  -000,MEDIUM,098-CS-1122  -000,0.022,0,0,0,0,0,0,0,0,0,0,0,1,0
72686859,KSP0900,21-432175,20211020,1028,,,KY3218,,,KY3218,KY3218,0,098 KY-3218,KY3218,N,N,NULL,NULL,NULL,N,NULL,NULL,NULL,NULL,NULL,NULL,3.035,NULL,NULL,NULL,NULL,,NULL,0,0,1,1,N,N,55,NULL,98,9801,NULL,,Y,37.5597,37,33.582,NULL,-82.55919,82,33.552,NULL,N,NULL,NULL,NULL,NULL,NULL,NULL,NULL,NULL,9,3,2,2,1,1,2,2,7,3,N,NULL,Y,N,1028,1101,1135,N,NULL,44,8,0,N,,N,N,098-KY-3218-0,NULL,NULL,2021,O,7.26869E+11,098-KY-3218  -000,HIGH,098-KY-3218  -000,3.035,0,0,0,0,0,0,0,0,0,0,0,1,0
72620296,980100,2.021E+11,20210407,1808,,,US23,,,US0023,US0023,0,098 US-23-10,US0023,N,Y,CEDAR HILLS,,RD,N,NULL,NULL,NULL,NULL,NULL,NULL,22.941,NULL,NULL,NULL,NULL,,NULL,1,0,2,2,N,N,55,NULL,98,9801,NULL,,Y,37.46535,37,27.921,NULL,-82.52596,82,31.558,NULL,N,NULL,NULL,NULL,NULL,NULL,NULL,NULL,NULL,4,3,4,6,1,1,2,2,7,3,Y,NULL,Y,Y,1808,1810,2032,N,NULL,16,,1,N,,N,N,098-US-0023-10,NULL,NULL,2021,A,7.26203E+11,098-US-0023  -010,HIGH,098-US-0023  -000,22.941,1,0,0,0,0,0,1,1,0,0,1,0,0
72691528,980100,2.021E+11,20211102,753,,,OWSLEY,,RD,KY1384,KY1384,0,098 KY-1384,KY1384,N,N,NULL,NULL,NULL,N,NULL,NULL,NULL,NULL,NULL,NULL,7.519,NULL,NULL,NULL,NULL,,NULL,0,0,2,2,N,N,15,NULL,98,9801,NULL,,Y,37.48347,37,29.008,NULL,-82.53463,82,32.078,NULL,N,NULL,NULL,NULL,NULL,NULL,NULL,NULL,NULL,5,3,4,6,1,5,6,2,7,3,N,NULL,Y,N,753,800,801,N,NULL,49,16,0,N,,N,N,098-KY-1384-0,NULL,NULL,2021,O,7.26915E+11,098-KY-1384  -000,HIGH,098-KY-1384  -000,7.519,0,0,1,0,0,0,0,0,0,0,0,0,0
72700833,980100,2.021E+11,20211123,1822,,,US23,,,US0023,US0023,0,098 US-23,US0023,N,N,NULL,NULL,NULL,N,NULL,NULL,NULL,NULL,NULL,NULL,26.626,NULL,NULL,NULL,NULL,,NULL,0,0,2,2,Y,N,55,NULL,98,9801,NULL,,Y,37.5078,37,30.468,NULL,-82.53523,82,32.114,NULL,N,NULL,NULL,NULL,NULL,NULL,NULL,NULL,NULL,8,3,6,3,1,1,2,6,7,3,N,NULL,Y,N,1822,1829,1822,N,NULL,53,,1,N,,N,N,098-US-0023-0,NULL,NULL,2021,O,7.27008E+11,098-US-0023  -000,HIGH,098-US-0023  -000,26.626,0,1,0,0,0,0,0,0,0,0,0,1,0
72639267,KSP0900,21-256683,20210622,730,,,KY194,,,KY0194,KY0194,0,098 KY-194,KY0194,N,N,NULL,NULL,NULL,N,NULL,NULL,NULL,NULL,NULL,NULL,17.495,NULL,NULL,NULL,NULL,,NULL,0,0,1,1,N,N,55,NULL,98,9820,NULL,,Y,37.55698,37,33.419,NULL,-82.43481,82,26.088,NULL,N,NULL,NULL,NULL,NULL,NULL,NULL,NULL,NULL,9,3,2,3,1,5,6,2,7,3,N,NULL,N,N,730,745,830,N,NULL,44,7,0,N,,N,N,098-KY-0194-0,NULL,NULL,2021,O,7.26393E+11,098-KY-0194  -000,HIGH,098-KY-0194  -000,17.495,0,0,0,0,0,0,0,0,0,0,0,1,0
72632802,980100,2.021E+11,20210605,1418,,,CASSIDY,,BLVD,,,0,098 CS-1191,CS1191,Y,N,NULL,NULL,NULL,N,NULL,NULL,NULL,NULL,NULL,NULL,0.227,NULL,NULL,NULL,NULL,,NULL,0,0,2,2,N,N,15,NULL,98,9801,NULL,,Y,37.50425,37,30.255,NULL,-82.53562,82,32.137,NULL,N,NULL,NULL,NULL,NULL,NULL,NULL,NULL,NULL,2,97,1,6,1,1,2,2,1,3,N,NULL,Y,N,1418,1422,1422,N,NULL,90,,,Y,,N,N,098-CS-1191-0,NULL,NULL,2021,O,7.26328E+11,098-CS-1191  -000,HIGH,098-CS-1191  -000,0.227,0,0,0,0,0,0,1,0,0,0,0,0,0
72618463,980500,2021AR019,20210428,1300,,,COWPEN,,RD,KY2061,KY2061,0,098 KY-2061,KY2061,N,N,NULL,NULL,NULL,N,NULL,NULL,NULL,NULL,NULL,NULL,0.664,NULL,NULL,NULL,NULL,,NULL,0,0,2,2,Y,N,55,NULL,98,9807,NULL,,Y,37.53678,37,32.207,NULL,-82.56803,82,34.082,NULL,N,NULL,NULL,NULL,NULL,NULL,NULL,NULL,NULL,7,3,2,3,1,1,2,2,1,3,N,NULL,Y,Y,1300,1303,1322,N,NULL,54,,0,N,,N,N,098-KY-2061-0,NULL,NULL,2021,O,7.26185E+11,098-KY-2061  -000,HIGH,098-KY-2061  -000,0.664,0,0,0,0,0,0,0,0,0,0,0,1,0
72628012,KSP0900,21-210856,20210524,950,,116,HOLLY,,DR,,,0,098 CR-1374,CR1374,Y,N,NULL,NULL,NULL,N,NULL,NULL,NULL,NULL,NULL,NULL,0.123,NULL,NULL,NULL,NULL,,NULL,0,0,2,2,N,N,NULL,NULL,98,9801,1,W,N,37.5042,37,30.252,NULL,-82.54498,82,32.698,NULL,N,NULL,NULL,NULL,NULL,NULL,NULL,NULL,NULL,5,97,0,4,1,1,2,2,7,3,N,NULL,Y,N,950,958,958,N,NULL,90,,,N,,N,N,098-CR-1374-0,NULL,NULL,2021,O,7.2628E+11,098-CR-1374  -000,HIGH,098-CR-1374  -000,0.123,0,0,0,1,0,0,0,0,0,0,0,0,0
72646983,980100,2.021E+11,20210713,1630,,,BOB AMOS,,DR,,,,,,Y,N,NULL,NULL,NULL,N,NULL,NULL,NULL,NULL,NULL,NULL,0.641,NULL,NULL,NULL,NULL,,NULL,0,0,1,1,N,Y,NULL,NULL,98,9801,NULL,,Y,37.47098,37,28.259,NULL,-82.54185,82,32.511,NULL,N,NULL,NULL,NULL,NULL,NULL,NULL,NULL,NULL,9,97,1,6,1,1,2,2,4,3,N,NULL,Y,N,1630,1635,,Y,NULL,90,,,N,,N,N,,NULL,NULL,2021,O,7.2647E+11,098-CS-1025  -000,MEDIUM,098-CS-1025  -000,0.641,0,0,0,0,0,0,0,0,0,0,0,1,0
72662731,KSP0900,21-304913,20210723,1400,,,WILLIAMSON,,RD,KY0292,KY0292,0,098 KY-292,KY0292,N,N,NULL,NULL,NULL,N,NULL,NULL,NULL,NULL,NULL,NULL,6.516,NULL,NULL,NULL,NULL,,NULL,0,0,2,2,N,N,45,NULL,98,9834,NULL,,Y,37.67489,37,40.493,NULL,-82.29651,82,17.79,NULL,N,NULL,NULL,NULL,NULL,NULL,NULL,NULL,NULL,7,3,2,1,1,1,2,2,7,3,N,NULL,Y,N,1400,1420,1440,N,NULL,54,7,0,N,,N,N,098-KY-0292-0,NULL,NULL,2021,O,7.26627E+11,098-KY-0292  -000,HIGH,098-KY-0292  -000,6.516,0,0,0,1,0,0,1,0,0,0,0,1,0
72555205,KSP0900,20-742868,20201015,1545,,355,MALL,,RD,,,0,098 CR-1037,CR1037,Y,N,NULL,NULL,NULL,N,NULL,NULL,NULL,NULL,NULL,NULL,0.407,NULL,NULL,NULL,NULL,,NULL,1,0,1,1,N,N,NULL,NULL,98,9834,NULL,,Y,37.6563,37,39.378,NULL,-82.27123,82,16.274,NULL,N,NULL,NULL,NULL,NULL,NULL,NULL,NULL,NULL,9,97,2,5,1,1,2,2,5,3,Y,NULL,Y,Y,1545,1601,1658,N,NULL,90,,,N,,N,N,098-CR-1037-0,NULL,NULL,2020,A,7.25552E+11,098-CR-1037  -000,HIGH,098-CR-1037  -000,0.407,0,0,0,1,0,0,0,0,0,0,0,1,0
72632178,980100,2.021E+11,20210603,1113,,911,BYPASS,,RD,,,0,098 CS-1223,CS1223,Y,N,NULL,NULL,NULL,N,NULL,NULL,NULL,NULL,NULL,NULL,NULL,NULL,NULL,NULL,NULL,NULL,NULL,0,0,1,1,N,N,NULL,NULL,98,9801,NULL,,Y,37.47128,37,28.277,NULL,-82.52117,82,31.27,NULL,N,NULL,NULL,NULL,NULL,NULL,NULL,NULL,NULL,9,97,1,6,1,1,3,2,1,3,N,NULL,Y,N,1113,1120,1120,Y,NULL,90,,,N,,N,N,098-CS-1223-0,NULL,NULL,2021,O,7.26322E+11,098-CS-1223  -000,HIGH,098-CS-1223  -000,0.135,0,0,0,0,0,0,0,0,0,0,0,1,0
72636038,980100,2.021E+11,20210609,1712,,,US23,,,US0023,US0023,0,098 US-23-10,US0023,N,N,NULL,NULL,NULL,N,NULL,NULL,NULL,NULL,NULL,NULL,27.422,NULL,NULL,NULL,NULL,,NULL,0,0,2,2,N,N,55,NULL,98,9807,NULL,,Y,37.51101,37,30.66,NULL,-82.54956,82,32.974,NULL,N,NULL,NULL,NULL,NULL,NULL,NULL,NULL,NULL,5,3,4,6,1,5,6,2,7,3,N,NULL,Y,N,1712,1719,1720,N,NULL,70,,1,N,,N,N,098-US-0023-10,NULL,NULL,2021,O,7.2636E+11,098-US-0023  -010,HIGH,098-US-0023  -000,27.422,0,0,0,0,0,0,0,1,0,0,0,0,0
72647351,KSP0900,21-287306,20210711,830,,,PAW PAW,,CRK,,,,,,N,N,NULL,NULL,NULL,N,NULL,NULL,NULL,NULL,NULL,NULL,0.207,NULL,NULL,NULL,NULL,,NULL,1,0,2,2,N,N,35,NULL,98,9860,NULL,,Y,37.43481,37,26.089,NULL,-82.11442,82,6.865,NULL,N,NULL,NULL,NULL,NULL,NULL,NULL,NULL,NULL,3,3,1,3,1,5,6,3,7,3,Y,NULL,Y,Y,830,925,955,N,NULL,52,,,N,,N,N,,NULL,NULL,2021,C,7.26474E+11,098-CR-1115  -000,MEDIUM,098-CR-1115  -000,0.207,0,0,0,0,0,0,1,0,0,1,0,1,0
72635485,KSP0900,21-238367,20210610,2043,,,FEDSCREEK,,RD,KY0366,KY0366,0,098 KY-366,KY0366,Y,N,NULL,NULL,NULL,N,NULL,NULL,NULL,NULL,NULL,NULL,3.056,NULL,NULL,NULL,NULL,,NULL,0,0,2,2,N,N,NULL,NULL,98,9839,NULL,,Y,37.40013,37,24.008,NULL,-82.20699,82,12.419,NULL,N,NULL,NULL,NULL,NULL,NULL,NULL,NULL,NULL,2,97,1,4,1,1,2,3,5,3,N,NULL,Y,N,2045,2105,,N,NULL,90,9,0,Y,,N,N,098-KY-0366-0,NULL,NULL,2021,O,7.26355E+11,098-KY-0366  -000,HIGH,098-KY-0366  -000,3.056,0,0,0,0,0,0,1,0,0,0,0,0,0
72632425,980100,2.021E+11,20210530,1501,,,HAMBLEY,,BLVD,,,0,098 CS-1222,CS1222,N,N,NULL,NULL,NULL,N,NULL,NULL,NULL,NULL,NULL,NULL,NULL,NULL,NULL,NULL,NULL,,NULL,1,0,2,2,N,N,35,NULL,98,9801,NULL,,Y,37.47402,37,28.441,NULL,-82.5273,82,31.638,NULL,N,NULL,NULL,NULL,NULL,NULL,NULL,NULL,NULL,3,3,4,6,1,1,3,2,7,3,N,NULL,Y,Y,1501,1501,1544,N,NULL,52,,,N,,N,N,098-CS-1222-0,NULL,NULL,2021,B,7.26324E+11,098-CS-1222  -000,HIGH,098-CS-1222  -000,0,0,0,0,0,0,0,0,0,0,0,0,1,0
72554786,KSP0900,20-747547,20201018,2130,,,POPLAR FORK WOODMAN,,RD,KY2059,KY2059,0,098 KY-2059,KY2059,N,N,NULL,NULL,NULL,N,NULL,NULL,NULL,NULL,NULL,NULL,1.69,NULL,NULL,NULL,NULL,,NULL,0,0,1,1,N,N,55,NULL,98,9855,NULL,,Y,37.51772,37,31.063,NULL,-82.05101,82,3.061,NULL,N,NULL,NULL,NULL,NULL,NULL,NULL,NULL,NULL,9,5,2,3,1,1,2,6,7,3,N,NULL,Y,N,2130,2200,2200,N,NULL,51,9,0,N,,N,N,098-KY-2059-0,NULL,NULL,2020,O,7.25548E+11,098-KY-2059  -000,HIGH,098-KY-2059  -000,1.69,0,0,0,0,0,0,0,0,0,0,0,1,0
72570031,980100,2.02E+11,20201130,1220,,,KY3496,,,KY3496,KY3496,0,098 KY-3496,KY3496,Y,N,NULL,NULL,NULL,N,NULL,NULL,NULL,NULL,NULL,NULL,0.573,NULL,NULL,NULL,NULL,,NULL,0,0,2,2,Y,N,15,NULL,98,9801,NULL,,Y,37.47112,37,28.267,NULL,-82.53337,82,32.002,NULL,N,NULL,NULL,NULL,NULL,NULL,NULL,NULL,NULL,1,97,NULL,6,1,5,6,2,1,3,N,NULL,Y,N,1220,1229,,N,NULL,90,16,0,N,,N,N,098-KY-3496-0,NULL,NULL,2020,NULL,7.257E+11,098-KY-3496  -000,HIGH,098-KY-3496  -000,0.573,0,0,0,0,0,0,0,0,0,0,0,0,0
72557131,KSP0900,20-712152,20200924,917,,,KY194,,,KY0194,KY0194,0,098 KY-194,KY0194,N,N,NULL,NULL,NULL,N,NULL,NULL,NULL,NULL,NULL,NULL,61.652,NULL,NULL,NULL,NULL,,NULL,0,0,2,2,N,N,45,NULL,98,9811,NULL,,Y,37.55379,37,33.228,NULL,-82.13554,82,8.132,NULL,N,NULL,NULL,NULL,NULL,NULL,NULL,NULL,NULL,1,3,2,3,1,1,3,2,7,3,N,NULL,Y,N,918,946,946,N,NULL,55,7,0,Y,,N,N,098-KY-0194-0,NULL,NULL,2020,O,7.25571E+11,098-KY-0194  -000,HIGH,098-KY-0194  -000,61.652,0,0,0,0,0,0,1,0,1,0,0,0,0
72616316,980000,21-04-003,20210420,1420,,,KY194,,,KY0194,KY0194,0,098 KY-194,KY0194,N,Y,US119 RAMP TO KY194,,,N,NULL,NULL,NULL,NULL,NULL,NULL,17.938,NULL,NULL,NULL,NULL,,NULL,3,0,2,2,N,N,55,NULL,98,9820,NULL,,Y,37.55797,37,33.478,NULL,-82.43005,82,25.803,NULL,N,NULL,NULL,NULL,NULL,NULL,NULL,NULL,NULL,1,3,2,6,1,1,2,2,7,3,N,NULL,Y,Y,1537,1601,1601,N,NULL,10,6,5,Y,,N,N,098-KY-0194-0,NULL,NULL,2021,B,7.26163E+11,098-KY-0194  -000,HIGH,098-KY-0194  -000,17.938,0,0,0,0,0,0,0,0,1,0,1,0,0
72559051,KSP0900,20-744281,20201016,1619,,,KY1056,,,KY1056,KY1056,0,098 KY-1056,KY1056,N,N,NULL,NULL,NULL,N,NULL,NULL,NULL,NULL,NULL,NULL,10.3,NULL,NULL,NULL,NULL,,NULL,0,0,2,2,Y,N,55,NULL,98,9863,NULL,,Y,37.60678,37,36.407,NULL,-82.164,82,9.84,NULL,N,NULL,NULL,NULL,NULL,NULL,NULL,NULL,NULL,8,3,2,3,1,1,2,2,7,3,N,NULL,Y,Y,1620,1719,1719,N,NULL,53,7,0,N,,N,N,098-KY-1056-0,NULL,NULL,2020,O,7.25591E+11,098-KY-1056  -000,HIGH,098-KY-1056  -000,10.3,0,0,0,0,0,0,0,1,0,0,0,1,0
72555349,980100,2.02E+11,20201016,1257,,,KY3417,,,KY3417,KY3417,,,,N,N,NULL,NULL,NULL,N,NULL,NULL,NULL,NULL,NULL,NULL,0.244,NULL,NULL,NULL,NULL,,NULL,0,0,1,1,N,N,35,NULL,98,9801,NULL,,Y,37.46503,37,27.902,NULL,-82.55932,82,33.559,NULL,N,NULL,NULL,NULL,NULL,NULL,NULL,NULL,NULL,9,5,2,4,1,1,3,2,6,3,N,NULL,Y,N,1257,1257,,N,NULL,51,8,0,N,,N,N,,NULL,NULL,2020,O,7.25553E+11,098-KY-3417  -000,HIGH,098-KY-3417  -000,0.244,0,0,1,0,0,0,0,0,0,0,0,1,0
72569933,980100,2.02E+11,20201121,1627,,,US23,,,US0023,US0023,,,,N,N,NULL,NULL,NULL,N,NULL,NULL,NULL,NULL,NULL,NULL,20.567,NULL,NULL,NULL,NULL,,NULL,2,0,2,2,N,N,55,NULL,98,9801,NULL,,Y,37.44358,37,26.615,NULL,-82.5188,82,31.128,NULL,N,NULL,NULL,NULL,NULL,NULL,NULL,NULL,NULL,1,3,4,3,1,1,2,2,7,3,Y,NULL,Y,Y,1627,1634,1710,N,NULL,55,,1,N,,N,N,,NULL,NULL,2020,C,7.25699E+11,098-US-0023  -000,MEDIUM,098-US-0023  -000,20.567,0,0,0,1,0,0,1,0,0,0,0,0,0
72678355,KSP0900,21-406118,20211001,1516,,,KY194,,,KY0194,KY0194,0,098 KY-194,KY0194,N,N,NULL,NULL,NULL,N,NULL,NULL,NULL,NULL,NULL,NULL,55.222,NULL,NULL,NULL,NULL,,NULL,0,0,2,2,N,N,35,NULL,98,9804,NULL,,Y,37.5143,37,30.858,NULL,-82.15226,82,9.136,NULL,N,NULL,NULL,NULL,NULL,NULL,NULL,NULL,NULL,7,3,2,3,1,1,2,2,7,3,N,NULL,Y,N,1516,1704,1704,N,NULL,47,8,0,N,,N,N,098-KY-0194-0,NULL,NULL,2021,O,7.26784E+11,098-KY-0194  -000,HIGH,098-KY-0194  -000,55.222,0,0,0,0,0,0,0,0,0,0,0,0,0