MasterFile,AgencyORINumber,LocalCode,CollisionDate,CollisionTime,CollisionDayWeekCode,RoadwayName_HouseBusinessNumber_,RoadwayName_RoadwayName_,RoadwayName_Direction_,RoadwayName_RoadwaySuffix_,RoadwayfromReport,CurrentRoadwayNumber,RoadwayNumberCoupletID,RSEUniqueGIS,RoadwayIdentifier,ParkingLotIndicator,IntersectionWith_Indicator_,IntersectionWith_NameRoadway_,IntersectionWith_Direction_,IntersectionWith_RoadwaySuffix_,BetweenStreets_Indicator_,BetweenStreets1_NameRoadway_,BetweenStreet1_Direction_,BetweenStreets1_RoadwaySuffix_,BetweenStreets2_NameRoadway_,BetweenStreets2_Direction_,BetweenStreets2_RoadwaySuffix_,Milepoint,ReportMilepointDeriveNumber,CurrentDerivedMiepointNumber,MilestoMilepoint,FeettoMilepoint,DirectionfromMilepoint_NSEW_,ValidMilepointIndicator,NumberInjured,NumberKilled,ofUnits,ofMotorVehicleUnits,Hit&RunIndicator,OneWayIndicator,SpeedLimitNumber,KilometersIndicator,CountyCode,CityCountyCode,MilesFromCity,DirectionFromCity_NSEW_,InCityLimitsIndicator,Latitude,LatitudeDegrees,LatitudeMinutes,LatitudeSeconds,Longitude,LongitudeDegrees,LongitudeMinutes,LongitudeSeconds,RampIndicator,RampFromIdentifier,RampFromDirCode,RampFromCoupletID,RSEUniqueGISRampFrom,RampToidentifier,RampToDirCode,RampToCoupletID,RSEUniqueGisRampTo,MannerofCollisionCode,LocationFirstEventCode,TotalLanes,RoadwayCharacterCode,RoadwaySurfaceCode,RoadwayConditionCode,WeatherCode,LightConditionCode,LandUseCode,SchoolBusRelatedCode,FirstAidSceneIndicator,CollDescPresentInd,InvestigationCompleteIndicator,PhotosTakenIndicator,TimeNotified,TimeArrived,TimeRoadwayOpened,PropertyDamageIndicator,DiagramPresentIndicator,DirectionalAnalysis,FunctionClassCode,NationalHwySysCode,EnforcementsIndicator,KARSCityCode,SecondaryCollisionIndicator,MedianCrossoverIndicator,RT_UNIQUE,MapIt,TimeLastLeft,YR,KABCO,MFNY,WorkingRID,RT_CONFIDENCE,KTC_RT,KTC_MP,Motorcyclist,CommercialVehicle,YoungDriver,MatureDriver,pedestrian,Bicyclist,Distracted,agressive,Impaired,Unrestrained,Intersection,RoadwayDeparture,MedXover
72606262,KSP0900,21-113260,20210322,745,,,OLD KY 319,,,,,0,098 CR-1883,CR1883,N,N,NULL,NULL,NULL,N,NULL,NULL,NULL,NULL,NULL,NULL,0.137,NULL,NULL,NULL,NULL,,NULL,0,0,2,2,N,N,35,NULL,98,9842,NULL,,Y,37.63776,37,38.265,NULL,-82.25237,82,15.142,NULL,N,NULL,NULL,NULL,NULL,NULL,NULL,NULL,NULL,1,3,2,6,1,1,2,2,7,3,N,NULL,Y,N,750,825,827,N,NULL,55,,,N,,N,N,098-CR-1883-0,NULL,NULL,2021,O,7.26063E+11,098-CR-1883  -000,HIGH,098-CR-1883  -000,0.137,0,0,0,0,0,0,1,0,0,0,0,0,0
72566716,KSP0900,20-789386,20201116,58,,,ROCKHOUSE,,RD,,,0,098 CR-1113,CR1113,N,N,NULL,NULL,NULL,N,NULL,NULL,NULL,NULL,NULL,NULL,0.915,NULL,NULL,NULL,NULL,,NULL,0,0,1,1,N,N,35,NULL,98,9804,NULL,,Y,37.44969,37,26.981,NULL,-82.13237,82,7.942,NULL,N,NULL,NULL,NULL,NULL,NULL,NULL,NULL,NULL,9,3,2,2,1,1,2,6,7,3,N,NULL,Y,N,58,115,115,N,NULL,70,,,N,,N,N,098-CR-1113-0,NULL,NULL,2020,O,7.25667E+11,098-CR-1113  -000,HIGH,098-CR-1113  -000,0.915,0,0,0,0,0,0,0,0,0,0,0,0,0
72571896,KSP0900,20-769736,20201103,821,,,KY195,,,KY0195,KY0195,0,098 KY-195,KY0195,N,N,NULL,NULL,NULL,N,NULL,NULL,NULL,NULL,NULL,NULL,5.015,NULL,NULL,NULL,NULL,,NULL,0,0,1,1,Y,N,45,NULL,98,9830,NULL,,Y,37.31402,37,18.841,NULL,-82.47343,82,28.405,NULL,N,NULL,NULL,NULL,NULL,NULL,NULL,NULL,NULL,9,97,2,3,1,1,2,6,7,3,N,NULL,Y,N,821,904,,Y,NULL,40,8,0,N,,N,N,098-KY-0195-0,NULL,NULL,2020,NULL,7.25719E+11,098-KY-0195  -000,HIGH,098-KY-0195  -000,5.015,0,0,0,0,0,0,0,0,0,0,0,1,0
72595372,980100,2.021E+11,20210217,1108,,533,HAMBLEY,,BLVD,,,0,098 CS-1222,CS1222,Y,N,NULL,NULL,NULL,N,NULL,NULL,NULL,NULL,NULL,NULL,1.16,NULL,NULL,NULL,NULL,,NULL,0,0,2,2,N,N,NULL,NULL,98,9801,NULL,,Y,37.48531,37,29.119,NULL,-82.52448,82,31.469,NULL,N,NULL,NULL,NULL,NULL,NULL,NULL,NULL,NULL,2,97,1,6,1,1,2,2,1,3,N,NULL,Y,N,1108,1112,1113,N,NULL,90,,,N,,N,N,098-CS-1222-0,NULL,NULL,2021,O,7.25954E+11,098-CS-1222  -000,HIGH,098-CS-1222  -000,1.16,0,0,0,0,0,0,1,0,0,0,0,0,0
72648530,KSP0900,21-295691,20210717,1207,,,MALL,,RD,,,0,098 CR-1037,CR1037,Y,N,NULL,NULL,NULL,N,NULL,NULL,NULL,NULL,NULL,NULL,0.402,NULL,NULL,NULL,NULL,,NULL,0,0,2,2,N,N,5,NULL,98,9834,NULL,,Y,37.65628,37,39.377,NULL,-82.27132,82,16.279,NULL,N,NULL,NULL,NULL,NULL,NULL,NULL,NULL,NULL,5,97,1,6,1,1,3,2,7,3,N,NULL,Y,N,1207,1208,1208,N,NULL,90,,,N,,N,N,098-CR-1037-0,NULL,NULL,2021,O,7.26485E+11,098-CR-1037  -000,HIGH,098-CR-1037  -000,0.402,0,0,1,0,0,0,1,0,0,0,0,0,0
72645923,KSP0900,21-285471,20210710,1605,,,SHELBY DRY,,FRK,,,0,098 CR-1257,CR1257,N,N,NULL,NULL,NULL,N,NULL,NULL,NULL,NULL,NULL,NULL,1.464,NULL,NULL,NULL,NULL,,NULL,0,0,2,2,N,N,35,NULL,98,9824,NULL,,Y,37.40451,37,24.271,NULL,-82.49416,82,29.65,NULL,N,NULL,NULL,NULL,NULL,NULL,NULL,NULL,NULL,3,3,1,3,1,5,3,2,7,3,N,NULL,Y,N,1608,1617,1630,N,NULL,52,,,N,,N,N,098-CR-1257-0,NULL,NULL,2021,O,7.26459E+11,098-CR-1257  -000,HIGH,098-CR-1257  -000,1.464,0,0,0,0,0,0,1,0,0,1,0,1,0
72652647,KSP0900,21-302203,20210721,1758,,,KY1499,,,KY1499,KY1499,0,098 KY-1499,KY1499,N,N,NULL,NULL,NULL,N,NULL,NULL,NULL,NULL,NULL,NULL,3.305,NULL,NULL,NULL,NULL,,NULL,0,0,2,2,Y,N,55,NULL,98,9847,NULL,,Y,37.40506,37,24.304,NULL,-82.26501,82,15.9,NULL,N,NULL,NULL,NULL,NULL,NULL,NULL,NULL,NULL,4,3,2,2,1,1,2,2,7,3,N,NULL,Y,N,1758,1837,1837,N,NULL,70,7,0,N,,N,N,098-KY-1499-0,NULL,NULL,2021,O,7.26526E+11,098-KY-1499  -000,HIGH,098-KY-1499  -000,3.305,0,1,0,0,0,0,1,0,0,0,0,0,0
72594242,KSP0900,2152887,20210209,830,,,CEDAR HILLS,,RD,KY1426,KY1426,0,098 KY-1426,KY1426,N,N,NULL,NULL,NULL,N,NULL,NULL,NULL,NULL,NULL,NULL,3.692,NULL,NULL,NULL,NULL,,NULL,0,0,1,1,N,N,55,NULL,98,9801,NULL,,Y,37.45241,37,27.144,NULL,-82.53528,82,32.117,NULL,N,NULL,NULL,NULL,NULL,NULL,NULL,NULL,NULL,9,3,2,1,1,2,2,2,7,3,N,NULL,N,N,830,830,928,N,NULL,70,8,0,N,,N,N,098-KY-1426-0,NULL,NULL,2021,O,7.25942E+11,098-KY-1426  -000,HIGH,098-KY-1426  -000,3.692,0,0,0,0,0,0,0,0,0,0,0,1,0
72610653,980100,2.021E+11,20210406,1037,,115,POPLAR,,ST,,,0,098 CS-1160,CS1160,Y,N,NULL,NULL,NULL,N,NULL,NULL,NULL,NULL,NULL,NULL,0.086,NULL,NULL,NULL,NULL,,NULL,0,0,2,2,Y,N,NULL,NULL,98,9801,NULL,,Y,37.47981,37,28.789,NULL,-82.52205,82,31.323,NULL,N,NULL,NULL,NULL,NULL,NULL,NULL,NULL,NULL,1,97,1,6,1,1,2,2,8,3,N,NULL,Y,N,1046,1050,1050,N,NULL,90,,,N,,N,N,098-CS-1160-0,NULL,NULL,2021,NULL,7.26107E+11,098-CS-1160  -000,HIGH,098-CS-1160  -000,0.086,0,0,0,0,0,0,0,0,0,0,0,0,0
72621408,KSP0900,21-166827,20210426,1649,,,US460,,,US0460,US0460,0,098 US-460,US0460,N,N,NULL,NULL,NULL,N,NULL,NULL,NULL,NULL,NULL,NULL,2.673,NULL,NULL,NULL,NULL,,NULL,0,0,2,2,N,N,55,NULL,98,9801,NULL,,Y,37.43139,37,25.884,NULL,-82.48102,82,28.861,NULL,N,NULL,NULL,NULL,NULL,NULL,NULL,NULL,NULL,5,3,2,6,1,1,2,2,7,3,N,NULL,Y,N,1651,1709,,N,NULL,49,,1,N,,N,N,098-US-0460-0,NULL,NULL,2021,O,7.26214E+11,098-US-0460  -000,HIGH,098-US-0460  -000,2.673,0,0,1,0,0,0,1,0,0,0,0,0,0
72655798,KSP0900,21-00325774,20210806,1038,,,LEGION,,RD,,,0,098 CR-1267H,CR1267H,N,N,NULL,NULL,NULL,N,NULL,NULL,NULL,NULL,NULL,NULL,0.498,NULL,NULL,NULL,NULL,,NULL,0,0,2,2,N,N,15,NULL,98,9824,NULL,,Y,37.41709,37,25.025,NULL,-82.49393,82,29.636,NULL,N,NULL,NULL,NULL,NULL,NULL,NULL,NULL,NULL,2,97,1,2,1,1,2,2,7,3,N,NULL,Y,N,1038,1058,1038,N,NULL,56,,,N,,N,N,098-CR-1267H-0,NULL,NULL,2021,O,7.26558E+11,098-CR-1267H -000,HIGH,098-CR-1267H -000,0.498,0,0,0,0,0,0,1,0,0,0,0,0,0
72680722,KSP0900,21-416055,20211008,2015,,,KELLY MOUNTAIN,,RD,,,0,098 CR-1967,CR1967,N,N,NULL,NULL,NULL,N,NULL,NULL,NULL,NULL,NULL,NULL,1.079,NULL,NULL,NULL,NULL,,NULL,0,0,2,2,N,N,5,NULL,98,9867,NULL,,Y,37.22132,37,13.279,NULL,-82.52896,82,31.738,NULL,N,NULL,NULL,NULL,NULL,NULL,NULL,NULL,NULL,2,97,1,6,1,8,6,7,6,3,N,NULL,Y,N,2012,2045,2012,N,NULL,47,,,N,,N,N,098-CR-1967-0,NULL,NULL,2021,O,7.26807E+11,098-CR-1967  -000,HIGH,098-CR-1967  -000,1.079,0,0,0,0,0,0,1,0,0,0,0,0,0
72610235,980100,2.021E+11,20210401,2009,,186,CASSIDY,,BLVD,,,0,098 CS-1191,CS1191,N,N,NULL,NULL,NULL,N,NULL,NULL,NULL,NULL,NULL,NULL,0.087,NULL,NULL,NULL,NULL,,NULL,0,0,2,2,N,N,5,NULL,98,9801,NULL,,Y,37.50362,37,30.217,NULL,-82.53354,82,32.012,NULL,N,NULL,NULL,NULL,NULL,NULL,NULL,NULL,NULL,5,97,2,6,1,1,3,7,1,3,N,NULL,Y,N,2009,2010,,N,NULL,49,,,Y,,N,N,098-CS-1191-0,NULL,NULL,2021,O,7.26102E+11,098-CS-1191  -000,HIGH,098-CS-1191  -000,0.087,0,0,0,0,0,0,1,0,1,0,0,0,0
72594502,980100,2.021E+11,20210214,1538,,424,MAYO,S,TRL,,,,,,Y,N,NULL,NULL,NULL,N,NULL,NULL,NULL,NULL,NULL,NULL,NULL,NULL,NULL,NULL,NULL,NULL,NULL,0,0,1,1,N,N,NULL,NULL,98,9801,NULL,,Y,37.46626,37,27.975,NULL,-82.53133,82,31.88,NULL,N,NULL,NULL,NULL,NULL,NULL,NULL,NULL,NULL,9,97,2,6,1,5,3,2,1,3,N,NULL,Y,N,1539,1543,1543,N,NULL,90,,,N,,N,N,,NULL,NULL,2021,O,7.25945E+11,098-KY-3496  -000,MEDIUM,098-KY-3496  -000,0.201,0,0,0,0,0,0,1,0,0,0,0,1,0
72555204,KSP0900,20-743933,20201016,1242,,260,HOSPITAL,,DR,,,0,098 CR-1015C,CR1015C,Y,N,NULL,NULL,NULL,N,NULL,NULL,NULL,NULL,NULL,NULL,0.007,NULL,NULL,NULL,NULL,,NULL,0,0,2,2,N,N,NULL,NULL,98,9834,NULL,,Y,37.67519,37,40.512,NULL,-82.29697,82,17.818,NULL,N,NULL,NULL,NULL,NULL,NULL,NULL,NULL,NULL,7,97,NULL,6,1,1,2,2,5,3,N,NULL,Y,N,1242,1313,1313,N,NULL,90,,,N,,N,N,098-CR-1015C-0,NULL,NULL,2020,O,7.25552E+11,098-CR-1015C -000,HIGH,098-CR-1015C -000,0.007,0,0,0,1,0,0,1,0,0,0,0,1,0
72577016,980100,2.02E+11,20201215,1409,,,CASSIDY,,BLVD,,,,,,Y,N,NULL,NULL,NULL,N,NULL,NULL,NULL,NULL,NULL,NULL,0.294,NULL,NULL,NULL,NULL,,NULL,0,0,2,2,N,N,NULL,NULL,98,9801,NULL,,Y,37.50504,37,30.302,NULL,-82.5367,82,32.202,NULL,N,NULL,NULL,NULL,NULL,NULL,NULL,NULL,NULL,2,97,NULL,6,1,1,2,2,1,3,N,NULL,Y,N,1409,1410,1431,N,NULL,90,,,N,,N,N,,NULL,NULL,2020,O,7.2577E+11,098-CS-1191  -000,MEDIUM,098-CS-1191  -000,0.294,0,0,0,1,0,0,1,0,0,0,0,0,0
72557974,980100,2.02E+11,20201028,748,,,US23,,,US0023,US0023,0,098 US-23-10,US0023,N,Y,CASSIDY,,BLVD,N,NULL,NULL,NULL,NULL,NULL,NULL,26.291,NULL,NULL,NULL,NULL,,NULL,0,0,3,3,N,N,55,NULL,98,9801,NULL,,Y,37.50374,37,30.225,NULL,-82.53237,82,31.942,NULL,N,NULL,NULL,NULL,NULL,NULL,NULL,NULL,NULL,5,3,4,6,1,5,3,2,7,3,N,NULL,Y,N,748,754,824,N,NULL,35,,1,N,,N,N,098-US-0023-10,NULL,NULL,2020,O,7.2558E+11,098-US-0023  -010,HIGH,098-US-0023  -000,26.291,0,0,1,0,0,0,1,0,0,0,1,0,0
72632640,KSP0900,21-223183,20210531,2210,,,US119,,,US0119,US0119,0,098 US-119,US0119,N,N,NULL,NULL,NULL,N,NULL,NULL,NULL,NULL,NULL,NULL,24.996,NULL,NULL,NULL,NULL,,NULL,1,0,2,2,N,N,55,NULL,98,9834,NULL,,Y,37.66816,37,40.089,NULL,-82.27721,82,16.633,NULL,N,NULL,NULL,NULL,NULL,NULL,NULL,NULL,NULL,5,3,4,6,1,1,2,6,3,3,Y,NULL,Y,Y,2210,2225,2300,N,NULL,49,2,1,N,,N,N,098-US-0119-0,NULL,NULL,2021,C,7.26326E+11,098-US-0119  -000,HIGH,098-US-0119  -000,24.996,0,0,0,0,0,0,1,1,0,0,0,0,0
72662320,KSP0900,21-325964,20210306,1300,,,MALL,S,RD,,,0,098 PR-1010,PR1010,Y,N,NULL,NULL,NULL,N,NULL,NULL,NULL,NULL,NULL,NULL,0.216,NULL,NULL,NULL,NULL,,NULL,0,0,2,2,N,Y,10,NULL,98,9834,NULL,,Y,37.65376,37,39.226,NULL,-82.27312,82,16.387,NULL,N,NULL,NULL,NULL,NULL,NULL,NULL,NULL,NULL,2,97,NULL,6,1,1,2,2,7,3,N,NULL,N,N,1300,130,1330,N,NULL,90,,,N,,N,N,098-PR-1010-0,NULL,NULL,2021,O,7.26623E+11,098-PR-1010  -000,HIGH,098-PR-1010  -000,0.216,0,0,0,1,0,0,1,0,0,0,0,0,0
72683380,KSP0900,2021-426038,20211015,2031,,,TOLER,,RD,KY0319,KY0319,0,098 KY-319,KY0319,N,N,NULL,NULL,NULL,N,NULL,NULL,NULL,NULL,NULL,NULL,2.237,NULL,NULL,NULL,NULL,,NULL,1,0,1,1,N,N,55,NULL,98,9842,NULL,,Y,37.6001,37,36.006,NULL,-82.20635,82,12.381,NULL,N,NULL,NULL,NULL,NULL,NULL,NULL,NULL,NULL,9,3,2,2,1,1,2,6,7,3,N,NULL,Y,Y,1955,2020,2020,N,NULL,44,7,0,N,,N,N,098-KY-0319-0,NULL,NULL,2021,C,7.26834E+11,098-KY-0319  -000,HIGH,098-KY-0319  -000,2.237,0,0,0,0,0,0,0,0,0,0,0,1,0
72660856,980100,2.021E+11,20210819,1522,,,HAMBLEY,,BLVD,,,0,098 CS-1222,CS1222,N,N,NULL,NULL,NULL,N,NULL,NULL,NULL,NULL,NULL,NULL,0.378,NULL,NULL,NULL,NULL,,NULL,0,0,2,2,N,N,25,NULL,98,9801,NULL,,Y,37.47704,37,28.622,NULL,-82.52175,82,31.305,NULL,N,NULL,NULL,NULL,NULL,NULL,NULL,NULL,NULL,5,3,2,6,1,5,6,2,7,3,N,NULL,Y,N,1523,1523,1542,N,NULL,49,,,N,,N,N,098-CS-1222-0,NULL,NULL,2021,O,7.26609E+11,098-CS-1222  -000,HIGH,098-CS-1222  -000,0.378,0,0,1,0,0,0,0,1,0,0,0,0,0
72676958,KSP0900,21-394736,20210923,1130,,,KY194,,,KY0194,KY0194,0,098 KY-194,KY0194,N,N,NULL,NULL,NULL,N,NULL,NULL,NULL,NULL,NULL,NULL,25.379,NULL,NULL,NULL,NULL,,NULL,1,1,2,2,N,N,55,NULL,98,9817,NULL,,Y,37.51231,37,30.739,NULL,-82.35888,82,21.533,NULL,N,NULL,NULL,NULL,NULL,NULL,NULL,NULL,NULL,3,3,2,6,1,1,2,2,7,3,Y,NULL,Y,Y,1132,1143,1234,N,NULL,52,6,0,N,,N,N,098-KY-0194-0,NULL,NULL,2021,K,7.2677E+11,098-KY-0194  -000,HIGH,098-KY-0194  -000,25.379,0,0,0,1,0,0,0,1,0,0,0,1,0
72640190,KSP0900,21-261227,20210625,930,,,FISHTRAP,,RD,KY1441,KY1441,0,098 KY-1441,KY1441,N,N,NULL,NULL,NULL,N,NULL,NULL,NULL,NULL,NULL,NULL,11.19,NULL,NULL,NULL,NULL,,NULL,1,0,1,1,N,N,45,NULL,98,9850,NULL,,Y,37.53069,37,31.841,NULL,-82.4576,82,27.456,NULL,N,NULL,NULL,NULL,NULL,NULL,NULL,NULL,NULL,9,3,2,3,1,1,2,2,7,3,Y,NULL,Y,Y,930,930,1030,N,NULL,44,8,0,N,,N,N,098-KY-1441-0,NULL,NULL,2021,B,7.26402E+11,098-KY-1441  -000,HIGH,098-KY-1441  -000,11.19,0,0,0,0,0,0,1,0,0,0,0,1,0
72646363,KSP0900,21-283782,20210709,1805,,,US119,,,US0119,US0119,0,098 US-119,US0119,Y,N,NULL,NULL,NULL,N,NULL,NULL,NULL,NULL,NULL,NULL,21.955,NULL,NULL,NULL,NULL,,NULL,0,0,2,2,Y,N,55,NULL,98,9836,NULL,,Y,37.63337,37,38.002,NULL,-82.26228,82,15.737,NULL,N,NULL,NULL,NULL,NULL,NULL,NULL,NULL,NULL,2,7,2,6,1,1,2,2,7,3,N,NULL,N,Y,1805,1835,1845,N,NULL,90,2,1,N,,N,N,098-US-0119-0,NULL,NULL,2021,O,7.26464E+11,098-US-0119  -000,HIGH,098-US-0119  -000,21.955,0,0,0,0,0,0,0,0,0,1,0,0,0
72636922,980100,2.021E+11,20210616,1217,,,BYPASS,S,RD,KY1426,KY1426,,,,Y,N,NULL,NULL,NULL,N,NULL,NULL,NULL,NULL,NULL,NULL,5.695,NULL,NULL,NULL,NULL,,NULL,0,0,2,2,N,N,NULL,NULL,98,9801,NULL,,Y,37.4728,37,28.368,NULL,-82.52277,82,31.366,NULL,N,NULL,NULL,NULL,NULL,NULL,NULL,NULL,NULL,5,97,2,4,2,1,2,2,1,3,N,NULL,Y,N,1217,1225,1225,N,NULL,90,,0,N,,N,N,,NULL,NULL,2021,O,7.26369E+11,098-KY-1426  -000,HIGH,098-KY-1426  -000,5.695,0,0,0,0,0,0,0,0,0,0,0,0,0
72645589,980100,2.021E+11,20210709,2113,,,KY3496,,,KY3496,KY3496,,,,Y,N,NULL,NULL,NULL,N,NULL,NULL,NULL,NULL,NULL,NULL,0.815,NULL,NULL,NULL,NULL,,NULL,0,0,2,2,N,N,NULL,NULL,98,9801,NULL,,Y,37.47205,37,28.323,NULL,-82.52924,82,31.755,NULL,N,NULL,NULL,NULL,NULL,NULL,NULL,NULL,NULL,2,97,0,6,1,1,2,5,1,3,N,NULL,Y,N,2113,2114,,N,NULL,90,16,0,N,,N,N,,NULL,NULL,2021,O,7.26456E+11,098-KY-3496  -000,HIGH,098-KY-3496  -000,0.815,0,0,0,0,0,0,1,0,0,0,0,0,0
72685445,KSP0900,21-432467,20211020,1418,,,US119,,,US0119,US0119,0,098 US-119-10,US0119,N,Y,MALL,,RD,N,NULL,NULL,NULL,NULL,NULL,NULL,24.071,NULL,NULL,NULL,NULL,,NULL,0,0,2,2,N,N,45,NULL,98,9834,NULL,,Y,37.65651,37,39.39,NULL,-82.2707,82,16.242,NULL,N,NULL,NULL,NULL,NULL,NULL,NULL,NULL,NULL,1,3,4,6,1,1,2,2,7,3,N,NULL,Y,N,1420,1445,1450,N,NULL,10,2,1,N,,N,N,098-US-0119-10,NULL,NULL,2021,O,7.26854E+11,098-US-0119  -010,HIGH,098-US-0119  -000,24.071,0,0,1,0,0,0,1,1,0,0,1,0,0
72626643,980000,21-05-006,20210520,1350,,,WALKER MCCOY ROAD,,,,,,,,N,N,NULL,NULL,NULL,N,NULL,NULL,NULL,NULL,NULL,NULL,NULL,NULL,NULL,NULL,NULL,NULL,NULL,0,0,2,2,Y,N,15,NULL,98,9812,4,N,N,37.66163,37,39.698,NULL,-82.2726,82,16.356,NULL,N,NULL,NULL,NULL,NULL,NULL,NULL,NULL,NULL,5,7,2,6,1,1,2,2,1,3,N,NULL,N,Y,1355,1400,1420,N,NULL,47,,,N,,N,N,,NULL,NULL,2021,O,7.26266E+11,098-PR-1055  -000,MEDIUM,098-PR-1055  -000,0.115,0,0,0,0,0,0,0,0,0,0,0,0,0
72634461,KSP0900,21-236516,20210609,1728,,,APPALACHIAN,,PLZ,,,0,098 PR-1008,PR1008,N,N,NULL,NULL,NULL,N,NULL,NULL,NULL,NULL,NULL,NULL,0.114,NULL,NULL,NULL,NULL,,NULL,0,0,2,2,N,N,15,NULL,98,9834,NULL,,Y,37.66684,37,40.01,NULL,-82.27516,82,16.51,NULL,N,NULL,NULL,NULL,NULL,NULL,NULL,NULL,NULL,6,3,1,6,3,5,6,2,7,2,N,NULL,N,N,1730,1810,1810,N,NULL,70,,,N,,N,N,098-PR-1008-0,NULL,NULL,2021,O,7.26345E+11,098-PR-1008  -000,HIGH,098-PR-1008  -000,0.114,0,0,0,0,0,0,0,1,0,0,0,0,0
72693902,980100,2.021E+11,20211105,1714,,,KEYSER HEIGHTS,,DR,,,0,098 CS-1187,CS1187,N,N,NULL,NULL,NULL,N,NULL,NULL,NULL,NULL,NULL,NULL,0.03,NULL,NULL,NULL,NULL,,NULL,0,0,2,2,N,N,55,NULL,98,9801,NULL,,Y,37.49192,37,29.515,NULL,-82.53506,82,32.104,NULL,N,NULL,NULL,NULL,NULL,NULL,NULL,NULL,NULL,5,3,4,6,1,1,2,2,1,3,N,NULL,Y,N,1714,1720,1729,N,NULL,70,,,N,,N,N,098-CS-1187-0,NULL,NULL,2021,O,7.26939E+11,098-CS-1187  -000,HIGH,098-CS-1187  -000,0.03,0,0,1,1,0,0,1,0,0,0,0,0,0
72632525,KSP0900,21-228670,20210604,1820,,,DORTON-JENKINS,,HWY,KY0805,KY0805,0,098 KY-805,KY0805,N,N,NULL,NULL,NULL,N,NULL,NULL,NULL,NULL,NULL,NULL,0.359,NULL,NULL,NULL,NULL,,NULL,0,0,1,1,N,N,55,NULL,98,9867,NULL,,Y,37.20864,37,12.518,NULL,-82.57043,82,34.226,NULL,N,NULL,NULL,NULL,NULL,NULL,NULL,NULL,NULL,9,3,2,3,1,1,2,2,7,3,N,NULL,Y,Y,1820,1830,1844,N,NULL,40,7,0,N,,N,N,098-KY-0805-0,NULL,NULL,2021,O,7.26325E+11,098-KY-0805  -000,HIGH,098-KY-0805  -000,0.359,0,0,0,0,0,0,0,0,0,0,0,1,0
72584995,KSP0900,21-15687,20210112,1650,,,LEFT FORK BLACKBERRY,,RD,,,,,,N,N,NULL,NULL,NULL,N,NULL,NULL,NULL,NULL,NULL,NULL,0.954,NULL,NULL,NULL,NULL,,NULL,0,0,2,2,N,N,35,NULL,98,9879,NULL,,Y,37.52253,37,31.352,NULL,-82.22501,82,13.501,NULL,N,NULL,NULL,NULL,NULL,NULL,NULL,NULL,NULL,2,3,1,6,1,1,2,2,7,3,N,NULL,Y,N,1654,1740,,N,NULL,56,,,N,,N,N,,NULL,NULL,2021,O,7.2585E+11,098-CR-1809  -000,MEDIUM,098-CR-1809  -000,0.954,0,0,0,0,0,0,1,1,0,0,0,0,0
72627583,KSP0900,21-207012,20210521,2146,,,FERRELLS CREEK,,RD,US0460,US0460,0,098 US-460,US0460,N,N,NULL,NULL,NULL,N,NULL,NULL,NULL,NULL,NULL,NULL,22.54,NULL,NULL,NULL,NULL,,NULL,0,0,1,1,N,N,55,NULL,98,9847,NULL,,Y,37.38156,37,22.893,NULL,-82.25493,82,15.296,NULL,N,NULL,NULL,NULL,NULL,NULL,NULL,NULL,NULL,9,3,2,6,1,1,2,6,7,3,N,NULL,Y,N,2215,2250,,N,NULL,38,,1,N,,N,N,098-US-0460-0,NULL,NULL,2021,O,7.26276E+11,098-US-0460  -000,HIGH,098-US-0460  -000,22.54,0,0,0,1,0,0,0,0,0,0,0,0,0
72715853,980100,2.021E+11,20211226,1838,,,BAIRD,,AVE,KY1426,KY1426,0,098 KY-1426,KY1426,N,N,NULL,NULL,NULL,N,NULL,NULL,NULL,NULL,NULL,NULL,5.388,NULL,NULL,NULL,NULL,,NULL,0,0,2,2,N,N,25,NULL,98,9801,NULL,,Y,37.47305,37,28.383,NULL,-82.52707,82,31.624,NULL,N,NULL,NULL,NULL,NULL,NULL,NULL,NULL,NULL,1,3,2,6,1,1,3,7,1,3,N,NULL,Y,N,1838,1838,,N,NULL,55,,0,N,,N,N,098-KY-1426-0,NULL,NULL,2021,O,7.27159E+11,098-KY-1426  -000,HIGH,098-KY-1426  -000,5.388,0,0,0,0,0,0,1,0,0,0,0,0,0
72642636,KSP0900,21-256762,20210622,900,,,DIX,,FRK,,,0,098 CR-1538,CR1538,N,N,NULL,NULL,NULL,N,NULL,NULL,NULL,NULL,NULL,NULL,0.26,NULL,NULL,NULL,NULL,,NULL,0,0,1,1,N,N,35,NULL,98,9833,NULL,,Y,37.61041,37,36.625,NULL,-82.34423,82,20.654,NULL,N,NULL,NULL,NULL,NULL,NULL,NULL,NULL,NULL,9,3,2,6,1,5,6,2,7,3,N,NULL,N,N,900,920,1200,N,NULL,40,,,N,,N,N,098-CR-1538-0,NULL,NULL,2021,O,7.26426E+11,098-CR-1538  -000,HIGH,098-CR-1538  -000,0.26,0,0,0,0,0,0,0,0,0,0,0,1,0
72676029,980100,2.021E+11,20210921,526,,,BOB AMOS,,DR,,,,,,N,N,NULL,NULL,NULL,N,NULL,NULL,NULL,NULL,NULL,NULL,0.832,NULL,NULL,NULL,NULL,,NULL,0,0,1,1,N,N,35,NULL,98,9801,NULL,,Y,37.46833,37,28.1,NULL,-82.54298,82,32.579,NULL,N,NULL,NULL,NULL,NULL,NULL,NULL,NULL,NULL,9,97,2,4,1,1,2,5,7,3,N,NULL,Y,N,526,532,637,Y,NULL,40,,,Y,,N,N,,NULL,NULL,2021,O,7.2676E+11,098-CS-1025  -000,MEDIUM,098-CS-1025  -000,0.832,0,0,0,0,0,0,0,0,1,1,0,1,0