MasterFile,AgencyORINumber,LocalCode,CollisionDate,CollisionTime,CollisionDayWeekCode,RoadwayName_HouseBusinessNumber_,RoadwayName_RoadwayName_,RoadwayName_Direction_,RoadwayName_RoadwaySuffix_,RoadwayfromReport,CurrentRoadwayNumber,RoadwayNumberCoupletID,RSEUniqueGIS,RoadwayIdentifier,ParkingLotIndicator,IntersectionWith_Indicator_,IntersectionWith_NameRoadway_,IntersectionWith_Direction_,IntersectionWith_RoadwaySuffix_,BetweenStreets_Indicator_,BetweenStreets1_NameRoadway_,BetweenStreet1_Direction_,BetweenStreets1_RoadwaySuffix_,BetweenStreets2_NameRoadway_,BetweenStreets2_Direction_,BetweenStreets2_RoadwaySuffix_,Milepoint,ReportMilepointDeriveNumber,CurrentDerivedMiepointNumber,MilestoMilepoint,FeettoMilepoint,DirectionfromMilepoint_NSEW_,ValidMilepointIndicator,NumberInjured,NumberKilled,ofUnits,ofMotorVehicleUnits,Hit&RunIndicator,OneWayIndicator,SpeedLimitNumber,KilometersIndicator,CountyCode,CityCountyCode,MilesFromCity,DirectionFromCity_NSEW_,InCityLimitsIndicator,Latitude,LatitudeDegrees,LatitudeMinutes,LatitudeSeconds,Longitude,LongitudeDegrees,LongitudeMinutes,LongitudeSeconds,RampIndicator,RampFromIdentifier,RampFromDirCode,RampFromCoupletID,RSEUniqueGISRampFrom,RampToidentifier,RampToDirCode,RampToCoupletID,RSEUniqueGisRampTo,MannerofCollisionCode,LocationFirstEventCode,TotalLanes,RoadwayCharacterCode,RoadwaySurfaceCode,RoadwayConditionCode,WeatherCode,LightConditionCode,LandUseCode,SchoolBusRelatedCode,FirstAidSceneIndicator,CollDescPresentInd,InvestigationCompleteIndicator,PhotosTakenIndicator,TimeNotified,TimeArrived,TimeRoadwayOpened,PropertyDamageIndicator,DiagramPresentIndicator,DirectionalAnalysis,FunctionClassCode,NationalHwySysCode,EnforcementsIndicator,KARSCityCode,SecondaryCollisionIndicator,MedianCrossoverIndicator,RT_UNIQUE,MapIt,TimeLastLeft,YR,KABCO,MFNY,WorkingRID,RT_CONFIDENCE,KTC_RT,KTC_MP,Motorcyclist,CommercialVehicle,YoungDriver,MatureDriver,pedestrian,Bicyclist,Distracted,agressive,Impaired,Unrestrained,Intersection,RoadwayDeparture,MedXover
72644010,980100,2.021E+11,20210705,1438,,,HAROLDS BRANCH,,RD,,,,,,Y,N,NULL,NULL,NULL,N,NULL,NULL,NULL,NULL,NULL,NULL,0.158,NULL,NULL,NULL,NULL,,NULL,0,0,1,1,N,N,NULL,NULL,98,9801,NULL,,Y,37.47084,37,28.25,NULL,-82.52132,82,31.28,NULL,N,NULL,NULL,NULL,NULL,NULL,NULL,NULL,NULL,9,97,NULL,6,2,1,2,2,5,3,N,NULL,Y,N,1438,1441,1450,N,NULL,90,,,N,,N,N,,NULL,NULL,2021,O,7.2644E+11,098-CS-1223  -000,MEDIUM,098-CS-1223  -000,0.158,0,0,0,1,0,0,0,0,0,0,0,1,0
72661882,980000,21-08-005,20210816,1430,,,US460,,,US0460,US0460,0,098 US-460,US0460,N,N,NULL,NULL,NULL,N,NULL,NULL,NULL,NULL,NULL,NULL,4.884,NULL,NULL,NULL,NULL,,NULL,0,0,2,2,N,N,45,NULL,98,9832,5.4,E,N,37.41236,37,24.741,NULL,-82.4503,82,27.018,NULL,N,NULL,NULL,NULL,NULL,NULL,NULL,NULL,NULL,5,3,2,6,1,5,3,2,1,3,N,NULL,Y,Y,1600,1630,1640,N,NULL,70,,1,N,,N,N,098-US-0460-0,NULL,NULL,2021,O,7.26619E+11,098-US-0460  -000,HIGH,098-US-0460  -000,4.884,0,0,0,0,0,0,0,1,0,0,0,0,0
72667365,KSP0900,21-349520,20210821,2148,,2747,POWELLS,,CRK,,,0,098 CR-1208,CR1208,N,N,NULL,NULL,NULL,N,NULL,NULL,NULL,NULL,NULL,NULL,2.239,NULL,NULL,NULL,NULL,,NULL,0,0,1,1,N,N,35,NULL,98,9801,NULL,,Y,37.40596,37,24.357,NULL,-82.39559,82,23.735,NULL,N,NULL,NULL,NULL,NULL,NULL,NULL,NULL,NULL,9,97,1,6,3,1,2,6,7,3,N,NULL,Y,N,2150,2159,,N,NULL,40,,,Y,,N,N,098-CR-1208-0,NULL,NULL,2021,O,7.26674E+11,098-CR-1208  -000,HIGH,098-CR-1208  -000,2.239,0,0,0,0,0,0,0,0,1,0,0,1,0
72617780,980100,2.021E+11,20210426,1620,,,US23,,,US0023,US0023,,,,N,N,NULL,NULL,NULL,N,NULL,NULL,NULL,NULL,NULL,NULL,19.509,NULL,NULL,NULL,NULL,,NULL,0,0,2,2,N,N,55,NULL,98,9801,NULL,,Y,37.44759,37,26.856,NULL,-82.50498,82,30.299,NULL,N,NULL,NULL,NULL,NULL,NULL,NULL,NULL,NULL,1,3,4,3,1,1,2,2,7,3,N,NULL,Y,N,1620,1631,1631,N,NULL,55,,1,N,,N,N,,NULL,NULL,2021,O,7.26178E+11,098-US-0023  -010,MEDIUM,098-US-0023  -000,19.509,0,0,0,1,0,0,0,0,0,0,0,0,0
72652247,980100,2.021E+11,20210727,1353,,667,BYPASS,,RD,,,0,098 CS-1116,CS1116,Y,N,NULL,NULL,NULL,N,NULL,NULL,NULL,NULL,NULL,NULL,NULL,NULL,NULL,NULL,NULL,NULL,NULL,0,0,2,2,N,N,NULL,NULL,98,9801,NULL,,Y,37.4823,37,28.938,NULL,-82.51588,82,30.953,NULL,N,NULL,NULL,NULL,NULL,NULL,NULL,NULL,NULL,2,97,1,6,1,1,2,2,1,3,N,NULL,Y,N,1354,1358,1358,N,NULL,90,,,N,,N,N,098-CS-1116-0,NULL,NULL,2021,O,7.26522E+11,098-CS-1116  -000,HIGH,098-CS-1116  -000,0.03,0,0,0,0,0,0,1,0,0,0,0,0,0
72635456,980000,21-05-005,20210519,936,,,COLLINS,,HWY,KY0122,KY0122,0,098 KY-122,KY0122,N,N,NULL,NULL,NULL,N,NULL,NULL,NULL,NULL,NULL,NULL,13.732,NULL,NULL,NULL,NULL,,NULL,1,0,2,2,N,N,55,NULL,98,9801,13,SE,N,37.40648,37,24.389,NULL,-82.50723,82,30.434,NULL,N,NULL,NULL,NULL,NULL,NULL,NULL,NULL,NULL,7,3,2,1,1,1,2,2,7,3,Y,NULL,Y,Y,936,947,1056,N,NULL,40,,0,N,,N,N,098-KY-0122-0,NULL,NULL,2021,C,7.26355E+11,098-KY-0122  -000,HIGH,098-KY-0122  -000,13.732,0,0,1,0,0,0,0,0,0,0,0,1,0
72627776,980100,2.021E+11,20210523,1748,,,KY3496,,,KY3496,KY3496,0,098 KY-3496,KY3496,Y,N,NULL,NULL,NULL,N,NULL,NULL,NULL,NULL,NULL,NULL,0.049,NULL,NULL,NULL,NULL,,NULL,0,0,1,1,N,N,15,NULL,98,9801,NULL,,Y,37.46546,37,27.928,NULL,-82.52868,82,31.721,NULL,N,NULL,NULL,NULL,NULL,NULL,NULL,NULL,NULL,9,97,2,6,1,1,2,2,1,3,N,NULL,Y,N,1748,1757,,N,NULL,90,16,0,N,,N,N,098-KY-3496-0,NULL,NULL,2021,O,7.26278E+11,098-KY-3496  -000,HIGH,098-KY-3496  -000,0.049,0,0,0,0,0,0,0,0,0,0,0,1,0
72628665,980100,2.021E+11,20210523,2005,,,BYPASS,S,RD,KY1426,KY1426,0,098 KY-1426,KY1426,N,N,NULL,NULL,NULL,N,NULL,NULL,NULL,NULL,NULL,NULL,6.547,NULL,NULL,NULL,NULL,,NULL,1,0,2,1,N,N,45,NULL,98,9801,NULL,,Y,37.4823,37,28.938,NULL,-82.51377,82,30.826,NULL,N,NULL,NULL,NULL,NULL,NULL,NULL,NULL,NULL,9,3,2,6,1,1,2,2,1,3,Y,NULL,Y,Y,2005,2007,2021,N,NULL,37,,0,N,,N,N,098-KY-1426-0,NULL,NULL,2021,B,7.26287E+11,098-KY-1426  -000,HIGH,098-KY-1426  -000,6.547,0,0,0,0,0,1,0,1,0,0,0,0,0
72657144,980000,9821-08-001,20210806,645,,,US23,,,US0023,US0023,0,098 US-23-10,US0023,N,N,NULL,NULL,NULL,N,NULL,NULL,NULL,NULL,NULL,NULL,32.333,NULL,NULL,NULL,NULL,,NULL,1,0,1,1,N,N,55,NULL,98,9801,NULL,,Y,37.53732,37,32.239,NULL,-82.6148,82,36.888,NULL,N,NULL,NULL,NULL,NULL,NULL,NULL,NULL,NULL,9,2,4,3,1,1,2,1,1,3,Y,NULL,Y,Y,640,640,,N,NULL,70,,1,Y,,N,N,098-US-0023-10,NULL,NULL,2021,C,7.26571E+11,098-US-0023  -010,HIGH,098-US-0023  -000,32.333,0,0,0,0,0,0,0,0,1,1,0,1,0
72644170,KSP0900,21-265909,20210628,830,,,KY3418,,,KY3418,KY3418,0,098 KY-3418,KY3418,N,N,NULL,NULL,NULL,N,NULL,NULL,NULL,NULL,NULL,NULL,5.821,NULL,NULL,NULL,NULL,,NULL,0,0,2,2,N,N,55,NULL,98,9850,NULL,,Y,37.45706,37,27.424,NULL,-82.39816,82,23.889,NULL,N,NULL,NULL,NULL,NULL,NULL,NULL,NULL,NULL,7,3,2,3,1,1,2,2,7,3,N,NULL,Y,N,835,915,1000,N,NULL,54,9,0,N,,N,N,098-KY-3418-0,NULL,NULL,2021,O,7.26442E+11,098-KY-3418  -000,HIGH,098-KY-3418  -000,5.821,0,0,0,0,0,0,1,0,0,0,0,1,0
72655553,KSP0900,21-317164,20210731,1309,,,US23,,,US0023,US0023,0,098 US-23-10,US0023,Y,N,NULL,NULL,NULL,N,NULL,NULL,NULL,NULL,NULL,NULL,12.864,NULL,NULL,NULL,NULL,,NULL,0,0,2,2,N,N,15,NULL,98,9801,5,N,N,37.37233,37,22.34,NULL,-82.54394,82,32.636,NULL,N,NULL,NULL,NULL,NULL,NULL,NULL,NULL,NULL,2,97,1,6,1,1,2,2,1,3,N,NULL,N,N,1309,1311,1309,N,NULL,90,,1,N,,N,N,098-US-0023-10,NULL,NULL,2021,O,7.26556E+11,098-US-0023  -010,HIGH,098-US-0023  -000,12.864,0,0,0,0,0,0,0,0,0,0,0,0,0
72606932,980100,2.021E+11,20210323,1237,,,BYPASS,S,RD,KY1426,KY1426,,,,Y,N,NULL,NULL,NULL,N,NULL,NULL,NULL,NULL,NULL,NULL,5.711,NULL,NULL,NULL,NULL,,NULL,0,0,2,2,N,N,NULL,NULL,98,9801,NULL,,Y,37.47288,37,28.373,NULL,-82.5225,82,31.35,NULL,N,NULL,NULL,NULL,NULL,NULL,NULL,NULL,NULL,7,97,2,4,2,1,2,2,1,3,N,NULL,Y,N,1237,1246,,N,NULL,90,,0,N,,N,N,,NULL,NULL,2021,O,7.26069E+11,098-KY-1426  -000,HIGH,098-KY-1426  -000,5.711,0,0,0,1,0,0,1,0,0,0,0,0,0
72586867,KSP0900,21-28450,20210122,838,,,FERRELLS CREEK,,RD,US0460,US0460,0,098 US-460,US0460,N,N,NULL,NULL,NULL,N,NULL,NULL,NULL,NULL,NULL,NULL,21.026,NULL,NULL,NULL,NULL,,NULL,0,0,1,1,N,N,55,NULL,98,9847,2,W,N,37.37373,37,22.424,NULL,-82.27683,82,16.61,NULL,N,NULL,NULL,NULL,NULL,NULL,NULL,NULL,NULL,9,5,2,1,1,2,3,2,7,3,N,NULL,Y,N,838,913,913,N,NULL,40,,1,N,,N,N,098-US-0460-0,NULL,NULL,2021,O,7.25869E+11,098-US-0460  -000,HIGH,098-US-0460  -000,21.026,0,0,0,0,0,0,0,0,0,0,0,1,0
72704390,KSP0900,21-491347,20211202,1946,,,KY194,,,KY0194,KY0194,0,098 KY-194,KY0194,N,N,NULL,NULL,NULL,N,NULL,NULL,NULL,NULL,NULL,NULL,54.258,NULL,NULL,NULL,NULL,,NULL,1,0,1,1,N,N,35,NULL,98,9804,NULL,,Y,37.50928,37,30.557,NULL,-82.13853,82,8.312,NULL,N,NULL,NULL,NULL,NULL,NULL,NULL,NULL,NULL,9,5,2,3,1,1,2,5,7,3,Y,NULL,Y,Y,1942,2000,2100,N,NULL,40,8,0,N,,N,N,098-KY-0194-0,NULL,NULL,2021,A,7.27044E+11,098-KY-0194  -000,HIGH,098-KY-0194  -000,54.258,0,0,0,0,0,0,0,0,1,0,0,1,0
72710697,KSP0900,21-513015,20211217,1800,,,WEDDINGTON BRANCH,,RD,,,0,098 CS-3026-30,CS3026,N,N,NULL,NULL,NULL,N,NULL,NULL,NULL,NULL,NULL,NULL,0.018,NULL,NULL,NULL,NULL,,NULL,0,0,2,2,N,N,5,NULL,98,9807,NULL,,Y,37.52226,37,31.335,NULL,-82.57144,82,34.286,NULL,N,NULL,NULL,NULL,NULL,NULL,NULL,NULL,NULL,2,7,1,6,1,5,6,6,6,3,N,NULL,Y,N,1800,1840,1840,N,NULL,47,,,N,,N,N,098-CS-3026-30,NULL,NULL,2021,O,7.27107E+11,098-CS-3026  -030,HIGH,098-CS-3026  -030,0.018,0,0,0,0,0,0,1,0,0,0,0,0,0
72689744,KSP0900,21-445634,20211029,2338,,,US119,,,US0119,US0119,0,098 US-119-10,US0119,N,N,NULL,NULL,NULL,N,NULL,NULL,NULL,NULL,NULL,NULL,0.151,NULL,NULL,NULL,NULL,,NULL,0,0,1,1,N,N,55,NULL,98,9801,NULL,,Y,37.50437,37,30.262,NULL,-82.52943,82,31.766,NULL,N,NULL,NULL,NULL,NULL,NULL,NULL,NULL,NULL,9,3,2,6,1,1,2,6,7,3,N,NULL,Y,N,2330,2340,2340,N,NULL,38,2,1,N,,N,N,098-US-0119-10,NULL,NULL,2021,O,7.26897E+11,098-US-0119  -010,HIGH,098-US-0119  -000,0.151,0,0,0,0,0,0,0,0,0,0,0,0,0
72615915,980100,2.021E+11,20210420,1729,,254,CASSIDY,,BLVD,,,0,098 CS-1191,CS1191,Y,N,NULL,NULL,NULL,N,NULL,NULL,NULL,NULL,NULL,NULL,0.049,NULL,NULL,NULL,NULL,,NULL,0,0,2,2,N,N,NULL,NULL,98,9801,NULL,,Y,37.50368,37,30.221,NULL,-82.53295,82,31.977,NULL,N,NULL,NULL,NULL,NULL,NULL,NULL,NULL,NULL,2,97,1,6,1,1,2,2,1,3,N,NULL,Y,N,1729,1738,1738,N,NULL,90,,,N,,N,N,098-CS-1191-0,NULL,NULL,2021,O,7.26159E+11,098-CS-1191  -000,HIGH,098-CS-1191  -000,0.049,0,0,0,0,0,0,1,0,0,0,0,0,0
72671264,980100,2.021E+11,20210915,1348,,748,HAMBLEY,,BLVD,,,0,098 CS-1222,CS1222,Y,N,NULL,NULL,NULL,N,NULL,NULL,NULL,NULL,NULL,NULL,0.656,NULL,NULL,NULL,NULL,,NULL,0,0,2,2,Y,N,NULL,NULL,98,9801,NULL,,Y,37.48042,37,28.825,NULL,-82.51908,82,31.145,NULL,N,NULL,NULL,NULL,NULL,NULL,NULL,NULL,NULL,1,97,1,6,1,1,2,2,6,3,N,NULL,Y,N,1348,1348,1348,N,NULL,90,,,N,,N,N,098-CS-1222-0,NULL,NULL,2021,NULL,7.26713E+11,098-CS-1222  -000,HIGH,098-CS-1222  -000,0.656,0,0,0,0,0,0,0,0,0,0,0,0,0
72649146,980100,2.021E+11,20210719,919,,745,HAMBLEY,,BLVD,,,0,098 CS-1222,CS1222,Y,N,NULL,NULL,NULL,N,NULL,NULL,NULL,NULL,NULL,NULL,0.603,NULL,NULL,NULL,NULL,,NULL,0,0,1,1,N,N,NULL,NULL,98,9801,NULL,,Y,37.4797,37,28.782,NULL,-82.51945,82,31.167,NULL,N,NULL,NULL,NULL,NULL,NULL,NULL,NULL,NULL,9,97,NULL,6,1,1,2,2,5,3,N,NULL,Y,N,919,919,919,N,NULL,90,,,N,,N,N,098-CS-1222-0,NULL,NULL,2021,O,7.26491E+11,098-CS-1222  -000,HIGH,098-CS-1222  -000,0.603,0,1,0,0,0,0,0,0,0,0,0,1,0
72653416,980100,2.021E+11,20210723,1739,,,KY3496,,,KY3496,KY3496,0,098 KY-3496,KY3496,N,N,NULL,NULL,NULL,N,NULL,NULL,NULL,NULL,NULL,NULL,0.241,NULL,NULL,NULL,NULL,,NULL,1,0,2,2,N,N,35,NULL,98,9801,NULL,,Y,37.46688,37,28.013,NULL,-82.53181,82,31.908,NULL,N,NULL,NULL,NULL,NULL,NULL,NULL,NULL,NULL,5,3,2,6,1,1,2,2,1,3,Y,NULL,Y,Y,1739,1745,1844,N,NULL,49,16,0,N,,N,N,098-KY-3496-0,NULL,NULL,2021,B,7.26534E+11,098-KY-3496  -000,HIGH,098-KY-3496  -000,0.241,0,0,0,1,0,0,1,0,0,0,0,0,0
72677918,980100,2.021E+11,20211001,719,,,BYPASS,S,RD,KY1426,KY1426,0,098 KY-1426,KY1426,N,N,NULL,NULL,NULL,N,NULL,NULL,NULL,NULL,NULL,NULL,6.122,NULL,NULL,NULL,NULL,,NULL,0,0,2,2,N,N,45,NULL,98,9801,NULL,,Y,37.47696,37,28.617,NULL,-82.51702,82,31.021,NULL,N,NULL,NULL,NULL,NULL,NULL,NULL,NULL,NULL,8,3,2,6,1,1,2,2,7,3,N,NULL,Y,N,719,722,730,N,NULL,53,,0,N,,N,N,098-KY-1426-0,NULL,NULL,2021,O,7.26779E+11,098-KY-1426  -000,HIGH,098-KY-1426  -000,6.122,0,0,0,0,0,0,1,0,0,0,0,1,0
72629653,KSP0900,21-176536,20210502,1859,,,US23,,,US0023,US0023,0,098 US-23,US0023,N,N,NULL,NULL,NULL,N,NULL,NULL,NULL,NULL,NULL,NULL,28.587,NULL,NULL,NULL,NULL,,NULL,0,0,2,2,N,N,55,NULL,98,9807,NULL,,Y,37.51965,37,31.179,NULL,-82.56688,82,34.013,NULL,N,NULL,NULL,NULL,NULL,NULL,NULL,NULL,NULL,1,3,4,6,1,1,2,2,7,3,N,NULL,N,N,1859,1914,1914,N,NULL,55,,1,N,,N,N,098-US-0023-0,NULL,NULL,2021,O,7.26297E+11,098-US-0023  -000,HIGH,098-US-0023  -000,28.587,0,0,0,0,0,0,0,1,0,1,0,0,0
72703616,980100,2.021E+11,20211201,2013,,,US460,,,US0460,US0460,0,098 US-460,US0460,N,N,NULL,NULL,NULL,N,NULL,NULL,NULL,NULL,NULL,NULL,0.151,NULL,NULL,NULL,NULL,,NULL,0,0,2,2,N,N,55,NULL,98,9801,NULL,,Y,37.4402,37,26.412,NULL,-82.50854,82,30.512,NULL,N,NULL,NULL,NULL,NULL,NULL,NULL,NULL,NULL,5,3,2,6,1,1,2,7,7,3,N,NULL,Y,N,2014,2023,2023,N,NULL,49,,1,N,,N,N,098-US-0460-0,NULL,NULL,2021,O,7.27036E+11,098-US-0460  -000,HIGH,098-US-0460  -000,0.151,0,0,1,0,0,0,1,0,0,0,0,0,0
72708662,980000,21-120001,20211213,1445,,,LEFT FORK ISLAND,,CRK,,,0,098 CR-1233Q3,CR1233Q3,N,N,NULL,NULL,NULL,N,NULL,NULL,NULL,NULL,NULL,NULL,0.761,NULL,NULL,NULL,NULL,,NULL,0,0,2,2,N,N,35,NULL,98,9801,NULL,,Y,37.43359,37,26.015,NULL,-82.56738,82,34.043,NULL,N,NULL,NULL,NULL,NULL,NULL,NULL,NULL,NULL,8,3,1,4,1,1,2,2,7,3,N,NULL,Y,Y,1423,1446,1423,N,NULL,53,,,N,,N,N,098-CR-1233Q3-0,NULL,NULL,2021,O,7.27087E+11,098-CR-1233Q3-000,HIGH,098-CR-1233Q3-000,0.761,0,0,0,1,0,0,1,1,0,0,0,1,0
72629092,KSP0900,21-200033,20210517,1721,,,VIRGIE,,RD,KY0610,KY0610,0,098 KY-610,KY0610,N,N,NULL,NULL,NULL,N,NULL,NULL,NULL,NULL,NULL,NULL,2.354,NULL,NULL,NULL,NULL,,NULL,0,0,2,2,N,N,55,NULL,98,9809,NULL,,Y,37.29583,37,17.75,NULL,-82.60466,82,36.28,NULL,N,NULL,NULL,NULL,NULL,NULL,NULL,NULL,NULL,7,2,2,3,1,1,2,2,7,3,N,NULL,Y,N,1721,1749,1749,N,NULL,54,7,0,N,,N,N,098-KY-0610-0,NULL,NULL,2021,O,7.26291E+11,098-KY-0610  -000,HIGH,098-KY-0610  -000,2.354,0,0,0,0,0,0,0,0,0,0,0,1,0
72676359,980100,2.021E+11,20210928,1630,,254,CASSIDY,,BLVD,,,0,098 CS-1191,CS1191,Y,N,NULL,NULL,NULL,N,NULL,NULL,NULL,NULL,NULL,NULL,0.357,NULL,NULL,NULL,NULL,,NULL,0,0,2,2,N,N,NULL,NULL,98,9801,NULL,,Y,37.50512,37,30.307,NULL,-82.53797,82,32.279,NULL,N,NULL,NULL,NULL,NULL,NULL,NULL,NULL,NULL,2,97,NULL,6,1,1,3,2,1,3,N,NULL,N,N,1630,1636,,N,NULL,90,,,N,,N,N,098-CS-1191-0,NULL,NULL,2021,O,7.26764E+11,098-CS-1191  -000,HIGH,098-CS-1191  -000,0.357,0,0,0,0,0,0,1,0,0,0,0,0,0
72673968,980100,2.021E+11,20210922,1614,,,BAIRD,,AVE,KY1426,KY1426,0,098 KY-1426,KY1426,N,N,NULL,NULL,NULL,N,NULL,NULL,NULL,NULL,NULL,NULL,5.393,NULL,NULL,NULL,NULL,,NULL,0,0,2,2,N,N,35,NULL,98,9801,NULL,,Y,37.4733,37,28.398,NULL,-82.52711,82,31.627,NULL,N,NULL,NULL,NULL,NULL,NULL,NULL,NULL,NULL,4,3,2,6,1,1,3,2,7,3,N,NULL,Y,N,1614,1614,1615,N,NULL,70,,0,N,,N,N,098-KY-1426-0,NULL,NULL,2021,O,7.2674E+11,098-KY-1426  -000,HIGH,098-KY-1426  -000,5.393,0,0,0,0,0,0,0,1,0,0,0,0,0
72646365,KSP0900,21-285513,20210710,1646,,,KY195,,,KY0195,KY0195,0,098 KY-195,KY0195,N,N,NULL,NULL,NULL,N,NULL,NULL,NULL,NULL,NULL,NULL,11.556,NULL,NULL,NULL,NULL,,NULL,0,0,2,2,N,N,55,NULL,98,9830,NULL,,Y,37.36805,37,22.083,NULL,-82.41274,82,24.764,NULL,N,NULL,NULL,NULL,NULL,NULL,NULL,NULL,NULL,7,3,2,6,1,5,6,2,7,3,N,NULL,N,N,1646,1646,1520,N,NULL,54,7,0,N,,N,N,098-KY-0195-0,NULL,NULL,2021,O,7.26464E+11,098-KY-0195  -000,HIGH,098-KY-0195  -000,11.556,0,0,0,0,0,0,0,0,0,0,0,1,0
72667967,KSP0900,21-372897,20210907,1711,,,KY1426,,,KY1426,KY1426,0,098 KY-1426,KY1426,N,N,NULL,NULL,NULL,N,NULL,NULL,NULL,NULL,NULL,NULL,12.387,NULL,NULL,NULL,NULL,,NULL,1,0,2,2,N,N,55,NULL,98,9801,NULL,,Y,37.54126,37,32.475,NULL,-82.46839,82,28.103,NULL,N,NULL,NULL,NULL,NULL,NULL,NULL,NULL,NULL,1,3,2,6,1,1,2,2,7,3,N,NULL,Y,N,1741,1815,1815,N,NULL,55,7,0,N,,N,N,098-KY-1426-0,NULL,NULL,2021,C,7.2668E+11,098-KY-1426  -000,HIGH,098-KY-1426  -000,12.387,0,0,0,1,0,0,1,0,0,0,0,0,0
72656549,370200,2021-312771,20210728,1301,,,US119,,,US0119,US0119,0,098 US-119,US0119,N,N,NULL,NULL,NULL,N,NULL,NULL,NULL,NULL,NULL,NULL,18.541,NULL,NULL,NULL,NULL,,NULL,1,0,2,2,N,N,55,NULL,98,9836,NULL,,Y,37.59587,37,35.752,NULL,-82.2788,82,16.728,NULL,N,NULL,NULL,NULL,NULL,NULL,NULL,NULL,NULL,8,5,2,3,1,1,2,2,7,3,Y,NULL,Y,Y,1501,1522,1900,Y,NULL,47,2,1,N,,N,N,098-US-0119-0,NULL,NULL,2021,C,7.26565E+11,098-US-0119  -000,HIGH,098-US-0119  -000,18.541,0,1,0,0,0,0,1,1,0,0,0,1,0
72643091,980100,2.021E+11,20210702,1559,,,US23 TURN LANE,,,US0023,US0023,0,098 US-23-21,US0023,N,N,NULL,NULL,NULL,N,NULL,NULL,NULL,NULL,NULL,NULL,0.021,NULL,NULL,NULL,NULL,,NULL,0,0,2,2,N,N,55,NULL,98,9801,NULL,,Y,37.50354,37,30.212,NULL,-82.53238,82,31.943,NULL,N,NULL,NULL,NULL,NULL,NULL,NULL,NULL,NULL,5,3,4,6,1,1,2,2,7,3,N,NULL,Y,N,1559,1602,1602,N,NULL,49,,1,N,,N,N,098-US-0023-21,NULL,NULL,2021,O,7.26431E+11,098-US-0023  -021,HIGH,098-US-0023  -021,0.021,0,0,0,0,0,0,1,0,0,0,0,0,0
72653589,980100,2.021E+11,20210727,2114,,,US23,,,US0023,US0023,0,098 US-23,US0023,N,N,NULL,NULL,NULL,N,NULL,NULL,NULL,NULL,NULL,NULL,23.565,NULL,NULL,NULL,NULL,,NULL,0,0,2,2,N,N,55,NULL,98,9801,NULL,,Y,37.47109,37,28.265,NULL,-82.53391,82,32.035,NULL,N,NULL,NULL,NULL,NULL,NULL,NULL,NULL,NULL,8,3,4,6,1,1,3,7,7,3,N,NULL,Y,N,2114,2120,,N,NULL,53,,1,Y,,N,N,098-US-0023-0,NULL,NULL,2021,O,7.26536E+11,098-US-0023  -000,HIGH,098-US-0023  -000,23.565,0,0,0,1,0,0,1,0,0,0,0,1,0
72661299,980100,2.021E+11,20210821,1425,,,US23,,,US0023,US0023,,,,N,N,NULL,NULL,NULL,N,NULL,NULL,NULL,NULL,NULL,NULL,23.062,NULL,NULL,NULL,NULL,,NULL,0,0,2,2,N,N,55,NULL,98,9801,NULL,,Y,37.46592,37,27.955,NULL,-82.52806,82,31.684,NULL,N,NULL,NULL,NULL,NULL,NULL,NULL,NULL,NULL,5,3,4,6,1,1,2,2,7,3,N,NULL,Y,N,1425,1427,1443,N,NULL,49,,1,N,,N,N,,NULL,NULL,2021,O,7.26613E+11,098-US-0023  -000,MEDIUM,098-US-0023  -000,23.062,0,0,0,0,0,0,0,0,0,0,0,0,0
72630128,KSP0900,21-218299,20210528,1912,,,KY632,,,KY0632,KY0632,,,,N,N,NULL,NULL,NULL,N,NULL,NULL,NULL,NULL,NULL,NULL,10.973,NULL,NULL,NULL,NULL,,NULL,0,0,2,2,N,N,55,NULL,98,9804,NULL,,Y,37.49401,37,29.64,NULL,-82.18337,82,11.002,NULL,N,NULL,NULL,NULL,NULL,NULL,NULL,NULL,NULL,5,3,2,3,1,5,6,2,7,3,N,NULL,Y,N,1920,2020,2100,N,NULL,49,6,0,N,,N,N,,NULL,NULL,2021,O,7.26301E+11,098-KY-0632  -000,HIGH,098-KY-0632  -000,10.973,0,0,0,0,0,0,0,0,0,0,0,0,0
72613862,980200,980200,20210216,1008,,,MOORES,,ALY,,,0,098 CS-2005,CS2005,N,Y,PATTY LOVELESS,N,DR,N,NULL,NULL,NULL,NULL,NULL,NULL,0.021,NULL,NULL,NULL,NULL,,NULL,0,0,2,2,N,N,35,NULL,98,9802,NULL,,Y,37.30499,37,18.299,NULL,-82.3533,82,21.198,NULL,N,NULL,NULL,NULL,NULL,NULL,NULL,NULL,NULL,5,3,2,5,1,2,8,2,1,3,N,NULL,Y,Y,1012,1020,1048,N,NULL,35,,,N,,N,N,098-CS-2005-0,NULL,NULL,2021,O,7.26139E+11,098-CS-2005  -000,HIGH,098-CS-2005  -000,0.021,0,0,0,0,0,0,1,0,0,0,1,0,0