MasterFile,AgencyORINumber,LocalCode,CollisionDate,CollisionTime,CollisionDayWeekCode,RoadwayName_HouseBusinessNumber_,RoadwayName_RoadwayName_,RoadwayName_Direction_,RoadwayName_RoadwaySuffix_,RoadwayfromReport,CurrentRoadwayNumber,RoadwayNumberCoupletID,RSEUniqueGIS,RoadwayIdentifier,ParkingLotIndicator,IntersectionWith_Indicator_,IntersectionWith_NameRoadway_,IntersectionWith_Direction_,IntersectionWith_RoadwaySuffix_,BetweenStreets_Indicator_,BetweenStreets1_NameRoadway_,BetweenStreet1_Direction_,BetweenStreets1_RoadwaySuffix_,BetweenStreets2_NameRoadway_,BetweenStreets2_Direction_,BetweenStreets2_RoadwaySuffix_,Milepoint,ReportMilepointDeriveNumber,CurrentDerivedMiepointNumber,MilestoMilepoint,FeettoMilepoint,DirectionfromMilepoint_NSEW_,ValidMilepointIndicator,NumberInjured,NumberKilled,ofUnits,ofMotorVehicleUnits,Hit&RunIndicator,OneWayIndicator,SpeedLimitNumber,KilometersIndicator,CountyCode,CityCountyCode,MilesFromCity,DirectionFromCity_NSEW_,InCityLimitsIndicator,Latitude,LatitudeDegrees,LatitudeMinutes,LatitudeSeconds,Longitude,LongitudeDegrees,LongitudeMinutes,LongitudeSeconds,RampIndicator,RampFromIdentifier,RampFromDirCode,RampFromCoupletID,RSEUniqueGISRampFrom,RampToidentifier,RampToDirCode,RampToCoupletID,RSEUniqueGisRampTo,MannerofCollisionCode,LocationFirstEventCode,TotalLanes,RoadwayCharacterCode,RoadwaySurfaceCode,RoadwayConditionCode,WeatherCode,LightConditionCode,LandUseCode,SchoolBusRelatedCode,FirstAidSceneIndicator,CollDescPresentInd,InvestigationCompleteIndicator,PhotosTakenIndicator,TimeNotified,TimeArrived,TimeRoadwayOpened,PropertyDamageIndicator,DiagramPresentIndicator,DirectionalAnalysis,FunctionClassCode,NationalHwySysCode,EnforcementsIndicator,KARSCityCode,SecondaryCollisionIndicator,MedianCrossoverIndicator,RT_UNIQUE,MapIt,TimeLastLeft,YR,KABCO,MFNY,WorkingRID,RT_CONFIDENCE,KTC_RT,KTC_MP,Motorcyclist,CommercialVehicle,YoungDriver,MatureDriver,pedestrian,Bicyclist,Distracted,agressive,Impaired,Unrestrained,Intersection,RoadwayDeparture,MedXover
72645823,KSP0900,21-00285288,20210710,1428,,,US52 CONNECTOR TO KY292,,,US0052,US0052,0,098 US-52-70,US0052,N,N,NULL,NULL,NULL,N,NULL,NULL,NULL,NULL,NULL,NULL,0.038,NULL,NULL,NULL,NULL,,NULL,0,0,2,2,N,N,45,NULL,98,9834,NULL,,Y,37.68604,37,41.162,NULL,-82.29803,82,17.881,NULL,N,NULL,NULL,NULL,NULL,NULL,NULL,NULL,NULL,4,3,2,6,1,1,3,2,7,3,N,NULL,Y,N,1428,1447,1447,N,NULL,70,,,N,,N,N,098-US-0052-70,NULL,NULL,2021,O,7.26458E+11,098-US-0052  -070,HIGH,098-US-0052  -070,0.038,0,0,0,0,0,0,1,0,0,0,0,0,0
72657996,980100,2.021E+11,20210811,1133,,,KY1426,,,KY1426,KY1426,0,098 KY-1426,KY1426,N,N,NULL,NULL,NULL,N,NULL,NULL,NULL,NULL,NULL,NULL,6.894,NULL,NULL,NULL,NULL,,NULL,0,0,2,2,N,N,35,NULL,98,9801,NULL,,Y,37.48658,37,29.195,NULL,-82.50854,82,30.512,NULL,N,NULL,NULL,NULL,NULL,NULL,NULL,NULL,NULL,5,3,2,6,1,1,2,2,7,3,N,NULL,Y,N,1133,1155,1155,N,NULL,49,,0,N,,N,N,098-KY-1426-0,NULL,NULL,2021,O,7.2658E+11,098-KY-1426  -000,HIGH,098-KY-1426  -000,6.894,0,0,1,0,0,0,1,0,0,0,0,0,0
72659983,980500,2021AR031,20210818,1204,,,PARKING LOT,,,US0023,US0023,0,098 US-23-10,US0023,Y,N,NULL,NULL,NULL,N,NULL,NULL,NULL,NULL,NULL,NULL,NULL,NULL,NULL,NULL,NULL,NULL,NULL,0,0,2,2,N,N,15,NULL,98,9807,NULL,,Y,37.52385,37,31.431,NULL,-82.57252,82,34.351,NULL,N,NULL,NULL,NULL,NULL,NULL,NULL,NULL,NULL,2,97,NULL,5,1,1,3,2,1,3,N,NULL,Y,Y,1206,1208,1208,N,NULL,90,,1,N,,N,N,098-US-0023-10,NULL,NULL,2021,O,7.266E+11,098-US-0023  -010,HIGH,098-US-0023  -000,29.017,0,0,0,1,0,0,1,0,0,0,0,0,0
72689725,KSP0900,21-445357,20211029,1944,,,GREASY,,CRK,,,0,098 CR-1256,CR1256,N,N,NULL,NULL,NULL,N,NULL,NULL,NULL,NULL,NULL,NULL,0.07,NULL,NULL,NULL,NULL,,NULL,0,0,1,1,N,N,25,NULL,98,9801,NULL,,Y,37.37917,37,22.75,NULL,-82.47722,82,28.633,NULL,N,NULL,NULL,NULL,NULL,NULL,NULL,NULL,NULL,9,3,1,6,1,1,2,7,7,3,N,NULL,Y,N,1953,2020,2020,N,NULL,70,,,N,,N,N,098-CR-1256-0,NULL,NULL,2021,O,7.26897E+11,098-CR-1256  -000,HIGH,098-CR-1256  -000,0.07,0,0,0,0,0,0,1,0,0,0,0,1,0
72591077,KSP0900,21-42921,20210202,100,,,TOLER,,RD,KY0319,KY0319,0,098 KY-319,KY0319,N,N,NULL,NULL,NULL,N,NULL,NULL,NULL,NULL,NULL,NULL,5.491,NULL,NULL,NULL,NULL,,NULL,0,0,2,2,N,N,35,NULL,98,9842,NULL,,Y,37.62592,37,37.555,NULL,-82.24757,82,14.855,NULL,N,NULL,NULL,NULL,NULL,NULL,NULL,NULL,NULL,7,3,2,3,1,4,9,6,7,3,N,NULL,Y,N,100,130,130,N,NULL,54,7,0,N,,N,N,098-KY-0319-0,NULL,NULL,2021,O,7.25911E+11,098-KY-0319  -000,HIGH,098-KY-0319  -000,5.491,0,0,0,0,0,0,0,1,0,0,0,1,0
72655434,KSP0900,21-325793,20210806,1040,,,GOODY,,LOOP,,,0,098 PR-1024,PR1024,Y,N,NULL,NULL,NULL,N,NULL,NULL,NULL,NULL,NULL,NULL,0.058,NULL,NULL,NULL,NULL,,NULL,0,0,2,2,N,N,35,NULL,98,9834,NULL,,Y,37.65952,37,39.571,NULL,-82.2724,82,16.344,NULL,N,NULL,NULL,NULL,NULL,NULL,NULL,NULL,NULL,2,97,2,6,1,1,2,2,1,3,N,NULL,Y,N,1041,1045,1040,N,NULL,90,,,N,,N,N,098-PR-1024-0,NULL,NULL,2021,O,7.26554E+11,098-PR-1024  -000,HIGH,098-PR-1024  -000,0.058,0,0,0,0,0,0,1,0,0,0,0,0,0
72664979,KSP0900,21-362022,20210830,2200,,,KY1426,,,KY1426,KY1426,0,098 KY-1426,KY1426,N,N,NULL,NULL,NULL,N,NULL,NULL,NULL,NULL,NULL,NULL,15.771,NULL,NULL,NULL,NULL,,NULL,0,0,2,2,N,N,55,NULL,98,9820,NULL,,Y,37.56488,37,33.893,NULL,-82.4463,82,26.778,NULL,N,NULL,NULL,NULL,NULL,NULL,NULL,NULL,NULL,1,3,2,6,1,5,3,6,7,3,N,NULL,Y,N,2200,2215,2215,N,NULL,55,7,0,N,,N,N,098-KY-1426-0,NULL,NULL,2021,O,7.2665E+11,098-KY-1426  -000,HIGH,098-KY-1426  -000,15.771,0,0,1,0,0,0,1,0,0,0,0,0,0
72655840,KSP0900,21-326457,20210806,1753,,,US23,,,US0023,US0023,0,098 US-23-10,US0023,N,N,NULL,NULL,NULL,N,NULL,NULL,NULL,NULL,NULL,NULL,29.225,NULL,NULL,NULL,NULL,,NULL,0,0,2,2,N,N,45,NULL,98,9807,NULL,,Y,37.52662,37,31.597,NULL,-82.57413,82,34.448,NULL,N,NULL,NULL,NULL,NULL,NULL,NULL,NULL,NULL,1,7,6,6,1,1,2,2,7,3,N,NULL,Y,N,1753,1812,1812,N,NULL,47,,1,N,,N,N,098-US-0023-10,NULL,NULL,2021,O,7.26558E+11,098-US-0023  -010,HIGH,098-US-0023  -000,29.225,0,0,0,0,0,0,0,0,0,0,0,0,0
72595543,980100,2.021E+11,20210213,2220,,3640,CHLOE,,RD,KY1460,KY1460,0,098 KY-1460,KY1460,N,N,NULL,NULL,NULL,N,NULL,NULL,NULL,NULL,NULL,NULL,1.303,NULL,NULL,NULL,NULL,,NULL,0,0,1,1,N,N,45,NULL,98,9801,NULL,,Y,37.44907,37,26.944,NULL,-82.47867,82,28.72,NULL,N,NULL,NULL,NULL,NULL,NULL,NULL,NULL,NULL,9,97,2,6,1,1,2,6,7,3,N,NULL,Y,N,2220,2225,2326,Y,NULL,40,,0,Y,,N,N,098-KY-1460-0,NULL,NULL,2021,O,7.25955E+11,098-KY-1460  -000,HIGH,098-KY-1460  -000,1.303,0,0,0,0,0,0,0,0,1,0,0,1,0
72687679,KSP0900,21-440624,20211026,1230,,,KY194,,,KY0194,KY0194,0,098 KY-194,KY0194,N,N,NULL,NULL,NULL,N,NULL,NULL,NULL,NULL,NULL,NULL,16.604,NULL,NULL,NULL,NULL,,NULL,0,0,1,1,N,N,55,NULL,98,9820,NULL,,Y,37.56678,37,34.007,NULL,-82.46091,82,27.654,NULL,N,NULL,NULL,NULL,NULL,NULL,NULL,NULL,NULL,9,3,2,4,1,5,3,2,7,3,N,NULL,N,N,1230,1235,1300,N,NULL,44,7,0,N,,N,N,098-KY-0194-0,NULL,NULL,2021,O,7.26877E+11,098-KY-0194  -000,HIGH,098-KY-0194  -000,16.604,0,0,0,0,0,0,1,0,0,0,0,1,0
72602025,980100,2.021E+11,20210226,1640,,,US23,,,US0023,US0023,,,,N,N,NULL,NULL,NULL,N,NULL,NULL,NULL,NULL,NULL,NULL,19.547,NULL,NULL,NULL,NULL,,NULL,1,0,3,3,N,N,55,NULL,98,9801,NULL,,Y,37.44808,37,26.885,NULL,-82.50529,82,30.317,NULL,N,NULL,NULL,NULL,NULL,NULL,NULL,NULL,NULL,1,3,4,3,1,5,6,2,7,3,Y,NULL,Y,Y,1422,1422,1444,N,NULL,55,,1,N,,N,N,,NULL,NULL,2021,C,7.2602E+11,098-US-0023  -010,MEDIUM,098-US-0023  -000,19.547,0,1,0,0,0,0,0,0,0,0,0,0,0
72647462,980100,2.021E+11,20210714,1413,,,CASSIDY,,BLVD,,,,,,Y,N,NULL,NULL,NULL,N,NULL,NULL,NULL,NULL,NULL,NULL,0.283,NULL,NULL,NULL,NULL,,NULL,0,0,2,2,N,N,NULL,NULL,98,9801,NULL,,Y,37.50489,37,30.293,NULL,-82.53648,82,32.189,NULL,N,NULL,NULL,NULL,NULL,NULL,NULL,NULL,NULL,5,97,NULL,6,1,1,2,2,1,3,N,NULL,Y,N,1413,1436,1440,N,NULL,90,,,N,,N,N,,NULL,NULL,2021,O,7.26475E+11,098-CS-1191  -000,LOW,098-CS-1191  -000,0.283,0,0,0,1,0,0,0,0,0,0,0,0,0
72578906,KSP0900,20-844224,20201226,1202,,,BIGGS,,BR,,,0,098 CR-1204,CR1204,N,N,NULL,NULL,NULL,N,NULL,NULL,NULL,NULL,NULL,NULL,0.789,NULL,NULL,NULL,NULL,,NULL,0,0,2,2,N,N,35,NULL,98,9801,NULL,,Y,37.3924,37,23.544,NULL,-82.42157,82,25.294,NULL,N,NULL,NULL,NULL,NULL,NULL,NULL,NULL,NULL,3,3,1,3,1,2,2,2,7,3,N,NULL,Y,N,1202,1217,1238,N,NULL,52,,,N,,N,N,098-CR-1204-0,NULL,NULL,2020,O,7.25789E+11,098-CR-1204  -000,HIGH,098-CR-1204  -000,0.789,0,0,0,0,0,0,0,1,0,0,0,1,0
72597914,KSP0900,21-53146,20210209,900,,,KY2062,,,KY2062,KY2062,0,098 KY-2062,KY2062,N,N,NULL,NULL,NULL,N,NULL,NULL,NULL,NULL,NULL,NULL,0.699,NULL,NULL,NULL,NULL,,NULL,0,0,2,2,N,N,55,NULL,98,9804,NULL,,Y,37.50511,37,30.307,NULL,-82.12296,82,7.378,NULL,N,NULL,NULL,NULL,NULL,NULL,NULL,NULL,NULL,5,3,2,6,1,2,8,2,7,3,N,NULL,Y,N,900,1000,1100,N,NULL,49,8,0,N,,N,N,098-KY-2062-0,NULL,NULL,2021,O,7.25979E+11,098-KY-2062  -000,HIGH,098-KY-2062  -000,0.699,0,0,0,0,0,0,0,0,0,0,0,0,0
72600455,980200,4120004,20210303,1830,,40,BELCHER,,DR,,,0,098 CS-2044,CS2044,N,N,NULL,NULL,NULL,N,NULL,NULL,NULL,NULL,NULL,NULL,0.056,NULL,NULL,NULL,NULL,,NULL,0,0,2,2,N,N,25,NULL,98,9802,NULL,,Y,37.29967,37,17.98,NULL,-82.33177,82,19.906,NULL,N,NULL,NULL,NULL,NULL,NULL,NULL,NULL,NULL,5,97,1,1,1,1,2,7,6,3,N,NULL,Y,Y,1840,1849,,Y,NULL,47,,,Y,,N,N,098-CS-2044-0,NULL,NULL,2021,O,7.26005E+11,098-CS-2044  -000,HIGH,098-CS-2044  -000,0.056,0,0,0,0,0,0,0,0,0,0,0,1,0
72612638,980100,2.021E+11,20210329,1258,,,BAIRD,,AVE,KY1426,KY1426,0,098 KY-1426,KY1426,Y,N,NULL,NULL,NULL,N,NULL,NULL,NULL,NULL,NULL,NULL,5.388,NULL,NULL,NULL,NULL,,NULL,0,0,2,2,N,N,55,NULL,98,9801,NULL,,Y,37.47337,37,28.402,NULL,-82.52714,82,31.628,NULL,N,NULL,NULL,NULL,NULL,NULL,NULL,NULL,NULL,5,97,2,6,1,1,2,2,1,3,N,NULL,Y,N,1258,1303,,N,NULL,90,,0,N,,N,N,098-KY-1426-0,NULL,NULL,2021,O,7.26126E+11,098-KY-1426  -000,HIGH,098-KY-1426  -000,5.388,0,0,0,1,0,0,1,0,0,0,0,0,0
72558725,370200,2020-763778,20201030,851,,,US23,,,US0023,US0023,0,098 US-23,US0023,N,N,NULL,NULL,NULL,N,NULL,NULL,NULL,NULL,NULL,NULL,14.273,NULL,NULL,NULL,NULL,,NULL,0,0,2,2,N,N,55,NULL,98,9801,NULL,,Y,37.38923,37,23.353,NULL,-82.53651,82,32.191,NULL,N,NULL,NULL,NULL,NULL,NULL,NULL,NULL,NULL,2,5,4,6,1,1,3,2,7,3,N,NULL,Y,N,851,851,940,N,NULL,51,,1,N,,N,N,098-US-0023-0,NULL,NULL,2020,O,7.25587E+11,098-US-0023  -000,HIGH,098-US-0023  -000,14.273,0,1,0,0,0,0,0,0,0,0,0,1,0
72587678,980500,2021AR004,20210122,2009,,,US 23 NORTH,,,,,,,,N,N,NULL,NULL,NULL,N,NULL,NULL,NULL,NULL,NULL,NULL,NULL,NULL,NULL,NULL,NULL,NULL,NULL,0,0,2,2,N,N,45,NULL,98,9807,NULL,,Y,37.52789,37,31.673,NULL,-82.57464,82,34.478,NULL,N,NULL,NULL,NULL,NULL,NULL,NULL,NULL,NULL,5,3,6,6,1,1,2,5,7,3,N,NULL,Y,Y,2000,2000,2009,N,NULL,49,,,N,,N,N,,NULL,NULL,2021,O,7.25877E+11,098-US-0023  -000,MEDIUM,098-US-0023  -000,29.316,0,0,0,0,0,0,1,1,0,0,0,0,0
72621242,370200,2021-164506,20210425,100,,,US119,,,US0119,US0119,0,098 US-119-10,US0119,N,N,NULL,NULL,NULL,N,NULL,NULL,NULL,NULL,NULL,NULL,12.328,NULL,NULL,NULL,NULL,,NULL,1,0,2,2,N,N,55,NULL,98,9801,NULL,,Y,37.60016,37,36.01,NULL,-82.37222,82,22.333,NULL,N,NULL,NULL,NULL,NULL,NULL,NULL,NULL,NULL,5,3,2,5,1,5,6,6,7,3,Y,NULL,Y,Y,130,200,200,N,NULL,49,2,1,Y,,N,N,098-US-0119-10,NULL,NULL,2021,C,7.26212E+11,098-US-0119  -010,HIGH,098-US-0119  -000,12.328,0,1,0,0,0,0,1,0,0,0,0,0,0
72629341,KSP0900,21-216173,20210527,1528,,,DORTON-JENKINS,,HWY,KY0805,KY0805,0,098 KY-805,KY0805,N,N,NULL,NULL,NULL,N,NULL,NULL,NULL,NULL,NULL,NULL,1.417,NULL,NULL,NULL,NULL,,NULL,0,0,2,2,N,N,55,NULL,98,9809,NULL,,Y,37.21249,37,12.749,NULL,-82.55708,82,33.425,NULL,N,NULL,NULL,NULL,NULL,NULL,NULL,NULL,NULL,1,3,2,6,1,1,2,2,7,3,N,NULL,Y,N,1534,1608,1608,N,NULL,55,7,0,N,,N,N,098-KY-0805-0,NULL,NULL,2021,O,7.26293E+11,098-KY-0805  -000,HIGH,098-KY-0805  -000,1.417,0,0,0,1,0,0,0,1,0,0,0,0,0
72649173,KSP0900,21-298433,20210719,950,,,WILDCAT,,DR,,,0,098 CR-1703,CR1703,Y,N,NULL,NULL,NULL,N,NULL,NULL,NULL,NULL,NULL,NULL,0.101,NULL,NULL,NULL,NULL,,NULL,0,0,2,2,N,N,NULL,NULL,98,9801,5,S,N,37.38292,37,22.975,NULL,-82.53854,82,32.312,NULL,N,NULL,NULL,NULL,NULL,NULL,NULL,NULL,NULL,2,97,NULL,6,1,1,2,2,7,3,N,NULL,Y,N,950,1135,1135,N,NULL,90,,,N,,N,N,098-CR-1703-0,NULL,NULL,2021,O,7.26492E+11,098-CR-1703  -000,HIGH,098-CR-1703  -000,0.101,0,0,1,0,0,0,0,0,0,0,0,0,0
72585032,980100,2.021E+11,20210109,1224,,,MAYO,S,TRL,KY3496,KY3496,0,098 KY-3496,KY3496,Y,N,NULL,NULL,NULL,N,NULL,NULL,NULL,NULL,NULL,NULL,0.803,NULL,NULL,NULL,NULL,,NULL,0,0,2,2,N,N,15,NULL,98,9801,NULL,,Y,37.47206,37,28.323,NULL,-82.52947,82,31.768,NULL,N,NULL,NULL,NULL,NULL,NULL,NULL,NULL,NULL,2,97,NULL,6,1,5,3,2,1,3,N,NULL,Y,N,1224,1224,,N,NULL,90,16,0,Y,,N,N,098-KY-3496-0,NULL,NULL,2021,O,7.2585E+11,098-KY-3496  -000,MEDIUM,098-KY-3496  -000,0.803,0,0,0,0,0,0,1,0,0,0,0,0,0
72628660,980100,2.021E+11,20210525,2252,,,CASSIDY,,BLVD,,,0,098 CS-1191,CS1191,N,N,NULL,NULL,NULL,N,NULL,NULL,NULL,NULL,NULL,NULL,0.232,NULL,NULL,NULL,NULL,,NULL,0,0,1,1,N,N,25,NULL,98,9801,NULL,,Y,37.50432,37,30.259,NULL,-82.53568,82,32.141,NULL,N,NULL,NULL,NULL,NULL,NULL,NULL,NULL,NULL,9,97,1,6,1,1,3,7,1,3,N,NULL,Y,N,2252,2256,,N,NULL,70,,,N,,N,N,098-CS-1191-0,NULL,NULL,2021,O,7.26287E+11,098-CS-1191  -000,HIGH,098-CS-1191  -000,0.232,0,0,1,0,0,0,1,0,0,0,0,1,0
72667024,KSP0900,21-368544,20210904,1654,,,FERRELLS CREEK,,RD,US0460,US0460,0,098 US-460,US0460,N,N,NULL,NULL,NULL,N,NULL,NULL,NULL,NULL,NULL,NULL,20.172,NULL,NULL,NULL,NULL,,NULL,0,0,1,1,N,N,55,NULL,98,9847,NULL,,Y,37.37536,37,22.522,NULL,-82.29153,82,17.492,NULL,N,NULL,NULL,NULL,NULL,NULL,NULL,NULL,NULL,9,3,2,5,1,1,2,2,7,3,N,NULL,Y,N,1737,1750,1737,N,NULL,38,,1,N,,N,N,098-US-0460-0,NULL,NULL,2021,O,7.2667E+11,098-US-0460  -000,HIGH,098-US-0460  -000,20.172,0,0,0,0,0,0,0,0,0,0,0,0,0
72634383,980000,21-06-001,20210603,1330,,,US 119,,,,,,,,N,N,NULL,NULL,NULL,N,NULL,NULL,NULL,NULL,NULL,NULL,NULL,NULL,NULL,NULL,NULL,NULL,NULL,0,0,2,2,N,N,15,NULL,98,9812,NULL,,Y,37.64091,37,38.454,NULL,-82.26054,82,15.633,NULL,N,NULL,NULL,NULL,NULL,NULL,NULL,NULL,NULL,6,7,2,6,1,1,3,2,1,3,N,NULL,N,Y,1335,1340,1400,N,NULL,47,,,N,,N,N,,NULL,NULL,2021,O,7.26344E+11,098-US-0119  -010,MEDIUM,098-US-0119  -000,22.725,0,0,0,0,0,0,0,0,0,1,0,0,0
72582145,KSP0900,21-7345,20210106,1200,,,KY3174,,,KY3174,KY3174,0,098 KY-3174-321,KY3174,N,N,NULL,NULL,NULL,N,NULL,NULL,NULL,NULL,NULL,NULL,0.148,NULL,NULL,NULL,NULL,,NULL,0,0,1,1,N,N,55,NULL,98,9802,5,W,N,37.34473,37,20.684,NULL,-82.4244,82,25.464,NULL,N,NULL,NULL,NULL,NULL,NULL,NULL,NULL,NULL,9,3,2,4,1,1,3,2,7,3,N,NULL,Y,N,1230,1300,1300,N,NULL,70,,0,N,,N,N,098-KY-3174-321,NULL,NULL,2021,O,7.25821E+11,098-KY-3174  -321,MEDIUM,098-KY-3174  -321,0.148,0,0,0,0,0,0,1,0,0,0,0,1,0
72592551,980100,2.021E+11,20210208,1718,,,HAROLDS BRANCH,,RD,,,,,,N,Y,BYPASS,S,RD,N,NULL,NULL,NULL,NULL,NULL,NULL,NULL,NULL,NULL,NULL,NULL,,NULL,0,0,2,2,N,N,35,NULL,98,9801,NULL,,Y,37.47281,37,28.369,NULL,-82.5227,82,31.362,NULL,N,NULL,NULL,NULL,NULL,NULL,NULL,NULL,NULL,5,3,2,6,1,1,2,2,7,3,N,NULL,Y,N,1718,1724,1724,N,NULL,35,,,N,,N,N,,NULL,NULL,2021,O,7.25926E+11,098-CS-1223  -000,MEDIUM,098-CS-1223  -000,0,0,0,0,1,0,0,1,0,0,0,1,0,0
72592093,980100,2.021E+11,20210125,1258,,,HAMBLEY,,BLVD,,,0,098 CS-1222,CS1222,N,N,NULL,NULL,NULL,N,NULL,NULL,NULL,NULL,NULL,NULL,0.094,NULL,NULL,NULL,NULL,,NULL,0,0,2,2,N,N,25,NULL,98,9801,NULL,,Y,37.47449,37,28.469,NULL,-82.5257,82,31.542,NULL,N,NULL,NULL,NULL,NULL,NULL,NULL,NULL,NULL,4,3,2,6,1,5,2,2,1,3,N,NULL,Y,N,1258,1302,,N,NULL,70,,,N,,N,N,098-CS-1222-0,NULL,NULL,2021,O,7.25921E+11,098-CS-1222  -000,HIGH,098-CS-1222  -000,0.094,0,0,0,1,0,0,1,0,0,0,0,0,0
72590455,980100,2.021E+11,20210129,1421,,,CASSIDY,,BLVD,,,0,098 CS-1191,CS1191,Y,N,NULL,NULL,NULL,N,NULL,NULL,NULL,NULL,NULL,NULL,0.414,NULL,NULL,NULL,NULL,,NULL,0,0,2,2,N,N,5,NULL,98,9801,NULL,,Y,37.50455,37,30.273,NULL,-82.53873,82,32.324,NULL,N,NULL,NULL,NULL,NULL,NULL,NULL,NULL,NULL,2,97,NULL,6,1,1,2,2,1,3,N,NULL,Y,N,1421,1431,,N,NULL,90,,,N,,N,N,098-CS-1191-0,NULL,NULL,2021,O,7.25905E+11,098-CS-1191  -000,HIGH,098-CS-1191  -000,0.414,0,0,0,0,0,0,1,0,0,0,0,0,0
72653226,370200,2021-315665,20210730,1458,,,KY194,,,KY0194,KY0194,0,098 KY-194,KY0194,N,N,NULL,NULL,NULL,N,NULL,NULL,NULL,NULL,NULL,NULL,37.497,NULL,NULL,NULL,NULL,,NULL,0,0,1,1,N,N,55,NULL,98,9849,NULL,,Y,37.45111,37,27.067,NULL,-82.26689,82,16.013,NULL,N,NULL,NULL,NULL,NULL,NULL,NULL,NULL,NULL,9,5,2,1,1,1,3,2,7,3,N,NULL,Y,N,1515,1454,1454,Y,NULL,40,7,0,N,,N,N,098-KY-0194-0,NULL,NULL,2021,O,7.26532E+11,098-KY-0194  -000,HIGH,098-KY-0194  -000,37.497,0,1,0,0,0,0,0,0,0,0,0,1,0
72615990,980000,21-04-002,20210419,1520,,,"170 STATE HWY,319",,,,,,,,N,N,NULL,NULL,NULL,N,NULL,NULL,NULL,NULL,NULL,NULL,NULL,NULL,NULL,NULL,NULL,NULL,NULL,0,0,2,2,N,N,15,NULL,98,9852,5,S,N,37.64016,37,38.409,NULL,-82.25594,82,15.356,NULL,N,NULL,NULL,NULL,NULL,NULL,NULL,NULL,NULL,5,3,3,6,1,1,2,2,8,3,N,NULL,N,N,1520,1525,1550,N,NULL,70,,,N,,N,N,,NULL,NULL,2021,O,7.2616E+11,098-KY-0319  -000,MEDIUM,098-KY-0319  -000,6.79,0,0,0,0,0,0,1,0,0,0,0,0,0
72611819,KSP0900,21-139786,20210408,1157,,3683,N MAYO TR,,ST,,,0,098 CS-3000,CS3000,Y,N,NULL,NULL,NULL,N,NULL,NULL,NULL,NULL,NULL,NULL,NULL,NULL,NULL,NULL,NULL,NULL,NULL,0,0,2,2,N,N,NULL,NULL,98,9807,NULL,,Y,37.51817,37,31.09,NULL,-82.56565,82,33.939,NULL,N,NULL,NULL,NULL,NULL,NULL,NULL,NULL,NULL,2,97,NULL,6,1,1,2,2,5,3,N,NULL,Y,N,1157,1157,1230,N,NULL,90,,,N,,N,N,098-CS-3000-0,NULL,NULL,2021,O,7.26118E+11,098-CS-3000  -000,HIGH,098-CS-3000  -000,0.398,0,0,0,0,0,0,1,0,0,0,0,0,0
72592224,KSP0900,21-50524,20210207,1507,,,MAIN,,ST,,,0,098 CS-3000,CS3000,Y,N,NULL,NULL,NULL,N,NULL,NULL,NULL,NULL,NULL,NULL,0.553,NULL,NULL,NULL,NULL,,NULL,0,0,2,2,N,N,NULL,NULL,98,9807,NULL,,Y,37.51978,37,31.187,NULL,-82.56765,82,34.059,NULL,N,NULL,NULL,NULL,NULL,NULL,NULL,NULL,NULL,8,97,NULL,6,1,1,2,2,1,3,N,NULL,Y,N,1554,1607,1507,N,NULL,90,,,N,,N,N,098-CS-3000-0,NULL,NULL,2021,O,7.25922E+11,098-CS-3000  -000,HIGH,098-CS-3000  -000,0.553,0,0,0,0,0,0,0,0,0,0,0,0,0
72592322,KSP0900,21-30453,20210123,1630,,,KY3416,,,KY3416,KY3416,0,098 KY-3416,KY3416,N,N,NULL,NULL,NULL,N,NULL,NULL,NULL,NULL,NULL,NULL,0.32,NULL,NULL,NULL,NULL,,NULL,1,0,2,2,N,N,55,NULL,98,9801,NULL,,Y,37.43506,37,26.103,NULL,-82.54925,82,32.955,NULL,N,NULL,NULL,NULL,NULL,NULL,NULL,NULL,NULL,3,3,2,5,1,1,2,3,7,3,Y,NULL,N,Y,1630,1645,1715,N,NULL,52,9,0,N,,N,N,098-KY-3416-0,NULL,NULL,2021,C,7.25923E+11,098-KY-3416  -000,HIGH,098-KY-3416  -000,0.32,0,0,0,0,0,0,1,0,0,0,0,1,0
72643701,980100,2.021E+11,20210628,1506,,,OWSLEY,,RD,KY1384,KY1384,,,,N,N,NULL,NULL,NULL,N,NULL,NULL,NULL,NULL,NULL,NULL,7.213,NULL,NULL,NULL,NULL,,NULL,0,0,2,2,N,N,45,NULL,98,9801,NULL,,Y,37.48073,37,28.844,NULL,-82.53594,82,32.157,NULL,N,NULL,NULL,NULL,NULL,NULL,NULL,NULL,NULL,1,3,2,6,2,1,2,2,7,1,N,NULL,Y,N,1506,1511,1511,N,NULL,55,16,0,N,,N,N,,NULL,NULL,2021,O,7.26437E+11,098-KY-1384  -000,HIGH,098-KY-1384  -000,7.213,1,0,0,0,0,0,1,0,0,0,0,0,0
72583313,980500,2021AR002,20200108,1656,,,US 23 NORTH,,,,,,,,N,N,NULL,NULL,NULL,N,NULL,NULL,NULL,NULL,NULL,NULL,NULL,NULL,NULL,NULL,NULL,NULL,NULL,0,0,2,2,N,N,45,NULL,98,9807,NULL,,Y,37.52804,37,31.682,NULL,-82.57489,82,34.494,NULL,N,NULL,NULL,NULL,NULL,NULL,NULL,NULL,NULL,5,3,6,6,1,1,2,2,7,3,N,NULL,N,Y,1650,1656,1720,N,NULL,49,,,N,,N,N,,NULL,NULL,2020,O,7.25833E+11,098-US-0023  -010,MEDIUM,098-US-0023  -000,29.33,0,0,0,0,0,0,0,0,0,0,0,0,0