MasterFile,AgencyORINumber,LocalCode,CollisionDate,CollisionTime,CollisionDayWeekCode,RoadwayName_HouseBusinessNumber_,RoadwayName_RoadwayName_,RoadwayName_Direction_,RoadwayName_RoadwaySuffix_,RoadwayfromReport,CurrentRoadwayNumber,RoadwayNumberCoupletID,RSEUniqueGIS,RoadwayIdentifier,ParkingLotIndicator,IntersectionWith_Indicator_,IntersectionWith_NameRoadway_,IntersectionWith_Direction_,IntersectionWith_RoadwaySuffix_,BetweenStreets_Indicator_,BetweenStreets1_NameRoadway_,BetweenStreet1_Direction_,BetweenStreets1_RoadwaySuffix_,BetweenStreets2_NameRoadway_,BetweenStreets2_Direction_,BetweenStreets2_RoadwaySuffix_,Milepoint,ReportMilepointDeriveNumber,CurrentDerivedMiepointNumber,MilestoMilepoint,FeettoMilepoint,DirectionfromMilepoint_NSEW_,ValidMilepointIndicator,NumberInjured,NumberKilled,ofUnits,ofMotorVehicleUnits,Hit&RunIndicator,OneWayIndicator,SpeedLimitNumber,KilometersIndicator,CountyCode,CityCountyCode,MilesFromCity,DirectionFromCity_NSEW_,InCityLimitsIndicator,Latitude,LatitudeDegrees,LatitudeMinutes,LatitudeSeconds,Longitude,LongitudeDegrees,LongitudeMinutes,LongitudeSeconds,RampIndicator,RampFromIdentifier,RampFromDirCode,RampFromCoupletID,RSEUniqueGISRampFrom,RampToidentifier,RampToDirCode,RampToCoupletID,RSEUniqueGisRampTo,MannerofCollisionCode,LocationFirstEventCode,TotalLanes,RoadwayCharacterCode,RoadwaySurfaceCode,RoadwayConditionCode,WeatherCode,LightConditionCode,LandUseCode,SchoolBusRelatedCode,FirstAidSceneIndicator,CollDescPresentInd,InvestigationCompleteIndicator,PhotosTakenIndicator,TimeNotified,TimeArrived,TimeRoadwayOpened,PropertyDamageIndicator,DiagramPresentIndicator,DirectionalAnalysis,FunctionClassCode,NationalHwySysCode,EnforcementsIndicator,KARSCityCode,SecondaryCollisionIndicator,MedianCrossoverIndicator,RT_UNIQUE,MapIt,TimeLastLeft,YR,KABCO,MFNY,WorkingRID,RT_CONFIDENCE,KTC_RT,KTC_MP,Motorcyclist,CommercialVehicle,YoungDriver,MatureDriver,pedestrian,Bicyclist,Distracted,agressive,Impaired,Unrestrained,Intersection,RoadwayDeparture,MedXover
72576988,KSP0900,20-810177,20201130,2300,,,4TH,W,ST,,,0,098 CS-2020,CS2020,N,N,NULL,NULL,NULL,N,NULL,NULL,NULL,NULL,NULL,NULL,0.26,NULL,NULL,NULL,NULL,,NULL,0,0,2,2,N,N,20,NULL,98,9802,NULL,,Y,37.30045,37,18.027,NULL,-82.35148,82,21.089,NULL,N,NULL,NULL,NULL,NULL,NULL,NULL,NULL,NULL,1,3,1,4,1,4,9,5,7,3,N,NULL,N,N,2300,2325,,N,NULL,47,,,N,,N,N,098-CS-2020-0,NULL,NULL,2020,O,7.2577E+11,098-CS-2020  -000,HIGH,098-CS-2020  -000,0.26,0,0,0,1,0,0,0,0,0,1,0,0,0
72589265,KSP0900,21-38207,20210129,1248,,,KY1506,,,KY1506,KY1506,0,098 KY-1506,KY1506,Y,N,NULL,NULL,NULL,N,NULL,NULL,NULL,NULL,NULL,NULL,0.073,NULL,NULL,NULL,NULL,,NULL,0,0,2,2,N,N,35,NULL,98,9834,NULL,,Y,37.66886,37,40.132,NULL,-82.27625,82,16.575,NULL,N,NULL,NULL,NULL,NULL,NULL,NULL,NULL,NULL,3,97,2,6,1,1,2,2,1,3,N,NULL,N,N,1240,1248,1250,N,NULL,90,9,0,Y,,N,N,098-KY-1506-0,NULL,NULL,2021,O,7.25893E+11,098-KY-1506  -000,HIGH,098-KY-1506  -000,0.073,0,0,0,0,0,0,1,1,0,0,0,0,0
72646476,980100,2.021E+11,20210706,1652,,,CASSIDY,,BLVD,,,0,098 CS-1191,CS1191,Y,N,NULL,NULL,NULL,N,NULL,NULL,NULL,NULL,NULL,NULL,0.288,NULL,NULL,NULL,NULL,,NULL,0,0,2,2,N,N,NULL,NULL,98,9801,NULL,,Y,37.50494,37,30.296,NULL,-82.53658,82,32.194,NULL,N,NULL,NULL,NULL,NULL,NULL,NULL,NULL,NULL,2,97,NULL,6,1,1,2,2,1,3,N,NULL,Y,N,1652,1659,1709,N,NULL,90,,,N,,N,N,098-CS-1191-0,NULL,NULL,2021,O,7.26465E+11,098-CS-1191  -000,HIGH,098-CS-1191  -000,0.288,0,0,0,1,0,0,1,0,0,0,0,0,0
72584654,980100,2.021E+11,20210109,1751,,,HAMBLEY,,BLVD,,,0,098 CS-1222,CS1222,N,N,NULL,NULL,NULL,N,NULL,NULL,NULL,NULL,NULL,NULL,0.001,NULL,NULL,NULL,NULL,,NULL,3,0,2,2,N,N,35,NULL,98,9801,NULL,,Y,37.47404,37,28.442,NULL,-82.5273,82,31.638,NULL,N,NULL,NULL,NULL,NULL,NULL,NULL,NULL,NULL,1,3,2,6,1,1,2,3,7,3,Y,NULL,Y,Y,1751,1752,1847,N,NULL,55,,,Y,,N,N,098-CS-1222-0,NULL,NULL,2021,A,7.25847E+11,098-CS-1222  -000,MEDIUM,098-CS-1222  -000,0.001,0,0,0,0,0,0,1,0,1,1,0,1,0
72605266,980100,2.021E+11,20210320,1621,,274,CASSIDY,,BLVD,,,0,098 CS-1191,CS1191,Y,N,NULL,NULL,NULL,N,NULL,NULL,NULL,NULL,NULL,NULL,0.372,NULL,NULL,NULL,NULL,,NULL,0,0,2,2,N,N,NULL,NULL,98,9801,NULL,,Y,37.505,37,30.3,NULL,-82.53823,82,32.294,NULL,N,NULL,NULL,NULL,NULL,NULL,NULL,NULL,NULL,2,97,NULL,6,1,1,2,2,5,3,N,NULL,Y,N,1621,1627,1627,N,NULL,90,,,N,,N,N,098-CS-1191-0,NULL,NULL,2021,O,7.26053E+11,098-CS-1191  -000,HIGH,098-CS-1191  -000,0.372,0,0,0,1,0,0,1,0,0,0,0,0,0
72581240,980000,20-12-009,20201221,2213,,,US119,,,US0119,US0119,0,098 US-119,US0119,N,N,NULL,NULL,NULL,N,NULL,NULL,NULL,NULL,NULL,NULL,7.003,NULL,NULL,NULL,NULL,,NULL,1,0,1,1,N,N,55,NULL,98,9817,NULL,,Y,37.54848,37,32.909,NULL,-82.43582,82,26.149,NULL,N,NULL,NULL,NULL,NULL,NULL,NULL,NULL,NULL,9,3,4,2,1,1,3,6,1,3,N,NULL,Y,Y,1918,1929,2026,N,NULL,40,2,1,Y,,N,N,098-US-0119-0,NULL,NULL,2020,C,7.25812E+11,098-US-0119  -000,HIGH,098-US-0119  -000,7.003,0,0,0,0,0,0,0,0,1,1,0,1,1
72656975,980100,2.021E+11,20210803,1542,,,CASSIDY,,BLVD,,,,,,Y,N,NULL,NULL,NULL,N,NULL,NULL,NULL,NULL,NULL,NULL,0.311,NULL,NULL,NULL,NULL,,NULL,0,0,2,2,N,N,NULL,NULL,98,9801,NULL,,Y,37.50515,37,30.309,NULL,-82.53705,82,32.223,NULL,N,NULL,NULL,NULL,NULL,NULL,NULL,NULL,NULL,7,97,NULL,6,1,1,2,2,1,3,N,NULL,N,N,1542,1550,1606,N,NULL,90,,,N,,N,N,,NULL,NULL,2021,O,7.2657E+11,098-CS-1191  -000,MEDIUM,098-CS-1191  -000,0.311,0,0,0,0,0,0,0,0,0,0,0,0,0
72618123,KSP0900,21-168030,20210427,1200,,,US23,,,US0023,US0023,,,,N,N,NULL,NULL,NULL,N,NULL,NULL,NULL,NULL,NULL,NULL,13.235,NULL,NULL,NULL,NULL,,NULL,0,0,2,2,N,N,55,NULL,98,9824,NULL,,Y,37.37578,37,22.547,NULL,-82.54001,82,32.4,NULL,N,NULL,NULL,NULL,NULL,NULL,NULL,NULL,NULL,8,3,4,6,1,1,2,2,1,3,N,NULL,N,N,1200,1206,1206,N,NULL,53,,1,N,,N,N,,NULL,NULL,2021,O,7.26181E+11,098-US-0023  -000,MEDIUM,098-US-0023  -000,13.235,0,0,0,0,0,0,1,0,0,0,0,1,0
72602061,KSP0900,21-83049,20210302,1241,,5334,KY195,,,KY0195,KY0195,0,098 KY-195,KY0195,N,N,NULL,NULL,NULL,N,NULL,NULL,NULL,NULL,NULL,NULL,6.215,NULL,NULL,NULL,NULL,,NULL,1,0,1,1,N,N,35,NULL,98,9830,NULL,,Y,37.32099,37,19.26,NULL,-82.45951,82,27.571,NULL,N,NULL,NULL,NULL,NULL,NULL,NULL,NULL,NULL,9,3,2,3,1,1,2,2,7,3,Y,NULL,Y,Y,1242,1302,,Y,NULL,44,7,0,N,,N,N,098-KY-0195-0,NULL,NULL,2021,B,7.26021E+11,098-KY-0195  -000,HIGH,098-KY-0195  -000,6.215,0,0,0,0,0,0,0,0,0,0,0,1,0
72603314,980100,2.021E+11,20210309,14,,509,N BYPASS,,RD,,,,,,Y,N,NULL,NULL,NULL,N,NULL,NULL,NULL,NULL,NULL,NULL,NULL,NULL,NULL,NULL,NULL,NULL,NULL,0,0,2,2,Y,N,15,NULL,98,9801,NULL,,Y,37.48367,37,29.02,NULL,-82.51392,82,30.835,NULL,N,NULL,NULL,NULL,NULL,NULL,NULL,NULL,NULL,2,3,0,6,1,1,3,5,1,3,N,NULL,Y,N,16,20,,N,NULL,90,,,N,,N,N,,NULL,NULL,2021,O,7.26033E+11,098-KY-1460  -000,MEDIUM,098-KY-1460  -000,5.129,0,0,0,0,0,0,1,0,1,0,0,0,0
72636557,KSP0900,21-240975,20210612,1300,,,US23,,,US0023,US0023,0,098 US-23-10,US0023,Y,N,NULL,NULL,NULL,N,NULL,NULL,NULL,NULL,NULL,NULL,32.063,NULL,NULL,NULL,NULL,,NULL,0,0,2,2,N,N,15,NULL,98,9801,NULL,,Y,37.53745,37,32.247,NULL,-82.61088,82,36.653,NULL,N,NULL,NULL,NULL,NULL,NULL,NULL,NULL,NULL,7,97,1,6,3,1,2,2,1,3,N,NULL,Y,N,1310,1342,1300,N,NULL,90,,1,N,,N,N,098-US-0023-10,NULL,NULL,2021,O,7.26366E+11,098-US-0023  -010,HIGH,098-US-0023  -000,32.063,0,0,0,0,0,0,1,0,0,0,0,0,0
72656101,KSP0900,21-329063,20210807,2350,,,MOSSY BOTTOM,,LN,,,0,098 CR-1426F,CR1426F,N,N,NULL,NULL,NULL,N,NULL,NULL,NULL,NULL,NULL,NULL,0.057,NULL,NULL,NULL,NULL,,NULL,0,0,2,2,Y,N,15,NULL,98,9801,NULL,,Y,37.53004,37,31.802,NULL,-82.57867,82,34.72,NULL,N,NULL,NULL,NULL,NULL,NULL,NULL,NULL,NULL,1,97,1,6,1,1,2,7,6,3,N,NULL,Y,N,1219,1247,1247,N,NULL,47,,,N,,N,N,098-CR-1426F-0,NULL,NULL,2021,O,7.26561E+11,098-CR-1426F -000,MEDIUM,098-CR-1426F -000,0.057,0,0,1,0,0,0,0,0,0,1,0,0,0
72638199,KSP0900,21-250325,20210618,811,,,KY122,,,KY0122,KY0122,0,098 KY-122,KY0122,N,N,NULL,NULL,NULL,N,NULL,NULL,NULL,NULL,NULL,NULL,6.541,NULL,NULL,NULL,NULL,,NULL,1,0,1,1,N,N,55,NULL,98,9823,NULL,,Y,37.36583,37,21.949,NULL,-82.58243,82,34.946,NULL,N,NULL,NULL,NULL,NULL,NULL,NULL,NULL,NULL,9,5,2,6,1,1,2,2,7,3,N,NULL,Y,Y,813,838,838,N,NULL,44,,0,N,,N,N,098-KY-0122-0,NULL,NULL,2021,C,7.26382E+11,098-KY-0122  -000,HIGH,098-KY-0122  -000,6.541,0,0,0,0,0,0,0,0,0,0,0,1,0
72634501,980100,2.021E+11,20210608,2059,,,BOB AMOS,,DR,,,,,,Y,N,NULL,NULL,NULL,N,NULL,NULL,NULL,NULL,NULL,NULL,0.726,NULL,NULL,NULL,NULL,,NULL,0,0,2,2,N,N,15,NULL,98,9801,NULL,,Y,37.46981,37,28.189,NULL,-82.54232,82,32.539,NULL,N,NULL,NULL,NULL,NULL,NULL,NULL,NULL,NULL,2,97,1,6,1,5,6,6,1,3,N,NULL,Y,N,2059,2101,2101,N,NULL,90,,,N,,N,N,,NULL,NULL,2021,O,7.26345E+11,098-CS-1025  -000,MEDIUM,098-CS-1025  -000,0.726,0,0,0,0,0,0,1,0,0,0,0,0,0
72627031,KSP0900,21-206322,20210521,1530,,,US119,,,US0119,US0119,0,098 US-119,US0119,Y,N,NULL,NULL,NULL,N,NULL,NULL,NULL,NULL,NULL,NULL,24.099,NULL,NULL,NULL,NULL,,NULL,0,0,2,2,N,N,55,NULL,98,9834,NULL,,Y,37.65705,37,39.423,NULL,-82.27082,82,16.249,NULL,N,NULL,NULL,NULL,NULL,NULL,NULL,NULL,NULL,2,97,4,6,1,1,3,2,1,3,N,NULL,Y,N,1530,1545,1530,N,NULL,90,2,1,N,,N,N,098-US-0119-0,NULL,NULL,2021,O,7.2627E+11,098-US-0119  -000,HIGH,098-US-0119  -000,24.099,0,0,0,0,0,0,1,0,0,0,0,0,0
72648620,980100,2.021E+11,20210717,1914,,,US23,,,US0023,US0023,0,098 US-23,US0023,N,N,NULL,NULL,NULL,N,NULL,NULL,NULL,NULL,NULL,NULL,32.279,NULL,NULL,NULL,NULL,,NULL,1,0,1,1,N,N,55,NULL,98,9801,NULL,,Y,37.53756,37,32.254,NULL,-82.61382,82,36.829,NULL,N,NULL,NULL,NULL,NULL,NULL,NULL,NULL,NULL,9,3,4,3,1,1,2,2,7,3,Y,NULL,Y,Y,1914,1914,,N,NULL,70,,1,N,,N,N,098-US-0023-0,NULL,NULL,2021,C,7.26486E+11,098-US-0023  -000,HIGH,098-US-0023  -000,32.279,0,0,0,0,0,0,0,0,0,0,0,1,0
72689469,980100,2.021E+11,20211029,1647,,254,CASSIDY,,BLVD,,,0,098 CS-1191,CS1191,Y,N,NULL,NULL,NULL,N,NULL,NULL,NULL,NULL,NULL,NULL,0.049,NULL,NULL,NULL,NULL,,NULL,0,0,2,2,N,N,NULL,NULL,98,9801,NULL,,Y,37.50368,37,30.221,NULL,-82.53296,82,31.977,NULL,N,NULL,NULL,NULL,NULL,NULL,NULL,NULL,NULL,1,97,1,6,1,1,3,2,1,3,N,NULL,Y,N,1648,1656,1657,N,NULL,90,,,N,,N,N,098-CS-1191-0,NULL,NULL,2021,O,7.26895E+11,098-CS-1191  -000,HIGH,098-CS-1191  -000,0.049,0,0,0,1,0,0,1,0,0,0,0,0,0
72615133,980100,2.021E+11,20210411,2200,,218,MAYO,S,TRL,,,,,,Y,N,NULL,NULL,NULL,N,NULL,NULL,NULL,NULL,NULL,NULL,NULL,NULL,NULL,NULL,NULL,NULL,NULL,0,0,2,2,N,N,15,NULL,98,9801,NULL,,Y,37.4723,37,28.338,NULL,-82.53213,82,31.928,NULL,N,NULL,NULL,NULL,NULL,NULL,NULL,NULL,NULL,2,97,NULL,6,1,1,3,5,1,3,N,NULL,Y,N,1000,1000,,N,NULL,90,,,N,,N,N,,NULL,NULL,2021,O,7.26151E+11,098-KY-3496  -000,MEDIUM,098-KY-3496  -000,0.672,0,0,0,0,0,0,1,0,0,0,0,0,0
72600153,980100,2.021E+11,20210303,1935,,,CEDAR HILLS,,DR,KY3417,KY3417,0,098 KY-3417,KY3417,N,N,NULL,NULL,NULL,N,NULL,NULL,NULL,NULL,NULL,NULL,1.093,NULL,NULL,NULL,NULL,NULL,NULL,0,0,1,1,N,N,35,NULL,98,9801,NULL,,Y,37.47609,37,28.565,NULL,-82.5554,82,33.324,NULL,N,NULL,NULL,NULL,NULL,NULL,NULL,NULL,NULL,9,6,2,6,1,1,2,6,6,3,N,NULL,Y,N,1935,1939,1939,N,NULL,40,17,0,Y,,N,N,098-KY-3417-0,NULL,NULL,2021,O,7.26002E+11,098-KY-3417  -000,HIGH,098-KY-3417  -000,1.093,0,0,0,0,0,0,1,0,1,1,0,1,0
72645806,980100,2.021E+11,20210710,1631,,254,CASSIDY,,BLVD,,,,,,Y,N,NULL,NULL,NULL,N,NULL,NULL,NULL,NULL,NULL,NULL,0.329,NULL,NULL,NULL,NULL,,NULL,0,0,2,2,N,N,NULL,NULL,98,9801,NULL,,Y,37.50557,37,30.334,NULL,-82.53767,82,32.26,NULL,N,NULL,NULL,NULL,NULL,NULL,NULL,NULL,NULL,2,97,NULL,6,1,5,6,2,1,3,N,NULL,Y,N,1631,1643,,N,NULL,90,,,N,,N,N,,NULL,NULL,2021,O,7.26458E+11,098-CS-1191  -000,MEDIUM,098-CS-1191  -000,0.329,0,0,0,1,0,0,1,0,0,0,0,0,0
72648648,KSP0900,21-296504,20210717,2145,,,US23,,,US0023,US0023,0,098 US-23-10,US0023,N,N,NULL,NULL,NULL,N,NULL,NULL,NULL,NULL,NULL,NULL,0.001,NULL,NULL,NULL,NULL,,NULL,0,0,1,1,N,N,55,NULL,98,9809,NULL,,Y,37.24047,37,14.428,NULL,-82.62185,82,37.311,NULL,N,NULL,NULL,NULL,NULL,NULL,NULL,NULL,NULL,9,3,4,4,1,5,6,7,7,3,N,NULL,Y,N,2143,2201,2201,N,NULL,38,,1,N,,N,N,098-US-0023-10,NULL,NULL,2021,O,7.26486E+11,098-US-0023  -010,HIGH,098-US-0023  -000,0.001,0,0,0,0,0,0,0,0,0,0,0,0,0
72593028,KSP0900,21-32604,20210125,1000,,,KY194,,,KY0194,KY0194,0,098 KY-194,KY0194,N,N,NULL,NULL,NULL,N,NULL,NULL,NULL,NULL,NULL,NULL,39.622,NULL,NULL,NULL,NULL,,NULL,0,0,2,2,N,N,55,NULL,98,9839,NULL,,Y,37.43002,37,25.801,NULL,-82.26855,82,16.113,NULL,N,NULL,NULL,NULL,NULL,NULL,NULL,NULL,NULL,8,3,2,3,1,5,3,2,7,3,N,NULL,N,N,1000,1040,1040,N,NULL,53,8,0,N,,N,N,098-KY-0194-0,NULL,NULL,2021,O,7.2593E+11,098-KY-0194  -000,HIGH,098-KY-0194  -000,39.622,0,0,0,0,0,0,1,0,0,0,0,1,0
72650506,370200,2021-300347,20210720,1327,,,ABNER MOUNTAIN,,RD,KY0122,KY0122,0,098 KY-122,KY0122,N,N,NULL,NULL,NULL,N,NULL,NULL,NULL,NULL,NULL,NULL,0.191,NULL,NULL,NULL,NULL,,NULL,0,0,2,2,N,N,55,NULL,98,9827,NULL,,Y,37.34989,37,20.993,NULL,-82.65271,82,39.163,NULL,N,NULL,NULL,NULL,NULL,NULL,NULL,NULL,NULL,7,3,2,1,1,1,2,2,7,3,N,NULL,Y,N,1333,1402,1445,N,NULL,54,,0,N,,N,N,098-KY-0122-0,NULL,NULL,2021,O,7.26505E+11,098-KY-0122  -000,HIGH,098-KY-0122  -000,0.191,0,1,0,0,0,0,0,0,0,0,0,1,0
72660909,370200,2021-323167,20210804,1434,,,US23,,,US0023,US0023,0,098 US-23,US0023,N,N,NULL,NULL,NULL,N,NULL,NULL,NULL,NULL,NULL,NULL,7.962,NULL,NULL,NULL,NULL,,NULL,0,0,2,2,N,N,55,NULL,98,9809,NULL,,Y,37.31481,37,18.889,NULL,-82.54918,82,32.951,NULL,N,NULL,NULL,NULL,NULL,NULL,NULL,NULL,NULL,1,3,4,4,1,1,3,2,7,3,N,NULL,Y,N,1438,1457,1457,N,NULL,55,,1,N,,N,N,098-US-0023-0,NULL,NULL,2021,O,7.26609E+11,098-US-0023  -000,HIGH,098-US-0023  -000,7.962,0,1,0,1,0,0,0,0,0,0,0,0,0
72573964,980100,2.02E+11,20201204,1815,,,US23,N,,,,,,,N,N,NULL,NULL,NULL,N,NULL,NULL,NULL,NULL,NULL,NULL,NULL,NULL,NULL,NULL,NULL,NULL,NULL,0,0,2,2,Y,N,55,NULL,98,9801,NULL,,Y,37.50376,37,30.226,NULL,-82.53216,82,31.929,NULL,N,NULL,NULL,NULL,NULL,NULL,NULL,NULL,NULL,5,3,6,6,1,5,6,5,1,3,N,NULL,Y,N,1815,1822,,N,NULL,70,,,Y,,N,N,,NULL,NULL,2020,O,7.2574E+11,098-US-0023  -000,MEDIUM,098-US-0023  -000,26.291,0,0,0,0,0,0,1,0,0,0,0,0,0
72625856,980000,21-05-004,20210514,1645,,,US119,,,US0119,US0119,0,098 US-119-10,US0119,N,Y,MALL,,RD,N,NULL,NULL,NULL,NULL,NULL,NULL,24.06,NULL,NULL,NULL,NULL,,NULL,1,0,2,2,N,N,55,NULL,98,9812,NULL,,Y,37.65651,37,39.39,NULL,-82.27068,82,16.241,NULL,N,NULL,NULL,NULL,NULL,NULL,NULL,NULL,NULL,1,3,4,6,1,1,2,2,1,3,N,NULL,Y,Y,1707,1707,1707,N,NULL,10,2,1,N,,N,N,098-US-0119-10,NULL,NULL,2021,C,7.26259E+11,098-US-0119  -010,HIGH,098-US-0119  -000,24.06,0,0,0,1,0,0,0,1,0,0,1,0,0
72694508,980100,2.021E+11,20211102,1259,,805,HAMBLEY,,BLVD,,,,,,Y,N,NULL,NULL,NULL,N,NULL,NULL,NULL,NULL,NULL,NULL,NULL,NULL,NULL,NULL,NULL,NULL,NULL,0,0,2,2,N,N,15,NULL,98,9801,NULL,,Y,37.47863,37,28.718,NULL,-82.52003,82,31.202,NULL,N,NULL,NULL,NULL,NULL,NULL,NULL,NULL,NULL,8,97,2,4,2,1,97,2,4,3,N,NULL,Y,N,1259,1301,,N,NULL,90,,,N,,N,N,,NULL,NULL,2021,O,7.26945E+11,098-CS-1123  -000,MEDIUM,098-CS-1123  -000,0.203,0,0,0,0,0,0,1,0,0,0,0,0,0
72659576,980100,2.021E+11,20210810,1637,,,US23,,,US0023,US0023,0,098 US-23,US0023,N,N,NULL,NULL,NULL,N,NULL,NULL,NULL,NULL,NULL,NULL,25.721,NULL,NULL,NULL,NULL,,NULL,0,0,2,2,N,N,55,NULL,98,9801,NULL,,Y,37.49567,37,29.74,NULL,-82.53115,82,31.869,NULL,N,NULL,NULL,NULL,NULL,NULL,NULL,NULL,NULL,5,3,4,6,1,1,2,2,1,3,N,NULL,Y,N,1657,1705,,N,NULL,49,,1,N,,N,N,098-US-0023-0,NULL,NULL,2021,O,7.26596E+11,098-US-0023  -000,HIGH,098-US-0023  -000,25.721,0,0,0,0,0,0,1,0,0,0,0,0,0
72690867,KSP0900,21-433052,20211020,2055,,,US23,,,US0023,US0023,0,098 US-23,US0023,N,N,NULL,NULL,NULL,N,NULL,NULL,NULL,NULL,NULL,NULL,28.879,NULL,NULL,NULL,NULL,,NULL,5,0,2,2,N,N,45,NULL,98,9807,NULL,,Y,37.52245,37,31.347,NULL,-82.5706,82,34.236,NULL,N,NULL,NULL,NULL,NULL,NULL,NULL,NULL,NULL,1,3,4,6,1,1,2,6,7,3,Y,NULL,Y,Y,2204,2233,,N,NULL,55,,1,N,,N,N,098-US-0023-0,NULL,NULL,2021,A,7.26909E+11,098-US-0023  -000,HIGH,098-US-0023  -000,28.879,0,1,0,0,0,0,0,1,0,0,0,0,0
72573285,980100,2.02E+11,20201209,1614,,,THOMPSON,,RD,,,,,,Y,N,NULL,NULL,NULL,N,NULL,NULL,NULL,NULL,NULL,NULL,0.478,NULL,NULL,NULL,NULL,,NULL,0,0,2,2,N,N,NULL,NULL,98,9801,NULL,,Y,37.50614,37,30.369,NULL,-82.54404,82,32.643,NULL,N,NULL,NULL,NULL,NULL,NULL,NULL,NULL,NULL,7,97,NULL,6,1,1,2,2,1,3,N,NULL,Y,N,1614,1614,1631,N,NULL,90,,,N,,N,N,,NULL,NULL,2020,O,7.25733E+11,098-CS-1215  -000,LOW,098-CS-1215  -000,0.478,0,0,0,1,0,0,0,0,0,0,0,0,0
72592436,980100,2.021E+11,20210208,834,,,US23,,,US0023,US0023,0,098 US-23,US0023,N,N,NULL,NULL,NULL,N,NULL,NULL,NULL,NULL,NULL,NULL,23.378,NULL,NULL,NULL,NULL,,NULL,0,0,2,2,N,N,55,NULL,98,9801,NULL,,Y,37.4683,37,28.098,NULL,-82.53283,82,31.97,NULL,N,NULL,NULL,NULL,NULL,NULL,NULL,NULL,NULL,5,3,4,6,1,1,2,2,7,3,N,NULL,Y,N,834,841,841,N,NULL,49,,1,Y,,N,N,098-US-0023-0,NULL,NULL,2021,O,7.25924E+11,098-US-0023  -000,HIGH,098-US-0023  -000,23.378,0,0,0,0,0,0,1,0,0,0,0,0,0
72630304,KSP0900,21-220111,20210529,2134,,,ELKHORN,,CRK,KY0197,KY0197,0,098 KY-197,KY0197,N,N,NULL,NULL,NULL,N,NULL,NULL,NULL,NULL,NULL,NULL,13.097,NULL,NULL,NULL,NULL,,NULL,2,0,1,1,N,N,55,NULL,98,9802,NULL,,Y,37.27676,37,16.605,NULL,-82.39086,82,23.452,NULL,N,NULL,NULL,NULL,NULL,NULL,NULL,NULL,NULL,9,6,2,6,1,5,6,6,7,3,N,NULL,Y,Y,2137,2150,2300,N,NULL,51,7,0,N,,N,N,098-KY-0197-0,NULL,NULL,2021,B,7.26303E+11,098-KY-0197  -000,HIGH,098-KY-0197  -000,13.097,0,0,0,0,0,0,0,0,0,0,0,1,0
72662423,980500,2021AR033,20210824,1540,,,CHURCH,,ST,,,0,098 CS-3002,CS3002,N,N,NULL,NULL,NULL,N,NULL,NULL,NULL,NULL,NULL,NULL,NULL,NULL,NULL,NULL,NULL,NULL,NULL,0,0,2,2,N,N,25,NULL,98,9807,NULL,,Y,37.51724,37,31.034,NULL,-82.56623,82,33.974,NULL,N,NULL,NULL,NULL,NULL,NULL,NULL,NULL,NULL,2,3,2,6,1,1,2,2,7,3,N,NULL,Y,Y,1542,1543,1550,N,NULL,56,,,N,,N,N,098-CS-3002-0,NULL,NULL,2021,O,7.26624E+11,098-CS-3002  -000,HIGH,098-CS-3002  -000,0.212,0,0,0,1,0,0,1,0,0,0,0,0,0
72666158,KSP0900,09-21-0706,20210816,1030,,,KY3218,,,KY3218,KY3218,0,098 KY-3218,KY3218,N,N,NULL,NULL,NULL,N,NULL,NULL,NULL,NULL,NULL,NULL,3.153,NULL,NULL,NULL,NULL,,NULL,1,1,2,2,N,N,55,NULL,98,9807,NULL,,Y,37.56092,37,33.655,NULL,-82.55774,82,33.464,NULL,N,NULL,NULL,NULL,NULL,NULL,NULL,NULL,NULL,7,3,2,4,1,5,2,2,7,3,N,NULL,N,Y,1147,1210,,N,NULL,54,8,0,Y,,N,N,098-KY-3218-0,NULL,NULL,2021,K,7.26662E+11,098-KY-3218  -000,HIGH,098-KY-3218  -000,3.153,0,0,0,0,0,0,0,0,0,0,0,1,0
72594286,KSP0900,21-58340,20210213,552,,,US119,,,US0119,US0119,0,098 US-119-10,US0119,N,N,NULL,NULL,NULL,N,NULL,NULL,NULL,NULL,NULL,NULL,6.255,NULL,NULL,NULL,NULL,,NULL,1,0,1,1,N,N,55,NULL,98,9820,NULL,,Y,37.54255,37,32.553,NULL,-82.44745,82,26.847,NULL,N,NULL,NULL,NULL,NULL,NULL,NULL,NULL,NULL,9,3,2,1,1,2,2,6,7,3,N,NULL,Y,Y,556,637,730,N,NULL,40,2,1,N,,N,N,098-US-0119-10,NULL,NULL,2021,C,7.25943E+11,098-US-0119  -010,HIGH,098-US-0119  -000,6.255,0,0,0,0,0,0,0,0,0,0,0,1,0
72621790,KSP0900,21-163190,20210424,1532,,,KY632,,,KY0632,KY0632,0,098 KY-632,KY0632,N,N,NULL,NULL,NULL,N,NULL,NULL,NULL,NULL,NULL,NULL,3.929,NULL,NULL,NULL,NULL,,NULL,3,0,1,1,N,N,55,NULL,98,9817,NULL,,Y,37.48597,37,29.158,NULL,-82.29147,82,17.488,NULL,N,NULL,NULL,NULL,NULL,NULL,NULL,NULL,NULL,9,3,2,3,1,5,6,2,7,3,Y,NULL,Y,Y,1535,1547,1700,N,NULL,70,6,0,N,,N,N,098-KY-0632-0,NULL,NULL,2021,C,7.26218E+11,098-KY-0632  -000,HIGH,098-KY-0632  -000,3.929,0,0,0,0,0,0,0,1,0,0,0,1,0