MasterFile,AgencyORINumber,LocalCode,CollisionDate,CollisionTime,CollisionDayWeekCode,RoadwayName_HouseBusinessNumber_,RoadwayName_RoadwayName_,RoadwayName_Direction_,RoadwayName_RoadwaySuffix_,RoadwayfromReport,CurrentRoadwayNumber,RoadwayNumberCoupletID,RSEUniqueGIS,RoadwayIdentifier,ParkingLotIndicator,IntersectionWith_Indicator_,IntersectionWith_NameRoadway_,IntersectionWith_Direction_,IntersectionWith_RoadwaySuffix_,BetweenStreets_Indicator_,BetweenStreets1_NameRoadway_,BetweenStreet1_Direction_,BetweenStreets1_RoadwaySuffix_,BetweenStreets2_NameRoadway_,BetweenStreets2_Direction_,BetweenStreets2_RoadwaySuffix_,Milepoint,ReportMilepointDeriveNumber,CurrentDerivedMiepointNumber,MilestoMilepoint,FeettoMilepoint,DirectionfromMilepoint_NSEW_,ValidMilepointIndicator,NumberInjured,NumberKilled,ofUnits,ofMotorVehicleUnits,Hit&RunIndicator,OneWayIndicator,SpeedLimitNumber,KilometersIndicator,CountyCode,CityCountyCode,MilesFromCity,DirectionFromCity_NSEW_,InCityLimitsIndicator,Latitude,LatitudeDegrees,LatitudeMinutes,LatitudeSeconds,Longitude,LongitudeDegrees,LongitudeMinutes,LongitudeSeconds,RampIndicator,RampFromIdentifier,RampFromDirCode,RampFromCoupletID,RSEUniqueGISRampFrom,RampToidentifier,RampToDirCode,RampToCoupletID,RSEUniqueGisRampTo,MannerofCollisionCode,LocationFirstEventCode,TotalLanes,RoadwayCharacterCode,RoadwaySurfaceCode,RoadwayConditionCode,WeatherCode,LightConditionCode,LandUseCode,SchoolBusRelatedCode,FirstAidSceneIndicator,CollDescPresentInd,InvestigationCompleteIndicator,PhotosTakenIndicator,TimeNotified,TimeArrived,TimeRoadwayOpened,PropertyDamageIndicator,DiagramPresentIndicator,DirectionalAnalysis,FunctionClassCode,NationalHwySysCode,EnforcementsIndicator,KARSCityCode,SecondaryCollisionIndicator,MedianCrossoverIndicator,RT_UNIQUE,MapIt,TimeLastLeft,YR,KABCO,MFNY,WorkingRID,RT_CONFIDENCE,KTC_RT,KTC_MP,Motorcyclist,CommercialVehicle,YoungDriver,MatureDriver,pedestrian,Bicyclist,Distracted,agressive,Impaired,Unrestrained,Intersection,RoadwayDeparture,MedXover
72635479,980100,2.021E+11,20210611,1444,,,CASSIDY,,BLVD,,,,,,N,N,NULL,NULL,NULL,N,NULL,NULL,NULL,NULL,NULL,NULL,0.032,NULL,NULL,NULL,NULL,,NULL,0,0,2,2,N,N,25,NULL,98,9801,NULL,,Y,37.50372,37,30.223,NULL,-82.53272,82,31.963,NULL,N,NULL,NULL,NULL,NULL,NULL,NULL,NULL,NULL,8,3,4,6,1,1,3,2,7,3,N,NULL,Y,N,1444,1446,1514,N,NULL,53,,,N,,N,N,,NULL,NULL,2021,O,7.26355E+11,098-CS-1191  -000,MEDIUM,098-CS-1191  -000,0.032,0,0,0,0,0,0,0,1,0,0,0,1,0
72666715,980100,2.021E+11,20210903,2034,,2138,US23,,,US0023,US0023,,,,Y,N,NULL,NULL,NULL,N,NULL,NULL,NULL,NULL,NULL,NULL,18.851,NULL,NULL,NULL,NULL,,NULL,0,0,2,2,N,N,NULL,NULL,98,9801,NULL,,Y,37.43974,37,26.385,NULL,-82.50888,82,30.533,NULL,N,NULL,NULL,NULL,NULL,NULL,NULL,NULL,NULL,8,97,NULL,6,2,1,2,5,1,3,N,NULL,Y,N,2035,2042,,N,NULL,90,,1,N,,N,N,,NULL,NULL,2021,O,7.26667E+11,098-US-0023  -010,MEDIUM,098-US-0023  -000,18.851,0,0,0,0,0,0,1,0,0,1,0,0,0
72664660,980100,2.021E+11,20210823,1249,,,COLLEGE,S,ST,,,0,098 CS-1152,CS1152,Y,N,NULL,NULL,NULL,N,NULL,NULL,NULL,NULL,NULL,NULL,0.041,NULL,NULL,NULL,NULL,,NULL,0,0,3,3,N,N,NULL,NULL,98,9801,NULL,,Y,37.4767,37,28.602,NULL,-82.52236,82,31.342,NULL,N,NULL,NULL,NULL,NULL,NULL,NULL,NULL,NULL,1,97,NULL,6,1,1,2,2,6,3,N,NULL,Y,N,1250,1253,1253,N,NULL,90,,,N,,N,N,098-CS-1152-0,NULL,NULL,2021,O,7.26647E+11,098-CS-1152  -000,HIGH,098-CS-1152  -000,0.041,0,0,0,0,0,0,0,0,0,0,0,1,0
72630796,980100,2.021E+11,20210530,1805,,,US23,,,US0023,US0023,0,098 US-23,US0023,N,N,NULL,NULL,NULL,N,NULL,NULL,NULL,NULL,NULL,NULL,21.424,NULL,NULL,NULL,NULL,,NULL,2,0,2,2,N,N,55,NULL,98,9801,NULL,,Y,37.45084,37,27.05,NULL,-82.52402,82,31.441,NULL,N,NULL,NULL,NULL,NULL,NULL,NULL,NULL,NULL,1,3,4,6,1,1,3,2,7,3,Y,NULL,Y,Y,1805,1808,1853,N,NULL,55,,1,N,,N,N,098-US-0023-0,NULL,NULL,2021,C,7.26308E+11,098-US-0023  -000,HIGH,098-US-0023  -000,21.424,0,0,0,1,0,0,1,0,0,0,0,0,0
72628869,KSP0900,21-214446,20210526,1258,,,VIRGIE,,RD,KY0610,KY0610,0,098 KY-610,KY0610,Y,N,NULL,NULL,NULL,N,NULL,NULL,NULL,NULL,NULL,NULL,8.943,NULL,NULL,NULL,NULL,,NULL,0,0,2,2,N,N,35,NULL,98,9827,NULL,,Y,37.34976,37,20.986,NULL,-82.59263,82,35.558,NULL,N,NULL,NULL,NULL,NULL,NULL,NULL,NULL,NULL,2,97,2,6,1,1,2,2,1,3,N,NULL,Y,N,1258,1258,1325,N,NULL,90,7,0,N,,N,N,098-KY-0610-0,NULL,NULL,2021,O,7.26289E+11,098-KY-0610  -000,HIGH,098-KY-0610  -000,8.943,0,0,0,0,0,0,0,0,0,0,0,0,0
72605886,980100,2.021E+11,20210318,1743,,,CASSIDY,,BLVD,,,,,,Y,N,NULL,NULL,NULL,N,NULL,NULL,NULL,NULL,NULL,NULL,0.242,NULL,NULL,NULL,NULL,,NULL,0,0,2,2,N,N,15,NULL,98,9801,NULL,,Y,37.50444,37,30.267,NULL,-82.53584,82,32.15,NULL,N,NULL,NULL,NULL,NULL,NULL,NULL,NULL,NULL,1,97,NULL,6,1,1,3,2,1,3,N,NULL,Y,N,1743,1751,1810,N,NULL,90,,,N,,N,N,,NULL,NULL,2021,O,7.26059E+11,098-CS-1191  -000,LOW,098-CS-1191  -000,0.242,0,0,0,1,0,0,1,0,0,0,0,0,0
72590614,KSP0900,21-42177,20210201,1430,,,MCCOY,,LN,,,0,098 CR-1372M,CR1372M,N,N,NULL,NULL,NULL,N,NULL,NULL,NULL,NULL,NULL,NULL,NULL,NULL,NULL,NULL,NULL,,NULL,0,0,2,2,N,N,35,NULL,98,9850,NULL,,Y,37.53415,37,32.049,NULL,-82.46028,82,27.617,NULL,N,NULL,NULL,NULL,NULL,NULL,NULL,NULL,NULL,1,3,2,6,1,5,3,2,7,3,N,NULL,N,N,1440,1455,1510,N,NULL,55,,,N,,N,N,098-CR-1372M-0,NULL,NULL,2021,O,7.25906E+11,098-CR-1372M -000,HIGH,098-CR-1372M -000,0,0,0,0,0,0,0,0,1,0,0,0,0,0
72644537,KSP0900,21-280147,20210707,645,,,KY194,,,KY0194,KY0194,0,098 KY-194,KY0194,N,N,NULL,NULL,NULL,N,NULL,NULL,NULL,NULL,NULL,NULL,18.892,NULL,NULL,NULL,NULL,,NULL,0,0,1,1,N,N,55,NULL,98,9817,NULL,,Y,37.55733,37,33.44,NULL,-82.41542,82,24.925,NULL,N,NULL,NULL,NULL,NULL,NULL,NULL,NULL,NULL,9,3,2,3,1,5,6,2,7,3,N,NULL,N,N,645,645,715,N,NULL,44,6,5,N,,N,N,098-KY-0194-0,NULL,NULL,2021,O,7.26445E+11,098-KY-0194  -000,HIGH,098-KY-0194  -000,18.892,0,0,0,0,0,0,0,0,0,0,0,1,0
72650420,980100,2.021E+11,20210709,1413,,,HAMBLEY,,BLVD,,,0,098 CS-1222,CS1222,Y,N,NULL,NULL,NULL,N,NULL,NULL,NULL,NULL,NULL,NULL,0.476,NULL,NULL,NULL,NULL,,NULL,0,0,2,2,N,N,15,NULL,98,9801,NULL,,Y,37.47812,37,28.687,NULL,-82.52059,82,31.235,NULL,N,NULL,NULL,NULL,NULL,NULL,NULL,NULL,NULL,2,97,1,6,1,1,2,2,5,3,N,NULL,Y,N,1413,1415,1425,N,NULL,90,,,N,,N,N,098-CS-1222-0,NULL,NULL,2021,O,7.26504E+11,098-CS-1222  -000,HIGH,098-CS-1222  -000,0.476,0,0,0,0,0,0,0,0,0,0,0,0,0
72655982,980100,2.021E+11,20210806,1426,,,US23,,,US0023,US0023,0,098 US-23-10,US0023,N,N,NULL,NULL,NULL,N,NULL,NULL,NULL,NULL,NULL,NULL,27.389,NULL,NULL,NULL,NULL,,NULL,0,0,2,2,N,N,55,NULL,98,9807,NULL,,Y,37.51086,37,30.652,NULL,-82.54903,82,32.942,NULL,N,NULL,NULL,NULL,NULL,NULL,NULL,NULL,NULL,5,3,4,6,1,1,2,2,7,3,N,NULL,Y,N,1427,1437,1437,N,NULL,49,,1,N,,N,N,098-US-0023-10,NULL,NULL,2021,O,7.2656E+11,098-US-0023  -010,HIGH,098-US-0023  -000,27.389,0,0,0,1,0,0,1,0,0,0,0,0,0
72678556,980100,2.021E+11,20211003,2040,,,CASSIDY,,BLVD,,,0,098 CS-1191,CS1191,N,N,NULL,NULL,NULL,N,NULL,NULL,NULL,NULL,NULL,NULL,0.232,NULL,NULL,NULL,NULL,,NULL,0,0,2,2,N,N,55,NULL,98,9801,NULL,,Y,37.50437,37,30.262,NULL,-82.53568,82,32.141,NULL,N,NULL,NULL,NULL,NULL,NULL,NULL,NULL,NULL,7,3,1,2,1,5,6,6,1,3,N,NULL,N,N,2040,2050,,N,NULL,54,,,N,,N,N,098-CS-1191-0,NULL,NULL,2021,O,7.26786E+11,098-CS-1191  -000,HIGH,098-CS-1191  -000,0.232,0,0,0,0,0,0,0,0,0,0,0,1,0
72610972,980100,2.021E+11,20210405,2052,,,HAMBLEY,,BLVD,,,,,,N,N,NULL,NULL,NULL,N,NULL,NULL,NULL,NULL,NULL,NULL,NULL,NULL,NULL,NULL,NULL,NULL,NULL,3,0,2,2,N,N,45,NULL,98,9801,NULL,,Y,37.47929,37,28.757,NULL,-82.54307,82,32.584,NULL,N,NULL,NULL,NULL,NULL,NULL,NULL,NULL,NULL,3,3,4,6,1,1,2,1,1,3,Y,NULL,Y,Y,2054,2055,2139,N,NULL,52,,,Y,,N,N,,NULL,NULL,2021,B,7.2611E+11,098-KY-1384  -000,MEDIUM,098-KY-1384  -000,6.795,0,0,1,0,0,0,0,1,0,0,0,1,0
72680467,980100,2.021E+11,20211003,1512,,,CASSIDY,,BLVD,,,0,098 CS-1191,CS1191,Y,N,NULL,NULL,NULL,N,NULL,NULL,NULL,NULL,NULL,NULL,0.328,NULL,NULL,NULL,NULL,,NULL,0,0,1,1,Y,N,NULL,NULL,98,9801,NULL,,Y,37.50595,37,30.357,NULL,-82.53799,82,32.28,NULL,N,NULL,NULL,NULL,NULL,NULL,NULL,NULL,NULL,9,97,NULL,6,1,5,6,2,1,3,N,NULL,Y,N,1512,1528,1528,N,NULL,90,,,N,,N,N,098-CS-1191-0,NULL,NULL,2021,NULL,7.26805E+11,098-CS-1191  -000,HIGH,098-CS-1191  -000,0.328,0,0,0,0,0,0,0,0,0,0,0,0,0
72672309,KSP0900,21-378346,20210911,600,,,TOLER,,RD,KY0319,KY0319,0,098 KY-319,KY0319,N,N,NULL,NULL,NULL,N,NULL,NULL,NULL,NULL,NULL,NULL,1.5,NULL,NULL,NULL,NULL,,NULL,0,0,1,1,N,N,55,NULL,98,9842,NULL,,Y,37.59053,37,35.432,NULL,-82.20083,82,12.05,NULL,N,NULL,NULL,NULL,NULL,NULL,NULL,NULL,NULL,9,3,2,2,1,1,2,2,7,3,N,NULL,Y,N,1600,1615,600,N,NULL,40,7,0,N,,N,N,098-KY-0319-0,NULL,NULL,2021,O,7.26723E+11,098-KY-0319  -000,HIGH,098-KY-0319  -000,1.5,0,0,0,0,0,0,0,0,0,0,0,1,0
72688832,980100,2.021E+11,20211028,1055,,548,BYPASS,S,RD,KY1426,KY1426,0,098 KY-1426,KY1426,Y,N,NULL,NULL,NULL,N,NULL,NULL,NULL,NULL,NULL,NULL,6.461,NULL,NULL,NULL,NULL,,NULL,0,0,2,2,N,N,NULL,NULL,98,9801,NULL,,Y,37.48187,37,28.912,NULL,-82.51402,82,30.841,NULL,N,NULL,NULL,NULL,NULL,NULL,NULL,NULL,NULL,2,97,1,6,1,1,2,2,1,3,N,NULL,Y,N,1055,1058,1059,N,NULL,90,,0,N,,N,N,098-KY-1426-0,NULL,NULL,2021,O,7.26888E+11,098-KY-1426  -000,HIGH,098-KY-1426  -000,6.461,0,0,0,0,0,0,1,0,0,0,0,0,0
72610571,980100,2.021E+11,20210330,1601,,,CASSIDY,,BLVD,,,,,,N,N,NULL,NULL,NULL,N,NULL,NULL,NULL,NULL,NULL,NULL,0.227,NULL,NULL,NULL,NULL,,NULL,0,0,2,2,N,N,35,NULL,98,9801,NULL,,Y,37.50429,37,30.258,NULL,-82.53561,82,32.137,NULL,N,NULL,NULL,NULL,NULL,NULL,NULL,NULL,NULL,8,3,4,6,1,1,2,2,1,3,N,NULL,Y,N,1601,1606,1615,N,NULL,53,,,N,,N,N,,NULL,NULL,2021,O,7.26106E+11,098-CS-1191  -000,LOW,098-CS-1191  -000,0.227,0,0,0,0,0,0,1,0,0,0,0,1,0
72623240,KSP0900,2021-180263,20210505,1025,,,FERRELLS CREEK,,RD,US0460,US0460,0,098 US-460,US0460,N,N,NULL,NULL,NULL,N,NULL,NULL,NULL,NULL,NULL,NULL,20.951,NULL,NULL,NULL,NULL,,NULL,2,0,2,2,N,N,55,NULL,98,9847,NULL,,Y,37.3736,37,22.416,NULL,-82.27811,82,16.687,NULL,N,NULL,NULL,NULL,NULL,NULL,NULL,NULL,NULL,3,3,2,2,1,5,3,2,7,3,N,NULL,Y,Y,1000,1021,1021,N,NULL,52,,1,N,,N,N,098-US-0460-0,NULL,NULL,2021,A,7.26232E+11,098-US-0460  -000,HIGH,098-US-0460  -000,20.951,0,0,1,0,0,0,0,0,0,0,0,1,0
72606397,980500,2021AR012,20210324,1324,,,US23 SOUTH,,,US0023,US0023,0,098 US-23-10,US0023,N,N,NULL,NULL,NULL,N,NULL,NULL,NULL,NULL,NULL,NULL,NULL,NULL,NULL,NULL,NULL,NULL,NULL,1,0,2,2,N,N,45,NULL,98,9807,NULL,,Y,37.51979,37,31.187,NULL,-82.56741,82,34.045,NULL,N,NULL,NULL,NULL,NULL,NULL,NULL,NULL,NULL,5,3,4,6,1,1,2,2,7,3,Y,NULL,Y,Y,1324,1328,1352,N,NULL,49,,1,N,,N,N,098-US-0023-10,NULL,NULL,2021,C,7.26064E+11,098-US-0023  -010,HIGH,098-US-0023  -000,28.615,0,0,0,0,0,0,1,1,0,0,0,0,0
72606206,980100,2.021E+11,20210322,2110,,,HAMBLEY,,BLVD,,,0,098 CS-1222,CS1222,Y,N,NULL,NULL,NULL,N,NULL,NULL,NULL,NULL,NULL,NULL,0.444,NULL,NULL,NULL,NULL,,NULL,0,0,2,2,N,N,NULL,NULL,98,9801,NULL,,Y,37.47778,37,28.667,NULL,-82.521,82,31.26,NULL,N,NULL,NULL,NULL,NULL,NULL,NULL,NULL,NULL,8,97,NULL,4,1,1,2,8,1,3,N,NULL,Y,N,2110,2113,2139,N,NULL,90,,,N,,N,N,098-CS-1222-0,NULL,NULL,2021,O,7.26062E+11,098-CS-1222  -000,HIGH,098-CS-1222  -000,0.444,0,0,1,0,0,0,1,0,0,0,0,0,0
72650613,980100,2.021E+11,20210723,1353,,2138,S MAYO,,TRL,,,0,098 CS-1000,CS1000,Y,N,NULL,NULL,NULL,N,NULL,NULL,NULL,NULL,NULL,NULL,NULL,NULL,NULL,NULL,NULL,NULL,NULL,0,0,2,2,N,N,NULL,NULL,98,9801,NULL,,Y,37.43827,37,26.296,NULL,-82.51131,82,30.679,NULL,N,NULL,NULL,NULL,NULL,NULL,NULL,NULL,NULL,1,97,1,6,1,1,2,2,1,3,N,NULL,Y,N,1355,1402,1402,N,NULL,90,,,N,,N,N,098-CS-1000-0,NULL,NULL,2021,O,7.26506E+11,098-CS-1000  -000,HIGH,098-CS-1000  -000,0.063,0,0,0,0,0,0,1,0,0,0,0,0,0
72653583,980100,2.021E+11,20210731,2013,,,BYPASS,S,RD,KY1426,KY1426,0,098 KY-1426,KY1426,N,N,NULL,NULL,NULL,N,NULL,NULL,NULL,NULL,NULL,NULL,6.601,NULL,NULL,NULL,NULL,,NULL,0,0,2,2,N,N,35,NULL,98,9801,NULL,,Y,37.48299,37,28.979,NULL,-82.5133,82,30.798,NULL,N,NULL,NULL,NULL,NULL,NULL,NULL,NULL,NULL,1,3,3,6,1,1,2,3,1,3,N,NULL,Y,N,2013,2015,2015,N,NULL,55,,0,Y,,N,N,098-KY-1426-0,NULL,NULL,2021,O,7.26536E+11,098-KY-1426  -000,HIGH,098-KY-1426  -000,6.601,0,0,0,0,0,0,0,1,1,0,0,0,0
72646425,370200,2021-287794,20210712,735,,,US119,,,US0119,US0119,0,098 US-119,US0119,N,N,NULL,NULL,NULL,N,NULL,NULL,NULL,NULL,NULL,NULL,20.443,NULL,NULL,NULL,NULL,,NULL,0,0,1,1,N,N,55,NULL,98,9836,NULL,,Y,37.6169,37,37.014,NULL,-82.27424,82,16.454,NULL,N,NULL,NULL,NULL,NULL,NULL,NULL,NULL,NULL,9,3,2,3,1,1,2,2,7,3,N,NULL,Y,Y,803,901,1107,N,NULL,70,2,1,N,,N,N,098-US-0119-0,NULL,NULL,2021,O,7.26464E+11,098-US-0119  -000,HIGH,098-US-0119  -000,20.443,0,1,0,0,0,0,0,0,0,0,0,1,0
72685005,980100,2.021E+11,20211015,1516,,,CASSIDY,,BLVD,,,0,098 CS-1191,CS1191,Y,N,NULL,NULL,NULL,N,NULL,NULL,NULL,NULL,NULL,NULL,0.218,NULL,NULL,NULL,NULL,,NULL,0,0,2,2,N,N,NULL,NULL,98,9801,NULL,,Y,37.50466,37,30.28,NULL,-82.53541,82,32.125,NULL,N,NULL,NULL,NULL,NULL,NULL,NULL,NULL,NULL,6,97,NULL,6,1,1,2,2,5,3,N,NULL,Y,N,1516,1517,1525,N,NULL,90,,,N,,N,N,098-CS-1191-0,NULL,NULL,2021,O,7.2685E+11,098-CS-1191  -000,HIGH,098-CS-1191  -000,0.218,0,0,0,1,0,0,1,1,0,0,0,1,0
72675274,KSP0900,21-397972,20210925,1620,,,KY194,,,KY0194,KY0194,0,098 KY-194,KY0194,N,N,NULL,NULL,NULL,N,NULL,NULL,NULL,NULL,NULL,NULL,69.032,NULL,NULL,NULL,NULL,,NULL,0,0,1,1,N,N,35,NULL,98,9825,NULL,,Y,37.50445,37,30.267,NULL,-82.06876,82,4.126,NULL,N,NULL,NULL,NULL,NULL,NULL,NULL,NULL,NULL,9,5,2,3,1,1,2,2,6,3,N,NULL,Y,N,1622,1655,1730,N,NULL,51,7,0,N,,N,Y,098-KY-0194-0,NULL,NULL,2021,O,7.26753E+11,098-KY-0194  -000,HIGH,098-KY-0194  -000,69.032,0,0,0,0,0,0,1,0,0,0,0,1,0
72708405,980100,2.021E+11,20211206,1204,,,BYPASS,S,RD,KY1426,KY1426,0,098 KY-1426,KY1426,N,Y,BYPASS,N,RD,N,NULL,NULL,NULL,NULL,NULL,NULL,6.602,NULL,NULL,NULL,NULL,,NULL,0,0,2,2,N,N,45,NULL,98,9801,NULL,,Y,37.483,37,28.98,NULL,-82.51329,82,30.797,NULL,N,NULL,NULL,NULL,NULL,NULL,NULL,NULL,NULL,5,3,2,6,1,5,3,2,7,3,N,NULL,Y,N,1204,1211,1232,N,NULL,35,,0,N,,N,N,098-KY-1426-0,NULL,NULL,2021,O,7.27084E+11,098-KY-1426  -000,HIGH,098-KY-1426  -000,6.602,0,0,0,1,0,0,1,1,0,0,1,0,0
72613930,KSP0900,21-149798,20210414,2021,,,TUG FORK,,DR,,,0,098 CR-1006,CR1006,Y,N,NULL,NULL,NULL,N,NULL,NULL,NULL,NULL,NULL,NULL,0.031,NULL,NULL,NULL,NULL,,NULL,0,0,2,2,N,N,5,NULL,98,9834,NULL,,Y,37.70471,37,42.283,NULL,-82.30029,82,18.018,NULL,N,NULL,NULL,NULL,NULL,NULL,NULL,NULL,NULL,2,97,1,6,1,5,2,5,6,3,N,NULL,Y,Y,2025,2045,2045,N,NULL,90,,,N,,N,N,098-CR-1006-0,NULL,NULL,2021,O,7.26139E+11,098-CR-1006  -000,MEDIUM,098-CR-1006  -000,0.031,0,0,1,1,0,0,1,0,0,0,0,0,0
72655457,KSP0900,21-299963,20210720,715,,,KY194,,,KY0194,KY0194,0,098 KY-194,KY0194,N,N,NULL,NULL,NULL,N,NULL,NULL,NULL,NULL,NULL,NULL,18.844,NULL,NULL,NULL,NULL,,NULL,0,0,1,1,N,N,55,NULL,98,9817,NULL,,Y,37.55312,37,33.187,NULL,-82.41477,82,24.886,NULL,N,NULL,NULL,NULL,NULL,NULL,NULL,NULL,NULL,9,3,2,3,1,1,2,2,7,3,N,NULL,Y,N,715,735,830,N,NULL,44,6,5,N,,N,N,098-KY-0194-0,NULL,NULL,2021,O,7.26555E+11,098-KY-0194  -000,HIGH,098-KY-0194  -000,18.844,0,0,0,0,0,0,0,0,0,0,0,1,0
72557323,980100,2.02E+11,20201020,2247,,515,BYPASS,N,RD,KY1460,KY1460,0,098 KY-1460,KY1460,Y,N,NULL,NULL,NULL,N,NULL,NULL,NULL,NULL,NULL,NULL,5.127,NULL,NULL,NULL,NULL,,NULL,0,0,1,1,N,N,45,NULL,98,9801,NULL,,Y,37.48359,37,29.015,NULL,-82.51398,82,30.839,NULL,N,NULL,NULL,NULL,NULL,NULL,NULL,NULL,NULL,9,97,2,6,1,1,2,6,5,3,N,NULL,Y,Y,2247,2247,2247,Y,NULL,90,16,0,Y,,N,N,098-KY-1460-0,NULL,NULL,2020,O,7.25573E+11,098-KY-1460  -000,HIGH,098-KY-1460  -000,5.127,0,0,0,0,0,0,0,0,1,1,0,1,0
72604549,980500,2021AR010,20210318,1520,,,MAIN STREET,,,,,,,,Y,N,NULL,NULL,NULL,N,NULL,NULL,NULL,NULL,NULL,NULL,NULL,NULL,NULL,NULL,NULL,NULL,NULL,0,0,2,2,N,N,15,NULL,98,9807,NULL,,Y,37.51955,37,31.173,NULL,-82.56711,82,34.027,NULL,N,NULL,NULL,NULL,NULL,NULL,NULL,NULL,NULL,1,97,NULL,6,1,1,2,2,1,3,N,NULL,Y,Y,1520,1520,1530,N,NULL,90,,,N,,N,N,,NULL,NULL,2021,O,7.26045E+11,098-US-0023  -010,MEDIUM,098-US-0023  -000,28.59,0,0,0,0,0,0,1,0,0,0,0,0,0
72611898,980500,2021AR015,20210409,1340,,,MAIN,,ST,,,0,098 CS-3000,CS3000,Y,N,NULL,NULL,NULL,N,NULL,NULL,NULL,NULL,NULL,NULL,NULL,NULL,NULL,NULL,NULL,NULL,NULL,0,0,2,2,N,N,15,NULL,98,9807,NULL,,Y,37.51942,37,31.165,NULL,-82.56775,82,34.065,NULL,N,NULL,NULL,NULL,NULL,NULL,NULL,NULL,NULL,2,97,NULL,6,1,1,2,2,1,3,N,NULL,Y,Y,1343,1344,1344,N,NULL,90,,,N,,N,N,098-CS-3000-0,NULL,NULL,2021,O,7.26119E+11,098-CS-3000  -000,HIGH,098-CS-3000  -000,0.548,0,0,1,0,0,0,1,0,0,0,0,0,0
72606605,980100,2.021E+11,20210323,1330,,254,CASSIDY,,BLVD,,,0,098 CS-1191,CS1191,Y,N,NULL,NULL,NULL,N,NULL,NULL,NULL,NULL,NULL,NULL,0.049,NULL,NULL,NULL,NULL,,NULL,0,0,2,2,N,N,NULL,NULL,98,9801,NULL,,Y,37.50368,37,30.221,NULL,-82.53296,82,31.977,NULL,N,NULL,NULL,NULL,NULL,NULL,NULL,NULL,NULL,2,97,1,6,1,1,2,2,1,3,N,NULL,Y,N,1330,1339,1339,N,NULL,90,,,N,,N,N,098-CS-1191-0,NULL,NULL,2021,O,7.26066E+11,098-CS-1191  -000,HIGH,098-CS-1191  -000,0.049,0,0,0,1,0,0,1,0,0,0,0,0,0
72715996,KSP0900,2022-00802,20220101,1458,,,CENTRAL,,AVE,,,0,098 CR-1035H,CR1035H,N,Y,2ND,,ST,N,NULL,NULL,NULL,NULL,NULL,NULL,0.002,NULL,NULL,NULL,NULL,,NULL,1,0,2,2,N,N,35,NULL,98,9834,NULL,,Y,37.67358,37,40.415,NULL,-82.28309,82,16.985,NULL,N,NULL,NULL,NULL,NULL,NULL,NULL,NULL,NULL,1,3,2,3,1,5,3,2,7,3,Y,NULL,Y,Y,1500,1500,1500,N,NULL,10,,,N,,N,N,098-CR-1035H-0,NULL,NULL,2022,A,7.2716E+11,098-CR-1035H -000,HIGH,098-CR-1035H -000,0.002,0,0,0,0,0,0,0,0,0,0,1,0,0
72653395,980100,2.021E+11,20210727,1318,,911,BYPASS ROAD,,,,,,,,Y,N,NULL,NULL,NULL,N,NULL,NULL,NULL,NULL,NULL,NULL,NULL,NULL,NULL,NULL,NULL,NULL,NULL,0,0,2,2,Y,N,15,NULL,98,9801,NULL,,Y,37.47282,37,28.369,NULL,-82.5227,82,31.362,NULL,N,NULL,NULL,NULL,NULL,NULL,NULL,NULL,NULL,7,97,NULL,6,2,1,2,2,5,3,N,NULL,Y,N,1318,1324,1324,N,NULL,90,,,N,,N,N,,NULL,NULL,2021,NULL,7.26534E+11,098-KY-1426  -000,MEDIUM,098-KY-1426  -000,5.699,0,0,0,0,0,0,1,0,0,0,0,0,0
72677877,KSP0900,21-406942,20211002,134,,,HAROLDS BRANCH,,RD,,,0,098 CS-1223,CS1223,N,N,NULL,NULL,NULL,N,NULL,NULL,NULL,NULL,NULL,NULL,0.136,NULL,NULL,NULL,NULL,,NULL,1,0,1,1,N,N,5,NULL,98,9801,NULL,,Y,37.47109,37,28.266,NULL,-82.52155,82,31.293,NULL,N,NULL,NULL,NULL,NULL,NULL,NULL,NULL,NULL,9,97,1,5,97,11,2,7,4,3,N,NULL,Y,N,346,350,350,N,NULL,70,,,N,,N,N,098-CS-1223-0,NULL,NULL,2021,B,7.26779E+11,098-CS-1223  -000,HIGH,098-CS-1223  -000,0.136,0,0,1,0,0,0,0,0,1,0,0,1,0
72605814,KSP0900,21-112846,20210321,2118,,,KY194,,,KY0194,KY0194,,,,N,N,NULL,NULL,NULL,N,NULL,NULL,NULL,NULL,NULL,NULL,24.688,NULL,NULL,NULL,NULL,,NULL,0,0,1,1,N,N,55,NULL,98,9817,NULL,,Y,37.52042,37,31.225,NULL,-82.36381,82,21.828,NULL,N,NULL,NULL,NULL,NULL,NULL,NULL,NULL,NULL,9,3,2,3,1,1,2,6,7,3,N,NULL,Y,N,2119,2145,2215,Y,NULL,44,6,0,N,,N,N,,NULL,NULL,2021,O,7.26058E+11,098-KY-0194  -000,MEDIUM,098-KY-0194  -000,24.688,0,0,0,0,0,0,0,0,0,0,0,1,0
72689441,980100,2.021E+11,20211028,937,,,COLLEGE,S,ST,,,,,,Y,N,NULL,NULL,NULL,N,NULL,NULL,NULL,NULL,NULL,NULL,0.302,NULL,NULL,NULL,NULL,,NULL,0,0,2,2,Y,N,NULL,NULL,98,9801,NULL,,Y,37.47475,37,28.485,NULL,-82.5262,82,31.572,NULL,N,NULL,NULL,NULL,NULL,NULL,NULL,NULL,NULL,2,97,NULL,6,1,1,2,2,6,3,N,NULL,Y,N,920,920,920,N,NULL,90,,,N,,N,N,,NULL,NULL,2021,NULL,7.26894E+11,098-CS-1152  -000,LOW,098-CS-1152  -000,0.302,0,0,0,0,0,0,1,0,0,0,0,0,0