MasterFile,AgencyORINumber,LocalCode,CollisionDate,CollisionTime,CollisionDayWeekCode,RoadwayName_HouseBusinessNumber_,RoadwayName_RoadwayName_,RoadwayName_Direction_,RoadwayName_RoadwaySuffix_,RoadwayfromReport,CurrentRoadwayNumber,RoadwayNumberCoupletID,RSEUniqueGIS,RoadwayIdentifier,ParkingLotIndicator,IntersectionWith_Indicator_,IntersectionWith_NameRoadway_,IntersectionWith_Direction_,IntersectionWith_RoadwaySuffix_,BetweenStreets_Indicator_,BetweenStreets1_NameRoadway_,BetweenStreet1_Direction_,BetweenStreets1_RoadwaySuffix_,BetweenStreets2_NameRoadway_,BetweenStreets2_Direction_,BetweenStreets2_RoadwaySuffix_,Milepoint,ReportMilepointDeriveNumber,CurrentDerivedMiepointNumber,MilestoMilepoint,FeettoMilepoint,DirectionfromMilepoint_NSEW_,ValidMilepointIndicator,NumberInjured,NumberKilled,ofUnits,ofMotorVehicleUnits,Hit&RunIndicator,OneWayIndicator,SpeedLimitNumber,KilometersIndicator,CountyCode,CityCountyCode,MilesFromCity,DirectionFromCity_NSEW_,InCityLimitsIndicator,Latitude,LatitudeDegrees,LatitudeMinutes,LatitudeSeconds,Longitude,LongitudeDegrees,LongitudeMinutes,LongitudeSeconds,RampIndicator,RampFromIdentifier,RampFromDirCode,RampFromCoupletID,RSEUniqueGISRampFrom,RampToidentifier,RampToDirCode,RampToCoupletID,RSEUniqueGisRampTo,MannerofCollisionCode,LocationFirstEventCode,TotalLanes,RoadwayCharacterCode,RoadwaySurfaceCode,RoadwayConditionCode,WeatherCode,LightConditionCode,LandUseCode,SchoolBusRelatedCode,FirstAidSceneIndicator,CollDescPresentInd,InvestigationCompleteIndicator,PhotosTakenIndicator,TimeNotified,TimeArrived,TimeRoadwayOpened,PropertyDamageIndicator,DiagramPresentIndicator,DirectionalAnalysis,FunctionClassCode,NationalHwySysCode,EnforcementsIndicator,KARSCityCode,SecondaryCollisionIndicator,MedianCrossoverIndicator,RT_UNIQUE,MapIt,TimeLastLeft,YR,KABCO,MFNY,WorkingRID,RT_CONFIDENCE,KTC_RT,KTC_MP,Motorcyclist,CommercialVehicle,YoungDriver,MatureDriver,pedestrian,Bicyclist,Distracted,agressive,Impaired,Unrestrained,Intersection,RoadwayDeparture,MedXover
72602306,980100,2.021E+11,20210309,1637,,,BANK,,ST,,,,,,N,N,NULL,NULL,NULL,N,NULL,NULL,NULL,NULL,NULL,NULL,0.048,NULL,NULL,NULL,NULL,,NULL,0,0,2,2,N,Y,10,NULL,98,9801,NULL,,Y,37.47571,37,28.542,NULL,-82.521,82,31.26,NULL,N,NULL,NULL,NULL,NULL,NULL,NULL,NULL,NULL,2,3,1,6,1,1,2,2,1,3,N,NULL,Y,N,1637,1639,1655,N,NULL,47,,,N,,N,N,,NULL,NULL,2021,O,7.26023E+11,098-CS-1106  -000,MEDIUM,098-CS-1106  -000,0.048,0,0,0,0,0,0,1,0,0,0,0,0,0
72620688,980100,2.021E+11,20210503,2148,,,HIBBARD,,ST,,,,,,Y,N,NULL,NULL,NULL,N,NULL,NULL,NULL,NULL,NULL,NULL,0.017,NULL,NULL,NULL,NULL,,NULL,0,0,2,2,N,N,15,NULL,98,9801,NULL,,Y,37.47334,37,28.4,NULL,-82.52682,82,31.609,NULL,N,NULL,NULL,NULL,NULL,NULL,NULL,NULL,NULL,2,97,1,6,1,1,2,5,1,3,N,NULL,Y,N,2148,2148,2148,N,NULL,90,,,N,,N,N,,NULL,NULL,2021,O,7.26207E+11,098-CS-1053  -000,MEDIUM,098-CS-1053  -000,0.017,0,0,1,0,0,0,1,0,0,0,0,0,0
72639401,KSP0900,21-256792,20210622,940,,,KY3417,,,KY3417,KY3417,0,098 KY-3417,KY3417,N,N,NULL,NULL,NULL,N,NULL,NULL,NULL,NULL,NULL,NULL,0.37,NULL,NULL,NULL,NULL,,NULL,0,0,2,2,N,N,35,NULL,98,9801,NULL,,Y,37.46663,37,27.998,NULL,-82.55825,82,33.495,NULL,N,NULL,NULL,NULL,NULL,NULL,NULL,NULL,NULL,7,3,2,1,1,5,2,2,7,3,N,NULL,N,Y,940,1001,,N,NULL,54,17,0,N,,N,N,098-KY-3417-0,NULL,NULL,2021,O,7.26394E+11,098-KY-3417  -000,HIGH,098-KY-3417  -000,0.37,0,0,0,0,0,0,1,0,0,0,0,1,0
72650176,980100,2.021E+11,20210518,613,,1454,US23,,,US0023,US0023,0,098 US-23,US0023,N,N,NULL,NULL,NULL,N,NULL,NULL,NULL,NULL,NULL,NULL,20.932,NULL,NULL,NULL,NULL,,NULL,1,1,2,2,N,N,55,NULL,98,9801,NULL,,Y,37.44416,37,26.65,NULL,-82.52486,82,31.492,NULL,N,NULL,NULL,NULL,NULL,NULL,NULL,NULL,NULL,3,3,4,6,1,5,6,2,7,3,N,NULL,Y,Y,614,617,1432,N,NULL,52,,1,Y,,N,N,098-US-0023-0,NULL,NULL,2021,K,7.26502E+11,098-US-0023  -000,HIGH,098-US-0023  -000,20.932,0,0,0,0,0,0,0,0,1,1,0,1,0
72689071,980100,2.021E+11,20211028,2115,,,THOMPSON,,RD,,,0,098 CS-1215,CS1215,Y,N,NULL,NULL,NULL,N,NULL,NULL,NULL,NULL,NULL,NULL,0.513,NULL,NULL,NULL,NULL,,NULL,0,0,2,2,N,N,NULL,NULL,98,9801,NULL,,Y,37.50599,37,30.359,NULL,-82.54345,82,32.607,NULL,N,NULL,NULL,NULL,NULL,NULL,NULL,NULL,NULL,7,97,NULL,6,1,5,6,5,1,3,N,NULL,Y,N,2115,2130,,N,NULL,90,,,N,,N,N,098-CS-1215-0,NULL,NULL,2021,O,7.26891E+11,098-CS-1215  -000,HIGH,098-CS-1215  -000,0.513,0,0,1,0,0,0,1,0,0,0,0,0,0
72613699,980100,2.021E+11,20210413,1529,,,BAIRD,,AVE,KY1426,KY1426,0,098 KY-1426,KY1426,Y,N,NULL,NULL,NULL,N,NULL,NULL,NULL,NULL,NULL,NULL,5.433,NULL,NULL,NULL,NULL,,NULL,0,0,2,2,N,N,55,NULL,98,9801,NULL,,Y,37.47273,37,28.364,NULL,-82.52699,82,31.619,NULL,N,NULL,NULL,NULL,NULL,NULL,NULL,NULL,NULL,5,97,2,6,1,1,2,2,2,3,N,NULL,Y,N,1529,1533,1553,N,NULL,90,,0,N,,N,N,098-KY-1426-0,NULL,NULL,2021,O,7.26137E+11,098-KY-1426  -000,HIGH,098-KY-1426  -000,5.433,0,0,0,0,0,0,1,0,0,0,0,0,0
72602011,KSP1300,21-89462,20210306,1145,,,US23,,,US0023,US0023,0,098 US-23,US0023,N,N,NULL,NULL,NULL,N,NULL,NULL,NULL,NULL,NULL,NULL,2.271,NULL,NULL,NULL,NULL,,NULL,3,0,4,1,N,N,55,NULL,98,9809,NULL,,Y,37.26979,37,16.187,NULL,-82.61008,82,36.605,NULL,N,NULL,NULL,NULL,NULL,NULL,NULL,NULL,NULL,1,3,4,1,1,1,2,2,7,3,Y,NULL,Y,Y,1145,1145,1245,N,NULL,55,,1,N,,N,N,098-US-0023-0,NULL,NULL,2021,A,7.2602E+11,098-US-0023  -000,HIGH,098-US-0023  -000,2.271,0,0,0,1,0,0,1,1,0,0,0,0,0
72644129,980100,2.021E+11,20210704,2201,,,US23,,,US0023,US0023,0,098 US-23,US0023,N,N,NULL,NULL,NULL,N,NULL,NULL,NULL,NULL,NULL,NULL,22.808,NULL,NULL,NULL,NULL,,NULL,0,0,2,2,N,N,55,NULL,98,9801,NULL,,Y,37.46516,37,27.91,NULL,-82.52367,82,31.421,NULL,N,NULL,NULL,NULL,NULL,NULL,NULL,NULL,NULL,8,3,4,6,1,1,3,6,7,3,N,NULL,Y,N,2201,2204,,N,NULL,53,,1,N,,N,N,098-US-0023-0,NULL,NULL,2021,O,7.26441E+11,098-US-0023  -000,HIGH,098-US-0023  -000,22.808,0,0,0,0,0,0,1,0,0,0,0,1,0
72661541,980100,2.021E+11,20210819,2300,,911,SOUTH BYPASS,,RD,,,0,098 CS-1223,CS1223,Y,N,NULL,NULL,NULL,N,NULL,NULL,NULL,NULL,NULL,NULL,NULL,NULL,NULL,NULL,NULL,NULL,NULL,0,0,2,2,Y,N,NULL,NULL,98,9801,NULL,,Y,37.47211,37,28.326,NULL,-82.52253,82,31.352,NULL,N,NULL,NULL,NULL,NULL,NULL,NULL,NULL,NULL,8,97,2,6,2,1,2,5,1,3,N,NULL,N,N,1515,1515,1515,N,NULL,90,,,N,,N,N,098-CS-1223-0,NULL,NULL,2021,NULL,7.26615E+11,098-CS-1223  -000,HIGH,098-CS-1223  -000,0.048,0,0,0,0,0,0,0,0,0,0,0,0,0
72645223,980100,2.021E+11,20210708,1951,,,US23,,,US0023,US0023,0,098 US-23,US0023,N,N,NULL,NULL,NULL,N,NULL,NULL,NULL,NULL,NULL,NULL,30.957,NULL,NULL,NULL,NULL,,NULL,2,0,1,1,N,N,55,NULL,98,9801,NULL,,Y,37.54005,37,32.403,NULL,-82.59243,82,35.546,NULL,N,NULL,NULL,NULL,NULL,NULL,NULL,NULL,NULL,9,3,4,6,1,1,2,2,7,3,Y,NULL,Y,Y,1951,1958,2026,N,NULL,38,,1,N,,N,N,098-US-0023-0,NULL,NULL,2021,A,7.26452E+11,098-US-0023  -000,HIGH,098-US-0023  -000,30.957,1,0,0,0,0,0,0,0,0,0,0,1,0
72597775,980100,2.021E+11,20210223,747,,,US23,,,US0023,US0023,,,,N,N,NULL,NULL,NULL,N,NULL,NULL,NULL,NULL,NULL,NULL,26.533,NULL,NULL,NULL,NULL,,NULL,0,0,2,2,N,N,55,NULL,98,9801,NULL,,Y,37.50689,37,30.413,NULL,-82.53403,82,32.041,NULL,N,NULL,NULL,NULL,NULL,NULL,NULL,NULL,NULL,5,3,4,6,1,1,3,2,7,3,N,NULL,Y,N,747,751,,N,NULL,70,,1,N,,N,N,,NULL,NULL,2021,O,7.25978E+11,098-US-0023  -010,MEDIUM,098-US-0023  -000,26.533,0,0,0,0,0,0,0,0,0,0,0,0,0
72633072,KSP0900,09-21-0500,20210604,1134,,,YELLOW HILL,,RD,,,0,098 CR-1661B,CR1661B,N,N,NULL,NULL,NULL,N,NULL,NULL,NULL,NULL,NULL,NULL,0.072,NULL,NULL,NULL,NULL,,NULL,0,0,1,1,Y,N,25,NULL,98,9802,NULL,,Y,37.35614,37,21.368,NULL,-82.40537,82,24.322,NULL,N,NULL,NULL,NULL,NULL,NULL,NULL,NULL,NULL,9,5,1,4,1,1,2,4,7,3,N,NULL,N,Y,2334,2349,10,Y,NULL,51,,,N,,N,N,098-CR-1661B-0,NULL,NULL,2021,O,7.26331E+11,098-CR-1661B -000,HIGH,098-CR-1661B -000,0.072,0,0,0,0,0,0,0,0,0,0,0,1,0
72657758,370200,2021-315245,20210730,857,,,,,,US0119,US0119,,,,N,N,NULL,NULL,NULL,N,NULL,NULL,NULL,NULL,NULL,NULL,0.575,NULL,NULL,NULL,NULL,NULL,NULL,0,0,2,2,N,N,35,NULL,98,9801,NULL,,Y,37.55993,37,33.596,NULL,-82.42573,82,25.543,NULL,Y,KY0194,N,NULL,098 US-119-211,US0119,N,NULL,098 US-119-211,1,3,2,4,1,1,3,2,7,3,N,NULL,Y,Y,900,938,938,Y,NULL,85,2,1,Y,,N,N,,NULL,NULL,2021,O,7.26578E+11,098-US-0119  -211,HIGH,098-US-0119  -211,0.575,0,1,0,1,0,0,0,0,0,0,0,1,0
72658849,KSP0900,21-339801,20210815,1504,,,US119,,,US0119,US0119,0,098 US-119,US0119,Y,N,NULL,NULL,NULL,N,NULL,NULL,NULL,NULL,NULL,NULL,24.089,NULL,NULL,NULL,NULL,,NULL,0,0,2,2,N,N,5,NULL,98,9834,NULL,,Y,37.65692,37,39.415,NULL,-82.27076,82,16.246,NULL,N,NULL,NULL,NULL,NULL,NULL,NULL,NULL,NULL,2,97,4,6,1,1,2,2,7,3,N,NULL,Y,N,1504,1532,1532,N,NULL,90,2,1,N,,N,N,098-US-0119-0,NULL,NULL,2021,O,7.26588E+11,098-US-0119  -000,HIGH,098-US-0119  -000,24.089,0,0,0,1,0,0,1,0,0,0,0,0,0
72661577,980100,2.021E+11,20210821,1518,,,KY3496,,,KY3496,KY3496,0,098 KY-3496,KY3496,N,N,NULL,NULL,NULL,N,NULL,NULL,NULL,NULL,NULL,NULL,0.016,NULL,NULL,NULL,NULL,,NULL,0,0,2,2,N,N,35,NULL,98,9801,NULL,,Y,37.46574,37,27.945,NULL,-82.52818,82,31.691,NULL,N,NULL,NULL,NULL,NULL,NULL,NULL,NULL,NULL,5,3,2,6,1,1,2,2,7,3,N,NULL,Y,N,1518,1521,1521,N,NULL,49,16,0,N,,N,N,098-KY-3496-0,NULL,NULL,2021,O,7.26616E+11,098-KY-3496  -000,HIGH,098-KY-3496  -000,0.016,0,0,0,1,0,0,1,0,0,0,0,0,0
72581642,980100,2.02E+11,20201119,1547,,,CASSIDY,,BLVD,,,,,,Y,N,NULL,NULL,NULL,N,NULL,NULL,NULL,NULL,NULL,NULL,0.319,NULL,NULL,NULL,NULL,,NULL,0,0,2,2,N,N,15,NULL,98,9801,NULL,,Y,37.50521,37,30.313,NULL,-82.53722,82,32.234,NULL,N,NULL,NULL,NULL,NULL,NULL,NULL,NULL,NULL,2,97,1,6,1,1,2,2,1,3,N,NULL,Y,N,1547,1555,1555,N,NULL,90,,,N,,N,N,,NULL,NULL,2020,O,7.25816E+11,098-CS-1191  -000,MEDIUM,098-CS-1191  -000,0.319,0,0,0,0,0,0,1,0,0,0,0,0,0
72582404,980100,2.021E+11,20210107,1350,,,TOWN MTN ROAD,,,,,,,,N,N,NULL,NULL,NULL,N,NULL,NULL,NULL,NULL,NULL,NULL,NULL,NULL,NULL,NULL,NULL,,NULL,0,0,2,2,N,N,45,NULL,98,9801,NULL,,Y,37.51331,37,30.798,NULL,-82.48769,82,29.262,NULL,N,NULL,NULL,NULL,NULL,NULL,NULL,NULL,NULL,5,3,2,6,1,1,3,2,7,3,N,NULL,Y,N,1350,1350,1400,N,NULL,49,,,N,,N,N,,NULL,NULL,2021,O,7.25824E+11,098-KY-1426  -020,MEDIUM,098-KY-1426  -020,0.075,0,0,0,0,0,0,1,0,0,0,0,0,0
72577582,980100,2.02E+11,20201222,912,,,KEYSER HEIGHTS,W,DR,,,0,098 CS-1188,CS1188,N,N,NULL,NULL,NULL,N,NULL,NULL,NULL,NULL,NULL,NULL,0.153,NULL,NULL,NULL,NULL,,NULL,0,0,2,2,N,N,15,NULL,98,9801,NULL,,Y,37.49154,37,29.493,NULL,-82.53233,82,31.94,NULL,N,NULL,NULL,NULL,NULL,NULL,NULL,NULL,NULL,2,3,1,6,1,1,2,2,6,3,N,NULL,Y,N,912,912,912,N,NULL,47,,,N,,N,N,098-CS-1188-0,NULL,NULL,2020,O,7.25776E+11,098-CS-1188  -000,HIGH,098-CS-1188  -000,0.153,0,0,0,0,0,0,0,0,0,0,0,0,0
72626288,980100,2.021E+11,20210519,1543,,,HAROLDS BRANCH,,RD,,,,,,Y,N,NULL,NULL,NULL,N,NULL,NULL,NULL,NULL,NULL,NULL,0.028,NULL,NULL,NULL,NULL,,NULL,0,0,2,2,N,N,NULL,NULL,98,9801,NULL,,Y,37.47245,37,28.347,NULL,-82.52251,82,31.35,NULL,N,NULL,NULL,NULL,NULL,NULL,NULL,NULL,NULL,2,97,NULL,3,1,1,2,2,5,3,N,NULL,Y,N,1543,1547,1601,N,NULL,90,,,N,,N,N,,NULL,NULL,2021,O,7.26263E+11,098-CS-1223  -000,MEDIUM,098-CS-1223  -000,0.028,0,0,0,1,0,0,1,0,0,0,0,0,0
72647946,980100,2.021E+11,20210715,1352,,130,JUSTICE,,WAY,,,0,098 CS-1215,CS1215,Y,N,NULL,NULL,NULL,N,NULL,NULL,NULL,NULL,NULL,NULL,NULL,NULL,NULL,NULL,NULL,NULL,NULL,0,0,2,2,N,N,NULL,NULL,98,9801,NULL,,Y,37.50715,37,30.429,NULL,-82.54703,82,32.821,NULL,N,NULL,NULL,NULL,NULL,NULL,NULL,NULL,NULL,1,97,1,6,1,1,2,2,1,3,N,NULL,Y,N,1355,1402,1402,N,NULL,90,,,N,,N,N,098-CS-1215-0,NULL,NULL,2021,O,7.26479E+11,098-CS-1215  -000,HIGH,098-CS-1215  -000,0.309,0,0,1,0,0,0,0,0,0,0,0,0,0
72641343,KSP0900,21-266457,20210628,1529,,,US460,,,US0460,US0460,0,098 US-460,US0460,N,N,NULL,NULL,NULL,N,NULL,NULL,NULL,NULL,NULL,NULL,9.851,NULL,NULL,NULL,NULL,,NULL,0,0,2,2,N,N,55,NULL,98,9805,NULL,,Y,37.36417,37,21.85,NULL,-82.40731,82,24.439,NULL,N,NULL,NULL,NULL,NULL,NULL,NULL,NULL,NULL,5,3,2,6,1,1,2,2,7,3,N,NULL,Y,N,1531,1550,1531,N,NULL,70,,1,N,,N,N,098-US-0460-0,NULL,NULL,2021,O,7.26413E+11,098-US-0460  -000,HIGH,098-US-0460  -000,9.851,0,0,1,0,0,0,1,0,0,0,0,0,0
72657128,980100,2.021E+11,20210810,1954,,,CEDAR HILLS,,RD,KY1426,KY1426,0,098 KY-1426,KY1426,N,Y,US23,,,N,NULL,NULL,NULL,NULL,NULL,NULL,4.879,NULL,NULL,NULL,NULL,,NULL,0,0,2,2,N,N,55,NULL,98,9801,NULL,,Y,37.46536,37,27.921,NULL,-82.52597,82,31.558,NULL,N,NULL,NULL,NULL,NULL,NULL,NULL,NULL,NULL,5,3,2,6,1,1,3,2,7,3,N,NULL,Y,N,1954,2006,,N,NULL,35,,0,N,,N,N,098-KY-1426-0,NULL,NULL,2021,O,7.26571E+11,098-KY-1426  -000,HIGH,098-KY-1426  -000,4.879,0,0,0,0,0,0,1,0,0,0,1,0,0
72670006,980500,2021AR037,20210913,1323,,,CHURCH,,ST,,,0,098 CS-3002,CS3002,Y,N,NULL,NULL,NULL,N,NULL,NULL,NULL,NULL,NULL,NULL,NULL,NULL,NULL,NULL,NULL,NULL,NULL,0,0,2,2,N,N,15,NULL,98,9807,NULL,,Y,37.51757,37,31.054,NULL,-82.56697,82,34.018,NULL,N,NULL,NULL,NULL,NULL,NULL,NULL,NULL,NULL,1,97,NULL,6,1,1,2,2,1,3,N,NULL,Y,Y,1323,1324,1333,N,NULL,90,,,N,,N,N,098-CS-3002-0,NULL,NULL,2021,O,7.267E+11,098-CS-3002  -000,HIGH,098-CS-3002  -000,0.265,0,0,0,1,0,0,0,0,0,0,0,0,0
72674593,980100,2.021E+11,20210911,2112,,548,BYPASS,S,RD,KY1426,KY1426,0,098 KY-1426,KY1426,Y,N,NULL,NULL,NULL,N,NULL,NULL,NULL,NULL,NULL,NULL,6.449,NULL,NULL,NULL,NULL,,NULL,0,0,2,2,Y,N,15,NULL,98,9801,NULL,,Y,37.481,37,28.86,NULL,-82.51439,82,30.863,NULL,N,NULL,NULL,NULL,NULL,NULL,NULL,NULL,NULL,6,97,2,6,1,1,2,5,1,3,N,NULL,Y,N,2112,2114,,N,NULL,90,,0,N,,N,N,098-KY-1426-0,NULL,NULL,2021,O,7.26746E+11,098-KY-1426  -000,HIGH,098-KY-1426  -000,6.449,0,0,0,0,0,0,0,0,0,0,0,0,0
72641008,KSP0900,21-265041,20210627,1701,,,US23,,,US0023,US0023,0,098 US-23,US0023,Y,N,NULL,NULL,NULL,N,NULL,NULL,NULL,NULL,NULL,NULL,28.706,NULL,NULL,NULL,NULL,,NULL,0,0,2,2,N,Y,10,NULL,98,9807,NULL,,Y,37.52077,37,31.246,NULL,-82.56839,82,34.104,NULL,N,NULL,NULL,NULL,NULL,NULL,NULL,NULL,NULL,5,97,1,6,1,5,2,2,1,3,N,NULL,Y,N,1701,1712,1710,N,NULL,90,,1,N,,N,N,098-US-0023-0,NULL,NULL,2021,O,7.2641E+11,098-US-0023  -000,HIGH,098-US-0023  -000,28.706,0,0,0,1,0,0,0,0,0,0,0,0,0
72642857,980100,2.021E+11,20210701,2257,,,JULIUS,,AVE,,,0,098 CS-1156,CS1156,N,N,NULL,NULL,NULL,N,NULL,NULL,NULL,NULL,NULL,NULL,0.211,NULL,NULL,NULL,NULL,,NULL,0,0,2,2,N,N,15,NULL,98,9801,NULL,,Y,37.47887,37,28.732,NULL,-82.52423,82,31.454,NULL,N,NULL,NULL,NULL,NULL,NULL,NULL,NULL,NULL,5,97,1,6,3,8,5,5,6,3,N,NULL,Y,N,2257,2301,2301,N,NULL,47,,,N,,N,N,098-CS-1156-0,NULL,NULL,2021,O,7.26429E+11,098-CS-1156  -000,HIGH,098-CS-1156  -000,0.211,0,0,0,0,0,0,1,0,0,0,0,0,0
72660311,980100,2.021E+11,20210814,1348,,254,CASSIDY,,BLVD,,,,,,Y,N,NULL,NULL,NULL,N,NULL,NULL,NULL,NULL,NULL,NULL,0.328,NULL,NULL,NULL,NULL,,NULL,0,0,2,2,N,N,NULL,NULL,98,9801,NULL,,Y,37.50522,37,30.313,NULL,-82.53742,82,32.245,NULL,N,NULL,NULL,NULL,NULL,NULL,NULL,NULL,NULL,8,97,2,6,1,1,2,2,1,3,N,NULL,Y,N,1350,1356,1356,N,NULL,90,,,N,,N,N,,NULL,NULL,2021,O,7.26603E+11,098-CS-1191  -000,MEDIUM,098-CS-1191  -000,0.328,0,0,0,1,0,0,1,0,0,0,0,0,0
72650290,KSP0900,21-300371,20210720,1348,,,KY1056,,,KY1056,KY1056,0,098 KY-1056,KY1056,Y,N,NULL,NULL,NULL,N,NULL,NULL,NULL,NULL,NULL,NULL,11.468,NULL,NULL,NULL,NULL,,NULL,0,0,2,2,N,N,35,NULL,98,9863,NULL,,Y,37.61943,37,37.166,NULL,-82.16666,82,9.999,NULL,N,NULL,NULL,NULL,NULL,NULL,NULL,NULL,NULL,1,97,2,6,1,1,2,2,1,3,N,NULL,Y,N,1348,1420,1348,N,NULL,90,7,0,N,,N,N,098-KY-1056-0,NULL,NULL,2021,O,7.26503E+11,098-KY-1056  -000,HIGH,098-KY-1056  -000,11.468,0,0,0,0,0,0,1,0,0,0,0,0,0
72647585,KSP0900,21-282811,20210708,2142,,2348,FOREST HILLS,,RD,KY0308,KY0308,0,098 KY-308,KY0308,N,N,NULL,NULL,NULL,N,NULL,NULL,NULL,NULL,NULL,NULL,0.245,NULL,NULL,NULL,NULL,,NULL,0,0,2,2,N,N,35,NULL,98,9885,NULL,,Y,37.62867,37,37.72,NULL,-82.29745,82,17.847,NULL,N,NULL,NULL,NULL,NULL,NULL,NULL,NULL,NULL,7,3,1,6,1,1,2,6,7,3,N,NULL,Y,N,2142,2202,2202,N,NULL,54,8,0,N,,N,N,098-KY-0308-0,NULL,NULL,2021,O,7.26476E+11,098-KY-0308  -000,HIGH,098-KY-0308  -000,0.245,0,0,0,0,0,0,0,0,0,0,0,1,0
72558114,KSP0900,20-755958,20201024,1535,,,KY194,,,KY0194,KY0194,0,098 KY-194,KY0194,N,N,NULL,NULL,NULL,N,NULL,NULL,NULL,NULL,NULL,NULL,24.737,NULL,NULL,NULL,NULL,,NULL,1,0,1,1,N,N,55,NULL,98,9817,NULL,,Y,37.52005,37,31.203,NULL,-82.36293,82,21.776,NULL,N,NULL,NULL,NULL,NULL,NULL,NULL,NULL,NULL,9,5,2,1,1,5,3,2,7,3,N,NULL,Y,Y,1537,1559,1652,N,NULL,51,6,0,N,,N,N,098-KY-0194-0,NULL,NULL,2020,C,7.25581E+11,098-KY-0194  -000,HIGH,098-KY-0194  -000,24.737,0,0,1,0,0,0,0,1,0,0,0,1,0
72647317,980100,2.021E+11,20210714,1212,,,US23,,,US0023,US0023,0,098 US-23-10,US0023,N,N,NULL,NULL,NULL,N,NULL,NULL,NULL,NULL,NULL,NULL,26.297,NULL,NULL,NULL,NULL,,NULL,0,0,2,2,N,N,55,NULL,98,9801,NULL,,Y,37.50384,37,30.231,NULL,-82.53238,82,31.943,NULL,N,NULL,NULL,NULL,NULL,NULL,NULL,NULL,NULL,5,3,4,6,1,1,2,2,7,3,N,NULL,Y,N,1212,1218,1255,N,NULL,49,,1,Y,,N,N,098-US-0023-10,NULL,NULL,2021,O,7.26473E+11,098-US-0023  -010,HIGH,098-US-0023  -000,26.297,0,0,0,0,0,0,0,0,1,0,0,0,0
72701742,980500,2021AR047,20211126,1400,,,US 23 SOUTH,,,,,,,,N,N,NULL,NULL,NULL,N,NULL,NULL,NULL,NULL,NULL,NULL,NULL,NULL,NULL,NULL,NULL,NULL,NULL,1,0,2,2,Y,N,45,NULL,98,9807,NULL,,Y,37.51899,37,31.14,NULL,-82.5662,82,33.972,NULL,N,NULL,NULL,NULL,NULL,NULL,NULL,NULL,NULL,1,3,6,5,1,1,2,2,7,3,Y,NULL,Y,Y,1400,1400,1400,N,NULL,55,,,Y,,N,N,,NULL,NULL,2021,C,7.27017E+11,098-CS-3000  -071,MEDIUM,098-CS-3000  -071,0.013,0,0,1,0,0,0,1,0,0,0,0,0,0
72648212,980100,2.021E+11,20210711,1823,,,HAMBLEY,,BLVD,,,0,098 CS-1222,CS1222,N,N,NULL,NULL,NULL,N,NULL,NULL,NULL,NULL,NULL,NULL,NULL,NULL,NULL,NULL,NULL,,NULL,4,0,2,2,N,N,35,NULL,98,9801,NULL,,Y,37.47401,37,28.441,NULL,-82.5273,82,31.638,NULL,N,NULL,NULL,NULL,NULL,NULL,NULL,NULL,NULL,3,3,4,6,1,1,2,2,1,3,Y,NULL,Y,Y,1823,1823,1854,N,NULL,52,,,N,,N,N,098-CS-1222-0,NULL,NULL,2021,B,7.26482E+11,098-CS-1222  -000,HIGH,098-CS-1222  -000,0,0,0,0,0,0,0,1,1,0,0,0,1,0
72677142,980500,2021AR039,20210930,1314,,,MAYO TRAIL,,,,,,,,N,N,NULL,NULL,NULL,N,NULL,NULL,NULL,NULL,NULL,NULL,NULL,NULL,NULL,NULL,NULL,NULL,NULL,1,0,2,2,N,N,45,NULL,98,9807,NULL,,Y,37.52245,37,31.347,NULL,-82.57057,82,34.234,NULL,N,NULL,NULL,NULL,NULL,NULL,NULL,NULL,NULL,6,3,7,6,1,1,2,2,7,3,N,NULL,Y,Y,1317,1320,1407,N,NULL,70,,,N,,N,N,,NULL,NULL,2021,C,7.26771E+11,098-US-0023  -000,MEDIUM,098-US-0023  -000,28.878,0,1,0,0,0,0,1,0,0,0,0,0,0
72573675,980500,2020-AR-067,20201210,1503,,,L R JOHNSON,,DR,,,0,,L R JOHNSON DR,N,N,NULL,NULL,NULL,N,NULL,NULL,NULL,NULL,NULL,NULL,NULL,NULL,NULL,NULL,NULL,NULL,NULL,0,0,2,2,N,N,15,NULL,98,9807,NULL,,Y,37.51369,37,30.822,NULL,-82.55509,82,33.306,NULL,N,NULL,NULL,NULL,NULL,NULL,NULL,NULL,NULL,2,97,1,4,1,1,2,2,6,3,N,NULL,Y,Y,1500,1503,1503,N,NULL,47,,,N,,N,N,,NULL,NULL,2020,O,7.25737E+11,098-US-0023  -000,MEDIUM,098-US-0023  -000,27.797,0,1,0,1,0,0,1,0,0,1,0,0,0
72696880,KSP0900,21-467413,20211114,2256,,,US460,,,US0460,US0460,0,098 US-460,US0460,N,N,NULL,NULL,NULL,N,NULL,NULL,NULL,NULL,NULL,NULL,3.854,NULL,NULL,NULL,NULL,,NULL,0,0,2,2,N,N,45,NULL,98,9801,NULL,,Y,37.42064,37,25.238,NULL,-82.46454,82,27.872,NULL,N,NULL,NULL,NULL,NULL,NULL,NULL,NULL,NULL,8,3,2,6,1,1,3,6,7,3,N,NULL,Y,N,2258,2308,,N,NULL,53,,1,N,,N,N,098-US-0460-0,NULL,NULL,2021,O,7.26969E+11,098-US-0460  -000,HIGH,098-US-0460  -000,3.854,0,0,0,1,0,0,0,1,0,0,0,1,0