MasterFile,AgencyORINumber,LocalCode,CollisionDate,CollisionTime,CollisionDayWeekCode,RoadwayName_HouseBusinessNumber_,RoadwayName_RoadwayName_,RoadwayName_Direction_,RoadwayName_RoadwaySuffix_,RoadwayfromReport,CurrentRoadwayNumber,RoadwayNumberCoupletID,RSEUniqueGIS,RoadwayIdentifier,ParkingLotIndicator,IntersectionWith_Indicator_,IntersectionWith_NameRoadway_,IntersectionWith_Direction_,IntersectionWith_RoadwaySuffix_,BetweenStreets_Indicator_,BetweenStreets1_NameRoadway_,BetweenStreet1_Direction_,BetweenStreets1_RoadwaySuffix_,BetweenStreets2_NameRoadway_,BetweenStreets2_Direction_,BetweenStreets2_RoadwaySuffix_,Milepoint,ReportMilepointDeriveNumber,CurrentDerivedMiepointNumber,MilestoMilepoint,FeettoMilepoint,DirectionfromMilepoint_NSEW_,ValidMilepointIndicator,NumberInjured,NumberKilled,ofUnits,ofMotorVehicleUnits,Hit&RunIndicator,OneWayIndicator,SpeedLimitNumber,KilometersIndicator,CountyCode,CityCountyCode,MilesFromCity,DirectionFromCity_NSEW_,InCityLimitsIndicator,Latitude,LatitudeDegrees,LatitudeMinutes,LatitudeSeconds,Longitude,LongitudeDegrees,LongitudeMinutes,LongitudeSeconds,RampIndicator,RampFromIdentifier,RampFromDirCode,RampFromCoupletID,RSEUniqueGISRampFrom,RampToidentifier,RampToDirCode,RampToCoupletID,RSEUniqueGisRampTo,MannerofCollisionCode,LocationFirstEventCode,TotalLanes,RoadwayCharacterCode,RoadwaySurfaceCode,RoadwayConditionCode,WeatherCode,LightConditionCode,LandUseCode,SchoolBusRelatedCode,FirstAidSceneIndicator,CollDescPresentInd,InvestigationCompleteIndicator,PhotosTakenIndicator,TimeNotified,TimeArrived,TimeRoadwayOpened,PropertyDamageIndicator,DiagramPresentIndicator,DirectionalAnalysis,FunctionClassCode,NationalHwySysCode,EnforcementsIndicator,KARSCityCode,SecondaryCollisionIndicator,MedianCrossoverIndicator,RT_UNIQUE,MapIt,TimeLastLeft,YR,KABCO,MFNY,WorkingRID,RT_CONFIDENCE,KTC_RT,KTC_MP,Motorcyclist,CommercialVehicle,YoungDriver,MatureDriver,pedestrian,Bicyclist,Distracted,agressive,Impaired,Unrestrained,Intersection,RoadwayDeparture,MedXover
72598607,980100,2.021E+11,20210214,530,,,US23,,,US0023,US0023,0,098 US-23,US0023,N,N,NULL,NULL,NULL,N,NULL,NULL,NULL,NULL,NULL,NULL,15.576,NULL,NULL,NULL,NULL,,NULL,0,0,1,1,N,N,55,NULL,98,9801,NULL,,Y,37.40386,37,24.232,NULL,-82.53031,82,31.819,NULL,N,NULL,NULL,NULL,NULL,NULL,NULL,NULL,NULL,9,3,4,6,1,2,9,4,1,3,N,NULL,Y,N,530,530,,N,NULL,40,,1,N,,N,N,098-US-0023-0,NULL,NULL,2021,O,7.25986E+11,098-US-0023  -000,HIGH,098-US-0023  -000,15.576,0,0,0,0,0,0,0,0,0,0,0,1,0
72630556,KSP0900,21-221431,20210530,2025,,,COWPEN,,RD,KY2061,KY2061,0,098 KY-2061,KY2061,N,N,NULL,NULL,NULL,N,NULL,NULL,NULL,NULL,NULL,NULL,1.25,NULL,NULL,NULL,NULL,,NULL,0,0,1,1,N,N,55,NULL,98,9807,NULL,,Y,37.54399,37,32.64,NULL,-82.5631,82,33.786,NULL,N,NULL,NULL,NULL,NULL,NULL,NULL,NULL,NULL,9,5,2,3,1,5,3,3,6,3,N,NULL,Y,Y,2004,2009,2035,Y,NULL,51,,0,N,,N,N,098-KY-2061-0,NULL,NULL,2021,O,7.26306E+11,098-KY-2061  -000,HIGH,098-KY-2061  -000,1.25,0,0,0,0,0,0,1,0,1,0,0,1,0
72639420,KSP0900,21-257176,20210622,1423,,,KY1506,,,KY1506,KY1506,0,098 KY-1506,KY1506,Y,N,NULL,NULL,NULL,N,NULL,NULL,NULL,NULL,NULL,NULL,0.043,NULL,NULL,NULL,NULL,,NULL,0,0,2,2,N,N,10,NULL,98,9834,NULL,,Y,37.66811,37,40.087,NULL,-82.27592,82,16.555,NULL,N,NULL,NULL,NULL,NULL,NULL,NULL,NULL,NULL,1,97,2,6,1,1,2,2,7,3,N,NULL,Y,N,1425,1429,1515,N,NULL,90,9,0,Y,,N,N,098-KY-1506-0,NULL,NULL,2021,O,7.26394E+11,098-KY-1506  -000,HIGH,098-KY-1506  -000,0.043,0,0,0,0,0,0,1,0,0,0,0,0,0
72640188,KSP0900,21-259782,20210624,1054,,,TOLER,,RD,KY0319,KY0319,0,098 KY-319,KY0319,N,N,NULL,NULL,NULL,N,NULL,NULL,NULL,NULL,NULL,NULL,5.624,NULL,NULL,NULL,NULL,,NULL,1,0,1,1,N,N,45,NULL,98,9842,NULL,,Y,37.62765,37,37.659,NULL,-82.24835,82,14.901,NULL,N,NULL,NULL,NULL,NULL,NULL,NULL,NULL,NULL,9,3,2,6,1,1,2,2,7,3,Y,NULL,Y,Y,1055,1125,1200,N,NULL,40,7,0,N,,N,N,098-KY-0319-0,NULL,NULL,2021,B,7.26402E+11,098-KY-0319  -000,HIGH,098-KY-0319  -000,5.624,0,0,0,1,0,0,1,0,0,0,0,1,0
72669377,980100,2.021E+11,20210911,1353,,,CASSIDY,,BLVD,,,,,,Y,N,NULL,NULL,NULL,N,NULL,NULL,NULL,NULL,NULL,NULL,0.321,NULL,NULL,NULL,NULL,,NULL,0,0,2,2,N,N,15,NULL,98,9801,NULL,,Y,37.50521,37,30.313,NULL,-82.53727,82,32.236,NULL,N,NULL,NULL,NULL,NULL,NULL,NULL,NULL,NULL,2,97,1,6,1,1,2,2,1,3,N,NULL,Y,N,1353,1403,1403,N,NULL,90,,,N,,N,N,,NULL,NULL,2021,O,7.26694E+11,098-CS-1191  -000,MEDIUM,098-CS-1191  -000,0.321,0,0,0,1,0,0,1,0,0,0,0,0,0
72644864,KSP0900,21-275645,20210704,1411,,,KY194,,,KY0194,KY0194,0,098 KY-194,KY0194,N,N,NULL,NULL,NULL,N,NULL,NULL,NULL,NULL,NULL,NULL,57.623,NULL,NULL,NULL,NULL,,NULL,0,0,2,2,N,N,35,NULL,98,9811,NULL,,Y,37.53882,37,32.329,NULL,-82.16142,82,9.685,NULL,N,NULL,NULL,NULL,NULL,NULL,NULL,NULL,NULL,7,3,2,3,1,1,2,2,7,3,N,NULL,Y,N,1411,1430,1400,N,NULL,54,7,0,N,,N,N,098-KY-0194-0,NULL,NULL,2021,O,7.26449E+11,098-KY-0194  -000,HIGH,098-KY-0194  -000,57.623,0,0,1,0,0,0,0,0,0,0,0,1,0
72634849,KSP0900,21-235867,20210609,1014,,,US460,,,US0460,US0460,0,098 US-460,US0460,N,N,NULL,NULL,NULL,N,NULL,NULL,NULL,NULL,NULL,NULL,13.609,NULL,NULL,NULL,NULL,,NULL,0,0,1,1,N,N,55,NULL,98,9802,NULL,,Y,37.33553,37,20.132,NULL,-82.38419,82,23.051,NULL,N,NULL,NULL,NULL,NULL,NULL,NULL,NULL,NULL,9,3,2,6,1,1,2,2,7,3,N,NULL,Y,N,948,948,948,N,NULL,40,,1,N,,N,N,098-US-0460-0,NULL,NULL,2021,O,7.26348E+11,098-US-0460  -000,HIGH,098-US-0460  -000,13.609,0,0,0,0,0,0,0,0,0,0,0,1,0
72661630,KSP0900,21-350274,20210822,1501,,,MALL,,RD,,,0,098 CR-1037,CR1037,Y,N,NULL,NULL,NULL,N,NULL,NULL,NULL,NULL,NULL,NULL,0.269,NULL,NULL,NULL,NULL,,NULL,0,0,2,2,Y,N,NULL,NULL,98,9834,NULL,,Y,37.6545,37,39.27,NULL,-82.27146,82,16.288,NULL,N,NULL,NULL,NULL,NULL,NULL,NULL,NULL,NULL,2,97,1,6,1,1,2,2,1,3,N,NULL,Y,N,1501,1518,1501,N,NULL,90,,,N,,N,N,098-CR-1037-0,NULL,NULL,2021,NULL,7.26616E+11,098-CR-1037  -000,HIGH,098-CR-1037  -000,0.269,0,0,0,0,0,0,0,0,0,0,0,0,0
72602123,KSP0900,21-91180,20210307,1514,,,KY292,,,KY0292,KY0292,0,098 KY-292,KY0292,N,N,NULL,NULL,NULL,N,NULL,NULL,NULL,NULL,NULL,NULL,0.899,NULL,NULL,NULL,NULL,,NULL,3,0,2,2,N,N,45,NULL,98,9869,NULL,,Y,37.63803,37,38.282,NULL,-82.2185,82,13.11,NULL,N,NULL,NULL,NULL,NULL,NULL,NULL,NULL,NULL,5,3,2,3,1,1,2,2,7,3,N,NULL,Y,Y,1517,1527,1642,N,NULL,49,8,0,N,,N,N,098-KY-0292-0,NULL,NULL,2021,C,7.26021E+11,098-KY-0292  -000,HIGH,098-KY-0292  -000,0.899,0,0,0,0,0,0,1,0,0,0,0,0,0
72635689,KSP0900,21-234134,20210608,14,,,US460,,,US0460,US0460,0,098 US-460,US0460,N,N,NULL,NULL,NULL,N,NULL,NULL,NULL,NULL,NULL,NULL,1.216,NULL,NULL,NULL,NULL,,NULL,0,0,1,1,N,N,55,NULL,98,9824,NULL,,Y,37.4278,37,25.668,NULL,-82.50267,82,30.16,NULL,N,NULL,NULL,NULL,NULL,NULL,NULL,NULL,NULL,9,3,2,3,1,1,2,6,7,3,N,NULL,Y,N,16,31,,N,NULL,40,,1,N,,N,N,098-US-0460-0,NULL,NULL,2021,O,7.26357E+11,098-US-0460  -000,HIGH,098-US-0460  -000,1.216,0,0,0,0,0,0,0,0,0,0,0,1,0
72609228,KSP0900,21-118986,20210325,2100,,,KY1499,,,KY1499,KY1499,0,098 KY-1499,KY1499,N,N,NULL,NULL,NULL,N,NULL,NULL,NULL,NULL,NULL,NULL,1.557,NULL,NULL,NULL,NULL,,NULL,0,0,1,1,N,N,55,NULL,98,9839,NULL,,Y,37.39959,37,23.976,NULL,-82.2516,82,15.096,NULL,N,NULL,NULL,NULL,NULL,NULL,NULL,NULL,NULL,9,3,2,3,1,1,2,6,7,3,N,NULL,N,N,2100,2142,,N,NULL,38,7,0,N,,N,N,098-KY-1499-0,NULL,NULL,2021,O,7.26092E+11,098-KY-1499  -000,HIGH,098-KY-1499  -000,1.557,0,0,0,0,0,0,0,0,0,0,0,0,0
72673859,980100,2.021E+11,20210922,1341,,,CHLOE,,RD,KY1460,KY1460,0,098 KY-1460,KY1460,N,N,NULL,NULL,NULL,N,NULL,NULL,NULL,NULL,NULL,NULL,3.413,NULL,NULL,NULL,NULL,,NULL,0,0,1,1,N,N,35,NULL,98,9801,NULL,,Y,37.47503,37,28.502,NULL,-82.48726,82,29.236,NULL,N,NULL,NULL,NULL,NULL,NULL,NULL,NULL,NULL,9,5,2,2,1,5,6,2,7,3,N,NULL,Y,N,1341,1347,1414,N,NULL,44,,0,N,,N,N,098-KY-1460-0,NULL,NULL,2021,O,7.26739E+11,098-KY-1460  -000,HIGH,098-KY-1460  -000,3.413,0,0,0,0,0,0,0,0,0,0,0,1,0
72672689,KSP0900,21-385272,20210916,1600,,,KY194,,,KY0194,KY0194,0,098 KY-194,KY0194,N,N,NULL,NULL,NULL,N,NULL,NULL,NULL,NULL,NULL,NULL,17.931,NULL,NULL,NULL,NULL,,NULL,3,0,2,2,N,N,55,NULL,98,9820,NULL,,Y,37.55793,37,33.476,NULL,-82.43018,82,25.81,NULL,N,NULL,NULL,NULL,NULL,NULL,NULL,NULL,NULL,1,3,2,6,1,1,2,2,7,3,Y,NULL,Y,Y,1600,1615,1700,N,NULL,55,7,0,N,,N,N,098-KY-0194-0,NULL,NULL,2021,B,7.26727E+11,098-KY-0194  -000,HIGH,098-KY-0194  -000,17.931,0,0,1,0,0,0,0,1,0,1,0,0,0
72673891,KSP0900,21-393581,20210922,135,,,PIGEON ROOST,,RD,,,0,098 CR-1517,CR1517,N,N,NULL,NULL,NULL,N,NULL,NULL,NULL,NULL,NULL,NULL,0.346,NULL,NULL,NULL,NULL,,NULL,0,0,2,2,N,N,35,NULL,98,9838,NULL,,Y,37.60431,37,36.259,NULL,-82.32254,82,19.353,NULL,N,NULL,NULL,NULL,NULL,NULL,NULL,NULL,NULL,2,3,2,6,1,5,6,2,7,3,N,NULL,Y,N,1350,1359,1410,N,NULL,56,,,N,,N,N,098-CR-1517-0,NULL,NULL,2021,O,7.26739E+11,098-CR-1517  -000,HIGH,098-CR-1517  -000,0.346,0,0,0,1,0,0,1,0,0,0,0,0,0
72655841,KSP0900,21-327383,20210807,931,,,KY194,,,KY0194,KY0194,0,098 KY-194,KY0194,N,N,NULL,NULL,NULL,N,NULL,NULL,NULL,NULL,NULL,NULL,55.571,NULL,NULL,NULL,NULL,,NULL,0,0,2,2,N,N,35,NULL,98,9804,NULL,,Y,37.51907,37,31.144,NULL,-82.15415,82,9.249,NULL,N,NULL,NULL,NULL,NULL,NULL,NULL,NULL,NULL,2,7,2,6,1,1,2,2,7,3,N,NULL,Y,N,959,1046,1046,N,NULL,47,7,0,N,,N,N,098-KY-0194-0,NULL,NULL,2021,O,7.26558E+11,098-KY-0194  -000,HIGH,098-KY-0194  -000,55.571,0,0,0,0,0,0,1,0,0,0,0,0,0
72643700,980100,2.021E+11,20210628,1215,,,US23,,,US0023,US0023,,,,N,N,NULL,NULL,NULL,N,NULL,NULL,NULL,NULL,NULL,NULL,20.977,NULL,NULL,NULL,NULL,,NULL,0,0,2,2,N,N,55,NULL,98,9801,NULL,,Y,37.44466,37,26.68,NULL,-82.52543,82,31.525,NULL,N,NULL,NULL,NULL,NULL,NULL,NULL,NULL,NULL,1,3,2,3,1,1,2,2,7,3,N,NULL,Y,N,1215,1220,1348,N,NULL,55,,1,N,,N,N,,NULL,NULL,2021,O,7.26437E+11,098-US-0023  -010,MEDIUM,098-US-0023  -000,20.977,0,0,0,0,0,0,1,0,0,0,0,0,0
72602388,KSP0900,21-96238,20210310,1750,,,US119,,,US0119,US0119,0,098 US-119,US0119,N,N,NULL,NULL,NULL,N,NULL,NULL,NULL,NULL,NULL,NULL,13.972,NULL,NULL,NULL,NULL,,NULL,0,0,1,1,N,N,55,NULL,98,9833,NULL,,Y,37.61779,37,37.067,NULL,-82.35326,82,21.195,NULL,N,NULL,NULL,NULL,NULL,NULL,NULL,NULL,NULL,9,3,4,6,1,1,2,2,7,3,N,NULL,Y,N,1750,1800,1911,N,NULL,70,2,1,N,,N,N,098-US-0119-0,NULL,NULL,2021,O,7.26024E+11,098-US-0119  -000,HIGH,098-US-0119  -000,13.972,0,0,0,0,0,0,0,0,0,0,0,0,0
72666148,980500,2021AR034,20210902,1114,,,MAIN STREET,,,,,,,,N,N,NULL,NULL,NULL,N,NULL,NULL,NULL,NULL,NULL,NULL,NULL,NULL,NULL,NULL,NULL,NULL,NULL,0,0,2,2,N,N,25,NULL,98,9807,NULL,,Y,37.51888,37,31.133,NULL,-82.56631,82,33.979,NULL,N,NULL,NULL,NULL,NULL,NULL,NULL,NULL,NULL,1,3,2,5,1,1,2,2,7,3,N,NULL,Y,Y,1117,1119,1123,N,NULL,55,,,N,,N,N,,NULL,NULL,2021,O,7.26661E+11,098-CS-3000  -071,MEDIUM,098-CS-3000  -071,0.023,0,1,0,0,0,0,1,0,0,0,0,0,0
72670183,980100,2.021E+11,20210904,1117,,118,2ND,,ST,,,0,098 CS-1117,CS1117,Y,N,NULL,NULL,NULL,N,NULL,NULL,NULL,NULL,NULL,NULL,0.056,NULL,NULL,NULL,NULL,,NULL,0,0,2,2,N,N,NULL,NULL,98,9801,NULL,,Y,37.48282,37,28.969,NULL,-82.51612,82,30.967,NULL,N,NULL,NULL,NULL,NULL,NULL,NULL,NULL,NULL,8,97,NULL,6,1,1,3,7,5,3,N,NULL,Y,N,1119,1121,1121,N,NULL,90,,,N,,N,N,098-CS-1117-0,NULL,NULL,2021,O,7.26702E+11,098-CS-1117  -000,HIGH,098-CS-1117  -000,0.056,0,0,1,0,0,0,1,0,0,1,0,0,0
72652901,980000,21-07-002,20210729,1632,,,US119,,,US0119,US0119,0,098 US-119-10,US0119,Y,N,NULL,NULL,NULL,N,NULL,NULL,NULL,NULL,NULL,NULL,2.029,NULL,NULL,NULL,NULL,,NULL,0,0,2,2,N,N,10,NULL,98,9801,NULL,,Y,37.51248,37,30.749,NULL,-82.49884,82,29.931,NULL,N,NULL,NULL,NULL,NULL,NULL,NULL,NULL,NULL,2,97,2,6,1,1,2,2,8,3,N,NULL,Y,Y,1655,1709,1709,N,NULL,90,2,1,N,,N,N,098-US-0119-10,NULL,NULL,2021,O,7.26529E+11,098-US-0119  -010,HIGH,098-US-0119  -000,2.029,0,0,0,0,0,0,0,0,0,0,0,0,0
72644510,980100,2.021E+11,20210706,57,,450,KY3496,,,KY3496,KY3496,0,098 KY-3496,KY3496,Y,N,NULL,NULL,NULL,N,NULL,NULL,NULL,NULL,NULL,NULL,0.156,NULL,NULL,NULL,NULL,,NULL,0,0,1,1,N,N,15,NULL,98,9801,NULL,,Y,37.4662,37,27.972,NULL,-82.5305,82,31.83,NULL,N,NULL,NULL,NULL,NULL,NULL,NULL,NULL,NULL,9,97,2,6,1,1,3,7,1,3,N,NULL,Y,Y,57,57,,Y,NULL,90,16,0,N,,N,N,098-KY-3496-0,NULL,NULL,2021,O,7.26445E+11,098-KY-3496  -000,HIGH,098-KY-3496  -000,0.156,0,0,0,0,0,0,0,0,0,1,0,0,0
72636912,KSP0900,21-244832,20210614,1726,,,US23,,,US0023,US0023,0,098 US-23,US0023,N,N,NULL,NULL,NULL,N,NULL,NULL,NULL,NULL,NULL,NULL,28.088,NULL,NULL,NULL,NULL,,NULL,0,0,2,2,N,N,55,NULL,98,9807,NULL,,Y,37.51557,37,30.934,NULL,-82.55972,82,33.583,NULL,N,NULL,NULL,NULL,NULL,NULL,NULL,NULL,NULL,8,3,4,6,1,1,2,2,1,3,N,NULL,Y,N,1728,1806,,N,NULL,53,,1,N,,N,N,098-US-0023-0,NULL,NULL,2021,O,7.26369E+11,098-US-0023  -000,HIGH,098-US-0023  -000,28.088,0,0,0,0,0,0,1,0,0,0,0,1,0
72622218,980100,2.021E+11,20210507,1715,,,US23,,,US0023,US0023,0,098 US-23,US0023,N,N,NULL,NULL,NULL,N,NULL,NULL,NULL,NULL,NULL,NULL,26.233,NULL,NULL,NULL,NULL,,NULL,0,0,2,2,N,N,55,NULL,98,9801,NULL,,Y,37.50294,37,30.176,NULL,-82.53205,82,31.923,NULL,N,NULL,NULL,NULL,NULL,NULL,NULL,NULL,NULL,5,3,4,6,1,1,2,2,1,3,N,NULL,Y,N,1715,1720,1728,N,NULL,49,,1,N,,N,N,098-US-0023-0,NULL,NULL,2021,O,7.26222E+11,098-US-0023  -000,HIGH,098-US-0023  -000,26.233,0,0,0,0,0,0,1,0,0,0,0,0,0
72671951,KSP0900,21-381213,20210913,1540,,,KY195,,,KY0195,KY0195,0,098 KY-195,KY0195,N,N,NULL,NULL,NULL,N,NULL,NULL,NULL,NULL,NULL,NULL,9.776,NULL,NULL,NULL,NULL,,NULL,1,0,2,2,N,N,45,NULL,98,9830,NULL,,Y,37.3484,37,20.904,NULL,-82.42387,82,25.432,NULL,N,NULL,NULL,NULL,NULL,NULL,NULL,NULL,NULL,3,3,2,6,1,1,2,2,6,1,Y,NULL,Y,Y,1542,1548,1700,N,NULL,52,7,0,N,,N,Y,098-KY-0195-0,NULL,NULL,2021,B,7.2672E+11,098-KY-0195  -000,HIGH,098-KY-0195  -000,9.776,0,0,1,1,0,0,1,0,0,0,0,1,1
72584999,KSP0900,21-19509,20210115,1058,,,US460,,,US0460,US0460,0,098 US-460,US0460,N,N,NULL,NULL,NULL,N,NULL,NULL,NULL,NULL,NULL,NULL,9.295,NULL,NULL,NULL,NULL,,NULL,0,0,1,1,N,N,35,NULL,98,9802,NULL,,Y,37.36869,37,22.121,NULL,-82.41512,82,24.907,NULL,N,NULL,NULL,NULL,NULL,NULL,NULL,NULL,NULL,9,97,2,6,1,5,6,2,7,3,N,NULL,Y,N,1058,1107,1107,Y,NULL,40,,1,N,,N,N,098-US-0460-0,NULL,NULL,2021,O,7.2585E+11,098-US-0460  -000,MEDIUM,098-US-0460  -000,9.295,0,0,0,0,0,0,1,0,0,0,0,1,0
72608509,KSP0900,21-121763,20210327,1820,,,,,,US0119,US0119,,,,N,N,NULL,NULL,NULL,N,NULL,NULL,NULL,NULL,NULL,NULL,0.588,NULL,NULL,NULL,NULL,NULL,NULL,0,0,1,1,N,N,55,NULL,98,9817,NULL,,Y,37.55986,37,33.592,NULL,-82.42593,82,25.556,NULL,Y,KY0194,E,NULL,098 US-119-211,US0119,N,NULL,098 US-119-211,9,3,3,4,1,1,3,2,7,3,N,NULL,Y,N,1821,1840,,N,NULL,72,2,1,N,,N,N,,NULL,NULL,2021,O,7.26085E+11,098-US-0119  -211,HIGH,098-US-0119  -211,0.588,0,0,0,0,0,0,1,0,0,0,0,1,0
72636954,980500,2021AR023,20210616,1600,,,US23,,,US0023,US0023,0,098 US-23-10,US0023,N,N,NULL,NULL,NULL,N,NULL,NULL,NULL,NULL,NULL,NULL,NULL,NULL,NULL,NULL,NULL,NULL,NULL,0,0,2,2,N,N,45,NULL,98,9807,NULL,,Y,37.52267,37,31.36,NULL,-82.57109,82,34.265,NULL,N,NULL,NULL,NULL,NULL,NULL,NULL,NULL,NULL,5,3,6,6,1,1,2,2,7,3,N,NULL,Y,Y,1600,1600,1650,N,NULL,49,,1,Y,,N,N,098-US-0023-10,NULL,NULL,2021,O,7.2637E+11,098-US-0023  -010,HIGH,098-US-0023  -000,28.907,0,0,0,0,0,0,1,0,0,0,0,0,0
72628836,980100,2.021E+11,20210526,1205,,,US23,,,US0023,US0023,0,098 US-23-10,US0023,N,N,NULL,NULL,NULL,N,NULL,NULL,NULL,NULL,NULL,NULL,23.051,NULL,NULL,NULL,NULL,,NULL,0,0,2,2,N,N,55,NULL,98,9801,NULL,,Y,37.46579,37,27.947,NULL,-82.52795,82,31.677,NULL,N,NULL,NULL,NULL,NULL,NULL,NULL,NULL,NULL,1,3,4,6,1,1,2,2,7,3,N,NULL,Y,N,1205,1210,1214,N,NULL,55,,1,N,,N,N,098-US-0023-10,NULL,NULL,2021,O,7.26288E+11,098-US-0023  -010,HIGH,098-US-0023  -000,23.051,0,0,0,1,0,0,0,0,0,0,0,0,0
72595389,KSP0900,21-64104,20210217,1248,,,US23,,,US0023,US0023,0,098 US-23,US0023,N,N,NULL,NULL,NULL,N,NULL,NULL,NULL,NULL,NULL,NULL,3.258,NULL,NULL,NULL,NULL,,NULL,0,0,1,1,N,N,55,NULL,98,9809,NULL,,Y,37.27508,37,16.505,NULL,-82.59411,82,35.647,NULL,N,NULL,NULL,NULL,NULL,NULL,NULL,NULL,NULL,9,3,2,4,1,1,3,2,7,3,N,NULL,Y,N,1248,1305,1340,N,NULL,70,,1,N,,N,N,098-US-0023-0,NULL,NULL,2021,O,7.25954E+11,098-US-0023  -000,HIGH,098-US-0023  -000,3.258,0,0,0,0,0,0,0,0,0,0,0,0,0
72656926,KSP0900,21-315171,20210729,758,,,COWPEN,,RD,KY2061,KY2061,0,098 KY-2061,KY2061,N,N,NULL,NULL,NULL,N,NULL,NULL,NULL,NULL,NULL,NULL,0.32,NULL,NULL,NULL,NULL,,NULL,0,0,2,2,N,N,55,NULL,98,9807,NULL,,Y,37.53322,37,31.993,NULL,-82.57189,82,34.314,NULL,N,NULL,NULL,NULL,NULL,NULL,NULL,NULL,NULL,3,3,2,6,1,5,2,2,7,3,N,NULL,Y,N,758,853,853,N,NULL,52,,0,N,,N,N,098-KY-2061-0,NULL,NULL,2021,O,7.26569E+11,098-KY-2061  -000,HIGH,098-KY-2061  -000,0.32,0,0,1,0,0,0,0,0,0,0,0,1,0
72682533,980500,2021AR042,20211013,1420,,4652,COWPEN,,RD,KY2061,KY2061,0,098 KY-2061,KY2061,Y,N,NULL,NULL,NULL,N,NULL,NULL,NULL,NULL,NULL,NULL,NULL,NULL,NULL,NULL,NULL,NULL,NULL,0,0,2,2,N,N,15,NULL,98,9807,NULL,,Y,37.52991,37,31.795,NULL,-82.57574,82,34.544,NULL,N,NULL,NULL,NULL,NULL,NULL,NULL,NULL,NULL,7,97,2,6,1,1,2,2,1,3,N,NULL,Y,Y,1420,1425,1425,N,NULL,90,,0,N,,N,N,098-KY-2061-0,NULL,NULL,2021,O,7.26825E+11,098-KY-2061  -000,HIGH,098-KY-2061  -000,0.01,0,0,0,0,0,0,0,0,0,0,0,0,0
72647156,980100,2.021E+11,20210713,1755,,,KY3496,,,KY3496,KY3496,0,098 KY-3496,KY3496,Y,N,NULL,NULL,NULL,N,NULL,NULL,NULL,NULL,NULL,NULL,0.353,NULL,NULL,NULL,NULL,,NULL,0,0,2,2,N,N,35,NULL,98,9801,NULL,,Y,37.46811,37,28.087,NULL,-82.53313,82,31.988,NULL,N,NULL,NULL,NULL,NULL,NULL,NULL,NULL,NULL,5,97,2,6,1,1,2,2,1,3,N,NULL,Y,N,1755,1757,,N,NULL,90,16,0,N,,N,N,098-KY-3496-0,NULL,NULL,2021,O,7.26472E+11,098-KY-3496  -000,HIGH,098-KY-3496  -000,0.353,0,0,1,0,0,0,1,0,0,0,0,0,0
72622446,KSP0900,21-181513,20210505,2333,,1138,DRY,,BR,,,0,098 CR-1314Q4,CR1314Q4,N,N,NULL,NULL,NULL,N,NULL,NULL,NULL,NULL,NULL,NULL,0.341,NULL,NULL,NULL,NULL,,NULL,0,0,1,1,N,N,35,NULL,98,9820,NULL,,Y,37.57724,37,34.635,NULL,-82.471,82,28.26,NULL,N,NULL,NULL,NULL,NULL,NULL,NULL,NULL,NULL,9,3,1,4,1,5,6,6,7,3,N,NULL,Y,N,2333,2353,55,N,NULL,44,,,N,,N,N,098-CR-1314Q4-0,NULL,NULL,2021,O,7.26224E+11,098-CR-1314Q4-000,HIGH,098-CR-1314Q4-000,0.341,0,0,0,0,0,0,0,0,1,1,0,1,0
72664917,980100,2.021E+11,20210829,1946,,,CASSIDY,,BLVD,,,0,098 CS-1191,CS1191,Y,N,NULL,NULL,NULL,N,NULL,NULL,NULL,NULL,NULL,NULL,0.078,NULL,NULL,NULL,NULL,,NULL,0,0,2,2,N,N,15,NULL,98,9801,NULL,,Y,37.50366,37,30.219,NULL,-82.53339,82,32.003,NULL,N,NULL,NULL,NULL,NULL,NULL,NULL,NULL,NULL,6,97,NULL,6,1,1,3,2,1,3,N,NULL,Y,N,1946,2002,,N,NULL,90,,,N,,N,N,098-CS-1191-0,NULL,NULL,2021,O,7.26649E+11,098-CS-1191  -000,HIGH,098-CS-1191  -000,0.078,0,0,1,1,0,0,1,0,0,0,0,0,0
72702422,KSP0900,21-480568,20211124,1615,,,KY1426,,,KY1426,KY1426,0,098 KY-1426,KY1426,N,N,NULL,NULL,NULL,N,NULL,NULL,NULL,NULL,NULL,NULL,14.463,NULL,NULL,NULL,NULL,,NULL,0,0,1,1,N,N,35,NULL,98,9820,NULL,,Y,37.5607,37,33.642,NULL,-82.46246,82,27.748,NULL,N,NULL,NULL,NULL,NULL,NULL,NULL,NULL,NULL,9,3,2,3,1,1,2,2,7,3,N,NULL,Y,N,1615,1640,1615,N,NULL,40,7,0,N,,N,N,098-KY-1426-0,NULL,NULL,2021,O,7.27024E+11,098-KY-1426  -000,HIGH,098-KY-1426  -000,14.463,0,0,0,1,0,0,0,0,0,0,0,1,0