MasterFile,AgencyORINumber,LocalCode,CollisionDate,CollisionTime,CollisionDayWeekCode,RoadwayName_HouseBusinessNumber_,RoadwayName_RoadwayName_,RoadwayName_Direction_,RoadwayName_RoadwaySuffix_,RoadwayfromReport,CurrentRoadwayNumber,RoadwayNumberCoupletID,RSEUniqueGIS,RoadwayIdentifier,ParkingLotIndicator,IntersectionWith_Indicator_,IntersectionWith_NameRoadway_,IntersectionWith_Direction_,IntersectionWith_RoadwaySuffix_,BetweenStreets_Indicator_,BetweenStreets1_NameRoadway_,BetweenStreet1_Direction_,BetweenStreets1_RoadwaySuffix_,BetweenStreets2_NameRoadway_,BetweenStreets2_Direction_,BetweenStreets2_RoadwaySuffix_,Milepoint,ReportMilepointDeriveNumber,CurrentDerivedMiepointNumber,MilestoMilepoint,FeettoMilepoint,DirectionfromMilepoint_NSEW_,ValidMilepointIndicator,NumberInjured,NumberKilled,ofUnits,ofMotorVehicleUnits,Hit&RunIndicator,OneWayIndicator,SpeedLimitNumber,KilometersIndicator,CountyCode,CityCountyCode,MilesFromCity,DirectionFromCity_NSEW_,InCityLimitsIndicator,Latitude,LatitudeDegrees,LatitudeMinutes,LatitudeSeconds,Longitude,LongitudeDegrees,LongitudeMinutes,LongitudeSeconds,RampIndicator,RampFromIdentifier,RampFromDirCode,RampFromCoupletID,RSEUniqueGISRampFrom,RampToidentifier,RampToDirCode,RampToCoupletID,RSEUniqueGisRampTo,MannerofCollisionCode,LocationFirstEventCode,TotalLanes,RoadwayCharacterCode,RoadwaySurfaceCode,RoadwayConditionCode,WeatherCode,LightConditionCode,LandUseCode,SchoolBusRelatedCode,FirstAidSceneIndicator,CollDescPresentInd,InvestigationCompleteIndicator,PhotosTakenIndicator,TimeNotified,TimeArrived,TimeRoadwayOpened,PropertyDamageIndicator,DiagramPresentIndicator,DirectionalAnalysis,FunctionClassCode,NationalHwySysCode,EnforcementsIndicator,KARSCityCode,SecondaryCollisionIndicator,MedianCrossoverIndicator,RT_UNIQUE,MapIt,TimeLastLeft,YR,KABCO,MFNY,WorkingRID,RT_CONFIDENCE,KTC_RT,KTC_MP,Motorcyclist,CommercialVehicle,YoungDriver,MatureDriver,pedestrian,Bicyclist,Distracted,agressive,Impaired,Unrestrained,Intersection,RoadwayDeparture,MedXover
72694990,980100,2.021E+11,20211109,2221,,,US23,,,US0023,US0023,,,,N,N,NULL,NULL,NULL,N,NULL,NULL,NULL,NULL,NULL,NULL,29.105,NULL,NULL,NULL,NULL,,NULL,0,0,1,1,N,N,45,NULL,98,9807,NULL,,Y,37.52514,37,31.509,NULL,-82.57296,82,34.378,NULL,N,NULL,NULL,NULL,NULL,NULL,NULL,NULL,NULL,9,3,6,6,1,1,2,5,1,3,N,NULL,Y,N,2221,2230,2230,N,NULL,38,,1,N,,N,N,,NULL,NULL,2021,O,7.2695E+11,098-US-0023  -000,MEDIUM,098-US-0023  -000,29.105,0,0,0,0,0,0,0,0,0,0,0,0,0
72696679,980100,2.021E+11,20211113,1759,,,LYKINS,,CRK,,,,,,N,N,NULL,NULL,NULL,N,NULL,NULL,NULL,NULL,NULL,NULL,0.24,NULL,NULL,NULL,NULL,,NULL,0,0,1,1,N,N,25,NULL,98,9801,NULL,,Y,37.50481,37,30.289,NULL,-82.54839,82,32.903,NULL,N,NULL,NULL,NULL,NULL,NULL,NULL,NULL,NULL,9,97,1,3,1,1,2,6,6,3,N,NULL,Y,N,1759,1810,,Y,NULL,40,,,N,,N,N,,NULL,NULL,2021,O,7.26967E+11,098-CS-1249  -000,MEDIUM,098-CS-1249  -000,0.24,0,0,0,0,0,0,0,0,0,0,0,1,0
72598846,980100,2.021E+11,20210227,2152,,,BYPASS,S,RD,KY1426,KY1426,0,098 KY-1426,KY1426,N,N,NULL,NULL,NULL,N,NULL,NULL,NULL,NULL,NULL,NULL,6.546,NULL,NULL,NULL,NULL,,NULL,0,0,2,2,N,N,55,NULL,98,9801,NULL,,Y,37.48227,37,28.936,NULL,-82.51369,82,30.822,NULL,N,NULL,NULL,NULL,NULL,NULL,NULL,NULL,NULL,1,97,2,6,1,5,3,7,1,3,N,NULL,Y,N,2152,2152,,N,NULL,55,,0,N,,N,N,098-KY-1426-0,NULL,NULL,2021,O,7.25988E+11,098-KY-1426  -000,HIGH,098-KY-1426  -000,6.546,0,0,1,0,0,0,1,0,0,0,0,0,0
72591038,980100,2.021E+11,20210202,1411,,,US23,,,US0023,US0023,,,,N,N,NULL,NULL,NULL,N,NULL,NULL,NULL,NULL,NULL,NULL,26.32,NULL,NULL,NULL,NULL,,NULL,0,0,2,2,N,N,55,NULL,98,9801,NULL,,Y,37.50418,37,30.251,NULL,-82.53242,82,31.945,NULL,N,NULL,NULL,NULL,NULL,NULL,NULL,NULL,NULL,5,3,4,6,1,5,2,2,7,3,N,NULL,Y,N,1411,1417,1417,N,NULL,49,,1,N,,N,N,,NULL,NULL,2021,O,7.2591E+11,098-US-0023  -010,MEDIUM,098-US-0023  -000,26.32,0,0,1,0,0,0,1,1,0,0,0,0,0
72705032,KSP0900,21-489532,20211201,1541,,,US460,,,US0460,US0460,0,098 US-460,US0460,Y,N,NULL,NULL,NULL,N,NULL,NULL,NULL,NULL,NULL,NULL,2.516,NULL,NULL,NULL,NULL,,NULL,0,0,2,2,N,N,15,NULL,98,9824,NULL,,Y,37.43243,37,25.945,NULL,-82.48354,82,29.012,NULL,N,NULL,NULL,NULL,NULL,NULL,NULL,NULL,NULL,2,97,2,6,1,1,2,2,1,3,N,NULL,Y,N,1607,1629,1607,N,NULL,90,,1,N,,N,N,098-US-0460-0,NULL,NULL,2021,O,7.2705E+11,098-US-0460  -000,HIGH,098-US-0460  -000,2.516,0,0,1,0,0,0,1,0,0,0,0,0,0
72691056,980000,21-11-001,20211102,820,,,US119,,,US0119,US0119,0,098 US-119,US0119,N,N,NULL,NULL,NULL,N,NULL,NULL,NULL,NULL,NULL,NULL,7.176,NULL,NULL,NULL,NULL,,NULL,0,0,1,1,N,N,55,NULL,98,9801,5,N,N,37.55035,37,33.021,NULL,-82.43388,82,26.033,NULL,N,NULL,NULL,NULL,NULL,NULL,NULL,NULL,NULL,9,3,2,1,1,5,6,2,1,3,N,NULL,Y,Y,820,831,841,N,NULL,38,2,1,N,,N,N,098-US-0119-0,NULL,NULL,2021,O,7.26911E+11,098-US-0119  -000,HIGH,098-US-0119  -000,7.176,0,0,0,0,0,0,0,0,0,0,0,0,0
72607375,KSP0900,21-121309,20210327,1246,,,US23,,,US0023,US0023,0,098 US-23-10,US0023,N,N,NULL,NULL,NULL,N,NULL,NULL,NULL,NULL,NULL,NULL,15.004,NULL,NULL,NULL,NULL,,NULL,0,0,1,1,N,N,55,NULL,98,9801,NULL,,Y,37.39598,37,23.759,NULL,-82.52779,82,31.667,NULL,N,NULL,NULL,NULL,NULL,NULL,NULL,NULL,NULL,9,5,4,3,1,5,6,2,7,3,N,NULL,Y,N,1246,1258,1258,Y,NULL,40,,1,N,,N,N,098-US-0023-10,NULL,NULL,2021,O,7.26074E+11,098-US-0023  -010,HIGH,098-US-0023  -000,15.004,0,0,0,0,0,0,0,0,0,0,0,1,0
72588710,KSP0900,21-36241,20210127,2243,,,KY3527,,,KY3527,KY3527,0,098 KY-3527,KY3527,N,N,NULL,NULL,NULL,N,NULL,NULL,NULL,NULL,NULL,NULL,0.15,NULL,NULL,NULL,NULL,,NULL,0,0,1,1,N,N,55,NULL,98,9809,NULL,,Y,37.27759,37,16.655,NULL,-82.5918,82,35.508,NULL,N,NULL,NULL,NULL,NULL,NULL,NULL,NULL,NULL,9,3,2,4,1,4,9,6,7,3,N,NULL,Y,N,2243,2311,,N,NULL,70,8,0,N,,N,N,098-KY-3527-0,NULL,NULL,2021,O,7.25887E+11,098-KY-3527  -000,HIGH,098-KY-3527  -000,0.15,0,1,0,1,0,0,0,0,0,0,0,0,0
72618213,980500,2021AR018,20210427,1736,,3683,MCDONALDS,,,,,,,,N,N,NULL,NULL,NULL,N,NULL,NULL,NULL,NULL,NULL,NULL,NULL,NULL,NULL,NULL,NULL,NULL,NULL,0,0,2,2,N,N,15,NULL,98,9807,NULL,,Y,37.51805,37,31.083,NULL,-82.56572,82,33.943,NULL,N,NULL,NULL,NULL,NULL,NULL,NULL,NULL,NULL,5,97,1,6,1,1,2,2,1,3,Y,NULL,Y,Y,1700,1730,1730,N,NULL,70,,,N,,N,N,,NULL,NULL,2021,O,7.26182E+11,098-CS-3000  -000,MEDIUM,098-CS-3000  -000,0.397,0,0,0,0,0,0,0,0,0,0,0,0,0
72628153,KSP0900,21-207917,20210522,1434,,,FERRELLS CREEK,,RD,US0460,US0460,0,098 US-460,US0460,Y,N,NULL,NULL,NULL,N,NULL,NULL,NULL,NULL,NULL,NULL,22.42,NULL,NULL,NULL,NULL,,NULL,0,0,2,2,N,N,15,NULL,98,9847,NULL,,Y,37.38268,37,22.961,NULL,-82.25591,82,15.355,NULL,N,NULL,NULL,NULL,NULL,NULL,NULL,NULL,NULL,2,97,2,6,1,1,2,2,1,3,N,NULL,Y,N,1602,1635,1700,N,NULL,90,,1,N,,N,N,098-US-0460-0,NULL,NULL,2021,O,7.26282E+11,098-US-0460  -000,HIGH,098-US-0460  -000,22.42,0,0,1,0,0,0,1,0,0,0,0,0,0
72622243,980100,2.021E+11,20210506,1800,,,HAMBLEY,,BLVD,,,0,098 CS-1222,CS1222,Y,N,NULL,NULL,NULL,N,NULL,NULL,NULL,NULL,NULL,NULL,1.034,NULL,NULL,NULL,NULL,,NULL,0,0,2,2,N,N,10,NULL,98,9801,NULL,,Y,37.48513,37,29.108,NULL,-82.52331,82,31.398,NULL,N,NULL,NULL,NULL,NULL,NULL,NULL,NULL,NULL,8,97,0,6,1,1,2,2,1,3,N,NULL,N,N,1800,1809,1829,N,NULL,90,,,Y,,N,N,098-CS-1222-0,NULL,NULL,2021,O,7.26222E+11,098-CS-1222  -000,HIGH,098-CS-1222  -000,1.034,0,0,0,0,0,0,1,0,0,0,0,0,0
72576285,KSP0900,20-830939,20201216,1500,,,BRUSHY,,RD,KY0881,KY0881,0,098 KY-881,KY0881,N,N,NULL,NULL,NULL,N,NULL,NULL,NULL,NULL,NULL,NULL,8.381,NULL,NULL,NULL,NULL,,NULL,0,0,2,2,N,N,55,NULL,98,9853,NULL,,Y,37.65981,37,39.589,NULL,-82.44798,82,26.879,NULL,N,NULL,NULL,NULL,NULL,NULL,NULL,NULL,NULL,1,3,2,1,1,5,6,2,7,3,N,NULL,Y,N,1500,1530,1545,N,NULL,55,9,0,N,,N,N,098-KY-0881-0,NULL,NULL,2020,O,7.25763E+11,098-KY-0881  -000,HIGH,098-KY-0881  -000,8.381,0,0,0,0,0,0,0,0,0,0,0,0,0
72655259,980100,2.021E+11,20210805,1455,,,US23,,,US0023,US0023,0,098 US-23,US0023,N,N,NULL,NULL,NULL,N,NULL,NULL,NULL,NULL,NULL,NULL,22.392,NULL,NULL,NULL,NULL,,NULL,1,0,2,2,N,N,55,NULL,98,9801,NULL,,Y,37.46267,37,27.76,NULL,-82.51748,82,31.049,NULL,N,NULL,NULL,NULL,NULL,NULL,NULL,NULL,NULL,1,3,4,6,1,1,2,2,7,3,N,NULL,Y,Y,1455,1459,1552,N,NULL,55,,1,N,,N,N,098-US-0023-0,NULL,NULL,2021,B,7.26553E+11,098-US-0023  -000,HIGH,098-US-0023  -000,22.392,0,0,0,1,0,0,1,0,0,0,0,0,0
72710097,KSP0900,2021-511638,20211216,1810,,,US23,,,US0023,US0023,0,098 US-23-10,US0023,N,N,NULL,NULL,NULL,N,NULL,NULL,NULL,NULL,NULL,NULL,28.748,NULL,NULL,NULL,NULL,,NULL,0,0,2,2,N,N,55,NULL,98,9807,NULL,,Y,37.52129,37,31.277,NULL,-82.56879,82,34.127,NULL,N,NULL,NULL,NULL,NULL,NULL,NULL,NULL,NULL,5,3,4,6,1,5,6,6,7,3,N,NULL,Y,N,1815,1815,1900,N,NULL,70,,1,N,,N,N,098-US-0023-10,NULL,NULL,2021,O,7.27101E+11,098-US-0023  -010,HIGH,098-US-0023  -000,28.748,0,0,0,0,0,0,0,0,0,0,0,0,0
72632639,KSP0900,21-224263,20210601,1722,,,US119,,,US0119,US0119,0,098 US-119,US0119,Y,N,NULL,NULL,NULL,N,NULL,NULL,NULL,NULL,NULL,NULL,24.951,NULL,NULL,NULL,NULL,,NULL,0,0,2,2,N,N,10,NULL,98,9834,NULL,,Y,37.66859,37,40.116,NULL,-82.27724,82,16.635,NULL,N,NULL,NULL,NULL,NULL,NULL,NULL,NULL,NULL,1,97,2,6,1,1,2,2,1,3,N,NULL,Y,N,1722,1744,1722,N,NULL,90,2,1,N,,N,N,098-US-0119-0,NULL,NULL,2021,O,7.26326E+11,098-US-0119  -000,HIGH,098-US-0119  -000,24.951,0,0,0,1,0,0,1,0,0,0,0,0,0
72673912,980000,21-09-001,20210913,2054,,,US119,,,US0119,US0119,0,098 US-119,US0119,Y,N,NULL,NULL,NULL,N,NULL,NULL,NULL,NULL,NULL,NULL,24.06,NULL,NULL,NULL,NULL,,NULL,2,0,1,1,N,N,NULL,NULL,98,9812,0.3,N,N,37.65656,37,39.394,NULL,-82.27052,82,16.231,NULL,N,NULL,NULL,NULL,NULL,NULL,NULL,NULL,NULL,9,97,NULL,6,1,1,2,3,1,3,Y,NULL,N,Y,2054,2109,2133,N,NULL,90,2,1,N,,N,N,098-US-0119-0,NULL,NULL,2021,C,7.26739E+11,098-US-0119  -000,HIGH,098-US-0119  -000,24.06,0,0,0,0,0,0,1,0,0,1,0,1,0
72667758,980100,2.021E+11,20210907,646,,,MAYO,S,TRL,US0023,US0023,0,098 US-23-10,US0023,N,N,NULL,NULL,NULL,N,NULL,NULL,NULL,NULL,NULL,NULL,21.418,NULL,NULL,NULL,NULL,,NULL,0,0,1,1,N,N,55,NULL,98,9801,NULL,,Y,37.45075,37,27.045,NULL,-82.52404,82,31.442,NULL,N,NULL,NULL,NULL,NULL,NULL,NULL,NULL,NULL,9,3,4,6,1,1,2,1,1,3,N,NULL,Y,N,646,652,652,Y,NULL,70,,1,N,,N,Y,098-US-0023-10,NULL,NULL,2021,O,7.26678E+11,098-US-0023  -010,HIGH,098-US-0023  -000,21.418,0,0,0,0,0,0,0,0,0,0,0,1,0
72693562,370200,2021-448439,20211101,828,,,ELKHORN,,CRK,KY0197,KY0197,,,,N,N,NULL,NULL,NULL,N,NULL,NULL,NULL,NULL,NULL,NULL,14.311,NULL,NULL,NULL,NULL,,NULL,0,0,2,2,N,N,35,NULL,98,9830,NULL,,Y,37.28001,37,16.8,NULL,-82.37309,82,22.385,NULL,N,NULL,NULL,NULL,NULL,NULL,NULL,NULL,NULL,7,3,2,3,1,1,2,2,7,3,N,NULL,Y,N,825,854,954,N,NULL,54,7,0,N,,N,N,,NULL,NULL,2021,O,7.26936E+11,098-KY-0197  -000,HIGH,098-KY-0197  -000,14.311,0,1,0,0,0,0,0,0,0,0,0,1,0
72611487,KSP0900,21-139747,20210408,1135,,,KY122,,,KY0122,KY0122,0,098 KY-122,KY0122,Y,N,NULL,NULL,NULL,N,NULL,NULL,NULL,NULL,NULL,NULL,10.321,NULL,NULL,NULL,NULL,,NULL,0,0,2,2,N,N,NULL,NULL,98,9801,7,S,N,37.3878,37,23.268,NULL,-82.54422,82,32.653,NULL,N,NULL,NULL,NULL,NULL,NULL,NULL,NULL,NULL,2,97,0,6,2,1,2,2,7,3,N,NULL,Y,N,1135,1147,1147,N,NULL,90,,0,Y,,N,N,098-KY-0122-0,NULL,NULL,2021,O,7.26115E+11,098-KY-0122  -000,HIGH,098-KY-0122  -000,10.321,0,0,0,1,0,0,0,0,0,1,0,0,0
72607839,980100,2.021E+11,20210308,1539,,,THOMPSON,,RD,,,,,,Y,N,NULL,NULL,NULL,N,NULL,NULL,NULL,NULL,NULL,NULL,0.464,NULL,NULL,NULL,NULL,,NULL,0,0,2,2,Y,N,15,NULL,98,9801,NULL,,Y,37.5062,37,30.372,NULL,-82.5443,82,32.658,NULL,N,NULL,NULL,NULL,NULL,NULL,NULL,NULL,NULL,8,97,1,6,1,1,2,2,1,3,N,NULL,Y,N,1539,1553,1553,N,NULL,90,,,N,,N,N,,NULL,NULL,2021,NULL,7.26078E+11,098-CS-1215  -000,LOW,098-CS-1215  -000,0.464,0,0,0,0,0,0,1,0,0,0,0,0,0
72685446,980100,2.021E+11,20211019,1623,,117,BAIRD,,AVE,KY1426,KY1426,0,098 KY-1426,KY1426,Y,N,NULL,NULL,NULL,N,NULL,NULL,NULL,NULL,NULL,NULL,5.389,NULL,NULL,NULL,NULL,,NULL,0,0,2,2,N,N,NULL,NULL,98,9801,NULL,,Y,37.47312,37,28.387,NULL,-82.5271,82,31.626,NULL,N,NULL,NULL,NULL,NULL,NULL,NULL,NULL,NULL,2,97,1,6,1,1,2,2,1,3,N,NULL,Y,N,1623,1627,1627,N,NULL,90,,0,N,,N,N,098-KY-1426-0,NULL,NULL,2021,O,7.26854E+11,098-KY-1426  -000,HIGH,098-KY-1426  -000,5.389,0,0,0,0,0,0,1,0,0,0,0,0,0
72666500,370200,2021354514,20210825,1514,,,US119 CROSSOVER,,,US0119,US0119,0,098 US-119-33,US0119,N,N,NULL,NULL,NULL,N,NULL,NULL,NULL,NULL,NULL,NULL,0.008,NULL,NULL,NULL,NULL,,NULL,0,0,2,2,N,N,20,NULL,98,9801,NULL,,Y,37.51249,37,30.749,NULL,-82.49979,82,29.988,NULL,N,NULL,NULL,NULL,NULL,NULL,NULL,NULL,NULL,2,97,2,5,1,1,3,2,8,3,N,NULL,N,N,1514,1516,1516,N,NULL,56,2,1,N,,N,N,098-US-0119-33,NULL,NULL,2021,O,7.26665E+11,098-US-0119  -033,HIGH,098-US-0119  -033,0.008,0,0,0,0,0,0,0,0,0,0,0,0,0
72673858,980100,2.021E+11,20210921,1357,,,US23 TURN LANE,,,US0023,US0023,0,098 US-23-20,US0023,N,N,NULL,NULL,NULL,N,NULL,NULL,NULL,NULL,NULL,NULL,0.008,NULL,NULL,NULL,NULL,,NULL,0,0,2,2,N,N,55,NULL,98,9801,NULL,,Y,37.50365,37,30.219,NULL,-82.53259,82,31.955,NULL,N,NULL,NULL,NULL,NULL,NULL,NULL,NULL,NULL,5,3,4,6,1,5,3,2,7,3,N,NULL,Y,N,1357,1415,1435,N,NULL,49,,1,N,,N,N,098-US-0023-20,NULL,NULL,2021,O,7.26739E+11,098-US-0023  -020,HIGH,098-US-0023  -020,0.008,0,0,1,0,0,0,0,0,0,0,0,0,0
72572895,980100,2.02E+11,20201207,1238,,,US23,,,US0023,US0023,,,,N,N,NULL,NULL,NULL,N,NULL,NULL,NULL,NULL,NULL,NULL,30.937,NULL,NULL,NULL,NULL,,NULL,0,0,1,1,N,N,55,NULL,98,9801,NULL,,Y,37.54042,37,32.425,NULL,-82.59234,82,35.54,NULL,N,NULL,NULL,NULL,NULL,NULL,NULL,NULL,NULL,9,2,4,3,1,1,3,2,1,3,N,NULL,N,N,1238,1255,1316,N,NULL,70,,1,N,,N,N,,NULL,NULL,2020,O,7.25729E+11,098-US-0023  -000,MEDIUM,098-US-0023  -000,30.937,0,0,0,0,0,0,0,0,0,0,0,1,0
72599229,980100,2.021E+11,20210226,1424,,,,,,US0023,US0023,,,,N,N,NULL,NULL,NULL,N,NULL,NULL,NULL,NULL,NULL,NULL,0.417,NULL,NULL,NULL,NULL,,NULL,0,0,2,2,N,N,55,NULL,98,9801,NULL,,Y,37.47464,37,28.479,NULL,-82.53696,82,32.218,NULL,Y,KY1426,W,NULL,,US0023,N,NULL,,8,3,4,6,1,5,6,2,1,3,N,NULL,N,N,1424,1429,1438,N,NULL,85,,1,N,,N,N,,NULL,NULL,2021,O,7.25992E+11,098-US-0023  -121,MEDIUM,098-US-0023  -121,0.417,0,0,0,1,0,0,1,0,0,0,0,0,0
72678996,KSP0900,21-401009,20210927,1920,,,KY195,,,KY0195,KY0195,0,098 KY-195,KY0195,N,N,NULL,NULL,NULL,N,NULL,NULL,NULL,NULL,NULL,NULL,4.624,NULL,NULL,NULL,NULL,,NULL,0,1,1,1,N,N,35,NULL,98,9818,NULL,,Y,37.31009,37,18.605,NULL,-82.47809,82,28.685,NULL,N,NULL,NULL,NULL,NULL,NULL,NULL,NULL,NULL,9,4,2,3,1,1,2,2,7,3,N,NULL,Y,N,1921,1934,2030,N,NULL,40,8,0,N,,N,N,098-KY-0195-0,NULL,NULL,2021,K,7.2679E+11,098-KY-0195  -000,HIGH,098-KY-0195  -000,4.624,1,0,0,0,0,0,0,1,0,0,0,1,0
72679786,KSP0900,21-407580,20211002,1600,,,STONE COAL CREEK,,RD,KY3227,KY3227,0,098 KY-3227,KY3227,N,N,NULL,NULL,NULL,N,NULL,NULL,NULL,NULL,NULL,NULL,4.115,NULL,NULL,NULL,NULL,,NULL,0,0,2,2,N,N,35,NULL,98,9801,NULL,,Y,37.54797,37,32.878,NULL,-82.51003,82,30.602,NULL,N,NULL,NULL,NULL,NULL,NULL,NULL,NULL,NULL,5,3,2,5,1,5,6,2,7,3,N,NULL,Y,N,1600,1600,1609,N,NULL,49,8,0,N,,N,N,098-KY-3227-0,NULL,NULL,2021,O,7.26798E+11,098-KY-3227  -000,HIGH,098-KY-3227  -000,4.115,0,0,0,0,0,0,1,0,0,0,0,0,0
72673857,980100,2.021E+11,20210915,1123,,254,CASSIDY,,BLVD,,,0,098 CS-1191,CS1191,Y,N,NULL,NULL,NULL,N,NULL,NULL,NULL,NULL,NULL,NULL,0.046,NULL,NULL,NULL,NULL,,NULL,1,0,1,1,N,N,NULL,NULL,98,9801,NULL,,Y,37.50369,37,30.221,NULL,-82.53291,82,31.975,NULL,N,NULL,NULL,NULL,NULL,NULL,NULL,NULL,NULL,9,97,2,6,1,1,2,2,1,3,Y,NULL,Y,Y,1132,1139,1145,Y,NULL,90,,,N,,N,N,098-CS-1191-0,NULL,NULL,2021,A,7.26739E+11,098-CS-1191  -000,HIGH,098-CS-1191  -000,0.046,0,0,0,0,0,0,0,0,0,0,0,1,0
72651637,KSP0900,21-309556,20210726,1320,,,VIRGIE,,RD,KY0610,KY0610,0,098 KY-610,KY0610,N,N,NULL,NULL,NULL,N,NULL,NULL,NULL,NULL,NULL,NULL,8.2,NULL,NULL,NULL,NULL,,NULL,0,0,1,1,N,N,45,NULL,98,9827,NULL,,Y,37.3403,37,20.418,NULL,-82.58978,82,35.387,NULL,N,NULL,NULL,NULL,NULL,NULL,NULL,NULL,NULL,9,3,2,6,1,1,2,2,7,3,N,NULL,Y,N,1321,1325,1325,N,NULL,40,7,0,N,,N,N,098-KY-0610-0,NULL,NULL,2021,O,7.26516E+11,098-KY-0610  -000,HIGH,098-KY-0610  -000,8.2,0,0,0,0,0,0,0,0,0,0,0,1,0
72677919,980100,2.021E+11,20211001,857,,,CASSIDY,,BLVD,,,0,098 CS-1191,CS1191,N,N,NULL,NULL,NULL,N,NULL,NULL,NULL,NULL,NULL,NULL,0.125,NULL,NULL,NULL,NULL,,NULL,1,0,2,2,N,N,35,NULL,98,9801,NULL,,Y,37.5036,37,30.216,NULL,-82.53412,82,32.047,NULL,N,NULL,NULL,NULL,NULL,NULL,NULL,NULL,NULL,1,3,4,3,1,1,2,2,1,3,Y,NULL,Y,Y,859,901,949,N,NULL,55,,,N,,N,N,098-CS-1191-0,NULL,NULL,2021,C,7.26779E+11,098-CS-1191  -000,HIGH,098-CS-1191  -000,0.125,0,0,0,0,0,0,1,0,0,1,0,1,0
72653305,KSP0900,21-311743,20210727,2009,,,KY194,,,KY0194,KY0194,0,098 KY-194,KY0194,N,N,NULL,NULL,NULL,N,NULL,NULL,NULL,NULL,NULL,NULL,25.313,NULL,NULL,NULL,NULL,,NULL,0,0,1,1,N,N,55,NULL,98,9817,NULL,,Y,37.51335,37,30.801,NULL,-82.35878,82,21.527,NULL,N,NULL,NULL,NULL,NULL,NULL,NULL,NULL,NULL,9,5,2,3,1,1,2,3,7,3,N,NULL,N,N,2000,2005,2005,N,NULL,44,6,0,N,,N,N,098-KY-0194-0,NULL,NULL,2021,O,7.26533E+11,098-KY-0194  -000,HIGH,098-KY-0194  -000,25.313,0,0,0,0,0,0,1,0,0,0,0,1,0
72606208,980100,2.021E+11,20210322,2017,,,HAMBLEY,,BLVD,,,,,,Y,N,NULL,NULL,NULL,N,NULL,NULL,NULL,NULL,NULL,NULL,0.516,NULL,NULL,NULL,NULL,,NULL,0,0,2,2,N,N,NULL,NULL,98,9801,NULL,,Y,37.47861,37,28.717,NULL,-82.52021,82,31.213,NULL,N,NULL,NULL,NULL,NULL,NULL,NULL,NULL,NULL,2,97,1,6,2,1,2,5,6,3,N,NULL,Y,N,2018,2021,2021,N,NULL,90,,,N,,N,N,,NULL,NULL,2021,O,7.26062E+11,098-CS-1222  -000,MEDIUM,098-CS-1222  -000,0.516,0,0,0,0,0,0,1,0,0,0,0,0,0
72629180,980100,2.021E+11,20210520,1152,,,US23,,,US0023,US0023,,,,N,N,NULL,NULL,NULL,N,NULL,NULL,NULL,NULL,NULL,NULL,25.737,NULL,NULL,NULL,NULL,,NULL,1,0,2,2,N,N,55,NULL,98,9801,NULL,,Y,37.4959,37,29.754,NULL,-82.53105,82,31.863,NULL,N,NULL,NULL,NULL,NULL,NULL,NULL,NULL,NULL,1,3,4,6,1,1,2,2,1,3,N,NULL,Y,Y,1153,1158,1246,N,NULL,55,,1,N,,N,N,,NULL,NULL,2021,B,7.26292E+11,098-US-0023  -000,MEDIUM,098-US-0023  -000,25.737,0,0,0,1,0,0,1,0,0,0,0,0,0
72640796,KSP0900,21-262625,20210626,129,,,US23,,,US0023,US0023,0,098 US-23-10,US0023,N,N,NULL,NULL,NULL,N,NULL,NULL,NULL,NULL,NULL,NULL,28.013,NULL,NULL,NULL,NULL,,NULL,0,0,1,1,N,N,55,NULL,98,9807,NULL,,Y,37.51479,37,30.888,NULL,-82.55874,82,33.524,NULL,N,NULL,NULL,NULL,NULL,NULL,NULL,NULL,NULL,9,6,4,4,1,1,2,5,7,3,N,NULL,N,N,120,129,130,N,NULL,40,,1,N,,N,N,098-US-0023-10,NULL,NULL,2021,O,7.26408E+11,098-US-0023  -010,HIGH,098-US-0023  -000,28.013,0,0,0,0,0,0,0,0,0,0,0,1,0
72632593,980100,2.021E+11,20210603,1116,,,US23,,,US0023,US0023,0,098 US-23,US0023,N,N,NULL,NULL,NULL,N,NULL,NULL,NULL,NULL,NULL,NULL,27.309,NULL,NULL,NULL,NULL,,NULL,0,0,2,2,N,N,55,NULL,98,9801,NULL,,Y,37.51066,37,30.64,NULL,-82.54743,82,32.846,NULL,N,NULL,NULL,NULL,NULL,NULL,NULL,NULL,NULL,5,3,4,6,1,5,6,2,6,3,N,NULL,Y,N,1116,1121,1158,N,NULL,70,,1,N,,N,N,098-US-0023-0,NULL,NULL,2021,O,7.26326E+11,098-US-0023  -000,HIGH,098-US-0023  -000,27.309,0,0,0,0,0,0,1,1,0,0,0,0,0
72621530,KSP0900,21-173098,20210430,1726,,,KY632,,,KY0632,KY0632,0,098 KY-632,KY0632,Y,N,NULL,NULL,NULL,N,NULL,NULL,NULL,NULL,NULL,NULL,13.929,NULL,NULL,NULL,NULL,,NULL,0,0,2,2,N,N,35,NULL,98,9804,NULL,,Y,37.5139,37,30.834,NULL,-82.15376,82,9.225,NULL,N,NULL,NULL,NULL,NULL,NULL,NULL,NULL,NULL,2,97,2,4,1,1,2,2,7,3,N,NULL,Y,Y,1734,1820,1820,N,NULL,90,6,0,N,,N,N,098-KY-0632-0,NULL,NULL,2021,O,7.26215E+11,098-KY-0632  -000,HIGH,098-KY-0632  -000,13.929,0,0,0,0,0,0,1,0,0,0,0,0,0