MasterFile,AgencyORINumber,LocalCode,CollisionDate,CollisionTime,CollisionDayWeekCode,RoadwayName_HouseBusinessNumber_,RoadwayName_RoadwayName_,RoadwayName_Direction_,RoadwayName_RoadwaySuffix_,RoadwayfromReport,CurrentRoadwayNumber,RoadwayNumberCoupletID,RSEUniqueGIS,RoadwayIdentifier,ParkingLotIndicator,IntersectionWith_Indicator_,IntersectionWith_NameRoadway_,IntersectionWith_Direction_,IntersectionWith_RoadwaySuffix_,BetweenStreets_Indicator_,BetweenStreets1_NameRoadway_,BetweenStreet1_Direction_,BetweenStreets1_RoadwaySuffix_,BetweenStreets2_NameRoadway_,BetweenStreets2_Direction_,BetweenStreets2_RoadwaySuffix_,Milepoint,ReportMilepointDeriveNumber,CurrentDerivedMiepointNumber,MilestoMilepoint,FeettoMilepoint,DirectionfromMilepoint_NSEW_,ValidMilepointIndicator,NumberInjured,NumberKilled,ofUnits,ofMotorVehicleUnits,Hit&RunIndicator,OneWayIndicator,SpeedLimitNumber,KilometersIndicator,CountyCode,CityCountyCode,MilesFromCity,DirectionFromCity_NSEW_,InCityLimitsIndicator,Latitude,LatitudeDegrees,LatitudeMinutes,LatitudeSeconds,Longitude,LongitudeDegrees,LongitudeMinutes,LongitudeSeconds,RampIndicator,RampFromIdentifier,RampFromDirCode,RampFromCoupletID,RSEUniqueGISRampFrom,RampToidentifier,RampToDirCode,RampToCoupletID,RSEUniqueGisRampTo,MannerofCollisionCode,LocationFirstEventCode,TotalLanes,RoadwayCharacterCode,RoadwaySurfaceCode,RoadwayConditionCode,WeatherCode,LightConditionCode,LandUseCode,SchoolBusRelatedCode,FirstAidSceneIndicator,CollDescPresentInd,InvestigationCompleteIndicator,PhotosTakenIndicator,TimeNotified,TimeArrived,TimeRoadwayOpened,PropertyDamageIndicator,DiagramPresentIndicator,DirectionalAnalysis,FunctionClassCode,NationalHwySysCode,EnforcementsIndicator,KARSCityCode,SecondaryCollisionIndicator,MedianCrossoverIndicator,RT_UNIQUE,MapIt,TimeLastLeft,YR,KABCO,MFNY,WorkingRID,RT_CONFIDENCE,KTC_RT,KTC_MP,Motorcyclist,CommercialVehicle,YoungDriver,MatureDriver,pedestrian,Bicyclist,Distracted,agressive,Impaired,Unrestrained,Intersection,RoadwayDeparture,MedXover
72644507,KSP0900,21-268855,20210630,240,,,GRAPEVINE,,RD,KY0194,KY0194,0,098 KY-194,KY0194,N,N,NULL,NULL,NULL,N,NULL,NULL,NULL,NULL,NULL,NULL,31.614,NULL,NULL,NULL,NULL,,NULL,0,0,1,1,N,N,55,NULL,98,9849,NULL,,Y,37.43307,37,25.984,NULL,-82.3587,82,21.522,NULL,N,NULL,NULL,NULL,NULL,NULL,NULL,NULL,NULL,9,5,2,5,1,1,2,6,7,3,N,NULL,Y,N,240,300,317,N,NULL,44,7,0,N,,N,N,098-KY-0194-0,NULL,NULL,2021,O,7.26445E+11,098-KY-0194  -000,HIGH,098-KY-0194  -000,31.614,0,0,0,0,0,0,0,0,0,0,0,1,0
72611934,980100,2.021E+11,20210408,1636,,198,MAIN,,ST,,,,,,Y,N,NULL,NULL,NULL,N,NULL,NULL,NULL,NULL,NULL,NULL,NULL,NULL,NULL,NULL,NULL,NULL,NULL,0,0,2,2,N,N,NULL,NULL,98,9801,NULL,,Y,37.48034,37,28.82,NULL,-82.51624,82,30.975,NULL,N,NULL,NULL,NULL,NULL,NULL,NULL,NULL,NULL,2,97,2,6,1,1,3,2,1,3,N,NULL,Y,N,1641,1645,1645,N,NULL,90,,,N,,N,N,,NULL,NULL,2021,O,7.26119E+11,098-CS-1113  -000,MEDIUM,098-CS-1113  -000,0.053,0,0,0,0,0,0,1,0,0,0,0,0,0
72591557,980100,2.021E+11,20210201,1145,,,US23,,,US0023,US0023,0,098 US-23,US0023,N,N,NULL,NULL,NULL,N,NULL,NULL,NULL,NULL,NULL,NULL,22.867,NULL,NULL,NULL,NULL,,NULL,0,0,2,2,Y,N,55,NULL,98,9801,NULL,,Y,37.4653,37,27.918,NULL,-82.52469,82,31.481,NULL,N,NULL,NULL,NULL,NULL,NULL,NULL,NULL,NULL,8,3,4,3,1,5,9,2,7,3,N,NULL,Y,N,1145,1155,1155,N,NULL,53,,1,N,,N,N,098-US-0023-0,NULL,NULL,2021,O,7.25916E+11,098-US-0023  -000,HIGH,098-US-0023  -000,22.867,0,0,0,0,0,0,0,0,0,0,0,1,0
72612360,980100,2.021E+11,20210410,1630,,,MAYO,S,TRL,US0023,US0023,0,098 US-23-10,US0023,N,N,NULL,NULL,NULL,N,NULL,NULL,NULL,NULL,NULL,NULL,22.943,NULL,NULL,NULL,NULL,,NULL,0,0,2,2,N,N,55,NULL,98,9801,NULL,,Y,37.46536,37,27.922,NULL,-82.526,82,31.56,NULL,N,NULL,NULL,NULL,NULL,NULL,NULL,NULL,NULL,5,3,4,6,1,5,6,2,7,3,N,NULL,Y,N,1630,1633,1633,N,NULL,49,,1,N,,N,N,098-US-0023-10,NULL,NULL,2021,O,7.26124E+11,098-US-0023  -010,HIGH,098-US-0023  -000,22.943,0,0,0,0,0,0,1,0,0,0,0,0,0
72660029,KSP0900,2021-340510,20210815,2250,,,US23,,,US0023,US0023,0,098 US-23-10,US0023,N,N,NULL,NULL,NULL,N,NULL,NULL,NULL,NULL,NULL,NULL,4.991,NULL,NULL,NULL,NULL,,NULL,0,0,1,1,N,N,55,NULL,98,9809,NULL,,Y,37.28187,37,16.912,NULL,-82.5657,82,33.942,NULL,N,NULL,NULL,NULL,NULL,NULL,NULL,NULL,NULL,9,3,4,1,1,5,6,6,7,3,N,NULL,Y,N,2208,2230,2208,N,NULL,70,,1,N,,N,N,098-US-0023-10,NULL,NULL,2021,O,7.266E+11,098-US-0023  -010,HIGH,098-US-0023  -000,4.991,0,0,0,0,0,0,0,0,0,0,0,1,0
72594223,980100,2.021E+11,20210206,1438,,426,MAYO,S,TRL,KY3496,KY3496,0,098 KY-3496,KY3496,Y,N,NULL,NULL,NULL,N,NULL,NULL,NULL,NULL,NULL,NULL,0.343,NULL,NULL,NULL,NULL,,NULL,0,0,2,2,N,N,15,NULL,98,9801,NULL,,Y,37.468,37,28.08,NULL,-82.53301,82,31.981,NULL,N,NULL,NULL,NULL,NULL,NULL,NULL,NULL,NULL,2,97,2,6,1,1,3,2,1,3,N,NULL,Y,N,1439,1448,,N,NULL,90,16,0,N,,N,N,098-KY-3496-0,NULL,NULL,2021,O,7.25942E+11,098-KY-3496  -000,HIGH,098-KY-3496  -000,0.343,0,0,0,0,0,0,1,0,0,0,0,0,0
72686339,980100,2.021E+11,20211022,1143,,,HAMBLEY,,BLVD,,,0,098 CS-1222,CS1222,N,N,NULL,NULL,NULL,N,NULL,NULL,NULL,NULL,NULL,NULL,0.029,NULL,NULL,NULL,NULL,,NULL,0,0,2,2,N,N,35,NULL,98,9801,NULL,,Y,37.47417,37,28.45,NULL,-82.52684,82,31.61,NULL,N,NULL,NULL,NULL,NULL,NULL,NULL,NULL,NULL,1,3,3,6,1,1,2,2,7,3,N,NULL,Y,N,1144,1144,1145,N,NULL,55,,,N,,N,N,098-CS-1222-0,NULL,NULL,2021,O,7.26863E+11,098-CS-1222  -000,HIGH,098-CS-1222  -000,0.029,0,0,0,0,0,0,1,0,0,0,0,0,0
72682311,KSP0900,21-422641,20211013,1416,,,US460,,,US0460,US0460,0,098 US-460,US0460,N,N,NULL,NULL,NULL,N,NULL,NULL,NULL,NULL,NULL,NULL,1.084,NULL,NULL,NULL,NULL,,NULL,1,0,2,2,N,N,55,NULL,98,9801,3,S,N,37.42952,37,25.771,NULL,-82.50367,82,30.22,NULL,N,NULL,NULL,NULL,NULL,NULL,NULL,NULL,NULL,5,3,2,6,1,1,2,2,7,3,N,NULL,Y,N,1417,1418,1500,N,NULL,49,,1,Y,,N,N,098-US-0460-0,NULL,NULL,2021,C,7.26823E+11,098-US-0460  -000,HIGH,098-US-0460  -000,1.084,0,0,0,0,0,0,0,0,0,0,0,0,0
72667030,KSP0900,21-364190,20210901,1705,,,KY194,,,KY0194,KY0194,0,098 KY-194,KY0194,N,N,NULL,NULL,NULL,N,NULL,NULL,NULL,NULL,NULL,NULL,19.282,NULL,NULL,NULL,NULL,,NULL,1,0,1,1,N,N,55,NULL,98,9817,NULL,,Y,37.55262,37,33.157,NULL,-82.41402,82,24.842,NULL,N,NULL,NULL,NULL,NULL,NULL,NULL,NULL,NULL,9,5,2,3,1,5,6,2,7,3,Y,NULL,Y,Y,1705,1705,1900,N,NULL,51,6,0,N,,N,N,098-KY-0194-0,NULL,NULL,2021,B,7.2667E+11,098-KY-0194  -000,HIGH,098-KY-0194  -000,19.282,0,0,0,0,0,0,0,1,0,0,0,1,0
72676441,KSP0900,21-401638,20210928,925,,390,4TH,W,ST,,,0,098 CS-2020,CS2020,N,N,NULL,NULL,NULL,N,NULL,NULL,NULL,NULL,NULL,NULL,0.215,NULL,NULL,NULL,NULL,,NULL,0,0,2,2,N,N,35,NULL,98,9802,NULL,,Y,37.30101,37,18.061,NULL,-82.35104,82,21.062,NULL,N,NULL,NULL,NULL,NULL,NULL,NULL,NULL,NULL,2,3,2,6,1,1,2,2,7,3,N,NULL,Y,N,958,1025,1025,N,NULL,47,,,N,,N,N,098-CS-2020-0,NULL,NULL,2021,O,7.26764E+11,098-CS-2020  -000,HIGH,098-CS-2020  -000,0.215,0,0,0,0,0,0,0,0,0,0,0,0,0
72582938,KSP0900,21-1763,20210102,1219,,,KY122,,,KY0122,KY0122,0,098 KY-122,KY0122,N,N,NULL,NULL,NULL,N,NULL,NULL,NULL,NULL,NULL,NULL,9.734,NULL,NULL,NULL,NULL,,NULL,0,0,2,2,N,N,45,NULL,98,9823,NULL,,Y,37.38878,37,23.327,NULL,-82.55411,82,33.247,NULL,N,NULL,NULL,NULL,NULL,NULL,NULL,NULL,NULL,2,97,2,6,1,1,2,2,7,3,N,NULL,Y,N,1219,1249,1249,N,NULL,47,,0,N,,N,N,098-KY-0122-0,NULL,NULL,2021,O,7.25829E+11,098-KY-0122  -000,MEDIUM,098-KY-0122  -000,9.734,0,0,0,1,0,0,1,0,0,0,0,0,0
72705463,980100,2.021E+11,20211206,1238,,,MAYO,N,TRL,US0023,US0023,0,098 US-23-10,US0023,N,N,NULL,NULL,NULL,N,NULL,NULL,NULL,NULL,NULL,NULL,26.104,NULL,NULL,NULL,NULL,,NULL,0,0,1,1,N,N,55,NULL,98,9801,NULL,,Y,37.50113,37,30.068,NULL,-82.53197,82,31.918,NULL,N,NULL,NULL,NULL,NULL,NULL,NULL,NULL,NULL,9,6,4,6,1,5,6,2,1,3,N,NULL,Y,N,1238,1242,1242,Y,NULL,40,,1,N,,N,N,098-US-0023-10,NULL,NULL,2021,O,7.27055E+11,098-US-0023  -010,HIGH,098-US-0023  -000,26.104,0,0,0,1,0,0,1,0,0,0,0,1,0
72701263,980100,2.021E+11,20211122,1418,,,THOMPSON,,RD,,,0,098 CS-1215,CS1215,Y,Y,CASSIDY,,BLVD,N,NULL,NULL,NULL,NULL,NULL,NULL,0.786,NULL,NULL,NULL,NULL,,NULL,0,0,2,2,N,N,NULL,NULL,98,9801,NULL,,Y,37.50417,37,30.25,NULL,-82.53904,82,32.342,NULL,N,NULL,NULL,NULL,NULL,NULL,NULL,NULL,NULL,2,97,NULL,6,1,1,2,2,1,3,N,NULL,Y,N,1418,1426,,N,NULL,90,,,N,,N,N,098-CS-1215-0,NULL,NULL,2021,O,7.27013E+11,098-CS-1215  -000,HIGH,098-CS-1215  -000,0.786,0,0,0,1,0,0,1,0,0,0,1,0,0
72633169,980100,2.021E+11,20210605,1946,,,CASSIDY,,BLVD,,,0,098 CS-1191,CS1191,Y,N,NULL,NULL,NULL,N,NULL,NULL,NULL,NULL,NULL,NULL,0.083,NULL,NULL,NULL,NULL,,NULL,0,0,2,2,N,N,NULL,NULL,98,9801,NULL,,Y,37.50364,37,30.219,NULL,-82.53348,82,32.009,NULL,N,NULL,NULL,NULL,NULL,NULL,NULL,NULL,NULL,7,97,NULL,6,1,1,2,2,1,3,N,NULL,Y,N,1946,1954,,N,NULL,90,,,N,,N,N,098-CS-1191-0,NULL,NULL,2021,O,7.26332E+11,098-CS-1191  -000,HIGH,098-CS-1191  -000,0.083,0,0,0,0,0,0,1,0,0,0,0,0,0
72582407,KSP0900,21-8976,20210107,1500,,,US119,,,US0119,US0119,0,098 US-119,US0119,N,N,NULL,NULL,NULL,N,NULL,NULL,NULL,NULL,NULL,NULL,11.165,NULL,NULL,NULL,NULL,,NULL,0,0,1,1,N,N,55,NULL,98,9820,NULL,,Y,37.59035,37,35.421,NULL,-82.38802,82,23.281,NULL,N,NULL,NULL,NULL,NULL,NULL,NULL,NULL,NULL,9,3,2,4,1,1,2,2,7,3,N,NULL,N,N,1500,1520,1530,N,NULL,44,2,1,Y,,N,N,098-US-0119-0,NULL,NULL,2021,O,7.25824E+11,098-US-0119  -000,MEDIUM,098-US-0119  -000,11.165,0,0,0,0,0,0,0,0,0,0,0,1,0
72656432,980500,2021AR028,20210809,1520,,,MAYO TRAIL,N,,,,,,,N,N,NULL,NULL,NULL,N,NULL,NULL,NULL,NULL,NULL,NULL,NULL,NULL,NULL,NULL,NULL,NULL,NULL,0,0,2,2,N,N,45,NULL,98,9807,NULL,,Y,37.5297,37,31.782,NULL,-82.57574,82,34.545,NULL,N,NULL,NULL,NULL,NULL,NULL,NULL,NULL,NULL,5,3,6,6,1,1,2,2,7,3,N,NULL,Y,Y,1525,1530,1530,N,NULL,70,,,N,,N,N,,NULL,NULL,2021,O,7.26564E+11,098-US-0023  -000,MEDIUM,098-US-0023  -000,29.454,0,0,0,1,0,0,1,0,0,0,0,0,0
72626615,980100,2.021E+11,20210520,1345,,117,BAIRD,,AVE,,,,,,Y,N,NULL,NULL,NULL,N,NULL,NULL,NULL,NULL,NULL,NULL,NULL,NULL,NULL,NULL,NULL,NULL,NULL,0,0,2,2,N,Y,NULL,NULL,98,9801,NULL,,Y,37.47307,37,28.384,NULL,-82.52797,82,31.678,NULL,N,NULL,NULL,NULL,NULL,NULL,NULL,NULL,NULL,5,97,1,6,1,1,2,2,1,3,N,NULL,Y,N,1345,1351,1357,N,NULL,90,,,N,,N,N,,NULL,NULL,2021,O,7.26266E+11,098-KY-1426  -000,MEDIUM,098-KY-1426  -000,5.4,0,0,0,0,0,0,1,0,0,0,0,0,0
72623655,980100,2.021E+11,20210428,1216,,,CASSIDY,,BLVD,,,0,098 CS-1191,CS1191,Y,N,NULL,NULL,NULL,N,NULL,NULL,NULL,NULL,NULL,NULL,0.188,NULL,NULL,NULL,NULL,,NULL,0,0,2,2,Y,N,15,NULL,98,9801,NULL,,Y,37.50391,37,30.235,NULL,-82.53506,82,32.104,NULL,N,NULL,NULL,NULL,NULL,NULL,NULL,NULL,NULL,2,97,1,6,1,1,2,2,1,3,N,NULL,Y,N,1216,1225,1255,N,NULL,90,,,N,,N,N,098-CS-1191-0,NULL,NULL,2021,O,7.26237E+11,098-CS-1191  -000,HIGH,098-CS-1191  -000,0.188,0,0,0,0,0,0,1,0,0,0,0,0,0
72623735,KSP0900,21-190155,20210511,1412,,,US119,,,US0119,US0119,0,098 US-119-10,US0119,Y,N,NULL,NULL,NULL,N,NULL,NULL,NULL,NULL,NULL,NULL,23.847,NULL,NULL,NULL,NULL,,NULL,0,0,2,2,N,N,10,NULL,98,9834,NULL,,Y,37.65423,37,39.254,NULL,-82.26977,82,16.186,NULL,N,NULL,NULL,NULL,NULL,NULL,NULL,NULL,NULL,1,97,4,6,1,1,2,2,1,3,N,NULL,Y,N,1412,1445,1445,N,NULL,90,2,1,N,,N,N,098-US-0119-10,NULL,NULL,2021,O,7.26237E+11,098-US-0119  -010,HIGH,098-US-0119  -000,23.847,0,0,0,1,0,0,1,0,0,0,0,0,0
72676968,980100,2.021E+11,20210929,1938,,,KY1426,,,KY1426,KY1426,0,098 KY-1426,KY1426,N,N,NULL,NULL,NULL,N,NULL,NULL,NULL,NULL,NULL,NULL,9.554,NULL,NULL,NULL,NULL,,NULL,0,0,2,2,N,N,45,NULL,98,9801,NULL,,Y,37.51276,37,30.766,NULL,-82.48763,82,29.258,NULL,N,NULL,NULL,NULL,NULL,NULL,NULL,NULL,NULL,5,3,2,4,1,1,2,6,1,3,N,NULL,Y,N,1940,1946,2010,N,NULL,49,,0,Y,,N,N,098-KY-1426-0,NULL,NULL,2021,O,7.2677E+11,098-KY-1426  -000,HIGH,098-KY-1426  -000,9.554,0,0,0,1,0,0,0,1,0,0,0,0,0
72699518,KSP0900,21-469765,20211116,1835,,,OWSLEY,,RD,KY1384,KY1384,0,098 KY-1384,KY1384,N,N,NULL,NULL,NULL,N,NULL,NULL,NULL,NULL,NULL,NULL,5.402,NULL,NULL,NULL,NULL,,NULL,0,0,1,1,N,N,35,NULL,98,9801,NULL,,Y,37.48179,37,28.907,NULL,-82.56426,82,33.856,NULL,N,NULL,NULL,NULL,NULL,NULL,NULL,NULL,NULL,9,3,2,4,1,1,2,6,7,3,N,NULL,Y,N,1842,1925,,N,NULL,40,17,0,N,,N,N,098-KY-1384-0,NULL,NULL,2021,O,7.26995E+11,098-KY-1384  -000,HIGH,098-KY-1384  -000,5.402,0,0,0,0,0,0,0,0,0,0,0,1,0
72700418,980100,2.021E+11,20211122,1450,,,LYKINS,,CRK,,,,,,N,Y,THOMPSON,,RD,N,NULL,NULL,NULL,NULL,NULL,NULL,NULL,NULL,NULL,NULL,NULL,,NULL,0,0,2,2,N,N,25,NULL,98,9801,NULL,,Y,37.50779,37,30.467,NULL,-82.54859,82,32.915,NULL,N,NULL,NULL,NULL,NULL,NULL,NULL,NULL,NULL,1,3,1,3,1,1,2,2,7,3,N,NULL,Y,N,1450,1512,1512,N,NULL,10,,,N,,N,N,,NULL,NULL,2021,O,7.27004E+11,098-CS-1215  -000,MEDIUM,098-CS-1215  -000,0.211,0,0,1,0,0,0,1,0,0,0,1,0,0
72593839,KSP0900,21-56898,20210212,515,,,KY1056,,,KY1056,KY1056,0,098 KY-1056,KY1056,N,N,NULL,NULL,NULL,N,NULL,NULL,NULL,NULL,NULL,NULL,2.126,NULL,NULL,NULL,NULL,,NULL,0,0,1,1,N,N,55,NULL,98,9851,NULL,,Y,37.56184,37,33.71,NULL,-82.23435,82,14.061,NULL,N,NULL,NULL,NULL,NULL,NULL,NULL,NULL,NULL,9,6,2,1,1,2,8,6,7,3,N,NULL,Y,N,517,526,800,N,NULL,44,8,0,N,,N,N,098-KY-1056-0,NULL,NULL,2021,O,7.25938E+11,098-KY-1056  -000,HIGH,098-KY-1056  -000,2.126,0,0,0,0,0,0,0,0,0,0,0,1,0
72685967,980100,2.021E+11,20211015,1229,,,BAIRD,,AVE,KY1426,KY1426,0,098 KY-1426,KY1426,N,N,NULL,NULL,NULL,N,NULL,NULL,NULL,NULL,NULL,NULL,5.386,NULL,NULL,NULL,NULL,,NULL,4,0,2,2,N,N,15,NULL,98,9801,NULL,,Y,37.47281,37,28.369,NULL,-82.52699,82,31.619,NULL,N,NULL,NULL,NULL,NULL,NULL,NULL,NULL,NULL,1,3,2,6,1,1,2,2,7,3,Y,NULL,Y,Y,1230,1238,1257,N,NULL,55,,0,N,,N,N,098-KY-1426-0,NULL,NULL,2021,C,7.2686E+11,098-KY-1426  -000,HIGH,098-KY-1426  -000,5.386,0,0,0,0,0,0,1,0,0,0,0,0,0
72685742,KSP0900,2021-429973,20211018,1707,,,KY194,,,KY0194,KY0194,0,098 KY-194,KY0194,N,N,NULL,NULL,NULL,N,NULL,NULL,NULL,NULL,NULL,NULL,15.201,NULL,NULL,NULL,NULL,,NULL,2,0,1,1,N,N,55,NULL,98,9820,NULL,,Y,37.57229,37,34.337,NULL,-82.47906,82,28.744,NULL,N,NULL,NULL,NULL,NULL,NULL,NULL,NULL,NULL,9,3,2,6,1,1,2,2,7,3,N,NULL,Y,Y,1709,1709,1709,N,NULL,70,7,0,N,,N,N,098-KY-0194-0,NULL,NULL,2021,C,7.26857E+11,098-KY-0194  -000,HIGH,098-KY-0194  -000,15.201,0,0,0,0,0,0,1,0,0,0,0,1,0
72568719,980000,20-11-006,20201119,1500,,,US23,,,US0023,US0023,0,098 US-23-10,US0023,Y,N,NULL,NULL,NULL,N,NULL,NULL,NULL,NULL,NULL,NULL,30.259,NULL,NULL,NULL,NULL,,NULL,0,0,1,1,N,N,55,NULL,98,9801,NULL,,Y,37.54016,37,32.41,NULL,-82.58212,82,34.927,NULL,N,NULL,NULL,NULL,NULL,NULL,NULL,NULL,NULL,9,97,4,6,1,1,2,2,5,3,N,NULL,N,Y,1700,1715,1715,Y,NULL,90,,1,N,,N,N,098-US-0023-10,NULL,NULL,2020,O,7.25687E+11,098-US-0023  -010,HIGH,098-US-0023  -000,30.259,0,0,0,0,0,0,1,0,0,0,0,1,0
72562426,KSP0900,20-771736,20201104,1523,,,KY195,,,KY0195,KY0195,0,098 KY-195,KY0195,N,N,NULL,NULL,NULL,N,NULL,NULL,NULL,NULL,NULL,NULL,4.823,NULL,NULL,NULL,NULL,,NULL,1,0,2,1,N,N,45,NULL,98,9818,NULL,,Y,37.31207,37,18.724,NULL,-82.4757,82,28.542,NULL,N,NULL,NULL,NULL,NULL,NULL,NULL,NULL,NULL,9,3,2,6,1,1,2,2,7,3,Y,NULL,Y,Y,1523,1539,1600,N,NULL,36,8,0,N,,N,N,098-KY-0195-0,NULL,NULL,2020,B,7.25624E+11,098-KY-0195  -000,HIGH,098-KY-0195  -000,4.823,0,0,0,0,1,0,0,0,0,0,0,0,0
72705031,KSP0900,21-472460,20211118,1811,,,BEAVER CK,,RD,KY1373,KY1373,0,098 KY-1373,KY1373,N,N,NULL,NULL,NULL,N,NULL,NULL,NULL,NULL,NULL,NULL,1.409,NULL,NULL,NULL,NULL,,NULL,0,0,1,1,N,N,35,NULL,98,9802,1,N,N,37.32328,37,19.397,NULL,-82.33921,82,20.353,NULL,N,NULL,NULL,NULL,NULL,NULL,NULL,NULL,NULL,9,5,1,3,1,5,2,6,7,3,N,NULL,Y,N,1813,1826,1826,N,NULL,44,8,0,N,,N,N,098-KY-1373-0,NULL,NULL,2021,O,7.2705E+11,098-KY-1373  -000,HIGH,098-KY-1373  -000,1.409,0,0,0,0,0,0,0,0,0,0,0,1,0
72582694,980100,2.021E+11,20210108,1310,,,BAIRD,,AVE,KY1426,KY1426,0,098 KY-1426,KY1426,Y,N,NULL,NULL,NULL,N,NULL,NULL,NULL,NULL,NULL,NULL,5.42,NULL,NULL,NULL,NULL,,NULL,0,0,2,2,N,N,NULL,NULL,98,9801,NULL,,Y,37.47284,37,28.37,NULL,-82.52644,82,31.587,NULL,N,NULL,NULL,NULL,NULL,NULL,NULL,NULL,NULL,5,97,1,6,1,1,2,2,1,3,N,NULL,Y,N,1310,1315,1316,N,NULL,90,,0,N,,N,N,098-KY-1426-0,NULL,NULL,2021,O,7.25827E+11,098-KY-1426  -000,MEDIUM,098-KY-1426  -000,5.42,0,0,0,0,0,0,0,0,0,0,0,0,0
72655007,KSP0900,21-321718,20210728,1425,,,KY2062,,,KY2062,KY2062,0,098 KY-2062,KY2062,N,N,NULL,NULL,NULL,N,NULL,NULL,NULL,NULL,NULL,NULL,1.394,NULL,NULL,NULL,NULL,,NULL,1,0,1,1,N,N,55,NULL,98,9804,NULL,,Y,37.51182,37,30.709,NULL,-82.11655,82,6.993,NULL,N,NULL,NULL,NULL,NULL,NULL,NULL,NULL,NULL,9,3,2,1,1,1,2,2,7,3,Y,NULL,Y,N,1420,1430,1500,N,NULL,44,8,0,N,,N,N,098-KY-2062-0,NULL,NULL,2021,B,7.2655E+11,098-KY-2062  -000,HIGH,098-KY-2062  -000,1.394,0,0,0,0,0,0,0,1,0,0,0,1,0
72559715,980100,2.02E+11,20201027,1441,,,HAMBLEY,,BLVD,,,0,098 CS-1222,CS1222,N,N,NULL,NULL,NULL,N,NULL,NULL,NULL,NULL,NULL,NULL,0.63,NULL,NULL,NULL,NULL,,NULL,0,0,4,4,N,N,35,NULL,98,9801,NULL,,Y,37.48006,37,28.804,NULL,-82.51923,82,31.154,NULL,N,NULL,NULL,NULL,NULL,NULL,NULL,NULL,NULL,8,3,2,6,1,1,2,2,1,3,N,NULL,N,N,1442,1443,1530,N,NULL,53,,,N,,N,N,098-CS-1222-0,NULL,NULL,2020,O,7.25597E+11,098-CS-1222  -000,HIGH,098-CS-1222  -000,0.63,0,0,0,0,0,0,1,0,0,0,0,1,0
72652248,980100,2.021E+11,20210727,1455,,703,HAMBLEY,,BLVD,,,0,098 CS-1222,CS1222,Y,N,NULL,NULL,NULL,N,NULL,NULL,NULL,NULL,NULL,NULL,0.787,NULL,NULL,NULL,NULL,,NULL,0,0,2,2,N,N,NULL,NULL,98,9801,NULL,,Y,37.48228,37,28.937,NULL,-82.51905,82,31.143,NULL,N,NULL,NULL,NULL,NULL,NULL,NULL,NULL,NULL,2,97,1,6,1,1,2,2,1,3,N,NULL,Y,N,1456,1508,1508,N,NULL,90,,,N,,N,N,098-CS-1222-0,NULL,NULL,2021,O,7.26522E+11,098-CS-1222  -000,HIGH,098-CS-1222  -000,0.787,0,0,0,0,0,0,1,0,0,0,0,0,0
72670303,KSP0900,21-380925,20210913,1218,,,TOLER,,RD,KY0319,KY0319,0,098 KY-319,KY0319,Y,N,NULL,NULL,NULL,N,NULL,NULL,NULL,NULL,NULL,NULL,6.91,NULL,NULL,NULL,NULL,,NULL,0,0,2,2,N,N,10,NULL,98,9842,NULL,,Y,37.63962,37,38.377,NULL,-82.25819,82,15.491,NULL,N,NULL,NULL,NULL,NULL,NULL,NULL,NULL,NULL,2,97,2,4,1,1,2,2,7,3,N,NULL,N,N,1225,1230,1245,N,NULL,90,7,0,Y,,N,N,098-KY-0319-0,NULL,NULL,2021,O,7.26703E+11,098-KY-0319  -000,HIGH,098-KY-0319  -000,6.91,0,0,0,0,0,0,1,0,0,0,0,0,0
72685600,KSP0900,21-412835,20211006,1501,,,KY194,,,KY0194,KY0194,0,098 KY-194,KY0194,N,N,NULL,NULL,NULL,N,NULL,NULL,NULL,NULL,NULL,NULL,11.04,NULL,NULL,NULL,NULL,,NULL,0,0,1,1,N,N,55,NULL,98,9801,10,E,N,37.60182,37,36.109,NULL,-82.51462,82,30.877,NULL,N,NULL,NULL,NULL,NULL,NULL,NULL,NULL,NULL,9,97,2,6,1,1,2,2,6,3,N,NULL,Y,N,1501,1520,1531,N,NULL,44,7,0,N,,N,N,098-KY-0194-0,NULL,NULL,2021,O,7.26856E+11,098-KY-0194  -000,HIGH,098-KY-0194  -000,11.04,0,0,0,0,0,0,0,0,0,0,0,1,0
72592260,KSP0900,21-51014,20210207,2111,,,US460,,,US0460,US0460,0,098 US-460,US0460,N,N,NULL,NULL,NULL,N,NULL,NULL,NULL,NULL,NULL,NULL,3.43,NULL,NULL,NULL,NULL,,NULL,0,0,1,1,N,N,55,NULL,98,9824,NULL,,Y,37.42471,37,25.482,NULL,-82.47017,82,28.21,NULL,N,NULL,NULL,NULL,NULL,NULL,NULL,NULL,NULL,9,3,2,6,1,1,2,6,7,3,N,NULL,Y,Y,2111,2120,2111,Y,NULL,40,,1,N,,N,N,098-US-0460-0,NULL,NULL,2021,O,7.25923E+11,098-US-0460  -000,HIGH,098-US-0460  -000,3.43,0,0,1,0,0,0,0,0,0,0,0,1,0