MasterFile,AgencyORINumber,LocalCode,CollisionDate,CollisionTime,CollisionDayWeekCode,RoadwayName_HouseBusinessNumber_,RoadwayName_RoadwayName_,RoadwayName_Direction_,RoadwayName_RoadwaySuffix_,RoadwayfromReport,CurrentRoadwayNumber,RoadwayNumberCoupletID,RSEUniqueGIS,RoadwayIdentifier,ParkingLotIndicator,IntersectionWith_Indicator_,IntersectionWith_NameRoadway_,IntersectionWith_Direction_,IntersectionWith_RoadwaySuffix_,BetweenStreets_Indicator_,BetweenStreets1_NameRoadway_,BetweenStreet1_Direction_,BetweenStreets1_RoadwaySuffix_,BetweenStreets2_NameRoadway_,BetweenStreets2_Direction_,BetweenStreets2_RoadwaySuffix_,Milepoint,ReportMilepointDeriveNumber,CurrentDerivedMiepointNumber,MilestoMilepoint,FeettoMilepoint,DirectionfromMilepoint_NSEW_,ValidMilepointIndicator,NumberInjured,NumberKilled,ofUnits,ofMotorVehicleUnits,Hit&RunIndicator,OneWayIndicator,SpeedLimitNumber,KilometersIndicator,CountyCode,CityCountyCode,MilesFromCity,DirectionFromCity_NSEW_,InCityLimitsIndicator,Latitude,LatitudeDegrees,LatitudeMinutes,LatitudeSeconds,Longitude,LongitudeDegrees,LongitudeMinutes,LongitudeSeconds,RampIndicator,RampFromIdentifier,RampFromDirCode,RampFromCoupletID,RSEUniqueGISRampFrom,RampToidentifier,RampToDirCode,RampToCoupletID,RSEUniqueGisRampTo,MannerofCollisionCode,LocationFirstEventCode,TotalLanes,RoadwayCharacterCode,RoadwaySurfaceCode,RoadwayConditionCode,WeatherCode,LightConditionCode,LandUseCode,SchoolBusRelatedCode,FirstAidSceneIndicator,CollDescPresentInd,InvestigationCompleteIndicator,PhotosTakenIndicator,TimeNotified,TimeArrived,TimeRoadwayOpened,PropertyDamageIndicator,DiagramPresentIndicator,DirectionalAnalysis,FunctionClassCode,NationalHwySysCode,EnforcementsIndicator,KARSCityCode,SecondaryCollisionIndicator,MedianCrossoverIndicator,RT_UNIQUE,MapIt,TimeLastLeft,YR,KABCO,MFNY,WorkingRID,RT_CONFIDENCE,KTC_RT,KTC_MP,Motorcyclist,CommercialVehicle,YoungDriver,MatureDriver,pedestrian,Bicyclist,Distracted,agressive,Impaired,Unrestrained,Intersection,RoadwayDeparture,MedXover
72592386,KSP0900,21-46069,20210204,945,,,ROCKHOUSE,,RD,,,0,098 CR-1113,CR1113,N,N,NULL,NULL,NULL,N,NULL,NULL,NULL,NULL,NULL,NULL,2.418,NULL,NULL,NULL,NULL,,NULL,1,0,1,1,N,N,25,NULL,98,9804,NULL,,Y,37.44068,37,26.441,NULL,-82.11279,82,6.767,NULL,N,NULL,NULL,NULL,NULL,NULL,NULL,NULL,NULL,9,3,1,6,1,1,3,2,7,3,N,NULL,N,N,945,1030,1035,N,NULL,70,,,N,,N,N,098-CR-1113-0,NULL,NULL,2021,C,7.25924E+11,098-CR-1113  -000,HIGH,098-CR-1113  -000,2.418,0,0,0,0,0,0,0,1,0,0,0,1,0
72592550,KSP0900,21-49825,20210207,30,,,KY194,,,KY0194,KY0194,,,,N,N,NULL,NULL,NULL,N,NULL,NULL,NULL,NULL,NULL,NULL,54.812,NULL,NULL,NULL,NULL,,NULL,0,0,1,1,N,N,35,NULL,98,9804,NULL,,Y,37.5108,37,30.648,NULL,-82.14699,82,8.819,NULL,N,NULL,NULL,NULL,NULL,NULL,NULL,NULL,NULL,9,3,2,6,1,5,8,6,7,3,N,NULL,N,N,30,230,30,N,NULL,,,,N,,N,N,,NULL,NULL,2021,O,7.25926E+11,098-KY-0194  -000,HIGH,098-KY-0194  -000,54.812,0,0,0,0,0,0,0,0,0,0,0,1,0
72621480,KSP0900,21-180981,20210505,1830,,,US119,,,US0119,US0119,0,098 US-119,US0119,N,N,NULL,NULL,NULL,N,NULL,NULL,NULL,NULL,NULL,NULL,23.512,NULL,NULL,NULL,NULL,,NULL,0,0,1,1,N,N,15,NULL,98,9836,NULL,,Y,37.64887,37,38.932,NULL,-82.26779,82,16.067,NULL,N,NULL,NULL,NULL,NULL,NULL,NULL,NULL,NULL,9,97,1,6,1,1,2,2,7,1,N,NULL,N,N,1830,1900,1900,Y,NULL,40,2,1,N,,N,N,098-US-0119-0,NULL,NULL,2021,O,7.26215E+11,098-US-0119  -000,HIGH,098-US-0119  -000,23.512,0,0,0,0,0,0,0,0,1,0,0,1,0
72613420,KSP0900,21-141966,20210409,1836,,3889,US23,,,US0023,US0023,0,098 US-23-10,US0023,Y,N,NULL,NULL,NULL,N,NULL,NULL,NULL,NULL,NULL,NULL,28.702,NULL,NULL,NULL,NULL,,NULL,0,0,2,2,N,N,55,NULL,98,9807,NULL,,Y,37.5206,37,31.236,NULL,-82.5685,82,34.11,NULL,N,NULL,NULL,NULL,NULL,NULL,NULL,NULL,NULL,1,97,4,6,1,1,2,2,1,3,N,NULL,Y,N,1953,2005,,N,NULL,90,,1,N,,N,N,098-US-0023-10,NULL,NULL,2021,O,7.26134E+11,098-US-0023  -010,HIGH,098-US-0023  -000,28.702,0,0,0,0,0,0,1,0,0,0,0,0,0
72708907,980100,2.021E+11,20211211,619,,,US23,,,US0023,US0023,0,098 US-23,US0023,N,N,NULL,NULL,NULL,N,NULL,NULL,NULL,NULL,NULL,NULL,22.289,NULL,NULL,NULL,NULL,,NULL,0,0,1,1,N,N,55,NULL,98,9801,NULL,,Y,37.46135,37,27.681,NULL,-82.51684,82,31.01,NULL,N,NULL,NULL,NULL,NULL,NULL,NULL,NULL,NULL,9,3,4,6,1,5,3,6,1,3,N,NULL,Y,N,619,623,623,N,NULL,38,,1,N,,N,N,098-US-0023-0,NULL,NULL,2021,O,7.27089E+11,098-US-0023  -000,HIGH,098-US-0023  -000,22.289,0,0,0,0,0,0,0,0,0,0,0,0,0
72611365,980100,2.021E+11,20210401,1755,,,CASSIDY BLVD,,,,,,,,Y,N,NULL,NULL,NULL,N,NULL,NULL,NULL,NULL,NULL,NULL,NULL,NULL,NULL,NULL,NULL,,NULL,0,0,2,2,N,N,15,NULL,98,9801,NULL,,Y,37.50427,37,30.256,NULL,-82.53782,82,32.269,NULL,N,NULL,NULL,NULL,NULL,NULL,NULL,NULL,NULL,2,97,2,6,1,1,2,2,1,3,N,NULL,Y,N,1756,1801,1801,N,NULL,90,,,N,,N,N,,NULL,NULL,2021,O,7.26114E+11,098-CS-1215  -000,MEDIUM,098-CS-1215  -000,0.839,0,0,1,0,0,0,0,0,0,0,0,0,0
72679220,980500,2021AR040,20211005,1605,,,MAYO TRAIL,S,,,,,,,N,N,NULL,NULL,NULL,N,NULL,NULL,NULL,NULL,NULL,NULL,NULL,NULL,NULL,NULL,NULL,NULL,NULL,0,0,2,2,N,N,45,NULL,98,9807,NULL,,Y,37.5262,37,31.572,NULL,-82.57391,82,34.435,NULL,N,NULL,NULL,NULL,NULL,NULL,NULL,NULL,NULL,8,3,7,6,1,1,2,2,7,3,N,NULL,Y,Y,1611,1615,1615,N,NULL,53,,,N,,N,N,,NULL,NULL,2021,O,7.26792E+11,098-US-0023  -010,MEDIUM,098-US-0023  -000,29.194,0,0,0,1,0,0,1,0,0,0,0,1,0
72689450,KSP0900,21-444692,20211029,1230,,,TOLER,,RD,KY0319,KY0319,0,098 KY-319,KY0319,N,N,NULL,NULL,NULL,N,NULL,NULL,NULL,NULL,NULL,NULL,4.754,NULL,NULL,NULL,NULL,,NULL,0,0,2,2,N,N,35,NULL,98,9842,NULL,,Y,37.61675,37,37.005,NULL,-82.24245,82,14.547,NULL,N,NULL,NULL,NULL,NULL,NULL,NULL,NULL,NULL,1,3,2,3,1,1,3,2,7,3,N,NULL,Y,N,1231,1245,1255,N,NULL,55,7,0,N,,N,N,098-KY-0319-0,NULL,NULL,2021,O,7.26895E+11,098-KY-0319  -000,HIGH,098-KY-0319  -000,4.754,0,0,0,0,0,0,0,0,0,0,0,0,0
72669790,980100,2.021E+11,20210907,2243,,805,HAMBLEY,,BLVD,,,0,098 CS-1222,CS1222,Y,N,NULL,NULL,NULL,N,NULL,NULL,NULL,NULL,NULL,NULL,0.478,NULL,NULL,NULL,NULL,,NULL,0,0,2,2,Y,N,5,NULL,98,9801,NULL,,Y,37.47833,37,28.7,NULL,-82.52084,82,31.251,NULL,N,NULL,NULL,NULL,NULL,NULL,NULL,NULL,NULL,8,97,NULL,6,1,1,2,2,1,3,N,NULL,Y,Y,2243,2248,,N,NULL,90,,,N,,N,N,098-CS-1222-0,NULL,NULL,2021,NULL,7.26698E+11,098-CS-1222  -000,HIGH,098-CS-1222  -000,0.478,0,0,0,0,0,0,0,0,0,0,0,0,0
72633400,KSP0900,21-233307,20210607,1454,,,KY80,,,KY0080,KY0080,0,098 KY-80,KY0080,N,N,NULL,NULL,NULL,N,NULL,NULL,NULL,NULL,NULL,NULL,0.012,NULL,NULL,NULL,NULL,,NULL,0,0,2,2,N,N,55,NULL,98,9805,NULL,,Y,37.34194,37,20.517,NULL,-82.37436,82,22.461,NULL,N,NULL,NULL,NULL,NULL,NULL,NULL,NULL,NULL,3,3,2,3,1,5,3,2,7,3,N,NULL,Y,N,1432,1453,1455,N,NULL,52,7,5,N,,N,N,098-KY-0080-0,NULL,NULL,2021,O,7.26334E+11,098-KY-0080  -000,HIGH,098-KY-0080  -000,0.012,0,0,1,0,0,0,1,0,0,0,0,1,0
72665315,KSP0900,21-361116,20210830,1030,,,US119,,,US0119,US0119,0,098 US-119,US0119,N,N,NULL,NULL,NULL,N,NULL,NULL,NULL,NULL,NULL,NULL,8.075,NULL,NULL,NULL,NULL,,NULL,0,0,1,1,N,N,55,NULL,98,9817,NULL,,Y,37.55945,37,33.567,NULL,-82.42303,82,25.382,NULL,N,NULL,NULL,NULL,NULL,NULL,NULL,NULL,NULL,9,3,2,4,1,5,6,2,7,3,N,NULL,N,N,1030,1330,1400,N,NULL,40,2,1,N,,N,N,098-US-0119-0,NULL,NULL,2021,O,7.26653E+11,098-US-0119  -000,HIGH,098-US-0119  -000,8.075,0,0,0,0,0,0,0,1,0,0,0,1,0
72558633,KSP0900,20-762917,20201029,1545,,38,BOARDTREE,,ST,,,0,098 CR-1828G,CR1828G,N,N,NULL,NULL,NULL,N,NULL,NULL,NULL,NULL,NULL,NULL,0.035,NULL,NULL,NULL,NULL,,NULL,0,0,1,1,Y,N,10,NULL,98,9804,NULL,,Y,37.53867,37,32.32,NULL,-82.16212,82,9.728,NULL,N,NULL,NULL,NULL,NULL,NULL,NULL,NULL,NULL,9,5,1,4,1,5,3,2,7,3,N,NULL,Y,N,1606,1659,1659,Y,NULL,40,,,N,,N,N,098-CR-1828G-0,NULL,NULL,2020,O,7.25586E+11,098-CR-1828G -000,HIGH,098-CR-1828G -000,0.035,0,0,0,0,0,0,1,0,0,0,0,1,0
72558316,980000,20-10-002,20201014,1500,,,US119,,,US0119,US0119,0,098 US-119-10,US0119,N,N,NULL,NULL,NULL,N,NULL,NULL,NULL,NULL,NULL,NULL,5.101,NULL,NULL,NULL,NULL,,NULL,0,0,1,1,N,N,55,NULL,98,9820,NULL,,Y,37.52682,37,31.609,NULL,-82.45236,82,27.142,NULL,N,NULL,NULL,NULL,NULL,NULL,NULL,NULL,NULL,9,3,4,1,1,1,2,2,7,3,N,NULL,N,Y,1500,1510,1530,N,NULL,70,2,1,N,,N,N,098-US-0119-10,NULL,NULL,2020,O,7.25583E+11,098-US-0119  -010,HIGH,098-US-0119  -000,5.101,0,0,0,0,0,0,0,0,0,0,0,0,0
72630666,KSP0900,21-222343,20210531,1325,,,KY1469,,,KY1469,KY1469,0,098 KY-1469,KY1469,N,N,NULL,NULL,NULL,N,NULL,NULL,NULL,NULL,NULL,NULL,4.016,NULL,NULL,NULL,NULL,,NULL,0,0,1,1,N,N,55,NULL,98,9827,5,SW,N,37.28271,37,16.963,NULL,-82.66931,82,40.159,NULL,N,NULL,NULL,NULL,NULL,NULL,NULL,NULL,NULL,9,5,2,6,1,1,2,2,7,3,N,NULL,Y,N,1325,1353,1415,N,NULL,44,8,0,N,,N,N,098-KY-1469-0,NULL,NULL,2021,O,7.26307E+11,098-KY-1469  -000,HIGH,098-KY-1469  -000,4.016,0,0,1,0,0,0,0,0,0,0,0,1,0
72628427,980100,2.021E+11,20210524,1426,,,HAROLDS BRANCH,,RD,,,,,,Y,N,NULL,NULL,NULL,N,NULL,NULL,NULL,NULL,NULL,NULL,0.068,NULL,NULL,NULL,NULL,,NULL,0,0,2,2,N,N,NULL,NULL,98,9801,NULL,,Y,37.47195,37,28.317,NULL,-82.52216,82,31.329,NULL,N,NULL,NULL,NULL,NULL,NULL,NULL,NULL,NULL,1,97,NULL,1,2,1,2,2,5,3,N,NULL,Y,N,1426,1431,1510,N,NULL,90,,,N,,N,N,,NULL,NULL,2021,O,7.26284E+11,098-CS-1223  -000,MEDIUM,098-CS-1223  -000,0.068,0,0,0,1,0,0,0,0,0,1,0,0,0
72589644,980100,2.021E+11,20210128,2019,,163,LEE,,AVE,,,0,,LEE AVE,Y,N,NULL,NULL,NULL,N,NULL,NULL,NULL,NULL,NULL,NULL,NULL,NULL,NULL,NULL,NULL,,NULL,0,0,2,2,N,N,NULL,NULL,98,9801,NULL,,Y,37.50122,37,30.073,NULL,-82.53416,82,32.049,NULL,N,NULL,NULL,NULL,NULL,NULL,NULL,NULL,NULL,8,97,NULL,6,1,1,2,5,5,3,N,NULL,Y,N,2019,2026,2026,N,NULL,90,,,N,,N,N,,NULL,NULL,2021,O,7.25896E+11,098-CS-1261  -000,MEDIUM,098-CS-1261  -000,0.143,0,0,0,0,0,0,1,0,0,0,0,0,0
72574602,980000,20-12-007,20201211,1800,,,US119,,,US0119,US0119,0,098 US-119-10,US0119,N,N,NULL,NULL,NULL,N,NULL,NULL,NULL,NULL,NULL,NULL,21.79,NULL,NULL,NULL,NULL,,NULL,0,0,2,2,N,N,55,NULL,98,9836,NULL,,Y,37.63053,37,37.832,NULL,-82.261,82,15.66,NULL,N,NULL,NULL,NULL,NULL,NULL,NULL,NULL,NULL,8,3,2,3,1,1,2,6,1,3,N,NULL,N,Y,1812,1812,1812,N,NULL,53,2,1,N,,N,N,098-US-0119-10,NULL,NULL,2020,O,7.25746E+11,098-US-0119  -010,HIGH,098-US-0119  -000,21.79,0,0,0,1,0,0,0,0,0,0,0,1,0
72646485,980100,2.021E+11,20210712,938,,911,BYPASS ROAD,,,,,,,,Y,N,NULL,NULL,NULL,N,NULL,NULL,NULL,NULL,NULL,NULL,NULL,NULL,NULL,NULL,NULL,,NULL,0,0,2,2,N,N,15,NULL,98,9801,NULL,,Y,37.47213,37,28.328,NULL,-82.52276,82,31.365,NULL,N,NULL,NULL,NULL,NULL,NULL,NULL,NULL,NULL,2,97,2,6,2,1,2,2,1,3,N,NULL,Y,N,938,943,943,N,NULL,90,,,N,,N,N,,NULL,NULL,2021,O,7.26465E+11,098-CS-1223  -000,MEDIUM,098-CS-1223  -000,0.042,0,0,0,1,0,0,1,0,0,0,0,0,0
72595627,980100,2.02E+11,20201207,702,,,US23,,,US0023,US0023,0,098 US-23,US0023,N,N,NULL,NULL,NULL,N,NULL,NULL,NULL,NULL,NULL,NULL,25.718,NULL,NULL,NULL,NULL,,NULL,0,1,2,2,N,N,55,NULL,98,9801,NULL,,Y,37.49564,37,29.739,NULL,-82.5312,82,31.872,NULL,N,NULL,NULL,NULL,NULL,NULL,NULL,NULL,NULL,1,3,4,6,1,5,3,6,1,3,Y,NULL,Y,Y,704,706,1102,N,NULL,55,,1,N,,N,Y,098-US-0023-0,NULL,NULL,2020,K,7.25956E+11,098-US-0023  -000,HIGH,098-US-0023  -000,25.718,0,1,0,0,0,0,0,0,1,1,0,1,1
72598514,KSP0900,21-72350,20210223,1559,,1627,LEFT FORK ISLAND,,CRK,,,0,098 CR-1233Q3,CR1233Q3,N,N,NULL,NULL,NULL,N,NULL,NULL,NULL,NULL,NULL,NULL,0.628,NULL,NULL,NULL,NULL,,NULL,0,0,2,2,N,N,15,NULL,98,9801,NULL,,Y,37.43336,37,26.001,NULL,-82.56504,82,33.902,NULL,N,NULL,NULL,NULL,NULL,NULL,NULL,NULL,NULL,1,97,1,2,1,1,2,2,6,3,N,NULL,Y,Y,1605,1633,1657,N,NULL,47,,,N,,N,N,098-CR-1233Q3-0,NULL,NULL,2021,O,7.25985E+11,098-CR-1233Q3-000,HIGH,098-CR-1233Q3-000,0.628,0,0,0,0,0,0,1,0,0,0,0,0,0
72610572,980100,2.021E+11,20210330,1714,,,HAMBLEY,,BLVD,,,,,,Y,N,NULL,NULL,NULL,N,NULL,NULL,NULL,NULL,NULL,NULL,0.499,NULL,NULL,NULL,NULL,,NULL,0,0,2,2,Y,N,NULL,NULL,98,9801,NULL,,Y,37.4784,37,28.704,NULL,-82.52038,82,31.223,NULL,N,NULL,NULL,NULL,NULL,NULL,NULL,NULL,NULL,1,97,2,4,2,1,2,2,8,3,N,NULL,Y,N,1714,1720,1720,N,NULL,90,,,N,,N,N,,NULL,NULL,2021,NULL,7.26106E+11,098-CS-1222  -000,MEDIUM,098-CS-1222  -000,0.499,0,0,0,0,0,0,0,0,0,0,0,0,0
72590548,980100,2.021E+11,20210129,1241,,,US23,,,US0023,US0023,0,098 US-23,US0023,N,N,NULL,NULL,NULL,N,NULL,NULL,NULL,NULL,NULL,NULL,21.447,NULL,NULL,NULL,NULL,,NULL,0,0,2,2,N,N,55,NULL,98,9801,NULL,,Y,37.45113,37,27.068,NULL,-82.52385,82,31.431,NULL,N,NULL,NULL,NULL,NULL,NULL,NULL,NULL,NULL,8,3,4,6,1,1,2,2,7,3,N,NULL,Y,N,1241,1253,1253,N,NULL,53,,1,N,,N,N,098-US-0023-0,NULL,NULL,2021,O,7.25905E+11,098-US-0023  -000,HIGH,098-US-0023  -000,21.447,0,0,0,0,0,0,1,0,0,0,0,1,0
72639034,KSP0900,21-217003,20210527,2243,,10582,KY1056,,,KY1056,KY1056,,,,N,N,NULL,NULL,NULL,N,NULL,NULL,NULL,NULL,NULL,NULL,10.686,NULL,NULL,NULL,NULL,,NULL,1,0,2,2,N,N,35,NULL,98,9863,NULL,,Y,37.6095,37,36.57,NULL,-82.16988,82,10.193,NULL,N,NULL,NULL,NULL,NULL,NULL,NULL,NULL,NULL,8,3,2,6,1,1,2,6,7,3,Y,NULL,Y,Y,2258,2314,24,N,NULL,53,7,0,N,,N,N,,NULL,NULL,2021,B,7.2639E+11,098-KY-1056  -000,HIGH,098-KY-1056  -000,10.686,0,0,1,0,0,0,0,0,0,0,0,1,0
72649172,KSP0900,21-298283,20210719,743,,,ROCKHOUSE,,RD,,,0,098 CR-1926,CR1926,N,N,NULL,NULL,NULL,N,NULL,NULL,NULL,NULL,NULL,NULL,1.166,NULL,NULL,NULL,NULL,,NULL,0,0,1,1,N,N,35,NULL,98,9801,7,S,N,37.30708,37,18.424,NULL,-82.52547,82,31.528,NULL,N,NULL,NULL,NULL,NULL,NULL,NULL,NULL,NULL,9,4,1,6,1,1,2,1,7,3,N,NULL,Y,N,743,1050,1050,N,NULL,44,,,N,,N,N,098-CR-1926-0,NULL,NULL,2021,O,7.26492E+11,098-CR-1926  -000,HIGH,098-CR-1926  -000,1.166,0,0,0,0,0,0,0,0,0,0,0,1,0
72679040,980100,2.021E+11,20211001,1131,,254,CASSIDY,,BLVD,,,0,098 CS-1191,CS1191,Y,N,NULL,NULL,NULL,N,NULL,NULL,NULL,NULL,NULL,NULL,0.042,NULL,NULL,NULL,NULL,,NULL,0,0,2,2,N,N,NULL,NULL,98,9801,NULL,,Y,37.5037,37,30.222,NULL,-82.53285,82,31.971,NULL,N,NULL,NULL,NULL,NULL,NULL,NULL,NULL,NULL,2,97,1,6,1,1,2,2,1,3,N,NULL,Y,N,1132,1137,1137,N,NULL,90,,,N,,N,N,098-CS-1191-0,NULL,NULL,2021,O,7.2679E+11,098-CS-1191  -000,HIGH,098-CS-1191  -000,0.042,0,0,0,0,0,0,1,0,0,0,0,0,0
72654396,370200,2021-290725,20210714,747,,,US119,,,US0119,US0119,0,098 US-119-10,US0119,N,N,NULL,NULL,NULL,N,NULL,NULL,NULL,NULL,NULL,NULL,19.547,NULL,NULL,NULL,NULL,,NULL,1,0,1,1,N,N,55,NULL,98,9836,NULL,,Y,37.60888,37,36.533,NULL,-82.27301,82,16.38,NULL,N,NULL,NULL,NULL,NULL,NULL,NULL,NULL,NULL,9,3,4,1,1,1,3,2,7,3,Y,NULL,Y,Y,755,840,840,N,NULL,70,2,1,N,,N,N,098-US-0119-10,NULL,NULL,2021,C,7.26544E+11,098-US-0119  -010,HIGH,098-US-0119  -000,19.547,0,1,0,0,0,0,0,0,0,0,0,1,0
72650195,980200,980200,20210708,1629,,,JOHN MOORE,,BR,,,0,098 CR-1614,CR1614,N,N,NULL,NULL,NULL,N,NULL,NULL,NULL,NULL,NULL,NULL,1.486,NULL,NULL,NULL,NULL,,NULL,0,1,1,1,N,N,30,NULL,98,9802,NULL,,Y,37.30633,37,18.38,NULL,-82.36567,82,21.94,NULL,N,NULL,NULL,NULL,NULL,NULL,NULL,NULL,NULL,9,97,2,5,97,11,6,2,2,3,Y,NULL,Y,Y,1631,1634,,N,NULL,70,,,N,,N,N,098-CR-1614-0,NULL,NULL,2021,K,7.26502E+11,098-CR-1614  -000,HIGH,098-CR-1614  -000,1.486,0,0,0,0,0,0,0,0,0,0,0,0,0
72639673,KSP0900,21-259263,20210623,2240,,,OWSLEY,,RD,KY1384,KY1384,0,098 KY-1384,KY1384,N,N,NULL,NULL,NULL,N,NULL,NULL,NULL,NULL,NULL,NULL,0.733,NULL,NULL,NULL,NULL,,NULL,0,0,1,1,N,N,35,NULL,98,9801,NULL,,Y,37.52408,37,31.445,NULL,-82.61411,82,36.847,NULL,N,NULL,NULL,NULL,NULL,NULL,NULL,NULL,NULL,9,3,2,3,1,1,2,7,6,3,N,NULL,Y,N,2202,2215,2215,N,NULL,70,,0,N,,N,N,098-KY-1384-0,NULL,NULL,2021,O,7.26397E+11,098-KY-1384  -000,HIGH,098-KY-1384  -000,0.733,0,0,0,0,0,0,0,0,1,0,0,1,0
72608911,KSP0900,21-121343,20210327,1342,,,MALL,,RD,,,0,098 CR-1037,CR1037,N,N,NULL,NULL,NULL,N,NULL,NULL,NULL,NULL,NULL,NULL,0.398,NULL,NULL,NULL,NULL,,NULL,0,0,2,2,N,N,35,NULL,98,9834,NULL,,Y,37.65624,37,39.374,NULL,-82.2714,82,16.284,NULL,N,NULL,NULL,NULL,NULL,NULL,NULL,NULL,NULL,8,3,2,5,1,5,6,2,1,3,N,NULL,Y,N,1342,1406,1414,N,NULL,53,,,N,,N,N,098-CR-1037-0,NULL,NULL,2021,O,7.26089E+11,098-CR-1037  -000,HIGH,098-CR-1037  -000,0.398,0,0,0,1,0,0,0,0,0,0,0,1,0
72590862,980100,2.021E+11,20210131,1834,,667,HAMBLEY,,BLVD,,,0,098 CS-1222,CS1222,Y,N,NULL,NULL,NULL,N,NULL,NULL,NULL,NULL,NULL,NULL,0.805,NULL,NULL,NULL,NULL,,NULL,0,0,2,2,N,N,25,NULL,98,9801,NULL,,Y,37.48264,37,28.958,NULL,-82.51925,82,31.155,NULL,N,NULL,NULL,NULL,NULL,NULL,NULL,NULL,NULL,5,97,2,6,1,1,2,7,1,3,N,NULL,Y,N,1834,1836,,N,NULL,90,,,N,,N,N,098-CS-1222-0,NULL,NULL,2021,O,7.25909E+11,098-CS-1222  -000,HIGH,098-CS-1222  -000,0.805,0,0,0,0,0,0,1,0,0,0,0,0,0
72632172,980100,2.021E+11,20210603,1430,,720,N MAYO TRAIL,,DR,,,0,098 CS-1186,CS1186,Y,N,NULL,NULL,NULL,N,NULL,NULL,NULL,NULL,NULL,NULL,NULL,NULL,NULL,NULL,NULL,NULL,NULL,0,0,2,2,N,N,NULL,NULL,98,9801,NULL,,Y,37.48717,37,29.23,NULL,-82.54279,82,32.568,NULL,N,NULL,NULL,NULL,NULL,NULL,NULL,NULL,NULL,1,97,1,6,1,1,3,2,1,3,N,NULL,Y,N,1437,1442,1442,N,NULL,90,,,N,,N,N,098-CS-1186-0,NULL,NULL,2021,O,7.26322E+11,098-CS-1186  -000,MEDIUM,098-CS-1186  -000,0,0,0,0,0,0,0,0,0,0,0,0,0,0
72633804,980100,2.021E+11,20210608,1358,,254,CASSIDY,,BLVD,,,0,098 CS-1191,CS1191,Y,N,NULL,NULL,NULL,N,NULL,NULL,NULL,NULL,NULL,NULL,0.252,NULL,NULL,NULL,NULL,,NULL,0,0,2,2,N,N,NULL,NULL,98,9801,NULL,,Y,37.50458,37,30.275,NULL,-82.53597,82,32.158,NULL,N,NULL,NULL,NULL,NULL,NULL,NULL,NULL,NULL,2,97,NULL,6,1,1,2,2,5,3,N,NULL,Y,N,1358,1407,1407,N,NULL,90,,,N,,N,N,098-CS-1191-0,NULL,NULL,2021,O,7.26338E+11,098-CS-1191  -000,HIGH,098-CS-1191  -000,0.252,0,0,0,1,0,0,1,0,0,0,0,0,0
72622300,980100,2.021E+11,20210507,1502,,,US23,,,US0023,US0023,0,098 US-23-10,US0023,N,N,NULL,NULL,NULL,N,NULL,NULL,NULL,NULL,NULL,NULL,23.499,NULL,NULL,NULL,NULL,,NULL,0,0,2,2,N,N,55,NULL,98,9801,NULL,,Y,37.46996,37,28.198,NULL,-82.53361,82,32.016,NULL,N,NULL,NULL,NULL,NULL,NULL,NULL,NULL,NULL,8,3,4,6,1,1,2,2,7,3,N,NULL,Y,N,1502,1504,1504,N,NULL,53,,1,N,,N,N,098-US-0023-10,NULL,NULL,2021,O,7.26223E+11,098-US-0023  -010,HIGH,098-US-0023  -000,23.499,0,0,0,0,0,0,1,0,0,0,0,1,0
72633652,KSP0900,21-233741,20210607,1900,,,BROADHEAD,,HOLW,,,0,098 CR-1069,CR1069,N,N,NULL,NULL,NULL,N,NULL,NULL,NULL,NULL,NULL,NULL,0.281,NULL,NULL,NULL,NULL,,NULL,0,0,1,1,N,N,35,NULL,98,9842,NULL,,Y,37.63492,37,38.095,NULL,-82.2487,82,14.922,NULL,N,NULL,NULL,NULL,NULL,NULL,NULL,NULL,NULL,9,3,2,3,1,5,6,2,7,3,N,NULL,N,N,1901,1905,1920,Y,NULL,40,,,N,,N,N,098-CR-1069-0,NULL,NULL,2021,O,7.26337E+11,098-CR-1069  -000,HIGH,098-CR-1069  -000,0.281,0,0,0,0,0,0,0,1,0,0,0,1,0
72665119,980100,2.021E+11,20210831,1133,,,KY3496,,,KY3496,KY3496,0,098 KY-3496,KY3496,N,N,NULL,NULL,NULL,N,NULL,NULL,NULL,NULL,NULL,NULL,0.808,NULL,NULL,NULL,NULL,,NULL,0,0,2,2,N,N,35,NULL,98,9801,NULL,,Y,37.47206,37,28.323,NULL,-82.52938,82,31.763,NULL,N,NULL,NULL,NULL,NULL,NULL,NULL,NULL,NULL,1,3,2,6,1,5,6,2,7,3,N,NULL,Y,N,1133,1136,1159,N,NULL,55,16,0,N,,N,N,098-KY-3496-0,NULL,NULL,2021,O,7.26651E+11,098-KY-3496  -000,HIGH,098-KY-3496  -000,0.808,0,0,0,1,0,0,1,1,0,0,0,0,0
72678426,KSP0900,21-401831,20210928,1216,,,OWSLEY,,RD,KY1384,KY1384,0,098 KY-1384,KY1384,N,N,NULL,NULL,NULL,N,NULL,NULL,NULL,NULL,NULL,NULL,2.146,NULL,NULL,NULL,NULL,,NULL,0,0,2,2,N,N,35,NULL,98,9801,NULL,,Y,37.51661,37,30.997,NULL,-82.59354,82,35.612,NULL,N,NULL,NULL,NULL,NULL,NULL,NULL,NULL,NULL,7,3,2,6,1,1,2,2,7,3,N,NULL,Y,N,1216,1233,1233,N,NULL,54,,0,N,,N,N,098-KY-1384-0,NULL,NULL,2021,O,7.26784E+11,098-KY-1384  -000,HIGH,098-KY-1384  -000,2.146,0,0,0,1,0,0,0,1,0,0,0,1,0