MasterFile,AgencyORINumber,LocalCode,CollisionDate,CollisionTime,CollisionDayWeekCode,RoadwayName_HouseBusinessNumber_,RoadwayName_RoadwayName_,RoadwayName_Direction_,RoadwayName_RoadwaySuffix_,RoadwayfromReport,CurrentRoadwayNumber,RoadwayNumberCoupletID,RSEUniqueGIS,RoadwayIdentifier,ParkingLotIndicator,IntersectionWith_Indicator_,IntersectionWith_NameRoadway_,IntersectionWith_Direction_,IntersectionWith_RoadwaySuffix_,BetweenStreets_Indicator_,BetweenStreets1_NameRoadway_,BetweenStreet1_Direction_,BetweenStreets1_RoadwaySuffix_,BetweenStreets2_NameRoadway_,BetweenStreets2_Direction_,BetweenStreets2_RoadwaySuffix_,Milepoint,ReportMilepointDeriveNumber,CurrentDerivedMiepointNumber,MilestoMilepoint,FeettoMilepoint,DirectionfromMilepoint_NSEW_,ValidMilepointIndicator,NumberInjured,NumberKilled,ofUnits,ofMotorVehicleUnits,Hit&RunIndicator,OneWayIndicator,SpeedLimitNumber,KilometersIndicator,CountyCode,CityCountyCode,MilesFromCity,DirectionFromCity_NSEW_,InCityLimitsIndicator,Latitude,LatitudeDegrees,LatitudeMinutes,LatitudeSeconds,Longitude,LongitudeDegrees,LongitudeMinutes,LongitudeSeconds,RampIndicator,RampFromIdentifier,RampFromDirCode,RampFromCoupletID,RSEUniqueGISRampFrom,RampToidentifier,RampToDirCode,RampToCoupletID,RSEUniqueGisRampTo,MannerofCollisionCode,LocationFirstEventCode,TotalLanes,RoadwayCharacterCode,RoadwaySurfaceCode,RoadwayConditionCode,WeatherCode,LightConditionCode,LandUseCode,SchoolBusRelatedCode,FirstAidSceneIndicator,CollDescPresentInd,InvestigationCompleteIndicator,PhotosTakenIndicator,TimeNotified,TimeArrived,TimeRoadwayOpened,PropertyDamageIndicator,DiagramPresentIndicator,DirectionalAnalysis,FunctionClassCode,NationalHwySysCode,EnforcementsIndicator,KARSCityCode,SecondaryCollisionIndicator,MedianCrossoverIndicator,RT_UNIQUE,MapIt,TimeLastLeft,YR,KABCO,MFNY,WorkingRID,RT_CONFIDENCE,KTC_RT,KTC_MP,Motorcyclist,CommercialVehicle,YoungDriver,MatureDriver,pedestrian,Bicyclist,Distracted,agressive,Impaired,Unrestrained,Intersection,RoadwayDeparture,MedXover
72634672,980100,2.021E+11,20210610,1430,,,MYRA BARNES,,AVE,,,,,,N,N,NULL,NULL,NULL,N,NULL,NULL,NULL,NULL,NULL,NULL,0.094,NULL,NULL,NULL,NULL,,NULL,0,0,2,2,N,N,15,NULL,98,9801,NULL,,Y,37.48362,37,29.017,NULL,-82.53123,82,31.873,NULL,N,NULL,NULL,NULL,NULL,NULL,NULL,NULL,NULL,8,3,1,6,1,5,3,2,7,3,N,NULL,Y,N,1430,1430,1500,N,NULL,47,,,N,,N,N,,NULL,NULL,2021,O,7.26347E+11,098-CS-1150  -000,MEDIUM,098-CS-1150  -000,0.094,0,0,0,1,0,0,1,0,0,0,0,0,0
72643599,KSP0900,21-272711,20210702,1747,,28402,US119,,,US0119,US0119,,,,Y,N,NULL,NULL,NULL,N,NULL,NULL,NULL,NULL,NULL,NULL,24.079,NULL,NULL,NULL,NULL,,NULL,0,0,2,2,N,N,15,NULL,98,9834,NULL,,Y,37.65679,37,39.407,NULL,-82.27068,82,16.241,NULL,N,NULL,NULL,NULL,NULL,NULL,NULL,NULL,NULL,2,97,NULL,6,1,1,2,2,1,3,N,NULL,Y,N,1911,1950,,N,NULL,90,2,1,N,,N,N,,NULL,NULL,2021,O,7.26436E+11,098-US-0119  -000,MEDIUM,098-US-0119  -000,24.079,0,0,0,1,0,0,1,1,0,0,0,0,0
72644042,KSP0900,21-263901,20210626,2033,,,LITTLE ROBINSON CREEK,,RD,KY3415,KY3415,0,098 KY-3415,KY3415,N,N,NULL,NULL,NULL,N,NULL,NULL,NULL,NULL,NULL,NULL,1.186,NULL,NULL,NULL,NULL,,NULL,0,0,2,2,Y,N,45,NULL,98,9827,NULL,,Y,37.36788,37,22.073,NULL,-82.60248,82,36.149,NULL,N,NULL,NULL,NULL,NULL,NULL,NULL,NULL,NULL,1,3,2,6,1,1,2,3,7,3,N,NULL,Y,N,2039,2055,,N,NULL,55,9,0,N,,N,N,098-KY-3415-0,NULL,NULL,2021,O,7.2644E+11,098-KY-3415  -000,HIGH,098-KY-3415  -000,1.186,0,0,0,0,0,0,1,1,0,0,0,0,0
72611883,KSP0900,21-140973,20210409,633,,,US23,,,US0023,US0023,0,098 US-23,US0023,N,N,NULL,NULL,NULL,N,NULL,NULL,NULL,NULL,NULL,NULL,32.389,NULL,NULL,NULL,NULL,,NULL,0,0,1,1,N,N,55,NULL,98,9801,NULL,,Y,37.53708,37,32.225,NULL,-82.61584,82,36.951,NULL,N,NULL,NULL,NULL,NULL,NULL,NULL,NULL,NULL,9,5,4,3,1,5,3,6,7,3,N,NULL,Y,N,635,652,652,N,NULL,51,,1,N,,N,N,098-US-0023-0,NULL,NULL,2021,O,7.26119E+11,098-US-0023  -000,HIGH,098-US-0023  -000,32.389,0,0,0,0,0,0,0,1,0,0,0,1,0
72662157,KSP0900,21-351918,20210823,1742,,,KY194,,,KY0194,KY0194,0,098 KY-194,KY0194,N,N,NULL,NULL,NULL,N,NULL,NULL,NULL,NULL,NULL,NULL,26.489,NULL,NULL,NULL,NULL,,NULL,0,0,1,1,N,N,55,NULL,98,9817,NULL,,Y,37.49932,37,29.96,NULL,-82.35193,82,21.116,NULL,N,NULL,NULL,NULL,NULL,NULL,NULL,NULL,NULL,9,97,1,6,1,1,2,8,7,3,N,NULL,N,N,1742,1800,1800,Y,NULL,70,6,0,N,,N,N,098-KY-0194-0,NULL,NULL,2021,O,7.26622E+11,098-KY-0194  -000,HIGH,098-KY-0194  -000,26.489,0,0,0,0,0,0,0,0,0,0,0,0,0
72619766,KSP0900,21-172276,20210430,739,,,US460,,,US0460,US0460,0,098 US-460,US0460,N,N,NULL,NULL,NULL,N,NULL,NULL,NULL,NULL,NULL,NULL,4.551,NULL,NULL,NULL,NULL,,NULL,0,0,2,1,Y,N,55,NULL,98,9824,NULL,,Y,37.41623,37,24.974,NULL,-82.45323,82,27.194,NULL,N,NULL,NULL,NULL,NULL,NULL,NULL,NULL,NULL,5,3,2,6,1,1,2,2,7,3,N,NULL,Y,N,739,823,739,N,NULL,70,,1,N,,N,N,098-US-0460-0,NULL,NULL,2021,O,7.26198E+11,098-US-0460  -000,HIGH,098-US-0460  -000,4.551,0,0,0,0,0,0,0,0,0,0,0,0,0
72608446,980500,021AR013,20210330,1715,,,SUN TAN CITY,,,,,,,,Y,N,NULL,NULL,NULL,N,NULL,NULL,NULL,NULL,NULL,NULL,NULL,NULL,NULL,NULL,NULL,NULL,NULL,0,0,2,2,N,N,15,NULL,98,9807,NULL,,Y,37.53403,37,32.042,NULL,-82.58141,82,34.884,NULL,N,NULL,NULL,NULL,NULL,NULL,NULL,NULL,NULL,6,97,NULL,6,1,1,2,2,7,3,N,NULL,Y,Y,1710,1715,1720,N,NULL,90,,,N,,N,N,,NULL,NULL,2021,O,7.26084E+11,098-PR-1302  -000,MEDIUM,098-PR-1302  -000,0.017,0,0,0,1,0,0,1,0,0,1,0,0,0
72627681,980100,2.021E+11,20210522,1545,,,US23,,,US0023,US0023,0,098 US-23-10,US0023,N,N,NULL,NULL,NULL,N,NULL,NULL,NULL,NULL,NULL,NULL,26.314,NULL,NULL,NULL,NULL,,NULL,0,0,2,2,N,N,55,NULL,98,9801,NULL,,Y,37.50413,37,30.248,NULL,-82.53222,82,31.933,NULL,N,NULL,NULL,NULL,NULL,NULL,NULL,NULL,NULL,5,3,4,6,1,1,2,2,1,3,N,NULL,Y,N,1545,1557,1613,N,NULL,49,,1,N,,N,N,098-US-0023-10,NULL,NULL,2021,O,7.26277E+11,098-US-0023  -010,HIGH,098-US-0023  -000,26.314,0,0,0,0,0,0,1,0,0,0,0,0,0
72593317,980100,2.021E+11,20210210,1928,,,BYPASS,S,RD,KY1426,KY1426,0,098 KY-1426,KY1426,Y,N,NULL,NULL,NULL,N,NULL,NULL,NULL,NULL,NULL,NULL,5.696,NULL,NULL,NULL,NULL,,NULL,0,0,2,2,N,N,15,NULL,98,9801,NULL,,Y,37.47284,37,28.371,NULL,-82.52264,82,31.358,NULL,N,NULL,NULL,NULL,NULL,NULL,NULL,NULL,NULL,2,97,2,4,2,1,2,5,1,3,N,NULL,Y,N,1930,1930,,N,NULL,90,,0,N,,N,N,098-KY-1426-0,NULL,NULL,2021,O,7.25933E+11,098-KY-1426  -000,HIGH,098-KY-1426  -000,5.696,0,0,1,0,0,0,0,0,0,0,0,0,0
72579341,KSP0900,20-841870,20201224,1130,,,APPALACHIAN,,PLZ,,,0,098 PR-1008,PR1008,Y,N,NULL,NULL,NULL,N,NULL,NULL,NULL,NULL,NULL,NULL,0.103,NULL,NULL,NULL,NULL,,NULL,0,0,2,2,N,N,NULL,NULL,98,9834,NULL,,Y,37.667,37,40.02,NULL,-82.27495,82,16.497,NULL,N,NULL,NULL,NULL,NULL,NULL,NULL,NULL,NULL,7,97,2,6,3,5,6,2,1,3,N,NULL,Y,N,1140,1145,1145,N,NULL,90,,,N,,N,N,098-PR-1008-0,NULL,NULL,2020,O,7.25793E+11,098-PR-1008  -000,HIGH,098-PR-1008  -000,0.103,0,0,0,1,0,0,1,0,0,0,0,0,0
72690467,980100,2.021E+11,20211029,1447,,,US23,,,US0023,US0023,0,098 US-23,US0023,N,N,NULL,NULL,NULL,N,NULL,NULL,NULL,NULL,NULL,NULL,24.125,NULL,NULL,NULL,NULL,,NULL,2,0,1,1,N,N,55,NULL,98,9801,NULL,,Y,37.47698,37,28.619,NULL,-82.54012,82,32.407,NULL,N,NULL,NULL,NULL,NULL,NULL,NULL,NULL,NULL,9,6,4,1,1,1,3,2,7,3,N,NULL,Y,Y,1447,1450,,N,NULL,51,,1,N,,N,N,098-US-0023-0,NULL,NULL,2021,C,7.26905E+11,098-US-0023  -000,HIGH,098-US-0023  -000,24.125,0,0,0,0,0,0,0,0,0,0,0,1,0
72641320,KSP0900,21-256375,20210621,2206,,560,ISLAND CREEK,,RD,KY1426,KY1426,0,098 KY-1426,KY1426,Y,N,NULL,NULL,NULL,N,NULL,NULL,NULL,NULL,NULL,NULL,1.45,NULL,NULL,NULL,NULL,,NULL,0,0,2,2,N,N,55,NULL,98,9801,NULL,,Y,37.45949,37,27.57,NULL,-82.56894,82,34.136,NULL,N,NULL,NULL,NULL,NULL,NULL,NULL,NULL,NULL,2,97,2,6,1,1,2,6,1,3,N,NULL,Y,N,2230,2240,,N,NULL,90,8,0,N,,N,N,098-KY-1426-0,NULL,NULL,2021,O,7.26413E+11,098-KY-1426  -000,HIGH,098-KY-1426  -000,1.45,0,0,0,0,0,0,1,0,0,0,0,0,0
72654523,KSP0900,21-322101,20210803,1841,,,KY194,,,KY0194,KY0194,0,098 KY-194,KY0194,N,N,NULL,NULL,NULL,N,NULL,NULL,NULL,NULL,NULL,NULL,18.592,NULL,NULL,NULL,NULL,,NULL,0,0,2,2,N,N,55,NULL,98,9817,NULL,,Y,37.56029,37,33.617,NULL,-82.41905,82,25.143,NULL,N,NULL,NULL,NULL,NULL,NULL,NULL,NULL,NULL,7,3,2,3,1,6,3,2,7,3,N,NULL,Y,N,1848,1940,1940,N,NULL,54,6,5,N,,N,N,098-KY-0194-0,NULL,NULL,2021,O,7.26545E+11,098-KY-0194  -000,HIGH,098-KY-0194  -000,18.592,0,0,0,0,0,0,0,0,0,0,0,1,0
72643090,980100,2.021E+11,20210702,1412,,140,ADAMS,,LN,,,0,098 CS-1182,CS1182,Y,N,NULL,NULL,NULL,N,NULL,NULL,NULL,NULL,NULL,NULL,0.178,NULL,NULL,NULL,NULL,,NULL,0,0,2,2,N,N,NULL,NULL,98,9801,NULL,,Y,37.48477,37,29.086,NULL,-82.54536,82,32.722,NULL,N,NULL,NULL,NULL,NULL,NULL,NULL,NULL,NULL,2,97,1,6,1,1,2,2,1,3,N,NULL,Y,N,1312,1418,1418,N,NULL,90,,,N,,N,N,098-CS-1182-0,NULL,NULL,2021,O,7.26431E+11,098-CS-1182  -000,HIGH,098-CS-1182  -000,0.178,0,0,0,0,0,0,1,0,0,0,0,0,0
72659487,980100,2.021E+11,20210810,1359,,,ADAMS,,LN,,,0,098 CS-1182,CS1182,N,N,NULL,NULL,NULL,N,NULL,NULL,NULL,NULL,NULL,NULL,0.353,NULL,NULL,NULL,NULL,,NULL,1,0,2,2,N,N,45,NULL,98,9801,NULL,,Y,37.48522,37,29.113,NULL,-82.54395,82,32.637,NULL,N,NULL,NULL,NULL,NULL,NULL,NULL,NULL,NULL,1,3,2,3,1,1,2,2,7,3,N,NULL,Y,Y,1359,1402,1402,N,NULL,55,,,N,,N,N,098-CS-1182-0,NULL,NULL,2021,C,7.26595E+11,098-CS-1182  -000,HIGH,098-CS-1182  -000,0.353,0,0,0,0,0,0,0,1,0,0,0,0,0
72581205,980100,2.021E+11,20210102,2145,,,US23,,,US0023,US0023,,,,N,N,NULL,NULL,NULL,N,NULL,NULL,NULL,NULL,NULL,NULL,25.336,NULL,NULL,NULL,NULL,,NULL,0,0,1,1,N,N,55,NULL,98,9801,NULL,,Y,37.49137,37,29.482,NULL,-82.53562,82,32.137,NULL,N,NULL,NULL,NULL,NULL,NULL,NULL,NULL,NULL,9,3,6,6,1,1,2,5,7,3,N,NULL,Y,N,2145,2150,2150,N,NULL,70,,1,N,,N,N,,NULL,NULL,2021,O,7.25812E+11,098-US-0023  -000,MEDIUM,098-US-0023  -000,25.336,0,0,0,0,0,0,0,0,0,0,0,0,0
72656627,980100,2.021E+11,20210806,912,,,WOLFORD,,ST,,,0,098 CS-1120,CS1120,Y,N,NULL,NULL,NULL,N,NULL,NULL,NULL,NULL,NULL,NULL,0.062,NULL,NULL,NULL,NULL,,NULL,0,0,2,2,Y,N,15,NULL,98,9801,NULL,,Y,37.48278,37,28.967,NULL,-82.51833,82,31.099,NULL,N,NULL,NULL,NULL,NULL,NULL,NULL,NULL,NULL,3,97,NULL,6,1,1,2,7,6,3,N,NULL,N,N,912,918,,N,NULL,90,,,N,,N,N,098-CS-1120-0,NULL,NULL,2021,NULL,7.26566E+11,098-CS-1120  -000,HIGH,098-CS-1120  -000,0.062,0,0,0,0,0,0,0,0,0,0,0,1,0
72646730,980100,2.021E+11,20210709,820,,,US23,,,US0023,US0023,0,098 US-23,US0023,N,N,NULL,NULL,NULL,N,NULL,NULL,NULL,NULL,NULL,NULL,22.152,NULL,NULL,NULL,NULL,,NULL,1,0,2,2,N,N,55,NULL,98,9801,NULL,,Y,37.45943,37,27.566,NULL,-82.51695,82,31.017,NULL,N,NULL,NULL,NULL,NULL,NULL,NULL,NULL,NULL,5,3,4,6,1,5,3,2,7,3,Y,NULL,Y,Y,820,826,829,N,NULL,49,,1,N,,N,N,098-US-0023-0,NULL,NULL,2021,C,7.26467E+11,098-US-0023  -000,HIGH,098-US-0023  -000,22.152,0,0,0,1,0,0,0,0,0,0,0,0,0
72632351,KSP0900,21-227984,20210604,1000,,,KY194,,,KY0194,KY0194,0,098 KY-194,KY0194,N,N,NULL,NULL,NULL,N,NULL,NULL,NULL,NULL,NULL,NULL,8.174,NULL,NULL,NULL,NULL,,NULL,1,0,1,1,N,N,55,NULL,98,9831,NULL,,Y,37.61088,37,36.653,NULL,-82.53312,82,31.987,NULL,N,NULL,NULL,NULL,NULL,NULL,NULL,NULL,NULL,9,3,2,3,1,1,3,2,7,3,N,NULL,Y,N,1110,1135,1230,N,NULL,44,7,0,N,,N,N,098-KY-0194-0,NULL,NULL,2021,C,7.26324E+11,098-KY-0194  -000,HIGH,098-KY-0194  -000,8.174,0,0,0,0,0,0,0,0,0,0,0,1,0
72647461,980100,2.021E+11,20210712,1738,,,US23,,,US0023,US0023,0,098 US-23-10,US0023,N,N,NULL,NULL,NULL,N,NULL,NULL,NULL,NULL,NULL,NULL,20.967,NULL,NULL,NULL,NULL,,NULL,3,0,3,3,N,N,55,NULL,98,9801,NULL,,Y,37.44453,37,26.672,NULL,-82.52535,82,31.521,NULL,N,NULL,NULL,NULL,NULL,NULL,NULL,NULL,NULL,1,3,4,3,1,1,3,2,1,3,Y,NULL,Y,Y,1739,1741,1833,N,NULL,55,,1,N,,N,N,098-US-0023-10,NULL,NULL,2021,C,7.26475E+11,098-US-0023  -010,HIGH,098-US-0023  -000,20.967,0,1,1,0,0,0,1,0,0,0,0,0,0
72640397,980100,2.021E+11,20210618,1240,,911,BYPASS,S,RD,KY1426,KY1426,0,098 KY-1426,KY1426,Y,N,NULL,NULL,NULL,N,NULL,NULL,NULL,NULL,NULL,NULL,5.695,NULL,NULL,NULL,NULL,,NULL,0,0,2,2,Y,N,15,NULL,98,9801,NULL,,Y,37.47278,37,28.367,NULL,-82.52277,82,31.366,NULL,N,NULL,NULL,NULL,NULL,NULL,NULL,NULL,NULL,2,97,2,4,1,1,2,2,1,3,N,NULL,Y,N,1240,1244,1257,N,NULL,90,,0,N,,N,N,098-KY-1426-0,NULL,NULL,2021,O,7.26404E+11,098-KY-1426  -000,HIGH,098-KY-1426  -000,5.695,0,0,0,1,0,0,0,0,0,0,0,0,0
72636735,KSP0900,21-213324,20210525,1700,,,BIG CREEK,E,RD,KY3220,KY3220,0,098 KY-3220,KY3220,Y,N,NULL,NULL,NULL,N,NULL,NULL,NULL,NULL,NULL,NULL,1.191,NULL,NULL,NULL,NULL,,NULL,1,0,2,1,Y,N,15,NULL,98,9833,NULL,,Y,37.61723,37,37.034,NULL,-82.35043,82,21.026,NULL,N,NULL,NULL,NULL,NULL,NULL,NULL,NULL,NULL,9,97,2,6,1,1,2,2,1,3,N,NULL,Y,N,1700,1720,1700,N,NULL,90,8,0,N,,N,N,098-KY-3220-0,NULL,NULL,2021,C,7.26367E+11,098-KY-3220  -000,HIGH,098-KY-3220  -000,1.191,0,0,0,0,1,0,0,0,0,0,0,0,0
72632174,980100,2.021E+11,20210521,1257,,,CHLOE,,RD,KY1460,KY1460,,,,N,N,NULL,NULL,NULL,N,NULL,NULL,NULL,NULL,NULL,NULL,3.819,NULL,NULL,NULL,NULL,,NULL,1,0,1,1,N,N,45,NULL,98,9801,NULL,,Y,37.47723,37,28.634,NULL,-82.49359,82,29.615,NULL,N,NULL,NULL,NULL,NULL,NULL,NULL,NULL,NULL,9,4,2,2,1,1,2,2,6,3,Y,NULL,Y,N,1257,1301,1329,N,NULL,44,,0,Y,,N,N,,NULL,NULL,2021,C,7.26322E+11,098-KY-1460  -000,HIGH,098-KY-1460  -000,3.819,0,0,0,0,0,0,1,0,0,0,0,1,0
72602276,KSP0900,21-86613,20210304,1523,,,US119,,,US0119,US0119,0,098 US-119,US0119,N,N,NULL,NULL,NULL,N,NULL,NULL,NULL,NULL,NULL,NULL,9.933,NULL,NULL,NULL,NULL,,NULL,0,0,1,1,N,N,55,NULL,98,9820,NULL,,Y,37.5821,37,34.926,NULL,-82.40705,82,24.423,NULL,N,NULL,NULL,NULL,NULL,NULL,NULL,NULL,NULL,9,3,4,6,1,1,2,2,7,3,N,NULL,Y,N,1500,1515,1515,N,NULL,40,2,1,N,,N,N,098-US-0119-0,NULL,NULL,2021,O,7.26023E+11,098-US-0119  -000,HIGH,098-US-0119  -000,9.933,0,0,0,0,0,0,0,0,0,0,0,1,0
72643394,KSP0900,21-270683,20210701,1228,,,US460,,,US0460,US0460,0,098 US-460,US0460,Y,N,NULL,NULL,NULL,N,NULL,NULL,NULL,NULL,NULL,NULL,9.195,NULL,NULL,NULL,NULL,,NULL,0,0,2,2,N,N,15,NULL,98,9802,NULL,,Y,37.36912,37,22.147,NULL,-82.41682,82,25.01,NULL,N,NULL,NULL,NULL,NULL,NULL,NULL,NULL,NULL,5,97,2,6,1,1,2,2,7,3,N,NULL,Y,N,1228,1240,1240,N,NULL,90,,1,N,,N,N,098-US-0460-0,NULL,NULL,2021,O,7.26434E+11,098-US-0460  -000,HIGH,098-US-0460  -000,9.195,0,0,0,0,0,0,0,0,0,0,0,0,0
72661833,980100,2.021E+11,20210817,852,,,HAMBLEY,,BLVD,,,0,098 CS-1222,CS1222,N,N,NULL,NULL,NULL,N,NULL,NULL,NULL,NULL,NULL,NULL,0.34,NULL,NULL,NULL,NULL,,NULL,0,0,2,2,N,N,25,NULL,98,9801,NULL,,Y,37.4766,37,28.596,NULL,-82.52217,82,31.33,NULL,N,NULL,NULL,NULL,NULL,NULL,NULL,NULL,NULL,8,5,3,6,1,5,3,2,1,3,N,NULL,Y,N,852,855,943,N,NULL,47,,,Y,,N,N,098-CS-1222-0,NULL,NULL,2021,O,7.26618E+11,098-CS-1222  -000,HIGH,098-CS-1222  -000,0.34,0,0,0,0,0,0,0,0,1,0,0,1,0
72649499,980200,980200,20210621,1705,,,RIGHT FORK BEAVER,,CRK,,,0,098 CR-1606,CR1606,N,N,NULL,NULL,NULL,N,NULL,NULL,NULL,NULL,NULL,NULL,0.928,NULL,NULL,NULL,NULL,,NULL,0,0,2,2,N,N,35,NULL,98,9802,0.5,N,N,37.32449,37,19.469,NULL,-82.31256,82,18.754,NULL,N,NULL,NULL,NULL,NULL,NULL,NULL,NULL,NULL,7,3,1,3,1,1,2,2,6,3,N,NULL,Y,Y,1715,1721,1745,N,NULL,54,,,N,,N,N,098-CR-1606-0,NULL,NULL,2021,O,7.26495E+11,098-CR-1606  -000,HIGH,098-CR-1606  -000,0.928,0,0,0,1,0,0,0,1,0,0,0,1,0
72667490,980500,2021AR035,20210906,1500,,3889,MAYO TRAIL,N,,,,,,,Y,N,NULL,NULL,NULL,N,NULL,NULL,NULL,NULL,NULL,NULL,NULL,NULL,NULL,NULL,NULL,NULL,NULL,0,0,2,2,N,N,15,NULL,98,9807,NULL,,Y,37.52002,37,31.202,NULL,-82.56849,82,34.109,NULL,N,NULL,NULL,NULL,NULL,NULL,NULL,NULL,NULL,8,97,2,6,1,1,2,2,1,3,N,NULL,Y,Y,1504,1508,1520,N,NULL,90,,,N,,N,N,,NULL,NULL,2021,O,7.26675E+11,098-US-0023  -010,MEDIUM,098-US-0023  -000,28.673,0,0,0,0,0,0,1,0,0,0,0,0,0
72592552,980100,2.021E+11,20210201,1249,,,THOMPSON,,RD,,,,,,Y,N,NULL,NULL,NULL,N,NULL,NULL,NULL,NULL,NULL,NULL,0.509,NULL,NULL,NULL,NULL,,NULL,0,0,2,2,N,N,15,NULL,98,9801,NULL,,Y,37.50599,37,30.36,NULL,-82.54351,82,32.611,NULL,N,NULL,NULL,NULL,NULL,NULL,NULL,NULL,NULL,2,97,1,6,1,5,6,2,1,3,N,NULL,Y,N,1249,1251,1251,N,NULL,90,,,N,,N,N,,NULL,NULL,2021,O,7.25926E+11,098-CS-1215  -000,MEDIUM,098-CS-1215  -000,0.509,0,0,0,0,0,0,1,1,0,0,0,0,0
72624650,980100,2.021E+11,20210514,1315,,,HUFFMAN,,AVE,,,0,098 CS-1123,CS1123,N,N,NULL,NULL,NULL,N,NULL,NULL,NULL,NULL,NULL,NULL,0.019,NULL,NULL,NULL,NULL,,NULL,0,0,2,2,N,N,15,NULL,98,9801,NULL,,Y,37.47703,37,28.622,NULL,-82.51736,82,31.042,NULL,N,NULL,NULL,NULL,NULL,NULL,NULL,NULL,NULL,1,3,3,6,1,1,2,2,7,3,N,NULL,Y,N,1315,1320,1320,N,NULL,55,,,N,,N,N,098-CS-1123-0,NULL,NULL,2021,O,7.26247E+11,098-CS-1123  -000,HIGH,098-CS-1123  -000,0.019,0,0,0,1,0,0,1,0,0,0,0,0,0
72669575,KSP0900,21-197013,20210515,1746,,,TOLER,,RD,KY0319,KY0319,0,098 KY-319,KY0319,N,N,NULL,NULL,NULL,N,NULL,NULL,NULL,NULL,NULL,NULL,0.081,NULL,NULL,NULL,NULL,,NULL,1,0,1,1,N,N,55,NULL,98,9842,NULL,,Y,37.58039,37,34.823,NULL,-82.18047,82,10.828,NULL,N,NULL,NULL,NULL,NULL,NULL,NULL,NULL,NULL,9,3,2,6,1,1,2,2,7,3,N,NULL,Y,Y,1746,1753,1753,N,NULL,44,7,0,N,,N,N,098-KY-0319-0,NULL,NULL,2021,C,7.26696E+11,098-KY-0319  -000,HIGH,098-KY-0319  -000,0.081,0,0,0,0,0,0,1,0,0,0,0,1,0
72631128,KSP0900,21-222812,20210531,1812,,,US119,,,US0119,US0119,0,098 US-119,US0119,N,N,NULL,NULL,NULL,N,NULL,NULL,NULL,NULL,NULL,NULL,19.135,NULL,NULL,NULL,NULL,,NULL,0,0,2,2,N,N,55,NULL,98,9851,NULL,,Y,37.60317,37,36.19,NULL,-82.27387,82,16.432,NULL,N,NULL,NULL,NULL,NULL,NULL,NULL,NULL,NULL,5,3,4,6,1,1,2,2,7,3,N,NULL,Y,N,1812,1820,1825,N,NULL,49,2,1,N,,N,N,098-US-0119-0,NULL,NULL,2021,O,7.26311E+11,098-US-0119  -000,HIGH,098-US-0119  -000,19.135,0,0,0,0,0,0,1,0,0,0,0,0,0
72628620,980100,2.021E+11,20210525,1531,,,HAROLDS BRANCH,,RD,,,0,098 CS-1223,CS1223,Y,N,NULL,NULL,NULL,N,NULL,NULL,NULL,NULL,NULL,NULL,0.026,NULL,NULL,NULL,NULL,,NULL,0,0,2,2,N,N,15,NULL,98,9801,NULL,,Y,37.47246,37,28.347,NULL,-82.52285,82,31.371,NULL,N,NULL,NULL,NULL,NULL,NULL,NULL,NULL,NULL,6,97,NULL,6,1,1,2,2,5,3,N,NULL,N,N,1531,1537,1537,N,NULL,90,,,N,,N,N,098-CS-1223-0,NULL,NULL,2021,O,7.26286E+11,098-CS-1223  -000,HIGH,098-CS-1223  -000,0.026,0,0,0,1,0,0,1,0,0,0,0,0,0
72602122,KSP0900,21-90999,20210307,1306,,,US119,,,US0119,US0119,0,098 US-119,US0119,N,N,NULL,NULL,NULL,N,NULL,NULL,NULL,NULL,NULL,NULL,24.604,NULL,NULL,NULL,NULL,,NULL,1,0,2,2,N,N,55,NULL,98,9834,NULL,,Y,37.6635,37,39.81,NULL,-82.27316,82,16.389,NULL,N,NULL,NULL,NULL,NULL,NULL,NULL,NULL,NULL,4,3,4,1,1,1,2,2,7,3,N,NULL,Y,Y,1307,1311,1407,N,NULL,70,2,1,N,,N,N,098-US-0119-0,NULL,NULL,2021,C,7.26021E+11,098-US-0119  -000,HIGH,098-US-0119  -000,24.604,0,0,0,1,0,0,1,0,0,0,0,0,0
72613728,980100,2.021E+11,20210413,1057,,,US23 CONNECTOR TO US460,,,US0023,US0023,0,098 US-23-71,US0023,N,N,NULL,NULL,NULL,N,NULL,NULL,NULL,NULL,NULL,NULL,NULL,NULL,NULL,NULL,NULL,,NULL,0,0,2,2,N,N,55,NULL,98,9801,NULL,,Y,37.43879,37,26.327,NULL,-82.50907,82,30.544,NULL,N,NULL,NULL,NULL,NULL,NULL,NULL,NULL,NULL,2,3,4,6,1,1,2,2,7,3,N,NULL,N,N,1057,1111,1121,N,NULL,56,,1,N,,N,N,098-US-0023-71,NULL,NULL,2021,O,7.26137E+11,098-US-0023  -071,HIGH,098-US-0023  -071,0,0,0,0,0,0,0,1,0,0,0,0,0,0
72597368,KSP0900,21-66875,20210219,1633,,590,BARRENSHEE,,CRK,,,0,098 CR-1847,CR1847,N,N,NULL,NULL,NULL,N,NULL,NULL,NULL,NULL,NULL,NULL,0.451,NULL,NULL,NULL,NULL,,NULL,1,0,1,1,N,N,25,NULL,98,9811,NULL,,Y,37.54801,37,32.88,NULL,-82.1368,82,8.208,NULL,N,NULL,NULL,NULL,NULL,NULL,NULL,NULL,NULL,9,4,1,6,1,5,2,2,7,3,N,NULL,Y,Y,1633,1649,1755,N,NULL,44,,,N,,N,N,098-CR-1847-0,NULL,NULL,2021,C,7.25974E+11,098-CR-1847  -000,HIGH,098-CR-1847  -000,0.451,0,0,0,0,0,0,1,0,0,1,0,1,0