MasterFile,AgencyORINumber,LocalCode,CollisionDate,CollisionTime,CollisionDayWeekCode,RoadwayName_HouseBusinessNumber_,RoadwayName_RoadwayName_,RoadwayName_Direction_,RoadwayName_RoadwaySuffix_,RoadwayfromReport,CurrentRoadwayNumber,RoadwayNumberCoupletID,RSEUniqueGIS,RoadwayIdentifier,ParkingLotIndicator,IntersectionWith_Indicator_,IntersectionWith_NameRoadway_,IntersectionWith_Direction_,IntersectionWith_RoadwaySuffix_,BetweenStreets_Indicator_,BetweenStreets1_NameRoadway_,BetweenStreet1_Direction_,BetweenStreets1_RoadwaySuffix_,BetweenStreets2_NameRoadway_,BetweenStreets2_Direction_,BetweenStreets2_RoadwaySuffix_,Milepoint,ReportMilepointDeriveNumber,CurrentDerivedMiepointNumber,MilestoMilepoint,FeettoMilepoint,DirectionfromMilepoint_NSEW_,ValidMilepointIndicator,NumberInjured,NumberKilled,ofUnits,ofMotorVehicleUnits,Hit&RunIndicator,OneWayIndicator,SpeedLimitNumber,KilometersIndicator,CountyCode,CityCountyCode,MilesFromCity,DirectionFromCity_NSEW_,InCityLimitsIndicator,Latitude,LatitudeDegrees,LatitudeMinutes,LatitudeSeconds,Longitude,LongitudeDegrees,LongitudeMinutes,LongitudeSeconds,RampIndicator,RampFromIdentifier,RampFromDirCode,RampFromCoupletID,RSEUniqueGISRampFrom,RampToidentifier,RampToDirCode,RampToCoupletID,RSEUniqueGisRampTo,MannerofCollisionCode,LocationFirstEventCode,TotalLanes,RoadwayCharacterCode,RoadwaySurfaceCode,RoadwayConditionCode,WeatherCode,LightConditionCode,LandUseCode,SchoolBusRelatedCode,FirstAidSceneIndicator,CollDescPresentInd,InvestigationCompleteIndicator,PhotosTakenIndicator,TimeNotified,TimeArrived,TimeRoadwayOpened,PropertyDamageIndicator,DiagramPresentIndicator,DirectionalAnalysis,FunctionClassCode,NationalHwySysCode,EnforcementsIndicator,KARSCityCode,SecondaryCollisionIndicator,MedianCrossoverIndicator,RT_UNIQUE,MapIt,TimeLastLeft,YR,KABCO,MFNY,WorkingRID,RT_CONFIDENCE,KTC_RT,KTC_MP,Motorcyclist,CommercialVehicle,YoungDriver,MatureDriver,pedestrian,Bicyclist,Distracted,agressive,Impaired,Unrestrained,Intersection,RoadwayDeparture,MedXover
72672282,KSP0900,21-388218,20210918,1438,,,US23,,,US0023,US0023,0,098 US-23-10,US0023,N,N,NULL,NULL,NULL,N,NULL,NULL,NULL,NULL,NULL,NULL,NULL,NULL,NULL,NULL,NULL,,NULL,0,0,2,2,N,N,15,NULL,98,9807,NULL,,Y,37.52247,37,31.348,NULL,-82.57234,82,34.341,NULL,N,NULL,NULL,NULL,NULL,NULL,NULL,NULL,NULL,2,7,1,6,1,1,2,2,7,3,N,NULL,Y,N,1438,1458,1500,N,NULL,56,,1,N,,N,N,098-US-0023-10,NULL,NULL,2021,O,7.26723E+11,098-US-0023  -010,HIGH,098-US-0023  -000,28.94,0,0,0,1,0,0,1,0,0,0,0,0,0
72646932,980500,2021AR025,20210713,1440,,,WEDDINGTON BRANCH,,RD,,,0,098 CS-3026,CS3026,Y,N,NULL,NULL,NULL,N,NULL,NULL,NULL,NULL,NULL,NULL,NULL,NULL,NULL,NULL,NULL,NULL,NULL,0,0,2,2,N,N,15,NULL,98,9807,NULL,,Y,37.52728,37,31.636,NULL,-82.56695,82,34.017,NULL,N,NULL,NULL,NULL,NULL,NULL,NULL,NULL,NULL,2,97,NULL,6,1,1,2,3,7,3,N,NULL,Y,Y,1443,1445,1445,N,NULL,90,,,N,,N,N,098-CS-3026-0,NULL,NULL,2021,O,7.26469E+11,098-CS-3026  -000,HIGH,098-CS-3026  -000,0.413,0,0,0,1,0,0,1,0,0,0,0,0,0
72621514,KSP0900,21-176765,20210502,2200,,,DIX,,FRK,,,0,098 CR-1538,CR1538,N,N,NULL,NULL,NULL,N,NULL,NULL,NULL,NULL,NULL,NULL,3.413,NULL,NULL,NULL,NULL,,NULL,0,0,1,1,N,N,25,NULL,98,9833,NULL,,Y,37.5719,37,34.314,NULL,-82.35368,82,21.22,NULL,N,NULL,NULL,NULL,NULL,NULL,NULL,NULL,NULL,9,97,1,3,1,5,6,6,7,3,N,NULL,Y,N,2201,2220,2255,N,NULL,44,,,N,,N,N,098-CR-1538-0,NULL,NULL,2021,O,7.26215E+11,098-CR-1538  -000,HIGH,098-CR-1538  -000,3.413,0,0,0,0,0,0,0,0,0,0,0,1,0
72685180,KSP0900,21-430835,20211019,1100,,,US119,,,US0119,US0119,0,098 US-119,US0119,N,N,NULL,NULL,NULL,N,NULL,NULL,NULL,NULL,NULL,NULL,12.842,NULL,NULL,NULL,NULL,,NULL,0,0,1,1,N,N,55,NULL,98,9833,NULL,,Y,37.60607,37,36.364,NULL,-82.36708,82,22.025,NULL,N,NULL,NULL,NULL,NULL,NULL,NULL,NULL,NULL,9,3,2,6,1,1,2,2,7,3,N,NULL,Y,N,1105,1130,1100,N,NULL,38,2,1,N,,N,N,098-US-0119-0,NULL,NULL,2021,O,7.26852E+11,098-US-0119  -000,HIGH,098-US-0119  -000,12.842,0,0,0,0,0,0,0,0,0,0,0,0,0
72579218,980200,4135122420,20201224,2015,,,KY197,,,KY0197,KY0197,0,098 KY-197,KY0197,N,N,NULL,NULL,NULL,N,NULL,NULL,NULL,NULL,NULL,NULL,16.088,NULL,NULL,NULL,NULL,,NULL,0,0,1,1,N,N,35,NULL,98,9802,NULL,,Y,37.2974,37,17.844,NULL,-82.35516,82,21.309,NULL,N,NULL,NULL,NULL,NULL,NULL,NULL,NULL,NULL,9,3,2,3,1,4,9,4,7,3,N,NULL,N,Y,2015,2024,2205,N,NULL,40,7,0,N,,N,N,098-KY-0197-0,NULL,NULL,2020,O,7.25792E+11,098-KY-0197  -000,HIGH,098-KY-0197  -000,16.088,0,0,0,0,0,0,0,0,0,0,0,1,0
72579665,KSP0900,20-842778,20201224,2000,,,TOLER,,RD,KY0319,KY0319,0,098 KY-319,KY0319,N,N,NULL,NULL,NULL,N,NULL,NULL,NULL,NULL,NULL,NULL,4.501,NULL,NULL,NULL,NULL,,NULL,5,0,2,2,N,N,35,NULL,98,9842,NULL,,Y,37.61471,37,36.883,NULL,-82.23901,82,14.341,NULL,N,NULL,NULL,NULL,NULL,NULL,NULL,NULL,NULL,3,3,2,3,1,4,9,6,7,3,Y,NULL,Y,N,2000,2000,2020,N,NULL,52,7,0,N,,N,N,098-KY-0319-0,NULL,NULL,2020,B,7.25797E+11,098-KY-0319  -000,HIGH,098-KY-0319  -000,4.501,0,0,0,0,0,0,0,0,0,0,0,1,0
72597913,KSP0900,21-23274,20210118,1145,,,DIX,,FRK,,,0,098 CR-1538,CR1538,N,N,NULL,NULL,NULL,N,NULL,NULL,NULL,NULL,NULL,NULL,0.441,NULL,NULL,NULL,NULL,,NULL,1,0,1,1,N,N,35,NULL,98,9833,NULL,,Y,37.60808,37,36.485,NULL,-82.34575,82,20.745,NULL,N,NULL,NULL,NULL,NULL,NULL,NULL,NULL,NULL,9,97,2,6,1,5,3,2,7,3,Y,NULL,Y,Y,1146,1152,1250,Y,NULL,40,,,N,,N,N,098-CR-1538-0,NULL,NULL,2021,A,7.25979E+11,098-CR-1538  -000,HIGH,098-CR-1538  -000,0.441,0,0,0,0,0,0,0,0,0,0,0,1,0
72617432,980100,2.021E+11,20210419,1734,,,SCOTT,,AVE,,,,,,N,N,NULL,NULL,NULL,N,NULL,NULL,NULL,NULL,NULL,NULL,0.222,NULL,NULL,NULL,NULL,,NULL,0,0,2,2,N,Y,15,NULL,98,9801,NULL,,Y,37.48389,37,29.034,NULL,-82.51876,82,31.126,NULL,N,NULL,NULL,NULL,NULL,NULL,NULL,NULL,NULL,2,3,1,6,1,1,2,2,6,3,N,NULL,Y,N,1734,1737,1737,N,NULL,47,,,N,,N,N,,NULL,NULL,2021,O,7.26174E+11,098-CS-1116  -000,MEDIUM,098-CS-1116  -000,0.222,0,0,0,0,0,0,1,0,0,0,0,0,0
72617511,980100,2.021E+11,20210422,1420,,,US23,,,US0023,US0023,,,,N,N,NULL,NULL,NULL,N,NULL,NULL,NULL,NULL,NULL,NULL,23.891,NULL,NULL,NULL,NULL,,NULL,1,0,3,3,N,N,55,NULL,98,9801,NULL,,Y,37.47466,37,28.479,NULL,-82.537,82,32.22,NULL,N,NULL,NULL,NULL,NULL,NULL,NULL,NULL,NULL,5,3,4,6,1,1,3,2,7,3,Y,NULL,Y,Y,1421,1425,1455,N,NULL,49,,1,N,,N,N,,NULL,NULL,2021,C,7.26175E+11,098-US-0023  -000,MEDIUM,098-US-0023  -000,23.891,0,0,0,0,0,0,0,0,0,0,0,0,0
72558317,980000,20-10-004,20201022,1500,,,US119,,,US0119,US0119,0,098 US-119,US0119,N,N,NULL,NULL,NULL,N,NULL,NULL,NULL,NULL,NULL,NULL,7.248,NULL,NULL,NULL,NULL,,NULL,1,0,1,1,N,N,55,NULL,98,9820,NULL,,Y,37.55117,37,33.07,NULL,-82.43312,82,25.987,NULL,N,NULL,NULL,NULL,NULL,NULL,NULL,NULL,NULL,9,4,4,1,1,1,2,2,7,3,Y,NULL,Y,Y,1500,1515,1620,N,NULL,44,2,1,N,,N,N,098-US-0119-0,NULL,NULL,2020,C,7.25583E+11,098-US-0119  -000,HIGH,098-US-0119  -000,7.248,0,0,1,0,0,0,0,0,0,0,0,1,0
72705947,KSP0900,2021-00493346,20211204,319,,,US119,,,US0119,US0119,0,098 US-119,US0119,N,N,NULL,NULL,NULL,N,NULL,NULL,NULL,NULL,NULL,NULL,5.166,NULL,NULL,NULL,NULL,,NULL,0,0,1,1,N,N,55,NULL,98,9833,NULL,,Y,37.52763,37,31.658,NULL,-82.4515,82,27.09,NULL,N,NULL,NULL,NULL,NULL,NULL,NULL,NULL,NULL,9,3,2,6,1,1,2,6,7,3,N,NULL,N,Y,319,319,537,N,NULL,38,2,1,N,,N,N,098-US-0119-0,NULL,NULL,2021,O,7.27059E+11,098-US-0119  -000,HIGH,098-US-0119  -000,5.166,0,0,0,0,0,0,0,0,0,0,0,0,0
72653107,980100,2.021E+11,20210725,1719,,,CASSIDY,,BLVD,,,0,098 CS-1191,CS1191,N,N,NULL,NULL,NULL,N,NULL,NULL,NULL,NULL,NULL,NULL,0.01,NULL,NULL,NULL,NULL,,NULL,0,0,3,3,N,N,25,NULL,98,9801,NULL,,Y,37.50375,37,30.225,NULL,-82.53244,82,31.947,NULL,N,NULL,NULL,NULL,NULL,NULL,NULL,NULL,NULL,5,3,4,6,1,1,3,2,1,3,N,NULL,Y,N,1719,1728,1750,N,NULL,70,,,N,,N,N,098-CS-1191-0,NULL,NULL,2021,O,7.26531E+11,098-CS-1191  -000,HIGH,098-CS-1191  -000,0.01,0,0,0,0,0,0,1,0,0,0,0,0,0
72663913,KSP0900,21-357770,20210827,1904,,,APPALACHIAN,,PLZ,,,0,098 PR-1008,PR1008,Y,N,NULL,NULL,NULL,N,NULL,NULL,NULL,NULL,NULL,NULL,0.032,NULL,NULL,NULL,NULL,,NULL,0,0,2,2,N,N,15,NULL,98,9834,NULL,,Y,37.66594,37,39.956,NULL,-82.2744,82,16.464,NULL,N,NULL,NULL,NULL,NULL,NULL,NULL,NULL,NULL,5,97,NULL,4,1,1,2,3,7,3,N,NULL,Y,Y,1944,2041,2041,N,NULL,90,,,N,,N,N,098-PR-1008-0,NULL,NULL,2021,O,7.26639E+11,098-PR-1008  -000,HIGH,098-PR-1008  -000,0.032,0,0,0,0,0,0,1,0,0,0,0,0,0
72676308,980100,2.021E+11,20210817,2051,,,US23,,,US0023,US0023,,,,N,N,NULL,NULL,NULL,N,NULL,NULL,NULL,NULL,NULL,NULL,31.08,NULL,NULL,NULL,NULL,,NULL,0,0,1,1,N,N,55,NULL,98,9801,NULL,,Y,37.53875,37,32.325,NULL,-82.59377,82,35.626,NULL,N,NULL,NULL,NULL,NULL,NULL,NULL,NULL,NULL,9,3,4,6,1,5,6,6,7,3,N,NULL,Y,N,2051,2104,2104,N,NULL,44,,1,N,,N,N,,NULL,NULL,2021,O,7.26763E+11,098-US-0023  -000,MEDIUM,098-US-0023  -000,31.08,0,0,0,0,0,0,1,1,0,0,0,1,0
72653445,980100,2.021E+11,20210731,632,,911,BYPASS,S,RD,KY1426,KY1426,0,098 KY-1426,KY1426,Y,N,NULL,NULL,NULL,N,NULL,NULL,NULL,NULL,NULL,NULL,5.714,NULL,NULL,NULL,NULL,,NULL,0,0,2,2,Y,N,10,NULL,98,9801,NULL,,Y,37.4729,37,28.374,NULL,-82.52244,82,31.346,NULL,N,NULL,NULL,NULL,NULL,NULL,NULL,NULL,NULL,8,97,2,6,2,1,3,1,5,3,N,NULL,Y,N,632,639,632,N,NULL,90,,0,N,,N,N,098-KY-1426-0,NULL,NULL,2021,NULL,7.26534E+11,098-KY-1426  -000,HIGH,098-KY-1426  -000,5.714,0,0,0,0,0,0,0,0,0,0,0,0,0
72687614,KSP0900,21-422484,20211013,123,,,KY632,,,KY0632,KY0632,0,098 KY-632,KY0632,N,N,NULL,NULL,NULL,N,NULL,NULL,NULL,NULL,NULL,NULL,5.658,NULL,NULL,NULL,NULL,,NULL,0,0,1,1,N,N,55,NULL,98,9817,NULL,,Y,37.49235,37,29.541,NULL,-82.26575,82,15.945,NULL,N,NULL,NULL,NULL,NULL,NULL,NULL,NULL,NULL,9,3,2,6,1,1,2,2,7,3,N,NULL,Y,N,1230,1250,1305,N,NULL,44,6,0,N,,N,N,098-KY-0632-0,NULL,NULL,2021,O,7.26876E+11,098-KY-0632  -000,HIGH,098-KY-0632  -000,5.658,0,0,0,1,0,0,0,0,0,0,0,1,0
72691365,980100,2.021E+11,20211101,1642,,244,CASSIDY,,BLVD,,,,,,Y,N,NULL,NULL,NULL,N,NULL,NULL,NULL,NULL,NULL,NULL,0.266,NULL,NULL,NULL,NULL,,NULL,0,0,2,2,N,N,15,NULL,98,9801,NULL,,Y,37.50471,37,30.282,NULL,-82.53621,82,32.172,NULL,N,NULL,NULL,NULL,NULL,NULL,NULL,NULL,NULL,2,97,NULL,6,1,1,2,2,5,3,N,NULL,Y,N,1642,1649,1649,N,NULL,90,,,N,,N,N,,NULL,NULL,2021,O,7.26914E+11,098-PS-1015  -000,LOW,098-PS-1015  -000,0.266,0,0,0,0,0,0,1,0,0,0,0,0,0
72613312,980100,2.021E+11,20210406,1238,,1330,S MAYO TRAIL,,ST,,,0,098 CS-1007,CS1007,Y,N,NULL,NULL,NULL,N,NULL,NULL,NULL,NULL,NULL,NULL,NULL,NULL,NULL,NULL,NULL,NULL,NULL,0,0,2,2,N,N,NULL,NULL,98,9801,NULL,,Y,37.44329,37,26.597,NULL,-82.52528,82,31.516,NULL,N,NULL,NULL,NULL,NULL,NULL,NULL,NULL,NULL,2,97,1,6,1,1,2,2,1,3,N,NULL,Y,N,1238,1249,1249,N,NULL,90,,,N,,N,N,098-CS-1007-0,NULL,NULL,2021,O,7.26133E+11,098-CS-1007  -000,HIGH,098-CS-1007  -000,0.025,0,0,0,1,0,0,1,0,0,0,0,0,0
72613406,980100,2.021E+11,20210407,1200,,,US23,,,US0023,US0023,,,,Y,N,NULL,NULL,NULL,N,NULL,NULL,NULL,NULL,NULL,NULL,22.683,NULL,NULL,NULL,NULL,,NULL,0,0,2,2,N,N,NULL,NULL,98,9801,NULL,,Y,37.46507,37,27.904,NULL,-82.52144,82,31.286,NULL,N,NULL,NULL,NULL,NULL,NULL,NULL,NULL,NULL,2,97,1,6,1,1,2,2,1,3,N,NULL,Y,N,1201,1205,,N,NULL,90,,1,N,,N,N,,NULL,NULL,2021,O,7.26134E+11,098-US-0023  -000,MEDIUM,098-US-0023  -000,22.683,0,0,0,1,0,0,1,0,0,0,0,0,0
72589049,KSP0900,21-37236,20210128,1746,,,MAIN,,ST,,,0,098 CS-3000,CS3000,N,N,NULL,NULL,NULL,N,NULL,NULL,NULL,NULL,NULL,NULL,0.357,NULL,NULL,NULL,NULL,,NULL,0,0,2,2,N,N,35,NULL,98,9807,NULL,,Y,37.51804,37,31.083,NULL,-82.56484,82,33.891,NULL,N,NULL,NULL,NULL,NULL,NULL,NULL,NULL,NULL,1,3,2,6,1,1,2,2,7,3,N,NULL,Y,N,1746,1811,,N,NULL,55,,,N,,N,N,098-CS-3000-0,NULL,NULL,2021,O,7.2589E+11,098-CS-3000  -000,HIGH,098-CS-3000  -000,0.357,0,0,0,0,0,0,0,0,0,0,0,0,0
72633240,980100,2.021E+11,20210606,1208,,911,BYPASS,,RD,,,,,,Y,N,NULL,NULL,NULL,N,NULL,NULL,NULL,NULL,NULL,NULL,NULL,NULL,NULL,NULL,NULL,,NULL,0,0,2,2,N,N,15,NULL,98,9801,NULL,,Y,37.47186,37,28.312,NULL,-82.52251,82,31.351,NULL,N,NULL,NULL,NULL,NULL,NULL,NULL,NULL,NULL,2,97,NULL,6,1,1,2,2,1,3,N,NULL,Y,N,1209,1212,1212,N,NULL,90,,,N,,N,N,,NULL,NULL,2021,O,7.26332E+11,098-CS-1223  -000,MEDIUM,098-CS-1223  -000,0.063,0,0,0,1,0,0,0,0,0,0,0,0,0
72639276,980000,21-06-004,20210616,1615,,,US119,,,US0119,US0119,0,098 US-119,US0119,Y,N,NULL,NULL,NULL,N,NULL,NULL,NULL,NULL,NULL,NULL,24.168,NULL,NULL,NULL,NULL,,NULL,0,0,2,2,Y,N,55,NULL,98,9834,NULL,,Y,37.65797,37,39.478,NULL,-82.27122,82,16.273,NULL,N,NULL,NULL,NULL,NULL,NULL,NULL,NULL,NULL,8,7,4,6,1,1,2,2,5,3,N,NULL,Y,Y,1630,1645,1645,N,NULL,90,2,1,Y,,N,N,098-US-0119-0,NULL,NULL,2021,O,7.26393E+11,098-US-0119  -000,HIGH,098-US-0119  -000,24.168,0,0,0,0,0,0,0,0,0,0,0,0,0
72644232,980100,2.021E+11,20210706,1042,,,BYPASS,S,RD,KY1426,KY1426,0,098 KY-1426,KY1426,N,N,NULL,NULL,NULL,N,NULL,NULL,NULL,NULL,NULL,NULL,6.199,NULL,NULL,NULL,NULL,,NULL,1,0,2,2,N,N,55,NULL,98,9801,NULL,,Y,37.47776,37,28.666,NULL,-82.51617,82,30.97,NULL,N,NULL,NULL,NULL,NULL,NULL,NULL,NULL,NULL,1,3,2,6,1,1,2,2,7,3,N,NULL,Y,Y,1042,1043,1102,N,NULL,55,,0,N,,N,N,098-KY-1426-0,NULL,NULL,2021,C,7.26442E+11,098-KY-1426  -000,HIGH,098-KY-1426  -000,6.199,0,0,1,1,0,0,0,1,0,0,0,1,0
72646829,KSP0900,21-289243,20210713,411,,,CHLOE,,RD,KY1460,KY1460,0,098 KY-1460,KY1460,N,N,NULL,NULL,NULL,N,NULL,NULL,NULL,NULL,NULL,NULL,0.084,NULL,NULL,NULL,NULL,,NULL,1,0,1,1,N,N,45,NULL,98,9801,3,S,N,37.43256,37,25.953,NULL,-82.4809,82,28.854,NULL,N,NULL,NULL,NULL,NULL,NULL,NULL,NULL,NULL,9,5,2,6,1,5,3,6,7,3,Y,NULL,Y,N,413,443,515,N,NULL,44,,0,N,,N,N,098-KY-1460-0,NULL,NULL,2021,C,7.26468E+11,098-KY-1460  -000,HIGH,098-KY-1460  -000,0.084,0,0,0,0,0,0,0,0,0,0,0,1,0
72642305,980100,2.021E+11,20210629,1620,,,HUFFMAN,,AVE,,,0,098 CS-1123,CS1123,N,N,NULL,NULL,NULL,N,NULL,NULL,NULL,NULL,NULL,NULL,0.019,NULL,NULL,NULL,NULL,,NULL,0,0,2,2,N,N,25,NULL,98,9801,NULL,,Y,37.47704,37,28.622,NULL,-82.51736,82,31.041,NULL,N,NULL,NULL,NULL,NULL,NULL,NULL,NULL,NULL,5,3,2,6,1,1,2,2,1,3,N,NULL,Y,N,1620,1624,1625,N,NULL,49,,,N,,N,N,098-CS-1123-0,NULL,NULL,2021,O,7.26423E+11,098-CS-1123  -000,HIGH,098-CS-1123  -000,0.019,0,0,0,0,0,0,1,0,0,0,0,0,0
72687351,980100,2.021E+11,20211025,1239,,,US23,,,US0023,US0023,0,098 US-23,US0023,N,N,NULL,NULL,NULL,N,NULL,NULL,NULL,NULL,NULL,NULL,23.054,NULL,NULL,NULL,NULL,,NULL,0,0,3,3,N,N,55,NULL,98,9801,NULL,,Y,37.46593,37,27.956,NULL,-82.52791,82,31.674,NULL,N,NULL,NULL,NULL,NULL,NULL,NULL,NULL,NULL,5,3,4,6,1,5,6,2,1,3,N,NULL,Y,N,1240,1248,1318,N,NULL,49,,1,N,,N,N,098-US-0023-0,NULL,NULL,2021,O,7.26874E+11,098-US-0023  -000,HIGH,098-US-0023  -000,23.054,0,0,1,0,0,0,1,0,0,0,0,0,0
72698098,KSP0900,2021-471180,20211117,1800,,,GREASY,,CRK,KY3226,KY3226,,,,N,N,NULL,NULL,NULL,N,NULL,NULL,NULL,NULL,NULL,NULL,0.994,NULL,NULL,NULL,NULL,,NULL,0,0,2,2,N,N,45,NULL,98,9841,NULL,,Y,37.39202,37,23.521,NULL,-82.47092,82,28.255,NULL,N,NULL,NULL,NULL,NULL,NULL,NULL,NULL,NULL,7,3,2,6,1,1,2,7,7,3,N,NULL,Y,N,1902,1917,1917,N,NULL,54,8,0,N,,N,N,,NULL,NULL,2021,O,7.26981E+11,098-KY-3226  -000,MEDIUM,098-KY-3226  -000,0.994,0,0,0,0,0,0,0,0,0,0,0,1,0
72592434,980100,2.021E+11,20210207,1308,,,CASSIDY,,BLVD,,,0,098 CS-1191,CS1191,Y,N,NULL,NULL,NULL,N,NULL,NULL,NULL,NULL,NULL,NULL,0.243,NULL,NULL,NULL,NULL,,NULL,0,0,2,2,N,N,15,NULL,98,9801,NULL,,Y,37.50439,37,30.263,NULL,-82.53584,82,32.151,NULL,N,NULL,NULL,NULL,NULL,NULL,NULL,NULL,NULL,6,97,NULL,6,1,1,3,2,1,3,N,NULL,Y,N,1308,1319,1319,N,NULL,90,,,N,,N,N,098-CS-1191-0,NULL,NULL,2021,O,7.25924E+11,098-CS-1191  -000,HIGH,098-CS-1191  -000,0.243,0,0,0,1,0,0,1,0,0,0,0,0,0
72568694,KSP0900,20-802951,20201125,1213,,,US460,,,US0460,US0460,0,098 US-460,US0460,Y,N,NULL,NULL,NULL,N,NULL,NULL,NULL,NULL,NULL,NULL,9.883,NULL,NULL,NULL,NULL,,NULL,0,0,2,2,N,N,15,NULL,98,9802,5,W,N,37.36371,37,21.823,NULL,-82.40721,82,24.433,NULL,N,NULL,NULL,NULL,NULL,NULL,NULL,NULL,NULL,2,97,2,6,1,1,2,2,7,3,N,NULL,Y,N,1400,1413,1416,N,NULL,90,,1,N,,N,N,098-US-0460-0,NULL,NULL,2020,O,7.25687E+11,098-US-0460  -000,HIGH,098-US-0460  -000,9.883,0,0,0,1,0,0,1,0,0,0,0,0,0
72624092,KSP0900,21-187507,20210509,2002,,,US119,,,US0119,US0119,0,098 US-119,US0119,Y,N,NULL,NULL,NULL,N,NULL,NULL,NULL,NULL,NULL,NULL,24.856,NULL,NULL,NULL,NULL,,NULL,1,0,2,1,Y,N,15,NULL,98,9834,NULL,,Y,37.66658,37,39.995,NULL,-82.27558,82,16.535,NULL,N,NULL,NULL,NULL,NULL,NULL,NULL,NULL,NULL,9,7,4,6,1,1,2,2,5,3,Y,NULL,Y,Y,2002,2021,2021,N,NULL,90,2,1,N,,N,N,098-US-0119-0,NULL,NULL,2021,B,7.26241E+11,098-US-0119  -000,HIGH,098-US-0119  -000,24.856,0,0,1,0,1,0,1,0,0,0,0,0,0
72671655,980000,9821-0003,20210916,1607,,,CHLOE,,RD,KY1460,KY1460,0,098 KY-1460,KY1460,N,N,NULL,NULL,NULL,N,NULL,NULL,NULL,NULL,NULL,NULL,2.162,NULL,NULL,NULL,NULL,,NULL,0,0,2,2,N,N,45,NULL,98,9801,NULL,,Y,37.46085,37,27.651,NULL,-82.47825,82,28.695,NULL,N,NULL,NULL,NULL,NULL,NULL,NULL,NULL,NULL,8,3,2,4,1,1,3,2,1,3,N,NULL,Y,Y,1607,1625,1625,N,NULL,53,,0,N,,N,N,098-KY-1460-0,NULL,NULL,2021,O,7.26717E+11,098-KY-1460  -000,HIGH,098-KY-1460  -000,2.162,0,0,0,1,0,0,0,0,0,0,0,1,0
72681408,980100,2.021E+11,20211010,1352,,,THOMPSON,,RD,,,,,,Y,N,NULL,NULL,NULL,N,NULL,NULL,NULL,NULL,NULL,NULL,0.487,NULL,NULL,NULL,NULL,,NULL,0,0,2,2,N,N,15,NULL,98,9801,NULL,,Y,37.5061,37,30.366,NULL,-82.5439,82,32.634,NULL,N,NULL,NULL,NULL,NULL,NULL,NULL,NULL,NULL,2,97,1,6,1,1,2,2,1,3,N,NULL,Y,N,1352,1406,1406,N,NULL,90,,,N,,N,N,,NULL,NULL,2021,O,7.26814E+11,098-CS-1215  -000,MEDIUM,098-CS-1215  -000,0.487,0,0,0,1,0,0,1,0,0,0,0,0,0
72617459,KSP0900,21-164556,20210425,0,,,US119,,,US0119,US0119,,,,N,N,NULL,NULL,NULL,N,NULL,NULL,NULL,NULL,NULL,NULL,12.176,NULL,NULL,NULL,NULL,,NULL,0,0,1,1,N,N,55,NULL,98,9833,NULL,,Y,37.59805,37,35.883,NULL,-82.37274,82,22.365,NULL,N,NULL,NULL,NULL,NULL,NULL,NULL,NULL,NULL,9,3,4,4,1,5,6,6,7,3,N,NULL,Y,N,0,30,130,N,NULL,70,2,1,N,,N,N,,NULL,NULL,2021,O,7.26175E+11,098-US-0119  -010,MEDIUM,098-US-0119  -000,12.176,0,0,0,0,0,0,1,0,0,0,0,0,0
72601741,980100,2.021E+11,20210308,1823,,,THOMPSON,,RD,,,0,098 CS-1215,CS1215,Y,N,NULL,NULL,NULL,N,NULL,NULL,NULL,NULL,NULL,NULL,0.512,NULL,NULL,NULL,NULL,,NULL,0,0,2,2,N,N,NULL,NULL,98,9801,NULL,,Y,37.50598,37,30.359,NULL,-82.54346,82,32.608,NULL,N,NULL,NULL,NULL,NULL,NULL,NULL,NULL,NULL,8,97,NULL,6,1,1,2,2,1,3,N,NULL,Y,N,1823,1835,1850,N,NULL,90,,,N,,N,N,098-CS-1215-0,NULL,NULL,2021,O,7.26017E+11,098-CS-1215  -000,HIGH,098-CS-1215  -000,0.512,0,0,0,0,0,0,1,0,0,0,0,0,0
72664574,KSP0900,21-332677,20210810,1843,,144,KY1499,,,KY1499,KY1499,0,098 KY-1499,KY1499,N,N,NULL,NULL,NULL,N,NULL,NULL,NULL,NULL,NULL,NULL,0.201,NULL,NULL,NULL,NULL,,NULL,1,0,1,1,N,N,55,NULL,98,9847,NULL,,Y,37.38525,37,23.115,NULL,-82.25615,82,15.369,NULL,N,NULL,NULL,NULL,NULL,NULL,NULL,NULL,NULL,9,5,2,3,1,1,2,2,7,3,Y,NULL,Y,Y,1846,1909,1943,N,NULL,51,7,0,N,,N,N,098-KY-1499-0,NULL,NULL,2021,C,7.26646E+11,098-KY-1499  -000,HIGH,098-KY-1499  -000,0.201,0,0,0,1,0,0,0,0,0,0,0,1,0
72680280,980100,2.021E+11,20211002,250,,254,CASSIDY,,BLVD,,,0,098 CS-1191,CS1191,Y,N,NULL,NULL,NULL,N,NULL,NULL,NULL,NULL,NULL,NULL,0.345,NULL,NULL,NULL,NULL,,NULL,0,0,2,2,Y,N,15,NULL,98,9801,NULL,,Y,37.50592,37,30.355,NULL,-82.53869,82,32.322,NULL,N,NULL,NULL,NULL,NULL,NULL,NULL,NULL,NULL,1,3,NULL,6,1,1,2,5,1,3,N,NULL,Y,N,250,250,,N,NULL,90,,,Y,,N,N,098-CS-1191-0,NULL,NULL,2021,O,7.26803E+11,098-CS-1191  -000,HIGH,098-CS-1191  -000,0.345,0,0,0,0,0,0,0,0,1,0,0,0,0