MasterFile,AgencyORINumber,LocalCode,CollisionDate,CollisionTime,CollisionDayWeekCode,RoadwayName_HouseBusinessNumber_,RoadwayName_RoadwayName_,RoadwayName_Direction_,RoadwayName_RoadwaySuffix_,RoadwayfromReport,CurrentRoadwayNumber,RoadwayNumberCoupletID,RSEUniqueGIS,RoadwayIdentifier,ParkingLotIndicator,IntersectionWith_Indicator_,IntersectionWith_NameRoadway_,IntersectionWith_Direction_,IntersectionWith_RoadwaySuffix_,BetweenStreets_Indicator_,BetweenStreets1_NameRoadway_,BetweenStreet1_Direction_,BetweenStreets1_RoadwaySuffix_,BetweenStreets2_NameRoadway_,BetweenStreets2_Direction_,BetweenStreets2_RoadwaySuffix_,Milepoint,ReportMilepointDeriveNumber,CurrentDerivedMiepointNumber,MilestoMilepoint,FeettoMilepoint,DirectionfromMilepoint_NSEW_,ValidMilepointIndicator,NumberInjured,NumberKilled,ofUnits,ofMotorVehicleUnits,Hit&RunIndicator,OneWayIndicator,SpeedLimitNumber,KilometersIndicator,CountyCode,CityCountyCode,MilesFromCity,DirectionFromCity_NSEW_,InCityLimitsIndicator,Latitude,LatitudeDegrees,LatitudeMinutes,LatitudeSeconds,Longitude,LongitudeDegrees,LongitudeMinutes,LongitudeSeconds,RampIndicator,RampFromIdentifier,RampFromDirCode,RampFromCoupletID,RSEUniqueGISRampFrom,RampToidentifier,RampToDirCode,RampToCoupletID,RSEUniqueGisRampTo,MannerofCollisionCode,LocationFirstEventCode,TotalLanes,RoadwayCharacterCode,RoadwaySurfaceCode,RoadwayConditionCode,WeatherCode,LightConditionCode,LandUseCode,SchoolBusRelatedCode,FirstAidSceneIndicator,CollDescPresentInd,InvestigationCompleteIndicator,PhotosTakenIndicator,TimeNotified,TimeArrived,TimeRoadwayOpened,PropertyDamageIndicator,DiagramPresentIndicator,DirectionalAnalysis,FunctionClassCode,NationalHwySysCode,EnforcementsIndicator,KARSCityCode,SecondaryCollisionIndicator,MedianCrossoverIndicator,RT_UNIQUE,MapIt,TimeLastLeft,YR,KABCO,MFNY,WorkingRID,RT_CONFIDENCE,KTC_RT,KTC_MP,Motorcyclist,CommercialVehicle,YoungDriver,MatureDriver,pedestrian,Bicyclist,Distracted,agressive,Impaired,Unrestrained,Intersection,RoadwayDeparture,MedXover
72677133,KSP0900,21-386196,20210919,900,,104,HOLLY,,DR,,,0,098 CR-1374,CR1374,Y,N,NULL,NULL,NULL,N,NULL,NULL,NULL,NULL,NULL,NULL,0.101,NULL,NULL,NULL,NULL,,NULL,1,0,2,1,N,N,NULL,NULL,98,9801,NULL,,Y,37.50445,37,30.267,NULL,-82.5447,82,32.682,NULL,N,NULL,NULL,NULL,NULL,NULL,NULL,NULL,NULL,9,97,NULL,6,2,1,2,2,6,3,N,NULL,Y,N,900,900,900,N,NULL,90,,,N,,N,N,098-CR-1374-0,NULL,NULL,2021,C,7.26771E+11,098-CR-1374  -000,HIGH,098-CR-1374  -000,0.101,0,0,0,0,1,0,0,0,0,0,0,0,0
72672433,980100,2.021E+11,20210916,1457,,,THOMPSON,,RD,,,0,098 CS-1215,CS1215,Y,N,NULL,NULL,NULL,N,NULL,NULL,NULL,NULL,NULL,NULL,0.332,NULL,NULL,NULL,NULL,,NULL,0,0,2,2,N,N,NULL,NULL,98,9801,NULL,,Y,37.5069,37,30.414,NULL,-82.54192,82,32.515,NULL,N,NULL,NULL,NULL,NULL,NULL,NULL,NULL,NULL,6,97,NULL,6,1,1,2,2,5,3,N,NULL,Y,N,1457,1500,1518,N,NULL,90,,,N,,N,N,098-CS-1215-0,NULL,NULL,2021,O,7.26724E+11,098-CS-1215  -000,HIGH,098-CS-1215  -000,0.332,0,0,0,1,0,0,1,0,0,0,0,0,0
72681405,980100,2.021E+11,20211011,1053,,183,CASSIDY,,BLVD,,,0,098 CS-1191,CS1191,Y,N,NULL,NULL,NULL,N,NULL,NULL,NULL,NULL,NULL,NULL,0.258,NULL,NULL,NULL,NULL,,NULL,0,0,2,2,N,N,NULL,NULL,98,9801,NULL,,Y,37.5046,37,30.276,NULL,-82.53606,82,32.164,NULL,N,NULL,NULL,NULL,NULL,NULL,NULL,NULL,NULL,1,97,NULL,6,1,1,2,2,1,3,N,NULL,Y,N,1053,1101,,N,NULL,90,,,N,,N,N,098-CS-1191-0,NULL,NULL,2021,O,7.26814E+11,098-CS-1191  -000,HIGH,098-CS-1191  -000,0.258,0,0,0,1,0,0,1,0,0,0,0,0,0
72643702,980100,2.021E+11,20210703,1007,,254,CASSIDY BLVD,,,,,,,,Y,N,NULL,NULL,NULL,N,NULL,NULL,NULL,NULL,NULL,NULL,NULL,NULL,NULL,NULL,NULL,,NULL,0,0,2,2,N,Y,15,NULL,98,9801,NULL,,Y,37.50564,37,30.338,NULL,-82.53915,82,32.349,NULL,N,NULL,NULL,NULL,NULL,NULL,NULL,NULL,NULL,2,97,1,6,1,1,2,2,1,3,N,NULL,Y,N,1007,1012,1012,N,NULL,90,,,N,,N,N,,NULL,NULL,2021,O,7.26437E+11,098-CS-1191  -000,MEDIUM,098-CS-1191  -000,0.38,0,0,0,1,0,0,1,0,0,0,0,0,0
72625554,KSP0900,21-199144,20210517,542,,,US23,,,US0023,US0023,0,098 US-23,US0023,N,N,NULL,NULL,NULL,N,NULL,NULL,NULL,NULL,NULL,NULL,2.804,NULL,NULL,NULL,NULL,,NULL,0,0,1,1,N,N,55,NULL,98,9809,4,S,N,37.27155,37,16.293,NULL,-82.60091,82,36.054,NULL,N,NULL,NULL,NULL,NULL,NULL,NULL,NULL,NULL,9,3,4,4,1,5,10,1,7,3,N,NULL,Y,N,545,640,640,N,NULL,38,,1,N,,N,N,098-US-0023-0,NULL,NULL,2021,O,7.26256E+11,098-US-0023  -000,HIGH,098-US-0023  -000,2.804,0,0,0,0,0,0,0,0,0,0,0,0,0
72569724,980200,ELK4125-44-20,20201114,1915,,,HATCHER,,ST,,,0,098 CS-2019,CS2019,N,Y,STILLHOUSE,,AVE,N,NULL,NULL,NULL,NULL,NULL,NULL,0.077,NULL,NULL,NULL,NULL,,NULL,0,0,2,2,N,N,15,NULL,98,9802,NULL,,Y,37.30246,37,18.147,NULL,-82.35109,82,21.065,NULL,N,NULL,NULL,NULL,NULL,NULL,NULL,NULL,NULL,4,3,1,2,1,1,2,5,6,3,N,NULL,Y,Y,1915,1920,1925,N,NULL,16,,,N,,N,N,098-CS-2019-0,NULL,NULL,2020,O,7.25697E+11,098-CS-2019  -000,HIGH,098-CS-2019  -000,0.077,0,0,0,0,0,0,0,0,0,0,1,0,0
72593125,KSP0900,21-52590,20210209,855,,,KY194,,,KY0194,KY0194,0,098 KY-194,KY0194,N,N,NULL,NULL,NULL,N,NULL,NULL,NULL,NULL,NULL,NULL,38.332,NULL,NULL,NULL,NULL,,NULL,0,0,1,1,N,N,55,NULL,98,9817,NULL,,Y,37.44488,37,26.693,NULL,-82.26378,82,15.827,NULL,N,NULL,NULL,NULL,NULL,NULL,NULL,NULL,NULL,9,3,2,3,1,2,6,2,7,3,N,NULL,Y,N,855,1300,1300,N,NULL,44,7,0,N,,N,N,098-KY-0194-0,NULL,NULL,2021,O,7.25931E+11,098-KY-0194  -000,HIGH,098-KY-0194  -000,38.332,0,0,0,0,0,0,0,0,0,0,0,1,0
72615082,980500,2021AR016,20210416,1405,,,MAYO,N,TRL,US0023,US0023,0,098 US-23,US0023,N,N,NULL,NULL,NULL,N,NULL,NULL,NULL,NULL,NULL,NULL,NULL,NULL,NULL,NULL,NULL,NULL,NULL,3,0,2,2,N,N,45,NULL,98,9807,NULL,,Y,37.52984,37,31.79,NULL,-82.57599,82,34.559,NULL,N,NULL,NULL,NULL,NULL,NULL,NULL,NULL,NULL,4,3,6,6,1,1,2,2,7,3,Y,NULL,Y,Y,1405,1407,1530,N,NULL,70,,1,N,,N,N,098-US-0023-0,NULL,NULL,2021,C,7.26151E+11,098-US-0023  -000,HIGH,098-US-0023  -000,29.469,0,0,0,0,0,0,1,1,0,0,0,0,0
72629858,KSP0900,21-215869,20210527,1207,,3096,COLLINS,,HWY,KY0122,KY0122,0,098 KY-122,KY0122,N,N,NULL,NULL,NULL,N,NULL,NULL,NULL,NULL,NULL,NULL,12.846,NULL,NULL,NULL,NULL,,NULL,0,0,2,2,N,N,55,NULL,98,9801,6,S,N,37.40308,37,24.185,NULL,-82.51728,82,31.037,NULL,N,NULL,NULL,NULL,NULL,NULL,NULL,NULL,NULL,1,3,2,6,1,1,2,2,6,3,N,NULL,Y,N,1207,1212,1212,N,NULL,55,,0,N,,N,N,098-KY-0122-0,NULL,NULL,2021,O,7.26299E+11,098-KY-0122  -000,HIGH,098-KY-0122  -000,12.846,0,0,0,1,0,0,0,0,0,0,0,0,0
72702421,KSP0900,21-476549,20211121,1840,,,BIG CREEK,E,RD,KY3220,KY3220,0,098 KY-3220,KY3220,N,N,NULL,NULL,NULL,N,NULL,NULL,NULL,NULL,NULL,NULL,3.568,NULL,NULL,NULL,NULL,,NULL,0,0,1,1,N,N,35,NULL,98,9833,NULL,,Y,37.60418,37,36.251,NULL,-82.31349,82,18.81,NULL,N,NULL,NULL,NULL,NULL,NULL,NULL,NULL,NULL,9,3,2,5,1,5,6,6,7,3,N,NULL,Y,N,1915,1940,1940,N,NULL,44,8,0,N,,N,N,098-KY-3220-0,NULL,NULL,2021,O,7.27024E+11,098-KY-3220  -000,HIGH,098-KY-3220  -000,3.568,0,0,0,0,0,0,0,0,0,0,0,1,0
72700811,KSP0900,21-479281,20211123,1730,,,KY632,,,KY0632,KY0632,,,,Y,N,NULL,NULL,NULL,N,NULL,NULL,NULL,NULL,NULL,NULL,13.443,NULL,NULL,NULL,NULL,,NULL,0,0,2,2,N,N,15,NULL,98,9804,NULL,,Y,37.5103,37,30.618,NULL,-82.15958,82,9.575,NULL,N,NULL,NULL,NULL,NULL,NULL,NULL,NULL,NULL,2,97,1,6,1,1,2,6,7,3,N,NULL,Y,N,1730,1735,1735,N,NULL,90,6,0,N,,N,N,,NULL,NULL,2021,O,7.27008E+11,098-KY-0632  -000,MEDIUM,098-KY-0632  -000,13.443,0,0,0,0,0,0,1,0,0,0,0,0,0
72664383,KSP0900,21-351681,20210823,1505,,,US119,,,US0119,US0119,0,098 US-119-10,US0119,N,N,NULL,NULL,NULL,N,NULL,NULL,NULL,NULL,NULL,NULL,11.903,NULL,NULL,NULL,NULL,,NULL,0,0,1,1,N,N,55,NULL,98,9833,NULL,,Y,37.59455,37,35.673,NULL,-82.37527,82,22.517,NULL,N,NULL,NULL,NULL,NULL,NULL,NULL,NULL,NULL,9,3,2,5,1,1,2,2,3,3,N,NULL,Y,N,1505,1518,1505,N,NULL,40,2,1,N,,N,N,098-US-0119-10,NULL,NULL,2021,O,7.26644E+11,098-US-0119  -010,HIGH,098-US-0119  -000,11.903,0,0,0,1,0,0,0,0,0,0,0,1,0
72668451,KSP0900,21-374381,20210908,1838,,,US460,,,US0460,US0460,0,098 US-460,US0460,N,N,NULL,NULL,NULL,N,NULL,NULL,NULL,NULL,NULL,NULL,3.761,NULL,NULL,NULL,NULL,,NULL,1,0,1,1,N,N,45,NULL,98,9832,NULL,,Y,37.42158,37,25.295,NULL,-82.4657,82,27.942,NULL,N,NULL,NULL,NULL,NULL,NULL,NULL,NULL,NULL,9,3,2,6,1,5,6,2,6,3,Y,NULL,N,Y,1800,1815,1840,N,NULL,44,,1,N,,N,N,098-US-0460-0,NULL,NULL,2021,C,7.26685E+11,098-US-0460  -000,HIGH,098-US-0460  -000,3.761,0,0,0,0,0,0,0,0,1,0,0,1,0
72665212,KSP0900,21-362553,20210831,1249,,,CASSIDY,,BLVD,,,0,098 CS-1191,CS1191,N,N,NULL,NULL,NULL,N,NULL,NULL,NULL,NULL,NULL,NULL,0.311,NULL,NULL,NULL,NULL,,NULL,0,0,2,2,N,N,15,NULL,98,9801,NULL,,Y,37.50518,37,30.311,NULL,-82.53706,82,32.224,NULL,N,NULL,NULL,NULL,NULL,NULL,NULL,NULL,NULL,1,3,2,3,1,5,6,2,1,3,N,NULL,Y,N,1251,1259,1325,N,NULL,55,,,N,,N,N,098-CS-1191-0,NULL,NULL,2021,O,7.26652E+11,098-CS-1191  -000,HIGH,098-CS-1191  -000,0.311,0,0,0,0,0,0,1,0,0,0,0,0,0
72650074,KSP0900,21-295375,20210717,246,,260,HOSPITAL,,DR,,,0,098 CR-1015C,CR1015C,Y,N,NULL,NULL,NULL,N,NULL,NULL,NULL,NULL,NULL,NULL,0.004,NULL,NULL,NULL,NULL,,NULL,0,0,1,1,Y,N,NULL,NULL,98,9834,NULL,,Y,37.67515,37,40.509,NULL,-82.29697,82,17.818,NULL,N,NULL,NULL,NULL,NULL,NULL,NULL,NULL,NULL,9,97,0,6,1,1,2,5,5,3,N,NULL,Y,N,246,315,315,Y,NULL,90,,,N,,N,N,098-CR-1015C-0,NULL,NULL,2021,NULL,7.26501E+11,098-CR-1015C -000,HIGH,098-CR-1015C -000,0.004,0,0,0,0,0,0,0,0,0,0,0,0,0
72634462,KSP0900,21-236673,20210609,1907,,,KY194,,,KY0194,KY0194,0,098 KY-194,KY0194,N,N,NULL,NULL,NULL,N,NULL,NULL,NULL,NULL,NULL,NULL,18.528,NULL,NULL,NULL,NULL,,NULL,0,0,1,1,N,N,55,NULL,98,9817,NULL,,Y,37.55993,37,33.596,NULL,-82.42004,82,25.203,NULL,N,NULL,NULL,NULL,NULL,NULL,NULL,NULL,NULL,9,3,2,3,1,5,6,2,7,1,N,NULL,N,N,1908,1930,2000,N,NULL,44,6,5,N,,N,N,098-KY-0194-0,NULL,NULL,2021,O,7.26345E+11,098-KY-0194  -000,HIGH,098-KY-0194  -000,18.528,0,0,0,0,0,0,0,0,0,0,0,1,0
72702715,KSP0900,21-484469,20211127,1845,,,US23,,,US0023,US0023,0,098 US-23-10,US0023,N,N,NULL,NULL,NULL,N,NULL,NULL,NULL,NULL,NULL,NULL,32.114,NULL,NULL,NULL,NULL,,NULL,0,0,2,2,N,N,55,NULL,98,9801,NULL,,Y,37.5375,37,32.25,NULL,-82.60976,82,36.586,NULL,N,NULL,NULL,NULL,NULL,NULL,NULL,NULL,NULL,2,3,2,6,1,1,2,7,6,3,N,NULL,Y,N,1845,1855,1855,N,NULL,47,,1,N,,N,N,098-US-0023-10,NULL,NULL,2021,O,7.27027E+11,098-US-0023  -010,HIGH,098-US-0023  -000,32.114,0,0,0,0,0,0,1,0,0,0,0,0,0
72668863,980100,2.021E+11,20210909,2045,,,HAMBLEY,,BLVD,,,0,098 CS-1222,CS1222,Y,N,NULL,NULL,NULL,N,NULL,NULL,NULL,NULL,NULL,NULL,1.402,NULL,NULL,NULL,NULL,,NULL,0,0,2,2,Y,N,15,NULL,98,9801,NULL,,Y,37.48413,37,29.048,NULL,-82.52851,82,31.711,NULL,N,NULL,NULL,NULL,NULL,NULL,NULL,NULL,NULL,1,97,2,6,1,1,2,2,7,3,N,NULL,Y,N,2045,2050,2050,N,NULL,90,,,N,,N,N,098-CS-1222-0,NULL,NULL,2021,NULL,7.26689E+11,098-CS-1222  -000,HIGH,098-CS-1222  -000,1.402,0,0,0,0,0,0,0,0,0,0,0,0,0
72684597,KSP0900,21-402511,20210928,2015,,,,,,US0119,US0119,,,,N,N,NULL,NULL,NULL,N,NULL,NULL,NULL,NULL,NULL,NULL,0.673,NULL,NULL,NULL,NULL,NULL,NULL,1,2,2,2,N,N,45,NULL,98,9820,NULL,,Y,37.55948,37,33.569,NULL,-82.42735,82,25.641,NULL,Y,KY0194,N,NULL,098 US-119-211,US0119,S,NULL,098 US-119-211,5,3,3,4,1,1,2,6,7,3,N,NULL,N,Y,2049,2253,122,N,NULL,85,2,1,N,,N,N,,NULL,NULL,2021,K,7.26846E+11,098-US-0119  -211,MEDIUM,098-US-0119  -211,0.673,0,1,0,0,0,0,1,0,0,1,0,0,0
72659575,980100,2.021E+11,20210720,1711,,,RIVER,,DR,,,0,098 CS-1054,CS1054,Y,N,NULL,NULL,NULL,N,NULL,NULL,NULL,NULL,NULL,NULL,0.077,NULL,NULL,NULL,NULL,,NULL,0,0,1,1,N,N,NULL,NULL,98,9801,NULL,,Y,37.47365,37,28.419,NULL,-82.52268,82,31.361,NULL,N,NULL,NULL,NULL,NULL,NULL,NULL,NULL,NULL,9,97,NULL,6,1,1,2,2,1,3,N,NULL,Y,N,1711,1712,,N,NULL,90,,,N,,N,N,098-CS-1054-0,NULL,NULL,2021,O,7.26596E+11,098-CS-1054  -000,HIGH,098-CS-1054  -000,0.077,0,0,0,0,0,0,0,0,0,0,0,0,0
72661062,KSP0900,2021-346185,20210819,1942,,,SHELBIANA,,RD,US0460,US0460,0,098 US-460,US0460,N,N,NULL,NULL,NULL,N,NULL,NULL,NULL,NULL,NULL,NULL,4.511,NULL,NULL,NULL,NULL,,NULL,0,0,2,2,N,N,55,NULL,98,9832,NULL,,Y,37.41663,37,24.997,NULL,-82.45374,82,27.224,NULL,N,NULL,NULL,NULL,NULL,NULL,NULL,NULL,NULL,5,3,2,6,1,5,6,2,7,3,N,NULL,N,N,1942,1956,2015,N,NULL,49,,1,N,,N,N,098-US-0460-0,NULL,NULL,2021,O,7.26611E+11,098-US-0460  -000,HIGH,098-US-0460  -000,4.511,0,0,0,0,0,0,0,0,0,0,0,0,0
72638557,KSP0900,21-246057,20210615,1321,,,WILLIAMSON,,RD,KY0292,KY0292,0,098 KY-292,KY0292,N,N,NULL,NULL,NULL,N,NULL,NULL,NULL,NULL,NULL,NULL,7.87,NULL,NULL,NULL,NULL,,NULL,3,0,2,2,N,N,55,NULL,98,9834,NULL,,Y,37.68602,37,41.161,NULL,-82.29875,82,17.925,NULL,N,NULL,NULL,NULL,NULL,NULL,NULL,NULL,NULL,1,3,2,6,1,1,2,2,3,3,Y,NULL,Y,Y,1321,1347,1420,N,NULL,55,7,0,N,,N,N,098-KY-0292-0,NULL,NULL,2021,C,7.26386E+11,098-KY-0292  -000,HIGH,098-KY-0292  -000,7.87,0,0,1,0,0,0,0,1,0,0,0,0,0
72659847,980100,2.021E+11,20210805,1432,,345,CHLOE,,RD,KY1460,KY1460,,,,N,N,NULL,NULL,NULL,N,NULL,NULL,NULL,NULL,NULL,NULL,4.456,NULL,NULL,NULL,NULL,,NULL,0,0,2,2,N,N,35,NULL,98,9801,NULL,,Y,37.4774,37,28.644,NULL,-82.50468,82,30.281,NULL,N,NULL,NULL,NULL,NULL,NULL,NULL,NULL,NULL,7,3,2,3,1,1,2,2,6,3,N,NULL,Y,N,1432,1439,1521,N,NULL,54,,0,Y,,N,Y,,NULL,NULL,2021,O,7.26598E+11,098-KY-1460  -000,HIGH,098-KY-1460  -000,4.456,0,0,0,0,0,0,0,0,1,0,0,1,1
72653021,980200,980200,20210729,1625,,1017,BEAVER CK,,RD,KY1373,KY1373,0,098 KY-1373,KY1373,N,N,NULL,NULL,NULL,N,NULL,NULL,NULL,NULL,NULL,NULL,0.521,NULL,NULL,NULL,NULL,,NULL,0,0,2,2,Y,N,25,NULL,98,9802,NULL,,Y,37.31546,37,18.928,NULL,-82.35043,82,21.026,NULL,N,NULL,NULL,NULL,NULL,NULL,NULL,NULL,NULL,7,3,2,6,1,1,2,2,7,3,N,NULL,N,Y,1628,1632,,N,NULL,54,8,0,N,,N,N,098-KY-1373-0,NULL,NULL,2021,O,7.2653E+11,098-KY-1373  -000,HIGH,098-KY-1373  -000,0.521,0,0,1,0,0,0,0,1,0,0,0,1,0
72691888,980100,2.021E+11,20211103,1612,,,US23,,,US0023,US0023,0,098 US-23,US0023,N,N,NULL,NULL,NULL,N,NULL,NULL,NULL,NULL,NULL,NULL,30.533,NULL,NULL,NULL,NULL,,NULL,0,0,2,2,N,N,55,NULL,98,9801,NULL,,Y,37.54261,37,32.556,NULL,-82.58553,82,35.132,NULL,N,NULL,NULL,NULL,NULL,NULL,NULL,NULL,NULL,5,3,4,6,1,1,2,2,1,3,N,NULL,Y,N,1612,1631,1647,N,NULL,49,,1,N,,N,N,098-US-0023-0,NULL,NULL,2021,O,7.26919E+11,098-US-0023  -000,HIGH,098-US-0023  -000,30.533,0,0,0,0,0,0,1,0,0,0,0,0,0
72657760,KSP0900,21-335169,20210812,1221,,,KY195,,,KY0195,KY0195,0,098 KY-195,KY0195,N,N,NULL,NULL,NULL,N,NULL,NULL,NULL,NULL,NULL,NULL,10.774,NULL,NULL,NULL,NULL,,NULL,0,0,1,1,N,N,55,NULL,98,9802,5,W,N,37.35895,37,21.537,NULL,-82.4183,82,25.098,NULL,N,NULL,NULL,NULL,NULL,NULL,NULL,NULL,NULL,9,5,2,6,1,1,2,2,7,3,N,NULL,Y,N,1221,1251,1315,N,NULL,44,7,0,N,,N,N,098-KY-0195-0,NULL,NULL,2021,O,7.26578E+11,098-KY-0195  -000,HIGH,098-KY-0195  -000,10.774,0,0,0,0,0,0,0,0,0,0,0,1,0
72667032,KSP0900,21-365443,20210902,1300,,,US119,,,US0119,US0119,0,098 US-119,US0119,N,N,NULL,NULL,NULL,N,NULL,NULL,NULL,NULL,NULL,NULL,24.335,NULL,NULL,NULL,NULL,,NULL,0,0,2,2,N,N,55,NULL,98,9834,NULL,,Y,37.65993,37,39.596,NULL,-82.27326,82,16.396,NULL,N,NULL,NULL,NULL,NULL,NULL,NULL,NULL,NULL,1,3,4,6,1,1,2,2,7,3,N,NULL,Y,N,1500,1545,1545,N,NULL,55,2,1,N,,N,N,098-US-0119-0,NULL,NULL,2021,O,7.2667E+11,098-US-0119  -000,HIGH,098-US-0119  -000,24.335,0,0,0,0,0,0,0,1,0,0,0,0,0
72662207,KSP0900,2021-350583,20210822,1858,,,OLD RAILROAD,,RD,,,0,098 CR-1215,CR1215,N,N,NULL,NULL,NULL,N,NULL,NULL,NULL,NULL,NULL,NULL,0.214,NULL,NULL,NULL,NULL,,NULL,0,0,2,2,N,N,35,NULL,98,9832,NULL,,Y,37.41677,37,25.006,NULL,-82.42474,82,25.484,NULL,N,NULL,NULL,NULL,NULL,NULL,NULL,NULL,NULL,7,3,1,3,3,1,2,2,7,3,N,NULL,N,N,1855,1855,1855,N,NULL,54,,,N,,N,N,098-CR-1215-0,NULL,NULL,2021,O,7.26622E+11,098-CR-1215  -000,HIGH,098-CR-1215  -000,0.214,0,0,0,0,0,0,0,0,0,0,0,1,0
72637262,KSP0900,21-241276,20210612,1607,,,KY195,,,KY0195,KY0195,0,098 KY-195,KY0195,N,N,NULL,NULL,NULL,N,NULL,NULL,NULL,NULL,NULL,NULL,5.31,NULL,NULL,NULL,NULL,,NULL,1,0,2,2,N,N,35,NULL,98,9818,NULL,,Y,37.31346,37,18.808,NULL,-82.46847,82,28.108,NULL,N,NULL,NULL,NULL,NULL,NULL,NULL,NULL,NULL,3,3,2,6,1,1,2,2,7,3,Y,NULL,Y,Y,1407,1430,1430,N,NULL,52,8,0,N,,N,N,098-KY-0195-0,NULL,NULL,2021,C,7.26373E+11,098-KY-0195  -000,HIGH,098-KY-0195  -000,5.31,0,0,0,1,0,0,1,0,0,1,0,1,0
72638155,980100,2.021E+11,20210619,1319,,254,CASSIDY,,BLVD,,,0,098 CS-1191,CS1191,Y,N,NULL,NULL,NULL,N,NULL,NULL,NULL,NULL,NULL,NULL,0.34,NULL,NULL,NULL,NULL,,NULL,0,0,2,2,N,Y,15,NULL,98,9801,NULL,,Y,37.50557,37,30.334,NULL,-82.53796,82,32.278,NULL,N,NULL,NULL,NULL,NULL,NULL,NULL,NULL,NULL,8,97,2,6,1,1,2,2,1,3,N,NULL,Y,N,1320,1320,,N,NULL,90,,,N,,N,N,098-CS-1191-0,NULL,NULL,2021,O,7.26382E+11,098-CS-1191  -000,HIGH,098-CS-1191  -000,0.34,0,0,0,1,0,0,1,0,0,0,0,0,0
72659518,980500,2021AR030,20210817,1114,,,MAIN STREET,,,,,,,,N,N,NULL,NULL,NULL,N,NULL,NULL,NULL,NULL,NULL,NULL,NULL,NULL,NULL,NULL,NULL,NULL,NULL,0,0,2,2,N,N,25,NULL,98,9807,NULL,,Y,37.51888,37,31.133,NULL,-82.56631,82,33.978,NULL,N,NULL,NULL,NULL,NULL,NULL,NULL,NULL,NULL,1,3,2,6,1,5,3,2,7,3,N,NULL,Y,Y,1124,1128,1133,N,NULL,55,,,N,,N,N,,NULL,NULL,2021,O,7.26595E+11,098-CS-3000  -071,MEDIUM,098-CS-3000  -071,0.023,0,0,0,1,0,0,1,0,0,0,0,0,0
72616076,KSP0900,21-141368,20210409,1259,,,VIRGIE,,RD,KY0610,KY0610,0,098 KY-610,KY0610,N,N,NULL,NULL,NULL,N,NULL,NULL,NULL,NULL,NULL,NULL,1.342,NULL,NULL,NULL,NULL,,NULL,0,0,2,2,N,N,55,NULL,98,9827,NULL,,Y,37.28691,37,17.214,NULL,-82.5955,82,35.73,NULL,N,NULL,NULL,NULL,NULL,NULL,NULL,NULL,NULL,2,3,2,6,1,1,2,2,7,3,N,NULL,Y,N,1259,1259,1326,N,NULL,56,7,0,N,,N,N,098-KY-0610-0,NULL,NULL,2021,O,7.26161E+11,098-KY-0610  -000,HIGH,098-KY-0610  -000,1.342,0,0,0,1,0,0,1,0,0,0,0,0,0
72618872,KSP0900,21-163710,20210424,1241,,,US23,,,US0023,US0023,0,098 US-23-10,US0023,N,N,NULL,NULL,NULL,N,NULL,NULL,NULL,NULL,NULL,NULL,28.922,NULL,NULL,NULL,NULL,,NULL,0,0,2,2,N,N,55,NULL,98,9807,NULL,,Y,37.52219,37,31.331,NULL,-82.57159,82,34.295,NULL,N,NULL,NULL,NULL,NULL,NULL,NULL,NULL,NULL,8,97,4,6,1,5,6,2,1,3,N,NULL,Y,N,1241,1338,1338,N,NULL,40,,1,N,,N,N,098-US-0023-10,NULL,NULL,2021,O,7.26189E+11,098-US-0023  -010,HIGH,098-US-0023  -000,28.922,0,0,0,0,0,0,0,0,0,0,0,1,0
72607660,980100,2.021E+11,20210322,940,,,MAIN,,ST,,,0,098 CS-1112,CS1112,Y,N,NULL,NULL,NULL,N,NULL,NULL,NULL,NULL,NULL,NULL,0.09,NULL,NULL,NULL,NULL,,NULL,0,0,3,3,N,N,NULL,NULL,98,9801,NULL,,Y,37.47892,37,28.735,NULL,-82.51788,82,31.073,NULL,N,NULL,NULL,NULL,NULL,NULL,NULL,NULL,NULL,2,97,1,6,1,1,2,2,1,3,N,NULL,Y,N,940,945,,N,NULL,90,,,N,,N,N,098-CS-1112-0,NULL,NULL,2021,O,7.26077E+11,098-CS-1112  -000,HIGH,098-CS-1112  -000,0.09,0,0,0,0,0,0,1,0,0,0,0,0,0
72589973,370200,2021-27613,20210121,1505,,,TOLER,,RD,KY0319,KY0319,0,098 KY-319,KY0319,N,N,NULL,NULL,NULL,N,NULL,NULL,NULL,NULL,NULL,NULL,NULL,NULL,NULL,NULL,NULL,NULL,NULL,0,1,2,2,N,N,55,NULL,98,9842,NULL,,Y,37.59982,37,35.989,NULL,-82.20619,82,12.372,NULL,N,NULL,NULL,NULL,NULL,NULL,NULL,NULL,NULL,8,3,2,1,1,1,2,2,7,3,Y,NULL,Y,Y,1508,1632,2200,Y,NULL,53,7,0,N,,N,N,098-KY-0319-0,NULL,NULL,2021,K,7.259E+11,098-KY-0319  -000,HIGH,098-KY-0319  -000,2.212,0,1,0,0,0,0,0,0,0,1,0,1,0