MasterFile,AgencyORINumber,LocalCode,CollisionDate,CollisionTime,CollisionDayWeekCode,RoadwayName_HouseBusinessNumber_,RoadwayName_RoadwayName_,RoadwayName_Direction_,RoadwayName_RoadwaySuffix_,RoadwayfromReport,CurrentRoadwayNumber,RoadwayNumberCoupletID,RSEUniqueGIS,RoadwayIdentifier,ParkingLotIndicator,IntersectionWith_Indicator_,IntersectionWith_NameRoadway_,IntersectionWith_Direction_,IntersectionWith_RoadwaySuffix_,BetweenStreets_Indicator_,BetweenStreets1_NameRoadway_,BetweenStreet1_Direction_,BetweenStreets1_RoadwaySuffix_,BetweenStreets2_NameRoadway_,BetweenStreets2_Direction_,BetweenStreets2_RoadwaySuffix_,Milepoint,ReportMilepointDeriveNumber,CurrentDerivedMiepointNumber,MilestoMilepoint,FeettoMilepoint,DirectionfromMilepoint_NSEW_,ValidMilepointIndicator,NumberInjured,NumberKilled,ofUnits,ofMotorVehicleUnits,Hit&RunIndicator,OneWayIndicator,SpeedLimitNumber,KilometersIndicator,CountyCode,CityCountyCode,MilesFromCity,DirectionFromCity_NSEW_,InCityLimitsIndicator,Latitude,LatitudeDegrees,LatitudeMinutes,LatitudeSeconds,Longitude,LongitudeDegrees,LongitudeMinutes,LongitudeSeconds,RampIndicator,RampFromIdentifier,RampFromDirCode,RampFromCoupletID,RSEUniqueGISRampFrom,RampToidentifier,RampToDirCode,RampToCoupletID,RSEUniqueGisRampTo,MannerofCollisionCode,LocationFirstEventCode,TotalLanes,RoadwayCharacterCode,RoadwaySurfaceCode,RoadwayConditionCode,WeatherCode,LightConditionCode,LandUseCode,SchoolBusRelatedCode,FirstAidSceneIndicator,CollDescPresentInd,InvestigationCompleteIndicator,PhotosTakenIndicator,TimeNotified,TimeArrived,TimeRoadwayOpened,PropertyDamageIndicator,DiagramPresentIndicator,DirectionalAnalysis,FunctionClassCode,NationalHwySysCode,EnforcementsIndicator,KARSCityCode,SecondaryCollisionIndicator,MedianCrossoverIndicator,RT_UNIQUE,MapIt,TimeLastLeft,YR,KABCO,MFNY,WorkingRID,RT_CONFIDENCE,KTC_RT,KTC_MP,Motorcyclist,CommercialVehicle,YoungDriver,MatureDriver,pedestrian,Bicyclist,Distracted,agressive,Impaired,Unrestrained,Intersection,RoadwayDeparture,MedXover
72630489,KSP0900,21-212220,20210524,2308,,,KY3218,,,KY3218,KY3218,0,098 KY-3218,KY3218,N,N,NULL,NULL,NULL,N,NULL,NULL,NULL,NULL,NULL,NULL,3.236,NULL,NULL,NULL,NULL,,NULL,2,0,1,1,N,N,55,NULL,98,9801,NULL,,Y,37.56206,37,33.724,NULL,-82.55688,82,33.413,NULL,N,NULL,NULL,NULL,NULL,NULL,NULL,NULL,NULL,9,3,2,1,1,1,2,6,7,3,Y,NULL,Y,Y,2312,2331,,N,NULL,70,8,0,N,,N,N,098-KY-3218-0,NULL,NULL,2021,A,7.26305E+11,098-KY-3218  -000,HIGH,098-KY-3218  -000,3.236,0,0,1,0,0,0,1,0,0,1,0,1,0
72594611,KSP0900,21-60365,20210214,1900,,,US119,,,US0119,US0119,0,098 US-119,US0119,N,N,NULL,NULL,NULL,N,NULL,NULL,NULL,NULL,NULL,NULL,6.304,NULL,NULL,NULL,NULL,,NULL,0,0,1,1,N,N,55,NULL,98,9801,NULL,,Y,37.54312,37,32.587,NULL,-82.44682,82,26.809,NULL,N,NULL,NULL,NULL,NULL,NULL,NULL,NULL,NULL,9,3,2,6,1,5,8,6,7,1,N,NULL,Y,Y,1900,1933,1933,N,NULL,40,2,1,N,,N,N,098-US-0119-0,NULL,NULL,2021,O,7.25946E+11,098-US-0119  -000,HIGH,098-US-0119  -000,6.304,0,0,0,0,0,0,0,0,0,1,0,1,0
72622737,980100,2.021E+11,20210504,950,,,HAMBLEY,,BLVD,,,0,098 CS-1222,CS1222,N,N,NULL,NULL,NULL,N,NULL,NULL,NULL,NULL,NULL,NULL,0.767,NULL,NULL,NULL,NULL,,NULL,1,0,2,2,N,N,25,NULL,98,9801,NULL,,Y,37.48201,37,28.921,NULL,-82.51897,82,31.138,NULL,N,NULL,NULL,NULL,NULL,NULL,NULL,NULL,NULL,1,3,2,6,1,5,6,2,1,3,Y,NULL,Y,Y,951,1002,1017,N,NULL,55,,,N,,N,N,098-CS-1222-0,NULL,NULL,2021,C,7.26227E+11,098-CS-1222  -000,HIGH,098-CS-1222  -000,0.767,0,0,0,0,0,0,1,0,0,0,0,0,0
72602702,KSP0900,21-88200,20210305,1433,,,US23,,,US0023,US0023,0,098 US-23-10,US0023,N,N,NULL,NULL,NULL,N,NULL,NULL,NULL,NULL,NULL,NULL,13.493,NULL,NULL,NULL,NULL,,NULL,3,0,2,2,N,N,55,NULL,98,9827,NULL,,Y,37.37913,37,22.748,NULL,-82.54067,82,32.44,NULL,N,NULL,NULL,NULL,NULL,NULL,NULL,NULL,NULL,1,3,4,6,1,1,2,2,7,3,N,NULL,Y,Y,1435,1445,,N,NULL,55,,1,Y,,N,N,098-US-0023-10,NULL,NULL,2021,A,7.26027E+11,098-US-0023  -010,HIGH,098-US-0023  -000,13.493,0,1,0,0,0,0,0,1,1,1,0,0,0
72609025,980000,21-03-003,20210327,1545,,,US119,,,US0119,US0119,0,098 US-119,US0119,N,Y,TOLER,,RD,N,NULL,NULL,NULL,NULL,NULL,NULL,22.572,NULL,NULL,NULL,NULL,,NULL,3,0,4,4,N,N,55,NULL,98,9852,NULL,,Y,37.63937,37,38.362,NULL,-82.25858,82,15.515,NULL,N,NULL,NULL,NULL,NULL,NULL,NULL,NULL,NULL,1,3,4,6,1,5,3,2,7,3,N,NULL,Y,Y,1608,1608,1650,N,NULL,10,2,1,N,,N,N,098-US-0119-0,NULL,NULL,2021,B,7.2609E+11,098-US-0119  -000,HIGH,098-US-0119  -000,22.572,0,0,1,0,0,0,1,1,0,0,1,0,0
72645776,980100,2.021E+11,20210710,1324,,120,THOMPSON,,RD,,,,,,Y,N,NULL,NULL,NULL,N,NULL,NULL,NULL,NULL,NULL,NULL,0.562,NULL,NULL,NULL,NULL,,NULL,0,0,2,2,N,N,NULL,NULL,98,9801,NULL,,Y,37.50576,37,30.346,NULL,-82.54259,82,32.555,NULL,N,NULL,NULL,NULL,NULL,NULL,NULL,NULL,NULL,1,97,2,6,1,1,2,2,1,3,N,NULL,Y,N,1326,1333,1333,N,NULL,90,,,N,,N,N,,NULL,NULL,2021,O,7.26458E+11,098-CS-1215  -000,LOW,098-CS-1215  -000,0.562,0,0,0,0,0,0,1,0,0,0,0,0,0
72677642,980100,2.021E+11,20210929,1238,,,KY1426,,,KY1426,KY1426,0,098 KY-1426,KY1426,Y,N,NULL,NULL,NULL,N,NULL,NULL,NULL,NULL,NULL,NULL,7.336,NULL,NULL,NULL,NULL,,NULL,0,0,2,2,N,N,55,NULL,98,9801,NULL,,Y,37.49052,37,29.431,NULL,-82.50163,82,30.098,NULL,N,NULL,NULL,NULL,NULL,NULL,NULL,NULL,NULL,8,97,2,6,1,1,2,2,5,3,N,NULL,Y,N,1238,1243,1302,N,NULL,90,,0,N,,N,N,098-KY-1426-0,NULL,NULL,2021,O,7.26776E+11,098-KY-1426  -000,HIGH,098-KY-1426  -000,7.336,0,0,0,0,0,0,1,0,0,0,0,0,0
72666489,980100,2.021E+11,20210813,1336,,,HUFFMAN,,AVE,,,,,,N,N,NULL,NULL,NULL,N,NULL,NULL,NULL,NULL,NULL,NULL,0.086,NULL,NULL,NULL,NULL,,NULL,0,0,2,2,N,N,15,NULL,98,9801,NULL,,Y,37.47759,37,28.655,NULL,-82.51835,82,31.101,NULL,N,NULL,NULL,NULL,NULL,NULL,NULL,NULL,NULL,1,3,2,6,1,1,3,2,7,3,N,NULL,Y,N,1336,1338,1340,N,NULL,55,,,N,,N,N,,NULL,NULL,2021,O,7.26665E+11,098-CS-1123  -000,MEDIUM,098-CS-1123  -000,0.086,0,0,0,0,0,0,1,0,0,0,0,0,0
72692210,KSP0900,21-423651,20211014,904,,,KY194,,,KY0194,KY0194,0,098 KY-194,KY0194,N,N,NULL,NULL,NULL,N,NULL,NULL,NULL,NULL,NULL,NULL,50.718,NULL,NULL,NULL,NULL,,NULL,1,0,1,1,N,N,55,NULL,98,9815,NULL,,Y,37.4622,37,27.732,NULL,-82.13058,82,7.835,NULL,N,NULL,NULL,NULL,NULL,NULL,NULL,NULL,NULL,9,3,2,6,1,1,2,2,7,3,Y,NULL,Y,Y,912,930,1030,N,NULL,40,8,0,N,,N,N,098-KY-0194-0,NULL,NULL,2021,A,7.26922E+11,098-KY-0194  -000,HIGH,098-KY-0194  -000,50.718,0,0,0,0,0,0,0,0,0,0,0,1,0
72675364,980100,2.021E+11,20210923,1444,,,US23,,,US0023,US0023,,,,N,N,NULL,NULL,NULL,N,NULL,NULL,NULL,NULL,NULL,NULL,19.125,NULL,NULL,NULL,NULL,,NULL,0,0,1,1,N,N,55,NULL,98,9801,NULL,,Y,37.4422,37,26.532,NULL,-82.50584,82,30.35,NULL,N,NULL,NULL,NULL,NULL,NULL,NULL,NULL,NULL,9,3,4,6,1,1,2,2,1,3,N,NULL,Y,N,1445,1456,,N,NULL,38,,1,N,,N,N,,NULL,NULL,2021,O,7.26754E+11,098-US-0023  -000,MEDIUM,098-US-0023  -000,19.125,0,0,0,0,0,0,0,0,0,0,0,0,0
72633500,980100,2.021E+11,20210607,1703,,,US23,,,US0023,US0023,,,,N,N,NULL,NULL,NULL,N,NULL,NULL,NULL,NULL,NULL,NULL,29.837,NULL,NULL,NULL,NULL,,NULL,0,0,2,2,N,N,55,NULL,98,9801,NULL,,Y,37.53479,37,32.087,NULL,-82.57847,82,34.708,NULL,N,NULL,NULL,NULL,NULL,NULL,NULL,NULL,NULL,5,3,4,6,1,5,6,2,2,3,N,NULL,Y,N,1703,1707,1733,N,NULL,49,,1,N,,N,N,,NULL,NULL,2021,O,7.26335E+11,098-US-0023  -000,MEDIUM,098-US-0023  -000,29.837,0,0,0,0,0,0,1,0,0,0,0,0,0
72650289,KSP0900,2021-300325,20210720,1305,,,US119,,,US0119,US0119,0,098 US-119,US0119,N,N,NULL,NULL,NULL,N,NULL,NULL,NULL,NULL,NULL,NULL,24.112,NULL,NULL,NULL,NULL,,NULL,0,0,2,2,N,N,15,NULL,98,9834,NULL,,Y,37.65731,37,39.439,NULL,-82.27057,82,16.234,NULL,N,NULL,NULL,NULL,NULL,NULL,NULL,NULL,NULL,5,3,4,6,1,1,2,2,7,3,N,NULL,Y,N,1300,1305,1300,N,NULL,49,2,1,N,,N,N,098-US-0119-0,NULL,NULL,2021,O,7.26503E+11,098-US-0119  -000,HIGH,098-US-0119  -000,24.112,0,0,1,0,0,0,1,0,0,0,0,0,0
72605280,980100,2.021E+11,20210319,2054,,,CASSIDY,,BLVD,,,,,,Y,N,NULL,NULL,NULL,N,NULL,NULL,NULL,NULL,NULL,NULL,0.338,NULL,NULL,NULL,NULL,,NULL,0,0,2,2,N,N,15,NULL,98,9801,NULL,,Y,37.50502,37,30.301,NULL,-82.53752,82,32.251,NULL,N,NULL,NULL,NULL,NULL,NULL,NULL,NULL,NULL,5,97,NULL,6,1,1,2,5,1,3,N,NULL,Y,N,2054,2059,,N,NULL,90,,,Y,,N,N,,NULL,NULL,2021,O,7.26053E+11,098-CS-1191  -000,MEDIUM,098-CS-1191  -000,0.338,0,0,0,0,0,0,0,0,1,0,0,0,0
72638201,KSP0900,21-246904,20210615,2224,,,US460,,,US0460,US0460,0,098 US-460,US0460,N,N,NULL,NULL,NULL,N,NULL,NULL,NULL,NULL,NULL,NULL,10.979,NULL,NULL,NULL,NULL,,NULL,0,0,2,1,N,N,35,NULL,98,9805,NULL,,Y,37.35485,37,21.291,NULL,-82.39886,82,23.932,NULL,N,NULL,NULL,NULL,NULL,NULL,NULL,NULL,NULL,9,97,1,6,97,1,2,6,7,3,N,NULL,Y,N,2224,2329,20,N,NULL,40,,1,N,,N,N,098-US-0460-0,NULL,NULL,2021,NULL,7.26382E+11,098-US-0460  -000,HIGH,098-US-0460  -000,10.979,0,0,0,0,0,0,0,0,0,0,0,1,0
72698631,KSP0900,21-472754,20211118,2250,,,KY612,,,KY0612,KY0612,0,098 KY-612,KY0612,N,N,NULL,NULL,NULL,N,NULL,NULL,NULL,NULL,NULL,NULL,6.319,NULL,NULL,NULL,NULL,,NULL,0,0,1,1,N,N,45,NULL,98,9834,NULL,,Y,37.64835,37,38.901,NULL,-82.31189,82,18.713,NULL,N,NULL,NULL,NULL,NULL,NULL,NULL,NULL,NULL,9,3,2,3,1,5,3,4,7,3,N,NULL,N,N,2250,2250,2250,N,NULL,44,8,0,N,,N,N,098-KY-0612-0,NULL,NULL,2021,O,7.26986E+11,098-KY-0612  -000,HIGH,098-KY-0612  -000,6.319,0,0,0,0,0,0,0,0,0,0,0,1,0
72645736,980100,2.021E+11,20210710,915,,168,BILL KING,,HOLW,,,0,098 CS-1051,CS1051,N,N,NULL,NULL,NULL,N,NULL,NULL,NULL,NULL,NULL,NULL,0.173,NULL,NULL,NULL,NULL,,NULL,0,0,1,1,N,N,25,NULL,98,9801,NULL,,Y,37.48782,37,29.269,NULL,-82.50439,82,30.264,NULL,N,NULL,NULL,NULL,NULL,NULL,NULL,NULL,NULL,9,3,1,4,1,1,2,2,6,3,N,NULL,Y,N,915,923,,Y,NULL,70,,,N,,N,N,098-CS-1051-0,NULL,NULL,2021,O,7.26457E+11,098-CS-1051  -000,HIGH,098-CS-1051  -000,0.173,0,0,0,1,0,0,0,0,0,1,0,1,0
72659170,KSP0900,21-336806,20210813,1322,,535,NEW CAMP,,RD,,,0,098 CR-1032,CR1032,N,N,NULL,NULL,NULL,N,NULL,NULL,NULL,NULL,NULL,NULL,0.34,NULL,NULL,NULL,NULL,,NULL,0,0,1,1,N,N,25,NULL,98,9834,NULL,,Y,37.66335,37,39.801,NULL,-82.28661,82,17.197,NULL,N,NULL,NULL,NULL,NULL,NULL,NULL,NULL,NULL,9,97,1,6,3,1,2,2,6,3,N,NULL,Y,Y,1322,1435,1435,Y,NULL,40,,,N,,N,N,098-CR-1032-0,NULL,NULL,2021,O,7.26592E+11,098-CR-1032  -000,HIGH,098-CR-1032  -000,0.34,0,0,0,0,0,0,1,0,0,0,0,1,0
72686390,980100,2.021E+11,20211022,1324,,,US23,,,US0023,US0023,,,,N,N,NULL,NULL,NULL,N,NULL,NULL,NULL,NULL,NULL,NULL,19.038,NULL,NULL,NULL,NULL,,NULL,0,0,2,2,N,N,55,NULL,98,9801,NULL,,Y,37.44165,37,26.499,NULL,-82.50656,82,30.394,NULL,N,NULL,NULL,NULL,NULL,NULL,NULL,NULL,NULL,8,3,4,6,1,1,3,2,1,3,N,NULL,Y,N,1324,1324,,N,NULL,53,,1,N,,N,N,,NULL,NULL,2021,O,7.26864E+11,098-US-0023  -010,MEDIUM,098-US-0023  -000,19.038,0,0,0,1,0,0,1,1,0,0,0,1,0
72634632,980100,2.021E+11,20210610,859,,,CASSIDY,,BLVD,,,0,098 CS-1191,CS1191,N,N,NULL,NULL,NULL,N,NULL,NULL,NULL,NULL,NULL,NULL,0.038,NULL,NULL,NULL,NULL,,NULL,0,0,2,2,N,N,15,NULL,98,9801,NULL,,Y,37.5037,37,30.222,NULL,-82.53279,82,31.967,NULL,N,NULL,NULL,NULL,NULL,NULL,NULL,NULL,NULL,5,3,4,6,2,1,3,2,7,3,N,NULL,Y,N,900,904,904,N,NULL,49,,,N,,N,N,098-CS-1191-0,NULL,NULL,2021,O,7.26346E+11,098-CS-1191  -000,HIGH,098-CS-1191  -000,0.038,0,0,0,0,0,0,0,0,0,0,0,0,0
72744789,KSP0900,22-95807,20220316,1256,,,VENTERS,,LN,,,0,098 CR-1415,CR1415,Y,N,NULL,NULL,NULL,N,NULL,NULL,NULL,NULL,NULL,NULL,0.058,NULL,NULL,NULL,NULL,,NULL,0,0,2,2,N,N,NULL,NULL,98,9807,NULL,,Y,37.53728,37,32.237,NULL,-82.59845,82,35.907,NULL,N,NULL,NULL,NULL,NULL,NULL,NULL,NULL,NULL,5,97,NULL,6,2,1,2,2,1,3,N,NULL,Y,N,1256,1350,,N,NULL,90,,,N,,N,N,098-CR-1415-0,NULL,NULL,2022,O,7.27448E+11,098-CR-1415  -000,MEDIUM,098-CR-1415  -000,0.058,0,0,0,0,0,0,0,0,0,1,0,0,0
72632907,980100,2.021E+11,20210605,1009,,,US23,,,US0023,US0023,,,,N,N,NULL,NULL,NULL,N,NULL,NULL,NULL,NULL,NULL,NULL,26.363,NULL,NULL,NULL,NULL,,NULL,0,0,2,2,N,N,55,NULL,98,9801,NULL,,Y,37.50476,37,30.286,NULL,-82.53254,82,31.953,NULL,N,NULL,NULL,NULL,NULL,NULL,NULL,NULL,NULL,5,3,4,6,1,1,2,2,7,3,N,NULL,Y,N,1011,1017,1020,N,NULL,49,,1,N,,N,N,,NULL,NULL,2021,O,7.26329E+11,098-US-0023  -010,MEDIUM,098-US-0023  -000,26.363,0,0,0,0,0,0,1,0,0,0,0,0,0
72622447,KSP0900,21-182428,20210506,1639,,,US119,,,US0119,US0119,0,098 US-119,US0119,N,N,NULL,NULL,NULL,N,NULL,NULL,NULL,NULL,NULL,NULL,23.647,NULL,NULL,NULL,NULL,,NULL,0,0,2,2,N,N,55,NULL,98,9836,NULL,,Y,37.65079,37,39.047,NULL,-82.26781,82,16.068,NULL,N,NULL,NULL,NULL,NULL,NULL,NULL,NULL,NULL,1,3,4,6,1,1,2,2,1,3,N,NULL,Y,N,1639,1640,1718,N,NULL,55,2,1,N,,N,N,098-US-0119-0,NULL,NULL,2021,O,7.26224E+11,098-US-0119  -000,HIGH,098-US-0119  -000,23.647,0,0,0,0,0,0,1,0,0,0,0,0,0
72674759,980100,2.021E+11,20210921,930,,,HAMBLEY,,BLVD,,,0,098 CS-1222,CS1222,N,N,NULL,NULL,NULL,N,NULL,NULL,NULL,NULL,NULL,NULL,0.501,NULL,NULL,NULL,NULL,,NULL,0,0,2,2,N,N,10,NULL,98,9801,NULL,,Y,37.47836,37,28.701,NULL,-82.52016,82,31.209,NULL,N,NULL,NULL,NULL,NULL,NULL,NULL,NULL,NULL,1,97,2,4,1,1,2,2,7,3,N,NULL,Y,N,1358,1358,,N,NULL,47,,,N,,N,N,098-CS-1222-0,NULL,NULL,2021,O,7.26748E+11,098-CS-1222  -000,HIGH,098-CS-1222  -000,0.501,0,0,1,0,0,0,1,0,0,0,0,0,0
72668182,980100,2.021E+11,20210907,818,,748,HAMBLEY,,BLVD,,,0,098 CS-1222,CS1222,Y,N,NULL,NULL,NULL,N,NULL,NULL,NULL,NULL,NULL,NULL,0.648,NULL,NULL,NULL,NULL,,NULL,0,0,2,2,N,N,NULL,NULL,98,9801,NULL,,Y,37.48031,37,28.819,NULL,-82.51914,82,31.148,NULL,N,NULL,NULL,NULL,NULL,NULL,NULL,NULL,NULL,2,97,1,6,1,1,2,2,1,3,N,NULL,Y,N,818,821,821,N,NULL,90,,,N,,N,N,098-CS-1222-0,NULL,NULL,2021,O,7.26682E+11,098-CS-1222  -000,HIGH,098-CS-1222  -000,0.648,0,0,0,0,0,0,0,0,0,0,0,0,0
72646764,370200,2021-289300,20210713,738,,,US23,,,US0023,US0023,0,098 US-23,US0023,N,N,NULL,NULL,NULL,N,NULL,NULL,NULL,NULL,NULL,NULL,28.522,NULL,NULL,NULL,NULL,,NULL,0,0,1,1,N,N,55,NULL,98,9807,NULL,,Y,37.519,37,31.14,NULL,-82.56615,82,33.969,NULL,N,NULL,NULL,NULL,NULL,NULL,NULL,NULL,NULL,9,3,4,6,1,1,2,2,1,3,N,NULL,Y,N,742,750,935,Y,NULL,40,,1,N,,N,N,098-US-0023-0,NULL,NULL,2021,O,7.26468E+11,098-US-0023  -000,HIGH,098-US-0023  -000,28.522,0,1,0,0,0,0,0,0,0,0,0,1,0
72660466,980100,2.021E+11,20210819,753,,KY1426,BYPASS,S,RD,KY1426,KY1426,0,098 KY-1426,KY1426,N,N,NULL,NULL,NULL,N,NULL,NULL,NULL,NULL,NULL,NULL,NULL,NULL,NULL,NULL,NULL,NULL,NULL,0,0,3,3,N,N,45,NULL,98,9801,NULL,,Y,37.47983,37,28.79,NULL,-82.51471,82,30.883,NULL,N,NULL,NULL,NULL,NULL,NULL,NULL,NULL,NULL,8,3,2,6,1,5,6,2,1,3,N,NULL,Y,N,753,757,846,N,NULL,53,8,0,Y,,N,N,098-KY-1426-0,NULL,NULL,2021,O,7.26605E+11,098-KY-1426  -000,HIGH,098-KY-1426  -000,6.366,0,0,0,0,0,0,1,0,0,0,0,1,0
72616369,KSP0900,21-152036,20210416,1245,,,US119,,,US0119,US0119,0,098 US-119,US0119,N,N,NULL,NULL,NULL,N,NULL,NULL,NULL,NULL,NULL,NULL,23.118,NULL,NULL,NULL,NULL,,NULL,0,0,1,1,N,N,55,NULL,98,9836,NULL,,Y,37.64382,37,38.629,NULL,-82.26555,82,15.933,NULL,N,NULL,NULL,NULL,NULL,NULL,NULL,NULL,NULL,9,3,2,3,1,1,2,2,7,3,N,NULL,Y,N,1240,1245,1315,N,NULL,38,2,1,N,,N,N,098-US-0119-0,NULL,NULL,2021,O,7.26164E+11,098-US-0119  -000,HIGH,098-US-0119  -000,23.118,0,0,0,0,0,0,0,0,0,0,0,0,0
72689442,980100,2.021E+11,20211028,1342,,,BYPASS,S,RD,KY1426,KY1426,0,098 KY-1426,KY1426,N,N,NULL,NULL,NULL,N,NULL,NULL,NULL,NULL,NULL,NULL,6.255,NULL,NULL,NULL,NULL,,NULL,0,0,2,2,N,N,55,NULL,98,9801,NULL,,Y,37.47842,37,28.705,NULL,-82.51559,82,30.936,NULL,N,NULL,NULL,NULL,NULL,NULL,NULL,NULL,NULL,1,3,2,6,1,5,6,2,1,3,N,NULL,Y,N,1343,1343,1344,N,NULL,55,,0,N,,N,N,098-KY-1426-0,NULL,NULL,2021,O,7.26894E+11,098-KY-1426  -000,HIGH,098-KY-1426  -000,6.255,0,0,0,1,0,0,0,0,0,0,0,0,0
72639924,KSP0900,09-21-0532,20210618,521,,,REGINA-BELCHER,,HWY,US0460,US0460,0,098 US-460,US0460,N,N,NULL,NULL,NULL,Y,MARROWBONE,,BTM,HARLESS,,CRK,9.642,NULL,NULL,NULL,NULL,,NULL,1,1,2,2,N,N,55,NULL,98,9830,NULL,,Y,37.36621,37,21.973,NULL,-82.40945,82,24.567,NULL,N,NULL,NULL,NULL,NULL,NULL,NULL,NULL,NULL,5,3,2,6,1,1,2,6,7,3,Y,NULL,Y,Y,547,710,850,N,NULL,49,,1,N,,N,N,098-US-0460-0,NULL,NULL,2021,K,7.26399E+11,098-US-0460  -000,HIGH,098-US-0460  -000,9.642,0,0,0,1,0,0,0,1,0,1,0,1,0
72635882,980100,2.021E+11,20210525,1633,,,KY3496,,,KY3496,KY3496,0,098 KY-3496,KY3496,Y,N,NULL,NULL,NULL,N,NULL,NULL,NULL,NULL,NULL,NULL,0.173,NULL,NULL,NULL,NULL,,NULL,0,0,2,2,N,N,15,NULL,98,9801,NULL,,Y,37.46634,37,27.98,NULL,-82.53078,82,31.846,NULL,N,NULL,NULL,NULL,NULL,NULL,NULL,NULL,NULL,5,97,2,6,1,1,2,2,1,3,N,NULL,Y,N,1633,1638,,N,NULL,90,16,0,N,,N,N,098-KY-3496-0,NULL,NULL,2021,O,7.26359E+11,098-KY-3496  -000,HIGH,098-KY-3496  -000,0.173,0,0,0,1,0,0,1,0,0,0,0,0,0
72634387,980000,21-06-002,20210609,1635,,,KY194,,,KY0194,KY0194,0,098 KY-194,KY0194,N,N,NULL,NULL,NULL,N,NULL,NULL,NULL,NULL,NULL,NULL,10.966,NULL,NULL,NULL,NULL,,NULL,1,0,1,1,N,N,55,NULL,98,9801,NULL,,Y,37.6024,37,36.144,NULL,-82.51573,82,30.944,NULL,N,NULL,NULL,NULL,NULL,NULL,NULL,NULL,NULL,9,3,2,6,1,5,6,2,7,3,Y,NULL,Y,Y,1635,1635,1635,N,NULL,38,7,0,N,,N,N,098-KY-0194-0,NULL,NULL,2021,B,7.26344E+11,098-KY-0194  -000,HIGH,098-KY-0194  -000,10.966,1,0,0,1,0,0,0,0,0,0,0,1,0
72646141,980100,2.021E+11,20210706,1422,,,HAROLDS BRANCH,,RD,,,0,098 CS-1223,CS1223,Y,N,NULL,NULL,NULL,N,NULL,NULL,NULL,NULL,NULL,NULL,0.068,NULL,NULL,NULL,NULL,,NULL,0,0,2,2,N,N,NULL,NULL,98,9801,NULL,,Y,37.47196,37,28.318,NULL,-82.52213,82,31.328,NULL,N,NULL,NULL,NULL,NULL,NULL,NULL,NULL,NULL,2,97,NULL,6,2,1,2,2,5,3,N,NULL,Y,N,1422,1426,1443,N,NULL,90,,,N,,N,N,098-CS-1223-0,NULL,NULL,2021,O,7.26461E+11,098-CS-1223  -000,HIGH,098-CS-1223  -000,0.068,0,0,0,1,0,0,0,0,0,0,0,0,0
72648226,980100,2.021E+11,20210715,1802,,276,THOMPSON,,RD,,,0,098 CS-1215,CS1215,Y,N,NULL,NULL,NULL,N,NULL,NULL,NULL,NULL,NULL,NULL,0.549,NULL,NULL,NULL,NULL,,NULL,0,0,2,2,N,N,15,NULL,98,9801,NULL,,Y,37.50556,37,30.333,NULL,-82.54018,82,32.411,NULL,N,NULL,NULL,NULL,NULL,NULL,NULL,NULL,NULL,2,97,NULL,6,1,1,2,2,1,3,N,NULL,Y,N,1802,1809,,N,NULL,90,,,N,,N,N,098-CS-1215-0,NULL,NULL,2021,O,7.26482E+11,098-CS-1215  -000,HIGH,098-CS-1215  -000,0.549,0,0,0,0,0,0,1,0,0,0,0,0,0
72738698,980100,2.022E+11,20220307,2010,,,MAYO,S,TRL,KY3496,KY3496,0,098 KY-3496,KY3496,Y,N,NULL,NULL,NULL,N,NULL,NULL,NULL,NULL,NULL,NULL,0.063,NULL,NULL,NULL,NULL,,NULL,0,0,1,1,N,N,35,NULL,98,9801,NULL,,Y,37.4656,37,27.936,NULL,-82.52895,82,31.737,NULL,N,NULL,NULL,NULL,NULL,NULL,NULL,NULL,NULL,9,97,1,6,1,1,2,5,1,3,N,NULL,Y,N,2010,2012,2012,Y,NULL,90,16,0,Y,,N,N,098-KY-3496-0,NULL,NULL,2022,O,7.27387E+11,098-KY-3496  -000,HIGH,098-KY-3496  -000,0.063,0,0,0,0,0,0,0,0,1,0,0,1,0
72642290,KSP0900,21-261565,20210625,1357,,,KY1469,,,KY1469,KY1469,0,098 KY-1469,KY1469,N,N,NULL,NULL,NULL,N,NULL,NULL,NULL,NULL,NULL,NULL,13.172,NULL,NULL,NULL,NULL,,NULL,1,0,2,2,N,N,55,NULL,98,9827,NULL,,Y,37.35867,37,21.52,NULL,-82.57103,82,34.262,NULL,N,NULL,NULL,NULL,NULL,NULL,NULL,NULL,NULL,3,3,2,6,1,1,2,2,7,3,Y,NULL,Y,Y,1358,1403,1437,N,NULL,52,7,0,Y,,N,N,098-KY-1469-0,NULL,NULL,2021,B,7.26423E+11,098-KY-1469  -000,HIGH,098-KY-1469  -000,13.172,0,0,1,0,0,0,0,0,1,0,0,1,0
72701854,980100,2.021E+11,20211125,1630,,,LEFT FORK ISLAND,,CRK,,,0,098 CR-1233Q3,CR1233Q3,N,N,NULL,NULL,NULL,N,NULL,NULL,NULL,NULL,NULL,NULL,1.607,NULL,NULL,NULL,NULL,,NULL,0,0,2,2,N,N,25,NULL,98,9801,5,W,N,37.43071,37,25.842,NULL,-82.58092,82,34.855,NULL,N,NULL,NULL,NULL,NULL,NULL,NULL,NULL,NULL,7,3,1,3,1,5,6,2,6,3,N,NULL,Y,N,1630,1641,,N,NULL,54,,,Y,,N,N,098-CR-1233Q3-0,NULL,NULL,2021,O,7.27019E+11,098-CR-1233Q3-000,HIGH,098-CR-1233Q3-000,1.607,0,0,0,0,0,0,1,1,0,0,0,1,0