MasterFile,AgencyORINumber,LocalCode,CollisionDate,CollisionTime,CollisionDayWeekCode,RoadwayName_HouseBusinessNumber_,RoadwayName_RoadwayName_,RoadwayName_Direction_,RoadwayName_RoadwaySuffix_,RoadwayfromReport,CurrentRoadwayNumber,RoadwayNumberCoupletID,RSEUniqueGIS,RoadwayIdentifier,ParkingLotIndicator,IntersectionWith_Indicator_,IntersectionWith_NameRoadway_,IntersectionWith_Direction_,IntersectionWith_RoadwaySuffix_,BetweenStreets_Indicator_,BetweenStreets1_NameRoadway_,BetweenStreet1_Direction_,BetweenStreets1_RoadwaySuffix_,BetweenStreets2_NameRoadway_,BetweenStreets2_Direction_,BetweenStreets2_RoadwaySuffix_,Milepoint,ReportMilepointDeriveNumber,CurrentDerivedMiepointNumber,MilestoMilepoint,FeettoMilepoint,DirectionfromMilepoint_NSEW_,ValidMilepointIndicator,NumberInjured,NumberKilled,ofUnits,ofMotorVehicleUnits,Hit&RunIndicator,OneWayIndicator,SpeedLimitNumber,KilometersIndicator,CountyCode,CityCountyCode,MilesFromCity,DirectionFromCity_NSEW_,InCityLimitsIndicator,Latitude,LatitudeDegrees,LatitudeMinutes,LatitudeSeconds,Longitude,LongitudeDegrees,LongitudeMinutes,LongitudeSeconds,RampIndicator,RampFromIdentifier,RampFromDirCode,RampFromCoupletID,RSEUniqueGISRampFrom,RampToidentifier,RampToDirCode,RampToCoupletID,RSEUniqueGisRampTo,MannerofCollisionCode,LocationFirstEventCode,TotalLanes,RoadwayCharacterCode,RoadwaySurfaceCode,RoadwayConditionCode,WeatherCode,LightConditionCode,LandUseCode,SchoolBusRelatedCode,FirstAidSceneIndicator,CollDescPresentInd,InvestigationCompleteIndicator,PhotosTakenIndicator,TimeNotified,TimeArrived,TimeRoadwayOpened,PropertyDamageIndicator,DiagramPresentIndicator,DirectionalAnalysis,FunctionClassCode,NationalHwySysCode,EnforcementsIndicator,KARSCityCode,SecondaryCollisionIndicator,MedianCrossoverIndicator,RT_UNIQUE,MapIt,TimeLastLeft,YR,KABCO,MFNY,WorkingRID,RT_CONFIDENCE,KTC_RT,KTC_MP,Motorcyclist,CommercialVehicle,YoungDriver,MatureDriver,pedestrian,Bicyclist,Distracted,agressive,Impaired,Unrestrained,Intersection,RoadwayDeparture,MedXover
72627835,KSP0900,21-198391,20210516,1638,,,SHELBY DRY,,FRK,,,0,098 CR-1257,CR1257,N,N,NULL,NULL,NULL,N,NULL,NULL,NULL,NULL,NULL,NULL,1.438,NULL,NULL,NULL,NULL,,NULL,0,0,2,2,N,N,55,NULL,98,9824,NULL,,Y,37.4049,37,24.294,NULL,-82.49451,82,29.671,NULL,N,NULL,NULL,NULL,NULL,NULL,NULL,NULL,NULL,7,3,1,3,1,1,2,2,7,3,N,NULL,Y,N,1638,1652,1730,N,NULL,54,,,N,,N,N,098-CR-1257-0,NULL,NULL,2021,O,7.26278E+11,098-CR-1257  -000,HIGH,098-CR-1257  -000,1.438,0,0,1,0,0,0,0,0,0,1,0,1,0
72733135,980100,2.022E+11,20220209,1326,,911,BYPASS,,RD,KY1426,KY1426,0,098 KY-1426,KY1426,Y,N,NULL,NULL,NULL,N,NULL,NULL,NULL,NULL,NULL,NULL,NULL,NULL,NULL,NULL,NULL,NULL,NULL,0,0,2,2,Y,N,15,NULL,98,9801,NULL,,Y,37.47277,37,28.366,NULL,-82.52185,82,31.311,NULL,N,NULL,NULL,NULL,NULL,NULL,NULL,NULL,NULL,2,97,2,4,2,1,2,2,5,3,N,NULL,Y,N,1336,1349,,N,NULL,90,8,0,N,,N,N,098-KY-1426-0,NULL,NULL,2022,O,7.27331E+11,098-KY-1426  -000,HIGH,098-KY-1426  -000,5.738,0,0,0,0,0,0,1,0,0,0,0,0,0
72707258,KSP0900,21-501054,20211209,1819,,,NURSING HOME,,LN,,,0,098 CR-1705,CR1705,Y,N,NULL,NULL,NULL,N,NULL,NULL,NULL,NULL,NULL,NULL,0.274,NULL,NULL,NULL,NULL,,NULL,0,0,1,1,Y,N,5,NULL,98,9801,NULL,,Y,37.37688,37,22.613,NULL,-82.53827,82,32.296,NULL,N,NULL,NULL,NULL,NULL,NULL,NULL,NULL,NULL,9,7,1,6,3,1,2,2,7,3,N,NULL,Y,N,1819,1831,1831,N,NULL,90,,,N,,N,N,098-CR-1705-0,NULL,NULL,2021,NULL,7.27073E+11,098-CR-1705  -000,HIGH,098-CR-1705  -000,0.274,0,0,0,0,0,0,0,0,0,0,0,0,0
72635885,980100,2.021E+11,20210608,1719,,,KY3496,,,KY3496,KY3496,0,098 KY-3496,KY3496,Y,N,NULL,NULL,NULL,N,NULL,NULL,NULL,NULL,NULL,NULL,0.172,NULL,NULL,NULL,NULL,,NULL,0,0,2,2,N,N,35,NULL,98,9801,NULL,,Y,37.46634,37,27.981,NULL,-82.53074,82,31.845,NULL,N,NULL,NULL,NULL,NULL,NULL,NULL,NULL,NULL,2,97,2,6,1,1,2,2,1,3,N,NULL,Y,N,1720,1724,,N,NULL,90,16,0,N,,N,N,098-KY-3496-0,NULL,NULL,2021,O,7.26359E+11,098-KY-3496  -000,HIGH,098-KY-3496  -000,0.172,0,0,0,0,0,0,1,0,0,0,0,0,0
72639943,980100,2.021E+11,20210624,1144,,,US23,,,US0023,US0023,0,098 US-23,US0023,Y,N,NULL,NULL,NULL,N,NULL,NULL,NULL,NULL,NULL,NULL,23.393,NULL,NULL,NULL,NULL,,NULL,0,0,2,2,N,N,15,NULL,98,9801,NULL,,Y,37.4685,37,28.11,NULL,-82.53294,82,31.976,NULL,N,NULL,NULL,NULL,NULL,NULL,NULL,NULL,NULL,5,97,1,6,1,1,2,2,1,3,N,NULL,Y,N,1144,1152,1202,N,NULL,90,,1,N,,N,N,098-US-0023-0,NULL,NULL,2021,O,7.26399E+11,098-US-0023  -000,HIGH,098-US-0023  -000,23.393,0,0,0,0,0,0,1,0,0,0,0,0,0
72656598,KSP0900,21-331305,20210809,2114,,,KY199,,,KY0199,KY0199,0,098 KY-199,KY0199,N,N,NULL,NULL,NULL,N,NULL,NULL,NULL,NULL,NULL,NULL,9.998,NULL,NULL,NULL,NULL,,NULL,0,0,1,1,N,N,35,NULL,98,9872,NULL,,Y,37.58367,37,35.02,NULL,-82.27061,82,16.237,NULL,N,NULL,NULL,NULL,NULL,NULL,NULL,NULL,NULL,9,5,1,3,1,1,2,6,7,3,N,NULL,Y,N,2111,2155,2155,Y,NULL,40,7,0,N,,N,N,098-KY-0199-0,NULL,NULL,2021,O,7.26566E+11,098-KY-0199  -000,HIGH,098-KY-0199  -000,9.998,0,0,0,0,0,0,0,0,0,0,0,1,0
72621208,KSP0900,21-168203,20210427,1330,,,US119,,,US0119,US0119,0,098 US-119-10,US0119,N,Y,HILLCREST,,AVE,N,NULL,NULL,NULL,NULL,NULL,NULL,20.929,NULL,NULL,NULL,NULL,,NULL,1,0,3,3,N,N,35,NULL,98,9836,NULL,,Y,37.6207,37,37.242,NULL,-82.26859,82,16.115,NULL,N,NULL,NULL,NULL,NULL,NULL,NULL,NULL,NULL,1,97,4,6,1,1,2,2,7,3,Y,NULL,Y,Y,1333,1355,1330,N,NULL,6,2,1,N,,N,Y,098-US-0119-10,NULL,NULL,2021,B,7.26212E+11,098-US-0119  -010,HIGH,098-US-0119  -000,20.929,0,0,0,1,0,0,1,0,0,0,1,0,0
72730518,980100,2.022E+11,20220207,1015,,254,CASSIDY,,BLVD,,,0,098 CS-1191,CS1191,Y,N,NULL,NULL,NULL,N,NULL,NULL,NULL,NULL,NULL,NULL,0.073,NULL,NULL,NULL,NULL,,NULL,0,0,2,2,N,N,15,NULL,98,9801,NULL,,Y,37.50365,37,30.219,NULL,-82.53333,82,32,NULL,N,NULL,NULL,NULL,NULL,NULL,NULL,NULL,NULL,2,97,NULL,6,1,1,2,2,1,3,N,NULL,Y,N,1015,1025,,N,NULL,90,,,N,,N,N,098-CS-1191-0,NULL,NULL,2022,O,7.27305E+11,098-CS-1191  -000,HIGH,098-CS-1191  -000,0.073,0,0,0,0,0,0,1,0,0,0,0,0,0
72669289,980100,2.021E+11,20210911,130,,,THOMPSON,,RD,,,,,,N,N,NULL,NULL,NULL,N,NULL,NULL,NULL,NULL,NULL,NULL,NULL,NULL,NULL,NULL,NULL,NULL,NULL,0,0,1,1,N,N,45,NULL,98,9801,NULL,,Y,37.49733,37,29.84,NULL,-82.53567,82,32.14,NULL,N,NULL,NULL,NULL,NULL,NULL,NULL,NULL,NULL,9,3,2,6,1,1,2,6,6,3,N,NULL,Y,N,130,140,140,N,NULL,38,,,N,,N,N,,NULL,NULL,2021,O,7.26693E+11,098-CS-1215  -000,MEDIUM,098-CS-1215  -000,1.324,0,0,0,0,0,0,0,0,0,0,0,0,0
72707044,980100,2.021E+11,20211209,1104,,,US23,,,US0023,US0023,0,098 US-23,US0023,N,N,NULL,NULL,NULL,N,NULL,NULL,NULL,NULL,NULL,NULL,26.28,NULL,NULL,NULL,NULL,,NULL,0,0,2,2,N,N,55,NULL,98,9801,NULL,,Y,37.50362,37,30.217,NULL,-82.53214,82,31.928,NULL,N,NULL,NULL,NULL,NULL,NULL,NULL,NULL,NULL,5,3,4,6,1,1,2,2,7,3,N,NULL,Y,N,1106,1114,1123,N,NULL,70,,1,Y,,N,N,098-US-0023-0,NULL,NULL,2021,O,7.2707E+11,098-US-0023  -000,HIGH,098-US-0023  -000,26.28,0,0,0,1,0,0,0,0,0,0,0,0,0
72654507,KSP0900,21-318821,20210801,1618,,,KY632,,,KY0632,KY0632,0,098 KY-632,KY0632,Y,N,NULL,NULL,NULL,N,NULL,NULL,NULL,NULL,NULL,NULL,12.964,NULL,NULL,NULL,NULL,,NULL,0,0,2,2,N,N,10,NULL,98,9804,NULL,,Y,37.50451,37,30.271,NULL,-82.16088,82,9.653,NULL,N,NULL,NULL,NULL,NULL,NULL,NULL,NULL,NULL,2,97,2,6,1,1,2,2,1,3,N,NULL,Y,N,1618,1632,1632,N,NULL,90,6,0,N,,N,N,098-KY-0632-0,NULL,NULL,2021,O,7.26545E+11,098-KY-0632  -000,HIGH,098-KY-0632  -000,12.964,0,0,0,0,0,0,0,0,0,0,0,0,0
72653890,980100,2.021E+11,20210801,1355,,,CASSIDY,,BLVD,,,,,,N,N,NULL,NULL,NULL,N,NULL,NULL,NULL,NULL,NULL,NULL,0.266,NULL,NULL,NULL,NULL,,NULL,0,0,2,2,N,N,25,NULL,98,9801,NULL,,Y,37.50468,37,30.281,NULL,-82.5362,82,32.172,NULL,N,NULL,NULL,NULL,NULL,NULL,NULL,NULL,NULL,1,3,2,3,1,1,2,2,7,3,N,NULL,Y,N,1355,1404,1409,N,NULL,55,,,N,,N,N,,NULL,NULL,2021,O,7.26539E+11,098-PS-1015  -000,LOW,098-PS-1015  -000,0.266,0,0,0,0,0,0,1,0,0,0,0,0,0
72665707,980100,2.021E+11,20210819,1250,,,KY3496,,,KY3496,KY3496,,,,Y,N,NULL,NULL,NULL,N,NULL,NULL,NULL,NULL,NULL,NULL,0.699,NULL,NULL,NULL,NULL,,NULL,0,0,2,2,N,N,NULL,NULL,98,9801,NULL,,Y,37.47188,37,28.313,NULL,-82.53136,82,31.882,NULL,N,NULL,NULL,NULL,NULL,NULL,NULL,NULL,NULL,8,97,2,6,1,1,2,2,1,3,N,NULL,Y,N,1253,1257,,N,NULL,90,16,0,N,,N,N,,NULL,NULL,2021,O,7.26657E+11,098-KY-3496  -000,HIGH,098-KY-3496  -000,0.699,0,0,0,0,0,0,1,1,0,0,0,0,0
72659566,KSP0900,21-342278,20210817,430,,,KY194,,,KY0194,KY0194,0,098 KY-194,KY0194,N,N,NULL,NULL,NULL,N,NULL,NULL,NULL,NULL,NULL,NULL,57.297,NULL,NULL,NULL,NULL,,NULL,0,0,1,1,N,N,35,NULL,98,9804,NULL,,Y,37.53584,37,32.15,NULL,-82.1616,82,9.696,NULL,N,NULL,NULL,NULL,NULL,NULL,NULL,NULL,NULL,9,3,2,3,1,5,6,6,7,3,N,NULL,Y,N,445,515,630,N,NULL,44,7,0,N,,N,N,098-KY-0194-0,NULL,NULL,2021,O,7.26596E+11,098-KY-0194  -000,HIGH,098-KY-0194  -000,57.297,0,0,0,0,0,0,1,0,0,0,0,1,0
72659609,KSP0900,21-337001,20210813,1520,,,ISLAND CREEK,,RD,KY1426,KY1426,0,098 KY-1426,KY1426,N,N,NULL,NULL,NULL,N,NULL,NULL,NULL,NULL,NULL,NULL,1.586,NULL,NULL,NULL,NULL,,NULL,0,0,1,1,N,N,55,NULL,98,9801,NULL,,Y,37.4598,37,27.588,NULL,-82.56655,82,33.993,NULL,N,NULL,NULL,NULL,NULL,NULL,NULL,NULL,NULL,9,3,2,6,1,1,2,2,7,3,N,NULL,Y,N,1520,1534,1534,N,NULL,70,8,0,N,,N,N,098-KY-1426-0,NULL,NULL,2021,O,7.26596E+11,098-KY-1426  -000,HIGH,098-KY-1426  -000,1.586,0,0,0,1,0,0,0,0,0,0,0,1,0
72672990,370200,2021366875,20210903,1413,,,US119,,,US0119,US0119,0,098 US-119,US0119,N,N,NULL,NULL,NULL,N,NULL,NULL,NULL,NULL,NULL,NULL,23.615,NULL,NULL,NULL,NULL,,NULL,0,0,2,2,N,N,55,NULL,98,9836,NULL,,Y,37.65036,37,39.021,NULL,-82.26798,82,16.079,NULL,N,NULL,NULL,NULL,NULL,NULL,NULL,NULL,NULL,1,3,2,6,1,1,2,2,7,3,N,NULL,Y,Y,1421,1449,1449,N,NULL,55,2,1,N,,N,N,098-US-0119-0,NULL,NULL,2021,O,7.2673E+11,098-US-0119  -000,HIGH,098-US-0119  -000,23.615,0,0,0,1,0,0,0,0,0,0,0,0,0
72645881,KSP0900,21-281344,20210707,2217,,,US460,,,US0460,US0460,0,098 US-460,US0460,N,N,NULL,NULL,NULL,N,NULL,NULL,NULL,NULL,NULL,NULL,11.506,NULL,NULL,NULL,NULL,,NULL,0,0,2,2,N,N,55,NULL,98,9822,NULL,,Y,37.35702,37,21.421,NULL,-82.39011,82,23.406,NULL,N,NULL,NULL,NULL,NULL,NULL,NULL,NULL,NULL,5,3,2,6,1,5,2,6,7,3,N,NULL,N,N,2219,2231,2219,N,NULL,49,,1,N,,N,N,098-US-0460-0,NULL,NULL,2021,O,7.26459E+11,098-US-0460  -000,HIGH,098-US-0460  -000,11.506,0,0,1,0,0,0,0,0,0,0,0,1,0
72652005,980100,2.021E+11,20210727,1251,,911,BYPASS,S,RD,KY1426,KY1426,0,098 KY-1426,KY1426,Y,N,NULL,NULL,NULL,N,NULL,NULL,NULL,NULL,NULL,NULL,5.7,NULL,NULL,NULL,NULL,,NULL,0,0,2,2,N,N,NULL,NULL,98,9801,NULL,,Y,37.47282,37,28.369,NULL,-82.52268,82,31.361,NULL,N,NULL,NULL,NULL,NULL,NULL,NULL,NULL,NULL,7,97,2,6,2,1,2,2,5,3,N,NULL,Y,N,1251,1302,1302,N,NULL,90,,0,N,,N,N,098-KY-1426-0,NULL,NULL,2021,O,7.2652E+11,098-KY-1426  -000,HIGH,098-KY-1426  -000,5.7,0,0,0,1,0,0,0,0,0,0,0,0,0
72665009,980100,2.021E+11,20210831,530,,,US23,,,US0023,US0023,0,098 US-23,US0023,N,N,NULL,NULL,NULL,N,NULL,NULL,NULL,NULL,NULL,NULL,32.774,NULL,NULL,NULL,NULL,,NULL,0,0,1,1,N,N,55,NULL,98,9801,NULL,,Y,37.5314,37,31.884,NULL,-82.6199,82,37.194,NULL,N,NULL,NULL,NULL,NULL,NULL,NULL,NULL,NULL,9,3,4,6,1,1,2,4,7,3,N,NULL,Y,N,600,612,612,N,NULL,38,,1,N,,N,N,098-US-0023-0,NULL,NULL,2021,O,7.2665E+11,098-US-0023  -000,HIGH,098-US-0023  -000,32.774,0,0,0,0,0,0,0,0,0,0,0,0,0
72704181,980100,2.021E+11,20211201,1018,,,BYPASS,S,RD,KY1426,KY1426,0,098 KY-1426,KY1426,Y,N,NULL,NULL,NULL,N,NULL,NULL,NULL,NULL,NULL,NULL,5.617,NULL,NULL,NULL,NULL,,NULL,0,0,2,2,N,N,55,NULL,98,9801,NULL,,Y,37.47256,37,28.354,NULL,-82.52293,82,31.376,NULL,N,NULL,NULL,NULL,NULL,NULL,NULL,NULL,NULL,2,97,2,5,1,1,2,2,5,3,N,NULL,Y,N,1018,1018,1018,N,NULL,90,,0,N,,N,N,098-KY-1426-0,NULL,NULL,2021,O,7.27042E+11,098-KY-1426  -000,HIGH,098-KY-1426  -000,5.617,0,0,0,0,0,0,0,0,0,0,0,0,0
72704804,KSP0900,21-493436,20211204,700,,,US460,,,US0460,US0460,0,098 US-460,US0460,N,N,NULL,NULL,NULL,N,NULL,NULL,NULL,NULL,NULL,NULL,5.863,NULL,NULL,NULL,NULL,,NULL,0,0,1,1,N,N,45,NULL,98,9832,NULL,,Y,37.40512,37,24.307,NULL,-82.4364,82,26.184,NULL,N,NULL,NULL,NULL,NULL,NULL,NULL,NULL,NULL,9,3,2,3,1,1,2,1,7,3,N,NULL,Y,N,730,800,800,N,NULL,41,,1,N,,N,N,098-US-0460-0,NULL,NULL,2021,O,7.27048E+11,098-US-0460  -000,HIGH,098-US-0460  -000,5.863,0,0,0,0,0,0,0,0,0,0,0,1,0
72693231,KSP0900,21-455950,20211106,1700,,,US119,,,US0119,US0119,0,098 US-119,US0119,N,N,NULL,NULL,NULL,N,NULL,NULL,NULL,NULL,NULL,NULL,24.166,NULL,NULL,NULL,NULL,,NULL,0,0,2,2,N,N,55,NULL,98,9836,NULL,,Y,37.65792,37,39.475,NULL,-82.27127,82,16.276,NULL,N,NULL,NULL,NULL,NULL,NULL,NULL,NULL,NULL,5,3,4,6,1,1,2,2,7,3,N,NULL,Y,N,1700,1700,1700,N,NULL,49,2,1,N,,N,N,098-US-0119-0,NULL,NULL,2021,O,7.26932E+11,098-US-0119  -000,HIGH,098-US-0119  -000,24.166,0,0,0,1,0,0,1,0,0,0,0,0,0
72598625,980500,2021AR007,20210226,1548,,,US23,,,US0023,US0023,0,098 US-23,US0023,N,N,NULL,NULL,NULL,N,NULL,NULL,NULL,NULL,NULL,NULL,NULL,NULL,NULL,NULL,NULL,NULL,NULL,1,0,2,2,N,N,45,NULL,98,9807,NULL,,Y,37.52939,37,31.763,NULL,-82.57552,82,34.531,NULL,N,NULL,NULL,NULL,NULL,NULL,NULL,NULL,NULL,8,3,6,6,1,5,6,2,7,3,N,NULL,N,Y,1548,1550,1615,N,NULL,53,,1,N,,N,N,098-US-0023-0,NULL,NULL,2021,C,7.25986E+11,098-US-0023  -000,HIGH,098-US-0023  -000,29.429,0,0,0,0,0,0,1,0,0,0,0,1,0
72577797,KSP0900,20-832557,20201217,1715,,,SHELBIANA,,RD,US0460,US0460,0,098 US-460,US0460,N,N,NULL,NULL,NULL,N,NULL,NULL,NULL,NULL,NULL,NULL,2.289,NULL,NULL,NULL,NULL,,NULL,2,0,2,2,N,N,55,NULL,98,9824,NULL,,Y,37.43353,37,26.012,NULL,-82.48736,82,29.241,NULL,N,NULL,NULL,NULL,NULL,NULL,NULL,NULL,NULL,3,3,2,3,1,5,2,6,7,3,N,NULL,Y,Y,1719,1729,,N,NULL,52,,1,N,,N,N,098-US-0460-0,NULL,NULL,2020,B,7.25778E+11,098-US-0460  -000,HIGH,098-US-0460  -000,2.289,0,0,0,0,0,0,1,0,0,0,0,1,0
72648644,KSP0900,21-296123,20210717,1722,,,OAK,E,ST,,,0,098 CR-1822D,CR1822D,N,N,NULL,NULL,NULL,N,NULL,NULL,NULL,NULL,NULL,NULL,0.031,NULL,NULL,NULL,NULL,,NULL,2,0,1,1,N,N,5,NULL,98,9811,NULL,,Y,37.56393,37,33.836,NULL,-82.13939,82,8.363,NULL,N,NULL,NULL,NULL,NULL,NULL,NULL,NULL,NULL,9,97,1,1,3,11,2,2,7,3,Y,NULL,Y,Y,1722,1751,1751,N,NULL,40,,,N,,N,N,098-CR-1822D-0,NULL,NULL,2021,C,7.26486E+11,098-CR-1822D -000,HIGH,098-CR-1822D -000,0.031,0,0,0,0,0,0,0,0,0,0,0,1,0
72667326,980100,2.021E+11,20210831,1921,,,US23,,,US0023,US0023,0,098 US-23,US0023,N,Y,KY3496,,,N,NULL,NULL,NULL,NULL,NULL,NULL,23.06,NULL,NULL,NULL,NULL,,NULL,2,0,2,2,N,N,55,NULL,98,9801,NULL,,Y,37.4659,37,27.954,NULL,-82.5281,82,31.686,NULL,N,NULL,NULL,NULL,NULL,NULL,NULL,NULL,NULL,1,3,4,6,1,1,3,2,7,3,Y,NULL,Y,Y,1921,1925,2105,N,NULL,8,,1,Y,,N,N,098-US-0023-0,NULL,NULL,2021,B,7.26673E+11,098-US-0023  -000,HIGH,098-US-0023  -000,23.06,0,0,0,0,0,0,1,1,1,0,1,0,0
72661076,980100,2.021E+11,20210820,1755,,,BAIRD,,AVE,KY1426,KY1426,,,,N,N,NULL,NULL,NULL,N,NULL,NULL,NULL,NULL,NULL,NULL,5.389,NULL,NULL,NULL,NULL,,NULL,0,0,2,1,N,N,55,NULL,98,9801,NULL,,Y,37.4731,37,28.386,NULL,-82.52714,82,31.628,NULL,N,NULL,NULL,NULL,NULL,NULL,NULL,NULL,NULL,5,3,2,6,1,1,2,2,1,3,N,NULL,Y,N,1755,1600,1610,N,NULL,49,,0,Y,,N,N,,NULL,NULL,2021,O,7.26611E+11,098-KY-1426  -000,MEDIUM,098-KY-1426  -000,5.389,0,0,0,0,0,0,1,0,0,0,0,0,0
72646984,980100,2.021E+11,20210713,1602,,911,BYPASS,S,RD,KY1426,KY1426,0,098 KY-1426,KY1426,Y,N,NULL,NULL,NULL,N,NULL,NULL,NULL,NULL,NULL,NULL,5.703,NULL,NULL,NULL,NULL,,NULL,0,0,2,2,N,N,15,NULL,98,9801,NULL,,Y,37.47284,37,28.37,NULL,-82.52264,82,31.358,NULL,N,NULL,NULL,NULL,NULL,NULL,NULL,NULL,NULL,1,97,2,6,2,1,2,2,5,3,N,NULL,Y,N,1602,1614,1614,N,NULL,90,,0,N,,N,N,098-KY-1426-0,NULL,NULL,2021,O,7.2647E+11,098-KY-1426  -000,HIGH,098-KY-1426  -000,5.703,0,0,0,1,0,0,1,0,0,0,0,0,0
72685447,980100,2.021E+11,20211019,726,,,BAIRD,,AVE,KY1426,KY1426,0,098 KY-1426,KY1426,N,N,NULL,NULL,NULL,N,NULL,NULL,NULL,NULL,NULL,NULL,5.387,NULL,NULL,NULL,NULL,,NULL,1,0,2,2,Y,N,15,NULL,98,9801,NULL,,Y,37.47295,37,28.377,NULL,-82.52708,82,31.624,NULL,N,NULL,NULL,NULL,NULL,NULL,NULL,NULL,NULL,1,3,2,6,1,1,2,2,7,3,N,NULL,Y,N,727,731,811,N,NULL,55,,0,N,,N,N,098-KY-1426-0,NULL,NULL,2021,C,7.26854E+11,098-KY-1426  -000,HIGH,098-KY-1426  -000,5.387,0,0,0,0,0,0,0,0,0,0,0,0,0
72638762,KSP0900,21-252569,20210619,1559,,,KY194,,,KY0194,KY0194,0,098 KY-194,KY0194,N,N,NULL,NULL,NULL,N,NULL,NULL,NULL,NULL,NULL,NULL,57.746,NULL,NULL,NULL,NULL,,NULL,0,0,1,1,N,N,35,NULL,98,9804,NULL,,Y,37.54058,37,32.435,NULL,-82.16138,82,9.683,NULL,N,NULL,NULL,NULL,NULL,NULL,NULL,NULL,NULL,9,5,2,1,1,1,2,2,7,3,N,NULL,N,N,1559,1610,1615,N,NULL,51,7,0,N,,N,N,098-KY-0194-0,NULL,NULL,2021,O,7.26388E+11,098-KY-0194  -000,HIGH,098-KY-0194  -000,57.746,0,0,0,0,0,0,0,0,0,0,0,1,0
72659316,980100,2.021E+11,20210812,1757,,,US23,,,US0023,US0023,0,098 US-23-10,US0023,N,N,NULL,NULL,NULL,N,NULL,NULL,NULL,NULL,NULL,NULL,25.418,NULL,NULL,NULL,NULL,,NULL,0,0,2,2,N,N,55,NULL,98,9801,NULL,,Y,37.49234,37,29.541,NULL,-82.53472,82,32.083,NULL,N,NULL,NULL,NULL,NULL,NULL,NULL,NULL,NULL,1,3,4,6,1,1,2,2,7,3,N,NULL,Y,N,1757,1805,1805,N,NULL,55,,1,N,,N,N,098-US-0023-10,NULL,NULL,2021,O,7.26593E+11,098-US-0023  -010,HIGH,098-US-0023  -000,25.418,0,0,0,0,0,0,1,0,0,0,0,0,0
72667048,980100,2.021E+11,20210901,1934,,,KY1426,,,KY1426,KY1426,0,098 KY-1426,KY1426,N,N,NULL,NULL,NULL,N,NULL,NULL,NULL,NULL,NULL,NULL,8.023,NULL,NULL,NULL,NULL,,NULL,0,0,1,1,N,N,45,NULL,98,9801,NULL,,Y,37.49155,37,29.493,NULL,-82.4917,82,29.502,NULL,N,NULL,NULL,NULL,NULL,NULL,NULL,NULL,NULL,9,3,2,1,1,1,2,2,6,3,N,NULL,Y,N,1934,1937,2033,N,NULL,40,,0,Y,,N,N,098-KY-1426-0,NULL,NULL,2021,O,7.2667E+11,098-KY-1426  -000,HIGH,098-KY-1426  -000,8.023,0,0,0,0,0,0,0,0,1,1,0,1,0
72710529,KSP0900,21-512404,20211217,1045,,,US119,,,US0119,US0119,0,098 US-119,US0119,N,N,NULL,NULL,NULL,N,NULL,NULL,NULL,NULL,NULL,NULL,24.834,NULL,NULL,NULL,NULL,,NULL,0,0,2,2,N,N,45,NULL,98,9834,NULL,,Y,37.66618,37,39.971,NULL,-82.27558,82,16.535,NULL,N,NULL,NULL,NULL,NULL,NULL,NULL,NULL,NULL,8,3,4,6,1,5,3,2,7,3,N,NULL,N,N,1045,1050,1100,N,NULL,53,2,1,N,,N,N,098-US-0119-0,NULL,NULL,2021,O,7.27105E+11,098-US-0119  -000,HIGH,098-US-0119  -000,24.834,0,0,0,0,0,0,1,0,0,0,0,1,0
72635880,980100,2.021E+11,20210613,1659,,,KY1426,,,KY1426,KY1426,0,098 KY-1426,KY1426,N,N,NULL,NULL,NULL,N,NULL,NULL,NULL,NULL,NULL,NULL,5.357,NULL,NULL,NULL,NULL,,NULL,0,0,2,2,N,N,35,NULL,98,9801,NULL,,Y,37.47383,37,28.43,NULL,-82.52725,82,31.635,NULL,N,NULL,NULL,NULL,NULL,NULL,NULL,NULL,NULL,1,3,2,6,1,1,2,2,1,3,N,NULL,Y,N,1659,1700,1727,N,NULL,55,,0,N,,N,N,098-KY-1426-0,NULL,NULL,2021,O,7.26359E+11,098-KY-1426  -000,HIGH,098-KY-1426  -000,5.357,0,0,0,0,0,0,0,1,0,0,0,0,0
72633891,KSP0900,21-225384,20210602,1425,,225,LITTLE CARD,,RD,,,0,098 CR-1178,CR1178,N,N,NULL,NULL,NULL,N,NULL,NULL,NULL,NULL,NULL,NULL,0.416,NULL,NULL,NULL,NULL,,NULL,1,0,2,2,N,N,35,NULL,98,9847,NULL,,Y,37.39069,37,23.442,NULL,-82.26572,82,15.943,NULL,N,NULL,NULL,NULL,NULL,NULL,NULL,NULL,NULL,3,3,1,1,1,1,2,2,7,3,Y,NULL,Y,Y,1427,1448,1547,N,NULL,52,,,N,,N,N,098-CR-1178-0,NULL,NULL,2021,A,7.26339E+11,098-CR-1178  -000,HIGH,098-CR-1178  -000,0.416,0,0,0,1,0,0,1,0,0,0,0,1,0