MasterFile,AgencyORINumber,LocalCode,CollisionDate,CollisionTime,CollisionDayWeekCode,RoadwayName_HouseBusinessNumber_,RoadwayName_RoadwayName_,RoadwayName_Direction_,RoadwayName_RoadwaySuffix_,RoadwayfromReport,CurrentRoadwayNumber,RoadwayNumberCoupletID,RSEUniqueGIS,RoadwayIdentifier,ParkingLotIndicator,IntersectionWith_Indicator_,IntersectionWith_NameRoadway_,IntersectionWith_Direction_,IntersectionWith_RoadwaySuffix_,BetweenStreets_Indicator_,BetweenStreets1_NameRoadway_,BetweenStreet1_Direction_,BetweenStreets1_RoadwaySuffix_,BetweenStreets2_NameRoadway_,BetweenStreets2_Direction_,BetweenStreets2_RoadwaySuffix_,Milepoint,ReportMilepointDeriveNumber,CurrentDerivedMiepointNumber,MilestoMilepoint,FeettoMilepoint,DirectionfromMilepoint_NSEW_,ValidMilepointIndicator,NumberInjured,NumberKilled,ofUnits,ofMotorVehicleUnits,Hit&RunIndicator,OneWayIndicator,SpeedLimitNumber,KilometersIndicator,CountyCode,CityCountyCode,MilesFromCity,DirectionFromCity_NSEW_,InCityLimitsIndicator,Latitude,LatitudeDegrees,LatitudeMinutes,LatitudeSeconds,Longitude,LongitudeDegrees,LongitudeMinutes,LongitudeSeconds,RampIndicator,RampFromIdentifier,RampFromDirCode,RampFromCoupletID,RSEUniqueGISRampFrom,RampToidentifier,RampToDirCode,RampToCoupletID,RSEUniqueGisRampTo,MannerofCollisionCode,LocationFirstEventCode,TotalLanes,RoadwayCharacterCode,RoadwaySurfaceCode,RoadwayConditionCode,WeatherCode,LightConditionCode,LandUseCode,SchoolBusRelatedCode,FirstAidSceneIndicator,CollDescPresentInd,InvestigationCompleteIndicator,PhotosTakenIndicator,TimeNotified,TimeArrived,TimeRoadwayOpened,PropertyDamageIndicator,DiagramPresentIndicator,DirectionalAnalysis,FunctionClassCode,NationalHwySysCode,EnforcementsIndicator,KARSCityCode,SecondaryCollisionIndicator,MedianCrossoverIndicator,RT_UNIQUE,MapIt,TimeLastLeft,YR,KABCO,MFNY,WorkingRID,RT_CONFIDENCE,KTC_RT,KTC_MP,Motorcyclist,CommercialVehicle,YoungDriver,MatureDriver,pedestrian,Bicyclist,Distracted,agressive,Impaired,Unrestrained,Intersection,RoadwayDeparture,MedXover
72630963,980100,2.021E+11,20210531,1603,,,SAAD,,AVE,,,0,098 CS-1165,CS1165,Y,N,NULL,NULL,NULL,N,NULL,NULL,NULL,NULL,NULL,NULL,0.07,NULL,NULL,NULL,NULL,,NULL,0,0,2,2,N,N,10,NULL,98,9801,NULL,,Y,37.48257,37,28.954,NULL,-82.5199,82,31.194,NULL,N,NULL,NULL,NULL,NULL,NULL,NULL,NULL,NULL,8,97,NULL,6,1,1,2,2,6,3,N,NULL,Y,N,1603,1609,1618,N,NULL,90,,,N,,N,N,098-CS-1165-0,NULL,NULL,2021,O,7.2631E+11,098-CS-1165  -000,HIGH,098-CS-1165  -000,0.07,0,0,0,1,0,0,0,0,0,0,0,0,0
72651783,980100,2.021E+11,20210720,1906,,,THOMPSON,,RD,,,0,098 CS-1215,CS1215,N,N,NULL,NULL,NULL,N,NULL,NULL,NULL,NULL,NULL,NULL,0.547,NULL,NULL,NULL,NULL,,NULL,1,0,2,2,N,N,35,NULL,98,9801,NULL,,Y,37.50583,37,30.35,NULL,-82.54285,82,32.571,NULL,N,NULL,NULL,NULL,NULL,NULL,NULL,NULL,NULL,4,3,2,6,1,1,2,2,7,3,N,NULL,Y,Y,1906,1912,2008,N,NULL,70,,,N,,N,N,098-CS-1215-0,NULL,NULL,2021,B,7.26518E+11,098-CS-1215  -000,HIGH,098-CS-1215  -000,0.547,0,0,1,0,0,0,1,0,0,0,0,0,0
72656236,KSP0900,21-329517,20210808,1800,,,KY1506,,,KY1506,KY1506,0,098 KY-1506,KY1506,N,N,NULL,NULL,NULL,N,NULL,NULL,NULL,NULL,NULL,NULL,0.043,NULL,NULL,NULL,NULL,,NULL,0,0,2,2,Y,N,35,NULL,98,9834,NULL,,Y,37.66846,37,40.108,NULL,-82.27664,82,16.598,NULL,N,NULL,NULL,NULL,NULL,NULL,NULL,NULL,NULL,8,3,2,6,1,1,2,2,7,3,N,NULL,Y,N,1812,1814,1819,N,NULL,53,9,0,N,,N,N,098-KY-1506-0,NULL,NULL,2021,O,7.26562E+11,098-KY-1506  -000,HIGH,098-KY-1506  -000,0.043,0,0,0,0,0,0,0,0,0,0,0,1,0
72657995,980100,2.021E+11,20210812,1253,,183,CASSIDY,,BLVD,,,0,098 CS-1191,CS1191,Y,N,NULL,NULL,NULL,N,NULL,NULL,NULL,NULL,NULL,NULL,0.051,NULL,NULL,NULL,NULL,,NULL,0,0,2,2,N,N,NULL,NULL,98,9801,NULL,,Y,37.50367,37,30.22,NULL,-82.53299,82,31.979,NULL,N,NULL,NULL,NULL,NULL,NULL,NULL,NULL,NULL,1,97,1,6,1,1,2,2,1,3,N,NULL,Y,N,1253,1309,1309,N,NULL,90,,,N,,N,N,098-CS-1191-0,NULL,NULL,2021,O,7.2658E+11,098-CS-1191  -000,HIGH,098-CS-1191  -000,0.051,0,0,0,1,0,0,0,0,0,0,0,0,0
72657842,980100,2.021E+11,20210812,1630,,,BYPASS,S,RD,KY1426,KY1426,,,,Y,N,NULL,NULL,NULL,N,NULL,NULL,NULL,NULL,NULL,NULL,5.621,NULL,NULL,NULL,NULL,,NULL,0,0,2,2,N,N,15,NULL,98,9801,NULL,,Y,37.47251,37,28.35,NULL,-82.52408,82,31.445,NULL,N,NULL,NULL,NULL,NULL,NULL,NULL,NULL,NULL,7,97,NULL,6,1,1,2,2,1,3,N,NULL,Y,N,1630,1637,,N,NULL,90,,0,N,,N,N,,NULL,NULL,2021,O,7.26578E+11,098-KY-1426  -000,HIGH,098-KY-1426  -000,5.621,0,0,1,0,0,0,1,0,0,0,0,0,0
72634631,980100,2.021E+11,20210604,903,,231,HIBBARD,,ST,,,,,,Y,N,NULL,NULL,NULL,N,NULL,NULL,NULL,NULL,NULL,NULL,NULL,NULL,NULL,NULL,NULL,,NULL,1,0,2,1,N,N,NULL,NULL,98,9801,NULL,,Y,37.4735,37,28.41,NULL,-82.52598,82,31.559,NULL,N,NULL,NULL,NULL,NULL,NULL,NULL,NULL,NULL,9,97,1,6,1,1,2,2,1,3,Y,NULL,Y,Y,907,910,932,N,NULL,90,,,N,,N,N,,NULL,NULL,2021,A,7.26346E+11,098-CS-1256  -000,MEDIUM,098-CS-1256  -000,0.182,0,0,0,0,1,0,1,0,0,0,0,0,0
72658668,980100,2.021E+11,20210811,1659,,,CHLOE,,RD,KY1460,KY1460,0,098 KY-1460,KY1460,N,N,NULL,NULL,NULL,N,NULL,NULL,NULL,NULL,NULL,NULL,5.024,NULL,NULL,NULL,NULL,,NULL,0,0,2,2,N,N,45,NULL,98,9801,NULL,,Y,37.47754,37,28.652,NULL,-82.5155,82,30.93,NULL,N,NULL,NULL,NULL,NULL,NULL,NULL,NULL,NULL,7,3,2,4,1,1,2,2,7,3,N,NULL,Y,N,1659,1702,1743,N,NULL,54,,0,Y,,N,N,098-KY-1460-0,NULL,NULL,2021,O,7.26587E+11,098-KY-1460  -000,HIGH,098-KY-1460  -000,5.024,0,0,0,0,0,0,0,0,1,1,0,1,0
72647350,KSP0900,21-287759,20210712,600,,,KY194,,,KY0194,KY0194,,,,N,N,NULL,NULL,NULL,N,NULL,NULL,NULL,NULL,NULL,NULL,24.304,NULL,NULL,NULL,NULL,,NULL,1,0,1,1,N,N,45,NULL,98,9817,NULL,,Y,37.52491,37,31.494,NULL,-82.36587,82,21.952,NULL,N,NULL,NULL,NULL,NULL,NULL,NULL,NULL,NULL,9,5,2,6,1,6,3,6,7,3,Y,NULL,Y,Y,600,654,600,N,NULL,40,6,0,N,,N,N,,NULL,NULL,2021,B,7.26474E+11,098-KY-0194  -000,MEDIUM,098-KY-0194  -000,24.304,0,0,0,1,0,0,0,0,0,0,0,1,0
72657898,KSP0900,21-324727,20210805,1602,,,KY194,,,KY0194,KY0194,0,098 KY-194,KY0194,N,N,NULL,NULL,NULL,N,NULL,NULL,NULL,NULL,NULL,NULL,58.469,NULL,NULL,NULL,NULL,,NULL,0,0,2,2,N,N,35,NULL,98,9804,NULL,,Y,37.54579,37,32.747,NULL,-82.1615,82,9.69,NULL,N,NULL,NULL,NULL,NULL,NULL,NULL,NULL,NULL,1,3,2,6,1,1,2,2,7,3,N,NULL,Y,Y,1602,1630,1800,N,NULL,55,7,0,N,,N,N,098-KY-0194-0,NULL,NULL,2021,O,7.26579E+11,098-KY-0194  -000,HIGH,098-KY-0194  -000,58.469,0,0,0,0,0,0,1,0,0,0,0,0,0
72653961,980100,2.021E+11,20210801,1036,,,US23,,,US0023,US0023,,,,N,N,NULL,NULL,NULL,N,NULL,NULL,NULL,NULL,NULL,NULL,20.959,NULL,NULL,NULL,NULL,,NULL,1,0,2,2,N,N,55,NULL,98,9801,NULL,,Y,37.44444,37,26.666,NULL,-82.52527,82,31.516,NULL,N,NULL,NULL,NULL,NULL,NULL,NULL,NULL,NULL,1,3,4,1,1,1,2,2,7,3,Y,NULL,Y,Y,1036,1040,1125,N,NULL,55,,1,N,,N,N,,NULL,NULL,2021,C,7.2654E+11,098-US-0023  -010,MEDIUM,098-US-0023  -000,20.959,0,0,1,0,0,0,1,0,0,0,0,0,0
72657860,980100,2.021E+11,20210808,1741,,,CASSIDY,,BLVD,,,,,,N,N,NULL,NULL,NULL,N,NULL,NULL,NULL,NULL,NULL,NULL,0.24,NULL,NULL,NULL,NULL,,NULL,0,0,2,2,N,N,15,NULL,98,9801,NULL,,Y,37.50444,37,30.266,NULL,-82.5358,82,32.148,NULL,N,NULL,NULL,NULL,NULL,NULL,NULL,NULL,NULL,5,3,2,6,1,1,2,2,1,3,N,NULL,Y,N,1741,1743,1807,N,NULL,49,,,N,,N,N,,NULL,NULL,2021,O,7.26579E+11,098-CS-1191  -000,LOW,098-CS-1191  -000,0.24,0,0,0,0,0,0,1,0,0,0,0,0,0
72713172,980100,2.021E+11,20211223,1651,,,US23,,,US0023,US0023,0,098 US-23-10,US0023,N,N,NULL,NULL,NULL,N,NULL,NULL,NULL,NULL,NULL,NULL,25.924,NULL,NULL,NULL,NULL,,NULL,0,0,2,2,N,N,55,NULL,98,9801,NULL,,Y,37.49856,37,29.914,NULL,-82.53139,82,31.884,NULL,N,NULL,NULL,NULL,NULL,NULL,NULL,NULL,NULL,5,3,4,6,1,1,2,2,7,3,N,NULL,Y,N,1651,1654,1654,N,NULL,49,,1,N,,N,N,098-US-0023-10,NULL,NULL,2021,O,7.27132E+11,098-US-0023  -010,HIGH,098-US-0023  -000,25.924,0,0,0,0,0,0,1,0,0,0,0,0,0
72713282,980100,2.021E+11,20211217,1003,,911,BYPASS,,RD,,,0,098 CS-1223,CS1223,Y,N,NULL,NULL,NULL,N,NULL,NULL,NULL,NULL,NULL,NULL,NULL,NULL,NULL,NULL,NULL,NULL,NULL,0,0,2,2,N,N,NULL,NULL,98,9801,NULL,,Y,37.47128,37,28.277,NULL,-82.52117,82,31.27,NULL,N,NULL,NULL,NULL,NULL,NULL,NULL,NULL,NULL,1,97,1,6,2,1,2,2,1,3,N,NULL,Y,N,1003,1008,1008,N,NULL,90,,,N,,N,N,098-CS-1223-0,NULL,NULL,2021,O,7.27133E+11,098-CS-1223  -000,HIGH,098-CS-1223  -000,0.135,0,0,0,1,0,0,0,0,0,0,0,0,0
72671151,KSP0900,21-381452,20210913,1807,,,KY194,,,KY0194,KY0194,0,098 KY-194,KY0194,N,N,NULL,NULL,NULL,N,NULL,NULL,NULL,NULL,NULL,NULL,72.185,NULL,NULL,NULL,NULL,,NULL,1,0,1,1,N,N,45,NULL,98,9825,NULL,,Y,37.47937,37,28.762,NULL,-82.06494,82,3.896,NULL,N,NULL,NULL,NULL,NULL,NULL,NULL,NULL,NULL,9,5,2,6,1,1,2,2,7,3,Y,NULL,Y,Y,1807,1842,1842,N,NULL,44,7,0,N,,N,N,098-KY-0194-0,NULL,NULL,2021,B,7.26712E+11,098-KY-0194  -000,HIGH,098-KY-0194  -000,72.185,0,0,0,0,0,0,0,0,1,0,0,1,0
72670833,980200,980200,20210823,1600,,,RUSSELL,W,ST,KY0197,KY0197,0,098 KY-197,KY0197,N,N,NULL,NULL,NULL,N,NULL,NULL,NULL,NULL,NULL,NULL,16.252,NULL,NULL,NULL,NULL,,NULL,0,0,1,1,N,N,35,NULL,98,9802,NULL,,Y,37.29963,37,17.978,NULL,-82.35498,82,21.299,NULL,N,NULL,NULL,NULL,NULL,NULL,NULL,NULL,NULL,9,4,2,3,1,1,2,2,1,3,N,NULL,Y,Y,1602,1605,1630,N,NULL,40,7,0,N,,N,N,098-KY-0197-0,NULL,NULL,2021,O,7.26708E+11,098-KY-0197  -000,HIGH,098-KY-0197  -000,16.252,0,0,0,0,0,0,0,0,0,0,0,1,0
72638149,KSP0900,21-252698,20210619,1630,,,US23,,,US0023,US0023,0,098 US-23-10,US0023,N,N,NULL,NULL,NULL,N,NULL,NULL,NULL,NULL,NULL,NULL,6.097,NULL,NULL,NULL,NULL,,NULL,0,0,1,1,N,N,55,NULL,98,9809,NULL,,Y,37.29095,37,17.457,NULL,-82.55054,82,33.032,NULL,N,NULL,NULL,NULL,NULL,NULL,NULL,NULL,NULL,9,3,4,4,1,1,2,2,7,3,N,NULL,Y,N,1620,1640,1640,N,NULL,38,,1,N,,N,N,098-US-0023-10,NULL,NULL,2021,O,7.26381E+11,098-US-0023  -010,HIGH,098-US-0023  -000,6.097,0,0,0,0,0,0,0,0,0,0,0,0,0
72639473,980500,2021AR024,20210623,1310,,3683,N MAYO TRAIL,,,,,,,,Y,N,NULL,NULL,NULL,Y,MCDONALDS PARKING LOT,,,MCDONALDS PARKING LOT,,,NULL,NULL,NULL,NULL,NULL,NULL,NULL,0,0,3,3,N,Y,15,NULL,98,9807,NULL,,Y,37.51765,37,31.059,NULL,-82.56608,82,33.965,NULL,N,NULL,NULL,NULL,NULL,NULL,NULL,NULL,NULL,2,97,1,6,1,1,2,2,1,3,N,NULL,Y,Y,1310,1312,1329,N,NULL,90,,,N,,N,N,,NULL,NULL,2021,O,7.26395E+11,098-CS-3002  -000,MEDIUM,098-CS-3002  -000,0.223,0,0,0,1,0,0,0,0,0,0,0,0,0
72714980,KSP0900,21-527222,20211229,255,,,US119,,,US0119,US0119,0,098 US-119,US0119,N,N,NULL,NULL,NULL,N,NULL,NULL,NULL,NULL,NULL,NULL,24.113,NULL,NULL,NULL,NULL,,NULL,1,0,2,1,N,N,45,NULL,98,9834,NULL,,Y,37.65722,37,39.433,NULL,-82.27096,82,16.258,NULL,N,NULL,NULL,NULL,NULL,NULL,NULL,NULL,NULL,9,3,4,6,1,5,6,5,1,3,N,NULL,N,Y,350,515,748,N,NULL,36,2,1,N,,N,N,098-US-0119-0,NULL,NULL,2021,A,7.2715E+11,098-US-0119  -000,HIGH,098-US-0119  -000,24.113,0,0,0,0,1,0,0,1,0,1,0,0,0
72639944,980100,2.021E+11,20210624,1439,,,US23,,,US0023,US0023,0,098 US-23,US0023,N,N,NULL,NULL,NULL,N,NULL,NULL,NULL,NULL,NULL,NULL,26.282,NULL,NULL,NULL,NULL,,NULL,0,0,2,2,N,N,55,NULL,98,9801,NULL,,Y,37.50364,37,30.219,NULL,-82.53213,82,31.927,NULL,N,NULL,NULL,NULL,NULL,NULL,NULL,NULL,NULL,5,3,4,6,1,1,2,2,7,3,N,NULL,Y,N,1439,1446,1457,N,NULL,49,,1,N,,N,N,098-US-0023-0,NULL,NULL,2021,O,7.26399E+11,098-US-0023  -000,HIGH,098-US-0023  -000,26.282,0,0,0,0,0,0,1,0,0,0,0,0,0
72716264,KSP0900,2021-00513016,20211217,1807,,28251,US119,,,US0119,US0119,0,098 US-119-10,US0119,N,N,NULL,NULL,NULL,N,NULL,NULL,NULL,NULL,NULL,NULL,24.34,NULL,NULL,NULL,NULL,,NULL,0,1,2,1,N,N,45,NULL,98,9836,NULL,,Y,37.65976,37,39.586,NULL,-82.27335,82,16.401,NULL,N,NULL,NULL,NULL,NULL,NULL,NULL,NULL,NULL,9,3,4,6,1,5,6,5,1,3,N,NULL,N,Y,1844,1930,2142,N,NULL,36,2,1,Y,,N,N,098-US-0119-10,NULL,NULL,2021,K,7.27163E+11,098-US-0119  -010,HIGH,098-US-0119  -000,24.34,0,0,0,0,1,0,0,0,1,0,0,0,0
72661330,KSP0900,21-346644,20210820,523,,,US460,,,US0460,US0460,0,098 US-460,US0460,N,N,NULL,NULL,NULL,N,NULL,NULL,NULL,NULL,NULL,NULL,6.024,NULL,NULL,NULL,NULL,,NULL,0,0,1,1,N,N,55,NULL,98,9824,NULL,,Y,37.40324,37,24.194,NULL,-82.43472,82,26.083,NULL,N,NULL,NULL,NULL,NULL,NULL,NULL,NULL,NULL,9,7,2,6,1,8,6,2,7,3,N,NULL,Y,N,523,640,523,N,NULL,40,,1,N,,N,N,098-US-0460-0,NULL,NULL,2021,NULL,7.26613E+11,098-US-0460  -000,HIGH,098-US-0460  -000,6.024,0,0,0,0,0,0,0,0,0,0,0,1,0
72635883,980100,2.021E+11,20210601,1635,,,2ND,,ST,,,0,098 CS-1117,CS1117,N,N,NULL,NULL,NULL,N,NULL,NULL,NULL,NULL,NULL,NULL,0.051,NULL,NULL,NULL,NULL,,NULL,0,0,2,2,N,N,15,NULL,98,9801,NULL,,Y,37.48289,37,28.973,NULL,-82.51608,82,30.965,NULL,N,NULL,NULL,NULL,NULL,NULL,NULL,NULL,NULL,8,3,1,6,1,1,2,2,1,3,N,NULL,Y,N,1635,1642,,N,NULL,53,,,N,,N,N,098-CS-1117-0,NULL,NULL,2021,O,7.26359E+11,098-CS-1117  -000,HIGH,098-CS-1117  -000,0.051,0,0,0,0,0,0,1,0,0,0,0,1,0
72663378,980100,2.021E+11,20210825,1425,,,HAMBLEY,,BLVD,,,0,098 CS-1222,CS1222,N,N,NULL,NULL,NULL,N,NULL,NULL,NULL,NULL,NULL,NULL,0.439,NULL,NULL,NULL,NULL,,NULL,0,0,2,2,N,N,15,NULL,98,9801,NULL,,Y,37.47772,37,28.663,NULL,-82.52106,82,31.263,NULL,N,NULL,NULL,NULL,NULL,NULL,NULL,NULL,NULL,8,97,1,6,2,1,2,2,3,3,N,NULL,Y,N,1426,1426,,N,NULL,47,,,N,,N,N,098-CS-1222-0,NULL,NULL,2021,O,7.26634E+11,098-CS-1222  -000,HIGH,098-CS-1222  -000,0.439,0,0,1,0,0,0,0,0,0,0,0,0,0
72635884,980100,2.021E+11,20210607,1604,,,US23,,,US0023,US0023,0,098 US-23,US0023,N,N,NULL,NULL,NULL,N,NULL,NULL,NULL,NULL,NULL,NULL,20.121,NULL,NULL,NULL,NULL,,NULL,0,0,1,1,N,N,55,NULL,98,9801,NULL,,Y,37.44821,37,26.893,NULL,-82.51377,82,30.826,NULL,N,NULL,NULL,NULL,NULL,NULL,NULL,NULL,NULL,9,3,4,6,1,6,6,2,1,3,N,NULL,Y,N,1604,1613,,N,NULL,40,,1,N,,N,N,098-US-0023-0,NULL,NULL,2021,O,7.26359E+11,098-US-0023  -000,HIGH,098-US-0023  -000,20.121,0,0,0,0,0,0,0,1,0,0,0,1,0
72676087,980100,2.021E+11,20210927,2350,,,BYPASS,N,RD,KY1460,KY1460,,,,N,N,NULL,NULL,NULL,N,NULL,NULL,NULL,NULL,NULL,NULL,5.576,NULL,NULL,NULL,NULL,,NULL,0,0,1,1,N,N,45,NULL,98,9801,NULL,,Y,37.48647,37,29.188,NULL,-82.52076,82,31.246,NULL,N,NULL,NULL,NULL,NULL,NULL,NULL,NULL,NULL,9,3,2,3,1,1,2,5,7,3,N,NULL,Y,N,0,10,,N,NULL,40,16,0,N,,N,N,,NULL,NULL,2021,O,7.26761E+11,098-KY-1460  -000,HIGH,098-KY-1460  -000,5.576,0,0,0,0,0,0,0,0,0,0,0,1,0
72657064,370200,2021-319888,20210802,1201,,,KY194,,,KY0194,KY0194,0,098 KY-194,KY0194,N,N,NULL,NULL,NULL,N,NULL,NULL,NULL,NULL,NULL,NULL,59.132,NULL,NULL,NULL,NULL,,NULL,0,0,2,2,N,N,35,NULL,98,9811,NULL,,Y,37.55279,37,33.168,NULL,-82.15915,82,9.549,NULL,N,NULL,NULL,NULL,NULL,NULL,NULL,NULL,NULL,7,3,2,3,1,1,2,2,7,3,N,NULL,Y,N,1218,1253,1253,N,NULL,54,7,0,N,,N,N,098-KY-0194-0,NULL,NULL,2021,O,7.26571E+11,098-KY-0194  -000,HIGH,098-KY-0194  -000,59.132,0,1,0,0,0,0,1,0,0,0,0,1,0
72707181,980100,2.021E+11,20211208,1840,,,BAIRD,,AVE,KY1426,KY1426,0,098 KY-1426,KY1426,Y,N,NULL,NULL,NULL,N,NULL,NULL,NULL,NULL,NULL,NULL,5.378,NULL,NULL,NULL,NULL,,NULL,0,0,2,2,N,N,10,NULL,98,9801,NULL,,Y,37.47351,37,28.411,NULL,-82.52716,82,31.63,NULL,N,NULL,NULL,NULL,NULL,NULL,NULL,NULL,NULL,2,97,2,6,1,1,2,5,1,3,N,NULL,Y,N,1840,1848,1851,N,NULL,90,,0,N,,N,N,098-KY-1426-0,NULL,NULL,2021,O,7.27072E+11,098-KY-1426  -000,HIGH,098-KY-1426  -000,5.378,0,0,0,0,0,0,1,0,0,0,0,0,0
72644536,980100,2.021E+11,20210706,1352,,,MAIN,,ST,,,0,098 CS-1112,CS1112,N,N,NULL,NULL,NULL,N,NULL,NULL,NULL,NULL,NULL,NULL,0.055,NULL,NULL,NULL,NULL,,NULL,0,0,4,4,N,N,15,NULL,98,9801,NULL,,Y,37.47845,37,28.707,NULL,-82.51814,82,31.088,NULL,N,NULL,NULL,NULL,NULL,NULL,NULL,NULL,NULL,8,5,2,6,1,1,2,2,1,3,N,NULL,Y,N,1352,1423,1444,N,NULL,47,,,N,,N,N,098-CS-1112-0,NULL,NULL,2021,O,7.26445E+11,098-CS-1112  -000,HIGH,098-CS-1112  -000,0.055,0,0,0,0,0,0,0,0,0,0,0,0,0
72652494,KSP0900,21-309157,20210726,800,,,MUDLICK,,RD,,,0,098 CR-1089,CR1089,N,N,NULL,NULL,NULL,N,NULL,NULL,NULL,NULL,NULL,NULL,1.254,NULL,NULL,NULL,NULL,,NULL,0,0,2,2,N,N,35,NULL,98,9842,NULL,,Y,37.59135,37,35.481,NULL,-82.22679,82,13.607,NULL,N,NULL,NULL,NULL,NULL,NULL,NULL,NULL,NULL,7,3,2,6,1,1,2,2,7,3,N,NULL,Y,N,800,820,800,N,NULL,54,,,N,,N,N,098-CR-1089-0,NULL,NULL,2021,O,7.26525E+11,098-CR-1089  -000,HIGH,098-CR-1089  -000,1.254,0,0,1,0,0,0,0,0,0,0,0,1,0
72644785,980100,2.021E+11,20210701,2044,,,KENTUCKY,,AVE,,,0,098 CS-1162,CS1162,N,Y,SMITH,,ST,N,NULL,NULL,NULL,NULL,NULL,NULL,0.056,NULL,NULL,NULL,NULL,,NULL,0,0,2,2,Y,N,15,NULL,98,9801,NULL,,Y,37.48314,37,28.988,NULL,-82.52132,82,31.28,NULL,N,NULL,NULL,NULL,NULL,NULL,NULL,NULL,NULL,2,3,NULL,NULL,1,5,6,3,6,3,N,NULL,Y,Y,2044,2047,,Y,NULL,6,,,Y,,N,N,098-CS-1162-0,NULL,NULL,2021,O,7.26448E+11,098-CS-1162  -000,HIGH,098-CS-1162  -000,0.056,0,0,0,0,0,0,1,0,0,1,1,0,0
72634940,KSP0900,21-238668,20210611,26,,,COLLINS,,HWY,KY0122,KY0122,0,098 KY-122,KY0122,N,N,NULL,NULL,NULL,N,NULL,NULL,NULL,NULL,NULL,NULL,15.66,NULL,NULL,NULL,NULL,,NULL,0,0,1,1,N,N,45,NULL,98,9824,NULL,,Y,37.42269,37,25.362,NULL,-82.4996,82,29.976,NULL,N,NULL,NULL,NULL,NULL,NULL,NULL,NULL,NULL,9,3,2,6,1,5,2,6,7,3,N,NULL,Y,Y,100,130,150,N,NULL,40,,0,N,,N,N,098-KY-0122-0,NULL,NULL,2021,O,7.26349E+11,098-KY-0122  -000,HIGH,098-KY-0122  -000,15.66,0,0,0,0,0,0,1,0,0,0,0,1,0
72654011,KSP0900,21-319713,20210802,920,,,BEAVER CR,,RD,KY1373,KY1373,0,098 KY-1373,KY1373,N,N,NULL,NULL,NULL,N,NULL,NULL,NULL,NULL,NULL,NULL,1.769,NULL,NULL,NULL,NULL,,NULL,0,0,1,1,N,N,55,NULL,98,9802,2,NE,N,37.32579,37,19.548,NULL,-82.33372,82,20.023,NULL,N,NULL,NULL,NULL,NULL,NULL,NULL,NULL,NULL,9,5,2,3,1,1,2,2,7,3,N,NULL,Y,N,920,940,940,N,NULL,44,8,0,N,,N,N,098-KY-1373-0,NULL,NULL,2021,O,7.2654E+11,098-KY-1373  -000,HIGH,098-KY-1373  -000,1.769,1,0,0,0,0,0,0,0,0,0,0,1,0
72666389,KSP0900,21-364040,20210901,1526,,,BOWLING,,FRK,,,0,098 CR-1206Q3,CR1206Q3,N,N,NULL,NULL,NULL,N,NULL,NULL,NULL,NULL,NULL,NULL,1.192,NULL,NULL,NULL,NULL,,NULL,1,0,1,1,N,N,35,NULL,98,9830,NULL,,Y,37.29851,37,17.91,NULL,-82.49284,82,29.57,NULL,N,NULL,NULL,NULL,NULL,NULL,NULL,NULL,NULL,9,97,1,1,1,5,6,2,7,3,N,NULL,Y,Y,1536,1556,1556,N,NULL,44,,,N,,N,N,098-CR-1206Q3-0,NULL,NULL,2021,C,7.26664E+11,098-CR-1206Q3-000,HIGH,098-CR-1206Q3-000,1.192,0,0,0,0,0,0,0,0,0,1,0,1,0
72694121,980000,21-10-005,20211025,1700,,,KY632,,,KY0632,KY0632,0,098 KY-632,KY0632,N,N,NULL,NULL,NULL,N,NULL,NULL,NULL,NULL,NULL,NULL,0.705,NULL,NULL,NULL,NULL,,NULL,1,0,1,1,N,N,55,NULL,98,9817,NULL,,Y,37.49578,37,29.747,NULL,-82.33841,82,20.304,NULL,N,NULL,NULL,NULL,NULL,NULL,NULL,NULL,NULL,9,4,2,3,1,5,6,2,7,3,Y,NULL,Y,Y,1700,1725,1750,N,NULL,44,6,0,N,,N,N,098-KY-0632-0,NULL,NULL,2021,C,7.26941E+11,098-KY-0632  -000,HIGH,098-KY-0632  -000,0.705,0,0,0,1,0,0,0,0,0,0,0,1,0
72647420,980500,2021AR027,20210714,1420,,,MAIN STREET,,,,,,,,N,N,NULL,NULL,NULL,N,NULL,NULL,NULL,NULL,NULL,NULL,NULL,NULL,NULL,NULL,NULL,NULL,NULL,0,0,2,2,Y,N,25,NULL,98,9807,NULL,,Y,37.51709,37,31.026,NULL,-82.56308,82,33.785,NULL,N,NULL,NULL,NULL,NULL,NULL,NULL,NULL,NULL,2,6,2,6,1,1,2,2,7,3,N,NULL,Y,Y,1415,1420,1420,N,NULL,47,,,N,,N,N,,NULL,NULL,2021,O,7.26474E+11,098-CS-3000  -000,MEDIUM,098-CS-3000  -000,0.24,0,0,0,0,0,0,0,0,0,0,0,0,0
72693794,980100,2.021E+11,20211103,1512,,,SCOTT,,AVE,,,0,098 CS-1116,CS1116,N,N,NULL,NULL,NULL,N,NULL,NULL,NULL,NULL,NULL,NULL,0.131,NULL,NULL,NULL,NULL,,NULL,0,0,2,2,N,N,25,NULL,98,9801,NULL,,Y,37.48317,37,28.99,NULL,-82.51736,82,31.041,NULL,N,NULL,NULL,NULL,NULL,NULL,NULL,NULL,NULL,2,7,1,6,1,1,3,2,6,3,N,NULL,Y,N,1512,1512,1512,N,NULL,47,,,N,,N,N,098-CS-1116-0,NULL,NULL,2021,O,7.26938E+11,098-CS-1116  -000,HIGH,098-CS-1116  -000,0.131,0,0,0,0,0,0,1,0,0,0,0,0,0