MasterFile,AgencyORINumber,LocalCode,CollisionDate,CollisionTime,CollisionDayWeekCode,RoadwayName_HouseBusinessNumber_,RoadwayName_RoadwayName_,RoadwayName_Direction_,RoadwayName_RoadwaySuffix_,RoadwayfromReport,CurrentRoadwayNumber,RoadwayNumberCoupletID,RSEUniqueGIS,RoadwayIdentifier,ParkingLotIndicator,IntersectionWith_Indicator_,IntersectionWith_NameRoadway_,IntersectionWith_Direction_,IntersectionWith_RoadwaySuffix_,BetweenStreets_Indicator_,BetweenStreets1_NameRoadway_,BetweenStreet1_Direction_,BetweenStreets1_RoadwaySuffix_,BetweenStreets2_NameRoadway_,BetweenStreets2_Direction_,BetweenStreets2_RoadwaySuffix_,Milepoint,ReportMilepointDeriveNumber,CurrentDerivedMiepointNumber,MilestoMilepoint,FeettoMilepoint,DirectionfromMilepoint_NSEW_,ValidMilepointIndicator,NumberInjured,NumberKilled,ofUnits,ofMotorVehicleUnits,Hit&RunIndicator,OneWayIndicator,SpeedLimitNumber,KilometersIndicator,CountyCode,CityCountyCode,MilesFromCity,DirectionFromCity_NSEW_,InCityLimitsIndicator,Latitude,LatitudeDegrees,LatitudeMinutes,LatitudeSeconds,Longitude,LongitudeDegrees,LongitudeMinutes,LongitudeSeconds,RampIndicator,RampFromIdentifier,RampFromDirCode,RampFromCoupletID,RSEUniqueGISRampFrom,RampToidentifier,RampToDirCode,RampToCoupletID,RSEUniqueGisRampTo,MannerofCollisionCode,LocationFirstEventCode,TotalLanes,RoadwayCharacterCode,RoadwaySurfaceCode,RoadwayConditionCode,WeatherCode,LightConditionCode,LandUseCode,SchoolBusRelatedCode,FirstAidSceneIndicator,CollDescPresentInd,InvestigationCompleteIndicator,PhotosTakenIndicator,TimeNotified,TimeArrived,TimeRoadwayOpened,PropertyDamageIndicator,DiagramPresentIndicator,DirectionalAnalysis,FunctionClassCode,NationalHwySysCode,EnforcementsIndicator,KARSCityCode,SecondaryCollisionIndicator,MedianCrossoverIndicator,RT_UNIQUE,MapIt,TimeLastLeft,YR,KABCO,MFNY,WorkingRID,RT_CONFIDENCE,KTC_RT,KTC_MP,Motorcyclist,CommercialVehicle,YoungDriver,MatureDriver,pedestrian,Bicyclist,Distracted,agressive,Impaired,Unrestrained,Intersection,RoadwayDeparture,MedXover
72719083,980100,2.022E+11,20220108,1300,,,CASSIDY,,BLVD,,,0,098 CS-1191,CS1191,Y,N,NULL,NULL,NULL,N,NULL,NULL,NULL,NULL,NULL,NULL,0.337,NULL,NULL,NULL,NULL,,NULL,0,0,2,2,N,N,NULL,NULL,98,9801,NULL,,Y,37.50516,37,30.309,NULL,-82.53756,82,32.254,NULL,N,NULL,NULL,NULL,NULL,NULL,NULL,NULL,NULL,2,97,NULL,6,1,2,2,2,1,3,N,NULL,Y,N,1300,1308,,N,NULL,90,,,N,,N,N,098-CS-1191-0,NULL,NULL,2022,O,7.27191E+11,098-CS-1191  -000,HIGH,098-CS-1191  -000,0.337,0,0,0,0,0,0,0,0,0,0,0,0,0
72663130,980100,2.021E+11,20210823,1600,,,KENTUCKY,,AVE,,,0,098 CS-1162,CS1162,Y,N,NULL,NULL,NULL,N,NULL,NULL,NULL,NULL,NULL,NULL,0.349,NULL,NULL,NULL,NULL,,NULL,0,0,2,2,N,N,NULL,NULL,98,9801,NULL,,Y,37.47893,37,28.736,NULL,-82.52167,82,31.3,NULL,N,NULL,NULL,NULL,NULL,NULL,NULL,NULL,NULL,8,97,NULL,6,1,1,2,2,8,3,N,NULL,Y,N,1515,1520,,N,NULL,90,,,N,,N,N,098-CS-1162-0,NULL,NULL,2021,O,7.26631E+11,098-CS-1162  -000,HIGH,098-CS-1162  -000,0.349,0,0,1,0,0,0,0,0,0,0,0,0,0
72655178,KSP0900,21-137723,20210407,430,,,KY194,,,KY0194,KY0194,0,098 KY-194,KY0194,N,N,NULL,NULL,NULL,N,NULL,NULL,NULL,NULL,NULL,NULL,64.452,NULL,NULL,NULL,NULL,,NULL,2,0,1,1,N,N,35,NULL,98,9873,NULL,,Y,37.55128,37,33.077,NULL,-82.10313,82,6.188,NULL,N,NULL,NULL,NULL,NULL,NULL,NULL,NULL,NULL,9,3,2,1,1,1,2,4,7,3,Y,NULL,Y,Y,438,511,438,N,NULL,40,7,0,N,,N,N,098-KY-0194-0,NULL,NULL,2021,A,7.26552E+11,098-KY-0194  -000,HIGH,098-KY-0194  -000,64.452,0,0,0,0,0,0,1,0,1,0,0,1,0
72646279,980000,21-06-005,20210622,1920,,,US460,,,US0460,US0460,0,098 US-460,US0460,N,N,NULL,NULL,NULL,N,NULL,NULL,NULL,NULL,NULL,NULL,4.24,NULL,NULL,NULL,NULL,,NULL,1,0,2,2,N,N,55,NULL,98,9824,4,E,N,37.41862,37,25.117,NULL,-82.45786,82,27.471,NULL,N,NULL,NULL,NULL,NULL,NULL,NULL,NULL,NULL,5,3,2,6,1,1,2,2,7,3,N,NULL,Y,Y,1920,1920,1930,N,NULL,70,,1,N,,N,N,098-US-0460-0,NULL,NULL,2021,C,7.26463E+11,098-US-0460  -000,HIGH,098-US-0460  -000,4.24,0,0,0,0,0,0,1,0,0,0,0,0,0
72646296,KSP0900,21-287211,20210711,1841,,,CULLER,,HOLW,,,0,098 CR-1054B,CR1054B,N,N,NULL,NULL,NULL,N,NULL,NULL,NULL,NULL,NULL,NULL,0.308,NULL,NULL,NULL,NULL,,NULL,0,0,2,2,N,N,15,NULL,98,9869,NULL,,Y,37.65658,37,39.395,NULL,-82.24632,82,14.779,NULL,N,NULL,NULL,NULL,NULL,NULL,NULL,NULL,NULL,2,97,1,6,1,1,2,2,5,3,N,NULL,Y,N,1841,1900,1900,N,NULL,47,,,Y,,N,N,098-CR-1054B-0,NULL,NULL,2021,O,7.26463E+11,098-CR-1054B -000,HIGH,098-CR-1054B -000,0.308,0,0,0,0,0,0,1,0,0,0,0,0,0
72650161,KSP0900,21-297551,20210718,1803,,,WOLFORD,,ST,,,0,098 CR-1833L,CR1833L,N,N,NULL,NULL,NULL,N,NULL,NULL,NULL,NULL,NULL,NULL,0.052,NULL,NULL,NULL,NULL,,NULL,0,0,2,2,N,N,25,NULL,98,9804,NULL,,Y,37.51378,37,30.827,NULL,-82.15515,82,9.309,NULL,N,NULL,NULL,NULL,NULL,NULL,NULL,NULL,NULL,1,3,1,6,1,1,2,2,7,3,N,NULL,N,N,1802,1815,1815,N,NULL,55,,,N,,N,N,098-CR-1833L-0,NULL,NULL,2021,O,7.26502E+11,098-CR-1833L -000,HIGH,098-CR-1833L -000,0.052,0,0,0,0,0,0,1,0,0,0,0,0,0
72648337,KSP0900,21-294704,20210716,1816,,,US460,,,US0460,US0460,0,098 US-460,US0460,N,N,NULL,NULL,NULL,N,NULL,NULL,NULL,NULL,NULL,NULL,4.05,NULL,NULL,NULL,NULL,,NULL,0,0,2,2,N,N,45,NULL,98,9824,NULL,,Y,37.41933,37,25.16,NULL,-82.46135,82,27.681,NULL,N,NULL,NULL,NULL,NULL,NULL,NULL,NULL,NULL,5,3,2,6,1,1,2,2,7,3,N,NULL,Y,N,1816,1820,1820,N,NULL,49,,1,N,,N,N,098-US-0460-0,NULL,NULL,2021,O,7.26483E+11,098-US-0460  -000,HIGH,098-US-0460  -000,4.05,0,0,0,0,0,0,1,0,0,0,0,0,0
72690959,KSP0900,21-449285,20211101,1841,,,US23,,,US0023,US0023,0,098 US-23,US0023,N,N,NULL,NULL,NULL,N,NULL,NULL,NULL,NULL,NULL,NULL,0.019,NULL,NULL,NULL,NULL,,NULL,0,0,1,1,N,N,55,NULL,98,9809,NULL,,Y,37.24076,37,14.445,NULL,-82.62156,82,37.294,NULL,N,NULL,NULL,NULL,NULL,NULL,NULL,NULL,NULL,9,3,4,6,1,1,2,2,7,3,N,NULL,Y,N,1850,1928,,N,NULL,38,,1,N,,N,N,098-US-0023-0,NULL,NULL,2021,O,7.2691E+11,098-US-0023  -000,HIGH,098-US-0023  -000,0.019,0,1,0,0,0,0,0,0,0,0,0,0,0
72698685,KSP0900,21-472695,20211118,2202,,,US119,,,US0119,US0119,0,098 US-119,US0119,N,N,NULL,NULL,NULL,N,NULL,NULL,NULL,NULL,NULL,NULL,23.39,NULL,NULL,NULL,NULL,,NULL,0,0,2,2,N,N,55,NULL,98,9836,NULL,,Y,37.64719,37,38.831,NULL,-82.26717,82,16.031,NULL,N,NULL,NULL,NULL,NULL,NULL,NULL,NULL,NULL,2,7,2,6,1,5,2,5,7,3,N,NULL,Y,N,2202,2213,2202,N,NULL,47,2,1,N,,N,N,098-US-0119-0,NULL,NULL,2021,O,7.26987E+11,098-US-0119  -000,HIGH,098-US-0119  -000,23.39,0,0,1,0,0,0,1,0,0,0,0,0,0
72663604,980100,2.021E+11,20210824,926,,110,JULIUS,,AVE,,,0,098 CS-1156,CS1156,Y,N,NULL,NULL,NULL,N,NULL,NULL,NULL,NULL,NULL,NULL,0.051,NULL,NULL,NULL,NULL,,NULL,0,0,2,2,N,N,NULL,NULL,98,9801,NULL,,Y,37.47689,37,28.614,NULL,-82.52299,82,31.38,NULL,N,NULL,NULL,NULL,NULL,NULL,NULL,NULL,NULL,7,97,NULL,5,1,1,3,2,5,3,N,NULL,Y,N,927,935,935,N,NULL,90,,,N,,N,N,098-CS-1156-0,NULL,NULL,2021,O,7.26636E+11,098-CS-1156  -000,HIGH,098-CS-1156  -000,0.051,0,0,0,0,0,0,1,0,0,0,0,0,0
72682094,KSP0900,21-410406,20211004,1810,,3920,US23,,,US0023,US0023,0,098 US-23,US0023,N,N,NULL,NULL,NULL,N,NULL,NULL,NULL,NULL,NULL,NULL,28.683,NULL,NULL,NULL,NULL,,NULL,0,0,2,2,N,N,55,NULL,98,9801,NULL,,Y,37.52056,37,31.233,NULL,-82.5681,82,34.086,NULL,N,NULL,NULL,NULL,NULL,NULL,NULL,NULL,NULL,5,97,1,6,1,5,2,2,5,3,N,NULL,Y,N,1810,1810,,N,NULL,49,,1,N,,N,N,098-US-0023-0,NULL,NULL,2021,O,7.26821E+11,098-US-0023  -000,HIGH,098-US-0023  -000,28.683,0,0,0,0,0,0,0,0,0,0,0,0,0
72702299,KSP0900,21-485183,20211128,1015,,,KY122,,,KY0122,KY0122,0,098 KY-122,KY0122,N,N,NULL,NULL,NULL,N,NULL,NULL,NULL,NULL,NULL,NULL,8.865,NULL,NULL,NULL,NULL,,NULL,0,0,1,1,N,N,45,NULL,98,9827,NULL,,Y,37.39079,37,23.447,NULL,-82.56886,82,34.131,NULL,N,NULL,NULL,NULL,NULL,NULL,NULL,NULL,NULL,9,5,2,2,1,1,2,2,6,3,N,NULL,Y,N,1015,1020,1045,N,NULL,44,,0,N,,N,N,098-KY-0122-0,NULL,NULL,2021,O,7.27023E+11,098-KY-0122  -000,HIGH,098-KY-0122  -000,8.865,0,0,0,0,0,0,0,1,0,0,0,1,0
72712515,KSP0900,21-496116,20211206,700,,,STATE HIGHWAY 292,E,,,,0,098 CR-1061,CR1061,N,N,NULL,NULL,NULL,N,NULL,NULL,NULL,NULL,NULL,NULL,0.308,NULL,NULL,NULL,NULL,,NULL,0,0,1,1,N,N,35,NULL,98,9893,NULL,,Y,37.62473,37,37.484,NULL,-82.21329,82,12.797,NULL,N,NULL,NULL,NULL,NULL,NULL,NULL,NULL,NULL,9,3,1,3,1,5,3,6,7,3,N,NULL,Y,N,700,720,830,N,NULL,70,,,N,,N,N,098-CR-1061-0,NULL,NULL,2021,O,7.27125E+11,098-CR-1061  -000,HIGH,098-CR-1061  -000,0.308,0,0,0,0,0,0,1,0,0,0,0,1,0
72628651,KSP0900,21-213613,20210525,1943,,,COLLINS,,HWY,KY0122,KY0122,0,098 KY-122,KY0122,N,N,NULL,NULL,NULL,N,NULL,NULL,NULL,NULL,NULL,NULL,12.498,NULL,NULL,NULL,NULL,,NULL,0,0,2,2,N,N,55,NULL,98,9801,3,S,N,37.39842,37,23.905,NULL,-82.51818,82,31.091,NULL,N,NULL,NULL,NULL,NULL,NULL,NULL,NULL,NULL,8,3,2,6,1,1,2,2,7,3,N,NULL,Y,N,2000,2016,2016,N,NULL,47,,0,N,,N,N,098-KY-0122-0,NULL,NULL,2021,O,7.26287E+11,098-KY-0122  -000,HIGH,098-KY-0122  -000,12.498,0,0,0,0,0,0,1,0,0,0,0,1,0
72699265,980200,980200,20211118,1758,,15691,KY80,,,KY0080,KY0080,0,098 KY-80,KY0080,N,N,NULL,NULL,NULL,N,NULL,NULL,NULL,NULL,NULL,NULL,0.874,NULL,NULL,NULL,NULL,,NULL,3,0,5,5,N,N,55,NULL,98,9802,2.5,W,N,37.33064,37,19.838,NULL,-82.36886,82,22.132,NULL,N,NULL,NULL,NULL,NULL,NULL,NULL,NULL,NULL,7,3,2,3,1,5,3,6,7,3,Y,NULL,N,Y,1759,1803,2041,N,NULL,54,7,5,N,,N,Y,098-KY-0080-0,NULL,NULL,2021,A,7.26993E+11,098-KY-0080  -000,HIGH,098-KY-0080  -000,0.873,0,0,0,1,0,0,0,0,0,1,0,1,1
72687806,980100,2.021E+11,20211025,1503,,,HAROLDS BRANCH,,RD,,,0,098 CS-1223,CS1223,Y,N,NULL,NULL,NULL,N,NULL,NULL,NULL,NULL,NULL,NULL,0.02,NULL,NULL,NULL,NULL,,NULL,0,0,2,2,N,N,15,NULL,98,9801,NULL,,Y,37.47257,37,28.354,NULL,-82.52254,82,31.353,NULL,N,NULL,NULL,NULL,NULL,NULL,NULL,NULL,NULL,1,97,NULL,4,2,1,3,2,5,3,N,NULL,Y,N,1504,1509,1509,N,NULL,90,,,N,,N,N,098-CS-1223-0,NULL,NULL,2021,O,7.26878E+11,098-CS-1223  -000,HIGH,098-CS-1223  -000,0.02,0,0,0,1,0,0,1,0,0,0,0,0,0
72712055,980100,2.021E+11,20211220,1350,,,METHODIST CHURCH PARKING LOT,,,,,,,,Y,N,NULL,NULL,NULL,N,NULL,NULL,NULL,NULL,NULL,NULL,NULL,NULL,NULL,NULL,NULL,NULL,NULL,0,0,1,1,N,N,15,NULL,98,9801,NULL,,Y,37.47814,37,28.688,NULL,-82.51891,82,31.134,NULL,N,NULL,NULL,NULL,NULL,NULL,NULL,NULL,NULL,9,97,1,6,1,1,2,2,1,3,N,NULL,Y,Y,1350,1350,1350,Y,NULL,90,,,N,,N,N,,NULL,NULL,2021,O,7.27121E+11,098-CS-1123  -000,MEDIUM,098-CS-1123  -000,0.133,0,0,0,0,0,0,0,0,0,0,0,1,0
72640189,KSP0900,21-261160,20210625,825,,,KING,,HOLW,,,0,098 CR-1471,CR1471,N,N,NULL,NULL,NULL,N,NULL,NULL,NULL,NULL,NULL,NULL,0.067,NULL,NULL,NULL,NULL,,NULL,0,0,1,1,N,N,55,NULL,98,9850,NULL,,Y,37.54169,37,32.501,NULL,-82.47184,82,28.311,NULL,N,NULL,NULL,NULL,NULL,NULL,NULL,NULL,NULL,9,3,2,3,1,1,2,2,7,3,N,NULL,N,N,825,850,1000,N,NULL,44,,,N,,N,N,098-CR-1471-0,NULL,NULL,2021,O,7.26402E+11,098-CR-1471  -000,HIGH,098-CR-1471  -000,0.067,0,0,0,1,0,0,1,0,0,0,0,1,0
72683379,KSP0900,2021-416119,20211008,2130,,,RACCOON,,RD,,,0,098 CR-1322,CR1322,N,N,NULL,NULL,NULL,N,NULL,NULL,NULL,NULL,NULL,NULL,0.181,NULL,NULL,NULL,NULL,,NULL,0,0,2,2,N,N,45,NULL,98,9828,NULL,,Y,37.47998,37,28.799,NULL,-82.40549,82,24.329,NULL,N,NULL,NULL,NULL,NULL,NULL,NULL,NULL,NULL,3,3,2,6,1,5,3,6,7,3,N,NULL,Y,N,2130,2130,2130,N,NULL,52,,,N,,N,N,098-CR-1322-0,NULL,NULL,2021,O,7.26834E+11,098-CR-1322  -000,HIGH,098-CR-1322  -000,0.181,0,0,0,0,0,0,0,0,0,0,0,1,0
72665471,KSP0900,21-342938,20210817,1605,,2491,COLLINS,,HWY,KY0122,KY0122,0,098 KY-122,KY0122,N,N,NULL,NULL,NULL,N,NULL,NULL,NULL,NULL,NULL,NULL,13.528,NULL,NULL,NULL,NULL,,NULL,1,0,1,1,N,N,55,NULL,98,9824,NULL,,Y,37.40621,37,24.373,NULL,-82.50765,82,30.459,NULL,N,NULL,NULL,NULL,NULL,NULL,NULL,NULL,NULL,9,3,2,1,1,5,6,2,7,3,Y,NULL,Y,Y,1607,1625,1730,N,NULL,70,,0,N,,N,N,098-KY-0122-0,NULL,NULL,2021,C,7.26655E+11,098-KY-0122  -000,HIGH,098-KY-0122  -000,13.528,0,0,0,0,0,0,0,0,0,0,0,1,0
72680533,980500,2021AR041,20211008,1546,,,MAYO TRAIL,N,,,,,,,N,N,NULL,NULL,NULL,N,NULL,NULL,NULL,NULL,NULL,NULL,NULL,NULL,NULL,NULL,NULL,NULL,NULL,0,0,2,2,N,N,45,NULL,98,9807,NULL,,Y,37.5191,37,31.146,NULL,-82.566,82,33.96,NULL,N,NULL,NULL,NULL,NULL,NULL,NULL,NULL,NULL,5,3,7,6,1,5,3,2,7,3,N,NULL,Y,Y,1548,1553,1559,N,NULL,49,,,N,,N,N,,NULL,NULL,2021,O,7.26805E+11,098-US-0023  -000,MEDIUM,098-US-0023  -000,28.52,0,0,1,0,0,0,1,0,0,0,0,0,0
72708906,980100,2.021E+11,20211207,1131,,,MAIN,,ST,,,0,098 CS-1112,CS1112,N,N,NULL,NULL,NULL,N,NULL,NULL,NULL,NULL,NULL,NULL,0.199,NULL,NULL,NULL,NULL,,NULL,0,0,2,2,N,Y,15,NULL,98,9801,NULL,,Y,37.48047,37,28.828,NULL,-82.51677,82,31.006,NULL,N,NULL,NULL,NULL,NULL,NULL,NULL,NULL,NULL,8,3,2,6,1,1,2,2,1,3,N,NULL,Y,N,1131,1133,1144,N,NULL,47,,,Y,,N,N,098-CS-1112-0,NULL,NULL,2021,O,7.27089E+11,098-CS-1112  -000,HIGH,098-CS-1112  -000,0.199,0,0,0,0,0,0,1,0,0,0,0,0,0
72690306,KSP0900,21-439446,20211025,1408,,,US23,,,US0023,US0023,0,098 US-23,US0023,N,N,NULL,NULL,NULL,N,NULL,NULL,NULL,NULL,NULL,NULL,6.502,NULL,NULL,NULL,NULL,,NULL,0,0,1,1,N,N,55,NULL,98,9827,NULL,,Y,37.29571,37,17.742,NULL,-82.54665,82,32.799,NULL,N,NULL,NULL,NULL,NULL,NULL,NULL,NULL,NULL,9,3,4,4,1,5,6,2,7,3,N,NULL,Y,N,1408,1425,1425,N,NULL,40,,1,N,,N,Y,098-US-0023-0,NULL,NULL,2021,O,7.26903E+11,098-US-0023  -000,HIGH,098-US-0023  -000,6.502,0,0,0,1,0,0,0,0,0,0,0,1,1
72697180,KSP0900,21-439480,20211025,1430,,,US119,,,US0119,US0119,0,098 US-119,US0119,N,N,NULL,NULL,NULL,N,NULL,NULL,NULL,NULL,NULL,NULL,22.4,NULL,NULL,NULL,NULL,,NULL,1,0,1,1,N,N,55,NULL,98,9836,NULL,,Y,37.63705,37,38.223,NULL,-82.25775,82,15.465,NULL,N,NULL,NULL,NULL,NULL,NULL,NULL,NULL,NULL,9,3,2,3,1,5,6,2,7,3,Y,NULL,Y,Y,1432,1433,1515,N,NULL,44,2,1,N,,N,N,098-US-0119-0,NULL,NULL,2021,C,7.26972E+11,098-US-0119  -000,HIGH,098-US-0119  -000,22.4,0,0,1,0,0,0,1,0,0,0,0,1,0
72689304,KSP0900,21-444323,20211029,545,,,KY194,,,KY0194,KY0194,0,098 KY-194,KY0194,N,N,NULL,NULL,NULL,N,NULL,NULL,NULL,NULL,NULL,NULL,17.665,NULL,NULL,NULL,NULL,,NULL,1,0,1,1,N,N,55,NULL,98,9817,NULL,,Y,37.55589,37,33.354,NULL,-82.43358,82,26.015,NULL,N,NULL,NULL,NULL,NULL,NULL,NULL,NULL,NULL,9,3,2,3,1,5,6,6,7,3,Y,NULL,Y,Y,545,555,645,N,NULL,44,7,0,N,,N,N,098-KY-0194-0,NULL,NULL,2021,B,7.26893E+11,098-KY-0194  -000,HIGH,098-KY-0194  -000,17.665,0,0,1,0,0,0,0,0,0,0,0,1,0
72686074,KSP0900,21-435261,20211022,1331,,,HWY 194,,,KY0194,KY0194,,,,N,N,NULL,NULL,NULL,N,NULL,NULL,NULL,NULL,NULL,NULL,3,3,NULL,NULL,NULL,S,NULL,1,0,1,1,N,N,45,NULL,98,9801,7,N,N,37.6199,37,37.194,NULL,-82.55234,82,33.14,NULL,N,NULL,NULL,NULL,NULL,NULL,NULL,NULL,NULL,9,5,2,3,2,1,2,2,7,3,N,NULL,Y,N,1331,1430,1430,N,NULL,44,8,0,N,,N,N,,NULL,NULL,2021,B,7.26861E+11,098-KY-0194  -000,MEDIUM,098-KY-0194  -000,3,0,0,0,0,0,0,0,0,0,0,0,1,0
72704599,KSP0900,21-486472,20211129,1130,,,KY632,,,KY0632,KY0632,0,098 KY-632,KY0632,N,N,NULL,NULL,NULL,N,NULL,NULL,NULL,NULL,NULL,NULL,10.457,NULL,NULL,NULL,NULL,,NULL,0,0,2,2,N,N,55,NULL,98,9804,NULL,,Y,37.48718,37,29.231,NULL,-82.1869,82,11.214,NULL,N,NULL,NULL,NULL,NULL,NULL,NULL,NULL,NULL,5,3,2,6,1,1,2,2,7,3,N,NULL,Y,N,1130,1130,1130,N,NULL,47,6,0,N,,N,N,098-KY-0632-0,NULL,NULL,2021,O,7.27046E+11,098-KY-0632  -000,HIGH,098-KY-0632  -000,10.457,0,0,0,1,0,0,0,0,0,0,0,0,0
72701155,980100,2.021E+11,20211124,1600,,,US23,,,US0023,US0023,0,098 US-23-10,US0023,N,N,NULL,NULL,NULL,N,NULL,NULL,NULL,NULL,NULL,NULL,27.414,NULL,NULL,NULL,NULL,,NULL,0,0,2,2,N,N,55,NULL,98,9807,NULL,,Y,37.51097,37,30.658,NULL,-82.54945,82,32.967,NULL,N,NULL,NULL,NULL,NULL,NULL,NULL,NULL,NULL,5,3,6,6,1,1,2,2,7,3,N,NULL,Y,N,1600,1606,1608,N,NULL,49,,1,Y,,N,N,098-US-0023-10,NULL,NULL,2021,O,7.27012E+11,098-US-0023  -010,HIGH,098-US-0023  -000,27.414,0,0,0,0,0,0,1,0,0,0,0,0,0
72698449,KSP0900,21-461630,20211110,1825,,,US119,,,US0119,US0119,0,098 US-119,US0119,N,N,NULL,NULL,NULL,N,NULL,NULL,NULL,NULL,NULL,NULL,18.303,NULL,NULL,NULL,NULL,,NULL,2,0,2,2,N,N,55,NULL,98,9836,NULL,,Y,37.59542,37,35.725,NULL,-82.28304,82,16.982,NULL,N,NULL,NULL,NULL,NULL,NULL,NULL,NULL,NULL,6,3,2,4,1,1,2,6,7,3,Y,NULL,Y,Y,1825,1825,1930,N,NULL,70,2,1,N,,N,N,098-US-0119-0,NULL,NULL,2021,A,7.26984E+11,098-US-0119  -000,HIGH,098-US-0119  -000,18.303,0,0,1,1,0,0,0,1,0,0,0,1,0
72713479,KSP0900,21-522692,20211225,924,,,US119,,,US0119,US0119,0,098 US-119-10,US0119,N,N,NULL,NULL,NULL,N,NULL,NULL,NULL,NULL,NULL,NULL,12.389,NULL,NULL,NULL,NULL,,NULL,0,0,1,1,N,N,55,NULL,98,9833,NULL,,Y,37.60119,37,36.071,NULL,-82.37177,82,22.307,NULL,N,NULL,NULL,NULL,NULL,NULL,NULL,NULL,NULL,9,5,2,6,1,1,3,2,7,3,N,NULL,Y,N,924,1010,1010,Y,NULL,51,2,1,N,,N,N,098-US-0119-10,NULL,NULL,2021,O,7.27135E+11,098-US-0119  -010,HIGH,098-US-0119  -000,12.389,0,0,0,0,0,0,0,0,0,0,0,1,0
72672432,980100,2.021E+11,20210917,1223,,,OWSLEY,,RD,KY1384,KY1384,0,098 KY-1384,KY1384,N,N,NULL,NULL,NULL,N,NULL,NULL,NULL,NULL,NULL,NULL,6.527,NULL,NULL,NULL,NULL,,NULL,0,0,2,2,N,N,35,NULL,98,9801,NULL,,Y,37.47703,37,28.622,NULL,-82.54698,82,32.819,NULL,N,NULL,NULL,NULL,NULL,NULL,NULL,NULL,NULL,5,3,2,4,1,1,2,2,6,3,N,NULL,Y,N,1223,1226,1250,N,NULL,49,17,0,Y,,N,N,098-KY-1384-0,NULL,NULL,2021,O,7.26724E+11,098-KY-1384  -000,HIGH,098-KY-1384  -000,6.527,0,0,0,0,0,0,1,0,0,0,0,0,0
72711092,980100,2.021E+11,20211218,1956,,274,CASSIDY,,BLVD,,,0,098 CS-1191,CS1191,Y,N,NULL,NULL,NULL,N,NULL,NULL,NULL,NULL,NULL,NULL,0.408,NULL,NULL,NULL,NULL,,NULL,0,0,2,2,N,N,15,NULL,98,9801,NULL,,Y,37.50474,37,30.285,NULL,-82.53903,82,32.342,NULL,N,NULL,NULL,NULL,NULL,NULL,NULL,NULL,NULL,2,97,NULL,6,1,5,2,5,1,3,N,NULL,Y,N,1957,2007,,N,NULL,90,,,N,,N,N,098-CS-1191-0,NULL,NULL,2021,O,7.27111E+11,098-CS-1191  -000,HIGH,098-CS-1191  -000,0.408,0,0,0,0,0,0,0,0,0,0,0,0,0
72675691,980100,2.021E+11,20210922,2029,,,US23,,,US0023,US0023,,,,N,N,NULL,NULL,NULL,N,NULL,NULL,NULL,NULL,NULL,NULL,23.06,NULL,NULL,NULL,NULL,,NULL,0,0,2,2,N,N,55,NULL,98,9801,NULL,,Y,37.46582,37,27.949,NULL,-82.52808,82,31.685,NULL,N,NULL,NULL,NULL,NULL,NULL,NULL,NULL,NULL,4,3,4,6,1,5,3,6,1,3,N,NULL,Y,N,2029,2032,2106,N,NULL,70,,1,N,,N,N,,NULL,NULL,2021,O,7.26757E+11,098-US-0023  -010,MEDIUM,098-US-0023  -000,23.06,0,0,0,0,0,0,1,0,0,0,0,0,0
72676107,KSP0900,21-401145,20210927,2057,,,COAL RIDGE,,RD,,,0,098 CR-1340,CR1340,N,N,NULL,NULL,NULL,N,NULL,NULL,NULL,NULL,NULL,NULL,2.082,NULL,NULL,NULL,NULL,,NULL,0,0,1,1,N,N,45,NULL,98,9801,NULL,,Y,37.4844,37,29.064,NULL,-82.43007,82,25.804,NULL,N,NULL,NULL,NULL,NULL,NULL,NULL,NULL,NULL,9,5,1,3,1,1,2,6,7,3,N,NULL,Y,N,2057,2141,2200,N,NULL,40,,,N,,N,N,098-CR-1340-0,NULL,NULL,2021,O,7.26761E+11,098-CR-1340  -000,HIGH,098-CR-1340  -000,2.082,0,0,0,0,0,0,1,0,0,0,0,1,0
72681116,980100,2.021E+11,20211010,1337,,,HAMBLEY,,BLVD,,,0,098 CS-1222,CS1222,N,N,NULL,NULL,NULL,N,NULL,NULL,NULL,NULL,NULL,NULL,0.151,NULL,NULL,NULL,NULL,,NULL,0,0,2,2,N,N,25,NULL,98,9801,NULL,,Y,37.47484,37,28.49,NULL,-82.52477,82,31.486,NULL,N,NULL,NULL,NULL,NULL,NULL,NULL,NULL,NULL,7,7,3,6,1,1,2,2,6,3,N,NULL,Y,N,1337,1337,,N,NULL,47,,,Y,,N,N,098-CS-1222-0,NULL,NULL,2021,O,7.26811E+11,098-CS-1222  -000,HIGH,098-CS-1222  -000,0.151,0,0,0,0,0,0,0,0,1,0,0,0,0
72690211,980100,2.021E+11,20211029,1533,,,US23,,,US0023,US0023,,,,N,N,NULL,NULL,NULL,N,NULL,NULL,NULL,NULL,NULL,NULL,26.124,NULL,NULL,NULL,NULL,,NULL,2,0,3,3,N,N,55,NULL,98,9801,NULL,,Y,37.5014,37,30.084,NULL,-82.53183,82,31.91,NULL,N,NULL,NULL,NULL,NULL,NULL,NULL,NULL,NULL,5,3,4,6,1,1,3,2,7,3,Y,NULL,Y,Y,1533,1537,1612,N,NULL,70,,1,N,,N,N,,NULL,NULL,2021,C,7.26902E+11,098-US-0023  -000,MEDIUM,098-US-0023  -000,26.124,0,0,0,0,0,0,1,0,0,1,0,1,0