MasterFile,AgencyORINumber,LocalCode,CollisionDate,CollisionTime,CollisionDayWeekCode,RoadwayName_HouseBusinessNumber_,RoadwayName_RoadwayName_,RoadwayName_Direction_,RoadwayName_RoadwaySuffix_,RoadwayfromReport,CurrentRoadwayNumber,RoadwayNumberCoupletID,RSEUniqueGIS,RoadwayIdentifier,ParkingLotIndicator,IntersectionWith_Indicator_,IntersectionWith_NameRoadway_,IntersectionWith_Direction_,IntersectionWith_RoadwaySuffix_,BetweenStreets_Indicator_,BetweenStreets1_NameRoadway_,BetweenStreet1_Direction_,BetweenStreets1_RoadwaySuffix_,BetweenStreets2_NameRoadway_,BetweenStreets2_Direction_,BetweenStreets2_RoadwaySuffix_,Milepoint,ReportMilepointDeriveNumber,CurrentDerivedMiepointNumber,MilestoMilepoint,FeettoMilepoint,DirectionfromMilepoint_NSEW_,ValidMilepointIndicator,NumberInjured,NumberKilled,ofUnits,ofMotorVehicleUnits,Hit&RunIndicator,OneWayIndicator,SpeedLimitNumber,KilometersIndicator,CountyCode,CityCountyCode,MilesFromCity,DirectionFromCity_NSEW_,InCityLimitsIndicator,Latitude,LatitudeDegrees,LatitudeMinutes,LatitudeSeconds,Longitude,LongitudeDegrees,LongitudeMinutes,LongitudeSeconds,RampIndicator,RampFromIdentifier,RampFromDirCode,RampFromCoupletID,RSEUniqueGISRampFrom,RampToidentifier,RampToDirCode,RampToCoupletID,RSEUniqueGisRampTo,MannerofCollisionCode,LocationFirstEventCode,TotalLanes,RoadwayCharacterCode,RoadwaySurfaceCode,RoadwayConditionCode,WeatherCode,LightConditionCode,LandUseCode,SchoolBusRelatedCode,FirstAidSceneIndicator,CollDescPresentInd,InvestigationCompleteIndicator,PhotosTakenIndicator,TimeNotified,TimeArrived,TimeRoadwayOpened,PropertyDamageIndicator,DiagramPresentIndicator,DirectionalAnalysis,FunctionClassCode,NationalHwySysCode,EnforcementsIndicator,KARSCityCode,SecondaryCollisionIndicator,MedianCrossoverIndicator,RT_UNIQUE,MapIt,TimeLastLeft,YR,KABCO,MFNY,WorkingRID,RT_CONFIDENCE,KTC_RT,KTC_MP,Motorcyclist,CommercialVehicle,YoungDriver,MatureDriver,pedestrian,Bicyclist,Distracted,agressive,Impaired,Unrestrained,Intersection,RoadwayDeparture,MedXover
72692062,980100,2.021E+11,20211014,2331,,,BYPASS,S,RD,KY1426,KY1426,0,098 KY-1426,KY1426,N,N,NULL,NULL,NULL,N,NULL,NULL,NULL,NULL,NULL,NULL,5.61,NULL,NULL,NULL,NULL,,NULL,0,0,2,2,N,N,35,NULL,98,9801,NULL,,Y,37.47303,37,28.382,NULL,-82.52279,82,31.367,NULL,N,NULL,NULL,NULL,NULL,NULL,NULL,NULL,NULL,1,3,2,6,1,1,2,5,1,3,N,NULL,Y,N,2331,2334,,N,NULL,55,,0,N,,N,N,098-KY-1426-0,NULL,NULL,2021,O,7.26921E+11,098-KY-1426  -000,HIGH,098-KY-1426  -000,5.61,0,0,0,0,0,0,1,1,0,0,0,0,0
72673890,KSP0900,21-393434,20210922,1130,,,KY1056,,,KY1056,KY1056,0,098 KY-1056,KY1056,N,N,NULL,NULL,NULL,N,NULL,NULL,NULL,NULL,NULL,NULL,8.426,NULL,NULL,NULL,NULL,,NULL,0,0,1,1,N,N,55,NULL,98,9863,NULL,,Y,37.58854,37,35.312,NULL,-82.17504,82,10.502,NULL,N,NULL,NULL,NULL,NULL,NULL,NULL,NULL,NULL,9,3,2,6,1,5,6,2,7,3,N,NULL,Y,N,1145,1210,1215,N,NULL,40,7,0,N,,N,N,098-KY-1056-0,NULL,NULL,2021,O,7.26739E+11,098-KY-1056  -000,HIGH,098-KY-1056  -000,8.426,0,0,0,0,0,0,0,0,0,0,0,1,0
72713169,980100,2.021E+11,20211220,1536,,,BYPASS,N,RD,KY1460,KY1460,0,098 KY-1460,KY1460,N,N,NULL,NULL,NULL,N,NULL,NULL,NULL,NULL,NULL,NULL,5.171,NULL,NULL,NULL,NULL,,NULL,0,0,2,2,N,N,45,NULL,98,9801,NULL,,Y,37.48407,37,29.044,NULL,-82.51443,82,30.866,NULL,N,NULL,NULL,NULL,NULL,NULL,NULL,NULL,NULL,5,3,2,6,1,1,2,2,7,3,N,NULL,Y,N,1536,1540,1540,N,NULL,49,16,0,N,,N,N,098-KY-1460-0,NULL,NULL,2021,O,7.27132E+11,098-KY-1460  -000,HIGH,098-KY-1460  -000,5.171,0,0,0,1,0,0,0,0,0,0,0,0,0
72704389,KSP0900,21-491068,20211202,1712,,,KY632,,,KY0632,KY0632,0,098 KY-632,KY0632,N,N,NULL,NULL,NULL,N,NULL,NULL,NULL,NULL,NULL,NULL,13.72,NULL,NULL,NULL,NULL,,NULL,0,0,2,2,N,N,35,NULL,98,9804,NULL,,Y,37.5128,37,30.768,NULL,-82.15713,82,9.428,NULL,N,NULL,NULL,NULL,NULL,NULL,NULL,NULL,NULL,4,3,2,6,1,1,2,2,7,3,N,NULL,Y,N,1712,1750,1750,N,NULL,70,6,0,N,,N,N,098-KY-0632-0,NULL,NULL,2021,O,7.27044E+11,098-KY-0632  -000,HIGH,098-KY-0632  -000,13.72,0,0,0,0,0,0,1,0,0,0,0,0,0
72703305,KSP0900,21-482742,20211126,1330,,,KY194,,,KY0194,KY0194,0,098 KY-194,KY0194,N,N,NULL,NULL,NULL,N,NULL,NULL,NULL,NULL,NULL,NULL,14.311,NULL,NULL,NULL,NULL,,NULL,0,0,2,2,N,N,55,NULL,98,9801,NULL,,Y,37.57917,37,34.75,NULL,-82.48263,82,28.958,NULL,N,NULL,NULL,NULL,NULL,NULL,NULL,NULL,NULL,1,3,2,6,1,1,2,2,7,3,N,NULL,Y,N,1330,1335,1400,N,NULL,55,7,0,N,,N,N,098-KY-0194-0,NULL,NULL,2021,O,7.27033E+11,098-KY-0194  -000,HIGH,098-KY-0194  -000,14.311,0,0,0,0,0,0,0,1,0,0,0,0,0
72707042,980100,2.021E+11,20211208,1750,,,US23,,,US0023,US0023,,,,N,Y,STONE COAL CREEK,,RD,N,NULL,NULL,NULL,NULL,NULL,NULL,27.379,NULL,NULL,NULL,NULL,,NULL,0,0,3,3,N,N,55,NULL,98,9801,NULL,,Y,37.51096,37,30.658,NULL,-82.54878,82,32.927,NULL,N,NULL,NULL,NULL,NULL,NULL,NULL,NULL,NULL,5,3,8,6,1,1,2,4,7,3,N,NULL,Y,N,1750,1754,,N,NULL,35,,1,N,,N,N,,NULL,NULL,2021,O,7.2707E+11,098-US-0023  -000,MEDIUM,098-US-0023  -000,27.379,0,0,0,0,0,0,1,1,0,0,1,0,0
72688201,980100,2.021E+11,20211027,1230,,,CASSIDY,,BLVD,,,0,098 CS-1191,CS1191,Y,N,NULL,NULL,NULL,N,NULL,NULL,NULL,NULL,NULL,NULL,0.007,NULL,NULL,NULL,NULL,,NULL,0,0,2,2,N,N,NULL,NULL,98,9801,NULL,,Y,37.50407,37,30.244,NULL,-82.53687,82,32.212,NULL,N,NULL,NULL,NULL,NULL,NULL,NULL,NULL,NULL,8,97,NULL,6,1,1,2,2,1,3,N,NULL,Y,N,1230,1235,1235,N,NULL,90,,,N,,N,N,098-CS-1191-0,NULL,NULL,2021,O,7.26882E+11,098-CS-1191  -000,HIGH,098-CS-1191  -000,0.007,0,0,0,0,0,0,1,0,0,0,0,0,0
72683300,980100,2.021E+11,20211014,1459,,,JUSTICE,,WAY,,,,,,Y,N,NULL,NULL,NULL,N,NULL,NULL,NULL,NULL,NULL,NULL,NULL,NULL,NULL,NULL,NULL,,NULL,0,0,2,2,N,N,15,NULL,98,9801,NULL,,Y,37.50573,37,30.344,NULL,-82.54097,82,32.458,NULL,N,NULL,NULL,NULL,NULL,NULL,NULL,NULL,NULL,2,97,NULL,6,1,1,2,2,1,3,N,NULL,Y,N,1459,1507,,N,NULL,90,,,N,,N,N,,NULL,NULL,2021,O,7.26833E+11,098-CS-1215  -000,MEDIUM,098-CS-1215  -000,0.651,0,0,0,1,0,0,1,1,0,0,0,0,0
72685420,KSP0900,21-433090,20211020,2200,,,US460,,,US0460,US0460,0,098 US-460,US0460,N,N,NULL,NULL,NULL,N,NULL,NULL,NULL,NULL,NULL,NULL,8.076,NULL,NULL,NULL,NULL,,NULL,0,0,1,1,N,N,45,NULL,98,9832,NULL,,Y,37.3777,37,22.662,NULL,-82.43336,82,26.002,NULL,N,NULL,NULL,NULL,NULL,NULL,NULL,NULL,NULL,9,3,2,3,1,1,2,6,7,3,N,NULL,N,Y,2200,2200,2200,N,NULL,44,,1,N,,N,N,098-US-0460-0,NULL,NULL,2021,NULL,7.26854E+11,098-US-0460  -000,HIGH,098-US-0460  -000,8.076,0,0,0,0,0,0,0,0,0,0,0,1,0
72621146,980100,2.021E+11,20210504,1127,,911,BYPASS,,RD,,,0,098 CS-1223,CS1223,Y,N,NULL,NULL,NULL,N,NULL,NULL,NULL,NULL,NULL,NULL,NULL,NULL,NULL,NULL,NULL,NULL,NULL,0,0,2,2,N,N,NULL,NULL,98,9801,NULL,,Y,37.47128,37,28.277,NULL,-82.52117,82,31.27,NULL,N,NULL,NULL,NULL,NULL,NULL,NULL,NULL,NULL,2,97,1,6,2,1,2,2,1,3,N,NULL,Y,N,1127,1138,1138,N,NULL,90,,,N,,N,N,098-CS-1223-0,NULL,NULL,2021,O,7.26211E+11,098-CS-1223  -000,HIGH,098-CS-1223  -000,0.135,0,0,0,0,0,0,1,0,0,0,0,0,0
72700450,980100,2.021E+11,20211122,1246,,,CASSIDY,,BLVD,,,0,098 CS-1191,CS1191,Y,N,NULL,NULL,NULL,N,NULL,NULL,NULL,NULL,NULL,NULL,0.309,NULL,NULL,NULL,NULL,,NULL,0,0,2,2,Y,N,15,NULL,98,9801,NULL,,Y,37.50518,37,30.31,NULL,-82.53701,82,32.221,NULL,N,NULL,NULL,NULL,NULL,NULL,NULL,NULL,NULL,3,97,1,6,1,1,2,2,1,3,N,NULL,Y,N,1246,1253,1253,N,NULL,90,,,N,,N,N,098-CS-1191-0,NULL,NULL,2021,NULL,7.27005E+11,098-CS-1191  -000,HIGH,098-CS-1191  -000,0.309,0,0,0,0,0,0,0,0,0,0,0,0,0
72655945,KSP0900,21-308415,20210725,1742,,,US460,,,US0460,US0460,0,098 US-460,US0460,N,N,NULL,NULL,NULL,N,NULL,NULL,NULL,NULL,NULL,NULL,4.272,NULL,NULL,NULL,NULL,,NULL,2,0,3,3,N,N,45,NULL,98,9832,NULL,,Y,37.41852,37,25.111,NULL,-82.45725,82,27.435,NULL,N,NULL,NULL,NULL,NULL,NULL,NULL,NULL,NULL,1,3,2,6,1,1,2,2,7,3,N,NULL,Y,Y,1743,1749,1845,N,NULL,55,,1,N,,N,N,098-US-0460-0,NULL,NULL,2021,C,7.26559E+11,098-US-0460  -000,HIGH,098-US-0460  -000,4.272,0,0,0,1,0,0,0,1,0,0,0,1,0
72694792,980100,2.021E+11,20211110,1149,,,CASSIDY,,BLVD,,,0,098 CS-1191,CS1191,N,Y,THOMPSON,,RD,N,NULL,NULL,NULL,NULL,NULL,NULL,0.45,NULL,NULL,NULL,NULL,,NULL,0,0,2,2,N,N,35,NULL,98,9801,NULL,,Y,37.50417,37,30.25,NULL,-82.53905,82,32.343,NULL,N,NULL,NULL,NULL,NULL,NULL,NULL,NULL,NULL,1,3,2,6,1,1,2,2,7,3,N,NULL,Y,N,1150,1159,1201,N,NULL,10,,,N,,N,N,098-CS-1191-0,NULL,NULL,2021,O,7.26948E+11,098-CS-1191  -000,HIGH,098-CS-1191  -000,0.45,0,0,0,1,0,0,1,0,0,0,1,0,0
72676244,KSP0900,21-396475,20210924,1500,,,IRICK,,ST,,,0,098 CR-1544C,CR1544C,N,N,NULL,NULL,NULL,N,NULL,NULL,NULL,NULL,NULL,NULL,0.049,NULL,NULL,NULL,NULL,,NULL,0,0,2,2,N,N,35,NULL,98,9851,NULL,,Y,37.58949,37,35.37,NULL,-82.27415,82,16.449,NULL,N,NULL,NULL,NULL,NULL,NULL,NULL,NULL,NULL,1,3,2,3,1,1,2,2,7,3,N,NULL,N,N,1500,1505,1530,N,NULL,55,,,N,,N,N,098-CR-1544C-0,NULL,NULL,2021,O,7.26762E+11,098-CR-1544C -000,HIGH,098-CR-1544C -000,0.049,0,0,1,0,0,0,1,0,0,0,0,0,0
72691351,KSP0900,21-444365,20211029,710,,,TROUT TOWN,,LN,,,0,098 CR-1544B,CR1544B,N,N,NULL,NULL,NULL,N,NULL,NULL,NULL,NULL,NULL,NULL,0.023,NULL,NULL,NULL,NULL,,NULL,0,0,2,2,N,N,35,NULL,98,9819,NULL,,Y,37.58466,37,35.079,NULL,-82.27186,82,16.311,NULL,N,NULL,NULL,NULL,NULL,NULL,NULL,NULL,NULL,5,3,2,6,1,5,6,6,7,3,N,NULL,Y,N,711,725,800,N,NULL,49,,,N,,N,N,098-CR-1544B-0,NULL,NULL,2021,O,7.26914E+11,098-CR-1544B -000,HIGH,098-CR-1544B -000,0.023,0,0,0,0,0,0,0,1,0,0,0,0,0
72680120,980000,21-10-001,20211007,1030,,,KY195,,,KY0195,KY0195,0,098 KY-195,KY0195,N,N,NULL,NULL,NULL,N,NULL,NULL,NULL,NULL,NULL,NULL,6.695,NULL,NULL,NULL,NULL,,NULL,0,0,1,1,N,N,35,NULL,98,9861,NULL,,Y,37.32686,37,19.612,NULL,-82.45592,82,27.355,NULL,N,NULL,NULL,NULL,NULL,NULL,NULL,NULL,NULL,9,3,2,3,1,1,2,2,7,3,N,NULL,Y,Y,1030,1043,1100,N,NULL,70,7,0,N,,N,N,098-KY-0195-0,NULL,NULL,2021,O,7.26801E+11,098-KY-0195  -000,HIGH,098-KY-0195  -000,6.695,0,0,0,0,0,0,1,0,0,0,0,1,0
72688225,KSP0900,21-431418,20211019,1750,,,LOWE GAP,,BR,,,0,098 CR-1418,CR1418,N,N,NULL,NULL,NULL,N,NULL,NULL,NULL,NULL,NULL,NULL,0.808,NULL,NULL,NULL,NULL,,NULL,1,0,1,1,N,N,35,NULL,98,9807,NULL,,Y,37.52493,37,31.495,NULL,-82.59003,82,35.402,NULL,N,NULL,NULL,NULL,NULL,NULL,NULL,NULL,NULL,9,3,1,3,3,1,2,2,7,3,Y,NULL,Y,Y,1750,1809,1917,N,NULL,44,,,Y,,N,N,098-CR-1418-0,NULL,NULL,2021,C,7.26882E+11,098-CR-1418  -000,HIGH,098-CR-1418  -000,0.808,0,0,1,0,0,0,0,0,0,0,0,1,0
72678020,980100,2.021E+11,20211001,1633,,,CASSIDY,,BLVD,,,0,098 CS-1191,CS1191,N,N,NULL,NULL,NULL,N,NULL,NULL,NULL,NULL,NULL,NULL,0.007,NULL,NULL,NULL,NULL,,NULL,0,0,2,2,N,N,55,NULL,98,9801,NULL,,Y,37.50375,37,30.225,NULL,-82.53226,82,31.936,NULL,N,NULL,NULL,NULL,NULL,NULL,NULL,NULL,NULL,5,3,4,6,1,1,2,2,1,3,N,NULL,Y,N,1633,1640,1716,N,NULL,49,,,N,,N,N,098-CS-1191-0,NULL,NULL,2021,O,7.2678E+11,098-CS-1191  -000,HIGH,098-CS-1191  -000,0.007,0,1,0,0,0,0,1,0,0,0,0,0,0
72678051,KSP0900,21-398239,20210925,1927,,,US23,,,US0023,US0023,0,098 US-23-10,US0023,N,N,NULL,NULL,NULL,N,NULL,NULL,NULL,NULL,NULL,NULL,28.883,NULL,NULL,NULL,NULL,,NULL,2,0,3,3,N,N,55,NULL,98,9807,NULL,,Y,37.5224,37,31.344,NULL,-82.57079,82,34.247,NULL,N,NULL,NULL,NULL,NULL,NULL,NULL,NULL,NULL,4,3,4,6,1,1,2,3,7,3,Y,NULL,Y,Y,1927,1930,,N,NULL,70,,1,N,,N,N,098-US-0023-10,NULL,NULL,2021,B,7.26781E+11,098-US-0023  -010,HIGH,098-US-0023  -000,28.883,0,0,0,0,0,0,0,1,0,0,0,0,0
72658251,980100,2.021E+11,20210813,1725,,,US23,,,US0023,US0023,,,,N,N,NULL,NULL,NULL,N,NULL,NULL,NULL,NULL,NULL,NULL,27.167,NULL,NULL,NULL,NULL,,NULL,0,0,2,2,N,N,45,NULL,98,9801,NULL,,Y,37.51046,37,30.628,NULL,-82.54459,82,32.675,NULL,N,NULL,NULL,NULL,NULL,NULL,NULL,NULL,NULL,5,3,2,6,97,1,2,2,7,3,N,NULL,Y,N,1725,1732,,N,NULL,49,,1,N,,N,N,,NULL,NULL,2021,O,7.26583E+11,098-US-0023  -000,MEDIUM,098-US-0023  -000,27.167,0,0,0,0,0,0,1,1,0,0,0,0,0
72663025,980100,2.021E+11,20210825,1814,,,HAMBLEY,,BLVD,,,,,,N,N,NULL,NULL,NULL,N,NULL,NULL,NULL,NULL,NULL,NULL,1.191,NULL,NULL,NULL,NULL,,NULL,0,0,2,2,N,N,35,NULL,98,9801,NULL,,Y,37.48539,37,29.123,NULL,-82.52507,82,31.504,NULL,N,NULL,NULL,NULL,NULL,NULL,NULL,NULL,NULL,5,3,2,6,1,5,3,2,1,3,N,NULL,Y,N,1814,1816,1816,N,NULL,49,,,N,,N,N,,NULL,NULL,2021,O,7.2663E+11,098-CS-1222  -000,MEDIUM,098-CS-1222  -000,1.191,0,0,1,1,0,0,1,0,0,0,0,0,0
72567583,KSP0900,20-798909,20201122,1347,,,KY3418,,,KY3418,KY3418,,,,N,N,NULL,NULL,NULL,N,NULL,NULL,NULL,NULL,NULL,NULL,6.019,NULL,NULL,NULL,NULL,,NULL,0,0,2,2,N,N,35,NULL,98,9801,NULL,,Y,37.4543,37,27.258,NULL,-82.40048,82,24.029,NULL,N,NULL,NULL,NULL,NULL,NULL,NULL,NULL,NULL,7,3,1,3,1,1,3,2,7,3,N,NULL,Y,N,1355,1430,1430,N,NULL,54,9,0,N,,N,N,,NULL,NULL,2020,O,7.25676E+11,098-KY-3418  -000,MEDIUM,098-KY-3418  -000,6.019,0,0,0,1,0,0,0,1,0,0,0,1,0
72694857,KSP0900,21-459526,20211109,1100,,,COLEMAN,,RD,,,0,098 CR-1066,CR1066,Y,N,NULL,NULL,NULL,N,NULL,NULL,NULL,NULL,NULL,NULL,0.156,NULL,NULL,NULL,NULL,,NULL,0,0,2,2,N,N,5,NULL,98,9836,NULL,,Y,37.6412,37,38.472,NULL,-82.26184,82,15.71,NULL,N,NULL,NULL,NULL,NULL,NULL,NULL,NULL,NULL,2,97,NULL,6,1,1,2,2,7,3,N,NULL,Y,N,1100,1115,1130,N,NULL,90,,,N,,N,N,098-CR-1066-0,NULL,NULL,2021,O,7.26949E+11,098-CR-1066  -000,HIGH,098-CR-1066  -000,0.156,0,0,1,0,0,0,0,0,0,0,0,0,0
72712927,KSP0900,21-517533,20211221,1130,,,US119,,,US0119,US0119,0,098 US-119-10,US0119,N,N,NULL,NULL,NULL,N,NULL,NULL,NULL,NULL,NULL,NULL,24.923,NULL,NULL,NULL,NULL,,NULL,0,0,2,2,N,N,40,NULL,98,9834,NULL,,Y,37.66703,37,40.022,NULL,-82.27687,82,16.612,NULL,N,NULL,NULL,NULL,NULL,NULL,NULL,NULL,NULL,5,3,4,6,1,1,3,2,7,3,N,NULL,Y,N,1130,1140,1200,N,NULL,70,2,1,N,,N,N,098-US-0119-10,NULL,NULL,2021,O,7.27129E+11,098-US-0119  -010,HIGH,098-US-0119  -000,24.923,0,0,0,1,0,0,1,0,0,0,0,0,0
72668181,980100,2.021E+11,20210907,1346,,805,HAMBLEY,,BLVD,,,0,098 CS-1222,CS1222,Y,N,NULL,NULL,NULL,N,NULL,NULL,NULL,NULL,NULL,NULL,0.404,NULL,NULL,NULL,NULL,,NULL,0,0,2,2,N,N,NULL,NULL,98,9801,NULL,,Y,37.47733,37,28.64,NULL,-82.52147,82,31.288,NULL,N,NULL,NULL,NULL,NULL,NULL,NULL,NULL,NULL,1,97,1,6,2,1,2,2,1,3,N,NULL,Y,N,1346,1351,1352,N,NULL,90,,,N,,N,N,098-CS-1222-0,NULL,NULL,2021,O,7.26682E+11,098-CS-1222  -000,HIGH,098-CS-1222  -000,0.404,0,0,1,1,0,0,1,0,0,0,0,0,0
72685300,980100,2.021E+11,20211020,1433,,911,BYPASS,S,RD,KY1426,KY1426,0,098 KY-1426,KY1426,Y,N,NULL,NULL,NULL,N,NULL,NULL,NULL,NULL,NULL,NULL,5.672,NULL,NULL,NULL,NULL,,NULL,0,0,1,1,N,N,15,NULL,98,9801,NULL,,Y,37.4728,37,28.368,NULL,-82.52322,82,31.393,NULL,N,NULL,NULL,NULL,NULL,NULL,NULL,NULL,NULL,9,97,2,6,1,1,2,2,1,3,N,NULL,Y,Y,1433,1436,,Y,NULL,90,,0,N,,N,N,098-KY-1426-0,NULL,NULL,2021,O,7.26853E+11,098-KY-1426  -000,HIGH,098-KY-1426  -000,5.672,0,0,0,1,0,0,1,0,0,0,0,1,0
72666289,980200,980200,20210902,1703,,,KY197,,,KY0197,KY0197,0,098 KY-197,KY0197,N,N,NULL,NULL,NULL,N,NULL,NULL,NULL,NULL,NULL,NULL,15.972,NULL,NULL,NULL,NULL,,NULL,0,0,1,1,N,N,35,NULL,98,9802,NULL,,Y,37.29684,37,17.81,NULL,-82.35711,82,21.427,NULL,N,NULL,NULL,NULL,NULL,NULL,NULL,NULL,NULL,9,6,2,3,1,1,2,2,7,3,N,NULL,N,Y,1703,1710,1820,N,NULL,51,7,0,N,,N,Y,098-KY-0197-0,NULL,NULL,2021,O,7.26663E+11,098-KY-0197  -000,HIGH,098-KY-0197  -000,15.972,0,0,0,0,0,0,0,0,0,0,0,1,0
72697206,980100,2.021E+11,20211110,1507,,,US23,,,US0023,US0023,0,098 US-23-10,US0023,N,N,NULL,NULL,NULL,N,NULL,NULL,NULL,NULL,NULL,NULL,22.288,NULL,NULL,NULL,NULL,,NULL,0,0,2,2,N,N,55,NULL,98,9801,NULL,,Y,37.46136,37,27.682,NULL,-82.51698,82,31.019,NULL,N,NULL,NULL,NULL,NULL,NULL,NULL,NULL,NULL,1,3,4,1,1,1,2,2,1,3,N,NULL,Y,N,1507,1512,1531,N,NULL,55,,1,N,,N,N,098-US-0023-10,NULL,NULL,2021,O,7.26972E+11,098-US-0023  -010,HIGH,098-US-0023  -000,22.288,0,0,1,1,0,0,0,1,0,0,0,0,0
72685448,980100,2.021E+11,20211015,1440,,,BAIRD,,AVE,KY1426,KY1426,0,098 KY-1426,KY1426,N,N,NULL,NULL,NULL,N,NULL,NULL,NULL,NULL,NULL,NULL,5.388,NULL,NULL,NULL,NULL,,NULL,0,0,2,2,N,N,15,NULL,98,9801,NULL,,Y,37.47305,37,28.383,NULL,-82.52704,82,31.622,NULL,N,NULL,NULL,NULL,NULL,NULL,NULL,NULL,NULL,1,3,2,6,1,1,2,2,7,3,N,NULL,Y,N,1440,1443,1450,N,NULL,55,,0,N,,N,N,098-KY-1426-0,NULL,NULL,2021,O,7.26854E+11,098-KY-1426  -000,HIGH,098-KY-1426  -000,5.388,0,0,0,0,0,0,1,0,0,0,0,0,0
72703716,980100,2.021E+11,20211201,1333,,215,CASSIDY,,BLVD,,,0,098 CS-1191,CS1191,Y,N,NULL,NULL,NULL,N,NULL,NULL,NULL,NULL,NULL,NULL,0.053,NULL,NULL,NULL,NULL,,NULL,0,0,2,2,N,N,NULL,NULL,98,9801,NULL,,Y,37.50368,37,30.221,NULL,-82.53302,82,31.981,NULL,N,NULL,NULL,NULL,NULL,NULL,NULL,NULL,NULL,1,97,1,6,1,1,2,2,1,3,N,NULL,Y,N,1334,1335,1335,N,NULL,90,,,N,,N,N,098-CS-1191-0,NULL,NULL,2021,O,7.27037E+11,098-CS-1191  -000,HIGH,098-CS-1191  -000,0.053,0,0,0,0,0,0,0,0,0,0,0,0,0
72659080,KSP0900,21-335434,20210812,1510,,1473,KY194,,,KY0194,KY0194,0,098 KY-194,KY0194,N,N,NULL,NULL,NULL,N,NULL,NULL,NULL,NULL,NULL,NULL,18.336,NULL,NULL,NULL,NULL,,NULL,0,0,1,1,Y,N,55,NULL,98,9820,NULL,,Y,37.5583,37,33.498,NULL,-82.42272,82,25.363,NULL,N,NULL,NULL,NULL,NULL,NULL,NULL,NULL,NULL,9,97,2,3,1,1,2,2,7,2,N,NULL,Y,Y,1510,1623,1623,Y,NULL,44,6,5,N,,N,N,098-KY-0194-0,NULL,NULL,2021,NULL,7.26591E+11,098-KY-0194  -000,HIGH,098-KY-0194  -000,18.336,0,0,0,0,0,0,0,0,0,0,0,1,0
72676936,980100,2.021E+11,20210929,1602,,,CASSIDY,,BLVD,,,0,098 CS-1191,CS1191,N,N,NULL,NULL,NULL,N,NULL,NULL,NULL,NULL,NULL,NULL,0.054,NULL,NULL,NULL,NULL,,NULL,0,0,2,2,N,N,35,NULL,98,9801,NULL,,Y,37.5037,37,30.222,NULL,-82.53304,82,31.982,NULL,N,NULL,NULL,NULL,NULL,NULL,NULL,NULL,NULL,1,3,4,6,1,1,2,2,7,3,N,NULL,Y,N,1602,1614,1629,N,NULL,55,,,N,,N,N,098-CS-1191-0,NULL,NULL,2021,O,7.26769E+11,098-CS-1191  -000,HIGH,098-CS-1191  -000,0.054,0,0,0,0,0,0,1,0,0,0,0,0,0
72661834,980100,2.021E+11,20210818,1330,,911,BYPASS,,RD,,,0,098 CS-1223,CS1223,Y,N,NULL,NULL,NULL,N,NULL,NULL,NULL,NULL,NULL,NULL,NULL,NULL,NULL,NULL,NULL,NULL,NULL,0,0,2,2,Y,N,NULL,NULL,98,9801,NULL,,Y,37.47128,37,28.277,NULL,-82.52117,82,31.27,NULL,N,NULL,NULL,NULL,NULL,NULL,NULL,NULL,NULL,1,97,1,6,2,1,3,2,1,3,N,NULL,Y,N,1330,1341,1341,N,NULL,90,,,N,,N,N,098-CS-1223-0,NULL,NULL,2021,O,7.26618E+11,098-CS-1223  -000,HIGH,098-CS-1223  -000,0.135,0,0,0,0,0,0,0,0,0,0,0,0,0
72645998,980100,2.021E+11,20210710,1236,,,MAYO,S,TRL,US0023,US0023,0,098 US-23-10,US0023,N,N,NULL,NULL,NULL,N,NULL,NULL,NULL,NULL,NULL,NULL,22.941,NULL,NULL,NULL,NULL,,NULL,0,0,2,2,N,N,55,NULL,98,9801,NULL,,Y,37.46535,37,27.921,NULL,-82.52596,82,31.558,NULL,N,NULL,NULL,NULL,NULL,NULL,NULL,NULL,NULL,1,3,4,6,1,1,3,2,7,3,N,NULL,Y,N,1236,1242,1242,N,NULL,55,,1,N,,N,N,098-US-0023-10,NULL,NULL,2021,O,7.2646E+11,098-US-0023  -010,HIGH,098-US-0023  -000,22.941,0,0,0,1,0,0,1,1,0,0,0,0,0
72698282,980100,2.021E+11,20211110,1445,,,US23,,,US0023,US0023,0,098 US-23,US0023,N,N,NULL,NULL,NULL,N,NULL,NULL,NULL,NULL,NULL,NULL,26.282,NULL,NULL,NULL,NULL,,NULL,0,0,2,2,N,N,55,NULL,98,9801,NULL,,Y,37.50364,37,30.219,NULL,-82.53214,82,31.928,NULL,N,NULL,NULL,NULL,NULL,NULL,NULL,NULL,NULL,5,3,4,6,1,1,2,2,7,3,N,NULL,Y,N,1445,1445,1445,N,NULL,49,,1,N,,N,N,098-US-0023-0,NULL,NULL,2021,O,7.26983E+11,098-US-0023  -000,HIGH,098-US-0023  -000,26.282,0,0,1,0,0,0,0,0,0,0,0,0,0
72690811,980100,2.021E+11,20211027,1439,,,HAROLDS BRANCH,,RD,,,0,098 CS-1223,CS1223,Y,N,NULL,NULL,NULL,N,NULL,NULL,NULL,NULL,NULL,NULL,0.085,NULL,NULL,NULL,NULL,,NULL,0,0,2,2,N,N,15,NULL,98,9801,NULL,,Y,37.47173,37,28.304,NULL,-82.52202,82,31.321,NULL,N,NULL,NULL,NULL,NULL,NULL,NULL,NULL,NULL,5,97,NULL,6,2,1,2,2,5,3,N,NULL,Y,N,1439,1443,1443,N,NULL,90,,,N,,N,N,098-CS-1223-0,NULL,NULL,2021,O,7.26908E+11,098-CS-1223  -000,HIGH,098-CS-1223  -000,0.085,0,0,0,1,0,0,0,1,0,0,0,0,0