MasterFile,AgencyORINumber,LocalCode,CollisionDate,CollisionTime,CollisionDayWeekCode,RoadwayName_HouseBusinessNumber_,RoadwayName_RoadwayName_,RoadwayName_Direction_,RoadwayName_RoadwaySuffix_,RoadwayfromReport,CurrentRoadwayNumber,RoadwayNumberCoupletID,RSEUniqueGIS,RoadwayIdentifier,ParkingLotIndicator,IntersectionWith_Indicator_,IntersectionWith_NameRoadway_,IntersectionWith_Direction_,IntersectionWith_RoadwaySuffix_,BetweenStreets_Indicator_,BetweenStreets1_NameRoadway_,BetweenStreet1_Direction_,BetweenStreets1_RoadwaySuffix_,BetweenStreets2_NameRoadway_,BetweenStreets2_Direction_,BetweenStreets2_RoadwaySuffix_,Milepoint,ReportMilepointDeriveNumber,CurrentDerivedMiepointNumber,MilestoMilepoint,FeettoMilepoint,DirectionfromMilepoint_NSEW_,ValidMilepointIndicator,NumberInjured,NumberKilled,ofUnits,ofMotorVehicleUnits,Hit&RunIndicator,OneWayIndicator,SpeedLimitNumber,KilometersIndicator,CountyCode,CityCountyCode,MilesFromCity,DirectionFromCity_NSEW_,InCityLimitsIndicator,Latitude,LatitudeDegrees,LatitudeMinutes,LatitudeSeconds,Longitude,LongitudeDegrees,LongitudeMinutes,LongitudeSeconds,RampIndicator,RampFromIdentifier,RampFromDirCode,RampFromCoupletID,RSEUniqueGISRampFrom,RampToidentifier,RampToDirCode,RampToCoupletID,RSEUniqueGisRampTo,MannerofCollisionCode,LocationFirstEventCode,TotalLanes,RoadwayCharacterCode,RoadwaySurfaceCode,RoadwayConditionCode,WeatherCode,LightConditionCode,LandUseCode,SchoolBusRelatedCode,FirstAidSceneIndicator,CollDescPresentInd,InvestigationCompleteIndicator,PhotosTakenIndicator,TimeNotified,TimeArrived,TimeRoadwayOpened,PropertyDamageIndicator,DiagramPresentIndicator,DirectionalAnalysis,FunctionClassCode,NationalHwySysCode,EnforcementsIndicator,KARSCityCode,SecondaryCollisionIndicator,MedianCrossoverIndicator,RT_UNIQUE,MapIt,TimeLastLeft,YR,KABCO,MFNY,WorkingRID,RT_CONFIDENCE,KTC_RT,KTC_MP,Motorcyclist,CommercialVehicle,YoungDriver,MatureDriver,pedestrian,Bicyclist,Distracted,agressive,Impaired,Unrestrained,Intersection,RoadwayDeparture,MedXover
72714627,KSP0900,21-520419,20211223,1205,,,KY3414,,,KY3414,KY3414,0,098 KY-3414,KY3414,N,N,NULL,NULL,NULL,N,NULL,NULL,NULL,NULL,NULL,NULL,3.042,NULL,NULL,NULL,NULL,,NULL,0,0,2,2,N,N,35,NULL,98,9827,NULL,,Y,37.2836,37,17.016,NULL,-82.65817,82,39.49,NULL,N,NULL,NULL,NULL,NULL,NULL,NULL,NULL,NULL,3,3,2,3,1,1,2,2,7,3,N,NULL,Y,Y,1208,1233,1245,N,NULL,52,9,0,N,,N,N,098-KY-3414-0,NULL,NULL,2021,O,7.27146E+11,098-KY-3414  -000,HIGH,098-KY-3414  -000,3.042,0,0,0,0,0,0,0,0,0,0,0,1,0
72710880,KSP0900,21-512756,20211217,1524,,,MALL,,RD,,,0,098 CR-1037,CR1037,N,N,NULL,NULL,NULL,N,NULL,NULL,NULL,NULL,NULL,NULL,0.445,NULL,NULL,NULL,NULL,,NULL,0,0,2,2,N,N,15,NULL,98,9834,NULL,,Y,37.65657,37,39.394,NULL,-82.27054,82,16.233,NULL,N,NULL,NULL,NULL,NULL,NULL,NULL,NULL,NULL,2,7,1,6,1,5,6,2,7,3,N,NULL,Y,N,1524,1605,1605,N,NULL,56,,,N,,N,N,098-CR-1037-0,NULL,NULL,2021,O,7.27109E+11,098-CR-1037  -000,HIGH,098-CR-1037  -000,0.445,0,0,0,1,0,0,1,0,0,0,0,0,0
72714332,980500,2021AR055,20211228,1406,,,US 23 NORTH,,,,,,,,N,N,NULL,NULL,NULL,N,NULL,NULL,NULL,NULL,NULL,NULL,NULL,NULL,NULL,NULL,NULL,NULL,NULL,0,0,2,2,N,N,45,NULL,98,9807,NULL,,Y,37.52022,37,31.213,NULL,-82.56762,82,34.057,NULL,N,NULL,NULL,NULL,NULL,NULL,NULL,NULL,NULL,5,3,6,6,1,1,3,2,7,3,N,NULL,Y,Y,1406,1410,1410,N,NULL,49,,,N,,N,N,,NULL,NULL,2021,O,7.27143E+11,098-US-0023  -000,MEDIUM,098-US-0023  -000,28.646,0,1,0,0,0,0,0,0,0,0,0,0,0
72685395,370200,2021-433287,20211021,41,,,WEDDINGTON BRANCH,,RD,,,0,098 CS-3026,CS3026,N,N,NULL,NULL,NULL,N,NULL,NULL,NULL,NULL,NULL,NULL,0.007,NULL,NULL,NULL,NULL,,NULL,0,0,1,1,N,N,35,NULL,98,9807,NULL,,Y,37.52253,37,31.352,NULL,-82.57051,82,34.23,NULL,N,NULL,NULL,NULL,NULL,NULL,NULL,NULL,NULL,9,3,6,6,1,1,2,5,1,3,N,NULL,Y,N,41,41,41,N,NULL,40,,,N,,N,N,098-CS-3026-0,NULL,NULL,2021,O,7.26854E+11,098-CS-3026  -000,HIGH,098-CS-3026  -000,0.007,0,0,0,0,0,0,0,0,0,0,0,1,0
72710377,980200,980200,20211216,1738,,,KY197,,,KY0197,KY0197,0,098 KY-197,KY0197,Y,N,NULL,NULL,NULL,N,NULL,NULL,NULL,NULL,NULL,NULL,15.582,NULL,NULL,NULL,NULL,,NULL,0,0,2,2,N,N,35,NULL,98,9802,NULL,,Y,37.29512,37,17.707,NULL,-82.36355,82,21.813,NULL,N,NULL,NULL,NULL,NULL,NULL,NULL,NULL,NULL,2,97,0,6,1,1,11,3,1,3,N,NULL,Y,Y,1736,1738,,N,NULL,90,7,0,N,,N,N,098-KY-0197-0,NULL,NULL,2021,O,7.27104E+11,098-KY-0197  -000,HIGH,098-KY-0197  -000,15.582,0,0,0,1,0,0,0,0,0,0,0,0,0
72690488,KSP0900,21-441511,20211026,2315,,,US119,,,US0119,US0119,0,098 US-119-10,US0119,N,N,NULL,NULL,NULL,N,NULL,NULL,NULL,NULL,NULL,NULL,25.355,NULL,NULL,NULL,NULL,,NULL,0,0,2,2,N,N,55,NULL,98,9834,NULL,,Y,37.67244,37,40.347,NULL,-82.28097,82,16.858,NULL,N,NULL,NULL,NULL,NULL,NULL,NULL,NULL,NULL,1,3,2,6,1,1,10,6,7,3,N,NULL,Y,Y,2315,20,2340,N,NULL,55,2,1,N,,N,N,098-US-0119-10,NULL,NULL,2021,O,7.26905E+11,098-US-0119  -010,HIGH,098-US-0119  -000,25.355,0,0,1,0,0,0,0,1,0,0,0,0,0
72713176,KSP0900,21-521327,20211223,2230,,,KY1426,,,KY1426,KY1426,0,098 KY-1426,KY1426,N,N,NULL,NULL,NULL,N,NULL,NULL,NULL,NULL,NULL,NULL,15.338,NULL,NULL,NULL,NULL,,NULL,0,0,1,1,N,N,35,NULL,98,9801,NULL,,Y,37.56474,37,33.885,NULL,-82.45316,82,27.189,NULL,N,NULL,NULL,NULL,NULL,NULL,NULL,NULL,NULL,9,3,2,3,1,1,2,6,7,3,N,NULL,Y,N,2230,2300,2300,N,NULL,38,7,0,N,,N,N,098-KY-1426-0,NULL,NULL,2021,O,7.27132E+11,098-KY-1426  -000,HIGH,098-KY-1426  -000,15.338,0,0,0,0,0,0,0,0,0,0,0,0,0
72683735,KSP0900,21-427364,20211016,1921,,,US23,,,US0023,US0023,0,098 US-23,US0023,N,N,NULL,NULL,NULL,N,NULL,NULL,NULL,NULL,NULL,NULL,13.819,NULL,NULL,NULL,NULL,,NULL,0,0,1,1,N,N,55,NULL,98,9801,NULL,,Y,37.38383,37,23.03,NULL,-82.54093,82,32.456,NULL,N,NULL,NULL,NULL,NULL,NULL,NULL,NULL,NULL,9,3,4,6,1,1,2,6,7,3,N,NULL,Y,N,1937,1937,,N,NULL,38,,1,N,,N,N,098-US-0023-0,NULL,NULL,2021,O,7.26837E+11,098-US-0023  -000,HIGH,098-US-0023  -000,13.819,0,0,0,0,0,0,0,0,0,0,0,0,0
72678877,KSP0900,2021-408064,20211002,2200,,,KY292,,,KY0292,KY0292,0,098 KY-292,KY0292,N,N,NULL,NULL,NULL,N,NULL,NULL,NULL,NULL,NULL,NULL,0.01,NULL,NULL,NULL,NULL,,NULL,0,0,2,2,N,N,45,NULL,98,9869,NULL,,Y,37.62722,37,37.633,NULL,-82.21783,82,13.07,NULL,N,NULL,NULL,NULL,NULL,NULL,NULL,NULL,NULL,3,3,2,6,1,5,3,6,7,3,N,NULL,Y,N,2200,2210,2210,N,NULL,52,8,0,N,,N,N,098-KY-0292-0,NULL,NULL,2021,O,7.26789E+11,098-KY-0292  -000,HIGH,098-KY-0292  -000,0.01,0,0,1,0,0,0,0,0,1,0,0,1,0
72699735,KSP0900,21-472184,20211118,1600,,,US119,,,US0119,US0119,0,098 US-119,US0119,N,N,NULL,NULL,NULL,N,NULL,NULL,NULL,NULL,NULL,NULL,24.452,NULL,NULL,NULL,NULL,,NULL,0,0,2,2,N,N,55,NULL,98,9836,NULL,,Y,37.66268,37,39.761,NULL,-82.27337,82,16.402,NULL,N,NULL,NULL,NULL,NULL,NULL,NULL,NULL,NULL,1,3,4,6,1,5,3,2,7,3,N,NULL,Y,N,1600,1600,1600,N,NULL,55,2,1,N,,N,N,098-US-0119-0,NULL,NULL,2021,O,7.26997E+11,098-US-0119  -000,HIGH,098-US-0119  -000,24.452,0,0,0,0,0,0,0,0,0,0,0,1,0
72660118,980100,2.021E+11,20210818,1756,,,CASSIDY,,BLVD,,,,,,Y,N,NULL,NULL,NULL,N,NULL,NULL,NULL,NULL,NULL,NULL,0.298,NULL,NULL,NULL,NULL,,NULL,0,0,2,2,N,N,15,NULL,98,9801,NULL,,Y,37.50543,37,30.326,NULL,-82.53688,82,32.213,NULL,N,NULL,NULL,NULL,NULL,NULL,NULL,NULL,NULL,8,97,NULL,6,1,1,2,2,1,3,N,NULL,Y,N,1756,1806,,N,NULL,90,,,N,,N,N,,NULL,NULL,2021,O,7.26601E+11,098-CS-1191  -000,MEDIUM,098-CS-1191  -000,0.298,0,0,0,1,0,0,1,0,0,0,0,0,0
72711788,980100,2.021E+11,20211129,1510,,,HAMBLEY,,BLVD,,,,,,N,N,NULL,NULL,NULL,N,NULL,NULL,NULL,NULL,NULL,NULL,NULL,NULL,NULL,NULL,NULL,NULL,NULL,0,0,2,2,N,N,25,NULL,98,9801,NULL,,Y,37.47873,37,28.724,NULL,-82.52012,82,31.207,NULL,N,NULL,NULL,NULL,NULL,NULL,NULL,NULL,NULL,5,3,2,6,1,1,2,2,1,3,N,NULL,Y,N,1510,1511,1528,N,NULL,70,,,N,,N,N,,NULL,NULL,2021,O,7.27118E+11,098-CS-1222  -000,MEDIUM,098-CS-1222  -000,0.526,0,0,1,0,0,0,1,0,0,0,0,0,0
72653306,980100,2.021E+11,20210725,1849,,,BYPASS,S,RD,KY1426,KY1426,0,098 KY-1426,KY1426,Y,N,NULL,NULL,NULL,N,NULL,NULL,NULL,NULL,NULL,NULL,5.697,NULL,NULL,NULL,NULL,,NULL,0,0,2,2,Y,N,15,NULL,98,9801,NULL,,Y,37.47281,37,28.368,NULL,-82.52273,82,31.364,NULL,N,NULL,NULL,NULL,NULL,NULL,NULL,NULL,NULL,8,97,2,4,2,1,2,2,1,3,N,NULL,Y,N,1849,1853,1853,N,NULL,90,,0,N,,N,N,098-KY-1426-0,NULL,NULL,2021,NULL,7.26533E+11,098-KY-1426  -000,HIGH,098-KY-1426  -000,5.697,0,0,0,0,0,0,1,0,0,0,0,0,0
72705568,KSP0900,21-496104,20211206,650,,,CLEVINGER,,BR,,,0,098 CR-1497,CR1497,N,N,NULL,NULL,NULL,N,NULL,NULL,NULL,NULL,NULL,NULL,0.429,NULL,NULL,NULL,NULL,,NULL,0,0,1,1,N,N,15,NULL,98,9801,NULL,,Y,37.54239,37,32.543,NULL,-82.52436,82,31.462,NULL,N,NULL,NULL,NULL,NULL,NULL,NULL,NULL,NULL,9,5,2,3,1,1,2,2,6,1,N,NULL,Y,N,653,750,900,N,NULL,44,,,N,,N,N,098-CR-1497-0,NULL,NULL,2021,O,7.27056E+11,098-CR-1497  -000,HIGH,098-CR-1497  -000,0.429,0,0,0,0,0,0,1,0,0,0,0,1,0
72684319,KSP0900,21-428251,20211017,1245,,,US460,,,US0460,US0460,0,098 US-460,US0460,N,N,NULL,NULL,NULL,N,NULL,NULL,NULL,NULL,NULL,NULL,1.003,NULL,NULL,NULL,NULL,,NULL,0,0,2,2,N,N,45,NULL,98,9824,NULL,,Y,37.43057,37,25.834,NULL,-82.50426,82,30.255,NULL,N,NULL,NULL,NULL,NULL,NULL,NULL,NULL,NULL,5,3,2,6,1,1,2,2,6,3,N,NULL,Y,N,1245,1255,1300,N,NULL,49,,1,N,,N,N,098-US-0460-0,NULL,NULL,2021,O,7.26843E+11,098-US-0460  -000,HIGH,098-US-0460  -000,1.003,0,0,1,0,0,0,0,0,0,0,0,0,0
72687207,980100,2.021E+11,20211022,804,,,US23,,,US0023,US0023,,,,Y,N,NULL,NULL,NULL,N,NULL,NULL,NULL,NULL,NULL,NULL,23.033,NULL,NULL,NULL,NULL,,NULL,0,0,2,2,N,N,15,NULL,98,9801,NULL,,Y,37.46571,37,27.943,NULL,-82.5276,82,31.656,NULL,N,NULL,NULL,NULL,NULL,NULL,NULL,NULL,NULL,2,97,1,6,1,1,3,2,1,3,N,NULL,Y,N,804,809,804,N,NULL,90,,1,N,,N,N,,NULL,NULL,2021,O,7.26872E+11,098-US-0023  -010,MEDIUM,098-US-0023  -000,23.033,0,0,0,1,0,0,1,0,0,0,0,0,0
72642778,980100,2.021E+11,20210701,2120,,,JUSTICE,,WAY,,,,,,Y,N,NULL,NULL,NULL,N,NULL,NULL,NULL,NULL,NULL,NULL,NULL,NULL,NULL,NULL,NULL,,NULL,0,0,2,2,N,N,15,NULL,98,9801,NULL,,Y,37.50577,37,30.346,NULL,-82.54018,82,32.411,NULL,N,NULL,NULL,NULL,NULL,NULL,NULL,NULL,NULL,1,97,NULL,6,1,5,6,5,1,3,N,NULL,Y,N,2120,2130,,N,NULL,90,,,N,,N,N,,NULL,NULL,2021,O,7.26428E+11,098-CS-1215  -000,MEDIUM,098-CS-1215  -000,0.688,0,0,1,0,0,0,1,0,0,0,0,0,0
72630685,KSP0900,21-221923,20210531,742,,,VIRGIE,,RD,KY0610,KY0610,0,098 KY-610,KY0610,N,N,NULL,NULL,NULL,N,NULL,NULL,NULL,NULL,NULL,NULL,6.661,NULL,NULL,NULL,NULL,,NULL,0,0,1,1,Y,N,55,NULL,98,9827,NULL,,Y,37.32626,37,19.575,NULL,-82.58776,82,35.266,NULL,N,NULL,NULL,NULL,NULL,NULL,NULL,NULL,NULL,9,97,2,3,1,1,2,2,6,3,N,NULL,N,Y,814,829,1000,Y,NULL,70,7,0,N,,N,N,098-KY-0610-0,NULL,NULL,2021,NULL,7.26307E+11,098-KY-0610  -000,HIGH,098-KY-0610  -000,6.661,0,0,0,0,0,0,0,0,0,0,0,1,0
72651250,KSP0900,21-305451,20210723,1901,,,CEDAR HILLS,,RD,KY1426,KY1426,0,098 KY-1426,KY1426,N,N,NULL,NULL,NULL,N,NULL,NULL,NULL,NULL,NULL,NULL,3.116,NULL,NULL,NULL,NULL,,NULL,0,0,2,2,Y,N,10,NULL,98,9801,NULL,,Y,37.45219,37,27.131,NULL,-82.5435,82,32.61,NULL,N,NULL,NULL,NULL,NULL,NULL,NULL,NULL,NULL,2,97,2,6,1,1,2,2,7,3,N,NULL,Y,N,1925,1951,1951,N,NULL,47,8,0,N,,N,N,098-KY-1426-0,NULL,NULL,2021,NULL,7.26513E+11,098-KY-1426  -000,HIGH,098-KY-1426  -000,3.116,0,0,0,0,0,0,1,0,0,0,0,0,0
72667031,KSP0900,21-365278,20210902,1310,,,US119,,,US0119,US0119,0,098 US-119-10,US0119,N,N,NULL,NULL,NULL,N,NULL,NULL,NULL,NULL,NULL,NULL,8.942,NULL,NULL,NULL,NULL,,NULL,0,0,1,1,N,N,55,NULL,98,9820,NULL,,Y,37.57111,37,34.267,NULL,-82.41817,82,25.09,NULL,N,NULL,NULL,NULL,NULL,NULL,NULL,NULL,NULL,9,3,4,6,1,1,2,2,7,3,N,NULL,Y,N,1310,1325,1325,N,NULL,38,2,1,N,,N,N,098-US-0119-10,NULL,NULL,2021,O,7.2667E+11,098-US-0119  -010,HIGH,098-US-0119  -000,8.942,0,0,0,0,0,0,0,0,0,0,0,0,0
72670730,KSP0900,21-383148,20210915,22,,,KY122,,,KY0122,KY0122,0,098 KY-122,KY0122,N,N,NULL,NULL,NULL,N,NULL,NULL,NULL,NULL,NULL,NULL,5.047,NULL,NULL,NULL,NULL,,NULL,0,0,2,2,Y,N,55,NULL,98,9827,NULL,,Y,37.34998,37,20.999,NULL,-82.59518,82,35.711,NULL,N,NULL,NULL,NULL,NULL,NULL,NULL,NULL,NULL,7,3,2,6,1,1,2,6,7,3,N,NULL,Y,N,22,102,22,N,NULL,54,,0,N,,N,N,098-KY-0122-0,NULL,NULL,2021,O,7.26707E+11,098-KY-0122  -000,HIGH,098-KY-0122  -000,5.047,0,0,0,0,0,0,0,0,0,0,0,1,0
72671575,KSP0900,21-185377,20210508,1338,,,TOLER,,RD,KY0319,KY0319,0,098 KY-319,KY0319,N,N,NULL,NULL,NULL,N,NULL,NULL,NULL,NULL,NULL,NULL,0.065,NULL,NULL,NULL,NULL,,NULL,1,0,1,1,N,N,55,NULL,98,9842,NULL,,Y,37.58023,37,34.814,NULL,-82.18026,82,10.816,NULL,N,NULL,NULL,NULL,NULL,NULL,NULL,NULL,NULL,9,3,2,4,1,1,2,2,7,3,Y,NULL,Y,N,1339,1343,1720,Y,NULL,40,7,0,N,,N,N,098-KY-0319-0,NULL,NULL,2021,C,7.26716E+11,098-KY-0319  -000,HIGH,098-KY-0319  -000,0.065,0,0,0,0,0,0,0,0,0,1,0,1,0
72705585,KSP0900,21-496184,20211206,840,,,TOLER,,RD,KY0319,KY0319,0,098 KY-319,KY0319,N,N,NULL,NULL,NULL,N,NULL,NULL,NULL,NULL,NULL,NULL,5.361,NULL,NULL,NULL,NULL,,NULL,0,0,1,1,N,N,35,NULL,98,9842,NULL,,Y,37.62546,37,37.527,NULL,-82.24745,82,14.847,NULL,N,NULL,NULL,NULL,NULL,NULL,NULL,NULL,NULL,9,6,2,6,1,1,2,2,7,3,N,NULL,N,N,840,840,840,Y,NULL,51,7,0,N,,N,N,098-KY-0319-0,NULL,NULL,2021,O,7.27056E+11,098-KY-0319  -000,HIGH,098-KY-0319  -000,5.361,0,0,1,0,0,0,0,0,0,0,0,1,0
72696839,KSP0900,21-458747,20211108,1743,,,KY1426,,,KY1426,KY1426,0,098 KY-1426,KY1426,Y,N,NULL,NULL,NULL,N,NULL,NULL,NULL,NULL,NULL,NULL,15.762,NULL,NULL,NULL,NULL,,NULL,0,0,2,2,N,N,10,NULL,98,9820,NULL,,Y,37.56487,37,33.892,NULL,-82.44649,82,26.789,NULL,N,NULL,NULL,NULL,NULL,NULL,NULL,NULL,NULL,2,97,2,6,1,1,2,6,1,3,N,NULL,Y,N,1743,1825,1743,N,NULL,90,7,0,N,,N,N,098-KY-1426-0,NULL,NULL,2021,O,7.26968E+11,098-KY-1426  -000,HIGH,098-KY-1426  -000,15.762,0,0,0,0,0,0,1,0,0,0,0,0,0
72675947,KSP0900,21-399065,20210926,1300,,,KY195,,,KY0195,KY0195,0,098 KY-195,KY0195,N,N,NULL,NULL,NULL,N,NULL,NULL,NULL,NULL,NULL,NULL,8.004,NULL,NULL,NULL,NULL,,NULL,0,0,2,2,N,N,45,NULL,98,9830,NULL,,Y,37.33119,37,19.872,NULL,-82.4346,82,26.076,NULL,N,NULL,NULL,NULL,NULL,NULL,NULL,NULL,NULL,1,3,2,6,1,1,2,2,6,3,N,NULL,Y,N,1351,1409,1430,N,NULL,55,7,0,N,,N,N,098-KY-0195-0,NULL,NULL,2021,O,7.26759E+11,098-KY-0195  -000,HIGH,098-KY-0195  -000,8.004,0,0,0,1,0,0,1,0,0,0,0,0,0
72647346,KSP0900,21-278238,20210705,2219,,,ASHCAMP,,RD,KY0195,KY0195,0,098 KY-195,KY0195,N,N,NULL,NULL,NULL,N,NULL,NULL,NULL,NULL,NULL,NULL,2.106,NULL,NULL,NULL,NULL,,NULL,0,0,1,1,N,N,55,NULL,98,9802,NULL,,Y,37.28631,37,17.179,NULL,-82.45513,82,27.308,NULL,N,NULL,NULL,NULL,NULL,NULL,NULL,NULL,NULL,9,3,2,2,1,1,2,6,7,3,N,NULL,Y,N,2226,2247,,N,NULL,38,8,0,N,,N,N,098-KY-0195-0,NULL,NULL,2021,O,7.26473E+11,098-KY-0195  -000,HIGH,098-KY-0195  -000,2.106,0,0,0,0,0,0,0,0,0,0,0,0,0
72654370,980100,2.021E+11,20210803,1320,,,US23,,,US0023,US0023,0,098 US-23,US0023,N,N,NULL,NULL,NULL,N,NULL,NULL,NULL,NULL,NULL,NULL,23.048,NULL,NULL,NULL,NULL,,NULL,0,0,2,2,N,N,55,NULL,98,9801,NULL,,Y,37.46588,37,27.953,NULL,-82.52782,82,31.669,NULL,N,NULL,NULL,NULL,NULL,NULL,NULL,NULL,NULL,5,3,4,6,1,1,2,2,7,3,N,NULL,Y,N,1320,1320,1326,N,NULL,49,,1,N,,N,N,098-US-0023-0,NULL,NULL,2021,O,7.26544E+11,098-US-0023  -000,HIGH,098-US-0023  -000,23.048,0,0,0,1,0,0,1,0,0,0,0,0,0
72639982,980100,2.021E+11,20210617,1452,,,US460,,,US0460,US0460,0,098 US-460,US0460,Y,N,NULL,NULL,NULL,N,NULL,NULL,NULL,NULL,NULL,NULL,0.16,NULL,NULL,NULL,NULL,,NULL,0,0,2,2,Y,N,15,NULL,98,9801,NULL,,Y,37.44009,37,26.406,NULL,-82.50867,82,30.52,NULL,N,NULL,NULL,NULL,NULL,NULL,NULL,NULL,NULL,2,97,2,6,1,1,2,2,1,3,N,NULL,Y,N,1452,1458,1533,N,NULL,90,,1,N,,N,N,098-US-0460-0,NULL,NULL,2021,O,7.264E+11,098-US-0460  -000,HIGH,098-US-0460  -000,0.16,0,0,0,1,0,0,1,0,0,0,0,0,0
72713689,KSP0900,2021-522258,20211224,2000,,,US52,,,US0052,US0052,0,098 US-52-10,US0052,N,N,NULL,NULL,NULL,N,NULL,NULL,NULL,NULL,NULL,NULL,0.907,NULL,NULL,NULL,NULL,,NULL,0,0,1,1,N,N,55,NULL,98,9834,NULL,,Y,37.70619,37,42.372,NULL,-82.30492,82,18.295,NULL,N,NULL,NULL,NULL,NULL,NULL,NULL,NULL,NULL,9,3,4,6,1,1,2,6,7,3,N,NULL,N,N,2000,2000,2000,N,NULL,38,,,N,,N,N,098-US-0052-10,NULL,NULL,2021,O,7.27137E+11,098-US-0052  -010,HIGH,098-US-0052  -000,0.907,0,0,0,0,0,0,0,0,0,0,0,0,0
72658987,KSP0900,21-319086,20210801,1926,,,US23,,,US0023,US0023,0,098 US-23,US0023,Y,N,NULL,NULL,NULL,N,NULL,NULL,NULL,NULL,NULL,NULL,12.214,NULL,NULL,NULL,NULL,,NULL,0,0,2,2,N,N,35,NULL,98,9801,NULL,,Y,37.36553,37,21.932,NULL,-82.55164,82,33.098,NULL,N,NULL,NULL,NULL,NULL,NULL,NULL,NULL,NULL,2,97,4,6,1,1,2,2,1,3,N,NULL,Y,N,1955,2006,,N,NULL,90,,1,N,,N,N,098-US-0023-0,NULL,NULL,2021,O,7.2659E+11,098-US-0023  -000,HIGH,098-US-0023  -000,12.214,0,0,1,0,0,0,1,0,0,0,0,0,0
72665445,KSP0900,2021-353268,20210824,1754,,,CHLOE,,RD,KY1460,KY1460,0,098 KY-1460,KY1460,N,N,NULL,NULL,NULL,N,NULL,NULL,NULL,NULL,NULL,NULL,3.122,NULL,NULL,NULL,NULL,,NULL,1,0,1,1,N,N,35,NULL,98,9801,NULL,,Y,37.47277,37,28.366,NULL,-82.48302,82,28.981,NULL,N,NULL,NULL,NULL,NULL,NULL,NULL,NULL,NULL,9,3,2,6,1,1,2,2,7,3,N,NULL,Y,Y,1754,1754,1754,N,NULL,70,,0,N,,N,N,098-KY-1460-0,NULL,NULL,2021,B,7.26654E+11,098-KY-1460  -000,HIGH,098-KY-1460  -000,3.122,0,0,0,0,0,0,0,0,0,0,0,1,0
72572312,KSP0900,20-816253,20201205,1314,,,APPALACHIAN,,PLZ,,,0,098 PR-1008,PR1008,N,N,NULL,NULL,NULL,N,NULL,NULL,NULL,NULL,NULL,NULL,0.059,NULL,NULL,NULL,NULL,,NULL,0,0,2,2,N,N,15,NULL,98,9834,NULL,,Y,37.66626,37,39.976,NULL,-82.27457,82,16.474,NULL,N,NULL,NULL,NULL,NULL,NULL,NULL,NULL,NULL,2,7,1,6,1,1,2,2,7,3,N,NULL,N,N,1314,1330,1330,N,NULL,47,,,N,,N,N,098-PR-1008-0,NULL,NULL,2020,O,7.25723E+11,098-PR-1008  -000,HIGH,098-PR-1008  -000,0.059,0,0,0,0,0,0,0,0,0,1,0,0,0
72713365,980100,2.021E+11,20211224,1817,,,US23,,,US0023,US0023,,,,N,N,NULL,NULL,NULL,N,NULL,NULL,NULL,NULL,NULL,NULL,0.181,NULL,NULL,NULL,NULL,NULL,NULL,0,0,2,2,N,N,55,NULL,98,9801,NULL,,Y,37.48003,37,28.802,NULL,-82.54353,82,32.611,NULL,N,US0023,S,NULL,098 US-23-231,KY1384,,NULL,098 US-23-231,8,3,4,6,1,1,2,5,7,3,N,NULL,Y,N,1817,1821,,N,NULL,53,,1,N,,N,N,,NULL,NULL,2021,O,7.27134E+11,098-US-0023  -231,HIGH,098-US-0023  -231,0.181,0,0,0,0,0,0,0,0,0,0,0,1,0
72671330,980100,2.021E+11,20210914,902,,,BYPASS,N,RD,KY1460,KY1460,,,,N,Y,REDALE,,RD,N,NULL,NULL,NULL,NULL,NULL,NULL,5.779,NULL,NULL,NULL,NULL,,NULL,0,0,2,2,N,N,45,NULL,98,9801,NULL,,Y,37.48729,37,29.237,NULL,-82.5242,82,31.452,NULL,N,NULL,NULL,NULL,NULL,NULL,NULL,NULL,NULL,8,3,2,6,1,1,2,2,7,3,N,NULL,N,N,902,904,,N,NULL,19,16,0,N,,N,N,,NULL,NULL,2021,O,7.26713E+11,098-KY-1460  -000,HIGH,098-KY-1460  -000,5.779,0,0,0,0,0,0,1,0,0,0,1,0,0
72657861,980100,2.021E+11,20210812,1426,,,HAMBLEY,,BLVD,,,0,098 CS-1222,CS1222,Y,N,NULL,NULL,NULL,N,NULL,NULL,NULL,NULL,NULL,NULL,0.76,NULL,NULL,NULL,NULL,,NULL,0,0,2,2,N,N,25,NULL,98,9801,NULL,,Y,37.48234,37,28.94,NULL,-82.51909,82,31.145,NULL,N,NULL,NULL,NULL,NULL,NULL,NULL,NULL,NULL,8,97,1,6,1,1,2,2,1,3,N,NULL,Y,N,1426,1430,1441,N,NULL,90,,,N,,N,N,098-CS-1222-0,NULL,NULL,2021,O,7.26579E+11,098-CS-1222  -000,HIGH,098-CS-1222  -000,0.76,0,0,0,0,0,0,0,0,0,0,0,0,0