MasterFile,AgencyORINumber,LocalCode,CollisionDate,CollisionTime,CollisionDayWeekCode,RoadwayName_HouseBusinessNumber_,RoadwayName_RoadwayName_,RoadwayName_Direction_,RoadwayName_RoadwaySuffix_,RoadwayfromReport,CurrentRoadwayNumber,RoadwayNumberCoupletID,RSEUniqueGIS,RoadwayIdentifier,ParkingLotIndicator,IntersectionWith_Indicator_,IntersectionWith_NameRoadway_,IntersectionWith_Direction_,IntersectionWith_RoadwaySuffix_,BetweenStreets_Indicator_,BetweenStreets1_NameRoadway_,BetweenStreet1_Direction_,BetweenStreets1_RoadwaySuffix_,BetweenStreets2_NameRoadway_,BetweenStreets2_Direction_,BetweenStreets2_RoadwaySuffix_,Milepoint,ReportMilepointDeriveNumber,CurrentDerivedMiepointNumber,MilestoMilepoint,FeettoMilepoint,DirectionfromMilepoint_NSEW_,ValidMilepointIndicator,NumberInjured,NumberKilled,ofUnits,ofMotorVehicleUnits,Hit&RunIndicator,OneWayIndicator,SpeedLimitNumber,KilometersIndicator,CountyCode,CityCountyCode,MilesFromCity,DirectionFromCity_NSEW_,InCityLimitsIndicator,Latitude,LatitudeDegrees,LatitudeMinutes,LatitudeSeconds,Longitude,LongitudeDegrees,LongitudeMinutes,LongitudeSeconds,RampIndicator,RampFromIdentifier,RampFromDirCode,RampFromCoupletID,RSEUniqueGISRampFrom,RampToidentifier,RampToDirCode,RampToCoupletID,RSEUniqueGisRampTo,MannerofCollisionCode,LocationFirstEventCode,TotalLanes,RoadwayCharacterCode,RoadwaySurfaceCode,RoadwayConditionCode,WeatherCode,LightConditionCode,LandUseCode,SchoolBusRelatedCode,FirstAidSceneIndicator,CollDescPresentInd,InvestigationCompleteIndicator,PhotosTakenIndicator,TimeNotified,TimeArrived,TimeRoadwayOpened,PropertyDamageIndicator,DiagramPresentIndicator,DirectionalAnalysis,FunctionClassCode,NationalHwySysCode,EnforcementsIndicator,KARSCityCode,SecondaryCollisionIndicator,MedianCrossoverIndicator,RT_UNIQUE,MapIt,TimeLastLeft,YR,KABCO,MFNY,WorkingRID,RT_CONFIDENCE,KTC_RT,KTC_MP,Motorcyclist,CommercialVehicle,YoungDriver,MatureDriver,pedestrian,Bicyclist,Distracted,agressive,Impaired,Unrestrained,Intersection,RoadwayDeparture,MedXover
72657994,980100,2.021E+11,20210812,923,,,US23 TURN LANE,,,US0023,US0023,0,098 US-23-20,US0023,N,N,NULL,NULL,NULL,N,NULL,NULL,NULL,NULL,NULL,NULL,0.004,NULL,NULL,NULL,NULL,,NULL,0,0,2,2,N,N,55,NULL,98,9801,NULL,,Y,37.50397,37,30.238,NULL,-82.53239,82,31.943,NULL,N,NULL,NULL,NULL,NULL,NULL,NULL,NULL,NULL,8,3,4,6,1,1,2,2,7,3,N,NULL,Y,N,924,928,928,N,NULL,53,,1,N,,N,N,098-US-0023-20,NULL,NULL,2021,O,7.2658E+11,098-US-0023  -020,HIGH,098-US-0023  -020,0.004,0,0,0,0,0,0,1,0,0,0,0,1,0
72679337,KSP0900,21-369199,20210904,2309,,,MICHAEL,,ST,,,0,098 CR-1833R,CR1833R,N,N,NULL,NULL,NULL,N,NULL,NULL,NULL,NULL,NULL,NULL,0.054,NULL,NULL,NULL,NULL,,NULL,0,0,1,1,N,N,15,NULL,98,9804,NULL,,Y,37.51581,37,30.949,NULL,-82.15364,82,9.218,NULL,N,NULL,NULL,NULL,NULL,NULL,NULL,NULL,NULL,9,97,1,6,3,1,2,7,7,3,N,NULL,Y,N,2309,2345,2345,Y,NULL,40,,,N,,N,N,098-CR-1833R-0,NULL,NULL,2021,O,7.26793E+11,098-CR-1833R -000,HIGH,098-CR-1833R -000,0.054,0,0,0,0,0,0,1,0,0,0,0,1,0
72622107,980100,2.021E+11,20210507,1322,,1454,SOUTH MAYO TRAIL,,,,,0,098 CS-1016,CS1016,Y,N,NULL,NULL,NULL,N,NULL,NULL,NULL,NULL,NULL,NULL,NULL,NULL,NULL,NULL,NULL,NULL,NULL,0,0,2,2,N,N,NULL,NULL,98,9801,NULL,,Y,37.45305,37,27.183,NULL,-82.52142,82,31.285,NULL,N,NULL,NULL,NULL,NULL,NULL,NULL,NULL,NULL,2,97,1,6,1,1,2,2,1,3,N,NULL,Y,N,1322,1329,1329,N,NULL,90,,,N,,N,N,098-CS-1016-0,NULL,NULL,2021,O,7.26221E+11,098-CS-1016  -000,HIGH,098-CS-1016  -000,0.043,0,0,0,1,0,0,1,0,0,0,0,0,0
72704180,980100,2.021E+11,20211201,,,,HAMBLEY,,BLVD,,,0,098 CS-1222,CS1222,N,N,NULL,NULL,NULL,N,NULL,NULL,NULL,NULL,NULL,NULL,0.565,NULL,NULL,NULL,NULL,,NULL,0,0,2,2,Y,N,35,NULL,98,9801,NULL,,Y,37.47923,37,28.754,NULL,-82.51977,82,31.186,NULL,N,NULL,NULL,NULL,NULL,NULL,NULL,NULL,NULL,8,7,NULL,6,1,1,2,3,1,3,N,NULL,Y,N,919,919,919,N,NULL,47,,,N,,N,N,098-CS-1222-0,NULL,NULL,2021,NULL,7.27042E+11,098-CS-1222  -000,HIGH,098-CS-1222  -000,0.565,0,0,0,0,0,0,1,0,0,0,0,0,0
72697752,KSP0900,21-469889,20211116,2013,,,KY1426,,,KY1426,KY1426,0,098 KY-1426,KY1426,N,N,NULL,NULL,NULL,N,NULL,NULL,NULL,NULL,NULL,NULL,15.989,NULL,NULL,NULL,NULL,,NULL,1,0,2,2,N,N,55,NULL,98,9820,NULL,,Y,37.56444,37,33.867,NULL,-82.44205,82,26.523,NULL,N,NULL,NULL,NULL,NULL,NULL,NULL,NULL,NULL,1,3,2,6,1,1,2,6,7,3,Y,NULL,Y,Y,2013,2030,2100,N,NULL,55,7,0,N,,N,N,098-KY-1426-0,NULL,NULL,2021,B,7.26978E+11,098-KY-1426  -000,HIGH,098-KY-1426  -000,15.989,0,0,0,1,0,0,1,0,0,0,0,0,0
72661465,980100,2.021E+11,20210821,1538,,,US23,,,US0023,US0023,0,098 US-23-10,US0023,N,N,NULL,NULL,NULL,N,NULL,NULL,NULL,NULL,NULL,NULL,26.876,NULL,NULL,NULL,NULL,,NULL,0,0,2,2,N,N,55,NULL,98,9801,NULL,,Y,37.50972,37,30.583,NULL,-82.53894,82,32.336,NULL,N,NULL,NULL,NULL,NULL,NULL,NULL,NULL,NULL,5,3,4,6,1,1,2,2,1,3,Y,NULL,Y,N,1503,1513,1700,N,NULL,49,,1,Y,,N,N,098-US-0023-10,NULL,NULL,2021,O,7.26615E+11,098-US-0023  -010,HIGH,098-US-0023  -000,26.876,0,0,0,0,0,0,1,0,1,0,0,0,0
72723538,980100,2.022E+11,20220119,2056,,,BYPASS,N,RD,KY1460,KY1460,0,098 KY-1460,KY1460,N,N,NULL,NULL,NULL,N,NULL,NULL,NULL,NULL,NULL,NULL,6.237,NULL,NULL,NULL,NULL,,NULL,0,0,1,1,N,N,45,NULL,98,9801,NULL,,Y,37.48544,37,29.126,NULL,-82.53165,82,31.899,NULL,N,NULL,NULL,NULL,NULL,NULL,NULL,NULL,NULL,9,3,2,6,1,5,6,5,6,3,N,NULL,Y,N,2056,2056,2103,N,NULL,70,16,0,N,,N,N,098-KY-1460-0,NULL,NULL,2022,O,7.27235E+11,098-KY-1460  -000,HIGH,098-KY-1460  -000,6.237,0,0,0,0,0,0,0,0,0,0,0,0,0
72692864,980100,2.021E+11,20211105,1636,,,US23,,,US0023,US0023,0,098 US-23,US0023,N,N,NULL,NULL,NULL,N,NULL,NULL,NULL,NULL,NULL,NULL,26.137,NULL,NULL,NULL,NULL,,NULL,0,0,2,2,N,N,55,NULL,98,9801,NULL,,Y,37.50158,37,30.095,NULL,-82.53185,82,31.911,NULL,N,NULL,NULL,NULL,NULL,NULL,NULL,NULL,NULL,5,3,6,6,1,1,2,2,1,3,N,NULL,N,N,1636,1641,1708,N,NULL,49,,1,Y,,N,N,098-US-0023-0,NULL,NULL,2021,O,7.26929E+11,098-US-0023  -000,HIGH,098-US-0023  -000,26.137,0,0,0,0,0,0,0,0,0,0,0,0,0
72696332,KSP0900,21-464187,20211112,1541,,318,MALL,S,RD,,,0,098 PR-1010,PR1010,Y,N,NULL,NULL,NULL,N,NULL,NULL,NULL,NULL,NULL,NULL,0.081,NULL,NULL,NULL,NULL,,NULL,0,0,1,1,N,N,NULL,NULL,98,9834,NULL,,Y,37.65242,37,39.145,NULL,-82.27108,82,16.265,NULL,N,NULL,NULL,NULL,NULL,NULL,NULL,NULL,NULL,9,97,NULL,6,3,1,2,2,1,3,N,NULL,Y,N,1541,1710,1710,Y,NULL,90,,,N,,N,N,098-PR-1010-0,NULL,NULL,2021,O,7.26963E+11,098-PR-1010  -000,HIGH,098-PR-1010  -000,0.081,0,0,0,0,0,0,1,0,0,0,0,1,0
72573438,KSP0900,20-822514,20201210,340,,,US460,,,US0460,US0460,0,098 US-460,US0460,N,N,NULL,NULL,NULL,N,NULL,NULL,NULL,NULL,NULL,NULL,10.775,NULL,NULL,NULL,NULL,,NULL,1,0,2,1,N,N,55,NULL,98,9802,NULL,,Y,37.35455,37,21.273,NULL,-82.40185,82,24.111,NULL,N,NULL,NULL,NULL,NULL,NULL,NULL,NULL,NULL,9,3,2,6,1,1,2,6,7,3,N,NULL,Y,Y,340,347,,N,NULL,36,,1,N,,N,N,098-US-0460-0,NULL,NULL,2020,B,7.25734E+11,098-US-0460  -000,HIGH,098-US-0460  -000,10.775,0,0,0,0,1,0,0,0,0,0,0,0,0
72714942,980100,2.021E+11,20211217,1618,,,US23,,,US0023,US0023,0,098 US-23,US0023,N,N,NULL,NULL,NULL,N,NULL,NULL,NULL,NULL,NULL,NULL,21.496,NULL,NULL,NULL,NULL,,NULL,4,0,3,3,Y,N,55,NULL,98,9801,NULL,,Y,37.45173,37,27.104,NULL,-82.52335,82,31.401,NULL,N,NULL,NULL,NULL,NULL,NULL,NULL,NULL,NULL,1,3,4,6,1,1,3,2,1,3,N,NULL,Y,Y,1618,1623,1704,N,NULL,55,,1,Y,,N,N,098-US-0023-0,NULL,NULL,2021,B,7.27149E+11,098-US-0023  -000,HIGH,098-US-0023  -000,21.496,0,0,1,0,0,0,0,1,1,1,0,0,0
72716098,980100,2.021E+11,20211231,1738,,,MAYO,,CIR,,,,,,Y,N,NULL,NULL,NULL,N,NULL,NULL,NULL,NULL,NULL,NULL,0.196,NULL,NULL,NULL,NULL,,NULL,0,0,2,2,N,N,NULL,NULL,98,9801,NULL,,Y,37.46163,37,27.698,NULL,-82.51735,82,31.041,NULL,N,NULL,NULL,NULL,NULL,NULL,NULL,NULL,NULL,2,97,NULL,6,1,1,2,4,1,3,N,NULL,Y,N,1738,1743,,N,NULL,90,,,N,,N,N,,NULL,NULL,2021,O,7.27161E+11,098-CS-1019  -000,MEDIUM,098-CS-1019  -000,0.196,0,0,0,0,0,0,0,0,0,0,0,0,0
72641559,980100,2.021E+11,20210615,1509,,,US23,,,US0023,US0023,0,098 US-23-10,US0023,N,N,NULL,NULL,NULL,N,NULL,NULL,NULL,NULL,NULL,NULL,20.828,NULL,NULL,NULL,NULL,,NULL,0,0,2,2,N,N,55,NULL,98,9801,NULL,,Y,37.44313,37,26.588,NULL,-82.52343,82,31.406,NULL,N,NULL,NULL,NULL,NULL,NULL,NULL,NULL,NULL,5,3,4,3,1,1,2,2,7,3,N,NULL,Y,N,1510,1511,,N,NULL,49,,1,N,,N,N,098-US-0023-10,NULL,NULL,2021,O,7.26416E+11,098-US-0023  -010,HIGH,098-US-0023  -000,20.828,0,0,0,1,0,0,1,0,0,0,0,0,0
72750742,KSP0900,22-127210,20220408,1708,,,US460,,,US0460,US0460,0,098 US-460,US0460,N,N,NULL,NULL,NULL,N,NULL,NULL,NULL,NULL,NULL,NULL,7.99,NULL,NULL,NULL,NULL,,NULL,4,0,3,3,N,N,45,NULL,98,9824,NULL,,Y,37.37893,37,22.735,NULL,-82.43367,82,26.02,NULL,N,NULL,NULL,NULL,NULL,NULL,NULL,NULL,NULL,5,3,2,5,1,5,3,2,7,3,Y,NULL,Y,Y,1709,1814,2043,N,NULL,70,,1,Y,,N,N,098-US-0460-0,NULL,NULL,2022,B,7.27507E+11,098-US-0460  -000,HIGH,098-US-0460  -000,7.99,0,0,0,1,0,0,1,1,1,1,0,0,0
72661836,980100,2.021E+11,20210818,750,,911,BYPASS,,RD,,,0,098 CS-1223,CS1223,Y,N,NULL,NULL,NULL,N,NULL,NULL,NULL,NULL,NULL,NULL,NULL,NULL,NULL,NULL,NULL,NULL,NULL,0,0,2,2,Y,N,NULL,NULL,98,9801,NULL,,Y,37.47128,37,28.277,NULL,-82.52117,82,31.27,NULL,N,NULL,NULL,NULL,NULL,NULL,NULL,NULL,NULL,2,97,NULL,6,2,1,2,5,1,3,N,NULL,Y,N,750,755,755,N,NULL,90,,,N,,N,N,098-CS-1223-0,NULL,NULL,2021,O,7.26618E+11,098-CS-1223  -000,HIGH,098-CS-1223  -000,0.135,0,0,0,0,0,0,0,0,0,0,0,0,0
72683525,980100,2.021E+11,20211016,1349,,215,CASSIDY,,BLVD,,,0,098 CS-1191,CS1191,Y,N,NULL,NULL,NULL,N,NULL,NULL,NULL,NULL,NULL,NULL,0.359,NULL,NULL,NULL,NULL,,NULL,0,0,2,2,N,N,NULL,NULL,98,9801,NULL,,Y,37.5051,37,30.306,NULL,-82.53802,82,32.281,NULL,N,NULL,NULL,NULL,NULL,NULL,NULL,NULL,NULL,2,97,NULL,6,1,1,2,2,1,3,N,NULL,Y,N,1349,1355,,N,NULL,90,,,N,,N,N,098-CS-1191-0,NULL,NULL,2021,O,7.26835E+11,098-CS-1191  -000,HIGH,098-CS-1191  -000,0.359,0,0,0,1,0,0,1,0,0,0,0,0,0
72613974,KSP0900,21-140569,20210408,2032,,,US460,,,US0460,US0460,0,098 US-460,US0460,N,N,NULL,NULL,NULL,N,NULL,NULL,NULL,NULL,NULL,NULL,9.859,NULL,NULL,NULL,NULL,,NULL,2,0,2,2,N,N,55,NULL,98,9822,NULL,,Y,37.36408,37,21.845,NULL,-82.40723,82,24.434,NULL,N,NULL,NULL,NULL,NULL,NULL,NULL,NULL,NULL,5,3,2,6,1,1,2,6,7,3,Y,NULL,Y,Y,2032,2140,2155,N,NULL,49,,1,N,,N,N,098-US-0460-0,NULL,NULL,2021,C,7.2614E+11,098-US-0460  -000,HIGH,098-US-0460  -000,9.859,0,0,0,0,0,0,0,1,0,0,0,0,0
72713981,980100,2.021E+11,20211225,1354,,,4TH,,ST,,,0,098 CS-1133,CS1133,N,N,NULL,NULL,NULL,N,NULL,NULL,NULL,NULL,NULL,NULL,0.03,NULL,NULL,NULL,NULL,,NULL,0,0,4,4,N,N,25,NULL,98,9801,NULL,,Y,37.48295,37,28.977,NULL,-82.51888,82,31.133,NULL,N,NULL,NULL,NULL,NULL,NULL,NULL,NULL,NULL,3,97,2,6,1,1,2,2,7,3,N,NULL,Y,Y,1354,1356,1525,Y,NULL,40,,,Y,,N,N,098-CS-1133-0,NULL,NULL,2021,O,7.2714E+11,098-CS-1133  -000,HIGH,098-CS-1133  -000,0.03,0,0,0,0,0,0,1,0,1,0,0,1,0
72714268,980500,2021AR054,20211227,1656,,,US23,,,US0023,US0023,0,098 US-23,US0023,N,N,NULL,NULL,NULL,N,NULL,NULL,NULL,NULL,NULL,NULL,NULL,NULL,NULL,NULL,NULL,NULL,NULL,1,0,1,1,N,N,55,NULL,98,9807,NULL,,Y,37.52104,37,31.263,NULL,-82.56853,82,34.112,NULL,N,NULL,NULL,NULL,NULL,NULL,NULL,NULL,NULL,9,97,2,6,1,1,2,2,1,2,Y,NULL,Y,Y,1658,1700,1800,Y,NULL,40,,1,N,,N,N,098-US-0023-0,NULL,NULL,2021,C,7.27143E+11,098-US-0023  -000,HIGH,098-US-0023  -000,28.724,0,0,0,0,0,0,0,0,0,1,0,1,0
72644319,KSP0900,21-278726,20210706,1022,,,VIRGIE,,RD,KY0610,KY0610,0,098 KY-610,KY0610,N,N,NULL,NULL,NULL,N,NULL,NULL,NULL,NULL,NULL,NULL,6.053,NULL,NULL,NULL,NULL,,NULL,0,0,2,2,N,N,45,NULL,98,9827,NULL,,Y,37.32213,37,19.328,NULL,-82.58086,82,34.851,NULL,N,NULL,NULL,NULL,NULL,NULL,NULL,NULL,NULL,3,3,2,3,1,1,2,2,6,3,N,NULL,Y,N,1026,1045,1030,N,NULL,52,7,0,N,,N,N,098-KY-0610-0,NULL,NULL,2021,O,7.26443E+11,098-KY-0610  -000,HIGH,098-KY-0610  -000,6.053,0,0,0,1,0,0,0,0,0,0,0,1,0
72693614,980100,2.021E+11,20211103,1526,,,US23,,,US0023,US0023,0,098 US-23,US0023,N,Y,MAYO,,CIR,N,NULL,NULL,NULL,NULL,NULL,NULL,22.282,NULL,NULL,NULL,NULL,,NULL,2,0,2,2,N,N,55,NULL,98,9801,NULL,,Y,37.46141,37,27.684,NULL,-82.51699,82,31.019,NULL,N,NULL,NULL,NULL,NULL,NULL,NULL,NULL,NULL,1,3,4,4,1,1,2,2,7,3,N,NULL,Y,Y,1526,1533,1551,N,NULL,10,,1,N,,N,Y,098-US-0023-0,NULL,NULL,2021,C,7.26936E+11,098-US-0023  -000,HIGH,098-US-0023  -000,22.282,0,0,0,1,0,0,1,1,0,0,1,0,1
72691352,KSP0900,21-449882,20211102,945,,,US119,,,US0119,US0119,0,098 US-119,US0119,Y,N,NULL,NULL,NULL,N,NULL,NULL,NULL,NULL,NULL,NULL,24.125,NULL,NULL,NULL,NULL,,NULL,0,0,2,2,N,N,55,NULL,98,9834,NULL,,Y,37.65748,37,39.449,NULL,-82.27071,82,16.243,NULL,N,NULL,NULL,NULL,NULL,NULL,NULL,NULL,NULL,2,97,4,6,1,5,6,2,7,3,N,NULL,Y,N,945,950,1000,N,NULL,90,2,1,N,,N,N,098-US-0119-0,NULL,NULL,2021,O,7.26914E+11,098-US-0119  -000,HIGH,098-US-0119  -000,24.125,0,0,0,0,0,0,1,0,0,0,0,0,0
72690961,KSP0900,21-449304,20211101,1900,,,US119,,,US0119,US0119,0,098 US-119-10,US0119,N,N,NULL,NULL,NULL,N,NULL,NULL,NULL,NULL,NULL,NULL,16.146,NULL,NULL,NULL,NULL,,NULL,0,0,1,1,N,N,55,NULL,98,9833,NULL,,Y,37.60834,37,36.5,NULL,-82.31878,82,19.127,NULL,N,NULL,NULL,NULL,NULL,NULL,NULL,NULL,NULL,9,3,4,6,1,1,2,6,7,3,N,NULL,N,N,1900,1907,1907,N,NULL,38,2,1,N,,N,N,098-US-0119-10,NULL,NULL,2021,O,7.2691E+11,098-US-0119  -010,HIGH,098-US-0119  -000,16.146,0,0,0,0,0,0,0,0,0,0,0,0,0
72631715,980100,2.021E+11,20210526,1120,,,BYPASS,S,RD,KY1426,KY1426,0,098 KY-1426,KY1426,Y,N,NULL,NULL,NULL,N,NULL,NULL,NULL,NULL,NULL,NULL,5.689,NULL,NULL,NULL,NULL,,NULL,0,0,2,2,Y,N,NULL,NULL,98,9801,NULL,,Y,37.47277,37,28.366,NULL,-82.52288,82,31.373,NULL,N,NULL,NULL,NULL,NULL,NULL,NULL,NULL,NULL,1,97,2,6,1,1,2,2,1,3,N,NULL,Y,N,1121,1133,1133,N,NULL,90,,0,N,,N,N,098-KY-1426-0,NULL,NULL,2021,NULL,7.26317E+11,098-KY-1426  -000,HIGH,098-KY-1426  -000,5.689,0,0,0,0,0,0,0,0,0,0,0,0,0
72596120,980100,2.021E+11,20210218,1741,,,KY1426 TURN LANE,,,KY1426,KY1426,0,098 KY-1426-25,KY1426,N,N,NULL,NULL,NULL,N,NULL,NULL,NULL,NULL,NULL,NULL,0.03,NULL,NULL,NULL,NULL,,NULL,0,0,2,2,N,N,55,NULL,98,9801,NULL,,Y,37.47227,37,28.336,NULL,-82.52707,82,31.624,NULL,N,NULL,NULL,NULL,NULL,NULL,NULL,NULL,NULL,5,3,2,3,1,5,3,2,7,3,N,NULL,Y,N,1741,1745,1745,N,NULL,49,8,0,N,,N,N,098-KY-1426-25,NULL,NULL,2021,O,7.25961E+11,098-KY-1426  -025,HIGH,098-KY-1426  -025,0.03,0,0,0,0,0,0,1,0,0,0,0,0,0
72652536,KSP0900,21-302714,20210721,2358,,,KY194,,,KY0194,KY0194,0,098 KY-194,KY0194,N,N,NULL,NULL,NULL,N,NULL,NULL,NULL,NULL,NULL,NULL,23.401,NULL,NULL,NULL,NULL,,NULL,0,0,1,1,Y,N,55,NULL,98,9817,NULL,,Y,37.53379,37,32.027,NULL,-82.36856,82,22.114,NULL,N,NULL,NULL,NULL,NULL,NULL,NULL,NULL,NULL,9,3,2,3,1,1,2,6,7,3,N,NULL,Y,N,2358,8,58,N,NULL,70,6,0,N,,N,N,098-KY-0194-0,NULL,NULL,2021,O,7.26525E+11,098-KY-0194  -000,HIGH,098-KY-0194  -000,23.401,0,0,0,0,0,0,0,0,0,0,0,0,0
72677643,980100,2.021E+11,20210930,1035,,,KY1426,,,KY1426,KY1426,0,098 KY-1426,KY1426,Y,N,NULL,NULL,NULL,N,NULL,NULL,NULL,NULL,NULL,NULL,8.866,NULL,NULL,NULL,NULL,,NULL,0,0,1,1,Y,N,55,NULL,98,9801,NULL,,Y,37.50336,37,30.202,NULL,-82.48969,82,29.381,NULL,N,NULL,NULL,NULL,NULL,NULL,NULL,NULL,NULL,9,97,2,6,1,1,2,2,5,3,N,NULL,Y,N,1035,1042,1042,N,NULL,90,,0,N,,N,N,098-KY-1426-0,NULL,NULL,2021,NULL,7.26776E+11,098-KY-1426  -000,HIGH,098-KY-1426  -000,8.866,0,0,0,0,0,0,1,0,0,0,0,1,0
72638570,KSP0900,21-254331,20210620,1650,,,KY194,,,KY0194,KY0194,0,098 KY-194,KY0194,N,N,NULL,NULL,NULL,N,NULL,NULL,NULL,NULL,NULL,NULL,14.487,NULL,NULL,NULL,NULL,,NULL,0,0,1,1,N,N,55,NULL,98,9801,NULL,,Y,37.58114,37,34.868,NULL,-82.4789,82,28.734,NULL,N,NULL,NULL,NULL,NULL,NULL,NULL,NULL,NULL,9,3,2,3,1,1,2,2,7,3,Y,NULL,N,Y,1628,1650,1800,N,NULL,40,7,0,N,,N,N,098-KY-0194-0,NULL,NULL,2021,O,7.26386E+11,098-KY-0194  -000,HIGH,098-KY-0194  -000,14.487,0,0,0,0,0,0,0,0,0,1,0,1,0
72664669,KSP0900,21-358109,20210827,2323,,,KY3418,,,KY3418,KY3418,0,098 KY-3418,KY3418,N,N,NULL,NULL,NULL,N,NULL,NULL,NULL,NULL,NULL,NULL,6.177,NULL,NULL,NULL,NULL,,NULL,0,0,1,1,N,N,55,NULL,98,9850,NULL,,Y,37.45458,37,27.275,NULL,-82.40257,82,24.154,NULL,N,NULL,NULL,NULL,NULL,NULL,NULL,NULL,NULL,9,3,2,1,1,5,2,6,7,3,N,NULL,Y,Y,2332,17,200,N,NULL,70,9,0,N,,N,N,098-KY-3418-0,NULL,NULL,2021,O,7.26647E+11,098-KY-3418  -000,HIGH,098-KY-3418  -000,6.177,0,0,0,0,0,0,0,0,0,0,0,1,0
72641646,980100,2.021E+11,20210629,1242,,,MAYO,S,TRL,KY3496,KY3496,0,098 KY-3496,KY3496,Y,N,NULL,NULL,NULL,N,NULL,NULL,NULL,NULL,NULL,NULL,0.868,NULL,NULL,NULL,NULL,,NULL,0,0,2,2,Y,N,35,NULL,98,9801,NULL,,Y,37.47205,37,28.323,NULL,-82.52828,82,31.697,NULL,N,NULL,NULL,NULL,NULL,NULL,NULL,NULL,NULL,1,97,2,6,1,1,2,2,5,3,N,NULL,Y,N,1242,1255,1255,N,NULL,90,16,0,N,,N,N,098-KY-3496-0,NULL,NULL,2021,NULL,7.26416E+11,098-KY-3496  -000,HIGH,098-KY-3496  -000,0.868,0,0,0,0,0,0,0,0,0,0,0,0,0
72677004,980100,2.021E+11,20210929,1721,,533,HAMBLEY,,BLVD,,,0,098 CS-1222,CS1222,Y,N,NULL,NULL,NULL,N,NULL,NULL,NULL,NULL,NULL,NULL,1.145,NULL,NULL,NULL,NULL,,NULL,0,0,2,2,N,N,NULL,NULL,98,9801,NULL,,Y,37.48524,37,29.114,NULL,-82.52422,82,31.453,NULL,N,NULL,NULL,NULL,NULL,NULL,NULL,NULL,NULL,2,97,1,6,1,1,2,2,1,3,N,NULL,Y,N,1722,1724,1724,N,NULL,90,,,N,,N,N,098-CS-1222-0,NULL,NULL,2021,O,7.2677E+11,098-CS-1222  -000,HIGH,098-CS-1222  -000,1.145,0,0,0,1,0,0,1,0,0,0,0,0,0
72715995,KSP0900,2021-530505,20211231,1800,,,APPALACHIAN,,PLZ,,,0,098 PR-1008,PR1008,Y,N,NULL,NULL,NULL,N,NULL,NULL,NULL,NULL,NULL,NULL,0.026,NULL,NULL,NULL,NULL,,NULL,0,0,2,2,N,N,NULL,NULL,98,9834,NULL,,Y,37.66587,37,39.952,NULL,-82.27444,82,16.467,NULL,N,NULL,NULL,NULL,NULL,NULL,NULL,NULL,NULL,2,97,NULL,6,1,5,2,6,1,3,N,NULL,Y,N,1800,1800,1800,N,NULL,90,,,N,,N,N,098-PR-1008-0,NULL,NULL,2021,O,7.2716E+11,098-PR-1008  -000,HIGH,098-PR-1008  -000,0.026,0,0,0,1,0,0,1,0,0,0,0,0,0
72711351,KSP0900,21-515278,20211219,1428,,,US460,,,US0460,US0460,0,098 US-460,US0460,N,N,NULL,NULL,NULL,N,NULL,NULL,NULL,NULL,NULL,NULL,6.816,NULL,NULL,NULL,NULL,,NULL,1,0,3,3,N,N,45,NULL,98,9832,NULL,,Y,37.39223,37,23.534,NULL,-82.43294,82,25.976,NULL,N,NULL,NULL,NULL,NULL,NULL,NULL,NULL,NULL,3,3,2,6,1,1,2,2,7,3,Y,NULL,Y,Y,1428,1431,1530,N,NULL,52,,1,N,,N,Y,098-US-0460-0,NULL,NULL,2021,B,7.27114E+11,098-US-0460  -000,HIGH,098-US-0460  -000,6.816,0,0,0,0,0,0,1,0,0,0,0,1,1
72677162,KSP0900,21-404621,20210930,1133,,4200,US460,,,US0460,US0460,0,098 US-460,US0460,N,N,NULL,NULL,NULL,N,NULL,NULL,NULL,NULL,NULL,NULL,3.631,NULL,NULL,NULL,NULL,,NULL,1,0,1,1,N,N,55,NULL,98,9801,3,SE,N,37.42305,37,25.383,NULL,-82.46716,82,28.029,NULL,N,NULL,NULL,NULL,NULL,NULL,NULL,NULL,NULL,9,4,2,3,1,1,2,2,7,3,Y,NULL,Y,Y,1339,1401,1515,N,NULL,40,,1,N,,N,N,098-US-0460-0,NULL,NULL,2021,A,7.26772E+11,098-US-0460  -000,HIGH,098-US-0460  -000,3.631,0,0,0,1,0,0,0,0,0,0,0,1,0
72652542,KSP0900,21-309722,20210726,1511,,,US119,,,US0119,US0119,0,098 US-119,US0119,N,N,NULL,NULL,NULL,N,NULL,NULL,NULL,NULL,NULL,NULL,8.172,NULL,NULL,NULL,NULL,,NULL,0,0,1,1,N,N,55,NULL,98,9801,NULL,,Y,37.56012,37,33.607,NULL,-82.42229,82,25.338,NULL,N,NULL,NULL,NULL,NULL,NULL,NULL,NULL,NULL,9,4,4,4,1,1,2,2,7,3,N,NULL,Y,Y,1511,1515,1515,N,NULL,44,2,1,N,,N,N,098-US-0119-0,NULL,NULL,2021,O,7.26525E+11,098-US-0119  -000,HIGH,098-US-0119  -000,8.172,0,0,0,0,0,0,0,1,0,0,0,1,0