MasterFile,AgencyORINumber,LocalCode,CollisionDate,CollisionTime,CollisionDayWeekCode,RoadwayName_HouseBusinessNumber_,RoadwayName_RoadwayName_,RoadwayName_Direction_,RoadwayName_RoadwaySuffix_,RoadwayfromReport,CurrentRoadwayNumber,RoadwayNumberCoupletID,RSEUniqueGIS,RoadwayIdentifier,ParkingLotIndicator,IntersectionWith_Indicator_,IntersectionWith_NameRoadway_,IntersectionWith_Direction_,IntersectionWith_RoadwaySuffix_,BetweenStreets_Indicator_,BetweenStreets1_NameRoadway_,BetweenStreet1_Direction_,BetweenStreets1_RoadwaySuffix_,BetweenStreets2_NameRoadway_,BetweenStreets2_Direction_,BetweenStreets2_RoadwaySuffix_,Milepoint,ReportMilepointDeriveNumber,CurrentDerivedMiepointNumber,MilestoMilepoint,FeettoMilepoint,DirectionfromMilepoint_NSEW_,ValidMilepointIndicator,NumberInjured,NumberKilled,ofUnits,ofMotorVehicleUnits,Hit&RunIndicator,OneWayIndicator,SpeedLimitNumber,KilometersIndicator,CountyCode,CityCountyCode,MilesFromCity,DirectionFromCity_NSEW_,InCityLimitsIndicator,Latitude,LatitudeDegrees,LatitudeMinutes,LatitudeSeconds,Longitude,LongitudeDegrees,LongitudeMinutes,LongitudeSeconds,RampIndicator,RampFromIdentifier,RampFromDirCode,RampFromCoupletID,RSEUniqueGISRampFrom,RampToidentifier,RampToDirCode,RampToCoupletID,RSEUniqueGisRampTo,MannerofCollisionCode,LocationFirstEventCode,TotalLanes,RoadwayCharacterCode,RoadwaySurfaceCode,RoadwayConditionCode,WeatherCode,LightConditionCode,LandUseCode,SchoolBusRelatedCode,FirstAidSceneIndicator,CollDescPresentInd,InvestigationCompleteIndicator,PhotosTakenIndicator,TimeNotified,TimeArrived,TimeRoadwayOpened,PropertyDamageIndicator,DiagramPresentIndicator,DirectionalAnalysis,FunctionClassCode,NationalHwySysCode,EnforcementsIndicator,KARSCityCode,SecondaryCollisionIndicator,MedianCrossoverIndicator,RT_UNIQUE,MapIt,TimeLastLeft,YR,KABCO,MFNY,WorkingRID,RT_CONFIDENCE,KTC_RT,KTC_MP,Motorcyclist,CommercialVehicle,YoungDriver,MatureDriver,pedestrian,Bicyclist,Distracted,agressive,Impaired,Unrestrained,Intersection,RoadwayDeparture,MedXover
72713286,980100,2.021E+11,20211223,1330,,,KY1426,,,KY1426,KY1426,0,098 KY-1426,KY1426,N,N,NULL,NULL,NULL,N,NULL,NULL,NULL,NULL,NULL,NULL,6.92,NULL,NULL,NULL,NULL,,NULL,0,0,2,2,N,N,55,NULL,98,9801,NULL,,Y,37.48628,37,29.177,NULL,-82.50907,82,30.544,NULL,N,NULL,NULL,NULL,NULL,NULL,NULL,NULL,NULL,5,3,2,6,1,1,2,2,7,3,N,NULL,Y,N,1331,1334,1346,N,NULL,49,,0,N,,N,N,098-KY-1426-0,NULL,NULL,2021,O,7.27133E+11,098-KY-1426  -000,HIGH,098-KY-1426  -000,6.92,0,0,0,0,0,0,0,0,0,0,0,0,0
72649720,KSP0900,21-294236,20210716,1420,,,US119,,,US0119,US0119,0,098 US-119,US0119,Y,N,NULL,NULL,NULL,N,NULL,NULL,NULL,NULL,NULL,NULL,23.632,NULL,NULL,NULL,NULL,,NULL,0,0,2,2,N,N,15,NULL,98,9836,NULL,,Y,37.65138,37,39.083,NULL,-82.26768,82,16.061,NULL,N,NULL,NULL,NULL,NULL,NULL,NULL,NULL,NULL,2,97,2,6,1,1,2,2,1,3,N,NULL,Y,N,1405,1415,1410,N,NULL,90,2,1,N,,N,N,098-US-0119-0,NULL,NULL,2021,O,7.26497E+11,098-US-0119  -000,HIGH,098-US-0119  -000,23.632,0,0,0,0,0,0,1,0,0,0,0,0,0
72688063,980100,2.021E+11,20211027,733,,,US23 TURN LANE,,,US0023,US0023,0,098 US-23-20,US0023,N,N,NULL,NULL,NULL,N,NULL,NULL,NULL,NULL,NULL,NULL,0.007,NULL,NULL,NULL,NULL,,NULL,0,0,2,1,N,N,55,NULL,98,9801,NULL,,Y,37.5041,37,30.246,NULL,-82.53221,82,31.933,NULL,N,NULL,NULL,NULL,NULL,NULL,NULL,NULL,NULL,5,3,4,6,1,1,2,2,7,3,N,NULL,Y,N,733,742,742,N,NULL,49,,1,N,,N,N,098-US-0023-20,NULL,NULL,2021,O,7.26881E+11,098-US-0023  -020,HIGH,098-US-0023  -020,0.007,0,0,1,0,0,0,0,0,0,0,0,0,0
72716509,980100,2.021E+11,20211230,948,,,BAIRD,,AVE,KY1426,KY1426,0,098 KY-1426,KY1426,N,N,NULL,NULL,NULL,N,NULL,NULL,NULL,NULL,NULL,NULL,5.413,NULL,NULL,NULL,NULL,,NULL,1,0,2,2,N,N,25,NULL,98,9801,NULL,,Y,37.47302,37,28.381,NULL,-82.52704,82,31.622,NULL,N,NULL,NULL,NULL,NULL,NULL,NULL,NULL,NULL,1,3,3,6,1,5,3,2,7,3,Y,NULL,Y,Y,948,951,1015,N,NULL,55,,0,N,,N,N,098-KY-1426-0,NULL,NULL,2021,C,7.27165E+11,098-KY-1426  -000,HIGH,098-KY-1426  -000,5.413,0,0,0,1,0,0,1,0,0,0,0,0,0
72695122,980000,21-11-002,20211110,1100,,200,DOUGLAS,,PARK,,,0,098 CR-1704,CR1704,Y,N,NULL,NULL,NULL,N,NULL,NULL,NULL,NULL,NULL,NULL,0.458,NULL,NULL,NULL,NULL,,NULL,0,0,2,2,N,N,35,NULL,98,9801,10,S,N,37.38237,37,22.942,NULL,-82.53613,82,32.167,NULL,N,NULL,NULL,NULL,NULL,NULL,NULL,NULL,NULL,2,97,2,6,1,1,2,2,1,3,N,NULL,Y,Y,1059,1059,1059,N,NULL,90,,,N,,N,N,098-CR-1704-0,NULL,NULL,2021,O,7.26951E+11,098-CR-1704  -000,HIGH,098-CR-1704  -000,0.458,0,0,0,1,0,0,0,0,0,0,0,0,0
72650766,980100,2.021E+11,20210723,1615,,,THOMPSON,,RD,,,0,098 CS-1215,CS1215,Y,N,NULL,NULL,NULL,N,NULL,NULL,NULL,NULL,NULL,NULL,0.299,NULL,NULL,NULL,NULL,,NULL,0,0,2,2,N,N,10,NULL,98,9801,NULL,,Y,37.50714,37,30.428,NULL,-82.54711,82,32.827,NULL,N,NULL,NULL,NULL,NULL,NULL,NULL,NULL,NULL,2,97,1,6,1,1,2,2,1,3,Y,NULL,Y,N,1615,1620,1644,N,NULL,90,,,N,,N,N,098-CS-1215-0,NULL,NULL,2021,O,7.26508E+11,098-CS-1215  -000,HIGH,098-CS-1215  -000,0.299,0,0,0,0,0,0,1,0,0,0,0,0,0
72713283,980100,2.021E+11,20211221,1246,,911,BYPASS,,RD,,,0,098 CS-1223,CS1223,Y,N,NULL,NULL,NULL,N,NULL,NULL,NULL,NULL,NULL,NULL,NULL,NULL,NULL,NULL,NULL,NULL,NULL,0,0,1,1,N,N,NULL,NULL,98,9801,NULL,,Y,37.47128,37,28.277,NULL,-82.52117,82,31.27,NULL,N,NULL,NULL,NULL,NULL,NULL,NULL,NULL,NULL,9,97,1,6,1,1,2,2,1,3,N,NULL,Y,N,1247,1251,1251,Y,NULL,90,,,N,,N,N,098-CS-1223-0,NULL,NULL,2021,O,7.27133E+11,098-CS-1223  -000,HIGH,098-CS-1223  -000,0.135,0,0,0,0,0,0,1,0,0,0,0,1,0
72712239,980100,2.021E+11,20211221,1645,,104,CHLOE,,RD,KY1460,KY1460,0,098 KY-1460,KY1460,Y,N,NULL,NULL,NULL,N,NULL,NULL,NULL,NULL,NULL,NULL,5.049,NULL,NULL,NULL,NULL,,NULL,0,0,2,2,N,N,45,NULL,98,9801,NULL,,Y,37.47748,37,28.649,NULL,-82.51598,82,30.958,NULL,N,NULL,NULL,NULL,NULL,NULL,NULL,NULL,NULL,2,97,2,6,1,1,2,2,5,3,N,NULL,Y,Y,1645,1649,1649,N,NULL,90,,0,N,,N,N,098-KY-1460-0,NULL,NULL,2021,O,7.27122E+11,098-KY-1460  -000,HIGH,098-KY-1460  -000,5.049,0,0,0,0,0,0,1,0,0,0,0,0,0
72712516,KSP0900,21-519099,20211222,150,,,TOLER,,RD,KY0319,KY0319,0,098 KY-319,KY0319,Y,N,NULL,NULL,NULL,N,NULL,NULL,NULL,NULL,NULL,NULL,6.924,NULL,NULL,NULL,NULL,,NULL,0,0,2,2,N,N,55,NULL,98,9852,NULL,,Y,37.63955,37,38.373,NULL,-82.25842,82,15.505,NULL,N,NULL,NULL,NULL,NULL,NULL,NULL,NULL,NULL,2,97,2,6,1,1,2,2,7,3,N,NULL,Y,N,1400,1415,1415,N,NULL,90,7,0,N,,N,N,098-KY-0319-0,NULL,NULL,2021,O,7.27125E+11,098-KY-0319  -000,HIGH,098-KY-0319  -000,6.924,0,0,0,0,0,0,1,0,0,0,0,0,0
72709479,980100,2.021E+11,20211207,1601,,,US23,,,US0023,US0023,0,098 US-23,US0023,N,N,NULL,NULL,NULL,N,NULL,NULL,NULL,NULL,NULL,NULL,23.053,NULL,NULL,NULL,NULL,,NULL,0,0,2,2,N,N,55,NULL,98,9801,NULL,,Y,37.46582,37,27.949,NULL,-82.52796,82,31.678,NULL,N,NULL,NULL,NULL,NULL,NULL,NULL,NULL,NULL,5,3,4,6,1,1,2,2,7,3,N,NULL,Y,N,1602,1603,1603,N,NULL,49,,1,N,,N,N,098-US-0023-0,NULL,NULL,2021,O,7.27095E+11,098-US-0023  -000,HIGH,098-US-0023  -000,23.053,0,0,0,0,0,0,1,1,0,0,0,0,0
72711240,KSP0900,21-479133,20211123,1600,,,US119,,,US0119,US0119,0,098 US-119,US0119,Y,N,NULL,NULL,NULL,N,NULL,NULL,NULL,NULL,NULL,NULL,0.561,NULL,NULL,NULL,NULL,,NULL,0,0,2,2,N,N,15,NULL,98,9801,NULL,,Y,37.5071,37,30.426,NULL,-82.52284,82,31.37,NULL,N,NULL,NULL,NULL,NULL,NULL,NULL,NULL,NULL,2,97,2,6,1,1,2,2,1,3,N,NULL,Y,N,1600,1613,1613,N,NULL,90,2,1,N,,N,N,098-US-0119-0,NULL,NULL,2021,O,7.27112E+11,098-US-0119  -000,HIGH,098-US-0119  -000,0.561,0,0,0,1,0,0,1,0,0,0,0,0,0
72693092,980100,2.021E+11,20211106,1503,,,THOMPSON,,RD,,,0,098 CS-1215,CS1215,N,N,NULL,NULL,NULL,N,NULL,NULL,NULL,NULL,NULL,NULL,0.095,NULL,NULL,NULL,NULL,,NULL,0,0,2,2,N,N,35,NULL,98,9801,NULL,,Y,37.50944,37,30.566,NULL,-82.54842,82,32.905,NULL,N,NULL,NULL,NULL,NULL,NULL,NULL,NULL,NULL,5,3,2,6,1,1,2,2,1,3,N,NULL,Y,N,1535,1547,1553,N,NULL,70,,,N,,N,N,098-CS-1215-0,NULL,NULL,2021,O,7.26931E+11,098-CS-1215  -000,HIGH,098-CS-1215  -000,0.095,0,0,0,0,0,0,1,0,0,0,0,0,0
72714158,KSP0900,21-525300,20211227,1654,,,ELKHORN,,CRK,KY0197,KY0197,0,098 KY-197,KY0197,N,N,NULL,NULL,NULL,N,NULL,NULL,NULL,NULL,NULL,NULL,12.916,NULL,NULL,NULL,NULL,,NULL,1,0,1,1,N,N,55,NULL,98,9802,NULL,,Y,37.27848,37,16.709,NULL,-82.3932,82,23.592,NULL,N,NULL,NULL,NULL,NULL,NULL,NULL,NULL,NULL,9,5,2,3,1,1,2,3,7,3,Y,NULL,Y,Y,1656,1724,1745,N,NULL,51,7,0,N,,N,N,098-KY-0197-0,NULL,NULL,2021,C,7.27142E+11,098-KY-0197  -000,HIGH,098-KY-0197  -000,12.916,0,0,0,0,0,0,0,0,0,0,0,1,0
72699903,KSP0900,21-465352,20211113,1235,,,US23,,,US0023,US0023,0,098 US-23,US0023,N,N,NULL,NULL,NULL,N,NULL,NULL,NULL,NULL,NULL,NULL,13.3,NULL,NULL,NULL,NULL,,NULL,0,0,1,1,N,N,55,NULL,98,9801,NULL,,Y,37.37672,37,22.603,NULL,-82.54017,82,32.41,NULL,N,NULL,NULL,NULL,NULL,NULL,NULL,NULL,NULL,9,3,4,5,1,1,3,2,7,3,N,NULL,Y,N,1239,1253,,N,NULL,38,,1,N,,N,N,098-US-0023-0,NULL,NULL,2021,O,7.26999E+11,098-US-0023  -000,HIGH,098-US-0023  -000,13.3,0,0,0,0,0,0,0,0,0,0,0,0,0
72713157,KSP0900,21-521053,20211223,1922,,,KY195,,,KY0195,KY0195,0,098 KY-195,KY0195,N,N,NULL,NULL,NULL,N,NULL,NULL,NULL,NULL,NULL,NULL,9.857,NULL,NULL,NULL,NULL,,NULL,1,0,1,1,N,N,35,NULL,98,9830,NULL,,Y,37.34946,37,20.967,NULL,-82.42339,82,25.404,NULL,N,NULL,NULL,NULL,NULL,NULL,NULL,NULL,NULL,9,3,2,6,1,1,2,7,7,3,N,NULL,N,N,1922,1935,1935,Y,NULL,40,7,0,N,,N,N,098-KY-0195-0,NULL,NULL,2021,A,7.27132E+11,098-KY-0195  -000,HIGH,098-KY-0195  -000,9.857,0,0,0,1,0,0,0,0,0,1,0,1,0
72700384,KSP0900,21-468571,20211115,,,,HERITAGE,S,DR,,,0,098 CR-1937,CR1937,N,N,NULL,NULL,NULL,N,NULL,NULL,NULL,NULL,NULL,NULL,0.499,NULL,NULL,NULL,NULL,,NULL,0,0,1,1,Y,N,35,NULL,98,9809,NULL,,Y,37.26066,37,15.64,NULL,-82.61108,82,36.664,NULL,N,NULL,NULL,NULL,NULL,NULL,NULL,NULL,NULL,9,97,NULL,4,1,1,2,6,7,3,N,NULL,Y,N,1829,1853,1853,Y,NULL,40,,,N,,N,N,098-CR-1937-0,NULL,NULL,2021,NULL,7.27004E+11,098-CR-1937  -000,HIGH,098-CR-1937  -000,0.499,0,0,0,0,0,0,0,0,0,0,0,1,0
72718978,980100,2.022E+11,20220105,1347,,,US23,,,US0023,US0023,0,098 US-23-10,US0023,N,N,NULL,NULL,NULL,N,NULL,NULL,NULL,NULL,NULL,NULL,24.673,NULL,NULL,NULL,NULL,,NULL,1,0,2,2,N,N,55,NULL,98,9801,NULL,,Y,37.48396,37,29.038,NULL,-82.54311,82,32.587,NULL,N,NULL,NULL,NULL,NULL,NULL,NULL,NULL,NULL,8,3,4,6,1,1,2,2,1,3,Y,NULL,Y,Y,1347,1355,,N,NULL,53,,1,N,,N,N,098-US-0023-10,NULL,NULL,2022,B,7.2719E+11,098-US-0023  -010,HIGH,098-US-0023  -000,24.673,0,0,0,1,0,0,1,0,0,0,0,1,0
72712816,980100,2.021E+11,20211222,1250,,,KY3496,,,KY3496,KY3496,,,,N,N,NULL,NULL,NULL,N,NULL,NULL,NULL,NULL,NULL,NULL,0.57,NULL,NULL,NULL,NULL,,NULL,0,0,2,2,N,N,35,NULL,98,9801,NULL,,Y,37.47108,37,28.265,NULL,-82.53339,82,32.003,NULL,N,NULL,NULL,NULL,NULL,NULL,NULL,NULL,NULL,5,3,2,3,1,1,2,2,7,3,N,NULL,Y,N,1251,1254,,N,NULL,49,16,0,N,,N,N,,NULL,NULL,2021,O,7.27128E+11,098-KY-3496  -000,HIGH,098-KY-3496  -000,0.57,0,0,0,0,0,0,1,0,0,0,0,0,0
72660167,980100,2.021E+11,20210818,1805,,,SYCAMORE,,ST,,,,,,Y,N,NULL,NULL,NULL,N,NULL,NULL,NULL,NULL,NULL,NULL,0.236,NULL,NULL,NULL,NULL,,NULL,0,0,1,1,N,N,15,NULL,98,9801,NULL,,Y,37.48024,37,28.814,NULL,-82.5211,82,31.266,NULL,N,NULL,NULL,NULL,NULL,NULL,NULL,NULL,NULL,9,97,NULL,6,1,1,2,2,5,3,N,NULL,Y,N,1806,1815,,N,NULL,90,,,N,,N,N,,NULL,NULL,2021,O,7.26602E+11,098-CS-1108  -000,LOW,098-CS-1108  -000,0.236,0,0,0,0,0,0,0,0,0,0,0,1,0
72648805,KSP0900,21-293655,20210716,104,,,US460,,,US0460,US0460,0,098 US-460,US0460,N,N,NULL,NULL,NULL,N,NULL,NULL,NULL,NULL,NULL,NULL,14.192,NULL,NULL,NULL,NULL,,NULL,1,0,1,1,N,N,55,NULL,98,9805,NULL,,Y,37.342,37,20.52,NULL,-82.37765,82,22.659,NULL,N,NULL,NULL,NULL,NULL,NULL,NULL,NULL,NULL,9,3,2,6,1,1,2,6,7,3,Y,NULL,Y,Y,104,121,200,N,NULL,70,,1,N,,N,N,098-US-0460-0,NULL,NULL,2021,C,7.26488E+11,098-US-0460  -000,HIGH,098-US-0460  -000,14.192,0,0,0,0,0,0,0,0,1,0,0,1,0
72701236,980000, 21-11-003,20211119,1730,,,BANK,,ST,,,0,098 CR-1833B,CR1833B,N,N,NULL,NULL,NULL,N,NULL,NULL,NULL,NULL,NULL,NULL,0.061,NULL,NULL,NULL,NULL,,NULL,0,0,1,1,N,N,5,NULL,98,9804,NULL,,Y,37.52053,37,31.232,NULL,-82.1553,82,9.318,NULL,N,NULL,NULL,NULL,NULL,NULL,NULL,NULL,NULL,9,97,1,4,1,1,3,6,1,3,N,NULL,Y,Y,1740,1750,1825,N,NULL,44,,,N,,N,N,098-CR-1833B-0,NULL,NULL,2021,O,7.27012E+11,098-CR-1833B -000,HIGH,098-CR-1833B -000,0.061,0,0,0,0,0,0,1,0,0,0,0,1,0
72660310,980100,2.021E+11,20210812,731,,,US23,,,US0023,US0023,,,,N,N,NULL,NULL,NULL,N,NULL,NULL,NULL,NULL,NULL,NULL,26.288,NULL,NULL,NULL,NULL,,NULL,0,0,2,2,N,N,55,NULL,98,9801,NULL,,Y,37.50373,37,30.224,NULL,-82.53215,82,31.929,NULL,N,NULL,NULL,NULL,NULL,NULL,NULL,NULL,NULL,5,3,6,6,1,1,2,2,1,3,N,NULL,Y,N,732,737,739,N,NULL,70,,1,N,,N,N,,NULL,NULL,2021,O,7.26603E+11,098-US-0023  -000,MEDIUM,098-US-0023  -000,26.288,0,0,0,1,0,0,1,0,0,0,0,0,0
72644116,KSP0900,21-278051,20210705,2100,,,KY122,,,KY0122,KY0122,0,098 KY-122,KY0122,N,N,NULL,NULL,NULL,N,NULL,NULL,NULL,NULL,NULL,NULL,10.221,NULL,NULL,NULL,NULL,,NULL,0,0,1,1,N,N,45,NULL,98,9824,NULL,,Y,37.3863,37,23.178,NULL,-82.54629,82,32.777,NULL,N,NULL,NULL,NULL,NULL,NULL,NULL,NULL,NULL,9,3,2,6,1,1,2,3,7,3,N,NULL,N,N,2100,2100,2100,N,NULL,38,,0,N,,N,N,098-KY-0122-0,NULL,NULL,2021,O,7.26441E+11,098-KY-0122  -000,HIGH,098-KY-0122  -000,10.221,0,0,0,0,0,0,0,0,0,0,0,0,0
72712231,KSP0900,21-514199,20211218,1607,,1501,KY194,,,KY0194,KY0194,0,098 KY-194,KY0194,N,N,NULL,NULL,NULL,N,NULL,NULL,NULL,NULL,NULL,NULL,18.336,NULL,NULL,NULL,NULL,,NULL,0,0,1,1,N,N,55,NULL,98,9820,NULL,,Y,37.5583,37,33.498,NULL,-82.42272,82,25.363,NULL,N,NULL,NULL,NULL,NULL,NULL,NULL,NULL,NULL,9,5,2,3,1,5,2,2,7,3,N,NULL,Y,N,1607,1627,1627,Y,NULL,44,6,5,N,,N,N,098-KY-0194-0,NULL,NULL,2021,O,7.27122E+11,098-KY-0194  -000,HIGH,098-KY-0194  -000,18.336,0,0,0,0,0,0,0,0,0,0,0,1,0
72707476,KSP0900,21-501704,20211210,715,,,FEDSCREEK,,RD,KY0366,KY0366,0,098 KY-366,KY0366,N,N,NULL,NULL,NULL,N,NULL,NULL,NULL,NULL,NULL,NULL,1.021,NULL,NULL,NULL,NULL,,NULL,2,0,1,1,N,N,35,NULL,98,9839,NULL,,Y,37.39811,37,23.886,NULL,-82.23304,82,13.982,NULL,N,NULL,NULL,NULL,NULL,NULL,NULL,NULL,NULL,9,4,2,6,1,1,3,1,7,3,N,NULL,Y,N,916,934,1230,N,NULL,44,9,0,N,,N,N,098-KY-0366-0,NULL,NULL,2021,C,7.27075E+11,098-KY-0366  -000,HIGH,098-KY-0366  -000,1.021,0,0,1,0,0,0,1,0,0,0,0,1,0
72656376,980100,2.021E+11,20210728,1849,,,US119 TURN LANE,,,US0119,US0119,0,098 US-119-21,US0119,N,N,NULL,NULL,NULL,N,NULL,NULL,NULL,NULL,NULL,NULL,0.018,NULL,NULL,NULL,NULL,,NULL,0,0,2,2,N,N,55,NULL,98,9801,NULL,,Y,37.50385,37,30.231,NULL,-82.53217,82,31.93,NULL,N,NULL,NULL,NULL,NULL,NULL,NULL,NULL,NULL,5,3,2,6,1,1,2,2,1,3,N,NULL,Y,N,1849,1854,,N,NULL,49,2,1,N,,N,N,098-US-0119-21,NULL,NULL,2021,O,7.26564E+11,098-US-0119  -021,HIGH,098-US-0119  -021,0.018,0,0,0,0,0,0,0,0,0,0,0,0,0
72635493,980100,2.021E+11,20210606,2111,,,HAMBLEY,,BLVD,,,0,098 CS-1222,CS1222,N,N,NULL,NULL,NULL,N,NULL,NULL,NULL,NULL,NULL,NULL,0.027,NULL,NULL,NULL,NULL,,NULL,0,0,2,2,N,N,35,NULL,98,9801,NULL,,Y,37.47412,37,28.448,NULL,-82.52682,82,31.61,NULL,N,NULL,NULL,NULL,NULL,NULL,NULL,NULL,NULL,4,3,2,6,1,1,2,5,1,3,N,NULL,Y,N,2111,2111,2201,N,NULL,70,,,N,,N,N,098-CS-1222-0,NULL,NULL,2021,O,7.26355E+11,098-CS-1222  -000,HIGH,098-CS-1222  -000,0.027,0,0,0,0,0,0,1,0,0,0,0,1,0
72642777,980100,2.021E+11,20210630,2140,,,KY3496,,,KY3496,KY3496,,,,Y,N,NULL,NULL,NULL,N,NULL,NULL,NULL,NULL,NULL,NULL,0.257,NULL,NULL,NULL,NULL,,NULL,0,0,2,2,N,N,NULL,NULL,98,9801,NULL,,Y,37.467,37,28.02,NULL,-82.53206,82,31.923,NULL,N,NULL,NULL,NULL,NULL,NULL,NULL,NULL,NULL,5,97,2,6,1,1,2,5,1,3,N,NULL,Y,N,2140,2140,,N,NULL,90,16,0,Y,,N,N,,NULL,NULL,2021,O,7.26428E+11,098-KY-3496  -000,HIGH,098-KY-3496  -000,0.257,0,0,0,1,0,0,1,0,0,0,0,0,0
72651784,980100,2.021E+11,20210726,1723,,,CASSIDY,,BLVD,,,0,098 CS-1191,CS1191,N,N,NULL,NULL,NULL,N,NULL,NULL,NULL,NULL,NULL,NULL,0.02,NULL,NULL,NULL,NULL,,NULL,0,0,2,2,N,N,55,NULL,98,9801,NULL,,Y,37.50373,37,30.224,NULL,-82.53249,82,31.949,NULL,N,NULL,NULL,NULL,NULL,NULL,NULL,NULL,NULL,5,3,4,6,1,1,2,2,1,3,N,NULL,Y,N,1723,1730,1730,N,NULL,49,,,N,,N,N,098-CS-1191-0,NULL,NULL,2021,O,7.26518E+11,098-CS-1191  -000,HIGH,098-CS-1191  -000,0.02,0,0,0,0,0,0,1,0,0,0,0,0,0
72662160,980000,21-08-004,20210812,755,,,DOUGLAS,,PARK,,,0,098 CR-1704,CR1704,Y,N,NULL,NULL,NULL,N,NULL,NULL,NULL,NULL,NULL,NULL,NULL,NULL,NULL,NULL,NULL,,NULL,0,0,2,2,N,N,15,NULL,98,9823,NULL,,Y,37.37948,37,22.769,NULL,-82.53841,82,32.305,NULL,N,NULL,NULL,NULL,NULL,NULL,NULL,NULL,NULL,7,97,2,6,1,1,2,2,8,3,N,NULL,Y,N,800,800,820,N,NULL,90,,,N,,N,N,098-CR-1704-0,NULL,NULL,2021,O,7.26622E+11,098-CR-1704  -000,HIGH,098-CR-1704  -000,0.114,0,0,1,0,0,0,0,0,0,0,0,0,0
72700855,KSP0900,21-479519,20211123,2032,,,GREASY,,CRK,KY3226,KY3226,0,098 KY-3226,KY3226,N,N,NULL,NULL,NULL,N,NULL,NULL,NULL,NULL,NULL,NULL,1.641,NULL,NULL,NULL,NULL,,NULL,1,0,1,1,N,N,55,NULL,98,9841,NULL,,Y,37.39997,37,23.998,NULL,-82.46849,82,28.109,NULL,N,NULL,NULL,NULL,NULL,NULL,NULL,NULL,NULL,9,97,2,3,1,5,2,6,7,3,N,NULL,Y,Y,2034,2043,2034,Y,NULL,44,8,0,N,,N,N,098-KY-3226-0,NULL,NULL,2021,B,7.27009E+11,098-KY-3226  -000,HIGH,098-KY-3226  -000,1.641,0,0,0,0,0,0,0,0,0,1,0,1,0
72675450,980100,2.021E+11,20210926,1340,,,ELM,N,ST,,,,,,N,N,NULL,NULL,NULL,N,NULL,NULL,NULL,NULL,NULL,NULL,0.002,NULL,NULL,NULL,NULL,,NULL,0,0,2,2,Y,N,15,NULL,98,9801,NULL,,Y,37.47702,37,28.621,NULL,-82.52177,82,31.307,NULL,N,NULL,NULL,NULL,NULL,NULL,NULL,NULL,NULL,7,3,1,6,1,1,2,6,6,3,N,NULL,Y,N,1340,1348,1348,N,NULL,47,,,N,,N,N,,NULL,NULL,2021,NULL,7.26755E+11,098-CS-1107  -000,LOW,098-CS-1107  -000,0.002,0,0,0,0,0,0,1,0,0,0,0,0,0
72688833,980100,2.021E+11,20211028,1148,,,MAIN,,ST,,,0,098 CS-1112,CS1112,N,N,NULL,NULL,NULL,N,NULL,NULL,NULL,NULL,NULL,NULL,0.201,NULL,NULL,NULL,NULL,,NULL,0,0,2,2,N,N,15,NULL,98,9801,NULL,,Y,37.48028,37,28.817,NULL,-82.51686,82,31.011,NULL,N,NULL,NULL,NULL,NULL,NULL,NULL,NULL,NULL,8,5,2,6,1,1,2,2,1,3,N,NULL,Y,N,1149,1151,1151,N,NULL,47,,,N,,N,N,098-CS-1112-0,NULL,NULL,2021,O,7.26888E+11,098-CS-1112  -000,HIGH,098-CS-1112  -000,0.201,0,0,0,0,0,0,0,0,0,0,0,0,0
72687053,KSP0900,21-431611,20211019,2001,,,US23,,,US0023,US0023,0,098 US-23-10,US0023,N,N,NULL,NULL,NULL,N,NULL,NULL,NULL,NULL,NULL,NULL,28.047,NULL,NULL,NULL,NULL,,NULL,0,0,2,1,N,N,45,NULL,98,9807,NULL,,Y,37.51524,37,30.914,NULL,-82.55911,82,33.547,NULL,N,NULL,NULL,NULL,NULL,NULL,NULL,NULL,NULL,8,3,4,6,1,1,2,6,1,3,N,NULL,Y,N,2005,2017,,N,NULL,53,,1,N,,N,N,098-US-0023-10,NULL,NULL,2021,O,7.26871E+11,098-US-0023  -010,HIGH,098-US-0023  -000,28.047,0,1,1,0,0,0,0,0,0,0,0,1,0
72703635,980100,2.021E+11,20211201,2241,,,HIBBARD,,ST,,,,,,Y,N,NULL,NULL,NULL,N,NULL,NULL,NULL,NULL,NULL,NULL,0.043,NULL,NULL,NULL,NULL,,NULL,0,0,2,2,N,N,NULL,NULL,98,9801,NULL,,Y,37.47369,37,28.421,NULL,-82.52673,82,31.604,NULL,N,NULL,NULL,NULL,NULL,NULL,NULL,NULL,NULL,2,97,NULL,6,1,1,2,8,7,3,N,NULL,Y,N,2241,2242,2256,N,NULL,90,,,N,,N,N,,NULL,NULL,2021,O,7.27036E+11,098-CS-1053  -000,MEDIUM,098-CS-1053  -000,0.043,0,0,1,0,0,0,1,0,0,0,0,0,0
72693122,KSP0900,21-455706,20211106,1350,,,KY611,,,KY0611,KY0611,0,098 KY-611,KY0611,N,N,NULL,NULL,NULL,N,NULL,NULL,NULL,NULL,NULL,NULL,0.572,NULL,NULL,NULL,NULL,,NULL,0,0,1,1,N,N,55,NULL,98,9847,NULL,,Y,37.31917,37,19.15,NULL,-82.47388,82,28.433,NULL,N,NULL,NULL,NULL,NULL,NULL,NULL,NULL,NULL,9,3,2,5,1,1,2,2,7,3,N,NULL,Y,N,1353,1500,1353,N,NULL,38,8,0,N,,N,N,098-KY-0611-0,NULL,NULL,2021,O,7.26931E+11,098-KY-0611  -000,HIGH,098-KY-0611  -000,0.572,0,0,0,0,0,0,0,0,0,0,0,0,0