MasterFile,AgencyORINumber,LocalCode,CollisionDate,CollisionTime,CollisionDayWeekCode,RoadwayName_HouseBusinessNumber_,RoadwayName_RoadwayName_,RoadwayName_Direction_,RoadwayName_RoadwaySuffix_,RoadwayfromReport,CurrentRoadwayNumber,RoadwayNumberCoupletID,RSEUniqueGIS,RoadwayIdentifier,ParkingLotIndicator,IntersectionWith_Indicator_,IntersectionWith_NameRoadway_,IntersectionWith_Direction_,IntersectionWith_RoadwaySuffix_,BetweenStreets_Indicator_,BetweenStreets1_NameRoadway_,BetweenStreet1_Direction_,BetweenStreets1_RoadwaySuffix_,BetweenStreets2_NameRoadway_,BetweenStreets2_Direction_,BetweenStreets2_RoadwaySuffix_,Milepoint,ReportMilepointDeriveNumber,CurrentDerivedMiepointNumber,MilestoMilepoint,FeettoMilepoint,DirectionfromMilepoint_NSEW_,ValidMilepointIndicator,NumberInjured,NumberKilled,ofUnits,ofMotorVehicleUnits,Hit&RunIndicator,OneWayIndicator,SpeedLimitNumber,KilometersIndicator,CountyCode,CityCountyCode,MilesFromCity,DirectionFromCity_NSEW_,InCityLimitsIndicator,Latitude,LatitudeDegrees,LatitudeMinutes,LatitudeSeconds,Longitude,LongitudeDegrees,LongitudeMinutes,LongitudeSeconds,RampIndicator,RampFromIdentifier,RampFromDirCode,RampFromCoupletID,RSEUniqueGISRampFrom,RampToidentifier,RampToDirCode,RampToCoupletID,RSEUniqueGisRampTo,MannerofCollisionCode,LocationFirstEventCode,TotalLanes,RoadwayCharacterCode,RoadwaySurfaceCode,RoadwayConditionCode,WeatherCode,LightConditionCode,LandUseCode,SchoolBusRelatedCode,FirstAidSceneIndicator,CollDescPresentInd,InvestigationCompleteIndicator,PhotosTakenIndicator,TimeNotified,TimeArrived,TimeRoadwayOpened,PropertyDamageIndicator,DiagramPresentIndicator,DirectionalAnalysis,FunctionClassCode,NationalHwySysCode,EnforcementsIndicator,KARSCityCode,SecondaryCollisionIndicator,MedianCrossoverIndicator,RT_UNIQUE,MapIt,TimeLastLeft,YR,KABCO,MFNY,WorkingRID,RT_CONFIDENCE,KTC_RT,KTC_MP,Motorcyclist,CommercialVehicle,YoungDriver,MatureDriver,pedestrian,Bicyclist,Distracted,agressive,Impaired,Unrestrained,Intersection,RoadwayDeparture,MedXover
72689829,980100,2.021E+11,20211025,907,,,BYPASS,S,RD,KY1426,KY1426,0,098 KY-1426,KY1426,Y,N,NULL,NULL,NULL,N,NULL,NULL,NULL,NULL,NULL,NULL,5.698,NULL,NULL,NULL,NULL,,NULL,0,0,2,2,N,N,15,NULL,98,9801,NULL,,Y,37.4728,37,28.368,NULL,-82.5227,82,31.362,NULL,N,NULL,NULL,NULL,NULL,NULL,NULL,NULL,NULL,7,97,2,4,2,1,2,2,1,3,N,NULL,Y,N,907,912,912,N,NULL,90,,0,N,,N,N,098-KY-1426-0,NULL,NULL,2021,O,7.26898E+11,098-KY-1426  -000,HIGH,098-KY-1426  -000,5.698,0,0,0,0,0,0,1,0,0,0,0,1,0
72715209,KSP0900,21-528117,20211229,1832,,,STONE COAL CREEK,,RD,KY3227,KY3227,0,098 KY-3227,KY3227,N,N,NULL,NULL,NULL,N,NULL,NULL,NULL,NULL,NULL,NULL,6.999,NULL,NULL,NULL,NULL,,NULL,0,0,1,1,N,N,25,NULL,98,9801,NULL,,Y,37.58327,37,34.997,NULL,-82.50609,82,30.365,NULL,N,NULL,NULL,NULL,NULL,NULL,NULL,NULL,NULL,9,3,2,2,1,5,6,6,7,3,N,NULL,Y,N,1832,1915,2100,N,NULL,44,8,0,N,,N,N,098-KY-3227-0,NULL,NULL,2021,O,7.27152E+11,098-KY-3227  -000,HIGH,098-KY-3227  -000,6.999,0,0,0,0,0,0,0,0,0,0,0,1,0
72694856,KSP0900,21-453874,20211105,745,,,US119,,,US0119,US0119,0,098 US-119-10,US0119,N,N,NULL,NULL,NULL,N,NULL,NULL,NULL,NULL,NULL,NULL,15.936,NULL,NULL,NULL,NULL,,NULL,0,0,1,1,N,N,55,NULL,98,9838,NULL,,Y,37.6097,37,36.582,NULL,-82.32123,82,19.274,NULL,N,NULL,NULL,NULL,NULL,NULL,NULL,NULL,NULL,9,3,2,6,1,1,2,2,7,3,N,NULL,Y,N,745,750,830,N,NULL,38,2,1,N,,N,N,098-US-0119-10,NULL,NULL,2021,O,7.26949E+11,098-US-0119  -010,HIGH,098-US-0119  -000,15.936,0,0,0,0,0,0,0,0,0,0,0,0,0
72684022,KSP0900,2021-428565,20211017,1600,,,KY194,,,KY0194,KY0194,0,098 KY-194,KY0194,N,N,NULL,NULL,NULL,N,NULL,NULL,NULL,NULL,NULL,NULL,70.408,NULL,NULL,NULL,NULL,,NULL,0,0,2,2,N,N,35,NULL,98,9825,NULL,,Y,37.49344,37,29.606,NULL,-82.05658,82,3.395,NULL,N,NULL,NULL,NULL,NULL,NULL,NULL,NULL,NULL,3,3,2,6,1,1,2,2,7,3,N,NULL,N,N,1600,1600,1600,N,NULL,52,7,0,N,,N,N,098-KY-0194-0,NULL,NULL,2021,O,7.2684E+11,098-KY-0194  -000,HIGH,098-KY-0194  -000,70.408,0,0,0,0,0,0,1,0,0,0,0,1,0
72706729,980100,2.021E+11,20211130,1000,,147,SYCAMORE,,ST,,,0,098 CS-1168,CS1168,Y,N,NULL,NULL,NULL,N,NULL,NULL,NULL,NULL,NULL,NULL,0.007,NULL,NULL,NULL,NULL,,NULL,1,0,2,1,N,N,NULL,NULL,98,9801,NULL,,Y,37.47818,37,28.691,NULL,-82.52231,82,31.338,NULL,N,NULL,NULL,NULL,NULL,NULL,NULL,NULL,NULL,9,97,NULL,6,1,1,2,6,5,3,N,NULL,Y,N,1657,1657,1657,N,NULL,90,,,N,,N,N,098-CS-1168-0,NULL,NULL,2021,C,7.27067E+11,098-CS-1168  -000,MEDIUM,098-CS-1168  -000,0.007,0,0,0,0,1,0,1,0,0,0,0,0,0
72707889,KSP0900,21-504235,20211211,1700,,,KY194,,,KY0194,KY0194,0,098 KY-194,KY0194,N,N,NULL,NULL,NULL,N,NULL,NULL,NULL,NULL,NULL,NULL,7.528,NULL,NULL,NULL,NULL,,NULL,0,0,1,1,N,N,55,NULL,98,9807,NULL,,Y,37.61367,37,36.82,NULL,-82.54462,82,32.677,NULL,N,NULL,NULL,NULL,NULL,NULL,NULL,NULL,NULL,9,3,2,6,1,5,2,2,6,3,N,NULL,Y,N,1630,1710,1710,N,NULL,38,7,0,N,,N,N,098-KY-0194-0,NULL,NULL,2021,O,7.27079E+11,098-KY-0194  -000,HIGH,098-KY-0194  -000,7.528,0,0,0,0,0,0,0,0,0,0,0,0,0
72708137,KSP0900,21-495847,20211205,2246,,,ASHCAMP,,RD,KY0195,KY0195,0,098 KY-195,KY0195,N,N,NULL,NULL,NULL,N,NULL,NULL,NULL,NULL,NULL,NULL,1.087,NULL,NULL,NULL,NULL,,NULL,0,0,2,2,Y,N,55,NULL,98,9802,NULL,,Y,37.27593,37,16.556,NULL,-82.44715,82,26.829,NULL,N,NULL,NULL,NULL,NULL,NULL,NULL,NULL,NULL,7,3,1,3,1,1,2,6,7,3,N,NULL,Y,N,2229,2340,,N,NULL,54,8,0,N,,N,N,098-KY-0195-0,NULL,NULL,2021,O,7.27081E+11,098-KY-0195  -000,HIGH,098-KY-0195  -000,1.087,0,0,0,0,0,0,1,0,0,0,0,1,0
72669400,KSP0900,21-375738,20210909,1729,,,US119,,,US0119,US0119,0,098 US-119,US0119,N,N,NULL,NULL,NULL,N,NULL,NULL,NULL,NULL,NULL,NULL,24.342,NULL,NULL,NULL,NULL,,NULL,3,0,3,3,N,N,55,NULL,98,9834,NULL,,Y,37.65985,37,39.591,NULL,-82.27321,82,16.393,NULL,N,NULL,NULL,NULL,NULL,NULL,NULL,NULL,NULL,3,3,4,6,1,1,2,2,7,3,N,NULL,Y,Y,1729,1746,1746,N,NULL,52,2,1,N,,N,N,098-US-0119-0,NULL,NULL,2021,B,7.26694E+11,098-US-0119  -000,HIGH,098-US-0119  -000,24.342,0,0,0,1,0,0,1,0,0,0,0,1,0
72780863,KSP0900,22-258819,20220708,900,,4124,FISHTRAP,,RD,KY1441,KY1441,0,098 KY-1441,KY1441,N,N,NULL,NULL,NULL,N,NULL,NULL,NULL,NULL,NULL,NULL,7.669,NULL,NULL,NULL,NULL,,NULL,0,0,1,1,N,N,35,NULL,98,9850,NULL,,Y,37.48791,37,29.274,NULL,-82.43595,82,26.157,NULL,N,NULL,NULL,NULL,NULL,NULL,NULL,NULL,NULL,9,5,2,3,1,5,2,6,7,3,N,NULL,Y,Y,857,928,928,Y,NULL,40,8,0,N,,N,N,098-KY-1441-0,NULL,NULL,2022,O,7.27809E+11,098-KY-1441  -000,HIGH,098-KY-1441  -000,7.669,0,0,0,0,0,0,0,0,0,1,0,1,0
72757441,980100,2.022E+11,20220503,1524,,,US23,,,US0023,US0023,,,,N,N,NULL,NULL,NULL,N,NULL,NULL,NULL,NULL,NULL,NULL,26.339,NULL,NULL,NULL,NULL,,NULL,0,0,2,2,N,N,55,NULL,98,9801,NULL,,Y,37.50443,37,30.266,NULL,-82.53247,82,31.948,NULL,N,NULL,NULL,NULL,NULL,NULL,NULL,NULL,NULL,5,3,4,6,1,1,2,2,2,3,N,NULL,Y,N,1524,1531,1552,N,NULL,70,,1,N,,N,N,,NULL,NULL,2022,O,7.27574E+11,098-US-0023  -010,MEDIUM,098-US-0023  -000,26.339,0,0,0,0,0,0,1,0,0,0,0,0,0
72663641,980100,2.021E+11,20210826,1526,,,CASSIDY,,BLVD,,,,,,N,N,NULL,NULL,NULL,N,NULL,NULL,NULL,NULL,NULL,NULL,0.192,NULL,NULL,NULL,NULL,,NULL,0,0,2,2,N,N,25,NULL,98,9801,NULL,,Y,37.50402,37,30.241,NULL,-82.53511,82,32.107,NULL,N,NULL,NULL,NULL,NULL,NULL,NULL,NULL,NULL,5,3,4,3,1,1,2,2,1,3,N,NULL,Y,N,1526,1536,1555,N,NULL,49,,,N,,N,N,,NULL,NULL,2021,O,7.26636E+11,098-CS-1191  -000,LOW,098-CS-1191  -000,0.192,0,0,0,0,0,0,1,0,0,0,0,0,0
72755632,KSP0900,DZ71442,20220424,1234,,,US119,,,US0119,US0119,0,098 US-119-10,US0119,N,N,NULL,NULL,NULL,N,NULL,NULL,NULL,NULL,NULL,NULL,3.39,NULL,NULL,NULL,NULL,,NULL,1,0,1,1,N,N,55,NULL,98,9801,NULL,,Y,37.51348,37,30.809,NULL,-82.47499,82,28.5,NULL,N,NULL,NULL,NULL,NULL,NULL,NULL,NULL,NULL,9,3,4,5,1,1,2,2,7,3,Y,NULL,N,Y,1234,1300,1315,N,NULL,70,2,1,N,,N,Y,098-US-0119-10,NULL,NULL,2022,C,7.27556E+11,098-US-0119  -010,HIGH,098-US-0119  -000,3.39,0,0,0,0,0,0,0,1,1,1,0,1,0
72697172,980100,2.021E+11,20211108,1822,,,KY3496,,,KY3496,KY3496,,,,Y,N,NULL,NULL,NULL,N,NULL,NULL,NULL,NULL,NULL,NULL,0.101,NULL,NULL,NULL,NULL,,NULL,0,0,2,2,N,N,NULL,NULL,98,9801,NULL,,Y,37.46598,37,27.959,NULL,-82.52954,82,31.772,NULL,N,NULL,NULL,NULL,NULL,NULL,NULL,NULL,NULL,5,97,NULL,6,1,1,2,5,1,3,N,NULL,Y,N,1823,1829,1829,N,NULL,90,16,0,N,,N,N,,NULL,NULL,2021,O,7.26972E+11,098-KY-3496  -000,HIGH,098-KY-3496  -000,0.101,0,0,0,0,0,0,1,0,0,0,0,0,0
72705569,KSP0900,21-496678,20211206,1513,,,VIRGIE,,RD,KY0610,KY0610,0,098 KY-610,KY0610,N,N,NULL,NULL,NULL,N,NULL,NULL,NULL,NULL,NULL,NULL,8.072,NULL,NULL,NULL,NULL,,NULL,0,0,1,1,N,N,45,NULL,98,9827,NULL,,Y,37.33891,37,20.334,NULL,-82.58832,82,35.299,NULL,N,NULL,NULL,NULL,NULL,NULL,NULL,NULL,NULL,9,5,2,3,1,5,6,2,6,3,N,NULL,Y,N,1513,1550,1630,N,NULL,44,7,0,N,,N,N,098-KY-0610-0,NULL,NULL,2021,O,7.27056E+11,098-KY-0610  -000,HIGH,098-KY-0610  -000,8.072,0,0,1,0,0,0,0,0,0,0,0,1,0
72719469,KSP0900,21-527698,20211229,1400,,,US119,,,US0119,US0119,0,098 US-119-10,US0119,N,N,NULL,NULL,NULL,N,NULL,NULL,NULL,NULL,NULL,NULL,NULL,NULL,NULL,NULL,NULL,,NULL,0,0,1,1,N,N,55,NULL,98,9833,NULL,,Y,37.60971,37,36.583,NULL,-82.31973,82,19.184,NULL,N,NULL,NULL,NULL,NULL,NULL,NULL,NULL,NULL,9,3,4,3,1,5,6,1,7,3,N,NULL,N,N,140,1425,1445,N,NULL,44,2,1,N,,N,N,098-US-0119-10,NULL,NULL,2021,O,7.27195E+11,098-US-0119  -010,HIGH,098-US-0119  -000,16.004,0,0,0,0,0,0,0,0,0,0,0,1,0
72764980,KSP0900,22-190467,20220522,2340,,,FERRELLS CREEK,,RD,US0460,US0460,0,098 US-460,US0460,N,N,NULL,NULL,NULL,N,NULL,NULL,NULL,NULL,NULL,NULL,16.744,NULL,NULL,NULL,NULL,,NULL,0,0,1,1,N,N,55,NULL,98,9874,NULL,,Y,37.35532,37,21.32,NULL,-82.33517,82,20.11,NULL,N,NULL,NULL,NULL,NULL,NULL,NULL,NULL,NULL,9,3,2,6,1,1,2,6,7,3,N,NULL,Y,N,2340,2340,,N,NULL,38,,1,N,,N,N,098-US-0460-0,NULL,NULL,2022,O,7.2765E+11,098-US-0460  -000,HIGH,098-US-0460  -000,16.744,0,0,0,0,0,0,1,0,0,0,0,0,0
72590177,KSP0900,21-36623,20210128,1208,,,BIG BRANCH,,RD,,,0,098 CR-1622,CR1622,N,N,NULL,NULL,NULL,N,NULL,NULL,NULL,NULL,NULL,NULL,0.182,NULL,NULL,NULL,NULL,,NULL,1,0,1,1,N,N,45,NULL,98,9833,NULL,,Y,37.29614,37,17.768,NULL,-82.36288,82,21.773,NULL,N,NULL,NULL,NULL,NULL,NULL,NULL,NULL,NULL,9,5,2,6,1,2,3,2,7,3,N,NULL,N,N,1100,1008,1010,N,NULL,51,,,N,,N,N,098-CR-1622-0,NULL,NULL,2021,B,7.25902E+11,098-CR-1622  -000,HIGH,098-CR-1622  -000,0.182,0,0,0,0,0,0,1,0,0,0,0,1,0
72767280,980100,2.022E+11,20220530,1540,,,KY3218,,,KY3218,KY3218,,,,N,N,NULL,NULL,NULL,N,NULL,NULL,NULL,NULL,NULL,NULL,0.008,NULL,NULL,NULL,NULL,,NULL,0,0,2,2,N,N,45,NULL,98,9801,NULL,,Y,37.53709,37,32.225,NULL,-82.60155,82,36.093,NULL,N,NULL,NULL,NULL,NULL,NULL,NULL,NULL,NULL,5,3,3,4,1,1,2,2,7,3,N,NULL,Y,N,1541,1549,,N,NULL,49,8,0,N,,N,N,,NULL,NULL,2022,O,7.27673E+11,098-KY-3218  -000,HIGH,098-KY-3218  -000,0.008,0,0,0,0,0,0,1,0,0,0,0,0,0
72648309,KSP0900,21-288362,20210712,1525,,,DANIELS,,BR,,,0,098 CR-1202,CR1202,N,N,NULL,NULL,NULL,N,NULL,NULL,NULL,NULL,NULL,NULL,0.013,NULL,NULL,NULL,NULL,,NULL,0,0,1,1,N,N,40,NULL,98,9832,NULL,,Y,37.37993,37,22.796,NULL,-82.43389,82,26.033,NULL,N,NULL,NULL,NULL,NULL,NULL,NULL,NULL,NULL,9,5,2,3,1,1,2,2,7,3,N,NULL,N,N,1525,1550,1610,N,NULL,44,,,N,,N,N,098-CR-1202-0,NULL,NULL,2021,O,7.26483E+11,098-CR-1202  -000,HIGH,098-CR-1202  -000,0.013,0,0,0,0,0,0,0,0,0,0,0,1,0
72705668,KSP0900,21-497160,20211206,2128,,,US23,,,US0023,US0023,0,098 US-23,US0023,N,N,NULL,NULL,NULL,N,NULL,NULL,NULL,NULL,NULL,NULL,16.27,NULL,NULL,NULL,NULL,,NULL,0,0,1,1,N,N,55,NULL,98,9801,NULL,,Y,37.41348,37,24.809,NULL,-82.53116,82,31.87,NULL,N,NULL,NULL,NULL,NULL,NULL,NULL,NULL,NULL,9,3,4,4,1,5,2,6,7,3,N,NULL,Y,N,2130,2141,,N,NULL,70,,1,N,,N,N,098-US-0023-0,NULL,NULL,2021,O,7.27057E+11,098-US-0023  -000,HIGH,098-US-0023  -000,16.27,0,0,1,0,0,0,0,0,0,0,0,1,0
72713673,980100,2.021E+11,20211223,1523,,,CASSIDY,,BLVD,,,0,098 CS-1191,CS1191,Y,N,NULL,NULL,NULL,N,NULL,NULL,NULL,NULL,NULL,NULL,0.325,NULL,NULL,NULL,NULL,,NULL,0,0,2,2,N,N,15,NULL,98,9801,NULL,,Y,37.50519,37,30.311,NULL,-82.53735,82,32.241,NULL,N,NULL,NULL,NULL,NULL,NULL,NULL,NULL,NULL,5,97,2,6,1,1,2,2,1,3,N,NULL,Y,N,1523,1525,,N,NULL,90,,,Y,,N,N,098-CS-1191-0,NULL,NULL,2021,O,7.27137E+11,098-CS-1191  -000,HIGH,098-CS-1191  -000,0.325,0,0,0,0,0,0,0,0,1,0,0,0,0
72734904,KSP0900,22-69961,20220225,1643,,,ELKHORN,,CRK,KY0197,KY0197,0,098 KY-197,KY0197,N,N,NULL,NULL,NULL,N,NULL,NULL,NULL,NULL,NULL,NULL,4.293,NULL,NULL,NULL,NULL,,NULL,1,0,1,1,N,N,55,NULL,98,9867,NULL,,Y,37.23916,37,14.349,NULL,-82.51476,82,30.886,NULL,N,NULL,NULL,NULL,NULL,NULL,NULL,NULL,NULL,9,3,2,6,1,1,3,2,7,3,N,NULL,Y,Y,1643,1712,1800,N,NULL,44,7,0,N,,N,N,098-KY-0197-0,NULL,NULL,2022,B,7.27349E+11,098-KY-0197  -000,HIGH,098-KY-0197  -000,4.293,0,0,0,1,0,0,0,0,0,0,0,1,0
72666525,KSP0900,21-357515,20210827,1646,,,UPPER JOHNS,,CRK,KY0632,KY0632,0,098 KY-632,KY0632,N,N,NULL,NULL,NULL,N,NULL,NULL,NULL,NULL,NULL,NULL,0.305,NULL,NULL,NULL,NULL,,NULL,1,0,2,2,N,N,55,NULL,98,9817,NULL,,Y,37.49873,37,29.924,NULL,-82.34425,82,20.655,NULL,N,NULL,NULL,NULL,NULL,NULL,NULL,NULL,NULL,3,3,2,3,1,5,2,2,7,3,Y,NULL,Y,Y,1646,1710,1810,N,NULL,52,6,0,N,,N,N,098-KY-0632-0,NULL,NULL,2021,C,7.26665E+11,098-KY-0632  -000,HIGH,098-KY-0632  -000,0.305,0,0,0,0,0,0,0,0,0,0,0,1,0
72757917,KSP0900,22-164944,20220505,730,,,BIG CREEK,E,RD,KY3220,KY3220,0,098 KY-3220,KY3220,N,N,NULL,NULL,NULL,N,NULL,NULL,NULL,NULL,NULL,NULL,1.144,NULL,NULL,NULL,NULL,,NULL,0,0,1,1,N,N,35,NULL,98,9833,NULL,,Y,37.61765,37,37.059,NULL,-82.35098,82,21.058,NULL,N,NULL,NULL,NULL,NULL,NULL,NULL,NULL,NULL,9,3,2,3,1,1,3,2,7,3,N,NULL,Y,N,734,810,915,N,NULL,40,8,0,N,,N,N,098-KY-3220-0,NULL,NULL,2022,O,7.27579E+11,098-KY-3220  -000,HIGH,098-KY-3220  -000,1.144,0,0,0,1,0,0,0,0,0,0,0,1,0
72756388,980100,2.022E+11,20220425,1531,,,JOHNSON,,ST,,,0,098 CS-1007,CS1007,Y,N,NULL,NULL,NULL,N,NULL,NULL,NULL,NULL,NULL,NULL,0.033,NULL,NULL,NULL,NULL,,NULL,0,0,2,2,N,N,NULL,NULL,98,9801,NULL,,Y,37.44365,37,26.619,NULL,-82.52506,82,31.504,NULL,N,NULL,NULL,NULL,NULL,NULL,NULL,NULL,NULL,2,97,1,6,1,1,2,2,1,3,N,NULL,Y,N,1531,1539,,N,NULL,90,,,N,,N,N,098-CS-1007-0,NULL,NULL,2022,O,7.27564E+11,098-CS-1007  -000,HIGH,098-CS-1007  -000,0.033,0,0,0,0,0,0,1,0,0,0,0,0,0
72627775,980100,2.021E+11,20210511,1613,,,KY3495,,,KY3495,KY3495,0,098 KY-3495,KY3495,Y,N,NULL,NULL,NULL,N,NULL,NULL,NULL,NULL,NULL,NULL,0.035,NULL,NULL,NULL,NULL,,NULL,0,0,2,2,N,N,15,NULL,98,9801,NULL,,Y,37.48711,37,29.226,NULL,-82.54219,82,32.531,NULL,N,NULL,NULL,NULL,NULL,NULL,NULL,NULL,NULL,7,97,2,6,1,1,2,2,1,3,N,NULL,Y,N,1613,1621,,N,NULL,90,17,0,N,,N,N,098-KY-3495-0,NULL,NULL,2021,O,7.26278E+11,098-KY-3495  -000,HIGH,098-KY-3495  -000,0.035,0,0,0,1,0,0,0,0,0,0,0,0,0
72749417,KSP0900,22-115024,20220330,1611,,,RIGHT FORK OF BRUSHY,,RD,,,0,098 CR-1360Q4,CR1360Q4,N,N,NULL,NULL,NULL,N,NULL,NULL,NULL,NULL,NULL,NULL,5.491,NULL,NULL,NULL,NULL,,NULL,1,0,1,1,N,N,20,NULL,98,9887,NULL,,Y,37.60548,37,36.329,NULL,-82.44696,82,26.817,NULL,N,NULL,NULL,NULL,NULL,NULL,NULL,NULL,NULL,9,3,2,5,1,1,2,2,7,3,Y,NULL,Y,Y,1611,1736,1757,N,NULL,40,,,N,,N,N,098-CR-1360Q4-0,NULL,NULL,2022,C,7.27494E+11,098-CR-1360Q4-000,MEDIUM,098-CR-1360Q4-000,5.491,0,0,0,0,0,0,0,0,0,0,0,1,0
72710520,980100,2.021E+11,20211217,1521,,,US23,,,US0023,US0023,0,098 US-23-10,US0023,N,N,NULL,NULL,NULL,N,NULL,NULL,NULL,NULL,NULL,NULL,29.827,NULL,NULL,NULL,NULL,,NULL,0,0,2,2,N,N,55,NULL,98,9801,NULL,,Y,37.53458,37,32.075,NULL,-82.5786,82,34.716,NULL,N,NULL,NULL,NULL,NULL,NULL,NULL,NULL,NULL,8,3,4,6,1,5,6,2,7,3,N,NULL,Y,N,1521,1536,,Y,NULL,53,,1,N,,N,N,098-US-0023-10,NULL,NULL,2021,O,7.27105E+11,098-US-0023  -010,HIGH,098-US-0023  -000,29.827,0,0,0,1,0,0,0,0,0,0,0,1,0
72672839,980100,2.021E+11,20210920,639,,,MAYO,S,TRL,US0023,US0023,0,098 US-23-10,US0023,N,N,NULL,NULL,NULL,N,NULL,NULL,NULL,NULL,NULL,NULL,22.938,NULL,NULL,NULL,NULL,,NULL,0,0,2,2,N,N,55,NULL,98,9801,NULL,,Y,37.46539,37,27.923,NULL,-82.52599,82,31.559,NULL,N,NULL,NULL,NULL,NULL,NULL,NULL,NULL,NULL,4,3,4,6,1,1,2,5,1,3,N,NULL,Y,N,639,642,642,N,NULL,70,,1,N,,N,N,098-US-0023-10,NULL,NULL,2021,O,7.26728E+11,098-US-0023  -010,HIGH,098-US-0023  -000,22.938,0,0,0,0,0,0,1,1,0,0,0,0,0
72683924,KSP0900,21-427153,20211016,1630,,,US23,,,US0023,US0023,0,098 US-23,US0023,N,N,NULL,NULL,NULL,N,NULL,NULL,NULL,NULL,NULL,NULL,2.958,NULL,NULL,NULL,NULL,,NULL,0,0,1,1,N,N,55,NULL,98,9809,NULL,,Y,37.27232,37,16.339,NULL,-82.59826,82,35.895,NULL,N,NULL,NULL,NULL,NULL,NULL,NULL,NULL,NULL,9,6,4,4,1,1,2,2,7,3,N,NULL,Y,N,1646,1659,1800,N,NULL,51,,1,N,,N,N,098-US-0023-0,NULL,NULL,2021,O,7.26839E+11,098-US-0023  -000,HIGH,098-US-0023  -000,2.958,0,0,0,1,0,0,0,0,0,0,0,1,0
72718633,KSP0900,22-007666,20220106,1621,,,US23,,,US0023,US0023,0,098 US-23,US0023,Y,N,NULL,NULL,NULL,N,NULL,NULL,NULL,NULL,NULL,NULL,18.183,NULL,NULL,NULL,NULL,,NULL,0,0,1,1,N,N,55,NULL,98,9801,NULL,,Y,37.43154,37,25.893,NULL,-82.51461,82,30.877,NULL,N,NULL,NULL,NULL,NULL,NULL,NULL,NULL,NULL,9,97,4,6,1,4,9,6,7,3,N,NULL,N,N,1621,1751,1621,N,NULL,90,,1,N,,N,N,098-US-0023-0,NULL,NULL,2022,O,7.27186E+11,098-US-0023  -000,HIGH,098-US-0023  -000,18.183,0,0,0,0,0,0,1,0,0,1,0,0,0
72728146,980100,2.022E+11,20220129,1132,,230,HAMBLEY,,BLVD,,,0,098 CS-1222,CS1222,Y,N,NULL,NULL,NULL,N,NULL,NULL,NULL,NULL,NULL,NULL,1.641,NULL,NULL,NULL,NULL,,NULL,0,0,2,2,N,N,NULL,NULL,98,9801,NULL,,Y,37.4821,37,28.926,NULL,-82.53242,82,31.946,NULL,N,NULL,NULL,NULL,NULL,NULL,NULL,NULL,NULL,5,97,0,6,1,1,2,2,1,3,N,NULL,Y,N,1132,1139,,N,NULL,90,,,N,,N,N,098-CS-1222-0,NULL,NULL,2022,O,7.27281E+11,098-CS-1222  -000,HIGH,098-CS-1222  -000,1.641,0,0,0,1,0,0,0,0,0,0,0,0,0
72749035,980100,2.022E+11,20220404,1441,,254,CASSIDY,,BLVD,,,,,,Y,N,NULL,NULL,NULL,N,NULL,NULL,NULL,NULL,NULL,NULL,0.333,NULL,NULL,NULL,NULL,,NULL,0,0,2,2,N,N,NULL,NULL,98,9801,NULL,,Y,37.50523,37,30.314,NULL,-82.53753,82,32.252,NULL,N,NULL,NULL,NULL,NULL,NULL,NULL,NULL,NULL,6,97,NULL,6,1,1,3,2,5,3,N,NULL,Y,N,1441,1449,1449,N,NULL,90,,,N,,N,N,,NULL,NULL,2022,O,7.2749E+11,098-CS-1191  -000,MEDIUM,098-CS-1191  -000,0.333,0,0,0,0,0,0,1,0,0,0,0,0,0
72748055,980100,2.022E+11,20220406,1206,,215,CASSIDY,,BLVD,,,0,098 CS-1191,CS1191,Y,N,NULL,NULL,NULL,N,NULL,NULL,NULL,NULL,NULL,NULL,0.052,NULL,NULL,NULL,NULL,,NULL,0,0,2,2,N,N,NULL,NULL,98,9801,NULL,,Y,37.50368,37,30.221,NULL,-82.533,82,31.98,NULL,N,NULL,NULL,NULL,NULL,NULL,NULL,NULL,NULL,2,97,1,6,1,1,2,2,1,3,N,NULL,Y,N,1206,1224,1224,N,NULL,90,,,N,,N,N,098-CS-1191-0,NULL,NULL,2022,O,7.27481E+11,098-CS-1191  -000,HIGH,098-CS-1191  -000,0.052,0,0,0,0,0,0,1,0,0,0,0,0,0
72748337,KSP0900,22-125970,20220407,1744,,,US23,,,US0023,US0023,0,098 US-23,US0023,N,N,NULL,NULL,NULL,N,NULL,NULL,NULL,NULL,NULL,NULL,15.655,NULL,NULL,NULL,NULL,,NULL,0,0,1,1,N,N,55,NULL,98,9801,NULL,,Y,37.40477,37,24.286,NULL,-82.53064,82,31.838,NULL,N,NULL,NULL,NULL,NULL,NULL,NULL,NULL,NULL,9,3,4,5,1,5,2,2,7,3,N,NULL,N,N,1744,1755,1800,N,NULL,70,,1,N,,N,N,098-US-0023-0,NULL,NULL,2022,O,7.27483E+11,098-US-0023  -000,HIGH,098-US-0023  -000,15.655,0,0,0,0,0,0,0,0,0,0,0,1,0
72770924,KSP0900,22-215934,20220609,1034,,,CHLOE,,RD,KY1460,KY1460,0,098 KY-1460,KY1460,N,N,NULL,NULL,NULL,N,NULL,NULL,NULL,NULL,NULL,NULL,0.009,NULL,NULL,NULL,NULL,,NULL,0,0,2,2,N,N,45,NULL,98,9801,4,S,N,37.43149,37,25.889,NULL,-82.48094,82,28.856,NULL,N,NULL,NULL,NULL,NULL,NULL,NULL,NULL,NULL,1,3,2,6,1,1,2,2,7,3,N,NULL,Y,N,1034,1041,1041,N,NULL,55,,0,N,,N,N,098-KY-1460-0,NULL,NULL,2022,O,7.27709E+11,098-KY-1460  -000,HIGH,098-KY-1460  -000,0.009,0,0,0,1,0,0,0,0,0,0,0,0,0