MasterFile,AgencyORINumber,LocalCode,CollisionDate,CollisionTime,CollisionDayWeekCode,RoadwayName_HouseBusinessNumber_,RoadwayName_RoadwayName_,RoadwayName_Direction_,RoadwayName_RoadwaySuffix_,RoadwayfromReport,CurrentRoadwayNumber,RoadwayNumberCoupletID,RSEUniqueGIS,RoadwayIdentifier,ParkingLotIndicator,IntersectionWith_Indicator_,IntersectionWith_NameRoadway_,IntersectionWith_Direction_,IntersectionWith_RoadwaySuffix_,BetweenStreets_Indicator_,BetweenStreets1_NameRoadway_,BetweenStreet1_Direction_,BetweenStreets1_RoadwaySuffix_,BetweenStreets2_NameRoadway_,BetweenStreets2_Direction_,BetweenStreets2_RoadwaySuffix_,Milepoint,ReportMilepointDeriveNumber,CurrentDerivedMiepointNumber,MilestoMilepoint,FeettoMilepoint,DirectionfromMilepoint_NSEW_,ValidMilepointIndicator,NumberInjured,NumberKilled,ofUnits,ofMotorVehicleUnits,Hit&RunIndicator,OneWayIndicator,SpeedLimitNumber,KilometersIndicator,CountyCode,CityCountyCode,MilesFromCity,DirectionFromCity_NSEW_,InCityLimitsIndicator,Latitude,LatitudeDegrees,LatitudeMinutes,LatitudeSeconds,Longitude,LongitudeDegrees,LongitudeMinutes,LongitudeSeconds,RampIndicator,RampFromIdentifier,RampFromDirCode,RampFromCoupletID,RSEUniqueGISRampFrom,RampToidentifier,RampToDirCode,RampToCoupletID,RSEUniqueGisRampTo,MannerofCollisionCode,LocationFirstEventCode,TotalLanes,RoadwayCharacterCode,RoadwaySurfaceCode,RoadwayConditionCode,WeatherCode,LightConditionCode,LandUseCode,SchoolBusRelatedCode,FirstAidSceneIndicator,CollDescPresentInd,InvestigationCompleteIndicator,PhotosTakenIndicator,TimeNotified,TimeArrived,TimeRoadwayOpened,PropertyDamageIndicator,DiagramPresentIndicator,DirectionalAnalysis,FunctionClassCode,NationalHwySysCode,EnforcementsIndicator,KARSCityCode,SecondaryCollisionIndicator,MedianCrossoverIndicator,RT_UNIQUE,MapIt,TimeLastLeft,YR,KABCO,MFNY,WorkingRID,RT_CONFIDENCE,KTC_RT,KTC_MP,Motorcyclist,CommercialVehicle,YoungDriver,MatureDriver,pedestrian,Bicyclist,Distracted,agressive,Impaired,Unrestrained,Intersection,RoadwayDeparture,MedXover
72778906,KSP0900,22-250161,20220702,1334,,,US460,,,US0460,US0460,0,098 US-460,US0460,N,N,NULL,NULL,NULL,N,NULL,NULL,NULL,NULL,NULL,NULL,9.915,NULL,NULL,NULL,NULL,,NULL,0,0,1,1,N,N,45,NULL,98,9822,NULL,,Y,37.36328,37,21.797,NULL,-82.40709,82,24.425,NULL,N,NULL,NULL,NULL,NULL,NULL,NULL,NULL,NULL,9,3,2,6,1,5,6,2,6,3,N,NULL,Y,N,1325,1358,1358,N,NULL,40,,1,N,,N,N,098-US-0460-0,NULL,NULL,2022,O,7.27789E+11,098-US-0460  -000,HIGH,098-US-0460  -000,9.915,0,0,0,0,0,0,0,0,0,0,0,1,0
72693945,KSP0900,21-456839,20211107,1043,,,KY611,,,KY0611,KY0611,0,098 KY-611,KY0611,N,N,NULL,NULL,NULL,N,NULL,NULL,NULL,NULL,NULL,NULL,0.234,NULL,NULL,NULL,NULL,,NULL,0,0,2,2,N,N,25,NULL,98,9864,NULL,,Y,37.31633,37,18.98,NULL,-82.46906,82,28.143,NULL,N,NULL,NULL,NULL,NULL,NULL,NULL,NULL,NULL,7,3,2,3,1,1,2,2,6,3,N,NULL,Y,N,1307,1315,1100,N,NULL,54,8,0,N,,N,N,098-KY-0611-0,NULL,NULL,2021,O,7.26939E+11,098-KY-0611  -000,HIGH,098-KY-0611  -000,0.234,0,0,0,0,0,0,0,0,0,0,0,1,0
72694820,980100,2.021E+11,20211104,1703,,,US23,,,US0023,US0023,0,098 US-23,US0023,N,N,NULL,NULL,NULL,N,NULL,NULL,NULL,NULL,NULL,NULL,26.228,NULL,NULL,NULL,NULL,,NULL,1,0,3,3,N,N,55,NULL,98,9801,NULL,,Y,37.50287,37,30.172,NULL,-82.53204,82,31.923,NULL,N,NULL,NULL,NULL,NULL,NULL,NULL,NULL,NULL,5,3,4,6,1,1,2,2,1,3,N,NULL,Y,Y,1708,1709,1709,N,NULL,70,,1,N,,N,N,098-US-0023-0,NULL,NULL,2021,B,7.26948E+11,098-US-0023  -000,HIGH,098-US-0023  -000,26.228,0,0,0,1,0,0,1,0,0,0,0,0,0
72685004,980100,2.021E+11,20211013,1219,,,CASSIDY,,BLVD,,,0,098 CS-1191,CS1191,N,N,NULL,NULL,NULL,N,NULL,NULL,NULL,NULL,NULL,NULL,0.258,NULL,NULL,NULL,NULL,,NULL,1,0,2,2,N,N,35,NULL,98,9801,NULL,,Y,37.50459,37,30.275,NULL,-82.53607,82,32.164,NULL,N,NULL,NULL,NULL,NULL,NULL,NULL,NULL,NULL,1,3,4,6,1,1,2,2,1,3,Y,NULL,Y,Y,1219,1220,1249,N,NULL,55,,,N,,N,N,098-CS-1191-0,NULL,NULL,2021,C,7.2685E+11,098-CS-1191  -000,HIGH,098-CS-1191  -000,0.258,0,0,0,1,0,0,1,0,0,0,0,0,0
72684021,KSP0900,2021-418461,20211010,1419,,,KY194,,,KY0194,KY0194,0,098 KY-194,KY0194,N,N,NULL,NULL,NULL,N,NULL,NULL,NULL,NULL,NULL,NULL,67.208,NULL,NULL,NULL,NULL,,NULL,1,0,1,1,N,N,35,NULL,98,9873,NULL,,Y,37.5154,37,30.924,NULL,-82.09464,82,5.678,NULL,N,NULL,NULL,NULL,NULL,NULL,NULL,NULL,NULL,9,3,2,6,1,1,2,2,7,3,N,NULL,Y,N,1419,1419,1419,N,NULL,70,7,0,N,,N,N,098-KY-0194-0,NULL,NULL,2021,C,7.2684E+11,098-KY-0194  -000,HIGH,098-KY-0194  -000,67.208,0,0,0,0,0,0,0,0,0,0,0,0,0
72656331,980000,21-07-001,20210721,1430,,,KY194,,,KY0194,KY0194,0,098 KY-194,KY0194,N,N,NULL,NULL,NULL,N,NULL,NULL,NULL,NULL,NULL,NULL,25.314,NULL,NULL,NULL,NULL,,NULL,4,0,2,2,N,N,55,NULL,98,9817,NULL,,Y,37.51334,37,30.8,NULL,-82.3588,82,21.528,NULL,N,NULL,NULL,NULL,NULL,NULL,NULL,NULL,NULL,1,4,2,3,1,1,2,2,7,3,Y,NULL,Y,Y,1503,1600,1640,N,NULL,51,6,0,N,,N,N,098-KY-0194-0,NULL,NULL,2021,C,7.26563E+11,098-KY-0194  -000,HIGH,098-KY-0194  -000,25.314,0,0,0,1,0,0,1,0,0,0,0,1,0
72709725,980100,2.021E+11,20211211,936,,,BYPASS,S,RD,KY1426,KY1426,0,098 KY-1426,KY1426,N,N,NULL,NULL,NULL,N,NULL,NULL,NULL,NULL,NULL,NULL,6.117,NULL,NULL,NULL,NULL,,NULL,1,0,2,2,N,N,45,NULL,98,9801,NULL,,Y,37.4769,37,28.614,NULL,-82.51706,82,31.024,NULL,N,NULL,NULL,NULL,NULL,NULL,NULL,NULL,NULL,5,3,2,6,1,5,6,2,1,3,Y,NULL,Y,Y,936,940,951,N,NULL,70,,0,Y,,N,N,098-KY-1426-0,NULL,NULL,2021,C,7.27097E+11,098-KY-1426  -000,HIGH,098-KY-1426  -000,6.117,0,0,0,0,0,0,1,0,0,0,0,0,0
72713483,980100,2.021E+11,20211225,732,,,HAROLDS BRANCH,,RD,,,0,098 CS-1223,CS1223,Y,N,NULL,NULL,NULL,N,NULL,NULL,NULL,NULL,NULL,NULL,0.006,NULL,NULL,NULL,NULL,,NULL,0,0,2,2,N,N,15,NULL,98,9801,NULL,,Y,37.47273,37,28.364,NULL,-82.52271,82,31.363,NULL,N,NULL,NULL,NULL,NULL,NULL,NULL,NULL,NULL,2,97,1,6,1,1,2,1,1,3,N,NULL,Y,N,732,735,735,N,NULL,90,,,N,,N,N,098-CS-1223-0,NULL,NULL,2021,O,7.27135E+11,098-CS-1223  -000,HIGH,098-CS-1223  -000,0.006,0,0,1,0,0,0,1,0,0,0,0,0,0
72685970,980100,2.021E+11,20211021,1530,,,BYPASS,S,RD,KY1426,KY1426,0,098 KY-1426,KY1426,N,N,NULL,NULL,NULL,N,NULL,NULL,NULL,NULL,NULL,NULL,6.111,NULL,NULL,NULL,NULL,,NULL,0,0,2,2,N,N,35,NULL,98,9801,NULL,,Y,37.47684,37,28.61,NULL,-82.51714,82,31.028,NULL,N,NULL,NULL,NULL,NULL,NULL,NULL,NULL,NULL,5,3,2,6,1,1,3,2,7,3,N,NULL,Y,N,1533,1533,1533,N,NULL,49,,0,N,,N,N,098-KY-1426-0,NULL,NULL,2021,O,7.2686E+11,098-KY-1426  -000,HIGH,098-KY-1426  -000,6.111,0,0,1,0,0,0,0,0,0,0,0,0,0
72715848,980100,2.021E+11,20211230,2206,,,KY3496,,,KY3496,KY3496,0,098 KY-3496,KY3496,Y,N,NULL,NULL,NULL,N,NULL,NULL,NULL,NULL,NULL,NULL,0.696,NULL,NULL,NULL,NULL,,NULL,0,0,2,2,Y,N,NULL,NULL,98,9801,NULL,,Y,37.4719,37,28.314,NULL,-82.53143,82,31.886,NULL,N,NULL,NULL,NULL,NULL,NULL,NULL,NULL,NULL,2,97,0,6,1,5,2,7,1,3,N,NULL,Y,N,2206,2213,,N,NULL,90,16,0,N,,N,N,098-KY-3496-0,NULL,NULL,2021,NULL,7.27158E+11,098-KY-3496  -000,HIGH,098-KY-3496  -000,0.696,0,0,0,0,0,0,0,0,0,0,0,0,0
72696648,KSP0900,21-458261,20211108,1244,,,US460,,,US0460,US0460,0,098 US-460,US0460,N,N,NULL,NULL,NULL,N,NULL,NULL,NULL,NULL,NULL,NULL,0.855,NULL,NULL,NULL,NULL,,NULL,0,0,2,2,N,N,55,NULL,98,9801,NULL,,Y,37.43238,37,25.943,NULL,-82.50548,82,30.328,NULL,N,NULL,NULL,NULL,NULL,NULL,NULL,NULL,NULL,5,3,2,6,1,1,2,2,7,3,N,NULL,Y,N,1244,1245,1245,N,NULL,49,,1,N,,N,N,098-US-0460-0,NULL,NULL,2021,O,7.26966E+11,098-US-0460  -000,HIGH,098-US-0460  -000,0.855,0,0,0,0,0,0,0,1,0,0,0,0,0
72677217,980000,21-09-005,20210924,1630,,,KY194,S,,KY0194S,KY0194S,0,098 KY-194S,KY0194S,N,N,NULL,NULL,NULL,N,NULL,NULL,NULL,NULL,NULL,NULL,0.031,NULL,NULL,NULL,NULL,,NULL,0,0,2,2,N,N,35,NULL,98,9811,NULL,,Y,37.56567,37,33.94,NULL,-82.14445,82,8.667,NULL,N,NULL,NULL,NULL,NULL,NULL,NULL,NULL,NULL,2,3,2,6,1,1,2,2,1,3,N,NULL,Y,Y,1640,1700,1730,N,NULL,56,7,0,N,,N,N,098-KY-0194S-0,NULL,NULL,2021,O,7.26772E+11,098-KY-0194S -000,HIGH,098-KY-0194S -000,0.031,0,0,0,0,0,0,1,0,0,0,0,0,0
72727657,980100,2.022E+11,20220129,2346,,,PIKE,,ST,,,0,098 CS-1113,CS1113,Y,N,NULL,NULL,NULL,N,NULL,NULL,NULL,NULL,NULL,NULL,0.054,NULL,NULL,NULL,NULL,,NULL,0,0,2,2,N,N,15,NULL,98,9801,NULL,,Y,37.48016,37,28.81,NULL,-82.5164,82,30.984,NULL,N,NULL,NULL,NULL,NULL,NULL,NULL,NULL,NULL,2,97,1,6,1,5,2,5,1,3,N,NULL,Y,N,2346,2348,2348,N,NULL,90,,,N,,N,N,098-CS-1113-0,NULL,NULL,2022,O,7.27277E+11,098-CS-1113  -000,HIGH,098-CS-1113  -000,0.054,0,0,0,0,0,0,1,0,0,0,0,0,0
72653108,980100,2.021E+11,20210713,1539,,,HAROLDS BRANCH,,RD,,,,,,Y,N,NULL,NULL,NULL,N,NULL,NULL,NULL,NULL,NULL,NULL,0.132,NULL,NULL,NULL,NULL,,NULL,0,0,2,1,N,N,NULL,NULL,98,9801,NULL,,Y,37.47113,37,28.268,NULL,-82.52161,82,31.297,NULL,N,NULL,NULL,NULL,NULL,NULL,NULL,NULL,NULL,2,97,NULL,6,2,1,2,2,1,3,N,NULL,Y,N,1540,1545,1627,N,NULL,90,,,N,,N,N,,NULL,NULL,2021,O,7.26531E+11,098-CS-1223  -000,MEDIUM,098-CS-1223  -000,0.132,0,0,0,1,0,0,0,0,0,0,0,0,0
72639419,KSP0900,21-255737,20210621,1445,,,US119,,,US0119,US0119,0,098 US-119,US0119,N,N,NULL,NULL,NULL,N,NULL,NULL,NULL,NULL,NULL,NULL,24.809,NULL,NULL,NULL,NULL,,NULL,1,0,2,2,N,N,55,NULL,98,9834,NULL,,Y,37.66605,37,39.963,NULL,-82.27502,82,16.501,NULL,N,NULL,NULL,NULL,NULL,NULL,NULL,NULL,NULL,1,3,4,6,1,5,6,2,7,3,Y,NULL,Y,N,1445,1450,1525,N,NULL,55,2,1,N,,N,N,098-US-0119-0,NULL,NULL,2021,B,7.26394E+11,098-US-0119  -000,HIGH,098-US-0119  -000,24.809,0,0,0,1,0,0,1,0,0,0,0,0,0
72707320,980100,2.021E+11,20211112,1426,,,KY1426,,,KY1426,KY1426,,,,Y,N,NULL,NULL,NULL,N,NULL,NULL,NULL,NULL,NULL,NULL,7.435,NULL,NULL,NULL,NULL,,NULL,0,0,2,2,N,N,15,NULL,98,9801,NULL,,Y,37.4903,37,29.418,NULL,-82.50153,82,30.092,NULL,N,NULL,NULL,NULL,NULL,NULL,NULL,NULL,NULL,6,97,1,6,1,1,2,2,1,3,N,NULL,Y,N,1426,1432,1432,N,NULL,90,,0,N,,N,N,,NULL,NULL,2021,O,7.27073E+11,098-KY-1426  -000,HIGH,098-KY-1426  -000,7.435,0,0,0,1,0,0,1,0,0,0,0,0,0
72680404,KSP0900,21-413277,20211006,2020,,,US23,,,US0023,US0023,0,098 US-23-10,US0023,N,N,NULL,NULL,NULL,N,NULL,NULL,NULL,NULL,NULL,NULL,29.358,NULL,NULL,NULL,NULL,,NULL,0,0,2,2,N,N,45,NULL,98,9807,NULL,,Y,37.52836,37,31.702,NULL,-82.57522,82,34.513,NULL,N,NULL,NULL,NULL,NULL,NULL,NULL,NULL,NULL,4,3,6,6,1,1,2,6,1,3,N,NULL,Y,N,2052,2104,2052,N,NULL,70,,1,N,,N,N,098-US-0023-10,NULL,NULL,2021,O,7.26804E+11,098-US-0023  -010,HIGH,098-US-0023  -000,29.358,0,0,0,0,0,0,1,1,0,0,0,0,0
72648980,KSP0900,21-292284,20210715,941,,,FOREST HILLS,,RD,,,0,098 CR-1529,CR1529,N,N,NULL,NULL,NULL,N,NULL,NULL,NULL,NULL,NULL,NULL,0.09,NULL,NULL,NULL,NULL,,NULL,1,0,1,1,N,N,35,NULL,98,9836,NULL,,Y,37.62455,37,37.473,NULL,-82.29961,82,17.976,NULL,N,NULL,NULL,NULL,NULL,NULL,NULL,NULL,NULL,9,97,1,6,3,1,2,2,7,3,Y,NULL,Y,Y,941,956,1045,N,NULL,44,,,N,,N,N,098-CR-1529-0,NULL,NULL,2021,C,7.2649E+11,098-CR-1529  -000,HIGH,098-CR-1529  -000,0.09,0,0,0,1,0,0,0,0,0,0,0,1,0
72674259,980500,2021AR038,20210923,1002,,,MAIN STREET,,,,,,,,N,N,NULL,NULL,NULL,N,NULL,NULL,NULL,NULL,NULL,NULL,NULL,NULL,NULL,NULL,NULL,NULL,NULL,0,0,2,2,N,N,25,NULL,98,9807,NULL,,Y,37.51888,37,31.133,NULL,-82.56631,82,33.979,NULL,N,NULL,NULL,NULL,NULL,NULL,NULL,NULL,NULL,1,3,2,6,1,1,2,2,1,3,N,NULL,Y,Y,1002,1004,1020,N,NULL,55,,,N,,N,N,,NULL,NULL,2021,O,7.26743E+11,098-CS-3000  -071,MEDIUM,098-CS-3000  -071,0.023,0,0,0,0,0,0,1,1,0,0,0,0,0
72708332,980100,2.021E+11,20211203,50,,,HAMBLEY,,BLVD,,,0,098 CS-1222,CS1222,N,N,NULL,NULL,NULL,N,NULL,NULL,NULL,NULL,NULL,NULL,0.168,NULL,NULL,NULL,NULL,,NULL,1,0,3,3,N,N,25,NULL,98,9801,NULL,,Y,37.47491,37,28.495,NULL,-82.52447,82,31.468,NULL,N,NULL,NULL,NULL,NULL,NULL,NULL,NULL,NULL,5,3,2,6,1,1,2,4,1,3,Y,NULL,Y,Y,50,54,,N,NULL,47,,,Y,,N,N,098-CS-1222-0,NULL,NULL,2021,C,7.27083E+11,098-CS-1222  -000,HIGH,098-CS-1222  -000,0.168,0,0,0,0,0,0,0,0,0,0,0,0,0
72690079,980100,2.021E+11,20211030,1945,,,BANK,,ST,,,,,,Y,N,NULL,NULL,NULL,N,NULL,NULL,NULL,NULL,NULL,NULL,0.041,NULL,NULL,NULL,NULL,,NULL,0,0,2,2,N,N,NULL,NULL,98,9801,NULL,,Y,37.47564,37,28.538,NULL,-82.5211,82,31.266,NULL,N,NULL,NULL,NULL,NULL,NULL,NULL,NULL,NULL,7,97,2,6,1,5,6,5,8,3,N,NULL,Y,N,1945,1947,1947,N,NULL,90,,,N,,N,N,,NULL,NULL,2021,O,7.26901E+11,098-CS-1106  -000,MEDIUM,098-CS-1106  -000,0.041,0,0,1,0,0,0,1,0,0,0,0,0,0
72711458,980100,2.021E+11,20211126,920,,,CASSIDY,,BLVD,,,,,,Y,N,NULL,NULL,NULL,N,NULL,NULL,NULL,NULL,NULL,NULL,0.278,NULL,NULL,NULL,NULL,,NULL,0,0,2,2,N,N,15,NULL,98,9801,NULL,,Y,37.50483,37,30.29,NULL,-82.5364,82,32.184,NULL,N,NULL,NULL,NULL,NULL,NULL,NULL,NULL,NULL,2,97,1,6,1,1,2,2,1,3,N,NULL,Y,N,920,930,930,N,NULL,90,,,Y,,N,N,,NULL,NULL,2021,O,7.27115E+11,098-CS-1191  -000,LOW,098-CS-1191  -000,0.278,0,0,0,0,0,0,1,0,0,0,0,0,0
72713832,KSP0900,21-508497,20211214,1547,,154,LICK,,BR,,,0,098 CR-1261,CR1261,N,N,NULL,NULL,NULL,N,NULL,NULL,NULL,NULL,NULL,NULL,0.14,NULL,NULL,NULL,NULL,,NULL,0,0,2,2,N,N,15,NULL,98,9824,NULL,,Y,37.41482,37,24.889,NULL,-82.48711,82,29.227,NULL,N,NULL,NULL,NULL,NULL,NULL,NULL,NULL,NULL,2,3,1,4,1,5,2,2,7,3,N,NULL,Y,N,1602,1622,,N,NULL,56,,,N,,N,N,098-CR-1261-0,NULL,NULL,2021,O,7.27138E+11,098-CR-1261  -000,HIGH,098-CR-1261  -000,0.14,0,0,0,1,0,0,1,0,0,0,0,0,0
72711318,KSP0900,21-515049,20211219,953,,,WILLIAMSON,,RD,KY0292,KY0292,0,098 KY-292,KY0292,N,N,NULL,NULL,NULL,N,NULL,NULL,NULL,NULL,NULL,NULL,12.047,NULL,NULL,NULL,NULL,,NULL,0,1,1,1,N,N,35,NULL,98,9843,NULL,,Y,37.73482,37,44.089,NULL,-82.32468,82,19.481,NULL,N,NULL,NULL,NULL,NULL,NULL,NULL,NULL,NULL,9,5,2,6,1,5,3,2,7,3,N,NULL,Y,Y,1001,1017,1017,N,NULL,51,7,0,N,,N,N,098-KY-0292-0,NULL,NULL,2021,K,7.27113E+11,098-KY-0292  -000,HIGH,098-KY-0292  -000,12.047,0,0,0,0,0,0,0,0,0,0,0,1,0
72710881,KSP0900,21-513606,20211218,538,,,KY199,,,KY0199,KY0199,0,098 KY-199,KY0199,N,N,NULL,NULL,NULL,N,NULL,NULL,NULL,NULL,NULL,NULL,9.916,NULL,NULL,NULL,NULL,,NULL,0,0,1,1,N,N,35,NULL,98,9851,NULL,,Y,37.58247,37,34.948,NULL,-82.27039,82,16.224,NULL,N,NULL,NULL,NULL,NULL,NULL,NULL,NULL,NULL,9,97,2,6,1,5,3,6,7,3,N,NULL,Y,Y,538,619,730,Y,NULL,70,7,0,N,,N,N,098-KY-0199-0,NULL,NULL,2021,O,7.27109E+11,098-KY-0199  -000,HIGH,098-KY-0199  -000,9.916,0,0,0,0,0,0,0,1,0,0,0,0,0
72712952,980100,2.021E+11,20211216,1517,,,THOMPSON,,RD,,,0,098 CS-1215,CS1215,Y,N,NULL,NULL,NULL,N,NULL,NULL,NULL,NULL,NULL,NULL,0.572,NULL,NULL,NULL,NULL,,NULL,0,0,2,2,Y,N,NULL,NULL,98,9801,NULL,,Y,37.50574,37,30.345,NULL,-82.54241,82,32.545,NULL,N,NULL,NULL,NULL,NULL,NULL,NULL,NULL,NULL,8,97,NULL,6,1,1,2,2,1,3,N,NULL,Y,N,1509,1517,,N,NULL,90,,,N,,N,N,098-CS-1215-0,NULL,NULL,2021,NULL,7.2713E+11,098-CS-1215  -000,HIGH,098-CS-1215  -000,0.572,0,0,0,0,0,0,0,0,0,0,0,0,0
72746034,980100,2.022E+11,20220331,1939,,,CEMETERY,,RD,,,,,,N,N,NULL,NULL,NULL,N,NULL,NULL,NULL,NULL,NULL,NULL,0.145,NULL,NULL,NULL,NULL,,NULL,0,0,2,2,N,Y,25,NULL,98,9801,NULL,,Y,37.48031,37,28.818,NULL,-82.52086,82,31.251,NULL,N,NULL,NULL,NULL,NULL,NULL,NULL,NULL,NULL,2,3,1,6,1,1,2,2,8,3,N,NULL,Y,N,1939,1950,,N,NULL,56,,,N,,N,N,,NULL,NULL,2022,O,7.2746E+11,098-CS-1167  -000,MEDIUM,098-CS-1167  -000,0.145,0,0,1,0,0,0,1,1,0,0,0,0,0
72653444,980100,2.021E+11,20210727,1032,,231,HIBBARD,,ST,,,0,098 CS-1053,CS1053,Y,N,NULL,NULL,NULL,N,NULL,NULL,NULL,NULL,NULL,NULL,0.038,NULL,NULL,NULL,NULL,,NULL,0,0,2,2,N,N,15,NULL,98,9801,NULL,,Y,37.47362,37,28.417,NULL,-82.52675,82,31.605,NULL,N,NULL,NULL,NULL,NULL,NULL,NULL,NULL,NULL,2,97,NULL,6,1,1,2,2,5,3,N,NULL,Y,N,1032,1038,1038,N,NULL,90,,,N,,N,N,098-CS-1053-0,NULL,NULL,2021,O,7.26534E+11,098-CS-1053  -000,HIGH,098-CS-1053  -000,0.038,0,0,0,0,0,0,1,0,0,0,0,0,0
72709882,980500,2021AR051,20211216,1221,,,WEDDINGTON PLAZA,,,US0023,US0023,0,098 US-23-10,US0023,N,N,NULL,NULL,NULL,N,NULL,NULL,NULL,NULL,NULL,NULL,NULL,NULL,NULL,NULL,NULL,NULL,NULL,1,0,2,2,N,N,15,NULL,98,9807,NULL,,Y,37.52297,37,31.378,NULL,-82.57133,82,34.28,NULL,N,NULL,NULL,NULL,NULL,NULL,NULL,NULL,NULL,5,97,2,4,1,1,2,2,5,3,Y,NULL,Y,Y,1221,1221,1221,N,NULL,49,,1,N,,N,N,098-US-0023-10,NULL,NULL,2021,C,7.27099E+11,098-US-0023  -010,HIGH,098-US-0023  -000,28.931,0,0,0,1,0,0,1,1,0,0,0,0,0
72694708,980200,980200,20211108,1830,,,ELKHORN,,CRK,KY0197,KY0197,0,098 KY-197,KY0197,N,N,NULL,NULL,NULL,N,NULL,NULL,NULL,NULL,NULL,NULL,15.499,NULL,NULL,NULL,NULL,,NULL,0,0,1,1,N,N,35,NULL,98,9802,0.2,S,N,37.29465,37,17.679,NULL,-82.36489,82,21.893,NULL,N,NULL,NULL,NULL,NULL,NULL,NULL,NULL,NULL,9,6,2,3,1,1,2,2,7,3,N,NULL,Y,N,1830,1835,1901,N,NULL,51,7,0,N,,N,N,098-KY-0197-0,NULL,NULL,2021,O,7.26947E+11,098-KY-0197  -000,HIGH,098-KY-0197  -000,15.499,0,0,0,1,0,0,0,0,0,0,0,1,0
72730310,KSP0900,22-51239,20220211,1529,,,US119,,,US0119,US0119,0,098 US-119-10,US0119,N,N,NULL,NULL,NULL,N,NULL,NULL,NULL,NULL,NULL,NULL,8.01,NULL,NULL,NULL,NULL,,NULL,0,0,2,2,N,N,55,NULL,98,9820,NULL,,Y,37.55853,37,33.512,NULL,-82.42344,82,25.406,NULL,N,NULL,NULL,NULL,NULL,NULL,NULL,NULL,NULL,8,3,4,6,1,1,2,2,7,3,N,NULL,Y,N,1529,1558,1620,N,NULL,53,2,1,N,,N,N,098-US-0119-10,NULL,NULL,2022,O,7.27303E+11,098-US-0119  -010,HIGH,098-US-0119  -000,8.01,0,0,0,0,0,0,0,0,0,0,0,1,0
72670182,980100,2.021E+11,20210913,1712,,,HAMBLEY,,BLVD,,,0,098 CS-1222,CS1222,N,N,NULL,NULL,NULL,N,NULL,NULL,NULL,NULL,NULL,NULL,0.66,NULL,NULL,NULL,NULL,,NULL,0,0,4,4,N,N,25,NULL,98,9801,NULL,,Y,37.48047,37,28.828,NULL,-82.51905,82,31.143,NULL,N,NULL,NULL,NULL,NULL,NULL,NULL,NULL,NULL,5,3,2,6,1,1,2,2,7,3,N,NULL,Y,N,1713,1715,1800,N,NULL,49,,,Y,,N,N,098-CS-1222-0,NULL,NULL,2021,O,7.26702E+11,098-CS-1222  -000,HIGH,098-CS-1222  -000,0.66,0,0,0,0,0,0,1,0,0,0,0,0,0
72711760,980500,2021AR052,20211220,1534,,,MAIN,,ST,,,0,098 CS-3000,CS3000,N,N,NULL,NULL,NULL,N,NULL,NULL,NULL,NULL,NULL,NULL,NULL,NULL,NULL,NULL,NULL,NULL,NULL,0,0,2,2,N,N,45,NULL,98,9807,NULL,,Y,37.51892,37,31.135,NULL,-82.56638,82,33.983,NULL,N,NULL,NULL,NULL,NULL,NULL,NULL,NULL,NULL,5,3,6,6,1,1,2,2,7,3,N,NULL,Y,Y,1536,1539,1540,N,NULL,49,,,N,,N,N,098-CS-3000-0,NULL,NULL,2021,O,7.27118E+11,098-CS-3000  -000,HIGH,098-CS-3000  -000,0.46,0,0,0,0,0,0,1,0,0,0,0,0,0
72712167,980100,2.021E+11,20211214,1746,,,US23,,,US0023,US0023,,,,N,N,NULL,NULL,NULL,N,NULL,NULL,NULL,NULL,NULL,NULL,26.165,NULL,NULL,NULL,NULL,,NULL,2,0,3,3,N,N,55,NULL,98,9801,NULL,,Y,37.50198,37,30.119,NULL,-82.53213,82,31.928,NULL,N,NULL,NULL,NULL,NULL,NULL,NULL,NULL,NULL,5,3,4,6,1,1,2,5,7,3,N,NULL,Y,Y,1746,1752,1842,N,NULL,70,,1,N,,N,N,,NULL,NULL,2021,B,7.27122E+11,098-US-0023  -010,MEDIUM,098-US-0023  -000,26.165,0,0,0,1,0,0,1,0,0,0,0,0,0
72690017,980000,2110009,20211030,1330,,119,US 119 S,S,,,,,,,N,N,NULL,NULL,NULL,N,NULL,NULL,NULL,NULL,NULL,NULL,NULL,NULL,NULL,NULL,NULL,NULL,NULL,0,0,1,1,N,N,55,NULL,98,9836,4,S,N,37.63132,37,37.879,NULL,-82.26092,82,15.655,NULL,N,NULL,NULL,NULL,NULL,NULL,NULL,NULL,NULL,9,4,4,1,1,5,6,2,6,3,N,NULL,N,Y,1338,1340,1430,Y,NULL,40,,,N,,N,N,,NULL,NULL,2021,O,7.269E+11,098-US-0119  -010,MEDIUM,098-US-0119  -000,21.848,0,0,0,0,0,0,1,0,0,0,0,1,0