MasterFile,AgencyORINumber,LocalCode,CollisionDate,CollisionTime,CollisionDayWeekCode,RoadwayName_HouseBusinessNumber_,RoadwayName_RoadwayName_,RoadwayName_Direction_,RoadwayName_RoadwaySuffix_,RoadwayfromReport,CurrentRoadwayNumber,RoadwayNumberCoupletID,RSEUniqueGIS,RoadwayIdentifier,ParkingLotIndicator,IntersectionWith_Indicator_,IntersectionWith_NameRoadway_,IntersectionWith_Direction_,IntersectionWith_RoadwaySuffix_,BetweenStreets_Indicator_,BetweenStreets1_NameRoadway_,BetweenStreet1_Direction_,BetweenStreets1_RoadwaySuffix_,BetweenStreets2_NameRoadway_,BetweenStreets2_Direction_,BetweenStreets2_RoadwaySuffix_,Milepoint,ReportMilepointDeriveNumber,CurrentDerivedMiepointNumber,MilestoMilepoint,FeettoMilepoint,DirectionfromMilepoint_NSEW_,ValidMilepointIndicator,NumberInjured,NumberKilled,ofUnits,ofMotorVehicleUnits,Hit&RunIndicator,OneWayIndicator,SpeedLimitNumber,KilometersIndicator,CountyCode,CityCountyCode,MilesFromCity,DirectionFromCity_NSEW_,InCityLimitsIndicator,Latitude,LatitudeDegrees,LatitudeMinutes,LatitudeSeconds,Longitude,LongitudeDegrees,LongitudeMinutes,LongitudeSeconds,RampIndicator,RampFromIdentifier,RampFromDirCode,RampFromCoupletID,RSEUniqueGISRampFrom,RampToidentifier,RampToDirCode,RampToCoupletID,RSEUniqueGisRampTo,MannerofCollisionCode,LocationFirstEventCode,TotalLanes,RoadwayCharacterCode,RoadwaySurfaceCode,RoadwayConditionCode,WeatherCode,LightConditionCode,LandUseCode,SchoolBusRelatedCode,FirstAidSceneIndicator,CollDescPresentInd,InvestigationCompleteIndicator,PhotosTakenIndicator,TimeNotified,TimeArrived,TimeRoadwayOpened,PropertyDamageIndicator,DiagramPresentIndicator,DirectionalAnalysis,FunctionClassCode,NationalHwySysCode,EnforcementsIndicator,KARSCityCode,SecondaryCollisionIndicator,MedianCrossoverIndicator,RT_UNIQUE,MapIt,TimeLastLeft,YR,KABCO,MFNY,WorkingRID,RT_CONFIDENCE,KTC_RT,KTC_MP,Motorcyclist,CommercialVehicle,YoungDriver,MatureDriver,pedestrian,Bicyclist,Distracted,agressive,Impaired,Unrestrained,Intersection,RoadwayDeparture,MedXover
72661835,980100,2.021E+11,20210817,1108,,,CASSIDY,,BLVD,,,0,098 CS-1191,CS1191,N,N,NULL,NULL,NULL,N,NULL,NULL,NULL,NULL,NULL,NULL,0.046,NULL,NULL,NULL,NULL,,NULL,2,0,2,2,N,N,25,NULL,98,9801,NULL,,Y,37.5037,37,30.222,NULL,-82.53291,82,31.975,NULL,N,NULL,NULL,NULL,NULL,NULL,NULL,NULL,NULL,1,3,3,6,1,5,3,2,1,3,Y,NULL,Y,Y,1110,1116,1118,N,NULL,55,,,N,,N,N,098-CS-1191-0,NULL,NULL,2021,C,7.26618E+11,098-CS-1191  -000,HIGH,098-CS-1191  -000,0.046,0,0,1,0,0,0,1,0,0,0,0,0,0
72693944,KSP0900,21-456823,20211107,1033,,,US460,,,US0460,US0460,0,098 US-460,US0460,N,N,NULL,NULL,NULL,N,NULL,NULL,NULL,NULL,NULL,NULL,4.517,NULL,NULL,NULL,NULL,,NULL,3,0,1,1,N,N,55,NULL,98,9832,NULL,,Y,37.41654,37,24.992,NULL,-82.45368,82,27.221,NULL,N,NULL,NULL,NULL,NULL,NULL,NULL,NULL,NULL,9,5,2,6,1,1,2,2,6,3,N,NULL,Y,Y,1033,1033,1120,N,NULL,51,,1,N,,N,N,098-US-0460-0,NULL,NULL,2021,C,7.26939E+11,098-US-0460  -000,HIGH,098-US-0460  -000,4.517,0,0,0,0,0,0,1,0,0,0,0,1,0
72686999,KSP0900,21-436782,20211023,1511,,,US23,,,US0023,US0023,0,098 US-23-10,US0023,Y,N,NULL,NULL,NULL,N,NULL,NULL,NULL,NULL,NULL,NULL,19.363,NULL,NULL,NULL,NULL,,NULL,0,0,2,1,N,N,5,NULL,98,9801,NULL,,Y,37.44546,37,26.728,NULL,-82.50478,82,30.287,NULL,N,NULL,NULL,NULL,NULL,NULL,NULL,NULL,NULL,2,97,1,6,1,1,2,2,7,3,N,NULL,Y,N,1511,1535,1535,N,NULL,90,,1,N,,N,N,098-US-0023-10,NULL,NULL,2021,O,7.2687E+11,098-US-0023  -010,HIGH,098-US-0023  -000,19.363,0,0,0,0,0,0,1,0,0,0,0,0,0
72679146,980100,2.021E+11,20211005,500,,,US23,,,US0023,US0023,0,098 US-23,US0023,N,N,NULL,NULL,NULL,N,NULL,NULL,NULL,NULL,NULL,NULL,32.79,NULL,NULL,NULL,NULL,,NULL,0,0,1,1,N,N,55,NULL,98,9801,NULL,,Y,37.53168,37,31.901,NULL,-82.61981,82,37.189,NULL,N,NULL,NULL,NULL,NULL,NULL,NULL,NULL,NULL,9,3,4,6,1,1,2,4,7,3,N,NULL,Y,N,630,1030,505,N,NULL,38,,1,N,,N,N,098-US-0023-0,NULL,NULL,2021,O,7.26791E+11,098-US-0023  -000,HIGH,098-US-0023  -000,32.79,0,0,0,1,0,0,0,0,0,0,0,0,0
72686858,KSP0900,21-419920,20211011,1516,,,DOUGLAS,,PARK,,,0,098 CR-1704,CR1704,Y,N,NULL,NULL,NULL,N,NULL,NULL,NULL,NULL,NULL,NULL,0.063,NULL,NULL,NULL,NULL,,NULL,0,0,2,1,N,N,NULL,NULL,98,9801,NULL,,Y,37.37945,37,22.767,NULL,-82.53949,82,32.369,NULL,N,NULL,NULL,NULL,NULL,NULL,NULL,NULL,NULL,2,97,2,6,3,1,2,2,4,3,N,NULL,Y,N,1516,1528,1516,N,NULL,90,,,N,,N,N,098-CR-1704-0,NULL,NULL,2021,O,7.26869E+11,098-CR-1704  -000,HIGH,098-CR-1704  -000,0.063,0,0,1,0,0,0,1,0,0,0,0,0,0
72758458,KSP0900,22-165593,20220505,1540,,591,LEFT FORK LONG,,FRK,,,0,098 CR-1765,CR1765,N,N,NULL,NULL,NULL,N,NULL,NULL,NULL,NULL,NULL,NULL,0.705,NULL,NULL,NULL,NULL,,NULL,0,0,2,2,N,N,35,NULL,98,9827,NULL,,Y,37.25011,37,15.007,NULL,-82.68861,82,41.317,NULL,N,NULL,NULL,NULL,NULL,NULL,NULL,NULL,NULL,7,3,2,6,1,1,2,2,7,3,N,NULL,Y,N,1542,1604,1622,N,NULL,54,,,N,,N,N,098-CR-1765-0,NULL,NULL,2022,O,7.27585E+11,098-CR-1765  -000,HIGH,098-CR-1765  -000,0.705,0,0,0,1,0,0,0,0,0,0,0,1,0
72677003,980100,2.021E+11,20210929,1257,,,US23,,,US0023,US0023,0,098 US-23-10,US0023,N,N,NULL,NULL,NULL,N,NULL,NULL,NULL,NULL,NULL,NULL,23.058,NULL,NULL,NULL,NULL,,NULL,0,0,2,2,N,N,55,NULL,98,9801,NULL,,Y,37.46584,37,27.95,NULL,-82.52805,82,31.683,NULL,N,NULL,NULL,NULL,NULL,NULL,NULL,NULL,NULL,1,3,4,6,1,1,2,2,7,3,N,NULL,Y,N,1258,1301,1334,N,NULL,55,,1,N,,N,N,098-US-0023-10,NULL,NULL,2021,O,7.2677E+11,098-US-0023  -010,HIGH,098-US-0023  -000,23.058,0,0,0,1,0,0,1,0,0,0,0,0,0
72687783,980100,2.021E+11,20211025,1515,,393,HAMBLEY,,BLVD,,,0,098 CS-1222,CS1222,N,N,NULL,NULL,NULL,N,NULL,NULL,NULL,NULL,NULL,NULL,1.506,NULL,NULL,NULL,NULL,,NULL,0,0,2,2,N,N,35,NULL,98,9801,NULL,,Y,37.48309,37,28.985,NULL,-82.53049,82,31.83,NULL,N,NULL,NULL,NULL,NULL,NULL,NULL,NULL,NULL,5,3,2,6,1,5,3,2,6,3,N,NULL,Y,N,1515,1520,1536,N,NULL,49,,,N,,N,N,098-CS-1222-0,NULL,NULL,2021,O,7.26878E+11,098-CS-1222  -000,HIGH,098-CS-1222  -000,1.506,0,0,1,0,0,0,1,0,0,0,0,0,0
72688435,980000,21-10-006,20211025,1745,,,KY194,,,KY0194,KY0194,0,098 KY-194,KY0194,N,N,NULL,NULL,NULL,N,NULL,NULL,NULL,NULL,NULL,NULL,57.022,NULL,NULL,NULL,NULL,,NULL,0,0,2,2,N,N,45,NULL,98,9804,3,S,N,37.53156,37,31.894,NULL,-82.16245,82,9.747,NULL,N,NULL,NULL,NULL,NULL,NULL,NULL,NULL,NULL,7,3,2,3,1,5,3,2,7,3,N,NULL,Y,Y,1755,1859,1859,N,NULL,54,7,0,Y,,N,N,098-KY-0194-0,NULL,NULL,2021,O,7.26884E+11,098-KY-0194  -000,HIGH,098-KY-0194  -000,57.022,0,0,0,0,0,0,0,0,0,0,0,1,0
72785466,980200,980200,20220721,1214,,145,KY197,,,KY0197,KY0197,0,098 KY-197,KY0197,N,N,NULL,NULL,NULL,N,NULL,NULL,NULL,NULL,NULL,NULL,16.556,NULL,NULL,NULL,NULL,,NULL,0,0,2,2,N,N,35,NULL,98,9802,NULL,,Y,37.30315,37,18.189,NULL,-82.35188,82,21.113,NULL,N,NULL,NULL,NULL,NULL,NULL,NULL,NULL,NULL,5,3,2,6,1,1,2,2,7,3,N,NULL,N,Y,1213,1214,,N,NULL,49,7,0,Y,,N,N,098-KY-0197-0,NULL,NULL,2022,O,7.27855E+11,098-KY-0197  -000,HIGH,098-KY-0197  -000,16.556,0,0,0,0,0,0,0,0,0,0,0,0,0
72758020,980100,2.022E+11,20220504,1743,,,CASSIDY,,BLVD,,,0,098 CS-1191,CS1191,N,N,NULL,NULL,NULL,N,NULL,NULL,NULL,NULL,NULL,NULL,0.285,NULL,NULL,NULL,NULL,,NULL,0,0,2,2,N,N,25,NULL,98,9801,NULL,,Y,37.50499,37,30.3,NULL,-82.53653,82,32.192,NULL,N,NULL,NULL,NULL,NULL,NULL,NULL,NULL,NULL,8,3,3,6,1,1,2,2,1,3,N,NULL,Y,N,1743,1744,,N,NULL,53,,,N,,N,N,098-CS-1191-0,NULL,NULL,2022,O,7.2758E+11,098-CS-1191  -000,HIGH,098-CS-1191  -000,0.285,0,0,0,0,0,0,0,0,0,0,0,1,0
72707645,980100,2.021E+11,20211210,1705,,,US23,,,US0023,US0023,0,098 US-23,US0023,N,N,NULL,NULL,NULL,N,NULL,NULL,NULL,NULL,NULL,NULL,26.274,NULL,NULL,NULL,NULL,,NULL,0,0,2,2,N,N,55,NULL,98,9801,NULL,,Y,37.50353,37,30.212,NULL,-82.53213,82,31.928,NULL,N,NULL,NULL,NULL,NULL,NULL,NULL,NULL,NULL,5,3,4,6,1,5,3,2,1,3,N,NULL,Y,N,1705,1713,1808,N,NULL,49,,1,N,,Y,N,098-US-0023-0,NULL,NULL,2021,O,7.27076E+11,098-US-0023  -000,HIGH,098-US-0023  -000,26.274,0,0,1,0,0,0,0,0,0,0,0,0,0
72775993,980100,2.022E+12,20220623,1552,,,BAIRD,,AVE,KY1426,KY1426,0,098 KY-1426,KY1426,Y,N,NULL,NULL,NULL,N,NULL,NULL,NULL,NULL,NULL,NULL,5.406,NULL,NULL,NULL,NULL,,NULL,0,0,2,2,N,N,NULL,NULL,98,9801,NULL,,Y,37.47312,37,28.387,NULL,-82.52706,82,31.624,NULL,N,NULL,NULL,NULL,NULL,NULL,NULL,NULL,NULL,5,97,2,6,1,1,2,2,1,3,N,NULL,Y,N,1552,1557,1652,N,NULL,90,,0,Y,,N,N,098-KY-1426-0,NULL,NULL,2022,O,7.2776E+11,098-KY-1426  -000,HIGH,098-KY-1426  -000,5.406,0,0,0,1,0,0,1,0,0,0,0,0,0
72691350,KSP0900,21-443606,20211028,1320,,,TOLER,,RD,KY0319,KY0319,0,098 KY-319,KY0319,N,N,NULL,NULL,NULL,N,NULL,NULL,NULL,NULL,NULL,NULL,1.144,NULL,NULL,NULL,NULL,,NULL,0,0,1,1,N,N,55,NULL,98,9842,NULL,,Y,37.58643,37,35.186,NULL,-82.1973,82,11.838,NULL,N,NULL,NULL,NULL,NULL,NULL,NULL,NULL,NULL,9,3,2,1,1,5,6,2,7,3,N,NULL,N,N,1520,1540,1550,N,NULL,44,7,0,N,,N,N,098-KY-0319-0,NULL,NULL,2021,O,7.26914E+11,098-KY-0319  -000,HIGH,098-KY-0319  -000,1.144,0,0,1,0,0,0,0,0,0,0,0,1,0
72699460,980100,2.021E+11,20211119,1532,,,KY1426,,,KY1426,KY1426,0,098 KY-1426,KY1426,N,N,NULL,NULL,NULL,N,NULL,NULL,NULL,NULL,NULL,NULL,7.208,NULL,NULL,NULL,NULL,,NULL,0,0,2,2,N,N,35,NULL,98,9801,NULL,,Y,37.48893,37,29.336,NULL,-82.50521,82,30.313,NULL,N,NULL,NULL,NULL,NULL,NULL,NULL,NULL,NULL,5,3,2,6,1,1,2,2,1,3,N,NULL,Y,N,1534,1537,,N,NULL,49,,0,N,,N,N,098-KY-1426-0,NULL,NULL,2021,O,7.26995E+11,098-KY-1426  -000,HIGH,098-KY-1426  -000,7.208,0,0,1,0,0,0,1,1,0,0,0,0,0
72699595,KSP0900,21-475856,20211121,815,,,WILLIAMSON,,RD,KY0292,KY0292,0,098 KY-292,KY0292,N,N,NULL,NULL,NULL,N,NULL,NULL,NULL,NULL,NULL,NULL,9.035,NULL,NULL,NULL,NULL,,NULL,0,0,1,1,N,N,45,NULL,98,9834,NULL,,Y,37.70013,37,42.008,NULL,-82.29823,82,17.894,NULL,N,NULL,NULL,NULL,NULL,NULL,NULL,NULL,NULL,9,3,2,6,1,1,2,1,7,3,N,NULL,Y,N,815,916,916,N,NULL,38,7,0,N,,N,N,098-KY-0292-0,NULL,NULL,2021,O,7.26996E+11,098-KY-0292  -000,HIGH,098-KY-0292  -000,9.035,0,0,0,0,0,0,0,0,0,0,0,0,0
72696649,KSP0900,21-460682,20211110,804,,,US23,,,US0023,US0023,0,098 US-23,US0023,N,N,NULL,NULL,NULL,N,NULL,NULL,NULL,NULL,NULL,NULL,18.161,NULL,NULL,NULL,NULL,,NULL,0,0,2,2,N,N,55,NULL,98,9801,NULL,,Y,37.43122,37,25.873,NULL,-82.51465,82,30.879,NULL,N,NULL,NULL,NULL,NULL,NULL,NULL,NULL,NULL,5,3,4,6,1,1,2,2,7,3,N,NULL,Y,N,804,850,804,N,NULL,49,,1,N,,N,N,098-US-0023-0,NULL,NULL,2021,O,7.26966E+11,098-US-0023  -000,HIGH,098-US-0023  -000,18.161,0,0,0,0,0,0,0,1,0,0,0,0,0
72700449,980100,2.021E+11,20211116,1300,,,HAROLDS BRANCH,,RD,,,0,098 CS-1223,CS1223,N,N,NULL,NULL,NULL,N,NULL,NULL,NULL,NULL,NULL,NULL,0.58,NULL,NULL,NULL,NULL,,NULL,0,0,1,1,N,N,15,NULL,98,9801,NULL,,Y,37.46941,37,28.165,NULL,-82.51424,82,30.854,NULL,N,NULL,NULL,NULL,NULL,NULL,NULL,NULL,NULL,9,5,1,6,1,1,2,2,6,3,N,NULL,Y,Y,1300,1304,1323,Y,NULL,40,,,N,,N,N,098-CS-1223-0,NULL,NULL,2021,O,7.27004E+11,098-CS-1223  -000,HIGH,098-CS-1223  -000,0.58,0,0,0,0,0,0,1,0,0,0,0,1,0
72699895,980100,2.021E+11,20211107,131,,,HAMBLEY,,BLVD,,,0,098 CS-1222,CS1222,Y,N,NULL,NULL,NULL,N,NULL,NULL,NULL,NULL,NULL,NULL,0.343,NULL,NULL,NULL,NULL,,NULL,0,0,2,2,N,N,15,NULL,98,9801,NULL,,Y,37.47667,37,28.6,NULL,-82.52219,82,31.332,NULL,N,NULL,NULL,NULL,NULL,NULL,NULL,NULL,NULL,8,97,1,6,1,1,2,4,5,3,N,NULL,N,N,131,133,,N,NULL,90,,,Y,,N,N,098-CS-1222-0,NULL,NULL,2021,O,7.26999E+11,098-CS-1222  -000,HIGH,098-CS-1222  -000,0.343,0,0,0,0,0,0,0,0,0,0,0,0,0
72741114,KSP0900,22-95581,20220316,958,,,ROCKY,,RD,,,0,098 CR-1212,CR1212,N,N,NULL,NULL,NULL,N,NULL,NULL,NULL,NULL,NULL,NULL,0.736,NULL,NULL,NULL,NULL,,NULL,0,0,2,2,N,N,35,NULL,98,9801,4,SE,N,37.40917,37,24.55,NULL,-82.4267,82,25.602,NULL,N,NULL,NULL,NULL,NULL,NULL,NULL,NULL,NULL,1,3,2,6,1,1,3,2,7,3,N,NULL,Y,N,958,1024,1050,Y,NULL,47,,,N,,N,N,098-CR-1212-0,NULL,NULL,2022,O,7.27411E+11,098-CR-1212  -000,HIGH,098-CR-1212  -000,0.736,0,0,0,1,0,0,0,0,0,0,0,1,0
72776863,370200,2022-228394,20220617,1530,,,VIRGIE,,RD,KY0610,KY0610,0,098 KY-610,KY0610,N,N,NULL,NULL,NULL,N,NULL,NULL,NULL,NULL,NULL,NULL,5.771,NULL,NULL,NULL,NULL,,NULL,0,0,1,1,N,N,55,NULL,98,9816,NULL,,Y,37.31911,37,19.147,NULL,-82.58402,82,35.041,NULL,N,NULL,NULL,NULL,NULL,NULL,NULL,NULL,NULL,9,5,2,4,1,5,6,2,7,3,N,NULL,Y,N,1532,1628,1628,Y,NULL,44,7,0,N,,N,N,098-KY-0610-0,NULL,NULL,2022,O,7.27769E+11,098-KY-0610  -000,HIGH,098-KY-0610  -000,5.771,0,1,0,0,0,0,0,0,0,0,0,1,0
72773163,KSP0900,22-223236,20220614,1050,,,US119,,,US0119,US0119,0,098 US-119,US0119,N,N,NULL,NULL,NULL,N,NULL,NULL,NULL,NULL,NULL,NULL,6.709,NULL,NULL,NULL,NULL,,NULL,0,0,2,2,N,N,55,NULL,98,9820,NULL,,Y,37.54695,37,32.817,NULL,-82.44123,82,26.474,NULL,N,NULL,NULL,NULL,NULL,NULL,NULL,NULL,NULL,5,3,2,1,1,1,2,2,7,3,N,NULL,Y,N,1055,1115,1050,N,NULL,40,2,1,N,,N,N,098-US-0119-0,NULL,NULL,2022,O,7.27732E+11,098-US-0119  -000,HIGH,098-US-0119  -000,6.709,0,0,0,0,0,0,1,0,0,0,0,1,0
72727433,980100,2.022E+11,20220203,2004,,,US23,,,US0023,US0023,0,098 US-23,US0023,N,N,NULL,NULL,NULL,N,NULL,NULL,NULL,NULL,NULL,NULL,24.815,NULL,NULL,NULL,NULL,,NULL,0,0,2,2,N,N,55,NULL,98,9801,NULL,,Y,37.48602,37,29.161,NULL,-82.54214,82,32.529,NULL,N,NULL,NULL,NULL,NULL,NULL,NULL,NULL,NULL,8,3,4,6,1,5,6,6,7,3,N,NULL,Y,N,2004,2004,2004,N,NULL,53,,1,Y,,N,N,098-US-0023-0,NULL,NULL,2022,O,7.27274E+11,098-US-0023  -000,HIGH,098-US-0023  -000,24.815,0,0,0,0,0,0,1,0,0,0,0,1,0
72706751,980100,2.021E+11,20211207,1408,,,KY1460,,,KY1460,KY1460,0,098 KY-1460,KY1460,N,N,NULL,NULL,NULL,N,NULL,NULL,NULL,NULL,NULL,NULL,6.869,NULL,NULL,NULL,NULL,,NULL,0,0,2,2,N,N,25,NULL,98,9801,NULL,,Y,37.48409,37,29.045,NULL,-82.5428,82,32.568,NULL,N,NULL,NULL,NULL,NULL,NULL,NULL,NULL,NULL,5,3,2,6,97,5,3,2,6,3,N,NULL,Y,N,1408,1411,,N,NULL,49,16,0,Y,,N,N,098-KY-1460-0,NULL,NULL,2021,O,7.27068E+11,098-KY-1460  -000,HIGH,098-KY-1460  -000,6.869,0,0,0,0,0,0,1,0,0,0,0,0,0
72695606,KSP0900,21-462964,20211111,1824,,,US119,,,US0119,US0119,0,098 US-119-10,US0119,N,N,NULL,NULL,NULL,N,NULL,NULL,NULL,NULL,NULL,NULL,20.957,NULL,NULL,NULL,NULL,,NULL,0,0,2,2,N,N,35,NULL,98,9836,NULL,,Y,37.62102,37,37.261,NULL,-82.2685,82,16.11,NULL,N,NULL,NULL,NULL,NULL,NULL,NULL,NULL,NULL,1,3,2,6,1,1,2,5,8,1,N,NULL,Y,N,1824,1830,1854,N,NULL,55,2,1,N,,N,N,098-US-0119-10,NULL,NULL,2021,O,7.26956E+11,098-US-0119  -010,HIGH,098-US-0119  -000,20.957,0,0,0,0,0,0,1,0,0,0,0,0,0
72640394,980100,2.021E+11,20210625,36,,,CASSIDY,,BLVD,,,,,,Y,N,NULL,NULL,NULL,N,NULL,NULL,NULL,NULL,NULL,NULL,0.121,NULL,NULL,NULL,NULL,,NULL,0,0,2,2,N,N,10,NULL,98,9801,NULL,,Y,37.5036,37,30.216,NULL,-82.53405,82,32.043,NULL,N,NULL,NULL,NULL,NULL,NULL,NULL,NULL,NULL,2,97,2,6,1,1,2,5,1,1,N,NULL,Y,N,36,48,102,N,NULL,90,,,N,,N,N,,NULL,NULL,2021,O,7.26404E+11,098-CS-1259  -000,LOW,098-CS-1259  -000,0.121,0,0,1,0,0,0,1,0,0,0,0,0,0
72701262,980100,2.021E+11,20211123,1448,,,CASSIDY,,BLVD,,,0,098 CS-1191,CS1191,Y,Y,THOMPSON,,RD,N,NULL,NULL,NULL,NULL,NULL,NULL,0.449,NULL,NULL,NULL,NULL,,NULL,0,0,2,2,N,N,NULL,NULL,98,9801,NULL,,Y,37.50418,37,30.251,NULL,-82.53905,82,32.343,NULL,N,NULL,NULL,NULL,NULL,NULL,NULL,NULL,NULL,6,97,NULL,6,1,1,2,2,1,3,N,NULL,Y,N,1448,1505,,N,NULL,90,,,N,,N,N,098-CS-1191-0,NULL,NULL,2021,O,7.27013E+11,098-CS-1191  -000,HIGH,098-CS-1191  -000,0.449,0,0,0,0,0,0,1,0,0,0,1,0,0
72792959,KSP0900,22-302822,20220806,1419,,,ELKHORN,,CRK,KY0197,KY0197,0,098 KY-197,KY0197,N,N,NULL,NULL,NULL,N,NULL,NULL,NULL,NULL,NULL,NULL,6.833,NULL,NULL,NULL,NULL,,NULL,1,0,1,1,N,N,35,NULL,98,9864,NULL,,Y,37.25608,37,15.365,NULL,-82.47644,82,28.586,NULL,N,NULL,NULL,NULL,NULL,NULL,NULL,NULL,NULL,9,3,2,3,1,1,2,2,7,3,N,NULL,N,Y,1419,1438,1438,N,NULL,44,7,0,N,,N,N,098-KY-0197-0,NULL,NULL,2022,C,7.2793E+11,098-KY-0197  -000,HIGH,098-KY-0197  -000,6.833,0,0,0,0,0,0,1,0,0,0,0,1,0
72725729,980000,22-01-005,20220127,1850,,,US23,,,US0023,US0023,0,098 US-23-10,US0023,N,N,NULL,NULL,NULL,N,NULL,NULL,NULL,NULL,NULL,NULL,2.32,NULL,NULL,NULL,NULL,,NULL,0,0,1,1,N,N,55,NULL,98,9809,2,S,N,37.27019,37,16.211,NULL,-82.60938,82,36.562,NULL,N,NULL,NULL,NULL,NULL,NULL,NULL,NULL,NULL,9,3,4,4,1,1,2,6,7,3,N,NULL,Y,Y,1904,1926,1926,N,NULL,38,,1,N,,N,N,098-US-0023-10,NULL,NULL,2022,O,7.27257E+11,098-US-0023  -010,HIGH,098-US-0023  -000,2.32,0,0,0,0,0,0,0,0,0,0,0,0,0
72709187,980100,2.021E+11,20211212,2231,,,US23,,,US0023,US0023,,,,N,N,NULL,NULL,NULL,N,NULL,NULL,NULL,NULL,NULL,NULL,27.375,NULL,NULL,NULL,NULL,,NULL,2,0,2,2,N,N,55,NULL,98,9801,NULL,,Y,37.51085,37,30.651,NULL,-82.54896,82,32.937,NULL,N,NULL,NULL,NULL,NULL,NULL,NULL,NULL,NULL,5,3,4,6,1,1,2,5,1,3,N,NULL,Y,Y,2231,2236,2339,N,NULL,49,,1,N,,N,N,,NULL,NULL,2021,C,7.27092E+11,098-US-0023  -010,MEDIUM,098-US-0023  -000,27.375,0,0,0,0,0,0,0,0,0,0,0,1,0
72715849,980100,2.021E+11,20211231,1552,,,CASSIDY,,BLVD,,,0,098 CS-1191,CS1191,Y,N,NULL,NULL,NULL,N,NULL,NULL,NULL,NULL,NULL,NULL,0.338,NULL,NULL,NULL,NULL,,NULL,0,0,2,2,N,N,NULL,NULL,98,9801,NULL,,Y,37.50523,37,30.314,NULL,-82.53764,82,32.258,NULL,N,NULL,NULL,NULL,NULL,NULL,NULL,NULL,NULL,2,97,NULL,6,1,1,2,2,1,3,N,NULL,Y,N,1552,1601,,N,NULL,90,,,Y,,N,N,098-CS-1191-0,NULL,NULL,2021,O,7.27158E+11,098-CS-1191  -000,HIGH,098-CS-1191  -000,0.338,0,0,0,0,0,0,0,0,0,0,0,0,0
72716510,980100,2.021E+11,20211231,1449,,244,CASSIDY,,BLVD,,,0,098 CS-1191,CS1191,Y,N,NULL,NULL,NULL,N,NULL,NULL,NULL,NULL,NULL,NULL,0.052,NULL,NULL,NULL,NULL,,NULL,0,0,2,2,N,N,NULL,NULL,98,9801,NULL,,Y,37.50368,37,30.221,NULL,-82.533,82,31.98,NULL,N,NULL,NULL,NULL,NULL,NULL,NULL,NULL,NULL,2,97,1,6,1,1,3,2,1,3,N,NULL,Y,N,1449,1459,1459,N,NULL,90,,,N,,N,N,098-CS-1191-0,NULL,NULL,2021,O,7.27165E+11,098-CS-1191  -000,HIGH,098-CS-1191  -000,0.052,0,0,1,1,0,0,0,0,0,0,0,0,0
72692778,980100,2.021E+11,20211104,1751,,116,LEE,,AVE,,,,,,Y,N,NULL,NULL,NULL,N,NULL,NULL,NULL,NULL,NULL,NULL,NULL,NULL,NULL,NULL,NULL,,NULL,0,0,2,2,N,N,NULL,NULL,98,9801,NULL,,Y,37.5028,37,30.168,NULL,-82.53493,82,32.096,NULL,N,NULL,NULL,NULL,NULL,NULL,NULL,NULL,NULL,2,97,NULL,6,1,1,3,2,1,3,N,NULL,Y,N,1751,1752,,N,NULL,90,,,N,,N,N,,NULL,NULL,2021,O,7.26928E+11,098-CS-1261  -000,MEDIUM,098-CS-1261  -000,0.024,0,0,0,0,0,0,0,0,0,0,0,0,0
72711938,980100,2.021E+11,20211220,921,,,MAYO,S,TRL,US0460,US0460,0,098 US-460,US0460,N,N,NULL,NULL,NULL,N,NULL,NULL,NULL,NULL,NULL,NULL,0.372,NULL,NULL,NULL,NULL,,NULL,0,0,1,1,N,N,35,NULL,98,9801,NULL,,Y,37.43757,37,26.254,NULL,-82.51109,82,30.666,NULL,N,NULL,NULL,NULL,NULL,NULL,NULL,NULL,NULL,9,5,2,6,1,1,2,2,1,3,N,NULL,Y,Y,921,928,928,Y,NULL,40,,1,N,,N,N,098-US-0460-0,NULL,NULL,2021,O,7.27119E+11,098-US-0460  -000,HIGH,098-US-0460  -000,0.372,0,0,1,0,0,0,0,0,0,0,0,1,0
72679039,980100,2.021E+11,20211001,948,,,ELM,N,ST,,,0,098 CS-1169,CS1169,N,N,NULL,NULL,NULL,N,NULL,NULL,NULL,NULL,NULL,NULL,0.004,NULL,NULL,NULL,NULL,,NULL,0,0,2,2,N,N,15,NULL,98,9801,NULL,,Y,37.47709,37,28.625,NULL,-82.5218,82,31.308,NULL,N,NULL,NULL,NULL,NULL,NULL,NULL,NULL,NULL,5,3,2,4,1,1,2,2,7,3,N,NULL,Y,N,950,953,1002,N,NULL,49,,,N,,N,N,098-CS-1169-0,NULL,NULL,2021,O,7.2679E+11,098-CS-1169  -000,HIGH,098-CS-1169  -000,0.004,0,0,1,1,0,0,0,0,0,0,0,0,0
72666191,KSP0900,21-355471,20210826,1045,,,KY195,,,KY0195,KY0195,0,098 KY-195,KY0195,N,N,NULL,NULL,NULL,N,NULL,NULL,NULL,NULL,NULL,NULL,10.862,NULL,NULL,NULL,NULL,,NULL,0,0,2,2,N,N,55,NULL,98,9802,NULL,,Y,37.3597,37,21.582,NULL,-82.41712,82,25.027,NULL,N,NULL,NULL,NULL,NULL,NULL,NULL,NULL,NULL,1,3,2,6,1,1,2,2,7,3,N,NULL,Y,N,1045,1100,1130,N,NULL,55,7,0,N,,N,N,098-KY-0195-0,NULL,NULL,2021,O,7.26662E+11,098-KY-0195  -000,HIGH,098-KY-0195  -000,10.862,0,1,0,0,0,0,0,0,0,0,0,0,0