MasterFile,AgencyORINumber,LocalCode,CollisionDate,CollisionTime,CollisionDayWeekCode,RoadwayName_HouseBusinessNumber_,RoadwayName_RoadwayName_,RoadwayName_Direction_,RoadwayName_RoadwaySuffix_,RoadwayfromReport,CurrentRoadwayNumber,RoadwayNumberCoupletID,RSEUniqueGIS,RoadwayIdentifier,ParkingLotIndicator,IntersectionWith_Indicator_,IntersectionWith_NameRoadway_,IntersectionWith_Direction_,IntersectionWith_RoadwaySuffix_,BetweenStreets_Indicator_,BetweenStreets1_NameRoadway_,BetweenStreet1_Direction_,BetweenStreets1_RoadwaySuffix_,BetweenStreets2_NameRoadway_,BetweenStreets2_Direction_,BetweenStreets2_RoadwaySuffix_,Milepoint,ReportMilepointDeriveNumber,CurrentDerivedMiepointNumber,MilestoMilepoint,FeettoMilepoint,DirectionfromMilepoint_NSEW_,ValidMilepointIndicator,NumberInjured,NumberKilled,ofUnits,ofMotorVehicleUnits,Hit&RunIndicator,OneWayIndicator,SpeedLimitNumber,KilometersIndicator,CountyCode,CityCountyCode,MilesFromCity,DirectionFromCity_NSEW_,InCityLimitsIndicator,Latitude,LatitudeDegrees,LatitudeMinutes,LatitudeSeconds,Longitude,LongitudeDegrees,LongitudeMinutes,LongitudeSeconds,RampIndicator,RampFromIdentifier,RampFromDirCode,RampFromCoupletID,RSEUniqueGISRampFrom,RampToidentifier,RampToDirCode,RampToCoupletID,RSEUniqueGisRampTo,MannerofCollisionCode,LocationFirstEventCode,TotalLanes,RoadwayCharacterCode,RoadwaySurfaceCode,RoadwayConditionCode,WeatherCode,LightConditionCode,LandUseCode,SchoolBusRelatedCode,FirstAidSceneIndicator,CollDescPresentInd,InvestigationCompleteIndicator,PhotosTakenIndicator,TimeNotified,TimeArrived,TimeRoadwayOpened,PropertyDamageIndicator,DiagramPresentIndicator,DirectionalAnalysis,FunctionClassCode,NationalHwySysCode,EnforcementsIndicator,KARSCityCode,SecondaryCollisionIndicator,MedianCrossoverIndicator,RT_UNIQUE,MapIt,TimeLastLeft,YR,KABCO,MFNY,WorkingRID,RT_CONFIDENCE,KTC_RT,KTC_MP,Motorcyclist,CommercialVehicle,YoungDriver,MatureDriver,pedestrian,Bicyclist,Distracted,agressive,Impaired,Unrestrained,Intersection,RoadwayDeparture,MedXover
72700453,370200,2021-470261,20211117,732,,,US 23 SOUTH,,,,,,,,N,N,NULL,NULL,NULL,N,NULL,NULL,NULL,NULL,NULL,NULL,NULL,NULL,NULL,NULL,NULL,NULL,NULL,0,0,2,2,N,N,55,NULL,98,9801,NULL,,Y,37.53652,37,32.191,NULL,-82.59937,82,35.962,NULL,N,NULL,NULL,NULL,NULL,NULL,NULL,NULL,NULL,8,3,4,6,1,1,2,2,7,3,N,NULL,Y,N,732,745,745,N,NULL,53,,,N,,N,N,,NULL,NULL,2021,O,7.27005E+11,098-US-0023  -010,MEDIUM,098-US-0023  -000,31.478,0,0,0,0,0,0,1,0,0,0,0,1,0
72655860,980100,2.021E+11,20210728,2052,,130,JUSTICE,,WAY,,,,,,Y,N,NULL,NULL,NULL,N,NULL,NULL,NULL,NULL,NULL,NULL,NULL,NULL,NULL,NULL,NULL,NULL,NULL,0,0,2,2,Y,N,15,NULL,98,9801,NULL,,Y,37.50671,37,30.403,NULL,-82.53947,82,32.368,NULL,N,NULL,NULL,NULL,NULL,NULL,NULL,NULL,NULL,2,97,NULL,6,1,1,2,5,1,3,N,NULL,Y,N,2052,2100,,N,NULL,90,,,N,,N,N,,NULL,NULL,2021,O,7.26559E+11,098-CS-1215  -000,MEDIUM,098-CS-1215  -000,0.692,0,0,0,0,0,0,0,0,0,1,0,0,0
72693246,980100,2.021E+11,20211105,1859,,,HAMBLEY,,BLVD,,,0,098 CS-1222,CS1222,N,N,NULL,NULL,NULL,N,NULL,NULL,NULL,NULL,NULL,NULL,1.675,NULL,NULL,NULL,NULL,,NULL,0,0,1,1,N,N,45,NULL,98,9801,NULL,,Y,37.48196,37,28.917,NULL,-82.53267,82,31.96,NULL,N,NULL,NULL,NULL,NULL,NULL,NULL,NULL,NULL,9,3,2,6,1,1,2,5,6,3,N,NULL,Y,N,1859,1900,,N,NULL,38,,,N,,N,N,098-CS-1222-0,NULL,NULL,2021,O,7.26932E+11,098-CS-1222  -000,HIGH,098-CS-1222  -000,1.675,0,0,0,0,0,0,0,0,0,0,0,0,0
72696331,KSP0900,21-463119,20211111,2009,,,US119,,,US0119,US0119,0,098 US-119,US0119,N,N,NULL,NULL,NULL,N,NULL,NULL,NULL,NULL,NULL,NULL,9.625,NULL,NULL,NULL,NULL,,NULL,1,0,1,1,N,N,55,NULL,98,9820,NULL,,Y,37.57893,37,34.736,NULL,-82.41093,82,24.656,NULL,N,NULL,NULL,NULL,NULL,NULL,NULL,NULL,NULL,9,3,2,4,1,5,6,6,7,3,Y,NULL,Y,Y,2009,2104,2120,N,NULL,38,2,1,N,,N,N,098-US-0119-0,NULL,NULL,2021,C,7.26963E+11,098-US-0119  -000,HIGH,098-US-0119  -000,9.625,0,0,0,0,0,0,0,0,0,0,0,0,0
72697569,980500,2021AR046,20211116,1615,,,MAIN,,ST,,,0,098 CS-3000,CS3000,Y,N,NULL,NULL,NULL,N,NULL,NULL,NULL,NULL,NULL,NULL,NULL,NULL,NULL,NULL,NULL,NULL,NULL,0,0,2,2,N,N,NULL,NULL,98,9807,NULL,,Y,37.51906,37,31.144,NULL,-82.56673,82,34.004,NULL,N,NULL,NULL,NULL,NULL,NULL,NULL,NULL,NULL,8,97,NULL,5,1,1,2,2,1,3,N,NULL,Y,Y,1618,1619,1619,N,NULL,90,,,N,,N,N,098-CS-3000-0,NULL,NULL,2021,O,7.26976E+11,098-CS-3000  -000,HIGH,098-CS-3000  -000,0.482,0,0,0,0,0,0,1,0,0,0,0,0,0
72682495,KSP0900,21-422992,20211013,1759,,,COLLINS,,HWY,KY0122,KY0122,0,098 KY-122,KY0122,Y,N,NULL,NULL,NULL,N,NULL,NULL,NULL,NULL,NULL,NULL,10.664,NULL,NULL,NULL,NULL,,NULL,0,0,2,2,N,N,45,NULL,98,9801,NULL,,Y,37.38701,37,23.221,NULL,-82.53892,82,32.335,NULL,N,NULL,NULL,NULL,NULL,NULL,NULL,NULL,NULL,2,97,2,6,1,1,2,2,7,3,N,NULL,Y,N,1759,1812,1812,N,NULL,90,,0,N,,N,N,098-KY-0122-0,NULL,NULL,2021,O,7.26825E+11,098-KY-0122  -000,HIGH,098-KY-0122  -000,10.664,0,0,1,0,0,0,0,0,0,0,0,0,0
72697621,980100,2.021E+11,20211107,1629,,,LORAINE,,ST,,,,,,N,N,NULL,NULL,NULL,N,NULL,NULL,NULL,NULL,NULL,NULL,NULL,NULL,NULL,NULL,NULL,NULL,NULL,0,0,1,1,Y,N,35,NULL,98,9801,NULL,,Y,37.48379,37,29.027,NULL,-82.53488,82,32.093,NULL,N,NULL,NULL,NULL,NULL,NULL,NULL,NULL,NULL,9,3,NULL,6,1,1,2,2,6,3,N,NULL,Y,N,1629,1633,,N,NULL,40,,,N,,N,N,,NULL,NULL,2021,O,7.26976E+11,098-KY-1384  -000,MEDIUM,098-KY-1384  -000,7.536,0,0,0,0,0,0,0,0,0,0,0,1,0
72655703,980100,2.021E+11,20210708,1018,,,CHLOE,,RD,KY1460,KY1460,0,098 KY-1460,KY1460,N,N,NULL,NULL,NULL,N,NULL,NULL,NULL,NULL,NULL,NULL,2.74,NULL,NULL,NULL,NULL,,NULL,0,0,1,1,Y,N,45,NULL,98,9801,NULL,,Y,37.4689,37,28.134,NULL,-82.47841,82,28.704,NULL,N,NULL,NULL,NULL,NULL,NULL,NULL,NULL,NULL,9,,2,NULL,1,1,2,2,6,3,N,NULL,Y,N,1019,1025,1025,Y,NULL,44,,0,N,,N,N,098-KY-1460-0,NULL,NULL,2021,NULL,7.26557E+11,098-KY-1460  -000,HIGH,098-KY-1460  -000,2.74,0,0,0,0,0,0,0,0,0,0,0,1,0
72691731,980100,2.021E+11,20211103,709,,,US23,,,US0023,US0023,0,098 US-23,US0023,N,N,NULL,NULL,NULL,N,NULL,NULL,NULL,NULL,NULL,NULL,27.031,NULL,NULL,NULL,NULL,,NULL,0,0,1,1,N,N,55,NULL,98,9801,NULL,,Y,37.51051,37,30.631,NULL,-82.54179,82,32.507,NULL,N,NULL,NULL,NULL,NULL,NULL,NULL,NULL,NULL,9,3,4,6,1,1,2,6,7,2,N,NULL,Y,N,709,711,711,N,NULL,38,,1,N,,N,N,098-US-0023-0,NULL,NULL,2021,O,7.26917E+11,098-US-0023  -000,HIGH,098-US-0023  -000,27.031,0,0,1,0,0,0,0,0,0,0,0,0,0
72711419,KSP0900,21-515422,20211219,1654,,,CHLOE,,RD,KY1460,KY1460,0,098 KY-1460,KY1460,N,N,NULL,NULL,NULL,N,NULL,NULL,NULL,NULL,NULL,NULL,2.545,NULL,NULL,NULL,NULL,,NULL,0,0,1,1,N,N,45,NULL,98,9801,NULL,,Y,37.46624,37,27.974,NULL,-82.47868,82,28.721,NULL,N,NULL,NULL,NULL,NULL,NULL,NULL,NULL,NULL,9,3,2,4,1,1,3,2,7,3,N,NULL,Y,N,1654,1700,1730,N,NULL,44,,0,N,,N,N,098-KY-1460-0,NULL,NULL,2021,O,7.27114E+11,098-KY-1460  -000,HIGH,098-KY-1460  -000,2.545,0,0,0,0,0,0,1,0,0,0,0,1,0
72673892,KSP0900,21-393642,20210922,1440,,,KY194,,,KY0194,KY0194,0,098 KY-194,KY0194,N,N,NULL,NULL,NULL,N,NULL,NULL,NULL,NULL,NULL,NULL,19.771,NULL,NULL,NULL,NULL,,NULL,1,0,1,1,N,N,55,NULL,98,9817,NULL,,Y,37.55014,37,33.008,NULL,-82.40553,82,24.332,NULL,N,NULL,NULL,NULL,NULL,NULL,NULL,NULL,NULL,9,3,2,3,1,5,6,2,7,3,Y,NULL,N,N,1440,1450,1500,N,NULL,44,6,0,N,,N,N,098-KY-0194-0,NULL,NULL,2021,B,7.26739E+11,098-KY-0194  -000,HIGH,098-KY-0194  -000,19.771,0,0,0,1,0,0,0,0,0,0,0,1,0
72708388,980500,2021AR049,20211206,1118,,,US HWY 23 NORTH,,,,,,,,N,N,NULL,NULL,NULL,N,NULL,NULL,NULL,NULL,NULL,NULL,NULL,NULL,NULL,NULL,NULL,NULL,NULL,2,0,3,3,N,N,45,NULL,98,9807,NULL,,Y,37.52246,37,31.348,NULL,-82.57061,82,34.237,NULL,N,NULL,NULL,NULL,NULL,NULL,NULL,NULL,NULL,1,3,7,6,1,5,6,2,7,3,Y,NULL,Y,Y,1118,1120,1230,N,NULL,55,,,N,,N,N,,NULL,NULL,2021,C,7.27084E+11,098-US-0023  -000,MEDIUM,098-US-0023  -000,28.88,0,0,0,1,0,0,1,1,0,0,0,0,0
72738302,980100,2.022E+11,20220304,1421,,,CASSIDY,,BLVD,,,0,098 CS-1191,CS1191,N,N,NULL,NULL,NULL,N,NULL,NULL,NULL,NULL,NULL,NULL,0.007,NULL,NULL,NULL,NULL,,NULL,4,0,2,2,N,N,55,NULL,98,9801,NULL,,Y,37.50375,37,30.225,NULL,-82.53226,82,31.936,NULL,N,NULL,NULL,NULL,NULL,NULL,NULL,NULL,NULL,1,3,4,6,1,1,2,2,7,3,Y,NULL,Y,Y,1421,1424,1541,N,NULL,40,,,N,,N,N,098-CS-1191-0,NULL,NULL,2022,C,7.27383E+11,098-CS-1191  -000,HIGH,098-CS-1191  -000,0.007,0,0,0,0,0,0,1,0,0,0,0,1,0
72698283,980100,2.021E+11,20211112,1426,,252,CASSIDY,,BLVD,,,0,098 CS-1191,CS1191,Y,N,NULL,NULL,NULL,N,NULL,NULL,NULL,NULL,NULL,NULL,0.031,NULL,NULL,NULL,NULL,,NULL,0,0,2,2,Y,N,NULL,NULL,98,9801,NULL,,Y,37.50371,37,30.222,NULL,-82.53275,82,31.965,NULL,N,NULL,NULL,NULL,NULL,NULL,NULL,NULL,NULL,2,97,1,6,1,1,2,2,1,3,N,NULL,Y,N,1426,1438,1438,N,NULL,90,,,N,,N,N,098-CS-1191-0,NULL,NULL,2021,O,7.26983E+11,098-CS-1191  -000,HIGH,098-CS-1191  -000,0.031,0,0,0,0,0,0,0,0,0,0,0,0,0
72659719,980100,2.021E+11,20210725,1552,,,MAYO,S,TRL,US0023,US0023,0,098 US-23-10,US0023,N,N,NULL,NULL,NULL,N,NULL,NULL,NULL,NULL,NULL,NULL,19.804,NULL,NULL,NULL,NULL,,NULL,6,2,3,3,N,N,55,NULL,98,9801,NULL,,Y,37.44988,37,26.993,NULL,-82.50865,82,30.519,NULL,N,NULL,NULL,NULL,NULL,NULL,NULL,NULL,NULL,1,3,4,3,1,5,6,2,7,3,Y,NULL,Y,Y,1554,1558,1852,N,NULL,55,,1,N,,N,Y,098-US-0023-10,NULL,NULL,2021,K,7.26597E+11,098-US-0023  -010,HIGH,098-US-0023  -000,19.804,0,0,0,0,0,0,0,1,0,1,0,1,1
72675575,KSP0900,21-386481,20210917,1250,,,KY195,,,KY0195,KY0195,0,098 KY-195,KY0195,N,N,NULL,NULL,NULL,N,NULL,NULL,NULL,NULL,NULL,NULL,5.331,NULL,NULL,NULL,NULL,,NULL,0,0,1,1,N,N,35,NULL,98,9864,NULL,,Y,37.31357,37,18.814,NULL,-82.46785,82,28.071,NULL,N,NULL,NULL,NULL,NULL,NULL,NULL,NULL,NULL,9,97,2,6,1,1,2,2,7,3,N,NULL,Y,N,1250,1333,1250,N,NULL,44,8,0,N,,N,N,098-KY-0195-0,NULL,NULL,2021,O,7.26756E+11,098-KY-0195  -000,HIGH,098-KY-0195  -000,5.331,0,0,0,0,0,0,0,0,0,0,0,1,0
72749090,KSP0900,22-129280,20220410,1047,,,BOWENS,,RD,,,0,098 CR-1202Q3,CR1202Q3,N,N,NULL,NULL,NULL,N,NULL,NULL,NULL,NULL,NULL,NULL,0.214,NULL,NULL,NULL,NULL,,NULL,2,0,1,1,N,N,35,NULL,98,9835,NULL,,Y,37.27592,37,16.555,NULL,-82.48162,82,28.897,NULL,N,NULL,NULL,NULL,NULL,NULL,NULL,NULL,NULL,9,5,2,6,1,1,2,2,6,3,Y,NULL,Y,Y,1047,1103,1230,N,NULL,51,,,N,,N,N,098-CR-1202Q3-0,NULL,NULL,2022,A,7.27491E+11,098-CR-1202Q3-000,HIGH,098-CR-1202Q3-000,0.214,0,0,0,0,0,0,0,0,0,0,0,1,0
72672469,980100,2.021E+11,20210917,1647,,,BAIRD,,AVE,KY1426,KY1426,,,,Y,N,NULL,NULL,NULL,N,NULL,NULL,NULL,NULL,NULL,NULL,5.389,NULL,NULL,NULL,NULL,,NULL,0,0,2,2,N,N,NULL,NULL,98,9801,NULL,,Y,37.47321,37,28.393,NULL,-82.52728,82,31.637,NULL,N,NULL,NULL,NULL,NULL,NULL,NULL,NULL,NULL,2,97,2,5,1,1,2,2,1,3,N,NULL,Y,N,1648,1658,,N,NULL,90,,0,N,,N,N,,NULL,NULL,2021,O,7.26725E+11,098-KY-1426  -000,HIGH,098-KY-1426  -000,5.389,0,0,1,0,0,0,1,0,0,0,0,0,0
72667934,KSP0900,21-372148,20210907,630,,,US119,,,US0119,US0119,0,098 US-119,US0119,Y,N,NULL,NULL,NULL,N,NULL,NULL,NULL,NULL,NULL,NULL,20.817,NULL,NULL,NULL,NULL,,NULL,0,0,1,1,N,N,55,NULL,98,9836,NULL,,Y,37.61911,37,37.147,NULL,-82.26867,82,16.12,NULL,N,NULL,NULL,NULL,NULL,NULL,NULL,NULL,NULL,9,97,2,6,1,1,3,1,1,3,N,NULL,Y,N,630,700,700,Y,NULL,90,2,1,N,,N,N,098-US-0119-0,NULL,NULL,2021,O,7.26679E+11,098-US-0119  -000,HIGH,098-US-0119  -000,20.817,0,0,0,1,0,0,1,0,0,0,0,1,0
72673382,KSP0900,21-391840,20210921,935,,,KY194,,,KY0194,KY0194,0,098 KY-194,KY0194,N,N,NULL,NULL,NULL,N,NULL,NULL,NULL,NULL,NULL,NULL,24.698,NULL,NULL,NULL,NULL,,NULL,1,0,1,1,N,N,55,NULL,98,9817,NULL,,Y,37.52036,37,31.222,NULL,-82.3636,82,21.816,NULL,N,NULL,NULL,NULL,NULL,NULL,NULL,NULL,NULL,9,5,2,6,1,5,6,2,7,3,N,NULL,Y,N,935,1015,1015,N,NULL,44,6,0,N,,N,N,098-KY-0194-0,NULL,NULL,2021,C,7.26734E+11,098-KY-0194  -000,HIGH,098-KY-0194  -000,24.698,0,0,0,0,0,0,0,0,0,0,0,1,0
72673579,KSP0900,21-392325,20210921,1534,,,COLLINS,,HWY,KY0122,KY0122,0,098 KY-122,KY0122,Y,N,NULL,NULL,NULL,N,NULL,NULL,NULL,NULL,NULL,NULL,10.39,NULL,NULL,NULL,NULL,,NULL,0,0,2,2,N,N,45,NULL,98,9823,NULL,,Y,37.38729,37,23.237,NULL,-82.54373,82,32.624,NULL,N,NULL,NULL,NULL,NULL,NULL,NULL,NULL,NULL,2,97,2,6,1,1,2,2,7,3,N,NULL,Y,N,1632,1634,,N,NULL,90,,0,N,,N,N,098-KY-0122-0,NULL,NULL,2021,O,7.26736E+11,098-KY-0122  -000,HIGH,098-KY-0122  -000,10.39,0,0,0,0,0,0,1,0,0,0,0,0,0
72673826,KSP0900,21-393371,20210922,1103,,10057,ELKHORN,,CRK,KY0197,KY0197,0,098 KY-197,KY0197,N,N,NULL,NULL,NULL,N,NULL,NULL,NULL,NULL,NULL,NULL,6.553,NULL,NULL,NULL,NULL,,NULL,1,0,2,2,N,N,55,NULL,98,9864,NULL,,Y,37.25439,37,15.263,NULL,-82.48082,82,28.849,NULL,N,NULL,NULL,NULL,NULL,NULL,NULL,NULL,NULL,1,3,2,6,1,5,6,2,7,3,N,NULL,Y,N,1103,1115,1230,N,NULL,55,7,0,N,,N,N,098-KY-0197-0,NULL,NULL,2021,C,7.26738E+11,098-KY-0197  -000,HIGH,098-KY-0197  -000,6.553,0,0,0,1,0,0,0,1,0,0,0,1,0
72610082,980100,2.021E+11,20210402,1500,,,CASSIDY,,BLVD,,,0,098 CS-1191,CS1191,Y,N,NULL,NULL,NULL,N,NULL,NULL,NULL,NULL,NULL,NULL,0.261,NULL,NULL,NULL,NULL,,NULL,0,0,2,2,Y,N,15,NULL,98,9801,NULL,,Y,37.50464,37,30.279,NULL,-82.53613,82,32.167,NULL,N,NULL,NULL,NULL,NULL,NULL,NULL,NULL,NULL,8,97,NULL,6,1,1,2,2,1,3,N,NULL,N,N,1325,1325,1333,N,NULL,90,,,N,,N,N,098-CS-1191-0,NULL,NULL,2021,NULL,7.26101E+11,098-CS-1191  -000,HIGH,098-CS-1191  -000,0.261,0,0,0,0,0,0,0,0,0,0,0,0,0
72690348,KSP0900,21-447160,20211031,838,,,DORTON-JENKINS,,HWY,KY0805,KY0805,0,098 KY-805,KY0805,N,N,NULL,NULL,NULL,N,NULL,NULL,NULL,NULL,NULL,NULL,3.057,NULL,NULL,NULL,NULL,,NULL,0,0,1,1,N,N,45,NULL,98,9809,NULL,,Y,37.23289,37,13.974,NULL,-82.56578,82,33.947,NULL,N,NULL,NULL,NULL,NULL,NULL,NULL,NULL,NULL,9,4,2,3,1,5,6,2,7,3,Y,NULL,Y,N,838,855,900,N,NULL,51,7,0,N,,N,Y,098-KY-0805-0,NULL,NULL,2021,O,7.26903E+11,098-KY-0805  -000,HIGH,098-KY-0805  -000,3.057,0,0,0,0,0,0,0,0,0,0,0,1,0
72680885,KSP0900,21-408423,20211003,831,,,KY194,,,KY0194,KY0194,0,098 KY-194,KY0194,N,N,NULL,NULL,NULL,N,NULL,NULL,NULL,NULL,NULL,NULL,20.352,NULL,NULL,NULL,NULL,,NULL,0,0,1,1,N,N,55,NULL,98,9817,NULL,,Y,37.54548,37,32.729,NULL,-82.39859,82,23.915,NULL,N,NULL,NULL,NULL,NULL,NULL,NULL,NULL,NULL,9,5,2,3,1,5,6,2,7,3,N,NULL,Y,Y,831,842,920,N,NULL,44,6,0,N,,N,N,098-KY-0194-0,NULL,NULL,2021,O,7.26809E+11,098-KY-0194  -000,HIGH,098-KY-0194  -000,20.352,0,0,1,0,0,0,0,0,0,0,0,1,0
72668010,KSP0900,21-365714,20210902,1743,,,SOOKEYS,E,CRK,,,0,098 CR-1275,CR1275,N,N,NULL,NULL,NULL,N,NULL,NULL,NULL,NULL,NULL,NULL,0.076,NULL,NULL,NULL,NULL,,NULL,0,0,1,1,N,N,55,NULL,98,9801,3,S,N,37.39344,37,23.606,NULL,-82.52396,82,31.438,NULL,N,NULL,NULL,NULL,NULL,NULL,NULL,NULL,NULL,9,97,2,3,1,1,2,2,7,3,N,NULL,Y,N,1743,1743,1743,N,NULL,44,,,N,,N,N,098-CR-1275-0,NULL,NULL,2021,O,7.2668E+11,098-CR-1275  -000,HIGH,098-CR-1275  -000,0.076,0,0,0,0,0,0,0,0,1,0,0,1,0
72722288,KSP0900,22-21352,20220117,2045,,,KY612,,,KY0612,KY0612,,,,N,N,NULL,NULL,NULL,N,NULL,NULL,NULL,NULL,NULL,NULL,8.33,NULL,NULL,NULL,NULL,,NULL,2,0,2,2,N,N,45,NULL,98,9836,NULL,,Y,37.67222,37,40.333,NULL,-82.3037,82,18.222,NULL,N,NULL,NULL,NULL,NULL,NULL,NULL,NULL,NULL,1,3,2,1,1,2,8,6,7,3,Y,NULL,Y,Y,2045,2107,2107,N,NULL,55,8,0,N,,N,N,,NULL,NULL,2022,C,7.27223E+11,098-KY-0612  -000,HIGH,098-KY-0612  -000,8.33,0,0,1,0,0,0,0,0,0,0,0,0,0
72723336,KSP0900,22-25837,20220121,1812,,,US460,,,US0460,US0460,0,098 US-460,US0460,N,N,NULL,NULL,NULL,N,NULL,NULL,NULL,NULL,NULL,NULL,12.887,NULL,NULL,NULL,NULL,,NULL,2,0,2,2,N,N,55,NULL,98,9822,NULL,,Y,37.33802,37,20.281,NULL,-82.39333,82,23.6,NULL,N,NULL,NULL,NULL,NULL,NULL,NULL,NULL,NULL,4,3,2,6,1,1,1,6,7,3,Y,NULL,Y,Y,1812,1830,1945,N,NULL,70,,1,N,,N,N,098-US-0460-0,NULL,NULL,2022,B,7.27233E+11,098-US-0460  -000,HIGH,098-US-0460  -000,12.887,0,0,0,0,0,0,1,0,0,1,0,0,0
72690712,980500,2021AR043,20211101,1300,,,MAYO TRAIL,N,,,,,,,N,N,NULL,NULL,NULL,N,NULL,NULL,NULL,NULL,NULL,NULL,NULL,NULL,NULL,NULL,NULL,NULL,NULL,0,0,2,1,N,N,45,NULL,98,9807,NULL,,Y,37.51561,37,30.936,NULL,-82.55978,82,33.587,NULL,N,NULL,NULL,NULL,NULL,NULL,NULL,NULL,NULL,8,3,6,6,1,1,2,2,7,3,N,NULL,Y,Y,1301,1303,1303,N,NULL,53,,,N,,N,N,,NULL,NULL,2021,O,7.26907E+11,098-US-0023  -000,MEDIUM,098-US-0023  -000,28.093,0,0,0,0,0,0,1,0,0,0,0,1,0
72701386,980100,2.021E+11,20211119,1710,,,SUMMIT,,DR,,,0,098 CS-1064,CS1064,Y,N,NULL,NULL,NULL,N,NULL,NULL,NULL,NULL,NULL,NULL,0.079,NULL,NULL,NULL,NULL,,NULL,0,0,2,2,Y,N,NULL,NULL,98,9801,NULL,,Y,37.47648,37,28.589,NULL,-82.51603,82,30.962,NULL,N,NULL,NULL,NULL,NULL,NULL,NULL,NULL,NULL,7,97,NULL,6,1,1,2,8,1,3,N,NULL,Y,N,1710,1720,,N,NULL,90,,,N,,N,N,098-CS-1064-0,NULL,NULL,2021,NULL,7.27014E+11,098-CS-1064  -000,HIGH,098-CS-1064  -000,0.079,0,0,0,0,0,0,0,0,0,0,0,0,0
72696268,KSP0900,21-465014,20211113,812,,,KY194,,,KY0194,KY0194,0,098 KY-194,KY0194,N,N,NULL,NULL,NULL,N,NULL,NULL,NULL,NULL,NULL,NULL,24.707,NULL,NULL,NULL,NULL,,NULL,0,0,1,1,N,N,55,NULL,98,9817,NULL,,Y,37.52032,37,31.219,NULL,-82.36337,82,21.803,NULL,N,NULL,NULL,NULL,NULL,NULL,NULL,NULL,NULL,9,4,2,3,1,5,3,2,7,3,N,NULL,Y,N,812,832,832,Y,NULL,40,6,0,N,,N,N,098-KY-0194-0,NULL,NULL,2021,O,7.26963E+11,098-KY-0194  -000,HIGH,098-KY-0194  -000,24.707,0,0,0,0,0,0,0,0,0,0,0,1,0
72709738,980100,2.021E+11,20211215,1604,,,CASSIDY,,BLVD,,,0,098 CS-1191,CS1191,Y,N,NULL,NULL,NULL,N,NULL,NULL,NULL,NULL,NULL,NULL,0.124,NULL,NULL,NULL,NULL,,NULL,0,0,2,2,N,N,15,NULL,98,9801,NULL,,Y,37.5036,37,30.216,NULL,-82.5341,82,32.046,NULL,N,NULL,NULL,NULL,NULL,NULL,NULL,NULL,NULL,8,97,1,6,1,1,2,2,1,3,N,NULL,Y,N,1604,1609,1633,N,NULL,90,,,N,,N,N,098-CS-1191-0,NULL,NULL,2021,O,7.27097E+11,098-CS-1191  -000,HIGH,098-CS-1191  -000,0.124,0,0,0,0,0,0,1,0,0,0,0,0,0
72709488,980500,2021AR050,20211215,1215,,,WEDDINGTON PLAZA,,,US0023,US0023,0,098 US-23-10,US0023,Y,N,NULL,NULL,NULL,N,NULL,NULL,NULL,NULL,NULL,NULL,NULL,NULL,NULL,NULL,NULL,NULL,NULL,0,0,5,5,N,N,15,NULL,98,9807,NULL,,Y,37.52351,37,31.41,NULL,-82.57275,82,34.365,NULL,N,NULL,NULL,NULL,NULL,NULL,NULL,NULL,NULL,2,97,4,6,1,1,2,2,1,3,N,NULL,Y,Y,1220,1222,1306,N,NULL,90,,1,N,,N,N,098-US-0023-10,NULL,NULL,2021,O,7.27095E+11,098-US-0023  -010,HIGH,098-US-0023  -000,29.006,0,0,0,1,0,0,0,0,0,0,0,0,0
72723009,980100,2.022E+11,20220119,1142,,1948,S MAYO TRAIL,,,US0023,US0023,0,098 US-23,US0023,Y,N,NULL,NULL,NULL,N,NULL,NULL,NULL,NULL,NULL,NULL,NULL,NULL,NULL,NULL,NULL,NULL,NULL,0,0,2,2,N,N,NULL,NULL,98,9801,NULL,,Y,37.44776,37,26.866,NULL,-82.51439,82,30.863,NULL,N,NULL,NULL,NULL,NULL,NULL,NULL,NULL,NULL,2,97,1,6,1,5,6,2,1,3,N,NULL,Y,N,1144,1158,1158,N,NULL,90,,1,N,,N,N,098-US-0023-0,NULL,NULL,2022,O,7.2723E+11,098-US-0023  -000,HIGH,098-US-0023  -000,20.108,0,0,0,0,0,0,1,0,0,0,0,0,0
72720985,980100,2.022E+11,20220108,1400,,2138,US460,,,US0460,US0460,0,098 US-460,US0460,Y,N,NULL,NULL,NULL,N,NULL,NULL,NULL,NULL,NULL,NULL,0.161,NULL,NULL,NULL,NULL,,NULL,0,0,2,2,N,N,15,NULL,98,9801,NULL,,Y,37.44011,37,26.407,NULL,-82.50877,82,30.526,NULL,N,NULL,NULL,NULL,NULL,NULL,NULL,NULL,NULL,2,97,2,6,1,1,2,2,1,3,N,NULL,Y,N,1352,1358,,N,NULL,90,,1,N,,N,N,098-US-0460-0,NULL,NULL,2022,O,7.2721E+11,098-US-0460  -000,HIGH,098-US-0460  -000,0.161,0,0,0,1,0,0,1,0,0,0,0,0,0
72711241,KSP0900,21-477933,20211124,852,,,ELKHORN,,CRK,KY0197,KY0197,0,098 KY-197,KY0197,N,N,NULL,NULL,NULL,N,NULL,NULL,NULL,NULL,NULL,NULL,4.302,NULL,NULL,NULL,NULL,,NULL,0,0,2,2,N,N,55,NULL,98,9802,NULL,,Y,37.23937,37,14.362,NULL,-82.51463,82,30.878,NULL,N,NULL,NULL,NULL,NULL,NULL,NULL,NULL,NULL,8,3,2,6,1,1,2,2,7,3,N,NULL,Y,N,852,955,955,N,NULL,53,7,0,N,,N,N,098-KY-0197-0,NULL,NULL,2021,O,7.27112E+11,098-KY-0197  -000,HIGH,098-KY-0197  -000,4.302,0,1,1,1,0,0,0,0,0,0,0,1,0