MasterFile,AgencyORINumber,LocalCode,CollisionDate,CollisionTime,CollisionDayWeekCode,RoadwayName_HouseBusinessNumber_,RoadwayName_RoadwayName_,RoadwayName_Direction_,RoadwayName_RoadwaySuffix_,RoadwayfromReport,CurrentRoadwayNumber,RoadwayNumberCoupletID,RSEUniqueGIS,RoadwayIdentifier,ParkingLotIndicator,IntersectionWith_Indicator_,IntersectionWith_NameRoadway_,IntersectionWith_Direction_,IntersectionWith_RoadwaySuffix_,BetweenStreets_Indicator_,BetweenStreets1_NameRoadway_,BetweenStreet1_Direction_,BetweenStreets1_RoadwaySuffix_,BetweenStreets2_NameRoadway_,BetweenStreets2_Direction_,BetweenStreets2_RoadwaySuffix_,Milepoint,ReportMilepointDeriveNumber,CurrentDerivedMiepointNumber,MilestoMilepoint,FeettoMilepoint,DirectionfromMilepoint_NSEW_,ValidMilepointIndicator,NumberInjured,NumberKilled,ofUnits,ofMotorVehicleUnits,Hit&RunIndicator,OneWayIndicator,SpeedLimitNumber,KilometersIndicator,CountyCode,CityCountyCode,MilesFromCity,DirectionFromCity_NSEW_,InCityLimitsIndicator,Latitude,LatitudeDegrees,LatitudeMinutes,LatitudeSeconds,Longitude,LongitudeDegrees,LongitudeMinutes,LongitudeSeconds,RampIndicator,RampFromIdentifier,RampFromDirCode,RampFromCoupletID,RSEUniqueGISRampFrom,RampToidentifier,RampToDirCode,RampToCoupletID,RSEUniqueGisRampTo,MannerofCollisionCode,LocationFirstEventCode,TotalLanes,RoadwayCharacterCode,RoadwaySurfaceCode,RoadwayConditionCode,WeatherCode,LightConditionCode,LandUseCode,SchoolBusRelatedCode,FirstAidSceneIndicator,CollDescPresentInd,InvestigationCompleteIndicator,PhotosTakenIndicator,TimeNotified,TimeArrived,TimeRoadwayOpened,PropertyDamageIndicator,DiagramPresentIndicator,DirectionalAnalysis,FunctionClassCode,NationalHwySysCode,EnforcementsIndicator,KARSCityCode,SecondaryCollisionIndicator,MedianCrossoverIndicator,RT_UNIQUE,MapIt,TimeLastLeft,YR,KABCO,MFNY,WorkingRID,RT_CONFIDENCE,KTC_RT,KTC_MP,Motorcyclist,CommercialVehicle,YoungDriver,MatureDriver,pedestrian,Bicyclist,Distracted,agressive,Impaired,Unrestrained,Intersection,RoadwayDeparture,MedXover
72700760,980100,2.021E+11,20211122,1818,,,CASSIDY,,BLVD,,,0,098 CS-1191,CS1191,Y,N,NULL,NULL,NULL,N,NULL,NULL,NULL,NULL,NULL,NULL,0.238,NULL,NULL,NULL,NULL,,NULL,0,0,2,2,N,N,NULL,NULL,98,9801,NULL,,Y,37.50445,37,30.267,NULL,-82.53576,82,32.146,NULL,N,NULL,NULL,NULL,NULL,NULL,NULL,NULL,NULL,5,97,NULL,6,1,1,2,8,1,3,N,NULL,Y,N,1818,1825,1825,N,NULL,90,,,N,,N,N,098-CS-1191-0,NULL,NULL,2021,O,7.27008E+11,098-CS-1191  -000,HIGH,098-CS-1191  -000,0.238,0,0,0,1,0,0,0,0,0,0,0,0,0
72711939,980100,2.021E+11,20211221,530,,,BOB AMOS,,DR,,,0,098 CS-1025,CS1025,N,N,NULL,NULL,NULL,N,NULL,NULL,NULL,NULL,NULL,NULL,0.553,NULL,NULL,NULL,NULL,,NULL,0,0,1,1,N,N,35,NULL,98,9801,NULL,,Y,37.47202,37,28.321,NULL,-82.54093,82,32.456,NULL,N,NULL,NULL,NULL,NULL,NULL,NULL,NULL,NULL,9,3,2,1,1,1,2,5,7,3,N,NULL,Y,N,530,541,,N,NULL,38,,,N,,N,N,098-CS-1025-0,NULL,NULL,2021,O,7.27119E+11,098-CS-1025  -000,HIGH,098-CS-1025  -000,0.553,0,0,0,1,0,0,0,0,0,0,0,0,0
72662221,980100,2.021E+11,20210823,927,,805,HAMBLEY,,BLVD,,,0,098 CS-1222,CS1222,Y,N,NULL,NULL,NULL,N,NULL,NULL,NULL,NULL,NULL,NULL,0.468,NULL,NULL,NULL,NULL,,NULL,0,0,2,2,N,N,NULL,NULL,98,9801,NULL,,Y,37.47805,37,28.683,NULL,-82.52071,82,31.243,NULL,N,NULL,NULL,NULL,NULL,NULL,NULL,NULL,NULL,1,97,1,6,1,1,2,2,7,3,N,NULL,Y,N,927,930,930,N,NULL,90,,,N,,N,N,098-CS-1222-0,NULL,NULL,2021,O,7.26622E+11,098-CS-1222  -000,HIGH,098-CS-1222  -000,0.468,0,0,1,0,0,0,1,0,0,0,0,0,0
72717228,980100,2.022E+11,20220105,1550,,,OWSLEY,,RD,KY1384,KY1384,0,098 KY-1384,KY1384,N,N,NULL,NULL,NULL,N,NULL,NULL,NULL,NULL,NULL,NULL,6.852,NULL,NULL,NULL,NULL,,NULL,0,0,2,2,N,N,45,NULL,98,9801,NULL,,Y,37.48,37,28.8,NULL,-82.54198,82,32.519,NULL,N,NULL,NULL,NULL,NULL,NULL,NULL,NULL,NULL,1,3,4,6,1,1,2,2,1,3,N,NULL,Y,N,1550,1550,1550,N,NULL,55,16,0,N,,N,N,098-KY-1384-0,NULL,NULL,2022,O,7.27172E+11,098-KY-1384  -000,HIGH,098-KY-1384  -000,6.852,0,0,1,0,0,0,1,0,0,0,0,0,0
72776815,KSP0900,22-234081,20220621,1315,,,KY3416,,,KY3416,KY3416,0,098 KY-3416,KY3416,N,N,NULL,NULL,NULL,N,NULL,NULL,NULL,NULL,NULL,NULL,1.331,NULL,NULL,NULL,NULL,,NULL,0,0,2,2,N,N,55,NULL,98,9802,NULL,,Y,37.44606,37,26.764,NULL,-82.54243,82,32.546,NULL,N,NULL,NULL,NULL,NULL,NULL,NULL,NULL,NULL,2,3,2,6,1,1,2,2,7,3,N,NULL,Y,N,1315,1341,1341,N,NULL,56,9,0,N,,N,N,098-KY-3416-0,NULL,NULL,2022,O,7.27768E+11,098-KY-3416  -000,HIGH,098-KY-3416  -000,1.331,0,0,0,1,0,0,1,0,0,0,0,0,0
72779588,980000,22-07-003,20220701,1315,,,US119,,,US0119,US0119,0,098 US-119,US0119,Y,N,NULL,NULL,NULL,N,NULL,NULL,NULL,NULL,NULL,NULL,25.009,NULL,NULL,NULL,NULL,,NULL,0,0,2,2,N,N,NULL,NULL,98,9834,NULL,,Y,37.66838,37,40.103,NULL,-82.27718,82,16.631,NULL,N,NULL,NULL,NULL,NULL,NULL,NULL,NULL,NULL,1,97,1,6,1,1,2,2,1,3,N,NULL,Y,Y,1320,1340,1405,N,NULL,90,2,1,N,,N,N,098-US-0119-0,NULL,NULL,2022,O,7.27796E+11,098-US-0119  -000,HIGH,098-US-0119  -000,25.009,0,0,0,1,0,0,1,0,0,0,0,0,0
72796091,KSP0900,22-321553,20220819,2225,,,DRY,,BR,,,0,098 CR-1314Q4,CR1314Q4,N,N,NULL,NULL,NULL,N,NULL,NULL,NULL,NULL,NULL,NULL,0.252,NULL,NULL,NULL,NULL,,NULL,0,0,2,2,N,N,20,NULL,98,9801,NULL,,Y,37.57698,37,34.619,NULL,-82.47257,82,28.354,NULL,N,NULL,NULL,NULL,NULL,NULL,NULL,NULL,NULL,3,3,1,4,1,1,2,6,7,3,N,NULL,Y,N,12,110,145,N,NULL,52,,,N,,N,N,098-CR-1314Q4-0,NULL,NULL,2022,O,7.27961E+11,098-CR-1314Q4-000,HIGH,098-CR-1314Q4-000,0.252,0,0,0,0,0,0,0,0,0,0,0,1,0
72658686,KSP0900,21-339301,20210815,125,,,KY194,,,KY0194,KY0194,,,,N,N,NULL,NULL,NULL,N,NULL,NULL,NULL,NULL,NULL,NULL,54.815,NULL,NULL,NULL,NULL,,NULL,0,0,1,1,N,N,35,NULL,98,9804,NULL,,Y,37.51081,37,30.649,NULL,-82.14706,82,8.823,NULL,N,NULL,NULL,NULL,NULL,NULL,NULL,NULL,NULL,9,4,1,1,1,6,3,6,7,3,N,NULL,N,N,1245,125,125,N,NULL,40,8,0,N,,N,N,,NULL,NULL,2021,O,7.26587E+11,098-KY-0194  -000,HIGH,098-KY-0194  -000,54.815,0,0,0,0,0,0,0,0,0,0,0,1,0
72639031,KSP0900,21-239299,20210611,1700,,,HURRICANE,,CRK,,,,,,N,N,NULL,NULL,NULL,N,NULL,NULL,NULL,NULL,NULL,NULL,1.393,NULL,NULL,NULL,NULL,,NULL,0,0,2,2,N,N,35,NULL,98,9825,NULL,,Y,37.49283,37,29.57,NULL,-82.08142,82,4.885,NULL,N,NULL,NULL,NULL,NULL,NULL,NULL,NULL,NULL,7,3,1,6,1,1,2,2,7,3,N,NULL,Y,N,1700,1730,,N,NULL,54,,,N,,N,N,,NULL,NULL,2021,O,7.2639E+11,098-CR-1880  -000,MEDIUM,098-CR-1880  -000,1.393,1,0,0,0,0,0,0,1,0,0,0,1,0
72709547,KSP0900,21-507843,20211214,600,,,FOREST HILLS,,RD,KY0308,KY0308,0,098 KY-308,KY0308,N,N,NULL,NULL,NULL,N,NULL,NULL,NULL,NULL,NULL,NULL,2.598,NULL,NULL,NULL,NULL,,NULL,0,0,1,1,N,N,35,NULL,98,9885,NULL,,Y,37.6473,37,38.838,NULL,-82.26875,82,16.125,NULL,N,NULL,NULL,NULL,NULL,NULL,NULL,NULL,NULL,9,3,2,6,1,1,2,2,7,3,N,NULL,Y,N,615,645,600,N,NULL,40,8,0,N,,N,N,098-KY-0308-0,NULL,NULL,2021,O,7.27095E+11,098-KY-0308  -000,HIGH,098-KY-0308  -000,2.598,0,0,0,0,0,0,0,0,0,0,0,1,0
72707893,980100,2.021E+11,20211210,1912,,,US460,,,US0460,US0460,,,,N,N,NULL,NULL,NULL,N,NULL,NULL,NULL,NULL,NULL,NULL,0.26,NULL,NULL,NULL,NULL,,NULL,1,0,2,2,N,N,35,NULL,98,9801,NULL,,Y,37.43869,37,26.321,NULL,-82.51006,82,30.604,NULL,N,NULL,NULL,NULL,NULL,NULL,NULL,NULL,NULL,1,3,2,6,1,5,3,5,1,3,Y,NULL,Y,Y,1912,1918,2002,N,NULL,55,,1,N,,N,N,,NULL,NULL,2021,B,7.27079E+11,098-US-0460  -000,MEDIUM,098-US-0460  -000,0.26,0,0,0,0,0,0,1,0,0,0,0,0,0
72800142,KSP0900,22-338683,20220901,1220,,,US460,,,US0460,US0460,0,098 US-460,US0460,N,N,NULL,NULL,NULL,N,NULL,NULL,NULL,NULL,NULL,NULL,4.552,NULL,NULL,NULL,NULL,,NULL,0,0,1,1,N,N,55,NULL,98,9832,NULL,,Y,37.41623,37,24.974,NULL,-82.45319,82,27.192,NULL,N,NULL,NULL,NULL,NULL,NULL,NULL,NULL,NULL,9,3,2,6,1,1,2,2,7,3,N,NULL,Y,N,1223,1226,1223,N,NULL,44,,1,N,,N,N,098-US-0460-0,NULL,NULL,2022,O,7.28001E+11,098-US-0460  -000,HIGH,098-US-0460  -000,4.552,0,0,0,0,0,0,0,0,0,0,0,1,0
72772955,370200,2022-224689,20220615,840,,,US23,,,US0023,US0023,0,098 US-23,US0023,N,N,NULL,NULL,NULL,N,NULL,NULL,NULL,NULL,NULL,NULL,0.844,NULL,NULL,NULL,NULL,,NULL,0,0,1,1,N,N,55,NULL,98,9809,NULL,,Y,37.25146,37,15.088,NULL,-82.61724,82,37.034,NULL,N,NULL,NULL,NULL,NULL,NULL,NULL,NULL,NULL,9,3,4,6,1,1,2,2,7,3,N,NULL,Y,N,840,840,851,N,NULL,38,,1,N,,N,N,098-US-0023-0,NULL,NULL,2022,O,7.2773E+11,098-US-0023  -000,HIGH,098-US-0023  -000,0.844,1,0,0,0,0,0,0,0,0,0,0,0,0
72673047,980000,21-09-004,20210920,1515,,,US23,,,US0023,US0023,0,098 US-23-10,US0023,N,N,NULL,NULL,NULL,N,NULL,NULL,NULL,NULL,NULL,NULL,14.15,NULL,NULL,NULL,NULL,,NULL,0,0,2,2,N,N,55,NULL,98,9823,1.6,S,N,37.38805,37,23.283,NULL,-82.53828,82,32.297,NULL,N,NULL,NULL,NULL,NULL,NULL,NULL,NULL,NULL,8,3,4,6,1,5,3,2,7,3,N,NULL,Y,Y,1520,1532,1532,N,NULL,53,,1,N,,N,N,098-US-0023-10,NULL,NULL,2021,O,7.2673E+11,098-US-0023  -010,HIGH,098-US-0023  -000,14.15,0,0,0,0,0,0,1,1,0,0,0,1,0
72684894,980100,2.021E+11,20211019,1942,,424,BOB AMOS,,DR,,,0,098 CS-1025,CS1025,Y,N,NULL,NULL,NULL,N,NULL,NULL,NULL,NULL,NULL,NULL,0.763,NULL,NULL,NULL,NULL,,NULL,0,0,2,2,N,N,15,NULL,98,9801,NULL,,Y,37.46949,37,28.169,NULL,-82.54378,82,32.626,NULL,N,NULL,NULL,NULL,NULL,NULL,NULL,NULL,NULL,2,97,NULL,6,1,1,2,5,1,3,N,NULL,Y,N,1942,1953,,N,NULL,90,,,N,,N,N,098-CS-1025-0,NULL,NULL,2021,O,7.26849E+11,098-CS-1025  -000,HIGH,098-CS-1025  -000,0.763,0,0,1,0,0,0,1,0,0,0,0,0,0
72766925,980100,2.022E+11,20220529,1241,,466,KY3496,,,KY3496,KY3496,0,098 KY-3496,KY3496,Y,N,NULL,NULL,NULL,N,NULL,NULL,NULL,NULL,NULL,NULL,0.071,NULL,NULL,NULL,NULL,,NULL,0,0,3,3,N,N,35,NULL,98,9801,NULL,,Y,37.4657,37,27.942,NULL,-82.52908,82,31.745,NULL,N,NULL,NULL,NULL,NULL,NULL,NULL,NULL,NULL,8,97,1,6,1,1,2,2,5,3,N,NULL,Y,N,1241,1247,1247,N,NULL,90,16,0,N,,N,N,098-KY-3496-0,NULL,NULL,2022,O,7.27669E+11,098-KY-3496  -000,HIGH,098-KY-3496  -000,0.071,0,0,0,1,0,0,0,0,0,0,0,0,0
72764626,980100,2.022E+11,20220517,1812,,,US460,,,US0460,US0460,0,098 US-460,US0460,N,N,NULL,NULL,NULL,N,NULL,NULL,NULL,NULL,NULL,NULL,0.561,NULL,NULL,NULL,NULL,,NULL,0,0,1,1,N,N,55,NULL,98,9801,NULL,,Y,37.43533,37,26.12,NULL,-82.50905,82,30.543,NULL,N,NULL,NULL,NULL,NULL,NULL,NULL,NULL,NULL,9,3,2,6,1,1,2,2,7,3,N,NULL,Y,N,1812,1820,1820,N,NULL,38,,1,N,,N,N,098-US-0460-0,NULL,NULL,2022,O,7.27646E+11,098-US-0460  -000,HIGH,098-US-0460  -000,0.561,0,0,0,0,0,0,0,0,0,0,0,0,0
72729110,980500,2022AR007,20220209,1120,,,MAYO TRAIL,,,,,,,,N,N,NULL,NULL,NULL,N,NULL,NULL,NULL,NULL,NULL,NULL,NULL,NULL,NULL,NULL,NULL,NULL,NULL,2,0,2,2,N,N,45,NULL,98,9807,NULL,,Y,37.52248,37,31.349,NULL,-82.57063,82,34.238,NULL,N,NULL,NULL,NULL,NULL,NULL,NULL,NULL,NULL,1,3,8,6,1,1,2,2,7,3,Y,NULL,N,Y,1124,1126,1154,N,NULL,55,,,N,,N,N,,NULL,NULL,2022,C,7.27291E+11,098-US-0023  -000,MEDIUM,098-US-0023  -000,28.864,0,0,0,1,0,0,1,1,0,0,0,0,0
72697187,KSP0900,21-448349,20211101,500,,,KY194,,,KY0194,KY0194,0,098 KY-194,KY0194,N,N,NULL,NULL,NULL,N,NULL,NULL,NULL,NULL,NULL,NULL,69.116,NULL,NULL,NULL,NULL,,NULL,1,0,2,2,Y,N,35,NULL,98,9825,NULL,,Y,37.50366,37,30.22,NULL,-82.06763,82,4.058,NULL,N,NULL,NULL,NULL,NULL,NULL,NULL,NULL,NULL,7,3,2,6,1,1,3,6,7,3,Y,NULL,Y,Y,522,600,715,N,NULL,54,7,0,N,,N,N,098-KY-0194-0,NULL,NULL,2021,C,7.26972E+11,098-KY-0194  -000,HIGH,098-KY-0194  -000,69.116,0,0,0,0,0,0,1,0,0,0,0,1,0
72739408,980100,2.022E+11,20220310,1230,,,BYPASS,S,RD,KY1426,KY1426,0,098 KY-1426,KY1426,Y,N,NULL,NULL,NULL,N,NULL,NULL,NULL,NULL,NULL,NULL,NULL,NULL,NULL,NULL,NULL,,NULL,0,0,1,1,N,N,10,NULL,98,9801,NULL,,Y,37.47248,37,28.349,NULL,-82.52293,82,31.376,NULL,N,NULL,NULL,NULL,NULL,NULL,NULL,NULL,NULL,9,97,NULL,4,1,1,2,2,5,3,N,NULL,Y,N,1230,1232,1232,Y,NULL,90,8,0,Y,,N,N,098-KY-1426-0,NULL,NULL,2022,O,7.27394E+11,098-KY-1426  -000,HIGH,098-KY-1426  -000,5.681,0,0,0,0,0,0,1,0,0,0,0,1,0
72783239,980100,2.022E+11,20220712,1024,,911,BYPASS,,RD,,,0,098 CS-1223,CS1223,Y,N,NULL,NULL,NULL,N,NULL,NULL,NULL,NULL,NULL,NULL,NULL,NULL,NULL,NULL,NULL,NULL,NULL,0,0,2,2,Y,N,NULL,NULL,98,9801,NULL,,Y,37.47128,37,28.277,NULL,-82.52117,82,31.27,NULL,N,NULL,NULL,NULL,NULL,NULL,NULL,NULL,NULL,2,97,1,6,2,1,2,2,1,3,N,NULL,Y,N,1024,1037,1037,N,NULL,90,,,N,,N,N,098-CS-1223-0,NULL,NULL,2022,NULL,7.27832E+11,098-CS-1223  -000,HIGH,098-CS-1223  -000,0.136,0,0,0,0,0,0,1,0,0,0,0,0,0
72748027,980100,2.022E+11,20220322,1231,,,KY3496,,,KY3496,KY3496,0,098 KY-3496,KY3496,Y,N,NULL,NULL,NULL,N,NULL,NULL,NULL,NULL,NULL,NULL,0.521,NULL,NULL,NULL,NULL,,NULL,0,0,2,2,N,N,NULL,NULL,98,9801,NULL,,Y,37.47047,37,28.228,NULL,-82.53391,82,32.035,NULL,N,NULL,NULL,NULL,NULL,NULL,NULL,NULL,NULL,2,97,0,6,1,1,2,2,1,3,N,NULL,Y,N,1231,1239,1320,Y,NULL,90,16,0,N,,N,N,098-KY-3496-0,NULL,NULL,2022,O,7.2748E+11,098-KY-3496  -000,HIGH,098-KY-3496  -000,0.521,0,1,0,0,0,0,0,0,0,0,0,1,0
72719466,KSP0900,21-527877,20211229,1545,,,VIRGINIA,,AVE,,,0,098 CR-1035K,CR1035K,N,N,NULL,NULL,NULL,N,NULL,NULL,NULL,NULL,NULL,NULL,0.114,NULL,NULL,NULL,NULL,,NULL,0,0,2,2,N,N,35,NULL,98,9834,NULL,,Y,37.67186,37,40.312,NULL,-82.28321,82,16.993,NULL,N,NULL,NULL,NULL,NULL,NULL,NULL,NULL,NULL,5,3,2,6,1,5,3,2,7,3,N,NULL,N,N,1545,1548,1600,N,NULL,49,,,N,,N,N,098-CR-1035K-0,NULL,NULL,2021,O,7.27195E+11,098-CR-1035K -000,HIGH,098-CR-1035K -000,0.114,0,0,0,0,0,0,0,1,0,0,0,0,0
72786163,980100,2.022E+11,20220714,704,,,US460,,,US0460,US0460,,,,N,N,NULL,NULL,NULL,N,NULL,NULL,NULL,NULL,NULL,NULL,0.714,NULL,NULL,NULL,NULL,,NULL,0,0,1,1,N,N,45,NULL,98,9801,NULL,,Y,37.43391,37,26.035,NULL,-82.50705,82,30.423,NULL,N,NULL,NULL,NULL,NULL,NULL,NULL,NULL,NULL,9,5,2,6,1,1,2,1,7,3,N,NULL,N,N,704,704,750,N,NULL,40,,1,N,,N,N,,NULL,NULL,2022,O,7.27862E+11,098-US-0460  -000,HIGH,098-US-0460  -000,0.714,0,0,0,0,0,0,0,0,0,0,0,1,0
72797641,980100,2.022E+11,20220816,1422,,,US23,,,US0023,US0023,0,098 US-23,US0023,N,N,NULL,NULL,NULL,N,NULL,NULL,NULL,NULL,NULL,NULL,22.405,NULL,NULL,NULL,NULL,,NULL,1,0,3,3,N,N,45,NULL,98,9801,NULL,,Y,37.46278,37,27.766,NULL,-82.51767,82,31.06,NULL,N,NULL,NULL,NULL,NULL,NULL,NULL,NULL,NULL,1,3,4,6,1,1,2,2,7,3,Y,NULL,Y,Y,1422,1425,1531,N,NULL,55,,1,N,,N,N,098-US-0023-0,NULL,NULL,2022,C,7.27976E+11,098-US-0023  -000,HIGH,098-US-0023  -000,22.405,0,1,0,1,0,0,1,0,0,0,0,0,0
72766823,980100,2.022E+11,20220521,1638,,254,CASSIDY,,BLVD,,,,,,Y,N,NULL,NULL,NULL,N,NULL,NULL,NULL,NULL,NULL,NULL,0.316,NULL,NULL,NULL,NULL,,NULL,0,0,2,2,N,N,NULL,NULL,98,9801,NULL,,Y,37.50521,37,30.313,NULL,-82.53717,82,32.23,NULL,N,NULL,NULL,NULL,NULL,NULL,NULL,NULL,NULL,2,97,NULL,6,1,1,2,2,5,3,N,NULL,Y,N,1638,1645,1645,N,NULL,90,,,N,,N,N,,NULL,NULL,2022,O,7.27668E+11,098-CS-1191  -000,MEDIUM,098-CS-1191  -000,0.316,0,0,0,0,0,0,1,1,0,0,0,0,0
72773214,KSP0900,22-187969,20220521,128,,26375,US119,,,US0119,US0119,0,098 US-119-10,US0119,N,N,NULL,NULL,NULL,N,NULL,NULL,NULL,NULL,NULL,NULL,22.169,NULL,NULL,NULL,NULL,,NULL,1,1,3,2,N,N,55,NULL,98,9836,NULL,,Y,37.63518,37,38.111,NULL,-82.26053,82,15.632,NULL,N,NULL,NULL,NULL,NULL,NULL,NULL,NULL,NULL,3,3,2,1,1,1,2,6,7,3,N,NULL,N,Y,200,342,747,N,NULL,52,2,1,N,,N,N,098-US-0119-10,NULL,NULL,2022,K,7.27732E+11,098-US-0119  -010,HIGH,098-US-0119  -000,22.169,0,0,0,0,1,0,1,0,1,1,0,1,0
72797784,980500,2022AR038,20220825,1551,,4652,MAYO TRAIL,N,RD,KY2061,KY2061,0,098 KY-2061,KY2061,Y,N,NULL,NULL,NULL,N,NULL,NULL,NULL,NULL,NULL,NULL,NULL,NULL,NULL,NULL,NULL,NULL,NULL,0,0,2,2,N,N,15,NULL,98,9807,NULL,,Y,37.5299,37,31.794,NULL,-82.57545,82,34.527,NULL,N,NULL,NULL,NULL,NULL,NULL,NULL,NULL,NULL,2,97,2,6,1,1,2,2,5,3,N,NULL,Y,Y,1551,1552,1552,N,NULL,90,,0,N,,N,N,098-KY-2061-0,NULL,NULL,2022,O,7.27978E+11,098-KY-2061  -000,HIGH,098-KY-2061  -000,0.02,0,0,1,0,0,0,1,0,0,0,0,0,0
72685971,980100,2.021E+11,20211022,1037,,231,HIBBARD,,ST,,,0,098 CS-1053,CS1053,Y,N,NULL,NULL,NULL,N,NULL,NULL,NULL,NULL,NULL,NULL,0.028,NULL,NULL,NULL,NULL,,NULL,0,0,2,2,N,N,NULL,NULL,98,9801,NULL,,Y,37.47349,37,28.409,NULL,-82.52679,82,31.607,NULL,N,NULL,NULL,NULL,NULL,NULL,NULL,NULL,NULL,2,97,1,6,1,1,3,2,1,3,N,NULL,Y,N,1037,1043,1043,N,NULL,90,,,N,,N,N,098-CS-1053-0,NULL,NULL,2021,O,7.2686E+11,098-CS-1053  -000,HIGH,098-CS-1053  -000,0.028,0,0,0,0,0,0,0,0,0,0,0,0,0
72655143,980100,2.021E+11,20210805,1715,,,,,,US0023,US0023,,,,N,N,NULL,NULL,NULL,N,NULL,NULL,NULL,NULL,NULL,NULL,0.018,NULL,NULL,NULL,NULL,,NULL,0,0,2,2,N,N,45,NULL,98,9801,NULL,,Y,37.48,37,28.8,NULL,-82.5416,82,32.496,NULL,Y,KY1384,W,NULL,,US0023,N,NULL,,5,3,2,3,1,1,2,2,7,3,N,NULL,Y,N,1715,1721,,N,NULL,85,,1,N,,N,N,,NULL,NULL,2021,O,7.26551E+11,098-US-0023  -221,MEDIUM,098-US-0023  -221,0.018,0,0,0,0,0,0,1,0,0,0,0,0,0
72659585,KSP0900,21-337170,20210813,455,,,US23,,,US0023,US0023,0,098 US-23-10,US0023,N,N,NULL,NULL,NULL,N,NULL,NULL,NULL,NULL,NULL,NULL,9.135,NULL,NULL,NULL,NULL,,NULL,0,0,1,1,N,N,55,NULL,98,9827,NULL,,Y,37.32857,37,19.714,NULL,-82.55914,82,33.549,NULL,N,NULL,NULL,NULL,NULL,NULL,NULL,NULL,NULL,9,97,4,6,1,1,2,2,7,3,N,NULL,N,N,1748,1630,1748,N,NULL,70,,1,N,,N,N,098-US-0023-10,NULL,NULL,2021,O,7.26596E+11,098-US-0023  -010,HIGH,098-US-0023  -000,9.135,0,0,0,0,0,0,0,0,0,0,0,0,0
72727618,KSP0900,22-42592,20220204,1600,,,MAIN,,ST,,,0,098 CS-3000,CS3000,Y,N,NULL,NULL,NULL,N,NULL,NULL,NULL,NULL,NULL,NULL,0.459,NULL,NULL,NULL,NULL,,NULL,0,0,1,1,N,N,5,NULL,98,9807,NULL,,Y,37.5189,37,31.134,NULL,-82.56636,82,33.982,NULL,N,NULL,NULL,NULL,NULL,NULL,NULL,NULL,NULL,9,97,1,6,1,5,6,2,1,3,N,NULL,Y,N,1601,1615,1615,Y,NULL,90,,,N,,N,N,098-CS-3000-0,NULL,NULL,2022,O,7.27276E+11,098-CS-3000  -000,HIGH,098-CS-3000  -000,0.459,0,0,0,0,0,0,0,0,0,0,0,1,0
72759224,KSP0900,22-168801,20220507,1830,,,KY194,,,KY0194,KY0194,0,098 KY-194,KY0194,N,N,NULL,NULL,NULL,N,NULL,NULL,NULL,NULL,NULL,NULL,19.285,NULL,NULL,NULL,NULL,,NULL,0,0,1,1,N,N,55,NULL,98,9817,NULL,,Y,37.55256,37,33.154,NULL,-82.41413,82,24.848,NULL,N,NULL,NULL,NULL,NULL,NULL,NULL,NULL,NULL,9,3,2,3,1,5,6,2,7,3,N,NULL,N,N,1830,1830,1830,N,NULL,44,6,0,N,,N,N,098-KY-0194-0,NULL,NULL,2022,O,7.27592E+11,098-KY-0194  -000,HIGH,098-KY-0194  -000,19.285,0,0,0,0,0,0,0,1,0,0,0,1,0
72722860,980100,2.022E+11,20220114,1212,,,US23,,,US0023,US0023,0,098 US-23,US0023,N,N,NULL,NULL,NULL,N,NULL,NULL,NULL,NULL,NULL,NULL,31.559,NULL,NULL,NULL,NULL,,NULL,0,0,2,2,N,N,55,NULL,98,9801,NULL,,Y,37.53688,37,32.213,NULL,-82.60082,82,36.05,NULL,N,NULL,NULL,NULL,NULL,NULL,NULL,NULL,NULL,5,3,4,6,1,1,3,2,7,3,N,NULL,Y,N,1212,1246,,N,NULL,49,,1,Y,,N,N,098-US-0023-0,NULL,NULL,2022,O,7.27229E+11,098-US-0023  -000,HIGH,098-US-0023  -000,31.559,0,0,0,0,0,0,0,0,0,0,0,0,0
72728791,980100,2.022E+11,20220207,1541,,,THOMPSON,,RD,,,0,098 CS-1215,CS1215,Y,N,NULL,NULL,NULL,N,NULL,NULL,NULL,NULL,NULL,NULL,0.502,NULL,NULL,NULL,NULL,,NULL,0,0,2,2,N,N,NULL,NULL,98,9801,NULL,,Y,37.50605,37,30.363,NULL,-82.54362,82,32.618,NULL,N,NULL,NULL,NULL,NULL,NULL,NULL,NULL,NULL,2,97,NULL,6,1,1,2,2,5,3,N,NULL,Y,N,1541,1546,1546,N,NULL,90,,,Y,,N,N,098-CS-1215-0,NULL,NULL,2022,O,7.27288E+11,098-CS-1215  -000,HIGH,098-CS-1215  -000,0.502,0,0,0,1,0,0,1,0,0,0,0,0,0
72724016,KSP0900,22-22004,20220118,1311,,,KY194,,,KY0194,KY0194,,,,N,N,NULL,NULL,NULL,N,NULL,NULL,NULL,NULL,NULL,NULL,55.844,NULL,NULL,NULL,NULL,,NULL,0,0,2,2,N,N,35,NULL,98,9804,NULL,,Y,37.52279,37,31.367,NULL,-82.15535,82,9.321,NULL,N,NULL,NULL,NULL,NULL,NULL,NULL,NULL,NULL,5,3,2,6,1,5,3,2,7,3,N,NULL,Y,Y,1314,1319,1340,N,NULL,49,7,0,N,,N,N,,NULL,NULL,2022,O,7.2724E+11,098-KY-0194  -000,HIGH,098-KY-0194  -000,55.844,0,0,0,1,0,0,0,0,0,0,0,0,0