MasterFile,AgencyORINumber,LocalCode,CollisionDate,CollisionTime,CollisionDayWeekCode,RoadwayName_HouseBusinessNumber_,RoadwayName_RoadwayName_,RoadwayName_Direction_,RoadwayName_RoadwaySuffix_,RoadwayfromReport,CurrentRoadwayNumber,RoadwayNumberCoupletID,RSEUniqueGIS,RoadwayIdentifier,ParkingLotIndicator,IntersectionWith_Indicator_,IntersectionWith_NameRoadway_,IntersectionWith_Direction_,IntersectionWith_RoadwaySuffix_,BetweenStreets_Indicator_,BetweenStreets1_NameRoadway_,BetweenStreet1_Direction_,BetweenStreets1_RoadwaySuffix_,BetweenStreets2_NameRoadway_,BetweenStreets2_Direction_,BetweenStreets2_RoadwaySuffix_,Milepoint,ReportMilepointDeriveNumber,CurrentDerivedMiepointNumber,MilestoMilepoint,FeettoMilepoint,DirectionfromMilepoint_NSEW_,ValidMilepointIndicator,NumberInjured,NumberKilled,ofUnits,ofMotorVehicleUnits,Hit&RunIndicator,OneWayIndicator,SpeedLimitNumber,KilometersIndicator,CountyCode,CityCountyCode,MilesFromCity,DirectionFromCity_NSEW_,InCityLimitsIndicator,Latitude,LatitudeDegrees,LatitudeMinutes,LatitudeSeconds,Longitude,LongitudeDegrees,LongitudeMinutes,LongitudeSeconds,RampIndicator,RampFromIdentifier,RampFromDirCode,RampFromCoupletID,RSEUniqueGISRampFrom,RampToidentifier,RampToDirCode,RampToCoupletID,RSEUniqueGisRampTo,MannerofCollisionCode,LocationFirstEventCode,TotalLanes,RoadwayCharacterCode,RoadwaySurfaceCode,RoadwayConditionCode,WeatherCode,LightConditionCode,LandUseCode,SchoolBusRelatedCode,FirstAidSceneIndicator,CollDescPresentInd,InvestigationCompleteIndicator,PhotosTakenIndicator,TimeNotified,TimeArrived,TimeRoadwayOpened,PropertyDamageIndicator,DiagramPresentIndicator,DirectionalAnalysis,FunctionClassCode,NationalHwySysCode,EnforcementsIndicator,KARSCityCode,SecondaryCollisionIndicator,MedianCrossoverIndicator,RT_UNIQUE,MapIt,TimeLastLeft,YR,KABCO,MFNY,WorkingRID,RT_CONFIDENCE,KTC_RT,KTC_MP,Motorcyclist,CommercialVehicle,YoungDriver,MatureDriver,pedestrian,Bicyclist,Distracted,agressive,Impaired,Unrestrained,Intersection,RoadwayDeparture,MedXover
72723026,KSP0900,22-24584,20220120,1815,,,FISHTRAP,,RD,KY1441,KY1441,0,098 KY-1441,KY1441,N,N,NULL,NULL,NULL,N,NULL,NULL,NULL,NULL,NULL,NULL,9.752,NULL,NULL,NULL,NULL,,NULL,0,0,1,1,N,N,45,NULL,98,9850,NULL,,Y,37.51251,37,30.751,NULL,-82.44935,82,26.961,NULL,N,NULL,NULL,NULL,NULL,NULL,NULL,NULL,NULL,9,5,2,6,1,5,9,6,7,3,N,NULL,Y,N,1743,1753,1845,Y,NULL,51,8,0,N,,N,N,098-KY-1441-0,NULL,NULL,2022,O,7.2723E+11,098-KY-1441  -000,HIGH,098-KY-1441  -000,9.752,0,0,0,0,0,0,0,1,1,0,0,1,0
72723146,KSP0900,2022-20624,20220117,900,,,KY199,,,KY0199,KY0199,0,098 KY-199,KY0199,N,N,NULL,NULL,NULL,N,NULL,NULL,NULL,NULL,NULL,NULL,9.657,NULL,NULL,NULL,NULL,,NULL,0,0,1,1,N,N,35,NULL,98,9851,NULL,,Y,37.5803,37,34.818,NULL,-82.27052,82,16.231,NULL,N,NULL,NULL,NULL,NULL,NULL,NULL,NULL,NULL,9,3,2,3,1,4,8,2,7,3,N,NULL,Y,N,900,900,900,N,NULL,44,7,0,N,,N,N,098-KY-0199-0,NULL,NULL,2022,O,7.27231E+11,098-KY-0199  -000,HIGH,098-KY-0199  -000,9.657,0,0,1,0,0,0,0,0,0,0,0,1,0
72764675,980100,2.022E+11,20220507,724,,,KY1426,,,KY1426,KY1426,0,098 KY-1426,KY1426,N,N,NULL,NULL,NULL,N,NULL,NULL,NULL,NULL,NULL,NULL,8.016,NULL,NULL,NULL,NULL,,NULL,0,0,1,1,N,N,55,NULL,98,9801,NULL,,Y,37.49131,37,29.479,NULL,-82.49161,82,29.496,NULL,N,NULL,NULL,NULL,NULL,NULL,NULL,NULL,NULL,9,3,2,2,1,5,6,2,1,3,N,NULL,Y,N,724,728,,N,NULL,44,,0,N,,N,N,098-KY-1426-0,NULL,NULL,2022,O,7.27647E+11,098-KY-1426  -000,HIGH,098-KY-1426  -000,8.016,0,0,0,0,0,0,0,0,0,0,0,1,0
72747437,KSP0900,22-95788,20220316,1238,,,TOLER,,RD,KY0319,KY0319,0,098 KY-319,KY0319,N,N,NULL,NULL,NULL,N,NULL,NULL,NULL,NULL,NULL,NULL,2.853,NULL,NULL,NULL,NULL,,NULL,0,0,1,1,N,N,45,NULL,98,9842,NULL,,Y,37.60372,37,36.223,NULL,-82.21489,82,12.894,NULL,N,NULL,NULL,NULL,NULL,NULL,NULL,NULL,NULL,9,6,2,3,1,1,3,2,7,3,N,NULL,Y,N,1239,1245,1435,Y,NULL,40,7,0,N,,N,N,098-KY-0319-0,NULL,NULL,2022,O,7.27474E+11,098-KY-0319  -000,HIGH,098-KY-0319  -000,2.853,0,0,0,0,0,0,0,0,0,0,0,1,0
72754813,980100,2.022E+11,20220423,2153,,,HAMBLEY,,BLVD,,,,,,Y,N,NULL,NULL,NULL,N,NULL,NULL,NULL,NULL,NULL,NULL,0.463,NULL,NULL,NULL,NULL,,NULL,0,0,2,2,Y,N,NULL,NULL,98,9801,NULL,,Y,37.47799,37,28.679,NULL,-82.52078,82,31.247,NULL,N,NULL,NULL,NULL,NULL,NULL,NULL,NULL,NULL,7,97,2,6,2,1,2,5,1,3,N,NULL,Y,N,2153,2201,2201,N,NULL,90,,,N,,N,N,,NULL,NULL,2022,NULL,7.27548E+11,098-CS-1222  -000,MEDIUM,098-CS-1222  -000,0.463,0,0,0,0,0,0,0,0,0,0,0,0,0
72765999,980000,22-05-006,20220526,1145,,,KY194,,,KY0194,KY0194,0,098 KY-194,KY0194,Y,N,NULL,NULL,NULL,N,NULL,NULL,NULL,NULL,NULL,NULL,7.781,NULL,NULL,NULL,NULL,,NULL,0,0,2,2,N,N,10,NULL,98,9801,NULL,,Y,37.61519,37,36.911,NULL,-82.53799,82,32.28,NULL,N,NULL,NULL,NULL,NULL,NULL,NULL,NULL,NULL,2,97,2,6,3,8,2,2,5,3,N,NULL,Y,Y,1145,1212,1145,N,NULL,90,7,0,N,,N,N,098-KY-0194-0,NULL,NULL,2022,O,7.2766E+11,098-KY-0194  -000,HIGH,098-KY-0194  -000,7.781,0,1,0,1,0,0,1,0,0,0,0,0,0
72767357,KSP0900,22-197892,20220528,449,,,US119,,,US0119,US0119,0,098 US-119,US0119,N,N,NULL,NULL,NULL,N,NULL,NULL,NULL,NULL,NULL,NULL,21.129,NULL,NULL,NULL,NULL,,NULL,0,0,1,1,N,N,55,NULL,98,9836,NULL,,Y,37.62366,37,37.42,NULL,-82.26712,82,16.027,NULL,N,NULL,NULL,NULL,NULL,NULL,NULL,NULL,NULL,9,97,2,3,1,5,3,7,8,3,N,NULL,Y,N,456,549,549,Y,NULL,40,2,1,N,,N,N,098-US-0119-0,NULL,NULL,2022,O,7.27674E+11,098-US-0119  -000,HIGH,098-US-0119  -000,21.129,0,0,0,0,0,0,1,0,0,0,0,1,0
72720901,KSP0900,22-14844,20220112,1650,,,COLLINS,,HWY,KY0122,KY0122,0,098 KY-122,KY0122,Y,N,NULL,NULL,NULL,N,NULL,NULL,NULL,NULL,NULL,NULL,10.739,NULL,NULL,NULL,NULL,,NULL,0,0,2,2,N,N,15,NULL,98,9824,NULL,,Y,37.38722,37,23.233,NULL,-82.53754,82,32.252,NULL,N,NULL,NULL,NULL,NULL,NULL,NULL,NULL,NULL,1,97,2,6,1,1,2,2,1,3,N,NULL,Y,N,1650,1705,1705,N,NULL,90,,0,N,,N,N,098-KY-0122-0,NULL,NULL,2022,O,7.27209E+11,098-KY-0122  -000,HIGH,098-KY-0122  -000,10.739,0,0,0,1,0,0,0,0,0,0,0,0,0
72761916,KSP0900,22-133721,20220413,1300,,,PETER FORK,,RD,,,0,098 CR-1527,CR1527,N,N,NULL,NULL,NULL,N,NULL,NULL,NULL,NULL,NULL,NULL,0.708,NULL,NULL,NULL,NULL,,NULL,0,0,2,2,N,N,35,NULL,98,9863,NULL,,Y,37.58381,37,35.028,NULL,-82.16631,82,9.979,NULL,N,NULL,NULL,NULL,NULL,NULL,NULL,NULL,NULL,7,3,1,3,1,5,3,2,7,3,N,NULL,Y,N,1305,1305,1305,N,NULL,54,,,N,,N,N,098-CR-1527-0,NULL,NULL,2022,O,7.27619E+11,098-CR-1527  -000,HIGH,098-CR-1527  -000,0.708,0,0,0,0,0,0,1,0,0,0,0,1,0
72756389,980100,2.022E+11,20220428,1519,,,HAMBLEY,,BLVD,,,0,098 CS-1222,CS1222,Y,N,NULL,NULL,NULL,N,NULL,NULL,NULL,NULL,NULL,NULL,0.303,NULL,NULL,NULL,NULL,,NULL,0,0,2,2,N,N,15,NULL,98,9801,NULL,,Y,37.4763,37,28.578,NULL,-82.52258,82,31.354,NULL,N,NULL,NULL,NULL,NULL,NULL,NULL,NULL,NULL,7,97,2,6,1,1,2,2,1,3,N,NULL,Y,N,1519,1522,,N,NULL,90,,,N,,N,N,098-CS-1222-0,NULL,NULL,2022,O,7.27564E+11,098-CS-1222  -000,HIGH,098-CS-1222  -000,0.303,0,0,0,0,0,0,0,0,0,0,0,0,0
72756653,980100,2.022E+11,20220423,1810,,,BYPASS,N,RD,KY1460,KY1460,0,098 KY-1460,KY1460,N,N,NULL,NULL,NULL,N,NULL,NULL,NULL,NULL,NULL,NULL,5.192,NULL,NULL,NULL,NULL,,NULL,1,0,2,2,N,N,45,NULL,98,9801,NULL,,Y,37.48429,37,29.058,NULL,-82.51468,82,30.881,NULL,N,NULL,NULL,NULL,NULL,NULL,NULL,NULL,NULL,3,3,2,3,1,1,2,2,1,3,N,NULL,N,Y,1810,1811,1900,N,NULL,47,16,0,Y,,N,N,098-KY-1460-0,NULL,NULL,2022,B,7.27567E+11,098-KY-1460  -000,HIGH,098-KY-1460  -000,5.192,0,0,0,1,0,0,0,0,1,0,0,0,0
72756631,980100,2.022E+11,20220430,1735,,,CASSIDY,,BLVD,,,0,098 CS-1191,CS1191,Y,N,NULL,NULL,NULL,N,NULL,NULL,NULL,NULL,NULL,NULL,0.183,NULL,NULL,NULL,NULL,,NULL,0,0,2,2,N,N,NULL,NULL,98,9801,NULL,,Y,37.50385,37,30.231,NULL,-82.535,82,32.1,NULL,N,NULL,NULL,NULL,NULL,NULL,NULL,NULL,NULL,7,97,NULL,6,1,1,2,2,1,3,N,NULL,Y,N,1735,1739,1739,N,NULL,90,,,N,,N,N,098-CS-1191-0,NULL,NULL,2022,O,7.27566E+11,098-CS-1191  -000,HIGH,098-CS-1191  -000,0.183,0,0,0,0,0,0,1,0,0,0,0,0,0
72794826,980100,2.022E+11,20220811,832,,,US23,,,US0023,US0023,0,098 US-23-10,US0023,N,N,NULL,NULL,NULL,N,NULL,NULL,NULL,NULL,NULL,NULL,26.835,NULL,NULL,NULL,NULL,,NULL,0,0,2,2,N,N,45,NULL,98,9801,NULL,,Y,37.50933,37,30.56,NULL,-82.53844,82,32.307,NULL,N,NULL,NULL,NULL,NULL,NULL,NULL,NULL,NULL,5,3,4,6,1,5,3,2,7,3,N,NULL,Y,N,833,841,,N,NULL,70,,1,N,,N,N,098-US-0023-10,NULL,NULL,2022,O,7.27948E+11,098-US-0023  -010,HIGH,098-US-0023  -000,26.835,0,0,0,1,0,0,1,0,0,0,0,0,0
72723010,980100,2.022E+11,20220119,1334,,,KY1460,,,KY1460,KY1460,0,098 KY-1460,KY1460,N,N,NULL,NULL,NULL,N,NULL,NULL,NULL,NULL,NULL,NULL,6.825,NULL,NULL,NULL,NULL,,NULL,0,0,2,2,N,N,45,NULL,98,9801,NULL,,Y,37.48395,37,29.037,NULL,-82.54188,82,32.513,NULL,N,NULL,NULL,NULL,NULL,NULL,NULL,NULL,NULL,5,3,2,3,1,5,6,2,7,3,N,NULL,Y,N,1335,1338,1339,N,NULL,49,16,0,N,,N,N,098-KY-1460-0,NULL,NULL,2022,O,7.2723E+11,098-KY-1460  -000,HIGH,098-KY-1460  -000,6.825,0,0,1,0,0,0,0,0,0,0,0,0,0
72711905,KSP0900,21-507538,20211214,2107,,,KY195,,,KY0195,KY0195,0,098 KY-195,KY0195,N,N,NULL,NULL,NULL,N,NULL,NULL,NULL,NULL,NULL,NULL,4.988,NULL,NULL,NULL,NULL,,NULL,1,0,1,1,N,N,35,NULL,98,9818,NULL,,Y,37.31398,37,18.839,NULL,-82.47391,82,28.434,NULL,N,NULL,NULL,NULL,NULL,NULL,NULL,NULL,NULL,9,4,2,3,1,1,2,6,7,3,Y,NULL,Y,Y,2108,2115,2115,Y,NULL,40,8,0,Y,,N,N,098-KY-0195-0,NULL,NULL,2021,B,7.27119E+11,098-KY-0195  -000,HIGH,098-KY-0195  -000,4.988,0,0,0,0,0,0,0,0,1,1,0,1,0
72755132,KSP0900,22-154088,20220427,1521,,,US23,,,US0023,US0023,0,098 US-23-10,US0023,N,N,NULL,NULL,NULL,N,NULL,NULL,NULL,NULL,NULL,NULL,11.793,NULL,NULL,NULL,NULL,,NULL,0,0,2,2,N,N,55,NULL,98,9801,6,S,N,37.36022,37,21.613,NULL,-82.55506,82,33.304,NULL,N,NULL,NULL,NULL,NULL,NULL,NULL,NULL,NULL,1,3,4,6,1,1,2,2,7,3,N,NULL,Y,N,1521,1534,1630,N,NULL,55,,1,N,,N,N,098-US-0023-10,NULL,NULL,2022,O,7.27551E+11,098-US-0023  -010,HIGH,098-US-0023  -000,11.793,0,0,0,0,0,0,0,1,0,0,0,0,0
72755643,980100,2.022E+11,20220426,1347,,231,HIBBARD,,ST,,,0,098 CS-1053,CS1053,Y,N,NULL,NULL,NULL,N,NULL,NULL,NULL,NULL,NULL,NULL,0.026,NULL,NULL,NULL,NULL,,NULL,0,0,1,1,N,N,NULL,NULL,98,9801,NULL,,Y,37.47347,37,28.408,NULL,-82.52679,82,31.607,NULL,N,NULL,NULL,NULL,NULL,NULL,NULL,NULL,NULL,9,97,1,6,1,1,2,2,1,3,N,NULL,Y,N,1352,1353,1353,Y,NULL,90,,,N,,N,N,098-CS-1053-0,NULL,NULL,2022,O,7.27556E+11,098-CS-1053  -000,HIGH,098-CS-1053  -000,0.026,0,0,0,0,0,0,1,0,0,0,0,1,0
72732114,980100,2.022E+11,20220215,1824,,105,RAINBOW,,LN,,,0,098 CS-1006,CS1006,N,N,NULL,NULL,NULL,N,NULL,NULL,NULL,NULL,NULL,NULL,0.022,NULL,NULL,NULL,NULL,,NULL,0,0,1,1,N,N,35,NULL,98,9801,NULL,,Y,37.4426,37,26.556,NULL,-82.5221,82,31.326,NULL,N,NULL,NULL,NULL,NULL,NULL,NULL,NULL,NULL,9,97,2,6,1,1,2,5,6,3,N,NULL,Y,N,1825,1833,1833,Y,NULL,40,,,N,,N,N,098-CS-1006-0,NULL,NULL,2022,O,7.27321E+11,098-CS-1006  -000,HIGH,098-CS-1006  -000,0.022,0,0,0,1,0,0,1,0,0,0,0,1,0
72752898,KSP0900,22-137728,20220416,140,,,ROCKHOUSE,,RD,,,0,098 CR-1113,CR1113,N,N,NULL,NULL,NULL,N,NULL,NULL,NULL,NULL,NULL,NULL,1.318,NULL,NULL,NULL,NULL,,NULL,0,0,1,1,N,N,25,NULL,98,9860,NULL,,Y,37.44436,37,26.662,NULL,-82.12975,82,7.785,NULL,N,NULL,NULL,NULL,NULL,NULL,NULL,NULL,NULL,9,3,1,5,1,1,2,4,7,3,N,NULL,Y,N,140,140,140,N,NULL,70,,,N,,N,N,098-CR-1113-0,NULL,NULL,2022,O,7.27529E+11,098-CR-1113  -000,HIGH,098-CR-1113  -000,1.318,0,0,0,0,0,0,0,0,0,0,0,0,0
72702716,KSP0900,21-486261,20211129,800,,,US460,,,US0460,US0460,0,098 US-460,US0460,N,N,NULL,NULL,NULL,N,NULL,NULL,NULL,NULL,NULL,NULL,3.826,NULL,NULL,NULL,NULL,,NULL,0,0,2,2,N,N,45,NULL,98,9832,NULL,,Y,37.42091,37,25.254,NULL,-82.4649,82,27.894,NULL,N,NULL,NULL,NULL,NULL,NULL,NULL,NULL,NULL,5,3,2,6,1,1,2,2,6,3,N,NULL,Y,N,806,821,802,N,NULL,49,,1,N,,N,N,098-US-0460-0,NULL,NULL,2021,O,7.27027E+11,098-US-0460  -000,HIGH,098-US-0460  -000,3.826,0,0,0,0,0,0,1,0,0,0,0,0,0
72755955,980100,2.022E+11,20220429,2239,,,US23,,,US0023,US0023,0,098 US-23-10,US0023,N,N,NULL,NULL,NULL,N,NULL,NULL,NULL,NULL,NULL,NULL,27.302,NULL,NULL,NULL,NULL,,NULL,0,0,2,2,Y,N,55,NULL,98,9801,NULL,,Y,37.51052,37,30.631,NULL,-82.54735,82,32.841,NULL,N,NULL,NULL,NULL,NULL,NULL,NULL,NULL,NULL,8,3,4,6,1,1,2,6,7,3,N,NULL,Y,N,2239,2240,2240,N,NULL,53,,1,N,,N,N,098-US-0023-10,NULL,NULL,2022,O,7.2756E+11,098-US-0023  -010,HIGH,098-US-0023  -000,27.302,0,0,0,0,0,0,0,0,0,0,0,1,0
72720067,980100,2.022E+11,20220112,1212,,,CASSIDY,,BLVD,,,0,098 CS-1191,CS1191,N,N,NULL,NULL,NULL,N,NULL,NULL,NULL,NULL,NULL,NULL,0.242,NULL,NULL,NULL,NULL,,NULL,0,0,2,2,N,N,15,NULL,98,9801,NULL,,Y,37.50449,37,30.27,NULL,-82.53583,82,32.15,NULL,N,NULL,NULL,NULL,NULL,NULL,NULL,NULL,NULL,1,3,3,6,1,1,2,2,1,3,N,NULL,Y,N,1213,1223,1223,N,NULL,55,,,N,,N,N,098-CS-1191-0,NULL,NULL,2022,O,7.27201E+11,098-CS-1191  -000,HIGH,098-CS-1191  -000,0.242,0,0,0,1,0,0,1,0,0,0,0,0,0
72720902,KSP0900,22-14843,20220112,1535,,,US460,,,US0460,US0460,0,098 US-460,US0460,N,N,NULL,NULL,NULL,N,NULL,NULL,NULL,NULL,NULL,NULL,4.778,NULL,NULL,NULL,NULL,,NULL,1,0,2,2,N,N,45,NULL,98,9832,NULL,,Y,37.41179,37,24.707,NULL,-82.44965,82,26.979,NULL,N,NULL,NULL,NULL,NULL,NULL,NULL,NULL,NULL,1,3,2,6,1,1,2,2,7,3,Y,NULL,Y,Y,1535,1538,1620,N,NULL,55,,1,N,,N,N,098-US-0460-0,NULL,NULL,2022,B,7.27209E+11,098-US-0460  -000,HIGH,098-US-0460  -000,4.778,0,0,1,0,0,0,0,1,0,0,0,0,0
72700334,KSP0900,21-477765,20211122,1701,,,FISHTRAP,,RD,KY1441,KY1441,,,,N,N,NULL,NULL,NULL,N,NULL,NULL,NULL,NULL,NULL,NULL,10.628,NULL,NULL,NULL,NULL,,NULL,0,0,2,2,N,N,45,NULL,98,9850,NULL,,Y,37.52351,37,31.411,NULL,-82.45579,82,27.347,NULL,N,NULL,NULL,NULL,NULL,NULL,NULL,NULL,NULL,7,3,2,6,1,1,2,3,7,3,N,NULL,Y,Y,1635,1708,1850,N,NULL,54,8,0,N,,N,N,,NULL,NULL,2021,O,7.27003E+11,098-KY-1441  -000,HIGH,098-KY-1441  -000,10.628,0,0,0,1,0,0,1,0,0,0,0,1,0
72705491,980100,2.021E+11,20211130,1823,,2138,US460,,,US0460,US0460,,,,Y,N,NULL,NULL,NULL,N,NULL,NULL,NULL,NULL,NULL,NULL,0.202,NULL,NULL,NULL,NULL,,NULL,0,0,2,2,N,N,NULL,NULL,98,9801,NULL,,Y,37.43958,37,26.375,NULL,-82.5092,82,30.552,NULL,N,NULL,NULL,NULL,NULL,NULL,NULL,NULL,NULL,5,97,NULL,6,1,1,2,8,1,3,N,NULL,Y,N,1823,1833,1833,N,NULL,90,,1,N,,N,N,,NULL,NULL,2021,O,7.27055E+11,098-US-0460  -000,HIGH,098-US-0460  -000,0.202,0,0,0,0,0,0,1,0,0,0,0,0,0
72691353,KSP0900,21-450094,20211102,1305,,,KY194,,,KY0194,KY0194,0,098 KY-194,KY0194,N,N,NULL,NULL,NULL,N,NULL,NULL,NULL,NULL,NULL,NULL,19.167,NULL,NULL,NULL,NULL,,NULL,0,0,1,1,N,N,55,NULL,98,9817,NULL,,Y,37.55401,37,33.241,NULL,-82.41465,82,24.879,NULL,N,NULL,NULL,NULL,NULL,NULL,NULL,NULL,NULL,9,3,2,3,1,5,3,2,7,3,N,NULL,Y,N,1305,1310,1325,N,NULL,44,6,0,N,,N,N,098-KY-0194-0,NULL,NULL,2021,O,7.26914E+11,098-KY-0194  -000,HIGH,098-KY-0194  -000,19.167,0,0,1,0,0,0,0,1,0,0,0,1,0
72711383,980100,2.021E+11,20211214,1738,,,US23,,,US0023,US0023,0,098 US-23,US0023,N,N,NULL,NULL,NULL,N,NULL,NULL,NULL,NULL,NULL,NULL,26.28,NULL,NULL,NULL,NULL,,NULL,0,0,2,2,N,N,55,NULL,98,9801,NULL,,Y,37.50361,37,30.217,NULL,-82.53215,82,31.929,NULL,N,NULL,NULL,NULL,NULL,NULL,NULL,NULL,NULL,5,3,4,6,1,1,2,2,7,3,N,NULL,Y,N,1738,1738,,N,NULL,49,,1,Y,,N,N,098-US-0023-0,NULL,NULL,2021,O,7.27114E+11,098-US-0023  -000,HIGH,098-US-0023  -000,26.28,0,0,0,0,0,0,1,0,1,0,0,0,0
72669035,980100,2.021E+11,20210910,1345,,254,CASSIDY,,BLVD,,,0,098 CS-1191,CS1191,Y,N,NULL,NULL,NULL,N,NULL,NULL,NULL,NULL,NULL,NULL,0.043,NULL,NULL,NULL,NULL,,NULL,0,0,2,2,N,N,NULL,NULL,98,9801,NULL,,Y,37.5037,37,30.222,NULL,-82.53287,82,31.972,NULL,N,NULL,NULL,NULL,NULL,NULL,NULL,NULL,NULL,2,97,1,6,1,1,2,2,1,3,N,NULL,Y,N,1345,1353,1354,N,NULL,90,,,N,,N,N,098-CS-1191-0,NULL,NULL,2021,O,7.2669E+11,098-CS-1191  -000,HIGH,098-CS-1191  -000,0.043,0,0,0,0,0,0,1,0,0,0,0,0,0
72630830,KSP0900,21-223248,20210531,2300,,,FERRELLS CREEK,,RD,US0460,US0460,0,098 US-460,US0460,N,N,NULL,NULL,NULL,N,NULL,NULL,NULL,NULL,NULL,NULL,21.408,NULL,NULL,NULL,NULL,,NULL,0,0,1,1,N,N,55,NULL,98,9847,NULL,,Y,37.37727,37,22.636,NULL,-82.27197,82,16.318,NULL,N,NULL,NULL,NULL,NULL,NULL,NULL,NULL,NULL,9,3,2,4,1,1,2,6,7,3,N,NULL,Y,N,2300,2301,2310,N,NULL,38,,1,N,,N,N,098-US-0460-0,NULL,NULL,2021,O,7.26308E+11,098-US-0460  -000,HIGH,098-US-0460  -000,21.408,0,0,0,0,0,0,0,0,0,0,0,0,0
72705077,KSP0900,21-494851,20211205,800,,,US119,,,US0119,US0119,0,098 US-119,US0119,N,N,NULL,NULL,NULL,N,NULL,NULL,NULL,NULL,NULL,NULL,19.258,NULL,NULL,NULL,NULL,,NULL,1,0,1,1,N,N,55,NULL,98,9836,NULL,,Y,37.60483,37,36.29,NULL,-82.27312,82,16.387,NULL,N,NULL,NULL,NULL,NULL,NULL,NULL,NULL,NULL,9,5,2,6,1,1,2,2,7,3,Y,NULL,Y,Y,800,818,844,N,NULL,40,2,1,N,,N,N,098-US-0119-0,NULL,NULL,2021,C,7.27051E+11,098-US-0119  -000,HIGH,098-US-0119  -000,19.258,0,0,0,0,0,0,1,0,0,1,0,1,0
72651142,KSP0900,21-307269,20210724,2207,,,US119,,,US0119,US0119,0,098 US-119-10,US0119,N,N,NULL,NULL,NULL,N,NULL,NULL,NULL,NULL,NULL,NULL,8.128,NULL,NULL,NULL,NULL,,NULL,0,0,1,1,N,N,55,NULL,98,9801,NULL,,Y,37.56009,37,33.605,NULL,-82.42255,82,25.353,NULL,N,NULL,NULL,NULL,NULL,NULL,NULL,NULL,NULL,9,3,2,4,1,1,2,5,7,3,N,NULL,Y,N,2207,2230,2230,N,NULL,38,2,1,N,,N,N,098-US-0119-10,NULL,NULL,2021,O,7.26511E+11,098-US-0119  -010,HIGH,098-US-0119  -000,8.128,0,0,0,0,0,0,0,0,0,0,0,0,0
72607840,980100,2.021E+11,20210322,2226,,,CHLOE,,RD,KY1460,KY1460,,,,N,N,NULL,NULL,NULL,N,NULL,NULL,NULL,NULL,NULL,NULL,4.414,NULL,NULL,NULL,NULL,,NULL,0,0,1,1,N,N,35,NULL,98,9801,NULL,,Y,37.47733,37,28.64,NULL,-82.50388,82,30.233,NULL,N,NULL,NULL,NULL,NULL,NULL,NULL,NULL,NULL,9,6,2,3,1,1,2,6,7,3,N,NULL,Y,N,2226,2229,2229,N,NULL,44,,0,N,,N,N,,NULL,NULL,2021,O,7.26078E+11,098-KY-1460  -000,HIGH,098-KY-1460  -000,4.414,0,0,0,1,0,0,0,0,0,0,0,1,0
72657769,980100,2.021E+11,20210809,1534,,,CASSIDY,,BLVD,,,0,098 CS-1191,CS1191,N,N,NULL,NULL,NULL,N,NULL,NULL,NULL,NULL,NULL,NULL,0.293,NULL,NULL,NULL,NULL,,NULL,0,0,2,2,N,N,15,NULL,98,9801,NULL,,Y,37.50641,37,30.385,NULL,-82.53716,82,32.229,NULL,N,NULL,NULL,NULL,NULL,NULL,NULL,NULL,NULL,1,97,2,6,1,1,2,2,1,3,N,NULL,Y,N,1534,1548,1600,N,NULL,55,,,N,,N,N,098-CS-1191-0,NULL,NULL,2021,O,7.26578E+11,098-CS-1191  -000,HIGH,098-CS-1191  -000,0.293,0,0,1,0,0,0,1,0,0,0,0,0,0
72681409,980100,2.021E+11,20211010,1312,,,HIBBARD,,ST,,,0,098 CS-1053,CS1053,N,N,NULL,NULL,NULL,N,NULL,NULL,NULL,NULL,NULL,NULL,0.24,NULL,NULL,NULL,NULL,,NULL,0,0,1,1,N,N,25,NULL,98,9801,NULL,,Y,37.47516,37,28.51,NULL,-82.52378,82,31.427,NULL,N,NULL,NULL,NULL,NULL,NULL,NULL,NULL,NULL,9,6,2,6,1,1,2,2,7,3,N,NULL,Y,N,1312,1320,1320,N,NULL,44,,,N,,N,N,098-CS-1053-0,NULL,NULL,2021,O,7.26814E+11,098-CS-1053  -000,HIGH,098-CS-1053  -000,0.24,0,0,0,0,0,0,1,0,1,0,0,1,0
72701295,KSP0900,21-478000,20211122,1819,,,US460,,,US0460,US0460,0,098 US-460,US0460,N,N,NULL,NULL,NULL,N,NULL,NULL,NULL,NULL,NULL,NULL,4.879,NULL,NULL,NULL,NULL,,NULL,0,0,2,2,Y,N,55,NULL,98,9832,NULL,,Y,37.41236,37,24.742,NULL,-82.45043,82,27.026,NULL,N,NULL,NULL,NULL,NULL,NULL,NULL,NULL,NULL,4,3,2,6,1,1,2,6,7,3,N,NULL,Y,N,1914,1914,1819,N,NULL,70,,1,N,,N,N,098-US-0460-0,NULL,NULL,2021,O,7.27013E+11,098-US-0460  -000,HIGH,098-US-0460  -000,4.879,0,0,0,0,0,0,1,1,0,0,0,0,0