MasterFile,AgencyORINumber,LocalCode,CollisionDate,CollisionTime,CollisionDayWeekCode,RoadwayName_HouseBusinessNumber_,RoadwayName_RoadwayName_,RoadwayName_Direction_,RoadwayName_RoadwaySuffix_,RoadwayfromReport,CurrentRoadwayNumber,RoadwayNumberCoupletID,RSEUniqueGIS,RoadwayIdentifier,ParkingLotIndicator,IntersectionWith_Indicator_,IntersectionWith_NameRoadway_,IntersectionWith_Direction_,IntersectionWith_RoadwaySuffix_,BetweenStreets_Indicator_,BetweenStreets1_NameRoadway_,BetweenStreet1_Direction_,BetweenStreets1_RoadwaySuffix_,BetweenStreets2_NameRoadway_,BetweenStreets2_Direction_,BetweenStreets2_RoadwaySuffix_,Milepoint,ReportMilepointDeriveNumber,CurrentDerivedMiepointNumber,MilestoMilepoint,FeettoMilepoint,DirectionfromMilepoint_NSEW_,ValidMilepointIndicator,NumberInjured,NumberKilled,ofUnits,ofMotorVehicleUnits,Hit&RunIndicator,OneWayIndicator,SpeedLimitNumber,KilometersIndicator,CountyCode,CityCountyCode,MilesFromCity,DirectionFromCity_NSEW_,InCityLimitsIndicator,Latitude,LatitudeDegrees,LatitudeMinutes,LatitudeSeconds,Longitude,LongitudeDegrees,LongitudeMinutes,LongitudeSeconds,RampIndicator,RampFromIdentifier,RampFromDirCode,RampFromCoupletID,RSEUniqueGISRampFrom,RampToidentifier,RampToDirCode,RampToCoupletID,RSEUniqueGisRampTo,MannerofCollisionCode,LocationFirstEventCode,TotalLanes,RoadwayCharacterCode,RoadwaySurfaceCode,RoadwayConditionCode,WeatherCode,LightConditionCode,LandUseCode,SchoolBusRelatedCode,FirstAidSceneIndicator,CollDescPresentInd,InvestigationCompleteIndicator,PhotosTakenIndicator,TimeNotified,TimeArrived,TimeRoadwayOpened,PropertyDamageIndicator,DiagramPresentIndicator,DirectionalAnalysis,FunctionClassCode,NationalHwySysCode,EnforcementsIndicator,KARSCityCode,SecondaryCollisionIndicator,MedianCrossoverIndicator,RT_UNIQUE,MapIt,TimeLastLeft,YR,KABCO,MFNY,WorkingRID,RT_CONFIDENCE,KTC_RT,KTC_MP,Motorcyclist,CommercialVehicle,YoungDriver,MatureDriver,pedestrian,Bicyclist,Distracted,agressive,Impaired,Unrestrained,Intersection,RoadwayDeparture,MedXover
72686684,KSP0900,21-437291,20211023,2100,,,TOLER,,RD,KY0319,KY0319,0,098 KY-319,KY0319,N,N,NULL,NULL,NULL,N,NULL,NULL,NULL,NULL,NULL,NULL,5.364,NULL,NULL,NULL,NULL,,NULL,0,0,1,1,N,N,35,NULL,98,9842,NULL,,Y,37.62534,37,37.52,NULL,-82.24675,82,14.805,NULL,N,NULL,NULL,NULL,NULL,NULL,NULL,NULL,NULL,9,3,2,6,1,1,2,6,7,3,N,NULL,Y,N,2100,2100,2100,N,NULL,40,7,0,N,,N,N,098-KY-0319-0,NULL,NULL,2021,O,7.26867E+11,098-KY-0319  -000,HIGH,098-KY-0319  -000,5.364,0,0,0,0,0,0,0,0,0,0,0,1,0
72676306,980100,2.021E+11,20210917,724,,,US23,,,US0023,US0023,,,,N,N,NULL,NULL,NULL,N,NULL,NULL,NULL,NULL,NULL,NULL,26.37,NULL,NULL,NULL,NULL,,NULL,0,0,2,2,N,N,55,NULL,98,9801,NULL,,Y,37.50486,37,30.292,NULL,-82.53255,82,31.953,NULL,N,NULL,NULL,NULL,NULL,NULL,NULL,NULL,NULL,5,3,4,6,1,1,2,2,7,3,N,NULL,Y,N,724,730,730,N,NULL,49,,1,N,,N,N,,NULL,NULL,2021,O,7.26763E+11,098-US-0023  -010,MEDIUM,098-US-0023  -000,26.37,0,0,0,0,0,0,1,0,0,0,0,0,0
72725809,KSP0900,21-026747,20220122,1450,,,US460,,,US0460,US0460,0,098 US-460,US0460,N,N,NULL,NULL,NULL,N,NULL,NULL,NULL,NULL,NULL,NULL,12.919,NULL,NULL,NULL,NULL,,NULL,0,0,3,3,N,N,55,NULL,98,9874,NULL,,Y,37.33756,37,20.254,NULL,-82.39326,82,23.595,NULL,N,NULL,NULL,NULL,NULL,NULL,NULL,NULL,NULL,5,3,2,4,1,1,2,2,7,3,N,NULL,Y,N,1434,1451,1530,N,NULL,49,,1,N,,N,N,098-US-0460-0,NULL,NULL,2022,O,7.27258E+11,098-US-0460  -000,HIGH,098-US-0460  -000,12.919,0,0,0,0,0,0,0,0,1,0,0,1,0
72696329,KSP0900,21-411828,20211005,1812,,,FERRELLS CREEK,,RD,US0460,US0460,0,098 US-460,US0460,N,N,NULL,NULL,NULL,N,NULL,NULL,NULL,NULL,NULL,NULL,21.147,NULL,NULL,NULL,NULL,,NULL,1,0,1,1,N,N,55,NULL,98,9847,NULL,,Y,37.375,37,22.5,NULL,-82.27528,82,16.517,NULL,N,NULL,NULL,NULL,NULL,NULL,NULL,NULL,NULL,9,5,2,4,1,1,2,2,7,3,Y,NULL,Y,Y,1817,1837,,N,NULL,51,,1,N,,N,N,098-US-0460-0,NULL,NULL,2021,C,7.26963E+11,098-US-0460  -000,HIGH,098-US-0460  -000,21.147,0,0,0,0,0,0,0,0,0,0,0,1,0
72727475,980100,2.022E+11,20220131,1050,,,US23,,,US0023,US0023,0,098 US-23,US0023,N,N,NULL,NULL,NULL,N,NULL,NULL,NULL,NULL,NULL,NULL,26.277,NULL,NULL,NULL,NULL,,NULL,0,0,2,2,N,N,55,NULL,98,9801,NULL,,Y,37.50356,37,30.214,NULL,-82.53214,82,31.928,NULL,N,NULL,NULL,NULL,NULL,NULL,NULL,NULL,NULL,5,3,4,6,1,1,3,2,7,3,N,NULL,Y,N,1050,1058,,N,NULL,49,,1,N,,N,N,098-US-0023-0,NULL,NULL,2022,O,7.27275E+11,098-US-0023  -000,HIGH,098-US-0023  -000,26.277,0,0,0,0,0,0,0,0,0,0,0,0,0
72728614,KSP0900,22-40445,20220202,1803,,,US119,,,US0119,US0119,0,098 US-119,US0119,N,N,NULL,NULL,NULL,N,NULL,NULL,NULL,NULL,NULL,NULL,0.124,NULL,NULL,NULL,NULL,,NULL,0,0,2,2,N,N,55,NULL,98,9801,2,W,N,37.50412,37,30.247,NULL,-82.52982,82,31.789,NULL,N,NULL,NULL,NULL,NULL,NULL,NULL,NULL,NULL,7,3,2,6,1,5,6,6,7,3,N,NULL,Y,N,1803,1814,1803,N,NULL,54,2,1,N,,N,N,098-US-0119-0,NULL,NULL,2022,O,7.27286E+11,098-US-0119  -000,HIGH,098-US-0119  -000,0.124,0,0,0,0,0,0,0,0,0,0,0,1,0
72645226,KSP0900,21-282312,20210708,1646,,,FISHTRAP,,RD,KY1441,KY1441,0,098 KY-1441,KY1441,N,N,NULL,NULL,NULL,N,NULL,NULL,NULL,NULL,NULL,NULL,11.208,NULL,NULL,NULL,NULL,,NULL,0,0,2,2,N,N,45,NULL,98,9850,NULL,,Y,37.53094,37,31.856,NULL,-82.45761,82,27.457,NULL,N,NULL,NULL,NULL,NULL,NULL,NULL,NULL,NULL,5,3,2,3,1,5,2,2,7,3,N,NULL,Y,N,1646,1704,1742,N,NULL,49,8,0,N,,N,N,098-KY-1441-0,NULL,NULL,2021,O,7.26452E+11,098-KY-1441  -000,HIGH,098-KY-1441  -000,11.208,0,0,0,0,0,0,1,0,0,0,0,0,0
72653429,KSP0900,21-313883,20210729,1041,,,KY80,,,KY0080,KY0080,0,098 KY-80,KY0080,N,N,NULL,NULL,NULL,N,NULL,NULL,NULL,NULL,NULL,NULL,1.84,NULL,NULL,NULL,NULL,,NULL,0,0,1,1,N,N,55,NULL,98,9802,NULL,,Y,37.31744,37,19.047,NULL,-82.36343,82,21.806,NULL,N,NULL,NULL,NULL,NULL,NULL,NULL,NULL,NULL,9,3,2,6,1,1,2,2,7,3,N,NULL,Y,N,1041,1043,1045,N,NULL,40,7,5,N,,N,N,098-KY-0080-0,NULL,NULL,2021,O,7.26534E+11,098-KY-0080  -000,HIGH,098-KY-0080  -000,1.84,0,0,0,1,0,0,0,0,0,0,0,1,0
72716776,980100,2.021E+11,20211130,1811,,,HAMBLEY,,BLVD,,,,,,Y,N,NULL,NULL,NULL,N,NULL,NULL,NULL,NULL,NULL,NULL,0.466,NULL,NULL,NULL,NULL,,NULL,0,0,2,2,Y,N,NULL,NULL,98,9801,NULL,,Y,37.47803,37,28.682,NULL,-82.52074,82,31.244,NULL,N,NULL,NULL,NULL,NULL,NULL,NULL,NULL,NULL,8,97,2,4,2,1,2,5,1,3,N,NULL,N,N,1811,1818,1818,N,NULL,90,,,N,,N,N,,NULL,NULL,2021,NULL,7.27168E+11,098-CS-1222  -000,MEDIUM,098-CS-1222  -000,0.466,0,0,0,0,0,0,0,0,0,0,0,0,0
72656917,980500,2021-AR029,20210810,1415,,5425,MAYO TRAIL,N,,,,0,098 CR-1426K,CR1426K,Y,N,NULL,NULL,NULL,N,NULL,NULL,NULL,NULL,NULL,NULL,NULL,NULL,NULL,NULL,NULL,NULL,NULL,0,0,2,2,N,N,15,NULL,98,9807,0.8,N,N,37.53938,37,32.363,NULL,-82.58185,82,34.911,NULL,N,NULL,NULL,NULL,NULL,NULL,NULL,NULL,NULL,2,97,1,2,1,1,3,2,1,3,N,NULL,Y,Y,1415,1425,1425,N,NULL,90,,,N,,N,N,098-CR-1426K-0,NULL,NULL,2021,O,7.26569E+11,098-CR-1426K -000,HIGH,098-CR-1426K -000,0.307,0,0,0,1,0,0,1,0,0,0,0,0,0
72641319,KSP0900,21-256127,20210621,1912,,4235,CHLOE,,RD,KY1460,KY1460,0,098 KY-1460,KY1460,N,N,NULL,NULL,NULL,N,NULL,NULL,NULL,NULL,NULL,NULL,0.882,NULL,NULL,NULL,NULL,,NULL,0,0,2,2,N,N,45,NULL,98,9801,NULL,,Y,37.44354,37,26.612,NULL,-82.47851,82,28.71,NULL,N,NULL,NULL,NULL,NULL,NULL,NULL,NULL,NULL,2,97,2,6,1,1,2,2,7,3,N,NULL,Y,N,1946,2029,,N,NULL,47,,0,N,,N,N,098-KY-1460-0,NULL,NULL,2021,O,7.26413E+11,098-KY-1460  -000,HIGH,098-KY-1460  -000,0.882,0,0,0,0,0,0,1,0,0,0,0,0,0
72708138,KSP0900,21-496953,20211206,1821,,,CHURCH,,ST,,,0,098 CS-3002,CS3002,Y,N,NULL,NULL,NULL,N,NULL,NULL,NULL,NULL,NULL,NULL,0.045,NULL,NULL,NULL,NULL,,NULL,0,0,2,2,N,N,NULL,NULL,98,9807,NULL,,Y,37.51585,37,30.951,NULL,-82.56371,82,33.823,NULL,N,NULL,NULL,NULL,NULL,NULL,NULL,NULL,NULL,2,97,1,6,1,1,2,6,1,3,N,NULL,Y,N,1937,1943,,N,NULL,90,,,N,,N,N,098-CS-3002-0,NULL,NULL,2021,O,7.27081E+11,098-CS-3002  -000,HIGH,098-CS-3002  -000,0.045,0,0,1,1,0,0,0,0,0,0,0,1,0
72695065,KSP0900,21-461605,20211110,1812,,,US460,,,US0460,US0460,0,098 US-460,US0460,N,N,NULL,NULL,NULL,N,NULL,NULL,NULL,NULL,NULL,NULL,1.329,NULL,NULL,NULL,NULL,,NULL,0,0,1,1,N,N,35,NULL,98,9824,NULL,,Y,37.42688,37,25.613,NULL,-82.50101,82,30.061,NULL,N,NULL,NULL,NULL,NULL,NULL,NULL,NULL,NULL,9,3,2,3,1,1,2,5,7,3,N,NULL,Y,N,1812,1932,1932,N,NULL,38,,1,N,,N,N,098-US-0460-0,NULL,NULL,2021,O,7.26951E+11,098-US-0460  -000,HIGH,098-US-0460  -000,1.329,0,0,0,0,0,0,0,0,0,0,0,0,0
72698127,980100,2.021E+11,20211117,1430,,,CASSIDY,,BLVD,,,0,098 CS-1191,CS1191,Y,N,NULL,NULL,NULL,N,NULL,NULL,NULL,NULL,NULL,NULL,0.123,NULL,NULL,NULL,NULL,,NULL,0,0,2,2,N,N,5,NULL,98,9801,NULL,,Y,37.50363,37,30.218,NULL,-82.5341,82,32.046,NULL,N,NULL,NULL,NULL,NULL,NULL,NULL,NULL,NULL,2,97,NULL,6,1,1,2,2,1,3,N,NULL,Y,N,1430,1436,,N,NULL,90,,,N,,N,N,098-CS-1191-0,NULL,NULL,2021,O,7.26981E+11,098-CS-1191  -000,HIGH,098-CS-1191  -000,0.123,0,0,0,0,0,0,1,0,0,0,0,0,0
72712843,980500,2021AR053,20211223,1000,,4367,N MAYO TRAIL,,,,,,,,Y,N,NULL,NULL,NULL,N,NULL,NULL,NULL,NULL,NULL,NULL,NULL,NULL,NULL,NULL,NULL,NULL,NULL,0,0,2,2,N,N,15,NULL,98,9807,NULL,,Y,37.5275,37,31.65,NULL,-82.5748,82,34.488,NULL,N,NULL,NULL,NULL,NULL,NULL,NULL,NULL,NULL,2,97,2,6,1,1,2,2,1,3,N,NULL,Y,Y,1000,1003,1020,N,NULL,90,,,N,,N,N,,NULL,NULL,2021,O,7.27128E+11,098-US-0023  -010,MEDIUM,098-US-0023  -000,29.295,0,0,0,1,0,0,1,0,0,0,0,0,0
72689745,KSP0900,21-445194,20211029,1800,,,KY3418,,,KY3418,KY3418,0,098 KY-3418,KY3418,N,N,NULL,NULL,NULL,N,NULL,NULL,NULL,NULL,NULL,NULL,4.703,NULL,NULL,NULL,NULL,,NULL,1,0,1,1,N,N,55,NULL,98,9836,NULL,,Y,37.45745,37,27.447,NULL,-82.38937,82,23.362,NULL,N,NULL,NULL,NULL,NULL,NULL,NULL,NULL,NULL,9,3,2,5,1,5,3,2,7,3,N,NULL,Y,N,1800,1800,1800,N,NULL,44,9,0,N,,N,N,098-KY-3418-0,NULL,NULL,2021,C,7.26897E+11,098-KY-3418  -000,HIGH,098-KY-3418  -000,4.703,0,0,0,0,0,0,0,0,0,0,0,1,0
72688707,980100,2.021E+11,20211026,737,,,HAMBLEY,,BLVD,,,0,098 CS-1222,CS1222,N,Y,OWSLEY,,RD,N,NULL,NULL,NULL,NULL,NULL,NULL,1.712,NULL,NULL,NULL,NULL,,NULL,3,0,2,2,N,N,35,NULL,98,9801,NULL,,Y,37.48168,37,28.901,NULL,-82.53329,82,31.997,NULL,N,NULL,NULL,NULL,NULL,NULL,NULL,NULL,NULL,1,3,2,6,1,5,6,5,1,3,Y,NULL,Y,Y,737,740,911,N,NULL,10,,,N,,N,N,098-CS-1222-0,NULL,NULL,2021,C,7.26887E+11,098-CS-1222  -000,HIGH,098-CS-1222  -000,1.712,0,0,0,0,0,0,1,0,0,1,1,0,0
72703279,980100,2.021E+11,20211130,1058,,911,BYPASS,,RD,,,0,098 CS-1223,CS1223,Y,N,NULL,NULL,NULL,N,NULL,NULL,NULL,NULL,NULL,NULL,NULL,NULL,NULL,NULL,NULL,NULL,NULL,0,0,2,2,N,N,15,NULL,98,9801,NULL,,Y,37.47128,37,28.277,NULL,-82.52117,82,31.27,NULL,N,NULL,NULL,NULL,NULL,NULL,NULL,NULL,NULL,2,97,1,6,2,1,2,2,1,3,N,NULL,Y,N,1059,1102,1103,N,NULL,90,,,N,,N,N,098-CS-1223-0,NULL,NULL,2021,O,7.27033E+11,098-CS-1223  -000,HIGH,098-CS-1223  -000,0.135,0,0,0,0,0,0,1,0,0,0,0,0,0
72693502,980100,2.021E+11,20211104,1046,,,US119 TURN LANE FROM US23 N,,,US0119,US0119,0,098 US-119-20,US0119,N,N,NULL,NULL,NULL,N,NULL,NULL,NULL,NULL,NULL,NULL,0.017,NULL,NULL,NULL,NULL,,NULL,0,0,2,2,N,N,55,NULL,98,9801,NULL,,Y,37.50329,37,30.197,NULL,-82.53198,82,31.919,NULL,N,NULL,NULL,NULL,NULL,NULL,NULL,NULL,NULL,5,3,2,6,1,1,2,2,7,3,N,NULL,Y,N,1046,1050,1057,N,NULL,49,2,1,N,,N,N,098-US-0119-20,NULL,NULL,2021,O,7.26935E+11,098-US-0119  -020,HIGH,098-US-0119  -020,0.017,0,0,0,1,0,0,0,0,0,0,0,0,0
72711381,980100,2.021E+11,20211215,1926,,233,CASSIDY,,BLVD,,,0,098 CS-1191,CS1191,Y,N,NULL,NULL,NULL,N,NULL,NULL,NULL,NULL,NULL,NULL,0.067,NULL,NULL,NULL,NULL,,NULL,0,0,2,2,N,N,NULL,NULL,98,9801,NULL,,Y,37.50367,37,30.22,NULL,-82.53323,82,31.994,NULL,N,NULL,NULL,NULL,NULL,NULL,NULL,NULL,NULL,1,97,NULL,6,1,1,3,7,1,3,N,NULL,Y,N,1926,1934,,N,NULL,90,,,N,,N,N,098-CS-1191-0,NULL,NULL,2021,O,7.27114E+11,098-CS-1191  -000,HIGH,098-CS-1191  -000,0.067,0,0,0,0,0,0,1,0,0,0,0,0,0
72799739,980100,2.022E+11,20220812,947,,,US23,,,US0023,US0023,0,098 US-23,US0023,N,Y,US119 TURN LANE FROM US23 N,,,N,NULL,NULL,NULL,NULL,NULL,NULL,26.289,NULL,NULL,NULL,NULL,,NULL,0,0,2,2,N,N,55,NULL,98,9801,NULL,,Y,37.50374,37,30.224,NULL,-82.53215,82,31.929,NULL,N,NULL,NULL,NULL,NULL,NULL,NULL,NULL,NULL,1,3,4,6,1,1,2,2,7,3,N,NULL,Y,N,947,950,1020,N,NULL,10,,1,N,,N,N,098-US-0023-0,NULL,NULL,2022,O,7.27997E+11,098-US-0023  -000,HIGH,098-US-0023  -000,26.289,0,0,0,1,0,0,1,1,0,0,1,0,0
72645094,980100,2.021E+11,20210622,1650,,,BYPASS,S,RD,KY1426,KY1426,0,098 KY-1426,KY1426,N,N,NULL,NULL,NULL,N,NULL,NULL,NULL,NULL,NULL,NULL,5.693,NULL,NULL,NULL,NULL,,NULL,0,0,2,2,N,N,10,NULL,98,9801,NULL,,Y,37.47284,37,28.371,NULL,-82.52258,82,31.355,NULL,N,NULL,NULL,NULL,NULL,NULL,NULL,NULL,NULL,5,97,2,3,1,1,2,2,1,3,N,NULL,Y,N,1224,1224,1232,N,NULL,47,,0,N,,N,N,098-KY-1426-0,NULL,NULL,2021,O,7.26451E+11,098-KY-1426  -000,HIGH,098-KY-1426  -000,5.693,0,0,0,1,0,0,1,0,0,0,0,0,0
72659137,KSP0900,21-322023,20210803,1758,,,APPALACHIAN,,PLZ,,,0,098 PR-1008,PR1008,Y,N,NULL,NULL,NULL,N,NULL,NULL,NULL,NULL,NULL,NULL,0.135,NULL,NULL,NULL,NULL,,NULL,0,0,2,2,N,N,5,NULL,98,9834,NULL,,Y,37.66662,37,39.997,NULL,-82.27542,82,16.525,NULL,N,NULL,NULL,NULL,NULL,NULL,NULL,NULL,NULL,7,97,2,6,1,5,2,2,1,3,N,NULL,Y,N,1758,1843,1758,N,NULL,90,,,N,,N,N,098-PR-1008-0,NULL,NULL,2021,O,7.26591E+11,098-PR-1008  -000,HIGH,098-PR-1008  -000,0.135,0,0,0,0,0,0,1,0,0,0,0,0,0
72685444,KSP0900,21-422490,20211013,1215,,,US119,,,US0119,US0119,0,098 US-119,US0119,N,N,NULL,NULL,NULL,N,NULL,NULL,NULL,NULL,NULL,NULL,24.079,NULL,NULL,NULL,NULL,,NULL,0,0,2,2,N,N,55,NULL,98,9834,NULL,,Y,37.65681,37,39.408,NULL,-82.27066,82,16.24,NULL,N,NULL,NULL,NULL,NULL,NULL,NULL,NULL,NULL,2,7,2,6,1,1,3,2,5,3,N,NULL,Y,N,1215,1217,1230,N,NULL,56,2,1,N,,N,N,098-US-0119-0,NULL,NULL,2021,O,7.26854E+11,098-US-0119  -000,HIGH,098-US-0119  -000,24.079,0,0,0,1,0,0,1,0,0,0,0,0,0
72685391,980100,2.021E+11,20211010,1746,,128,PARK,,ST,,,,,,Y,N,NULL,NULL,NULL,N,NULL,NULL,NULL,NULL,NULL,NULL,NULL,NULL,NULL,NULL,NULL,NULL,NULL,0,0,2,2,N,N,15,NULL,98,9801,NULL,,Y,37.47541,37,28.525,NULL,-82.52187,82,31.312,NULL,N,NULL,NULL,NULL,NULL,NULL,NULL,NULL,NULL,2,97,NULL,6,1,1,2,2,8,3,N,NULL,Y,N,1746,1748,,N,NULL,90,,,N,,N,N,,NULL,NULL,2021,O,7.26854E+11,098-CS-1058  -000,MEDIUM,098-CS-1058  -000,0.004,0,0,0,0,0,0,1,0,0,0,0,0,0
72680997,KSP0900,21-416250,20211008,2230,,,US460,,,US0460,US0460,0,098 US-460,US0460,N,N,NULL,NULL,NULL,N,NULL,NULL,NULL,NULL,NULL,NULL,9.321,NULL,NULL,NULL,NULL,,NULL,0,0,2,2,N,N,35,NULL,98,9830,NULL,,Y,37.36857,37,22.114,NULL,-82.41468,82,24.881,NULL,N,NULL,NULL,NULL,NULL,NULL,NULL,NULL,NULL,5,3,2,6,1,5,6,7,7,3,N,NULL,Y,N,2256,2300,2330,N,NULL,49,,1,N,,N,N,098-US-0460-0,NULL,NULL,2021,O,7.2681E+11,098-US-0460  -000,HIGH,098-US-0460  -000,9.321,0,0,0,0,0,0,1,0,0,0,0,0,0
72733901,KSP0900,22-61497,20220219,1117,,,KY199,,,KY0199,KY0199,0,098 KY-199,KY0199,N,N,NULL,NULL,NULL,N,NULL,NULL,NULL,NULL,NULL,NULL,9.135,NULL,NULL,NULL,NULL,,NULL,1,0,3,2,N,N,35,NULL,98,9851,NULL,,Y,37.57192,37,34.315,NULL,-82.26776,82,16.066,NULL,N,NULL,NULL,NULL,NULL,NULL,NULL,NULL,NULL,1,3,2,6,1,1,2,2,7,3,Y,NULL,Y,Y,1117,1144,1200,N,NULL,55,7,0,N,,N,N,098-KY-0199-0,NULL,NULL,2022,B,7.27339E+11,098-KY-0199  -000,HIGH,098-KY-0199  -000,9.135,0,0,0,1,1,0,0,1,0,0,0,0,0
72748503,980100,2.022E+11,20220406,1243,,218,2ND,,ST,,,0,098 CS-1117,CS1117,Y,N,NULL,NULL,NULL,N,NULL,NULL,NULL,NULL,NULL,NULL,0.272,NULL,NULL,NULL,NULL,,NULL,0,0,2,2,N,N,NULL,NULL,98,9801,NULL,,Y,37.48015,37,28.809,NULL,-82.51846,82,31.108,NULL,N,NULL,NULL,NULL,NULL,NULL,NULL,NULL,NULL,8,97,NULL,6,1,1,2,2,1,3,N,NULL,Y,N,1243,1252,,N,NULL,90,,,N,,N,N,098-CS-1117-0,NULL,NULL,2022,O,7.27485E+11,098-CS-1117  -000,HIGH,098-CS-1117  -000,0.272,0,0,0,1,0,0,1,0,0,0,0,0,0
72762338,980100,2.022E+11,20220516,1812,,133,KY3496,,,KY3496,KY3496,,,,Y,N,NULL,NULL,NULL,N,NULL,NULL,NULL,NULL,NULL,NULL,0.856,NULL,NULL,NULL,NULL,,NULL,0,0,2,2,N,N,NULL,NULL,98,9801,NULL,,Y,37.47209,37,28.325,NULL,-82.52849,82,31.709,NULL,N,NULL,NULL,NULL,NULL,NULL,NULL,NULL,NULL,2,97,NULL,6,1,1,2,2,5,3,N,NULL,Y,N,1812,1816,1816,N,NULL,90,16,0,N,,N,N,,NULL,NULL,2022,O,7.27623E+11,098-KY-3496  -000,HIGH,098-KY-3496  -000,0.856,0,0,0,0,0,0,1,1,0,0,0,0,0
72693563,370200,2021-452908,20211105,1406,,,KY2062,,,KY2062,KY2062,0,098 KY-2062,KY2062,N,N,NULL,NULL,NULL,N,NULL,NULL,NULL,NULL,NULL,NULL,1.076,NULL,NULL,NULL,NULL,,NULL,0,0,1,1,N,N,55,NULL,98,9804,NULL,,Y,37.50546,37,30.328,NULL,-82.11726,82,7.036,NULL,N,NULL,NULL,NULL,NULL,NULL,NULL,NULL,NULL,9,3,2,2,1,1,2,2,7,3,N,NULL,Y,N,1437,1444,1900,N,NULL,70,8,0,N,,N,N,098-KY-2062-0,NULL,NULL,2021,O,7.26936E+11,098-KY-2062  -000,HIGH,098-KY-2062  -000,1.076,0,1,0,0,0,0,0,0,0,0,0,1,0
72779080,980100,2.022E+11,20220701,1527,,1072,MAYO,S,TRL,,,0,098 CS-1016,CS1016,Y,N,NULL,NULL,NULL,N,NULL,NULL,NULL,NULL,NULL,NULL,NULL,NULL,NULL,NULL,NULL,NULL,NULL,0,0,2,2,N,N,NULL,NULL,98,9801,NULL,,Y,37.45305,37,27.183,NULL,-82.52142,82,31.285,NULL,N,NULL,NULL,NULL,NULL,NULL,NULL,NULL,NULL,2,97,1,6,1,1,2,2,1,3,N,NULL,Y,N,1536,1540,1540,N,NULL,90,,,N,,N,N,098-CS-1016-0,NULL,NULL,2022,O,7.27791E+11,098-CS-1016  -000,HIGH,098-CS-1016  -000,0.043,0,0,0,0,0,0,1,0,0,0,0,0,0
72767714,KSP0900,22-200239,20220529,1730,,,JOES,,CRK,KY3227,KY3227,,,,N,N,NULL,NULL,NULL,N,NULL,NULL,NULL,NULL,NULL,NULL,3.926,NULL,NULL,NULL,NULL,,NULL,0,0,2,2,N,N,45,NULL,98,9801,NULL,,Y,37.54546,37,32.728,NULL,-82.51067,82,30.64,NULL,N,NULL,NULL,NULL,NULL,NULL,NULL,NULL,NULL,8,3,2,6,1,1,2,2,7,3,N,NULL,N,N,1730,1815,1815,N,NULL,53,8,0,N,,N,N,,NULL,NULL,2022,O,7.27677E+11,098-KY-3227  -000,MEDIUM,098-KY-3227  -000,3.926,0,0,0,0,0,0,1,0,0,0,0,1,0
72777293,KSP0900,22-236701,20220623,738,,,US23,,,US0023,US0023,0,098 US-23,US0023,N,N,NULL,NULL,NULL,N,NULL,NULL,NULL,NULL,NULL,NULL,29.424,NULL,NULL,NULL,NULL,,NULL,0,0,2,2,N,N,55,NULL,98,9807,NULL,,Y,37.52929,37,31.757,NULL,-82.57555,82,34.533,NULL,N,NULL,NULL,NULL,NULL,NULL,NULL,NULL,NULL,8,3,6,6,1,1,2,2,7,3,N,NULL,Y,N,741,749,749,N,NULL,53,,1,N,,N,N,098-US-0023-0,NULL,NULL,2022,O,7.27773E+11,098-US-0023  -000,HIGH,098-US-0023  -000,29.424,1,0,0,0,0,0,0,0,0,0,0,1,0
72788430,980100,2.022E+11,20220730,1744,,,CASSIDY,,BLVD,,,0,098 CS-1191,CS1191,Y,N,NULL,NULL,NULL,N,NULL,NULL,NULL,NULL,NULL,NULL,0.25,NULL,NULL,NULL,NULL,,NULL,0,0,2,2,N,Y,15,NULL,98,9801,NULL,,Y,37.50458,37,30.275,NULL,-82.53595,82,32.157,NULL,N,NULL,NULL,NULL,NULL,NULL,NULL,NULL,NULL,5,97,2,6,1,1,2,2,1,3,N,NULL,Y,N,1744,1749,1749,N,NULL,90,,,Y,,N,N,098-CS-1191-0,NULL,NULL,2022,O,7.27884E+11,098-CS-1191  -000,HIGH,098-CS-1191  -000,0.25,0,0,0,0,0,0,1,0,0,0,0,0,0
72720549,980100,2.022E+11,20220110,741,,117,BAIRD,,AVE,KY1426,KY1426,0,098 KY-1426,KY1426,Y,N,NULL,NULL,NULL,N,NULL,NULL,NULL,NULL,NULL,NULL,5.39,NULL,NULL,NULL,NULL,,NULL,0,0,2,2,N,N,15,NULL,98,9801,NULL,,Y,37.47334,37,28.4,NULL,-82.52714,82,31.628,NULL,N,NULL,NULL,NULL,NULL,NULL,NULL,NULL,NULL,2,97,2,6,3,1,3,8,1,3,N,NULL,Y,N,741,747,,N,NULL,90,,0,N,,N,N,098-KY-1426-0,NULL,NULL,2022,O,7.27205E+11,098-KY-1426  -000,HIGH,098-KY-1426  -000,5.39,0,0,0,1,0,0,1,0,0,0,0,0,0
72663071,KSP0900,21-352627,20210824,852,,,US119,,,US0119,US0119,0,098 US-119,US0119,N,N,NULL,NULL,NULL,N,NULL,NULL,NULL,NULL,NULL,NULL,7.243,NULL,NULL,NULL,NULL,,NULL,0,0,1,1,N,N,55,NULL,98,9836,NULL,,Y,37.55183,37,33.11,NULL,-82.43241,82,25.945,NULL,N,NULL,NULL,NULL,NULL,NULL,NULL,NULL,NULL,9,3,2,5,1,1,2,2,7,3,N,NULL,Y,Y,854,925,,N,NULL,38,2,1,N,,N,N,098-US-0119-0,NULL,NULL,2021,O,7.26631E+11,098-US-0119  -000,HIGH,098-US-0119  -000,7.243,0,0,0,0,0,0,0,0,0,0,0,0,0