MasterFile,AgencyORINumber,LocalCode,CollisionDate,CollisionTime,CollisionDayWeekCode,RoadwayName_HouseBusinessNumber_,RoadwayName_RoadwayName_,RoadwayName_Direction_,RoadwayName_RoadwaySuffix_,RoadwayfromReport,CurrentRoadwayNumber,RoadwayNumberCoupletID,RSEUniqueGIS,RoadwayIdentifier,ParkingLotIndicator,IntersectionWith_Indicator_,IntersectionWith_NameRoadway_,IntersectionWith_Direction_,IntersectionWith_RoadwaySuffix_,BetweenStreets_Indicator_,BetweenStreets1_NameRoadway_,BetweenStreet1_Direction_,BetweenStreets1_RoadwaySuffix_,BetweenStreets2_NameRoadway_,BetweenStreets2_Direction_,BetweenStreets2_RoadwaySuffix_,Milepoint,ReportMilepointDeriveNumber,CurrentDerivedMiepointNumber,MilestoMilepoint,FeettoMilepoint,DirectionfromMilepoint_NSEW_,ValidMilepointIndicator,NumberInjured,NumberKilled,ofUnits,ofMotorVehicleUnits,Hit&RunIndicator,OneWayIndicator,SpeedLimitNumber,KilometersIndicator,CountyCode,CityCountyCode,MilesFromCity,DirectionFromCity_NSEW_,InCityLimitsIndicator,Latitude,LatitudeDegrees,LatitudeMinutes,LatitudeSeconds,Longitude,LongitudeDegrees,LongitudeMinutes,LongitudeSeconds,RampIndicator,RampFromIdentifier,RampFromDirCode,RampFromCoupletID,RSEUniqueGISRampFrom,RampToidentifier,RampToDirCode,RampToCoupletID,RSEUniqueGisRampTo,MannerofCollisionCode,LocationFirstEventCode,TotalLanes,RoadwayCharacterCode,RoadwaySurfaceCode,RoadwayConditionCode,WeatherCode,LightConditionCode,LandUseCode,SchoolBusRelatedCode,FirstAidSceneIndicator,CollDescPresentInd,InvestigationCompleteIndicator,PhotosTakenIndicator,TimeNotified,TimeArrived,TimeRoadwayOpened,PropertyDamageIndicator,DiagramPresentIndicator,DirectionalAnalysis,FunctionClassCode,NationalHwySysCode,EnforcementsIndicator,KARSCityCode,SecondaryCollisionIndicator,MedianCrossoverIndicator,RT_UNIQUE,MapIt,TimeLastLeft,YR,KABCO,MFNY,WorkingRID,RT_CONFIDENCE,KTC_RT,KTC_MP,Motorcyclist,CommercialVehicle,YoungDriver,MatureDriver,pedestrian,Bicyclist,Distracted,agressive,Impaired,Unrestrained,Intersection,RoadwayDeparture,MedXover
72688558,KSP0900,21-436665,20211023,1245,,,TOLER,,RD,KY0319,KY0319,0,098 KY-319,KY0319,N,N,NULL,NULL,NULL,N,NULL,NULL,NULL,NULL,NULL,NULL,6.489,NULL,NULL,NULL,NULL,,NULL,0,0,2,2,N,N,45,NULL,98,9842,NULL,,Y,37.63734,37,38.241,NULL,-82.2521,82,15.126,NULL,N,NULL,NULL,NULL,NULL,NULL,NULL,NULL,NULL,7,3,2,3,1,1,2,2,7,3,N,NULL,Y,N,1245,1250,1340,N,NULL,54,7,0,N,,N,N,098-KY-0319-0,NULL,NULL,2021,O,7.26886E+11,098-KY-0319  -000,HIGH,098-KY-0319  -000,6.489,0,0,0,1,0,0,0,0,0,0,0,1,0
72687124,980000,21-10-003,20211020,1105,,,US119,,,US0119,US0119,0,098 US-119-10,US0119,N,N,NULL,NULL,NULL,N,NULL,NULL,NULL,NULL,NULL,NULL,0.013,NULL,NULL,NULL,NULL,,NULL,0,0,2,1,N,N,55,NULL,98,9801,NULL,,Y,37.50389,37,30.233,NULL,-82.53166,82,31.9,NULL,N,NULL,NULL,NULL,NULL,NULL,NULL,NULL,NULL,5,3,4,6,1,1,2,2,1,3,N,NULL,Y,Y,1105,1105,1107,N,NULL,70,2,1,N,,N,N,098-US-0119-10,NULL,NULL,2021,O,7.26871E+11,098-US-0119  -010,HIGH,098-US-0119  -000,0.013,0,0,0,0,0,0,1,0,0,0,0,0,0
72720399,980100,2.022E+11,20220113,1232,,,CASSIDY,,BLVD,,,0,098 CS-1191,CS1191,Y,N,NULL,NULL,NULL,N,NULL,NULL,NULL,NULL,NULL,NULL,0.328,NULL,NULL,NULL,NULL,,NULL,0,0,2,2,N,N,15,NULL,98,9801,NULL,,Y,37.50584,37,30.35,NULL,-82.53789,82,32.273,NULL,N,NULL,NULL,NULL,NULL,NULL,NULL,NULL,NULL,6,97,NULL,6,1,1,2,2,1,3,N,NULL,Y,N,1232,1239,1244,N,NULL,90,,,N,,N,N,098-CS-1191-0,NULL,NULL,2022,O,7.27204E+11,098-CS-1191  -000,HIGH,098-CS-1191  -000,0.328,0,0,0,1,0,0,1,0,0,0,0,0,0
72732455,980000,2202002,20220218,1630,,28070,APPLACHIAN PLAZA SOUTH WILLIAMSON,,,,,,,,N,N,NULL,NULL,NULL,N,NULL,NULL,NULL,NULL,NULL,NULL,NULL,NULL,NULL,NULL,NULL,NULL,NULL,0,0,2,2,N,N,10,NULL,98,9834,3,N,N,37.66574,37,39.945,NULL,-82.27397,82,16.438,NULL,N,NULL,NULL,NULL,NULL,NULL,NULL,NULL,NULL,2,97,2,4,1,1,3,2,1,3,N,NULL,N,N,1635,1640,1710,N,NULL,56,,,N,,N,N,,NULL,NULL,2022,O,7.27325E+11,098-PR-1008  -000,MEDIUM,098-PR-1008  -000,0.026,0,0,0,0,0,0,1,0,0,0,0,0,0
72700540,980100,2.021E+11,20211123,1250,,,HAMBLEY,,BLVD,,,,,,Y,N,NULL,NULL,NULL,N,NULL,NULL,NULL,NULL,NULL,NULL,1.169,NULL,NULL,NULL,NULL,,NULL,0,0,2,2,N,N,15,NULL,98,9801,NULL,,Y,37.48531,37,29.119,NULL,-82.52464,82,31.479,NULL,N,NULL,NULL,NULL,NULL,NULL,NULL,NULL,NULL,8,97,1,6,1,1,2,2,1,3,N,NULL,Y,N,1250,1300,1300,N,NULL,90,,,N,,N,N,,NULL,NULL,2021,O,7.27005E+11,098-CS-1222  -000,MEDIUM,098-CS-1222  -000,1.169,0,0,0,1,0,0,1,0,0,0,0,0,0
72694305,370200,2021-458421,20211108,1430,,,LITTLE ROBINSON CREEK,,RD,KY3415,KY3415,0,098 KY-3415,KY3415,N,N,NULL,NULL,NULL,N,NULL,NULL,NULL,NULL,NULL,NULL,2.004,NULL,NULL,NULL,NULL,,NULL,0,0,2,2,N,N,45,NULL,98,9827,NULL,,Y,37.36848,37,22.109,NULL,-82.61663,82,36.998,NULL,N,NULL,NULL,NULL,NULL,NULL,NULL,NULL,NULL,7,3,2,3,1,1,2,2,6,3,N,NULL,Y,N,1436,1453,1541,N,NULL,54,9,0,N,,N,N,098-KY-3415-0,NULL,NULL,2021,O,7.26943E+11,098-KY-3415  -000,HIGH,098-KY-3415  -000,2.004,0,1,0,0,0,0,0,0,0,0,0,1,0
72660732,980100,2.021E+11,20210819,1743,,,US23,,,US0023,US0023,,,,N,N,NULL,NULL,NULL,N,NULL,NULL,NULL,NULL,NULL,NULL,27.184,NULL,NULL,NULL,NULL,,NULL,0,0,1,1,N,N,55,NULL,98,9801,NULL,,Y,37.51074,37,30.644,NULL,-82.54489,82,32.693,NULL,N,NULL,NULL,NULL,NULL,NULL,NULL,NULL,NULL,9,3,4,6,1,5,6,2,7,3,N,NULL,Y,N,1743,1751,1806,N,NULL,70,,1,N,,N,N,,NULL,NULL,2021,O,7.26607E+11,098-US-0023  -000,MEDIUM,098-US-0023  -000,27.184,0,0,0,0,0,0,0,0,0,0,0,1,0
72734413,KSP0900,22-64636,20220221,1745,,,FERRELLS CREEK,,RD,US0460,US0460,0,098 US-460,US0460,N,N,NULL,NULL,NULL,N,NULL,NULL,NULL,NULL,NULL,NULL,17.457,NULL,NULL,NULL,NULL,,NULL,0,0,2,2,Y,N,55,NULL,98,9876,NULL,,Y,37.35921,37,21.552,NULL,-82.32465,82,19.479,NULL,N,NULL,NULL,NULL,NULL,NULL,NULL,NULL,NULL,8,3,2,5,1,1,2,2,7,3,N,NULL,N,N,1745,2040,2040,N,NULL,53,,1,N,,N,N,098-US-0460-0,NULL,NULL,2022,O,7.27344E+11,098-US-0460  -000,HIGH,098-US-0460  -000,17.457,0,1,1,0,0,0,1,0,0,0,0,1,0
72692777,980100,2.021E+11,20211030,1317,,,US23,,,US0023,US0023,,,,N,N,NULL,NULL,NULL,N,NULL,NULL,NULL,NULL,NULL,NULL,25.702,NULL,NULL,NULL,NULL,,NULL,0,0,2,2,N,N,55,NULL,98,9801,NULL,,Y,37.49544,37,29.726,NULL,-82.53132,82,31.879,NULL,N,NULL,NULL,NULL,NULL,NULL,NULL,NULL,NULL,1,3,4,3,1,5,6,2,1,3,N,NULL,Y,N,1317,1321,,N,NULL,55,,1,N,,N,N,,NULL,NULL,2021,O,7.26928E+11,098-US-0023  -000,MEDIUM,098-US-0023  -000,25.702,0,0,0,0,0,0,1,1,0,0,0,0,0
72741257,980100,2.022E+11,20220315,1700,,,US23,,,US0023,US0023,,,,N,N,NULL,NULL,NULL,N,NULL,NULL,NULL,NULL,NULL,NULL,31.582,NULL,NULL,NULL,NULL,,NULL,0,0,2,2,N,N,55,NULL,98,9801,NULL,,Y,37.53695,37,32.217,NULL,-82.60123,82,36.074,NULL,N,NULL,NULL,NULL,NULL,NULL,NULL,NULL,NULL,5,3,4,6,1,1,2,2,1,3,N,NULL,Y,N,1651,1713,1713,N,NULL,49,,1,N,,N,N,,NULL,NULL,2022,O,7.27413E+11,098-US-0023  -000,MEDIUM,098-US-0023  -000,31.582,1,0,0,0,0,0,0,1,0,0,0,0,0
72737048,KSP0900,22-78207,20220303,1603,,,SHELBY DRY,,FRK,,,0,098 CR-1257,CR1257,N,N,NULL,NULL,NULL,N,NULL,NULL,NULL,NULL,NULL,NULL,0.905,NULL,NULL,NULL,NULL,,NULL,1,0,1,1,N,N,35,NULL,98,9801,NULL,,Y,37.41156,37,24.694,NULL,-82.49112,82,29.467,NULL,N,NULL,NULL,NULL,NULL,NULL,NULL,NULL,NULL,9,3,1,6,1,1,2,2,7,3,N,NULL,Y,Y,1603,1606,1715,N,NULL,44,,,N,,N,N,098-CR-1257-0,NULL,NULL,2022,B,7.2737E+11,098-CR-1257  -000,HIGH,098-CR-1257  -000,0.905,0,0,1,0,0,0,0,0,0,0,0,1,0
72720389,KSP0900,22-000509,20220112,2315,,,KY195,,,KY0195,KY0195,0,098 KY-195,KY0195,N,N,NULL,NULL,NULL,N,NULL,NULL,NULL,NULL,NULL,NULL,4.458,NULL,NULL,NULL,NULL,,NULL,0,0,2,2,Y,N,35,NULL,98,9830,NULL,,Y,37.30795,37,18.477,NULL,-82.47681,82,28.609,NULL,N,NULL,NULL,NULL,NULL,NULL,NULL,NULL,NULL,5,97,NULL,3,1,1,2,6,7,3,N,NULL,Y,N,2300,2300,2300,N,NULL,47,8,0,N,,N,N,098-KY-0195-0,NULL,NULL,2022,O,7.27204E+11,098-KY-0195  -000,HIGH,098-KY-0195  -000,4.458,0,0,0,0,0,0,0,0,0,1,0,0,0
72735123,980100,2.022E+11,20220225,1537,,,US23,,,US0023,US0023,0,098 US-23,US0023,N,N,NULL,NULL,NULL,N,NULL,NULL,NULL,NULL,NULL,NULL,26.222,NULL,NULL,NULL,NULL,,NULL,0,0,2,2,N,N,55,NULL,98,9801,NULL,,Y,37.50279,37,30.167,NULL,-82.53203,82,31.922,NULL,N,NULL,NULL,NULL,NULL,NULL,NULL,NULL,NULL,5,3,4,6,1,1,3,2,7,3,N,NULL,Y,N,1537,1542,1606,N,NULL,70,,1,N,,N,N,098-US-0023-0,NULL,NULL,2022,O,7.27351E+11,098-US-0023  -000,HIGH,098-US-0023  -000,26.222,0,0,0,1,0,0,1,0,0,0,0,0,0
72771814,980100,2.022E+11,20220604,731,,,HAROLDS BRANCH,,RD,,,0,098 CS-1223,CS1223,N,N,NULL,NULL,NULL,N,NULL,NULL,NULL,NULL,NULL,NULL,0.111,NULL,NULL,NULL,NULL,,NULL,0,0,2,2,N,N,15,NULL,98,9801,NULL,,Y,37.47142,37,28.285,NULL,-82.52177,82,31.306,NULL,N,NULL,NULL,NULL,NULL,NULL,NULL,NULL,NULL,8,3,2,6,2,1,2,2,1,3,N,NULL,Y,N,731,734,,N,NULL,47,,,N,,N,N,098-CS-1223-0,NULL,NULL,2022,O,7.27718E+11,098-CS-1223  -000,HIGH,098-CS-1223  -000,0.111,0,0,0,0,0,0,1,0,0,0,0,0,0
72672629,KSP0900,21-389978,20210919,2034,,911,BYPASS,S,RD,KY1426,KY1426,0,098 KY-1426,KY1426,Y,N,NULL,NULL,NULL,N,NULL,NULL,NULL,NULL,NULL,NULL,6.013,NULL,NULL,NULL,NULL,,NULL,0,0,2,2,N,N,5,NULL,98,9801,NULL,,Y,37.47569,37,28.541,NULL,-82.51823,82,31.094,NULL,N,NULL,NULL,NULL,NULL,NULL,NULL,NULL,NULL,1,97,2,6,1,1,2,2,1,3,N,NULL,Y,Y,2034,2035,2035,N,NULL,90,,0,N,,N,N,098-KY-1426-0,NULL,NULL,2021,O,7.26726E+11,098-KY-1426  -000,HIGH,098-KY-1426  -000,6.013,0,0,0,0,0,0,0,0,0,0,0,0,0
72722733,KSP0900,22-24265,20220120,1316,,,US119,,,US0119,US0119,0,098 US-119,US0119,Y,N,NULL,NULL,NULL,N,NULL,NULL,NULL,NULL,NULL,NULL,22.146,NULL,NULL,NULL,NULL,,NULL,0,0,1,1,Y,N,55,NULL,98,9836,NULL,,Y,37.63519,37,38.111,NULL,-82.26093,82,15.656,NULL,N,NULL,NULL,NULL,NULL,NULL,NULL,NULL,NULL,9,97,1,6,1,5,9,2,7,3,N,NULL,N,N,1316,1328,1328,N,NULL,90,2,1,N,,N,N,098-US-0119-0,NULL,NULL,2022,NULL,7.27227E+11,098-US-0119  -000,HIGH,098-US-0119  -000,22.146,0,0,0,0,0,0,0,0,0,0,0,0,0
72743908,980100,2.022E+11,20220311,1932,,,JOHNSON,,ST,,,0,098 CS-1007,CS1007,N,N,NULL,NULL,NULL,N,NULL,NULL,NULL,NULL,NULL,NULL,0.025,NULL,NULL,NULL,NULL,,NULL,0,0,2,2,N,N,15,NULL,98,9801,NULL,,Y,37.44373,37,26.624,NULL,-82.525,82,31.5,NULL,N,NULL,NULL,NULL,NULL,NULL,NULL,NULL,NULL,2,97,1,6,1,1,2,4,1,3,N,NULL,Y,N,1932,1940,,N,NULL,56,,,N,,N,N,098-CS-1007-0,NULL,NULL,2022,O,7.27439E+11,098-CS-1007  -000,HIGH,098-CS-1007  -000,0.025,0,0,0,0,0,0,1,0,0,0,0,0,0
72789315,KSP0900,22-296768,20220802,1240,,,KY1499,,,KY1499,KY1499,0,098 KY-1499,KY1499,N,N,NULL,NULL,NULL,N,NULL,NULL,NULL,NULL,NULL,NULL,0.533,NULL,NULL,NULL,NULL,,NULL,0,0,1,1,N,N,45,NULL,98,9847,NULL,,Y,37.3899,37,23.394,NULL,-82.25722,82,15.433,NULL,N,NULL,NULL,NULL,NULL,NULL,NULL,NULL,NULL,9,3,2,3,1,1,2,2,6,3,N,NULL,Y,N,1241,1325,1400,N,NULL,44,7,0,N,,N,N,098-KY-1499-0,NULL,NULL,2022,O,7.27893E+11,098-KY-1499  -000,HIGH,098-KY-1499  -000,0.533,0,0,0,0,0,0,0,0,0,0,0,1,0
72781611,KSP0900,22-262853,20220710,2144,,,KY194,E,,KY0194,KY0194,,,,N,N,NULL,NULL,NULL,N,NULL,NULL,NULL,NULL,NULL,NULL,53.862,NULL,NULL,NULL,NULL,,NULL,1,0,1,1,N,N,35,NULL,98,9804,NULL,,Y,37.50544,37,30.326,NULL,-82.13425,82,8.055,NULL,N,NULL,NULL,NULL,NULL,NULL,NULL,NULL,NULL,9,3,2,3,1,1,2,7,2,3,Y,NULL,Y,Y,2146,2215,2322,N,NULL,40,8,0,N,,N,N,,NULL,NULL,2022,A,7.27816E+11,098-KY-0194  -000,HIGH,098-KY-0194  -000,53.862,0,0,0,1,0,0,0,0,0,0,0,1,0
72770983,980100,2.022E+11,20220609,1616,,,BAIRD,,AVE,KY1426,KY1426,,,,N,N,NULL,NULL,NULL,N,NULL,NULL,NULL,NULL,NULL,NULL,5.394,NULL,NULL,NULL,NULL,,NULL,0,0,2,2,N,N,25,NULL,98,9801,NULL,,Y,37.47328,37,28.397,NULL,-82.52709,82,31.626,NULL,N,NULL,NULL,NULL,NULL,NULL,NULL,NULL,NULL,1,3,2,6,1,1,2,2,6,3,N,NULL,Y,N,1616,1620,1642,N,NULL,55,,0,N,,N,N,,NULL,NULL,2022,O,7.2771E+11,098-KY-1426  -000,HIGH,098-KY-1426  -000,5.394,0,0,0,1,0,0,1,0,0,0,0,0,0
72706156,980000,21-11-004,20211125,1018,,,PENNY,,HWY,KY3501,KY3501,0,098 KY-3501,KY3501,N,N,NULL,NULL,NULL,N,NULL,NULL,NULL,NULL,NULL,NULL,0.012,NULL,NULL,NULL,NULL,,NULL,0,0,1,1,N,N,55,NULL,98,9881,0.5,W,N,37.35649,37,21.389,NULL,-82.57567,82,34.54,NULL,N,NULL,NULL,NULL,NULL,NULL,NULL,NULL,NULL,9,3,2,6,1,1,3,2,7,3,N,NULL,Y,Y,1022,1035,1035,N,NULL,38,9,0,N,,N,N,098-KY-3501-0,NULL,NULL,2021,O,7.27062E+11,098-KY-3501  -000,HIGH,098-KY-3501  -000,0.012,0,0,0,0,0,0,0,0,0,0,0,0,0
72743288,KSP0900,22-104653,20220322,1757,,425,WEDDINGTON BRANCH,,RD,,,0,098 CS-3026,CS3026,N,N,NULL,NULL,NULL,N,NULL,NULL,NULL,NULL,NULL,NULL,0.314,NULL,NULL,NULL,NULL,,NULL,0,0,2,2,N,N,10,NULL,98,9807,NULL,,Y,37.52604,37,31.562,NULL,-82.56892,82,34.135,NULL,N,NULL,NULL,NULL,NULL,NULL,NULL,NULL,NULL,2,3,2,6,1,1,2,2,6,3,N,NULL,Y,N,1801,1817,,N,NULL,47,,,N,,N,N,098-CS-3026-0,NULL,NULL,2022,O,7.27433E+11,098-CS-3026  -000,HIGH,098-CS-3026  -000,0.314,0,0,0,0,0,0,1,0,0,0,0,0,0
72643500,KSP0900,21-267711,20210629,1141,,,DOUGLAS,,PARK,,,0,098 CR-1704,CR1704,N,N,NULL,NULL,NULL,N,NULL,NULL,NULL,NULL,NULL,NULL,0.393,NULL,NULL,NULL,NULL,,NULL,0,0,2,2,N,N,25,NULL,98,9824,NULL,,Y,37.38141,37,22.884,NULL,-82.53588,82,32.153,NULL,N,NULL,NULL,NULL,NULL,NULL,NULL,NULL,NULL,2,3,1,6,3,1,2,2,1,3,N,NULL,N,Y,1141,1150,1155,N,NULL,56,,,N,,N,N,098-CR-1704-0,NULL,NULL,2021,O,7.26435E+11,098-CR-1704  -000,HIGH,098-CR-1704  -000,0.393,0,0,0,1,0,0,1,0,0,0,0,0,0
72698365,370200,2021-471711,20211118,821,,,US23,,,US0023,US0023,0,098 US-23,US0023,N,N,NULL,NULL,NULL,N,NULL,NULL,NULL,NULL,NULL,NULL,6.583,NULL,NULL,NULL,NULL,,NULL,0,0,1,1,N,N,55,NULL,98,9809,NULL,,Y,37.29681,37,17.808,NULL,-82.54624,82,32.775,NULL,N,NULL,NULL,NULL,NULL,NULL,NULL,NULL,NULL,9,3,4,5,1,1,2,2,7,3,N,NULL,Y,N,821,824,829,N,NULL,38,,1,N,,N,N,098-US-0023-0,NULL,NULL,2021,O,7.26984E+11,098-US-0023  -000,HIGH,098-US-0023  -000,6.583,0,0,0,0,0,0,0,0,0,0,0,0,0
72710147,KSP0900,21-511674,20211216,1838,,,US119,,,US0119,US0119,0,098 US-119,US0119,Y,N,NULL,NULL,NULL,N,NULL,NULL,NULL,NULL,NULL,NULL,24.986,NULL,NULL,NULL,NULL,,NULL,0,0,2,2,Y,N,55,NULL,98,9834,NULL,,Y,37.66804,37,40.082,NULL,-82.2771,82,16.626,NULL,N,NULL,NULL,NULL,NULL,NULL,NULL,NULL,NULL,2,7,4,6,1,5,6,5,5,3,N,NULL,Y,N,1838,1842,1842,N,NULL,90,2,1,N,,N,N,098-US-0119-0,NULL,NULL,2021,O,7.27101E+11,098-US-0119  -000,HIGH,098-US-0119  -000,24.986,0,0,0,0,0,0,0,0,0,0,0,0,0
72788429,980100,2.022E+11,20220729,1931,,,MAYO,S,TRL,KY3496,KY3496,0,098 KY-3496,KY3496,Y,N,NULL,NULL,NULL,N,NULL,NULL,NULL,NULL,NULL,NULL,0.466,NULL,NULL,NULL,NULL,,NULL,0,0,2,2,N,N,15,NULL,98,9801,NULL,,Y,37.46964,37,28.178,NULL,-82.53387,82,32.032,NULL,N,NULL,NULL,NULL,NULL,NULL,NULL,NULL,NULL,5,97,2,3,1,1,2,2,1,3,N,NULL,Y,N,1931,1936,1936,N,NULL,90,16,0,N,,N,N,098-KY-3496-0,NULL,NULL,2022,O,7.27884E+11,098-KY-3496  -000,HIGH,098-KY-3496  -000,0.466,0,0,0,1,0,0,1,0,0,0,0,0,0
72719809,KSP0900,21-517297,20211221,643,,,US119,,,US0119,US0119,0,098 US-119-10,US0119,N,N,NULL,NULL,NULL,N,NULL,NULL,NULL,NULL,NULL,NULL,22.568,NULL,NULL,NULL,NULL,,NULL,2,0,2,2,N,N,55,NULL,98,9836,NULL,,Y,37.6394,37,38.364,NULL,-82.25876,82,15.525,NULL,N,NULL,NULL,NULL,NULL,NULL,NULL,NULL,NULL,4,3,2,6,1,1,2,1,7,3,Y,NULL,Y,Y,645,830,900,N,NULL,70,2,1,Y,,N,N,098-US-0119-10,NULL,NULL,2021,B,7.27198E+11,098-US-0119  -010,HIGH,098-US-0119  -000,22.568,0,0,0,0,0,0,1,1,0,0,0,1,0
72705516,980100,2.021E+11,20211129,1403,,,US23,,,US0023,US0023,0,098 US-23,US0023,N,Y,CASSIDY,,BLVD,N,NULL,NULL,NULL,NULL,NULL,NULL,26.292,NULL,NULL,NULL,NULL,,NULL,0,0,2,2,Y,N,55,NULL,98,9801,NULL,,Y,37.50377,37,30.226,NULL,-82.53236,82,31.942,NULL,N,NULL,NULL,NULL,NULL,NULL,NULL,NULL,NULL,5,3,4,6,1,1,2,2,7,3,N,NULL,N,N,1403,1413,1425,N,NULL,35,,1,N,,N,N,098-US-0023-0,NULL,NULL,2021,O,7.27055E+11,098-US-0023  -000,HIGH,098-US-0023  -000,26.292,0,0,0,0,0,0,1,0,0,0,1,0,0
72754079,980100,2.022E+11,20220418,1325,,,DIVISION,,ST,,,,,,N,N,NULL,NULL,NULL,N,NULL,NULL,NULL,NULL,NULL,NULL,0.109,NULL,NULL,NULL,NULL,,NULL,0,0,2,2,N,N,25,NULL,98,9801,NULL,,Y,37.47947,37,28.768,NULL,-82.51743,82,31.046,NULL,N,NULL,NULL,NULL,NULL,NULL,NULL,NULL,NULL,2,3,2,6,3,5,6,2,1,3,N,NULL,Y,N,1325,1335,1335,N,NULL,56,,,Y,,N,N,,NULL,NULL,2022,O,7.27541E+11,098-CS-1130  -000,MEDIUM,098-CS-1130  -000,0.109,0,0,0,0,0,0,1,0,0,0,0,0,0
72775232,KSP0900,22-225251,20220615,1519,,,US23,,,US0023,US0023,0,098 US-23,US0023,Y,N,NULL,NULL,NULL,N,NULL,NULL,NULL,NULL,NULL,NULL,31.756,NULL,NULL,NULL,NULL,,NULL,0,0,2,2,Y,N,55,NULL,98,9801,NULL,,Y,37.53745,37,32.247,NULL,-82.60436,82,36.262,NULL,N,NULL,NULL,NULL,NULL,NULL,NULL,NULL,NULL,2,7,4,6,1,1,2,2,1,3,N,NULL,Y,N,1519,1545,1545,N,NULL,90,,1,N,,N,N,098-US-0023-0,NULL,NULL,2022,O,7.27752E+11,098-US-0023  -000,HIGH,098-US-0023  -000,31.756,0,0,0,0,0,0,0,0,0,1,0,0,0
72690102,KSP0900,21-446248,20211030,1600,,,KY199,,,KY0199,KY0199,0,098 KY-199,KY0199,N,N,NULL,NULL,NULL,N,NULL,NULL,NULL,NULL,NULL,NULL,10.418,NULL,NULL,NULL,NULL,,NULL,0,0,2,2,N,N,35,NULL,98,9851,NULL,,Y,37.58924,37,35.355,NULL,-82.26813,82,16.088,NULL,N,NULL,NULL,NULL,NULL,NULL,NULL,NULL,NULL,7,3,2,3,1,5,6,2,7,3,N,NULL,Y,N,1600,1600,1600,N,NULL,54,7,0,N,,N,N,098-KY-0199-0,NULL,NULL,2021,O,7.26901E+11,098-KY-0199  -000,HIGH,098-KY-0199  -000,10.418,0,0,0,0,0,0,1,0,0,0,0,1,0
72692211,KSP0900,21-452557,20211104,935,,,KY195,,,KY0195,KY0195,0,098 KY-195,KY0195,N,N,NULL,NULL,NULL,N,NULL,NULL,NULL,NULL,NULL,NULL,5.096,NULL,NULL,NULL,NULL,,NULL,0,0,2,2,N,N,35,NULL,98,9802,3,W,N,37.31363,37,18.818,NULL,-82.47212,82,28.327,NULL,N,NULL,NULL,NULL,NULL,NULL,NULL,NULL,NULL,7,3,2,6,1,1,2,2,7,3,N,NULL,Y,N,935,1006,1006,N,NULL,54,8,0,N,,N,N,098-KY-0195-0,NULL,NULL,2021,O,7.26922E+11,098-KY-0195  -000,HIGH,098-KY-0195  -000,5.096,0,1,0,0,0,0,0,0,0,0,0,1,0
72737379,980100,2.022E+11,20220227,1500,,,CASSIDY,,BLVD,,,,,,Y,N,NULL,NULL,NULL,N,NULL,NULL,NULL,NULL,NULL,NULL,0.365,NULL,NULL,NULL,NULL,,NULL,0,0,1,1,N,N,NULL,NULL,98,9801,NULL,,Y,37.50506,37,30.304,NULL,-82.53813,82,32.288,NULL,N,NULL,NULL,NULL,NULL,NULL,NULL,NULL,NULL,9,97,NULL,6,1,1,2,2,1,3,N,NULL,Y,N,1500,1500,1500,Y,NULL,90,,,N,,N,N,,NULL,NULL,2022,O,7.27374E+11,098-CS-1191  -000,MEDIUM,098-CS-1191  -000,0.365,0,0,0,0,0,0,1,0,0,0,0,1,0
72700761,980100,2.021E+11,20211122,1901,,,US23,,,US0023,US0023,0,098 US-23,US0023,N,N,NULL,NULL,NULL,N,NULL,NULL,NULL,NULL,NULL,NULL,29.756,NULL,NULL,NULL,NULL,,NULL,0,0,1,1,N,N,55,NULL,98,9801,NULL,,Y,37.53366,37,32.019,NULL,-82.57799,82,34.679,NULL,N,NULL,NULL,NULL,NULL,NULL,NULL,NULL,NULL,9,3,4,6,1,1,2,5,2,3,N,NULL,Y,N,1902,1911,1911,N,NULL,38,,1,N,,N,N,098-US-0023-0,NULL,NULL,2021,O,7.27008E+11,098-US-0023  -000,HIGH,098-US-0023  -000,29.756,0,0,0,0,0,0,0,0,0,0,0,0,0
72790228,980200,980200,20220803,1333,,764,BIG BRANCH,,RD,,,0,098 CR-1622,CR1622,N,N,NULL,NULL,NULL,N,NULL,NULL,NULL,NULL,NULL,NULL,0.781,NULL,NULL,NULL,NULL,,NULL,0,0,1,1,N,N,20,NULL,98,9802,0.7,S,N,37.29331,37,17.599,NULL,-82.37229,82,22.337,NULL,N,NULL,NULL,NULL,NULL,NULL,NULL,NULL,NULL,9,4,1,1,1,1,2,2,7,3,N,NULL,Y,Y,1333,1340,1533,N,NULL,51,,,N,,N,N,098-CR-1622-0,NULL,NULL,2022,O,7.27902E+11,098-CR-1622  -000,HIGH,098-CR-1622  -000,0.781,0,0,0,1,0,0,0,0,0,0,0,1,0