MasterFile,AgencyORINumber,LocalCode,CollisionDate,CollisionTime,CollisionDayWeekCode,RoadwayName_HouseBusinessNumber_,RoadwayName_RoadwayName_,RoadwayName_Direction_,RoadwayName_RoadwaySuffix_,RoadwayfromReport,CurrentRoadwayNumber,RoadwayNumberCoupletID,RSEUniqueGIS,RoadwayIdentifier,ParkingLotIndicator,IntersectionWith_Indicator_,IntersectionWith_NameRoadway_,IntersectionWith_Direction_,IntersectionWith_RoadwaySuffix_,BetweenStreets_Indicator_,BetweenStreets1_NameRoadway_,BetweenStreet1_Direction_,BetweenStreets1_RoadwaySuffix_,BetweenStreets2_NameRoadway_,BetweenStreets2_Direction_,BetweenStreets2_RoadwaySuffix_,Milepoint,ReportMilepointDeriveNumber,CurrentDerivedMiepointNumber,MilestoMilepoint,FeettoMilepoint,DirectionfromMilepoint_NSEW_,ValidMilepointIndicator,NumberInjured,NumberKilled,ofUnits,ofMotorVehicleUnits,Hit&RunIndicator,OneWayIndicator,SpeedLimitNumber,KilometersIndicator,CountyCode,CityCountyCode,MilesFromCity,DirectionFromCity_NSEW_,InCityLimitsIndicator,Latitude,LatitudeDegrees,LatitudeMinutes,LatitudeSeconds,Longitude,LongitudeDegrees,LongitudeMinutes,LongitudeSeconds,RampIndicator,RampFromIdentifier,RampFromDirCode,RampFromCoupletID,RSEUniqueGISRampFrom,RampToidentifier,RampToDirCode,RampToCoupletID,RSEUniqueGisRampTo,MannerofCollisionCode,LocationFirstEventCode,TotalLanes,RoadwayCharacterCode,RoadwaySurfaceCode,RoadwayConditionCode,WeatherCode,LightConditionCode,LandUseCode,SchoolBusRelatedCode,FirstAidSceneIndicator,CollDescPresentInd,InvestigationCompleteIndicator,PhotosTakenIndicator,TimeNotified,TimeArrived,TimeRoadwayOpened,PropertyDamageIndicator,DiagramPresentIndicator,DirectionalAnalysis,FunctionClassCode,NationalHwySysCode,EnforcementsIndicator,KARSCityCode,SecondaryCollisionIndicator,MedianCrossoverIndicator,RT_UNIQUE,MapIt,TimeLastLeft,YR,KABCO,MFNY,WorkingRID,RT_CONFIDENCE,KTC_RT,KTC_MP,Motorcyclist,CommercialVehicle,YoungDriver,MatureDriver,pedestrian,Bicyclist,Distracted,agressive,Impaired,Unrestrained,Intersection,RoadwayDeparture,MedXover
72728895,980100,2.022E+11,20220203,1111,,,THOMPSON,,RD,,,0,098 CS-1215,CS1215,Y,N,NULL,NULL,NULL,N,NULL,NULL,NULL,NULL,NULL,NULL,0.917,NULL,NULL,NULL,NULL,,NULL,0,0,2,2,N,N,15,NULL,98,9801,NULL,,Y,37.50302,37,30.181,NULL,-82.53699,82,32.22,NULL,N,NULL,NULL,NULL,NULL,NULL,NULL,NULL,NULL,6,97,2,6,1,5,6,2,5,3,N,NULL,Y,N,1111,1120,1120,N,NULL,90,,,Y,,N,N,098-CS-1215-0,NULL,NULL,2022,O,7.27289E+11,098-CS-1215  -000,HIGH,098-CS-1215  -000,0.917,0,0,0,0,0,0,1,0,0,0,0,0,0
72735531,KSP0900,22-47787,20220209,710,,,KY194,,,KY0194,KY0194,0,098 KY-194,KY0194,N,N,NULL,NULL,NULL,N,NULL,NULL,NULL,NULL,NULL,NULL,28.917,NULL,NULL,NULL,NULL,,NULL,0,0,1,1,N,N,55,NULL,98,9817,NULL,,Y,37.46919,37,28.151,NULL,-82.3567,82,21.402,NULL,N,NULL,NULL,NULL,NULL,NULL,NULL,NULL,NULL,9,3,2,4,1,1,2,1,7,3,N,NULL,Y,N,715,715,816,N,NULL,70,7,0,N,,N,N,098-KY-0194-0,NULL,NULL,2022,O,7.27355E+11,098-KY-0194  -000,HIGH,098-KY-0194  -000,28.917,0,0,0,0,0,0,0,0,0,0,0,1,0
72745285,KSP0900,22-113016,20220329,415,,,COMPTON,,BTM,,,0,098 CR-1039,CR1039,N,N,NULL,NULL,NULL,N,NULL,NULL,NULL,NULL,NULL,NULL,0.01,NULL,NULL,NULL,NULL,,NULL,0,0,1,1,N,N,15,NULL,98,9834,NULL,,Y,37.65168,37,39.101,NULL,-82.26871,82,16.123,NULL,N,NULL,NULL,NULL,NULL,NULL,NULL,NULL,NULL,9,7,1,6,1,1,2,5,7,3,N,NULL,N,N,415,500,500,N,NULL,40,,,N,,N,N,098-CR-1039-0,NULL,NULL,2022,O,7.27453E+11,098-CR-1039  -000,HIGH,098-CR-1039  -000,0.01,0,0,0,0,0,0,1,1,0,0,0,1,0
72768431,980500,2022AR024,20220602,1526,,3760,MAYO TRAIL,N,,,,,,,Y,N,NULL,NULL,NULL,N,NULL,NULL,NULL,NULL,NULL,NULL,NULL,NULL,NULL,NULL,NULL,NULL,NULL,0,0,2,2,N,N,NULL,NULL,98,9807,NULL,,Y,37.51937,37,31.162,NULL,-82.56601,82,33.961,NULL,N,NULL,NULL,NULL,NULL,NULL,NULL,NULL,NULL,7,97,NULL,6,1,1,2,2,5,3,N,NULL,Y,Y,1520,1520,1520,N,NULL,90,,,N,,N,N,,NULL,NULL,2022,O,7.27684E+11,098-CS-3006  -000,MEDIUM,098-CS-3006  -000,0.01,0,0,0,1,0,0,1,0,0,1,0,0,0
72723527,980100,2.022E+11,20220123,1819,,,CASSIDY,,BLVD,,,,,,Y,N,NULL,NULL,NULL,N,NULL,NULL,NULL,NULL,NULL,NULL,0.238,NULL,NULL,NULL,NULL,,NULL,0,0,2,2,N,Y,15,NULL,98,9801,NULL,,Y,37.50389,37,30.234,NULL,-82.53583,82,32.149,NULL,N,NULL,NULL,NULL,NULL,NULL,NULL,NULL,NULL,2,97,NULL,6,1,1,2,5,1,3,N,NULL,Y,N,1819,1826,,N,NULL,90,,,Y,,N,N,,NULL,NULL,2022,O,7.27235E+11,098-CS-1191  -000,LOW,098-CS-1191  -000,0.238,0,0,0,1,0,0,1,1,0,0,0,0,0
72723883,KSP0900,22-29075,20220124,1502,,,PINSONFORK,,RD,,,,,,N,N,NULL,NULL,NULL,N,NULL,NULL,NULL,NULL,NULL,NULL,0.178,NULL,NULL,NULL,NULL,,NULL,0,0,2,2,N,N,25,NULL,98,9819,NULL,,Y,37.56621,37,33.973,NULL,-82.26997,82,16.198,NULL,N,NULL,NULL,NULL,NULL,NULL,NULL,NULL,NULL,3,3,1,4,1,5,2,2,7,3,N,NULL,Y,Y,1502,1515,1545,N,NULL,52,,,N,,N,N,,NULL,NULL,2022,O,7.27239E+11,098-CR-1544J -000,MEDIUM,098-CR-1544J -000,0.178,0,0,1,0,0,0,1,0,0,0,0,1,0
72705432,980100,2.021E+11,20211205,552,,,KY1426,,,KY1426,KY1426,0,098 KY-1426,KY1426,N,N,NULL,NULL,NULL,N,NULL,NULL,NULL,NULL,NULL,NULL,8.116,NULL,NULL,NULL,NULL,,NULL,1,0,1,1,N,N,45,NULL,98,9801,NULL,,Y,37.49277,37,29.567,NULL,-82.49089,82,29.453,NULL,N,NULL,NULL,NULL,NULL,NULL,NULL,NULL,NULL,9,6,2,2,1,1,2,6,7,3,Y,NULL,Y,Y,552,603,728,N,NULL,44,,0,Y,,N,N,098-KY-1426-0,NULL,NULL,2021,C,7.27054E+11,098-KY-1426  -000,HIGH,098-KY-1426  -000,8.116,0,0,0,0,0,0,1,0,1,0,0,1,0
72771363,980100,2.022E+11,20220527,1436,,,BYPASS,S,RD,KY1426,KY1426,0,098 KY-1426,KY1426,Y,N,NULL,NULL,NULL,N,NULL,NULL,NULL,NULL,NULL,NULL,5.663,NULL,NULL,NULL,NULL,,NULL,0,0,2,2,Y,N,55,NULL,98,9801,NULL,,Y,37.47265,37,28.359,NULL,-82.52332,82,31.399,NULL,N,NULL,NULL,NULL,NULL,NULL,NULL,NULL,NULL,7,97,2,6,2,1,2,8,1,3,N,NULL,Y,N,1436,1451,1451,N,NULL,90,,0,N,,N,N,098-KY-1426-0,NULL,NULL,2022,NULL,7.27714E+11,098-KY-1426  -000,HIGH,098-KY-1426  -000,5.663,0,0,0,0,0,0,1,0,0,0,0,0,0
72721416,KSP0900,2022--001773,20220101,1245,,,US119,,,US0119,US0119,0,098 US-119,US0119,N,N,NULL,NULL,NULL,N,NULL,NULL,NULL,NULL,NULL,NULL,25.339,NULL,NULL,NULL,NULL,,NULL,0,0,1,1,N,N,55,NULL,98,9834,NULL,,Y,37.67231,37,40.338,NULL,-82.28067,82,16.84,NULL,N,NULL,NULL,NULL,NULL,NULL,NULL,NULL,NULL,9,97,2,6,1,5,2,5,1,3,N,NULL,Y,N,1245,1245,1245,Y,NULL,40,2,1,N,,N,N,098-US-0119-0,NULL,NULL,2022,O,7.27214E+11,098-US-0119  -000,HIGH,098-US-0119  -000,25.339,0,0,0,0,0,0,1,0,0,0,0,1,0
72735189,KSP0900,22-71841,20220227,43,,,US119,,,US0119,US0119,0,098 US-119,US0119,N,N,NULL,NULL,NULL,N,NULL,NULL,NULL,NULL,NULL,NULL,4.408,NULL,NULL,NULL,NULL,,NULL,0,0,1,1,N,N,55,NULL,98,9801,NULL,,Y,37.51842,37,31.105,NULL,-82.4579,82,27.474,NULL,N,NULL,NULL,NULL,NULL,NULL,NULL,NULL,NULL,9,3,2,2,1,1,2,7,7,3,N,NULL,Y,N,143,158,215,N,NULL,44,2,1,N,,N,Y,098-US-0119-0,NULL,NULL,2022,O,7.27352E+11,098-US-0119  -000,HIGH,098-US-0119  -000,4.408,0,0,0,0,0,0,0,0,0,0,0,1,0
72698686,KSP0900,21-472764,20211118,2244,,,US119,,,US0119,US0119,0,098 US-119-10,US0119,N,N,NULL,NULL,NULL,N,NULL,NULL,NULL,NULL,NULL,NULL,16.541,NULL,NULL,NULL,NULL,,NULL,0,0,1,1,N,N,55,NULL,98,9838,NULL,,Y,37.60478,37,36.287,NULL,-82.31225,82,18.735,NULL,N,NULL,NULL,NULL,NULL,NULL,NULL,NULL,NULL,9,3,2,6,1,5,10,6,7,3,N,NULL,Y,N,2244,2249,2330,N,NULL,38,2,1,N,,N,N,098-US-0119-10,NULL,NULL,2021,O,7.26987E+11,098-US-0119  -010,HIGH,098-US-0119  -000,16.541,0,0,1,0,0,0,0,0,0,0,0,0,0
72724236,370200,2022-23273,20220119,1453,,,KY194,,,KY0194,KY0194,0,098 KY-194,KY0194,N,N,NULL,NULL,NULL,N,NULL,NULL,NULL,NULL,NULL,NULL,25.65,NULL,NULL,NULL,NULL,,NULL,0,0,1,1,N,N,55,NULL,98,9817,NULL,,Y,37.50855,37,30.513,NULL,-82.35802,82,21.481,NULL,N,NULL,NULL,NULL,NULL,NULL,NULL,NULL,NULL,9,3,2,6,1,5,8,2,7,3,N,NULL,Y,N,1509,1541,1727,Y,NULL,70,6,0,N,,N,N,098-KY-0194-0,NULL,NULL,2022,O,7.27242E+11,098-KY-0194  -000,HIGH,098-KY-0194  -000,25.65,0,1,0,0,0,0,1,0,0,0,0,1,0
72750635,980100,2.022E+11,20220305,2137,,,,,,US0023,US0023,,,,N,N,NULL,NULL,NULL,N,NULL,NULL,NULL,NULL,NULL,NULL,0.117,NULL,NULL,NULL,NULL,NULL,NULL,0,1,2,1,Y,N,55,NULL,98,9801,NULL,,Y,37.4854,37,29.124,NULL,-82.54233,82,32.54,NULL,Y,KY1460,N,NULL,098 US-23-321,US0023,N,NULL,098 US-23-321,9,6,4,6,1,1,2,6,7,3,Y,NULL,Y,Y,2137,2143,137,N,NULL,85,,1,N,,N,N,,NULL,NULL,2022,K,7.27506E+11,098-US-0023  -321,HIGH,098-US-0023  -321,0.117,0,0,0,0,1,0,1,0,1,0,0,1,0
72649718,KSP0900,21-299277,20210719,1830,,,ROCKHOUSE,,FRK,,,0,098 CR-1395Q4,CR1395Q4,N,N,NULL,NULL,NULL,N,NULL,NULL,NULL,NULL,NULL,NULL,0.74,NULL,NULL,NULL,NULL,,NULL,1,0,1,1,N,N,35,NULL,98,9843,NULL,,Y,37.66442,37,39.865,NULL,-82.38815,82,23.289,NULL,N,NULL,NULL,NULL,NULL,NULL,NULL,NULL,NULL,9,5,1,3,1,1,2,2,7,3,N,NULL,Y,Y,1830,1846,1846,N,NULL,51,,,N,,N,N,098-CR-1395Q4-0,NULL,NULL,2021,C,7.26497E+11,098-CR-1395Q4-000,HIGH,098-CR-1395Q4-000,0.74,0,0,0,0,0,0,0,0,0,0,0,1,0
72771390,980100,2.022E+11,20220610,1454,,,CASSIDY,,BLVD,,,0,098 CS-1191,CS1191,N,N,NULL,NULL,NULL,N,NULL,NULL,NULL,NULL,NULL,NULL,0.195,NULL,NULL,NULL,NULL,NULL,NULL,1,0,1,1,N,N,25,NULL,98,9801,NULL,,Y,37.50397,37,30.238,NULL,-82.53516,82,32.11,NULL,N,NULL,NULL,NULL,NULL,NULL,NULL,NULL,NULL,9,3,3,6,1,1,2,2,1,3,N,NULL,Y,Y,1454,1458,,N,NULL,39,,,N,,N,N,098-CS-1191-0,NULL,NULL,2022,B,7.27714E+11,098-CS-1191  -000,HIGH,098-CS-1191  -000,0.195,1,0,0,0,0,0,0,0,0,0,0,0,0
72671263,980100,2.021E+11,20210914,1218,,805,HAMBLEY,,BLVD,,,0,098 CS-1222,CS1222,Y,N,NULL,NULL,NULL,N,NULL,NULL,NULL,NULL,NULL,NULL,0.417,NULL,NULL,NULL,NULL,,NULL,0,0,2,2,N,N,NULL,NULL,98,9801,NULL,,Y,37.47746,37,28.648,NULL,-82.52129,82,31.278,NULL,N,NULL,NULL,NULL,NULL,NULL,NULL,NULL,NULL,1,97,1,6,2,1,2,2,1,3,N,NULL,Y,N,1218,1221,1221,N,NULL,90,,,N,,N,N,098-CS-1222-0,NULL,NULL,2021,O,7.26713E+11,098-CS-1222  -000,HIGH,098-CS-1222  -000,0.417,0,0,0,0,0,0,0,0,0,0,0,0,0
72771127,KSP0900,22-216683,20220609,1928,,,BENT BRANCH,,RD,KY1426,KY1426,0,098 KY-1426,KY1426,N,N,NULL,NULL,NULL,N,NULL,NULL,NULL,NULL,NULL,NULL,17.256,NULL,NULL,NULL,NULL,,NULL,1,0,2,1,N,N,45,NULL,98,9820,NULL,,Y,37.57298,37,34.378,NULL,-82.43029,82,25.817,NULL,N,NULL,NULL,NULL,NULL,NULL,NULL,NULL,NULL,9,3,2,6,1,1,2,2,7,3,Y,NULL,Y,Y,1927,1942,2000,N,NULL,37,7,0,N,,N,N,098-KY-1426-0,NULL,NULL,2022,B,7.27711E+11,098-KY-1426  -000,HIGH,098-KY-1426  -000,17.256,0,0,0,0,0,1,0,0,0,0,0,0,0
72773637,980100,2.022E+11,20220615,1644,,,KY3496,,,KY3496,KY3496,0,098 KY-3496,KY3496,Y,N,NULL,NULL,NULL,N,NULL,NULL,NULL,NULL,NULL,NULL,0.122,NULL,NULL,NULL,NULL,,NULL,0,0,2,2,N,N,NULL,NULL,98,9801,NULL,,Y,37.46608,37,27.965,NULL,-82.52988,82,31.793,NULL,N,NULL,NULL,NULL,NULL,NULL,NULL,NULL,NULL,2,97,0,6,1,1,2,2,1,3,N,NULL,Y,N,1644,1650,,N,NULL,90,16,0,N,,N,N,098-KY-3496-0,NULL,NULL,2022,O,7.27736E+11,098-KY-3496  -000,HIGH,098-KY-3496  -000,0.122,0,0,0,0,0,0,0,0,0,0,0,0,0
72786587,KSP0900,22-276754,20220721,29,,,KY194,,,KY0194,KY0194,0,098 KY-194,KY0194,N,N,NULL,NULL,NULL,N,NULL,NULL,NULL,NULL,NULL,NULL,68.029,NULL,NULL,NULL,NULL,,NULL,0,0,1,1,N,N,35,NULL,98,9825,NULL,,Y,37.51361,37,30.816,NULL,-82.08111,82,4.866,NULL,N,NULL,NULL,NULL,NULL,NULL,NULL,NULL,NULL,9,3,2,6,1,1,2,7,7,3,N,NULL,Y,N,29,115,115,N,NULL,44,7,0,N,,N,N,098-KY-0194-0,NULL,NULL,2022,O,7.27866E+11,098-KY-0194  -000,HIGH,098-KY-0194  -000,68.029,0,0,0,0,0,0,0,0,0,0,0,1,0
72755358,980100,2.022E+11,20220424,1241,,,PIKE,,ST,,,0,098 CS-1113,CS1113,Y,N,NULL,NULL,NULL,N,NULL,NULL,NULL,NULL,NULL,NULL,0.01,NULL,NULL,NULL,NULL,,NULL,0,0,1,1,N,N,NULL,NULL,98,9801,NULL,,Y,37.47984,37,28.79,NULL,-82.51572,82,30.943,NULL,N,NULL,NULL,NULL,NULL,NULL,NULL,NULL,NULL,9,97,NULL,6,1,1,2,2,1,3,N,NULL,Y,N,1241,1241,1250,Y,NULL,90,,,N,,N,N,098-CS-1113-0,NULL,NULL,2022,O,7.27554E+11,098-CS-1113  -000,HIGH,098-CS-1113  -000,0.01,0,1,0,0,0,0,0,0,0,0,0,1,0
72723392,KSP0900,22-27323,20220122,1140,,,KY1056,,,KY1056,KY1056,0,098 KY-1056,KY1056,N,N,NULL,NULL,NULL,N,NULL,NULL,NULL,NULL,NULL,NULL,8.154,NULL,NULL,NULL,NULL,,NULL,0,0,1,1,N,N,45,NULL,98,9879,NULL,,Y,37.58453,37,35.072,NULL,-82.17513,82,10.508,NULL,N,NULL,NULL,NULL,NULL,NULL,NULL,NULL,NULL,9,3,2,6,1,1,2,6,7,3,N,NULL,Y,Y,2342,0,45,N,NULL,40,7,0,N,,N,N,098-KY-1056-0,NULL,NULL,2022,O,7.27234E+11,098-KY-1056  -000,HIGH,098-KY-1056  -000,8.154,0,0,0,0,0,0,1,0,0,1,0,1,0
72798933,980100,2.022E+11,20220806,925,,,OWSLEY,,RD,KY1384,KY1384,0,098 KY-1384,KY1384,N,N,NULL,NULL,NULL,N,NULL,NULL,NULL,NULL,NULL,NULL,5.957,NULL,NULL,NULL,NULL,,NULL,0,0,1,1,Y,N,35,NULL,98,9801,NULL,,Y,37.47704,37,28.623,NULL,-82.55663,82,33.398,NULL,N,NULL,NULL,NULL,NULL,NULL,NULL,NULL,NULL,9,3,2,6,1,1,2,7,1,3,N,NULL,N,N,925,928,,Y,NULL,70,17,0,N,,N,N,098-KY-1384-0,NULL,NULL,2022,NULL,7.27989E+11,098-KY-1384  -000,HIGH,098-KY-1384  -000,5.957,0,0,0,0,0,0,0,0,0,0,0,0,0
72781501,980100,2.022E+11,20220710,1639,,254,CASSIDY,,BLVD,,,,,,Y,N,NULL,NULL,NULL,N,NULL,NULL,NULL,NULL,NULL,NULL,0.337,NULL,NULL,NULL,NULL,,NULL,0,0,2,2,N,N,15,NULL,98,9801,NULL,,Y,37.50555,37,30.333,NULL,-82.53785,82,32.271,NULL,N,NULL,NULL,NULL,NULL,NULL,NULL,NULL,NULL,6,97,2,6,1,1,2,2,1,3,N,NULL,Y,N,1639,1647,,N,NULL,90,,,N,,N,N,,NULL,NULL,2022,O,7.27815E+11,098-CS-1191  -000,MEDIUM,098-CS-1191  -000,0.337,0,0,0,0,0,0,1,0,0,0,0,0,0
72794716,980100,2.022E+11,20220810,1655,,,US23,,,US0023,US0023,0,098 US-23-10,US0023,N,N,NULL,NULL,NULL,N,NULL,NULL,NULL,NULL,NULL,NULL,21.321,NULL,NULL,NULL,NULL,,NULL,0,0,4,4,N,N,55,NULL,98,9801,NULL,,Y,37.44946,37,26.968,NULL,-82.52471,82,31.483,NULL,N,NULL,NULL,NULL,NULL,NULL,NULL,NULL,NULL,3,3,4,6,1,1,3,2,1,3,Y,NULL,Y,N,1655,1700,1700,Y,NULL,47,,1,N,,N,N,098-US-0023-10,NULL,NULL,2022,O,7.27947E+11,098-US-0023  -010,HIGH,098-US-0023  -000,21.321,0,0,0,0,0,0,0,0,0,0,0,1,0
72775111,KSP0900,22-232658,20220620,1312,,148,DOUGLAS,,PARK,,,0,098 CR-1704,CR1704,Y,N,NULL,NULL,NULL,N,NULL,NULL,NULL,NULL,NULL,NULL,0.277,NULL,NULL,NULL,NULL,,NULL,0,0,1,1,N,N,15,NULL,98,9801,NULL,,Y,37.37975,37,22.785,NULL,-82.53629,82,32.178,NULL,N,NULL,NULL,NULL,NULL,NULL,NULL,NULL,NULL,9,97,1,6,1,1,2,2,6,3,N,NULL,Y,Y,1313,1327,,Y,NULL,90,,,N,,N,N,098-CR-1704-0,NULL,NULL,2022,O,7.27751E+11,098-CR-1704  -000,HIGH,098-CR-1704  -000,0.277,0,0,0,1,0,0,0,0,0,0,0,1,0
72775231,KSP0900,22-222345,20220613,1821,,,BACK,S,ST,,,0,098 CR-1262F,CR1262F,N,N,NULL,NULL,NULL,N,NULL,NULL,NULL,NULL,NULL,NULL,0.052,NULL,NULL,NULL,NULL,,NULL,1,0,2,1,N,N,10,NULL,98,9832,10,S,N,37.42012,37,25.207,NULL,-82.46507,82,27.904,NULL,N,NULL,NULL,NULL,NULL,NULL,NULL,NULL,NULL,9,3,1,6,1,1,2,2,7,3,Y,NULL,Y,Y,1821,1828,1908,N,NULL,36,,,N,,N,N,098-CR-1262F-0,NULL,NULL,2022,A,7.27752E+11,098-CR-1262F -000,HIGH,098-CR-1262F -000,0.052,0,0,0,0,1,0,0,0,0,0,0,0,0
72651476,980100,2.021E+11,20210725,1215,,117,BAIRD,,AVE,KY1426,KY1426,0,098 KY-1426,KY1426,Y,N,NULL,NULL,NULL,N,NULL,NULL,NULL,NULL,NULL,NULL,5.387,NULL,NULL,NULL,NULL,,NULL,0,0,2,2,N,N,55,NULL,98,9801,NULL,,Y,37.47339,37,28.403,NULL,-82.52714,82,31.628,NULL,N,NULL,NULL,NULL,NULL,NULL,NULL,NULL,NULL,2,97,2,6,3,1,2,2,5,3,N,NULL,Y,N,1214,1222,1222,N,NULL,90,,0,N,,N,N,098-KY-1426-0,NULL,NULL,2021,O,7.26515E+11,098-KY-1426  -000,HIGH,098-KY-1426  -000,5.387,0,0,0,0,0,0,1,0,0,0,0,0,0
72793967,980100,2.022E+11,20220813,1703,,276,CASSIDY,,BLVD,,,0,098 CS-1191,CS1191,Y,N,NULL,NULL,NULL,N,NULL,NULL,NULL,NULL,NULL,NULL,0.399,NULL,NULL,NULL,NULL,,NULL,0,0,2,2,N,N,NULL,NULL,98,9801,NULL,,Y,37.50471,37,30.282,NULL,-82.53856,82,32.314,NULL,N,NULL,NULL,NULL,NULL,NULL,NULL,NULL,NULL,2,97,NULL,6,1,1,2,2,1,3,N,NULL,Y,N,1703,1712,1712,N,NULL,90,,,N,,N,N,098-CS-1191-0,NULL,NULL,2022,O,7.2794E+11,098-CS-1191  -000,HIGH,098-CS-1191  -000,0.399,0,0,0,1,0,0,1,0,0,0,0,0,0
72775185,KSP0900,22-207635,20220603,1722,,41839,KY194,,,KY0194,KY0194,0,098 KY-194,KY0194,N,N,NULL,NULL,NULL,N,NULL,NULL,NULL,NULL,NULL,NULL,58.794,NULL,NULL,NULL,NULL,,NULL,0,0,2,2,N,N,35,NULL,98,9811,NULL,,Y,37.54816,37,32.89,NULL,-82.1581,82,9.486,NULL,N,NULL,NULL,NULL,NULL,NULL,NULL,NULL,NULL,1,3,2,6,1,1,2,2,6,3,N,NULL,Y,N,1722,1759,1759,N,NULL,55,7,0,N,,N,N,098-KY-0194-0,NULL,NULL,2022,O,7.27752E+11,098-KY-0194  -000,HIGH,098-KY-0194  -000,58.794,0,0,0,0,0,0,1,0,0,0,0,0,0
72777098,KSP0900,22-242560,20220627,655,,,US23,,,US0023,US0023,0,098 US-23,US0023,N,N,NULL,NULL,NULL,N,NULL,NULL,NULL,NULL,NULL,NULL,13.398,NULL,NULL,NULL,NULL,,NULL,0,0,1,1,N,N,55,NULL,98,9827,NULL,,Y,37.37796,37,22.678,NULL,-82.54038,82,32.423,NULL,N,NULL,NULL,NULL,NULL,NULL,NULL,NULL,NULL,9,3,4,1,1,5,6,3,7,3,N,NULL,Y,N,657,714,735,N,NULL,44,,1,N,,N,N,098-US-0023-0,NULL,NULL,2022,O,7.27771E+11,098-US-0023  -000,HIGH,098-US-0023  -000,13.398,0,0,0,0,0,0,0,0,0,0,0,1,0
72780499,KSP0900,22-248328,20220701,1030,,,APPALACHIAN,,PLZ,,,0,098 PR-1008,PR1008,N,N,NULL,NULL,NULL,N,NULL,NULL,NULL,NULL,NULL,NULL,0.047,NULL,NULL,NULL,NULL,,NULL,0,0,2,2,N,N,40,NULL,98,9834,NULL,,Y,37.66613,37,39.968,NULL,-82.27449,82,16.47,NULL,N,NULL,NULL,NULL,NULL,NULL,NULL,NULL,NULL,1,3,4,6,1,1,2,2,7,3,N,NULL,N,N,1030,1030,1040,N,NULL,55,,,N,,N,N,098-PR-1008-0,NULL,NULL,2022,O,7.27805E+11,098-PR-1008  -000,HIGH,098-PR-1008  -000,0.047,0,0,0,0,0,0,0,1,0,0,0,0,0
72743541,980200,980200,20220321,550,,,KY197,,,KY0197,KY0197,0,098 KY-197,KY0197,Y,N,NULL,NULL,NULL,N,NULL,NULL,NULL,NULL,NULL,NULL,15.705,NULL,NULL,NULL,NULL,,NULL,0,0,2,2,N,N,35,NULL,98,9802,NULL,,Y,37.29604,37,17.762,NULL,-82.36169,82,21.701,NULL,N,NULL,NULL,NULL,NULL,NULL,NULL,NULL,NULL,8,97,2,6,1,1,2,2,1,3,N,NULL,N,Y,550,555,,N,NULL,90,7,0,N,,Y,N,098-KY-0197-0,NULL,NULL,2022,NULL,7.27435E+11,098-KY-0197  -000,HIGH,098-KY-0197  -000,15.705,0,0,0,0,0,0,0,0,0,0,0,0,0
72713284,980100,2.021E+11,20211222,1231,,911,BYPASS,,RD,,,0,098 CS-1223,CS1223,Y,N,NULL,NULL,NULL,N,NULL,NULL,NULL,NULL,NULL,NULL,NULL,NULL,NULL,NULL,NULL,NULL,NULL,0,0,2,2,N,N,NULL,NULL,98,9801,NULL,,Y,37.47128,37,28.277,NULL,-82.52117,82,31.27,NULL,N,NULL,NULL,NULL,NULL,NULL,NULL,NULL,NULL,2,97,1,6,2,1,2,2,1,3,N,NULL,Y,N,1231,1237,1237,N,NULL,90,,,N,,N,N,098-CS-1223-0,NULL,NULL,2021,O,7.27133E+11,098-CS-1223  -000,HIGH,098-CS-1223  -000,0.135,0,0,0,0,0,0,1,0,0,0,0,0,0
72672310,KSP0900,21-379546,20210912,1157,,,US119,,,US0119,US0119,0,098 US-119,US0119,Y,N,NULL,NULL,NULL,N,NULL,NULL,NULL,NULL,NULL,NULL,23.649,NULL,NULL,NULL,NULL,,NULL,2,0,4,4,N,N,55,NULL,98,9836,NULL,,Y,37.65083,37,39.049,NULL,-82.26781,82,16.068,NULL,N,NULL,NULL,NULL,NULL,NULL,NULL,NULL,NULL,1,97,4,6,1,1,2,2,1,3,Y,NULL,Y,Y,1155,1228,1250,N,NULL,90,2,1,N,,N,N,098-US-0119-0,NULL,NULL,2021,A,7.26723E+11,098-US-0119  -000,HIGH,098-US-0119  -000,23.649,0,0,0,0,0,0,0,0,1,1,0,0,0
72760567,980100,2.022E+11,20220506,1929,,,US23,,,US0023,US0023,0,098 US-23-10,US0023,N,N,NULL,NULL,NULL,N,NULL,NULL,NULL,NULL,NULL,NULL,26.389,NULL,NULL,NULL,NULL,,NULL,0,0,2,2,N,N,55,NULL,98,9801,NULL,,Y,37.50508,37,30.305,NULL,-82.53278,82,31.967,NULL,N,NULL,NULL,NULL,NULL,NULL,NULL,NULL,NULL,5,3,4,6,1,5,6,2,7,3,N,NULL,Y,N,1929,1929,2000,N,NULL,49,,1,Y,,N,N,098-US-0023-10,NULL,NULL,2022,O,7.27606E+11,098-US-0023  -010,HIGH,098-US-0023  -000,26.389,0,0,0,0,0,0,0,0,1,0,0,0,0
72738704,980100,2.022E+11,20220304,1214,,,BAIRD,,AVE,KY1426,KY1426,0,098 KY-1426,KY1426,N,N,NULL,NULL,NULL,N,NULL,NULL,NULL,NULL,NULL,NULL,5.389,NULL,NULL,NULL,NULL,,NULL,1,0,2,2,N,N,25,NULL,98,9801,NULL,,Y,37.4731,37,28.386,NULL,-82.5271,82,31.626,NULL,N,NULL,NULL,NULL,NULL,NULL,NULL,NULL,NULL,5,3,2,6,1,1,2,2,7,3,Y,NULL,Y,Y,1215,1215,1226,N,NULL,49,,0,N,,N,N,098-KY-1426-0,NULL,NULL,2022,C,7.27387E+11,098-KY-1426  -000,HIGH,098-KY-1426  -000,5.389,0,0,0,0,0,0,0,0,0,0,0,0,0