MasterFile,AgencyORINumber,LocalCode,CollisionDate,CollisionTime,CollisionDayWeekCode,RoadwayName_HouseBusinessNumber_,RoadwayName_RoadwayName_,RoadwayName_Direction_,RoadwayName_RoadwaySuffix_,RoadwayfromReport,CurrentRoadwayNumber,RoadwayNumberCoupletID,RSEUniqueGIS,RoadwayIdentifier,ParkingLotIndicator,IntersectionWith_Indicator_,IntersectionWith_NameRoadway_,IntersectionWith_Direction_,IntersectionWith_RoadwaySuffix_,BetweenStreets_Indicator_,BetweenStreets1_NameRoadway_,BetweenStreet1_Direction_,BetweenStreets1_RoadwaySuffix_,BetweenStreets2_NameRoadway_,BetweenStreets2_Direction_,BetweenStreets2_RoadwaySuffix_,Milepoint,ReportMilepointDeriveNumber,CurrentDerivedMiepointNumber,MilestoMilepoint,FeettoMilepoint,DirectionfromMilepoint_NSEW_,ValidMilepointIndicator,NumberInjured,NumberKilled,ofUnits,ofMotorVehicleUnits,Hit&RunIndicator,OneWayIndicator,SpeedLimitNumber,KilometersIndicator,CountyCode,CityCountyCode,MilesFromCity,DirectionFromCity_NSEW_,InCityLimitsIndicator,Latitude,LatitudeDegrees,LatitudeMinutes,LatitudeSeconds,Longitude,LongitudeDegrees,LongitudeMinutes,LongitudeSeconds,RampIndicator,RampFromIdentifier,RampFromDirCode,RampFromCoupletID,RSEUniqueGISRampFrom,RampToidentifier,RampToDirCode,RampToCoupletID,RSEUniqueGisRampTo,MannerofCollisionCode,LocationFirstEventCode,TotalLanes,RoadwayCharacterCode,RoadwaySurfaceCode,RoadwayConditionCode,WeatherCode,LightConditionCode,LandUseCode,SchoolBusRelatedCode,FirstAidSceneIndicator,CollDescPresentInd,InvestigationCompleteIndicator,PhotosTakenIndicator,TimeNotified,TimeArrived,TimeRoadwayOpened,PropertyDamageIndicator,DiagramPresentIndicator,DirectionalAnalysis,FunctionClassCode,NationalHwySysCode,EnforcementsIndicator,KARSCityCode,SecondaryCollisionIndicator,MedianCrossoverIndicator,RT_UNIQUE,MapIt,TimeLastLeft,YR,KABCO,MFNY,WorkingRID,RT_CONFIDENCE,KTC_RT,KTC_MP,Motorcyclist,CommercialVehicle,YoungDriver,MatureDriver,pedestrian,Bicyclist,Distracted,agressive,Impaired,Unrestrained,Intersection,RoadwayDeparture,MedXover
72754984,980200,980200,20220414,246,,,KY197,,,KY0197,KY0197,0,098 KY-197,KY0197,N,N,NULL,NULL,NULL,N,NULL,NULL,NULL,NULL,NULL,NULL,15.698,NULL,NULL,NULL,NULL,,NULL,0,0,1,1,N,N,35,NULL,98,9802,NULL,,Y,37.29574,37,17.744,NULL,-82.36166,82,21.699,NULL,N,NULL,NULL,NULL,NULL,NULL,NULL,NULL,NULL,9,7,2,6,1,5,2,2,1,3,N,NULL,N,N,240,246,,N,NULL,70,7,0,N,,N,N,098-KY-0197-0,NULL,NULL,2022,NULL,7.2755E+11,098-KY-0197  -000,HIGH,098-KY-0197  -000,15.698,0,0,0,0,0,0,0,0,0,0,0,0,0
72724815,980100,2.022E+11,20220126,1157,,,US23 CONNECTOR TO US460,,,US0023,US0023,0,098 US-23-71,US0023,N,N,NULL,NULL,NULL,N,NULL,NULL,NULL,NULL,NULL,NULL,0.007,NULL,NULL,NULL,NULL,,NULL,0,0,2,2,N,N,55,NULL,98,9801,NULL,,Y,37.43884,37,26.33,NULL,-82.50917,82,30.55,NULL,N,NULL,NULL,NULL,NULL,NULL,NULL,NULL,NULL,1,3,4,5,1,1,2,2,7,3,N,NULL,Y,N,1157,1205,1245,N,NULL,55,,1,N,,N,N,098-US-0023-71,NULL,NULL,2022,O,7.27248E+11,098-US-0023  -071,HIGH,098-US-0023  -071,0.007,0,0,0,0,0,0,1,1,0,0,0,0,0
72739580,KSP0900,22-82438,20220306,1325,,,GARDNER,,FRK,,,0,098 CR-1228,CR1228,N,N,NULL,NULL,NULL,N,NULL,NULL,NULL,NULL,NULL,NULL,0.438,NULL,NULL,NULL,NULL,,NULL,1,0,2,2,N,N,25,NULL,98,9841,NULL,,Y,37.37313,37,22.388,NULL,-82.47552,82,28.531,NULL,N,NULL,NULL,NULL,NULL,NULL,NULL,NULL,NULL,3,3,1,3,1,1,2,2,6,3,Y,NULL,Y,Y,1327,1344,1430,N,NULL,52,,,N,,N,N,098-CR-1228-0,NULL,NULL,2022,C,7.27396E+11,098-CR-1228  -000,HIGH,098-CR-1228  -000,0.438,0,0,0,1,0,0,0,0,0,0,0,1,0
72747436,KSP0900,22-83329,20220307,715,,,KY1056,,,KY1056,KY1056,0,098 KY-1056,KY1056,N,N,NULL,NULL,NULL,N,NULL,NULL,NULL,NULL,NULL,NULL,10.723,NULL,NULL,NULL,NULL,,NULL,0,0,3,3,N,N,35,NULL,98,9863,NULL,,Y,37.61004,37,36.602,NULL,-82.17004,82,10.203,NULL,N,NULL,NULL,NULL,NULL,NULL,NULL,NULL,NULL,2,97,2,6,1,1,3,2,7,1,N,NULL,Y,Y,715,724,735,Y,NULL,47,7,0,N,,N,N,098-KY-1056-0,NULL,NULL,2022,O,7.27474E+11,098-KY-1056  -000,HIGH,098-KY-1056  -000,10.723,0,1,0,1,0,0,1,0,0,0,0,1,0
72697179,KSP0900,21-313943,20210729,1129,,,US119,,,US0119,US0119,0,098 US-119,US0119,N,N,NULL,NULL,NULL,N,NULL,NULL,NULL,NULL,NULL,NULL,4.185,NULL,NULL,NULL,NULL,,NULL,0,0,2,2,N,N,55,NULL,98,9820,NULL,,Y,37.51601,37,30.961,NULL,-82.46093,82,27.656,NULL,N,NULL,NULL,NULL,NULL,NULL,NULL,NULL,NULL,8,3,2,4,1,1,2,2,7,3,N,NULL,Y,N,1130,1149,1130,N,NULL,53,2,1,N,,N,N,098-US-0119-0,NULL,NULL,2021,O,7.26972E+11,098-US-0119  -000,HIGH,098-US-0119  -000,4.185,0,0,0,1,0,0,1,0,0,0,0,1,0
72661329,KSP0900,21-345801,20210819,1519,,,US23,,,US0023,US0023,0,098 US-23-10,US0023,N,N,NULL,NULL,NULL,N,NULL,NULL,NULL,NULL,NULL,NULL,18.313,NULL,NULL,NULL,NULL,,NULL,0,0,1,1,N,N,55,NULL,98,9801,NULL,,Y,37.43338,37,26.002,NULL,-82.51427,82,30.856,NULL,N,NULL,NULL,NULL,NULL,NULL,NULL,NULL,NULL,9,3,4,3,1,5,6,2,7,3,N,NULL,Y,Y,1519,1544,1555,N,NULL,40,,1,N,,N,N,098-US-0023-10,NULL,NULL,2021,O,7.26613E+11,098-US-0023  -010,HIGH,098-US-0023  -000,18.313,0,0,1,0,0,0,0,0,0,0,0,1,0
72613448,980100,2.021E+11,20210405,1545,,,KY1426,,,KY1426,KY1426,0,098 KY-1426,KY1426,N,Y,NORTHGATE,,DR,N,NULL,NULL,NULL,NULL,NULL,NULL,6.925,NULL,NULL,NULL,NULL,,NULL,2,0,2,2,N,N,45,NULL,98,9801,NULL,,Y,37.48621,37,29.172,NULL,-82.50909,82,30.545,NULL,N,NULL,NULL,NULL,NULL,NULL,NULL,NULL,NULL,4,3,2,4,1,1,2,2,1,3,Y,NULL,Y,Y,1546,1548,1621,N,NULL,16,,0,N,,N,N,098-KY-1426-0,NULL,NULL,2021,C,7.26134E+11,098-KY-1426  -000,HIGH,098-KY-1426  -000,6.925,0,0,0,1,0,0,0,1,0,0,1,0,0
72672111,980100,2.021E+11,20210918,843,,,HAROLDS BRANCH,,RD,,,0,098 CS-1223,CS1223,N,N,NULL,NULL,NULL,N,NULL,NULL,NULL,NULL,NULL,NULL,1.478,NULL,NULL,NULL,NULL,,NULL,0,0,1,1,N,Y,35,NULL,98,9801,NULL,,Y,37.4649,37,27.894,NULL,-82.49936,82,29.962,NULL,N,NULL,NULL,NULL,NULL,NULL,NULL,NULL,NULL,9,3,1,6,1,1,2,2,6,3,N,NULL,Y,N,843,847,847,N,NULL,70,,,N,,N,N,098-CS-1223-0,NULL,NULL,2021,O,7.26721E+11,098-CS-1223  -000,HIGH,098-CS-1223  -000,1.478,0,0,0,0,0,0,1,0,0,0,0,1,0
72620154,KSP0900,21-175675,20210502,959,,,UPPER CHLOE,,RD,,,0,098 CR-1309,CR1309,N,N,NULL,NULL,NULL,N,NULL,NULL,NULL,NULL,NULL,NULL,0.916,NULL,NULL,NULL,NULL,,NULL,0,0,1,1,N,N,25,NULL,98,9801,NULL,,Y,37.45926,37,27.556,NULL,-82.46427,82,27.856,NULL,N,NULL,NULL,NULL,NULL,NULL,NULL,NULL,NULL,9,5,2,6,1,1,2,2,7,3,N,NULL,Y,Y,959,1019,1030,Y,NULL,51,,,N,,N,N,098-CR-1309-0,NULL,NULL,2021,O,7.26202E+11,098-CR-1309  -000,HIGH,098-CR-1309  -000,0.916,0,0,0,0,0,0,0,0,0,0,0,1,0
72640794,KSP0900,21-262143,20210625,1942,,,CHLOE,,RD,KY1460,KY1460,0,098 KY-1460,KY1460,N,N,NULL,NULL,NULL,N,NULL,NULL,NULL,NULL,NULL,NULL,1.636,NULL,NULL,NULL,NULL,,NULL,0,0,2,2,N,N,45,NULL,98,9801,NULL,,Y,37.45352,37,27.211,NULL,-82.47704,82,28.622,NULL,N,NULL,NULL,NULL,NULL,NULL,NULL,NULL,NULL,3,3,2,4,1,1,2,2,7,3,Y,NULL,N,Y,1900,1926,1940,N,NULL,52,,0,N,,N,N,098-KY-1460-0,NULL,NULL,2021,O,7.26408E+11,098-KY-1460  -000,HIGH,098-KY-1460  -000,1.636,0,0,0,0,0,0,0,0,0,0,0,1,0
72759628,980100,2.022E+11,20220509,1642,,,US23,,,US0023,US0023,0,098 US-23,US0023,N,N,NULL,NULL,NULL,N,NULL,NULL,NULL,NULL,NULL,NULL,26.013,NULL,NULL,NULL,NULL,,NULL,0,0,2,2,N,N,55,NULL,98,9801,NULL,,Y,37.49982,37,29.989,NULL,-82.53152,82,31.891,NULL,N,NULL,NULL,NULL,NULL,NULL,NULL,NULL,NULL,5,3,4,6,1,1,2,2,7,3,N,NULL,Y,N,1642,1643,1645,N,NULL,49,,1,N,,N,N,098-US-0023-0,NULL,NULL,2022,O,7.27596E+11,098-US-0023  -000,HIGH,098-US-0023  -000,26.013,0,0,0,0,0,0,1,0,0,0,0,0,0
72703748,980500,2021AR048,20211201,1330,,4414,N MAYO TRAIL,,,US0023,US0023,0,098 US-23,US0023,Y,N,NULL,NULL,NULL,N,NULL,NULL,NULL,NULL,NULL,NULL,NULL,NULL,NULL,NULL,NULL,NULL,NULL,0,0,2,2,N,N,15,NULL,98,9807,NULL,,Y,37.52729,37,31.637,NULL,-82.5743,82,34.458,NULL,N,NULL,NULL,NULL,NULL,NULL,NULL,NULL,NULL,5,97,1,6,1,1,2,2,1,3,Y,NULL,Y,Y,1330,1332,1332,N,NULL,90,,1,Y,,N,N,098-US-0023-0,NULL,NULL,2021,O,7.27037E+11,098-US-0023  -000,HIGH,098-US-0023  -000,29.27,0,0,0,0,0,0,0,0,1,1,0,0,0
72676480,KSP0900,21-397013,20210924,2101,,,FISHTRAP,,RD,KY1441,KY1441,0,098 KY-1441,KY1441,N,N,NULL,NULL,NULL,N,NULL,NULL,NULL,NULL,NULL,NULL,7.269,NULL,NULL,NULL,NULL,,NULL,0,0,2,2,Y,N,35,NULL,98,9850,NULL,,Y,37.48491,37,29.095,NULL,-82.4301,82,25.806,NULL,N,NULL,NULL,NULL,NULL,NULL,NULL,NULL,NULL,7,3,2,3,1,1,2,6,7,3,N,NULL,Y,N,2059,2108,2125,N,NULL,54,8,0,N,,N,N,098-KY-1441-0,NULL,NULL,2021,O,7.26765E+11,098-KY-1441  -000,HIGH,098-KY-1441  -000,7.269,0,0,0,0,0,0,0,0,0,0,0,1,0
72771180,980100,2.022E+11,20220609,1310,,505,MAYO,N,TRL,,,0,098 CS-1186,CS1186,Y,N,NULL,NULL,NULL,N,NULL,NULL,NULL,NULL,NULL,NULL,NULL,NULL,NULL,NULL,NULL,NULL,NULL,0,0,2,2,N,N,NULL,NULL,98,9801,NULL,,Y,37.48717,37,29.23,NULL,-82.54279,82,32.568,NULL,N,NULL,NULL,NULL,NULL,NULL,NULL,NULL,NULL,2,97,1,6,1,1,2,2,1,3,N,NULL,Y,N,1310,1325,1325,N,NULL,90,,,N,,N,N,098-CS-1186-0,NULL,NULL,2022,O,7.27712E+11,098-CS-1186  -000,MEDIUM,098-CS-1186  -000,0,0,0,0,1,0,0,1,0,0,0,0,0,0
72772010,KSP0900,22-221107,20220612,2137,,,US23,,,US0023,US0023,0,098 US-23,US0023,N,N,NULL,NULL,NULL,N,NULL,NULL,NULL,NULL,NULL,NULL,6.479,NULL,NULL,NULL,NULL,,NULL,0,0,1,1,N,N,55,NULL,98,9809,NULL,,Y,37.29539,37,17.723,NULL,-82.54671,82,32.803,NULL,N,NULL,NULL,NULL,NULL,NULL,NULL,NULL,NULL,9,3,4,1,1,1,2,6,7,3,N,NULL,Y,N,2154,2155,,N,NULL,38,,1,N,,N,N,098-US-0023-0,NULL,NULL,2022,O,7.2772E+11,098-US-0023  -000,HIGH,098-US-0023  -000,6.479,0,0,0,0,0,0,0,0,0,0,0,0,0
72716165,980500,2022AR001,20220101,814,,,US 119 NORTH,,,,,,,,N,N,NULL,NULL,NULL,N,NULL,NULL,NULL,NULL,NULL,NULL,NULL,NULL,NULL,NULL,NULL,NULL,NULL,0,0,1,1,N,N,55,NULL,98,9807,1,SE,N,37.50928,37,30.557,NULL,-82.51122,82,30.673,NULL,N,NULL,NULL,NULL,NULL,NULL,NULL,NULL,NULL,9,3,4,4,1,5,6,2,7,3,N,NULL,Y,N,817,840,840,N,NULL,70,,,N,,N,N,,NULL,NULL,2022,O,7.27162E+11,098-US-0119  -000,MEDIUM,098-US-0119  -000,1.218,0,0,0,0,0,0,0,0,0,0,0,1,0
72710668,KSP0900,21-513109,20211217,1914,,,US460,,,US0460,US0460,0,098 US-460,US0460,N,N,NULL,NULL,NULL,N,NULL,NULL,NULL,NULL,NULL,NULL,1.095,NULL,NULL,NULL,NULL,,NULL,2,0,2,2,N,N,55,NULL,98,9824,NULL,,Y,37.42937,37,25.763,NULL,-82.50356,82,30.214,NULL,N,NULL,NULL,NULL,NULL,NULL,NULL,NULL,NULL,5,3,2,6,1,5,6,7,7,3,N,NULL,Y,Y,1914,1948,2005,N,NULL,49,,1,N,,N,N,098-US-0460-0,NULL,NULL,2021,B,7.27107E+11,098-US-0460  -000,HIGH,098-US-0460  -000,1.095,0,0,0,0,0,0,0,0,0,0,0,0,0
72731546,980500,2022AR011,20220216,1411,,,US23,,,US0023,US0023,0,098 US-23,US0023,Y,N,NULL,NULL,NULL,N,NULL,NULL,NULL,NULL,NULL,NULL,NULL,NULL,NULL,NULL,NULL,NULL,NULL,0,0,2,2,N,N,NULL,NULL,98,9807,NULL,,Y,37.53685,37,32.211,NULL,-82.59737,82,35.842,NULL,N,NULL,NULL,NULL,NULL,NULL,NULL,NULL,NULL,1,97,NULL,6,1,1,2,2,1,3,N,NULL,Y,Y,1411,1411,1411,N,NULL,90,,1,N,,N,N,098-US-0023-0,NULL,NULL,2022,O,7.27315E+11,098-US-0023  -000,HIGH,098-US-0023  -000,31.344,0,0,0,1,0,0,1,0,0,0,0,0,0
72728242,KSP0900,22-39151,20220201,1655,,,TAYLOR,,FRK,,,,,,N,N,NULL,NULL,NULL,N,NULL,NULL,NULL,NULL,NULL,NULL,0.008,NULL,NULL,NULL,NULL,,NULL,0,0,2,2,N,N,45,NULL,98,9826,NULL,,Y,37.6709,37,40.254,NULL,-82.3073,82,18.438,NULL,N,NULL,NULL,NULL,NULL,NULL,NULL,NULL,NULL,3,3,2,6,1,5,3,6,7,3,N,NULL,Y,N,1839,1854,1917,N,NULL,52,,,N,,N,N,,NULL,NULL,2022,O,7.27282E+11,098-CR-1017  -000,MEDIUM,098-CR-1017  -000,0.008,0,0,0,1,0,0,1,0,0,0,0,1,0
72682592,980100,2.021E+11,20211014,808,,,BYPASS,S,RD,KY1426,KY1426,0,098 KY-1426,KY1426,N,N,NULL,NULL,NULL,N,NULL,NULL,NULL,NULL,NULL,NULL,6.534,NULL,NULL,NULL,NULL,,NULL,0,0,2,2,N,N,55,NULL,98,9801,NULL,,Y,37.48215,37,28.929,NULL,-82.51388,82,30.833,NULL,N,NULL,NULL,NULL,NULL,NULL,NULL,NULL,NULL,1,3,2,6,1,1,3,2,1,3,N,NULL,Y,N,808,814,820,N,NULL,55,,0,N,,N,N,098-KY-1426-0,NULL,NULL,2021,O,7.26826E+11,098-KY-1426  -000,HIGH,098-KY-1426  -000,6.534,0,0,0,0,0,0,1,0,0,0,0,0,0
72771388,980100,2.022E+11,20220609,1100,,,OWSLEY,,RD,KY1384,KY1384,0,098 KY-1384,KY1384,N,N,NULL,NULL,NULL,N,NULL,NULL,NULL,NULL,NULL,NULL,7.448,NULL,NULL,NULL,NULL,,NULL,0,0,2,2,N,N,45,NULL,98,9801,NULL,,Y,37.48263,37,28.958,NULL,-82.53395,82,32.037,NULL,N,NULL,NULL,NULL,NULL,NULL,NULL,NULL,NULL,2,3,4,6,1,1,2,2,7,3,N,NULL,N,N,1100,1106,,N,NULL,56,16,0,N,,N,N,098-KY-1384-0,NULL,NULL,2022,O,7.27714E+11,098-KY-1384  -000,HIGH,098-KY-1384  -000,7.448,0,0,0,0,0,0,1,0,0,0,0,0,0
72665444,KSP0900,2021-343286,20210817,2000,,,FISHTRAP,,RD,KY1441,KY1441,0,098 KY-1441,KY1441,N,N,NULL,NULL,NULL,N,NULL,NULL,NULL,NULL,NULL,NULL,9.976,NULL,NULL,NULL,NULL,,NULL,0,0,1,1,N,N,45,NULL,98,9850,NULL,,Y,37.51538,37,30.923,NULL,-82.45095,82,27.057,NULL,N,NULL,NULL,NULL,NULL,NULL,NULL,NULL,NULL,9,3,2,3,1,5,6,3,7,3,N,NULL,N,N,2000,2000,2000,N,NULL,40,8,0,N,,N,N,098-KY-1441-0,NULL,NULL,2021,O,7.26654E+11,098-KY-1441  -000,HIGH,098-KY-1441  -000,9.976,0,0,0,0,0,0,0,0,0,0,0,1,0
72731525,980100,2.022E+11,20220208,1741,,,US23,,,US0023,US0023,0,098 US-23,US0023,N,N,NULL,NULL,NULL,N,NULL,NULL,NULL,NULL,NULL,NULL,21.672,NULL,NULL,NULL,NULL,,NULL,0,0,2,2,N,N,55,NULL,98,9801,NULL,,Y,37.45388,37,27.233,NULL,-82.52173,82,31.304,NULL,N,NULL,NULL,NULL,NULL,NULL,NULL,NULL,NULL,5,3,4,6,1,1,2,2,1,3,N,NULL,Y,Y,1742,1742,1809,N,NULL,49,,1,N,,N,N,098-US-0023-0,NULL,NULL,2022,O,7.27315E+11,098-US-0023  -000,HIGH,098-US-0023  -000,21.672,0,1,0,1,0,0,1,0,0,0,0,0,0
72700385,KSP0900,21-472159,20211118,1508,,,DOUGLAS,,PARK,,,0,098 CR-1704,CR1704,Y,N,NULL,NULL,NULL,N,NULL,NULL,NULL,NULL,NULL,NULL,0.092,NULL,NULL,NULL,NULL,,NULL,0,0,2,2,N,N,15,NULL,98,9827,NULL,,Y,37.37906,37,22.744,NULL,-82.53893,82,32.335,NULL,N,NULL,NULL,NULL,NULL,NULL,NULL,NULL,NULL,5,97,1,6,3,1,2,6,1,3,N,NULL,Y,N,1509,1541,1509,N,NULL,90,,,N,,N,N,098-CR-1704-0,NULL,NULL,2021,O,7.27004E+11,098-CR-1704  -000,HIGH,098-CR-1704  -000,0.092,0,0,1,0,0,0,1,0,0,0,0,0,0
72750881,980100,2.022E+11,20220413,1448,,911,BYPASS,,RD,,,0,098 CS-1223,CS1223,Y,N,NULL,NULL,NULL,N,NULL,NULL,NULL,NULL,NULL,NULL,NULL,NULL,NULL,NULL,NULL,NULL,NULL,0,0,2,2,N,N,NULL,NULL,98,9801,NULL,,Y,37.47128,37,28.277,NULL,-82.52117,82,31.27,NULL,N,NULL,NULL,NULL,NULL,NULL,NULL,NULL,NULL,1,97,1,6,2,1,2,2,1,3,N,NULL,Y,N,1448,1448,1448,N,NULL,90,,,N,,N,N,098-CS-1223-0,NULL,NULL,2022,O,7.27509E+11,098-CS-1223  -000,HIGH,098-CS-1223  -000,0.136,0,0,0,0,0,0,1,0,0,0,0,0,0
72778997,980100,2.022E+11,20220702,1628,,,BOB AMOS,,DR,,,,,,Y,N,NULL,NULL,NULL,N,NULL,NULL,NULL,NULL,NULL,NULL,0.842,NULL,NULL,NULL,NULL,,NULL,0,0,2,2,N,Y,15,NULL,98,9801,NULL,,Y,37.46818,37,28.091,NULL,-82.54296,82,32.578,NULL,N,NULL,NULL,NULL,NULL,NULL,NULL,NULL,NULL,2,97,1,6,1,5,3,2,1,3,N,NULL,Y,N,1628,1635,1635,N,NULL,90,,,N,,N,N,,NULL,NULL,2022,O,7.2779E+11,098-CS-1025  -000,MEDIUM,098-CS-1025  -000,0.842,0,0,0,0,0,0,1,0,0,0,0,0,0
72740983,KSP0900,22-38861,20220201,1334,,,US119,,,US0119,US0119,0,098 US-119,US0119,N,N,NULL,NULL,NULL,N,NULL,NULL,NULL,NULL,NULL,NULL,24.754,NULL,NULL,NULL,NULL,,NULL,0,0,2,2,N,N,40,NULL,98,9834,NULL,,Y,37.66544,37,39.926,NULL,-82.27435,82,16.461,NULL,N,NULL,NULL,NULL,NULL,NULL,NULL,NULL,NULL,1,3,4,6,1,1,2,2,7,3,N,NULL,Y,N,1340,1345,1334,N,NULL,55,2,1,N,,N,N,098-US-0119-0,NULL,NULL,2022,O,7.2741E+11,098-US-0119  -000,HIGH,098-US-0119  -000,24.754,0,0,0,0,0,0,0,0,0,0,0,0,0
72740931,980100,2.022E+11,20220306,1819,,,THOMPSON,,RD,,,0,098 CS-1215,CS1215,Y,N,NULL,NULL,NULL,N,NULL,NULL,NULL,NULL,NULL,NULL,0.459,NULL,NULL,NULL,NULL,,NULL,0,0,2,2,N,N,15,NULL,98,9801,NULL,,Y,37.5064,37,30.384,NULL,-82.54432,82,32.659,NULL,N,NULL,NULL,NULL,NULL,NULL,NULL,NULL,NULL,2,97,NULL,4,1,1,2,2,1,3,N,NULL,Y,N,1821,1828,1828,N,NULL,90,,,N,,N,N,098-CS-1215-0,NULL,NULL,2022,O,7.27409E+11,098-CS-1215  -000,HIGH,098-CS-1215  -000,0.459,0,0,1,0,0,0,1,1,0,0,0,0,0
72724092,980100,2.022E+11,20220123,1858,,313,CHLOE,,RD,KY1460,KY1460,0,098 KY-1460,KY1460,N,N,NULL,NULL,NULL,N,NULL,NULL,NULL,NULL,NULL,NULL,NULL,NULL,NULL,NULL,NULL,NULL,NULL,0,0,1,1,Y,N,35,NULL,98,9801,NULL,,Y,37.47744,37,28.646,NULL,-82.5051,82,30.306,NULL,N,NULL,NULL,NULL,NULL,NULL,NULL,NULL,NULL,9,5,2,6,1,5,3,5,5,3,N,NULL,Y,N,1859,1901,,N,NULL,40,,0,N,,N,N,098-KY-1460-0,NULL,NULL,2022,O,7.27241E+11,098-KY-1460  -000,HIGH,098-KY-1460  -000,4.443,0,0,0,0,0,0,0,1,0,0,0,1,0
72738117,KSP0900,22-68455,20220224,1513,,,US119,,,US0119,US0119,,,,N,N,NULL,NULL,NULL,N,NULL,NULL,NULL,NULL,NULL,NULL,25.332,NULL,NULL,NULL,NULL,,NULL,1,0,2,2,N,N,55,NULL,98,9834,NULL,,Y,37.67222,37,40.333,NULL,-82.28058,82,16.835,NULL,N,NULL,NULL,NULL,NULL,NULL,NULL,NULL,NULL,8,3,4,6,1,5,6,2,7,3,N,NULL,Y,Y,1546,1546,1613,N,NULL,53,2,1,N,,N,N,,NULL,NULL,2022,C,7.27381E+11,098-US-0119  -000,MEDIUM,098-US-0119  -000,25.332,0,0,0,0,0,0,0,0,0,0,0,1,0
72733000,980100,2.022E+11,20220220,229,,,4TH,,ST,,,0,098 CS-1133,CS1133,N,Y,HAMBLEY,,BLVD,N,NULL,NULL,NULL,NULL,NULL,NULL,0.005,NULL,NULL,NULL,NULL,,NULL,0,0,2,2,Y,N,25,NULL,98,9801,NULL,,Y,37.48262,37,28.957,NULL,-82.51918,82,31.151,NULL,N,NULL,NULL,NULL,NULL,NULL,NULL,NULL,NULL,1,3,3,3,1,1,2,5,1,3,N,NULL,Y,N,229,230,,N,NULL,10,,,N,,N,Y,098-CS-1133-0,NULL,NULL,2022,O,7.2733E+11,098-CS-1133  -000,HIGH,098-CS-1133  -000,0.005,0,0,0,0,0,0,0,0,0,0,1,0,1
72725301,KSP0900,2022-34591,20220128,2000,,,BIG CREEK,,RD,KY0468,KY0468,0,098 KY-468,KY0468,N,N,NULL,NULL,NULL,N,NULL,NULL,NULL,NULL,NULL,NULL,0.534,NULL,NULL,NULL,NULL,,NULL,0,0,1,1,N,N,55,NULL,98,9833,NULL,,Y,37.62614,37,37.568,NULL,-82.35841,82,21.504,NULL,N,NULL,NULL,NULL,NULL,NULL,NULL,NULL,NULL,9,3,2,1,1,4,9,6,7,3,N,NULL,Y,N,2000,2030,2100,N,NULL,44,8,0,N,,N,N,098-KY-0468-0,NULL,NULL,2022,O,7.27253E+11,098-KY-0468  -000,HIGH,098-KY-0468  -000,0.534,0,0,1,0,0,0,0,0,0,0,0,1,0
72786892,KSP0900,22-280554,20220723,1648,,,ELKHORN,,CRK,KY0197,KY0197,0,098 KY-197,KY0197,N,N,NULL,NULL,NULL,N,NULL,NULL,NULL,NULL,NULL,NULL,7.136,NULL,NULL,NULL,NULL,,NULL,0,0,3,3,N,N,55,NULL,98,9864,NULL,,Y,37.25668,37,15.401,NULL,-82.47099,82,28.259,NULL,N,NULL,NULL,NULL,NULL,NULL,NULL,NULL,NULL,4,3,2,3,1,1,3,2,7,3,N,NULL,Y,N,1648,1734,1734,N,NULL,70,7,0,N,,N,N,098-KY-0197-0,NULL,NULL,2022,O,7.27869E+11,098-KY-0197  -000,HIGH,098-KY-0197  -000,7.136,0,0,0,0,0,0,1,0,0,0,0,0,0
72761235,KSP0900,22-176985,20220513,1532,,,US119,,,US0119,US0119,0,098 US-119,US0119,N,N,NULL,NULL,NULL,N,NULL,NULL,NULL,NULL,NULL,NULL,24.584,NULL,NULL,NULL,NULL,,NULL,0,0,2,2,N,N,55,NULL,98,9834,NULL,,Y,37.66343,37,39.806,NULL,-82.27332,82,16.399,NULL,N,NULL,NULL,NULL,NULL,NULL,NULL,NULL,NULL,1,3,4,6,1,1,2,2,7,3,N,NULL,Y,N,1532,1544,1544,N,NULL,55,2,1,N,,N,N,098-US-0119-0,NULL,NULL,2022,O,7.27612E+11,098-US-0119  -000,HIGH,098-US-0119  -000,24.584,0,0,0,1,0,0,1,0,0,0,0,0,0
72776474,980100,2.022E+11,20220625,1454,,,KY1426,,,KY1426,KY1426,0,098 KY-1426,KY1426,N,N,NULL,NULL,NULL,N,NULL,NULL,NULL,NULL,NULL,NULL,8.063,NULL,NULL,NULL,NULL,,NULL,0,0,1,1,N,N,55,NULL,98,9801,NULL,,Y,37.49194,37,29.516,NULL,-82.49116,82,29.469,NULL,N,NULL,NULL,NULL,NULL,NULL,NULL,NULL,NULL,9,3,2,1,1,5,6,2,7,3,N,NULL,Y,N,1454,1458,1514,N,NULL,70,,0,N,,N,N,098-KY-1426-0,NULL,NULL,2022,O,7.27765E+11,098-KY-1426  -000,HIGH,098-KY-1426  -000,8.063,0,0,0,0,0,0,0,0,0,0,0,0,0