MasterFile,AgencyORINumber,LocalCode,CollisionDate,CollisionTime,CollisionDayWeekCode,RoadwayName_HouseBusinessNumber_,RoadwayName_RoadwayName_,RoadwayName_Direction_,RoadwayName_RoadwaySuffix_,RoadwayfromReport,CurrentRoadwayNumber,RoadwayNumberCoupletID,RSEUniqueGIS,RoadwayIdentifier,ParkingLotIndicator,IntersectionWith_Indicator_,IntersectionWith_NameRoadway_,IntersectionWith_Direction_,IntersectionWith_RoadwaySuffix_,BetweenStreets_Indicator_,BetweenStreets1_NameRoadway_,BetweenStreet1_Direction_,BetweenStreets1_RoadwaySuffix_,BetweenStreets2_NameRoadway_,BetweenStreets2_Direction_,BetweenStreets2_RoadwaySuffix_,Milepoint,ReportMilepointDeriveNumber,CurrentDerivedMiepointNumber,MilestoMilepoint,FeettoMilepoint,DirectionfromMilepoint_NSEW_,ValidMilepointIndicator,NumberInjured,NumberKilled,ofUnits,ofMotorVehicleUnits,Hit&RunIndicator,OneWayIndicator,SpeedLimitNumber,KilometersIndicator,CountyCode,CityCountyCode,MilesFromCity,DirectionFromCity_NSEW_,InCityLimitsIndicator,Latitude,LatitudeDegrees,LatitudeMinutes,LatitudeSeconds,Longitude,LongitudeDegrees,LongitudeMinutes,LongitudeSeconds,RampIndicator,RampFromIdentifier,RampFromDirCode,RampFromCoupletID,RSEUniqueGISRampFrom,RampToidentifier,RampToDirCode,RampToCoupletID,RSEUniqueGisRampTo,MannerofCollisionCode,LocationFirstEventCode,TotalLanes,RoadwayCharacterCode,RoadwaySurfaceCode,RoadwayConditionCode,WeatherCode,LightConditionCode,LandUseCode,SchoolBusRelatedCode,FirstAidSceneIndicator,CollDescPresentInd,InvestigationCompleteIndicator,PhotosTakenIndicator,TimeNotified,TimeArrived,TimeRoadwayOpened,PropertyDamageIndicator,DiagramPresentIndicator,DirectionalAnalysis,FunctionClassCode,NationalHwySysCode,EnforcementsIndicator,KARSCityCode,SecondaryCollisionIndicator,MedianCrossoverIndicator,RT_UNIQUE,MapIt,TimeLastLeft,YR,KABCO,MFNY,WorkingRID,RT_CONFIDENCE,KTC_RT,KTC_MP,Motorcyclist,CommercialVehicle,YoungDriver,MatureDriver,pedestrian,Bicyclist,Distracted,agressive,Impaired,Unrestrained,Intersection,RoadwayDeparture,MedXover
72778059,980000,22-06-004,20220627,1250,,319,TOLER,,RD,KY0319,KY0319,0,098 KY-319,KY0319,Y,N,NULL,NULL,NULL,N,NULL,NULL,NULL,NULL,NULL,NULL,6.91,NULL,NULL,NULL,NULL,,NULL,0,0,2,2,N,N,15,NULL,98,9852,NULL,,Y,37.63957,37,38.374,NULL,-82.25816,82,15.489,NULL,N,NULL,NULL,NULL,NULL,NULL,NULL,NULL,NULL,2,97,1,4,1,1,2,2,1,3,N,NULL,N,Y,1300,1305,1335,N,NULL,90,7,0,N,,N,N,098-KY-0319-0,NULL,NULL,2022,O,7.27781E+11,098-KY-0319  -000,HIGH,098-KY-0319  -000,6.91,0,0,1,1,0,0,1,0,0,0,0,0,0
72790208,980100,2.022E+11,20220804,1405,,,KY1426,,,KY1426,KY1426,0,098 KY-1426,KY1426,Y,N,NULL,NULL,NULL,N,NULL,NULL,NULL,NULL,NULL,NULL,7.739,NULL,NULL,NULL,NULL,,NULL,0,0,2,2,N,N,NULL,NULL,98,9801,NULL,,Y,37.49026,37,29.416,NULL,-82.4962,82,29.772,NULL,N,NULL,NULL,NULL,NULL,NULL,NULL,NULL,NULL,2,97,NULL,6,1,1,2,2,1,3,N,NULL,Y,N,1405,1407,,N,NULL,90,,0,N,,N,N,098-KY-1426-0,NULL,NULL,2022,O,7.27902E+11,098-KY-1426  -000,HIGH,098-KY-1426  -000,7.739,0,0,0,1,0,0,0,0,0,0,0,0,0
72780702,980100,2.022E+11,20220706,1228,,210,CASSIDY,,BLVD,,,0,098 CS-1191,CS1191,Y,N,NULL,NULL,NULL,N,NULL,NULL,NULL,NULL,NULL,NULL,0.038,NULL,NULL,NULL,NULL,,NULL,0,0,2,2,N,N,NULL,NULL,98,9801,NULL,,Y,37.5037,37,30.222,NULL,-82.53278,82,31.967,NULL,N,NULL,NULL,NULL,NULL,NULL,NULL,NULL,NULL,2,97,1,6,1,1,2,2,1,3,N,NULL,Y,N,1228,1236,1236,N,NULL,90,,,N,,N,N,098-CS-1191-0,NULL,NULL,2022,O,7.27807E+11,098-CS-1191  -000,HIGH,098-CS-1191  -000,0.038,0,0,0,1,0,0,1,0,0,0,0,0,0
72743404,980000,22-03-005,20220323,740,,,US119,,,US0119,US0119,0,098 US-119,US0119,N,N,NULL,NULL,NULL,N,NULL,NULL,NULL,NULL,NULL,NULL,21.931,NULL,NULL,NULL,NULL,,NULL,0,0,1,1,N,N,55,NULL,98,9836,NULL,,Y,37.63236,37,37.941,NULL,-82.26141,82,15.684,NULL,N,NULL,NULL,NULL,NULL,NULL,NULL,NULL,NULL,9,3,2,6,1,5,6,2,7,3,N,NULL,Y,Y,745,745,815,N,NULL,40,2,1,N,,N,N,098-US-0119-0,NULL,NULL,2022,O,7.27434E+11,098-US-0119  -000,HIGH,098-US-0119  -000,21.931,0,0,1,0,0,0,1,0,0,0,0,1,0
72687426,KSP0900,2021-439652,20211025,1639,,,KY199,,,KY0199,KY0199,0,098 KY-199,KY0199,N,N,NULL,NULL,NULL,N,NULL,NULL,NULL,NULL,NULL,NULL,11.025,NULL,NULL,NULL,NULL,,NULL,0,0,2,1,N,N,35,NULL,98,9851,NULL,,Y,37.59404,37,35.642,NULL,-82.27573,82,16.543,NULL,N,NULL,NULL,NULL,NULL,NULL,NULL,NULL,NULL,2,3,2,1,1,5,3,2,7,3,N,NULL,Y,N,1639,1639,1639,N,NULL,56,7,0,N,,N,N,098-KY-0199-0,NULL,NULL,2021,O,7.26874E+11,098-KY-0199  -000,HIGH,098-KY-0199  -000,11.025,0,1,0,1,0,0,0,0,0,0,0,0,0
72774517,370200,2022-228015,20220617,1250,,,US119,,,US0119,US0119,0,098 US-119-10,US0119,N,N,NULL,NULL,NULL,N,NULL,NULL,NULL,NULL,NULL,NULL,11.214,NULL,NULL,NULL,NULL,,NULL,0,0,1,1,N,N,55,NULL,98,9820,NULL,,Y,37.59037,37,35.423,NULL,-82.38703,82,23.222,NULL,N,NULL,NULL,NULL,NULL,NULL,NULL,NULL,NULL,9,6,2,5,1,1,2,2,7,3,N,NULL,Y,N,1250,1313,1547,Y,NULL,40,2,1,N,,N,N,098-US-0119-10,NULL,NULL,2022,O,7.27745E+11,098-US-0119  -010,HIGH,098-US-0119  -000,11.214,0,1,0,0,0,0,0,0,0,0,0,1,0
72685547,KSP0900,21-431315,20211019,1700,,,US23,,,US0023,US0023,0,098 US-23-10,US0023,N,N,NULL,NULL,NULL,N,NULL,NULL,NULL,NULL,NULL,NULL,20.64,NULL,NULL,NULL,NULL,,NULL,0,0,2,2,N,N,55,NULL,98,9801,NULL,,Y,37.44302,37,26.581,NULL,-82.51992,82,31.195,NULL,N,NULL,NULL,NULL,NULL,NULL,NULL,NULL,NULL,1,3,4,3,1,1,2,2,1,3,N,NULL,Y,N,1704,1723,1704,N,NULL,55,,1,N,,N,N,098-US-0023-10,NULL,NULL,2021,O,7.26855E+11,098-US-0023  -010,HIGH,098-US-0023  -000,20.64,0,0,0,0,0,0,0,0,0,0,0,0,0
72747585,KSP0900,22-123618,20220405,2040,,,KY3174,,,KY3174,KY3174,,,,N,N,NULL,NULL,NULL,N,NULL,NULL,NULL,NULL,NULL,NULL,0.856,NULL,NULL,NULL,NULL,,NULL,1,0,1,1,N,N,55,NULL,98,9824,NULL,,Y,37.39067,37,23.44,NULL,-82.51688,82,31.013,NULL,N,NULL,NULL,NULL,NULL,NULL,NULL,NULL,NULL,9,3,4,6,1,5,6,6,7,3,N,NULL,Y,Y,2030,2102,2130,N,NULL,38,,0,N,,N,N,,NULL,NULL,2022,A,7.27476E+11,098-KY-3174  -010,HIGH,098-KY-3174  -000,0.856,0,0,0,0,0,0,0,0,0,0,0,0,0
72800172,KSP0900,22-328966,20220825,1249,,,ABNER MOUNTAIN,,RD,KY0122,KY0122,0,098 KY-122,KY0122,N,N,NULL,NULL,NULL,N,NULL,NULL,NULL,NULL,NULL,NULL,0.107,NULL,NULL,NULL,NULL,,NULL,0,0,1,1,N,N,55,NULL,98,9827,NULL,,Y,37.34934,37,20.96,NULL,-82.65353,82,39.211,NULL,N,NULL,NULL,NULL,NULL,NULL,NULL,NULL,NULL,9,3,2,1,1,1,2,2,7,3,N,NULL,Y,N,1249,1309,1335,N,NULL,70,,0,N,,N,N,098-KY-0122-0,NULL,NULL,2022,O,7.28002E+11,098-KY-0122  -000,HIGH,098-KY-0122  -000,0.107,0,0,0,0,0,0,0,0,0,0,0,0,0
72724793,KSP0900,22-17622,20220114,1742,,1005,FROZEN,,CRK,,,0,098 CR-1353,CR1353,N,N,NULL,NULL,NULL,N,NULL,NULL,NULL,NULL,NULL,NULL,2.263,NULL,NULL,NULL,NULL,,NULL,0,0,1,1,N,N,35,NULL,98,9850,NULL,,Y,37.47631,37,28.579,NULL,-82.44697,82,26.818,NULL,N,NULL,NULL,NULL,NULL,NULL,NULL,NULL,NULL,9,97,1,3,1,5,2,2,7,3,N,NULL,Y,N,1637,1643,1700,Y,NULL,40,,,N,,N,N,098-CR-1353-0,NULL,NULL,2022,O,7.27248E+11,098-CR-1353  -000,HIGH,098-CR-1353  -000,2.263,0,0,1,0,0,0,0,0,0,0,0,1,0
72781509,370200,2022247868,20220630,2309,,,ROAD CREEK,,RD,,,0,098 CR-1659,CR1659,N,N,NULL,NULL,NULL,N,NULL,NULL,NULL,NULL,NULL,NULL,0.362,NULL,NULL,NULL,NULL,,NULL,0,0,2,2,N,N,35,NULL,98,9802,NULL,,Y,37.35535,37,21.321,NULL,-82.3834,82,23.004,NULL,N,NULL,NULL,NULL,NULL,NULL,NULL,NULL,NULL,5,97,2,3,1,1,3,6,7,2,N,NULL,Y,N,2229,2322,1244,Y,NULL,47,,,N,,N,N,098-CR-1659-0,NULL,NULL,2022,O,7.27815E+11,098-CR-1659  -000,HIGH,098-CR-1659  -000,0.362,0,0,0,0,0,0,1,0,0,0,0,1,0
72756125,KSP0900,22-156615,20220429,1246,,,WILSON,,DR,,,0,098 CR-1015B,CR1015B,Y,N,NULL,NULL,NULL,N,NULL,NULL,NULL,NULL,NULL,NULL,0.001,NULL,NULL,NULL,NULL,,NULL,0,0,2,2,N,N,NULL,NULL,98,9834,NULL,,Y,37.6758,37,40.548,NULL,-82.2981,82,17.886,NULL,N,NULL,NULL,NULL,NULL,NULL,NULL,NULL,NULL,1,97,NULL,6,1,1,2,2,5,3,N,NULL,Y,N,1246,1324,1324,N,NULL,90,,,N,,N,N,098-CR-1015B-0,NULL,NULL,2022,O,7.27561E+11,098-CR-1015B -000,HIGH,098-CR-1015B -000,0.001,0,0,0,0,0,0,1,0,0,0,0,0,0
72738008,KSP0900,22-75418,20220301,1806,,,US119,,,US0119,US0119,0,098 US-119,US0119,N,N,NULL,NULL,NULL,N,NULL,NULL,NULL,NULL,NULL,NULL,22.607,NULL,NULL,NULL,NULL,,NULL,0,0,2,2,N,N,55,NULL,98,9836,NULL,,Y,37.63979,37,38.387,NULL,-82.25883,82,15.53,NULL,N,NULL,NULL,NULL,NULL,NULL,NULL,NULL,NULL,5,3,2,6,1,1,2,2,3,3,N,NULL,N,N,1806,1812,1830,N,NULL,70,2,1,N,,N,N,098-US-0119-0,NULL,NULL,2022,O,7.2738E+11,098-US-0119  -000,HIGH,098-US-0119  -000,22.607,0,0,0,0,0,0,1,0,0,0,0,0,0
72663863,KSP0900,21-343527,20210817,2216,,,KY1499,,,KY1499,KY1499,0,098 KY-1499,KY1499,N,N,NULL,NULL,NULL,N,NULL,NULL,NULL,NULL,NULL,NULL,1.766,NULL,NULL,NULL,NULL,,NULL,0,0,1,1,N,N,55,NULL,98,9839,NULL,,Y,37.40115,37,24.069,NULL,-82.24925,82,14.955,NULL,N,NULL,NULL,NULL,NULL,NULL,NULL,NULL,NULL,9,3,2,6,1,5,5,6,7,3,N,NULL,Y,N,2218,2231,,N,NULL,40,7,0,N,,N,N,098-KY-1499-0,NULL,NULL,2021,O,7.26639E+11,098-KY-1499  -000,HIGH,098-KY-1499  -000,1.766,0,0,0,0,0,0,0,0,0,0,0,1,0
72766283,980100,2.022E+11,20220521,1529,,,KY3496,,,KY3496,KY3496,0,098 KY-3496,KY3496,N,N,NULL,NULL,NULL,N,NULL,NULL,NULL,NULL,NULL,NULL,0.095,NULL,NULL,NULL,NULL,,NULL,0,0,2,2,N,N,35,NULL,98,9801,NULL,,Y,37.46595,37,27.957,NULL,-82.52943,82,31.766,NULL,N,NULL,NULL,NULL,NULL,NULL,NULL,NULL,NULL,4,3,2,6,1,1,2,2,1,3,N,NULL,Y,N,1529,1536,1540,N,NULL,70,16,0,N,,N,N,098-KY-3496-0,NULL,NULL,2022,O,7.27663E+11,098-KY-3496  -000,HIGH,098-KY-3496  -000,0.095,0,0,0,1,0,0,1,0,0,0,0,0,0
72750027,KSP0900,22-126926,20220408,1346,,,US460,,,US0460,US0460,0,098 US-460,US0460,N,N,NULL,NULL,NULL,N,NULL,NULL,NULL,NULL,NULL,NULL,8.68,NULL,NULL,NULL,NULL,,NULL,2,0,4,4,N,N,35,NULL,98,9802,7,NW,N,37.37209,37,22.325,NULL,-82.42535,82,25.521,NULL,N,NULL,NULL,NULL,NULL,NULL,NULL,NULL,NULL,5,3,2,6,1,5,6,2,7,3,Y,NULL,Y,Y,1346,1352,1449,N,NULL,49,,1,N,,N,N,098-US-0460-0,NULL,NULL,2022,B,7.275E+11,098-US-0460  -000,HIGH,098-US-0460  -000,8.68,0,0,0,1,0,0,1,0,0,0,0,0,0
72779265,KSP0900,22-252483,20220703,2130,,,KY319,,,KY0319,KY0319,,,,N,N,NULL,NULL,NULL,N,NULL,NULL,NULL,NULL,NULL,NULL,1.493,NULL,NULL,NULL,NULL,,NULL,1,0,1,1,N,N,45,NULL,98,9842,NULL,,Y,37.59046,37,35.428,NULL,-82.20067,82,12.04,NULL,N,NULL,NULL,NULL,NULL,NULL,NULL,NULL,NULL,9,3,2,6,1,1,2,6,7,3,N,NULL,Y,Y,2133,2146,2243,N,NULL,40,7,0,N,,N,N,,NULL,NULL,2022,A,7.27793E+11,098-KY-0319  -000,HIGH,098-KY-0319  -000,1.493,0,0,0,0,0,0,0,0,0,0,0,1,0
72788286,KSP0900,22-279145,20220722,1707,,,PINSONFORK,,RD,,,0,098 CR-1544J,CR1544J,N,N,NULL,NULL,NULL,N,NULL,NULL,NULL,NULL,NULL,NULL,0.602,NULL,NULL,NULL,NULL,,NULL,1,0,2,2,N,N,35,NULL,98,9819,NULL,,Y,37.56232,37,33.74,NULL,-82.27574,82,16.545,NULL,N,NULL,NULL,NULL,NULL,NULL,NULL,NULL,NULL,3,3,1,6,1,1,2,2,7,3,N,NULL,Y,Y,1707,1720,1720,N,NULL,52,,,N,,N,N,098-CR-1544J-0,NULL,NULL,2022,B,7.27883E+11,098-CR-1544J -000,HIGH,098-CR-1544J -000,0.602,0,0,0,0,0,0,0,0,0,0,0,1,0
72759290,980100,2.022E+11,20220504,1423,,121,MAIN,,ST,,,,,,Y,N,NULL,NULL,NULL,N,NULL,NULL,NULL,NULL,NULL,NULL,NULL,NULL,NULL,NULL,NULL,NULL,NULL,0,0,2,2,Y,Y,15,NULL,98,9801,NULL,,Y,37.48118,37,28.871,NULL,-82.51588,82,30.952,NULL,N,NULL,NULL,NULL,NULL,NULL,NULL,NULL,NULL,1,97,1,6,1,1,2,2,1,3,N,NULL,Y,N,1425,1431,,N,NULL,90,,,N,,N,N,,NULL,NULL,2022,O,7.27593E+11,098-CS-1112  -000,MEDIUM,098-CS-1112  -000,0.282,0,0,0,0,0,0,0,1,0,0,0,0,0
72741826,980500,2022AR015,20220318,1118,,,MAYO TRAIL,S,,,,,,,N,N,NULL,NULL,NULL,N,NULL,NULL,NULL,NULL,NULL,NULL,NULL,NULL,NULL,NULL,NULL,NULL,NULL,0,0,2,2,N,N,45,NULL,98,9807,NULL,,Y,37.51171,37,30.702,NULL,-82.55212,82,33.128,NULL,N,NULL,NULL,NULL,NULL,NULL,NULL,NULL,NULL,5,3,6,6,1,1,2,2,7,3,N,NULL,Y,Y,1120,1122,1124,N,NULL,49,,,N,,N,N,,NULL,NULL,2022,O,7.27418E+11,098-US-0023  -010,MEDIUM,098-US-0023  -000,27.567,0,0,0,1,0,0,0,0,0,0,0,0,0
72723912,KSP0900,22-11475,20220109,2039,,,US23,,,US0023,US0023,0,098 US-23,US0023,N,N,NULL,NULL,NULL,N,NULL,NULL,NULL,NULL,NULL,NULL,14.686,NULL,NULL,NULL,NULL,,NULL,0,0,1,1,N,N,55,NULL,98,9801,NULL,,Y,37.3924,37,23.544,NULL,-82.53004,82,31.802,NULL,N,NULL,NULL,NULL,NULL,NULL,NULL,NULL,NULL,9,3,4,6,1,5,2,6,7,3,N,NULL,Y,N,2042,2059,,N,NULL,41,,1,N,,N,N,098-US-0023-0,NULL,NULL,2022,O,7.27239E+11,098-US-0023  -000,HIGH,098-US-0023  -000,14.686,0,0,0,0,0,0,0,0,0,0,0,1,0
72721417,KSP0900,2022-020637,20220117,1000,,,KY1056,,,KY1056,KY1056,0,098 KY-1056,KY1056,N,N,NULL,NULL,NULL,N,NULL,NULL,NULL,NULL,NULL,NULL,8.685,NULL,NULL,NULL,NULL,,NULL,0,0,1,1,N,N,55,NULL,98,9863,NULL,,Y,37.59222,37,35.534,NULL,-82.17192,82,10.315,NULL,N,NULL,NULL,NULL,NULL,NULL,NULL,NULL,NULL,9,3,2,6,1,4,8,2,7,3,N,NULL,Y,N,1000,1000,1000,N,NULL,44,7,0,N,,N,N,098-KY-1056-0,NULL,NULL,2022,O,7.27214E+11,098-KY-1056  -000,HIGH,098-KY-1056  -000,8.685,0,0,0,0,0,0,0,0,0,0,0,1,0
72748276,KSP0900,22-124568,20220406,1644,,,US119,,,US0119,US0119,0,098 US-119,US0119,Y,N,NULL,NULL,NULL,N,NULL,NULL,NULL,NULL,NULL,NULL,23.734,NULL,NULL,NULL,NULL,,NULL,0,0,2,2,N,Y,10,NULL,98,9834,NULL,,Y,37.65208,37,39.125,NULL,-82.2681,82,16.086,NULL,N,NULL,NULL,NULL,NULL,NULL,NULL,NULL,NULL,2,97,2,6,1,1,2,2,1,3,N,NULL,Y,N,1646,1702,1819,N,NULL,90,2,1,N,,N,N,098-US-0119-0,NULL,NULL,2022,O,7.27483E+11,098-US-0119  -000,HIGH,098-US-0119  -000,23.734,0,0,0,0,0,0,1,0,0,0,0,0,0
72774916,980100,2.022E+11,20220620,1932,,239,POPLAR,,ST,,,0,098 CS-1160,CS1160,N,N,NULL,NULL,NULL,N,NULL,NULL,NULL,NULL,NULL,NULL,0.085,NULL,NULL,NULL,NULL,,NULL,0,0,1,1,N,N,25,NULL,98,9801,NULL,,Y,37.47979,37,28.787,NULL,-82.52206,82,31.324,NULL,N,NULL,NULL,NULL,NULL,NULL,NULL,NULL,NULL,9,3,2,3,1,1,2,2,7,3,N,NULL,Y,N,1932,1937,1937,N,NULL,40,,,N,,N,N,098-CS-1160-0,NULL,NULL,2022,O,7.27749E+11,098-CS-1160  -000,HIGH,098-CS-1160  -000,0.085,0,0,0,0,0,0,0,0,0,0,0,1,0
72679041,980100,2.021E+11,20210930,1056,,,US23,,,US0023,US0023,0,098 US-23-10,US0023,N,N,NULL,NULL,NULL,N,NULL,NULL,NULL,NULL,NULL,NULL,27.366,NULL,NULL,NULL,NULL,,NULL,0,0,2,2,N,N,55,NULL,98,9801,NULL,,Y,37.51077,37,30.646,NULL,-82.54864,82,32.918,NULL,N,NULL,NULL,NULL,NULL,NULL,NULL,NULL,NULL,5,3,4,6,1,1,2,2,7,3,N,NULL,Y,N,1056,1104,1107,N,NULL,49,,1,N,,N,N,098-US-0023-10,NULL,NULL,2021,O,7.2679E+11,098-US-0023  -010,HIGH,098-US-0023  -000,27.366,0,0,1,0,0,0,0,0,0,0,0,0,0
72724698,KSP0900,22-32787,20220127,1349,,,LITTLE ROBINSON CREEK,,RD,KY3415,KY3415,0,098 KY-3415,KY3415,N,N,NULL,NULL,NULL,N,NULL,NULL,NULL,NULL,NULL,NULL,2.812,NULL,NULL,NULL,NULL,,NULL,1,0,1,1,N,N,45,NULL,98,9801,7,SW,N,37.37096,37,22.258,NULL,-82.63055,82,37.833,NULL,N,NULL,NULL,NULL,NULL,NULL,NULL,NULL,NULL,9,5,2,6,1,1,2,2,7,3,Y,NULL,Y,N,1320,1346,1425,N,NULL,44,9,0,N,,N,N,098-KY-3415-0,NULL,NULL,2022,B,7.27247E+11,098-KY-3415  -000,HIGH,098-KY-3415  -000,2.812,0,0,0,0,0,0,0,0,0,0,0,1,0
72642329,KSP0900,21-262973,20210626,1110,,,US119,,,US0119,US0119,0,098 US-119,US0119,N,N,NULL,NULL,NULL,N,NULL,NULL,NULL,NULL,NULL,NULL,7.654,NULL,NULL,NULL,NULL,,NULL,1,0,1,1,N,N,55,NULL,98,9820,NULL,,Y,37.55461,37,33.277,NULL,-82.42728,82,25.637,NULL,N,NULL,NULL,NULL,NULL,NULL,NULL,NULL,NULL,9,5,2,1,1,1,2,2,7,3,Y,NULL,Y,Y,1110,1120,1258,Y,NULL,40,2,1,N,,N,N,098-US-0119-0,NULL,NULL,2021,A,7.26423E+11,098-US-0119  -000,HIGH,098-US-0119  -000,7.654,0,0,0,1,0,0,0,0,0,1,0,1,0
72787205,KSP0900,22-265354,20220712,2003,,,US119,,,US0119,US0119,0,098 US-119,US0119,Y,N,NULL,NULL,NULL,N,NULL,NULL,NULL,NULL,NULL,NULL,21.594,NULL,NULL,NULL,NULL,,NULL,0,0,2,2,N,N,10,NULL,98,9836,NULL,,Y,37.62862,37,37.717,NULL,-82.26353,82,15.812,NULL,N,NULL,NULL,NULL,NULL,NULL,NULL,NULL,NULL,2,97,2,6,1,5,6,2,1,3,N,NULL,N,N,2003,2020,2003,N,NULL,90,2,1,N,,N,N,098-US-0119-0,NULL,NULL,2022,O,7.27872E+11,098-US-0119  -000,HIGH,098-US-0119  -000,21.594,0,0,1,0,0,0,0,0,0,0,0,1,0
72742951,KSP0900,22-102419,20220321,736,,,KY195,,,KY0195,KY0195,0,098 KY-195,KY0195,N,N,NULL,NULL,NULL,N,NULL,NULL,NULL,NULL,NULL,NULL,9.078,NULL,NULL,NULL,NULL,,NULL,0,0,1,1,N,N,55,NULL,98,9830,NULL,,Y,37.34146,37,20.488,NULL,-82.42694,82,25.617,NULL,N,NULL,NULL,NULL,NULL,NULL,NULL,NULL,NULL,9,1,2,3,1,1,2,2,7,3,N,NULL,Y,N,801,847,736,N,NULL,44,7,0,N,,N,N,098-KY-0195-0,NULL,NULL,2022,O,7.2743E+11,098-KY-0195  -000,HIGH,098-KY-0195  -000,9.078,0,0,0,0,0,0,1,0,0,0,0,1,0
72737996,980100,2.022E+11,20220306,1758,,,US23,,,US0023,US0023,0,098 US-23,US0023,N,N,NULL,NULL,NULL,N,NULL,NULL,NULL,NULL,NULL,NULL,26.277,NULL,NULL,NULL,NULL,,NULL,0,0,2,2,N,N,55,NULL,98,9801,NULL,,Y,37.50357,37,30.214,NULL,-82.53212,82,31.927,NULL,N,NULL,NULL,NULL,NULL,NULL,NULL,NULL,NULL,5,3,4,6,1,1,3,2,2,3,N,NULL,Y,N,1758,1808,1824,N,NULL,49,,1,N,,N,N,098-US-0023-0,NULL,NULL,2022,O,7.2738E+11,098-US-0023  -000,HIGH,098-US-0023  -000,26.277,0,0,0,0,0,0,1,0,0,0,0,0,0
72732839,980100,2.022E+11,20220214,1449,,,US23,,,US0023,US0023,0,098 US-23,US0023,N,Y,KY3218,,,N,NULL,NULL,NULL,NULL,NULL,NULL,31.602,NULL,NULL,NULL,NULL,,NULL,0,0,2,2,N,N,55,NULL,98,9801,NULL,,Y,37.53698,37,32.219,NULL,-82.60163,82,36.098,NULL,N,NULL,NULL,NULL,NULL,NULL,NULL,NULL,NULL,5,3,4,6,1,1,2,2,7,3,N,NULL,Y,N,917,917,,N,NULL,35,,1,N,,Y,N,098-US-0023-0,NULL,NULL,2022,O,7.27328E+11,098-US-0023  -000,HIGH,098-US-0023  -000,31.602,0,0,1,0,0,0,1,0,0,0,1,0,0
72735172,980100,2.022E+11,20220224,1649,,,US23,,,US0023,US0023,0,098 US-23,US0023,N,N,NULL,NULL,NULL,N,NULL,NULL,NULL,NULL,NULL,NULL,26.225,NULL,NULL,NULL,NULL,,NULL,0,0,2,2,N,N,55,NULL,98,9801,NULL,,Y,37.50285,37,30.171,NULL,-82.53218,82,31.931,NULL,N,NULL,NULL,NULL,NULL,NULL,NULL,NULL,NULL,5,3,4,6,1,5,6,2,1,3,N,NULL,Y,N,1649,1649,1702,N,NULL,49,,1,Y,,N,N,098-US-0023-0,NULL,NULL,2022,O,7.27352E+11,098-US-0023  -000,HIGH,098-US-0023  -000,26.225,0,0,0,0,0,0,1,0,0,0,0,0,0
72658667,980100,2.021E+11,20210810,1534,,,US23,,,US0023,US0023,0,098 US-23,US0023,N,N,NULL,NULL,NULL,N,NULL,NULL,NULL,NULL,NULL,NULL,27.366,NULL,NULL,NULL,NULL,,NULL,0,0,2,2,N,N,55,NULL,98,9801,NULL,,Y,37.51106,37,30.663,NULL,-82.54951,82,32.97,NULL,N,NULL,NULL,NULL,NULL,NULL,NULL,NULL,NULL,8,3,4,6,1,1,2,2,1,3,N,NULL,Y,N,1534,1556,,N,NULL,53,,1,N,,N,N,098-US-0023-0,NULL,NULL,2021,O,7.26587E+11,098-US-0023  -000,HIGH,098-US-0023  -000,27.366,0,0,0,1,0,0,1,0,0,0,0,1,0
72712953,980100,2.021E+11,20211218,2112,,,HAROLDS BRANCH,,RD,,,0,098 CS-1223,CS1223,N,N,NULL,NULL,NULL,N,NULL,NULL,NULL,NULL,NULL,NULL,1.096,NULL,NULL,NULL,NULL,,NULL,0,0,2,2,Y,N,55,NULL,98,9801,NULL,,Y,37.46728,37,28.037,NULL,-82.50548,82,30.329,NULL,N,NULL,NULL,NULL,NULL,NULL,NULL,NULL,NULL,7,3,1,2,1,5,2,6,7,3,N,NULL,N,N,2112,2114,,N,NULL,54,,,N,,N,N,098-CS-1223-0,NULL,NULL,2021,O,7.2713E+11,098-CS-1223  -000,HIGH,098-CS-1223  -000,1.096,0,0,0,0,0,0,0,0,0,0,0,1,0
72710528,KSP0900,21-509310,20211215,725,,,KY199,,,KY0199,KY0199,0,098 KY-199,KY0199,N,N,NULL,NULL,NULL,N,NULL,NULL,NULL,NULL,NULL,NULL,10.883,NULL,NULL,NULL,NULL,,NULL,0,0,2,2,N,N,35,NULL,98,9851,NULL,,Y,37.59242,37,35.545,NULL,-82.27423,82,16.454,NULL,N,NULL,NULL,NULL,NULL,NULL,NULL,NULL,NULL,1,3,2,6,1,2,2,2,7,3,N,NULL,Y,N,725,810,830,N,NULL,55,7,0,N,,N,N,098-KY-0199-0,NULL,NULL,2021,O,7.27105E+11,098-KY-0199  -000,HIGH,098-KY-0199  -000,10.883,0,0,0,0,0,0,0,0,0,0,0,0,0
72715932,KSP0900,21-518872,20211222,1117,,,GREEN MEADOW,,LN,,,0,098 CR-1411,CR1411,N,N,NULL,NULL,NULL,N,NULL,NULL,NULL,NULL,NULL,NULL,0.029,NULL,NULL,NULL,NULL,,NULL,0,0,2,2,N,N,15,NULL,98,9801,NULL,,Y,37.53764,37,32.258,NULL,-82.60349,82,36.209,NULL,N,NULL,NULL,NULL,NULL,NULL,NULL,NULL,NULL,2,3,2,6,1,1,2,2,7,3,N,NULL,Y,N,1117,1216,1216,N,NULL,47,,,N,,N,N,098-CR-1411-0,NULL,NULL,2021,O,7.27159E+11,098-CR-1411  -000,HIGH,098-CR-1411  -000,0.029,0,0,0,0,0,0,1,0,0,0,0,0,0