MasterFile,AgencyORINumber,LocalCode,CollisionDate,CollisionTime,CollisionDayWeekCode,RoadwayName_HouseBusinessNumber_,RoadwayName_RoadwayName_,RoadwayName_Direction_,RoadwayName_RoadwaySuffix_,RoadwayfromReport,CurrentRoadwayNumber,RoadwayNumberCoupletID,RSEUniqueGIS,RoadwayIdentifier,ParkingLotIndicator,IntersectionWith_Indicator_,IntersectionWith_NameRoadway_,IntersectionWith_Direction_,IntersectionWith_RoadwaySuffix_,BetweenStreets_Indicator_,BetweenStreets1_NameRoadway_,BetweenStreet1_Direction_,BetweenStreets1_RoadwaySuffix_,BetweenStreets2_NameRoadway_,BetweenStreets2_Direction_,BetweenStreets2_RoadwaySuffix_,Milepoint,ReportMilepointDeriveNumber,CurrentDerivedMiepointNumber,MilestoMilepoint,FeettoMilepoint,DirectionfromMilepoint_NSEW_,ValidMilepointIndicator,NumberInjured,NumberKilled,ofUnits,ofMotorVehicleUnits,Hit&RunIndicator,OneWayIndicator,SpeedLimitNumber,KilometersIndicator,CountyCode,CityCountyCode,MilesFromCity,DirectionFromCity_NSEW_,InCityLimitsIndicator,Latitude,LatitudeDegrees,LatitudeMinutes,LatitudeSeconds,Longitude,LongitudeDegrees,LongitudeMinutes,LongitudeSeconds,RampIndicator,RampFromIdentifier,RampFromDirCode,RampFromCoupletID,RSEUniqueGISRampFrom,RampToidentifier,RampToDirCode,RampToCoupletID,RSEUniqueGisRampTo,MannerofCollisionCode,LocationFirstEventCode,TotalLanes,RoadwayCharacterCode,RoadwaySurfaceCode,RoadwayConditionCode,WeatherCode,LightConditionCode,LandUseCode,SchoolBusRelatedCode,FirstAidSceneIndicator,CollDescPresentInd,InvestigationCompleteIndicator,PhotosTakenIndicator,TimeNotified,TimeArrived,TimeRoadwayOpened,PropertyDamageIndicator,DiagramPresentIndicator,DirectionalAnalysis,FunctionClassCode,NationalHwySysCode,EnforcementsIndicator,KARSCityCode,SecondaryCollisionIndicator,MedianCrossoverIndicator,RT_UNIQUE,MapIt,TimeLastLeft,YR,KABCO,MFNY,WorkingRID,RT_CONFIDENCE,KTC_RT,KTC_MP,Motorcyclist,CommercialVehicle,YoungDriver,MatureDriver,pedestrian,Bicyclist,Distracted,agressive,Impaired,Unrestrained,Intersection,RoadwayDeparture,MedXover
72758127,980000,22-05-001,20220505,947,,,US460,,,US0460,US0460,0,098 US-460,US0460,N,N,NULL,NULL,NULL,N,NULL,NULL,NULL,NULL,NULL,NULL,11.911,NULL,NULL,NULL,NULL,,NULL,1,0,1,1,N,N,45,NULL,98,9802,NULL,,Y,37.35168,37,21.101,NULL,-82.39128,82,23.477,NULL,N,NULL,NULL,NULL,NULL,NULL,NULL,NULL,NULL,9,3,2,3,1,1,2,2,7,3,N,NULL,Y,Y,947,1001,1018,Y,NULL,40,,1,Y,,N,Y,098-US-0460-0,NULL,NULL,2022,B,7.27581E+11,098-US-0460  -000,HIGH,098-US-0460  -000,11.911,0,0,0,0,0,0,1,1,0,0,0,1,0
72725849,370200,2022-31084,20220126,700,,,US23,,,US0023,US0023,0,098 US-23-10,US0023,N,N,NULL,NULL,NULL,N,NULL,NULL,NULL,NULL,NULL,NULL,28.065,NULL,NULL,NULL,NULL,,NULL,0,0,1,1,N,N,55,NULL,98,9807,NULL,,Y,37.51525,37,30.915,NULL,-82.55949,82,33.569,NULL,N,NULL,NULL,NULL,NULL,NULL,NULL,NULL,NULL,9,3,4,6,1,1,3,2,1,3,N,NULL,Y,N,722,727,904,N,NULL,70,,1,N,,N,N,098-US-0023-10,NULL,NULL,2022,O,7.27258E+11,098-US-0023  -010,HIGH,098-US-0023  -000,28.065,0,1,0,0,0,0,0,0,0,0,0,0,0
72747000,980100,2.022E+11,20220403,1324,,,CASSIDY,,BLVD,,,0,098 CS-1191,CS1191,N,N,NULL,NULL,NULL,N,NULL,NULL,NULL,NULL,NULL,NULL,0.237,NULL,NULL,NULL,NULL,,NULL,0,0,2,2,N,N,25,NULL,98,9801,NULL,,Y,37.5044,37,30.264,NULL,-82.53575,82,32.145,NULL,N,NULL,NULL,NULL,NULL,NULL,NULL,NULL,NULL,1,3,2,5,1,1,2,2,1,3,N,NULL,Y,N,1324,1328,1406,N,NULL,55,,,N,,N,N,098-CS-1191-0,NULL,NULL,2022,O,7.2747E+11,098-CS-1191  -000,HIGH,098-CS-1191  -000,0.237,0,0,0,1,0,0,0,0,0,0,0,0,0
72676478,KSP0900,21-395072,20210923,1555,,,ZEBULON,,HWY,KY1426,KY1426,0,098 KY-1426,KY1426,N,N,NULL,NULL,NULL,N,NULL,NULL,NULL,NULL,NULL,NULL,11.662,NULL,NULL,NULL,NULL,,NULL,1,0,2,2,N,N,55,NULL,98,9828,NULL,,Y,37.53218,37,31.931,NULL,-82.46848,82,28.109,NULL,N,NULL,NULL,NULL,NULL,NULL,NULL,NULL,NULL,5,3,2,6,1,1,2,2,7,3,Y,NULL,Y,Y,1639,1606,1644,N,NULL,70,7,0,N,,N,N,098-KY-1426-0,NULL,NULL,2021,C,7.26765E+11,098-KY-1426  -000,HIGH,098-KY-1426  -000,11.662,0,0,0,0,0,0,1,0,0,0,0,0,0
72732727,980100,2.022E+11,20220212,2205,,,US23,,,US0023,US0023,0,098 US-23-10,US0023,N,N,NULL,NULL,NULL,N,NULL,NULL,NULL,NULL,NULL,NULL,21.523,NULL,NULL,NULL,NULL,,NULL,0,0,2,2,Y,N,55,NULL,98,9801,NULL,,Y,37.45213,37,27.127,NULL,-82.52325,82,31.395,NULL,N,NULL,NULL,NULL,NULL,NULL,NULL,NULL,NULL,1,3,4,6,1,1,2,6,7,3,N,NULL,Y,N,2205,2212,2212,N,NULL,55,,1,N,,N,N,098-US-0023-10,NULL,NULL,2022,O,7.27327E+11,098-US-0023  -010,HIGH,098-US-0023  -000,21.523,0,0,1,0,0,0,1,0,0,0,0,0,0
72722459,980100,2.022E+11,20220115,2230,,101,BAIRD,,AVE,KY1426,KY1426,0,098 KY-1426,KY1426,Y,N,NULL,NULL,NULL,N,NULL,NULL,NULL,NULL,NULL,NULL,5.384,NULL,NULL,NULL,NULL,,NULL,0,0,2,2,N,N,15,NULL,98,9801,NULL,,Y,37.473,37,28.38,NULL,-82.52801,82,31.68,NULL,N,NULL,NULL,NULL,NULL,NULL,NULL,NULL,NULL,2,97,2,6,1,1,2,5,1,3,N,NULL,Y,N,2230,2233,,N,NULL,90,,0,N,,N,N,098-KY-1426-0,NULL,NULL,2022,O,7.27225E+11,098-KY-1426  -000,HIGH,098-KY-1426  -000,5.384,0,0,1,0,0,0,1,0,0,0,0,0,0
72719231,980100,2.022E+11,20220105,1621,,,THOMPSON,,RD,,,0,098 CS-1215,CS1215,Y,N,NULL,NULL,NULL,N,NULL,NULL,NULL,NULL,NULL,NULL,NULL,NULL,NULL,NULL,NULL,,NULL,0,0,2,2,N,N,NULL,NULL,98,9801,NULL,,Y,37.50723,37,30.434,NULL,-82.54256,82,32.554,NULL,N,NULL,NULL,NULL,NULL,NULL,NULL,NULL,NULL,2,97,NULL,6,1,1,2,2,1,3,N,NULL,Y,N,1622,1631,1631,N,NULL,90,,,N,,N,N,098-CS-1215-0,NULL,NULL,2022,O,7.27192E+11,098-CS-1215  -000,HIGH,098-CS-1215  -000,0.543,0,0,0,1,0,0,1,0,0,0,0,0,0
72711382,980100,2.021E+11,20211215,1822,,,KY3496,,,KY3496,KY3496,0,098 KY-3496,KY3496,Y,N,NULL,NULL,NULL,N,NULL,NULL,NULL,NULL,NULL,NULL,0.219,NULL,NULL,NULL,NULL,,NULL,0,0,2,2,Y,N,NULL,NULL,98,9801,NULL,,Y,37.46667,37,28,NULL,-82.5315,82,31.89,NULL,N,NULL,NULL,NULL,NULL,NULL,NULL,NULL,NULL,7,97,2,6,1,1,2,7,1,3,N,NULL,Y,N,1822,1830,,N,NULL,90,16,0,N,,N,N,098-KY-3496-0,NULL,NULL,2021,O,7.27114E+11,098-KY-3496  -000,HIGH,098-KY-3496  -000,0.219,0,0,0,0,0,0,0,0,0,0,0,0,0
72698418,KSP0900,21-471647,20211118,630,,,US460,,,US0460,US0460,0,098 US-460,US0460,N,N,NULL,NULL,NULL,N,NULL,NULL,NULL,NULL,NULL,NULL,8.505,NULL,NULL,NULL,NULL,,NULL,1,0,2,2,N,N,35,NULL,98,9801,5,SE,N,37.37345,37,22.407,NULL,-82.42803,82,25.682,NULL,N,NULL,NULL,NULL,NULL,NULL,NULL,NULL,NULL,7,3,2,6,1,1,2,6,7,3,Y,NULL,Y,Y,631,638,740,N,NULL,54,,1,Y,,N,N,098-US-0460-0,NULL,NULL,2021,B,7.26984E+11,098-US-0460  -000,HIGH,098-US-0460  -000,8.505,0,0,0,0,0,0,0,0,0,0,0,1,0
72708909,980100,2.021E+11,20211214,1007,,,THOMPSON,,RD,,,0,098 CS-1215,CS1215,Y,N,NULL,NULL,NULL,N,NULL,NULL,NULL,NULL,NULL,NULL,0.638,NULL,NULL,NULL,NULL,,NULL,0,0,2,2,N,N,15,NULL,98,9801,NULL,,Y,37.50528,37,30.317,NULL,-82.54156,82,32.494,NULL,N,NULL,NULL,NULL,NULL,NULL,NULL,NULL,NULL,2,97,1,6,1,1,2,2,1,3,N,NULL,Y,N,1007,1013,1013,N,NULL,90,,,N,,N,N,098-CS-1215-0,NULL,NULL,2021,O,7.27089E+11,098-CS-1215  -000,HIGH,098-CS-1215  -000,0.638,0,0,0,0,0,0,1,0,0,0,0,0,0
72722441,980100,2.022E+11,20220119,1533,,,BYPASS,S,RD,KY1426,KY1426,0,098 KY-1426,KY1426,Y,N,NULL,NULL,NULL,N,NULL,NULL,NULL,NULL,NULL,NULL,5.675,NULL,NULL,NULL,NULL,,NULL,0,0,2,2,N,N,15,NULL,98,9801,NULL,,Y,37.4727,37,28.362,NULL,-82.52311,82,31.387,NULL,N,NULL,NULL,NULL,NULL,NULL,NULL,NULL,NULL,8,97,2,6,2,1,2,5,1,3,N,NULL,Y,N,1533,1540,1540,N,NULL,90,,0,N,,N,N,098-KY-1426-0,NULL,NULL,2022,O,7.27224E+11,098-KY-1426  -000,HIGH,098-KY-1426  -000,5.675,0,0,0,0,0,0,1,0,0,0,0,0,0
72724490,KSP0900,22-23423,20220119,1701,,,KY1469,,,KY1469,KY1469,0,098 KY-1469,KY1469,N,N,NULL,NULL,NULL,N,NULL,NULL,NULL,NULL,NULL,NULL,3.107,NULL,NULL,NULL,NULL,,NULL,0,1,1,1,N,N,55,NULL,98,9827,NULL,,Y,37.27652,37,16.591,NULL,-82.68146,82,40.888,NULL,N,NULL,NULL,NULL,NULL,NULL,NULL,NULL,NULL,9,3,2,3,1,5,6,6,7,3,N,NULL,Y,Y,1701,1721,1916,N,NULL,40,8,0,N,,Y,N,098-KY-1469-0,NULL,NULL,2022,K,7.27245E+11,098-KY-1469  -000,HIGH,098-KY-1469  -000,3.107,0,0,0,0,0,0,0,1,0,1,0,1,0
72724300,980100,2.022E+11,20220121,959,,,US23,,,US0023,US0023,0,098 US-23,US0023,N,N,NULL,NULL,NULL,N,NULL,NULL,NULL,NULL,NULL,NULL,27.36,NULL,NULL,NULL,NULL,,NULL,1,0,2,2,N,N,55,NULL,98,9801,NULL,,Y,37.51087,37,30.652,NULL,-82.54843,82,32.906,NULL,N,NULL,NULL,NULL,NULL,NULL,NULL,NULL,NULL,5,3,6,6,1,1,2,2,7,3,Y,NULL,Y,Y,959,1002,1043,N,NULL,49,,1,Y,,N,N,098-US-0023-0,NULL,NULL,2022,C,7.27243E+11,098-US-0023  -000,HIGH,098-US-0023  -000,27.36,0,0,0,0,0,0,1,0,1,0,0,0,0
72741577,980100,2.022E+11,20220211,221,,,MT CHASE,,DR,,,0,098 CS-1179,CS1179,Y,N,NULL,NULL,NULL,N,NULL,NULL,NULL,NULL,NULL,NULL,0.112,NULL,NULL,NULL,NULL,,NULL,0,0,2,2,Y,N,15,NULL,98,9801,NULL,,Y,37.48218,37,28.931,NULL,-82.52811,82,31.687,NULL,N,NULL,NULL,NULL,NULL,NULL,NULL,NULL,NULL,8,97,NULL,4,1,1,2,5,6,3,N,NULL,Y,Y,221,221,,N,NULL,90,,,Y,,N,N,098-CS-1179-0,NULL,NULL,2022,O,7.27416E+11,098-CS-1179  -000,HIGH,098-CS-1179  -000,0.112,0,0,0,0,0,0,0,0,1,1,0,0,0
72772153,980100,2.022E+11,20220613,933,,,US23,,,US0023,US0023,0,098 US-23-10,US0023,N,N,NULL,NULL,NULL,N,NULL,NULL,NULL,NULL,NULL,NULL,24.057,NULL,NULL,NULL,NULL,,NULL,0,0,1,1,N,N,55,NULL,98,9801,NULL,,Y,37.47623,37,28.574,NULL,-82.53918,82,32.35,NULL,N,NULL,NULL,NULL,NULL,NULL,NULL,NULL,NULL,9,3,4,6,1,6,6,2,7,3,N,NULL,Y,N,933,935,958,N,NULL,70,,1,N,,N,N,098-US-0023-10,NULL,NULL,2022,O,7.27722E+11,098-US-0023  -010,HIGH,098-US-0023  -000,24.057,0,0,0,0,0,0,0,0,0,0,0,1,0
72768430,980500,2022AR023,20220602,1423,,25,MULLINS,,HL,,,0,098 CR-1426T,CR1426T,Y,N,NULL,NULL,NULL,N,NULL,NULL,NULL,NULL,NULL,NULL,NULL,NULL,NULL,NULL,NULL,NULL,NULL,0,0,2,2,N,N,NULL,NULL,98,9807,NULL,,Y,37.53874,37,32.324,NULL,-82.58014,82,34.808,NULL,N,NULL,NULL,NULL,NULL,NULL,NULL,NULL,NULL,2,97,NULL,6,3,1,2,2,6,3,N,NULL,Y,Y,1420,1423,1423,N,NULL,90,,,N,,N,N,098-CR-1426T-0,NULL,NULL,2022,O,7.27684E+11,098-CR-1426T -000,MEDIUM,098-CR-1426T -000,0,0,0,0,1,0,0,1,0,0,0,0,0,0
72713690,KSP0900,21-522344,20211224,2108,,,US119,,,US0119,US0119,0,098 US-119,US0119,Y,N,NULL,NULL,NULL,N,NULL,NULL,NULL,NULL,NULL,NULL,22.137,NULL,NULL,NULL,NULL,,NULL,0,0,2,2,N,N,55,NULL,98,9836,NULL,,Y,37.63514,37,38.108,NULL,-82.26112,82,15.667,NULL,N,NULL,NULL,NULL,NULL,NULL,NULL,NULL,NULL,2,97,2,6,1,1,2,6,7,3,N,NULL,Y,N,2108,2108,2108,N,NULL,90,2,1,N,,N,N,098-US-0119-0,NULL,NULL,2021,O,7.27137E+11,098-US-0119  -000,HIGH,098-US-0119  -000,22.137,0,0,0,0,0,0,1,0,0,0,0,0,0
72723900,980000,21-12-005,20211229,1930,,,KY1469 TURN LANE,,,KY1469,KY1469,0,098 KY-1469-22,KY1469,N,N,NULL,NULL,NULL,N,NULL,NULL,NULL,NULL,NULL,NULL,0.019,NULL,NULL,NULL,NULL,,NULL,0,0,2,2,N,N,55,NULL,98,9827,NULL,,Y,37.33841,37,20.305,NULL,-82.58694,82,35.216,NULL,N,NULL,NULL,NULL,NULL,NULL,NULL,NULL,NULL,5,3,2,1,1,5,6,6,7,3,N,NULL,Y,Y,2005,2005,2010,N,NULL,49,8,0,N,,N,N,098-KY-1469-22,NULL,NULL,2021,O,7.27239E+11,098-KY-1469  -022,HIGH,098-KY-1469  -022,0.019,0,0,0,1,0,0,0,0,0,0,0,0,0
72746233,KSP0900,22-10322,20220321,1546,,,US460,,,US0460,US0460,0,098 US-460,US0460,N,N,NULL,NULL,NULL,N,NULL,NULL,NULL,NULL,NULL,NULL,1.388,NULL,NULL,NULL,NULL,,NULL,0,0,2,2,N,N,35,NULL,98,9824,NULL,,Y,37.42678,37,25.607,NULL,-82.5,82,30,NULL,N,NULL,NULL,NULL,NULL,NULL,NULL,NULL,NULL,5,3,2,3,1,1,2,2,7,3,N,NULL,Y,N,1551,1608,1610,N,NULL,49,,1,N,,N,N,098-US-0460-0,NULL,NULL,2022,O,7.27462E+11,098-US-0460  -000,HIGH,098-US-0460  -000,1.388,0,0,0,0,0,0,0,0,0,0,0,0,0
72792430,KSP0900,22-308293,20220810,1143,,,DORTON-JENKINS,,HWY,KY0805,KY0805,0,098 KY-805,KY0805,N,N,NULL,NULL,NULL,N,NULL,NULL,NULL,NULL,NULL,NULL,5.87,NULL,NULL,NULL,NULL,,NULL,0,0,1,1,N,N,35,NULL,98,9809,NULL,,Y,37.26751,37,16.051,NULL,-82.57597,82,34.558,NULL,N,NULL,NULL,NULL,NULL,NULL,NULL,NULL,NULL,9,97,2,6,1,1,2,2,6,3,N,NULL,Y,N,1355,1404,1404,N,NULL,70,7,0,N,,N,N,098-KY-0805-0,NULL,NULL,2022,O,7.27924E+11,098-KY-0805  -000,HIGH,098-KY-0805  -000,5.87,0,0,0,0,0,0,0,0,0,0,0,0,0
72698284,980100,2.021E+11,20211116,1111,,,BYPASS,S,RD,KY1426,KY1426,0,098 KY-1426,KY1426,N,N,NULL,NULL,NULL,N,NULL,NULL,NULL,NULL,NULL,NULL,5.631,NULL,NULL,NULL,NULL,,NULL,0,0,2,2,N,N,35,NULL,98,9801,NULL,,Y,37.47263,37,28.358,NULL,-82.52343,82,31.406,NULL,N,NULL,NULL,NULL,NULL,NULL,NULL,NULL,NULL,5,3,2,6,1,1,2,2,7,3,N,NULL,Y,N,1112,1116,1118,N,NULL,49,,0,N,,N,N,098-KY-1426-0,NULL,NULL,2021,O,7.26983E+11,098-KY-1426  -000,HIGH,098-KY-1426  -000,5.631,0,0,0,0,0,0,0,0,0,0,0,0,0
72675005,980100,2.021E+11,20210924,1812,,,CASSIDY,,BLVD,,,0,098 CS-1191,CS1191,Y,N,NULL,NULL,NULL,N,NULL,NULL,NULL,NULL,NULL,NULL,0.195,NULL,NULL,NULL,NULL,,NULL,0,0,2,2,N,N,15,NULL,98,9801,NULL,,Y,37.50398,37,30.239,NULL,-82.53516,82,32.11,NULL,N,NULL,NULL,NULL,NULL,NULL,NULL,NULL,NULL,1,97,2,6,1,1,2,2,1,3,N,NULL,Y,N,1812,1828,1844,N,NULL,90,,,N,,N,N,098-CS-1191-0,NULL,NULL,2021,O,7.2675E+11,098-CS-1191  -000,HIGH,098-CS-1191  -000,0.195,0,0,0,1,0,0,1,0,0,0,0,0,0
72711615,980000,21-12-002,20211214,724,,,US23,,,US0023,US0023,0,098 US-23-10,US0023,N,N,NULL,NULL,NULL,N,NULL,NULL,NULL,NULL,NULL,NULL,27.766,NULL,NULL,NULL,NULL,,NULL,0,0,1,1,N,N,55,NULL,98,9807,NULL,,Y,37.51289,37,30.774,NULL,-82.55523,82,33.314,NULL,N,NULL,NULL,NULL,NULL,NULL,NULL,NULL,NULL,9,3,4,6,1,1,2,2,6,3,N,NULL,Y,N,724,724,730,N,NULL,38,,1,N,,N,N,098-US-0023-10,NULL,NULL,2021,O,7.27116E+11,098-US-0023  -010,HIGH,098-US-0023  -000,27.766,0,0,0,0,0,0,0,0,0,0,0,0,0
72670302,KSP0900,21-361407,20210830,1415,,,KY632,,,KY0632,KY0632,0,098 KY-632,KY0632,Y,N,NULL,NULL,NULL,N,NULL,NULL,NULL,NULL,NULL,NULL,13.46,NULL,NULL,NULL,NULL,,NULL,0,0,2,2,N,N,10,NULL,98,9804,NULL,,Y,37.51064,37,30.638,NULL,-82.15988,82,9.593,NULL,N,NULL,NULL,NULL,NULL,NULL,NULL,NULL,NULL,2,97,2,6,1,1,2,2,7,3,N,NULL,Y,N,1415,1515,1530,N,NULL,90,6,0,N,,N,N,098-KY-0632-0,NULL,NULL,2021,O,7.26703E+11,098-KY-0632  -000,HIGH,098-KY-0632  -000,13.46,0,0,0,0,0,0,1,0,0,0,0,0,0
72690305,KSP0900,21-432390,20211020,1324,,,ROCKY,,RD,,,0,098 CR-1212,CR1212,N,N,NULL,NULL,NULL,N,NULL,NULL,NULL,NULL,NULL,NULL,0.443,NULL,NULL,NULL,NULL,,NULL,0,0,2,2,Y,N,35,NULL,98,9801,NULL,,Y,37.40725,37,24.435,NULL,-82.43097,82,25.858,NULL,N,NULL,NULL,NULL,NULL,NULL,NULL,NULL,NULL,7,3,2,6,1,1,2,2,7,3,N,NULL,Y,N,1324,1407,1324,N,NULL,54,,,N,,N,N,098-CR-1212-0,NULL,NULL,2021,O,7.26903E+11,098-CR-1212  -000,HIGH,098-CR-1212  -000,0.443,0,0,0,0,0,0,0,0,0,0,0,1,0
72784779,980100,2.022E+11,20220713,102,,,HAROLDS BRANCH,,RD,,,0,098 CS-1223,CS1223,Y,N,NULL,NULL,NULL,N,NULL,NULL,NULL,NULL,NULL,NULL,0.065,NULL,NULL,NULL,NULL,,NULL,0,0,2,2,N,N,NULL,NULL,98,9801,NULL,,Y,37.472,37,28.32,NULL,-82.52216,82,31.329,NULL,N,NULL,NULL,NULL,NULL,NULL,NULL,NULL,NULL,2,97,NULL,6,2,1,2,5,5,3,N,NULL,Y,N,102,102,102,N,NULL,90,,,N,,N,N,098-CS-1223-0,NULL,NULL,2022,O,7.27848E+11,098-CS-1223  -000,HIGH,098-CS-1223  -000,0.065,0,0,0,0,0,0,1,1,0,0,0,0,0
72721795,980100,2.022E+11,20210111,1802,,,PARK,,ST,,,0,098 CS-1058,CS1058,N,N,NULL,NULL,NULL,N,NULL,NULL,NULL,NULL,NULL,NULL,0.048,NULL,NULL,NULL,NULL,,NULL,0,0,2,2,N,N,5,NULL,98,9801,NULL,,Y,37.47499,37,28.5,NULL,-82.52245,82,31.347,NULL,N,NULL,NULL,NULL,NULL,NULL,NULL,NULL,NULL,2,3,1,6,1,1,2,2,6,3,N,NULL,Y,N,1756,1800,1810,N,NULL,47,,,N,,N,N,098-CS-1058-0,NULL,NULL,2021,O,7.27218E+11,098-CS-1058  -000,HIGH,098-CS-1058  -000,0.048,0,0,0,0,0,0,0,0,0,0,0,0,0
72728455,980500,2022AR006,20220207,1608,,,MAYO TRAIL,S,,,,,,,N,N,NULL,NULL,NULL,N,NULL,NULL,NULL,NULL,NULL,NULL,NULL,NULL,NULL,NULL,NULL,NULL,NULL,0,0,2,2,N,N,45,NULL,98,9807,NULL,,Y,37.51527,37,30.917,NULL,-82.55936,82,33.561,NULL,N,NULL,NULL,NULL,NULL,NULL,NULL,NULL,NULL,5,3,7,6,1,1,2,2,7,3,N,NULL,Y,Y,1608,1612,1612,N,NULL,70,,,N,,N,N,,NULL,NULL,2022,O,7.27285E+11,098-CS-3012  -000,MEDIUM,098-CS-3012  -000,0.005,0,0,0,1,0,0,1,0,0,0,0,0,0
72701764,KSP0900,21-482470,20211126,935,,225,HILLVIEW,,DR,,,0,098 CR-1213L,CR1213L,N,N,NULL,NULL,NULL,N,NULL,NULL,NULL,NULL,NULL,NULL,0.103,NULL,NULL,NULL,NULL,,NULL,0,0,1,1,N,N,25,NULL,98,9801,5,SE,N,37.40973,37,24.584,NULL,-82.4256,82,25.536,NULL,N,NULL,NULL,NULL,NULL,NULL,NULL,NULL,NULL,9,97,2,6,1,5,2,2,7,3,N,NULL,Y,N,934,957,957,Y,NULL,70,,,N,,N,N,098-CR-1213L-0,NULL,NULL,2021,O,7.27018E+11,098-CR-1213L -000,HIGH,098-CR-1213L -000,0.103,0,0,0,0,0,0,0,0,0,0,0,0,0
72728433,980500,2022AR005,20220207,1045,,3920,N MAYO TRAIL,,,US0023,US0023,0,098 US-23,US0023,N,N,NULL,NULL,NULL,N,NULL,NULL,NULL,NULL,NULL,NULL,NULL,NULL,NULL,NULL,NULL,NULL,NULL,1,0,2,2,N,N,45,NULL,98,9807,NULL,,Y,37.52053,37,31.232,NULL,-82.56794,82,34.076,NULL,N,NULL,NULL,NULL,NULL,NULL,NULL,NULL,NULL,3,97,2,6,1,1,2,2,1,3,Y,NULL,Y,Y,1045,1050,1155,Y,NULL,40,,1,N,,N,N,098-US-0023-0,NULL,NULL,2022,B,7.27284E+11,098-US-0023  -000,HIGH,098-US-0023  -000,28.662,0,0,0,0,0,0,0,0,0,0,0,1,0
72738303,980100,2.022E+11,20220307,1734,,,STONE COAL CREEK,,RD,KY3227,KY3227,0,098 KY-3227,KY3227,N,N,NULL,NULL,NULL,N,NULL,NULL,NULL,NULL,NULL,NULL,0.008,NULL,NULL,NULL,NULL,,NULL,0,0,2,2,N,N,55,NULL,98,9801,NULL,,Y,37.51106,37,30.664,NULL,-82.54871,82,32.923,NULL,N,NULL,NULL,NULL,NULL,NULL,NULL,NULL,NULL,5,3,2,6,1,1,3,2,7,3,N,NULL,Y,N,1734,1741,1742,N,NULL,49,8,0,N,,N,N,098-KY-3227-0,NULL,NULL,2022,O,7.27383E+11,098-KY-3227  -000,HIGH,098-KY-3227  -000,0.008,0,0,1,0,0,0,1,0,0,0,0,0,0
72787626,980100,2.022E+11,20220728,918,,,KY1426,,,KY1426,KY1426,0,098 KY-1426,KY1426,N,N,NULL,NULL,NULL,N,NULL,NULL,NULL,NULL,NULL,NULL,7.938,NULL,NULL,NULL,NULL,,NULL,0,0,1,1,N,N,35,NULL,98,9801,NULL,,Y,37.49061,37,29.437,NULL,-82.49276,82,29.565,NULL,N,NULL,NULL,NULL,NULL,NULL,NULL,NULL,NULL,9,5,2,2,1,5,6,2,7,3,N,NULL,Y,N,922,929,929,N,NULL,40,,0,N,,N,N,098-KY-1426-0,NULL,NULL,2022,O,7.27876E+11,098-KY-1426  -000,HIGH,098-KY-1426  -000,7.938,0,0,0,0,0,0,0,0,0,0,0,1,0
72702423,KSP0900,21-485772,20211128,1904,,,US119,,,US0119,US0119,0,098 US-119,US0119,N,N,NULL,NULL,NULL,N,NULL,NULL,NULL,NULL,NULL,NULL,4.91,NULL,NULL,NULL,NULL,,NULL,0,0,1,1,N,N,55,NULL,98,9828,NULL,,Y,37.52471,37,31.483,NULL,-82.45441,82,27.265,NULL,N,NULL,NULL,NULL,NULL,NULL,NULL,NULL,NULL,9,3,2,6,1,1,2,6,7,3,N,NULL,N,N,1904,1921,1904,N,NULL,38,2,1,N,,N,N,098-US-0119-0,NULL,NULL,2021,O,7.27024E+11,098-US-0119  -000,HIGH,098-US-0119  -000,4.91,0,0,1,0,0,0,0,0,0,0,0,0,0
72710330,980100,2.021E+11,20211217,1402,,,US23,,,US0023,US0023,,,,N,N,NULL,NULL,NULL,N,NULL,NULL,NULL,NULL,NULL,NULL,23.57,NULL,NULL,NULL,NULL,,NULL,0,0,1,1,N,N,55,NULL,98,9801,NULL,,Y,37.47091,37,28.254,NULL,-82.53383,82,32.03,NULL,N,NULL,NULL,NULL,NULL,NULL,NULL,NULL,NULL,9,3,2,3,1,5,6,2,1,3,N,NULL,Y,N,1402,1402,,N,NULL,70,,1,N,,N,N,,NULL,NULL,2021,O,7.27103E+11,098-US-0023  -010,MEDIUM,098-US-0023  -000,23.57,0,0,0,0,0,0,0,0,0,0,0,1,0
72686073,KSP0900,21-434887,20211022,753,,,KY3174,,,KY3174,KY3174,0,098 KY-3174,KY3174,N,N,NULL,NULL,NULL,N,NULL,NULL,NULL,NULL,NULL,NULL,6.436,NULL,NULL,NULL,NULL,,NULL,1,0,1,1,N,N,55,NULL,98,9802,5,W,N,37.34947,37,20.968,NULL,-82.43981,82,26.389,NULL,N,NULL,NULL,NULL,NULL,NULL,NULL,NULL,NULL,9,2,4,6,1,1,10,1,7,3,Y,NULL,Y,N,754,805,900,N,NULL,44,,0,N,,N,N,098-KY-3174-0,NULL,NULL,2021,B,7.26861E+11,098-KY-3174  -000,HIGH,098-KY-3174  -000,6.436,0,0,0,0,0,0,0,0,0,0,0,1,0