MasterFile,AgencyORINumber,LocalCode,CollisionDate,CollisionTime,CollisionDayWeekCode,RoadwayName_HouseBusinessNumber_,RoadwayName_RoadwayName_,RoadwayName_Direction_,RoadwayName_RoadwaySuffix_,RoadwayfromReport,CurrentRoadwayNumber,RoadwayNumberCoupletID,RSEUniqueGIS,RoadwayIdentifier,ParkingLotIndicator,IntersectionWith_Indicator_,IntersectionWith_NameRoadway_,IntersectionWith_Direction_,IntersectionWith_RoadwaySuffix_,BetweenStreets_Indicator_,BetweenStreets1_NameRoadway_,BetweenStreet1_Direction_,BetweenStreets1_RoadwaySuffix_,BetweenStreets2_NameRoadway_,BetweenStreets2_Direction_,BetweenStreets2_RoadwaySuffix_,Milepoint,ReportMilepointDeriveNumber,CurrentDerivedMiepointNumber,MilestoMilepoint,FeettoMilepoint,DirectionfromMilepoint_NSEW_,ValidMilepointIndicator,NumberInjured,NumberKilled,ofUnits,ofMotorVehicleUnits,Hit&RunIndicator,OneWayIndicator,SpeedLimitNumber,KilometersIndicator,CountyCode,CityCountyCode,MilesFromCity,DirectionFromCity_NSEW_,InCityLimitsIndicator,Latitude,LatitudeDegrees,LatitudeMinutes,LatitudeSeconds,Longitude,LongitudeDegrees,LongitudeMinutes,LongitudeSeconds,RampIndicator,RampFromIdentifier,RampFromDirCode,RampFromCoupletID,RSEUniqueGISRampFrom,RampToidentifier,RampToDirCode,RampToCoupletID,RSEUniqueGisRampTo,MannerofCollisionCode,LocationFirstEventCode,TotalLanes,RoadwayCharacterCode,RoadwaySurfaceCode,RoadwayConditionCode,WeatherCode,LightConditionCode,LandUseCode,SchoolBusRelatedCode,FirstAidSceneIndicator,CollDescPresentInd,InvestigationCompleteIndicator,PhotosTakenIndicator,TimeNotified,TimeArrived,TimeRoadwayOpened,PropertyDamageIndicator,DiagramPresentIndicator,DirectionalAnalysis,FunctionClassCode,NationalHwySysCode,EnforcementsIndicator,KARSCityCode,SecondaryCollisionIndicator,MedianCrossoverIndicator,RT_UNIQUE,MapIt,TimeLastLeft,YR,KABCO,MFNY,WorkingRID,RT_CONFIDENCE,KTC_RT,KTC_MP,Motorcyclist,CommercialVehicle,YoungDriver,MatureDriver,pedestrian,Bicyclist,Distracted,agressive,Impaired,Unrestrained,Intersection,RoadwayDeparture,MedXover
72744213,980200,980200,20220325,1632,,131,ELKHORN,W,ST,,,0,098 CS-2007,CS2007,Y,N,NULL,NULL,NULL,N,NULL,NULL,NULL,NULL,NULL,NULL,0.015,NULL,NULL,NULL,NULL,,NULL,0,0,2,2,N,N,NULL,NULL,98,9802,NULL,,Y,37.30516,37,18.31,NULL,-82.35448,82,21.269,NULL,N,NULL,NULL,NULL,NULL,NULL,NULL,NULL,NULL,2,97,NULL,6,1,1,3,2,1,3,N,NULL,Y,Y,1630,1632,,N,NULL,90,,,N,,N,N,098-CS-2007-0,NULL,NULL,2022,O,7.27442E+11,098-CS-2007  -000,HIGH,098-CS-2007  -000,0.015,0,0,0,1,0,0,0,0,0,1,0,0,0
72697568,980500,2021AR045,20211116,1600,,,MAIN,,ST,,,0,098 CS-3000,CS3000,N,N,NULL,NULL,NULL,N,NULL,NULL,NULL,NULL,NULL,NULL,NULL,NULL,NULL,NULL,NULL,NULL,NULL,0,0,2,2,N,N,25,NULL,98,9807,NULL,,Y,37.51966,37,31.18,NULL,-82.56747,82,34.048,NULL,N,NULL,NULL,NULL,NULL,NULL,NULL,NULL,NULL,8,3,2,6,1,1,2,2,7,3,N,NULL,Y,Y,1404,1407,1407,N,NULL,53,,,N,,N,N,098-CS-3000-0,NULL,NULL,2021,O,7.26976E+11,098-CS-3000  -000,HIGH,098-CS-3000  -000,0.539,0,0,0,0,0,0,1,0,0,0,0,1,0
72695772,980500,2021AR044,20211112,1232,,,US23,,,US0023,US0023,0,098 US-23-10,US0023,N,N,NULL,NULL,NULL,N,NULL,NULL,NULL,NULL,NULL,NULL,NULL,NULL,NULL,NULL,NULL,NULL,NULL,0,0,2,2,N,N,55,NULL,98,9807,NULL,,Y,37.5336,37,32.016,NULL,-82.57809,82,34.685,NULL,N,NULL,NULL,NULL,NULL,NULL,NULL,NULL,NULL,8,3,4,6,1,1,2,2,7,3,N,NULL,Y,Y,1225,1232,1232,N,NULL,53,,1,N,,N,N,098-US-0023-10,NULL,NULL,2021,O,7.26958E+11,098-US-0023  -010,HIGH,098-US-0023  -000,29.754,0,0,0,0,0,0,1,0,0,0,0,1,0
72699781,KSP0900,21-470746,20211117,1400,,,RADIO STATION,,HL,,,0,098 CR-1590B,CR1590B,N,N,NULL,NULL,NULL,N,NULL,NULL,NULL,NULL,NULL,NULL,NULL,NULL,NULL,NULL,NULL,NULL,NULL,0,0,2,2,N,N,5,NULL,98,9863,NULL,,Y,37.61806,37,37.083,NULL,-82.16792,82,10.075,NULL,N,NULL,NULL,NULL,NULL,NULL,NULL,NULL,NULL,6,97,1,6,1,1,2,2,5,3,N,NULL,Y,N,1405,1435,1400,N,NULL,70,,,N,,N,N,098-CR-1590B-0,NULL,NULL,2021,O,7.26998E+11,098-CR-1590B -000,HIGH,098-CR-1590B -000,0.139,0,0,0,0,0,0,1,0,0,0,0,0,0
72687365,980100,2.021E+11,20211025,1615,,,US23,,,,,,,,N,N,NULL,NULL,NULL,N,NULL,NULL,NULL,NULL,NULL,NULL,NULL,NULL,NULL,NULL,NULL,NULL,NULL,1,0,2,2,N,N,55,NULL,98,9801,NULL,,Y,37.50315,37,30.189,NULL,-82.53208,82,31.925,NULL,N,NULL,NULL,NULL,NULL,NULL,NULL,NULL,NULL,1,3,4,6,1,5,2,2,1,3,N,NULL,Y,N,1615,1619,1625,N,NULL,55,,,N,,N,N,,NULL,NULL,2021,C,7.26874E+11,098-US-0023  -000,MEDIUM,098-US-0023  -000,26.248,0,0,1,1,0,0,1,1,0,0,0,0,0
72686584,980100,2.021E+11,20211023,1904,,,US119,,,US0119,US0119,0,098 US-119,US0119,N,N,NULL,NULL,NULL,N,NULL,NULL,NULL,NULL,NULL,NULL,0.218,NULL,NULL,NULL,NULL,,NULL,0,0,1,1,N,N,55,NULL,98,9801,NULL,,Y,37.50463,37,30.278,NULL,-82.52827,82,31.697,NULL,N,NULL,NULL,NULL,NULL,NULL,NULL,NULL,NULL,9,3,2,6,1,1,2,6,1,3,N,NULL,Y,N,1904,1910,,N,NULL,38,2,1,N,,N,N,098-US-0119-0,NULL,NULL,2021,O,7.26866E+11,098-US-0119  -000,HIGH,098-US-0119  -000,0.218,0,0,0,0,0,0,0,0,0,0,0,0,0
72703877,980100,2.021E+11,20211201,1454,,,CASSIDY,,BLVD,,,0,098 CS-1191,CS1191,N,N,NULL,NULL,NULL,N,NULL,NULL,NULL,NULL,NULL,NULL,NULL,NULL,NULL,NULL,NULL,NULL,NULL,0,0,2,2,N,N,15,NULL,98,9801,NULL,,Y,37.5053,37,30.318,NULL,-82.53633,82,32.18,NULL,N,NULL,NULL,NULL,NULL,NULL,NULL,NULL,NULL,2,97,2,6,1,1,2,2,1,3,N,NULL,Y,N,1454,1504,1510,N,NULL,56,,,Y,,N,N,098-CS-1191-0,NULL,NULL,2021,O,7.27039E+11,098-CS-1191  -000,HIGH,098-CS-1191  -000,0.281,0,0,0,1,0,0,1,0,0,0,0,0,0
72640703,KSP0900,21-263335,20210626,1535,,,FISHTRAP,,RD,KY1441,KY1441,0,098 KY-1441,KY1441,N,N,NULL,NULL,NULL,N,NULL,NULL,NULL,NULL,NULL,NULL,3.645,NULL,NULL,NULL,NULL,,NULL,0,0,2,2,N,N,35,NULL,98,9824,NULL,,Y,37.43996,37,26.397,NULL,-82.4286,82,25.716,NULL,N,NULL,NULL,NULL,NULL,NULL,NULL,NULL,NULL,7,3,1,6,1,1,2,2,7,3,N,NULL,Y,N,1512,1520,1520,N,NULL,54,8,0,N,,N,N,098-KY-1441-0,NULL,NULL,2021,O,7.26407E+11,098-KY-1441  -000,HIGH,098-KY-1441  -000,3.645,0,0,1,0,0,0,1,0,0,0,0,1,0
72730365,KSP0900,22-52699,20220212,1700,,,SLONES,,BR,,,0,098 CR-1323,CR1323,N,N,NULL,NULL,NULL,N,NULL,NULL,NULL,NULL,NULL,NULL,0.335,NULL,NULL,NULL,NULL,,NULL,0,0,2,2,N,Y,20,NULL,98,9828,NULL,,Y,37.48639,37,29.183,NULL,-82.39867,82,23.921,NULL,N,NULL,NULL,NULL,NULL,NULL,NULL,NULL,NULL,2,3,1,6,1,5,6,2,7,3,N,NULL,Y,N,1823,1853,1853,N,NULL,56,,,N,,N,N,098-CR-1323-0,NULL,NULL,2022,O,7.27304E+11,098-CR-1323  -000,HIGH,098-CR-1323  -000,0.335,0,0,0,0,0,0,1,0,0,0,0,0,0
72787571,KSP0900,22-263765,20220711,1538,,,KY194,,,KY0194,KY0194,0,098 KY-194,KY0194,Y,N,NULL,NULL,NULL,N,NULL,NULL,NULL,NULL,NULL,NULL,55.405,NULL,NULL,NULL,NULL,,NULL,0,0,2,2,N,N,10,NULL,98,9804,NULL,,Y,37.51692,37,31.015,NULL,-82.15274,82,9.164,NULL,N,NULL,NULL,NULL,NULL,NULL,NULL,NULL,NULL,2,97,2,6,1,1,2,2,1,3,N,NULL,Y,N,1538,1610,1538,N,NULL,90,7,0,N,,N,N,098-KY-0194-0,NULL,NULL,2022,O,7.27876E+11,098-KY-0194  -000,HIGH,098-KY-0194  -000,55.405,0,0,0,1,0,0,1,0,0,0,0,0,0
72753856,KSP0900,22-145609,20220421,2040,,,FERRELLS CREEK,,RD,US0460,US0460,0,098 US-460,US0460,N,N,NULL,NULL,NULL,N,NULL,NULL,NULL,NULL,NULL,NULL,24.43,NULL,NULL,NULL,NULL,,NULL,2,0,2,2,N,N,55,NULL,98,9847,NULL,,Y,37.36766,37,22.06,NULL,-82.23326,82,13.996,NULL,N,NULL,NULL,NULL,NULL,NULL,NULL,NULL,NULL,3,3,2,6,1,1,2,6,7,3,N,NULL,Y,Y,2040,2109,2215,N,NULL,52,,1,N,,N,N,098-US-0460-0,NULL,NULL,2022,C,7.27539E+11,098-US-0460  -000,HIGH,098-US-0460  -000,24.43,0,0,0,0,0,0,0,0,0,0,0,1,0
72709930,980100,2.021E+11,20211210,1657,,,US23,,,US0023,US0023,0,098 US-23,US0023,N,N,NULL,NULL,NULL,N,NULL,NULL,NULL,NULL,NULL,NULL,26.197,NULL,NULL,NULL,NULL,,NULL,1,0,3,3,N,N,55,NULL,98,9801,NULL,,Y,37.50245,37,30.147,NULL,-82.53191,82,31.915,NULL,N,NULL,NULL,NULL,NULL,NULL,NULL,NULL,NULL,5,3,6,6,1,5,6,2,7,3,N,NULL,Y,N,1657,1700,1824,N,NULL,49,,1,N,,N,N,098-US-0023-0,NULL,NULL,2021,C,7.27099E+11,098-US-0023  -000,HIGH,098-US-0023  -000,26.197,0,0,0,0,0,0,0,0,0,0,0,0,0
72659574,980100,2.021E+11,20210803,1837,,,CASSIDY,,BLVD,,,0,098 CS-1191,CS1191,Y,N,NULL,NULL,NULL,N,NULL,NULL,NULL,NULL,NULL,NULL,0.043,NULL,NULL,NULL,NULL,,NULL,0,0,2,2,N,N,NULL,NULL,98,9801,NULL,,Y,37.5037,37,30.222,NULL,-82.53286,82,31.972,NULL,N,NULL,NULL,NULL,NULL,NULL,NULL,NULL,NULL,8,97,NULL,6,1,1,3,2,1,3,N,NULL,Y,N,1847,1849,,N,NULL,90,,,N,,N,N,098-CS-1191-0,NULL,NULL,2021,O,7.26596E+11,098-CS-1191  -000,HIGH,098-CS-1191  -000,0.043,0,0,0,0,0,0,0,0,0,0,0,0,0
72664805,980100,2.021E+11,20210830,1717,,,KY1460,,,KY1460,KY1460,0,098 KY-1460,KY1460,N,N,NULL,NULL,NULL,N,NULL,NULL,NULL,NULL,NULL,NULL,6.657,NULL,NULL,NULL,NULL,,NULL,0,0,2,2,N,N,45,NULL,98,9801,NULL,,Y,37.48356,37,29.013,NULL,-82.53848,82,32.309,NULL,N,NULL,NULL,NULL,NULL,NULL,NULL,NULL,NULL,5,3,2,6,1,1,3,2,1,3,N,NULL,N,N,1717,1717,,N,NULL,49,16,0,N,,N,N,098-KY-1460-0,NULL,NULL,2021,O,7.26648E+11,098-KY-1460  -000,HIGH,098-KY-1460  -000,6.657,0,0,1,1,0,0,1,0,0,0,0,0,0
72727095,980100,2.022E+11,20220202,1409,,,MAIN,,ST,,,,,,Y,N,NULL,NULL,NULL,N,NULL,NULL,NULL,NULL,NULL,NULL,0.086,NULL,NULL,NULL,NULL,,NULL,0,0,2,2,N,N,15,NULL,98,9801,NULL,,Y,37.47886,37,28.731,NULL,-82.51791,82,31.075,NULL,N,NULL,NULL,NULL,NULL,NULL,NULL,NULL,NULL,8,97,1,6,1,1,2,2,1,3,N,NULL,Y,N,1406,1416,1416,N,NULL,90,,,N,,N,N,,NULL,NULL,2022,O,7.27271E+11,098-CS-1112  -000,MEDIUM,098-CS-1112  -000,0.086,0,0,0,1,0,0,1,0,0,0,0,0,0
72683736,KSP0900,21-380316,20210912,2141,,,RED CREEK,,RD,,,0,098 CR-1263,CR1263,N,N,NULL,NULL,NULL,N,NULL,NULL,NULL,NULL,NULL,NULL,0.571,NULL,NULL,NULL,NULL,,NULL,0,0,2,2,Y,N,35,NULL,98,9801,NULL,,Y,37.43521,37,26.113,NULL,-82.47068,82,28.241,NULL,N,NULL,NULL,NULL,NULL,NULL,NULL,NULL,NULL,7,3,1,6,1,1,3,6,7,3,N,NULL,Y,N,2143,2148,,N,NULL,54,,,N,,N,N,098-CR-1263-0,NULL,NULL,2021,O,7.26837E+11,098-CR-1263  -000,HIGH,098-CR-1263  -000,0.571,0,0,0,0,0,0,0,0,0,0,0,1,0
72735762,KSP0900,22-73978,20220228,1800,,,US119,,,US0119,US0119,0,098 US-119,US0119,N,N,NULL,NULL,NULL,N,NULL,NULL,NULL,NULL,NULL,NULL,24.111,NULL,NULL,NULL,NULL,,NULL,0,0,2,2,N,N,15,NULL,98,9834,NULL,,Y,37.65592,37,39.355,NULL,-82.26942,82,16.166,NULL,N,NULL,NULL,NULL,NULL,NULL,NULL,NULL,NULL,7,7,1,6,1,1,2,2,7,3,N,NULL,N,N,1800,1805,1805,N,NULL,47,2,1,N,,N,N,098-US-0119-0,NULL,NULL,2022,O,7.27358E+11,098-US-0119  -000,HIGH,098-US-0119  -000,24.111,0,0,0,1,0,0,0,0,0,0,0,0,0
72755954,980100,2.022E+11,20220429,2143,,,US23,,,US0023,US0023,,,,N,N,NULL,NULL,NULL,N,NULL,NULL,NULL,NULL,NULL,NULL,25.73,NULL,NULL,NULL,NULL,,NULL,0,0,1,1,N,N,55,NULL,98,9801,NULL,,Y,37.4958,37,29.748,NULL,-82.53109,82,31.865,NULL,N,NULL,NULL,NULL,NULL,NULL,NULL,NULL,NULL,9,3,4,6,1,1,2,6,7,3,N,NULL,Y,N,2143,2153,2153,N,NULL,38,,1,N,,N,N,,NULL,NULL,2022,O,7.2756E+11,098-US-0023  -000,MEDIUM,098-US-0023  -000,25.73,0,0,0,1,0,0,0,0,0,0,0,0,0
72751205,980100,2.022E+11,20220415,1558,,,US23,,,US0023,US0023,0,098 US-23,US0023,N,N,NULL,NULL,NULL,N,NULL,NULL,NULL,NULL,NULL,NULL,22.988,NULL,NULL,NULL,NULL,,NULL,0,0,2,2,N,N,55,NULL,98,9801,NULL,,Y,37.46553,37,27.931,NULL,-82.52681,82,31.609,NULL,N,NULL,NULL,NULL,NULL,NULL,NULL,NULL,NULL,5,3,4,6,1,1,2,2,7,3,N,NULL,Y,N,1558,1558,1559,N,NULL,70,,1,N,,N,N,098-US-0023-0,NULL,NULL,2022,O,7.27512E+11,098-US-0023  -000,HIGH,098-US-0023  -000,22.988,0,0,0,0,0,0,1,0,0,0,0,0,0
72783120,980100,2.022E+11,20220709,1357,,,US23,,,US0023,US0023,0,098 US-23-10,US0023,Y,N,NULL,NULL,NULL,N,NULL,NULL,NULL,NULL,NULL,NULL,20.833,NULL,NULL,NULL,NULL,,NULL,0,0,1,1,N,N,15,NULL,98,9801,NULL,,Y,37.44316,37,26.59,NULL,-82.52351,82,31.411,NULL,N,NULL,NULL,NULL,NULL,NULL,NULL,NULL,NULL,9,97,1,6,1,5,3,2,1,3,N,NULL,Y,N,1357,1402,1402,N,NULL,90,,1,N,,N,N,098-US-0023-10,NULL,NULL,2022,O,7.27831E+11,098-US-0023  -010,HIGH,098-US-0023  -000,20.833,0,0,0,1,0,0,1,0,0,0,0,1,0
72780277,KSP0900,22-249727,20220702,338,,,KY122,,,KY0122,KY0122,0,098 KY-122,KY0122,N,N,NULL,NULL,NULL,N,NULL,NULL,NULL,NULL,NULL,NULL,2.879,NULL,NULL,NULL,NULL,,NULL,0,1,1,1,N,N,55,NULL,98,9827,NULL,,Y,37.33874,37,20.325,NULL,-82.62444,82,37.466,NULL,N,NULL,NULL,NULL,NULL,NULL,NULL,NULL,NULL,9,3,2,3,1,1,2,6,7,3,N,NULL,N,Y,341,357,600,N,NULL,70,,0,N,,N,N,098-KY-0122-0,NULL,NULL,2022,K,7.27803E+11,098-KY-0122  -000,HIGH,098-KY-0122  -000,2.879,0,0,0,0,0,0,0,0,0,0,0,1,0
72787207,KSP0900,22-264967,20220712,1406,,,US119,,,US0119,US0119,0,098 US-119,US0119,N,N,NULL,NULL,NULL,N,NULL,NULL,NULL,NULL,NULL,NULL,23.836,NULL,NULL,NULL,NULL,,NULL,0,0,2,2,N,N,45,NULL,98,9812,NULL,,Y,37.6552,37,39.312,NULL,-82.26946,82,16.168,NULL,N,NULL,NULL,NULL,NULL,NULL,NULL,NULL,NULL,1,3,4,6,1,1,2,2,3,3,N,NULL,Y,N,1406,1411,1406,N,NULL,55,2,1,N,,N,N,098-US-0119-0,NULL,NULL,2022,O,7.27872E+11,098-US-0119  -000,HIGH,098-US-0119  -000,23.836,0,0,0,1,0,0,0,1,0,0,0,0,0
72723913,KSP0900,22-13697,20220111,1658,,,US23,,,US0023,US0023,0,098 US-23-10,US0023,N,N,NULL,NULL,NULL,N,NULL,NULL,NULL,NULL,NULL,NULL,11.834,NULL,NULL,NULL,NULL,,NULL,1,0,3,3,N,N,55,NULL,98,9801,NULL,,Y,37.3609,37,21.654,NULL,-82.55508,82,33.304,NULL,N,NULL,NULL,NULL,NULL,NULL,NULL,NULL,NULL,5,3,4,6,1,1,2,3,7,3,N,NULL,Y,Y,1659,1714,1718,N,NULL,49,,1,N,,N,N,098-US-0023-10,NULL,NULL,2022,C,7.27239E+11,098-US-0023  -010,HIGH,098-US-0023  -000,11.834,0,0,0,0,0,0,1,0,0,0,0,0,0
72676479,KSP0900,21-399197,20210926,1517,,4493,US23,,,US0023,US0023,0,098 US-23-10,US0023,Y,N,NULL,NULL,NULL,N,NULL,NULL,NULL,NULL,NULL,NULL,29.062,NULL,NULL,NULL,NULL,,NULL,0,0,2,2,N,N,55,NULL,98,9807,NULL,,Y,37.52449,37,31.469,NULL,-82.57277,82,34.366,NULL,N,NULL,NULL,NULL,NULL,NULL,NULL,NULL,NULL,7,97,4,6,1,1,2,2,5,3,N,NULL,Y,N,1519,1522,1522,N,NULL,90,,1,N,,N,N,098-US-0023-10,NULL,NULL,2021,O,7.26765E+11,098-US-0023  -010,HIGH,098-US-0023  -000,29.062,0,0,0,0,0,0,1,0,0,0,0,0,0
72682467,KSP0900,21-420328,20211011,1929,,,KY194,,,KY0194,KY0194,0,098 KY-194,KY0194,N,N,NULL,NULL,NULL,N,NULL,NULL,NULL,NULL,NULL,NULL,10.67,NULL,NULL,NULL,NULL,,NULL,0,0,2,2,N,N,45,NULL,98,9801,NULL,,Y,37.60244,37,36.147,NULL,-82.52038,82,31.223,NULL,N,NULL,NULL,NULL,NULL,NULL,NULL,NULL,NULL,7,3,2,6,1,1,2,6,7,3,N,NULL,Y,Y,1929,1941,2030,N,NULL,54,7,0,N,,N,N,098-KY-0194-0,NULL,NULL,2021,O,7.26825E+11,098-KY-0194  -000,HIGH,098-KY-0194  -000,10.67,0,0,0,0,0,0,0,0,1,0,0,1,0
72699398,KSP0900,21-466854,20211114,1459,,,KY1056,,,KY1056,KY1056,0,098 KY-1056,KY1056,N,N,NULL,NULL,NULL,N,NULL,NULL,NULL,NULL,NULL,NULL,11.551,NULL,NULL,NULL,NULL,,NULL,0,0,2,2,N,N,35,NULL,98,9863,NULL,,Y,37.62014,37,37.208,NULL,-82.16774,82,10.064,NULL,N,NULL,NULL,NULL,NULL,NULL,NULL,NULL,NULL,1,3,2,6,1,1,2,2,7,3,N,NULL,Y,N,1459,1538,1558,N,NULL,55,7,0,N,,N,N,098-KY-1056-0,NULL,NULL,2021,O,7.26994E+11,098-KY-1056  -000,HIGH,098-KY-1056  -000,11.551,0,0,0,0,0,0,1,0,0,0,0,0,0
72713171,980100,2.021E+11,20211222,1452,,327,THOMPSON,,RD,,,,,,Y,N,NULL,NULL,NULL,N,NULL,NULL,NULL,NULL,NULL,NULL,0.574,NULL,NULL,NULL,NULL,,NULL,0,0,2,2,N,N,15,NULL,98,9801,NULL,,Y,37.50571,37,30.343,NULL,-82.54238,82,32.543,NULL,N,NULL,NULL,NULL,NULL,NULL,NULL,NULL,NULL,2,97,NULL,4,1,1,2,2,1,3,N,NULL,Y,N,1453,1500,1500,N,NULL,90,,,N,,N,N,,NULL,NULL,2021,O,7.27132E+11,098-CS-1215  -000,MEDIUM,098-CS-1215  -000,0.574,0,0,0,0,0,0,1,1,0,0,0,0,0
72742341,980100,2.022E+11,20220317,2201,,,,,,US0023,US0023,,,,N,Y,US23 S RAMP TO KY1384,,,N,NULL,NULL,NULL,NULL,NULL,NULL,0.238,NULL,NULL,NULL,NULL,,NULL,0,0,2,2,N,Y,55,NULL,98,9801,NULL,,Y,37.47928,37,28.757,NULL,-82.54311,82,32.587,NULL,N,NULL,NULL,NULL,NULL,NULL,NULL,NULL,NULL,5,3,2,2,1,1,2,5,1,3,N,NULL,Y,N,2201,2206,,N,NULL,35,,1,N,,N,N,,NULL,NULL,2022,O,7.27423E+11,098-US-0023  -231,HIGH,098-US-0023  -231,0.238,0,0,0,0,0,0,1,1,0,0,1,0,0
72754116,KSP0900,22-149873,20220424,1735,,,MAYNARD,N,ST,,,0,098 CR-1217C,CR1217C,N,N,NULL,NULL,NULL,N,NULL,NULL,NULL,NULL,NULL,NULL,0.048,NULL,NULL,NULL,NULL,,NULL,0,0,2,2,N,N,5,NULL,98,9801,NULL,,Y,37.41318,37,24.791,NULL,-82.45203,82,27.122,NULL,N,NULL,NULL,NULL,NULL,NULL,NULL,NULL,NULL,2,3,1,6,1,1,2,2,7,3,N,NULL,N,N,1735,1759,1830,N,NULL,47,,,N,,N,N,098-CR-1217C-0,NULL,NULL,2022,O,7.27541E+11,098-CR-1217C -000,HIGH,098-CR-1217C -000,0.048,0,0,0,1,0,0,1,0,0,0,0,0,0
72679408,980100,2.021E+11,20211005,1416,,244,CASSIDY,,BLVD,,,0,098 CS-1191,CS1191,Y,N,NULL,NULL,NULL,N,NULL,NULL,NULL,NULL,NULL,NULL,0.057,NULL,NULL,NULL,NULL,,NULL,0,0,2,2,N,N,NULL,NULL,98,9801,NULL,,Y,37.50368,37,30.221,NULL,-82.53307,82,31.984,NULL,N,NULL,NULL,NULL,NULL,NULL,NULL,NULL,NULL,2,97,1,6,1,1,2,2,1,3,N,NULL,Y,N,1416,1427,1428,N,NULL,90,,,N,,N,N,098-CS-1191-0,NULL,NULL,2021,O,7.26794E+11,098-CS-1191  -000,HIGH,098-CS-1191  -000,0.057,0,0,0,1,0,0,1,0,0,0,0,0,0
72762280,KSP0900,22-174258,20220511,1713,,,US23,,,US0023,US0023,0,098 US-23-10,US0023,N,N,NULL,NULL,NULL,N,NULL,NULL,NULL,NULL,NULL,NULL,12.366,NULL,NULL,NULL,NULL,,NULL,0,0,2,2,N,N,55,NULL,98,9801,NULL,,Y,37.36673,37,22.004,NULL,-82.54933,82,32.96,NULL,N,NULL,NULL,NULL,NULL,NULL,NULL,NULL,NULL,5,3,4,6,1,1,2,2,7,3,N,NULL,Y,N,1713,1744,1830,N,NULL,49,,1,N,,N,N,098-US-0023-10,NULL,NULL,2022,O,7.27623E+11,098-US-0023  -010,HIGH,098-US-0023  -000,12.366,0,0,0,0,0,0,1,0,0,0,0,0,0
72751263,KSP0900,22-138161,20220416,1327,,,US119,,,US0119,US0119,0,098 US-119,US0119,N,N,NULL,NULL,NULL,N,NULL,NULL,NULL,NULL,NULL,NULL,4.637,NULL,NULL,NULL,NULL,,NULL,0,0,1,1,N,N,55,NULL,98,9828,NULL,,Y,37.52213,37,31.327,NULL,-82.45682,82,27.409,NULL,N,NULL,NULL,NULL,NULL,NULL,NULL,NULL,NULL,9,4,2,4,1,1,2,2,7,3,N,NULL,Y,N,1327,1330,1330,Y,NULL,51,2,1,N,,N,N,098-US-0119-0,NULL,NULL,2022,O,7.27513E+11,098-US-0119  -000,HIGH,098-US-0119  -000,4.637,0,0,0,0,0,0,0,0,1,0,0,1,0
72765741,980100,2.022E+11,20220523,1802,,,CEDAR HILLS,,RD,KY1426,KY1426,0,098 KY-1426,KY1426,N,N,NULL,NULL,NULL,N,NULL,NULL,NULL,NULL,NULL,NULL,3.788,NULL,NULL,NULL,NULL,,NULL,0,0,1,1,N,N,55,NULL,98,9801,NULL,,Y,37.45264,37,27.159,NULL,-82.53358,82,32.015,NULL,N,NULL,NULL,NULL,NULL,NULL,NULL,NULL,NULL,9,3,2,5,1,5,6,2,7,3,N,NULL,Y,N,1802,1806,1814,N,NULL,44,8,0,N,,N,N,098-KY-1426-0,NULL,NULL,2022,O,7.27657E+11,098-KY-1426  -000,HIGH,098-KY-1426  -000,3.788,0,0,0,0,0,0,0,0,0,0,0,1,0
72750924,980100,2.022E+11,20220415,1339,,,NORTHGATE,,DR,,,0,098 CS-1021,CS1021,Y,N,NULL,NULL,NULL,N,NULL,NULL,NULL,NULL,NULL,NULL,NULL,NULL,NULL,NULL,NULL,,NULL,0,0,1,1,Y,Y,NULL,NULL,98,9801,NULL,,Y,37.48621,37,29.173,NULL,-82.50909,82,30.545,NULL,N,NULL,NULL,NULL,NULL,NULL,NULL,NULL,NULL,9,7,NULL,3,1,1,2,2,1,3,N,NULL,Y,N,1339,1348,1350,Y,NULL,90,,,N,,N,N,098-CS-1021-0,NULL,NULL,2022,O,7.27509E+11,098-CS-1021  -000,HIGH,098-CS-1021  -000,0,0,0,0,1,0,0,1,0,0,0,0,1,0
72712885,KSP0900,21-489162,20211201,1058,,,WILLIAMSON,,RD,KY0292,KY0292,0,098 KY-292,KY0292,Y,N,NULL,NULL,NULL,N,NULL,NULL,NULL,NULL,NULL,NULL,5.177,NULL,NULL,NULL,NULL,,NULL,0,0,2,2,N,N,NULL,NULL,98,9834,NULL,,Y,37.67322,37,40.393,NULL,-82.28293,82,16.976,NULL,N,NULL,NULL,NULL,NULL,NULL,NULL,NULL,NULL,2,97,2,6,1,1,3,2,1,3,Y,NULL,Y,N,1058,1105,1130,N,NULL,90,7,0,N,,N,N,098-KY-0292-0,NULL,NULL,2021,O,7.27129E+11,098-KY-0292  -000,HIGH,098-KY-0292  -000,5.177,0,0,0,0,0,0,1,0,0,0,0,0,0
72727184,980500,2022AR004,20220202,1325,,50,WEDDINGTON BRANCH ROAD,,,,,,,,Y,N,NULL,NULL,NULL,N,NULL,NULL,NULL,NULL,NULL,NULL,NULL,NULL,NULL,NULL,NULL,NULL,NULL,0,0,2,2,N,N,15,NULL,98,9807,NULL,,Y,37.52362,37,31.417,NULL,-82.57012,82,34.207,NULL,N,NULL,NULL,NULL,NULL,NULL,NULL,NULL,NULL,8,97,2,6,1,1,2,2,1,3,N,NULL,Y,Y,1325,1327,1340,N,NULL,90,,,N,,N,N,,NULL,NULL,2022,O,7.27272E+11,098-CS-3026  -000,MEDIUM,098-CS-3026  -000,0.091,0,0,0,0,0,0,1,0,0,0,0,0,0