MasterFile,AgencyORINumber,LocalCode,CollisionDate,CollisionTime,CollisionDayWeekCode,RoadwayName_HouseBusinessNumber_,RoadwayName_RoadwayName_,RoadwayName_Direction_,RoadwayName_RoadwaySuffix_,RoadwayfromReport,CurrentRoadwayNumber,RoadwayNumberCoupletID,RSEUniqueGIS,RoadwayIdentifier,ParkingLotIndicator,IntersectionWith_Indicator_,IntersectionWith_NameRoadway_,IntersectionWith_Direction_,IntersectionWith_RoadwaySuffix_,BetweenStreets_Indicator_,BetweenStreets1_NameRoadway_,BetweenStreet1_Direction_,BetweenStreets1_RoadwaySuffix_,BetweenStreets2_NameRoadway_,BetweenStreets2_Direction_,BetweenStreets2_RoadwaySuffix_,Milepoint,ReportMilepointDeriveNumber,CurrentDerivedMiepointNumber,MilestoMilepoint,FeettoMilepoint,DirectionfromMilepoint_NSEW_,ValidMilepointIndicator,NumberInjured,NumberKilled,ofUnits,ofMotorVehicleUnits,Hit&RunIndicator,OneWayIndicator,SpeedLimitNumber,KilometersIndicator,CountyCode,CityCountyCode,MilesFromCity,DirectionFromCity_NSEW_,InCityLimitsIndicator,Latitude,LatitudeDegrees,LatitudeMinutes,LatitudeSeconds,Longitude,LongitudeDegrees,LongitudeMinutes,LongitudeSeconds,RampIndicator,RampFromIdentifier,RampFromDirCode,RampFromCoupletID,RSEUniqueGISRampFrom,RampToidentifier,RampToDirCode,RampToCoupletID,RSEUniqueGisRampTo,MannerofCollisionCode,LocationFirstEventCode,TotalLanes,RoadwayCharacterCode,RoadwaySurfaceCode,RoadwayConditionCode,WeatherCode,LightConditionCode,LandUseCode,SchoolBusRelatedCode,FirstAidSceneIndicator,CollDescPresentInd,InvestigationCompleteIndicator,PhotosTakenIndicator,TimeNotified,TimeArrived,TimeRoadwayOpened,PropertyDamageIndicator,DiagramPresentIndicator,DirectionalAnalysis,FunctionClassCode,NationalHwySysCode,EnforcementsIndicator,KARSCityCode,SecondaryCollisionIndicator,MedianCrossoverIndicator,RT_UNIQUE,MapIt,TimeLastLeft,YR,KABCO,MFNY,WorkingRID,RT_CONFIDENCE,KTC_RT,KTC_MP,Motorcyclist,CommercialVehicle,YoungDriver,MatureDriver,pedestrian,Bicyclist,Distracted,agressive,Impaired,Unrestrained,Intersection,RoadwayDeparture,MedXover
72687541,KSP0900,21-431402,20211019,1742,,,POPLAR FORK WOODMAN,,RD,KY2059,KY2059,0,098 KY-2059,KY2059,N,N,NULL,NULL,NULL,N,NULL,NULL,NULL,NULL,NULL,NULL,4.847,NULL,NULL,NULL,NULL,,NULL,0,0,2,1,Y,N,45,NULL,98,9825,NULL,,Y,37.54163,37,32.498,NULL,-82.06438,82,3.862,NULL,N,NULL,NULL,NULL,NULL,NULL,NULL,NULL,NULL,7,3,2,3,1,1,2,2,7,3,N,NULL,Y,N,1742,1830,1855,N,NULL,54,9,0,N,,N,N,098-KY-2059-0,NULL,NULL,2021,O,7.26875E+11,098-KY-2059  -000,HIGH,098-KY-2059  -000,4.847,0,0,0,0,0,0,0,0,0,1,0,1,0
72757570,KSP0900,22-161255,20220502,1656,,,KY2167,,,KY2167,KY2167,,,,N,N,NULL,NULL,NULL,N,NULL,NULL,NULL,NULL,NULL,NULL,0.235,NULL,NULL,NULL,NULL,,NULL,0,0,2,2,N,N,55,NULL,98,9823,NULL,,Y,37.38458,37,23.075,NULL,-82.54104,82,32.462,NULL,N,NULL,NULL,NULL,NULL,NULL,NULL,NULL,NULL,5,3,2,6,1,1,2,2,7,3,N,NULL,Y,N,1656,1656,1714,N,NULL,49,7,0,N,,N,N,,NULL,NULL,2022,O,7.27576E+11,098-KY-2167  -000,HIGH,098-KY-2167  -000,0.235,0,0,0,1,0,0,1,0,0,0,0,0,0
72766145,980100,2.022E+11,20220519,1854,,,US119,,,US0119,US0119,0,098 US-119-10,US0119,N,N,NULL,NULL,NULL,N,NULL,NULL,NULL,NULL,NULL,NULL,2.697,NULL,NULL,NULL,NULL,,NULL,0,0,2,2,N,N,55,NULL,98,9801,NULL,,Y,37.51401,37,30.84,NULL,-82.48712,82,29.227,NULL,N,NULL,NULL,NULL,NULL,NULL,NULL,NULL,NULL,5,3,2,6,1,1,3,2,7,3,N,NULL,Y,N,1854,1858,,N,NULL,49,2,1,N,,N,N,098-US-0119-10,NULL,NULL,2022,O,7.27661E+11,098-US-0119  -010,HIGH,098-US-0119  -000,2.697,0,0,0,0,0,0,1,0,0,0,0,0,0
72777952,KSP0900,22-240435,20220625,1506,,,US23,,,US0023,US0023,0,098 US-23,US0023,N,N,NULL,NULL,NULL,N,NULL,NULL,NULL,NULL,NULL,NULL,17.575,NULL,NULL,NULL,NULL,,NULL,0,0,1,1,N,N,55,NULL,98,9801,NULL,,Y,37.42313,37,25.388,NULL,-82.51685,82,31.011,NULL,N,NULL,NULL,NULL,NULL,NULL,NULL,NULL,NULL,9,3,4,1,1,5,6,2,7,3,N,NULL,N,N,1506,1520,1520,N,NULL,44,,1,N,,N,N,098-US-0023-0,NULL,NULL,2022,O,7.2778E+11,098-US-0023  -000,HIGH,098-US-0023  -000,17.575,0,0,0,0,0,0,0,0,0,0,0,1,0
72747545,KSP0900,22-121848,20220404,1400,,,US119,,,US0119,US0119,,,,N,N,NULL,NULL,NULL,N,NULL,NULL,NULL,NULL,NULL,NULL,10.466,NULL,NULL,NULL,NULL,,NULL,0,0,1,1,N,N,55,NULL,98,9820,NULL,,Y,37.58636,37,35.182,NULL,-82.39874,82,23.924,NULL,N,NULL,NULL,NULL,NULL,NULL,NULL,NULL,NULL,9,3,4,4,1,1,2,2,7,3,N,NULL,Y,Y,1400,1410,1410,N,NULL,70,2,1,N,,N,N,,NULL,NULL,2022,O,7.27475E+11,098-US-0119  -010,HIGH,098-US-0119  -000,10.466,0,0,0,1,0,0,0,1,0,1,0,1,0
72747743,980000,22-04-001,20220404,1000,,,US119N,,,,,,,,N,N,NULL,NULL,NULL,N,NULL,NULL,NULL,NULL,NULL,NULL,NULL,NULL,NULL,NULL,NULL,NULL,NULL,2,0,2,2,N,N,40,NULL,98,9834,0.1,NE,N,37.66793,37,40.076,NULL,-82.27703,82,16.622,NULL,N,NULL,NULL,NULL,NULL,NULL,NULL,NULL,NULL,8,3,4,6,1,1,3,2,1,3,Y,NULL,Y,Y,1025,1030,1100,N,NULL,53,,,N,,N,N,,NULL,NULL,2022,B,7.27477E+11,098-KY-1506  -030,MEDIUM,098-KY-1506  -030,0.009,0,0,0,0,0,0,1,0,0,0,0,1,0
72767412,980100,2.022E+11,20220531,401,,,US23,,,US0023,US0023,0,098 US-23-10,US0023,N,N,NULL,NULL,NULL,N,NULL,NULL,NULL,NULL,NULL,NULL,29.666,NULL,NULL,NULL,NULL,,NULL,0,0,1,1,N,N,55,NULL,98,9801,NULL,,Y,37.53242,37,31.945,NULL,-82.57742,82,34.645,NULL,N,NULL,NULL,NULL,NULL,NULL,NULL,NULL,NULL,9,3,4,6,1,1,2,6,7,3,N,NULL,Y,N,401,409,409,N,NULL,38,,1,N,,N,N,098-US-0023-10,NULL,NULL,2022,O,7.27674E+11,098-US-0023  -010,HIGH,098-US-0023  -000,29.666,0,0,0,0,0,0,0,0,0,0,0,0,0
72654526,KSP0900,2021-322057,20210803,1910,,,LEFT FORK ISLAND,,CRK,,,0,098 CR-1233Q3,CR1233Q3,N,N,NULL,NULL,NULL,N,NULL,NULL,NULL,NULL,NULL,NULL,0.792,NULL,NULL,NULL,NULL,,NULL,0,0,2,2,N,Y,25,NULL,98,9801,NULL,,Y,37.43369,37,26.021,NULL,-82.56792,82,34.075,NULL,N,NULL,NULL,NULL,NULL,NULL,NULL,NULL,NULL,2,6,1,6,1,5,3,9,7,3,N,NULL,N,N,1839,1913,1913,N,NULL,40,,,N,,N,N,098-CR-1233Q3-0,NULL,NULL,2021,O,7.26545E+11,098-CR-1233Q3-000,HIGH,098-CR-1233Q3-000,0.792,0,0,0,0,0,0,0,0,0,0,0,1,0
72674826,KSP0900,21-395955,20210924,810,,,COAL RIDGE,,RD,,,0,098 CR-1340,CR1340,N,N,NULL,NULL,NULL,N,NULL,NULL,NULL,NULL,NULL,NULL,4.443,NULL,NULL,NULL,NULL,,NULL,0,0,2,2,N,N,35,NULL,98,9850,NULL,,Y,37.5053,37,30.318,NULL,-82.45091,82,27.055,NULL,N,NULL,NULL,NULL,NULL,NULL,NULL,NULL,NULL,7,3,2,3,1,1,2,2,7,3,N,NULL,Y,N,810,945,950,N,NULL,54,,,N,,N,N,098-CR-1340-0,NULL,NULL,2021,O,7.26748E+11,098-CR-1340  -000,HIGH,098-CR-1340  -000,4.443,0,0,0,0,0,0,1,0,0,0,0,1,0
72730519,KSP0900,22-52340,20220212,1200,,,US23,,,US0023,US0023,0,098 US-23,US0023,N,N,NULL,NULL,NULL,N,NULL,NULL,NULL,NULL,NULL,NULL,28.385,NULL,NULL,NULL,NULL,,NULL,0,0,2,2,N,N,45,NULL,98,9807,NULL,,Y,37.51796,37,31.077,NULL,-82.56403,82,33.841,NULL,N,NULL,NULL,NULL,NULL,NULL,NULL,NULL,NULL,5,3,4,6,1,1,2,2,2,3,N,NULL,Y,N,1205,1205,1210,N,NULL,46,,1,N,,N,N,098-US-0023-0,NULL,NULL,2022,O,7.27305E+11,098-US-0023  -000,HIGH,098-US-0023  -000,28.385,0,0,0,0,0,0,1,0,0,0,0,0,0
72770389,980100,2.022E+11,20220608,746,,,SAAD,,AVE,,,0,098 CS-1165,CS1165,Y,N,NULL,NULL,NULL,N,NULL,NULL,NULL,NULL,NULL,NULL,0.081,NULL,NULL,NULL,NULL,,NULL,0,0,2,2,N,N,NULL,NULL,98,9801,NULL,,Y,37.48264,37,28.958,NULL,-82.51972,82,31.183,NULL,N,NULL,NULL,NULL,NULL,NULL,NULL,NULL,NULL,1,97,NULL,6,1,1,2,1,6,3,N,NULL,Y,N,746,750,,N,NULL,90,,,N,,N,N,098-CS-1165-0,NULL,NULL,2022,O,7.27704E+11,098-CS-1165  -000,HIGH,098-CS-1165  -000,0.081,0,0,0,0,0,0,0,0,0,0,0,0,0
72674788,KSP0900,21-395957,20210924,808,,8862,ELKHORN,,CRK,KY0197,KY0197,0,098 KY-197,KY0197,N,N,NULL,NULL,NULL,N,NULL,NULL,NULL,NULL,NULL,NULL,7.756,NULL,NULL,NULL,NULL,,NULL,1,0,1,1,N,N,55,NULL,98,9864,NULL,,Y,37.25792,37,15.475,NULL,-82.46101,82,27.661,NULL,N,NULL,NULL,NULL,NULL,NULL,NULL,NULL,NULL,9,5,2,6,1,1,2,2,7,3,Y,NULL,Y,N,825,847,847,Y,NULL,51,7,0,N,,N,N,098-KY-0197-0,NULL,NULL,2021,A,7.26748E+11,098-KY-0197  -000,HIGH,098-KY-0197  -000,7.756,0,0,0,0,0,0,0,0,0,0,0,1,0
72760018,980500,2022AR019,20220510,1600,,,US23,,,US0023,US0023,0,098 US-23-10,US0023,N,N,NULL,NULL,NULL,N,NULL,NULL,NULL,NULL,NULL,NULL,NULL,NULL,NULL,NULL,NULL,NULL,NULL,0,0,2,2,N,N,45,NULL,98,9807,NULL,,Y,37.5277,37,31.662,NULL,-82.57533,82,34.52,NULL,N,NULL,NULL,NULL,NULL,NULL,NULL,NULL,NULL,5,3,6,6,1,1,2,2,7,3,N,NULL,Y,Y,1600,1600,1600,N,NULL,49,,1,N,,N,N,098-US-0023-10,NULL,NULL,2022,O,7.276E+11,098-US-0023  -010,HIGH,098-US-0023  -000,29.303,0,0,1,0,0,0,1,0,0,0,0,0,0
72756281,980100,2.022E+11,20220422,1728,,,CHLOE,,RD,KY1460,KY1460,0,098 KY-1460,KY1460,N,N,NULL,NULL,NULL,N,NULL,NULL,NULL,NULL,NULL,NULL,2.732,NULL,NULL,NULL,NULL,,NULL,0,0,2,2,N,N,15,NULL,98,9801,NULL,,Y,37.46878,37,28.127,NULL,-82.47836,82,28.702,NULL,N,NULL,NULL,NULL,NULL,NULL,NULL,NULL,NULL,2,97,1,6,1,1,2,2,6,3,N,NULL,Y,N,1728,1737,1805,N,NULL,56,,0,N,,N,N,098-KY-1460-0,NULL,NULL,2022,O,7.27563E+11,098-KY-1460  -000,HIGH,098-KY-1460  -000,2.732,0,0,0,0,0,0,1,0,0,0,0,0,0
72754755,KSP0900,22-152574,20220426,1444,,,US23,,,US0023,US0023,0,098 US-23,US0023,N,N,NULL,NULL,NULL,N,NULL,NULL,NULL,NULL,NULL,NULL,5.141,NULL,NULL,NULL,NULL,,NULL,0,0,1,1,N,N,55,NULL,98,9809,NULL,,Y,37.28209,37,16.925,NULL,-82.5631,82,33.786,NULL,N,NULL,NULL,NULL,NULL,NULL,NULL,NULL,NULL,9,4,4,4,1,5,6,2,7,3,N,NULL,Y,N,1544,1459,1459,N,NULL,40,,1,N,,N,N,098-US-0023-0,NULL,NULL,2022,O,7.27548E+11,098-US-0023  -000,HIGH,098-US-0023  -000,5.141,0,0,0,0,0,0,0,0,0,0,0,1,0
72770071,980200,980200,20220604,1309,,,ELKHORN,W,ST,,,0,098 CS-2007,CS2007,Y,N,NULL,NULL,NULL,N,NULL,NULL,NULL,NULL,NULL,NULL,0.009,NULL,NULL,NULL,NULL,,NULL,0,0,2,2,N,N,15,NULL,98,9802,NULL,,Y,37.30523,37,18.314,NULL,-82.3544,82,21.264,NULL,N,NULL,NULL,NULL,NULL,NULL,NULL,NULL,NULL,2,97,NULL,6,1,1,2,2,1,3,N,NULL,Y,Y,1309,1311,,N,NULL,90,,,N,,N,N,098-CS-2007-0,NULL,NULL,2022,O,7.27701E+11,098-CS-2007  -000,HIGH,098-CS-2007  -000,0.009,0,0,0,1,0,0,0,0,0,1,0,0,0
72718440,980100,2.022E+11,20220104,715,,,CHLOE,,RD,KY1460,KY1460,0,098 KY-1460,KY1460,N,N,NULL,NULL,NULL,N,NULL,NULL,NULL,NULL,NULL,NULL,3.732,NULL,NULL,NULL,NULL,,NULL,0,0,2,2,N,N,35,NULL,98,9801,NULL,,Y,37.47738,37,28.643,NULL,-82.49208,82,29.525,NULL,N,NULL,NULL,NULL,NULL,NULL,NULL,NULL,NULL,1,3,2,5,1,2,2,1,7,3,N,NULL,Y,N,715,717,903,N,NULL,55,,0,N,,N,N,098-KY-1460-0,NULL,NULL,2022,O,7.27184E+11,098-KY-1460  -000,HIGH,098-KY-1460  -000,3.732,0,0,0,0,0,0,0,0,0,1,0,1,0
72723008,980100,2.022E+11,20220118,837,,,US23,,,US0023,US0023,0,098 US-23,US0023,N,N,NULL,NULL,NULL,N,NULL,NULL,NULL,NULL,NULL,NULL,23.096,NULL,NULL,NULL,NULL,,NULL,0,0,1,1,N,N,55,NULL,98,9801,NULL,,Y,37.46609,37,27.965,NULL,-82.52859,82,31.715,NULL,N,NULL,NULL,NULL,NULL,NULL,NULL,NULL,NULL,9,3,4,6,1,1,3,2,7,3,N,NULL,Y,N,841,841,842,N,NULL,38,,1,N,,N,N,098-US-0023-0,NULL,NULL,2022,O,7.2723E+11,098-US-0023  -000,HIGH,098-US-0023  -000,23.096,0,0,0,0,0,0,0,0,0,0,0,0,0
72755806,980100,2.022E+11,20220422,1535,,,CASSIDY,,BLVD,,,0,098 CS-1191,CS1191,Y,N,NULL,NULL,NULL,N,NULL,NULL,NULL,NULL,NULL,NULL,0.048,NULL,NULL,NULL,NULL,,NULL,0,0,2,2,N,N,NULL,NULL,98,9801,NULL,,Y,37.50369,37,30.221,NULL,-82.53294,82,31.977,NULL,N,NULL,NULL,NULL,NULL,NULL,NULL,NULL,NULL,1,97,NULL,6,1,1,2,2,1,3,N,NULL,Y,N,1535,1535,,N,NULL,90,,,N,,N,N,098-CS-1191-0,NULL,NULL,2022,O,7.27558E+11,098-CS-1191  -000,HIGH,098-CS-1191  -000,0.048,0,0,0,0,0,0,1,0,0,0,0,0,0
72683922,KSP0900,21-421272,20211012,1458,,,US460,,,US0460,US0460,0,098 US-460,US0460,N,N,NULL,NULL,NULL,N,NULL,NULL,NULL,NULL,NULL,NULL,4.08,NULL,NULL,NULL,NULL,,NULL,4,0,1,1,N,N,55,NULL,98,9801,NULL,,Y,37.41967,37,25.18,NULL,-82.46066,82,27.64,NULL,N,NULL,NULL,NULL,NULL,NULL,NULL,NULL,NULL,9,3,2,6,1,1,2,2,7,3,N,NULL,Y,Y,1458,1501,1535,N,NULL,44,,1,N,,N,N,098-US-0460-0,NULL,NULL,2021,B,7.26839E+11,098-US-0460  -000,HIGH,098-US-0460  -000,4.08,0,0,0,0,0,0,0,0,0,0,0,1,0
72746579,KSP0900,22-117830,20220401,1519,,,KY1426,,,KY1426,KY1426,0,098 KY-1426,KY1426,Y,N,NULL,NULL,NULL,N,NULL,NULL,NULL,NULL,NULL,NULL,11.598,NULL,NULL,NULL,NULL,,NULL,0,0,2,2,N,N,15,NULL,98,9801,NULL,,Y,37.53149,37,31.89,NULL,-82.46913,82,28.148,NULL,N,NULL,NULL,NULL,NULL,NULL,NULL,NULL,NULL,5,97,2,6,1,1,2,2,8,3,N,NULL,Y,N,1522,1550,1600,N,NULL,90,7,0,N,,N,N,098-KY-1426-0,NULL,NULL,2022,O,7.27466E+11,098-KY-1426  -000,HIGH,098-KY-1426  -000,11.598,0,0,0,0,0,0,1,0,0,0,0,0,0
72757138,KSP0900,22-158574,20220430,2000,,,KY1426,,,KY1426,KY1426,0,098 KY-1426,KY1426,N,N,NULL,NULL,NULL,N,NULL,NULL,NULL,NULL,NULL,NULL,10.893,NULL,NULL,NULL,NULL,,NULL,0,0,2,2,N,N,55,NULL,98,9828,NULL,,Y,37.52216,37,31.33,NULL,-82.47351,82,28.411,NULL,N,NULL,NULL,NULL,NULL,NULL,NULL,NULL,NULL,1,3,2,6,1,1,2,2,7,3,N,NULL,Y,N,2000,2000,2000,N,NULL,55,7,0,N,,N,N,098-KY-1426-0,NULL,NULL,2022,O,7.27571E+11,098-KY-1426  -000,HIGH,098-KY-1426  -000,10.893,0,0,0,0,0,0,0,0,0,0,0,0,0
72661933,980100,2.021E+11,20210823,730,,,2ND,,ST,,,0,098 CS-1117,CS1117,N,N,NULL,NULL,NULL,N,NULL,NULL,NULL,NULL,NULL,NULL,0.114,NULL,NULL,NULL,NULL,,NULL,0,0,2,2,N,N,25,NULL,98,9801,NULL,,Y,37.48211,37,28.926,NULL,-82.51666,82,31,NULL,N,NULL,NULL,NULL,NULL,NULL,NULL,NULL,NULL,8,3,1,6,1,1,3,2,7,3,N,NULL,Y,N,730,736,736,N,NULL,47,,,N,,N,N,098-CS-1117-0,NULL,NULL,2021,O,7.26619E+11,098-CS-1117  -000,HIGH,098-CS-1117  -000,0.114,0,0,0,0,0,0,1,0,0,0,0,0,0
72696280,980100,2.021E+11,20211112,1530,,,US23,,,US0023,US0023,0,098 US-23-10,US0023,N,N,NULL,NULL,NULL,N,NULL,NULL,NULL,NULL,NULL,NULL,31.99,NULL,NULL,NULL,NULL,,NULL,0,0,1,1,N,N,55,NULL,98,9801,NULL,,Y,37.53747,37,32.248,NULL,-82.6086,82,36.516,NULL,N,NULL,NULL,NULL,NULL,NULL,NULL,NULL,NULL,9,4,4,6,1,1,2,2,7,3,N,NULL,Y,N,1530,1531,1541,N,NULL,51,,1,N,,N,N,098-US-0023-10,NULL,NULL,2021,O,7.26963E+11,098-US-0023  -010,HIGH,098-US-0023  -000,31.99,0,0,0,1,0,0,1,1,0,0,0,1,0
72745056,980100,2.022E+11,20220322,2119,,,MAYO,S,TRL,US0023,US0023,,,,N,N,NULL,NULL,NULL,N,NULL,NULL,NULL,NULL,NULL,NULL,22.782,NULL,NULL,NULL,NULL,,NULL,0,0,2,2,N,N,55,NULL,98,9801,NULL,,Y,37.46509,37,27.906,NULL,-82.52325,82,31.395,NULL,N,NULL,NULL,NULL,NULL,NULL,NULL,NULL,NULL,8,3,4,6,1,1,2,6,7,3,N,NULL,Y,N,2120,2136,2136,N,NULL,53,,1,N,,N,N,,NULL,NULL,2022,O,7.27451E+11,098-US-0023  -010,MEDIUM,098-US-0023  -000,22.782,0,0,0,1,0,0,1,0,0,0,0,1,0
72726125,980000,22-01-006,20220128,752,,27678,US-119,,,,,,,,N,N,NULL,NULL,NULL,N,NULL,NULL,NULL,NULL,NULL,NULL,NULL,NULL,NULL,NULL,NULL,NULL,NULL,0,0,2,2,N,N,15,NULL,98,9836,2,N,N,37.64831,37,38.898,NULL,-82.26636,82,15.982,NULL,N,NULL,NULL,NULL,NULL,NULL,NULL,NULL,NULL,8,3,2,4,1,1,2,2,8,1,N,NULL,Y,Y,752,753,830,N,NULL,53,,,N,,N,N,,NULL,NULL,2022,O,7.27261E+11,098-PR-1077  -000,MEDIUM,098-PR-1077  -000,0.315,0,1,0,1,0,0,0,0,0,0,0,1,0
72735705,KSP0900,22-72466,20220227,1615,,,US23,,,US0023,US0023,0,098 US-23,US0023,N,N,NULL,NULL,NULL,N,NULL,NULL,NULL,NULL,NULL,NULL,2.637,NULL,NULL,NULL,NULL,,NULL,6,0,2,2,N,N,55,NULL,98,9809,NULL,,Y,37.27113,37,16.268,NULL,-82.60388,82,36.233,NULL,N,NULL,NULL,NULL,NULL,NULL,NULL,NULL,NULL,1,3,4,5,1,1,2,2,3,3,Y,NULL,Y,Y,1616,1626,1710,N,NULL,55,,1,N,,N,N,098-US-0023-0,NULL,NULL,2022,C,7.27357E+11,098-US-0023  -000,HIGH,098-US-0023  -000,2.637,0,0,0,1,0,0,1,0,0,0,0,1,0
72700095,KSP0900,21-459961,20211109,1619,,,US23,,,US0023,US0023,0,098 US-23-10,US0023,N,N,NULL,NULL,NULL,N,NULL,NULL,NULL,NULL,NULL,NULL,15.483,NULL,NULL,NULL,NULL,,NULL,0,0,2,2,N,N,55,NULL,98,9801,NULL,,Y,37.40259,37,24.155,NULL,-82.53001,82,31.8,NULL,N,NULL,NULL,NULL,NULL,NULL,NULL,NULL,NULL,5,3,4,6,1,1,2,2,3,3,N,NULL,Y,N,1622,1630,,N,NULL,49,,1,N,,N,N,098-US-0023-10,NULL,NULL,2021,O,7.27001E+11,098-US-0023  -010,HIGH,098-US-0023  -000,15.483,0,0,0,0,0,0,0,1,0,0,0,0,0
72800769,KSP0900,22-340888,20220902,1955,,,SUGAR CAMP,,BR,,,0,098 CR-1085,CR1085,N,N,NULL,NULL,NULL,N,NULL,NULL,NULL,NULL,NULL,NULL,0.121,NULL,NULL,NULL,NULL,,NULL,0,0,1,1,N,N,35,NULL,98,9823,NULL,,Y,37.58542,37,35.125,NULL,-82.25246,82,15.148,NULL,N,NULL,NULL,NULL,NULL,NULL,NULL,NULL,NULL,9,3,2,3,1,1,2,6,7,3,N,NULL,N,N,1955,2016,2016,N,NULL,70,,,Y,,N,N,098-CR-1085-0,NULL,NULL,2022,O,7.28008E+11,098-CR-1085  -000,HIGH,098-CR-1085  -000,0.121,0,0,1,0,0,0,0,0,0,0,0,1,0
72693503,980100,2.021E+11,20211105,1449,,2138,MAYO,S,TRL,,,0,098 CS-1000,CS1000,Y,N,NULL,NULL,NULL,N,NULL,NULL,NULL,NULL,NULL,NULL,NULL,NULL,NULL,NULL,NULL,NULL,NULL,0,0,2,2,N,N,NULL,NULL,98,9801,NULL,,Y,37.43827,37,26.296,NULL,-82.51131,82,30.679,NULL,N,NULL,NULL,NULL,NULL,NULL,NULL,NULL,NULL,1,97,1,6,1,1,2,2,1,3,N,NULL,Y,N,1452,1502,1502,N,NULL,90,,,N,,N,N,098-CS-1000-0,NULL,NULL,2021,O,7.26935E+11,098-CS-1000  -000,HIGH,098-CS-1000  -000,0.063,0,0,0,1,0,0,1,0,0,0,0,0,0
72719406,980100,2.021E+11,20211227,1116,,,US23,,,US0023,US0023,0,098 US-23,US0023,Y,N,NULL,NULL,NULL,N,NULL,NULL,NULL,NULL,NULL,NULL,23.009,NULL,NULL,NULL,NULL,,NULL,0,0,2,2,Y,N,5,NULL,98,9801,NULL,,Y,37.46524,37,27.914,NULL,-82.52737,82,31.642,NULL,N,NULL,NULL,NULL,NULL,NULL,NULL,NULL,NULL,6,3,4,NULL,1,1,2,2,1,3,N,NULL,Y,N,1116,1124,1124,N,NULL,90,,1,N,,N,N,098-US-0023-0,NULL,NULL,2021,NULL,7.27194E+11,098-US-0023  -000,HIGH,098-US-0023  -000,23.009,0,0,0,0,0,0,0,0,0,0,0,0,0
72769158,980100,2.022E+11,20220527,1746,,,US23,,,US0023,US0023,0,098 US-23-10,US0023,N,N,NULL,NULL,NULL,N,NULL,NULL,NULL,NULL,NULL,NULL,27.314,NULL,NULL,NULL,NULL,,NULL,0,0,2,2,N,N,55,NULL,98,9801,NULL,,Y,37.51056,37,30.633,NULL,-82.54758,82,32.855,NULL,N,NULL,NULL,NULL,NULL,NULL,NULL,NULL,NULL,5,3,4,6,1,5,6,2,7,3,N,NULL,Y,N,1746,1750,1750,N,NULL,49,,1,Y,,N,N,098-US-0023-10,NULL,NULL,2022,O,7.27692E+11,098-US-0023  -010,HIGH,098-US-0023  -000,27.314,0,0,0,0,0,0,1,0,0,0,0,0,0
72782847,KSP0900,22-266389,20220713,1529,,,KY1469,,,KY1469,KY1469,0,098 KY-1469,KY1469,N,N,NULL,NULL,NULL,N,NULL,NULL,NULL,NULL,NULL,NULL,11.298,NULL,NULL,NULL,NULL,,NULL,1,0,2,2,N,N,35,NULL,98,9827,NULL,,Y,37.34147,37,20.488,NULL,-82.59148,82,35.488,NULL,N,NULL,NULL,NULL,NULL,NULL,NULL,NULL,NULL,1,3,2,6,1,1,2,2,7,3,Y,NULL,Y,Y,1532,1541,1620,N,NULL,55,8,0,N,,N,N,098-KY-1469-0,NULL,NULL,2022,C,7.27828E+11,098-KY-1469  -000,HIGH,098-KY-1469  -000,11.298,0,0,0,1,0,0,1,0,0,0,0,0,0
72742304,980100,2.022E+11,20220318,1526,,,US23,,,US0023,US0023,0,098 US-23-10,US0023,N,Y,KY3496,,,N,NULL,NULL,NULL,NULL,NULL,NULL,23.063,NULL,NULL,NULL,NULL,,NULL,0,0,2,2,Y,N,55,NULL,98,9801,NULL,,Y,37.46584,37,27.95,NULL,-82.52814,82,31.688,NULL,N,NULL,NULL,NULL,NULL,NULL,NULL,NULL,NULL,1,3,4,6,1,1,2,2,7,3,N,NULL,Y,N,1526,1531,1531,N,NULL,10,,1,N,,N,N,098-US-0023-10,NULL,NULL,2022,O,7.27423E+11,098-US-0023  -010,HIGH,098-US-0023  -000,23.063,0,0,0,0,0,0,1,1,0,0,1,0,0
72690112,980100,2.021E+11,20210918,2036,,440,KY3496,,,KY3496,KY3496,0,098 KY-3496,KY3496,N,N,NULL,NULL,NULL,N,NULL,NULL,NULL,NULL,NULL,NULL,0.113,NULL,NULL,NULL,NULL,,NULL,0,0,1,1,Y,N,35,NULL,98,9801,NULL,,Y,37.46605,37,27.963,NULL,-82.52973,82,31.784,NULL,N,NULL,NULL,NULL,NULL,NULL,NULL,NULL,NULL,9,97,2,6,1,1,3,5,1,3,N,NULL,Y,N,2036,2043,2043,Y,NULL,70,16,0,N,,N,N,098-KY-3496-0,NULL,NULL,2021,O,7.26901E+11,098-KY-3496  -000,HIGH,098-KY-3496  -000,0.113,0,0,0,0,0,0,0,0,0,0,0,0,0