MasterFile,AgencyORINumber,LocalCode,CollisionDate,CollisionTime,CollisionDayWeekCode,RoadwayName_HouseBusinessNumber_,RoadwayName_RoadwayName_,RoadwayName_Direction_,RoadwayName_RoadwaySuffix_,RoadwayfromReport,CurrentRoadwayNumber,RoadwayNumberCoupletID,RSEUniqueGIS,RoadwayIdentifier,ParkingLotIndicator,IntersectionWith_Indicator_,IntersectionWith_NameRoadway_,IntersectionWith_Direction_,IntersectionWith_RoadwaySuffix_,BetweenStreets_Indicator_,BetweenStreets1_NameRoadway_,BetweenStreet1_Direction_,BetweenStreets1_RoadwaySuffix_,BetweenStreets2_NameRoadway_,BetweenStreets2_Direction_,BetweenStreets2_RoadwaySuffix_,Milepoint,ReportMilepointDeriveNumber,CurrentDerivedMiepointNumber,MilestoMilepoint,FeettoMilepoint,DirectionfromMilepoint_NSEW_,ValidMilepointIndicator,NumberInjured,NumberKilled,ofUnits,ofMotorVehicleUnits,Hit&RunIndicator,OneWayIndicator,SpeedLimitNumber,KilometersIndicator,CountyCode,CityCountyCode,MilesFromCity,DirectionFromCity_NSEW_,InCityLimitsIndicator,Latitude,LatitudeDegrees,LatitudeMinutes,LatitudeSeconds,Longitude,LongitudeDegrees,LongitudeMinutes,LongitudeSeconds,RampIndicator,RampFromIdentifier,RampFromDirCode,RampFromCoupletID,RSEUniqueGISRampFrom,RampToidentifier,RampToDirCode,RampToCoupletID,RSEUniqueGisRampTo,MannerofCollisionCode,LocationFirstEventCode,TotalLanes,RoadwayCharacterCode,RoadwaySurfaceCode,RoadwayConditionCode,WeatherCode,LightConditionCode,LandUseCode,SchoolBusRelatedCode,FirstAidSceneIndicator,CollDescPresentInd,InvestigationCompleteIndicator,PhotosTakenIndicator,TimeNotified,TimeArrived,TimeRoadwayOpened,PropertyDamageIndicator,DiagramPresentIndicator,DirectionalAnalysis,FunctionClassCode,NationalHwySysCode,EnforcementsIndicator,KARSCityCode,SecondaryCollisionIndicator,MedianCrossoverIndicator,RT_UNIQUE,MapIt,TimeLastLeft,YR,KABCO,MFNY,WorkingRID,RT_CONFIDENCE,KTC_RT,KTC_MP,Motorcyclist,CommercialVehicle,YoungDriver,MatureDriver,pedestrian,Bicyclist,Distracted,agressive,Impaired,Unrestrained,Intersection,RoadwayDeparture,MedXover
72759379,KSP0900,22-153508,20220427,749,,,KY2552,,,KY2552,KY2552,0,098 KY-2552,KY2552,N,N,NULL,NULL,NULL,N,NULL,NULL,NULL,NULL,NULL,NULL,0.203,NULL,NULL,NULL,NULL,,NULL,0,0,2,2,N,N,55,NULL,98,9801,NULL,,Y,37.42437,37,25.462,NULL,-82.49645,82,29.787,NULL,N,NULL,NULL,NULL,NULL,NULL,NULL,NULL,NULL,8,3,2,6,1,1,2,2,7,3,N,NULL,Y,N,749,830,830,N,NULL,53,,0,N,,N,N,098-KY-2552-0,NULL,NULL,2022,O,7.27594E+11,098-KY-2552  -000,HIGH,098-KY-2552  -000,0.203,0,0,1,0,0,0,0,1,0,0,0,1,0
72782070,980100,2.022E+11,20220706,1543,,,US460,,,US0460,US0460,0,098 US-460,US0460,N,N,NULL,NULL,NULL,N,NULL,NULL,NULL,NULL,NULL,NULL,0.246,NULL,NULL,NULL,NULL,,NULL,2,0,2,2,N,N,45,NULL,98,9801,NULL,,Y,37.43904,37,26.342,NULL,-82.50968,82,30.581,NULL,N,NULL,NULL,NULL,NULL,NULL,NULL,NULL,NULL,5,3,2,6,1,5,3,2,1,3,N,NULL,Y,Y,1543,1548,,N,NULL,70,,1,N,,N,N,098-US-0460-0,NULL,NULL,2022,C,7.27821E+11,098-US-0460  -000,HIGH,098-US-0460  -000,0.246,0,0,0,0,0,0,1,0,0,0,0,0,0
72758830,KSP0900,22-167250,20220506,1700,,,DORTON-JENKINS,,HWY,KY0805,KY0805,0,098 KY-805,KY0805,N,N,NULL,NULL,NULL,N,NULL,NULL,NULL,NULL,NULL,NULL,0.882,NULL,NULL,NULL,NULL,,NULL,0,0,1,1,N,N,45,NULL,98,9867,NULL,,Y,37.21056,37,12.633,NULL,-82.56437,82,33.862,NULL,N,NULL,NULL,NULL,NULL,NULL,NULL,NULL,NULL,9,5,2,4,1,5,6,2,6,3,N,NULL,Y,N,1652,1727,1800,N,NULL,51,7,0,N,,N,N,098-KY-0805-0,NULL,NULL,2022,O,7.27588E+11,098-KY-0805  -000,HIGH,098-KY-0805  -000,0.882,0,0,0,1,0,0,0,0,0,0,0,1,0
72756121,980100,2.022E+11,20220429,2012,,,KY3496,,,KY3496,KY3496,0,098 KY-3496,KY3496,Y,N,NULL,NULL,NULL,N,NULL,NULL,NULL,NULL,NULL,NULL,0.083,NULL,NULL,NULL,NULL,,NULL,0,0,2,2,N,N,35,NULL,98,9801,NULL,,Y,37.46584,37,27.951,NULL,-82.52926,82,31.755,NULL,N,NULL,NULL,NULL,NULL,NULL,NULL,NULL,NULL,5,97,2,6,1,1,2,3,1,3,N,NULL,Y,N,2012,2016,2016,N,NULL,90,16,0,N,,N,N,098-KY-3496-0,NULL,NULL,2022,O,7.27561E+11,098-KY-3496  -000,HIGH,098-KY-3496  -000,0.083,0,0,0,0,0,0,1,0,0,0,0,0,0
72650647,KSP0900,21-304794,20210723,1210,,,TOLER,,RD,KY0319,KY0319,0,098 KY-319,KY0319,N,N,NULL,NULL,NULL,N,NULL,NULL,NULL,NULL,NULL,NULL,4.926,NULL,NULL,NULL,NULL,,NULL,0,0,1,1,N,N,35,NULL,98,9842,NULL,,Y,37.62248,37,37.349,NULL,-82.24451,82,14.67,NULL,N,NULL,NULL,NULL,NULL,NULL,NULL,NULL,NULL,9,3,2,3,1,1,2,2,7,3,N,NULL,Y,N,1210,1220,1300,Y,NULL,40,7,0,N,,N,N,098-KY-0319-0,NULL,NULL,2021,O,7.26506E+11,098-KY-0319  -000,HIGH,098-KY-0319  -000,4.926,0,0,0,0,0,0,1,0,0,0,0,1,0
72720066,980100,2.022E+11,20220111,1147,,254,CASSIDY,,BLVD,,,0,098 CS-1191,CS1191,N,N,NULL,NULL,NULL,N,NULL,NULL,NULL,NULL,NULL,NULL,0.311,NULL,NULL,NULL,NULL,,NULL,0,0,2,2,N,N,15,NULL,98,9801,NULL,,Y,37.50518,37,30.311,NULL,-82.53706,82,32.223,NULL,N,NULL,NULL,NULL,NULL,NULL,NULL,NULL,NULL,1,3,2,6,1,1,2,2,1,3,N,NULL,Y,N,1148,1149,1151,N,NULL,55,,,N,,N,N,098-CS-1191-0,NULL,NULL,2022,O,7.27201E+11,098-CS-1191  -000,HIGH,098-CS-1191  -000,0.311,0,0,0,0,0,0,0,0,0,0,0,0,0
72781659,980500,2022AR034,20220711,820,,,US23,,,US0023,US0023,0,098 US-23-10,US0023,N,N,NULL,NULL,NULL,N,NULL,NULL,NULL,NULL,NULL,NULL,29.618,NULL,NULL,NULL,NULL,,NULL,0,0,1,1,N,N,55,NULL,98,9801,0.1,N,N,37.53173,37,31.904,NULL,-82.57721,82,34.633,NULL,N,NULL,NULL,NULL,NULL,NULL,NULL,NULL,NULL,9,3,5,6,1,1,2,2,1,3,N,NULL,Y,Y,820,823,840,N,NULL,38,,1,N,,N,N,098-US-0023-10,NULL,NULL,2022,O,7.27817E+11,098-US-0023  -010,HIGH,098-US-0023  -000,29.618,0,0,0,0,0,0,0,0,0,0,0,0,0
72668009,980100,2.021E+11,20210905,2213,,,FIFE FORK,,RD,,,0,098 CS-1077,CS1077,N,N,NULL,NULL,NULL,N,NULL,NULL,NULL,NULL,NULL,NULL,0.935,NULL,NULL,NULL,NULL,,NULL,0,0,2,2,N,N,15,NULL,98,9801,NULL,,Y,37.47515,37,28.509,NULL,-82.47372,82,28.424,NULL,N,NULL,NULL,NULL,NULL,NULL,NULL,NULL,NULL,8,97,1,6,3,5,2,6,5,3,N,NULL,Y,N,2213,2241,2241,N,NULL,47,,,N,,N,N,098-CS-1077-0,NULL,NULL,2021,O,7.2668E+11,098-CS-1077  -000,HIGH,098-CS-1077  -000,0.935,0,0,0,0,0,0,1,0,0,0,0,0,0
72659584,KSP0900,21-337189,20210813,1507,,,US460,,,US0460,US0460,0,098 US-460,US0460,Y,N,NULL,NULL,NULL,N,NULL,NULL,NULL,NULL,NULL,NULL,2.889,NULL,NULL,NULL,NULL,,NULL,0,0,2,2,N,N,15,NULL,98,9824,NULL,,Y,37.42953,37,25.772,NULL,-82.4778,82,28.668,NULL,N,NULL,NULL,NULL,NULL,NULL,NULL,NULL,NULL,2,97,2,6,1,1,2,2,1,3,N,NULL,Y,N,1711,1720,1711,N,NULL,90,,1,N,,N,N,098-US-0460-0,NULL,NULL,2021,O,7.26596E+11,098-US-0460  -000,HIGH,098-US-0460  -000,2.889,0,0,0,0,0,0,1,0,0,0,0,0,0
72700335,KSP0900,21-477694,20211122,1615,,,KY612,,,KY0612,KY0612,0,098 KY-612,KY0612,N,N,NULL,NULL,NULL,N,NULL,NULL,NULL,NULL,NULL,NULL,8.089,NULL,NULL,NULL,NULL,,NULL,0,0,1,1,N,N,45,NULL,98,9834,NULL,,Y,37.6706,37,40.236,NULL,-82.30733,82,18.44,NULL,N,NULL,NULL,NULL,NULL,NULL,NULL,NULL,NULL,9,5,2,6,1,1,2,2,7,3,N,NULL,Y,Y,1615,1620,1700,N,NULL,44,8,0,N,,N,N,098-KY-0612-0,NULL,NULL,2021,O,7.27003E+11,098-KY-0612  -000,HIGH,098-KY-0612  -000,8.089,0,0,0,0,0,0,0,0,0,0,0,1,0
72746850,KSP0900,22-94015,20220315,800,,,WILLIAMSON,,RD,KY0292,KY0292,0,098 KY-292,KY0292,N,N,NULL,NULL,NULL,N,NULL,NULL,NULL,NULL,NULL,NULL,7.06,NULL,NULL,NULL,NULL,,NULL,0,0,1,1,N,N,45,NULL,98,9826,NULL,,Y,37.67681,37,40.609,NULL,-82.30511,82,18.307,NULL,N,NULL,NULL,NULL,NULL,NULL,NULL,NULL,NULL,9,3,2,4,1,1,3,2,7,3,Y,NULL,Y,N,802,814,930,Y,NULL,70,7,0,N,,N,N,098-KY-0292-0,NULL,NULL,2022,O,7.27469E+11,098-KY-0292  -000,HIGH,098-KY-0292  -000,7.06,0,0,0,1,0,0,1,0,0,0,0,1,0
72791243,KSP0900,22-302329,20220806,329,,148,FOREST TRACE,,HL,,,0,098 CR-1505BB,CR1505BB,Y,N,NULL,NULL,NULL,N,NULL,NULL,NULL,NULL,NULL,NULL,0.08,NULL,NULL,NULL,NULL,,NULL,0,0,3,3,N,N,NULL,NULL,98,9814,NULL,,Y,37.6011,37,36.066,NULL,-82.27679,82,16.607,NULL,N,NULL,NULL,NULL,NULL,NULL,NULL,NULL,NULL,2,97,NULL,6,1,1,2,5,7,3,N,NULL,Y,Y,356,402,402,N,NULL,90,,,N,,N,N,098-CR-1505BB-0,NULL,NULL,2022,O,7.27912E+11,098-CR-1505BB-000,HIGH,098-CR-1505BB-000,0.08,0,0,0,0,0,0,1,0,1,1,0,0,0
72777545,KSP0900,22-223833,20220621,1015,,,FOREST HILLS,,RD,KY0308,KY0308,0,098 KY-308,KY0308,N,N,NULL,NULL,NULL,N,NULL,NULL,NULL,NULL,NULL,NULL,1.845,NULL,NULL,NULL,NULL,,NULL,0,0,2,2,N,N,35,NULL,98,9885,NULL,,Y,37.64215,37,38.529,NULL,-82.27966,82,16.779,NULL,N,NULL,NULL,NULL,NULL,NULL,NULL,NULL,NULL,2,97,2,3,3,8,2,2,5,3,N,NULL,Y,N,1025,1115,1015,N,NULL,47,8,0,N,,N,N,098-KY-0308-0,NULL,NULL,2022,O,7.27775E+11,098-KY-0308  -000,HIGH,098-KY-0308  -000,1.845,0,0,0,1,0,0,1,0,0,0,0,0,0
72791284,KSP0900,22-295618,20220801,1720,,,GRAPEVINE,,RD,KY0194,KY0194,0,098 KY-194,KY0194,N,N,NULL,NULL,NULL,N,NULL,NULL,NULL,NULL,NULL,NULL,29.225,NULL,NULL,NULL,NULL,,NULL,0,0,2,2,N,N,55,NULL,98,9817,NULL,,Y,37.46568,37,27.941,NULL,-82.35751,82,21.45,NULL,N,NULL,NULL,NULL,NULL,NULL,NULL,NULL,NULL,7,3,2,5,1,1,2,2,7,3,N,NULL,Y,N,1820,1840,1820,N,NULL,54,7,0,N,,N,N,098-KY-0194-0,NULL,NULL,2022,O,7.27913E+11,098-KY-0194  -000,HIGH,098-KY-0194  -000,29.225,0,0,0,0,0,0,0,0,0,0,0,1,0
72720296,980100,2.022E+11,20220113,1425,,,CASSIDY,,BLVD,,,,,,N,N,NULL,NULL,NULL,N,NULL,NULL,NULL,NULL,NULL,NULL,0.311,NULL,NULL,NULL,NULL,,NULL,0,0,2,2,N,N,25,NULL,98,9801,NULL,,Y,37.50518,37,30.311,NULL,-82.53706,82,32.224,NULL,N,NULL,NULL,NULL,NULL,NULL,NULL,NULL,NULL,5,3,2,6,1,1,2,2,7,3,N,NULL,Y,N,1425,1434,1434,N,NULL,49,,,N,,N,N,,NULL,NULL,2022,O,7.27203E+11,098-CS-1191  -000,MEDIUM,098-CS-1191  -000,0.311,0,0,0,0,0,0,1,0,0,0,0,0,0
72776558,980100,2.022E+11,20220625,157,,,US23,,,US0023,US0023,0,098 US-23,US0023,N,N,NULL,NULL,NULL,N,NULL,NULL,NULL,NULL,NULL,NULL,27.002,NULL,NULL,NULL,NULL,,NULL,0,0,1,1,N,N,55,NULL,98,9801,NULL,,Y,37.5104,37,30.624,NULL,-82.54124,82,32.474,NULL,N,NULL,NULL,NULL,NULL,NULL,NULL,NULL,NULL,9,3,4,6,1,1,2,7,7,3,N,NULL,Y,N,157,203,203,N,NULL,38,,1,N,,N,N,098-US-0023-0,NULL,NULL,2022,O,7.27766E+11,098-US-0023  -000,HIGH,098-US-0023  -000,27.002,0,0,0,0,0,0,0,0,0,0,0,0,0
72669013,980500,2021AR036,20210910,1254,,7241,MAYO TRAIL,N,,,,,,,Y,N,NULL,NULL,NULL,N,NULL,NULL,NULL,NULL,NULL,NULL,NULL,NULL,NULL,NULL,NULL,NULL,NULL,0,0,1,1,N,N,15,NULL,98,9801,2,N,N,37.53708,37,32.225,NULL,-82.60729,82,36.438,NULL,N,NULL,NULL,NULL,NULL,NULL,NULL,NULL,NULL,9,97,1,6,3,1,2,2,1,3,N,NULL,Y,Y,1257,1307,1307,Y,NULL,90,,,N,,N,N,,NULL,NULL,2021,O,7.2669E+11,098-US-0023  -010,MEDIUM,098-US-0023  -000,31.915,0,0,0,1,0,0,1,0,0,0,0,0,0
72688834,980100,2.021E+11,20211028,1429,,254,CASSIDY,,BLVD,,,0,098 CS-1191,CS1191,Y,N,NULL,NULL,NULL,N,NULL,NULL,NULL,NULL,NULL,NULL,0.039,NULL,NULL,NULL,NULL,,NULL,0,0,2,2,N,N,NULL,NULL,98,9801,NULL,,Y,37.5037,37,30.222,NULL,-82.53281,82,31.969,NULL,N,NULL,NULL,NULL,NULL,NULL,NULL,NULL,NULL,2,97,1,6,1,1,2,2,1,3,N,NULL,Y,N,1430,1437,1444,N,NULL,90,,,N,,N,N,098-CS-1191-0,NULL,NULL,2021,O,7.26888E+11,098-CS-1191  -000,HIGH,098-CS-1191  -000,0.039,0,0,0,1,0,0,1,0,0,0,0,0,0
72762440,KSP0900,22-181905,20220516,2203,,,US460,,,US0460,US0460,0,098 US-460,US0460,N,N,NULL,NULL,NULL,N,NULL,NULL,NULL,NULL,NULL,NULL,7.529,NULL,NULL,NULL,NULL,,NULL,0,0,1,1,N,N,55,NULL,98,9832,NULL,,Y,37.38387,37,23.032,NULL,-82.43769,82,26.261,NULL,N,NULL,NULL,NULL,NULL,NULL,NULL,NULL,NULL,9,3,2,6,1,1,2,2,7,3,N,NULL,Y,N,2152,2157,2220,N,NULL,38,,1,N,,N,N,098-US-0460-0,NULL,NULL,2022,O,7.27624E+11,098-US-0460  -000,HIGH,098-US-0460  -000,7.529,0,0,1,0,0,0,0,0,0,0,0,0,0
72748858,KSP0900,22-127024,20220408,1545,,,ROCKHOUSE,,CRK,,,0,098 CR-1243,CR1243,N,N,NULL,NULL,NULL,N,NULL,NULL,NULL,NULL,NULL,NULL,0.682,NULL,NULL,NULL,NULL,,NULL,0,0,1,1,N,N,30,NULL,98,9802,NULL,,Y,37.33167,37,19.9,NULL,-82.46342,82,27.805,NULL,N,NULL,NULL,NULL,NULL,NULL,NULL,NULL,NULL,9,3,1,6,1,5,3,9,6,3,N,NULL,Y,N,1509,1547,1630,N,NULL,40,,,N,,N,N,098-CR-1243-0,NULL,NULL,2022,O,7.27489E+11,098-CR-1243  -000,HIGH,098-CR-1243  -000,0.682,0,0,0,0,0,0,0,0,0,0,0,1,0
72796702,KSP0900,22-323671,20220821,1556,,,JOE MCCOY,,RD,,,0,098 CR-1828C,CR1828C,N,N,NULL,NULL,NULL,N,NULL,NULL,NULL,NULL,NULL,NULL,0.992,NULL,NULL,NULL,NULL,,NULL,0,0,2,2,N,N,10,NULL,98,9804,NULL,,Y,37.54178,37,32.507,NULL,-82.16924,82,10.154,NULL,N,NULL,NULL,NULL,NULL,NULL,NULL,NULL,NULL,3,97,1,1,97,8,2,2,7,3,Y,NULL,Y,N,1556,1616,1616,N,NULL,52,,,N,,N,N,098-CR-1828C-0,NULL,NULL,2022,O,7.27967E+11,098-CR-1828C -000,MEDIUM,098-CR-1828C -000,0.992,0,0,0,0,0,0,1,0,0,0,0,1,0
72702571,980100,2.021E+11,20211022,1317,,,US460,,,US0460,US0460,0,098 US-460,US0460,N,N,NULL,NULL,NULL,N,NULL,NULL,NULL,NULL,NULL,NULL,0.033,NULL,NULL,NULL,NULL,,NULL,1,1,2,2,N,N,55,NULL,98,9801,NULL,,Y,37.44152,37,26.491,NULL,-82.50686,82,30.412,NULL,N,NULL,NULL,NULL,NULL,NULL,NULL,NULL,NULL,7,3,2,6,1,1,3,2,7,3,Y,NULL,Y,Y,1317,1325,1758,N,NULL,54,,1,N,,N,Y,098-US-0460-0,NULL,NULL,2021,K,7.27026E+11,098-US-0460  -000,HIGH,098-US-0460  -000,0.033,0,0,0,1,0,0,1,0,0,1,0,1,1
72696838,KSP0900,21-457689,20211107,2235,,,BIG CREEK,E,RD,KY3220,KY3220,0,098 KY-3220,KY3220,N,N,NULL,NULL,NULL,N,NULL,NULL,NULL,NULL,NULL,NULL,1.066,NULL,NULL,NULL,NULL,,NULL,0,0,1,1,N,N,35,NULL,98,9833,NULL,,Y,37.61848,37,37.109,NULL,-82.3516,82,21.096,NULL,N,NULL,NULL,NULL,NULL,NULL,NULL,NULL,NULL,9,97,2,2,1,1,2,6,7,3,N,NULL,Y,N,2235,2244,2235,N,NULL,44,8,0,N,,N,N,098-KY-3220-0,NULL,NULL,2021,O,7.26968E+11,098-KY-3220  -000,HIGH,098-KY-3220  -000,1.066,0,0,0,1,0,0,0,0,0,0,0,1,0
72752973,KSP0900,22-143800,20220420,1613,,,FEDSCREEK,,RD,KY0366,KY0366,0,098 KY-366,KY0366,N,N,NULL,NULL,NULL,N,NULL,NULL,NULL,NULL,NULL,NULL,0.616,NULL,NULL,NULL,NULL,,NULL,1,0,1,1,N,N,35,NULL,98,9839,NULL,,Y,37.40053,37,24.032,NULL,-82.23908,82,14.345,NULL,N,NULL,NULL,NULL,NULL,NULL,NULL,NULL,NULL,9,3,2,6,1,1,2,2,7,3,Y,NULL,Y,Y,1613,1638,1705,N,NULL,70,9,0,N,,N,N,098-KY-0366-0,NULL,NULL,2022,C,7.2753E+11,098-KY-0366  -000,HIGH,098-KY-0366  -000,0.616,0,0,0,0,0,0,0,0,0,0,0,1,0
72730137,KSP0900,22-51349,20220211,1622,,,US460,,,US0460,US0460,0,098 US-460,US0460,N,N,NULL,NULL,NULL,N,NULL,NULL,NULL,NULL,NULL,NULL,1.937,NULL,NULL,NULL,NULL,,NULL,0,0,1,1,N,N,55,NULL,98,9801,NULL,,Y,37.43229,37,25.937,NULL,-82.49337,82,29.602,NULL,N,NULL,NULL,NULL,NULL,NULL,NULL,NULL,NULL,9,3,2,6,1,1,2,2,7,3,N,NULL,Y,N,1622,1632,1700,N,NULL,44,,1,N,,N,N,098-US-0460-0,NULL,NULL,2022,O,7.27301E+11,098-US-0460  -000,HIGH,098-US-0460  -000,1.937,0,0,0,0,0,0,0,0,0,0,0,1,0
72729337,980100,2.022E+11,20220209,2025,,,KY1426 TURN LANE,,,KY1426,KY1426,0,098 KY-1426-28,KY1426,N,N,NULL,NULL,NULL,N,NULL,NULL,NULL,NULL,NULL,NULL,0.024,NULL,NULL,NULL,NULL,,NULL,0,0,2,2,N,N,35,NULL,98,9801,NULL,,Y,37.47398,37,28.439,NULL,-82.52732,82,31.639,NULL,N,NULL,NULL,NULL,NULL,NULL,NULL,NULL,NULL,5,3,4,6,1,1,2,5,1,3,N,NULL,Y,N,2025,2026,2029,N,NULL,49,8,0,Y,,N,N,098-KY-1426-28,NULL,NULL,2022,O,7.27293E+11,098-KY-1426  -028,HIGH,098-KY-1426  -028,0.024,0,0,0,0,0,0,1,0,0,0,0,0,0
72771190,KSP0900,22-216954,20220609,2225,,,POPLAR FORK WOODMAN,,RD,KY2059,KY2059,0,098 KY-2059,KY2059,N,N,NULL,NULL,NULL,N,NULL,NULL,NULL,NULL,NULL,NULL,3.167,NULL,NULL,NULL,NULL,,NULL,0,0,1,1,N,N,35,NULL,98,9825,NULL,,Y,37.52598,37,31.559,NULL,-82.05782,82,3.469,NULL,N,NULL,NULL,NULL,NULL,NULL,NULL,NULL,NULL,9,3,2,6,1,1,2,6,7,3,N,NULL,N,N,2225,2241,2241,N,NULL,38,9,0,N,,N,N,098-KY-2059-0,NULL,NULL,2022,O,7.27712E+11,098-KY-2059  -000,HIGH,098-KY-2059  -000,3.167,0,0,0,0,0,0,0,0,0,0,0,1,0
72693140,980100,2.021E+11,20211106,1730,,,THOMPSON,,RD,,,0,098 CS-1215,CS1215,Y,N,NULL,NULL,NULL,N,NULL,NULL,NULL,NULL,NULL,NULL,0.539,NULL,NULL,NULL,NULL,,NULL,1,0,2,2,N,N,NULL,NULL,98,9801,NULL,,Y,37.50591,37,30.355,NULL,-82.54297,82,32.578,NULL,N,NULL,NULL,NULL,NULL,NULL,NULL,NULL,NULL,1,97,NULL,6,1,1,2,2,1,3,N,NULL,Y,N,1730,1734,,N,NULL,90,,,N,,N,N,098-CS-1215-0,NULL,NULL,2021,C,7.26931E+11,098-CS-1215  -000,HIGH,098-CS-1215  -000,0.539,0,0,0,0,0,0,0,0,0,0,0,0,0
72709931,980100,2.021E+11,20211212,1530,,,US23,,,US0023,US0023,0,098 US-23,US0023,N,N,NULL,NULL,NULL,N,NULL,NULL,NULL,NULL,NULL,NULL,23.028,NULL,NULL,NULL,NULL,,NULL,2,0,3,3,N,N,55,NULL,98,9801,NULL,,Y,37.4657,37,27.942,NULL,-82.52752,82,31.651,NULL,N,NULL,NULL,NULL,NULL,NULL,NULL,NULL,NULL,3,3,4,6,1,1,2,2,1,3,N,NULL,Y,Y,1530,1534,,N,NULL,52,,1,N,,N,N,098-US-0023-0,NULL,NULL,2021,C,7.27099E+11,098-US-0023  -000,HIGH,098-US-0023  -000,23.028,0,0,0,0,0,0,1,1,0,0,0,1,0
72800546,980100,2.022E+11,20220818,1539,,,US23,,,US0023,US0023,0,098 US-23-10,US0023,N,N,NULL,NULL,NULL,N,NULL,NULL,NULL,NULL,NULL,NULL,25.057,NULL,NULL,NULL,NULL,,NULL,0,0,2,2,N,N,55,NULL,98,9801,NULL,,Y,37.48894,37,29.336,NULL,-82.5397,82,32.382,NULL,N,NULL,NULL,NULL,NULL,NULL,NULL,NULL,NULL,8,3,4,6,1,1,2,2,7,3,N,NULL,Y,N,1539,1539,1609,N,NULL,53,,1,N,,N,N,098-US-0023-10,NULL,NULL,2022,O,7.28005E+11,098-US-0023  -010,HIGH,098-US-0023  -000,25.057,0,0,1,0,0,0,1,1,0,0,0,1,0
72689984,KSP0900,21-446094,20211030,1325,,,US23,,,US0023,US0023,0,098 US-23-10,US0023,N,N,NULL,NULL,NULL,N,NULL,NULL,NULL,NULL,NULL,NULL,6.984,NULL,NULL,NULL,NULL,,NULL,0,0,1,1,N,N,55,NULL,98,9809,NULL,,Y,37.30174,37,18.104,NULL,-82.54341,82,32.605,NULL,N,NULL,NULL,NULL,NULL,NULL,NULL,NULL,NULL,9,3,4,2,1,5,6,2,7,3,N,NULL,Y,N,1325,1340,1325,N,NULL,70,,1,N,,N,Y,098-US-0023-10,NULL,NULL,2021,O,7.269E+11,098-US-0023  -010,HIGH,098-US-0023  -000,6.984,0,0,0,0,0,0,0,0,0,0,0,1,0
72692444,KSP0900,21-444178,20211029,2344,,,KY194,,,KY0194,KY0194,0,098 KY-194,KY0194,N,N,NULL,NULL,NULL,N,NULL,NULL,NULL,NULL,NULL,NULL,23.236,NULL,NULL,NULL,NULL,,NULL,0,0,1,1,N,N,55,NULL,98,9817,NULL,,Y,37.53425,37,32.055,NULL,-82.37047,82,22.228,NULL,N,NULL,NULL,NULL,NULL,NULL,NULL,NULL,NULL,9,4,2,3,1,5,6,6,7,3,N,NULL,N,Y,2344,0,30,N,NULL,44,6,0,N,,N,N,098-KY-0194-0,NULL,NULL,2021,O,7.26924E+11,098-KY-0194  -000,HIGH,098-KY-0194  -000,23.236,0,0,0,0,0,0,0,0,1,0,0,1,0
72700333,KSP0900,21-476523,20211121,1850,,,US119,,,US0119,US0119,0,098 US-119,US0119,N,N,NULL,NULL,NULL,N,NULL,NULL,NULL,NULL,NULL,NULL,21.781,NULL,NULL,NULL,NULL,,NULL,0,0,1,1,N,N,55,NULL,98,9836,NULL,,Y,37.63047,37,37.828,NULL,-82.26105,82,15.663,NULL,N,NULL,NULL,NULL,NULL,NULL,NULL,NULL,NULL,9,5,2,3,1,6,6,6,7,3,N,NULL,N,N,1850,1900,1900,N,NULL,51,2,1,N,,N,N,098-US-0119-0,NULL,NULL,2021,O,7.27003E+11,098-US-0119  -000,HIGH,098-US-0119  -000,21.781,0,0,0,0,0,0,0,0,0,0,0,1,0
72756081,980100,2.022E+11,20220426,1529,,,BAIRD,,AVE,KY1426,KY1426,0,098 KY-1426,KY1426,Y,N,NULL,NULL,NULL,N,NULL,NULL,NULL,NULL,NULL,NULL,5.412,NULL,NULL,NULL,NULL,,NULL,0,0,2,2,N,N,NULL,NULL,98,9801,NULL,,Y,37.47303,37,28.382,NULL,-82.52705,82,31.623,NULL,N,NULL,NULL,NULL,NULL,NULL,NULL,NULL,NULL,2,97,0,6,1,1,2,2,1,3,N,NULL,N,N,1529,1536,,N,NULL,90,,0,N,,N,N,098-KY-1426-0,NULL,NULL,2022,O,7.27561E+11,098-KY-1426  -000,HIGH,098-KY-1426  -000,5.412,0,0,1,0,0,0,0,0,0,0,0,0,0
72750358,KSP0900,22-134171,20220413,1815,,,KY1056,,,KY1056,KY1056,0,098 KY-1056,KY1056,N,N,NULL,NULL,NULL,N,NULL,NULL,NULL,NULL,NULL,NULL,10.641,NULL,NULL,NULL,NULL,,NULL,0,0,2,2,Y,N,55,NULL,98,9863,NULL,,Y,37.60884,37,36.531,NULL,-82.16934,82,10.161,NULL,N,NULL,NULL,NULL,NULL,NULL,NULL,NULL,NULL,7,3,2,6,1,1,2,2,7,3,N,NULL,Y,N,1815,1840,1840,N,NULL,54,7,0,N,,N,N,098-KY-1056-0,NULL,NULL,2022,O,7.27504E+11,098-KY-1056  -000,HIGH,098-KY-1056  -000,10.641,0,0,0,0,0,0,0,0,0,0,0,1,0
72774100,KSP0900,22-228385,20220617,1425,,,US119,,,US0119,US0119,0,098 US-119,US0119,N,N,NULL,NULL,NULL,N,NULL,NULL,NULL,NULL,NULL,NULL,23.948,NULL,NULL,NULL,NULL,,NULL,0,0,2,2,N,N,55,NULL,98,9836,NULL,,Y,37.65499,37,39.3,NULL,-82.26974,82,16.184,NULL,N,NULL,NULL,NULL,NULL,NULL,NULL,NULL,NULL,5,3,4,6,1,5,6,2,7,3,N,NULL,N,N,1527,1538,1538,N,NULL,41,2,1,N,,N,N,098-US-0119-0,NULL,NULL,2022,O,7.27741E+11,098-US-0119  -000,HIGH,098-US-0119  -000,23.948,0,0,0,0,0,0,0,0,0,0,0,1,0