MasterFile,AgencyORINumber,LocalCode,CollisionDate,CollisionTime,CollisionDayWeekCode,RoadwayName_HouseBusinessNumber_,RoadwayName_RoadwayName_,RoadwayName_Direction_,RoadwayName_RoadwaySuffix_,RoadwayfromReport,CurrentRoadwayNumber,RoadwayNumberCoupletID,RSEUniqueGIS,RoadwayIdentifier,ParkingLotIndicator,IntersectionWith_Indicator_,IntersectionWith_NameRoadway_,IntersectionWith_Direction_,IntersectionWith_RoadwaySuffix_,BetweenStreets_Indicator_,BetweenStreets1_NameRoadway_,BetweenStreet1_Direction_,BetweenStreets1_RoadwaySuffix_,BetweenStreets2_NameRoadway_,BetweenStreets2_Direction_,BetweenStreets2_RoadwaySuffix_,Milepoint,ReportMilepointDeriveNumber,CurrentDerivedMiepointNumber,MilestoMilepoint,FeettoMilepoint,DirectionfromMilepoint_NSEW_,ValidMilepointIndicator,NumberInjured,NumberKilled,ofUnits,ofMotorVehicleUnits,Hit&RunIndicator,OneWayIndicator,SpeedLimitNumber,KilometersIndicator,CountyCode,CityCountyCode,MilesFromCity,DirectionFromCity_NSEW_,InCityLimitsIndicator,Latitude,LatitudeDegrees,LatitudeMinutes,LatitudeSeconds,Longitude,LongitudeDegrees,LongitudeMinutes,LongitudeSeconds,RampIndicator,RampFromIdentifier,RampFromDirCode,RampFromCoupletID,RSEUniqueGISRampFrom,RampToidentifier,RampToDirCode,RampToCoupletID,RSEUniqueGisRampTo,MannerofCollisionCode,LocationFirstEventCode,TotalLanes,RoadwayCharacterCode,RoadwaySurfaceCode,RoadwayConditionCode,WeatherCode,LightConditionCode,LandUseCode,SchoolBusRelatedCode,FirstAidSceneIndicator,CollDescPresentInd,InvestigationCompleteIndicator,PhotosTakenIndicator,TimeNotified,TimeArrived,TimeRoadwayOpened,PropertyDamageIndicator,DiagramPresentIndicator,DirectionalAnalysis,FunctionClassCode,NationalHwySysCode,EnforcementsIndicator,KARSCityCode,SecondaryCollisionIndicator,MedianCrossoverIndicator,RT_UNIQUE,MapIt,TimeLastLeft,YR,KABCO,MFNY,WorkingRID,RT_CONFIDENCE,KTC_RT,KTC_MP,Motorcyclist,CommercialVehicle,YoungDriver,MatureDriver,pedestrian,Bicyclist,Distracted,agressive,Impaired,Unrestrained,Intersection,RoadwayDeparture,MedXover
72756289,KSP0900,22-158362,20220430,1714,,,COWPEN,,RD,KY2061,KY2061,0,098 KY-2061,KY2061,N,N,NULL,NULL,NULL,N,NULL,NULL,NULL,NULL,NULL,NULL,1.282,NULL,NULL,NULL,NULL,,NULL,1,0,1,1,N,N,35,NULL,98,9807,NULL,,Y,37.54444,37,32.666,NULL,-82.56291,82,33.775,NULL,N,NULL,NULL,NULL,NULL,NULL,NULL,NULL,NULL,9,3,2,6,1,1,2,2,7,3,N,NULL,Y,Y,1714,1749,1830,N,NULL,70,,0,N,,N,N,098-KY-2061-0,NULL,NULL,2022,C,7.27563E+11,098-KY-2061  -000,HIGH,098-KY-2061  -000,1.282,0,0,1,0,0,0,0,0,0,0,0,0,0
72725289,KSP0900,22-34264,20220128,1600,,,US119,,,US0119,US0119,0,098 US-119-10,US0119,N,N,NULL,NULL,NULL,N,NULL,NULL,NULL,NULL,NULL,NULL,24.065,NULL,NULL,NULL,NULL,,NULL,1,0,3,3,N,N,55,NULL,98,9834,NULL,,Y,37.65657,37,39.394,NULL,-82.27071,82,16.243,NULL,N,NULL,NULL,NULL,NULL,NULL,NULL,NULL,NULL,5,3,4,6,1,5,9,2,7,3,N,NULL,Y,Y,1600,1630,1700,N,NULL,49,2,1,N,,N,N,098-US-0119-10,NULL,NULL,2022,B,7.27253E+11,098-US-0119  -010,HIGH,098-US-0119  -000,24.065,0,0,1,0,0,0,1,0,0,0,0,0,0
72764266,KSP0900,2022-181296,20220516,1440,,,PETER FORK,,RD,,,0,098 CR-1527,CR1527,N,N,NULL,NULL,NULL,N,NULL,NULL,NULL,NULL,NULL,NULL,0.559,NULL,NULL,NULL,NULL,,NULL,1,0,2,2,N,N,35,NULL,98,9863,0,N,N,37.58591,37,35.155,NULL,-82.16603,82,9.962,NULL,N,NULL,NULL,NULL,NULL,NULL,NULL,NULL,NULL,5,3,1,6,1,1,2,2,7,3,N,NULL,N,Y,1453,1630,1452,N,NULL,49,,,N,,N,N,098-CR-1527-0,NULL,NULL,2022,A,7.27643E+11,098-CR-1527  -000,HIGH,098-CR-1527  -000,0.559,0,0,0,0,0,0,0,1,0,0,0,0,0
72670685,980100,2.021E+11,20210913,1716,,,US119,,,US0119,US0119,,,,N,N,NULL,NULL,NULL,N,NULL,NULL,NULL,NULL,NULL,NULL,0.052,NULL,NULL,NULL,NULL,,NULL,0,0,2,2,N,N,55,NULL,98,9801,NULL,,Y,37.50397,37,30.238,NULL,-82.53111,82,31.866,NULL,N,NULL,NULL,NULL,NULL,NULL,NULL,NULL,NULL,5,3,6,3,1,1,2,2,7,3,N,NULL,Y,N,1716,1726,1726,N,NULL,49,2,1,N,,N,N,,NULL,NULL,2021,O,7.26707E+11,098-US-0119  -010,MEDIUM,098-US-0119  -000,0.052,0,0,1,0,0,0,0,0,0,0,0,0,0
72735896,980000,22-02-005,20220224,2000,,,PHELPS 632,,RD,KY0632,KY0632,0,098 KY-632,KY0632,Y,N,NULL,NULL,NULL,N,NULL,NULL,NULL,NULL,NULL,NULL,11.626,NULL,NULL,NULL,NULL,,NULL,0,0,2,2,N,N,15,NULL,98,9804,NULL,,Y,37.50188,37,30.113,NULL,-82.18095,82,10.857,NULL,N,NULL,NULL,NULL,NULL,NULL,NULL,NULL,NULL,2,97,2,6,1,5,6,5,8,1,N,NULL,Y,Y,2000,2200,2000,N,NULL,90,6,0,N,,N,N,098-KY-0632-0,NULL,NULL,2022,O,7.27359E+11,098-KY-0632  -000,HIGH,098-KY-0632  -000,11.626,0,1,0,1,0,0,1,0,0,0,0,0,0
72750637,980100,2.022E+11,20220408,1704,,,US23,,,US0023,US0023,0,098 US-23,US0023,N,N,NULL,NULL,NULL,N,NULL,NULL,NULL,NULL,NULL,NULL,26.204,NULL,NULL,NULL,NULL,,NULL,0,0,3,3,N,N,55,NULL,98,9801,NULL,,Y,37.50253,37,30.152,NULL,-82.532,82,31.92,NULL,N,NULL,NULL,NULL,NULL,NULL,NULL,NULL,NULL,5,3,4,6,1,5,3,2,7,3,N,NULL,Y,N,1704,1710,1710,N,NULL,70,,1,N,,N,N,098-US-0023-0,NULL,NULL,2022,O,7.27506E+11,098-US-0023  -000,HIGH,098-US-0023  -000,26.204,0,0,1,0,0,0,1,1,0,0,0,0,0
72780724,980100,2.022E+11,20220623,936,,,US23,,,US0023,US0023,0,098 US-23,US0023,N,N,NULL,NULL,NULL,N,NULL,NULL,NULL,NULL,NULL,NULL,19.813,NULL,NULL,NULL,NULL,,NULL,0,0,1,1,N,N,55,NULL,98,9801,NULL,,Y,37.44999,37,26.999,NULL,-82.50878,82,30.527,NULL,N,NULL,NULL,NULL,NULL,NULL,NULL,NULL,NULL,9,2,4,3,1,1,2,2,7,3,N,NULL,Y,N,936,945,1033,N,NULL,40,,1,N,,N,N,098-US-0023-0,NULL,NULL,2022,O,7.27807E+11,098-US-0023  -000,HIGH,098-US-0023  -000,19.813,0,0,0,1,0,0,0,0,0,0,0,1,0
72783104,980100,2.022E+11,20220701,1114,,,CASSIDY,,BLVD,,,0,098 CS-1191,CS1191,Y,N,NULL,NULL,NULL,N,NULL,NULL,NULL,NULL,NULL,NULL,0.315,NULL,NULL,NULL,NULL,,NULL,0,0,2,2,N,N,15,NULL,98,9801,NULL,,Y,37.5052,37,30.312,NULL,-82.53713,82,32.228,NULL,N,NULL,NULL,NULL,NULL,NULL,NULL,NULL,NULL,5,97,2,6,1,1,2,2,1,3,N,NULL,Y,N,1114,1120,1120,N,NULL,90,,,N,,N,N,098-CS-1191-0,NULL,NULL,2022,O,7.27831E+11,098-CS-1191  -000,HIGH,098-CS-1191  -000,0.315,0,0,0,1,0,0,1,0,0,0,0,0,0
72725153,980100,2.022E+11,20220128,1845,,254,CASSIDY,,BLVD,,,0,098 CS-1191,CS1191,Y,N,NULL,NULL,NULL,N,NULL,NULL,NULL,NULL,NULL,NULL,0.36,NULL,NULL,NULL,NULL,,NULL,0,0,2,2,N,N,15,NULL,98,9801,NULL,,Y,37.50504,37,30.302,NULL,-82.53798,82,32.279,NULL,N,NULL,NULL,NULL,NULL,NULL,NULL,NULL,NULL,8,97,NULL,6,1,4,9,5,1,3,N,NULL,Y,N,1845,1855,1925,N,NULL,90,,,N,,N,N,098-CS-1191-0,NULL,NULL,2022,O,7.27252E+11,098-CS-1191  -000,HIGH,098-CS-1191  -000,0.36,0,0,0,1,0,0,0,0,0,0,0,0,0
72750975,980100,2.022E+11,20220408,1321,,,CASSIDY,,BLVD,,,0,098 CS-1191,CS1191,N,N,NULL,NULL,NULL,N,NULL,NULL,NULL,NULL,NULL,NULL,0.062,NULL,NULL,NULL,NULL,,NULL,2,0,2,2,N,N,35,NULL,98,9801,NULL,,Y,37.50368,37,30.221,NULL,-82.53316,82,31.99,NULL,N,NULL,NULL,NULL,NULL,NULL,NULL,NULL,NULL,1,3,3,6,1,5,8,2,1,3,Y,NULL,Y,Y,1321,1328,1349,N,NULL,55,,,N,,N,N,098-CS-1191-0,NULL,NULL,2022,B,7.2751E+11,098-CS-1191  -000,HIGH,098-CS-1191  -000,0.062,0,0,0,1,0,0,1,0,0,0,0,0,0
72754405,KSP0900,22-149927,20220424,1809,,,KY122,,,KY0122,KY0122,0,098 KY-122,KY0122,N,N,NULL,NULL,NULL,N,NULL,NULL,NULL,NULL,NULL,NULL,8.752,NULL,NULL,NULL,NULL,,NULL,0,0,1,1,N,N,55,NULL,98,9827,NULL,,Y,37.38974,37,23.384,NULL,-82.57045,82,34.227,NULL,N,NULL,NULL,NULL,NULL,NULL,NULL,NULL,NULL,9,3,2,3,1,1,2,2,7,3,N,NULL,N,N,1813,1849,1813,N,NULL,44,,0,N,,N,N,098-KY-0122-0,NULL,NULL,2022,O,7.27544E+11,098-KY-0122  -000,HIGH,098-KY-0122  -000,8.752,0,0,0,0,0,0,1,0,0,0,0,1,0
72732113,980100,2.022E+11,20220215,1718,,,CASSIDY,,BLVD,,,,,,Y,N,NULL,NULL,NULL,N,NULL,NULL,NULL,NULL,NULL,NULL,0.33,NULL,NULL,NULL,NULL,,NULL,0,0,2,2,N,N,NULL,NULL,98,9801,NULL,,Y,37.50522,37,30.313,NULL,-82.53747,82,32.248,NULL,N,NULL,NULL,NULL,NULL,NULL,NULL,NULL,NULL,2,97,2,6,1,1,2,2,1,3,N,NULL,Y,N,1719,1725,1725,N,NULL,90,,,N,,N,N,,NULL,NULL,2022,O,7.27321E+11,098-CS-1191  -000,MEDIUM,098-CS-1191  -000,0.33,0,0,0,1,0,0,1,0,0,0,0,0,0
72728753,980100,2.022E+11,20220131,803,,911,BYPASS,S,RD,KY1426,KY1426,0,098 KY-1426,KY1426,Y,N,NULL,NULL,NULL,N,NULL,NULL,NULL,NULL,NULL,NULL,5.685,NULL,NULL,NULL,NULL,,NULL,0,0,3,3,N,N,NULL,NULL,98,9801,NULL,,Y,37.47274,37,28.365,NULL,-82.52294,82,31.377,NULL,N,NULL,NULL,NULL,NULL,NULL,NULL,NULL,NULL,1,97,0,5,1,1,2,2,1,3,N,NULL,N,N,803,810,,N,NULL,90,,0,N,,N,N,098-KY-1426-0,NULL,NULL,2022,O,7.27288E+11,098-KY-1426  -000,HIGH,098-KY-1426  -000,5.685,0,0,0,0,0,0,0,0,0,0,0,0,0
72736227,980100,2.022E+11,20220228,2218,,,CASSIDY,,BLVD,,,,,,N,N,NULL,NULL,NULL,N,NULL,NULL,NULL,NULL,NULL,NULL,0.351,NULL,NULL,NULL,NULL,,NULL,0,0,1,1,N,N,35,NULL,98,9801,NULL,,Y,37.50517,37,30.31,NULL,-82.53788,82,32.273,NULL,N,NULL,NULL,NULL,NULL,NULL,NULL,NULL,NULL,9,3,2,6,1,1,2,6,1,3,N,NULL,Y,N,2218,2222,2322,N,NULL,44,,,N,,N,N,,NULL,NULL,2022,O,7.27362E+11,098-CS-1191  -000,MEDIUM,098-CS-1191  -000,0.351,0,0,1,0,0,0,0,0,0,0,0,1,0
72718421,980100,2.021E+11,20211226,2257,,628,HAROLDS BRANCH,,RD,,,0,098 CS-1223,CS1223,N,N,NULL,NULL,NULL,N,NULL,NULL,NULL,NULL,NULL,NULL,0.104,NULL,NULL,NULL,NULL,,NULL,0,0,1,1,N,N,35,NULL,98,9801,NULL,,Y,37.47152,37,28.291,NULL,-82.5218,82,31.308,NULL,N,NULL,NULL,NULL,NULL,NULL,NULL,NULL,NULL,9,97,2,4,1,1,3,7,6,3,N,NULL,Y,N,2257,2302,2359,N,NULL,44,,,Y,,N,N,098-CS-1223-0,NULL,NULL,2021,O,7.27184E+11,098-CS-1223  -000,HIGH,098-CS-1223  -000,0.104,0,0,0,0,0,0,1,0,1,0,0,1,0
72712925,KSP0900,21-501801,20211210,1030,,,OLD HOUSE,,BR,,,0,098 CR-1811,CR1811,N,N,NULL,NULL,NULL,N,NULL,NULL,NULL,NULL,NULL,NULL,0.562,NULL,NULL,NULL,NULL,,NULL,0,0,2,2,N,N,5,NULL,98,9879,NULL,,Y,37.52283,37,31.37,NULL,-82.19582,82,11.75,NULL,N,NULL,NULL,NULL,NULL,NULL,NULL,NULL,NULL,2,97,1,6,3,1,2,2,6,3,N,NULL,Y,N,1030,1110,1130,N,NULL,47,,,N,,N,N,098-CR-1811-0,NULL,NULL,2021,O,7.27129E+11,098-CR-1811  -000,HIGH,098-CR-1811  -000,0.562,0,0,0,0,0,0,1,0,0,0,0,0,0
72687206,980100,2.021E+11,20211015,1309,,,CASSIDY,,BLVD,,,,,,Y,N,NULL,NULL,NULL,N,NULL,NULL,NULL,NULL,NULL,NULL,0.263,NULL,NULL,NULL,NULL,,NULL,0,0,2,2,N,N,15,NULL,98,9801,NULL,,Y,37.50466,37,30.279,NULL,-82.53615,82,32.169,NULL,N,NULL,NULL,NULL,NULL,NULL,NULL,NULL,NULL,1,97,1,6,1,1,2,2,1,3,N,NULL,Y,N,1309,1316,1309,N,NULL,90,,,N,,N,N,,NULL,NULL,2021,O,7.26872E+11,098-PS-1015  -000,LOW,098-PS-1015  -000,0.263,0,0,0,1,0,0,1,1,0,0,0,0,0
72779800,980500,2022AR033,20220705,1610,,,US23,,,US0023,US0023,0,098 US-23,US0023,N,N,NULL,NULL,NULL,N,NULL,NULL,NULL,NULL,NULL,NULL,NULL,NULL,NULL,NULL,NULL,NULL,NULL,0,0,2,1,N,N,45,NULL,98,9807,NULL,,Y,37.5206,37,31.236,NULL,-82.5681,82,34.086,NULL,N,NULL,NULL,NULL,NULL,NULL,NULL,NULL,NULL,5,3,6,6,1,5,6,2,7,3,N,NULL,Y,Y,1615,1620,1630,N,NULL,49,,1,Y,,N,N,098-US-0023-0,NULL,NULL,2022,O,7.27798E+11,098-US-0023  -000,HIGH,098-US-0023  -000,28.671,0,0,0,1,0,0,1,0,0,0,0,0,0
72723667,980000,22-01-004,20220124,910,,319,"HWY,319",,,,,,,,N,N,NULL,NULL,NULL,N,NULL,NULL,NULL,NULL,NULL,NULL,NULL,NULL,NULL,NULL,NULL,NULL,NULL,0,0,1,1,N,N,35,NULL,98,9852,2,N,N,37.63724,37,38.234,NULL,-82.25218,82,15.131,NULL,N,NULL,NULL,NULL,NULL,NULL,NULL,NULL,NULL,9,97,2,1,1,2,2,2,7,3,N,NULL,N,Y,910,927,1018,Y,NULL,40,,,N,,N,N,,NULL,NULL,2022,O,7.27237E+11,098-KY-0319  -000,MEDIUM,098-KY-0319  -000,6.481,0,0,0,0,0,0,1,0,0,0,0,1,0
72720127,KSP0900,22-14317,20220112,825,,,KY612,,,KY0612,KY0612,0,098 KY-612,KY0612,N,N,NULL,NULL,NULL,N,NULL,NULL,NULL,NULL,NULL,NULL,7.877,NULL,NULL,NULL,NULL,,NULL,0,0,1,1,N,N,45,NULL,98,9826,NULL,,Y,37.66757,37,40.054,NULL,-82.3073,82,18.438,NULL,N,NULL,NULL,NULL,NULL,NULL,NULL,NULL,NULL,9,3,2,6,1,5,3,2,7,3,N,NULL,Y,N,830,915,1000,N,NULL,40,8,0,N,,N,N,098-KY-0612-0,NULL,NULL,2022,O,7.27201E+11,098-KY-0612  -000,HIGH,098-KY-0612  -000,7.877,0,0,0,0,0,0,1,0,0,0,0,1,0
72745791,KSP0900,22-99037,20220318,1623,,,US23,,,US0023,US0023,0,098 US-23,US0023,N,N,NULL,NULL,NULL,N,NULL,NULL,NULL,NULL,NULL,NULL,30.545,NULL,NULL,NULL,NULL,,NULL,0,0,2,2,N,N,55,NULL,98,9801,NULL,,Y,37.54264,37,32.559,NULL,-82.58575,82,35.145,NULL,N,NULL,NULL,NULL,NULL,NULL,NULL,NULL,NULL,3,5,4,3,1,1,2,2,1,3,N,NULL,Y,N,1605,1640,1640,N,NULL,51,,1,N,,N,N,098-US-0023-0,NULL,NULL,2022,O,7.27458E+11,098-US-0023  -000,HIGH,098-US-0023  -000,30.545,0,0,0,0,0,0,0,0,0,0,0,1,0
72762751,KSP0900,22-182569,20220511,1229,,,US460,,,US0460,US0460,0,098 US-460,US0460,N,N,NULL,NULL,NULL,N,NULL,NULL,NULL,NULL,NULL,NULL,4.011,NULL,NULL,NULL,NULL,,NULL,1,0,1,1,N,N,45,NULL,98,9801,5,S,N,37.41952,37,25.171,NULL,-82.46204,82,27.723,NULL,N,NULL,NULL,NULL,NULL,NULL,NULL,NULL,NULL,9,3,2,3,1,1,2,2,7,3,N,NULL,Y,Y,1229,1236,1236,N,NULL,40,,1,N,,N,N,098-US-0460-0,NULL,NULL,2022,B,7.27628E+11,098-US-0460  -000,HIGH,098-US-0460  -000,4.011,0,0,0,0,0,0,0,0,0,0,0,1,0
72752962,KSP0900,22-143389,20220420,1150,,,KY194,,,KY0194,KY0194,0,098 KY-194,KY0194,N,N,NULL,NULL,NULL,N,NULL,NULL,NULL,NULL,NULL,NULL,15.247,NULL,NULL,NULL,NULL,,NULL,0,0,1,1,N,N,55,NULL,98,9820,NULL,,Y,37.57183,37,34.31,NULL,-82.47835,82,28.701,NULL,N,NULL,NULL,NULL,NULL,NULL,NULL,NULL,NULL,9,6,2,6,1,1,2,2,7,3,N,NULL,Y,N,1155,1200,1220,N,NULL,44,7,0,N,,N,N,098-KY-0194-0,NULL,NULL,2022,O,7.2753E+11,098-KY-0194  -000,HIGH,098-KY-0194  -000,15.247,0,0,0,0,0,0,1,0,0,0,0,1,0
72761628,KSP0900,22-178510,20220514,1543,,,WINDWARD,,LN,,,0,098 CS-3024,CS3024,Y,N,NULL,NULL,NULL,N,NULL,NULL,NULL,NULL,NULL,NULL,0.016,NULL,NULL,NULL,NULL,,NULL,0,0,2,2,N,N,NULL,NULL,98,9807,NULL,,Y,37.51248,37,30.749,NULL,-82.55497,82,33.298,NULL,N,NULL,NULL,NULL,NULL,NULL,NULL,NULL,NULL,2,97,1,6,1,1,2,2,1,3,N,NULL,Y,N,1543,1611,1630,N,NULL,90,,,N,,N,N,098-CS-3024-0,NULL,NULL,2022,O,7.27616E+11,098-CS-3024  -000,HIGH,098-CS-3024  -000,0.016,0,0,0,1,0,0,1,0,0,0,0,0,0
72777054,980200,980200,20220627,1000,,,ELKHORN,,CRK,KY0197,KY0197,0,098 KY-197,KY0197,N,N,NULL,NULL,NULL,N,NULL,NULL,NULL,NULL,NULL,NULL,0.472,NULL,NULL,NULL,NULL,,NULL,1,0,1,1,N,N,55,NULL,98,9867,15.5,S,N,37.21661,37,12.997,NULL,-82.55155,82,33.093,NULL,N,NULL,NULL,NULL,NULL,NULL,NULL,NULL,NULL,9,4,2,1,1,5,3,2,7,3,Y,NULL,Y,Y,1000,1000,1116,N,NULL,51,7,0,N,,N,Y,098-KY-0197-0,NULL,NULL,2022,B,7.27771E+11,098-KY-0197  -000,HIGH,098-KY-0197  -000,0.472,0,0,0,0,0,0,0,0,0,0,0,1,0
72758038,KSP0900,22-163149,20220503,2119,,,PINSONFORK,,RD,,,0,098 CR-1544J,CR1544J,N,N,NULL,NULL,NULL,N,NULL,NULL,NULL,NULL,NULL,NULL,0.921,NULL,NULL,NULL,NULL,,NULL,0,0,2,1,Y,Y,35,NULL,98,9872,NULL,,Y,37.55904,37,33.543,NULL,-82.27966,82,16.78,NULL,N,NULL,NULL,NULL,NULL,NULL,NULL,NULL,NULL,7,3,1,6,1,5,5,6,7,3,N,NULL,N,N,2119,2215,2245,N,NULL,54,,,N,,N,N,098-CR-1544J-0,NULL,NULL,2022,O,7.2758E+11,098-CR-1544J -000,HIGH,098-CR-1544J -000,0.921,0,0,0,0,0,0,0,0,0,0,0,1,0
72795525,KSP0900,22-320260,20220819,330,,3304,CHLOE,,RD,KY1460,KY1460,0,098 KY-1460,KY1460,N,N,NULL,NULL,NULL,N,NULL,NULL,NULL,NULL,NULL,NULL,0.862,NULL,NULL,NULL,NULL,,NULL,0,0,1,1,N,N,45,NULL,98,9801,NULL,,Y,37.44327,37,26.596,NULL,-82.47839,82,28.703,NULL,N,NULL,NULL,NULL,NULL,NULL,NULL,NULL,NULL,9,3,2,5,1,1,2,6,7,3,N,NULL,Y,N,337,351,445,Y,NULL,44,,0,N,,N,N,098-KY-1460-0,NULL,NULL,2022,O,7.27955E+11,098-KY-1460  -000,HIGH,098-KY-1460  -000,0.862,0,0,0,0,0,0,0,0,0,0,0,1,0
72783027,KSP0900,2022-00248103,20220701,436,,,US119,,,US0119,US0119,0,098 US-119,US0119,N,N,NULL,NULL,NULL,N,NULL,NULL,NULL,NULL,NULL,NULL,9.577,NULL,NULL,NULL,NULL,,NULL,0,0,1,1,N,N,55,NULL,98,9820,NULL,,Y,37.57846,37,34.708,NULL,-82.41154,82,24.692,NULL,N,NULL,NULL,NULL,NULL,NULL,NULL,NULL,NULL,9,3,2,6,1,1,3,6,7,3,N,NULL,Y,Y,436,501,,N,NULL,38,2,1,N,,N,N,098-US-0119-0,NULL,NULL,2022,O,7.2783E+11,098-US-0119  -000,HIGH,098-US-0119  -000,9.577,0,0,0,0,0,0,0,0,0,0,0,0,0
72715854,980100,2.021E+11,20211226,1422,,,CASSIDY,,BLVD,,,0,098 CS-1191,CS1191,Y,N,NULL,NULL,NULL,N,NULL,NULL,NULL,NULL,NULL,NULL,0.053,NULL,NULL,NULL,NULL,,NULL,0,0,2,2,N,N,15,NULL,98,9801,NULL,,Y,37.50366,37,30.22,NULL,-82.533,82,31.98,NULL,N,NULL,NULL,NULL,NULL,NULL,NULL,NULL,NULL,6,97,NULL,6,1,1,2,2,1,3,N,NULL,Y,N,1422,1434,,N,NULL,90,,,N,,N,N,098-CS-1191-0,NULL,NULL,2021,O,7.27159E+11,098-CS-1191  -000,HIGH,098-CS-1191  -000,0.053,0,0,0,0,0,0,1,0,0,0,0,0,0
72671760,980100,2.021E+11,20210917,1245,,254,CASSIDY,,BLVD,,,0,098 CS-1191,CS1191,Y,N,NULL,NULL,NULL,N,NULL,NULL,NULL,NULL,NULL,NULL,0.049,NULL,NULL,NULL,NULL,,NULL,0,0,2,2,N,N,NULL,NULL,98,9801,NULL,,Y,37.50368,37,30.221,NULL,-82.53296,82,31.978,NULL,N,NULL,NULL,NULL,NULL,NULL,NULL,NULL,NULL,2,97,1,6,1,1,2,2,1,3,N,NULL,Y,N,1246,1252,1253,N,NULL,90,,,N,,N,N,098-CS-1191-0,NULL,NULL,2021,O,7.26718E+11,098-CS-1191  -000,HIGH,098-CS-1191  -000,0.049,0,0,0,0,0,0,1,0,0,0,0,0,0
72791590,980100,2.022E+11,20220808,1239,,,US23,,,US0023,US0023,0,098 US-23,US0023,N,N,NULL,NULL,NULL,N,NULL,NULL,NULL,NULL,NULL,NULL,25.588,NULL,NULL,NULL,NULL,,NULL,0,0,2,2,N,N,55,NULL,98,9801,NULL,,Y,37.4941,37,29.646,NULL,-82.53255,82,31.953,NULL,N,NULL,NULL,NULL,NULL,NULL,NULL,NULL,NULL,5,3,4,6,1,1,2,2,7,3,N,NULL,Y,N,1239,1249,1249,N,NULL,49,,1,Y,,N,N,098-US-0023-0,NULL,NULL,2022,O,7.27916E+11,098-US-0023  -000,HIGH,098-US-0023  -000,25.588,0,0,0,0,0,0,1,0,0,0,0,0,0
72696310,980100,2.021E+11,20211105,1744,,254,CASSIDY,,BLVD,,,,,,Y,N,NULL,NULL,NULL,N,NULL,NULL,NULL,NULL,NULL,NULL,0.315,NULL,NULL,NULL,NULL,,NULL,0,0,2,2,N,N,NULL,NULL,98,9801,NULL,,Y,37.50539,37,30.323,NULL,-82.53722,82,32.234,NULL,N,NULL,NULL,NULL,NULL,NULL,NULL,NULL,NULL,1,97,NULL,6,1,1,2,2,1,3,N,NULL,Y,N,1744,1751,,N,NULL,90,,,N,,N,N,,NULL,NULL,2021,O,7.26963E+11,098-CS-1191  -000,MEDIUM,098-CS-1191  -000,0.315,0,0,0,1,0,0,0,0,0,0,0,0,0
72711060,KSP0900,21-508773,20211214,1836,,,US23,,,US0023,US0023,0,098 US-23-10,US0023,N,N,NULL,NULL,NULL,N,NULL,NULL,NULL,NULL,NULL,NULL,28.515,NULL,NULL,NULL,NULL,,NULL,0,0,2,2,Y,N,45,NULL,98,9807,NULL,,Y,37.51902,37,31.141,NULL,-82.56613,82,33.968,NULL,N,NULL,NULL,NULL,NULL,NULL,NULL,NULL,NULL,1,3,4,6,1,1,2,5,7,3,N,NULL,Y,N,1844,1844,1844,N,NULL,55,,1,Y,,N,N,098-US-0023-10,NULL,NULL,2021,O,7.27111E+11,098-US-0023  -010,HIGH,098-US-0023  -000,28.515,0,0,1,0,0,0,1,0,0,0,0,0,0
72761803,980100,2.022E+11,20220513,1144,,,BYPASS,S,RD,KY1426,KY1426,0,098 KY-1426,KY1426,Y,N,NULL,NULL,NULL,N,NULL,NULL,NULL,NULL,NULL,NULL,5.616,NULL,NULL,NULL,NULL,,NULL,0,0,2,2,N,N,55,NULL,98,9801,NULL,,Y,37.47248,37,28.349,NULL,-82.52416,82,31.45,NULL,N,NULL,NULL,NULL,NULL,NULL,NULL,NULL,NULL,8,97,2,6,1,1,2,2,5,3,N,NULL,N,N,1144,1149,1149,N,NULL,90,,0,N,,N,N,098-KY-1426-0,NULL,NULL,2022,O,7.27618E+11,098-KY-1426  -000,HIGH,098-KY-1426  -000,5.616,0,0,0,0,0,0,1,0,0,0,0,1,0
72648517,980100,2.021E+11,20210716,1318,,215,CASSIDY BLVD,,,,,,,,Y,N,NULL,NULL,NULL,N,NULL,NULL,NULL,NULL,NULL,NULL,NULL,NULL,NULL,NULL,NULL,,NULL,0,0,2,2,N,N,15,NULL,98,9801,NULL,,Y,37.50454,37,30.273,NULL,-82.53732,82,32.239,NULL,N,NULL,NULL,NULL,NULL,NULL,NULL,NULL,NULL,8,97,1,6,1,1,2,2,1,3,N,NULL,Y,N,1318,1328,1328,N,NULL,90,,,N,,N,N,,NULL,NULL,2021,O,7.26485E+11,098-CS-1191  -000,MEDIUM,098-CS-1191  -000,0.313,0,0,0,0,0,0,0,0,0,0,0,0,0