MasterFile,AgencyORINumber,LocalCode,CollisionDate,CollisionTime,CollisionDayWeekCode,RoadwayName_HouseBusinessNumber_,RoadwayName_RoadwayName_,RoadwayName_Direction_,RoadwayName_RoadwaySuffix_,RoadwayfromReport,CurrentRoadwayNumber,RoadwayNumberCoupletID,RSEUniqueGIS,RoadwayIdentifier,ParkingLotIndicator,IntersectionWith_Indicator_,IntersectionWith_NameRoadway_,IntersectionWith_Direction_,IntersectionWith_RoadwaySuffix_,BetweenStreets_Indicator_,BetweenStreets1_NameRoadway_,BetweenStreet1_Direction_,BetweenStreets1_RoadwaySuffix_,BetweenStreets2_NameRoadway_,BetweenStreets2_Direction_,BetweenStreets2_RoadwaySuffix_,Milepoint,ReportMilepointDeriveNumber,CurrentDerivedMiepointNumber,MilestoMilepoint,FeettoMilepoint,DirectionfromMilepoint_NSEW_,ValidMilepointIndicator,NumberInjured,NumberKilled,ofUnits,ofMotorVehicleUnits,Hit&RunIndicator,OneWayIndicator,SpeedLimitNumber,KilometersIndicator,CountyCode,CityCountyCode,MilesFromCity,DirectionFromCity_NSEW_,InCityLimitsIndicator,Latitude,LatitudeDegrees,LatitudeMinutes,LatitudeSeconds,Longitude,LongitudeDegrees,LongitudeMinutes,LongitudeSeconds,RampIndicator,RampFromIdentifier,RampFromDirCode,RampFromCoupletID,RSEUniqueGISRampFrom,RampToidentifier,RampToDirCode,RampToCoupletID,RSEUniqueGisRampTo,MannerofCollisionCode,LocationFirstEventCode,TotalLanes,RoadwayCharacterCode,RoadwaySurfaceCode,RoadwayConditionCode,WeatherCode,LightConditionCode,LandUseCode,SchoolBusRelatedCode,FirstAidSceneIndicator,CollDescPresentInd,InvestigationCompleteIndicator,PhotosTakenIndicator,TimeNotified,TimeArrived,TimeRoadwayOpened,PropertyDamageIndicator,DiagramPresentIndicator,DirectionalAnalysis,FunctionClassCode,NationalHwySysCode,EnforcementsIndicator,KARSCityCode,SecondaryCollisionIndicator,MedianCrossoverIndicator,RT_UNIQUE,MapIt,TimeLastLeft,YR,KABCO,MFNY,WorkingRID,RT_CONFIDENCE,KTC_RT,KTC_MP,Motorcyclist,CommercialVehicle,YoungDriver,MatureDriver,pedestrian,Bicyclist,Distracted,agressive,Impaired,Unrestrained,Intersection,RoadwayDeparture,MedXover
72735333,KSP0900,22-65701,20220222,1445,,,KY194,,,KY0194,KY0194,0,098 KY-194,KY0194,N,N,NULL,NULL,NULL,N,NULL,NULL,NULL,NULL,NULL,NULL,18.757,NULL,NULL,NULL,NULL,,NULL,0,0,2,2,N,N,55,NULL,98,9817,NULL,,Y,37.55908,37,33.545,NULL,-82.41627,82,24.976,NULL,N,NULL,NULL,NULL,NULL,NULL,NULL,NULL,NULL,3,3,2,3,1,5,6,2,7,3,N,NULL,Y,N,1445,1500,1500,N,NULL,52,6,5,N,,N,N,098-KY-0194-0,NULL,NULL,2022,O,7.27353E+11,098-KY-0194  -000,HIGH,098-KY-0194  -000,18.757,0,0,0,0,0,0,0,0,0,0,0,1,0
72758962,KSP0900,22166500,20220506,830,,,US119,,,US0119,US0119,0,098 US-119,US0119,N,N,NULL,NULL,NULL,N,NULL,NULL,NULL,NULL,NULL,NULL,25.31,NULL,NULL,NULL,NULL,,NULL,0,0,2,2,N,N,55,NULL,98,9834,NULL,,Y,37.67295,37,40.377,NULL,-82.28115,82,16.869,NULL,N,NULL,NULL,NULL,NULL,NULL,NULL,NULL,NULL,5,3,2,6,1,5,6,2,7,3,N,NULL,N,N,830,850,830,N,NULL,49,2,1,N,,N,N,098-US-0119-0,NULL,NULL,2022,O,7.2759E+11,098-US-0119  -000,HIGH,098-US-0119  -000,25.31,0,0,0,1,0,0,1,0,0,0,0,0,0
72760565,980100,2.022E+11,20220510,1931,,911,BYPASS,S,RD,KY1426,KY1426,0,098 KY-1426,KY1426,Y,N,NULL,NULL,NULL,N,NULL,NULL,NULL,NULL,NULL,NULL,5.687,NULL,NULL,NULL,NULL,,NULL,0,0,2,2,N,N,NULL,NULL,98,9801,NULL,,Y,37.47295,37,28.377,NULL,-82.52238,82,31.343,NULL,N,NULL,NULL,NULL,NULL,NULL,NULL,NULL,NULL,2,97,2,6,1,1,2,8,1,3,N,NULL,Y,N,1931,1934,,N,NULL,90,,0,N,,N,N,098-KY-1426-0,NULL,NULL,2022,O,7.27606E+11,098-KY-1426  -000,HIGH,098-KY-1426  -000,5.687,0,0,0,0,0,0,1,0,0,0,0,0,0
72787284,980100,2.022E+11,20220727,927,,,OWSLEY,,RD,KY1384,KY1384,0,098 KY-1384,KY1384,N,N,NULL,NULL,NULL,N,NULL,NULL,NULL,NULL,NULL,NULL,5.81,NULL,NULL,NULL,NULL,,NULL,0,0,1,1,N,N,35,NULL,98,9801,NULL,,Y,37.47768,37,28.661,NULL,-82.55916,82,33.549,NULL,N,NULL,NULL,NULL,NULL,NULL,NULL,NULL,NULL,9,3,2,6,1,5,3,2,7,3,N,NULL,Y,N,927,935,935,N,NULL,38,17,0,N,,N,N,098-KY-1384-0,NULL,NULL,2022,O,7.27873E+11,098-KY-1384  -000,HIGH,098-KY-1384  -000,5.81,0,0,0,0,0,0,0,0,0,0,0,0,0
72792921,980100,2.022E+11,20220809,1002,,,BYPASS,S,RD,KY1426,KY1426,,,,N,Y,COMBS,,AVE,N,NULL,NULL,NULL,NULL,NULL,NULL,6.57,NULL,NULL,NULL,NULL,,NULL,0,0,2,2,N,N,45,NULL,98,9801,NULL,,Y,37.48259,37,28.955,NULL,-82.51357,82,30.814,NULL,N,NULL,NULL,NULL,NULL,NULL,NULL,NULL,NULL,5,3,4,6,1,1,2,2,7,3,N,NULL,Y,N,1002,1002,,N,NULL,35,,0,N,,N,N,,NULL,NULL,2022,O,7.27929E+11,098-KY-1426  -000,HIGH,098-KY-1426  -000,6.57,0,0,0,0,0,0,1,0,0,0,1,0,0
72791350,980100,2.022E+11,20220807,1459,,,US23,,,US0023,US0023,0,098 US-23,US0023,N,N,NULL,NULL,NULL,N,NULL,NULL,NULL,NULL,NULL,NULL,26.281,NULL,NULL,NULL,NULL,,NULL,0,0,2,2,N,N,55,NULL,98,9801,NULL,,Y,37.50363,37,30.218,NULL,-82.53212,82,31.927,NULL,N,NULL,NULL,NULL,NULL,NULL,NULL,NULL,NULL,5,3,4,6,1,1,3,2,7,3,N,NULL,Y,N,1500,1507,1507,N,NULL,70,,1,N,,N,N,098-US-0023-0,NULL,NULL,2022,O,7.27914E+11,098-US-0023  -000,HIGH,098-US-0023  -000,26.281,0,0,0,1,0,0,0,1,0,0,0,0,0
72713285,980100,2.021E+11,20211223,1157,,,THOMPSON,,RD,,,0,098 CS-1215,CS1215,N,N,NULL,NULL,NULL,N,NULL,NULL,NULL,NULL,NULL,NULL,0.429,NULL,NULL,NULL,NULL,,NULL,0,0,2,2,N,N,35,NULL,98,9801,NULL,,Y,37.50637,37,30.382,NULL,-82.54488,82,32.693,NULL,N,NULL,NULL,NULL,NULL,NULL,NULL,NULL,NULL,1,3,3,6,1,1,2,2,7,3,N,NULL,Y,N,1157,1203,1220,N,NULL,55,,,N,,N,N,098-CS-1215-0,NULL,NULL,2021,O,7.27133E+11,098-CS-1215  -000,HIGH,098-CS-1215  -000,0.429,0,0,0,0,0,0,1,0,0,0,0,0,0
72713834,980100,2.021E+11,20211222,2000,,,THOMPSON,,RD,,,,,,Y,N,NULL,NULL,NULL,N,NULL,NULL,NULL,NULL,NULL,NULL,0.477,NULL,NULL,NULL,NULL,,NULL,0,0,2,2,N,N,NULL,NULL,98,9801,NULL,,Y,37.50619,37,30.371,NULL,-82.54404,82,32.643,NULL,N,NULL,NULL,NULL,NULL,NULL,NULL,NULL,NULL,7,97,NULL,6,1,1,2,8,1,3,N,NULL,Y,N,2000,2004,2017,N,NULL,90,,,N,,N,N,,NULL,NULL,2021,O,7.27138E+11,098-CS-1215  -000,MEDIUM,098-CS-1215  -000,0.477,0,0,1,0,0,0,0,0,0,0,0,0,0
72718976,KSP0900,22-04761,20220104,1843,,,US119,,,US0119,US0119,0,098 US-119-10,US0119,N,N,NULL,NULL,NULL,N,NULL,NULL,NULL,NULL,NULL,NULL,25.375,NULL,NULL,NULL,NULL,,NULL,0,0,2,2,N,N,55,NULL,98,9834,NULL,,Y,37.67269,37,40.361,NULL,-82.28114,82,16.869,NULL,N,NULL,NULL,NULL,NULL,NULL,NULL,NULL,NULL,1,3,2,6,1,1,2,6,3,3,N,NULL,Y,Y,1843,1852,1925,N,NULL,55,2,1,N,,N,N,098-US-0119-10,NULL,NULL,2022,O,7.2719E+11,098-US-0119  -010,HIGH,098-US-0119  -000,25.375,0,0,0,0,0,0,0,0,0,0,0,0,0
72765601,370200,2022173981,20220511,1358,,,US23,,,US0023,US0023,0,098 US-23,US0023,Y,N,NULL,NULL,NULL,N,NULL,NULL,NULL,NULL,NULL,NULL,10.305,NULL,NULL,NULL,NULL,,NULL,0,0,2,2,N,N,NULL,NULL,98,9827,NULL,,Y,37.34195,37,20.517,NULL,-82.55062,82,33.037,NULL,N,NULL,NULL,NULL,NULL,NULL,NULL,NULL,NULL,2,97,4,6,1,1,2,2,1,3,N,NULL,N,N,1417,1417,1417,N,NULL,90,,1,Y,,N,N,098-US-0023-0,NULL,NULL,2022,O,7.27656E+11,098-US-0023  -000,HIGH,098-US-0023  -000,10.305,0,1,0,0,0,0,0,0,0,0,0,0,0
72734365,KSP0900,22-66617,20220223,922,,,US119,,,US0119,US0119,0,098 US-119-10,US0119,N,N,NULL,NULL,NULL,N,NULL,NULL,NULL,NULL,NULL,NULL,19.762,NULL,NULL,NULL,NULL,,NULL,0,0,1,1,N,N,55,NULL,98,9814,NULL,,Y,37.61016,37,36.61,NULL,-82.26953,82,16.172,NULL,N,NULL,NULL,NULL,NULL,NULL,NULL,NULL,NULL,9,3,4,3,1,5,6,2,7,3,N,NULL,Y,N,1048,1100,1100,N,NULL,40,2,1,N,,N,Y,098-US-0119-10,NULL,NULL,2022,O,7.27344E+11,098-US-0119  -010,HIGH,098-US-0119  -000,19.762,0,0,0,0,0,0,0,0,0,0,0,1,0
72753219,980100,2.022E+11,20220418,1058,,911,BYPASS,,RD,,,0,098 CS-1223,CS1223,Y,N,NULL,NULL,NULL,N,NULL,NULL,NULL,NULL,NULL,NULL,NULL,NULL,NULL,NULL,NULL,NULL,NULL,0,0,2,2,N,N,NULL,NULL,98,9801,NULL,,Y,37.47128,37,28.277,NULL,-82.52117,82,31.27,NULL,N,NULL,NULL,NULL,NULL,NULL,NULL,NULL,NULL,1,97,1,6,2,1,3,2,1,3,N,NULL,Y,N,1058,1058,1058,N,NULL,90,,,N,,N,N,098-CS-1223-0,NULL,NULL,2022,O,7.27532E+11,098-CS-1223  -000,HIGH,098-CS-1223  -000,0.136,0,0,0,1,0,0,0,0,0,0,0,0,0
72749487,KSP0900,22-129862,20220410,1756,,,KY195,,,KY0195,KY0195,0,098 KY-195,KY0195,N,N,NULL,NULL,NULL,N,NULL,NULL,NULL,NULL,NULL,NULL,9.764,NULL,NULL,NULL,NULL,,NULL,1,0,1,1,N,N,55,NULL,98,9830,NULL,,Y,37.34823,37,20.894,NULL,-82.42388,82,25.433,NULL,N,NULL,NULL,NULL,NULL,NULL,NULL,NULL,NULL,9,3,2,3,1,1,2,2,7,3,Y,NULL,N,N,1757,1819,1757,N,NULL,44,7,0,Y,,N,N,098-KY-0195-0,NULL,NULL,2022,B,7.27495E+11,098-KY-0195  -000,HIGH,098-KY-0195  -000,9.764,1,0,0,0,0,0,1,0,1,0,0,1,0
72778905,KSP0900,22-249876,20220702,900,,,KY194,,,KY0194,KY0194,0,098 KY-194,KY0194,N,N,NULL,NULL,NULL,N,NULL,NULL,NULL,NULL,NULL,NULL,60.643,NULL,NULL,NULL,NULL,,NULL,0,0,1,1,Y,N,35,NULL,98,9811,NULL,,Y,37.56453,37,33.871,NULL,-82.14178,82,8.506,NULL,N,NULL,NULL,NULL,NULL,NULL,NULL,NULL,NULL,9,6,1,6,1,1,2,2,7,3,N,NULL,N,N,1055,1200,1200,Y,NULL,51,7,0,N,,N,N,098-KY-0194-0,NULL,NULL,2022,NULL,7.27789E+11,098-KY-0194  -000,HIGH,098-KY-0194  -000,60.643,0,0,0,0,0,0,0,0,0,0,0,1,0
72682366,980100,2.021E+11,20211012,1549,,,US23,,,US0023,US0023,0,098 US-23-10,US0023,N,N,NULL,NULL,NULL,N,NULL,NULL,NULL,NULL,NULL,NULL,29.619,NULL,NULL,NULL,NULL,,NULL,1,0,3,3,N,N,55,NULL,98,9801,1,N,N,37.53127,37,31.876,NULL,-82.57684,82,34.61,NULL,N,NULL,NULL,NULL,NULL,NULL,NULL,NULL,NULL,8,3,5,6,1,1,2,2,1,3,Y,NULL,Y,Y,1549,1553,1643,N,NULL,53,,1,N,,N,N,098-US-0023-10,NULL,NULL,2021,B,7.26824E+11,098-US-0023  -010,HIGH,098-US-0023  -000,29.619,0,0,0,1,0,0,1,0,0,0,0,1,0
72733077,980100,2.022E+11,20220204,1719,,,OWSLEY,,RD,KY1384,KY1384,0,098 KY-1384,KY1384,N,N,NULL,NULL,NULL,N,NULL,NULL,NULL,NULL,NULL,NULL,6.786,NULL,NULL,NULL,NULL,,NULL,0,0,2,2,N,N,45,NULL,98,9801,NULL,,Y,37.47938,37,28.763,NULL,-82.54292,82,32.575,NULL,N,NULL,NULL,NULL,NULL,NULL,NULL,NULL,NULL,1,3,4,6,1,5,9,2,1,3,N,NULL,Y,N,1719,1721,,N,NULL,55,17,0,N,,N,N,098-KY-1384-0,NULL,NULL,2022,O,7.27331E+11,098-KY-1384  -000,HIGH,098-KY-1384  -000,6.786,0,0,0,0,0,0,1,0,0,0,0,0,0
72731938,KSP0900,22-55697,20220215,800,,,US119,,,US0119,US0119,0,098 US-119,US0119,N,N,NULL,NULL,NULL,N,NULL,NULL,NULL,NULL,NULL,NULL,7.055,NULL,NULL,NULL,NULL,,NULL,0,0,1,1,N,N,55,NULL,98,9820,NULL,,Y,37.54908,37,32.945,NULL,-82.4353,82,26.118,NULL,N,NULL,NULL,NULL,NULL,NULL,NULL,NULL,NULL,9,3,2,2,1,1,2,2,7,3,N,NULL,Y,N,800,820,800,N,NULL,38,2,1,N,,N,N,098-US-0119-0,NULL,NULL,2022,O,7.27319E+11,098-US-0119  -000,HIGH,098-US-0119  -000,7.055,0,0,0,0,0,0,0,0,0,0,0,0,0
72732152,980100,2.022E+11,20220216,949,,911,BYPASS,,RD,,,0,098 CS-1223,CS1223,Y,N,NULL,NULL,NULL,N,NULL,NULL,NULL,NULL,NULL,NULL,NULL,NULL,NULL,NULL,NULL,NULL,NULL,0,0,2,2,N,N,NULL,NULL,98,9801,NULL,,Y,37.47128,37,28.277,NULL,-82.52117,82,31.27,NULL,N,NULL,NULL,NULL,NULL,NULL,NULL,NULL,NULL,2,97,1,6,2,1,2,2,1,3,N,NULL,Y,N,949,951,951,N,NULL,90,,,N,,N,N,098-CS-1223-0,NULL,NULL,2022,O,7.27322E+11,098-CS-1223  -000,HIGH,098-CS-1223  -000,0.136,0,0,0,1,0,0,1,0,0,0,0,0,0
72647002,980500,2021AR026,20210713,1720,,,WEDDINGTON SQUARE PARKING LOT,,,,,,,,Y,N,NULL,NULL,NULL,N,NULL,NULL,NULL,NULL,NULL,NULL,NULL,NULL,NULL,NULL,NULL,NULL,NULL,0,0,2,2,N,N,15,NULL,98,9807,NULL,,Y,37.52804,37,31.682,NULL,-82.57551,82,34.53,NULL,N,NULL,NULL,NULL,NULL,NULL,NULL,NULL,NULL,6,97,NULL,6,1,1,2,2,1,3,N,NULL,Y,Y,1728,1731,1741,N,NULL,90,,,N,,N,N,,NULL,NULL,2021,O,7.2647E+11,098-US-0023  -010,MEDIUM,098-US-0023  -000,29.346,0,0,0,0,0,0,1,0,0,0,0,0,0
72785390,980100,2.022E+11,20220718,1040,,,CASSIDY,,BLVD,,,0,098 CS-1191,CS1191,N,N,NULL,NULL,NULL,N,NULL,NULL,NULL,NULL,NULL,NULL,0.268,NULL,NULL,NULL,NULL,,NULL,0,0,2,2,N,N,25,NULL,98,9801,NULL,,Y,37.50471,37,30.283,NULL,-82.53622,82,32.174,NULL,N,NULL,NULL,NULL,NULL,NULL,NULL,NULL,NULL,8,3,5,6,1,5,6,2,1,3,N,NULL,Y,N,1040,1203,,N,NULL,53,,,N,,N,N,098-CS-1191-0,NULL,NULL,2022,O,7.27854E+11,098-CS-1191  -000,HIGH,098-CS-1191  -000,0.268,0,0,0,1,0,0,1,1,0,0,0,1,0
72718575,980100,2.022E+11,20220108,1407,,,CASSIDY,,BLVD,,,,,,Y,N,NULL,NULL,NULL,N,NULL,NULL,NULL,NULL,NULL,NULL,0.262,NULL,NULL,NULL,NULL,,NULL,0,0,2,2,N,N,15,NULL,98,9801,NULL,,Y,37.50466,37,30.279,NULL,-82.53614,82,32.169,NULL,N,NULL,NULL,NULL,NULL,NULL,NULL,NULL,NULL,2,97,1,6,1,5,2,2,1,3,N,NULL,Y,N,1407,1416,1416,N,NULL,90,,,N,,N,N,,NULL,NULL,2022,O,7.27186E+11,098-PS-1015  -000,LOW,098-PS-1015  -000,0.262,0,0,0,1,0,0,1,0,0,0,0,0,0
72764481,980100,2.022E+11,20220511,1226,,,BYPASS,S,RD,KY1426,KY1426,0,098 KY-1426,KY1426,Y,N,NULL,NULL,NULL,N,NULL,NULL,NULL,NULL,NULL,NULL,5.673,NULL,NULL,NULL,NULL,,NULL,0,0,2,2,N,N,15,NULL,98,9801,NULL,,Y,37.47269,37,28.362,NULL,-82.52315,82,31.389,NULL,N,NULL,NULL,NULL,NULL,NULL,NULL,NULL,NULL,2,97,1,6,2,1,2,2,1,3,N,NULL,Y,N,1226,1235,1235,N,NULL,90,,0,N,,N,N,098-KY-1426-0,NULL,NULL,2022,O,7.27645E+11,098-KY-1426  -000,HIGH,098-KY-1426  -000,5.673,0,0,0,1,0,0,1,0,0,0,0,0,0
72765919,980100,2.022E+11,20220526,901,,,KY1426,,,KY1426,KY1426,0,098 KY-1426,KY1426,N,N,NULL,NULL,NULL,N,NULL,NULL,NULL,NULL,NULL,NULL,7.575,NULL,NULL,NULL,NULL,,NULL,0,0,2,2,N,N,45,NULL,98,9801,NULL,,Y,37.49027,37,29.416,NULL,-82.49807,82,29.884,NULL,N,NULL,NULL,NULL,NULL,NULL,NULL,NULL,NULL,5,3,2,6,1,5,3,2,7,3,N,NULL,Y,N,901,911,911,N,NULL,49,,0,N,,N,N,098-KY-1426-0,NULL,NULL,2022,O,7.27659E+11,098-KY-1426  -000,HIGH,098-KY-1426  -000,7.575,0,0,0,0,0,0,0,0,0,0,0,0,0
72766363,KSP0900,22-196291,20220527,701,,,ELKHORN,,CRK,KY0197,KY0197,0,098 KY-197,KY0197,N,N,NULL,NULL,NULL,N,NULL,NULL,NULL,NULL,NULL,NULL,10.792,NULL,NULL,NULL,NULL,,NULL,0,0,1,1,N,N,55,NULL,98,9802,5,W,N,37.27007,37,16.204,NULL,-82.41906,82,25.144,NULL,N,NULL,NULL,NULL,NULL,NULL,NULL,NULL,NULL,9,5,2,3,1,5,2,2,7,3,N,NULL,Y,N,701,724,724,N,NULL,51,7,0,N,,N,N,098-KY-0197-0,NULL,NULL,2022,O,7.27664E+11,098-KY-0197  -000,HIGH,098-KY-0197  -000,10.792,0,0,0,0,0,0,0,0,0,0,0,1,0
72747097,980100,2.022E+11,20220329,2103,,,SAAD,,AVE,,,0,098 CS-1165,CS1165,N,N,NULL,NULL,NULL,N,NULL,NULL,NULL,NULL,NULL,NULL,0.065,NULL,NULL,NULL,NULL,,NULL,0,0,2,2,N,Y,10,NULL,98,9801,NULL,,Y,37.48243,37,28.946,NULL,-82.51991,82,31.195,NULL,N,NULL,NULL,NULL,NULL,NULL,NULL,NULL,NULL,2,3,1,4,1,1,2,6,6,3,N,NULL,Y,N,2116,2119,2201,N,NULL,47,,,N,,N,N,098-CS-1165-0,NULL,NULL,2022,O,7.27471E+11,098-CS-1165  -000,HIGH,098-CS-1165  -000,0.065,0,0,0,0,0,0,0,0,0,0,0,0,0
72747991,KSP0900,22-124790,20220406,1945,,,KY3417,,,KY3417,KY3417,,,,N,N,NULL,NULL,NULL,N,NULL,NULL,NULL,NULL,NULL,NULL,0.376,NULL,NULL,NULL,NULL,,NULL,1,0,1,1,N,N,35,NULL,98,9801,NULL,,Y,37.46671,37,28.002,NULL,-82.5582,82,33.492,NULL,N,NULL,NULL,NULL,NULL,NULL,NULL,NULL,NULL,9,3,2,1,1,5,6,6,7,3,N,NULL,Y,Y,1945,1955,2030,N,NULL,70,17,0,N,,N,N,,NULL,NULL,2022,C,7.2748E+11,098-KY-3417  -000,HIGH,098-KY-3417  -000,0.376,0,0,1,0,0,0,0,1,0,0,0,1,0
72762438,KSP0900,22-169139,20220507,2223,,,FERRELLS CREEK,,RD,US0460,US0460,0,098 US-460,US0460,N,N,NULL,NULL,NULL,N,NULL,NULL,NULL,NULL,NULL,NULL,23.939,NULL,NULL,NULL,NULL,,NULL,2,0,2,2,Y,N,55,NULL,98,9847,NULL,,Y,37.36684,37,22.01,NULL,-82.24226,82,14.535,NULL,N,NULL,NULL,NULL,NULL,NULL,NULL,NULL,NULL,3,3,2,3,1,1,2,6,7,3,Y,NULL,Y,Y,2226,2253,10,N,NULL,52,,1,N,,N,N,098-US-0460-0,NULL,NULL,2022,C,7.27624E+11,098-US-0460  -000,HIGH,098-US-0460  -000,23.939,0,0,0,0,0,0,0,0,0,0,0,1,0
72800736,980100,2.022E+11,20220902,1602,,,BYPASS,S,RD,KY1426,KY1426,,,,N,N,NULL,NULL,NULL,N,NULL,NULL,NULL,NULL,NULL,NULL,5.578,NULL,NULL,NULL,NULL,,NULL,0,0,2,2,N,N,45,NULL,98,9801,NULL,,Y,37.47239,37,28.343,NULL,-82.52484,82,31.491,NULL,N,NULL,NULL,NULL,NULL,NULL,NULL,NULL,NULL,1,3,2,3,1,1,2,2,7,3,N,NULL,Y,N,1602,1623,1623,N,NULL,55,,0,Y,,N,N,,NULL,NULL,2022,O,7.28007E+11,098-KY-1426  -000,HIGH,098-KY-1426  -000,5.578,0,0,0,1,0,0,1,0,0,0,0,0,0
72715994,KSP0900,2021-523686,20211226,1300,,,KY292,,,KY0292,KY0292,0,098 KY-292,KY0292,N,N,NULL,NULL,NULL,N,NULL,NULL,NULL,NULL,NULL,NULL,3.048,NULL,NULL,NULL,NULL,,NULL,0,0,2,2,N,N,45,NULL,98,9869,NULL,,Y,37.66073,37,39.644,NULL,-82.24084,82,14.45,NULL,N,NULL,NULL,NULL,NULL,NULL,NULL,NULL,NULL,7,3,2,2,1,5,2,2,7,3,N,NULL,Y,N,1300,1300,1300,N,NULL,54,8,0,N,,N,N,098-KY-0292-0,NULL,NULL,2021,O,7.2716E+11,098-KY-0292  -000,HIGH,098-KY-0292  -000,3.048,0,0,0,0,0,0,0,0,0,0,0,1,0
72661328,KSP0900,21-345226,20210819,801,,,KY3174,,,KY3174,KY3174,0,098 KY-3174,KY3174,N,N,NULL,NULL,NULL,N,NULL,NULL,NULL,NULL,NULL,NULL,0.582,NULL,NULL,NULL,NULL,,NULL,0,0,1,1,N,N,55,NULL,98,9801,NULL,,Y,37.39266,37,23.56,NULL,-82.52114,82,31.268,NULL,N,NULL,NULL,NULL,NULL,NULL,NULL,NULL,NULL,9,3,4,6,1,5,6,2,7,3,N,NULL,Y,N,801,846,846,N,NULL,70,,0,N,,N,N,098-KY-3174-0,NULL,NULL,2021,O,7.26613E+11,098-KY-3174  -000,HIGH,098-KY-3174  -000,0.582,0,0,0,0,0,0,0,0,0,0,0,1,0
72774303,980100,2.022E+11,20220617,1551,,,KY3496,,,KY3496,KY3496,0,098 KY-3496,KY3496,Y,N,NULL,NULL,NULL,N,NULL,NULL,NULL,NULL,NULL,NULL,0.411,NULL,NULL,NULL,NULL,,NULL,0,0,2,2,N,N,35,NULL,98,9801,NULL,,Y,37.46889,37,28.133,NULL,-82.53357,82,32.014,NULL,N,NULL,NULL,NULL,NULL,NULL,NULL,NULL,NULL,4,97,1,6,1,5,6,2,8,3,N,NULL,Y,N,1551,1606,1606,N,NULL,90,16,0,N,,N,N,098-KY-3496-0,NULL,NULL,2022,O,7.27743E+11,098-KY-3496  -000,HIGH,098-KY-3496  -000,0.411,0,0,0,0,0,0,1,0,0,0,0,0,0
72777546,KSP0900,22-244102,20220628,1026,,,KY1056,,,KY1056,KY1056,0,098 KY-1056,KY1056,N,N,NULL,NULL,NULL,N,NULL,NULL,NULL,NULL,NULL,NULL,5.532,NULL,NULL,NULL,NULL,,NULL,0,0,1,1,N,N,45,NULL,98,9879,NULL,,Y,37.56052,37,33.632,NULL,-82.19228,82,11.537,NULL,N,NULL,NULL,NULL,NULL,NULL,NULL,NULL,NULL,9,3,2,6,1,1,2,2,7,3,N,NULL,Y,N,1028,1033,1100,N,NULL,44,7,0,Y,,N,N,098-KY-1056-0,NULL,NULL,2022,O,7.27775E+11,098-KY-1056  -000,HIGH,098-KY-1056  -000,5.532,0,0,0,0,0,0,1,0,1,1,0,1,0
72796799,KSP0900,22-323831,20220821,1700,,,US23,,,US0023,US0023,,,,N,N,NULL,NULL,NULL,N,NULL,NULL,NULL,NULL,NULL,NULL,12.363,NULL,NULL,NULL,NULL,,NULL,3,0,2,2,N,N,55,NULL,98,9801,0.6,S,N,37.36669,37,22.001,NULL,-82.54937,82,32.962,NULL,N,NULL,NULL,NULL,NULL,NULL,NULL,NULL,NULL,1,3,4,3,1,1,2,2,7,3,Y,NULL,Y,Y,1700,1700,1700,N,NULL,55,,1,N,,N,N,,NULL,NULL,2022,C,7.27968E+11,098-US-0023  -010,MEDIUM,098-US-0023  -000,12.363,0,0,0,0,0,0,1,0,0,0,0,0,0
72739513,980100,2.022E+11,20220305,1214,,,CASSIDY,,BLVD,,,0,098 CS-1191,CS1191,Y,N,NULL,NULL,NULL,N,NULL,NULL,NULL,NULL,NULL,NULL,0.064,NULL,NULL,NULL,NULL,,NULL,0,0,2,2,N,N,15,NULL,98,9801,NULL,,Y,37.50367,37,30.22,NULL,-82.53319,82,31.991,NULL,N,NULL,NULL,NULL,NULL,NULL,NULL,NULL,NULL,1,97,NULL,6,1,1,2,2,1,3,N,NULL,Y,N,1214,1221,,N,NULL,90,,,N,,N,N,098-CS-1191-0,NULL,NULL,2022,O,7.27395E+11,098-CS-1191  -000,HIGH,098-CS-1191  -000,0.064,0,0,0,1,0,0,0,0,0,1,0,0,0
72734045,KSP0900,22-64886,20220221,2045,,,KY632,,,KY0632,KY0632,0,098 KY-632,KY0632,N,N,NULL,NULL,NULL,N,NULL,NULL,NULL,NULL,NULL,NULL,3.794,NULL,NULL,NULL,NULL,,NULL,3,0,1,1,N,N,55,NULL,98,9817,NULL,,Y,37.48624,37,29.174,NULL,-82.29364,82,17.618,NULL,N,NULL,NULL,NULL,NULL,NULL,NULL,NULL,NULL,9,3,2,6,1,1,2,6,7,3,Y,NULL,Y,Y,2045,2113,2155,N,NULL,44,6,0,N,,N,N,098-KY-0632-0,NULL,NULL,2022,A,7.2734E+11,098-KY-0632  -000,HIGH,098-KY-0632  -000,3.794,0,0,0,0,0,0,0,0,0,0,0,1,0
72770533,980100,2.022E+11,20220608,1004,,,HAROLDS BRANCH,,RD,,,0,098 CS-1223,CS1223,N,N,NULL,NULL,NULL,N,NULL,NULL,NULL,NULL,NULL,NULL,0.128,NULL,NULL,NULL,NULL,,NULL,0,0,1,1,N,N,25,NULL,98,9801,NULL,,Y,37.47148,37,28.289,NULL,-82.52116,82,31.27,NULL,N,NULL,NULL,NULL,NULL,NULL,NULL,NULL,NULL,9,3,1,6,1,1,2,2,7,3,N,NULL,Y,N,1004,1008,1008,N,NULL,40,,,N,,N,N,098-CS-1223-0,NULL,NULL,2022,O,7.27705E+11,098-CS-1223  -000,HIGH,098-CS-1223  -000,0.128,0,0,1,0,0,0,0,0,0,0,0,1,0