MasterFile,AgencyORINumber,LocalCode,CollisionDate,CollisionTime,CollisionDayWeekCode,RoadwayName_HouseBusinessNumber_,RoadwayName_RoadwayName_,RoadwayName_Direction_,RoadwayName_RoadwaySuffix_,RoadwayfromReport,CurrentRoadwayNumber,RoadwayNumberCoupletID,RSEUniqueGIS,RoadwayIdentifier,ParkingLotIndicator,IntersectionWith_Indicator_,IntersectionWith_NameRoadway_,IntersectionWith_Direction_,IntersectionWith_RoadwaySuffix_,BetweenStreets_Indicator_,BetweenStreets1_NameRoadway_,BetweenStreet1_Direction_,BetweenStreets1_RoadwaySuffix_,BetweenStreets2_NameRoadway_,BetweenStreets2_Direction_,BetweenStreets2_RoadwaySuffix_,Milepoint,ReportMilepointDeriveNumber,CurrentDerivedMiepointNumber,MilestoMilepoint,FeettoMilepoint,DirectionfromMilepoint_NSEW_,ValidMilepointIndicator,NumberInjured,NumberKilled,ofUnits,ofMotorVehicleUnits,Hit&RunIndicator,OneWayIndicator,SpeedLimitNumber,KilometersIndicator,CountyCode,CityCountyCode,MilesFromCity,DirectionFromCity_NSEW_,InCityLimitsIndicator,Latitude,LatitudeDegrees,LatitudeMinutes,LatitudeSeconds,Longitude,LongitudeDegrees,LongitudeMinutes,LongitudeSeconds,RampIndicator,RampFromIdentifier,RampFromDirCode,RampFromCoupletID,RSEUniqueGISRampFrom,RampToidentifier,RampToDirCode,RampToCoupletID,RSEUniqueGisRampTo,MannerofCollisionCode,LocationFirstEventCode,TotalLanes,RoadwayCharacterCode,RoadwaySurfaceCode,RoadwayConditionCode,WeatherCode,LightConditionCode,LandUseCode,SchoolBusRelatedCode,FirstAidSceneIndicator,CollDescPresentInd,InvestigationCompleteIndicator,PhotosTakenIndicator,TimeNotified,TimeArrived,TimeRoadwayOpened,PropertyDamageIndicator,DiagramPresentIndicator,DirectionalAnalysis,FunctionClassCode,NationalHwySysCode,EnforcementsIndicator,KARSCityCode,SecondaryCollisionIndicator,MedianCrossoverIndicator,RT_UNIQUE,MapIt,TimeLastLeft,YR,KABCO,MFNY,WorkingRID,RT_CONFIDENCE,KTC_RT,KTC_MP,Motorcyclist,CommercialVehicle,YoungDriver,MatureDriver,pedestrian,Bicyclist,Distracted,agressive,Impaired,Unrestrained,Intersection,RoadwayDeparture,MedXover
72755095,KSP0900,22-149811,20220424,1652,,,ELKHORN,,CRK,KY0197,KY0197,,,,N,N,NULL,NULL,NULL,N,NULL,NULL,NULL,NULL,NULL,NULL,11.615,NULL,NULL,NULL,NULL,,NULL,1,0,1,1,N,N,45,NULL,98,9802,NULL,,Y,37.27039,37,16.224,NULL,-82.40911,82,24.547,NULL,N,NULL,NULL,NULL,NULL,NULL,NULL,NULL,NULL,9,3,2,3,1,1,2,2,6,3,Y,NULL,Y,Y,1652,1706,1706,N,NULL,44,7,0,N,,N,N,,NULL,NULL,2022,C,7.27551E+11,098-KY-0197  -000,HIGH,098-KY-0197  -000,11.615,0,0,0,1,0,0,0,0,0,1,0,1,0
72755772,980100,2.022E+11,20220429,1423,,120,JUSTICE WAY,,RD,,,0,098 CS-1215,CS1215,Y,N,NULL,NULL,NULL,N,NULL,NULL,NULL,NULL,NULL,NULL,NULL,NULL,NULL,NULL,NULL,NULL,NULL,0,0,2,2,N,N,NULL,NULL,98,9801,NULL,,Y,37.50715,37,30.429,NULL,-82.54703,82,32.821,NULL,N,NULL,NULL,NULL,NULL,NULL,NULL,NULL,NULL,2,97,1,6,1,1,2,2,1,3,N,NULL,Y,N,1427,1429,1429,N,NULL,90,,,N,,N,N,098-CS-1215-0,NULL,NULL,2022,O,7.27558E+11,098-CS-1215  -000,HIGH,098-CS-1215  -000,0.31,0,0,0,0,0,0,1,0,0,0,0,0,0
72739458,980100,2.022E+11,20220304,1831,,,US23,,,US0023,US0023,0,098 US-23,US0023,N,N,NULL,NULL,NULL,N,NULL,NULL,NULL,NULL,NULL,NULL,22.223,NULL,NULL,NULL,NULL,,NULL,0,0,1,1,N,N,55,NULL,98,9801,NULL,,Y,37.46108,37,27.665,NULL,-82.51694,82,31.016,NULL,N,NULL,NULL,NULL,NULL,NULL,NULL,NULL,NULL,9,3,4,6,1,1,2,2,1,3,N,NULL,Y,N,1831,1841,,N,NULL,41,,1,N,,N,N,098-US-0023-0,NULL,NULL,2022,O,7.27395E+11,098-US-0023  -000,HIGH,098-US-0023  -000,22.223,0,0,0,0,0,0,0,0,0,0,0,1,0
72727617,KSP0900,22-42297,20220204,1050,,,FISHTRAP,,RD,KY1441,KY1441,0,098 KY-1441,KY1441,N,N,NULL,NULL,NULL,N,NULL,NULL,NULL,NULL,NULL,NULL,6.453,NULL,NULL,NULL,NULL,,NULL,0,0,2,2,Y,N,35,NULL,98,9839,NULL,,Y,37.47439,37,28.463,NULL,-82.42728,82,25.637,NULL,N,NULL,NULL,NULL,NULL,NULL,NULL,NULL,NULL,7,3,2,6,1,5,8,2,2,3,N,NULL,Y,N,1053,1125,1125,N,NULL,54,8,0,N,,N,N,098-KY-1441-0,NULL,NULL,2022,O,7.27276E+11,098-KY-1441  -000,HIGH,098-KY-1441  -000,6.453,0,0,0,0,0,0,0,0,0,0,0,1,0
72731055,980100,2.022E+11,20220214,1007,,,BYPASS,S,RD,KY1426,KY1426,0,098 KY-1426,KY1426,Y,N,NULL,NULL,NULL,N,NULL,NULL,NULL,NULL,NULL,NULL,6.106,NULL,NULL,NULL,NULL,,NULL,0,0,2,2,N,N,NULL,NULL,98,9801,NULL,,Y,37.47677,37,28.606,NULL,-82.5172,82,31.032,NULL,N,NULL,NULL,NULL,NULL,NULL,NULL,NULL,NULL,1,97,0,5,1,1,3,2,5,3,N,NULL,Y,N,1007,1016,,N,NULL,90,,0,N,,N,N,098-KY-1426-0,NULL,NULL,2022,O,7.27311E+11,098-KY-1426  -000,HIGH,098-KY-1426  -000,6.106,0,0,0,1,0,0,0,0,0,0,0,0,0
72748474,980000,22-04-003,20220407,1535,,,US119,,,US0119,US0119,0,098 US-119-10,US0119,N,N,NULL,NULL,NULL,N,NULL,NULL,NULL,NULL,NULL,NULL,1.989,NULL,NULL,NULL,NULL,,NULL,0,0,2,2,N,N,55,NULL,98,9801,NULL,,Y,37.51252,37,30.751,NULL,-82.49989,82,29.993,NULL,N,NULL,NULL,NULL,NULL,NULL,NULL,NULL,NULL,5,3,2,1,1,1,3,2,7,3,N,NULL,Y,Y,1535,1540,1540,N,NULL,49,2,1,N,,N,N,098-US-0119-10,NULL,NULL,2022,O,7.27485E+11,098-US-0119  -010,HIGH,098-US-0119  -000,1.989,0,0,1,0,0,0,1,1,0,0,0,0,0
72728613,KSP0900,22-39736,20220202,347,,,LEFT FORK DRY,,FRK,,,0,098 CR-1240,CR1240,N,N,NULL,NULL,NULL,N,NULL,NULL,NULL,NULL,NULL,NULL,0.435,NULL,NULL,NULL,NULL,,NULL,0,0,1,1,N,N,35,NULL,98,9802,4,S,N,37.3228,37,19.368,NULL,-82.42788,82,25.673,NULL,N,NULL,NULL,NULL,NULL,NULL,NULL,NULL,NULL,9,97,1,2,1,5,2,6,7,3,N,NULL,Y,N,347,432,347,N,NULL,44,,,N,,N,N,098-CR-1240-0,NULL,NULL,2022,O,7.27286E+11,098-CR-1240  -000,HIGH,098-CR-1240  -000,0.435,0,0,0,0,0,0,0,0,0,0,0,1,0
72743125,KSP0900,2022-100433,20220319,1708,,,GREASY,,CRK,,,0,098 CR-1256,CR1256,N,N,NULL,NULL,NULL,N,NULL,NULL,NULL,NULL,NULL,NULL,1.032,NULL,NULL,NULL,NULL,,NULL,0,0,2,2,N,N,35,NULL,98,9824,NULL,,Y,37.36974,37,22.185,NULL,-82.48804,82,29.282,NULL,N,NULL,NULL,NULL,NULL,NULL,NULL,NULL,NULL,8,3,2,6,1,1,2,2,7,3,N,NULL,N,N,1930,1949,1949,N,NULL,53,,,N,,N,N,098-CR-1256-0,NULL,NULL,2022,O,7.27431E+11,098-CR-1256  -000,HIGH,098-CR-1256  -000,1.032,0,0,0,0,0,0,1,0,0,0,0,1,0
72751952,KSP0900,22-140264,20220418,326,,,US23,,,US0023,US0023,0,098 US-23,US0023,N,N,NULL,NULL,NULL,N,NULL,NULL,NULL,NULL,NULL,NULL,27.803,NULL,NULL,NULL,NULL,,NULL,2,0,2,2,N,N,55,NULL,98,9807,NULL,,Y,37.51325,37,30.795,NULL,-82.55554,82,33.332,NULL,N,NULL,NULL,NULL,NULL,NULL,NULL,NULL,NULL,5,3,4,6,1,5,6,6,7,3,Y,NULL,Y,Y,330,336,517,N,NULL,49,,1,Y,,N,N,098-US-0023-0,NULL,NULL,2022,C,7.2752E+11,098-US-0023  -000,HIGH,098-US-0023  -000,27.803,0,0,0,0,0,0,0,0,1,1,0,0,0
72766285,980100,2.022E+11,20220523,1258,,,CASSIDY,,BLVD,,,0,098 CS-1191,CS1191,Y,N,NULL,NULL,NULL,N,NULL,NULL,NULL,NULL,NULL,NULL,0.24,NULL,NULL,NULL,NULL,,NULL,0,0,2,2,N,N,NULL,NULL,98,9801,NULL,,Y,37.50441,37,30.264,NULL,-82.5358,82,32.148,NULL,N,NULL,NULL,NULL,NULL,NULL,NULL,NULL,NULL,2,97,NULL,6,1,5,6,2,1,3,N,NULL,Y,N,1258,1312,1312,N,NULL,90,,,N,,N,N,098-CS-1191-0,NULL,NULL,2022,O,7.27663E+11,098-CS-1191  -000,HIGH,098-CS-1191  -000,0.24,0,0,0,1,0,0,1,0,0,0,0,0,0
72796849,980100,2.022E+11,20220809,928,,,KY1426,,,KY1426,KY1426,0,098 KY-1426,KY1426,N,N,NULL,NULL,NULL,N,NULL,NULL,NULL,NULL,NULL,NULL,7.07,NULL,NULL,NULL,NULL,,NULL,0,0,2,2,N,N,55,NULL,98,9801,NULL,,Y,37.48777,37,29.266,NULL,-82.50712,82,30.427,NULL,N,NULL,NULL,NULL,NULL,NULL,NULL,NULL,NULL,5,3,2,6,1,1,2,2,1,3,N,NULL,Y,N,928,930,,N,NULL,49,,0,N,,N,N,098-KY-1426-0,NULL,NULL,2022,O,7.27968E+11,098-KY-1426  -000,HIGH,098-KY-1426  -000,7.07,0,0,0,0,0,0,1,0,0,0,0,0,0
72750442,KSP0900,22-114871,20220330,1445,,,KY1056,,,KY1056,KY1056,0,098 KY-1056,KY1056,N,N,NULL,NULL,NULL,N,NULL,NULL,NULL,NULL,NULL,NULL,11.403,NULL,NULL,NULL,NULL,,NULL,3,0,2,2,N,N,35,NULL,98,9863,NULL,,Y,37.61871,37,37.122,NULL,-82.16588,82,9.953,NULL,N,NULL,NULL,NULL,NULL,NULL,NULL,NULL,NULL,1,3,2,1,1,1,3,2,7,3,Y,NULL,Y,Y,1446,1450,1545,N,NULL,55,7,0,N,,N,N,098-KY-1056-0,NULL,NULL,2022,B,7.27504E+11,098-KY-1056  -000,HIGH,098-KY-1056  -000,11.403,0,0,0,0,0,0,1,0,0,0,0,0,0
72729767,KSP0900,22-48699,20220209,1918,,,KY194,,,KY0194,KY0194,0,098 KY-194,KY0194,N,N,NULL,NULL,NULL,N,NULL,NULL,NULL,NULL,NULL,NULL,28.659,NULL,NULL,NULL,NULL,,NULL,1,0,1,1,N,N,55,NULL,98,9849,NULL,,Y,37.47144,37,28.286,NULL,-82.35301,82,21.181,NULL,N,NULL,NULL,NULL,NULL,NULL,NULL,NULL,NULL,9,6,2,5,1,1,2,6,7,3,Y,NULL,Y,Y,1925,1955,2030,N,NULL,40,7,0,N,,N,N,098-KY-0194-0,NULL,NULL,2022,B,7.27298E+11,098-KY-0194  -000,HIGH,098-KY-0194  -000,28.659,0,0,0,0,0,0,0,0,0,0,0,1,0
72717273,980100,2.022E+11,20220104,1356,,,US460,,,US0460,US0460,0,098 US-460,US0460,N,N,NULL,NULL,NULL,N,NULL,NULL,NULL,NULL,NULL,NULL,0.695,NULL,NULL,NULL,NULL,,NULL,0,0,1,1,N,N,55,NULL,98,9801,0.2,E,N,37.4341,37,26.046,NULL,-82.50727,82,30.436,NULL,N,NULL,NULL,NULL,NULL,NULL,NULL,NULL,NULL,9,5,2,6,1,1,2,2,7,3,N,NULL,Y,N,1356,1356,1405,N,NULL,44,,1,N,,N,N,098-US-0460-0,NULL,NULL,2022,O,7.27173E+11,098-US-0460  -000,HIGH,098-US-0460  -000,0.695,0,0,0,0,0,0,1,0,0,0,0,1,0
72749161,980100,2.022E+11,20220410,1909,,,US23 SOUTH,,,,,,,,N,N,NULL,NULL,NULL,N,NULL,NULL,NULL,NULL,NULL,NULL,NULL,NULL,NULL,NULL,NULL,NULL,NULL,0,0,2,2,N,Y,55,NULL,98,9801,NULL,,Y,37.47297,37,28.378,NULL,-82.53516,82,32.109,NULL,N,NULL,NULL,NULL,NULL,NULL,NULL,NULL,NULL,8,3,1,3,1,1,2,2,1,3,N,NULL,Y,N,1909,1935,2026,N,NULL,53,,,N,,N,N,,NULL,NULL,2022,O,7.27492E+11,098-US-0023  -131,MEDIUM,098-US-0023  -131,0.155,0,0,0,0,0,0,0,0,0,0,0,1,0
72740779,980100,2.022E+11,20220120,753,,,US23,,,US0023,US0023,0,098 US-23,US0023,N,N,NULL,NULL,NULL,N,NULL,NULL,NULL,NULL,NULL,NULL,23.062,NULL,NULL,NULL,NULL,,NULL,1,2,2,2,N,N,55,NULL,98,9801,NULL,,Y,37.46583,37,27.95,NULL,-82.52811,82,31.687,NULL,N,NULL,NULL,NULL,NULL,NULL,NULL,NULL,NULL,1,3,4,6,1,5,8,2,7,3,Y,NULL,Y,Y,753,758,1038,N,NULL,55,,1,N,,N,N,098-US-0023-0,NULL,NULL,2022,K,7.27408E+11,098-US-0023  -000,HIGH,098-US-0023  -000,23.062,0,1,0,0,0,0,1,0,0,1,0,0,0
72726666,980100,2.022E+11,20220118,1559,,,US23,,,US0023,US0023,0,098 US-23,US0023,N,N,NULL,NULL,NULL,N,NULL,NULL,NULL,NULL,NULL,NULL,21.475,NULL,NULL,NULL,NULL,,NULL,0,0,2,2,N,N,55,NULL,98,9801,NULL,,Y,37.45152,37,27.091,NULL,-82.52367,82,31.42,NULL,N,NULL,NULL,NULL,NULL,NULL,NULL,NULL,NULL,5,3,4,6,1,1,2,2,1,3,N,NULL,Y,N,1559,1604,,N,NULL,49,,1,N,,N,N,098-US-0023-0,NULL,NULL,2022,O,7.27267E+11,098-US-0023  -000,HIGH,098-US-0023  -000,21.475,0,0,0,0,0,0,1,0,0,0,0,0,0
72778473,980500,2022AR030,20220701,1209,,4540,MAYO TRAIL,N,ST,,,0,098 CS-3000,CS3000,Y,N,NULL,NULL,NULL,N,NULL,NULL,NULL,NULL,NULL,NULL,NULL,NULL,NULL,NULL,NULL,NULL,NULL,0,0,2,2,N,N,NULL,NULL,98,9807,NULL,,Y,37.51855,37,31.113,NULL,-82.56591,82,33.955,NULL,N,NULL,NULL,NULL,NULL,NULL,NULL,NULL,NULL,2,97,2,6,1,1,2,2,5,3,N,NULL,Y,Y,1209,1209,1209,N,NULL,90,,,N,,N,N,098-CS-3000-0,NULL,NULL,2022,O,7.27785E+11,098-CS-3000  -000,HIGH,098-CS-3000  -000,0.424,0,0,0,1,0,0,1,0,0,1,0,0,0
72751649,980100,2.022E+11,20220417,320,,,CHLOE,,RD,KY1460,KY1460,0,098 KY-1460,KY1460,N,N,NULL,NULL,NULL,N,NULL,NULL,NULL,NULL,NULL,NULL,4.594,NULL,NULL,NULL,NULL,,NULL,2,0,1,1,N,N,35,NULL,98,9801,NULL,,Y,37.47744,37,28.646,NULL,-82.50735,82,30.441,NULL,N,NULL,NULL,NULL,NULL,NULL,NULL,NULL,NULL,9,6,2,3,1,1,2,5,1,3,Y,NULL,Y,Y,320,322,359,Y,NULL,40,,0,N,,N,N,098-KY-1460-0,NULL,NULL,2022,B,7.27516E+11,098-KY-1460  -000,HIGH,098-KY-1460  -000,4.594,0,0,0,0,0,0,1,0,0,1,0,1,0
72731012,KSP0900,22-55673,20220215,700,,,US119 SPUR TURN LANE,,,US0119S,US0119S,0,098 US-119S-21,US0119S,N,N,NULL,NULL,NULL,N,NULL,NULL,NULL,NULL,NULL,NULL,0.015,NULL,NULL,NULL,NULL,,NULL,0,0,2,2,N,N,25,NULL,98,9834,NULL,,Y,37.67276,37,40.365,NULL,-82.28078,82,16.847,NULL,N,NULL,NULL,NULL,NULL,NULL,NULL,NULL,NULL,5,3,2,6,1,1,2,1,7,3,N,NULL,Y,N,700,730,700,N,NULL,70,6,0,N,,N,N,098-US-0119S-21,NULL,NULL,2022,O,7.2731E+11,098-US-0119S -021,HIGH,098-US-0119S -021,0.015,0,0,0,0,0,0,1,0,0,0,0,0,0
72731054,980100,2.022E+11,20220214,903,,,US23,,,US0023,US0023,0,098 US-23,US0023,N,N,NULL,NULL,NULL,N,NULL,NULL,NULL,NULL,NULL,NULL,31.592,NULL,NULL,NULL,NULL,,NULL,0,0,3,3,N,N,55,NULL,98,9801,NULL,,Y,37.53695,37,32.217,NULL,-82.60141,82,36.085,NULL,N,NULL,NULL,NULL,NULL,NULL,NULL,NULL,NULL,5,3,4,6,1,1,3,2,7,3,N,NULL,Y,N,903,916,,N,NULL,49,,1,N,,N,N,098-US-0023-0,NULL,NULL,2022,O,7.27311E+11,098-US-0023  -000,HIGH,098-US-0023  -000,31.592,0,0,0,1,0,0,0,0,0,0,0,0,0
72724380,980100,2.022E+11,20220126,916,,146,MAIN,,ST,,,0,098 CS-1112,CS1112,Y,N,NULL,NULL,NULL,N,NULL,NULL,NULL,NULL,NULL,NULL,0.014,NULL,NULL,NULL,NULL,,NULL,0,0,2,2,N,N,NULL,NULL,98,9801,NULL,,Y,37.47789,37,28.674,NULL,-82.51843,82,31.106,NULL,N,NULL,NULL,NULL,NULL,NULL,NULL,NULL,NULL,2,97,1,4,1,1,2,2,1,3,N,NULL,Y,N,917,932,944,N,NULL,90,,,N,,N,N,098-CS-1112-0,NULL,NULL,2022,O,7.27244E+11,098-CS-1112  -000,HIGH,098-CS-1112  -000,0.014,0,0,0,0,0,0,1,0,0,0,0,0,0
72754924,980100,2.022E+11,20220422,1429,,,BAIRD,,AVE,KY1426,KY1426,0,098 KY-1426,KY1426,Y,N,NULL,NULL,NULL,N,NULL,NULL,NULL,NULL,NULL,NULL,5.385,NULL,NULL,NULL,NULL,,NULL,0,0,2,2,N,N,15,NULL,98,9801,NULL,,Y,37.47337,37,28.402,NULL,-82.52734,82,31.64,NULL,N,NULL,NULL,NULL,NULL,NULL,NULL,NULL,NULL,8,97,2,6,1,1,2,2,1,3,N,NULL,Y,N,1429,1444,1444,N,NULL,90,,0,N,,N,N,098-KY-1426-0,NULL,NULL,2022,O,7.27549E+11,098-KY-1426  -000,HIGH,098-KY-1426  -000,5.385,0,0,1,0,0,0,1,0,0,0,0,0,0
72729540,KSP0900,22-49204,20220210,814,,,US23,,,US0023,US0023,0,098 US-23-10,US0023,N,N,NULL,NULL,NULL,N,NULL,NULL,NULL,NULL,NULL,NULL,28.526,NULL,NULL,NULL,NULL,,NULL,1,0,2,2,N,N,55,NULL,98,9807,NULL,,Y,37.51904,37,31.142,NULL,-82.56622,82,33.973,NULL,N,NULL,NULL,NULL,NULL,NULL,NULL,NULL,NULL,5,3,4,6,1,1,2,1,7,3,N,NULL,Y,Y,816,838,902,N,NULL,49,,1,N,,N,N,098-US-0023-10,NULL,NULL,2022,B,7.27295E+11,098-US-0023  -010,HIGH,098-US-0023  -000,28.526,0,0,1,0,0,0,1,0,0,0,0,0,0
72720142,980000,21-12-004,20211229,1800,,,KY1426,,,KY1426,KY1426,0,098 KY-1426,KY1426,N,N,NULL,NULL,NULL,N,NULL,NULL,NULL,NULL,NULL,NULL,11.911,NULL,NULL,NULL,NULL,,NULL,3,0,2,2,N,N,55,NULL,98,9828,NULL,,Y,37.53508,37,32.105,NULL,-82.46596,82,27.957,NULL,N,NULL,NULL,NULL,NULL,NULL,NULL,NULL,NULL,1,3,2,3,1,5,6,6,1,3,Y,NULL,Y,Y,1800,1815,1900,N,NULL,55,7,0,N,,N,N,098-KY-1426-0,NULL,NULL,2021,C,7.27201E+11,098-KY-1426  -000,HIGH,098-KY-1426  -000,11.911,0,0,0,1,0,0,0,1,0,0,0,0,0
72738365,KSP0900,22-47982,20220209,1017,,,STATE HIGHWAY 292,E,,,,0,098 CR-1061,CR1061,N,N,NULL,NULL,NULL,N,NULL,NULL,NULL,NULL,NULL,NULL,0.606,NULL,NULL,NULL,NULL,,NULL,0,2,1,1,N,N,35,NULL,98,9893,NULL,,Y,37.62411,37,37.446,NULL,-82.20775,82,12.465,NULL,N,NULL,NULL,NULL,NULL,NULL,NULL,NULL,NULL,9,3,2,3,1,2,2,2,7,3,Y,NULL,Y,Y,1043,1059,1300,N,NULL,44,,,N,,N,N,098-CR-1061-0,NULL,NULL,2022,K,7.27384E+11,098-CR-1061  -000,HIGH,098-CR-1061  -000,0.606,0,0,0,0,0,0,0,0,0,1,0,1,0
72730170,980100,2.022E+11,20220207,1017,,,HUFFMAN,,AVE,,,0,098 CS-1123,CS1123,Y,N,NULL,NULL,NULL,N,NULL,NULL,NULL,NULL,NULL,NULL,0.183,NULL,NULL,NULL,NULL,,NULL,0,0,3,3,Y,N,NULL,NULL,98,9801,NULL,,Y,37.47848,37,28.709,NULL,-82.51973,82,31.184,NULL,N,NULL,NULL,NULL,NULL,NULL,NULL,NULL,NULL,8,97,NULL,6,1,1,2,2,1,3,N,NULL,Y,N,1017,1020,,N,NULL,90,,,N,,N,N,098-CS-1123-0,NULL,NULL,2022,NULL,7.27302E+11,098-CS-1123  -000,HIGH,098-CS-1123  -000,0.183,0,0,0,0,0,0,1,0,0,0,0,0,0
72748836,KSP0900,22-127062,20220408,1538,,,KY632,,,KY0632,KY0632,0,098 KY-632,KY0632,N,N,NULL,NULL,NULL,N,NULL,NULL,NULL,NULL,NULL,NULL,11.128,NULL,NULL,NULL,NULL,,NULL,1,0,2,2,N,N,55,NULL,98,9804,NULL,,Y,37.4963,37,29.778,NULL,-82.18307,82,10.984,NULL,N,NULL,NULL,NULL,NULL,NULL,NULL,NULL,NULL,5,3,2,6,1,5,6,2,7,3,Y,NULL,Y,Y,1538,1600,1630,N,NULL,49,6,0,N,,N,N,098-KY-0632-0,NULL,NULL,2022,C,7.27488E+11,098-KY-0632  -000,HIGH,098-KY-0632  -000,11.128,0,0,0,0,0,0,1,0,1,0,0,0,0
72775546,980200,980200,20220404,1815,,,HATCHER,,ST,,,0,098 CS-2019,CS2019,N,Y,POLLEY,,ST,N,NULL,NULL,NULL,NULL,NULL,NULL,0.206,NULL,NULL,NULL,NULL,,NULL,0,0,2,2,N,N,15,NULL,98,9802,NULL,,Y,37.30072,37,18.043,NULL,-82.35197,82,21.118,NULL,N,NULL,NULL,NULL,NULL,NULL,NULL,NULL,NULL,1,3,2,4,1,1,2,2,4,3,N,NULL,Y,Y,1617,1623,1640,N,NULL,10,,,N,,N,N,098-CS-2019-0,NULL,NULL,2022,O,7.27755E+11,098-CS-2019  -000,HIGH,098-CS-2019  -000,0.206,0,0,0,0,0,0,1,0,0,0,1,0,0
72755131,980100,2.022E+11,20220422,1211,,,KY1426,,,KY1426,KY1426,0,098 KY-1426,KY1426,N,N,NULL,NULL,NULL,N,NULL,NULL,NULL,NULL,NULL,NULL,8.667,NULL,NULL,NULL,NULL,,NULL,1,0,1,1,N,N,55,NULL,98,9801,NULL,,Y,37.50068,37,30.041,NULL,-82.49034,82,29.42,NULL,N,NULL,NULL,NULL,NULL,NULL,NULL,NULL,NULL,9,3,2,5,1,1,2,2,7,3,N,NULL,N,Y,1212,1217,1306,N,NULL,40,,0,N,,N,N,098-KY-1426-0,NULL,NULL,2022,B,7.27551E+11,098-KY-1426  -000,HIGH,098-KY-1426  -000,8.667,0,0,0,0,0,0,0,0,0,0,0,1,0
72749217,KSP0900,22-00124199,20220406,1143,,,DORTON-JENKINS,,HWY,KY0805,KY0805,0,098 KY-805,KY0805,N,N,NULL,NULL,NULL,N,NULL,NULL,NULL,NULL,NULL,NULL,0.032,NULL,NULL,NULL,NULL,,NULL,0,0,1,1,N,N,35,NULL,98,9809,NULL,,Y,37.20603,37,12.362,NULL,-82.57503,82,34.502,NULL,N,NULL,NULL,NULL,NULL,NULL,NULL,NULL,NULL,9,3,2,6,1,1,2,2,7,3,N,NULL,Y,N,1146,1249,1146,N,NULL,38,7,0,N,,N,N,098-KY-0805-0,NULL,NULL,2022,O,7.27492E+11,098-KY-0805  -000,HIGH,098-KY-0805  -000,0.032,0,0,0,1,0,0,0,0,0,0,0,0,0
72774459,KSP0900,22-231498,20220619,1653,,,KY194,,,KY0194,KY0194,0,098 KY-194,KY0194,N,N,NULL,NULL,NULL,N,NULL,NULL,NULL,NULL,NULL,NULL,15.186,NULL,NULL,NULL,NULL,,NULL,0,0,1,1,N,N,55,NULL,98,9801,NULL,,Y,37.57256,37,34.353,NULL,-82.47919,82,28.752,NULL,N,NULL,NULL,NULL,NULL,NULL,NULL,NULL,NULL,9,3,2,6,1,1,2,2,7,3,N,NULL,Y,N,1656,1704,1735,Y,NULL,40,7,0,N,,N,N,098-KY-0194-0,NULL,NULL,2022,O,7.27745E+11,098-KY-0194  -000,HIGH,098-KY-0194  -000,15.186,0,1,0,0,0,0,1,0,0,0,0,1,0
72750445,KSP0900,22-134807,20220414,720,,,KY194,,,KY0194,KY0194,0,098 KY-194,KY0194,N,N,NULL,NULL,NULL,N,NULL,NULL,NULL,NULL,NULL,NULL,23.44,NULL,NULL,NULL,NULL,,NULL,0,0,2,2,N,N,55,NULL,98,9817,NULL,,Y,37.53381,37,32.028,NULL,-82.36858,82,22.115,NULL,N,NULL,NULL,NULL,NULL,NULL,NULL,NULL,NULL,1,3,2,6,1,5,6,2,7,3,N,NULL,Y,N,725,815,720,N,NULL,55,6,0,N,,N,N,098-KY-0194-0,NULL,NULL,2022,O,7.27504E+11,098-KY-0194  -000,HIGH,098-KY-0194  -000,23.44,0,0,0,0,0,0,1,1,0,0,0,0,0
72781594,KSP0900,22-246511,20220630,4,,,ELKHORN,,CRK,KY0197,KY0197,0,098 KY-197,KY0197,N,N,NULL,NULL,NULL,N,NULL,NULL,NULL,NULL,NULL,NULL,10.958,NULL,NULL,NULL,NULL,,NULL,0,0,2,2,N,N,55,NULL,98,9802,NULL,,Y,37.27235,37,16.341,NULL,-82.41881,82,25.129,NULL,N,NULL,NULL,NULL,NULL,NULL,NULL,NULL,NULL,6,97,2,6,2,1,2,6,7,3,N,NULL,Y,Y,4,21,128,N,NULL,47,7,0,N,,N,N,098-KY-0197-0,NULL,NULL,2022,O,7.27816E+11,098-KY-0197  -000,HIGH,098-KY-0197  -000,10.958,0,0,0,0,0,0,0,0,1,1,0,1,0
72784689,KSP0900,22-260653,20220709,1320,,,POUNDING MILL,,RD,,,0,098 CR-1526,CR1526,N,N,NULL,NULL,NULL,N,NULL,NULL,NULL,NULL,NULL,NULL,0.029,NULL,NULL,NULL,NULL,,NULL,0,0,2,2,N,N,35,NULL,98,9811,NULL,,Y,37.56377,37,33.826,NULL,-82.14646,82,8.788,NULL,N,NULL,NULL,NULL,NULL,NULL,NULL,NULL,NULL,5,3,1,6,1,1,2,2,7,3,N,NULL,Y,N,1320,1427,1427,N,NULL,70,,,N,,N,N,098-CR-1526-0,NULL,NULL,2022,O,7.27847E+11,098-CR-1526  -000,HIGH,098-CR-1526  -000,0.029,0,0,0,0,0,0,1,0,0,0,0,0,0
72771813,980100,2.022E+11,20220531,1341,,,US23,,,US0023,US0023,0,098 US-23,US0023,N,N,NULL,NULL,NULL,N,NULL,NULL,NULL,NULL,NULL,NULL,31.184,NULL,NULL,NULL,NULL,,NULL,2,0,1,1,N,N,55,NULL,98,9801,NULL,,Y,37.53624,37,32.174,NULL,-82.5977,82,35.862,NULL,N,NULL,NULL,NULL,NULL,NULL,NULL,NULL,NULL,9,3,4,6,1,1,2,2,1,3,Y,NULL,Y,Y,1347,1352,,N,NULL,40,,1,N,,N,N,098-US-0023-0,NULL,NULL,2022,C,7.27718E+11,098-US-0023  -000,HIGH,098-US-0023  -000,31.184,0,0,0,0,0,0,0,0,0,0,0,1,0