MasterFile,AgencyORINumber,LocalCode,CollisionDate,CollisionTime,CollisionDayWeekCode,RoadwayName_HouseBusinessNumber_,RoadwayName_RoadwayName_,RoadwayName_Direction_,RoadwayName_RoadwaySuffix_,RoadwayfromReport,CurrentRoadwayNumber,RoadwayNumberCoupletID,RSEUniqueGIS,RoadwayIdentifier,ParkingLotIndicator,IntersectionWith_Indicator_,IntersectionWith_NameRoadway_,IntersectionWith_Direction_,IntersectionWith_RoadwaySuffix_,BetweenStreets_Indicator_,BetweenStreets1_NameRoadway_,BetweenStreet1_Direction_,BetweenStreets1_RoadwaySuffix_,BetweenStreets2_NameRoadway_,BetweenStreets2_Direction_,BetweenStreets2_RoadwaySuffix_,Milepoint,ReportMilepointDeriveNumber,CurrentDerivedMiepointNumber,MilestoMilepoint,FeettoMilepoint,DirectionfromMilepoint_NSEW_,ValidMilepointIndicator,NumberInjured,NumberKilled,ofUnits,ofMotorVehicleUnits,Hit&RunIndicator,OneWayIndicator,SpeedLimitNumber,KilometersIndicator,CountyCode,CityCountyCode,MilesFromCity,DirectionFromCity_NSEW_,InCityLimitsIndicator,Latitude,LatitudeDegrees,LatitudeMinutes,LatitudeSeconds,Longitude,LongitudeDegrees,LongitudeMinutes,LongitudeSeconds,RampIndicator,RampFromIdentifier,RampFromDirCode,RampFromCoupletID,RSEUniqueGISRampFrom,RampToidentifier,RampToDirCode,RampToCoupletID,RSEUniqueGisRampTo,MannerofCollisionCode,LocationFirstEventCode,TotalLanes,RoadwayCharacterCode,RoadwaySurfaceCode,RoadwayConditionCode,WeatherCode,LightConditionCode,LandUseCode,SchoolBusRelatedCode,FirstAidSceneIndicator,CollDescPresentInd,InvestigationCompleteIndicator,PhotosTakenIndicator,TimeNotified,TimeArrived,TimeRoadwayOpened,PropertyDamageIndicator,DiagramPresentIndicator,DirectionalAnalysis,FunctionClassCode,NationalHwySysCode,EnforcementsIndicator,KARSCityCode,SecondaryCollisionIndicator,MedianCrossoverIndicator,RT_UNIQUE,MapIt,TimeLastLeft,YR,KABCO,MFNY,WorkingRID,RT_CONFIDENCE,KTC_RT,KTC_MP,Motorcyclist,CommercialVehicle,YoungDriver,MatureDriver,pedestrian,Bicyclist,Distracted,agressive,Impaired,Unrestrained,Intersection,RoadwayDeparture,MedXover
72758902,980100,2.022E+11,20220505,1140,,,CASSIDY,,BLVD,,,0,098 CS-1191,CS1191,Y,N,NULL,NULL,NULL,N,NULL,NULL,NULL,NULL,NULL,NULL,0.315,NULL,NULL,NULL,NULL,,NULL,0,0,2,2,N,N,15,NULL,98,9801,NULL,,Y,37.5052,37,30.312,NULL,-82.53715,82,32.229,NULL,N,NULL,NULL,NULL,NULL,NULL,NULL,NULL,NULL,2,97,1,6,1,1,2,2,1,3,N,NULL,Y,N,1140,1151,1151,N,NULL,90,,,N,,N,N,098-CS-1191-0,NULL,NULL,2022,O,7.27589E+11,098-CS-1191  -000,HIGH,098-CS-1191  -000,0.315,0,0,0,1,0,0,1,0,0,0,0,0,0
72756222,980100,2.022E+11,20220430,1918,,,CASSIDY,,BLVD,,,0,098 CS-1191,CS1191,Y,N,NULL,NULL,NULL,N,NULL,NULL,NULL,NULL,NULL,NULL,0.368,NULL,NULL,NULL,NULL,,NULL,0,0,2,2,N,N,NULL,NULL,98,9801,NULL,,Y,37.50506,37,30.304,NULL,-82.53819,82,32.292,NULL,N,NULL,NULL,NULL,NULL,NULL,NULL,NULL,NULL,7,97,NULL,6,1,1,3,2,1,3,N,NULL,Y,N,1918,1925,1925,N,NULL,90,,,N,,N,N,098-CS-1191-0,NULL,NULL,2022,O,7.27562E+11,098-CS-1191  -000,HIGH,098-CS-1191  -000,0.368,0,0,0,1,0,0,0,0,0,0,0,0,0
72720812,KSP0900,22-16358,20220113,1806,,,KY194,,,KY0194,KY0194,0,098 KY-194,KY0194,N,N,NULL,NULL,NULL,N,NULL,NULL,NULL,NULL,NULL,NULL,18.691,NULL,NULL,NULL,NULL,,NULL,0,0,1,1,N,N,55,NULL,98,9817,NULL,,Y,37.55974,37,33.584,NULL,-82.41722,82,25.033,NULL,N,NULL,NULL,NULL,NULL,NULL,NULL,NULL,NULL,9,5,2,2,1,5,6,6,7,3,N,NULL,Y,N,1806,1810,2315,N,NULL,51,6,5,N,,N,N,098-KY-0194-0,NULL,NULL,2022,O,7.27208E+11,098-KY-0194  -000,HIGH,098-KY-0194  -000,18.691,0,1,0,0,0,0,0,0,0,0,0,1,0
72744269,KSP0900,22-100296,20220319,1531,,,KY194,,,KY0194,KY0194,0,098 KY-194,KY0194,N,N,NULL,NULL,NULL,N,NULL,NULL,NULL,NULL,NULL,NULL,12.062,NULL,NULL,NULL,NULL,,NULL,2,0,1,1,N,N,55,NULL,98,9820,NULL,,Y,37.59452,37,35.671,NULL,-82.50043,82,30.026,NULL,N,NULL,NULL,NULL,NULL,NULL,NULL,NULL,NULL,9,3,2,6,1,1,2,2,7,3,Y,NULL,Y,Y,1531,1626,1700,N,NULL,70,7,0,N,,N,N,098-KY-0194-0,NULL,NULL,2022,B,7.27443E+11,098-KY-0194  -000,HIGH,098-KY-0194  -000,12.062,1,0,0,0,0,0,0,0,0,0,0,1,0
72786784,KSP0900,22-281422,20220724,515,,,KY292,E,,KY0292,KY0292,,,,N,N,NULL,NULL,NULL,N,NULL,NULL,NULL,NULL,NULL,NULL,3.182,NULL,NULL,NULL,NULL,,NULL,0,0,1,1,N,N,45,NULL,98,9869,NULL,,Y,37.66014,37,39.608,NULL,-82.24325,82,14.595,NULL,N,NULL,NULL,NULL,NULL,NULL,NULL,NULL,NULL,9,3,2,6,1,1,2,7,7,3,N,NULL,Y,N,520,529,631,N,NULL,40,8,0,N,,N,N,,NULL,NULL,2022,O,7.27868E+11,098-KY-0292  -000,MEDIUM,098-KY-0292  -000,3.182,0,0,0,0,0,0,0,0,0,0,0,1,0
72775291,980100,2.022E+11,20220615,928,,,MAIN,,ST,,,0,098 CS-1112,CS1112,N,N,NULL,NULL,NULL,N,NULL,NULL,NULL,NULL,NULL,NULL,0.12,NULL,NULL,NULL,NULL,,NULL,0,0,2,2,N,Y,15,NULL,98,9801,NULL,,Y,37.47929,37,28.757,NULL,-82.51762,82,31.057,NULL,N,NULL,NULL,NULL,NULL,NULL,NULL,NULL,NULL,2,97,2,6,1,1,2,2,7,3,N,NULL,Y,N,928,929,929,N,NULL,47,,,N,,N,N,098-CS-1112-0,NULL,NULL,2022,O,7.27753E+11,098-CS-1112  -000,HIGH,098-CS-1112  -000,0.12,0,0,0,0,0,0,1,0,0,0,0,0,0
72729526,980500,2022AR008,20220210,1201,,,WEDDINGTON BRANCH,,RD,,,0,098 CS-3026,CS3026,Y,N,NULL,NULL,NULL,N,NULL,NULL,NULL,NULL,NULL,NULL,NULL,NULL,NULL,NULL,NULL,NULL,NULL,0,0,2,2,N,N,15,NULL,98,9807,NULL,,Y,37.52578,37,31.547,NULL,-82.56869,82,34.121,NULL,N,NULL,NULL,NULL,NULL,NULL,NULL,NULL,NULL,2,97,2,6,1,1,2,2,5,3,N,NULL,Y,Y,1204,1206,1206,N,NULL,90,,,N,,N,N,098-CS-3026-0,NULL,NULL,2022,O,7.27295E+11,098-CS-3026  -000,HIGH,098-CS-3026  -000,0.26,0,0,0,0,0,0,1,0,0,0,0,0,0
72754250,980500,2022AR018,20220415,953,,,US23,,,US0023,US0023,0,098 US-23,US0023,N,N,NULL,NULL,NULL,N,NULL,NULL,NULL,NULL,NULL,NULL,29.603,NULL,NULL,NULL,NULL,,NULL,0,0,2,2,N,N,55,NULL,98,9801,0.1,N,N,37.53159,37,31.895,NULL,-82.57696,82,34.617,NULL,N,NULL,NULL,NULL,NULL,NULL,NULL,NULL,NULL,8,3,5,6,1,1,2,2,1,3,N,NULL,Y,Y,953,956,1015,N,NULL,53,,1,N,,N,N,098-US-0023-0,NULL,NULL,2022,O,7.27543E+11,098-US-0023  -000,HIGH,098-US-0023  -000,29.603,0,0,0,1,0,0,1,0,0,0,0,1,0
72801029,KSP0900,22-341536,20220903,840,,,FISHTRAP,,RD,KY1441,KY1441,0,098 KY-1441,KY1441,N,N,NULL,NULL,NULL,N,NULL,NULL,NULL,NULL,NULL,NULL,8.72,NULL,NULL,NULL,NULL,,NULL,0,0,1,1,Y,N,45,NULL,98,9850,NULL,,Y,37.49982,37,29.989,NULL,-82.44548,82,26.729,NULL,N,NULL,NULL,NULL,NULL,NULL,NULL,NULL,NULL,9,97,2,3,1,1,2,2,7,3,N,NULL,N,N,1004,1020,1020,Y,NULL,70,8,0,N,,N,N,098-KY-1441-0,NULL,NULL,2022,NULL,7.2801E+11,098-KY-1441  -000,HIGH,098-KY-1441  -000,8.72,0,0,0,0,0,0,1,0,0,0,0,0,0
72739457,980100,2.022E+11,20220303,2243,,,KY1426 TURN LANE,,,KY1426,KY1426,0,098 KY-1426-28,KY1426,N,N,NULL,NULL,NULL,N,NULL,NULL,NULL,NULL,NULL,NULL,0.024,NULL,NULL,NULL,NULL,,NULL,0,0,2,2,N,N,55,NULL,98,9801,NULL,,Y,37.47397,37,28.438,NULL,-82.52733,82,31.64,NULL,N,NULL,NULL,NULL,NULL,NULL,NULL,NULL,NULL,1,3,2,6,1,1,2,4,1,3,N,NULL,Y,N,2245,2248,,N,NULL,55,8,0,N,,N,N,098-KY-1426-28,NULL,NULL,2022,O,7.27395E+11,098-KY-1426  -028,HIGH,098-KY-1426  -028,0.024,0,0,1,0,0,0,1,0,0,0,0,0,0
72739898,KSP0900,2022-88339,20220310,2008,,,KY80,,,KY0080,KY0080,0,098 KY-80,KY0080,N,N,NULL,NULL,NULL,N,NULL,NULL,NULL,NULL,NULL,NULL,1.235,NULL,NULL,NULL,NULL,,NULL,1,0,2,1,N,N,55,NULL,98,9802,NULL,,Y,37.3257,37,19.542,NULL,-82.36712,82,22.027,NULL,N,NULL,NULL,NULL,NULL,NULL,NULL,NULL,NULL,9,3,2,6,1,1,2,6,7,3,Y,NULL,Y,Y,1952,1957,2030,N,NULL,36,7,5,N,,N,N,098-KY-0080-0,NULL,NULL,2022,C,7.27399E+11,098-KY-0080  -000,HIGH,098-KY-0080  -000,1.235,0,0,0,1,1,0,0,0,0,0,0,0,0
72753861,KSP0900,22-147017,20220422,1844,,,VIRGIE,,RD,KY0610,KY0610,,,,Y,N,NULL,NULL,NULL,N,NULL,NULL,NULL,NULL,NULL,NULL,8.102,NULL,NULL,NULL,NULL,,NULL,0,0,2,2,N,N,15,NULL,98,9827,8,S,N,37.33913,37,20.348,NULL,-82.58878,82,35.327,NULL,N,NULL,NULL,NULL,NULL,NULL,NULL,NULL,NULL,2,97,1,6,1,1,2,2,1,3,N,NULL,Y,N,1844,1907,1907,N,NULL,90,7,0,N,,N,N,,NULL,NULL,2022,O,7.27539E+11,098-KY-0610  -000,HIGH,098-KY-0610  -000,8.102,0,0,0,0,0,0,1,0,0,0,0,0,0
72728460,KSP0900,22-39288,20220201,1823,,,SMITH FORK,,RD,KY3419,KY3419,0,098 KY-3419,KY3419,N,N,NULL,NULL,NULL,N,NULL,NULL,NULL,NULL,NULL,NULL,3.899,NULL,NULL,NULL,NULL,,NULL,1,0,1,1,N,N,15,NULL,98,9804,NULL,,Y,37.47511,37,28.507,NULL,-82.18672,82,11.203,NULL,N,NULL,NULL,NULL,NULL,NULL,NULL,NULL,NULL,9,3,2,2,1,5,3,6,7,3,Y,NULL,Y,Y,1823,2300,57,N,NULL,40,9,0,N,,N,N,098-KY-3419-0,NULL,NULL,2022,C,7.27285E+11,098-KY-3419  -000,HIGH,098-KY-3419  -000,3.899,0,1,0,1,0,0,1,0,0,0,0,1,0
72780583,980100,2.022E+11,20220707,1745,,,US23,,,US0023,US0023,0,098 US-23-10,US0023,N,Y,KY3496,,,N,NULL,NULL,NULL,NULL,NULL,NULL,23.063,NULL,NULL,NULL,NULL,,NULL,0,0,2,2,N,N,55,NULL,98,9801,NULL,,Y,37.46584,37,27.95,NULL,-82.52814,82,31.688,NULL,N,NULL,NULL,NULL,NULL,NULL,NULL,NULL,NULL,1,3,4,6,1,1,2,2,7,3,N,NULL,Y,N,1745,1749,1749,N,NULL,10,,1,N,,N,N,098-US-0023-10,NULL,NULL,2022,O,7.27806E+11,098-US-0023  -010,HIGH,098-US-0023  -000,23.063,0,0,0,0,0,0,1,1,0,0,1,0,0
72775014,980100,2.022E+11,20220519,2120,,,PIKE,,ST,,,0,098 CS-1113,CS1113,Y,N,NULL,NULL,NULL,N,NULL,NULL,NULL,NULL,NULL,NULL,0.159,NULL,NULL,NULL,NULL,,NULL,0,0,1,1,N,Y,NULL,NULL,98,9801,NULL,,Y,37.48104,37,28.862,NULL,-82.51796,82,31.077,NULL,N,NULL,NULL,NULL,NULL,NULL,NULL,NULL,NULL,9,97,1,3,1,1,2,5,1,3,N,NULL,Y,N,1,1,1,N,NULL,90,,,N,,N,N,098-CS-1113-0,NULL,NULL,2022,O,7.2775E+11,098-CS-1113  -000,HIGH,098-CS-1113  -000,0.159,0,0,0,0,0,0,0,0,0,0,0,0,0
72791035,980100,2.022E+11,20220801,1707,,,CASSIDY,,BLVD,,,0,098 CS-1191,CS1191,Y,N,NULL,NULL,NULL,N,NULL,NULL,NULL,NULL,NULL,NULL,0.367,NULL,NULL,NULL,NULL,,NULL,0,0,2,2,Y,N,NULL,NULL,98,9801,NULL,,Y,37.50504,37,30.302,NULL,-82.53815,82,32.289,NULL,N,NULL,NULL,NULL,NULL,NULL,NULL,NULL,NULL,8,97,NULL,6,1,1,2,2,1,3,N,NULL,Y,N,1707,1708,1708,N,NULL,90,,,N,,N,N,098-CS-1191-0,NULL,NULL,2022,O,7.2791E+11,098-CS-1191  -000,HIGH,098-CS-1191  -000,0.367,0,0,0,0,0,0,1,0,0,0,0,0,0
72719579,980500,2022AR002,20220111,1420,,23,MAYO TRAIL,N,,,,,,,N,N,NULL,NULL,NULL,N,NULL,NULL,NULL,NULL,NULL,NULL,NULL,NULL,NULL,NULL,NULL,NULL,NULL,1,0,2,2,N,N,45,NULL,98,9807,NULL,,Y,37.52007,37,31.204,NULL,-82.56741,82,34.045,NULL,N,NULL,NULL,NULL,NULL,NULL,NULL,NULL,NULL,6,3,7,6,1,1,2,2,7,3,N,NULL,Y,Y,1422,1427,1422,N,NULL,70,,,N,,N,N,,NULL,NULL,2022,C,7.27196E+11,098-US-0023  -000,MEDIUM,098-US-0023  -000,28.62,0,0,0,0,0,0,0,0,0,0,0,0,0
72728134,KSP0900,2022-43665,20220205,1630,,,US119,,,US0119,US0119,0,098 US-119,US0119,N,N,NULL,NULL,NULL,N,NULL,NULL,NULL,NULL,NULL,NULL,13.875,NULL,NULL,NULL,NULL,,NULL,0,0,2,2,N,N,55,NULL,98,9833,NULL,,Y,37.61756,37,37.054,NULL,-82.35538,82,21.323,NULL,N,NULL,NULL,NULL,NULL,NULL,NULL,NULL,NULL,3,3,4,6,1,1,2,2,7,3,N,NULL,N,N,1630,1700,1700,N,NULL,52,2,1,N,,N,N,098-US-0119-0,NULL,NULL,2022,O,7.27281E+11,098-US-0119  -000,HIGH,098-US-0119  -000,13.875,0,0,0,0,0,0,0,0,0,0,0,1,0
72785433,KSP0900,22-271220,20220716,30,,,ALLEGHENY,,RD,,,0,098 CR-1200Q3,CR1200Q3,N,N,NULL,NULL,NULL,N,NULL,NULL,NULL,NULL,NULL,NULL,0.381,NULL,NULL,NULL,NULL,,NULL,1,0,1,1,N,N,35,NULL,98,9835,NULL,,Y,37.28683,37,17.21,NULL,-82.47216,82,28.33,NULL,N,NULL,NULL,NULL,NULL,NULL,NULL,NULL,NULL,9,3,1,5,3,1,2,4,7,3,N,NULL,Y,Y,30,40,40,N,NULL,44,,,N,,N,N,098-CR-1200Q3-0,NULL,NULL,2022,B,7.27854E+11,098-CR-1200Q3-000,HIGH,098-CR-1200Q3-000,0.381,0,0,0,0,0,0,0,0,0,0,0,1,0
72765995,980000,2205003,20220526,1155,,28402,US 119 NORTH,,,,,,,,Y,N,NULL,NULL,NULL,N,NULL,NULL,NULL,NULL,NULL,NULL,NULL,NULL,NULL,NULL,NULL,NULL,NULL,0,0,2,2,Y,N,15,NULL,98,9834,3,N,N,37.65823,37,39.494,NULL,-82.2697,82,16.182,NULL,N,NULL,NULL,NULL,NULL,NULL,NULL,NULL,NULL,8,,2,6,1,1,3,2,1,3,N,NULL,N,Y,1155,1200,1215,N,NULL,90,,,N,,N,N,,NULL,NULL,2022,NULL,7.2766E+11,098-US-0119  -000,MEDIUM,098-US-0119  -000,24.138,0,0,0,0,0,0,0,0,0,0,0,0,0
72744208,KSP0900,22-107011,20220324,1426,,,MALL,S,RD,,,0,098 PR-1010,PR1010,Y,N,NULL,NULL,NULL,N,NULL,NULL,NULL,NULL,NULL,NULL,0.31,NULL,NULL,NULL,NULL,,NULL,0,0,2,2,N,Y,15,NULL,98,9834,NULL,,Y,37.65564,37,39.338,NULL,-82.2739,82,16.434,NULL,N,NULL,NULL,NULL,NULL,NULL,NULL,NULL,NULL,1,97,1,6,1,1,2,2,7,3,N,NULL,Y,N,1426,1512,1512,N,NULL,90,,,N,,N,N,098-PR-1010-0,NULL,NULL,2022,O,7.27442E+11,098-PR-1010  -000,HIGH,098-PR-1010  -000,0.31,0,0,1,0,0,0,0,0,0,0,0,0,0
72675948,KSP0900,21-400577,20210927,1500,,,KY1469,,,KY1469,KY1469,0,098 KY-1469,KY1469,N,N,NULL,NULL,NULL,N,NULL,NULL,NULL,NULL,NULL,NULL,12.786,NULL,NULL,NULL,NULL,,NULL,0,0,1,1,N,N,55,NULL,98,9827,NULL,,Y,37.35556,37,21.333,NULL,-82.57645,82,34.587,NULL,N,NULL,NULL,NULL,NULL,NULL,NULL,NULL,NULL,9,3,2,3,1,1,2,2,6,3,N,NULL,Y,N,1502,1519,1530,N,NULL,70,7,0,N,,N,N,098-KY-1469-0,NULL,NULL,2021,O,7.26759E+11,098-KY-1469  -000,HIGH,098-KY-1469  -000,12.786,0,0,0,0,0,0,0,0,0,0,0,1,0
72685969,980100,2.021E+11,20211021,838,,424,CEDAR CREEK,,RD,,,0,098 CS-1038,CS1038,N,N,NULL,NULL,NULL,N,NULL,NULL,NULL,NULL,NULL,NULL,NULL,NULL,NULL,NULL,NULL,NULL,NULL,0,0,2,2,N,N,35,NULL,98,9801,NULL,,Y,37.47917,37,28.75,NULL,-82.558,82,33.48,NULL,N,NULL,NULL,NULL,NULL,NULL,NULL,NULL,NULL,2,97,2,6,2,1,2,2,6,3,N,NULL,Y,Y,839,845,845,N,NULL,47,,,N,,N,N,098-CS-1038-0,NULL,NULL,2021,O,7.2686E+11,098-CS-1038  -000,HIGH,098-CS-1038  -000,0.116,0,0,0,0,0,0,1,0,0,0,0,0,0
72759565,980100,2.022E+11,20220420,1720,,,2ND,,ST,,,0,098 CS-1117,CS1117,N,N,NULL,NULL,NULL,N,NULL,NULL,NULL,NULL,NULL,NULL,0.136,NULL,NULL,NULL,NULL,,NULL,0,0,1,1,N,N,15,NULL,98,9801,NULL,,Y,37.48184,37,28.91,NULL,-82.5169,82,31.014,NULL,N,NULL,NULL,NULL,NULL,NULL,NULL,NULL,NULL,9,5,1,6,1,1,2,2,1,3,N,NULL,Y,Y,1720,1723,1744,Y,NULL,40,,,N,,N,N,098-CS-1117-0,NULL,NULL,2022,O,7.27596E+11,098-CS-1117  -000,HIGH,098-CS-1117  -000,0.136,0,0,0,1,0,0,0,0,0,0,0,1,0
72756655,KSP0900,22-159090,20220501,345,,,,,,US0119,US0119,,,,N,N,NULL,NULL,NULL,Y,US119 RAMP TO KY194,,,,,,0.851,NULL,NULL,NULL,NULL,NULL,NULL,1,0,1,1,N,N,55,NULL,98,9820,0.3,S,N,37.55844,37,33.507,NULL,-82.43028,82,25.817,NULL,N,NULL,NULL,NULL,NULL,NULL,NULL,NULL,NULL,9,3,2,1,1,1,2,6,7,3,Y,NULL,Y,Y,345,406,406,N,NULL,44,2,1,N,,N,N,,NULL,NULL,2022,C,7.27567E+11,098-US-0119  -211,MEDIUM,098-US-0119  -211,0.851,0,0,0,0,0,0,0,0,0,0,0,1,0
72773708,980100,2.022E+11,20220616,1556,,,US119,,,US0119,US0119,0,098 US-119-10,US0119,N,N,NULL,NULL,NULL,N,NULL,NULL,NULL,NULL,NULL,NULL,0.055,NULL,NULL,NULL,NULL,,NULL,0,0,2,2,N,N,55,NULL,98,9801,NULL,,Y,37.50398,37,30.239,NULL,-82.53107,82,31.864,NULL,N,NULL,NULL,NULL,NULL,NULL,NULL,NULL,NULL,5,3,4,6,1,1,2,2,7,3,N,NULL,Y,N,1556,1604,,N,NULL,40,2,1,N,,N,N,098-US-0119-10,NULL,NULL,2022,O,7.27737E+11,098-US-0119  -010,HIGH,098-US-0119  -000,0.055,0,0,1,0,0,0,0,0,0,0,0,1,0
72730606,980100,2.022E+11,20220213,1823,,,KY3496,,,KY3496,KY3496,0,098 KY-3496,KY3496,N,N,NULL,NULL,NULL,N,NULL,NULL,NULL,NULL,NULL,NULL,0.78,NULL,NULL,NULL,NULL,,NULL,0,0,2,2,N,N,35,NULL,98,9801,NULL,,Y,37.47206,37,28.324,NULL,-82.52989,82,31.793,NULL,N,NULL,NULL,NULL,NULL,NULL,NULL,NULL,NULL,1,3,2,6,1,1,3,3,7,3,N,NULL,Y,N,1823,1823,1823,N,NULL,55,16,0,N,,N,N,098-KY-3496-0,NULL,NULL,2022,O,7.27306E+11,098-KY-3496  -000,HIGH,098-KY-3496  -000,0.78,0,0,1,0,0,0,0,1,0,0,0,0,0
72740946,KSP0900,22-93377,20220314,1700,,,KY3418,,,KY3418,KY3418,0,098 KY-3418,KY3418,Y,N,NULL,NULL,NULL,N,NULL,NULL,NULL,NULL,NULL,NULL,10.079,NULL,NULL,NULL,NULL,,NULL,0,0,2,2,N,N,15,NULL,98,9801,NULL,,Y,37.47519,37,28.511,NULL,-82.42728,82,25.637,NULL,N,NULL,NULL,NULL,NULL,NULL,NULL,NULL,NULL,2,97,1,6,1,1,2,2,7,3,N,NULL,N,N,1730,1815,1815,N,NULL,90,9,0,N,,N,N,098-KY-3418-0,NULL,NULL,2022,O,7.27409E+11,098-KY-3418  -000,HIGH,098-KY-3418  -000,10.079,0,0,0,0,0,0,1,0,0,0,0,0,0
72744590,980100,2.022E+11,20220325,1737,,,THOMPSON,,RD,,,0,098 CS-1215,CS1215,N,N,NULL,NULL,NULL,N,NULL,NULL,NULL,NULL,NULL,NULL,0.646,NULL,NULL,NULL,NULL,,NULL,0,0,2,2,N,N,35,NULL,98,9801,NULL,,Y,37.50528,37,30.317,NULL,-82.5412,82,32.472,NULL,N,NULL,NULL,NULL,NULL,NULL,NULL,NULL,NULL,1,3,2,6,1,1,3,2,7,3,N,NULL,Y,N,1737,1747,1747,N,NULL,55,,,N,,N,N,098-CS-1215-0,NULL,NULL,2022,O,7.27446E+11,098-CS-1215  -000,HIGH,098-CS-1215  -000,0.646,0,0,0,1,0,0,1,1,0,0,0,0,0
72736553,980100,2.022E+11,20220228,228,,,MAYO,S,TRL,US0023,US0023,0,098 US-23-10,US0023,N,N,NULL,NULL,NULL,N,NULL,NULL,NULL,NULL,NULL,NULL,19.588,NULL,NULL,NULL,NULL,,NULL,1,0,2,2,N,N,55,NULL,98,9801,NULL,,Y,37.4486,37,26.916,NULL,-82.50562,82,30.338,NULL,N,NULL,NULL,NULL,NULL,NULL,NULL,NULL,NULL,4,3,4,3,1,1,2,5,1,3,Y,NULL,N,Y,228,233,335,N,NULL,70,,1,Y,,N,N,098-US-0023-10,NULL,NULL,2022,B,7.27366E+11,098-US-0023  -010,HIGH,098-US-0023  -000,19.588,0,0,0,0,0,0,1,1,0,0,0,0,0
72791286,KSP0900,22-298795,20220803,1740,,,KY1056,,,KY1056,KY1056,0,098 KY-1056,KY1056,N,N,NULL,NULL,NULL,N,NULL,NULL,NULL,NULL,NULL,NULL,11.357,NULL,NULL,NULL,NULL,,NULL,0,0,2,2,N,N,35,NULL,98,9863,NULL,,Y,37.61808,37,37.085,NULL,-82.16578,82,9.947,NULL,N,NULL,NULL,NULL,NULL,NULL,NULL,NULL,NULL,5,3,2,3,1,1,2,2,7,3,N,NULL,Y,N,1740,1800,1830,N,NULL,49,7,0,N,,N,N,098-KY-1056-0,NULL,NULL,2022,O,7.27913E+11,098-KY-1056  -000,HIGH,098-KY-1056  -000,11.357,0,0,0,0,0,0,0,1,0,0,0,0,0
72726030,980100,2.022E+11,20220128,1233,,262,CASSIDY,,BLVD,,,0,098 CS-1191,CS1191,N,N,NULL,NULL,NULL,N,NULL,NULL,NULL,NULL,NULL,NULL,0.047,NULL,NULL,NULL,NULL,,NULL,0,0,2,2,N,N,35,NULL,98,9801,NULL,,Y,37.50368,37,30.221,NULL,-82.53292,82,31.975,NULL,N,NULL,NULL,NULL,NULL,NULL,NULL,NULL,NULL,1,3,2,6,1,5,9,2,1,3,N,NULL,Y,N,1233,1240,,N,NULL,55,,,N,,N,N,098-CS-1191-0,NULL,NULL,2022,O,7.2726E+11,098-CS-1191  -000,HIGH,098-CS-1191  -000,0.047,0,0,0,0,0,0,1,0,0,0,0,0,0
72758732,KSP0900,22-167600,20220506,2040,,,KY1426,,,KY1426,KY1426,0,098 KY-1426,KY1426,N,N,NULL,NULL,NULL,N,NULL,NULL,NULL,NULL,NULL,NULL,12.005,NULL,NULL,NULL,NULL,,NULL,2,0,2,2,N,N,55,NULL,98,9828,NULL,,Y,37.53644,37,32.186,NULL,-82.46693,82,28.016,NULL,N,NULL,NULL,NULL,NULL,NULL,NULL,NULL,NULL,1,3,2,6,1,5,2,6,7,3,N,NULL,Y,Y,2040,2040,2040,N,NULL,55,7,0,N,,N,N,098-KY-1426-0,NULL,NULL,2022,C,7.27587E+11,098-KY-1426  -000,HIGH,098-KY-1426  -000,12.005,0,0,1,0,0,0,1,0,0,0,0,0,0
72737354,KSP0900,22-79497,20220304,1300,,,US119,,,US0119,US0119,0,098 US-119-10,US0119,N,N,NULL,NULL,NULL,N,NULL,NULL,NULL,NULL,NULL,NULL,1.198,NULL,NULL,NULL,NULL,,NULL,1,0,1,1,N,N,55,NULL,98,9801,8,N,N,37.50915,37,30.549,NULL,-82.51213,82,30.728,NULL,N,NULL,NULL,NULL,NULL,NULL,NULL,NULL,NULL,9,3,2,6,1,1,2,2,6,3,N,NULL,Y,Y,1302,1308,,N,NULL,44,2,1,N,,N,Y,098-US-0119-10,NULL,NULL,2022,C,7.27374E+11,098-US-0119  -010,HIGH,098-US-0119  -000,1.198,0,0,0,0,0,0,0,0,0,0,0,1,0
72764468,980100,2.022E+11,20220520,1308,,,BYPASS,S,RD,KY1426,KY1426,0,098 KY-1426,KY1426,Y,N,NULL,NULL,NULL,N,NULL,NULL,NULL,NULL,NULL,NULL,5.657,NULL,NULL,NULL,NULL,,NULL,0,0,2,2,Y,N,55,NULL,98,9801,NULL,,Y,37.47262,37,28.357,NULL,-82.52344,82,31.406,NULL,N,NULL,NULL,NULL,NULL,NULL,NULL,NULL,NULL,8,97,2,6,2,1,2,2,5,3,N,NULL,Y,N,1308,1313,1313,N,NULL,90,,0,N,,N,N,098-KY-1426-0,NULL,NULL,2022,O,7.27645E+11,098-KY-1426  -000,HIGH,098-KY-1426  -000,5.657,0,0,0,0,0,0,1,0,0,0,0,0,0