MasterFile,AgencyORINumber,LocalCode,CollisionDate,CollisionTime,CollisionDayWeekCode,RoadwayName_HouseBusinessNumber_,RoadwayName_RoadwayName_,RoadwayName_Direction_,RoadwayName_RoadwaySuffix_,RoadwayfromReport,CurrentRoadwayNumber,RoadwayNumberCoupletID,RSEUniqueGIS,RoadwayIdentifier,ParkingLotIndicator,IntersectionWith_Indicator_,IntersectionWith_NameRoadway_,IntersectionWith_Direction_,IntersectionWith_RoadwaySuffix_,BetweenStreets_Indicator_,BetweenStreets1_NameRoadway_,BetweenStreet1_Direction_,BetweenStreets1_RoadwaySuffix_,BetweenStreets2_NameRoadway_,BetweenStreets2_Direction_,BetweenStreets2_RoadwaySuffix_,Milepoint,ReportMilepointDeriveNumber,CurrentDerivedMiepointNumber,MilestoMilepoint,FeettoMilepoint,DirectionfromMilepoint_NSEW_,ValidMilepointIndicator,NumberInjured,NumberKilled,ofUnits,ofMotorVehicleUnits,Hit&RunIndicator,OneWayIndicator,SpeedLimitNumber,KilometersIndicator,CountyCode,CityCountyCode,MilesFromCity,DirectionFromCity_NSEW_,InCityLimitsIndicator,Latitude,LatitudeDegrees,LatitudeMinutes,LatitudeSeconds,Longitude,LongitudeDegrees,LongitudeMinutes,LongitudeSeconds,RampIndicator,RampFromIdentifier,RampFromDirCode,RampFromCoupletID,RSEUniqueGISRampFrom,RampToidentifier,RampToDirCode,RampToCoupletID,RSEUniqueGisRampTo,MannerofCollisionCode,LocationFirstEventCode,TotalLanes,RoadwayCharacterCode,RoadwaySurfaceCode,RoadwayConditionCode,WeatherCode,LightConditionCode,LandUseCode,SchoolBusRelatedCode,FirstAidSceneIndicator,CollDescPresentInd,InvestigationCompleteIndicator,PhotosTakenIndicator,TimeNotified,TimeArrived,TimeRoadwayOpened,PropertyDamageIndicator,DiagramPresentIndicator,DirectionalAnalysis,FunctionClassCode,NationalHwySysCode,EnforcementsIndicator,KARSCityCode,SecondaryCollisionIndicator,MedianCrossoverIndicator,RT_UNIQUE,MapIt,TimeLastLeft,YR,KABCO,MFNY,WorkingRID,RT_CONFIDENCE,KTC_RT,KTC_MP,Motorcyclist,CommercialVehicle,YoungDriver,MatureDriver,pedestrian,Bicyclist,Distracted,agressive,Impaired,Unrestrained,Intersection,RoadwayDeparture,MedXover
72772518,980500,2022AR026,20220614,1339,,,US 23 NORTH,,,,,,,,N,N,NULL,NULL,NULL,N,NULL,NULL,NULL,NULL,NULL,NULL,NULL,NULL,NULL,NULL,NULL,NULL,NULL,4,0,2,2,N,N,45,NULL,98,9807,NULL,,Y,37.51907,37,31.145,NULL,-82.56613,82,33.968,NULL,N,NULL,NULL,NULL,NULL,NULL,NULL,NULL,NULL,1,3,6,6,1,1,2,2,7,3,Y,NULL,Y,Y,1339,1340,1415,N,NULL,55,,,N,,N,N,,NULL,NULL,2022,C,7.27725E+11,098-CS-3000  -071,MEDIUM,098-CS-3000  -071,0.006,0,0,0,1,0,0,1,0,0,1,0,0,0
72757268,980100,2.022E+11,20220503,1348,,911,BYPASS,S,RD,KY1426,KY1426,0,098 KY-1426,KY1426,Y,N,NULL,NULL,NULL,N,NULL,NULL,NULL,NULL,NULL,NULL,5.616,NULL,NULL,NULL,NULL,,NULL,0,0,1,1,N,Y,NULL,NULL,98,9801,NULL,,Y,37.47247,37,28.348,NULL,-82.52293,82,31.376,NULL,N,NULL,NULL,NULL,NULL,NULL,NULL,NULL,NULL,9,97,2,3,1,1,2,2,1,3,N,NULL,Y,N,1348,1411,,Y,NULL,90,,0,N,,N,N,098-KY-1426-0,NULL,NULL,2022,O,7.27573E+11,098-KY-1426  -000,HIGH,098-KY-1426  -000,5.616,0,0,0,0,0,0,0,0,0,0,0,1,0
72763482,980500,2022AR021,20220519,1003,,,US HWY 23 SOUTH,,,,,,,,N,N,NULL,NULL,NULL,N,NULL,NULL,NULL,NULL,NULL,NULL,NULL,NULL,NULL,NULL,NULL,NULL,NULL,3,0,2,2,N,N,45,NULL,98,9807,NULL,,Y,37.52013,37,31.208,NULL,-82.56784,82,34.071,NULL,N,NULL,NULL,NULL,NULL,NULL,NULL,NULL,NULL,1,3,6,6,1,1,2,2,7,3,Y,NULL,Y,Y,1003,1005,1116,N,NULL,55,,,Y,,N,N,,NULL,NULL,2022,C,7.27635E+11,098-US-0023  -010,MEDIUM,098-US-0023  -000,28.64,0,0,0,0,0,0,1,1,0,1,0,0,0
72712769,KSP0900,21-514499,20211218,2004,,,US460,,,US0460,US0460,0,098 US-460,US0460,N,N,NULL,NULL,NULL,N,NULL,NULL,NULL,NULL,NULL,NULL,2.324,NULL,NULL,NULL,NULL,,NULL,0,1,1,1,N,N,55,NULL,98,9824,NULL,,Y,37.43339,37,26.003,NULL,-82.48679,82,29.207,NULL,N,NULL,NULL,NULL,NULL,NULL,NULL,NULL,NULL,9,3,2,6,1,5,6,5,7,3,Y,NULL,N,Y,2004,2024,2200,N,NULL,44,,1,N,,N,N,098-US-0460-0,NULL,NULL,2021,K,7.27128E+11,098-US-0460  -000,HIGH,098-US-0460  -000,2.324,0,0,0,0,0,0,0,0,0,1,0,1,0
72738944,980100,2.022E+11,20220309,1755,,,US23,,,US0023,US0023,0,098 US-23-10,US0023,N,Y,KY3496,,,N,NULL,NULL,NULL,NULL,NULL,NULL,23.053,NULL,NULL,NULL,NULL,,NULL,0,0,2,2,N,N,55,NULL,98,9801,NULL,,Y,37.46579,37,27.948,NULL,-82.52817,82,31.69,NULL,N,NULL,NULL,NULL,NULL,NULL,NULL,NULL,NULL,5,3,4,6,1,1,3,2,1,3,N,NULL,Y,N,1755,1801,,N,NULL,35,,1,N,,N,N,098-US-0023-10,NULL,NULL,2022,O,7.27389E+11,098-US-0023  -010,HIGH,098-US-0023  -000,23.053,0,0,0,0,0,0,1,0,0,0,1,0,0
72799338,KSP0900,22-331965,20220827,1426,,,KY194,,,KY0194,KY0194,0,098 KY-194,KY0194,N,N,NULL,NULL,NULL,N,NULL,NULL,NULL,NULL,NULL,NULL,26.304,NULL,NULL,NULL,NULL,,NULL,2,0,2,2,N,N,55,NULL,98,9817,NULL,,Y,37.50089,37,30.053,NULL,-82.35471,82,21.282,NULL,N,NULL,NULL,NULL,NULL,NULL,NULL,NULL,NULL,1,3,2,6,1,1,2,2,7,3,Y,NULL,Y,Y,1426,1448,1519,N,NULL,55,6,0,N,,N,N,098-KY-0194-0,NULL,NULL,2022,C,7.27993E+11,098-KY-0194  -000,HIGH,098-KY-0194  -000,26.304,0,0,0,0,0,0,1,0,0,0,0,0,0
72708032,KSP0900,21-504422,20211211,1840,,,US119,,,US0119,US0119,,,,N,N,NULL,NULL,NULL,N,NULL,NULL,NULL,NULL,NULL,NULL,22.7,NULL,NULL,NULL,NULL,,NULL,0,0,2,2,N,N,35,NULL,98,9836,NULL,,Y,37.6409,37,38.454,NULL,-82.25964,82,15.579,NULL,N,NULL,NULL,NULL,NULL,NULL,NULL,NULL,NULL,8,3,2,3,1,5,3,6,7,3,N,NULL,N,N,1840,1842,1842,N,NULL,53,2,1,N,,N,N,,NULL,NULL,2021,O,7.2708E+11,098-US-0119  -000,MEDIUM,098-US-0119  -000,22.7,0,0,0,0,0,0,0,1,0,0,0,1,0
72695282,KSP0900,21-462666,20211111,1502,,116,HOLLY,,DR,,,0,098 CR-1374,CR1374,N,N,NULL,NULL,NULL,N,NULL,NULL,NULL,NULL,NULL,NULL,0.113,NULL,NULL,NULL,NULL,,NULL,1,0,1,1,N,N,25,NULL,98,9801,0.3,N,N,37.50424,37,30.254,NULL,-82.54475,82,32.685,NULL,N,NULL,NULL,NULL,NULL,NULL,NULL,NULL,NULL,9,97,2,6,1,1,2,2,7,3,Y,NULL,Y,Y,1503,1513,1600,Y,NULL,70,,,N,,N,N,098-CR-1374-0,NULL,NULL,2021,B,7.26953E+11,098-CR-1374  -000,HIGH,098-CR-1374  -000,0.113,0,0,0,0,0,0,1,0,0,1,0,0,0
72793506,980100,2.022E+11,20220806,2129,,,US23,,,US0023,US0023,0,098 US-23,US0023,N,N,NULL,NULL,NULL,N,NULL,NULL,NULL,NULL,NULL,NULL,31.731,NULL,NULL,NULL,NULL,,NULL,0,0,5,5,N,N,55,NULL,98,9801,NULL,,Y,37.53728,37,32.237,NULL,-82.60393,82,36.236,NULL,N,NULL,NULL,NULL,NULL,NULL,NULL,NULL,NULL,1,3,4,6,1,1,2,6,7,3,N,NULL,Y,N,2129,2140,,N,NULL,55,,1,N,,N,N,098-US-0023-0,NULL,NULL,2022,O,7.27935E+11,098-US-0023  -000,HIGH,098-US-0023  -000,31.731,0,0,1,0,0,0,0,0,0,0,0,0,0
72727573,980100,2.022E+11,20220204,1029,,533,HAMBLEY,,BLVD,,,0,098 CS-1222,CS1222,Y,N,NULL,NULL,NULL,N,NULL,NULL,NULL,NULL,NULL,NULL,1.078,NULL,NULL,NULL,NULL,,NULL,0,0,2,2,N,N,NULL,NULL,98,9801,NULL,,Y,37.48483,37,29.09,NULL,-82.52312,82,31.387,NULL,N,NULL,NULL,NULL,NULL,NULL,NULL,NULL,NULL,2,97,1,6,1,5,3,2,1,3,N,NULL,Y,N,1030,1031,1040,N,NULL,90,,,N,,N,N,098-CS-1222-0,NULL,NULL,2022,O,7.27276E+11,098-CS-1222  -000,HIGH,098-CS-1222  -000,1.078,0,0,0,0,0,0,1,0,0,0,0,0,0
72744315,KSP0900,2022-109066,20220325,1045,,,KY194,,,KY0194,KY0194,0,098 KY-194,KY0194,N,N,NULL,NULL,NULL,N,NULL,NULL,NULL,NULL,NULL,NULL,29.014,NULL,NULL,NULL,NULL,,NULL,0,0,1,1,N,N,55,NULL,98,9817,NULL,,Y,37.46819,37,28.091,NULL,-82.35802,82,21.481,NULL,N,NULL,NULL,NULL,NULL,NULL,NULL,NULL,NULL,9,3,2,6,1,1,2,2,7,3,N,NULL,Y,N,1000,1000,1000,N,NULL,70,7,0,N,,N,N,098-KY-0194-0,NULL,NULL,2022,O,7.27443E+11,098-KY-0194  -000,HIGH,098-KY-0194  -000,29.014,0,0,0,0,0,0,0,0,0,0,0,0,0
72759204,980100,2.022E+11,20220505,1444,,,BYPASS,S,RD,KY1426,KY1426,0,098 KY-1426,KY1426,Y,N,NULL,NULL,NULL,N,NULL,NULL,NULL,NULL,NULL,NULL,5.677,NULL,NULL,NULL,NULL,,NULL,0,0,2,2,N,N,15,NULL,98,9801,NULL,,Y,37.47271,37,28.363,NULL,-82.52308,82,31.385,NULL,N,NULL,NULL,NULL,NULL,NULL,NULL,NULL,NULL,1,97,1,6,2,1,2,2,1,3,N,NULL,Y,N,1444,1447,1447,N,NULL,90,,0,N,,N,N,098-KY-1426-0,NULL,NULL,2022,O,7.27592E+11,098-KY-1426  -000,HIGH,098-KY-1426  -000,5.677,0,0,0,1,0,0,1,0,0,0,0,0,0
72739512,980100,2.022E+11,20220307,1016,,,CASSIDY,,BLVD,,,0,098 CS-1191,CS1191,N,N,NULL,NULL,NULL,N,NULL,NULL,NULL,NULL,NULL,NULL,0.209,NULL,NULL,NULL,NULL,,NULL,0,0,2,2,N,N,35,NULL,98,9801,NULL,,Y,37.5042,37,30.252,NULL,-82.53534,82,32.12,NULL,N,NULL,NULL,NULL,NULL,NULL,NULL,NULL,NULL,1,3,2,6,1,1,3,2,1,3,N,NULL,Y,N,1016,1025,,N,NULL,55,,,N,,N,N,098-CS-1191-0,NULL,NULL,2022,O,7.27395E+11,098-CS-1191  -000,HIGH,098-CS-1191  -000,0.209,0,0,1,0,0,0,1,1,0,0,0,0,0
72723479,980100,2.022E+11,20220122,1055,,,MT CHASE,,DR,,,0,098 CS-1179,CS1179,Y,N,NULL,NULL,NULL,N,NULL,NULL,NULL,NULL,NULL,NULL,0.053,NULL,NULL,NULL,NULL,,NULL,0,0,1,1,N,N,NULL,NULL,98,9801,NULL,,Y,37.48317,37,28.99,NULL,-82.52869,82,31.722,NULL,N,NULL,NULL,NULL,NULL,NULL,NULL,NULL,NULL,9,97,NULL,4,1,2,2,2,6,3,N,NULL,Y,N,1055,1102,,N,NULL,90,,,N,,N,N,098-CS-1179-0,NULL,NULL,2022,O,7.27235E+11,098-CS-1179  -000,HIGH,098-CS-1179  -000,0.053,0,0,0,0,0,0,0,0,0,0,0,1,0
72753687,KSP0900,22-146296,20220422,1109,,,BRUSHY,,RD,KY0881,KY0881,0,098 KY-881,KY0881,N,N,NULL,NULL,NULL,N,NULL,NULL,NULL,NULL,NULL,NULL,2.085,NULL,NULL,NULL,NULL,,NULL,0,0,2,2,N,N,55,NULL,98,9820,NULL,,Y,37.5989,37,35.934,NULL,-82.39352,82,23.611,NULL,N,NULL,NULL,NULL,NULL,NULL,NULL,NULL,NULL,7,3,2,2,1,1,2,2,7,3,N,NULL,Y,N,1109,1122,1122,N,NULL,54,8,0,N,,N,N,098-KY-0881-0,NULL,NULL,2022,O,7.27537E+11,098-KY-0881  -000,HIGH,098-KY-0881  -000,2.085,0,0,0,1,0,0,0,0,0,0,0,1,0
72793462,980000,2208001,20220812,1110,,11,GOODY ROAD SOUTH WILLIAMSON,,,,,,,,Y,N,NULL,NULL,NULL,N,NULL,NULL,NULL,NULL,NULL,NULL,NULL,NULL,NULL,NULL,NULL,NULL,NULL,0,0,2,2,N,N,NULL,NULL,98,9834,1,N,N,37.65934,37,39.561,NULL,-82.27322,82,16.393,NULL,N,NULL,NULL,NULL,NULL,NULL,NULL,NULL,NULL,8,97,2,6,2,1,2,2,1,3,N,NULL,N,Y,1110,1115,1145,N,NULL,90,,,N,,N,N,,NULL,NULL,2022,O,7.27935E+11,098-US-0119  -010,MEDIUM,098-US-0119  -000,24.31,0,0,0,0,0,0,1,0,0,0,0,0,0
72757619,980100,2.022E+11,20220502,1833,,,KY1426,,,KY1426,KY1426,,,,N,N,NULL,NULL,NULL,N,NULL,NULL,NULL,NULL,NULL,NULL,9.119,NULL,NULL,NULL,NULL,,NULL,0,0,1,1,N,N,45,NULL,98,9801,NULL,,Y,37.50686,37,30.412,NULL,-82.48898,82,29.339,NULL,N,NULL,NULL,NULL,NULL,NULL,NULL,NULL,NULL,9,5,3,1,1,1,2,2,7,3,N,NULL,Y,N,1833,1839,,N,NULL,44,,0,N,,N,N,,NULL,NULL,2022,O,7.27576E+11,098-KY-1426  -000,MEDIUM,098-KY-1426  -000,9.119,0,0,0,0,0,0,0,0,0,0,0,1,0
72728608,980100,2.022E+11,20220207,2109,,,KY3495,,,KY3495,KY3495,0,098 KY-3495,KY3495,N,N,NULL,NULL,NULL,N,NULL,NULL,NULL,NULL,NULL,NULL,0.141,NULL,NULL,NULL,NULL,,NULL,0,0,2,2,Y,N,45,NULL,98,9801,NULL,,Y,37.48795,37,29.277,NULL,-82.54122,82,32.473,NULL,N,NULL,NULL,NULL,NULL,NULL,NULL,NULL,NULL,1,97,2,6,1,1,2,7,7,3,N,NULL,Y,N,2109,2112,2112,N,NULL,47,17,0,N,,N,N,098-KY-3495-0,NULL,NULL,2022,NULL,7.27286E+11,098-KY-3495  -000,HIGH,098-KY-3495  -000,0.141,0,0,0,0,0,0,0,0,0,0,0,0,0
72740132,KSP0900,22-91491,20220313,804,,,US460,,,US0460,US0460,0,098 US-460,US0460,N,N,NULL,NULL,NULL,N,NULL,NULL,NULL,NULL,NULL,NULL,2.986,NULL,NULL,NULL,NULL,,NULL,0,0,2,2,Y,N,45,NULL,98,9824,NULL,,Y,37.42877,37,25.726,NULL,-82.47631,82,28.579,NULL,N,NULL,NULL,NULL,NULL,NULL,NULL,NULL,NULL,7,97,2,6,1,4,9,7,6,,N,NULL,Y,N,830,849,849,N,NULL,47,,1,N,,N,N,098-US-0460-0,NULL,NULL,2022,NULL,7.27401E+11,098-US-0460  -000,HIGH,098-US-0460  -000,2.986,0,0,0,0,0,0,0,0,0,0,0,0,0
72726871,980000,22-01-003,20220121,1300,,,LEFT FORK BLACKBERRY,,RD,,,0,098 CR-1809,CR1809,N,N,NULL,NULL,NULL,N,NULL,NULL,NULL,NULL,NULL,NULL,0.477,NULL,NULL,NULL,NULL,,NULL,0,0,2,2,N,N,15,NULL,98,9879,NULL,,Y,37.52443,37,31.466,NULL,-82.21692,82,13.015,NULL,N,NULL,NULL,NULL,NULL,NULL,NULL,NULL,NULL,3,3,1,1,1,2,3,2,6,3,N,NULL,Y,Y,1300,1340,1500,N,NULL,52,,,N,,N,N,098-CR-1809-0,NULL,NULL,2022,O,7.27269E+11,098-CR-1809  -000,HIGH,098-CR-1809  -000,0.477,0,1,0,0,0,0,0,0,0,0,0,1,0
72737771,980100,2.022E+11,20220303,1655,,,CASSIDY,,BLVD,,,,,,Y,N,NULL,NULL,NULL,N,NULL,NULL,NULL,NULL,NULL,NULL,NULL,NULL,NULL,NULL,NULL,,NULL,0,0,2,2,N,N,NULL,NULL,98,9801,NULL,,Y,37.50457,37,30.274,NULL,-82.53657,82,32.194,NULL,N,NULL,NULL,NULL,NULL,NULL,NULL,NULL,NULL,2,97,1,6,1,1,2,2,1,3,N,NULL,Y,N,1655,1705,,N,NULL,90,,,N,,N,N,,NULL,NULL,2022,O,7.27378E+11,098-CS-1191  -000,MEDIUM,098-CS-1191  -000,0.26,0,0,0,1,0,0,1,0,0,0,0,0,0
72747071,370200,2022104052,20220322,1039,,,ABNER MOUNTAIN,,RD,KY0122,KY0122,0,098 KY-122,KY0122,N,N,NULL,NULL,NULL,N,NULL,NULL,NULL,NULL,NULL,NULL,0.736,NULL,NULL,NULL,NULL,,NULL,0,0,1,1,N,N,55,NULL,98,9827,NULL,,Y,37.3441,37,20.646,NULL,-82.64931,82,38.958,NULL,N,NULL,NULL,NULL,NULL,NULL,NULL,NULL,NULL,9,5,2,2,1,1,3,2,7,3,N,NULL,Y,N,1041,1120,1155,N,NULL,44,,0,N,,N,N,098-KY-0122-0,NULL,NULL,2022,O,7.27471E+11,098-KY-0122  -000,HIGH,098-KY-0122  -000,0.736,0,1,0,0,0,0,0,0,0,0,0,1,0
72791285,KSP0900,22-297772,20220803,117,,,TOLER,,RD,KY0319,KY0319,0,098 KY-319,KY0319,N,N,NULL,NULL,NULL,N,NULL,NULL,NULL,NULL,NULL,NULL,6.536,NULL,NULL,NULL,NULL,,NULL,0,0,1,1,N,N,35,NULL,98,9842,NULL,,Y,37.63788,37,38.273,NULL,-82.25246,82,15.148,NULL,N,NULL,NULL,NULL,NULL,NULL,NULL,NULL,NULL,9,3,2,3,1,1,2,6,7,3,N,NULL,N,N,114,117,200,Y,NULL,40,7,0,N,,N,N,098-KY-0319-0,NULL,NULL,2022,O,7.27913E+11,098-KY-0319  -000,HIGH,098-KY-0319  -000,6.536,0,0,0,0,0,0,0,0,0,0,0,1,0
72725011,KSP0900,22-34027,20220128,1235,,,BOWLING,,FRK,,,0,098 CR-1206Q3,CR1206Q3,N,N,NULL,NULL,NULL,N,NULL,NULL,NULL,NULL,NULL,NULL,1.916,NULL,NULL,NULL,NULL,,NULL,1,0,1,1,N,N,35,NULL,98,9802,6,W,N,37.30047,37,18.028,NULL,-82.50487,82,30.292,NULL,N,NULL,NULL,NULL,NULL,NULL,NULL,NULL,NULL,9,5,2,3,2,1,9,2,7,3,Y,NULL,Y,N,1237,1305,1345,N,NULL,44,,,Y,,N,N,098-CR-1206Q3-0,NULL,NULL,2022,B,7.2725E+11,098-CR-1206Q3-000,HIGH,098-CR-1206Q3-000,1.916,0,0,0,0,0,0,0,0,0,0,0,1,0
72777445,KSP0900,22-225532,20220615,1757,,,FISHTRAP,,RD,KY1441,KY1441,0,098 KY-1441,KY1441,N,N,NULL,NULL,NULL,N,NULL,NULL,NULL,NULL,NULL,NULL,10.103,NULL,NULL,NULL,NULL,,NULL,1,0,2,2,N,N,45,NULL,98,9850,NULL,,Y,37.51824,37,31.094,NULL,-82.45402,82,27.241,NULL,N,NULL,NULL,NULL,NULL,NULL,NULL,NULL,NULL,8,3,2,3,1,1,2,2,7,3,Y,NULL,Y,Y,1757,1759,1806,N,NULL,53,8,0,N,,N,N,098-KY-1441-0,NULL,NULL,2022,B,7.27774E+11,098-KY-1441  -000,HIGH,098-KY-1441  -000,10.103,0,0,0,0,0,0,0,1,0,0,0,1,0
72768156,KSP0900,22-204055,20220601,810,,,US23,,,US0023,US0023,0,098 US-23-10,US0023,N,N,NULL,NULL,NULL,N,NULL,NULL,NULL,NULL,NULL,NULL,12.564,NULL,NULL,NULL,NULL,,NULL,0,0,1,1,N,N,55,NULL,98,9801,8,S,N,37.36915,37,22.149,NULL,-82.54771,82,32.862,NULL,N,NULL,NULL,NULL,NULL,NULL,NULL,NULL,NULL,9,3,4,6,1,1,2,2,7,3,N,NULL,Y,N,815,819,819,N,NULL,38,,1,N,,N,N,098-US-0023-10,NULL,NULL,2022,O,7.27682E+11,098-US-0023  -010,HIGH,098-US-0023  -000,12.564,0,0,0,0,0,0,0,0,0,0,0,0,0
72766331,980100,2.022E+11,20220527,707,,911,BYPASS,,RD,,,0,098 CS-1223,CS1223,Y,N,NULL,NULL,NULL,N,NULL,NULL,NULL,NULL,NULL,NULL,NULL,NULL,NULL,NULL,NULL,NULL,NULL,0,0,2,2,N,N,NULL,NULL,98,9801,NULL,,Y,37.47128,37,28.277,NULL,-82.52117,82,31.27,NULL,N,NULL,NULL,NULL,NULL,NULL,NULL,NULL,NULL,2,97,1,6,2,1,3,2,1,3,N,NULL,Y,N,707,710,710,N,NULL,90,,,N,,N,N,098-CS-1223-0,NULL,NULL,2022,O,7.27663E+11,098-CS-1223  -000,HIGH,098-CS-1223  -000,0.136,0,0,0,0,0,0,1,0,0,0,0,0,0
72729005,980100,2.022E+11,20220202,1912,,,BYPASS,S,RD,KY1426,KY1426,0,098 KY-1426,KY1426,N,N,NULL,NULL,NULL,N,NULL,NULL,NULL,NULL,NULL,NULL,5.624,NULL,NULL,NULL,NULL,,NULL,0,0,2,2,N,N,35,NULL,98,9801,NULL,,Y,37.47252,37,28.351,NULL,-82.52403,82,31.442,NULL,N,NULL,NULL,NULL,NULL,NULL,NULL,NULL,NULL,5,3,2,6,1,5,6,5,1,3,N,NULL,Y,N,1912,1913,1915,N,NULL,70,,0,N,,N,N,098-KY-1426-0,NULL,NULL,2022,O,7.2729E+11,098-KY-1426  -000,HIGH,098-KY-1426  -000,5.624,0,0,0,0,0,0,1,0,0,0,0,0,0
72770334,980100,2.022E+11,20220607,1720,,,US23,,,US0023,US0023,0,098 US-23-10,US0023,N,N,NULL,NULL,NULL,N,NULL,NULL,NULL,NULL,NULL,NULL,26.486,NULL,NULL,NULL,NULL,,NULL,0,0,3,3,N,N,55,NULL,98,9801,NULL,,Y,37.50635,37,30.381,NULL,-82.5335,82,32.01,NULL,N,NULL,NULL,NULL,NULL,NULL,NULL,NULL,NULL,5,3,4,6,1,1,3,2,7,2,N,NULL,Y,N,1720,1720,1753,N,NULL,49,,1,N,,N,N,098-US-0023-10,NULL,NULL,2022,O,7.27703E+11,098-US-0023  -010,HIGH,098-US-0023  -000,26.486,0,0,0,0,0,0,1,0,0,0,0,0,0
72749206,KSP0900,22-129129,20220410,418,,,KY194,,,KY0194,KY0194,0,098 KY-194,KY0194,N,N,NULL,NULL,NULL,N,NULL,NULL,NULL,NULL,NULL,NULL,17.741,NULL,NULL,NULL,NULL,,NULL,1,0,1,1,N,N,55,NULL,98,9828,NULL,,Y,37.55629,37,33.377,NULL,-82.43225,82,25.935,NULL,N,NULL,NULL,NULL,NULL,NULL,NULL,NULL,NULL,9,5,2,6,1,5,2,6,7,3,Y,NULL,N,Y,416,437,437,N,NULL,44,7,0,N,,N,N,098-KY-0194-0,NULL,NULL,2022,B,7.27492E+11,098-KY-0194  -000,HIGH,098-KY-0194  -000,17.741,0,0,0,0,0,0,0,0,0,0,0,1,0
72796456,980100,2.022E+11,20220807,1531,,,BILLUPS,,DR,,,0,098 CS-1221,CS1221,N,N,NULL,NULL,NULL,N,NULL,NULL,NULL,NULL,NULL,NULL,0.21,NULL,NULL,NULL,NULL,,NULL,0,0,1,1,N,N,15,NULL,98,9801,NULL,,Y,37.50854,37,30.513,NULL,-82.55224,82,33.134,NULL,N,NULL,NULL,NULL,NULL,NULL,NULL,NULL,NULL,9,3,2,6,1,1,2,2,1,3,N,NULL,Y,N,1533,1544,,N,NULL,44,,,N,,N,N,098-CS-1221-0,NULL,NULL,2022,O,7.27965E+11,098-CS-1221  -000,HIGH,098-CS-1221  -000,0.21,0,0,0,1,0,0,0,0,0,0,0,1,0
72735236,980100,2.022E+11,20220217,850,,911,BYPASS,S,RD,KY1426,KY1426,0,098 KY-1426,KY1426,Y,N,NULL,NULL,NULL,N,NULL,NULL,NULL,NULL,NULL,NULL,5.687,NULL,NULL,NULL,NULL,,NULL,0,0,2,2,N,N,15,NULL,98,9801,NULL,,Y,37.47274,37,28.365,NULL,-82.5229,82,31.374,NULL,N,NULL,NULL,NULL,NULL,NULL,NULL,NULL,NULL,1,97,2,6,2,1,3,2,1,3,N,NULL,Y,N,1813,1813,,N,NULL,90,,0,N,,N,N,098-KY-1426-0,NULL,NULL,2022,O,7.27352E+11,098-KY-1426  -000,HIGH,098-KY-1426  -000,5.687,0,0,0,0,0,0,0,0,0,0,0,0,0
72787610,980100,2.022E+11,20220722,1025,,215,CASSIDY,,BLVD,,,0,098 CS-1191,CS1191,Y,N,NULL,NULL,NULL,N,NULL,NULL,NULL,NULL,NULL,NULL,0.045,NULL,NULL,NULL,NULL,,NULL,0,0,2,2,Y,N,NULL,NULL,98,9801,NULL,,Y,37.5037,37,30.222,NULL,-82.5329,82,31.974,NULL,N,NULL,NULL,NULL,NULL,NULL,NULL,NULL,NULL,1,97,1,6,1,1,2,2,1,3,N,NULL,Y,N,1025,1036,1036,N,NULL,90,,,N,,N,N,098-CS-1191-0,NULL,NULL,2022,NULL,7.27876E+11,098-CS-1191  -000,HIGH,098-CS-1191  -000,0.045,0,0,0,0,0,0,0,0,0,0,0,0,0
72793959,KSP0900,22-307652,20220809,2049,,,KY632,,,KY0632,KY0632,0,098 KY-632,KY0632,N,N,NULL,NULL,NULL,N,NULL,NULL,NULL,NULL,NULL,NULL,1.671,NULL,NULL,NULL,NULL,,NULL,0,0,1,1,N,N,55,NULL,98,9817,NULL,,Y,37.49553,37,29.732,NULL,-82.3251,82,19.506,NULL,N,NULL,NULL,NULL,NULL,NULL,NULL,NULL,NULL,9,3,2,6,1,1,2,6,7,3,N,NULL,Y,N,2049,2150,2049,N,NULL,38,6,0,N,,N,N,098-KY-0632-0,NULL,NULL,2022,O,7.2794E+11,098-KY-0632  -000,HIGH,098-KY-0632  -000,1.671,0,0,0,0,0,0,0,0,0,0,0,0,0
72640795,KSP0900,21-262445,20210625,900,,,FISHTRAP,,RD,KY1441,KY1441,0,098 KY-1441,KY1441,N,N,NULL,NULL,NULL,N,NULL,NULL,NULL,NULL,NULL,NULL,1.7,NULL,NULL,NULL,NULL,,NULL,0,0,1,1,N,N,55,NULL,98,9801,NULL,,Y,37.41507,37,24.904,NULL,-82.42454,82,25.472,NULL,N,NULL,NULL,NULL,NULL,NULL,NULL,NULL,NULL,9,3,2,6,1,1,2,6,7,3,Y,NULL,N,N,2300,2310,2315,N,NULL,40,8,0,N,,N,N,098-KY-1441-0,NULL,NULL,2021,O,7.26408E+11,098-KY-1441  -000,HIGH,098-KY-1441  -000,1.7,0,0,0,0,0,0,0,0,0,1,0,1,0
72693091,980100,2.021E+11,20211105,936,,,CEDAR HILLS,,DR,KY3417,KY3417,0,098 KY-3417,KY3417,N,N,NULL,NULL,NULL,N,NULL,NULL,NULL,NULL,NULL,NULL,0.648,NULL,NULL,NULL,NULL,,NULL,0,0,1,1,N,N,35,NULL,98,9801,NULL,,Y,37.47072,37,28.243,NULL,-82.55771,82,33.463,NULL,N,NULL,NULL,NULL,NULL,NULL,NULL,NULL,NULL,9,4,2,4,1,1,2,2,6,3,N,NULL,Y,N,936,943,1017,Y,NULL,40,17,0,Y,,N,N,098-KY-3417-0,NULL,NULL,2021,O,7.26931E+11,098-KY-3417  -000,HIGH,098-KY-3417  -000,0.648,0,0,0,0,0,0,1,0,1,1,0,1,0