MasterFile,AgencyORINumber,LocalCode,CollisionDate,CollisionTime,CollisionDayWeekCode,RoadwayName_HouseBusinessNumber_,RoadwayName_RoadwayName_,RoadwayName_Direction_,RoadwayName_RoadwaySuffix_,RoadwayfromReport,CurrentRoadwayNumber,RoadwayNumberCoupletID,RSEUniqueGIS,RoadwayIdentifier,ParkingLotIndicator,IntersectionWith_Indicator_,IntersectionWith_NameRoadway_,IntersectionWith_Direction_,IntersectionWith_RoadwaySuffix_,BetweenStreets_Indicator_,BetweenStreets1_NameRoadway_,BetweenStreet1_Direction_,BetweenStreets1_RoadwaySuffix_,BetweenStreets2_NameRoadway_,BetweenStreets2_Direction_,BetweenStreets2_RoadwaySuffix_,Milepoint,ReportMilepointDeriveNumber,CurrentDerivedMiepointNumber,MilestoMilepoint,FeettoMilepoint,DirectionfromMilepoint_NSEW_,ValidMilepointIndicator,NumberInjured,NumberKilled,ofUnits,ofMotorVehicleUnits,Hit&RunIndicator,OneWayIndicator,SpeedLimitNumber,KilometersIndicator,CountyCode,CityCountyCode,MilesFromCity,DirectionFromCity_NSEW_,InCityLimitsIndicator,Latitude,LatitudeDegrees,LatitudeMinutes,LatitudeSeconds,Longitude,LongitudeDegrees,LongitudeMinutes,LongitudeSeconds,RampIndicator,RampFromIdentifier,RampFromDirCode,RampFromCoupletID,RSEUniqueGISRampFrom,RampToidentifier,RampToDirCode,RampToCoupletID,RSEUniqueGisRampTo,MannerofCollisionCode,LocationFirstEventCode,TotalLanes,RoadwayCharacterCode,RoadwaySurfaceCode,RoadwayConditionCode,WeatherCode,LightConditionCode,LandUseCode,SchoolBusRelatedCode,FirstAidSceneIndicator,CollDescPresentInd,InvestigationCompleteIndicator,PhotosTakenIndicator,TimeNotified,TimeArrived,TimeRoadwayOpened,PropertyDamageIndicator,DiagramPresentIndicator,DirectionalAnalysis,FunctionClassCode,NationalHwySysCode,EnforcementsIndicator,KARSCityCode,SecondaryCollisionIndicator,MedianCrossoverIndicator,RT_UNIQUE,MapIt,TimeLastLeft,YR,KABCO,MFNY,WorkingRID,RT_CONFIDENCE,KTC_RT,KTC_MP,Motorcyclist,CommercialVehicle,YoungDriver,MatureDriver,pedestrian,Bicyclist,Distracted,agressive,Impaired,Unrestrained,Intersection,RoadwayDeparture,MedXover
72718054,980000,22-01-001,20220106,2014,,,US 119 SOUTH,,,,,,,,N,N,NULL,NULL,NULL,N,NULL,NULL,NULL,NULL,NULL,NULL,NULL,NULL,NULL,NULL,NULL,NULL,NULL,0,0,2,2,N,N,55,NULL,98,9852,0.2,N,N,37.64119,37,38.471,NULL,-82.26009,82,15.606,NULL,N,NULL,NULL,NULL,NULL,NULL,NULL,NULL,NULL,3,3,4,6,1,4,9,6,2,3,N,NULL,N,N,2014,2014,2105,N,NULL,52,,,N,,N,N,,NULL,NULL,2022,O,7.27181E+11,098-US-0119  -010,MEDIUM,098-US-0119  -000,22.729,0,0,1,0,0,0,1,0,0,0,0,1,0
72750063,980100,2.022E+11,20220413,748,,,US23,,,US0023,US0023,0,098 US-23-10,US0023,N,N,NULL,NULL,NULL,N,NULL,NULL,NULL,NULL,NULL,NULL,26.562,NULL,NULL,NULL,NULL,,NULL,0,0,3,3,N,N,55,NULL,98,9801,NULL,,Y,37.50715,37,30.429,NULL,-82.53448,82,32.069,NULL,N,NULL,NULL,NULL,NULL,NULL,NULL,NULL,NULL,5,3,4,6,1,1,3,2,1,3,N,NULL,Y,N,743,747,830,N,NULL,49,,1,N,,N,N,098-US-0023-10,NULL,NULL,2022,O,7.27501E+11,098-US-0023  -010,HIGH,098-US-0023  -000,26.562,0,0,1,0,0,0,1,0,0,0,0,0,0
72734903,KSP0900,22-68436,20220224,1611,,,BEECH,,CRK,,,0,098 CR-1106,CR1106,N,N,NULL,NULL,NULL,N,NULL,NULL,NULL,NULL,NULL,NULL,0.649,NULL,NULL,NULL,NULL,,NULL,0,0,1,1,N,Y,20,NULL,98,9804,NULL,,Y,37.48085,37,28.851,NULL,-82.14417,82,8.65,NULL,N,NULL,NULL,NULL,NULL,NULL,NULL,NULL,NULL,9,3,1,6,1,5,6,2,7,3,N,NULL,Y,N,1611,1717,1717,N,NULL,40,,,N,,N,N,098-CR-1106-0,NULL,NULL,2022,O,7.27349E+11,098-CR-1106  -000,HIGH,098-CR-1106  -000,0.649,0,0,1,0,0,0,1,0,0,0,0,1,0
72749075,KSP0900,22-125372,20220407,1100,,,ROAD CREEK,,RD,,,0,098 CR-1659,CR1659,N,N,NULL,NULL,NULL,N,NULL,NULL,NULL,NULL,NULL,NULL,0.25,NULL,NULL,NULL,NULL,,NULL,4,0,2,2,N,N,15,NULL,98,9805,NULL,,Y,37.35456,37,21.274,NULL,-82.38535,82,23.121,NULL,N,NULL,NULL,NULL,NULL,NULL,NULL,NULL,NULL,3,3,1,3,1,5,2,2,7,3,N,NULL,Y,Y,1100,1120,1120,N,NULL,52,,,N,,N,N,098-CR-1659-0,NULL,NULL,2022,B,7.27491E+11,098-CR-1659  -000,HIGH,098-CR-1659  -000,0.25,0,0,1,0,0,0,0,1,0,0,0,1,0
72745142,KSP0900,22-103560,20220321,2057,,17873,KY80,,,KY0080,KY0080,0,098 KY-80,KY0080,N,N,NULL,NULL,NULL,N,NULL,NULL,NULL,NULL,NULL,NULL,2.769,NULL,NULL,NULL,NULL,,NULL,2,0,2,2,N,N,35,NULL,98,9802,NULL,,Y,37.30779,37,18.467,NULL,-82.35294,82,21.176,NULL,N,NULL,NULL,NULL,NULL,NULL,NULL,NULL,NULL,1,3,2,4,1,1,2,6,7,3,Y,NULL,Y,Y,2106,2106,2147,N,NULL,55,7,0,Y,,N,N,098-KY-0080-0,NULL,NULL,2022,A,7.27451E+11,098-KY-0080  -000,HIGH,098-KY-0080  -000,2.769,0,0,0,0,0,0,0,0,1,0,0,0,0
72774101,KSP0900,22-229777,20220618,1401,,,US119,,,US0119,US0119,0,098 US-119,US0119,N,N,NULL,NULL,NULL,N,NULL,NULL,NULL,NULL,NULL,NULL,24.957,NULL,NULL,NULL,NULL,,NULL,0,0,2,2,N,N,55,NULL,98,9834,NULL,,Y,37.66835,37,40.101,NULL,-82.27714,82,16.628,NULL,N,NULL,NULL,NULL,NULL,NULL,NULL,NULL,NULL,4,3,4,6,1,1,2,2,7,3,N,NULL,N,N,1401,1425,1425,N,NULL,70,2,1,N,,N,N,098-US-0119-0,NULL,NULL,2022,O,7.27741E+11,098-US-0119  -000,HIGH,098-US-0119  -000,24.957,0,0,0,0,0,0,0,0,0,0,0,0,0
72738427,980000,22-03-001,20220303,1112,,100,WINNERS CIRCLE DRIVE,,,,,,,,Y,N,NULL,NULL,NULL,N,NULL,NULL,NULL,NULL,NULL,NULL,NULL,NULL,NULL,NULL,NULL,NULL,NULL,0,0,2,2,N,N,NULL,NULL,98,9801,1,NW,N,37.51312,37,30.787,NULL,-82.49883,82,29.93,NULL,N,NULL,NULL,NULL,NULL,NULL,NULL,NULL,NULL,2,97,NULL,6,1,1,2,2,8,3,N,NULL,Y,N,1108,1112,,N,NULL,90,,,N,,N,N,,NULL,NULL,2022,O,7.27384E+11,098-US-0119  -010,MEDIUM,098-US-0119  -000,2.033,0,0,1,0,0,0,0,0,0,0,0,0,0
72791525,980100,2.022E+11,20220802,1340,,,ELM,N,ST,,,,,,N,Y,HAMBLEY,,BLVD,N,NULL,NULL,NULL,NULL,NULL,NULL,NULL,NULL,NULL,NULL,NULL,,NULL,0,0,2,2,N,N,25,NULL,98,9801,NULL,,Y,37.47704,37,28.622,NULL,-82.52175,82,31.305,NULL,N,NULL,NULL,NULL,NULL,NULL,NULL,NULL,NULL,1,3,3,6,1,1,2,2,7,3,N,NULL,Y,N,1340,1340,,N,NULL,10,,,N,,N,N,,NULL,NULL,2022,O,7.27915E+11,098-CS-1107  -000,MEDIUM,098-CS-1107  -000,0,0,0,1,1,0,0,1,1,0,0,1,0,0
72742313,980100,2.022E+11,20220319,2319,,,US23,,,US0023,US0023,0,098 US-23,US0023,N,N,NULL,NULL,NULL,N,NULL,NULL,NULL,NULL,NULL,NULL,27.337,NULL,NULL,NULL,NULL,,NULL,0,0,2,2,N,N,55,NULL,98,9801,NULL,,Y,37.51077,37,30.646,NULL,-82.54799,82,32.879,NULL,N,NULL,NULL,NULL,NULL,NULL,NULL,NULL,NULL,5,3,4,6,1,5,6,7,7,3,N,NULL,Y,N,2319,2328,2329,N,NULL,49,,1,N,,N,N,098-US-0023-0,NULL,NULL,2022,O,7.27423E+11,098-US-0023  -000,HIGH,098-US-0023  -000,27.337,0,0,0,1,0,0,1,0,0,0,0,0,0
72743010,980100,2.022E+11,20220318,1528,,,MAIN,,ST,,,0,098 CS-1112,CS1112,N,N,NULL,NULL,NULL,N,NULL,NULL,NULL,NULL,NULL,NULL,0.079,NULL,NULL,NULL,NULL,,NULL,0,0,1,1,N,N,15,NULL,98,9801,NULL,,Y,37.47877,37,28.726,NULL,-82.51796,82,31.077,NULL,N,NULL,NULL,NULL,NULL,NULL,NULL,NULL,NULL,9,4,2,6,1,1,2,2,1,3,N,NULL,Y,N,1528,1536,1536,Y,NULL,40,,,N,,N,N,098-CS-1112-0,NULL,NULL,2022,O,7.2743E+11,098-CS-1112  -000,HIGH,098-CS-1112  -000,0.079,0,0,0,0,0,0,0,0,0,0,0,1,0
72635822,KSP0900,21-242784,20210613,1330,,,US460,,,US0460,US0460,0,098 US-460,US0460,N,N,NULL,NULL,NULL,N,NULL,NULL,NULL,NULL,NULL,NULL,0.936,NULL,NULL,NULL,NULL,,NULL,2,0,1,1,N,N,55,NULL,98,9824,NULL,,Y,37.43136,37,25.882,NULL,-82.50487,82,30.292,NULL,N,NULL,NULL,NULL,NULL,NULL,NULL,NULL,NULL,9,5,2,6,1,1,2,2,6,3,Y,NULL,Y,N,1331,1341,1430,N,NULL,51,,1,N,,N,N,098-US-0460-0,NULL,NULL,2021,A,7.26358E+11,098-US-0460  -000,HIGH,098-US-0460  -000,0.936,0,0,0,0,0,0,1,0,0,1,0,1,0
72739364,KSP0900,2022-88440,20220310,2057,,,DUDLEY,,DR,,,0,098 CR-1407-30,CR1407,N,N,NULL,NULL,NULL,N,NULL,NULL,NULL,NULL,NULL,NULL,0.002,NULL,NULL,NULL,NULL,,NULL,0,0,2,2,N,N,5,NULL,98,9801,NULL,,Y,37.5374,37,32.244,NULL,-82.60646,82,36.387,NULL,N,NULL,NULL,NULL,NULL,NULL,NULL,NULL,NULL,2,97,1,6,1,1,2,5,7,3,N,NULL,Y,N,2057,4,4,N,NULL,47,,,N,,N,N,098-CR-1407-30,NULL,NULL,2022,O,7.27394E+11,098-CR-1407  -030,HIGH,098-CR-1407  -030,0.002,0,0,0,0,0,0,0,0,0,0,0,0,0
72772156,KSP0900,22-173174,20220510,2124,,,US119,,,US0119,US0119,0,098 US-119,US0119,N,N,NULL,NULL,NULL,N,NULL,NULL,NULL,NULL,NULL,NULL,23.459,NULL,NULL,NULL,NULL,,NULL,0,1,2,2,N,N,55,NULL,98,9836,NULL,,Y,37.64816,37,38.89,NULL,-82.26751,82,16.05,NULL,N,NULL,NULL,NULL,NULL,NULL,NULL,NULL,NULL,7,3,4,6,1,1,2,5,8,3,Y,NULL,N,Y,2254,2358,2358,N,NULL,54,2,1,N,,N,N,098-US-0119-0,NULL,NULL,2022,K,7.27722E+11,098-US-0119  -000,HIGH,098-US-0119  -000,23.459,0,0,0,0,0,0,0,1,1,0,0,1,0
72766824,980100,2.022E+11,20220523,1739,,,THOMPSON,,RD,,,0,098 CS-1215,CS1215,N,N,NULL,NULL,NULL,N,NULL,NULL,NULL,NULL,NULL,NULL,0.044,NULL,NULL,NULL,NULL,,NULL,0,0,2,2,N,N,35,NULL,98,9801,NULL,,Y,37.51016,37,30.61,NULL,-82.54824,82,32.895,NULL,N,NULL,NULL,NULL,NULL,NULL,NULL,NULL,NULL,5,3,2,6,1,5,6,2,1,3,N,NULL,Y,N,1715,1720,1720,N,NULL,49,,,Y,,N,N,098-CS-1215-0,NULL,NULL,2022,O,7.27668E+11,098-CS-1215  -000,HIGH,098-CS-1215  -000,0.044,0,0,0,1,0,0,1,0,0,0,0,0,0
72773938,980200,5/26/2022,20220526,1722,,,KY80,,,KY0080,KY0080,0,098 KY-80,KY0080,N,Y,CEDAR HILL,,RD,N,NULL,NULL,NULL,NULL,NULL,NULL,2.111,NULL,NULL,NULL,NULL,,NULL,0,0,2,2,N,N,55,NULL,98,9802,NULL,,Y,37.3147,37,18.882,NULL,-82.36005,82,21.603,NULL,N,NULL,NULL,NULL,NULL,NULL,NULL,NULL,NULL,8,3,2,6,1,5,3,2,6,3,Y,NULL,Y,Y,1722,1725,1844,N,NULL,19,7,5,N,,N,Y,098-KY-0080-0,NULL,NULL,2022,O,7.27739E+11,098-KY-0080  -000,HIGH,098-KY-0080  -000,2.111,0,0,1,0,0,0,0,0,0,0,1,0,0
72738563,980500,2022AR014,20220308,1622,,,CHURCH STREET,,,,,,,,Y,N,NULL,NULL,NULL,N,NULL,NULL,NULL,NULL,NULL,NULL,NULL,NULL,NULL,NULL,NULL,NULL,NULL,0,0,1,1,N,N,10,NULL,98,9807,NULL,,Y,37.51741,37,31.045,NULL,-82.56645,82,33.987,NULL,N,NULL,NULL,NULL,NULL,NULL,NULL,NULL,NULL,9,97,NULL,4,1,1,2,2,5,3,N,NULL,Y,Y,1624,1625,1625,N,NULL,90,,,N,,N,N,,NULL,NULL,2022,O,7.27386E+11,098-CS-3002  -000,MEDIUM,098-CS-3002  -000,0.231,0,0,0,0,0,0,0,0,0,0,0,1,0
72760572,KSP0900,22-168409,20220507,1404,,,KY199,,,KY0199,KY0199,0,098 KY-199,KY0199,N,N,NULL,NULL,NULL,N,NULL,NULL,NULL,NULL,NULL,NULL,10.469,NULL,NULL,NULL,NULL,,NULL,0,0,2,2,N,N,35,NULL,98,9851,NULL,,Y,37.58961,37,35.377,NULL,-82.26799,82,16.079,NULL,N,NULL,NULL,NULL,NULL,NULL,NULL,NULL,NULL,7,3,2,3,1,5,6,2,7,3,N,NULL,Y,N,1408,1420,1500,N,NULL,54,7,0,N,,N,N,098-KY-0199-0,NULL,NULL,2022,O,7.27606E+11,098-KY-0199  -000,HIGH,098-KY-0199  -000,10.469,0,0,1,0,0,0,1,0,0,0,0,1,0
72748405,KSP0900,22-112466,20220328,1830,,,KY199,,,KY0199,KY0199,0,098 KY-199,KY0199,N,N,NULL,NULL,NULL,N,NULL,NULL,NULL,NULL,NULL,NULL,9.15,NULL,NULL,NULL,NULL,,NULL,3,0,2,2,N,N,35,NULL,98,9872,NULL,,Y,37.57215,37,34.329,NULL,-82.26783,82,16.07,NULL,N,NULL,NULL,NULL,NULL,NULL,NULL,NULL,NULL,6,3,2,6,1,1,2,2,7,3,N,NULL,Y,N,1800,1800,1800,N,NULL,70,7,0,N,,N,N,098-KY-0199-0,NULL,NULL,2022,C,7.27484E+11,098-KY-0199  -000,HIGH,098-KY-0199  -000,9.15,0,0,0,0,0,0,0,0,0,0,0,0,0
72740131,KSP0900,22-90434,20220312,930,,,KY122,,,KY0122,KY0122,0,098 KY-122,KY0122,N,N,NULL,NULL,NULL,N,NULL,NULL,NULL,NULL,NULL,NULL,4.558,NULL,NULL,NULL,NULL,,NULL,0,0,2,2,N,N,45,NULL,98,9827,NULL,,Y,37.34566,37,20.74,NULL,-82.60149,82,36.089,NULL,N,NULL,NULL,NULL,NULL,NULL,NULL,NULL,NULL,7,3,2,6,1,4,9,2,6,3,N,NULL,Y,N,930,1030,1100,N,NULL,54,,0,N,,N,N,098-KY-0122-0,NULL,NULL,2022,O,7.27401E+11,098-KY-0122  -000,HIGH,098-KY-0122  -000,4.558,0,0,0,0,0,0,0,0,0,0,0,1,0
72761804,980100,2.022E+11,20220513,745,,,COLLEGE,S,ST,,,0,098 CS-1152,CS1152,N,N,NULL,NULL,NULL,N,NULL,NULL,NULL,NULL,NULL,NULL,0.25,NULL,NULL,NULL,NULL,,NULL,0,0,2,2,N,N,15,NULL,98,9801,NULL,,Y,37.47481,37,28.488,NULL,-82.52515,82,31.509,NULL,N,NULL,NULL,NULL,NULL,NULL,NULL,NULL,NULL,7,3,1,1,1,1,2,2,6,3,N,NULL,Y,N,745,750,833,N,NULL,54,,,N,,N,N,098-CS-1152-0,NULL,NULL,2022,O,7.27618E+11,098-CS-1152  -000,HIGH,098-CS-1152  -000,0.25,0,0,0,0,0,0,1,0,0,0,0,1,0
72738366,KSP0900,22-84070,20220307,1743,,,KY199,,,KY0199,KY0199,0,098 KY-199,KY0199,N,N,NULL,NULL,NULL,N,NULL,NULL,NULL,NULL,NULL,NULL,9.175,NULL,NULL,NULL,NULL,,NULL,0,0,2,2,N,N,35,NULL,98,9851,NULL,,Y,37.57248,37,34.349,NULL,-82.26762,82,16.057,NULL,N,NULL,NULL,NULL,NULL,NULL,NULL,NULL,NULL,1,3,2,6,1,5,2,2,7,3,N,NULL,Y,N,1743,1814,1840,N,NULL,55,7,0,N,,N,N,098-KY-0199-0,NULL,NULL,2022,O,7.27384E+11,098-KY-0199  -000,HIGH,098-KY-0199  -000,9.175,0,0,0,0,0,0,0,0,0,0,0,0,0
72790617,KSP0900,22-299186,20220803,2216,,,KY194,,,KY0194,KY0194,0,098 KY-194,KY0194,N,N,NULL,NULL,NULL,N,NULL,NULL,NULL,NULL,NULL,NULL,68.491,NULL,NULL,NULL,NULL,,NULL,0,0,1,1,N,N,35,NULL,98,9825,NULL,,Y,37.51017,37,30.61,NULL,-82.07478,82,4.487,NULL,N,NULL,NULL,NULL,NULL,NULL,NULL,NULL,NULL,9,5,2,3,1,6,2,6,7,3,N,NULL,Y,N,2216,2330,2330,N,NULL,51,7,0,N,,N,N,098-KY-0194-0,NULL,NULL,2022,O,7.27906E+11,098-KY-0194  -000,HIGH,098-KY-0194  -000,68.491,0,0,1,0,0,0,0,0,0,0,0,1,0
72763898,980100,2.022E+11,20220519,2318,,,CHLOE,,RD,KY1460,KY1460,0,098 KY-1460,KY1460,N,N,NULL,NULL,NULL,N,NULL,NULL,NULL,NULL,NULL,NULL,4.124,NULL,NULL,NULL,NULL,,NULL,0,0,1,1,N,N,35,NULL,98,9801,NULL,,Y,37.47626,37,28.575,NULL,-82.4989,82,29.934,NULL,N,NULL,NULL,NULL,NULL,NULL,NULL,NULL,NULL,9,3,2,6,1,5,6,7,6,3,N,NULL,Y,N,2318,2321,,Y,NULL,40,,0,N,,N,N,098-KY-1460-0,NULL,NULL,2022,O,7.27639E+11,098-KY-1460  -000,HIGH,098-KY-1460  -000,4.124,0,0,0,0,0,0,0,0,0,0,0,1,0
72758249,KSP0900,22-165757,20220505,1726,,,BILLY DOTSON,,BR,,,0,098 CR-1828E,CR1828E,Y,N,NULL,NULL,NULL,N,NULL,NULL,NULL,NULL,NULL,NULL,0.142,NULL,NULL,NULL,NULL,,NULL,0,0,2,2,Y,N,5,NULL,98,9804,NULL,,Y,37.54082,37,32.449,NULL,-82.16309,82,9.785,NULL,N,NULL,NULL,NULL,NULL,NULL,NULL,NULL,NULL,2,97,1,NULL,3,1,2,2,7,3,N,NULL,N,N,1726,1800,1800,N,NULL,90,,,N,,N,N,098-CR-1828E-0,NULL,NULL,2022,O,7.27582E+11,098-CR-1828E -000,HIGH,098-CR-1828E -000,0.142,0,0,0,0,0,0,0,0,0,0,0,0,0
72733513,980100,2.022E+11,20220215,1333,,,WILANA,,CT,,,0,098 CS-1056,CS1056,Y,N,NULL,NULL,NULL,N,NULL,NULL,NULL,NULL,NULL,NULL,0.04,NULL,NULL,NULL,NULL,,NULL,0,0,2,2,N,N,NULL,NULL,98,9801,NULL,,Y,37.47395,37,28.437,NULL,-82.52562,82,31.537,NULL,N,NULL,NULL,NULL,NULL,NULL,NULL,NULL,NULL,2,97,NULL,6,1,1,2,2,6,3,N,NULL,Y,N,657,705,,N,NULL,90,,,N,,N,N,098-CS-1056-0,NULL,NULL,2022,O,7.27335E+11,098-CS-1056  -000,HIGH,098-CS-1056  -000,0.04,0,1,0,1,0,0,1,0,0,0,0,0,0
72774775,980100,2.022E+11,20220614,1601,,,BANK,,ST,,,0,098 CS-1106,CS1106,Y,N,NULL,NULL,NULL,N,NULL,NULL,NULL,NULL,NULL,NULL,0.106,NULL,NULL,NULL,NULL,,NULL,0,0,2,2,Y,N,NULL,NULL,98,9801,NULL,,Y,37.47624,37,28.574,NULL,-82.52016,82,31.21,NULL,N,NULL,NULL,NULL,NULL,NULL,NULL,NULL,NULL,1,7,NULL,6,1,1,2,2,1,3,N,NULL,Y,N,1601,1601,1608,N,NULL,90,,,N,,N,N,098-CS-1106-0,NULL,NULL,2022,NULL,7.27748E+11,098-CS-1106  -000,HIGH,098-CS-1106  -000,0.106,0,0,0,0,0,0,0,0,0,0,0,0,0
72761270,KSP0900,22-176430,20220513,811,,,MAIN,,ST,,,0,098 CS-3000,CS3000,Y,N,NULL,NULL,NULL,N,NULL,NULL,NULL,NULL,NULL,NULL,0.006,NULL,NULL,NULL,NULL,,NULL,0,0,1,1,N,N,5,NULL,98,9807,NULL,,Y,37.51504,37,30.902,NULL,-82.55975,82,33.585,NULL,N,NULL,NULL,NULL,NULL,NULL,NULL,NULL,NULL,9,97,NULL,6,1,1,2,2,1,3,N,NULL,Y,N,835,856,900,Y,NULL,90,,,N,,N,N,098-CS-3000-0,NULL,NULL,2022,O,7.27613E+11,098-CS-3000  -000,HIGH,098-CS-3000  -000,0.006,0,0,0,0,0,0,1,0,0,0,0,0,0
72760571,KSP0900,22-168099,20220507,859,,,APPALACHIAN,,PLZ,,,0,098 PR-1008,PR1008,Y,N,NULL,NULL,NULL,N,NULL,NULL,NULL,NULL,NULL,NULL,0.098,NULL,NULL,NULL,NULL,,NULL,0,0,1,1,N,N,NULL,NULL,98,9834,NULL,,Y,37.66686,37,40.012,NULL,-82.27483,82,16.49,NULL,N,NULL,NULL,NULL,NULL,NULL,NULL,NULL,NULL,9,97,2,6,1,5,6,2,5,3,N,NULL,Y,N,859,930,930,Y,NULL,90,,,N,,N,N,098-PR-1008-0,NULL,NULL,2022,O,7.27606E+11,098-PR-1008  -000,HIGH,098-PR-1008  -000,0.098,0,0,0,0,0,0,1,0,0,0,0,1,0
72774102,KSP0900,22-229852,20220618,1448,,,OAK,E,ST,,,0,098 CR-1822D,CR1822D,N,N,NULL,NULL,NULL,N,NULL,NULL,NULL,NULL,NULL,NULL,0.034,NULL,NULL,NULL,NULL,,NULL,0,0,2,2,N,N,10,NULL,98,9811,NULL,,Y,37.56391,37,33.834,NULL,-82.13945,82,8.367,NULL,N,NULL,NULL,NULL,NULL,NULL,NULL,NULL,NULL,2,97,1,6,1,1,2,2,7,3,N,NULL,N,N,1448,1530,1530,N,NULL,47,,,N,,N,N,098-CR-1822D-0,NULL,NULL,2022,O,7.27741E+11,098-CR-1822D -000,HIGH,098-CR-1822D -000,0.034,0,0,0,0,0,0,0,0,0,0,0,0,0
72760592,980100,2.022E+11,20220507,1752,,,CASSIDY,,BLVD,,,0,098 CS-1191,CS1191,Y,N,NULL,NULL,NULL,N,NULL,NULL,NULL,NULL,NULL,NULL,0.278,NULL,NULL,NULL,NULL,,NULL,0,0,2,2,N,N,NULL,NULL,98,9801,NULL,,Y,37.50484,37,30.291,NULL,-82.5364,82,32.184,NULL,N,NULL,NULL,NULL,NULL,NULL,NULL,NULL,NULL,2,97,NULL,6,1,1,2,2,1,3,N,NULL,Y,N,1752,1754,,N,NULL,90,,,N,,N,N,098-CS-1191-0,NULL,NULL,2022,O,7.27606E+11,098-CS-1191  -000,HIGH,098-CS-1191  -000,0.278,0,0,1,0,0,0,0,0,0,0,0,0,0
72713170,980100,2.021E+11,20211220,1944,,254,CASSIDY,,BLVD,,,0,098 CS-1191,CS1191,Y,N,NULL,NULL,NULL,N,NULL,NULL,NULL,NULL,NULL,NULL,0.348,NULL,NULL,NULL,NULL,,NULL,0,0,2,2,N,N,15,NULL,98,9801,NULL,,Y,37.50522,37,30.313,NULL,-82.53785,82,32.271,NULL,N,NULL,NULL,NULL,NULL,NULL,NULL,NULL,NULL,2,97,NULL,6,1,1,2,8,1,3,N,NULL,Y,N,1944,1951,1951,N,NULL,90,,,N,,N,N,098-CS-1191-0,NULL,NULL,2021,O,7.27132E+11,098-CS-1191  -000,HIGH,098-CS-1191  -000,0.348,0,0,1,0,0,0,1,0,0,0,0,0,0
72723337,980100,2.022E+11,20220116,225,,,CEDAR HILLS,,RD,KY1426,KY1426,0,098 KY-1426,KY1426,N,N,NULL,NULL,NULL,N,NULL,NULL,NULL,NULL,NULL,NULL,3.623,NULL,NULL,NULL,NULL,,NULL,0,0,1,1,N,N,35,NULL,98,9801,NULL,,Y,37.45204,37,27.123,NULL,-82.53629,82,32.178,NULL,N,NULL,NULL,NULL,NULL,NULL,NULL,NULL,NULL,9,5,2,1,1,5,2,6,7,3,N,NULL,Y,N,226,228,341,N,NULL,44,8,0,N,,N,N,098-KY-1426-0,NULL,NULL,2022,NULL,7.27233E+11,098-KY-1426  -000,HIGH,098-KY-1426  -000,3.623,0,0,0,0,0,0,1,0,1,0,0,1,0
72738868,KSP0900,22-85905,20220309,645,,,KY197,,,KY0197,KY0197,0,098 KY-197,KY0197,N,N,NULL,NULL,NULL,N,NULL,NULL,NULL,NULL,NULL,NULL,16.618,NULL,NULL,NULL,NULL,,NULL,0,0,2,1,N,N,35,NULL,98,9802,NULL,,Y,37.30396,37,18.238,NULL,-82.35135,82,21.081,NULL,N,NULL,NULL,NULL,NULL,NULL,NULL,NULL,NULL,8,3,2,6,1,5,6,1,7,3,N,NULL,Y,N,645,704,704,N,NULL,53,7,0,N,,N,N,098-KY-0197-0,NULL,NULL,2022,O,7.27389E+11,098-KY-0197  -000,HIGH,098-KY-0197  -000,16.618,0,0,0,0,0,0,0,0,0,0,0,1,0
72773518,980100,2.022E+11,20220615,1010,,150,HUFFMAN,,AVE,,,0,098 CS-1123,CS1123,Y,N,NULL,NULL,NULL,N,NULL,NULL,NULL,NULL,NULL,NULL,0.017,NULL,NULL,NULL,NULL,,NULL,0,0,1,1,N,N,NULL,NULL,98,9801,NULL,,Y,37.47704,37,28.622,NULL,-82.51732,82,31.039,NULL,N,NULL,NULL,NULL,NULL,NULL,NULL,NULL,NULL,9,97,0,6,1,1,2,2,4,3,N,NULL,Y,N,1010,1011,1011,N,NULL,90,,,N,,N,N,098-CS-1123-0,NULL,NULL,2022,O,7.27735E+11,098-CS-1123  -000,HIGH,098-CS-1123  -000,0.017,0,0,0,0,0,0,1,0,0,0,0,1,0
72797041,980100,2.022E+11,20220822,1309,,,CASSIDY,,BLVD,,,0,098 CS-1191,CS1191,N,N,NULL,NULL,NULL,N,NULL,NULL,NULL,NULL,NULL,NULL,0.157,NULL,NULL,NULL,NULL,,NULL,0,0,2,2,Y,N,35,NULL,98,9801,NULL,,Y,37.50368,37,30.221,NULL,-82.53461,82,32.077,NULL,N,NULL,NULL,NULL,NULL,NULL,NULL,NULL,NULL,1,3,NULL,3,1,1,3,2,7,3,N,NULL,Y,N,1310,1315,1315,N,NULL,55,,,N,,N,N,098-CS-1191-0,NULL,NULL,2022,O,7.2797E+11,098-CS-1191  -000,HIGH,098-CS-1191  -000,0.157,0,0,1,0,0,0,0,1,0,0,0,0,0
72747098,980100,2.022E+11,20220403,1639,,,HAMBLEY,,BLVD,,,,,,Y,N,NULL,NULL,NULL,N,NULL,NULL,NULL,NULL,NULL,NULL,1.492,NULL,NULL,NULL,NULL,,NULL,0,0,2,2,N,N,35,NULL,98,9801,NULL,,Y,37.48342,37,29.005,NULL,-82.5299,82,31.794,NULL,N,NULL,NULL,NULL,NULL,NULL,NULL,NULL,NULL,2,97,2,4,1,1,2,2,1,3,N,NULL,Y,N,1639,1643,1704,N,NULL,90,,,N,,N,N,,NULL,NULL,2022,O,7.27471E+11,098-CS-1222  -000,MEDIUM,098-CS-1222  -000,1.492,0,0,0,1,0,0,1,0,0,0,0,0,0