MasterFile,AgencyORINumber,LocalCode,CollisionDate,CollisionTime,CollisionDayWeekCode,RoadwayName_HouseBusinessNumber_,RoadwayName_RoadwayName_,RoadwayName_Direction_,RoadwayName_RoadwaySuffix_,RoadwayfromReport,CurrentRoadwayNumber,RoadwayNumberCoupletID,RSEUniqueGIS,RoadwayIdentifier,ParkingLotIndicator,IntersectionWith_Indicator_,IntersectionWith_NameRoadway_,IntersectionWith_Direction_,IntersectionWith_RoadwaySuffix_,BetweenStreets_Indicator_,BetweenStreets1_NameRoadway_,BetweenStreet1_Direction_,BetweenStreets1_RoadwaySuffix_,BetweenStreets2_NameRoadway_,BetweenStreets2_Direction_,BetweenStreets2_RoadwaySuffix_,Milepoint,ReportMilepointDeriveNumber,CurrentDerivedMiepointNumber,MilestoMilepoint,FeettoMilepoint,DirectionfromMilepoint_NSEW_,ValidMilepointIndicator,NumberInjured,NumberKilled,ofUnits,ofMotorVehicleUnits,Hit&RunIndicator,OneWayIndicator,SpeedLimitNumber,KilometersIndicator,CountyCode,CityCountyCode,MilesFromCity,DirectionFromCity_NSEW_,InCityLimitsIndicator,Latitude,LatitudeDegrees,LatitudeMinutes,LatitudeSeconds,Longitude,LongitudeDegrees,LongitudeMinutes,LongitudeSeconds,RampIndicator,RampFromIdentifier,RampFromDirCode,RampFromCoupletID,RSEUniqueGISRampFrom,RampToidentifier,RampToDirCode,RampToCoupletID,RSEUniqueGisRampTo,MannerofCollisionCode,LocationFirstEventCode,TotalLanes,RoadwayCharacterCode,RoadwaySurfaceCode,RoadwayConditionCode,WeatherCode,LightConditionCode,LandUseCode,SchoolBusRelatedCode,FirstAidSceneIndicator,CollDescPresentInd,InvestigationCompleteIndicator,PhotosTakenIndicator,TimeNotified,TimeArrived,TimeRoadwayOpened,PropertyDamageIndicator,DiagramPresentIndicator,DirectionalAnalysis,FunctionClassCode,NationalHwySysCode,EnforcementsIndicator,KARSCityCode,SecondaryCollisionIndicator,MedianCrossoverIndicator,RT_UNIQUE,MapIt,TimeLastLeft,YR,KABCO,MFNY,WorkingRID,RT_CONFIDENCE,KTC_RT,KTC_MP,Motorcyclist,CommercialVehicle,YoungDriver,MatureDriver,pedestrian,Bicyclist,Distracted,agressive,Impaired,Unrestrained,Intersection,RoadwayDeparture,MedXover
72717095,980100,2.022E+11,20220105,1358,,,CASSIDY,,BLVD,,,,,,Y,N,NULL,NULL,NULL,N,NULL,NULL,NULL,NULL,NULL,NULL,0.138,NULL,NULL,NULL,NULL,,NULL,0,0,2,2,N,N,15,NULL,98,9801,NULL,,Y,37.50361,37,30.217,NULL,-82.53432,82,32.059,NULL,N,NULL,NULL,NULL,NULL,NULL,NULL,NULL,NULL,5,97,1,6,1,1,2,2,1,3,N,NULL,Y,N,1358,1404,1404,N,NULL,90,,,N,,N,N,,NULL,NULL,2022,O,7.27171E+11,098-CS-1191  -000,LOW,098-CS-1191  -000,0.138,0,0,0,1,0,0,1,0,0,0,0,0,0
72658547,KSP0900,21-335766,20210813,1927,,,KY1469,,,KY1469,KY1469,0,098 KY-1469,KY1469,N,N,NULL,NULL,NULL,N,NULL,NULL,NULL,NULL,NULL,NULL,8.887,NULL,NULL,NULL,NULL,,NULL,0,0,1,1,N,N,55,NULL,98,9827,NULL,,Y,37.32233,37,19.34,NULL,-82.61992,82,37.195,NULL,N,NULL,NULL,NULL,NULL,NULL,NULL,NULL,NULL,9,3,2,6,1,1,2,2,7,3,N,NULL,Y,N,1927,1928,1928,N,NULL,38,8,0,N,,N,N,098-KY-1469-0,NULL,NULL,2021,O,7.26585E+11,098-KY-1469  -000,HIGH,098-KY-1469  -000,8.887,0,0,0,0,0,0,0,0,0,0,0,0,0
72760628,980100,2.022E+11,20220512,820,,,SCOTT,,AVE,,,0,098 CS-1116,CS1116,N,N,NULL,NULL,NULL,N,NULL,NULL,NULL,NULL,NULL,NULL,0.211,NULL,NULL,NULL,NULL,,NULL,0,0,2,2,N,N,25,NULL,98,9801,NULL,,Y,37.48381,37,29.028,NULL,-82.51859,82,31.115,NULL,N,NULL,NULL,NULL,NULL,NULL,NULL,NULL,NULL,1,3,1,6,1,1,2,2,6,3,N,NULL,Y,N,820,824,,N,NULL,55,,,N,,N,N,098-CS-1116-0,NULL,NULL,2022,O,7.27606E+11,098-CS-1116  -000,HIGH,098-CS-1116  -000,0.211,0,0,0,0,0,0,0,0,0,0,0,0,0
72737334,980500,2022AR013,20220304,1407,,61,VILLAGE STREET,,,,,,,,Y,N,NULL,NULL,NULL,N,NULL,NULL,NULL,NULL,NULL,NULL,NULL,NULL,NULL,NULL,NULL,NULL,NULL,0,0,1,1,N,N,10,NULL,98,9807,NULL,,Y,37.51545,37,30.927,NULL,-82.5623,82,33.738,NULL,N,NULL,NULL,NULL,NULL,NULL,NULL,NULL,NULL,9,97,NULL,6,2,1,2,2,5,3,N,NULL,Y,Y,1409,1411,1411,Y,NULL,90,,,Y,,N,N,,NULL,NULL,2022,O,7.27373E+11,098-CS-3022  -000,MEDIUM,098-CS-3022  -000,0.069,0,0,0,0,0,0,0,0,0,1,0,0,0
72767940,370200,2022-204053,20220601,806,,,ELKHORN,,CRK,KY0197,KY0197,0,098 KY-197,KY0197,N,N,NULL,NULL,NULL,N,NULL,NULL,NULL,NULL,NULL,NULL,7.547,NULL,NULL,NULL,NULL,,NULL,0,0,2,2,N,N,55,NULL,98,9864,NULL,,Y,37.25904,37,15.543,NULL,-82.46453,82,27.872,NULL,N,NULL,NULL,NULL,NULL,NULL,NULL,NULL,NULL,7,3,2,6,1,1,2,2,7,3,N,NULL,Y,N,814,836,931,N,NULL,54,7,0,N,,N,N,098-KY-0197-0,NULL,NULL,2022,O,7.27679E+11,098-KY-0197  -000,HIGH,098-KY-0197  -000,7.547,0,0,0,1,0,0,0,0,0,0,0,1,0
72751320,980100,2.022E+11,20220416,2027,,,BAIRD,,AVE,KY1426,KY1426,0,098 KY-1426,KY1426,N,N,NULL,NULL,NULL,N,NULL,NULL,NULL,NULL,NULL,NULL,5.387,NULL,NULL,NULL,NULL,,NULL,0,0,2,2,N,N,55,NULL,98,9801,NULL,,Y,37.47339,37,28.404,NULL,-82.52714,82,31.628,NULL,N,NULL,NULL,NULL,NULL,NULL,NULL,NULL,NULL,1,3,2,6,1,1,2,5,1,3,N,NULL,Y,N,2027,2038,2044,N,NULL,55,,0,N,,N,N,098-KY-1426-0,NULL,NULL,2022,O,7.27513E+11,098-KY-1426  -000,HIGH,098-KY-1426  -000,5.387,0,0,0,1,0,0,1,0,0,0,0,0,0
72740480,980100,2.022E+11,20220313,2056,,,CEDAR HILLS,,RD,KY1426,KY1426,0,098 KY-1426,KY1426,N,N,NULL,NULL,NULL,N,NULL,NULL,NULL,NULL,NULL,NULL,4.776,NULL,NULL,NULL,NULL,,NULL,0,0,2,1,N,N,35,NULL,98,9801,NULL,,Y,37.46365,37,27.819,NULL,-82.52574,82,31.545,NULL,N,NULL,NULL,NULL,NULL,NULL,NULL,NULL,NULL,9,97,2,6,3,8,2,5,7,3,N,NULL,Y,N,2056,2057,2250,N,NULL,91,,0,Y,,N,N,098-KY-1426-0,NULL,NULL,2022,O,7.27405E+11,098-KY-1426  -000,HIGH,098-KY-1426  -000,4.776,0,0,0,0,0,0,0,0,1,0,0,0,0
72740130,KSP0900,22-90280,20220312,530,,,US23,,,US0023,US0023,0,098 US-23,US0023,N,N,NULL,NULL,NULL,N,NULL,NULL,NULL,NULL,NULL,NULL,11.669,NULL,NULL,NULL,NULL,,NULL,0,0,2,2,N,N,55,NULL,98,9827,NULL,,Y,37.35851,37,21.51,NULL,-82.55486,82,33.292,NULL,N,NULL,NULL,NULL,NULL,NULL,NULL,NULL,NULL,5,3,4,4,1,4,9,7,7,3,N,NULL,Y,N,533,720,830,N,NULL,49,,1,N,,N,N,098-US-0023-0,NULL,NULL,2022,O,7.27401E+11,098-US-0023  -000,HIGH,098-US-0023  -000,11.669,0,0,1,0,0,0,0,0,0,0,0,0,0
72780501,980100,2.022E+11,20220705,1434,,,BYPASS,S,RD,KY1426,KY1426,0,098 KY-1426,KY1426,N,N,NULL,NULL,NULL,N,NULL,NULL,NULL,NULL,NULL,NULL,5.694,NULL,NULL,NULL,NULL,,NULL,0,0,2,2,N,N,45,NULL,98,9801,NULL,,Y,37.47279,37,28.367,NULL,-82.52279,82,31.368,NULL,N,NULL,NULL,NULL,NULL,NULL,NULL,NULL,NULL,4,3,2,6,1,5,6,2,7,3,N,NULL,Y,N,1434,1446,1501,N,NULL,70,,0,N,,N,N,098-KY-1426-0,NULL,NULL,2022,O,7.27805E+11,098-KY-1426  -000,HIGH,098-KY-1426  -000,5.694,0,0,0,1,0,0,1,1,0,0,0,0,0
72764979,KSP0900,22-190445,20220522,2310,,,FERRELLS CREEK,,RD,US0460,US0460,0,098 US-460,US0460,N,N,NULL,NULL,NULL,N,NULL,NULL,NULL,NULL,NULL,NULL,16.847,NULL,NULL,NULL,NULL,,NULL,0,0,1,1,N,N,55,NULL,98,9874,NULL,,Y,37.35572,37,21.343,NULL,-82.33339,82,20.003,NULL,N,NULL,NULL,NULL,NULL,NULL,NULL,NULL,NULL,9,3,3,6,1,1,2,6,7,3,N,NULL,Y,N,2315,2320,,N,NULL,38,,1,N,,N,N,098-US-0460-0,NULL,NULL,2022,O,7.2765E+11,098-US-0460  -000,HIGH,098-US-0460  -000,16.847,0,0,1,0,0,0,0,0,0,0,0,0,0
72786588,KSP0900,22-280051,20220723,940,,,LEGION,,RD,,,0,098 CR-1267H,CR1267H,N,N,NULL,NULL,NULL,N,NULL,NULL,NULL,NULL,NULL,NULL,0.237,NULL,NULL,NULL,NULL,,NULL,0,0,1,1,N,N,35,NULL,98,9824,NULL,,Y,37.42015,37,25.209,NULL,-82.49691,82,29.814,NULL,N,NULL,NULL,NULL,NULL,NULL,NULL,NULL,NULL,9,3,2,3,1,1,2,2,7,3,N,NULL,Y,N,940,950,950,N,NULL,44,,,N,,N,N,098-CR-1267H-0,NULL,NULL,2022,O,7.27866E+11,098-CR-1267H -000,HIGH,098-CR-1267H -000,0.237,1,0,0,0,0,0,0,0,0,0,0,1,0
72736144,980100,2.022E+11,20220221,1743,,,HAMBLEY,,BLVD,,,0,098 CS-1222,CS1222,N,N,NULL,NULL,NULL,N,NULL,NULL,NULL,NULL,NULL,NULL,0.635,NULL,NULL,NULL,NULL,,NULL,0,0,2,2,Y,N,25,NULL,98,9801,NULL,,Y,37.48013,37,28.808,NULL,-82.5192,82,31.152,NULL,N,NULL,NULL,NULL,NULL,NULL,NULL,NULL,NULL,7,7,2,6,1,1,2,2,1,3,N,NULL,Y,N,1743,1745,1558,N,NULL,47,,,N,,N,N,098-CS-1222-0,NULL,NULL,2022,NULL,7.27361E+11,098-CS-1222  -000,HIGH,098-CS-1222  -000,0.635,0,0,0,0,0,0,0,0,0,0,0,0,0
72774376,KSP0900,22-231470,20220619,1644,,,WILLIAMSON,,RD,KY0292,KY0292,0,098 KY-292,KY0292,N,N,NULL,NULL,NULL,N,NULL,NULL,NULL,NULL,NULL,NULL,8.335,NULL,NULL,NULL,NULL,,NULL,0,0,1,1,N,N,45,NULL,98,9834,NULL,,Y,37.69183,37,41.51,NULL,-82.30356,82,18.214,NULL,N,NULL,NULL,NULL,NULL,NULL,NULL,NULL,NULL,9,5,2,3,1,1,2,2,7,3,N,NULL,Y,N,1648,1715,1715,N,NULL,44,7,0,N,,N,N,098-KY-0292-0,NULL,NULL,2022,O,7.27744E+11,098-KY-0292  -000,HIGH,098-KY-0292  -000,8.335,0,0,1,0,0,0,1,0,0,0,0,1,0
72769197,980100,2.022E+11,20220530,2207,,,US23,,,US0023,US0023,,,,N,N,NULL,NULL,NULL,N,NULL,NULL,NULL,NULL,NULL,NULL,30.878,NULL,NULL,NULL,NULL,,NULL,0,0,1,1,N,N,55,NULL,98,9801,NULL,,Y,37.54106,37,32.464,NULL,-82.59158,82,35.495,NULL,N,NULL,NULL,NULL,NULL,NULL,NULL,NULL,NULL,9,5,4,3,1,1,2,6,1,3,N,NULL,Y,N,2208,2213,2213,N,NULL,51,,1,N,,N,N,,NULL,NULL,2022,O,7.27692E+11,098-US-0023  -000,MEDIUM,098-US-0023  -000,30.878,0,0,0,0,0,0,0,0,0,0,0,1,0
72793966,980100,2.022E+11,20220802,1705,,,US23,,,US0023,US0023,,,,N,N,NULL,NULL,NULL,N,NULL,NULL,NULL,NULL,NULL,NULL,28.543,NULL,NULL,NULL,NULL,,NULL,0,0,2,2,N,N,55,NULL,98,9807,NULL,,Y,37.51927,37,31.156,NULL,-82.56632,82,33.979,NULL,N,NULL,NULL,NULL,NULL,NULL,NULL,NULL,NULL,5,3,4,6,1,1,2,2,1,3,N,NULL,N,N,1740,1740,1740,N,NULL,49,,1,N,,N,N,,NULL,NULL,2022,O,7.2794E+11,098-US-0023  -000,MEDIUM,098-US-0023  -000,28.543,0,0,0,0,0,0,1,0,0,0,0,0,0
72687208,980100,2.021E+11,20211019,944,,,BYPASS,S,RD,KY1426,KY1426,,,,Y,N,NULL,NULL,NULL,N,NULL,NULL,NULL,NULL,NULL,NULL,5.671,NULL,NULL,NULL,NULL,,NULL,0,0,2,2,N,N,15,NULL,98,9801,NULL,,Y,37.47268,37,28.361,NULL,-82.52319,82,31.392,NULL,N,NULL,NULL,NULL,NULL,NULL,NULL,NULL,NULL,2,97,1,5,2,1,2,2,1,3,N,NULL,Y,N,944,952,944,N,NULL,90,,0,N,,N,N,,NULL,NULL,2021,O,7.26872E+11,098-KY-1426  -000,HIGH,098-KY-1426  -000,5.671,0,0,0,0,0,0,1,0,0,0,0,0,0
72749380,980100,2.022E+11,20220405,1359,,,US23,,,US0023,US0023,0,098 US-23,US0023,N,N,NULL,NULL,NULL,N,NULL,NULL,NULL,NULL,NULL,NULL,31.785,NULL,NULL,NULL,NULL,,NULL,0,0,2,2,Y,N,55,NULL,98,9801,NULL,,Y,37.53751,37,32.251,NULL,-82.60501,82,36.3,NULL,N,NULL,NULL,NULL,NULL,NULL,NULL,NULL,NULL,8,3,4,6,1,1,3,2,1,3,N,NULL,N,N,1359,1404,1411,N,NULL,53,,1,N,,N,N,098-US-0023-0,NULL,NULL,2022,O,7.27494E+11,098-US-0023  -000,HIGH,098-US-0023  -000,31.785,0,0,0,0,0,0,0,0,0,0,0,1,0
72793523,980100,2.022E+11,20220813,1213,,,BYPASS,S,RD,KY1426,KY1426,0,098 KY-1426,KY1426,Y,N,NULL,NULL,NULL,N,NULL,NULL,NULL,NULL,NULL,NULL,5.675,NULL,NULL,NULL,NULL,,NULL,0,0,2,2,N,N,15,NULL,98,9801,NULL,,Y,37.4727,37,28.362,NULL,-82.52312,82,31.387,NULL,N,NULL,NULL,NULL,NULL,NULL,NULL,NULL,NULL,2,97,1,6,1,1,2,2,1,3,N,NULL,Y,N,1213,1219,1219,N,NULL,90,,0,N,,N,N,098-KY-1426-0,NULL,NULL,2022,O,7.27935E+11,098-KY-1426  -000,HIGH,098-KY-1426  -000,5.675,0,0,0,1,0,0,1,0,0,0,0,0,0
72777575,KSP0900,22-212702,20220607,920,,,US119,,,US0119,US0119,0,098 US-119,US0119,N,N,NULL,NULL,NULL,N,NULL,NULL,NULL,NULL,NULL,NULL,19.439,NULL,NULL,NULL,NULL,,NULL,5,0,3,3,N,N,55,NULL,98,9814,NULL,,Y,37.60772,37,36.463,NULL,-82.2736,82,16.416,NULL,N,NULL,NULL,NULL,NULL,NULL,NULL,NULL,NULL,1,3,4,3,1,5,6,2,7,3,Y,NULL,Y,Y,924,930,1100,N,NULL,55,2,1,N,,N,Y,098-US-0119-0,NULL,NULL,2022,A,7.27776E+11,098-US-0119  -000,HIGH,098-US-0119  -000,19.439,0,0,0,1,0,0,1,0,0,0,0,1,1
72744676,KSP0900,2022-102808,20220321,1400,,,TOLER,,RD,KY0319,KY0319,0,098 KY-319,KY0319,N,N,NULL,NULL,NULL,N,NULL,NULL,NULL,NULL,NULL,NULL,1.572,NULL,NULL,NULL,NULL,,NULL,0,0,1,1,N,N,55,NULL,98,9842,NULL,,Y,37.5914,37,35.484,NULL,-82.20163,82,12.098,NULL,N,NULL,NULL,NULL,NULL,NULL,NULL,NULL,NULL,9,3,2,5,1,1,2,2,7,3,N,NULL,N,N,1400,1400,1400,N,NULL,70,7,0,N,,N,N,098-KY-0319-0,NULL,NULL,2022,O,7.27447E+11,098-KY-0319  -000,HIGH,098-KY-0319  -000,1.572,0,0,0,0,0,0,0,0,0,0,0,1,0
72764563,980000,22-04-004,20220415,750,,,WILDCAT,,DR,,,0,098 CR-1703,CR1703,N,N,NULL,NULL,NULL,N,NULL,NULL,NULL,NULL,NULL,NULL,0.182,NULL,NULL,NULL,NULL,,NULL,2,0,2,2,N,N,15,NULL,98,9823,NULL,,Y,37.38151,37,22.891,NULL,-82.53772,82,32.263,NULL,N,NULL,NULL,NULL,NULL,NULL,NULL,NULL,NULL,5,3,2,1,1,1,2,2,8,3,N,NULL,Y,N,830,840,900,N,NULL,70,,,N,,N,N,098-CR-1703-0,NULL,NULL,2022,B,7.27646E+11,098-CR-1703  -000,HIGH,098-CR-1703  -000,0.182,0,0,0,0,0,0,1,0,0,0,0,0,0
72798932,980100,2.022E+11,20220822,813,,,BAIRD,,AVE,KY1426,KY1426,0,098 KY-1426,KY1426,Y,N,NULL,NULL,NULL,N,NULL,NULL,NULL,NULL,NULL,NULL,5.392,NULL,NULL,NULL,NULL,,NULL,0,0,2,2,N,N,15,NULL,98,9801,NULL,,Y,37.4733,37,28.398,NULL,-82.52716,82,31.63,NULL,N,NULL,NULL,NULL,NULL,NULL,NULL,NULL,NULL,5,97,1,6,1,1,2,2,1,3,N,NULL,Y,N,813,816,,N,NULL,90,,0,N,,N,N,098-KY-1426-0,NULL,NULL,2022,O,7.27989E+11,098-KY-1426  -000,HIGH,098-KY-1426  -000,5.392,0,0,0,1,0,0,0,0,0,0,0,0,0
72798043,980100,2.022E+11,20220811,1206,,,US23,,,US0023,US0023,0,098 US-23,US0023,N,N,NULL,NULL,NULL,N,NULL,NULL,NULL,NULL,NULL,NULL,25.439,NULL,NULL,NULL,NULL,,NULL,0,0,2,2,N,N,55,NULL,98,9801,NULL,,Y,37.49249,37,29.549,NULL,-82.53436,82,32.062,NULL,N,NULL,NULL,NULL,NULL,NULL,NULL,NULL,NULL,5,3,4,6,1,1,2,2,7,3,N,NULL,Y,N,1206,1213,1234,N,NULL,70,,1,N,,N,N,098-US-0023-0,NULL,NULL,2022,O,7.2798E+11,098-US-0023  -000,HIGH,098-US-0023  -000,25.439,0,0,0,1,0,0,1,0,0,0,0,0,0
72740330,980100,2.022E+11,20220308,715,,,KY3417,,,KY3417,KY3417,0,098 KY-3417,KY3417,N,N,NULL,NULL,NULL,N,NULL,NULL,NULL,NULL,NULL,NULL,0.469,NULL,NULL,NULL,NULL,,NULL,0,0,2,2,N,N,35,NULL,98,9801,NULL,,Y,37.46805,37,28.083,NULL,-82.55755,82,33.453,NULL,N,NULL,NULL,NULL,NULL,NULL,NULL,NULL,NULL,7,3,2,2,1,1,2,2,7,3,N,NULL,Y,N,713,720,,N,NULL,54,17,0,N,,N,N,098-KY-3417-0,NULL,NULL,2022,O,7.27403E+11,098-KY-3417  -000,HIGH,098-KY-3417  -000,0.469,0,0,0,0,0,0,0,0,0,0,0,1,0
72780409,KSP0900,22-247314,20220630,1609,,,US460,,,US0460,US0460,0,098 US-460,US0460,N,N,NULL,NULL,NULL,N,NULL,NULL,NULL,NULL,NULL,NULL,11.918,NULL,NULL,NULL,NULL,,NULL,1,0,3,3,N,N,45,NULL,98,9822,NULL,,Y,37.35155,37,21.093,NULL,-82.39121,82,23.473,NULL,N,NULL,NULL,NULL,NULL,NULL,NULL,NULL,NULL,7,3,2,6,1,1,2,2,7,3,N,NULL,Y,Y,1609,1626,1750,N,NULL,54,,1,N,,N,N,098-US-0460-0,NULL,NULL,2022,B,7.27804E+11,098-US-0460  -000,HIGH,098-US-0460  -000,11.918,0,0,0,0,0,0,0,0,0,0,0,1,0
72775547,980200,0980200-,20220503,1100,,,RUSSELL,E,ST,,,0,098 CS-2009,CS2009,N,N,NULL,NULL,NULL,N,NULL,NULL,NULL,NULL,NULL,NULL,0.108,NULL,NULL,NULL,NULL,,NULL,1,0,1,1,N,N,5,NULL,98,9802,NULL,,Y,37.30513,37,18.308,NULL,-82.35008,82,21.005,NULL,N,NULL,NULL,NULL,NULL,NULL,NULL,NULL,NULL,9,4,1,6,1,1,2,2,6,3,Y,NULL,Y,Y,1050,1052,1200,N,NULL,44,,,N,,N,N,098-CS-2009-0,NULL,NULL,2022,A,7.27755E+11,098-CS-2009  -000,HIGH,098-CS-2009  -000,0.108,0,0,0,0,0,0,0,0,0,0,0,1,0
72749089,KSP0900,22-127876,20220409,655,,,US460,,,US0460,US0460,0,098 US-460,US0460,N,N,NULL,NULL,NULL,N,NULL,NULL,NULL,NULL,NULL,NULL,3.43,NULL,NULL,NULL,NULL,,NULL,1,0,1,1,N,N,55,NULL,98,9824,NULL,,Y,37.42472,37,25.483,NULL,-82.47015,82,28.209,NULL,N,NULL,NULL,NULL,NULL,NULL,NULL,NULL,NULL,9,3,2,6,1,5,6,9,7,3,Y,NULL,Y,Y,658,750,750,Y,NULL,70,,1,N,,N,N,098-US-0460-0,NULL,NULL,2022,C,7.27491E+11,098-US-0460  -000,HIGH,098-US-0460  -000,3.43,0,0,0,1,0,0,1,0,0,0,0,0,0
72724785,980100,2.022E+11,20220126,1711,,,US119,,,US0119,US0119,,,,N,N,NULL,NULL,NULL,N,NULL,NULL,NULL,NULL,NULL,NULL,0.019,NULL,NULL,NULL,NULL,,NULL,0,0,2,2,N,N,55,NULL,98,9801,NULL,,Y,37.50388,37,30.233,NULL,-82.53168,82,31.901,NULL,N,NULL,NULL,NULL,NULL,NULL,NULL,NULL,NULL,5,3,6,6,1,1,2,3,1,3,N,NULL,Y,N,1711,1717,1720,N,NULL,49,2,1,Y,,N,N,,NULL,NULL,2022,O,7.27248E+11,098-US-0119  -010,MEDIUM,098-US-0119  -000,0.019,0,0,0,0,0,0,1,0,0,0,0,0,0
72741647,KSP0900,22-97570,20220317,1649,,,FERRELLS CREEK,,RD,US0460,US0460,,,,N,N,NULL,NULL,NULL,N,NULL,NULL,NULL,NULL,NULL,NULL,15.106,NULL,NULL,NULL,NULL,,NULL,0,0,2,2,N,N,55,NULL,98,9805,NULL,,Y,37.34646,37,20.788,NULL,-82.36273,82,21.764,NULL,N,NULL,NULL,NULL,NULL,NULL,NULL,NULL,NULL,5,3,2,6,1,1,2,2,1,3,N,NULL,Y,N,1649,1815,1815,N,NULL,49,,1,N,,N,N,,NULL,NULL,2022,O,7.27416E+11,098-US-0460  -000,MEDIUM,098-US-0460  -000,15.106,0,0,1,1,0,0,1,0,0,0,0,0,0
72749779,980100,2.022E+11,20220408,1701,,,BAIRD,,AVE,KY1426,KY1426,,,,N,N,NULL,NULL,NULL,N,NULL,NULL,NULL,NULL,NULL,NULL,5.398,NULL,NULL,NULL,NULL,,NULL,0,0,2,2,N,N,35,NULL,98,9801,NULL,,Y,37.47322,37,28.393,NULL,-82.52709,82,31.626,NULL,N,NULL,NULL,NULL,NULL,NULL,NULL,NULL,NULL,1,3,4,6,1,5,3,2,1,3,N,NULL,Y,N,1701,1706,1716,N,NULL,55,,0,N,,N,N,,NULL,NULL,2022,O,7.27498E+11,098-KY-1426  -000,HIGH,098-KY-1426  -000,5.398,0,0,1,1,0,0,1,0,0,0,0,0,0
72851662,980100,2.023E+11,20230107,1323,,,US23,,,US0023,US0023,,,,N,N,NULL,NULL,NULL,N,NULL,NULL,NULL,NULL,NULL,NULL,31.577,NULL,NULL,NULL,NULL,,NULL,0,0,2,2,N,N,55,NULL,98,9801,NULL,,Y,37.53696,37,32.218,NULL,-82.60114,82,36.069,NULL,N,NULL,NULL,NULL,NULL,NULL,NULL,NULL,NULL,5,3,4,6,1,1,2,2,1,3,N,NULL,Y,N,1324,1332,1349,N,NULL,49,,1,N,,N,N,,NULL,NULL,2023,O,7.28517E+11,098-US-0023  -000,MEDIUM,098-US-0023  -000,31.557,0,0,0,0,0,0,1,0,0,0,0,0,0
72852488,980100,2.023E+11,20230109,958,,911,BYPASS,,RD,,,0,098 CS-1223,CS1223,Y,N,NULL,NULL,NULL,N,NULL,NULL,NULL,NULL,NULL,NULL,NULL,NULL,NULL,NULL,NULL,NULL,NULL,1,0,2,1,N,N,NULL,NULL,98,9801,NULL,,Y,37.47128,37,28.277,NULL,-82.52117,82,31.27,NULL,N,NULL,NULL,NULL,NULL,NULL,NULL,NULL,NULL,9,97,1,6,2,1,2,2,1,3,Y,NULL,Y,N,958,1001,1001,N,NULL,90,,,N,,N,N,098-CS-1223-0,NULL,NULL,2023,C,7.28525E+11,098-CS-1223  -000,HIGH,098-CS-1223  -000,0.136,0,0,0,0,1,0,1,0,0,0,0,0,0
72795530,980100,2.022E+11,20220814,1950,,,US23,,,US0023,US0023,0,098 US-23-10,US0023,N,N,NULL,NULL,NULL,N,NULL,NULL,NULL,NULL,NULL,NULL,24.948,NULL,NULL,NULL,NULL,,NULL,0,0,1,1,N,N,55,NULL,98,9801,NULL,,Y,37.48779,37,29.267,NULL,-82.54105,82,32.463,NULL,N,NULL,NULL,NULL,NULL,NULL,NULL,NULL,NULL,9,3,4,3,1,5,6,2,6,3,N,NULL,Y,N,1950,1952,1952,N,NULL,70,,1,N,,N,N,098-US-0023-10,NULL,NULL,2022,O,7.27955E+11,098-US-0023  -010,HIGH,098-US-0023  -000,24.948,1,0,0,0,0,0,0,0,0,0,0,1,0
72730854,KSP0900,22-53785,20220213,1534,,,US23,,,US0023,US0023,0,098 US-23,US0023,N,N,NULL,NULL,NULL,N,NULL,NULL,NULL,NULL,NULL,NULL,28.127,NULL,NULL,NULL,NULL,,NULL,0,0,2,1,N,N,35,NULL,98,9807,NULL,,Y,37.51587,37,30.952,NULL,-82.56027,82,33.616,NULL,N,NULL,NULL,NULL,NULL,NULL,NULL,NULL,NULL,5,3,4,6,1,1,2,2,7,3,N,NULL,Y,N,1528,1539,1540,N,NULL,49,,1,N,,N,N,098-US-0023-0,NULL,NULL,2022,O,7.27309E+11,098-US-0023  -000,HIGH,098-US-0023  -000,28.127,0,0,1,0,0,0,1,0,0,0,0,0,0
72742205,KSP0900,22-99782,20220319,600,,,TURKEY PEN,,RD,,,0,098 CR-1732,CR1732,N,N,NULL,NULL,NULL,N,NULL,NULL,NULL,NULL,NULL,NULL,1.324,NULL,NULL,NULL,NULL,,NULL,0,0,1,1,N,N,15,NULL,98,9827,NULL,,Y,37.32397,37,19.438,NULL,-82.64433,82,38.66,NULL,N,NULL,NULL,NULL,NULL,NULL,NULL,NULL,NULL,9,3,1,6,1,1,2,6,7,3,N,NULL,Y,N,609,727,727,N,NULL,40,,,N,,N,N,098-CR-1732-0,NULL,NULL,2022,O,7.27422E+11,098-CR-1732  -000,HIGH,098-CR-1732  -000,1.324,0,0,0,0,0,0,0,0,0,0,0,1,0