MasterFile,AgencyORINumber,LocalCode,CollisionDate,CollisionTime,CollisionDayWeekCode,RoadwayName_HouseBusinessNumber_,RoadwayName_RoadwayName_,RoadwayName_Direction_,RoadwayName_RoadwaySuffix_,RoadwayfromReport,CurrentRoadwayNumber,RoadwayNumberCoupletID,RSEUniqueGIS,RoadwayIdentifier,ParkingLotIndicator,IntersectionWith_Indicator_,IntersectionWith_NameRoadway_,IntersectionWith_Direction_,IntersectionWith_RoadwaySuffix_,BetweenStreets_Indicator_,BetweenStreets1_NameRoadway_,BetweenStreet1_Direction_,BetweenStreets1_RoadwaySuffix_,BetweenStreets2_NameRoadway_,BetweenStreets2_Direction_,BetweenStreets2_RoadwaySuffix_,Milepoint,ReportMilepointDeriveNumber,CurrentDerivedMiepointNumber,MilestoMilepoint,FeettoMilepoint,DirectionfromMilepoint_NSEW_,ValidMilepointIndicator,NumberInjured,NumberKilled,ofUnits,ofMotorVehicleUnits,Hit&RunIndicator,OneWayIndicator,SpeedLimitNumber,KilometersIndicator,CountyCode,CityCountyCode,MilesFromCity,DirectionFromCity_NSEW_,InCityLimitsIndicator,Latitude,LatitudeDegrees,LatitudeMinutes,LatitudeSeconds,Longitude,LongitudeDegrees,LongitudeMinutes,LongitudeSeconds,RampIndicator,RampFromIdentifier,RampFromDirCode,RampFromCoupletID,RSEUniqueGISRampFrom,RampToidentifier,RampToDirCode,RampToCoupletID,RSEUniqueGisRampTo,MannerofCollisionCode,LocationFirstEventCode,TotalLanes,RoadwayCharacterCode,RoadwaySurfaceCode,RoadwayConditionCode,WeatherCode,LightConditionCode,LandUseCode,SchoolBusRelatedCode,FirstAidSceneIndicator,CollDescPresentInd,InvestigationCompleteIndicator,PhotosTakenIndicator,TimeNotified,TimeArrived,TimeRoadwayOpened,PropertyDamageIndicator,DiagramPresentIndicator,DirectionalAnalysis,FunctionClassCode,NationalHwySysCode,EnforcementsIndicator,KARSCityCode,SecondaryCollisionIndicator,MedianCrossoverIndicator,RT_UNIQUE,MapIt,TimeLastLeft,YR,KABCO,MFNY,WorkingRID,RT_CONFIDENCE,KTC_RT,KTC_MP,Motorcyclist,CommercialVehicle,YoungDriver,MatureDriver,pedestrian,Bicyclist,Distracted,agressive,Impaired,Unrestrained,Intersection,RoadwayDeparture,MedXover
72748860,KSP0900,22-127280,20220408,1748,,,FERRELLS CREEK,,RD,US0460,US0460,0,098 US-460,US0460,N,N,NULL,NULL,NULL,N,NULL,NULL,NULL,NULL,NULL,NULL,17.232,NULL,NULL,NULL,NULL,,NULL,0,0,2,2,N,N,55,NULL,98,9847,NULL,,Y,37.35654,37,21.393,NULL,-82.32668,82,19.601,NULL,N,NULL,NULL,NULL,NULL,NULL,NULL,NULL,NULL,7,3,2,3,1,5,6,2,7,3,N,NULL,Y,N,1748,1817,1900,N,NULL,54,,1,N,,N,Y,098-US-0460-0,NULL,NULL,2022,O,7.27489E+11,098-US-0460  -000,HIGH,098-US-0460  -000,17.232,0,0,0,0,0,0,0,0,0,0,0,1,1
72791034,980100,2.022E+11,20220726,2132,,,BYPASS,S,RD,KY1426,KY1426,0,098 KY-1426,KY1426,Y,N,NULL,NULL,NULL,N,NULL,NULL,NULL,NULL,NULL,NULL,6.559,NULL,NULL,NULL,NULL,,NULL,0,0,2,2,N,N,55,NULL,98,9801,NULL,,Y,37.48247,37,28.948,NULL,-82.51367,82,30.821,NULL,N,NULL,NULL,NULL,NULL,NULL,NULL,NULL,NULL,2,97,2,6,1,1,2,5,1,3,N,NULL,Y,N,2133,2134,2134,N,NULL,90,,0,N,,N,N,098-KY-1426-0,NULL,NULL,2022,O,7.2791E+11,098-KY-1426  -000,HIGH,098-KY-1426  -000,6.559,0,0,1,0,0,0,1,0,0,0,0,0,0
72749399,980100,2.022E+11,20220404,1728,,,US23,,,US0023,US0023,0,098 US-23,US0023,N,N,NULL,NULL,NULL,N,NULL,NULL,NULL,NULL,NULL,NULL,23.055,NULL,NULL,NULL,NULL,,NULL,1,0,2,2,N,N,55,NULL,98,9801,NULL,,Y,37.466,37,27.96,NULL,-82.52823,82,31.694,NULL,N,NULL,NULL,NULL,NULL,NULL,NULL,NULL,NULL,5,3,4,6,1,1,3,2,1,3,N,NULL,Y,Y,1728,1729,1729,N,NULL,49,,1,Y,,N,N,098-US-0023-0,NULL,NULL,2022,B,7.27494E+11,098-US-0023  -000,HIGH,098-US-0023  -000,23.055,0,0,0,0,0,0,1,0,0,0,0,0,0
72802947,KSP0900,22-345368,20220905,2100,,,ROCKHOUSE,,FRK,,,,,,N,N,NULL,NULL,NULL,N,NULL,NULL,NULL,NULL,NULL,NULL,1.498,NULL,NULL,NULL,NULL,,NULL,0,0,1,1,N,N,25,NULL,98,9833,NULL,,Y,37.65491,37,39.295,NULL,-82.38853,82,23.312,NULL,N,NULL,NULL,NULL,NULL,NULL,NULL,NULL,NULL,9,3,1,4,1,1,2,7,7,3,N,NULL,N,N,2100,2150,2150,N,NULL,70,,,N,,N,N,,NULL,NULL,2022,O,7.28029E+11,098-CR-1395Q4-000,LOW,098-CR-1395Q4-000,1.498,0,0,0,0,0,0,0,0,0,0,0,1,0
72733903,980500,2022AR012,20220223,1421,,US 23,MAYO TRAIL,N,,,,,,,N,N,NULL,NULL,NULL,N,NULL,NULL,NULL,NULL,NULL,NULL,NULL,NULL,NULL,NULL,NULL,NULL,NULL,0,0,2,2,N,N,45,NULL,98,9807,NULL,,Y,37.51908,37,31.145,NULL,-82.56597,82,33.958,NULL,N,NULL,NULL,NULL,NULL,NULL,NULL,NULL,NULL,5,3,7,6,1,1,3,2,7,3,N,NULL,Y,Y,1423,1425,1425,N,NULL,49,,,N,,N,N,,NULL,NULL,2022,O,7.27339E+11,098-US-0023  -000,MEDIUM,098-US-0023  -000,28.515,0,0,1,0,0,0,0,0,0,0,0,0,0
72851754,KSP0900,23-7337,20230106,1501,,,KY1426,,,KY1426,KY1426,0,098 KY-1426,KY1426,N,N,NULL,NULL,NULL,N,NULL,NULL,NULL,NULL,NULL,NULL,8.272,NULL,NULL,NULL,NULL,,NULL,0,0,1,1,N,N,55,NULL,98,9801,NULL,,Y,37.49522,37,29.713,NULL,-82.49096,82,29.458,NULL,N,NULL,NULL,NULL,NULL,NULL,NULL,NULL,NULL,9,3,2,1,1,1,2,2,7,3,N,NULL,Y,N,1503,1511,1511,N,NULL,70,,0,Y,,N,N,098-KY-1426-0,NULL,NULL,2023,O,7.28518E+11,098-KY-1426  -000,HIGH,098-KY-1426  -000,8.291,0,0,0,0,0,0,0,0,0,0,0,1,0
72843155,KSP0900,22-475733,20221213,1832,,,BANK,,ST,,,0,098 CR-1833B,CR1833B,Y,N,NULL,NULL,NULL,N,NULL,NULL,NULL,NULL,NULL,NULL,0.039,NULL,NULL,NULL,NULL,,NULL,0,0,2,2,N,N,10,NULL,98,9804,NULL,,Y,37.52053,37,31.232,NULL,-82.15501,82,9.301,NULL,N,NULL,NULL,NULL,NULL,NULL,NULL,NULL,NULL,2,97,NULL,6,1,1,2,5,1,3,N,NULL,N,N,1832,1910,1910,N,NULL,90,,,N,,N,N,098-CR-1833B-0,NULL,NULL,2022,NULL,7.28432E+11,098-CR-1833B -000,HIGH,098-CR-1833B -000,0.039,0,0,0,0,0,0,1,0,0,0,0,0,0
72767094,KSP0900,22-191904,20220524,644,,,DORTON-JENKINS,,HWY,KY0805,KY0805,0,098 KY-805,KY0805,N,N,NULL,NULL,NULL,N,NULL,NULL,NULL,NULL,NULL,NULL,2.614,NULL,NULL,NULL,NULL,,NULL,0,0,2,2,N,N,55,NULL,98,9809,NULL,,Y,37.22686,37,13.611,NULL,-82.56757,82,34.054,NULL,N,NULL,NULL,NULL,NULL,NULL,NULL,NULL,NULL,2,3,2,4,1,1,2,2,7,3,N,NULL,Y,N,644,839,855,N,NULL,56,7,0,N,,N,N,098-KY-0805-0,NULL,NULL,2022,O,7.27671E+11,098-KY-0805  -000,HIGH,098-KY-0805  -000,2.614,0,1,0,0,0,0,0,0,0,0,0,0,0
72833889,980100,2.022E+11,20221125,652,,,CASSIDY,,BLVD,,,,,,N,N,NULL,NULL,NULL,N,NULL,NULL,NULL,NULL,NULL,NULL,0.008,NULL,NULL,NULL,NULL,,NULL,0,0,2,2,N,N,25,NULL,98,9801,NULL,,Y,37.50369,37,30.221,NULL,-82.53275,82,31.965,NULL,N,NULL,NULL,NULL,NULL,NULL,NULL,NULL,NULL,8,3,4,6,2,5,6,5,1,3,N,NULL,Y,N,653,659,,N,NULL,53,,,N,,N,N,,NULL,NULL,2022,O,7.28339E+11,098-US-0023  -021,LOW,098-US-0023  -021,0.008,0,0,0,1,0,0,1,0,0,0,0,1,0
72804358,980100,2.022E+11,20220907,1520,,,US23,,,US0023,US0023,0,098 US-23,US0023,N,N,NULL,NULL,NULL,N,NULL,NULL,NULL,NULL,NULL,NULL,24.601,NULL,NULL,NULL,NULL,,NULL,0,0,2,2,N,N,55,NULL,98,9801,NULL,,Y,37.48305,37,28.983,NULL,-82.54325,82,32.595,NULL,N,NULL,NULL,NULL,NULL,NULL,NULL,NULL,NULL,5,3,4,6,1,1,2,2,7,3,N,NULL,Y,N,1520,1542,1525,N,NULL,49,,1,N,,N,N,098-US-0023-0,NULL,NULL,2022,O,7.28044E+11,098-US-0023  -000,HIGH,098-US-0023  -000,24.601,0,0,0,0,0,0,0,0,0,0,0,0,0
72853022,KSP0900,23-13388,20230111,642,,,US23,,,US0023,US0023,0,098 US-23,US0023,N,N,NULL,NULL,NULL,N,NULL,NULL,NULL,NULL,NULL,NULL,13.779,NULL,NULL,NULL,NULL,,NULL,1,0,2,2,N,N,55,NULL,98,9824,NULL,,Y,37.38323,37,22.994,NULL,-82.54073,82,32.444,NULL,N,NULL,NULL,NULL,NULL,NULL,NULL,NULL,NULL,5,3,2,6,1,1,2,6,7,3,Y,NULL,N,Y,642,713,748,N,NULL,49,,1,Y,,N,N,098-US-0023-0,NULL,NULL,2023,C,7.2853E+11,098-US-0023  -000,HIGH,098-US-0023  -000,13.766,0,0,0,0,0,0,1,1,0,0,0,0,0
72749763,980100,2.022E+11,20220402,1939,,,US23,,,US0023,US0023,0,098 US-23-10,US0023,N,N,NULL,NULL,NULL,N,NULL,NULL,NULL,NULL,NULL,NULL,21.536,NULL,NULL,NULL,NULL,,NULL,0,0,2,2,N,N,55,NULL,98,9801,NULL,,Y,37.45229,37,27.138,NULL,-82.52314,82,31.389,NULL,N,NULL,NULL,NULL,NULL,NULL,NULL,NULL,NULL,1,97,4,6,1,1,2,2,7,3,N,NULL,Y,N,1939,1944,2028,N,NULL,55,,1,Y,,N,N,098-US-0023-10,NULL,NULL,2022,O,7.27498E+11,098-US-0023  -010,HIGH,098-US-0023  -000,21.536,0,0,0,0,0,0,1,1,0,1,0,0,0
72854068,KSP0900,23-17029,20230113,2028,,,US119,,,US0119,US0119,0,098 US-119,US0119,N,N,NULL,NULL,NULL,N,NULL,NULL,NULL,NULL,NULL,NULL,6.32,NULL,NULL,NULL,NULL,,NULL,0,0,1,1,N,N,55,NULL,98,9820,NULL,,Y,37.54325,37,32.595,NULL,-82.44651,82,26.791,NULL,N,NULL,NULL,NULL,NULL,NULL,NULL,NULL,NULL,9,3,2,6,2,5,9,6,7,3,Y,NULL,Y,Y,2031,2034,2035,N,NULL,70,2,1,N,,N,N,098-US-0119-0,NULL,NULL,2023,O,7.28541E+11,098-US-0119  -000,HIGH,098-US-0119  -000,6.312,0,0,0,0,0,0,0,0,0,0,0,1,0
72781522,980100,2.022E+11,20220709,1806,,,HUFFMAN,,AVE,,,0,098 CS-1123,CS1123,N,Y,MAIN,,ST,N,NULL,NULL,NULL,NULL,NULL,NULL,0.096,NULL,NULL,NULL,NULL,,NULL,0,0,2,2,N,N,25,NULL,98,9801,NULL,,Y,37.47774,37,28.664,NULL,-82.51854,82,31.112,NULL,N,NULL,NULL,NULL,NULL,NULL,NULL,NULL,NULL,5,3,3,6,1,5,3,2,1,3,N,NULL,Y,N,1806,1806,1806,N,NULL,35,,,N,,N,N,098-CS-1123-0,NULL,NULL,2022,O,7.27815E+11,098-CS-1123  -000,HIGH,098-CS-1123  -000,0.096,0,0,0,0,0,0,1,1,0,0,1,0,0
72832734,980100,2.022E+11,20221118,1316,,,HAMBLEY,,BLVD,,,0,098 CS-1222,CS1222,N,N,NULL,NULL,NULL,N,NULL,NULL,NULL,NULL,NULL,NULL,0.631,NULL,NULL,NULL,NULL,,NULL,0,0,2,2,N,N,25,NULL,98,9801,NULL,,Y,37.48008,37,28.805,NULL,-82.51924,82,31.155,NULL,N,NULL,NULL,NULL,NULL,NULL,NULL,NULL,NULL,2,97,3,6,1,1,2,2,7,3,N,NULL,Y,N,1316,1327,1327,N,NULL,47,,,N,,N,N,098-CS-1222-0,NULL,NULL,2022,O,7.28327E+11,098-CS-1222  -000,HIGH,098-CS-1222  -000,0.631,0,0,0,0,0,0,1,0,0,0,0,0,0
72742713,980000,22-03-004,20220318,914,,,US 119 NORTH,,,,,,,,N,Y,TOLER ROAD,,,N,NULL,NULL,NULL,NULL,NULL,NULL,NULL,NULL,NULL,NULL,NULL,NULL,NULL,0,0,2,2,N,N,55,NULL,98,9852,2,N,N,37.63578,37,38.147,NULL,-82.25841,82,15.504,NULL,N,NULL,NULL,NULL,NULL,NULL,NULL,NULL,NULL,1,3,4,3,1,1,2,2,7,3,N,NULL,Y,Y,914,1003,,N,NULL,10,,,N,,N,N,,NULL,NULL,2022,O,7.27427E+11,098-CR-1067  -030,MEDIUM,098-CR-1067  -030,0.008,0,0,0,1,0,0,0,1,0,0,1,0,0
72731040,980100,2.022E+11,20220215,619,,,BYPASS,S,RD,KY1426,KY1426,0,098 KY-1426,KY1426,N,N,NULL,NULL,NULL,N,NULL,NULL,NULL,NULL,NULL,NULL,5.739,NULL,NULL,NULL,NULL,,NULL,0,0,1,1,N,N,35,NULL,98,9801,NULL,,Y,37.47383,37,28.43,NULL,-82.52065,82,31.239,NULL,N,NULL,NULL,NULL,NULL,NULL,NULL,NULL,NULL,9,5,2,6,1,1,2,5,7,3,N,NULL,Y,N,620,621,816,Y,NULL,40,,0,N,,N,N,098-KY-1426-0,NULL,NULL,2022,O,7.2731E+11,098-KY-1426  -000,HIGH,098-KY-1426  -000,5.739,0,0,0,0,0,0,0,0,0,0,0,1,0
72802900,KSP0900,22-347467,20220907,1330,,,KY1056,,,KY1056,KY1056,0,098 KY-1056,KY1056,Y,N,NULL,NULL,NULL,N,NULL,NULL,NULL,NULL,NULL,NULL,11.321,NULL,NULL,NULL,NULL,,NULL,0,0,2,2,N,N,35,NULL,98,9863,NULL,,Y,37.61983,37,37.19,NULL,-82.16694,82,10.016,NULL,N,NULL,NULL,NULL,NULL,NULL,NULL,NULL,NULL,1,97,2,6,1,1,3,2,5,3,N,NULL,Y,N,1330,1400,1330,N,NULL,90,7,0,N,,N,N,098-KY-1056-0,NULL,NULL,2022,O,7.28029E+11,098-KY-1056  -000,HIGH,098-KY-1056  -000,11.321,0,0,0,1,0,0,1,0,0,0,0,0,0
72833927,KSP0900,22-451919,20221125,1228,,,KY3417,,,KY3417,KY3417,0,098 KY-3417,KY3417,N,N,NULL,NULL,NULL,N,NULL,NULL,NULL,NULL,NULL,NULL,0.399,NULL,NULL,NULL,NULL,,NULL,0,0,1,1,N,N,35,NULL,98,9801,NULL,,Y,37.46704,37,28.022,NULL,-82.55804,82,33.482,NULL,N,NULL,NULL,NULL,NULL,NULL,NULL,NULL,NULL,9,3,2,2,1,5,6,2,7,3,N,NULL,Y,N,1228,1239,1300,N,NULL,44,17,0,N,,N,N,098-KY-3417-0,NULL,NULL,2022,O,7.28339E+11,098-KY-3417  -000,HIGH,098-KY-3417  -000,0.399,0,0,0,0,0,0,1,0,0,0,0,1,0
72777682,980100,2.022E+11,20220629,801,,115,LEE AVENUE,,,,,,,,Y,N,NULL,NULL,NULL,N,NULL,NULL,NULL,NULL,NULL,NULL,NULL,NULL,NULL,NULL,NULL,NULL,NULL,0,0,2,2,N,N,15,NULL,98,9801,NULL,,Y,37.50173,37,30.104,NULL,-82.53436,82,32.061,NULL,N,NULL,NULL,NULL,NULL,NULL,NULL,NULL,NULL,2,97,1,6,1,1,2,2,1,3,N,NULL,Y,N,801,805,825,N,NULL,90,,,N,,N,N,,NULL,NULL,2022,O,7.27777E+11,098-CS-1261  -000,MEDIUM,098-CS-1261  -000,0.106,0,0,0,1,0,0,1,0,0,1,0,0,0
72872961,KSP0900,23-81502,20230303,922,,,US119,,,US0119,US0119,,,,Y,N,NULL,NULL,NULL,N,NULL,NULL,NULL,NULL,NULL,NULL,0.416,NULL,NULL,NULL,NULL,,NULL,0,0,2,2,N,N,15,NULL,98,9801,NULL,,Y,37.50587,37,30.352,NULL,-82.52507,82,31.504,NULL,N,NULL,NULL,NULL,NULL,NULL,NULL,NULL,NULL,8,97,1,6,3,11,3,2,1,3,N,NULL,Y,N,922,930,1000,N,NULL,90,2,1,N,,N,N,,NULL,NULL,2023,O,7.2873E+11,098-US-0119  -000,MEDIUM,098-US-0119  -000,0.418,0,0,0,0,0,0,0,0,0,0,0,0,0
72729731,980100,2.022E+11,20220210,1605,,,US23,,,US0023,US0023,0,098 US-23-10,US0023,N,N,NULL,NULL,NULL,N,NULL,NULL,NULL,NULL,NULL,NULL,26.318,NULL,NULL,NULL,NULL,,NULL,0,0,2,2,N,N,55,NULL,98,9801,NULL,,Y,37.50415,37,30.249,NULL,-82.53241,82,31.945,NULL,N,NULL,NULL,NULL,NULL,NULL,NULL,NULL,NULL,5,3,4,6,1,1,2,2,7,3,N,NULL,Y,N,1605,1610,1610,N,NULL,70,,1,N,,N,N,098-US-0023-10,NULL,NULL,2022,O,7.27297E+11,098-US-0023  -010,HIGH,098-US-0023  -000,26.318,0,0,0,0,0,0,1,0,0,0,0,0,0
72775588,KSP0900,22-236138,20220622,1845,,,US119,,,US0119,US0119,0,098 US-119,US0119,N,N,NULL,NULL,NULL,N,NULL,NULL,NULL,NULL,NULL,NULL,10.509,NULL,NULL,NULL,NULL,,NULL,0,0,1,1,N,N,55,NULL,98,9820,NULL,,Y,37.58633,37,35.18,NULL,-82.39809,82,23.886,NULL,N,NULL,NULL,NULL,NULL,NULL,NULL,NULL,NULL,9,6,2,5,1,1,2,2,3,3,N,NULL,Y,Y,1845,1845,1915,N,NULL,51,2,1,N,,N,N,098-US-0119-0,NULL,NULL,2022,O,7.27756E+11,098-US-0119  -000,HIGH,098-US-0119  -000,10.509,0,0,1,0,0,0,0,0,0,0,0,1,0
72737579,KSP0900,22-79163,20220304,959,,,WILLIAMSON,,RD,KY0292,KY0292,0,098 KY-292,KY0292,N,N,NULL,NULL,NULL,N,NULL,NULL,NULL,NULL,NULL,NULL,12.618,NULL,NULL,NULL,NULL,,NULL,0,0,1,1,N,N,35,NULL,98,9834,NULL,,Y,37.7396,37,44.376,NULL,-82.33288,82,19.973,NULL,N,NULL,NULL,NULL,NULL,NULL,NULL,NULL,NULL,9,5,2,3,1,1,2,2,7,3,N,NULL,Y,N,959,1015,1050,N,NULL,51,7,0,N,,N,N,098-KY-0292-0,NULL,NULL,2022,O,7.27376E+11,098-KY-0292  -000,HIGH,098-KY-0292  -000,12.618,0,0,1,0,0,0,1,0,0,0,0,1,0
72826147,980100,2.022E+11,20221104,939,,,US23,,,US0023,US0023,0,098 US-23,US0023,N,N,NULL,NULL,NULL,N,NULL,NULL,NULL,NULL,NULL,NULL,31.582,NULL,NULL,NULL,NULL,,NULL,0,0,2,2,N,N,55,NULL,98,9801,NULL,,Y,37.53682,37,32.209,NULL,-82.60129,82,36.077,NULL,N,NULL,NULL,NULL,NULL,NULL,NULL,NULL,NULL,5,3,4,6,1,1,2,2,7,3,N,NULL,Y,N,939,953,1032,N,NULL,49,,1,N,,N,N,098-US-0023-0,NULL,NULL,2022,O,7.28261E+11,098-US-0023  -000,HIGH,098-US-0023  -000,31.582,0,0,0,0,0,0,0,0,0,0,0,0,0
72866744,KSP0900,23-63347,20230218,1151,,,US23,,,US0023,US0023,0,098 US-23-10,US0023,Y,N,NULL,NULL,NULL,N,NULL,NULL,NULL,NULL,NULL,NULL,28.923,NULL,NULL,NULL,NULL,,NULL,0,0,2,2,N,N,NULL,NULL,98,9807,NULL,,Y,37.52288,37,31.373,NULL,-82.5712,82,34.272,NULL,N,NULL,NULL,NULL,NULL,NULL,NULL,NULL,NULL,2,97,4,6,1,1,2,2,1,3,N,NULL,N,N,1216,1232,1232,N,NULL,90,,1,N,,N,N,098-US-0023-10,NULL,NULL,2023,O,7.28667E+11,098-US-0023  -010,HIGH,098-US-0023  -000,28.904,0,0,1,0,0,0,0,0,0,0,0,0,0
72803452,980100,2.022E+11,20220909,1337,,,US23 TURN LANE,,,US0023,US0023,,,,N,N,NULL,NULL,NULL,N,NULL,NULL,NULL,NULL,NULL,NULL,0.014,NULL,NULL,NULL,NULL,,NULL,0,0,2,2,N,N,55,NULL,98,9801,NULL,,Y,37.50383,37,30.23,NULL,-82.53249,82,31.95,NULL,N,NULL,NULL,NULL,NULL,NULL,NULL,NULL,NULL,5,3,8,6,1,1,2,2,1,3,N,NULL,Y,N,1337,1346,,N,NULL,49,,1,N,,N,N,,NULL,NULL,2022,O,7.28035E+11,098-US-0023  -020,MEDIUM,098-US-0023  -020,0.014,0,0,1,0,0,0,1,1,0,0,0,0,0
72735765,KSP0900,22-70013,20220225,1800,,,OWSLEY,,RD,KY1384,KY1384,0,098 KY-1384,KY1384,N,N,NULL,NULL,NULL,N,NULL,NULL,NULL,NULL,NULL,NULL,0.495,NULL,NULL,NULL,NULL,,NULL,0,0,2,2,N,N,35,NULL,98,9858,NULL,,Y,37.52695,37,31.617,NULL,-82.61572,82,36.943,NULL,N,NULL,NULL,NULL,NULL,NULL,NULL,NULL,NULL,5,3,2,6,1,5,2,6,7,3,N,NULL,Y,N,1800,1850,1905,N,NULL,40,,0,N,,N,N,098-KY-1384-0,NULL,NULL,2022,O,7.27358E+11,098-KY-1384  -000,HIGH,098-KY-1384  -000,0.495,0,0,0,1,0,0,0,0,0,0,0,1,0
72764633,KSP0900,22-171471,20220509,1856,,,RIVER,,RD,,,0,098 CR-1643,CR1643,N,N,NULL,NULL,NULL,N,NULL,NULL,NULL,NULL,NULL,NULL,1.167,NULL,NULL,NULL,NULL,,NULL,1,0,1,1,N,N,35,NULL,98,9802,NULL,,Y,37.35426,37,21.255,NULL,-82.39149,82,23.489,NULL,N,NULL,NULL,NULL,NULL,NULL,NULL,NULL,NULL,9,3,1,6,3,1,2,2,7,3,Y,NULL,Y,Y,1857,1908,,N,NULL,40,,,N,,N,N,098-CR-1643-0,NULL,NULL,2022,C,7.27646E+11,098-CR-1643  -000,HIGH,098-CR-1643  -000,1.167,0,0,0,0,0,0,0,0,0,1,0,1,0
72803892,KSP0900,22-351476,20220910,716,,,KY1426,,,KY1426,KY1426,0,098 KY-1426,KY1426,N,N,NULL,NULL,NULL,N,NULL,NULL,NULL,NULL,NULL,NULL,12.304,NULL,NULL,NULL,NULL,,NULL,2,0,1,1,N,N,35,NULL,98,9828,NULL,,Y,37.54007,37,32.404,NULL,-82.46854,82,28.113,NULL,N,NULL,NULL,NULL,NULL,NULL,NULL,NULL,NULL,9,97,2,6,1,5,3,2,6,3,Y,NULL,Y,Y,718,751,845,Y,NULL,40,7,0,Y,,N,N,098-KY-1426-0,NULL,NULL,2022,C,7.28039E+11,098-KY-1426  -000,HIGH,098-KY-1426  -000,12.304,0,0,0,0,0,0,0,1,1,1,0,1,0
72845601,980100,2.022E+11,20221221,1400,,,US23,,,US0023,US0023,0,098 US-23-10,US0023,N,N,NULL,NULL,NULL,N,NULL,NULL,NULL,NULL,NULL,NULL,26.272,NULL,NULL,NULL,NULL,,NULL,0,0,2,2,N,N,55,NULL,98,9801,NULL,,Y,37.5035,37,30.21,NULL,-82.53234,82,31.94,NULL,N,NULL,NULL,NULL,NULL,NULL,NULL,NULL,NULL,5,3,4,6,1,1,2,2,7,3,N,NULL,Y,N,1400,1405,1405,N,NULL,49,,1,N,,N,N,098-US-0023-10,NULL,NULL,2022,O,7.28456E+11,098-US-0023  -010,HIGH,098-US-0023  -000,26.272,0,0,0,0,0,0,0,0,0,0,0,0,0
72801714,KSP0900,22-342745,20220903,2312,,,POUNDING MILL,,RD,,,0,098 CR-1526,CR1526,N,N,NULL,NULL,NULL,N,NULL,NULL,NULL,NULL,NULL,NULL,1.047,NULL,NULL,NULL,NULL,,NULL,0,0,1,1,N,N,35,NULL,98,9811,NULL,,Y,37.57205,37,34.323,NULL,-82.15215,82,9.129,NULL,N,NULL,NULL,NULL,NULL,NULL,NULL,NULL,NULL,9,5,1,4,1,1,2,6,7,3,N,NULL,Y,N,2312,2327,2355,N,NULL,51,,,N,,N,N,098-CR-1526-0,NULL,NULL,2022,O,7.28017E+11,098-CR-1526  -000,HIGH,098-CR-1526  -000,1.047,0,0,0,0,0,0,0,0,1,0,0,1,0
72717773,KSP0900,22-7586,20220106,1615,,,KY612,,,KY0612,KY0612,0,098 KY-612,KY0612,N,N,NULL,NULL,NULL,N,NULL,NULL,NULL,NULL,NULL,NULL,6.368,NULL,NULL,NULL,NULL,,NULL,1,0,1,1,N,N,45,NULL,98,9826,NULL,,Y,37.64793,37,38.876,NULL,-82.31178,82,18.707,NULL,N,NULL,NULL,NULL,NULL,NULL,NULL,NULL,NULL,9,4,2,2,1,4,9,2,7,3,N,NULL,Y,Y,1615,1742,1800,N,NULL,44,8,0,N,,N,N,098-KY-0612-0,NULL,NULL,2022,B,7.27178E+11,098-KY-0612  -000,HIGH,098-KY-0612  -000,6.368,0,0,0,0,0,0,0,0,0,0,0,1,0
72712926,KSP0900,21-512291,20211130,908,,,WILLIAMSON,,RD,KY0292,KY0292,0,098 KY-292,KY0292,N,N,NULL,NULL,NULL,N,NULL,NULL,NULL,NULL,NULL,NULL,7.836,NULL,NULL,NULL,NULL,,NULL,0,0,3,3,Y,N,45,NULL,98,9826,NULL,,Y,37.68567,37,41.14,NULL,-82.29865,82,17.919,NULL,N,NULL,NULL,NULL,NULL,NULL,NULL,NULL,NULL,8,3,2,6,1,5,3,2,7,3,N,NULL,N,N,918,1005,1030,N,NULL,53,7,0,N,,N,N,098-KY-0292-0,NULL,NULL,2021,O,7.27129E+11,098-KY-0292  -000,HIGH,098-KY-0292  -000,7.836,0,0,0,0,0,0,0,0,0,0,0,1,0
72711805,980000,21-12-003,20211217,1614,,,PIGEON ROOST,,RD,,,0,098 CR-1517,CR1517,N,N,NULL,NULL,NULL,N,NULL,NULL,NULL,NULL,NULL,NULL,0.704,NULL,NULL,NULL,NULL,,NULL,0,0,2,2,N,N,20,NULL,98,9838,NULL,,Y,37.60144,37,36.086,NULL,-82.31743,82,19.046,NULL,N,NULL,NULL,NULL,NULL,NULL,NULL,NULL,NULL,7,3,1,6,1,1,3,3,7,3,N,NULL,Y,Y,1614,1626,1640,N,NULL,54,,,N,,N,N,098-CR-1517-0,NULL,NULL,2021,O,7.27118E+11,098-CR-1517  -000,HIGH,098-CR-1517  -000,0.704,0,1,0,0,0,0,1,0,0,0,0,1,0
72735706,KSP0900,22-73164,20220228,605,,,US460,,,US0460,US0460,0,098 US-460,US0460,N,N,NULL,NULL,NULL,N,NULL,NULL,NULL,NULL,NULL,NULL,12.221,NULL,NULL,NULL,NULL,,NULL,0,0,1,1,N,N,35,NULL,98,9871,NULL,,Y,37.34747,37,20.848,NULL,-82.39314,82,23.589,NULL,N,NULL,NULL,NULL,NULL,NULL,NULL,NULL,NULL,9,3,2,6,1,1,2,7,2,3,N,NULL,Y,N,616,746,800,N,NULL,70,,1,N,,N,N,098-US-0460-0,NULL,NULL,2022,O,7.27357E+11,098-US-0460  -000,HIGH,098-US-0460  -000,12.221,0,0,0,0,0,0,1,0,0,0,0,0,0