MasterFile,AgencyORINumber,LocalCode,CollisionDate,CollisionTime,CollisionDayWeekCode,RoadwayName_HouseBusinessNumber_,RoadwayName_RoadwayName_,RoadwayName_Direction_,RoadwayName_RoadwaySuffix_,RoadwayfromReport,CurrentRoadwayNumber,RoadwayNumberCoupletID,RSEUniqueGIS,RoadwayIdentifier,ParkingLotIndicator,IntersectionWith_Indicator_,IntersectionWith_NameRoadway_,IntersectionWith_Direction_,IntersectionWith_RoadwaySuffix_,BetweenStreets_Indicator_,BetweenStreets1_NameRoadway_,BetweenStreet1_Direction_,BetweenStreets1_RoadwaySuffix_,BetweenStreets2_NameRoadway_,BetweenStreets2_Direction_,BetweenStreets2_RoadwaySuffix_,Milepoint,ReportMilepointDeriveNumber,CurrentDerivedMiepointNumber,MilestoMilepoint,FeettoMilepoint,DirectionfromMilepoint_NSEW_,ValidMilepointIndicator,NumberInjured,NumberKilled,ofUnits,ofMotorVehicleUnits,Hit&RunIndicator,OneWayIndicator,SpeedLimitNumber,KilometersIndicator,CountyCode,CityCountyCode,MilesFromCity,DirectionFromCity_NSEW_,InCityLimitsIndicator,Latitude,LatitudeDegrees,LatitudeMinutes,LatitudeSeconds,Longitude,LongitudeDegrees,LongitudeMinutes,LongitudeSeconds,RampIndicator,RampFromIdentifier,RampFromDirCode,RampFromCoupletID,RSEUniqueGISRampFrom,RampToidentifier,RampToDirCode,RampToCoupletID,RSEUniqueGisRampTo,MannerofCollisionCode,LocationFirstEventCode,TotalLanes,RoadwayCharacterCode,RoadwaySurfaceCode,RoadwayConditionCode,WeatherCode,LightConditionCode,LandUseCode,SchoolBusRelatedCode,FirstAidSceneIndicator,CollDescPresentInd,InvestigationCompleteIndicator,PhotosTakenIndicator,TimeNotified,TimeArrived,TimeRoadwayOpened,PropertyDamageIndicator,DiagramPresentIndicator,DirectionalAnalysis,FunctionClassCode,NationalHwySysCode,EnforcementsIndicator,KARSCityCode,SecondaryCollisionIndicator,MedianCrossoverIndicator,RT_UNIQUE,MapIt,TimeLastLeft,YR,KABCO,MFNY,WorkingRID,RT_CONFIDENCE,KTC_RT,KTC_MP,Motorcyclist,CommercialVehicle,YoungDriver,MatureDriver,pedestrian,Bicyclist,Distracted,agressive,Impaired,Unrestrained,Intersection,RoadwayDeparture,MedXover
72691064,980000,21-10-007,20211028,1520,,,US23,,,US0023,US0023,0,098 US-23,US0023,N,N,NULL,NULL,NULL,N,NULL,NULL,NULL,NULL,NULL,NULL,27.178,NULL,NULL,NULL,NULL,,NULL,0,0,2,2,N,N,55,NULL,98,9801,NULL,,Y,37.51049,37,30.63,NULL,-82.54481,82,32.688,NULL,N,NULL,NULL,NULL,NULL,NULL,NULL,NULL,NULL,5,3,4,6,1,1,2,2,1,3,N,NULL,Y,Y,1520,1520,1540,N,NULL,70,,1,N,,N,N,098-US-0023-0,NULL,NULL,2021,O,7.26911E+11,098-US-0023  -000,HIGH,098-US-0023  -000,27.178,0,0,0,1,0,0,1,0,0,0,0,0,0
72741576,980100,2.022E+11,20220316,2220,,,US23,,,US0023,US0023,0,098 US-23-10,US0023,N,N,NULL,NULL,NULL,N,NULL,NULL,NULL,NULL,NULL,NULL,31.345,NULL,NULL,NULL,NULL,,NULL,0,0,1,1,N,N,55,NULL,98,9801,NULL,,Y,37.53633,37,32.18,NULL,-82.59692,82,35.815,NULL,N,NULL,NULL,NULL,NULL,NULL,NULL,NULL,NULL,9,6,4,3,1,1,2,6,7,3,N,NULL,Y,N,2220,2227,2227,N,NULL,40,,1,N,,N,N,098-US-0023-10,NULL,NULL,2022,O,7.27416E+11,098-US-0023  -010,HIGH,098-US-0023  -000,31.345,0,0,0,0,0,0,0,0,0,0,0,1,0
72793573,KSP0900,22-312143,20220813,709,,,KY194,,,KY0194,KY0194,0,098 KY-194,KY0194,N,N,NULL,NULL,NULL,N,NULL,NULL,NULL,NULL,NULL,NULL,37.681,NULL,NULL,NULL,NULL,,NULL,0,0,1,1,N,N,55,NULL,98,9839,NULL,,Y,37.4493,37,26.958,NULL,-82.26814,82,16.088,NULL,N,NULL,NULL,NULL,NULL,NULL,NULL,NULL,NULL,9,3,2,2,1,1,2,2,7,3,N,NULL,Y,N,709,809,948,N,NULL,44,7,0,N,,N,N,098-KY-0194-0,NULL,NULL,2022,O,7.27936E+11,098-KY-0194  -000,HIGH,098-KY-0194  -000,37.681,0,0,0,0,0,0,0,0,0,0,0,1,0
72771611,980100,2.022E+11,20220611,1516,,,KY3496,,,KY3496,KY3496,0,098 KY-3496,KY3496,Y,N,NULL,NULL,NULL,N,NULL,NULL,NULL,NULL,NULL,NULL,0.225,NULL,NULL,NULL,NULL,,NULL,0,0,2,2,N,N,NULL,NULL,98,9801,NULL,,Y,37.46673,37,28.004,NULL,-82.53157,82,31.894,NULL,N,NULL,NULL,NULL,NULL,NULL,NULL,NULL,NULL,2,97,0,6,1,1,2,2,1,3,N,NULL,Y,N,1516,1520,,N,NULL,90,16,0,N,,N,N,098-KY-3496-0,NULL,NULL,2022,O,7.27716E+11,098-KY-3496  -000,HIGH,098-KY-3496  -000,0.225,0,0,0,0,0,0,0,0,0,0,0,0,0
72746580,KSP0900,22-118007,20220401,1709,,,YELLOW HILL,,LN,,,0,098 CR-1661E,CR1661E,N,N,NULL,NULL,NULL,N,NULL,NULL,NULL,NULL,NULL,NULL,0.073,NULL,NULL,NULL,NULL,,NULL,0,0,1,1,N,N,15,NULL,98,9802,NULL,,Y,37.35672,37,21.403,NULL,-82.40626,82,24.376,NULL,N,NULL,NULL,NULL,NULL,NULL,NULL,NULL,NULL,9,3,1,1,2,1,2,2,6,3,Y,NULL,Y,N,1709,1725,1725,Y,NULL,70,,,N,,N,N,098-CR-1661E-0,NULL,NULL,2022,O,7.27466E+11,098-CR-1661E -000,HIGH,098-CR-1661E -000,0.073,0,0,0,1,0,0,0,0,1,1,0,0,0
72762057,980100,2.022E+11,20220507,2212,,,THOMPSON,,RD,,,0,098 CS-1215,CS1215,Y,N,NULL,NULL,NULL,N,NULL,NULL,NULL,NULL,NULL,NULL,0.33,NULL,NULL,NULL,NULL,,NULL,0,0,2,2,N,N,NULL,NULL,98,9801,NULL,,Y,37.50801,37,30.481,NULL,-82.54305,82,32.583,NULL,N,NULL,NULL,NULL,NULL,NULL,NULL,NULL,NULL,2,97,NULL,6,1,5,6,8,5,3,N,NULL,Y,N,2212,2223,2223,N,NULL,90,,,Y,,N,N,098-CS-1215-0,NULL,NULL,2022,O,7.27621E+11,098-CS-1215  -000,HIGH,098-CS-1215  -000,0.33,0,0,0,0,0,0,1,0,1,0,0,0,0
72746872,980100,2.022E+11,20220325,1927,,,US23,,,US0023,US0023,0,098 US-23,US0023,N,Y,KY3496,,,N,NULL,NULL,NULL,NULL,NULL,NULL,23.062,NULL,NULL,NULL,NULL,,NULL,4,0,2,2,N,N,55,NULL,98,9801,NULL,,Y,37.46593,37,27.956,NULL,-82.52807,82,31.684,NULL,N,NULL,NULL,NULL,NULL,NULL,NULL,NULL,NULL,1,3,6,6,1,1,2,2,1,3,N,NULL,Y,Y,1927,1932,2012,N,NULL,10,,1,N,,N,N,098-US-0023-0,NULL,NULL,2022,B,7.27469E+11,098-US-0023  -000,HIGH,098-US-0023  -000,23.062,0,0,0,1,0,0,1,1,0,1,1,0,0
72734905,KSP0900,22-70199,20220225,1859,,,US460,,,US0460,US0460,0,098 US-460,US0460,N,N,NULL,NULL,NULL,N,NULL,NULL,NULL,NULL,NULL,NULL,9.896,NULL,NULL,NULL,NULL,,NULL,3,0,2,2,N,N,55,NULL,98,9822,NULL,,Y,37.36356,37,21.814,NULL,-82.40711,82,24.427,NULL,N,NULL,NULL,NULL,NULL,NULL,NULL,NULL,NULL,5,3,2,6,1,1,2,6,7,3,N,NULL,Y,Y,1859,1902,2000,N,NULL,49,,1,N,,N,N,098-US-0460-0,NULL,NULL,2022,B,7.27349E+11,098-US-0460  -000,HIGH,098-US-0460  -000,9.896,0,0,0,0,0,0,1,0,0,0,0,1,0
72772041,980100,2.022E+11,20220604,1210,,,US23,,,US0023,US0023,0,098 US-23-10,US0023,N,N,NULL,NULL,NULL,N,NULL,NULL,NULL,NULL,NULL,NULL,27.393,NULL,NULL,NULL,NULL,,NULL,0,0,2,2,Y,N,55,NULL,98,9807,NULL,,Y,37.51088,37,30.653,NULL,-82.54909,82,32.945,NULL,N,NULL,NULL,NULL,NULL,NULL,NULL,NULL,NULL,5,3,4,6,1,1,2,2,7,3,N,NULL,N,N,1210,1214,1214,N,NULL,49,,1,N,,N,N,098-US-0023-10,NULL,NULL,2022,O,7.2772E+11,098-US-0023  -010,HIGH,098-US-0023  -000,27.393,1,0,0,1,0,0,1,0,0,0,0,1,0
72743303,KSP0900,22-104706,20220322,1851,,,US119,,,US0119,US0119,0,098 US-119,US0119,Y,N,NULL,NULL,NULL,N,NULL,NULL,NULL,NULL,NULL,NULL,24.831,NULL,NULL,NULL,NULL,,NULL,0,0,2,2,Y,N,15,NULL,98,9834,NULL,,Y,37.66687,37,40.012,NULL,-82.27487,82,16.492,NULL,N,NULL,NULL,NULL,NULL,NULL,NULL,NULL,NULL,5,97,1,6,1,1,2,2,7,3,N,NULL,N,N,1850,1900,1900,N,NULL,90,2,1,N,,N,N,098-US-0119-0,NULL,NULL,2022,O,7.27433E+11,098-US-0119  -000,HIGH,098-US-0119  -000,24.831,0,0,0,0,0,0,1,0,0,0,0,0,0
72737739,KSP0900,22-52523,20220212,1442,,,TOLER,,RD,KY0319,KY0319,0,098 KY-319,KY0319,N,N,NULL,NULL,NULL,N,NULL,NULL,NULL,NULL,NULL,NULL,3.724,NULL,NULL,NULL,NULL,,NULL,0,0,1,1,N,N,55,NULL,98,9842,NULL,,Y,37.60785,37,36.471,NULL,-82.22855,82,13.713,NULL,N,NULL,NULL,NULL,NULL,NULL,NULL,NULL,NULL,9,3,2,6,1,1,2,2,7,3,N,NULL,Y,N,1444,1444,1444,N,NULL,38,7,0,N,,N,N,098-KY-0319-0,NULL,NULL,2022,O,7.27377E+11,098-KY-0319  -000,HIGH,098-KY-0319  -000,3.724,0,0,0,0,0,0,0,0,0,0,0,0,0
72765832,370200,22-193623,20220525,1038,,,ELKHORN,,CRK,KY0197,KY0197,0,098 KY-197,KY0197,N,N,NULL,NULL,NULL,N,NULL,NULL,NULL,NULL,NULL,NULL,7.35,NULL,NULL,NULL,NULL,,NULL,0,0,1,1,N,N,55,NULL,98,9864,NULL,,Y,37.25853,37,15.512,NULL,-82.46786,82,28.072,NULL,N,NULL,NULL,NULL,NULL,NULL,NULL,NULL,NULL,9,3,2,3,1,1,2,2,1,3,N,NULL,Y,N,1038,1117,1200,N,NULL,70,7,0,N,,N,N,098-KY-0197-0,NULL,NULL,2022,O,7.27658E+11,098-KY-0197  -000,HIGH,098-KY-0197  -000,7.35,0,1,0,0,0,0,0,0,0,0,0,0,0
72765918,980100,2.022E+11,20220524,1506,,116,LEE,,AVE,,,0,098 CS-1191,CS1191,Y,N,NULL,NULL,NULL,N,NULL,NULL,NULL,NULL,NULL,NULL,NULL,NULL,NULL,NULL,NULL,NULL,NULL,0,0,2,2,N,N,NULL,NULL,98,9801,NULL,,Y,37.50375,37,30.225,NULL,-82.53226,82,31.936,NULL,N,NULL,NULL,NULL,NULL,NULL,NULL,NULL,NULL,5,97,1,6,1,1,2,2,1,3,N,NULL,Y,N,1507,1514,1515,N,NULL,90,,,N,,N,N,098-CS-1191-0,NULL,NULL,2022,O,7.27659E+11,098-CS-1191  -000,HIGH,098-CS-1191  -000,0.006,0,0,0,0,0,0,0,0,0,0,0,0,0
72769037,980100,2.022E+11,20220529,1132,,,CASSIDY,,BLVD,,,0,098 CS-1191,CS1191,Y,N,NULL,NULL,NULL,N,NULL,NULL,NULL,NULL,NULL,NULL,0.046,NULL,NULL,NULL,NULL,,NULL,0,0,2,2,N,N,15,NULL,98,9801,NULL,,Y,37.5037,37,30.222,NULL,-82.53291,82,31.974,NULL,N,NULL,NULL,NULL,NULL,NULL,NULL,NULL,NULL,2,97,1,6,1,1,2,2,1,3,N,NULL,Y,N,1132,1139,,N,NULL,90,,,N,,N,N,098-CS-1191-0,NULL,NULL,2022,O,7.2769E+11,098-CS-1191  -000,HIGH,098-CS-1191  -000,0.046,0,0,0,1,0,0,1,0,0,0,0,0,0
72707193,980100,2.021E+11,20211208,2157,,581,OWSLEY,,RD,KY1384,KY1384,0,098 KY-1384,KY1384,N,N,NULL,NULL,NULL,N,NULL,NULL,NULL,NULL,NULL,NULL,NULL,NULL,NULL,NULL,NULL,NULL,NULL,2,0,1,1,N,N,35,NULL,98,9801,NULL,,Y,37.48982,37,29.389,NULL,-82.5723,82,34.338,NULL,N,NULL,NULL,NULL,NULL,NULL,NULL,NULL,NULL,9,6,2,6,1,1,2,4,6,3,Y,NULL,Y,Y,2157,2205,2240,Y,NULL,51,,0,Y,,N,N,098-KY-1384-0,NULL,NULL,2021,B,7.27072E+11,098-KY-1384  -000,HIGH,098-KY-1384  -000,4.65,0,0,0,0,0,0,0,0,1,1,0,1,0
72767118,KSP0900,22-200443,20220529,1938,,,MALL,,RD,,,0,098 CR-1037,CR1037,Y,N,NULL,NULL,NULL,N,NULL,NULL,NULL,NULL,NULL,NULL,0.395,NULL,NULL,NULL,NULL,,NULL,0,0,2,2,N,N,NULL,NULL,98,9834,NULL,,Y,37.65644,37,39.387,NULL,-82.27172,82,16.303,NULL,N,NULL,NULL,NULL,NULL,NULL,NULL,NULL,NULL,5,97,NULL,4,1,1,2,2,1,3,N,NULL,Y,N,1938,1948,1948,N,NULL,90,,,N,,N,N,098-CR-1037-0,NULL,NULL,2022,O,7.27671E+11,098-CR-1037  -000,HIGH,098-CR-1037  -000,0.395,0,0,0,0,0,0,0,0,0,0,0,0,0
72742926,KSP0900,22-102198,20220320,2314,,,US460,,,US0460,US0460,0,098 US-460,US0460,N,N,NULL,NULL,NULL,N,NULL,NULL,NULL,NULL,NULL,NULL,4.948,NULL,NULL,NULL,NULL,,NULL,0,0,1,1,N,N,35,NULL,98,9801,NULL,,Y,37.41169,37,24.702,NULL,-82.44982,82,26.989,NULL,N,NULL,NULL,NULL,NULL,NULL,NULL,NULL,NULL,9,5,2,6,1,1,2,6,7,3,N,NULL,Y,N,2314,2314,,N,NULL,51,,1,Y,,N,N,098-US-0460-0,NULL,NULL,2022,O,7.27429E+11,098-US-0460  -000,HIGH,098-US-0460  -000,4.948,0,0,0,0,0,0,0,0,1,0,0,1,0
72796940,980500,2022AR036,20220819,1203,,4117,MAYO TRAIL,N,,US0023,US0023,0,098 US-23-10,US0023,Y,N,NULL,NULL,NULL,N,NULL,NULL,NULL,NULL,NULL,NULL,NULL,NULL,NULL,NULL,NULL,NULL,NULL,0,0,2,2,Y,N,15,NULL,98,9807,NULL,,Y,37.52237,37,31.342,NULL,-82.57134,82,34.281,NULL,N,NULL,NULL,NULL,NULL,NULL,NULL,NULL,NULL,2,7,4,6,1,1,2,2,5,3,N,NULL,Y,Y,1203,1205,1205,N,NULL,90,,1,N,,N,N,098-US-0023-10,NULL,NULL,2022,O,7.27969E+11,098-US-0023  -010,HIGH,098-US-0023  -000,28.884,0,0,0,0,0,0,1,0,0,0,0,0,0
72744669,KSP0900,22-102561,20220321,1003,,,DORTON-JENKINS,,HWY,KY0805,KY0805,0,098 KY-805,KY0805,N,N,NULL,NULL,NULL,N,NULL,NULL,NULL,NULL,NULL,NULL,6.272,NULL,NULL,NULL,NULL,,NULL,1,0,1,1,N,N,55,NULL,98,9809,NULL,,Y,37.27294,37,16.376,NULL,-82.57661,82,34.596,NULL,N,NULL,NULL,NULL,NULL,NULL,NULL,NULL,NULL,9,5,2,3,1,1,2,2,7,3,Y,NULL,Y,Y,1005,1032,1005,N,NULL,44,7,0,N,,N,N,098-KY-0805-0,NULL,NULL,2022,B,7.27447E+11,098-KY-0805  -000,HIGH,098-KY-0805  -000,6.272,0,0,0,0,0,0,1,0,0,1,0,1,0
72747459,980500,2022AR016,20220405,1700,,,US 23 SOUTH,,,,,,,,N,N,NULL,NULL,NULL,N,NULL,NULL,NULL,NULL,NULL,NULL,NULL,NULL,NULL,NULL,NULL,NULL,NULL,0,0,2,2,N,N,45,NULL,98,9807,NULL,,Y,37.52035,37,31.221,NULL,-82.56786,82,34.071,NULL,N,NULL,NULL,NULL,NULL,NULL,NULL,NULL,NULL,5,3,6,6,1,5,6,2,1,3,N,NULL,Y,Y,1700,1700,1700,N,NULL,49,,,N,,N,N,,NULL,NULL,2022,O,7.27475E+11,098-US-0023  -000,MEDIUM,098-US-0023  -000,28.65,0,0,0,0,0,0,0,0,0,0,0,0,0
72763483,980500,2022AR022,20220519,1627,,,US HWY 23 SOUTH,,,,,,,,N,N,NULL,NULL,NULL,N,NULL,NULL,NULL,NULL,NULL,NULL,NULL,NULL,NULL,NULL,NULL,NULL,NULL,2,0,2,2,N,N,45,NULL,98,9807,NULL,,Y,37.51522,37,30.913,NULL,-82.55942,82,33.565,NULL,N,NULL,NULL,NULL,NULL,NULL,NULL,NULL,NULL,1,3,6,6,1,1,2,2,7,3,Y,NULL,Y,Y,1627,1630,1710,N,NULL,55,,,N,,N,N,,NULL,NULL,2022,C,7.27635E+11,098-CS-3012  -000,MEDIUM,098-CS-3012  -000,0.01,0,0,0,1,0,0,1,0,0,0,0,0,0
72792327,980100,2.022E+11,20220802,1313,,,ELM,N,ST,,,0,098 CS-1169,CS1169,N,N,NULL,NULL,NULL,N,NULL,NULL,NULL,NULL,NULL,NULL,0.079,NULL,NULL,NULL,NULL,,NULL,1,0,1,1,N,N,15,NULL,98,9801,NULL,,Y,37.478,37,28.68,NULL,-82.52245,82,31.347,NULL,N,NULL,NULL,NULL,NULL,NULL,NULL,NULL,NULL,9,5,2,1,1,1,2,2,1,3,Y,NULL,Y,Y,1313,1314,1359,Y,NULL,40,,,N,,N,N,098-CS-1169-0,NULL,NULL,2022,C,7.27923E+11,098-CS-1169  -000,HIGH,098-CS-1169  -000,0.079,0,0,0,1,0,0,0,0,0,0,0,1,0
72783039,KSP0900,22-267870,20220714,1712,,,FERRELLS CREEK,,RD,US0460,US0460,0,098 US-460,US0460,N,N,NULL,NULL,NULL,N,NULL,NULL,NULL,NULL,NULL,NULL,20.639,NULL,NULL,NULL,NULL,,NULL,0,0,1,1,N,N,55,NULL,98,9876,NULL,,Y,37.37547,37,22.528,NULL,-82.28316,82,16.989,NULL,N,NULL,NULL,NULL,NULL,NULL,NULL,NULL,NULL,9,3,2,5,1,5,6,2,7,3,N,NULL,Y,N,1712,1750,1750,N,NULL,44,,1,N,,N,N,098-US-0460-0,NULL,NULL,2022,O,7.2783E+11,098-US-0460  -000,HIGH,098-US-0460  -000,20.639,0,0,0,0,0,0,0,0,0,0,0,1,0
72780862,KSP0900,22-256733,20220706,1858,,,KY1426,,,KY1426,KY1426,0,098 KY-1426,KY1426,N,N,NULL,NULL,NULL,N,NULL,NULL,NULL,NULL,NULL,NULL,10.242,NULL,NULL,NULL,NULL,,NULL,0,0,1,1,N,N,55,NULL,98,9828,NULL,,Y,37.51307,37,30.784,NULL,-82.47489,82,28.493,NULL,N,NULL,NULL,NULL,NULL,NULL,NULL,NULL,NULL,9,5,2,3,1,5,6,2,7,3,N,NULL,Y,N,1858,1911,1924,Y,NULL,40,7,0,N,,N,N,098-KY-1426-0,NULL,NULL,2022,O,7.27809E+11,098-KY-1426  -000,HIGH,098-KY-1426  -000,10.242,0,0,0,0,0,0,0,0,0,0,0,1,0
72800193,KSP0900,22-337119,20220831,1000,,,KY1426,,,KY1426,KY1426,0,098 KY-1426,KY1426,Y,N,NULL,NULL,NULL,N,NULL,NULL,NULL,NULL,NULL,NULL,16.595,NULL,NULL,NULL,NULL,,NULL,0,0,2,2,N,N,NULL,NULL,98,9820,NULL,,Y,37.57247,37,34.348,NULL,-82.44099,82,26.459,NULL,N,NULL,NULL,NULL,NULL,NULL,NULL,NULL,NULL,2,97,2,6,1,1,2,2,5,3,N,NULL,N,N,1011,1100,1000,N,NULL,90,7,0,N,,N,N,098-KY-1426-0,NULL,NULL,2022,O,7.28002E+11,098-KY-1426  -000,HIGH,098-KY-1426  -000,16.595,0,0,0,1,0,0,1,0,0,0,0,0,0
72796524,370200,2022-320439,20220819,939,,,POWER,,DR,,,0,098 CS-3012,CS3012,N,N,NULL,NULL,NULL,N,NULL,NULL,NULL,NULL,NULL,NULL,0.043,NULL,NULL,NULL,NULL,,NULL,0,0,1,1,N,N,35,NULL,98,9807,NULL,,Y,37.51493,37,30.896,NULL,-82.55988,82,33.592,NULL,N,NULL,NULL,NULL,NULL,NULL,NULL,NULL,NULL,9,97,2,6,1,1,2,2,1,3,N,NULL,Y,N,940,1000,1000,Y,NULL,40,,,N,,N,N,098-CS-3012-0,NULL,NULL,2022,O,7.27965E+11,098-CS-3012  -000,HIGH,098-CS-3012  -000,0.043,0,1,0,0,0,0,0,0,0,0,0,1,0
72783596,KSP0900,22-270327,20220716,1241,,,US119,,,US0119,US0119,0,098 US-119,US0119,Y,N,NULL,NULL,NULL,N,NULL,NULL,NULL,NULL,NULL,NULL,24.161,NULL,NULL,NULL,NULL,,NULL,0,0,2,2,N,N,5,NULL,98,9834,NULL,,Y,37.65792,37,39.475,NULL,-82.27109,82,16.265,NULL,N,NULL,NULL,NULL,NULL,NULL,NULL,NULL,NULL,2,97,1,6,1,1,2,2,7,3,N,NULL,N,N,1241,1314,1314,N,NULL,90,2,1,N,,N,N,098-US-0119-0,NULL,NULL,2022,O,7.27836E+11,098-US-0119  -000,HIGH,098-US-0119  -000,24.161,0,0,0,1,0,0,0,0,0,0,0,0,0
72800939,980100,2.022E+11,20220820,1324,,,HUFFMAN,,AVE,,,0,098 CS-1123,CS1123,Y,N,NULL,NULL,NULL,N,NULL,NULL,NULL,NULL,NULL,NULL,0.183,NULL,NULL,NULL,NULL,,NULL,0,0,2,2,N,N,15,NULL,98,9801,NULL,,Y,37.47849,37,28.709,NULL,-82.51972,82,31.184,NULL,N,NULL,NULL,NULL,NULL,NULL,NULL,NULL,NULL,2,97,1,6,1,1,2,2,7,3,N,NULL,Y,N,1324,1327,1402,N,NULL,90,,,N,,N,N,098-CS-1123-0,NULL,NULL,2022,O,7.28009E+11,098-CS-1123  -000,HIGH,098-CS-1123  -000,0.183,0,0,0,0,0,0,1,0,0,0,0,0,0
72781271,KSP0900,22-260472,20220709,1041,,,PETER FORK,,RD,,,0,098 CR-1527,CR1527,N,N,NULL,NULL,NULL,N,NULL,NULL,NULL,NULL,NULL,NULL,1.185,NULL,NULL,NULL,NULL,,NULL,1,0,1,1,N,Y,35,NULL,98,9863,NULL,,Y,37.57707,37,34.624,NULL,-82.16651,82,9.991,NULL,N,NULL,NULL,NULL,NULL,NULL,NULL,NULL,NULL,9,6,1,1,1,5,6,2,7,3,Y,NULL,N,Y,1041,1115,1200,N,NULL,40,,,N,,N,N,098-CR-1527-0,NULL,NULL,2022,B,7.27813E+11,098-CR-1527  -000,HIGH,098-CR-1527  -000,1.185,0,0,0,1,0,0,1,0,0,0,0,1,0
72750207,980100,2.022E+11,20220405,2233,,,KY1426,,,KY1426,KY1426,0,098 KY-1426,KY1426,N,N,NULL,NULL,NULL,N,NULL,NULL,NULL,NULL,NULL,NULL,9.145,NULL,NULL,NULL,NULL,,NULL,1,0,1,1,N,N,55,NULL,98,9801,NULL,,Y,37.50722,37,30.433,NULL,-82.48911,82,29.346,NULL,N,NULL,NULL,NULL,NULL,NULL,NULL,NULL,NULL,9,3,2,2,1,5,6,6,7,3,N,NULL,Y,Y,2233,2238,2328,N,NULL,70,,0,N,,N,N,098-KY-1426-0,NULL,NULL,2022,B,7.27502E+11,098-KY-1426  -000,HIGH,098-KY-1426  -000,9.145,0,0,1,0,0,0,0,0,0,0,0,1,0
72763296,KSP0900,22-167768,20220506,2320,,,WILLIAMSON,,RD,KY0292,KY0292,0,098 KY-292,KY0292,N,N,NULL,NULL,NULL,N,NULL,NULL,NULL,NULL,NULL,NULL,6.502,NULL,NULL,NULL,NULL,,NULL,1,0,1,1,N,N,45,NULL,98,9843,NULL,,Y,37.67479,37,40.487,NULL,-82.29632,82,17.779,NULL,N,NULL,NULL,NULL,NULL,NULL,NULL,NULL,NULL,9,3,2,6,1,6,6,6,7,3,N,NULL,N,N,2320,2320,2320,N,NULL,44,7,0,N,,N,N,098-KY-0292-0,NULL,NULL,2022,C,7.27633E+11,098-KY-0292  -000,HIGH,098-KY-0292  -000,6.502,0,0,1,0,0,0,0,0,0,0,0,1,0
72735530,KSP0900,22-28784,20220124,1140,,,KY194,,,KY0194,KY0194,0,098 KY-194,KY0194,N,N,NULL,NULL,NULL,N,NULL,NULL,NULL,NULL,NULL,NULL,65.625,NULL,NULL,NULL,NULL,,NULL,0,0,1,1,N,N,35,NULL,98,9873,NULL,,Y,37.53557,37,32.134,NULL,-82.10032,82,6.019,NULL,N,NULL,NULL,NULL,NULL,NULL,NULL,NULL,NULL,9,3,2,1,1,1,3,2,7,3,N,NULL,Y,N,1140,1200,1400,Y,NULL,40,7,0,N,,N,N,098-KY-0194-0,NULL,NULL,2022,O,7.27355E+11,098-KY-0194  -000,HIGH,098-KY-0194  -000,65.625,0,0,0,0,0,0,1,0,0,1,0,1,0
72747684,980000,22-03-003,20220314,755,,100,WINNERS CIRCLE DRIVE,,,,,,,,Y,N,NULL,NULL,NULL,N,NULL,NULL,NULL,NULL,NULL,NULL,NULL,NULL,NULL,NULL,NULL,NULL,NULL,0,0,2,2,N,N,NULL,NULL,98,9801,1,NE,N,37.51308,37,30.785,NULL,-82.49868,82,29.921,NULL,N,NULL,NULL,NULL,NULL,NULL,NULL,NULL,NULL,8,97,NULL,6,1,1,2,2,8,3,N,NULL,Y,N,1050,1050,,N,NULL,90,,,N,,N,N,,NULL,NULL,2022,O,7.27477E+11,098-US-0119  -010,MEDIUM,098-US-0119  -000,2.041,0,0,1,0,0,0,0,0,0,0,0,0,0
72718105,980100,2.022E+11,20220104,1131,,911,BYPASS,,RD,,,0,098 CS-1223,CS1223,Y,N,NULL,NULL,NULL,N,NULL,NULL,NULL,NULL,NULL,NULL,NULL,NULL,NULL,NULL,NULL,NULL,NULL,0,0,3,3,N,N,NULL,NULL,98,9801,NULL,,Y,37.47128,37,28.277,NULL,-82.52117,82,31.27,NULL,N,NULL,NULL,NULL,NULL,NULL,NULL,NULL,NULL,1,97,1,6,2,1,2,2,1,3,N,NULL,Y,N,1132,1138,1205,N,NULL,90,,,N,,N,N,098-CS-1223-0,NULL,NULL,2022,O,7.27181E+11,098-CS-1223  -000,HIGH,098-CS-1223  -000,0.136,0,0,0,1,0,0,1,0,0,0,0,0,0
72749515,KSP0900,22-131214,20220411,1700,,,KY194,,,KY0194,KY0194,0,098 KY-194,KY0194,N,N,NULL,NULL,NULL,N,NULL,NULL,NULL,NULL,NULL,NULL,26.933,NULL,NULL,NULL,NULL,,NULL,0,0,1,1,N,N,55,NULL,98,9817,NULL,,Y,37.4941,37,29.646,NULL,-82.35126,82,21.075,NULL,N,NULL,NULL,NULL,NULL,NULL,NULL,NULL,NULL,9,3,2,6,1,1,2,2,7,3,N,NULL,Y,N,1700,1700,1700,N,NULL,44,7,0,N,,N,N,098-KY-0194-0,NULL,NULL,2022,O,7.27495E+11,098-KY-0194  -000,HIGH,098-KY-0194  -000,26.933,0,0,0,1,0,0,0,0,0,0,0,1,0