MasterFile,AgencyORINumber,LocalCode,CollisionDate,CollisionTime,CollisionDayWeekCode,RoadwayName_HouseBusinessNumber_,RoadwayName_RoadwayName_,RoadwayName_Direction_,RoadwayName_RoadwaySuffix_,RoadwayfromReport,CurrentRoadwayNumber,RoadwayNumberCoupletID,RSEUniqueGIS,RoadwayIdentifier,ParkingLotIndicator,IntersectionWith_Indicator_,IntersectionWith_NameRoadway_,IntersectionWith_Direction_,IntersectionWith_RoadwaySuffix_,BetweenStreets_Indicator_,BetweenStreets1_NameRoadway_,BetweenStreet1_Direction_,BetweenStreets1_RoadwaySuffix_,BetweenStreets2_NameRoadway_,BetweenStreets2_Direction_,BetweenStreets2_RoadwaySuffix_,Milepoint,ReportMilepointDeriveNumber,CurrentDerivedMiepointNumber,MilestoMilepoint,FeettoMilepoint,DirectionfromMilepoint_NSEW_,ValidMilepointIndicator,NumberInjured,NumberKilled,ofUnits,ofMotorVehicleUnits,Hit&RunIndicator,OneWayIndicator,SpeedLimitNumber,KilometersIndicator,CountyCode,CityCountyCode,MilesFromCity,DirectionFromCity_NSEW_,InCityLimitsIndicator,Latitude,LatitudeDegrees,LatitudeMinutes,LatitudeSeconds,Longitude,LongitudeDegrees,LongitudeMinutes,LongitudeSeconds,RampIndicator,RampFromIdentifier,RampFromDirCode,RampFromCoupletID,RSEUniqueGISRampFrom,RampToidentifier,RampToDirCode,RampToCoupletID,RSEUniqueGisRampTo,MannerofCollisionCode,LocationFirstEventCode,TotalLanes,RoadwayCharacterCode,RoadwaySurfaceCode,RoadwayConditionCode,WeatherCode,LightConditionCode,LandUseCode,SchoolBusRelatedCode,FirstAidSceneIndicator,CollDescPresentInd,InvestigationCompleteIndicator,PhotosTakenIndicator,TimeNotified,TimeArrived,TimeRoadwayOpened,PropertyDamageIndicator,DiagramPresentIndicator,DirectionalAnalysis,FunctionClassCode,NationalHwySysCode,EnforcementsIndicator,KARSCityCode,SecondaryCollisionIndicator,MedianCrossoverIndicator,RT_UNIQUE,MapIt,TimeLastLeft,YR,KABCO,MFNY,WorkingRID,RT_CONFIDENCE,KTC_RT,KTC_MP,Motorcyclist,CommercialVehicle,YoungDriver,MatureDriver,pedestrian,Bicyclist,Distracted,agressive,Impaired,Unrestrained,Intersection,RoadwayDeparture,MedXover
72735719,980000,22-02-006,20220225,1259,,5216,292,W,HWY,,,,,,Y,N,NULL,NULL,NULL,N,NULL,NULL,NULL,NULL,NULL,NULL,NULL,NULL,NULL,NULL,NULL,NULL,NULL,0,0,2,2,N,N,5,NULL,98,9836,3,E,N,37.7108,37,42.648,NULL,-82.31066,82,18.64,NULL,N,NULL,NULL,NULL,NULL,NULL,NULL,NULL,NULL,2,97,NULL,6,3,5,3,2,1,3,N,NULL,Y,Y,1300,1307,,N,NULL,90,,,N,,N,N,,NULL,NULL,2022,O,7.27357E+11,098-KY-0292  -000,MEDIUM,098-KY-0292  -000,10.122,0,0,0,1,0,0,1,0,0,0,0,0,0
72737103,980100,2.022E+11,20220225,1041,,,HAMBLEY,,BLVD,,,0,098 CS-1222,CS1222,N,N,NULL,NULL,NULL,N,NULL,NULL,NULL,NULL,NULL,NULL,NULL,NULL,NULL,NULL,NULL,,NULL,0,0,2,2,N,N,35,NULL,98,9801,NULL,,Y,37.47402,37,28.441,NULL,-82.5273,82,31.638,NULL,N,NULL,NULL,NULL,NULL,NULL,NULL,NULL,NULL,4,3,2,6,1,1,2,2,1,3,N,NULL,Y,N,1041,1046,1107,N,NULL,70,,,N,,N,N,098-CS-1222-0,NULL,NULL,2022,O,7.27371E+11,098-CS-1222  -000,HIGH,098-CS-1222  -000,0,0,0,0,0,0,0,1,0,0,0,0,0,0
72758699,980100,2.022E+11,20220506,2230,,,CHLOE,,RD,KY1460,KY1460,0,098 KY-1460,KY1460,N,N,NULL,NULL,NULL,N,NULL,NULL,NULL,NULL,NULL,NULL,4.173,NULL,NULL,NULL,NULL,,NULL,0,0,2,2,N,N,35,NULL,98,9801,NULL,,Y,37.47629,37,28.577,NULL,-82.49979,82,29.987,NULL,N,NULL,NULL,NULL,NULL,NULL,NULL,NULL,NULL,7,3,2,6,1,5,6,7,7,3,N,NULL,Y,N,2230,2235,2235,N,NULL,54,,0,N,,N,N,098-KY-1460-0,NULL,NULL,2022,O,7.27587E+11,098-KY-1460  -000,HIGH,098-KY-1460  -000,4.173,0,0,1,0,0,0,0,0,0,0,0,1,0
72737615,980100,2.022E+11,20220305,1726,,,KY1460,,,KY1460,KY1460,0,098 KY-1460,KY1460,N,N,NULL,NULL,NULL,N,NULL,NULL,NULL,NULL,NULL,NULL,6.759,NULL,NULL,NULL,NULL,,NULL,0,0,1,1,N,N,45,NULL,98,9801,NULL,,Y,37.48378,37,29.026,NULL,-82.54048,82,32.429,NULL,N,NULL,NULL,NULL,NULL,NULL,NULL,NULL,NULL,9,6,2,6,1,1,2,2,7,3,N,NULL,Y,N,1726,1735,1804,N,NULL,44,16,0,N,,N,N,098-KY-1460-0,NULL,NULL,2022,O,7.27376E+11,098-KY-1460  -000,HIGH,098-KY-1460  -000,6.759,0,0,1,0,0,0,0,0,0,0,0,1,0
72750359,980100,2.022E+11,20220413,2154,,,BYPASS,N,RD,KY1460,KY1460,,,,N,N,NULL,NULL,NULL,N,NULL,NULL,NULL,NULL,NULL,NULL,5.19,NULL,NULL,NULL,NULL,,NULL,0,0,2,2,N,N,45,NULL,98,9801,NULL,,Y,37.48427,37,29.056,NULL,-82.51467,82,30.88,NULL,N,NULL,NULL,NULL,NULL,NULL,NULL,NULL,NULL,7,97,2,6,1,1,2,5,1,3,N,NULL,Y,N,2154,2200,2242,N,NULL,54,16,0,N,,N,N,,NULL,NULL,2022,O,7.27504E+11,098-KY-1460  -000,HIGH,098-KY-1460  -000,5.19,0,0,1,0,0,0,1,0,0,0,0,1,0
72740961,980100,2.022E+11,20220312,1115,,,US23,,,US0023,US0023,0,098 US-23,US0023,N,N,NULL,NULL,NULL,N,NULL,NULL,NULL,NULL,NULL,NULL,27.248,NULL,NULL,NULL,NULL,,NULL,0,0,1,1,N,N,55,NULL,98,9801,NULL,,Y,37.51051,37,30.631,NULL,-82.54622,82,32.773,NULL,N,NULL,NULL,NULL,NULL,NULL,NULL,NULL,NULL,9,3,6,6,1,1,2,2,7,3,N,NULL,Y,N,1118,1122,1156,N,NULL,70,,1,Y,,N,N,098-US-0023-0,NULL,NULL,2022,O,7.2741E+11,098-US-0023  -000,HIGH,098-US-0023  -000,27.248,0,0,0,0,0,0,0,0,0,1,0,1,0
72801307,KSP0900,22-343250,20220904,1218,,,US119,,,US0119,US0119,0,098 US-119-10,US0119,N,N,NULL,NULL,NULL,N,NULL,NULL,NULL,NULL,NULL,NULL,25.336,NULL,NULL,NULL,NULL,,NULL,0,0,2,2,N,N,55,NULL,98,9834,NULL,,Y,37.67221,37,40.333,NULL,-82.28079,82,16.848,NULL,N,NULL,NULL,NULL,NULL,NULL,NULL,NULL,NULL,8,3,2,6,1,5,6,2,7,3,N,NULL,N,N,1218,1242,1242,N,NULL,53,2,1,N,,N,N,098-US-0119-10,NULL,NULL,2022,O,7.28013E+11,098-US-0119  -010,HIGH,098-US-0119  -000,25.336,0,0,1,1,0,0,1,0,0,0,0,1,0
72793495,980100,2.022E+11,20220812,2148,,,US460,,,US0460,US0460,0,098 US-460,US0460,Y,N,NULL,NULL,NULL,N,NULL,NULL,NULL,NULL,NULL,NULL,0.192,NULL,NULL,NULL,NULL,,NULL,0,0,2,2,N,N,15,NULL,98,9801,NULL,,Y,37.43972,37,26.383,NULL,-82.50908,82,30.545,NULL,N,NULL,NULL,NULL,NULL,NULL,NULL,NULL,NULL,7,97,2,6,1,1,2,5,1,3,N,NULL,Y,N,2148,2158,2158,N,NULL,90,,1,N,,N,N,098-US-0460-0,NULL,NULL,2022,O,7.27935E+11,098-US-0460  -000,HIGH,098-US-0460  -000,0.192,0,0,0,0,0,0,1,0,0,0,0,0,0
72779778,980100,2.022E+11,20220705,1615,,,BAIRD,,AVE,KY1426,KY1426,0,098 KY-1426,KY1426,Y,N,NULL,NULL,NULL,N,NULL,NULL,NULL,NULL,NULL,NULL,5.41,NULL,NULL,NULL,NULL,,NULL,0,0,2,2,N,N,55,NULL,98,9801,NULL,,Y,37.47306,37,28.384,NULL,-82.52706,82,31.624,NULL,N,NULL,NULL,NULL,NULL,NULL,NULL,NULL,NULL,6,97,2,6,1,5,6,2,1,3,N,NULL,Y,N,1615,1619,1619,N,NULL,90,,0,N,,N,N,098-KY-1426-0,NULL,NULL,2022,O,7.27798E+11,098-KY-1426  -000,HIGH,098-KY-1426  -000,5.41,0,0,0,0,0,0,1,0,0,0,0,0,0
72784032,KSP0900,22-272131,20220717,1725,,,KY194,,,KY0194,KY0194,0,098 KY-194,KY0194,N,N,NULL,NULL,NULL,N,NULL,NULL,NULL,NULL,NULL,NULL,19.599,NULL,NULL,NULL,NULL,,NULL,0,0,1,1,N,N,55,NULL,98,9817,NULL,,Y,37.55017,37,33.01,NULL,-82.40931,82,24.559,NULL,N,NULL,NULL,NULL,NULL,NULL,NULL,NULL,NULL,9,3,2,3,1,5,2,2,7,3,N,NULL,Y,N,1727,1730,1730,N,NULL,44,6,0,N,,N,N,098-KY-0194-0,NULL,NULL,2022,O,7.2784E+11,098-KY-0194  -000,HIGH,098-KY-0194  -000,19.599,0,0,0,0,0,0,0,0,0,0,0,1,0
72782119,KSP0900,22-261063,20220709,1812,,,UPPER JOHNS,,CRK,KY0632,KY0632,,,,N,N,NULL,NULL,NULL,N,NULL,NULL,NULL,NULL,NULL,NULL,1.957,NULL,NULL,NULL,NULL,,NULL,0,0,1,1,N,N,45,NULL,98,9817,NULL,,Y,37.49263,37,29.558,NULL,-82.32199,82,19.319,NULL,N,NULL,NULL,NULL,NULL,NULL,NULL,NULL,NULL,9,3,2,6,1,5,3,2,7,3,N,NULL,Y,N,1812,1841,1919,N,NULL,40,6,0,N,,N,N,,NULL,NULL,2022,O,7.27821E+11,098-KY-0632  -000,MEDIUM,098-KY-0632  -000,1.957,0,0,0,0,0,0,0,1,0,0,0,1,0
72797371,980100,2.022E+11,20220803,1228,,,US23,,,US0023,US0023,0,098 US-23-10,US0023,N,Y,MAYO,,CIR,N,NULL,NULL,NULL,NULL,NULL,NULL,22.29,NULL,NULL,NULL,NULL,,NULL,1,0,2,2,N,N,55,NULL,98,9801,NULL,,Y,37.46134,37,27.68,NULL,-82.51697,82,31.018,NULL,N,NULL,NULL,NULL,NULL,NULL,NULL,NULL,NULL,5,3,4,6,1,1,2,2,7,3,Y,NULL,Y,Y,1228,1231,1231,N,NULL,14,,1,N,,N,N,098-US-0023-10,NULL,NULL,2022,C,7.27974E+11,098-US-0023  -010,HIGH,098-US-0023  -000,22.29,0,0,0,1,0,0,1,0,0,0,1,0,0
72745744,980100,2.022E+11,20220324,1951,,,THOMPSON,,RD,,,0,098 CS-1215,CS1215,N,N,NULL,NULL,NULL,N,NULL,NULL,NULL,NULL,NULL,NULL,0.673,NULL,NULL,NULL,NULL,,NULL,0,0,2,2,N,N,15,NULL,98,9801,NULL,,Y,37.50509,37,30.306,NULL,-82.54076,82,32.446,NULL,N,NULL,NULL,NULL,NULL,NULL,NULL,NULL,NULL,2,97,1,6,1,1,2,3,1,3,N,NULL,Y,N,1951,1958,1958,N,NULL,56,,,N,,N,N,098-CS-1215-0,NULL,NULL,2022,O,7.27457E+11,098-CS-1215  -000,HIGH,098-CS-1215  -000,0.673,0,0,1,0,0,0,1,0,0,0,0,0,0
72782069,980500,2022AR035,20220712,1400,,4554,MAYO TRAIL,N,,,,,,,Y,N,NULL,NULL,NULL,N,NULL,NULL,NULL,NULL,NULL,NULL,NULL,NULL,NULL,NULL,NULL,NULL,NULL,0,0,2,2,Y,N,15,NULL,98,9807,NULL,,Y,37.52848,37,31.709,NULL,-82.57451,82,34.471,NULL,N,NULL,NULL,NULL,NULL,NULL,NULL,NULL,NULL,1,97,NULL,6,1,1,2,2,5,3,N,NULL,Y,Y,1400,1405,1406,N,NULL,90,,,N,,N,N,,NULL,NULL,2022,NULL,7.27821E+11,098-US-0023  -000,MEDIUM,098-US-0023  -000,29.331,0,0,0,0,0,0,0,0,0,0,0,0,0
72825730,KSP0900,22-419761,20221101,738,,,CHLOE,,RD,KY1460,KY1460,0,098 KY-1460,KY1460,N,N,NULL,NULL,NULL,N,NULL,NULL,NULL,NULL,NULL,NULL,1.123,NULL,NULL,NULL,NULL,,NULL,0,0,1,1,N,N,45,NULL,98,9801,NULL,,Y,37.44678,37,26.807,NULL,-82.47979,82,28.787,NULL,N,NULL,NULL,NULL,NULL,NULL,NULL,NULL,NULL,9,3,2,5,1,5,6,2,7,3,N,NULL,Y,N,738,811,811,N,NULL,44,,0,N,,N,N,098-KY-1460-0,NULL,NULL,2022,O,7.28257E+11,098-KY-1460  -000,HIGH,098-KY-1460  -000,1.123,0,0,0,0,0,0,0,0,0,0,0,1,0
72798973,KSP0900,22-325804,20220823,702,,,US460,,,US0460,US0460,0,098 US-460,US0460,N,N,NULL,NULL,NULL,N,NULL,NULL,NULL,NULL,NULL,NULL,8.079,NULL,NULL,NULL,NULL,,NULL,0,0,2,2,N,N,45,NULL,98,9830,NULL,,Y,37.37761,37,22.656,NULL,-82.43353,82,26.012,NULL,N,NULL,NULL,NULL,NULL,NULL,NULL,NULL,NULL,7,3,2,1,1,1,2,2,7,3,N,NULL,Y,Y,703,740,805,N,NULL,54,,1,N,,N,N,098-US-0460-0,NULL,NULL,2022,O,7.2799E+11,098-US-0460  -000,HIGH,098-US-0460  -000,8.079,0,0,0,0,0,0,1,0,0,0,0,1,0
72805510,KSP0900,22-346878,20220906,2355,,,KY319,,,KY0319,KY0319,0,098 KY-319,KY0319,N,N,NULL,NULL,NULL,N,NULL,NULL,NULL,NULL,NULL,NULL,5.287,NULL,NULL,NULL,NULL,,NULL,1,0,1,1,N,N,35,NULL,98,9842,NULL,,Y,37.62392,37,37.435,NULL,-82.24472,82,14.683,NULL,N,NULL,NULL,NULL,NULL,NULL,NULL,NULL,NULL,9,5,2,3,1,5,2,7,7,3,Y,NULL,Y,Y,2355,5,45,Y,NULL,51,7,0,N,,N,N,098-KY-0319-0,NULL,NULL,2022,B,7.28055E+11,098-KY-0319  -000,HIGH,098-KY-0319  -000,5.287,0,0,0,0,0,0,0,0,1,1,0,1,0
72809115,980100,2.022E+11,20220924,614,,,CHLOE,,RD,KY1460,KY1460,0,098 KY-1460,KY1460,N,N,NULL,NULL,NULL,N,NULL,NULL,NULL,NULL,NULL,NULL,2.74,NULL,NULL,NULL,NULL,,NULL,1,0,1,1,N,N,45,NULL,98,9801,NULL,,Y,37.46891,37,28.134,NULL,-82.47839,82,28.703,NULL,N,NULL,NULL,NULL,NULL,NULL,NULL,NULL,NULL,9,5,2,1,1,1,3,6,6,3,N,NULL,Y,Y,615,618,715,N,NULL,51,,0,N,,N,N,098-KY-1460-0,NULL,NULL,2022,B,7.28091E+11,098-KY-1460  -000,HIGH,098-KY-1460  -000,2.74,0,0,0,1,0,0,1,1,0,0,0,1,0
72747527,980100,2.022E+11,20220325,2214,,,HAMBLEY,,BLVD,,,0,098 CS-1222,CS1222,N,N,NULL,NULL,NULL,N,NULL,NULL,NULL,NULL,NULL,NULL,0.806,NULL,NULL,NULL,NULL,,NULL,1,0,2,1,Y,N,25,NULL,98,9801,NULL,,Y,37.48262,37,28.957,NULL,-82.51925,82,31.155,NULL,N,NULL,NULL,NULL,NULL,NULL,NULL,NULL,NULL,9,3,2,6,1,1,2,4,1,3,Y,NULL,Y,N,2214,2231,,N,NULL,36,,,Y,,N,N,098-CS-1222-0,NULL,NULL,2022,C,7.27475E+11,098-CS-1222  -000,HIGH,098-CS-1222  -000,0.806,0,0,0,0,1,0,0,0,0,0,0,0,0
72788003,980100,2.022E+11,20220729,823,,164,MAYO,S,TRL,,,0,098 CS-1022,CS1022,Y,N,NULL,NULL,NULL,N,NULL,NULL,NULL,NULL,NULL,NULL,NULL,NULL,NULL,NULL,NULL,NULL,NULL,0,0,2,2,N,N,NULL,NULL,98,9801,NULL,,Y,37.46729,37,28.037,NULL,-82.53256,82,31.954,NULL,N,NULL,NULL,NULL,NULL,NULL,NULL,NULL,NULL,1,97,1,6,1,1,2,2,1,3,N,NULL,Y,N,823,824,824,N,NULL,90,,,N,,N,N,098-CS-1022-0,NULL,NULL,2022,O,7.2788E+11,098-CS-1022  -000,MEDIUM,098-CS-1022  -000,0,0,0,0,0,0,0,0,0,0,0,0,0,0
72789205,KSP0900,22-268917,20220715,1335,,,POUNDING MILL,,RD,,,0,098 CR-1526,CR1526,N,N,NULL,NULL,NULL,N,NULL,NULL,NULL,NULL,NULL,NULL,0.088,NULL,NULL,NULL,NULL,,NULL,0,0,2,2,N,N,35,NULL,98,9811,NULL,,Y,37.56453,37,33.871,NULL,-82.1468,82,8.808,NULL,N,NULL,NULL,NULL,NULL,NULL,NULL,NULL,NULL,2,3,1,1,1,1,2,2,7,3,N,NULL,N,N,1335,1355,1410,N,NULL,56,,,N,,N,N,098-CR-1526-0,NULL,NULL,2022,O,7.27892E+11,098-CR-1526  -000,HIGH,098-CR-1526  -000,0.088,0,0,0,1,0,0,1,0,0,0,0,0,0
72793483,KSP0900,22-309809,20220811,1502,,,US23,,,US0023,US0023,0,098 US-23-10,US0023,Y,N,NULL,NULL,NULL,N,NULL,NULL,NULL,NULL,NULL,NULL,11.912,NULL,NULL,NULL,NULL,,NULL,0,0,2,2,N,N,15,NULL,98,9801,3,S,N,37.36212,37,21.727,NULL,-82.55508,82,33.305,NULL,N,NULL,NULL,NULL,NULL,NULL,NULL,NULL,NULL,8,97,4,1,1,8,2,2,1,3,N,NULL,Y,N,1504,1507,1504,N,NULL,90,,1,N,,N,N,098-US-0023-10,NULL,NULL,2022,O,7.27935E+11,098-US-0023  -010,HIGH,098-US-0023  -000,11.912,0,0,0,0,0,0,0,0,0,0,0,0,0
72776079,980500,2022AR028,20220624,1018,,,MAIN,,ST,,,0,098 CS-3000,CS3000,Y,N,NULL,NULL,NULL,N,NULL,NULL,NULL,NULL,NULL,NULL,NULL,NULL,NULL,NULL,NULL,NULL,NULL,0,0,2,2,N,N,10,NULL,98,9807,NULL,,Y,37.51901,37,31.141,NULL,-82.56673,82,34.004,NULL,N,NULL,NULL,NULL,NULL,NULL,NULL,NULL,NULL,8,97,NULL,5,1,1,2,2,1,3,N,NULL,Y,Y,1032,1035,1035,N,NULL,90,,,N,,N,N,098-CS-3000-0,NULL,NULL,2022,O,7.27761E+11,098-CS-3000  -000,HIGH,098-CS-3000  -000,0.479,0,0,0,0,0,0,1,0,0,0,0,0,0
72732772,KSP0900,2022-62082,20220219,1935,,,US119,,,US0119,US0119,0,098 US-119,US0119,N,N,NULL,NULL,NULL,N,NULL,NULL,NULL,NULL,NULL,NULL,14.065,NULL,NULL,NULL,NULL,,NULL,0,0,2,2,N,N,55,NULL,98,9833,NULL,,Y,37.61774,37,37.065,NULL,-82.35126,82,21.076,NULL,N,NULL,NULL,NULL,NULL,NULL,NULL,NULL,NULL,6,3,4,6,1,1,2,6,7,3,N,NULL,Y,N,1906,1930,1930,N,NULL,38,2,1,N,,N,N,098-US-0119-0,NULL,NULL,2022,O,7.27328E+11,098-US-0119  -000,HIGH,098-US-0119  -000,14.065,0,0,0,0,0,0,0,0,0,0,0,0,0
72730015,KSP0900,22-50776,20220211,1100,,,KY199,,,KY0199,KY0199,0,098 KY-199,KY0199,N,N,NULL,NULL,NULL,N,NULL,NULL,NULL,NULL,NULL,NULL,7.749,NULL,NULL,NULL,NULL,,NULL,1,0,1,1,N,N,45,NULL,98,9804,NULL,,Y,37.55506,37,33.303,NULL,-82.26041,82,15.625,NULL,N,NULL,NULL,NULL,NULL,NULL,NULL,NULL,NULL,9,97,2,3,1,1,2,2,6,3,N,NULL,Y,Y,1100,1116,1116,N,NULL,40,9,0,N,,N,N,098-KY-0199-0,NULL,NULL,2022,B,7.273E+11,098-KY-0199  -000,HIGH,098-KY-0199  -000,7.749,0,0,1,0,0,0,1,0,0,0,0,1,0
72724053,980100,2.022E+11,20220103,1621,,254,CASSIDY,,BLVD,,,,,,Y,N,NULL,NULL,NULL,N,NULL,NULL,NULL,NULL,NULL,NULL,0.364,NULL,NULL,NULL,NULL,,NULL,0,0,2,2,N,N,15,NULL,98,9801,NULL,,Y,37.50507,37,30.304,NULL,-82.53812,82,32.287,NULL,N,NULL,NULL,NULL,NULL,NULL,NULL,NULL,NULL,2,97,NULL,4,1,1,2,2,5,3,N,NULL,Y,N,1621,1625,1625,N,NULL,90,,,N,,N,N,,NULL,NULL,2022,O,7.27241E+11,098-CS-1191  -000,MEDIUM,098-CS-1191  -000,0.364,0,0,0,0,0,0,1,1,0,0,0,0,0
72738214,KSP0900,2022-62249,20220219,2130,,,FALLS BRANCH,,RD,,,0,098 CR-1011,CR1011,N,N,NULL,NULL,NULL,N,NULL,NULL,NULL,NULL,NULL,NULL,0.334,NULL,NULL,NULL,NULL,,NULL,0,0,1,1,N,N,15,NULL,98,9834,0,N,N,37.68551,37,41.131,NULL,-82.30405,82,18.243,NULL,N,NULL,NULL,NULL,NULL,NULL,NULL,NULL,NULL,9,97,1,6,1,1,2,6,6,3,N,NULL,Y,Y,2132,2230,2230,Y,NULL,40,,,Y,,N,N,098-CR-1011-0,NULL,NULL,2022,O,7.27382E+11,098-CR-1011  -000,HIGH,098-CR-1011  -000,0.334,0,0,0,0,0,0,0,0,0,1,0,1,0
72735081,980100,2.022E+11,20220223,1407,,,CASSIDY,,BLVD,,,0,098 CS-1191,CS1191,Y,N,NULL,NULL,NULL,N,NULL,NULL,NULL,NULL,NULL,NULL,0.316,NULL,NULL,NULL,NULL,,NULL,0,0,2,2,N,N,15,NULL,98,9801,NULL,,Y,37.5052,37,30.312,NULL,-82.53716,82,32.229,NULL,N,NULL,NULL,NULL,NULL,NULL,NULL,NULL,NULL,2,97,1,6,1,5,6,2,1,3,N,NULL,Y,N,1407,1419,1419,N,NULL,90,,,N,,N,N,098-CS-1191-0,NULL,NULL,2022,O,7.27351E+11,098-CS-1191  -000,HIGH,098-CS-1191  -000,0.316,0,0,0,0,0,0,1,0,0,0,0,0,0
72734839,980100,2.022E+11,20220219,1614,,,KY3496,,,KY3496,KY3496,0,098 KY-3496,KY3496,Y,N,NULL,NULL,NULL,N,NULL,NULL,NULL,NULL,NULL,NULL,0.583,NULL,NULL,NULL,NULL,,NULL,0,0,2,2,N,N,15,NULL,98,9801,NULL,,Y,37.47122,37,28.273,NULL,-82.53325,82,31.995,NULL,N,NULL,NULL,NULL,NULL,NULL,NULL,NULL,NULL,5,97,2,6,1,1,2,2,1,3,N,NULL,Y,N,1614,1622,1622,N,NULL,90,16,0,N,,N,N,098-KY-3496-0,NULL,NULL,2022,O,7.27348E+11,098-KY-3496  -000,HIGH,098-KY-3496  -000,0.583,0,0,0,1,0,0,1,0,0,0,0,0,0
72734888,KSP0900,2022-69526,20220225,1124,,,PHILLIP,,BR,,,0,098 CR-1907,CR1907,N,N,NULL,NULL,NULL,N,NULL,NULL,NULL,NULL,NULL,NULL,0.178,NULL,NULL,NULL,NULL,,NULL,0,0,1,1,N,N,15,NULL,98,9804,NULL,,Y,37.27969,37,16.782,NULL,-82.6096,82,36.576,NULL,N,NULL,NULL,NULL,NULL,NULL,NULL,NULL,NULL,9,97,1,5,3,1,2,2,7,3,N,NULL,Y,N,1124,1439,1439,N,NULL,44,,,N,,N,N,098-CR-1907-0,NULL,NULL,2022,O,7.27349E+11,098-CR-1907  -000,HIGH,098-CR-1907  -000,0.178,0,0,0,0,0,0,0,0,1,0,0,1,0
72867281,370200,202362121,20230217,1309,,,MALL,S,RD,,,0,098 PR-1010,PR1010,N,N,NULL,NULL,NULL,N,NULL,NULL,NULL,NULL,NULL,NULL,0.328,NULL,NULL,NULL,NULL,,NULL,0,0,2,2,N,Y,10,NULL,98,9834,NULL,,Y,37.65551,37,39.331,NULL,-82.27332,82,16.399,NULL,N,NULL,NULL,NULL,NULL,NULL,NULL,NULL,NULL,2,97,2,6,1,6,6,2,1,3,N,NULL,Y,N,1310,1349,1349,N,NULL,47,,,N,,N,N,098-PR-1010-0,NULL,NULL,2023,O,7.28673E+11,098-PR-1010  -000,HIGH,098-PR-1010  -000,0.365,0,1,0,0,0,0,0,0,0,0,0,0,0
72736554,980100,2.022E+11,20220301,6,,,TOWN MOUNTAIN,,RD,KY1426,KY1426,0,098 KY-1426,KY1426,N,N,NULL,NULL,NULL,N,NULL,NULL,NULL,NULL,NULL,NULL,8.171,NULL,NULL,NULL,NULL,,NULL,0,0,2,2,N,N,55,NULL,98,9801,NULL,,Y,37.49376,37,29.626,NULL,-82.49116,82,29.469,NULL,N,NULL,NULL,NULL,NULL,NULL,NULL,NULL,NULL,7,3,2,6,1,1,2,6,1,3,N,NULL,Y,N,6,15,15,N,NULL,54,,0,N,,N,N,098-KY-1426-0,NULL,NULL,2022,O,7.27366E+11,098-KY-1426  -000,HIGH,098-KY-1426  -000,8.171,0,0,0,0,0,0,0,0,0,0,0,1,0
72748212,KSP0900,22-125189,20220407,600,,,KY194,,,KY0194,KY0194,0,098 KY-194,KY0194,N,N,NULL,NULL,NULL,N,NULL,NULL,NULL,NULL,NULL,NULL,7.118,NULL,NULL,NULL,NULL,,NULL,0,0,1,1,N,N,55,NULL,98,9801,6,NE,N,37.61675,37,37.005,NULL,-82.54793,82,32.876,NULL,N,NULL,NULL,NULL,NULL,NULL,NULL,NULL,NULL,9,5,2,6,1,5,3,6,6,3,N,NULL,Y,N,600,718,815,N,NULL,44,7,0,N,,N,N,098-KY-0194-0,NULL,NULL,2022,O,7.27482E+11,098-KY-0194  -000,HIGH,098-KY-0194  -000,7.118,0,0,0,0,0,0,0,0,0,0,0,1,0
72753220,980100,2.022E+11,20220418,1136,,,US23,,,US0023,US0023,0,098 US-23,US0023,N,N,NULL,NULL,NULL,N,NULL,NULL,NULL,NULL,NULL,NULL,26.282,NULL,NULL,NULL,NULL,,NULL,0,0,2,2,N,N,55,NULL,98,9801,NULL,,Y,37.50363,37,30.218,NULL,-82.53214,82,31.929,NULL,N,NULL,NULL,NULL,NULL,NULL,NULL,NULL,NULL,5,3,4,6,1,5,6,2,7,3,N,NULL,Y,N,1136,1144,1152,N,NULL,70,,1,Y,,N,N,098-US-0023-0,NULL,NULL,2022,O,7.27532E+11,098-US-0023  -000,HIGH,098-US-0023  -000,26.282,0,0,0,0,0,0,0,0,1,0,0,0,0
72737128,980100,2.022E+11,20220303,947,,,US23,,,US0023,US0023,0,098 US-23,US0023,N,N,NULL,NULL,NULL,N,NULL,NULL,NULL,NULL,NULL,NULL,27.311,NULL,NULL,NULL,NULL,,NULL,0,0,2,2,N,N,55,NULL,98,9801,NULL,,Y,37.51067,37,30.64,NULL,-82.54748,82,32.848,NULL,N,NULL,NULL,NULL,NULL,NULL,NULL,NULL,NULL,5,3,4,6,1,1,2,2,7,3,N,NULL,N,N,947,956,958,N,NULL,70,,1,N,,N,N,098-US-0023-0,NULL,NULL,2022,O,7.27371E+11,098-US-0023  -000,HIGH,098-US-0023  -000,27.311,0,0,0,1,0,0,1,0,0,0,0,0,0
72760340,KSP0900,2022-168318,20220507,1245,,,REGINA-BELCHER,,HWY,US0460,US0460,0,098 US-460,US0460,N,Y,JIMMIES CREEK,,RD,N,NULL,NULL,NULL,NULL,NULL,NULL,9.969,NULL,NULL,NULL,NULL,,NULL,5,0,2,2,N,N,45,NULL,98,9822,NULL,,Y,37.3622,37,21.732,NULL,-82.40707,82,24.424,NULL,N,NULL,NULL,NULL,NULL,NULL,NULL,NULL,NULL,1,3,2,6,1,5,6,2,7,3,Y,NULL,Y,Y,1245,124,1625,Y,NULL,10,,1,N,,N,N,098-US-0460-0,NULL,NULL,2022,C,7.27603E+11,098-US-0460  -000,HIGH,098-US-0460  -000,9.969,0,0,0,0,0,0,0,1,0,1,1,0,0