MasterFile,AgencyORINumber,LocalCode,CollisionDate,CollisionTime,CollisionDayWeekCode,RoadwayName_HouseBusinessNumber_,RoadwayName_RoadwayName_,RoadwayName_Direction_,RoadwayName_RoadwaySuffix_,RoadwayfromReport,CurrentRoadwayNumber,RoadwayNumberCoupletID,RSEUniqueGIS,RoadwayIdentifier,ParkingLotIndicator,IntersectionWith_Indicator_,IntersectionWith_NameRoadway_,IntersectionWith_Direction_,IntersectionWith_RoadwaySuffix_,BetweenStreets_Indicator_,BetweenStreets1_NameRoadway_,BetweenStreet1_Direction_,BetweenStreets1_RoadwaySuffix_,BetweenStreets2_NameRoadway_,BetweenStreets2_Direction_,BetweenStreets2_RoadwaySuffix_,Milepoint,ReportMilepointDeriveNumber,CurrentDerivedMiepointNumber,MilestoMilepoint,FeettoMilepoint,DirectionfromMilepoint_NSEW_,ValidMilepointIndicator,NumberInjured,NumberKilled,ofUnits,ofMotorVehicleUnits,Hit&RunIndicator,OneWayIndicator,SpeedLimitNumber,KilometersIndicator,CountyCode,CityCountyCode,MilesFromCity,DirectionFromCity_NSEW_,InCityLimitsIndicator,Latitude,LatitudeDegrees,LatitudeMinutes,LatitudeSeconds,Longitude,LongitudeDegrees,LongitudeMinutes,LongitudeSeconds,RampIndicator,RampFromIdentifier,RampFromDirCode,RampFromCoupletID,RSEUniqueGISRampFrom,RampToidentifier,RampToDirCode,RampToCoupletID,RSEUniqueGisRampTo,MannerofCollisionCode,LocationFirstEventCode,TotalLanes,RoadwayCharacterCode,RoadwaySurfaceCode,RoadwayConditionCode,WeatherCode,LightConditionCode,LandUseCode,SchoolBusRelatedCode,FirstAidSceneIndicator,CollDescPresentInd,InvestigationCompleteIndicator,PhotosTakenIndicator,TimeNotified,TimeArrived,TimeRoadwayOpened,PropertyDamageIndicator,DiagramPresentIndicator,DirectionalAnalysis,FunctionClassCode,NationalHwySysCode,EnforcementsIndicator,KARSCityCode,SecondaryCollisionIndicator,MedianCrossoverIndicator,RT_UNIQUE,MapIt,TimeLastLeft,YR,KABCO,MFNY,WorkingRID,RT_CONFIDENCE,KTC_RT,KTC_MP,Motorcyclist,CommercialVehicle,YoungDriver,MatureDriver,pedestrian,Bicyclist,Distracted,agressive,Impaired,Unrestrained,Intersection,RoadwayDeparture,MedXover
72880195,980100,2.023E+11,20230326,1553,,,US23,,,US0023,US0023,0,098 US-23-10,US0023,N,N,NULL,NULL,NULL,N,NULL,NULL,NULL,NULL,NULL,NULL,20.679,NULL,NULL,NULL,NULL,,NULL,0,0,2,2,N,N,55,NULL,98,9801,NULL,,Y,37.44286,37,26.572,NULL,-82.52061,82,31.236,NULL,N,NULL,NULL,NULL,NULL,NULL,NULL,NULL,NULL,7,3,4,3,1,1,2,2,7,3,N,NULL,Y,N,1554,1602,1602,N,NULL,54,,1,N,,N,N,098-US-0023-10,NULL,NULL,2023,O,7.28802E+11,098-US-0023  -010,HIGH,098-US-0023  -000,20.6,0,0,0,0,0,0,1,1,0,0,0,1,0
72853843,KSP0900,23-16068,20230113,730,,,US460,,,US0460,US0460,0,098 US-460,US0460,N,N,NULL,NULL,NULL,N,NULL,NULL,NULL,NULL,NULL,NULL,13.016,NULL,NULL,NULL,NULL,,NULL,0,0,1,1,N,N,55,NULL,98,9871,NULL,,Y,37.33646,37,20.188,NULL,-82.39266,82,23.56,NULL,N,NULL,NULL,NULL,NULL,NULL,NULL,NULL,NULL,9,3,2,6,1,5,6,1,7,3,N,NULL,Y,N,730,840,840,N,NULL,40,,1,N,,N,N,098-US-0460-0,NULL,NULL,2023,O,7.28538E+11,098-US-0460  -000,HIGH,098-US-0460  -000,12.983,0,0,0,0,0,0,0,0,0,0,0,1,0
72788045,980100,2.022E+11,20220729,1245,,,US23,,,US0023,US0023,0,098 US-23,US0023,N,N,NULL,NULL,NULL,N,NULL,NULL,NULL,NULL,NULL,NULL,20.499,NULL,NULL,NULL,NULL,,NULL,0,0,2,2,N,N,55,NULL,98,9801,NULL,,Y,37.4437,37,26.622,NULL,-82.51862,82,31.117,NULL,N,NULL,NULL,NULL,NULL,NULL,NULL,NULL,NULL,8,3,4,6,1,1,3,2,7,3,N,NULL,Y,N,1238,1254,1254,N,NULL,53,,1,N,,N,N,098-US-0023-0,NULL,NULL,2022,O,7.2788E+11,098-US-0023  -000,HIGH,098-US-0023  -000,20.499,0,0,0,1,0,0,1,0,0,0,0,1,0
72748001,KSP0900,22-119553,20220402,1908,,,BEAVER CK,,RD,KY1373,KY1373,0,098 KY-1373,KY1373,N,N,NULL,NULL,NULL,N,NULL,NULL,NULL,NULL,NULL,NULL,5.428,NULL,NULL,NULL,NULL,,NULL,1,0,1,1,N,N,35,NULL,98,9876,NULL,,Y,37.35567,37,21.34,NULL,-82.29947,82,17.968,NULL,N,NULL,NULL,NULL,NULL,NULL,NULL,NULL,NULL,9,3,1,1,1,1,2,6,7,3,Y,NULL,N,Y,1908,2003,2045,N,NULL,70,8,0,N,,N,N,098-KY-1373-0,NULL,NULL,2022,B,7.2748E+11,098-KY-1373  -000,HIGH,098-KY-1373  -000,5.428,0,0,1,0,0,0,1,0,0,0,0,1,0
72762456,KSP0900,22-182089,20220517,36,,,TOLER,,RD,KY0319,KY0319,0,098 KY-319,KY0319,N,N,NULL,NULL,NULL,N,NULL,NULL,NULL,NULL,NULL,NULL,1.896,NULL,NULL,NULL,NULL,,NULL,0,0,1,1,N,N,45,NULL,98,9842,NULL,,Y,37.59566,37,35.74,NULL,-82.20426,82,12.256,NULL,N,NULL,NULL,NULL,NULL,NULL,NULL,NULL,NULL,9,3,2,4,1,1,2,6,7,3,N,NULL,Y,N,36,59,100,N,NULL,40,7,0,N,,N,N,098-KY-0319-0,NULL,NULL,2022,O,7.27625E+11,098-KY-0319  -000,HIGH,098-KY-0319  -000,1.896,0,0,0,0,0,0,0,0,0,0,0,1,0
72810839,980100,2.022E+11,20220929,1735,,,HUFFMAN,,AVE,,,0,098 CS-1123,CS1123,N,N,NULL,NULL,NULL,N,NULL,NULL,NULL,NULL,NULL,NULL,0.155,NULL,NULL,NULL,NULL,,NULL,0,0,2,2,N,N,25,NULL,98,9801,NULL,,Y,37.47823,37,28.694,NULL,-82.51933,82,31.16,NULL,N,NULL,NULL,NULL,NULL,NULL,NULL,NULL,NULL,4,3,2,6,1,1,2,2,3,3,N,NULL,Y,N,1735,1742,1817,N,NULL,70,,,Y,,N,N,098-CS-1123-0,NULL,NULL,2022,O,7.28108E+11,098-CS-1123  -000,HIGH,098-CS-1123  -000,0.155,0,0,1,0,0,0,1,0,0,0,0,0,0
72750281,KSP0900,22-133204,20220413,57,,,KY319,,,KY0319,KY0319,0,098 KY-319,KY0319,N,N,NULL,NULL,NULL,N,NULL,NULL,NULL,NULL,NULL,NULL,5.19,NULL,NULL,NULL,NULL,,NULL,0,0,2,2,N,N,45,NULL,98,9842,NULL,,Y,37.62267,37,37.36,NULL,-82.24397,82,14.638,NULL,N,NULL,NULL,NULL,NULL,NULL,NULL,NULL,NULL,7,3,2,6,1,1,2,6,7,3,N,NULL,Y,Y,57,119,119,Y,NULL,47,7,0,Y,,N,N,098-KY-0319-0,NULL,NULL,2022,O,7.27503E+11,098-KY-0319  -000,HIGH,098-KY-0319  -000,5.19,0,0,0,0,0,0,0,0,1,1,0,1,0
72779381,KSP0900,22-249081,20220701,1851,,,KY3154,,,KY3154,KY3154,0,098 KY-3154,KY3154,N,N,NULL,NULL,NULL,N,NULL,NULL,NULL,NULL,NULL,NULL,1.802,NULL,NULL,NULL,NULL,,NULL,0,0,2,2,N,N,35,NULL,98,9838,NULL,,Y,37.5967,37,35.802,NULL,-82.32797,82,19.678,NULL,N,NULL,NULL,NULL,NULL,NULL,NULL,NULL,NULL,7,3,2,3,1,1,2,2,7,1,N,NULL,N,N,1851,1919,1919,N,NULL,54,9,0,N,,N,N,098-KY-3154-0,NULL,NULL,2022,O,7.27794E+11,098-KY-3154  -000,HIGH,098-KY-3154  -000,1.802,0,0,1,0,0,0,1,0,0,0,0,1,0
72815475,KSP0900,22-389339,20221008,1703,,,CEDAR HILLS,,RD,KY1426,KY1426,0,098 KY-1426,KY1426,N,N,NULL,NULL,NULL,N,NULL,NULL,NULL,NULL,NULL,NULL,4.699,NULL,NULL,NULL,NULL,,NULL,1,0,1,1,N,N,55,NULL,98,9801,NULL,,Y,37.46271,37,27.762,NULL,-82.52608,82,31.565,NULL,N,NULL,NULL,NULL,NULL,NULL,NULL,NULL,NULL,9,3,2,6,1,1,2,2,7,3,N,NULL,Y,Y,1703,1740,1820,N,NULL,70,,0,N,,N,N,098-KY-1426-0,NULL,NULL,2022,B,7.28155E+11,098-KY-1426  -000,HIGH,098-KY-1426  -000,4.699,0,0,0,1,0,0,0,0,0,0,0,1,0
72818335,KSP0900,22-395416,20221013,1643,,,STRATTON,,FRK,,,,,,N,N,NULL,NULL,NULL,N,NULL,NULL,NULL,NULL,NULL,NULL,0.634,NULL,NULL,NULL,NULL,,NULL,0,0,2,2,N,N,25,NULL,98,9838,NULL,,Y,37.59679,37,35.807,NULL,-82.3395,82,20.37,NULL,N,NULL,NULL,NULL,NULL,NULL,NULL,NULL,NULL,7,3,2,3,1,1,2,2,6,3,N,NULL,N,N,1643,1645,1700,N,NULL,54,,,N,,N,N,,NULL,NULL,2022,O,7.28183E+11,098-CR-1535  -000,LOW,098-CR-1535  -000,0.634,0,0,0,0,0,0,0,0,0,0,0,1,0
72771916,KSP0900,22-220314,20220612,1057,,5678,KY3418,,,KY3418,KY3418,0,098 KY-3418,KY3418,N,N,NULL,NULL,NULL,N,NULL,NULL,NULL,NULL,NULL,NULL,9.859,NULL,NULL,NULL,NULL,,NULL,0,0,1,1,N,N,35,NULL,98,9850,NULL,,Y,37.47571,37,28.543,NULL,-82.42342,82,25.405,NULL,N,NULL,NULL,NULL,NULL,NULL,NULL,NULL,NULL,9,3,1,3,1,1,2,2,7,3,N,NULL,N,N,1057,1112,1112,N,NULL,40,9,0,N,,N,N,098-KY-3418-0,NULL,NULL,2022,O,7.27719E+11,098-KY-3418  -000,HIGH,098-KY-3418  -000,9.859,0,0,0,0,0,0,0,0,0,0,0,1,0
72779079,980100,2.022E+11,20220624,1328,,,HAMBLEY,,BLVD,,,0,098 CS-1222,CS1222,N,N,NULL,NULL,NULL,N,NULL,NULL,NULL,NULL,NULL,NULL,0.036,NULL,NULL,NULL,NULL,,NULL,0,0,2,2,N,N,25,NULL,98,9801,NULL,,Y,37.47411,37,28.447,NULL,-82.52711,82,31.627,NULL,N,NULL,NULL,NULL,NULL,NULL,NULL,NULL,NULL,1,3,2,6,1,1,2,2,7,3,N,NULL,Y,N,1328,1330,1353,N,NULL,55,,,N,,N,N,098-CS-1222-0,NULL,NULL,2022,O,7.27791E+11,098-CS-1222  -000,HIGH,098-CS-1222  -000,0.036,0,0,1,0,0,0,1,0,0,0,0,0,0
72768232,980000,9822-05-005,20220531,745,,,KY1426,,,KY1426,KY1426,0,098 KY-1426,KY1426,N,N,NULL,NULL,NULL,N,NULL,NULL,NULL,NULL,NULL,NULL,13.909,NULL,NULL,NULL,NULL,,NULL,0,0,1,1,N,N,55,NULL,98,9801,7,NE,N,37.55655,37,33.393,NULL,-82.45491,82,27.294,NULL,N,NULL,NULL,NULL,NULL,NULL,NULL,NULL,NULL,9,3,2,6,1,1,2,1,6,3,N,NULL,Y,N,745,755,,N,NULL,38,7,0,N,,N,N,098-KY-1426-0,NULL,NULL,2022,O,7.27682E+11,098-KY-1426  -000,HIGH,098-KY-1426  -000,13.909,0,0,0,0,0,0,0,0,0,0,0,0,0
72786424,KSP0900,22-281387,20220724,340,,,KY194,E,,KY0194,KY0194,,,,N,N,NULL,NULL,NULL,N,NULL,NULL,NULL,NULL,NULL,NULL,54.897,NULL,NULL,NULL,NULL,,NULL,0,0,1,1,N,N,35,NULL,98,9804,NULL,,Y,37.51154,37,30.692,NULL,-82.14814,82,8.888,NULL,N,NULL,NULL,NULL,NULL,NULL,NULL,NULL,NULL,9,3,2,6,1,1,2,7,7,3,N,NULL,N,Y,340,405,440,N,NULL,70,8,0,N,,N,N,,NULL,NULL,2022,O,7.27864E+11,098-KY-0194  -000,HIGH,098-KY-0194  -000,54.897,0,0,0,0,0,0,0,0,0,1,0,1,0
72796960,KSP0900,22-307092,20220809,1415,,,US119,,,US0119,US0119,0,098 US-119,US0119,N,N,NULL,NULL,NULL,N,NULL,NULL,NULL,NULL,NULL,NULL,23.908,NULL,NULL,NULL,NULL,,NULL,0,0,2,2,N,N,45,NULL,98,9834,NULL,,Y,37.65447,37,39.268,NULL,-82.26937,82,16.162,NULL,N,NULL,NULL,NULL,NULL,NULL,NULL,NULL,NULL,1,3,4,6,1,1,2,2,7,3,N,NULL,N,N,1215,1420,1430,N,NULL,55,2,1,N,,N,N,098-US-0119-0,NULL,NULL,2022,O,7.2797E+11,098-US-0119  -000,HIGH,098-US-0119  -000,23.908,0,0,0,1,0,0,1,0,0,0,0,0,0
72719723,980100,2.022E+11,20220110,503,,,CLEVENGER,,ST,,,0,098 CS-1154,CS1154,N,N,NULL,NULL,NULL,N,NULL,NULL,NULL,NULL,NULL,NULL,0.018,NULL,NULL,NULL,NULL,,NULL,0,0,2,2,N,N,15,NULL,98,9801,NULL,,Y,37.47576,37,28.546,NULL,-82.52415,82,31.449,NULL,N,NULL,NULL,NULL,NULL,NULL,NULL,NULL,NULL,3,3,1,5,1,2,3,5,6,3,N,NULL,Y,N,503,507,629,N,NULL,47,,,N,,N,N,098-CS-1154-0,NULL,NULL,2022,O,7.27197E+11,098-CS-1154  -000,HIGH,098-CS-1154  -000,0.018,0,0,0,0,0,0,0,0,0,0,0,0,0
72793653,KSP0900,22-312343,20220813,1137,,,KY194,,,KY0194,KY0194,0,098 KY-194,KY0194,N,N,NULL,NULL,NULL,N,NULL,NULL,NULL,NULL,NULL,NULL,22.845,NULL,NULL,NULL,NULL,,NULL,0,0,3,3,N,N,55,NULL,98,9817,NULL,,Y,37.53954,37,32.372,NULL,-82.3728,82,22.368,NULL,N,NULL,NULL,NULL,NULL,NULL,NULL,NULL,NULL,7,3,2,6,1,1,2,2,7,3,N,NULL,Y,N,1149,1156,1156,N,NULL,54,6,0,N,,N,N,098-KY-0194-0,NULL,NULL,2022,O,7.27937E+11,098-KY-0194  -000,HIGH,098-KY-0194  -000,22.845,0,1,0,0,0,0,0,0,0,0,0,1,0
72769945,KSP0900,22-191354,20220523,1801,,,MOTLEY,,RD,,,0,098 CR-1163,CR1163,N,N,NULL,NULL,NULL,N,NULL,NULL,NULL,NULL,NULL,NULL,0.64,NULL,NULL,NULL,NULL,,NULL,0,0,2,2,N,Y,15,NULL,98,9839,NULL,,Y,37.40164,37,24.098,NULL,-82.2221,82,13.326,NULL,N,NULL,NULL,NULL,NULL,NULL,NULL,NULL,NULL,7,3,1,6,1,5,6,2,7,3,N,NULL,Y,N,1836,1920,,N,NULL,54,,,Y,,N,N,098-CR-1163-0,NULL,NULL,2022,O,7.27699E+11,098-CR-1163  -000,HIGH,098-CR-1163  -000,0.64,0,0,1,0,0,0,1,0,0,1,0,1,0
72794730,KSP0900,22-311664,20220812,1959,,,WILLIAMSON,,RD,KY0292,KY0292,0,098 KY-292,KY0292,N,N,NULL,NULL,NULL,N,NULL,NULL,NULL,NULL,NULL,NULL,7.987,NULL,NULL,NULL,NULL,,NULL,3,0,2,2,N,N,45,NULL,98,9836,NULL,,Y,37.68752,37,41.251,NULL,-82.29965,82,17.979,NULL,N,NULL,NULL,NULL,NULL,NULL,NULL,NULL,NULL,1,3,2,6,1,1,2,6,7,3,Y,NULL,Y,Y,2004,2014,2145,N,NULL,55,7,0,N,,N,N,098-KY-0292-0,NULL,NULL,2022,C,7.27947E+11,098-KY-0292  -000,HIGH,098-KY-0292  -000,7.987,0,0,1,0,0,0,0,1,0,0,0,0,0
72755064,980100,2.022E+11,20220425,1434,,,PIKE,,ST,,,,,,N,N,NULL,NULL,NULL,N,NULL,NULL,NULL,NULL,NULL,NULL,0.057,NULL,NULL,NULL,NULL,,NULL,0,0,2,2,N,N,15,NULL,98,9801,NULL,,Y,37.4802,37,28.812,NULL,-82.51644,82,30.986,NULL,N,NULL,NULL,NULL,NULL,NULL,NULL,NULL,NULL,2,3,2,5,1,1,2,2,1,3,N,NULL,Y,N,1434,1439,1501,N,NULL,56,,,N,,N,N,,NULL,NULL,2022,O,7.27551E+11,098-CS-1113  -000,MEDIUM,098-CS-1113  -000,0.057,0,1,0,0,0,0,0,0,0,0,0,0,0
72772009,KSP0900,22-221038,20220612,2037,,,US23,,,US0023,US0023,0,098 US-23,US0023,N,N,NULL,NULL,NULL,N,NULL,NULL,NULL,NULL,NULL,NULL,3.183,NULL,NULL,NULL,NULL,,NULL,0,0,1,1,N,N,55,NULL,98,9809,NULL,,Y,37.27428,37,16.457,NULL,-82.595,82,35.7,NULL,N,NULL,NULL,NULL,NULL,NULL,NULL,NULL,NULL,9,3,4,4,1,1,2,3,7,3,N,NULL,Y,N,2039,2048,,N,NULL,70,,1,N,,N,N,098-US-0023-0,NULL,NULL,2022,O,7.2772E+11,098-US-0023  -000,HIGH,098-US-0023  -000,3.183,0,1,0,0,0,0,0,0,0,0,0,0,0
72786247,KSP0900,22-264844,20220712,1245,,,KENDRICK,,FRK,,,0,098 CR-1312,CR1312,N,N,NULL,NULL,NULL,N,NULL,NULL,NULL,NULL,NULL,NULL,0.057,NULL,NULL,NULL,NULL,,NULL,1,0,1,1,N,N,35,NULL,98,9801,NULL,,Y,37.45905,37,27.543,NULL,-82.46213,82,27.728,NULL,N,NULL,NULL,NULL,NULL,NULL,NULL,NULL,NULL,9,3,1,3,1,1,2,2,7,3,N,NULL,Y,Y,1228,1245,1245,N,NULL,70,,,Y,,N,N,098-CR-1312-0,NULL,NULL,2022,B,7.27862E+11,098-CR-1312  -000,HIGH,098-CR-1312  -000,0.057,0,0,0,0,0,0,1,0,0,0,0,1,0
72797282,980100,2.022E+11,20220822,1118,,,BYPASS,S,RD,KY1426,KY1426,0,098 KY-1426,KY1426,Y,N,NULL,NULL,NULL,N,NULL,NULL,NULL,NULL,NULL,NULL,5.689,NULL,NULL,NULL,NULL,,NULL,0,0,2,2,N,N,10,NULL,98,9801,NULL,,Y,37.47265,37,28.359,NULL,-82.52261,82,31.356,NULL,N,NULL,NULL,NULL,NULL,NULL,NULL,NULL,NULL,2,97,2,4,1,1,2,2,1,3,N,NULL,N,N,1118,1127,1127,N,NULL,90,,0,N,,N,N,098-KY-1426-0,NULL,NULL,2022,O,7.27973E+11,098-KY-1426  -000,HIGH,098-KY-1426  -000,5.689,0,0,0,1,0,0,1,0,0,0,0,0,0
72765915,980100,2.022E+11,20220524,1441,,,BAIRD,,AVE,KY1426,KY1426,0,098 KY-1426,KY1426,Y,N,NULL,NULL,NULL,N,NULL,NULL,NULL,NULL,NULL,NULL,5.394,NULL,NULL,NULL,NULL,,NULL,0,0,2,2,N,N,NULL,NULL,98,9801,NULL,,Y,37.47328,37,28.397,NULL,-82.52712,82,31.628,NULL,N,NULL,NULL,NULL,NULL,NULL,NULL,NULL,NULL,5,97,1,6,1,1,2,2,1,3,N,NULL,Y,N,1441,1446,1446,N,NULL,90,,0,N,,N,N,098-KY-1426-0,NULL,NULL,2022,O,7.27659E+11,098-KY-1426  -000,HIGH,098-KY-1426  -000,5.394,0,0,1,0,0,0,1,0,0,0,0,0,0
72776605,KSP0900,22-238992,20220624,1610,,,KY3218,,,KY3218,KY3218,,,,N,N,NULL,NULL,NULL,N,NULL,NULL,NULL,NULL,NULL,NULL,0.094,NULL,NULL,NULL,NULL,,NULL,0,0,1,1,N,N,55,NULL,98,9801,NULL,,Y,37.53814,37,32.288,NULL,-82.60088,82,36.053,NULL,N,NULL,NULL,NULL,NULL,NULL,NULL,NULL,NULL,9,3,2,1,1,1,2,2,7,3,N,NULL,Y,N,1610,1610,1610,N,NULL,40,8,0,N,,N,N,,NULL,NULL,2022,O,7.27766E+11,098-KY-3218  -000,HIGH,098-KY-3218  -000,0.094,0,0,0,0,0,0,0,0,0,0,0,1,0
72795150,980100,2.022E+11,20220810,1603,,,US23,,,US0023,US0023,0,098 US-23,US0023,N,N,NULL,NULL,NULL,N,NULL,NULL,NULL,NULL,NULL,NULL,25.396,NULL,NULL,NULL,NULL,,NULL,0,0,2,2,N,N,55,NULL,98,9801,NULL,,Y,37.49213,37,29.528,NULL,-82.535,82,32.1,NULL,N,NULL,NULL,NULL,NULL,NULL,NULL,NULL,NULL,5,3,4,6,1,1,2,2,7,3,N,NULL,Y,N,1603,1604,1604,N,NULL,49,,1,N,,N,N,098-US-0023-0,NULL,NULL,2022,O,7.27952E+11,098-US-0023  -000,HIGH,098-US-0023  -000,25.396,0,0,1,0,0,0,0,0,0,0,0,0,0
72761646,980100,2.022E+11,20220514,1515,,,KY1426,,,KY1426,KY1426,0,098 KY-1426,KY1426,Y,N,NULL,NULL,NULL,N,NULL,NULL,NULL,NULL,NULL,NULL,6.794,NULL,NULL,NULL,NULL,,NULL,0,0,2,2,N,N,NULL,NULL,98,9801,NULL,,Y,37.48496,37,29.098,NULL,-82.51085,82,30.651,NULL,N,NULL,NULL,NULL,NULL,NULL,NULL,NULL,NULL,2,97,NULL,6,1,1,2,2,1,3,N,NULL,Y,N,1515,1523,,N,NULL,90,,0,N,,N,N,098-KY-1426-0,NULL,NULL,2022,O,7.27616E+11,098-KY-1426  -000,HIGH,098-KY-1426  -000,6.794,0,0,1,0,0,0,0,0,0,0,0,0,0
72796203,980000,22-08-002,20220821,733,,,KY611,,,KY0611,KY0611,0,098 KY-611,KY0611,N,N,NULL,NULL,NULL,N,NULL,NULL,NULL,NULL,NULL,NULL,3.164,NULL,NULL,NULL,NULL,,NULL,0,0,1,1,N,N,40,NULL,98,9802,3.3,S,N,37.31685,37,19.011,NULL,-82.50501,82,30.301,NULL,N,NULL,NULL,NULL,NULL,NULL,NULL,NULL,NULL,9,3,1,2,3,1,3,2,5,3,N,NULL,Y,Y,1018,1018,1018,N,NULL,70,8,0,N,,N,N,098-KY-0611-0,NULL,NULL,2022,O,7.27962E+11,098-KY-0611  -000,HIGH,098-KY-0611  -000,3.164,0,0,0,0,0,0,0,0,0,0,0,0,0
72762348,KSP0900,22-179617,20220515,1340,,,KY194,,,KY0194,KY0194,0,098 KY-194,KY0194,N,N,NULL,NULL,NULL,N,NULL,NULL,NULL,NULL,NULL,NULL,57.738,NULL,NULL,NULL,NULL,,NULL,0,0,2,2,Y,N,35,NULL,98,9825,NULL,,Y,37.54039,37,32.423,NULL,-82.16164,82,9.699,NULL,N,NULL,NULL,NULL,NULL,NULL,NULL,NULL,NULL,7,3,2,6,1,1,2,2,7,3,N,NULL,Y,N,1340,1340,1340,N,NULL,54,7,0,N,,N,N,098-KY-0194-0,NULL,NULL,2022,O,7.27623E+11,098-KY-0194  -000,HIGH,098-KY-0194  -000,57.738,0,0,0,0,0,0,0,0,0,0,0,1,0
72754115,KSP0900,22-149524,20220424,1315,,,US23,,,US0023,US0023,0,098 US-23,US0023,N,N,NULL,NULL,NULL,N,NULL,NULL,NULL,NULL,NULL,NULL,14.612,NULL,NULL,NULL,NULL,,NULL,0,0,1,1,N,N,55,NULL,98,9801,NULL,,Y,37.39198,37,23.519,NULL,-82.5312,82,31.872,NULL,N,NULL,NULL,NULL,NULL,NULL,NULL,NULL,NULL,9,3,4,5,1,1,2,2,7,3,N,NULL,Y,N,1315,1331,1331,N,NULL,40,,1,N,,N,N,098-US-0023-0,NULL,NULL,2022,O,7.27541E+11,098-US-0023  -000,HIGH,098-US-0023  -000,14.612,0,0,0,0,0,0,0,0,0,0,0,1,0
72770730,KSP0900,22-215484,20220608,2247,,,US23,,,US0023,US0023,0,098 US-23,US0023,N,N,NULL,NULL,NULL,N,NULL,NULL,NULL,NULL,NULL,NULL,28.4,NULL,NULL,NULL,NULL,,NULL,0,0,1,1,N,N,55,NULL,98,9807,NULL,,Y,37.51808,37,31.085,NULL,-82.56422,82,33.853,NULL,N,NULL,NULL,NULL,NULL,NULL,NULL,NULL,NULL,9,3,4,3,1,1,2,5,7,3,N,NULL,Y,N,2247,2256,2256,N,NULL,44,,1,N,,N,N,098-US-0023-0,NULL,NULL,2022,O,7.27707E+11,098-US-0023  -000,HIGH,098-US-0023  -000,28.4,0,0,1,0,0,0,0,0,0,0,0,1,0
72750697,980100,2.022E+11,20220407,1635,,,US23,,,US0023,US0023,0,098 US-23-10,US0023,N,N,NULL,NULL,NULL,N,NULL,NULL,NULL,NULL,NULL,NULL,23.104,NULL,NULL,NULL,NULL,,NULL,0,0,2,2,N,N,55,NULL,98,9801,NULL,,Y,37.466,37,27.96,NULL,-82.52885,82,31.731,NULL,N,NULL,NULL,NULL,NULL,NULL,NULL,NULL,NULL,5,3,4,6,1,1,2,2,7,3,N,NULL,Y,N,1635,1642,1642,N,NULL,70,,1,N,,N,N,098-US-0023-10,NULL,NULL,2022,O,7.27507E+11,098-US-0023  -010,HIGH,098-US-0023  -000,23.104,0,0,0,0,0,0,1,0,0,0,0,0,0
72756387,980100,2.022E+11,20220412,1532,,,US23,,,US0023,US0023,0,098 US-23-10,US0023,N,N,NULL,NULL,NULL,N,NULL,NULL,NULL,NULL,NULL,NULL,26.317,NULL,NULL,NULL,NULL,,NULL,0,0,2,2,N,N,55,NULL,98,9801,NULL,,Y,37.50413,37,30.248,NULL,-82.53242,82,31.945,NULL,N,NULL,NULL,NULL,NULL,NULL,NULL,NULL,NULL,5,3,4,6,1,1,2,2,1,3,N,NULL,Y,N,1532,1536,,N,NULL,49,,1,N,,N,N,098-US-0023-10,NULL,NULL,2022,O,7.27564E+11,098-US-0023  -010,HIGH,098-US-0023  -000,26.317,0,0,0,1,0,0,1,0,0,0,0,0,0
72802899,KSP0900,22-346050,20220906,1330,,,TOLER,,RD,KY0319,KY0319,0,098 KY-319,KY0319,N,N,NULL,NULL,NULL,N,NULL,NULL,NULL,NULL,NULL,NULL,2.869,NULL,NULL,NULL,NULL,,NULL,0,0,1,1,N,N,55,NULL,98,9842,NULL,,Y,37.60378,37,36.227,NULL,-82.21515,82,12.909,NULL,N,NULL,NULL,NULL,NULL,NULL,NULL,NULL,NULL,9,6,2,3,1,1,3,2,7,3,N,NULL,Y,N,1337,1402,1330,N,NULL,44,7,0,N,,N,N,098-KY-0319-0,NULL,NULL,2022,O,7.28029E+11,098-KY-0319  -000,HIGH,098-KY-0319  -000,2.869,0,0,0,0,0,0,1,0,0,0,0,1,0
72747572,KSP0900,22-123597,20220405,2015,,,FERRELLS CREEK,,RD,US0460,US0460,0,098 US-460,US0460,N,N,NULL,NULL,NULL,N,NULL,NULL,NULL,NULL,NULL,NULL,21.468,NULL,NULL,NULL,NULL,,NULL,0,0,1,1,N,N,55,NULL,98,9802,6,NE,N,37.37754,37,22.653,NULL,-82.271,82,16.26,NULL,N,NULL,NULL,NULL,NULL,NULL,NULL,NULL,NULL,9,4,2,4,1,5,6,6,7,3,N,NULL,Y,N,2016,2031,2210,N,NULL,40,,1,N,,N,N,098-US-0460-0,NULL,NULL,2022,O,7.27476E+11,098-US-0460  -000,HIGH,098-US-0460  -000,21.468,0,0,0,0,0,0,0,1,0,0,0,1,0
72778049,980500,2022AR029,20220630,1000,,2927,MAYO TRAIL,N,,,,,,,Y,N,NULL,NULL,NULL,N,NULL,NULL,NULL,NULL,NULL,NULL,NULL,NULL,NULL,NULL,NULL,NULL,NULL,0,0,1,1,N,N,10,NULL,98,9807,NULL,,Y,37.51335,37,30.801,NULL,-82.55668,82,33.401,NULL,N,NULL,NULL,NULL,NULL,NULL,NULL,NULL,NULL,9,97,NULL,6,3,1,2,2,1,3,N,NULL,Y,Y,1004,1014,1014,Y,NULL,90,,,N,,N,N,,NULL,NULL,2022,O,7.2778E+11,098-CS-3003  -000,MEDIUM,098-CS-3003  -000,0.056,0,0,0,1,0,0,1,0,0,0,0,0,0