MasterFile,AgencyORINumber,LocalCode,CollisionDate,CollisionTime,CollisionDayWeekCode,RoadwayName_HouseBusinessNumber_,RoadwayName_RoadwayName_,RoadwayName_Direction_,RoadwayName_RoadwaySuffix_,RoadwayfromReport,CurrentRoadwayNumber,RoadwayNumberCoupletID,RSEUniqueGIS,RoadwayIdentifier,ParkingLotIndicator,IntersectionWith_Indicator_,IntersectionWith_NameRoadway_,IntersectionWith_Direction_,IntersectionWith_RoadwaySuffix_,BetweenStreets_Indicator_,BetweenStreets1_NameRoadway_,BetweenStreet1_Direction_,BetweenStreets1_RoadwaySuffix_,BetweenStreets2_NameRoadway_,BetweenStreets2_Direction_,BetweenStreets2_RoadwaySuffix_,Milepoint,ReportMilepointDeriveNumber,CurrentDerivedMiepointNumber,MilestoMilepoint,FeettoMilepoint,DirectionfromMilepoint_NSEW_,ValidMilepointIndicator,NumberInjured,NumberKilled,ofUnits,ofMotorVehicleUnits,Hit&RunIndicator,OneWayIndicator,SpeedLimitNumber,KilometersIndicator,CountyCode,CityCountyCode,MilesFromCity,DirectionFromCity_NSEW_,InCityLimitsIndicator,Latitude,LatitudeDegrees,LatitudeMinutes,LatitudeSeconds,Longitude,LongitudeDegrees,LongitudeMinutes,LongitudeSeconds,RampIndicator,RampFromIdentifier,RampFromDirCode,RampFromCoupletID,RSEUniqueGISRampFrom,RampToidentifier,RampToDirCode,RampToCoupletID,RSEUniqueGisRampTo,MannerofCollisionCode,LocationFirstEventCode,TotalLanes,RoadwayCharacterCode,RoadwaySurfaceCode,RoadwayConditionCode,WeatherCode,LightConditionCode,LandUseCode,SchoolBusRelatedCode,FirstAidSceneIndicator,CollDescPresentInd,InvestigationCompleteIndicator,PhotosTakenIndicator,TimeNotified,TimeArrived,TimeRoadwayOpened,PropertyDamageIndicator,DiagramPresentIndicator,DirectionalAnalysis,FunctionClassCode,NationalHwySysCode,EnforcementsIndicator,KARSCityCode,SecondaryCollisionIndicator,MedianCrossoverIndicator,RT_UNIQUE,MapIt,TimeLastLeft,YR,KABCO,MFNY,WorkingRID,RT_CONFIDENCE,KTC_RT,KTC_MP,Motorcyclist,CommercialVehicle,YoungDriver,MatureDriver,pedestrian,Bicyclist,Distracted,agressive,Impaired,Unrestrained,Intersection,RoadwayDeparture,MedXover
72776910,KSP0900,22-239565,20220624,2153,,,KY194,,,KY0194,KY0194,0,098 KY-194,KY0194,N,N,NULL,NULL,NULL,N,NULL,NULL,NULL,NULL,NULL,NULL,9.432,NULL,NULL,NULL,NULL,,NULL,0,0,1,1,N,N,55,NULL,98,9801,NULL,,Y,37.60289,37,36.173,NULL,-82.52959,82,31.775,NULL,N,NULL,NULL,NULL,NULL,NULL,NULL,NULL,NULL,9,3,2,6,1,1,2,6,7,3,N,NULL,Y,N,2257,2318,2318,N,NULL,38,7,0,N,,N,N,098-KY-0194-0,NULL,NULL,2022,O,7.27769E+11,098-KY-0194  -000,HIGH,098-KY-0194  -000,9.432,0,0,0,0,0,0,0,0,0,0,0,0,0
72809590,980100,2.022E+11,20220919,419,,,US23,N,,,,,,,N,N,NULL,NULL,NULL,N,NULL,NULL,NULL,NULL,NULL,NULL,NULL,NULL,NULL,NULL,NULL,NULL,NULL,0,0,1,1,N,N,55,NULL,98,9801,NULL,,Y,37.44407,37,26.644,NULL,-82.51824,82,31.095,NULL,N,NULL,NULL,NULL,NULL,NULL,NULL,NULL,NULL,9,3,4,6,1,1,2,6,7,3,N,NULL,Y,N,419,424,515,N,NULL,70,,,Y,,N,N,,NULL,NULL,2022,O,7.28096E+11,098-US-0023  -000,MEDIUM,098-US-0023  -000,20.441,0,0,0,0,0,0,0,1,1,1,0,1,0
72851515,980100,2.023E+11,20230105,2114,,,HUFFMAN,,AVE,,,0,098 CS-1123,CS1123,N,N,NULL,NULL,NULL,N,NULL,NULL,NULL,NULL,NULL,NULL,0.117,NULL,NULL,NULL,NULL,,NULL,0,0,2,2,N,N,15,NULL,98,9801,NULL,,Y,37.47788,37,28.673,NULL,-82.5188,82,31.128,NULL,N,NULL,NULL,NULL,NULL,NULL,NULL,NULL,NULL,8,3,3,6,1,1,2,6,7,3,N,NULL,N,N,2114,2116,2131,N,NULL,53,,,N,,N,N,098-CS-1123-0,NULL,NULL,2023,O,7.28515E+11,098-CS-1123  -000,HIGH,098-CS-1123  -000,0.117,0,1,0,1,0,0,1,1,0,0,0,1,0
72778078,980000,22-06-003,20220615,1420,,2777,GREASY,,CRK,KY3226,KY3226,0,098 KY-3226,KY3226,N,N,NULL,NULL,NULL,N,NULL,NULL,NULL,NULL,NULL,NULL,0.891,NULL,NULL,NULL,NULL,,NULL,2,0,2,2,N,N,35,NULL,98,9801,15,E,N,37.39071,37,23.442,NULL,-82.47112,82,28.267,NULL,N,NULL,NULL,NULL,NULL,NULL,NULL,NULL,NULL,3,3,2,3,1,1,2,2,7,3,Y,NULL,Y,Y,1428,1442,1552,N,NULL,52,8,0,N,,N,N,098-KY-3226-0,NULL,NULL,2022,B,7.27781E+11,098-KY-3226  -000,HIGH,098-KY-3226  -000,0.891,0,0,1,0,0,0,1,0,0,1,0,1,0
72771851,KSP0900,22-218961,20220611,1300,,,US460,,,US0460,US0460,0,098 US-460,US0460,N,N,NULL,NULL,NULL,N,NULL,NULL,NULL,NULL,NULL,NULL,9.507,NULL,NULL,NULL,NULL,,NULL,0,0,2,2,N,N,45,NULL,98,9830,NULL,,Y,37.36754,37,22.052,NULL,-82.41164,82,24.698,NULL,N,NULL,NULL,NULL,NULL,NULL,NULL,NULL,NULL,5,3,2,6,1,1,2,2,7,3,N,NULL,Y,N,1301,1302,1330,N,NULL,49,,1,N,,N,N,098-US-0460-0,NULL,NULL,2022,O,7.27719E+11,098-US-0460  -000,HIGH,098-US-0460  -000,9.507,0,0,0,1,0,0,0,0,0,0,0,0,0
72778809,980100,2.022E+11,20220701,1313,,,BYPASS,S,RD,KY1426,KY1426,0,098 KY-1426,KY1426,N,N,NULL,NULL,NULL,N,NULL,NULL,NULL,NULL,NULL,NULL,6.149,NULL,NULL,NULL,NULL,,NULL,0,0,2,2,N,N,55,NULL,98,9801,NULL,,Y,37.47725,37,28.635,NULL,-82.5167,82,31.002,NULL,N,NULL,NULL,NULL,NULL,NULL,NULL,NULL,NULL,5,3,2,6,1,1,3,2,7,3,N,NULL,Y,N,1313,1323,1329,N,NULL,49,,0,Y,,N,N,098-KY-1426-0,NULL,NULL,2022,O,7.27788E+11,098-KY-1426  -000,HIGH,098-KY-1426  -000,6.149,0,0,0,0,0,0,1,0,0,1,0,0,0
72769259,KSP0900,22-209873,20220605,339,,,US23,,,US0023,US0023,0,098 US-23,US0023,N,N,NULL,NULL,NULL,N,NULL,NULL,NULL,NULL,NULL,NULL,31.979,NULL,NULL,NULL,NULL,,NULL,0,0,1,1,N,N,55,NULL,98,9801,NULL,,Y,37.53758,37,32.255,NULL,-82.60842,82,36.505,NULL,N,NULL,NULL,NULL,NULL,NULL,NULL,NULL,NULL,9,3,4,6,1,1,2,6,1,3,N,NULL,Y,N,410,410,,N,NULL,38,,1,N,,N,N,098-US-0023-0,NULL,NULL,2022,O,7.27693E+11,098-US-0023  -000,HIGH,098-US-0023  -000,31.979,0,0,0,0,0,0,0,0,0,0,0,0,0
72795841,KSP0900,22-320823,20220819,1517,,,US119,,,US0119,US0119,0,098 US-119,US0119,Y,N,NULL,NULL,NULL,N,NULL,NULL,NULL,NULL,NULL,NULL,0.53,NULL,NULL,NULL,NULL,,NULL,0,0,2,2,Y,N,5,NULL,98,9801,NULL,,Y,37.50634,37,30.38,NULL,-82.52305,82,31.383,NULL,N,NULL,NULL,NULL,NULL,NULL,NULL,NULL,NULL,8,7,1,6,3,1,2,2,1,3,N,NULL,Y,N,1602,1613,1613,N,NULL,90,2,1,N,,N,N,098-US-0119-0,NULL,NULL,2022,O,7.27958E+11,098-US-0119  -000,HIGH,098-US-0119  -000,0.53,0,0,0,0,0,0,1,0,0,0,0,0,0
72786463,980100,2.022E+11,20220718,1517,,,CASSIDY,,BLVD,,,0,098 CS-1191,CS1191,Y,N,NULL,NULL,NULL,N,NULL,NULL,NULL,NULL,NULL,NULL,0.057,NULL,NULL,NULL,NULL,,NULL,0,0,2,2,N,N,NULL,NULL,98,9801,NULL,,Y,37.50368,37,30.221,NULL,-82.53308,82,31.985,NULL,N,NULL,NULL,NULL,NULL,NULL,NULL,NULL,NULL,6,97,1,6,1,1,2,2,1,3,N,NULL,Y,N,1517,1528,,N,NULL,90,,,N,,N,N,098-CS-1191-0,NULL,NULL,2022,O,7.27865E+11,098-CS-1191  -000,HIGH,098-CS-1191  -000,0.057,0,0,0,0,0,0,1,0,0,0,0,0,0
72757916,KSP0900,22-143587,20220420,1330,,,STRAIGHT,,HOLW,,,0,098 CR-1574,CR1574,N,N,NULL,NULL,NULL,N,NULL,NULL,NULL,NULL,NULL,NULL,0.385,NULL,NULL,NULL,NULL,,NULL,0,0,1,1,N,N,25,NULL,98,9875,NULL,,Y,37.52372,37,31.423,NULL,-82.24998,82,14.999,NULL,N,NULL,NULL,NULL,NULL,NULL,NULL,NULL,NULL,9,3,1,6,1,1,2,2,7,3,N,NULL,Y,N,1330,1445,1330,N,NULL,40,,,N,,N,N,098-CR-1574-0,NULL,NULL,2022,O,7.27579E+11,098-CR-1574  -000,HIGH,098-CR-1574  -000,0.385,0,0,0,0,0,0,1,0,0,0,0,1,0
72798680,980100,2.022E+11,20220826,1500,,4205,MAYO,N,TRL,US0023,US0023,0,098 US-23-10,US0023,Y,N,NULL,NULL,NULL,N,NULL,NULL,NULL,NULL,NULL,NULL,NULL,NULL,NULL,NULL,NULL,NULL,NULL,0,0,1,1,N,N,15,NULL,98,9801,2,N,N,37.52367,37,31.42,NULL,-82.57243,82,34.346,NULL,N,NULL,NULL,NULL,NULL,NULL,NULL,NULL,NULL,9,97,2,6,1,1,2,2,1,3,N,NULL,Y,N,1600,1600,1600,N,NULL,90,,1,N,,N,N,098-US-0023-10,NULL,NULL,2022,O,7.27987E+11,098-US-0023  -010,HIGH,098-US-0023  -000,28.988,0,0,0,0,0,0,1,0,0,0,0,1,0
72786464,980100,2.022E+11,20220724,1445,,,CASSIDY,,BLVD,,,0,098 CS-1191,CS1191,Y,N,NULL,NULL,NULL,N,NULL,NULL,NULL,NULL,NULL,NULL,0.061,NULL,NULL,NULL,NULL,,NULL,0,0,2,2,N,N,NULL,NULL,98,9801,NULL,,Y,37.50368,37,30.221,NULL,-82.53313,82,31.988,NULL,N,NULL,NULL,NULL,NULL,NULL,NULL,NULL,NULL,8,97,1,6,1,1,2,2,1,3,N,NULL,Y,N,1445,1454,,N,NULL,90,,,N,,N,N,098-CS-1191-0,NULL,NULL,2022,O,7.27865E+11,098-CS-1191  -000,HIGH,098-CS-1191  -000,0.061,0,0,0,1,0,0,0,0,0,0,0,0,0
72826546,KSP0900,22-424341,20221104,1313,,,US460,,,US0460,US0460,0,098 US-460,US0460,N,N,NULL,NULL,NULL,N,NULL,NULL,NULL,NULL,NULL,NULL,0.605,NULL,NULL,NULL,NULL,,NULL,1,0,3,3,N,N,45,NULL,98,9824,NULL,,Y,37.43496,37,26.097,NULL,-82.50844,82,30.506,NULL,N,NULL,NULL,NULL,NULL,NULL,NULL,NULL,NULL,7,3,2,6,1,1,2,2,7,3,Y,NULL,N,Y,1313,1318,1415,N,NULL,54,,1,N,,N,N,098-US-0460-0,NULL,NULL,2022,C,7.28265E+11,098-US-0460  -000,HIGH,098-US-0460  -000,0.605,0,0,0,0,0,0,1,0,0,0,0,1,0
72859918,KSP0900,23-35779,20230128,1422,,,FEDSCREEK,,RD,KY0366,KY0366,,,,N,N,NULL,NULL,NULL,N,NULL,NULL,NULL,NULL,NULL,NULL,3.208,NULL,NULL,NULL,NULL,,NULL,0,0,1,1,N,N,25,NULL,98,9896,NULL,,Y,37.40145,37,24.087,NULL,-82.20483,82,12.289,NULL,N,NULL,NULL,NULL,NULL,NULL,NULL,NULL,NULL,9,3,2,3,1,1,2,2,6,3,N,NULL,Y,N,1422,1536,1536,N,NULL,44,9,0,N,,N,N,,NULL,NULL,2023,O,7.28599E+11,098-KY-0366  -000,HIGH,098-KY-0366  -000,3.217,0,0,0,0,0,0,0,0,0,0,0,1,0
72820725,980100,2.022E+11,20221025,1344,,,MAYO,S,TRL,KY3496,KY3496,0,098 KY-3496,KY3496,Y,N,NULL,NULL,NULL,N,NULL,NULL,NULL,NULL,NULL,NULL,0.608,NULL,NULL,NULL,NULL,,NULL,0,0,1,1,N,Y,15,NULL,98,9801,NULL,,Y,37.47148,37,28.289,NULL,-82.53295,82,31.977,NULL,N,NULL,NULL,NULL,NULL,NULL,NULL,NULL,NULL,9,97,1,6,1,1,2,2,1,3,N,NULL,Y,Y,1344,1344,1344,Y,NULL,90,16,0,N,,N,N,098-KY-3496-0,NULL,NULL,2022,O,7.28207E+11,098-KY-3496  -000,HIGH,098-KY-3496  -000,0.608,0,0,1,0,0,0,1,0,0,0,0,1,0
72809955,980100,2.022E+11,20220921,1814,,,HUFFMAN,,AVE,,,0,098 CS-1123,CS1123,Y,N,NULL,NULL,NULL,N,NULL,NULL,NULL,NULL,NULL,NULL,0.194,NULL,NULL,NULL,NULL,,NULL,0,0,2,2,Y,N,10,NULL,98,9801,NULL,,Y,37.47861,37,28.717,NULL,-82.51991,82,31.195,NULL,N,NULL,NULL,NULL,NULL,NULL,NULL,NULL,NULL,1,97,2,6,2,1,3,2,1,3,N,NULL,N,N,1812,1812,1812,N,NULL,90,,,N,,N,N,098-CS-1123-0,NULL,NULL,2022,NULL,7.281E+11,098-CS-1123  -000,HIGH,098-CS-1123  -000,0.194,0,0,0,0,0,0,0,0,0,0,0,0,0
72730006,KSP0900,22-48307,20220209,1437,,,US460,,,US0460,US0460,0,098 US-460,US0460,N,N,NULL,NULL,NULL,N,NULL,NULL,NULL,NULL,NULL,NULL,2.673,NULL,NULL,NULL,NULL,,NULL,0,0,2,2,Y,N,55,NULL,98,9824,NULL,,Y,37.43139,37,25.883,NULL,-82.48102,82,28.861,NULL,N,NULL,NULL,NULL,NULL,NULL,NULL,NULL,NULL,5,3,2,6,1,1,2,2,7,3,N,NULL,Y,N,1603,1807,1437,N,NULL,49,,1,N,,N,N,098-US-0460-0,NULL,NULL,2022,O,7.273E+11,098-US-0460  -000,HIGH,098-US-0460  -000,2.673,0,0,0,0,0,0,0,0,0,0,0,0,0
72813752,370200,2022387536,20221007,1217,,,US23,,,US0023,US0023,0,098 US-23-10,US0023,N,N,NULL,NULL,NULL,N,NULL,NULL,NULL,NULL,NULL,NULL,16.218,NULL,NULL,NULL,NULL,,NULL,0,0,1,1,N,N,55,NULL,98,9801,NULL,,Y,37.41286,37,24.772,NULL,-82.53175,82,31.905,NULL,N,NULL,NULL,NULL,NULL,NULL,NULL,NULL,NULL,9,3,4,4,1,1,2,2,7,3,N,NULL,N,N,1228,1232,1232,N,NULL,38,,1,N,,N,N,098-US-0023-10,NULL,NULL,2022,O,7.28138E+11,098-US-0023  -010,HIGH,098-US-0023  -000,16.218,0,0,0,1,0,0,0,0,0,0,0,0,0
72748859,KSP0900,22-127147,20220408,1626,,,ELKHORN,,CRK,KY0197,KY0197,0,098 KY-197,KY0197,N,N,NULL,NULL,NULL,N,NULL,NULL,NULL,NULL,NULL,NULL,12.444,NULL,NULL,NULL,NULL,,NULL,1,0,2,2,N,N,55,NULL,98,9802,NULL,,Y,37.27525,37,16.515,NULL,-82.39893,82,23.936,NULL,N,NULL,NULL,NULL,NULL,NULL,NULL,NULL,NULL,1,3,2,3,1,5,6,2,7,3,Y,NULL,Y,Y,1626,1636,1730,N,NULL,55,7,0,N,,N,N,098-KY-0197-0,NULL,NULL,2022,C,7.27489E+11,098-KY-0197  -000,HIGH,098-KY-0197  -000,12.444,0,0,0,0,0,0,1,0,0,0,0,0,0
72778823,980000,22-07001,20220630,2300,,,US460,,,US0460,US0460,0,098 US-460,US0460,N,N,NULL,NULL,NULL,N,NULL,NULL,NULL,NULL,NULL,NULL,13.304,NULL,NULL,NULL,NULL,,NULL,1,0,1,1,N,N,55,NULL,98,9805,NULL,,Y,37.33351,37,20.011,NULL,-82.38868,82,23.321,NULL,N,NULL,NULL,NULL,NULL,NULL,NULL,NULL,NULL,9,4,2,1,1,1,2,6,7,3,Y,NULL,Y,N,2300,2335,2359,N,NULL,51,,1,Y,,N,N,098-US-0460-0,NULL,NULL,2022,B,7.27788E+11,098-US-0460  -000,HIGH,098-US-0460  -000,13.304,0,0,0,0,0,0,0,0,1,1,0,1,0
72762739,980100,2.022E+11,20220517,2038,,,US23,,,US0023,US0023,,,,N,N,NULL,NULL,NULL,N,NULL,NULL,NULL,NULL,NULL,NULL,24.165,NULL,NULL,NULL,NULL,,NULL,0,0,1,1,N,N,55,NULL,98,9801,NULL,,Y,37.47726,37,28.636,NULL,-82.54053,82,32.432,NULL,N,NULL,NULL,NULL,NULL,NULL,NULL,NULL,NULL,9,4,4,6,1,1,2,2,7,3,N,NULL,Y,N,2035,2042,,N,NULL,51,,1,N,,N,N,,NULL,NULL,2022,O,7.27627E+11,098-US-0023  -010,MEDIUM,098-US-0023  -000,24.165,0,0,0,0,0,0,0,0,0,0,0,1,0
72782819,980100,2.022E+11,20220713,1333,,,HAMBLEY,,BLVD,,,0,098 CS-1222,CS1222,N,N,NULL,NULL,NULL,N,NULL,NULL,NULL,NULL,NULL,NULL,0.514,NULL,NULL,NULL,NULL,,NULL,0,0,2,2,N,N,25,NULL,98,9801,NULL,,Y,37.47859,37,28.715,NULL,-82.52023,82,31.214,NULL,N,NULL,NULL,NULL,NULL,NULL,NULL,NULL,NULL,5,3,2,6,1,1,2,2,1,3,N,NULL,Y,N,1333,1338,,N,NULL,70,,,N,,N,N,098-CS-1222-0,NULL,NULL,2022,O,7.27828E+11,098-CS-1222  -000,HIGH,098-CS-1222  -000,0.514,0,0,0,1,0,0,0,0,0,0,0,0,0
72739992,KSP0900,2022-00081636,20220305,1940,,,US23,,,US0023,US0023,0,098 US-23,US0023,Y,N,NULL,NULL,NULL,N,NULL,NULL,NULL,NULL,NULL,NULL,28.555,NULL,NULL,NULL,NULL,,NULL,0,0,1,1,N,N,15,NULL,98,9807,NULL,,Y,37.51943,37,31.166,NULL,-82.56641,82,33.985,NULL,N,NULL,NULL,NULL,NULL,NULL,NULL,NULL,NULL,9,97,1,5,1,1,2,6,7,3,N,NULL,Y,N,1044,1958,1958,N,NULL,90,,1,N,,N,N,098-US-0023-0,NULL,NULL,2022,O,7.274E+11,098-US-0023  -000,HIGH,098-US-0023  -000,28.555,0,0,0,0,0,0,0,0,0,0,0,1,0
72796941,980500,2022AR037,20220822,1754,,4533,MAYO TRAIL,N,,,,,,,Y,N,NULL,NULL,NULL,N,NULL,NULL,NULL,NULL,NULL,NULL,NULL,NULL,NULL,NULL,NULL,NULL,NULL,0,0,2,2,Y,N,15,NULL,98,9807,NULL,,Y,37.52624,37,31.574,NULL,-82.57515,82,34.509,NULL,N,NULL,NULL,NULL,NULL,NULL,NULL,NULL,NULL,8,7,NULL,6,1,1,2,2,5,3,N,NULL,Y,Y,1754,1800,1800,N,NULL,90,,,N,,N,N,,NULL,NULL,2022,NULL,7.27969E+11,098-US-0023  -010,MEDIUM,098-US-0023  -000,29.208,0,0,0,0,0,0,1,0,0,0,0,0,0
72757137,KSP0900,2022-138577,20220416,1833,,,KY1056,,,KY1056,KY1056,0,098 KY-1056,KY1056,N,N,NULL,NULL,NULL,N,NULL,NULL,NULL,NULL,NULL,NULL,10.657,NULL,NULL,NULL,NULL,,NULL,0,0,2,2,Y,N,35,NULL,98,9863,NULL,,Y,37.60847,37,36.508,NULL,-82.16894,82,10.136,NULL,N,NULL,NULL,NULL,NULL,NULL,NULL,NULL,NULL,8,3,2,6,1,1,2,2,7,3,N,NULL,Y,N,1830,1830,1830,N,NULL,53,7,0,N,,N,N,098-KY-1056-0,NULL,NULL,2022,O,7.27571E+11,098-KY-1056  -000,HIGH,098-KY-1056  -000,10.657,0,0,0,0,0,0,0,0,0,0,0,1,0
72826164,980500,2022AR051,20221102,1615,,4367,MAYO TRAIL #103,N,,,,,,,Y,N,NULL,NULL,NULL,N,NULL,NULL,NULL,NULL,NULL,NULL,NULL,NULL,NULL,NULL,NULL,NULL,NULL,0,0,2,2,N,N,15,NULL,98,9807,NULL,,Y,37.52646,37,31.588,NULL,-82.57446,82,34.468,NULL,N,NULL,NULL,NULL,NULL,NULL,NULL,NULL,NULL,2,97,2,6,1,1,2,2,1,3,N,NULL,Y,Y,1620,1630,1630,N,NULL,90,,,N,,N,N,,NULL,NULL,2022,O,7.28262E+11,098-US-0023  -010,MEDIUM,098-US-0023  -000,29.205,0,0,0,1,0,0,0,0,0,0,0,0,0
72767502,KSP0900,22-197854,20220528,254,,4190,TOLER,,RD,KY0319,KY0319,0,098 KY-319,KY0319,N,N,NULL,NULL,NULL,N,NULL,NULL,NULL,NULL,NULL,NULL,3.498,NULL,NULL,NULL,NULL,,NULL,1,0,1,1,N,N,55,NULL,98,9842,NULL,,Y,37.60593,37,36.356,NULL,-82.22559,82,13.536,NULL,N,NULL,NULL,NULL,NULL,NULL,NULL,NULL,NULL,9,4,2,2,1,5,2,6,7,3,Y,NULL,Y,Y,254,311,354,N,NULL,44,7,0,Y,,N,N,098-KY-0319-0,NULL,NULL,2022,C,7.27675E+11,098-KY-0319  -000,HIGH,098-KY-0319  -000,3.498,0,0,1,0,0,0,0,0,1,0,0,1,0
72826431,KSP0900,22-428910,20221107,1702,,,US119,N,,US0119,US0119,0,098 US-119-10,US0119,N,N,NULL,NULL,NULL,N,NULL,NULL,NULL,NULL,NULL,NULL,11.939,NULL,NULL,NULL,NULL,,NULL,0,0,2,2,N,N,55,NULL,98,9833,NULL,,Y,37.5949,37,35.694,NULL,-82.3747,82,22.482,NULL,N,NULL,NULL,NULL,NULL,NULL,NULL,NULL,NULL,8,3,2,5,1,1,2,2,7,3,N,NULL,Y,N,1702,1719,1800,N,NULL,53,2,1,N,,Y,N,098-US-0119-10,NULL,NULL,2022,O,7.28264E+11,098-US-0119  -010,HIGH,098-US-0119  -000,11.939,0,0,1,0,0,0,0,0,0,0,0,1,0
72781929,KSP0900,22-263798,20220711,1608,,,US119,,,US0119,US0119,0,098 US-119,US0119,N,N,NULL,NULL,NULL,N,NULL,NULL,NULL,NULL,NULL,NULL,0.485,NULL,NULL,NULL,NULL,,NULL,1,0,2,2,N,N,55,NULL,98,9801,NULL,,Y,37.50631,37,30.379,NULL,-82.52394,82,31.436,NULL,N,NULL,NULL,NULL,NULL,NULL,NULL,NULL,NULL,5,3,2,4,1,1,2,2,7,3,Y,NULL,Y,Y,1608,1618,1737,N,NULL,49,2,1,N,,N,N,098-US-0119-0,NULL,NULL,2022,B,7.27819E+11,098-US-0119  -000,HIGH,098-US-0119  -000,0.485,0,1,0,0,0,0,1,0,0,0,0,0,0
72763775,980100,2.022E+11,20220520,1250,,,CASSIDY,,BLVD,,,0,098 CS-1191,CS1191,Y,N,NULL,NULL,NULL,N,NULL,NULL,NULL,NULL,NULL,NULL,0.364,NULL,NULL,NULL,NULL,,NULL,0,0,2,2,N,N,15,NULL,98,9801,NULL,,Y,37.50509,37,30.305,NULL,-82.53812,82,32.287,NULL,N,NULL,NULL,NULL,NULL,NULL,NULL,NULL,NULL,1,97,2,6,1,1,2,2,7,3,N,NULL,Y,N,1250,1257,1312,N,NULL,90,,,N,,N,N,098-CS-1191-0,NULL,NULL,2022,O,7.27638E+11,098-CS-1191  -000,HIGH,098-CS-1191  -000,0.364,0,0,0,0,0,0,1,0,0,0,0,0,0
72769769,KSP0900,22-206385,20220602,1852,,,FISHTRAP,,RD,KY1441,KY1441,0,098 KY-1441,KY1441,N,N,NULL,NULL,NULL,N,NULL,NULL,NULL,NULL,NULL,NULL,9.169,NULL,NULL,NULL,NULL,,NULL,0,0,1,1,Y,N,45,NULL,98,9850,NULL,,Y,37.50459,37,30.275,NULL,-82.4496,82,26.976,NULL,N,NULL,NULL,NULL,NULL,NULL,NULL,NULL,NULL,9,97,2,6,1,1,2,2,7,3,N,NULL,Y,N,1858,1915,1915,Y,NULL,40,8,0,Y,,N,N,098-KY-1441-0,NULL,NULL,2022,O,7.27698E+11,098-KY-1441  -000,HIGH,098-KY-1441  -000,9.169,0,0,0,0,0,0,0,0,1,0,0,1,0
72786462,980100,2.022E+11,20220710,1024,,,HAMBLEY,,BLVD,,,0,098 CS-1222,CS1222,Y,N,NULL,NULL,NULL,N,NULL,NULL,NULL,NULL,NULL,NULL,0.352,NULL,NULL,NULL,NULL,,NULL,0,0,2,2,Y,N,NULL,NULL,98,9801,NULL,,Y,37.47675,37,28.605,NULL,-82.52206,82,31.324,NULL,N,NULL,NULL,NULL,NULL,NULL,NULL,NULL,NULL,8,97,NULL,6,1,1,2,2,1,3,N,NULL,Y,N,1024,1029,,N,NULL,90,,,N,,N,N,098-CS-1222-0,NULL,NULL,2022,NULL,7.27865E+11,098-CS-1222  -000,HIGH,098-CS-1222  -000,0.352,0,0,0,0,0,0,0,0,0,0,0,0,0
72777900,KSP0900,22-235688,20220622,1422,,,STONE COAL CREEK,,RD,KY3227,KY3227,0,098 KY-3227,KY3227,N,N,NULL,NULL,NULL,N,NULL,NULL,NULL,NULL,NULL,NULL,3.637,NULL,NULL,NULL,NULL,,NULL,0,0,2,2,N,N,35,NULL,98,9801,4,W,N,37.54152,37,32.491,NULL,-82.51064,82,30.638,NULL,N,NULL,NULL,NULL,NULL,NULL,NULL,NULL,NULL,7,3,2,6,1,1,2,2,7,3,N,NULL,Y,N,1446,1510,1515,N,NULL,54,8,0,N,,N,N,098-KY-3227-0,NULL,NULL,2022,O,7.27779E+11,098-KY-3227  -000,HIGH,098-KY-3227  -000,3.637,0,0,0,0,0,0,0,0,0,0,0,1,0
72762147,KSP0900,22-175513,20220512,1533,,,CASSIDY,,BLVD,,,0,098 CS-1191,CS1191,Y,N,NULL,NULL,NULL,N,NULL,NULL,NULL,NULL,NULL,NULL,0.005,NULL,NULL,NULL,NULL,,NULL,0,0,2,2,N,N,NULL,NULL,98,9801,NULL,,Y,37.50376,37,30.225,NULL,-82.53223,82,31.934,NULL,N,NULL,NULL,NULL,NULL,NULL,NULL,NULL,NULL,2,97,0,4,1,1,2,2,1,3,N,NULL,Y,Y,1536,1555,1533,N,NULL,90,,,N,,N,N,098-CS-1191-0,NULL,NULL,2022,O,7.27621E+11,098-CS-1191  -000,HIGH,098-CS-1191  -000,0.005,0,0,0,0,0,0,0,0,0,0,0,0,0
72808284,980100,2.022E+11,20220920,1304,,,BAIRD,,AVE,KY1426,KY1426,0,098 KY-1426,KY1426,N,N,NULL,NULL,NULL,N,NULL,NULL,NULL,NULL,NULL,NULL,5.389,NULL,NULL,NULL,NULL,,NULL,0,0,2,2,N,N,15,NULL,98,9801,NULL,,Y,37.47313,37,28.388,NULL,-82.52716,82,31.63,NULL,N,NULL,NULL,NULL,NULL,NULL,NULL,NULL,NULL,1,3,2,6,1,1,2,2,7,3,N,NULL,Y,N,1305,1307,1334,N,NULL,55,,0,N,,N,N,098-KY-1426-0,NULL,NULL,2022,O,7.28083E+11,098-KY-1426  -000,HIGH,098-KY-1426  -000,5.389,0,0,0,0,0,0,1,0,0,0,0,0,0