MasterFile,AgencyORINumber,LocalCode,CollisionDate,CollisionTime,CollisionDayWeekCode,RoadwayName_HouseBusinessNumber_,RoadwayName_RoadwayName_,RoadwayName_Direction_,RoadwayName_RoadwaySuffix_,RoadwayfromReport,CurrentRoadwayNumber,RoadwayNumberCoupletID,RSEUniqueGIS,RoadwayIdentifier,ParkingLotIndicator,IntersectionWith_Indicator_,IntersectionWith_NameRoadway_,IntersectionWith_Direction_,IntersectionWith_RoadwaySuffix_,BetweenStreets_Indicator_,BetweenStreets1_NameRoadway_,BetweenStreet1_Direction_,BetweenStreets1_RoadwaySuffix_,BetweenStreets2_NameRoadway_,BetweenStreets2_Direction_,BetweenStreets2_RoadwaySuffix_,Milepoint,ReportMilepointDeriveNumber,CurrentDerivedMiepointNumber,MilestoMilepoint,FeettoMilepoint,DirectionfromMilepoint_NSEW_,ValidMilepointIndicator,NumberInjured,NumberKilled,ofUnits,ofMotorVehicleUnits,Hit&RunIndicator,OneWayIndicator,SpeedLimitNumber,KilometersIndicator,CountyCode,CityCountyCode,MilesFromCity,DirectionFromCity_NSEW_,InCityLimitsIndicator,Latitude,LatitudeDegrees,LatitudeMinutes,LatitudeSeconds,Longitude,LongitudeDegrees,LongitudeMinutes,LongitudeSeconds,RampIndicator,RampFromIdentifier,RampFromDirCode,RampFromCoupletID,RSEUniqueGISRampFrom,RampToidentifier,RampToDirCode,RampToCoupletID,RSEUniqueGisRampTo,MannerofCollisionCode,LocationFirstEventCode,TotalLanes,RoadwayCharacterCode,RoadwaySurfaceCode,RoadwayConditionCode,WeatherCode,LightConditionCode,LandUseCode,SchoolBusRelatedCode,FirstAidSceneIndicator,CollDescPresentInd,InvestigationCompleteIndicator,PhotosTakenIndicator,TimeNotified,TimeArrived,TimeRoadwayOpened,PropertyDamageIndicator,DiagramPresentIndicator,DirectionalAnalysis,FunctionClassCode,NationalHwySysCode,EnforcementsIndicator,KARSCityCode,SecondaryCollisionIndicator,MedianCrossoverIndicator,RT_UNIQUE,MapIt,TimeLastLeft,YR,KABCO,MFNY,WorkingRID,RT_CONFIDENCE,KTC_RT,KTC_MP,Motorcyclist,CommercialVehicle,YoungDriver,MatureDriver,pedestrian,Bicyclist,Distracted,agressive,Impaired,Unrestrained,Intersection,RoadwayDeparture,MedXover
72779401,KSP0900,22-251926,20220703,1512,,,FOREST HILLS,,RD,KY0308,KY0308,0,098 KY-308,KY0308,N,N,NULL,NULL,NULL,N,NULL,NULL,NULL,NULL,NULL,NULL,2.687,NULL,NULL,NULL,NULL,,NULL,0,0,1,1,N,N,35,NULL,98,9836,NULL,,Y,37.64825,37,38.895,NULL,-82.26772,82,16.063,NULL,N,NULL,NULL,NULL,NULL,NULL,NULL,NULL,NULL,9,4,2,1,1,1,2,2,7,3,N,NULL,Y,N,1512,1516,1516,N,NULL,44,8,0,N,,N,N,098-KY-0308-0,NULL,NULL,2022,O,7.27794E+11,098-KY-0308  -000,HIGH,098-KY-0308  -000,2.687,0,0,0,0,0,0,1,0,0,0,0,1,0
72785719,KSP0900,22-273516,20220718,1813,,,SHELBY DRY,,FRK,,,0,098 CR-1257,CR1257,N,N,NULL,NULL,NULL,N,NULL,NULL,NULL,NULL,NULL,NULL,2.329,NULL,NULL,NULL,NULL,,NULL,2,0,2,2,Y,N,25,NULL,98,9824,NULL,,Y,37.39341,37,23.604,NULL,-82.49557,82,29.734,NULL,N,NULL,NULL,NULL,NULL,NULL,NULL,NULL,NULL,3,3,1,6,1,5,6,2,7,3,Y,NULL,N,Y,1813,1911,2000,N,NULL,52,,,N,,N,N,098-CR-1257-0,NULL,NULL,2022,B,7.27857E+11,098-CR-1257  -000,HIGH,098-CR-1257  -000,2.329,0,0,0,0,0,0,0,0,0,0,0,1,0
72795770,980100,2.022E+11,20220809,1631,,,US23,,,US0023,US0023,0,098 US-23-10,US0023,N,N,NULL,NULL,NULL,N,NULL,NULL,NULL,NULL,NULL,NULL,27.016,NULL,NULL,NULL,NULL,,NULL,0,0,2,2,Y,N,55,NULL,98,9801,NULL,,Y,37.51031,37,30.619,NULL,-82.5416,82,32.496,NULL,N,NULL,NULL,NULL,NULL,NULL,NULL,NULL,NULL,8,3,4,6,1,1,2,2,7,3,N,NULL,Y,N,1631,1650,1650,N,NULL,53,,1,N,,N,N,098-US-0023-10,NULL,NULL,2022,O,7.27958E+11,098-US-0023  -010,HIGH,098-US-0023  -000,27.016,0,0,0,1,0,0,0,1,0,0,0,1,0
72793608,KSP0900,22-312452,20220813,1317,,,KY611,,,KY0611,KY0611,0,098 KY-611,KY0611,N,N,NULL,NULL,NULL,N,NULL,NULL,NULL,NULL,NULL,NULL,5.2,NULL,NULL,NULL,NULL,,NULL,0,0,3,3,N,N,55,NULL,98,9801,NULL,,Y,37.31847,37,19.108,NULL,-82.5358,82,32.148,NULL,N,NULL,NULL,NULL,NULL,NULL,NULL,NULL,NULL,1,3,1,6,1,1,2,2,7,3,N,NULL,Y,N,1317,1327,1400,N,NULL,55,8,0,N,,N,N,098-KY-0611-0,NULL,NULL,2022,O,7.27936E+11,098-KY-0611  -000,HIGH,098-KY-0611  -000,5.2,1,1,0,0,0,0,0,0,0,0,0,0,0
72790439,KSP0900,22-300816,20220804,333,,,US23,,,US0023,US0023,0,098 US-23,US0023,N,N,NULL,NULL,NULL,N,NULL,NULL,NULL,NULL,NULL,NULL,15.678,NULL,NULL,NULL,NULL,,NULL,0,0,1,1,N,N,55,NULL,98,9824,NULL,,Y,37.40507,37,24.304,NULL,-82.53073,82,31.844,NULL,N,NULL,NULL,NULL,NULL,NULL,NULL,NULL,NULL,9,3,4,5,1,1,2,6,7,3,N,NULL,Y,N,330,348,348,N,NULL,38,,1,N,,N,N,098-US-0023-0,NULL,NULL,2022,O,7.27904E+11,098-US-0023  -000,HIGH,098-US-0023  -000,15.678,0,0,0,0,0,0,0,0,0,0,0,0,0
72738703,980100,2.022E+11,20220222,830,,106,IVY,,CT,,,0,098 CS-1033,CS1033,N,N,NULL,NULL,NULL,N,NULL,NULL,NULL,NULL,NULL,NULL,0.041,NULL,NULL,NULL,NULL,,NULL,0,0,3,3,N,N,35,NULL,98,9801,NULL,,Y,37.47637,37,28.582,NULL,-82.54686,82,32.811,NULL,N,NULL,NULL,NULL,NULL,NULL,NULL,NULL,NULL,1,97,2,6,1,5,6,2,6,3,N,NULL,Y,Y,837,841,842,Y,NULL,47,,,Y,,N,N,098-CS-1033-0,NULL,NULL,2022,O,7.27387E+11,098-CS-1033  -000,HIGH,098-CS-1033  -000,0.041,1,0,0,0,0,0,0,0,0,0,0,1,0
72785319,KSP0900,22-277099,20220721,918,,,KY194,,,KY0194,KY0194,0,098 KY-194,KY0194,N,N,NULL,NULL,NULL,N,NULL,NULL,NULL,NULL,NULL,NULL,7.729,NULL,NULL,NULL,NULL,,NULL,0,0,2,2,N,N,55,NULL,98,9831,NULL,,Y,37.61362,37,36.817,NULL,-82.54086,82,32.452,NULL,N,NULL,NULL,NULL,NULL,NULL,NULL,NULL,NULL,7,3,2,3,1,5,3,2,7,3,N,NULL,N,N,918,950,1015,N,NULL,54,7,0,N,,N,N,098-KY-0194-0,NULL,NULL,2022,O,7.27853E+11,098-KY-0194  -000,HIGH,098-KY-0194  -000,7.729,0,0,0,0,0,0,1,0,0,0,0,1,0
72719630,370200,2021520853,20211223,1715,,,US23,,,US0023,US0023,0,098 US-23-10,US0023,N,N,NULL,NULL,NULL,N,NULL,NULL,NULL,NULL,NULL,NULL,28.581,NULL,NULL,NULL,NULL,,NULL,0,0,2,2,N,N,55,NULL,98,9807,NULL,,Y,37.52037,37,31.222,NULL,-82.5696,82,34.176,NULL,N,NULL,NULL,NULL,NULL,NULL,NULL,NULL,NULL,1,7,4,4,1,1,3,3,1,3,N,NULL,N,N,1715,1736,1736,N,NULL,47,,1,N,,N,N,098-US-0023-10,NULL,NULL,2021,O,7.27196E+11,098-US-0023  -010,HIGH,098-US-0023  -000,28.581,0,1,0,1,0,0,0,0,0,0,0,0,0
72732908,980100,2.022E+11,20220214,1452,,,BYPASS,N,RD,KY1460,KY1460,0,098 KY-1460,KY1460,N,N,NULL,NULL,NULL,N,NULL,NULL,NULL,NULL,NULL,NULL,5.643,NULL,NULL,NULL,NULL,,NULL,0,0,2,2,N,N,45,NULL,98,9801,NULL,,Y,37.48674,37,29.205,NULL,-82.5219,82,31.314,NULL,N,NULL,NULL,NULL,NULL,NULL,NULL,NULL,NULL,1,3,2,5,1,1,2,2,1,3,N,NULL,Y,N,1452,1458,1458,N,NULL,55,16,0,N,,N,N,098-KY-1460-0,NULL,NULL,2022,O,7.27329E+11,098-KY-1460  -000,HIGH,098-KY-1460  -000,5.643,0,0,0,1,0,0,1,1,0,0,0,0,0
72748406,KSP0900,2022-121381,20220404,630,,,KY632,,,KY0632,KY0632,0,098 KY-632,KY0632,N,N,NULL,NULL,NULL,N,NULL,NULL,NULL,NULL,NULL,NULL,3.669,NULL,NULL,NULL,NULL,,NULL,0,0,1,1,N,N,55,NULL,98,9817,NULL,,Y,37.48706,37,29.224,NULL,-82.29544,82,17.727,NULL,N,NULL,NULL,NULL,NULL,NULL,NULL,NULL,NULL,9,3,2,6,1,1,2,1,7,3,N,NULL,Y,N,630,630,630,N,NULL,70,6,0,N,,N,N,098-KY-0632-0,NULL,NULL,2022,O,7.27484E+11,098-KY-0632  -000,HIGH,098-KY-0632  -000,3.669,0,0,0,0,0,0,0,0,0,0,0,1,0
72749205,KSP0900,22-129069,20220410,130,,,STRATTON,,FRK,,,0,098 CR-1535,CR1535,N,N,NULL,NULL,NULL,N,NULL,NULL,NULL,NULL,NULL,NULL,0.779,NULL,NULL,NULL,NULL,,NULL,0,0,1,1,N,N,25,NULL,98,9838,NULL,,Y,37.59462,37,35.677,NULL,-82.33871,82,20.323,NULL,N,NULL,NULL,NULL,NULL,NULL,NULL,NULL,NULL,9,3,1,6,1,5,3,6,7,3,N,NULL,N,N,130,138,255,N,NULL,44,,,N,,N,N,098-CR-1535-0,NULL,NULL,2022,O,7.27492E+11,098-CR-1535  -000,HIGH,098-CR-1535  -000,0.779,0,0,0,0,0,0,1,0,0,0,0,1,0
72781226,980100,2.022E+11,20220623,1535,,,BYPASS,S,RD,KY1426,KY1426,0,098 KY-1426,KY1426,Y,N,NULL,NULL,NULL,N,NULL,NULL,NULL,NULL,NULL,NULL,5.69,NULL,NULL,NULL,NULL,,NULL,0,0,2,2,N,N,NULL,NULL,98,9801,NULL,,Y,37.47277,37,28.366,NULL,-82.52285,82,31.371,NULL,N,NULL,NULL,NULL,NULL,NULL,NULL,NULL,NULL,1,97,NULL,5,2,1,2,2,1,3,N,NULL,Y,N,1535,1546,,N,NULL,90,,0,N,,N,N,098-KY-1426-0,NULL,NULL,2022,O,7.27812E+11,098-KY-1426  -000,HIGH,098-KY-1426  -000,5.69,0,0,0,0,0,0,0,0,0,0,0,0,0
72767255,KSP0900,22-198251,20220528,1243,,,KY611,,,KY0611,KY0611,0,098 KY-611,KY0611,N,N,NULL,NULL,NULL,N,NULL,NULL,NULL,NULL,NULL,NULL,1.172,NULL,NULL,NULL,NULL,,NULL,0,0,2,2,N,N,35,NULL,98,9818,NULL,,Y,37.32413,37,19.448,NULL,-82.48238,82,28.943,NULL,N,NULL,NULL,NULL,NULL,NULL,NULL,NULL,NULL,3,3,2,2,1,5,3,2,6,3,N,NULL,Y,N,1243,1249,1315,N,NULL,52,8,0,N,,N,N,098-KY-0611-0,NULL,NULL,2022,O,7.27673E+11,098-KY-0611  -000,HIGH,098-KY-0611  -000,1.172,0,0,0,0,0,0,0,0,0,0,0,1,0
72753221,980100,2.022E+11,20220421,700,,,US23,,,US0023,US0023,0,098 US-23,US0023,N,N,NULL,NULL,NULL,N,NULL,NULL,NULL,NULL,NULL,NULL,20.457,NULL,NULL,NULL,NULL,,NULL,0,0,1,1,N,N,55,NULL,98,9801,NULL,,Y,37.44348,37,26.609,NULL,-82.51953,82,31.172,NULL,N,NULL,NULL,NULL,NULL,NULL,NULL,NULL,NULL,9,3,4,6,1,1,3,2,7,3,N,NULL,Y,N,701,709,709,N,NULL,38,,1,N,,N,N,098-US-0023-0,NULL,NULL,2022,O,7.27532E+11,098-US-0023  -000,HIGH,098-US-0023  -000,20.457,0,0,0,0,0,0,0,0,0,0,0,0,0
72727661,980000,2202001,20220201,1030,,28402,US 119 N,,,,,,,,Y,N,NULL,NULL,NULL,N,NULL,NULL,NULL,NULL,NULL,NULL,NULL,NULL,NULL,NULL,NULL,NULL,NULL,1,0,2,2,N,N,15,NULL,98,9812,0.2,N,N,37.65821,37,39.493,NULL,-82.27081,82,16.249,NULL,N,NULL,NULL,NULL,NULL,NULL,NULL,NULL,NULL,2,97,2,6,1,1,2,2,1,3,N,NULL,Y,Y,1030,1033,1125,N,NULL,90,,,N,,N,N,,NULL,NULL,2022,B,7.27277E+11,098-US-0119  -000,MEDIUM,098-US-0119  -000,24.169,0,0,0,1,0,0,1,0,0,1,0,0,0
72802264,980100,2.022E+11,20220901,1034,,,US119,,,US0119,US0119,0,098 US-119-10,US0119,N,N,NULL,NULL,NULL,N,NULL,NULL,NULL,NULL,NULL,NULL,2.685,NULL,NULL,NULL,NULL,,NULL,3,0,3,3,N,N,55,NULL,98,9801,NULL,,Y,37.5142,37,30.852,NULL,-82.48729,82,29.237,NULL,N,NULL,NULL,NULL,NULL,NULL,NULL,NULL,NULL,1,3,4,6,1,1,2,2,7,3,Y,NULL,Y,Y,1038,1038,1121,N,NULL,55,2,1,Y,,N,N,098-US-0119-10,NULL,NULL,2022,C,7.28023E+11,098-US-0119  -010,HIGH,098-US-0119  -000,2.685,0,0,0,0,0,0,0,0,1,0,0,0,0
72736388,980000,22-02-004,20220225,1431,,20,319 S,S,,,,,,,N,N,NULL,NULL,NULL,N,NULL,NULL,NULL,NULL,NULL,NULL,NULL,NULL,NULL,NULL,NULL,NULL,NULL,0,0,2,2,N,N,55,NULL,98,9852,1,N,N,37.63946,37,38.368,NULL,-82.25868,82,15.521,NULL,N,NULL,NULL,NULL,NULL,NULL,NULL,NULL,NULL,4,3,4,6,1,5,6,2,7,3,N,NULL,Y,Y,1432,1445,1455,N,NULL,70,,,N,,N,N,,NULL,NULL,2022,O,7.27364E+11,098-US-0119  -000,MEDIUM,098-US-0119  -000,22.58,0,0,0,1,0,0,1,1,0,0,0,0,0
72799191,KSP0900,22-333727,20220828,1800,,,KY1499,,,KY1499,KY1499,,,,N,N,NULL,NULL,NULL,N,NULL,NULL,NULL,NULL,NULL,NULL,1.457,NULL,NULL,NULL,NULL,,NULL,1,0,1,1,N,N,55,NULL,98,9839,NULL,,Y,37.39881,37,23.929,NULL,-82.25265,82,15.159,NULL,N,NULL,NULL,NULL,NULL,NULL,NULL,NULL,NULL,9,3,1,6,1,1,2,2,7,3,N,NULL,Y,Y,1907,1926,2012,N,NULL,40,7,0,Y,,N,N,,NULL,NULL,2022,C,7.27992E+11,098-KY-1499  -000,MEDIUM,098-KY-1499  -000,1.457,0,0,1,0,0,0,0,0,0,0,0,1,0
72802194,980100,2.022E+11,20220901,1801,,,US23,,,US0023,US0023,0,098 US-23,US0023,N,N,NULL,NULL,NULL,N,NULL,NULL,NULL,NULL,NULL,NULL,25.72,NULL,NULL,NULL,NULL,,NULL,1,0,4,4,N,N,55,NULL,98,9801,NULL,,Y,37.49567,37,29.74,NULL,-82.53117,82,31.87,NULL,N,NULL,NULL,NULL,NULL,NULL,NULL,NULL,NULL,5,3,4,6,1,1,2,2,7,3,Y,NULL,Y,Y,1801,1803,1842,N,NULL,49,,1,N,,N,N,098-US-0023-0,NULL,NULL,2022,B,7.28022E+11,098-US-0023  -000,HIGH,098-US-0023  -000,25.72,0,0,0,1,0,0,1,0,0,0,0,0,0
72874402,KSP0900,23-95201,20230311,2215,,,GREASY,,CRK,,,0,098 CR-1256,CR1256,N,N,NULL,NULL,NULL,N,NULL,NULL,NULL,NULL,NULL,NULL,1.039,NULL,NULL,NULL,NULL,,NULL,1,0,1,1,N,N,40,NULL,98,9841,NULL,,Y,37.36982,37,22.189,NULL,-82.48817,82,29.291,NULL,N,NULL,NULL,NULL,NULL,NULL,NULL,NULL,NULL,9,3,1,6,1,1,2,6,7,3,Y,NULL,N,Y,2215,2225,2300,N,NULL,44,,,N,,N,N,098-CR-1256-0,NULL,NULL,2023,C,7.28744E+11,098-CR-1256  -000,HIGH,098-CR-1256  -000,1.039,0,0,0,0,0,0,0,0,0,0,0,1,0
72876626,KSP0900,23-00103117,20230317,2046,,,KY1056,,,KY1056,KY1056,0,098 KY-1056,KY1056,N,N,NULL,NULL,NULL,N,NULL,NULL,NULL,NULL,NULL,NULL,7.107,NULL,NULL,NULL,NULL,,NULL,0,0,1,1,N,N,55,NULL,98,9863,NULL,,Y,37.57272,37,34.363,NULL,-82.18089,82,10.853,NULL,N,NULL,NULL,NULL,NULL,NULL,NULL,NULL,NULL,9,3,2,3,1,5,3,6,7,3,N,NULL,N,N,2046,2100,2100,N,NULL,44,7,0,N,,N,N,098-KY-1056-0,NULL,NULL,2023,O,7.28766E+11,098-KY-1056  -000,HIGH,098-KY-1056  -000,7.111,0,0,0,0,0,0,0,1,0,0,0,1,0
72837662,KSP0900,22-457308,20221129,1610,,,SIX CAMP,,RD,,,0,098 CR-1568,CR1568,N,N,NULL,NULL,NULL,N,NULL,NULL,NULL,NULL,NULL,NULL,0.085,NULL,NULL,NULL,NULL,,NULL,0,0,2,2,N,N,25,NULL,98,9851,NULL,,Y,37.53854,37,32.312,NULL,-82.2542,82,15.252,NULL,N,NULL,NULL,NULL,NULL,NULL,NULL,NULL,NULL,2,97,1,6,1,1,2,2,7,3,N,NULL,N,N,1607,1625,1625,N,NULL,47,,,N,,N,N,098-CR-1568-0,NULL,NULL,2022,O,7.28377E+11,098-CR-1568  -000,HIGH,098-CR-1568  -000,0.085,0,0,0,0,0,0,0,0,0,0,0,0,0
72816908,KSP0900,22-397527,20221015,316,,,SMITH FORK,,RD,KY3419,KY3419,0,098 KY-3419,KY3419,N,N,NULL,NULL,NULL,N,NULL,NULL,NULL,NULL,NULL,NULL,1.876,NULL,NULL,NULL,NULL,,NULL,0,0,1,1,N,N,55,NULL,98,9804,NULL,,Y,37.45741,37,27.444,NULL,-82.18574,82,11.144,NULL,N,NULL,NULL,NULL,NULL,NULL,NULL,NULL,NULL,9,3,2,1,1,1,2,6,7,3,N,NULL,Y,N,357,505,630,Y,NULL,40,9,0,N,,N,N,098-KY-3419-0,NULL,NULL,2022,O,7.28169E+11,098-KY-3419  -000,HIGH,098-KY-3419  -000,1.876,0,1,0,0,0,0,0,0,0,0,0,1,0
72814820,KSP0900,22-383903,20221004,1550,,,KY3174,,,KY3174,KY3174,0,098 KY-3174,KY3174,N,N,NULL,NULL,NULL,N,NULL,NULL,NULL,NULL,NULL,NULL,5.403,NULL,NULL,NULL,NULL,,NULL,0,0,1,1,N,N,55,NULL,98,9801,NULL,,Y,37.35898,37,21.539,NULL,-82.45389,82,27.233,NULL,N,NULL,NULL,NULL,NULL,NULL,NULL,NULL,NULL,9,3,4,6,1,1,2,2,2,3,N,NULL,N,N,1547,1600,1630,N,NULL,70,,0,N,,N,N,098-KY-3174-0,NULL,NULL,2022,O,7.28148E+11,098-KY-3174  -000,HIGH,098-KY-3174  -000,5.403,0,0,0,0,0,0,1,0,0,0,0,1,0
72800093,KSP0900,22-328908,20220825,1209,,,KY611,,,KY0611,KY0611,0,098 KY-611,KY0611,N,N,NULL,NULL,NULL,N,NULL,NULL,NULL,NULL,NULL,NULL,0.925,NULL,NULL,NULL,NULL,,NULL,0,0,2,2,N,N,35,NULL,98,9864,NULL,,Y,37.32192,37,19.315,NULL,-82.47902,82,28.741,NULL,N,NULL,NULL,NULL,NULL,NULL,NULL,NULL,NULL,3,3,2,1,1,1,2,2,7,3,N,NULL,N,N,1209,1215,1220,N,NULL,52,8,0,N,,N,N,098-KY-0611-0,NULL,NULL,2022,O,7.28001E+11,098-KY-0611  -000,HIGH,098-KY-0611  -000,0.925,0,0,0,1,0,0,0,0,0,0,0,1,0
72803611,KSP0900,22-351644,20220910,1146,,,KY195,,,KY0195,KY0195,0,098 KY-195,KY0195,N,N,NULL,NULL,NULL,N,NULL,NULL,NULL,NULL,NULL,NULL,10.522,NULL,NULL,NULL,NULL,,NULL,0,0,1,1,N,N,35,NULL,98,9830,NULL,,Y,37.35709,37,21.425,NULL,-82.42178,82,25.307,NULL,N,NULL,NULL,NULL,NULL,NULL,NULL,NULL,NULL,9,3,2,3,1,5,6,2,6,3,N,NULL,Y,N,1107,1138,1154,N,NULL,40,7,0,Y,,N,N,098-KY-0195-0,NULL,NULL,2022,O,7.28036E+11,098-KY-0195  -000,HIGH,098-KY-0195  -000,10.522,0,0,0,1,0,0,0,0,0,0,0,1,0
72809742,980100,2.022E+11,20220927,1024,,,2ND,,ST,,,0,098 CS-1117,CS1117,N,N,NULL,NULL,NULL,N,NULL,NULL,NULL,NULL,NULL,NULL,0.025,NULL,NULL,NULL,NULL,,NULL,0,0,2,2,N,Y,15,NULL,98,9801,NULL,,Y,37.48321,37,28.993,NULL,-82.51585,82,30.951,NULL,N,NULL,NULL,NULL,NULL,NULL,NULL,NULL,NULL,1,5,1,6,1,1,2,2,1,3,N,NULL,Y,N,1025,1031,1031,N,NULL,47,,,N,,N,N,098-CS-1117-0,NULL,NULL,2022,O,7.28097E+11,098-CS-1117  -000,HIGH,098-CS-1117  -000,0.025,0,0,0,0,0,0,0,0,0,0,0,0,0
72801377,980100,2.022E+11,20220831,1941,,,BYPASS,S,RD,KY1426,KY1426,0,098 KY-1426,KY1426,Y,N,NULL,NULL,NULL,N,NULL,NULL,NULL,NULL,NULL,NULL,5.689,NULL,NULL,NULL,NULL,,NULL,0,0,2,2,Y,N,15,NULL,98,9801,NULL,,Y,37.47301,37,28.381,NULL,-82.52255,82,31.353,NULL,N,NULL,NULL,NULL,NULL,NULL,NULL,NULL,NULL,8,7,2,6,1,1,2,2,1,3,N,NULL,Y,N,1941,2003,2003,N,NULL,90,,0,N,,N,N,098-KY-1426-0,NULL,NULL,2022,NULL,7.28014E+11,098-KY-1426  -000,HIGH,098-KY-1426  -000,5.689,0,0,0,0,0,0,0,0,0,0,0,0,0
72833085,KSP0900,22-448323,20221122,1658,,,KY122,,,KY0122,KY0122,0,098 KY-122,KY0122,N,N,NULL,NULL,NULL,N,NULL,NULL,NULL,NULL,NULL,NULL,7.168,NULL,NULL,NULL,NULL,,NULL,0,0,1,1,N,N,55,NULL,98,9823,NULL,,Y,37.37351,37,22.411,NULL,-82.58458,82,35.075,NULL,N,NULL,NULL,NULL,NULL,NULL,NULL,NULL,NULL,9,3,2,3,1,1,2,3,7,3,N,NULL,Y,N,1658,1730,1800,N,NULL,44,,0,N,,N,N,098-KY-0122-0,NULL,NULL,2022,O,7.28331E+11,098-KY-0122  -000,HIGH,098-KY-0122  -000,7.168,0,0,0,0,0,0,0,0,0,0,0,1,0
72863906,980100,2.023E+11,20230209,825,,,HAMBLEY,,BLVD,,,0,098 CS-1222,CS1222,N,N,NULL,NULL,NULL,N,NULL,NULL,NULL,NULL,NULL,NULL,0.383,NULL,NULL,NULL,NULL,,NULL,0,0,2,2,N,N,25,NULL,98,9801,NULL,,Y,37.4771,37,28.626,NULL,-82.5217,82,31.302,NULL,N,NULL,NULL,NULL,NULL,NULL,NULL,NULL,NULL,5,3,3,6,1,1,2,2,7,3,N,NULL,Y,N,825,827,828,N,NULL,49,,,N,,N,N,098-CS-1222-0,NULL,NULL,2023,O,7.28639E+11,098-CS-1222  -000,HIGH,098-CS-1222  -000,0.383,0,0,0,0,0,0,1,0,0,0,0,0,0
72876652,980100,2.023E+11,20230317,1659,,215,CASSIDY,,BLVD,,,0,098 CS-1191,CS1191,Y,N,NULL,NULL,NULL,N,NULL,NULL,NULL,NULL,NULL,NULL,0.25,NULL,NULL,NULL,NULL,,NULL,0,0,2,2,N,N,15,NULL,98,9801,NULL,,Y,37.50452,37,30.271,NULL,-82.53594,82,32.157,NULL,N,NULL,NULL,NULL,NULL,NULL,NULL,NULL,NULL,2,97,2,6,1,5,3,2,5,3,N,NULL,Y,N,1659,1708,1710,N,NULL,90,,,N,,N,N,098-CS-1191-0,NULL,NULL,2023,O,7.28767E+11,098-CS-1191  -000,HIGH,098-CS-1191  -000,0.232,0,0,1,0,0,0,1,0,0,0,0,0,0
72823672,980100,2.022E+11,20221101,1605,,15,MAYO,S,TRL,US0023,US0023,0,098 US-23-10,US0023,Y,N,NULL,NULL,NULL,N,NULL,NULL,NULL,NULL,NULL,NULL,NULL,NULL,NULL,NULL,NULL,NULL,NULL,0,0,2,2,N,N,15,NULL,98,9801,NULL,,Y,37.44511,37,26.706,NULL,-82.50478,82,30.286,NULL,N,NULL,NULL,NULL,NULL,NULL,NULL,NULL,NULL,2,97,NULL,6,1,1,3,2,1,3,N,NULL,Y,N,1608,1618,,N,NULL,90,,1,N,,N,N,098-US-0023-10,NULL,NULL,2022,O,7.28237E+11,098-US-0023  -010,HIGH,098-US-0023  -000,19.289,0,0,0,1,0,0,1,0,0,0,0,0,0
72775165,KSP0900,22-232969,20220620,1652,,,PETER FORK,,RD,,,0,098 CR-1527,CR1527,N,N,NULL,NULL,NULL,N,NULL,NULL,NULL,NULL,NULL,NULL,1.126,NULL,NULL,NULL,NULL,,NULL,0,0,1,1,N,N,35,NULL,98,9863,NULL,,Y,37.5779,37,34.674,NULL,-82.16673,82,10.003,NULL,N,NULL,NULL,NULL,NULL,NULL,NULL,NULL,NULL,9,3,2,4,1,1,2,2,7,3,N,NULL,Y,N,1655,1719,1719,N,NULL,70,,,N,,N,N,098-CR-1527-0,NULL,NULL,2022,O,7.27752E+11,098-CR-1527  -000,HIGH,098-CR-1527  -000,1.126,0,0,0,0,0,0,1,0,0,0,0,1,0
72819562,KSP0900,22-405438,20221021,1158,,,KY122,,,KY0122,KY0122,0,098 KY-122,KY0122,N,N,NULL,NULL,NULL,N,NULL,NULL,NULL,NULL,NULL,NULL,3.839,NULL,NULL,NULL,NULL,,NULL,0,0,2,2,N,N,55,NULL,98,9827,NULL,,Y,37.3392,37,20.352,NULL,-82.60931,82,36.559,NULL,N,NULL,NULL,NULL,NULL,NULL,NULL,NULL,NULL,2,3,2,6,1,1,2,2,7,3,N,NULL,N,N,1158,1219,1300,N,NULL,56,,0,N,,N,N,098-KY-0122-0,NULL,NULL,2022,O,7.28196E+11,098-KY-0122  -000,HIGH,098-KY-0122  -000,3.839,0,0,0,0,0,0,0,0,0,0,0,0,0
72785318,KSP0900,22-267200,20220714,724,,,KY1426,,,KY1426,KY1426,0,098 KY-1426,KY1426,N,N,NULL,NULL,NULL,N,NULL,NULL,NULL,NULL,NULL,NULL,11.9,NULL,NULL,NULL,NULL,,NULL,2,0,2,2,N,N,55,NULL,98,9828,NULL,,Y,37.53493,37,32.096,NULL,-82.46591,82,27.955,NULL,N,NULL,NULL,NULL,NULL,NULL,NULL,NULL,NULL,1,3,2,3,1,1,2,2,7,3,Y,NULL,Y,N,724,813,845,N,NULL,55,7,0,N,,N,N,098-KY-1426-0,NULL,NULL,2022,B,7.27853E+11,098-KY-1426  -000,HIGH,098-KY-1426  -000,11.9,0,0,0,0,0,0,1,1,0,0,0,0,0
72742925,KSP0900,22-94410,20220315,1247,,137,KY1499,,,KY1499,KY1499,0,098 KY-1499,KY1499,Y,N,NULL,NULL,NULL,N,NULL,NULL,NULL,NULL,NULL,NULL,0.397,NULL,NULL,NULL,NULL,,NULL,0,0,2,2,N,N,55,NULL,98,9847,NULL,,Y,37.38782,37,23.269,NULL,-82.25735,82,15.441,NULL,N,NULL,NULL,NULL,NULL,NULL,NULL,NULL,NULL,2,97,2,4,1,1,2,2,1,3,N,NULL,Y,N,1248,1314,,N,NULL,90,7,0,N,,N,N,098-KY-1499-0,NULL,NULL,2022,O,7.27429E+11,098-KY-1499  -000,HIGH,098-KY-1499  -000,0.397,0,0,0,1,0,0,1,0,0,0,0,0,0