MasterFile,AgencyORINumber,LocalCode,CollisionDate,CollisionTime,CollisionDayWeekCode,RoadwayName_HouseBusinessNumber_,RoadwayName_RoadwayName_,RoadwayName_Direction_,RoadwayName_RoadwaySuffix_,RoadwayfromReport,CurrentRoadwayNumber,RoadwayNumberCoupletID,RSEUniqueGIS,RoadwayIdentifier,ParkingLotIndicator,IntersectionWith_Indicator_,IntersectionWith_NameRoadway_,IntersectionWith_Direction_,IntersectionWith_RoadwaySuffix_,BetweenStreets_Indicator_,BetweenStreets1_NameRoadway_,BetweenStreet1_Direction_,BetweenStreets1_RoadwaySuffix_,BetweenStreets2_NameRoadway_,BetweenStreets2_Direction_,BetweenStreets2_RoadwaySuffix_,Milepoint,ReportMilepointDeriveNumber,CurrentDerivedMiepointNumber,MilestoMilepoint,FeettoMilepoint,DirectionfromMilepoint_NSEW_,ValidMilepointIndicator,NumberInjured,NumberKilled,ofUnits,ofMotorVehicleUnits,Hit&RunIndicator,OneWayIndicator,SpeedLimitNumber,KilometersIndicator,CountyCode,CityCountyCode,MilesFromCity,DirectionFromCity_NSEW_,InCityLimitsIndicator,Latitude,LatitudeDegrees,LatitudeMinutes,LatitudeSeconds,Longitude,LongitudeDegrees,LongitudeMinutes,LongitudeSeconds,RampIndicator,RampFromIdentifier,RampFromDirCode,RampFromCoupletID,RSEUniqueGISRampFrom,RampToidentifier,RampToDirCode,RampToCoupletID,RSEUniqueGisRampTo,MannerofCollisionCode,LocationFirstEventCode,TotalLanes,RoadwayCharacterCode,RoadwaySurfaceCode,RoadwayConditionCode,WeatherCode,LightConditionCode,LandUseCode,SchoolBusRelatedCode,FirstAidSceneIndicator,CollDescPresentInd,InvestigationCompleteIndicator,PhotosTakenIndicator,TimeNotified,TimeArrived,TimeRoadwayOpened,PropertyDamageIndicator,DiagramPresentIndicator,DirectionalAnalysis,FunctionClassCode,NationalHwySysCode,EnforcementsIndicator,KARSCityCode,SecondaryCollisionIndicator,MedianCrossoverIndicator,RT_UNIQUE,MapIt,TimeLastLeft,YR,KABCO,MFNY,WorkingRID,RT_CONFIDENCE,KTC_RT,KTC_MP,Motorcyclist,CommercialVehicle,YoungDriver,MatureDriver,pedestrian,Bicyclist,Distracted,agressive,Impaired,Unrestrained,Intersection,RoadwayDeparture,MedXover
72748002,KSP0900,2022-117950,20220401,1633,,,GRAPEVINE,,RD,KY0194,KY0194,0,098 KY-194,KY0194,N,N,NULL,NULL,NULL,N,NULL,NULL,NULL,NULL,NULL,NULL,31.582,NULL,NULL,NULL,NULL,,NULL,1,0,2,2,N,N,55,NULL,98,9849,NULL,,Y,37.43352,37,26.011,NULL,-82.35934,82,21.561,NULL,N,NULL,NULL,NULL,NULL,NULL,NULL,NULL,NULL,7,3,2,2,1,1,2,2,7,3,Y,NULL,Y,Y,1633,1656,1727,N,NULL,54,7,0,N,,N,N,098-KY-0194-0,NULL,NULL,2022,B,7.2748E+11,098-KY-0194  -000,HIGH,098-KY-0194  -000,31.582,0,0,0,0,0,0,0,0,0,0,0,1,0
72771669,980100,2.022E+11,20220606,2215,,113,HONEYSUCKLE,,DR,,,0,098 CS-1036,CS1036,N,N,NULL,NULL,NULL,N,NULL,NULL,NULL,NULL,NULL,NULL,0.075,NULL,NULL,NULL,NULL,,NULL,0,0,1,1,N,N,15,NULL,98,9801,NULL,,Y,37.47501,37,28.5,NULL,-82.55244,82,33.146,NULL,N,NULL,NULL,NULL,NULL,NULL,NULL,NULL,NULL,9,97,1,6,1,1,2,6,6,3,N,NULL,Y,N,2215,2220,2220,Y,NULL,40,,,N,,N,N,098-CS-1036-0,NULL,NULL,2022,O,7.27717E+11,098-CS-1036  -000,HIGH,098-CS-1036  -000,0.075,0,0,0,1,0,0,1,0,0,0,0,1,0
72780624,KSP0900,22-248993,20220701,1700,,,US460,,,US0460,US0460,0,098 US-460,US0460,N,N,NULL,NULL,NULL,N,NULL,NULL,NULL,NULL,NULL,NULL,4.893,NULL,NULL,NULL,NULL,,NULL,1,0,2,2,N,N,55,NULL,98,9805,NULL,,Y,37.41225,37,24.735,NULL,-82.45026,82,27.016,NULL,N,NULL,NULL,NULL,NULL,NULL,NULL,NULL,NULL,5,3,2,6,1,1,2,2,7,3,N,NULL,Y,Y,1700,1700,1730,N,NULL,40,,1,N,,N,N,098-US-0460-0,NULL,NULL,2022,C,7.27806E+11,098-US-0460  -000,HIGH,098-US-0460  -000,4.893,0,0,1,0,0,0,1,0,0,0,0,1,0
72722442,980100,2.022E+11,20220119,1845,,,US23,,,US0023,US0023,,,,N,Y,MAYO,,CIR,N,NULL,NULL,NULL,NULL,NULL,NULL,22.29,NULL,NULL,NULL,NULL,,NULL,0,0,2,2,N,N,55,NULL,98,9801,NULL,,Y,37.46134,37,27.68,NULL,-82.51697,82,31.018,NULL,N,NULL,NULL,NULL,NULL,NULL,NULL,NULL,NULL,4,3,4,3,1,5,6,6,7,3,N,NULL,Y,N,1845,1851,1851,N,NULL,16,,1,N,,N,N,,NULL,NULL,2022,O,7.27224E+11,098-US-0023  -010,MEDIUM,098-US-0023  -000,22.29,0,0,0,1,0,0,1,1,0,0,1,0,0
72719539,980100,2.022E+11,20220104,835,,,US23,,,US0023,US0023,,,,N,N,NULL,NULL,NULL,N,NULL,NULL,NULL,NULL,NULL,NULL,27.246,NULL,NULL,NULL,NULL,,NULL,0,0,1,1,N,N,55,NULL,98,9801,NULL,,Y,37.51052,37,30.631,NULL,-82.54617,82,32.77,NULL,N,NULL,NULL,NULL,NULL,NULL,NULL,NULL,NULL,9,5,4,6,1,1,3,2,7,3,N,NULL,Y,N,836,840,,N,NULL,51,,1,N,,N,N,,NULL,NULL,2022,O,7.27195E+11,098-US-0023  -000,MEDIUM,098-US-0023  -000,27.246,0,0,0,0,0,0,0,0,0,0,0,1,0
72769946,KSP0900,22-210956,20220605,2204,,,KY195,,,KY0195,KY0195,0,098 KY-195,KY0195,N,N,NULL,NULL,NULL,N,NULL,NULL,NULL,NULL,NULL,NULL,6.935,NULL,NULL,NULL,NULL,,NULL,0,0,1,1,N,N,55,NULL,98,9802,NULL,,Y,37.32864,37,19.718,NULL,-82.45248,82,27.149,NULL,N,NULL,NULL,NULL,NULL,NULL,NULL,NULL,NULL,9,5,2,3,1,1,2,6,6,3,N,NULL,Y,N,2207,2227,2246,Y,NULL,40,7,0,Y,,N,N,098-KY-0195-0,NULL,NULL,2022,O,7.27699E+11,098-KY-0195  -000,HIGH,098-KY-0195  -000,6.935,0,0,0,0,0,0,0,0,1,0,0,1,0
72777214,KSP0900,22-242601,20220627,808,,,KY194,,,KY0194,KY0194,0,098 KY-194,KY0194,N,N,NULL,NULL,NULL,N,NULL,NULL,NULL,NULL,NULL,NULL,22.831,NULL,NULL,NULL,NULL,,NULL,0,0,1,1,N,N,55,NULL,98,9817,NULL,,Y,37.53892,37,32.335,NULL,-82.37345,82,22.407,NULL,N,NULL,NULL,NULL,NULL,NULL,NULL,NULL,NULL,9,3,2,3,1,5,6,2,7,3,N,NULL,Y,N,810,839,925,N,NULL,40,6,0,N,,N,N,098-KY-0194-0,NULL,NULL,2022,O,7.27772E+11,098-KY-0194  -000,HIGH,098-KY-0194  -000,22.831,0,0,1,0,0,0,0,0,0,0,0,1,0
72645404,KSP0900,21-283179,20210709,714,,,DORTON-JENKINS,,HWY,KY0805,KY0805,0,098 KY-805,KY0805,N,N,NULL,NULL,NULL,N,NULL,NULL,NULL,NULL,NULL,NULL,4.452,NULL,NULL,NULL,NULL,,NULL,1,0,1,1,N,N,35,NULL,98,9809,NULL,,Y,37.2513,37,15.078,NULL,-82.56268,82,33.761,NULL,N,NULL,NULL,NULL,NULL,NULL,NULL,NULL,NULL,9,4,2,3,1,6,6,1,7,3,Y,NULL,Y,N,714,800,800,N,NULL,40,7,0,N,,N,N,098-KY-0805-0,NULL,NULL,2021,B,7.26454E+11,098-KY-0805  -000,HIGH,098-KY-0805  -000,4.452,0,0,0,0,0,0,0,1,0,0,0,1,0
72808282,980100,2.022E+11,20220921,1108,,805,HAMBLEY,,BLVD,,,0,098 CS-1222,CS1222,Y,N,NULL,NULL,NULL,N,NULL,NULL,NULL,NULL,NULL,NULL,0.497,NULL,NULL,NULL,NULL,,NULL,0,0,2,2,Y,N,NULL,NULL,98,9801,NULL,,Y,37.47839,37,28.703,NULL,-82.52041,82,31.224,NULL,N,NULL,NULL,NULL,NULL,NULL,NULL,NULL,NULL,1,97,1,6,2,1,2,2,1,3,N,NULL,Y,N,1108,1116,1116,N,NULL,90,,,Y,,N,N,098-CS-1222-0,NULL,NULL,2022,O,7.28083E+11,098-CS-1222  -000,HIGH,098-CS-1222  -000,0.497,0,0,0,0,0,0,0,0,0,0,0,0,0
72825204,KSP0900,22-417882,20221030,1544,,,KY3418,,,KY3418,KY3418,0,098 KY-3418,KY3418,N,N,NULL,NULL,NULL,N,NULL,NULL,NULL,NULL,NULL,NULL,0.858,NULL,NULL,NULL,NULL,,NULL,3,0,2,2,N,N,55,NULL,98,9849,NULL,,Y,37.46357,37,27.814,NULL,-82.36244,82,21.746,NULL,N,NULL,NULL,NULL,NULL,NULL,NULL,NULL,NULL,7,3,2,3,1,1,3,2,7,3,Y,NULL,Y,Y,1545,1602,1645,N,NULL,54,9,0,N,,N,N,098-KY-3418-0,NULL,NULL,2022,B,7.28252E+11,098-KY-3418  -000,HIGH,098-KY-3418  -000,0.858,0,0,0,0,0,0,1,0,0,0,0,1,0
72715970,KSP0900,21-529170,20211230,1715,,,FISHTRAP,,RD,KY1441,KY1441,0,098 KY-1441,KY1441,N,N,NULL,NULL,NULL,N,NULL,NULL,NULL,NULL,NULL,NULL,10.713,NULL,NULL,NULL,NULL,,NULL,2,0,2,2,N,N,45,NULL,98,9828,NULL,,Y,37.52445,37,31.467,NULL,-82.45677,82,27.406,NULL,N,NULL,NULL,NULL,NULL,NULL,NULL,NULL,NULL,3,3,2,6,1,1,2,6,7,3,Y,NULL,Y,Y,1715,1752,1800,N,NULL,52,8,0,N,,N,N,098-KY-1441-0,NULL,NULL,2021,C,7.2716E+11,098-KY-1441  -000,HIGH,098-KY-1441  -000,10.713,0,0,0,0,0,0,0,0,0,0,0,1,0
72806547,KSP0900,22-361598,20220917,1848,,,LITTLE,,CRK,,,,,,N,N,NULL,NULL,NULL,N,NULL,NULL,NULL,NULL,NULL,NULL,0.264,NULL,NULL,NULL,NULL,,NULL,1,0,2,2,N,N,35,NULL,98,9801,NULL,,Y,37.39006,37,23.403,NULL,-82.51929,82,31.157,NULL,N,NULL,NULL,NULL,NULL,NULL,NULL,NULL,NULL,8,3,1,6,1,1,2,2,7,3,N,NULL,Y,Y,1848,1901,1940,N,NULL,47,,,N,,N,N,,NULL,NULL,2022,C,7.28065E+11,098-CR-1276  -000,MEDIUM,098-CR-1276  -000,0.264,0,0,0,0,0,0,0,0,0,0,0,1,0
72710667,KSP0900,21-512784,20211217,1617,,,RATLIFF CREEK,,RD,,,0,098 CR-1484,CR1484,N,N,NULL,NULL,NULL,N,NULL,NULL,NULL,NULL,NULL,NULL,0.322,NULL,NULL,NULL,NULL,,NULL,0,0,2,2,N,N,20,NULL,98,9801,NULL,,Y,37.49789,37,29.873,NULL,-82.52583,82,31.55,NULL,N,NULL,NULL,NULL,NULL,NULL,NULL,NULL,NULL,3,3,1,4,1,5,6,2,7,3,N,NULL,Y,N,1617,1634,1730,N,NULL,52,,,N,,N,N,098-CR-1484-0,NULL,NULL,2021,O,7.27107E+11,098-CR-1484  -000,HIGH,098-CR-1484  -000,0.322,0,0,1,0,0,0,1,0,0,0,0,1,0
72698899,KSP0900,21-472299,20211118,1645,,,US119,,,US0119,US0119,0,098 US-119,US0119,N,N,NULL,NULL,NULL,N,NULL,NULL,NULL,NULL,NULL,NULL,21.968,NULL,NULL,NULL,NULL,,NULL,0,0,2,2,N,N,55,NULL,98,9836,NULL,,Y,37.63309,37,37.986,NULL,-82.26208,82,15.725,NULL,N,NULL,NULL,NULL,NULL,NULL,NULL,NULL,NULL,1,3,2,6,1,5,3,2,7,3,N,NULL,Y,N,1645,1645,1645,N,NULL,40,2,1,N,,N,N,098-US-0119-0,NULL,NULL,2021,O,7.26989E+11,098-US-0119  -000,HIGH,098-US-0119  -000,21.968,0,0,0,1,0,0,1,0,0,1,0,1,0
72713697,KSP0900,21-517738,20211221,1346,,,US119,,,US0119,US0119,0,098 US-119-10,US0119,N,N,NULL,NULL,NULL,N,NULL,NULL,NULL,NULL,NULL,NULL,0.194,NULL,NULL,NULL,NULL,,NULL,0,0,2,2,N,N,55,NULL,98,9801,NULL,,Y,37.50459,37,30.276,NULL,-82.52872,82,31.723,NULL,N,NULL,NULL,NULL,NULL,NULL,NULL,NULL,NULL,5,7,2,6,1,1,2,2,7,3,N,NULL,Y,N,1346,1432,1432,N,NULL,47,2,1,N,,N,N,098-US-0119-10,NULL,NULL,2021,O,7.27137E+11,098-US-0119  -010,HIGH,098-US-0119  -000,0.194,0,0,0,1,0,0,1,0,0,0,0,0,0
72781928,980100,2.022E+11,20220711,220,,,HAMBLEY,,BLVD,,,0,098 CS-1222,CS1222,Y,N,NULL,NULL,NULL,N,NULL,NULL,NULL,NULL,NULL,NULL,0.662,NULL,NULL,NULL,NULL,,NULL,0,0,4,4,N,N,15,NULL,98,9801,NULL,,Y,37.4805,37,28.83,NULL,-82.51904,82,31.143,NULL,N,NULL,NULL,NULL,NULL,NULL,NULL,NULL,NULL,1,97,1,6,1,1,2,5,6,3,N,NULL,Y,N,220,228,228,N,NULL,90,,,Y,,N,N,098-CS-1222-0,NULL,NULL,2022,O,7.27819E+11,098-CS-1222  -000,HIGH,098-CS-1222  -000,0.662,0,0,0,0,0,0,0,0,1,0,0,0,0
72775138,KSP0900,22-227493,20220617,301,,,KY194,,,KY0194,KY0194,0,098 KY-194,KY0194,N,N,NULL,NULL,NULL,N,NULL,NULL,NULL,NULL,NULL,NULL,18.395,NULL,NULL,NULL,NULL,,NULL,1,0,1,1,N,N,55,NULL,98,9804,NULL,,Y,37.5586,37,33.516,NULL,-82.4217,82,25.302,NULL,N,NULL,NULL,NULL,NULL,NULL,NULL,NULL,NULL,9,3,2,2,1,1,2,4,7,3,N,NULL,Y,Y,301,301,320,N,NULL,44,6,5,N,,N,N,098-KY-0194-0,NULL,NULL,2022,C,7.27751E+11,098-KY-0194  -000,HIGH,098-KY-0194  -000,18.395,0,0,0,0,0,0,0,0,0,0,0,1,0
72769690,980500,2022AR025,20220606,1315,,255,CHURCH STREET,,ST,,,0,098 CS-3002,CS3002,Y,N,NULL,NULL,NULL,N,NULL,NULL,NULL,NULL,NULL,NULL,NULL,NULL,NULL,NULL,NULL,NULL,NULL,0,0,2,2,N,N,10,NULL,98,9807,NULL,,Y,37.51751,37,31.05,NULL,-82.56645,82,33.987,NULL,N,NULL,NULL,NULL,NULL,NULL,NULL,NULL,NULL,2,97,2,6,1,1,2,2,1,3,N,NULL,Y,Y,1320,1321,1321,N,NULL,90,,,N,,N,N,098-CS-3002-0,NULL,NULL,2022,O,7.27697E+11,098-CS-3002  -000,HIGH,098-CS-3002  -000,0.235,0,0,0,1,0,0,1,0,0,0,0,0,0
72785823,980100,2.022E+11,20220722,1538,,,MAYO,N,TRL,US0023,US0023,,,,N,N,NULL,NULL,NULL,N,NULL,NULL,NULL,NULL,NULL,NULL,27.321,NULL,NULL,NULL,NULL,,NULL,0,0,2,2,N,N,55,NULL,98,9801,NULL,,Y,37.51072,37,30.643,NULL,-82.54767,82,32.86,NULL,N,NULL,NULL,NULL,NULL,NULL,NULL,NULL,NULL,5,3,6,6,1,1,2,2,1,3,N,NULL,Y,N,1538,1544,1544,N,NULL,49,,1,N,,N,N,,NULL,NULL,2022,O,7.27858E+11,098-US-0023  -000,MEDIUM,098-US-0023  -000,27.321,0,0,0,0,0,0,1,0,0,0,0,0,0
72778498,980500,2022AR031,20220701,1300,,,US23 NORTH,,,US0023,US0023,0,098 US-23-10,US0023,N,N,NULL,NULL,NULL,N,NULL,NULL,NULL,NULL,NULL,NULL,NULL,NULL,NULL,NULL,NULL,NULL,NULL,0,0,3,3,N,N,45,NULL,98,9807,NULL,,Y,37.5192,37,31.152,NULL,-82.56647,82,33.988,NULL,N,NULL,NULL,NULL,NULL,NULL,NULL,NULL,NULL,5,3,6,6,1,1,2,2,7,3,N,NULL,Y,Y,1300,1302,1304,N,NULL,49,,1,N,,N,N,098-US-0023-10,NULL,NULL,2022,O,7.27785E+11,098-US-0023  -010,HIGH,098-US-0023  -000,28.54,0,0,1,0,0,0,1,1,0,0,0,0,0
72779017,KSP0900,22-250740,20220702,1908,,,BIG CREEK,,RD,KY0468,KY0468,0,098 KY-468,KY0468,N,N,NULL,NULL,NULL,N,NULL,NULL,NULL,NULL,NULL,NULL,4.401,NULL,NULL,NULL,NULL,,NULL,0,0,1,1,N,N,55,NULL,98,9833,NULL,,Y,37.6693,37,40.158,NULL,-82.37818,82,22.691,NULL,N,NULL,NULL,NULL,NULL,NULL,NULL,NULL,NULL,9,5,2,6,1,5,6,2,7,3,N,NULL,Y,N,1908,1930,1930,N,NULL,51,8,0,N,,N,N,098-KY-0468-0,NULL,NULL,2022,O,7.2779E+11,098-KY-0468  -000,HIGH,098-KY-0468  -000,4.401,0,0,0,0,0,0,0,0,0,0,0,1,0
72787206,KSP0900,22-265293,20220712,1804,,,KY292,,,KY0292,KY0292,0,098 KY-292,KY0292,N,N,NULL,NULL,NULL,N,NULL,NULL,NULL,NULL,NULL,NULL,2.862,NULL,NULL,NULL,NULL,,NULL,0,0,1,1,N,N,45,NULL,98,9869,NULL,,Y,37.65915,37,39.549,NULL,-82.23786,82,14.272,NULL,N,NULL,NULL,NULL,NULL,NULL,NULL,NULL,NULL,9,3,2,3,1,5,6,2,7,3,Y,NULL,N,Y,1804,1830,1845,N,NULL,40,8,0,N,,N,N,098-KY-0292-0,NULL,NULL,2022,O,7.27872E+11,098-KY-0292  -000,HIGH,098-KY-0292  -000,2.862,0,0,0,0,0,0,0,0,0,0,0,1,0
72791688,KSP0900,22-300308,20220804,625,,,US119,,,US0119,US0119,0,098 US-119,US0119,Y,N,NULL,NULL,NULL,N,NULL,NULL,NULL,NULL,NULL,NULL,22.59,NULL,NULL,NULL,NULL,,NULL,0,0,2,2,N,N,5,NULL,98,9842,NULL,,Y,37.63961,37,38.377,NULL,-82.25846,82,15.507,NULL,N,NULL,NULL,NULL,NULL,NULL,NULL,NULL,NULL,2,97,1,5,1,1,2,2,7,3,N,NULL,N,N,1825,1901,1901,N,NULL,90,2,1,N,,N,N,098-US-0119-0,NULL,NULL,2022,O,7.27917E+11,098-US-0119  -000,HIGH,098-US-0119  -000,22.59,0,0,1,0,0,0,0,0,0,0,0,0,0
72779890,KSP0900,22-255415,20220705,2058,,,ASHCAMP,,RD,KY0195,KY0195,0,098 KY-195,KY0195,N,N,NULL,NULL,NULL,N,NULL,NULL,NULL,NULL,NULL,NULL,0.612,NULL,NULL,NULL,NULL,,NULL,0,0,1,1,N,N,55,NULL,98,9864,NULL,,Y,37.27302,37,16.381,NULL,-82.43987,82,26.392,NULL,N,NULL,NULL,NULL,NULL,NULL,NULL,NULL,NULL,9,3,2,6,1,5,2,6,7,3,N,NULL,Y,N,2058,2130,2230,N,NULL,44,8,0,N,,N,N,098-KY-0195-0,NULL,NULL,2022,O,7.27799E+11,098-KY-0195  -000,HIGH,098-KY-0195  -000,0.612,0,0,1,0,0,0,0,0,0,0,0,1,0
72877304,980100,2.023E+11,20230316,1032,,190,CASSIDY,,BLVD,,,0,098 CS-1191,CS1191,Y,N,NULL,NULL,NULL,N,NULL,NULL,NULL,NULL,NULL,NULL,0.051,NULL,NULL,NULL,NULL,,NULL,0,0,2,2,N,N,NULL,NULL,98,9801,NULL,,Y,37.50369,37,30.221,NULL,-82.53299,82,31.979,NULL,N,NULL,NULL,NULL,NULL,NULL,NULL,NULL,NULL,1,97,2,6,1,1,2,2,1,3,N,NULL,Y,N,1032,1039,1040,N,NULL,90,,,N,,N,N,098-CS-1191-0,NULL,NULL,2023,O,7.28773E+11,098-CS-1191  -000,HIGH,098-CS-1191  -000,0.048,0,0,0,1,0,0,1,0,0,0,0,0,0
72842578,980100,2.022E+11,20221214,1041,,,US23,,,US0023,US0023,0,098 US-23,US0023,N,N,NULL,NULL,NULL,N,NULL,NULL,NULL,NULL,NULL,NULL,18.121,NULL,NULL,NULL,NULL,,NULL,3,0,2,2,N,N,55,NULL,98,9801,NULL,,Y,37.43062,37,25.837,NULL,-82.51485,82,30.891,NULL,N,NULL,NULL,NULL,NULL,NULL,NULL,NULL,NULL,1,3,4,6,1,5,6,2,7,3,Y,NULL,Y,Y,1050,1055,1132,N,NULL,55,,1,N,,N,N,098-US-0023-0,NULL,NULL,2022,C,7.28426E+11,098-US-0023  -000,HIGH,098-US-0023  -000,18.121,0,0,0,1,0,0,1,0,0,0,0,0,0
72848690,980100,2.022E+11,20221230,1240,,135,SAAD,,AVE,,,0,098 CS-1165,CS1165,Y,N,NULL,NULL,NULL,N,NULL,NULL,NULL,NULL,NULL,NULL,0.053,NULL,NULL,NULL,NULL,,NULL,0,0,2,2,N,N,NULL,NULL,98,9801,NULL,,Y,37.48266,37,28.96,NULL,-82.5202,82,31.212,NULL,N,NULL,NULL,NULL,NULL,NULL,NULL,NULL,NULL,2,97,1,6,1,1,2,2,6,3,N,NULL,Y,N,1240,1244,1244,N,NULL,90,,,N,,N,N,098-CS-1165-0,NULL,NULL,2022,O,7.28487E+11,098-CS-1165  -000,HIGH,098-CS-1165  -000,0.053,0,0,0,0,0,0,1,0,0,0,0,0,0
72833515,KSP0900,22-447173,20221121,1800,,,KY632,,,KY0632,KY0632,0,098 KY-632,KY0632,N,N,NULL,NULL,NULL,N,NULL,NULL,NULL,NULL,NULL,NULL,12.402,NULL,NULL,NULL,NULL,,NULL,0,0,1,1,N,N,55,NULL,98,9804,NULL,,Y,37.50018,37,30.011,NULL,-82.16858,82,10.115,NULL,N,NULL,NULL,NULL,NULL,NULL,NULL,NULL,NULL,9,3,2,3,1,1,2,6,7,3,N,NULL,Y,N,1800,1835,1835,N,NULL,38,6,0,N,,N,N,098-KY-0632-0,NULL,NULL,2022,O,7.28335E+11,098-KY-0632  -000,HIGH,098-KY-0632  -000,12.402,0,0,0,0,0,0,0,0,0,0,0,0,0
72766284,980100,2.022E+11,20220522,1328,,,THOMPSON,,RD,,,0,098 CS-1215,CS1215,Y,N,NULL,NULL,NULL,N,NULL,NULL,NULL,NULL,NULL,NULL,0.648,NULL,NULL,NULL,NULL,,NULL,0,0,2,2,N,N,NULL,NULL,98,9801,NULL,,Y,37.50527,37,30.316,NULL,-82.54118,82,32.47,NULL,N,NULL,NULL,NULL,NULL,NULL,NULL,NULL,NULL,2,97,NULL,6,1,1,2,2,1,3,N,NULL,Y,N,1328,1336,1336,N,NULL,90,,,N,,N,N,098-CS-1215-0,NULL,NULL,2022,O,7.27663E+11,098-CS-1215  -000,HIGH,098-CS-1215  -000,0.648,0,0,0,1,0,0,1,0,0,0,0,0,0
72844383,KSP0900,22-479593,20221216,1521,,,GOODY,,LOOP,,,0,098 PR-1024,PR1024,Y,N,NULL,NULL,NULL,N,NULL,NULL,NULL,NULL,NULL,NULL,0.009,NULL,NULL,NULL,NULL,,NULL,0,0,2,1,N,N,NULL,NULL,98,9834,NULL,,Y,37.66,37,39.6,NULL,-82.27312,82,16.387,NULL,N,NULL,NULL,NULL,NULL,NULL,NULL,NULL,NULL,8,97,NULL,6,1,1,2,2,1,3,N,NULL,Y,N,1521,1550,1550,N,NULL,90,,,N,,N,N,098-PR-1024-0,NULL,NULL,2022,O,7.28444E+11,098-PR-1024  -000,HIGH,098-PR-1024  -000,0.009,0,0,0,0,0,0,0,0,0,0,0,0,0
72839795,980100,2.022E+11,20221130,938,,,US23,,,US0023,US0023,0,098 US-23,US0023,N,N,NULL,NULL,NULL,N,NULL,NULL,NULL,NULL,NULL,NULL,23.06,NULL,NULL,NULL,NULL,,NULL,3,0,2,2,N,N,55,NULL,98,9801,NULL,,Y,37.46594,37,27.957,NULL,-82.52803,82,31.682,NULL,N,NULL,NULL,NULL,NULL,NULL,NULL,NULL,NULL,5,3,4,6,1,5,6,2,7,3,Y,NULL,Y,Y,938,941,1015,N,NULL,49,,1,N,,N,N,098-US-0023-0,NULL,NULL,2022,C,7.28398E+11,098-US-0023  -000,HIGH,098-US-0023  -000,23.06,0,0,0,0,0,0,1,0,0,0,0,0,0
72792147,980100,2.022E+11,20220809,1642,,,US23,,,US0023,US0023,0,098 US-23,US0023,N,N,NULL,NULL,NULL,N,NULL,NULL,NULL,NULL,NULL,NULL,26.22,NULL,NULL,NULL,NULL,,NULL,0,0,2,2,N,N,55,NULL,98,9801,NULL,,Y,37.50277,37,30.166,NULL,-82.53203,82,31.922,NULL,N,NULL,NULL,NULL,NULL,NULL,NULL,NULL,NULL,5,3,4,6,1,1,3,2,7,3,N,NULL,Y,N,1644,1644,1644,N,NULL,49,,1,N,,N,N,098-US-0023-0,NULL,NULL,2022,O,7.27921E+11,098-US-0023  -000,HIGH,098-US-0023  -000,26.22,0,0,1,0,0,0,0,1,0,0,0,0,0
72762823,KSP0900,22-183469,20220517,2346,,,US460,,,US0460,US0460,0,098 US-460,US0460,N,N,NULL,NULL,NULL,N,NULL,NULL,NULL,NULL,NULL,NULL,7.39,NULL,NULL,NULL,NULL,,NULL,0,0,1,1,N,N,45,NULL,98,9832,NULL,,Y,37.38601,37,23.161,NULL,-82.43876,82,26.325,NULL,N,NULL,NULL,NULL,NULL,NULL,NULL,NULL,NULL,9,3,2,1,1,1,2,6,7,3,N,NULL,Y,N,2348,2357,130,Y,NULL,40,,1,N,,N,N,098-US-0460-0,NULL,NULL,2022,O,7.27628E+11,098-US-0460  -000,HIGH,098-US-0460  -000,7.39,0,0,0,0,0,0,0,0,0,0,0,1,0
72761239,980500,2022AR020,20220513,1251,,23,MAYO TRAIL,N,,,,,,,N,N,NULL,NULL,NULL,N,NULL,NULL,NULL,NULL,NULL,NULL,NULL,NULL,NULL,NULL,NULL,NULL,NULL,0,0,2,2,Y,N,45,NULL,98,9807,NULL,,Y,37.52243,37,31.346,NULL,-82.57081,82,34.248,NULL,N,NULL,NULL,NULL,NULL,NULL,NULL,NULL,NULL,1,3,7,6,1,1,2,2,7,3,N,NULL,Y,Y,1253,1254,1254,N,NULL,55,,,Y,,N,N,,NULL,NULL,2022,O,7.27612E+11,098-US-0023  -010,MEDIUM,098-US-0023  -000,28.867,0,0,0,0,0,0,1,0,0,0,0,0,0
72746881,980100,2.022E+11,20220327,2336,,384,KY3496,,,KY3496,KY3496,0,098 KY-3496,KY3496,N,N,NULL,NULL,NULL,N,NULL,NULL,NULL,NULL,NULL,NULL,0.233,NULL,NULL,NULL,NULL,,NULL,0,0,2,2,Y,N,35,NULL,98,9801,NULL,,Y,37.46681,37,28.009,NULL,-82.53168,82,31.901,NULL,N,NULL,NULL,NULL,NULL,NULL,NULL,NULL,NULL,5,3,2,3,1,1,2,5,1,3,N,NULL,Y,N,2337,2340,2340,N,NULL,49,16,0,N,,N,N,098-KY-3496-0,NULL,NULL,2022,O,7.27469E+11,098-KY-3496  -000,HIGH,098-KY-3496  -000,0.233,0,0,0,0,0,0,0,0,0,0,0,0,0