MasterFile,AgencyORINumber,LocalCode,CollisionDate,CollisionTime,CollisionDayWeekCode,RoadwayName_HouseBusinessNumber_,RoadwayName_RoadwayName_,RoadwayName_Direction_,RoadwayName_RoadwaySuffix_,RoadwayfromReport,CurrentRoadwayNumber,RoadwayNumberCoupletID,RSEUniqueGIS,RoadwayIdentifier,ParkingLotIndicator,IntersectionWith_Indicator_,IntersectionWith_NameRoadway_,IntersectionWith_Direction_,IntersectionWith_RoadwaySuffix_,BetweenStreets_Indicator_,BetweenStreets1_NameRoadway_,BetweenStreet1_Direction_,BetweenStreets1_RoadwaySuffix_,BetweenStreets2_NameRoadway_,BetweenStreets2_Direction_,BetweenStreets2_RoadwaySuffix_,Milepoint,ReportMilepointDeriveNumber,CurrentDerivedMiepointNumber,MilestoMilepoint,FeettoMilepoint,DirectionfromMilepoint_NSEW_,ValidMilepointIndicator,NumberInjured,NumberKilled,ofUnits,ofMotorVehicleUnits,Hit&RunIndicator,OneWayIndicator,SpeedLimitNumber,KilometersIndicator,CountyCode,CityCountyCode,MilesFromCity,DirectionFromCity_NSEW_,InCityLimitsIndicator,Latitude,LatitudeDegrees,LatitudeMinutes,LatitudeSeconds,Longitude,LongitudeDegrees,LongitudeMinutes,LongitudeSeconds,RampIndicator,RampFromIdentifier,RampFromDirCode,RampFromCoupletID,RSEUniqueGISRampFrom,RampToidentifier,RampToDirCode,RampToCoupletID,RSEUniqueGisRampTo,MannerofCollisionCode,LocationFirstEventCode,TotalLanes,RoadwayCharacterCode,RoadwaySurfaceCode,RoadwayConditionCode,WeatherCode,LightConditionCode,LandUseCode,SchoolBusRelatedCode,FirstAidSceneIndicator,CollDescPresentInd,InvestigationCompleteIndicator,PhotosTakenIndicator,TimeNotified,TimeArrived,TimeRoadwayOpened,PropertyDamageIndicator,DiagramPresentIndicator,DirectionalAnalysis,FunctionClassCode,NationalHwySysCode,EnforcementsIndicator,KARSCityCode,SecondaryCollisionIndicator,MedianCrossoverIndicator,RT_UNIQUE,MapIt,TimeLastLeft,YR,KABCO,MFNY,WorkingRID,RT_CONFIDENCE,KTC_RT,KTC_MP,Motorcyclist,CommercialVehicle,YoungDriver,MatureDriver,pedestrian,Bicyclist,Distracted,agressive,Impaired,Unrestrained,Intersection,RoadwayDeparture,MedXover
72741840,980100,2.022E+11,20220317,1424,,,US23,,,US0023,US0023,0,098 US-23-10,US0023,N,N,NULL,NULL,NULL,N,NULL,NULL,NULL,NULL,NULL,NULL,20.762,NULL,NULL,NULL,NULL,,NULL,0,0,2,2,N,N,55,NULL,98,9801,NULL,,Y,37.44283,37,26.57,NULL,-82.52219,82,31.331,NULL,N,NULL,NULL,NULL,NULL,NULL,NULL,NULL,NULL,3,3,4,3,1,1,2,2,1,3,N,NULL,N,N,1424,1426,1426,N,NULL,52,,1,N,,N,N,098-US-0023-10,NULL,NULL,2022,O,7.27418E+11,098-US-0023  -010,HIGH,098-US-0023  -000,20.762,0,0,0,1,0,0,0,0,0,0,0,1,0
72792699,KSP0900,22-309068,20220810,2155,,,KY194,,,KY0194,KY0194,0,098 KY-194,KY0194,N,N,NULL,NULL,NULL,N,NULL,NULL,NULL,NULL,NULL,NULL,24.81,NULL,NULL,NULL,NULL,,NULL,0,0,1,1,N,N,55,NULL,98,9817,NULL,,Y,37.51925,37,31.155,NULL,-82.36244,82,21.747,NULL,N,NULL,NULL,NULL,NULL,NULL,NULL,NULL,NULL,9,5,2,3,1,5,6,6,7,3,N,NULL,Y,N,2155,2250,2310,N,NULL,44,6,0,N,,N,N,098-KY-0194-0,NULL,NULL,2022,O,7.27927E+11,098-KY-0194  -000,HIGH,098-KY-0194  -000,24.81,0,0,1,0,0,0,0,0,0,0,0,1,0
72793403,980100,2.022E+11,20220805,1725,,,US23,,,US0023,US0023,0,098 US-23,US0023,N,N,NULL,NULL,NULL,N,NULL,NULL,NULL,NULL,NULL,NULL,23.121,NULL,NULL,NULL,NULL,,NULL,0,0,2,2,N,N,55,NULL,98,9801,NULL,,Y,37.46599,37,27.96,NULL,-82.52908,82,31.745,NULL,N,NULL,NULL,NULL,NULL,NULL,NULL,NULL,NULL,5,3,4,6,1,5,3,2,7,3,N,NULL,Y,N,1725,1739,,N,NULL,49,,1,Y,,N,N,098-US-0023-0,NULL,NULL,2022,O,7.27934E+11,098-US-0023  -000,HIGH,098-US-0023  -000,23.121,0,0,0,1,0,0,0,0,1,0,0,0,0
72794859,KSP0900,22-306096,20220808,1901,,,ELKHORN,W,ST,,,,,,N,N,NULL,NULL,NULL,N,NULL,NULL,NULL,NULL,NULL,NULL,0.087,NULL,NULL,NULL,NULL,,NULL,0,0,2,2,Y,N,15,NULL,98,9802,NULL,,Y,37.30425,37,18.255,NULL,-82.35513,82,21.308,NULL,N,NULL,NULL,NULL,NULL,NULL,NULL,NULL,NULL,1,3,1,6,1,1,2,2,6,3,N,NULL,Y,N,1901,1929,1929,N,NULL,47,,,Y,,N,N,,NULL,NULL,2022,O,7.27949E+11,098-CS-2007  -000,MEDIUM,098-CS-2007  -000,0.087,0,0,0,0,0,0,1,0,0,0,0,0,0
72780859,370200,2022-255773,20220706,700,,,ASHCAMP,,RD,KY0195,KY0195,0,098 KY-195,KY0195,N,N,NULL,NULL,NULL,N,NULL,NULL,NULL,NULL,NULL,NULL,1.101,NULL,NULL,NULL,NULL,,NULL,2,0,2,2,N,N,55,NULL,98,9864,NULL,,Y,37.27596,37,16.557,NULL,-82.44736,82,26.842,NULL,N,NULL,NULL,NULL,NULL,NULL,NULL,NULL,NULL,3,3,1,2,1,5,3,1,7,3,N,NULL,Y,Y,700,734,923,N,NULL,52,8,0,N,,N,N,098-KY-0195-0,NULL,NULL,2022,C,7.27809E+11,098-KY-0195  -000,HIGH,098-KY-0195  -000,1.101,0,1,0,0,0,0,0,0,0,0,0,1,0
72787307,980000,22-07-002,20220726,1513,,,KY1426,,,KY1426,KY1426,0,098 KY-1426,KY1426,N,N,NULL,NULL,NULL,N,NULL,NULL,NULL,NULL,NULL,NULL,11.334,NULL,NULL,NULL,NULL,,NULL,1,0,1,1,N,N,55,NULL,98,9801,5,N,N,37.52853,37,31.712,NULL,-82.47128,82,28.276,NULL,N,NULL,NULL,NULL,NULL,NULL,NULL,NULL,NULL,9,5,2,4,1,5,3,2,7,3,N,NULL,Y,Y,1513,1513,1618,N,NULL,44,7,0,N,,N,N,098-KY-1426-0,NULL,NULL,2022,B,7.27873E+11,098-KY-1426  -000,HIGH,098-KY-1426  -000,11.334,0,0,1,0,0,0,0,0,0,0,0,1,0
72828860,980100,2.022E+11,20221111,1434,,,US119,,,US0119,US0119,0,098 US-119-10,US0119,N,N,NULL,NULL,NULL,N,NULL,NULL,NULL,NULL,NULL,NULL,2.699,NULL,NULL,NULL,NULL,,NULL,0,0,1,1,N,N,55,NULL,98,9801,NULL,,Y,37.51418,37,30.851,NULL,-82.48703,82,29.222,NULL,N,NULL,NULL,NULL,NULL,NULL,NULL,NULL,NULL,9,3,4,6,1,5,6,2,7,3,N,NULL,Y,N,1434,1441,1441,N,NULL,41,2,1,N,,N,N,098-US-0119-10,NULL,NULL,2022,O,7.28289E+11,098-US-0119  -010,HIGH,098-US-0119  -000,2.699,0,0,0,0,0,0,0,0,0,0,0,1,0
72795148,980100,2.022E+11,20220811,1134,,,US23,,,US0023,US0023,0,098 US-23-10,US0023,N,N,NULL,NULL,NULL,N,NULL,NULL,NULL,NULL,NULL,NULL,24.9,NULL,NULL,NULL,NULL,,NULL,0,0,2,2,N,N,55,NULL,98,9801,NULL,,Y,37.4872,37,29.232,NULL,-82.54158,82,32.495,NULL,N,NULL,NULL,NULL,NULL,NULL,NULL,NULL,NULL,5,3,4,6,1,5,3,2,7,3,N,NULL,Y,N,1135,1140,1140,N,NULL,49,,1,N,,N,N,098-US-0023-10,NULL,NULL,2022,O,7.27951E+11,098-US-0023  -010,HIGH,098-US-0023  -000,24.9,0,0,0,1,0,0,0,0,0,0,0,0,0
72796407,KSP0900,22-317385,20220816,2345,,,KY1426,,,KY1426,KY1426,0,098 KY-1426,KY1426,N,N,NULL,NULL,NULL,N,NULL,NULL,NULL,NULL,NULL,NULL,15.717,NULL,NULL,NULL,NULL,,NULL,1,0,2,2,N,N,35,NULL,98,9820,NULL,,Y,37.5652,37,33.912,NULL,-82.44719,82,26.832,NULL,N,NULL,NULL,NULL,NULL,NULL,NULL,NULL,NULL,1,3,2,6,1,1,2,6,7,3,Y,NULL,Y,Y,2345,2351,30,N,NULL,55,7,0,Y,,N,N,098-KY-1426-0,NULL,NULL,2022,B,7.27964E+11,098-KY-1426  -000,HIGH,098-KY-1426  -000,15.717,0,0,1,0,0,0,0,0,1,0,0,0,0
72815201,KSP0900,22-391187,20221010,821,,,KY3416,,,KY3416,KY3416,,,,Y,N,NULL,NULL,NULL,N,NULL,NULL,NULL,NULL,NULL,NULL,0.587,NULL,NULL,NULL,NULL,,NULL,0,0,2,2,N,N,15,NULL,98,9801,NULL,,Y,37.43647,37,26.188,NULL,-82.54481,82,32.688,NULL,N,NULL,NULL,NULL,NULL,NULL,NULL,NULL,NULL,2,97,4,6,3,1,2,2,6,3,N,NULL,Y,N,821,844,844,N,NULL,90,9,0,N,,N,N,,NULL,NULL,2022,O,7.28152E+11,098-KY-3416  -000,HIGH,098-KY-3416  -000,0.587,0,1,0,0,0,0,1,0,0,0,0,0,0
72801425,KSP0900,22-335037,20220829,1742,,,VARNEY,,DR,,,,,,Y,N,NULL,NULL,NULL,N,NULL,NULL,NULL,NULL,NULL,NULL,0.034,NULL,NULL,NULL,NULL,,NULL,1,0,2,1,N,N,10,NULL,98,9836,NULL,,Y,37.63789,37,38.274,NULL,-82.25215,82,15.129,NULL,N,NULL,NULL,NULL,NULL,NULL,NULL,NULL,NULL,9,97,NULL,6,1,1,2,2,5,3,N,NULL,N,N,1734,1804,1818,N,NULL,90,,,N,,N,N,,NULL,NULL,2022,C,7.28014E+11,098-CR-1068  -000,MEDIUM,098-CR-1068  -000,0.034,0,0,0,0,1,0,0,0,0,0,0,0,0
72815086,980100,2.022E+11,20221010,1526,,,CHAMPIONSHIP,,DR,,,0,098 CS-1186-80,CS1186,Y,N,NULL,NULL,NULL,N,NULL,NULL,NULL,NULL,NULL,NULL,0.077,NULL,NULL,NULL,NULL,,NULL,0,0,2,2,N,Y,15,NULL,98,9801,NULL,,Y,37.48757,37,29.254,NULL,-82.54308,82,32.585,NULL,N,NULL,NULL,NULL,NULL,NULL,NULL,NULL,NULL,2,97,1,6,1,1,2,2,5,3,N,NULL,Y,N,1526,1532,1532,N,NULL,90,,,N,,N,N,098-CS-1186-80,NULL,NULL,2022,O,7.28151E+11,098-CS-1186  -080,HIGH,098-CS-1186  -080,0.077,0,0,1,0,0,0,1,0,0,0,0,0,0
72754188,980100,2.022E+11,20220423,2020,,151,KY3496,,,KY3496,KY3496,0,098 KY-3496,KY3496,Y,N,NULL,NULL,NULL,N,NULL,NULL,NULL,NULL,NULL,NULL,0.826,NULL,NULL,NULL,NULL,,NULL,0,0,2,2,Y,N,15,NULL,98,9801,NULL,,Y,37.47204,37,28.323,NULL,-82.52904,82,31.742,NULL,N,NULL,NULL,NULL,NULL,NULL,NULL,NULL,NULL,2,97,2,6,1,1,2,5,1,3,N,NULL,Y,N,2020,2023,,N,NULL,90,16,0,N,,N,N,098-KY-3496-0,NULL,NULL,2022,NULL,7.27542E+11,098-KY-3496  -000,HIGH,098-KY-3496  -000,0.826,0,0,0,0,0,0,0,0,0,0,0,0,0
72795149,980100,2.022E+11,20220810,835,,,US23,,,US0023,US0023,0,098 US-23-10,US0023,N,N,NULL,NULL,NULL,N,NULL,NULL,NULL,NULL,NULL,NULL,26.259,NULL,NULL,NULL,NULL,,NULL,0,0,2,2,Y,N,55,NULL,98,9801,NULL,,Y,37.5034,37,30.204,NULL,-82.53233,82,31.94,NULL,N,NULL,NULL,NULL,NULL,NULL,NULL,NULL,NULL,5,3,4,6,1,5,6,2,7,3,N,NULL,Y,N,843,843,843,N,NULL,49,,1,N,,N,N,098-US-0023-10,NULL,NULL,2022,O,7.27951E+11,098-US-0023  -010,HIGH,098-US-0023  -000,26.259,0,0,0,0,0,0,0,0,0,0,0,0,0
72788474,KSP0900,22-288818,20220728,1608,,,KY197,,,KY0197,KY0197,0,098 KY-197,KY0197,N,N,NULL,NULL,NULL,N,NULL,NULL,NULL,NULL,NULL,NULL,16.035,NULL,NULL,NULL,NULL,,NULL,0,0,2,2,N,N,35,NULL,98,9802,NULL,,Y,37.29707,37,17.825,NULL,-82.35603,82,21.361,NULL,N,NULL,NULL,NULL,NULL,NULL,NULL,NULL,NULL,5,3,2,6,1,1,3,2,7,3,N,NULL,Y,N,1608,1636,1636,N,NULL,49,7,0,N,,N,N,098-KY-0197-0,NULL,NULL,2022,O,7.27885E+11,098-KY-0197  -000,HIGH,098-KY-0197  -000,16.035,0,0,0,0,0,0,1,0,0,0,0,0,0
72860106,980100,2.023E+11,20230130,1303,,,BYPASS,S,RD,KY1426,KY1426,0,098 KY-1426,KY1426,N,N,NULL,NULL,NULL,N,NULL,NULL,NULL,NULL,NULL,NULL,6.56,NULL,NULL,NULL,NULL,,NULL,0,0,2,2,N,N,35,NULL,98,9801,NULL,,Y,37.48246,37,28.948,NULL,-82.51365,82,30.819,NULL,N,NULL,NULL,NULL,NULL,NULL,NULL,NULL,NULL,5,3,2,6,1,5,2,2,7,3,N,NULL,Y,N,1303,1307,1314,N,NULL,49,,0,N,,N,N,098-KY-1426-0,NULL,NULL,2023,O,7.28601E+11,098-KY-1426  -000,HIGH,098-KY-1426  -000,6.559,0,0,0,0,0,0,0,0,0,0,0,0,0
72817326,KSP0900,2022-372810,20220926,759,,,RUSSELL,W,ST,KY0197,KY0197,0,098 KY-197,KY0197,N,N,NULL,NULL,NULL,N,NULL,NULL,NULL,NULL,NULL,NULL,16.22,NULL,NULL,NULL,NULL,,NULL,0,1,2,2,N,N,35,NULL,98,9802,NULL,,Y,37.29914,37,17.949,NULL,-82.3549,82,21.294,NULL,N,NULL,NULL,NULL,NULL,NULL,NULL,NULL,NULL,1,3,2,1,1,5,3,2,1,1,Y,NULL,N,Y,939,1021,1645,N,NULL,55,7,0,N,,N,N,098-KY-0197-0,NULL,NULL,2022,K,7.28173E+11,098-KY-0197  -000,HIGH,098-KY-0197  -000,16.22,0,1,0,0,0,0,1,0,0,1,0,1,0
72832641,KSP0900,22-429820,20221108,1245,,,PAW PAW,,CRK,,,0,098 CR-1115,CR1115,N,N,NULL,NULL,NULL,N,NULL,NULL,NULL,NULL,NULL,NULL,0.244,NULL,NULL,NULL,NULL,,NULL,0,0,2,2,Y,N,35,NULL,98,9804,NULL,,Y,37.43541,37,26.125,NULL,-82.11619,82,6.971,NULL,N,NULL,NULL,NULL,NULL,NULL,NULL,NULL,NULL,7,3,NULL,3,1,1,2,2,7,3,N,NULL,Y,N,1245,1255,1300,N,NULL,54,,,N,,N,N,098-CR-1115-0,NULL,NULL,2022,O,7.28326E+11,098-CR-1115  -000,HIGH,098-CR-1115  -000,0.244,0,0,0,0,0,0,1,0,0,0,0,1,0
72811927,KSP0900,22-365789,20220920,2037,,,US119,,,US0119,US0119,0,098 US-119,US0119,N,N,NULL,NULL,NULL,N,NULL,NULL,NULL,NULL,NULL,NULL,23.634,NULL,NULL,NULL,NULL,,NULL,2,0,2,2,N,N,55,NULL,98,9836,NULL,,Y,37.65062,37,39.037,NULL,-82.26778,82,16.067,NULL,N,NULL,NULL,NULL,NULL,NULL,NULL,NULL,NULL,1,3,2,6,1,1,2,6,7,3,Y,NULL,Y,Y,2038,2102,2140,N,NULL,55,2,1,N,,N,N,098-US-0119-0,NULL,NULL,2022,C,7.28119E+11,098-US-0119  -000,HIGH,098-US-0119  -000,23.634,1,0,0,1,0,0,1,0,0,0,0,1,0
72877439,KSP0900,23-106721,20230320,1642,,,KY3174,,,KY3174,KY3174,0,098 KY-3174,KY3174,N,N,NULL,NULL,NULL,N,NULL,NULL,NULL,NULL,NULL,NULL,6.598,NULL,NULL,NULL,NULL,,NULL,0,0,1,1,N,N,55,NULL,98,9830,NULL,,Y,37.34809,37,20.885,NULL,-82.43748,82,26.248,NULL,N,NULL,NULL,NULL,NULL,NULL,NULL,NULL,NULL,9,3,4,4,1,1,2,2,2,3,N,NULL,Y,N,1645,1653,1730,N,NULL,70,,0,N,,N,N,098-KY-3174-0,NULL,NULL,2023,O,7.28774E+11,098-KY-3174  -000,HIGH,098-KY-3174  -000,6.599,0,0,0,1,0,0,1,0,0,0,0,1,0
72844654,980100,2.022E+11,20221219,1031,,,US23,,,US0023,US0023,0,098 US-23,US0023,N,N,NULL,NULL,NULL,N,NULL,NULL,NULL,NULL,NULL,NULL,21.578,NULL,NULL,NULL,NULL,,NULL,0,0,2,2,N,N,55,NULL,98,9801,NULL,,Y,37.45277,37,27.166,NULL,-82.52266,82,31.36,NULL,N,NULL,NULL,NULL,NULL,NULL,NULL,NULL,NULL,1,3,4,6,1,1,2,2,7,3,N,NULL,Y,N,1033,1039,1039,N,NULL,55,,1,N,,N,N,098-US-0023-0,NULL,NULL,2022,O,7.28447E+11,098-US-0023  -000,HIGH,098-US-0023  -000,21.578,0,0,0,0,0,0,1,1,0,0,0,0,0
72818677,KSP0900,22-401753,20221018,1323,,,TOLER,,RD,KY0319,KY0319,0,098 KY-319,KY0319,N,N,NULL,NULL,NULL,N,NULL,NULL,NULL,NULL,NULL,NULL,4.537,NULL,NULL,NULL,NULL,,NULL,0,0,2,2,N,N,35,NULL,98,9842,NULL,,Y,37.61489,37,36.894,NULL,-82.23962,82,14.377,NULL,N,NULL,NULL,NULL,NULL,NULL,NULL,NULL,NULL,7,3,2,3,1,1,3,2,7,3,N,NULL,Y,N,1323,1325,1335,N,NULL,54,7,0,Y,,N,N,098-KY-0319-0,NULL,NULL,2022,O,7.28187E+11,098-KY-0319  -000,HIGH,098-KY-0319  -000,4.537,0,0,0,0,0,0,1,0,0,0,0,1,0
72813660,980100,2.022E+11,20221007,1145,,215,CASSIDY,,BLVD,,,0,098 CS-1191,CS1191,Y,N,NULL,NULL,NULL,N,NULL,NULL,NULL,NULL,NULL,NULL,0.049,NULL,NULL,NULL,NULL,,NULL,0,0,2,2,N,N,NULL,NULL,98,9801,NULL,,Y,37.50368,37,30.221,NULL,-82.53295,82,31.977,NULL,N,NULL,NULL,NULL,NULL,NULL,NULL,NULL,NULL,2,97,1,6,1,1,2,2,1,3,N,NULL,Y,N,1145,1156,1156,N,NULL,90,,,N,,N,N,098-CS-1191-0,NULL,NULL,2022,O,7.28137E+11,098-CS-1191  -000,HIGH,098-CS-1191  -000,0.049,0,0,0,1,0,0,1,0,0,0,0,0,0
72814433,KSP0900,22-390061,20221009,750,,,KY194,,,KY0194,KY0194,0,098 KY-194,KY0194,N,N,NULL,NULL,NULL,N,NULL,NULL,NULL,NULL,NULL,NULL,57.236,NULL,NULL,NULL,NULL,,NULL,0,0,1,1,N,N,55,NULL,98,9811,NULL,,Y,37.53541,37,32.124,NULL,-82.16109,82,9.665,NULL,N,NULL,NULL,NULL,NULL,NULL,NULL,NULL,NULL,9,5,2,6,1,1,2,1,7,3,N,NULL,Y,N,752,826,900,N,NULL,44,7,0,N,,N,N,098-KY-0194-0,NULL,NULL,2022,O,7.28144E+11,098-KY-0194  -000,HIGH,098-KY-0194  -000,57.236,0,0,0,0,0,0,1,0,0,0,0,1,0
72783058,KSP0900,22-263949,20220711,1758,,,FERRELLS CREEK,,RD,US0460,US0460,0,098 US-460,US0460,N,N,NULL,NULL,NULL,N,NULL,NULL,NULL,NULL,NULL,NULL,16.43,NULL,NULL,NULL,NULL,,NULL,1,0,1,1,N,N,55,NULL,98,9874,NULL,,Y,37.35364,37,21.218,NULL,-82.34047,82,20.428,NULL,N,NULL,NULL,NULL,NULL,NULL,NULL,NULL,NULL,9,3,2,6,1,1,2,2,7,3,Y,NULL,N,Y,1800,1827,1827,N,NULL,44,,1,N,,N,N,098-US-0460-0,NULL,NULL,2022,C,7.27831E+11,098-US-0460  -000,HIGH,098-US-0460  -000,16.43,0,0,0,0,0,0,1,0,1,0,0,1,0
72778539,980500,2022AR032,20220701,1220,,,MAYO TRAIL,,,,,,,,N,N,NULL,NULL,NULL,N,NULL,NULL,NULL,NULL,NULL,NULL,NULL,NULL,NULL,NULL,NULL,NULL,NULL,0,0,2,2,N,N,45,NULL,98,9807,NULL,,Y,37.53157,37,31.895,NULL,-82.5771,82,34.626,NULL,N,NULL,NULL,NULL,NULL,NULL,NULL,NULL,NULL,5,3,6,6,1,1,2,2,7,3,N,NULL,Y,Y,1220,1225,1225,N,NULL,70,,,N,,N,N,,NULL,NULL,2022,O,7.27785E+11,098-US-0023  -010,MEDIUM,098-US-0023  -000,29.585,0,0,1,0,0,0,0,0,0,0,0,0,0
72772487,980500,2022AR027,20220614,1400,,3780,MAYO TRAIL,N,,,,,,,Y,N,NULL,NULL,NULL,N,NULL,NULL,NULL,NULL,NULL,NULL,NULL,NULL,NULL,NULL,NULL,NULL,NULL,0,0,2,1,Y,N,10,NULL,98,9807,NULL,,Y,37.51973,37,31.184,NULL,-82.56614,82,33.968,NULL,N,NULL,NULL,NULL,NULL,NULL,NULL,NULL,NULL,7,7,NULL,5,1,1,2,2,1,3,N,NULL,Y,Y,1400,1400,1400,N,NULL,90,,,N,,N,N,,NULL,NULL,2022,NULL,7.27725E+11,098-US-0023  -000,MEDIUM,098-US-0023  -000,28.55,0,1,0,0,0,0,0,0,0,0,0,0,0
72834501,KSP0900,22-453882,20221126,2100,,,ELKHORN,,CRK,KY0197,KY0197,,,,N,N,NULL,NULL,NULL,N,NULL,NULL,NULL,NULL,NULL,NULL,8.081,NULL,NULL,NULL,NULL,,NULL,1,0,1,1,N,N,55,NULL,98,9802,NULL,,Y,37.25956,37,15.574,NULL,-82.4555,82,27.33,NULL,N,NULL,NULL,NULL,NULL,NULL,NULL,NULL,NULL,9,4,2,6,1,1,3,6,6,3,Y,NULL,Y,Y,2011,2036,2153,N,NULL,44,7,0,Y,,N,N,,NULL,NULL,2022,C,7.28345E+11,098-KY-0197  -000,MEDIUM,098-KY-0197  -000,8.081,0,0,0,0,0,0,0,0,1,0,0,1,0
72804215,980100,2.022E+11,20220906,1239,,911,BYPASS,,RD,,,,,,Y,N,NULL,NULL,NULL,N,NULL,NULL,NULL,NULL,NULL,NULL,NULL,NULL,NULL,NULL,NULL,NULL,NULL,1,0,2,2,N,Y,15,NULL,98,9801,NULL,,Y,37.47243,37,28.346,NULL,-82.52274,82,31.364,NULL,N,NULL,NULL,NULL,NULL,NULL,NULL,NULL,NULL,5,97,1,3,2,1,2,2,1,3,N,NULL,Y,Y,1240,1246,1311,N,NULL,90,,,N,,N,N,,NULL,NULL,2022,C,7.28042E+11,098-CS-1223  -000,MEDIUM,098-CS-1223  -000,0.024,0,1,0,0,0,0,0,0,0,1,0,0,0
72813813,KSP0900,22-387381,20221007,1021,,,US23,,,US0023,US0023,0,098 US-23-10,US0023,N,N,NULL,NULL,NULL,N,NULL,NULL,NULL,NULL,NULL,NULL,10.749,NULL,NULL,NULL,NULL,,NULL,0,0,1,1,N,N,55,NULL,98,9806,NULL,,Y,37.34705,37,20.823,NULL,-82.54787,82,32.872,NULL,N,NULL,NULL,NULL,NULL,NULL,NULL,NULL,NULL,9,3,4,3,1,1,2,2,7,3,N,NULL,Y,N,1021,1033,1021,N,NULL,38,,1,N,,N,N,098-US-0023-10,NULL,NULL,2022,O,7.28138E+11,098-US-0023  -010,HIGH,098-US-0023  -000,10.749,0,0,0,0,0,0,0,0,0,0,0,0,0
72842396,KSP0900,22-476911,20221214,1645,,,TOLER,,RD,KY0319,KY0319,0,098 KY-319,KY0319,N,N,NULL,NULL,NULL,N,NULL,NULL,NULL,NULL,NULL,NULL,1.85,NULL,NULL,NULL,NULL,,NULL,0,0,2,2,N,N,45,NULL,98,9842,NULL,,Y,37.59503,37,35.702,NULL,-82.20398,82,12.239,NULL,N,NULL,NULL,NULL,NULL,NULL,NULL,NULL,NULL,5,3,2,6,1,5,6,3,7,3,N,NULL,N,N,1645,1655,1655,N,NULL,49,7,0,N,,N,N,098-KY-0319-0,NULL,NULL,2022,O,7.28424E+11,098-KY-0319  -000,HIGH,098-KY-0319  -000,1.85,0,0,0,0,0,0,0,0,0,0,0,0,0
72757442,980100,2.022E+11,20220503,1612,,,US23,,,US0023,US0023,,,,N,N,NULL,NULL,NULL,N,NULL,NULL,NULL,NULL,NULL,NULL,27.312,NULL,NULL,NULL,NULL,,NULL,0,0,2,2,N,N,55,NULL,98,9801,NULL,,Y,37.51067,37,30.64,NULL,-82.54749,82,32.85,NULL,N,NULL,NULL,NULL,NULL,NULL,NULL,NULL,NULL,5,3,4,6,1,1,2,2,2,3,N,NULL,Y,N,1612,1623,1640,N,NULL,70,,1,N,,N,N,,NULL,NULL,2022,O,7.27574E+11,098-US-0023  -000,MEDIUM,098-US-0023  -000,27.312,0,0,0,0,0,0,1,0,0,0,0,0,0
72776521,KSP0900,22-237793,20220623,1930,,,KY194,,,KY0194,KY0194,0,098 KY-194,KY0194,N,N,NULL,NULL,NULL,N,NULL,NULL,NULL,NULL,NULL,NULL,62.737,NULL,NULL,NULL,NULL,,NULL,1,0,1,1,N,N,45,NULL,98,9811,NULL,,Y,37.55484,37,33.29,NULL,-82.11954,82,7.173,NULL,N,NULL,NULL,NULL,NULL,NULL,NULL,NULL,NULL,9,3,2,6,1,1,2,2,7,3,Y,NULL,N,Y,1930,1950,2045,N,NULL,40,7,0,N,,N,N,098-KY-0194-0,NULL,NULL,2022,A,7.27765E+11,098-KY-0194  -000,HIGH,098-KY-0194  -000,62.737,0,0,0,1,0,0,1,0,0,0,0,1,0
72773504,KSP0900,22-217940,20220610,1630,,,US23,,,US0023,US0023,0,098 US-23-10,US0023,N,N,NULL,NULL,NULL,N,NULL,NULL,NULL,NULL,NULL,NULL,17.21,NULL,NULL,NULL,NULL,,NULL,0,0,1,1,N,N,55,NULL,98,9801,NULL,,Y,37.41806,37,25.084,NULL,-82.51752,82,31.051,NULL,N,NULL,NULL,NULL,NULL,NULL,NULL,NULL,NULL,9,3,4,6,1,1,2,2,7,3,N,NULL,Y,N,1630,1640,1640,N,NULL,70,,1,N,,N,N,098-US-0023-10,NULL,NULL,2022,O,7.27735E+11,098-US-0023  -010,HIGH,098-US-0023  -000,17.21,0,0,0,0,0,0,0,0,0,0,0,0,0
72705586,KSP0900,21-496340,20211206,1030,,,KY194,,,KY0194,KY0194,0,098 KY-194,KY0194,N,N,NULL,NULL,NULL,N,NULL,NULL,NULL,NULL,NULL,NULL,24.649,NULL,NULL,NULL,NULL,,NULL,0,0,1,1,N,N,55,NULL,98,9817,NULL,,Y,37.52063,37,31.238,NULL,-82.36481,82,21.888,NULL,N,NULL,NULL,NULL,NULL,NULL,NULL,NULL,NULL,9,3,2,3,1,5,6,2,7,3,N,NULL,Y,N,1030,1030,1030,N,NULL,70,6,0,N,,N,N,098-KY-0194-0,NULL,NULL,2021,O,7.27056E+11,098-KY-0194  -000,HIGH,098-KY-0194  -000,24.649,0,0,0,0,0,0,1,0,0,0,0,1,0
72775992,980100,2.022E+12,20220623,1837,,,HAROLDS BRANCH,,RD,,,0,098 CS-1223,CS1223,Y,N,NULL,NULL,NULL,N,NULL,NULL,NULL,NULL,NULL,NULL,0.08,NULL,NULL,NULL,NULL,,NULL,0,0,2,2,N,N,NULL,NULL,98,9801,NULL,,Y,37.47178,37,28.306,NULL,-82.52211,82,31.327,NULL,N,NULL,NULL,NULL,NULL,NULL,NULL,NULL,NULL,7,97,NULL,6,2,1,2,2,5,3,N,NULL,Y,N,1837,1847,1905,N,NULL,90,,,N,,N,N,098-CS-1223-0,NULL,NULL,2022,O,7.2776E+11,098-CS-1223  -000,HIGH,098-CS-1223  -000,0.08,0,0,0,0,0,0,0,0,0,0,0,0,0