MasterFile,AgencyORINumber,LocalCode,CollisionDate,CollisionTime,CollisionDayWeekCode,RoadwayName_HouseBusinessNumber_,RoadwayName_RoadwayName_,RoadwayName_Direction_,RoadwayName_RoadwaySuffix_,RoadwayfromReport,CurrentRoadwayNumber,RoadwayNumberCoupletID,RSEUniqueGIS,RoadwayIdentifier,ParkingLotIndicator,IntersectionWith_Indicator_,IntersectionWith_NameRoadway_,IntersectionWith_Direction_,IntersectionWith_RoadwaySuffix_,BetweenStreets_Indicator_,BetweenStreets1_NameRoadway_,BetweenStreet1_Direction_,BetweenStreets1_RoadwaySuffix_,BetweenStreets2_NameRoadway_,BetweenStreets2_Direction_,BetweenStreets2_RoadwaySuffix_,Milepoint,ReportMilepointDeriveNumber,CurrentDerivedMiepointNumber,MilestoMilepoint,FeettoMilepoint,DirectionfromMilepoint_NSEW_,ValidMilepointIndicator,NumberInjured,NumberKilled,ofUnits,ofMotorVehicleUnits,Hit&RunIndicator,OneWayIndicator,SpeedLimitNumber,KilometersIndicator,CountyCode,CityCountyCode,MilesFromCity,DirectionFromCity_NSEW_,InCityLimitsIndicator,Latitude,LatitudeDegrees,LatitudeMinutes,LatitudeSeconds,Longitude,LongitudeDegrees,LongitudeMinutes,LongitudeSeconds,RampIndicator,RampFromIdentifier,RampFromDirCode,RampFromCoupletID,RSEUniqueGISRampFrom,RampToidentifier,RampToDirCode,RampToCoupletID,RSEUniqueGisRampTo,MannerofCollisionCode,LocationFirstEventCode,TotalLanes,RoadwayCharacterCode,RoadwaySurfaceCode,RoadwayConditionCode,WeatherCode,LightConditionCode,LandUseCode,SchoolBusRelatedCode,FirstAidSceneIndicator,CollDescPresentInd,InvestigationCompleteIndicator,PhotosTakenIndicator,TimeNotified,TimeArrived,TimeRoadwayOpened,PropertyDamageIndicator,DiagramPresentIndicator,DirectionalAnalysis,FunctionClassCode,NationalHwySysCode,EnforcementsIndicator,KARSCityCode,SecondaryCollisionIndicator,MedianCrossoverIndicator,RT_UNIQUE,MapIt,TimeLastLeft,YR,KABCO,MFNY,WorkingRID,RT_CONFIDENCE,KTC_RT,KTC_MP,Motorcyclist,CommercialVehicle,YoungDriver,MatureDriver,pedestrian,Bicyclist,Distracted,agressive,Impaired,Unrestrained,Intersection,RoadwayDeparture,MedXover
72770984,980100,2.022E+11,20220608,1713,,,US23,,,US0023,US0023,0,098 US-23,US0023,N,N,NULL,NULL,NULL,N,NULL,NULL,NULL,NULL,NULL,NULL,23.011,NULL,NULL,NULL,NULL,,NULL,0,0,3,3,N,N,55,NULL,98,9801,NULL,,Y,37.46575,37,27.945,NULL,-82.52717,82,31.63,NULL,N,NULL,NULL,NULL,NULL,NULL,NULL,NULL,NULL,5,3,4,6,1,1,2,2,2,3,N,NULL,Y,N,1713,1719,1806,N,NULL,49,,1,Y,,N,N,098-US-0023-0,NULL,NULL,2022,O,7.2771E+11,098-US-0023  -000,HIGH,098-US-0023  -000,23.011,0,0,0,1,0,0,1,0,0,0,0,0,0
72786660,980100,2.022E+11,20220725,1637,,,MAYO,S,TRL,US0023,US0023,0,098 US-23-10,US0023,N,N,NULL,NULL,NULL,N,NULL,NULL,NULL,NULL,NULL,NULL,23.063,NULL,NULL,NULL,NULL,,NULL,1,0,2,2,N,N,55,NULL,98,9801,NULL,,Y,37.46583,37,27.95,NULL,-82.52814,82,31.688,NULL,N,NULL,NULL,NULL,NULL,NULL,NULL,NULL,NULL,4,3,4,6,1,1,3,2,1,3,Y,NULL,Y,Y,1637,1640,1713,N,NULL,70,,1,N,,N,N,098-US-0023-10,NULL,NULL,2022,B,7.27867E+11,098-US-0023  -010,HIGH,098-US-0023  -000,23.063,0,0,0,0,0,0,1,1,0,1,0,0,0
72787157,KSP0900,22-273332,20220718,1606,,,US119,,,US0119,US0119,0,098 US-119,US0119,N,N,NULL,NULL,NULL,N,NULL,NULL,NULL,NULL,NULL,NULL,24.545,NULL,NULL,NULL,NULL,,NULL,2,0,2,2,N,N,55,NULL,98,9836,NULL,,Y,37.66266,37,39.76,NULL,-82.27332,82,16.399,NULL,N,NULL,NULL,NULL,NULL,NULL,NULL,NULL,NULL,5,3,4,6,1,5,2,2,7,3,Y,NULL,Y,Y,1604,1618,1618,N,NULL,49,2,1,N,,N,N,098-US-0119-0,NULL,NULL,2022,C,7.27872E+11,098-US-0119  -000,HIGH,098-US-0119  -000,24.545,0,0,0,0,0,0,0,0,0,0,0,0,0
72767503,KSP0900,22-198980,20220528,2018,,,MALL,,RD,,,0,098 CR-1037,CR1037,N,N,NULL,NULL,NULL,N,NULL,NULL,NULL,NULL,NULL,NULL,0.41,NULL,NULL,NULL,NULL,,NULL,0,0,2,2,N,N,35,NULL,98,9834,NULL,,Y,37.65633,37,39.38,NULL,-82.27116,82,16.27,NULL,N,NULL,NULL,NULL,NULL,NULL,NULL,NULL,NULL,5,3,3,6,1,1,2,2,1,3,N,NULL,Y,N,2016,2042,2042,N,NULL,70,,,N,,N,N,098-CR-1037-0,NULL,NULL,2022,O,7.27675E+11,098-CR-1037  -000,HIGH,098-CR-1037  -000,0.41,0,0,0,0,0,0,1,0,0,0,0,0,0
72791244,KSP0900,22-303228,20220806,1849,,,KY612,,,KY0612,KY0612,0,098 KY-612,KY0612,N,N,NULL,NULL,NULL,N,NULL,NULL,NULL,NULL,NULL,NULL,1.242,NULL,NULL,NULL,NULL,,NULL,0,0,2,2,Y,N,55,NULL,98,9843,NULL,,Y,37.67674,37,40.605,NULL,-82.34904,82,20.942,NULL,N,NULL,NULL,NULL,NULL,NULL,NULL,NULL,NULL,7,3,2,6,1,1,2,2,7,3,Y,NULL,Y,Y,1853,1932,2000,N,NULL,54,8,0,N,,N,N,098-KY-0612-0,NULL,NULL,2022,O,7.27912E+11,098-KY-0612  -000,HIGH,098-KY-0612  -000,1.242,0,0,0,1,0,0,1,0,1,1,0,1,0
72741084,980100,2.022E+11,20220316,1049,,254,CASSIDY,,BLVD,,,0,098 CS-1191,CS1191,Y,N,NULL,NULL,NULL,N,NULL,NULL,NULL,NULL,NULL,NULL,0.045,NULL,NULL,NULL,NULL,,NULL,0,0,1,1,N,N,NULL,NULL,98,9801,NULL,,Y,37.5037,37,30.222,NULL,-82.53289,82,31.974,NULL,N,NULL,NULL,NULL,NULL,NULL,NULL,NULL,NULL,9,97,1,6,1,1,2,2,1,3,N,NULL,Y,N,1049,1105,1105,Y,NULL,90,,,N,,N,N,098-CS-1191-0,NULL,NULL,2022,O,7.27411E+11,098-CS-1191  -000,HIGH,098-CS-1191  -000,0.045,0,1,0,0,0,0,0,0,0,0,0,1,0
72789018,980100,2.022E+11,20220801,951,,,US23,,,US0023,US0023,0,098 US-23,US0023,N,N,NULL,NULL,NULL,N,NULL,NULL,NULL,NULL,NULL,NULL,23.067,NULL,NULL,NULL,NULL,,NULL,0,0,1,1,N,N,55,NULL,98,9801,NULL,,Y,37.46595,37,27.957,NULL,-82.52814,82,31.689,NULL,N,NULL,NULL,NULL,NULL,NULL,NULL,NULL,NULL,9,2,4,6,1,5,3,2,7,3,N,NULL,Y,N,952,957,1017,Y,NULL,40,,1,N,,N,N,098-US-0023-0,NULL,NULL,2022,O,7.2789E+11,098-US-0023  -000,HIGH,098-US-0023  -000,23.067,0,0,0,0,0,0,0,0,0,0,0,1,0
72799219,KSP0900,22-335320,20220829,2056,,,ELKHORN,,CRK,KY0197,KY0197,0,098 KY-197,KY0197,N,N,NULL,NULL,NULL,N,NULL,NULL,NULL,NULL,NULL,NULL,11.196,NULL,NULL,NULL,NULL,,NULL,0,0,1,1,N,N,55,NULL,98,9802,NULL,,Y,37.27048,37,16.229,NULL,-82.41512,82,24.907,NULL,N,NULL,NULL,NULL,NULL,NULL,NULL,NULL,NULL,9,3,2,6,1,5,6,6,7,3,N,NULL,N,N,2056,2100,2100,N,NULL,41,7,0,N,,N,N,098-KY-0197-0,NULL,NULL,2022,O,7.27992E+11,098-KY-0197  -000,HIGH,098-KY-0197  -000,11.196,0,0,0,0,0,0,0,0,0,0,0,1,0
72825226,KSP0900,22-425627,20221104,1622,,,US119,,,US0119,US0119,0,098 US-119,US0119,Y,N,NULL,NULL,NULL,N,NULL,NULL,NULL,NULL,NULL,NULL,24.16,NULL,NULL,NULL,NULL,,NULL,0,0,2,2,N,N,5,NULL,98,9834,NULL,,Y,37.65792,37,39.476,NULL,-82.27103,82,16.262,NULL,N,NULL,NULL,NULL,NULL,NULL,NULL,NULL,NULL,2,97,4,6,1,1,2,2,7,3,N,NULL,N,N,1622,1650,1650,N,NULL,90,2,1,N,,N,N,098-US-0119-0,NULL,NULL,2022,O,7.28252E+11,098-US-0119  -000,HIGH,098-US-0119  -000,24.16,0,0,0,1,0,0,0,0,0,0,0,0,0
72873107,980100,2.023E+11,20230224,1304,,186,CASSIDY,,BLVD,,,0,098 CS-1191,CS1191,Y,N,NULL,NULL,NULL,N,NULL,NULL,NULL,NULL,NULL,NULL,0.043,NULL,NULL,NULL,NULL,,NULL,0,0,2,2,N,N,NULL,NULL,98,9801,NULL,,Y,37.5037,37,30.222,NULL,-82.53287,82,31.972,NULL,N,NULL,NULL,NULL,NULL,NULL,NULL,NULL,NULL,2,97,1,6,1,1,2,2,1,3,N,NULL,Y,N,1304,1304,1306,N,NULL,90,,,N,,N,N,098-CS-1191-0,NULL,NULL,2023,O,7.28731E+11,098-CS-1191  -000,HIGH,098-CS-1191  -000,0.041,0,0,0,1,0,0,1,0,0,0,0,0,0
72803952,KSP0900,22-336722,20220830,2205,,,HURRICANE,,CRK,,,0,098 CR-1435,CR1435,N,N,NULL,NULL,NULL,N,NULL,NULL,NULL,NULL,NULL,NULL,0.934,NULL,NULL,NULL,NULL,,NULL,1,0,1,1,N,N,25,NULL,98,9817,NULL,,Y,37.49261,37,29.557,NULL,-82.36706,82,22.024,NULL,N,NULL,NULL,NULL,NULL,NULL,NULL,NULL,NULL,9,3,2,3,1,5,2,6,7,3,Y,NULL,Y,Y,2205,2246,2330,N,NULL,44,,,N,,N,N,098-CR-1435-0,NULL,NULL,2022,C,7.2804E+11,098-CR-1435  -000,HIGH,098-CR-1435  -000,0.934,0,0,0,0,0,0,0,0,0,0,0,1,0
72745386,980100,2.022E+11,20220326,2037,,,HAMBLEY,,BLVD,,,0,098 CS-1222,CS1222,N,N,NULL,NULL,NULL,N,NULL,NULL,NULL,NULL,NULL,NULL,0.619,NULL,NULL,NULL,NULL,,NULL,0,0,2,2,N,N,35,NULL,98,9801,NULL,,Y,37.47992,37,28.795,NULL,-82.51931,82,31.158,NULL,N,NULL,NULL,NULL,NULL,NULL,NULL,NULL,NULL,1,3,2,6,1,1,2,5,1,3,N,NULL,Y,N,2037,2041,2056,N,NULL,55,,,N,,N,N,098-CS-1222-0,NULL,NULL,2022,O,7.27454E+11,098-CS-1222  -000,HIGH,098-CS-1222  -000,0.619,0,0,0,0,0,0,0,0,0,0,0,0,0
72756547,KSP0900,22-00152534,20220426,1405,,,US23,,,US0023,US0023,0,098 US-23-10,US0023,N,N,NULL,NULL,NULL,N,NULL,NULL,NULL,NULL,NULL,NULL,30.256,NULL,NULL,NULL,NULL,,NULL,0,0,2,2,N,N,55,NULL,98,9801,NULL,,Y,37.54016,37,32.409,NULL,-82.58202,82,34.922,NULL,N,NULL,NULL,NULL,NULL,NULL,NULL,NULL,NULL,8,3,4,6,1,1,3,2,7,3,N,NULL,Y,N,1410,1410,1410,N,NULL,53,,1,N,,N,N,098-US-0023-10,NULL,NULL,2022,O,7.27565E+11,098-US-0023  -010,HIGH,098-US-0023  -000,30.256,0,0,0,1,0,0,1,0,0,0,0,1,0
72704350,980100,2.021E+11,20211202,1808,,,US23,,,US0023,US0023,0,098 US-23,US0023,N,N,NULL,NULL,NULL,N,NULL,NULL,NULL,NULL,NULL,NULL,27.509,NULL,NULL,NULL,NULL,,NULL,0,0,2,2,N,N,55,NULL,98,9807,NULL,,Y,37.5116,37,30.696,NULL,-82.55093,82,33.056,NULL,N,NULL,NULL,NULL,NULL,NULL,NULL,NULL,NULL,8,3,4,6,1,1,2,6,7,3,N,NULL,Y,N,1808,1815,1826,N,NULL,53,,1,N,,N,N,098-US-0023-0,NULL,NULL,2021,O,7.27044E+11,098-US-0023  -000,HIGH,098-US-0023  -000,27.509,0,0,0,1,0,0,0,0,0,0,0,1,0
72749076,KSP0900,22-125543,20220407,1222,,,US460,,,US0460,US0460,,,,Y,N,NULL,NULL,NULL,N,NULL,NULL,NULL,NULL,NULL,NULL,4.524,NULL,NULL,NULL,NULL,,NULL,0,0,2,2,N,N,15,NULL,98,9824,NULL,,Y,37.41648,37,24.989,NULL,-82.45359,82,27.215,NULL,N,NULL,NULL,NULL,NULL,NULL,NULL,NULL,NULL,2,97,2,6,1,1,2,2,7,3,N,NULL,Y,N,1222,1342,1342,N,NULL,90,,1,N,,N,N,,NULL,NULL,2022,O,7.27491E+11,098-US-0460  -000,HIGH,098-US-0460  -000,4.524,0,0,0,0,0,0,1,0,0,0,0,0,0
72726667,980100,2.022E+11,20220128,1532,,,CASSIDY,,BLVD,,,0,098 CS-1191,CS1191,Y,N,NULL,NULL,NULL,N,NULL,NULL,NULL,NULL,NULL,NULL,0.067,NULL,NULL,NULL,NULL,,NULL,0,0,2,2,N,N,15,NULL,98,9801,NULL,,Y,37.50366,37,30.22,NULL,-82.53323,82,31.994,NULL,N,NULL,NULL,NULL,NULL,NULL,NULL,NULL,NULL,2,97,1,6,1,1,3,2,1,3,N,NULL,Y,N,1532,1542,,N,NULL,90,,,N,,N,N,098-CS-1191-0,NULL,NULL,2022,O,7.27267E+11,098-CS-1191  -000,HIGH,098-CS-1191  -000,0.067,0,0,1,0,0,0,1,0,0,0,0,0,0
72665228,370200,2021362267,20210831,834,,,KY632,,,KY0632,KY0632,0,098 KY-632,KY0632,N,N,NULL,NULL,NULL,N,NULL,NULL,NULL,NULL,NULL,NULL,3.614,NULL,NULL,NULL,NULL,,NULL,0,0,1,1,N,N,45,NULL,98,9817,NULL,,Y,37.48699,37,29.22,NULL,-82.29641,82,17.785,NULL,N,NULL,NULL,NULL,NULL,NULL,NULL,NULL,NULL,9,3,2,3,1,5,6,2,7,3,N,NULL,Y,N,839,939,1050,N,NULL,40,6,0,N,,N,N,098-KY-0632-0,NULL,NULL,2021,O,7.26652E+11,098-KY-0632  -000,HIGH,098-KY-0632  -000,3.614,0,1,0,1,0,0,0,0,0,0,0,1,0
72656218,KSP0900,21-329558,20210808,1835,,5159,US460,,,US0460,US0460,0,098 US-460,US0460,N,N,NULL,NULL,NULL,N,NULL,NULL,NULL,NULL,NULL,NULL,4.594,NULL,NULL,NULL,NULL,,NULL,2,0,1,1,N,N,45,NULL,98,9801,NULL,,Y,37.41582,37,24.949,NULL,-82.45267,82,27.16,NULL,N,NULL,NULL,NULL,NULL,NULL,NULL,NULL,NULL,9,4,2,6,1,1,2,2,7,3,Y,NULL,Y,Y,1837,1840,,Y,NULL,51,,1,N,,N,N,098-US-0460-0,NULL,NULL,2021,B,7.26562E+11,098-US-0460  -000,HIGH,098-US-0460  -000,4.594,0,0,0,0,0,0,0,0,0,0,0,1,0
72834100,980100,2.022E+11,20221118,1249,,276,CASSIDY,,BLVD,,,0,098 CS-1191,CS1191,Y,N,NULL,NULL,NULL,N,NULL,NULL,NULL,NULL,NULL,NULL,0.287,NULL,NULL,NULL,NULL,,NULL,0,0,2,2,Y,N,NULL,NULL,98,9801,NULL,,Y,37.50496,37,30.298,NULL,-82.53656,82,32.194,NULL,N,NULL,NULL,NULL,NULL,NULL,NULL,NULL,NULL,2,97,NULL,6,1,1,2,2,1,3,N,NULL,Y,N,1249,1300,1300,N,NULL,90,,,N,,N,N,098-CS-1191-0,NULL,NULL,2022,O,7.28341E+11,098-CS-1191  -000,HIGH,098-CS-1191  -000,0.287,0,0,0,0,0,0,1,0,0,0,0,1,0
72871854,KSP0900,23-73071,20230225,1030,,,TAYLOR,,FRK,,,0,098 CR-1017,CR1017,N,N,NULL,NULL,NULL,N,NULL,NULL,NULL,NULL,NULL,NULL,0.135,NULL,NULL,NULL,NULL,,NULL,0,0,1,1,N,N,20,NULL,98,9826,NULL,,Y,37.6711,37,40.266,NULL,-82.30959,82,18.575,NULL,N,NULL,NULL,NULL,NULL,NULL,NULL,NULL,NULL,9,3,1,6,1,5,6,2,7,3,N,NULL,Y,N,1030,1030,1030,Y,NULL,44,,,N,,N,N,098-CR-1017-0,NULL,NULL,2023,O,7.28719E+11,098-CR-1017  -000,HIGH,098-CR-1017  -000,0.135,0,0,0,0,0,0,1,0,0,0,0,1,0
72866208,980100,2.023E+11,20230216,1509,,,CLAIR,,LN,,,,,,Y,N,NULL,NULL,NULL,N,NULL,NULL,NULL,NULL,NULL,NULL,0.03,NULL,NULL,NULL,NULL,,NULL,0,0,2,2,N,N,NULL,NULL,98,9801,NULL,,Y,37.47284,37,28.371,NULL,-82.54093,82,32.456,NULL,N,NULL,NULL,NULL,NULL,NULL,NULL,NULL,NULL,2,97,NULL,6,1,5,6,2,6,1,N,NULL,Y,N,1509,1511,1511,N,NULL,90,,,N,,N,N,,NULL,NULL,2023,O,7.28662E+11,098-PS-1008  -000,HIGH,098-PS-1008  -000,0.028,0,0,0,0,0,0,0,0,0,0,0,0,0
72753805,980100,2.022E+11,20220418,1308,,,CASSIDY,,BLVD,,,0,098 CS-1191,CS1191,Y,N,NULL,NULL,NULL,N,NULL,NULL,NULL,NULL,NULL,NULL,0.381,NULL,NULL,NULL,NULL,,NULL,0,0,2,2,N,N,15,NULL,98,9801,NULL,,Y,37.5049,37,30.294,NULL,-82.53835,82,32.301,NULL,N,NULL,NULL,NULL,NULL,NULL,NULL,NULL,NULL,1,97,NULL,6,1,1,2,2,1,3,N,NULL,Y,N,1308,1316,1323,N,NULL,90,,,N,,N,N,098-CS-1191-0,NULL,NULL,2022,O,7.27538E+11,098-CS-1191  -000,HIGH,098-CS-1191  -000,0.381,0,0,0,1,0,0,1,0,0,0,0,0,0
72685968,980100,2.021E+11,20211021,742,,,HAMBLEY,,BLVD,,,0,098 CS-1222,CS1222,N,N,NULL,NULL,NULL,N,NULL,NULL,NULL,NULL,NULL,NULL,0.243,NULL,NULL,NULL,NULL,,NULL,0,0,2,2,N,N,25,NULL,98,9801,NULL,,Y,37.47557,37,28.534,NULL,-82.52339,82,31.403,NULL,N,NULL,NULL,NULL,NULL,NULL,NULL,NULL,NULL,5,3,3,6,1,1,2,2,7,3,N,NULL,Y,N,745,750,750,N,NULL,49,,,N,,N,N,098-CS-1222-0,NULL,NULL,2021,O,7.2686E+11,098-CS-1222  -000,HIGH,098-CS-1222  -000,0.243,0,0,1,0,0,0,0,0,0,0,0,0,0
72832642,KSP0900,22-438726,20221115,851,,,KY194,,,KY0194,KY0194,0,098 KY-194,KY0194,N,N,NULL,NULL,NULL,N,NULL,NULL,NULL,NULL,NULL,NULL,21.327,NULL,NULL,NULL,NULL,,NULL,1,0,1,1,N,N,55,NULL,98,9817,NULL,,Y,37.53564,37,32.138,NULL,-82.38977,82,23.386,NULL,N,NULL,NULL,NULL,NULL,NULL,NULL,NULL,NULL,9,3,2,3,1,5,6,2,7,3,N,NULL,Y,N,850,930,1000,N,NULL,44,6,0,N,,N,N,098-KY-0194-0,NULL,NULL,2022,B,7.28326E+11,098-KY-0194  -000,HIGH,098-KY-0194  -000,21.327,0,0,0,0,0,0,0,1,0,0,0,1,0
72828858,980100,2.022E+11,20221109,1405,,911,BYPASS,,RD,,,0,098 CS-1223,CS1223,Y,N,NULL,NULL,NULL,N,NULL,NULL,NULL,NULL,NULL,NULL,NULL,NULL,NULL,NULL,NULL,NULL,NULL,0,0,2,2,N,N,NULL,NULL,98,9801,NULL,,Y,37.47128,37,28.277,NULL,-82.52117,82,31.27,NULL,N,NULL,NULL,NULL,NULL,NULL,NULL,NULL,NULL,1,97,1,6,2,1,2,2,1,3,N,NULL,Y,N,1406,1409,1409,N,NULL,90,,,N,,N,N,098-CS-1223-0,NULL,NULL,2022,O,7.28289E+11,098-CS-1223  -000,HIGH,098-CS-1223  -000,0.136,0,0,0,0,0,0,1,0,0,0,0,0,0
72764467,980100,2.022E+11,20220516,1504,,,CASSIDY,,BLVD,,,0,098 CS-1191,CS1191,Y,N,NULL,NULL,NULL,N,NULL,NULL,NULL,NULL,NULL,NULL,0.25,NULL,NULL,NULL,NULL,,NULL,0,0,2,2,N,N,NULL,NULL,98,9801,NULL,,Y,37.50454,37,30.273,NULL,-82.53595,82,32.157,NULL,N,NULL,NULL,NULL,NULL,NULL,NULL,NULL,NULL,8,97,NULL,6,1,1,2,2,1,3,N,NULL,Y,N,1504,1510,1510,N,NULL,90,,,N,,N,N,098-CS-1191-0,NULL,NULL,2022,O,7.27645E+11,098-CS-1191  -000,HIGH,098-CS-1191  -000,0.25,0,0,0,0,0,0,1,0,0,0,0,1,0
72851141,980100,2.023E+11,20230105,1702,,,US23,,,US0023,US0023,0,098 US-23-10,US0023,N,N,NULL,NULL,NULL,N,NULL,NULL,NULL,NULL,NULL,NULL,26.343,NULL,NULL,NULL,NULL,,NULL,0,0,2,2,N,N,55,NULL,98,9801,NULL,,Y,37.50448,37,30.269,NULL,-82.53245,82,31.947,NULL,N,NULL,NULL,NULL,NULL,NULL,NULL,NULL,NULL,5,3,4,6,1,1,2,2,7,3,N,NULL,N,N,1702,1706,1717,N,NULL,70,,1,N,,N,N,098-US-0023-10,NULL,NULL,2023,O,7.28511E+11,098-US-0023  -010,HIGH,098-US-0023  -000,26.279,0,0,1,1,0,0,0,0,0,0,0,0,0
72815477,KSP0900,22-387558,20221007,1234,,,KY611,,,KY0611,KY0611,0,098 KY-611,KY0611,N,N,NULL,NULL,NULL,N,NULL,NULL,NULL,NULL,NULL,NULL,5.947,NULL,NULL,NULL,NULL,,NULL,0,0,2,1,N,N,35,NULL,98,9830,NULL,,Y,37.3148,37,18.888,NULL,-82.54834,82,32.9,NULL,N,NULL,NULL,NULL,NULL,NULL,NULL,NULL,NULL,9,3,2,6,1,1,2,2,7,3,N,NULL,N,N,1234,1244,1244,N,NULL,36,8,0,N,,N,N,098-KY-0611-0,NULL,NULL,2022,O,7.28155E+11,098-KY-0611  -000,HIGH,098-KY-0611  -000,5.947,0,0,0,1,1,0,0,0,0,0,0,0,0
72813657,980100,2.022E+11,20221005,1231,,120,JUSTICE WAY,,RD,,,0,098 CS-1215,CS1215,Y,N,NULL,NULL,NULL,N,NULL,NULL,NULL,NULL,NULL,NULL,NULL,NULL,NULL,NULL,NULL,NULL,NULL,0,0,2,2,N,N,NULL,NULL,98,9801,NULL,,Y,37.50715,37,30.429,NULL,-82.54703,82,32.821,NULL,N,NULL,NULL,NULL,NULL,NULL,NULL,NULL,NULL,2,97,1,6,1,1,2,2,1,3,N,NULL,Y,N,1232,1244,1244,N,NULL,90,,,N,,N,N,098-CS-1215-0,NULL,NULL,2022,O,7.28137E+11,098-CS-1215  -000,HIGH,098-CS-1215  -000,0.31,0,0,0,0,0,0,1,0,0,0,0,0,0
72852275,980100,2.023E+11,20230105,1521,,,US23,,,US0023,US0023,0,098 US-23,US0023,N,N,NULL,NULL,NULL,N,NULL,NULL,NULL,NULL,NULL,NULL,25.398,NULL,NULL,NULL,NULL,,NULL,0,0,2,2,N,N,55,NULL,98,9801,NULL,,Y,37.49262,37,29.557,NULL,-82.53446,82,32.068,NULL,N,NULL,NULL,NULL,NULL,NULL,NULL,NULL,NULL,5,3,4,6,1,1,2,2,7,3,N,NULL,Y,N,1524,1526,1526,N,NULL,49,,1,N,,N,N,098-US-0023-0,NULL,NULL,2023,O,7.28523E+11,098-US-0023  -000,HIGH,098-US-0023  -000,25.381,0,0,1,0,0,0,0,0,0,0,0,0,0
72806711,980100,2.022E+11,20220916,1908,,,US23,,,US0023,US0023,0,098 US-23,US0023,N,Y,FREDDY,,LN,N,NULL,NULL,NULL,NULL,NULL,NULL,21.627,NULL,NULL,NULL,NULL,,NULL,0,0,2,2,N,N,55,NULL,98,9801,NULL,,Y,37.4535,37,27.21,NULL,-82.52213,82,31.328,NULL,N,NULL,NULL,NULL,NULL,NULL,NULL,NULL,NULL,4,3,4,6,1,1,2,2,1,3,N,NULL,Y,N,1908,1910,1945,N,NULL,16,,1,N,,N,N,098-US-0023-0,NULL,NULL,2022,O,7.28067E+11,098-US-0023  -000,HIGH,098-US-0023  -000,21.627,0,0,0,1,0,0,1,1,0,0,1,0,0
72809813,980100,2.022E+11,20220927,1507,,,CASSIDY,,BLVD,,,0,098 CS-1191,CS1191,Y,N,NULL,NULL,NULL,N,NULL,NULL,NULL,NULL,NULL,NULL,0.335,NULL,NULL,NULL,NULL,,NULL,0,0,2,2,N,N,15,NULL,98,9801,NULL,,Y,37.50527,37,30.316,NULL,-82.53761,82,32.256,NULL,N,NULL,NULL,NULL,NULL,NULL,NULL,NULL,NULL,2,97,2,6,1,1,2,2,1,3,N,NULL,Y,N,1507,1514,1514,N,NULL,90,,,N,,N,N,098-CS-1191-0,NULL,NULL,2022,O,7.28098E+11,098-CS-1191  -000,HIGH,098-CS-1191  -000,0.335,0,0,0,0,0,0,1,0,0,0,0,0,0
72815200,KSP0900,22-390382,20221009,1409,,,US460,,,US0460,US0460,,,,Y,N,NULL,NULL,NULL,N,NULL,NULL,NULL,NULL,NULL,NULL,0.928,NULL,NULL,NULL,NULL,,NULL,0,0,2,2,N,N,15,NULL,98,9824,NULL,,Y,37.43137,37,25.882,NULL,-82.50507,82,30.304,NULL,N,NULL,NULL,NULL,NULL,NULL,NULL,NULL,NULL,2,97,1,6,3,1,2,2,1,3,N,NULL,Y,N,1409,1441,1441,N,NULL,90,,1,Y,,N,N,,NULL,NULL,2022,O,7.28152E+11,098-US-0460  -000,HIGH,098-US-0460  -000,0.928,0,0,0,0,0,0,1,0,0,0,0,0,0
72817136,KSP0900,22-399016,20221016,1033,,,KY632,,,KY0632,KY0632,0,098 KY-632,KY0632,N,N,NULL,NULL,NULL,N,NULL,NULL,NULL,NULL,NULL,NULL,6.986,NULL,NULL,NULL,NULL,,NULL,1,0,1,1,N,N,55,NULL,98,9817,NULL,,Y,37.49238,37,29.543,NULL,-82.24596,82,14.758,NULL,N,NULL,NULL,NULL,NULL,NULL,NULL,NULL,NULL,9,5,2,1,1,5,6,2,7,3,Y,NULL,Y,Y,1034,1100,1100,N,NULL,44,6,0,N,,N,N,098-KY-0632-0,NULL,NULL,2022,B,7.28171E+11,098-KY-0632  -000,HIGH,098-KY-0632  -000,6.986,0,0,0,0,0,0,0,0,0,1,0,1,0
72814392,KSP0900,22-385141,20221005,1608,,,FISHTRAP,,RD,KY1441,KY1441,0,098 KY-1441,KY1441,N,N,NULL,NULL,NULL,N,NULL,NULL,NULL,NULL,NULL,NULL,9.16,NULL,NULL,NULL,NULL,,NULL,0,0,2,2,N,N,45,NULL,98,9801,NULL,,Y,37.50448,37,30.269,NULL,-82.44948,82,26.969,NULL,N,NULL,NULL,NULL,NULL,NULL,NULL,NULL,NULL,1,3,2,3,1,1,2,2,7,3,N,NULL,Y,N,1608,1630,1650,N,NULL,55,8,0,N,,N,N,098-KY-1441-0,NULL,NULL,2022,O,7.28144E+11,098-KY-1441  -000,HIGH,098-KY-1441  -000,9.16,0,0,0,1,0,0,0,0,0,0,0,0,0