MasterFile,AgencyORINumber,LocalCode,CollisionDate,CollisionTime,CollisionDayWeekCode,RoadwayName_HouseBusinessNumber_,RoadwayName_RoadwayName_,RoadwayName_Direction_,RoadwayName_RoadwaySuffix_,RoadwayfromReport,CurrentRoadwayNumber,RoadwayNumberCoupletID,RSEUniqueGIS,RoadwayIdentifier,ParkingLotIndicator,IntersectionWith_Indicator_,IntersectionWith_NameRoadway_,IntersectionWith_Direction_,IntersectionWith_RoadwaySuffix_,BetweenStreets_Indicator_,BetweenStreets1_NameRoadway_,BetweenStreet1_Direction_,BetweenStreets1_RoadwaySuffix_,BetweenStreets2_NameRoadway_,BetweenStreets2_Direction_,BetweenStreets2_RoadwaySuffix_,Milepoint,ReportMilepointDeriveNumber,CurrentDerivedMiepointNumber,MilestoMilepoint,FeettoMilepoint,DirectionfromMilepoint_NSEW_,ValidMilepointIndicator,NumberInjured,NumberKilled,ofUnits,ofMotorVehicleUnits,Hit&RunIndicator,OneWayIndicator,SpeedLimitNumber,KilometersIndicator,CountyCode,CityCountyCode,MilesFromCity,DirectionFromCity_NSEW_,InCityLimitsIndicator,Latitude,LatitudeDegrees,LatitudeMinutes,LatitudeSeconds,Longitude,LongitudeDegrees,LongitudeMinutes,LongitudeSeconds,RampIndicator,RampFromIdentifier,RampFromDirCode,RampFromCoupletID,RSEUniqueGISRampFrom,RampToidentifier,RampToDirCode,RampToCoupletID,RSEUniqueGisRampTo,MannerofCollisionCode,LocationFirstEventCode,TotalLanes,RoadwayCharacterCode,RoadwaySurfaceCode,RoadwayConditionCode,WeatherCode,LightConditionCode,LandUseCode,SchoolBusRelatedCode,FirstAidSceneIndicator,CollDescPresentInd,InvestigationCompleteIndicator,PhotosTakenIndicator,TimeNotified,TimeArrived,TimeRoadwayOpened,PropertyDamageIndicator,DiagramPresentIndicator,DirectionalAnalysis,FunctionClassCode,NationalHwySysCode,EnforcementsIndicator,KARSCityCode,SecondaryCollisionIndicator,MedianCrossoverIndicator,RT_UNIQUE,MapIt,TimeLastLeft,YR,KABCO,MFNY,WorkingRID,RT_CONFIDENCE,KTC_RT,KTC_MP,Motorcyclist,CommercialVehicle,YoungDriver,MatureDriver,pedestrian,Bicyclist,Distracted,agressive,Impaired,Unrestrained,Intersection,RoadwayDeparture,MedXover
72809811,980100,2.022E+11,20220921,2215,,,HAMBLEY,,BLVD,,,0,098 CS-1222,CS1222,Y,N,NULL,NULL,NULL,N,NULL,NULL,NULL,NULL,NULL,NULL,0.509,NULL,NULL,NULL,NULL,,NULL,0,0,2,2,N,N,15,NULL,98,9801,NULL,,Y,37.47853,37,28.712,NULL,-82.52028,82,31.217,NULL,N,NULL,NULL,NULL,NULL,NULL,NULL,NULL,NULL,2,97,2,5,2,1,2,5,1,3,N,NULL,Y,N,2215,2217,2217,N,NULL,90,,,N,,N,N,098-CS-1222-0,NULL,NULL,2022,O,7.28098E+11,098-CS-1222  -000,HIGH,098-CS-1222  -000,0.509,0,0,1,0,0,0,1,0,0,0,0,0,0
72822524,980100,2.022E+11,20221029,1115,,,ADAMS,,LN,,,0,098 CS-1182,CS1182,Y,N,NULL,NULL,NULL,N,NULL,NULL,NULL,NULL,NULL,NULL,0.226,NULL,NULL,NULL,NULL,,NULL,0,0,2,2,N,N,NULL,NULL,98,9801,NULL,,Y,37.48525,37,29.115,NULL,-82.54436,82,32.662,NULL,N,NULL,NULL,NULL,NULL,NULL,NULL,NULL,NULL,1,97,NULL,6,3,1,2,2,5,3,N,NULL,Y,N,1116,1116,1116,N,NULL,90,,,N,,N,N,098-CS-1182-0,NULL,NULL,2022,O,7.28225E+11,098-CS-1182  -000,HIGH,098-CS-1182  -000,0.226,0,0,0,1,0,0,1,0,0,0,0,0,0
72769204,980100,2.022E+11,20220603,1413,,,CASSIDY,,BLVD,,,0,098 CS-1191,CS1191,Y,N,NULL,NULL,NULL,N,NULL,NULL,NULL,NULL,NULL,NULL,0.348,NULL,NULL,NULL,NULL,,NULL,0,0,2,2,N,N,NULL,NULL,98,9801,NULL,,Y,37.50517,37,30.31,NULL,-82.53782,82,32.269,NULL,N,NULL,NULL,NULL,NULL,NULL,NULL,NULL,NULL,2,97,NULL,6,1,1,2,2,1,3,N,NULL,Y,N,1413,1422,1422,N,NULL,90,,,N,,N,N,098-CS-1191-0,NULL,NULL,2022,O,7.27692E+11,098-CS-1191  -000,HIGH,098-CS-1191  -000,0.348,0,0,0,1,0,0,0,0,0,0,0,0,0
72766309,980100,2.022E+11,20220527,1103,,,HAROLDS BRANCH,,RD,,,0,098 CS-1223,CS1223,Y,N,NULL,NULL,NULL,N,NULL,NULL,NULL,NULL,NULL,NULL,0.006,NULL,NULL,NULL,NULL,,NULL,0,0,2,2,N,N,NULL,NULL,98,9801,NULL,,Y,37.47274,37,28.364,NULL,-82.52265,82,31.359,NULL,N,NULL,NULL,NULL,NULL,NULL,NULL,NULL,NULL,1,97,NULL,5,1,1,3,2,1,3,N,NULL,Y,N,1103,1107,1107,N,NULL,90,,,N,,N,N,098-CS-1223-0,NULL,NULL,2022,O,7.27663E+11,098-CS-1223  -000,HIGH,098-CS-1223  -000,0.006,0,0,0,1,0,0,1,0,0,0,0,0,0
72852276,980100,2.023E+11,20230105,1449,,,US23,,,US0023,US0023,0,098 US-23,US0023,N,N,NULL,NULL,NULL,N,NULL,NULL,NULL,NULL,NULL,NULL,26.288,NULL,NULL,NULL,NULL,,NULL,4,0,2,2,N,N,55,NULL,98,9801,NULL,,Y,37.50372,37,30.223,NULL,-82.53215,82,31.929,NULL,N,NULL,NULL,NULL,NULL,NULL,NULL,NULL,NULL,1,3,4,6,1,1,2,2,7,3,Y,NULL,Y,Y,1450,1453,1638,N,NULL,55,,1,Y,,N,N,098-US-0023-0,NULL,NULL,2023,C,7.28523E+11,098-US-0023  -000,HIGH,098-US-0023  -000,26.225,0,0,0,1,0,0,0,1,0,0,0,0,0
72800192,KSP0900,22-327836,20220824,1520,,,KY1426,,,KY1426,KY1426,0,098 KY-1426,KY1426,N,N,NULL,NULL,NULL,N,NULL,NULL,NULL,NULL,NULL,NULL,11.699,NULL,NULL,NULL,NULL,,NULL,0,0,2,2,N,N,55,NULL,98,9828,NULL,,Y,37.53257,37,31.954,NULL,-82.46803,82,28.081,NULL,N,NULL,NULL,NULL,NULL,NULL,NULL,NULL,NULL,5,3,2,6,1,1,3,2,7,3,N,NULL,Y,N,1525,1600,1525,N,NULL,49,7,0,N,,N,N,098-KY-1426-0,NULL,NULL,2022,O,7.28002E+11,098-KY-1426  -000,HIGH,098-KY-1426  -000,11.699,0,0,1,0,0,0,1,0,0,0,0,0,0
72772493,980000,2206001,20220606,1110,,205,VIRGINA ST,,,,,,,,N,N,NULL,NULL,NULL,N,NULL,NULL,NULL,NULL,NULL,NULL,NULL,NULL,NULL,NULL,NULL,NULL,NULL,0,0,2,2,N,N,15,NULL,98,9834,0.1,N,N,37.67317,37,40.39,NULL,-82.28244,82,16.946,NULL,N,NULL,NULL,NULL,NULL,NULL,NULL,NULL,NULL,2,7,2,6,1,1,2,2,1,3,N,NULL,N,N,1115,1120,1150,N,NULL,56,,,N,,N,N,,NULL,NULL,2022,O,7.27725E+11,098-CR-1035K -000,MEDIUM,098-CR-1035K -000,0.015,0,0,0,1,0,0,1,0,0,0,0,0,0
72834635,980100,2.022E+11,20221127,1445,,,CASSIDY,,BLVD,,,0,098 CS-1191,CS1191,Y,N,NULL,NULL,NULL,N,NULL,NULL,NULL,NULL,NULL,NULL,0.265,NULL,NULL,NULL,NULL,,NULL,0,0,2,2,N,N,15,NULL,98,9801,NULL,,Y,37.50542,37,30.325,NULL,-82.53619,82,32.171,NULL,N,NULL,NULL,NULL,NULL,NULL,NULL,NULL,NULL,4,97,NULL,6,1,1,2,2,1,3,N,NULL,Y,N,1446,1449,1525,N,NULL,90,,,N,,N,N,098-CS-1191-0,NULL,NULL,2022,O,7.28346E+11,098-CS-1191  -000,HIGH,098-CS-1191  -000,0.265,0,0,1,0,0,0,1,0,0,0,0,0,0
72814959,KSP0900,22-386721,20221006,1909,,,US23,,,US0023,US0023,0,098 US-23-10,US0023,N,N,NULL,NULL,NULL,N,NULL,NULL,NULL,NULL,NULL,NULL,6.175,NULL,NULL,NULL,NULL,,NULL,1,0,1,1,N,N,55,NULL,98,9809,NULL,,Y,37.29165,37,17.499,NULL,-82.54941,82,32.965,NULL,N,NULL,NULL,NULL,NULL,NULL,NULL,NULL,NULL,9,3,4,2,1,1,2,2,7,3,Y,NULL,N,Y,1909,1920,2015,N,NULL,70,,1,N,,N,N,098-US-0023-10,NULL,NULL,2022,A,7.2815E+11,098-US-0023  -010,HIGH,098-US-0023  -000,6.175,0,0,0,0,0,0,0,0,0,0,0,1,0
72743776,980100,2.022E+11,20220323,1013,,183,CASSIDY,,BLVD,,,0,098 CS-1191,CS1191,Y,N,NULL,NULL,NULL,N,NULL,NULL,NULL,NULL,NULL,NULL,0.048,NULL,NULL,NULL,NULL,,NULL,0,0,2,2,N,N,NULL,NULL,98,9801,NULL,,Y,37.50369,37,30.222,NULL,-82.53294,82,31.977,NULL,N,NULL,NULL,NULL,NULL,NULL,NULL,NULL,NULL,1,97,1,6,1,1,2,2,1,3,N,NULL,Y,N,1013,1019,1019,N,NULL,90,,,N,,N,N,098-CS-1191-0,NULL,NULL,2022,O,7.27438E+11,098-CS-1191  -000,HIGH,098-CS-1191  -000,0.048,0,0,0,0,0,0,1,0,0,0,0,0,0
72801864,KSP0900,22-338731,20220901,1302,,,US119,,,US0119,US0119,0,098 US-119-10,US0119,N,N,NULL,NULL,NULL,N,NULL,NULL,NULL,NULL,NULL,NULL,3.907,NULL,NULL,NULL,NULL,,NULL,0,0,2,2,N,N,55,NULL,98,9828,NULL,,Y,37.51436,37,30.862,NULL,-82.46556,82,27.934,NULL,N,NULL,NULL,NULL,NULL,NULL,NULL,NULL,NULL,8,3,2,6,1,1,2,2,1,3,N,NULL,Y,N,1302,1416,1416,N,NULL,53,2,1,N,,N,N,098-US-0119-10,NULL,NULL,2022,O,7.28019E+11,098-US-0119  -010,HIGH,098-US-0119  -000,3.907,0,0,0,1,0,0,1,0,0,0,0,1,0
72847031,KSP0900,22-476661,20221214,1324,,,US119,,,US0119,US0119,0,098 US-119,US0119,N,N,NULL,NULL,NULL,N,NULL,NULL,NULL,NULL,NULL,NULL,0.529,NULL,NULL,NULL,NULL,,NULL,0,0,2,2,N,N,55,NULL,98,9801,NULL,,Y,37.50673,37,30.404,NULL,-82.52328,82,31.397,NULL,N,NULL,NULL,NULL,NULL,NULL,NULL,NULL,NULL,5,3,2,6,1,5,6,2,7,3,N,NULL,Y,N,1324,1338,1338,N,NULL,49,2,1,N,,N,N,098-US-0119-0,NULL,NULL,2022,O,7.2847E+11,098-US-0119  -000,HIGH,098-US-0119  -000,0.529,0,0,1,0,0,0,0,1,0,0,0,0,0
72812646,KSP0900,22-380031,20221001,1655,,,TOLER,,RD,KY0319,KY0319,0,098 KY-319,KY0319,N,N,NULL,NULL,NULL,N,NULL,NULL,NULL,NULL,NULL,NULL,1.173,NULL,NULL,NULL,NULL,,NULL,3,0,1,1,N,N,45,NULL,98,9842,NULL,,Y,37.5868,37,35.208,NULL,-82.19761,82,11.857,NULL,N,NULL,NULL,NULL,NULL,NULL,NULL,NULL,NULL,9,3,2,1,1,5,6,2,7,3,Y,NULL,N,Y,1655,1705,1755,N,NULL,44,7,0,N,,N,N,098-KY-0319-0,NULL,NULL,2022,C,7.28126E+11,098-KY-0319  -000,HIGH,098-KY-0319  -000,1.173,0,0,0,0,0,0,0,0,0,0,0,1,0
72811940,KSP0900,22-381239,20221002,1600,,,KY1426,,,KY1426,KY1426,0,098 KY-1426,KY1426,N,N,NULL,NULL,NULL,N,NULL,NULL,NULL,NULL,NULL,NULL,12.593,NULL,NULL,NULL,NULL,,NULL,0,0,1,1,N,N,55,NULL,98,9828,NULL,,Y,37.54448,37,32.669,NULL,-82.46767,82,28.06,NULL,N,NULL,NULL,NULL,NULL,NULL,NULL,NULL,NULL,9,3,2,6,1,5,3,2,7,3,N,NULL,Y,N,1600,1600,1600,N,NULL,38,7,0,N,,N,N,098-KY-1426-0,NULL,NULL,2022,O,7.28119E+11,098-KY-1426  -000,HIGH,098-KY-1426  -000,12.593,0,0,0,0,0,0,0,0,0,0,0,0,0
72831377,KSP0900,22-442336,20221118,511,,,ELKHORN,,CRK,KY0197,KY0197,,,,N,N,NULL,NULL,NULL,N,NULL,NULL,NULL,NULL,NULL,NULL,7.855,NULL,NULL,NULL,NULL,,NULL,1,0,1,1,N,N,55,NULL,98,9802,NULL,,Y,37.25828,37,15.497,NULL,-82.45917,82,27.55,NULL,N,NULL,NULL,NULL,NULL,NULL,NULL,NULL,NULL,9,3,2,4,1,1,2,6,7,3,N,NULL,Y,Y,511,540,800,N,NULL,70,7,0,N,,N,N,,NULL,NULL,2022,C,7.28314E+11,098-KY-0197  -000,HIGH,098-KY-0197  -000,7.855,0,0,0,0,0,0,0,0,0,0,0,1,0
72793002,KSP0900,22-308821,20220810,1821,,,US460,,,US0460,US0460,0,098 US-460,US0460,N,N,NULL,NULL,NULL,N,NULL,NULL,NULL,NULL,NULL,NULL,11.646,NULL,NULL,NULL,NULL,,NULL,0,0,2,2,N,N,55,NULL,98,9802,NULL,,Y,37.35524,37,21.314,NULL,-82.38951,82,23.371,NULL,N,NULL,NULL,NULL,NULL,NULL,NULL,NULL,NULL,5,3,2,3,1,5,6,2,7,3,N,NULL,Y,N,1821,1908,1821,N,NULL,49,,1,N,,N,N,098-US-0460-0,NULL,NULL,2022,O,7.2793E+11,098-US-0460  -000,HIGH,098-US-0460  -000,11.646,0,0,1,0,0,0,0,0,0,0,0,0,0
72829740,KSP0900,22-414976,20221028,1240,,,KY194,,,KY0194,KY0194,0,098 KY-194,KY0194,Y,N,NULL,NULL,NULL,N,NULL,NULL,NULL,NULL,NULL,NULL,55.811,NULL,NULL,NULL,NULL,,NULL,0,0,2,2,N,N,NULL,NULL,98,9804,NULL,,Y,37.5222,37,31.332,NULL,-82.15536,82,9.322,NULL,N,NULL,NULL,NULL,NULL,NULL,NULL,NULL,NULL,2,97,2,6,1,1,2,2,7,3,N,NULL,N,N,1240,1300,1315,N,NULL,90,7,0,N,,N,N,098-KY-0194-0,NULL,NULL,2022,O,7.28297E+11,098-KY-0194  -000,HIGH,098-KY-0194  -000,55.811,0,1,0,1,0,0,0,0,0,0,0,0,0
72742469,980100,2.022E+11,20220320,1815,,,BYPASS,S,RD,KY1426,KY1426,,,,Y,N,NULL,NULL,NULL,N,NULL,NULL,NULL,NULL,NULL,NULL,6.563,NULL,NULL,NULL,NULL,,NULL,0,0,2,2,N,N,15,NULL,98,9801,NULL,,Y,37.48252,37,28.952,NULL,-82.51366,82,30.82,NULL,N,NULL,NULL,NULL,NULL,NULL,NULL,NULL,NULL,2,97,NULL,6,1,1,2,2,1,3,N,NULL,Y,N,1815,1820,,N,NULL,90,,0,N,,N,N,,NULL,NULL,2022,O,7.27425E+11,098-KY-1426  -000,HIGH,098-KY-1426  -000,6.563,0,0,0,0,0,0,1,1,0,0,0,0,0
72792698,KSP0900,22-301028,20220805,1039,,,ZEBULON,,HWY,KY1426,KY1426,0,098 KY-1426,KY1426,N,N,NULL,NULL,NULL,N,NULL,NULL,NULL,NULL,NULL,NULL,11.83,NULL,NULL,NULL,NULL,,NULL,0,0,2,2,N,N,55,NULL,98,9828,NULL,,Y,37.53399,37,32.039,NULL,-82.46644,82,27.986,NULL,N,NULL,NULL,NULL,NULL,NULL,NULL,NULL,NULL,5,3,2,6,1,1,2,2,7,3,N,NULL,Y,N,1039,1055,1055,N,NULL,49,7,0,N,,N,N,098-KY-1426-0,NULL,NULL,2022,O,7.27927E+11,098-KY-1426  -000,HIGH,098-KY-1426  -000,11.83,0,0,0,0,0,0,1,0,0,0,0,0,0
72724385,KSP0900,22-31107,20220126,758,,,MAIN ST CONN,,,,,0,098 CS-3000-71,CS3000,N,N,NULL,NULL,NULL,N,NULL,NULL,NULL,NULL,NULL,NULL,0.022,NULL,NULL,NULL,NULL,,NULL,0,0,2,2,N,N,35,NULL,98,9807,NULL,,Y,37.51886,37,31.132,NULL,-82.56633,82,33.98,NULL,N,NULL,NULL,NULL,NULL,NULL,NULL,NULL,NULL,1,3,2,6,1,1,2,2,7,3,N,NULL,Y,N,800,830,830,N,NULL,55,,,N,,N,N,098-CS-3000-71,NULL,NULL,2022,O,7.27244E+11,098-CS-3000  -071,HIGH,098-CS-3000  -071,0.022,0,0,1,0,0,0,0,1,0,0,0,0,0
72724491,KSP0900,22-23604,20220119,1701,,,KY1469,,,KY1469,KY1469,0,098 KY-1469,KY1469,N,N,NULL,NULL,NULL,N,NULL,NULL,NULL,NULL,NULL,NULL,3.107,NULL,NULL,NULL,NULL,,NULL,0,0,2,1,N,N,55,NULL,98,9827,NULL,,Y,37.27652,37,16.591,NULL,-82.68146,82,40.888,NULL,N,NULL,NULL,NULL,NULL,NULL,NULL,NULL,NULL,3,3,2,3,1,5,6,6,7,3,N,NULL,Y,Y,1701,1721,1916,N,NULL,52,8,0,N,,N,N,098-KY-1469-0,NULL,NULL,2022,O,7.27245E+11,098-KY-1469  -000,HIGH,098-KY-1469  -000,3.107,0,0,0,1,0,0,0,1,0,1,0,1,0
72725086,980100,2.022E+11,20220128,1518,,,BAIRD,,AVE,KY1426,KY1426,,,,N,N,NULL,NULL,NULL,N,NULL,NULL,NULL,NULL,NULL,NULL,5.415,NULL,NULL,NULL,NULL,,NULL,1,0,1,1,N,N,25,NULL,98,9801,NULL,,Y,37.47299,37,28.379,NULL,-82.52704,82,31.623,NULL,N,NULL,NULL,NULL,NULL,NULL,NULL,NULL,NULL,9,97,4,6,1,5,9,2,1,3,Y,NULL,Y,Y,1518,1520,1520,N,NULL,40,,0,Y,,N,N,,NULL,NULL,2022,C,7.27251E+11,098-KY-1426  -000,HIGH,098-KY-1426  -000,5.415,0,0,0,1,0,0,1,0,1,0,0,1,0
72830334,KSP0900,22-439568,20221115,2150,,,SCHOOL HOUSE,,BR,,,0,098 CR-1618,CR1618,N,N,NULL,NULL,NULL,N,NULL,NULL,NULL,NULL,NULL,NULL,NULL,NULL,NULL,NULL,NULL,,NULL,0,0,1,1,N,N,55,NULL,98,9802,NULL,,Y,37.31248,37,18.749,NULL,-82.29066,82,17.439,NULL,N,NULL,NULL,NULL,NULL,NULL,NULL,NULL,NULL,9,3,2,6,1,5,6,6,7,3,N,NULL,N,N,2150,2225,2225,N,NULL,38,,,N,,N,N,098-CR-1618-0,NULL,NULL,2022,O,7.28303E+11,098-CR-1618  -000,MEDIUM,098-CR-1618  -000,0,0,0,0,0,0,0,0,0,0,0,0,0,0
72811899,KSP0900,22-379734,20221001,1313,,,KY194,,,KY0194,KY0194,0,098 KY-194,KY0194,N,N,NULL,NULL,NULL,N,NULL,NULL,NULL,NULL,NULL,NULL,18.381,NULL,NULL,NULL,NULL,,NULL,0,0,1,1,N,N,40,NULL,98,9801,NULL,,Y,37.5586,37,33.516,NULL,-82.422,82,25.32,NULL,N,NULL,NULL,NULL,NULL,NULL,NULL,NULL,NULL,9,3,2,1,1,5,6,2,7,3,N,NULL,N,N,1312,1333,1342,N,NULL,40,6,5,N,,N,N,098-KY-0194-0,NULL,NULL,2022,O,7.28119E+11,098-KY-0194  -000,HIGH,098-KY-0194  -000,18.381,0,0,0,0,0,0,0,0,0,0,0,1,0
72833464,980100,2.022E+11,20221123,1457,,258,CASSIDY,,BLVD,,,0,098 CS-1191,CS1191,Y,N,NULL,NULL,NULL,N,NULL,NULL,NULL,NULL,NULL,NULL,0.209,NULL,NULL,NULL,NULL,,NULL,0,0,2,2,N,N,20,NULL,98,9801,NULL,,Y,37.50412,37,30.247,NULL,-82.53536,82,32.122,NULL,N,NULL,NULL,NULL,NULL,NULL,NULL,NULL,NULL,2,97,NULL,6,1,1,2,2,5,3,N,NULL,Y,N,1458,1506,1506,N,NULL,90,,,N,,N,N,098-CS-1191-0,NULL,NULL,2022,O,7.28335E+11,098-CS-1191  -000,HIGH,098-CS-1191  -000,0.209,0,0,0,0,0,0,1,0,0,1,0,0,0
72872365,KSP0900,23-83230,20230303,2024,,,US119,,,US0119,US0119,0,098 US-119-10,US0119,N,N,NULL,NULL,NULL,N,NULL,NULL,NULL,NULL,NULL,NULL,5.872,NULL,NULL,NULL,NULL,,NULL,0,0,1,1,N,N,55,NULL,98,9828,NULL,,Y,37.53743,37,32.246,NULL,-82.44975,82,26.985,NULL,N,NULL,NULL,NULL,NULL,NULL,NULL,NULL,NULL,9,2,2,5,1,1,3,6,7,3,N,NULL,Y,Y,2024,2038,2024,N,NULL,70,2,1,N,,N,Y,098-US-0119-10,NULL,NULL,2023,O,7.28724E+11,098-US-0119  -010,HIGH,098-US-0119  -000,5.874,0,0,0,0,0,0,0,0,0,0,0,1,0
72813652,980500,2022AR047,20221007,1155,,,RIGHT FORK OF COWPEN,,RD,,,0,098 CR-1321Q4,CR1321Q4,N,N,NULL,NULL,NULL,N,NULL,NULL,NULL,NULL,NULL,NULL,NULL,NULL,NULL,NULL,NULL,NULL,NULL,0,0,2,2,N,N,35,NULL,98,9807,NULL,,Y,37.55651,37,33.391,NULL,-82.52718,82,31.631,NULL,N,NULL,NULL,NULL,NULL,NULL,NULL,NULL,NULL,2,3,2,5,1,1,2,2,6,3,N,NULL,Y,Y,1155,1200,1200,N,NULL,56,,,N,,N,N,098-CR-1321Q4-0,NULL,NULL,2022,O,7.28137E+11,098-CR-1321Q4-000,HIGH,098-CR-1321Q4-000,0.284,0,1,0,1,0,0,0,0,0,0,0,0,0
72728997,980100,2.022E+11,20220129,1840,,,HUFFMAN,,AVE,,,0,098 CS-1123,CS1123,Y,N,NULL,NULL,NULL,N,NULL,NULL,NULL,NULL,NULL,NULL,0.15,NULL,NULL,NULL,NULL,,NULL,0,0,2,2,N,N,35,NULL,98,9801,NULL,,Y,37.47818,37,28.691,NULL,-82.51926,82,31.156,NULL,N,NULL,NULL,NULL,NULL,NULL,NULL,NULL,NULL,2,97,NULL,6,1,1,2,8,1,3,N,NULL,Y,N,1840,1848,1900,N,NULL,90,,,N,,N,N,098-CS-1123-0,NULL,NULL,2022,O,7.2729E+11,098-CS-1123  -000,HIGH,098-CS-1123  -000,0.15,0,0,0,0,0,0,1,0,0,0,0,0,0
72847808,KSP0900,22-495350,20221228,815,,,TOLER,,RD,KY0319,KY0319,0,098 KY-319,KY0319,N,N,NULL,NULL,NULL,N,NULL,NULL,NULL,NULL,NULL,NULL,3.606,NULL,NULL,NULL,NULL,,NULL,0,0,1,1,N,N,55,NULL,98,9842,NULL,,Y,37.60664,37,36.398,NULL,-82.22723,82,13.634,NULL,N,NULL,NULL,NULL,NULL,NULL,NULL,NULL,NULL,9,3,2,6,1,1,2,2,7,3,N,NULL,Y,N,815,845,900,N,NULL,38,7,0,N,,N,N,098-KY-0319-0,NULL,NULL,2022,O,7.28478E+11,098-KY-0319  -000,HIGH,098-KY-0319  -000,3.606,0,0,0,1,0,0,0,0,0,0,0,0,0
72848095,KSP0900,22-496359,20221228,2053,,,BIG CREEK,,RD,KY0468,KY0468,0,098 KY-468,KY0468,N,N,NULL,NULL,NULL,N,NULL,NULL,NULL,NULL,NULL,NULL,5.462,NULL,NULL,NULL,NULL,,NULL,1,0,1,1,N,N,55,NULL,98,9833,NULL,,Y,37.68163,37,40.897,NULL,-82.38049,82,22.83,NULL,N,NULL,NULL,NULL,NULL,NULL,NULL,NULL,NULL,9,3,2,3,1,1,2,6,7,3,Y,NULL,Y,Y,2100,2245,2300,N,NULL,44,8,0,N,,N,N,098-KY-0468-0,NULL,NULL,2022,C,7.28481E+11,098-KY-0468  -000,HIGH,098-KY-0468  -000,5.462,0,0,0,0,0,0,0,0,0,0,0,1,0
72838196,980100,2.022E+11,20221202,1419,,803,N MAYO,,TRL,,,0,098 CR-1484-30,CR1484,Y,N,NULL,NULL,NULL,N,NULL,NULL,NULL,NULL,NULL,NULL,NULL,NULL,NULL,NULL,NULL,NULL,NULL,0,0,2,2,N,N,NULL,NULL,98,9801,NULL,,Y,37.49588,37,29.753,NULL,-82.53115,82,31.869,NULL,N,NULL,NULL,NULL,NULL,NULL,NULL,NULL,NULL,2,97,1,6,1,1,3,2,1,3,N,NULL,Y,N,1419,1425,1425,N,NULL,90,,,N,,N,N,098-CR-1484-30,NULL,NULL,2022,O,7.28382E+11,098-CR-1484  -030,HIGH,098-CR-1484  -030,0.006,0,0,0,1,0,0,1,0,0,0,0,0,0
72743775,980100,2.022E+11,20220322,1009,,220,CASSIDY,,BLVD,,,0,098 CS-1191,CS1191,Y,N,NULL,NULL,NULL,N,NULL,NULL,NULL,NULL,NULL,NULL,0.04,NULL,NULL,NULL,NULL,,NULL,0,0,2,2,N,N,NULL,NULL,98,9801,NULL,,Y,37.5037,37,30.222,NULL,-82.53281,82,31.969,NULL,N,NULL,NULL,NULL,NULL,NULL,NULL,NULL,NULL,2,97,1,6,1,1,2,2,1,3,N,NULL,Y,N,1009,1009,1009,N,NULL,90,,,N,,N,N,098-CS-1191-0,NULL,NULL,2022,O,7.27438E+11,098-CS-1191  -000,HIGH,098-CS-1191  -000,0.04,0,0,0,0,0,0,1,0,0,0,0,0,0
72871852,KSP0900,23-83285,20230303,2027,,,ISLAND CREEK,,RD,,,0,098 CR-1141,CR1141,N,N,NULL,NULL,NULL,N,NULL,NULL,NULL,NULL,NULL,NULL,0.469,NULL,NULL,NULL,NULL,,NULL,0,0,1,1,N,N,15,NULL,98,9801,NULL,,Y,37.45073,37,27.044,NULL,-82.31523,82,18.914,NULL,N,NULL,NULL,NULL,NULL,NULL,NULL,NULL,NULL,9,97,1,6,1,5,97,5,6,3,N,NULL,N,N,2033,2043,2043,N,NULL,70,,,N,,N,N,098-CR-1141-0,NULL,NULL,2023,O,7.28719E+11,098-CR-1141  -000,HIGH,098-CR-1141  -000,0.399,0,0,0,0,0,0,0,0,0,0,0,0,0
72819995,980100,2.022E+11,20221019,909,,,CEDAR HILLS,,RD,KY1426,KY1426,0,098 KY-1426,KY1426,N,N,NULL,NULL,NULL,N,NULL,NULL,NULL,NULL,NULL,NULL,4.638,NULL,NULL,NULL,NULL,,NULL,0,0,2,2,N,N,35,NULL,98,9801,NULL,,Y,37.46205,37,27.723,NULL,-82.52663,82,31.597,NULL,N,NULL,NULL,NULL,NULL,NULL,NULL,NULL,NULL,1,3,2,3,1,1,2,2,7,3,N,NULL,Y,N,909,909,935,N,NULL,55,,0,Y,,N,N,098-KY-1426-0,NULL,NULL,2022,O,7.282E+11,098-KY-1426  -000,HIGH,098-KY-1426  -000,4.638,0,0,0,0,0,0,1,0,1,0,0,1,0
72812594,980500,2022AR045,20221004,1704,,,US 23 NORTH,,,,,,,,N,N,NULL,NULL,NULL,N,NULL,NULL,NULL,NULL,NULL,NULL,NULL,NULL,NULL,NULL,NULL,NULL,NULL,0,0,2,2,N,N,45,NULL,98,9807,NULL,,Y,37.5194,37,31.164,NULL,-82.56647,82,33.988,NULL,N,NULL,NULL,NULL,NULL,NULL,NULL,NULL,NULL,5,3,6,6,1,1,2,2,7,3,N,NULL,Y,Y,1704,1704,1704,N,NULL,49,,,N,,N,N,,NULL,NULL,2022,O,7.28126E+11,098-US-0023  -000,MEDIUM,098-US-0023  -000,28.55,0,1,0,0,0,0,1,1,0,0,0,0,0
72728542,KSP0900,22-28520,20220124,647,,,TOLER,,RD,KY0319,KY0319,0,098 KY-319,KY0319,N,N,NULL,NULL,NULL,N,NULL,NULL,NULL,NULL,NULL,NULL,4.511,NULL,NULL,NULL,NULL,,NULL,2,0,2,2,N,N,35,NULL,98,9842,NULL,,Y,37.61484,37,36.891,NULL,-82.2391,82,14.346,NULL,N,NULL,NULL,NULL,NULL,NULL,NULL,NULL,NULL,3,3,2,6,1,1,3,2,7,3,Y,NULL,Y,Y,648,701,757,N,NULL,52,7,0,N,,N,N,098-KY-0319-0,NULL,NULL,2022,A,7.27285E+11,098-KY-0319  -000,HIGH,098-KY-0319  -000,4.511,0,0,0,0,0,0,1,0,0,1,0,1,0