MasterFile,AgencyORINumber,LocalCode,CollisionDate,CollisionTime,CollisionDayWeekCode,RoadwayName_HouseBusinessNumber_,RoadwayName_RoadwayName_,RoadwayName_Direction_,RoadwayName_RoadwaySuffix_,RoadwayfromReport,CurrentRoadwayNumber,RoadwayNumberCoupletID,RSEUniqueGIS,RoadwayIdentifier,ParkingLotIndicator,IntersectionWith_Indicator_,IntersectionWith_NameRoadway_,IntersectionWith_Direction_,IntersectionWith_RoadwaySuffix_,BetweenStreets_Indicator_,BetweenStreets1_NameRoadway_,BetweenStreet1_Direction_,BetweenStreets1_RoadwaySuffix_,BetweenStreets2_NameRoadway_,BetweenStreets2_Direction_,BetweenStreets2_RoadwaySuffix_,Milepoint,ReportMilepointDeriveNumber,CurrentDerivedMiepointNumber,MilestoMilepoint,FeettoMilepoint,DirectionfromMilepoint_NSEW_,ValidMilepointIndicator,NumberInjured,NumberKilled,ofUnits,ofMotorVehicleUnits,Hit&RunIndicator,OneWayIndicator,SpeedLimitNumber,KilometersIndicator,CountyCode,CityCountyCode,MilesFromCity,DirectionFromCity_NSEW_,InCityLimitsIndicator,Latitude,LatitudeDegrees,LatitudeMinutes,LatitudeSeconds,Longitude,LongitudeDegrees,LongitudeMinutes,LongitudeSeconds,RampIndicator,RampFromIdentifier,RampFromDirCode,RampFromCoupletID,RSEUniqueGISRampFrom,RampToidentifier,RampToDirCode,RampToCoupletID,RSEUniqueGisRampTo,MannerofCollisionCode,LocationFirstEventCode,TotalLanes,RoadwayCharacterCode,RoadwaySurfaceCode,RoadwayConditionCode,WeatherCode,LightConditionCode,LandUseCode,SchoolBusRelatedCode,FirstAidSceneIndicator,CollDescPresentInd,InvestigationCompleteIndicator,PhotosTakenIndicator,TimeNotified,TimeArrived,TimeRoadwayOpened,PropertyDamageIndicator,DiagramPresentIndicator,DirectionalAnalysis,FunctionClassCode,NationalHwySysCode,EnforcementsIndicator,KARSCityCode,SecondaryCollisionIndicator,MedianCrossoverIndicator,RT_UNIQUE,MapIt,TimeLastLeft,YR,KABCO,MFNY,WorkingRID,RT_CONFIDENCE,KTC_RT,KTC_MP,Motorcyclist,CommercialVehicle,YoungDriver,MatureDriver,pedestrian,Bicyclist,Distracted,agressive,Impaired,Unrestrained,Intersection,RoadwayDeparture,MedXover
72819996,980100,2.022E+11,20221023,1908,,,KY3496,,,KY3496,KY3496,0,098 KY-3496,KY3496,N,N,NULL,NULL,NULL,N,NULL,NULL,NULL,NULL,NULL,NULL,0.069,NULL,NULL,NULL,NULL,,NULL,0,0,1,1,N,N,15,NULL,98,9801,NULL,,Y,37.46566,37,27.94,NULL,-82.52906,82,31.743,NULL,N,NULL,NULL,NULL,NULL,NULL,NULL,NULL,NULL,9,3,2,3,1,1,2,5,1,3,N,NULL,Y,N,1908,1911,1911,N,NULL,40,16,0,Y,,N,N,098-KY-3496-0,NULL,NULL,2022,O,7.282E+11,098-KY-3496  -000,HIGH,098-KY-3496  -000,0.069,0,0,0,1,0,0,1,0,0,0,0,1,0
72822362,KSP0900,22-416544,20221029,1409,,,KY1426,,,KY1426,KY1426,0,098 KY-1426,KY1426,N,N,NULL,NULL,NULL,N,NULL,NULL,NULL,NULL,NULL,NULL,11.743,NULL,NULL,NULL,NULL,,NULL,0,0,1,1,N,N,55,NULL,98,9828,NULL,,Y,37.53305,37,31.983,NULL,-82.46751,82,28.051,NULL,N,NULL,NULL,NULL,NULL,NULL,NULL,NULL,NULL,9,3,2,6,1,1,2,2,7,3,N,NULL,N,N,1413,1420,1420,N,NULL,44,7,0,N,,N,N,098-KY-1426-0,NULL,NULL,2022,O,7.28224E+11,098-KY-1426  -000,HIGH,098-KY-1426  -000,11.743,0,0,0,1,0,0,1,0,0,0,0,1,0
72872646,KSP0900,23-87768,20230306,1634,,,BEAVER CK,,RD,KY1373,KY1373,0,098 KY-1373,KY1373,N,N,NULL,NULL,NULL,N,NULL,NULL,NULL,NULL,NULL,NULL,0.876,NULL,NULL,NULL,NULL,,NULL,0,0,1,1,N,N,55,NULL,98,9802,5,N,N,37.31919,37,19.151,NULL,-82.34638,82,20.783,NULL,N,NULL,NULL,NULL,NULL,NULL,NULL,NULL,NULL,9,4,2,4,1,1,2,2,7,3,N,NULL,Y,N,1634,1701,1815,N,NULL,51,8,0,Y,,N,N,098-KY-1373-0,NULL,NULL,2023,O,7.28726E+11,098-KY-1373  -000,HIGH,098-KY-1373  -000,0.869,0,0,0,0,0,0,0,0,0,0,0,1,0
72802825,KSP0900,22-344969,20220905,1629,,,GREASY,,CRK,KY3226,KY3226,0,098 KY-3226,KY3226,N,N,NULL,NULL,NULL,N,NULL,NULL,NULL,NULL,NULL,NULL,0.489,NULL,NULL,NULL,NULL,,NULL,0,0,2,2,N,N,45,NULL,98,9841,NULL,,Y,37.38567,37,23.14,NULL,-82.47334,82,28.4,NULL,N,NULL,NULL,NULL,NULL,NULL,NULL,NULL,NULL,1,3,2,6,1,1,2,2,6,3,N,NULL,Y,N,1631,1710,1730,N,NULL,55,8,0,N,,N,N,098-KY-3226-0,NULL,NULL,2022,O,7.28028E+11,098-KY-3226  -000,HIGH,098-KY-3226  -000,0.489,0,0,1,0,0,0,1,0,0,0,0,0,0
72842574,980100,2.022E+11,20221213,735,,156,HAMBLEY,,BLVD,,,0,098 CS-1222,CS1222,N,N,NULL,NULL,NULL,N,NULL,NULL,NULL,NULL,NULL,NULL,1.641,NULL,NULL,NULL,NULL,,NULL,0,0,2,2,N,N,35,NULL,98,9801,NULL,,Y,37.48212,37,28.927,NULL,-82.53244,82,31.946,NULL,N,NULL,NULL,NULL,NULL,NULL,NULL,NULL,NULL,1,3,2,6,1,1,10,2,7,3,N,NULL,Y,N,738,740,741,N,NULL,55,,,N,,N,N,098-CS-1222-0,NULL,NULL,2022,O,7.28426E+11,098-CS-1222  -000,HIGH,098-CS-1222  -000,1.641,0,0,0,0,0,0,1,0,0,0,0,0,0
72825294,980100,2.022E+11,20221028,1436,,,KY1426,,,KY1426,KY1426,0,098 KY-1426,KY1426,Y,N,NULL,NULL,NULL,N,NULL,NULL,NULL,NULL,NULL,NULL,6.91,NULL,NULL,NULL,NULL,,NULL,0,0,2,2,Y,N,55,NULL,98,9801,NULL,,Y,37.48606,37,29.164,NULL,-82.50928,82,30.557,NULL,N,NULL,NULL,NULL,NULL,NULL,NULL,NULL,NULL,2,97,2,6,1,1,2,2,1,3,N,NULL,Y,N,1436,1444,1444,N,NULL,90,,0,N,,N,N,098-KY-1426-0,NULL,NULL,2022,O,7.28253E+11,098-KY-1426  -000,HIGH,098-KY-1426  -000,6.91,0,0,0,0,0,0,1,0,0,0,0,0,0
72881093,KSP0900,22-113569,20230325,1556,,,US119,,,US0119,US0119,0,098 US-119-10,US0119,N,N,NULL,NULL,NULL,N,NULL,NULL,NULL,NULL,NULL,NULL,17.531,NULL,NULL,NULL,NULL,,NULL,0,0,1,1,N,N,55,NULL,98,9836,NULL,,Y,37.59868,37,35.921,NULL,-82.2961,82,17.766,NULL,N,NULL,NULL,NULL,NULL,NULL,NULL,NULL,NULL,9,3,2,4,1,1,2,2,7,3,N,NULL,Y,N,1600,1600,1600,N,NULL,38,2,1,N,,N,N,098-US-0119-10,NULL,NULL,2023,O,7.28811E+11,098-US-0119  -010,HIGH,098-US-0119  -000,17.534,0,0,0,0,0,0,0,0,0,0,0,0,0
72830548,KSP0900,22-435421,20221112,1213,,,US23,,,US0023,US0023,0,098 US-23,US0023,N,N,NULL,NULL,NULL,N,NULL,NULL,NULL,NULL,NULL,NULL,13.507,NULL,NULL,NULL,NULL,,NULL,2,0,2,2,N,N,55,NULL,98,9824,NULL,,Y,37.3793,37,22.758,NULL,-82.54058,82,32.435,NULL,N,NULL,NULL,NULL,NULL,NULL,NULL,NULL,NULL,4,3,4,6,1,5,6,2,7,3,Y,NULL,N,Y,1215,1218,1349,N,NULL,70,,1,N,,N,N,098-US-0023-0,NULL,NULL,2022,A,7.28305E+11,098-US-0023  -000,HIGH,098-US-0023  -000,13.507,0,0,0,0,0,0,0,1,0,0,0,0,0
72811945,KSP0900,22-381416,20221002,1747,,,US23,,,US0023,US0023,0,098 US-23,US0023,N,N,NULL,NULL,NULL,N,NULL,NULL,NULL,NULL,NULL,NULL,3.655,NULL,NULL,NULL,NULL,,NULL,0,0,1,1,N,N,55,NULL,98,9809,NULL,,Y,37.27784,37,16.67,NULL,-82.58813,82,35.288,NULL,N,NULL,NULL,NULL,NULL,NULL,NULL,NULL,NULL,9,3,4,1,1,5,6,2,7,3,N,NULL,Y,N,1747,1759,1759,N,NULL,38,,1,N,,N,N,098-US-0023-0,NULL,NULL,2022,O,7.28119E+11,098-US-0023  -000,HIGH,098-US-0023  -000,3.655,0,0,0,0,0,0,0,0,0,0,0,0,0
72805795,980100,2.022E+11,20220916,1339,,911,BYPASS,,RD,,,0,098 CS-1223,CS1223,Y,N,NULL,NULL,NULL,N,NULL,NULL,NULL,NULL,NULL,NULL,NULL,NULL,NULL,NULL,NULL,NULL,NULL,0,0,2,2,N,N,NULL,NULL,98,9801,NULL,,Y,37.47128,37,28.277,NULL,-82.52117,82,31.27,NULL,N,NULL,NULL,NULL,NULL,NULL,NULL,NULL,NULL,1,97,2,6,2,1,2,2,1,3,N,NULL,Y,N,1339,1342,1351,N,NULL,90,,,N,,N,N,098-CS-1223-0,NULL,NULL,2022,O,7.28058E+11,098-CS-1223  -000,HIGH,098-CS-1223  -000,0.136,0,0,0,0,0,0,0,0,0,0,0,0,0
72841342,KSP0900,22-471544,20221210,1604,,,US23,,,US0023,US0023,0,098 US-23,US0023,N,N,NULL,NULL,NULL,N,NULL,NULL,NULL,NULL,NULL,NULL,8.849,NULL,NULL,NULL,NULL,,NULL,2,0,2,2,N,N,55,NULL,98,9809,5,N,N,37.32415,37,19.449,NULL,-82.55833,82,33.5,NULL,N,NULL,NULL,NULL,NULL,NULL,NULL,NULL,NULL,7,3,4,1,1,1,3,2,7,3,Y,NULL,Y,Y,1604,1620,1741,N,NULL,54,,1,N,,N,Y,098-US-0023-0,NULL,NULL,2022,A,7.28413E+11,098-US-0023  -000,HIGH,098-US-0023  -000,8.849,0,0,0,1,0,0,0,0,0,0,0,1,1
72734364,KSP0900,22-65295,20220222,915,,,US119,,,US0119,US0119,0,098 US-119-10,US0119,N,N,NULL,NULL,NULL,N,NULL,NULL,NULL,NULL,NULL,NULL,24.33,NULL,NULL,NULL,NULL,,NULL,0,0,2,2,N,N,40,NULL,98,9834,NULL,,Y,37.65988,37,39.593,NULL,-82.27344,82,16.406,NULL,N,NULL,NULL,NULL,NULL,NULL,NULL,NULL,NULL,5,3,4,6,1,5,3,2,7,3,N,NULL,Y,N,916,916,920,N,NULL,49,2,1,N,,N,N,098-US-0119-10,NULL,NULL,2022,O,7.27344E+11,098-US-0119  -010,HIGH,098-US-0119  -000,24.33,0,0,0,0,0,0,1,0,0,0,0,0,0
72838211,980100,2.022E+11,20221205,759,,,US23,,,US0023,US0023,0,098 US-23-10,US0023,N,N,NULL,NULL,NULL,N,NULL,NULL,NULL,NULL,NULL,NULL,26.314,NULL,NULL,NULL,NULL,,NULL,0,0,2,2,N,N,55,NULL,98,9801,NULL,,Y,37.50409,37,30.246,NULL,-82.5324,82,31.944,NULL,N,NULL,NULL,NULL,NULL,NULL,NULL,NULL,NULL,5,3,4,6,1,1,2,2,1,3,N,NULL,Y,N,759,806,806,N,NULL,49,,1,Y,,N,N,098-US-0023-10,NULL,NULL,2022,O,7.28382E+11,098-US-0023  -010,HIGH,098-US-0023  -000,26.314,0,0,1,1,0,0,1,0,0,0,0,0,0
72854844,KSP0900,23-19971,20230116,1014,,,US119,,,US0119,US0119,0,098 US-119,US0119,N,N,NULL,NULL,NULL,N,NULL,NULL,NULL,NULL,NULL,NULL,22.404,NULL,NULL,NULL,NULL,,NULL,0,0,1,1,N,N,55,NULL,98,9836,NULL,,Y,37.63711,37,38.227,NULL,-82.25778,82,15.467,NULL,N,NULL,NULL,NULL,NULL,NULL,NULL,NULL,NULL,9,3,2,6,1,1,2,2,7,3,N,NULL,Y,N,1014,1014,1014,N,NULL,70,2,1,N,,N,N,098-US-0119-0,NULL,NULL,2023,O,7.28548E+11,098-US-0119  -000,HIGH,098-US-0119  -000,22.404,0,0,0,0,0,0,0,0,0,0,0,1,0
72846678,980100,2.022E+11,20221221,2007,,,US23,,,US0023,US0023,0,098 US-23,US0023,N,Y,MAYO,,CIR,N,NULL,NULL,NULL,NULL,NULL,NULL,22.517,NULL,NULL,NULL,NULL,,NULL,0,0,1,1,N,N,55,NULL,98,9801,NULL,,Y,37.46401,37,27.841,NULL,-82.51883,82,31.13,NULL,N,NULL,NULL,NULL,NULL,NULL,NULL,NULL,NULL,9,3,4,3,1,1,2,6,3,3,N,NULL,Y,N,2007,2007,2008,N,NULL,3,,1,N,,N,N,098-US-0023-0,NULL,NULL,2022,O,7.28467E+11,098-US-0023  -000,HIGH,098-US-0023  -000,22.517,0,0,0,0,0,0,0,0,0,0,1,0,0
72827805,980100,2.022E+11,20221105,1644,,,CASSIDY,,BLVD,,,0,098 CS-1191,CS1191,N,N,NULL,NULL,NULL,N,NULL,NULL,NULL,NULL,NULL,NULL,0.176,NULL,NULL,NULL,NULL,,NULL,0,0,2,2,N,N,25,NULL,98,9801,NULL,,Y,37.5038,37,30.228,NULL,-82.53489,82,32.094,NULL,N,NULL,NULL,NULL,NULL,NULL,NULL,NULL,NULL,4,3,4,6,1,1,2,2,1,3,N,NULL,Y,N,1644,1651,1731,N,NULL,70,,,N,,N,N,098-CS-1191-0,NULL,NULL,2022,O,7.28278E+11,098-CS-1191  -000,HIGH,098-CS-1191  -000,0.176,0,0,0,0,0,0,1,0,0,0,0,0,0
72845339,980100,2.022E+11,20221219,1241,,,US119,,,US0119,US0119,0,098 US-119,US0119,N,N,NULL,NULL,NULL,N,NULL,NULL,NULL,NULL,NULL,NULL,2.663,NULL,NULL,NULL,NULL,,NULL,1,0,3,3,N,N,55,NULL,98,9801,NULL,,Y,37.51406,37,30.844,NULL,-82.48768,82,29.261,NULL,N,NULL,NULL,NULL,NULL,NULL,NULL,NULL,NULL,1,3,4,6,1,1,2,2,7,3,Y,NULL,Y,Y,1242,1246,1309,N,NULL,55,2,1,N,,N,N,098-US-0119-0,NULL,NULL,2022,B,7.28453E+11,098-US-0119  -000,HIGH,098-US-0119  -000,2.663,0,0,0,1,0,0,0,1,0,0,0,0,0
72760290,KSP0900,22-167587,20220506,1900,,,POWELLS,,CRK,,,0,098 CR-1208,CR1208,N,N,NULL,NULL,NULL,N,NULL,NULL,NULL,NULL,NULL,NULL,0.179,NULL,NULL,NULL,NULL,,NULL,0,0,1,1,N,N,15,NULL,98,9832,NULL,,Y,37.40031,37,24.019,NULL,-82.42992,82,25.795,NULL,N,NULL,NULL,NULL,NULL,NULL,NULL,NULL,NULL,9,3,1,6,1,1,2,2,6,3,N,NULL,Y,N,1900,1910,2210,N,NULL,40,,,N,,N,N,098-CR-1208-0,NULL,NULL,2022,NULL,7.27603E+11,098-CR-1208  -000,HIGH,098-CR-1208  -000,0.179,0,0,0,0,0,0,0,0,0,0,0,1,0
72772910,980100,2.022E+11,20220615,1334,,,KY3496,,,KY3496,KY3496,0,098 KY-3496,KY3496,Y,N,NULL,NULL,NULL,N,NULL,NULL,NULL,NULL,NULL,NULL,0.112,NULL,NULL,NULL,NULL,,NULL,0,0,2,2,N,N,NULL,NULL,98,9801,NULL,,Y,37.46604,37,27.962,NULL,-82.52972,82,31.783,NULL,N,NULL,NULL,NULL,NULL,NULL,NULL,NULL,NULL,2,97,0,6,1,1,2,2,1,3,N,NULL,Y,N,1334,1341,,N,NULL,90,16,0,N,,N,N,098-KY-3496-0,NULL,NULL,2022,O,7.27729E+11,098-KY-3496  -000,HIGH,098-KY-3496  -000,0.112,0,0,0,1,0,0,0,0,0,0,0,0,0
72820966,KSP0900,22-409848,20221024,1600,,,KY1426,,,KY1426,KY1426,0,098 KY-1426,KY1426,N,N,NULL,NULL,NULL,N,NULL,NULL,NULL,NULL,NULL,NULL,15.714,NULL,NULL,NULL,NULL,,NULL,0,0,2,2,N,N,55,NULL,98,9820,NULL,,Y,37.56518,37,33.911,NULL,-82.44681,82,26.809,NULL,N,NULL,NULL,NULL,NULL,NULL,NULL,NULL,NULL,2,7,2,6,1,1,2,2,7,3,N,NULL,Y,N,1600,1600,1600,N,NULL,56,7,0,N,,N,N,098-KY-1426-0,NULL,NULL,2022,O,7.2821E+11,098-KY-1426  -000,HIGH,098-KY-1426  -000,15.714,0,0,1,1,0,0,1,0,0,0,0,0,0
72719443,KSP0900,22-5787,20220105,1604,,,US23,,,US0023,US0023,0,098 US-23,US0023,Y,N,NULL,NULL,NULL,N,NULL,NULL,NULL,NULL,NULL,NULL,31.983,NULL,NULL,NULL,NULL,,NULL,0,0,2,2,N,N,NULL,NULL,98,9801,NULL,,Y,37.53759,37,32.255,NULL,-82.60851,82,36.511,NULL,N,NULL,NULL,NULL,NULL,NULL,NULL,NULL,NULL,2,97,0,6,1,1,2,2,6,3,N,NULL,Y,N,1604,1610,,N,NULL,90,,1,N,,N,N,098-US-0023-0,NULL,NULL,2022,O,7.27194E+11,098-US-0023  -000,HIGH,098-US-0023  -000,31.983,0,0,0,1,0,0,0,0,0,0,0,0,0
72741118,KSP0900,22-95655,20220316,1100,,,US119,,,US0119,US0119,0,098 US-119,US0119,Y,N,NULL,NULL,NULL,N,NULL,NULL,NULL,NULL,NULL,NULL,23.919,NULL,NULL,NULL,NULL,,NULL,0,0,2,2,N,N,NULL,NULL,98,9834,NULL,,Y,37.65463,37,39.278,NULL,-82.26941,82,16.165,NULL,N,NULL,NULL,NULL,NULL,NULL,NULL,NULL,NULL,2,97,1,6,1,1,3,2,5,3,N,NULL,Y,N,1100,1125,1100,N,NULL,90,2,1,N,,N,N,098-US-0119-0,NULL,NULL,2022,O,7.27411E+11,098-US-0119  -000,HIGH,098-US-0119  -000,23.919,0,0,0,0,0,0,1,0,0,0,0,0,0
72735257,KSP0900,2022-62249,20220219,2129,,,FALLS BRANCH,,RD,,,0,098 CR-1011,CR1011,N,N,NULL,NULL,NULL,N,NULL,NULL,NULL,NULL,NULL,NULL,0.34,NULL,NULL,NULL,NULL,,NULL,0,0,1,1,N,N,25,NULL,98,9834,NULL,,Y,37.68531,37,41.119,NULL,-82.30403,82,18.242,NULL,N,NULL,NULL,NULL,NULL,NULL,NULL,NULL,NULL,9,7,1,6,1,1,2,6,7,3,N,NULL,Y,N,2129,2129,2129,Y,NULL,40,,,Y,,N,N,098-CR-1011-0,NULL,NULL,2022,O,7.27353E+11,098-CR-1011  -000,HIGH,098-CR-1011  -000,0.34,0,0,0,0,0,0,0,0,0,1,0,1,0
72832733,980100,2.022E+11,20221116,855,,911,BYPASS,,RD,,,0,098 CS-1223,CS1223,Y,N,NULL,NULL,NULL,N,NULL,NULL,NULL,NULL,NULL,NULL,NULL,NULL,NULL,NULL,NULL,NULL,NULL,0,0,2,2,N,N,15,NULL,98,9801,NULL,,Y,37.47128,37,28.277,NULL,-82.52117,82,31.27,NULL,N,NULL,NULL,NULL,NULL,NULL,NULL,NULL,NULL,1,97,1,6,2,1,3,2,1,3,N,NULL,Y,N,855,922,922,N,NULL,90,,,N,,N,N,098-CS-1223-0,NULL,NULL,2022,O,7.28327E+11,098-CS-1223  -000,HIGH,098-CS-1223  -000,0.136,0,0,0,1,0,0,0,0,0,0,0,0,0
72773278,980100,2.022E+11,20220609,1146,,,US23,,,US0023,US0023,0,098 US-23-10,US0023,N,N,NULL,NULL,NULL,N,NULL,NULL,NULL,NULL,NULL,NULL,30.439,NULL,NULL,NULL,NULL,,NULL,0,0,2,2,N,N,55,NULL,98,9801,NULL,,Y,37.54203,37,32.522,NULL,-82.58414,82,35.048,NULL,N,NULL,NULL,NULL,NULL,NULL,NULL,NULL,NULL,1,3,4,3,1,1,2,2,7,3,N,NULL,Y,N,1146,1158,,N,NULL,55,,1,N,,N,N,098-US-0023-10,NULL,NULL,2022,O,7.27733E+11,098-US-0023  -010,HIGH,098-US-0023  -000,30.439,0,0,0,0,0,0,1,0,0,0,0,0,0
72775610,980100,2.022E+11,20220611,8,,,CASSIDY,,BLVD,,,0,098 CS-1191,CS1191,N,N,NULL,NULL,NULL,N,NULL,NULL,NULL,NULL,NULL,NULL,0.056,NULL,NULL,NULL,NULL,,NULL,0,0,1,1,N,N,35,NULL,98,9801,NULL,,Y,37.50367,37,30.22,NULL,-82.53306,82,31.984,NULL,N,NULL,NULL,NULL,NULL,NULL,NULL,NULL,NULL,9,3,4,6,1,1,2,7,1,3,N,NULL,Y,N,8,16,,Y,NULL,70,,,N,,N,N,098-CS-1191-0,NULL,NULL,2022,O,7.27756E+11,098-CS-1191  -000,HIGH,098-CS-1191  -000,0.056,0,0,0,0,0,0,0,0,0,0,0,0,0
72766101,KSP0900,22-189214,20220522,2252,,1078,BARRENSHEE,,CRK,,,,,,N,N,NULL,NULL,NULL,N,NULL,NULL,NULL,NULL,NULL,NULL,1.109,NULL,NULL,NULL,NULL,,NULL,0,0,1,1,N,N,15,NULL,98,9811,NULL,,Y,37.54087,37,32.452,NULL,-82.13112,82,7.867,NULL,N,NULL,NULL,NULL,NULL,NULL,NULL,NULL,NULL,9,5,1,3,1,1,2,6,6,3,N,NULL,Y,N,2255,2302,2345,N,NULL,40,,,N,,N,N,,NULL,NULL,2022,O,7.27661E+11,098-CR-1847  -000,LOW,098-CR-1847  -000,1.109,0,0,0,0,0,0,0,0,0,0,0,1,0
72748482,980500,2022AR017,20220408,1330,,,POWERS DRIVE,,,,,,,,N,N,NULL,NULL,NULL,N,NULL,NULL,NULL,NULL,NULL,NULL,NULL,NULL,NULL,NULL,NULL,NULL,NULL,0,0,2,2,N,N,25,NULL,98,9807,NULL,,Y,37.51517,37,30.91,NULL,-82.5594,82,33.564,NULL,N,NULL,NULL,NULL,NULL,NULL,NULL,NULL,NULL,5,3,3,5,1,5,6,2,7,3,N,NULL,Y,N,1330,1330,1330,N,NULL,49,,,N,,N,N,,NULL,NULL,2022,O,7.27485E+11,098-US-0023  -010,MEDIUM,098-US-0023  -000,28.054,0,0,0,1,0,0,0,1,0,0,0,0,0
72740636,980100,2.022E+11,20220314,1335,,,CEDAR HILLS,,RD,KY1426,KY1426,0,098 KY-1426,KY1426,Y,N,NULL,NULL,NULL,N,NULL,NULL,NULL,NULL,NULL,NULL,4.248,NULL,NULL,NULL,NULL,,NULL,0,0,2,2,N,N,15,NULL,98,9801,NULL,,Y,37.45757,37,27.454,NULL,-82.52911,82,31.747,NULL,N,NULL,NULL,NULL,NULL,NULL,NULL,NULL,NULL,2,97,2,4,2,5,2,2,1,3,N,NULL,N,N,1338,1341,1338,N,NULL,90,8,0,N,,N,N,098-KY-1426-0,NULL,NULL,2022,O,7.27406E+11,098-KY-1426  -000,HIGH,098-KY-1426  -000,4.248,0,0,0,0,0,0,1,0,0,0,0,0,0
72721787,980100,2.022E+11,20210115,400,,,KY194,,,KY0194,KY0194,0,098 KY-194,KY0194,N,N,NULL,NULL,NULL,N,NULL,NULL,NULL,NULL,NULL,NULL,10.163,NULL,NULL,NULL,NULL,,NULL,0,0,1,1,N,N,55,NULL,98,9801,10,NW,N,37.59601,37,35.76,NULL,-82.52415,82,31.449,NULL,N,NULL,NULL,NULL,NULL,NULL,NULL,NULL,NULL,9,3,2,3,1,1,3,4,1,3,N,NULL,Y,N,1858,1858,,N,NULL,44,7,0,N,,N,N,098-KY-0194-0,NULL,NULL,2021,O,7.27218E+11,098-KY-0194  -000,HIGH,098-KY-0194  -000,10.163,0,0,0,0,0,0,0,0,0,0,0,1,0
72783183,980100,2.022E+11,20220714,1718,,,US119,,,US0119,US0119,0,098 US-119-10,US0119,N,N,NULL,NULL,NULL,N,NULL,NULL,NULL,NULL,NULL,NULL,2.705,NULL,NULL,NULL,NULL,,NULL,0,0,2,2,N,N,55,NULL,98,9801,NULL,,Y,37.51419,37,30.851,NULL,-82.48693,82,29.216,NULL,N,NULL,NULL,NULL,NULL,NULL,NULL,NULL,NULL,5,3,4,5,1,1,2,2,7,3,N,NULL,Y,N,1718,1729,,N,NULL,70,2,1,N,,N,N,098-US-0119-10,NULL,NULL,2022,O,7.27832E+11,098-US-0119  -010,HIGH,098-US-0119  -000,2.705,0,0,0,0,0,0,0,0,0,0,0,0,0
72823715,980100,2.022E+11,20221101,1800,,,HAMBLEY,,BLVD,,,0,098 CS-1222,CS1222,Y,N,NULL,NULL,NULL,N,NULL,NULL,NULL,NULL,NULL,NULL,0.52,NULL,NULL,NULL,NULL,,NULL,0,0,2,2,N,N,15,NULL,98,9801,NULL,,Y,37.47866,37,28.72,NULL,-82.52017,82,31.21,NULL,N,NULL,NULL,NULL,NULL,NULL,NULL,NULL,NULL,8,97,2,5,2,1,3,2,1,3,N,NULL,Y,N,1800,1801,1801,N,NULL,90,,,N,,N,N,098-CS-1222-0,NULL,NULL,2022,O,7.28237E+11,098-CS-1222  -000,HIGH,098-CS-1222  -000,0.52,0,0,0,0,0,0,1,0,0,0,0,0,0
72829469,KSP0900,22-438005,20221114,1522,,,KY194,,,KY0194,KY0194,0,098 KY-194,KY0194,N,N,NULL,NULL,NULL,N,NULL,NULL,NULL,NULL,NULL,NULL,61.838,NULL,NULL,NULL,NULL,,NULL,1,0,1,1,N,N,35,NULL,98,9811,NULL,,Y,37.55234,37,33.14,NULL,-82.13307,82,7.984,NULL,N,NULL,NULL,NULL,NULL,NULL,NULL,NULL,NULL,9,5,2,6,1,1,2,2,7,3,Y,NULL,Y,N,1523,1529,1530,N,NULL,44,7,0,N,,N,N,098-KY-0194-0,NULL,NULL,2022,B,7.28295E+11,098-KY-0194  -000,HIGH,098-KY-0194  -000,61.838,0,0,0,1,0,0,0,0,1,0,0,1,0
72844709,980100,2.022E+11,20221219,1649,,,CASSIDY,,BLVD,,,0,098 CS-1191,CS1191,Y,N,NULL,NULL,NULL,N,NULL,NULL,NULL,NULL,NULL,NULL,0.355,NULL,NULL,NULL,NULL,,NULL,0,0,2,2,N,N,15,NULL,98,9801,NULL,,Y,37.50515,37,30.309,NULL,-82.53796,82,32.278,NULL,N,NULL,NULL,NULL,NULL,NULL,NULL,NULL,NULL,8,97,1,6,1,1,2,3,1,3,N,NULL,Y,N,1649,1658,1658,N,NULL,90,,,N,,N,N,098-CS-1191-0,NULL,NULL,2022,O,7.28447E+11,098-CS-1191  -000,HIGH,098-CS-1191  -000,0.355,0,0,1,0,0,0,1,0,0,0,0,0,0
72809812,980100,2.022E+11,20220926,1717,,,US460,,,US0460,US0460,0,098 US-460,US0460,Y,N,NULL,NULL,NULL,N,NULL,NULL,NULL,NULL,NULL,NULL,0.208,NULL,NULL,NULL,NULL,,NULL,0,0,2,2,N,N,15,NULL,98,9801,NULL,,Y,37.43953,37,26.372,NULL,-82.50928,82,30.557,NULL,N,NULL,NULL,NULL,NULL,NULL,NULL,NULL,NULL,2,97,2,6,1,1,2,2,1,3,N,NULL,Y,N,1717,1726,1726,N,NULL,90,,1,N,,N,N,098-US-0460-0,NULL,NULL,2022,O,7.28098E+11,098-US-0460  -000,HIGH,098-US-0460  -000,0.208,0,0,0,1,0,0,1,0,0,0,0,0,0