MasterFile,AgencyORINumber,LocalCode,CollisionDate,CollisionTime,CollisionDayWeekCode,RoadwayName_HouseBusinessNumber_,RoadwayName_RoadwayName_,RoadwayName_Direction_,RoadwayName_RoadwaySuffix_,RoadwayfromReport,CurrentRoadwayNumber,RoadwayNumberCoupletID,RSEUniqueGIS,RoadwayIdentifier,ParkingLotIndicator,IntersectionWith_Indicator_,IntersectionWith_NameRoadway_,IntersectionWith_Direction_,IntersectionWith_RoadwaySuffix_,BetweenStreets_Indicator_,BetweenStreets1_NameRoadway_,BetweenStreet1_Direction_,BetweenStreets1_RoadwaySuffix_,BetweenStreets2_NameRoadway_,BetweenStreets2_Direction_,BetweenStreets2_RoadwaySuffix_,Milepoint,ReportMilepointDeriveNumber,CurrentDerivedMiepointNumber,MilestoMilepoint,FeettoMilepoint,DirectionfromMilepoint_NSEW_,ValidMilepointIndicator,NumberInjured,NumberKilled,ofUnits,ofMotorVehicleUnits,Hit&RunIndicator,OneWayIndicator,SpeedLimitNumber,KilometersIndicator,CountyCode,CityCountyCode,MilesFromCity,DirectionFromCity_NSEW_,InCityLimitsIndicator,Latitude,LatitudeDegrees,LatitudeMinutes,LatitudeSeconds,Longitude,LongitudeDegrees,LongitudeMinutes,LongitudeSeconds,RampIndicator,RampFromIdentifier,RampFromDirCode,RampFromCoupletID,RSEUniqueGISRampFrom,RampToidentifier,RampToDirCode,RampToCoupletID,RSEUniqueGisRampTo,MannerofCollisionCode,LocationFirstEventCode,TotalLanes,RoadwayCharacterCode,RoadwaySurfaceCode,RoadwayConditionCode,WeatherCode,LightConditionCode,LandUseCode,SchoolBusRelatedCode,FirstAidSceneIndicator,CollDescPresentInd,InvestigationCompleteIndicator,PhotosTakenIndicator,TimeNotified,TimeArrived,TimeRoadwayOpened,PropertyDamageIndicator,DiagramPresentIndicator,DirectionalAnalysis,FunctionClassCode,NationalHwySysCode,EnforcementsIndicator,KARSCityCode,SecondaryCollisionIndicator,MedianCrossoverIndicator,RT_UNIQUE,MapIt,TimeLastLeft,YR,KABCO,MFNY,WorkingRID,RT_CONFIDENCE,KTC_RT,KTC_MP,Motorcyclist,CommercialVehicle,YoungDriver,MatureDriver,pedestrian,Bicyclist,Distracted,agressive,Impaired,Unrestrained,Intersection,RoadwayDeparture,MedXover
72724769,980100,2.022E+11,20220127,1529,,,CASSIDY,,BLVD,,,,,,Y,N,NULL,NULL,NULL,N,NULL,NULL,NULL,NULL,NULL,NULL,0.251,NULL,NULL,NULL,NULL,,NULL,0,0,2,2,N,N,15,NULL,98,9801,NULL,,Y,37.50453,37,30.272,NULL,-82.53596,82,32.158,NULL,N,NULL,NULL,NULL,NULL,NULL,NULL,NULL,NULL,1,97,1,6,1,1,2,2,1,3,N,NULL,Y,N,1529,1537,1537,N,NULL,90,,,N,,N,N,,NULL,NULL,2022,O,7.27248E+11,098-CS-1191  -000,LOW,098-CS-1191  -000,0.251,0,0,0,0,0,0,0,0,0,0,0,0,0
72732080,980100,2.022E+11,20220203,1807,,,CASSIDY,,BLVD,,,,,,Y,N,NULL,NULL,NULL,N,NULL,NULL,NULL,NULL,NULL,NULL,0.334,NULL,NULL,NULL,NULL,,NULL,1,0,2,1,N,N,NULL,NULL,98,9801,NULL,,Y,37.50522,37,30.313,NULL,-82.53754,82,32.252,NULL,N,NULL,NULL,NULL,NULL,NULL,NULL,NULL,NULL,9,97,2,6,1,5,6,5,1,3,N,NULL,Y,Y,1807,1809,1846,N,NULL,90,,,N,,N,N,,NULL,NULL,2022,B,7.27321E+11,098-CS-1191  -000,MEDIUM,098-CS-1191  -000,0.334,0,0,0,0,1,0,1,0,0,0,0,0,0
72875926,KSP0900,23-77177,20230228,900,,,MALL,S,RD,,,0,098 PR-1010,PR1010,Y,N,NULL,NULL,NULL,N,NULL,NULL,NULL,NULL,NULL,NULL,0.346,NULL,NULL,NULL,NULL,NULL,NULL,0,0,2,2,N,Y,NULL,NULL,98,9834,NULL,,Y,37.65557,37,39.334,NULL,-82.27299,82,16.379,NULL,N,NULL,NULL,NULL,NULL,NULL,NULL,NULL,NULL,5,97,1,4,1,1,3,2,1,3,N,NULL,Y,N,900,905,900,N,NULL,90,,,N,,N,N,098-PR-1010-0,NULL,NULL,2023,O,7.28759E+11,098-PR-1010  -000,HIGH,098-PR-1010  -000,0.384,0,0,0,0,0,0,1,0,0,0,0,0,0
72803970,980100,2.022E+11,20220911,2132,,,BYPASS,S,RD,KY1426,KY1426,0,098 KY-1426,KY1426,N,N,NULL,NULL,NULL,N,NULL,NULL,NULL,NULL,NULL,NULL,5.687,NULL,NULL,NULL,NULL,,NULL,0,0,2,2,N,N,55,NULL,98,9801,NULL,,Y,37.47276,37,28.366,NULL,-82.5229,82,31.374,NULL,N,NULL,NULL,NULL,NULL,NULL,NULL,NULL,NULL,5,3,2,6,1,5,3,5,7,3,N,NULL,Y,N,2133,2137,2149,N,NULL,49,,0,N,,N,N,098-KY-1426-0,NULL,NULL,2022,O,7.2804E+11,098-KY-1426  -000,HIGH,098-KY-1426  -000,5.687,0,0,0,0,0,0,1,0,0,0,0,0,0
72735298,980100,2.022E+11,20220221,712,,,HAROLDS BRANCH,,RD,,,0,098 CS-1223,CS1223,N,N,NULL,NULL,NULL,N,NULL,NULL,NULL,NULL,NULL,NULL,0.102,NULL,NULL,NULL,NULL,,NULL,0,0,2,2,N,N,25,NULL,98,9801,NULL,,Y,37.47151,37,28.29,NULL,-82.5219,82,31.314,NULL,N,NULL,NULL,NULL,NULL,NULL,NULL,NULL,NULL,1,3,2,6,2,1,3,2,1,3,N,NULL,Y,N,712,718,,N,NULL,55,,,N,,N,N,098-CS-1223-0,NULL,NULL,2022,O,7.27353E+11,098-CS-1223  -000,HIGH,098-CS-1223  -000,0.102,0,0,1,0,0,0,1,1,0,0,0,0,0
72752028,KSP0900,22-13521,20220414,1220,,,KY1469,,,KY1469,KY1469,0,098 KY-1469,KY1469,N,N,NULL,NULL,NULL,N,NULL,NULL,NULL,NULL,NULL,NULL,10.584,NULL,NULL,NULL,NULL,,NULL,1,0,1,1,N,N,35,NULL,98,9827,NULL,,Y,37.33568,37,20.141,NULL,-82.59737,82,35.842,NULL,N,NULL,NULL,NULL,NULL,NULL,NULL,NULL,NULL,9,3,2,6,1,1,2,2,6,3,N,NULL,Y,Y,1220,1230,1235,N,NULL,40,8,0,N,,N,N,098-KY-1469-0,NULL,NULL,2022,C,7.2752E+11,098-KY-1469  -000,HIGH,098-KY-1469  -000,10.584,0,0,0,1,0,0,0,0,0,0,0,1,0
72819538,980100,2.022E+11,20221021,1618,,,US23,,,US0023,US0023,,,,N,N,NULL,NULL,NULL,N,NULL,NULL,NULL,NULL,NULL,NULL,27.403,NULL,NULL,NULL,NULL,,NULL,0,0,2,2,N,N,55,NULL,98,9807,NULL,,Y,37.51095,37,30.657,NULL,-82.54919,82,32.951,NULL,N,NULL,NULL,NULL,NULL,NULL,NULL,NULL,NULL,5,3,3,6,1,1,2,2,1,3,N,NULL,Y,N,1618,1626,1633,N,NULL,49,,1,N,,N,N,,NULL,NULL,2022,O,7.28195E+11,098-US-0023  -010,MEDIUM,098-US-0023  -000,27.403,0,0,1,0,0,0,0,1,0,0,0,0,0
72780990,KSP0900,22-259547,20220708,1741,,,KY1426,,,KY1426,KY1426,0,098 KY-1426,KY1426,N,N,NULL,NULL,NULL,N,NULL,NULL,NULL,NULL,NULL,NULL,12.989,NULL,NULL,NULL,NULL,,NULL,1,0,1,1,N,N,45,NULL,98,9828,NULL,,Y,37.54658,37,32.795,NULL,-82.46187,82,27.712,NULL,N,NULL,NULL,NULL,NULL,NULL,NULL,NULL,NULL,9,6,2,3,1,5,6,2,7,3,Y,NULL,N,Y,1741,1754,1754,N,NULL,51,7,0,N,,N,N,098-KY-1426-0,NULL,NULL,2022,B,7.2781E+11,098-KY-1426  -000,HIGH,098-KY-1426  -000,12.989,0,0,0,0,0,0,0,0,0,0,0,1,0
72811420,KSP0900,22-379675,20221001,1218,,,US23,,,US0023,US0023,0,098 US-23,US0023,N,N,NULL,NULL,NULL,N,NULL,NULL,NULL,NULL,NULL,NULL,11.81,NULL,NULL,NULL,NULL,,NULL,0,0,2,2,N,N,55,NULL,98,9806,NULL,,Y,37.36053,37,21.632,NULL,-82.55486,82,33.292,NULL,N,NULL,NULL,NULL,NULL,NULL,NULL,NULL,NULL,1,3,4,6,1,5,6,2,7,3,N,NULL,Y,N,1218,1223,1230,N,NULL,55,,1,N,,N,N,098-US-0023-0,NULL,NULL,2022,O,7.28114E+11,098-US-0023  -000,HIGH,098-US-0023  -000,11.81,0,0,0,0,0,0,0,1,0,0,0,0,0
72841470,KSP0900,22-468906,20221208,1610,,,US119,,,US0119,US0119,0,098 US-119-10,US0119,Y,N,NULL,NULL,NULL,N,NULL,NULL,NULL,NULL,NULL,NULL,23.671,NULL,NULL,NULL,NULL,,NULL,0,0,2,2,N,N,10,NULL,98,9834,NULL,,Y,37.65111,37,39.067,NULL,-82.26806,82,16.084,NULL,N,NULL,NULL,NULL,NULL,NULL,NULL,NULL,NULL,1,97,2,6,1,5,6,2,7,3,N,NULL,N,N,1615,1700,1700,N,NULL,90,2,1,N,,N,N,098-US-0119-10,NULL,NULL,2022,O,7.28415E+11,098-US-0119  -010,HIGH,098-US-0119  -000,23.671,0,0,0,0,0,0,1,0,0,0,0,0,0
72826780,980100,2.022E+11,20221030,1930,,,US23 NORTH,,,,,,,,N,N,NULL,NULL,NULL,N,NULL,NULL,NULL,NULL,NULL,NULL,NULL,NULL,NULL,NULL,NULL,NULL,NULL,2,0,2,2,N,N,55,NULL,98,9801,NULL,,Y,37.49216,37,29.529,NULL,-82.53484,82,32.091,NULL,N,NULL,NULL,NULL,NULL,NULL,NULL,NULL,NULL,3,3,4,6,1,1,2,7,1,3,Y,NULL,Y,Y,1930,1930,2034,N,NULL,52,,,Y,,N,N,,NULL,NULL,2022,A,7.28268E+11,098-US-0023  -000,MEDIUM,098-US-0023  -000,25.343,0,0,0,0,0,0,0,0,1,0,0,1,0
72827674,KSP0900,22-432794,20221110,1342,,,BEAVER CK,,RD,KY1373,KY1373,0,098 KY-1373,KY1373,N,N,NULL,NULL,NULL,N,NULL,NULL,NULL,NULL,NULL,NULL,5.74,NULL,NULL,NULL,NULL,,NULL,0,0,2,2,Y,N,35,NULL,98,9802,NULL,,Y,37.35864,37,21.519,NULL,-82.29659,82,17.796,NULL,N,NULL,NULL,NULL,NULL,NULL,NULL,NULL,NULL,7,3,2,2,1,1,2,2,7,3,N,NULL,N,N,1342,1414,1530,N,NULL,54,8,0,N,,N,N,098-KY-1373-0,NULL,NULL,2022,O,7.28277E+11,098-KY-1373  -000,HIGH,098-KY-1373  -000,5.74,0,0,0,1,0,0,1,1,0,0,0,1,0
72823263,KSP0900,22-419130,20221031,1611,,,SYCAMORE MOUNTAIN,,RD,,,0,098 CR-1350Q4,CR1350Q4,N,N,NULL,NULL,NULL,N,NULL,NULL,NULL,NULL,NULL,NULL,0.438,NULL,NULL,NULL,NULL,,NULL,1,0,1,1,N,N,35,NULL,98,9831,NULL,,Y,37.63532,37,38.119,NULL,-82.54488,82,32.693,NULL,N,NULL,NULL,NULL,NULL,NULL,NULL,NULL,NULL,9,5,2,4,1,5,3,2,2,3,Y,NULL,Y,Y,1611,1656,1730,N,NULL,44,,,N,,N,N,098-CR-1350Q4-0,NULL,NULL,2022,B,7.28233E+11,098-CR-1350Q4-000,HIGH,098-CR-1350Q4-000,0.438,0,0,0,0,0,0,0,0,0,0,0,1,0
72813477,980100,2.022E+11,20221006,1416,,,CASSIDY,,BLVD,,,0,098 CS-1191,CS1191,Y,N,NULL,NULL,NULL,N,NULL,NULL,NULL,NULL,NULL,NULL,0.259,NULL,NULL,NULL,NULL,,NULL,0,0,2,2,N,N,15,NULL,98,9801,NULL,,Y,37.50435,37,30.261,NULL,-82.5361,82,32.166,NULL,N,NULL,NULL,NULL,NULL,NULL,NULL,NULL,NULL,2,97,NULL,6,1,1,2,1,1,2,N,NULL,Y,N,1416,1421,1440,N,NULL,90,,,N,,N,N,098-CS-1191-0,NULL,NULL,2022,O,7.28135E+11,098-CS-1191  -000,HIGH,098-CS-1191  -000,0.259,0,0,0,0,0,0,1,0,0,0,0,0,0
72770388,980100,2.022E+11,20220604,1633,,,BAIRD,,AVE,KY1426,KY1426,0,098 KY-1426,KY1426,Y,N,NULL,NULL,NULL,N,NULL,NULL,NULL,NULL,NULL,NULL,5.404,NULL,NULL,NULL,NULL,,NULL,0,0,2,2,N,N,NULL,NULL,98,9801,NULL,,Y,37.47314,37,28.388,NULL,-82.52708,82,31.625,NULL,N,NULL,NULL,NULL,NULL,NULL,NULL,NULL,NULL,2,97,0,6,1,5,6,2,1,3,N,NULL,Y,N,1633,1639,,N,NULL,90,,0,N,,N,N,098-KY-1426-0,NULL,NULL,2022,O,7.27704E+11,098-KY-1426  -000,HIGH,098-KY-1426  -000,5.404,0,0,0,0,0,0,0,0,0,0,0,0,0
72802139,980100,2.022E+11,20220906,1748,,404,KY3496,,,KY3496,KY3496,0,098 KY-3496,KY3496,Y,N,NULL,NULL,NULL,N,NULL,NULL,NULL,NULL,NULL,NULL,0.237,NULL,NULL,NULL,NULL,,NULL,0,0,1,1,N,N,35,NULL,98,9801,NULL,,Y,37.46685,37,28.011,NULL,-82.53175,82,31.905,NULL,N,NULL,NULL,NULL,NULL,NULL,NULL,NULL,NULL,9,97,2,6,1,1,3,2,5,3,N,NULL,Y,N,1748,1752,1748,N,NULL,90,16,0,N,,N,N,098-KY-3496-0,NULL,NULL,2022,O,7.28021E+11,098-KY-3496  -000,HIGH,098-KY-3496  -000,0.237,0,0,0,0,0,0,1,0,0,0,0,1,0
72783232,KSP0900,22-259388,20220708,1609,,,TOLER,,RD,KY0319,KY0319,0,098 KY-319,KY0319,N,N,NULL,NULL,NULL,N,NULL,NULL,NULL,NULL,NULL,NULL,5.922,NULL,NULL,NULL,NULL,,NULL,0,0,1,1,N,N,45,NULL,98,9842,NULL,,Y,37.63163,37,37.898,NULL,-82.24925,82,14.955,NULL,N,NULL,NULL,NULL,NULL,NULL,NULL,NULL,NULL,9,3,2,3,1,5,6,2,7,3,N,NULL,Y,N,1609,1625,1625,N,NULL,40,7,0,N,,N,N,098-KY-0319-0,NULL,NULL,2022,O,7.27832E+11,098-KY-0319  -000,HIGH,098-KY-0319  -000,5.922,0,0,0,0,0,0,0,0,0,0,0,1,0
72794222,980100,2.022E+11,20220809,1628,,254,CASSIDY,,BLVD,,,0,098 CS-1191,CS1191,Y,N,NULL,NULL,NULL,N,NULL,NULL,NULL,NULL,NULL,NULL,0.344,NULL,NULL,NULL,NULL,,NULL,0,0,2,2,N,N,15,NULL,98,9801,NULL,,Y,37.50559,37,30.336,NULL,-82.53813,82,32.288,NULL,N,NULL,NULL,NULL,NULL,NULL,NULL,NULL,NULL,2,97,1,6,1,1,3,2,1,3,N,NULL,Y,Y,1633,1658,1712,N,NULL,90,,,N,,N,N,098-CS-1191-0,NULL,NULL,2022,O,7.27942E+11,098-CS-1191  -000,HIGH,098-CS-1191  -000,0.344,0,0,0,1,0,0,1,0,0,0,0,0,0
72820952,980200,980200,20220721,1200,,,KY80,,,KY0080,KY0080,0,098 KY-80,KY0080,N,N,NULL,NULL,NULL,N,NULL,NULL,NULL,NULL,NULL,NULL,2.781,NULL,NULL,NULL,NULL,,NULL,0,0,2,2,N,N,5,NULL,98,9802,NULL,,Y,37.30764,37,18.458,NULL,-82.35307,82,21.184,NULL,N,NULL,NULL,NULL,NULL,NULL,NULL,NULL,NULL,2,7,2,6,1,1,2,2,1,3,N,NULL,N,Y,1200,1205,1220,N,NULL,47,7,0,N,,N,N,098-KY-0080-0,NULL,NULL,2022,O,7.2821E+11,098-KY-0080  -000,HIGH,098-KY-0080  -000,2.781,0,0,0,0,0,0,1,0,0,0,0,0,0
72811922,980100,2.022E+11,20221002,1809,,,CASSIDY,,BLVD,,,0,098 CS-1191,CS1191,N,N,NULL,NULL,NULL,N,NULL,NULL,NULL,NULL,NULL,NULL,0.261,NULL,NULL,NULL,NULL,,NULL,0,0,2,2,N,N,35,NULL,98,9801,NULL,,Y,37.50465,37,30.279,NULL,-82.53613,82,32.167,NULL,N,NULL,NULL,NULL,NULL,NULL,NULL,NULL,NULL,1,3,4,6,1,5,6,2,7,3,N,NULL,Y,N,1811,1814,1902,N,NULL,55,,,N,,N,Y,098-CS-1191-0,NULL,NULL,2022,O,7.28119E+11,098-CS-1191  -000,HIGH,098-CS-1191  -000,0.261,0,0,0,0,0,0,0,0,0,0,0,1,1
72802265,980100,2.022E+11,20220906,747,,911,BYPASS,,RD,,,0,098 CS-1223,CS1223,Y,N,NULL,NULL,NULL,N,NULL,NULL,NULL,NULL,NULL,NULL,NULL,NULL,NULL,NULL,NULL,NULL,NULL,0,0,2,2,N,N,NULL,NULL,98,9801,NULL,,Y,37.47128,37,28.277,NULL,-82.52117,82,31.27,NULL,N,NULL,NULL,NULL,NULL,NULL,NULL,NULL,NULL,2,97,1,6,2,1,2,2,1,3,N,NULL,Y,N,747,756,756,N,NULL,90,,,N,,N,N,098-CS-1223-0,NULL,NULL,2022,O,7.28023E+11,098-CS-1223  -000,HIGH,098-CS-1223  -000,0.136,0,0,0,0,0,0,1,0,0,0,0,0,0
72849141,KSP0900,22-499729,20221231,903,,,MALL,,RD,,,0,098 CR-1037,CR1037,Y,N,NULL,NULL,NULL,N,NULL,NULL,NULL,NULL,NULL,NULL,0.351,NULL,NULL,NULL,NULL,,NULL,0,0,2,2,N,N,NULL,NULL,98,9834,NULL,,Y,37.6557,37,39.342,NULL,-82.27205,82,16.323,NULL,N,NULL,NULL,NULL,NULL,NULL,NULL,NULL,NULL,2,97,NULL,6,1,5,3,2,1,3,N,NULL,Y,N,903,938,903,N,NULL,90,,,N,,N,N,098-CR-1037-0,NULL,NULL,2022,O,7.28491E+11,098-CR-1037  -000,HIGH,098-CR-1037  -000,0.351,0,0,0,1,0,0,1,0,0,0,0,0,0
72843180,980200,980200,20221216,1543,,,LARA ANNE,,LN,,,0,098 CS-2018,CS2018,Y,N,NULL,NULL,NULL,N,NULL,NULL,NULL,NULL,NULL,NULL,0.069,NULL,NULL,NULL,NULL,,NULL,0,0,2,2,N,N,5,NULL,98,9802,NULL,,Y,37.30292,37,18.175,NULL,-82.35153,82,21.092,NULL,N,NULL,NULL,NULL,NULL,NULL,NULL,NULL,NULL,2,97,NULL,6,1,1,2,2,1,3,N,NULL,N,Y,1543,1546,,N,NULL,90,,,N,,N,N,098-CS-2018-0,NULL,NULL,2022,O,7.28432E+11,098-CS-2018  -000,HIGH,098-CS-2018  -000,0.069,0,0,0,1,0,0,1,0,0,0,0,0,0
72822989,KSP0900,22-403790,20221020,527,,,KY3174,,,KY3174,KY3174,0,098 KY-3174-10,KY3174,N,N,NULL,NULL,NULL,N,NULL,NULL,NULL,NULL,NULL,NULL,6.87,NULL,NULL,NULL,NULL,,NULL,0,0,1,1,N,N,55,NULL,98,9830,NULL,,Y,37.3454,37,20.724,NULL,-82.43368,82,26.02,NULL,N,NULL,NULL,NULL,NULL,NULL,NULL,NULL,NULL,9,3,4,4,1,1,2,6,2,3,N,NULL,Y,N,530,645,715,N,NULL,38,,0,N,,N,N,098-KY-3174-10,NULL,NULL,2022,O,7.2823E+11,098-KY-3174  -010,HIGH,098-KY-3174  -000,6.87,0,0,0,0,0,0,0,0,0,0,0,0,0
72821291,KSP0900,22-407494,20221022,2030,,,US119,,,US0119,US0119,0,098 US-119,US0119,Y,N,NULL,NULL,NULL,N,NULL,NULL,NULL,NULL,NULL,NULL,23.598,NULL,NULL,NULL,NULL,,NULL,0,0,2,2,N,N,55,NULL,98,9836,NULL,,Y,37.65012,37,39.007,NULL,-82.26758,82,16.055,NULL,N,NULL,NULL,NULL,NULL,NULL,NULL,NULL,NULL,2,97,2,6,1,1,2,4,7,3,N,NULL,N,N,2100,2110,2110,N,NULL,90,2,1,N,,N,N,098-US-0119-0,NULL,NULL,2022,O,7.28213E+11,098-US-0119  -000,HIGH,098-US-0119  -000,23.598,0,0,1,0,0,0,1,0,0,0,0,0,0
72794731,KSP0900,22-311823,20220812,2148,,,KY1426,,,KY1426,KY1426,0,098 KY-1426,KY1426,Y,N,NULL,NULL,NULL,N,NULL,NULL,NULL,NULL,NULL,NULL,11.899,NULL,NULL,NULL,NULL,,NULL,0,0,2,2,Y,N,NULL,NULL,98,9828,NULL,,Y,37.53526,37,32.116,NULL,-82.46598,82,27.959,NULL,N,NULL,NULL,NULL,NULL,NULL,NULL,NULL,NULL,2,97,0,6,1,1,2,6,1,3,N,NULL,Y,N,2148,2201,2201,N,NULL,90,7,0,Y,,N,N,098-KY-1426-0,NULL,NULL,2022,O,7.27947E+11,098-KY-1426  -000,HIGH,098-KY-1426  -000,11.899,0,0,0,0,0,0,0,0,0,0,0,0,0
72776620,980100,2.022E+11,20220621,1642,,,US23 TURN LANE,,,US0023,US0023,0,098 US-23-21,US0023,N,N,NULL,NULL,NULL,N,NULL,NULL,NULL,NULL,NULL,NULL,0.01,NULL,NULL,NULL,NULL,,NULL,0,0,1,1,N,N,55,NULL,98,9801,NULL,,Y,37.50364,37,30.218,NULL,-82.53255,82,31.953,NULL,N,NULL,NULL,NULL,NULL,NULL,NULL,NULL,NULL,9,3,4,6,1,1,2,2,7,3,N,NULL,Y,N,1642,1643,1643,N,NULL,70,,1,N,,N,N,098-US-0023-21,NULL,NULL,2022,O,7.27766E+11,098-US-0023  -021,HIGH,098-US-0023  -021,0.01,0,0,0,0,0,0,0,0,0,0,0,1,0
72795147,980100,2.022E+11,20220811,1551,,,KY1426,,,KY1426,KY1426,0,098 KY-1426,KY1426,N,N,NULL,NULL,NULL,N,NULL,NULL,NULL,NULL,NULL,NULL,6.913,NULL,NULL,NULL,NULL,,NULL,0,0,2,2,N,N,45,NULL,98,9801,NULL,,Y,37.48638,37,29.183,NULL,-82.509,82,30.54,NULL,N,NULL,NULL,NULL,NULL,NULL,NULL,NULL,NULL,5,3,2,6,1,1,2,2,7,3,N,NULL,Y,N,1552,1556,1626,N,NULL,49,,0,Y,,N,N,098-KY-1426-0,NULL,NULL,2022,O,7.27951E+11,098-KY-1426  -000,HIGH,098-KY-1426  -000,6.913,0,0,1,0,0,0,1,0,0,1,0,0,0
72795959,980100,2.022E+11,20220820,1328,,254,CASSIDY,,BLVD,,,0,098 CS-1191,CS1191,Y,N,NULL,NULL,NULL,N,NULL,NULL,NULL,NULL,NULL,NULL,0.289,NULL,NULL,NULL,NULL,,NULL,0,0,2,2,N,N,NULL,NULL,98,9801,NULL,,Y,37.50496,37,30.298,NULL,-82.5366,82,32.196,NULL,N,NULL,NULL,NULL,NULL,NULL,NULL,NULL,NULL,2,97,NULL,6,1,1,3,2,5,3,N,NULL,Y,N,1328,1337,1337,N,NULL,90,,,N,,N,N,098-CS-1191-0,NULL,NULL,2022,O,7.2796E+11,098-CS-1191  -000,HIGH,098-CS-1191  -000,0.289,0,0,1,0,0,0,1,0,0,0,0,0,0
72814347,KSP0900,2022-372020,20220925,1532,,,US23,,,US0023,US0023,0,098 US-23,US0023,N,N,NULL,NULL,NULL,N,NULL,NULL,NULL,NULL,NULL,NULL,6.336,NULL,NULL,NULL,NULL,,NULL,0,0,1,1,N,N,55,NULL,98,9809,NULL,,Y,37.29415,37,17.649,NULL,-82.54709,82,32.825,NULL,N,NULL,NULL,NULL,NULL,NULL,NULL,NULL,NULL,9,6,4,2,1,5,6,2,7,3,N,NULL,Y,N,1532,1532,,N,NULL,44,,1,N,,N,N,098-US-0023-0,NULL,NULL,2022,O,7.28143E+11,098-US-0023  -000,HIGH,098-US-0023  -000,6.336,0,0,0,0,0,0,0,0,0,0,0,1,0
72816585,980100,2.022E+11,20221014,2037,,215,CASSIDY,,BLVD,,,0,098 CS-1191,CS1191,N,N,NULL,NULL,NULL,N,NULL,NULL,NULL,NULL,NULL,NULL,0.25,NULL,NULL,NULL,NULL,,NULL,0,0,2,2,N,N,35,NULL,98,9801,NULL,,Y,37.50452,37,30.271,NULL,-82.53596,82,32.157,NULL,N,NULL,NULL,NULL,NULL,NULL,NULL,NULL,NULL,1,3,3,6,1,1,2,5,1,3,N,NULL,Y,N,2037,2042,2143,N,NULL,55,,,N,,N,N,098-CS-1191-0,NULL,NULL,2022,O,7.28166E+11,098-CS-1191  -000,HIGH,098-CS-1191  -000,0.25,0,0,0,0,0,0,1,1,0,0,0,0,0
72816356,370200,2022-396277,20221014,956,,,MALL,S,RD,,,0,098 PR-1010,PR1010,Y,N,NULL,NULL,NULL,N,NULL,NULL,NULL,NULL,NULL,NULL,0.314,NULL,NULL,NULL,NULL,,NULL,0,0,2,2,N,Y,15,NULL,98,9834,NULL,,Y,37.65535,37,39.321,NULL,-82.27351,82,16.411,NULL,N,NULL,NULL,NULL,NULL,NULL,NULL,NULL,NULL,2,97,1,6,1,1,2,2,1,3,N,NULL,Y,N,956,1018,1107,N,NULL,90,,,N,,N,N,098-PR-1010-0,NULL,NULL,2022,O,7.28164E+11,098-PR-1010  -000,HIGH,098-PR-1010  -000,0.314,0,1,0,0,0,0,0,0,0,0,0,0,0
72805951,KSP0900,22-351964,20220910,1548,,,KY1426,,,KY1426,KY1426,0,098 KY-1426,KY1426,N,N,NULL,NULL,NULL,N,NULL,NULL,NULL,NULL,NULL,NULL,13.122,NULL,NULL,NULL,NULL,,NULL,0,0,2,2,N,N,55,NULL,98,9828,NULL,,Y,37.54808,37,32.884,NULL,-82.46051,82,27.631,NULL,N,NULL,NULL,NULL,NULL,NULL,NULL,NULL,NULL,1,3,2,6,1,5,6,2,7,3,N,NULL,Y,N,1548,1559,1620,N,NULL,55,7,0,N,,N,N,098-KY-1426-0,NULL,NULL,2022,O,7.2806E+11,098-KY-1426  -000,HIGH,098-KY-1426  -000,13.122,0,0,1,0,0,0,0,1,0,0,0,0,0
72832644,KSP0900,22-441559,20221117,1520,,,US119,,,US0119,US0119,0,098 US-119,US0119,Y,N,NULL,NULL,NULL,N,NULL,NULL,NULL,NULL,NULL,NULL,23.841,NULL,NULL,NULL,NULL,,NULL,0,0,2,2,N,N,10,NULL,98,9834,NULL,,Y,37.65483,37,39.29,NULL,-82.26868,82,16.121,NULL,N,NULL,NULL,NULL,NULL,NULL,NULL,NULL,NULL,2,97,4,6,1,1,2,2,7,3,N,NULL,N,N,1520,1530,1545,N,NULL,90,2,1,N,,N,N,098-US-0119-0,NULL,NULL,2022,O,7.28326E+11,098-US-0119  -000,HIGH,098-US-0119  -000,23.841,0,0,0,1,0,0,1,0,0,0,0,0,0
72813814,KSP0900,22-387598,20221007,1302,,,KY611,,,KY0611,KY0611,0,098 KY-611,KY0611,N,N,NULL,NULL,NULL,N,NULL,NULL,NULL,NULL,NULL,NULL,5.945,NULL,NULL,NULL,NULL,,NULL,0,0,2,2,N,N,35,NULL,98,9830,NULL,,Y,37.3148,37,18.888,NULL,-82.5483,82,32.898,NULL,N,NULL,NULL,NULL,NULL,NULL,NULL,NULL,NULL,7,3,2,6,1,1,2,2,7,3,N,NULL,N,N,1302,1302,1310,N,NULL,54,8,0,N,,N,N,098-KY-0611-0,NULL,NULL,2022,O,7.28138E+11,098-KY-0611  -000,HIGH,098-KY-0611  -000,5.945,0,0,1,1,0,0,0,0,0,0,0,1,0
72844057,980100,2.022E+11,20221216,1430,,254,CASSIDY,,BLVD,,,0,098 CS-1191,CS1191,Y,N,NULL,NULL,NULL,N,NULL,NULL,NULL,NULL,NULL,NULL,0.038,NULL,NULL,NULL,NULL,,NULL,0,0,1,1,N,N,NULL,NULL,98,9801,NULL,,Y,37.50371,37,30.222,NULL,-82.53279,82,31.967,NULL,N,NULL,NULL,NULL,NULL,NULL,NULL,NULL,NULL,9,97,1,6,1,1,2,2,1,3,N,NULL,Y,N,1430,1456,1456,Y,NULL,90,,,N,,N,N,098-CS-1191-0,NULL,NULL,2022,O,7.28441E+11,098-CS-1191  -000,HIGH,098-CS-1191  -000,0.038,0,0,0,0,0,0,1,0,0,0,0,1,0