MasterFile,AgencyORINumber,LocalCode,CollisionDate,CollisionTime,CollisionDayWeekCode,RoadwayName_HouseBusinessNumber_,RoadwayName_RoadwayName_,RoadwayName_Direction_,RoadwayName_RoadwaySuffix_,RoadwayfromReport,CurrentRoadwayNumber,RoadwayNumberCoupletID,RSEUniqueGIS,RoadwayIdentifier,ParkingLotIndicator,IntersectionWith_Indicator_,IntersectionWith_NameRoadway_,IntersectionWith_Direction_,IntersectionWith_RoadwaySuffix_,BetweenStreets_Indicator_,BetweenStreets1_NameRoadway_,BetweenStreet1_Direction_,BetweenStreets1_RoadwaySuffix_,BetweenStreets2_NameRoadway_,BetweenStreets2_Direction_,BetweenStreets2_RoadwaySuffix_,Milepoint,ReportMilepointDeriveNumber,CurrentDerivedMiepointNumber,MilestoMilepoint,FeettoMilepoint,DirectionfromMilepoint_NSEW_,ValidMilepointIndicator,NumberInjured,NumberKilled,ofUnits,ofMotorVehicleUnits,Hit&RunIndicator,OneWayIndicator,SpeedLimitNumber,KilometersIndicator,CountyCode,CityCountyCode,MilesFromCity,DirectionFromCity_NSEW_,InCityLimitsIndicator,Latitude,LatitudeDegrees,LatitudeMinutes,LatitudeSeconds,Longitude,LongitudeDegrees,LongitudeMinutes,LongitudeSeconds,RampIndicator,RampFromIdentifier,RampFromDirCode,RampFromCoupletID,RSEUniqueGISRampFrom,RampToidentifier,RampToDirCode,RampToCoupletID,RSEUniqueGisRampTo,MannerofCollisionCode,LocationFirstEventCode,TotalLanes,RoadwayCharacterCode,RoadwaySurfaceCode,RoadwayConditionCode,WeatherCode,LightConditionCode,LandUseCode,SchoolBusRelatedCode,FirstAidSceneIndicator,CollDescPresentInd,InvestigationCompleteIndicator,PhotosTakenIndicator,TimeNotified,TimeArrived,TimeRoadwayOpened,PropertyDamageIndicator,DiagramPresentIndicator,DirectionalAnalysis,FunctionClassCode,NationalHwySysCode,EnforcementsIndicator,KARSCityCode,SecondaryCollisionIndicator,MedianCrossoverIndicator,RT_UNIQUE,MapIt,TimeLastLeft,YR,KABCO,MFNY,WorkingRID,RT_CONFIDENCE,KTC_RT,KTC_MP,Motorcyclist,CommercialVehicle,YoungDriver,MatureDriver,pedestrian,Bicyclist,Distracted,agressive,Impaired,Unrestrained,Intersection,RoadwayDeparture,MedXover
72853072,980000,23-01-002,20230111,230,,,US23,,,US0023,US0023,0,098 US-23,US0023,N,N,NULL,NULL,NULL,N,NULL,NULL,NULL,NULL,NULL,NULL,11.72,NULL,NULL,NULL,NULL,,NULL,0,0,1,1,N,N,55,NULL,98,9827,NULL,,Y,37.35923,37,21.554,NULL,-82.55488,82,33.293,NULL,N,NULL,NULL,NULL,NULL,NULL,NULL,NULL,NULL,9,97,4,6,3,1,2,2,1,3,N,NULL,Y,Y,230,248,307,Y,NULL,40,,1,N,,N,N,098-US-0023-0,NULL,NULL,2023,O,7.28531E+11,098-US-0023  -000,HIGH,098-US-0023  -000,11.71,0,0,0,0,0,0,1,0,0,0,0,1,0
72845223,KSP0900,22-483387,20221219,1458,,,US23,,,US0023,US0023,0,098 US-23,US0023,N,N,NULL,NULL,NULL,N,NULL,NULL,NULL,NULL,NULL,NULL,1.952,NULL,NULL,NULL,NULL,,NULL,3,0,2,2,N,N,55,NULL,98,9809,NULL,,Y,37.26604,37,15.963,NULL,-82.61321,82,36.793,NULL,N,NULL,NULL,NULL,NULL,NULL,NULL,NULL,NULL,1,3,4,6,1,1,2,2,7,3,Y,NULL,Y,Y,1458,1505,1630,N,NULL,55,,1,N,,N,N,098-US-0023-0,NULL,NULL,2022,A,7.28452E+11,098-US-0023  -000,HIGH,098-US-0023  -000,1.952,0,0,0,1,0,0,1,0,0,0,0,0,0
72668365,980100,2.021E+11,20210830,1807,,357,MAYO,N,TRL,,,,,,Y,N,NULL,NULL,NULL,N,NULL,NULL,NULL,NULL,NULL,NULL,NULL,NULL,NULL,NULL,NULL,NULL,NULL,0,0,2,2,N,N,15,NULL,98,9801,NULL,,Y,37.48692,37,29.215,NULL,-82.54269,82,32.562,NULL,N,NULL,NULL,NULL,NULL,NULL,NULL,NULL,NULL,1,97,2,6,1,1,3,2,8,3,N,NULL,N,N,1807,1812,,N,NULL,90,,,N,,N,N,,NULL,NULL,2021,O,7.26684E+11,098-PR-1190  -000,MEDIUM,098-PR-1190  -000,0.136,0,0,0,1,0,0,1,0,0,0,0,0,0
72832732,980100,2.022E+11,20221111,713,,,US23,,,US0023,US0023,0,098 US-23,US0023,N,N,NULL,NULL,NULL,N,NULL,NULL,NULL,NULL,NULL,NULL,23.057,NULL,NULL,NULL,NULL,,NULL,1,0,3,3,N,N,55,NULL,98,9801,NULL,,Y,37.46586,37,27.952,NULL,-82.52803,82,31.682,NULL,N,NULL,NULL,NULL,NULL,NULL,NULL,NULL,NULL,1,3,4,6,1,5,6,2,7,3,Y,NULL,Y,Y,714,719,1031,Y,NULL,55,,1,N,,N,N,098-US-0023-0,NULL,NULL,2022,A,7.28327E+11,098-US-0023  -000,HIGH,098-US-0023  -000,23.057,0,1,0,0,0,0,1,0,0,0,0,1,0
72767117,KSP0900,22-200224,20220529,1741,,,TOLER,,RD,KY0319,KY0319,0,098 KY-319,KY0319,N,N,NULL,NULL,NULL,N,NULL,NULL,NULL,NULL,NULL,NULL,5.695,NULL,NULL,NULL,NULL,,NULL,0,0,1,1,N,N,45,NULL,98,9842,NULL,,Y,37.62868,37,37.721,NULL,-82.24858,82,14.915,NULL,N,NULL,NULL,NULL,NULL,NULL,NULL,NULL,NULL,9,5,2,6,1,1,2,2,7,3,N,NULL,Y,N,1810,1824,1824,N,NULL,44,7,0,N,,N,N,098-KY-0319-0,NULL,NULL,2022,O,7.27671E+11,098-KY-0319  -000,HIGH,098-KY-0319  -000,5.695,0,0,0,1,0,0,0,0,0,0,0,1,0
72728298,KSP0900,22-41799,20220203,1920,,,US119,,,US0119,US0119,0,098 US-119-10,US0119,Y,N,NULL,NULL,NULL,N,NULL,NULL,NULL,NULL,NULL,NULL,23.696,NULL,NULL,NULL,NULL,,NULL,0,0,2,2,N,N,10,NULL,98,9834,NULL,,Y,37.65147,37,39.088,NULL,-82.2683,82,16.098,NULL,N,NULL,NULL,NULL,NULL,NULL,NULL,NULL,NULL,2,97,1,6,1,5,6,2,5,3,N,NULL,Y,N,1920,1950,1950,N,NULL,90,2,1,N,,N,N,098-US-0119-10,NULL,NULL,2022,O,7.27283E+11,098-US-0119  -010,HIGH,098-US-0119  -000,23.696,0,0,0,1,0,0,0,0,0,0,0,0,0
72780623,KSP0900,22-248032,20220701,100,,,VIRGIE,,RD,KY0610,KY0610,0,098 KY-610,KY0610,N,N,NULL,NULL,NULL,N,NULL,NULL,NULL,NULL,NULL,NULL,7.967,NULL,NULL,NULL,NULL,,NULL,0,0,1,1,N,N,35,NULL,98,9827,NULL,,Y,37.33814,37,20.288,NULL,-82.58669,82,35.201,NULL,N,NULL,NULL,NULL,NULL,NULL,NULL,NULL,NULL,9,3,2,6,1,1,2,6,7,3,N,NULL,Y,N,100,110,110,N,NULL,70,7,0,N,,N,N,098-KY-0610-0,NULL,NULL,2022,O,7.27806E+11,098-KY-0610  -000,HIGH,098-KY-0610  -000,7.967,0,0,0,0,0,0,1,0,0,0,0,0,0
72842360,KSP0900,22-476967,20221213,2144,,,KY1469,,,KY1469,KY1469,0,098 KY-1469,KY1469,N,N,NULL,NULL,NULL,N,NULL,NULL,NULL,NULL,NULL,NULL,9.086,NULL,NULL,NULL,NULL,,NULL,0,0,1,1,N,N,55,NULL,98,9827,NULL,,Y,37.32264,37,19.358,NULL,-82.61635,82,36.981,NULL,N,NULL,NULL,NULL,NULL,NULL,NULL,NULL,NULL,9,3,2,6,1,1,2,7,6,3,N,NULL,N,N,2144,2207,2300,N,NULL,38,8,0,N,,N,N,098-KY-1469-0,NULL,NULL,2022,O,7.28424E+11,098-KY-1469  -000,HIGH,098-KY-1469  -000,9.086,0,0,0,0,0,0,0,0,0,0,0,0,0
72803953,KSP0900,22-346513,20220906,1838,,,KY194,,,KY0194,KY0194,0,098 KY-194,KY0194,N,N,NULL,NULL,NULL,N,NULL,NULL,NULL,NULL,NULL,NULL,53.382,NULL,NULL,NULL,NULL,,NULL,1,0,1,1,N,N,35,NULL,98,9804,NULL,,Y,37.49913,37,29.948,NULL,-82.13694,82,8.216,NULL,N,NULL,NULL,NULL,NULL,NULL,NULL,NULL,NULL,9,3,2,6,1,1,2,2,7,3,Y,NULL,Y,Y,1838,1844,1920,N,NULL,44,8,0,N,,N,N,098-KY-0194-0,NULL,NULL,2022,C,7.2804E+11,098-KY-0194  -000,HIGH,098-KY-0194  -000,53.382,0,0,0,0,0,0,0,0,0,0,0,1,0
72717577,KSP0900,22-7551,20220106,1535,,,KY122,,,KY0122,KY0122,0,098 KY-122,KY0122,N,N,NULL,NULL,NULL,N,NULL,NULL,NULL,NULL,NULL,NULL,4.656,NULL,NULL,NULL,NULL,,NULL,1,0,1,1,N,N,55,NULL,98,9827,NULL,,Y,37.34622,37,20.773,NULL,-82.60009,82,36.006,NULL,N,NULL,NULL,NULL,NULL,NULL,NULL,NULL,NULL,9,4,2,6,1,2,9,2,7,3,Y,NULL,Y,N,1535,1609,1715,N,NULL,44,,0,N,,N,N,098-KY-0122-0,NULL,NULL,2022,B,7.27176E+11,098-KY-0122  -000,HIGH,098-KY-0122  -000,4.656,0,0,1,0,0,0,0,0,0,0,0,1,0
72811544,980100,2.022E+11,20220923,2202,,,THOMPSON,,RD,,,0,098 CS-1215,CS1215,Y,N,NULL,NULL,NULL,N,NULL,NULL,NULL,NULL,NULL,NULL,0.454,NULL,NULL,NULL,NULL,,NULL,0,0,2,2,N,N,15,NULL,98,9801,NULL,,Y,37.50624,37,30.375,NULL,-82.54446,82,32.667,NULL,N,NULL,NULL,NULL,NULL,NULL,NULL,NULL,NULL,2,97,1,6,1,1,2,5,1,3,N,NULL,Y,N,2202,2203,2203,N,NULL,90,,,N,,N,N,098-CS-1215-0,NULL,NULL,2022,O,7.28115E+11,098-CS-1215  -000,HIGH,098-CS-1215  -000,0.454,0,0,0,0,0,0,1,0,0,0,0,0,0
72727125,980100,2.022E+11,20220129,2304,,,COLLEGE,N,ST,,,,,,N,N,NULL,NULL,NULL,N,NULL,NULL,NULL,NULL,NULL,NULL,0.068,NULL,NULL,NULL,NULL,,NULL,0,0,2,2,N,N,25,NULL,98,9801,NULL,,Y,37.47657,37,28.594,NULL,-82.52129,82,31.277,NULL,N,NULL,NULL,NULL,NULL,NULL,NULL,NULL,NULL,1,3,2,6,1,1,2,5,7,3,N,NULL,Y,N,2304,2308,6,N,NULL,55,,,N,,N,N,,NULL,NULL,2022,O,7.27271E+11,098-CS-1108  -000,LOW,098-CS-1108  -000,0.068,0,0,0,0,0,0,1,1,0,0,0,0,0
72773939,980200,6/9/2022,20220609,1055,,,JOHN MOORE,,BR,,,0,098 CR-1614,CR1614,N,Y,KY197,,,N,NULL,NULL,NULL,NULL,NULL,NULL,0.083,NULL,NULL,NULL,NULL,,NULL,0,0,2,2,N,N,35,NULL,98,9802,NULL,,Y,37.30074,37,18.045,NULL,-82.3551,82,21.306,NULL,N,NULL,NULL,NULL,NULL,NULL,NULL,NULL,NULL,8,97,1,3,1,1,3,3,6,3,N,NULL,N,N,1050,1055,,N,NULL,19,,,Y,,N,N,098-CR-1614-0,NULL,NULL,2022,O,7.27739E+11,098-CR-1614  -000,HIGH,098-CR-1614  -000,0.083,0,0,0,0,0,0,0,1,0,0,1,0,0
72762872,KSP0900,22-179482,20220515,1020,,48,BUCKFIELD,,RD,,,0,098 CR-1270,CR1270,Y,N,NULL,NULL,NULL,N,NULL,NULL,NULL,NULL,NULL,NULL,0.291,NULL,NULL,NULL,NULL,,NULL,0,0,1,1,N,N,NULL,NULL,98,9801,NULL,,Y,37.4039,37,24.234,NULL,-82.52222,82,31.333,NULL,N,NULL,NULL,NULL,NULL,NULL,NULL,NULL,NULL,9,97,NULL,6,1,1,2,2,1,3,N,NULL,Y,Y,1035,1056,1035,Y,NULL,90,,,N,,N,N,098-CR-1270-0,NULL,NULL,2022,O,7.27629E+11,098-CR-1270  -000,HIGH,098-CR-1270  -000,0.291,0,0,0,1,0,0,0,0,0,0,0,1,0
72747130,980000,22-04-002,20220404,1400,,,LITTLE,,CRK,,,0,098 CR-1276,CR1276,N,N,NULL,NULL,NULL,N,NULL,NULL,NULL,NULL,NULL,NULL,0.893,NULL,NULL,NULL,NULL,,NULL,0,0,1,1,N,N,35,NULL,98,9801,NULL,,Y,37.3837,37,23.022,NULL,-82.51662,82,30.997,NULL,N,NULL,NULL,NULL,NULL,NULL,NULL,NULL,NULL,9,97,1,6,1,1,2,2,7,3,N,NULL,Y,Y,1403,1422,1422,Y,NULL,40,,,N,,N,N,098-CR-1276-0,NULL,NULL,2022,O,7.27471E+11,098-CR-1276  -000,HIGH,098-CR-1276  -000,0.893,0,0,0,0,0,0,0,0,0,0,0,1,0
72777544,KSP0900,22-171977,20220510,600,,,MUDLICK,,RD,,,0,098 CR-1089,CR1089,N,N,NULL,NULL,NULL,N,NULL,NULL,NULL,NULL,NULL,NULL,0.518,NULL,NULL,NULL,NULL,,NULL,0,0,1,1,N,N,35,NULL,98,9842,NULL,,Y,37.60139,37,36.084,NULL,-82.23264,82,13.958,NULL,N,NULL,NULL,NULL,NULL,NULL,NULL,NULL,NULL,9,3,1,3,1,1,2,6,7,3,Y,NULL,Y,N,600,625,800,N,NULL,70,,,N,,N,N,098-CR-1089-0,NULL,NULL,2022,O,7.27775E+11,098-CR-1089  -000,HIGH,098-CR-1089  -000,0.518,0,0,0,0,0,0,1,0,0,0,0,1,0
72778073,980000,22-06-005,20220629,745,,,WILLIAMSON,,RD,KY0292,KY0292,0,098 KY-292,KY0292,N,N,NULL,NULL,NULL,N,NULL,NULL,NULL,NULL,NULL,NULL,5.541,NULL,NULL,NULL,NULL,,NULL,0,0,1,1,N,N,35,NULL,98,9834,NULL,,Y,37.66925,37,40.155,NULL,-82.28604,82,17.163,NULL,N,NULL,NULL,NULL,NULL,NULL,NULL,NULL,NULL,9,3,2,6,1,1,2,2,7,3,N,NULL,N,N,745,800,815,N,NULL,38,7,0,N,,N,N,098-KY-0292-0,NULL,NULL,2022,O,7.27781E+11,098-KY-0292  -000,HIGH,098-KY-0292  -000,5.541,0,0,0,0,0,0,0,0,0,0,0,0,0
72731369,980100,2.022E+11,20220205,1736,,,CASSIDY,,BLVD,,,,,,N,N,NULL,NULL,NULL,N,NULL,NULL,NULL,NULL,NULL,NULL,0.193,NULL,NULL,NULL,NULL,,NULL,0,0,2,2,N,N,25,NULL,98,9801,NULL,,Y,37.50395,37,30.237,NULL,-82.53514,82,32.108,NULL,N,NULL,NULL,NULL,NULL,NULL,NULL,NULL,NULL,1,3,4,6,1,1,2,2,7,3,N,NULL,Y,N,1736,1743,1752,N,NULL,55,,,N,,N,N,,NULL,NULL,2022,O,7.27314E+11,098-CS-1191  -000,LOW,098-CS-1191  -000,0.193,0,0,0,0,0,0,0,0,0,0,0,0,0
72731923,KSP0900,22-58563,20220217,846,,5190,COLLINS,,HWY,KY0122,KY0122,0,098 KY-122,KY0122,N,N,NULL,NULL,NULL,N,NULL,NULL,NULL,NULL,NULL,NULL,10.778,NULL,NULL,NULL,NULL,,NULL,2,0,1,1,N,N,55,NULL,98,9801,5,S,N,37.38744,37,23.247,NULL,-82.53685,82,32.211,NULL,N,NULL,NULL,NULL,NULL,NULL,NULL,NULL,NULL,9,5,2,3,2,1,2,2,7,3,Y,NULL,Y,N,846,858,858,N,NULL,51,,0,Y,,N,N,098-KY-0122-0,NULL,NULL,2022,C,7.27319E+11,098-KY-0122  -000,HIGH,098-KY-0122  -000,10.778,0,0,0,0,0,0,0,0,0,0,0,1,0
72749211,KSP0900,21-417454,20220101,2000,,,US119,,,US0119,US0119,0,098 US-119,US0119,N,N,NULL,NULL,NULL,N,NULL,NULL,NULL,NULL,NULL,NULL,10.612,NULL,NULL,NULL,NULL,,NULL,0,0,1,1,N,N,55,NULL,98,9801,NULL,,Y,37.58625,37,35.175,NULL,-82.39627,82,23.776,NULL,N,NULL,NULL,NULL,NULL,NULL,NULL,NULL,NULL,9,5,2,6,1,1,2,6,7,3,N,NULL,N,N,1935,2000,2000,N,NULL,51,2,1,N,,N,N,098-US-0119-0,NULL,NULL,2022,O,7.27492E+11,098-US-0119  -000,HIGH,098-US-0119  -000,10.612,0,0,0,0,0,0,0,0,0,0,0,1,0
72760492,980100,2.022E+11,20220511,2043,,186,CASSIDY,,BLVD,,,0,098 CS-1191,CS1191,Y,N,NULL,NULL,NULL,N,NULL,NULL,NULL,NULL,NULL,NULL,0.281,NULL,NULL,NULL,NULL,,NULL,0,0,2,2,N,N,15,NULL,98,9801,NULL,,Y,37.50496,37,30.298,NULL,-82.53647,82,32.188,NULL,N,NULL,NULL,NULL,NULL,NULL,NULL,NULL,NULL,2,97,NULL,6,1,1,2,5,1,3,N,NULL,Y,N,2043,2052,,N,NULL,90,,,N,,N,N,098-CS-1191-0,NULL,NULL,2022,O,7.27605E+11,098-CS-1191  -000,HIGH,098-CS-1191  -000,0.281,0,0,0,0,0,0,1,0,0,0,0,0,0
72805664,KSP0900,22-347368,20220907,1222,,,US119,,,US0119,US0119,0,098 US-119-10,US0119,Y,N,NULL,NULL,NULL,N,NULL,NULL,NULL,NULL,NULL,NULL,23.555,NULL,NULL,NULL,NULL,,NULL,1,0,2,2,N,N,NULL,NULL,98,9834,NULL,,Y,37.64911,37,38.947,NULL,-82.26927,82,16.156,NULL,N,NULL,NULL,NULL,NULL,NULL,NULL,NULL,NULL,1,97,2,3,1,1,3,2,1,3,Y,NULL,Y,N,1222,1315,1345,N,NULL,90,2,1,Y,,N,N,098-US-0119-10,NULL,NULL,2022,B,7.28057E+11,098-US-0119  -010,HIGH,098-US-0119  -000,23.555,0,0,0,1,0,0,1,0,0,0,0,0,0
72869424,KSP0900,2023-74731,20230226,1527,,,US23,,,US0023,US0023,,,,N,N,NULL,NULL,NULL,N,NULL,NULL,NULL,NULL,NULL,NULL,28.926,NULL,NULL,NULL,NULL,,NULL,0,0,2,2,N,N,55,NULL,98,9807,NULL,,Y,37.52294,37,31.376,NULL,-82.57121,82,34.273,NULL,N,NULL,NULL,NULL,NULL,NULL,NULL,NULL,NULL,2,7,4,6,1,1,2,2,2,3,N,NULL,N,N,1527,1549,1549,N,NULL,46,,1,N,,N,N,,NULL,NULL,2023,O,7.28694E+11,098-US-0023  -010,MEDIUM,098-US-0023  -000,28.908,0,0,0,1,0,0,1,0,0,0,0,0,0
72756265,KSP0900,22-158825,20220430,2247,,,MURPHY BOTTOM,,RD,,,0,098 CR-1098J,CR1098J,Y,N,NULL,NULL,NULL,N,NULL,NULL,NULL,NULL,NULL,NULL,0.041,NULL,NULL,NULL,NULL,,NULL,0,0,2,2,N,N,NULL,NULL,98,9836,NULL,,Y,37.61565,37,36.939,NULL,-82.27357,82,16.414,NULL,N,NULL,NULL,NULL,NULL,NULL,NULL,NULL,NULL,2,97,0,6,1,1,2,7,6,3,N,NULL,Y,N,2223,2245,,N,NULL,90,,,N,,N,N,098-CR-1098J-0,NULL,NULL,2022,O,7.27563E+11,098-CR-1098J -000,HIGH,098-CR-1098J -000,0.041,0,0,0,0,0,0,0,0,0,0,0,0,0
72740815,370200,2022-93970,20220315,607,,,KY194,,,KY0194,KY0194,0,098 KY-194,KY0194,N,N,NULL,NULL,NULL,N,NULL,NULL,NULL,NULL,NULL,NULL,47.932,NULL,NULL,NULL,NULL,,NULL,0,0,2,2,N,N,55,NULL,98,9804,NULL,,Y,37.44702,37,26.821,NULL,-82.16693,82,10.016,NULL,N,NULL,NULL,NULL,NULL,NULL,NULL,NULL,NULL,7,3,2,2,1,1,2,6,7,3,N,NULL,Y,N,616,716,819,N,NULL,54,8,0,N,,N,N,098-KY-0194-0,NULL,NULL,2022,O,7.27408E+11,098-KY-0194  -000,HIGH,098-KY-0194  -000,47.932,0,1,0,0,0,0,0,0,0,0,0,1,0
72797582,KSP0900,22-319791,20220818,1856,,2330,POND CREEK,,RD,KY0199,KY0199,0,098 KY-199,KY0199,Y,N,NULL,NULL,NULL,N,NULL,NULL,NULL,NULL,NULL,NULL,NULL,NULL,NULL,NULL,NULL,,NULL,0,0,2,2,N,N,NULL,NULL,98,9851,NULL,,Y,37.57588,37,34.553,NULL,-82.26716,82,16.029,NULL,N,NULL,NULL,NULL,NULL,NULL,NULL,NULL,NULL,2,97,NULL,6,1,1,2,2,5,3,N,NULL,Y,N,1856,1931,1931,N,NULL,90,9,0,N,,N,N,098-KY-0199-0,NULL,NULL,2022,O,7.27976E+11,098-KY-0199  -000,HIGH,098-KY-0199  -000,9.411,0,0,0,0,0,0,1,0,0,0,0,0,0
72784243,980100,2.022E+11,20220717,1223,,274,CASSIDY,,BLVD,,,0,098 CS-1191,CS1191,Y,N,NULL,NULL,NULL,N,NULL,NULL,NULL,NULL,NULL,NULL,0.349,NULL,NULL,NULL,NULL,,NULL,0,0,2,2,N,N,NULL,NULL,98,9801,NULL,,Y,37.50517,37,30.31,NULL,-82.53785,82,32.271,NULL,N,NULL,NULL,NULL,NULL,NULL,NULL,NULL,NULL,2,97,NULL,6,1,1,2,2,5,3,N,NULL,Y,N,1223,1230,1306,N,NULL,90,,,N,,N,N,098-CS-1191-0,NULL,NULL,2022,O,7.27842E+11,098-CS-1191  -000,HIGH,098-CS-1191  -000,0.349,0,0,0,0,0,0,0,1,0,0,0,0,0
72756464,KSP0900,22-159111,20220501,450,,,US23,,,US0023,US0023,0,098 US-23-10,US0023,N,N,NULL,NULL,NULL,N,NULL,NULL,NULL,NULL,NULL,NULL,4.723,NULL,NULL,NULL,NULL,,NULL,1,0,2,1,N,N,55,NULL,98,9809,NULL,,Y,37.28209,37,16.925,NULL,-82.57027,82,34.216,NULL,N,NULL,NULL,NULL,NULL,NULL,NULL,NULL,NULL,9,3,4,4,1,1,2,7,7,3,Y,NULL,Y,Y,453,535,600,N,NULL,36,,1,N,,N,N,098-US-0023-10,NULL,NULL,2022,A,7.27565E+11,098-US-0023  -010,HIGH,098-US-0023  -000,4.723,0,0,0,0,1,0,0,0,0,0,0,0,0
72763290,KSP0900,22-169547,20220508,1100,,,KY632,,,KY0632,KY0632,0,098 KY-632,KY0632,N,N,NULL,NULL,NULL,N,NULL,NULL,NULL,NULL,NULL,NULL,13.874,NULL,NULL,NULL,NULL,,NULL,1,0,2,2,N,N,35,NULL,98,9804,NULL,,Y,37.51377,37,30.826,NULL,-82.15455,82,9.273,NULL,N,NULL,NULL,NULL,NULL,NULL,NULL,NULL,NULL,3,3,2,6,1,1,2,2,7,3,N,NULL,N,Y,1100,1100,1100,N,NULL,52,6,0,N,,N,N,098-KY-0632-0,NULL,NULL,2022,A,7.27633E+11,098-KY-0632  -000,HIGH,098-KY-0632  -000,13.874,1,0,0,1,0,0,0,0,0,0,0,1,0
72748053,980100,2.022E+11,20220324,1000,,238,CASSIDY,,BLVD,,,0,098 CS-1191,CS1191,Y,N,NULL,NULL,NULL,N,NULL,NULL,NULL,NULL,NULL,NULL,0.048,NULL,NULL,NULL,NULL,,NULL,0,0,2,2,N,N,NULL,NULL,98,9801,NULL,,Y,37.50369,37,30.221,NULL,-82.53294,82,31.976,NULL,N,NULL,NULL,NULL,NULL,NULL,NULL,NULL,NULL,1,97,1,6,1,1,2,2,1,3,N,NULL,Y,N,1226,1426,1226,N,NULL,90,,,N,,N,N,098-CS-1191-0,NULL,NULL,2022,O,7.27481E+11,098-CS-1191  -000,HIGH,098-CS-1191  -000,0.048,0,0,0,0,0,0,1,0,0,0,0,0,0
72766002,KSP0900,22-194943,20220526,635,,,US119,,,US0119,US0119,0,098 US-119-10,US0119,N,N,NULL,NULL,NULL,N,NULL,NULL,NULL,NULL,NULL,NULL,21.719,NULL,NULL,NULL,NULL,,NULL,0,0,1,1,N,N,55,NULL,98,9836,NULL,,Y,37.62983,37,37.79,NULL,-82.26184,82,15.71,NULL,N,NULL,NULL,NULL,NULL,NULL,NULL,NULL,NULL,9,3,2,3,1,5,6,1,7,3,N,NULL,Y,N,635,700,800,N,NULL,70,2,1,N,,N,N,098-US-0119-10,NULL,NULL,2022,O,7.2766E+11,098-US-0119  -010,HIGH,098-US-0119  -000,21.719,0,0,0,0,0,0,0,0,0,0,0,1,0
72753788,KSP0900,22-144307,20220420,2206,,,US119,,,US0119,US0119,0,098 US-119,US0119,N,N,NULL,NULL,NULL,N,NULL,NULL,NULL,NULL,NULL,NULL,0.172,NULL,NULL,NULL,NULL,,NULL,3,0,2,2,N,Y,55,NULL,98,9801,NULL,,Y,37.50435,37,30.261,NULL,-82.5291,82,31.746,NULL,N,NULL,NULL,NULL,NULL,NULL,NULL,NULL,NULL,8,3,2,5,1,1,2,6,7,3,Y,NULL,Y,Y,2206,2227,2300,N,NULL,47,2,1,N,,N,N,098-US-0119-0,NULL,NULL,2022,C,7.27538E+11,098-US-0119  -000,HIGH,098-US-0119  -000,0.172,0,0,1,0,0,0,0,0,1,1,0,0,0
72825388,KSP0900,22-423628,20221103,2051,,,US23,,,US0023,US0023,0,098 US-23,US0023,N,N,NULL,NULL,NULL,N,NULL,NULL,NULL,NULL,NULL,NULL,15.683,NULL,NULL,NULL,NULL,,NULL,0,0,1,1,N,N,55,NULL,98,9824,NULL,,Y,37.40512,37,24.307,NULL,-82.53082,82,31.849,NULL,N,NULL,NULL,NULL,NULL,NULL,NULL,NULL,NULL,9,3,4,6,1,1,2,5,7,3,N,NULL,N,N,2051,2118,2118,N,NULL,38,,1,N,,N,N,098-US-0023-0,NULL,NULL,2022,O,7.28254E+11,098-US-0023  -000,HIGH,098-US-0023  -000,15.683,0,0,0,0,0,0,0,0,0,0,0,0,0
72800408,980100,2.022E+11,20220827,1937,,,US23,,,US0023,US0023,0,098 US-23-10,US0023,N,N,NULL,NULL,NULL,N,NULL,NULL,NULL,NULL,NULL,NULL,32.352,NULL,NULL,NULL,NULL,,NULL,0,0,1,1,N,N,55,NULL,98,9801,NULL,,Y,37.53695,37,32.217,NULL,-82.615,82,36.9,NULL,N,NULL,NULL,NULL,NULL,NULL,NULL,NULL,NULL,9,3,4,6,1,1,3,2,7,3,N,NULL,Y,N,1937,1952,,N,NULL,70,,1,N,,N,N,098-US-0023-10,NULL,NULL,2022,O,7.28004E+11,098-US-0023  -010,HIGH,098-US-0023  -000,32.352,0,0,0,0,0,0,0,0,0,0,0,0,0
72796032,KSP0900,22-322079,20220820,1232,,,FEDSCREEK,,RD,KY0366,KY0366,0,098 KY-366,KY0366,N,N,NULL,NULL,NULL,N,NULL,NULL,NULL,NULL,NULL,NULL,2.917,NULL,NULL,NULL,NULL,,NULL,1,0,1,1,N,N,35,NULL,98,9839,NULL,,Y,37.39868,37,23.921,NULL,-82.20874,82,12.524,NULL,N,NULL,NULL,NULL,NULL,NULL,NULL,NULL,NULL,9,5,2,5,1,1,2,2,7,3,N,NULL,N,Y,1232,1304,1445,N,NULL,44,9,0,N,,N,N,098-KY-0366-0,NULL,NULL,2022,C,7.2796E+11,098-KY-0366  -000,HIGH,098-KY-0366  -000,2.917,0,0,0,0,0,0,0,0,0,0,0,1,0