MasterFile,AgencyORINumber,LocalCode,CollisionDate,CollisionTime,CollisionDayWeekCode,RoadwayName_HouseBusinessNumber_,RoadwayName_RoadwayName_,RoadwayName_Direction_,RoadwayName_RoadwaySuffix_,RoadwayfromReport,CurrentRoadwayNumber,RoadwayNumberCoupletID,RSEUniqueGIS,RoadwayIdentifier,ParkingLotIndicator,IntersectionWith_Indicator_,IntersectionWith_NameRoadway_,IntersectionWith_Direction_,IntersectionWith_RoadwaySuffix_,BetweenStreets_Indicator_,BetweenStreets1_NameRoadway_,BetweenStreet1_Direction_,BetweenStreets1_RoadwaySuffix_,BetweenStreets2_NameRoadway_,BetweenStreets2_Direction_,BetweenStreets2_RoadwaySuffix_,Milepoint,ReportMilepointDeriveNumber,CurrentDerivedMiepointNumber,MilestoMilepoint,FeettoMilepoint,DirectionfromMilepoint_NSEW_,ValidMilepointIndicator,NumberInjured,NumberKilled,ofUnits,ofMotorVehicleUnits,Hit&RunIndicator,OneWayIndicator,SpeedLimitNumber,KilometersIndicator,CountyCode,CityCountyCode,MilesFromCity,DirectionFromCity_NSEW_,InCityLimitsIndicator,Latitude,LatitudeDegrees,LatitudeMinutes,LatitudeSeconds,Longitude,LongitudeDegrees,LongitudeMinutes,LongitudeSeconds,RampIndicator,RampFromIdentifier,RampFromDirCode,RampFromCoupletID,RSEUniqueGISRampFrom,RampToidentifier,RampToDirCode,RampToCoupletID,RSEUniqueGisRampTo,MannerofCollisionCode,LocationFirstEventCode,TotalLanes,RoadwayCharacterCode,RoadwaySurfaceCode,RoadwayConditionCode,WeatherCode,LightConditionCode,LandUseCode,SchoolBusRelatedCode,FirstAidSceneIndicator,CollDescPresentInd,InvestigationCompleteIndicator,PhotosTakenIndicator,TimeNotified,TimeArrived,TimeRoadwayOpened,PropertyDamageIndicator,DiagramPresentIndicator,DirectionalAnalysis,FunctionClassCode,NationalHwySysCode,EnforcementsIndicator,KARSCityCode,SecondaryCollisionIndicator,MedianCrossoverIndicator,RT_UNIQUE,MapIt,TimeLastLeft,YR,KABCO,MFNY,WorkingRID,RT_CONFIDENCE,KTC_RT,KTC_MP,Motorcyclist,CommercialVehicle,YoungDriver,MatureDriver,pedestrian,Bicyclist,Distracted,agressive,Impaired,Unrestrained,Intersection,RoadwayDeparture,MedXover
72757878,370200,2022-164162,20220504,1601,,,US23,,,US0023,US0023,0,098 US-23-10,US0023,N,N,NULL,NULL,NULL,N,NULL,NULL,NULL,NULL,NULL,NULL,18.456,NULL,NULL,NULL,NULL,,NULL,0,0,2,2,Y,N,55,NULL,98,9801,NULL,,Y,37.4352,37,26.112,NULL,-82.51292,82,30.775,NULL,N,NULL,NULL,NULL,NULL,NULL,NULL,NULL,NULL,8,3,4,5,1,1,2,2,7,3,N,NULL,Y,N,1601,1618,1644,N,NULL,53,,1,N,,N,N,098-US-0023-10,NULL,NULL,2022,O,7.27579E+11,098-US-0023  -010,HIGH,098-US-0023  -000,18.456,0,1,0,0,0,0,0,0,0,0,0,1,0
72829741,KSP0900,22-433878,20221111,827,,,TOLER,,RD,KY0319,KY0319,0,098 KY-319,KY0319,N,N,NULL,NULL,NULL,N,NULL,NULL,NULL,NULL,NULL,NULL,4.321,NULL,NULL,NULL,NULL,,NULL,0,0,1,1,N,N,45,NULL,98,9842,NULL,,Y,37.61278,37,36.767,NULL,-82.23687,82,14.212,NULL,N,NULL,NULL,NULL,NULL,NULL,NULL,NULL,NULL,9,3,2,3,1,5,6,2,7,3,N,NULL,N,N,827,901,945,Y,NULL,44,7,0,Y,,N,N,098-KY-0319-0,NULL,NULL,2022,O,7.28297E+11,098-KY-0319  -000,HIGH,098-KY-0319  -000,4.321,0,0,0,0,0,0,0,0,0,1,0,1,0
72746447,KSP0900,2022-118114,20220401,1815,,,CLEO DAVIS,,ST,,,0,098 CR-1505X,CR1505X,N,N,NULL,NULL,NULL,N,NULL,NULL,NULL,NULL,NULL,NULL,0.053,NULL,NULL,NULL,NULL,,NULL,0,0,1,1,Y,N,35,NULL,98,9814,NULL,,Y,37.59301,37,35.581,NULL,-82.27441,82,16.465,NULL,N,NULL,NULL,NULL,NULL,NULL,NULL,NULL,NULL,9,3,1,6,1,1,2,2,7,3,N,NULL,Y,N,1815,1815,1815,Y,NULL,40,,,N,,N,N,098-CR-1505X-0,NULL,NULL,2022,NULL,7.27464E+11,098-CR-1505X -000,HIGH,098-CR-1505X -000,0.053,0,0,0,0,0,0,0,0,1,0,0,1,0
72800904,980100,2.022E+11,20220903,1224,,,THOMPSON,,RD,,,,,,Y,N,NULL,NULL,NULL,N,NULL,NULL,NULL,NULL,NULL,NULL,0.544,NULL,NULL,NULL,NULL,,NULL,0,0,2,2,N,N,NULL,NULL,98,9801,NULL,,Y,37.50582,37,30.349,NULL,-82.54292,82,32.575,NULL,N,NULL,NULL,NULL,NULL,NULL,NULL,NULL,NULL,7,97,NULL,6,1,1,2,2,1,3,N,NULL,Y,N,1224,1233,1246,N,NULL,90,,,N,,N,N,,NULL,NULL,2022,O,7.28009E+11,098-CS-1215  -000,MEDIUM,098-CS-1215  -000,0.544,0,0,0,1,0,0,0,0,0,0,0,0,0
72801471,980100,2.022E+11,20220904,1229,,,CASSIDY,,BLVD,,,,,,N,N,NULL,NULL,NULL,N,NULL,NULL,NULL,NULL,NULL,NULL,0.006,NULL,NULL,NULL,NULL,,NULL,3,0,2,2,N,N,55,NULL,98,9801,NULL,,Y,37.50375,37,30.225,NULL,-82.53226,82,31.936,NULL,N,NULL,NULL,NULL,NULL,NULL,NULL,NULL,NULL,1,3,4,6,1,1,2,2,1,3,N,NULL,N,Y,1230,1234,1307,N,NULL,55,,,N,,N,N,,NULL,NULL,2022,B,7.28015E+11,098-CS-1191  -000,MEDIUM,098-CS-1191  -000,0.006,0,0,0,0,0,0,1,1,0,0,0,0,0
72755199,KSP0900,22-154039,20220427,1502,,,US460,,,US0460,US0460,0,098 US-460,US0460,N,N,NULL,NULL,NULL,N,NULL,NULL,NULL,NULL,NULL,NULL,5.15,NULL,NULL,NULL,NULL,,NULL,0,0,2,2,N,N,25,NULL,98,9832,NULL,,Y,37.40957,37,24.574,NULL,-82.44801,82,26.881,NULL,N,NULL,NULL,NULL,NULL,NULL,NULL,NULL,NULL,8,3,2,1,1,1,2,2,8,3,N,NULL,N,N,1502,1512,1512,N,NULL,53,,1,N,,N,N,098-US-0460-0,NULL,NULL,2022,O,7.27552E+11,098-US-0460  -000,HIGH,098-US-0460  -000,5.15,0,0,0,0,0,0,0,1,0,0,0,1,0
72760566,980100,2.022E+11,20220507,1853,,,BYPASS,S,RD,KY1426,KY1426,0,098 KY-1426,KY1426,N,N,NULL,NULL,NULL,N,NULL,NULL,NULL,NULL,NULL,NULL,5.877,NULL,NULL,NULL,NULL,,NULL,0,0,2,2,N,N,35,NULL,98,9801,NULL,,Y,37.47417,37,28.45,NULL,-82.51989,82,31.194,NULL,N,NULL,NULL,NULL,NULL,NULL,NULL,NULL,NULL,1,3,2,6,1,1,3,2,7,3,N,NULL,Y,N,1853,1900,,N,NULL,55,,0,N,,N,N,098-KY-1426-0,NULL,NULL,2022,O,7.27606E+11,098-KY-1426  -000,HIGH,098-KY-1426  -000,5.877,0,0,0,0,0,0,0,0,0,0,0,0,0
72755644,980100,2.022E+11,20220426,743,,,US23,,,US0023,US0023,0,098 US-23-10,US0023,N,N,NULL,NULL,NULL,N,NULL,NULL,NULL,NULL,NULL,NULL,28.037,NULL,NULL,NULL,NULL,,NULL,0,0,2,2,N,N,55,NULL,98,9807,NULL,,Y,37.51503,37,30.902,NULL,-82.55906,82,33.543,NULL,N,NULL,NULL,NULL,NULL,NULL,NULL,NULL,NULL,1,3,4,6,1,5,6,2,7,3,N,NULL,Y,N,744,751,751,N,NULL,55,,1,N,,N,N,098-US-0023-10,NULL,NULL,2022,O,7.27556E+11,098-US-0023  -010,HIGH,098-US-0023  -000,28.037,0,0,0,0,0,0,0,0,0,0,0,0,0
72789926,KSP0900,22-242580,20220627,740,,,KY1426,,,KY1426,KY1426,0,098 KY-1426,KY1426,N,N,NULL,NULL,NULL,N,NULL,NULL,NULL,NULL,NULL,NULL,12.984,NULL,NULL,NULL,NULL,,NULL,3,0,2,2,N,N,55,NULL,98,9828,NULL,,Y,37.54652,37,32.791,NULL,-82.46192,82,27.715,NULL,N,NULL,NULL,NULL,NULL,NULL,NULL,NULL,NULL,1,3,2,3,1,5,6,2,7,3,Y,NULL,Y,Y,744,802,930,N,NULL,55,7,0,N,,N,N,098-KY-1426-0,NULL,NULL,2022,A,7.27899E+11,098-KY-1426  -000,HIGH,098-KY-1426  -000,12.984,0,0,0,0,0,0,1,0,0,0,0,1,0
72755953,980100,2.022E+11,20220429,1823,,,US23,,,US0023,US0023,0,098 US-23,US0023,N,N,NULL,NULL,NULL,N,NULL,NULL,NULL,NULL,NULL,NULL,21.062,NULL,NULL,NULL,NULL,,NULL,0,0,2,2,N,N,55,NULL,98,9801,NULL,,Y,37.44591,37,26.755,NULL,-82.5258,82,31.548,NULL,N,NULL,NULL,NULL,NULL,NULL,NULL,NULL,NULL,8,3,4,3,1,1,2,2,7,3,N,NULL,Y,N,1824,1830,1830,N,NULL,53,,1,N,,N,N,098-US-0023-0,NULL,NULL,2022,O,7.2756E+11,098-US-0023  -000,HIGH,098-US-0023  -000,21.062,0,0,1,1,0,0,1,1,0,0,0,1,0
72772352,KSP0900,22-222169,20220613,1634,,,COMPTON,,DR,,,0,098 CR-1297,CR1297,Y,N,NULL,NULL,NULL,N,NULL,NULL,NULL,NULL,NULL,NULL,0.061,NULL,NULL,NULL,NULL,,NULL,0,0,2,2,N,N,15,NULL,98,9801,NULL,,Y,37.39132,37,23.479,NULL,-82.53494,82,32.097,NULL,N,NULL,NULL,NULL,NULL,NULL,NULL,NULL,NULL,2,97,1,6,3,1,2,2,1,3,N,NULL,N,N,1637,1651,,N,NULL,90,,,N,,N,N,098-CR-1297-0,NULL,NULL,2022,O,7.27724E+11,098-CR-1297  -000,HIGH,098-CR-1297  -000,0.061,0,0,0,1,0,0,1,0,0,0,0,0,0
72800903,980100,2.022E+11,20220829,1615,,,US23,,,US0023,US0023,0,098 US-23-10,US0023,N,N,NULL,NULL,NULL,N,NULL,NULL,NULL,NULL,NULL,NULL,26.504,NULL,NULL,NULL,NULL,,NULL,1,0,2,2,N,N,55,NULL,98,9801,NULL,,Y,37.50663,37,30.398,NULL,-82.53355,82,32.013,NULL,N,NULL,NULL,NULL,NULL,NULL,NULL,NULL,NULL,1,3,4,6,1,1,2,2,7,3,Y,NULL,Y,Y,1615,1621,1801,N,NULL,55,,1,N,,N,Y,098-US-0023-10,NULL,NULL,2022,C,7.28009E+11,098-US-0023  -010,HIGH,098-US-0023  -000,26.504,0,1,0,0,0,0,0,0,0,0,0,0,0
72828287,980500,2022AR054,20221111,1415,,,RIGHT FORK OF COWPEN,,RD,,,0,098 CR-1321Q4,CR1321Q4,N,N,NULL,NULL,NULL,N,NULL,NULL,NULL,NULL,NULL,NULL,1.524,NULL,NULL,NULL,NULL,,NULL,0,0,2,2,N,N,25,NULL,98,9807,NULL,,Y,37.55172,37,33.103,NULL,-82.53723,82,32.234,NULL,N,NULL,NULL,NULL,NULL,NULL,NULL,NULL,NULL,3,3,1,3,1,5,6,2,6,3,N,NULL,Y,Y,1415,1430,,N,NULL,52,,,Y,,N,N,098-CR-1321Q4-0,NULL,NULL,2022,O,7.28283E+11,098-CR-1321Q4-000,MEDIUM,098-CR-1321Q4-000,1.524,0,0,0,0,0,0,1,0,0,0,0,1,0
72750636,980100,2.022E+11,20220407,1544,,,CASSIDY,,BLVD,,,0,098 CS-1191,CS1191,N,N,NULL,NULL,NULL,N,NULL,NULL,NULL,NULL,NULL,NULL,0.316,NULL,NULL,NULL,NULL,,NULL,0,0,2,2,N,N,15,NULL,98,9801,NULL,,Y,37.5052,37,30.312,NULL,-82.53717,82,32.23,NULL,N,NULL,NULL,NULL,NULL,NULL,NULL,NULL,NULL,2,97,1,6,1,1,3,2,1,3,N,NULL,Y,N,1544,1545,1545,N,NULL,56,,,N,,N,N,098-CS-1191-0,NULL,NULL,2022,O,7.27506E+11,098-CS-1191  -000,HIGH,098-CS-1191  -000,0.316,0,0,0,0,0,0,1,0,0,0,0,0,0
72777953,KSP0900,22-236352,20220622,2130,,,US119,,,US0119,US0119,0,098 US-119-10,US0119,N,N,NULL,NULL,NULL,N,NULL,NULL,NULL,NULL,NULL,NULL,11.378,NULL,NULL,NULL,NULL,,NULL,0,0,1,1,N,N,55,NULL,98,9833,NULL,,Y,37.59127,37,35.476,NULL,-82.38437,82,23.062,NULL,N,NULL,NULL,NULL,NULL,NULL,NULL,NULL,NULL,9,3,2,5,1,1,2,6,7,3,N,NULL,Y,N,2130,2215,2230,N,NULL,38,2,1,N,,N,N,098-US-0119-10,NULL,NULL,2022,O,7.2778E+11,098-US-0119  -010,HIGH,098-US-0119  -000,11.378,0,0,0,0,0,0,0,0,0,0,0,0,0
72792289,370200,2022-288062,20220728,1025,,,ABNER MOUNTAIN,,RD,KY0122,KY0122,0,098 KY-122,KY0122,N,N,NULL,NULL,NULL,N,NULL,NULL,NULL,NULL,NULL,NULL,0.73,NULL,NULL,NULL,NULL,,NULL,0,0,1,1,N,N,55,NULL,98,9816,NULL,,Y,37.34405,37,20.643,NULL,-82.64948,82,38.969,NULL,N,NULL,NULL,NULL,NULL,NULL,NULL,NULL,NULL,9,5,2,2,1,5,6,2,7,3,N,NULL,Y,N,1026,1058,1315,N,NULL,44,,0,N,,N,N,098-KY-0122-0,NULL,NULL,2022,O,7.27923E+11,098-KY-0122  -000,HIGH,098-KY-0122  -000,0.73,0,1,0,1,0,0,0,0,0,0,0,1,0
72777901,KSP0900,22-245325,20220629,912,,,KY3174,,,KY3174,KY3174,0,098 KY-3174-10,KY3174,N,N,NULL,NULL,NULL,N,NULL,NULL,NULL,NULL,NULL,NULL,0.892,NULL,NULL,NULL,NULL,,NULL,0,0,1,1,N,N,55,NULL,98,9801,2,S,N,37.39045,37,23.427,NULL,-82.51648,82,30.989,NULL,N,NULL,NULL,NULL,NULL,NULL,NULL,NULL,NULL,9,3,4,6,1,1,2,2,7,3,N,NULL,Y,N,914,937,914,N,NULL,38,,0,N,,N,N,098-KY-3174-10,NULL,NULL,2022,O,7.27779E+11,098-KY-3174  -010,HIGH,098-KY-3174  -000,0.892,0,0,0,0,0,0,0,0,0,0,0,0,0
72795644,KSP0900,22-314813,20220815,737,,,US460,,,US0460,US0460,0,098 US-460,US0460,N,N,NULL,NULL,NULL,N,NULL,NULL,NULL,NULL,NULL,NULL,4.194,NULL,NULL,NULL,NULL,,NULL,0,0,2,2,Y,N,55,NULL,98,9801,NULL,,Y,37.41899,37,25.14,NULL,-82.45861,82,27.516,NULL,N,NULL,NULL,NULL,NULL,NULL,NULL,NULL,NULL,7,3,2,6,1,1,2,2,7,3,N,NULL,Y,N,737,749,749,N,NULL,54,,1,N,,N,N,098-US-0460-0,NULL,NULL,2022,O,7.27956E+11,098-US-0460  -000,HIGH,098-US-0460  -000,4.194,0,0,0,0,0,0,0,0,0,0,0,1,0
72772713,980100,2.022E+11,20220613,1550,,109,CHERRY,,LN,,,0,098 CS-1184,CS1184,N,N,NULL,NULL,NULL,N,NULL,NULL,NULL,NULL,NULL,NULL,0.028,NULL,NULL,NULL,NULL,,NULL,0,0,1,1,N,N,10,NULL,98,9801,NULL,,Y,37.48392,37,29.035,NULL,-82.54407,82,32.644,NULL,N,NULL,NULL,NULL,NULL,NULL,NULL,NULL,NULL,9,3,1,6,1,1,2,2,6,3,N,NULL,Y,N,1554,1600,1600,Y,NULL,40,,,N,,N,N,098-CS-1184-0,NULL,NULL,2022,O,7.27727E+11,098-CS-1184  -000,HIGH,098-CS-1184  -000,0.028,0,0,0,0,0,0,1,0,0,0,0,1,0
72811336,980100,2.022E+11,20220930,1404,,,KY3496,,,KY3496,KY3496,,,,N,N,NULL,NULL,NULL,N,NULL,NULL,NULL,NULL,NULL,NULL,0.928,NULL,NULL,NULL,NULL,,NULL,0,0,2,2,N,N,35,NULL,98,9801,NULL,,Y,37.47216,37,28.33,NULL,-82.52715,82,31.629,NULL,N,NULL,NULL,NULL,NULL,NULL,NULL,NULL,NULL,1,3,2,6,1,1,2,2,1,3,N,NULL,Y,N,1404,1408,,N,NULL,55,16,0,N,,N,N,,NULL,NULL,2022,O,7.28113E+11,098-KY-3496  -000,HIGH,098-KY-3496  -000,0.928,0,0,1,1,0,0,1,1,0,0,0,0,0
72820090,980100,2.022E+11,20221024,619,,,KY3218,,,KY3218,KY3218,,,,N,N,NULL,NULL,NULL,N,NULL,NULL,NULL,NULL,NULL,NULL,1.558,NULL,NULL,NULL,NULL,,NULL,0,0,1,1,N,N,55,NULL,98,9801,NULL,,Y,37.55075,37,33.045,NULL,-82.58157,82,34.894,NULL,N,NULL,NULL,NULL,NULL,NULL,NULL,NULL,NULL,9,3,2,4,1,1,2,6,6,3,N,NULL,Y,N,620,631,631,N,NULL,40,8,0,N,,N,N,,NULL,NULL,2022,O,7.28201E+11,098-KY-3218  -000,MEDIUM,098-KY-3218  -000,1.558,0,0,0,0,0,0,0,0,0,0,0,1,0
72826858,980500,2022AR052,20221108,1845,,,US23,,,US0023,US0023,0,098 US-23,US0023,N,N,NULL,NULL,NULL,N,NULL,NULL,NULL,NULL,NULL,NULL,29.4,NULL,NULL,NULL,NULL,,NULL,0,0,1,1,N,N,45,NULL,98,9807,NULL,,Y,37.52899,37,31.739,NULL,-82.5753,82,34.518,NULL,N,NULL,NULL,NULL,NULL,NULL,NULL,NULL,NULL,9,3,4,6,1,1,2,6,1,3,N,NULL,Y,N,1845,1850,,N,NULL,38,,1,N,,N,N,098-US-0023-0,NULL,NULL,2022,O,7.28269E+11,098-US-0023  -000,HIGH,098-US-0023  -000,29.4,0,0,0,0,0,0,0,0,0,0,0,0,0
72767535,980100,2.022E+11,20220523,1446,,,US460,,,US0460,US0460,0,098 US-460,US0460,N,N,NULL,NULL,NULL,N,NULL,NULL,NULL,NULL,NULL,NULL,0.033,NULL,NULL,NULL,NULL,,NULL,0,0,2,2,N,N,55,NULL,98,9801,NULL,,Y,37.44152,37,26.491,NULL,-82.50688,82,30.413,NULL,N,NULL,NULL,NULL,NULL,NULL,NULL,NULL,NULL,7,3,2,6,1,5,6,2,1,3,N,NULL,Y,N,1446,1454,,N,NULL,54,,1,N,,N,N,098-US-0460-0,NULL,NULL,2022,O,7.27675E+11,098-US-0460  -000,HIGH,098-US-0460  -000,0.033,0,0,0,0,0,0,1,0,0,0,0,1,0
72840858,KSP0900,22-469156,20221208,2006,,,ELKHORN,,CRK,KY0197,KY0197,0,098 KY-197,KY0197,N,N,NULL,NULL,NULL,N,NULL,NULL,NULL,NULL,NULL,NULL,10.956,NULL,NULL,NULL,NULL,,NULL,2,0,1,1,N,N,55,NULL,98,9802,NULL,,Y,37.27233,37,16.34,NULL,-82.4189,82,25.134,NULL,N,NULL,NULL,NULL,NULL,NULL,NULL,NULL,NULL,9,5,2,3,1,5,6,6,7,3,Y,NULL,Y,Y,1944,2006,2132,N,NULL,44,7,0,N,,Y,N,098-KY-0197-0,NULL,NULL,2022,C,7.28409E+11,098-KY-0197  -000,HIGH,098-KY-0197  -000,10.956,0,0,0,0,0,0,0,0,0,0,0,1,0
72825205,KSP0900,22-418552,20221031,811,,,US119,,,US0119,US0119,0,098 US-119-10,US0119,N,N,NULL,NULL,NULL,N,NULL,NULL,NULL,NULL,NULL,NULL,25.366,NULL,NULL,NULL,NULL,,NULL,0,0,2,2,N,N,55,NULL,98,9834,NULL,,Y,37.67265,37,40.359,NULL,-82.28112,82,16.867,NULL,N,NULL,NULL,NULL,NULL,NULL,NULL,NULL,NULL,5,3,2,6,1,5,3,2,7,3,N,NULL,Y,N,813,850,850,N,NULL,49,2,1,N,,N,N,098-US-0119-10,NULL,NULL,2022,O,7.28252E+11,098-US-0119  -010,HIGH,098-US-0119  -000,25.366,0,0,0,1,0,0,0,0,0,0,0,0,0
72833422,KSP0900,22-439529,20221115,2050,,,MEATHOUSE,,FRK,KY3154,KY3154,0,098 KY-3154,KY3154,N,N,NULL,NULL,NULL,N,NULL,NULL,NULL,NULL,NULL,NULL,2.27,NULL,NULL,NULL,NULL,,NULL,0,0,1,1,N,N,25,NULL,98,9838,NULL,,Y,37.60362,37,36.217,NULL,-82.33044,82,19.827,NULL,N,NULL,NULL,NULL,NULL,NULL,NULL,NULL,NULL,9,3,2,6,1,5,6,7,7,3,N,NULL,Y,Y,2050,2100,2100,N,NULL,40,9,0,N,,N,N,098-KY-3154-0,NULL,NULL,2022,O,7.28334E+11,098-KY-3154  -000,HIGH,098-KY-3154  -000,2.27,0,0,0,0,0,0,1,0,0,0,0,1,0
72782809,980100,2.022E+11,20220629,854,,,DIVISION,,ST,,,0,098 CS-1130,CS1130,N,N,NULL,NULL,NULL,N,NULL,NULL,NULL,NULL,NULL,NULL,0.131,NULL,NULL,NULL,NULL,,NULL,0,0,2,2,N,N,15,NULL,98,9801,NULL,,Y,37.47932,37,28.759,NULL,-82.5172,82,31.032,NULL,N,NULL,NULL,NULL,NULL,NULL,NULL,NULL,NULL,8,97,1,6,1,1,2,2,7,3,N,NULL,Y,N,854,921,921,N,NULL,47,,,N,,N,N,098-CS-1130-0,NULL,NULL,2022,O,7.27828E+11,098-CS-1130  -000,HIGH,098-CS-1130  -000,0.131,0,0,1,0,0,0,1,0,0,0,0,0,0
72771389,980100,2.022E+11,20220609,1640,,,CASSIDY,,BLVD,,,0,098 CS-1191,CS1191,Y,N,NULL,NULL,NULL,N,NULL,NULL,NULL,NULL,NULL,NULL,0.281,NULL,NULL,NULL,NULL,,NULL,0,0,2,2,N,N,NULL,NULL,98,9801,NULL,,Y,37.50486,37,30.291,NULL,-82.53646,82,32.188,NULL,N,NULL,NULL,NULL,NULL,NULL,NULL,NULL,NULL,2,97,NULL,6,1,1,2,2,1,3,N,NULL,Y,N,1640,1649,,N,NULL,90,,,N,,N,N,098-CS-1191-0,NULL,NULL,2022,O,7.27714E+11,098-CS-1191  -000,HIGH,098-CS-1191  -000,0.281,0,0,1,0,0,0,0,0,0,0,0,0,0
72842577,980100,2.022E+11,20221213,1452,,,US23,,,US0023,US0023,0,098 US-23,US0023,N,N,NULL,NULL,NULL,N,NULL,NULL,NULL,NULL,NULL,NULL,27.359,NULL,NULL,NULL,NULL,,NULL,0,0,2,2,N,N,55,NULL,98,9801,NULL,,Y,37.51087,37,30.652,NULL,-82.5484,82,32.904,NULL,N,NULL,NULL,NULL,NULL,NULL,NULL,NULL,NULL,5,3,4,6,1,1,2,2,7,3,N,NULL,Y,N,1457,1507,1457,N,NULL,49,,1,N,,N,N,098-US-0023-0,NULL,NULL,2022,O,7.28426E+11,098-US-0023  -000,HIGH,098-US-0023  -000,27.359,0,0,1,0,0,0,0,0,0,0,0,0,0
72830378,KSP0900,22-426846,20221106,305,,,DAUGHERTY BRANCH,,RD,,,0,098 CR-1823E,CR1823E,N,N,NULL,NULL,NULL,N,NULL,NULL,NULL,NULL,NULL,NULL,0.018,NULL,NULL,NULL,NULL,,NULL,0,0,1,1,N,N,10,NULL,98,9804,NULL,,Y,37.55883,37,33.53,NULL,-82.14897,82,8.938,NULL,N,NULL,NULL,NULL,NULL,NULL,NULL,NULL,NULL,9,97,1,6,3,1,2,7,5,3,N,NULL,N,N,123,200,230,N,NULL,44,,,N,,N,N,098-CR-1823E-0,NULL,NULL,2022,O,7.28304E+11,098-CR-1823E -000,HIGH,098-CR-1823E -000,0.018,0,0,0,0,0,0,0,0,1,1,0,1,0
72881206,980100,2.023E+11,20230330,1209,,237,2ND,,ST,,,0,098 CS-1117,CS1117,N,N,NULL,NULL,NULL,N,NULL,NULL,NULL,NULL,NULL,NULL,0.023,NULL,NULL,NULL,NULL,,NULL,0,0,1,1,N,N,10,NULL,98,9801,NULL,,Y,37.48321,37,28.993,NULL,-82.51577,82,30.946,NULL,N,NULL,NULL,NULL,NULL,NULL,NULL,NULL,NULL,9,4,1,6,97,1,2,2,1,3,N,NULL,Y,N,1209,1211,1212,Y,NULL,41,,,N,,N,N,098-CS-1117-0,NULL,NULL,2023,O,7.28812E+11,098-CS-1117  -000,HIGH,098-CS-1117  -000,0,0,0,0,1,0,0,1,0,0,0,0,1,0
72883077,980100,2.023E+11,20230328,1704,,,BAIRD,,AVE,KY1426,KY1426,0,098 KY-1426,KY1426,N,N,NULL,NULL,NULL,N,NULL,NULL,NULL,NULL,NULL,NULL,5.392,NULL,NULL,NULL,NULL,,NULL,0,0,2,2,N,N,35,NULL,98,9801,NULL,,Y,37.47321,37,28.392,NULL,-82.52708,82,31.625,NULL,N,NULL,NULL,NULL,NULL,NULL,NULL,NULL,NULL,4,3,2,6,1,1,2,2,1,3,N,NULL,Y,N,1704,1707,1720,N,NULL,70,,0,N,,N,N,098-KY-1426-0,NULL,NULL,2023,O,7.28831E+11,098-KY-1426  -000,HIGH,098-KY-1426  -000,5.4,0,0,0,1,0,0,1,0,0,0,0,0,0
72835492,980100,2.022E+11,20221129,1931,,135,SAAD,,AVE,,,0,098 CS-1165,CS1165,Y,N,NULL,NULL,NULL,N,NULL,NULL,NULL,NULL,NULL,NULL,0.08,NULL,NULL,NULL,NULL,,NULL,0,0,2,2,N,N,15,NULL,98,9801,NULL,,Y,37.48275,37,28.965,NULL,-82.5198,82,31.188,NULL,N,NULL,NULL,NULL,NULL,NULL,NULL,NULL,NULL,2,97,2,6,1,1,3,4,6,3,N,NULL,Y,N,1931,1931,,N,NULL,90,,,N,,N,N,098-CS-1165-0,NULL,NULL,2022,O,7.28355E+11,098-CS-1165  -000,HIGH,098-CS-1165  -000,0.08,0,0,0,0,0,0,1,0,0,0,0,0,0
72737580,KSP0900,22-79984,20220304,1746,,,US119,,,US0119,US0119,0,098 US-119,US0119,N,N,NULL,NULL,NULL,N,NULL,NULL,NULL,NULL,NULL,NULL,23.572,NULL,NULL,NULL,NULL,,NULL,0,0,1,1,N,N,55,NULL,98,9836,NULL,,Y,37.64976,37,38.985,NULL,-82.26762,82,16.057,NULL,N,NULL,NULL,NULL,NULL,NULL,NULL,NULL,NULL,9,5,2,6,1,1,2,2,7,3,N,NULL,Y,N,1746,1845,1845,N,NULL,51,2,1,N,,N,N,098-US-0119-0,NULL,NULL,2022,O,7.27376E+11,098-US-0119  -000,HIGH,098-US-0119  -000,23.572,0,0,0,1,0,0,0,0,0,0,0,1,0
72861417,980100,2.023E+11,20230201,936,,,US23,,,US0023,US0023,0,098 US-23-10,US0023,N,N,NULL,NULL,NULL,N,NULL,NULL,NULL,NULL,NULL,NULL,26.31,NULL,NULL,NULL,NULL,,NULL,0,0,2,2,N,N,55,NULL,98,9801,NULL,,Y,37.50404,37,30.242,NULL,-82.53239,82,31.944,NULL,N,NULL,NULL,NULL,NULL,NULL,NULL,NULL,NULL,5,3,4,6,1,5,3,2,7,3,N,NULL,Y,N,936,943,946,N,NULL,49,,1,N,,N,N,098-US-0023-10,NULL,NULL,2023,O,7.28614E+11,098-US-0023  -010,HIGH,098-US-0023  -000,26.247,0,0,0,0,0,0,0,0,0,0,0,0,0
72727058,980100,2.022E+11,20220202,1818,,,BAIRD,,AVE,KY1426,KY1426,,,,Y,N,NULL,NULL,NULL,N,NULL,NULL,NULL,NULL,NULL,NULL,5.399,NULL,NULL,NULL,NULL,,NULL,0,0,2,2,N,N,NULL,NULL,98,9801,NULL,,Y,37.47322,37,28.393,NULL,-82.52709,82,31.626,NULL,N,NULL,NULL,NULL,NULL,NULL,NULL,NULL,NULL,1,97,2,4,1,5,6,5,1,3,N,NULL,Y,N,1818,1833,1833,N,NULL,90,,0,N,,N,N,,NULL,NULL,2022,O,7.27271E+11,098-KY-1426  -000,HIGH,098-KY-1426  -000,5.399,0,0,0,0,0,0,1,0,0,0,0,0,0