MasterFile,AgencyORINumber,LocalCode,CollisionDate,CollisionTime,CollisionDayWeekCode,RoadwayName_HouseBusinessNumber_,RoadwayName_RoadwayName_,RoadwayName_Direction_,RoadwayName_RoadwaySuffix_,RoadwayfromReport,CurrentRoadwayNumber,RoadwayNumberCoupletID,RSEUniqueGIS,RoadwayIdentifier,ParkingLotIndicator,IntersectionWith_Indicator_,IntersectionWith_NameRoadway_,IntersectionWith_Direction_,IntersectionWith_RoadwaySuffix_,BetweenStreets_Indicator_,BetweenStreets1_NameRoadway_,BetweenStreet1_Direction_,BetweenStreets1_RoadwaySuffix_,BetweenStreets2_NameRoadway_,BetweenStreets2_Direction_,BetweenStreets2_RoadwaySuffix_,Milepoint,ReportMilepointDeriveNumber,CurrentDerivedMiepointNumber,MilestoMilepoint,FeettoMilepoint,DirectionfromMilepoint_NSEW_,ValidMilepointIndicator,NumberInjured,NumberKilled,ofUnits,ofMotorVehicleUnits,Hit&RunIndicator,OneWayIndicator,SpeedLimitNumber,KilometersIndicator,CountyCode,CityCountyCode,MilesFromCity,DirectionFromCity_NSEW_,InCityLimitsIndicator,Latitude,LatitudeDegrees,LatitudeMinutes,LatitudeSeconds,Longitude,LongitudeDegrees,LongitudeMinutes,LongitudeSeconds,RampIndicator,RampFromIdentifier,RampFromDirCode,RampFromCoupletID,RSEUniqueGISRampFrom,RampToidentifier,RampToDirCode,RampToCoupletID,RSEUniqueGisRampTo,MannerofCollisionCode,LocationFirstEventCode,TotalLanes,RoadwayCharacterCode,RoadwaySurfaceCode,RoadwayConditionCode,WeatherCode,LightConditionCode,LandUseCode,SchoolBusRelatedCode,FirstAidSceneIndicator,CollDescPresentInd,InvestigationCompleteIndicator,PhotosTakenIndicator,TimeNotified,TimeArrived,TimeRoadwayOpened,PropertyDamageIndicator,DiagramPresentIndicator,DirectionalAnalysis,FunctionClassCode,NationalHwySysCode,EnforcementsIndicator,KARSCityCode,SecondaryCollisionIndicator,MedianCrossoverIndicator,RT_UNIQUE,MapIt,TimeLastLeft,YR,KABCO,MFNY,WorkingRID,RT_CONFIDENCE,KTC_RT,KTC_MP,Motorcyclist,CommercialVehicle,YoungDriver,MatureDriver,pedestrian,Bicyclist,Distracted,agressive,Impaired,Unrestrained,Intersection,RoadwayDeparture,MedXover
72796880,KSP0900,09-22-0606,20220716,2128,,,ELKHORN,,CRK,KY0197,KY0197,0,098 KY-197,KY0197,N,N,NULL,NULL,NULL,N,NULL,NULL,NULL,NULL,NULL,NULL,14.566,NULL,NULL,NULL,NULL,,NULL,1,1,2,2,N,N,55,NULL,98,9802,NULL,,Y,37.28202,37,16.921,NULL,-82.36903,82,22.142,NULL,N,NULL,NULL,NULL,NULL,NULL,NULL,NULL,NULL,3,3,2,3,1,1,2,6,7,3,N,NULL,Y,Y,2128,2151,,N,NULL,52,7,0,Y,,N,N,098-KY-0197-0,NULL,NULL,2022,K,7.27969E+11,098-KY-0197  -000,HIGH,098-KY-0197  -000,14.566,0,0,0,0,0,0,0,1,1,1,0,1,0
72851897,KSP0900,22-2625,20220103,618,,,US460,,,US0460,US0460,0,098 US-460,US0460,N,N,NULL,NULL,NULL,N,NULL,NULL,NULL,NULL,NULL,NULL,1.322,NULL,NULL,NULL,NULL,,NULL,0,0,2,2,Y,N,35,NULL,98,9801,NULL,,Y,37.42691,37,25.615,NULL,-82.50113,82,30.068,NULL,N,NULL,NULL,NULL,NULL,NULL,NULL,NULL,NULL,7,3,2,6,1,1,2,6,7,3,N,NULL,Y,N,618,713,713,N,NULL,54,,1,N,,N,N,098-US-0460-0,NULL,NULL,2022,O,7.28519E+11,098-US-0460  -000,HIGH,098-US-0460  -000,1.322,0,0,0,0,0,0,0,0,0,0,0,1,0
72740611,980100,2.022E+11,20220314,1255,,,KY3496,,,KY3496,KY3496,0,098 KY-3496,KY3496,N,N,NULL,NULL,NULL,N,NULL,NULL,NULL,NULL,NULL,NULL,0.898,NULL,NULL,NULL,NULL,,NULL,0,0,2,2,N,N,35,NULL,98,9801,NULL,,Y,37.4721,37,28.326,NULL,-82.52771,82,31.663,NULL,N,NULL,NULL,NULL,NULL,NULL,NULL,NULL,NULL,5,3,2,6,1,1,2,2,1,3,N,NULL,Y,N,1255,1300,,N,NULL,70,16,0,N,,N,N,098-KY-3496-0,NULL,NULL,2022,O,7.27406E+11,098-KY-3496  -000,HIGH,098-KY-3496  -000,0.898,0,0,0,0,0,0,0,0,0,0,0,0,0
72807474,980100,2.022E+11,20220829,1107,,,HAMBLEY,,BLVD,,,0,098 CS-1222,CS1222,Y,N,NULL,NULL,NULL,N,NULL,NULL,NULL,NULL,NULL,NULL,0.29,NULL,NULL,NULL,NULL,,NULL,0,0,2,2,N,N,15,NULL,98,9801,NULL,,Y,37.47606,37,28.563,NULL,-82.52277,82,31.367,NULL,N,NULL,NULL,NULL,NULL,NULL,NULL,NULL,NULL,8,97,2,6,1,1,2,2,1,3,N,NULL,Y,N,1107,1119,,N,NULL,90,,,N,,N,N,098-CS-1222-0,NULL,NULL,2022,O,7.28075E+11,098-CS-1222  -000,HIGH,098-CS-1222  -000,0.29,0,0,1,0,0,0,1,0,0,0,0,0,0
72828548,KSP0900,22-429995,20221108,1659,,,US23,,,US0023,US0023,,,,Y,N,NULL,NULL,NULL,N,NULL,NULL,NULL,NULL,NULL,NULL,4.426,NULL,NULL,NULL,NULL,,NULL,0,0,2,2,N,N,15,NULL,98,9809,NULL,,Y,37.28098,37,16.859,NULL,-82.57532,82,34.519,NULL,N,NULL,NULL,NULL,NULL,NULL,NULL,NULL,NULL,2,97,1,6,1,1,2,2,1,3,N,NULL,Y,N,1430,1432,1432,N,NULL,90,,1,Y,,N,N,,NULL,NULL,2022,O,7.28285E+11,098-US-0023  -000,MEDIUM,098-US-0023  -000,4.426,0,0,0,0,0,0,1,0,1,0,0,0,0
72871856,KSP0900,23-77628,20230228,1430,,,US119,,,US0119,US0119,0,098 US-119,US0119,N,N,NULL,NULL,NULL,N,NULL,NULL,NULL,NULL,NULL,NULL,25.079,NULL,NULL,NULL,NULL,,NULL,0,0,2,2,N,N,55,NULL,98,9834,NULL,,Y,37.66918,37,40.151,NULL,-82.27802,82,16.681,NULL,N,NULL,NULL,NULL,NULL,NULL,NULL,NULL,NULL,5,3,4,6,1,1,2,2,7,3,N,NULL,Y,N,1430,1430,1430,N,NULL,49,2,1,N,,N,N,098-US-0119-0,NULL,NULL,2023,O,7.28719E+11,098-US-0119  -000,HIGH,098-US-0119  -000,25.078,0,0,0,0,0,0,1,0,0,0,0,0,0
72817368,980100,2.022E+11,20221001,51,,,OWSLEY,,RD,KY1384,KY1384,0,098 KY-1384,KY1384,N,N,NULL,NULL,NULL,N,NULL,NULL,NULL,NULL,NULL,NULL,7.535,NULL,NULL,NULL,NULL,,NULL,0,0,2,2,N,N,45,NULL,98,9801,NULL,,Y,37.48378,37,29.027,NULL,-82.53484,82,32.091,NULL,N,NULL,NULL,NULL,NULL,NULL,NULL,NULL,NULL,7,3,4,6,1,5,3,4,1,3,N,NULL,Y,N,51,54,,N,NULL,54,16,0,N,,N,N,098-KY-1384-0,NULL,NULL,2022,O,7.28174E+11,098-KY-1384  -000,HIGH,098-KY-1384  -000,7.535,0,0,1,1,0,0,0,0,0,0,0,1,0
72833583,KSP0900,22-447813,20221122,1058,,,WILLIAMSON,,RD,KY0292,KY0292,0,098 KY-292,KY0292,N,N,NULL,NULL,NULL,N,NULL,NULL,NULL,NULL,NULL,NULL,6.342,NULL,NULL,NULL,NULL,,NULL,1,0,2,2,N,N,45,NULL,98,9834,NULL,,Y,37.67262,37,40.357,NULL,-82.2956,82,17.736,NULL,N,NULL,NULL,NULL,NULL,NULL,NULL,NULL,NULL,1,3,2,4,1,1,2,2,7,3,Y,NULL,Y,Y,1100,1120,1130,N,NULL,55,7,0,N,,N,N,098-KY-0292-0,NULL,NULL,2022,B,7.28336E+11,098-KY-0292  -000,HIGH,098-KY-0292  -000,6.342,0,0,0,0,0,0,1,0,0,0,0,0,0
72826590,980100,2.022E+11,20221025,1625,,,HAROLDS BRANCH,,RD,,,0,098 CS-1223,CS1223,Y,N,NULL,NULL,NULL,N,NULL,NULL,NULL,NULL,NULL,NULL,0.041,NULL,NULL,NULL,NULL,,NULL,0,0,2,2,N,N,15,NULL,98,9801,NULL,,Y,37.47238,37,28.343,NULL,-82.52222,82,31.333,NULL,N,NULL,NULL,NULL,NULL,NULL,NULL,NULL,NULL,2,97,2,6,2,1,2,2,1,3,N,NULL,Y,N,1634,1639,,N,NULL,90,,,N,,N,N,098-CS-1223-0,NULL,NULL,2022,O,7.28266E+11,098-CS-1223  -000,HIGH,098-CS-1223  -000,0.041,0,0,0,0,0,0,0,0,0,0,0,0,0
72757466,980100,2.022E+11,20220503,2004,,,US23,,,US0023,US0023,0,098 US-23-10,US0023,N,N,NULL,NULL,NULL,N,NULL,NULL,NULL,NULL,NULL,NULL,23.063,NULL,NULL,NULL,NULL,,NULL,0,0,2,2,N,N,55,NULL,98,9801,NULL,,Y,37.46584,37,27.95,NULL,-82.52814,82,31.688,NULL,N,NULL,NULL,NULL,NULL,NULL,NULL,NULL,NULL,4,3,4,6,1,1,2,1,7,3,N,NULL,Y,N,2004,2011,2011,N,NULL,70,,1,N,,N,N,098-US-0023-10,NULL,NULL,2022,O,7.27575E+11,098-US-0023  -010,HIGH,098-US-0023  -000,23.063,0,0,0,0,0,0,1,1,0,0,0,0,0
72830639,980100,2.022E+11,20221116,400,,,KY1426,,,KY1426,KY1426,0,098 KY-1426,KY1426,N,N,NULL,NULL,NULL,N,NULL,NULL,NULL,NULL,NULL,NULL,8.027,NULL,NULL,NULL,NULL,,NULL,0,0,1,1,N,N,40,NULL,98,9801,NULL,,Y,37.49157,37,29.494,NULL,-82.49162,82,29.497,NULL,N,NULL,NULL,NULL,NULL,NULL,NULL,NULL,NULL,9,3,2,1,1,5,6,6,1,3,N,NULL,Y,N,415,422,519,N,NULL,44,,0,N,,N,N,098-KY-1426-0,NULL,NULL,2022,O,7.28306E+11,098-KY-1426  -000,HIGH,098-KY-1426  -000,8.027,0,0,0,0,0,0,0,0,0,0,0,1,0
72814821,KSP0900,22-385901,20221006,851,,,US460,,,US0460,US0460,0,098 US-460,US0460,N,N,NULL,NULL,NULL,N,NULL,NULL,NULL,NULL,NULL,NULL,4.975,NULL,NULL,NULL,NULL,,NULL,0,0,1,1,N,N,55,NULL,98,9832,NULL,,Y,37.4114,37,24.684,NULL,-82.44964,82,26.978,NULL,N,NULL,NULL,NULL,NULL,NULL,NULL,NULL,NULL,9,3,2,6,1,1,2,2,3,3,N,NULL,N,N,851,851,900,N,NULL,38,,1,N,,N,N,098-US-0460-0,NULL,NULL,2022,O,7.28148E+11,098-US-0460  -000,HIGH,098-US-0460  -000,4.975,0,0,0,1,0,0,0,0,0,0,0,0,0
72836418,KSP0900,22-459352,20221201,750,,,US460,,,US0460,US0460,0,098 US-460,US0460,N,N,NULL,NULL,NULL,N,NULL,NULL,NULL,NULL,NULL,NULL,3.511,NULL,NULL,NULL,NULL,,NULL,2,0,3,1,N,N,55,NULL,98,9832,NULL,,Y,37.42412,37,25.447,NULL,-82.46889,82,28.133,NULL,N,NULL,NULL,NULL,NULL,NULL,NULL,NULL,NULL,5,3,2,3,1,1,2,2,7,3,Y,NULL,Y,Y,750,815,850,N,NULL,70,,1,N,,N,N,098-US-0460-0,NULL,NULL,2022,C,7.28364E+11,098-US-0460  -000,HIGH,098-US-0460  -000,3.511,0,0,0,0,0,0,1,0,0,0,0,0,0
72848920,980100,2.022E+11,20221230,2354,,,US23,,,US0023,US0023,0,098 US-23,US0023,N,N,NULL,NULL,NULL,N,NULL,NULL,NULL,NULL,NULL,NULL,31.471,NULL,NULL,NULL,NULL,,NULL,0,0,1,1,N,N,55,NULL,98,9801,NULL,,Y,37.53659,37,32.196,NULL,-82.59927,82,35.956,NULL,N,NULL,NULL,NULL,NULL,NULL,NULL,NULL,NULL,9,6,4,3,1,1,2,5,1,3,N,NULL,Y,N,2354,9,125,N,NULL,40,,1,Y,,N,N,098-US-0023-0,NULL,NULL,2022,O,7.28489E+11,098-US-0023  -000,HIGH,098-US-0023  -000,31.471,0,0,0,0,0,0,0,0,1,0,0,1,0
72726151,980100,2.022E+11,20220124,1115,,128,KILGORE,,LN,,,0,098 CS-1105,CS1105,Y,N,NULL,NULL,NULL,N,NULL,NULL,NULL,NULL,NULL,NULL,0.061,NULL,NULL,NULL,NULL,,NULL,0,0,2,2,N,N,NULL,NULL,98,9801,NULL,,Y,37.47523,37,28.514,NULL,-82.522,82,31.32,NULL,N,NULL,NULL,NULL,NULL,NULL,NULL,NULL,NULL,2,97,NULL,6,1,1,3,2,8,3,N,NULL,Y,N,1115,1125,,N,NULL,90,,,N,,N,N,098-CS-1105-0,NULL,NULL,2022,O,7.27262E+11,098-CS-1105  -000,HIGH,098-CS-1105  -000,0.061,0,0,0,1,0,0,1,0,0,0,0,0,0
72745554,980100,2.022E+11,20220329,1607,,911,BYPASS,,RD,,,0,098 CS-1223,CS1223,Y,N,NULL,NULL,NULL,N,NULL,NULL,NULL,NULL,NULL,NULL,NULL,NULL,NULL,NULL,NULL,NULL,NULL,0,0,2,2,Y,N,15,NULL,98,9801,NULL,,Y,37.47131,37,28.279,NULL,-82.52119,82,31.272,NULL,N,NULL,NULL,NULL,NULL,NULL,NULL,NULL,NULL,8,97,NULL,6,1,1,3,2,5,3,N,NULL,Y,N,1607,1625,,N,NULL,90,,,N,,N,N,098-CS-1223-0,NULL,NULL,2022,O,7.27456E+11,098-CS-1223  -000,HIGH,098-CS-1223  -000,0.134,0,0,0,0,0,0,0,0,0,0,0,0,0
72824354,980100,2.022E+11,20221026,800,,,BYPASS,S,RD,KY1426,KY1426,0,098 KY-1426,KY1426,N,N,NULL,NULL,NULL,N,NULL,NULL,NULL,NULL,NULL,NULL,5.633,NULL,NULL,NULL,NULL,,NULL,3,0,2,2,N,N,25,NULL,98,9801,NULL,,Y,37.47262,37,28.357,NULL,-82.52348,82,31.409,NULL,N,NULL,NULL,NULL,NULL,NULL,NULL,NULL,NULL,5,3,3,6,1,1,2,2,7,3,Y,NULL,Y,Y,800,801,842,N,NULL,49,,0,Y,,N,N,098-KY-1426-0,NULL,NULL,2022,C,7.28244E+11,098-KY-1426  -000,HIGH,098-KY-1426  -000,5.633,0,0,0,0,0,0,1,0,1,0,0,0,0
72828857,KSP0900,22-434585,20221111,1818,,,US460,,,US0460,US0460,0,098 US-460,US0460,N,N,NULL,NULL,NULL,N,NULL,NULL,NULL,NULL,NULL,NULL,6.429,NULL,NULL,NULL,NULL,,NULL,2,0,2,2,N,N,55,NULL,98,9832,NULL,,Y,37.39769,37,23.862,NULL,-82.43338,82,26.003,NULL,N,NULL,NULL,NULL,NULL,NULL,NULL,NULL,NULL,5,3,2,6,1,5,6,6,7,3,Y,NULL,Y,Y,1818,1842,2029,N,NULL,70,,1,N,,N,N,098-US-0460-0,NULL,NULL,2022,C,7.28289E+11,098-US-0460  -000,HIGH,098-US-0460  -000,6.429,0,0,0,0,0,0,0,0,0,0,0,0,0
72840013,KSP0900,22-469644,20221209,730,,,ELKHORN,,CRK,KY0197,KY0197,0,098 KY-197,KY0197,N,N,NULL,NULL,NULL,N,NULL,NULL,NULL,NULL,NULL,NULL,3.365,NULL,NULL,NULL,NULL,,NULL,0,0,1,1,N,N,55,NULL,98,9867,NULL,,Y,37.23059,37,13.835,NULL,-82.52227,82,31.336,NULL,N,NULL,NULL,NULL,NULL,NULL,NULL,NULL,NULL,9,3,2,3,1,5,3,2,7,3,N,NULL,Y,N,730,750,830,N,NULL,44,7,0,N,,N,N,098-KY-0197-0,NULL,NULL,2022,O,7.284E+11,098-KY-0197  -000,HIGH,098-KY-0197  -000,3.365,0,0,0,0,0,0,0,0,0,0,0,1,0
72818696,980100,2.022E+11,20221004,1300,,141,3RD,,ST,,,0,098 CS-1118,CS1118,N,N,NULL,NULL,NULL,N,NULL,NULL,NULL,NULL,NULL,NULL,0.104,NULL,NULL,NULL,NULL,,NULL,0,0,1,1,N,N,25,NULL,98,9801,NULL,,Y,37.48244,37,28.946,NULL,-82.51785,82,31.071,NULL,N,NULL,NULL,NULL,NULL,NULL,NULL,NULL,NULL,9,3,1,6,1,1,2,2,6,3,N,NULL,Y,N,900,930,930,Y,NULL,70,,,N,,N,N,098-CS-1118-0,NULL,NULL,2022,O,7.28187E+11,098-CS-1118  -000,HIGH,098-CS-1118  -000,0.104,0,1,0,0,0,0,0,0,0,0,0,0,0
72765914,980100,2.022E+11,20220525,942,,911,BYPASS,,RD,,,0,098 CS-1223,CS1223,Y,N,NULL,NULL,NULL,N,NULL,NULL,NULL,NULL,NULL,NULL,NULL,NULL,NULL,NULL,NULL,NULL,NULL,0,0,2,2,N,N,NULL,NULL,98,9801,NULL,,Y,37.47128,37,28.277,NULL,-82.52117,82,31.27,NULL,N,NULL,NULL,NULL,NULL,NULL,NULL,NULL,NULL,2,97,1,6,2,1,2,2,1,3,N,NULL,Y,N,942,949,949,N,NULL,90,,,N,,N,N,098-CS-1223-0,NULL,NULL,2022,O,7.27659E+11,098-CS-1223  -000,HIGH,098-CS-1223  -000,0.136,0,0,0,1,0,0,1,0,0,0,0,0,0
72770335,KSP0900,22-204788,20220601,1738,,,KY195,,,KY0195,KY0195,0,098 KY-195,KY0195,N,N,NULL,NULL,NULL,N,NULL,NULL,NULL,NULL,NULL,NULL,5.938,NULL,NULL,NULL,NULL,,NULL,1,0,1,1,N,N,55,NULL,98,9802,10,S,N,37.3172,37,19.032,NULL,-82.45913,82,27.548,NULL,N,NULL,NULL,NULL,NULL,NULL,NULL,NULL,NULL,9,6,2,6,1,1,2,2,7,3,Y,NULL,Y,Y,1729,1753,1853,N,NULL,51,7,0,N,,N,N,098-KY-0195-0,NULL,NULL,2022,C,7.27703E+11,098-KY-0195  -000,HIGH,098-KY-0195  -000,5.938,0,0,0,0,0,0,0,0,0,0,0,1,0
72825210,KSP0900,22-424847,20221104,1834,,,US23,,,US0023,US0023,0,098 US-23-10,US0023,Y,N,NULL,NULL,NULL,N,NULL,NULL,NULL,NULL,NULL,NULL,10.325,NULL,NULL,NULL,NULL,,NULL,0,0,2,2,N,N,5,NULL,98,9801,NULL,,Y,37.34225,37,20.535,NULL,-82.55061,82,33.036,NULL,N,NULL,NULL,NULL,NULL,NULL,NULL,NULL,NULL,2,97,0,6,1,1,2,6,1,3,N,NULL,Y,N,1916,1930,1930,N,NULL,90,,1,N,,N,N,098-US-0023-10,NULL,NULL,2022,O,7.28252E+11,098-US-0023  -010,HIGH,098-US-0023  -000,10.325,0,0,0,0,0,0,1,0,0,0,0,0,0
72778565,980000,2207007,20220701,1430,,29000,APPLACHIAN PLAZZA,W,,,,,,,N,N,NULL,NULL,NULL,N,NULL,NULL,NULL,NULL,NULL,NULL,NULL,NULL,NULL,NULL,NULL,NULL,NULL,0,0,2,2,N,N,15,NULL,98,9834,2,N,N,37.666,37,39.96,NULL,-82.27404,82,16.442,NULL,N,NULL,NULL,NULL,NULL,NULL,NULL,NULL,NULL,2,7,2,3,1,1,2,2,1,3,N,NULL,N,Y,1437,1442,1520,N,NULL,56,,,N,,N,N,,NULL,NULL,2022,O,7.27786E+11,098-PR-1008  -000,MEDIUM,098-PR-1008  -000,0.031,0,0,0,0,0,0,1,0,0,0,0,0,0
72767578,980100,2.022E+11,20220528,1230,,,COLLEGE,S,ST,,,0,098 CS-1152,CS1152,Y,N,NULL,NULL,NULL,N,NULL,NULL,NULL,NULL,NULL,NULL,0.278,NULL,NULL,NULL,NULL,,NULL,0,0,2,2,N,N,15,NULL,98,9801,NULL,,Y,37.4747,37,28.482,NULL,-82.5257,82,31.542,NULL,N,NULL,NULL,NULL,NULL,NULL,NULL,NULL,NULL,2,97,NULL,6,1,1,3,2,6,3,N,NULL,Y,N,1230,1236,1236,N,NULL,90,,,N,,N,N,098-CS-1152-0,NULL,NULL,2022,O,7.27676E+11,098-CS-1152  -000,HIGH,098-CS-1152  -000,0.278,0,0,1,0,0,0,1,0,0,0,0,0,0
72780500,KSP0900,22-248504,20220701,1310,,,KY1426,,,KY1426,KY1426,0,098 KY-1426,KY1426,N,N,NULL,NULL,NULL,N,NULL,NULL,NULL,NULL,NULL,NULL,11.829,NULL,NULL,NULL,NULL,,NULL,0,0,2,2,N,N,55,NULL,98,9828,NULL,,Y,37.53399,37,32.04,NULL,-82.46651,82,27.991,NULL,N,NULL,NULL,NULL,NULL,NULL,NULL,NULL,NULL,5,3,2,6,1,1,2,2,7,3,N,NULL,N,N,1309,1345,1345,N,NULL,70,7,0,Y,,N,N,098-KY-1426-0,NULL,NULL,2022,O,7.27805E+11,098-KY-1426  -000,HIGH,098-KY-1426  -000,11.829,0,0,0,1,0,0,1,1,0,0,0,0,0
72789304,KSP0900,22-284821,20220726,1548,,,US23,,,US0023,US0023,0,098 US-23,US0023,Y,N,NULL,NULL,NULL,N,NULL,NULL,NULL,NULL,NULL,NULL,8.344,NULL,NULL,NULL,NULL,,NULL,0,0,2,2,N,N,15,NULL,98,9809,NULL,,Y,37.31945,37,19.167,NULL,-82.55175,82,33.105,NULL,N,NULL,NULL,NULL,NULL,NULL,NULL,NULL,NULL,2,97,1,6,1,1,2,2,1,3,N,NULL,Y,N,1548,1548,1548,N,NULL,90,,1,N,,N,N,098-US-0023-0,NULL,NULL,2022,O,7.27893E+11,098-US-0023  -000,HIGH,098-US-0023  -000,8.344,0,0,0,0,0,0,1,0,0,0,0,0,0
72804316,980100,2.022E+11,20220902,1535,,,US23,,,US0023,US0023,0,098 US-23-10,US0023,N,N,NULL,NULL,NULL,N,NULL,NULL,NULL,NULL,NULL,NULL,27.398,NULL,NULL,NULL,NULL,,NULL,0,0,2,2,N,N,55,NULL,98,9807,NULL,,Y,37.51091,37,30.654,NULL,-82.54919,82,32.951,NULL,N,NULL,NULL,NULL,NULL,NULL,NULL,NULL,NULL,5,3,4,6,1,1,2,2,7,3,N,NULL,Y,N,1535,1548,,N,NULL,49,,1,Y,,N,N,098-US-0023-10,NULL,NULL,2022,O,7.28043E+11,098-US-0023  -010,HIGH,098-US-0023  -000,27.398,0,0,1,0,0,0,0,0,0,0,0,0,0
72803894,KSP0900,22-353092,20220911,1345,,,US460,,,US0460,US0460,0,098 US-460,US0460,N,N,NULL,NULL,NULL,N,NULL,NULL,NULL,NULL,NULL,NULL,6.243,NULL,NULL,NULL,NULL,,NULL,0,0,1,1,N,N,55,NULL,98,9824,NULL,,Y,37.40034,37,24.021,NULL,-82.43304,82,25.982,NULL,N,NULL,NULL,NULL,NULL,NULL,NULL,NULL,NULL,9,4,2,6,1,1,3,2,7,3,N,NULL,Y,N,1345,1345,1400,N,NULL,44,,1,N,,N,N,098-US-0460-0,NULL,NULL,2022,O,7.28039E+11,098-US-0460  -000,HIGH,098-US-0460  -000,6.243,0,0,0,0,0,0,0,0,0,0,0,1,0
72762873,KSP0900,22-179811,20220515,1519,,23151,BIG CARD,,RD,,,0,098 CR-1190,CR1190,Y,N,NULL,NULL,NULL,N,NULL,NULL,NULL,NULL,NULL,NULL,0.01,NULL,NULL,NULL,NULL,,NULL,0,0,2,2,N,N,NULL,NULL,98,9847,NULL,,Y,37.38222,37,22.933,NULL,-82.25697,82,15.418,NULL,N,NULL,NULL,NULL,NULL,NULL,NULL,NULL,NULL,8,97,NULL,6,1,1,2,2,1,3,N,NULL,N,N,1521,1550,1521,N,NULL,90,,,N,,N,N,098-CR-1190-0,NULL,NULL,2022,O,7.27629E+11,098-CR-1190  -000,HIGH,098-CR-1190  -000,0.01,0,0,0,0,0,0,0,0,0,0,0,0,0
72785556,KSP0900,22-278274,20220722,21,,,US119,,,US0119,US0119,0,098 US-119-10,US0119,N,N,NULL,NULL,NULL,N,NULL,NULL,NULL,NULL,NULL,NULL,NULL,NULL,NULL,NULL,NULL,,NULL,0,0,1,1,N,N,55,NULL,98,9836,NULL,,Y,37.65371,37,39.223,NULL,-82.2695,82,16.17,NULL,N,NULL,NULL,NULL,NULL,NULL,NULL,NULL,NULL,9,3,4,6,1,1,2,7,7,3,N,NULL,N,N,21,25,35,N,NULL,38,2,1,N,,N,N,098-US-0119-10,NULL,NULL,2022,O,7.27856E+11,098-US-0119  -010,HIGH,098-US-0119  -000,23.863,0,0,0,0,0,0,0,0,0,0,0,0,0
72768319,980000,22-05-004,20220527,1230,,27678,REDBUD LANE,W,,,,,,,Y,N,NULL,NULL,NULL,N,NULL,NULL,NULL,NULL,NULL,NULL,NULL,NULL,NULL,NULL,NULL,NULL,NULL,0,0,2,2,N,N,15,NULL,98,9836,2,N,N,37.64924,37,38.954,NULL,-82.26563,82,15.937,NULL,N,NULL,NULL,NULL,NULL,NULL,NULL,NULL,NULL,2,97,2,6,1,1,2,2,8,3,N,NULL,Y,Y,1235,1245,1305,N,NULL,90,,,N,,N,N,,NULL,NULL,2022,O,7.27683E+11,098-PR-1077  -000,MEDIUM,098-PR-1077  -000,0.219,0,0,0,0,0,0,1,0,0,0,0,0,0
72849140,KSP0900,22-472352,20221211,900,,,KY1056,,,KY1056,KY1056,0,098 KY-1056,KY1056,N,N,NULL,NULL,NULL,N,NULL,NULL,NULL,NULL,NULL,NULL,5.639,NULL,NULL,NULL,NULL,,NULL,2,1,1,1,N,N,55,NULL,98,9879,NULL,,Y,37.56182,37,33.709,NULL,-82.19262,82,11.557,NULL,N,NULL,NULL,NULL,NULL,NULL,NULL,NULL,NULL,9,3,2,6,1,1,2,2,7,3,Y,NULL,Y,Y,733,746,746,N,NULL,40,7,0,N,,N,N,098-KY-1056-0,NULL,NULL,2022,K,7.28491E+11,098-KY-1056  -000,HIGH,098-KY-1056  -000,5.639,0,0,0,0,0,0,1,0,1,1,0,1,0
72776154,KSP0900,22-225173,20220615,1421,,,US23,,,US0023,US0023,0,098 US-23-10,US0023,N,N,NULL,NULL,NULL,N,NULL,NULL,NULL,NULL,NULL,NULL,29.078,NULL,NULL,NULL,NULL,,NULL,0,0,2,2,N,N,45,NULL,98,9807,NULL,,Y,37.52471,37,31.482,NULL,-82.57291,82,34.374,NULL,N,NULL,NULL,NULL,NULL,NULL,NULL,NULL,NULL,5,3,6,6,1,1,2,2,1,3,N,NULL,Y,N,1421,1421,1421,N,NULL,70,,1,N,,N,N,098-US-0023-10,NULL,NULL,2022,O,7.27762E+11,098-US-0023  -010,HIGH,098-US-0023  -000,29.078,0,0,0,1,0,0,0,0,0,0,0,0,0
72790130,980100,2.022E+11,20220623,2257,,,CHLOE,,RD,KY1460,KY1460,0,098 KY-1460,KY1460,N,N,NULL,NULL,NULL,N,NULL,NULL,NULL,NULL,NULL,NULL,4.598,NULL,NULL,NULL,NULL,,NULL,1,0,3,2,N,N,35,NULL,98,9801,NULL,,Y,37.47744,37,28.646,NULL,-82.50742,82,30.445,NULL,N,NULL,NULL,NULL,NULL,NULL,NULL,NULL,NULL,1,3,2,6,1,1,2,6,7,3,N,NULL,N,Y,2257,2259,126,N,NULL,36,,0,N,,Y,N,098-KY-1460-0,NULL,NULL,2022,A,7.27901E+11,098-KY-1460  -000,HIGH,098-KY-1460  -000,4.598,0,0,1,0,1,0,0,0,0,0,0,0,0