MasterFile,AgencyORINumber,LocalCode,CollisionDate,CollisionTime,CollisionDayWeekCode,RoadwayName_HouseBusinessNumber_,RoadwayName_RoadwayName_,RoadwayName_Direction_,RoadwayName_RoadwaySuffix_,RoadwayfromReport,CurrentRoadwayNumber,RoadwayNumberCoupletID,RSEUniqueGIS,RoadwayIdentifier,ParkingLotIndicator,IntersectionWith_Indicator_,IntersectionWith_NameRoadway_,IntersectionWith_Direction_,IntersectionWith_RoadwaySuffix_,BetweenStreets_Indicator_,BetweenStreets1_NameRoadway_,BetweenStreet1_Direction_,BetweenStreets1_RoadwaySuffix_,BetweenStreets2_NameRoadway_,BetweenStreets2_Direction_,BetweenStreets2_RoadwaySuffix_,Milepoint,ReportMilepointDeriveNumber,CurrentDerivedMiepointNumber,MilestoMilepoint,FeettoMilepoint,DirectionfromMilepoint_NSEW_,ValidMilepointIndicator,NumberInjured,NumberKilled,ofUnits,ofMotorVehicleUnits,Hit&RunIndicator,OneWayIndicator,SpeedLimitNumber,KilometersIndicator,CountyCode,CityCountyCode,MilesFromCity,DirectionFromCity_NSEW_,InCityLimitsIndicator,Latitude,LatitudeDegrees,LatitudeMinutes,LatitudeSeconds,Longitude,LongitudeDegrees,LongitudeMinutes,LongitudeSeconds,RampIndicator,RampFromIdentifier,RampFromDirCode,RampFromCoupletID,RSEUniqueGISRampFrom,RampToidentifier,RampToDirCode,RampToCoupletID,RSEUniqueGisRampTo,MannerofCollisionCode,LocationFirstEventCode,TotalLanes,RoadwayCharacterCode,RoadwaySurfaceCode,RoadwayConditionCode,WeatherCode,LightConditionCode,LandUseCode,SchoolBusRelatedCode,FirstAidSceneIndicator,CollDescPresentInd,InvestigationCompleteIndicator,PhotosTakenIndicator,TimeNotified,TimeArrived,TimeRoadwayOpened,PropertyDamageIndicator,DiagramPresentIndicator,DirectionalAnalysis,FunctionClassCode,NationalHwySysCode,EnforcementsIndicator,KARSCityCode,SecondaryCollisionIndicator,MedianCrossoverIndicator,RT_UNIQUE,MapIt,TimeLastLeft,YR,KABCO,MFNY,WorkingRID,RT_CONFIDENCE,KTC_RT,KTC_MP,Motorcyclist,CommercialVehicle,YoungDriver,MatureDriver,pedestrian,Bicyclist,Distracted,agressive,Impaired,Unrestrained,Intersection,RoadwayDeparture,MedXover
72734046,KSP0900,22-64524,20220221,1641,,2654,HURRICANE,,CRK,,,0,098 CR-1880,CR1880,N,N,NULL,NULL,NULL,N,NULL,NULL,NULL,NULL,NULL,NULL,1.644,NULL,NULL,NULL,NULL,,NULL,0,0,1,1,N,N,20,NULL,98,9825,NULL,,Y,37.49489,37,29.694,NULL,-82.08498,82,5.099,NULL,N,NULL,NULL,NULL,NULL,NULL,NULL,NULL,NULL,9,97,2,3,1,1,2,2,7,3,N,NULL,Y,N,1743,1839,1641,Y,NULL,40,,,N,,N,N,098-CR-1880-0,NULL,NULL,2022,O,7.2734E+11,098-CR-1880  -000,HIGH,098-CR-1880  -000,1.644,0,0,0,0,0,0,0,0,0,0,0,1,0
72794819,980100,2.022E+11,20220810,1614,,,US23,,,US0023,US0023,,,,N,N,NULL,NULL,NULL,N,NULL,NULL,NULL,NULL,NULL,NULL,25.545,NULL,NULL,NULL,NULL,,NULL,0,0,2,2,N,N,45,NULL,98,9801,NULL,,Y,37.49363,37,29.618,NULL,-82.53308,82,31.985,NULL,N,NULL,NULL,NULL,NULL,NULL,NULL,NULL,NULL,5,3,4,6,1,5,3,2,7,3,N,NULL,Y,N,1614,1614,,N,NULL,49,,1,N,,N,N,,NULL,NULL,2022,O,7.27948E+11,098-US-0023  -000,MEDIUM,098-US-0023  -000,25.545,0,0,0,1,0,0,1,1,0,0,0,0,0
72847030,KSP0900,22-465751,20221206,924,,,US23,,,US0023,US0023,0,098 US-23,US0023,N,N,NULL,NULL,NULL,N,NULL,NULL,NULL,NULL,NULL,NULL,9.838,NULL,NULL,NULL,NULL,,NULL,0,0,1,1,N,N,55,NULL,98,9801,NULL,,Y,37.3381,37,20.286,NULL,-82.5569,82,33.414,NULL,N,NULL,NULL,NULL,NULL,NULL,NULL,NULL,NULL,9,3,4,6,1,5,6,2,7,3,N,NULL,Y,N,924,952,952,N,NULL,44,,1,N,,N,N,098-US-0023-0,NULL,NULL,2022,O,7.2847E+11,098-US-0023  -000,HIGH,098-US-0023  -000,9.838,0,0,0,0,0,0,0,0,0,0,0,1,0
72811921,980100,2.022E+11,20221001,1716,,,US23,,,US0023,US0023,0,098 US-23,US0023,N,N,NULL,NULL,NULL,N,NULL,NULL,NULL,NULL,NULL,NULL,23.11,NULL,NULL,NULL,NULL,,NULL,1,0,1,1,N,N,55,NULL,98,9801,NULL,,Y,37.46611,37,27.967,NULL,-82.52883,82,31.73,NULL,N,NULL,NULL,NULL,NULL,NULL,NULL,NULL,NULL,9,3,4,6,1,5,6,2,7,3,Y,NULL,Y,Y,1716,1718,1740,N,NULL,70,,1,N,,N,N,098-US-0023-0,NULL,NULL,2022,C,7.28119E+11,098-US-0023  -000,HIGH,098-US-0023  -000,23.11,0,0,0,0,0,0,0,0,0,0,0,1,0
72815915,980100,2.022E+11,20221013,1032,,,US23,,,US0023,US0023,,,,N,N,NULL,NULL,NULL,N,NULL,NULL,NULL,NULL,NULL,NULL,21.588,NULL,NULL,NULL,NULL,,NULL,0,0,1,1,N,N,55,NULL,98,9801,NULL,,Y,37.45285,37,27.171,NULL,-82.52251,82,31.351,NULL,N,NULL,NULL,NULL,NULL,NULL,NULL,NULL,NULL,9,5,4,6,1,5,6,2,1,3,N,NULL,Y,N,1032,1038,,N,NULL,40,,1,N,,N,N,,NULL,NULL,2022,O,7.28159E+11,098-US-0023  -000,MEDIUM,098-US-0023  -000,21.588,0,0,1,0,0,0,0,0,0,0,0,1,0
72829632,980100,2.022E+11,20221111,2153,,,KY3495,,,KY3495,KY3495,0,098 KY-3495,KY3495,Y,N,NULL,NULL,NULL,N,NULL,NULL,NULL,NULL,NULL,NULL,0.012,NULL,NULL,NULL,NULL,,NULL,0,0,2,2,N,N,NULL,NULL,98,9801,NULL,,Y,37.48654,37,29.192,NULL,-82.54277,82,32.566,NULL,N,NULL,NULL,NULL,NULL,NULL,NULL,NULL,NULL,5,97,2,6,1,5,3,6,8,3,N,NULL,Y,N,2154,2127,2209,N,NULL,90,17,0,N,,N,N,098-KY-3495-0,NULL,NULL,2022,O,7.28296E+11,098-KY-3495  -000,HIGH,098-KY-3495  -000,0.012,0,0,1,0,0,0,1,0,0,0,0,0,0
72798792,KSP0900,22-333391,20220828,1507,,,KY3418,,,KY3418,KY3418,0,098 KY-3418,KY3418,N,N,NULL,NULL,NULL,N,NULL,NULL,NULL,NULL,NULL,NULL,1.93,NULL,NULL,NULL,NULL,,NULL,2,0,1,1,N,N,45,NULL,98,9849,NULL,,Y,37.46114,37,27.668,NULL,-82.37357,82,22.414,NULL,N,NULL,NULL,NULL,NULL,NULL,NULL,NULL,NULL,9,4,2,1,1,1,2,2,7,3,Y,NULL,Y,Y,1524,1558,1615,N,NULL,44,9,0,N,,N,N,098-KY-3418-0,NULL,NULL,2022,A,7.27988E+11,098-KY-3418  -000,HIGH,098-KY-3418  -000,1.93,0,0,0,0,0,0,1,0,0,0,0,1,0
72796567,370200,2022321033,20220819,1729,,,ABNER MOUNTAIN,,RD,KY0122,KY0122,0,098 KY-122,KY0122,N,N,NULL,NULL,NULL,N,NULL,NULL,NULL,NULL,NULL,NULL,0.731,NULL,NULL,NULL,NULL,,NULL,0,0,1,1,N,N,55,NULL,98,9827,NULL,,Y,37.3442,37,20.652,NULL,-82.64924,82,38.955,NULL,N,NULL,NULL,NULL,NULL,NULL,NULL,NULL,NULL,9,5,2,2,1,1,3,2,7,3,N,NULL,Y,N,1745,1806,0,N,NULL,44,,0,N,,N,N,098-KY-0122-0,NULL,NULL,2022,O,7.27966E+11,098-KY-0122  -000,HIGH,098-KY-0122  -000,0.731,0,1,0,0,0,0,0,0,0,0,0,1,0
72788988,KSP0900,22-281641,20220724,1201,,,VENTERS,,LN,,,0,098 CR-1415,CR1415,N,N,NULL,NULL,NULL,N,NULL,NULL,NULL,NULL,NULL,NULL,0.466,NULL,NULL,NULL,NULL,,NULL,0,0,3,3,N,N,15,NULL,98,9801,NULL,,Y,37.54281,37,32.569,NULL,-82.59626,82,35.776,NULL,N,NULL,NULL,NULL,NULL,NULL,NULL,NULL,NULL,3,3,2,6,3,1,2,2,7,3,N,NULL,Y,N,1202,1210,1210,N,NULL,52,,,N,,N,N,098-CR-1415-0,NULL,NULL,2022,O,7.2789E+11,098-CR-1415  -000,MEDIUM,098-CR-1415  -000,0.466,0,0,0,1,0,0,0,0,0,0,0,1,0
72786248,KSP0900,22-273250,20220718,1505,,,KY122,,,KY0122,KY0122,0,098 KY-122,KY0122,N,N,NULL,NULL,NULL,N,NULL,NULL,NULL,NULL,NULL,NULL,4.567,NULL,NULL,NULL,NULL,,NULL,0,0,1,1,N,N,55,NULL,98,9827,NULL,,Y,37.34583,37,20.75,NULL,-82.60145,82,36.087,NULL,N,NULL,NULL,NULL,NULL,NULL,NULL,NULL,NULL,9,3,2,6,1,5,6,2,7,3,N,NULL,Y,N,1505,1516,1516,N,NULL,40,,0,N,,N,N,098-KY-0122-0,NULL,NULL,2022,O,7.27862E+11,098-KY-0122  -000,HIGH,098-KY-0122  -000,4.567,0,0,0,0,0,0,0,1,0,0,0,1,0
72799770,980000,22-08-003,20220824,2100,,,US23,,,US0023,US0023,0,098 US-23,US0023,N,N,NULL,NULL,NULL,N,NULL,NULL,NULL,NULL,NULL,NULL,26.223,NULL,NULL,NULL,NULL,,NULL,0,0,2,2,N,N,45,NULL,98,9801,NULL,,Y,37.50327,37,30.196,NULL,-82.53228,82,31.937,NULL,N,NULL,NULL,NULL,NULL,NULL,NULL,NULL,NULL,5,3,4,6,1,1,2,5,7,3,N,NULL,N,N,2100,2100,2105,N,NULL,49,,1,N,,N,N,098-US-0023-0,NULL,NULL,2022,O,7.27998E+11,098-US-0023  -000,HIGH,098-US-0023  -000,26.223,0,0,0,1,0,0,1,0,0,0,0,0,0
72749416,KSP0900,22-105479,20220323,1152,,,BENT MOUNTAIN,,RD,,,0,098 CR-1380Q4,CR1380Q4,N,N,NULL,NULL,NULL,N,NULL,NULL,NULL,NULL,NULL,NULL,0.033,NULL,NULL,NULL,NULL,,NULL,0,0,2,2,N,N,25,NULL,98,9833,NULL,,Y,37.60748,37,36.448,NULL,-82.36591,82,21.955,NULL,N,NULL,NULL,NULL,NULL,NULL,NULL,NULL,NULL,1,3,2,6,1,1,2,2,7,3,N,NULL,Y,Y,1152,1205,1205,N,NULL,55,,,N,,N,N,098-CR-1380Q4-0,NULL,NULL,2022,O,7.27494E+11,098-CR-1380Q4-000,HIGH,098-CR-1380Q4-000,0.033,0,0,0,0,0,0,1,0,0,0,0,0,0
72805570,980100,2.022E+11,20220914,559,,,US23,,,US0023,US0023,0,098 US-23,US0023,N,N,NULL,NULL,NULL,N,NULL,NULL,NULL,NULL,NULL,NULL,26.203,NULL,NULL,NULL,NULL,,NULL,0,0,2,2,N,N,55,NULL,98,9801,NULL,,Y,37.50252,37,30.151,NULL,-82.532,82,31.92,NULL,N,NULL,NULL,NULL,NULL,NULL,NULL,NULL,NULL,8,3,4,6,1,1,2,6,7,3,N,NULL,Y,N,559,603,603,N,NULL,53,,1,N,,N,N,098-US-0023-0,NULL,NULL,2022,O,7.28056E+11,098-US-0023  -000,HIGH,098-US-0023  -000,26.203,0,0,1,0,0,0,0,0,0,0,0,1,0
72720986,980100,2.022E+11,20220114,1521,,111,CASSIDY,,BLVD,,,0,098 CS-1191,CS1191,Y,N,NULL,NULL,NULL,N,NULL,NULL,NULL,NULL,NULL,NULL,0.059,NULL,NULL,NULL,NULL,,NULL,0,0,2,2,N,N,15,NULL,98,9801,NULL,,Y,37.50368,37,30.221,NULL,-82.53311,82,31.987,NULL,N,NULL,NULL,NULL,NULL,NULL,NULL,NULL,NULL,7,97,NULL,6,1,1,2,2,1,3,N,NULL,Y,N,1521,1526,,N,NULL,90,,,N,,N,N,098-CS-1191-0,NULL,NULL,2022,O,7.2721E+11,098-CS-1191  -000,HIGH,098-CS-1191  -000,0.059,0,0,1,0,0,0,0,0,0,0,0,0,0
72818697,980100,2.022E+11,20221018,1510,,,US23,,,US0023,US0023,0,098 US-23-10,US0023,N,Y,CEDAR HILLS,,RD,N,NULL,NULL,NULL,NULL,NULL,NULL,22.941,NULL,NULL,NULL,NULL,,NULL,3,0,2,2,N,N,55,NULL,98,9801,NULL,,Y,37.46535,37,27.921,NULL,-82.52597,82,31.558,NULL,N,NULL,NULL,NULL,NULL,NULL,NULL,NULL,NULL,5,3,4,6,1,1,3,2,1,3,N,NULL,Y,Y,1510,1512,1543,N,NULL,35,,1,N,,N,N,098-US-0023-10,NULL,NULL,2022,B,7.28187E+11,098-US-0023  -010,HIGH,098-US-0023  -000,22.941,0,0,0,0,0,0,1,0,0,0,1,0,0
72837393,KSP0900,22-462744,20221203,1834,,,CHURCH HOUSE,,HOLW,,,0,098 CR-1072,CR1072,N,N,NULL,NULL,NULL,N,NULL,NULL,NULL,NULL,NULL,NULL,0.137,NULL,NULL,NULL,NULL,,NULL,0,0,1,1,N,N,10,NULL,98,9836,NULL,,Y,37.62807,37,37.684,NULL,-82.26093,82,15.656,NULL,N,NULL,NULL,NULL,NULL,NULL,NULL,NULL,NULL,9,5,1,6,1,5,2,6,7,3,N,NULL,N,N,1834,1841,1930,N,NULL,44,,,N,,N,N,098-CR-1072-0,NULL,NULL,2022,O,7.28374E+11,098-CR-1072  -000,HIGH,098-CR-1072  -000,0.137,0,0,0,0,0,0,0,0,0,0,0,1,0
72821735,KSP0900,22-406183,20221021,2008,,,US119,,,US0119,US0119,0,098 US-119,US0119,N,N,NULL,NULL,NULL,N,NULL,NULL,NULL,NULL,NULL,NULL,19.271,NULL,NULL,NULL,NULL,,NULL,2,0,2,2,N,N,55,NULL,98,9836,NULL,,Y,37.60501,37,36.301,NULL,-82.27308,82,16.385,NULL,N,NULL,NULL,NULL,NULL,NULL,NULL,NULL,NULL,1,3,4,3,1,1,2,6,7,3,Y,NULL,N,N,2006,2010,2040,N,NULL,55,2,1,N,,N,N,098-US-0119-0,NULL,NULL,2022,C,7.28217E+11,098-US-0119  -000,HIGH,098-US-0119  -000,19.271,0,0,0,1,0,0,1,0,0,0,0,0,0
72752897,KSP0900,22-140366,20220418,800,,,PETER FORK,,RD,,,0,098 CR-1527,CR1527,N,N,NULL,NULL,NULL,N,NULL,NULL,NULL,NULL,NULL,NULL,1.653,NULL,NULL,NULL,NULL,,NULL,0,0,1,1,N,N,35,NULL,98,9811,NULL,,Y,37.57193,37,34.316,NULL,-82.1637,82,9.822,NULL,N,NULL,NULL,NULL,NULL,NULL,NULL,NULL,NULL,9,3,1,2,1,5,6,2,7,3,N,NULL,N,N,800,800,800,N,NULL,44,,,N,,N,N,098-CR-1527-0,NULL,NULL,2022,O,7.27529E+11,098-CR-1527  -000,HIGH,098-CR-1527  -000,1.653,0,0,0,0,0,0,0,0,0,0,0,1,0
72749963,KSP0900,22-125602,20220407,1304,,,US119 TURN LANE FROM US23 N,,,US0119,US0119,0,098 US-119-20,US0119,N,N,NULL,NULL,NULL,N,NULL,NULL,NULL,NULL,NULL,NULL,0.019,NULL,NULL,NULL,NULL,,NULL,1,0,1,1,N,N,55,NULL,98,9801,0.3,,Y,37.50331,37,30.198,NULL,-82.53194,82,31.916,NULL,N,NULL,NULL,NULL,NULL,NULL,NULL,NULL,NULL,9,3,2,3,1,5,3,2,7,3,Y,NULL,Y,Y,1313,1313,1313,N,NULL,39,2,1,Y,,N,N,098-US-0119-20,NULL,NULL,2022,C,7.275E+11,098-US-0119  -020,HIGH,098-US-0119  -020,0.019,1,0,0,0,0,0,0,1,0,0,0,0,0
72769038,980100,2.022E+11,20220523,1200,,,HAROLDS BRANCH,,RD,,,0,098 CS-1223,CS1223,Y,N,NULL,NULL,NULL,N,NULL,NULL,NULL,NULL,NULL,NULL,0.042,NULL,NULL,NULL,NULL,,NULL,0,0,2,2,N,N,15,NULL,98,9801,NULL,,Y,37.4723,37,28.338,NULL,-82.52232,82,31.339,NULL,N,NULL,NULL,NULL,NULL,NULL,NULL,NULL,NULL,8,97,1,6,2,1,2,2,1,3,N,NULL,Y,N,1200,1208,,N,NULL,90,,,N,,N,N,098-CS-1223-0,NULL,NULL,2022,O,7.2769E+11,098-CS-1223  -000,HIGH,098-CS-1223  -000,0.042,0,0,0,1,0,0,1,0,0,0,0,0,0
72839796,980100,2.022E+11,20221208,1403,,254,CASSIDY,,BLVD,,,0,098 CS-1191,CS1191,Y,N,NULL,NULL,NULL,N,NULL,NULL,NULL,NULL,NULL,NULL,0.039,NULL,NULL,NULL,NULL,,NULL,0,0,2,2,N,N,NULL,NULL,98,9801,NULL,,Y,37.5037,37,30.222,NULL,-82.53281,82,31.968,NULL,N,NULL,NULL,NULL,NULL,NULL,NULL,NULL,NULL,3,97,1,6,1,5,6,2,1,3,N,NULL,Y,N,1404,1417,1417,N,NULL,90,,,N,,N,N,098-CS-1191-0,NULL,NULL,2022,O,7.28398E+11,098-CS-1191  -000,HIGH,098-CS-1191  -000,0.039,0,0,0,0,0,0,0,0,0,0,0,0,0
72813659,980100,2.022E+11,20221006,1002,,198,MAIN,,ST,,,0,098 CS-1112,CS1112,Y,N,NULL,NULL,NULL,N,NULL,NULL,NULL,NULL,NULL,NULL,0.017,NULL,NULL,NULL,NULL,,NULL,0,0,2,2,Y,N,NULL,NULL,98,9801,NULL,,Y,37.47792,37,28.675,NULL,-82.51838,82,31.103,NULL,N,NULL,NULL,NULL,NULL,NULL,NULL,NULL,NULL,2,97,1,6,1,1,2,2,1,3,N,NULL,Y,N,1002,1020,1020,N,NULL,90,,,N,,N,N,098-CS-1112-0,NULL,NULL,2022,O,7.28137E+11,098-CS-1112  -000,HIGH,098-CS-1112  -000,0.017,0,0,0,1,0,0,0,0,0,0,0,0,0
72781589,980100,2.022E+11,20220710,1406,,,US460,,,US0460,US0460,0,098 US-460,US0460,N,N,NULL,NULL,NULL,N,NULL,NULL,NULL,NULL,NULL,NULL,0.222,NULL,NULL,NULL,NULL,,NULL,2,0,2,2,N,N,55,NULL,98,9801,NULL,,Y,37.43933,37,26.36,NULL,-82.50941,82,30.564,NULL,N,NULL,NULL,NULL,NULL,NULL,NULL,NULL,NULL,4,3,2,6,1,5,6,2,7,3,Y,NULL,Y,Y,1406,1410,1410,Y,NULL,70,,1,N,,N,N,098-US-0460-0,NULL,NULL,2022,C,7.27816E+11,098-US-0460  -000,HIGH,098-US-0460  -000,0.222,0,0,1,0,0,0,1,1,0,0,0,0,0
72768762,980100,2.022E+11,20220603,1315,,,HAMBLEY,,BLVD,,,,,,N,N,NULL,NULL,NULL,N,NULL,NULL,NULL,NULL,NULL,NULL,NULL,NULL,NULL,NULL,NULL,NULL,NULL,0,0,2,2,N,N,25,NULL,98,9801,NULL,,Y,37.48137,37,28.882,NULL,-82.51886,82,31.132,NULL,N,NULL,NULL,NULL,NULL,NULL,NULL,NULL,NULL,1,3,2,3,1,1,3,2,1,3,N,NULL,Y,N,1315,1316,1351,N,NULL,55,,,N,,N,N,,NULL,NULL,2022,O,7.27688E+11,098-CS-1222  -000,MEDIUM,098-CS-1222  -000,0.72,0,0,1,0,0,0,1,0,0,0,0,0,0
72865377,980100,2.023E+11,20230214,1946,,,US23,,,US0023,US0023,0,098 US-23,US0023,N,N,NULL,NULL,NULL,N,NULL,NULL,NULL,NULL,NULL,NULL,30.396,NULL,NULL,NULL,NULL,,NULL,0,0,2,2,N,N,55,NULL,98,9801,NULL,,Y,37.54176,37,32.506,NULL,-82.58347,82,35.008,NULL,N,NULL,NULL,NULL,NULL,NULL,NULL,NULL,NULL,8,3,4,3,1,1,2,6,7,3,N,NULL,Y,N,1946,1951,1951,N,NULL,53,,1,N,,N,N,098-US-0023-0,NULL,NULL,2023,O,7.28654E+11,098-US-0023  -000,HIGH,098-US-0023  -000,30.376,0,0,0,1,0,0,1,0,0,0,0,1,0
72863168,KSP0900,23-49361,20230208,759,,,GREASY,,CRK,,,0,098 CR-1256,CR1256,N,N,NULL,NULL,NULL,N,NULL,NULL,NULL,NULL,NULL,NULL,1.214,NULL,NULL,NULL,NULL,,NULL,0,0,1,1,N,N,35,NULL,98,9841,NULL,,Y,37.36938,37,22.163,NULL,-82.49107,82,29.464,NULL,N,NULL,NULL,NULL,NULL,NULL,NULL,NULL,NULL,9,3,1,6,1,5,3,2,7,3,N,NULL,N,N,759,811,830,N,NULL,44,,,N,,N,N,098-CR-1256-0,NULL,NULL,2023,O,7.28632E+11,098-CR-1256  -000,HIGH,098-CR-1256  -000,1.201,0,0,1,0,0,0,0,0,0,0,0,1,0
72794470,KSP0900,22-311428,20220812,1727,,,KY1056,,,KY1056,KY1056,0,098 KY-1056,KY1056,N,N,NULL,NULL,NULL,N,NULL,NULL,NULL,NULL,NULL,NULL,8.685,NULL,NULL,NULL,NULL,,NULL,0,0,2,2,N,N,55,NULL,98,9863,NULL,,Y,37.59204,37,35.522,NULL,-82.17331,82,10.399,NULL,N,NULL,NULL,NULL,NULL,NULL,NULL,NULL,NULL,7,3,2,3,1,1,2,2,7,3,N,NULL,Y,N,1727,1807,1920,N,NULL,54,7,0,N,,N,N,098-KY-1056-0,NULL,NULL,2022,O,7.27945E+11,098-KY-1056  -000,HIGH,098-KY-1056  -000,8.685,0,0,0,0,0,0,0,0,0,1,0,1,0
72773517,980100,2.022E+11,20220610,1331,,183,CASSIDY,,BLVD,,,0,098 CS-1191,CS1191,Y,N,NULL,NULL,NULL,N,NULL,NULL,NULL,NULL,NULL,NULL,0.039,NULL,NULL,NULL,NULL,,NULL,0,0,2,2,N,N,NULL,NULL,98,9801,NULL,,Y,37.5037,37,30.222,NULL,-82.5328,82,31.968,NULL,N,NULL,NULL,NULL,NULL,NULL,NULL,NULL,NULL,1,97,1,6,1,1,2,2,1,3,N,NULL,Y,N,1331,1338,1338,N,NULL,90,,,N,,N,N,098-CS-1191-0,NULL,NULL,2022,O,7.27735E+11,098-CS-1191  -000,HIGH,098-CS-1191  -000,0.039,0,0,0,1,0,0,1,0,0,0,0,0,0
72885761,980000,23-04-002,20230411,1507,,925,FISHTRAP,,RD,KY1441,KY1441,0,098 KY-1441,KY1441,N,N,NULL,NULL,NULL,N,NULL,NULL,NULL,NULL,NULL,NULL,6.382,NULL,NULL,NULL,NULL,,NULL,0,0,1,1,N,N,35,NULL,98,9824,NULL,,Y,37.47338,37,28.403,NULL,-82.42728,82,25.637,NULL,N,NULL,NULL,NULL,NULL,NULL,NULL,NULL,NULL,9,6,1,3,1,1,2,2,7,3,N,NULL,Y,Y,1507,1546,1745,N,NULL,51,8,0,N,,N,N,098-KY-1441-0,NULL,NULL,2023,O,7.28858E+11,098-KY-1441  -000,HIGH,098-KY-1441  -000,6.382,0,0,0,0,0,0,1,0,0,0,0,1,0
72869916,KSP0900,23-76823,20230227,2200,,,CABIN,,FRK,,,0,098 CR-1932,CR1932,N,N,NULL,NULL,NULL,N,NULL,NULL,NULL,NULL,NULL,NULL,0.785,NULL,NULL,NULL,NULL,,NULL,0,0,1,1,N,N,20,NULL,98,9809,NULL,,Y,37.29256,37,17.554,NULL,-82.56816,82,34.09,NULL,N,NULL,NULL,NULL,NULL,NULL,NULL,NULL,NULL,9,3,1,1,1,5,3,6,7,3,N,NULL,Y,N,2200,2228,,N,NULL,44,,,N,,N,N,098-CR-1932-0,NULL,NULL,2023,O,7.28699E+11,098-CR-1932  -000,HIGH,098-CR-1932  -000,0.782,0,0,0,0,0,0,0,0,0,0,0,1,0
72794843,980100,2.022E+11,20220810,1127,,,CASSIDY,,BLVD,,,0,098 CS-1191,CS1191,N,Y,US23,,,N,NULL,NULL,NULL,NULL,NULL,NULL,0.008,NULL,NULL,NULL,NULL,,NULL,0,0,2,2,N,N,55,NULL,98,9801,NULL,,Y,37.50375,37,30.225,NULL,-82.53229,82,31.937,NULL,N,NULL,NULL,NULL,NULL,NULL,NULL,NULL,NULL,3,3,4,6,1,1,2,2,7,3,N,NULL,Y,N,1127,1132,1132,N,NULL,52,,,N,,N,N,098-CS-1191-0,NULL,NULL,2022,O,7.27948E+11,098-CS-1191  -000,HIGH,098-CS-1191  -000,0.008,0,0,0,0,0,0,1,1,0,0,1,0,0
72759810,KSP0900,22-170009,20220508,1707,,,VIRGINIA,,AVE,,,0,098 CR-1035K,CR1035K,Y,N,NULL,NULL,NULL,N,NULL,NULL,NULL,NULL,NULL,NULL,0.052,NULL,NULL,NULL,NULL,,NULL,0,0,2,2,N,N,NULL,NULL,98,9834,NULL,,Y,37.67255,37,40.353,NULL,-82.28238,82,16.943,NULL,N,NULL,NULL,NULL,NULL,NULL,NULL,NULL,NULL,2,97,NULL,6,1,1,2,2,1,3,N,NULL,Y,N,1804,1809,1815,N,NULL,90,,,N,,N,N,098-CR-1035K-0,NULL,NULL,2022,O,7.27598E+11,098-CR-1035K -000,HIGH,098-CR-1035K -000,0.052,0,0,0,0,0,0,1,0,0,0,0,0,0
72789150,KSP0900,22-286612,20220727,1912,,,LUCY,,BR,,,0,098 CR-1222,CR1222,N,N,NULL,NULL,NULL,N,NULL,NULL,NULL,NULL,NULL,NULL,0.072,NULL,NULL,NULL,NULL,,NULL,0,0,1,1,N,N,35,NULL,98,9841,NULL,,Y,37.40624,37,24.374,NULL,-82.46931,82,28.158,NULL,N,NULL,NULL,NULL,NULL,NULL,NULL,NULL,NULL,9,3,1,3,1,5,3,2,7,3,N,NULL,Y,Y,1912,1931,2030,Y,NULL,44,,,N,,N,N,098-CR-1222-0,NULL,NULL,2022,NULL,7.27892E+11,098-CR-1222  -000,HIGH,098-CR-1222  -000,0.072,0,0,0,0,0,0,0,0,0,0,0,1,0
72742305,980100,2.022E+11,20220318,1856,,,THOMPSON,,RD,,,0,098 CS-1215,CS1215,Y,N,NULL,NULL,NULL,N,NULL,NULL,NULL,NULL,NULL,NULL,0.508,NULL,NULL,NULL,NULL,,NULL,0,0,2,2,N,N,15,NULL,98,9801,NULL,,Y,37.506,37,30.36,NULL,-82.54353,82,32.612,NULL,N,NULL,NULL,NULL,NULL,NULL,NULL,NULL,NULL,6,97,1,6,1,1,2,2,1,3,N,NULL,Y,N,1856,1859,1859,N,NULL,90,,,N,,N,N,098-CS-1215-0,NULL,NULL,2022,O,7.27423E+11,098-CS-1215  -000,HIGH,098-CS-1215  -000,0.508,0,0,0,0,0,0,1,0,0,0,0,0,0
72755434,KSP0900,22-154141,20220427,1521,,,US23,,,US0023,US0023,0,098 US-23-10,US0023,N,N,NULL,NULL,NULL,N,NULL,NULL,NULL,NULL,NULL,NULL,11.793,NULL,NULL,NULL,NULL,,NULL,0,0,2,2,N,N,55,NULL,98,9801,6,S,N,37.36022,37,21.613,NULL,-82.55506,82,33.304,NULL,N,NULL,NULL,NULL,NULL,NULL,NULL,NULL,NULL,5,3,4,6,1,1,2,2,7,3,N,NULL,Y,N,1521,1536,1630,N,NULL,49,,1,N,,N,N,098-US-0023-10,NULL,NULL,2022,O,7.27554E+11,098-US-0023  -010,HIGH,098-US-0023  -000,11.793,0,0,0,1,0,0,1,0,0,0,0,0,0
72825932,KSP0900,22-427797,20221106,2034,,,VIRGIE,,RD,KY0610,KY0610,0,098 KY-610,KY0610,N,N,NULL,NULL,NULL,N,NULL,NULL,NULL,NULL,NULL,NULL,7.976,NULL,NULL,NULL,NULL,,NULL,0,0,1,1,N,N,55,NULL,98,9827,5,E,N,37.33821,37,20.293,NULL,-82.58683,82,35.21,NULL,N,NULL,NULL,NULL,NULL,NULL,NULL,NULL,NULL,9,3,2,6,1,5,97,6,7,3,N,NULL,Y,N,2034,2041,2102,N,NULL,70,7,0,N,,N,N,098-KY-0610-0,NULL,NULL,2022,O,7.28259E+11,098-KY-0610  -000,HIGH,098-KY-0610  -000,7.976,0,0,0,0,0,0,0,0,0,0,0,0,0