MasterFile,AgencyORINumber,LocalCode,CollisionDate,CollisionTime,CollisionDayWeekCode,RoadwayName_HouseBusinessNumber_,RoadwayName_RoadwayName_,RoadwayName_Direction_,RoadwayName_RoadwaySuffix_,RoadwayfromReport,CurrentRoadwayNumber,RoadwayNumberCoupletID,RSEUniqueGIS,RoadwayIdentifier,ParkingLotIndicator,IntersectionWith_Indicator_,IntersectionWith_NameRoadway_,IntersectionWith_Direction_,IntersectionWith_RoadwaySuffix_,BetweenStreets_Indicator_,BetweenStreets1_NameRoadway_,BetweenStreet1_Direction_,BetweenStreets1_RoadwaySuffix_,BetweenStreets2_NameRoadway_,BetweenStreets2_Direction_,BetweenStreets2_RoadwaySuffix_,Milepoint,ReportMilepointDeriveNumber,CurrentDerivedMiepointNumber,MilestoMilepoint,FeettoMilepoint,DirectionfromMilepoint_NSEW_,ValidMilepointIndicator,NumberInjured,NumberKilled,ofUnits,ofMotorVehicleUnits,Hit&RunIndicator,OneWayIndicator,SpeedLimitNumber,KilometersIndicator,CountyCode,CityCountyCode,MilesFromCity,DirectionFromCity_NSEW_,InCityLimitsIndicator,Latitude,LatitudeDegrees,LatitudeMinutes,LatitudeSeconds,Longitude,LongitudeDegrees,LongitudeMinutes,LongitudeSeconds,RampIndicator,RampFromIdentifier,RampFromDirCode,RampFromCoupletID,RSEUniqueGISRampFrom,RampToidentifier,RampToDirCode,RampToCoupletID,RSEUniqueGisRampTo,MannerofCollisionCode,LocationFirstEventCode,TotalLanes,RoadwayCharacterCode,RoadwaySurfaceCode,RoadwayConditionCode,WeatherCode,LightConditionCode,LandUseCode,SchoolBusRelatedCode,FirstAidSceneIndicator,CollDescPresentInd,InvestigationCompleteIndicator,PhotosTakenIndicator,TimeNotified,TimeArrived,TimeRoadwayOpened,PropertyDamageIndicator,DiagramPresentIndicator,DirectionalAnalysis,FunctionClassCode,NationalHwySysCode,EnforcementsIndicator,KARSCityCode,SecondaryCollisionIndicator,MedianCrossoverIndicator,RT_UNIQUE,MapIt,TimeLastLeft,YR,KABCO,MFNY,WorkingRID,RT_CONFIDENCE,KTC_RT,KTC_MP,Motorcyclist,CommercialVehicle,YoungDriver,MatureDriver,pedestrian,Bicyclist,Distracted,agressive,Impaired,Unrestrained,Intersection,RoadwayDeparture,MedXover
72800801,KSP0900,22-340726,20220902,1829,,,KY80 TURN LANE TO US460,,,KY0080,KY0080,0,098 KY-80-21,KY0080,N,N,NULL,NULL,NULL,N,NULL,NULL,NULL,NULL,NULL,NULL,0.038,NULL,NULL,NULL,NULL,,NULL,0,0,2,2,N,N,55,NULL,98,9802,NULL,,Y,37.34216,37,20.53,NULL,-82.37411,82,22.447,NULL,N,NULL,NULL,NULL,NULL,NULL,NULL,NULL,NULL,5,3,2,3,1,1,2,2,7,3,N,NULL,Y,N,1829,1856,1856,N,NULL,49,7,5,N,,N,N,098-KY-0080-21,NULL,NULL,2022,O,7.28008E+11,098-KY-0080  -021,HIGH,098-KY-0080  -021,0.038,0,0,0,1,0,0,1,0,0,0,0,0,0
72733207,KSP0900,22-62906,20220220,1416,,,FOREST HILLS,,RD,KY0308,KY0308,0,098 KY-308,KY0308,Y,N,NULL,NULL,NULL,N,NULL,NULL,NULL,NULL,NULL,NULL,2.427,NULL,NULL,NULL,NULL,,NULL,0,0,2,2,N,N,5,NULL,98,9834,NULL,,Y,37.6452,37,38.712,NULL,-82.27051,82,16.23,NULL,N,NULL,NULL,NULL,NULL,NULL,NULL,NULL,NULL,2,97,2,3,1,1,2,2,1,3,N,NULL,Y,N,1419,1440,1500,N,NULL,90,8,0,N,,N,N,098-KY-0308-0,NULL,NULL,2022,O,7.27332E+11,098-KY-0308  -000,HIGH,098-KY-0308  -000,2.427,0,0,0,1,0,0,1,0,0,0,0,0,0
72799337,KSP0900,22-331639,20220827,1014,,,FOREST HILLS,,RD,KY0308,KY0308,0,098 KY-308,KY0308,N,N,NULL,NULL,NULL,N,NULL,NULL,NULL,NULL,NULL,NULL,2.681,NULL,NULL,NULL,NULL,,NULL,0,0,2,2,Y,N,35,NULL,98,9836,NULL,,Y,37.64824,37,38.894,NULL,-82.26783,82,16.07,NULL,N,NULL,NULL,NULL,NULL,NULL,NULL,NULL,NULL,2,3,2,6,1,1,2,2,6,3,N,NULL,Y,N,1014,1048,1048,N,NULL,56,8,0,N,,N,N,098-KY-0308-0,NULL,NULL,2022,O,7.27993E+11,098-KY-0308  -000,HIGH,098-KY-0308  -000,2.681,0,0,0,0,0,0,0,0,0,0,0,0,0
72767577,980100,2.022E+11,20220531,557,,911,BYPASS ROAD,,,,,,,,Y,N,NULL,NULL,NULL,N,NULL,NULL,NULL,NULL,NULL,NULL,NULL,NULL,NULL,NULL,NULL,NULL,NULL,0,0,2,2,N,N,15,NULL,98,9801,NULL,,Y,37.47282,37,28.369,NULL,-82.5227,82,31.362,NULL,N,NULL,NULL,NULL,NULL,NULL,NULL,NULL,NULL,7,97,NULL,6,2,1,2,2,5,3,N,NULL,Y,N,559,605,605,N,NULL,90,,,N,,N,N,,NULL,NULL,2022,O,7.27676E+11,098-CS-1223  -000,MEDIUM,098-CS-1223  -000,0,0,0,0,0,0,0,0,0,0,0,0,0,0
72842657,KSP0900,22-477475,20221215,605,,,US23 CONNECTOR TO KY122,,,US0023,US0023,0,098 US-23-70,US0023,N,N,NULL,NULL,NULL,N,NULL,NULL,NULL,NULL,NULL,NULL,0.116,NULL,NULL,NULL,NULL,,NULL,0,0,1,1,N,N,45,NULL,98,9823,NULL,,Y,37.38946,37,23.368,NULL,-82.5348,82,32.088,NULL,N,NULL,NULL,NULL,NULL,NULL,NULL,NULL,NULL,9,6,4,3,1,5,2,6,7,3,Y,NULL,Y,N,605,614,614,N,NULL,44,,1,N,,N,N,098-US-0023-70,NULL,NULL,2022,O,7.28427E+11,098-US-0023  -070,HIGH,098-US-0023  -070,0.116,0,0,0,1,0,0,0,0,0,0,0,1,0
72799618,980100,2.022E+11,20220823,1843,,231,HIBBARD,,ST,,,0,098 CS-1053,CS1053,Y,N,NULL,NULL,NULL,N,NULL,NULL,NULL,NULL,NULL,NULL,0.021,NULL,NULL,NULL,NULL,,NULL,1,0,2,2,N,N,NULL,NULL,98,9801,NULL,,Y,37.4734,37,28.404,NULL,-82.52682,82,31.609,NULL,N,NULL,NULL,NULL,NULL,NULL,NULL,NULL,NULL,2,97,NULL,6,1,1,2,2,5,3,N,NULL,Y,Y,1844,1850,1850,N,NULL,90,,,N,,N,N,098-CS-1053-0,NULL,NULL,2022,B,7.27996E+11,098-CS-1053  -000,HIGH,098-CS-1053  -000,0.021,0,1,0,0,0,0,1,0,0,1,0,0,0
72720174,980000,22-01-002,20220111,1430,,,PHILLIPS BRANCH,,RD,,,0,098 CR-1867,CR1867,Y,N,NULL,NULL,NULL,N,NULL,NULL,NULL,NULL,NULL,NULL,0.068,NULL,NULL,NULL,NULL,,NULL,0,0,3,3,N,N,15,NULL,98,9804,NULL,,Y,37.49533,37,29.72,NULL,-82.13713,82,8.228,NULL,N,NULL,NULL,NULL,NULL,NULL,NULL,NULL,NULL,2,97,1,6,1,1,2,2,1,3,N,NULL,Y,Y,1455,1530,1600,N,NULL,90,,,N,,N,N,098-CR-1867-0,NULL,NULL,2022,O,7.27202E+11,098-CR-1867  -000,HIGH,098-CR-1867  -000,0.068,0,0,0,0,0,0,1,0,0,0,0,0,0
72720297,980100,2.021E+11,20211213,1016,,,OWSLEY,,RD,KY1384,KY1384,,,,Y,N,NULL,NULL,NULL,N,NULL,NULL,NULL,NULL,NULL,NULL,7.166,NULL,NULL,NULL,NULL,,NULL,0,0,2,2,N,N,15,NULL,98,9801,NULL,,Y,37.48038,37,28.823,NULL,-82.53668,82,32.201,NULL,N,NULL,NULL,NULL,NULL,NULL,NULL,NULL,NULL,2,97,1,6,1,1,2,2,1,3,N,NULL,Y,N,1016,1020,1020,N,NULL,90,16,0,N,,N,N,,NULL,NULL,2021,O,7.27203E+11,098-KY-1384  -000,HIGH,098-KY-1384  -000,7.166,0,0,0,1,0,0,1,0,0,0,0,0,0
72811900,KSP0900,22-380143,20221001,1755,,,TOLER,,RD,KY0319,KY0319,0,098 KY-319,KY0319,N,N,NULL,NULL,NULL,N,NULL,NULL,NULL,NULL,NULL,NULL,1.251,NULL,NULL,NULL,NULL,,NULL,0,0,2,2,N,N,45,NULL,98,9842,NULL,,Y,37.5873,37,35.238,NULL,-82.19891,82,11.935,NULL,N,NULL,NULL,NULL,NULL,NULL,NULL,NULL,NULL,2,3,2,4,1,5,6,2,7,3,N,NULL,N,N,1755,1755,1755,N,NULL,47,7,0,N,,N,N,098-KY-0319-0,NULL,NULL,2022,O,7.28119E+11,098-KY-0319  -000,HIGH,098-KY-0319  -000,1.251,0,0,1,0,0,0,1,0,0,0,0,0,0
72855505,KSP0900,23-11268,20230109,1526,,,US119,,,US0119,US0119,0,098 US-119,US0119,N,N,NULL,NULL,NULL,N,NULL,NULL,NULL,NULL,NULL,NULL,14.389,NULL,NULL,NULL,NULL,,NULL,0,0,1,1,N,N,55,NULL,98,9833,NULL,,Y,37.61597,37,36.958,NULL,-82.34515,82,20.709,NULL,N,NULL,NULL,NULL,NULL,NULL,NULL,NULL,NULL,9,3,4,3,1,1,3,2,7,3,N,NULL,Y,N,1526,1600,,N,NULL,70,2,1,N,,N,N,098-US-0119-0,NULL,NULL,2023,O,7.28555E+11,098-US-0119  -000,HIGH,098-US-0119  -000,14.486,0,0,0,0,0,0,0,0,0,0,0,1,0
72833140,980100,2.022E+11,20221120,1456,,,THOMPSON,,RD,,,,,,Y,N,NULL,NULL,NULL,N,NULL,NULL,NULL,NULL,NULL,NULL,0.434,NULL,NULL,NULL,NULL,,NULL,0,0,2,2,Y,N,NULL,NULL,98,9801,NULL,,Y,37.50639,37,30.383,NULL,-82.54478,82,32.687,NULL,N,NULL,NULL,NULL,NULL,NULL,NULL,NULL,NULL,1,97,NULL,6,1,1,2,9,5,3,N,NULL,Y,N,1456,1503,1503,N,NULL,90,,,N,,N,N,,NULL,NULL,2022,NULL,7.28331E+11,098-CS-1215  -000,LOW,098-CS-1215  -000,0.434,0,0,0,0,0,0,0,0,0,0,0,0,0
72797251,KSP0900,22-317686,20220817,957,,,KY194,,,KY0194,KY0194,0,098 KY-194,KY0194,N,N,NULL,NULL,NULL,N,NULL,NULL,NULL,NULL,NULL,NULL,23.081,NULL,NULL,NULL,NULL,,NULL,0,0,2,2,Y,N,55,NULL,98,9817,NULL,,Y,37.53781,37,32.269,NULL,-82.36891,82,22.135,NULL,N,NULL,NULL,NULL,NULL,NULL,NULL,NULL,NULL,7,3,2,3,1,1,3,2,7,3,N,NULL,Y,N,1001,1027,1125,N,NULL,54,6,0,N,,N,N,098-KY-0194-0,NULL,NULL,2022,O,7.27973E+11,098-KY-0194  -000,HIGH,098-KY-0194  -000,23.081,0,0,0,0,0,0,1,0,0,0,0,1,0
72748504,980100,2.022E+11,20220402,1446,,254,CASSIDY,,BLVD,,,0,098 CS-1191,CS1191,Y,N,NULL,NULL,NULL,N,NULL,NULL,NULL,NULL,NULL,NULL,0.051,NULL,NULL,NULL,NULL,,NULL,0,0,2,2,N,N,NULL,NULL,98,9801,NULL,,Y,37.50367,37,30.22,NULL,-82.53298,82,31.979,NULL,N,NULL,NULL,NULL,NULL,NULL,NULL,NULL,NULL,1,97,NULL,6,1,1,2,2,1,3,N,NULL,Y,N,1446,1454,,N,NULL,90,,,N,,N,N,098-CS-1191-0,NULL,NULL,2022,O,7.27485E+11,098-CS-1191  -000,HIGH,098-CS-1191  -000,0.051,0,0,1,1,0,0,1,0,0,0,0,0,0
72758823,980100,2.022E+11,20220505,1747,,302,MAYO,S,TRAK,,,,,,Y,N,NULL,NULL,NULL,N,NULL,NULL,NULL,NULL,NULL,NULL,NULL,NULL,NULL,NULL,NULL,NULL,NULL,0,0,2,2,N,N,NULL,NULL,98,9801,NULL,,Y,37.46937,37,28.162,NULL,-82.53451,82,32.071,NULL,N,NULL,NULL,NULL,NULL,NULL,NULL,NULL,NULL,8,97,2,6,1,1,2,2,1,3,N,NULL,Y,N,1747,1752,1811,N,NULL,90,,,N,,N,N,,NULL,NULL,2022,O,7.27588E+11,098-PS-1007  -000,MEDIUM,098-PS-1007  -000,0.037,0,0,0,0,0,0,1,0,0,0,0,0,0
72867053,980100,2.023E+11,20230219,1545,,254,CASSIDY,,BLVD,,,,,,Y,N,NULL,NULL,NULL,N,NULL,NULL,NULL,NULL,NULL,NULL,0.352,NULL,NULL,NULL,NULL,,NULL,0,0,2,2,N,N,15,NULL,98,9801,NULL,,Y,37.50549,37,30.329,NULL,-82.53827,82,32.296,NULL,N,NULL,NULL,NULL,NULL,NULL,NULL,NULL,NULL,8,97,1,6,1,1,2,2,1,3,N,NULL,Y,N,1545,1556,,N,NULL,90,,,N,,N,N,,NULL,NULL,2023,O,7.28671E+11,098-CS-1191  -000,MEDIUM,098-CS-1191  -000,0.364,0,0,0,0,0,0,1,0,0,0,0,0,0
72860107,980100,2.023E+11,20230130,1226,,254,CASSIDY,,BLVD,,,0,098 CS-1191,CS1191,Y,N,NULL,NULL,NULL,N,NULL,NULL,NULL,NULL,NULL,NULL,0.047,NULL,NULL,NULL,NULL,,NULL,0,0,2,2,Y,N,NULL,NULL,98,9801,NULL,,Y,37.5037,37,30.222,NULL,-82.53292,82,31.975,NULL,N,NULL,NULL,NULL,NULL,NULL,NULL,NULL,NULL,1,97,1,6,1,5,3,2,1,3,N,NULL,Y,N,1226,1237,1237,N,NULL,90,,,N,,N,N,098-CS-1191-0,NULL,NULL,2023,NULL,7.28601E+11,098-CS-1191  -000,HIGH,098-CS-1191  -000,0.044,0,0,0,0,0,0,0,0,0,0,0,0,0
72884251,980500,2023AR011,20230404,1535,,,COWPEN DOUBLE KIWK,,,,,,,,N,N,NULL,NULL,NULL,N,NULL,NULL,NULL,NULL,NULL,NULL,NULL,NULL,NULL,NULL,NULL,NULL,NULL,1,0,2,2,N,N,45,NULL,98,9807,NULL,,Y,37.52984,37,31.79,NULL,-82.57578,82,34.547,NULL,N,NULL,NULL,NULL,NULL,NULL,NULL,NULL,NULL,1,3,2,6,1,1,2,2,7,3,N,NULL,Y,Y,1535,1535,1535,N,NULL,55,,,N,,N,N,,NULL,NULL,2023,C,7.28843E+11,098-KY-2061  -000,MEDIUM,098-KY-2061  -000,0.005,1,0,0,1,0,0,0,0,0,0,0,0,0
72843714,980100,2.022E+11,20221218,400,,,US23,,,US0023,US0023,0,098 US-23,US0023,N,N,NULL,NULL,NULL,N,NULL,NULL,NULL,NULL,NULL,NULL,19.668,NULL,NULL,NULL,NULL,,NULL,0,0,1,1,N,N,55,NULL,98,9801,NULL,,Y,37.44937,37,26.962,NULL,-82.50663,82,30.398,NULL,N,NULL,NULL,NULL,NULL,NULL,NULL,NULL,NULL,9,3,4,3,1,1,3,6,3,3,N,NULL,Y,N,400,407,445,N,NULL,40,,1,N,,N,N,098-US-0023-0,NULL,NULL,2022,O,7.28437E+11,098-US-0023  -000,HIGH,098-US-0023  -000,19.668,0,0,0,0,0,0,0,0,0,0,0,1,0
72764966,KSP0900,2022-191221,20220523,1627,,,KY194,,,KY0194,KY0194,0,098 KY-194,KY0194,N,N,NULL,NULL,NULL,N,NULL,NULL,NULL,NULL,NULL,NULL,13.84,NULL,NULL,NULL,NULL,,NULL,0,0,1,1,N,N,45,NULL,98,9801,NULL,,Y,37.57797,37,34.678,NULL,-82.48714,82,29.228,NULL,N,NULL,NULL,NULL,NULL,NULL,NULL,NULL,NULL,9,3,2,6,1,5,6,2,7,3,N,NULL,N,N,1627,1750,1750,N,NULL,40,7,0,N,,N,N,098-KY-0194-0,NULL,NULL,2022,O,7.2765E+11,098-KY-0194  -000,HIGH,098-KY-0194  -000,13.84,0,0,0,0,0,0,0,0,0,0,0,1,0
72764632,KSP0900,22-189375,20220522,311,,,US23,,,US0023,US0023,0,098 US-23-10,US0023,N,N,NULL,NULL,NULL,N,NULL,NULL,NULL,NULL,NULL,NULL,29.616,NULL,NULL,NULL,NULL,,NULL,0,0,2,2,N,N,55,NULL,98,9801,NULL,,Y,37.5317,37,31.902,NULL,-82.5772,82,34.632,NULL,N,NULL,NULL,NULL,NULL,NULL,NULL,NULL,NULL,5,3,5,6,1,1,2,6,1,3,N,NULL,Y,N,313,319,,N,NULL,49,,1,N,,N,N,098-US-0023-10,NULL,NULL,2022,O,7.27646E+11,098-US-0023  -010,HIGH,098-US-0023  -000,29.616,0,0,0,0,0,0,0,0,0,0,0,0,0
72768834,KSP0900,22-207115,20220603,1109,,,COW,,BR,,,0,098 CR-1124,CR1124,N,N,NULL,NULL,NULL,N,NULL,NULL,NULL,NULL,NULL,NULL,0.162,NULL,NULL,NULL,NULL,,NULL,0,0,1,1,N,N,35,NULL,98,9804,NULL,,Y,37.47287,37,28.372,NULL,-82.20304,82,12.183,NULL,N,NULL,NULL,NULL,NULL,NULL,NULL,NULL,NULL,9,97,1,1,1,1,2,2,7,3,N,NULL,Y,N,1109,1324,1324,Y,NULL,70,,,N,,N,N,098-CR-1124-0,NULL,NULL,2022,O,7.27688E+11,098-CR-1124  -000,HIGH,098-CR-1124  -000,0.162,0,0,0,0,0,0,0,0,0,0,0,0,0
72765981,980100,2.022E+11,20220525,1115,,,THOMPSON,,RD,,,0,098 CS-1215,CS1215,Y,N,NULL,NULL,NULL,N,NULL,NULL,NULL,NULL,NULL,NULL,1.065,NULL,NULL,NULL,NULL,,NULL,0,0,2,2,N,N,15,NULL,98,9801,NULL,,Y,37.50112,37,30.067,NULL,-82.53625,82,32.175,NULL,N,NULL,NULL,NULL,NULL,NULL,NULL,NULL,NULL,6,97,2,6,1,1,2,2,1,3,N,NULL,N,N,1115,1124,1138,N,NULL,90,,,N,,N,N,098-CS-1215-0,NULL,NULL,2022,O,7.2766E+11,098-CS-1215  -000,HIGH,098-CS-1215  -000,1.065,0,0,0,1,0,0,1,0,0,0,0,0,0
72748054,980100,2.022E+11,20220331,1446,,,US23,,,US0023,US0023,0,098 US-23,US0023,N,N,NULL,NULL,NULL,N,NULL,NULL,NULL,NULL,NULL,NULL,19.579,NULL,NULL,NULL,NULL,,NULL,0,0,1,1,N,N,55,NULL,98,9801,NULL,,Y,37.4486,37,26.916,NULL,-82.50546,82,30.328,NULL,N,NULL,NULL,NULL,NULL,NULL,NULL,NULL,NULL,9,5,4,6,1,1,2,2,7,3,N,NULL,Y,N,1447,1453,1528,N,NULL,40,,1,N,,N,N,098-US-0023-0,NULL,NULL,2022,O,7.27481E+11,098-US-0023  -000,HIGH,098-US-0023  -000,19.579,0,0,0,0,0,0,0,0,0,0,0,1,0
72797642,980100,2.022E+11,20220823,910,,250,BOWLES PARK,,DR,,,0,098 CS-1097,CS1097,Y,N,NULL,NULL,NULL,N,NULL,NULL,NULL,NULL,NULL,NULL,0.057,NULL,NULL,NULL,NULL,,NULL,0,0,2,2,N,N,NULL,NULL,98,9801,NULL,,Y,37.48378,37,29.027,NULL,-82.53952,82,32.371,NULL,N,NULL,NULL,NULL,NULL,NULL,NULL,NULL,NULL,1,97,1,6,1,1,2,2,6,3,N,NULL,Y,N,910,912,912,N,NULL,90,,,N,,N,N,098-CS-1097-0,NULL,NULL,2022,O,7.27976E+11,098-CS-1097  -000,HIGH,098-CS-1097  -000,0.057,0,0,0,0,0,0,1,0,0,0,0,0,0
72873402,KSP0900,23-90756,20230308,1900,,,FOREST HILLS,,RD,KY0308,KY0308,0,098 KY-308,KY0308,N,N,NULL,NULL,NULL,N,NULL,NULL,NULL,NULL,NULL,NULL,2.686,NULL,NULL,NULL,NULL,,NULL,0,0,2,2,N,N,35,NULL,98,9885,NULL,,Y,37.64825,37,38.895,NULL,-82.26774,82,16.064,NULL,N,NULL,NULL,NULL,NULL,NULL,NULL,NULL,NULL,4,3,2,4,1,1,2,5,7,3,N,NULL,Y,N,1900,1938,1940,N,NULL,70,8,0,N,,N,N,098-KY-0308-0,NULL,NULL,2023,O,7.28734E+11,098-KY-0308  -000,HIGH,098-KY-0308  -000,2.686,0,0,0,1,0,0,1,0,0,0,0,0,0
72837710,980100,2.022E+11,20221204,1732,,,CASSIDY,,BLVD,,,,,,Y,N,NULL,NULL,NULL,N,NULL,NULL,NULL,NULL,NULL,NULL,0.368,NULL,NULL,NULL,NULL,,NULL,0,0,2,2,N,N,NULL,NULL,98,9801,NULL,,Y,37.50504,37,30.303,NULL,-82.53819,82,32.291,NULL,N,NULL,NULL,NULL,NULL,NULL,NULL,NULL,NULL,2,97,NULL,6,1,1,2,6,1,3,N,NULL,Y,N,1732,1736,1801,N,NULL,90,,,N,,N,N,,NULL,NULL,2022,O,7.28377E+11,098-CS-1191  -000,MEDIUM,098-CS-1191  -000,0.368,0,0,0,0,0,0,1,0,0,0,0,0,0
72822171,980100,2.022E+11,20221022,1648,,,THOMPSON,,RD,,,,,,Y,N,NULL,NULL,NULL,N,NULL,NULL,NULL,NULL,NULL,NULL,0.339,NULL,NULL,NULL,NULL,,NULL,0,0,2,2,N,N,NULL,NULL,98,9801,NULL,,Y,37.50706,37,30.424,NULL,-82.54313,82,32.588,NULL,N,NULL,NULL,NULL,NULL,NULL,NULL,NULL,NULL,2,97,NULL,6,1,1,2,2,1,3,N,NULL,Y,N,1648,1655,1655,N,NULL,90,,,N,,N,N,,NULL,NULL,2022,O,7.28222E+11,098-CS-1215  -000,LOW,098-CS-1215  -000,0.339,0,0,0,0,0,0,1,1,0,0,0,0,0
72804421,370200,2022334466,20220829,1033,,,US119,,,US0119,US0119,0,098 US-119,US0119,N,N,NULL,NULL,NULL,N,NULL,NULL,NULL,NULL,NULL,NULL,22.067,NULL,NULL,NULL,NULL,,NULL,0,0,2,2,N,N,55,NULL,98,9836,NULL,,Y,37.63414,37,38.049,NULL,-82.26186,82,15.711,NULL,N,NULL,NULL,NULL,NULL,NULL,NULL,NULL,NULL,1,2,2,1,1,1,3,2,7,3,N,NULL,Y,Y,1038,1110,1110,N,NULL,55,2,1,N,,N,Y,098-US-0119-0,NULL,NULL,2022,O,7.28044E+11,098-US-0119  -000,HIGH,098-US-0119  -000,22.067,0,1,0,0,0,0,0,0,0,0,0,0,1
72854524,980100,2.023E+11,20230115,1524,,,CASSIDY,,BLVD,,,,,,Y,N,NULL,NULL,NULL,N,NULL,NULL,NULL,NULL,NULL,NULL,0.394,NULL,NULL,NULL,NULL,,NULL,0,0,2,2,Y,Y,15,NULL,98,9801,NULL,,Y,37.50437,37,30.262,NULL,-82.53822,82,32.293,NULL,N,NULL,NULL,NULL,NULL,NULL,NULL,NULL,NULL,2,97,1,6,1,1,2,2,1,3,N,NULL,Y,N,1524,1536,,N,NULL,90,,,N,,N,N,,NULL,NULL,2023,O,7.28545E+11,098-CS-1191  -000,MEDIUM,098-CS-1191  -000,0.412,0,0,0,0,0,0,0,0,0,1,0,0,0
72864105,980100,2.023E+11,20230210,1804,,,CHLOE,,RD,KY1460,KY1460,0,098 KY-1460,KY1460,N,N,NULL,NULL,NULL,N,NULL,NULL,NULL,NULL,NULL,NULL,2.758,NULL,NULL,NULL,NULL,,NULL,1,0,1,1,N,N,35,NULL,98,9801,NULL,,Y,37.46911,37,28.147,NULL,-82.47862,82,28.717,NULL,N,NULL,NULL,NULL,NULL,NULL,NULL,NULL,NULL,9,5,2,2,1,1,2,3,6,3,Y,NULL,Y,Y,1804,1818,1902,N,NULL,44,,0,N,,N,N,098-KY-1460-0,NULL,NULL,2023,B,7.28641E+11,098-KY-1460  -000,HIGH,098-KY-1460  -000,2.731,0,0,0,1,0,0,1,0,0,0,0,1,0
72904981,980500,2023AR025,20230530,1337,,,US 23 WEDDINGTON BRANCH INTERSECTION,,,,,,,,N,N,NULL,NULL,NULL,N,NULL,NULL,NULL,NULL,NULL,NULL,NULL,NULL,NULL,NULL,NULL,NULL,NULL,2,0,3,3,N,N,45,NULL,98,9807,NULL,,Y,37.52245,37,31.347,NULL,-82.57065,82,34.239,NULL,N,NULL,NULL,NULL,NULL,NULL,NULL,NULL,NULL,1,3,6,6,1,1,2,2,7,3,Y,NULL,Y,Y,1337,1339,1425,N,NULL,55,,,N,,N,N,,NULL,NULL,2023,C,7.2905E+11,098-CS-3026  -030,MEDIUM,098-CS-3026  -030,0.008,0,0,0,1,0,0,1,0,0,0,0,0,0
72857306,KSP0900,23-15273,20230112,1332,,,KY194,,,KY0194,KY0194,0,098 KY-194,KY0194,N,N,NULL,NULL,NULL,N,NULL,NULL,NULL,NULL,NULL,NULL,15.294,NULL,NULL,NULL,NULL,,NULL,1,0,1,1,N,N,55,NULL,98,9828,NULL,,Y,37.57119,37,34.271,NULL,-82.47674,82,28.604,NULL,N,NULL,NULL,NULL,NULL,NULL,NULL,NULL,NULL,9,6,2,6,1,1,3,2,7,3,Y,NULL,Y,Y,1334,1355,1430,N,NULL,44,7,0,N,,N,N,098-KY-0194-0,NULL,NULL,2023,C,7.28573E+11,098-KY-0194  -000,HIGH,098-KY-0194  -000,15.353,0,0,0,1,0,0,1,0,0,0,0,1,0
72854021,980100,2.023E+11,20230113,1636,,,KY3496,,,KY3496,KY3496,0,098 KY-3496,KY3496,N,N,NULL,NULL,NULL,N,NULL,NULL,NULL,NULL,NULL,NULL,0.157,NULL,NULL,NULL,NULL,,NULL,1,0,2,2,N,N,35,NULL,98,9801,NULL,,Y,37.46625,37,27.975,NULL,-82.53049,82,31.829,NULL,N,NULL,NULL,NULL,NULL,NULL,NULL,NULL,NULL,3,3,2,6,1,5,9,2,7,3,N,NULL,Y,Y,1636,1640,1717,N,NULL,52,16,0,Y,,N,N,098-KY-3496-0,NULL,NULL,2023,C,7.2854E+11,098-KY-3496  -000,HIGH,098-KY-3496  -000,0.162,0,0,0,1,0,0,1,0,1,1,0,1,0
72790209,980100,2.022E+11,20220729,2040,,,US23,,,US0023,US0023,0,098 US-23,US0023,N,N,NULL,NULL,NULL,N,NULL,NULL,NULL,NULL,NULL,NULL,31.321,NULL,NULL,NULL,NULL,,NULL,0,0,1,1,N,N,55,NULL,98,9801,NULL,,Y,37.53653,37,32.192,NULL,-82.59654,82,35.793,NULL,N,NULL,NULL,NULL,NULL,NULL,NULL,NULL,NULL,9,3,4,3,1,5,3,6,7,3,N,NULL,Y,N,2040,2049,,Y,NULL,40,,1,N,,N,N,098-US-0023-0,NULL,NULL,2022,O,7.27902E+11,098-US-0023  -000,HIGH,098-US-0023  -000,31.321,0,0,0,0,0,0,0,0,0,0,0,1,0
72739232,KSP0900,22-87955,20220310,1630,,101,TIGER WAY,,,,,,,,Y,N,NULL,NULL,NULL,N,NULL,NULL,NULL,NULL,NULL,NULL,NULL,NULL,NULL,NULL,NULL,NULL,NULL,0,0,2,2,N,N,15,NULL,98,9801,NULL,,Y,37.51577,37,30.946,NULL,-82.50238,82,30.143,NULL,N,NULL,NULL,NULL,NULL,NULL,NULL,NULL,NULL,2,97,1,6,1,1,2,2,8,3,N,NULL,Y,N,1630,1635,1635,N,NULL,90,,,N,,N,N,,NULL,NULL,2022,O,7.27392E+11,NULL,LOW,NULL,NULL,0,0,0,1,0,0,1,0,0,0,0,0,0
72796652,KSP0900,22-317620,20220817,854,,,ABNER MOUNTAIN,,RD,KY0122,KY0122,0,098 KY-122,KY0122,N,N,NULL,NULL,NULL,N,NULL,NULL,NULL,NULL,NULL,NULL,1.833,NULL,NULL,NULL,NULL,,NULL,0,0,2,2,N,N,35,NULL,98,9827,NULL,,Y,37.33668,37,20.201,NULL,-82.64165,82,38.499,NULL,N,NULL,NULL,NULL,NULL,NULL,NULL,NULL,NULL,7,3,2,1,1,1,2,2,3,3,N,NULL,Y,N,854,924,1000,N,NULL,54,,0,N,,N,N,098-KY-0122-0,NULL,NULL,2022,O,7.27967E+11,098-KY-0122  -000,HIGH,098-KY-0122  -000,1.833,0,1,0,0,0,0,0,0,0,0,0,1,0