MasterFile,AgencyORINumber,LocalCode,CollisionDate,CollisionTime,CollisionDayWeekCode,RoadwayName_HouseBusinessNumber_,RoadwayName_RoadwayName_,RoadwayName_Direction_,RoadwayName_RoadwaySuffix_,RoadwayfromReport,CurrentRoadwayNumber,RoadwayNumberCoupletID,RSEUniqueGIS,RoadwayIdentifier,ParkingLotIndicator,IntersectionWith_Indicator_,IntersectionWith_NameRoadway_,IntersectionWith_Direction_,IntersectionWith_RoadwaySuffix_,BetweenStreets_Indicator_,BetweenStreets1_NameRoadway_,BetweenStreet1_Direction_,BetweenStreets1_RoadwaySuffix_,BetweenStreets2_NameRoadway_,BetweenStreets2_Direction_,BetweenStreets2_RoadwaySuffix_,Milepoint,ReportMilepointDeriveNumber,CurrentDerivedMiepointNumber,MilestoMilepoint,FeettoMilepoint,DirectionfromMilepoint_NSEW_,ValidMilepointIndicator,NumberInjured,NumberKilled,ofUnits,ofMotorVehicleUnits,Hit&RunIndicator,OneWayIndicator,SpeedLimitNumber,KilometersIndicator,CountyCode,CityCountyCode,MilesFromCity,DirectionFromCity_NSEW_,InCityLimitsIndicator,Latitude,LatitudeDegrees,LatitudeMinutes,LatitudeSeconds,Longitude,LongitudeDegrees,LongitudeMinutes,LongitudeSeconds,RampIndicator,RampFromIdentifier,RampFromDirCode,RampFromCoupletID,RSEUniqueGISRampFrom,RampToidentifier,RampToDirCode,RampToCoupletID,RSEUniqueGisRampTo,MannerofCollisionCode,LocationFirstEventCode,TotalLanes,RoadwayCharacterCode,RoadwaySurfaceCode,RoadwayConditionCode,WeatherCode,LightConditionCode,LandUseCode,SchoolBusRelatedCode,FirstAidSceneIndicator,CollDescPresentInd,InvestigationCompleteIndicator,PhotosTakenIndicator,TimeNotified,TimeArrived,TimeRoadwayOpened,PropertyDamageIndicator,DiagramPresentIndicator,DirectionalAnalysis,FunctionClassCode,NationalHwySysCode,EnforcementsIndicator,KARSCityCode,SecondaryCollisionIndicator,MedianCrossoverIndicator,RT_UNIQUE,MapIt,TimeLastLeft,YR,KABCO,MFNY,WorkingRID,RT_CONFIDENCE,KTC_RT,KTC_MP,Motorcyclist,CommercialVehicle,YoungDriver,MatureDriver,pedestrian,Bicyclist,Distracted,agressive,Impaired,Unrestrained,Intersection,RoadwayDeparture,MedXover
72810386,980100,2.022E+11,20220924,1910,,,KY1426,,,KY1426,KY1426,0,098 KY-1426,KY1426,N,N,NULL,NULL,NULL,N,NULL,NULL,NULL,NULL,NULL,NULL,8.124,NULL,NULL,NULL,NULL,,NULL,0,0,1,1,N,N,55,NULL,98,9801,NULL,,Y,37.49295,37,29.577,NULL,-82.49094,82,29.457,NULL,N,NULL,NULL,NULL,NULL,NULL,NULL,NULL,NULL,9,3,2,1,1,5,3,1,7,3,Y,NULL,Y,N,1910,1912,1944,N,NULL,40,,0,N,,N,N,098-KY-1426-0,NULL,NULL,2022,O,7.28104E+11,098-KY-1426  -000,HIGH,098-KY-1426  -000,8.124,0,0,1,0,0,0,1,0,0,0,0,1,0
72820388,KSP0900,22-409903,20221024,1615,,,US460,,,US0460,US0460,0,098 US-460,US0460,N,N,NULL,NULL,NULL,N,NULL,NULL,NULL,NULL,NULL,NULL,14.078,NULL,NULL,NULL,NULL,,NULL,0,0,2,2,N,N,55,NULL,98,9802,8,N,N,37.34092,37,20.455,NULL,-82.37938,82,22.763,NULL,N,NULL,NULL,NULL,NULL,NULL,NULL,NULL,NULL,5,3,2,6,1,1,2,2,7,3,N,NULL,Y,N,1615,1631,1651,N,NULL,49,,1,N,,N,N,098-US-0460-0,NULL,NULL,2022,O,7.28204E+11,098-US-0460  -000,HIGH,098-US-0460  -000,14.078,0,0,0,0,0,0,0,0,0,0,0,0,0
72817740,980100,2.022E+11,20221011,1302,,,US23,,,US0023,US0023,0,098 US-23,US0023,N,N,NULL,NULL,NULL,N,NULL,NULL,NULL,NULL,NULL,NULL,27.34,NULL,NULL,NULL,NULL,,NULL,1,0,2,2,N,N,55,NULL,98,9801,NULL,,Y,37.51082,37,30.649,NULL,-82.54809,82,32.885,NULL,N,NULL,NULL,NULL,NULL,NULL,NULL,NULL,NULL,1,3,4,6,1,1,2,2,7,3,Y,NULL,Y,Y,1303,1310,1336,N,NULL,55,,1,N,,N,N,098-US-0023-0,NULL,NULL,2022,C,7.28177E+11,098-US-0023  -000,HIGH,098-US-0023  -000,27.34,0,0,0,1,0,0,1,1,0,0,0,0,0
72820357,980100,2.022E+11,20221024,1455,,,SUMMIT,,DR,,,0,098 CS-1064,CS1064,N,N,NULL,NULL,NULL,N,NULL,NULL,NULL,NULL,NULL,NULL,0.017,NULL,NULL,NULL,NULL,,NULL,0,0,2,2,N,N,15,NULL,98,9801,NULL,,Y,37.47679,37,28.608,NULL,-82.51678,82,31.007,NULL,N,NULL,NULL,NULL,NULL,NULL,NULL,NULL,NULL,5,3,2,5,1,1,2,2,1,3,N,NULL,Y,N,1455,1500,1500,N,NULL,49,,,N,,N,N,098-CS-1064-0,NULL,NULL,2022,O,7.28204E+11,098-CS-1064  -000,HIGH,098-CS-1064  -000,0.017,0,0,0,0,0,0,1,0,0,0,0,0,0
72823427,980100,2.022E+12,20221026,1643,,,BAIRD,,AVE,KY1426,KY1426,0,098 KY-1426,KY1426,N,N,NULL,NULL,NULL,N,NULL,NULL,NULL,NULL,NULL,NULL,5.392,NULL,NULL,NULL,NULL,,NULL,0,0,3,3,N,N,25,NULL,98,9801,NULL,,Y,37.47328,37,28.397,NULL,-82.52705,82,31.623,NULL,N,NULL,NULL,NULL,NULL,NULL,NULL,NULL,NULL,4,3,2,6,1,1,3,2,1,3,N,NULL,Y,N,1643,1647,1719,N,NULL,70,,0,N,,N,N,098-KY-1426-0,NULL,NULL,2022,O,7.28234E+11,098-KY-1426  -000,HIGH,098-KY-1426  -000,5.392,0,0,0,0,0,0,1,0,0,0,0,0,0
72825585,980100,2.022E+11,20221106,342,,,CHLOE,,RD,KY1460,KY1460,0,098 KY-1460,KY1460,N,N,NULL,NULL,NULL,N,NULL,NULL,NULL,NULL,NULL,NULL,4.775,NULL,NULL,NULL,NULL,,NULL,0,0,1,1,N,N,45,NULL,98,9801,NULL,,Y,37.47806,37,28.683,NULL,-82.51073,82,30.644,NULL,N,NULL,NULL,NULL,NULL,NULL,NULL,NULL,NULL,9,6,2,6,1,1,2,6,7,3,N,NULL,Y,N,342,345,413,Y,NULL,44,,0,Y,,N,N,098-KY-1460-0,NULL,NULL,2022,O,7.28256E+11,098-KY-1460  -000,HIGH,098-KY-1460  -000,4.775,0,0,0,0,0,0,1,0,1,0,0,1,0
72852081,980100,2.023E+11,20230108,1713,,,US119,,,US0119,US0119,0,098 US-119,US0119,N,N,NULL,NULL,NULL,N,NULL,NULL,NULL,NULL,NULL,NULL,2.673,NULL,NULL,NULL,NULL,,NULL,3,0,2,2,N,N,55,NULL,98,9801,NULL,,Y,37.51402,37,30.841,NULL,-82.48752,82,29.251,NULL,N,NULL,NULL,NULL,NULL,NULL,NULL,NULL,NULL,4,3,2,4,1,1,3,3,7,3,N,NULL,Y,Y,1713,1717,1753,N,NULL,70,2,1,N,,N,N,098-US-0119-0,NULL,NULL,2023,C,7.28521E+11,098-US-0119  -000,HIGH,098-US-0119  -000,2.672,0,0,0,0,0,0,0,1,0,0,0,0,0
72841562,980500,2022AR058,20221213,1120,,,COWPEN,,,,,,,,N,N,NULL,NULL,NULL,N,NULL,NULL,NULL,NULL,NULL,NULL,NULL,NULL,NULL,NULL,NULL,NULL,NULL,0,0,2,2,Y,N,55,NULL,98,9807,NULL,,Y,37.53324,37,31.994,NULL,-82.57184,82,34.31,NULL,N,NULL,NULL,NULL,NULL,NULL,NULL,NULL,NULL,7,3,2,6,1,1,2,2,7,3,N,NULL,Y,Y,1120,1120,1120,N,NULL,54,,,N,,N,N,,NULL,NULL,2022,O,7.28416E+11,098-KY-2061  -000,MEDIUM,098-KY-2061  -000,0.321,0,0,0,0,0,0,0,0,0,0,0,1,0
72815220,980100,2.022E+11,20221010,1226,,,PIKE,,ST,,,,,,N,N,NULL,NULL,NULL,N,NULL,NULL,NULL,NULL,NULL,NULL,NULL,NULL,NULL,NULL,NULL,NULL,NULL,0,0,2,2,N,N,25,NULL,98,9801,NULL,,Y,37.48085,37,28.851,NULL,-82.51766,82,31.06,NULL,N,NULL,NULL,NULL,NULL,NULL,NULL,NULL,NULL,2,3,2,6,1,1,2,2,1,3,N,NULL,Y,N,1227,1231,1243,N,NULL,56,,,N,,N,N,,NULL,NULL,2022,O,7.28152E+11,098-CS-1113  -000,MEDIUM,098-CS-1113  -000,0.138,0,0,0,0,0,0,1,0,0,0,0,0,0
72804054,980000,22-09-001,20220902,725,,,US23,,,US0023,US0023,0,098 US-23,US0023,N,N,NULL,NULL,NULL,N,NULL,NULL,NULL,NULL,NULL,NULL,27.543,NULL,NULL,NULL,NULL,,NULL,0,0,2,2,N,N,55,NULL,98,9801,NULL,,Y,37.51157,37,30.694,NULL,-82.55166,82,33.1,NULL,N,NULL,NULL,NULL,NULL,NULL,NULL,NULL,NULL,5,3,6,6,1,1,2,2,1,3,N,NULL,Y,Y,725,725,745,N,NULL,49,,1,N,,N,N,098-US-0023-0,NULL,NULL,2022,O,7.28041E+11,098-US-0023  -000,HIGH,098-US-0023  -000,27.543,0,0,0,0,0,0,0,1,0,1,0,0,0
72809378,980100,2.022E+11,20220926,1332,,,CASSIDY,,BLVD,,,0,098 CS-1191,CS1191,N,N,NULL,NULL,NULL,N,NULL,NULL,NULL,NULL,NULL,NULL,0.225,NULL,NULL,NULL,NULL,,NULL,0,0,2,2,N,N,35,NULL,98,9801,NULL,,Y,37.5043,37,30.258,NULL,-82.53558,82,32.135,NULL,N,NULL,NULL,NULL,NULL,NULL,NULL,NULL,NULL,1,3,4,6,1,1,2,2,1,3,N,NULL,Y,N,1332,1334,,N,NULL,55,,,N,,N,N,098-CS-1191-0,NULL,NULL,2022,O,7.28094E+11,098-CS-1191  -000,HIGH,098-CS-1191  -000,0.225,0,0,0,1,0,0,1,1,0,0,0,0,0
72803453,980100,2.022E+11,20220910,828,,,HUFFMAN,,AVE,,,,,,Y,N,NULL,NULL,NULL,N,NULL,NULL,NULL,NULL,NULL,NULL,0.189,NULL,NULL,NULL,NULL,,NULL,0,0,2,2,Y,Y,15,NULL,98,9801,NULL,,Y,37.47852,37,28.711,NULL,-82.52001,82,31.201,NULL,N,NULL,NULL,NULL,NULL,NULL,NULL,NULL,NULL,2,7,NULL,6,2,1,2,5,1,3,N,NULL,Y,N,828,832,839,N,NULL,90,,,N,,N,N,,NULL,NULL,2022,NULL,7.28035E+11,098-CS-1123  -000,MEDIUM,098-CS-1123  -000,0.189,0,0,0,0,0,0,0,0,0,0,0,0,0
72792762,980100,2.022E+11,20220802,1217,,133,MAYO,S,TRL,,,0,098 CS-1223,CS1223,Y,N,NULL,NULL,NULL,N,NULL,NULL,NULL,NULL,NULL,NULL,NULL,NULL,NULL,NULL,NULL,NULL,NULL,0,0,2,2,N,N,NULL,NULL,98,9801,NULL,,Y,37.47128,37,28.277,NULL,-82.52117,82,31.27,NULL,N,NULL,NULL,NULL,NULL,NULL,NULL,NULL,NULL,2,97,1,6,2,1,2,2,1,3,N,NULL,Y,N,1217,1223,1223,N,NULL,90,,,N,,N,N,098-CS-1223-0,NULL,NULL,2022,O,7.27928E+11,098-CS-1223  -000,HIGH,098-CS-1223  -000,0.136,0,0,0,0,0,0,0,0,0,0,0,0,0
72825479,KSP0900,22-425261,20221104,2309,,,US119,,,US0119,US0119,0,098 US-119,US0119,N,N,NULL,NULL,NULL,N,NULL,NULL,NULL,NULL,NULL,NULL,12.961,NULL,NULL,NULL,NULL,,NULL,0,0,1,1,N,N,55,NULL,98,9833,NULL,,Y,37.60734,37,36.441,NULL,-82.36562,82,21.937,NULL,N,NULL,NULL,NULL,NULL,NULL,NULL,NULL,NULL,9,3,2,6,1,1,2,6,7,3,N,NULL,Y,N,2309,2309,2309,N,NULL,38,2,1,N,,N,N,098-US-0119-0,NULL,NULL,2022,O,7.28255E+11,098-US-0119  -000,HIGH,098-US-0119  -000,12.961,0,0,0,0,0,0,0,0,0,0,0,0,0
72834565,370200,2022439811,20221116,749,,,KY292,,,KY0292,KY0292,0,098 KY-292,KY0292,N,N,NULL,NULL,NULL,N,NULL,NULL,NULL,NULL,NULL,NULL,0.277,NULL,NULL,NULL,NULL,,NULL,1,0,2,2,N,N,45,NULL,98,9893,NULL,,Y,37.63051,37,37.83,NULL,-82.22036,82,13.222,NULL,N,NULL,NULL,NULL,NULL,NULL,NULL,NULL,NULL,8,3,2,6,1,5,3,2,7,3,Y,NULL,Y,Y,816,945,1018,N,NULL,53,8,0,N,,N,N,098-KY-0292-0,NULL,NULL,2022,C,7.28346E+11,098-KY-0292  -000,HIGH,098-KY-0292  -000,0.277,0,1,0,0,0,0,0,1,0,0,0,1,0
72828038,KSP0900,22-428740,20221107,1513,,,US460 TURN LANE,,,US0460,US0460,,,,N,N,NULL,NULL,NULL,N,NULL,NULL,NULL,NULL,NULL,NULL,0.047,NULL,NULL,NULL,NULL,,NULL,1,0,2,2,N,N,55,NULL,98,9847,NULL,,Y,37.38249,37,22.95,NULL,-82.25504,82,15.302,NULL,N,NULL,NULL,NULL,NULL,NULL,NULL,NULL,NULL,5,3,2,1,1,1,2,2,7,3,Y,NULL,Y,Y,1516,1558,1558,N,NULL,70,,1,N,,N,N,,NULL,NULL,2022,C,7.2828E+11,098-US-0460  -021,MEDIUM,098-US-0460  -021,0.047,0,0,0,0,0,0,1,0,0,0,0,0,0
72836742,980100,2.022E+11,20221123,1347,,327,THOMPSON,,RD,,,,,,Y,N,NULL,NULL,NULL,N,NULL,NULL,NULL,NULL,NULL,NULL,0.682,NULL,NULL,NULL,NULL,,NULL,0,0,2,2,N,N,NULL,NULL,98,9801,NULL,,Y,37.50514,37,30.308,NULL,-82.54056,82,32.433,NULL,N,NULL,NULL,NULL,NULL,NULL,NULL,NULL,NULL,1,97,NULL,4,1,1,2,2,5,3,N,NULL,Y,N,1347,1359,1359,N,NULL,90,,,N,,N,N,,NULL,NULL,2022,O,7.28367E+11,098-CS-1215  -000,MEDIUM,098-CS-1215  -000,0.682,0,0,0,0,0,0,1,0,0,0,0,0,0
72804923,980000,2209-002,20220912,1310,,,US 119 NORTH,,,,,,,,N,N,NULL,NULL,NULL,N,NULL,NULL,NULL,NULL,NULL,NULL,NULL,NULL,NULL,NULL,NULL,NULL,NULL,1,0,1,1,N,N,55,NULL,98,9836,NULL,,Y,37.64557,37,38.734,NULL,-82.2674,82,16.044,NULL,N,NULL,NULL,NULL,NULL,NULL,NULL,NULL,NULL,9,3,4,3,1,1,2,2,7,3,Y,NULL,Y,Y,1315,1320,1400,N,NULL,40,2,1,N,,Y,Y,,NULL,NULL,2022,C,7.28049E+11,098-US-0119  -010,MEDIUM,098-US-0119  -000,23.283,0,0,0,0,0,0,0,0,0,0,0,1,0
72795192,980100,2.022E+11,20220818,819,,167,ISLAND CREEK,,RD,,,0,098 CS-1123,CS1123,N,N,NULL,NULL,NULL,N,NULL,NULL,NULL,NULL,NULL,NULL,NULL,NULL,NULL,NULL,NULL,NULL,NULL,0,0,1,1,N,N,25,NULL,98,9801,NULL,,Y,37.47703,37,28.622,NULL,-82.51733,82,31.04,NULL,N,NULL,NULL,NULL,NULL,NULL,NULL,NULL,NULL,9,4,2,3,1,1,2,2,1,3,N,NULL,Y,N,821,823,823,Y,NULL,44,,,N,,N,N,098-CS-1123-0,NULL,NULL,2022,O,7.27952E+11,098-CS-1123  -000,HIGH,098-CS-1123  -000,0.017,0,0,0,0,0,0,0,0,0,0,0,1,0
72740086,980000,22-02-007,20220226,1335,,,MIDDLE,,FRK,,,0,098 CR-1397Q4,CR1397Q4,N,N,NULL,NULL,NULL,N,NULL,NULL,NULL,NULL,NULL,NULL,0.293,NULL,NULL,NULL,NULL,,NULL,2,0,2,2,N,N,35,NULL,98,9843,NULL,,Y,37.64845,37,38.907,NULL,-82.38992,82,23.396,NULL,N,NULL,NULL,NULL,NULL,NULL,NULL,NULL,NULL,3,3,2,5,1,1,3,2,7,3,Y,NULL,Y,Y,1450,1450,1525,N,NULL,52,,,N,,N,N,098-CR-1397Q4-0,NULL,NULL,2022,C,7.27401E+11,098-CR-1397Q4-000,HIGH,098-CR-1397Q4-000,0.293,0,0,1,0,0,0,0,0,0,0,0,1,0
72817711,980100,2.022E+11,20221013,2224,,,US23,,,US0023,US0023,0,098 US-23,US0023,N,Y,US119,,,N,NULL,NULL,NULL,NULL,NULL,NULL,26.282,NULL,NULL,NULL,NULL,,NULL,0,0,2,2,N,N,55,NULL,98,9801,NULL,,Y,37.50364,37,30.219,NULL,-82.53214,82,31.928,NULL,N,NULL,NULL,NULL,NULL,NULL,NULL,NULL,NULL,5,3,4,6,1,1,2,5,6,3,N,NULL,Y,N,2224,2227,2227,N,NULL,35,,1,N,,N,N,098-US-0023-0,NULL,NULL,2022,O,7.28177E+11,098-US-0023  -000,HIGH,098-US-0023  -000,26.282,0,0,1,0,0,0,1,1,0,0,1,0,0
72819707,KSP0900,22-407519,20221022,2100,,,BENT BRANCH,,RD,KY1426,KY1426,0,098 KY-1426,KY1426,N,N,NULL,NULL,NULL,N,NULL,NULL,NULL,NULL,NULL,NULL,17.32,NULL,NULL,NULL,NULL,,NULL,0,0,1,1,N,N,45,NULL,98,9820,NULL,,Y,37.57425,37,34.455,NULL,-82.4268,82,25.608,NULL,N,NULL,NULL,NULL,NULL,NULL,NULL,NULL,NULL,9,3,2,6,1,1,2,6,7,3,N,NULL,Y,N,2100,2100,2100,N,NULL,38,7,0,N,,N,N,098-KY-1426-0,NULL,NULL,2022,O,7.28197E+11,098-KY-1426  -000,HIGH,098-KY-1426  -000,17.32,0,0,0,0,0,0,0,0,0,0,0,0,0
72866050,980500,2023AR005,20230214,1620,,,BROAD BOTTOM,,RD,,,,,,N,Y,MOSSY BOTTOM,,LN,N,NULL,NULL,NULL,NULL,NULL,NULL,0.13,NULL,NULL,NULL,NULL,,NULL,0,0,2,2,N,N,35,NULL,98,9801,NULL,,Y,37.53074,37,31.845,NULL,-82.57911,82,34.747,NULL,N,NULL,NULL,NULL,NULL,NULL,NULL,NULL,NULL,8,3,2,6,1,1,2,2,6,3,N,NULL,Y,Y,1620,1630,1700,N,NULL,19,,,N,,N,N,,NULL,NULL,2023,O,7.28661E+11,098-CR-1419  -000,MEDIUM,098-CR-1419  -000,0.132,0,0,1,0,0,0,1,0,0,0,1,0,0
72880034,980100,2.023E+11,20230322,1357,,320,BYPASS,N,RD,KY1460,KY1460,0,098 KY-1460,KY1460,Y,N,NULL,NULL,NULL,N,NULL,NULL,NULL,NULL,NULL,NULL,5.751,NULL,NULL,NULL,NULL,,NULL,0,0,2,2,N,N,NULL,NULL,98,9801,NULL,,Y,37.48711,37,29.227,NULL,-82.52377,82,31.426,NULL,N,NULL,NULL,NULL,NULL,NULL,NULL,NULL,NULL,2,97,2,6,1,1,2,2,1,3,N,NULL,Y,N,1357,1359,1400,N,NULL,90,16,0,N,,N,N,098-KY-1460-0,NULL,NULL,2023,O,7.288E+11,098-KY-1460  -000,HIGH,098-KY-1460  -000,5.731,0,0,0,1,0,0,1,0,0,0,0,0,0
72802549,KSP0900,22-344873,20220905,1529,,,APPALACHIAN,,PLZ,,,0,098 PR-1008,PR1008,Y,N,NULL,NULL,NULL,N,NULL,NULL,NULL,NULL,NULL,NULL,0.103,NULL,NULL,NULL,NULL,,NULL,0,0,2,2,Y,N,NULL,NULL,98,9834,NULL,,Y,37.66671,37,40.003,NULL,-82.27499,82,16.499,NULL,N,NULL,NULL,NULL,NULL,NULL,NULL,NULL,NULL,2,97,NULL,6,1,5,3,2,1,3,N,NULL,N,N,1529,1532,1532,N,NULL,90,,,N,,N,N,098-PR-1008-0,NULL,NULL,2022,NULL,7.28025E+11,098-PR-1008  -000,HIGH,098-PR-1008  -000,0.103,0,0,0,0,0,0,0,0,0,0,0,0,0
72810027,980100,2.022E+11,20220920,849,,805,HAMBLEY BLVD,,,,,,,,Y,N,NULL,NULL,NULL,N,NULL,NULL,NULL,NULL,NULL,NULL,NULL,NULL,NULL,NULL,NULL,NULL,NULL,0,0,2,2,N,N,15,NULL,98,9801,NULL,,Y,37.47831,37,28.699,NULL,-82.51994,82,31.196,NULL,N,NULL,NULL,NULL,NULL,NULL,NULL,NULL,NULL,2,97,NULL,6,2,1,2,2,1,3,N,NULL,Y,N,849,855,857,N,NULL,90,,,N,,N,N,,NULL,NULL,2022,O,7.281E+11,098-CS-1123  -000,MEDIUM,098-CS-1123  -000,0.184,0,0,1,0,0,0,1,0,0,0,0,0,0
72811757,KSP0900,22-371922,20220925,1421,,,US23,,,US0023,US0023,0,098 US-23-10,US0023,N,N,NULL,NULL,NULL,N,NULL,NULL,NULL,NULL,NULL,NULL,29.022,NULL,NULL,NULL,NULL,,NULL,0,0,2,2,Y,N,15,NULL,98,9807,NULL,,Y,37.52398,37,31.439,NULL,-82.57243,82,34.345,NULL,N,NULL,NULL,NULL,NULL,NULL,NULL,NULL,NULL,5,7,4,6,1,1,2,2,4,3,N,NULL,Y,N,1421,1440,1440,N,NULL,47,,1,N,,N,N,098-US-0023-10,NULL,NULL,2022,NULL,7.28118E+11,098-US-0023  -010,HIGH,098-US-0023  -000,29.022,0,0,0,0,0,0,0,0,0,0,0,0,0
72811788,KSP0900,22-380887,20221002,1008,,605,TOLER,,RD,KY0319,KY0319,0,098 KY-319,KY0319,N,N,NULL,NULL,NULL,N,NULL,NULL,NULL,NULL,NULL,NULL,6.464,NULL,NULL,NULL,NULL,,NULL,1,0,2,2,N,N,45,NULL,98,9842,NULL,,Y,37.63703,37,38.222,NULL,-82.25228,82,15.137,NULL,N,NULL,NULL,NULL,NULL,NULL,NULL,NULL,NULL,1,4,2,3,1,5,6,2,7,3,Y,NULL,Y,Y,1011,1034,1100,Y,NULL,40,7,0,N,,N,N,098-KY-0319-0,NULL,NULL,2022,B,7.28118E+11,098-KY-0319  -000,HIGH,098-KY-0319  -000,6.464,0,0,0,1,0,0,0,0,0,0,0,1,0
72742950,KSP0900,22-10264,20220321,1050,,,US23,,,US0023,US0023,0,098 US-23,US0023,N,N,NULL,NULL,NULL,N,NULL,NULL,NULL,NULL,NULL,NULL,15.078,NULL,NULL,NULL,NULL,,NULL,0,0,1,1,N,N,55,NULL,98,9801,2,S,N,37.39708,37,23.825,NULL,-82.52785,82,31.671,NULL,N,NULL,NULL,NULL,NULL,NULL,NULL,NULL,NULL,9,3,4,1,1,1,2,2,7,3,N,NULL,N,N,1104,1121,1104,N,NULL,38,,1,N,,N,N,098-US-0023-0,NULL,NULL,2022,O,7.2743E+11,098-US-0023  -000,HIGH,098-US-0023  -000,15.078,0,0,0,0,0,0,0,0,0,0,0,0,0
72832643,KSP0900,22-441353,20221117,1253,,,WILLIAMSON,,RD,KY0292,KY0292,0,098 KY-292,KY0292,N,N,NULL,NULL,NULL,N,NULL,NULL,NULL,NULL,NULL,NULL,8.768,NULL,NULL,NULL,NULL,,NULL,0,0,1,1,N,N,45,NULL,98,9826,NULL,,Y,37.69772,37,41.863,NULL,-82.30174,82,18.104,NULL,N,NULL,NULL,NULL,NULL,NULL,NULL,NULL,NULL,9,3,2,6,1,1,2,2,7,3,N,NULL,N,N,1253,1320,1400,Y,NULL,44,7,0,N,,N,N,098-KY-0292-0,NULL,NULL,2022,O,7.28326E+11,098-KY-0292  -000,HIGH,098-KY-0292  -000,8.768,0,0,0,0,0,0,0,0,0,0,0,1,0
72895857,KSP0900,23-166771,20230502,2355,,,KY194,,,KY0194,KY0194,0,098 KY-194,KY0194,N,N,NULL,NULL,NULL,N,NULL,NULL,NULL,NULL,NULL,NULL,16.871,NULL,NULL,NULL,NULL,,NULL,4,0,2,2,N,N,55,NULL,98,9820,NULL,,Y,37.56433,37,33.86,NULL,-82.44183,82,26.51,NULL,N,NULL,NULL,NULL,NULL,NULL,NULL,NULL,NULL,7,3,2,6,1,1,2,6,7,3,Y,NULL,Y,Y,2355,7,45,N,NULL,54,7,0,N,,N,N,098-KY-0194-0,NULL,NULL,2023,A,7.28959E+11,098-KY-0194  -000,HIGH,098-KY-0194  -000,16.872,0,0,0,0,0,0,0,0,0,0,0,1,0
72896456,980500,2023AR019,20230504,1246,,69,WEDDINGTON BRANCH,,RD,,,0,098 CS-3026,CS3026,Y,N,NULL,NULL,NULL,N,NULL,NULL,NULL,NULL,NULL,NULL,NULL,NULL,NULL,NULL,NULL,NULL,NULL,0,0,2,2,Y,N,NULL,NULL,98,9807,NULL,,Y,37.52275,37,31.365,NULL,-82.57023,82,34.214,NULL,N,NULL,NULL,NULL,NULL,NULL,NULL,NULL,NULL,1,97,NULL,6,1,1,2,2,1,3,N,NULL,Y,Y,1246,1246,1246,N,NULL,90,,,N,,N,N,098-CS-3026-0,NULL,NULL,2023,NULL,7.28965E+11,098-CS-3026  -000,HIGH,098-CS-3026  -000,0.029,0,0,0,0,0,0,0,0,0,0,0,0,0
72872960,KSP0900,23-80034,20230302,803,,,LITTLE,,CRK,,,0,098 CR-1276,CR1276,N,N,NULL,NULL,NULL,N,NULL,NULL,NULL,NULL,NULL,NULL,0.232,NULL,NULL,NULL,NULL,,NULL,0,1,1,1,N,N,35,NULL,98,9801,NULL,,Y,37.39022,37,23.413,NULL,-82.51984,82,31.19,NULL,N,NULL,NULL,NULL,NULL,NULL,NULL,NULL,NULL,9,3,1,6,1,5,3,2,6,3,N,NULL,Y,Y,803,812,900,N,NULL,40,,,N,,N,N,098-CR-1276-0,NULL,NULL,2023,K,7.2873E+11,098-CR-1276  -000,HIGH,098-CR-1276  -000,0.234,0,0,0,0,0,0,0,0,0,0,0,1,0
72806654,KSP0900,22-337419,20220831,1400,,,KY194,,,KY0194,KY0194,0,098 KY-194,KY0194,N,Y,KY1426,,,N,NULL,NULL,NULL,NULL,NULL,NULL,16.857,NULL,NULL,NULL,NULL,,NULL,4,0,2,2,N,N,55,NULL,98,9820,NULL,,Y,37.56455,37,33.873,NULL,-82.44209,82,26.526,NULL,N,NULL,NULL,NULL,NULL,NULL,NULL,NULL,NULL,1,3,2,3,1,1,2,2,7,3,Y,NULL,Y,Y,1403,1415,1530,N,NULL,10,7,0,N,,N,N,098-KY-0194-0,NULL,NULL,2022,B,7.28067E+11,098-KY-0194  -000,HIGH,098-KY-0194  -000,16.857,0,0,0,0,0,0,1,1,0,0,1,0,0
72819378,KSP0900,22-405967,20221021,1758,,,BANK,,LN,,,0,098 CR-1833C,CR1833C,Y,N,NULL,NULL,NULL,N,NULL,NULL,NULL,NULL,NULL,NULL,0.018,NULL,NULL,NULL,NULL,,NULL,0,0,1,1,N,Y,NULL,NULL,98,9804,NULL,,Y,37.51993,37,31.196,NULL,-82.15468,82,9.28,NULL,N,NULL,NULL,NULL,NULL,NULL,NULL,NULL,NULL,9,97,NULL,6,1,1,2,2,1,3,N,NULL,Y,N,1804,1835,1835,Y,NULL,90,,,N,,N,N,098-CR-1833C-0,NULL,NULL,2022,O,7.28194E+11,098-CR-1833C -000,HIGH,098-CR-1833C -000,0.018,0,0,0,0,0,0,0,0,0,0,0,0,0
72829542,KSP0900,22-435109,20221112,430,,,FOREST HILLS,,RD,KY0308,KY0308,0,098 KY-308,KY0308,N,N,NULL,NULL,NULL,N,NULL,NULL,NULL,NULL,NULL,NULL,0.229,NULL,NULL,NULL,NULL,,NULL,1,0,2,2,N,N,35,NULL,98,9836,NULL,,Y,37.62861,37,37.717,NULL,-82.29785,82,17.871,NULL,N,NULL,NULL,NULL,NULL,NULL,NULL,NULL,NULL,3,3,2,3,1,5,10,6,7,3,N,NULL,Y,Y,430,430,430,N,NULL,52,8,0,N,,N,N,098-KY-0308-0,NULL,NULL,2022,B,7.28295E+11,098-KY-0308  -000,HIGH,098-KY-0308  -000,0.229,0,0,0,0,0,0,0,0,0,0,0,1,0