MasterFile,AgencyORINumber,LocalCode,CollisionDate,CollisionTime,CollisionDayWeekCode,RoadwayName_HouseBusinessNumber_,RoadwayName_RoadwayName_,RoadwayName_Direction_,RoadwayName_RoadwaySuffix_,RoadwayfromReport,CurrentRoadwayNumber,RoadwayNumberCoupletID,RSEUniqueGIS,RoadwayIdentifier,ParkingLotIndicator,IntersectionWith_Indicator_,IntersectionWith_NameRoadway_,IntersectionWith_Direction_,IntersectionWith_RoadwaySuffix_,BetweenStreets_Indicator_,BetweenStreets1_NameRoadway_,BetweenStreet1_Direction_,BetweenStreets1_RoadwaySuffix_,BetweenStreets2_NameRoadway_,BetweenStreets2_Direction_,BetweenStreets2_RoadwaySuffix_,Milepoint,ReportMilepointDeriveNumber,CurrentDerivedMiepointNumber,MilestoMilepoint,FeettoMilepoint,DirectionfromMilepoint_NSEW_,ValidMilepointIndicator,NumberInjured,NumberKilled,ofUnits,ofMotorVehicleUnits,Hit&RunIndicator,OneWayIndicator,SpeedLimitNumber,KilometersIndicator,CountyCode,CityCountyCode,MilesFromCity,DirectionFromCity_NSEW_,InCityLimitsIndicator,Latitude,LatitudeDegrees,LatitudeMinutes,LatitudeSeconds,Longitude,LongitudeDegrees,LongitudeMinutes,LongitudeSeconds,RampIndicator,RampFromIdentifier,RampFromDirCode,RampFromCoupletID,RSEUniqueGISRampFrom,RampToidentifier,RampToDirCode,RampToCoupletID,RSEUniqueGisRampTo,MannerofCollisionCode,LocationFirstEventCode,TotalLanes,RoadwayCharacterCode,RoadwaySurfaceCode,RoadwayConditionCode,WeatherCode,LightConditionCode,LandUseCode,SchoolBusRelatedCode,FirstAidSceneIndicator,CollDescPresentInd,InvestigationCompleteIndicator,PhotosTakenIndicator,TimeNotified,TimeArrived,TimeRoadwayOpened,PropertyDamageIndicator,DiagramPresentIndicator,DirectionalAnalysis,FunctionClassCode,NationalHwySysCode,EnforcementsIndicator,KARSCityCode,SecondaryCollisionIndicator,MedianCrossoverIndicator,RT_UNIQUE,MapIt,TimeLastLeft,YR,KABCO,MFNY,WorkingRID,RT_CONFIDENCE,KTC_RT,KTC_MP,Motorcyclist,CommercialVehicle,YoungDriver,MatureDriver,pedestrian,Bicyclist,Distracted,agressive,Impaired,Unrestrained,Intersection,RoadwayDeparture,MedXover
72817966,KSP0900,22-398256,20221015,1814,,,BARRENSHEE,,CRK,,,0,098 CR-1847,CR1847,N,N,NULL,NULL,NULL,N,NULL,NULL,NULL,NULL,NULL,NULL,0.795,NULL,NULL,NULL,NULL,,NULL,0,0,2,2,N,N,25,NULL,98,9811,NULL,,Y,37.54319,37,32.592,NULL,-82.13618,82,8.171,NULL,N,NULL,NULL,NULL,NULL,NULL,NULL,NULL,NULL,6,3,1,6,1,1,2,3,7,3,N,NULL,Y,N,1814,1814,1814,N,NULL,70,,,N,,N,N,098-CR-1847-0,NULL,NULL,2022,O,7.2818E+11,098-CR-1847  -000,HIGH,098-CR-1847  -000,0.795,0,0,0,0,0,0,0,0,0,0,0,0,0
72726306,KSP0900,22-37514,20220131,1406,,,KY194,,,KY0194,KY0194,0,098 KY-194,KY0194,N,N,NULL,NULL,NULL,N,NULL,NULL,NULL,NULL,NULL,NULL,60.321,NULL,NULL,NULL,NULL,,NULL,0,0,2,2,N,N,35,NULL,98,9804,NULL,,Y,37.5644,37,33.864,NULL,-82.14588,82,8.753,NULL,N,NULL,NULL,NULL,NULL,NULL,NULL,NULL,NULL,7,3,2,3,1,1,2,2,7,3,N,NULL,Y,N,1406,1440,1440,N,NULL,54,7,0,N,,N,N,098-KY-0194-0,NULL,NULL,2022,O,7.27263E+11,098-KY-0194  -000,HIGH,098-KY-0194  -000,60.321,0,0,0,0,0,0,0,0,0,0,0,1,0
72772765,980100,2.022E+11,20220602,1036,,,BYPASS,S,RD,KY1426,KY1426,0,098 KY-1426,KY1426,Y,N,NULL,NULL,NULL,N,NULL,NULL,NULL,NULL,NULL,NULL,5.673,NULL,NULL,NULL,NULL,,NULL,0,0,2,2,N,N,15,NULL,98,9801,NULL,,Y,37.47269,37,28.362,NULL,-82.52315,82,31.389,NULL,N,NULL,NULL,NULL,NULL,NULL,NULL,NULL,NULL,8,97,1,6,1,1,2,2,1,3,N,NULL,Y,N,1036,1039,1039,N,NULL,90,,0,N,,N,N,098-KY-1426-0,NULL,NULL,2022,O,7.27728E+11,098-KY-1426  -000,HIGH,098-KY-1426  -000,5.673,0,0,0,1,0,0,1,0,0,0,0,0,0
72810031,KSP0900,22-375427,20220928,700,,,FOREST HILLS,,RD,KY0308,KY0308,0,098 KY-308,KY0308,N,N,NULL,NULL,NULL,N,NULL,NULL,NULL,NULL,NULL,NULL,2.287,NULL,NULL,NULL,NULL,,NULL,0,0,1,1,N,N,35,NULL,98,9885,NULL,,Y,37.64377,37,38.626,NULL,-82.27225,82,16.335,NULL,N,NULL,NULL,NULL,NULL,NULL,NULL,NULL,NULL,9,3,2,2,1,1,10,1,7,3,N,NULL,Y,N,725,735,845,N,NULL,44,8,0,N,,N,N,098-KY-0308-0,NULL,NULL,2022,O,7.281E+11,098-KY-0308  -000,HIGH,098-KY-0308  -000,2.287,0,0,0,0,0,0,1,0,0,0,0,1,0
72834958,980100,2.022E+11,20221128,1734,,,CASSIDY,,BLVD,,,0,098 CS-1191,CS1191,Y,N,NULL,NULL,NULL,N,NULL,NULL,NULL,NULL,NULL,NULL,0.227,NULL,NULL,NULL,NULL,,NULL,0,0,2,2,N,N,15,NULL,98,9801,NULL,,Y,37.50433,37,30.26,NULL,-82.53561,82,32.137,NULL,N,NULL,NULL,NULL,NULL,NULL,NULL,NULL,NULL,2,97,2,6,1,1,3,5,1,3,N,NULL,Y,N,1734,1742,1742,N,NULL,90,,,N,,N,N,098-CS-1191-0,NULL,NULL,2022,O,7.2835E+11,098-CS-1191  -000,HIGH,098-CS-1191  -000,0.227,0,0,0,0,0,0,1,0,0,0,0,0,0
72880250,KSP0900,23-115473,20230326,2030,,,KY1426,,,KY1426,KY1426,0,098 KY-1426,KY1426,N,N,NULL,NULL,NULL,N,NULL,NULL,NULL,NULL,NULL,NULL,16.576,NULL,NULL,NULL,NULL,,NULL,0,0,1,1,N,N,45,NULL,98,9820,NULL,,Y,37.57233,37,34.34,NULL,-82.44145,82,26.487,NULL,N,NULL,NULL,NULL,NULL,NULL,NULL,NULL,NULL,9,3,2,3,1,1,2,6,6,3,N,NULL,Y,N,2030,2038,2038,N,NULL,38,7,0,N,,N,N,098-KY-1426-0,NULL,NULL,2023,O,7.28803E+11,098-KY-1426  -000,HIGH,098-KY-1426  -000,16.591,0,0,0,0,0,0,0,0,0,0,0,0,0
72760516,980100,2.022E+11,20220423,306,,,HAMBLEY,,BLVD,,,0,098 CS-1222,CS1222,N,N,NULL,NULL,NULL,N,NULL,NULL,NULL,NULL,NULL,NULL,0.705,NULL,NULL,NULL,NULL,,NULL,0,0,1,1,N,N,25,NULL,98,9801,NULL,,Y,37.48112,37,28.867,NULL,-82.5189,82,31.134,NULL,N,NULL,NULL,NULL,NULL,NULL,NULL,NULL,NULL,9,3,2,3,1,1,2,5,7,3,N,NULL,N,N,306,306,329,Y,NULL,70,,,Y,,N,N,098-CS-1222-0,NULL,NULL,2022,O,7.27605E+11,098-CS-1222  -000,HIGH,098-CS-1222  -000,0.705,0,0,0,0,0,0,0,0,1,0,0,0,0
72737433,KSP0900,22-80040,20220304,1815,,,US119,,,US0119,US0119,0,098 US-119,US0119,N,N,NULL,NULL,NULL,N,NULL,NULL,NULL,NULL,NULL,NULL,6.842,NULL,NULL,NULL,NULL,,NULL,0,0,1,1,N,N,55,NULL,98,9801,NULL,,Y,37.5473,37,32.838,NULL,-82.43834,82,26.3,NULL,N,NULL,NULL,NULL,NULL,NULL,NULL,NULL,NULL,9,3,2,6,1,1,2,2,7,3,N,NULL,Y,N,1818,1830,1843,N,NULL,44,2,1,N,,N,N,098-US-0119-0,NULL,NULL,2022,O,7.27374E+11,098-US-0119  -000,HIGH,098-US-0119  -000,6.842,0,0,1,0,0,0,1,0,0,0,0,1,0
72760038,KSP0900,22-172386,20220510,1258,,,US119,N,,US0119,US0119,,,,Y,N,NULL,NULL,NULL,N,NULL,NULL,NULL,NULL,NULL,NULL,24.805,NULL,NULL,NULL,NULL,,NULL,2,0,2,2,N,N,45,NULL,98,9834,NULL,,Y,37.66599,37,39.959,NULL,-82.27497,82,16.498,NULL,N,NULL,NULL,NULL,NULL,NULL,NULL,NULL,NULL,5,97,1,6,1,1,2,2,7,3,N,NULL,Y,Y,1258,1305,1305,N,NULL,90,2,1,N,,N,N,,NULL,NULL,2022,C,7.276E+11,098-US-0119  -000,MEDIUM,098-US-0119  -000,24.805,0,0,0,1,0,0,0,0,0,0,0,0,0
72751204,980100,2.022E+11,20220414,1646,,,US23,,,US0023,US0023,0,098 US-23-10,US0023,N,N,NULL,NULL,NULL,N,NULL,NULL,NULL,NULL,NULL,NULL,26.365,NULL,NULL,NULL,NULL,,NULL,0,0,1,1,N,N,55,NULL,98,9801,NULL,,Y,37.50478,37,30.287,NULL,-82.53254,82,31.953,NULL,N,NULL,NULL,NULL,NULL,NULL,NULL,NULL,NULL,9,3,4,6,1,1,2,2,7,3,N,NULL,Y,N,1646,1657,1704,N,NULL,70,,1,N,,N,N,098-US-0023-10,NULL,NULL,2022,O,7.27512E+11,098-US-0023  -010,HIGH,098-US-0023  -000,26.365,1,0,0,0,0,0,0,0,0,0,0,1,0
72825219,980100,2.022E+11,20221105,230,,,US23,,,US0023,US0023,0,098 US-23,US0023,N,N,NULL,NULL,NULL,N,NULL,NULL,NULL,NULL,NULL,NULL,27.034,NULL,NULL,NULL,NULL,,NULL,0,0,1,1,N,N,55,NULL,98,9801,NULL,,Y,37.51046,37,30.628,NULL,-82.54188,82,32.513,NULL,N,NULL,NULL,NULL,NULL,NULL,NULL,NULL,NULL,9,3,4,6,1,1,3,6,1,3,N,NULL,Y,N,230,238,238,N,NULL,38,,1,N,,N,N,098-US-0023-0,NULL,NULL,2022,O,7.28252E+11,098-US-0023  -000,HIGH,098-US-0023  -000,27.034,0,0,0,0,0,0,0,0,0,0,0,0,0
72776816,KSP0900,22-235657,20220622,1405,,,US23,,,US0023,US0023,0,098 US-23,US0023,N,N,NULL,NULL,NULL,N,NULL,NULL,NULL,NULL,NULL,NULL,14.524,NULL,NULL,NULL,NULL,,NULL,1,0,1,1,N,N,55,NULL,98,9801,NULL,,Y,37.39158,37,23.495,NULL,-82.53264,82,31.958,NULL,N,NULL,NULL,NULL,NULL,NULL,NULL,NULL,NULL,9,3,4,6,1,1,2,2,7,3,N,NULL,Y,Y,1405,1420,1420,N,NULL,70,,1,Y,,N,Y,098-US-0023-0,NULL,NULL,2022,B,7.27768E+11,098-US-0023  -000,HIGH,098-US-0023  -000,14.524,0,0,0,0,0,0,0,0,1,0,0,1,0
72864751,KSP0900,23-55319,20230212,1541,,,PMC PRIMARY CARE PARKING LOT,,,,,,,,Y,N,NULL,NULL,NULL,N,NULL,NULL,NULL,NULL,NULL,NULL,NULL,NULL,NULL,NULL,NULL,NULL,NULL,0,0,1,1,N,N,15,NULL,98,9801,NULL,,Y,37.46937,37,28.162,NULL,-82.52048,82,31.229,NULL,N,NULL,NULL,NULL,NULL,NULL,NULL,NULL,NULL,9,97,NULL,6,1,5,3,2,1,3,N,NULL,Y,Y,1555,1605,1605,N,NULL,90,,,N,,N,N,,NULL,NULL,2023,O,7.28648E+11,098-CS-1227  -000,MEDIUM,098-CS-1227  -000,0.089,0,0,0,0,0,0,1,0,0,1,0,1,0
72810821,980100,2.022E+11,20220928,1353,,,OWSLEY,,RD,KY1384,KY1384,0,098 KY-1384,KY1384,N,N,NULL,NULL,NULL,N,NULL,NULL,NULL,NULL,NULL,NULL,6.779,NULL,NULL,NULL,NULL,,NULL,0,0,2,2,Y,N,45,NULL,98,9801,NULL,,Y,37.47914,37,28.749,NULL,-82.5433,82,32.598,NULL,N,NULL,NULL,NULL,NULL,NULL,NULL,NULL,NULL,8,3,4,6,1,1,2,2,7,3,N,NULL,Y,N,1353,1355,1355,N,NULL,53,17,0,Y,,N,N,098-KY-1384-0,NULL,NULL,2022,O,7.28108E+11,098-KY-1384  -000,HIGH,098-KY-1384  -000,6.779,0,0,0,0,0,0,1,0,0,0,0,1,0
72808494,KSP0900,22-369699,20220923,1909,,,FISHTRAP,,RD,KY1441,KY1441,0,098 KY-1441,KY1441,N,N,NULL,NULL,NULL,N,NULL,NULL,NULL,NULL,NULL,NULL,11.773,NULL,NULL,NULL,NULL,,NULL,0,0,1,1,N,N,45,NULL,98,9850,NULL,,Y,37.53495,37,32.097,NULL,-82.46522,82,27.913,NULL,N,NULL,NULL,NULL,NULL,NULL,NULL,NULL,NULL,9,5,2,6,1,1,2,2,7,3,N,NULL,Y,N,1910,1927,1930,N,NULL,44,8,0,N,,N,N,098-KY-1441-0,NULL,NULL,2022,O,7.28085E+11,098-KY-1441  -000,HIGH,098-KY-1441  -000,11.773,0,0,0,0,0,0,1,0,0,0,0,1,0
72792341,KSP0900,22-284777,20220726,1504,,,LITTLE ROBINSON CREEK,,RD,KY3415,KY3415,0,098 KY-3415,KY3415,N,N,NULL,NULL,NULL,N,NULL,NULL,NULL,NULL,NULL,NULL,2.086,NULL,NULL,NULL,NULL,,NULL,1,0,2,2,N,N,45,NULL,98,9827,NULL,,Y,37.36911,37,22.146,NULL,-82.61795,82,37.077,NULL,N,NULL,NULL,NULL,NULL,NULL,NULL,NULL,NULL,7,3,2,6,1,5,6,2,7,3,N,NULL,Y,Y,1504,1518,1545,N,NULL,54,9,0,N,,N,N,098-KY-3415-0,NULL,NULL,2022,C,7.27923E+11,098-KY-3415  -000,HIGH,098-KY-3415  -000,2.086,0,0,0,1,0,0,0,1,0,0,0,1,0
72768625,KSP0900,22-204315,20220601,1158,,,US460,,,US0460,US0460,0,098 US-460,US0460,N,N,NULL,NULL,NULL,N,NULL,NULL,NULL,NULL,NULL,NULL,5.939,NULL,NULL,NULL,NULL,,NULL,0,0,2,2,N,N,55,NULL,98,9801,5,SE,N,37.40426,37,24.256,NULL,-82.43558,82,26.134,NULL,N,NULL,NULL,NULL,NULL,NULL,NULL,NULL,NULL,5,3,2,6,1,1,2,2,7,3,N,NULL,Y,N,1200,1208,1234,N,NULL,49,,1,N,,N,N,098-US-0460-0,NULL,NULL,2022,O,7.27686E+11,098-US-0460  -000,HIGH,098-US-0460  -000,5.939,0,0,0,0,0,0,1,0,0,0,0,0,0
72815370,980100,2.022E+11,20221008,1756,,,SCOTT,,AVE,,,,,,Y,N,NULL,NULL,NULL,N,NULL,NULL,NULL,NULL,NULL,NULL,0.084,NULL,NULL,NULL,NULL,,NULL,0,0,2,2,N,N,NULL,NULL,98,9801,NULL,,Y,37.48276,37,28.966,NULL,-82.51668,82,31.001,NULL,N,NULL,NULL,NULL,NULL,NULL,NULL,NULL,NULL,2,97,NULL,6,1,1,2,2,6,3,N,NULL,Y,N,1756,1803,1803,N,NULL,90,,,N,,N,N,,NULL,NULL,2022,O,7.28154E+11,098-CS-1116  -000,MEDIUM,098-CS-1116  -000,0.084,0,0,0,0,0,0,1,0,0,0,0,0,0
72829514,KSP0900,22-428910,20221107,1700,,,US119,,,US0119,US0119,0,098 US-119,US0119,N,N,NULL,NULL,NULL,N,NULL,NULL,NULL,NULL,NULL,NULL,12.558,NULL,NULL,NULL,NULL,,NULL,1,0,2,2,N,N,55,NULL,98,9820,NULL,,Y,37.60283,37,36.17,NULL,-82.37001,82,22.201,NULL,N,NULL,NULL,NULL,NULL,NULL,NULL,NULL,NULL,5,3,2,5,1,1,2,2,7,3,N,NULL,Y,Y,1700,1700,1700,N,NULL,49,2,1,N,,N,N,098-US-0119-0,NULL,NULL,2022,B,7.28295E+11,098-US-0119  -000,HIGH,098-US-0119  -000,12.558,0,0,0,0,0,0,0,0,0,0,0,0,0
72855829,980100,2.023E+11,20230113,1133,,,ISLAND CREEK,,RD,KY1426,KY1426,0,098 KY-1426,KY1426,N,N,NULL,NULL,NULL,N,NULL,NULL,NULL,NULL,NULL,NULL,NULL,NULL,NULL,NULL,NULL,NULL,NULL,0,0,1,1,N,N,35,NULL,98,9801,NULL,,Y,37.45238,37,27.143,NULL,-82.53516,82,32.11,NULL,N,NULL,NULL,NULL,NULL,NULL,NULL,NULL,NULL,9,5,2,3,1,5,6,2,7,3,N,NULL,Y,N,1202,1202,1242,N,NULL,44,8,0,Y,,N,N,098-KY-1426-0,NULL,NULL,2023,O,7.28558E+11,098-KY-1426  -000,HIGH,098-KY-1426  -000,3.662,0,0,0,0,0,0,0,0,1,0,0,1,0
72806035,980100,2.022E+11,20220917,1127,,215,CASSIDY,,BLVD,,,,,,Y,N,NULL,NULL,NULL,N,NULL,NULL,NULL,NULL,NULL,NULL,0.281,NULL,NULL,NULL,NULL,,NULL,0,0,2,2,N,N,NULL,NULL,98,9801,NULL,,Y,37.50487,37,30.292,NULL,-82.53645,82,32.187,NULL,N,NULL,NULL,NULL,NULL,NULL,NULL,NULL,NULL,2,97,NULL,6,1,1,2,2,5,3,N,NULL,Y,N,1127,1135,1135,N,NULL,90,,,N,,N,N,,NULL,NULL,2022,O,7.2806E+11,098-CS-1191  -000,LOW,098-CS-1191  -000,0.281,0,0,0,0,0,0,1,0,0,0,0,1,0
72806720,370200,2022363555,20220919,830,,,US23,,,US0023,US0023,0,098 US-23-10,US0023,N,N,NULL,NULL,NULL,N,NULL,NULL,NULL,NULL,NULL,NULL,0.089,NULL,NULL,NULL,NULL,,NULL,0,0,1,1,N,N,55,NULL,98,9809,NULL,,Y,37.24173,37,14.504,NULL,-82.62124,82,37.274,NULL,N,NULL,NULL,NULL,NULL,NULL,NULL,NULL,NULL,9,3,4,4,1,1,3,2,7,3,N,NULL,Y,N,833,900,900,Y,NULL,70,,1,N,,N,N,098-US-0023-10,NULL,NULL,2022,O,7.28067E+11,098-US-0023  -010,HIGH,098-US-0023  -000,0.089,0,1,0,0,0,0,0,0,0,0,0,0,0
72738949,980100,2.022E+11,20220305,2001,,,US23,,,US0023,US0023,0,098 US-23,US0023,N,N,NULL,NULL,NULL,N,NULL,NULL,NULL,NULL,NULL,NULL,12.469,NULL,NULL,NULL,NULL,,NULL,1,0,1,1,N,N,35,NULL,98,9801,6,S,N,37.36767,37,22.06,NULL,-82.54806,82,32.883,NULL,N,NULL,NULL,NULL,NULL,NULL,NULL,NULL,NULL,9,5,4,3,1,1,2,6,7,3,Y,NULL,Y,Y,2001,2001,2031,N,NULL,40,,1,N,,N,N,098-US-0023-0,NULL,NULL,2022,B,7.27389E+11,098-US-0023  -000,HIGH,098-US-0023  -000,12.469,0,0,0,0,0,0,0,0,0,1,0,1,0
72815242,KSP0900,22-390276,20221009,1233,,,MOUNTAIN VIEW,,RD,,,0,098 CR-1505A,CR1505A,N,N,NULL,NULL,NULL,N,NULL,NULL,NULL,NULL,NULL,NULL,0.024,NULL,NULL,NULL,NULL,,NULL,0,0,2,2,N,N,20,NULL,98,9814,NULL,,Y,37.60458,37,36.275,NULL,-82.27261,82,16.357,NULL,N,NULL,NULL,NULL,NULL,NULL,NULL,NULL,NULL,1,3,1,6,1,1,2,2,7,3,N,NULL,Y,N,1233,1233,1233,N,NULL,55,,,N,,N,N,098-CR-1505A-0,NULL,NULL,2022,O,7.28152E+11,098-CR-1505A -000,HIGH,098-CR-1505A -000,0.024,0,0,0,1,0,0,0,0,0,0,0,0,0
72795151,980100,2.022E+11,20220812,1413,,,VERA,,DR,,,0,098 CR-1373,CR1373,N,N,NULL,NULL,NULL,N,NULL,NULL,NULL,NULL,NULL,NULL,0.001,NULL,NULL,NULL,NULL,,NULL,0,0,2,1,N,N,25,NULL,98,9801,NULL,,Y,37.50557,37,30.334,NULL,-82.54198,82,32.519,NULL,N,NULL,NULL,NULL,NULL,NULL,NULL,NULL,NULL,9,3,2,6,1,1,2,2,7,3,N,NULL,Y,N,1415,1425,1539,N,NULL,91,,,N,,N,N,098-CR-1373-0,NULL,NULL,2022,O,7.27952E+11,098-CR-1373  -000,MEDIUM,098-CR-1373  -000,0.001,0,0,0,0,0,0,0,0,0,0,0,0,0
72815412,KSP0900,22-384074,20221004,1820,,,KY194,,,KY0194,KY0194,0,098 KY-194,KY0194,N,N,NULL,NULL,NULL,N,NULL,NULL,NULL,NULL,NULL,NULL,57.036,NULL,NULL,NULL,NULL,,NULL,0,0,2,2,N,N,35,NULL,98,9811,NULL,,Y,37.53174,37,31.904,NULL,-82.16264,82,9.758,NULL,N,NULL,NULL,NULL,NULL,NULL,NULL,NULL,NULL,1,3,2,3,1,1,2,2,7,3,N,NULL,Y,N,1820,1820,1820,N,NULL,55,7,0,N,,N,N,098-KY-0194-0,NULL,NULL,2022,O,7.28154E+11,098-KY-0194  -000,HIGH,098-KY-0194  -000,57.036,0,0,0,0,0,0,0,0,0,0,0,0,0
72781521,980100,2.022E+11,20220709,1634,,997,KY1426,,,KY1426,KY1426,0,098 KY-1426,KY1426,Y,N,NULL,NULL,NULL,N,NULL,NULL,NULL,NULL,NULL,NULL,8.908,NULL,NULL,NULL,NULL,,NULL,0,0,2,2,Y,N,55,NULL,98,9801,NULL,,Y,37.50397,37,30.239,NULL,-82.48933,82,29.359,NULL,N,NULL,NULL,NULL,NULL,NULL,NULL,NULL,NULL,5,97,2,3,1,5,6,2,5,3,N,NULL,Y,Y,1634,1642,1642,N,NULL,90,,0,N,,N,N,098-KY-1426-0,NULL,NULL,2022,O,7.27815E+11,098-KY-1426  -000,HIGH,098-KY-1426  -000,8.908,0,0,0,0,0,0,0,0,0,0,0,0,0
72838194,980100,2.022E+11,20221201,1114,,,DIVISION,,ST,,,0,098 CS-1130,CS1130,Y,N,NULL,NULL,NULL,N,NULL,NULL,NULL,NULL,NULL,NULL,NULL,NULL,NULL,NULL,NULL,NULL,NULL,0,0,2,2,N,N,NULL,NULL,98,9801,NULL,,Y,37.48044,37,28.826,NULL,-82.5189,82,31.134,NULL,N,NULL,NULL,NULL,NULL,NULL,NULL,NULL,NULL,2,97,1,6,1,1,2,2,1,3,N,NULL,Y,N,1114,1117,1135,N,NULL,90,,,N,,N,N,098-CS-1130-0,NULL,NULL,2022,O,7.28382E+11,098-CS-1130  -000,HIGH,098-CS-1130  -000,0.01,0,0,0,0,0,0,0,0,0,0,0,0,0
72804810,980100,2.022E+11,20220913,748,,,SAAD,,AVE,,,0,098 CS-1165,CS1165,N,N,NULL,NULL,NULL,N,NULL,NULL,NULL,NULL,NULL,NULL,0.078,NULL,NULL,NULL,NULL,,NULL,0,0,2,2,N,N,10,NULL,98,9801,NULL,,Y,37.4826,37,28.956,NULL,-82.51975,82,31.185,NULL,N,NULL,NULL,NULL,NULL,NULL,NULL,NULL,NULL,5,3,2,4,1,1,2,2,1,3,N,NULL,Y,N,748,755,755,N,NULL,49,,,N,,N,N,098-CS-1165-0,NULL,NULL,2022,O,7.28048E+11,098-CS-1165  -000,HIGH,098-CS-1165  -000,0.078,0,0,0,0,0,0,1,0,0,0,0,0,0
72761627,KSP0900,22-178297,20220514,1316,,,US23,,,US0023,US0023,0,098 US-23,US0023,Y,N,NULL,NULL,NULL,N,NULL,NULL,NULL,NULL,NULL,NULL,28.039,NULL,NULL,NULL,NULL,,NULL,0,0,2,2,N,N,5,NULL,98,9807,NULL,,Y,37.51517,37,30.91,NULL,-82.559,82,33.54,NULL,N,NULL,NULL,NULL,NULL,NULL,NULL,NULL,NULL,2,97,4,4,1,1,2,2,1,3,N,NULL,Y,N,1319,1326,1330,N,NULL,90,,1,N,,N,N,098-US-0023-0,NULL,NULL,2022,O,7.27616E+11,098-US-0023  -000,HIGH,098-US-0023  -000,28.039,0,0,0,1,0,0,1,0,0,0,0,0,0
72794104,980100,2.022E+11,20220814,1401,,,US23,,,US0023,US0023,0,098 US-23,US0023,N,N,NULL,NULL,NULL,N,NULL,NULL,NULL,NULL,NULL,NULL,25.379,NULL,NULL,NULL,NULL,,NULL,0,0,2,2,N,N,55,NULL,98,9801,NULL,,Y,37.49183,37,29.51,NULL,-82.53511,82,32.107,NULL,N,NULL,NULL,NULL,NULL,NULL,NULL,NULL,NULL,5,3,4,6,1,1,2,2,7,3,N,NULL,Y,N,1401,1401,1401,N,NULL,49,,1,N,,N,N,098-US-0023-0,NULL,NULL,2022,O,7.27941E+11,098-US-0023  -000,HIGH,098-US-0023  -000,25.379,0,0,0,1,0,0,1,0,0,0,0,0,0
72799336,KSP0900,22-330622,20220826,1549,,,UPPER JOHNS,,CRK,KY0632,KY0632,0,098 KY-632,KY0632,N,N,NULL,NULL,NULL,N,NULL,NULL,NULL,NULL,NULL,NULL,0.004,NULL,NULL,NULL,NULL,,NULL,2,0,2,2,N,N,55,NULL,98,9817,NULL,,Y,37.49758,37,29.855,NULL,-82.34939,82,20.963,NULL,N,NULL,NULL,NULL,NULL,NULL,NULL,NULL,NULL,1,3,2,3,1,1,2,2,7,1,Y,NULL,Y,Y,1550,1600,1659,N,NULL,55,6,0,N,,N,N,098-KY-0632-0,NULL,NULL,2022,A,7.27993E+11,098-KY-0632  -000,HIGH,098-KY-0632  -000,0.004,0,0,0,1,0,0,1,1,0,1,0,1,0
72824292,KSP0900,22-422158,20221102,2050,,,KY199,,,KY0199,KY0199,0,098 KY-199,KY0199,N,N,NULL,NULL,NULL,N,NULL,NULL,NULL,NULL,NULL,NULL,8.133,NULL,NULL,NULL,NULL,,NULL,0,0,1,1,N,N,35,NULL,98,9819,NULL,,Y,37.56007,37,33.604,NULL,-82.2597,82,15.582,NULL,N,NULL,NULL,NULL,NULL,NULL,NULL,NULL,NULL,9,3,2,3,1,1,2,4,7,3,N,NULL,N,N,2050,2053,2102,N,NULL,70,9,0,N,,N,N,098-KY-0199-0,NULL,NULL,2022,O,7.28243E+11,098-KY-0199  -000,HIGH,098-KY-0199  -000,8.133,0,0,0,0,0,0,1,0,0,0,0,1,0
72811400,980100,2.022E+11,20220924,1305,,,CASSIDY,,BLVD,,,0,098 CS-1191,CS1191,N,N,NULL,NULL,NULL,N,NULL,NULL,NULL,NULL,NULL,NULL,0.16,NULL,NULL,NULL,NULL,,NULL,0,0,2,2,N,N,35,NULL,98,9801,NULL,,Y,37.50369,37,30.222,NULL,-82.53466,82,32.079,NULL,N,NULL,NULL,NULL,NULL,NULL,NULL,NULL,NULL,3,3,4,6,1,1,2,2,1,3,N,NULL,Y,N,1305,1309,1309,N,NULL,52,,,N,,N,N,098-CS-1191-0,NULL,NULL,2022,O,7.28114E+11,098-CS-1191  -000,HIGH,098-CS-1191  -000,0.16,0,0,1,1,0,0,1,0,0,0,0,1,0
72859992,KSP0900,23-32020,20230125,1534,,,ROBINSON CREEK,,RD,KY0122,KY0122,0,098 KY-122,KY0122,N,N,NULL,NULL,NULL,N,NULL,NULL,NULL,NULL,NULL,NULL,6.554,NULL,NULL,NULL,NULL,,NULL,0,0,1,1,N,N,55,NULL,98,9823,NULL,,Y,37.36599,37,21.959,NULL,-82.58227,82,34.936,NULL,N,NULL,NULL,NULL,NULL,NULL,NULL,NULL,NULL,9,3,2,6,1,1,7,2,6,3,N,NULL,Y,N,1535,1613,,N,NULL,40,,0,N,,N,N,098-KY-0122-0,NULL,NULL,2023,O,7.286E+11,098-KY-0122  -000,HIGH,098-KY-0122  -000,6.561,0,0,0,0,0,0,0,0,0,0,0,1,0