MasterFile,AgencyORINumber,LocalCode,CollisionDate,CollisionTime,CollisionDayWeekCode,RoadwayName_HouseBusinessNumber_,RoadwayName_RoadwayName_,RoadwayName_Direction_,RoadwayName_RoadwaySuffix_,RoadwayfromReport,CurrentRoadwayNumber,RoadwayNumberCoupletID,RSEUniqueGIS,RoadwayIdentifier,ParkingLotIndicator,IntersectionWith_Indicator_,IntersectionWith_NameRoadway_,IntersectionWith_Direction_,IntersectionWith_RoadwaySuffix_,BetweenStreets_Indicator_,BetweenStreets1_NameRoadway_,BetweenStreet1_Direction_,BetweenStreets1_RoadwaySuffix_,BetweenStreets2_NameRoadway_,BetweenStreets2_Direction_,BetweenStreets2_RoadwaySuffix_,Milepoint,ReportMilepointDeriveNumber,CurrentDerivedMiepointNumber,MilestoMilepoint,FeettoMilepoint,DirectionfromMilepoint_NSEW_,ValidMilepointIndicator,NumberInjured,NumberKilled,ofUnits,ofMotorVehicleUnits,Hit&RunIndicator,OneWayIndicator,SpeedLimitNumber,KilometersIndicator,CountyCode,CityCountyCode,MilesFromCity,DirectionFromCity_NSEW_,InCityLimitsIndicator,Latitude,LatitudeDegrees,LatitudeMinutes,LatitudeSeconds,Longitude,LongitudeDegrees,LongitudeMinutes,LongitudeSeconds,RampIndicator,RampFromIdentifier,RampFromDirCode,RampFromCoupletID,RSEUniqueGISRampFrom,RampToidentifier,RampToDirCode,RampToCoupletID,RSEUniqueGisRampTo,MannerofCollisionCode,LocationFirstEventCode,TotalLanes,RoadwayCharacterCode,RoadwaySurfaceCode,RoadwayConditionCode,WeatherCode,LightConditionCode,LandUseCode,SchoolBusRelatedCode,FirstAidSceneIndicator,CollDescPresentInd,InvestigationCompleteIndicator,PhotosTakenIndicator,TimeNotified,TimeArrived,TimeRoadwayOpened,PropertyDamageIndicator,DiagramPresentIndicator,DirectionalAnalysis,FunctionClassCode,NationalHwySysCode,EnforcementsIndicator,KARSCityCode,SecondaryCollisionIndicator,MedianCrossoverIndicator,RT_UNIQUE,MapIt,TimeLastLeft,YR,KABCO,MFNY,WorkingRID,RT_CONFIDENCE,KTC_RT,KTC_MP,Motorcyclist,CommercialVehicle,YoungDriver,MatureDriver,pedestrian,Bicyclist,Distracted,agressive,Impaired,Unrestrained,Intersection,RoadwayDeparture,MedXover
72835590,KSP0900,22-457825,20221130,24,,,US23,,,US0023,US0023,0,098 US-23-10,US0023,N,N,NULL,NULL,NULL,N,NULL,NULL,NULL,NULL,NULL,NULL,12.799,NULL,NULL,NULL,NULL,,NULL,0,0,1,1,N,N,55,NULL,98,9801,NULL,,Y,37.37182,37,22.309,NULL,-82.54511,82,32.707,NULL,N,NULL,NULL,NULL,NULL,NULL,NULL,NULL,NULL,9,3,4,6,1,5,6,6,7,3,N,NULL,Y,N,24,47,47,N,NULL,38,,1,N,,N,N,098-US-0023-10,NULL,NULL,2022,O,7.28356E+11,098-US-0023  -010,HIGH,098-US-0023  -000,12.799,0,0,0,0,0,0,0,0,0,0,0,0,0
72799132,KSP0900,22-320620,20220819,1230,,,KY122,,,KY0122,KY0122,0,098 KY-122,KY0122,N,N,NULL,NULL,NULL,N,NULL,NULL,NULL,NULL,NULL,NULL,6.803,NULL,NULL,NULL,NULL,,NULL,1,0,1,1,N,N,55,NULL,98,9823,NULL,,Y,37.36928,37,22.157,NULL,-82.58228,82,34.937,NULL,N,NULL,NULL,NULL,NULL,NULL,NULL,NULL,NULL,9,3,2,6,1,1,2,2,7,3,Y,NULL,N,N,1230,1241,1241,N,NULL,38,,0,N,,N,N,098-KY-0122-0,NULL,NULL,2022,B,7.27991E+11,098-KY-0122  -000,HIGH,098-KY-0122  -000,6.803,1,0,0,0,0,0,0,0,0,0,0,1,0
72769099,980100,2.022E+11,20220601,1518,,,KY3496,,,KY3496,KY3496,0,098 KY-3496,KY3496,Y,N,NULL,NULL,NULL,N,NULL,NULL,NULL,NULL,NULL,NULL,0.828,NULL,NULL,NULL,NULL,,NULL,0,0,2,2,N,N,15,NULL,98,9801,NULL,,Y,37.47205,37,28.323,NULL,-82.52901,82,31.74,NULL,N,NULL,NULL,NULL,NULL,NULL,NULL,NULL,NULL,5,97,1,6,1,1,2,2,1,3,N,NULL,Y,N,1518,1524,1524,N,NULL,90,16,0,N,,N,N,098-KY-3496-0,NULL,NULL,2022,O,7.27691E+11,098-KY-3496  -000,HIGH,098-KY-3496  -000,0.828,0,0,0,0,0,0,1,0,0,0,0,0,0
72818887,KSP0900,22-399263,20221016,1436,,,TOLER,,RD,KY0319,KY0319,0,098 KY-319,KY0319,N,N,NULL,NULL,NULL,N,NULL,NULL,NULL,NULL,NULL,NULL,1.145,NULL,NULL,NULL,NULL,,NULL,0,0,1,1,N,N,55,NULL,98,9842,NULL,,Y,37.5866,37,35.196,NULL,-82.19717,82,11.831,NULL,N,NULL,NULL,NULL,NULL,NULL,NULL,NULL,NULL,9,3,2,1,1,5,3,2,7,3,N,NULL,Y,N,1436,1451,1451,N,NULL,44,7,0,N,,N,N,098-KY-0319-0,NULL,NULL,2022,O,7.28189E+11,098-KY-0319  -000,HIGH,098-KY-0319  -000,1.145,0,0,0,1,0,0,1,0,0,0,0,1,0
72881087,KSP0900,23-119704,20230329,1905,,,US460,,,US0460,US0460,0,098 US-460,US0460,N,N,NULL,NULL,NULL,N,NULL,NULL,NULL,NULL,NULL,NULL,4.42,NULL,NULL,NULL,NULL,,NULL,0,0,2,2,N,N,55,NULL,98,9824,NULL,,Y,37.41745,37,25.047,NULL,-82.45499,82,27.299,NULL,N,NULL,NULL,NULL,NULL,NULL,NULL,NULL,NULL,5,3,2,6,1,1,2,2,7,3,N,NULL,Y,N,1907,1920,1920,N,NULL,49,,1,N,,N,N,098-US-0460-0,NULL,NULL,2023,O,7.28811E+11,098-US-0460  -000,HIGH,098-US-0460  -000,4.42,0,0,0,0,0,0,1,0,0,0,0,0,0
72767713,KSP0900,22-201523,20220530,1500,,,SOUTHSIDE MALL,,RD,,,,,,Y,N,NULL,NULL,NULL,N,NULL,NULL,NULL,NULL,NULL,NULL,0.379,NULL,NULL,NULL,NULL,,NULL,0,0,2,2,N,N,NULL,NULL,98,9834,NULL,,Y,37.65565,37,39.339,NULL,-82.27252,82,16.351,NULL,N,NULL,NULL,NULL,NULL,NULL,NULL,NULL,NULL,8,97,NULL,6,1,1,2,2,1,3,N,NULL,N,N,1500,1530,1530,N,NULL,90,,,N,,N,N,,NULL,NULL,2022,O,7.27677E+11,098-PR-1010  -000,LOW,098-PR-1010  -000,0.379,0,0,1,1,0,0,1,0,0,0,0,0,0
72824721,980100,2.022E+11,20221101,1653,,,KY3496,,,KY3496,KY3496,0,098 KY-3496,KY3496,Y,N,NULL,NULL,NULL,N,NULL,NULL,NULL,NULL,NULL,NULL,0.197,NULL,NULL,NULL,NULL,,NULL,0,0,2,2,N,N,35,NULL,98,9801,NULL,,Y,37.46651,37,27.991,NULL,-82.53114,82,31.869,NULL,N,NULL,NULL,NULL,NULL,NULL,NULL,NULL,NULL,2,97,2,6,1,1,3,2,5,3,N,NULL,Y,N,1654,1704,1704,N,NULL,90,16,0,N,,N,N,098-KY-3496-0,NULL,NULL,2022,O,7.28247E+11,098-KY-3496  -000,HIGH,098-KY-3496  -000,0.197,0,0,0,1,0,0,1,0,0,0,0,0,0
72720573,980500,2022AR003,20220114,1612,,,MAYO TRAIL,S,,,,,,,N,N,NULL,NULL,NULL,N,NULL,NULL,NULL,NULL,NULL,NULL,NULL,NULL,NULL,NULL,NULL,NULL,NULL,0,0,2,2,N,N,45,NULL,98,9807,NULL,,Y,37.51905,37,31.143,NULL,-82.56617,82,33.97,NULL,N,NULL,NULL,NULL,NULL,NULL,NULL,NULL,NULL,5,3,7,6,1,1,2,2,7,3,N,NULL,Y,Y,1615,1617,1625,N,NULL,70,,,N,,N,N,,NULL,NULL,2022,O,7.27206E+11,098-CS-3000  -071,MEDIUM,098-CS-3000  -071,0.009,0,0,0,0,0,0,1,0,0,0,0,0,0
72875552,980500,2023AR007,20230314,1401,,27,HAYNES,,VLG,,,0,098 CR-1322Q4,CR1322Q4,N,N,NULL,NULL,NULL,N,NULL,NULL,NULL,NULL,NULL,NULL,NULL,NULL,NULL,NULL,NULL,NULL,NULL,1,0,2,2,N,N,25,NULL,98,9807,NULL,,Y,37.54664,37,32.798,NULL,-82.55642,82,33.385,NULL,N,NULL,NULL,NULL,NULL,NULL,NULL,NULL,NULL,1,3,2,5,1,5,2,2,7,3,N,NULL,Y,Y,1401,1410,1410,N,NULL,55,,,Y,,Y,N,098-CR-1322Q4-0,NULL,NULL,2023,C,7.28756E+11,098-CS-3031  -000,MEDIUM,098-CS-3031  -000,0.036,0,0,0,1,0,0,0,0,0,0,0,0,0
72807471,980100,2.022E+11,20220907,1555,,,BYPASS,S,RD,KY1426,KY1426,0,098 KY-1426,KY1426,Y,N,NULL,NULL,NULL,N,NULL,NULL,NULL,NULL,NULL,NULL,6.142,NULL,NULL,NULL,NULL,,NULL,0,0,2,2,N,N,15,NULL,98,9801,NULL,,Y,37.47914,37,28.748,NULL,-82.51525,82,30.915,NULL,N,NULL,NULL,NULL,NULL,NULL,NULL,NULL,NULL,2,97,2,6,1,1,2,2,1,3,N,NULL,Y,N,1555,1500,,N,NULL,90,,0,N,,N,N,098-KY-1426-0,NULL,NULL,2022,O,7.28075E+11,098-KY-1426  -000,HIGH,098-KY-1426  -000,6.142,0,0,0,1,0,0,1,0,0,0,0,0,0
72806164,KSP0900,22-359217,20220915,2316,,,US119,,,US0119,US0119,0,098 US-119,US0119,N,N,NULL,NULL,NULL,N,NULL,NULL,NULL,NULL,NULL,NULL,23.592,NULL,NULL,NULL,NULL,,NULL,4,0,2,2,N,N,55,NULL,98,9836,NULL,,Y,37.65005,37,39.003,NULL,-82.26753,82,16.052,NULL,N,NULL,NULL,NULL,NULL,NULL,NULL,NULL,NULL,3,3,2,6,1,1,10,5,7,3,Y,NULL,N,Y,2316,2325,30,N,NULL,46,2,1,N,,N,N,098-US-0119-0,NULL,NULL,2022,B,7.28062E+11,098-US-0119  -000,HIGH,098-US-0119  -000,23.592,0,0,0,0,0,0,1,0,0,1,0,1,0
72811330,980100,2.022E+11,20220926,1038,,911,BYPASS,S,RD,KY1426,KY1426,0,098 KY-1426,KY1426,Y,N,NULL,NULL,NULL,N,NULL,NULL,NULL,NULL,NULL,NULL,5.52,NULL,NULL,NULL,NULL,,NULL,0,0,1,1,N,N,NULL,NULL,98,9801,NULL,,Y,37.47237,37,28.342,NULL,-82.5259,82,31.554,NULL,N,NULL,NULL,NULL,NULL,NULL,NULL,NULL,NULL,9,97,2,6,1,1,2,2,5,3,N,NULL,Y,N,1038,1041,1041,Y,NULL,90,,0,N,,N,N,098-KY-1426-0,NULL,NULL,2022,O,7.28113E+11,098-KY-1426  -000,HIGH,098-KY-1426  -000,5.52,0,0,0,1,0,0,0,0,0,0,0,1,0
72816558,KSP0900,22-396226,20221014,908,,,US23,,,US0023,US0023,0,098 US-23,US0023,N,N,NULL,NULL,NULL,N,NULL,NULL,NULL,NULL,NULL,NULL,3.954,NULL,NULL,NULL,NULL,,NULL,1,0,1,1,N,N,55,NULL,98,9809,NULL,,Y,37.27778,37,16.667,NULL,-82.58276,82,34.966,NULL,N,NULL,NULL,NULL,NULL,NULL,NULL,NULL,NULL,9,3,4,2,1,1,2,2,7,3,N,NULL,N,Y,908,925,1114,N,NULL,40,,1,N,,N,N,098-US-0023-0,NULL,NULL,2022,B,7.28166E+11,098-US-0023  -000,HIGH,098-US-0023  -000,3.954,0,0,0,0,0,0,0,0,0,0,0,1,0
72815735,980100,2.022E+11,20221011,1709,,,DIVISION,,ST,,,0,098 CS-1130,CS1130,Y,N,NULL,NULL,NULL,N,NULL,NULL,NULL,NULL,NULL,NULL,0.018,NULL,NULL,NULL,NULL,,NULL,0,0,2,2,N,N,NULL,NULL,98,9801,NULL,,Y,37.48034,37,28.821,NULL,-82.51875,82,31.125,NULL,N,NULL,NULL,NULL,NULL,NULL,NULL,NULL,NULL,2,97,NULL,6,1,1,2,2,1,3,N,NULL,Y,N,1709,1711,1717,N,NULL,90,,,N,,N,N,098-CS-1130-0,NULL,NULL,2022,O,7.28157E+11,098-CS-1130  -000,HIGH,098-CS-1130  -000,0.018,0,0,0,1,0,0,1,0,0,0,0,0,0
72804325,KSP0900,22-354817,20220912,1830,,,CENTRAL,,AVE,KY0292,KY0292,,,,N,N,NULL,NULL,NULL,N,NULL,NULL,NULL,NULL,NULL,NULL,5.816,NULL,NULL,NULL,NULL,,NULL,0,0,1,1,N,N,35,NULL,98,9834,NULL,,Y,37.66715,37,40.029,NULL,-82.28984,82,17.39,NULL,N,NULL,NULL,NULL,NULL,NULL,NULL,NULL,NULL,9,3,2,6,1,1,2,2,7,3,N,NULL,N,N,1830,1830,1830,N,NULL,70,7,0,N,,N,N,,NULL,NULL,2022,O,7.28043E+11,098-KY-0292  -000,HIGH,098-KY-0292  -000,5.816,0,0,0,1,0,0,1,0,0,0,0,1,0
72750280,KSP0900,22-124706,20220406,1800,,,RIDGE LINE,,RD,KY3418,KY3418,0,098 KY-3418,KY3418,N,N,NULL,NULL,NULL,N,NULL,NULL,NULL,NULL,NULL,NULL,2.209,NULL,NULL,NULL,NULL,,NULL,0,0,2,2,Y,N,5,NULL,98,9817,NULL,,Y,37.46362,37,27.817,NULL,-82.37473,82,22.483,NULL,N,NULL,NULL,NULL,NULL,NULL,NULL,NULL,NULL,1,97,2,6,1,1,2,2,6,3,N,NULL,N,N,1800,1830,1830,N,NULL,47,9,0,N,,N,N,098-KY-3418-0,NULL,NULL,2022,NULL,7.27503E+11,098-KY-3418  -000,HIGH,098-KY-3418  -000,2.209,0,0,0,0,0,0,0,0,0,0,0,0,0
72805830,KSP0900,22-359426,20220916,742,,,US460,,,US0460,US0460,0,098 US-460,US0460,N,N,NULL,NULL,NULL,N,NULL,NULL,NULL,NULL,NULL,NULL,12.083,NULL,NULL,NULL,NULL,,NULL,1,0,1,1,N,N,55,NULL,98,9822,NULL,,Y,37.34933,37,20.96,NULL,-82.39224,82,23.535,NULL,N,NULL,NULL,NULL,NULL,NULL,NULL,NULL,NULL,9,3,2,6,1,1,10,2,7,3,Y,NULL,N,Y,742,802,900,N,NULL,44,,1,Y,,N,N,098-US-0460-0,NULL,NULL,2022,B,7.28058E+11,098-US-0460  -000,HIGH,098-US-0460  -000,12.083,0,0,0,0,0,0,0,0,0,0,0,1,0
72842506,KSP0900,22-474913,20221213,833,,,ABNER MOUNTAIN,,RD,KY0122,KY0122,,,,N,N,NULL,NULL,NULL,N,NULL,NULL,NULL,NULL,NULL,NULL,0.506,NULL,NULL,NULL,NULL,,NULL,0,0,2,2,N,N,15,NULL,98,9827,NULL,,Y,37.3466,37,20.796,NULL,-82.64979,82,38.987,NULL,N,NULL,NULL,NULL,NULL,NULL,NULL,NULL,NULL,8,3,2,1,1,1,2,2,7,3,N,NULL,Y,N,842,931,1017,N,NULL,53,,0,N,,N,N,,NULL,NULL,2022,O,7.28425E+11,098-KY-0122  -000,MEDIUM,098-KY-0122  -000,0.506,0,1,0,0,0,0,1,0,0,0,0,1,0
72881146,980100,2.023E+11,20230330,733,,,BAIRD,,AVE,KY1426,KY1426,0,098 KY-1426,KY1426,Y,N,NULL,NULL,NULL,N,NULL,NULL,NULL,NULL,NULL,NULL,5.391,NULL,NULL,NULL,NULL,,NULL,0,0,2,2,N,N,NULL,NULL,98,9801,NULL,,Y,37.4732,37,28.392,NULL,-82.52707,82,31.624,NULL,N,NULL,NULL,NULL,NULL,NULL,NULL,NULL,NULL,5,97,2,6,1,1,2,2,1,3,N,NULL,Y,N,733,736,736,N,NULL,90,,0,N,,N,N,098-KY-1426-0,NULL,NULL,2023,O,7.28811E+11,098-KY-1426  -000,HIGH,098-KY-1426  -000,5.401,0,0,0,0,0,0,0,0,0,0,0,1,0
72814589,980100,2.022E+11,20221003,1243,,911,BYPASS,S,RD,KY1426,KY1426,,,,Y,N,NULL,NULL,NULL,N,NULL,NULL,NULL,NULL,NULL,NULL,5.573,NULL,NULL,NULL,NULL,,NULL,0,0,2,2,N,N,NULL,NULL,98,9801,NULL,,Y,37.4724,37,28.344,NULL,-82.52495,82,31.497,NULL,N,NULL,NULL,NULL,NULL,NULL,NULL,NULL,NULL,8,97,NULL,6,1,1,3,2,5,3,N,NULL,Y,N,1243,1245,1245,N,NULL,90,,0,N,,N,N,,NULL,NULL,2022,O,7.28146E+11,098-KY-1426  -000,HIGH,098-KY-1426  -000,5.573,0,0,0,0,0,0,0,0,0,0,0,0,0
72818948,980100,2.022E+11,20221018,1153,,568,CHLOE,,RD,KY1460,KY1460,0,098 KY-1460,KY1460,N,N,NULL,NULL,NULL,N,NULL,NULL,NULL,NULL,NULL,NULL,3.859,NULL,NULL,NULL,NULL,,NULL,0,0,1,1,N,N,35,NULL,98,9801,NULL,,Y,37.47717,37,28.63,NULL,-82.4953,82,29.718,NULL,N,NULL,NULL,NULL,NULL,NULL,NULL,NULL,NULL,9,5,2,3,1,1,2,2,6,3,N,NULL,Y,Y,1154,1158,1305,Y,NULL,44,,0,N,,N,N,098-KY-1460-0,NULL,NULL,2022,O,7.28189E+11,098-KY-1460  -000,HIGH,098-KY-1460  -000,3.859,0,0,0,0,0,0,0,0,0,0,0,1,0
72779252,KSP0900,22-234270,20220621,1514,,1327,KETTLECAMP BRANCH,,RD,,,0,098 CR-1631,CR1631,N,N,NULL,NULL,NULL,N,NULL,NULL,NULL,NULL,NULL,NULL,0.659,NULL,NULL,NULL,NULL,,NULL,0,0,2,2,N,N,15,NULL,98,9802,NULL,,Y,37.28486,37,17.092,NULL,-82.38988,82,23.392,NULL,N,NULL,NULL,NULL,NULL,NULL,NULL,NULL,NULL,2,3,1,3,1,1,2,2,6,3,N,NULL,Y,N,1516,1530,,N,NULL,56,,,N,,N,N,098-CR-1631-0,NULL,NULL,2022,O,7.27793E+11,098-CR-1631  -000,HIGH,098-CR-1631  -000,0.659,0,0,0,1,0,0,1,0,0,0,0,0,0
72794105,980100,2.022E+11,20220815,1043,,,US23,,,US0023,US0023,0,098 US-23,US0023,N,N,NULL,NULL,NULL,N,NULL,NULL,NULL,NULL,NULL,NULL,25.411,NULL,NULL,NULL,NULL,,NULL,0,0,2,2,N,N,55,NULL,98,9801,NULL,,Y,37.49218,37,29.531,NULL,-82.53471,82,32.082,NULL,N,NULL,NULL,NULL,NULL,NULL,NULL,NULL,NULL,5,3,4,6,1,5,3,2,7,3,N,NULL,Y,N,1044,1052,1052,N,NULL,49,,1,N,,N,N,098-US-0023-0,NULL,NULL,2022,O,7.27941E+11,098-US-0023  -000,HIGH,098-US-0023  -000,25.411,0,0,0,1,0,0,1,0,0,0,0,0,0
72828814,980100,2.022E+11,20221112,2130,,,HAMBLEY,,BLVD,,,0,098 CS-1222,CS1222,N,N,NULL,NULL,NULL,N,NULL,NULL,NULL,NULL,NULL,NULL,0.914,NULL,NULL,NULL,NULL,,NULL,0,0,2,2,N,N,35,NULL,98,9801,NULL,,Y,37.48369,37,29.022,NULL,-82.5205,82,31.23,NULL,N,NULL,NULL,NULL,NULL,NULL,NULL,NULL,NULL,2,2,2,6,1,5,3,5,7,3,N,NULL,Y,Y,2130,2130,2146,N,NULL,47,,,N,,N,N,098-CS-1222-0,NULL,NULL,2022,O,7.28288E+11,098-CS-1222  -000,HIGH,098-CS-1222  -000,0.914,0,0,0,0,0,0,0,0,0,1,0,0,0
72811339,980100,2.022E+11,20220927,852,,911,BYPASS,S,RD,KY1426,KY1426,,,,Y,N,NULL,NULL,NULL,N,NULL,NULL,NULL,NULL,NULL,NULL,5.546,NULL,NULL,NULL,NULL,,NULL,0,0,1,1,N,N,NULL,NULL,98,9801,NULL,,Y,37.47241,37,28.345,NULL,-82.52544,82,31.526,NULL,N,NULL,NULL,NULL,NULL,NULL,NULL,NULL,NULL,9,97,NULL,6,1,1,2,2,5,3,N,NULL,Y,N,852,855,855,N,NULL,90,,0,N,,N,N,,NULL,NULL,2022,O,7.28113E+11,098-KY-1426  -000,HIGH,098-KY-1426  -000,5.546,0,0,0,0,0,0,0,0,0,0,0,0,0
72805571,980100,2.022E+11,20220914,1648,,,US23,,,US0023,US0023,0,098 US-23,US0023,N,N,NULL,NULL,NULL,N,NULL,NULL,NULL,NULL,NULL,NULL,23.326,NULL,NULL,NULL,NULL,,NULL,0,0,2,2,N,N,55,NULL,98,9801,NULL,,Y,37.46764,37,28.059,NULL,-82.53228,82,31.937,NULL,N,NULL,NULL,NULL,NULL,NULL,NULL,NULL,NULL,5,3,4,6,1,1,2,2,7,3,N,NULL,Y,N,1648,1704,1705,N,NULL,49,,1,N,,N,N,098-US-0023-0,NULL,NULL,2022,O,7.28056E+11,098-US-0023  -000,HIGH,098-US-0023  -000,23.326,0,0,0,0,0,0,0,0,0,0,0,0,0
72808276,980100,2.022E+11,20220920,1052,,,US23,,,US0023,US0023,0,098 US-23,US0023,N,N,NULL,NULL,NULL,N,NULL,NULL,NULL,NULL,NULL,NULL,21.127,NULL,NULL,NULL,NULL,,NULL,0,0,2,2,N,N,55,NULL,98,9801,NULL,,Y,37.44683,37,26.81,NULL,-82.52578,82,31.547,NULL,N,NULL,NULL,NULL,NULL,NULL,NULL,NULL,NULL,5,3,4,3,1,1,2,2,7,3,N,NULL,N,N,1056,1114,1114,N,NULL,70,,1,N,,N,N,098-US-0023-0,NULL,NULL,2022,O,7.28083E+11,098-US-0023  -000,HIGH,098-US-0023  -000,21.127,0,0,0,1,0,0,0,1,0,0,0,0,0
72763182,980000,25-02-002,20220513,1240,,27794,US 119 NORTH,,,,,,,,Y,N,NULL,NULL,NULL,N,NULL,NULL,NULL,NULL,NULL,NULL,NULL,NULL,NULL,NULL,NULL,NULL,NULL,0,0,2,2,N,N,10,NULL,98,9836,1,N,N,37.65089,37,39.053,NULL,-82.26768,82,16.061,NULL,N,NULL,NULL,NULL,NULL,NULL,NULL,NULL,NULL,5,97,1,6,1,1,2,2,1,3,N,NULL,Y,Y,1240,1243,,N,NULL,90,,,N,,N,N,,NULL,NULL,2022,O,7.27632E+11,098-CR-1039  -000,MEDIUM,098-CR-1039  -000,0.006,0,0,0,0,0,0,1,0,0,0,0,0,0
72772675,KSP0900,22-218297,20220610,2105,,,KY1426,,,KY1426,KY1426,0,098 KY-1426,KY1426,N,Y,KY194,,,N,NULL,NULL,NULL,NULL,NULL,NULL,15.991,NULL,NULL,NULL,NULL,,NULL,1,0,1,1,N,N,55,NULL,98,9820,NULL,,Y,37.56451,37,33.871,NULL,-82.44209,82,26.525,NULL,N,NULL,NULL,NULL,NULL,NULL,NULL,NULL,NULL,9,3,2,6,1,5,6,6,7,3,Y,NULL,Y,Y,2105,2122,2122,N,NULL,5,7,0,N,,N,N,098-KY-1426-0,NULL,NULL,2022,A,7.27727E+11,098-KY-1426  -000,HIGH,098-KY-1426  -000,15.991,0,0,0,0,0,0,0,1,1,0,1,0,0
72807723,980100,2.022E+11,20220909,545,,,US23,,,US0023,US0023,0,098 US-23-10,US0023,N,N,NULL,NULL,NULL,N,NULL,NULL,NULL,NULL,NULL,NULL,28.217,NULL,NULL,NULL,NULL,,NULL,0,0,2,2,N,N,55,NULL,98,9807,NULL,,Y,37.51649,37,30.989,NULL,-82.56171,82,33.703,NULL,N,NULL,NULL,NULL,NULL,NULL,NULL,NULL,NULL,8,3,4,6,1,1,2,7,7,3,N,NULL,Y,N,545,550,550,N,NULL,53,,1,N,,N,N,098-US-0023-10,NULL,NULL,2022,O,7.28077E+11,098-US-0023  -010,HIGH,098-US-0023  -000,28.217,0,0,0,0,0,0,1,1,0,0,0,1,0
72808283,980100,2.022E+11,20220922,808,,,BAILEY,,BLVD,,,,,,N,N,NULL,NULL,NULL,N,NULL,NULL,NULL,NULL,NULL,NULL,NULL,NULL,NULL,NULL,NULL,,NULL,0,0,2,2,N,N,15,NULL,98,9801,NULL,,Y,37.47742,37,28.645,NULL,-82.5126,82,30.756,NULL,N,NULL,NULL,NULL,NULL,NULL,NULL,NULL,NULL,5,3,2,6,1,5,3,2,7,3,N,NULL,Y,N,808,811,811,N,NULL,49,,,N,,N,N,,NULL,NULL,2022,O,7.28083E+11,098-CS-1262  -000,MEDIUM,098-CS-1262  -000,0.21,0,0,0,1,0,0,0,0,0,0,0,0,0
72821125,KSP0900,22-412002,20221026,630,,,KY1499,,,KY1499,KY1499,0,098 KY-1499,KY1499,N,N,NULL,NULL,NULL,N,NULL,NULL,NULL,NULL,NULL,NULL,2.13,NULL,NULL,NULL,NULL,,NULL,2,0,2,2,N,N,55,NULL,98,9839,NULL,,Y,37.40398,37,24.239,NULL,-82.24764,82,14.859,NULL,N,NULL,NULL,NULL,NULL,NULL,NULL,NULL,NULL,3,3,2,3,1,5,10,6,7,3,Y,NULL,N,Y,630,717,845,N,NULL,52,7,0,N,,N,N,098-KY-1499-0,NULL,NULL,2022,B,7.28211E+11,098-KY-1499  -000,HIGH,098-KY-1499  -000,2.13,0,0,0,0,0,0,0,0,0,0,0,1,0
72818429,KSP0900,22-399579,20221016,1849,,,US460,,,US0460,US0460,0,098 US-460,US0460,N,N,NULL,NULL,NULL,N,NULL,NULL,NULL,NULL,NULL,NULL,4.99,NULL,NULL,NULL,NULL,,NULL,5,0,3,3,N,N,55,NULL,98,9824,NULL,,Y,37.41125,37,24.675,NULL,-82.44954,82,26.972,NULL,N,NULL,NULL,NULL,NULL,NULL,NULL,NULL,NULL,7,3,2,6,1,5,6,6,7,3,N,NULL,Y,Y,1849,1851,2113,N,NULL,54,,1,N,,Y,N,098-US-0460-0,NULL,NULL,2022,A,7.28184E+11,098-US-0460  -000,HIGH,098-US-0460  -000,4.99,0,0,1,1,0,0,0,0,0,0,0,1,0
72759520,KSP0900,22-168598,20220507,1624,,,US23,,,US0023,US0023,0,098 US-23,US0023,N,N,NULL,NULL,NULL,N,NULL,NULL,NULL,NULL,NULL,NULL,26.039,NULL,NULL,NULL,NULL,,NULL,0,0,3,3,N,N,55,NULL,98,9801,NULL,,Y,37.50019,37,30.012,NULL,-82.53161,82,31.896,NULL,N,NULL,NULL,NULL,NULL,NULL,NULL,NULL,NULL,5,3,4,6,1,5,6,2,7,3,N,NULL,Y,N,1624,1624,1624,N,NULL,70,,1,N,,N,N,098-US-0023-0,NULL,NULL,2022,O,7.27595E+11,098-US-0023  -000,HIGH,098-US-0023  -000,26.039,0,0,0,1,0,0,1,0,0,0,0,0,0
72805432,KSP0900,22-349118,20220908,1625,,,KY194,,,KY0194,KY0194,0,098 KY-194,KY0194,N,N,NULL,NULL,NULL,N,NULL,NULL,NULL,NULL,NULL,NULL,62.526,NULL,NULL,NULL,NULL,,NULL,1,0,2,2,N,N,35,NULL,98,9834,NULL,,Y,37.55177,37,33.106,NULL,-82.12099,82,7.26,NULL,N,NULL,NULL,NULL,NULL,NULL,NULL,NULL,NULL,5,3,2,6,1,1,2,2,7,3,Y,NULL,Y,N,1625,1630,1705,N,NULL,49,7,0,N,,N,N,098-KY-0194-0,NULL,NULL,2022,C,7.28054E+11,098-KY-0194  -000,HIGH,098-KY-0194  -000,62.526,0,0,0,0,0,0,1,1,0,0,0,0,0
72811789,KSP0900,22-381084,20221002,1346,,7897,KY194,,,KY0194,KY0194,0,098 KY-194,KY0194,N,N,NULL,NULL,NULL,N,NULL,NULL,NULL,NULL,NULL,NULL,24.688,NULL,NULL,NULL,NULL,,NULL,1,0,1,1,N,N,55,NULL,98,9817,NULL,,Y,37.5204,37,31.224,NULL,-82.36386,82,21.831,NULL,N,NULL,NULL,NULL,NULL,NULL,NULL,NULL,NULL,9,4,2,1,1,5,6,2,7,3,N,NULL,Y,Y,1346,1415,1425,Y,NULL,51,6,0,N,,N,N,098-KY-0194-0,NULL,NULL,2022,C,7.28118E+11,098-KY-0194  -000,HIGH,098-KY-0194  -000,24.688,0,0,0,0,0,0,0,0,0,0,0,1,0