MasterFile,AgencyORINumber,LocalCode,CollisionDate,CollisionTime,CollisionDayWeekCode,RoadwayName_HouseBusinessNumber_,RoadwayName_RoadwayName_,RoadwayName_Direction_,RoadwayName_RoadwaySuffix_,RoadwayfromReport,CurrentRoadwayNumber,RoadwayNumberCoupletID,RSEUniqueGIS,RoadwayIdentifier,ParkingLotIndicator,IntersectionWith_Indicator_,IntersectionWith_NameRoadway_,IntersectionWith_Direction_,IntersectionWith_RoadwaySuffix_,BetweenStreets_Indicator_,BetweenStreets1_NameRoadway_,BetweenStreet1_Direction_,BetweenStreets1_RoadwaySuffix_,BetweenStreets2_NameRoadway_,BetweenStreets2_Direction_,BetweenStreets2_RoadwaySuffix_,Milepoint,ReportMilepointDeriveNumber,CurrentDerivedMiepointNumber,MilestoMilepoint,FeettoMilepoint,DirectionfromMilepoint_NSEW_,ValidMilepointIndicator,NumberInjured,NumberKilled,ofUnits,ofMotorVehicleUnits,Hit&RunIndicator,OneWayIndicator,SpeedLimitNumber,KilometersIndicator,CountyCode,CityCountyCode,MilesFromCity,DirectionFromCity_NSEW_,InCityLimitsIndicator,Latitude,LatitudeDegrees,LatitudeMinutes,LatitudeSeconds,Longitude,LongitudeDegrees,LongitudeMinutes,LongitudeSeconds,RampIndicator,RampFromIdentifier,RampFromDirCode,RampFromCoupletID,RSEUniqueGISRampFrom,RampToidentifier,RampToDirCode,RampToCoupletID,RSEUniqueGisRampTo,MannerofCollisionCode,LocationFirstEventCode,TotalLanes,RoadwayCharacterCode,RoadwaySurfaceCode,RoadwayConditionCode,WeatherCode,LightConditionCode,LandUseCode,SchoolBusRelatedCode,FirstAidSceneIndicator,CollDescPresentInd,InvestigationCompleteIndicator,PhotosTakenIndicator,TimeNotified,TimeArrived,TimeRoadwayOpened,PropertyDamageIndicator,DiagramPresentIndicator,DirectionalAnalysis,FunctionClassCode,NationalHwySysCode,EnforcementsIndicator,KARSCityCode,SecondaryCollisionIndicator,MedianCrossoverIndicator,RT_UNIQUE,MapIt,TimeLastLeft,YR,KABCO,MFNY,WorkingRID,RT_CONFIDENCE,KTC_RT,KTC_MP,Motorcyclist,CommercialVehicle,YoungDriver,MatureDriver,pedestrian,Bicyclist,Distracted,agressive,Impaired,Unrestrained,Intersection,RoadwayDeparture,MedXover
72826437,KSP0900,22-428199,20221107,851,,,US23,,,US0023,US0023,0,098 US-23,US0023,N,N,NULL,NULL,NULL,N,NULL,NULL,NULL,NULL,NULL,NULL,22.438,NULL,NULL,NULL,NULL,,NULL,0,0,2,2,N,N,55,NULL,98,9801,NULL,,Y,37.46323,37,27.794,NULL,-82.51788,82,31.072,NULL,N,NULL,NULL,NULL,NULL,NULL,NULL,NULL,NULL,4,3,4,6,1,5,2,2,7,3,N,NULL,Y,N,851,851,916,N,NULL,70,,1,N,,N,N,098-US-0023-0,NULL,NULL,2022,O,7.28264E+11,098-US-0023  -000,HIGH,098-US-0023  -000,22.438,0,0,1,0,0,0,0,1,0,0,0,0,0
72799214,KSP0900,22-332764,20220827,2339,,9672,ELKHORN,,CRK,KY0197,KY0197,0,098 KY-197,KY0197,N,N,NULL,NULL,NULL,N,NULL,NULL,NULL,NULL,NULL,NULL,6.127,NULL,NULL,NULL,NULL,,NULL,0,0,2,2,Y,N,55,NULL,98,9864,NULL,,Y,37.25104,37,15.062,NULL,-82.48665,82,29.199,NULL,N,NULL,NULL,NULL,NULL,NULL,NULL,NULL,NULL,5,3,2,6,1,1,2,7,7,3,N,NULL,Y,N,2339,2357,246,N,NULL,47,7,0,N,,N,N,098-KY-0197-0,NULL,NULL,2022,O,7.27992E+11,098-KY-0197  -000,HIGH,098-KY-0197  -000,6.127,0,0,0,0,0,0,0,0,0,0,0,0,0
72871029,980100,2.023E+11,20230302,1649,,,US23,,,US0023,US0023,,,,N,N,NULL,NULL,NULL,N,NULL,NULL,NULL,NULL,NULL,NULL,25.884,NULL,NULL,NULL,NULL,,NULL,0,0,2,2,N,N,55,NULL,98,9801,NULL,,Y,37.49802,37,29.881,NULL,-82.53126,82,31.875,NULL,N,NULL,NULL,NULL,NULL,NULL,NULL,NULL,NULL,5,3,4,6,1,1,2,2,1,3,N,NULL,Y,N,1649,1654,1654,N,NULL,49,,1,N,,N,N,,NULL,NULL,2023,O,7.2871E+11,098-US-0023  -010,MEDIUM,098-US-0023  -000,25.823,0,0,0,0,0,0,1,0,0,0,0,0,0
72873108,980100,2.023E+11,20230224,719,,,US23,,,US0023,US0023,0,098 US-23,US0023,N,N,NULL,NULL,NULL,N,NULL,NULL,NULL,NULL,NULL,NULL,26.285,NULL,NULL,NULL,NULL,,NULL,3,0,2,2,N,N,55,NULL,98,9801,NULL,,Y,37.50368,37,30.221,NULL,-82.53215,82,31.929,NULL,N,NULL,NULL,NULL,NULL,NULL,NULL,NULL,NULL,1,3,4,6,1,1,3,2,7,3,Y,NULL,Y,Y,719,723,808,N,NULL,55,,1,N,,N,N,098-US-0023-0,NULL,NULL,2023,C,7.28731E+11,098-US-0023  -000,HIGH,098-US-0023  -000,26.222,0,0,0,0,0,0,0,1,0,0,0,0,0
72815924,980500,2022AR049,20221013,940,,,US 23 SOUTH,,,,,,,,N,N,NULL,NULL,NULL,N,NULL,NULL,NULL,NULL,NULL,NULL,NULL,NULL,NULL,NULL,NULL,NULL,NULL,0,0,2,2,N,N,45,NULL,98,9807,NULL,,Y,37.52827,37,31.696,NULL,-82.57539,82,34.523,NULL,N,NULL,NULL,NULL,NULL,NULL,NULL,NULL,NULL,5,3,6,6,1,5,6,2,7,3,N,NULL,Y,Y,940,945,945,N,NULL,49,,,N,,N,N,,NULL,NULL,2022,O,7.28159E+11,098-US-0023  -010,MEDIUM,098-US-0023  -000,29.34,0,0,0,1,0,0,0,0,0,0,0,0,0
72803918,KSP0900,22-342732,20220903,2257,,,KY612,,,KY0612,KY0612,0,098 KY-612,KY0612,N,N,NULL,NULL,NULL,N,NULL,NULL,NULL,NULL,NULL,NULL,6.354,NULL,NULL,NULL,NULL,,NULL,2,0,1,1,N,N,35,NULL,98,9826,NULL,,Y,37.64778,37,38.867,NULL,-82.31189,82,18.713,NULL,N,NULL,NULL,NULL,NULL,NULL,NULL,NULL,NULL,9,3,2,3,1,5,6,6,7,3,Y,NULL,Y,Y,2257,2315,2315,N,NULL,44,8,0,Y,,N,N,098-KY-0612-0,NULL,NULL,2022,A,7.28039E+11,098-KY-0612  -000,HIGH,098-KY-0612  -000,6.354,0,0,0,0,0,0,0,1,1,1,0,1,0
72813068,980100,2.022E+11,20221004,1736,,,CASSIDY,,BLVD,,,0,098 CS-1191,CS1191,N,N,NULL,NULL,NULL,N,NULL,NULL,NULL,NULL,NULL,NULL,0.159,NULL,NULL,NULL,NULL,,NULL,0,0,2,2,N,N,35,NULL,98,9801,NULL,,Y,37.50367,37,30.22,NULL,-82.53465,82,32.079,NULL,N,NULL,NULL,NULL,NULL,NULL,NULL,NULL,NULL,1,3,4,3,1,1,2,2,1,3,N,NULL,Y,N,1736,1736,1758,N,NULL,55,,,N,,N,N,098-CS-1191-0,NULL,NULL,2022,O,7.28131E+11,098-CS-1191  -000,HIGH,098-CS-1191  -000,0.159,0,0,0,1,0,0,1,0,0,0,0,0,0
72800589,980500,2022AR040,20220901,1450,,,US 23 SOUTH,,,,,,,,N,N,NULL,NULL,NULL,N,NULL,NULL,NULL,NULL,NULL,NULL,NULL,NULL,NULL,NULL,NULL,NULL,NULL,0,0,2,2,N,N,45,NULL,98,9807,NULL,,Y,37.51561,37,30.937,NULL,-82.56017,82,33.61,NULL,N,NULL,NULL,NULL,NULL,NULL,NULL,NULL,NULL,8,3,6,6,1,1,2,2,7,3,N,NULL,Y,Y,1450,1450,1450,N,NULL,53,,,N,,N,N,,NULL,NULL,2022,O,7.28006E+11,098-US-0023  -010,MEDIUM,098-US-0023  -000,28.107,0,0,0,0,0,0,1,0,0,0,0,1,0
72786461,980100,2.022E+11,20220629,1236,,,US23,,,US0023,US0023,0,098 US-23-10,US0023,N,N,NULL,NULL,NULL,N,NULL,NULL,NULL,NULL,NULL,NULL,26.314,NULL,NULL,NULL,NULL,,NULL,0,0,2,2,N,N,55,NULL,98,9801,NULL,,Y,37.50409,37,30.245,NULL,-82.5324,82,31.944,NULL,N,NULL,NULL,NULL,NULL,NULL,NULL,NULL,NULL,5,3,4,6,1,1,2,2,1,3,N,NULL,Y,N,1236,1243,,N,NULL,49,,1,N,,N,N,098-US-0023-10,NULL,NULL,2022,O,7.27865E+11,098-US-0023  -010,HIGH,098-US-0023  -000,26.314,0,0,0,0,0,0,1,0,0,0,0,0,0
72735532,KSP0900,22-73228,20220228,800,,,KY292,,,KY0292,KY0292,0,098 KY-292,KY0292,N,N,NULL,NULL,NULL,N,NULL,NULL,NULL,NULL,NULL,NULL,4.879,NULL,NULL,NULL,NULL,,NULL,0,0,1,1,N,N,45,NULL,98,9869,NULL,,Y,37.66225,37,39.735,NULL,-82.2707,82,16.242,NULL,N,NULL,NULL,NULL,NULL,NULL,NULL,NULL,NULL,9,3,2,6,1,2,2,2,7,3,N,NULL,Y,N,800,830,800,Y,NULL,40,8,0,N,,N,N,098-KY-0292-0,NULL,NULL,2022,O,7.27355E+11,098-KY-0292  -000,HIGH,098-KY-0292  -000,4.879,0,0,0,0,0,0,0,0,0,0,0,1,0
72826415,980100,2.022E+11,20221105,1812,,,THOMPSON,,RD,,,0,098 CS-1215,CS1215,Y,N,NULL,NULL,NULL,N,NULL,NULL,NULL,NULL,NULL,NULL,0.492,NULL,NULL,NULL,NULL,,NULL,0,0,2,2,N,N,15,NULL,98,9801,NULL,,Y,37.50609,37,30.365,NULL,-82.54379,82,32.628,NULL,N,NULL,NULL,NULL,NULL,NULL,NULL,NULL,NULL,5,97,NULL,6,1,1,2,2,1,3,N,NULL,Y,N,1812,1818,1833,N,NULL,90,,,N,,N,N,098-CS-1215-0,NULL,NULL,2022,O,7.28264E+11,098-CS-1215  -000,HIGH,098-CS-1215  -000,0.492,0,0,0,0,0,0,1,0,0,0,0,0,0
72837040,KSP0900,22-461719,20221202,2017,,,TOLER,,RD,KY0319,KY0319,0,098 KY-319,KY0319,N,N,NULL,NULL,NULL,N,NULL,NULL,NULL,NULL,NULL,NULL,5.543,NULL,NULL,NULL,NULL,,NULL,0,0,1,1,N,N,45,NULL,98,9842,NULL,,Y,37.62652,37,37.591,NULL,-82.24792,82,14.875,NULL,N,NULL,NULL,NULL,NULL,NULL,NULL,NULL,NULL,9,3,2,6,1,5,6,6,7,3,N,NULL,N,N,2017,2055,2055,N,NULL,40,7,0,N,,N,N,098-KY-0319-0,NULL,NULL,2022,O,7.2837E+11,098-KY-0319  -000,HIGH,098-KY-0319  -000,5.543,0,0,0,0,0,0,0,0,0,1,0,1,0
72805433,KSP0900,22-350352,20220909,1414,,,KY194,,,KY0194,KY0194,0,098 KY-194,KY0194,N,N,NULL,NULL,NULL,N,NULL,NULL,NULL,NULL,NULL,NULL,65.471,NULL,NULL,NULL,NULL,,NULL,0,0,1,1,N,N,35,NULL,98,9825,NULL,,Y,37.53764,37,32.259,NULL,-82.1008,82,6.048,NULL,N,NULL,NULL,NULL,NULL,NULL,NULL,NULL,NULL,9,3,2,3,1,1,2,2,7,3,N,NULL,N,N,1409,1448,1450,Y,NULL,40,7,0,N,,N,N,098-KY-0194-0,NULL,NULL,2022,O,7.28054E+11,098-KY-0194  -000,HIGH,098-KY-0194  -000,65.471,0,0,0,0,0,0,1,0,0,0,0,1,0
72928368,980200,980200,20230606,1800,,12921,US460,,,US0460,US0460,0,098 US-460,US0460,N,N,NULL,NULL,NULL,N,NULL,NULL,NULL,NULL,NULL,NULL,12.58,NULL,NULL,NULL,NULL,,NULL,1,0,1,1,N,N,55,NULL,98,9802,5,NW,N,37.34211,37,20.527,NULL,-82.39435,82,23.661,NULL,N,NULL,NULL,NULL,NULL,NULL,NULL,NULL,NULL,9,5,2,6,1,1,2,2,1,3,Y,NULL,Y,Y,1620,1628,1730,N,NULL,44,,1,N,,N,N,098-US-0460-0,NULL,NULL,2023,A,7.29284E+11,098-US-0460  -000,HIGH,098-US-0460  -000,12.581,0,0,0,0,0,0,1,0,0,0,0,1,0
72824722,980100,2.022E+11,20221103,1555,,,SMITH,,ST,,,0,098 CS-1163,CS1163,Y,N,NULL,NULL,NULL,N,NULL,NULL,NULL,NULL,NULL,NULL,0.027,NULL,NULL,NULL,NULL,,NULL,0,0,2,2,N,N,15,NULL,98,9801,NULL,,Y,37.48328,37,28.997,NULL,-82.52177,82,31.307,NULL,N,NULL,NULL,NULL,NULL,NULL,NULL,NULL,NULL,2,97,NULL,6,1,1,2,2,6,3,N,NULL,Y,N,1556,1557,1557,N,NULL,90,,,N,,N,N,098-CS-1163-0,NULL,NULL,2022,O,7.28247E+11,098-CS-1163  -000,HIGH,098-CS-1163  -000,0.027,0,0,0,0,0,0,1,0,0,0,0,0,0
72847004,980000,22-12-003,20221216,545,,,BIG CREEK,E,RD,KY3220,KY3220,0,098 KY-3220,KY3220,N,N,NULL,NULL,NULL,N,NULL,NULL,NULL,NULL,NULL,NULL,1.577,NULL,NULL,NULL,NULL,,NULL,0,0,1,1,N,N,55,NULL,98,9838,NULL,,Y,37.61519,37,36.911,NULL,-82.34486,82,20.692,NULL,N,NULL,NULL,NULL,NULL,NULL,NULL,NULL,NULL,9,3,2,6,1,1,10,6,6,3,N,NULL,Y,N,545,645,700,N,NULL,38,8,0,N,,N,N,098-KY-3220-0,NULL,NULL,2022,O,7.2847E+11,098-KY-3220  -000,HIGH,098-KY-3220  -000,1.577,0,0,0,0,0,0,0,0,0,0,0,1,0
72804356,980100,2.022E+11,20220910,1057,,,US119,,,US0119,US0119,,,,N,N,NULL,NULL,NULL,N,NULL,NULL,NULL,NULL,NULL,NULL,0.104,NULL,NULL,NULL,NULL,,NULL,0,0,3,3,N,N,55,NULL,98,9801,NULL,,Y,37.50415,37,30.249,NULL,-82.5302,82,31.813,NULL,N,NULL,NULL,NULL,NULL,NULL,NULL,NULL,NULL,5,3,4,6,1,1,3,2,7,3,N,NULL,Y,N,1057,1109,1136,N,NULL,49,2,1,N,,N,N,,NULL,NULL,2022,O,7.28044E+11,098-US-0119  -010,MEDIUM,098-US-0119  -000,0.104,0,0,1,0,0,0,1,0,0,0,0,0,0
72830018,KSP0900,22-439267,20221115,1715,,,US119,,,US0119,US0119,0,098 US-119,US0119,N,N,NULL,NULL,NULL,N,NULL,NULL,NULL,NULL,NULL,NULL,4.284,NULL,NULL,NULL,NULL,,NULL,0,0,1,1,N,N,55,NULL,98,9828,NULL,,Y,37.51674,37,31.004,NULL,-82.45922,82,27.553,NULL,N,NULL,NULL,NULL,NULL,NULL,NULL,NULL,NULL,9,3,2,6,1,5,6,6,7,3,N,NULL,N,N,1715,1715,1715,N,NULL,38,2,1,N,,N,N,098-US-0119-0,NULL,NULL,2022,O,7.283E+11,098-US-0119  -000,HIGH,098-US-0119  -000,4.284,0,0,0,0,0,0,0,0,0,0,0,0,0
72847845,980500,2022AR062,20221228,1245,,,US 23 NORTH,,,,,,,,N,N,NULL,NULL,NULL,N,NULL,NULL,NULL,NULL,NULL,NULL,NULL,NULL,NULL,NULL,NULL,NULL,NULL,0,0,2,2,N,N,45,NULL,98,9807,NULL,,Y,37.52195,37,31.317,NULL,-82.57005,82,34.203,NULL,N,NULL,NULL,NULL,NULL,NULL,NULL,NULL,NULL,5,3,6,6,1,1,2,2,7,3,N,NULL,Y,Y,1245,1245,1245,N,NULL,49,,,N,,N,N,,NULL,NULL,2022,O,7.28478E+11,098-US-0023  -000,MEDIUM,098-US-0023  -000,28.815,0,0,0,1,0,0,0,1,0,0,0,0,0
72842979,KSP0900,22-475219,20221213,1233,,,US119,,,US0119,US0119,0,098 US-119,US0119,N,N,NULL,NULL,NULL,N,NULL,NULL,NULL,NULL,NULL,NULL,22.07,NULL,NULL,NULL,NULL,,NULL,0,0,2,2,N,N,55,NULL,98,9836,NULL,,Y,37.63421,37,38.053,NULL,-82.26195,82,15.717,NULL,N,NULL,NULL,NULL,NULL,NULL,NULL,NULL,NULL,1,3,2,3,1,1,2,2,7,3,N,NULL,Y,N,1233,1340,1400,N,NULL,55,2,1,N,,N,N,098-US-0119-0,NULL,NULL,2022,O,7.2843E+11,098-US-0119  -000,HIGH,098-US-0119  -000,22.07,0,0,0,1,0,0,1,0,0,0,0,0,0
72817819,KSP0900,22-386435,20221006,1545,,,KY194,,,KY0194,KY0194,0,098 KY-194,KY0194,N,N,NULL,NULL,NULL,N,NULL,NULL,NULL,NULL,NULL,NULL,56.9,NULL,NULL,NULL,NULL,,NULL,0,0,1,1,N,N,35,NULL,98,9801,NULL,,Y,37.53133,37,31.88,NULL,-82.16026,82,9.616,NULL,N,NULL,NULL,NULL,NULL,NULL,NULL,NULL,NULL,9,3,2,1,1,1,2,2,7,3,N,NULL,N,N,1545,1630,1630,N,NULL,44,7,0,N,,N,N,098-KY-0194-0,NULL,NULL,2022,O,7.28178E+11,098-KY-0194  -000,HIGH,098-KY-0194  -000,56.9,0,0,0,0,0,0,0,0,0,0,0,1,0
72886660,KSP0900,23-140699,20230413,1839,,,BIG CREEK,E,RD,KY3220,KY3220,0,098 KY-3220,KY3220,N,N,NULL,NULL,NULL,N,NULL,NULL,NULL,NULL,NULL,NULL,2.554,NULL,NULL,NULL,NULL,,NULL,0,0,2,2,N,N,35,NULL,98,9838,NULL,,Y,37.6081,37,36.486,NULL,-82.32919,82,19.751,NULL,N,NULL,NULL,NULL,NULL,NULL,NULL,NULL,NULL,1,3,2,6,1,1,2,2,7,3,N,NULL,N,N,1839,1936,1936,N,NULL,55,8,0,N,,N,N,098-KY-3220-0,NULL,NULL,2023,O,7.28867E+11,098-KY-3220  -000,HIGH,098-KY-3220  -000,2.568,0,0,0,0,0,0,1,0,0,0,0,0,0
72833890,980100,2.022E+11,20221125,1339,,215,CASSIDY,,BLVD,,,,,,Y,N,NULL,NULL,NULL,N,NULL,NULL,NULL,NULL,NULL,NULL,0.239,NULL,NULL,NULL,NULL,,NULL,0,0,2,2,N,N,15,NULL,98,9801,NULL,,Y,37.50423,37,30.254,NULL,-82.53581,82,32.149,NULL,N,NULL,NULL,NULL,NULL,NULL,NULL,NULL,NULL,5,97,NULL,6,1,5,3,2,1,3,N,NULL,Y,N,1339,1346,,N,NULL,90,,,N,,N,N,,NULL,NULL,2022,O,7.28339E+11,098-CS-1191  -000,LOW,098-CS-1191  -000,0.239,0,0,0,0,0,0,0,0,0,0,0,0,0
72802195,980100,2.022E+11,20220831,2253,,,US23,,,US0023,US0023,0,098 US-23,US0023,N,N,NULL,NULL,NULL,N,NULL,NULL,NULL,NULL,NULL,NULL,24.668,NULL,NULL,NULL,NULL,,NULL,0,0,1,1,N,N,55,NULL,98,9801,NULL,,Y,37.48399,37,29.039,NULL,-82.54289,82,32.574,NULL,N,NULL,NULL,NULL,NULL,NULL,NULL,NULL,NULL,9,3,4,6,1,1,3,5,7,3,N,NULL,Y,N,2253,2358,,N,NULL,70,,1,N,,N,N,098-US-0023-0,NULL,NULL,2022,O,7.28022E+11,098-US-0023  -000,HIGH,098-US-0023  -000,24.668,0,0,0,0,0,0,0,0,0,0,0,0,0
72806639,980100,2.022E+11,20220907,1228,,,BAIRD,,AVE,KY1426,KY1426,,,,Y,N,NULL,NULL,NULL,N,NULL,NULL,NULL,NULL,NULL,NULL,5.404,NULL,NULL,NULL,NULL,,NULL,0,0,2,2,N,Y,NULL,NULL,98,9801,NULL,,Y,37.47315,37,28.389,NULL,-82.52708,82,31.625,NULL,N,NULL,NULL,NULL,NULL,NULL,NULL,NULL,NULL,8,97,NULL,6,1,1,2,2,1,3,N,NULL,Y,N,1228,1233,,N,NULL,90,,0,N,,N,N,,NULL,NULL,2022,O,7.28066E+11,098-KY-1426  -000,HIGH,098-KY-1426  -000,5.404,0,0,0,0,0,0,1,0,0,0,0,0,0
72845408,KSP0900,22-485326,20221220,2244,,,COWPEN,,RD,KY2061,KY2061,0,098 KY-2061,KY2061,N,N,NULL,NULL,NULL,N,NULL,NULL,NULL,NULL,NULL,NULL,1.347,NULL,NULL,NULL,NULL,,NULL,0,0,1,1,N,N,55,NULL,98,9807,NULL,,Y,37.54506,37,32.704,NULL,-82.56194,82,33.717,NULL,N,NULL,NULL,NULL,NULL,NULL,NULL,NULL,NULL,9,3,2,3,1,1,2,6,7,3,N,NULL,Y,N,2244,2300,2300,N,NULL,44,,0,N,,N,N,098-KY-2061-0,NULL,NULL,2022,O,7.28454E+11,098-KY-2061  -000,HIGH,098-KY-2061  -000,1.347,0,0,0,0,0,0,1,0,0,0,0,1,0
72847707,980100,2.022E+11,20221223,1500,,,,,,US0119,US0119,,,,N,N,NULL,NULL,NULL,N,NULL,NULL,NULL,NULL,NULL,NULL,0.019,NULL,NULL,NULL,NULL,NULL,NULL,0,0,1,1,N,N,35,NULL,98,9801,1,N,N,37.51273,37,30.764,NULL,-82.48035,82,28.821,NULL,Y,US0119,N,NULL,098 US-119-111,KY3111,N,NULL,098 US-119-111,9,5,2,4,1,2,3,2,7,3,N,NULL,Y,N,1500,1520,1520,N,NULL,72,2,1,N,,N,N,,NULL,NULL,2022,O,7.28477E+11,098-US-0119  -111,MEDIUM,098-US-0119  -111,0.019,0,0,0,1,0,0,0,0,0,0,0,1,0
72801391,KSP0900,22-343504,20220904,1551,,,GREASY,,CRK,KY3226,KY3226,0,098 KY-3226,KY3226,N,N,NULL,NULL,NULL,N,NULL,NULL,NULL,NULL,NULL,NULL,2.98,NULL,NULL,NULL,NULL,,NULL,0,0,1,1,N,N,55,NULL,98,9832,NULL,,Y,37.41372,37,24.823,NULL,-82.45754,82,27.453,NULL,N,NULL,NULL,NULL,NULL,NULL,NULL,NULL,NULL,9,3,2,6,1,5,6,2,7,3,N,NULL,Y,N,1551,1551,1700,N,NULL,70,8,0,N,,N,N,098-KY-3226-0,NULL,NULL,2022,O,7.28014E+11,098-KY-3226  -000,HIGH,098-KY-3226  -000,2.98,0,0,0,0,0,0,1,0,0,0,0,1,0
72868746,980100,2.023E+11,20230224,759,,,US119,,,US0119,US0119,0,098 US-119,US0119,N,N,NULL,NULL,NULL,N,NULL,NULL,NULL,NULL,NULL,NULL,0.043,NULL,NULL,NULL,NULL,,NULL,0,0,2,2,N,N,55,NULL,98,9801,NULL,,Y,37.50395,37,30.237,NULL,-82.53126,82,31.875,NULL,N,NULL,NULL,NULL,NULL,NULL,NULL,NULL,NULL,5,3,4,6,1,1,2,2,7,3,N,NULL,Y,N,808,809,815,N,NULL,49,2,1,N,,N,N,098-US-0119-0,NULL,NULL,2023,O,7.28687E+11,098-US-0119  -000,HIGH,098-US-0119  -000,0.05,0,0,0,0,0,0,0,0,0,0,0,0,0
72815734,980100,2.022E+11,20221011,1718,,,BYPASS,S,RD,KY1426,KY1426,0,098 KY-1426,KY1426,Y,N,NULL,NULL,NULL,N,NULL,NULL,NULL,NULL,NULL,NULL,5.521,NULL,NULL,NULL,NULL,,NULL,0,0,2,2,N,N,NULL,NULL,98,9801,NULL,,Y,37.47234,37,28.34,NULL,-82.52589,82,31.553,NULL,N,NULL,NULL,NULL,NULL,NULL,NULL,NULL,NULL,8,97,2,6,1,1,2,2,1,3,N,NULL,Y,Y,1718,1724,1751,N,NULL,90,,0,N,,N,N,098-KY-1426-0,NULL,NULL,2022,O,7.28157E+11,098-KY-1426  -000,HIGH,098-KY-1426  -000,5.521,0,0,0,0,0,0,1,0,0,0,0,0,0
72854352,980100,2.023E+11,20230113,1756,,,CASSIDY,,BLVD,,,0,098 CS-1191,CS1191,Y,N,NULL,NULL,NULL,N,NULL,NULL,NULL,NULL,NULL,NULL,0.446,NULL,NULL,NULL,NULL,,NULL,0,0,2,2,Y,N,15,NULL,98,9801,NULL,,Y,37.50422,37,30.253,NULL,-82.53908,82,32.345,NULL,N,NULL,NULL,NULL,NULL,NULL,NULL,NULL,NULL,7,97,2,2,1,5,9,5,1,3,N,NULL,N,N,1756,1802,1802,N,NULL,90,,,N,,N,N,098-CS-1191-0,NULL,NULL,2023,O,7.28544E+11,098-CS-1191  -000,HIGH,098-CS-1191  -000,0.448,0,0,0,0,0,0,0,0,0,0,0,0,0
72861520,980100,2.023E+11,20230203,1348,,,US23,,,US0023,US0023,0,098 US-23,US0023,N,Y,KY3496,,,N,NULL,NULL,NULL,NULL,NULL,NULL,23.062,NULL,NULL,NULL,NULL,,NULL,0,0,2,2,N,N,55,NULL,98,9801,NULL,,Y,37.46594,37,27.957,NULL,-82.52807,82,31.684,NULL,N,NULL,NULL,NULL,NULL,NULL,NULL,NULL,NULL,8,3,4,6,1,1,2,2,1,3,N,NULL,Y,N,1343,1345,1348,N,NULL,19,,1,N,,N,N,098-US-0023-0,NULL,NULL,2023,O,7.28615E+11,098-US-0023  -000,HIGH,098-US-0023  -000,22.997,0,0,0,1,0,0,1,1,0,0,1,0,0
72743997,980100,2.022E+11,20220318,1548,,,BYPASS,S,RD,KY1426,KY1426,0,098 KY-1426,KY1426,N,Y,COMBS,,AVE,N,NULL,NULL,NULL,NULL,NULL,NULL,6.472,NULL,NULL,NULL,NULL,,NULL,0,0,2,2,N,N,35,NULL,98,9801,NULL,,Y,37.48168,37,28.901,NULL,-82.51417,82,30.85,NULL,N,NULL,NULL,NULL,NULL,NULL,NULL,NULL,NULL,3,3,2,6,1,1,2,2,7,3,N,NULL,Y,N,1548,1551,1601,N,NULL,52,,0,N,,N,N,098-KY-1426-0,NULL,NULL,2022,O,7.2744E+11,098-KY-1426  -000,HIGH,098-KY-1426  -000,6.472,0,0,0,0,0,0,0,0,0,0,1,0,0
72744857,980100,2.022E+11,20220325,1859,,,THOMPSON,,RD,,,0,098 CS-1215,CS1215,Y,N,NULL,NULL,NULL,N,NULL,NULL,NULL,NULL,NULL,NULL,0.494,NULL,NULL,NULL,NULL,,NULL,0,0,2,2,Y,N,NULL,NULL,98,9801,NULL,,Y,37.50606,37,30.364,NULL,-82.54377,82,32.626,NULL,N,NULL,NULL,NULL,NULL,NULL,NULL,NULL,NULL,1,7,NULL,6,1,1,2,2,2,3,N,NULL,N,N,1859,1904,1904,N,NULL,90,,,N,,N,N,098-CS-1215-0,NULL,NULL,2022,NULL,7.27449E+11,098-CS-1215  -000,HIGH,098-CS-1215  -000,0.494,0,0,0,0,0,0,0,0,0,0,0,0,0
72834363,KSP0900,22-454102,20221127,3,,,KY194,E,,KY0194,KY0194,0,098 KY-194,KY0194,N,N,NULL,NULL,NULL,N,NULL,NULL,NULL,NULL,NULL,NULL,55.668,NULL,NULL,NULL,NULL,,NULL,0,0,1,1,N,N,35,NULL,98,9804,NULL,,Y,37.52087,37,31.252,NULL,-82.15462,82,9.277,NULL,N,NULL,NULL,NULL,NULL,NULL,NULL,NULL,NULL,9,3,2,6,1,1,2,7,7,3,N,NULL,Y,N,3,43,43,N,NULL,38,7,0,N,,N,N,098-KY-0194-0,NULL,NULL,2022,O,7.28344E+11,098-KY-0194  -000,HIGH,098-KY-0194  -000,55.668,0,0,0,0,0,0,0,0,0,0,0,0,0