MasterFile,AgencyORINumber,LocalCode,CollisionDate,CollisionTime,CollisionDayWeekCode,RoadwayName_HouseBusinessNumber_,RoadwayName_RoadwayName_,RoadwayName_Direction_,RoadwayName_RoadwaySuffix_,RoadwayfromReport,CurrentRoadwayNumber,RoadwayNumberCoupletID,RSEUniqueGIS,RoadwayIdentifier,ParkingLotIndicator,IntersectionWith_Indicator_,IntersectionWith_NameRoadway_,IntersectionWith_Direction_,IntersectionWith_RoadwaySuffix_,BetweenStreets_Indicator_,BetweenStreets1_NameRoadway_,BetweenStreet1_Direction_,BetweenStreets1_RoadwaySuffix_,BetweenStreets2_NameRoadway_,BetweenStreets2_Direction_,BetweenStreets2_RoadwaySuffix_,Milepoint,ReportMilepointDeriveNumber,CurrentDerivedMiepointNumber,MilestoMilepoint,FeettoMilepoint,DirectionfromMilepoint_NSEW_,ValidMilepointIndicator,NumberInjured,NumberKilled,ofUnits,ofMotorVehicleUnits,Hit&RunIndicator,OneWayIndicator,SpeedLimitNumber,KilometersIndicator,CountyCode,CityCountyCode,MilesFromCity,DirectionFromCity_NSEW_,InCityLimitsIndicator,Latitude,LatitudeDegrees,LatitudeMinutes,LatitudeSeconds,Longitude,LongitudeDegrees,LongitudeMinutes,LongitudeSeconds,RampIndicator,RampFromIdentifier,RampFromDirCode,RampFromCoupletID,RSEUniqueGISRampFrom,RampToidentifier,RampToDirCode,RampToCoupletID,RSEUniqueGisRampTo,MannerofCollisionCode,LocationFirstEventCode,TotalLanes,RoadwayCharacterCode,RoadwaySurfaceCode,RoadwayConditionCode,WeatherCode,LightConditionCode,LandUseCode,SchoolBusRelatedCode,FirstAidSceneIndicator,CollDescPresentInd,InvestigationCompleteIndicator,PhotosTakenIndicator,TimeNotified,TimeArrived,TimeRoadwayOpened,PropertyDamageIndicator,DiagramPresentIndicator,DirectionalAnalysis,FunctionClassCode,NationalHwySysCode,EnforcementsIndicator,KARSCityCode,SecondaryCollisionIndicator,MedianCrossoverIndicator,RT_UNIQUE,MapIt,TimeLastLeft,YR,KABCO,MFNY,WorkingRID,RT_CONFIDENCE,KTC_RT,KTC_MP,Motorcyclist,CommercialVehicle,YoungDriver,MatureDriver,pedestrian,Bicyclist,Distracted,agressive,Impaired,Unrestrained,Intersection,RoadwayDeparture,MedXover
72825394,980100,2.022E+11,20221031,1143,,101,BAIRD,,AVE,KY1426,KY1426,,,,Y,N,NULL,NULL,NULL,N,NULL,NULL,NULL,NULL,NULL,NULL,5.392,NULL,NULL,NULL,NULL,,NULL,0,0,2,2,N,N,55,NULL,98,9801,NULL,,Y,37.47322,37,28.393,NULL,-82.52711,82,31.627,NULL,N,NULL,NULL,NULL,NULL,NULL,NULL,NULL,NULL,5,97,2,6,1,5,3,2,5,3,N,NULL,Y,N,1143,1150,1150,N,NULL,90,,0,N,,N,N,,NULL,NULL,2022,O,7.28254E+11,098-KY-1426  -000,HIGH,098-KY-1426  -000,5.392,0,0,1,0,0,0,0,0,0,0,0,0,0
72858826,980100,2.023E+11,20230120,947,,,US23,,,US0023,US0023,0,098 US-23-10,US0023,N,Y,OWSLEY,,RD,N,NULL,NULL,NULL,NULL,NULL,NULL,24.358,NULL,NULL,NULL,NULL,,NULL,0,0,1,1,N,N,55,NULL,98,9801,NULL,,Y,37.47941,37,28.765,NULL,-82.54277,82,32.566,NULL,N,NULL,NULL,NULL,NULL,NULL,NULL,NULL,NULL,9,3,4,6,1,1,3,2,3,3,N,NULL,Y,Y,947,949,949,Y,NULL,35,,1,N,,N,N,098-US-0023-10,NULL,NULL,2023,O,7.28588E+11,098-US-0023  -010,HIGH,098-US-0023  -000,24.283,0,1,0,0,0,0,0,0,0,0,1,0,0
72827239,KSP0900,22-411089,20221025,1320,,,KY1426,,,KY1426,KY1426,0,098 KY-1426,KY1426,N,N,NULL,NULL,NULL,N,NULL,NULL,NULL,NULL,NULL,NULL,13.012,NULL,NULL,NULL,NULL,,NULL,1,0,2,2,N,N,45,NULL,98,9828,NULL,,Y,37.54687,37,32.812,NULL,-82.46167,82,27.7,NULL,N,NULL,NULL,NULL,NULL,NULL,NULL,NULL,NULL,5,3,2,6,1,1,3,2,7,3,Y,NULL,Y,N,1323,1343,1430,N,NULL,49,7,0,N,,N,N,098-KY-1426-0,NULL,NULL,2022,C,7.28272E+11,098-KY-1426  -000,HIGH,098-KY-1426  -000,13.012,0,0,1,0,0,0,1,0,0,0,0,0,0
72796640,980100,2.022E+11,20220822,1633,,,CASSIDY,,BLVD,,,0,098 CS-1191,CS1191,Y,N,NULL,NULL,NULL,N,NULL,NULL,NULL,NULL,NULL,NULL,0.306,NULL,NULL,NULL,NULL,,NULL,0,0,2,2,N,N,15,NULL,98,9801,NULL,,Y,37.50504,37,30.302,NULL,-82.53692,82,32.215,NULL,N,NULL,NULL,NULL,NULL,NULL,NULL,NULL,NULL,2,97,1,6,1,1,2,2,1,3,N,NULL,Y,N,1633,1647,1647,N,NULL,90,,,N,,N,N,098-CS-1191-0,NULL,NULL,2022,O,7.27966E+11,098-CS-1191  -000,HIGH,098-CS-1191  -000,0.306,0,0,0,0,0,0,1,0,0,0,0,0,0
72747120,KSP0900,22-121605,20220404,1044,,,US23,,,US0023,US0023,0,098 US-23,US0023,N,N,NULL,NULL,NULL,N,NULL,NULL,NULL,NULL,NULL,NULL,2.94,NULL,NULL,NULL,NULL,,NULL,1,0,1,1,N,N,55,NULL,98,9827,NULL,,Y,37.27221,37,16.333,NULL,-82.59857,82,35.914,NULL,N,NULL,NULL,NULL,NULL,NULL,NULL,NULL,NULL,9,3,4,3,1,1,3,2,7,3,Y,NULL,Y,Y,1044,1049,1130,N,NULL,70,,1,N,,N,Y,098-US-0023-0,NULL,NULL,2022,C,7.27471E+11,098-US-0023  -000,HIGH,098-US-0023  -000,2.94,0,0,0,0,0,0,1,0,0,0,0,1,0
72807472,980100,2.022E+11,20220920,1509,,,CASSIDY,,BLVD,,,0,098 CS-1191,CS1191,Y,N,NULL,NULL,NULL,N,NULL,NULL,NULL,NULL,NULL,NULL,0.053,NULL,NULL,NULL,NULL,,NULL,0,0,2,2,N,N,15,NULL,98,9801,NULL,,Y,37.50368,37,30.221,NULL,-82.53301,82,31.981,NULL,N,NULL,NULL,NULL,NULL,NULL,NULL,NULL,NULL,2,97,1,6,1,1,2,2,1,3,N,NULL,Y,N,1509,1517,,N,NULL,90,,,N,,N,N,098-CS-1191-0,NULL,NULL,2022,O,7.28075E+11,098-CS-1191  -000,HIGH,098-CS-1191  -000,0.053,0,0,0,0,0,0,1,0,0,0,0,0,0
72812280,KSP0900,22-382969,20221003,2002,,,KY1426,,,KY1426,KY1426,0,098 KY-1426,KY1426,N,N,NULL,NULL,NULL,N,NULL,NULL,NULL,NULL,NULL,NULL,10.892,NULL,NULL,NULL,NULL,,NULL,1,0,2,1,N,N,35,NULL,98,9828,NULL,,Y,37.52214,37,31.328,NULL,-82.47341,82,28.405,NULL,N,NULL,NULL,NULL,NULL,NULL,NULL,NULL,NULL,9,3,2,6,1,1,2,6,7,3,Y,NULL,Y,Y,2002,2027,2122,N,NULL,36,7,0,N,,N,N,098-KY-1426-0,NULL,NULL,2022,A,7.28123E+11,098-KY-1426  -000,HIGH,098-KY-1426  -000,10.892,0,0,0,0,1,0,1,0,0,0,0,0,0
72873468,980100,2.023E+11,20230208,915,,,SCOTT,,AVE,,,0,098 CS-1116,CS1116,N,N,NULL,NULL,NULL,N,NULL,NULL,NULL,NULL,NULL,NULL,0.058,NULL,NULL,NULL,NULL,,NULL,0,0,2,2,N,N,15,NULL,98,9801,NULL,,Y,37.48254,37,28.952,NULL,-82.51635,82,30.981,NULL,N,NULL,NULL,NULL,NULL,NULL,NULL,NULL,NULL,1,3,1,6,1,1,2,2,1,3,N,NULL,Y,N,915,918,,N,NULL,55,,,N,,N,N,098-CS-1116-0,NULL,NULL,2023,O,7.28735E+11,098-CS-1116  -000,HIGH,098-CS-1116  -000,0.06,0,0,0,0,0,0,1,0,0,0,0,0,0
72847032,KSP0900,22-484558,20221220,1351,,,US23,,,US0023,US0023,0,098 US-23,US0023,N,N,NULL,NULL,NULL,N,NULL,NULL,NULL,NULL,NULL,NULL,31.837,NULL,NULL,NULL,NULL,,NULL,0,0,2,2,N,N,55,NULL,98,9801,NULL,,Y,37.53746,37,32.248,NULL,-82.60585,82,36.351,NULL,N,NULL,NULL,NULL,NULL,NULL,NULL,NULL,NULL,5,7,4,6,1,1,2,2,7,3,N,NULL,Y,N,1311,1351,1351,N,NULL,47,,1,N,,N,N,098-US-0023-0,NULL,NULL,2022,O,7.2847E+11,098-US-0023  -000,HIGH,098-US-0023  -000,31.837,0,0,0,1,0,0,1,0,0,0,0,0,0
72847315,KSP0900,2022-493556,20221226,1815,,,KY1469,,,KY1469,KY1469,0,098 KY-1469,KY1469,N,N,NULL,NULL,NULL,N,NULL,NULL,NULL,NULL,NULL,NULL,6.844,NULL,NULL,NULL,NULL,,NULL,0,0,2,2,N,N,45,NULL,98,9827,NULL,,Y,37.30471,37,18.283,NULL,-82.644,82,38.64,NULL,N,NULL,NULL,NULL,NULL,NULL,NULL,NULL,NULL,7,3,2,6,1,1,2,5,6,3,N,NULL,Y,N,1815,1849,1849,N,NULL,54,8,0,N,,N,N,098-KY-1469-0,NULL,NULL,2022,O,7.28473E+11,098-KY-1469  -000,HIGH,098-KY-1469  -000,6.844,0,0,0,0,0,0,0,0,0,0,0,1,0
72867993,KSP0900,23-68828,20230222,1124,,,COLLINS,,HWY,KY0122,KY0122,0,098 KY-122,KY0122,Y,N,NULL,NULL,NULL,N,NULL,NULL,NULL,NULL,NULL,NULL,NULL,NULL,NULL,NULL,NULL,,NULL,0,0,2,2,Y,N,5,NULL,98,9827,NULL,,Y,37.38697,37,23.218,NULL,-82.53861,82,32.317,NULL,N,NULL,NULL,NULL,NULL,NULL,NULL,NULL,NULL,1,7,NULL,6,1,1,2,2,1,3,N,NULL,Y,N,1351,1410,1410,N,NULL,90,,0,N,,N,N,098-KY-0122-0,NULL,NULL,2023,NULL,7.2868E+11,098-KY-0122  -000,HIGH,098-KY-0122  -000,10.684,0,0,0,0,0,0,1,0,0,0,0,0,0
72819888,KSP0900,22-406736,20221022,1044,,,US119,,,US0119,US0119,0,098 US-119-10,US0119,N,N,NULL,NULL,NULL,N,NULL,NULL,NULL,NULL,NULL,NULL,20.73,NULL,NULL,NULL,NULL,,NULL,1,0,2,2,N,N,55,NULL,98,9836,NULL,,Y,37.61855,37,37.113,NULL,-82.26936,82,16.161,NULL,N,NULL,NULL,NULL,NULL,NULL,NULL,NULL,NULL,7,3,2,1,1,1,2,2,7,3,N,NULL,Y,Y,1044,1050,1400,N,NULL,54,2,1,N,,N,Y,098-US-0119-10,NULL,NULL,2022,C,7.28199E+11,098-US-0119  -010,HIGH,098-US-0119  -000,20.73,0,0,0,1,0,0,0,0,0,0,0,1,1
72807561,KSP0900,22-361408,20220917,1652,,53147,KY194,,,KY0194,KY0194,0,098 KY-194,KY0194,N,N,NULL,NULL,NULL,N,NULL,NULL,NULL,NULL,NULL,NULL,70.121,NULL,NULL,NULL,NULL,,NULL,0,1,1,1,N,N,55,NULL,98,9825,NULL,,Y,37.49678,37,29.807,NULL,-82.05677,82,3.406,NULL,N,NULL,NULL,NULL,NULL,NULL,NULL,NULL,NULL,9,5,2,3,1,1,2,2,7,3,N,NULL,Y,Y,1653,1718,2006,N,NULL,40,7,0,N,,N,N,098-KY-0194-0,NULL,NULL,2022,K,7.28076E+11,098-KY-0194  -000,HIGH,098-KY-0194  -000,70.121,0,0,1,0,0,0,0,0,0,0,0,1,0
72803893,KSP0900,22-352788,20220911,618,,,ELKHORN,,CRK,KY0197,KY0197,,,,N,N,NULL,NULL,NULL,N,NULL,NULL,NULL,NULL,NULL,NULL,8.084,NULL,NULL,NULL,NULL,,NULL,0,0,2,2,N,N,45,NULL,98,9864,NULL,,Y,37.25948,37,15.569,NULL,-82.45543,82,27.326,NULL,N,NULL,NULL,NULL,NULL,NULL,NULL,NULL,NULL,7,3,2,6,1,1,3,1,6,3,N,NULL,N,N,622,636,925,N,NULL,54,7,0,N,,N,N,,NULL,NULL,2022,O,7.28039E+11,098-KY-0197  -000,MEDIUM,098-KY-0197  -000,8.084,0,0,0,0,0,0,1,0,0,0,0,1,0
72746158,980000,22-03-006,20220324,1600,,,KY292,,,KY0292,KY0292,0,098 KY-292,KY0292,N,N,NULL,NULL,NULL,N,NULL,NULL,NULL,NULL,NULL,NULL,0.921,NULL,NULL,NULL,NULL,,NULL,0,0,2,2,N,N,45,NULL,98,9893,3.3,W,N,37.63837,37,38.302,NULL,-82.21834,82,13.1,NULL,N,NULL,NULL,NULL,NULL,NULL,NULL,NULL,NULL,7,3,2,6,1,1,2,2,7,3,N,NULL,Y,Y,1600,1617,,N,NULL,54,8,0,N,,N,N,098-KY-0292-0,NULL,NULL,2022,O,7.27462E+11,098-KY-0292  -000,HIGH,098-KY-0292  -000,0.921,0,1,0,0,0,0,0,0,0,0,0,1,0
72739129,980000,22-03-002,20220309,1510,,,US119,,,US0119,US0119,0,098 US-119-10,US0119,N,N,NULL,NULL,NULL,N,NULL,NULL,NULL,NULL,NULL,NULL,1.984,NULL,NULL,NULL,NULL,,NULL,0,0,2,2,N,N,25,NULL,98,9801,1,NW,N,37.51251,37,30.75,NULL,-82.49979,82,29.988,NULL,N,NULL,NULL,NULL,NULL,NULL,NULL,NULL,NULL,5,3,2,4,1,1,3,2,8,3,N,NULL,Y,Y,1510,1510,1514,N,NULL,70,2,1,N,,N,N,098-US-0119-10,NULL,NULL,2022,O,7.27391E+11,098-US-0119  -010,HIGH,098-US-0119  -000,1.984,0,0,1,0,0,0,0,1,0,0,0,0,0
72843111,KSP0900,22-479072,20221216,710,,,KY194,,,KY0194,KY0194,0,098 KY-194,KY0194,N,N,NULL,NULL,NULL,N,NULL,NULL,NULL,NULL,NULL,NULL,55.182,NULL,NULL,NULL,NULL,,NULL,0,0,2,2,N,N,35,NULL,98,9804,NULL,,Y,37.51424,37,30.855,NULL,-82.15247,82,9.148,NULL,N,NULL,NULL,NULL,NULL,NULL,NULL,NULL,NULL,1,3,2,6,1,1,2,2,7,3,N,NULL,Y,N,710,750,800,N,NULL,55,8,0,N,,N,N,098-KY-0194-0,NULL,NULL,2022,O,7.28431E+11,098-KY-0194  -000,HIGH,098-KY-0194  -000,55.182,0,0,0,0,0,0,0,1,0,0,0,0,0
72802188,KSP0900,22-346306,20220906,1634,,,BANK,,ST,,,,,,Y,N,NULL,NULL,NULL,N,NULL,NULL,NULL,NULL,NULL,NULL,0.07,NULL,NULL,NULL,NULL,,NULL,0,0,2,2,N,N,10,NULL,98,9804,NULL,,Y,37.52042,37,31.225,NULL,-82.15546,82,9.328,NULL,N,NULL,NULL,NULL,NULL,NULL,NULL,NULL,NULL,7,97,NULL,6,1,1,2,2,5,3,N,NULL,Y,N,1634,1725,1725,N,NULL,90,,,N,,N,N,,NULL,NULL,2022,O,7.28022E+11,098-CR-1833B -000,LOW,098-CR-1833B -000,0.07,0,0,0,0,0,0,0,0,0,1,0,0,0
72809201,KSP0900,22-372734,20220926,348,,,FERRELLS CREEK,,RD,US0460,US0460,0,098 US-460,US0460,N,N,NULL,NULL,NULL,N,NULL,NULL,NULL,NULL,NULL,NULL,22.574,NULL,NULL,NULL,NULL,,NULL,0,0,1,1,N,N,55,NULL,98,9847,NULL,,Y,37.38136,37,22.881,NULL,-82.25496,82,15.297,NULL,N,NULL,NULL,NULL,NULL,NULL,NULL,NULL,NULL,9,3,2,6,1,5,2,6,7,3,N,NULL,Y,N,356,420,450,N,NULL,70,,1,N,,N,N,098-US-0460-0,NULL,NULL,2022,O,7.28092E+11,098-US-0460  -000,HIGH,098-US-0460  -000,22.574,0,0,0,0,0,0,0,0,0,0,0,1,0
72762309,980100,2.022E+11,20220516,1725,,,KY3496 TURN LANE,,,KY3496,KY3496,,,,N,Y,US23,,,N,NULL,NULL,NULL,NULL,NULL,NULL,0.014,NULL,NULL,NULL,NULL,,NULL,0,0,2,2,N,N,35,NULL,98,9801,NULL,,Y,37.4658,37,27.948,NULL,-82.52816,82,31.69,NULL,N,NULL,NULL,NULL,NULL,NULL,NULL,NULL,NULL,5,3,3,2,1,1,2,2,1,3,N,NULL,Y,N,1725,1729,,N,NULL,35,16,0,N,,N,N,,NULL,NULL,2022,O,7.27623E+11,098-KY-3496  -000,MEDIUM,098-KY-3496  -000,0.014,0,0,0,0,0,0,1,1,0,0,1,0,0
72848508,KSP0900,2022-497610,20221229,1914,,,KY195,,,KY0195,KY0195,0,098 KY-195,KY0195,N,N,NULL,NULL,NULL,N,NULL,NULL,NULL,NULL,NULL,NULL,9.402,NULL,NULL,NULL,NULL,,NULL,2,0,1,1,N,N,55,NULL,98,9830,NULL,,Y,37.34368,37,20.621,NULL,-82.42222,82,25.333,NULL,N,NULL,NULL,NULL,NULL,NULL,NULL,NULL,NULL,9,3,2,6,1,5,2,5,7,3,Y,NULL,Y,Y,1914,1914,1914,Y,NULL,44,7,0,N,,N,N,098-KY-0195-0,NULL,NULL,2022,C,7.28485E+11,098-KY-0195  -000,HIGH,098-KY-0195  -000,9.402,0,0,0,0,0,0,0,0,0,0,0,1,0
72852056,KSP0900,23-8774,20230107,1610,,,APPALACHIAN,,PLZ,,,0,098 PR-1008,PR1008,Y,N,NULL,NULL,NULL,N,NULL,NULL,NULL,NULL,NULL,NULL,0.024,NULL,NULL,NULL,NULL,,NULL,0,0,2,2,Y,N,NULL,NULL,98,9834,NULL,,Y,37.66584,37,39.951,NULL,-82.27445,82,16.467,NULL,N,NULL,NULL,NULL,NULL,NULL,NULL,NULL,NULL,5,97,NULL,6,1,1,2,2,5,3,N,NULL,Y,N,1615,1640,1640,N,NULL,90,,,N,,N,N,098-PR-1008-0,NULL,NULL,2023,O,7.28521E+11,098-PR-1008  -000,HIGH,098-PR-1008  -000,0.015,0,0,0,1,0,0,1,0,0,0,0,0,0
72801888,980100,2.022E+11,20220829,1719,,,US23,,,US0023,US0023,,,,N,Y,KEYSER HEIGHTS,,DR,N,NULL,NULL,NULL,NULL,NULL,NULL,25.418,NULL,NULL,NULL,NULL,,NULL,0,0,2,2,N,Y,45,NULL,98,9801,NULL,,Y,37.49225,37,29.535,NULL,-82.53463,82,32.078,NULL,N,NULL,NULL,NULL,NULL,NULL,NULL,NULL,NULL,1,3,4,6,1,1,2,2,7,3,N,NULL,Y,N,1719,1721,,N,NULL,10,,1,N,,N,N,,NULL,NULL,2022,O,7.28019E+11,098-US-0023  -000,MEDIUM,098-US-0023  -000,25.418,0,0,0,0,0,0,0,0,0,0,1,0,0
72822226,980100,2.022E+11,20221029,1053,,,KY1460,,,KY1460,KY1460,0,098 KY-1460,KY1460,N,N,NULL,NULL,NULL,N,NULL,NULL,NULL,NULL,NULL,NULL,6.634,NULL,NULL,NULL,NULL,,NULL,0,0,2,1,N,N,45,NULL,98,9801,NULL,,Y,37.48349,37,29.01,NULL,-82.53806,82,32.284,NULL,N,NULL,NULL,NULL,NULL,NULL,NULL,NULL,NULL,9,3,2,6,1,1,2,2,6,3,N,NULL,Y,N,1053,1058,,N,NULL,36,16,0,N,,N,N,098-KY-1460-0,NULL,NULL,2022,O,7.28222E+11,098-KY-1460  -000,HIGH,098-KY-1460  -000,6.634,0,0,0,0,1,0,1,0,0,0,0,0,0
72851526,KSP0900,22-499379,20221230,2235,,,US460,,,US0460,US0460,0,098 US-460,US0460,N,N,NULL,NULL,NULL,N,NULL,NULL,NULL,NULL,NULL,NULL,4.949,NULL,NULL,NULL,NULL,,NULL,0,1,1,1,N,N,55,NULL,98,9822,NULL,,Y,37.41167,37,24.7,NULL,-82.44984,82,26.99,NULL,N,NULL,NULL,NULL,NULL,NULL,NULL,NULL,NULL,9,3,2,6,1,5,3,6,7,3,Y,NULL,Y,Y,2235,2252,108,N,NULL,44,,1,N,,N,N,098-US-0460-0,NULL,NULL,2022,K,7.28515E+11,098-US-0460  -000,HIGH,098-US-0460  -000,4.949,0,0,1,0,0,0,0,0,0,1,0,1,0
72850657,KSP0900,23-3068,20230103,1300,,,GOODY,,LOOP,,,0,098 PR-1024,PR1024,N,N,NULL,NULL,NULL,N,NULL,NULL,NULL,NULL,NULL,NULL,0.079,NULL,NULL,NULL,NULL,,NULL,0,0,2,2,N,N,10,NULL,98,9836,NULL,,Y,37.65891,37,39.535,NULL,-82.27129,82,16.277,NULL,N,NULL,NULL,NULL,NULL,NULL,NULL,NULL,NULL,7,7,1,6,1,1,2,2,1,3,N,NULL,Y,N,1300,1300,1300,N,NULL,47,,,N,,N,N,098-PR-1024-0,NULL,NULL,2023,O,7.28507E+11,098-PR-1024  -000,HIGH,098-PR-1024  -000,0.102,0,0,0,0,0,0,1,0,0,0,0,0,0
72838723,KSP0900,22-465404,20221205,2143,,,US460,,,US0460,US0460,0,098 US-460,US0460,N,N,NULL,NULL,NULL,N,NULL,NULL,NULL,NULL,NULL,NULL,11.456,NULL,NULL,NULL,NULL,,NULL,1,0,2,1,N,N,55,NULL,98,9822,NULL,,Y,37.35749,37,21.45,NULL,-82.39091,82,23.455,NULL,N,NULL,NULL,NULL,NULL,NULL,NULL,NULL,NULL,9,3,2,3,1,5,2,6,7,3,Y,NULL,Y,Y,2142,2152,2235,N,NULL,40,,1,N,,N,N,098-US-0460-0,NULL,NULL,2022,B,7.28387E+11,098-US-0460  -000,HIGH,098-US-0460  -000,11.456,0,0,0,0,1,0,0,0,0,0,0,1,0
72860692,980100,2.023E+11,20230201,1243,,,HAMBLEY,,BLVD,,,0,098 CS-1222,CS1222,Y,N,NULL,NULL,NULL,N,NULL,NULL,NULL,NULL,NULL,NULL,1.572,NULL,NULL,NULL,NULL,,NULL,0,0,2,2,N,N,NULL,NULL,98,9801,NULL,,Y,37.48269,37,28.961,NULL,-82.53105,82,31.863,NULL,N,NULL,NULL,NULL,NULL,NULL,NULL,NULL,NULL,5,97,1,6,1,1,3,2,1,3,N,NULL,Y,N,1208,1220,1220,N,NULL,90,,,Y,,N,N,098-CS-1222-0,NULL,NULL,2023,O,7.28607E+11,098-CS-1222  -000,HIGH,098-CS-1222  -000,1.573,0,0,0,1,0,0,0,0,0,0,0,0,0
72832452,KSP0900,22-438937,20221115,1230,,,COLLINS,,HWY,KY0122,KY0122,0,098 KY-122,KY0122,N,N,NULL,NULL,NULL,N,NULL,NULL,NULL,NULL,NULL,NULL,12.977,NULL,NULL,NULL,NULL,,NULL,0,0,1,1,N,N,40,NULL,98,9824,NULL,,Y,37.40499,37,24.299,NULL,-82.51723,82,31.034,NULL,N,NULL,NULL,NULL,NULL,NULL,NULL,NULL,NULL,9,3,2,3,1,5,6,2,2,3,N,NULL,Y,N,1234,1300,1315,N,NULL,70,,0,N,,N,N,098-KY-0122-0,NULL,NULL,2022,O,7.28325E+11,098-KY-0122  -000,HIGH,098-KY-0122  -000,12.977,0,0,0,0,0,0,0,0,0,0,0,1,0
72824682,KSP0900,22-422500,20221103,630,,,US119,,,US0119,US0119,0,098 US-119-10,US0119,N,N,NULL,NULL,NULL,N,NULL,NULL,NULL,NULL,NULL,NULL,21.012,NULL,NULL,NULL,NULL,,NULL,0,0,1,1,N,N,35,NULL,98,9836,NULL,,Y,37.6221,37,37.326,NULL,-82.2683,82,16.098,NULL,N,NULL,NULL,NULL,NULL,NULL,NULL,NULL,NULL,9,6,4,3,1,1,10,6,7,3,N,NULL,Y,N,640,715,715,Y,NULL,40,2,1,N,,N,N,098-US-0119-10,NULL,NULL,2022,O,7.28247E+11,098-US-0119  -010,HIGH,098-US-0119  -000,21.012,0,0,0,0,0,0,1,0,0,0,0,1,0
72802370,KSP0900,22-347080,20220907,756,,,SOOKEYS,W,CRK,,,0,098 CR-1282,CR1282,N,N,NULL,NULL,NULL,N,NULL,NULL,NULL,NULL,NULL,NULL,1.313,NULL,NULL,NULL,NULL,,NULL,0,0,2,2,N,N,25,NULL,98,9827,NULL,,Y,37.405,37,24.3,NULL,-82.53569,82,32.141,NULL,N,NULL,NULL,NULL,NULL,NULL,NULL,NULL,NULL,3,3,2,2,1,1,2,2,6,3,N,NULL,Y,N,756,803,835,N,NULL,52,,,N,,N,N,098-CR-1282-0,NULL,NULL,2022,O,7.28024E+11,098-CR-1282  -000,HIGH,098-CR-1282  -000,1.313,0,0,0,0,0,0,1,0,0,0,0,1,0
72834371,KSP0900,22-446356,20221121,800,,,BIG CREEK,E,RD,KY3220,KY3220,0,098 KY-3220,KY3220,N,N,NULL,NULL,NULL,N,NULL,NULL,NULL,NULL,NULL,NULL,1.035,NULL,NULL,NULL,NULL,,NULL,0,0,2,2,N,N,35,NULL,98,9833,NULL,,Y,37.618,37,37.08,NULL,-82.35044,82,21.027,NULL,N,NULL,NULL,NULL,NULL,NULL,NULL,NULL,NULL,2,7,2,6,1,1,2,2,7,3,N,NULL,Y,N,800,800,800,N,NULL,47,8,0,N,,N,N,098-KY-3220-0,NULL,NULL,2022,O,7.28344E+11,098-KY-3220  -000,HIGH,098-KY-3220  -000,1.035,0,0,0,0,0,0,1,0,0,0,0,0,0
72860105,980100,2.023E+11,20230130,1317,,,CEDAR,E,DR,,,0,098 CS-1093,CS1093,N,N,NULL,NULL,NULL,N,NULL,NULL,NULL,NULL,NULL,NULL,0.119,NULL,NULL,NULL,NULL,,NULL,0,0,2,2,N,N,15,NULL,98,9801,NULL,,Y,37.4824,37,28.944,NULL,-82.53907,82,32.344,NULL,N,NULL,NULL,NULL,NULL,NULL,NULL,NULL,NULL,2,3,1,6,1,1,2,2,6,3,N,NULL,Y,N,1317,1321,1321,N,NULL,56,,,N,,N,N,098-CS-1093-0,NULL,NULL,2023,O,7.28601E+11,098-CS-1093  -000,HIGH,098-CS-1093  -000,0.152,0,0,0,1,0,0,1,0,0,0,0,0,0
72868197,980100,2.023E+11,20230217,1909,,,CASSIDY,,BLVD,,,0,098 CS-1191,CS1191,Y,N,NULL,NULL,NULL,N,NULL,NULL,NULL,NULL,NULL,NULL,0.205,NULL,NULL,NULL,NULL,,NULL,0,0,2,2,N,N,NULL,NULL,98,9801,NULL,,Y,37.50409,37,30.245,NULL,-82.5353,82,32.118,NULL,N,NULL,NULL,NULL,NULL,NULL,NULL,NULL,NULL,2,97,NULL,6,1,1,3,4,1,3,N,NULL,Y,N,1910,1918,1936,N,NULL,90,,,N,,N,N,098-CS-1191-0,NULL,NULL,2023,O,7.28682E+11,098-CS-1191  -000,HIGH,098-CS-1191  -000,0.185,0,0,0,1,0,0,1,0,0,0,0,0,0
72813658,980100,2.022E+11,20221006,758,,911,BYPASS,,RD,,,0,098 CS-1223,CS1223,Y,N,NULL,NULL,NULL,N,NULL,NULL,NULL,NULL,NULL,NULL,NULL,NULL,NULL,NULL,NULL,NULL,NULL,0,0,2,2,N,N,NULL,NULL,98,9801,NULL,,Y,37.47128,37,28.277,NULL,-82.52117,82,31.27,NULL,N,NULL,NULL,NULL,NULL,NULL,NULL,NULL,NULL,1,97,1,6,1,1,2,2,1,3,N,NULL,Y,N,758,801,801,N,NULL,90,,,N,,N,N,098-CS-1223-0,NULL,NULL,2022,O,7.28137E+11,098-CS-1223  -000,HIGH,098-CS-1223  -000,0.136,0,0,0,0,0,0,0,0,0,0,0,0,0
72802660,370200,2022-348453,20220908,644,,,US23,,,US0023,US0023,0,098 US-23,US0023,N,N,NULL,NULL,NULL,N,NULL,NULL,NULL,NULL,NULL,NULL,20.395,NULL,NULL,NULL,NULL,,NULL,0,0,2,2,N,N,55,NULL,98,9801,NULL,,Y,37.44535,37,26.721,NULL,-82.51691,82,31.015,NULL,N,NULL,NULL,NULL,NULL,NULL,NULL,NULL,NULL,5,3,4,6,1,1,2,6,1,3,N,NULL,Y,N,644,644,735,N,NULL,49,,1,N,,N,N,098-US-0023-0,NULL,NULL,2022,O,7.28027E+11,098-US-0023  -000,HIGH,098-US-0023  -000,20.395,0,0,0,0,0,0,0,0,0,0,0,0,0