MasterFile,AgencyORINumber,LocalCode,CollisionDate,CollisionTime,CollisionDayWeekCode,RoadwayName_HouseBusinessNumber_,RoadwayName_RoadwayName_,RoadwayName_Direction_,RoadwayName_RoadwaySuffix_,RoadwayfromReport,CurrentRoadwayNumber,RoadwayNumberCoupletID,RSEUniqueGIS,RoadwayIdentifier,ParkingLotIndicator,IntersectionWith_Indicator_,IntersectionWith_NameRoadway_,IntersectionWith_Direction_,IntersectionWith_RoadwaySuffix_,BetweenStreets_Indicator_,BetweenStreets1_NameRoadway_,BetweenStreet1_Direction_,BetweenStreets1_RoadwaySuffix_,BetweenStreets2_NameRoadway_,BetweenStreets2_Direction_,BetweenStreets2_RoadwaySuffix_,Milepoint,ReportMilepointDeriveNumber,CurrentDerivedMiepointNumber,MilestoMilepoint,FeettoMilepoint,DirectionfromMilepoint_NSEW_,ValidMilepointIndicator,NumberInjured,NumberKilled,ofUnits,ofMotorVehicleUnits,Hit&RunIndicator,OneWayIndicator,SpeedLimitNumber,KilometersIndicator,CountyCode,CityCountyCode,MilesFromCity,DirectionFromCity_NSEW_,InCityLimitsIndicator,Latitude,LatitudeDegrees,LatitudeMinutes,LatitudeSeconds,Longitude,LongitudeDegrees,LongitudeMinutes,LongitudeSeconds,RampIndicator,RampFromIdentifier,RampFromDirCode,RampFromCoupletID,RSEUniqueGISRampFrom,RampToidentifier,RampToDirCode,RampToCoupletID,RSEUniqueGisRampTo,MannerofCollisionCode,LocationFirstEventCode,TotalLanes,RoadwayCharacterCode,RoadwaySurfaceCode,RoadwayConditionCode,WeatherCode,LightConditionCode,LandUseCode,SchoolBusRelatedCode,FirstAidSceneIndicator,CollDescPresentInd,InvestigationCompleteIndicator,PhotosTakenIndicator,TimeNotified,TimeArrived,TimeRoadwayOpened,PropertyDamageIndicator,DiagramPresentIndicator,DirectionalAnalysis,FunctionClassCode,NationalHwySysCode,EnforcementsIndicator,KARSCityCode,SecondaryCollisionIndicator,MedianCrossoverIndicator,RT_UNIQUE,MapIt,TimeLastLeft,YR,KABCO,MFNY,WorkingRID,RT_CONFIDENCE,KTC_RT,KTC_MP,Motorcyclist,CommercialVehicle,YoungDriver,MatureDriver,pedestrian,Bicyclist,Distracted,agressive,Impaired,Unrestrained,Intersection,RoadwayDeparture,MedXover
72846189,980500,2022AR061,20221222,1835,,,US23,,,US0023,US0023,0,098 US-23,US0023,N,N,NULL,NULL,NULL,N,NULL,NULL,NULL,NULL,NULL,NULL,28.188,NULL,NULL,NULL,NULL,,NULL,0,0,2,2,N,N,45,NULL,98,9807,NULL,,Y,37.51653,37,30.991,NULL,-82.561,82,33.66,NULL,N,NULL,NULL,NULL,NULL,NULL,NULL,NULL,NULL,5,3,4,6,1,1,2,5,1,3,N,NULL,Y,Y,1835,1840,,N,NULL,70,,1,N,,N,N,098-US-0023-0,NULL,NULL,2022,O,7.28462E+11,098-US-0023  -000,HIGH,098-US-0023  -000,28.188,0,0,1,0,0,0,0,0,0,0,0,0,0
72870596,980100,2.023E+11,20230301,1323,,215,CASSIDY,,BLVD,,,0,098 CS-1191,CS1191,Y,N,NULL,NULL,NULL,N,NULL,NULL,NULL,NULL,NULL,NULL,NULL,NULL,NULL,NULL,NULL,NULL,NULL,0,0,2,2,N,N,15,NULL,98,9801,NULL,,Y,37.5055,37,30.33,NULL,-82.5378,82,32.268,NULL,N,NULL,NULL,NULL,NULL,NULL,NULL,NULL,NULL,7,97,2,6,1,1,2,2,1,3,N,NULL,Y,N,1323,1337,1347,N,NULL,90,,,N,,N,N,098-CS-1191-0,NULL,NULL,2023,O,7.28706E+11,098-CS-1191  -000,HIGH,098-CS-1191  -000,0.346,0,0,0,1,0,0,0,0,0,0,0,0,0
72745387,980100,2.022E+11,20220328,2042,,,HAROLDS BRANCH,,RD,,,,,,Y,N,NULL,NULL,NULL,N,NULL,NULL,NULL,NULL,NULL,NULL,0.152,NULL,NULL,NULL,NULL,,NULL,0,0,2,2,N,N,NULL,NULL,98,9801,NULL,,Y,37.4709,37,28.254,NULL,-82.52139,82,31.283,NULL,N,NULL,NULL,NULL,NULL,NULL,NULL,NULL,NULL,2,97,NULL,6,2,1,2,8,5,3,N,NULL,Y,N,2042,2049,2130,N,NULL,90,,,N,,N,N,,NULL,NULL,2022,O,7.27454E+11,098-CS-1223  -000,MEDIUM,098-CS-1223  -000,0.152,0,0,0,0,0,0,1,0,0,0,0,0,0
72830742,980100,2.022E+11,20221116,1050,,,US23,,,US0023,US0023,0,098 US-23,US0023,N,N,NULL,NULL,NULL,N,NULL,NULL,NULL,NULL,NULL,NULL,24.765,NULL,NULL,NULL,NULL,,NULL,0,0,2,2,N,N,55,NULL,98,9801,NULL,,Y,37.48533,37,29.12,NULL,-82.54242,82,32.545,NULL,N,NULL,NULL,NULL,NULL,NULL,NULL,NULL,NULL,8,3,4,3,1,5,2,2,7,3,N,NULL,N,N,1050,1105,1050,N,NULL,53,,1,N,,N,N,098-US-0023-0,NULL,NULL,2022,O,7.28307E+11,098-US-0023  -000,HIGH,098-US-0023  -000,24.765,0,0,0,0,0,0,1,0,0,0,0,1,0
72820356,980100,2.022E+11,20221023,2113,,,MAYO,N,TRL,US0023,US0023,0,098 US-23,US0023,N,N,NULL,NULL,NULL,N,NULL,NULL,NULL,NULL,NULL,NULL,32.59,NULL,NULL,NULL,NULL,,NULL,0,0,1,1,N,N,55,NULL,98,9801,NULL,,Y,37.53435,37,32.061,NULL,-82.61776,82,37.065,NULL,N,NULL,NULL,NULL,NULL,NULL,NULL,NULL,NULL,9,3,4,6,1,1,2,6,1,3,N,NULL,Y,N,2113,2125,2125,Y,NULL,40,,1,N,,N,N,098-US-0023-0,NULL,NULL,2022,O,7.28204E+11,098-US-0023  -000,HIGH,098-US-0023  -000,32.59,0,1,0,0,0,0,1,0,0,0,0,1,1
72881745,KSP0900,23-122019,20230331,1505,,,CHLOE,,RD,KY1460,KY1460,0,098 KY-1460,KY1460,N,N,NULL,NULL,NULL,N,NULL,NULL,NULL,NULL,NULL,NULL,0.411,NULL,NULL,NULL,NULL,,NULL,2,0,1,1,N,N,45,NULL,98,9801,NULL,,Y,37.43703,37,26.222,NULL,-82.47989,82,28.793,NULL,N,NULL,NULL,NULL,NULL,NULL,NULL,NULL,NULL,9,4,2,3,1,5,6,2,7,3,Y,NULL,Y,Y,1503,1519,1545,N,NULL,44,,0,N,,N,N,098-KY-1460-0,NULL,NULL,2023,C,7.28817E+11,098-KY-1460  -000,HIGH,098-KY-1460  -000,0.405,0,0,1,0,0,0,0,0,0,0,0,1,0
72796737,KSP0900,22-324053,20220821,2048,,,LITTLE ROBINSON CREEK,,RD,KY3415,KY3415,,,,N,N,NULL,NULL,NULL,N,NULL,NULL,NULL,NULL,NULL,NULL,1.261,NULL,NULL,NULL,NULL,,NULL,1,0,1,1,N,N,45,NULL,98,9827,NULL,,Y,37.36729,37,22.037,NULL,-82.60358,82,36.215,NULL,N,NULL,NULL,NULL,NULL,NULL,NULL,NULL,NULL,9,3,2,6,1,1,2,4,7,3,N,NULL,Y,Y,2048,2122,2140,N,NULL,70,9,0,N,,N,N,,NULL,NULL,2022,B,7.27967E+11,098-KY-3415  -000,HIGH,098-KY-3415  -000,1.261,0,0,0,0,0,0,0,0,0,0,0,1,0
72833338,980500,2022AR056,20221123,1147,,,US HWY 23,,,,,,,,N,N,NULL,NULL,NULL,N,NULL,NULL,NULL,NULL,NULL,NULL,NULL,NULL,NULL,NULL,NULL,NULL,NULL,2,0,2,2,N,N,45,NULL,98,9807,NULL,,Y,37.52244,37,31.347,NULL,-82.57066,82,34.239,NULL,N,NULL,NULL,NULL,NULL,NULL,NULL,NULL,NULL,1,3,6,6,1,1,2,2,7,3,Y,NULL,Y,Y,1150,1150,1223,N,NULL,55,,,N,,N,N,,NULL,NULL,2022,C,7.28333E+11,098-CS-3026  -030,MEDIUM,098-CS-3026  -030,0.007,0,0,0,0,0,0,0,0,0,0,0,0,0
72805434,KSP0900,22-356815,20220914,1005,,,TOLER,,RD,KY0319,KY0319,0,098 KY-319,KY0319,N,N,NULL,NULL,NULL,N,NULL,NULL,NULL,NULL,NULL,NULL,4.536,NULL,NULL,NULL,NULL,,NULL,0,0,1,1,N,N,35,NULL,98,9842,NULL,,Y,37.61492,37,36.895,NULL,-82.23957,82,14.374,NULL,N,NULL,NULL,NULL,NULL,NULL,NULL,NULL,NULL,9,3,2,6,1,1,2,2,7,3,N,NULL,N,N,1005,1025,1045,N,NULL,44,7,0,N,,N,N,098-KY-0319-0,NULL,NULL,2022,O,7.28054E+11,098-KY-0319  -000,HIGH,098-KY-0319  -000,4.536,0,0,0,0,0,0,1,0,0,0,0,1,0
72794842,980100,2.022E+11,20220810,855,,,CASSIDY,,BLVD,,,0,098 CS-1191,CS1191,Y,N,NULL,NULL,NULL,N,NULL,NULL,NULL,NULL,NULL,NULL,0.316,NULL,NULL,NULL,NULL,,NULL,0,0,2,2,N,N,15,NULL,98,9801,NULL,,Y,37.5052,37,30.312,NULL,-82.53716,82,32.23,NULL,N,NULL,NULL,NULL,NULL,NULL,NULL,NULL,NULL,1,97,1,6,1,1,2,2,1,3,N,NULL,Y,N,855,903,903,N,NULL,90,,,N,,N,N,098-CS-1191-0,NULL,NULL,2022,O,7.27948E+11,098-CS-1191  -000,HIGH,098-CS-1191  -000,0.316,0,0,0,0,0,0,1,0,0,0,0,0,0
72875186,KSP0900,23-78997,20230301,1327,,,KY194,,,KY0194,KY0194,0,098 KY-194,KY0194,N,N,NULL,NULL,NULL,N,NULL,NULL,NULL,NULL,NULL,NULL,51.01,NULL,NULL,NULL,NULL,,NULL,0,0,1,1,N,N,55,NULL,98,9804,NULL,,Y,37.46603,37,27.962,NULL,-82.12968,82,7.781,NULL,N,NULL,NULL,NULL,NULL,NULL,NULL,NULL,NULL,9,3,2,6,1,1,2,2,7,3,N,NULL,N,N,1330,1415,1430,Y,NULL,40,8,0,N,,N,N,098-KY-0194-0,NULL,NULL,2023,O,7.28752E+11,098-KY-0194  -000,HIGH,098-KY-0194  -000,51.01,0,0,0,0,0,0,0,0,0,0,0,1,0
72854523,980100,2.023E+11,20230113,1623,,,JUSTICE,,WAY,,,,,,Y,N,NULL,NULL,NULL,N,NULL,NULL,NULL,NULL,NULL,NULL,NULL,NULL,NULL,NULL,NULL,,NULL,0,0,2,2,N,N,15,NULL,98,9801,NULL,,Y,37.50528,37,30.317,NULL,-82.53973,82,32.384,NULL,N,NULL,NULL,NULL,NULL,NULL,NULL,NULL,NULL,1,97,NULL,6,1,1,2,2,1,3,N,NULL,Y,N,1623,1625,,N,NULL,90,,,N,,N,N,,NULL,NULL,2023,O,7.28545E+11,098-CS-1215  -000,MEDIUM,098-CS-1215  -000,0.724,0,0,1,0,0,0,1,0,0,0,0,0,0
72783241,980100,2.022E+11,20220715,1147,,125,SYCAMORE,,ST,,,0,098 CS-1168,CS1168,Y,N,NULL,NULL,NULL,N,NULL,NULL,NULL,NULL,NULL,NULL,0.288,NULL,NULL,NULL,NULL,,NULL,0,0,2,2,N,N,NULL,NULL,98,9801,NULL,,Y,37.48069,37,28.842,NULL,-82.52079,82,31.247,NULL,N,NULL,NULL,NULL,NULL,NULL,NULL,NULL,NULL,1,97,1,6,1,1,2,2,8,3,N,NULL,Y,N,1147,1157,1157,N,NULL,90,,,N,,N,N,098-CS-1168-0,NULL,NULL,2022,O,7.27832E+11,098-CS-1168  -000,HIGH,098-CS-1168  -000,0.288,0,0,1,0,0,0,1,0,0,0,0,0,0
72818533,KSP0900,22-377084,20220929,1343,,,KY194,,,KY0194,KY0194,0,098 KY-194,KY0194,N,N,NULL,NULL,NULL,N,NULL,NULL,NULL,NULL,NULL,NULL,19.722,NULL,NULL,NULL,NULL,,NULL,1,0,2,2,N,N,55,NULL,98,9817,NULL,,Y,37.55023,37,33.014,NULL,-82.40646,82,24.387,NULL,N,NULL,NULL,NULL,NULL,NULL,NULL,NULL,NULL,1,3,2,3,1,1,2,2,7,3,Y,NULL,Y,Y,1343,1438,1530,N,NULL,55,6,0,N,,N,N,098-KY-0194-0,NULL,NULL,2022,C,7.28185E+11,098-KY-0194  -000,HIGH,098-KY-0194  -000,19.722,0,0,0,1,0,0,0,0,0,0,0,0,0
72885582,KSP0900,23-118537,20230328,2224,,,US119,,,US0119,US0119,0,098 US-119,US0119,N,N,NULL,NULL,NULL,N,NULL,NULL,NULL,NULL,NULL,NULL,21.691,NULL,NULL,NULL,NULL,,NULL,0,0,2,2,N,N,55,NULL,98,9836,NULL,,Y,37.62951,37,37.771,NULL,-82.26216,82,15.73,NULL,N,NULL,NULL,NULL,NULL,NULL,NULL,NULL,NULL,7,3,2,3,1,5,6,6,7,3,N,NULL,Y,N,2224,2233,2300,N,NULL,54,2,1,N,,N,N,098-US-0119-0,NULL,NULL,2023,O,7.28856E+11,098-US-0119  -000,HIGH,098-US-0119  -000,21.69,0,0,0,0,0,0,0,0,0,0,0,1,0
72809114,980100,2.022E+11,20220920,1301,,,US23,,,US0023,US0023,,,,N,N,NULL,NULL,NULL,N,NULL,NULL,NULL,NULL,NULL,NULL,26.279,NULL,NULL,NULL,NULL,,NULL,1,0,3,3,N,N,55,NULL,98,9801,NULL,,Y,37.5036,37,30.216,NULL,-82.53214,82,31.928,NULL,N,NULL,NULL,NULL,NULL,NULL,NULL,NULL,NULL,5,3,4,6,1,1,2,2,1,3,N,NULL,Y,Y,1301,1307,1307,N,NULL,70,,1,N,,N,N,,NULL,NULL,2022,C,7.28091E+11,098-US-0023  -000,MEDIUM,098-US-0023  -000,26.279,0,1,0,0,0,0,1,0,0,0,0,0,0
72748213,KSP0900,22-125252,20220407,839,,,COLLINS,,HWY,KY0122,KY0122,0,098 KY-122,KY0122,N,N,NULL,NULL,NULL,N,NULL,NULL,NULL,NULL,NULL,NULL,13.527,NULL,NULL,NULL,NULL,,NULL,0,0,1,1,N,N,55,NULL,98,9801,4,S,N,37.40647,37,24.388,NULL,-82.50813,82,30.488,NULL,N,NULL,NULL,NULL,NULL,NULL,NULL,NULL,NULL,9,3,2,4,1,5,3,2,7,3,N,NULL,N,N,839,845,930,N,NULL,40,,0,N,,N,N,098-KY-0122-0,NULL,NULL,2022,O,7.27482E+11,098-KY-0122  -000,HIGH,098-KY-0122  -000,13.527,0,0,0,0,0,0,0,0,0,0,0,1,0
72814958,980100,20220015421,20221009,1926,,,US119,,,US0119,US0119,0,098 US-119,US0119,N,N,NULL,NULL,NULL,N,NULL,NULL,NULL,NULL,NULL,NULL,2.697,NULL,NULL,NULL,NULL,,NULL,2,0,2,2,N,N,55,NULL,98,9801,NULL,,Y,37.51402,37,30.841,NULL,-82.48707,82,29.224,NULL,N,NULL,NULL,NULL,NULL,NULL,NULL,NULL,NULL,4,3,2,4,1,1,2,5,7,3,Y,NULL,Y,Y,1926,1926,2017,N,NULL,70,2,1,N,,N,N,098-US-0119-0,NULL,NULL,2022,C,7.2815E+11,098-US-0119  -000,HIGH,098-US-0119  -000,2.697,0,0,1,0,0,0,0,0,0,0,0,1,0
72810602,KSP0900,22-375604,20220928,1045,,,KY194,,,KY0194,KY0194,0,098 KY-194,KY0194,N,N,NULL,NULL,NULL,N,NULL,NULL,NULL,NULL,NULL,NULL,53.277,NULL,NULL,NULL,NULL,,NULL,1,0,1,1,N,N,35,NULL,98,9804,NULL,,Y,37.49759,37,29.855,NULL,-82.13698,82,8.219,NULL,N,NULL,NULL,NULL,NULL,NULL,NULL,NULL,NULL,9,3,2,6,1,1,3,2,7,3,Y,NULL,Y,N,1045,1130,1230,Y,NULL,40,8,0,Y,,N,N,098-KY-0194-0,NULL,NULL,2022,C,7.28106E+11,098-KY-0194  -000,HIGH,098-KY-0194  -000,53.277,0,0,0,0,0,0,1,0,0,0,0,1,0
72813239,980200,980200,20220902,1820,,,KY197,,,KY0197,KY0197,0,098 KY-197,KY0197,N,Y,KY80,,,N,NULL,NULL,NULL,NULL,NULL,NULL,16.619,NULL,NULL,NULL,NULL,,NULL,0,0,2,2,N,N,35,NULL,98,9802,NULL,,Y,37.30396,37,18.238,NULL,-82.35132,82,21.079,NULL,N,NULL,NULL,NULL,NULL,NULL,NULL,NULL,NULL,5,3,2,6,1,1,2,2,7,3,N,NULL,N,Y,1820,1827,,N,NULL,35,7,0,N,,N,N,098-KY-0197-0,NULL,NULL,2022,O,7.28132E+11,098-KY-0197  -000,HIGH,098-KY-0197  -000,16.619,0,0,0,1,0,0,1,0,0,0,1,0,0
72758935,980100,2.022E+11,20220503,2022,,,CHLOE,,RD,KY1460,KY1460,0,098 KY-1460,KY1460,N,N,NULL,NULL,NULL,N,NULL,NULL,NULL,NULL,NULL,NULL,4.846,NULL,NULL,NULL,NULL,,NULL,0,0,1,1,N,N,45,NULL,98,9801,NULL,,Y,37.47792,37,28.675,NULL,-82.51212,82,30.727,NULL,N,NULL,NULL,NULL,NULL,NULL,NULL,NULL,NULL,9,3,2,3,1,5,6,6,7,3,N,NULL,Y,N,2022,2026,2026,N,NULL,40,,0,N,,N,N,098-KY-1460-0,NULL,NULL,2022,O,7.27589E+11,098-KY-1460  -000,HIGH,098-KY-1460  -000,4.846,0,0,0,0,0,0,0,0,0,0,0,1,0
72860944,980100,2.023E+11,20230126,526,,,US119,,,US0119,US0119,0,098 US-119-10,US0119,N,N,NULL,NULL,NULL,N,NULL,NULL,NULL,NULL,NULL,NULL,3.088,NULL,NULL,NULL,NULL,NULL,NULL,0,0,1,1,N,N,55,NULL,98,9801,NULL,,Y,37.51411,37,30.847,NULL,-82.47997,82,28.798,NULL,N,NULL,NULL,NULL,NULL,NULL,NULL,NULL,NULL,9,3,2,4,1,1,2,7,7,3,N,NULL,Y,N,526,529,529,N,NULL,38,2,1,N,,N,N,098-US-0119-10,NULL,NULL,2023,O,7.28609E+11,098-US-0119  -010,HIGH,098-US-0119  -000,3.088,0,0,0,0,0,0,0,0,0,0,0,0,0
72808037,KSP0900,22-363263,20220918,2238,,,US119,,,US0119,US0119,0,098 US-119,US0119,N,N,NULL,NULL,NULL,N,NULL,NULL,NULL,NULL,NULL,NULL,25.178,NULL,NULL,NULL,NULL,,NULL,0,0,2,2,N,N,55,NULL,98,9834,NULL,,Y,37.67023,37,40.214,NULL,-82.27929,82,16.757,NULL,N,NULL,NULL,NULL,NULL,NULL,NULL,NULL,NULL,8,3,3,6,1,1,2,5,7,3,N,NULL,Y,N,2238,2240,2240,N,NULL,53,2,1,N,,N,N,098-US-0119-0,NULL,NULL,2022,O,7.2808E+11,098-US-0119  -000,HIGH,098-US-0119  -000,25.178,0,0,0,1,0,0,1,0,0,0,0,1,0
72808285,980100,2.022E+11,20220920,618,,,HAMBLEY,,BLVD,,,0,098 CS-1222,CS1222,N,N,NULL,NULL,NULL,N,NULL,NULL,NULL,NULL,NULL,NULL,0.38,NULL,NULL,NULL,NULL,,NULL,0,0,2,2,N,N,25,NULL,98,9801,NULL,,Y,37.47706,37,28.624,NULL,-82.52173,82,31.304,NULL,N,NULL,NULL,NULL,NULL,NULL,NULL,NULL,NULL,1,3,3,6,1,1,2,5,7,3,N,NULL,Y,N,620,620,702,N,NULL,55,,,N,,N,N,098-CS-1222-0,NULL,NULL,2022,O,7.28083E+11,098-CS-1222  -000,HIGH,098-CS-1222  -000,0.38,0,0,0,0,0,0,1,0,0,0,0,0,0
72821736,KSP0900,22-414041,20221027,1746,,,KY1056,,,KY1056,KY1056,0,098 KY-1056,KY1056,N,N,NULL,NULL,NULL,N,NULL,NULL,NULL,NULL,NULL,NULL,0.614,NULL,NULL,NULL,NULL,,NULL,0,0,1,1,N,N,45,NULL,98,9851,NULL,,Y,37.56089,37,33.653,NULL,-82.25171,82,15.103,NULL,N,NULL,NULL,NULL,NULL,NULL,NULL,NULL,NULL,9,3,2,6,1,1,2,1,7,3,N,NULL,N,N,1746,1755,1835,N,NULL,40,8,0,N,,N,N,098-KY-1056-0,NULL,NULL,2022,O,7.28217E+11,098-KY-1056  -000,HIGH,098-KY-1056  -000,0.614,0,0,0,0,0,0,0,0,0,0,0,1,0
72770755,980100,2.022E+11,20220601,2004,,,HAROLDS BRANCH,,RD,,,0,098 CS-1223,CS1223,Y,N,NULL,NULL,NULL,N,NULL,NULL,NULL,NULL,NULL,NULL,0.025,NULL,NULL,NULL,NULL,,NULL,0,0,2,2,Y,N,10,NULL,98,9801,NULL,,Y,37.4725,37,28.35,NULL,-82.5225,82,31.35,NULL,N,NULL,NULL,NULL,NULL,NULL,NULL,NULL,NULL,8,7,NULL,3,1,1,2,2,5,3,N,NULL,Y,N,2004,2012,2012,N,NULL,90,,,N,,N,N,098-CS-1223-0,NULL,NULL,2022,NULL,7.27708E+11,098-CS-1223  -000,HIGH,098-CS-1223  -000,0.025,0,0,0,0,0,0,0,0,0,0,0,0,0
72767007,KSP0900,22-198934,20220528,1941,,,KY122,,,KY0122,KY0122,0,098 KY-122,KY0122,N,N,NULL,NULL,NULL,N,NULL,NULL,NULL,NULL,NULL,NULL,7.11,NULL,NULL,NULL,NULL,,NULL,0,0,1,1,N,N,45,NULL,98,9827,NULL,,Y,37.37315,37,22.389,NULL,-82.58347,82,35.008,NULL,N,NULL,NULL,NULL,NULL,NULL,NULL,NULL,NULL,9,3,2,3,1,1,2,2,7,3,N,NULL,Y,N,1942,1956,2031,N,NULL,70,,0,N,,N,N,098-KY-0122-0,NULL,NULL,2022,O,7.2767E+11,098-KY-0122  -000,HIGH,098-KY-0122  -000,7.11,0,0,0,1,0,0,1,0,0,0,0,1,0
72800121,980500,2022AR039,20220901,1230,,,WEDDINGTON PLAZA,,,,,,,,Y,N,NULL,NULL,NULL,N,NULL,NULL,NULL,NULL,NULL,NULL,NULL,NULL,NULL,NULL,NULL,NULL,NULL,0,0,2,2,N,N,15,NULL,98,9807,NULL,,Y,37.5225,37,31.35,NULL,-82.57203,82,34.322,NULL,N,NULL,NULL,NULL,NULL,NULL,NULL,NULL,NULL,1,97,2,6,1,1,2,2,1,3,N,NULL,Y,Y,1230,1232,1258,N,NULL,90,,,N,,N,N,,NULL,NULL,2022,O,7.28001E+11,098-US-0023  -010,MEDIUM,098-US-0023  -000,28.913,0,0,0,1,0,0,1,0,0,0,0,0,0
72787684,980100,2.022E+11,20220719,1608,,551,KY3495,,,KY3495,KY3495,0,098 KY-3495,KY3495,Y,N,NULL,NULL,NULL,N,NULL,NULL,NULL,NULL,NULL,NULL,0.468,NULL,NULL,NULL,NULL,,NULL,0,0,2,2,Y,N,45,NULL,98,9801,NULL,,Y,37.49097,37,29.459,NULL,-82.53654,82,32.192,NULL,N,NULL,NULL,NULL,NULL,NULL,NULL,NULL,NULL,2,97,2,6,1,1,2,2,1,3,N,NULL,Y,N,1608,1614,1614,N,NULL,90,17,0,N,,N,N,098-KY-3495-0,NULL,NULL,2022,O,7.27877E+11,098-KY-3495  -000,HIGH,098-KY-3495  -000,0.468,0,0,0,0,0,0,1,0,0,0,0,0,0
72908485,KSP0900,23-217178,20230607,2148,,,US119,,,US0119,US0119,0,098 US-119,US0119,N,N,NULL,NULL,NULL,N,NULL,NULL,NULL,NULL,NULL,NULL,14.843,NULL,NULL,NULL,NULL,,NULL,0,0,1,1,N,N,55,NULL,98,9833,NULL,,Y,37.61312,37,36.787,NULL,-82.33839,82,20.303,NULL,N,NULL,NULL,NULL,NULL,NULL,NULL,NULL,NULL,9,3,2,6,1,1,3,6,7,3,N,NULL,Y,N,2148,2211,2211,N,NULL,38,2,1,N,,N,N,098-US-0119-0,NULL,NULL,2023,O,7.29085E+11,098-US-0119  -000,HIGH,098-US-0119  -000,14.906,0,0,0,0,0,0,0,0,0,0,0,0,0
72822912,KSP0900,22-418099,20221030,1839,,,US23,,,US0023,US0023,,,,N,N,NULL,NULL,NULL,N,NULL,NULL,NULL,NULL,NULL,NULL,8.28,NULL,NULL,NULL,NULL,,NULL,0,0,1,1,N,N,55,NULL,98,9809,NULL,,Y,37.31884,37,19.131,NULL,-82.5508,82,33.048,NULL,N,NULL,NULL,NULL,NULL,NULL,NULL,NULL,NULL,9,3,4,1,1,5,3,4,7,3,N,NULL,Y,N,1839,1908,1930,N,NULL,40,,1,N,,N,N,,NULL,NULL,2022,O,7.28229E+11,098-US-0023  -000,MEDIUM,098-US-0023  -000,8.28,0,0,0,1,0,0,0,0,0,0,0,1,0
72822361,KSP0900,22-416153,20221029,659,,,US119,,,US0119,US0119,0,098 US-119-10,US0119,N,N,NULL,NULL,NULL,N,NULL,NULL,NULL,NULL,NULL,NULL,9.383,NULL,NULL,NULL,NULL,,NULL,0,0,1,1,N,N,55,NULL,98,9820,NULL,,Y,37.57635,37,34.581,NULL,-82.41392,82,24.835,NULL,N,NULL,NULL,NULL,NULL,NULL,NULL,NULL,NULL,9,3,2,4,1,1,2,1,7,3,N,NULL,Y,N,700,744,744,N,NULL,38,2,1,N,,N,N,098-US-0119-10,NULL,NULL,2022,O,7.28224E+11,098-US-0119  -010,HIGH,098-US-0119  -000,9.383,0,0,0,0,0,0,0,0,0,0,0,0,0
72823238,980100,2.022E+11,20221025,1744,,,US119,,,US0119,US0119,0,098 US-119-10,US0119,N,N,NULL,NULL,NULL,N,NULL,NULL,NULL,NULL,NULL,NULL,0.02,NULL,NULL,NULL,NULL,,NULL,1,0,3,3,N,N,55,NULL,98,9801,NULL,,Y,37.50389,37,30.233,NULL,-82.53165,82,31.899,NULL,N,NULL,NULL,NULL,NULL,NULL,NULL,NULL,NULL,1,3,2,6,1,1,3,2,7,3,Y,NULL,Y,Y,1744,1749,1827,N,NULL,55,2,1,N,,N,N,098-US-0119-10,NULL,NULL,2022,C,7.28232E+11,098-US-0119  -010,HIGH,098-US-0119  -000,0.02,0,0,1,0,0,0,0,0,0,1,0,0,0
72824355,980100,2.022E+11,20221102,1000,,,MYRA BARNES,,AVE,,,0,098 CS-1150,CS1150,N,N,NULL,NULL,NULL,N,NULL,NULL,NULL,NULL,NULL,NULL,0.008,NULL,NULL,NULL,NULL,,NULL,0,0,2,2,N,N,15,NULL,98,9801,NULL,,Y,37.48426,37,29.056,NULL,-82.52986,82,31.792,NULL,N,NULL,NULL,NULL,NULL,NULL,NULL,NULL,NULL,2,3,1,6,1,1,2,2,6,3,N,NULL,Y,N,1000,1005,1005,N,NULL,56,,,N,,N,N,098-CS-1150-0,NULL,NULL,2022,O,7.28244E+11,098-CS-1150  -000,HIGH,098-CS-1150  -000,0.008,0,0,0,1,0,0,0,0,0,0,0,0,0
72801863,KSP0900,22-338221,20220901,46,,,KY1056,,,KY1056,KY1056,0,098 KY-1056,KY1056,N,N,NULL,NULL,NULL,N,NULL,NULL,NULL,NULL,NULL,NULL,0.174,NULL,NULL,NULL,NULL,,NULL,0,0,1,1,N,N,35,NULL,98,9872,NULL,,Y,37.5598,37,33.588,NULL,-82.25839,82,15.503,NULL,N,NULL,NULL,NULL,NULL,NULL,NULL,NULL,NULL,9,3,2,3,1,1,2,5,7,3,N,NULL,Y,N,46,128,128,Y,NULL,40,8,0,Y,,N,N,098-KY-1056-0,NULL,NULL,2022,O,7.28019E+11,098-KY-1056  -000,HIGH,098-KY-1056  -000,0.174,0,0,0,0,0,0,0,0,1,0,0,1,0
72823714,980100,2.022E+11,20221030,1455,,,CASSIDY,,BLVD,,,0,098 CS-1191,CS1191,N,N,NULL,NULL,NULL,N,NULL,NULL,NULL,NULL,NULL,NULL,0.001,NULL,NULL,NULL,NULL,,NULL,0,0,2,2,N,N,55,NULL,98,9801,NULL,,Y,37.50377,37,30.226,NULL,-82.53217,82,31.93,NULL,N,NULL,NULL,NULL,NULL,NULL,NULL,NULL,NULL,5,3,5,6,1,1,3,2,1,3,N,NULL,Y,N,1455,1459,1459,N,NULL,70,,,N,,N,N,098-CS-1191-0,NULL,NULL,2022,O,7.28237E+11,098-CS-1191  -000,HIGH,098-CS-1191  -000,0.001,0,0,0,0,0,0,1,0,0,0,0,0,0