MasterFile,AgencyORINumber,LocalCode,CollisionDate,CollisionTime,CollisionDayWeekCode,RoadwayName_HouseBusinessNumber_,RoadwayName_RoadwayName_,RoadwayName_Direction_,RoadwayName_RoadwaySuffix_,RoadwayfromReport,CurrentRoadwayNumber,RoadwayNumberCoupletID,RSEUniqueGIS,RoadwayIdentifier,ParkingLotIndicator,IntersectionWith_Indicator_,IntersectionWith_NameRoadway_,IntersectionWith_Direction_,IntersectionWith_RoadwaySuffix_,BetweenStreets_Indicator_,BetweenStreets1_NameRoadway_,BetweenStreet1_Direction_,BetweenStreets1_RoadwaySuffix_,BetweenStreets2_NameRoadway_,BetweenStreets2_Direction_,BetweenStreets2_RoadwaySuffix_,Milepoint,ReportMilepointDeriveNumber,CurrentDerivedMiepointNumber,MilestoMilepoint,FeettoMilepoint,DirectionfromMilepoint_NSEW_,ValidMilepointIndicator,NumberInjured,NumberKilled,ofUnits,ofMotorVehicleUnits,Hit&RunIndicator,OneWayIndicator,SpeedLimitNumber,KilometersIndicator,CountyCode,CityCountyCode,MilesFromCity,DirectionFromCity_NSEW_,InCityLimitsIndicator,Latitude,LatitudeDegrees,LatitudeMinutes,LatitudeSeconds,Longitude,LongitudeDegrees,LongitudeMinutes,LongitudeSeconds,RampIndicator,RampFromIdentifier,RampFromDirCode,RampFromCoupletID,RSEUniqueGISRampFrom,RampToidentifier,RampToDirCode,RampToCoupletID,RSEUniqueGisRampTo,MannerofCollisionCode,LocationFirstEventCode,TotalLanes,RoadwayCharacterCode,RoadwaySurfaceCode,RoadwayConditionCode,WeatherCode,LightConditionCode,LandUseCode,SchoolBusRelatedCode,FirstAidSceneIndicator,CollDescPresentInd,InvestigationCompleteIndicator,PhotosTakenIndicator,TimeNotified,TimeArrived,TimeRoadwayOpened,PropertyDamageIndicator,DiagramPresentIndicator,DirectionalAnalysis,FunctionClassCode,NationalHwySysCode,EnforcementsIndicator,KARSCityCode,SecondaryCollisionIndicator,MedianCrossoverIndicator,RT_UNIQUE,MapIt,TimeLastLeft,YR,KABCO,MFNY,WorkingRID,RT_CONFIDENCE,KTC_RT,KTC_MP,Motorcyclist,CommercialVehicle,YoungDriver,MatureDriver,pedestrian,Bicyclist,Distracted,agressive,Impaired,Unrestrained,Intersection,RoadwayDeparture,MedXover
72876887,KSP0900,23-103628,20230318,1019,,,KY612,,,KY0612,KY0612,0,098 KY-612,KY0612,N,N,NULL,NULL,NULL,N,NULL,NULL,NULL,NULL,NULL,NULL,8.21,NULL,NULL,NULL,NULL,,NULL,0,0,1,1,N,N,45,NULL,98,9826,NULL,,Y,37.6717,37,40.302,NULL,-82.30579,82,18.348,NULL,N,NULL,NULL,NULL,NULL,NULL,NULL,NULL,NULL,9,3,2,3,1,1,2,2,7,3,N,NULL,N,N,1019,1050,1050,N,NULL,44,8,0,N,,N,N,098-KY-0612-0,NULL,NULL,2023,O,7.28769E+11,098-KY-0612  -000,HIGH,098-KY-0612  -000,8.215,0,0,0,0,0,0,1,0,0,0,0,1,0
72884740,980100,2.023E+11,20230407,1926,,,RIVER,,DR,,,0,098 CS-1054,CS1054,Y,N,NULL,NULL,NULL,N,NULL,NULL,NULL,NULL,NULL,NULL,0.089,NULL,NULL,NULL,NULL,,NULL,0,0,2,2,Y,N,15,NULL,98,9801,NULL,,Y,37.47391,37,28.434,NULL,-82.5228,82,31.368,NULL,N,NULL,NULL,NULL,NULL,NULL,NULL,NULL,NULL,5,97,2,6,1,5,3,2,1,3,N,NULL,Y,N,1926,1930,1930,N,NULL,90,,,N,,N,N,098-CS-1054-0,NULL,NULL,2023,NULL,7.28847E+11,098-CS-1054  -000,HIGH,098-CS-1054  -000,0.101,0,0,0,0,0,0,0,0,0,0,0,0,0
72880035,980100,2.023E+11,20230323,1123,,,US23,,,US0023,US0023,0,098 US-23,US0023,N,N,NULL,NULL,NULL,N,NULL,NULL,NULL,NULL,NULL,NULL,24.921,NULL,NULL,NULL,NULL,,NULL,2,0,2,2,N,N,55,NULL,98,9801,NULL,,Y,37.48743,37,29.246,NULL,-82.54129,82,32.477,NULL,N,NULL,NULL,NULL,NULL,NULL,NULL,NULL,NULL,1,3,4,6,1,1,2,2,7,3,Y,NULL,Y,Y,1123,1127,1159,N,NULL,55,,1,N,,N,N,098-US-0023-0,NULL,NULL,2023,C,7.288E+11,098-US-0023  -000,HIGH,098-US-0023  -000,24.858,0,0,0,1,0,0,0,0,0,0,0,0,0
72862943,KSP0900,23-45866,20230205,1721,,,ELKHORN,,CRK,KY0197,KY0197,0,098 KY-197,KY0197,N,N,NULL,NULL,NULL,N,NULL,NULL,NULL,NULL,NULL,NULL,10.87,NULL,NULL,NULL,NULL,,NULL,0,0,1,1,N,N,55,NULL,98,9802,NULL,,Y,37.27266,37,16.359,NULL,-82.41875,82,25.125,NULL,N,NULL,NULL,NULL,NULL,NULL,NULL,NULL,NULL,9,3,2,1,1,1,2,3,7,3,N,NULL,Y,N,1721,1802,1830,Y,NULL,44,7,0,N,,N,N,098-KY-0197-0,NULL,NULL,2023,O,7.28629E+11,098-KY-0197  -000,HIGH,098-KY-0197  -000,10.974,0,0,0,0,0,0,0,0,0,0,0,1,0
72875583,KSP0900,23-98659,20230314,1653,,,US460,,,US0460,US0460,0,098 US-460,US0460,Y,N,NULL,NULL,NULL,N,NULL,NULL,NULL,NULL,NULL,NULL,9.409,NULL,NULL,NULL,NULL,,NULL,0,0,2,2,N,N,5,NULL,98,9802,NULL,,Y,37.36818,37,22.091,NULL,-82.41311,82,24.787,NULL,N,NULL,NULL,NULL,NULL,NULL,NULL,NULL,NULL,2,97,2,6,1,1,3,2,1,3,N,NULL,Y,Y,1653,1657,1722,N,NULL,90,,1,N,,N,N,098-US-0460-0,NULL,NULL,2023,O,7.28756E+11,098-US-0460  -000,HIGH,098-US-0460  -000,9.392,0,0,0,0,0,0,1,0,0,0,0,0,0
72848086,KSP0900,22-496513,20221228,2318,,,US23,,,US0023,US0023,0,098 US-23,US0023,N,N,NULL,NULL,NULL,N,NULL,NULL,NULL,NULL,NULL,NULL,12.716,NULL,NULL,NULL,NULL,,NULL,0,0,1,1,N,N,55,NULL,98,9801,NULL,,Y,37.37106,37,22.263,NULL,-82.54635,82,32.781,NULL,N,NULL,NULL,NULL,NULL,NULL,NULL,NULL,NULL,9,3,4,3,1,2,2,6,7,3,N,NULL,Y,N,2318,2325,2325,N,NULL,70,,1,N,,N,N,098-US-0023-0,NULL,NULL,2022,O,7.28481E+11,098-US-0023  -000,HIGH,098-US-0023  -000,12.716,0,0,0,0,0,0,0,0,0,0,0,1,0
72907254,980100,2.023E+11,20230530,1512,,,US23,,,US0023,US0023,,,,N,N,NULL,NULL,NULL,N,NULL,NULL,NULL,NULL,NULL,NULL,24.285,NULL,NULL,NULL,NULL,,NULL,0,0,2,2,N,N,55,NULL,98,9801,NULL,,Y,37.47864,37,28.718,NULL,-82.54211,82,32.526,NULL,N,NULL,NULL,NULL,NULL,NULL,NULL,NULL,NULL,8,3,4,1,1,1,2,2,2,3,N,NULL,Y,N,1512,1517,1544,N,NULL,47,,1,N,,N,N,,NULL,NULL,2023,O,7.29073E+11,098-US-0023  -000,MEDIUM,098-US-0023  -000,24.216,0,0,0,0,0,0,1,0,0,0,0,0,0
72781941,KSP0900,22-264307,20220711,2249,,,KY3154,,,KY3154,KY3154,0,098 KY-3154,KY3154,N,N,NULL,NULL,NULL,N,NULL,NULL,NULL,NULL,NULL,NULL,2.606,NULL,NULL,NULL,NULL,,NULL,0,0,2,2,Y,N,35,NULL,98,9838,NULL,,Y,37.60735,37,36.441,NULL,-82.32915,82,19.749,NULL,N,NULL,NULL,NULL,NULL,NULL,NULL,NULL,NULL,5,3,2,6,1,1,2,6,7,3,N,NULL,Y,N,2252,2311,2252,N,NULL,49,9,0,N,,N,N,098-KY-3154-0,NULL,NULL,2022,O,7.27819E+11,098-KY-3154  -000,HIGH,098-KY-3154  -000,2.606,0,0,0,0,0,0,0,0,0,0,0,0,0
72780712,KSP0900,22-247229,20220630,1509,,,US119,,,US0119,US0119,0,098 US-119,US0119,N,N,NULL,NULL,NULL,N,NULL,NULL,NULL,NULL,NULL,NULL,24.586,NULL,NULL,NULL,NULL,,NULL,0,0,2,2,N,N,55,NULL,98,9834,NULL,,Y,37.66346,37,39.808,NULL,-82.27309,82,16.386,NULL,N,NULL,NULL,NULL,NULL,NULL,NULL,NULL,NULL,5,3,4,6,1,1,2,2,7,3,N,NULL,N,N,1509,1540,1540,N,NULL,49,2,1,N,,N,N,098-US-0119-0,NULL,NULL,2022,O,7.27807E+11,098-US-0119  -000,HIGH,098-US-0119  -000,24.586,0,0,0,1,0,0,0,1,0,0,0,0,0
72782096,980100,2.022E+11,20220706,1627,,,US23,,,US0023,US0023,0,098 US-23-10,US0023,N,N,NULL,NULL,NULL,N,NULL,NULL,NULL,NULL,NULL,NULL,21.527,NULL,NULL,NULL,NULL,,NULL,0,0,2,2,N,N,55,NULL,98,9801,NULL,,Y,37.45218,37,27.131,NULL,-82.52322,82,31.393,NULL,N,NULL,NULL,NULL,NULL,NULL,NULL,NULL,NULL,4,3,4,6,1,5,3,2,7,3,N,NULL,Y,N,1628,1632,,N,NULL,70,,1,N,,N,N,098-US-0023-10,NULL,NULL,2022,O,7.27821E+11,098-US-0023  -010,HIGH,098-US-0023  -000,21.527,0,0,0,1,0,0,1,1,0,0,0,0,0
72766318,980100,2.022E+11,20220526,1930,,,CASSIDY,,BLVD,,,0,098 CS-1191,CS1191,Y,N,NULL,NULL,NULL,N,NULL,NULL,NULL,NULL,NULL,NULL,0.357,NULL,NULL,NULL,NULL,,NULL,0,0,2,2,N,N,NULL,NULL,98,9801,NULL,,Y,37.50512,37,30.307,NULL,-82.538,82,32.28,NULL,N,NULL,NULL,NULL,NULL,NULL,NULL,NULL,NULL,1,97,NULL,6,1,5,6,3,1,3,N,NULL,Y,N,1930,1938,,N,NULL,90,,,N,,N,N,098-CS-1191-0,NULL,NULL,2022,O,7.27663E+11,098-CS-1191  -000,HIGH,098-CS-1191  -000,0.357,0,0,0,0,0,0,0,1,0,0,0,0,0
72877199,980100,2.023E+11,20230314,558,,,BAIRD,,AVE,KY1426,KY1426,0,098 KY-1426,KY1426,N,N,NULL,NULL,NULL,N,NULL,NULL,NULL,NULL,NULL,NULL,5.394,NULL,NULL,NULL,NULL,,NULL,0,0,2,2,N,N,55,NULL,98,9801,NULL,,Y,37.47325,37,28.395,NULL,-82.52711,82,31.626,NULL,N,NULL,NULL,NULL,NULL,NULL,NULL,NULL,NULL,1,3,2,6,1,1,2,5,1,3,N,NULL,Y,N,558,603,603,N,NULL,55,,0,N,,N,N,098-KY-1426-0,NULL,NULL,2023,O,7.28772E+11,098-KY-1426  -000,HIGH,098-KY-1426  -000,5.397,0,0,0,0,0,0,1,0,0,0,0,1,0
72793927,980100,2.022E+11,20220814,1559,,,CASSIDY,,BLVD,,,,,,Y,N,NULL,NULL,NULL,N,NULL,NULL,NULL,NULL,NULL,NULL,0.363,NULL,NULL,NULL,NULL,,NULL,0,0,2,2,Y,N,NULL,NULL,98,9801,NULL,,Y,37.50508,37,30.305,NULL,-82.5381,82,32.286,NULL,N,NULL,NULL,NULL,NULL,NULL,NULL,NULL,NULL,,,NULL,NULL,1,1,3,2,1,3,N,NULL,Y,N,1559,1600,1600,N,NULL,90,,,N,,N,N,,NULL,NULL,2022,NULL,7.27939E+11,098-CS-1191  -000,MEDIUM,098-CS-1191  -000,0.363,0,0,0,0,0,0,0,0,0,0,0,0,0
72779382,KSP0900,22-250061,20220702,1208,,,KY194,,,KY0194,KY0194,0,098 KY-194,KY0194,N,N,NULL,NULL,NULL,N,NULL,NULL,NULL,NULL,NULL,NULL,26.081,NULL,NULL,NULL,NULL,,NULL,1,0,1,1,N,N,55,NULL,98,9817,NULL,,Y,37.50235,37,30.141,NULL,-82.35812,82,21.487,NULL,N,NULL,NULL,NULL,NULL,NULL,NULL,NULL,NULL,9,4,2,3,1,5,2,2,7,3,Y,NULL,N,Y,1208,1330,1330,N,NULL,44,6,0,N,,N,N,098-KY-0194-0,NULL,NULL,2022,B,7.27794E+11,098-KY-0194  -000,HIGH,098-KY-0194  -000,26.081,0,0,0,0,0,0,1,1,0,0,0,1,0
72758903,980100,2.022E+11,20220505,1222,,,RIVERFILL,S,DR,,,0,098 CS-1125,CS1125,Y,N,NULL,NULL,NULL,N,NULL,NULL,NULL,NULL,NULL,NULL,0.047,NULL,NULL,NULL,NULL,,NULL,0,0,2,2,N,N,15,NULL,98,9801,NULL,,Y,37.47663,37,28.598,NULL,-82.51813,82,31.087,NULL,N,NULL,NULL,NULL,NULL,NULL,NULL,NULL,NULL,1,97,1,6,1,1,2,2,8,3,N,NULL,Y,N,1222,1228,1228,N,NULL,90,,,N,,N,N,098-CS-1125-0,NULL,NULL,2022,O,7.27589E+11,098-CS-1125  -000,HIGH,098-CS-1125  -000,0.047,0,0,0,0,0,0,1,0,0,0,0,0,0
72765916,980100,2.022E+11,20220524,724,,911,BYPASS,,RD,,,0,098 CS-1223,CS1223,Y,N,NULL,NULL,NULL,N,NULL,NULL,NULL,NULL,NULL,NULL,NULL,NULL,NULL,NULL,NULL,NULL,NULL,0,0,2,2,N,N,NULL,NULL,98,9801,NULL,,Y,37.47128,37,28.277,NULL,-82.52117,82,31.27,NULL,N,NULL,NULL,NULL,NULL,NULL,NULL,NULL,NULL,1,97,1,6,2,1,2,2,1,3,N,NULL,Y,N,725,729,729,N,NULL,90,,,N,,N,N,098-CS-1223-0,NULL,NULL,2022,O,7.27659E+11,098-CS-1223  -000,HIGH,098-CS-1223  -000,0.136,0,0,0,0,0,0,0,0,0,1,0,0,0
72827338,KSP0900,22-423244,20221103,1641,,,US119,,,US0119,US0119,0,098 US-119,US0119,N,N,NULL,NULL,NULL,N,NULL,NULL,NULL,NULL,NULL,NULL,19.45,NULL,NULL,NULL,NULL,,NULL,2,0,2,2,N,N,55,NULL,98,9836,NULL,,Y,37.60754,37,36.452,NULL,-82.27375,82,16.425,NULL,N,NULL,NULL,NULL,NULL,NULL,NULL,NULL,NULL,8,3,4,6,1,1,2,2,7,3,N,NULL,Y,Y,1642,1646,1731,N,NULL,53,2,1,N,,N,N,098-US-0119-0,NULL,NULL,2022,C,7.28273E+11,098-US-0119  -000,HIGH,098-US-0119  -000,19.45,0,0,0,1,0,0,1,0,0,0,0,1,0
72820358,980100,2.022E+11,20221024,1557,,,MAYO,S,TRL,KY3496,KY3496,0,098 KY-3496,KY3496,N,N,NULL,NULL,NULL,N,NULL,NULL,NULL,NULL,NULL,NULL,0.609,NULL,NULL,NULL,NULL,,NULL,0,0,2,2,N,N,35,NULL,98,9801,NULL,,Y,37.47148,37,28.289,NULL,-82.53293,82,31.975,NULL,N,NULL,NULL,NULL,NULL,NULL,NULL,NULL,NULL,4,3,2,6,1,1,2,2,1,3,N,NULL,Y,N,1557,1557,1611,N,NULL,70,16,0,N,,N,N,098-KY-3496-0,NULL,NULL,2022,O,7.28204E+11,098-KY-3496  -000,HIGH,098-KY-3496  -000,0.609,0,0,1,0,0,0,0,1,0,0,0,0,0
72783561,980100,2.022E+11,20220715,1735,,,SOUTH MAYO,,TRL,,,,,,N,N,NULL,NULL,NULL,N,NULL,NULL,NULL,NULL,NULL,NULL,NULL,NULL,NULL,NULL,NULL,NULL,NULL,0,0,2,2,N,Y,45,NULL,98,9801,NULL,,Y,37.43658,37,26.195,NULL,-82.51056,82,30.634,NULL,N,NULL,NULL,NULL,NULL,NULL,NULL,NULL,NULL,5,3,1,1,1,1,2,2,1,3,N,NULL,N,N,1735,1748,1748,N,NULL,49,,,N,,N,N,,NULL,NULL,2022,O,7.27836E+11,098-US-0023  -421,MEDIUM,098-US-0023  -421,0.048,0,0,0,0,0,0,1,0,0,0,0,0,0
72727218,980100,2.022E+11,20220202,814,,911,BYPASS,,RD,,,0,098 CS-1223,CS1223,Y,N,NULL,NULL,NULL,N,NULL,NULL,NULL,NULL,NULL,NULL,NULL,NULL,NULL,NULL,NULL,NULL,NULL,0,0,2,2,N,N,NULL,NULL,98,9801,NULL,,Y,37.47128,37,28.277,NULL,-82.52117,82,31.27,NULL,N,NULL,NULL,NULL,NULL,NULL,NULL,NULL,NULL,1,97,2,6,2,1,2,2,1,3,N,NULL,Y,N,820,820,822,N,NULL,90,,,N,,N,N,098-CS-1223-0,NULL,NULL,2022,O,7.27272E+11,098-CS-1223  -000,HIGH,098-CS-1223  -000,0.136,0,0,0,0,0,0,1,0,0,0,0,0,0
72910323,KSP0900,23-224175,20230612,2141,,,FERRELLS CREEK,,RD,US0460,US0460,0,098 US-460,US0460,N,N,NULL,NULL,NULL,N,NULL,NULL,NULL,NULL,NULL,NULL,14.861,NULL,NULL,NULL,NULL,,NULL,0,0,2,2,N,N,55,NULL,98,9805,NULL,,Y,37.34507,37,20.705,NULL,-82.36674,82,22.004,NULL,N,NULL,NULL,NULL,NULL,NULL,NULL,NULL,NULL,5,3,2,6,1,1,2,6,7,3,N,NULL,N,N,2144,2204,2204,N,NULL,49,,1,N,,N,N,098-US-0460-0,NULL,NULL,2023,O,7.29103E+11,098-US-0460  -000,HIGH,098-US-0460  -000,14.844,0,0,0,0,0,0,0,0,0,0,0,0,0
72833462,980100,2.022E+11,20221122,2300,,,OWSLEY,,RD,KY1384,KY1384,0,098 KY-1384,KY1384,N,N,NULL,NULL,NULL,N,NULL,NULL,NULL,NULL,NULL,NULL,6.194,NULL,NULL,NULL,NULL,,NULL,0,0,1,1,N,N,35,NULL,98,9801,NULL,,Y,37.47606,37,28.563,NULL,-82.55277,82,33.167,NULL,N,NULL,NULL,NULL,NULL,NULL,NULL,NULL,NULL,9,3,2,6,1,1,3,6,6,3,N,NULL,Y,N,2300,2304,2346,N,NULL,38,17,0,N,,N,N,098-KY-1384-0,NULL,NULL,2022,O,7.28335E+11,098-KY-1384  -000,HIGH,098-KY-1384  -000,6.194,0,0,1,0,0,0,0,0,0,0,0,0,0
72831806,980100,2.022E+11,20221119,1842,,,CASSIDY,,BLVD,,,0,098 CS-1191,CS1191,N,N,NULL,NULL,NULL,N,NULL,NULL,NULL,NULL,NULL,NULL,0.429,NULL,NULL,NULL,NULL,,NULL,0,0,2,2,N,N,25,NULL,98,9801,NULL,,Y,37.50438,37,30.263,NULL,-82.53886,82,32.331,NULL,N,NULL,NULL,NULL,NULL,NULL,NULL,NULL,NULL,1,3,2,6,1,1,2,6,1,3,N,NULL,Y,N,1840,1844,1844,N,NULL,55,,,Y,,N,N,098-CS-1191-0,NULL,NULL,2022,O,7.28318E+11,098-CS-1191  -000,HIGH,098-CS-1191  -000,0.429,0,0,0,0,0,0,1,1,0,0,0,0,0
72874014,KSP0900,23-92786,20230310,1133,,,LITTLE,,CRK,,,0,098 CR-1276,CR1276,N,N,NULL,NULL,NULL,N,NULL,NULL,NULL,NULL,NULL,NULL,0.535,NULL,NULL,NULL,NULL,,NULL,0,0,2,1,N,N,30,NULL,98,9801,NULL,,Y,37.38816,37,23.29,NULL,-82.51505,82,30.903,NULL,N,NULL,NULL,NULL,NULL,NULL,NULL,NULL,NULL,3,3,1,3,1,5,3,2,7,3,N,NULL,Y,N,1133,1149,1150,N,NULL,52,,,N,,N,N,098-CR-1276-0,NULL,NULL,2023,O,7.2874E+11,098-CR-1276  -000,HIGH,098-CR-1276  -000,0.536,0,0,0,1,0,0,0,0,0,0,0,1,0
72811758,KSP0900,22-372753,20220926,609,,,KY197,,,KY0197,KY0197,0,098 KY-197,KY0197,N,N,NULL,NULL,NULL,N,NULL,NULL,NULL,NULL,NULL,NULL,16.201,NULL,NULL,NULL,NULL,,NULL,1,0,1,1,N,N,35,NULL,98,9802,NULL,,Y,37.29887,37,17.932,NULL,-82.35479,82,21.288,NULL,N,NULL,NULL,NULL,NULL,NULL,NULL,NULL,NULL,9,3,2,6,1,1,2,2,7,3,N,NULL,Y,Y,609,710,710,N,NULL,44,7,0,N,,N,N,098-KY-0197-0,NULL,NULL,2022,C,7.28118E+11,098-KY-0197  -000,HIGH,098-KY-0197  -000,16.201,0,0,0,0,0,0,0,0,0,0,0,1,0
72877300,980100,2.023E+11,20230314,805,,206,BOWLES PARK,,DR,,,0,098 CS-1097,CS1097,N,N,NULL,NULL,NULL,N,NULL,NULL,NULL,NULL,NULL,NULL,0.05,NULL,NULL,NULL,NULL,,NULL,0,0,2,2,N,N,15,NULL,98,9801,NULL,,Y,37.48383,37,29.03,NULL,-82.53966,82,32.379,NULL,N,NULL,NULL,NULL,NULL,NULL,NULL,NULL,NULL,1,3,1,6,1,1,3,2,6,3,N,NULL,Y,N,805,810,810,N,NULL,55,,,N,,N,N,098-CS-1097-0,NULL,NULL,2023,O,7.28773E+11,098-CS-1097  -000,MEDIUM,098-CS-1097  -000,0,0,0,0,0,0,0,0,0,0,0,0,0,0
72879081,KSP0900,23-110687,20230323,1638,,,MALL,,RD,,,0,098 CR-1037,CR1037,N,N,NULL,NULL,NULL,N,NULL,NULL,NULL,NULL,NULL,NULL,0.146,NULL,NULL,NULL,NULL,,NULL,0,0,1,1,N,N,10,NULL,98,9834,NULL,,Y,37.65296,37,39.178,NULL,-82.27041,82,16.225,NULL,N,NULL,NULL,NULL,NULL,NULL,NULL,NULL,NULL,9,7,2,6,1,1,2,2,5,3,N,NULL,Y,N,1638,1647,1647,Y,NULL,40,,,N,,N,N,098-CR-1037-0,NULL,NULL,2023,O,7.28791E+11,098-CR-1037  -000,HIGH,098-CR-1037  -000,0.146,0,0,0,0,0,0,1,0,1,1,0,1,0
72880277,KSP0900,23-106098,20230320,923,,,LICK MOUNTAIN,,RD,US0460,US0460,,,,N,N,NULL,NULL,NULL,N,NULL,NULL,NULL,NULL,NULL,NULL,18.391,NULL,NULL,NULL,NULL,,NULL,0,0,2,2,N,N,55,NULL,98,9876,NULL,,Y,37.36147,37,21.688,NULL,-82.31384,82,18.83,NULL,N,NULL,NULL,NULL,NULL,NULL,NULL,NULL,NULL,1,3,3,2,1,5,3,2,7,3,N,NULL,Y,N,923,952,952,N,NULL,55,,1,N,,N,N,,NULL,NULL,2023,O,7.28803E+11,098-US-0460  -000,HIGH,098-US-0460  -000,18.365,0,0,0,0,0,0,1,0,0,0,0,0,0
72866237,KSP0900,23-61198,20230216,1827,,,PETERS,,BR,,,0,098 CR-1711,CR1711,N,N,NULL,NULL,NULL,N,NULL,NULL,NULL,NULL,NULL,NULL,0.089,NULL,NULL,NULL,NULL,,NULL,0,0,1,1,N,N,20,NULL,98,9823,NULL,,Y,37.38738,37,23.243,NULL,-82.55329,82,33.197,NULL,N,NULL,NULL,NULL,NULL,NULL,NULL,NULL,NULL,9,3,1,3,1,5,6,6,7,3,N,NULL,Y,N,1827,1835,1915,N,NULL,44,,,N,,N,N,098-CR-1711-0,NULL,NULL,2023,O,7.28662E+11,098-CR-1711  -000,HIGH,098-CR-1711  -000,0.092,0,0,0,1,0,0,1,0,0,0,0,1,0
72841469,KSP0900,22-459365,20221201,805,,,US119,,,US0119,US0119,0,098 US-119,US0119,N,N,NULL,NULL,NULL,N,NULL,NULL,NULL,NULL,NULL,NULL,24.964,NULL,NULL,NULL,NULL,,NULL,0,0,2,2,N,N,55,NULL,98,9834,NULL,,Y,37.66816,37,40.09,NULL,-82.27717,82,16.63,NULL,N,NULL,NULL,NULL,NULL,NULL,NULL,NULL,NULL,1,3,4,3,1,1,2,2,7,3,N,NULL,N,N,805,830,830,N,NULL,55,2,1,N,,N,N,098-US-0119-0,NULL,NULL,2022,O,7.28415E+11,098-US-0119  -000,HIGH,098-US-0119  -000,24.964,0,0,0,0,0,0,1,0,0,0,0,0,0
72850722,980000,22-12-004,20221212,105,,,KY197,,,KY0197,KY0197,0,098 KY-197,KY0197,N,N,NULL,NULL,NULL,N,NULL,NULL,NULL,NULL,NULL,NULL,16.117,NULL,NULL,NULL,NULL,,NULL,0,0,1,1,N,N,35,NULL,98,9802,NULL,,Y,37.29771,37,17.863,NULL,-82.35481,82,21.289,NULL,N,NULL,NULL,NULL,NULL,NULL,NULL,NULL,NULL,9,3,2,3,1,1,2,6,7,3,N,NULL,Y,Y,1000,1800,1800,N,NULL,38,7,0,N,,N,N,098-KY-0197-0,NULL,NULL,2022,O,7.28507E+11,098-KY-0197  -000,HIGH,098-KY-0197  -000,16.117,0,0,0,0,0,0,0,0,0,0,0,0,0
72792763,980100,2.022E+11,20220803,623,,,US119,,,US0119,US0119,0,098 US-119-10,US0119,N,N,NULL,NULL,NULL,N,NULL,NULL,NULL,NULL,NULL,NULL,3.408,NULL,NULL,NULL,NULL,,NULL,1,0,3,3,N,N,55,NULL,98,9801,NULL,,Y,37.51406,37,30.844,NULL,-82.47437,82,28.462,NULL,N,NULL,NULL,NULL,NULL,NULL,NULL,NULL,NULL,1,3,4,4,1,1,2,2,7,3,Y,NULL,Y,Y,632,634,1135,N,NULL,55,2,1,N,,N,N,098-US-0119-10,NULL,NULL,2022,A,7.27928E+11,098-US-0119  -010,HIGH,098-US-0119  -000,3.408,0,1,0,0,0,0,1,0,0,0,0,0,0
72788267,KSP0900,22-290870,20220729,1830,,,US119,,,US0119,US0119,0,098 US-119-10,US0119,Y,N,NULL,NULL,NULL,N,NULL,NULL,NULL,NULL,NULL,NULL,1.659,NULL,NULL,NULL,NULL,,NULL,0,0,2,2,N,N,15,NULL,98,9801,NULL,,Y,37.51342,37,30.805,NULL,-82.5052,82,30.312,NULL,N,NULL,NULL,NULL,NULL,NULL,NULL,NULL,NULL,2,97,2,6,1,1,2,2,8,3,N,NULL,Y,N,1830,1840,1840,N,NULL,90,2,1,N,,N,N,098-US-0119-10,NULL,NULL,2022,O,7.27883E+11,098-US-0119  -010,HIGH,098-US-0119  -000,1.659,0,0,1,0,0,0,0,0,0,0,0,0,0
72763044,KSP0900,22-183445,20220517,2327,,,US119,,,US0119,US0119,0,098 US-119,US0119,N,N,NULL,NULL,NULL,N,NULL,NULL,NULL,NULL,NULL,NULL,10.235,NULL,NULL,NULL,NULL,,NULL,0,0,2,2,N,N,55,NULL,98,9833,NULL,,Y,37.58494,37,35.096,NULL,-82.40276,82,24.165,NULL,N,NULL,NULL,NULL,NULL,NULL,NULL,NULL,NULL,3,3,2,6,1,1,2,6,7,3,N,NULL,Y,N,2327,100,100,N,NULL,52,2,1,N,,N,N,098-US-0119-0,NULL,NULL,2022,O,7.2763E+11,098-US-0119  -000,HIGH,098-US-0119  -000,10.235,0,0,0,0,0,0,0,0,0,0,0,1,0
72817703,KSP0900,22-401213,20221017,2345,,,GREASY,,CRK,KY3226,KY3226,0,098 KY-3226,KY3226,N,N,NULL,NULL,NULL,N,NULL,NULL,NULL,NULL,NULL,NULL,3.088,NULL,NULL,NULL,NULL,,NULL,0,0,1,1,N,N,55,NULL,98,9824,NULL,,Y,37.41514,37,24.909,NULL,-82.45705,82,27.423,NULL,N,NULL,NULL,NULL,NULL,NULL,NULL,NULL,NULL,9,6,2,6,1,1,2,6,7,3,N,NULL,N,N,2345,9,9,N,NULL,51,8,0,N,,N,N,098-KY-3226-0,NULL,NULL,2022,O,7.28177E+11,098-KY-3226  -000,HIGH,098-KY-3226  -000,3.088,0,0,0,0,0,0,1,0,0,0,0,1,0