MasterFile,AgencyORINumber,LocalCode,CollisionDate,CollisionTime,CollisionDayWeekCode,RoadwayName_HouseBusinessNumber_,RoadwayName_RoadwayName_,RoadwayName_Direction_,RoadwayName_RoadwaySuffix_,RoadwayfromReport,CurrentRoadwayNumber,RoadwayNumberCoupletID,RSEUniqueGIS,RoadwayIdentifier,ParkingLotIndicator,IntersectionWith_Indicator_,IntersectionWith_NameRoadway_,IntersectionWith_Direction_,IntersectionWith_RoadwaySuffix_,BetweenStreets_Indicator_,BetweenStreets1_NameRoadway_,BetweenStreet1_Direction_,BetweenStreets1_RoadwaySuffix_,BetweenStreets2_NameRoadway_,BetweenStreets2_Direction_,BetweenStreets2_RoadwaySuffix_,Milepoint,ReportMilepointDeriveNumber,CurrentDerivedMiepointNumber,MilestoMilepoint,FeettoMilepoint,DirectionfromMilepoint_NSEW_,ValidMilepointIndicator,NumberInjured,NumberKilled,ofUnits,ofMotorVehicleUnits,Hit&RunIndicator,OneWayIndicator,SpeedLimitNumber,KilometersIndicator,CountyCode,CityCountyCode,MilesFromCity,DirectionFromCity_NSEW_,InCityLimitsIndicator,Latitude,LatitudeDegrees,LatitudeMinutes,LatitudeSeconds,Longitude,LongitudeDegrees,LongitudeMinutes,LongitudeSeconds,RampIndicator,RampFromIdentifier,RampFromDirCode,RampFromCoupletID,RSEUniqueGISRampFrom,RampToidentifier,RampToDirCode,RampToCoupletID,RSEUniqueGisRampTo,MannerofCollisionCode,LocationFirstEventCode,TotalLanes,RoadwayCharacterCode,RoadwaySurfaceCode,RoadwayConditionCode,WeatherCode,LightConditionCode,LandUseCode,SchoolBusRelatedCode,FirstAidSceneIndicator,CollDescPresentInd,InvestigationCompleteIndicator,PhotosTakenIndicator,TimeNotified,TimeArrived,TimeRoadwayOpened,PropertyDamageIndicator,DiagramPresentIndicator,DirectionalAnalysis,FunctionClassCode,NationalHwySysCode,EnforcementsIndicator,KARSCityCode,SecondaryCollisionIndicator,MedianCrossoverIndicator,RT_UNIQUE,MapIt,TimeLastLeft,YR,KABCO,MFNY,WorkingRID,RT_CONFIDENCE,KTC_RT,KTC_MP,Motorcyclist,CommercialVehicle,YoungDriver,MatureDriver,pedestrian,Bicyclist,Distracted,agressive,Impaired,Unrestrained,Intersection,RoadwayDeparture,MedXover
72813067,980100,2.022E+11,20221004,1520,,,US23,,,US0023,US0023,0,098 US-23-10,US0023,N,N,NULL,NULL,NULL,N,NULL,NULL,NULL,NULL,NULL,NULL,26.221,NULL,NULL,NULL,NULL,,NULL,0,0,2,2,N,N,55,NULL,98,9801,NULL,,Y,37.50278,37,30.167,NULL,-82.53223,82,31.934,NULL,N,NULL,NULL,NULL,NULL,NULL,NULL,NULL,NULL,8,3,4,6,1,1,2,2,1,3,N,NULL,Y,N,1521,1527,1542,N,NULL,53,,1,N,,N,N,098-US-0023-10,NULL,NULL,2022,O,7.28131E+11,098-US-0023  -010,HIGH,098-US-0023  -000,26.221,0,0,1,0,0,0,0,0,0,0,0,1,0
72902741,980100,2.023E+11,20230523,1340,,254,CASSIDY,,BLVD,,,0,098 CS-1191,CS1191,N,N,NULL,NULL,NULL,N,NULL,NULL,NULL,NULL,NULL,NULL,0.051,NULL,NULL,NULL,NULL,,NULL,0,0,2,2,N,N,15,NULL,98,9801,NULL,,Y,37.50368,37,30.221,NULL,-82.53298,82,31.979,NULL,N,NULL,NULL,NULL,NULL,NULL,NULL,NULL,NULL,1,3,2,6,1,1,2,2,1,3,N,NULL,Y,N,1340,1346,1347,N,NULL,55,,,N,,N,N,098-CS-1191-0,NULL,NULL,2023,O,7.29027E+11,098-CS-1191  -000,HIGH,098-CS-1191  -000,0.048,0,0,0,1,0,0,0,0,0,0,0,0,0
72810316,980100,2.022E+11,20220928,1620,,250,CASSIDY,,BLVD,,,0,098 CS-1191,CS1191,N,N,NULL,NULL,NULL,N,NULL,NULL,NULL,NULL,NULL,NULL,0.314,NULL,NULL,NULL,NULL,,NULL,0,0,2,2,N,N,35,NULL,98,9801,NULL,,Y,37.50542,37,30.325,NULL,-82.53721,82,32.233,NULL,N,NULL,NULL,NULL,NULL,NULL,NULL,NULL,NULL,5,3,2,6,1,1,3,2,1,3,N,NULL,Y,N,1620,1628,1628,N,NULL,49,,,N,,N,N,098-CS-1191-0,NULL,NULL,2022,O,7.28103E+11,098-CS-1191  -000,HIGH,098-CS-1191  -000,0.314,0,0,0,1,0,0,1,0,0,0,0,0,0
72858311,980100,2.023E+11,20230116,1053,,,COLBY,,DR,,,0,098 CR-1684,CR1684,N,Y,US119,,,N,NULL,NULL,NULL,NULL,NULL,NULL,0.006,NULL,NULL,NULL,NULL,,NULL,1,0,2,2,N,N,55,NULL,98,9801,NULL,,Y,37.51411,37,30.847,NULL,-82.48753,82,29.252,NULL,N,NULL,NULL,NULL,NULL,NULL,NULL,NULL,NULL,4,3,4,5,1,1,2,2,7,3,Y,NULL,Y,N,1053,1059,1236,N,NULL,16,,,N,,N,N,098-CR-1684-0,NULL,NULL,2023,C,7.28583E+11,098-CR-1684  -000,HIGH,098-CR-1684  -000,0.062,0,0,0,0,0,0,1,1,0,0,1,0,0
72819711,KSP0900,22-407775,20221022,2351,,,COWPEN,,RD,KY2061,KY2061,0,098 KY-2061,KY2061,N,N,NULL,NULL,NULL,N,NULL,NULL,NULL,NULL,NULL,NULL,0.213,NULL,NULL,NULL,NULL,,NULL,0,0,1,1,N,N,55,NULL,98,9807,NULL,,Y,37.53232,37,31.939,NULL,-82.57341,82,34.405,NULL,N,NULL,NULL,NULL,NULL,NULL,NULL,NULL,NULL,9,3,2,6,1,1,2,6,7,3,N,NULL,Y,N,2351,27,52,N,NULL,40,,0,N,,N,N,098-KY-2061-0,NULL,NULL,2022,O,7.28197E+11,098-KY-2061  -000,HIGH,098-KY-2061  -000,0.213,0,0,0,0,0,0,0,0,0,0,0,1,0
72766815,980100,2.022E+11,20220526,1837,,,US23,,,US0023,US0023,0,098 US-23,US0023,Y,N,NULL,NULL,NULL,N,NULL,NULL,NULL,NULL,NULL,NULL,21.964,NULL,NULL,NULL,NULL,,NULL,0,0,2,2,N,N,NULL,NULL,98,9801,NULL,,Y,37.45702,37,27.421,NULL,-82.51836,82,31.101,NULL,N,NULL,NULL,NULL,NULL,NULL,NULL,NULL,NULL,8,97,4,6,1,1,2,2,1,3,N,NULL,Y,N,1837,1837,,N,NULL,90,,1,N,,N,N,098-US-0023-0,NULL,NULL,2022,O,7.27668E+11,098-US-0023  -000,HIGH,098-US-0023  -000,21.964,0,0,0,1,0,0,0,0,0,0,0,0,0
72863395,KSP0900,23-48390,20230207,1400,,,US119,N,,US0119,US0119,0,098 US-119-10,US0119,Y,N,NULL,NULL,NULL,N,NULL,NULL,NULL,NULL,NULL,NULL,21.095,NULL,NULL,NULL,NULL,,NULL,0,0,1,1,N,N,45,NULL,98,9836,NULL,,Y,37.62325,37,37.395,NULL,-82.26738,82,16.043,NULL,N,NULL,NULL,NULL,NULL,NULL,NULL,NULL,NULL,9,97,4,3,1,1,2,2,7,3,N,NULL,N,N,1400,1415,1400,N,NULL,90,2,1,N,,N,Y,098-US-0119-10,NULL,NULL,2023,O,7.28634E+11,098-US-0119  -010,HIGH,098-US-0119  -000,21.094,0,0,0,0,0,0,1,0,0,0,0,1,0
72861601,KSP0900,23-42921,20230203,1232,,,DOUGLAS,,PARK,,,0,098 CR-1704,CR1704,Y,N,NULL,NULL,NULL,N,NULL,NULL,NULL,NULL,NULL,NULL,0.397,NULL,NULL,NULL,NULL,,NULL,0,0,2,2,N,N,5,NULL,98,9801,NULL,,Y,37.38152,37,22.891,NULL,-82.53539,82,32.124,NULL,N,NULL,NULL,NULL,NULL,NULL,NULL,NULL,NULL,2,97,NULL,6,1,1,2,2,1,3,N,NULL,Y,N,1235,1255,1255,N,NULL,90,,,N,,N,N,098-CR-1704-0,NULL,NULL,2023,O,7.28616E+11,098-CR-1704  -000,HIGH,098-CR-1704  -000,0.397,0,0,0,0,0,0,1,0,0,0,0,0,0
72870676,980100,2.023E+11,20230223,1746,,,CASSIDY,,BLVD,,,,,,Y,N,NULL,NULL,NULL,N,NULL,NULL,NULL,NULL,NULL,NULL,0.348,NULL,NULL,NULL,NULL,,NULL,0,0,2,2,N,N,NULL,NULL,98,9801,NULL,,Y,37.50524,37,30.314,NULL,-82.53786,82,32.272,NULL,N,NULL,NULL,NULL,NULL,NULL,NULL,NULL,NULL,6,97,NULL,6,1,1,2,2,1,3,N,NULL,Y,N,1747,1755,1809,N,NULL,90,,,N,,N,N,,NULL,NULL,2023,O,7.28707E+11,098-CS-1191  -000,MEDIUM,098-CS-1191  -000,0.352,0,0,0,1,0,0,1,0,0,0,0,0,0
72783424,KSP0900,22-266885,20220713,2141,,,ELKHORN,,CRK,KY0197,KY0197,0,098 KY-197,KY0197,N,N,NULL,NULL,NULL,N,NULL,NULL,NULL,NULL,NULL,NULL,10.609,NULL,NULL,NULL,NULL,,NULL,1,0,1,1,N,N,35,NULL,98,9802,NULL,,Y,37.26931,37,16.159,NULL,-82.42249,82,25.35,NULL,N,NULL,NULL,NULL,NULL,NULL,NULL,NULL,NULL,9,3,2,6,1,1,2,6,7,3,Y,NULL,Y,Y,2141,2156,2226,N,NULL,40,7,0,Y,,N,N,098-KY-0197-0,NULL,NULL,2022,B,7.27834E+11,098-KY-0197  -000,HIGH,098-KY-0197  -000,10.609,0,0,0,0,0,0,0,0,1,1,0,1,0
72786162,980100,2.022E+11,20220704,314,,,KY3496,,,KY3496,KY3496,,,,Y,N,NULL,NULL,NULL,N,NULL,NULL,NULL,NULL,NULL,NULL,0.229,NULL,NULL,NULL,NULL,,NULL,0,0,2,2,Y,N,NULL,NULL,98,9801,NULL,,Y,37.46675,37,28.005,NULL,-82.53165,82,31.899,NULL,N,NULL,NULL,NULL,NULL,NULL,NULL,NULL,NULL,3,97,NULL,6,1,1,2,5,1,3,N,NULL,Y,N,314,315,,N,NULL,90,16,0,N,,N,N,,NULL,NULL,2022,NULL,7.27862E+11,098-KY-3496  -000,HIGH,098-KY-3496  -000,0.229,1,0,0,0,0,0,0,0,0,0,0,0,0
72857456,KSP0900,23-29444,20230123,1546,,,US460,,,US0460,US0460,,,,N,N,NULL,NULL,NULL,N,NULL,NULL,NULL,NULL,NULL,NULL,4.964,NULL,NULL,NULL,NULL,,NULL,0,0,2,2,N,N,55,NULL,98,9805,NULL,,Y,37.41152,37,24.691,NULL,-82.44972,82,26.983,NULL,N,NULL,NULL,NULL,NULL,NULL,NULL,NULL,NULL,7,3,2,6,1,5,3,2,7,3,N,NULL,Y,N,1546,1604,1604,N,NULL,54,,1,N,,N,N,,NULL,NULL,2023,O,7.28575E+11,098-US-0460  -000,HIGH,098-US-0460  -000,4.95,0,0,0,0,0,0,0,0,0,0,0,1,0
72813240,980200,980200,20220908,1137,,,KY197,,,KY0197,KY0197,0,098 KY-197,KY0197,N,N,NULL,NULL,NULL,N,NULL,NULL,NULL,NULL,NULL,NULL,16.399,NULL,NULL,NULL,NULL,,NULL,0,0,2,2,N,N,35,NULL,98,9802,NULL,,Y,37.30101,37,18.06,NULL,-82.35313,82,21.188,NULL,N,NULL,NULL,NULL,NULL,NULL,NULL,NULL,NULL,1,7,2,6,1,1,2,2,1,3,N,NULL,N,N,1137,1140,,N,NULL,47,7,0,N,,N,N,098-KY-0197-0,NULL,NULL,2022,O,7.28132E+11,098-KY-0197  -000,HIGH,098-KY-0197  -000,16.399,0,0,0,1,0,0,0,0,0,0,0,0,0
72740947,KSP0900,22-95381,20220316,315,,,GRAPEVINE,,RD,KY0194,KY0194,0,098 KY-194,KY0194,N,N,NULL,NULL,NULL,N,NULL,NULL,NULL,NULL,NULL,NULL,36.657,NULL,NULL,NULL,NULL,,NULL,0,0,1,1,N,N,35,NULL,98,9849,NULL,,Y,37.45571,37,27.343,NULL,-82.27895,82,16.737,NULL,N,NULL,NULL,NULL,NULL,NULL,NULL,NULL,NULL,9,5,2,1,1,1,2,7,7,3,N,NULL,N,Y,315,350,350,N,NULL,40,7,0,N,,N,N,098-KY-0194-0,NULL,NULL,2022,O,7.27409E+11,098-KY-0194  -000,HIGH,098-KY-0194  -000,36.657,0,0,0,0,0,0,1,0,0,0,0,1,0
72741716,980100,2.022E+11,20220318,728,,,US23,,,US0023,US0023,0,098 US-23,US0023,N,N,NULL,NULL,NULL,N,NULL,NULL,NULL,NULL,NULL,NULL,21.003,NULL,NULL,NULL,NULL,,NULL,0,0,1,1,N,N,55,NULL,98,9801,NULL,,Y,37.44505,37,26.703,NULL,-82.52557,82,31.534,NULL,N,NULL,NULL,NULL,NULL,NULL,NULL,NULL,NULL,9,3,4,6,1,1,2,2,7,3,N,NULL,Y,N,728,730,741,N,NULL,38,,1,N,,N,N,098-US-0023-0,NULL,NULL,2022,O,7.27417E+11,098-US-0023  -000,HIGH,098-US-0023  -000,21.003,0,0,0,0,0,0,0,0,0,0,0,0,0
72749461,KSP0900,22-130567,20220411,800,,,VIRGIE,,RD,KY0610,KY0610,0,098 KY-610,KY0610,N,N,NULL,NULL,NULL,N,NULL,NULL,NULL,NULL,NULL,NULL,0.172,NULL,NULL,NULL,NULL,,NULL,0,0,2,2,N,N,55,NULL,98,9867,NULL,,Y,37.27748,37,16.649,NULL,-82.58131,82,34.879,NULL,N,NULL,NULL,NULL,NULL,NULL,NULL,NULL,NULL,5,3,2,6,1,1,2,2,6,3,N,NULL,Y,N,802,815,815,N,NULL,49,7,0,N,,N,N,098-KY-0610-0,NULL,NULL,2022,O,7.27495E+11,098-KY-0610  -000,HIGH,098-KY-0610  -000,0.172,0,0,0,0,0,0,1,0,0,0,0,0,0
72819072,KSP1300,2022-00382335,20221003,1228,,,US23,,,US0023,US0023,0,098 US-23-10,US0023,N,N,NULL,NULL,NULL,N,NULL,NULL,NULL,NULL,NULL,NULL,0.246,NULL,NULL,NULL,NULL,,NULL,2,0,1,1,N,N,55,NULL,98,9809,NULL,,Y,37.24393,37,14.636,NULL,-82.62087,82,37.252,NULL,N,NULL,NULL,NULL,NULL,NULL,NULL,NULL,NULL,9,4,4,3,1,1,3,2,7,3,Y,NULL,Y,Y,1228,1228,1228,Y,NULL,44,,1,Y,,N,N,098-US-0023-10,NULL,NULL,2022,B,7.28191E+11,098-US-0023  -010,HIGH,098-US-0023  -000,0.246,0,0,0,0,0,0,0,0,1,0,0,1,0
72801378,980100,2.022E+11,20220904,1511,,,KY3496,,,KY3496,KY3496,0,098 KY-3496,KY3496,Y,N,NULL,NULL,NULL,N,NULL,NULL,NULL,NULL,NULL,NULL,0.254,NULL,NULL,NULL,NULL,,NULL,0,0,2,2,N,N,35,NULL,98,9801,NULL,,Y,37.467,37,28.02,NULL,-82.532,82,31.92,NULL,N,NULL,NULL,NULL,NULL,NULL,NULL,NULL,NULL,2,97,2,6,1,6,6,2,1,3,N,NULL,Y,N,1512,1518,1518,N,NULL,90,16,0,N,,N,N,098-KY-3496-0,NULL,NULL,2022,O,7.28014E+11,098-KY-3496  -000,HIGH,098-KY-3496  -000,0.254,0,0,1,0,0,0,1,0,0,0,0,0,0
72731501,980500,2022AR009,20220216,1128,,,US HWY 23 NORTH AND KINNIKINNICK ROAD,,,,,,,,N,N,NULL,NULL,NULL,N,NULL,NULL,NULL,NULL,NULL,NULL,NULL,NULL,NULL,NULL,NULL,NULL,NULL,0,0,2,2,N,N,55,NULL,98,9807,1,N,N,37.54082,37,32.45,NULL,-82.58239,82,34.943,NULL,N,NULL,NULL,NULL,NULL,NULL,NULL,NULL,NULL,1,3,4,6,1,1,2,2,1,3,N,NULL,Y,Y,1128,1131,1145,N,NULL,55,,,N,,N,N,,NULL,NULL,2022,O,7.27315E+11,098-US-0023  -000,MEDIUM,098-US-0023  -000,30.289,0,0,0,1,0,0,0,0,0,0,0,0,0
72752975,980100,2.022E+11,20220419,1510,,,THOMPSON,,RD,,,,,,Y,N,NULL,NULL,NULL,N,NULL,NULL,NULL,NULL,NULL,NULL,0.418,NULL,NULL,NULL,NULL,,NULL,0,0,2,2,N,N,15,NULL,98,9801,NULL,,Y,37.50641,37,30.384,NULL,-82.54508,82,32.705,NULL,N,NULL,NULL,NULL,NULL,NULL,NULL,NULL,NULL,1,97,NULL,6,1,1,2,2,1,3,N,NULL,Y,N,1510,1528,1528,N,NULL,90,,,N,,N,N,,NULL,NULL,2022,O,7.2753E+11,098-CS-1215  -000,MEDIUM,098-CS-1215  -000,0.418,0,0,1,0,0,0,1,0,0,0,0,0,0
72876886,KSP0900,23-83115,20230303,1926,,,WILLIAMSON,,RD,KY0292,KY0292,0,098 KY-292,KY0292,N,N,NULL,NULL,NULL,N,NULL,NULL,NULL,NULL,NULL,NULL,9.717,NULL,NULL,NULL,NULL,,NULL,0,0,1,1,N,N,45,NULL,98,9836,NULL,,Y,37.70631,37,42.379,NULL,-82.30633,82,18.38,NULL,N,NULL,NULL,NULL,NULL,NULL,NULL,NULL,NULL,9,3,2,6,1,5,2,6,7,3,N,NULL,Y,N,1926,2000,2100,N,NULL,40,7,0,N,,N,N,098-KY-0292-0,NULL,NULL,2023,O,7.28769E+11,098-KY-0292  -000,HIGH,098-KY-0292  -000,9.722,0,0,0,0,0,0,0,0,0,0,0,1,0
72929122,980100,2.023E+11,20230727,1655,,,CASSIDY,,BLVD,,,0,098 CS-1191,CS1191,N,N,NULL,NULL,NULL,N,NULL,NULL,NULL,NULL,NULL,NULL,0.069,NULL,NULL,NULL,NULL,,NULL,0,0,2,2,N,N,15,NULL,98,9801,NULL,,Y,37.50366,37,30.22,NULL,-82.53326,82,31.996,NULL,N,NULL,NULL,NULL,NULL,NULL,NULL,NULL,NULL,1,97,2,6,1,1,2,2,1,3,N,NULL,Y,N,1655,1701,,N,NULL,55,,,N,,N,N,098-CS-1191-0,NULL,NULL,2023,O,7.29291E+11,098-CS-1191  -000,HIGH,098-CS-1191  -000,0.063,0,0,1,0,0,0,1,0,0,0,0,0,0
72837018,KSP0900,22-461642,20221202,1920,,60,PHILLIPS BRANCH,,RD,,,0,098 CR-1867,CR1867,Y,N,NULL,NULL,NULL,N,NULL,NULL,NULL,NULL,NULL,NULL,0.026,NULL,NULL,NULL,NULL,,NULL,0,0,1,1,Y,N,NULL,NULL,98,9804,NULL,,Y,37.49597,37,29.758,NULL,-82.13692,82,8.215,NULL,N,NULL,NULL,NULL,NULL,NULL,NULL,NULL,NULL,9,97,NULL,6,1,1,6,5,5,3,N,NULL,Y,N,1921,2006,2006,Y,NULL,90,,,N,,N,N,098-CR-1867-0,NULL,NULL,2022,O,7.2837E+11,098-CR-1867  -000,HIGH,098-CR-1867  -000,0.026,0,0,0,0,0,0,1,0,0,0,0,0,0
72768668,370200,2022-202532,20220531,859,,,US23,,,US0023,US0023,0,098 US-23-10,US0023,N,N,NULL,NULL,NULL,N,NULL,NULL,NULL,NULL,NULL,NULL,10.719,NULL,NULL,NULL,NULL,,NULL,0,0,2,2,N,N,55,NULL,98,9827,NULL,,Y,37.34665,37,20.799,NULL,-82.54766,82,32.86,NULL,N,NULL,NULL,NULL,NULL,NULL,NULL,NULL,NULL,8,3,4,6,1,1,2,2,7,3,N,NULL,Y,N,859,908,908,N,NULL,53,,1,N,,N,Y,098-US-0023-10,NULL,NULL,2022,O,7.27687E+11,098-US-0023  -010,HIGH,098-US-0023  -000,10.719,0,1,0,1,0,0,0,0,0,0,0,1,0
72832731,980100,2.022E+11,20221113,946,,,US23,,,US0023,US0023,0,098 US-23,US0023,N,N,NULL,NULL,NULL,N,NULL,NULL,NULL,NULL,NULL,NULL,21.119,NULL,NULL,NULL,NULL,,NULL,1,0,1,1,N,N,55,NULL,98,9801,NULL,,Y,37.44695,37,26.817,NULL,-82.52577,82,31.546,NULL,N,NULL,NULL,NULL,NULL,NULL,NULL,NULL,NULL,9,2,4,3,1,1,3,2,7,3,Y,NULL,Y,Y,947,953,1136,Y,NULL,70,,1,Y,,N,N,098-US-0023-0,NULL,NULL,2022,C,7.28327E+11,098-US-0023  -000,HIGH,098-US-0023  -000,21.119,0,0,0,0,0,0,0,0,1,0,0,1,0
72849268,KSP0900,22-466973,20221207,745,,,ABNER MOUNTAIN,,RD,KY0122,KY0122,0,098 KY-122,KY0122,N,N,NULL,NULL,NULL,N,NULL,NULL,NULL,NULL,NULL,NULL,0.448,NULL,NULL,NULL,NULL,,NULL,0,1,1,1,N,N,55,NULL,98,9827,NULL,,Y,37.35031,37,21.019,NULL,-82.64905,82,38.943,NULL,N,NULL,NULL,NULL,NULL,NULL,NULL,NULL,NULL,9,3,2,1,1,5,6,2,7,3,N,NULL,Y,Y,745,804,900,N,NULL,40,,0,N,,N,N,098-KY-0122-0,NULL,NULL,2022,K,7.28493E+11,098-KY-0122  -000,HIGH,098-KY-0122  -000,0.448,0,0,0,1,0,0,0,0,0,1,0,1,0
72875381,KSP0900,23-89044,20230307,1400,,,KY1426,,,KY1426,KY1426,0,098 KY-1426,KY1426,N,N,NULL,NULL,NULL,N,NULL,NULL,NULL,NULL,NULL,NULL,12.275,NULL,NULL,NULL,NULL,,NULL,0,0,3,3,N,N,55,NULL,98,9828,NULL,,Y,37.53967,37,32.38,NULL,-82.4687,82,28.122,NULL,N,NULL,NULL,NULL,NULL,NULL,NULL,NULL,NULL,5,3,2,6,1,1,2,2,7,3,N,NULL,Y,N,1400,1400,1400,N,NULL,49,7,0,N,,N,N,098-KY-1426-0,NULL,NULL,2023,O,7.28754E+11,098-KY-1426  -000,HIGH,098-KY-1426  -000,12.276,0,0,1,0,0,0,0,0,0,0,0,0,0
72959241,980100,2.023E+11,20231012,1708,,,US23,,,US0023,US0023,0,098 US-23,US0023,N,N,NULL,NULL,NULL,N,NULL,NULL,NULL,NULL,NULL,NULL,NULL,NULL,NULL,NULL,NULL,,NULL,0,0,1,1,N,N,55,NULL,98,9801,NULL,,Y,37.4324,37,25.944,NULL,-82.51433,82,30.86,NULL,N,NULL,NULL,NULL,NULL,NULL,NULL,NULL,NULL,9,5,4,6,1,1,2,2,7,3,N,NULL,Y,N,1709,1715,,N,NULL,51,,1,N,,N,Y,098-US-0023-0,NULL,NULL,2023,O,7.29592E+11,098-US-0023  -000,HIGH,098-US-0023  -000,18.226,0,0,0,0,0,0,0,0,0,0,0,1,0
72959307,KSP0900,23-423952,20231014,843,,,WEDDINGTON BRANCH,,RD,,,0,098 CS-3026,CS3026,Y,N,NULL,NULL,NULL,N,NULL,NULL,NULL,NULL,NULL,NULL,0.378,NULL,NULL,NULL,NULL,,NULL,0,0,2,2,N,N,15,NULL,98,9807,NULL,,Y,37.52664,37,31.598,NULL,-82.56815,82,34.089,NULL,N,NULL,NULL,NULL,NULL,NULL,NULL,NULL,NULL,5,97,1,6,1,5,3,2,5,3,N,NULL,Y,N,843,912,912,N,NULL,90,,,N,,N,N,098-CS-3026-0,NULL,NULL,2023,O,7.29593E+11,098-CS-3026  -000,HIGH,098-CS-3026  -000,0.333,0,0,0,0,0,0,0,0,0,0,0,0,0
72929973,KSP0900,23-347010,20230803,1825,,,US119,,,US0119,US0119,0,098 US-119,US0119,Y,N,NULL,NULL,NULL,N,NULL,NULL,NULL,NULL,NULL,NULL,NULL,NULL,NULL,NULL,NULL,,NULL,0,0,1,1,N,N,NULL,NULL,98,9836,NULL,,Y,37.61893,37,37.136,NULL,-82.26854,82,16.112,NULL,N,NULL,NULL,NULL,NULL,NULL,NULL,NULL,NULL,9,97,NULL,6,2,5,6,2,6,3,N,NULL,N,N,1825,1840,1840,Y,NULL,90,2,1,N,,N,N,098-US-0119-0,NULL,NULL,2023,O,7.293E+11,098-US-0119  -000,HIGH,098-US-0119  -000,20.806,0,0,0,0,0,0,1,0,0,0,0,0,0
72948442,KSP0900,23-393129,20230915,317,,,KY80,,,KY0080,KY0080,0,098 KY-80,KY0080,N,N,NULL,NULL,NULL,N,NULL,NULL,NULL,NULL,NULL,NULL,1.145,NULL,NULL,NULL,NULL,,NULL,0,0,1,1,N,N,55,NULL,98,9802,NULL,,Y,37.32701,37,19.621,NULL,-82.36734,82,22.04,NULL,N,NULL,NULL,NULL,NULL,NULL,NULL,NULL,NULL,9,3,2,6,1,5,6,6,7,3,N,NULL,N,N,317,358,447,N,NULL,70,7,5,N,,N,N,098-KY-0080-0,NULL,NULL,2023,O,7.29484E+11,098-KY-0080  -000,HIGH,098-KY-0080  -000,1.138,0,0,0,0,0,0,0,0,0,0,0,0,0
72854461,KSP0900,23-10709,20230109,619,,,US460,,,US0460,US0460,0,098 US-460,US0460,N,N,NULL,NULL,NULL,N,NULL,NULL,NULL,NULL,NULL,NULL,4.092,NULL,NULL,NULL,NULL,,NULL,1,0,1,1,N,N,55,NULL,98,9801,NULL,,Y,37.41923,37,25.154,NULL,-82.46055,82,27.633,NULL,N,NULL,NULL,NULL,NULL,NULL,NULL,NULL,NULL,9,3,2,6,1,2,2,6,7,3,N,NULL,Y,Y,626,647,715,N,NULL,70,,1,N,,N,N,098-US-0460-0,NULL,NULL,2023,C,7.28545E+11,098-US-0460  -000,HIGH,098-US-0460  -000,4.092,0,0,0,1,0,0,0,0,0,0,0,1,0
72764682,980100,2.022E+11,20220502,1307,,,HAROLDS BRANCH,,RD,,,,,,N,N,NULL,NULL,NULL,N,NULL,NULL,NULL,NULL,NULL,NULL,0.052,NULL,NULL,NULL,NULL,,NULL,0,0,2,2,N,N,15,NULL,98,9801,NULL,,Y,37.47215,37,28.329,NULL,-82.52233,82,31.34,NULL,N,NULL,NULL,NULL,NULL,NULL,NULL,NULL,NULL,2,3,2,6,1,1,2,2,1,3,N,NULL,Y,N,1307,1314,,N,NULL,56,,,N,,N,N,,NULL,NULL,2022,O,7.27647E+11,098-CS-1223  -000,MEDIUM,098-CS-1223  -000,0.052,0,0,0,1,0,0,1,0,0,0,0,0,0
72940403,KSP0900,23-375023,20230829,1912,,,UPPER JOHNS,,CRK,KY0632,KY0632,0,098 KY-632,KY0632,N,N,NULL,NULL,NULL,N,NULL,NULL,NULL,NULL,NULL,NULL,0.931,NULL,NULL,NULL,NULL,,NULL,0,0,2,2,N,N,55,NULL,98,9817,NULL,,Y,37.4937,37,29.622,NULL,-82.33572,82,20.144,NULL,N,NULL,NULL,NULL,NULL,NULL,NULL,NULL,NULL,7,3,2,3,1,5,3,2,1,3,N,NULL,N,N,1900,1910,1915,N,NULL,54,6,0,N,,N,N,098-KY-0632-0,NULL,NULL,2023,O,7.29404E+11,098-KY-0632  -000,HIGH,098-KY-0632  -000,0.932,0,0,0,0,0,0,0,1,0,0,0,1,0
72827329,980100,2.022E+11,20221109,1424,,,CASSIDY,,BLVD,,,0,098 CS-1191,CS1191,N,N,NULL,NULL,NULL,N,NULL,NULL,NULL,NULL,NULL,NULL,0.305,NULL,NULL,NULL,NULL,,NULL,0,0,2,2,N,N,35,NULL,98,9801,NULL,,Y,37.50514,37,30.308,NULL,-82.53692,82,32.215,NULL,N,NULL,NULL,NULL,NULL,NULL,NULL,NULL,NULL,8,3,3,6,1,1,2,2,7,3,N,NULL,Y,N,1426,1432,1432,N,NULL,53,,,N,,N,N,098-CS-1191-0,NULL,NULL,2022,O,7.28273E+11,098-CS-1191  -000,HIGH,098-CS-1191  -000,0.305,0,0,0,0,0,0,1,0,0,0,0,1,0
72811143,KSP0900,22-378302,20220930,1234,,,KY194,,,KY0194,KY0194,0,098 KY-194,KY0194,N,N,NULL,NULL,NULL,N,NULL,NULL,NULL,NULL,NULL,NULL,55.242,NULL,NULL,NULL,NULL,,NULL,1,0,2,2,N,N,35,NULL,98,9804,NULL,,Y,37.51458,37,30.875,NULL,-82.15229,82,9.137,NULL,N,NULL,NULL,NULL,NULL,NULL,NULL,NULL,NULL,1,3,2,6,1,1,2,2,7,3,Y,NULL,Y,Y,1255,1337,1400,N,NULL,55,8,0,N,,N,N,098-KY-0194-0,NULL,NULL,2022,C,7.28111E+11,098-KY-0194  -000,HIGH,098-KY-0194  -000,55.242,0,0,0,0,0,0,1,0,0,0,0,0,0