MasterFile,AgencyORINumber,LocalCode,CollisionDate,CollisionTime,CollisionDayWeekCode,RoadwayName_HouseBusinessNumber_,RoadwayName_RoadwayName_,RoadwayName_Direction_,RoadwayName_RoadwaySuffix_,RoadwayfromReport,CurrentRoadwayNumber,RoadwayNumberCoupletID,RSEUniqueGIS,RoadwayIdentifier,ParkingLotIndicator,IntersectionWith_Indicator_,IntersectionWith_NameRoadway_,IntersectionWith_Direction_,IntersectionWith_RoadwaySuffix_,BetweenStreets_Indicator_,BetweenStreets1_NameRoadway_,BetweenStreet1_Direction_,BetweenStreets1_RoadwaySuffix_,BetweenStreets2_NameRoadway_,BetweenStreets2_Direction_,BetweenStreets2_RoadwaySuffix_,Milepoint,ReportMilepointDeriveNumber,CurrentDerivedMiepointNumber,MilestoMilepoint,FeettoMilepoint,DirectionfromMilepoint_NSEW_,ValidMilepointIndicator,NumberInjured,NumberKilled,ofUnits,ofMotorVehicleUnits,Hit&RunIndicator,OneWayIndicator,SpeedLimitNumber,KilometersIndicator,CountyCode,CityCountyCode,MilesFromCity,DirectionFromCity_NSEW_,InCityLimitsIndicator,Latitude,LatitudeDegrees,LatitudeMinutes,LatitudeSeconds,Longitude,LongitudeDegrees,LongitudeMinutes,LongitudeSeconds,RampIndicator,RampFromIdentifier,RampFromDirCode,RampFromCoupletID,RSEUniqueGISRampFrom,RampToidentifier,RampToDirCode,RampToCoupletID,RSEUniqueGisRampTo,MannerofCollisionCode,LocationFirstEventCode,TotalLanes,RoadwayCharacterCode,RoadwaySurfaceCode,RoadwayConditionCode,WeatherCode,LightConditionCode,LandUseCode,SchoolBusRelatedCode,FirstAidSceneIndicator,CollDescPresentInd,InvestigationCompleteIndicator,PhotosTakenIndicator,TimeNotified,TimeArrived,TimeRoadwayOpened,PropertyDamageIndicator,DiagramPresentIndicator,DirectionalAnalysis,FunctionClassCode,NationalHwySysCode,EnforcementsIndicator,KARSCityCode,SecondaryCollisionIndicator,MedianCrossoverIndicator,RT_UNIQUE,MapIt,TimeLastLeft,YR,KABCO,MFNY,WorkingRID,RT_CONFIDENCE,KTC_RT,KTC_MP,Motorcyclist,CommercialVehicle,YoungDriver,MatureDriver,pedestrian,Bicyclist,Distracted,agressive,Impaired,Unrestrained,Intersection,RoadwayDeparture,MedXover
72854606,980100,2.023E+11,20230108,2038,,,US23,,,US0023,US0023,0,098 US-23-10,US0023,N,N,NULL,NULL,NULL,N,NULL,NULL,NULL,NULL,NULL,NULL,24.829,NULL,NULL,NULL,NULL,,NULL,0,0,1,1,N,N,55,NULL,98,9801,NULL,,Y,37.48646,37,29.187,NULL,-82.54179,82,32.507,NULL,N,NULL,NULL,NULL,NULL,NULL,NULL,NULL,NULL,9,3,4,6,1,5,3,5,7,3,N,NULL,Y,N,2038,2041,,N,NULL,70,,1,N,,N,N,098-US-0023-10,NULL,NULL,2023,O,7.28546E+11,098-US-0023  -010,HIGH,098-US-0023  -000,24.785,0,0,1,0,0,0,0,0,0,0,0,0,0
72863965,KSP0900,23-52451,20230210,1224,,,STONE COAL CREEK,,RD,KY3227,KY3227,0,098 KY-3227,KY3227,N,N,NULL,NULL,NULL,N,NULL,NULL,NULL,NULL,NULL,NULL,1.672,NULL,NULL,NULL,NULL,,NULL,1,0,1,1,N,N,35,NULL,98,9801,NULL,,Y,37.53194,37,31.917,NULL,-82.5364,82,32.184,NULL,N,NULL,NULL,NULL,NULL,NULL,NULL,NULL,NULL,9,5,2,6,1,1,2,2,7,3,Y,NULL,Y,Y,1224,1237,1315,N,NULL,44,8,0,N,,N,N,098-KY-3227-0,NULL,NULL,2023,B,7.2864E+11,098-KY-3227  -000,HIGH,098-KY-3227  -000,1.681,0,0,1,0,0,0,0,0,0,0,0,1,0
72920165,KSP0900,23-315545,20230706,1258,,,US23,,,US0023,US0023,,,,N,N,NULL,NULL,NULL,N,NULL,NULL,NULL,NULL,NULL,NULL,17.779,NULL,NULL,NULL,NULL,,NULL,0,0,1,1,N,N,55,NULL,98,9801,NULL,,Y,37.42596,37,25.558,NULL,-82.51681,82,31.008,NULL,N,NULL,NULL,NULL,NULL,NULL,NULL,NULL,NULL,9,3,4,6,1,1,2,2,7,3,N,NULL,Y,N,1258,1319,1341,N,NULL,70,,1,N,,N,N,,NULL,NULL,2023,O,7.29202E+11,098-US-0023  -000,MEDIUM,098-US-0023  -000,17.759,0,0,0,0,0,0,0,0,0,0,0,0,0
72845864,980100,2.022E+11,20221221,1735,,,KY3496,,,KY3496,KY3496,0,098 KY-3496,KY3496,N,N,NULL,NULL,NULL,N,NULL,NULL,NULL,NULL,NULL,NULL,0.012,NULL,NULL,NULL,NULL,,NULL,1,0,2,2,N,N,35,NULL,98,9801,NULL,,Y,37.46581,37,27.949,NULL,-82.52815,82,31.689,NULL,N,NULL,NULL,NULL,NULL,NULL,NULL,NULL,NULL,5,3,2,6,1,1,3,3,7,3,N,NULL,Y,N,1735,1738,1738,N,NULL,49,16,0,N,,N,N,098-KY-3496-0,NULL,NULL,2022,C,7.28459E+11,098-KY-3496  -000,HIGH,098-KY-3496  -000,0.012,0,0,0,0,0,0,1,0,0,0,0,0,0
72820451,KSP0900,22-403793,20221020,540,,,KY292,,,KY0292,KY0292,0,098 KY-292,KY0292,N,N,NULL,NULL,NULL,N,NULL,NULL,NULL,NULL,NULL,NULL,1.011,NULL,NULL,NULL,NULL,,NULL,1,0,1,1,N,N,45,NULL,98,9869,NULL,,Y,37.63993,37,38.396,NULL,-82.21806,82,13.084,NULL,N,NULL,NULL,NULL,NULL,NULL,NULL,NULL,NULL,9,3,2,3,1,1,2,6,7,3,Y,NULL,Y,N,550,620,700,N,NULL,40,8,0,N,,N,N,098-KY-0292-0,NULL,NULL,2022,C,7.28205E+11,098-KY-0292  -000,HIGH,098-KY-0292  -000,1.011,0,0,0,0,0,0,1,0,0,0,0,1,0
72854595,980100,2.023E+11,20230115,1655,,,PIKE,,ST,,,0,098 CS-1113,CS1113,N,N,NULL,NULL,NULL,N,NULL,NULL,NULL,NULL,NULL,NULL,0.137,NULL,NULL,NULL,NULL,,NULL,0,0,2,2,N,Y,25,NULL,98,9801,NULL,,Y,37.48085,37,28.851,NULL,-82.51765,82,31.059,NULL,N,NULL,NULL,NULL,NULL,NULL,NULL,NULL,NULL,7,3,2,6,1,1,2,2,7,3,N,NULL,Y,N,1655,1657,1658,N,NULL,54,,,N,,N,N,098-CS-1113-0,NULL,NULL,2023,O,7.28546E+11,098-CS-1113  -000,HIGH,098-CS-1113  -000,0.137,0,0,1,1,0,0,1,0,0,0,0,1,0
72857514,980100,2.023E+11,20230123,1437,,,BAIRD,,AVE,KY1426,KY1426,0,098 KY-1426,KY1426,N,N,NULL,NULL,NULL,N,NULL,NULL,NULL,NULL,NULL,NULL,5.389,NULL,NULL,NULL,NULL,,NULL,0,0,2,2,N,N,25,NULL,98,9801,NULL,,Y,37.47311,37,28.386,NULL,-82.52705,82,31.623,NULL,N,NULL,NULL,NULL,NULL,NULL,NULL,NULL,NULL,5,3,2,6,1,5,3,2,7,3,N,NULL,Y,N,1437,1440,1440,N,NULL,49,,0,N,,N,N,098-KY-1426-0,NULL,NULL,2023,O,7.28575E+11,098-KY-1426  -000,HIGH,098-KY-1426  -000,5.407,0,0,0,0,0,0,1,0,0,0,0,0,0
72935513,KSP0900,23-347439,20230804,520,,,US119,,,US0119,US0119,0,098 US-119,US0119,N,N,NULL,NULL,NULL,N,NULL,NULL,NULL,NULL,NULL,NULL,14.876,NULL,NULL,NULL,NULL,,NULL,0,0,1,1,N,N,55,NULL,98,9833,NULL,,Y,37.61309,37,36.785,NULL,-82.33787,82,20.272,NULL,N,NULL,NULL,NULL,NULL,NULL,NULL,NULL,NULL,9,3,4,6,1,1,3,6,7,3,N,NULL,N,N,526,555,630,N,NULL,40,2,1,N,,N,N,098-US-0119-0,NULL,NULL,2023,O,7.29355E+11,098-US-0119  -000,HIGH,098-US-0119  -000,14.934,0,0,0,0,0,0,0,0,0,0,0,1,0
72819767,980100,2.022E+11,20221020,1331,,,CASSIDY,,BLVD,,,0,098 CS-1191,CS1191,N,N,NULL,NULL,NULL,N,NULL,NULL,NULL,NULL,NULL,NULL,0.267,NULL,NULL,NULL,NULL,,NULL,0,0,2,2,N,N,35,NULL,98,9801,NULL,,Y,37.5047,37,30.282,NULL,-82.53621,82,32.173,NULL,N,NULL,NULL,NULL,NULL,NULL,NULL,NULL,NULL,1,3,2,6,1,1,2,2,1,3,N,NULL,Y,N,1331,1334,1334,N,NULL,55,,,N,,N,N,098-CS-1191-0,NULL,NULL,2022,O,7.28198E+11,098-CS-1191  -000,HIGH,098-CS-1191  -000,0.267,0,0,0,1,0,0,1,1,0,0,0,0,0
72860664,KSP0900,23-38162,20230130,1423,,,MCCOY,,CT,,,0,098 CR-1825,CR1825,Y,N,NULL,NULL,NULL,N,NULL,NULL,NULL,NULL,NULL,NULL,0.014,NULL,NULL,NULL,NULL,,NULL,0,0,2,2,N,N,NULL,NULL,98,9804,NULL,,Y,37.55012,37,33.007,NULL,-82.1599,82,9.594,NULL,N,NULL,NULL,NULL,NULL,NULL,NULL,NULL,NULL,2,97,NULL,6,3,1,3,2,5,3,N,NULL,Y,N,1423,1520,1520,N,NULL,90,,,N,,N,N,098-CR-1825-0,NULL,NULL,2023,O,7.28607E+11,098-CR-1825  -000,HIGH,098-CR-1825  -000,0.013,0,0,0,0,0,0,1,0,0,0,0,0,0
72873111,980100,2.023E+11,20230306,840,,,US23,,,US0023,US0023,0,098 US-23,US0023,N,N,NULL,NULL,NULL,N,NULL,NULL,NULL,NULL,NULL,NULL,26.286,NULL,NULL,NULL,NULL,,NULL,0,0,2,2,N,N,55,NULL,98,9801,NULL,,Y,37.5037,37,30.222,NULL,-82.53215,82,31.929,NULL,N,NULL,NULL,NULL,NULL,NULL,NULL,NULL,NULL,5,3,4,6,1,1,2,2,7,3,N,NULL,Y,N,840,842,850,N,NULL,49,,1,Y,,N,N,098-US-0023-0,NULL,NULL,2023,O,7.28731E+11,098-US-0023  -000,HIGH,098-US-0023  -000,26.224,0,0,0,0,0,0,0,0,1,0,0,0,0
72834030,980100,2.022E+11,20221125,2133,,,US23 CONNECTOR TO US460,,,US0023,US0023,0,098 US-23-71,US0023,N,N,NULL,NULL,NULL,N,NULL,NULL,NULL,NULL,NULL,NULL,0.005,NULL,NULL,NULL,NULL,,NULL,0,0,2,2,N,N,55,NULL,98,9801,NULL,,Y,37.43887,37,26.332,NULL,-82.50922,82,30.553,NULL,N,NULL,NULL,NULL,NULL,NULL,NULL,NULL,NULL,1,3,4,6,1,5,10,6,3,3,N,NULL,Y,N,2133,2141,2141,N,NULL,55,,1,N,,N,N,098-US-0023-71,NULL,NULL,2022,O,7.2834E+11,098-US-0023  -071,HIGH,098-US-0023  -071,0.005,0,0,0,1,0,0,0,1,0,0,0,0,0
72944095,980100,2.023E+11,20230905,942,,,US23,,,US0023,US0023,0,098 US-23-10,US0023,N,N,NULL,NULL,NULL,N,NULL,NULL,NULL,NULL,NULL,NULL,18.78,NULL,NULL,NULL,NULL,,NULL,0,0,2,2,N,N,55,NULL,98,9801,NULL,,Y,37.43878,37,26.327,NULL,-82.5092,82,30.552,NULL,N,NULL,NULL,NULL,NULL,NULL,NULL,NULL,NULL,1,3,4,6,1,1,2,2,7,3,N,NULL,Y,N,942,944,,N,NULL,55,,1,N,,N,N,098-US-0023-10,NULL,NULL,2023,O,7.29441E+11,098-US-0023  -010,HIGH,098-US-0023  -000,18.764,0,0,0,1,0,0,1,1,0,0,0,0,0
72853569,KSP0900,23-9557,20230108,346,,,KY80,,,KY0080,KY0080,0,098 KY-80,KY0080,N,N,NULL,NULL,NULL,N,NULL,NULL,NULL,NULL,NULL,NULL,2.224,NULL,NULL,NULL,NULL,,NULL,0,0,1,1,N,N,35,NULL,98,9802,NULL,,Y,37.3135,37,18.81,NULL,-82.35869,82,21.521,NULL,N,NULL,NULL,NULL,NULL,NULL,NULL,NULL,NULL,9,3,2,3,1,5,3,4,7,3,N,NULL,Y,N,348,358,500,N,NULL,44,7,0,N,,N,N,098-KY-0080-0,NULL,NULL,2023,O,7.28536E+11,098-KY-0080  -000,HIGH,098-KY-0080  -000,2.223,0,0,0,0,0,0,0,0,0,0,0,1,0
72832914,KSP0900,22-440985,20221117,553,,,FERRELLS CREEK,,RD,US0460,US0460,0,098 US-460,US0460,N,N,NULL,NULL,NULL,N,NULL,NULL,NULL,NULL,NULL,NULL,20.958,NULL,NULL,NULL,NULL,,NULL,0,0,2,2,N,N,55,NULL,98,9847,NULL,,Y,37.3736,37,22.416,NULL,-82.27803,82,16.682,NULL,N,NULL,NULL,NULL,NULL,NULL,NULL,NULL,NULL,6,6,2,2,1,5,9,3,2,3,N,NULL,Y,N,557,729,830,N,NULL,47,,1,N,,N,Y,098-US-0460-0,NULL,NULL,2022,O,7.28329E+11,098-US-0460  -000,HIGH,098-US-0460  -000,20.958,0,1,0,0,0,0,0,0,0,0,0,1,0
72744230,KSP0900,22-103132,20220321,1645,,,US460,,,US0460,US0460,0,098 US-460,US0460,N,N,NULL,NULL,NULL,N,NULL,NULL,NULL,NULL,NULL,NULL,1.222,NULL,NULL,NULL,NULL,,NULL,3,0,3,3,N,N,55,NULL,98,9824,2,E,N,37.42775,37,25.665,NULL,-82.50259,82,30.156,NULL,N,NULL,NULL,NULL,NULL,NULL,NULL,NULL,NULL,7,3,2,3,1,1,2,2,7,3,Y,NULL,Y,Y,1647,1653,1749,N,NULL,54,,1,N,,N,N,098-US-0460-0,NULL,NULL,2022,B,7.27442E+11,098-US-0460  -000,HIGH,098-US-0460  -000,1.222,0,0,0,0,0,0,0,0,0,0,0,1,0
72750745,KSP0900,22-129432,20220410,1310,,,US119,,,US0119,US0119,0,098 US-119,US0119,N,N,NULL,NULL,NULL,N,NULL,NULL,NULL,NULL,NULL,NULL,11.668,NULL,NULL,NULL,NULL,,NULL,0,0,1,1,N,N,55,NULL,98,9833,NULL,,Y,37.59283,37,35.57,NULL,-82.37938,82,22.763,NULL,N,NULL,NULL,NULL,NULL,NULL,NULL,NULL,NULL,9,3,2,4,1,1,2,2,7,3,N,NULL,N,N,1314,1314,1330,N,NULL,38,2,1,N,,N,N,098-US-0119-0,NULL,NULL,2022,O,7.27507E+11,098-US-0119  -000,HIGH,098-US-0119  -000,11.668,0,0,0,0,0,0,0,0,0,0,0,0,0
72746633,KSP0900,22-118840,20220402,1000,,,TOLER,,RD,KY0319,KY0319,0,098 KY-319,KY0319,N,N,NULL,NULL,NULL,N,NULL,NULL,NULL,NULL,NULL,NULL,0.521,NULL,NULL,NULL,NULL,,NULL,3,0,2,2,N,N,55,NULL,98,9842,NULL,,Y,37.5812,37,34.872,NULL,-82.18831,82,11.298,NULL,N,NULL,NULL,NULL,NULL,NULL,NULL,NULL,NULL,7,3,2,6,1,1,2,2,7,3,Y,NULL,Y,Y,1000,1004,1104,N,NULL,54,7,0,N,,N,N,098-KY-0319-0,NULL,NULL,2022,B,7.27466E+11,098-KY-0319  -000,HIGH,098-KY-0319  -000,0.521,0,0,0,0,0,0,0,0,1,0,0,1,0
72880240,KSP0900,23-115193,20230326,1731,,,CEDAR HILLS,,RD,KY1426,KY1426,0,098 KY-1426,KY1426,N,N,NULL,NULL,NULL,N,NULL,NULL,NULL,NULL,NULL,NULL,2.642,NULL,NULL,NULL,NULL,,NULL,1,0,1,1,N,N,55,NULL,98,9801,NULL,,Y,37.45626,37,27.376,NULL,-82.55027,82,33.016,NULL,N,NULL,NULL,NULL,NULL,NULL,NULL,NULL,NULL,9,3,2,3,1,1,2,2,7,3,Y,NULL,Y,Y,1734,1737,,N,NULL,44,8,0,N,,N,N,098-KY-1426-0,NULL,NULL,2023,B,7.28802E+11,098-KY-1426  -000,HIGH,098-KY-1426  -000,2.642,0,0,0,0,0,0,0,0,0,0,0,1,0
72835223,980100,2.022E+11,20221117,1608,,,HAMBLEY,,BLVD,,,0,098 CS-1222,CS1222,N,N,NULL,NULL,NULL,N,NULL,NULL,NULL,NULL,NULL,NULL,0.002,NULL,NULL,NULL,NULL,,NULL,0,0,2,2,N,N,35,NULL,98,9801,NULL,,Y,37.47399,37,28.439,NULL,-82.52731,82,31.638,NULL,N,NULL,NULL,NULL,NULL,NULL,NULL,NULL,NULL,1,3,2,6,1,1,2,2,1,3,N,NULL,Y,N,1608,1612,,N,NULL,55,,,N,,N,N,098-CS-1222-0,NULL,NULL,2022,O,7.28352E+11,098-CS-1222  -000,HIGH,098-CS-1222  -000,0.002,0,0,1,0,0,0,1,0,0,0,0,0,0
72879478,KSP0900,23-112032,20230324,1525,,,SMITH FORK,,RD,KY3419,KY3419,0,098 KY-3419,KY3419,N,N,NULL,NULL,NULL,N,NULL,NULL,NULL,NULL,NULL,NULL,4.068,NULL,NULL,NULL,NULL,,NULL,1,0,1,1,N,N,55,NULL,98,9804,NULL,,Y,37.47683,37,28.61,NULL,-82.18472,82,11.083,NULL,N,NULL,NULL,NULL,NULL,NULL,NULL,NULL,NULL,9,3,1,3,1,5,2,2,7,3,Y,NULL,Y,Y,1526,1610,1715,Y,NULL,40,9,0,N,,N,N,098-KY-3419-0,NULL,NULL,2023,C,7.28795E+11,098-KY-3419  -000,HIGH,098-KY-3419  -000,4.065,0,0,0,0,0,0,0,0,0,0,0,1,0
72940393,980100,2.023E+11,20230823,1619,,,CASSIDY,,BLVD,,,0,098 CS-1191,CS1191,Y,N,NULL,NULL,NULL,N,NULL,NULL,NULL,NULL,NULL,NULL,0.059,NULL,NULL,NULL,NULL,,NULL,0,0,2,2,Y,N,NULL,NULL,98,9801,NULL,,Y,37.50368,37,30.221,NULL,-82.5331,82,31.986,NULL,N,NULL,NULL,NULL,NULL,NULL,NULL,NULL,NULL,2,97,NULL,6,1,1,2,2,1,3,N,NULL,Y,N,1619,1638,,N,NULL,90,,,N,,N,N,098-CS-1191-0,NULL,NULL,2023,O,7.29404E+11,098-CS-1191  -000,HIGH,098-CS-1191  -000,0.054,0,0,0,0,0,0,0,0,0,0,0,0,0
72855828,980100,2.023E+11,20230117,1303,,,ELM,N,ST,,,0,098 CS-1169,CS1169,N,N,NULL,NULL,NULL,N,NULL,NULL,NULL,NULL,NULL,NULL,0.094,NULL,NULL,NULL,NULL,,NULL,0,0,1,1,N,N,25,NULL,98,9801,NULL,,Y,37.47822,37,28.693,NULL,-82.52238,82,31.343,NULL,N,NULL,NULL,NULL,NULL,NULL,NULL,NULL,NULL,9,97,2,6,1,5,3,2,6,3,N,NULL,Y,N,1303,1305,1306,Y,NULL,40,,,N,,N,N,098-CS-1169-0,NULL,NULL,2023,O,7.28558E+11,098-CS-1169  -000,HIGH,098-CS-1169  -000,0.094,0,0,0,1,0,0,0,0,0,0,0,1,0
72862921,KSP0900,23-45929,20230205,1817,,,KY194,,,KY0194,KY0194,0,098 KY-194,KY0194,N,N,NULL,NULL,NULL,N,NULL,NULL,NULL,NULL,NULL,NULL,28.216,NULL,NULL,NULL,NULL,,NULL,0,0,1,1,N,N,55,NULL,98,9849,NULL,,Y,37.47673,37,28.603,NULL,-82.34911,82,20.946,NULL,N,NULL,NULL,NULL,NULL,NULL,NULL,NULL,NULL,9,3,2,6,1,1,2,6,7,3,N,NULL,Y,N,1817,1817,1820,N,NULL,38,7,0,N,,N,N,098-KY-0194-0,NULL,NULL,2023,O,7.28629E+11,098-KY-0194  -000,HIGH,098-KY-0194  -000,28.222,0,0,0,0,0,0,0,0,0,0,0,0,0
72867299,KSP0900,23-56381,20230213,1156,,,ABNER MOUNTAIN,,RD,KY0122,KY0122,,,,N,N,NULL,NULL,NULL,N,NULL,NULL,NULL,NULL,NULL,NULL,0.74,NULL,NULL,NULL,NULL,,NULL,0,0,2,2,N,N,35,NULL,98,9827,NULL,,Y,37.34419,37,20.651,NULL,-82.64912,82,38.947,NULL,N,NULL,NULL,NULL,NULL,NULL,NULL,NULL,NULL,7,3,2,1,1,1,2,2,7,3,N,NULL,Y,N,1156,1208,1306,N,NULL,54,,0,N,,N,N,,NULL,NULL,2023,O,7.28673E+11,098-KY-0122  -000,HIGH,098-KY-0122  -000,0.936,0,0,0,0,0,0,1,0,0,0,0,1,0
72881307,KSP0900,23-120515,20230330,1255,,,KY194,,,KY0194,KY0194,0,098 KY-194,KY0194,Y,N,NULL,NULL,NULL,N,NULL,NULL,NULL,NULL,NULL,NULL,43.018,NULL,NULL,NULL,NULL,,NULL,0,0,2,2,N,N,5,NULL,98,9870,NULL,,Y,37.43504,37,26.102,NULL,-82.21474,82,12.885,NULL,N,NULL,NULL,NULL,NULL,NULL,NULL,NULL,NULL,2,97,2,4,3,1,2,2,5,3,N,NULL,Y,N,1255,1330,1255,N,NULL,90,8,0,N,,N,N,098-KY-0194-0,NULL,NULL,2023,O,7.28813E+11,098-KY-0194  -000,HIGH,098-KY-0194  -000,43.029,0,1,1,0,0,0,1,0,0,0,0,0,0
72827111,980500,2022AR053,20221109,1258,,,MAIN STREET,,,,,,,,N,N,NULL,NULL,NULL,N,NULL,NULL,NULL,NULL,NULL,NULL,NULL,NULL,NULL,NULL,NULL,NULL,NULL,1,0,2,2,N,N,25,NULL,98,9807,NULL,,Y,37.51901,37,31.141,NULL,-82.56612,82,33.967,NULL,N,NULL,NULL,NULL,NULL,NULL,NULL,NULL,NULL,7,3,2,6,1,1,2,2,7,3,N,NULL,Y,Y,1258,1300,1300,N,NULL,54,,,N,,N,N,,NULL,NULL,2022,C,7.28271E+11,098-US-0023  -010,MEDIUM,098-US-0023  -000,28.516,0,0,0,1,0,0,1,0,0,0,0,1,0
72842221,980500,2022AR059,20221214,1705,,,US23,,,US0023,US0023,0,098 US-23,US0023,N,Y,STONE COAL CREEK,,RD,N,NULL,NULL,NULL,NULL,NULL,NULL,27.311,NULL,NULL,NULL,NULL,,NULL,0,0,2,2,N,N,45,NULL,98,9801,NULL,,Y,37.51099,37,30.659,NULL,-82.54876,82,32.925,NULL,N,NULL,NULL,NULL,NULL,NULL,NULL,NULL,NULL,5,3,4,6,1,5,6,3,1,3,N,NULL,Y,Y,1705,1705,1710,N,NULL,35,,1,N,,N,N,098-US-0023-0,NULL,NULL,2022,O,7.28422E+11,098-US-0023  -000,HIGH,098-US-0023  -000,27.311,0,0,0,0,0,0,1,0,0,0,1,0,0
72915828,980500,2023AR031,20230623,1525,,,US23,,,US0023,US0023,0,098 US-23-10,US0023,N,Y,MAIN ST CONN,,,N,NULL,NULL,NULL,NULL,NULL,NULL,28.593,NULL,NULL,NULL,NULL,,NULL,0,0,2,2,N,N,55,NULL,98,9807,NULL,,Y,37.51963,37,31.178,NULL,-82.56708,82,34.024,NULL,N,NULL,NULL,NULL,NULL,NULL,NULL,NULL,NULL,1,3,4,6,1,5,6,2,1,3,N,NULL,Y,Y,1525,1525,1610,N,NULL,8,,1,N,,N,N,098-US-0023-10,NULL,NULL,2023,O,7.29158E+11,098-US-0023  -010,HIGH,098-US-0023  -000,28.585,0,0,0,0,0,0,0,1,0,0,1,0,0
72927850,KSP0900,23-332754,20230721,1707,,,KY319,,,KY0319,KY0319,0,098 KY-319,KY0319,N,N,NULL,NULL,NULL,N,NULL,NULL,NULL,NULL,NULL,NULL,1.122,NULL,NULL,NULL,NULL,,NULL,1,0,1,1,N,N,55,NULL,98,9842,NULL,,Y,37.58615,37,35.169,NULL,-82.19707,82,11.825,NULL,N,NULL,NULL,NULL,NULL,NULL,NULL,NULL,NULL,9,3,2,2,1,1,2,2,7,3,N,NULL,N,N,1837,1846,1905,N,NULL,44,7,0,N,,N,N,098-KY-0319-0,NULL,NULL,2023,A,7.29279E+11,098-KY-0319  -000,HIGH,098-KY-0319  -000,1.122,0,0,0,1,0,0,1,0,0,1,0,1,0
72805021,KSP0900,22-351862,20220910,1424,,,GRAPEVINE,,RD,KY0194,KY0194,0,098 KY-194,KY0194,N,N,NULL,NULL,NULL,N,NULL,NULL,NULL,NULL,NULL,NULL,31.026,NULL,NULL,NULL,NULL,,NULL,0,0,1,1,N,N,55,NULL,98,9849,NULL,,Y,37.44128,37,26.477,NULL,-82.36057,82,21.634,NULL,N,NULL,NULL,NULL,NULL,NULL,NULL,NULL,NULL,9,5,2,5,1,5,6,2,7,3,Y,NULL,Y,Y,1434,1450,1536,N,NULL,44,7,0,Y,,N,N,098-KY-0194-0,NULL,NULL,2022,O,7.2805E+11,098-KY-0194  -000,HIGH,098-KY-0194  -000,31.026,0,0,0,0,0,0,0,0,1,1,0,1,0
72955195,KSP0900,23-414329,20231005,739,,,US460,,,US0460,US0460,0,098 US-460,US0460,N,N,NULL,NULL,NULL,N,NULL,NULL,NULL,NULL,NULL,NULL,4.976,NULL,NULL,NULL,NULL,,NULL,1,0,3,3,N,N,55,NULL,98,9832,NULL,,Y,37.41137,37,24.682,NULL,-82.44968,82,26.981,NULL,N,NULL,NULL,NULL,NULL,NULL,NULL,NULL,NULL,5,3,2,6,1,1,10,2,7,3,Y,NULL,N,Y,739,808,850,N,NULL,70,,1,N,,N,N,098-US-0460-0,NULL,NULL,2023,C,7.29552E+11,098-US-0460  -000,HIGH,098-US-0460  -000,4.961,0,0,0,0,0,0,0,0,0,0,0,0,0
72875407,980500,2023AR008,20230310,1605,,50,WEDDINGTON BRANCH,,RD,,,0,098 CS-3026,CS3026,Y,N,NULL,NULL,NULL,N,NULL,NULL,NULL,NULL,NULL,NULL,0.041,NULL,NULL,NULL,NULL,,NULL,0,0,2,2,N,N,15,NULL,98,9807,NULL,,Y,37.5228,37,31.368,NULL,-82.56997,82,34.198,NULL,N,NULL,NULL,NULL,NULL,NULL,NULL,NULL,NULL,8,97,NULL,6,1,5,3,2,1,3,N,NULL,Y,Y,1605,1610,,N,NULL,90,,,N,,N,N,098-CS-3026-0,NULL,NULL,2023,O,7.28754E+11,098-CS-3026  -000,HIGH,098-CS-3026  -000,0.042,0,0,0,0,0,0,0,0,0,0,0,0,0
72811939,KSP0900,22-380532,20221001,2230,,,US119,,,US0119,US0119,0,098 US-119,US0119,N,N,NULL,NULL,NULL,N,NULL,NULL,NULL,NULL,NULL,NULL,23.547,NULL,NULL,NULL,NULL,,NULL,0,0,2,2,N,N,55,NULL,98,9836,NULL,,Y,37.6494,37,38.964,NULL,-82.26762,82,16.057,NULL,N,NULL,NULL,NULL,NULL,NULL,NULL,NULL,NULL,2,7,2,6,1,5,3,5,1,3,N,NULL,N,N,2230,2230,2230,N,NULL,47,2,1,N,,N,N,098-US-0119-0,NULL,NULL,2022,O,7.28119E+11,098-US-0119  -000,HIGH,098-US-0119  -000,23.547,0,0,1,0,0,0,1,0,0,0,0,0,0
72853479,980100,2.023E+11,20230112,1655,,,BYPASS,S,RD,KY1426,KY1426,,,,N,N,NULL,NULL,NULL,N,NULL,NULL,NULL,NULL,NULL,NULL,5.587,NULL,NULL,NULL,NULL,,NULL,0,0,2,2,N,N,45,NULL,98,9801,NULL,,Y,37.47241,37,28.345,NULL,-82.52469,82,31.481,NULL,N,NULL,NULL,NULL,NULL,NULL,NULL,NULL,NULL,1,3,3,6,1,1,3,2,1,3,N,NULL,Y,N,1655,1659,,N,NULL,55,,0,N,,N,N,,NULL,NULL,2023,O,7.28535E+11,098-KY-1426  -000,MEDIUM,098-KY-1426  -000,5.587,0,0,1,0,0,0,1,1,0,0,0,0,0