MasterFile,AgencyORINumber,LocalCode,CollisionDate,CollisionTime,CollisionDayWeekCode,RoadwayName_HouseBusinessNumber_,RoadwayName_RoadwayName_,RoadwayName_Direction_,RoadwayName_RoadwaySuffix_,RoadwayfromReport,CurrentRoadwayNumber,RoadwayNumberCoupletID,RSEUniqueGIS,RoadwayIdentifier,ParkingLotIndicator,IntersectionWith_Indicator_,IntersectionWith_NameRoadway_,IntersectionWith_Direction_,IntersectionWith_RoadwaySuffix_,BetweenStreets_Indicator_,BetweenStreets1_NameRoadway_,BetweenStreet1_Direction_,BetweenStreets1_RoadwaySuffix_,BetweenStreets2_NameRoadway_,BetweenStreets2_Direction_,BetweenStreets2_RoadwaySuffix_,Milepoint,ReportMilepointDeriveNumber,CurrentDerivedMiepointNumber,MilestoMilepoint,FeettoMilepoint,DirectionfromMilepoint_NSEW_,ValidMilepointIndicator,NumberInjured,NumberKilled,ofUnits,ofMotorVehicleUnits,Hit&RunIndicator,OneWayIndicator,SpeedLimitNumber,KilometersIndicator,CountyCode,CityCountyCode,MilesFromCity,DirectionFromCity_NSEW_,InCityLimitsIndicator,Latitude,LatitudeDegrees,LatitudeMinutes,LatitudeSeconds,Longitude,LongitudeDegrees,LongitudeMinutes,LongitudeSeconds,RampIndicator,RampFromIdentifier,RampFromDirCode,RampFromCoupletID,RSEUniqueGISRampFrom,RampToidentifier,RampToDirCode,RampToCoupletID,RSEUniqueGisRampTo,MannerofCollisionCode,LocationFirstEventCode,TotalLanes,RoadwayCharacterCode,RoadwaySurfaceCode,RoadwayConditionCode,WeatherCode,LightConditionCode,LandUseCode,SchoolBusRelatedCode,FirstAidSceneIndicator,CollDescPresentInd,InvestigationCompleteIndicator,PhotosTakenIndicator,TimeNotified,TimeArrived,TimeRoadwayOpened,PropertyDamageIndicator,DiagramPresentIndicator,DirectionalAnalysis,FunctionClassCode,NationalHwySysCode,EnforcementsIndicator,KARSCityCode,SecondaryCollisionIndicator,MedianCrossoverIndicator,RT_UNIQUE,MapIt,TimeLastLeft,YR,KABCO,MFNY,WorkingRID,RT_CONFIDENCE,KTC_RT,KTC_MP,Motorcyclist,CommercialVehicle,YoungDriver,MatureDriver,pedestrian,Bicyclist,Distracted,agressive,Impaired,Unrestrained,Intersection,RoadwayDeparture,MedXover
72860328,980100,2.023E+11,20230131,1120,,,US23,,,US0023,US0023,0,098 US-23,US0023,N,N,NULL,NULL,NULL,N,NULL,NULL,NULL,NULL,NULL,NULL,21.714,NULL,NULL,NULL,NULL,,NULL,0,0,2,2,N,N,55,NULL,98,9801,NULL,,Y,37.45435,37,27.261,NULL,-82.5213,82,31.278,NULL,N,NULL,NULL,NULL,NULL,NULL,NULL,NULL,NULL,8,3,4,6,1,5,6,2,7,3,N,NULL,Y,N,1120,1127,1129,N,NULL,53,,1,Y,,N,N,098-US-0023-0,NULL,NULL,2023,O,7.28603E+11,098-US-0023  -000,HIGH,098-US-0023  -000,21.645,0,0,0,0,0,0,1,0,0,1,0,1,0
72864392,980100,2.023E+11,20230211,1128,,147,SYCAMORE,,ST,,,0,098 CS-1168,CS1168,Y,N,NULL,NULL,NULL,N,NULL,NULL,NULL,NULL,NULL,NULL,0.062,NULL,NULL,NULL,NULL,,NULL,0,0,1,1,N,N,NULL,NULL,98,9801,NULL,,Y,37.47831,37,28.699,NULL,-82.52158,82,31.295,NULL,N,NULL,NULL,NULL,NULL,NULL,NULL,NULL,NULL,9,97,NULL,6,1,1,2,2,8,3,N,NULL,Y,N,1128,1138,1158,Y,NULL,90,,,N,,N,N,098-CS-1168-0,NULL,NULL,2023,O,7.28644E+11,098-CS-1168  -000,MEDIUM,098-CS-1168  -000,0,0,0,1,0,0,0,0,0,0,0,0,1,0
72881638,KSP0900,23-120874,20230330,1715,,,PORTER,,LN,,,0,098 PR-1301,PR1301,N,N,NULL,NULL,NULL,N,NULL,NULL,NULL,NULL,NULL,NULL,0.043,NULL,NULL,NULL,NULL,,NULL,1,0,2,1,N,N,15,NULL,98,9801,NULL,,Y,37.53378,37,32.027,NULL,-82.61423,82,36.854,NULL,N,NULL,NULL,NULL,NULL,NULL,NULL,NULL,NULL,9,3,1,6,3,1,2,2,6,3,N,NULL,Y,Y,1715,1745,1745,N,NULL,36,,,N,,N,N,098-PR-1301-0,NULL,NULL,2023,A,7.28816E+11,098-PR-1301  -000,HIGH,098-PR-1301  -000,0.031,0,0,0,0,1,0,0,0,0,0,0,0,0
72885055,980100,2.023E+11,20230409,1959,,238,KY3496,,,KY3496,KY3496,0,098 KY-3496,KY3496,Y,N,NULL,NULL,NULL,N,NULL,NULL,NULL,NULL,NULL,NULL,0.565,NULL,NULL,NULL,NULL,,NULL,0,0,2,2,N,N,35,NULL,98,9801,NULL,,Y,37.47103,37,28.262,NULL,-82.53345,82,32.007,NULL,N,NULL,NULL,NULL,NULL,NULL,NULL,NULL,NULL,5,97,2,6,1,1,2,3,5,3,N,NULL,Y,N,1959,2003,2003,N,NULL,90,16,0,N,,N,N,098-KY-3496-0,NULL,NULL,2023,O,7.28851E+11,098-KY-3496  -000,HIGH,098-KY-3496  -000,0.566,0,0,0,1,0,0,1,0,0,0,0,0,0
72873401,KSP0900,23-90772,20230308,1914,,,US23,,,US0023,US0023,0,098 US-23-10,US0023,N,N,NULL,NULL,NULL,N,NULL,NULL,NULL,NULL,NULL,NULL,11.792,NULL,NULL,NULL,NULL,,NULL,2,0,2,2,N,N,55,NULL,98,9801,NULL,,Y,37.36023,37,21.614,NULL,-82.55505,82,33.303,NULL,N,NULL,NULL,NULL,NULL,NULL,NULL,NULL,NULL,4,3,4,6,1,1,2,6,7,3,N,NULL,Y,Y,1914,1916,2000,N,NULL,70,,1,N,,N,N,098-US-0023-10,NULL,NULL,2023,A,7.28734E+11,098-US-0023  -010,HIGH,098-US-0023  -000,11.783,0,0,0,1,0,0,1,0,0,0,0,0,0
72941141,KSP0900,23-377695,20230901,805,,,US119,,,US0119,US0119,0,098 US-119-10,US0119,N,N,NULL,NULL,NULL,N,NULL,NULL,NULL,NULL,NULL,NULL,23.579,NULL,NULL,NULL,NULL,,NULL,0,0,2,2,N,N,45,NULL,98,9834,NULL,,Y,37.64984,37,38.99,NULL,-82.26782,82,16.069,NULL,N,NULL,NULL,NULL,NULL,NULL,NULL,NULL,NULL,1,3,2,6,1,1,2,2,7,3,N,NULL,N,N,805,833,833,N,NULL,55,2,1,N,,N,N,098-US-0119-10,NULL,NULL,2023,O,7.29411E+11,098-US-0119  -010,HIGH,098-US-0119  -000,23.579,0,0,0,0,0,0,1,1,0,0,0,0,0
72936432,KSP0900,23-363150,20230818,1731,,,BIG CREEK,E,RD,KY3220,KY3220,0,098 KY-3220,KY3220,Y,N,NULL,NULL,NULL,N,NULL,NULL,NULL,NULL,NULL,NULL,3.465,NULL,NULL,NULL,NULL,,NULL,0,0,2,2,N,N,35,NULL,98,9833,NULL,,Y,37.60496,37,36.298,NULL,-82.31495,82,18.897,NULL,N,NULL,NULL,NULL,NULL,NULL,NULL,NULL,NULL,2,97,2,6,1,1,2,2,8,3,N,NULL,N,N,1801,1825,1825,N,NULL,90,8,0,N,,N,N,098-KY-3220-0,NULL,NULL,2023,O,7.29364E+11,098-KY-3220  -000,HIGH,098-KY-3220  -000,3.476,0,0,0,1,0,0,1,0,0,0,0,0,0
72820089,980100,2.022E+11,20221023,1044,,,US23,,,US0023,US0023,0,098 US-23-10,US0023,N,N,NULL,NULL,NULL,N,NULL,NULL,NULL,NULL,NULL,NULL,21.071,NULL,NULL,NULL,NULL,,NULL,0,0,1,1,N,N,55,NULL,98,9801,NULL,,Y,37.44603,37,26.762,NULL,-82.52596,82,31.557,NULL,N,NULL,NULL,NULL,NULL,NULL,NULL,NULL,NULL,9,3,4,1,1,1,2,2,1,3,N,NULL,Y,N,1044,1050,1050,N,NULL,38,,1,N,,N,N,098-US-0023-10,NULL,NULL,2022,O,7.28201E+11,098-US-0023  -010,HIGH,098-US-0023  -000,21.071,0,0,0,0,0,0,0,0,0,0,0,0,0
72833592,980100,2.022E+11,20221122,1031,,,BAIRD,,AVE,KY1426,KY1426,,,,Y,N,NULL,NULL,NULL,N,NULL,NULL,NULL,NULL,NULL,NULL,5.383,NULL,NULL,NULL,NULL,,NULL,0,0,2,2,N,N,15,NULL,98,9801,NULL,,Y,37.47342,37,28.405,NULL,-82.52734,82,31.641,NULL,N,NULL,NULL,NULL,NULL,NULL,NULL,NULL,NULL,2,97,NULL,6,1,1,2,2,1,3,N,NULL,Y,N,1031,1032,,N,NULL,90,,0,N,,N,N,,NULL,NULL,2022,O,7.28336E+11,098-KY-1426  -000,HIGH,098-KY-1426  -000,5.383,0,0,0,0,0,0,1,0,0,0,0,0,0
72842576,980100,2.022E+11,20221212,912,,235,HAMBLEY,,BLVD,,,0,098 CS-1222,CS1222,Y,N,NULL,NULL,NULL,N,NULL,NULL,NULL,NULL,NULL,NULL,1.621,NULL,NULL,NULL,NULL,,NULL,0,0,2,2,N,N,NULL,NULL,98,9801,NULL,,Y,37.48248,37,28.949,NULL,-82.53192,82,31.915,NULL,N,NULL,NULL,NULL,NULL,NULL,NULL,NULL,NULL,2,97,1,6,1,1,2,2,1,3,N,NULL,Y,N,913,915,915,N,NULL,90,,,N,,N,N,098-CS-1222-0,NULL,NULL,2022,O,7.28426E+11,098-CS-1222  -000,HIGH,098-CS-1222  -000,1.621,0,0,0,0,0,0,1,0,0,0,0,0,0
72937457,KSP0900,23-364705,20230820,140,,,META,,HWY,KY1426,KY1426,0,098 KY-1426,KY1426,N,N,NULL,NULL,NULL,N,NULL,NULL,NULL,NULL,NULL,NULL,15.054,NULL,NULL,NULL,NULL,,NULL,2,0,1,1,N,N,45,NULL,98,9820,NULL,,Y,37.5669,37,34.014,NULL,-82.45644,82,27.386,NULL,N,NULL,NULL,NULL,NULL,NULL,NULL,NULL,NULL,9,97,2,3,1,1,2,7,7,3,N,NULL,Y,Y,140,145,230,Y,NULL,70,7,0,N,,N,N,098-KY-1426-0,NULL,NULL,2023,B,7.29375E+11,098-KY-1426  -000,HIGH,098-KY-1426  -000,15.054,0,0,0,0,0,0,0,1,0,0,0,0,0
72955157,980100,2.023E+11,20230922,912,,115,LEE,,AVE,,,,,,Y,N,NULL,NULL,NULL,N,NULL,NULL,NULL,NULL,NULL,NULL,NULL,NULL,NULL,NULL,NULL,NULL,NULL,0,0,2,2,Y,N,NULL,NULL,98,9801,NULL,,Y,37.50286,37,30.172,NULL,-82.53493,82,32.096,NULL,N,NULL,NULL,NULL,NULL,NULL,NULL,NULL,NULL,2,97,NULL,6,1,1,2,2,1,3,N,NULL,Y,N,912,927,927,N,NULL,90,,,N,,N,N,,NULL,NULL,2023,NULL,7.29552E+11,098-CS-1261  -000,MEDIUM,098-CS-1261  -000,0.021,0,0,0,0,0,0,1,0,0,0,0,0,0
72896547,KSP0900,23-172378,20230506,2016,,,GOODY,,LOOP,,,0,098 PR-1024,PR1024,Y,N,NULL,NULL,NULL,N,NULL,NULL,NULL,NULL,NULL,NULL,0.012,NULL,NULL,NULL,NULL,,NULL,0,0,2,2,N,N,10,NULL,98,9834,NULL,,Y,37.65989,37,39.593,NULL,-82.27301,82,16.38,NULL,N,NULL,NULL,NULL,NULL,NULL,NULL,NULL,NULL,8,97,0,6,1,1,2,2,1,3,N,NULL,Y,N,2016,2020,2020,N,NULL,90,,,N,,N,N,098-PR-1024-0,NULL,NULL,2023,O,7.28965E+11,098-PR-1024  -000,HIGH,098-PR-1024  -000,0.012,0,0,0,0,0,0,1,0,0,0,0,0,0
72883393,980100,2.023E+11,20230204,1456,,,US23,,,US0023,US0023,0,098 US-23-10,US0023,N,N,NULL,NULL,NULL,N,NULL,NULL,NULL,NULL,NULL,NULL,24.796,NULL,NULL,NULL,NULL,,NULL,1,1,2,1,N,N,55,NULL,98,9801,NULL,,Y,37.48574,37,29.145,NULL,-82.54243,82,32.546,NULL,N,NULL,NULL,NULL,NULL,NULL,NULL,NULL,NULL,9,3,4,6,1,1,2,2,7,3,Y,NULL,Y,Y,1456,1459,1758,N,NULL,36,,1,N,,N,N,098-US-0023-10,NULL,NULL,2023,K,7.28834E+11,098-US-0023  -010,HIGH,098-US-0023  -000,24.73,0,0,0,0,1,0,0,0,0,0,0,1,0
72872364,KSP0900,23-82936,20230303,1822,,,KY194,E,,KY0194,KY0194,0,098 KY-194,KY0194,N,N,NULL,NULL,NULL,N,NULL,NULL,NULL,NULL,NULL,NULL,58.212,NULL,NULL,NULL,NULL,,NULL,1,0,2,2,N,N,35,NULL,98,9804,NULL,,Y,37.54615,37,32.769,NULL,-82.16522,82,9.913,NULL,N,NULL,NULL,NULL,NULL,NULL,NULL,NULL,NULL,7,3,2,2,1,5,6,6,7,3,N,NULL,Y,Y,1827,1854,0,N,NULL,54,7,0,N,,N,N,098-KY-0194-0,NULL,NULL,2023,B,7.28724E+11,098-KY-0194  -000,HIGH,098-KY-0194  -000,58.21,0,0,0,0,0,0,0,0,0,0,0,1,0
72837039,KSP0900,22-461608,20221202,1850,,,ROCKHOUSE,,RD,,,0,098 CR-1113,CR1113,N,N,NULL,NULL,NULL,N,NULL,NULL,NULL,NULL,NULL,NULL,0.787,NULL,NULL,NULL,NULL,,NULL,0,0,1,1,N,N,35,NULL,98,9860,NULL,,Y,37.4516,37,27.096,NULL,-82.13179,82,7.907,NULL,N,NULL,NULL,NULL,NULL,NULL,NULL,NULL,NULL,9,3,1,5,1,5,2,6,7,3,N,NULL,N,N,1850,1930,1930,N,NULL,38,,,N,,N,N,098-CR-1113-0,NULL,NULL,2022,O,7.2837E+11,098-CR-1113  -000,HIGH,098-CR-1113  -000,0.787,0,0,0,0,0,0,0,0,0,0,0,0,0
72837887,980100,2.022E+11,20221205,1009,,,CASSIDY,,BLVD,,,0,098 CS-1191,CS1191,N,N,NULL,NULL,NULL,N,NULL,NULL,NULL,NULL,NULL,NULL,0.252,NULL,NULL,NULL,NULL,,NULL,0,0,2,2,N,N,35,NULL,98,9801,NULL,,Y,37.50452,37,30.271,NULL,-82.53598,82,32.159,NULL,N,NULL,NULL,NULL,NULL,NULL,NULL,NULL,NULL,1,3,3,6,1,1,2,2,1,3,N,NULL,Y,N,1009,1011,,N,NULL,55,,,N,,N,N,098-CS-1191-0,NULL,NULL,2022,O,7.28379E+11,098-CS-1191  -000,HIGH,098-CS-1191  -000,0.252,0,0,0,1,0,0,1,1,0,0,0,0,0
72811482,980500,2022AR043,20221001,1440,,,US23,,,US0023,US0023,0,098 US-23,US0023,N,N,NULL,NULL,NULL,N,NULL,NULL,NULL,NULL,NULL,NULL,27.272,NULL,NULL,NULL,NULL,,NULL,0,0,2,2,N,N,45,NULL,98,9807,NULL,,Y,37.51114,37,30.669,NULL,-82.55013,82,33.008,NULL,N,NULL,NULL,NULL,NULL,NULL,NULL,NULL,NULL,5,3,4,6,1,5,6,2,1,3,Y,NULL,Y,Y,1440,1446,1530,N,NULL,70,,1,N,,N,N,098-US-0023-0,NULL,NULL,2022,O,7.28115E+11,098-US-0023  -000,HIGH,098-US-0023  -000,27.272,0,0,1,1,0,0,1,0,0,0,0,0,0
72804586,KSP0900,22-345828,20220906,1054,,235,OWSLEY,,RD,KY1384,KY1384,,,,Y,N,NULL,NULL,NULL,N,NULL,NULL,NULL,NULL,NULL,NULL,7.154,NULL,NULL,NULL,NULL,,NULL,0,0,2,2,N,N,15,NULL,98,9801,NULL,,Y,37.48029,37,28.817,NULL,-82.53687,82,32.212,NULL,N,NULL,NULL,NULL,NULL,NULL,NULL,NULL,NULL,8,97,2,6,2,1,3,2,1,3,N,NULL,Y,Y,1156,1208,1208,N,NULL,90,16,0,N,,N,N,,NULL,NULL,2022,O,7.28046E+11,098-KY-1384  -000,HIGH,098-KY-1384  -000,7.154,0,0,0,0,0,0,1,0,0,0,0,0,0
72770426,980200,980200,20220607,1216,,1045,ELKHORN,,CRK,KY0197,KY0197,0,098 KY-197,KY0197,Y,N,NULL,NULL,NULL,N,NULL,NULL,NULL,NULL,NULL,NULL,15.563,NULL,NULL,NULL,NULL,,NULL,0,0,2,2,N,N,35,NULL,98,9802,NULL,,Y,37.29507,37,17.704,NULL,-82.36361,82,21.817,NULL,N,NULL,NULL,NULL,NULL,NULL,NULL,NULL,NULL,2,97,2,6,1,5,6,2,1,3,N,NULL,Y,Y,1216,1220,,N,NULL,90,7,0,N,,N,N,098-KY-0197-0,NULL,NULL,2022,O,7.27704E+11,098-KY-0197  -000,HIGH,098-KY-0197  -000,15.563,0,0,0,1,0,0,0,0,0,0,0,0,0
72815405,KSP0900,22-393419,20221012,700,,,KY1426,,,KY1426,KY1426,0,098 KY-1426,KY1426,Y,N,NULL,NULL,NULL,N,NULL,NULL,NULL,NULL,NULL,NULL,11.979,NULL,NULL,NULL,NULL,,NULL,0,0,1,1,N,N,NULL,NULL,98,9828,NULL,,Y,37.53894,37,32.336,NULL,-82.46894,82,28.137,NULL,N,NULL,NULL,NULL,NULL,NULL,NULL,NULL,NULL,9,97,2,6,1,1,3,2,5,3,N,NULL,Y,N,700,730,700,Y,NULL,90,7,0,N,,N,N,098-KY-1426-0,NULL,NULL,2022,O,7.28154E+11,098-KY-1426  -000,HIGH,098-KY-1426  -000,11.979,0,1,0,0,0,0,1,0,0,0,0,1,0
72822900,980100,2.022E+11,20221024,1256,,,TOWN MOUNTAIN,,RD,,,,,,N,N,NULL,NULL,NULL,N,NULL,NULL,NULL,NULL,NULL,NULL,NULL,NULL,NULL,NULL,NULL,NULL,NULL,2,0,2,2,N,N,45,NULL,98,9801,NULL,,Y,37.4862,37,29.172,NULL,-82.50911,82,30.547,NULL,N,NULL,NULL,NULL,NULL,NULL,NULL,NULL,NULL,5,3,2,6,1,1,2,2,1,3,Y,NULL,Y,Y,1256,1300,1331,N,NULL,49,,,N,,N,N,,NULL,NULL,2022,C,7.28229E+11,098-KY-1426  -000,MEDIUM,098-KY-1426  -000,6.923,0,0,0,0,0,0,1,0,0,0,0,0,0
72847993,980100,2.022E+11,20221228,1901,,,MAYO,,CIR,,,,,,Y,N,NULL,NULL,NULL,N,NULL,NULL,NULL,NULL,NULL,NULL,0.211,NULL,NULL,NULL,NULL,,NULL,0,0,2,2,N,N,NULL,NULL,98,9801,NULL,,Y,37.46144,37,27.687,NULL,-82.5172,82,31.032,NULL,N,NULL,NULL,NULL,NULL,NULL,NULL,NULL,NULL,2,97,NULL,6,1,1,2,5,1,3,N,NULL,Y,N,1901,1905,1905,N,NULL,90,,,N,,N,N,,NULL,NULL,2022,O,7.2848E+11,098-CS-1019  -000,MEDIUM,098-CS-1019  -000,0.211,0,0,0,1,0,0,1,0,0,0,0,0,0
72841338,KSP0900,22-458715,20221130,1722,,,PIGEON ROOST,,RD,,,0,098 CR-1517,CR1517,N,N,NULL,NULL,NULL,N,NULL,NULL,NULL,NULL,NULL,NULL,0.871,NULL,NULL,NULL,NULL,,NULL,1,0,1,1,N,N,25,NULL,98,9838,NULL,,Y,37.59952,37,35.971,NULL,-82.31603,82,18.962,NULL,N,NULL,NULL,NULL,NULL,NULL,NULL,NULL,NULL,9,3,2,6,1,1,2,6,7,3,Y,NULL,Y,Y,1722,1730,1800,N,NULL,40,,,N,,N,N,098-CR-1517-0,NULL,NULL,2022,A,7.28413E+11,098-CR-1517  -000,HIGH,098-CR-1517  -000,0.871,0,0,0,0,0,0,0,0,1,1,0,1,0
72812799,980500,2022AR044,20221003,1500,,,US HWY 23 NORTH,,,,,,,,N,N,NULL,NULL,NULL,N,NULL,NULL,NULL,NULL,NULL,NULL,NULL,NULL,NULL,NULL,NULL,NULL,NULL,3,0,2,2,N,N,45,NULL,98,9807,NULL,,Y,37.52824,37,31.694,NULL,-82.575,82,34.5,NULL,N,NULL,NULL,NULL,NULL,NULL,NULL,NULL,NULL,1,3,6,6,1,1,2,2,1,3,Y,NULL,Y,Y,1500,1503,1600,N,NULL,55,,,Y,,N,N,,NULL,NULL,2022,C,7.28128E+11,098-US-0023  -045,MEDIUM,098-US-0023  -045,0.004,0,0,0,0,0,0,0,1,0,0,0,0,0
72796720,KSP0900,22-317933,20220817,1330,,,MILLS,,RD,,,0,098 CR-1349Q4,CR1349Q4,N,N,NULL,NULL,NULL,N,NULL,NULL,NULL,NULL,NULL,NULL,1.481,NULL,NULL,NULL,NULL,,NULL,1,0,2,2,N,N,35,NULL,98,9801,8,W,N,37.64012,37,38.407,NULL,-82.53994,82,32.396,NULL,N,NULL,NULL,NULL,NULL,NULL,NULL,NULL,NULL,5,3,1,1,1,1,2,2,7,3,Y,NULL,N,Y,1330,1402,1402,N,NULL,49,,,N,,N,N,098-CR-1349Q4-0,NULL,NULL,2022,C,7.27967E+11,098-CR-1349Q4-000,HIGH,098-CR-1349Q4-000,1.481,0,0,0,1,0,0,1,0,0,0,0,0,0
72822192,980100,2.022E+11,20221024,1139,,,HAMBLEY,,BLVD,,,,,,Y,N,NULL,NULL,NULL,N,NULL,NULL,NULL,NULL,NULL,NULL,0.629,NULL,NULL,NULL,NULL,,NULL,0,0,2,2,N,N,15,NULL,98,9801,NULL,,Y,37.48005,37,28.803,NULL,-82.51927,82,31.156,NULL,N,NULL,NULL,NULL,NULL,NULL,NULL,NULL,NULL,1,97,2,6,1,1,2,2,6,3,N,NULL,Y,N,1139,1147,,N,NULL,90,,,N,,N,N,,NULL,NULL,2022,O,7.28222E+11,098-CS-1222  -000,MEDIUM,098-CS-1222  -000,0.629,0,0,0,1,0,0,0,0,0,0,0,0,0
72817291,KSP0900,22-391929,20221010,1733,,,CENTRAL,,AVE,KY0292,KY0292,,,,Y,N,NULL,NULL,NULL,N,NULL,NULL,NULL,NULL,NULL,NULL,5.316,NULL,NULL,NULL,NULL,,NULL,0,0,2,2,N,N,5,NULL,98,9834,NULL,,Y,37.67171,37,40.303,NULL,-82.28442,82,17.065,NULL,N,NULL,NULL,NULL,NULL,NULL,NULL,NULL,NULL,2,97,NULL,6,1,1,2,2,1,3,N,NULL,N,N,1733,1744,1804,N,NULL,90,7,0,N,,N,N,,NULL,NULL,2022,O,7.28173E+11,098-KY-0292  -000,MEDIUM,098-KY-0292  -000,5.316,0,0,0,0,0,0,1,0,0,0,0,0,0
72765917,980100,2.022E+11,20220524,1352,,911,BYPASS,,RD,,,0,098 CS-1223,CS1223,Y,N,NULL,NULL,NULL,N,NULL,NULL,NULL,NULL,NULL,NULL,NULL,NULL,NULL,NULL,NULL,NULL,NULL,0,0,2,2,N,N,NULL,NULL,98,9801,NULL,,Y,37.47128,37,28.277,NULL,-82.52117,82,31.27,NULL,N,NULL,NULL,NULL,NULL,NULL,NULL,NULL,NULL,1,97,1,6,2,1,2,2,1,3,N,NULL,Y,N,1333,1334,1334,N,NULL,90,,,N,,N,N,098-CS-1223-0,NULL,NULL,2022,O,7.27659E+11,098-CS-1223  -000,HIGH,098-CS-1223  -000,0.136,0,0,0,1,0,0,0,0,0,0,0,0,0
72754834,980100,2.022E+11,20220422,1224,,,KY1426,,,KY1426,KY1426,0,098 KY-1426,KY1426,N,N,NULL,NULL,NULL,N,NULL,NULL,NULL,NULL,NULL,NULL,8.654,NULL,NULL,NULL,NULL,,NULL,0,0,2,2,N,N,55,NULL,98,9801,NULL,,Y,37.50047,37,30.028,NULL,-82.4902,82,29.412,NULL,N,NULL,NULL,NULL,NULL,NULL,NULL,NULL,NULL,5,3,2,5,1,1,2,2,1,3,N,NULL,Y,N,1224,1224,1305,N,NULL,70,,0,N,,Y,N,098-KY-1426-0,NULL,NULL,2022,O,7.27548E+11,098-KY-1426  -000,HIGH,098-KY-1426  -000,8.654,0,0,1,0,0,0,0,0,0,0,0,0,0
72765982,980100,2.022E+11,20220525,1215,,,CASSIDY,,BLVD,,,0,098 CS-1191,CS1191,N,N,NULL,NULL,NULL,N,NULL,NULL,NULL,NULL,NULL,NULL,0.027,NULL,NULL,NULL,NULL,,NULL,0,0,2,2,N,N,25,NULL,98,9801,NULL,,Y,37.5037,37,30.222,NULL,-82.533,82,31.98,NULL,N,NULL,NULL,NULL,NULL,NULL,NULL,NULL,NULL,5,3,5,6,1,1,2,2,7,3,N,NULL,Y,N,1215,1218,1226,N,NULL,49,,,N,,N,N,098-CS-1191-0,NULL,NULL,2022,O,7.2766E+11,098-CS-1191  -000,HIGH,098-CS-1191  -000,0.027,0,0,0,0,0,0,1,0,0,0,0,0,0
72776524,KSP0900,22-240303,20220625,1340,,,US460,,,US0460,US0460,0,098 US-460,US0460,N,N,NULL,NULL,NULL,N,NULL,NULL,NULL,NULL,NULL,NULL,4.917,NULL,NULL,NULL,NULL,,NULL,0,0,2,2,N,N,55,NULL,98,9832,NULL,,Y,37.412,37,24.72,NULL,-82.4501,82,27.006,NULL,N,NULL,NULL,NULL,NULL,NULL,NULL,NULL,NULL,5,3,2,6,1,1,3,2,7,3,N,NULL,Y,N,1340,1400,1400,N,NULL,49,,1,N,,N,N,098-US-0460-0,NULL,NULL,2022,O,7.27765E+11,098-US-0460  -000,HIGH,098-US-0460  -000,4.917,0,0,1,0,0,0,1,0,0,0,0,0,0
72820586,980500,2022AR050,20221024,1334,,,CHURCH,,ST,,,0,098 CS-3002,CS3002,Y,N,NULL,NULL,NULL,N,NULL,NULL,NULL,NULL,NULL,NULL,NULL,NULL,NULL,NULL,NULL,NULL,NULL,0,0,2,2,N,N,15,NULL,98,9807,NULL,,Y,37.51752,37,31.051,NULL,-82.56662,82,33.997,NULL,N,NULL,NULL,NULL,NULL,NULL,NULL,NULL,NULL,2,97,2,6,2,1,2,2,5,3,N,NULL,Y,Y,1334,1335,1135,N,NULL,90,,,N,,N,N,098-CS-3002-0,NULL,NULL,2022,NULL,7.28206E+11,098-CS-3002  -000,HIGH,098-CS-3002  -000,0.243,0,0,0,0,0,0,0,0,0,0,0,0,0
72804320,KSP0900,22-355276,20220913,29,,,ELKHORN,,CRK,KY0197,KY0197,0,098 KY-197,KY0197,N,N,NULL,NULL,NULL,N,NULL,NULL,NULL,NULL,NULL,NULL,0.024,NULL,NULL,NULL,NULL,,NULL,0,0,1,1,N,N,55,NULL,98,9867,NULL,,Y,37.21266,37,12.76,NULL,-82.55672,82,33.404,NULL,N,NULL,NULL,NULL,NULL,NULL,NULL,NULL,NULL,9,3,2,6,1,1,2,6,7,3,N,NULL,Y,N,29,48,218,N,NULL,70,7,0,N,,N,N,098-KY-0197-0,NULL,NULL,2022,O,7.28043E+11,098-KY-0197  -000,HIGH,098-KY-0197  -000,0.024,0,0,0,0,0,0,0,0,0,0,0,0,0
72779440,980100,2.022E+11,20220704,1915,,254,CASSIDY,,BLVD,,,0,098 CS-1191,CS1191,Y,N,NULL,NULL,NULL,N,NULL,NULL,NULL,NULL,NULL,NULL,0.321,NULL,NULL,NULL,NULL,,NULL,0,0,2,2,N,N,15,NULL,98,9801,NULL,,Y,37.50546,37,30.327,NULL,-82.53739,82,32.243,NULL,N,NULL,NULL,NULL,NULL,NULL,NULL,NULL,NULL,2,97,NULL,6,1,1,2,2,1,3,N,NULL,Y,N,1915,1917,,N,NULL,90,,,N,,N,N,098-CS-1191-0,NULL,NULL,2022,O,7.27794E+11,098-CS-1191  -000,HIGH,098-CS-1191  -000,0.321,0,0,0,0,0,0,1,0,0,0,0,0,0
72773915,980100,2.022E+11,20220603,908,,,BYPASS,N,RD,KY1460,KY1460,0,098 KY-1460,KY1460,N,N,NULL,NULL,NULL,N,NULL,NULL,NULL,NULL,NULL,NULL,6.368,NULL,NULL,NULL,NULL,,NULL,1,0,1,1,N,N,45,NULL,98,9801,NULL,,Y,37.48427,37,29.056,NULL,-82.53345,82,32.007,NULL,N,NULL,NULL,NULL,NULL,NULL,NULL,NULL,NULL,9,6,2,3,1,1,2,2,7,3,Y,NULL,Y,Y,908,912,1118,N,NULL,40,16,0,Y,,N,N,098-KY-1460-0,NULL,NULL,2022,C,7.27739E+11,098-KY-1460  -000,HIGH,098-KY-1460  -000,6.368,0,0,0,0,0,0,0,0,0,0,0,1,0