MasterFile,AgencyORINumber,LocalCode,CollisionDate,CollisionTime,CollisionDayWeekCode,RoadwayName_HouseBusinessNumber_,RoadwayName_RoadwayName_,RoadwayName_Direction_,RoadwayName_RoadwaySuffix_,RoadwayfromReport,CurrentRoadwayNumber,RoadwayNumberCoupletID,RSEUniqueGIS,RoadwayIdentifier,ParkingLotIndicator,IntersectionWith_Indicator_,IntersectionWith_NameRoadway_,IntersectionWith_Direction_,IntersectionWith_RoadwaySuffix_,BetweenStreets_Indicator_,BetweenStreets1_NameRoadway_,BetweenStreet1_Direction_,BetweenStreets1_RoadwaySuffix_,BetweenStreets2_NameRoadway_,BetweenStreets2_Direction_,BetweenStreets2_RoadwaySuffix_,Milepoint,ReportMilepointDeriveNumber,CurrentDerivedMiepointNumber,MilestoMilepoint,FeettoMilepoint,DirectionfromMilepoint_NSEW_,ValidMilepointIndicator,NumberInjured,NumberKilled,ofUnits,ofMotorVehicleUnits,Hit&RunIndicator,OneWayIndicator,SpeedLimitNumber,KilometersIndicator,CountyCode,CityCountyCode,MilesFromCity,DirectionFromCity_NSEW_,InCityLimitsIndicator,Latitude,LatitudeDegrees,LatitudeMinutes,LatitudeSeconds,Longitude,LongitudeDegrees,LongitudeMinutes,LongitudeSeconds,RampIndicator,RampFromIdentifier,RampFromDirCode,RampFromCoupletID,RSEUniqueGISRampFrom,RampToidentifier,RampToDirCode,RampToCoupletID,RSEUniqueGisRampTo,MannerofCollisionCode,LocationFirstEventCode,TotalLanes,RoadwayCharacterCode,RoadwaySurfaceCode,RoadwayConditionCode,WeatherCode,LightConditionCode,LandUseCode,SchoolBusRelatedCode,FirstAidSceneIndicator,CollDescPresentInd,InvestigationCompleteIndicator,PhotosTakenIndicator,TimeNotified,TimeArrived,TimeRoadwayOpened,PropertyDamageIndicator,DiagramPresentIndicator,DirectionalAnalysis,FunctionClassCode,NationalHwySysCode,EnforcementsIndicator,KARSCityCode,SecondaryCollisionIndicator,MedianCrossoverIndicator,RT_UNIQUE,MapIt,TimeLastLeft,YR,KABCO,MFNY,WorkingRID,RT_CONFIDENCE,KTC_RT,KTC_MP,Motorcyclist,CommercialVehicle,YoungDriver,MatureDriver,pedestrian,Bicyclist,Distracted,agressive,Impaired,Unrestrained,Intersection,RoadwayDeparture,MedXover
72860474,KSP0900,2023-39736,20230131,1910,,,FERRELLS CREEK,,RD,US0460,US0460,0,098 US-460,US0460,N,N,NULL,NULL,NULL,N,NULL,NULL,NULL,NULL,NULL,NULL,14.375,NULL,NULL,NULL,NULL,,NULL,0,0,2,2,N,N,55,NULL,98,9874,NULL,,Y,37.34209,37,20.526,NULL,-82.37449,82,22.469,NULL,N,NULL,NULL,NULL,NULL,NULL,NULL,NULL,NULL,4,3,2,3,1,5,6,6,7,3,N,NULL,N,N,1910,1945,2020,N,NULL,70,,1,N,,N,N,098-US-0460-0,NULL,NULL,2023,O,7.28605E+11,098-US-0460  -000,HIGH,098-US-0460  -000,14.353,0,0,0,0,0,0,1,1,0,0,0,0,0
72875395,KSP0900,23-95430,20230312,720,,,RACCOON,,RD,KY3418,KY3418,0,098 KY-3418,KY3418,N,N,NULL,NULL,NULL,N,NULL,NULL,NULL,NULL,NULL,NULL,9.213,NULL,NULL,NULL,NULL,,NULL,0,0,1,1,N,N,35,NULL,98,9850,NULL,,Y,37.47816,37,28.69,NULL,-82.413,82,24.78,NULL,N,NULL,NULL,NULL,NULL,NULL,NULL,NULL,NULL,9,3,2,3,1,5,6,2,7,3,N,NULL,N,N,720,742,809,N,NULL,70,9,0,N,,N,N,098-KY-3418-0,NULL,NULL,2023,O,7.28754E+11,098-KY-3418  -000,HIGH,098-KY-3418  -000,9.2,0,0,0,0,0,0,1,0,0,0,0,1,0
72864685,980100,2.023E+11,20230207,754,,,BANK,,ST,,,,,,Y,N,NULL,NULL,NULL,N,NULL,NULL,NULL,NULL,NULL,NULL,0.115,NULL,NULL,NULL,NULL,,NULL,0,0,3,3,N,Y,NULL,NULL,98,9801,NULL,,Y,37.4763,37,28.578,NULL,-82.52003,82,31.202,NULL,N,NULL,NULL,NULL,NULL,NULL,NULL,NULL,NULL,5,97,1,4,1,1,2,2,1,3,N,NULL,Y,N,754,801,,N,NULL,90,,,N,,N,N,,NULL,NULL,2023,O,7.28647E+11,098-CS-1106  -000,HIGH,098-CS-1106  -000,0.115,0,0,0,0,0,0,0,0,0,0,0,0,0
72928645,KSP0900,23-343242,20230730,2321,,,KY80,,,KY0080,KY0080,0,098 KY-80,KY0080,Y,N,NULL,NULL,NULL,N,NULL,NULL,NULL,NULL,NULL,NULL,2.796,NULL,NULL,NULL,NULL,,NULL,0,0,2,2,Y,N,10,NULL,98,9802,NULL,,Y,37.30743,37,18.446,NULL,-82.35307,82,21.184,NULL,N,NULL,NULL,NULL,NULL,NULL,NULL,NULL,NULL,2,7,2,5,1,8,2,6,7,3,N,NULL,N,N,2348,8,8,N,NULL,90,7,0,N,,N,N,098-KY-0080-0,NULL,NULL,2023,O,7.29286E+11,098-KY-0080  -000,HIGH,098-KY-0080  -000,2.798,0,0,0,0,0,0,0,0,0,0,0,0,0
72880160,980100,2.023E+11,20230325,2243,,,US23,,,US0023,US0023,0,098 US-23,US0023,N,N,NULL,NULL,NULL,N,NULL,NULL,NULL,NULL,NULL,NULL,27.001,NULL,NULL,NULL,NULL,,NULL,0,0,1,1,N,N,55,NULL,98,9801,NULL,,Y,37.51041,37,30.624,NULL,-82.54119,82,32.471,NULL,N,NULL,NULL,NULL,NULL,NULL,NULL,NULL,NULL,9,3,4,6,1,1,2,6,1,3,N,NULL,Y,N,2243,2248,18,N,NULL,70,,1,N,,N,N,098-US-0023-0,NULL,NULL,2023,O,7.28802E+11,098-US-0023  -000,HIGH,098-US-0023  -000,26.952,0,0,0,0,0,0,0,0,0,0,0,0,0
72805025,KSP0900,22-356691,20220914,807,,,COLLINS,,HWY,KY0122,KY0122,0,098 KY-122,KY0122,N,N,NULL,NULL,NULL,N,NULL,NULL,NULL,NULL,NULL,NULL,14.31,NULL,NULL,NULL,NULL,,NULL,1,0,1,1,N,N,45,NULL,98,9827,NULL,,Y,37.41665,37,24.999,NULL,-82.50637,82,30.382,NULL,N,NULL,NULL,NULL,NULL,NULL,NULL,NULL,NULL,9,3,2,6,1,1,2,2,6,3,Y,NULL,Y,Y,807,821,900,N,NULL,38,,0,N,,N,Y,098-KY-0122-0,NULL,NULL,2022,B,7.2805E+11,098-KY-0122  -000,HIGH,098-KY-0122  -000,14.31,0,0,0,0,0,0,0,0,0,0,0,1,0
72847896,KSP0900,22-486176,20221221,1621,,,ABNER MOUNTAIN,,RD,KY0122,KY0122,0,098 KY-122,KY0122,N,N,NULL,NULL,NULL,N,NULL,NULL,NULL,NULL,NULL,NULL,1.527,NULL,NULL,NULL,NULL,,NULL,0,0,2,2,N,N,35,NULL,98,9827,NULL,,Y,37.33828,37,20.297,NULL,-82.6444,82,38.664,NULL,N,NULL,NULL,NULL,NULL,NULL,NULL,NULL,NULL,7,3,2,2,1,1,2,2,3,3,N,NULL,Y,N,1621,1652,1715,N,NULL,54,,0,N,,N,N,098-KY-0122-0,NULL,NULL,2022,O,7.28479E+11,098-KY-0122  -000,HIGH,098-KY-0122  -000,1.527,0,0,0,1,0,0,0,0,0,0,0,1,0
72839642,980100,2.022E+11,20221201,2336,,,CHLOE,,RD,KY1460,KY1460,0,098 KY-1460,KY1460,N,N,NULL,NULL,NULL,N,NULL,NULL,NULL,NULL,NULL,NULL,2.929,NULL,NULL,NULL,NULL,,NULL,0,0,1,1,N,N,45,NULL,98,9801,NULL,,Y,37.47065,37,28.239,NULL,-82.48123,82,28.874,NULL,N,NULL,NULL,NULL,NULL,NULL,NULL,NULL,NULL,9,6,2,4,1,1,2,6,7,3,N,NULL,Y,N,2337,2343,50,N,NULL,44,,0,Y,,N,N,098-KY-1460-0,NULL,NULL,2022,O,7.28396E+11,098-KY-1460  -000,HIGH,098-KY-1460  -000,2.929,0,0,1,0,0,0,1,0,0,0,0,1,0
72886756,980000,2304002,20230413,1400,,28093,THOMPSON PLAZZA,,,,,,,,N,N,NULL,NULL,NULL,N,NULL,NULL,NULL,NULL,NULL,NULL,NULL,NULL,NULL,NULL,NULL,NULL,NULL,0,0,2,2,N,N,15,NULL,98,9834,0.2,N,N,37.65464,37,39.279,NULL,-82.27021,82,16.213,NULL,N,NULL,NULL,NULL,NULL,NULL,NULL,NULL,NULL,2,7,2,6,1,1,2,2,1,3,N,NULL,N,N,1405,1410,1437,N,NULL,47,,,N,,N,N,,NULL,NULL,2023,O,7.28868E+11,098-US-0119  -010,MEDIUM,098-US-0119  -000,23.936,0,0,1,1,0,0,1,0,0,0,0,0,0
72885251,KSP0900,23-128794,20230405,500,,,US119,,,US0119,US0119,0,098 US-119,US0119,N,N,NULL,NULL,NULL,N,NULL,NULL,NULL,NULL,NULL,NULL,15.096,NULL,NULL,NULL,NULL,,NULL,0,0,1,1,N,N,55,NULL,98,9838,NULL,,Y,37.61224,37,36.734,NULL,-82.33463,82,20.078,NULL,N,NULL,NULL,NULL,NULL,NULL,NULL,NULL,NULL,9,3,2,6,1,1,3,6,7,3,N,NULL,Y,N,515,545,500,N,NULL,38,2,1,N,,N,N,098-US-0119-0,NULL,NULL,2023,O,7.28853E+11,098-US-0119  -000,HIGH,098-US-0119  -000,15.122,0,0,0,0,0,0,0,0,0,0,0,0,0
72825229,KSP0900,22-425030,20221104,2008,,,US23,,,US0023,US0023,0,098 US-23-10,US0023,N,N,NULL,NULL,NULL,N,NULL,NULL,NULL,NULL,NULL,NULL,0.556,NULL,NULL,NULL,NULL,,NULL,0,0,1,1,N,N,55,NULL,98,9809,5,S,N,37.24846,37,14.908,NULL,-82.6207,82,37.242,NULL,N,NULL,NULL,NULL,NULL,NULL,NULL,NULL,NULL,9,3,4,6,1,1,2,6,7,3,N,NULL,Y,N,2008,2017,2032,N,NULL,38,,1,N,,N,N,098-US-0023-10,NULL,NULL,2022,O,7.28252E+11,098-US-0023  -010,HIGH,098-US-0023  -000,0.556,0,0,0,0,0,0,0,0,0,0,0,0,0
72903483,KSP0900,09-23-0401,20230519,438,,,KY1056,,,KY1056,KY1056,0,098 KY-1056,KY1056,N,N,NULL,NULL,NULL,N,NULL,NULL,NULL,NULL,NULL,NULL,8.999,NULL,NULL,NULL,NULL,,NULL,0,1,1,1,N,N,55,NULL,98,9863,NULL,,Y,37.59415,37,35.649,NULL,-82.16896,82,10.138,NULL,N,NULL,NULL,NULL,NULL,NULL,NULL,NULL,NULL,9,3,2,3,1,1,2,7,7,3,N,NULL,Y,Y,552,725,949,N,NULL,70,7,0,Y,,N,N,098-KY-1056-0,NULL,NULL,2023,K,7.29035E+11,098-KY-1056  -000,HIGH,098-KY-1056  -000,9.038,0,0,0,0,0,0,0,0,1,1,0,1,0
72827366,KSP0900,22-430329,20221108,1800,,,US23,,,US0023,US0023,0,098 US-23-10,US0023,N,N,NULL,NULL,NULL,N,NULL,NULL,NULL,NULL,NULL,NULL,11.791,NULL,NULL,NULL,NULL,,NULL,2,0,3,3,N,N,55,NULL,98,9801,NULL,,Y,37.36022,37,21.613,NULL,-82.55505,82,33.303,NULL,N,NULL,NULL,NULL,NULL,NULL,NULL,NULL,NULL,3,3,4,6,1,1,2,6,7,3,N,NULL,Y,Y,1800,1830,1930,N,NULL,52,,1,N,,N,N,098-US-0023-10,NULL,NULL,2022,C,7.28274E+11,098-US-0023  -010,HIGH,098-US-0023  -000,11.791,0,0,1,0,0,0,1,0,0,0,0,1,0
72827983,980000,2211-003,20221110,1535,,,US 119,N,,,,,,,N,N,NULL,NULL,NULL,N,NULL,NULL,NULL,NULL,NULL,NULL,NULL,NULL,NULL,NULL,NULL,NULL,NULL,0,0,2,2,N,N,45,NULL,98,9812,2,N,N,37.64859,37,38.916,NULL,-82.26762,82,16.057,NULL,N,NULL,NULL,NULL,NULL,NULL,NULL,NULL,NULL,8,3,4,6,1,1,2,2,7,3,N,NULL,N,Y,1535,1540,1610,N,NULL,53,,,N,,N,N,,NULL,NULL,2022,O,7.2828E+11,098-US-0119  -000,MEDIUM,098-US-0119  -000,23.49,0,0,1,0,0,0,1,0,0,0,0,1,0
72844737,KSP0900,22-484739,20221220,1500,,,US119,,,US0119,US0119,0,098 US-119,US0119,Y,N,NULL,NULL,NULL,N,NULL,NULL,NULL,NULL,NULL,NULL,24.387,NULL,NULL,NULL,NULL,,NULL,0,0,1,1,Y,N,55,NULL,98,9836,NULL,,Y,37.66042,37,39.625,NULL,-82.27359,82,16.416,NULL,N,NULL,NULL,NULL,NULL,NULL,NULL,NULL,NULL,9,7,4,6,1,1,2,2,1,3,N,NULL,Y,N,1500,1500,1500,Y,NULL,90,2,1,N,,N,N,098-US-0119-0,NULL,NULL,2022,NULL,7.28447E+11,098-US-0119  -000,HIGH,098-US-0119  -000,24.387,0,0,0,0,0,0,0,0,0,0,0,0,0
72829697,370200,2022431540,20221109,1523,,,US119,,,US0119,US0119,0,098 US-119-10,US0119,N,N,NULL,NULL,NULL,N,NULL,NULL,NULL,NULL,NULL,NULL,1.988,NULL,NULL,NULL,NULL,,NULL,0,0,2,2,Y,N,55,NULL,98,9801,NULL,,Y,37.51249,37,30.749,NULL,-82.49988,82,29.993,NULL,N,NULL,NULL,NULL,NULL,NULL,NULL,NULL,NULL,8,3,2,4,1,1,2,2,8,3,N,NULL,Y,N,1528,1530,1530,N,NULL,53,2,1,N,,N,N,098-US-0119-10,NULL,NULL,2022,O,7.28297E+11,098-US-0119  -010,HIGH,098-US-0119  -000,1.988,0,0,0,0,0,0,0,0,0,0,0,1,0
72873628,KSP0900,23-91233,20230309,728,,,COLLINS,,HWY,KY0122,KY0122,0,098 KY-122,KY0122,N,N,NULL,NULL,NULL,N,NULL,NULL,NULL,NULL,NULL,NULL,10.838,NULL,NULL,NULL,NULL,,NULL,0,0,1,1,N,N,45,NULL,98,9827,NULL,,Y,37.38792,37,23.275,NULL,-82.53591,82,32.155,NULL,N,NULL,NULL,NULL,NULL,NULL,NULL,NULL,NULL,9,5,2,3,1,1,2,2,1,3,N,NULL,Y,N,728,734,800,Y,NULL,40,,0,N,,N,N,098-KY-0122-0,NULL,NULL,2023,O,7.28736E+11,098-KY-0122  -000,HIGH,098-KY-0122  -000,10.842,0,0,1,0,0,0,0,0,0,0,0,1,0
72866956,980100,2.023E+11,20230219,842,,,HAMBLEY,,BLVD,,,0,098 CS-1222,CS1222,Y,N,NULL,NULL,NULL,N,NULL,NULL,NULL,NULL,NULL,NULL,0.479,NULL,NULL,NULL,NULL,,NULL,0,0,2,2,Y,N,NULL,NULL,98,9801,NULL,,Y,37.47817,37,28.69,NULL,-82.52058,82,31.235,NULL,N,NULL,NULL,NULL,NULL,NULL,NULL,NULL,NULL,7,97,NULL,4,1,1,2,2,5,3,N,NULL,Y,N,1205,1215,1215,N,NULL,90,,,N,,N,N,098-CS-1222-0,NULL,NULL,2023,NULL,7.2867E+11,098-CS-1222  -000,HIGH,098-CS-1222  -000,0.479,0,0,0,0,0,0,0,0,0,0,0,0,0
72827107,980100,2.022E+11,20221105,1207,,,MAIN,,ST,,,0,098 CS-1112,CS1112,Y,N,NULL,NULL,NULL,N,NULL,NULL,NULL,NULL,NULL,NULL,0.119,NULL,NULL,NULL,NULL,,NULL,0,0,2,2,N,N,NULL,NULL,98,9801,NULL,,Y,37.47927,37,28.756,NULL,-82.51764,82,31.058,NULL,N,NULL,NULL,NULL,NULL,NULL,NULL,NULL,NULL,2,97,NULL,6,1,1,2,2,1,3,N,NULL,Y,N,1207,1210,1210,N,NULL,90,,,N,,N,N,098-CS-1112-0,NULL,NULL,2022,O,7.28271E+11,098-CS-1112  -000,HIGH,098-CS-1112  -000,0.119,0,0,0,0,0,0,1,0,0,0,0,0,0
72869432,KSP0900,23-72551,20230224,2050,,,MAIN ST CONNECTOR TO U. S. 0023,,,,,,,,N,Y,MAIN ,NE,ST,N,NULL,NULL,NULL,NULL,NULL,NULL,NULL,NULL,NULL,NULL,NULL,NULL,NULL,0,0,2,2,N,N,25,NULL,98,9807,NULL,,Y,37.51893,37,31.136,NULL,-82.56622,82,33.973,NULL,N,NULL,NULL,NULL,NULL,NULL,NULL,NULL,NULL,1,3,2,4,1,1,3,5,1,3,N,NULL,Y,N,2052,2055,2100,N,NULL,9,,,N,,N,N,,NULL,NULL,2023,O,7.28694E+11,098-CS-3000  -071,MEDIUM,098-CS-3000  -071,0.017,0,0,0,1,0,0,1,0,0,0,1,0,0
72873109,980100,2.023E+11,20230301,1315,,164,MAIN,,ST,,,0,098 CS-1112,CS1112,Y,N,NULL,NULL,NULL,N,NULL,NULL,NULL,NULL,NULL,NULL,0.018,NULL,NULL,NULL,NULL,,NULL,0,0,2,2,N,N,NULL,NULL,98,9801,NULL,,Y,37.47798,37,28.679,NULL,-82.51846,82,31.107,NULL,N,NULL,NULL,NULL,NULL,NULL,NULL,NULL,NULL,1,97,1,6,1,1,2,2,1,3,N,NULL,Y,N,1315,1319,1319,N,NULL,90,,,N,,N,N,098-CS-1112-0,NULL,NULL,2023,O,7.28731E+11,098-CS-1112  -000,HIGH,098-CS-1112  -000,0.018,0,0,0,0,0,0,1,0,0,0,0,0,0
72882505,980100,2.023E+11,20230401,1455,,234,KY1426,,,KY1426,KY1426,,,,Y,N,NULL,NULL,NULL,N,NULL,NULL,NULL,NULL,NULL,NULL,6.667,NULL,NULL,NULL,NULL,,NULL,0,0,1,1,N,N,15,NULL,98,9801,NULL,,Y,37.48361,37,29.016,NULL,-82.51242,82,30.745,NULL,N,NULL,NULL,NULL,NULL,NULL,NULL,NULL,NULL,9,97,NULL,6,1,1,7,2,1,3,N,NULL,Y,N,1456,1458,,N,NULL,90,,0,N,,N,N,,NULL,NULL,2023,O,7.28825E+11,098-KY-1426  -000,HIGH,098-KY-1426  -000,6.665,0,0,1,0,0,0,0,0,0,0,0,0,0
72853060,KSP0900,23-3668,20230103,2159,,,KY1056,,,KY1056,KY1056,0,098 KY-1056,KY1056,N,N,NULL,NULL,NULL,N,NULL,NULL,NULL,NULL,NULL,NULL,8.132,NULL,NULL,NULL,NULL,,NULL,1,0,1,1,N,N,45,NULL,98,9863,NULL,,Y,37.58427,37,35.056,NULL,-82.17536,82,10.522,NULL,N,NULL,NULL,NULL,NULL,NULL,NULL,NULL,NULL,9,3,2,6,1,5,2,7,6,3,Y,NULL,N,Y,2037,2048,2150,N,NULL,40,7,0,N,,N,N,098-KY-1056-0,NULL,NULL,2023,A,7.28531E+11,098-KY-1056  -000,HIGH,098-KY-1056  -000,8.154,0,0,0,0,0,0,0,0,1,0,0,1,0
72839047,980100,2.022E+11,20221206,1715,,,,,,US0023,US0023,,,,N,N,NULL,NULL,NULL,N,NULL,NULL,NULL,NULL,NULL,NULL,0.001,NULL,NULL,NULL,NULL,NULL,NULL,0,0,2,2,N,N,35,NULL,98,9801,NULL,,Y,37.47928,37,28.757,NULL,-82.54309,82,32.585,NULL,Y,KY1384,S,NULL,098 US-23-241,US0023,S,NULL,098 US-23-241,5,3,4,5,1,5,6,5,1,3,N,NULL,Y,N,1715,1718,1720,N,NULL,85,,1,N,,N,N,,NULL,NULL,2022,O,7.2839E+11,098-US-0023  -241,MEDIUM,098-US-0023  -241,0.001,0,0,0,1,0,0,1,0,0,0,0,0,0
72855846,KSP0900,23-21800,20230117,1720,,,KY1426,,,KY1426,KY1426,0,098 KY-1426,KY1426,N,N,NULL,NULL,NULL,N,NULL,NULL,NULL,NULL,NULL,NULL,10.795,NULL,NULL,NULL,NULL,,NULL,0,0,2,2,N,N,55,NULL,98,9801,NULL,,Y,37.52198,37,31.319,NULL,-82.4734,82,28.404,NULL,N,NULL,NULL,NULL,NULL,NULL,NULL,NULL,NULL,5,3,2,6,1,5,2,2,7,3,N,NULL,Y,N,1720,1720,1720,N,NULL,49,7,0,N,,N,N,098-KY-1426-0,NULL,NULL,2023,O,7.28558E+11,098-KY-1426  -000,HIGH,098-KY-1426  -000,10.882,0,0,0,0,0,0,1,0,0,0,0,0,0
72829426,980500,2022AR055,20221111,1600,,,US23,,,US0023,US0023,0,098 US-23,US0023,N,N,NULL,NULL,NULL,N,NULL,NULL,NULL,NULL,NULL,NULL,NULL,NULL,NULL,NULL,NULL,NULL,NULL,1,0,1,1,N,N,55,NULL,98,9807,NULL,,Y,37.54286,37,32.572,NULL,-82.58677,82,35.206,NULL,N,NULL,NULL,NULL,NULL,NULL,NULL,NULL,NULL,9,3,4,6,1,5,6,2,7,3,N,NULL,Y,Y,1602,1610,1610,N,NULL,70,,1,N,,N,N,098-US-0023-0,NULL,NULL,2022,C,7.28294E+11,098-US-0023  -000,HIGH,098-US-0023  -000,30.576,0,0,0,0,0,0,0,0,0,0,0,1,0
72920935,KSP0900,23-237692,20230623,623,,,KY632,,,KY0632,KY0632,0,098 KY-632,KY0632,N,N,NULL,NULL,NULL,N,NULL,NULL,NULL,NULL,NULL,NULL,2.474,NULL,NULL,NULL,NULL,,NULL,0,0,1,1,N,N,55,NULL,98,9817,NULL,,Y,37.48786,37,29.272,NULL,-82.31587,82,18.952,NULL,N,NULL,NULL,NULL,NULL,NULL,NULL,NULL,NULL,9,3,2,6,1,1,2,2,7,3,N,NULL,N,N,620,705,730,N,NULL,44,6,0,N,,N,N,098-KY-0632-0,NULL,NULL,2023,O,7.29209E+11,098-KY-0632  -000,HIGH,098-KY-0632  -000,2.449,0,0,0,0,0,0,1,0,0,0,0,1,0
72874629,980100,2.023E+11,20230305,3,,153,MILDRED,,ST,,,0,098 CS-1180,CS1180,N,N,NULL,NULL,NULL,N,NULL,NULL,NULL,NULL,NULL,NULL,0.157,NULL,NULL,NULL,NULL,,NULL,0,0,2,2,Y,N,25,NULL,98,9801,NULL,,Y,37.48249,37,28.949,NULL,-82.53111,82,31.867,NULL,N,NULL,NULL,NULL,NULL,NULL,NULL,NULL,NULL,8,3,NULL,4,1,1,2,6,6,3,N,NULL,Y,N,3,5,5,N,NULL,47,,,Y,,N,N,098-CS-1180-0,NULL,NULL,2023,O,7.28746E+11,098-CS-1180  -000,HIGH,098-CS-1180  -000,0.157,0,0,0,0,0,0,0,0,1,1,0,0,0
72950399,980100,2.023E+11,20230920,1438,,,US23,,,US0023,US0023,,,,N,N,NULL,NULL,NULL,N,NULL,NULL,NULL,NULL,NULL,NULL,30.843,NULL,NULL,NULL,NULL,,NULL,0,0,2,2,N,N,55,NULL,98,9801,NULL,,Y,37.54133,37,32.48,NULL,-82.59115,82,35.469,NULL,N,NULL,NULL,NULL,NULL,NULL,NULL,NULL,NULL,8,3,4,6,1,1,2,2,7,3,N,NULL,N,N,1438,1501,,N,NULL,53,,1,N,,N,N,,NULL,NULL,2023,O,7.29504E+11,098-US-0023  -010,MEDIUM,098-US-0023  -000,30.843,0,0,0,0,0,0,1,0,0,0,0,1,0
72851676,980100,2.023E+11,20230102,607,,,US119,,,US0119,US0119,0,098 US-119,US0119,N,N,NULL,NULL,NULL,N,NULL,NULL,NULL,NULL,NULL,NULL,3.143,NULL,NULL,NULL,NULL,,NULL,0,0,1,1,N,N,55,NULL,98,9801,NULL,,Y,37.51392,37,30.835,NULL,-82.47903,82,28.742,NULL,N,NULL,NULL,NULL,NULL,NULL,NULL,NULL,NULL,9,3,2,6,1,1,2,5,7,3,N,NULL,Y,Y,607,623,607,N,NULL,38,2,1,N,,N,N,098-US-0119-0,NULL,NULL,2023,O,7.28517E+11,098-US-0119  -000,HIGH,098-US-0119  -000,3.139,0,0,0,0,0,0,0,0,0,0,0,0,0
72867166,980100,2.023E+11,20230220,730,,,US23,,,US0023,US0023,0,098 US-23,US0023,N,N,NULL,NULL,NULL,N,NULL,NULL,NULL,NULL,NULL,NULL,21.595,NULL,NULL,NULL,NULL,,NULL,0,0,1,1,N,N,55,NULL,98,9801,NULL,,Y,37.45324,37,27.195,NULL,-82.52229,82,31.337,NULL,N,NULL,NULL,NULL,NULL,NULL,NULL,NULL,NULL,9,5,4,3,1,1,3,2,7,3,N,NULL,Y,N,820,824,824,N,NULL,40,,1,N,,N,N,098-US-0023-0,NULL,NULL,2023,O,7.28672E+11,098-US-0023  -000,HIGH,098-US-0023  -000,21.55,0,0,0,0,0,0,0,0,0,0,0,1,0
72866248,KSP0900,23-61200,20230216,1829,,,KY292,,,KY0292,KY0292,0,098 KY-292,KY0292,N,N,NULL,NULL,NULL,N,NULL,NULL,NULL,NULL,NULL,NULL,3.543,NULL,NULL,NULL,NULL,,NULL,0,0,1,1,N,N,45,NULL,98,9869,NULL,,Y,37.65748,37,39.449,NULL,-82.24961,82,14.977,NULL,N,NULL,NULL,NULL,NULL,NULL,NULL,NULL,NULL,9,5,2,6,1,6,6,4,7,3,N,NULL,N,Y,1829,1900,1930,Y,NULL,40,8,0,N,,N,N,098-KY-0292-0,NULL,NULL,2023,O,7.28662E+11,098-KY-0292  -000,HIGH,098-KY-0292  -000,3.588,0,0,0,1,0,0,0,0,0,0,0,1,0
72866331,980100,2.023E+11,20230210,948,,,US23,,,US0023,US0023,0,098 US-23,US0023,N,N,NULL,NULL,NULL,N,NULL,NULL,NULL,NULL,NULL,NULL,24.05,NULL,NULL,NULL,NULL,,NULL,1,0,2,2,N,N,55,NULL,98,9801,NULL,,Y,37.47628,37,28.577,NULL,-82.53905,82,32.343,NULL,N,NULL,NULL,NULL,NULL,NULL,NULL,NULL,NULL,5,3,4,6,1,1,2,2,7,3,Y,NULL,Y,Y,948,953,1035,N,NULL,49,,1,N,,N,N,098-US-0023-0,NULL,NULL,2023,C,7.28663E+11,098-US-0023  -000,HIGH,098-US-0023  -000,23.984,0,0,0,0,0,0,1,1,0,0,0,0,0
72794095,KSP0900,22-306944,20220809,1220,,,US119,,,US0119,US0119,0,098 US-119,US0119,N,N,NULL,NULL,NULL,N,NULL,NULL,NULL,NULL,NULL,NULL,23.249,NULL,NULL,NULL,NULL,,NULL,0,0,2,2,N,N,55,NULL,98,9834,NULL,,Y,37.64512,37,38.707,NULL,-82.26711,82,16.027,NULL,N,NULL,NULL,NULL,NULL,NULL,NULL,NULL,NULL,8,3,2,3,1,1,3,2,7,3,N,NULL,Y,N,1225,1230,1225,N,NULL,53,2,1,N,,N,N,098-US-0119-0,NULL,NULL,2022,O,7.27941E+11,098-US-0119  -000,HIGH,098-US-0119  -000,23.249,0,0,0,0,0,0,1,0,0,0,0,1,0
72866830,KSP0900,23-51584,20230209,1828,,,US119,,,US0119,US0119,0,098 US-119,US0119,N,N,NULL,NULL,NULL,N,NULL,NULL,NULL,NULL,NULL,NULL,24.966,NULL,NULL,NULL,NULL,,NULL,0,0,2,2,N,N,55,NULL,98,9834,NULL,,Y,37.66789,37,40.073,NULL,-82.27723,82,16.634,NULL,N,NULL,NULL,NULL,NULL,NULL,NULL,NULL,NULL,5,3,4,6,1,1,2,5,7,3,N,NULL,N,N,1828,1833,1833,N,NULL,70,2,1,N,,N,N,098-US-0119-0,NULL,NULL,2023,O,7.28668E+11,098-US-0119  -000,HIGH,098-US-0119  -000,24.981,0,0,0,0,0,0,1,0,0,0,0,0,0
72833637,KSP0900,22-450614,20221124,557,,,ROAD CREEK,,RD,,,0,098 CR-1659,CR1659,N,N,NULL,NULL,NULL,N,NULL,NULL,NULL,NULL,NULL,NULL,0.341,NULL,NULL,NULL,NULL,,NULL,0,0,1,1,N,N,25,NULL,98,9802,NULL,,Y,37.35535,37,21.321,NULL,-82.38375,82,23.025,NULL,N,NULL,NULL,NULL,NULL,NULL,NULL,NULL,NULL,9,3,1,3,3,2,2,6,6,3,N,NULL,Y,N,557,631,700,N,NULL,44,,,N,,N,N,098-CR-1659-0,NULL,NULL,2022,O,7.28336E+11,098-CR-1659  -000,HIGH,098-CR-1659  -000,0.341,0,0,0,0,0,0,0,0,0,0,0,1,0