MasterFile,AgencyORINumber,LocalCode,CollisionDate,CollisionTime,CollisionDayWeekCode,RoadwayName_HouseBusinessNumber_,RoadwayName_RoadwayName_,RoadwayName_Direction_,RoadwayName_RoadwaySuffix_,RoadwayfromReport,CurrentRoadwayNumber,RoadwayNumberCoupletID,RSEUniqueGIS,RoadwayIdentifier,ParkingLotIndicator,IntersectionWith_Indicator_,IntersectionWith_NameRoadway_,IntersectionWith_Direction_,IntersectionWith_RoadwaySuffix_,BetweenStreets_Indicator_,BetweenStreets1_NameRoadway_,BetweenStreet1_Direction_,BetweenStreets1_RoadwaySuffix_,BetweenStreets2_NameRoadway_,BetweenStreets2_Direction_,BetweenStreets2_RoadwaySuffix_,Milepoint,ReportMilepointDeriveNumber,CurrentDerivedMiepointNumber,MilestoMilepoint,FeettoMilepoint,DirectionfromMilepoint_NSEW_,ValidMilepointIndicator,NumberInjured,NumberKilled,ofUnits,ofMotorVehicleUnits,Hit&RunIndicator,OneWayIndicator,SpeedLimitNumber,KilometersIndicator,CountyCode,CityCountyCode,MilesFromCity,DirectionFromCity_NSEW_,InCityLimitsIndicator,Latitude,LatitudeDegrees,LatitudeMinutes,LatitudeSeconds,Longitude,LongitudeDegrees,LongitudeMinutes,LongitudeSeconds,RampIndicator,RampFromIdentifier,RampFromDirCode,RampFromCoupletID,RSEUniqueGISRampFrom,RampToidentifier,RampToDirCode,RampToCoupletID,RSEUniqueGisRampTo,MannerofCollisionCode,LocationFirstEventCode,TotalLanes,RoadwayCharacterCode,RoadwaySurfaceCode,RoadwayConditionCode,WeatherCode,LightConditionCode,LandUseCode,SchoolBusRelatedCode,FirstAidSceneIndicator,CollDescPresentInd,InvestigationCompleteIndicator,PhotosTakenIndicator,TimeNotified,TimeArrived,TimeRoadwayOpened,PropertyDamageIndicator,DiagramPresentIndicator,DirectionalAnalysis,FunctionClassCode,NationalHwySysCode,EnforcementsIndicator,KARSCityCode,SecondaryCollisionIndicator,MedianCrossoverIndicator,RT_UNIQUE,MapIt,TimeLastLeft,YR,KABCO,MFNY,WorkingRID,RT_CONFIDENCE,KTC_RT,KTC_MP,Motorcyclist,CommercialVehicle,YoungDriver,MatureDriver,pedestrian,Bicyclist,Distracted,agressive,Impaired,Unrestrained,Intersection,RoadwayDeparture,MedXover
72860848,980100,2.023E+11,20230131,1311,,,KY3495,,,,,,,,N,N,NULL,NULL,NULL,N,NULL,NULL,NULL,NULL,NULL,NULL,NULL,NULL,NULL,NULL,NULL,NULL,NULL,0,0,2,2,N,N,35,NULL,98,9801,NULL,,Y,37.48408,37,29.045,NULL,-82.5429,82,32.574,NULL,N,NULL,NULL,NULL,NULL,NULL,NULL,NULL,NULL,5,3,2,3,1,5,3,2,6,3,N,NULL,Y,N,1311,1316,1326,N,NULL,49,,,N,,N,N,,NULL,NULL,2023,O,7.28608E+11,098-KY-1460  -000,MEDIUM,098-KY-1460  -000,6.847,0,0,0,0,0,0,1,0,0,0,0,0,0
72822937,KSP0900,22-418400,20221031,44,,,TACKETT,,BR,,,0,098 CR-1728,CR1728,N,N,NULL,NULL,NULL,N,NULL,NULL,NULL,NULL,NULL,NULL,0.353,NULL,NULL,NULL,NULL,,NULL,0,0,1,1,N,N,35,NULL,98,9827,8,N,N,37.3763,37,22.578,NULL,-82.64877,82,38.926,NULL,N,NULL,NULL,NULL,NULL,NULL,NULL,NULL,NULL,9,3,1,4,1,5,6,6,7,3,N,NULL,Y,N,44,108,214,N,NULL,70,,,N,,N,N,098-CR-1728-0,NULL,NULL,2022,O,7.28229E+11,098-CR-1728  -000,HIGH,098-CR-1728  -000,0.353,0,0,1,0,0,0,0,0,0,0,0,1,0
72829515,KSP0900,22-437483,20221114,800,,,COMPTON,,BTM,,,0,098 CR-1039,CR1039,N,N,NULL,NULL,NULL,N,NULL,NULL,NULL,NULL,NULL,NULL,0.009,NULL,NULL,NULL,NULL,,NULL,0,0,2,2,N,N,20,NULL,98,9836,NULL,,Y,37.6512,37,39.072,NULL,-82.268,82,16.08,NULL,N,NULL,NULL,NULL,NULL,NULL,NULL,NULL,NULL,5,3,1,6,1,1,10,2,7,3,N,NULL,Y,N,800,800,800,N,NULL,49,,,N,,N,N,098-CR-1039-0,NULL,NULL,2022,O,7.28295E+11,098-CR-1039  -000,HIGH,098-CR-1039  -000,0.009,0,0,0,0,0,0,1,0,0,0,0,0,0
72836126,KSP0900,22-459041,20221130,2130,,,TOLER,,RD,KY0319,KY0319,0,098 KY-319,KY0319,N,N,NULL,NULL,NULL,N,NULL,NULL,NULL,NULL,NULL,NULL,1.135,NULL,NULL,NULL,NULL,,NULL,2,0,1,1,N,N,45,NULL,98,9842,NULL,,Y,37.58644,37,35.186,NULL,-82.19709,82,11.825,NULL,N,NULL,NULL,NULL,NULL,NULL,NULL,NULL,NULL,9,3,2,2,1,5,2,6,7,3,Y,NULL,N,Y,2130,2138,2200,N,NULL,70,7,0,N,,N,N,098-KY-0319-0,NULL,NULL,2022,B,7.28361E+11,098-KY-0319  -000,HIGH,098-KY-0319  -000,1.135,0,0,0,1,0,0,0,0,0,1,0,1,0
72841394,980000,22-12-001,20221209,100,,,VIRGIE,,RD,KY0610,KY0610,0,098 KY-610,KY0610,Y,N,NULL,NULL,NULL,N,NULL,NULL,NULL,NULL,NULL,NULL,7.317,NULL,NULL,NULL,NULL,,NULL,0,0,1,1,N,N,5,NULL,98,9827,30,S,N,37.33301,37,19.98,NULL,-82.58006,82,34.804,NULL,N,NULL,NULL,NULL,NULL,NULL,NULL,NULL,NULL,9,97,2,6,1,1,2,2,1,3,N,NULL,Y,Y,1200,100,115,Y,NULL,90,7,0,N,,N,N,098-KY-0610-0,NULL,NULL,2022,O,7.28414E+11,098-KY-0610  -000,HIGH,098-KY-0610  -000,7.317,0,0,0,0,0,0,1,0,0,0,0,1,0
72817342,KSP0900,2022-391986,20221010,1822,,,KY3418,,,KY3418,KY3418,0,098 KY-3418,KY3418,N,N,NULL,NULL,NULL,N,NULL,NULL,NULL,NULL,NULL,NULL,4.807,NULL,NULL,NULL,NULL,,NULL,0,0,2,2,N,N,55,NULL,98,9817,NULL,,Y,37.45676,37,27.406,NULL,-82.39057,82,23.434,NULL,N,NULL,NULL,NULL,NULL,NULL,NULL,NULL,NULL,7,3,2,5,1,1,2,2,7,3,N,NULL,Y,N,1822,1920,1822,N,NULL,54,9,0,N,,N,N,098-KY-3418-0,NULL,NULL,2022,O,7.28173E+11,098-KY-3418  -000,HIGH,098-KY-3418  -000,4.807,0,0,0,0,0,0,0,0,0,0,0,1,0
72820359,980100,2.022E+11,20221024,1651,,,TOWN MOUNTAIN,,RD,KY1426,KY1426,0,098 KY-1426,KY1426,N,N,NULL,NULL,NULL,N,NULL,NULL,NULL,NULL,NULL,NULL,8.654,NULL,NULL,NULL,NULL,,NULL,0,0,2,2,N,N,55,NULL,98,9801,NULL,,Y,37.50051,37,30.03,NULL,-82.4902,82,29.412,NULL,N,NULL,NULL,NULL,NULL,NULL,NULL,NULL,NULL,3,4,2,5,1,1,2,2,1,3,N,NULL,Y,Y,1651,1654,1707,Y,NULL,40,,0,N,,N,Y,098-KY-1426-0,NULL,NULL,2022,O,7.28204E+11,098-KY-1426  -000,HIGH,098-KY-1426  -000,8.654,0,1,0,1,0,0,0,0,0,0,0,1,0
72805545,KSP0900,22-357693,20220914,2057,,,OWSLEY,,RD,KY1384,KY1384,0,098 KY-1384,KY1384,N,N,NULL,NULL,NULL,N,NULL,NULL,NULL,NULL,NULL,NULL,1.114,NULL,NULL,NULL,NULL,,NULL,0,0,2,2,N,N,55,NULL,98,9801,NULL,,Y,37.52023,37,31.214,NULL,-82.61005,82,36.603,NULL,N,NULL,NULL,NULL,NULL,NULL,NULL,NULL,NULL,3,3,2,3,1,1,2,6,7,3,N,NULL,Y,N,2059,2111,2200,N,NULL,52,,0,N,,N,N,098-KY-1384-0,NULL,NULL,2022,O,7.28055E+11,098-KY-1384  -000,HIGH,098-KY-1384  -000,1.114,0,0,0,1,0,0,1,0,0,0,0,1,0
72810026,980100,2.022E+11,20220829,838,,,US23,,,US0023,US0023,0,098 US-23,US0023,N,N,NULL,NULL,NULL,N,NULL,NULL,NULL,NULL,NULL,NULL,25.416,NULL,NULL,NULL,NULL,,NULL,0,0,2,2,N,N,55,NULL,98,9801,NULL,,Y,37.49228,37,29.537,NULL,-82.53461,82,32.077,NULL,N,NULL,NULL,NULL,NULL,NULL,NULL,NULL,NULL,5,3,4,6,1,1,2,2,1,3,N,NULL,Y,N,838,849,857,N,NULL,49,,1,N,,N,N,098-US-0023-0,NULL,NULL,2022,O,7.281E+11,098-US-0023  -000,HIGH,098-US-0023  -000,25.416,0,0,0,0,0,0,1,0,0,0,0,0,0
72812935,980500,2022AR046,20221005,1036,,4368,MAYO TRAIL,N,,,,,,,Y,N,NULL,NULL,NULL,N,NULL,NULL,NULL,NULL,NULL,NULL,NULL,NULL,NULL,NULL,NULL,NULL,NULL,0,0,1,1,Y,Y,15,NULL,98,9807,NULL,,Y,37.5267,37,31.602,NULL,-82.57335,82,34.401,NULL,N,NULL,NULL,NULL,NULL,NULL,NULL,NULL,NULL,9,97,1,3,1,1,2,2,5,3,N,NULL,Y,Y,1036,1036,1036,Y,NULL,90,,,N,,N,N,,NULL,NULL,2022,NULL,7.28129E+11,098-US-0023  -000,MEDIUM,098-US-0023  -000,29.193,0,0,0,0,0,0,1,0,0,0,0,1,0
72819194,KSP0900,22-394115,20221012,1700,,,US119,,,US0119,US0119,0,098 US-119,US0119,N,N,NULL,NULL,NULL,N,NULL,NULL,NULL,NULL,NULL,NULL,24.803,NULL,NULL,NULL,NULL,,NULL,0,0,2,2,N,N,55,NULL,98,9834,NULL,,Y,37.66588,37,39.953,NULL,-82.27504,82,16.502,NULL,N,NULL,NULL,NULL,NULL,NULL,NULL,NULL,NULL,1,3,4,6,1,1,2,2,7,3,N,NULL,Y,N,1630,1630,1700,N,NULL,55,2,1,N,,N,N,098-US-0119-0,NULL,NULL,2022,O,7.28192E+11,098-US-0119  -000,HIGH,098-US-0119  -000,24.803,0,0,0,0,0,0,1,0,0,0,0,0,0
72829162,980100,2.022E+11,20221110,1832,,,CASSIDY,,BLVD,,,0,098 CS-1191,CS1191,N,N,NULL,NULL,NULL,N,NULL,NULL,NULL,NULL,NULL,NULL,0.05,NULL,NULL,NULL,NULL,,NULL,2,0,2,2,N,N,25,NULL,98,9801,NULL,,Y,37.50368,37,30.221,NULL,-82.53297,82,31.979,NULL,N,NULL,NULL,NULL,NULL,NULL,NULL,NULL,NULL,8,3,4,6,1,1,3,6,7,3,Y,NULL,Y,Y,1832,1836,1914,N,NULL,53,,,N,,N,N,098-CS-1191-0,NULL,NULL,2022,C,7.28292E+11,098-CS-1191  -000,HIGH,098-CS-1191  -000,0.05,0,0,0,0,0,0,0,0,0,0,0,1,0
72811132,KSP0900,22-378361,20220930,1330,,,US460,,,US0460,US0460,0,098 US-460,US0460,Y,N,NULL,NULL,NULL,N,NULL,NULL,NULL,NULL,NULL,NULL,5.036,NULL,NULL,NULL,NULL,,NULL,0,0,2,2,Y,N,15,NULL,98,9832,NULL,,Y,37.41087,37,24.652,NULL,-82.44897,82,26.938,NULL,N,NULL,NULL,NULL,NULL,NULL,NULL,NULL,NULL,1,7,2,6,1,1,2,2,1,3,N,NULL,N,N,1330,1340,1330,N,NULL,90,,1,N,,N,N,098-US-0460-0,NULL,NULL,2022,O,7.28111E+11,098-US-0460  -000,HIGH,098-US-0460  -000,5.036,0,0,0,0,0,0,0,0,0,0,0,0,0
72747164,980100,2.022E+11,20220329,1436,,,CEDAR HILLS,,RD,KY1426,KY1426,0,098 KY-1426,KY1426,N,N,NULL,NULL,NULL,N,NULL,NULL,NULL,NULL,NULL,NULL,4.677,NULL,NULL,NULL,NULL,,NULL,0,0,2,2,N,N,55,NULL,98,9801,NULL,,Y,37.46246,37,27.747,NULL,-82.52626,82,31.576,NULL,N,NULL,NULL,NULL,NULL,NULL,NULL,NULL,NULL,3,3,2,3,1,1,3,2,1,3,N,NULL,Y,N,1436,1443,1443,N,NULL,52,,0,N,,N,N,098-KY-1426-0,NULL,NULL,2022,O,7.27472E+11,098-KY-1426  -000,HIGH,098-KY-1426  -000,4.677,0,0,0,0,0,0,0,0,0,0,0,1,0
72731545,980500,2022AR010,20220216,1330,,,RATLIFF,,RD,,,0,098 CR-1426Q,CR1426Q,Y,N,NULL,NULL,NULL,N,NULL,NULL,NULL,NULL,NULL,NULL,NULL,NULL,NULL,NULL,NULL,NULL,NULL,0,0,2,2,N,N,NULL,NULL,98,9807,NULL,,Y,37.53751,37,32.25,NULL,-82.57974,82,34.785,NULL,N,NULL,NULL,NULL,NULL,NULL,NULL,NULL,NULL,8,97,NULL,6,3,1,2,2,1,3,N,NULL,Y,Y,1330,1330,1330,N,NULL,90,,,N,,N,N,098-CR-1426Q-0,NULL,NULL,2022,O,7.27315E+11,098-CR-1426Q -000,MEDIUM,098-CR-1426Q -000,0,0,0,0,1,0,0,0,0,0,0,0,0,0
72929990,980100,2.023E+11,20230803,2121,,,HAMBLEY,,BLVD,,,,,,Y,N,NULL,NULL,NULL,N,NULL,NULL,NULL,NULL,NULL,NULL,0.647,NULL,NULL,NULL,NULL,,NULL,0,0,2,2,N,N,NULL,NULL,98,9801,NULL,,Y,37.48029,37,28.818,NULL,-82.51912,82,31.147,NULL,N,NULL,NULL,NULL,NULL,NULL,NULL,NULL,NULL,7,97,2,5,1,1,2,3,6,3,N,NULL,N,N,2121,2123,2123,N,NULL,90,,,N,,N,N,,NULL,NULL,2023,O,7.293E+11,098-CS-1222  -000,MEDIUM,098-CS-1222  -000,0.646,0,0,0,0,0,0,1,0,0,0,0,1,0
72907544,980100,2.023E+11,20230605,1438,,231,HIBBARD,,ST,,,0,098 CS-1053,CS1053,Y,N,NULL,NULL,NULL,N,NULL,NULL,NULL,NULL,NULL,NULL,0.027,NULL,NULL,NULL,NULL,,NULL,0,0,2,2,N,N,NULL,NULL,98,9801,NULL,,Y,37.47348,37,28.409,NULL,-82.52679,82,31.607,NULL,N,NULL,NULL,NULL,NULL,NULL,NULL,NULL,NULL,2,97,1,6,1,1,2,2,1,3,N,NULL,Y,N,1439,1444,1444,N,NULL,90,,,N,,N,N,098-CS-1053-0,NULL,NULL,2023,O,7.29075E+11,098-CS-1053  -000,HIGH,098-CS-1053  -000,0.027,0,0,0,1,0,0,1,0,0,0,0,0,0
72832895,KSP0900,2022-00440008,20221116,1110,,,KY1426,,,KY1426,KY1426,0,098 KY-1426,KY1426,N,N,NULL,NULL,NULL,N,NULL,NULL,NULL,NULL,NULL,NULL,14.41,NULL,NULL,NULL,NULL,,NULL,0,0,1,1,N,N,35,NULL,98,9801,7,N,N,37.55997,37,33.598,NULL,-82.46218,82,27.731,NULL,N,NULL,NULL,NULL,NULL,NULL,NULL,NULL,NULL,9,3,2,3,1,1,3,4,6,3,N,NULL,Y,N,1110,1124,1110,N,NULL,38,7,0,N,,N,N,098-KY-1426-0,NULL,NULL,2022,O,7.28329E+11,098-KY-1426  -000,HIGH,098-KY-1426  -000,14.41,0,0,0,1,0,0,0,0,0,0,0,0,0
72840857,KSP0900,22-468974,20221208,1820,,,VIRGIE,,RD,KY0610,KY0610,0,098 KY-610,KY0610,N,N,NULL,NULL,NULL,N,NULL,NULL,NULL,NULL,NULL,NULL,0.361,NULL,NULL,NULL,NULL,,NULL,0,0,1,1,N,N,55,NULL,98,9809,NULL,,Y,37.27856,37,16.714,NULL,-82.5843,82,35.058,NULL,N,NULL,NULL,NULL,NULL,NULL,NULL,NULL,NULL,9,3,2,4,1,5,6,6,7,3,N,NULL,Y,N,1718,1821,1836,N,NULL,38,7,0,N,,N,N,098-KY-0610-0,NULL,NULL,2022,O,7.28409E+11,098-KY-0610  -000,HIGH,098-KY-0610  -000,0.361,0,0,0,0,0,0,0,0,0,0,0,0,0
72902946,KSP0900,23-197219,20230524,1905,,,KY632,,,KY0632,KY0632,0,098 KY-632,KY0632,N,N,NULL,NULL,NULL,N,NULL,NULL,NULL,NULL,NULL,NULL,2.042,NULL,NULL,NULL,NULL,,NULL,0,0,3,3,N,N,55,NULL,98,9817,NULL,,Y,37.49183,37,29.509,NULL,-82.32105,82,19.263,NULL,N,NULL,NULL,NULL,NULL,NULL,NULL,NULL,NULL,1,3,2,6,1,1,2,2,7,3,N,NULL,Y,Y,1906,1921,1921,N,NULL,55,6,0,N,,N,N,098-KY-0632-0,NULL,NULL,2023,O,7.29029E+11,098-KY-0632  -000,HIGH,098-KY-0632  -000,2.046,0,0,1,0,0,0,1,0,0,0,0,0,0
72815625,980500,2022AR048,20221012,1650,,,US 23 NORTH,,,,,,,,N,N,NULL,NULL,NULL,N,NULL,NULL,NULL,NULL,NULL,NULL,NULL,NULL,NULL,NULL,NULL,NULL,NULL,0,0,2,2,N,N,45,NULL,98,9807,NULL,,Y,37.51612,37,30.967,NULL,-82.5611,82,33.666,NULL,N,NULL,NULL,NULL,NULL,NULL,NULL,NULL,NULL,8,3,6,6,1,1,2,2,7,3,N,NULL,Y,Y,1650,1655,1655,N,NULL,53,,,N,,N,N,,NULL,NULL,2022,O,7.28156E+11,098-US-0023  -010,MEDIUM,098-US-0023  -000,28.17,0,0,1,0,0,0,1,0,0,0,0,1,0
72888085,980500,2023AR013,20230411,1615,,35,WEDDINGTON BRANCH,,RD,,,0,098 CS-3026,CS3026,Y,N,NULL,NULL,NULL,N,NULL,NULL,NULL,NULL,NULL,NULL,0.052,NULL,NULL,NULL,NULL,,NULL,0,0,2,2,N,N,15,NULL,98,9807,NULL,,Y,37.52307,37,31.384,NULL,-82.56973,82,34.184,NULL,N,NULL,NULL,NULL,NULL,NULL,NULL,NULL,NULL,2,97,NULL,6,1,1,2,2,1,3,N,NULL,Y,Y,1615,1625,,N,NULL,90,,,N,,N,N,098-CS-3026-0,NULL,NULL,2023,O,7.28881E+11,098-CS-3026  -000,HIGH,098-CS-3026  -000,0.062,0,0,0,0,0,0,1,0,0,0,0,0,0
72946692,980100,2.023E+11,20230913,1746,,,KY3496,,,KY3496,KY3496,0,098 KY-3496,KY3496,N,N,NULL,NULL,NULL,N,NULL,NULL,NULL,NULL,NULL,NULL,0.337,NULL,NULL,NULL,NULL,,NULL,0,0,2,2,N,N,35,NULL,98,9801,NULL,,Y,37.46793,37,28.076,NULL,-82.53294,82,31.976,NULL,N,NULL,NULL,NULL,NULL,NULL,NULL,NULL,NULL,1,3,2,6,1,1,2,2,1,3,N,NULL,Y,N,1746,1758,1758,N,NULL,55,16,0,N,,N,N,098-KY-3496-0,NULL,NULL,2023,O,7.29467E+11,098-KY-3496  -000,HIGH,098-KY-3496  -000,0.336,0,0,0,0,0,0,1,0,0,0,0,0,0
72825731,KSP0900,22-419893,20221101,935,,,GRAPEVINE,,RD,KY0194,KY0194,0,098 KY-194,KY0194,N,N,NULL,NULL,NULL,N,NULL,NULL,NULL,NULL,NULL,NULL,34.424,NULL,NULL,NULL,NULL,,NULL,0,0,1,1,N,N,35,NULL,98,9802,NULL,,Y,37.45181,37,27.109,NULL,-82.31586,82,18.952,NULL,N,NULL,NULL,NULL,NULL,NULL,NULL,NULL,NULL,9,3,2,6,1,1,2,2,7,3,N,NULL,Y,N,935,1007,1007,N,NULL,41,7,0,N,,N,N,098-KY-0194-0,NULL,NULL,2022,O,7.28257E+11,098-KY-0194  -000,HIGH,098-KY-0194  -000,34.424,0,0,0,0,0,0,0,0,0,0,0,1,0
72827174,KSP0900,22-429133,20221107,1954,,,US460,,,US0460,US0460,0,098 US-460,US0460,N,N,NULL,NULL,NULL,N,NULL,NULL,NULL,NULL,NULL,NULL,5.85,NULL,NULL,NULL,NULL,,NULL,0,0,1,1,N,N,55,NULL,98,9832,NULL,,Y,37.40527,37,24.316,NULL,-82.43655,82,26.193,NULL,N,NULL,NULL,NULL,NULL,NULL,NULL,NULL,NULL,9,3,2,6,1,1,2,6,7,3,N,NULL,N,N,1950,1951,1951,N,NULL,38,,1,N,,N,N,098-US-0460-0,NULL,NULL,2022,O,7.28272E+11,098-US-0460  -000,HIGH,098-US-0460  -000,5.85,0,0,0,0,0,0,0,0,0,0,0,0,0
72832599,980100,2.022E+11,20221116,2122,,,CASSIDY,,BLVD,,,,,,N,N,NULL,NULL,NULL,N,NULL,NULL,NULL,NULL,NULL,NULL,0.319,NULL,NULL,NULL,NULL,,NULL,0,0,2,2,N,N,35,NULL,98,9801,NULL,,Y,37.5052,37,30.312,NULL,-82.53722,82,32.233,NULL,N,NULL,NULL,NULL,NULL,NULL,NULL,NULL,NULL,7,3,2,3,1,1,2,5,1,3,N,NULL,Y,N,2122,2124,2202,N,NULL,54,,,N,,N,N,,NULL,NULL,2022,O,7.28326E+11,098-CS-1191  -000,MEDIUM,098-CS-1191  -000,0.319,0,0,0,0,0,0,1,0,0,0,0,1,0
72902943,KSP0900,23-197310,20230524,2003,,,US119,,,US0119,US0119,0,098 US-119,US0119,N,N,NULL,NULL,NULL,N,NULL,NULL,NULL,NULL,NULL,NULL,0.61,NULL,NULL,NULL,NULL,,NULL,0,0,1,1,N,N,55,NULL,98,9801,NULL,,Y,37.50708,37,30.425,NULL,-82.52184,82,31.311,NULL,N,NULL,NULL,NULL,NULL,NULL,NULL,NULL,NULL,9,3,2,6,1,1,2,2,7,3,N,NULL,Y,N,2017,2020,2020,N,NULL,38,2,1,N,,N,N,098-US-0119-0,NULL,NULL,2023,O,7.29029E+11,098-US-0119  -000,HIGH,098-US-0119  -000,0.605,0,0,0,0,0,0,0,0,0,0,0,0,0
72924561,KSP0900,23-322523,20230712,1706,,,KY1506,,,KY1506,KY1506,0,098 KY-1506,KY1506,N,N,NULL,NULL,NULL,N,NULL,NULL,NULL,NULL,NULL,NULL,0.049,NULL,NULL,NULL,NULL,,NULL,0,0,2,2,N,N,35,NULL,98,9834,NULL,,Y,37.66858,37,40.115,NULL,-82.27673,82,16.604,NULL,N,NULL,NULL,NULL,NULL,NULL,NULL,NULL,NULL,1,3,2,5,1,1,2,2,3,3,N,NULL,Y,N,1706,1739,1800,N,NULL,55,9,0,N,,N,N,098-KY-1506-0,NULL,NULL,2023,O,7.29246E+11,098-KY-1506  -000,HIGH,098-KY-1506  -000,0.052,0,0,0,0,0,0,0,0,0,0,0,0,0
72837197,KSP0900,22-462376,20221203,1318,,,BROAD BOTTOM,,RD,,,0,098 CR-1419,CR1419,N,N,NULL,NULL,NULL,N,NULL,NULL,NULL,NULL,NULL,NULL,0.104,NULL,NULL,NULL,NULL,,NULL,0,0,2,2,N,N,35,NULL,98,9801,NULL,,Y,37.53094,37,31.857,NULL,-82.57867,82,34.72,NULL,N,NULL,NULL,NULL,NULL,NULL,NULL,NULL,NULL,1,3,2,6,3,5,3,2,7,3,Y,NULL,N,N,1318,1333,1333,N,NULL,55,,,N,,N,N,098-CR-1419-0,NULL,NULL,2022,O,7.28372E+11,098-CR-1419  -000,HIGH,098-CR-1419  -000,0.104,0,0,0,0,0,0,1,0,0,0,0,0,0
72876671,KSP0900,23-102977,20230317,1844,,,US119,,,US0119,US0119,0,098 US-119,US0119,N,N,NULL,NULL,NULL,N,NULL,NULL,NULL,NULL,NULL,NULL,11.414,NULL,NULL,NULL,NULL,,NULL,0,0,1,1,N,N,55,NULL,98,9801,NULL,,Y,37.59136,37,35.482,NULL,-82.38368,82,23.021,NULL,N,NULL,NULL,NULL,NULL,NULL,NULL,NULL,NULL,9,3,2,5,1,5,6,2,7,3,N,NULL,N,N,1844,1854,1854,N,NULL,70,2,1,N,,N,N,098-US-0119-0,NULL,NULL,2023,O,7.28767E+11,098-US-0119  -000,HIGH,098-US-0119  -000,11.374,0,1,0,0,0,0,0,0,0,0,0,0,0
72842037,KSP0900,22-451999,20221125,1336,,,US119,,,US0119,US0119,0,098 US-119,US0119,N,N,NULL,NULL,NULL,N,NULL,NULL,NULL,NULL,NULL,NULL,24.966,NULL,NULL,NULL,NULL,,NULL,1,0,3,3,N,N,40,NULL,98,9834,NULL,,Y,37.66779,37,40.067,NULL,-82.27692,82,16.615,NULL,N,NULL,NULL,NULL,NULL,NULL,NULL,NULL,NULL,5,3,4,6,1,1,3,2,7,3,Y,NULL,N,N,1330,1400,1430,N,NULL,49,2,1,Y,,N,N,098-US-0119-0,NULL,NULL,2022,B,7.2842E+11,098-US-0119  -000,HIGH,098-US-0119  -000,24.966,0,0,0,0,0,0,0,0,1,0,0,1,0
72855375,KSP0900,23-22015,20230117,2027,,,KY292,,,KY0292,KY0292,0,098 KY-292,KY0292,N,N,NULL,NULL,NULL,N,NULL,NULL,NULL,NULL,NULL,NULL,1.972,NULL,NULL,NULL,NULL,,NULL,0,0,1,1,N,N,45,NULL,98,9869,NULL,,Y,37.65118,37,39.071,NULL,-82.22634,82,13.58,NULL,N,NULL,NULL,NULL,NULL,NULL,NULL,NULL,NULL,9,3,2,3,1,5,10,6,7,3,N,NULL,N,N,2028,2037,2115,N,NULL,44,8,0,N,,N,N,098-KY-0292-0,NULL,NULL,2023,O,7.28554E+11,098-KY-0292  -000,HIGH,098-KY-0292  -000,1.973,0,0,0,0,0,0,0,0,0,0,0,1,0
72857312,KSP0900,23-22366,20230118,530,,,STATE HIGHWAY 292,E,,,,0,098 CR-1061,CR1061,N,N,NULL,NULL,NULL,N,NULL,NULL,NULL,NULL,NULL,NULL,0.002,NULL,NULL,NULL,NULL,,NULL,0,0,2,2,N,N,35,NULL,98,9893,NULL,,Y,37.62713,37,37.628,NULL,-82.21776,82,13.065,NULL,N,NULL,NULL,NULL,NULL,NULL,NULL,NULL,NULL,8,3,2,6,1,5,10,6,7,3,N,NULL,Y,N,535,600,535,N,NULL,53,,,N,,N,N,098-CR-1061-0,NULL,NULL,2023,O,7.28573E+11,098-CR-1061  -000,HIGH,098-CR-1061  -000,0,0,1,0,0,0,0,1,0,0,0,0,1,0
72869249,980100,2.023E+11,20230218,2142,,,US23,,,US0023,US0023,0,098 US-23,US0023,N,N,NULL,NULL,NULL,N,NULL,NULL,NULL,NULL,NULL,NULL,30.25,NULL,NULL,NULL,NULL,,NULL,2,0,2,2,N,N,55,NULL,98,9801,NULL,,Y,37.54013,37,32.408,NULL,-82.58184,82,34.91,NULL,N,NULL,NULL,NULL,NULL,NULL,NULL,NULL,NULL,8,3,4,3,1,1,2,6,1,3,N,NULL,Y,Y,2143,2147,2147,N,NULL,53,,1,N,,N,N,098-US-0023-0,NULL,NULL,2023,B,7.28692E+11,098-US-0023  -000,HIGH,098-US-0023  -000,30.231,0,0,1,0,0,0,0,0,0,1,0,1,0
72859542,KSP0900,23-36944,20230129,1405,,,KY1056,,,KY1056,KY1056,0,098 KY-1056,KY1056,N,N,NULL,NULL,NULL,N,NULL,NULL,NULL,NULL,NULL,NULL,9.642,NULL,NULL,NULL,NULL,,NULL,1,0,2,2,N,N,55,NULL,98,9863,NULL,,Y,37.59945,37,35.967,NULL,-82.16762,82,10.057,NULL,N,NULL,NULL,NULL,NULL,NULL,NULL,NULL,NULL,3,3,2,3,1,5,6,2,7,3,Y,NULL,Y,Y,1409,1453,1500,N,NULL,52,7,0,N,,N,N,098-KY-1056-0,NULL,NULL,2023,B,7.28595E+11,098-KY-1056  -000,HIGH,098-KY-1056  -000,9.691,0,0,0,0,0,0,0,0,0,0,0,1,0