MasterFile,AgencyORINumber,LocalCode,CollisionDate,CollisionTime,CollisionDayWeekCode,RoadwayName_HouseBusinessNumber_,RoadwayName_RoadwayName_,RoadwayName_Direction_,RoadwayName_RoadwaySuffix_,RoadwayfromReport,CurrentRoadwayNumber,RoadwayNumberCoupletID,RSEUniqueGIS,RoadwayIdentifier,ParkingLotIndicator,IntersectionWith_Indicator_,IntersectionWith_NameRoadway_,IntersectionWith_Direction_,IntersectionWith_RoadwaySuffix_,BetweenStreets_Indicator_,BetweenStreets1_NameRoadway_,BetweenStreet1_Direction_,BetweenStreets1_RoadwaySuffix_,BetweenStreets2_NameRoadway_,BetweenStreets2_Direction_,BetweenStreets2_RoadwaySuffix_,Milepoint,ReportMilepointDeriveNumber,CurrentDerivedMiepointNumber,MilestoMilepoint,FeettoMilepoint,DirectionfromMilepoint_NSEW_,ValidMilepointIndicator,NumberInjured,NumberKilled,ofUnits,ofMotorVehicleUnits,Hit&RunIndicator,OneWayIndicator,SpeedLimitNumber,KilometersIndicator,CountyCode,CityCountyCode,MilesFromCity,DirectionFromCity_NSEW_,InCityLimitsIndicator,Latitude,LatitudeDegrees,LatitudeMinutes,LatitudeSeconds,Longitude,LongitudeDegrees,LongitudeMinutes,LongitudeSeconds,RampIndicator,RampFromIdentifier,RampFromDirCode,RampFromCoupletID,RSEUniqueGISRampFrom,RampToidentifier,RampToDirCode,RampToCoupletID,RSEUniqueGisRampTo,MannerofCollisionCode,LocationFirstEventCode,TotalLanes,RoadwayCharacterCode,RoadwaySurfaceCode,RoadwayConditionCode,WeatherCode,LightConditionCode,LandUseCode,SchoolBusRelatedCode,FirstAidSceneIndicator,CollDescPresentInd,InvestigationCompleteIndicator,PhotosTakenIndicator,TimeNotified,TimeArrived,TimeRoadwayOpened,PropertyDamageIndicator,DiagramPresentIndicator,DirectionalAnalysis,FunctionClassCode,NationalHwySysCode,EnforcementsIndicator,KARSCityCode,SecondaryCollisionIndicator,MedianCrossoverIndicator,RT_UNIQUE,MapIt,TimeLastLeft,YR,KABCO,MFNY,WorkingRID,RT_CONFIDENCE,KTC_RT,KTC_MP,Motorcyclist,CommercialVehicle,YoungDriver,MatureDriver,pedestrian,Bicyclist,Distracted,agressive,Impaired,Unrestrained,Intersection,RoadwayDeparture,MedXover
72853520,980100,2.022E+11,20221231,1204,,,THOMPSON,,RD,,,0,098 CS-1215,CS1215,Y,N,NULL,NULL,NULL,N,NULL,NULL,NULL,NULL,NULL,NULL,0.653,NULL,NULL,NULL,NULL,,NULL,1,0,2,2,N,N,NULL,NULL,98,9801,NULL,,Y,37.50524,37,30.314,NULL,-82.54108,82,32.465,NULL,N,NULL,NULL,NULL,NULL,NULL,NULL,NULL,NULL,2,97,NULL,4,1,5,3,2,1,3,Y,NULL,Y,Y,1204,1213,1213,N,NULL,90,,,Y,,N,N,098-CS-1215-0,NULL,NULL,2022,C,7.28535E+11,098-CS-1215  -000,HIGH,098-CS-1215  -000,0.653,0,0,0,0,0,0,1,0,0,0,0,0,0
72875846,KSP0900,23-100213,20230315,1830,,,US119,,,US0119,US0119,0,098 US-119,US0119,N,N,NULL,NULL,NULL,N,NULL,NULL,NULL,NULL,NULL,NULL,24.759,NULL,NULL,NULL,NULL,,NULL,0,0,2,2,N,N,55,NULL,98,9834,NULL,,Y,37.66549,37,39.929,NULL,-82.27442,82,16.465,NULL,N,NULL,NULL,NULL,NULL,NULL,NULL,NULL,NULL,8,3,4,6,1,1,2,2,7,3,N,NULL,N,N,1830,1833,1833,N,NULL,53,2,1,N,,N,N,098-US-0119-0,NULL,NULL,2023,O,7.28758E+11,098-US-0119  -000,HIGH,098-US-0119  -000,24.759,0,0,0,0,0,0,1,0,0,0,0,1,0
72866840,KSP0900,2023-63859,20230218,1807,,,US23,,,US0023,US0023,,,,N,N,NULL,NULL,NULL,N,NULL,NULL,NULL,NULL,NULL,NULL,29.432,NULL,NULL,NULL,NULL,,NULL,0,0,2,2,N,N,45,NULL,98,9807,NULL,,Y,37.52939,37,31.764,NULL,-82.57561,82,34.536,NULL,N,NULL,NULL,NULL,NULL,NULL,NULL,NULL,NULL,5,3,4,6,1,1,2,3,7,3,N,NULL,N,N,1807,1821,1807,N,NULL,70,,1,N,,N,N,,NULL,NULL,2023,O,7.28668E+11,098-US-0023  -000,MEDIUM,098-US-0023  -000,29.414,0,0,1,0,0,0,0,0,0,0,0,0,0
72881981,980100,2.023E+11,20230325,2311,,,US23,,,US0023,US0023,0,098 US-23,US0023,N,N,NULL,NULL,NULL,N,NULL,NULL,NULL,NULL,NULL,NULL,27.147,NULL,NULL,NULL,NULL,,NULL,0,0,1,1,N,N,55,NULL,98,9801,NULL,,Y,37.51051,37,30.631,NULL,-82.54417,82,32.65,NULL,N,NULL,NULL,NULL,NULL,NULL,NULL,NULL,NULL,9,3,4,6,1,97,2,7,7,3,N,NULL,Y,N,2311,2311,2337,N,NULL,70,,1,N,,N,N,098-US-0023-0,NULL,NULL,2023,O,7.2882E+11,098-US-0023  -000,HIGH,098-US-0023  -000,27.117,0,0,0,0,0,0,0,0,0,0,0,0,0
72910146,KSP0900,23-216197,20230607,742,,,KY1056,,,KY1056,KY1056,,,,N,N,NULL,NULL,NULL,N,NULL,NULL,NULL,NULL,NULL,NULL,8.687,NULL,NULL,NULL,NULL,,NULL,1,0,2,2,N,N,45,NULL,98,9863,NULL,,Y,37.59203,37,35.522,NULL,-82.17326,82,10.396,NULL,N,NULL,NULL,NULL,NULL,NULL,NULL,NULL,NULL,3,3,2,6,1,5,6,2,7,3,Y,NULL,Y,Y,745,759,854,N,NULL,52,7,0,N,,N,N,,NULL,NULL,2023,C,7.29101E+11,098-KY-1056  -000,HIGH,098-KY-1056  -000,8.724,0,0,0,0,0,0,0,0,0,0,0,1,0
72916293,980100,2.023E+11,20230627,1252,,,US23,,,US0023,US0023,,,,N,N,NULL,NULL,NULL,N,NULL,NULL,NULL,NULL,NULL,NULL,26.226,NULL,NULL,NULL,NULL,,NULL,0,0,2,2,Y,N,55,NULL,98,9801,NULL,,Y,37.50284,37,30.17,NULL,-82.53204,82,31.922,NULL,N,NULL,NULL,NULL,NULL,NULL,NULL,NULL,NULL,6,3,NULL,6,1,1,3,2,1,3,N,NULL,Y,N,1252,1258,1258,N,NULL,70,,1,Y,,N,N,,NULL,NULL,2023,O,7.29163E+11,098-US-0023  -000,MEDIUM,098-US-0023  -000,26.163,0,0,0,1,0,0,1,0,0,1,0,0,0
72896639,KSP0900,23-174916,20230508,1657,,,PORTER,,RD,,,0,098 CR-1400,CR1400,N,N,NULL,NULL,NULL,N,NULL,NULL,NULL,NULL,NULL,NULL,0.035,NULL,NULL,NULL,NULL,,NULL,0,0,2,2,N,N,35,NULL,98,9858,NULL,,Y,37.53059,37,31.835,NULL,-82.61677,82,37.006,NULL,N,NULL,NULL,NULL,NULL,NULL,NULL,NULL,NULL,7,3,2,6,1,1,2,2,7,3,N,NULL,Y,N,1659,1740,,N,NULL,46,,,N,,N,N,098-CR-1400-0,NULL,NULL,2023,O,7.28966E+11,098-CR-1400  -000,HIGH,098-CR-1400  -000,0.021,0,0,0,0,0,0,0,0,1,0,0,0,0
72848721,980500,2022AR064,20221230,1300,,,US23,,,US0023,US0023,0,098 US-23-10,US0023,Y,N,NULL,NULL,NULL,N,NULL,NULL,NULL,NULL,NULL,NULL,NULL,NULL,NULL,NULL,NULL,NULL,NULL,0,0,2,2,N,N,NULL,NULL,98,9807,NULL,,Y,37.52281,37,31.369,NULL,-82.57157,82,34.294,NULL,N,NULL,NULL,NULL,NULL,NULL,NULL,NULL,NULL,8,97,4,6,1,1,2,2,7,3,N,NULL,Y,Y,1300,1305,1300,N,NULL,90,,1,N,,N,N,098-US-0023-10,NULL,NULL,2022,O,7.28487E+11,098-US-0023  -010,HIGH,098-US-0023  -000,28.913,0,0,0,0,0,0,1,0,0,1,0,0,0
72850751,KSP0900,23-5244,20230104,2247,,,WILLIAMSON,,RD,KY0292,KY0292,0,098 KY-292,KY0292,N,N,NULL,NULL,NULL,N,NULL,NULL,NULL,NULL,NULL,NULL,9.845,NULL,NULL,NULL,NULL,,NULL,0,0,2,2,N,N,55,NULL,98,9834,NULL,,Y,37.70741,37,42.445,NULL,-82.30797,82,18.478,NULL,N,NULL,NULL,NULL,NULL,NULL,NULL,NULL,NULL,8,3,2,6,1,1,11,6,3,3,N,NULL,N,N,2253,2303,2330,N,NULL,53,7,0,N,,N,N,098-KY-0292-0,NULL,NULL,2023,O,7.28508E+11,098-KY-0292  -000,HIGH,098-KY-0292  -000,9.845,0,0,0,0,0,0,0,0,0,0,0,1,0
72853771,KSP0900,23-15044,20230112,1015,,,KY632,,,KY0632,KY0632,0,098 KY-632,KY0632,Y,N,NULL,NULL,NULL,N,NULL,NULL,NULL,NULL,NULL,NULL,12.491,NULL,NULL,NULL,NULL,,NULL,0,0,2,2,N,N,5,NULL,98,9804,NULL,,Y,37.50054,37,30.032,NULL,-82.16698,82,10.019,NULL,N,NULL,NULL,NULL,NULL,NULL,NULL,NULL,NULL,2,97,2,6,1,1,3,2,1,3,N,NULL,Y,N,1015,1040,1100,N,NULL,90,6,0,N,,N,N,098-KY-0632-0,NULL,NULL,2023,O,7.28538E+11,098-KY-0632  -000,HIGH,098-KY-0632  -000,12.496,0,0,0,0,0,0,1,0,0,0,0,0,0
72810021,980100,2.022E+11,20220921,1047,,,HUFFMAN,,AVE,,,0,098 CS-1123,CS1123,Y,N,NULL,NULL,NULL,N,NULL,NULL,NULL,NULL,NULL,NULL,0.208,NULL,NULL,NULL,NULL,,NULL,0,0,2,2,Y,N,NULL,NULL,98,9801,NULL,,Y,37.47871,37,28.723,NULL,-82.52008,82,31.205,NULL,N,NULL,NULL,NULL,NULL,NULL,NULL,NULL,NULL,8,97,NULL,4,2,1,2,2,7,3,N,NULL,Y,Y,1049,1053,1053,N,NULL,90,,,N,,N,N,098-CS-1123-0,NULL,NULL,2022,O,7.281E+11,098-CS-1123  -000,HIGH,098-CS-1123  -000,0.208,0,0,1,0,0,0,1,0,0,0,0,0,0
72937934,KSP0900,23-366243,20230821,1430,,,GOODY,,LOOP,,,0,098 PR-1024,PR1024,Y,N,NULL,NULL,NULL,N,NULL,NULL,NULL,NULL,NULL,NULL,0.094,NULL,NULL,NULL,NULL,,NULL,1,0,2,2,Y,Y,NULL,NULL,98,9834,NULL,,Y,37.65903,37,39.542,NULL,-82.27216,82,16.33,NULL,N,NULL,NULL,NULL,NULL,NULL,NULL,NULL,NULL,7,97,NULL,6,1,1,2,2,1,3,Y,NULL,N,Y,1431,1440,1530,N,NULL,90,,,N,,N,N,098-PR-1024-0,NULL,NULL,2023,B,7.29379E+11,098-PR-1024  -000,HIGH,098-PR-1024  -000,0.095,0,0,0,1,0,0,1,0,0,1,0,0,0
72879699,KSP0900,23-113070,20230325,1013,,,US23,,,US0023,US0023,0,098 US-23,US0023,N,N,NULL,NULL,NULL,N,NULL,NULL,NULL,NULL,NULL,NULL,18.308,NULL,NULL,NULL,NULL,,NULL,0,0,2,2,N,N,55,NULL,98,9807,NULL,,Y,37.43335,37,26.001,NULL,-82.51434,82,30.861,NULL,N,NULL,NULL,NULL,NULL,NULL,NULL,NULL,NULL,1,3,6,6,1,1,2,2,7,3,N,NULL,Y,N,1013,1046,1046,N,NULL,55,,1,N,,N,N,098-US-0023-0,NULL,NULL,2023,O,7.28797E+11,098-US-0023  -000,HIGH,098-US-0023  -000,18.291,0,0,1,0,0,0,0,0,0,0,0,0,0
72818034,980100,2.022E+11,20221014,124,,,CASSIDY,,BLVD,,,0,098 CS-1191,CS1191,N,N,NULL,NULL,NULL,N,NULL,NULL,NULL,NULL,NULL,NULL,0.383,NULL,NULL,NULL,NULL,,NULL,0,0,2,2,N,N,35,NULL,98,9801,NULL,,Y,37.50486,37,30.292,NULL,-82.53835,82,32.301,NULL,N,NULL,NULL,NULL,NULL,NULL,NULL,NULL,NULL,1,3,2,6,1,1,2,2,1,3,N,NULL,Y,N,1247,1252,,N,NULL,55,,,N,,N,N,098-CS-1191-0,NULL,NULL,2022,O,7.2818E+11,098-CS-1191  -000,HIGH,098-CS-1191  -000,0.383,0,0,0,1,0,0,0,0,0,0,0,0,0
72882872,980100,2.023E+11,20230401,1637,,,CASSIDY,,BLVD,,,0,098 CS-1191,CS1191,Y,N,NULL,NULL,NULL,N,NULL,NULL,NULL,NULL,NULL,NULL,0.331,NULL,NULL,NULL,NULL,,NULL,0,0,2,2,Y,N,15,NULL,98,9801,NULL,,Y,37.50599,37,30.36,NULL,-82.53814,82,32.288,NULL,N,NULL,NULL,NULL,NULL,NULL,NULL,NULL,NULL,8,7,NULL,6,1,1,2,2,1,3,N,NULL,Y,N,1637,1642,1642,N,NULL,90,,,N,,N,N,098-CS-1191-0,NULL,NULL,2023,NULL,7.28829E+11,098-CS-1191  -000,HIGH,098-CS-1191  -000,0.352,0,0,0,0,0,0,0,0,0,0,0,0,0
72877545,980100,2.023E+11,20230315,1714,,,KY1426,,,KY1426,KY1426,0,098 KY-1426,KY1426,N,N,NULL,NULL,NULL,N,NULL,NULL,NULL,NULL,NULL,NULL,7.151,NULL,NULL,NULL,NULL,,NULL,1,0,2,2,N,N,55,NULL,98,9801,NULL,,Y,37.48854,37,29.312,NULL,-82.50616,82,30.37,NULL,N,NULL,NULL,NULL,NULL,NULL,NULL,NULL,NULL,5,3,2,6,1,1,3,2,7,3,Y,NULL,Y,Y,1714,1718,1814,N,NULL,49,,0,N,,N,N,098-KY-1426-0,NULL,NULL,2023,B,7.28775E+11,098-KY-1426  -000,HIGH,098-KY-1426  -000,7.151,0,0,0,0,0,0,1,0,0,0,0,0,0
72865991,KSP0900,23-60694,20230216,1145,,,WILLIAMSON,,RD,KY0292,KY0292,0,098 KY-292,KY0292,N,N,NULL,NULL,NULL,N,NULL,NULL,NULL,NULL,NULL,NULL,6.351,NULL,NULL,NULL,NULL,,NULL,0,0,1,1,N,N,45,NULL,98,9834,NULL,,Y,37.67274,37,40.364,NULL,-82.29562,82,17.737,NULL,N,NULL,NULL,NULL,NULL,NULL,NULL,NULL,NULL,9,3,2,4,1,5,6,2,7,3,N,NULL,Y,N,1150,1200,1200,N,NULL,40,7,0,N,,N,N,098-KY-0292-0,NULL,NULL,2023,O,7.2866E+11,098-KY-0292  -000,HIGH,098-KY-0292  -000,6.36,0,0,0,0,0,0,0,0,0,0,0,1,0
72793983,KSP0900,22-301572,20220805,1709,,15247,BRUSHY,,RD,,,0,098 CR-1429Q4,CR1429Q4,N,N,NULL,NULL,NULL,N,NULL,NULL,NULL,NULL,NULL,NULL,3.751,NULL,NULL,NULL,NULL,,NULL,0,0,2,2,N,N,55,NULL,98,9801,NULL,,Y,37.65445,37,39.267,NULL,-82.51726,82,31.035,NULL,N,NULL,NULL,NULL,NULL,NULL,NULL,NULL,NULL,7,3,1,6,1,1,2,2,7,3,N,NULL,Y,N,1709,1746,1858,N,NULL,54,,,N,,N,N,098-CR-1429Q4-0,NULL,NULL,2022,O,7.2794E+11,098-CR-1429Q4-000,HIGH,098-CR-1429Q4-000,3.751,0,0,0,0,0,0,0,0,0,0,0,1,0
72827365,KSP0900,22-423481,20221103,1903,,,US460,,,US0460,US0460,0,098 US-460,US0460,N,N,NULL,NULL,NULL,N,NULL,NULL,NULL,NULL,NULL,NULL,1.454,NULL,NULL,NULL,NULL,,NULL,0,0,2,2,N,N,45,NULL,98,9824,NULL,,Y,37.42712,37,25.627,NULL,-82.49897,82,29.938,NULL,N,NULL,NULL,NULL,NULL,NULL,NULL,NULL,NULL,7,3,2,6,1,1,2,6,7,3,N,NULL,Y,N,1903,1920,1920,N,NULL,54,,1,N,,N,N,098-US-0460-0,NULL,NULL,2022,O,7.28274E+11,098-US-0460  -000,HIGH,098-US-0460  -000,1.454,0,1,0,0,0,0,0,0,0,0,0,1,0
72819403,KSP0900,22-400802,20221017,1739,,,MOTLEY,,RD,,,0,098 CR-1163,CR1163,N,N,NULL,NULL,NULL,N,NULL,NULL,NULL,NULL,NULL,NULL,0.536,NULL,NULL,NULL,NULL,,NULL,0,0,2,2,N,N,55,NULL,98,9839,NULL,,Y,37.40164,37,24.098,NULL,-82.22385,82,13.431,NULL,N,NULL,NULL,NULL,NULL,NULL,NULL,NULL,NULL,3,3,1,1,1,1,2,2,7,3,N,NULL,N,N,1739,1848,1947,N,NULL,52,,,N,,N,N,098-CR-1163-0,NULL,NULL,2022,O,7.28194E+11,098-CR-1163  -000,HIGH,098-CR-1163  -000,0.536,0,0,0,0,0,0,0,0,0,0,0,1,0
72926298,980100,2.023E+11,20230715,2205,,,CASSIDY,,BLVD,,,0,098 CS-1191,CS1191,Y,N,NULL,NULL,NULL,N,NULL,NULL,NULL,NULL,NULL,NULL,0.316,NULL,NULL,NULL,NULL,,NULL,0,0,2,2,N,N,15,NULL,98,9801,NULL,,Y,37.5052,37,30.312,NULL,-82.53716,82,32.23,NULL,N,NULL,NULL,NULL,NULL,NULL,NULL,NULL,NULL,2,97,1,6,1,5,3,5,1,3,N,NULL,Y,N,2205,2205,2218,N,NULL,90,,,N,,N,N,098-CS-1191-0,NULL,NULL,2023,O,7.29263E+11,098-CS-1191  -000,HIGH,098-CS-1191  -000,0.314,0,0,0,1,0,0,1,0,0,0,0,0,0
72894594,KSP0900,23-168412,20230504,950,,,FERRELLS CREEK,,RD,US0460,US0460,0,098 US-460,US0460,N,N,NULL,NULL,NULL,N,NULL,NULL,NULL,NULL,NULL,NULL,22.082,NULL,NULL,NULL,NULL,,NULL,0,0,1,1,N,N,55,NULL,98,9847,NULL,,Y,37.38037,37,22.822,NULL,-82.26102,82,15.661,NULL,N,NULL,NULL,NULL,NULL,NULL,NULL,NULL,NULL,9,3,2,5,1,1,2,2,7,3,N,NULL,Y,N,950,1023,1030,N,NULL,38,,1,N,,N,N,098-US-0460-0,NULL,NULL,2023,O,7.28946E+11,098-US-0460  -000,HIGH,098-US-0460  -000,22.069,0,0,0,0,0,0,0,0,0,0,0,0,0
72860125,980100,2.023E+11,20230125,1035,,,BAIRD,,AVE,KY1426,KY1426,0,098 KY-1426,KY1426,N,N,NULL,NULL,NULL,N,NULL,NULL,NULL,NULL,NULL,NULL,5.392,NULL,NULL,NULL,NULL,,NULL,0,0,2,2,N,N,55,NULL,98,9801,NULL,,Y,37.47322,37,28.393,NULL,-82.52712,82,31.627,NULL,N,NULL,NULL,NULL,NULL,NULL,NULL,NULL,NULL,5,3,2,6,1,1,2,2,1,3,N,NULL,Y,N,1035,1039,,N,NULL,49,,0,N,,N,N,098-KY-1426-0,NULL,NULL,2023,O,7.28601E+11,098-KY-1426  -000,HIGH,098-KY-1426  -000,5.399,0,0,0,1,0,0,1,0,0,0,0,0,0
72823237,980100,2.022E+11,20221025,1546,,,US23,,,US0023,US0023,0,098 US-23-10,US0023,N,N,NULL,NULL,NULL,N,NULL,NULL,NULL,NULL,NULL,NULL,22.293,NULL,NULL,NULL,NULL,,NULL,2,0,2,2,N,N,55,NULL,98,9801,NULL,,Y,37.46138,37,27.683,NULL,-82.51698,82,31.019,NULL,N,NULL,NULL,NULL,NULL,NULL,NULL,NULL,NULL,5,3,4,3,1,1,3,2,7,3,Y,NULL,Y,Y,1546,1551,1639,N,NULL,49,,1,N,,N,N,098-US-0023-10,NULL,NULL,2022,C,7.28232E+11,098-US-0023  -010,HIGH,098-US-0023  -000,22.293,0,0,0,1,0,0,1,0,0,1,0,0,0
72852272,980100,2.023E+11,20230104,1244,,,BAIRD,,AVE,KY1426,KY1426,0,098 KY-1426,KY1426,N,N,NULL,NULL,NULL,N,NULL,NULL,NULL,NULL,NULL,NULL,5.381,NULL,NULL,NULL,NULL,,NULL,0,0,2,2,N,N,15,NULL,98,9801,NULL,,Y,37.47348,37,28.409,NULL,-82.52716,82,31.63,NULL,N,NULL,NULL,NULL,NULL,NULL,NULL,NULL,NULL,5,3,2,6,1,1,3,2,7,3,N,NULL,Y,N,1244,1247,1248,N,NULL,49,,0,N,,N,N,098-KY-1426-0,NULL,NULL,2023,O,7.28523E+11,098-KY-1426  -000,HIGH,098-KY-1426  -000,5.381,0,0,0,0,0,0,0,0,0,0,0,0,0
72898936,KSP0900,2023-00182747,20230514,950,,,BEEFHIDE,,CRK,,,,,,N,N,NULL,NULL,NULL,N,NULL,NULL,NULL,NULL,NULL,NULL,0.034,NULL,NULL,NULL,NULL,,NULL,0,0,1,1,N,N,55,NULL,98,9809,NULL,,Y,37.2891,37,17.346,NULL,-82.59956,82,35.973,NULL,N,NULL,NULL,NULL,NULL,NULL,NULL,NULL,NULL,9,3,1,6,1,1,2,2,7,3,N,NULL,Y,N,925,957,957,N,NULL,44,,,N,,N,N,,NULL,NULL,2023,O,7.28989E+11,098-CR-1906  -000,HIGH,098-CR-1906  -000,0.03,0,0,0,0,0,0,0,0,1,1,0,1,0
72873738,KSP0900,23-91813,20230309,1522,,,US119,,,US0119,US0119,0,098 US-119,US0119,N,N,NULL,NULL,NULL,N,NULL,NULL,NULL,NULL,NULL,NULL,20.935,NULL,NULL,NULL,NULL,,NULL,0,0,2,2,N,N,35,NULL,98,9836,NULL,,Y,37.62068,37,37.241,NULL,-82.26848,82,16.109,NULL,N,NULL,NULL,NULL,NULL,NULL,NULL,NULL,NULL,2,2,2,6,1,1,2,2,7,3,N,NULL,Y,N,1522,1525,1525,N,NULL,56,2,1,N,,N,N,098-US-0119-0,NULL,NULL,2023,O,7.28737E+11,098-US-0119  -000,HIGH,098-US-0119  -000,20.94,0,0,0,0,0,0,1,0,0,0,0,0,0
72862097,980100,2.023E+11,20230203,1155,,164,MAIN,,ST,,,0,098 CS-1112,CS1112,Y,N,NULL,NULL,NULL,N,NULL,NULL,NULL,NULL,NULL,NULL,0.027,NULL,NULL,NULL,NULL,,NULL,0,0,2,2,N,N,NULL,NULL,98,9801,NULL,,Y,37.47809,37,28.685,NULL,-82.51836,82,31.101,NULL,N,NULL,NULL,NULL,NULL,NULL,NULL,NULL,NULL,2,97,1,6,1,1,2,2,1,3,N,NULL,Y,N,1155,1156,1156,N,NULL,90,,,N,,N,N,098-CS-1112-0,NULL,NULL,2023,O,7.28621E+11,098-CS-1112  -000,HIGH,098-CS-1112  -000,0.027,0,0,0,0,0,0,1,0,0,0,0,0,0
72771886,KSP0900,22-216262,20220609,1449,,,KY3174,,,KY3174,KY3174,0,098 KY-3174-142,KY3174,N,N,NULL,NULL,NULL,N,NULL,NULL,NULL,NULL,NULL,NULL,0.324,NULL,NULL,NULL,NULL,,NULL,0,0,1,1,N,N,55,NULL,98,9841,NULL,,Y,37.37983,37,22.79,NULL,-82.4845,82,29.07,NULL,N,NULL,NULL,NULL,NULL,NULL,NULL,NULL,NULL,9,3,4,6,1,1,2,2,7,3,N,NULL,N,N,1452,1601,1601,N,NULL,38,,0,N,,N,N,098-KY-3174-142,NULL,NULL,2022,O,7.27719E+11,098-KY-3174  -142,HIGH,098-KY-3174  -142,0.324,0,0,0,1,0,0,0,0,0,0,0,0,0
72812484,980100,2.022E+11,20220930,1158,,,ELM,S,ST,,,0,098 CS-1107,CS1107,Y,N,NULL,NULL,NULL,N,NULL,NULL,NULL,NULL,NULL,NULL,0.007,NULL,NULL,NULL,NULL,,NULL,0,0,2,2,Y,N,NULL,NULL,98,9801,NULL,,Y,37.47696,37,28.618,NULL,-82.52168,82,31.3,NULL,N,NULL,NULL,NULL,NULL,NULL,NULL,NULL,NULL,1,97,1,6,1,1,2,2,1,3,N,NULL,Y,N,1158,1209,1209,N,NULL,90,,,N,,N,N,098-CS-1107-0,NULL,NULL,2022,NULL,7.28125E+11,098-CS-1107  -000,HIGH,098-CS-1107  -000,0.007,0,0,0,0,0,0,0,0,0,0,0,0,0
72875634,KSP0900,23-97946,20230314,616,,,US119,,,US0119,US0119,,,,N,N,NULL,NULL,NULL,N,NULL,NULL,NULL,NULL,NULL,NULL,3.464,NULL,NULL,NULL,NULL,,NULL,0,0,1,1,N,N,55,NULL,98,9801,NULL,,Y,37.51326,37,30.796,NULL,-82.47372,82,28.423,NULL,N,NULL,NULL,NULL,NULL,NULL,NULL,NULL,NULL,9,5,2,6,1,2,2,5,7,3,N,NULL,Y,N,616,634,634,N,NULL,40,2,1,N,,N,N,,NULL,NULL,2023,O,7.28756E+11,098-US-0119  -000,MEDIUM,098-US-0119  -000,3.435,0,0,0,0,0,0,0,0,0,0,0,1,0
72865744,KSP0900,2023-50296,20230208,2031,,,US23,,,US0023,US0023,0,098 US-23,US0023,N,N,NULL,NULL,NULL,N,NULL,NULL,NULL,NULL,NULL,NULL,13.444,NULL,NULL,NULL,NULL,,NULL,1,0,2,1,N,N,35,NULL,98,9801,NULL,,Y,37.37849,37,22.709,NULL,-82.54047,82,32.428,NULL,N,NULL,NULL,NULL,NULL,NULL,NULL,NULL,NULL,9,3,4,6,1,1,2,6,7,3,Y,NULL,N,Y,2031,2039,2039,N,NULL,36,,1,N,,N,N,098-US-0023-0,NULL,NULL,2023,B,7.28657E+11,098-US-0023  -000,HIGH,098-US-0023  -000,13.432,0,0,0,1,1,0,1,1,0,0,0,0,0
72819705,980100,2.022E+11,20221019,1815,,680,HAMBLEY,,BLVD,,,0,098 CS-1222,CS1222,Y,N,NULL,NULL,NULL,N,NULL,NULL,NULL,NULL,NULL,NULL,0.778,NULL,NULL,NULL,NULL,,NULL,0,0,2,2,Y,N,NULL,NULL,98,9801,NULL,,Y,37.48215,37,28.929,NULL,-82.519,82,31.14,NULL,N,NULL,NULL,NULL,NULL,NULL,NULL,NULL,NULL,7,97,2,6,1,1,2,2,5,3,N,NULL,Y,N,1815,1823,1823,N,NULL,90,,,N,,N,N,098-CS-1222-0,NULL,NULL,2022,NULL,7.28197E+11,098-CS-1222  -000,HIGH,098-CS-1222  -000,0.778,0,0,0,0,0,0,1,0,0,0,0,0,0
72808574,KSP0900,22-369455,20220923,1635,,,KY1506,,,KY1506,KY1506,0,098 KY-1506,KY1506,N,N,NULL,NULL,NULL,N,NULL,NULL,NULL,NULL,NULL,NULL,0.083,NULL,NULL,NULL,NULL,,NULL,0,0,2,2,N,N,35,NULL,98,9834,NULL,,Y,37.66903,37,40.142,NULL,-82.27658,82,16.595,NULL,N,NULL,NULL,NULL,NULL,NULL,NULL,NULL,NULL,5,3,2,6,1,1,2,2,7,3,N,NULL,Y,N,1637,1642,1642,N,NULL,49,9,0,N,,N,N,098-KY-1506-0,NULL,NULL,2022,O,7.28086E+11,098-KY-1506  -000,HIGH,098-KY-1506  -000,0.083,0,0,0,0,0,0,1,0,0,0,0,0,0
72823984,980000,22-11-001,20221101,1245,,,RT 1506,,,,,0,,,N,N,NULL,NULL,NULL,N,NULL,NULL,NULL,NULL,NULL,NULL,NULL,NULL,NULL,NULL,NULL,NULL,NULL,1,0,2,2,N,N,25,NULL,98,9834,NULL,,Y,37.66848,37,40.109,NULL,-82.27659,82,16.595,NULL,N,NULL,NULL,NULL,NULL,NULL,NULL,NULL,NULL,1,3,2,6,1,1,3,2,1,3,Y,NULL,N,Y,1247,1255,1325,N,NULL,55,,,N,,N,N,,NULL,NULL,2022,B,7.2824E+11,098-KY-1506  -000,MEDIUM,098-KY-1506  -000,0.046,0,0,0,1,0,0,1,0,0,0,0,0,0
72853845,KSP0900,23-16058,20230113,634,,,US23,,,US0023,US0023,0,098 US-23,US0023,N,N,NULL,NULL,NULL,N,NULL,NULL,NULL,NULL,NULL,NULL,8.891,NULL,NULL,NULL,NULL,,NULL,1,0,1,1,N,N,55,NULL,98,9801,NULL,,Y,37.32465,37,19.479,NULL,-82.55885,82,33.531,NULL,N,NULL,NULL,NULL,NULL,NULL,NULL,NULL,NULL,9,5,4,3,1,5,6,6,7,3,Y,NULL,N,Y,634,721,755,N,NULL,40,,1,Y,,N,N,098-US-0023-0,NULL,NULL,2023,C,7.28538E+11,098-US-0023  -000,HIGH,098-US-0023  -000,8.885,0,0,0,0,0,0,0,0,0,0,0,1,0