MasterFile,AgencyORINumber,LocalCode,CollisionDate,CollisionTime,CollisionDayWeekCode,RoadwayName_HouseBusinessNumber_,RoadwayName_RoadwayName_,RoadwayName_Direction_,RoadwayName_RoadwaySuffix_,RoadwayfromReport,CurrentRoadwayNumber,RoadwayNumberCoupletID,RSEUniqueGIS,RoadwayIdentifier,ParkingLotIndicator,IntersectionWith_Indicator_,IntersectionWith_NameRoadway_,IntersectionWith_Direction_,IntersectionWith_RoadwaySuffix_,BetweenStreets_Indicator_,BetweenStreets1_NameRoadway_,BetweenStreet1_Direction_,BetweenStreets1_RoadwaySuffix_,BetweenStreets2_NameRoadway_,BetweenStreets2_Direction_,BetweenStreets2_RoadwaySuffix_,Milepoint,ReportMilepointDeriveNumber,CurrentDerivedMiepointNumber,MilestoMilepoint,FeettoMilepoint,DirectionfromMilepoint_NSEW_,ValidMilepointIndicator,NumberInjured,NumberKilled,ofUnits,ofMotorVehicleUnits,Hit&RunIndicator,OneWayIndicator,SpeedLimitNumber,KilometersIndicator,CountyCode,CityCountyCode,MilesFromCity,DirectionFromCity_NSEW_,InCityLimitsIndicator,Latitude,LatitudeDegrees,LatitudeMinutes,LatitudeSeconds,Longitude,LongitudeDegrees,LongitudeMinutes,LongitudeSeconds,RampIndicator,RampFromIdentifier,RampFromDirCode,RampFromCoupletID,RSEUniqueGISRampFrom,RampToidentifier,RampToDirCode,RampToCoupletID,RSEUniqueGisRampTo,MannerofCollisionCode,LocationFirstEventCode,TotalLanes,RoadwayCharacterCode,RoadwaySurfaceCode,RoadwayConditionCode,WeatherCode,LightConditionCode,LandUseCode,SchoolBusRelatedCode,FirstAidSceneIndicator,CollDescPresentInd,InvestigationCompleteIndicator,PhotosTakenIndicator,TimeNotified,TimeArrived,TimeRoadwayOpened,PropertyDamageIndicator,DiagramPresentIndicator,DirectionalAnalysis,FunctionClassCode,NationalHwySysCode,EnforcementsIndicator,KARSCityCode,SecondaryCollisionIndicator,MedianCrossoverIndicator,RT_UNIQUE,MapIt,TimeLastLeft,YR,KABCO,MFNY,WorkingRID,RT_CONFIDENCE,KTC_RT,KTC_MP,Motorcyclist,CommercialVehicle,YoungDriver,MatureDriver,pedestrian,Bicyclist,Distracted,agressive,Impaired,Unrestrained,Intersection,RoadwayDeparture,MedXover
72850479,980500,2023AR001,20230104,1227,,,US23,,,US0023,US0023,0,098 US-23,US0023,N,N,NULL,NULL,NULL,N,NULL,NULL,NULL,NULL,NULL,NULL,NULL,NULL,NULL,NULL,NULL,NULL,NULL,0,0,2,2,N,N,45,NULL,98,9807,NULL,,Y,37.51501,37,30.901,NULL,-82.55872,82,33.523,NULL,N,NULL,NULL,NULL,NULL,NULL,NULL,NULL,NULL,5,3,6,5,1,5,3,2,7,3,N,NULL,Y,Y,1227,1230,1230,N,NULL,49,,1,N,,N,N,098-US-0023-0,NULL,NULL,2023,O,7.28505E+11,098-US-0023  -000,HIGH,098-US-0023  -000,28.016,0,0,0,0,0,0,0,1,0,0,0,0,0
72835222,980100,2.022E+11,20221109,1614,,,RIVER,,DR,,,0,098 CS-1054,CS1054,Y,N,NULL,NULL,NULL,N,NULL,NULL,NULL,NULL,NULL,NULL,0.158,NULL,NULL,NULL,NULL,,NULL,0,0,2,2,Y,N,15,NULL,98,9801,NULL,,Y,37.47363,37,28.418,NULL,-82.52445,82,31.467,NULL,N,NULL,NULL,NULL,NULL,NULL,NULL,NULL,NULL,8,97,NULL,6,1,1,2,2,1,3,N,NULL,Y,N,1614,1619,,N,NULL,90,,,N,,N,N,098-CS-1054-0,NULL,NULL,2022,NULL,7.28352E+11,098-CS-1054  -000,HIGH,098-CS-1054  -000,0.158,0,0,0,0,0,0,0,0,0,0,0,0,0
72953892,980000,23-10-001,20231001,1130,,,GARDEN SPRINGS,,RD,,,0,098 CR-1810,CR1810,N,N,NULL,NULL,NULL,N,NULL,NULL,NULL,NULL,NULL,NULL,NULL,NULL,NULL,NULL,NULL,NULL,NULL,0,0,2,2,N,N,35,NULL,98,9879,8.1,NE,N,37.5228,37,31.368,NULL,-82.2195,82,13.17,NULL,N,NULL,NULL,NULL,NULL,NULL,NULL,NULL,NULL,7,97,1,4,1,1,2,2,6,3,N,NULL,Y,N,1015,1118,1200,N,NULL,54,,,N,,N,N,098-CR-1810-0,NULL,NULL,2023,O,7.29539E+11,098-CR-1810  -000,HIGH,098-CR-1810  -000,0.103,0,0,0,0,0,0,1,0,0,0,0,1,0
72954196,980100,2.023E+11,20231001,1543,,254,CASSIDY,,BLVD,,,,,,Y,N,NULL,NULL,NULL,N,NULL,NULL,NULL,NULL,NULL,NULL,0.348,NULL,NULL,NULL,NULL,,NULL,0,0,2,2,N,N,15,NULL,98,9801,NULL,,Y,37.50526,37,30.315,NULL,-82.5379,82,32.274,NULL,N,NULL,NULL,NULL,NULL,NULL,NULL,NULL,NULL,2,97,NULL,6,1,1,2,2,1,3,N,NULL,Y,N,1543,1551,,N,NULL,90,,,N,,N,N,,NULL,NULL,2023,O,7.29542E+11,098-CS-1191  -000,MEDIUM,098-CS-1191  -000,0.354,0,0,0,0,0,0,1,1,0,0,0,0,0
72825640,980100,2.022E+11,20221104,1259,,,US460,,,US0460,US0460,0,098 US-460,US0460,Y,N,NULL,NULL,NULL,N,NULL,NULL,NULL,NULL,NULL,NULL,0.19,NULL,NULL,NULL,NULL,,NULL,0,0,2,2,N,N,NULL,NULL,98,9801,NULL,,Y,37.43974,37,26.384,NULL,-82.50906,82,30.543,NULL,N,NULL,NULL,NULL,NULL,NULL,NULL,NULL,NULL,2,97,1,6,1,1,2,2,1,3,N,NULL,Y,N,1259,1312,,N,NULL,90,,1,N,,N,N,098-US-0460-0,NULL,NULL,2022,O,7.28256E+11,098-US-0460  -000,HIGH,098-US-0460  -000,0.19,0,0,0,1,0,0,1,0,0,0,0,0,0
72852271,980100,2.022E+11,20221229,1437,,,US460,,,US0460,US0460,0,098 US-460,US0460,N,N,NULL,NULL,NULL,N,NULL,NULL,NULL,NULL,NULL,NULL,0.862,NULL,NULL,NULL,NULL,,NULL,3,0,2,2,N,N,55,NULL,98,9801,NULL,,Y,37.43225,37,25.935,NULL,-82.50549,82,30.33,NULL,N,NULL,NULL,NULL,NULL,NULL,NULL,NULL,NULL,3,3,2,6,1,1,2,2,7,3,Y,NULL,Y,Y,1438,1446,1517,N,NULL,52,,1,N,,N,N,098-US-0460-0,NULL,NULL,2022,C,7.28523E+11,098-US-0460  -000,HIGH,098-US-0460  -000,0.862,0,0,0,1,0,0,0,0,0,0,0,1,0
72864642,980100,2.023E+11,20230210,1047,,,US23,,,US0023,US0023,0,098 US-23,US0023,N,N,NULL,NULL,NULL,N,NULL,NULL,NULL,NULL,NULL,NULL,21.402,NULL,NULL,NULL,NULL,,NULL,0,0,2,2,N,N,55,NULL,98,9801,NULL,,Y,37.4505,37,27.03,NULL,-82.52405,82,31.443,NULL,N,NULL,NULL,NULL,NULL,NULL,NULL,NULL,NULL,8,3,4,6,1,1,2,2,7,3,N,NULL,Y,N,1047,1047,1047,N,NULL,53,,1,N,,N,N,098-US-0023-0,NULL,NULL,2023,O,7.28646E+11,098-US-0023  -000,HIGH,098-US-0023  -000,21.335,0,0,0,1,0,0,1,0,0,0,0,1,0
72885462,980100,2.023E+11,20230408,1359,,210,CASSIDY,,BLVD,,,0,098 CS-1191,CS1191,Y,N,NULL,NULL,NULL,N,NULL,NULL,NULL,NULL,NULL,NULL,0.223,NULL,NULL,NULL,NULL,,NULL,1,0,2,2,N,N,15,NULL,98,9801,NULL,,Y,37.50434,37,30.261,NULL,-82.53555,82,32.133,NULL,N,NULL,NULL,NULL,NULL,NULL,NULL,NULL,NULL,5,97,NULL,6,1,1,3,2,1,3,N,NULL,Y,Y,1359,1410,1433,N,NULL,90,,,N,,N,N,098-CS-1191-0,NULL,NULL,2023,C,7.28855E+11,098-CS-1191  -000,HIGH,098-CS-1191  -000,0.207,0,0,0,0,0,0,1,0,0,0,0,0,0
72902494,KSP0900,23-181436,20230513,1140,,,US119,,,US0119,US0119,0,098 US-119-10,US0119,N,N,NULL,NULL,NULL,N,NULL,NULL,NULL,NULL,NULL,NULL,25.368,NULL,NULL,NULL,NULL,,NULL,0,0,2,2,N,N,55,NULL,98,9834,NULL,,Y,37.67263,37,40.358,NULL,-82.28107,82,16.864,NULL,N,NULL,NULL,NULL,NULL,NULL,NULL,NULL,NULL,5,3,2,6,1,1,2,2,7,3,N,NULL,Y,N,1142,1219,1142,N,NULL,70,2,1,N,,N,N,098-US-0119-10,NULL,NULL,2023,O,7.29025E+11,098-US-0119  -010,HIGH,098-US-0119  -000,25.369,0,0,0,0,0,0,1,0,0,0,0,0,0
72859680,980100,2.023E+11,20230126,746,,,CHLOE,,RD,KY1460,KY1460,0,098 KY-1460,KY1460,N,N,NULL,NULL,NULL,N,NULL,NULL,NULL,NULL,NULL,NULL,4.294,NULL,NULL,NULL,NULL,,NULL,0,0,2,2,N,N,35,NULL,98,9801,NULL,,Y,37.47663,37,28.598,NULL,-82.50191,82,30.115,NULL,N,NULL,NULL,NULL,NULL,NULL,NULL,NULL,NULL,7,3,2,6,1,5,3,2,7,3,N,NULL,Y,N,746,746,747,N,NULL,54,,0,N,,N,N,098-KY-1460-0,NULL,NULL,2023,O,7.28597E+11,098-KY-1460  -000,HIGH,098-KY-1460  -000,4.257,0,0,0,0,0,0,0,0,0,0,0,1,0
72875757,980500,2023AR006,20230313,1220,,,US 23 NORTH,,,,,,,,N,N,NULL,NULL,NULL,N,NULL,NULL,NULL,NULL,NULL,NULL,NULL,NULL,NULL,NULL,NULL,NULL,NULL,2,0,2,2,N,N,45,NULL,98,9807,NULL,,Y,37.5267,37,31.602,NULL,-82.57353,82,34.412,NULL,N,NULL,NULL,NULL,NULL,NULL,NULL,NULL,NULL,1,3,6,6,1,5,6,2,7,3,Y,NULL,Y,Y,1220,1224,1300,N,NULL,55,,,N,,N,N,,NULL,NULL,2023,C,7.28758E+11,098-US-0023  -000,MEDIUM,098-US-0023  -000,29.198,0,0,0,0,0,0,1,1,0,1,0,1,0
72826923,980100,2.022E+11,20221105,1847,,,CASSIDY,,BLVD,,,0,098 CS-1191,CS1191,Y,N,NULL,NULL,NULL,N,NULL,NULL,NULL,NULL,NULL,NULL,0.052,NULL,NULL,NULL,NULL,,NULL,0,0,2,2,N,N,NULL,NULL,98,9801,NULL,,Y,37.50367,37,30.22,NULL,-82.533,82,31.98,NULL,N,NULL,NULL,NULL,NULL,NULL,NULL,NULL,NULL,2,97,NULL,6,1,1,2,2,1,3,N,NULL,Y,N,1847,1857,,N,NULL,90,,,N,,N,N,098-CS-1191-0,NULL,NULL,2022,O,7.28269E+11,098-CS-1191  -000,HIGH,098-CS-1191  -000,0.052,0,0,0,0,0,0,1,0,0,0,0,0,0
72866524,980100,2.023E+11,20230216,1853,,,BOB AMOS,,DR,,,0,098 CS-1025,CS1025,N,N,NULL,NULL,NULL,N,NULL,NULL,NULL,NULL,NULL,NULL,1.43,NULL,NULL,NULL,NULL,,NULL,0,0,1,1,N,N,15,NULL,98,9801,NULL,,Y,37.47057,37,28.234,NULL,-82.54002,82,32.401,NULL,N,NULL,NULL,NULL,NULL,NULL,NULL,NULL,NULL,9,97,1,6,1,5,6,4,1,3,N,NULL,Y,N,1853,1859,1859,N,NULL,40,,,N,,N,N,098-CS-1025-0,NULL,NULL,2023,O,7.28665E+11,098-CS-1025  -000,HIGH,098-CS-1025  -000,1.439,0,0,0,0,0,0,0,0,0,0,0,1,0
72857520,980100,2.023E+11,20230121,1747,,,US23,,,US0023,US0023,0,098 US-23-10,US0023,N,N,NULL,NULL,NULL,N,NULL,NULL,NULL,NULL,NULL,NULL,26.408,NULL,NULL,NULL,NULL,,NULL,0,0,2,2,N,N,55,NULL,98,9801,NULL,,Y,37.50538,37,30.323,NULL,-82.53275,82,31.965,NULL,N,NULL,NULL,NULL,NULL,NULL,NULL,NULL,NULL,5,3,5,6,1,1,2,2,7,3,N,NULL,Y,N,1747,1804,,N,NULL,49,,1,Y,,N,N,098-US-0023-10,NULL,NULL,2023,O,7.28575E+11,098-US-0023  -010,HIGH,098-US-0023  -000,26.345,0,0,0,0,0,0,0,0,1,0,0,0,0
72887878,980500,2023AR012,20230414,1729,,,VENTERS,,LN,,,0,098 CR-1415,CR1415,N,N,NULL,NULL,NULL,N,NULL,NULL,NULL,NULL,NULL,NULL,NULL,NULL,NULL,NULL,NULL,NULL,NULL,1,0,2,2,N,N,25,NULL,98,9807,NULL,,Y,37.53757,37,32.254,NULL,-82.59831,82,35.899,NULL,N,NULL,NULL,NULL,NULL,NULL,NULL,NULL,NULL,1,3,2,3,3,5,3,2,7,3,Y,NULL,Y,Y,1729,1735,1800,N,NULL,55,,,N,,N,N,098-CR-1415-0,NULL,NULL,2023,C,7.28879E+11,098-CR-1415  -000,MEDIUM,098-CR-1415  -000,0,0,0,0,0,0,0,1,1,0,0,0,0,0
72884229,KSP0900,23-123622,20230401,1556,,,APPALACHIAN,,PLZ,,,0,098 PR-1008,PR1008,Y,N,NULL,NULL,NULL,N,NULL,NULL,NULL,NULL,NULL,NULL,0.064,NULL,NULL,NULL,NULL,,NULL,0,0,1,1,N,N,5,NULL,98,9834,NULL,,Y,37.66631,37,39.978,NULL,-82.27464,82,16.478,NULL,N,NULL,NULL,NULL,NULL,NULL,NULL,NULL,NULL,9,97,0,6,3,1,2,2,4,3,N,NULL,N,N,1556,1623,1556,N,NULL,90,,,N,,N,N,098-PR-1008-0,NULL,NULL,2023,O,7.28842E+11,098-PR-1008  -000,HIGH,098-PR-1008  -000,0.06,0,0,1,0,0,0,0,0,0,0,0,1,0
72839465,KSP0900,22-464853,20221205,1407,,,US460,,,US0460,US0460,0,098 US-460,US0460,N,N,NULL,NULL,NULL,N,NULL,NULL,NULL,NULL,NULL,NULL,6.649,NULL,NULL,NULL,NULL,,NULL,0,0,2,2,N,N,55,NULL,98,9832,NULL,,Y,37.39457,37,23.674,NULL,-82.43314,82,25.989,NULL,N,NULL,NULL,NULL,NULL,NULL,NULL,NULL,NULL,5,3,2,6,1,1,2,2,7,3,N,NULL,Y,N,1409,1416,1445,N,NULL,49,,1,N,,N,N,098-US-0460-0,NULL,NULL,2022,O,7.28395E+11,098-US-0460  -000,HIGH,098-US-0460  -000,6.649,0,0,0,1,0,0,1,0,0,0,0,0,0
72853444,KSP0900,23-10000,20230108,1510,,,SHELBIANA,W,RD,US0460,US0460,0,098 US-460,US0460,N,N,NULL,NULL,NULL,N,NULL,NULL,NULL,NULL,NULL,NULL,1.379,NULL,NULL,NULL,NULL,,NULL,0,0,2,2,N,N,45,NULL,98,9824,NULL,,Y,37.42678,37,25.607,NULL,-82.50014,82,30.009,NULL,N,NULL,NULL,NULL,NULL,NULL,NULL,NULL,NULL,5,3,2,4,1,5,3,2,7,3,N,NULL,Y,N,1510,1520,1520,N,NULL,49,,1,N,,N,N,098-US-0460-0,NULL,NULL,2023,O,7.28534E+11,098-US-0460  -000,HIGH,098-US-0460  -000,1.38,0,0,0,0,0,0,1,0,0,0,0,0,0
72840834,980100,2.022E+11,20221210,1718,,,THOMPSON,,RD,,,0,098 CS-1215,CS1215,Y,N,NULL,NULL,NULL,N,NULL,NULL,NULL,NULL,NULL,NULL,0.75,NULL,NULL,NULL,NULL,,NULL,0,0,2,2,N,N,15,NULL,98,9801,NULL,,Y,37.50404,37,30.242,NULL,-82.53799,82,32.28,NULL,N,NULL,NULL,NULL,NULL,NULL,NULL,NULL,NULL,2,97,NULL,6,1,1,2,5,1,3,N,NULL,Y,N,1718,1723,1723,N,NULL,90,,,N,,N,N,098-CS-1215-0,NULL,NULL,2022,O,7.28408E+11,098-CS-1215  -000,HIGH,098-CS-1215  -000,0.75,0,0,0,0,0,0,1,0,0,0,0,0,0
72900043,KSP0900,23-187383,20230517,1952,,,US119,,,US0119,US0119,0,098 US-119-10,US0119,N,N,NULL,NULL,NULL,N,NULL,NULL,NULL,NULL,NULL,NULL,14.452,NULL,NULL,NULL,NULL,,NULL,0,0,1,1,N,N,55,NULL,98,9833,NULL,,Y,37.61693,37,37.016,NULL,-82.34536,82,20.721,NULL,N,NULL,NULL,NULL,NULL,NULL,NULL,NULL,NULL,9,3,4,6,1,1,2,2,7,3,N,NULL,N,N,1952,2032,2032,N,NULL,38,2,1,N,,N,N,098-US-0119-10,NULL,NULL,2023,O,7.29E+11,098-US-0119  -010,HIGH,098-US-0119  -000,14.453,0,0,0,0,0,0,0,0,0,0,0,0,0
72867065,KSP0900,23-65208,20230219,1854,,,US23,,,US0023,US0023,0,098 US-23,US0023,N,N,NULL,NULL,NULL,N,NULL,NULL,NULL,NULL,NULL,NULL,12.441,NULL,NULL,NULL,NULL,,NULL,0,0,2,2,N,N,55,NULL,98,9823,NULL,,Y,37.36734,37,22.04,NULL,-82.54834,82,32.9,NULL,N,NULL,NULL,NULL,NULL,NULL,NULL,NULL,NULL,5,3,4,3,1,1,2,6,7,3,N,NULL,Y,N,1854,1911,1935,N,NULL,49,,1,N,,N,N,098-US-0023-0,NULL,NULL,2023,O,7.28671E+11,098-US-0023  -000,HIGH,098-US-0023  -000,12.434,0,0,1,0,0,0,1,0,0,0,0,0,0
72848428,980100,2.022E+11,20221223,1854,,,HAROLDS BRANCH,,RD,,,0,098 CS-1223,CS1223,Y,N,NULL,NULL,NULL,N,NULL,NULL,NULL,NULL,NULL,NULL,0.023,NULL,NULL,NULL,NULL,,NULL,0,0,2,2,N,N,10,NULL,98,9801,NULL,,Y,37.4725,37,28.35,NULL,-82.52262,82,31.357,NULL,N,NULL,NULL,NULL,NULL,NULL,NULL,NULL,NULL,8,97,NULL,4,1,1,2,5,5,3,N,NULL,Y,N,1854,1858,1858,N,NULL,90,,,N,,N,N,098-CS-1223-0,NULL,NULL,2022,O,7.28484E+11,098-CS-1223  -000,HIGH,098-CS-1223  -000,0.023,0,0,0,0,0,0,1,0,0,0,0,0,0
72870149,980100,2.023E+11,20230228,1123,,,KY1426,,,KY1426,KY1426,,,,N,N,NULL,NULL,NULL,N,NULL,NULL,NULL,NULL,NULL,NULL,8.28,NULL,NULL,NULL,NULL,,NULL,0,0,2,2,N,N,45,NULL,98,9801,NULL,,Y,37.49535,37,29.721,NULL,-82.49103,82,29.462,NULL,N,NULL,NULL,NULL,NULL,NULL,NULL,NULL,NULL,1,3,2,4,1,1,2,2,7,3,N,NULL,N,N,1123,1131,,N,NULL,55,,0,N,,N,N,,NULL,NULL,2023,O,7.28701E+11,098-KY-1426  -000,HIGH,098-KY-1426  -000,8.3,0,0,0,1,0,0,1,0,0,0,0,0,0
72874697,KSP0900,23-95363,20230312,302,,,KY3174,,,KY3174,KY3174,0,098 KY-3174,KY3174,N,N,NULL,NULL,NULL,N,NULL,NULL,NULL,NULL,NULL,NULL,0.513,NULL,NULL,NULL,NULL,,NULL,0,0,1,1,N,N,55,NULL,98,9824,NULL,,Y,37.39308,37,23.585,NULL,-82.52229,82,31.338,NULL,N,NULL,NULL,NULL,NULL,NULL,NULL,NULL,NULL,9,3,4,6,1,1,2,5,7,3,N,NULL,N,N,302,312,354,N,NULL,40,,0,N,,N,N,098-KY-3174-0,NULL,NULL,2023,O,7.28747E+11,098-KY-3174  -000,HIGH,098-KY-3174  -000,0.502,0,0,0,0,0,0,0,0,0,0,0,1,0
72863908,980100,2.023E+11,20230209,900,,239,CEDAR CREEK,,RD,,,0,098 CS-1036,CS1036,N,N,NULL,NULL,NULL,N,NULL,NULL,NULL,NULL,NULL,NULL,NULL,NULL,NULL,NULL,NULL,NULL,NULL,0,0,1,1,Y,N,35,NULL,98,9801,NULL,,Y,37.47476,37,28.486,NULL,-82.55255,82,33.153,NULL,N,NULL,NULL,NULL,NULL,NULL,NULL,NULL,NULL,9,5,2,6,1,1,2,2,6,3,N,NULL,Y,N,900,905,905,Y,NULL,40,,,N,,N,N,098-CS-1036-0,NULL,NULL,2023,NULL,7.28639E+11,098-CS-1036  -000,HIGH,098-CS-1036  -000,0.092,0,0,0,0,0,0,0,0,0,0,0,1,0
72813469,980100,2.022E+11,20221006,1605,,,KY1426,,,KY1426,KY1426,0,098 KY-1426,KY1426,Y,N,NULL,NULL,NULL,N,NULL,NULL,NULL,NULL,NULL,NULL,6.876,NULL,NULL,NULL,NULL,,NULL,0,0,2,2,N,N,55,NULL,98,9801,NULL,,Y,37.48573,37,29.143,NULL,-82.50974,82,30.584,NULL,N,NULL,NULL,NULL,NULL,NULL,NULL,NULL,NULL,1,97,2,6,1,1,2,2,5,3,N,NULL,Y,N,1605,1609,1609,N,NULL,90,,0,N,,N,N,098-KY-1426-0,NULL,NULL,2022,O,7.28135E+11,098-KY-1426  -000,HIGH,098-KY-1426  -000,6.876,0,0,0,1,0,0,1,0,0,0,0,0,0
72967983,KSP0900,23-439099,20231028,1349,,,SHELBY DRY,,FRK,,,0,098 CR-1257,CR1257,N,N,NULL,NULL,NULL,N,NULL,NULL,NULL,NULL,NULL,NULL,0.552,NULL,NULL,NULL,NULL,,NULL,0,0,1,1,N,N,45,NULL,98,9824,NULL,,Y,37.41598,37,24.959,NULL,-82.48962,82,29.377,NULL,N,NULL,NULL,NULL,NULL,NULL,NULL,NULL,NULL,9,3,1,6,1,1,2,2,7,3,N,NULL,Y,N,1349,1432,1500,N,NULL,40,,,N,,N,N,098-CR-1257-0,NULL,NULL,2023,O,7.2968E+11,098-CR-1257  -000,HIGH,098-CR-1257  -000,0.553,0,0,0,0,0,0,0,0,0,0,0,1,0
72863905,980100,2.023E+11,20230208,1114,,476,MAYO,S,TRL,,,0,098 CS-1022,CS1022,Y,N,NULL,NULL,NULL,N,NULL,NULL,NULL,NULL,NULL,NULL,NULL,NULL,NULL,NULL,NULL,NULL,NULL,0,0,2,2,Y,N,NULL,NULL,98,9801,NULL,,Y,37.46729,37,28.037,NULL,-82.53256,82,31.954,NULL,N,NULL,NULL,NULL,NULL,NULL,NULL,NULL,NULL,1,97,1,6,1,1,2,5,1,3,N,NULL,Y,N,1114,1116,1116,N,NULL,90,,,N,,N,N,098-CS-1022-0,NULL,NULL,2023,NULL,7.28639E+11,098-PS-1005  -000,MEDIUM,098-PS-1005  -000,0.009,0,0,0,0,0,0,0,0,0,0,0,0,0
72902927,980100,2.023E+11,20230519,1609,,,US23,,,US0023,US0023,0,098 US-23,US0023,N,Y,STONE COAL CREEK,,RD,N,NULL,NULL,NULL,NULL,NULL,NULL,27.377,NULL,NULL,NULL,NULL,,NULL,0,0,2,2,N,N,55,NULL,98,9801,NULL,,Y,37.51095,37,30.657,NULL,-82.54877,82,32.926,NULL,N,NULL,NULL,NULL,NULL,NULL,NULL,NULL,NULL,5,3,4,6,1,1,2,2,7,3,N,NULL,Y,N,1609,1615,,N,NULL,35,,1,N,,N,N,098-US-0023-0,NULL,NULL,2023,O,7.29029E+11,098-US-0023  -000,HIGH,098-US-0023  -000,27.375,0,0,0,0,0,0,0,0,0,0,1,0,0
72820492,KSP0900,22-405469,20221021,1219,,,GRAPEVINE,,RD,KY0194,KY0194,0,098 KY-194,KY0194,N,N,NULL,NULL,NULL,N,NULL,NULL,NULL,NULL,NULL,NULL,30.618,NULL,NULL,NULL,NULL,,NULL,0,0,1,1,N,N,55,NULL,98,9849,NULL,,Y,37.44606,37,26.764,NULL,-82.35614,82,21.368,NULL,N,NULL,NULL,NULL,NULL,NULL,NULL,NULL,NULL,9,3,2,6,1,1,2,2,7,3,N,NULL,N,N,1225,1300,1330,N,NULL,44,7,0,N,,N,N,098-KY-0194-0,NULL,NULL,2022,O,7.28205E+11,098-KY-0194  -000,HIGH,098-KY-0194  -000,30.618,0,0,0,0,0,0,0,0,0,0,0,1,0
72807866,980100,2.022E+11,20220911,1725,,,US23,,,US0023,US0023,0,098 US-23-10,US0023,N,N,NULL,NULL,NULL,N,NULL,NULL,NULL,NULL,NULL,NULL,29.636,NULL,NULL,NULL,NULL,,NULL,0,0,2,2,N,N,55,NULL,98,9801,NULL,,Y,37.53198,37,31.919,NULL,-82.57734,82,34.641,NULL,N,NULL,NULL,NULL,NULL,NULL,NULL,NULL,NULL,5,3,4,6,1,5,97,2,6,3,N,NULL,Y,N,1725,1737,1803,N,NULL,49,,1,Y,,N,N,098-US-0023-10,NULL,NULL,2022,O,7.28079E+11,098-US-0023  -010,HIGH,098-US-0023  -000,29.636,0,0,1,0,0,0,1,0,0,0,0,0,0
72820450,KSP0900,22-386129,20221006,1220,,,US52,,,US0052,US0052,0,098 US-52-10,US0052,N,Y,US52 CONNECTOR TO KY292,,,N,NULL,NULL,NULL,NULL,NULL,NULL,0.115,NULL,NULL,NULL,NULL,,NULL,3,0,2,2,N,N,55,NULL,98,9834,NULL,,Y,37.68621,37,41.173,NULL,-82.29697,82,17.818,NULL,N,NULL,NULL,NULL,NULL,NULL,NULL,NULL,NULL,1,3,4,6,1,1,3,2,7,3,Y,NULL,Y,Y,1231,1248,1400,N,NULL,10,,,N,,N,N,098-US-0052-10,NULL,NULL,2022,C,7.28205E+11,098-US-0052  -010,HIGH,098-US-0052  -000,0.115,0,0,0,1,0,0,1,0,0,1,1,0,0
72817967,KSP0900,22-400061,20221017,744,,,HURRICANE,,CRK,,,0,098 CR-1880,CR1880,N,N,NULL,NULL,NULL,N,NULL,NULL,NULL,NULL,NULL,NULL,0.57,NULL,NULL,NULL,NULL,,NULL,0,0,1,1,N,Y,20,NULL,98,9825,NULL,,Y,37.49376,37,29.625,NULL,-82.06812,82,4.087,NULL,N,NULL,NULL,NULL,NULL,NULL,NULL,NULL,NULL,9,3,1,3,1,5,2,1,7,1,N,NULL,Y,N,744,744,744,Y,NULL,70,,,N,,N,N,098-CR-1880-0,NULL,NULL,2022,O,7.2818E+11,098-CR-1880  -000,HIGH,098-CR-1880  -000,0.57,0,0,0,1,0,0,1,0,0,0,0,0,0
72833530,KSP0900,22-450096,20221123,1817,,,WILLIAMSON,,RD,KY0292,KY0292,0,098 KY-292,KY0292,N,N,NULL,NULL,NULL,N,NULL,NULL,NULL,NULL,NULL,NULL,5.06,NULL,NULL,NULL,NULL,,NULL,2,0,2,2,N,N,40,NULL,98,9834,NULL,,Y,37.6727,37,40.362,NULL,-82.28099,82,16.859,NULL,N,NULL,NULL,NULL,NULL,NULL,NULL,NULL,NULL,1,3,2,6,1,1,2,4,7,3,Y,NULL,N,Y,1817,1836,1930,N,NULL,55,7,0,N,,N,N,098-KY-0292-0,NULL,NULL,2022,B,7.28335E+11,098-KY-0292  -000,HIGH,098-KY-0292  -000,5.06,0,0,0,0,0,0,1,1,0,0,0,1,0
72877303,980100,2.023E+11,20230315,1442,,254,CASSIDY,,BLVD,,,0,098 CS-1191,CS1191,Y,N,NULL,NULL,NULL,N,NULL,NULL,NULL,NULL,NULL,NULL,0.048,NULL,NULL,NULL,NULL,,NULL,1,0,1,1,N,N,NULL,NULL,98,9801,NULL,,Y,37.50368,37,30.221,NULL,-82.53294,82,31.977,NULL,N,NULL,NULL,NULL,NULL,NULL,NULL,NULL,NULL,9,97,1,6,1,1,2,2,1,3,Y,NULL,Y,Y,1442,1447,1448,N,NULL,90,,,N,,N,N,098-CS-1191-0,NULL,NULL,2023,C,7.28773E+11,098-CS-1191  -000,HIGH,098-CS-1191  -000,0.045,0,0,0,1,0,0,1,0,0,0,0,1,0
72835881,980100,2.022E+11,20221130,1010,,,HAROLDS BRANCH,,RD,,,0,098 CS-1223,CS1223,Y,N,NULL,NULL,NULL,N,NULL,NULL,NULL,NULL,NULL,NULL,0.037,NULL,NULL,NULL,NULL,,NULL,0,0,2,2,N,N,15,NULL,98,9801,NULL,,Y,37.47246,37,28.348,NULL,-82.52222,82,31.333,NULL,N,NULL,NULL,NULL,NULL,NULL,NULL,NULL,NULL,8,97,1,6,2,1,3,2,1,3,N,NULL,N,N,1010,1015,,N,NULL,90,,,N,,N,N,098-CS-1223-0,NULL,NULL,2022,O,7.28359E+11,098-CS-1223  -000,HIGH,098-CS-1223  -000,0.037,0,0,0,0,0,0,1,0,0,0,0,0,0