MasterFile,AgencyORINumber,LocalCode,CollisionDate,CollisionTime,CollisionDayWeekCode,RoadwayName_HouseBusinessNumber_,RoadwayName_RoadwayName_,RoadwayName_Direction_,RoadwayName_RoadwaySuffix_,RoadwayfromReport,CurrentRoadwayNumber,RoadwayNumberCoupletID,RSEUniqueGIS,RoadwayIdentifier,ParkingLotIndicator,IntersectionWith_Indicator_,IntersectionWith_NameRoadway_,IntersectionWith_Direction_,IntersectionWith_RoadwaySuffix_,BetweenStreets_Indicator_,BetweenStreets1_NameRoadway_,BetweenStreet1_Direction_,BetweenStreets1_RoadwaySuffix_,BetweenStreets2_NameRoadway_,BetweenStreets2_Direction_,BetweenStreets2_RoadwaySuffix_,Milepoint,ReportMilepointDeriveNumber,CurrentDerivedMiepointNumber,MilestoMilepoint,FeettoMilepoint,DirectionfromMilepoint_NSEW_,ValidMilepointIndicator,NumberInjured,NumberKilled,ofUnits,ofMotorVehicleUnits,Hit&RunIndicator,OneWayIndicator,SpeedLimitNumber,KilometersIndicator,CountyCode,CityCountyCode,MilesFromCity,DirectionFromCity_NSEW_,InCityLimitsIndicator,Latitude,LatitudeDegrees,LatitudeMinutes,LatitudeSeconds,Longitude,LongitudeDegrees,LongitudeMinutes,LongitudeSeconds,RampIndicator,RampFromIdentifier,RampFromDirCode,RampFromCoupletID,RSEUniqueGISRampFrom,RampToidentifier,RampToDirCode,RampToCoupletID,RSEUniqueGisRampTo,MannerofCollisionCode,LocationFirstEventCode,TotalLanes,RoadwayCharacterCode,RoadwaySurfaceCode,RoadwayConditionCode,WeatherCode,LightConditionCode,LandUseCode,SchoolBusRelatedCode,FirstAidSceneIndicator,CollDescPresentInd,InvestigationCompleteIndicator,PhotosTakenIndicator,TimeNotified,TimeArrived,TimeRoadwayOpened,PropertyDamageIndicator,DiagramPresentIndicator,DirectionalAnalysis,FunctionClassCode,NationalHwySysCode,EnforcementsIndicator,KARSCityCode,SecondaryCollisionIndicator,MedianCrossoverIndicator,RT_UNIQUE,MapIt,TimeLastLeft,YR,KABCO,MFNY,WorkingRID,RT_CONFIDENCE,KTC_RT,KTC_MP,Motorcyclist,CommercialVehicle,YoungDriver,MatureDriver,pedestrian,Bicyclist,Distracted,agressive,Impaired,Unrestrained,Intersection,RoadwayDeparture,MedXover
72852667,KSP0900,23-11076,20230109,1305,,,SOOKEYS,W,CRK,,,0,098 CR-1282,CR1282,N,N,NULL,NULL,NULL,N,NULL,NULL,NULL,NULL,NULL,NULL,0.405,NULL,NULL,NULL,NULL,,NULL,0,0,2,2,Y,N,35,NULL,98,9801,NULL,,Y,37.39762,37,23.857,NULL,-82.53304,82,31.982,NULL,N,NULL,NULL,NULL,NULL,NULL,NULL,NULL,NULL,7,3,NULL,6,3,1,2,2,6,3,N,NULL,N,N,1305,1311,1311,N,NULL,54,,,N,,N,N,098-CR-1282-0,NULL,NULL,2023,O,7.28527E+11,098-CR-1282  -000,HIGH,098-CR-1282  -000,0.438,0,0,0,1,0,0,0,1,0,0,0,1,0
72874707,KSP0900,23-74177,20230226,50,,,BARRENSHEE,,CRK,,,0,098 CR-1847,CR1847,N,N,NULL,NULL,NULL,N,NULL,NULL,NULL,NULL,NULL,NULL,0.179,NULL,NULL,NULL,NULL,,NULL,0,0,1,1,N,N,35,NULL,98,9804,NULL,,Y,37.55167,37,33.1,NULL,-82.13688,82,8.213,NULL,N,NULL,NULL,NULL,NULL,NULL,NULL,NULL,NULL,9,3,2,6,1,1,2,7,7,3,N,NULL,N,N,51,51,200,N,NULL,40,,,N,,N,N,098-CR-1847-0,NULL,NULL,2023,O,7.28747E+11,098-CR-1847  -000,HIGH,098-CR-1847  -000,0.179,0,0,0,1,0,0,0,0,1,0,0,1,0
72782130,980100,2.022E+11,20220705,1635,,,THOMPSON,,RD,,,0,098 CS-1215,CS1215,Y,N,NULL,NULL,NULL,N,NULL,NULL,NULL,NULL,NULL,NULL,0.526,NULL,NULL,NULL,NULL,,NULL,0,0,2,2,N,N,NULL,NULL,98,9801,NULL,,Y,37.50592,37,30.355,NULL,-82.54322,82,32.593,NULL,N,NULL,NULL,NULL,NULL,NULL,NULL,NULL,NULL,2,97,NULL,6,1,1,3,2,1,3,N,NULL,Y,N,1823,1823,,N,NULL,90,,,N,,N,N,098-CS-1215-0,NULL,NULL,2022,O,7.27821E+11,098-CS-1215  -000,HIGH,098-CS-1215  -000,0.526,0,0,0,0,0,0,1,0,0,0,0,0,0
72843041,980000,22-12-002,20221215,1320,,,WATSON STREET,,,,,,,,N,N,NULL,NULL,NULL,N,NULL,NULL,NULL,NULL,NULL,NULL,NULL,NULL,NULL,NULL,NULL,NULL,NULL,0,0,2,2,N,N,15,NULL,98,9836,4,S,N,37.62274,37,37.364,NULL,-82.26669,82,16.001,NULL,N,NULL,NULL,NULL,NULL,NULL,NULL,NULL,NULL,3,3,2,6,1,5,6,2,1,3,N,NULL,N,N,1323,1325,1338,N,NULL,52,,,N,,N,N,,NULL,NULL,2022,O,7.2843E+11,098-CR-1098B -000,MEDIUM,098-CR-1098B -000,0.042,0,0,0,1,0,0,1,0,0,0,0,1,0
72813715,KSP0900,22-385929,20221006,910,,,KY1426,,,KY1426,KY1426,0,098 KY-1426,KY1426,N,N,NULL,NULL,NULL,N,NULL,NULL,NULL,NULL,NULL,NULL,12.539,NULL,NULL,NULL,NULL,,NULL,0,0,2,2,N,N,55,NULL,98,9828,NULL,,Y,37.54341,37,32.605,NULL,-82.46774,82,28.065,NULL,N,NULL,NULL,NULL,NULL,NULL,NULL,NULL,NULL,5,3,2,3,1,1,2,2,7,3,N,NULL,N,N,907,910,945,N,NULL,49,7,0,N,,N,N,098-KY-1426-0,NULL,NULL,2022,O,7.28137E+11,098-KY-1426  -000,HIGH,098-KY-1426  -000,12.539,0,0,1,1,0,0,0,1,0,0,0,0,0
72862942,KSP0900,23-44782,20230204,1927,,,US460,,,US0460,US0460,0,098 US-460,US0460,N,N,NULL,NULL,NULL,N,NULL,NULL,NULL,NULL,NULL,NULL,8.537,NULL,NULL,NULL,NULL,,NULL,1,0,1,1,N,N,45,NULL,98,9802,NULL,,Y,37.37333,37,22.4,NULL,-82.42747,82,25.648,NULL,N,NULL,NULL,NULL,NULL,NULL,NULL,NULL,NULL,9,3,2,6,1,1,2,6,7,3,Y,NULL,Y,Y,1927,1939,2000,N,NULL,44,,1,N,,N,N,098-US-0460-0,NULL,NULL,2023,B,7.28629E+11,098-US-0460  -000,HIGH,098-US-0460  -000,8.514,0,0,0,0,0,0,1,0,0,0,0,1,0
72883689,KSP0900,23-127472,20230404,658,,311,INDUSTRIAL,,DR,,,,,,Y,N,NULL,NULL,NULL,N,NULL,NULL,NULL,NULL,NULL,NULL,0.278,NULL,NULL,NULL,NULL,,NULL,0,0,2,2,N,N,15,NULL,98,9801,0.3,N,N,37.5344,37,32.064,NULL,-82.58131,82,34.878,NULL,N,NULL,NULL,NULL,NULL,NULL,NULL,NULL,NULL,1,97,2,6,1,1,3,2,1,3,N,NULL,Y,N,658,724,724,N,NULL,90,,,N,,N,N,,NULL,NULL,2023,O,7.28837E+11,098-CR-1426G -000,HIGH,098-CR-1426G -000,0.277,0,0,0,0,0,0,1,0,0,0,0,0,0
72839977,KSP0900,22-469674,20221209,759,,,US23,,,US0023,US0023,0,098 US-23,US0023,N,N,NULL,NULL,NULL,N,NULL,NULL,NULL,NULL,NULL,NULL,13.51,NULL,NULL,NULL,NULL,,NULL,0,0,2,2,N,N,55,NULL,98,9824,NULL,,Y,37.37934,37,22.76,NULL,-82.54056,82,32.434,NULL,N,NULL,NULL,NULL,NULL,NULL,NULL,NULL,NULL,5,3,4,6,1,5,10,2,7,3,N,NULL,Y,N,807,814,814,N,NULL,70,,1,N,,N,N,098-US-0023-0,NULL,NULL,2022,O,7.284E+11,098-US-0023  -000,HIGH,098-US-0023  -000,13.51,0,0,1,0,0,0,1,0,0,0,0,0,0
72854020,980100,2.023E+11,20230113,1542,,,US23,,,US0023,US0023,0,098 US-23,US0023,N,N,NULL,NULL,NULL,N,NULL,NULL,NULL,NULL,NULL,NULL,26.217,NULL,NULL,NULL,NULL,,NULL,0,0,2,2,N,N,55,NULL,98,9801,NULL,,Y,37.50272,37,30.163,NULL,-82.53202,82,31.921,NULL,N,NULL,NULL,NULL,NULL,NULL,NULL,NULL,NULL,5,3,6,6,1,5,9,2,7,3,N,NULL,Y,N,1542,1542,1544,N,NULL,49,,1,Y,,N,N,098-US-0023-0,NULL,NULL,2023,O,7.2854E+11,098-US-0023  -000,HIGH,098-US-0023  -000,26.155,0,0,0,0,0,0,1,0,0,1,0,0,0
72957305,KSP0900,2023-419873,20231010,1516,,,SMITH FORK,,RD,KY3419,KY3419,0,098 KY-3419,KY3419,N,N,NULL,NULL,NULL,N,NULL,NULL,NULL,NULL,NULL,NULL,3.479,NULL,NULL,NULL,NULL,,NULL,0,0,1,1,N,N,55,NULL,98,9804,NULL,,Y,37.47086,37,28.252,NULL,-82.19183,82,11.509,NULL,N,NULL,NULL,NULL,NULL,NULL,NULL,NULL,NULL,9,3,2,4,1,1,2,2,7,3,N,NULL,Y,N,1516,1516,1516,N,NULL,44,9,0,N,,N,N,098-KY-3419-0,NULL,NULL,2023,O,7.29573E+11,098-KY-3419  -000,HIGH,098-KY-3419  -000,3.444,0,0,0,0,0,0,0,0,0,0,0,1,0
72914247,KSP0900,23-237405,20230622,1845,,,US460,,,US0460,US0460,,,,N,N,NULL,NULL,NULL,N,NULL,NULL,NULL,NULL,NULL,NULL,2.77,NULL,NULL,NULL,NULL,,NULL,0,0,2,2,N,N,55,NULL,98,9824,NULL,,Y,37.43073,37,25.843,NULL,-82.47939,82,28.763,NULL,N,NULL,NULL,NULL,NULL,NULL,NULL,NULL,NULL,4,3,2,6,1,5,6,2,7,3,Y,NULL,N,N,1845,1854,2013,N,NULL,70,,1,N,,N,Y,,NULL,NULL,2023,O,7.29142E+11,098-US-0460  -000,HIGH,098-US-0460  -000,2.77,0,0,0,0,0,0,1,0,0,0,0,0,0
72804545,980500,2022AR041,20220813,1050,,3591,MAYO TRAIL,N,,,,,,,Y,N,NULL,NULL,NULL,N,NULL,NULL,NULL,NULL,NULL,NULL,NULL,NULL,NULL,NULL,NULL,NULL,NULL,0,0,1,1,N,N,NULL,NULL,98,9807,NULL,,Y,37.51692,37,31.015,NULL,-82.56403,82,33.842,NULL,N,NULL,NULL,NULL,NULL,NULL,NULL,NULL,NULL,9,97,1,6,1,1,2,2,1,3,N,NULL,Y,Y,1050,1050,1050,Y,NULL,90,,,N,,N,N,,NULL,NULL,2022,O,7.28045E+11,098-CS-3009  -000,MEDIUM,098-CS-3009  -000,0.041,0,1,0,0,0,0,1,0,0,0,0,1,0
72879158,980500,2023AR010,20230323,1530,,3683,MAYO,N,TRL,,,,,,Y,N,NULL,NULL,NULL,N,NULL,NULL,NULL,NULL,NULL,NULL,NULL,NULL,NULL,NULL,NULL,NULL,NULL,0,0,2,2,N,N,15,NULL,98,9807,NULL,,Y,37.51911,37,31.147,NULL,-82.56686,82,34.012,NULL,N,NULL,NULL,NULL,NULL,NULL,NULL,NULL,NULL,1,97,2,6,1,1,2,2,1,3,N,NULL,Y,Y,1530,1545,,N,NULL,90,,,N,,N,N,,NULL,NULL,2023,O,7.28792E+11,098-CS-3010  -000,MEDIUM,098-CS-3010  -000,0.006,0,0,0,1,0,0,1,0,0,0,0,0,0
72839207,KSP0900,22-467621,20221207,1845,,,US119,,,US0119,US0119,0,098 US-119,US0119,N,N,NULL,NULL,NULL,N,NULL,NULL,NULL,NULL,NULL,NULL,12.441,NULL,NULL,NULL,NULL,,NULL,1,0,2,1,N,N,55,NULL,98,9838,NULL,,Y,37.60146,37,36.088,NULL,-82.37116,82,22.27,NULL,N,NULL,NULL,NULL,NULL,NULL,NULL,NULL,NULL,9,3,2,4,1,5,10,6,7,3,Y,NULL,N,N,1838,1841,1841,N,NULL,36,2,1,N,,N,N,098-US-0119-0,NULL,NULL,2022,C,7.28392E+11,098-US-0119  -000,HIGH,098-US-0119  -000,12.441,0,0,0,0,1,0,0,0,0,0,0,0,0
72838195,980100,2.022E+11,20221201,801,,,HAMBLEY,,BLVD,,,0,098 CS-1222,CS1222,N,N,NULL,NULL,NULL,N,NULL,NULL,NULL,NULL,NULL,NULL,0.313,NULL,NULL,NULL,NULL,,NULL,0,0,2,2,N,N,25,NULL,98,9801,NULL,,Y,37.47632,37,28.579,NULL,-82.52251,82,31.351,NULL,N,NULL,NULL,NULL,NULL,NULL,NULL,NULL,NULL,5,3,3,6,1,1,2,2,7,3,N,NULL,Y,N,801,805,834,N,NULL,49,,,N,,N,N,098-CS-1222-0,NULL,NULL,2022,O,7.28382E+11,098-CS-1222  -000,HIGH,098-CS-1222  -000,0.313,0,0,1,0,0,0,0,0,0,0,0,0,0
72849695,KSP0900,23-1728,20230102,1314,,45732,KY194,,,KY0194,KY0194,0,098 KY-194,KY0194,N,N,NULL,NULL,NULL,N,NULL,NULL,NULL,NULL,NULL,NULL,62.69,NULL,NULL,NULL,NULL,,NULL,0,0,1,1,N,N,35,NULL,98,9811,NULL,,Y,37.55419,37,33.251,NULL,-82.11977,82,7.186,NULL,N,NULL,NULL,NULL,NULL,NULL,NULL,NULL,NULL,9,5,2,6,1,5,3,2,7,3,N,NULL,Y,N,1314,1355,1355,N,NULL,44,7,0,N,,N,N,098-KY-0194-0,NULL,NULL,2023,O,7.28497E+11,098-KY-0194  -000,HIGH,098-KY-0194  -000,62.697,0,0,0,0,0,0,0,0,0,0,0,1,0
72783240,980100,2.022E+11,20220714,1409,,244,CASSIDY,,BLVD,,,0,098 CS-1191,CS1191,Y,N,NULL,NULL,NULL,N,NULL,NULL,NULL,NULL,NULL,NULL,0.041,NULL,NULL,NULL,NULL,,NULL,0,0,2,2,N,N,NULL,NULL,98,9801,NULL,,Y,37.50369,37,30.222,NULL,-82.53284,82,31.97,NULL,N,NULL,NULL,NULL,NULL,NULL,NULL,NULL,NULL,2,97,1,6,1,1,2,2,1,3,N,NULL,Y,N,1409,1416,1417,N,NULL,90,,,N,,N,N,098-CS-1191-0,NULL,NULL,2022,O,7.27832E+11,098-CS-1191  -000,HIGH,098-CS-1191  -000,0.041,0,0,1,0,0,0,1,0,0,0,0,0,0
72940736,KSP0900,23-377135,20230831,1625,,,US23,,,US0023,US0023,0,098 US-23-10,US0023,N,N,NULL,NULL,NULL,N,NULL,NULL,NULL,NULL,NULL,NULL,27.646,NULL,NULL,NULL,NULL,,NULL,0,0,2,2,N,N,55,NULL,98,9807,NULL,,Y,37.51205,37,30.723,NULL,-82.55341,82,33.204,NULL,N,NULL,NULL,NULL,NULL,NULL,NULL,NULL,NULL,8,3,4,6,1,1,2,2,7,3,N,NULL,Y,Y,1640,1655,1658,N,NULL,53,,1,N,,N,N,098-US-0023-10,NULL,NULL,2023,O,7.29407E+11,098-US-0023  -010,HIGH,098-US-0023  -000,27.643,0,0,0,1,0,0,0,0,0,0,0,1,0
72871216,KSP0900,23-74518,20230226,1301,,,JOES,,CRK,KY3227,KY3227,0,098 KY-3227,KY3227,N,N,NULL,NULL,NULL,N,NULL,NULL,NULL,NULL,NULL,NULL,8.035,NULL,NULL,NULL,NULL,,NULL,0,0,2,2,N,N,55,NULL,98,9887,NULL,,Y,37.59686,37,35.812,NULL,-82.50507,82,30.304,NULL,N,NULL,NULL,NULL,NULL,NULL,NULL,NULL,NULL,1,3,2,4,1,1,2,2,7,3,N,NULL,N,N,1233,1256,1233,N,NULL,55,8,0,N,,N,N,098-KY-3227-0,NULL,NULL,2023,O,7.28712E+11,098-KY-3227  -000,HIGH,098-KY-3227  -000,8.035,0,0,0,1,0,0,1,0,0,0,0,0,0
72881295,KSP0900,2023-106330,20230320,1219,,,GRAPEVINE,,RD,KY0194,KY0194,0,098 KY-194,KY0194,N,N,NULL,NULL,NULL,N,NULL,NULL,NULL,NULL,NULL,NULL,29.816,NULL,NULL,NULL,NULL,,NULL,2,0,1,1,N,N,55,NULL,98,9817,NULL,,Y,37.45736,37,27.442,NULL,-82.35629,82,21.377,NULL,N,NULL,NULL,NULL,NULL,NULL,NULL,NULL,NULL,9,3,2,5,1,1,2,2,7,3,N,NULL,Y,N,1219,1219,1219,N,NULL,40,7,0,N,,N,N,098-KY-0194-0,NULL,NULL,2023,A,7.28813E+11,098-KY-0194  -000,HIGH,098-KY-0194  -000,29.817,0,0,1,0,0,0,0,0,0,1,0,1,0
72837123,980100,2.022E+11,20221128,810,,,KY1426,,,KY1426,KY1426,0,098 KY-1426,KY1426,N,N,NULL,NULL,NULL,N,NULL,NULL,NULL,NULL,NULL,NULL,8.194,NULL,NULL,NULL,NULL,,NULL,0,0,1,1,N,N,45,NULL,98,9801,NULL,,Y,37.49413,37,29.648,NULL,-82.4912,82,29.472,NULL,N,NULL,NULL,NULL,NULL,NULL,NULL,NULL,NULL,9,4,2,2,1,5,3,2,7,3,N,NULL,Y,N,810,813,845,N,NULL,44,,0,N,,N,N,098-KY-1426-0,NULL,NULL,2022,O,7.28371E+11,098-KY-1426  -000,HIGH,098-KY-1426  -000,8.194,0,0,0,1,0,0,0,0,0,0,0,1,0
72844277,KSP0900,22-475275,20221213,1311,,,US460,,,US0460,US0460,0,098 US-460,US0460,Y,N,NULL,NULL,NULL,N,NULL,NULL,NULL,NULL,NULL,NULL,9.236,NULL,NULL,NULL,NULL,,NULL,0,0,1,1,N,N,35,NULL,98,9822,NULL,,Y,37.36911,37,22.147,NULL,-82.41605,82,24.963,NULL,N,NULL,NULL,NULL,NULL,NULL,NULL,NULL,NULL,9,97,2,6,1,1,2,2,7,3,N,NULL,Y,N,1311,1317,1317,Y,NULL,90,,1,N,,N,N,098-US-0460-0,NULL,NULL,2022,O,7.28443E+11,098-US-0460  -000,HIGH,098-US-0460  -000,9.236,0,0,0,0,0,0,1,0,0,0,0,1,0
72857849,980100,2.023E+11,20230118,1618,,,KY3496,,,KY3496,KY3496,0,098 KY-3496,KY3496,Y,N,NULL,NULL,NULL,N,NULL,NULL,NULL,NULL,NULL,NULL,0.763,NULL,NULL,NULL,NULL,,NULL,0,0,2,2,N,N,5,NULL,98,9801,NULL,,Y,37.47192,37,28.315,NULL,-82.53019,82,31.811,NULL,N,NULL,NULL,NULL,NULL,NULL,NULL,NULL,NULL,2,97,2,6,1,1,2,2,1,3,N,NULL,Y,N,1618,1621,,N,NULL,90,16,0,N,,N,N,098-KY-3496-0,NULL,NULL,2023,O,7.28578E+11,098-KY-3496  -000,HIGH,098-KY-3496  -000,0.763,0,0,1,0,0,0,1,0,0,0,0,0,0
72881361,KSP0900,23-120403,20230330,1120,,,US119,,,US0119,US0119,0,098 US-119,US0119,N,N,NULL,NULL,NULL,N,NULL,NULL,NULL,NULL,NULL,NULL,24.508,NULL,NULL,NULL,NULL,,NULL,2,0,2,2,N,N,55,NULL,98,9834,NULL,,Y,37.66217,37,39.73,NULL,-82.27377,82,16.426,NULL,N,NULL,NULL,NULL,NULL,NULL,NULL,NULL,NULL,5,5,4,3,1,1,2,2,7,3,Y,NULL,N,Y,1120,1133,1133,N,NULL,47,2,1,N,,N,N,098-US-0119-0,NULL,NULL,2023,B,7.28814E+11,098-US-0119  -000,HIGH,098-US-0119  -000,24.505,0,0,0,0,0,0,0,0,0,0,0,0,0
72882012,KSP0900,23-121936,20230331,1407,,,US23,,,US0023,US0023,0,098 US-23,US0023,N,N,NULL,NULL,NULL,N,NULL,NULL,NULL,NULL,NULL,NULL,23.19,NULL,NULL,NULL,NULL,,NULL,0,0,1,1,N,N,55,NULL,98,9801,NULL,,Y,37.46645,37,27.987,NULL,-82.5302,82,31.812,NULL,N,NULL,NULL,NULL,NULL,NULL,NULL,NULL,NULL,9,3,4,3,1,5,6,2,7,3,N,NULL,Y,N,1407,1417,1417,N,NULL,40,,1,N,,N,N,098-US-0023-0,NULL,NULL,2023,O,7.2882E+11,098-US-0023  -000,HIGH,098-US-0023  -000,23.118,0,0,0,0,0,0,0,0,0,0,0,1,0
72885396,KSP0900,23-116560,20230327,1528,,,KY194,,,KY0194,KY0194,0,098 KY-194,KY0194,N,N,NULL,NULL,NULL,N,NULL,NULL,NULL,NULL,NULL,NULL,54.795,NULL,NULL,NULL,NULL,,NULL,0,0,2,2,N,N,35,NULL,98,9804,NULL,,Y,37.51067,37,30.64,NULL,-82.14677,82,8.807,NULL,N,NULL,NULL,NULL,NULL,NULL,NULL,NULL,NULL,3,3,2,3,1,1,2,2,7,3,N,NULL,Y,N,1528,1528,1528,N,NULL,52,8,0,N,,N,N,098-KY-0194-0,NULL,NULL,2023,O,7.28854E+11,098-KY-0194  -000,HIGH,098-KY-0194  -000,54.796,0,0,1,0,0,0,1,0,0,0,0,1,0
72851525,KSP0900,23-20,20230101,10,,,FERRELLS CREEK,,RD,US0460,US0460,0,098 US-460,US0460,N,N,NULL,NULL,NULL,N,NULL,NULL,NULL,NULL,NULL,NULL,19.951,NULL,NULL,NULL,NULL,,NULL,1,0,1,1,N,N,55,NULL,98,9839,NULL,,Y,37.37447,37,22.468,NULL,-82.29518,82,17.711,NULL,N,NULL,NULL,NULL,NULL,NULL,NULL,NULL,NULL,9,3,2,6,1,5,3,6,7,3,N,NULL,Y,Y,10,109,130,N,NULL,40,,1,N,,N,N,098-US-0460-0,NULL,NULL,2023,C,7.28515E+11,098-US-0460  -000,HIGH,098-US-0460  -000,19.932,0,0,0,0,0,0,0,0,0,0,0,1,0
72816853,980200,980200,20221015,1800,,,KY80,,,KY0080,KY0080,0,098 KY-80,KY0080,Y,N,NULL,NULL,NULL,N,NULL,NULL,NULL,NULL,NULL,NULL,3.146,NULL,NULL,NULL,NULL,,NULL,0,0,2,2,N,N,35,NULL,98,9802,NULL,,Y,37.30404,37,18.242,NULL,-82.35143,82,21.085,NULL,N,NULL,NULL,NULL,NULL,NULL,NULL,NULL,NULL,2,97,0,6,1,1,2,2,1,3,N,NULL,Y,Y,1800,1802,,N,NULL,90,7,0,N,,N,N,098-KY-0080-0,NULL,NULL,2022,O,7.28169E+11,098-KY-0080  -000,HIGH,098-KY-0080  -000,3.146,0,0,0,0,0,0,0,0,0,1,0,0,0
72868422,KSP0900,23-69989,20230223,745,,,US119,,,US0119,US0119,0,098 US-119-10,US0119,N,N,NULL,NULL,NULL,N,NULL,NULL,NULL,NULL,NULL,NULL,23.452,NULL,NULL,NULL,NULL,,NULL,0,0,2,2,N,N,45,NULL,98,9834,NULL,,Y,37.64808,37,38.885,NULL,-82.26754,82,16.052,NULL,N,NULL,NULL,NULL,NULL,NULL,NULL,NULL,NULL,8,3,4,6,1,5,6,2,7,3,N,NULL,Y,N,750,815,750,N,NULL,53,2,1,N,,N,N,098-US-0119-10,NULL,NULL,2023,O,7.28684E+11,098-US-0119  -010,HIGH,098-US-0119  -000,23.454,0,0,0,1,0,0,1,0,0,0,0,1,0
72864595,980100,2.023E+11,20230210,1730,,,US23,,,US0023,US0023,0,098 US-23,US0023,N,N,NULL,NULL,NULL,N,NULL,NULL,NULL,NULL,NULL,NULL,26.25,NULL,NULL,NULL,NULL,,NULL,0,0,2,2,N,N,55,NULL,98,9801,NULL,,Y,37.50319,37,30.191,NULL,-82.53208,82,31.925,NULL,N,NULL,NULL,NULL,NULL,NULL,NULL,NULL,NULL,5,3,4,3,1,1,3,2,7,3,N,NULL,Y,N,1730,1733,1733,N,NULL,49,,1,N,,N,N,098-US-0023-0,NULL,NULL,2023,O,7.28646E+11,098-US-0023  -000,HIGH,098-US-0023  -000,26.188,0,0,0,0,0,0,1,0,0,0,0,0,0
72839148,KSP0900,22-467340,20221207,1524,,,DORTON-JENKINS,,HWY,KY0805,KY0805,0,098 KY-805,KY0805,N,N,NULL,NULL,NULL,N,NULL,NULL,NULL,NULL,NULL,NULL,2.827,NULL,NULL,NULL,NULL,,NULL,1,0,1,1,N,N,35,NULL,98,9809,NULL,,Y,37.22988,37,13.793,NULL,-82.56699,82,34.019,NULL,N,NULL,NULL,NULL,NULL,NULL,NULL,NULL,NULL,9,3,2,6,1,5,6,2,7,3,Y,NULL,Y,Y,1524,1544,1620,N,NULL,44,7,0,N,,N,N,098-KY-0805-0,NULL,NULL,2022,A,7.28391E+11,098-KY-0805  -000,HIGH,098-KY-0805  -000,2.827,0,0,0,0,0,0,0,0,0,0,0,1,0
72836901,370200,2022456722,20221129,748,,,BIG HACKNEYS,,CRK,,,0,098 CR-1186,CR1186,N,N,NULL,NULL,NULL,N,NULL,NULL,NULL,NULL,NULL,NULL,0.557,NULL,NULL,NULL,NULL,,NULL,0,0,2,2,N,N,35,NULL,98,9847,NULL,,Y,37.37106,37,22.264,NULL,-82.22303,82,13.382,NULL,N,NULL,NULL,NULL,NULL,NULL,NULL,NULL,NULL,3,3,1,3,1,5,3,2,7,3,N,NULL,Y,N,812,848,930,N,NULL,52,,,Y,,N,N,098-CR-1186-0,NULL,NULL,2022,O,7.28369E+11,098-CR-1186  -000,HIGH,098-CR-1186  -000,0.557,0,1,0,0,0,0,0,0,0,0,0,1,0
72842914,KSP0900,22-478544,20221215,1946,,,FISHTRAP,,RD,KY1441,KY1441,0,098 KY-1441,KY1441,N,N,NULL,NULL,NULL,N,NULL,NULL,NULL,NULL,NULL,NULL,11.557,NULL,NULL,NULL,NULL,,NULL,0,0,1,1,N,N,45,NULL,98,9850,NULL,,Y,37.53421,37,32.053,NULL,-82.46137,82,27.682,NULL,N,NULL,NULL,NULL,NULL,NULL,NULL,NULL,NULL,9,3,2,6,1,5,6,6,7,3,N,NULL,N,N,1946,1954,2100,Y,NULL,44,8,0,N,,N,N,098-KY-1441-0,NULL,NULL,2022,O,7.28429E+11,098-KY-1441  -000,HIGH,098-KY-1441  -000,11.557,0,0,0,0,0,0,0,0,0,0,0,1,0
72961918,KSP0900,23-428409,20231018,1733,,,US119,,,US0119,US0119,0,098 US-119,US0119,N,N,NULL,NULL,NULL,N,NULL,NULL,NULL,NULL,NULL,NULL,22.147,NULL,NULL,NULL,NULL,,NULL,0,0,2,2,N,N,55,NULL,98,9836,NULL,,Y,37.63545,37,38.127,NULL,-82.26093,82,15.656,NULL,N,NULL,NULL,NULL,NULL,NULL,NULL,NULL,NULL,8,3,2,6,1,1,2,2,3,3,N,NULL,Y,N,1733,1835,1733,N,NULL,53,2,1,N,,N,N,098-US-0119-0,NULL,NULL,2023,O,7.29619E+11,098-US-0119  -000,HIGH,098-US-0119  -000,22.157,0,0,0,1,0,0,0,0,0,0,0,1,0
72887485,980100,2.023E+11,20230325,1342,,215,CASSIDY,,BLVD,,,,,,Y,N,NULL,NULL,NULL,N,NULL,NULL,NULL,NULL,NULL,NULL,0.301,NULL,NULL,NULL,NULL,,NULL,0,0,2,2,Y,N,10,NULL,98,9801,NULL,,Y,37.50472,37,30.283,NULL,-82.53678,82,32.207,NULL,N,NULL,NULL,NULL,NULL,NULL,NULL,NULL,NULL,1,97,2,6,1,1,3,2,1,3,N,NULL,N,N,1342,1400,1400,N,NULL,90,,,N,,N,N,,NULL,NULL,2023,NULL,7.28875E+11,098-CS-1191  -000,MEDIUM,098-CS-1191  -000,0.277,0,0,0,0,0,0,0,0,0,0,0,0,0