MasterFile,AgencyORINumber,LocalCode,CollisionDate,CollisionTime,CollisionDayWeekCode,RoadwayName_HouseBusinessNumber_,RoadwayName_RoadwayName_,RoadwayName_Direction_,RoadwayName_RoadwaySuffix_,RoadwayfromReport,CurrentRoadwayNumber,RoadwayNumberCoupletID,RSEUniqueGIS,RoadwayIdentifier,ParkingLotIndicator,IntersectionWith_Indicator_,IntersectionWith_NameRoadway_,IntersectionWith_Direction_,IntersectionWith_RoadwaySuffix_,BetweenStreets_Indicator_,BetweenStreets1_NameRoadway_,BetweenStreet1_Direction_,BetweenStreets1_RoadwaySuffix_,BetweenStreets2_NameRoadway_,BetweenStreets2_Direction_,BetweenStreets2_RoadwaySuffix_,Milepoint,ReportMilepointDeriveNumber,CurrentDerivedMiepointNumber,MilestoMilepoint,FeettoMilepoint,DirectionfromMilepoint_NSEW_,ValidMilepointIndicator,NumberInjured,NumberKilled,ofUnits,ofMotorVehicleUnits,Hit&RunIndicator,OneWayIndicator,SpeedLimitNumber,KilometersIndicator,CountyCode,CityCountyCode,MilesFromCity,DirectionFromCity_NSEW_,InCityLimitsIndicator,Latitude,LatitudeDegrees,LatitudeMinutes,LatitudeSeconds,Longitude,LongitudeDegrees,LongitudeMinutes,LongitudeSeconds,RampIndicator,RampFromIdentifier,RampFromDirCode,RampFromCoupletID,RSEUniqueGISRampFrom,RampToidentifier,RampToDirCode,RampToCoupletID,RSEUniqueGisRampTo,MannerofCollisionCode,LocationFirstEventCode,TotalLanes,RoadwayCharacterCode,RoadwaySurfaceCode,RoadwayConditionCode,WeatherCode,LightConditionCode,LandUseCode,SchoolBusRelatedCode,FirstAidSceneIndicator,CollDescPresentInd,InvestigationCompleteIndicator,PhotosTakenIndicator,TimeNotified,TimeArrived,TimeRoadwayOpened,PropertyDamageIndicator,DiagramPresentIndicator,DirectionalAnalysis,FunctionClassCode,NationalHwySysCode,EnforcementsIndicator,KARSCityCode,SecondaryCollisionIndicator,MedianCrossoverIndicator,RT_UNIQUE,MapIt,TimeLastLeft,YR,KABCO,MFNY,WorkingRID,RT_CONFIDENCE,KTC_RT,KTC_MP,Motorcyclist,CommercialVehicle,YoungDriver,MatureDriver,pedestrian,Bicyclist,Distracted,agressive,Impaired,Unrestrained,Intersection,RoadwayDeparture,MedXover
72860455,KSP0900,23-39563,20230131,1648,,,ELKHORN,,CRK,KY0197,KY0197,0,098 KY-197,KY0197,N,N,NULL,NULL,NULL,N,NULL,NULL,NULL,NULL,NULL,NULL,4.434,NULL,NULL,NULL,NULL,,NULL,0,0,1,1,N,N,55,NULL,98,9864,NULL,,Y,37.23978,37,14.387,NULL,-82.51229,82,30.737,NULL,N,NULL,NULL,NULL,NULL,NULL,NULL,NULL,NULL,9,3,2,6,1,5,5,2,7,3,N,NULL,Y,N,1648,1715,1800,N,NULL,44,7,0,N,,N,N,098-KY-0197-0,NULL,NULL,2023,O,7.28605E+11,098-KY-0197  -000,HIGH,098-KY-0197  -000,4.436,0,0,0,0,0,0,1,0,0,0,0,1,0
72852273,980100,2.023E+11,20221228,1411,,164,MAIN,,ST,,,0,098 CS-1112,CS1112,Y,N,NULL,NULL,NULL,N,NULL,NULL,NULL,NULL,NULL,NULL,0.013,NULL,NULL,NULL,NULL,,NULL,0,0,2,2,Y,N,NULL,NULL,98,9801,NULL,,Y,37.47787,37,28.672,NULL,-82.51843,82,31.106,NULL,N,NULL,NULL,NULL,NULL,NULL,NULL,NULL,NULL,1,97,1,6,1,1,2,2,1,3,N,NULL,Y,N,1154,1154,1154,N,NULL,90,,,N,,N,N,098-CS-1112-0,NULL,NULL,2022,O,7.28523E+11,098-CS-1112  -000,HIGH,098-CS-1112  -000,0.013,0,0,0,0,0,0,1,0,0,0,0,0,0
72849681,KSP0900,23-1540,20230102,1028,,,ISLAND CREEK,,RD,KY1426,KY1426,0,098 KY-1426,KY1426,N,N,NULL,NULL,NULL,N,NULL,NULL,NULL,NULL,NULL,NULL,1.778,NULL,NULL,NULL,NULL,,NULL,0,0,1,1,N,N,35,NULL,98,9801,NULL,,Y,37.46045,37,27.627,NULL,-82.56326,82,33.796,NULL,N,NULL,NULL,NULL,NULL,NULL,NULL,NULL,NULL,9,5,2,3,1,5,2,2,6,3,N,NULL,Y,N,1030,1050,1130,N,NULL,44,8,0,N,,N,N,098-KY-1426-0,NULL,NULL,2023,O,7.28497E+11,098-KY-1426  -000,HIGH,098-KY-1426  -000,1.782,0,0,0,0,0,0,1,0,0,0,0,1,0
72868315,KSP0900,23-67270,20230221,938,,,KY632,,,KY0632,KY0632,0,098 KY-632,KY0632,N,N,NULL,NULL,NULL,N,NULL,NULL,NULL,NULL,NULL,NULL,0.63,NULL,NULL,NULL,NULL,,NULL,0,0,2,2,N,N,55,NULL,98,9817,NULL,,Y,37.49533,37,29.72,NULL,-82.34051,82,20.431,NULL,N,NULL,NULL,NULL,NULL,NULL,NULL,NULL,NULL,5,3,2,4,1,5,2,2,7,3,N,NULL,N,N,938,945,1000,N,NULL,70,6,0,N,,N,N,098-KY-0632-0,NULL,NULL,2023,O,7.28683E+11,098-KY-0632  -000,HIGH,098-KY-0632  -000,0.635,0,0,0,0,0,0,1,0,0,0,0,0,0
72907028,KSP0900,23-211005,20230603,1625,,,KY2062,,,KY2062,KY2062,0,098 KY-2062,KY2062,N,N,NULL,NULL,NULL,N,NULL,NULL,NULL,NULL,NULL,NULL,1.623,NULL,NULL,NULL,NULL,,NULL,0,0,1,1,N,N,55,NULL,98,9825,NULL,,Y,37.51109,37,30.665,NULL,-82.11655,82,6.993,NULL,N,NULL,NULL,NULL,NULL,NULL,NULL,NULL,NULL,9,3,2,1,1,5,6,2,7,3,N,NULL,Y,N,1625,1628,1628,N,NULL,70,8,0,N,,N,N,098-KY-2062-0,NULL,NULL,2023,O,7.2907E+11,098-KY-2062  -000,HIGH,098-KY-2062  -000,1.632,0,1,0,0,0,0,0,0,0,0,0,0,0
72902739,980100,2.023E+11,20230523,858,,235,HAMBLEY,,BLVD,,,0,098 CS-1222,CS1222,Y,N,NULL,NULL,NULL,N,NULL,NULL,NULL,NULL,NULL,NULL,1.635,NULL,NULL,NULL,NULL,,NULL,0,0,2,2,N,N,NULL,NULL,98,9801,NULL,,Y,37.48202,37,28.921,NULL,-82.53264,82,31.958,NULL,N,NULL,NULL,NULL,NULL,NULL,NULL,NULL,NULL,2,97,1,6,1,1,2,2,1,3,N,NULL,Y,N,858,906,906,N,NULL,90,,,N,,N,N,098-CS-1222-0,NULL,NULL,2023,O,7.29027E+11,098-CS-1222  -000,HIGH,098-CS-1222  -000,1.671,0,0,0,0,0,0,0,0,0,0,0,0,0
72867231,980100,2.023E+11,20230220,1202,,911,BYPASS,,RD,,,0,098 CS-1223,CS1223,Y,N,NULL,NULL,NULL,N,NULL,NULL,NULL,NULL,NULL,NULL,NULL,NULL,NULL,NULL,NULL,NULL,NULL,0,0,1,1,N,N,NULL,NULL,98,9801,NULL,,Y,37.47128,37,28.277,NULL,-82.52117,82,31.27,NULL,N,NULL,NULL,NULL,NULL,NULL,NULL,NULL,NULL,9,97,1,6,2,1,3,2,1,3,N,NULL,Y,N,1202,1216,1216,Y,NULL,90,,,N,,N,N,098-CS-1223-0,NULL,NULL,2023,O,7.28672E+11,098-CS-1223  -000,HIGH,098-CS-1223  -000,0.136,0,0,0,0,0,0,1,0,0,0,0,1,0
72829344,KSP0900,22-432741,20221110,1310,,,KY632,,,KY0632,KY0632,0,098 KY-632,KY0632,N,N,NULL,NULL,NULL,N,NULL,NULL,NULL,NULL,NULL,NULL,1.595,NULL,NULL,NULL,NULL,,NULL,0,0,1,1,N,N,55,NULL,98,9817,NULL,,Y,37.49667,37,29.8,NULL,-82.32595,82,19.557,NULL,N,NULL,NULL,NULL,NULL,NULL,NULL,NULL,NULL,9,3,2,6,1,1,2,2,7,3,N,NULL,Y,N,1311,1320,1310,Y,NULL,44,6,0,N,,N,N,098-KY-0632-0,NULL,NULL,2022,O,7.28293E+11,098-KY-0632  -000,HIGH,098-KY-0632  -000,1.595,0,0,1,0,0,0,1,0,0,0,0,1,0
72936106,KSP0900,23-363129,20230818,1800,,,KY122,,,KY0122,KY0122,0,098 KY-122,KY0122,Y,N,NULL,NULL,NULL,N,NULL,NULL,NULL,NULL,NULL,NULL,9.986,NULL,NULL,NULL,NULL,,NULL,0,0,2,2,N,N,5,NULL,98,9823,NULL,,Y,37.38716,37,23.229,NULL,-82.55025,82,33.015,NULL,N,NULL,NULL,NULL,NULL,NULL,NULL,NULL,NULL,7,97,2,6,1,1,2,2,1,3,N,NULL,N,N,1800,1820,1820,N,NULL,90,,0,N,,N,N,098-KY-0122-0,NULL,NULL,2023,O,7.29361E+11,098-KY-0122  -000,HIGH,098-KY-0122  -000,9.975,0,0,0,1,0,0,0,0,0,0,0,0,0
72909259,KSP0900,23-219639,20230609,1802,,,KY122,,,KY0122,KY0122,0,098 KY-122,KY0122,N,N,NULL,NULL,NULL,N,NULL,NULL,NULL,NULL,NULL,NULL,7.18,NULL,NULL,NULL,NULL,,NULL,0,0,2,2,Y,N,55,NULL,98,9827,NULL,,Y,37.37354,37,22.412,NULL,-82.58495,82,35.097,NULL,N,NULL,NULL,NULL,NULL,NULL,NULL,NULL,NULL,7,3,2,3,1,1,2,2,7,3,N,NULL,N,N,1802,1835,1835,N,NULL,54,,0,N,,N,N,098-KY-0122-0,NULL,NULL,2023,O,7.29093E+11,098-KY-0122  -000,HIGH,098-KY-0122  -000,7.196,0,0,0,1,0,0,0,0,0,0,0,1,0
72937024,370200,2023-366883,20230822,626,,,LEFT FORK ISLAND,,CRK,,,0,098 CR-1233Q3,CR1233Q3,N,N,NULL,NULL,NULL,N,NULL,NULL,NULL,NULL,NULL,NULL,2.148,NULL,NULL,NULL,NULL,,NULL,0,0,1,1,N,Y,35,NULL,98,9801,3,E,N,37.42947,37,25.768,NULL,-82.58962,82,35.377,NULL,N,NULL,NULL,NULL,NULL,NULL,NULL,NULL,NULL,9,5,1,3,1,1,2,6,7,3,N,NULL,Y,N,629,650,830,N,NULL,44,,,N,,N,N,098-CR-1233Q3-0,NULL,NULL,2023,O,7.2937E+11,098-CR-1233Q3-000,HIGH,098-CR-1233Q3-000,2.149,0,1,0,1,0,0,0,0,0,0,0,1,0
72936006,KSP0900,23-363855,20230819,1130,,,GOODY,,LOOP,,,0,098 PR-1024,PR1024,Y,N,NULL,NULL,NULL,N,NULL,NULL,NULL,NULL,NULL,NULL,0.003,NULL,NULL,NULL,NULL,,NULL,1,0,2,2,N,N,NULL,NULL,98,9834,NULL,,Y,37.65989,37,39.593,NULL,-82.27323,82,16.394,NULL,N,NULL,NULL,NULL,NULL,NULL,NULL,NULL,NULL,2,97,1,6,1,1,2,2,7,3,N,NULL,N,N,1130,1130,1130,N,NULL,90,,,N,,N,N,098-PR-1024-0,NULL,NULL,2023,C,7.2936E+11,098-PR-1024  -000,HIGH,098-PR-1024  -000,0,0,0,1,0,0,0,0,0,0,0,0,0,0
72918257,980500,2023AR032,20230630,1524,,,US 23 NORTH,,,,,,,,N,N,NULL,NULL,NULL,N,NULL,NULL,NULL,NULL,NULL,NULL,NULL,NULL,NULL,NULL,NULL,NULL,NULL,0,0,2,2,N,N,45,NULL,98,9807,NULL,,Y,37.52244,37,31.346,NULL,-82.57073,82,34.244,NULL,N,NULL,NULL,NULL,NULL,NULL,NULL,NULL,NULL,5,3,6,6,1,1,2,2,7,3,N,NULL,Y,Y,1524,1530,1600,N,NULL,49,,,N,,N,N,,NULL,NULL,2023,O,7.29183E+11,098-CS-3026  -030,MEDIUM,098-CS-3026  -030,0.004,0,0,0,0,0,0,1,1,0,0,0,0,0
72921894,980100,2.023E+11,20230707,1948,,,BAIRD,,AVE,KY1426,KY1426,0,098 KY-1426,KY1426,N,N,NULL,NULL,NULL,N,NULL,NULL,NULL,NULL,NULL,NULL,5.388,NULL,NULL,NULL,NULL,,NULL,0,0,2,2,N,N,55,NULL,98,9801,NULL,,Y,37.47308,37,28.384,NULL,-82.52694,82,31.616,NULL,N,NULL,NULL,NULL,NULL,NULL,NULL,NULL,NULL,1,3,2,6,1,1,3,2,1,3,N,NULL,Y,N,1948,1956,,N,NULL,55,,0,N,,N,N,098-KY-1426-0,NULL,NULL,2023,O,7.29219E+11,098-KY-1426  -000,HIGH,098-KY-1426  -000,5.41,0,0,1,0,0,0,0,1,0,0,0,0,0
72861320,980100,2.023E+11,20230201,2048,,,CASSIDY,,BLVD,,,0,098 CS-1191,CS1191,Y,N,NULL,NULL,NULL,N,NULL,NULL,NULL,NULL,NULL,NULL,0.338,NULL,NULL,NULL,NULL,,NULL,1,0,2,1,N,N,15,NULL,98,9801,NULL,,Y,37.50513,37,30.308,NULL,-82.53758,82,32.255,NULL,N,NULL,NULL,NULL,NULL,NULL,NULL,NULL,NULL,9,97,2,6,1,5,3,5,1,3,Y,NULL,Y,Y,2048,2051,2158,N,NULL,90,,,N,,N,N,098-CS-1191-0,NULL,NULL,2023,B,7.28613E+11,098-CS-1191  -000,HIGH,098-CS-1191  -000,0.339,0,0,1,0,1,0,1,1,0,0,0,0,0
72956531,KSP0900,23-405844,20230926,2151,,,US119,,,US0119,US0119,0,098 US-119-10,US0119,N,N,NULL,NULL,NULL,N,NULL,NULL,NULL,NULL,NULL,NULL,1.98,NULL,NULL,NULL,NULL,,NULL,2,0,2,2,N,N,55,NULL,98,9801,NULL,,Y,37.51247,37,30.749,NULL,-82.49973,82,29.984,NULL,N,NULL,NULL,NULL,NULL,NULL,NULL,NULL,NULL,8,1,2,6,1,1,2,6,7,3,Y,NULL,Y,Y,2154,2201,,N,NULL,53,2,1,N,,N,N,098-US-0119-10,NULL,NULL,2023,B,7.29565E+11,098-US-0119  -010,HIGH,098-US-0119  -000,1.98,0,0,1,0,0,0,1,0,0,0,0,1,0
72904068,KSP0900,23-201605,20230527,1852,,,DORTON,,CRK,,,0,098 CR-1930,CR1930,N,N,NULL,NULL,NULL,N,NULL,NULL,NULL,NULL,NULL,NULL,0.333,NULL,NULL,NULL,NULL,,NULL,1,0,1,1,N,N,35,NULL,98,9809,5,N,N,37.2816,37,16.896,NULL,-82.55989,82,33.594,NULL,N,NULL,NULL,NULL,NULL,NULL,NULL,NULL,NULL,9,3,1,6,1,1,3,2,7,3,Y,NULL,Y,Y,1852,1915,1940,N,NULL,70,,,N,,N,N,098-CR-1930-0,NULL,NULL,2023,B,7.29041E+11,098-CR-1930  -000,HIGH,098-CR-1930  -000,0.333,1,0,0,0,0,0,0,0,0,0,0,0,0
72871406,980100,2.023E+11,20230303,2015,,,CASSIDY,,BLVD,,,,,,N,N,NULL,NULL,NULL,N,NULL,NULL,NULL,NULL,NULL,NULL,0.219,NULL,NULL,NULL,NULL,,NULL,0,0,2,2,N,N,35,NULL,98,9801,NULL,,Y,37.50418,37,30.251,NULL,-82.5355,82,32.13,NULL,N,NULL,NULL,NULL,NULL,NULL,NULL,NULL,NULL,1,3,4,6,1,1,7,5,1,3,N,NULL,Y,N,2015,2016,,N,NULL,46,,,N,,N,N,,NULL,NULL,2023,O,7.28714E+11,098-CS-1191  -000,MEDIUM,098-CS-1191  -000,0.198,0,0,0,1,0,0,1,1,0,0,0,0,0
72843047,980100,2.022E+11,20221213,1536,,,BANK,,ST,,,0,098 CS-1106,CS1106,Y,N,NULL,NULL,NULL,N,NULL,NULL,NULL,NULL,NULL,NULL,0.042,NULL,NULL,NULL,NULL,,NULL,0,0,2,2,N,N,NULL,NULL,98,9801,NULL,,Y,37.47562,37,28.537,NULL,-82.52105,82,31.263,NULL,N,NULL,NULL,NULL,NULL,NULL,NULL,NULL,NULL,1,97,1,6,1,1,2,2,1,3,N,NULL,Y,N,1536,1542,,N,NULL,90,,,N,,N,N,098-CS-1106-0,NULL,NULL,2022,O,7.2843E+11,098-CS-1106  -000,HIGH,098-CS-1106  -000,0.042,0,0,1,0,0,0,0,0,0,0,0,0,0
72833584,KSP0900,22-450615,20221124,600,,,KY292,,,KY0292,KY0292,0,098 KY-292,KY0292,N,N,NULL,NULL,NULL,N,NULL,NULL,NULL,NULL,NULL,NULL,1.908,NULL,NULL,NULL,NULL,,NULL,1,0,1,1,N,N,45,NULL,98,9869,NULL,,Y,37.65017,37,39.01,NULL,-82.22611,82,13.567,NULL,N,NULL,NULL,NULL,NULL,NULL,NULL,NULL,NULL,9,3,2,6,1,2,2,6,7,3,Y,NULL,Y,Y,600,630,645,N,NULL,44,8,0,N,,N,N,098-KY-0292-0,NULL,NULL,2022,B,7.28336E+11,098-KY-0292  -000,HIGH,098-KY-0292  -000,1.908,0,0,1,0,0,0,0,0,0,0,0,1,0
72815185,KSP0900,22-391880,20221010,1659,,,ABNER MOUNTAIN,,RD,KY0122,KY0122,0,098 KY-122,KY0122,N,N,NULL,NULL,NULL,N,NULL,NULL,NULL,NULL,NULL,NULL,0.332,NULL,NULL,NULL,NULL,,NULL,0,0,2,2,N,N,35,NULL,98,9827,NULL,,Y,37.35101,37,21.06,NULL,-82.65115,82,39.069,NULL,N,NULL,NULL,NULL,NULL,NULL,NULL,NULL,NULL,1,3,2,6,1,1,2,2,6,3,N,NULL,N,N,1659,1739,1800,N,NULL,55,,0,N,,N,N,098-KY-0122-0,NULL,NULL,2022,O,7.28152E+11,098-KY-0122  -000,HIGH,098-KY-0122  -000,0.332,0,0,0,0,0,0,1,0,0,0,0,0,0
72880983,KSP0900,23-118746,20230329,739,,,US119,,,US0119,US0119,0,098 US-119,US0119,N,N,NULL,NULL,NULL,N,NULL,NULL,NULL,NULL,NULL,NULL,11.74,NULL,NULL,NULL,NULL,,NULL,0,0,2,2,N,N,55,NULL,98,9833,NULL,,Y,37.59341,37,35.605,NULL,-82.37825,82,22.695,NULL,N,NULL,NULL,NULL,NULL,NULL,NULL,NULL,NULL,5,3,2,4,1,1,2,2,7,3,N,NULL,Y,N,742,815,739,N,NULL,49,2,1,N,,N,N,098-US-0119-0,NULL,NULL,2023,O,7.2881E+11,098-US-0119  -000,HIGH,098-US-0119  -000,11.704,0,0,0,0,0,0,1,0,0,0,0,0,0
72797040,980100,2.022E+11,20220822,706,,972,BYPASS,S,RD,KY1426,KY1426,0,098 KY-1426,KY1426,Y,N,NULL,NULL,NULL,N,NULL,NULL,NULL,NULL,NULL,NULL,5.537,NULL,NULL,NULL,NULL,,NULL,0,0,2,2,N,N,NULL,NULL,98,9801,NULL,,Y,37.47236,37,28.342,NULL,-82.5256,82,31.536,NULL,N,NULL,NULL,NULL,NULL,NULL,NULL,NULL,NULL,2,97,2,6,1,1,3,1,5,3,N,NULL,Y,N,707,710,710,N,NULL,90,,0,N,,N,N,098-KY-1426-0,NULL,NULL,2022,O,7.2797E+11,098-KY-1426  -000,HIGH,098-KY-1426  -000,5.537,0,0,0,0,0,0,1,0,0,0,0,0,0
72847708,980100,2.022E+11,20221227,1028,,,KY1426,,,KY1426,KY1426,0,098 KY-1426,KY1426,N,N,NULL,NULL,NULL,N,NULL,NULL,NULL,NULL,NULL,NULL,6.917,NULL,NULL,NULL,NULL,,NULL,0,0,2,2,N,N,55,NULL,98,9801,NULL,,Y,37.48624,37,29.174,NULL,-82.50922,82,30.553,NULL,N,NULL,NULL,NULL,NULL,NULL,NULL,NULL,NULL,1,3,2,6,1,1,2,2,7,3,N,NULL,Y,N,1028,1039,1111,N,NULL,55,,0,N,,N,N,098-KY-1426-0,NULL,NULL,2022,O,7.28477E+11,098-KY-1426  -000,HIGH,098-KY-1426  -000,6.917,0,0,0,1,0,0,1,1,0,0,0,0,0
72888584,KSP0900,23-128780,20230405,356,,,KY194,E,,KY0194,KY0194,0,098 KY-194,KY0194,N,N,NULL,NULL,NULL,N,NULL,NULL,NULL,NULL,NULL,NULL,22.843,NULL,NULL,NULL,NULL,,NULL,0,0,1,1,N,N,55,NULL,98,9817,NULL,,Y,37.53955,37,32.373,NULL,-82.37268,82,22.361,NULL,N,NULL,NULL,NULL,NULL,NULL,NULL,NULL,NULL,9,3,2,6,1,1,2,7,7,3,N,NULL,N,N,356,430,430,N,NULL,38,6,0,N,,N,N,098-KY-0194-0,NULL,NULL,2023,O,7.28886E+11,098-KY-0194  -000,HIGH,098-KY-0194  -000,22.668,0,0,0,0,0,0,0,0,0,0,0,0,0
72964015,KSP0900,23-436341,20231025,2126,,,US23,,,US0023,US0023,0,098 US-23-10,US0023,N,N,NULL,NULL,NULL,N,NULL,NULL,NULL,NULL,NULL,NULL,0.089,NULL,NULL,NULL,NULL,,NULL,0,0,1,1,N,Y,55,NULL,98,9809,NULL,,Y,37.24169,37,14.501,NULL,-82.62114,82,37.268,NULL,N,NULL,NULL,NULL,NULL,NULL,NULL,NULL,NULL,9,3,4,6,1,1,2,6,7,3,N,NULL,Y,Y,2126,2236,2126,N,NULL,38,,1,N,,N,N,098-US-0023-10,NULL,NULL,2023,O,7.2964E+11,098-US-0023  -010,HIGH,098-US-0023  -000,0.086,0,0,0,0,0,0,0,0,0,0,0,0,0
72818099,980100,2.022E+11,20221015,1613,,,THOMPSON,,RD,,,0,098 CS-1215,CS1215,Y,N,NULL,NULL,NULL,N,NULL,NULL,NULL,NULL,NULL,NULL,0.536,NULL,NULL,NULL,NULL,,NULL,0,0,2,2,N,N,15,NULL,98,9801,NULL,,Y,37.50587,37,30.352,NULL,-82.54305,82,32.583,NULL,N,NULL,NULL,NULL,NULL,NULL,NULL,NULL,NULL,2,97,NULL,6,1,1,2,2,1,3,N,NULL,Y,N,1613,1620,1638,N,NULL,90,,,Y,,N,N,098-CS-1215-0,NULL,NULL,2022,O,7.28181E+11,098-CS-1215  -000,HIGH,098-CS-1215  -000,0.536,0,0,0,1,0,0,1,0,0,0,0,0,0
72833153,980100,2.022E+11,20221111,1137,,,KY1426,,,KY1426,KY1426,0,098 KY-1426,KY1426,N,N,NULL,NULL,NULL,N,NULL,NULL,NULL,NULL,NULL,NULL,8.099,NULL,NULL,NULL,NULL,,NULL,1,0,1,1,N,N,55,NULL,98,9801,NULL,,Y,37.49245,37,29.547,NULL,-82.49087,82,29.452,NULL,N,NULL,NULL,NULL,NULL,NULL,NULL,NULL,NULL,9,3,2,1,1,5,6,2,7,3,Y,NULL,Y,Y,1137,1140,1243,N,NULL,70,,0,N,,N,N,098-KY-1426-0,NULL,NULL,2022,B,7.28332E+11,098-KY-1426  -000,HIGH,098-KY-1426  -000,8.099,0,0,0,1,0,0,0,0,0,0,0,1,0
72844463,KSP0900,22-484049,20221220,42,,,FORDS BRANCH,S,ST,,,0,098 CR-1267Z,CR1267Z,N,N,NULL,NULL,NULL,N,NULL,NULL,NULL,NULL,NULL,NULL,0.016,NULL,NULL,NULL,NULL,,NULL,0,0,2,2,N,N,25,NULL,98,9801,4,S,N,37.43373,37,26.024,NULL,-82.5099,82,30.594,NULL,N,NULL,NULL,NULL,NULL,NULL,NULL,NULL,NULL,8,97,1,6,3,1,2,5,7,3,N,NULL,Y,N,29,43,43,N,NULL,47,,,N,,N,N,098-CR-1267Z-0,NULL,NULL,2022,O,7.28445E+11,098-CR-1267Z -000,HIGH,098-CR-1267Z -000,0.016,0,0,0,0,0,0,0,0,1,0,0,0,0
72841938,980100,2.022E+11,20221206,1418,,,BAIRD,,AVE,KY1426,KY1426,0,098 KY-1426,KY1426,N,N,NULL,NULL,NULL,N,NULL,NULL,NULL,NULL,NULL,NULL,5.391,NULL,NULL,NULL,NULL,,NULL,0,0,2,2,N,N,35,NULL,98,9801,NULL,,Y,37.47334,37,28.4,NULL,-82.52711,82,31.627,NULL,N,NULL,NULL,NULL,NULL,NULL,NULL,NULL,NULL,1,3,2,6,1,5,6,2,1,3,N,NULL,Y,N,1418,1419,,N,NULL,55,,0,N,,N,N,098-KY-1426-0,NULL,NULL,2022,O,7.28419E+11,098-KY-1426  -000,HIGH,098-KY-1426  -000,5.391,0,0,1,0,0,0,1,0,0,0,0,0,0
72853392,980100,2.023E+11,20230111,1546,,,HAMBLEY,,BLVD,,,0,098 CS-1222,CS1222,N,N,NULL,NULL,NULL,N,NULL,NULL,NULL,NULL,NULL,NULL,0.434,NULL,NULL,NULL,NULL,,NULL,0,0,2,2,N,N,25,NULL,98,9801,NULL,,Y,37.47766,37,28.66,NULL,-82.52111,82,31.267,NULL,N,NULL,NULL,NULL,NULL,NULL,NULL,NULL,NULL,8,3,2,6,1,1,2,2,8,3,N,NULL,Y,N,1546,1549,1634,N,NULL,53,,,N,,N,N,098-CS-1222-0,NULL,NULL,2023,O,7.28534E+11,098-CS-1222  -000,HIGH,098-CS-1222  -000,0.434,0,0,1,1,0,0,1,0,0,0,0,1,0
72853400,980100,2.023E+11,20230108,1211,,,US23,,,US0023,US0023,0,098 US-23,US0023,N,N,NULL,NULL,NULL,N,NULL,NULL,NULL,NULL,NULL,NULL,25.462,NULL,NULL,NULL,NULL,,NULL,0,0,2,2,N,N,55,NULL,98,9801,NULL,,Y,37.49273,37,29.564,NULL,-82.53409,82,32.045,NULL,N,NULL,NULL,NULL,NULL,NULL,NULL,NULL,NULL,5,3,4,6,1,5,3,2,7,3,N,NULL,Y,N,1211,1216,1216,N,NULL,49,,1,N,,N,N,098-US-0023-0,NULL,NULL,2023,O,7.28534E+11,098-US-0023  -000,HIGH,098-US-0023  -000,25.4,0,0,0,1,0,0,1,1,0,0,0,0,0
72763868,KSP0900,22-186960,20220520,1330,,,GOODY,,LOOP,,,0,098 PR-1024,PR1024,Y,N,NULL,NULL,NULL,N,NULL,NULL,NULL,NULL,NULL,NULL,0.015,NULL,NULL,NULL,NULL,,NULL,0,0,2,2,N,N,NULL,NULL,98,9834,NULL,,Y,37.6601,37,39.606,NULL,-82.27286,82,16.372,NULL,N,NULL,NULL,NULL,NULL,NULL,NULL,NULL,NULL,2,97,0,6,1,1,2,2,1,3,N,NULL,Y,N,1330,1337,1337,N,NULL,90,,,N,,N,N,098-PR-1024-0,NULL,NULL,2022,O,7.27639E+11,098-PR-1024  -000,HIGH,098-PR-1024  -000,0.015,0,0,0,0,0,0,1,0,0,0,0,0,0
72907511,KSP0900,23-214536,20230605,2206,,,KY194,,,KY0194,KY0194,0,098 KY-194,KY0194,N,N,NULL,NULL,NULL,N,NULL,NULL,NULL,NULL,NULL,NULL,37.965,NULL,NULL,NULL,NULL,,NULL,2,0,1,1,N,N,35,NULL,98,9849,NULL,,Y,37.44729,37,26.837,NULL,-82.26834,82,16.1,NULL,N,NULL,NULL,NULL,NULL,NULL,NULL,NULL,NULL,9,3,2,2,1,1,2,6,7,3,Y,NULL,N,Y,2210,2227,2300,N,NULL,40,7,0,N,,N,N,098-KY-0194-0,NULL,NULL,2023,B,7.29075E+11,098-KY-0194  -000,HIGH,098-KY-0194  -000,37.879,0,0,0,0,0,0,0,0,0,0,0,1,0
72950870,980500,2023AR045,20230916,1937,,,UNNAMED,,,,,,,,N,N,NULL,NULL,NULL,N,NULL,NULL,NULL,NULL,NULL,NULL,NULL,NULL,NULL,NULL,NULL,NULL,NULL,1,0,1,1,N,N,15,NULL,98,9807,NULL,,Y,37.5393,37,32.358,NULL,-82.58056,82,34.834,NULL,N,NULL,NULL,NULL,NULL,NULL,NULL,NULL,NULL,9,97,1,5,97,1,2,8,5,3,Y,NULL,Y,Y,1925,2000,,Y,NULL,44,,,N,,N,N,,NULL,NULL,2023,C,7.29509E+11,098-CS-3062  -000,MEDIUM,098-CS-3062  -000,0.095,0,0,0,0,0,0,0,0,1,0,0,1,0
72870936,KSP0900,23-77706,20230228,1508,,,TIGER,,WAY,,,,,,N,N,NULL,NULL,NULL,N,NULL,NULL,NULL,NULL,NULL,NULL,NULL,NULL,NULL,NULL,NULL,,NULL,0,0,2,2,N,N,15,NULL,98,9801,0.3,N,N,37.51573,37,30.944,NULL,-82.50189,82,30.113,NULL,N,NULL,NULL,NULL,NULL,NULL,NULL,NULL,NULL,5,3,2,6,1,1,2,2,8,3,N,NULL,Y,N,1508,1531,1531,N,NULL,70,,,N,,N,N,,NULL,NULL,2023,O,7.28709E+11,NULL,LOW,NULL,NULL,0,0,0,0,0,0,1,0,0,0,0,0,0