MasterFile,AgencyORINumber,LocalCode,CollisionDate,CollisionTime,CollisionDayWeekCode,RoadwayName_HouseBusinessNumber_,RoadwayName_RoadwayName_,RoadwayName_Direction_,RoadwayName_RoadwaySuffix_,RoadwayfromReport,CurrentRoadwayNumber,RoadwayNumberCoupletID,RSEUniqueGIS,RoadwayIdentifier,ParkingLotIndicator,IntersectionWith_Indicator_,IntersectionWith_NameRoadway_,IntersectionWith_Direction_,IntersectionWith_RoadwaySuffix_,BetweenStreets_Indicator_,BetweenStreets1_NameRoadway_,BetweenStreet1_Direction_,BetweenStreets1_RoadwaySuffix_,BetweenStreets2_NameRoadway_,BetweenStreets2_Direction_,BetweenStreets2_RoadwaySuffix_,Milepoint,ReportMilepointDeriveNumber,CurrentDerivedMiepointNumber,MilestoMilepoint,FeettoMilepoint,DirectionfromMilepoint_NSEW_,ValidMilepointIndicator,NumberInjured,NumberKilled,ofUnits,ofMotorVehicleUnits,Hit&RunIndicator,OneWayIndicator,SpeedLimitNumber,KilometersIndicator,CountyCode,CityCountyCode,MilesFromCity,DirectionFromCity_NSEW_,InCityLimitsIndicator,Latitude,LatitudeDegrees,LatitudeMinutes,LatitudeSeconds,Longitude,LongitudeDegrees,LongitudeMinutes,LongitudeSeconds,RampIndicator,RampFromIdentifier,RampFromDirCode,RampFromCoupletID,RSEUniqueGISRampFrom,RampToidentifier,RampToDirCode,RampToCoupletID,RSEUniqueGisRampTo,MannerofCollisionCode,LocationFirstEventCode,TotalLanes,RoadwayCharacterCode,RoadwaySurfaceCode,RoadwayConditionCode,WeatherCode,LightConditionCode,LandUseCode,SchoolBusRelatedCode,FirstAidSceneIndicator,CollDescPresentInd,InvestigationCompleteIndicator,PhotosTakenIndicator,TimeNotified,TimeArrived,TimeRoadwayOpened,PropertyDamageIndicator,DiagramPresentIndicator,DirectionalAnalysis,FunctionClassCode,NationalHwySysCode,EnforcementsIndicator,KARSCityCode,SecondaryCollisionIndicator,MedianCrossoverIndicator,RT_UNIQUE,MapIt,TimeLastLeft,YR,KABCO,MFNY,WorkingRID,RT_CONFIDENCE,KTC_RT,KTC_MP,Motorcyclist,CommercialVehicle,YoungDriver,MatureDriver,pedestrian,Bicyclist,Distracted,agressive,Impaired,Unrestrained,Intersection,RoadwayDeparture,MedXover
72837476,KSP0900,22=449097,20221123,637,,,US23,,,US0023,US0023,0,098 US-23-10,US0023,N,N,NULL,NULL,NULL,N,NULL,NULL,NULL,NULL,NULL,NULL,18.376,NULL,NULL,NULL,NULL,,NULL,0,0,1,1,N,N,55,NULL,98,9801,NULL,,Y,37.43425,37,26.055,NULL,-82.51392,82,30.835,NULL,N,NULL,NULL,NULL,NULL,NULL,NULL,NULL,NULL,9,3,4,6,1,1,2,6,7,3,N,NULL,Y,N,637,642,642,N,NULL,38,,1,N,,N,N,098-US-0023-10,NULL,NULL,2022,O,7.28375E+11,098-US-0023  -010,HIGH,098-US-0023  -000,18.376,0,0,0,0,0,0,0,0,0,0,0,0,0
72876948,KSP0900,23-104153,20230318,1749,,,KY122,,,KY0122,KY0122,0,098 KY-122,KY0122,N,N,NULL,NULL,NULL,N,NULL,NULL,NULL,NULL,NULL,NULL,10.367,NULL,NULL,NULL,NULL,,NULL,0,0,2,2,N,N,45,NULL,98,9823,NULL,,Y,37.3871,37,23.226,NULL,-82.54401,82,32.64,NULL,N,NULL,NULL,NULL,NULL,NULL,NULL,NULL,NULL,7,3,2,6,1,1,2,2,7,3,N,NULL,Y,N,1753,1800,,N,NULL,54,,0,N,,N,N,098-KY-0122-0,NULL,NULL,2023,O,7.28769E+11,098-KY-0122  -000,HIGH,098-KY-0122  -000,10.368,0,0,0,1,0,0,0,0,0,0,0,1,0
72812265,980100,2.022E+12,20221003,1609,,,CASSIDY,,BLVD,,,0,098 CS-1191,CS1191,N,N,NULL,NULL,NULL,N,NULL,NULL,NULL,NULL,NULL,NULL,0.209,NULL,NULL,NULL,NULL,,NULL,0,0,2,2,N,N,35,NULL,98,9801,NULL,,Y,37.50412,37,30.247,NULL,-82.53536,82,32.122,NULL,N,NULL,NULL,NULL,NULL,NULL,NULL,NULL,NULL,4,3,4,6,1,1,3,2,7,3,N,NULL,Y,N,1610,1620,1620,N,NULL,70,,,N,,N,N,098-CS-1191-0,NULL,NULL,2022,O,7.28123E+11,098-CS-1191  -000,HIGH,098-CS-1191  -000,0.209,0,0,1,0,0,0,1,0,0,0,0,0,0
72857513,980100,2.023E+11,20230109,1148,,,BYPASS,S,RD,KY1426,KY1426,0,098 KY-1426,KY1426,N,N,NULL,NULL,NULL,N,NULL,NULL,NULL,NULL,NULL,NULL,6.563,NULL,NULL,NULL,NULL,,NULL,0,0,2,2,N,N,55,NULL,98,9801,NULL,,Y,37.48251,37,28.951,NULL,-82.51365,82,30.819,NULL,N,NULL,NULL,NULL,NULL,NULL,NULL,NULL,NULL,2,97,2,6,1,1,2,2,1,3,N,NULL,Y,N,1148,1201,,N,NULL,56,,0,N,,N,N,098-KY-1426-0,NULL,NULL,2023,O,7.28575E+11,098-KY-1426  -000,HIGH,098-KY-1426  -000,6.563,0,0,0,1,0,0,1,0,0,0,0,0,0
72853642,980100,2.023E+11,20230113,710,,,KY1426,,,KY1426,KY1426,0,098 KY-1426,KY1426,N,N,NULL,NULL,NULL,N,NULL,NULL,NULL,NULL,NULL,NULL,7.9,NULL,NULL,NULL,NULL,,NULL,0,0,1,1,N,N,45,NULL,98,9801,NULL,,Y,37.49038,37,29.423,NULL,-82.49336,82,29.602,NULL,N,NULL,NULL,NULL,NULL,NULL,NULL,NULL,NULL,9,3,2,4,1,5,6,4,7,3,N,NULL,Y,N,710,711,711,N,NULL,41,,0,N,,N,N,098-KY-1426-0,NULL,NULL,2023,O,7.28536E+11,098-KY-1426  -000,HIGH,098-KY-1426  -000,7.9,0,0,0,0,0,0,0,0,0,0,0,1,0
72872723,980100,2.023E+11,20230227,910,,,THOMPSON,,RD,,,,,,N,N,NULL,NULL,NULL,N,NULL,NULL,NULL,NULL,NULL,NULL,0.213,NULL,NULL,NULL,NULL,,NULL,0,0,2,2,N,N,25,NULL,98,9801,NULL,,Y,37.50776,37,30.465,NULL,-82.54856,82,32.914,NULL,N,NULL,NULL,NULL,NULL,NULL,NULL,NULL,NULL,1,3,2,3,1,1,2,2,1,3,N,NULL,Y,N,910,918,946,N,NULL,55,,,N,,N,N,,NULL,NULL,2023,O,7.28727E+11,098-CS-1215  -000,MEDIUM,098-CS-1215  -000,0.214,0,0,0,0,0,0,1,0,0,0,0,0,0
72835224,980100,2.022E+11,20221122,1643,,,US23 TURN LANE,,,US0023,US0023,0,098 US-23-20,US0023,N,N,NULL,NULL,NULL,N,NULL,NULL,NULL,NULL,NULL,NULL,0.008,NULL,NULL,NULL,NULL,,NULL,0,0,2,2,N,N,55,NULL,98,9801,NULL,,Y,37.50395,37,30.237,NULL,-82.53219,82,31.931,NULL,N,NULL,NULL,NULL,NULL,NULL,NULL,NULL,NULL,5,3,4,6,1,1,2,2,1,3,N,NULL,Y,N,1643,1649,,N,NULL,70,,1,N,,N,N,098-US-0023-20,NULL,NULL,2022,O,7.28352E+11,098-US-0023  -020,HIGH,098-US-0023  -020,0.008,0,0,1,0,0,0,0,0,0,0,0,0,0
72847683,KSP0900,22-495058,20221227,2150,,,KY194,,,KY0194,KY0194,0,098 KY-194,KY0194,N,N,NULL,NULL,NULL,N,NULL,NULL,NULL,NULL,NULL,NULL,56.209,NULL,NULL,NULL,NULL,,NULL,0,0,2,2,N,N,35,NULL,98,9804,NULL,,Y,37.52474,37,31.484,NULL,-82.1614,82,9.684,NULL,N,NULL,NULL,NULL,NULL,NULL,NULL,NULL,NULL,7,3,2,3,1,2,2,6,7,3,N,NULL,Y,N,2150,2150,2210,N,NULL,54,7,0,N,,N,N,098-KY-0194-0,NULL,NULL,2022,O,7.28477E+11,098-KY-0194  -000,HIGH,098-KY-0194  -000,56.209,0,0,0,0,0,0,0,0,0,0,0,1,0
72851724,980100,2.023E+11,20230105,1535,,,KY1460,,,KY1460,KY1460,0,098 KY-1460,KY1460,N,N,NULL,NULL,NULL,N,NULL,NULL,NULL,NULL,NULL,NULL,6.935,NULL,NULL,NULL,NULL,,NULL,0,0,2,2,N,N,35,NULL,98,9801,NULL,,Y,37.48458,37,29.075,NULL,-82.5438,82,32.628,NULL,N,NULL,NULL,NULL,NULL,NULL,NULL,NULL,NULL,1,3,2,1,1,1,2,2,1,3,N,NULL,Y,N,1535,1540,,N,NULL,55,16,0,N,,N,N,098-KY-1460-0,NULL,NULL,2023,O,7.28517E+11,098-KY-1460  -000,HIGH,098-KY-1460  -000,6.92,0,0,0,0,0,0,1,1,0,0,0,0,0
72847109,370200,2022458387,20221130,1337,,,APPALACHIAN,,PLZ,,,0,098 PR-1008,PR1008,Y,N,NULL,NULL,NULL,N,NULL,NULL,NULL,NULL,NULL,NULL,0.06,NULL,NULL,NULL,NULL,,NULL,1,0,2,1,Y,N,NULL,NULL,98,9834,NULL,,Y,37.66633,37,39.98,NULL,-82.27438,82,16.463,NULL,N,NULL,NULL,NULL,NULL,NULL,NULL,NULL,NULL,9,97,1,6,1,1,2,2,1,3,Y,NULL,N,N,1341,1358,1358,N,NULL,90,,,N,,N,N,098-PR-1008-0,NULL,NULL,2022,C,7.28471E+11,098-PR-1008  -000,HIGH,098-PR-1008  -000,0.06,0,0,0,0,1,0,1,0,0,0,0,0,0
72844834,980100,2.022E+11,20221219,1545,,,HAROLDS BRANCH,,RD,,,0,098 CS-1223,CS1223,N,N,NULL,NULL,NULL,N,NULL,NULL,NULL,NULL,NULL,NULL,NULL,NULL,NULL,NULL,NULL,,NULL,0,0,2,2,N,N,35,NULL,98,9801,NULL,,Y,37.47281,37,28.369,NULL,-82.5227,82,31.362,NULL,N,NULL,NULL,NULL,NULL,NULL,NULL,NULL,NULL,5,3,3,6,1,1,2,2,7,3,N,NULL,Y,N,1545,1547,1547,N,NULL,70,,,Y,,N,N,098-CS-1223-0,NULL,NULL,2022,O,7.28448E+11,098-CS-1223  -000,HIGH,098-CS-1223  -000,0.001,0,0,0,0,0,0,1,1,0,0,0,0,0
72851848,KSP0900,23-8956,20230107,1752,,,DORTON-JENKINS,,HWY,KY0805,KY0805,0,098 KY-805,KY0805,N,N,NULL,NULL,NULL,N,NULL,NULL,NULL,NULL,NULL,NULL,3.61,NULL,NULL,NULL,NULL,,NULL,1,0,2,2,N,N,55,NULL,98,9809,NULL,,Y,37.24039,37,14.424,NULL,-82.56828,82,34.097,NULL,N,NULL,NULL,NULL,NULL,NULL,NULL,NULL,NULL,5,3,2,6,1,1,2,4,7,3,N,NULL,Y,Y,1754,1900,2000,N,NULL,49,7,0,N,,N,N,098-KY-0805-0,NULL,NULL,2023,B,7.28518E+11,098-KY-0805  -000,HIGH,098-KY-0805  -000,3.606,0,0,1,0,0,0,0,0,0,0,0,0,0
72883766,KSP0900,23-123316,20230401,1314,,671,MUDLICK,,RD,,,0,098 CR-1089,CR1089,N,N,NULL,NULL,NULL,N,NULL,NULL,NULL,NULL,NULL,NULL,0.796,NULL,NULL,NULL,NULL,,NULL,1,0,1,1,N,N,20,NULL,98,9842,NULL,,Y,37.59748,37,35.849,NULL,-82.23278,82,13.967,NULL,N,NULL,NULL,NULL,NULL,NULL,NULL,NULL,NULL,9,3,1,6,1,1,7,2,7,3,Y,NULL,Y,Y,1315,1322,1350,N,NULL,40,,,N,,N,N,098-CR-1089-0,NULL,NULL,2023,C,7.28838E+11,098-CR-1089  -000,HIGH,098-CR-1089  -000,0.768,0,0,0,0,0,0,0,0,0,0,0,1,0
72860124,980100,2.023E+11,20230111,1121,,,PEACH ORCHARD,,DR,,,0,098 CS-1158,CS1158,N,N,NULL,NULL,NULL,N,NULL,NULL,NULL,NULL,NULL,NULL,0.17,NULL,NULL,NULL,NULL,,NULL,0,0,2,2,N,N,15,NULL,98,9801,NULL,,Y,37.47968,37,28.78,NULL,-82.52409,82,31.445,NULL,N,NULL,NULL,NULL,NULL,NULL,NULL,NULL,NULL,7,3,1,6,1,1,2,2,1,3,N,NULL,Y,N,1122,1133,,N,NULL,47,,,N,,N,N,098-CS-1158-0,NULL,NULL,2023,O,7.28601E+11,098-CS-1219  -000,MEDIUM,098-CS-1219  -000,0.13,0,0,0,0,0,0,0,0,0,0,0,0,0
72860451,KSP0900,23-32165,20230125,1730,,,LONG FORK,,RD,KY1469,KY1469,0,098 KY-1469,KY1469,N,N,NULL,NULL,NULL,N,NULL,NULL,NULL,NULL,NULL,NULL,9.969,NULL,NULL,NULL,NULL,,NULL,0,0,1,1,N,N,55,NULL,98,9827,NULL,,Y,37.32945,37,19.767,NULL,-82.60403,82,36.242,NULL,N,NULL,NULL,NULL,NULL,NULL,NULL,NULL,NULL,9,5,2,3,1,5,6,2,6,3,N,NULL,Y,N,1734,1753,,N,NULL,51,8,0,N,,N,N,098-KY-1469-0,NULL,NULL,2023,O,7.28605E+11,098-KY-1469  -000,HIGH,098-KY-1469  -000,9.969,0,0,0,1,0,0,1,0,0,0,0,1,0
72765373,KSP0900,22-152344,20220426,930,,,LEFT FRK BLACKBERRY,,,,,,,,Y,N,NULL,NULL,NULL,N,NULL,NULL,NULL,NULL,NULL,NULL,NULL,NULL,NULL,NULL,NULL,NULL,NULL,0,0,1,1,N,N,NULL,NULL,98,9879,NULL,,Y,37.53419,37,32.052,NULL,-82.19376,82,11.625,NULL,N,NULL,NULL,NULL,NULL,NULL,NULL,NULL,NULL,9,97,1,2,3,11,3,2,5,3,N,NULL,Y,N,900,1000,900,Y,NULL,90,,,N,,N,N,,NULL,NULL,2022,O,7.27654E+11,098-KY-3419  -000,MEDIUM,098-KY-3419  -000,10.467,0,0,0,1,0,0,0,0,0,0,0,1,0
72955430,980100,2.023E+11,20231003,1726,,,US23,,,US0023,US0023,0,098 US-23,US0023,N,N,NULL,NULL,NULL,N,NULL,NULL,NULL,NULL,NULL,NULL,23.962,NULL,NULL,NULL,NULL,,NULL,0,0,2,2,N,N,55,NULL,98,9801,NULL,,Y,37.47533,37,28.52,NULL,-82.53797,82,32.278,NULL,N,NULL,NULL,NULL,NULL,NULL,NULL,NULL,NULL,5,3,4,6,1,1,3,2,7,3,N,NULL,Y,N,1726,1738,1802,N,NULL,49,,1,Y,,N,N,098-US-0023-0,NULL,NULL,2023,O,7.29554E+11,098-US-0023  -000,HIGH,098-US-0023  -000,23.895,0,0,0,0,0,0,0,1,0,0,0,0,0
72952404,980100,2.023E+11,20230928,1554,,,THOMPSON,,RD,,,0,098 CS-1215,CS1215,N,N,NULL,NULL,NULL,N,NULL,NULL,NULL,NULL,NULL,NULL,0.023,NULL,NULL,NULL,NULL,,NULL,0,0,2,2,N,N,55,NULL,98,9801,NULL,,Y,37.51046,37,30.628,NULL,-82.54816,82,32.89,NULL,N,NULL,NULL,NULL,NULL,NULL,NULL,NULL,NULL,5,3,2,6,1,1,3,2,7,3,N,NULL,Y,N,1554,1602,1602,N,NULL,49,,,N,,N,N,098-CS-1215-0,NULL,NULL,2023,O,7.29524E+11,098-CS-1215  -000,HIGH,098-CS-1215  -000,0.023,0,0,0,0,0,0,1,0,0,0,0,0,0
72909788,370200,2023216218,20230607,813,,,COLBY,,DR,,,0,098 CR-1684,CR1684,Y,N,NULL,NULL,NULL,N,NULL,NULL,NULL,NULL,NULL,NULL,0.007,NULL,NULL,NULL,NULL,,NULL,0,0,1,1,N,N,35,NULL,98,9801,NULL,,Y,37.51453,37,30.872,NULL,-82.48742,82,29.245,NULL,N,NULL,NULL,NULL,NULL,NULL,NULL,NULL,NULL,9,97,1,6,3,5,6,2,1,3,N,NULL,N,N,816,856,856,Y,NULL,90,,,N,,N,N,098-CR-1684-0,NULL,NULL,2023,O,7.29098E+11,098-CR-1684  -000,HIGH,098-CR-1684  -000,0.062,0,1,0,0,0,0,0,0,0,0,0,0,0
72795452,KSP0900,22-317555,20220817,754,,,KY2552,,,KY2552,KY2552,0,098 KY-2552,KY2552,N,N,NULL,NULL,NULL,N,NULL,NULL,NULL,NULL,NULL,NULL,0.404,NULL,NULL,NULL,NULL,,NULL,0,0,2,2,N,N,45,NULL,98,9824,NULL,,Y,37.42467,37,25.48,NULL,-82.49366,82,29.619,NULL,N,NULL,NULL,NULL,NULL,NULL,NULL,NULL,NULL,1,3,2,3,1,1,2,2,7,3,N,NULL,Y,Y,801,833,801,N,NULL,55,,0,N,,N,N,098-KY-2552-0,NULL,NULL,2022,O,7.27955E+11,098-KY-2552  -000,HIGH,098-KY-2552  -000,0.404,0,0,0,0,0,0,0,1,0,0,0,1,0
72910917,KSP0900,23-224848,20230613,1336,,,KY611,,,KY0611,KY0611,0,098 KY-611,KY0611,N,N,NULL,NULL,NULL,N,NULL,NULL,NULL,NULL,NULL,NULL,0.62,NULL,NULL,NULL,NULL,,NULL,0,0,2,2,N,N,35,NULL,98,9830,NULL,,Y,37.31942,37,19.165,NULL,-82.47472,82,28.483,NULL,N,NULL,NULL,NULL,NULL,NULL,NULL,NULL,NULL,2,3,2,3,1,1,2,2,6,3,N,NULL,N,N,1337,1400,1430,N,NULL,47,8,0,N,,N,N,098-KY-0611-0,NULL,NULL,2023,O,7.29109E+11,098-KY-0611  -000,HIGH,098-KY-0611  -000,0.625,0,0,0,1,0,0,1,0,0,0,0,0,0
72822346,KSP0900,22-415389,20221028,1725,,,KY1506,,,KY1506,KY1506,0,098 KY-1506,KY1506,N,N,NULL,NULL,NULL,N,NULL,NULL,NULL,NULL,NULL,NULL,0.03,NULL,NULL,NULL,NULL,,NULL,0,0,2,2,N,N,35,NULL,98,9834,NULL,,Y,37.66825,37,40.095,NULL,-82.27665,82,16.599,NULL,N,NULL,NULL,NULL,NULL,NULL,NULL,NULL,NULL,1,3,2,6,1,1,2,2,7,3,N,NULL,Y,N,1729,1737,1815,N,NULL,55,9,0,N,,N,N,098-KY-1506-0,NULL,NULL,2022,O,7.28223E+11,098-KY-1506  -000,HIGH,098-KY-1506  -000,0.03,0,0,0,0,0,0,1,0,0,0,0,0,0
72870351,980000,23-01-008,20230228,745,,,WINNERS CIRCLE DRIVE,,,,,,,,N,N,NULL,NULL,NULL,N,NULL,NULL,NULL,NULL,NULL,NULL,NULL,NULL,NULL,NULL,NULL,NULL,NULL,0,0,1,1,N,N,15,NULL,98,9801,1,N,N,37.51362,37,30.817,NULL,-82.49935,82,29.961,NULL,N,NULL,NULL,NULL,NULL,NULL,NULL,NULL,NULL,9,6,2,1,1,1,2,1,8,3,N,NULL,Y,N,745,745,746,N,NULL,40,,,N,,N,N,,NULL,NULL,2023,O,7.28704E+11,098-US-0119  -010,MEDIUM,098-US-0119  -000,2.001,0,0,1,0,0,0,0,0,0,0,0,1,0
72844028,980100,2.022E+11,20221213,1904,,,US23,,,US0023,US0023,0,098 US-23,US0023,N,Y,US119,,,N,NULL,NULL,NULL,NULL,NULL,NULL,26.289,NULL,NULL,NULL,NULL,,NULL,0,0,2,2,N,N,55,NULL,98,9801,NULL,,Y,37.50373,37,30.224,NULL,-82.53216,82,31.929,NULL,N,NULL,NULL,NULL,NULL,NULL,NULL,NULL,NULL,5,3,4,6,1,1,3,5,7,3,N,NULL,Y,N,1904,1910,,N,NULL,35,,1,Y,,N,N,098-US-0023-0,NULL,NULL,2022,O,7.2844E+11,098-US-0023  -000,HIGH,098-US-0023  -000,26.289,0,0,0,0,0,0,1,0,1,0,1,0,0
72766001,KSP0900,22-193409,20220525,740,,,US119,,,US0119,US0119,0,098 US-119-10,US0119,N,N,NULL,NULL,NULL,N,NULL,NULL,NULL,NULL,NULL,NULL,25.357,NULL,NULL,NULL,NULL,,NULL,0,0,2,2,N,N,55,NULL,98,9834,NULL,,Y,37.67276,37,40.365,NULL,-82.28124,82,16.875,NULL,N,NULL,NULL,NULL,NULL,NULL,NULL,NULL,NULL,5,3,2,6,1,1,2,2,7,3,N,NULL,Y,N,750,751,800,N,NULL,49,2,1,N,,N,N,098-US-0119-10,NULL,NULL,2022,O,7.2766E+11,098-US-0119  -010,HIGH,098-US-0119  -000,25.357,0,0,0,0,0,0,1,0,0,0,0,0,0
72925935,KSP0900,23-336175,20230724,1635,,,GRAPEVINE,,RD,KY0194,KY0194,0,098 KY-194,KY0194,N,N,NULL,NULL,NULL,N,NULL,NULL,NULL,NULL,NULL,NULL,35.996,NULL,NULL,NULL,NULL,,NULL,0,0,1,1,N,N,45,NULL,98,9849,NULL,,Y,37.45396,37,27.238,NULL,-82.28897,82,17.338,NULL,N,NULL,NULL,NULL,NULL,NULL,NULL,NULL,NULL,9,3,2,6,1,1,2,2,6,3,N,NULL,N,N,1635,1655,1730,N,NULL,70,7,0,N,,N,N,098-KY-0194-0,NULL,NULL,2023,O,7.29259E+11,098-KY-0194  -000,HIGH,098-KY-0194  -000,36.07,0,0,1,0,0,0,1,0,0,0,0,1,0
72940442,980100,2.023E+11,20230829,1809,,,BAILEY,,BLVD,,,,,,N,N,NULL,NULL,NULL,N,NULL,NULL,NULL,NULL,NULL,NULL,NULL,NULL,NULL,NULL,NULL,NULL,NULL,0,0,2,2,N,N,25,NULL,98,9801,NULL,,Y,37.47659,37,28.595,NULL,-82.51604,82,30.963,NULL,N,NULL,NULL,NULL,NULL,NULL,NULL,NULL,NULL,2,3,2,4,1,1,2,2,7,3,N,NULL,Y,N,1809,1812,1812,N,NULL,56,,,N,,N,N,,NULL,NULL,2023,O,7.29404E+11,098-CS-1262  -000,HIGH,098-CS-1262  -000,0.008,0,0,0,0,0,0,1,0,0,0,0,0,0
72873110,980100,2.023E+11,20230227,1204,,172,CASSIDY,,BLVD,,,0,098 CS-1191,CS1191,Y,N,NULL,NULL,NULL,N,NULL,NULL,NULL,NULL,NULL,NULL,0.031,NULL,NULL,NULL,NULL,,NULL,0,0,2,2,N,N,NULL,NULL,98,9801,NULL,,Y,37.50371,37,30.223,NULL,-82.53275,82,31.965,NULL,N,NULL,NULL,NULL,NULL,NULL,NULL,NULL,NULL,2,97,1,6,1,1,2,2,1,3,N,NULL,Y,N,1204,1220,1220,N,NULL,90,,,N,,N,N,098-CS-1191-0,NULL,NULL,2023,O,7.28731E+11,098-CS-1191  -000,HIGH,098-CS-1191  -000,0.035,0,0,0,0,0,0,1,0,0,0,0,0,0
72859995,KSP0900,23-37095,20230129,1640,,,ELKHORN,,CRK,KY0197,KY0197,0,098 KY-197,KY0197,N,N,NULL,NULL,NULL,N,NULL,NULL,NULL,NULL,NULL,NULL,10.775,NULL,NULL,NULL,NULL,,NULL,0,0,1,1,N,N,55,NULL,98,9864,NULL,,Y,37.27037,37,16.222,NULL,-82.42023,82,25.214,NULL,N,NULL,NULL,NULL,NULL,NULL,NULL,NULL,NULL,9,3,2,3,1,5,6,2,7,3,N,NULL,Y,N,1644,1722,,N,NULL,44,7,0,N,,N,N,098-KY-0197-0,NULL,NULL,2023,O,7.286E+11,098-KY-0197  -000,HIGH,098-KY-0197  -000,10.73,0,0,1,0,0,0,0,0,0,0,0,1,0
72827673,KSP0900,22-432365,20220710,647,,,KY3174,,,KY3174,KY3174,0,098 KY-3174-321,KY3174,N,N,NULL,NULL,NULL,N,NULL,NULL,NULL,NULL,NULL,NULL,0.551,NULL,NULL,NULL,NULL,,NULL,0,0,1,1,N,N,55,NULL,98,9830,NULL,,Y,37.3447,37,20.682,NULL,-82.43172,82,25.903,NULL,N,NULL,NULL,NULL,NULL,NULL,NULL,NULL,NULL,9,3,4,5,1,1,2,2,7,3,N,NULL,N,N,647,728,728,N,NULL,40,,0,Y,,N,N,098-KY-3174-321,NULL,NULL,2022,O,7.28277E+11,098-KY-3174  -321,HIGH,098-KY-3174  -321,0.551,0,0,0,0,0,0,0,0,0,0,0,1,0
72877301,980100,2.023E+11,20230314,1052,,,KY3496,,,KY3496,KY3496,0,098 KY-3496,KY3496,N,N,NULL,NULL,NULL,N,NULL,NULL,NULL,NULL,NULL,NULL,0.304,NULL,NULL,NULL,NULL,,NULL,0,0,2,2,N,N,35,NULL,98,9801,NULL,,Y,37.46753,37,28.052,NULL,-82.5326,82,31.956,NULL,N,NULL,NULL,NULL,NULL,NULL,NULL,NULL,NULL,1,3,2,6,1,1,3,2,1,3,N,NULL,Y,N,1052,1057,1100,N,NULL,55,16,0,N,,N,N,098-KY-3496-0,NULL,NULL,2023,O,7.28773E+11,098-KY-3496  -000,HIGH,098-KY-3496  -000,0.303,0,0,0,0,0,0,1,0,0,0,0,0,0
72806604,370200,2022-358417,20220915,1342,,,US119,,,US0119,US0119,0,098 US-119-10,US0119,N,N,NULL,NULL,NULL,N,NULL,NULL,NULL,NULL,NULL,NULL,7.923,NULL,NULL,NULL,NULL,,NULL,1,0,2,2,N,N,55,NULL,98,9801,7,N,N,37.5575,37,33.45,NULL,-82.42426,82,25.456,NULL,N,NULL,NULL,NULL,NULL,NULL,NULL,NULL,NULL,5,3,2,6,1,1,2,2,7,3,N,NULL,Y,Y,1342,1356,1648,N,NULL,49,2,1,N,,N,N,098-US-0119-10,NULL,NULL,2022,C,7.28066E+11,098-US-0119  -010,HIGH,098-US-0119  -000,7.923,0,0,0,0,0,0,0,0,0,0,0,0,0
72867448,980100,2.023E+11,20230201,1239,,,US23,,,US0023,US0023,0,098 US-23-10,US0023,N,N,NULL,NULL,NULL,N,NULL,NULL,NULL,NULL,NULL,NULL,15.306,NULL,NULL,NULL,NULL,,NULL,0,0,2,2,N,N,55,NULL,98,9801,NULL,,Y,37.40015,37,24.009,NULL,-82.52896,82,31.738,NULL,N,NULL,NULL,NULL,NULL,NULL,NULL,NULL,NULL,8,3,4,6,1,1,2,2,1,3,N,NULL,Y,N,1239,1247,,N,NULL,53,,1,N,,N,N,098-US-0023-10,NULL,NULL,2023,O,7.28674E+11,098-US-0023  -010,HIGH,098-US-0023  -000,15.289,0,0,0,0,0,0,1,0,0,0,0,1,0
72842575,980100,2.022E+11,20221213,1326,,,US23,,,US0023,US0023,0,098 US-23,US0023,N,N,NULL,NULL,NULL,N,NULL,NULL,NULL,NULL,NULL,NULL,26.277,NULL,NULL,NULL,NULL,,NULL,0,0,2,2,N,N,55,NULL,98,9801,NULL,,Y,37.50357,37,30.214,NULL,-82.53214,82,31.928,NULL,N,NULL,NULL,NULL,NULL,NULL,NULL,NULL,NULL,8,3,4,6,1,5,3,2,7,3,N,NULL,Y,N,1326,1330,1330,N,NULL,53,,1,N,,N,N,098-US-0023-0,NULL,NULL,2022,O,7.28426E+11,098-US-0023  -000,HIGH,098-US-0023  -000,26.277,0,0,1,0,0,0,1,0,0,0,0,1,0
72904200,KSP0900,23-202249,20230528,738,,,US460,,,US0460,US0460,,,,N,N,NULL,NULL,NULL,N,NULL,NULL,NULL,NULL,NULL,NULL,4.962,NULL,NULL,NULL,NULL,,NULL,0,0,1,1,N,N,45,NULL,98,9832,NULL,,Y,37.41153,37,24.692,NULL,-82.44974,82,26.984,NULL,N,NULL,NULL,NULL,NULL,NULL,NULL,NULL,NULL,9,3,2,1,1,5,6,2,7,3,N,NULL,Y,N,738,743,900,N,NULL,44,,1,N,,N,N,,NULL,NULL,2023,O,7.29042E+11,098-US-0460  -000,HIGH,098-US-0460  -000,4.949,0,0,0,0,0,0,0,1,0,0,0,1,0
72901170,980100,2.023E+11,20230512,1613,,,CASSIDY,,BLVD,,,0,098 CS-1191,CS1191,Y,N,NULL,NULL,NULL,N,NULL,NULL,NULL,NULL,NULL,NULL,0.043,NULL,NULL,NULL,NULL,,NULL,0,0,2,2,N,N,NULL,NULL,98,9801,NULL,,Y,37.50371,37,30.223,NULL,-82.53287,82,31.972,NULL,N,NULL,NULL,NULL,NULL,NULL,NULL,NULL,NULL,7,97,NULL,6,1,1,3,2,1,3,N,NULL,Y,N,1613,1633,,N,NULL,90,,,N,,N,N,098-CS-1191-0,NULL,NULL,2023,O,7.29012E+11,098-CS-1191  -000,HIGH,098-CS-1191  -000,0.041,0,0,0,0,0,0,1,0,0,0,0,0,0