MasterFile,AgencyORINumber,LocalCode,CollisionDate,CollisionTime,CollisionDayWeekCode,RoadwayName_HouseBusinessNumber_,RoadwayName_RoadwayName_,RoadwayName_Direction_,RoadwayName_RoadwaySuffix_,RoadwayfromReport,CurrentRoadwayNumber,RoadwayNumberCoupletID,RSEUniqueGIS,RoadwayIdentifier,ParkingLotIndicator,IntersectionWith_Indicator_,IntersectionWith_NameRoadway_,IntersectionWith_Direction_,IntersectionWith_RoadwaySuffix_,BetweenStreets_Indicator_,BetweenStreets1_NameRoadway_,BetweenStreet1_Direction_,BetweenStreets1_RoadwaySuffix_,BetweenStreets2_NameRoadway_,BetweenStreets2_Direction_,BetweenStreets2_RoadwaySuffix_,Milepoint,ReportMilepointDeriveNumber,CurrentDerivedMiepointNumber,MilestoMilepoint,FeettoMilepoint,DirectionfromMilepoint_NSEW_,ValidMilepointIndicator,NumberInjured,NumberKilled,ofUnits,ofMotorVehicleUnits,Hit&RunIndicator,OneWayIndicator,SpeedLimitNumber,KilometersIndicator,CountyCode,CityCountyCode,MilesFromCity,DirectionFromCity_NSEW_,InCityLimitsIndicator,Latitude,LatitudeDegrees,LatitudeMinutes,LatitudeSeconds,Longitude,LongitudeDegrees,LongitudeMinutes,LongitudeSeconds,RampIndicator,RampFromIdentifier,RampFromDirCode,RampFromCoupletID,RSEUniqueGISRampFrom,RampToidentifier,RampToDirCode,RampToCoupletID,RSEUniqueGisRampTo,MannerofCollisionCode,LocationFirstEventCode,TotalLanes,RoadwayCharacterCode,RoadwaySurfaceCode,RoadwayConditionCode,WeatherCode,LightConditionCode,LandUseCode,SchoolBusRelatedCode,FirstAidSceneIndicator,CollDescPresentInd,InvestigationCompleteIndicator,PhotosTakenIndicator,TimeNotified,TimeArrived,TimeRoadwayOpened,PropertyDamageIndicator,DiagramPresentIndicator,DirectionalAnalysis,FunctionClassCode,NationalHwySysCode,EnforcementsIndicator,KARSCityCode,SecondaryCollisionIndicator,MedianCrossoverIndicator,RT_UNIQUE,MapIt,TimeLastLeft,YR,KABCO,MFNY,WorkingRID,RT_CONFIDENCE,KTC_RT,KTC_MP,Motorcyclist,CommercialVehicle,YoungDriver,MatureDriver,pedestrian,Bicyclist,Distracted,agressive,Impaired,Unrestrained,Intersection,RoadwayDeparture,MedXover
72952158,980100,2.023E+11,20230926,1200,,,US23,,,US0023,US0023,0,098 US-23,US0023,N,N,NULL,NULL,NULL,N,NULL,NULL,NULL,NULL,NULL,NULL,30.527,NULL,NULL,NULL,NULL,,NULL,2,0,2,2,N,N,55,NULL,98,9801,NULL,,Y,37.54263,37,32.558,NULL,-82.58542,82,35.125,NULL,N,NULL,NULL,NULL,NULL,NULL,NULL,NULL,NULL,5,3,4,2,1,1,2,2,3,3,Y,NULL,Y,Y,1200,1208,1322,N,NULL,49,,1,N,,N,Y,098-US-0023-0,NULL,NULL,2023,B,7.29522E+11,098-US-0023  -000,HIGH,098-US-0023  -000,30.5,0,0,0,0,0,0,1,1,0,0,0,0,0
72877719,980100,2.023E+11,20230316,1311,,,CASSIDY,,BLVD,,,,,,N,N,NULL,NULL,NULL,N,NULL,NULL,NULL,NULL,NULL,NULL,0.053,NULL,NULL,NULL,NULL,,NULL,0,0,3,3,N,N,25,NULL,98,9801,NULL,,Y,37.50368,37,30.221,NULL,-82.53301,82,31.981,NULL,N,NULL,NULL,NULL,NULL,NULL,NULL,NULL,NULL,5,3,4,4,2,1,2,2,7,3,N,NULL,Y,N,1312,1315,,N,NULL,70,,,N,,N,N,,NULL,NULL,2023,O,7.28777E+11,098-CS-1191  -000,MEDIUM,098-CS-1191  -000,0.049,0,0,0,1,0,0,1,0,0,0,0,0,0
72963672,980100,2.023E+11,20231005,1527,,,CASSIDY,,BLVD,,,0,098 CS-1191,CS1191,N,N,NULL,NULL,NULL,N,NULL,NULL,NULL,NULL,NULL,NULL,0.289,NULL,NULL,NULL,NULL,,NULL,0,0,2,2,N,N,15,NULL,98,9801,NULL,,Y,37.50497,37,30.298,NULL,-82.53661,82,32.196,NULL,N,NULL,NULL,NULL,NULL,NULL,NULL,NULL,NULL,7,97,2,6,1,1,2,2,1,3,N,NULL,Y,N,1517,1527,1527,N,NULL,54,,,N,,N,N,098-CS-1191-0,NULL,NULL,2023,O,7.29637E+11,098-CS-1191  -000,HIGH,098-CS-1191  -000,0.28,0,0,0,1,0,0,0,0,0,0,0,1,0
72910465,980100,2.023E+11,20230613,1109,,,CHLOE,,RD,KY1460,KY1460,0,098 KY-1460,KY1460,N,N,NULL,NULL,NULL,N,NULL,NULL,NULL,NULL,NULL,NULL,3.097,NULL,NULL,NULL,NULL,,NULL,0,0,2,2,N,N,35,NULL,98,9801,NULL,,Y,37.47245,37,28.347,NULL,-82.4828,82,28.968,NULL,N,NULL,NULL,NULL,NULL,NULL,NULL,NULL,NULL,1,3,2,4,1,1,2,2,7,3,N,NULL,Y,N,1109,1118,1133,N,NULL,55,,0,N,,N,N,098-KY-1460-0,NULL,NULL,2023,O,7.29105E+11,098-KY-1460  -000,HIGH,098-KY-1460  -000,3.066,0,0,0,0,0,0,0,0,0,0,0,0,0
72900866,KSP0900,23-182740,20230514,919,,,KY632,,,KY0632,KY0632,0,098 KY-632,KY0632,N,N,NULL,NULL,NULL,N,NULL,NULL,NULL,NULL,NULL,NULL,1.577,NULL,NULL,NULL,NULL,,NULL,0,0,1,1,N,N,55,NULL,98,9817,NULL,,Y,37.49681,37,29.809,NULL,-82.32626,82,19.576,NULL,N,NULL,NULL,NULL,NULL,NULL,NULL,NULL,NULL,9,3,2,6,1,1,2,2,7,3,N,NULL,Y,N,922,1033,922,N,NULL,38,6,0,N,,N,N,098-KY-0632-0,NULL,NULL,2023,O,7.29009E+11,098-KY-0632  -000,HIGH,098-KY-0632  -000,1.59,0,0,0,0,0,0,0,0,0,0,0,0,0
72914844,KSP0900,23-235309,20230620,1858,,,FISHTRAP,,RD,KY1441,KY1441,0,098 KY-1441,KY1441,N,N,NULL,NULL,NULL,N,NULL,NULL,NULL,NULL,NULL,NULL,0.216,NULL,NULL,NULL,NULL,,NULL,1,0,1,1,N,N,55,NULL,98,9832,NULL,,Y,37.40804,37,24.482,NULL,-82.44641,82,26.785,NULL,N,NULL,NULL,NULL,NULL,NULL,NULL,NULL,NULL,9,5,2,3,1,1,3,2,7,3,Y,NULL,Y,Y,1858,1901,2003,N,NULL,40,,5,Y,,N,N,098-KY-1441-0,NULL,NULL,2023,A,7.29148E+11,098-KY-1441  -000,HIGH,098-KY-1441  -000,0.194,1,0,0,0,0,0,0,0,0,0,0,1,0
72880239,KSP0900,23-114187,20230325,2202,,,SLEEPY,,HOLW,,,0,098 CR-1293,CR1293,N,N,NULL,NULL,NULL,N,NULL,NULL,NULL,NULL,NULL,NULL,0.009,NULL,NULL,NULL,NULL,,NULL,1,0,1,1,N,N,45,NULL,98,9801,NULL,,Y,37.43355,37,26.013,NULL,-82.57111,82,34.267,NULL,N,NULL,NULL,NULL,NULL,NULL,NULL,NULL,NULL,9,3,1,6,1,1,2,4,7,3,Y,NULL,Y,Y,2205,2213,,N,NULL,44,,,N,,N,N,098-CR-1293-0,NULL,NULL,2023,B,7.28802E+11,098-CR-1293  -000,HIGH,098-CR-1293  -000,0.007,0,0,0,0,0,0,0,0,0,0,0,1,0
72868448,KSP0900,23-47155,20230206,1632,,,KY197,,,KY0197,KY0197,0,098 KY-197,KY0197,N,N,NULL,NULL,NULL,N,NULL,NULL,NULL,NULL,NULL,NULL,15.967,NULL,NULL,NULL,NULL,,NULL,0,1,1,1,N,N,35,NULL,98,9802,NULL,,Y,37.29678,37,17.807,NULL,-82.35718,82,21.431,NULL,N,NULL,NULL,NULL,NULL,NULL,NULL,NULL,NULL,9,3,2,6,1,1,2,2,7,3,N,NULL,Y,Y,1634,1637,1900,N,NULL,40,7,0,N,,N,N,098-KY-0197-0,NULL,NULL,2023,K,7.28684E+11,098-KY-0197  -000,HIGH,098-KY-0197  -000,15.968,0,0,0,0,0,0,0,0,0,0,0,1,0
72864110,KSP0900,23-52996,20230210,1917,,,KY194,,,KY0194,KY0194,0,098 KY-194,KY0194,Y,N,NULL,NULL,NULL,N,NULL,NULL,NULL,NULL,NULL,NULL,20.315,NULL,NULL,NULL,NULL,,NULL,1,0,1,1,N,N,5,NULL,98,9817,NULL,,Y,37.54573,37,32.744,NULL,-82.39913,82,23.948,NULL,N,NULL,NULL,NULL,NULL,NULL,NULL,NULL,NULL,9,97,2,6,1,1,2,5,5,3,Y,NULL,Y,Y,1918,1927,1930,Y,NULL,90,6,0,N,,N,N,098-KY-0194-0,NULL,NULL,2023,C,7.28641E+11,098-KY-0194  -000,HIGH,098-KY-0194  -000,20.299,0,0,0,0,0,0,0,0,0,0,0,1,0
72820491,980100,2.022E+11,20221015,1227,,,CASSIDY,,BLVD,,,0,098 CS-1191,CS1191,Y,N,NULL,NULL,NULL,N,NULL,NULL,NULL,NULL,NULL,NULL,0.272,NULL,NULL,NULL,NULL,,NULL,0,0,2,2,N,N,NULL,NULL,98,9801,NULL,,Y,37.50471,37,30.283,NULL,-82.53631,82,32.178,NULL,N,NULL,NULL,NULL,NULL,NULL,NULL,NULL,NULL,1,97,NULL,6,1,1,2,2,1,3,N,NULL,N,N,1227,1228,1228,N,NULL,90,,,N,,N,N,098-CS-1191-0,NULL,NULL,2022,O,7.28205E+11,098-CS-1191  -000,HIGH,098-CS-1191  -000,0.272,0,0,0,0,0,0,0,0,0,0,0,0,0
72880036,980100,2.023E+11,20230323,837,,,KY1460,,,KY1460,KY1460,0,098 KY-1460,KY1460,N,N,NULL,NULL,NULL,N,NULL,NULL,NULL,NULL,NULL,NULL,6.679,NULL,NULL,NULL,NULL,,NULL,0,0,1,1,N,N,45,NULL,98,9801,NULL,,Y,37.48358,37,29.015,NULL,-82.53888,82,32.333,NULL,N,NULL,NULL,NULL,NULL,NULL,NULL,NULL,NULL,9,3,2,6,1,1,2,2,7,3,N,NULL,Y,N,837,838,838,N,NULL,38,16,0,N,,N,N,098-KY-1460-0,NULL,NULL,2023,O,7.288E+11,098-KY-1460  -000,HIGH,098-KY-1460  -000,6.633,0,0,0,1,0,0,0,0,0,0,0,0,0
72869367,KSP0900,23-70636,20230223,1553,,,ELKHORN,,CRK,KY0197,KY0197,0,098 KY-197,KY0197,N,N,NULL,NULL,NULL,N,NULL,NULL,NULL,NULL,NULL,NULL,9.356,NULL,NULL,NULL,NULL,,NULL,0,0,2,2,Y,N,55,NULL,98,9802,NULL,,Y,37.26385,37,15.831,NULL,-82.43897,82,26.338,NULL,N,NULL,NULL,NULL,NULL,NULL,NULL,NULL,NULL,8,3,2,6,1,1,2,2,7,3,N,NULL,Y,N,1553,1600,1600,N,NULL,53,7,0,N,,N,N,098-KY-0197-0,NULL,NULL,2023,O,7.28694E+11,098-KY-0197  -000,HIGH,098-KY-0197  -000,9.428,0,0,0,0,0,0,0,1,0,0,0,1,0
72872165,KSP0900,23-85383,20230305,230,,,KY1056,,,KY1056,KY1056,0,098 KY-1056,KY1056,N,N,NULL,NULL,NULL,N,NULL,NULL,NULL,NULL,NULL,NULL,3.569,NULL,NULL,NULL,NULL,,NULL,0,0,1,1,N,N,55,NULL,98,9879,NULL,,Y,37.55266,37,33.159,NULL,-82.21672,82,13.003,NULL,N,NULL,NULL,NULL,NULL,NULL,NULL,NULL,NULL,9,3,2,6,1,1,2,6,7,3,N,NULL,Y,N,230,230,230,N,NULL,44,8,0,N,,N,N,098-KY-1056-0,NULL,NULL,2023,O,7.28722E+11,098-KY-1056  -000,HIGH,098-KY-1056  -000,3.608,0,0,1,0,0,0,0,0,0,0,0,1,0
72928369,980200,KY0980200,20230717,1500,,,BIG BRANCH,,RD,,,0,098 CR-1622,CR1622,N,N,NULL,NULL,NULL,N,NULL,NULL,NULL,NULL,NULL,NULL,0.538,NULL,NULL,NULL,NULL,,NULL,0,0,2,2,N,N,35,NULL,98,9802,NULL,,Y,37.29325,37,17.595,NULL,-82.36809,82,22.085,NULL,N,NULL,NULL,NULL,NULL,NULL,NULL,NULL,NULL,7,5,1,4,1,1,2,2,6,3,N,NULL,Y,Y,1500,1502,,N,NULL,51,,,N,,N,N,098-CR-1622-0,NULL,NULL,2023,O,7.29284E+11,098-CR-1622  -000,HIGH,098-CR-1622  -000,0.544,0,0,0,0,0,0,0,0,0,0,0,1,0
72772315,KSP0900,22-217925,20220610,1637,,,ROCKHOUSE,,FRK,,,0,098 CR-1395Q4,CR1395Q4,N,N,NULL,NULL,NULL,N,NULL,NULL,NULL,NULL,NULL,NULL,0.063,NULL,NULL,NULL,NULL,,NULL,1,0,2,2,N,N,35,NULL,98,9833,NULL,,Y,37.66386,37,39.832,NULL,-82.37737,82,22.642,NULL,N,NULL,NULL,NULL,NULL,NULL,NULL,NULL,NULL,7,3,2,6,1,1,2,2,7,3,Y,NULL,Y,Y,1637,1657,1657,N,NULL,54,,,N,,N,N,098-CR-1395Q4-0,NULL,NULL,2022,B,7.27723E+11,098-CR-1395Q4-000,HIGH,098-CR-1395Q4-000,0.063,0,0,1,0,0,0,1,0,0,0,0,1,0
72882207,980100,2.023E+11,20230401,1538,,,BYPASS,S,RD,KY1426,KY1426,0,098 KY-1426,KY1426,N,Y,HUFFMAN,,AVE,N,NULL,NULL,NULL,NULL,NULL,NULL,6.117,NULL,NULL,NULL,NULL,,NULL,0,0,2,2,N,N,55,NULL,98,9801,NULL,,Y,37.4769,37,28.614,NULL,-82.51706,82,31.024,NULL,N,NULL,NULL,NULL,NULL,NULL,NULL,NULL,NULL,1,3,2,6,1,1,7,2,7,3,N,NULL,Y,N,1538,1541,1619,N,NULL,10,,0,N,,N,N,098-KY-1426-0,NULL,NULL,2023,O,7.28822E+11,098-KY-1426  -000,HIGH,098-KY-1426  -000,6.117,0,0,1,1,0,0,0,0,0,0,1,0,0
72868741,KSP0900,23-52028,20230209,2000,,,KY194,,,KY0194,KY0194,0,098 KY-194,KY0194,N,N,NULL,NULL,NULL,N,NULL,NULL,NULL,NULL,NULL,NULL,40.667,NULL,NULL,NULL,NULL,,NULL,1,0,1,1,N,N,55,NULL,98,9870,NULL,,Y,37.42898,37,25.739,NULL,-82.25095,82,15.057,NULL,N,NULL,NULL,NULL,NULL,NULL,NULL,NULL,NULL,9,3,2,3,1,1,2,6,7,3,N,NULL,Y,Y,131,330,330,N,NULL,44,8,0,N,,N,N,098-KY-0194-0,NULL,NULL,2023,A,7.28687E+11,098-KY-0194  -000,HIGH,098-KY-0194  -000,40.694,0,0,0,0,0,0,0,0,0,0,0,1,0
72910874,980000,2306004,20230614,1255,,20,STATE HWY 319,,,,,,,,Y,N,NULL,NULL,NULL,N,NULL,NULL,NULL,NULL,NULL,NULL,NULL,NULL,NULL,NULL,NULL,NULL,NULL,0,0,2,2,N,N,10,NULL,98,9852,0.1,N,N,37.63958,37,38.375,NULL,-82.25804,82,15.482,NULL,N,NULL,NULL,NULL,NULL,NULL,NULL,NULL,NULL,2,97,2,4,1,1,3,2,1,3,N,NULL,Y,Y,1257,1300,1320,N,NULL,90,,,N,,N,N,,NULL,NULL,2023,O,7.29109E+11,098-KY-0319  -000,MEDIUM,098-KY-0319  -000,6.905,0,0,0,0,0,0,1,0,0,0,0,0,0
72900821,KSP0900,23-183799,20230514,2347,,,US119,N,,US0119,US0119,0,098 US-119,US0119,N,N,NULL,NULL,NULL,N,NULL,NULL,NULL,NULL,NULL,NULL,24.836,NULL,NULL,NULL,NULL,,NULL,0,0,2,2,Y,N,5,NULL,98,9834,NULL,,Y,37.66737,37,40.042,NULL,-82.27609,82,16.566,NULL,N,NULL,NULL,NULL,NULL,NULL,NULL,NULL,NULL,2,7,0,6,1,1,2,5,1,3,N,NULL,N,N,2347,2347,2347,N,NULL,47,2,1,N,,N,N,098-US-0119-0,NULL,NULL,2023,NULL,7.29008E+11,098-US-0119  -000,HIGH,098-US-0119  -000,24.915,0,0,0,0,0,0,1,0,0,0,0,0,0
72885581,KSP0900,23-118080,20230328,1538,,,US119,,,US0119,US0119,0,098 US-119-10,US0119,N,N,NULL,NULL,NULL,N,NULL,NULL,NULL,NULL,NULL,NULL,24.075,NULL,NULL,NULL,NULL,,NULL,2,0,2,2,N,N,55,NULL,98,9834,NULL,,Y,37.65668,37,39.401,NULL,-82.27084,82,16.25,NULL,N,NULL,NULL,NULL,NULL,NULL,NULL,NULL,NULL,5,3,4,6,1,1,2,2,7,3,Y,NULL,Y,Y,1538,1610,1623,N,NULL,49,2,1,N,,N,N,098-US-0119-10,NULL,NULL,2023,C,7.28856E+11,098-US-0119  -010,HIGH,098-US-0119  -000,24.075,0,0,0,1,0,0,0,0,0,0,0,0,0
72855622,KSP0900,23-22420,20230118,800,,,US460,,,US0460,US0460,0,098 US-460,US0460,N,N,NULL,NULL,NULL,N,NULL,NULL,NULL,NULL,NULL,NULL,7.058,NULL,NULL,NULL,NULL,,NULL,2,0,1,1,N,N,55,NULL,98,9832,NULL,,Y,37.3888,37,23.328,NULL,-82.43412,82,26.047,NULL,N,NULL,NULL,NULL,NULL,NULL,NULL,NULL,NULL,9,3,2,3,1,1,2,3,6,3,Y,NULL,Y,Y,801,834,900,N,NULL,70,,1,N,,N,N,098-US-0460-0,NULL,NULL,2023,B,7.28556E+11,098-US-0460  -000,HIGH,098-US-0460  -000,7.065,0,0,0,1,0,0,1,0,0,0,0,1,0
72887870,980100,2.023E+11,20230405,655,,,KY1426,,,KY1426,KY1426,0,098 KY-1426,KY1426,N,Y,KY1460 TURN LANE,,,N,NULL,NULL,NULL,NULL,NULL,NULL,6.603,NULL,NULL,NULL,NULL,,NULL,1,0,2,2,N,N,45,NULL,98,9801,NULL,,Y,37.48301,37,28.98,NULL,-82.5133,82,30.798,NULL,N,NULL,NULL,NULL,NULL,NULL,NULL,NULL,NULL,3,3,2,6,1,1,2,1,7,3,Y,NULL,Y,Y,655,656,843,N,NULL,52,,0,N,,N,N,098-KY-1426-0,NULL,NULL,2023,C,7.28879E+11,098-KY-1426  -000,HIGH,098-KY-1426  -000,6.602,0,0,1,0,0,0,0,0,0,0,1,0,0
72820300,KSP0900,22-409436,20221024,1043,,,DAVIN ST,,,,,,,,Y,N,NULL,NULL,NULL,N,NULL,NULL,NULL,NULL,NULL,NULL,NULL,NULL,NULL,NULL,NULL,,NULL,0,0,1,1,N,N,15,NULL,98,9801,NULL,,Y,37.51472,37,30.883,NULL,-82.51868,82,31.121,NULL,N,NULL,NULL,NULL,NULL,NULL,NULL,NULL,NULL,9,97,1,4,3,1,2,2,1,3,N,NULL,Y,N,1043,1110,1110,N,NULL,90,,,N,,N,N,,NULL,NULL,2022,NULL,7.28203E+11,098-CR-1483  -000,MEDIUM,098-CR-1483  -000,0.499,0,0,0,0,0,0,0,0,0,0,0,1,0
72863438,980000,23-01-005,20230208,745,,,US119,,,US0119,US0119,0,098 US-119-10,US0119,N,N,NULL,NULL,NULL,N,NULL,NULL,NULL,NULL,NULL,NULL,1.984,NULL,NULL,NULL,NULL,,NULL,0,0,2,2,N,N,15,NULL,98,9801,1,N,N,37.51248,37,30.749,NULL,-82.49979,82,29.988,NULL,N,NULL,NULL,NULL,NULL,NULL,NULL,NULL,NULL,5,3,2,4,1,5,3,1,8,3,N,NULL,Y,N,748,749,750,N,NULL,70,2,1,N,,N,N,098-US-0119-10,NULL,NULL,2023,O,7.28634E+11,098-US-0119  -010,HIGH,098-US-0119  -000,1.977,0,0,0,0,0,0,1,0,0,0,0,0,0
72857457,KSP0900,23-29744,20230123,1943,,,US23,,,US0023,US0023,0,098 US-23,US0023,N,N,NULL,NULL,NULL,N,NULL,NULL,NULL,NULL,NULL,NULL,17.611,NULL,NULL,NULL,NULL,,NULL,0,0,1,1,N,N,55,NULL,98,9801,NULL,,Y,37.42364,37,25.418,NULL,-82.51685,82,31.011,NULL,N,NULL,NULL,NULL,NULL,NULL,NULL,NULL,NULL,9,3,4,6,1,5,3,4,7,3,N,NULL,Y,N,1943,2021,2021,N,NULL,38,,1,N,,N,N,098-US-0023-0,NULL,NULL,2023,O,7.28575E+11,098-US-0023  -000,HIGH,098-US-0023  -000,17.598,0,0,0,0,0,0,0,0,0,0,0,0,0
72941048,980100,2.023E+11,20230901,1128,,680,HAMBLEY,,BLVD,,,0,098 CS-1222,CS1222,Y,N,NULL,NULL,NULL,N,NULL,NULL,NULL,NULL,NULL,NULL,0.659,NULL,NULL,NULL,NULL,,NULL,0,0,2,2,N,N,NULL,NULL,98,9801,NULL,,Y,37.48045,37,28.827,NULL,-82.51904,82,31.143,NULL,N,NULL,NULL,NULL,NULL,NULL,NULL,NULL,NULL,8,97,NULL,6,1,1,2,2,5,3,N,NULL,Y,N,1128,1128,1129,N,NULL,90,,,N,,N,N,098-CS-1222-0,NULL,NULL,2023,O,7.2941E+11,098-CS-1222  -000,HIGH,098-CS-1222  -000,0.658,0,0,0,0,0,0,0,0,0,0,0,0,0
72869150,KSP0900,23-70308,20230223,1215,,,CASSIDY,,BLVD,,,,,,N,N,NULL,NULL,NULL,N,NULL,NULL,NULL,NULL,NULL,NULL,0.047,NULL,NULL,NULL,NULL,,NULL,0,0,2,2,N,N,25,NULL,98,9801,NULL,,Y,37.50369,37,30.221,NULL,-82.53293,82,31.976,NULL,N,NULL,NULL,NULL,NULL,NULL,NULL,NULL,NULL,1,3,3,6,1,1,2,2,1,3,N,NULL,Y,N,1215,1215,1215,N,NULL,55,,,N,,N,N,,NULL,NULL,2023,O,7.28692E+11,098-CS-1191  -000,MEDIUM,098-CS-1191  -000,0.045,0,0,0,0,0,0,0,1,0,0,0,0,0
72873256,KSP0900,23-90308,20230308,1322,,,FISHTRAP,,RD,KY1441,KY1441,0,098 KY-1441,KY1441,N,N,NULL,NULL,NULL,N,NULL,NULL,NULL,NULL,NULL,NULL,0.525,NULL,NULL,NULL,NULL,,NULL,0,0,1,1,N,N,55,NULL,98,9832,NULL,,Y,37.40769,37,24.461,NULL,-82.44083,82,26.449,NULL,N,NULL,NULL,NULL,NULL,NULL,NULL,NULL,NULL,9,3,2,3,1,1,2,2,6,3,N,NULL,Y,N,1322,1325,1400,N,NULL,44,,5,N,,N,N,098-KY-1441-0,NULL,NULL,2023,O,7.28733E+11,098-KY-1441  -000,HIGH,098-KY-1441  -000,0.512,0,0,0,1,0,0,1,0,0,0,0,1,0
72943847,980100,2.023E+11,20230908,1508,,,US23,,,US0023,US0023,0,098 US-23-10,US0023,N,N,NULL,NULL,NULL,N,NULL,NULL,NULL,NULL,NULL,NULL,26.31,NULL,NULL,NULL,NULL,,NULL,0,0,2,2,N,N,55,NULL,98,9801,NULL,,Y,37.50406,37,30.244,NULL,-82.53218,82,31.931,NULL,N,NULL,NULL,NULL,NULL,NULL,NULL,NULL,NULL,8,3,4,6,1,1,2,2,3,3,N,NULL,Y,N,1508,1514,1514,N,NULL,53,,1,N,,N,N,098-US-0023-10,NULL,NULL,2023,O,7.29438E+11,098-US-0023  -010,HIGH,098-US-0023  -000,26.247,0,0,1,0,0,0,1,0,0,0,0,1,0
72881360,KSP0900,23-118995,20230329,1116,,,US23,,,US0023,US0023,0,098 US-23,US0023,N,N,NULL,NULL,NULL,N,NULL,NULL,NULL,NULL,NULL,NULL,11.827,NULL,NULL,NULL,NULL,,NULL,0,0,2,2,N,N,55,NULL,98,9827,NULL,,Y,37.36078,37,21.647,NULL,-82.55507,82,33.304,NULL,N,NULL,NULL,NULL,NULL,NULL,NULL,NULL,NULL,8,3,4,6,1,1,2,2,7,3,N,NULL,Y,N,1116,1130,1130,N,NULL,53,,1,N,,N,N,098-US-0023-0,NULL,NULL,2023,O,7.28814E+11,098-US-0023  -000,HIGH,098-US-0023  -000,11.819,0,0,0,0,0,0,0,0,0,0,0,1,0
72868739,980100,2.023E+11,20230223,755,,,OWSLEY,,RD,KY1384,KY1384,0,098 KY-1384,KY1384,N,N,NULL,NULL,NULL,N,NULL,NULL,NULL,NULL,NULL,NULL,1.094,NULL,NULL,NULL,NULL,,NULL,0,0,1,1,N,N,35,NULL,98,9801,NULL,,Y,37.52031,37,31.218,NULL,-82.61013,82,36.608,NULL,N,NULL,NULL,NULL,NULL,NULL,NULL,NULL,NULL,9,5,2,3,1,5,6,2,7,3,N,NULL,Y,N,756,759,800,N,NULL,51,,0,N,,N,N,098-KY-1384-0,NULL,NULL,2023,O,7.28687E+11,098-KY-1384  -000,HIGH,098-KY-1384  -000,1.106,0,0,0,0,0,0,0,0,0,0,0,1,0
72844499,980100,2.022E+11,20221213,1530,,117,BAIRD,,AVE,KY1426,KY1426,,,,Y,N,NULL,NULL,NULL,N,NULL,NULL,NULL,NULL,NULL,NULL,5.418,NULL,NULL,NULL,NULL,,NULL,0,0,2,2,N,N,15,NULL,98,9801,NULL,,Y,37.47295,37,28.377,NULL,-82.52702,82,31.621,NULL,N,NULL,NULL,NULL,NULL,NULL,NULL,NULL,NULL,5,97,NULL,6,1,1,2,2,5,3,N,NULL,Y,N,1533,1545,1545,N,NULL,90,,0,N,,N,N,,NULL,NULL,2022,O,7.28445E+11,098-KY-1426  -000,HIGH,098-KY-1426  -000,5.418,0,0,0,1,0,0,0,0,0,0,0,0,0
72834101,980100,2.022E+11,20221125,1305,,,BYPASS,S,RD,KY1426,KY1426,0,098 KY-1426,KY1426,N,N,NULL,NULL,NULL,N,NULL,NULL,NULL,NULL,NULL,NULL,6.116,NULL,NULL,NULL,NULL,,NULL,0,0,2,2,N,N,45,NULL,98,9801,NULL,,Y,37.47689,37,28.613,NULL,-82.51707,82,31.024,NULL,N,NULL,NULL,NULL,NULL,NULL,NULL,NULL,NULL,5,3,2,6,1,5,3,2,7,3,N,NULL,Y,N,1305,1309,1310,N,NULL,49,,0,N,,N,N,098-KY-1426-0,NULL,NULL,2022,O,7.28341E+11,098-KY-1426  -000,HIGH,098-KY-1426  -000,6.116,0,0,0,0,0,0,1,0,0,0,0,0,0
72931355,980100,2.023E+11,20230807,212,,,US23,,,US0023,US0023,0,098 US-23,US0023,N,N,NULL,NULL,NULL,N,NULL,NULL,NULL,NULL,NULL,NULL,19.495,NULL,NULL,NULL,NULL,,NULL,1,0,1,1,N,N,55,NULL,98,9801,NULL,,Y,37.44747,37,26.848,NULL,-82.50481,82,30.288,NULL,N,NULL,NULL,NULL,NULL,NULL,NULL,NULL,NULL,9,6,4,6,1,1,2,6,7,3,Y,NULL,Y,Y,212,219,316,Y,NULL,51,,1,N,,N,N,098-US-0023-0,NULL,NULL,2023,B,7.29314E+11,098-US-0023  -000,HIGH,098-US-0023  -000,19.445,0,0,1,0,0,0,0,0,0,0,0,1,0
72953887,980100,2.023E+11,20230926,1734,,,US23,,,US0023,US0023,0,098 US-23-10,US0023,N,N,NULL,NULL,NULL,N,NULL,NULL,NULL,NULL,NULL,NULL,24.107,NULL,NULL,NULL,NULL,,NULL,1,0,3,3,N,N,55,NULL,98,9801,NULL,,Y,37.47673,37,28.604,NULL,-82.53979,82,32.388,NULL,N,NULL,NULL,NULL,NULL,NULL,NULL,NULL,NULL,5,3,4,6,1,1,2,2,1,3,N,NULL,Y,Y,1734,1746,1746,N,NULL,49,,1,N,,N,N,098-US-0023-10,NULL,NULL,2023,C,7.29539E+11,098-US-0023  -010,HIGH,098-US-0023  -000,24.035,0,0,0,0,0,0,1,0,0,0,0,0,0