MasterFile,AgencyORINumber,LocalCode,CollisionDate,CollisionTime,CollisionDayWeekCode,RoadwayName_HouseBusinessNumber_,RoadwayName_RoadwayName_,RoadwayName_Direction_,RoadwayName_RoadwaySuffix_,RoadwayfromReport,CurrentRoadwayNumber,RoadwayNumberCoupletID,RSEUniqueGIS,RoadwayIdentifier,ParkingLotIndicator,IntersectionWith_Indicator_,IntersectionWith_NameRoadway_,IntersectionWith_Direction_,IntersectionWith_RoadwaySuffix_,BetweenStreets_Indicator_,BetweenStreets1_NameRoadway_,BetweenStreet1_Direction_,BetweenStreets1_RoadwaySuffix_,BetweenStreets2_NameRoadway_,BetweenStreets2_Direction_,BetweenStreets2_RoadwaySuffix_,Milepoint,ReportMilepointDeriveNumber,CurrentDerivedMiepointNumber,MilestoMilepoint,FeettoMilepoint,DirectionfromMilepoint_NSEW_,ValidMilepointIndicator,NumberInjured,NumberKilled,ofUnits,ofMotorVehicleUnits,Hit&RunIndicator,OneWayIndicator,SpeedLimitNumber,KilometersIndicator,CountyCode,CityCountyCode,MilesFromCity,DirectionFromCity_NSEW_,InCityLimitsIndicator,Latitude,LatitudeDegrees,LatitudeMinutes,LatitudeSeconds,Longitude,LongitudeDegrees,LongitudeMinutes,LongitudeSeconds,RampIndicator,RampFromIdentifier,RampFromDirCode,RampFromCoupletID,RSEUniqueGISRampFrom,RampToidentifier,RampToDirCode,RampToCoupletID,RSEUniqueGisRampTo,MannerofCollisionCode,LocationFirstEventCode,TotalLanes,RoadwayCharacterCode,RoadwaySurfaceCode,RoadwayConditionCode,WeatherCode,LightConditionCode,LandUseCode,SchoolBusRelatedCode,FirstAidSceneIndicator,CollDescPresentInd,InvestigationCompleteIndicator,PhotosTakenIndicator,TimeNotified,TimeArrived,TimeRoadwayOpened,PropertyDamageIndicator,DiagramPresentIndicator,DirectionalAnalysis,FunctionClassCode,NationalHwySysCode,EnforcementsIndicator,KARSCityCode,SecondaryCollisionIndicator,MedianCrossoverIndicator,RT_UNIQUE,MapIt,TimeLastLeft,YR,KABCO,MFNY,WorkingRID,RT_CONFIDENCE,KTC_RT,KTC_MP,Motorcyclist,CommercialVehicle,YoungDriver,MatureDriver,pedestrian,Bicyclist,Distracted,agressive,Impaired,Unrestrained,Intersection,RoadwayDeparture,MedXover
72914564,KSP0900,23-237626,20230623,8,,,KY122,,,KY0122,KY0122,0,098 KY-122,KY0122,N,N,NULL,NULL,NULL,N,NULL,NULL,NULL,NULL,NULL,NULL,7.285,NULL,NULL,NULL,NULL,,NULL,1,0,1,1,N,N,55,NULL,98,9823,NULL,,Y,37.37469,37,22.481,NULL,-82.58584,82,35.15,NULL,N,NULL,NULL,NULL,NULL,NULL,NULL,NULL,NULL,9,3,2,3,1,5,3,6,7,3,N,NULL,Y,Y,10,20,140,N,NULL,44,,0,N,,N,N,098-KY-0122-0,NULL,NULL,2023,C,7.29146E+11,098-KY-0122  -000,HIGH,098-KY-0122  -000,7.29,0,0,0,0,0,0,0,0,0,0,0,1,0
72831878,980100,2.022E+11,20221116,2110,,,CASSIDY,,BLVD,,,0,098 CS-1191,CS1191,N,Y,US119,,,N,NULL,NULL,NULL,NULL,NULL,NULL,0.007,NULL,NULL,NULL,NULL,,NULL,0,0,2,2,N,N,55,NULL,98,9801,NULL,,Y,37.50375,37,30.225,NULL,-82.53227,82,31.936,NULL,N,NULL,NULL,NULL,NULL,NULL,NULL,NULL,NULL,3,3,4,6,1,1,2,5,7,3,N,NULL,Y,N,2110,2115,2202,N,NULL,52,,,N,,N,N,098-CS-1191-0,NULL,NULL,2022,O,7.28319E+11,098-CS-1191  -000,HIGH,098-CS-1191  -000,0.007,0,0,1,0,0,0,1,1,0,0,1,0,0
72859994,KSP0900,23-35294,20230128,1618,,,US460,,,US0460,US0460,0,098 US-460,US0460,N,N,NULL,NULL,NULL,N,NULL,NULL,NULL,NULL,NULL,NULL,4.483,NULL,NULL,NULL,NULL,,NULL,0,0,2,2,N,N,45,NULL,98,9824,NULL,,Y,37.41676,37,25.006,NULL,-82.45424,82,27.254,NULL,N,NULL,NULL,NULL,NULL,NULL,NULL,NULL,NULL,5,3,2,6,1,1,2,2,7,3,N,NULL,Y,N,1621,1626,,N,NULL,49,,1,Y,,N,N,098-US-0460-0,NULL,NULL,2023,O,7.286E+11,098-US-0460  -000,HIGH,098-US-0460  -000,4.484,1,0,0,0,0,0,0,0,0,0,0,0,0
72868604,KSP0900,23-63287,20230218,1044,,,KY2062,,,KY2062,KY2062,0,098 KY-2062,KY2062,N,N,NULL,NULL,NULL,N,NULL,NULL,NULL,NULL,NULL,NULL,2.678,NULL,NULL,NULL,NULL,,NULL,0,0,1,1,N,N,55,NULL,98,9825,NULL,,Y,37.51206,37,30.723,NULL,-82.10002,82,6.001,NULL,N,NULL,NULL,NULL,NULL,NULL,NULL,NULL,NULL,9,5,2,3,1,1,2,2,7,3,N,NULL,Y,Y,1045,1103,1105,N,NULL,44,8,0,N,,N,N,098-KY-2062-0,NULL,NULL,2023,O,7.28686E+11,098-KY-2062  -000,HIGH,098-KY-2062  -000,2.678,0,0,0,0,0,0,0,0,0,0,0,1,0
72868314,KSP0900,23-67118,20230221,730,,,KY80,,,KY0080,KY0080,0,098 KY-80,KY0080,N,N,NULL,NULL,NULL,N,NULL,NULL,NULL,NULL,NULL,NULL,0.148,NULL,NULL,NULL,NULL,,NULL,0,0,1,1,N,N,55,NULL,98,9849,NULL,,Y,37.34018,37,20.411,NULL,-82.37352,82,22.411,NULL,N,NULL,NULL,NULL,NULL,NULL,NULL,NULL,NULL,9,3,2,6,1,5,10,2,7,3,N,NULL,N,N,800,900,900,N,NULL,40,7,5,N,,N,N,098-KY-0080-0,NULL,NULL,2023,O,7.28683E+11,098-KY-0080  -000,HIGH,098-KY-0080  -000,0.135,0,0,0,0,0,0,0,0,0,0,0,1,0
72912901,KSP0900,23-226232,20230614,1312,,,POUNDING MILL,,RD,,,0,098 CR-1526,CR1526,N,N,NULL,NULL,NULL,N,NULL,NULL,NULL,NULL,NULL,NULL,1.487,NULL,NULL,NULL,NULL,,NULL,0,0,2,2,N,N,35,NULL,98,9811,NULL,,Y,37.57005,37,34.203,NULL,-82.15578,82,9.347,NULL,N,NULL,NULL,NULL,NULL,NULL,NULL,NULL,NULL,7,3,1,2,1,1,2,2,7,3,N,NULL,Y,Y,1312,1359,1606,N,NULL,54,,,N,,N,N,098-CR-1526-0,NULL,NULL,2023,O,7.29129E+11,098-CR-1526  -000,HIGH,098-CR-1526  -000,1.515,0,0,0,0,0,0,1,0,0,0,0,1,0
72856712,KSP0900,23-24713,20230119,2017,,,TOLER,,RD,KY0319,KY0319,0,098 KY-319,KY0319,N,N,NULL,NULL,NULL,N,NULL,NULL,NULL,NULL,NULL,NULL,2.656,NULL,NULL,NULL,NULL,,NULL,1,0,1,1,N,N,55,NULL,98,9842,NULL,,Y,37.60311,37,36.187,NULL,-82.21159,82,12.695,NULL,N,NULL,NULL,NULL,NULL,NULL,NULL,NULL,NULL,9,3,2,3,1,1,2,6,7,3,N,NULL,N,Y,2019,2032,2032,N,NULL,44,7,0,N,,N,N,098-KY-0319-0,NULL,NULL,2023,C,7.28567E+11,098-KY-0319  -000,HIGH,098-KY-0319  -000,2.655,0,0,0,0,0,0,1,0,0,0,0,1,0
72896310,KSP0900,23-171985,20230506,1625,,,HOPKINS,,FRK,,,0,098 CR-1223Q3,CR1223Q3,N,N,NULL,NULL,NULL,N,NULL,NULL,NULL,NULL,NULL,NULL,0.885,NULL,NULL,NULL,NULL,,NULL,1,0,1,1,N,N,55,NULL,98,9802,18,N,N,37.32618,37,19.571,NULL,-82.52136,82,31.282,NULL,N,NULL,NULL,NULL,NULL,NULL,NULL,NULL,NULL,9,4,1,6,1,1,2,2,7,3,Y,NULL,Y,Y,1625,1642,1717,N,NULL,40,,,N,,N,N,098-CR-1223Q3-0,NULL,NULL,2023,B,7.28963E+11,098-CR-1223Q3-000,HIGH,098-CR-1223Q3-000,0.891,1,0,0,0,0,0,0,0,0,0,0,1,0
72925558,KSP0900,23-335449,20230723,2340,,,KY1056,,,KY1056,KY1056,0,098 KY-1056,KY1056,N,N,NULL,NULL,NULL,N,NULL,NULL,NULL,NULL,NULL,NULL,6.34,NULL,NULL,NULL,NULL,,NULL,0,0,1,1,N,N,55,NULL,98,9879,NULL,,Y,37.56681,37,34.009,NULL,-82.18809,82,11.285,NULL,N,NULL,NULL,NULL,NULL,NULL,NULL,NULL,NULL,9,3,2,3,1,1,2,7,7,3,N,NULL,N,N,2340,2350,10,N,NULL,70,7,0,N,,N,N,098-KY-1056-0,NULL,NULL,2023,NULL,7.29256E+11,098-KY-1056  -000,HIGH,098-KY-1056  -000,6.328,0,0,0,0,0,0,0,0,0,0,0,1,0
72864459,980100,2.023E+11,20230206,1703,,,KY1426,,,KY1426,KY1426,0,098 KY-1426,KY1426,Y,N,NULL,NULL,NULL,N,NULL,NULL,NULL,NULL,NULL,NULL,6.745,NULL,NULL,NULL,NULL,,NULL,0,0,2,2,Y,N,15,NULL,98,9801,NULL,,Y,37.48429,37,29.057,NULL,-82.5113,82,30.678,NULL,N,NULL,NULL,NULL,NULL,NULL,NULL,NULL,NULL,1,97,2,6,1,1,3,2,1,3,N,NULL,Y,N,1703,1704,,N,NULL,90,,0,N,,N,N,098-KY-1426-0,NULL,NULL,2023,NULL,7.28645E+11,098-KY-1426  -000,HIGH,098-KY-1426  -000,6.747,0,0,0,0,0,0,0,0,0,0,0,0,0
72942671,980100,2.023E+11,20230831,1606,,,CASSIDY,,BLVD,,,0,098 CS-1191,CS1191,N,N,NULL,NULL,NULL,N,NULL,NULL,NULL,NULL,NULL,NULL,0.06,NULL,NULL,NULL,NULL,,NULL,0,0,2,2,N,N,25,NULL,98,9801,NULL,,Y,37.50367,37,30.22,NULL,-82.53313,82,31.988,NULL,N,NULL,NULL,NULL,NULL,NULL,NULL,NULL,NULL,1,3,2,6,1,1,2,2,1,3,N,NULL,Y,N,1606,1614,,N,NULL,55,,,N,,N,N,098-CS-1191-0,NULL,NULL,2023,O,7.29427E+11,098-CS-1191  -000,HIGH,098-CS-1191  -000,0.056,0,0,0,1,0,0,1,0,0,0,0,0,0
72820847,KSP0900,22-403737,20221020,142,,,AIRPORT,,RD,,,0,098 CR-1330Q4,CR1330Q4,N,N,NULL,NULL,NULL,N,NULL,NULL,NULL,NULL,NULL,NULL,0.929,NULL,NULL,NULL,NULL,,NULL,0,0,1,1,N,N,55,NULL,98,9801,NULL,,Y,37.56211,37,33.727,NULL,-82.57269,82,34.361,NULL,N,NULL,NULL,NULL,NULL,NULL,NULL,NULL,NULL,9,3,2,2,1,1,2,6,7,3,N,NULL,N,N,201,216,315,N,NULL,70,,,N,,N,N,098-CR-1330Q4-0,NULL,NULL,2022,O,7.28208E+11,098-CR-1330Q4-000,HIGH,098-CR-1330Q4-000,0.929,0,1,0,0,0,0,0,0,0,0,0,1,0
72891273,KSP0900,23-157034,20230425,1610,,,BELLE,,ST,,,0,098 CR-1833Q,CR1833Q,Y,N,NULL,NULL,NULL,N,NULL,NULL,NULL,NULL,NULL,NULL,0.083,NULL,NULL,NULL,NULL,,NULL,0,0,2,2,N,N,10,NULL,98,9804,NULL,,Y,37.51482,37,30.889,NULL,-82.15308,82,9.185,NULL,N,NULL,NULL,NULL,NULL,NULL,NULL,NULL,NULL,2,97,NULL,6,1,1,2,2,5,3,N,NULL,N,N,1613,1640,1640,N,NULL,90,,,N,,N,N,098-CR-1833Q-0,NULL,NULL,2023,O,7.28913E+11,098-CR-1833Q -000,HIGH,098-CR-1833Q -000,0.084,0,0,0,0,0,0,1,0,0,0,0,0,0
72820822,KSP0900,22-411736,20221025,2100,,,DORTON-JENKINS,,HWY,KY0805,KY0805,0,098 KY-805,KY0805,N,N,NULL,NULL,NULL,N,NULL,NULL,NULL,NULL,NULL,NULL,4.775,NULL,NULL,NULL,NULL,,NULL,0,0,1,1,N,N,45,NULL,98,9809,NULL,,Y,37.25402,37,15.241,NULL,-82.56721,82,34.033,NULL,N,NULL,NULL,NULL,NULL,NULL,NULL,NULL,NULL,9,3,2,6,1,1,2,6,7,3,N,NULL,Y,N,2100,2105,2105,N,NULL,38,7,0,N,,N,N,098-KY-0805-0,NULL,NULL,2022,O,7.28208E+11,098-KY-0805  -000,HIGH,098-KY-0805  -000,4.775,1,0,0,0,0,0,0,0,0,0,0,0,0
72887789,KSP0900,23-136288,20230410,1752,,,KY194,,,KY0194,KY0194,0,098 KY-194,KY0194,N,N,NULL,NULL,NULL,N,NULL,NULL,NULL,NULL,NULL,NULL,54.799,NULL,NULL,NULL,NULL,,NULL,0,0,2,2,N,N,35,NULL,98,9804,NULL,,Y,37.51069,37,30.641,NULL,-82.14679,82,8.808,NULL,N,NULL,NULL,NULL,NULL,NULL,NULL,NULL,NULL,1,3,2,6,1,1,2,2,7,3,N,NULL,Y,N,1752,1835,1800,N,NULL,55,8,0,N,,N,N,098-KY-0194-0,NULL,NULL,2023,O,7.28878E+11,098-KY-0194  -000,HIGH,098-KY-0194  -000,54.798,0,0,0,1,0,0,0,0,0,0,0,0,0
72852082,980100,2.022E+11,20221206,1716,,805,HAMBLEY,,BLVD,,,,,,Y,N,NULL,NULL,NULL,N,NULL,NULL,NULL,NULL,NULL,NULL,0.493,NULL,NULL,NULL,NULL,,NULL,0,0,2,2,N,N,NULL,NULL,98,9801,NULL,,Y,37.47834,37,28.7,NULL,-82.52045,82,31.227,NULL,N,NULL,NULL,NULL,NULL,NULL,NULL,NULL,NULL,2,97,NULL,6,2,1,2,5,5,3,N,NULL,Y,N,1718,1726,1726,N,NULL,90,,,N,,N,N,,NULL,NULL,2022,O,7.28521E+11,098-CS-1222  -000,MEDIUM,098-CS-1222  -000,0.493,0,0,0,1,0,0,0,0,0,0,0,0,0
72861694,980100,2.023E+11,20230203,1624,,,US23,,,US0023,US0023,0,098 US-23,US0023,N,N,NULL,NULL,NULL,N,NULL,NULL,NULL,NULL,NULL,NULL,27.367,NULL,NULL,NULL,NULL,,NULL,0,0,2,2,N,N,55,NULL,98,9801,NULL,,Y,37.5109,37,30.654,NULL,-82.54855,82,32.913,NULL,N,NULL,NULL,NULL,NULL,NULL,NULL,NULL,NULL,5,3,6,6,1,1,3,2,7,3,N,NULL,Y,N,1624,1634,1716,N,NULL,49,,1,N,,N,N,098-US-0023-0,NULL,NULL,2023,O,7.28617E+11,098-US-0023  -000,HIGH,098-US-0023  -000,27.361,0,0,1,0,0,0,1,1,0,0,0,0,0
72868450,KSP0900,23-63388,20230218,1221,,,US23,,,US0023,US0023,,,,N,N,NULL,NULL,NULL,N,NULL,NULL,NULL,NULL,NULL,NULL,22.49,NULL,NULL,NULL,NULL,,NULL,1,0,1,1,N,N,55,NULL,98,9801,NULL,,Y,37.46375,37,27.825,NULL,-82.5185,82,31.11,NULL,N,NULL,NULL,NULL,NULL,NULL,NULL,NULL,NULL,9,3,2,6,1,1,2,2,7,3,N,NULL,Y,Y,1221,1239,1330,N,NULL,44,,1,N,,N,N,,NULL,NULL,2023,B,7.28685E+11,098-US-0023  -000,MEDIUM,098-US-0023  -000,22.424,0,0,0,0,0,0,0,0,0,0,0,1,0
72850980,KSP0900,22-138812,20220422,2025,,,BIG BRANCH,,RD,,,,,,N,N,NULL,NULL,NULL,N,NULL,NULL,NULL,NULL,NULL,NULL,0.368,NULL,NULL,NULL,NULL,,NULL,0,0,2,2,N,N,45,NULL,98,9827,NULL,,Y,37.29482,37,17.689,NULL,-82.36562,82,21.937,NULL,N,NULL,NULL,NULL,NULL,NULL,NULL,NULL,NULL,1,3,2,6,1,1,2,6,7,3,N,NULL,Y,N,2025,2104,2104,N,NULL,55,,,N,,N,N,,NULL,NULL,2022,O,7.2851E+11,098-CR-1622  -000,LOW,098-CR-1622  -000,0.368,0,0,0,0,0,0,1,0,0,0,0,0,0
72961476,KSP0900,23-417406,20231008,830,,,BRUSHY,,RD,KY0881,KY0881,0,098 KY-881,KY0881,N,N,NULL,NULL,NULL,N,NULL,NULL,NULL,NULL,NULL,NULL,3.764,NULL,NULL,NULL,NULL,,NULL,0,0,1,1,N,N,55,NULL,98,9853,NULL,,Y,37.61117,37,36.67,NULL,-82.4108,82,24.648,NULL,N,NULL,NULL,NULL,NULL,NULL,NULL,NULL,NULL,9,4,2,6,1,1,10,2,7,3,N,NULL,Y,N,830,830,830,Y,NULL,40,8,0,N,,N,N,098-KY-0881-0,NULL,NULL,2023,O,7.29615E+11,098-KY-0881  -000,HIGH,098-KY-0881  -000,3.768,0,0,0,0,0,0,0,0,0,0,0,1,0
72868797,KSP0900,23-71442,20230224,610,,,KY632,,,KY0632,KY0632,0,098 KY-632,KY0632,N,N,NULL,NULL,NULL,N,NULL,NULL,NULL,NULL,NULL,NULL,0.321,NULL,NULL,NULL,NULL,,NULL,0,0,1,1,N,N,55,NULL,98,9817,NULL,,Y,37.49856,37,29.914,NULL,-82.34404,82,20.642,NULL,N,NULL,NULL,NULL,NULL,NULL,NULL,NULL,NULL,9,3,2,3,1,1,2,6,7,3,N,NULL,N,N,610,650,720,N,NULL,44,6,0,N,,N,N,098-KY-0632-0,NULL,NULL,2023,O,7.28688E+11,098-KY-0632  -000,HIGH,098-KY-0632  -000,0.323,0,0,0,0,0,0,0,0,0,0,0,1,0
72859679,980100,2.023E+11,20230125,744,,,BAIRD,,AVE,KY1426,KY1426,0,098 KY-1426,KY1426,N,N,NULL,NULL,NULL,N,NULL,NULL,NULL,NULL,NULL,NULL,5.391,NULL,NULL,NULL,NULL,,NULL,0,0,2,2,N,N,25,NULL,98,9801,NULL,,Y,37.47318,37,28.391,NULL,-82.52715,82,31.629,NULL,N,NULL,NULL,NULL,NULL,NULL,NULL,NULL,NULL,5,3,2,6,1,5,6,2,7,3,N,NULL,Y,N,744,747,749,N,NULL,49,,0,N,,N,N,098-KY-1426-0,NULL,NULL,2023,O,7.28597E+11,098-KY-1426  -000,HIGH,098-KY-1426  -000,5.401,0,0,0,0,0,0,0,0,0,0,0,0,0
72860473,KSP0900,2023-38701,20230130,2130,,,MIDDLE,,ST,,,0,098 CS-3009,CS3009,N,N,NULL,NULL,NULL,N,NULL,NULL,NULL,NULL,NULL,NULL,0.011,NULL,NULL,NULL,NULL,,NULL,0,0,1,1,N,N,35,NULL,98,9807,NULL,,Y,37.51711,37,31.027,NULL,-82.56348,82,33.809,NULL,N,NULL,NULL,NULL,NULL,NULL,NULL,NULL,NULL,9,3,2,6,1,1,2,5,7,3,N,NULL,Y,N,2130,2133,2133,Y,NULL,40,,,N,,N,N,098-CS-3009-0,NULL,NULL,2023,O,7.28605E+11,098-CS-3009  -000,HIGH,098-CS-3009  -000,0.012,0,1,0,0,0,0,1,0,0,0,0,1,0
72881151,980000,23-01-008,20230327,1700,,,KY2167,,,KY2167,KY2167,0,098 KY-2167,KY2167,N,N,NULL,NULL,NULL,N,NULL,NULL,NULL,NULL,NULL,NULL,0.241,NULL,NULL,NULL,NULL,,NULL,0,0,2,2,N,N,35,NULL,98,9823,NULL,,Y,37.38456,37,23.074,NULL,-82.54089,82,32.454,NULL,N,NULL,NULL,NULL,NULL,NULL,NULL,NULL,NULL,5,3,2,4,1,1,2,2,7,3,N,NULL,N,Y,1745,1745,1750,N,NULL,70,7,0,N,,N,N,098-KY-2167-0,NULL,NULL,2023,O,7.28812E+11,098-KY-2167  -000,HIGH,098-KY-2167  -000,0.242,0,0,0,1,0,0,1,0,0,0,0,0,0
72868302,KSP0900,23-57892,20230214,1234,,,US119,,,US0119,US0119,0,098 US-119,US0119,Y,N,NULL,NULL,NULL,N,NULL,NULL,NULL,NULL,NULL,NULL,23.958,NULL,NULL,NULL,NULL,,NULL,0,0,2,2,N,N,10,NULL,98,9834,NULL,,Y,37.65489,37,39.294,NULL,-82.2704,82,16.224,NULL,N,NULL,NULL,NULL,NULL,NULL,NULL,NULL,NULL,2,97,4,6,1,1,2,2,7,3,N,NULL,Y,N,1239,1300,1315,N,NULL,90,2,1,N,,N,N,098-US-0119-0,NULL,NULL,2023,O,7.28683E+11,098-US-0119  -000,HIGH,098-US-0119  -000,23.955,0,0,0,0,0,0,0,0,0,0,0,0,0
72861120,KSP0900,23-41252,20230202,445,,,LICK FORK,,RD,,,0,098 CR-1946,CR1946,N,N,NULL,NULL,NULL,N,NULL,NULL,NULL,NULL,NULL,NULL,0.894,NULL,NULL,NULL,NULL,,NULL,0,0,1,1,N,N,35,NULL,98,9809,NULL,,Y,37.25876,37,15.525,NULL,-82.60257,82,36.154,NULL,N,NULL,NULL,NULL,NULL,NULL,NULL,NULL,NULL,9,4,1,3,1,4,9,6,6,3,N,NULL,Y,N,445,459,445,N,NULL,51,,,N,,N,N,098-CR-1946-0,NULL,NULL,2023,O,7.28611E+11,098-CR-1946  -000,HIGH,098-CR-1946  -000,0.889,0,0,0,0,0,0,1,0,0,0,0,1,0
72876638,980100,2.023E+11,20230316,1759,,,US119,,,US0119,US0119,0,098 US-119,US0119,N,N,NULL,NULL,NULL,N,NULL,NULL,NULL,NULL,NULL,NULL,2.657,NULL,NULL,NULL,NULL,,NULL,0,0,2,2,N,N,55,NULL,98,9801,NULL,,Y,37.51402,37,30.841,NULL,-82.48778,82,29.267,NULL,N,NULL,NULL,NULL,NULL,NULL,NULL,NULL,NULL,8,3,2,5,1,1,2,2,2,3,N,NULL,Y,N,1759,1805,1805,N,NULL,53,2,1,N,,N,N,098-US-0119-0,NULL,NULL,2023,O,7.28766E+11,098-US-0119  -000,HIGH,098-US-0119  -000,2.656,0,0,0,0,0,0,1,0,0,0,0,1,0
72962222,980100,2.023E+11,20231018,1758,,183,CASSIDY,,BLVD,,,0,098 CS-1191,CS1191,Y,N,NULL,NULL,NULL,N,NULL,NULL,NULL,NULL,NULL,NULL,0.165,NULL,NULL,NULL,NULL,,NULL,0,0,2,2,N,N,NULL,NULL,98,9801,NULL,,Y,37.50362,37,30.217,NULL,-82.53473,82,32.084,NULL,N,NULL,NULL,NULL,NULL,NULL,NULL,NULL,NULL,2,97,NULL,6,1,1,2,2,1,3,N,NULL,Y,N,1759,1804,1818,N,NULL,90,,,N,,N,N,098-CS-1191-0,NULL,NULL,2023,O,7.29622E+11,098-CS-1191  -000,HIGH,098-CS-1191  -000,0.142,0,0,0,1,0,0,1,0,0,0,0,0,0
72948151,980100,2.023E+11,20230915,1752,,,CASSIDY,,BLVD,,,0,098 CS-1191,CS1191,Y,N,NULL,NULL,NULL,N,NULL,NULL,NULL,NULL,NULL,NULL,0.297,NULL,NULL,NULL,NULL,,NULL,0,0,2,2,N,N,15,NULL,98,9801,NULL,,Y,37.50509,37,30.305,NULL,-82.53677,82,32.207,NULL,N,NULL,NULL,NULL,NULL,NULL,NULL,NULL,NULL,2,97,2,6,1,1,2,2,1,3,N,NULL,Y,N,1752,1755,1755,N,NULL,90,,,N,,N,N,098-CS-1191-0,NULL,NULL,2023,O,7.29482E+11,098-CS-1191  -000,HIGH,098-CS-1191  -000,0.292,0,0,0,0,0,0,0,0,0,0,0,0,0
72811419,KSP0900,22-379517,20221001,949,,,STONE COAL CREEK,,RD,KY3227,KY3227,0,098 KY-3227,KY3227,N,N,NULL,NULL,NULL,N,NULL,NULL,NULL,NULL,NULL,NULL,1.892,NULL,NULL,NULL,NULL,,NULL,0,0,1,1,N,N,35,NULL,98,9801,NULL,,Y,37.53378,37,32.027,NULL,-82.53341,82,32.004,NULL,N,NULL,NULL,NULL,NULL,NULL,NULL,NULL,NULL,9,5,2,3,1,5,6,2,7,3,Y,NULL,N,N,949,1000,1030,N,NULL,44,8,0,N,,N,N,098-KY-3227-0,NULL,NULL,2022,O,7.28114E+11,098-KY-3227  -000,HIGH,098-KY-3227  -000,1.892,0,0,0,0,0,0,0,0,0,0,0,1,0
72849269,KSP0900,22-495293,20221228,547,,,COWPEN,,RD,KY2061,KY2061,0,098 KY-2061,KY2061,N,N,NULL,NULL,NULL,N,NULL,NULL,NULL,NULL,NULL,NULL,3.758,NULL,NULL,NULL,NULL,,NULL,1,0,1,1,N,N,55,NULL,98,9801,NULL,,Y,37.56389,37,33.834,NULL,-82.55834,82,33.501,NULL,N,NULL,NULL,NULL,NULL,NULL,NULL,NULL,NULL,9,3,2,2,1,2,2,6,7,3,N,NULL,Y,Y,547,604,645,N,NULL,70,,0,N,,N,N,098-KY-2061-0,NULL,NULL,2022,B,7.28493E+11,098-KY-2061  -000,HIGH,098-KY-2061  -000,3.758,0,0,1,0,0,0,0,1,0,0,0,1,0
72880623,KSP0900,23-108353,20230321,1926,,,KY1469,,,KY1469,KY1469,0,098 KY-1469,KY1469,N,N,NULL,NULL,NULL,N,NULL,NULL,NULL,NULL,NULL,NULL,5.058,NULL,NULL,NULL,NULL,,NULL,1,0,2,2,N,N,55,NULL,98,9827,NULL,,Y,37.29383,37,17.63,NULL,-82.66337,82,39.802,NULL,N,NULL,NULL,NULL,NULL,NULL,NULL,NULL,NULL,7,3,2,3,1,1,2,2,7,3,Y,NULL,Y,Y,1927,1948,2030,N,NULL,54,8,0,N,,N,N,098-KY-1469-0,NULL,NULL,2023,C,7.28806E+11,098-KY-1469  -000,HIGH,098-KY-1469  -000,5.074,0,1,0,0,0,0,1,0,0,0,0,1,0
72884834,KSP0900,23-134113,20230409,12,,,KY194,,,KY0194,KY0194,0,098 KY-194,KY0194,N,N,NULL,NULL,NULL,N,NULL,NULL,NULL,NULL,NULL,NULL,26.693,NULL,NULL,NULL,NULL,,NULL,0,0,1,1,N,N,45,NULL,98,9817,NULL,,Y,37.49727,37,29.836,NULL,-82.34949,82,20.97,NULL,N,NULL,NULL,NULL,NULL,NULL,NULL,NULL,NULL,9,3,2,6,1,1,2,6,7,3,N,NULL,N,N,0,12,30,N,NULL,44,7,0,N,,N,N,098-KY-0194-0,NULL,NULL,2023,O,7.28848E+11,098-KY-0194  -000,HIGH,098-KY-0194  -000,26.69,0,0,0,0,0,0,0,1,1,1,0,1,0
72933497,980000,23-07-002,20230731,945,,,PIKE,,ST,,,0,098 CS-2000,CS2000,N,N,NULL,NULL,NULL,N,NULL,NULL,NULL,NULL,NULL,NULL,0.053,NULL,NULL,NULL,NULL,,NULL,1,0,1,1,N,N,15,NULL,98,9802,NULL,,Y,37.30663,37,18.398,NULL,-82.35257,82,21.154,NULL,N,NULL,NULL,NULL,NULL,NULL,NULL,NULL,NULL,9,6,1,1,1,1,2,2,6,3,Y,NULL,Y,Y,945,947,1128,N,NULL,46,,,N,,N,N,098-CS-2000-0,NULL,NULL,2023,A,7.29335E+11,098-CS-2000  -000,HIGH,098-CS-2000  -000,0.053,0,0,0,1,0,0,0,0,0,1,0,1,0
72920269,980100,2.023E+11,20230706,2133,,,US460,,,US0460,US0460,0,098 US-460,US0460,Y,N,NULL,NULL,NULL,N,NULL,NULL,NULL,NULL,NULL,NULL,0.25,NULL,NULL,NULL,NULL,,NULL,0,0,2,2,N,N,15,NULL,98,9801,NULL,,Y,37.44039,37,26.423,NULL,-82.50952,82,30.571,NULL,N,NULL,NULL,NULL,NULL,NULL,NULL,NULL,NULL,1,97,2,6,1,1,2,5,1,3,N,NULL,Y,N,2133,2141,2141,N,NULL,90,,1,N,,N,N,098-US-0460-0,NULL,NULL,2023,O,7.29203E+11,098-US-0460  -000,HIGH,098-US-0460  -000,0.172,0,0,1,0,0,0,0,1,0,0,0,0,0
72875078,980100,2.023E+11,20230313,732,,,US23,,,US0023,US0023,0,098 US-23,US0023,N,N,NULL,NULL,NULL,N,NULL,NULL,NULL,NULL,NULL,NULL,21.592,NULL,NULL,NULL,NULL,,NULL,0,0,1,1,N,N,55,NULL,98,9801,NULL,,Y,37.45337,37,27.202,NULL,-82.52229,82,31.337,NULL,N,NULL,NULL,NULL,NULL,NULL,NULL,NULL,NULL,9,5,4,6,1,1,3,2,7,3,N,NULL,Y,N,732,742,743,N,NULL,44,,1,N,,N,N,098-US-0023-0,NULL,NULL,2023,O,7.28751E+11,098-US-0023  -000,HIGH,098-US-0023  -000,21.558,0,0,0,0,0,0,0,0,0,0,0,1,0