MasterFile,AgencyORINumber,LocalCode,CollisionDate,CollisionTime,CollisionDayWeekCode,RoadwayName_HouseBusinessNumber_,RoadwayName_RoadwayName_,RoadwayName_Direction_,RoadwayName_RoadwaySuffix_,RoadwayfromReport,CurrentRoadwayNumber,RoadwayNumberCoupletID,RSEUniqueGIS,RoadwayIdentifier,ParkingLotIndicator,IntersectionWith_Indicator_,IntersectionWith_NameRoadway_,IntersectionWith_Direction_,IntersectionWith_RoadwaySuffix_,BetweenStreets_Indicator_,BetweenStreets1_NameRoadway_,BetweenStreet1_Direction_,BetweenStreets1_RoadwaySuffix_,BetweenStreets2_NameRoadway_,BetweenStreets2_Direction_,BetweenStreets2_RoadwaySuffix_,Milepoint,ReportMilepointDeriveNumber,CurrentDerivedMiepointNumber,MilestoMilepoint,FeettoMilepoint,DirectionfromMilepoint_NSEW_,ValidMilepointIndicator,NumberInjured,NumberKilled,ofUnits,ofMotorVehicleUnits,Hit&RunIndicator,OneWayIndicator,SpeedLimitNumber,KilometersIndicator,CountyCode,CityCountyCode,MilesFromCity,DirectionFromCity_NSEW_,InCityLimitsIndicator,Latitude,LatitudeDegrees,LatitudeMinutes,LatitudeSeconds,Longitude,LongitudeDegrees,LongitudeMinutes,LongitudeSeconds,RampIndicator,RampFromIdentifier,RampFromDirCode,RampFromCoupletID,RSEUniqueGISRampFrom,RampToidentifier,RampToDirCode,RampToCoupletID,RSEUniqueGisRampTo,MannerofCollisionCode,LocationFirstEventCode,TotalLanes,RoadwayCharacterCode,RoadwaySurfaceCode,RoadwayConditionCode,WeatherCode,LightConditionCode,LandUseCode,SchoolBusRelatedCode,FirstAidSceneIndicator,CollDescPresentInd,InvestigationCompleteIndicator,PhotosTakenIndicator,TimeNotified,TimeArrived,TimeRoadwayOpened,PropertyDamageIndicator,DiagramPresentIndicator,DirectionalAnalysis,FunctionClassCode,NationalHwySysCode,EnforcementsIndicator,KARSCityCode,SecondaryCollisionIndicator,MedianCrossoverIndicator,RT_UNIQUE,MapIt,TimeLastLeft,YR,KABCO,MFNY,WorkingRID,RT_CONFIDENCE,KTC_RT,KTC_MP,Motorcyclist,CommercialVehicle,YoungDriver,MatureDriver,pedestrian,Bicyclist,Distracted,agressive,Impaired,Unrestrained,Intersection,RoadwayDeparture,MedXover
72962154,KSP0900,23-431051,20231021,1013,,,MALL,S,RD,,,0,098 PR-1010,PR1010,Y,N,NULL,NULL,NULL,N,NULL,NULL,NULL,NULL,NULL,NULL,0.382,NULL,NULL,NULL,NULL,,NULL,0,0,2,2,N,Y,NULL,NULL,98,9834,NULL,,Y,37.65564,37,39.338,NULL,-82.27248,82,16.349,NULL,N,NULL,NULL,NULL,NULL,NULL,NULL,NULL,NULL,5,97,NULL,3,1,1,2,2,5,3,N,NULL,Y,N,1013,1017,1017,N,NULL,90,,,N,,N,N,098-PR-1010-0,NULL,NULL,2023,O,7.29622E+11,098-PR-1010  -000,HIGH,098-PR-1010  -000,0.412,0,0,0,1,0,0,1,0,0,0,0,0,0
72943124,KSP0900,23-377150,20230831,1637,,,KY1426,,,KY1426,KY1426,0,098 KY-1426,KY1426,N,N,NULL,NULL,NULL,N,NULL,NULL,NULL,NULL,NULL,NULL,12.423,NULL,NULL,NULL,NULL,,NULL,0,0,2,2,N,N,55,NULL,98,9828,NULL,,Y,37.54177,37,32.506,NULL,-82.46817,82,28.09,NULL,N,NULL,NULL,NULL,NULL,NULL,NULL,NULL,NULL,7,3,2,6,1,1,2,2,7,3,N,NULL,N,N,1637,1645,1655,N,NULL,54,7,0,N,,N,N,098-KY-1426-0,NULL,NULL,2023,O,7.29431E+11,098-KY-1426  -000,HIGH,098-KY-1426  -000,12.423,0,0,0,0,0,0,0,0,0,0,0,1,0
72931927,KSP0900,23-352841,20230809,346,,,KY194,,,KY0194,KY0194,0,098 KY-194,KY0194,N,N,NULL,NULL,NULL,N,NULL,NULL,NULL,NULL,NULL,NULL,5.575,NULL,NULL,NULL,NULL,,NULL,0,0,1,1,N,N,55,NULL,98,9831,NULL,,Y,37.63387,37,38.032,NULL,-82.5566,82,33.396,NULL,N,NULL,NULL,NULL,NULL,NULL,NULL,NULL,NULL,9,3,2,6,1,1,2,6,7,3,N,NULL,Y,N,346,410,500,N,NULL,44,8,0,N,,N,N,098-KY-0194-0,NULL,NULL,2023,O,7.29319E+11,098-KY-0194  -000,HIGH,098-KY-0194  -000,5.56,0,1,0,0,0,0,0,0,0,0,0,1,0
72870696,KSP0900,23-79660,20230301,2012,,,US119,,,US0119,US0119,0,098 US-119-10,US0119,N,N,NULL,NULL,NULL,N,NULL,NULL,NULL,NULL,NULL,NULL,20.066,NULL,NULL,NULL,NULL,,NULL,0,0,1,1,N,N,55,NULL,98,9836,NULL,,Y,37.61327,37,36.796,NULL,-82.2711,82,16.266,NULL,N,NULL,NULL,NULL,NULL,NULL,NULL,NULL,NULL,9,3,2,3,1,1,2,6,7,3,N,NULL,Y,N,2012,2012,2012,N,NULL,38,2,1,N,,N,N,098-US-0119-10,NULL,NULL,2023,O,7.28707E+11,098-US-0119  -010,HIGH,098-US-0119  -000,20.071,0,0,0,0,0,0,0,0,0,0,0,0,0
72870860,KSP0900,23-80043,20230302,808,,,SHELBY DRY,,FRK,,,0,098 CR-1257,CR1257,N,N,NULL,NULL,NULL,N,NULL,NULL,NULL,NULL,NULL,NULL,1.561,NULL,NULL,NULL,NULL,,NULL,0,0,1,1,N,N,35,NULL,98,9824,NULL,,Y,37.40314,37,24.188,NULL,-82.49347,82,29.608,NULL,N,NULL,NULL,NULL,NULL,NULL,NULL,NULL,NULL,9,5,1,3,1,5,5,2,6,3,N,NULL,Y,N,808,824,900,N,NULL,51,,,N,,N,N,098-CR-1257-0,NULL,NULL,2023,O,7.28709E+11,098-CR-1257  -000,HIGH,098-CR-1257  -000,1.6,0,0,0,0,0,0,0,0,0,0,0,1,0
72914729,KSP0900,23-238435,20230624,1331,,,KY194,,,KY0194,KY0194,0,098 KY-194,KY0194,N,N,NULL,NULL,NULL,N,NULL,NULL,NULL,NULL,NULL,NULL,20.897,NULL,NULL,NULL,NULL,,NULL,0,0,1,1,N,N,55,NULL,98,9817,NULL,,Y,37.5404,37,32.424,NULL,-82.39301,82,23.58,NULL,N,NULL,NULL,NULL,NULL,NULL,NULL,NULL,NULL,9,3,2,4,1,1,3,2,7,3,N,NULL,Y,N,1331,1408,1408,N,NULL,38,6,0,N,,N,N,098-KY-0194-0,NULL,NULL,2023,O,7.29147E+11,098-KY-0194  -000,HIGH,098-KY-0194  -000,20.883,0,0,1,0,0,0,0,0,0,0,0,0,0
72912752,KSP0900,23-220925,20230610,1457,,,KY194,,,KY0194,KY0194,0,098 KY-194,KY0194,N,N,NULL,NULL,NULL,N,NULL,NULL,NULL,NULL,NULL,NULL,26.854,NULL,NULL,NULL,NULL,,NULL,0,0,2,2,N,N,55,NULL,98,9817,NULL,,Y,37.49522,37,29.713,NULL,-82.35086,82,21.052,NULL,N,NULL,NULL,NULL,NULL,NULL,NULL,NULL,NULL,5,3,2,4,1,1,2,2,7,3,N,NULL,Y,N,1457,1457,1457,N,NULL,49,7,0,N,,N,N,098-KY-0194-0,NULL,NULL,2023,O,7.29128E+11,098-KY-0194  -000,HIGH,098-KY-0194  -000,26.856,0,1,0,0,0,0,0,0,0,0,0,0,0
72940384,KSP0900,23-376049,20230830,1713,,,DOUGLAS,,PARK,,,0,098 CR-1704,CR1704,N,N,NULL,NULL,NULL,N,NULL,NULL,NULL,NULL,NULL,NULL,0.067,NULL,NULL,NULL,NULL,,NULL,0,0,2,2,Y,N,15,NULL,98,9824,NULL,,Y,37.37915,37,22.749,NULL,-82.53936,82,32.362,NULL,N,NULL,NULL,NULL,NULL,NULL,NULL,NULL,NULL,2,97,0,6,3,1,2,2,1,3,N,NULL,N,N,1737,1741,1741,N,NULL,47,,,N,,N,N,098-CR-1704-0,NULL,NULL,2023,NULL,7.29404E+11,098-CR-1704  -000,HIGH,098-CR-1704  -000,0.068,0,0,0,0,0,0,0,0,0,0,0,0,0
72960973,980100,2.023E+11,20231012,637,,911,BYPASS,S,RD,KY1426,KY1426,0,098 KY-1426,KY1426,Y,N,NULL,NULL,NULL,N,NULL,NULL,NULL,NULL,NULL,NULL,5.671,NULL,NULL,NULL,NULL,,NULL,0,0,2,2,N,N,5,NULL,98,9801,NULL,,Y,37.47268,37,28.361,NULL,-82.52319,82,31.392,NULL,N,NULL,NULL,NULL,NULL,NULL,NULL,NULL,NULL,7,97,2,3,2,1,2,8,5,3,N,NULL,Y,N,637,641,641,N,NULL,90,,0,N,,N,N,098-KY-1426-0,NULL,NULL,2023,O,7.2961E+11,098-KY-1426  -000,HIGH,098-KY-1426  -000,5.671,0,0,0,0,0,0,1,0,0,0,0,0,0
72886159,KSP0900,23-138605,20230412,1137,,,US460,,,US0460,US0460,0,098 US-460,US0460,Y,N,NULL,NULL,NULL,N,NULL,NULL,NULL,NULL,NULL,NULL,14.081,NULL,NULL,NULL,NULL,,NULL,0,0,2,2,N,N,55,NULL,98,9805,NULL,,Y,37.34106,37,20.464,NULL,-82.37942,82,22.765,NULL,N,NULL,NULL,NULL,NULL,NULL,NULL,NULL,NULL,2,97,2,6,1,1,2,2,7,3,N,NULL,Y,N,1206,1208,1208,N,NULL,90,,1,N,,N,N,098-US-0460-0,NULL,NULL,2023,O,7.28862E+11,098-US-0460  -000,HIGH,098-US-0460  -000,14.06,0,0,0,1,0,0,1,0,0,0,0,0,0
72834610,980100,2.022E+11,20221121,1140,,,US23,,,US0023,US0023,0,098 US-23,US0023,N,N,NULL,NULL,NULL,N,NULL,NULL,NULL,NULL,NULL,NULL,23.968,NULL,NULL,NULL,NULL,,NULL,0,0,1,1,N,N,55,NULL,98,9801,NULL,,Y,37.47545,37,28.527,NULL,-82.53799,82,32.279,NULL,N,NULL,NULL,NULL,NULL,NULL,NULL,NULL,NULL,9,3,4,6,1,1,2,2,1,3,N,NULL,Y,N,1140,1150,,N,NULL,70,,1,N,,N,N,098-US-0023-0,NULL,NULL,2022,O,7.28346E+11,098-US-0023  -000,HIGH,098-US-0023  -000,23.968,0,0,0,0,0,0,0,0,0,0,0,0,0
72863005,KSP0900,23-47901,20230207,730,,,DORTON-JENKINS,,HWY,KY0805,KY0805,0,098 KY-805,KY0805,N,N,NULL,NULL,NULL,N,NULL,NULL,NULL,NULL,NULL,NULL,2.355,NULL,NULL,NULL,NULL,,NULL,0,0,1,1,N,N,50,NULL,98,9867,NULL,,Y,37.22332,37,13.399,NULL,-82.56707,82,34.024,NULL,N,NULL,NULL,NULL,NULL,NULL,NULL,NULL,NULL,9,6,2,6,1,5,2,2,7,3,N,NULL,N,N,745,755,815,N,NULL,44,7,0,N,,N,N,098-KY-0805-0,NULL,NULL,2023,O,7.2863E+11,098-KY-0805  -000,HIGH,098-KY-0805  -000,2.353,0,0,1,0,0,0,0,0,0,0,0,1,0
72917806,KSP0900,23-309801,20230701,1426,,,US119,,,US0119,US0119,0,098 US-119-10,US0119,N,N,NULL,NULL,NULL,N,NULL,NULL,NULL,NULL,NULL,NULL,9.445,NULL,NULL,NULL,NULL,,NULL,0,0,1,1,N,N,55,NULL,98,9820,NULL,,Y,37.57721,37,34.633,NULL,-82.41351,82,24.81,NULL,N,NULL,NULL,NULL,NULL,NULL,NULL,NULL,NULL,9,3,2,4,1,5,6,2,7,3,N,NULL,Y,N,1426,1455,1426,N,NULL,40,2,1,N,,N,N,098-US-0119-10,NULL,NULL,2023,O,7.29178E+11,098-US-0119  -010,HIGH,098-US-0119  -000,9.448,0,0,0,0,0,0,0,0,0,0,0,1,0
72940282,KSP0900,23-371702,20230826,1644,,,TOLER,,RD,KY0319,KY0319,0,098 KY-319,KY0319,N,N,NULL,NULL,NULL,N,NULL,NULL,NULL,NULL,NULL,NULL,5.555,NULL,NULL,NULL,NULL,,NULL,0,0,2,2,N,N,45,NULL,98,9836,NULL,,Y,37.62672,37,37.603,NULL,-82.24786,82,14.872,NULL,N,NULL,NULL,NULL,NULL,NULL,NULL,NULL,NULL,8,3,2,6,1,1,2,2,7,3,N,NULL,N,N,1644,1702,1702,N,NULL,53,7,0,N,,N,N,098-KY-0319-0,NULL,NULL,2023,O,7.29403E+11,098-KY-0319  -000,HIGH,098-KY-0319  -000,5.555,0,0,1,0,0,0,1,1,0,0,0,1,0
72844344,KSP0900,22-483485,20221219,1614,,,LITTLE ROBINSON CREEK,,RD,KY3415,KY3415,0,098 KY-3415,KY3415,N,N,NULL,NULL,NULL,N,NULL,NULL,NULL,NULL,NULL,NULL,2.595,NULL,NULL,NULL,NULL,,NULL,0,0,2,2,N,N,45,NULL,98,9827,NULL,,Y,37.3708,37,22.248,NULL,-82.62646,82,37.588,NULL,N,NULL,NULL,NULL,NULL,NULL,NULL,NULL,NULL,3,3,2,6,1,2,2,2,6,3,N,NULL,Y,N,1614,1633,1700,N,NULL,52,9,0,N,,N,N,098-KY-3415-0,NULL,NULL,2022,O,7.28443E+11,098-KY-3415  -000,HIGH,098-KY-3415  -000,2.595,0,0,1,0,0,0,0,0,0,0,0,1,0
72888919,KSP0900,23-149368,20230419,1929,,,KY194,,,KY0194,KY0194,0,098 KY-194,KY0194,N,N,NULL,NULL,NULL,N,NULL,NULL,NULL,NULL,NULL,NULL,53.926,NULL,NULL,NULL,NULL,,NULL,1,0,1,1,N,N,45,NULL,98,9804,NULL,,Y,37.5062,37,30.372,NULL,-82.13481,82,8.089,NULL,N,NULL,NULL,NULL,NULL,NULL,NULL,NULL,NULL,9,3,1,6,1,1,2,2,7,3,Y,NULL,N,Y,1929,1950,1950,N,NULL,44,8,0,N,,N,N,098-KY-0194-0,NULL,NULL,2023,C,7.28889E+11,098-KY-0194  -000,HIGH,098-KY-0194  -000,53.926,0,0,0,0,0,0,1,0,1,1,0,1,0
72895971,KSP0900,23-155605,20230424,1407,,,KY194,,,KY0194,KY0194,0,098 KY-194,KY0194,N,N,NULL,NULL,NULL,N,NULL,NULL,NULL,NULL,NULL,NULL,27.8,NULL,NULL,NULL,NULL,,NULL,1,0,2,2,N,N,55,NULL,98,9825,NULL,,Y,37.48275,37,28.965,NULL,-82.34714,82,20.828,NULL,N,NULL,NULL,NULL,NULL,NULL,NULL,NULL,NULL,2,3,2,6,1,1,2,2,7,3,N,NULL,Y,Y,1407,1407,1407,N,NULL,56,7,0,N,,N,N,098-KY-0194-0,NULL,NULL,2023,B,7.2896E+11,098-KY-0194  -000,HIGH,098-KY-0194  -000,27.781,0,0,0,0,0,0,0,0,0,0,0,1,0
72867449,980100,2.023E+11,20230203,910,,,US23,,,US0023,US0023,0,098 US-23,US0023,N,N,NULL,NULL,NULL,N,NULL,NULL,NULL,NULL,NULL,NULL,25.407,NULL,NULL,NULL,NULL,,NULL,0,0,2,2,N,N,55,NULL,98,9801,NULL,,Y,37.49242,37,29.545,NULL,-82.53453,82,32.072,NULL,N,NULL,NULL,NULL,NULL,NULL,NULL,NULL,NULL,1,3,4,6,1,1,2,2,1,3,N,NULL,Y,N,910,918,,N,NULL,55,,1,N,,N,N,098-US-0023-0,NULL,NULL,2023,O,7.28674E+11,098-US-0023  -000,HIGH,098-US-0023  -000,25.368,0,0,0,0,0,0,1,0,0,0,0,0,0
72868873,KSP0900,23-67864,20230221,1632,,,KY1469,,,KY1469,KY1469,0,098 KY-1469,KY1469,N,N,NULL,NULL,NULL,N,NULL,NULL,NULL,NULL,NULL,NULL,7.068,NULL,NULL,NULL,NULL,,NULL,2,0,2,2,N,N,55,NULL,98,9827,5,W,N,37.30572,37,18.343,NULL,-82.64023,82,38.414,NULL,N,NULL,NULL,NULL,NULL,NULL,NULL,NULL,NULL,8,3,2,6,1,1,2,2,7,3,Y,NULL,Y,Y,1632,1645,1754,N,NULL,53,8,0,N,,N,N,098-KY-1469-0,NULL,NULL,2023,C,7.28689E+11,098-KY-1469  -000,HIGH,098-KY-1469  -000,7.068,0,0,0,0,0,0,0,0,0,0,0,1,0
72866449,KSP0900,23-30213,20230124,900,,,US460,,,US0460,US0460,0,098 US-460,US0460,N,N,NULL,NULL,NULL,N,NULL,NULL,NULL,NULL,NULL,NULL,1.313,NULL,NULL,NULL,NULL,,NULL,0,0,2,2,N,N,35,NULL,98,9801,NULL,,Y,37.42699,37,25.619,NULL,-82.50127,82,30.076,NULL,N,NULL,NULL,NULL,NULL,NULL,NULL,NULL,NULL,5,3,2,6,1,1,2,2,7,3,N,NULL,Y,N,816,828,816,N,NULL,49,,1,N,,N,N,098-US-0460-0,NULL,NULL,2023,O,7.28664E+11,098-US-0460  -000,HIGH,098-US-0460  -000,1.314,0,0,0,0,0,0,0,1,0,0,0,0,0
72864977,KSP0900,23-56570,20230213,1405,,,US460,,,US0460,US0460,0,098 US-460,US0460,N,N,NULL,NULL,NULL,N,NULL,NULL,NULL,NULL,NULL,NULL,8.65,NULL,NULL,NULL,NULL,,NULL,1,0,4,4,N,N,35,NULL,98,9830,NULL,,Y,37.37283,37,22.37,NULL,-82.42552,82,25.531,NULL,N,NULL,NULL,NULL,NULL,NULL,NULL,NULL,NULL,7,3,2,6,1,1,2,2,7,3,Y,NULL,Y,Y,1405,1445,1521,N,NULL,54,,1,Y,,N,N,098-US-0460-0,NULL,NULL,2023,C,7.2865E+11,098-US-0460  -000,HIGH,098-US-0460  -000,8.623,0,0,0,1,0,0,0,0,0,0,0,1,0
72915078,980100,2.023E+11,20230618,1801,,,CASSIDY,,BLVD,,,,,,Y,N,NULL,NULL,NULL,N,NULL,NULL,NULL,NULL,NULL,NULL,0.239,NULL,NULL,NULL,NULL,,NULL,0,0,2,2,N,N,NULL,NULL,98,9801,NULL,,Y,37.50425,37,30.255,NULL,-82.5358,82,32.148,NULL,N,NULL,NULL,NULL,NULL,NULL,NULL,NULL,NULL,2,97,NULL,6,1,1,2,2,1,3,N,NULL,Y,N,1801,1809,,N,NULL,90,,,N,,N,N,,NULL,NULL,2023,O,7.29151E+11,098-CS-1191  -000,MEDIUM,098-CS-1191  -000,0.213,0,0,0,1,0,0,1,0,0,0,0,0,0
72882389,KSP0900,23-123399,20230401,1348,,,STONE COAL CREEK,,RD,KY3227,KY3227,0,098 KY-3227,KY3227,N,N,NULL,NULL,NULL,N,NULL,NULL,NULL,NULL,NULL,NULL,0.249,NULL,NULL,NULL,NULL,,NULL,0,0,1,1,N,N,35,NULL,98,9801,NULL,,Y,37.5138,37,30.828,NULL,-82.54613,82,32.768,NULL,N,NULL,NULL,NULL,NULL,NULL,NULL,NULL,NULL,9,3,1,4,1,1,2,2,7,3,N,NULL,Y,N,1351,1411,1411,N,NULL,40,8,0,N,,N,N,098-KY-3227-0,NULL,NULL,2023,O,7.28824E+11,098-KY-3227  -000,HIGH,098-KY-3227  -000,0.247,0,0,0,0,0,0,0,0,0,0,0,1,0
72945048,KSP0900,23-379632,20230902,1751,,,GRAPEVINE,,RD,KY0194,KY0194,0,098 KY-194,KY0194,N,N,NULL,NULL,NULL,N,NULL,NULL,NULL,NULL,NULL,NULL,35.158,NULL,NULL,NULL,NULL,,NULL,1,0,1,1,N,N,35,NULL,98,9849,NULL,,Y,37.45119,37,27.071,NULL,-82.30379,82,18.228,NULL,N,NULL,NULL,NULL,NULL,NULL,NULL,NULL,NULL,9,3,2,3,1,1,2,2,7,3,N,NULL,Y,Y,1751,1819,1819,N,NULL,44,7,0,N,,N,N,098-KY-0194-0,NULL,NULL,2023,C,7.2945E+11,098-KY-0194  -000,HIGH,098-KY-0194  -000,35.172,1,0,0,1,0,0,0,0,0,0,0,1,0
72808043,KSP0900,22-367659,20220922,1149,,,KY3417,,,KY3417,KY3417,0,098 KY-3417,KY3417,N,N,NULL,NULL,NULL,N,NULL,NULL,NULL,NULL,NULL,NULL,0.198,NULL,NULL,NULL,NULL,,NULL,1,0,1,1,N,N,35,NULL,98,9801,NULL,,Y,37.46434,37,27.86,NULL,-82.55949,82,33.569,NULL,N,NULL,NULL,NULL,NULL,NULL,NULL,NULL,NULL,9,3,2,3,1,5,3,2,7,3,Y,NULL,Y,Y,1159,1209,1330,N,NULL,44,8,0,N,,N,N,098-KY-3417-0,NULL,NULL,2022,C,7.2808E+11,098-KY-3417  -000,HIGH,098-KY-3417  -000,0.198,0,0,0,0,0,0,0,0,0,0,0,1,0
72958333,980100,2.023E+11,20231012,1832,,,US23,,,US0023,US0023,0,098 US-23-10,US0023,N,N,NULL,NULL,NULL,N,NULL,NULL,NULL,NULL,NULL,NULL,24.102,NULL,NULL,NULL,NULL,,NULL,0,0,2,2,N,N,55,NULL,98,9801,NULL,,Y,37.47667,37,28.6,NULL,-82.53973,82,32.384,NULL,N,NULL,NULL,NULL,NULL,NULL,NULL,NULL,NULL,6,3,4,6,1,1,3,2,7,3,N,NULL,Y,N,1833,1844,1833,N,NULL,70,,1,N,,N,N,098-US-0023-10,NULL,NULL,2023,O,7.29583E+11,098-US-0023  -010,HIGH,098-US-0023  -000,24.03,0,1,0,0,0,0,1,0,0,0,0,0,0
72892278,KSP0900,23-160399,20230405,500,,,PINSONFORK,,RD,,,0,098 CR-1544J,CR1544J,N,N,NULL,NULL,NULL,N,NULL,NULL,NULL,NULL,NULL,NULL,0.229,NULL,NULL,NULL,NULL,,NULL,0,0,1,1,N,N,35,NULL,98,9851,NULL,,Y,37.56566,37,33.94,NULL,-82.27058,82,16.234,NULL,N,NULL,NULL,NULL,NULL,NULL,NULL,NULL,NULL,9,3,2,3,3,5,6,6,7,3,N,NULL,Y,N,500,700,730,Y,NULL,40,,,N,,N,N,098-CR-1544J-0,NULL,NULL,2023,O,7.28923E+11,098-CR-1544J -000,HIGH,098-CR-1544J -000,0.229,0,0,1,0,0,0,1,1,0,0,0,1,0
72951990,980100,2.023E+11,20230927,1721,,172,CASSIDY,,BLVD,,,0,098 CS-1191,CS1191,Y,N,NULL,NULL,NULL,N,NULL,NULL,NULL,NULL,NULL,NULL,0.175,NULL,NULL,NULL,NULL,,NULL,0,0,2,2,N,N,NULL,NULL,98,9801,NULL,,Y,37.5038,37,30.228,NULL,-82.53487,82,32.092,NULL,N,NULL,NULL,NULL,NULL,NULL,NULL,NULL,NULL,1,97,NULL,6,1,1,2,2,5,3,N,NULL,Y,N,1721,1734,1734,N,NULL,90,,,N,,N,N,098-CS-1191-0,NULL,NULL,2023,O,7.2952E+11,098-CS-1191  -000,HIGH,098-CS-1191  -000,0.154,0,0,0,0,0,0,0,0,0,0,0,0,0
72838191,980100,2.022E+11,20221125,1200,,911,BYPASS,S,RD,KY1426,KY1426,,,,Y,N,NULL,NULL,NULL,N,NULL,NULL,NULL,NULL,NULL,NULL,5.55,NULL,NULL,NULL,NULL,,NULL,0,0,1,1,N,N,NULL,NULL,98,9801,NULL,,Y,37.4725,37,28.35,NULL,-82.52538,82,31.523,NULL,N,NULL,NULL,NULL,NULL,NULL,NULL,NULL,NULL,9,97,NULL,6,1,5,6,2,5,3,N,NULL,Y,N,1144,1156,1156,N,NULL,90,,0,N,,N,N,,NULL,NULL,2022,O,7.28382E+11,098-KY-1426  -000,HIGH,098-KY-1426  -000,5.55,0,0,0,0,0,0,1,0,0,0,0,1,0
72841521,980500,2022AR057,20221213,1130,,50,WEDDINGTON BRANCH ROAD,,,,,,,,Y,N,NULL,NULL,NULL,N,NULL,NULL,NULL,NULL,NULL,NULL,NULL,NULL,NULL,NULL,NULL,NULL,NULL,0,0,2,2,N,N,15,NULL,98,9807,NULL,,Y,37.52415,37,31.449,NULL,-82.57027,82,34.216,NULL,N,NULL,NULL,NULL,NULL,NULL,NULL,NULL,NULL,7,97,2,6,1,1,2,2,1,3,N,NULL,Y,Y,1130,1132,1155,N,NULL,90,,,Y,,N,N,,NULL,NULL,2022,O,7.28415E+11,098-CS-3026  -000,MEDIUM,098-CS-3026  -000,0.127,0,0,0,0,0,0,0,1,0,0,0,0,0
72952471,KSP0900,23-398448,20230920,711,,,COLLINS,,HWY,KY0122,KY0122,,,,N,N,NULL,NULL,NULL,N,NULL,NULL,NULL,NULL,NULL,NULL,11.806,NULL,NULL,NULL,NULL,,NULL,4,0,2,2,N,N,45,NULL,98,9823,NULL,,Y,37.39075,37,23.445,NULL,-82.52367,82,31.421,NULL,N,NULL,NULL,NULL,NULL,NULL,NULL,NULL,NULL,3,3,2,6,1,1,2,2,7,3,Y,NULL,Y,Y,711,720,843,N,NULL,52,,0,Y,,N,Y,,NULL,NULL,2023,C,7.29525E+11,098-KY-0122  -000,HIGH,098-KY-0122  -000,11.808,0,0,0,0,0,0,1,0,0,0,0,1,1
72946728,KSP0900,23-393401,20230915,1111,,,DORTON-JENKINS,,HWY,KY0805,KY0805,,,,N,N,NULL,NULL,NULL,N,NULL,NULL,NULL,NULL,NULL,NULL,6.334,NULL,NULL,NULL,NULL,,NULL,1,0,1,1,N,N,55,NULL,98,9809,NULL,,Y,37.27364,37,16.419,NULL,-82.57716,82,34.63,NULL,N,NULL,NULL,NULL,NULL,NULL,NULL,NULL,NULL,9,5,2,6,1,1,2,2,7,3,Y,NULL,N,N,1111,1128,1230,N,NULL,51,7,0,N,,N,N,,NULL,NULL,2023,B,7.29467E+11,098-KY-0805  -000,HIGH,098-KY-0805  -000,6.332,0,0,1,0,0,0,0,0,0,0,0,1,0
72959306,KSP0900,23-423362,20231013,1700,,,TOLLAGE,,CRK,,,0,098 CR-1492,CR1492,Y,N,NULL,NULL,NULL,N,NULL,NULL,NULL,NULL,NULL,NULL,0.108,NULL,NULL,NULL,NULL,,NULL,0,0,1,1,N,N,15,NULL,98,9807,NULL,,Y,37.51107,37,30.664,NULL,-82.53817,82,32.29,NULL,N,NULL,NULL,NULL,NULL,NULL,NULL,NULL,NULL,9,97,1,6,1,1,2,2,5,3,N,NULL,Y,N,1700,1705,1705,Y,NULL,90,,,N,,N,N,098-CR-1492-0,NULL,NULL,2023,O,7.29593E+11,098-CS-3029  -000,HIGH,098-CS-3029  -000,0.107,0,1,0,0,0,0,0,0,0,0,0,1,0
72900187,980500,2023AR022,20230518,1232,,,MAIN ST CONN,,,,,0,098 CS-3000-71,CS3000,N,N,NULL,NULL,NULL,N,NULL,NULL,NULL,NULL,NULL,NULL,0.014,NULL,NULL,NULL,NULL,,NULL,0,0,1,1,N,N,15,NULL,98,9807,NULL,,Y,37.51897,37,31.138,NULL,-82.5662,82,33.972,NULL,N,NULL,NULL,NULL,NULL,NULL,NULL,NULL,NULL,9,3,2,6,1,1,2,2,1,3,N,NULL,Y,Y,1232,1234,1250,N,NULL,40,,,N,,N,N,098-CS-3000-71,NULL,NULL,2023,O,7.29002E+11,098-CS-3000  -071,HIGH,098-CS-3000  -071,0.014,0,0,0,1,0,0,0,0,0,0,0,1,0
72901043,KSP0900,23-190954,20230520,1350,,,US23,,,US0023,US0023,0,098 US-23,US0023,N,N,NULL,NULL,NULL,N,NULL,NULL,NULL,NULL,NULL,NULL,29.22,NULL,NULL,NULL,NULL,,NULL,7,0,2,2,N,N,45,NULL,98,9807,NULL,,Y,37.52663,37,31.598,NULL,-82.57388,82,34.432,NULL,N,NULL,NULL,NULL,NULL,NULL,NULL,NULL,NULL,4,3,6,6,1,5,6,7,7,3,Y,NULL,N,Y,1353,1406,1445,N,NULL,70,,1,Y,,N,N,098-US-0023-0,NULL,NULL,2023,B,7.2901E+11,098-US-0023  -000,HIGH,098-US-0023  -000,29.202,0,0,0,0,0,0,1,0,0,0,0,0,0