MasterFile,AgencyORINumber,LocalCode,CollisionDate,CollisionTime,CollisionDayWeekCode,RoadwayName_HouseBusinessNumber_,RoadwayName_RoadwayName_,RoadwayName_Direction_,RoadwayName_RoadwaySuffix_,RoadwayfromReport,CurrentRoadwayNumber,RoadwayNumberCoupletID,RSEUniqueGIS,RoadwayIdentifier,ParkingLotIndicator,IntersectionWith_Indicator_,IntersectionWith_NameRoadway_,IntersectionWith_Direction_,IntersectionWith_RoadwaySuffix_,BetweenStreets_Indicator_,BetweenStreets1_NameRoadway_,BetweenStreet1_Direction_,BetweenStreets1_RoadwaySuffix_,BetweenStreets2_NameRoadway_,BetweenStreets2_Direction_,BetweenStreets2_RoadwaySuffix_,Milepoint,ReportMilepointDeriveNumber,CurrentDerivedMiepointNumber,MilestoMilepoint,FeettoMilepoint,DirectionfromMilepoint_NSEW_,ValidMilepointIndicator,NumberInjured,NumberKilled,ofUnits,ofMotorVehicleUnits,Hit&RunIndicator,OneWayIndicator,SpeedLimitNumber,KilometersIndicator,CountyCode,CityCountyCode,MilesFromCity,DirectionFromCity_NSEW_,InCityLimitsIndicator,Latitude,LatitudeDegrees,LatitudeMinutes,LatitudeSeconds,Longitude,LongitudeDegrees,LongitudeMinutes,LongitudeSeconds,RampIndicator,RampFromIdentifier,RampFromDirCode,RampFromCoupletID,RSEUniqueGISRampFrom,RampToidentifier,RampToDirCode,RampToCoupletID,RSEUniqueGisRampTo,MannerofCollisionCode,LocationFirstEventCode,TotalLanes,RoadwayCharacterCode,RoadwaySurfaceCode,RoadwayConditionCode,WeatherCode,LightConditionCode,LandUseCode,SchoolBusRelatedCode,FirstAidSceneIndicator,CollDescPresentInd,InvestigationCompleteIndicator,PhotosTakenIndicator,TimeNotified,TimeArrived,TimeRoadwayOpened,PropertyDamageIndicator,DiagramPresentIndicator,DirectionalAnalysis,FunctionClassCode,NationalHwySysCode,EnforcementsIndicator,KARSCityCode,SecondaryCollisionIndicator,MedianCrossoverIndicator,RT_UNIQUE,MapIt,TimeLastLeft,YR,KABCO,MFNY,WorkingRID,RT_CONFIDENCE,KTC_RT,KTC_MP,Motorcyclist,CommercialVehicle,YoungDriver,MatureDriver,pedestrian,Bicyclist,Distracted,agressive,Impaired,Unrestrained,Intersection,RoadwayDeparture,MedXover
72916520,KSP0900,23-306515,20230628,1543,,4765,KENTUCKY ROUTE 3385,,,,,0,098 CR-1430Q4,CR1430Q4,N,N,NULL,NULL,NULL,N,NULL,NULL,NULL,NULL,NULL,NULL,0.329,NULL,NULL,NULL,NULL,,NULL,2,0,1,1,N,N,25,NULL,98,9801,NULL,,Y,37.62553,37,37.532,NULL,-82.59751,82,35.851,NULL,N,NULL,NULL,NULL,NULL,NULL,NULL,NULL,NULL,9,3,1,3,1,1,2,2,7,3,Y,NULL,N,Y,1554,1632,1730,N,NULL,44,,,Y,,N,N,098-CR-1430Q4-0,NULL,NULL,2023,A,7.29165E+11,098-CR-1430Q4-000,HIGH,098-CR-1430Q4-000,0.325,0,0,0,0,0,0,0,0,1,0,0,1,0
72896909,980100,2.023E+11,20230510,834,,117,BAIRD,,AVE,KY1426,KY1426,0,098 KY-1426,KY1426,Y,N,NULL,NULL,NULL,N,NULL,NULL,NULL,NULL,NULL,NULL,5.384,NULL,NULL,NULL,NULL,,NULL,0,0,2,2,N,N,NULL,NULL,98,9801,NULL,,Y,37.47343,37,28.406,NULL,-82.52717,82,31.63,NULL,N,NULL,NULL,NULL,NULL,NULL,NULL,NULL,NULL,5,97,1,6,1,1,3,2,1,3,N,NULL,Y,N,834,837,838,N,NULL,90,,0,N,,N,N,098-KY-1426-0,NULL,NULL,2023,O,7.28969E+11,098-KY-1426  -000,HIGH,098-KY-1426  -000,5.384,0,0,0,0,0,0,0,0,0,0,0,0,0
72896371,980100,2.023E+11,20230501,1514,,,CASSIDY,,BLVD,,,0,098 CS-1191,CS1191,N,N,NULL,NULL,NULL,N,NULL,NULL,NULL,NULL,NULL,NULL,0.05,NULL,NULL,NULL,NULL,,NULL,0,0,2,2,N,N,35,NULL,98,9801,NULL,,Y,37.50368,37,30.221,NULL,-82.53297,82,31.979,NULL,N,NULL,NULL,NULL,NULL,NULL,NULL,NULL,NULL,5,3,4,6,1,1,2,2,1,3,N,NULL,Y,N,1514,1520,,N,NULL,49,,,N,,N,N,098-CS-1191-0,NULL,NULL,2023,O,7.28964E+11,098-CS-1191  -000,HIGH,098-CS-1191  -000,0.047,0,0,0,0,0,0,1,0,0,0,0,0,0
72914488,980100,2.023E+11,20230622,1353,,110,KEYSER HEIGHTS,W,DR,,,0,098 CS-1188,CS1188,Y,N,NULL,NULL,NULL,N,NULL,NULL,NULL,NULL,NULL,NULL,0.037,NULL,NULL,NULL,NULL,,NULL,0,0,2,2,N,N,NULL,NULL,98,9801,NULL,,Y,37.49057,37,29.434,NULL,-82.53046,82,31.828,NULL,N,NULL,NULL,NULL,NULL,NULL,NULL,NULL,NULL,1,97,1,6,2,1,2,2,6,3,N,NULL,Y,N,1353,1403,1403,N,NULL,90,,,N,,N,N,098-CS-1188-0,NULL,NULL,2023,O,7.29145E+11,098-CS-1188  -000,HIGH,098-CS-1188  -000,0.037,0,0,0,0,0,0,0,0,0,0,0,0,0
72889045,980100,2.023E+11,20230417,1413,,,US119,,,US0119,US0119,0,098 US-119-10,US0119,N,N,NULL,NULL,NULL,N,NULL,NULL,NULL,NULL,NULL,NULL,2.689,NULL,NULL,NULL,NULL,,NULL,0,0,2,2,N,N,55,NULL,98,9801,NULL,,Y,37.51423,37,30.854,NULL,-82.48785,82,29.271,NULL,N,NULL,NULL,NULL,NULL,NULL,NULL,NULL,NULL,1,3,4,6,1,1,2,2,7,3,N,NULL,Y,N,1413,1425,1426,N,NULL,55,2,1,N,,N,N,098-US-0119-10,NULL,NULL,2023,O,7.2889E+11,098-US-0119  -010,HIGH,098-US-0119  -000,2.653,0,0,0,1,0,0,0,0,0,0,0,0,0
72949991,KSP0900,23-402094,20230923,1440,,,GOODY,,RD,,,0,098 CR-1036B,CR1036B,Y,N,NULL,NULL,NULL,N,NULL,NULL,NULL,NULL,NULL,NULL,0.019,NULL,NULL,NULL,NULL,,NULL,0,0,2,2,N,N,NULL,NULL,98,9834,NULL,,Y,37.66017,37,39.61,NULL,-82.27337,82,16.402,NULL,N,NULL,NULL,NULL,NULL,NULL,NULL,NULL,NULL,7,97,NULL,6,1,1,2,2,5,3,N,NULL,Y,N,1440,1440,1440,N,NULL,90,,,N,,N,N,098-CR-1036B-0,NULL,NULL,2023,O,7.295E+11,098-CR-1036B -000,HIGH,098-CR-1036B -000,0,0,0,0,0,0,0,0,0,0,0,0,0,0
72935505,980100,2.023E+11,20230816,745,,,BYPASS,S,RD,KY1426,KY1426,0,098 KY-1426,KY1426,N,N,NULL,NULL,NULL,N,NULL,NULL,NULL,NULL,NULL,NULL,6.207,NULL,NULL,NULL,NULL,,NULL,0,0,2,2,N,N,35,NULL,98,9801,NULL,,Y,37.47786,37,28.671,NULL,-82.51608,82,30.965,NULL,N,NULL,NULL,NULL,NULL,NULL,NULL,NULL,NULL,1,3,2,6,1,1,2,2,7,3,N,NULL,Y,N,745,745,745,N,NULL,55,,0,N,,N,N,098-KY-1426-0,NULL,NULL,2023,O,7.29355E+11,098-KY-1426  -000,HIGH,098-KY-1426  -000,6.207,0,0,0,0,0,0,1,0,0,0,0,0,0
72893058,KSP0900,23-161205,20230428,1807,,,BIG CREEK,,RD,KY0468,KY0468,0,098 KY-468,KY0468,N,N,NULL,NULL,NULL,N,NULL,NULL,NULL,NULL,NULL,NULL,13.318,NULL,NULL,NULL,NULL,,NULL,2,0,1,1,N,N,45,NULL,98,9843,NULL,,Y,37.7398,37,44.388,NULL,-82.33967,82,20.38,NULL,N,NULL,NULL,NULL,NULL,NULL,NULL,NULL,NULL,9,3,2,3,1,5,6,2,7,3,N,NULL,Y,Y,1806,1838,1838,N,NULL,44,8,0,Y,,N,N,098-KY-0468-0,NULL,NULL,2023,B,7.28931E+11,098-KY-0468  -000,HIGH,098-KY-0468  -000,13.309,0,0,1,0,0,0,0,1,1,1,0,1,0
72943200,KSP0900,23-358237,20230814,735,,,BEEFHIDE,,CRK,,,0,098 CR-1906,CR1906,N,N,NULL,NULL,NULL,N,NULL,NULL,NULL,NULL,NULL,NULL,0.609,NULL,NULL,NULL,NULL,,NULL,0,0,1,1,N,N,25,NULL,98,9809,NULL,,Y,37.28371,37,17.022,NULL,-82.60721,82,36.432,NULL,N,NULL,NULL,NULL,NULL,NULL,NULL,NULL,NULL,9,4,1,6,1,1,2,2,7,3,N,NULL,Y,N,735,759,759,N,NULL,40,,,Y,,N,N,098-CR-1906-0,NULL,NULL,2023,O,7.29432E+11,098-CR-1906  -000,HIGH,098-CR-1906  -000,0.602,0,0,0,0,0,0,1,0,1,1,0,1,0
72885228,980100,2.023E+11,20230410,1200,,,COLLEGE,N,ST,,,0,098 CS-1108,CS1108,N,N,NULL,NULL,NULL,N,NULL,NULL,NULL,NULL,NULL,NULL,0.214,NULL,NULL,NULL,NULL,,NULL,0,0,2,2,Y,N,25,NULL,98,9801,NULL,,Y,37.47792,37,28.675,NULL,-82.51924,82,31.155,NULL,N,NULL,NULL,NULL,NULL,NULL,NULL,NULL,NULL,8,7,2,6,1,1,2,2,1,3,N,NULL,N,N,1200,1209,1209,N,NULL,47,,,N,,N,N,098-CS-1108-0,NULL,NULL,2023,NULL,7.28852E+11,098-CS-1108  -000,HIGH,098-CS-1108  -000,0.213,0,0,0,0,0,0,0,0,0,0,0,0,0
72896602,980100,2.023E+11,20230508,732,,,US23,,,US0023,US0023,0,098 US-23,US0023,N,N,NULL,NULL,NULL,N,NULL,NULL,NULL,NULL,NULL,NULL,23.023,NULL,NULL,NULL,NULL,,NULL,0,0,2,2,N,N,55,NULL,98,9801,NULL,,Y,37.46583,37,27.95,NULL,-82.52736,82,31.642,NULL,N,NULL,NULL,NULL,NULL,NULL,NULL,NULL,NULL,5,3,4,6,1,1,2,2,7,3,N,NULL,Y,N,732,737,738,N,NULL,49,,1,N,,N,N,098-US-0023-0,NULL,NULL,2023,O,7.28966E+11,098-US-0023  -000,HIGH,098-US-0023  -000,22.956,0,0,0,1,0,0,0,0,0,0,0,0,0
72906767,980100,2.023E+11,20230602,1642,,,US460,,,US0460,US0460,0,098 US-460,US0460,N,N,NULL,NULL,NULL,N,NULL,NULL,NULL,NULL,NULL,NULL,0.246,NULL,NULL,NULL,NULL,,NULL,0,0,2,2,N,N,55,NULL,98,9801,NULL,,Y,37.43942,37,26.365,NULL,-82.50946,82,30.568,NULL,N,NULL,NULL,NULL,NULL,NULL,NULL,NULL,NULL,5,3,2,6,1,1,2,2,1,3,N,NULL,Y,N,1642,1649,,N,NULL,49,,1,N,,N,N,098-US-0460-0,NULL,NULL,2023,O,7.29068E+11,098-US-0460  -000,HIGH,098-US-0460  -000,0.218,0,0,0,1,0,0,1,0,0,0,0,0,0
72852274,980100,2.023E+11,20230105,706,,,US23,,,US0023,US0023,0,098 US-23-10,US0023,N,N,NULL,NULL,NULL,N,NULL,NULL,NULL,NULL,NULL,NULL,26.297,NULL,NULL,NULL,NULL,,NULL,0,0,2,2,N,N,55,NULL,98,9801,NULL,,Y,37.50384,37,30.231,NULL,-82.53237,82,31.942,NULL,N,NULL,NULL,NULL,NULL,NULL,NULL,NULL,NULL,5,3,4,6,1,1,2,5,7,3,N,NULL,Y,N,706,708,710,N,NULL,49,,1,N,,N,N,098-US-0023-10,NULL,NULL,2023,O,7.28523E+11,098-US-0023  -010,HIGH,098-US-0023  -000,26.235,0,0,0,0,0,0,0,0,0,0,0,0,0
72932274,980100,2.023E+11,20230809,1625,,,US23,,,US0023,US0023,,,,Y,N,NULL,NULL,NULL,N,NULL,NULL,NULL,NULL,NULL,NULL,21.539,NULL,NULL,NULL,NULL,,NULL,0,0,2,2,N,N,NULL,NULL,98,9801,NULL,,Y,37.45144,37,27.086,NULL,-82.52391,82,31.435,NULL,N,NULL,NULL,NULL,NULL,NULL,NULL,NULL,NULL,3,97,4,6,1,1,2,2,1,3,N,NULL,Y,N,1625,1631,1707,N,NULL,90,,1,N,,N,N,,NULL,NULL,2023,O,7.29323E+11,098-US-0023  -010,MEDIUM,098-US-0023  -000,21.398,0,0,0,0,0,0,1,0,0,0,0,0,0
72854451,980100,2.023E+11,20230115,1042,,,CASSIDY,,BLVD,,,0,098 CS-1191,CS1191,N,N,NULL,NULL,NULL,N,NULL,NULL,NULL,NULL,NULL,NULL,0.231,NULL,NULL,NULL,NULL,,NULL,0,0,2,2,N,N,25,NULL,98,9801,NULL,,Y,37.50433,37,30.26,NULL,-82.53567,82,32.14,NULL,N,NULL,NULL,NULL,NULL,NULL,NULL,NULL,NULL,1,3,4,6,1,1,3,2,1,3,N,NULL,N,N,1042,1052,1056,N,NULL,55,,,N,,N,N,098-CS-1191-0,NULL,NULL,2023,O,7.28545E+11,098-CS-1191  -000,HIGH,098-CS-1191  -000,0.212,0,0,0,0,0,0,1,1,0,0,0,0,0
72866290,980100,2.023E+11,20230214,1212,,254,CASSIDY,,BLVD,,,0,098 CS-1191,CS1191,Y,N,NULL,NULL,NULL,N,NULL,NULL,NULL,NULL,NULL,NULL,0.052,NULL,NULL,NULL,NULL,,NULL,0,0,2,2,Y,N,NULL,NULL,98,9801,NULL,,Y,37.50368,37,30.221,NULL,-82.533,82,31.98,NULL,N,NULL,NULL,NULL,NULL,NULL,NULL,NULL,NULL,1,97,1,6,1,1,2,2,1,3,N,NULL,Y,N,1212,1219,1219,N,NULL,90,,,N,,N,N,098-CS-1191-0,NULL,NULL,2023,NULL,7.28663E+11,098-CS-1191  -000,HIGH,098-CS-1191  -000,0.049,0,0,0,0,0,0,0,0,0,0,0,0,0
72875079,980100,2.023E+11,20230313,1337,,,US23 TURN LANE,,,US0023,US0023,0,098 US-23-21,US0023,N,N,NULL,NULL,NULL,N,NULL,NULL,NULL,NULL,NULL,NULL,0.017,NULL,NULL,NULL,NULL,,NULL,0,0,2,2,N,N,55,NULL,98,9801,NULL,,Y,37.50358,37,30.215,NULL,-82.53234,82,31.941,NULL,N,NULL,NULL,NULL,NULL,NULL,NULL,NULL,NULL,5,3,4,6,1,1,2,2,7,3,N,NULL,Y,N,1337,1342,1354,N,NULL,49,,1,N,,N,N,098-US-0023-21,NULL,NULL,2023,O,7.28751E+11,098-US-0023  -021,HIGH,098-US-0023  -021,0.02,0,0,0,0,0,0,0,0,0,0,0,0,0
72862096,980100,2.023E+11,20230203,1319,,111,JUSTICE,,WAY,,,0,098 CS-1215,CS1215,Y,N,NULL,NULL,NULL,N,NULL,NULL,NULL,NULL,NULL,NULL,NULL,NULL,NULL,NULL,NULL,NULL,NULL,0,0,2,2,N,N,NULL,NULL,98,9801,NULL,,Y,37.50715,37,30.429,NULL,-82.54703,82,32.821,NULL,N,NULL,NULL,NULL,NULL,NULL,NULL,NULL,NULL,2,97,2,6,1,1,2,2,1,3,N,NULL,Y,N,1320,1340,1340,N,NULL,90,,,N,,N,N,098-CS-1215-0,NULL,NULL,2023,O,7.28621E+11,098-CS-1215  -000,HIGH,098-CS-1215  -000,0.309,0,0,0,1,0,0,1,0,0,0,0,0,0
72890670,980100,2.023E+11,20230424,859,,911,BYPASS,,RD,,,0,098 CS-1223,CS1223,Y,N,NULL,NULL,NULL,N,NULL,NULL,NULL,NULL,NULL,NULL,NULL,NULL,NULL,NULL,NULL,NULL,NULL,0,0,2,2,N,N,NULL,NULL,98,9801,NULL,,Y,37.47128,37,28.277,NULL,-82.52117,82,31.27,NULL,N,NULL,NULL,NULL,NULL,NULL,NULL,NULL,NULL,1,97,1,6,2,1,2,2,1,3,N,NULL,Y,N,859,904,904,N,NULL,90,,,N,,N,N,098-CS-1223-0,NULL,NULL,2023,O,7.28907E+11,098-CS-1223  -000,HIGH,098-CS-1223  -000,0.136,0,0,0,1,0,0,0,0,0,0,0,0,0
72898880,980100,2.023E+11,20230510,1300,,254,CASSIDY,,BLVD,,,0,098 CS-1191,CS1191,Y,N,NULL,NULL,NULL,N,NULL,NULL,NULL,NULL,NULL,NULL,0.048,NULL,NULL,NULL,NULL,,NULL,0,0,2,2,Y,N,NULL,NULL,98,9801,NULL,,Y,37.50368,37,30.221,NULL,-82.53294,82,31.976,NULL,N,NULL,NULL,NULL,NULL,NULL,NULL,NULL,NULL,1,97,1,6,1,1,2,2,1,3,N,NULL,Y,N,1311,1315,1315,N,NULL,90,,,N,,N,N,098-CS-1191-0,NULL,NULL,2023,NULL,7.28989E+11,098-CS-1191  -000,HIGH,098-CS-1191  -000,0.045,0,0,0,0,0,0,0,0,0,0,0,0,0
72844561,980200,KY0980200,20221115,630,,,STILLHOUSE,,AVE,,,0,098 CS-2017,CS2017,N,Y,7TH,W,ST,N,NULL,NULL,NULL,NULL,NULL,NULL,0.277,NULL,NULL,NULL,NULL,,NULL,1,0,1,1,N,N,15,NULL,98,9802,NULL,,Y,37.30066,37,18.04,NULL,-82.348,82,20.88,NULL,N,NULL,NULL,NULL,NULL,NULL,NULL,NULL,NULL,9,4,1,2,1,5,3,1,6,3,N,NULL,Y,Y,635,640,644,N,NULL,5,,,N,,N,N,098-CS-2017-0,NULL,NULL,2022,B,7.28446E+11,098-CS-2017  -000,HIGH,098-CS-2017  -000,0.277,0,0,0,0,0,0,1,0,0,0,1,0,0
72855528,KSP0900,2023-20621,20230116,1929,,,BIGGS,,BR,,,0,098 CR-1204,CR1204,N,N,NULL,NULL,NULL,N,NULL,NULL,NULL,NULL,NULL,NULL,0.015,NULL,NULL,NULL,NULL,,NULL,0,0,2,2,N,N,55,NULL,98,9824,NULL,,Y,37.39445,37,23.667,NULL,-82.43292,82,25.975,NULL,N,NULL,NULL,NULL,NULL,NULL,NULL,NULL,NULL,3,3,2,6,1,1,2,6,7,3,N,NULL,N,N,1929,2046,1920,N,NULL,52,,,N,,N,N,098-CR-1204-0,NULL,NULL,2023,O,7.28555E+11,098-CR-1204  -000,HIGH,098-CR-1204  -000,0.012,0,0,0,0,0,0,1,0,0,0,0,1,0
72890564,980200,980200,20230412,1205,,,KY80,,,KY0080,KY0080,0,098 KY-80,KY0080,N,N,NULL,NULL,NULL,N,NULL,NULL,NULL,NULL,NULL,NULL,0.859,NULL,NULL,NULL,NULL,,NULL,0,0,2,2,N,N,15,NULL,98,9805,2,W,N,37.33087,37,19.852,NULL,-82.36887,82,22.132,NULL,N,NULL,NULL,NULL,NULL,NULL,NULL,NULL,NULL,5,3,2,6,1,1,2,2,1,3,N,NULL,Y,Y,1200,1200,1235,N,NULL,49,7,5,N,,N,N,098-KY-0080-0,NULL,NULL,2023,O,7.28906E+11,098-KY-0080  -000,HIGH,098-KY-0080  -000,0.857,0,0,0,0,0,0,1,1,0,0,0,0,0
72876761,980100,2.023E+11,20230317,1505,,,KY3495,,,KY3495,KY3495,0,098 KY-3495,KY3495,N,N,NULL,NULL,NULL,N,NULL,NULL,NULL,NULL,NULL,NULL,0.158,NULL,NULL,NULL,NULL,,NULL,0,0,3,3,N,N,45,NULL,98,9801,NULL,,Y,37.48814,37,29.288,NULL,-82.54102,82,32.461,NULL,N,NULL,NULL,NULL,NULL,NULL,NULL,NULL,NULL,1,3,2,6,1,5,6,2,7,3,N,NULL,Y,N,1505,1505,1542,N,NULL,55,17,0,N,,N,N,098-KY-3495-0,NULL,NULL,2023,O,7.28768E+11,098-KY-3495  -000,HIGH,098-KY-3495  -000,0.157,0,0,1,0,0,0,1,1,0,0,0,0,0
72833463,980100,2.022E+11,20221122,1735,,,US23,,,US0023,US0023,0,098 US-23,US0023,N,N,NULL,NULL,NULL,N,NULL,NULL,NULL,NULL,NULL,NULL,21.113,NULL,NULL,NULL,NULL,,NULL,0,0,2,2,N,N,55,NULL,98,9801,NULL,,Y,37.44664,37,26.798,NULL,-82.5258,82,31.548,NULL,N,NULL,NULL,NULL,NULL,NULL,NULL,NULL,NULL,8,3,4,3,1,1,2,2,7,3,N,NULL,Y,N,1736,1738,1741,N,NULL,53,,1,N,,N,N,098-US-0023-0,NULL,NULL,2022,O,7.28335E+11,098-US-0023  -000,HIGH,098-US-0023  -000,21.113,0,0,1,0,0,0,1,0,0,0,0,1,0
72861546,KSP0900,22-42615,20230203,707,,,US23,,,US0023,US0023,0,098 US-23,US0023,N,N,NULL,NULL,NULL,N,NULL,NULL,NULL,NULL,NULL,NULL,2.963,NULL,NULL,NULL,NULL,,NULL,0,0,1,1,N,N,55,NULL,98,9809,NULL,,Y,37.27236,37,16.342,NULL,-82.59819,82,35.891,NULL,N,NULL,NULL,NULL,NULL,NULL,NULL,NULL,NULL,9,3,4,5,1,5,2,6,7,3,N,NULL,Y,N,709,740,740,N,NULL,38,,1,N,,N,N,098-US-0023-0,NULL,NULL,2023,O,7.28615E+11,098-US-0023  -000,HIGH,098-US-0023  -000,2.965,0,0,0,0,0,0,0,0,0,0,0,0,0
72873080,980100,2.023E+11,20230227,2333,,,US119,,,US0119,US0119,0,098 US-119-10,US0119,N,N,NULL,NULL,NULL,N,NULL,NULL,NULL,NULL,NULL,NULL,0.017,NULL,NULL,NULL,NULL,,NULL,0,0,2,2,N,N,55,NULL,98,9801,NULL,,Y,37.50389,37,30.233,NULL,-82.53172,82,31.903,NULL,N,NULL,NULL,NULL,NULL,NULL,NULL,NULL,NULL,5,3,4,6,1,1,2,5,1,3,N,NULL,Y,N,2333,2338,2338,N,NULL,49,2,1,N,,N,N,098-US-0119-10,NULL,NULL,2023,O,7.28731E+11,098-US-0119  -010,HIGH,098-US-0119  -000,0.017,0,0,0,1,0,0,1,0,0,0,0,0,0
72884567,KSP0900,23-130578,20230406,1355,,,ELSWICK FORK,,RD,,,0,098 CR-1600,CR1600,N,N,NULL,NULL,NULL,N,NULL,NULL,NULL,NULL,NULL,NULL,0.456,NULL,NULL,NULL,NULL,,NULL,0,0,2,2,N,N,35,NULL,98,9876,NULL,,Y,37.38488,37,23.093,NULL,-82.30769,82,18.461,NULL,N,NULL,NULL,NULL,NULL,NULL,NULL,NULL,NULL,5,3,1,6,1,1,2,2,7,3,N,NULL,Y,N,1355,1512,1512,N,NULL,49,,,N,,N,N,098-CR-1600-0,NULL,NULL,2023,O,7.28846E+11,098-CR-1600  -000,HIGH,098-CR-1600  -000,0.457,0,0,1,0,0,0,1,0,0,0,0,0,0
72960321,980100,2.023E+11,20231017,1652,,,KY1426,,,KY1426,KY1426,0,098 KY-1426,KY1426,Y,N,NULL,NULL,NULL,N,NULL,NULL,NULL,NULL,NULL,NULL,6.871,NULL,NULL,NULL,NULL,,NULL,0,0,2,2,N,N,15,NULL,98,9801,NULL,,Y,37.48568,37,29.141,NULL,-82.5098,82,30.588,NULL,N,NULL,NULL,NULL,NULL,NULL,NULL,NULL,NULL,2,97,2,6,1,1,3,2,1,3,N,NULL,Y,N,1652,1656,1709,N,NULL,90,,0,N,,N,N,098-KY-1426-0,NULL,NULL,2023,O,7.29603E+11,098-KY-1426  -000,HIGH,098-KY-1426  -000,6.871,0,0,0,1,0,0,1,0,0,0,0,0,0
72922612,KSP0900,23-325983,20230715,1640,,,GREASY,,CRK,,,0,098 CR-1256,CR1256,N,N,NULL,NULL,NULL,N,NULL,NULL,NULL,NULL,NULL,NULL,0.744,NULL,NULL,NULL,NULL,,NULL,0,0,2,2,N,N,45,NULL,98,9841,NULL,,Y,37.37149,37,22.289,NULL,-82.48373,82,29.023,NULL,N,NULL,NULL,NULL,NULL,NULL,NULL,NULL,NULL,2,3,1,6,1,1,2,2,7,3,N,NULL,Y,N,1745,1810,,N,NULL,47,,,N,,N,N,098-CR-1256-0,NULL,NULL,2023,O,7.29226E+11,098-CR-1256  -000,HIGH,098-CR-1256  -000,0.756,0,0,1,0,0,0,0,0,0,0,0,0,0
72944219,KSP0900,23-386085,20230908,1531,,,TOLER,,RD,KY0319,KY0319,0,098 KY-319,KY0319,Y,N,NULL,NULL,NULL,N,NULL,NULL,NULL,NULL,NULL,NULL,6.922,NULL,NULL,NULL,NULL,,NULL,0,0,2,2,N,N,5,NULL,98,9834,NULL,,Y,37.63955,37,38.373,NULL,-82.2584,82,15.504,NULL,N,NULL,NULL,NULL,NULL,NULL,NULL,NULL,NULL,2,97,2,4,1,1,2,2,5,3,N,NULL,Y,N,1532,1535,1535,N,NULL,90,7,0,N,,N,N,098-KY-0319-0,NULL,NULL,2023,O,7.29442E+11,098-KY-0319  -000,HIGH,098-KY-0319  -000,6.927,0,0,0,0,0,0,1,0,0,1,0,0,0
72869368,KSP0900,23-71425,20230224,436,,,US23,,,US0023,US0023,0,098 US-23,US0023,N,N,NULL,NULL,NULL,N,NULL,NULL,NULL,NULL,NULL,NULL,17.327,NULL,NULL,NULL,NULL,,NULL,0,0,2,2,N,N,55,NULL,98,9801,NULL,,Y,37.4196,37,25.176,NULL,-82.51666,82,31,NULL,N,NULL,NULL,NULL,NULL,NULL,NULL,NULL,NULL,1,3,4,3,1,1,2,6,7,3,N,NULL,Y,N,436,526,526,N,NULL,55,,1,N,,N,N,098-US-0023-0,NULL,NULL,2023,O,7.28694E+11,098-US-0023  -000,HIGH,098-US-0023  -000,17.315,0,0,0,1,0,0,0,1,0,0,0,0,0
72842398,KSP0900,22-477062,20221214,1849,,,US23,,,US0023,US0023,0,098 US-23,US0023,N,N,NULL,NULL,NULL,N,NULL,NULL,NULL,NULL,NULL,NULL,16.69,NULL,NULL,NULL,NULL,,NULL,0,0,2,2,N,N,55,NULL,98,9801,NULL,,Y,37.41722,37,25.033,NULL,-82.52599,82,31.559,NULL,N,NULL,NULL,NULL,NULL,NULL,NULL,NULL,NULL,4,3,4,4,1,5,6,6,7,3,N,NULL,N,N,1845,1900,1900,N,NULL,70,,1,N,,N,N,098-US-0023-0,NULL,NULL,2022,O,7.28424E+11,098-US-0023  -000,HIGH,098-US-0023  -000,16.69,0,0,0,1,0,0,1,0,0,0,0,0,0
72848427,980100,2.022E+11,20221218,2102,,,CEDAR HILLS,,RD,KY1426,KY1426,0,098 KY-1426,KY1426,N,N,NULL,NULL,NULL,N,NULL,NULL,NULL,NULL,NULL,NULL,4.531,NULL,NULL,NULL,NULL,,NULL,0,0,2,2,N,N,35,NULL,98,9801,NULL,,Y,37.46196,37,27.718,NULL,-82.52892,82,31.735,NULL,N,NULL,NULL,NULL,NULL,NULL,NULL,NULL,NULL,1,3,2,3,1,97,2,6,6,3,N,NULL,Y,N,2102,2105,2214,N,NULL,55,,0,Y,,N,N,098-KY-1426-0,NULL,NULL,2022,O,7.28484E+11,098-KY-1426  -000,HIGH,098-KY-1426  -000,4.531,0,0,0,0,0,0,0,1,0,0,0,0,0
72911751,980100,2.023E+11,20230510,1757,,,US23,,,US0023,US0023,0,098 US-23,US0023,N,N,NULL,NULL,NULL,N,NULL,NULL,NULL,NULL,NULL,NULL,30.501,NULL,NULL,NULL,NULL,,NULL,1,1,2,2,N,N,55,NULL,98,9801,NULL,,Y,37.54251,37,32.551,NULL,-82.58498,82,35.099,NULL,N,NULL,NULL,NULL,NULL,NULL,NULL,NULL,NULL,1,3,4,6,1,1,2,2,7,3,Y,NULL,Y,Y,1816,1822,2029,N,NULL,55,,1,N,,N,Y,098-US-0023-0,NULL,NULL,2023,K,7.29118E+11,098-US-0023  -000,HIGH,098-US-0023  -000,30.475,1,0,0,0,0,0,0,0,1,0,0,1,1
72944981,980100,2.023E+11,20230906,1510,,120,CHAMPIONSHIP,,DR,,,0,098 CS-1186-80,CS1186,Y,N,NULL,NULL,NULL,N,NULL,NULL,NULL,NULL,NULL,NULL,0.018,NULL,NULL,NULL,NULL,,NULL,0,0,2,2,N,N,NULL,NULL,98,9801,NULL,,Y,37.48741,37,29.244,NULL,-82.54217,82,32.53,NULL,N,NULL,NULL,NULL,NULL,NULL,NULL,NULL,NULL,5,97,NULL,4,1,1,2,2,8,3,N,NULL,Y,N,1511,1511,1511,N,NULL,90,,,N,,N,N,098-CS-1186-80,NULL,NULL,2023,O,7.2945E+11,098-CS-1186  -080,MEDIUM,098-CS-1186  -080,0,0,0,1,0,0,0,1,0,0,0,0,0,0