MasterFile,AgencyORINumber,LocalCode,CollisionDate,CollisionTime,CollisionDayWeekCode,RoadwayName_HouseBusinessNumber_,RoadwayName_RoadwayName_,RoadwayName_Direction_,RoadwayName_RoadwaySuffix_,RoadwayfromReport,CurrentRoadwayNumber,RoadwayNumberCoupletID,RSEUniqueGIS,RoadwayIdentifier,ParkingLotIndicator,IntersectionWith_Indicator_,IntersectionWith_NameRoadway_,IntersectionWith_Direction_,IntersectionWith_RoadwaySuffix_,BetweenStreets_Indicator_,BetweenStreets1_NameRoadway_,BetweenStreet1_Direction_,BetweenStreets1_RoadwaySuffix_,BetweenStreets2_NameRoadway_,BetweenStreets2_Direction_,BetweenStreets2_RoadwaySuffix_,Milepoint,ReportMilepointDeriveNumber,CurrentDerivedMiepointNumber,MilestoMilepoint,FeettoMilepoint,DirectionfromMilepoint_NSEW_,ValidMilepointIndicator,NumberInjured,NumberKilled,ofUnits,ofMotorVehicleUnits,Hit&RunIndicator,OneWayIndicator,SpeedLimitNumber,KilometersIndicator,CountyCode,CityCountyCode,MilesFromCity,DirectionFromCity_NSEW_,InCityLimitsIndicator,Latitude,LatitudeDegrees,LatitudeMinutes,LatitudeSeconds,Longitude,LongitudeDegrees,LongitudeMinutes,LongitudeSeconds,RampIndicator,RampFromIdentifier,RampFromDirCode,RampFromCoupletID,RSEUniqueGISRampFrom,RampToidentifier,RampToDirCode,RampToCoupletID,RSEUniqueGisRampTo,MannerofCollisionCode,LocationFirstEventCode,TotalLanes,RoadwayCharacterCode,RoadwaySurfaceCode,RoadwayConditionCode,WeatherCode,LightConditionCode,LandUseCode,SchoolBusRelatedCode,FirstAidSceneIndicator,CollDescPresentInd,InvestigationCompleteIndicator,PhotosTakenIndicator,TimeNotified,TimeArrived,TimeRoadwayOpened,PropertyDamageIndicator,DiagramPresentIndicator,DirectionalAnalysis,FunctionClassCode,NationalHwySysCode,EnforcementsIndicator,KARSCityCode,SecondaryCollisionIndicator,MedianCrossoverIndicator,RT_UNIQUE,MapIt,TimeLastLeft,YR,KABCO,MFNY,WorkingRID,RT_CONFIDENCE,KTC_RT,KTC_MP,Motorcyclist,CommercialVehicle,YoungDriver,MatureDriver,pedestrian,Bicyclist,Distracted,agressive,Impaired,Unrestrained,Intersection,RoadwayDeparture,MedXover
72880251,KSP0900,23-117080,20230327,2112,,,BURNING FORK,,RD,,,0,098 CR-1481,CR1481,N,N,NULL,NULL,NULL,N,NULL,NULL,NULL,NULL,NULL,NULL,0.049,NULL,NULL,NULL,NULL,,NULL,0,0,1,1,N,N,25,NULL,98,9828,NULL,,Y,37.51226,37,30.736,NULL,-82.47502,82,28.501,NULL,N,NULL,NULL,NULL,NULL,NULL,NULL,NULL,NULL,9,3,2,1,1,1,1,6,6,3,N,NULL,Y,Y,2112,2155,2240,N,NULL,70,,,N,,N,N,098-CR-1481-0,NULL,NULL,2023,O,7.28803E+11,098-CR-1481  -000,HIGH,098-CR-1481  -000,0.046,0,0,0,0,0,0,0,0,0,0,0,0,0
72810823,980100,2.022E+11,20220929,1940,,,COLLEGE,S,ST,,,0,098 CS-1152,CS1152,N,N,NULL,NULL,NULL,N,NULL,NULL,NULL,NULL,NULL,NULL,0.209,NULL,NULL,NULL,NULL,,NULL,0,0,2,2,N,N,25,NULL,98,9801,NULL,,Y,37.4751,37,28.506,NULL,-82.52449,82,31.469,NULL,N,NULL,NULL,NULL,NULL,NULL,NULL,NULL,NULL,2,3,1,6,1,1,2,3,7,3,N,NULL,Y,N,1941,1944,1944,N,NULL,56,,,N,,N,N,098-CS-1152-0,NULL,NULL,2022,O,7.28108E+11,098-CS-1152  -000,HIGH,098-CS-1152  -000,0.209,0,0,0,0,0,0,1,0,0,0,0,0,0
72817962,980100,2.022E+11,20221017,1543,,,US23 TURN LANE,,,US0023,US0023,,,,N,N,NULL,NULL,NULL,N,NULL,NULL,NULL,NULL,NULL,NULL,0.018,NULL,NULL,NULL,NULL,,NULL,0,0,2,2,N,N,55,NULL,98,9801,NULL,,Y,37.50355,37,30.213,NULL,-82.53246,82,31.947,NULL,N,NULL,NULL,NULL,NULL,NULL,NULL,NULL,NULL,5,3,8,3,1,1,2,2,1,3,N,NULL,Y,N,1543,1545,,N,NULL,49,,1,N,,N,N,,NULL,NULL,2022,O,7.2818E+11,098-US-0023  -021,MEDIUM,098-US-0023  -021,0.018,0,0,0,1,0,0,1,1,0,0,0,0,0
72934204,KSP0900,23-358729,20230814,1641,,,KY122,,,KY0122,KY0122,0,098 KY-122,KY0122,Y,N,NULL,NULL,NULL,N,NULL,NULL,NULL,NULL,NULL,NULL,9.472,NULL,NULL,NULL,NULL,,NULL,0,0,2,2,N,N,NULL,NULL,98,9823,NULL,,Y,37.39038,37,23.423,NULL,-82.55849,82,33.51,NULL,N,NULL,NULL,NULL,NULL,NULL,NULL,NULL,NULL,2,97,0,6,3,5,2,2,7,3,N,NULL,Y,N,1641,1723,1723,N,NULL,90,,0,Y,,N,N,098-KY-0122-0,NULL,NULL,2023,O,7.29342E+11,098-KY-0122  -000,HIGH,098-KY-0122  -000,9.474,0,0,0,0,0,0,0,0,0,0,0,0,0
72887081,KSP0900,23-135689,20230410,1101,,,US23,,,US0023,US0023,0,098 US-23,US0023,N,N,NULL,NULL,NULL,N,NULL,NULL,NULL,NULL,NULL,NULL,15.976,NULL,NULL,NULL,NULL,,NULL,0,0,2,2,N,N,55,NULL,98,9801,3,S,N,37.40924,37,24.554,NULL,-82.53226,82,31.936,NULL,N,NULL,NULL,NULL,NULL,NULL,NULL,NULL,NULL,8,3,4,4,1,1,2,2,7,3,N,NULL,Y,N,1101,1121,1135,N,NULL,53,,1,N,,N,N,098-US-0023-0,NULL,NULL,2023,O,7.28871E+11,098-US-0023  -000,HIGH,098-US-0023  -000,15.947,0,0,0,1,0,0,0,0,0,0,0,1,0
72827036,KSP0900,22-430861,20221109,458,,,US119,,,US0119,US0119,0,098 US-119,US0119,N,N,NULL,NULL,NULL,N,NULL,NULL,NULL,NULL,NULL,NULL,12.794,NULL,NULL,NULL,NULL,,NULL,0,0,1,1,N,N,55,NULL,98,9833,NULL,,Y,37.60535,37,36.321,NULL,-82.36733,82,22.04,NULL,N,NULL,NULL,NULL,NULL,NULL,NULL,NULL,NULL,9,3,2,6,1,1,2,4,7,3,N,NULL,Y,Y,458,525,525,N,NULL,38,2,1,N,,N,N,098-US-0119-0,NULL,NULL,2022,O,7.2827E+11,098-US-0119  -000,HIGH,098-US-0119  -000,12.794,0,0,0,0,0,0,0,0,0,0,0,0,0
72880213,980100,2.023E+11,20230325,2241,,,US23,,,US0023,US0023,0,098 US-23,US0023,N,N,NULL,NULL,NULL,N,NULL,NULL,NULL,NULL,NULL,NULL,26.637,NULL,NULL,NULL,NULL,,NULL,0,0,1,1,N,N,55,NULL,98,9801,NULL,,Y,37.5079,37,30.474,NULL,-82.53539,82,32.123,NULL,N,NULL,NULL,NULL,NULL,NULL,NULL,NULL,NULL,9,3,4,3,1,1,2,6,7,3,N,NULL,Y,N,2243,2247,,N,NULL,70,,1,N,,N,N,098-US-0023-0,NULL,NULL,2023,O,7.28802E+11,098-US-0023  -000,HIGH,098-US-0023  -000,26.583,0,0,1,0,0,0,0,0,0,0,0,0,0
72861991,KSP0900,23-37225,20230129,1850,,,US119,N,,US0119,US0119,0,098 US-119-10,US0119,N,N,NULL,NULL,NULL,N,NULL,NULL,NULL,NULL,NULL,NULL,9.965,NULL,NULL,NULL,NULL,,NULL,0,0,2,2,N,N,55,NULL,98,9833,NULL,,Y,37.58226,37,34.936,NULL,-82.40636,82,24.382,NULL,N,NULL,NULL,NULL,NULL,NULL,NULL,NULL,NULL,8,5,2,5,1,1,2,7,7,3,N,NULL,N,N,1845,1905,1905,N,NULL,47,2,1,N,,N,N,098-US-0119-10,NULL,NULL,2023,O,7.2862E+11,098-US-0119  -010,HIGH,098-US-0119  -000,9.959,0,0,0,0,0,0,0,0,0,0,0,0,0
72859132,980100,2.023E+11,20230122,1122,,,COLLEGE,S,ST,,,0,098 CS-1152,CS1152,N,N,NULL,NULL,NULL,N,NULL,NULL,NULL,NULL,NULL,NULL,0.34,NULL,NULL,NULL,NULL,,NULL,0,0,2,2,N,N,15,NULL,98,9801,NULL,,Y,37.47518,37,28.511,NULL,-82.52674,82,31.605,NULL,N,NULL,NULL,NULL,NULL,NULL,NULL,NULL,NULL,1,3,2,6,1,5,3,2,6,3,N,NULL,Y,N,1122,1131,1140,N,NULL,55,,,N,,N,N,098-CS-1152-0,NULL,NULL,2023,O,7.28591E+11,098-CS-1152  -000,HIGH,098-CS-1152  -000,0.271,0,0,0,0,0,0,1,0,0,0,0,0,0
72860792,980100,2.023E+11,20230127,2229,,,HAMBLEY,,BLVD,,,0,098 CS-1222,CS1222,N,N,NULL,NULL,NULL,N,NULL,NULL,NULL,NULL,NULL,NULL,1.274,NULL,NULL,NULL,NULL,,NULL,0,0,3,3,N,N,35,NULL,98,9801,NULL,,Y,37.48514,37,29.109,NULL,-82.52657,82,31.594,NULL,N,NULL,NULL,NULL,NULL,NULL,NULL,NULL,NULL,7,5,2,6,1,1,2,5,6,3,N,NULL,Y,N,2229,2234,2234,N,NULL,47,,,N,,N,N,098-CS-1222-0,NULL,NULL,2023,O,7.28608E+11,098-CS-1222  -000,HIGH,098-CS-1222  -000,1.275,0,0,0,0,0,0,0,0,0,0,0,0,0
72853433,980100,2.023E+11,20230104,641,,,KY1426,,,KY1426,KY1426,0,098 KY-1426,KY1426,N,N,NULL,NULL,NULL,N,NULL,NULL,NULL,NULL,NULL,NULL,5.454,NULL,NULL,NULL,NULL,,NULL,1,0,2,1,N,N,55,NULL,98,9801,NULL,,Y,37.47245,37,28.347,NULL,-82.52686,82,31.612,NULL,N,NULL,NULL,NULL,NULL,NULL,NULL,NULL,NULL,9,3,2,6,1,5,6,5,1,3,Y,NULL,Y,Y,642,645,803,N,NULL,36,,0,N,,N,N,098-KY-1426-0,NULL,NULL,2023,B,7.28534E+11,098-KY-1426  -000,HIGH,098-KY-1426  -000,5.453,0,0,0,0,1,0,1,0,0,0,0,0,0
72866955,980100,2.023E+11,20230218,733,,,CASSIDY,,BLVD,,,0,098 CS-1191,CS1191,Y,N,NULL,NULL,NULL,N,NULL,NULL,NULL,NULL,NULL,NULL,0.308,NULL,NULL,NULL,NULL,,NULL,0,0,1,1,N,N,NULL,NULL,98,9801,NULL,,Y,37.50649,37,30.39,NULL,-82.53777,82,32.266,NULL,N,NULL,NULL,NULL,NULL,NULL,NULL,NULL,NULL,9,97,NULL,6,1,1,2,2,5,3,N,NULL,Y,N,733,753,833,N,NULL,90,,,N,,N,N,098-CS-1191-0,NULL,NULL,2023,NULL,7.2867E+11,098-CS-1191  -000,HIGH,098-CS-1191  -000,0.337,0,0,0,0,0,0,0,0,0,0,0,1,0
72876222,KSP0900,23-100530,20230315,2248,,,ISLAND CREEK,,RD,KY1426,KY1426,0,098 KY-1426,KY1426,N,N,NULL,NULL,NULL,N,NULL,NULL,NULL,NULL,NULL,NULL,0.99,NULL,NULL,NULL,NULL,,NULL,0,0,2,2,N,N,55,NULL,98,9801,NULL,,Y,37.45663,37,27.398,NULL,-82.57571,82,34.542,NULL,N,NULL,NULL,NULL,NULL,NULL,NULL,NULL,NULL,3,97,2,3,1,1,2,6,7,3,N,NULL,Y,N,2248,2311,2311,N,NULL,47,8,0,N,,N,N,098-KY-1426-0,NULL,NULL,2023,O,7.28762E+11,098-KY-1426  -000,HIGH,098-KY-1426  -000,1.025,0,0,0,0,0,0,0,0,0,0,0,1,0
72876297,KSP0900,23-102145,20230317,500,,,US119,,,US0119,US0119,0,098 US-119-10,US0119,N,N,NULL,NULL,NULL,N,NULL,NULL,NULL,NULL,NULL,NULL,8.52,NULL,NULL,NULL,NULL,,NULL,0,0,1,1,N,N,55,NULL,98,9820,NULL,,Y,37.56511,37,33.907,NULL,-82.4193,82,25.158,NULL,N,NULL,NULL,NULL,NULL,NULL,NULL,NULL,NULL,9,3,2,6,1,5,6,2,7,3,N,NULL,Y,N,506,550,620,N,NULL,40,2,1,N,,N,N,098-US-0119-10,NULL,NULL,2023,O,7.28763E+11,098-US-0119  -010,HIGH,098-US-0119  -000,8.519,0,0,0,0,0,0,1,0,0,0,0,1,0
72930189,KSP0900,23-346390,20230803,543,,,US23,,,US0023,US0023,,,,N,N,NULL,NULL,NULL,N,NULL,NULL,NULL,NULL,NULL,NULL,32.376,NULL,NULL,NULL,NULL,,NULL,0,0,1,1,N,N,55,NULL,98,9801,NULL,,Y,37.53695,37,32.217,NULL,-82.61552,82,36.931,NULL,N,NULL,NULL,NULL,NULL,NULL,NULL,NULL,NULL,9,3,4,3,1,5,3,6,7,3,N,NULL,Y,N,543,556,556,N,NULL,38,,1,N,,N,N,,NULL,NULL,2023,O,7.29302E+11,098-US-0023  -010,MEDIUM,098-US-0023  -000,32.36,0,0,0,0,0,0,0,0,0,0,0,0,0
72896418,980100,2.023E+11,20230425,1418,,,US23,,,US0023,US0023,0,098 US-23,US0023,N,N,NULL,NULL,NULL,N,NULL,NULL,NULL,NULL,NULL,NULL,30.112,NULL,NULL,NULL,NULL,,NULL,2,0,2,2,N,N,55,NULL,98,9801,NULL,,Y,37.53863,37,32.318,NULL,-82.58084,82,34.85,NULL,N,NULL,NULL,NULL,NULL,NULL,NULL,NULL,NULL,1,3,4,6,1,1,2,2,7,3,Y,NULL,Y,Y,1419,1426,1531,N,NULL,55,,1,N,,N,N,098-US-0023-0,NULL,NULL,2023,C,7.28964E+11,098-US-0023  -000,HIGH,098-US-0023  -000,30.114,0,0,0,1,0,0,1,0,0,1,0,0,0
72887788,KSP0900,23-134950,20230409,1840,,,CEDAR HILLS,,RD,KY1426,KY1426,0,098 KY-1426,KY1426,N,N,NULL,NULL,NULL,N,NULL,NULL,NULL,NULL,NULL,NULL,3.67,NULL,NULL,NULL,NULL,,NULL,1,0,2,2,N,N,55,NULL,98,9801,NULL,,Y,37.45234,37,27.141,NULL,-82.53564,82,32.138,NULL,N,NULL,NULL,NULL,NULL,NULL,NULL,NULL,NULL,8,3,2,3,1,1,2,2,7,3,Y,NULL,N,Y,1830,1843,1915,N,NULL,53,8,0,N,,N,N,098-KY-1426-0,NULL,NULL,2023,C,7.28878E+11,098-KY-1426  -000,HIGH,098-KY-1426  -000,3.635,0,0,0,0,0,0,0,0,0,0,0,1,0
72945422,KSP0900,23-385361,20230907,2144,,,POUNDING MILL,,RD,,,0,098 CR-1526,CR1526,N,N,NULL,NULL,NULL,N,NULL,NULL,NULL,NULL,NULL,NULL,1,NULL,NULL,NULL,NULL,,NULL,0,0,1,1,N,N,35,NULL,98,9811,NULL,,Y,37.57216,37,34.33,NULL,-82.15131,82,9.078,NULL,N,NULL,NULL,NULL,NULL,NULL,NULL,NULL,NULL,9,6,1,6,1,1,2,6,7,3,N,NULL,N,N,2144,2216,2216,N,NULL,44,,,N,,N,N,098-CR-1526-0,NULL,NULL,2023,O,7.29454E+11,098-CR-1526  -000,HIGH,098-CR-1526  -000,1.002,0,0,0,0,0,0,0,0,0,0,0,1,0
72884319,KSP0900,23-131563,20230407,855,,,KY1426,,,KY1426,KY1426,0,098 KY-1426,KY1426,N,N,NULL,NULL,NULL,N,NULL,NULL,NULL,NULL,NULL,NULL,12.533,NULL,NULL,NULL,NULL,,NULL,0,0,1,1,N,N,55,NULL,98,9828,NULL,,Y,37.54332,37,32.599,NULL,-82.46773,82,28.063,NULL,N,NULL,NULL,NULL,NULL,NULL,NULL,NULL,NULL,9,3,2,3,1,5,6,2,7,3,Y,NULL,Y,N,850,855,900,N,NULL,44,7,0,N,,N,N,098-KY-1426-0,NULL,NULL,2023,O,7.28843E+11,098-KY-1426  -000,HIGH,098-KY-1426  -000,12.532,0,0,0,1,0,0,0,0,0,0,0,1,0
72925466,KSP0900,23-334306,20230722,2205,,,COWPEN,,RD,KY2061,KY2061,0,098 KY-2061,KY2061,N,N,NULL,NULL,NULL,N,NULL,NULL,NULL,NULL,NULL,NULL,6.949,NULL,NULL,NULL,NULL,,NULL,0,0,1,1,N,N,55,NULL,98,9806,NULL,,Y,37.59971,37,35.983,NULL,-82.53208,82,31.925,NULL,N,NULL,NULL,NULL,NULL,NULL,NULL,NULL,NULL,9,3,2,3,1,1,3,6,7,3,N,NULL,Y,N,2229,2255,2330,N,NULL,38,,0,N,,N,N,098-KY-2061-0,NULL,NULL,2023,O,7.29255E+11,098-KY-2061  -000,HIGH,098-KY-2061  -000,6.938,0,0,0,0,0,0,0,0,0,0,0,1,0
72868284,980100,2.023E+11,20230218,1311,,,CASSIDY,,BLVD,,,0,098 CS-1191,CS1191,N,N,NULL,NULL,NULL,N,NULL,NULL,NULL,NULL,NULL,NULL,0.061,NULL,NULL,NULL,NULL,,NULL,0,0,2,2,N,N,25,NULL,98,9801,NULL,,Y,37.50367,37,30.22,NULL,-82.53313,82,31.988,NULL,N,NULL,NULL,NULL,NULL,NULL,NULL,NULL,NULL,1,3,2,6,1,1,2,2,1,3,N,NULL,Y,N,1311,1311,1311,N,NULL,55,,,N,,N,N,098-CS-1191-0,NULL,NULL,2023,O,7.28683E+11,098-CS-1191  -000,HIGH,098-CS-1191  -000,0.056,0,0,1,0,0,0,1,1,0,0,0,0,0
72820965,KSP0900,22-400523,20221017,1439,,,BIG CREEK,E,RD,KY3220,KY3220,0,098 KY-3220,KY3220,N,N,NULL,NULL,NULL,N,NULL,NULL,NULL,NULL,NULL,NULL,2.683,NULL,NULL,NULL,NULL,,NULL,1,0,1,1,N,N,35,NULL,98,9833,NULL,,Y,37.60753,37,36.452,NULL,-82.32729,82,19.637,NULL,N,NULL,NULL,NULL,NULL,NULL,NULL,NULL,NULL,9,3,2,6,1,1,2,2,7,3,N,NULL,Y,Y,1500,1500,1500,N,NULL,70,8,0,N,,N,N,098-KY-3220-0,NULL,NULL,2022,C,7.2821E+11,098-KY-3220  -000,HIGH,098-KY-3220  -000,2.683,0,0,0,0,0,0,0,0,1,0,0,1,0
72877734,980100,2.023E+11,20230320,1330,,,US23,,,US0023,US0023,,,,N,N,NULL,NULL,NULL,N,NULL,NULL,NULL,NULL,NULL,NULL,26.161,NULL,NULL,NULL,NULL,,NULL,0,0,2,2,N,N,55,NULL,98,9801,NULL,,Y,37.50192,37,30.115,NULL,-82.53191,82,31.915,NULL,N,NULL,NULL,NULL,NULL,NULL,NULL,NULL,NULL,5,3,4,6,1,1,2,2,7,3,N,NULL,Y,N,1332,1332,,N,NULL,70,,1,N,,N,N,,NULL,NULL,2023,O,7.28777E+11,098-US-0023  -000,MEDIUM,098-US-0023  -000,26.099,0,0,0,0,0,0,1,0,0,0,0,0,0
72900820,KSP0900,23-181754,20230513,1559,,,TURKEY CREEK,,RD,KY0612,KY0612,0,098 KY-612,KY0612,N,N,NULL,NULL,NULL,N,NULL,NULL,NULL,NULL,NULL,NULL,6.565,NULL,NULL,NULL,NULL,,NULL,0,0,1,1,N,N,45,NULL,98,9834,NULL,,Y,37.65011,37,39.006,NULL,-82.30954,82,18.572,NULL,N,NULL,NULL,NULL,NULL,NULL,NULL,NULL,NULL,9,3,2,6,1,5,6,2,7,3,N,NULL,N,N,1559,1627,1700,N,NULL,44,8,0,N,,N,N,098-KY-0612-0,NULL,NULL,2023,O,7.29008E+11,098-KY-0612  -000,HIGH,098-KY-0612  -000,6.564,0,0,0,0,0,0,1,0,0,0,0,1,0
72887253,980100,2.023E+11,20230414,1723,,,CASSIDY,,BLVD,,,0,098 CS-1191,CS1191,N,N,NULL,NULL,NULL,N,NULL,NULL,NULL,NULL,NULL,NULL,0.261,NULL,NULL,NULL,NULL,,NULL,0,0,2,2,N,N,35,NULL,98,9801,NULL,,Y,37.50463,37,30.278,NULL,-82.53613,82,32.167,NULL,N,NULL,NULL,NULL,NULL,NULL,NULL,NULL,NULL,1,3,3,6,1,5,3,2,7,3,N,NULL,Y,N,1723,1741,1741,N,NULL,55,,,N,,N,N,098-CS-1191-0,NULL,NULL,2023,O,7.28873E+11,098-CS-1191  -000,HIGH,098-CS-1191  -000,0.244,0,0,0,0,0,0,0,1,0,0,0,0,0
72872140,980100,2.023E+11,20230304,1504,,,PRATER,,PL,,,,,,N,Y,LEE,,AVE,N,NULL,NULL,NULL,NULL,NULL,NULL,NULL,NULL,NULL,NULL,NULL,NULL,NULL,0,0,2,2,N,N,25,NULL,98,9801,NULL,,Y,37.50312,37,30.187,NULL,-82.53516,82,32.109,NULL,N,NULL,NULL,NULL,NULL,NULL,NULL,NULL,NULL,1,3,2,6,1,1,2,2,1,3,N,NULL,Y,N,1504,1514,1517,N,NULL,10,,,N,,N,N,,NULL,NULL,2023,O,7.28721E+11,098-CS-1260  -000,HIGH,098-CS-1260  -000,0.048,0,0,0,1,0,0,1,1,0,0,1,0,0
72842337,980100,2.022E+11,20221207,1719,,,US23,,,US0023,US0023,,,,N,N,NULL,NULL,NULL,N,NULL,NULL,NULL,NULL,NULL,NULL,20.162,NULL,NULL,NULL,NULL,,NULL,0,0,1,1,N,N,55,NULL,98,9801,NULL,,Y,37.44775,37,26.865,NULL,-82.51426,82,30.855,NULL,N,NULL,NULL,NULL,NULL,NULL,NULL,NULL,NULL,9,3,4,6,1,5,3,3,2,3,N,NULL,Y,N,1720,1728,1757,N,NULL,70,,1,N,,N,N,,NULL,NULL,2022,O,7.28423E+11,098-US-0023  -010,MEDIUM,098-US-0023  -000,20.162,0,0,0,0,0,0,0,0,0,0,0,0,0
72842205,980100,2.022E+11,20221207,1228,,,CASSIDY,,BLVD,,,0,098 CS-1191,CS1191,N,N,NULL,NULL,NULL,N,NULL,NULL,NULL,NULL,NULL,NULL,0.263,NULL,NULL,NULL,NULL,,NULL,1,0,2,2,N,N,35,NULL,98,9801,NULL,,Y,37.50465,37,30.279,NULL,-82.53615,82,32.169,NULL,N,NULL,NULL,NULL,NULL,NULL,NULL,NULL,NULL,1,3,4,3,1,5,3,2,1,3,Y,NULL,Y,Y,1228,1235,1435,N,NULL,55,,,N,,N,N,098-CS-1191-0,NULL,NULL,2022,B,7.28422E+11,098-CS-1191  -000,HIGH,098-CS-1191  -000,0.263,0,0,0,1,0,0,0,1,0,0,0,0,0
72844464,KSP0900,22-482343,20221218,1834,,,ELKHORN,,CRK,KY0197,KY0197,0,098 KY-197,KY0197,N,N,NULL,NULL,NULL,N,NULL,NULL,NULL,NULL,NULL,NULL,7.567,NULL,NULL,NULL,NULL,,NULL,1,0,1,1,N,N,55,NULL,98,9864,NULL,S,Y,37.25894,37,15.537,NULL,-82.46416,82,27.85,NULL,N,NULL,NULL,NULL,NULL,NULL,NULL,NULL,NULL,9,5,2,6,1,1,2,6,7,3,Y,NULL,Y,Y,1834,1909,2113,N,NULL,51,7,0,N,,N,N,098-KY-0197-0,NULL,NULL,2022,A,7.28445E+11,098-KY-0197  -000,HIGH,098-KY-0197  -000,7.567,1,0,0,0,0,0,0,0,0,0,0,1,0
72858886,980100,2.023E+11,20230127,1527,,254,CASSIDY,,BLVD,,,,,,Y,N,NULL,NULL,NULL,N,NULL,NULL,NULL,NULL,NULL,NULL,0.344,NULL,NULL,NULL,NULL,,NULL,0,0,2,2,N,N,15,NULL,98,9801,NULL,,Y,37.50529,37,30.317,NULL,-82.53781,82,32.269,NULL,N,NULL,NULL,NULL,NULL,NULL,NULL,NULL,NULL,2,97,NULL,6,1,1,2,2,1,3,N,NULL,Y,N,1527,1527,,N,NULL,90,,,N,,N,N,,NULL,NULL,2023,O,7.28589E+11,098-CS-1191  -000,MEDIUM,098-CS-1191  -000,0.349,0,0,0,0,0,0,1,0,0,0,0,0,0
72859541,KSP0900,23-36185,20230128,1929,,,KY292 CROSSOVER,,,KY0292,KY0292,0,098 KY-292-30,KY0292,N,N,NULL,NULL,NULL,N,NULL,NULL,NULL,NULL,NULL,NULL,0.002,NULL,NULL,NULL,NULL,,NULL,0,0,2,2,N,N,45,NULL,98,9834,NULL,,Y,37.66336,37,39.802,NULL,-82.27318,82,16.391,NULL,N,NULL,NULL,NULL,NULL,NULL,NULL,NULL,NULL,1,3,2,6,1,1,2,5,7,3,N,NULL,Y,N,1931,1937,1940,N,NULL,55,8,0,N,,N,N,098-KY-0292-30,NULL,NULL,2023,O,7.28595E+11,098-KY-0292  -030,HIGH,098-KY-0292  -030,0.001,0,0,1,0,0,0,0,0,0,0,0,0,0
72927184,KSP0900,23-339558,20230727,1728,,,KY194,,,KY0194,KY0194,0,098 KY-194,KY0194,N,N,NULL,NULL,NULL,N,NULL,NULL,NULL,NULL,NULL,NULL,20.445,NULL,NULL,NULL,NULL,,NULL,0,0,2,2,N,N,55,NULL,98,9801,NULL,,Y,37.54538,37,32.723,NULL,-82.39659,82,23.796,NULL,N,NULL,NULL,NULL,NULL,NULL,NULL,NULL,NULL,7,3,2,3,1,1,2,2,7,3,N,NULL,N,N,1654,1715,1723,N,NULL,54,6,0,N,,N,N,098-KY-0194-0,NULL,NULL,2023,O,7.29272E+11,098-KY-0194  -000,HIGH,098-KY-0194  -000,20.439,0,0,0,0,0,0,0,0,0,0,0,1,0
72844382,KSP0900,22-470252,20221209,1559,,,US119,,,US0119,US0119,0,098 US-119,US0119,N,N,NULL,NULL,NULL,N,NULL,NULL,NULL,NULL,NULL,NULL,17.502,NULL,NULL,NULL,NULL,,NULL,0,0,2,2,N,N,55,NULL,98,9836,NULL,,Y,37.5988,37,35.928,NULL,-82.29657,82,17.794,NULL,N,NULL,NULL,NULL,NULL,NULL,NULL,NULL,NULL,1,3,2,4,1,1,2,2,7,3,N,NULL,Y,N,1549,1611,1611,N,NULL,55,2,1,N,,N,N,098-US-0119-0,NULL,NULL,2022,O,7.28444E+11,098-US-0119  -000,HIGH,098-US-0119  -000,17.502,0,0,0,0,0,0,0,0,0,0,0,0,0
72824270,KSP0900,22-413976,20221027,1703,,,FISHTRAP,,RD,KY1441,KY1441,0,098 KY-1441,KY1441,N,N,NULL,NULL,NULL,N,NULL,NULL,NULL,NULL,NULL,NULL,1.907,NULL,NULL,NULL,NULL,,NULL,1,0,2,2,N,N,35,NULL,98,9832,NULL,,Y,37.41746,37,25.047,NULL,-82.42351,82,25.41,NULL,N,NULL,NULL,NULL,NULL,NULL,NULL,NULL,NULL,8,3,1,6,1,1,2,2,7,3,N,NULL,Y,Y,1703,1730,1800,N,NULL,47,8,0,N,,N,N,098-KY-1441-0,NULL,NULL,2022,C,7.28243E+11,098-KY-1441  -000,HIGH,098-KY-1441  -000,1.907,0,0,0,0,0,0,0,0,0,0,0,1,0
72850982,KSP0900,22-380306,20221001,2059,,,KY1469,,,KY1469,KY1469,,,,N,N,NULL,NULL,NULL,N,NULL,NULL,NULL,NULL,NULL,NULL,13.265,NULL,NULL,NULL,NULL,,NULL,0,0,1,1,N,N,45,NULL,98,9827,NULL,,Y,37.35917,37,21.55,NULL,-82.56947,82,34.169,NULL,N,NULL,NULL,NULL,NULL,NULL,NULL,NULL,NULL,9,3,2,6,1,5,6,6,7,3,N,NULL,Y,N,2059,2104,2104,N,NULL,38,7,0,N,,N,N,,NULL,NULL,2022,O,7.2851E+11,098-KY-1469  -000,HIGH,098-KY-1469  -000,13.265,0,0,0,0,0,0,0,0,0,0,0,0,0