MasterFile,AgencyORINumber,LocalCode,CollisionDate,CollisionTime,CollisionDayWeekCode,RoadwayName_HouseBusinessNumber_,RoadwayName_RoadwayName_,RoadwayName_Direction_,RoadwayName_RoadwaySuffix_,RoadwayfromReport,CurrentRoadwayNumber,RoadwayNumberCoupletID,RSEUniqueGIS,RoadwayIdentifier,ParkingLotIndicator,IntersectionWith_Indicator_,IntersectionWith_NameRoadway_,IntersectionWith_Direction_,IntersectionWith_RoadwaySuffix_,BetweenStreets_Indicator_,BetweenStreets1_NameRoadway_,BetweenStreet1_Direction_,BetweenStreets1_RoadwaySuffix_,BetweenStreets2_NameRoadway_,BetweenStreets2_Direction_,BetweenStreets2_RoadwaySuffix_,Milepoint,ReportMilepointDeriveNumber,CurrentDerivedMiepointNumber,MilestoMilepoint,FeettoMilepoint,DirectionfromMilepoint_NSEW_,ValidMilepointIndicator,NumberInjured,NumberKilled,ofUnits,ofMotorVehicleUnits,Hit&RunIndicator,OneWayIndicator,SpeedLimitNumber,KilometersIndicator,CountyCode,CityCountyCode,MilesFromCity,DirectionFromCity_NSEW_,InCityLimitsIndicator,Latitude,LatitudeDegrees,LatitudeMinutes,LatitudeSeconds,Longitude,LongitudeDegrees,LongitudeMinutes,LongitudeSeconds,RampIndicator,RampFromIdentifier,RampFromDirCode,RampFromCoupletID,RSEUniqueGISRampFrom,RampToidentifier,RampToDirCode,RampToCoupletID,RSEUniqueGisRampTo,MannerofCollisionCode,LocationFirstEventCode,TotalLanes,RoadwayCharacterCode,RoadwaySurfaceCode,RoadwayConditionCode,WeatherCode,LightConditionCode,LandUseCode,SchoolBusRelatedCode,FirstAidSceneIndicator,CollDescPresentInd,InvestigationCompleteIndicator,PhotosTakenIndicator,TimeNotified,TimeArrived,TimeRoadwayOpened,PropertyDamageIndicator,DiagramPresentIndicator,DirectionalAnalysis,FunctionClassCode,NationalHwySysCode,EnforcementsIndicator,KARSCityCode,SecondaryCollisionIndicator,MedianCrossoverIndicator,RT_UNIQUE,MapIt,TimeLastLeft,YR,KABCO,MFNY,WorkingRID,RT_CONFIDENCE,KTC_RT,KTC_MP,Motorcyclist,CommercialVehicle,YoungDriver,MatureDriver,pedestrian,Bicyclist,Distracted,agressive,Impaired,Unrestrained,Intersection,RoadwayDeparture,MedXover
72943512,980100,2.023E+11,20230907,1658,,,US23,,,US0023,US0023,0,098 US-23-10,US0023,N,N,NULL,NULL,NULL,N,NULL,NULL,NULL,NULL,NULL,NULL,29.654,NULL,NULL,NULL,NULL,,NULL,0,0,4,4,N,N,45,NULL,98,9801,NULL,,Y,37.53222,37,31.933,NULL,-82.57747,82,34.648,NULL,N,NULL,NULL,NULL,NULL,NULL,NULL,NULL,NULL,5,3,4,6,1,1,3,2,7,3,Y,NULL,Y,N,1658,1709,1741,N,NULL,49,,1,N,,N,N,098-US-0023-10,NULL,NULL,2023,O,7.29435E+11,098-US-0023  -010,HIGH,098-US-0023  -000,29.633,0,0,0,1,0,0,1,0,0,0,0,0,0
72941874,980100,2.023E+11,20230826,1518,,254,CASSIDY,,BLVD,,,0,098 CS-1191,CS1191,Y,N,NULL,NULL,NULL,N,NULL,NULL,NULL,NULL,NULL,NULL,0.317,NULL,NULL,NULL,NULL,,NULL,0,0,3,3,N,N,NULL,NULL,98,9801,NULL,,Y,37.50522,37,30.313,NULL,-82.5372,82,32.232,NULL,N,NULL,NULL,NULL,NULL,NULL,NULL,NULL,NULL,5,97,NULL,6,1,1,2,2,5,3,N,NULL,Y,Y,1520,1526,1526,Y,NULL,90,,,Y,,N,N,098-CS-1191-0,NULL,NULL,2023,O,7.29419E+11,098-CS-1191  -000,HIGH,098-CS-1191  -000,0.317,0,0,0,1,0,0,0,0,0,0,0,0,0
72878339,KSP0900,23-102755,20230317,1626,,,KY194,,,KY0194,KY0194,0,098 KY-194,KY0194,N,N,NULL,NULL,NULL,N,NULL,NULL,NULL,NULL,NULL,NULL,59.142,NULL,NULL,NULL,NULL,,NULL,3,0,1,1,N,N,35,NULL,98,9804,NULL,,Y,37.55297,37,33.179,NULL,-82.15908,82,9.545,NULL,N,NULL,NULL,NULL,NULL,NULL,NULL,NULL,NULL,9,4,2,3,1,5,6,2,7,3,Y,NULL,Y,Y,1628,1637,1637,Y,NULL,40,7,0,N,,N,N,098-KY-0194-0,NULL,NULL,2023,C,7.28783E+11,098-KY-0194  -000,HIGH,098-KY-0194  -000,59.14,0,0,0,0,0,0,0,0,0,0,0,1,0
72834634,980100,2.022E+11,20221125,1356,,,US460,,,US0460,US0460,0,098 US-460,US0460,N,N,NULL,NULL,NULL,N,NULL,NULL,NULL,NULL,NULL,NULL,0.431,NULL,NULL,NULL,NULL,,NULL,0,0,2,2,N,N,55,NULL,98,9801,NULL,,Y,37.43657,37,26.194,NULL,-82.51102,82,30.661,NULL,N,NULL,NULL,NULL,NULL,NULL,NULL,NULL,NULL,5,3,2,6,1,6,6,2,7,3,N,NULL,Y,N,1356,1400,1434,N,NULL,49,,1,N,,N,N,098-US-0460-0,NULL,NULL,2022,O,7.28346E+11,098-US-0460  -000,HIGH,098-US-0460  -000,0.431,0,0,1,0,0,0,1,0,0,0,0,0,0
72911669,KSP0900,23-206241,20230531,1138,,,POWELLS,,CRK,,,,,,N,N,NULL,NULL,NULL,N,NULL,NULL,NULL,NULL,NULL,NULL,2.511,NULL,NULL,NULL,NULL,,NULL,0,0,3,3,Y,N,15,NULL,98,9832,NULL,,Y,37.40942,37,24.565,NULL,-82.39156,82,23.494,NULL,N,NULL,NULL,NULL,NULL,NULL,NULL,NULL,NULL,5,97,1,4,1,1,2,2,6,3,Y,NULL,Y,N,1138,1147,1303,N,NULL,70,,,Y,,N,N,,NULL,NULL,2023,O,7.29117E+11,098-CR-1208  -000,HIGH,098-CR-1208  -000,2.533,0,0,0,0,0,0,0,0,1,0,0,0,0
72860108,980100,2.023E+11,20230130,809,,,HAMBLEY,,BLVD,,,0,098 CS-1222,CS1222,N,N,NULL,NULL,NULL,N,NULL,NULL,NULL,NULL,NULL,NULL,1.64,NULL,NULL,NULL,NULL,,NULL,0,0,1,1,N,N,35,NULL,98,9801,NULL,,Y,37.48227,37,28.936,NULL,-82.53239,82,31.944,NULL,N,NULL,NULL,NULL,NULL,NULL,NULL,NULL,NULL,9,3,2,6,1,5,6,2,7,3,N,NULL,Y,N,809,813,849,N,NULL,38,,,N,,N,N,098-CS-1222-0,NULL,NULL,2023,O,7.28601E+11,098-CS-1222  -000,HIGH,098-CS-1222  -000,1.651,0,0,0,1,0,0,0,0,0,0,0,0,0
72917717,KSP0900,23-310596,20230702,110,,,LITTLE ROBINSON,,CRK,,,0,098 CR-1234Q3,CR1234Q3,N,N,NULL,NULL,NULL,N,NULL,NULL,NULL,NULL,NULL,NULL,0.784,NULL,NULL,NULL,NULL,,NULL,0,0,1,1,N,Y,25,NULL,98,9823,NULL,,Y,37.37283,37,22.37,NULL,-82.64338,82,38.603,NULL,N,NULL,NULL,NULL,NULL,NULL,NULL,NULL,NULL,9,3,1,3,1,5,2,6,7,3,N,NULL,N,N,103,122,200,N,NULL,44,,,N,,N,N,098-CR-1234Q3-0,NULL,NULL,2023,O,7.29177E+11,098-CR-1234Q3-000,HIGH,098-CR-1234Q3-000,0.787,0,0,0,0,0,0,0,0,0,0,0,1,0
72858429,KSP0900,23-32616,20230126,620,,,BEAVER CK,,RD,KY1373,KY1373,0,098 KY-1373,KY1373,N,N,NULL,NULL,NULL,N,NULL,NULL,NULL,NULL,NULL,NULL,0.314,NULL,NULL,NULL,NULL,,NULL,0,0,1,1,N,N,55,NULL,98,9802,NULL,,Y,37.31399,37,18.84,NULL,-82.35359,82,21.215,NULL,N,NULL,NULL,NULL,NULL,NULL,NULL,NULL,NULL,9,3,2,1,1,1,2,4,2,3,N,NULL,Y,N,622,648,715,N,NULL,38,8,0,N,,N,N,098-KY-1373-0,NULL,NULL,2023,O,7.28584E+11,098-KY-1373  -000,HIGH,098-KY-1373  -000,0.297,0,0,0,0,0,0,0,0,0,0,0,1,0
72856952,KSP0900,23-19992,20230116,1032,,,US460,,,US0460,US0460,0,098 US-460,US0460,N,N,NULL,NULL,NULL,N,NULL,NULL,NULL,NULL,NULL,NULL,6.424,NULL,NULL,NULL,NULL,,NULL,0,0,2,2,N,N,55,NULL,98,9801,NULL,,Y,37.39777,37,23.866,NULL,-82.43333,82,25.999,NULL,N,NULL,NULL,NULL,NULL,NULL,NULL,NULL,NULL,5,3,2,6,1,1,2,2,7,3,N,NULL,Y,N,1032,1032,1032,N,NULL,49,,1,N,,N,N,098-US-0460-0,NULL,NULL,2023,O,7.2857E+11,098-US-0460  -000,HIGH,098-US-0460  -000,6.425,0,0,0,1,0,0,1,1,0,0,0,0,0
72879840,980100,2.023E+11,20230326,1950,,252,CASSIDY,,BLVD,,,0,098 CS-1191,CS1191,N,N,NULL,NULL,NULL,N,NULL,NULL,NULL,NULL,NULL,NULL,0.324,NULL,NULL,NULL,NULL,,NULL,0,0,2,2,N,N,5,NULL,98,9801,NULL,,Y,37.50522,37,30.313,NULL,-82.53733,82,32.24,NULL,N,NULL,NULL,NULL,NULL,NULL,NULL,NULL,NULL,1,97,1,6,1,1,2,3,5,3,N,NULL,Y,N,1950,2000,2000,N,NULL,47,,,N,,N,N,098-CS-1191-0,NULL,NULL,2023,O,7.28798E+11,098-CS-1191  -000,HIGH,098-CS-1191  -000,0.324,0,0,0,0,0,0,1,0,0,1,0,0,0
72851608,370200,20234174,20230104,952,,,US119,,,US0119,US0119,0,098 US-119,US0119,N,N,NULL,NULL,NULL,N,NULL,NULL,NULL,NULL,NULL,NULL,1.752,NULL,NULL,NULL,NULL,,NULL,1,0,2,2,N,N,55,NULL,98,9801,NULL,,Y,37.51301,37,30.781,NULL,-82.50358,82,30.215,NULL,N,NULL,NULL,NULL,NULL,NULL,NULL,NULL,NULL,5,3,2,5,1,5,3,2,7,3,Y,NULL,N,Y,954,1002,1040,N,NULL,49,2,1,N,,N,N,098-US-0119-0,NULL,NULL,2023,C,7.28516E+11,098-US-0119  -000,HIGH,098-US-0119  -000,1.755,0,1,0,0,0,0,1,0,0,0,0,0,0
72938674,KSP0900,23-359721,20230815,1503,,,KY610,W,,KY0610,KY0610,,,,N,N,NULL,NULL,NULL,N,NULL,NULL,NULL,NULL,NULL,NULL,8.207,NULL,NULL,NULL,NULL,,NULL,0,0,2,2,N,N,45,NULL,98,9827,NULL,,Y,37.34038,37,20.423,NULL,-82.58984,82,35.391,NULL,N,NULL,NULL,NULL,NULL,NULL,NULL,NULL,NULL,5,3,2,6,1,1,2,2,7,3,N,NULL,Y,N,1503,1543,1543,N,NULL,70,7,0,N,,N,N,,NULL,NULL,2023,O,7.29387E+11,098-KY-0610  -000,HIGH,098-KY-0610  -000,8.206,0,0,0,0,0,0,1,0,0,0,0,0,0
72967852,KSP0900,23-441651,20231031,715,,,KY194,,,KY0194,KY0194,0,098 KY-194,KY0194,N,N,NULL,NULL,NULL,N,NULL,NULL,NULL,NULL,NULL,NULL,24.327,NULL,NULL,NULL,NULL,,NULL,0,0,2,2,N,N,55,NULL,98,9817,NULL,,Y,37.52462,37,31.477,NULL,-82.36594,82,21.956,NULL,N,NULL,NULL,NULL,NULL,NULL,NULL,NULL,NULL,8,3,2,3,1,5,6,1,7,3,N,NULL,N,N,715,718,745,N,NULL,53,6,0,N,,N,N,098-KY-0194-0,NULL,NULL,2023,O,7.29679E+11,098-KY-0194  -000,HIGH,098-KY-0194  -000,24.313,0,0,0,0,0,0,0,0,0,0,0,1,0
72906397,980100,2.023E+11,20230602,1426,,,CASSIDY,,BLVD,,,0,098 CS-1191,CS1191,Y,N,NULL,NULL,NULL,N,NULL,NULL,NULL,NULL,NULL,NULL,0.191,NULL,NULL,NULL,NULL,,NULL,0,0,2,2,N,N,NULL,NULL,98,9801,NULL,,Y,37.5041,37,30.246,NULL,-82.53507,82,32.104,NULL,N,NULL,NULL,NULL,NULL,NULL,NULL,NULL,NULL,1,97,NULL,6,1,1,2,2,1,3,N,NULL,Y,N,1426,1427,1427,N,NULL,90,,,N,,N,N,098-CS-1191-0,NULL,NULL,2023,O,7.29064E+11,098-CS-1191  -000,HIGH,098-CS-1191  -000,0.176,0,0,0,0,0,0,1,0,0,0,0,0,0
72855830,980100,2.023E+11,20230118,1300,,,BYPASS,S,RD,KY1426,KY1426,0,098 KY-1426,KY1426,N,N,NULL,NULL,NULL,N,NULL,NULL,NULL,NULL,NULL,NULL,6.472,NULL,NULL,NULL,NULL,,NULL,0,0,2,2,N,N,25,NULL,98,9801,NULL,,Y,37.48167,37,28.901,NULL,-82.51414,82,30.849,NULL,N,NULL,NULL,NULL,NULL,NULL,NULL,NULL,NULL,1,3,2,6,1,1,2,2,7,3,N,NULL,Y,N,1306,1306,1320,N,NULL,55,,0,N,,N,N,098-KY-1426-0,NULL,NULL,2023,O,7.28558E+11,098-KY-1426  -000,HIGH,098-KY-1426  -000,6.499,0,0,0,0,0,0,0,0,0,0,0,0,0
72864297,KSP0900,23-44181,20230204,1201,,,US23,S,,US0023,US0023,0,098 US-23,US0023,N,N,NULL,NULL,NULL,N,NULL,NULL,NULL,NULL,NULL,NULL,14.925,NULL,NULL,NULL,NULL,,NULL,1,0,1,1,N,N,55,NULL,98,9801,0.4,S,N,37.39481,37,23.688,NULL,-82.52763,82,31.658,NULL,N,NULL,NULL,NULL,NULL,NULL,NULL,NULL,NULL,9,97,4,3,1,1,2,2,7,3,Y,NULL,Y,N,1201,1204,1204,N,NULL,40,,1,N,,N,N,098-US-0023-0,NULL,NULL,2023,C,7.28643E+11,098-US-0023  -000,HIGH,098-US-0023  -000,14.907,0,0,0,0,0,0,0,0,0,0,0,1,0
72823303,980000,22-N-001,20221014,1745,,,KY632,,,KY0632,KY0632,0,098 KY-632,KY0632,N,N,NULL,NULL,NULL,N,NULL,NULL,NULL,NULL,NULL,NULL,13.978,NULL,NULL,NULL,NULL,,NULL,0,0,2,2,N,N,35,NULL,98,9804,NULL,,Y,37.5143,37,30.858,NULL,-82.153,82,9.18,NULL,N,NULL,NULL,NULL,NULL,NULL,NULL,NULL,NULL,3,3,2,6,1,1,2,2,1,3,N,NULL,Y,Y,1745,1747,1815,N,NULL,52,6,0,N,,N,N,098-KY-0632-0,NULL,NULL,2022,O,7.28233E+11,098-KY-0632  -000,HIGH,098-KY-0632  -000,13.978,0,0,0,1,0,0,0,1,0,0,0,1,0
72807473,980100,2.022E+11,20220920,1643,,,KY3496 TURN LANE,,,KY3496,KY3496,0,098 KY-3496-20,KY3496,N,N,NULL,NULL,NULL,N,NULL,NULL,NULL,NULL,NULL,NULL,0.025,NULL,NULL,NULL,NULL,,NULL,0,0,2,2,N,N,35,NULL,98,9801,NULL,,Y,37.46557,37,27.934,NULL,-82.52829,82,31.697,NULL,N,NULL,NULL,NULL,NULL,NULL,NULL,NULL,NULL,5,3,2,6,1,1,2,2,1,3,N,NULL,Y,N,1643,1647,,N,NULL,49,16,0,N,,N,N,098-KY-3496-20,NULL,NULL,2022,O,7.28075E+11,098-KY-3496  -020,HIGH,098-KY-3496  -020,0.025,0,0,0,0,0,0,1,0,0,0,0,0,0
72884182,980100,2.023E+11,20230403,854,,,US23 TURN LANE,,,US0023,US0023,0,098 US-23-20,US0023,N,N,NULL,NULL,NULL,N,NULL,NULL,NULL,NULL,NULL,NULL,0.006,NULL,NULL,NULL,NULL,,NULL,0,0,2,2,N,N,55,NULL,98,9801,NULL,,Y,37.50394,37,30.236,NULL,-82.53239,82,31.943,NULL,N,NULL,NULL,NULL,NULL,NULL,NULL,NULL,NULL,5,3,4,6,1,1,2,2,7,3,N,NULL,Y,N,854,859,859,N,NULL,49,,1,N,,N,N,098-US-0023-20,NULL,NULL,2023,O,7.28842E+11,098-US-0023  -020,HIGH,098-US-0023  -020,0.006,0,1,0,0,0,0,0,0,0,0,0,0,0
72874155,KSP0900,23-93220,20230310,1720,,,US23,,,US0023,US0023,0,098 US-23-10,US0023,N,N,NULL,NULL,NULL,N,NULL,NULL,NULL,NULL,NULL,NULL,22.633,NULL,NULL,NULL,NULL,,NULL,0,0,3,3,N,N,55,NULL,98,9801,NULL,,Y,37.46475,37,27.885,NULL,-82.52065,82,31.239,NULL,N,NULL,NULL,NULL,NULL,NULL,NULL,NULL,NULL,5,3,4,6,1,1,3,2,7,3,N,NULL,Y,N,1720,1720,1725,N,NULL,49,,1,Y,,N,N,098-US-0023-10,NULL,NULL,2023,O,7.28742E+11,098-US-0023  -010,HIGH,098-US-0023  -000,22.567,0,0,0,0,0,0,0,1,0,0,0,0,0
72842726,KSP0900,22-422987,20221103,1415,,,KY1426,,,KY1426,KY1426,0,098 KY-1426,KY1426,N,N,NULL,NULL,NULL,N,NULL,NULL,NULL,NULL,NULL,NULL,13.319,NULL,NULL,NULL,NULL,,NULL,0,0,2,2,N,N,55,NULL,98,9828,NULL,,Y,37.54964,37,32.979,NULL,-82.45798,82,27.479,NULL,N,NULL,NULL,NULL,NULL,NULL,NULL,NULL,NULL,1,3,2,3,1,1,3,2,7,3,N,NULL,Y,N,1415,1436,1415,N,NULL,55,7,0,N,,N,N,098-KY-1426-0,NULL,NULL,2022,O,7.28427E+11,098-KY-1426  -000,HIGH,098-KY-1426  -000,13.319,0,0,0,0,0,0,1,1,0,0,0,1,0
72890690,980500,2023AR016,20230420,1552,,4367,MAYO TRAIL,N,,,,,,,N,N,NULL,NULL,NULL,N,NULL,NULL,NULL,NULL,NULL,NULL,NULL,NULL,NULL,NULL,NULL,NULL,NULL,1,0,2,2,N,N,15,NULL,98,9807,NULL,,Y,37.52652,37,31.591,NULL,-82.57429,82,34.457,NULL,N,NULL,NULL,NULL,NULL,NULL,NULL,NULL,NULL,1,97,2,4,1,1,2,2,1,3,Y,NULL,Y,Y,1552,1559,1636,N,NULL,55,,,N,,N,N,,NULL,NULL,2023,C,7.28907E+11,098-US-0023  -010,MEDIUM,098-US-0023  -000,29.205,0,0,0,0,0,0,1,0,0,0,0,0,0
72837183,KSP0900,22-410452,20221024,2207,,,KY194,,,KY0194,KY0194,0,098 KY-194,KY0194,N,N,NULL,NULL,NULL,N,NULL,NULL,NULL,NULL,NULL,NULL,70.73,NULL,NULL,NULL,NULL,,NULL,1,0,1,1,N,N,35,NULL,98,9825,NULL,,Y,37.48934,37,29.36,NULL,-82.05807,82,3.484,NULL,N,NULL,NULL,NULL,NULL,NULL,NULL,NULL,NULL,9,3,2,3,1,1,2,6,7,3,N,NULL,Y,Y,2207,2350,30,N,NULL,44,7,0,N,,N,N,098-KY-0194-0,NULL,NULL,2022,C,7.28372E+11,098-KY-0194  -000,HIGH,098-KY-0194  -000,70.73,0,0,0,0,0,0,0,0,0,0,0,1,0
72910778,980100,2.023E+11,20230602,1818,,,US119,,,US0119,US0119,0,098 US-119,US0119,N,N,NULL,NULL,NULL,N,NULL,NULL,NULL,NULL,NULL,NULL,20.908,NULL,NULL,NULL,NULL,,NULL,1,0,2,2,N,N,55,NULL,98,9801,20,N,N,37.62027,37,37.216,NULL,-82.26849,82,16.11,NULL,N,NULL,NULL,NULL,NULL,NULL,NULL,NULL,NULL,1,3,2,6,1,1,2,2,1,3,N,NULL,Y,Y,1818,1818,1818,N,NULL,55,2,1,N,,N,N,098-US-0119-0,NULL,NULL,2023,C,7.29108E+11,098-US-0119  -000,HIGH,098-US-0119  -000,20.908,0,0,0,0,0,0,1,1,0,0,0,1,0
72890102,980100,2.023E+11,20230420,856,,476,S MAYO TRAIL,,,,,,,,Y,N,NULL,NULL,NULL,N,NULL,NULL,NULL,NULL,NULL,NULL,NULL,NULL,NULL,NULL,NULL,NULL,NULL,0,0,2,2,N,N,NULL,NULL,98,9801,NULL,,Y,37.46731,37,28.039,NULL,-82.53255,82,31.953,NULL,N,NULL,NULL,NULL,NULL,NULL,NULL,NULL,NULL,1,97,1,6,1,1,2,2,1,3,N,NULL,Y,N,856,907,907,N,NULL,90,,,N,,N,N,,NULL,NULL,2023,O,7.28901E+11,098-PS-1005  -000,MEDIUM,098-PS-1005  -000,0.008,0,0,0,0,0,0,1,0,0,0,0,0,0
72871853,KSP0900,23-83285,20230303,2027,,,ISLAND CREEK,,RD,,,0,098 CR-1141,CR1141,N,N,NULL,NULL,NULL,N,NULL,NULL,NULL,NULL,NULL,NULL,0.469,NULL,NULL,NULL,NULL,,NULL,0,0,1,1,N,N,15,NULL,98,9801,NULL,,Y,37.45073,37,27.044,NULL,-82.31523,82,18.914,NULL,N,NULL,NULL,NULL,NULL,NULL,NULL,NULL,NULL,9,97,1,6,1,5,97,8,6,3,N,NULL,N,N,2033,2043,2043,N,NULL,70,,,N,,N,N,098-CR-1141-0,NULL,NULL,2023,O,7.28719E+11,098-CR-1141  -000,HIGH,098-CR-1141  -000,0.399,0,0,0,0,0,0,0,0,0,0,0,0,0
72877299,980100,2.023E+11,20230314,920,,127,SAAD,,AVE,,,0,098 CS-1165,CS1165,Y,N,NULL,NULL,NULL,N,NULL,NULL,NULL,NULL,NULL,NULL,0.052,NULL,NULL,NULL,NULL,,NULL,0,0,2,2,N,N,NULL,NULL,98,9801,NULL,,Y,37.48268,37,28.961,NULL,-82.52022,82,31.213,NULL,N,NULL,NULL,NULL,NULL,NULL,NULL,NULL,NULL,1,97,1,6,1,1,2,2,6,3,N,NULL,Y,N,920,922,922,N,NULL,90,,,N,,N,N,098-CS-1165-0,NULL,NULL,2023,O,7.28773E+11,098-CS-1165  -000,HIGH,098-CS-1165  -000,0.044,0,0,0,0,0,0,0,0,0,0,0,0,0
72916296,KSP0900,23-234578,20230620,104,,,TOLER,,RD,KY0319,KY0319,0,098 KY-319,KY0319,N,N,NULL,NULL,NULL,N,NULL,NULL,NULL,NULL,NULL,NULL,0.892,NULL,NULL,NULL,NULL,,NULL,1,0,1,1,N,N,55,NULL,98,9879,NULL,,Y,37.58372,37,35.024,NULL,-82.19417,82,11.65,NULL,N,NULL,NULL,NULL,NULL,NULL,NULL,NULL,NULL,9,3,2,1,1,5,6,2,7,3,Y,NULL,N,N,1049,1100,1130,N,NULL,40,7,0,N,,N,N,098-KY-0319-0,NULL,NULL,2023,B,7.29163E+11,098-KY-0319  -000,HIGH,098-KY-0319  -000,0.884,0,0,0,0,0,0,0,1,0,0,0,1,0
72875396,KSP0900,23-95524,20230312,1033,,,ORINOCO,,HOLW,,,0,098 CR-1098K,CR1098K,N,N,NULL,NULL,NULL,N,NULL,NULL,NULL,NULL,NULL,NULL,0.097,NULL,NULL,NULL,NULL,,NULL,0,0,1,1,N,N,20,NULL,98,9836,NULL,,Y,37.61824,37,37.094,NULL,-82.26768,82,16.061,NULL,N,NULL,NULL,NULL,NULL,NULL,NULL,NULL,NULL,9,6,1,2,1,5,3,2,7,3,N,NULL,N,N,1033,1100,1100,N,NULL,40,,,N,,N,N,098-CR-1098K-0,NULL,NULL,2023,O,7.28754E+11,098-CR-1098K -000,HIGH,098-CR-1098K -000,0.093,0,0,0,1,0,0,1,0,0,0,0,1,0
72881689,KSP0900,2023-116127,20230327,1024,,,OLD KY 319,,,,,0,098 CR-1883,CR1883,N,N,NULL,NULL,NULL,N,NULL,NULL,NULL,NULL,NULL,NULL,NULL,NULL,NULL,NULL,NULL,,NULL,0,0,2,2,N,N,55,NULL,98,9836,NULL,,Y,37.6382,37,38.292,NULL,-82.25272,82,15.163,NULL,N,NULL,NULL,NULL,NULL,NULL,NULL,NULL,NULL,1,3,2,6,1,1,2,2,6,3,N,NULL,Y,N,1027,1045,,N,NULL,55,,,N,,N,N,098-CR-1883-0,NULL,NULL,2023,O,7.28817E+11,098-CR-1883  -000,HIGH,098-CR-1883  -000,0,0,0,0,1,0,0,0,0,0,0,0,0,0
72883383,980100,2.023E+11,20230401,1845,,911,BYPASS,S,RD,KY1426,KY1426,0,098 KY-1426,KY1426,Y,N,NULL,NULL,NULL,N,NULL,NULL,NULL,NULL,NULL,NULL,5.692,NULL,NULL,NULL,NULL,,NULL,0,0,2,2,N,N,NULL,NULL,98,9801,NULL,,Y,37.47282,37,28.369,NULL,-82.52283,82,31.37,NULL,N,NULL,NULL,NULL,NULL,NULL,NULL,NULL,NULL,6,97,2,5,1,1,2,2,5,3,N,NULL,Y,N,1845,1850,1850,N,NULL,90,,0,N,,N,N,098-KY-1426-0,NULL,NULL,2023,NULL,7.28834E+11,098-KY-1426  -000,HIGH,098-KY-1426  -000,5.692,0,0,0,0,0,0,0,0,0,0,0,0,0
72896387,980100,2.023E+11,20230509,618,,,US23,,,US0023,US0023,0,098 US-23-10,US0023,N,N,NULL,NULL,NULL,N,NULL,NULL,NULL,NULL,NULL,NULL,29.866,NULL,NULL,NULL,NULL,,NULL,0,0,1,1,N,N,55,NULL,98,9801,NULL,,Y,37.53503,37,32.102,NULL,-82.57915,82,34.749,NULL,N,NULL,NULL,NULL,NULL,NULL,NULL,NULL,NULL,9,3,4,6,1,1,3,1,7,3,N,NULL,Y,N,618,626,,N,NULL,38,,1,N,,N,N,098-US-0023-10,NULL,NULL,2023,O,7.28964E+11,098-US-0023  -010,HIGH,098-US-0023  -000,29.847,0,0,0,0,0,0,0,0,0,0,0,0,0
72955912,KSP0900,23-416293,20231006,2243,,,CHLOE,,RD,KY1460,KY1460,0,098 KY-1460,KY1460,N,N,NULL,NULL,NULL,N,NULL,NULL,NULL,NULL,NULL,NULL,0.031,NULL,NULL,NULL,NULL,,NULL,0,0,1,1,N,N,45,NULL,98,9824,NULL,,Y,37.43179,37,25.908,NULL,-82.48103,82,28.862,NULL,N,NULL,NULL,NULL,NULL,NULL,NULL,NULL,NULL,9,3,2,6,1,5,3,6,7,3,N,NULL,N,N,2250,2305,2330,N,NULL,44,,0,N,,N,N,098-KY-1460-0,NULL,NULL,2023,O,7.29559E+11,098-KY-1460  -000,HIGH,098-KY-1460  -000,0.029,0,0,0,1,0,0,0,0,0,0,0,1,0
72891848,KSP0900,23-157750,20230426,730,,,LOCUST,,ST,,,0,098 CR-1833P,CR1833P,Y,N,NULL,NULL,NULL,N,NULL,NULL,NULL,NULL,NULL,NULL,0.003,NULL,NULL,NULL,NULL,,NULL,0,0,2,2,N,N,NULL,NULL,98,9804,NULL,,Y,37.51436,37,30.862,NULL,-82.1528,82,9.168,NULL,N,NULL,NULL,NULL,NULL,NULL,NULL,NULL,NULL,2,97,2,6,1,1,2,2,1,3,N,NULL,Y,N,730,800,800,N,NULL,90,,,N,,N,N,098-CR-1833P-0,NULL,NULL,2023,O,7.28918E+11,098-CR-1833P -000,HIGH,098-CR-1833P -000,0.002,0,1,1,0,0,0,1,0,0,0,0,0,0
72848163,980100,2.022E+11,20221223,1501,,306,CEDAR HILLS,,RD,KY1426,KY1426,0,098 KY-1426,KY1426,Y,N,NULL,NULL,NULL,N,NULL,NULL,NULL,NULL,NULL,NULL,4.367,NULL,NULL,NULL,NULL,,NULL,0,0,2,2,N,N,NULL,NULL,98,9801,NULL,,Y,37.46004,37,27.603,NULL,-82.53015,82,31.809,NULL,N,NULL,NULL,NULL,NULL,NULL,NULL,NULL,NULL,2,97,NULL,6,1,1,2,2,1,3,N,NULL,N,N,1501,1501,,N,NULL,90,,0,N,,N,N,098-KY-1426-0,NULL,NULL,2022,O,7.28482E+11,098-KY-1426  -000,HIGH,098-KY-1426  -000,4.367,0,0,0,0,0,0,0,0,0,0,0,0,0
72952860,980100,2.023E+11,20230929,1746,,,US23,,,US0023,US0023,0,098 US-23,US0023,N,N,NULL,NULL,NULL,N,NULL,NULL,NULL,NULL,NULL,NULL,25.793,NULL,NULL,NULL,NULL,,NULL,0,0,2,2,N,N,55,NULL,98,9801,NULL,,Y,37.49671,37,29.803,NULL,-82.53106,82,31.863,NULL,N,NULL,NULL,NULL,NULL,NULL,NULL,NULL,NULL,5,3,4,6,1,1,2,2,2,3,N,NULL,Y,N,1746,1750,1750,N,NULL,49,,1,N,,N,N,098-US-0023-0,NULL,NULL,2023,O,7.29529E+11,098-US-0023  -000,HIGH,098-US-0023  -000,25.732,0,0,1,0,0,0,1,1,0,0,0,0,0