MasterFile,AgencyORINumber,LocalCode,CollisionDate,CollisionTime,CollisionDayWeekCode,RoadwayName_HouseBusinessNumber_,RoadwayName_RoadwayName_,RoadwayName_Direction_,RoadwayName_RoadwaySuffix_,RoadwayfromReport,CurrentRoadwayNumber,RoadwayNumberCoupletID,RSEUniqueGIS,RoadwayIdentifier,ParkingLotIndicator,IntersectionWith_Indicator_,IntersectionWith_NameRoadway_,IntersectionWith_Direction_,IntersectionWith_RoadwaySuffix_,BetweenStreets_Indicator_,BetweenStreets1_NameRoadway_,BetweenStreet1_Direction_,BetweenStreets1_RoadwaySuffix_,BetweenStreets2_NameRoadway_,BetweenStreets2_Direction_,BetweenStreets2_RoadwaySuffix_,Milepoint,ReportMilepointDeriveNumber,CurrentDerivedMiepointNumber,MilestoMilepoint,FeettoMilepoint,DirectionfromMilepoint_NSEW_,ValidMilepointIndicator,NumberInjured,NumberKilled,ofUnits,ofMotorVehicleUnits,Hit&RunIndicator,OneWayIndicator,SpeedLimitNumber,KilometersIndicator,CountyCode,CityCountyCode,MilesFromCity,DirectionFromCity_NSEW_,InCityLimitsIndicator,Latitude,LatitudeDegrees,LatitudeMinutes,LatitudeSeconds,Longitude,LongitudeDegrees,LongitudeMinutes,LongitudeSeconds,RampIndicator,RampFromIdentifier,RampFromDirCode,RampFromCoupletID,RSEUniqueGISRampFrom,RampToidentifier,RampToDirCode,RampToCoupletID,RSEUniqueGisRampTo,MannerofCollisionCode,LocationFirstEventCode,TotalLanes,RoadwayCharacterCode,RoadwaySurfaceCode,RoadwayConditionCode,WeatherCode,LightConditionCode,LandUseCode,SchoolBusRelatedCode,FirstAidSceneIndicator,CollDescPresentInd,InvestigationCompleteIndicator,PhotosTakenIndicator,TimeNotified,TimeArrived,TimeRoadwayOpened,PropertyDamageIndicator,DiagramPresentIndicator,DirectionalAnalysis,FunctionClassCode,NationalHwySysCode,EnforcementsIndicator,KARSCityCode,SecondaryCollisionIndicator,MedianCrossoverIndicator,RT_UNIQUE,MapIt,TimeLastLeft,YR,KABCO,MFNY,WorkingRID,RT_CONFIDENCE,KTC_RT,KTC_MP,Motorcyclist,CommercialVehicle,YoungDriver,MatureDriver,pedestrian,Bicyclist,Distracted,agressive,Impaired,Unrestrained,Intersection,RoadwayDeparture,MedXover
72902493,KSP0900,23-182829,20230514,1115,,,KY1056,,,KY1056,KY1056,0,098 KY-1056,KY1056,N,N,NULL,NULL,NULL,N,NULL,NULL,NULL,NULL,NULL,NULL,8.649,NULL,NULL,NULL,NULL,,NULL,0,0,1,1,N,N,55,NULL,98,9863,NULL,,Y,37.5915,37,35.49,NULL,-82.17363,82,10.418,NULL,N,NULL,NULL,NULL,NULL,NULL,NULL,NULL,NULL,9,3,2,6,1,1,2,2,7,3,N,NULL,N,N,1115,1115,1115,N,NULL,40,7,0,N,,N,N,098-KY-1056-0,NULL,NULL,2023,O,7.29025E+11,098-KY-1056  -000,HIGH,098-KY-1056  -000,8.679,0,0,0,0,0,0,0,0,0,0,0,1,0
72810603,KSP0900,22-376710,20220929,815,,,KY194,,,KY0194,KY0194,0,098 KY-194,KY0194,N,N,NULL,NULL,NULL,N,NULL,NULL,NULL,NULL,NULL,NULL,20.034,NULL,NULL,NULL,NULL,,NULL,0,0,1,1,N,N,55,NULL,98,9820,NULL,,Y,37.54719,37,32.831,NULL,-82.40345,82,24.207,NULL,N,NULL,NULL,NULL,NULL,NULL,NULL,NULL,NULL,9,3,2,3,1,1,3,2,7,3,N,NULL,Y,N,815,845,930,N,NULL,40,6,0,N,,N,N,098-KY-0194-0,NULL,NULL,2022,O,7.28106E+11,098-KY-0194  -000,HIGH,098-KY-0194  -000,20.034,0,0,0,0,0,0,1,0,0,0,0,1,0
72829324,980100,2.022E+11,20221114,1256,,254,CASSIDY,,BLVD,,,,,,Y,N,NULL,NULL,NULL,N,NULL,NULL,NULL,NULL,NULL,NULL,0.332,NULL,NULL,NULL,NULL,,NULL,0,0,2,2,N,N,15,NULL,98,9801,NULL,,Y,37.50547,37,30.328,NULL,-82.53767,82,32.26,NULL,N,NULL,NULL,NULL,NULL,NULL,NULL,NULL,NULL,2,97,2,6,1,1,2,2,1,3,N,NULL,Y,N,1256,1303,,N,NULL,90,,,N,,N,N,,NULL,NULL,2022,O,7.28293E+11,098-CS-1191  -000,MEDIUM,098-CS-1191  -000,0.332,0,0,0,1,0,0,1,1,0,0,0,0,0
72890939,KSP0900,23-111545,20230324,850,,,RIGHT FORK OF BRUSHY,,RD,,,0,098 CR-1360Q4,CR1360Q4,N,N,NULL,NULL,NULL,N,NULL,NULL,NULL,NULL,NULL,NULL,0.181,NULL,NULL,NULL,NULL,,NULL,0,0,2,2,N,N,35,NULL,98,9853,NULL,,Y,37.6619,37,39.714,NULL,-82.48071,82,28.843,NULL,N,NULL,NULL,NULL,NULL,NULL,NULL,NULL,NULL,3,3,1,3,1,5,6,2,7,3,N,NULL,Y,N,857,950,1000,N,NULL,52,,,N,,N,N,098-CR-1360Q4-0,NULL,NULL,2023,O,7.28909E+11,098-CR-1360Q4-000,HIGH,098-CR-1360Q4-000,0.151,0,1,0,0,0,0,0,1,0,0,0,1,0
72912588,KSP0900,23-216236,20230607,833,,,BRUSHY,,RD,,,0,098 CR-1429Q4,CR1429Q4,N,N,NULL,NULL,NULL,N,NULL,NULL,NULL,NULL,NULL,NULL,0.557,NULL,NULL,NULL,NULL,,NULL,1,0,2,2,Y,N,25,NULL,98,9801,0.6,N,N,37.66854,37,40.113,NULL,-82.48468,82,29.081,NULL,N,NULL,NULL,NULL,NULL,NULL,NULL,NULL,NULL,3,3,1,4,1,5,3,2,7,3,Y,NULL,Y,Y,833,852,1039,N,NULL,52,,,N,,N,N,098-CR-1429Q4-0,NULL,NULL,2023,C,7.29126E+11,098-CR-1429Q4-000,HIGH,098-CR-1429Q4-000,0.388,0,0,0,0,0,0,1,0,0,0,0,1,0
72896548,KSP0900,23-173447,20230507,1620,,,KY319,,,KY0319,KY0319,0,098 KY-319,KY0319,N,N,NULL,NULL,NULL,N,NULL,NULL,NULL,NULL,NULL,NULL,6.002,NULL,NULL,NULL,NULL,,NULL,1,0,2,2,N,N,45,NULL,98,9842,NULL,,Y,37.63234,37,37.941,NULL,-82.25014,82,15.008,NULL,N,NULL,NULL,NULL,NULL,NULL,NULL,NULL,NULL,7,3,2,6,1,1,2,2,7,3,Y,NULL,N,Y,1620,1623,1720,N,NULL,54,7,0,N,,N,N,098-KY-0319-0,NULL,NULL,2023,B,7.28965E+11,098-KY-0319  -000,HIGH,098-KY-0319  -000,5.983,0,0,0,0,0,0,1,0,0,0,0,1,0
72847321,KSP0900,22-485151,20221220,2003,,,US23,,,US0023,US0023,0,098 US-23,US0023,N,N,NULL,NULL,NULL,N,NULL,NULL,NULL,NULL,NULL,NULL,17.353,NULL,NULL,NULL,NULL,,NULL,4,0,2,2,N,N,55,NULL,98,9801,NULL,,Y,37.41998,37,25.199,NULL,-82.51659,82,30.996,NULL,N,NULL,NULL,NULL,NULL,NULL,NULL,NULL,NULL,3,3,4,1,1,1,2,6,7,3,Y,NULL,Y,Y,2003,2014,0,Y,NULL,52,,1,N,,N,N,098-US-0023-0,NULL,NULL,2022,A,7.28473E+11,098-US-0023  -000,HIGH,098-US-0023  -000,17.353,0,1,0,0,0,0,1,0,0,0,0,1,0
72864524,KSP0900,23-48068,20230207,1018,,,MILLARD,,HWY,US0460,US0460,,,,N,N,NULL,NULL,NULL,N,NULL,NULL,NULL,NULL,NULL,NULL,7.847,NULL,NULL,NULL,NULL,,NULL,0,0,3,3,N,N,45,NULL,98,9832,NULL,,Y,37.38023,37,22.814,NULL,-82.43445,82,26.067,NULL,N,NULL,NULL,NULL,NULL,NULL,NULL,NULL,NULL,5,3,2,5,1,1,2,2,7,3,N,NULL,Y,N,1018,1028,1045,N,NULL,70,,1,N,,N,N,,NULL,NULL,2023,O,7.28645E+11,098-US-0460  -000,HIGH,098-US-0460  -000,7.848,0,0,0,1,0,0,1,0,0,0,0,0,0
72902343,KSP0900,23-195086,20230523,900,,,RIGHT FORK OF BRUSHY,,RD,,,0,098 CR-1360Q4,CR1360Q4,N,N,NULL,NULL,NULL,N,NULL,NULL,NULL,NULL,NULL,NULL,5.491,NULL,NULL,NULL,NULL,,NULL,1,0,2,2,N,N,20,NULL,98,9820,NULL,,Y,37.60546,37,36.328,NULL,-82.44646,82,26.788,NULL,N,NULL,NULL,NULL,NULL,NULL,NULL,NULL,NULL,7,3,1,3,1,1,2,2,7,3,N,NULL,Y,Y,1152,1152,1152,N,NULL,54,,,N,,N,N,098-CR-1360Q4-0,NULL,NULL,2023,C,7.29023E+11,098-PR-1443  -000,HIGH,098-PR-1443  -000,0.354,0,0,0,0,0,0,0,0,0,0,0,1,0
72882283,KSP0900,23-123716,20230401,1614,,,KY194,,,KY0194,KY0194,0,098 KY-194,KY0194,N,N,NULL,NULL,NULL,N,NULL,NULL,NULL,NULL,NULL,NULL,10.86,NULL,NULL,NULL,NULL,,NULL,0,0,1,1,N,N,55,NULL,98,9801,NULL,,Y,37.60309,37,36.186,NULL,-82.51743,82,31.046,NULL,N,NULL,NULL,NULL,NULL,NULL,NULL,NULL,NULL,9,3,2,6,1,1,7,2,7,3,N,NULL,N,N,1614,1632,1632,N,NULL,70,7,0,N,,N,N,098-KY-0194-0,NULL,NULL,2023,O,7.28823E+11,098-KY-0194  -000,HIGH,098-KY-0194  -000,10.861,0,0,0,1,0,0,0,0,0,0,0,0,0
72900848,KSP0900,23-184529,20230515,1658,,,POPLAR,,ST,,,0,098 CS-1160,CS1160,Y,N,NULL,NULL,NULL,N,NULL,NULL,NULL,NULL,NULL,NULL,0.406,NULL,NULL,NULL,NULL,,NULL,0,0,2,2,Y,N,NULL,NULL,98,9801,NULL,,Y,37.48439,37,29.064,NULL,-82.52279,82,31.367,NULL,N,NULL,NULL,NULL,NULL,NULL,NULL,NULL,NULL,8,97,NULL,6,1,1,2,2,7,3,N,NULL,N,N,1627,1657,,N,NULL,90,,,Y,,N,N,098-CS-1160-0,NULL,NULL,2023,O,7.29008E+11,098-CS-1160  -000,HIGH,098-CS-1160  -000,0.429,0,0,0,0,0,0,0,0,0,0,0,0,0
72851155,KSP0900,23-6176,20230105,1740,,,TOLER,,RD,KY0319,KY0319,0,098 KY-319,KY0319,N,N,NULL,NULL,NULL,N,NULL,NULL,NULL,NULL,NULL,NULL,2.097,NULL,NULL,NULL,NULL,,NULL,0,0,1,1,N,N,55,NULL,98,9842,NULL,,Y,37.59938,37,35.963,NULL,-82.20621,82,12.372,NULL,N,NULL,NULL,NULL,NULL,NULL,NULL,NULL,NULL,9,3,2,4,1,1,2,6,7,3,N,NULL,Y,N,1741,1816,1816,N,NULL,38,7,0,N,,N,N,098-KY-0319-0,NULL,NULL,2023,O,7.28512E+11,098-KY-0319  -000,HIGH,098-KY-0319  -000,2.18,0,0,0,1,0,0,0,0,0,0,0,0,0
72925557,KSP0900,23-327370,20230716,2130,,,US119,,,US0119,US0119,0,098 US-119,US0119,N,N,NULL,NULL,NULL,N,NULL,NULL,NULL,NULL,NULL,NULL,9.71,NULL,NULL,NULL,NULL,,NULL,0,0,1,1,N,N,55,NULL,98,9833,NULL,,Y,37.5795,37,34.77,NULL,-82.41056,82,24.634,NULL,N,NULL,NULL,NULL,NULL,NULL,NULL,NULL,NULL,9,3,4,5,1,1,2,7,7,3,N,NULL,N,N,2130,2150,2210,N,NULL,38,2,1,N,,N,N,098-US-0119-0,NULL,NULL,2023,O,7.29256E+11,098-US-0119  -000,HIGH,098-US-0119  -000,9.663,0,0,0,0,0,0,0,0,0,0,0,0,0
72904069,KSP0900,23-202072,20230528,20,,,HONEY FORK,,RD,,,0,098 CR-1651,CR1651,Y,N,NULL,NULL,NULL,N,NULL,NULL,NULL,NULL,NULL,NULL,0.422,NULL,NULL,NULL,NULL,,NULL,0,0,3,3,Y,N,NULL,NULL,98,9805,5,S,N,37.35342,37,21.205,NULL,-82.35201,82,21.121,NULL,N,NULL,NULL,NULL,NULL,NULL,NULL,NULL,NULL,2,97,0,6,3,5,6,7,5,3,N,NULL,Y,Y,20,100,136,N,NULL,90,,,N,,N,N,098-CR-1651-0,NULL,NULL,2023,NULL,7.29041E+11,098-CR-1651  -000,HIGH,098-CR-1651  -000,0.411,0,0,0,0,0,0,0,0,0,0,0,0,0
72912980,KSP0900,23-225111,20230613,1652,,,GOODY,,LOOP,,,0,098 PR-1024,PR1024,Y,N,NULL,NULL,NULL,N,NULL,NULL,NULL,NULL,NULL,NULL,0.068,NULL,NULL,NULL,NULL,,NULL,0,0,3,3,N,N,NULL,NULL,98,9834,NULL,,Y,37.65938,37,39.563,NULL,-82.27236,82,16.342,NULL,N,NULL,NULL,NULL,NULL,NULL,NULL,NULL,NULL,2,97,2,6,1,1,2,2,1,3,N,NULL,N,N,1652,1659,1659,N,NULL,90,,,N,,N,N,098-PR-1024-0,NULL,NULL,2023,O,7.2913E+11,098-PR-1024  -000,HIGH,098-PR-1024  -000,0.068,0,0,0,0,0,0,0,0,0,0,0,0,0
72929637,980100,2.023E+11,20230803,1417,,,KY3496,,,KY3496,KY3496,0,098 KY-3496,KY3496,N,N,NULL,NULL,NULL,N,NULL,NULL,NULL,NULL,NULL,NULL,0.909,NULL,NULL,NULL,NULL,,NULL,0,0,2,2,N,N,35,NULL,98,9801,NULL,,Y,37.47216,37,28.33,NULL,-82.52753,82,31.652,NULL,N,NULL,NULL,NULL,NULL,NULL,NULL,NULL,NULL,1,3,2,6,1,5,3,2,1,3,N,NULL,Y,N,1417,1418,1418,N,NULL,55,16,0,N,,N,N,098-KY-3496-0,NULL,NULL,2023,O,7.29296E+11,098-KY-3496  -000,HIGH,098-KY-3496  -000,0.914,0,0,0,0,0,0,1,0,0,0,0,0,0
72884318,KSP0900,23-131510,20230407,721,,,KY1426,,,KY1426,KY1426,0,098 KY-1426,KY1426,N,N,NULL,NULL,NULL,N,NULL,NULL,NULL,NULL,NULL,NULL,13.494,NULL,NULL,NULL,NULL,,NULL,0,0,1,1,N,N,55,NULL,98,9828,NULL,,Y,37.55219,37,33.131,NULL,-82.45718,82,27.431,NULL,N,NULL,NULL,NULL,NULL,NULL,NULL,NULL,NULL,9,3,2,3,1,5,6,2,7,3,N,NULL,Y,N,725,805,830,N,NULL,44,7,0,N,,N,N,098-KY-1426-0,NULL,NULL,2023,O,7.28843E+11,098-KY-1426  -000,HIGH,098-KY-1426  -000,13.49,0,0,1,0,0,0,0,0,0,0,0,1,0
72914833,KSP0900,23-238124,20230623,1835,,,KY319,,,KY0319,KY0319,0,098 KY-319,KY0319,N,N,NULL,NULL,NULL,N,NULL,NULL,NULL,NULL,NULL,NULL,0.837,NULL,NULL,NULL,NULL,,NULL,0,0,1,1,N,N,30,NULL,98,9834,NULL,,Y,37.5833,37,34.998,NULL,-82.19332,82,11.599,NULL,N,NULL,NULL,NULL,NULL,NULL,NULL,NULL,NULL,9,3,2,6,1,5,6,2,7,3,N,NULL,N,N,1835,1838,1838,N,NULL,44,7,0,N,,N,N,098-KY-0319-0,NULL,NULL,2023,O,7.29148E+11,098-KY-0319  -000,HIGH,098-KY-0319  -000,0.833,0,0,0,0,0,0,1,1,0,0,0,1,0
72901692,980100,2.023E+11,20230517,1418,,,KY1426,,,KY1426,KY1426,0,098 KY-1426,KY1426,N,N,NULL,NULL,NULL,N,NULL,NULL,NULL,NULL,NULL,NULL,6.921,NULL,NULL,NULL,NULL,,NULL,2,0,2,2,N,N,45,NULL,98,9801,NULL,,Y,37.48627,37,29.176,NULL,-82.50911,82,30.546,NULL,N,NULL,NULL,NULL,NULL,NULL,NULL,NULL,NULL,5,3,2,6,1,1,2,2,7,3,Y,NULL,Y,Y,1418,1421,1526,N,NULL,49,,0,N,,N,N,098-KY-1426-0,NULL,NULL,2023,C,7.29017E+11,098-KY-1426  -000,HIGH,098-KY-1426  -000,6.926,0,0,0,0,0,0,1,0,0,0,0,0,0
72862163,KSP0900,23-40593,20230201,1523,,,FISHTRAP,,RD,KY1441,KY1441,0,098 KY-1441,KY1441,N,N,NULL,NULL,NULL,N,NULL,NULL,NULL,NULL,NULL,NULL,2.721,NULL,NULL,NULL,NULL,,NULL,1,0,2,2,N,N,35,NULL,98,9832,NULL,,Y,37.428,37,25.68,NULL,-82.42877,82,25.726,NULL,N,NULL,NULL,NULL,NULL,NULL,NULL,NULL,NULL,3,3,2,3,1,5,3,2,7,3,Y,NULL,Y,Y,1527,1550,1630,N,NULL,52,8,0,N,,N,N,098-KY-1441-0,NULL,NULL,2023,C,7.28622E+11,098-KY-1441  -000,HIGH,098-KY-1441  -000,2.718,0,0,1,0,0,0,0,0,0,0,0,1,0
72961917,KSP0900,23-427395,20231017,1800,,,BIG CREEK,E,RD,KY3220,KY3220,0,098 KY-3220,KY3220,N,N,NULL,NULL,NULL,N,NULL,NULL,NULL,NULL,NULL,NULL,3.055,NULL,NULL,NULL,NULL,,NULL,4,0,2,2,N,N,35,NULL,98,9833,NULL,,Y,37.60826,37,36.496,NULL,-82.32097,82,19.258,NULL,N,NULL,NULL,NULL,NULL,NULL,NULL,NULL,NULL,7,3,2,3,1,5,2,2,6,3,Y,NULL,Y,N,1800,1820,1850,N,NULL,54,8,0,N,,N,N,098-KY-3220-0,NULL,NULL,2023,B,7.29619E+11,098-KY-3220  -000,HIGH,098-KY-3220  -000,3.07,0,0,0,1,0,0,0,0,0,0,0,1,0
72920381,980100,2.023E+11,20230608,1911,,,CASSIDY,,BLVD,,,0,098 CS-1191,CS1191,Y,N,NULL,NULL,NULL,N,NULL,NULL,NULL,NULL,NULL,NULL,0.066,NULL,NULL,NULL,NULL,,NULL,0,0,2,2,N,N,NULL,NULL,98,9801,NULL,,Y,37.50366,37,30.22,NULL,-82.53322,82,31.993,NULL,N,NULL,NULL,NULL,NULL,NULL,NULL,NULL,NULL,2,97,1,6,1,1,2,2,1,3,N,NULL,Y,N,1911,1921,,N,NULL,90,,,N,,N,N,098-CS-1191-0,NULL,NULL,2023,O,7.29204E+11,098-CS-1191  -000,HIGH,098-CS-1191  -000,0.061,0,0,0,0,0,0,1,0,0,0,0,0,0
72953487,980100,2.023E+11,20231001,1440,,,COLLEGE,S,ST,,,,,,N,N,NULL,NULL,NULL,N,NULL,NULL,NULL,NULL,NULL,NULL,0.244,NULL,NULL,NULL,NULL,,NULL,0,0,2,2,N,N,15,NULL,98,9801,NULL,,Y,37.47485,37,28.491,NULL,-82.52505,82,31.503,NULL,N,NULL,NULL,NULL,NULL,NULL,NULL,NULL,NULL,2,3,1,6,1,1,2,2,6,3,N,NULL,Y,N,1440,1445,,N,NULL,47,,,N,,N,N,,NULL,NULL,2023,O,7.29535E+11,098-CS-1152  -000,HIGH,098-CS-1152  -000,0.166,0,0,0,0,0,0,0,0,0,0,0,0,0
72939783,980100,2.023E+11,20230825,1524,,,HAMBLEY,,BLVD,,,0,098 CS-1222,CS1222,Y,N,NULL,NULL,NULL,N,NULL,NULL,NULL,NULL,NULL,NULL,0.498,NULL,NULL,NULL,NULL,,NULL,0,0,2,2,N,N,NULL,NULL,98,9801,NULL,,Y,37.47839,37,28.704,NULL,-82.52039,82,31.223,NULL,N,NULL,NULL,NULL,NULL,NULL,NULL,NULL,NULL,2,97,NULL,6,1,1,3,2,7,3,N,NULL,Y,N,1526,1530,1530,N,NULL,90,,,N,,N,N,098-CS-1222-0,NULL,NULL,2023,O,7.29398E+11,098-CS-1222  -000,HIGH,098-CS-1222  -000,0.498,0,0,1,0,0,0,1,0,0,0,0,0,0
72841339,KSP0900,22-466414,20221206,1751,,,SMITH FORK,,RD,KY3419,KY3419,0,098 KY-3419,KY3419,N,N,NULL,NULL,NULL,N,NULL,NULL,NULL,NULL,NULL,NULL,4.889,NULL,NULL,NULL,NULL,,NULL,1,0,2,2,N,N,25,NULL,98,9804,NULL,,Y,37.48706,37,29.223,NULL,-82.18675,82,11.205,NULL,N,NULL,NULL,NULL,NULL,NULL,NULL,NULL,NULL,1,3,2,6,1,5,6,6,7,3,Y,NULL,Y,Y,1751,1858,1930,N,NULL,55,9,0,N,,N,N,098-KY-3419-0,NULL,NULL,2022,C,7.28413E+11,098-KY-3419  -000,HIGH,098-KY-3419  -000,4.889,0,0,0,0,0,0,1,0,0,0,0,0,0
72891071,980100,2.023E+11,20230424,1717,,,HAMBLEY,,BLVD,,,0,098 CS-1222,CS1222,Y,N,NULL,NULL,NULL,N,NULL,NULL,NULL,NULL,NULL,NULL,NULL,NULL,NULL,NULL,NULL,NULL,NULL,0,0,2,2,N,N,15,NULL,98,9801,NULL,,Y,37.48523,37,29.114,NULL,-82.52352,82,31.411,NULL,N,NULL,NULL,NULL,NULL,NULL,NULL,NULL,NULL,2,97,2,6,1,1,2,2,1,3,N,NULL,Y,N,1717,1720,,N,NULL,90,,,N,,N,N,098-CS-1222-0,NULL,NULL,2023,O,7.28911E+11,098-CS-1222  -000,HIGH,098-CS-1222  -000,1.109,0,0,1,1,0,0,0,0,0,0,0,0,0
72875169,KSP0900,23-77804,20230228,1609,,,US119,,,US0119,US0119,0,098 US-119,US0119,N,N,NULL,NULL,NULL,N,NULL,NULL,NULL,NULL,NULL,NULL,20.243,NULL,NULL,NULL,NULL,,NULL,0,0,2,2,N,N,55,NULL,98,9836,NULL,,Y,37.61426,37,36.856,NULL,-82.27388,82,16.433,NULL,N,NULL,NULL,NULL,NULL,NULL,NULL,NULL,NULL,5,3,2,3,1,1,2,2,7,3,N,NULL,N,N,1610,1615,1645,N,NULL,49,2,1,N,,N,N,098-US-0119-0,NULL,NULL,2023,O,7.28752E+11,098-US-0119  -000,HIGH,098-US-0119  -000,20.247,0,0,0,1,0,0,1,1,0,0,0,0,0
72934829,KSP0900,23-360586,20230816,1300,,,KY194,,,KY0194,KY0194,0,098 KY-194,KY0194,N,N,NULL,NULL,NULL,N,NULL,NULL,NULL,NULL,NULL,NULL,22.382,NULL,NULL,NULL,NULL,,NULL,0,0,1,1,N,N,55,NULL,98,9817,NULL,,Y,37.53501,37,32.1,NULL,-82.37947,82,22.768,NULL,N,NULL,NULL,NULL,NULL,NULL,NULL,NULL,NULL,9,3,2,3,1,1,3,2,7,3,N,NULL,N,N,1300,1305,1345,N,NULL,40,6,0,N,,N,N,098-KY-0194-0,NULL,NULL,2023,O,7.29348E+11,098-KY-0194  -000,HIGH,098-KY-0194  -000,22.173,0,0,0,0,0,0,1,0,0,0,0,1,0
72853570,KSP0900,23-10221,20230108,1804,,,US23,,,US0023,US0023,0,098 US-23-10,US0023,N,N,NULL,NULL,NULL,N,NULL,NULL,NULL,NULL,NULL,NULL,17.886,NULL,NULL,NULL,NULL,,NULL,0,0,2,2,N,N,45,NULL,98,9807,NULL,,Y,37.42736,37,25.642,NULL,-82.51637,82,30.982,NULL,N,NULL,NULL,NULL,NULL,NULL,NULL,NULL,NULL,1,3,4,6,1,5,3,5,7,3,N,NULL,Y,N,1804,1825,1825,N,NULL,55,,1,N,,N,N,098-US-0023-10,NULL,NULL,2023,O,7.28536E+11,098-US-0023  -010,HIGH,098-US-0023  -000,17.857,0,0,0,0,0,0,0,1,0,0,0,0,0
72884184,980100,2.023E+11,20230404,921,,805,HAMBLEY,,BLVD,,,0,098 CS-1222,CS1222,Y,N,NULL,NULL,NULL,N,NULL,NULL,NULL,NULL,NULL,NULL,0.071,NULL,NULL,NULL,NULL,,NULL,0,0,2,2,N,N,NULL,NULL,98,9801,NULL,,Y,37.47438,37,28.463,NULL,-82.52609,82,31.565,NULL,N,NULL,NULL,NULL,NULL,NULL,NULL,NULL,NULL,1,97,1,6,2,1,2,2,1,3,N,NULL,Y,N,921,923,923,N,NULL,90,,,N,,N,N,098-CS-1222-0,NULL,NULL,2023,O,7.28842E+11,098-CS-1222  -000,HIGH,098-CS-1222  -000,0.071,0,0,0,0,0,0,1,0,0,0,0,0,0
72907027,KSP0900,23-209214,20230602,1404,,,KY1426,,,KY1426,KY1426,0,098 KY-1426,KY1426,Y,N,NULL,NULL,NULL,N,NULL,NULL,NULL,NULL,NULL,NULL,11.946,NULL,NULL,NULL,NULL,,NULL,0,0,2,2,N,N,5,NULL,98,9828,NULL,,Y,37.53555,37,32.133,NULL,-82.46606,82,27.963,NULL,N,NULL,NULL,NULL,NULL,NULL,NULL,NULL,NULL,2,97,2,6,1,1,2,2,5,3,N,NULL,Y,N,1404,1445,1445,N,NULL,90,7,0,N,,N,N,098-KY-1426-0,NULL,NULL,2023,O,7.2907E+11,098-KY-1426  -000,HIGH,098-KY-1426  -000,11.947,0,0,0,0,0,0,1,0,0,0,0,0,0
72817739,980100,2.022E+11,20221013,1208,,,RIVERFILL,N,DR,,,0,098 CS-1124,CS1124,Y,N,NULL,NULL,NULL,N,NULL,NULL,NULL,NULL,NULL,NULL,0.069,NULL,NULL,NULL,NULL,,NULL,0,0,2,2,N,N,NULL,NULL,98,9801,NULL,,Y,37.47884,37,28.731,NULL,-82.51609,82,30.966,NULL,N,NULL,NULL,NULL,NULL,NULL,NULL,NULL,NULL,2,97,1,6,1,1,3,2,1,3,N,NULL,Y,N,1208,1212,1212,N,NULL,90,,,N,,N,N,098-CS-1124-0,NULL,NULL,2022,O,7.28177E+11,098-CS-1124  -000,HIGH,098-CS-1124  -000,0.069,0,0,0,1,0,0,1,0,0,0,0,0,0
72922678,KSP0900,23-321284,20230711,1513,,,KY194,,,KY0194,KY0194,0,098 KY-194,KY0194,N,N,NULL,NULL,NULL,N,NULL,NULL,NULL,NULL,NULL,NULL,60.455,NULL,NULL,NULL,NULL,,NULL,0,0,2,2,N,Y,35,NULL,98,9811,NULL,,Y,37.56548,37,33.929,NULL,-82.14481,82,8.689,NULL,N,NULL,NULL,NULL,NULL,NULL,NULL,NULL,NULL,7,3,2,3,1,1,2,2,7,3,N,NULL,Y,N,1513,1513,1513,N,NULL,54,7,0,N,,N,N,098-KY-0194-0,NULL,NULL,2023,O,7.29227E+11,098-KY-0194  -000,HIGH,098-KY-0194  -000,60.471,0,0,0,1,0,0,0,0,0,0,0,1,0
72859043,980100,2.023E+11,20230124,1608,,,THOMPSON,,RD,,,,,,Y,N,NULL,NULL,NULL,N,NULL,NULL,NULL,NULL,NULL,NULL,1.045,NULL,NULL,NULL,NULL,,NULL,0,0,2,2,N,N,NULL,NULL,98,9801,NULL,,Y,37.50117,37,30.07,NULL,-82.53632,82,32.179,NULL,N,NULL,NULL,NULL,NULL,NULL,NULL,NULL,NULL,1,97,NULL,6,1,1,2,2,1,3,N,NULL,Y,N,1609,1616,1630,N,NULL,90,,,N,,N,N,,NULL,NULL,2023,O,7.2859E+11,098-CS-1215  -000,MEDIUM,098-CS-1215  -000,1.055,0,0,0,0,0,0,1,0,0,0,0,0,0
72869205,KSP0900,23-73175,20230225,1214,,,US119,,,US0119,US0119,0,098 US-119-10,US0119,N,N,NULL,NULL,NULL,N,NULL,NULL,NULL,NULL,NULL,NULL,22.547,NULL,NULL,NULL,NULL,,NULL,1,0,1,1,N,N,55,NULL,98,9836,NULL,,Y,37.63907,37,38.344,NULL,-82.25858,82,15.514,NULL,N,NULL,NULL,NULL,NULL,NULL,NULL,NULL,NULL,9,4,4,6,1,5,6,2,7,3,Y,NULL,Y,Y,1226,1252,1255,N,NULL,44,2,1,N,,N,Y,098-US-0119-10,NULL,NULL,2023,C,7.28692E+11,098-US-0119  -010,HIGH,098-US-0119  -000,22.549,0,0,0,0,0,0,0,0,1,1,0,1,0