MasterFile,AgencyORINumber,LocalCode,CollisionDate,CollisionTime,CollisionDayWeekCode,RoadwayName_HouseBusinessNumber_,RoadwayName_RoadwayName_,RoadwayName_Direction_,RoadwayName_RoadwaySuffix_,RoadwayfromReport,CurrentRoadwayNumber,RoadwayNumberCoupletID,RSEUniqueGIS,RoadwayIdentifier,ParkingLotIndicator,IntersectionWith_Indicator_,IntersectionWith_NameRoadway_,IntersectionWith_Direction_,IntersectionWith_RoadwaySuffix_,BetweenStreets_Indicator_,BetweenStreets1_NameRoadway_,BetweenStreet1_Direction_,BetweenStreets1_RoadwaySuffix_,BetweenStreets2_NameRoadway_,BetweenStreets2_Direction_,BetweenStreets2_RoadwaySuffix_,Milepoint,ReportMilepointDeriveNumber,CurrentDerivedMiepointNumber,MilestoMilepoint,FeettoMilepoint,DirectionfromMilepoint_NSEW_,ValidMilepointIndicator,NumberInjured,NumberKilled,ofUnits,ofMotorVehicleUnits,Hit&RunIndicator,OneWayIndicator,SpeedLimitNumber,KilometersIndicator,CountyCode,CityCountyCode,MilesFromCity,DirectionFromCity_NSEW_,InCityLimitsIndicator,Latitude,LatitudeDegrees,LatitudeMinutes,LatitudeSeconds,Longitude,LongitudeDegrees,LongitudeMinutes,LongitudeSeconds,RampIndicator,RampFromIdentifier,RampFromDirCode,RampFromCoupletID,RSEUniqueGISRampFrom,RampToidentifier,RampToDirCode,RampToCoupletID,RSEUniqueGisRampTo,MannerofCollisionCode,LocationFirstEventCode,TotalLanes,RoadwayCharacterCode,RoadwaySurfaceCode,RoadwayConditionCode,WeatherCode,LightConditionCode,LandUseCode,SchoolBusRelatedCode,FirstAidSceneIndicator,CollDescPresentInd,InvestigationCompleteIndicator,PhotosTakenIndicator,TimeNotified,TimeArrived,TimeRoadwayOpened,PropertyDamageIndicator,DiagramPresentIndicator,DirectionalAnalysis,FunctionClassCode,NationalHwySysCode,EnforcementsIndicator,KARSCityCode,SecondaryCollisionIndicator,MedianCrossoverIndicator,RT_UNIQUE,MapIt,TimeLastLeft,YR,KABCO,MFNY,WorkingRID,RT_CONFIDENCE,KTC_RT,KTC_MP,Motorcyclist,CommercialVehicle,YoungDriver,MatureDriver,pedestrian,Bicyclist,Distracted,agressive,Impaired,Unrestrained,Intersection,RoadwayDeparture,MedXover
72859042,980100,2.023E+11,20230120,1641,,,OWSLEY,,RD,KY1384,KY1384,,,,N,N,NULL,NULL,NULL,N,NULL,NULL,NULL,NULL,NULL,NULL,7.504,NULL,NULL,NULL,NULL,,NULL,0,0,1,1,N,N,25,NULL,98,9801,NULL,,Y,37.48327,37,28.996,NULL,-82.53454,82,32.072,NULL,N,NULL,NULL,NULL,NULL,NULL,NULL,NULL,NULL,9,3,4,6,1,1,2,2,7,3,N,NULL,Y,N,1641,1645,1657,Y,NULL,40,16,0,N,,N,N,,NULL,NULL,2023,O,7.2859E+11,098-KY-1384  -000,MEDIUM,098-KY-1384  -000,7.504,0,0,0,0,0,0,0,0,0,0,0,1,0
72848502,980100,2.022E+11,20221229,1806,,116,LEE,,AVE,,,,,,Y,N,NULL,NULL,NULL,N,NULL,NULL,NULL,NULL,NULL,NULL,NULL,NULL,NULL,NULL,NULL,NULL,NULL,0,0,2,2,N,N,NULL,NULL,98,9801,NULL,,Y,37.50253,37,30.152,NULL,-82.53471,82,32.083,NULL,N,NULL,NULL,NULL,NULL,NULL,NULL,NULL,NULL,2,97,NULL,6,1,1,2,3,1,3,N,NULL,Y,N,1807,1815,1815,N,NULL,90,,,Y,,N,N,,NULL,NULL,2022,O,7.28485E+11,098-CS-1261  -000,MEDIUM,098-CS-1261  -000,0.047,0,0,0,0,0,0,1,0,0,0,0,0,0
72842317,980100,2.022E+11,20221209,1954,,186,CASSIDY,,BLVD,,,0,098 CS-1191,CS1191,Y,N,NULL,NULL,NULL,N,NULL,NULL,NULL,NULL,NULL,NULL,0.2,NULL,NULL,NULL,NULL,,NULL,0,0,2,2,N,N,10,NULL,98,9801,NULL,,Y,37.50404,37,30.243,NULL,-82.53522,82,32.114,NULL,N,NULL,NULL,NULL,NULL,NULL,NULL,NULL,NULL,2,97,2,6,1,1,3,5,1,3,N,NULL,Y,N,1953,2003,2003,N,NULL,90,,,Y,,N,N,098-CS-1191-0,NULL,NULL,2022,O,7.28423E+11,098-CS-1191  -000,HIGH,098-CS-1191  -000,0.2,0,0,0,0,0,0,1,0,1,0,0,0,0
72929038,KSP0900,23-345400,20230802,345,,,US23,,,US0023,US0023,0,098 US-23-10,US0023,N,N,NULL,NULL,NULL,N,NULL,NULL,NULL,NULL,NULL,NULL,11.898,NULL,NULL,NULL,NULL,,NULL,0,0,1,1,N,N,55,NULL,98,9827,5,W,N,37.36189,37,21.713,NULL,-82.55505,82,33.303,NULL,N,NULL,NULL,NULL,NULL,NULL,NULL,NULL,NULL,9,3,4,3,1,1,10,6,7,3,N,NULL,Y,N,345,400,400,N,NULL,38,,1,Y,,N,N,098-US-0023-10,NULL,NULL,2023,O,7.2929E+11,098-US-0023  -010,HIGH,098-US-0023  -000,11.893,0,0,0,0,0,0,0,0,0,0,0,0,0
72822193,980100,2.022E+11,20221028,943,,,THOMPSON,,RD,,,,,,N,N,NULL,NULL,NULL,N,NULL,NULL,NULL,NULL,NULL,NULL,0.008,NULL,NULL,NULL,NULL,,NULL,0,0,2,2,N,N,55,NULL,98,9801,NULL,,Y,37.51061,37,30.636,NULL,-82.54812,82,32.887,NULL,N,NULL,NULL,NULL,NULL,NULL,NULL,NULL,NULL,5,3,4,6,1,1,2,2,1,3,N,NULL,N,N,943,952,,N,NULL,49,,,N,,N,N,,NULL,NULL,2022,O,7.28222E+11,098-CS-1215  -000,MEDIUM,098-CS-1215  -000,0.008,0,0,0,1,0,0,1,0,0,0,0,0,0
72904296,KSP0900,23-191771,20230521,147,,,RACCOON,,RD,KY1441,KY1441,0,098 KY-1441,KY1441,N,N,NULL,NULL,NULL,N,NULL,NULL,NULL,NULL,NULL,NULL,7.29,NULL,NULL,NULL,NULL,,NULL,1,0,1,1,N,N,45,NULL,98,9850,NULL,,Y,37.48575,37,29.145,NULL,-82.43111,82,25.867,NULL,N,NULL,NULL,NULL,NULL,NULL,NULL,NULL,NULL,9,3,2,6,1,1,2,7,7,3,Y,NULL,N,Y,148,158,210,N,NULL,40,8,0,N,,N,N,098-KY-1441-0,NULL,NULL,2023,A,7.29043E+11,098-KY-1441  -000,HIGH,098-KY-1441  -000,7.36,0,0,0,0,0,0,0,0,1,1,0,1,0
72962604,KSP0900,23-431578,20231018,1800,,,VIRGIE,,RD,KY0610,KY0610,0,098 KY-610,KY0610,N,N,NULL,NULL,NULL,N,NULL,NULL,NULL,NULL,NULL,NULL,6.414,NULL,NULL,NULL,NULL,,NULL,0,0,1,1,N,N,55,NULL,98,9816,NULL,,Y,37.32376,37,19.426,NULL,-82.58538,82,35.123,NULL,N,NULL,NULL,NULL,NULL,NULL,NULL,NULL,NULL,9,3,2,3,1,1,2,2,7,3,N,NULL,N,N,1800,1819,,Y,NULL,44,7,0,N,,N,N,098-KY-0610-0,NULL,NULL,2023,O,7.29626E+11,098-KY-0610  -000,HIGH,098-KY-0610  -000,6.418,0,0,0,0,0,0,0,0,0,0,0,1,0
72834633,980100,2.022E+11,20221117,1609,,,US23,,,US0023,US0023,0,098 US-23-10,US0023,N,N,NULL,NULL,NULL,N,NULL,NULL,NULL,NULL,NULL,NULL,22.291,NULL,NULL,NULL,NULL,,NULL,3,0,2,2,N,N,55,NULL,98,9801,NULL,,Y,37.46135,37,27.681,NULL,-82.51697,82,31.018,NULL,N,NULL,NULL,NULL,NULL,NULL,NULL,NULL,NULL,4,3,4,3,1,1,2,2,7,3,Y,NULL,Y,Y,1609,1613,1719,N,NULL,70,,1,N,,N,N,098-US-0023-10,NULL,NULL,2022,C,7.28346E+11,098-US-0023  -010,HIGH,098-US-0023  -000,22.291,0,0,0,0,0,0,1,0,0,0,0,0,0
72840012,KSP0900,22-461097,20221202,1348,,,US119,,,US0119,US0119,0,098 US-119,US0119,Y,N,NULL,NULL,NULL,N,NULL,NULL,NULL,NULL,NULL,NULL,20.925,NULL,NULL,NULL,NULL,,NULL,1,0,3,2,N,N,NULL,NULL,98,9836,NULL,,Y,37.62088,37,37.253,NULL,-82.26866,82,16.12,NULL,N,NULL,NULL,NULL,NULL,NULL,NULL,NULL,NULL,2,97,0,6,1,1,2,2,8,3,N,NULL,Y,N,1348,1409,1409,N,NULL,90,2,1,N,,N,N,098-US-0119-0,NULL,NULL,2022,B,7.284E+11,098-US-0119  -000,HIGH,098-US-0119  -000,20.925,0,0,0,0,1,0,0,0,0,1,0,0,0
72875854,980100,2.023E+11,20230309,1621,,,KY3496,,,KY3496,KY3496,,,,N,N,NULL,NULL,NULL,N,NULL,NULL,NULL,NULL,NULL,NULL,0.008,NULL,NULL,NULL,NULL,,NULL,1,0,2,2,N,N,35,NULL,98,9801,NULL,,Y,37.46581,37,27.948,NULL,-82.52815,82,31.689,NULL,N,NULL,NULL,NULL,NULL,NULL,NULL,NULL,NULL,5,3,3,6,1,1,3,2,7,3,Y,NULL,Y,Y,1622,1624,1724,N,NULL,49,16,0,N,,N,N,,NULL,NULL,2023,C,7.28759E+11,098-KY-3496  -000,MEDIUM,098-KY-3496  -000,0.012,0,0,1,0,0,0,1,0,0,0,0,0,0
72836032,980100,2.022E+11,20221130,1602,,,THOMPSON,,RD,,,0,098 CS-1215,CS1215,Y,N,NULL,NULL,NULL,N,NULL,NULL,NULL,NULL,NULL,NULL,0.681,NULL,NULL,NULL,NULL,,NULL,0,0,2,2,N,N,15,NULL,98,9801,NULL,,Y,37.50524,37,30.314,NULL,-82.54068,82,32.441,NULL,N,NULL,NULL,NULL,NULL,NULL,NULL,NULL,NULL,8,97,0,6,1,1,2,2,1,3,N,NULL,Y,N,1602,1609,1609,N,NULL,90,,,N,,N,N,098-CS-1215-0,NULL,NULL,2022,O,7.2836E+11,098-CS-1215  -000,HIGH,098-CS-1215  -000,0.681,0,0,0,0,0,0,1,0,0,0,0,0,0
72903283,980100,2.023E+11,20230517,1716,,,US23,,,US0023,US0023,0,098 US-23,US0023,N,N,NULL,NULL,NULL,N,NULL,NULL,NULL,NULL,NULL,NULL,26.175,NULL,NULL,NULL,NULL,,NULL,1,0,2,2,N,N,55,NULL,98,9801,NULL,,Y,37.50212,37,30.127,NULL,-82.53192,82,31.915,NULL,N,NULL,NULL,NULL,NULL,NULL,NULL,NULL,NULL,5,3,4,6,1,1,2,2,7,3,N,NULL,Y,Y,1716,1725,1717,N,NULL,49,,1,N,,N,N,098-US-0023-0,NULL,NULL,2023,C,7.29033E+11,098-US-0023  -000,HIGH,098-US-0023  -000,26.113,0,0,0,0,0,0,1,0,0,0,0,0,0
72884183,980100,2.023E+11,20230403,1105,,911,BYPASS,,RD,,,0,098 CS-1223,CS1223,Y,N,NULL,NULL,NULL,N,NULL,NULL,NULL,NULL,NULL,NULL,NULL,NULL,NULL,NULL,NULL,NULL,NULL,0,0,2,2,N,N,NULL,NULL,98,9801,NULL,,Y,37.47128,37,28.277,NULL,-82.52117,82,31.27,NULL,N,NULL,NULL,NULL,NULL,NULL,NULL,NULL,NULL,2,97,2,6,2,1,2,2,1,3,N,NULL,Y,N,1105,1110,1112,N,NULL,90,,,N,,N,N,098-CS-1223-0,NULL,NULL,2023,O,7.28842E+11,098-CS-1223  -000,HIGH,098-CS-1223  -000,0.136,0,0,0,1,0,0,1,0,0,0,0,0,0
72895497,KSP0900,23-172639,20230506,2318,,,KY1426,,,KY1426,KY1426,0,098 KY-1426,KY1426,N,N,NULL,NULL,NULL,N,NULL,NULL,NULL,NULL,NULL,NULL,13.825,NULL,NULL,NULL,NULL,,NULL,0,0,1,1,N,N,55,NULL,98,9828,NULL,,Y,37.55542,37,33.325,NULL,-82.45389,82,27.233,NULL,N,NULL,NULL,NULL,NULL,NULL,NULL,NULL,NULL,9,3,2,6,1,1,2,6,7,3,N,NULL,Y,N,2318,2318,2318,N,NULL,38,7,0,N,,N,N,098-KY-1426-0,NULL,NULL,2023,O,7.28955E+11,098-KY-1426  -000,HIGH,098-KY-1426  -000,13.838,0,0,0,0,0,0,0,0,0,0,0,0,0
72874876,KSP0900,23-95417,20230312,718,,,REGINA BELCHER,,HWY,US0460,US0460,,,,N,N,NULL,NULL,NULL,N,NULL,NULL,NULL,NULL,NULL,NULL,13.595,NULL,NULL,NULL,NULL,,NULL,0,0,1,1,N,N,45,NULL,98,9822,NULL,,Y,37.33564,37,20.138,NULL,-82.38419,82,23.051,NULL,N,NULL,NULL,NULL,NULL,NULL,NULL,NULL,NULL,9,3,2,3,1,5,6,2,7,3,N,NULL,Y,N,718,742,742,N,NULL,44,,1,N,,N,N,,NULL,NULL,2023,O,7.28749E+11,098-US-0460  -000,HIGH,098-US-0460  -000,13.586,0,0,0,0,0,0,0,0,0,0,0,1,0
72965648,KSP0900,23-440045,20231029,1436,,,KY1469,,,KY1469,KY1469,,,,N,N,NULL,NULL,NULL,N,NULL,NULL,NULL,NULL,NULL,NULL,10.945,NULL,NULL,NULL,NULL,,NULL,0,0,2,2,N,N,45,NULL,98,9827,NULL,,Y,37.34056,37,20.434,NULL,-82.59756,82,35.854,NULL,N,NULL,NULL,NULL,NULL,NULL,NULL,NULL,NULL,7,3,2,3,1,1,2,2,7,3,N,NULL,N,N,1436,1600,1628,N,NULL,54,8,0,N,,N,N,,NULL,NULL,2023,O,7.29656E+11,098-KY-1469  -000,HIGH,098-KY-1469  -000,10.962,0,0,0,0,0,0,0,0,0,0,0,1,0
72945424,KSP0900,23-333409,20230722,739,,,US460,,,US0460,US0460,0,098 US-460,US0460,N,N,NULL,NULL,NULL,N,NULL,NULL,NULL,NULL,NULL,NULL,7.472,NULL,NULL,NULL,NULL,,NULL,1,1,2,2,N,N,45,NULL,98,9802,NULL,,Y,37.38454,37,23.073,NULL,-82.43858,82,26.315,NULL,N,NULL,NULL,NULL,NULL,NULL,NULL,NULL,NULL,3,3,2,3,1,1,2,2,7,3,Y,NULL,N,Y,847,949,1319,N,NULL,52,,1,N,,N,N,098-US-0460-0,NULL,NULL,2023,K,7.29454E+11,098-US-0460  -000,HIGH,098-US-0460  -000,7.475,0,0,0,0,0,0,0,0,1,1,0,1,0
72855827,980100,2.023E+11,20230104,1113,,215,CASSIDY,,BLVD,,,0,098 CS-1191,CS1191,Y,N,NULL,NULL,NULL,N,NULL,NULL,NULL,NULL,NULL,NULL,0.05,NULL,NULL,NULL,NULL,,NULL,0,0,2,2,Y,N,NULL,NULL,98,9801,NULL,,Y,37.5037,37,30.222,NULL,-82.53297,82,31.978,NULL,N,NULL,NULL,NULL,NULL,NULL,NULL,NULL,NULL,1,97,1,6,1,1,2,2,1,3,N,NULL,Y,N,1113,1127,1127,N,NULL,90,,,Y,,N,N,098-CS-1191-0,NULL,NULL,2023,O,7.28558E+11,098-CS-1191  -000,HIGH,098-CS-1191  -000,0.047,0,0,0,1,0,0,1,0,0,0,0,0,0
72905246,980100,2.023E+11,20230526,1230,,,BAIRD,,AVE,KY1426,KY1426,0,098 KY-1426,KY1426,N,N,NULL,NULL,NULL,N,NULL,NULL,NULL,NULL,NULL,NULL,5.39,NULL,NULL,NULL,NULL,,NULL,1,0,2,2,N,N,15,NULL,98,9801,NULL,,Y,37.47333,37,28.4,NULL,-82.52716,82,31.63,NULL,N,NULL,NULL,NULL,NULL,NULL,NULL,NULL,NULL,1,3,4,6,1,1,2,2,7,3,Y,NULL,Y,Y,1230,1233,1255,N,NULL,55,,0,N,,N,N,098-KY-1426-0,NULL,NULL,2023,C,7.29052E+11,098-KY-1426  -000,HIGH,098-KY-1426  -000,5.391,0,0,1,0,0,0,1,0,0,0,0,0,0
72920772,980100,2.023E+11,20230710,842,,805,HAMBLEY,,BLVD,,,0,098 CS-1222,CS1222,Y,N,NULL,NULL,NULL,N,NULL,NULL,NULL,NULL,NULL,NULL,0.107,NULL,NULL,NULL,NULL,,NULL,0,0,2,2,N,N,NULL,NULL,98,9801,NULL,,Y,37.47482,37,28.489,NULL,-82.52488,82,31.493,NULL,N,NULL,NULL,NULL,NULL,NULL,NULL,NULL,NULL,2,97,1,6,2,1,2,2,1,3,N,NULL,Y,N,842,846,846,N,NULL,90,,,N,,N,N,098-CS-1222-0,NULL,NULL,2023,O,7.29208E+11,098-CS-1222  -000,HIGH,098-CS-1222  -000,0.145,0,0,0,0,0,0,1,0,0,0,0,0,0
72935306,980100,2.023E+11,20230817,1659,,,US23,,,US0023,US0023,0,098 US-23,US0023,N,N,NULL,NULL,NULL,N,NULL,NULL,NULL,NULL,NULL,NULL,24.807,NULL,NULL,NULL,NULL,,NULL,0,0,2,2,N,N,55,NULL,98,9801,NULL,,Y,37.48591,37,29.155,NULL,-82.5422,82,32.532,NULL,N,NULL,NULL,NULL,NULL,NULL,NULL,NULL,NULL,8,3,4,6,1,1,3,2,7,3,N,NULL,Y,N,1659,1705,1705,N,NULL,53,,1,N,,N,N,098-US-0023-0,NULL,NULL,2023,O,7.29353E+11,098-US-0023  -000,HIGH,098-US-0023  -000,24.741,0,0,0,0,0,0,0,0,0,0,0,1,0
72927440,980100,2.023E+11,20230719,2016,,,BYPASS,S,RD,KY1426,KY1426,0,098 KY-1426,KY1426,Y,N,NULL,NULL,NULL,N,NULL,NULL,NULL,NULL,NULL,NULL,5.916,NULL,NULL,NULL,NULL,,NULL,0,0,2,2,N,N,NULL,NULL,98,9801,NULL,,Y,37.47448,37,28.469,NULL,-82.51926,82,31.156,NULL,N,NULL,NULL,NULL,NULL,NULL,NULL,NULL,NULL,2,97,NULL,4,2,1,3,2,1,3,N,NULL,Y,N,2016,2033,,N,NULL,90,,0,Y,,N,N,098-KY-1426-0,NULL,NULL,2023,O,7.29274E+11,098-KY-1426  -000,HIGH,098-KY-1426  -000,5.916,0,0,0,1,0,0,1,0,1,0,0,0,0
72976083,KSP0900,23-453290,20231110,1020,,,KY632,,,KY0632,KY0632,0,098 KY-632,KY0632,N,N,NULL,NULL,NULL,N,NULL,NULL,NULL,NULL,NULL,NULL,1.503,NULL,NULL,NULL,NULL,,NULL,0,0,1,1,N,N,55,NULL,98,9817,NULL,,Y,37.49728,37,29.837,NULL,-82.32761,82,19.657,NULL,N,NULL,NULL,NULL,NULL,NULL,NULL,NULL,NULL,9,3,2,3,1,5,6,2,7,3,N,NULL,N,N,1010,1045,1100,N,NULL,44,6,0,N,,N,N,098-KY-0632-0,NULL,NULL,2023,O,7.29761E+11,098-KY-0632  -000,HIGH,098-KY-0632  -000,1.509,0,0,0,0,0,0,0,0,0,0,0,1,0
72944138,KSP0900,23-382983,20230905,1902,,,WALKER MCCOY,,DR,,,0,098 PR-1055,PR1055,N,N,NULL,NULL,NULL,N,NULL,NULL,NULL,NULL,NULL,NULL,0.139,NULL,NULL,NULL,NULL,,NULL,0,0,2,2,N,N,5,NULL,98,9834,NULL,,Y,37.66137,37,39.682,NULL,-82.27227,82,16.336,NULL,N,NULL,NULL,NULL,NULL,NULL,NULL,NULL,NULL,7,3,2,6,1,1,2,2,1,3,N,NULL,Y,N,1902,1915,1902,N,NULL,54,,,N,,N,N,098-PR-1055-0,NULL,NULL,2023,O,7.29441E+11,098-PR-1055  -000,HIGH,098-PR-1055  -000,0.133,0,0,0,0,0,0,0,1,0,0,0,1,0
72897797,980000,23-04-005,20230508,1820,,,KY3154,,,KY3154,KY3154,0,098 KY-3154,KY3154,N,N,NULL,NULL,NULL,N,NULL,NULL,NULL,NULL,NULL,NULL,2.529,NULL,NULL,NULL,NULL,,NULL,0,0,1,1,N,N,35,NULL,98,9838,NULL,,Y,37.60633,37,36.38,NULL,-82.32954,82,19.772,NULL,N,NULL,NULL,NULL,NULL,NULL,NULL,NULL,NULL,9,6,1,3,1,1,3,2,7,3,N,NULL,Y,N,1836,1845,1845,Y,NULL,51,9,0,N,,N,N,098-KY-3154-0,NULL,NULL,2023,O,7.28978E+11,098-KY-3154  -000,HIGH,098-KY-3154  -000,2.529,0,0,1,0,0,0,0,0,0,0,0,1,0
72886212,980100,2.023E+11,20230411,1840,,,KILGORE,,LN,,,0,098 CS-1105,CS1105,N,N,NULL,NULL,NULL,N,NULL,NULL,NULL,NULL,NULL,NULL,0.021,NULL,NULL,NULL,NULL,,NULL,0,0,1,1,N,N,15,NULL,98,9801,NULL,,Y,37.47605,37,28.563,NULL,-82.52231,82,31.339,NULL,N,NULL,NULL,NULL,NULL,NULL,NULL,NULL,NULL,9,3,2,6,1,1,2,2,7,3,Y,NULL,Y,N,1841,1843,1929,N,NULL,40,,,N,,N,N,098-CS-1105-0,NULL,NULL,2023,O,7.28862E+11,098-CS-1105  -000,HIGH,098-CS-1105  -000,0.021,0,0,1,0,0,0,0,0,0,0,0,1,0
72886922,KSP0900,23-135886,20230410,1348,,,KY194,E,,KY0194,KY0194,0,098 KY-194,KY0194,N,N,NULL,NULL,NULL,N,NULL,NULL,NULL,NULL,NULL,NULL,18.669,NULL,NULL,NULL,NULL,,NULL,1,0,2,2,N,N,55,NULL,98,9820,NULL,,Y,37.56,37,33.6,NULL,-82.41759,82,25.055,NULL,N,NULL,NULL,NULL,NULL,NULL,NULL,NULL,NULL,3,3,2,6,1,1,2,2,7,3,N,NULL,N,Y,1348,1358,1445,N,NULL,52,6,5,N,,N,N,098-KY-0194-0,NULL,NULL,2023,A,7.28869E+11,098-KY-0194  -000,HIGH,098-KY-0194  -000,18.695,0,0,0,1,0,0,1,0,0,0,0,1,0
72938395,KSP0900,23-370273,20230825,1101,,,US119,,,US0119,US0119,0,098 US-119,US0119,N,N,NULL,NULL,NULL,N,NULL,NULL,NULL,NULL,NULL,NULL,20.816,NULL,NULL,NULL,NULL,,NULL,0,0,2,2,N,N,25,NULL,98,9836,NULL,,Y,37.61909,37,37.146,NULL,-82.26866,82,16.12,NULL,N,NULL,NULL,NULL,NULL,NULL,NULL,NULL,NULL,5,3,2,3,1,5,6,2,7,3,Y,NULL,Y,Y,1101,1109,1109,N,NULL,49,2,1,N,,N,N,098-US-0119-0,NULL,NULL,2023,O,7.29384E+11,098-US-0119  -000,HIGH,098-US-0119  -000,20.817,0,0,0,0,0,0,0,0,0,0,0,0,0
72952014,KSP0900,23-405669,20230926,1923,,,HURRICANE,,CRK,,,0,098 CR-1435,CR1435,N,N,NULL,NULL,NULL,N,NULL,NULL,NULL,NULL,NULL,NULL,0.498,NULL,NULL,NULL,NULL,,NULL,1,0,1,1,N,N,25,NULL,98,9817,NULL,,Y,37.4957,37,29.742,NULL,-82.3605,82,21.63,NULL,N,NULL,NULL,NULL,NULL,NULL,NULL,NULL,NULL,9,3,1,6,1,1,2,6,7,3,Y,NULL,Y,Y,2000,2053,2130,N,NULL,44,,,N,,N,N,098-CR-1435-0,NULL,NULL,2023,A,7.2952E+11,098-CR-1435  -000,HIGH,098-CR-1435  -000,0.488,1,0,0,0,0,0,0,0,1,0,0,1,0
72911489,980100,2.023E+11,20230615,2121,,,US23,,,US0023,US0023,0,098 US-23,US0023,N,N,NULL,NULL,NULL,N,NULL,NULL,NULL,NULL,NULL,NULL,22.301,NULL,NULL,NULL,NULL,,NULL,0,0,1,1,N,N,55,NULL,98,9801,NULL,,Y,37.4615,37,27.69,NULL,-82.51686,82,31.012,NULL,N,NULL,NULL,NULL,NULL,NULL,NULL,NULL,NULL,9,3,4,3,1,1,2,6,1,3,N,NULL,Y,N,2121,2125,2143,N,NULL,38,,1,N,,N,N,098-US-0023-0,NULL,NULL,2023,O,7.29115E+11,098-US-0023  -000,HIGH,098-US-0023  -000,22.234,0,0,0,0,0,0,0,0,0,0,0,0,0
72934143,KSP0900,23-328130,20230717,1542,,,SHELBIANA,W,RD,US0460,US0460,,,,N,N,NULL,NULL,NULL,N,NULL,NULL,NULL,NULL,NULL,NULL,1.323,NULL,NULL,NULL,NULL,,NULL,0,0,2,2,N,N,45,NULL,98,9801,NULL,,Y,37.42696,37,25.618,NULL,-82.50108,82,30.065,NULL,N,NULL,NULL,NULL,NULL,NULL,NULL,NULL,NULL,5,3,2,6,1,1,2,2,7,3,N,NULL,Y,N,1542,1547,1547,N,NULL,70,,1,N,,N,N,,NULL,NULL,2023,O,7.29341E+11,098-US-0460  -000,HIGH,098-US-0460  -000,1.325,0,0,0,1,0,0,1,0,0,0,0,0,0
72848919,KSP0900,22-498888,20221230,1721,,,KY1056,,,KY1056,KY1056,0,098 KY-1056,KY1056,Y,N,NULL,NULL,NULL,N,NULL,NULL,NULL,NULL,NULL,NULL,11.433,NULL,NULL,NULL,NULL,,NULL,0,0,1,1,Y,N,10,NULL,98,9863,NULL,,Y,37.6189,37,37.134,NULL,-82.16632,82,9.979,NULL,N,NULL,NULL,NULL,NULL,NULL,NULL,NULL,NULL,9,7,2,6,1,1,2,3,7,3,N,NULL,N,N,1721,1741,1741,N,NULL,90,7,0,N,,N,N,098-KY-1056-0,NULL,NULL,2022,O,7.28489E+11,098-KY-1056  -000,HIGH,098-KY-1056  -000,11.433,0,0,0,0,0,0,0,0,0,0,0,0,0
72854222,KSP0900,23-17650,20230114,1255,,,KY611,,,KY0611,KY0611,0,098 KY-611,KY0611,N,N,NULL,NULL,NULL,N,NULL,NULL,NULL,NULL,NULL,NULL,3.071,NULL,NULL,NULL,NULL,,NULL,0,0,2,2,N,N,25,NULL,98,9830,NULL,,Y,37.31682,37,19.009,NULL,-82.50191,82,30.114,NULL,N,NULL,NULL,NULL,NULL,NULL,NULL,NULL,NULL,3,3,2,2,1,5,9,2,7,3,N,NULL,N,N,1338,1353,1405,N,NULL,52,8,0,N,,N,N,098-KY-0611-0,NULL,NULL,2023,O,7.28542E+11,098-KY-0611  -000,HIGH,098-KY-0611  -000,3.091,0,0,0,0,0,0,0,0,0,0,0,1,0
72814391,KSP0900,22-382951,20221003,1950,,,KY194,,,KY0194,KY0194,0,098 KY-194,KY0194,N,N,NULL,NULL,NULL,N,NULL,NULL,NULL,NULL,NULL,NULL,68.379,NULL,NULL,NULL,NULL,,NULL,1,0,1,1,N,N,35,NULL,98,9825,NULL,,Y,37.51125,37,30.675,NULL,-82.07585,82,4.551,NULL,N,NULL,NULL,NULL,NULL,NULL,NULL,NULL,NULL,9,3,2,3,1,1,2,6,7,3,Y,NULL,Y,Y,1950,2000,2044,N,NULL,44,7,0,N,,N,N,098-KY-0194-0,NULL,NULL,2022,B,7.28144E+11,098-KY-0194  -000,HIGH,098-KY-0194  -000,68.379,0,0,0,1,0,0,0,0,0,0,0,1,0
72871855,KSP0900,23-73244,20230225,1323,,,KY194,,,KY0194,KY0194,0,098 KY-194,KY0194,N,N,NULL,NULL,NULL,N,NULL,NULL,NULL,NULL,NULL,NULL,13.804,NULL,NULL,NULL,NULL,,NULL,0,0,2,2,N,N,55,NULL,98,9820,NULL,,Y,37.57713,37,34.628,NULL,-82.48647,82,29.188,NULL,N,NULL,NULL,NULL,NULL,NULL,NULL,NULL,NULL,7,3,2,3,1,5,6,2,7,3,N,NULL,Y,N,1323,1323,1323,N,NULL,54,7,0,N,,N,N,098-KY-0194-0,NULL,NULL,2023,O,7.28719E+11,098-KY-0194  -000,HIGH,098-KY-0194  -000,13.953,0,0,0,1,0,0,0,0,0,0,0,1,0
72877609,KSP0900,23-107366,20230321,251,,,US23,,,US0023,US0023,0,098 US-23,US0023,N,N,NULL,NULL,NULL,N,NULL,NULL,NULL,NULL,NULL,NULL,5.467,NULL,NULL,NULL,NULL,,NULL,0,0,1,1,N,N,55,NULL,98,9809,NULL,,Y,37.28415,37,17.049,NULL,-82.55806,82,33.483,NULL,N,NULL,NULL,NULL,NULL,NULL,NULL,NULL,NULL,9,3,4,5,1,1,2,6,7,3,N,NULL,N,N,320,336,336,N,NULL,70,,1,N,,N,N,098-US-0023-0,NULL,NULL,2023,O,7.28776E+11,098-US-0023  -000,HIGH,098-US-0023  -000,5.467,0,0,0,0,0,0,0,0,0,0,0,0,0