MasterFile,AgencyORINumber,LocalCode,CollisionDate,CollisionTime,CollisionDayWeekCode,RoadwayName_HouseBusinessNumber_,RoadwayName_RoadwayName_,RoadwayName_Direction_,RoadwayName_RoadwaySuffix_,RoadwayfromReport,CurrentRoadwayNumber,RoadwayNumberCoupletID,RSEUniqueGIS,RoadwayIdentifier,ParkingLotIndicator,IntersectionWith_Indicator_,IntersectionWith_NameRoadway_,IntersectionWith_Direction_,IntersectionWith_RoadwaySuffix_,BetweenStreets_Indicator_,BetweenStreets1_NameRoadway_,BetweenStreet1_Direction_,BetweenStreets1_RoadwaySuffix_,BetweenStreets2_NameRoadway_,BetweenStreets2_Direction_,BetweenStreets2_RoadwaySuffix_,Milepoint,ReportMilepointDeriveNumber,CurrentDerivedMiepointNumber,MilestoMilepoint,FeettoMilepoint,DirectionfromMilepoint_NSEW_,ValidMilepointIndicator,NumberInjured,NumberKilled,ofUnits,ofMotorVehicleUnits,Hit&RunIndicator,OneWayIndicator,SpeedLimitNumber,KilometersIndicator,CountyCode,CityCountyCode,MilesFromCity,DirectionFromCity_NSEW_,InCityLimitsIndicator,Latitude,LatitudeDegrees,LatitudeMinutes,LatitudeSeconds,Longitude,LongitudeDegrees,LongitudeMinutes,LongitudeSeconds,RampIndicator,RampFromIdentifier,RampFromDirCode,RampFromCoupletID,RSEUniqueGISRampFrom,RampToidentifier,RampToDirCode,RampToCoupletID,RSEUniqueGisRampTo,MannerofCollisionCode,LocationFirstEventCode,TotalLanes,RoadwayCharacterCode,RoadwaySurfaceCode,RoadwayConditionCode,WeatherCode,LightConditionCode,LandUseCode,SchoolBusRelatedCode,FirstAidSceneIndicator,CollDescPresentInd,InvestigationCompleteIndicator,PhotosTakenIndicator,TimeNotified,TimeArrived,TimeRoadwayOpened,PropertyDamageIndicator,DiagramPresentIndicator,DirectionalAnalysis,FunctionClassCode,NationalHwySysCode,EnforcementsIndicator,KARSCityCode,SecondaryCollisionIndicator,MedianCrossoverIndicator,RT_UNIQUE,MapIt,TimeLastLeft,YR,KABCO,MFNY,WorkingRID,RT_CONFIDENCE,KTC_RT,KTC_MP,Motorcyclist,CommercialVehicle,YoungDriver,MatureDriver,pedestrian,Bicyclist,Distracted,agressive,Impaired,Unrestrained,Intersection,RoadwayDeparture,MedXover
72878148,980500,2023AR009,20230322,1300,,28,WEDDINGTON BRANCH ROAD,,,,,,,,N,N,NULL,NULL,NULL,N,NULL,NULL,NULL,NULL,NULL,NULL,NULL,NULL,NULL,NULL,NULL,NULL,NULL,0,0,1,1,N,N,45,NULL,98,9807,NULL,,Y,37.52239,37,31.344,NULL,-82.57071,82,34.243,NULL,N,NULL,NULL,NULL,NULL,NULL,NULL,NULL,NULL,9,3,4,6,1,5,6,2,7,3,N,NULL,Y,Y,1300,1300,1300,N,NULL,70,,,N,,N,N,,NULL,NULL,2023,O,7.28781E+11,098-CS-3026  -030,MEDIUM,098-CS-3026  -030,0.003,0,0,0,0,0,0,0,0,0,0,0,1,0
72893963,KSP0900,23-166776,20230503,8,,,FERRELLS CREEK,,RD,US0460,US0460,0,098 US-460,US0460,N,N,NULL,NULL,NULL,N,NULL,NULL,NULL,NULL,NULL,NULL,15.431,NULL,NULL,NULL,NULL,,NULL,0,0,1,1,N,N,55,NULL,98,9805,5,N,N,37.34767,37,20.86,NULL,-82.35706,82,21.424,NULL,N,NULL,NULL,NULL,NULL,NULL,NULL,NULL,NULL,9,3,2,6,1,1,2,6,7,3,N,NULL,Y,N,8,33,33,N,NULL,38,,1,N,,N,N,098-US-0460-0,NULL,NULL,2023,O,7.2894E+11,098-US-0460  -000,HIGH,098-US-0460  -000,15.412,0,0,0,0,0,0,0,0,0,0,0,0,0
72899104,KSP0900,23-181081,20230512,16,,,MARIONS,,BR,,,0,098 CR-1268,CR1268,N,N,NULL,NULL,NULL,N,NULL,NULL,NULL,NULL,NULL,NULL,0.332,NULL,NULL,NULL,NULL,,NULL,0,0,1,1,N,N,45,NULL,98,9802,NULL,,Y,37.43805,37,26.283,NULL,-82.53609,82,32.165,NULL,N,NULL,NULL,NULL,NULL,NULL,NULL,NULL,NULL,9,3,2,6,1,5,6,6,7,3,N,NULL,Y,N,18,39,,N,NULL,44,,,N,,N,N,098-CR-1268-0,NULL,NULL,2023,O,7.28991E+11,098-CR-1268  -000,MEDIUM,098-CR-1268  -000,0,0,0,0,0,0,0,0,0,0,0,0,1,0
72873403,KSP0900,23-91025,20230308,2254,,,KY194,,,KY0194,KY0194,0,098 KY-194,KY0194,N,N,NULL,NULL,NULL,N,NULL,NULL,NULL,NULL,NULL,NULL,54.962,NULL,NULL,NULL,NULL,,NULL,0,0,2,2,Y,N,35,NULL,98,9804,NULL,,Y,37.51226,37,30.736,NULL,-82.14888,82,8.933,NULL,N,NULL,NULL,NULL,NULL,NULL,NULL,NULL,NULL,7,3,2,6,1,1,2,6,7,3,N,NULL,Y,N,2256,2351,2351,N,NULL,54,8,0,N,,N,N,098-KY-0194-0,NULL,NULL,2023,O,7.28734E+11,098-KY-0194  -000,HIGH,098-KY-0194  -000,54.955,0,0,0,0,0,0,1,0,0,0,0,1,0
72963682,980100,2.023E+11,20231025,1133,,,CASSIDY,,BLVD,,,0,098 CS-1191,CS1191,Y,N,NULL,NULL,NULL,N,NULL,NULL,NULL,NULL,NULL,NULL,0.317,NULL,NULL,NULL,NULL,,NULL,0,0,2,2,N,N,15,NULL,98,9801,NULL,,Y,37.5055,37,30.33,NULL,-82.53732,82,32.239,NULL,N,NULL,NULL,NULL,NULL,NULL,NULL,NULL,NULL,8,97,2,6,1,1,2,2,1,3,N,NULL,Y,Y,1133,1142,1158,N,NULL,90,,,N,,N,N,098-CS-1191-0,NULL,NULL,2023,O,7.29637E+11,098-CS-1191  -000,HIGH,098-CS-1191  -000,0.325,0,0,0,1,0,0,1,1,0,0,0,0,0
72884187,980100,2.023E+11,20230406,1027,,124,ELM,S,ST,,,0,098 CS-1107,CS1107,Y,N,NULL,NULL,NULL,N,NULL,NULL,NULL,NULL,NULL,NULL,0.007,NULL,NULL,NULL,NULL,,NULL,0,0,2,2,N,N,NULL,NULL,98,9801,NULL,,Y,37.47697,37,28.618,NULL,-82.52166,82,31.3,NULL,N,NULL,NULL,NULL,NULL,NULL,NULL,NULL,NULL,1,97,1,6,1,1,3,2,6,3,N,NULL,Y,N,1027,1030,1030,N,NULL,90,,,N,,N,N,098-CS-1107-0,NULL,NULL,2023,O,7.28842E+11,098-CS-1107  -000,HIGH,098-CS-1107  -000,0.007,0,0,0,0,0,0,0,0,0,0,0,0,0
72879179,980100,2.023E+11,20230324,1617,,,CASSIDY,,BLVD,,,,,,Y,N,NULL,NULL,NULL,N,NULL,NULL,NULL,NULL,NULL,NULL,0.246,NULL,NULL,NULL,NULL,,NULL,0,0,2,2,N,N,NULL,NULL,98,9801,NULL,,Y,37.50443,37,30.266,NULL,-82.53589,82,32.154,NULL,N,NULL,NULL,NULL,NULL,NULL,NULL,NULL,NULL,6,97,NULL,6,1,5,3,2,1,3,N,NULL,Y,N,1617,1626,1626,N,NULL,90,,,N,,N,N,,NULL,NULL,2023,NULL,7.28792E+11,098-CS-1191  -000,MEDIUM,098-CS-1191  -000,0.225,0,0,0,0,0,0,0,0,0,0,0,0,0
72962596,980100,2.023E+11,20231006,2056,,,US23,,,US0023,US0023,0,098 US-23-10,US0023,N,N,NULL,NULL,NULL,N,NULL,NULL,NULL,NULL,NULL,NULL,27.616,NULL,NULL,NULL,NULL,,NULL,0,0,2,2,N,N,55,NULL,98,9807,NULL,,Y,37.51193,37,30.716,NULL,-82.55289,82,33.173,NULL,N,NULL,NULL,NULL,NULL,NULL,NULL,NULL,NULL,5,3,4,6,1,1,2,5,7,3,N,NULL,Y,N,2056,2102,,N,NULL,49,,1,N,,N,N,098-US-0023-10,NULL,NULL,2023,O,7.29626E+11,098-US-0023  -010,HIGH,098-US-0023  -000,27.613,0,0,0,0,0,0,1,1,0,0,0,0,0
72829739,KSP0900,22-413466,20221027,950,,,WILLIAMSON,,RD,KY0292,KY0292,0,098 KY-292,KY0292,N,N,NULL,NULL,NULL,N,NULL,NULL,NULL,NULL,NULL,NULL,6.101,NULL,NULL,NULL,NULL,,NULL,0,0,2,2,N,N,45,NULL,98,9826,NULL,,Y,37.66927,37,40.156,NULL,-82.29424,82,17.655,NULL,N,NULL,NULL,NULL,NULL,NULL,NULL,NULL,NULL,1,3,2,6,1,1,3,2,7,3,N,NULL,N,N,950,1000,1030,N,NULL,55,7,0,N,,N,N,098-KY-0292-0,NULL,NULL,2022,O,7.28297E+11,098-KY-0292  -000,HIGH,098-KY-0292  -000,6.101,0,0,1,1,0,0,0,1,0,0,0,0,0
72868118,KSP0900,23-62172,20230217,1400,,,US460,,,US0460,US0460,0,098 US-460,US0460,N,N,NULL,NULL,NULL,N,NULL,NULL,NULL,NULL,NULL,NULL,8.891,NULL,NULL,NULL,NULL,,NULL,0,0,2,2,Y,N,35,NULL,98,9822,NULL,,Y,37.37082,37,22.249,NULL,-82.4219,82,25.314,NULL,N,NULL,NULL,NULL,NULL,NULL,NULL,NULL,NULL,7,3,2,6,1,1,3,2,7,3,N,NULL,Y,N,1400,1400,1400,N,NULL,54,,1,N,,N,N,098-US-0460-0,NULL,NULL,2023,O,7.28681E+11,098-US-0460  -000,HIGH,098-US-0460  -000,8.865,0,0,0,1,0,0,0,0,0,0,0,1,0
72838197,980100,2.022E+11,20221205,1350,,115,LEE,,AVE,,,0,098 CS-1191,CS1191,N,N,NULL,NULL,NULL,N,NULL,NULL,NULL,NULL,NULL,NULL,NULL,NULL,NULL,NULL,NULL,NULL,NULL,0,0,2,2,N,N,15,NULL,98,9801,NULL,,Y,37.50375,37,30.225,NULL,-82.53226,82,31.936,NULL,N,NULL,NULL,NULL,NULL,NULL,NULL,NULL,NULL,1,3,2,6,1,1,2,2,1,3,N,NULL,Y,N,1350,1359,1359,N,NULL,55,,,N,,N,N,098-CS-1191-0,NULL,NULL,2022,O,7.28382E+11,098-CS-1191  -000,HIGH,098-CS-1191  -000,0.006,0,0,0,0,0,0,0,0,0,0,0,0,0
72816732,980100,2.022E+11,20221011,1306,,254,CASSIDY,,BLVD,,,,,,Y,N,NULL,NULL,NULL,N,NULL,NULL,NULL,NULL,NULL,NULL,0.006,NULL,NULL,NULL,NULL,,NULL,0,0,2,2,Y,N,NULL,NULL,98,9801,NULL,,Y,37.50375,37,30.225,NULL,-82.53226,82,31.936,NULL,N,NULL,NULL,NULL,NULL,NULL,NULL,NULL,NULL,3,97,NULL,6,1,1,2,2,5,3,N,NULL,Y,N,1306,1309,1309,N,NULL,90,,,N,,N,N,,NULL,NULL,2022,NULL,7.28167E+11,098-CS-1191  -000,MEDIUM,098-CS-1191  -000,0.006,0,0,0,0,0,0,0,0,0,0,0,0,0
72869206,KSP0900,23-73483,20230225,1636,,,APPALACHIAN,,PLZ,,,0,098 PR-1008,PR1008,Y,N,NULL,NULL,NULL,N,NULL,NULL,NULL,NULL,NULL,NULL,0.041,NULL,NULL,NULL,NULL,,NULL,0,0,2,2,N,N,NULL,NULL,98,9834,NULL,,Y,37.66602,37,39.961,NULL,-82.27428,82,16.457,NULL,N,NULL,NULL,NULL,NULL,NULL,NULL,NULL,NULL,6,97,NULL,6,2,5,2,2,5,3,N,NULL,Y,N,1636,1636,1636,N,NULL,90,,,N,,N,N,098-PR-1008-0,NULL,NULL,2023,O,7.28692E+11,098-PR-1008  -000,HIGH,098-PR-1008  -000,0.029,0,0,0,0,0,0,1,0,0,0,0,0,0
72914420,KSP0900,23-228596,20230616,745,,,KY194,,,KY0194,KY0194,0,098 KY-194,KY0194,N,N,NULL,NULL,NULL,N,NULL,NULL,NULL,NULL,NULL,NULL,2.53,NULL,NULL,NULL,NULL,,NULL,0,0,1,1,N,N,55,NULL,98,9801,NULL,,Y,37.6536,37,39.216,NULL,-82.58404,82,35.042,NULL,N,NULL,NULL,NULL,NULL,NULL,NULL,NULL,NULL,9,3,2,3,1,1,2,2,7,3,N,NULL,Y,N,715,830,830,N,NULL,38,8,0,N,,N,N,098-KY-0194-0,NULL,NULL,2023,O,7.29144E+11,098-KY-0194  -000,HIGH,098-KY-0194  -000,2.542,0,0,0,0,0,0,0,0,0,0,0,0,0
72839221,KSP0900,22-467951,20221207,2316,,,US460,,,US0460,US0460,0,098 US-460,US0460,N,N,NULL,NULL,NULL,N,NULL,NULL,NULL,NULL,NULL,NULL,7.802,NULL,NULL,NULL,NULL,,NULL,0,0,1,1,N,N,45,NULL,98,9832,NULL,,Y,37.38103,37,22.862,NULL,-82.43511,82,26.107,NULL,N,NULL,NULL,NULL,NULL,NULL,NULL,NULL,NULL,9,3,2,6,1,5,2,6,7,3,N,NULL,Y,N,2316,2337,0,N,NULL,40,,1,N,,N,N,098-US-0460-0,NULL,NULL,2022,O,7.28392E+11,098-US-0460  -000,HIGH,098-US-0460  -000,7.802,0,0,0,1,0,0,0,0,0,0,0,1,0
72862922,KSP0900,23-46781,20230206,1217,,,TOLER,,RD,KY0319,KY0319,0,098 KY-319,KY0319,N,N,NULL,NULL,NULL,N,NULL,NULL,NULL,NULL,NULL,NULL,6.557,NULL,NULL,NULL,NULL,,NULL,1,0,2,2,N,N,45,NULL,98,9842,NULL,,Y,37.63812,37,38.287,NULL,-82.25263,82,15.158,NULL,N,NULL,NULL,NULL,NULL,NULL,NULL,NULL,NULL,5,3,2,4,1,1,2,2,7,3,Y,NULL,Y,Y,1217,1221,1225,N,NULL,49,7,0,N,,N,N,098-KY-0319-0,NULL,NULL,2023,C,7.28629E+11,098-KY-0319  -000,HIGH,098-KY-0319  -000,6.556,0,0,1,1,0,0,1,1,0,0,0,0,0
72963270,980100,2.023E+11,20231024,1327,,215,CASSIDY,,BLVD,,,0,098 CS-1191,CS1191,Y,N,NULL,NULL,NULL,N,NULL,NULL,NULL,NULL,NULL,NULL,0.225,NULL,NULL,NULL,NULL,,NULL,0,0,2,2,N,N,15,NULL,98,9801,NULL,,Y,37.50426,37,30.256,NULL,-82.53558,82,32.135,NULL,N,NULL,NULL,NULL,NULL,NULL,NULL,NULL,NULL,6,97,1,6,1,1,2,2,1,3,N,NULL,Y,N,1327,1343,,N,NULL,90,,,N,,N,N,098-CS-1191-0,NULL,NULL,2023,O,7.29633E+11,098-CS-1191  -000,HIGH,098-CS-1191  -000,0.205,0,0,0,1,0,0,1,1,0,0,0,0,0
72893415,980500,2023AR018,20230501,1637,,3755,MAYO TRAIL,N,,,,,,,Y,N,NULL,NULL,NULL,N,NULL,NULL,NULL,NULL,NULL,NULL,NULL,NULL,NULL,NULL,NULL,NULL,NULL,0,0,2,2,N,N,NULL,NULL,98,9807,NULL,,Y,37.51974,37,31.184,NULL,-82.56816,82,34.09,NULL,N,NULL,NULL,NULL,NULL,NULL,NULL,NULL,NULL,2,97,2,6,1,1,3,2,5,3,N,NULL,Y,Y,1637,1637,1637,N,NULL,90,,,N,,N,N,,NULL,NULL,2023,O,7.28934E+11,098-CS-3000  -000,MEDIUM,098-CS-3000  -000,0.553,0,0,0,0,0,0,0,0,0,0,0,0,0
72895118,KSP0900,23-170045,20230505,1215,,,KY194,,,KY0194,KY0194,0,098 KY-194,KY0194,N,N,NULL,NULL,NULL,N,NULL,NULL,NULL,NULL,NULL,NULL,53.866,NULL,NULL,NULL,NULL,,NULL,0,0,2,2,N,N,35,NULL,98,9804,NULL,,Y,37.50549,37,30.329,NULL,-82.13425,82,8.055,NULL,N,NULL,NULL,NULL,NULL,NULL,NULL,NULL,NULL,1,3,2,1,1,1,2,2,7,3,N,NULL,Y,N,1228,1330,1228,N,NULL,55,8,0,N,,N,N,098-KY-0194-0,NULL,NULL,2023,O,7.28951E+11,098-KY-0194  -000,HIGH,098-KY-0194  -000,53.866,0,0,1,1,0,0,1,0,0,0,0,0,0
72888963,980100,2.023E+11,20230415,1147,,,US23,,,US0023,US0023,0,098 US-23,US0023,N,N,NULL,NULL,NULL,N,NULL,NULL,NULL,NULL,NULL,NULL,28.877,NULL,NULL,NULL,NULL,,NULL,0,0,2,2,N,N,45,NULL,98,9807,NULL,,Y,37.52244,37,31.346,NULL,-82.57058,82,34.235,NULL,N,NULL,NULL,NULL,NULL,NULL,NULL,NULL,NULL,5,3,4,6,1,1,2,2,1,3,N,NULL,Y,N,1147,1147,1203,N,NULL,70,,1,N,,N,N,098-US-0023-0,NULL,NULL,2023,O,7.2889E+11,098-US-0023  -000,HIGH,098-US-0023  -000,28.86,0,0,0,1,0,0,1,0,0,0,0,0,0
72882284,KSP0900,23-111222,20230401,1703,,,KY194,,,KY0194,KY0194,0,098 KY-194,KY0194,N,N,NULL,NULL,NULL,N,NULL,NULL,NULL,NULL,NULL,NULL,14.505,NULL,NULL,NULL,NULL,,NULL,0,0,1,1,N,N,55,NULL,98,9801,NULL,,Y,37.58121,37,34.872,NULL,-82.47826,82,28.695,NULL,N,NULL,NULL,NULL,NULL,NULL,NULL,NULL,NULL,9,3,2,3,1,1,7,2,7,3,N,NULL,N,N,1704,1704,1720,N,NULL,44,7,0,N,,N,N,098-KY-0194-0,NULL,NULL,2023,O,7.28823E+11,098-KY-0194  -000,HIGH,098-KY-0194  -000,14.496,0,0,0,0,0,0,0,0,0,0,0,1,0
72810260,980100,2.022E+11,20220919,1549,,,HAMBLEY,,BLVD,,,0,098 CS-1222,CS1222,N,N,NULL,NULL,NULL,N,NULL,NULL,NULL,NULL,NULL,NULL,1.711,NULL,NULL,NULL,NULL,,NULL,0,0,2,2,N,N,35,NULL,98,9801,NULL,,Y,37.48166,37,28.9,NULL,-82.53331,82,31.998,NULL,N,NULL,NULL,NULL,NULL,NULL,NULL,NULL,NULL,1,3,2,6,1,1,2,2,1,3,N,NULL,Y,N,1549,1603,1615,N,NULL,55,,,N,,N,N,098-CS-1222-0,NULL,NULL,2022,O,7.28103E+11,098-CS-1222  -000,HIGH,098-CS-1222  -000,1.711,0,0,1,0,0,0,1,1,0,0,0,0,0
72918184,KSP0900,23-306172,20230628,1011,,,KY199,,,KY0199,KY0199,0,098 KY-199,KY0199,N,N,NULL,NULL,NULL,N,NULL,NULL,NULL,NULL,NULL,NULL,10.295,NULL,NULL,NULL,NULL,,NULL,2,0,1,1,N,N,35,NULL,98,9851,NULL,,Y,37.58785,37,35.271,NULL,-82.27016,82,16.21,NULL,N,NULL,NULL,NULL,NULL,NULL,NULL,NULL,NULL,9,3,2,6,1,1,2,2,7,3,Y,NULL,Y,N,1011,1030,1100,N,NULL,38,7,0,Y,,N,N,098-KY-0199-0,NULL,NULL,2023,B,7.29182E+11,098-KY-0199  -000,HIGH,098-KY-0199  -000,10.295,1,0,0,0,0,0,0,0,0,0,0,1,0
72907166,980100,2.023E+11,20230531,1413,,911,BYPASS,,RD,,,0,098 CS-1223,CS1223,Y,N,NULL,NULL,NULL,N,NULL,NULL,NULL,NULL,NULL,NULL,NULL,NULL,NULL,NULL,NULL,NULL,NULL,0,0,2,2,N,N,15,NULL,98,9801,NULL,,Y,37.47128,37,28.277,NULL,-82.52117,82,31.27,NULL,N,NULL,NULL,NULL,NULL,NULL,NULL,NULL,NULL,1,97,1,6,2,1,2,2,1,3,N,NULL,Y,N,1413,1416,1418,N,NULL,90,,,N,,N,N,098-CS-1223-0,NULL,NULL,2023,O,7.29072E+11,098-CS-1223  -000,HIGH,098-CS-1223  -000,0.136,0,0,0,1,0,0,1,0,0,0,0,0,0
72929132,KSP0900,23-342612,20230730,1258,,10330,ELKHORN,,CRK,KY0197,KY0197,0,098 KY-197,KY0197,Y,N,NULL,NULL,NULL,N,NULL,NULL,NULL,NULL,NULL,NULL,8.926,NULL,NULL,NULL,NULL,,NULL,0,0,2,2,N,N,15,NULL,98,9864,NULL,,Y,37.26641,37,15.985,NULL,-82.44625,82,26.775,NULL,N,NULL,NULL,NULL,NULL,NULL,NULL,NULL,NULL,8,97,1,6,1,1,2,2,5,3,N,NULL,Y,N,1258,1347,1347,N,NULL,90,7,0,Y,,N,N,098-KY-0197-0,NULL,NULL,2023,O,7.29291E+11,098-KY-0197  -000,HIGH,098-KY-0197  -000,8.825,0,0,0,0,0,0,1,0,0,0,0,0,0
72962414,KSP0900,23-429988,20231020,949,,204,CABLE HOLLOW,,CRK,,,0,098 CR-1957,CR1957,N,N,NULL,NULL,NULL,N,NULL,NULL,NULL,NULL,NULL,NULL,0.134,NULL,NULL,NULL,NULL,,NULL,0,0,1,1,Y,N,15,NULL,98,9809,NULL,,Y,37.24759,37,14.855,NULL,-82.56147,82,33.688,NULL,N,NULL,NULL,NULL,NULL,NULL,NULL,NULL,NULL,9,3,1,6,1,5,3,2,7,3,N,NULL,Y,N,949,1048,1048,Y,NULL,40,,,N,,N,N,098-CR-1957-0,NULL,NULL,2023,NULL,7.29624E+11,098-CR-1957  -000,HIGH,098-CR-1957  -000,0.121,0,0,0,0,0,0,0,0,0,0,0,1,0
72941875,980100,2.023E+11,20230901,1311,,,US119,,,US0119,US0119,0,098 US-119,US0119,N,N,NULL,NULL,NULL,N,NULL,NULL,NULL,NULL,NULL,NULL,2.708,NULL,NULL,NULL,NULL,,NULL,0,0,2,2,N,N,55,NULL,98,9801,NULL,,Y,37.51406,37,30.843,NULL,-82.4869,82,29.214,NULL,N,NULL,NULL,NULL,NULL,NULL,NULL,NULL,NULL,5,3,4,4,1,1,2,2,1,3,N,NULL,Y,N,1311,1319,1319,N,NULL,49,2,1,Y,,N,N,098-US-0119-0,NULL,NULL,2023,O,7.29419E+11,098-US-0119  -000,HIGH,098-US-0119  -000,2.707,0,0,0,0,0,0,1,0,0,0,0,0,0
72895768,980100,2.023E+11,20230507,1230,,,CASSIDY,,BLVD,,,0,098 CS-1191,CS1191,Y,N,NULL,NULL,NULL,N,NULL,NULL,NULL,NULL,NULL,NULL,0.29,NULL,NULL,NULL,NULL,,NULL,0,0,2,2,N,N,15,NULL,98,9801,NULL,,Y,37.50436,37,30.262,NULL,-82.53659,82,32.196,NULL,N,NULL,NULL,NULL,NULL,NULL,NULL,NULL,NULL,5,97,NULL,4,1,1,2,2,1,3,N,NULL,Y,N,1230,1231,1232,N,NULL,90,,,N,,N,N,098-CS-1191-0,NULL,NULL,2023,O,7.28958E+11,098-CS-1191  -000,HIGH,098-CS-1191  -000,0.251,0,0,0,0,0,0,1,0,0,0,0,0,0
72873627,KSP0900,23-90251,20230308,1237,,,US460,,,US0460,US0460,0,098 US-460,US0460,N,N,NULL,NULL,NULL,N,NULL,NULL,NULL,NULL,NULL,NULL,2.961,NULL,NULL,NULL,NULL,,NULL,4,0,3,3,N,N,55,NULL,98,9824,NULL,,Y,37.429,37,25.74,NULL,-82.47667,82,28.6,NULL,N,NULL,NULL,NULL,NULL,NULL,NULL,NULL,NULL,5,3,2,6,1,1,2,2,6,3,Y,NULL,Y,Y,1238,1244,1330,N,NULL,70,,1,N,,N,N,098-US-0460-0,NULL,NULL,2023,C,7.28736E+11,098-US-0460  -000,HIGH,098-US-0460  -000,2.96,0,0,0,0,0,0,1,0,0,0,0,0,0
72958986,KSP0900,23-423923,20231014,626,,,KY194,,,KY0194,KY0194,0,098 KY-194,KY0194,N,N,NULL,NULL,NULL,N,NULL,NULL,NULL,NULL,NULL,NULL,23.039,NULL,NULL,NULL,NULL,,NULL,1,0,1,1,N,N,55,NULL,98,9817,NULL,,Y,37.53857,37,32.314,NULL,-82.36865,82,22.119,NULL,N,NULL,NULL,NULL,NULL,NULL,NULL,NULL,NULL,9,5,2,3,1,5,6,6,7,3,Y,NULL,Y,Y,630,658,715,N,NULL,44,6,0,N,,N,N,098-KY-0194-0,NULL,NULL,2023,B,7.2959E+11,098-KY-0194  -000,HIGH,098-KY-0194  -000,22.931,0,0,0,0,0,0,0,0,0,0,0,1,0
72918488,980100,2.023E+11,20230622,935,,,US119,,,US0119,US0119,0,098 US-119,US0119,N,N,NULL,NULL,NULL,N,NULL,NULL,NULL,NULL,NULL,NULL,2.995,NULL,NULL,NULL,NULL,,NULL,3,0,2,2,N,N,55,NULL,98,9801,NULL,,Y,37.51396,37,30.838,NULL,-82.48164,82,28.899,NULL,N,NULL,NULL,NULL,NULL,NULL,NULL,NULL,NULL,1,3,2,6,1,1,2,2,7,3,Y,NULL,Y,Y,936,939,1026,N,NULL,55,2,1,N,,N,N,098-US-0119-0,NULL,NULL,2023,C,7.29185E+11,098-US-0119  -000,HIGH,098-US-0119  -000,2.996,0,0,0,0,0,0,0,0,0,0,0,1,0
72887038,980100,2.023E+11,20230414,1918,,,OWSLEY,,RD,KY1384,KY1384,0,098 KY-1384,KY1384,N,N,NULL,NULL,NULL,N,NULL,NULL,NULL,NULL,NULL,NULL,6.188,NULL,NULL,NULL,NULL,,NULL,0,0,2,2,N,N,35,NULL,98,9801,NULL,,Y,37.47605,37,28.563,NULL,-82.55287,82,33.172,NULL,N,NULL,NULL,NULL,NULL,NULL,NULL,NULL,NULL,5,3,2,6,1,5,6,2,6,3,N,NULL,Y,N,1918,1922,1922,N,NULL,49,17,0,N,,N,N,098-KY-1384-0,NULL,NULL,2023,O,7.2887E+11,098-KY-1384  -000,HIGH,098-KY-1384  -000,6.189,0,0,0,0,0,0,0,0,0,0,0,0,0
72889213,KSP0900,23-143990,20230415,2032,,,KY194,,,KY0194,KY0194,0,098 KY-194,KY0194,N,N,NULL,NULL,NULL,N,NULL,NULL,NULL,NULL,NULL,NULL,24.288,NULL,NULL,NULL,NULL,,NULL,0,0,1,1,N,N,55,NULL,98,9817,10,N,N,37.52511,37,31.506,NULL,-82.36583,82,21.95,NULL,N,NULL,NULL,NULL,NULL,NULL,NULL,NULL,NULL,9,5,2,6,1,1,2,6,7,3,N,NULL,Y,N,2032,2055,2103,N,NULL,51,6,0,N,,N,N,098-KY-0194-0,NULL,NULL,2023,O,7.28892E+11,098-KY-0194  -000,HIGH,098-KY-0194  -000,24.279,0,0,0,0,0,0,1,0,0,0,0,1,0
72904238,KSP0900,23-202315,20230528,957,,,US460,,,US0460,US0460,,,,N,N,NULL,NULL,NULL,N,NULL,NULL,NULL,NULL,NULL,NULL,1.136,NULL,NULL,NULL,NULL,,NULL,0,0,2,2,N,N,45,NULL,98,9824,NULL,,Y,37.42878,37,25.727,NULL,-82.50346,82,30.207,NULL,N,NULL,NULL,NULL,NULL,NULL,NULL,NULL,NULL,5,3,2,6,1,5,6,2,7,3,N,NULL,N,N,957,1022,1041,N,NULL,49,,1,N,,N,N,,NULL,NULL,2023,O,7.29042E+11,098-US-0460  -000,HIGH,098-US-0460  -000,1.136,0,0,0,1,0,0,0,0,0,0,0,0,0
72946466,KSP0900,23-390439,20230912,153,,,HATFIELD,,BR,,,0,098 CR-1094,CR1094,N,N,NULL,NULL,NULL,N,NULL,NULL,NULL,NULL,NULL,NULL,0.202,NULL,NULL,NULL,NULL,,NULL,1,0,1,1,N,N,35,NULL,98,9863,NULL,,Y,37.58548,37,35.129,NULL,-82.19944,82,11.966,NULL,N,NULL,NULL,NULL,NULL,NULL,NULL,NULL,NULL,9,3,2,1,1,5,6,2,7,3,N,NULL,N,N,1530,1550,1630,N,NULL,44,,,N,,N,N,098-CR-1094-0,NULL,NULL,2023,B,7.29465E+11,098-CR-1094  -000,HIGH,098-CR-1094  -000,0.165,0,0,0,0,0,0,0,1,0,0,0,1,0