MasterFile,AgencyORINumber,LocalCode,CollisionDate,CollisionTime,CollisionDayWeekCode,RoadwayName_HouseBusinessNumber_,RoadwayName_RoadwayName_,RoadwayName_Direction_,RoadwayName_RoadwaySuffix_,RoadwayfromReport,CurrentRoadwayNumber,RoadwayNumberCoupletID,RSEUniqueGIS,RoadwayIdentifier,ParkingLotIndicator,IntersectionWith_Indicator_,IntersectionWith_NameRoadway_,IntersectionWith_Direction_,IntersectionWith_RoadwaySuffix_,BetweenStreets_Indicator_,BetweenStreets1_NameRoadway_,BetweenStreet1_Direction_,BetweenStreets1_RoadwaySuffix_,BetweenStreets2_NameRoadway_,BetweenStreets2_Direction_,BetweenStreets2_RoadwaySuffix_,Milepoint,ReportMilepointDeriveNumber,CurrentDerivedMiepointNumber,MilestoMilepoint,FeettoMilepoint,DirectionfromMilepoint_NSEW_,ValidMilepointIndicator,NumberInjured,NumberKilled,ofUnits,ofMotorVehicleUnits,Hit&RunIndicator,OneWayIndicator,SpeedLimitNumber,KilometersIndicator,CountyCode,CityCountyCode,MilesFromCity,DirectionFromCity_NSEW_,InCityLimitsIndicator,Latitude,LatitudeDegrees,LatitudeMinutes,LatitudeSeconds,Longitude,LongitudeDegrees,LongitudeMinutes,LongitudeSeconds,RampIndicator,RampFromIdentifier,RampFromDirCode,RampFromCoupletID,RSEUniqueGISRampFrom,RampToidentifier,RampToDirCode,RampToCoupletID,RSEUniqueGisRampTo,MannerofCollisionCode,LocationFirstEventCode,TotalLanes,RoadwayCharacterCode,RoadwaySurfaceCode,RoadwayConditionCode,WeatherCode,LightConditionCode,LandUseCode,SchoolBusRelatedCode,FirstAidSceneIndicator,CollDescPresentInd,InvestigationCompleteIndicator,PhotosTakenIndicator,TimeNotified,TimeArrived,TimeRoadwayOpened,PropertyDamageIndicator,DiagramPresentIndicator,DirectionalAnalysis,FunctionClassCode,NationalHwySysCode,EnforcementsIndicator,KARSCityCode,SecondaryCollisionIndicator,MedianCrossoverIndicator,RT_UNIQUE,MapIt,TimeLastLeft,YR,KABCO,MFNY,WorkingRID,RT_CONFIDENCE,KTC_RT,KTC_MP,Motorcyclist,CommercialVehicle,YoungDriver,MatureDriver,pedestrian,Bicyclist,Distracted,agressive,Impaired,Unrestrained,Intersection,RoadwayDeparture,MedXover
72807415,980500,2022AR042,20220920,1029,,255,CHURCH STREET,,,,,,,,Y,N,NULL,NULL,NULL,N,NULL,NULL,NULL,NULL,NULL,NULL,NULL,NULL,NULL,NULL,NULL,NULL,NULL,0,0,2,2,N,N,15,NULL,98,9807,NULL,,Y,37.51744,37,31.046,NULL,-82.56648,82,33.989,NULL,N,NULL,NULL,NULL,NULL,NULL,NULL,NULL,NULL,2,97,2,6,1,1,2,2,1,3,N,NULL,Y,Y,1029,1031,1055,N,NULL,90,,,N,,N,N,,NULL,NULL,2022,O,7.28074E+11,098-CS-3002  -000,MEDIUM,098-CS-3002  -000,0.234,0,0,0,0,0,0,0,0,0,0,0,0,0
72874928,KSP0900,23-96837,20230313,1054,,,RATLIFF,,HOLW,,,0,098 PR-1208,PR1208,N,N,NULL,NULL,NULL,N,NULL,NULL,NULL,NULL,NULL,NULL,0.004,NULL,NULL,NULL,NULL,,NULL,1,0,1,1,N,N,45,NULL,98,9830,NULL,,Y,37.34226,37,20.535,NULL,-82.42645,82,25.587,NULL,N,NULL,NULL,NULL,NULL,NULL,NULL,NULL,NULL,9,3,2,3,3,5,6,2,6,3,Y,NULL,Y,Y,1054,1058,1130,N,NULL,70,,,N,,N,N,098-PR-1208-0,NULL,NULL,2023,C,7.28749E+11,098-PR-1208  -000,HIGH,098-PR-1208  -000,0.003,0,0,0,0,0,0,0,0,0,0,0,1,0
72856381,KSP0900,23-19369,20230115,1950,,,ELKHORN,,CRK,KY0197,KY0197,0,098 KY-197,KY0197,N,N,NULL,NULL,NULL,N,NULL,NULL,NULL,NULL,NULL,NULL,11.366,NULL,NULL,NULL,NULL,,NULL,1,0,1,1,N,N,55,NULL,98,9802,NULL,,Y,37.26973,37,16.184,NULL,-82.4126,82,24.756,NULL,N,NULL,NULL,NULL,NULL,NULL,NULL,NULL,NULL,9,3,2,3,1,1,2,4,7,3,N,NULL,Y,Y,1950,2020,2048,N,NULL,40,7,0,Y,,N,N,098-KY-0197-0,NULL,NULL,2023,B,7.28564E+11,098-KY-0197  -000,HIGH,098-KY-0197  -000,11.387,0,0,0,0,0,0,0,0,1,0,0,1,0
72870756,KSP0900,23-71463,20230224,622,,,US460,,,US0460,US0460,,,,N,N,NULL,NULL,NULL,N,NULL,NULL,NULL,NULL,NULL,NULL,2.79,NULL,NULL,NULL,NULL,,NULL,0,0,2,2,N,N,55,NULL,98,9801,NULL,,Y,37.43047,37,25.828,NULL,-82.47916,82,28.749,NULL,N,NULL,NULL,NULL,NULL,NULL,NULL,NULL,NULL,7,3,2,6,1,1,2,6,7,3,N,NULL,Y,N,622,629,730,N,NULL,54,,1,N,,N,N,,NULL,NULL,2023,O,7.28708E+11,098-US-0460  -000,HIGH,098-US-0460  -000,2.79,0,0,0,0,0,0,0,0,0,0,0,1,0
72880624,980100,2.023E+11,20230326,2130,,,HAROLDS BRANCH,,RD,,,0,098 CS-1223,CS1223,Y,N,NULL,NULL,NULL,N,NULL,NULL,NULL,NULL,NULL,NULL,0.028,NULL,NULL,NULL,NULL,,NULL,0,0,2,2,N,N,10,NULL,98,9801,NULL,,Y,37.47241,37,28.344,NULL,-82.52271,82,31.362,NULL,N,NULL,NULL,NULL,NULL,NULL,NULL,NULL,NULL,2,97,NULL,4,1,1,2,2,1,3,N,NULL,Y,N,2130,2135,2135,N,NULL,90,,,N,,N,N,098-CS-1223-0,NULL,NULL,2023,O,7.28806E+11,098-CS-1223  -000,HIGH,098-CS-1223  -000,0.026,0,0,0,0,0,0,1,0,0,0,0,0,0
72885193,980000,2304001,20230410,1100,,275,SOUTHSIDE MALL ROAD,,,,,,,,Y,N,NULL,NULL,NULL,N,NULL,NULL,NULL,NULL,NULL,NULL,NULL,NULL,NULL,NULL,NULL,NULL,NULL,0,0,2,2,N,N,15,NULL,98,9812,3,N,N,37.65463,37,39.278,NULL,-82.27396,82,16.438,NULL,N,NULL,NULL,NULL,NULL,NULL,NULL,NULL,NULL,2,97,2,6,1,1,2,2,1,3,N,NULL,N,Y,1105,1110,1200,N,NULL,90,,,N,,N,N,,NULL,NULL,2023,O,7.28852E+11,098-PR-1010  -000,MEDIUM,098-PR-1010  -000,0.305,0,0,0,0,0,0,1,0,0,0,0,0,0
72858568,KSP0900,23-11350,20230109,1627,,,,,,US0119,US0119,,,,N,N,NULL,NULL,NULL,N,NULL,NULL,NULL,NULL,NULL,NULL,0.026,NULL,NULL,NULL,NULL,NULL,NULL,1,2,2,2,N,N,55,NULL,98,9820,NULL,,Y,37.562,37,33.72,NULL,-82.42115,82,25.269,NULL,N,NULL,NULL,NULL,NULL,NULL,NULL,NULL,NULL,4,3,2,6,1,1,2,2,7,3,Y,NULL,N,Y,1627,1644,1833,N,NULL,70,2,1,N,,N,N,,NULL,NULL,2023,K,7.28586E+11,098-US-0119  -231,MEDIUM,098-US-0119  -231,0,0,1,0,1,0,0,1,1,0,1,0,0,0
72926642,980500,2023AR035,20230726,1622,,,US 23 SOUTH,,,,,,,,N,N,NULL,NULL,NULL,N,NULL,NULL,NULL,NULL,NULL,NULL,NULL,NULL,NULL,NULL,NULL,NULL,NULL,0,0,2,2,N,N,45,NULL,98,9807,NULL,,Y,37.52244,37,31.346,NULL,-82.57069,82,34.241,NULL,N,NULL,NULL,NULL,NULL,NULL,NULL,NULL,NULL,5,3,6,6,1,1,2,2,7,3,N,NULL,Y,Y,1644,1644,1700,N,NULL,49,,,Y,,N,N,,NULL,NULL,2023,O,7.29266E+11,098-CS-3026  -030,MEDIUM,098-CS-3026  -030,0.006,1,0,0,0,0,0,1,1,0,0,0,0,0
72924243,KSP0900,23-313220,20230704,1245,,,KY1056,,,KY1056,KY1056,0,098 KY-1056,KY1056,Y,N,NULL,NULL,NULL,N,NULL,NULL,NULL,NULL,NULL,NULL,11.544,NULL,NULL,NULL,NULL,,NULL,0,0,2,2,N,N,35,NULL,98,9863,NULL,,Y,37.62004,37,37.203,NULL,-82.16768,82,10.061,NULL,N,NULL,NULL,NULL,NULL,NULL,NULL,NULL,NULL,3,97,2,6,1,1,2,2,7,3,N,NULL,Y,N,1240,1315,1330,N,NULL,90,7,0,N,,N,N,098-KY-1056-0,NULL,NULL,2023,O,7.29242E+11,098-KY-1056  -000,HIGH,098-KY-1056  -000,11.586,0,0,0,0,0,0,1,0,0,0,0,0,0
72906400,KSP0900,23-208705,20230602,530,,,BIG CREEK,,RD,KY0468,KY0468,0,098 KY-468,KY0468,N,N,NULL,NULL,NULL,N,NULL,NULL,NULL,NULL,NULL,NULL,2.077,NULL,NULL,NULL,NULL,,NULL,0,0,1,1,N,N,55,NULL,98,9843,NULL,,Y,37.64426,37,38.656,NULL,-82.35606,82,21.364,NULL,N,NULL,NULL,NULL,NULL,NULL,NULL,NULL,NULL,9,3,2,3,1,1,2,1,7,3,N,NULL,N,N,530,620,620,N,NULL,38,8,0,N,,N,N,098-KY-0468-0,NULL,NULL,2023,O,7.29064E+11,098-KY-0468  -000,HIGH,098-KY-0468  -000,2.081,0,0,0,0,0,0,0,0,0,0,0,0,0
72845728,KSP0900,22-487490,20221222,1513,,,CEDAR HILLS,,RD,KY1426,KY1426,0,098 KY-1426,KY1426,N,N,NULL,NULL,NULL,N,NULL,NULL,NULL,NULL,NULL,NULL,4.008,NULL,NULL,NULL,NULL,,NULL,0,0,1,1,N,N,55,NULL,98,9801,NULL,,Y,37.45465,37,27.279,NULL,-82.53085,82,31.851,NULL,N,NULL,NULL,NULL,NULL,NULL,NULL,NULL,NULL,9,5,2,3,1,1,3,2,7,3,N,NULL,N,N,1513,1543,1543,N,NULL,40,8,0,N,,N,N,098-KY-1426-0,NULL,NULL,2022,O,7.28457E+11,098-KY-1426  -000,HIGH,098-KY-1426  -000,4.008,0,0,0,0,0,0,1,0,0,0,0,1,0
72944980,980100,2.023E+11,20230906,1723,,,BANK,,ST,,,0,098 CS-1106,CS1106,Y,N,NULL,NULL,NULL,N,NULL,NULL,NULL,NULL,NULL,NULL,0.011,NULL,NULL,NULL,NULL,,NULL,0,0,2,2,N,N,NULL,NULL,98,9801,NULL,,Y,37.47549,37,28.529,NULL,-82.52159,82,31.296,NULL,N,NULL,NULL,NULL,NULL,NULL,NULL,NULL,NULL,2,97,NULL,5,1,1,2,2,5,3,N,NULL,Y,N,1724,1726,1726,N,NULL,90,,,N,,N,N,098-CS-1106-0,NULL,NULL,2023,O,7.2945E+11,098-CS-1106  -000,HIGH,098-CS-1106  -000,0.011,0,0,1,0,0,0,0,0,0,0,0,0,0
72841337,KSP0900,22-456423,20221128,2112,,,US119,,,US0119,US0119,0,098 US-119,US0119,N,N,NULL,NULL,NULL,N,NULL,NULL,NULL,NULL,NULL,NULL,9.413,NULL,NULL,NULL,NULL,,NULL,0,0,1,1,N,N,55,NULL,98,9820,NULL,,Y,37.5769,37,34.614,NULL,-82.41363,82,24.818,NULL,N,NULL,NULL,NULL,NULL,NULL,NULL,NULL,NULL,9,3,2,6,1,1,2,6,3,3,N,NULL,N,N,2112,2130,2130,N,NULL,38,2,1,N,,N,N,098-US-0119-0,NULL,NULL,2022,O,7.28413E+11,098-US-0119  -000,HIGH,098-US-0119  -000,9.413,0,0,0,0,0,0,0,0,0,0,0,0,0
72911111,KSP0900,2023-220228,20230609,2343,,,US23,,,US0023,US0023,0,098 US-23-10,US0023,N,N,NULL,NULL,NULL,N,NULL,NULL,NULL,NULL,NULL,NULL,30.485,NULL,NULL,NULL,NULL,,NULL,0,0,1,1,N,N,55,NULL,98,9801,NULL,,Y,37.54229,37,32.537,NULL,-82.58478,82,35.087,NULL,N,NULL,NULL,NULL,NULL,NULL,NULL,NULL,NULL,9,3,4,3,1,1,3,5,7,3,N,NULL,Y,N,2343,2343,,N,NULL,38,,1,N,,N,N,098-US-0023-10,NULL,NULL,2023,O,7.29111E+11,098-US-0023  -010,HIGH,098-US-0023  -000,30.456,0,0,0,0,0,0,0,0,0,0,0,0,0
72884186,980100,2.023E+11,20230406,920,,,KY3496,,,KY3496,KY3496,0,098 KY-3496,KY3496,N,N,NULL,NULL,NULL,N,NULL,NULL,NULL,NULL,NULL,NULL,0.917,NULL,NULL,NULL,NULL,,NULL,0,0,2,2,N,N,35,NULL,98,9801,NULL,,Y,37.47243,37,28.346,NULL,-82.52689,82,31.614,NULL,N,NULL,NULL,NULL,NULL,NULL,NULL,NULL,NULL,1,3,2,6,1,1,3,2,7,3,N,NULL,Y,N,920,931,932,N,NULL,55,16,0,N,,N,N,098-KY-3496-0,NULL,NULL,2023,O,7.28842E+11,098-KY-3496  -000,HIGH,098-KY-3496  -000,0.946,0,0,0,0,0,0,1,0,0,0,0,0,0
72937265,KSP0900,23-360227,20230816,325,,,US119,N,,US0119,US0119,0,098 US-119,US0119,N,N,NULL,NULL,NULL,N,NULL,NULL,NULL,NULL,NULL,NULL,11.933,NULL,NULL,NULL,NULL,,NULL,0,0,1,1,N,N,55,NULL,98,9833,NULL,,Y,37.59472,37,35.683,NULL,-82.3746,82,22.476,NULL,N,NULL,NULL,NULL,NULL,NULL,NULL,NULL,NULL,9,3,2,5,1,1,2,7,7,3,N,NULL,N,N,325,340,340,N,NULL,38,2,1,N,,N,N,098-US-0119-0,NULL,NULL,2023,O,7.29373E+11,098-US-0119  -000,HIGH,098-US-0119  -000,11.925,0,0,0,0,0,0,0,0,0,0,0,0,0
72829343,KSP0900,22-421445,20221102,1230,,,US119,,,US0119,US0119,0,098 US-119,US0119,N,N,NULL,NULL,NULL,N,NULL,NULL,NULL,NULL,NULL,NULL,23.048,NULL,NULL,NULL,NULL,,NULL,0,0,2,2,N,N,55,NULL,98,9836,NULL,,Y,37.64342,37,38.605,NULL,-82.26449,82,15.869,NULL,N,NULL,NULL,NULL,NULL,NULL,NULL,NULL,NULL,1,3,2,3,1,1,3,2,7,3,N,NULL,N,N,1232,1236,1400,N,NULL,55,2,1,N,,N,N,098-US-0119-0,NULL,NULL,2022,O,7.28293E+11,098-US-0119  -000,HIGH,098-US-0119  -000,23.048,0,0,0,1,0,0,1,0,0,0,0,0,0
72833123,980100,2.022E+11,20221121,308,,411,RAYS,,BR,,,0,098 CR-1294,CR1294,N,N,NULL,NULL,NULL,N,NULL,NULL,NULL,NULL,NULL,NULL,0.56,NULL,NULL,NULL,NULL,,NULL,0,0,3,3,N,N,35,NULL,98,9801,NULL,,Y,37.43406,37,26.043,NULL,-82.58817,82,35.29,NULL,N,NULL,NULL,NULL,NULL,NULL,NULL,NULL,NULL,1,97,1,4,3,8,3,6,6,3,N,NULL,N,N,308,308,,N,NULL,47,,,Y,,N,N,098-CR-1294-0,NULL,NULL,2022,O,7.28331E+11,098-CR-1294  -000,HIGH,098-CR-1294  -000,0.56,0,0,0,0,0,0,0,0,0,1,0,0,0
72902605,KSP0900,23-130234,20230406,615,,,KY194,,,KY0194,KY0194,0,098 KY-194,KY0194,N,N,NULL,NULL,NULL,N,NULL,NULL,NULL,NULL,NULL,NULL,16.319,NULL,NULL,NULL,NULL,,NULL,0,0,1,1,N,N,55,NULL,98,9887,NULL,,Y,37.56368,37,33.821,NULL,-82.46428,82,27.857,NULL,N,NULL,NULL,NULL,NULL,NULL,NULL,NULL,NULL,9,3,2,6,1,1,3,6,7,3,N,NULL,Y,N,620,655,615,N,NULL,38,7,0,N,,N,N,098-KY-0194-0,NULL,NULL,2023,O,7.29026E+11,098-KY-0194  -000,HIGH,098-KY-0194  -000,16.318,0,0,1,0,0,0,0,0,0,0,0,0,0
72941633,980100,2.023E+11,20230902,2120,,,US23,,,US0023,US0023,0,098 US-23-10,US0023,N,N,NULL,NULL,NULL,N,NULL,NULL,NULL,NULL,NULL,NULL,18.561,NULL,NULL,NULL,NULL,,NULL,1,0,3,3,Y,N,55,NULL,98,9801,NULL,,Y,37.43639,37,26.183,NULL,-82.5118,82,30.707,NULL,N,NULL,NULL,NULL,NULL,NULL,NULL,NULL,NULL,5,3,4,6,1,1,2,6,7,3,Y,NULL,N,Y,2120,2126,2218,N,NULL,47,,1,N,,N,N,098-US-0023-10,NULL,NULL,2023,C,7.29416E+11,098-US-0023  -010,HIGH,098-US-0023  -000,18.549,0,0,1,0,0,0,1,0,0,0,0,1,0
72811756,KSP0900,22-371768,20220925,1151,,,PENNY,,HWY,KY3501,KY3501,0,098 KY-3501,KY3501,N,N,NULL,NULL,NULL,N,NULL,NULL,NULL,NULL,NULL,NULL,0.154,NULL,NULL,NULL,NULL,,NULL,1,0,2,2,N,N,55,NULL,98,9827,NULL,,Y,37.35658,37,21.395,NULL,-82.57309,82,34.385,NULL,N,NULL,NULL,NULL,NULL,NULL,NULL,NULL,NULL,3,97,2,6,1,5,6,2,7,3,N,NULL,Y,Y,1151,1210,1210,Y,NULL,47,9,0,Y,,N,N,098-KY-3501-0,NULL,NULL,2022,B,7.28118E+11,098-KY-3501  -000,HIGH,098-KY-3501  -000,0.154,0,0,0,0,0,0,0,0,1,0,0,0,0
72864644,980100,2.023E+11,20230210,1338,,,CASSIDY,,BLVD,,,0,098 CS-1191,CS1191,Y,N,NULL,NULL,NULL,N,NULL,NULL,NULL,NULL,NULL,NULL,0.049,NULL,NULL,NULL,NULL,,NULL,0,0,2,2,N,N,NULL,NULL,98,9801,NULL,,Y,37.50369,37,30.221,NULL,-82.53296,82,31.977,NULL,N,NULL,NULL,NULL,NULL,NULL,NULL,NULL,NULL,5,97,1,6,1,1,2,2,1,3,N,NULL,Y,N,1338,1345,1348,N,NULL,90,,,N,,N,N,098-CS-1191-0,NULL,NULL,2023,O,7.28646E+11,098-CS-1191  -000,HIGH,098-CS-1191  -000,0.046,0,0,0,0,0,0,1,0,0,0,0,0,0
72842397,KSP0900,22-477185,20221214,2047,,,GRAPEVINE,,RD,KY0194,KY0194,0,098 KY-194,KY0194,N,N,NULL,NULL,NULL,N,NULL,NULL,NULL,NULL,NULL,NULL,31.565,NULL,NULL,NULL,NULL,,NULL,0,0,1,1,N,N,45,NULL,98,9817,NULL,,Y,37.43375,37,26.025,NULL,-82.35969,82,21.581,NULL,N,NULL,NULL,NULL,NULL,NULL,NULL,NULL,NULL,9,3,2,2,1,5,6,6,7,3,Y,NULL,N,N,2047,2145,2145,N,NULL,40,7,0,N,,N,N,098-KY-0194-0,NULL,NULL,2022,O,7.28424E+11,098-KY-0194  -000,HIGH,098-KY-0194  -000,31.565,0,0,0,1,0,0,0,0,0,0,0,1,0
72864525,KSP0900,23-55089,20230212,1213,,,SHELBIANA,E,RD,US0460,US0460,,,,N,N,NULL,NULL,NULL,N,NULL,NULL,NULL,NULL,NULL,NULL,3.364,NULL,NULL,NULL,NULL,,NULL,0,0,1,1,N,N,45,NULL,98,9801,NULL,,Y,37.42516,37,25.51,NULL,-82.47124,82,28.275,NULL,N,NULL,NULL,NULL,NULL,NULL,NULL,NULL,NULL,9,3,2,6,1,5,6,2,7,3,N,NULL,Y,N,1213,1217,1217,N,NULL,44,,1,N,,N,N,,NULL,NULL,2023,O,7.28645E+11,098-US-0460  -000,HIGH,098-US-0460  -000,3.361,0,0,0,0,0,0,0,0,0,0,0,1,0
72818564,KSP0900,22-403180,20221019,1546,,,MAYO,N,TRL,,,,,,N,N,NULL,NULL,NULL,N,NULL,NULL,NULL,NULL,NULL,NULL,0.016,NULL,NULL,NULL,NULL,,NULL,0,0,2,2,N,N,35,NULL,98,9801,NULL,,Y,37.49473,37,29.684,NULL,-82.53253,82,31.952,NULL,N,NULL,NULL,NULL,NULL,NULL,NULL,NULL,NULL,5,3,2,6,1,1,2,2,6,3,N,NULL,N,N,1546,1636,1700,N,NULL,49,,,N,,N,N,,NULL,NULL,2022,O,7.28186E+11,098-PR-1326  -000,MEDIUM,098-PR-1326  -000,0.016,0,0,0,0,0,0,0,0,0,0,0,0,0
72884185,980100,2.023E+11,20230405,947,,117,BAIRD,,AVE,KY1426,KY1426,0,098 KY-1426,KY1426,Y,N,NULL,NULL,NULL,N,NULL,NULL,NULL,NULL,NULL,NULL,5.394,NULL,NULL,NULL,NULL,,NULL,0,0,2,2,N,N,NULL,NULL,98,9801,NULL,,Y,37.47329,37,28.397,NULL,-82.52712,82,31.627,NULL,N,NULL,NULL,NULL,NULL,NULL,NULL,NULL,NULL,5,97,2,6,1,1,2,2,1,3,N,NULL,Y,N,948,952,953,N,NULL,90,,0,N,,N,N,098-KY-1426-0,NULL,NULL,2023,O,7.28842E+11,098-KY-1426  -000,HIGH,098-KY-1426  -000,5.395,0,0,0,1,0,0,0,0,0,0,0,0,0
72934818,KSP0900,23-360257,20230816,658,,,KY3174,,,KY3174,KY3174,0,098 KY-3174,KY3174,N,N,NULL,NULL,NULL,N,NULL,NULL,NULL,NULL,NULL,NULL,4.125,NULL,NULL,NULL,NULL,,NULL,0,0,1,1,N,N,55,NULL,98,9801,NULL,,Y,37.36889,37,22.133,NULL,-82.47248,82,28.349,NULL,N,NULL,NULL,NULL,NULL,NULL,NULL,NULL,NULL,9,3,4,4,1,1,2,2,2,3,N,NULL,Y,N,701,705,730,N,NULL,38,,0,N,,N,N,098-KY-3174-0,NULL,NULL,2023,O,7.29348E+11,098-KY-3174  -000,HIGH,098-KY-3174  -000,4.152,0,0,0,0,0,0,0,0,0,0,0,0,0
72888682,KSP0900,23-142632,20230414,2050,,,ZEBULON,,HWY,KY1426,KY1426,0,098 KY-1426,KY1426,N,N,NULL,NULL,NULL,N,NULL,NULL,NULL,NULL,NULL,NULL,14.846,NULL,NULL,NULL,NULL,,NULL,0,0,1,1,N,N,35,NULL,98,9887,NULL,,Y,37.56589,37,33.953,NULL,-82.45967,82,27.58,NULL,N,NULL,NULL,NULL,NULL,NULL,NULL,NULL,NULL,9,3,2,3,1,5,2,6,7,3,N,NULL,N,N,2250,2250,2250,N,NULL,40,7,0,N,,N,N,098-KY-1426-0,NULL,NULL,2023,O,7.28887E+11,098-KY-1426  -000,HIGH,098-KY-1426  -000,14.847,0,0,1,0,0,0,0,0,0,0,0,1,0
72888832,KSP0900,23-148455,20230419,815,,,US23 CONNECTOR TO KY122,,,US0023,US0023,0,098 US-23-70,US0023,N,N,NULL,NULL,NULL,N,NULL,NULL,NULL,NULL,NULL,NULL,0.008,NULL,NULL,NULL,NULL,,NULL,0,0,2,2,N,N,55,NULL,98,9824,NULL,,Y,37.38915,37,23.349,NULL,-82.53645,82,32.187,NULL,N,NULL,NULL,NULL,NULL,NULL,NULL,NULL,NULL,5,3,4,2,1,1,2,2,7,3,N,NULL,Y,N,818,848,848,N,NULL,49,,1,N,,N,N,098-US-0023-70,NULL,NULL,2023,O,7.28888E+11,098-US-0023  -070,HIGH,098-US-0023  -070,0.006,0,0,0,0,0,0,1,0,0,0,0,0,0
72813587,980100,2.022E+11,20221005,1634,,,MAYO,N,TRL,US0023,US0023,0,098 US-23,US0023,N,N,NULL,NULL,NULL,N,NULL,NULL,NULL,NULL,NULL,NULL,27.163,NULL,NULL,NULL,NULL,,NULL,0,0,2,2,N,N,55,NULL,98,9801,NULL,,Y,37.51045,37,30.627,NULL,-82.5445,82,32.67,NULL,N,NULL,NULL,NULL,NULL,NULL,NULL,NULL,NULL,5,3,4,6,1,1,2,2,2,3,N,NULL,Y,N,1634,1645,1647,N,NULL,70,,1,N,,N,N,098-US-0023-0,NULL,NULL,2022,O,7.28136E+11,098-US-0023  -000,HIGH,098-US-0023  -000,27.163,0,0,0,0,0,0,1,0,0,0,0,0,0
72949064,980000,23-09-001,20230912,2025,,,US23,,,US0023,US0023,0,098 US-23-10,US0023,N,N,NULL,NULL,NULL,N,NULL,NULL,NULL,NULL,NULL,NULL,29.181,NULL,NULL,NULL,NULL,,NULL,1,0,2,2,N,N,45,NULL,98,9807,NULL,,Y,37.52606,37,31.564,NULL,-82.57373,82,34.424,NULL,N,NULL,NULL,NULL,NULL,NULL,NULL,NULL,NULL,5,3,6,6,1,5,6,6,7,3,N,NULL,Y,N,2020,2025,2026,N,NULL,70,,1,N,,N,N,098-US-0023-10,NULL,NULL,2023,B,7.29491E+11,098-US-0023  -010,HIGH,098-US-0023  -000,29.164,0,0,0,0,0,0,1,0,0,0,0,0,0
72916578,980100,2.023E+11,20230623,1905,,,US23,,,US0023,US0023,,,,N,N,NULL,NULL,NULL,N,NULL,NULL,NULL,NULL,NULL,NULL,26.834,NULL,NULL,NULL,NULL,,NULL,0,0,1,1,N,N,55,NULL,98,9801,NULL,,Y,37.50942,37,30.565,NULL,-82.53831,82,32.299,NULL,N,NULL,NULL,NULL,NULL,NULL,NULL,NULL,NULL,9,3,4,6,1,5,6,2,7,3,N,NULL,Y,N,1905,1912,1912,N,NULL,40,,1,N,,N,N,,NULL,NULL,2023,O,7.29166E+11,098-US-0023  -000,MEDIUM,098-US-0023  -000,26.777,0,0,0,0,0,0,0,0,0,0,0,1,0
72937290,980100,2.023E+11,20230821,1201,,120,JUSTICE WAY,,RD,,,0,098 CS-1215,CS1215,Y,N,NULL,NULL,NULL,N,NULL,NULL,NULL,NULL,NULL,NULL,NULL,NULL,NULL,NULL,NULL,NULL,NULL,0,0,2,2,N,N,NULL,NULL,98,9801,NULL,,Y,37.50715,37,30.429,NULL,-82.54703,82,32.821,NULL,N,NULL,NULL,NULL,NULL,NULL,NULL,NULL,NULL,2,97,1,6,1,1,2,2,1,3,N,NULL,Y,N,1201,1216,1217,N,NULL,90,,,N,,N,N,098-CS-1215-0,NULL,NULL,2023,O,7.29373E+11,098-CS-1215  -000,HIGH,098-CS-1215  -000,0.309,0,0,0,1,0,0,0,0,0,0,0,0,0
72842890,KSP0900,22-466520,20221206,1904,,,DIX,,FRK,,,0,098 CR-1538,CR1538,N,N,NULL,NULL,NULL,N,NULL,NULL,NULL,NULL,NULL,NULL,0.663,NULL,NULL,NULL,NULL,,NULL,1,0,1,1,N,N,15,NULL,98,9833,NULL,,Y,37.6049,37,36.294,NULL,-82.34518,82,20.711,NULL,N,NULL,NULL,NULL,NULL,NULL,NULL,NULL,NULL,9,3,2,3,1,5,6,6,7,3,Y,NULL,Y,Y,1948,2031,2031,N,NULL,44,,,N,,N,N,098-CR-1538-0,NULL,NULL,2022,C,7.28429E+11,098-CR-1538  -000,HIGH,098-CR-1538  -000,0.663,0,0,0,1,0,0,0,0,0,0,0,1,0
72919940,KSP0900,23-318130,20230708,1622,,,CHLOE,,RD,KY1460,KY1460,,,,N,N,NULL,NULL,NULL,N,NULL,NULL,NULL,NULL,NULL,NULL,1.898,NULL,NULL,NULL,NULL,,NULL,0,0,1,1,N,N,55,NULL,98,9824,NULL,,Y,37.4571,37,27.426,NULL,-82.47845,82,28.707,NULL,N,NULL,NULL,NULL,NULL,NULL,NULL,NULL,NULL,9,3,2,3,1,1,3,2,7,3,N,NULL,N,N,1622,1633,1640,N,NULL,70,,0,N,,N,N,,NULL,NULL,2023,O,7.29199E+11,098-KY-1460  -000,HIGH,098-KY-1460  -000,1.888,0,0,0,0,0,0,0,0,1,0,0,1,0
72898384,980100,2.023E+11,20230513,2115,,,US460,,,US0460,US0460,0,098 US-460,US0460,N,N,NULL,NULL,NULL,N,NULL,NULL,NULL,NULL,NULL,NULL,0.407,NULL,NULL,NULL,NULL,,NULL,0,0,1,1,N,N,55,NULL,98,9801,NULL,,Y,37.43695,37,26.217,NULL,-82.51125,82,30.675,NULL,N,NULL,NULL,NULL,NULL,NULL,NULL,NULL,NULL,9,3,2,3,1,5,6,6,1,3,N,NULL,Y,N,2115,2120,2120,N,NULL,40,,1,N,,N,N,098-US-0460-0,NULL,NULL,2023,O,7.28984E+11,098-US-0460  -000,HIGH,098-US-0460  -000,0.407,0,0,0,0,0,0,1,0,0,0,0,1,0