MasterFile,AgencyORINumber,LocalCode,CollisionDate,CollisionTime,CollisionDayWeekCode,RoadwayName_HouseBusinessNumber_,RoadwayName_RoadwayName_,RoadwayName_Direction_,RoadwayName_RoadwaySuffix_,RoadwayfromReport,CurrentRoadwayNumber,RoadwayNumberCoupletID,RSEUniqueGIS,RoadwayIdentifier,ParkingLotIndicator,IntersectionWith_Indicator_,IntersectionWith_NameRoadway_,IntersectionWith_Direction_,IntersectionWith_RoadwaySuffix_,BetweenStreets_Indicator_,BetweenStreets1_NameRoadway_,BetweenStreet1_Direction_,BetweenStreets1_RoadwaySuffix_,BetweenStreets2_NameRoadway_,BetweenStreets2_Direction_,BetweenStreets2_RoadwaySuffix_,Milepoint,ReportMilepointDeriveNumber,CurrentDerivedMiepointNumber,MilestoMilepoint,FeettoMilepoint,DirectionfromMilepoint_NSEW_,ValidMilepointIndicator,NumberInjured,NumberKilled,ofUnits,ofMotorVehicleUnits,Hit&RunIndicator,OneWayIndicator,SpeedLimitNumber,KilometersIndicator,CountyCode,CityCountyCode,MilesFromCity,DirectionFromCity_NSEW_,InCityLimitsIndicator,Latitude,LatitudeDegrees,LatitudeMinutes,LatitudeSeconds,Longitude,LongitudeDegrees,LongitudeMinutes,LongitudeSeconds,RampIndicator,RampFromIdentifier,RampFromDirCode,RampFromCoupletID,RSEUniqueGISRampFrom,RampToidentifier,RampToDirCode,RampToCoupletID,RSEUniqueGisRampTo,MannerofCollisionCode,LocationFirstEventCode,TotalLanes,RoadwayCharacterCode,RoadwaySurfaceCode,RoadwayConditionCode,WeatherCode,LightConditionCode,LandUseCode,SchoolBusRelatedCode,FirstAidSceneIndicator,CollDescPresentInd,InvestigationCompleteIndicator,PhotosTakenIndicator,TimeNotified,TimeArrived,TimeRoadwayOpened,PropertyDamageIndicator,DiagramPresentIndicator,DirectionalAnalysis,FunctionClassCode,NationalHwySysCode,EnforcementsIndicator,KARSCityCode,SecondaryCollisionIndicator,MedianCrossoverIndicator,RT_UNIQUE,MapIt,TimeLastLeft,YR,KABCO,MFNY,WorkingRID,RT_CONFIDENCE,KTC_RT,KTC_MP,Motorcyclist,CommercialVehicle,YoungDriver,MatureDriver,pedestrian,Bicyclist,Distracted,agressive,Impaired,Unrestrained,Intersection,RoadwayDeparture,MedXover
72941309,KSP0900,23-378632,20230901,2039,,,KY3174,,,KY3174,KY3174,0,098 KY-3174-10,KY3174,N,N,NULL,NULL,NULL,N,NULL,NULL,NULL,NULL,NULL,NULL,2.895,NULL,NULL,NULL,NULL,,NULL,0,0,1,1,N,N,55,NULL,98,9801,NULL,,Y,37.37969,37,22.781,NULL,-82.48791,82,29.275,NULL,N,NULL,NULL,NULL,NULL,NULL,NULL,NULL,NULL,9,3,4,4,1,1,2,6,7,3,N,NULL,Y,N,2040,2100,2135,N,NULL,38,,0,N,,N,N,098-KY-3174-10,NULL,NULL,2023,O,7.29413E+11,098-KY-3174  -010,HIGH,098-KY-3174  -000,2.916,0,0,0,0,0,0,0,0,0,0,0,0,0
72932992,KSP0900,23-347755,20230804,1305,,,FERRELLS CREEK,,RD,US0460,US0460,0,098 US-460,US0460,N,N,NULL,NULL,NULL,N,NULL,NULL,NULL,NULL,NULL,NULL,14.697,NULL,NULL,NULL,NULL,,NULL,1,0,1,1,N,N,55,NULL,98,9874,NULL,,Y,37.34478,37,20.687,NULL,-82.36976,82,22.185,NULL,N,NULL,NULL,NULL,NULL,NULL,NULL,NULL,NULL,9,3,2,6,1,1,2,2,7,3,Y,NULL,Y,Y,1305,1334,1513,N,NULL,70,,1,N,,N,N,098-US-0460-0,NULL,NULL,2023,A,7.2933E+11,098-US-0460  -000,HIGH,098-US-0460  -000,14.677,0,0,0,0,0,0,0,0,0,0,0,0,0
72916241,KSP0900,23-233726,20230619,1751,,,US119,N,,US0119,US0119,0,098 US-119,US0119,Y,N,NULL,NULL,NULL,N,NULL,NULL,NULL,NULL,NULL,NULL,24.892,NULL,NULL,NULL,NULL,,NULL,0,0,2,2,N,N,5,NULL,98,9834,NULL,,Y,37.66703,37,40.022,NULL,-82.27592,82,16.555,NULL,N,NULL,NULL,NULL,NULL,NULL,NULL,NULL,NULL,5,97,0,6,1,1,3,2,1,3,N,NULL,N,N,1751,1821,1821,N,NULL,90,2,1,N,,N,N,098-US-0119-0,NULL,NULL,2023,O,7.29162E+11,098-US-0119  -000,HIGH,098-US-0119  -000,24.891,0,0,0,0,0,0,1,0,0,0,0,0,0
72927604,KSP0900,23-340649,20230728,1626,,,US23,,,US0023,US0023,,,,N,N,NULL,NULL,NULL,N,NULL,NULL,NULL,NULL,NULL,NULL,12.352,NULL,NULL,NULL,NULL,,NULL,3,0,2,2,N,N,55,NULL,98,9827,NULL,,Y,37.36651,37,21.991,NULL,-82.54944,82,32.966,NULL,N,NULL,NULL,NULL,NULL,NULL,NULL,NULL,NULL,7,3,4,6,1,1,2,2,7,3,Y,NULL,N,N,1626,1626,1800,N,NULL,54,,1,N,,N,Y,,NULL,NULL,2023,B,7.29276E+11,098-US-0023  -000,MEDIUM,098-US-0023  -000,12.351,0,0,1,1,0,0,1,0,0,0,0,1,1
72858835,370200,2023-34290,20230127,1339,,,US119,,,US0119,US0119,0,098 US-119,US0119,N,N,NULL,NULL,NULL,N,NULL,NULL,NULL,NULL,NULL,NULL,12.87,NULL,NULL,NULL,NULL,,NULL,0,0,1,1,N,N,55,NULL,98,9833,NULL,,Y,37.60623,37,36.374,NULL,-82.36655,82,21.993,NULL,N,NULL,NULL,NULL,NULL,NULL,NULL,NULL,NULL,9,3,2,5,1,1,2,2,7,3,N,NULL,Y,N,1334,1346,1456,N,NULL,70,2,1,N,,N,N,098-US-0119-0,NULL,NULL,2023,O,7.28588E+11,098-US-0119  -000,HIGH,098-US-0119  -000,12.87,0,1,0,0,0,0,0,0,0,0,0,0,0
72878686,980100,2.023E+11,20230323,1744,,,HAMBLEY,,BLVD,,,,,,Y,N,NULL,NULL,NULL,N,NULL,NULL,NULL,NULL,NULL,NULL,0.453,NULL,NULL,NULL,NULL,,NULL,0,0,2,2,Y,N,NULL,NULL,98,9801,NULL,,Y,37.47788,37,28.673,NULL,-82.52091,82,31.255,NULL,N,NULL,NULL,NULL,NULL,NULL,NULL,NULL,NULL,8,97,NULL,6,1,1,3,2,5,3,N,NULL,Y,N,1747,1749,1749,N,NULL,90,,,N,,N,N,,NULL,NULL,2023,NULL,7.28787E+11,098-CS-1222  -000,HIGH,098-CS-1222  -000,0.452,0,0,0,0,0,0,0,0,0,0,0,0,0
72812938,370200,2022382067,20221003,837,,,KY195,,,KY0195,KY0195,0,098 KY-195,KY0195,N,N,NULL,NULL,NULL,N,NULL,NULL,NULL,NULL,NULL,NULL,9.945,NULL,NULL,NULL,NULL,,NULL,0,0,2,2,Y,N,35,NULL,98,9830,NULL,,Y,37.34978,37,20.987,NULL,-82.42356,82,25.414,NULL,N,NULL,NULL,NULL,NULL,NULL,NULL,NULL,NULL,7,3,2,3,1,5,3,2,7,3,N,NULL,Y,N,841,843,843,N,NULL,54,7,0,N,,N,N,098-KY-0195-0,NULL,NULL,2022,O,7.28129E+11,098-KY-0195  -000,HIGH,098-KY-0195  -000,9.945,0,0,0,0,0,0,1,0,0,0,0,1,0
72940159,980100,2.023E+11,20230829,1543,,,US23,,,US0023,US0023,,,,N,N,NULL,NULL,NULL,N,NULL,NULL,NULL,NULL,NULL,NULL,23.037,NULL,NULL,NULL,NULL,,NULL,0,0,2,2,N,N,55,NULL,98,9801,NULL,,Y,37.46576,37,27.946,NULL,-82.52766,82,31.659,NULL,N,NULL,NULL,NULL,NULL,NULL,NULL,NULL,NULL,5,3,4,6,1,5,6,2,1,3,N,NULL,Y,N,1543,1548,1603,N,NULL,49,,1,N,,N,N,,NULL,NULL,2023,O,7.29402E+11,098-US-0023  -000,MEDIUM,098-US-0023  -000,22.971,0,0,1,0,0,0,1,0,0,0,0,0,0
72871443,980100,2.023E+11,20230303,1622,,,US23,,,US0023,US0023,,,,N,N,NULL,NULL,NULL,N,NULL,NULL,NULL,NULL,NULL,NULL,19.152,NULL,NULL,NULL,NULL,,NULL,0,0,2,2,N,N,55,NULL,98,9801,NULL,,Y,37.44257,37,26.554,NULL,-82.50578,82,30.346,NULL,N,NULL,NULL,NULL,NULL,NULL,NULL,NULL,NULL,8,3,4,6,1,5,6,2,7,3,N,NULL,Y,N,1622,1635,1635,N,NULL,53,,1,N,,N,N,,NULL,NULL,2023,O,7.28714E+11,098-US-0023  -000,MEDIUM,098-US-0023  -000,19.087,0,0,1,0,0,0,0,0,0,0,0,1,0
72937011,KSP0900,23-363318,20230818,1930,,,FIFTY EIGHT,,BR,,,0,098 CR-1341,CR1341,N,N,NULL,NULL,NULL,N,NULL,NULL,NULL,NULL,NULL,NULL,0.455,NULL,NULL,NULL,NULL,,NULL,1,0,1,1,N,Y,25,NULL,98,9850,NULL,,Y,37.4883,37,29.298,NULL,-82.42341,82,25.405,NULL,N,NULL,NULL,NULL,NULL,NULL,NULL,NULL,NULL,9,3,1,3,1,1,2,2,7,3,Y,NULL,N,Y,1930,1945,2015,N,NULL,44,,,N,,N,N,098-CR-1341-0,NULL,NULL,2023,B,7.2937E+11,098-CR-1341  -000,HIGH,098-CR-1341  -000,0.457,1,0,0,0,0,0,1,1,0,0,0,1,0
72902998,980100,2.023E+11,20230525,818,,,BYPASS,S,RD,KY1426,KY1426,,,,N,N,NULL,NULL,NULL,N,NULL,NULL,NULL,NULL,NULL,NULL,5.686,NULL,NULL,NULL,NULL,,NULL,0,0,2,2,N,N,15,NULL,98,9801,NULL,,Y,37.47275,37,28.365,NULL,-82.52293,82,31.376,NULL,N,NULL,NULL,NULL,NULL,NULL,NULL,NULL,NULL,2,3,2,6,1,1,2,2,1,3,N,NULL,Y,N,818,833,,N,NULL,56,,0,N,,N,N,,NULL,NULL,2023,O,7.2903E+11,098-KY-1426  -000,MEDIUM,098-KY-1426  -000,5.686,0,0,0,1,0,0,1,0,0,0,0,0,0
72977515,980100,2.023E+11,20231115,2226,,,US23,,,US0023,US0023,0,098 US-23,US0023,N,N,NULL,NULL,NULL,N,NULL,NULL,NULL,NULL,NULL,NULL,24.721,NULL,NULL,NULL,NULL,,NULL,0,0,1,1,N,N,55,NULL,98,9801,NULL,,Y,37.48474,37,29.084,NULL,-82.54268,82,32.561,NULL,N,NULL,NULL,NULL,NULL,NULL,NULL,NULL,NULL,9,3,4,6,1,1,2,5,7,3,N,NULL,Y,N,2226,2231,2231,N,NULL,38,,1,N,,N,N,098-US-0023-0,NULL,NULL,2023,O,7.29775E+11,098-US-0023  -000,HIGH,098-US-0023  -000,24.655,0,0,0,0,0,0,0,0,0,0,0,0,0
72822347,KSP0900,22-415412,20221028,1738,,,US119,,,US0119,US0119,0,098 US-119,US0119,N,N,NULL,NULL,NULL,N,NULL,NULL,NULL,NULL,NULL,NULL,25.007,NULL,NULL,NULL,NULL,,NULL,0,0,2,2,N,N,40,NULL,98,9834,NULL,,Y,37.66832,37,40.099,NULL,-82.2773,82,16.638,NULL,N,NULL,NULL,NULL,NULL,NULL,NULL,NULL,NULL,1,3,4,6,1,1,2,2,7,3,N,NULL,Y,Y,1738,1738,1830,N,NULL,55,2,1,N,,N,N,098-US-0119-0,NULL,NULL,2022,O,7.28223E+11,098-US-0119  -000,HIGH,098-US-0119  -000,25.007,0,0,0,1,0,0,1,0,0,0,0,0,0
72879689,980100,2.023E+11,20230325,1429,,,US23,,,US0023,US0023,,,,N,N,NULL,NULL,NULL,N,NULL,NULL,NULL,NULL,NULL,NULL,30.232,NULL,NULL,NULL,NULL,,NULL,0,0,1,1,N,N,55,NULL,98,9801,NULL,,Y,37.53985,37,32.391,NULL,-82.58177,82,34.906,NULL,N,NULL,NULL,NULL,NULL,NULL,NULL,NULL,NULL,9,5,4,6,1,1,2,2,7,3,N,NULL,Y,N,1429,1441,,N,NULL,40,,1,N,,N,N,,NULL,NULL,2023,O,7.28797E+11,098-US-0023  -000,MEDIUM,098-US-0023  -000,30.213,0,0,0,0,0,0,0,0,0,0,0,1,0
72864643,980100,2.023E+11,20230210,834,,175,COLLEGE,N,ST,,,0,098 CS-1108,CS1108,N,N,NULL,NULL,NULL,N,NULL,NULL,NULL,NULL,NULL,NULL,0.19,NULL,NULL,NULL,NULL,,NULL,0,0,2,2,N,N,15,NULL,98,9801,NULL,,Y,37.47769,37,28.661,NULL,-82.51956,82,31.174,NULL,N,NULL,NULL,NULL,NULL,NULL,NULL,NULL,NULL,1,5,2,6,1,1,2,2,1,3,N,NULL,Y,N,834,837,837,N,NULL,46,,,N,,N,N,098-CS-1108-0,NULL,NULL,2023,O,7.28646E+11,098-CS-1108  -000,HIGH,098-CS-1108  -000,0.19,0,0,0,0,0,0,1,0,0,0,0,0,0
72929416,KSP0900,23-340488,20230728,1429,,,US119,,,US0119,US0119,0,098 US-119,US0119,N,N,NULL,NULL,NULL,N,NULL,NULL,NULL,NULL,NULL,NULL,10.134,NULL,NULL,NULL,NULL,,NULL,1,0,2,2,N,N,55,NULL,98,9820,NULL,,Y,37.58392,37,35.035,NULL,-82.40415,82,24.249,NULL,N,NULL,NULL,NULL,NULL,NULL,NULL,NULL,NULL,5,3,2,6,1,1,2,2,7,3,Y,NULL,Y,Y,1429,1449,1450,N,NULL,49,2,1,N,,N,N,098-US-0119-0,NULL,NULL,2023,C,7.29294E+11,098-US-0119  -000,HIGH,098-US-0119  -000,10.136,0,0,0,0,0,0,1,0,0,0,0,0,0
72826148,980100,2.022E+11,20221104,1037,,1454,MAYO TRAIL,S,LN,,,0,098 CR-1406-30,CR1406,Y,N,NULL,NULL,NULL,N,NULL,NULL,NULL,NULL,NULL,NULL,NULL,NULL,NULL,NULL,NULL,NULL,NULL,0,0,1,1,N,N,NULL,NULL,98,9801,NULL,,Y,37.53748,37,32.248,NULL,-82.60715,82,36.429,NULL,N,NULL,NULL,NULL,NULL,NULL,NULL,NULL,NULL,9,97,1,6,2,1,2,2,1,3,N,NULL,Y,N,1037,1045,1045,Y,NULL,90,,,N,,N,N,098-CR-1406-30,NULL,NULL,2022,O,7.28261E+11,098-CR-1406  -030,HIGH,098-CR-1406  -030,0.003,0,0,0,0,0,0,0,0,0,0,0,1,0
72828196,980200,980200,20221104,1500,,,KY197,,,KY0197,KY0197,0,098 KY-197,KY0197,N,N,NULL,NULL,NULL,N,NULL,NULL,NULL,NULL,NULL,NULL,15.8,NULL,NULL,NULL,NULL,,NULL,0,0,2,2,N,N,35,NULL,98,9802,NULL,,Y,37.29633,37,17.78,NULL,-82.36004,82,21.602,NULL,N,NULL,NULL,NULL,NULL,NULL,NULL,NULL,NULL,1,3,2,6,1,1,2,2,7,1,N,NULL,Y,Y,1500,1505,1637,N,NULL,55,7,0,N,,N,Y,098-KY-0197-0,NULL,NULL,2022,O,7.28282E+11,098-KY-0197  -000,HIGH,098-KY-0197  -000,15.8,0,0,0,1,0,0,0,0,0,0,0,0,1
72833527,KSP0900,22-450224,20221123,1958,,,US460,,,US0460,US0460,0,098 US-460,US0460,Y,N,NULL,NULL,NULL,N,NULL,NULL,NULL,NULL,NULL,NULL,9.351,NULL,NULL,NULL,NULL,,NULL,0,0,2,2,N,N,35,NULL,98,9830,NULL,,Y,37.36834,37,22.1,NULL,-82.41418,82,24.851,NULL,N,NULL,NULL,NULL,NULL,NULL,NULL,NULL,NULL,2,97,2,6,1,1,2,8,7,3,N,NULL,N,N,1958,2002,2002,N,NULL,90,,1,N,,N,N,098-US-0460-0,NULL,NULL,2022,O,7.28335E+11,098-US-0460  -000,HIGH,098-US-0460  -000,9.351,0,0,0,1,0,0,0,0,0,0,0,0,0
72937933,KSP0900,23-364470,20230819,2050,,,JOES,,CRK,KY3227,KY3227,0,098 KY-3227,KY3227,N,N,NULL,NULL,NULL,N,NULL,NULL,NULL,NULL,NULL,NULL,6.872,NULL,NULL,NULL,NULL,,NULL,0,0,2,2,N,N,35,NULL,98,9887,NULL,,Y,37.58143,37,34.886,NULL,-82.50629,82,30.378,NULL,N,NULL,NULL,NULL,NULL,NULL,NULL,NULL,NULL,3,3,1,3,1,1,2,6,7,3,N,NULL,N,N,2050,2115,0,N,NULL,52,8,0,N,,N,N,098-KY-3227-0,NULL,NULL,2023,O,7.29379E+11,098-KY-3227  -000,HIGH,098-KY-3227  -000,6.899,0,0,0,0,0,0,1,0,0,0,0,1,0
72859566,KSP0900,23-11819,20230109,2318,,,BEECH,,CRK,,,0,098 CR-1106,CR1106,N,N,NULL,NULL,NULL,N,NULL,NULL,NULL,NULL,NULL,NULL,0.85,NULL,NULL,NULL,NULL,,NULL,0,1,1,1,N,N,25,NULL,98,9804,NULL,,Y,37.47943,37,28.766,NULL,-82.14726,82,8.836,NULL,N,NULL,NULL,NULL,NULL,NULL,NULL,NULL,NULL,9,3,2,6,3,5,3,6,7,3,Y,NULL,Y,Y,2318,2355,30,N,NULL,44,,,N,,N,N,098-CR-1106-0,NULL,NULL,2023,K,7.28596E+11,098-CR-1106  -000,HIGH,098-CR-1106  -000,0.863,0,0,0,0,0,0,0,0,1,0,0,1,0
72808124,KSP0900,22-368373,20220922,2043,,,LONGVIEW,,DR,,,0,098 CR-1267HH,CR1267HH,N,N,NULL,NULL,NULL,N,NULL,NULL,NULL,NULL,NULL,NULL,0.007,NULL,NULL,NULL,NULL,,NULL,0,0,2,2,N,N,55,NULL,98,9801,NULL,,Y,37.42467,37,25.48,NULL,-82.51704,82,31.022,NULL,N,NULL,NULL,NULL,NULL,NULL,NULL,NULL,NULL,1,3,4,6,1,1,2,6,7,3,N,NULL,N,N,2043,2111,2111,N,NULL,55,,,N,,N,N,098-CR-1267HH-0,NULL,NULL,2022,O,7.28081E+11,098-CR-1267HH-000,HIGH,098-CR-1267HH-000,0.007,0,0,0,0,0,0,1,0,0,0,0,0,0
72861113,980500,2023AR003,20230202,1144,,,US 23 SOUTH & MAIN STREET,,,,,,,,N,N,NULL,NULL,NULL,N,NULL,NULL,NULL,NULL,NULL,NULL,NULL,NULL,NULL,NULL,NULL,NULL,NULL,0,0,1,1,N,N,45,NULL,98,9807,NULL,,Y,37.51886,37,31.132,NULL,-82.56628,82,33.977,NULL,N,NULL,NULL,NULL,NULL,NULL,NULL,NULL,NULL,9,3,6,4,1,1,2,2,7,3,N,NULL,Y,Y,1144,1145,1253,Y,NULL,40,,,Y,,N,N,,NULL,NULL,2023,O,7.28611E+11,098-CS-3000  -000,MEDIUM,098-CS-3000  -000,0.453,0,1,0,0,0,0,1,0,0,0,0,1,0
72868617,KSP0900,23-70709,20230223,1641,,,US23,,,US0023,US0023,0,098 US-23-10,US0023,N,N,NULL,NULL,NULL,N,NULL,NULL,NULL,NULL,NULL,NULL,8.542,NULL,NULL,NULL,NULL,,NULL,0,0,2,2,Y,N,55,NULL,98,9801,NULL,,Y,37.32179,37,19.307,NULL,-82.55374,82,33.224,NULL,N,NULL,NULL,NULL,NULL,NULL,NULL,NULL,NULL,1,3,4,6,1,1,2,2,7,3,N,NULL,Y,N,1649,1653,1653,N,NULL,55,,1,N,,N,N,098-US-0023-10,NULL,NULL,2023,O,7.28686E+11,098-US-0023  -010,HIGH,098-US-0023  -000,8.534,0,0,0,0,0,0,0,0,0,0,0,0,0
72919696,KSP0900,23-304023,20230626,1254,,,US119,,,US0119,US0119,0,098 US-119,US0119,Y,N,NULL,NULL,NULL,N,NULL,NULL,NULL,NULL,NULL,NULL,24.173,NULL,NULL,NULL,NULL,,NULL,0,0,2,2,Y,N,55,NULL,98,9834,NULL,,Y,37.6579,37,39.474,NULL,-82.27156,82,16.294,NULL,N,NULL,NULL,NULL,NULL,NULL,NULL,NULL,NULL,2,7,4,6,1,1,2,2,1,3,N,NULL,Y,N,1254,1254,1254,N,NULL,90,2,1,N,,N,N,098-US-0119-0,NULL,NULL,2023,O,7.29197E+11,098-US-0119  -000,HIGH,098-US-0119  -000,24.173,0,0,0,1,0,0,0,0,0,0,0,0,0
72852168,980100,2.022E+11,20221220,1323,,,CASSIDY,,BLVD,,,0,098 CS-1191,CS1191,Y,N,NULL,NULL,NULL,N,NULL,NULL,NULL,NULL,NULL,NULL,0.065,NULL,NULL,NULL,NULL,,NULL,0,0,2,2,N,N,15,NULL,98,9801,NULL,,Y,37.50366,37,30.22,NULL,-82.5332,82,31.992,NULL,N,NULL,NULL,NULL,NULL,NULL,NULL,NULL,NULL,2,97,1,6,1,1,2,2,1,3,N,NULL,Y,N,1323,1331,,N,NULL,90,,,N,,N,N,098-CS-1191-0,NULL,NULL,2022,O,7.28522E+11,098-CS-1191  -000,HIGH,098-CS-1191  -000,0.065,0,0,0,0,0,0,1,0,0,0,0,0,0
72967851,KSP0900,23-435389,20231025,715,,,US119,,,US0119,US0119,0,098 US-119-10,US0119,N,N,NULL,NULL,NULL,N,NULL,NULL,NULL,NULL,NULL,NULL,15.914,NULL,NULL,NULL,NULL,,NULL,0,0,1,1,N,N,55,NULL,98,9833,NULL,,Y,37.60958,37,36.575,NULL,-82.32169,82,19.301,NULL,N,NULL,NULL,NULL,NULL,NULL,NULL,NULL,NULL,9,3,2,6,1,1,2,1,7,3,N,NULL,Y,N,715,735,745,N,NULL,70,2,1,N,,N,N,098-US-0119-10,NULL,NULL,2023,O,7.29679E+11,098-US-0119  -010,HIGH,098-US-0119  -000,15.914,0,0,0,0,0,0,0,0,0,0,0,1,0
72947850,980000,23-09-002,20230918,755,,,US460,,,US0460,US0460,0,098 US-460,US0460,N,N,NULL,NULL,NULL,N,NULL,NULL,NULL,NULL,NULL,NULL,2.786,NULL,NULL,NULL,NULL,,NULL,1,0,2,2,N,N,45,NULL,98,9801,NULL,,Y,37.43052,37,25.831,NULL,-82.4792,82,28.752,NULL,N,NULL,NULL,NULL,NULL,NULL,NULL,NULL,NULL,7,3,2,6,1,1,3,2,7,3,N,NULL,Y,Y,755,755,831,N,NULL,54,,1,N,,N,N,098-US-0460-0,NULL,NULL,2023,B,7.29479E+11,098-US-0460  -000,HIGH,098-US-0460  -000,2.786,0,0,0,0,0,0,0,0,0,0,0,1,0
72913112,980100,2.023E+11,20230615,1717,,,CEDAR HILLS,,RD,KY1426,KY1426,,,,N,N,NULL,NULL,NULL,N,NULL,NULL,NULL,NULL,NULL,NULL,4.74,NULL,NULL,NULL,NULL,,NULL,0,0,2,2,N,N,35,NULL,98,9801,NULL,,Y,37.4632,37,27.792,NULL,-82.52593,82,31.556,NULL,N,NULL,NULL,NULL,NULL,NULL,NULL,NULL,NULL,5,3,2,6,1,1,2,2,7,3,N,NULL,Y,N,1717,1720,,N,NULL,49,,0,N,,N,N,,NULL,NULL,2023,O,7.29131E+11,098-KY-1426  -000,HIGH,098-KY-1426  -000,4.743,0,0,0,0,0,0,1,0,0,0,0,0,0
72811268,980100,2.022E+11,20220921,2007,,,,,,US0023,US0023,,,,N,Y,US23 RAMP TO KY1384,,,N,NULL,NULL,NULL,NULL,NULL,NULL,0.012,NULL,NULL,NULL,NULL,NULL,NULL,0,0,2,2,N,N,45,NULL,98,9801,NULL,,Y,37.47971,37,28.783,NULL,-82.54192,82,32.515,NULL,N,NULL,NULL,NULL,NULL,NULL,NULL,NULL,NULL,1,3,4,6,1,1,2,6,7,3,N,NULL,Y,N,2007,2011,2056,N,NULL,10,,1,N,,N,N,,NULL,NULL,2022,O,7.28113E+11,098-US-0023  -212,MEDIUM,098-US-0023  -212,0.012,0,0,0,0,0,0,1,1,0,0,1,0,0
72960478,KSP0900,23-425875,20231016,930,,,SHELBIANA,E,RD,US0460,US0460,,,,N,N,NULL,NULL,NULL,N,NULL,NULL,NULL,NULL,NULL,NULL,4.461,NULL,NULL,NULL,NULL,,NULL,0,0,1,1,N,N,45,NULL,98,9832,NULL,,Y,37.41706,37,25.024,NULL,-82.45444,82,27.266,NULL,N,NULL,NULL,NULL,NULL,NULL,NULL,NULL,NULL,9,3,2,6,1,5,6,2,7,3,N,NULL,Y,Y,931,947,1037,N,NULL,70,,1,N,,N,N,,NULL,NULL,2023,O,7.29605E+11,098-US-0460  -000,HIGH,098-US-0460  -000,4.461,0,0,1,0,0,0,0,0,0,0,0,1,0
72908584,KSP0900,23-213958,20230605,1534,,,GOODY,,LOOP,,,0,098 PR-1024,PR1024,Y,N,NULL,NULL,NULL,N,NULL,NULL,NULL,NULL,NULL,NULL,0.012,NULL,NULL,NULL,NULL,,NULL,0,0,2,2,Y,N,NULL,NULL,98,9834,NULL,,Y,37.65866,37,39.52,NULL,-82.27135,82,16.281,NULL,N,NULL,NULL,NULL,NULL,NULL,NULL,NULL,NULL,2,97,NULL,6,1,1,2,2,7,3,N,NULL,Y,N,1545,1545,1545,N,NULL,90,,,N,,N,N,098-PR-1024-0,NULL,NULL,2023,NULL,7.29086E+11,098-PR-1024  -000,HIGH,098-PR-1024  -000,0.102,0,0,0,0,0,0,0,0,0,0,0,0,0
72945046,KSP0900,23-377370,20230831,1750,,,FOREST TRACE,,HL,,,0,098 CR-1505BB,CR1505BB,Y,N,NULL,NULL,NULL,N,NULL,NULL,NULL,NULL,NULL,NULL,0.198,NULL,NULL,NULL,NULL,,NULL,0,0,2,2,N,N,NULL,NULL,98,9814,NULL,,Y,37.60076,37,36.046,NULL,-82.2788,82,16.728,NULL,N,NULL,NULL,NULL,NULL,NULL,NULL,NULL,NULL,8,97,NULL,6,1,1,2,3,6,3,N,NULL,Y,N,1954,2012,2012,N,NULL,90,,,N,,N,N,098-CR-1505BB-0,NULL,NULL,2023,O,7.2945E+11,098-CR-1505BB-000,HIGH,098-CR-1505BB-000,0.21,0,0,0,0,0,0,1,0,0,0,0,0,0
72890856,KSP0900,23-154186,20230423,2058,,,COWPEN,,RD,KY2061,KY2061,0,098 KY-2061,KY2061,N,N,NULL,NULL,NULL,N,NULL,NULL,NULL,NULL,NULL,NULL,0.294,NULL,NULL,NULL,NULL,,NULL,0,0,1,1,N,N,55,NULL,98,9807,NULL,,Y,37.53267,37,31.96,NULL,-82.57199,82,34.32,NULL,N,NULL,NULL,NULL,NULL,NULL,NULL,NULL,NULL,9,3,2,6,1,1,2,6,7,3,N,NULL,Y,N,2103,2123,,N,NULL,38,,0,N,,N,N,098-KY-2061-0,NULL,NULL,2023,O,7.28909E+11,098-KY-2061  -000,HIGH,098-KY-2061  -000,0.29,0,0,1,0,0,0,0,0,0,0,0,0,0
72944594,KSP0900,23-387327,20230909,1725,,,BIG BRANCH,,RD,KY1469,KY1469,0,098 KY-1469,KY1469,N,N,NULL,NULL,NULL,N,NULL,NULL,NULL,NULL,NULL,NULL,1.837,NULL,NULL,NULL,NULL,,NULL,2,0,2,2,N,N,55,NULL,98,9827,NULL,,Y,37.26688,37,16.013,NULL,-82.69432,82,41.659,NULL,N,NULL,NULL,NULL,NULL,NULL,NULL,NULL,NULL,7,3,2,1,1,1,2,2,7,3,Y,NULL,Y,Y,1725,1843,,N,NULL,54,8,0,N,,N,N,098-KY-1469-0,NULL,NULL,2023,B,7.29446E+11,098-KY-1469  -000,HIGH,098-KY-1469  -000,1.414,0,0,0,0,0,0,0,0,0,0,0,1,0
72945615,980100,2.023E+11,20230911,1026,,,JOHNSON,,ST,,,,,,N,N,NULL,NULL,NULL,N,NULL,NULL,NULL,NULL,NULL,NULL,NULL,NULL,NULL,NULL,NULL,,NULL,0,0,2,2,N,N,25,NULL,98,9801,NULL,,Y,37.4439,37,26.634,NULL,-82.52476,82,31.485,NULL,N,NULL,NULL,NULL,NULL,NULL,NULL,NULL,NULL,7,3,1,4,1,1,2,2,7,3,N,NULL,Y,N,1026,1034,1034,N,NULL,54,,,N,,N,N,,NULL,NULL,2023,O,7.29456E+11,098-CS-1253  -000,MEDIUM,098-CS-1253  -000,0,0,0,0,0,0,0,1,0,0,0,0,1,0