MasterFile,AgencyORINumber,LocalCode,CollisionDate,CollisionTime,CollisionDayWeekCode,RoadwayName_HouseBusinessNumber_,RoadwayName_RoadwayName_,RoadwayName_Direction_,RoadwayName_RoadwaySuffix_,RoadwayfromReport,CurrentRoadwayNumber,RoadwayNumberCoupletID,RSEUniqueGIS,RoadwayIdentifier,ParkingLotIndicator,IntersectionWith_Indicator_,IntersectionWith_NameRoadway_,IntersectionWith_Direction_,IntersectionWith_RoadwaySuffix_,BetweenStreets_Indicator_,BetweenStreets1_NameRoadway_,BetweenStreet1_Direction_,BetweenStreets1_RoadwaySuffix_,BetweenStreets2_NameRoadway_,BetweenStreets2_Direction_,BetweenStreets2_RoadwaySuffix_,Milepoint,ReportMilepointDeriveNumber,CurrentDerivedMiepointNumber,MilestoMilepoint,FeettoMilepoint,DirectionfromMilepoint_NSEW_,ValidMilepointIndicator,NumberInjured,NumberKilled,ofUnits,ofMotorVehicleUnits,Hit&RunIndicator,OneWayIndicator,SpeedLimitNumber,KilometersIndicator,CountyCode,CityCountyCode,MilesFromCity,DirectionFromCity_NSEW_,InCityLimitsIndicator,Latitude,LatitudeDegrees,LatitudeMinutes,LatitudeSeconds,Longitude,LongitudeDegrees,LongitudeMinutes,LongitudeSeconds,RampIndicator,RampFromIdentifier,RampFromDirCode,RampFromCoupletID,RSEUniqueGISRampFrom,RampToidentifier,RampToDirCode,RampToCoupletID,RSEUniqueGisRampTo,MannerofCollisionCode,LocationFirstEventCode,TotalLanes,RoadwayCharacterCode,RoadwaySurfaceCode,RoadwayConditionCode,WeatherCode,LightConditionCode,LandUseCode,SchoolBusRelatedCode,FirstAidSceneIndicator,CollDescPresentInd,InvestigationCompleteIndicator,PhotosTakenIndicator,TimeNotified,TimeArrived,TimeRoadwayOpened,PropertyDamageIndicator,DiagramPresentIndicator,DirectionalAnalysis,FunctionClassCode,NationalHwySysCode,EnforcementsIndicator,KARSCityCode,SecondaryCollisionIndicator,MedianCrossoverIndicator,RT_UNIQUE,MapIt,TimeLastLeft,YR,KABCO,MFNY,WorkingRID,RT_CONFIDENCE,KTC_RT,KTC_MP,Motorcyclist,CommercialVehicle,YoungDriver,MatureDriver,pedestrian,Bicyclist,Distracted,agressive,Impaired,Unrestrained,Intersection,RoadwayDeparture,MedXover
72918258,980500,2023AR033,20230703,1243,,,MAIN STREET AND GOLDENROD LANE INTERSECT,,,,,,,,N,N,NULL,NULL,NULL,N,NULL,NULL,NULL,NULL,NULL,NULL,NULL,NULL,NULL,NULL,NULL,NULL,NULL,0,0,2,2,N,N,25,NULL,98,9807,NULL,,Y,37.5189,37,31.134,NULL,-82.56625,82,33.975,NULL,N,NULL,NULL,NULL,NULL,NULL,NULL,NULL,NULL,1,3,2,5,1,1,2,2,1,3,N,NULL,Y,Y,1243,1244,1244,N,NULL,55,,,N,,N,N,,NULL,NULL,2023,O,7.29183E+11,098-CS-3000  -071,MEDIUM,098-CS-3000  -071,0.019,0,0,0,1,0,0,0,0,0,0,0,0,0
72873547,KSP0900,23-88560,20230307,745,,,US23 CONNECTOR TO KY122,,,US0023,US0023,,,,N,N,NULL,NULL,NULL,N,NULL,NULL,NULL,NULL,NULL,NULL,0.017,NULL,NULL,NULL,NULL,,NULL,0,0,2,2,N,N,25,NULL,98,9801,3,S,N,37.38909,37,23.345,NULL,-82.53632,82,32.179,NULL,N,NULL,NULL,NULL,NULL,NULL,NULL,NULL,NULL,5,3,2,1,1,1,2,2,7,3,N,NULL,Y,N,745,752,752,N,NULL,70,,1,Y,,N,N,,NULL,NULL,2023,O,7.28735E+11,098-US-0023  -070,MEDIUM,098-US-0023  -070,0.014,0,0,0,0,0,0,1,1,0,0,0,0,0
72970748,KSP0900,23-446799,20231104,2112,,,US119,N,,US0119,US0119,0,098 US-119,US0119,N,N,NULL,NULL,NULL,N,NULL,NULL,NULL,NULL,NULL,NULL,23.415,NULL,NULL,NULL,NULL,,NULL,5,0,2,2,N,N,55,NULL,98,9834,NULL,,Y,37.64752,37,38.851,NULL,-82.26745,82,16.047,NULL,N,NULL,NULL,NULL,NULL,NULL,NULL,NULL,NULL,3,3,2,6,1,1,2,5,7,3,Y,NULL,Y,N,2112,2113,2230,N,NULL,52,2,1,N,,N,N,098-US-0119-0,NULL,NULL,2023,A,7.29707E+11,098-US-0119  -000,HIGH,098-US-0119  -000,23.415,0,0,1,0,0,0,1,0,0,1,0,1,0
72868449,KSP0900,23-63222,20230218,937,,,VIRGIE,,RD,KY0610,KY0610,0,098 KY-610,KY0610,N,N,NULL,NULL,NULL,N,NULL,NULL,NULL,NULL,NULL,NULL,8.502,NULL,NULL,NULL,NULL,,NULL,0,0,1,1,N,N,35,NULL,98,9827,NULL,,Y,37.34356,37,20.613,NULL,-82.59323,82,35.594,NULL,N,NULL,NULL,NULL,NULL,NULL,NULL,NULL,NULL,9,5,2,3,1,2,2,2,7,3,N,NULL,Y,N,937,940,1030,N,NULL,44,7,0,N,,N,N,098-KY-0610-0,NULL,NULL,2023,O,7.28684E+11,098-KY-0610  -000,HIGH,098-KY-0610  -000,8.5,0,0,0,0,0,0,0,0,0,0,0,1,0
72906399,KSP0900,23-205121,20230530,1400,,,KY194,,,KY0194,KY0194,0,098 KY-194,KY0194,Y,N,NULL,NULL,NULL,N,NULL,NULL,NULL,NULL,NULL,NULL,26.205,NULL,NULL,NULL,NULL,,NULL,0,0,2,2,N,N,55,NULL,98,9817,NULL,,Y,37.50141,37,30.085,NULL,-82.35636,82,21.382,NULL,N,NULL,NULL,NULL,NULL,NULL,NULL,NULL,NULL,2,97,2,6,1,1,2,2,1,3,N,NULL,Y,N,1400,1615,1630,N,NULL,90,6,0,N,,N,N,098-KY-0194-0,NULL,NULL,2023,O,7.29064E+11,098-KY-0194  -000,HIGH,098-KY-0194  -000,26.206,0,1,0,0,0,0,1,0,0,0,0,0,0
72844502,KSP0900,22-474171,20221212,1700,,,KY1426,,,KY1426,KY1426,0,098 KY-1426,KY1426,N,N,NULL,NULL,NULL,N,NULL,NULL,NULL,NULL,NULL,NULL,16.557,NULL,NULL,NULL,NULL,,NULL,0,0,1,1,N,N,45,NULL,98,9820,NULL,,Y,37.57227,37,34.336,NULL,-82.44193,82,26.516,NULL,N,NULL,NULL,NULL,NULL,NULL,NULL,NULL,NULL,9,3,2,3,1,1,2,2,7,3,N,NULL,Y,N,1700,1700,1700,N,NULL,70,7,0,N,,N,N,098-KY-1426-0,NULL,NULL,2022,O,7.28445E+11,098-KY-1426  -000,HIGH,098-KY-1426  -000,16.557,0,0,0,0,0,0,1,0,0,1,0,1,0
72887474,980100,2.023E+11,20230415,1155,,,US23,,,US0023,US0023,0,098 US-23,US0023,N,N,NULL,NULL,NULL,N,NULL,NULL,NULL,NULL,NULL,NULL,31.817,NULL,NULL,NULL,NULL,,NULL,0,0,2,2,N,N,55,NULL,98,9801,NULL,,Y,37.53743,37,32.246,NULL,-82.60548,82,36.329,NULL,N,NULL,NULL,NULL,NULL,NULL,NULL,NULL,NULL,7,3,4,6,1,1,2,2,2,3,N,NULL,Y,N,1156,1202,1242,N,NULL,54,,1,Y,,N,N,098-US-0023-0,NULL,NULL,2023,O,7.28875E+11,098-US-0023  -000,HIGH,098-US-0023  -000,31.796,0,0,0,1,0,0,1,0,0,0,0,1,0
72941283,980100,2.023E+11,20230824,2053,,911,BYPASS,S,RD,KY1426,KY1426,0,098 KY-1426,KY1426,Y,N,NULL,NULL,NULL,N,NULL,NULL,NULL,NULL,NULL,NULL,5.695,NULL,NULL,NULL,NULL,,NULL,0,0,2,2,Y,N,5,NULL,98,9801,NULL,,Y,37.4728,37,28.368,NULL,-82.52277,82,31.367,NULL,N,NULL,NULL,NULL,NULL,NULL,NULL,NULL,NULL,7,97,2,6,2,1,2,9,1,3,N,NULL,Y,N,2053,2104,2053,N,NULL,90,,0,N,,N,N,098-KY-1426-0,NULL,NULL,2023,NULL,7.29413E+11,098-KY-1426  -000,HIGH,098-KY-1426  -000,5.695,0,0,0,0,0,0,0,0,0,0,0,0,0
72889212,KSP0900,23-143655,20230415,1705,,,GOODY,,LOOP,,,0,098 PR-1024,PR1024,Y,N,NULL,NULL,NULL,N,NULL,NULL,NULL,NULL,NULL,NULL,0.01,NULL,NULL,NULL,NULL,,NULL,0,0,2,2,N,N,NULL,NULL,98,9834,1.5,S,N,37.65989,37,39.593,NULL,-82.27303,82,16.382,NULL,N,NULL,NULL,NULL,NULL,NULL,NULL,NULL,NULL,2,97,0,6,1,1,2,2,1,3,N,NULL,Y,N,1705,1709,1723,N,NULL,90,,,N,,N,N,098-PR-1024-0,NULL,NULL,2023,O,7.28892E+11,098-PR-1024  -000,HIGH,098-PR-1024  -000,0.011,0,0,0,0,0,0,1,0,0,0,0,0,0
72944533,980100,2.023E+11,20230909,1834,,,BANK,,ST,,,0,098 CS-1106,CS1106,Y,N,NULL,NULL,NULL,N,NULL,NULL,NULL,NULL,NULL,NULL,0.064,NULL,NULL,NULL,NULL,,NULL,0,0,2,1,Y,N,NULL,NULL,98,9801,NULL,,Y,37.47582,37,28.549,NULL,-82.52074,82,31.245,NULL,N,NULL,NULL,NULL,NULL,NULL,NULL,NULL,NULL,2,97,NULL,6,1,5,3,2,6,3,N,NULL,Y,N,1834,1855,,N,NULL,90,,,Y,,N,N,098-CS-1106-0,NULL,NULL,2023,O,7.29445E+11,098-CS-1106  -000,HIGH,098-CS-1106  -000,0.063,0,0,1,0,0,0,1,0,0,0,0,0,0
72864863,KSP0900,23-56134,20230213,825,,,ELKHORN,,CRK,KY0197,KY0197,0,098 KY-197,KY0197,N,N,NULL,NULL,NULL,N,NULL,NULL,NULL,NULL,NULL,NULL,2.933,NULL,NULL,NULL,NULL,,NULL,0,0,2,2,N,N,45,NULL,98,9867,NULL,,Y,37.23057,37,13.834,NULL,-82.52864,82,31.719,NULL,N,NULL,NULL,NULL,NULL,NULL,NULL,NULL,NULL,1,97,2,3,1,2,2,2,6,3,N,NULL,Y,N,827,902,902,N,NULL,47,7,0,N,,N,N,098-KY-0197-0,NULL,NULL,2023,O,7.28649E+11,098-KY-0197  -000,HIGH,098-KY-0197  -000,2.929,0,0,0,0,0,0,0,0,0,0,0,0,0
72863003,980100,2.023E+11,20230205,2045,,186,CASSIDY,,BLVD,,,0,098 CS-1191,CS1191,Y,N,NULL,NULL,NULL,N,NULL,NULL,NULL,NULL,NULL,NULL,0.222,NULL,NULL,NULL,NULL,,NULL,0,0,2,2,N,N,NULL,NULL,98,9801,NULL,,Y,37.50424,37,30.254,NULL,-82.53554,82,32.132,NULL,N,NULL,NULL,NULL,NULL,NULL,NULL,NULL,NULL,1,97,2,6,1,1,3,5,5,3,N,NULL,Y,N,2045,2048,2048,N,NULL,90,,,N,,N,N,098-CS-1191-0,NULL,NULL,2023,O,7.2863E+11,098-CS-1191  -000,HIGH,098-CS-1191  -000,0.202,0,0,0,0,0,0,1,1,0,0,0,0,0
72905800,KSP0900,23-184193,20230515,1200,,,US119,,,US0119,US0119,0,098 US-119-10,US0119,N,Y,WILLIAMSON,,RD,N,NULL,NULL,NULL,NULL,NULL,NULL,25.369,NULL,NULL,NULL,NULL,,NULL,0,0,2,2,N,N,45,NULL,98,9834,NULL,,Y,37.67262,37,40.357,NULL,-82.2811,82,16.866,NULL,N,NULL,NULL,NULL,NULL,NULL,NULL,NULL,NULL,1,3,2,6,1,1,3,2,7,3,N,NULL,Y,N,1140,1225,1245,N,NULL,10,2,1,N,,N,N,098-US-0119-10,NULL,NULL,2023,O,7.29058E+11,098-US-0119  -010,HIGH,098-US-0119  -000,25.369,0,0,0,0,0,0,1,1,0,0,1,0,0
72955437,KSP0900,23-409801,20230930,1840,,,KY292,,,KY0292,KY0292,0,098 KY-292,KY0292,N,N,NULL,NULL,NULL,N,NULL,NULL,NULL,NULL,NULL,NULL,1.042,NULL,NULL,NULL,NULL,,NULL,0,0,2,2,N,N,45,NULL,98,9836,NULL,,Y,37.64034,37,38.42,NULL,-82.21838,82,13.102,NULL,N,NULL,NULL,NULL,NULL,NULL,NULL,NULL,NULL,7,3,2,3,1,1,2,3,7,3,N,NULL,Y,N,1840,1855,1945,N,NULL,54,8,0,N,,N,N,098-KY-0292-0,NULL,NULL,2023,O,7.29554E+11,098-KY-0292  -000,HIGH,098-KY-0292  -000,1.055,0,0,1,0,0,0,1,0,0,0,0,1,0
72901090,KSP0900,23-189424,20230519,1140,,,KY194,,,KY0194,KY0194,0,098 KY-194,KY0194,N,N,NULL,NULL,NULL,N,NULL,NULL,NULL,NULL,NULL,NULL,67.036,NULL,NULL,NULL,NULL,,NULL,1,0,2,2,N,N,35,NULL,98,9825,NULL,,Y,37.51904,37,31.142,NULL,-82.09505,82,5.703,NULL,N,NULL,NULL,NULL,NULL,NULL,NULL,NULL,NULL,1,3,2,2,1,1,2,2,7,3,Y,NULL,Y,Y,1143,1213,1213,N,NULL,55,7,0,N,,N,N,098-KY-0194-0,NULL,NULL,2023,C,7.29011E+11,098-KY-0194  -000,HIGH,098-KY-0194  -000,67.026,0,0,0,0,0,0,0,0,0,0,0,0,0
72844396,980100,2.022E+11,20221214,,,,CASSIDY,,BLVD,,,0,098 CS-1191,CS1191,Y,N,NULL,NULL,NULL,N,NULL,NULL,NULL,NULL,NULL,NULL,0.179,NULL,NULL,NULL,NULL,,NULL,0,0,2,2,Y,N,NULL,NULL,98,9801,NULL,,Y,37.5041,37,30.246,NULL,-82.5349,82,32.094,NULL,N,NULL,NULL,NULL,NULL,NULL,NULL,NULL,NULL,2,97,NULL,6,1,1,6,5,1,3,N,NULL,N,N,1726,1732,1726,N,NULL,90,,,N,,N,N,098-CS-1191-0,NULL,NULL,2022,O,7.28444E+11,098-CS-1191  -000,HIGH,098-CS-1191  -000,0.179,0,0,0,1,0,0,0,0,0,0,0,0,0
72966283,KSP0900,23-441570,20231031,200,,,CALLOWAY,,RD,KY3419,KY3419,0,098 KY-3419,KY3419,N,N,NULL,NULL,NULL,N,NULL,NULL,NULL,NULL,NULL,NULL,8.661,NULL,NULL,NULL,NULL,,NULL,0,0,1,1,N,N,55,NULL,98,9804,NULL,,Y,37.51732,37,31.039,NULL,-82.21191,82,12.714,NULL,N,NULL,NULL,NULL,NULL,NULL,NULL,NULL,NULL,9,3,1,5,1,5,3,7,7,3,N,NULL,N,N,200,220,230,N,NULL,70,9,0,N,,N,N,098-KY-3419-0,NULL,NULL,2023,O,7.29663E+11,098-KY-3419  -000,HIGH,098-KY-3419  -000,8.784,0,0,0,0,0,0,0,0,0,0,0,1,0
72957514,KSP0900,23-407076,20230928,703,,,US119,,,US0119,US0119,0,098 US-119,US0119,N,N,NULL,NULL,NULL,N,NULL,NULL,NULL,NULL,NULL,NULL,24.932,NULL,NULL,NULL,NULL,,NULL,0,0,1,1,N,N,55,NULL,98,9834,NULL,,Y,37.66716,37,40.03,NULL,-82.27705,82,16.623,NULL,N,NULL,NULL,NULL,NULL,NULL,NULL,NULL,NULL,9,97,4,6,1,1,3,2,1,3,N,NULL,N,N,703,815,815,N,NULL,70,2,1,N,,N,N,098-US-0119-0,NULL,NULL,2023,O,7.29575E+11,098-US-0119  -000,HIGH,098-US-0119  -000,24.937,0,0,0,0,0,0,1,0,0,0,0,0,0
72966512,KSP0900,23-430135,20231020,1215,,,PERRY STANLEY,,RD,,,0,098 CR-1074,CR1074,N,N,NULL,NULL,NULL,N,NULL,NULL,NULL,NULL,NULL,NULL,0.089,NULL,NULL,NULL,NULL,,NULL,0,0,1,1,N,N,35,NULL,98,9842,NULL,,Y,37.62775,37,37.665,NULL,-82.25063,82,15.038,NULL,N,NULL,NULL,NULL,NULL,NULL,NULL,NULL,NULL,9,3,2,6,1,5,6,2,7,3,N,NULL,N,N,1215,1240,1315,N,NULL,40,,,N,,N,N,098-CR-1074-0,NULL,NULL,2023,O,7.29665E+11,098-CR-1074  -000,HIGH,098-CR-1074  -000,0.039,0,0,0,1,0,0,1,1,0,0,0,1,0
72918562,980100,2.023E+11,20230705,1232,,117,BAIRD,,AVE,KY1426,KY1426,0,098 KY-1426,KY1426,Y,N,NULL,NULL,NULL,N,NULL,NULL,NULL,NULL,NULL,NULL,5.393,NULL,NULL,NULL,NULL,,NULL,1,0,2,2,N,N,NULL,NULL,98,9801,NULL,,Y,37.47324,37,28.395,NULL,-82.52711,82,31.627,NULL,N,NULL,NULL,NULL,NULL,NULL,NULL,NULL,NULL,5,97,2,6,1,1,2,2,1,3,N,NULL,Y,N,1232,1238,1238,N,NULL,90,,0,N,,N,N,098-KY-1426-0,NULL,NULL,2023,C,7.29186E+11,098-KY-1426  -000,HIGH,098-KY-1426  -000,5.398,0,0,0,0,0,0,0,0,0,0,0,0,0
72896234,KSP0900,23-155719,20230424,1539,,,RIGHT FORK OF BRUSHY,,RD,,,0,098 CR-1360Q4,CR1360Q4,N,N,NULL,NULL,NULL,N,NULL,NULL,NULL,NULL,NULL,NULL,5.507,NULL,NULL,NULL,NULL,,NULL,0,0,2,2,N,N,25,NULL,98,9820,NULL,,Y,37.60526,37,36.315,NULL,-82.44578,82,26.747,NULL,N,NULL,NULL,NULL,NULL,NULL,NULL,NULL,NULL,7,3,1,5,1,1,2,2,7,3,N,NULL,Y,N,1539,1539,1539,N,NULL,54,,,N,,N,N,098-CR-1360Q4-0,NULL,NULL,2023,O,7.28962E+11,098-PR-1443  -000,HIGH,098-PR-1443  -000,0.376,0,0,1,0,0,0,0,0,0,0,0,1,0
72872182,980100,2.023E+11,20230228,1741,,,US460,,,US0460,US0460,0,098 US-460,US0460,N,Y,US23 RAMP FROM US460,,,N,NULL,NULL,NULL,NULL,NULL,NULL,0.431,NULL,NULL,NULL,NULL,,NULL,0,0,2,2,N,N,55,NULL,98,9801,NULL,,Y,37.43652,37,26.191,NULL,-82.51097,82,30.658,NULL,N,NULL,NULL,NULL,NULL,NULL,NULL,NULL,NULL,1,3,2,6,1,1,3,2,7,3,N,NULL,Y,N,1741,1753,,N,NULL,10,,1,N,,N,N,098-US-0460-0,NULL,NULL,2023,O,7.28722E+11,098-US-0460  -000,HIGH,098-US-0460  -000,0.433,0,0,0,0,0,0,0,1,0,0,1,0,0
72936244,KSP0900,23-364489,20230819,2109,,,MAIN,,ST,,,,,,N,N,NULL,NULL,NULL,N,NULL,NULL,NULL,NULL,NULL,NULL,0.43,NULL,NULL,NULL,NULL,,NULL,0,0,1,1,N,N,45,NULL,98,9807,NULL,,Y,37.51907,37,31.144,NULL,-82.5658,82,33.948,NULL,N,NULL,NULL,NULL,NULL,NULL,NULL,NULL,NULL,9,3,6,6,1,1,2,7,7,3,N,NULL,N,N,2109,2112,2134,N,NULL,70,,,N,,N,N,,NULL,NULL,2023,O,7.29362E+11,098-CS-3000  -000,MEDIUM,098-CS-3000  -000,0.44,0,0,0,0,0,0,0,0,0,0,0,0,0
72825387,KSP0900,22-423206,20221103,1627,,,US23,,,US0023,US0023,0,098 US-23-10,US0023,N,N,NULL,NULL,NULL,N,NULL,NULL,NULL,NULL,NULL,NULL,16.859,NULL,NULL,NULL,NULL,,NULL,0,0,2,2,N,N,55,NULL,98,9824,NULL,,Y,37.41674,37,25.005,NULL,-82.52304,82,31.382,NULL,N,NULL,NULL,NULL,NULL,NULL,NULL,NULL,NULL,8,3,4,5,1,1,2,2,7,3,N,NULL,N,N,1627,1633,1633,N,NULL,53,,1,N,,N,N,098-US-0023-10,NULL,NULL,2022,O,7.28254E+11,098-US-0023  -010,HIGH,098-US-0023  -000,16.859,0,0,0,0,0,0,0,0,0,0,0,1,0
72912083,KSP0900,23-227914,20230615,1716,,,FERRELLS CREEK,,RD,US0460,US0460,0,098 US-460,US0460,N,N,NULL,NULL,NULL,N,NULL,NULL,NULL,NULL,NULL,NULL,22.532,NULL,NULL,NULL,NULL,,NULL,3,0,2,2,N,N,55,NULL,98,9847,NULL,,Y,37.38195,37,22.917,NULL,-82.25488,82,15.293,NULL,N,NULL,NULL,NULL,NULL,NULL,NULL,NULL,NULL,1,3,2,6,1,1,2,2,7,3,Y,NULL,Y,Y,1716,1800,1825,N,NULL,55,,1,N,,N,N,098-US-0460-0,NULL,NULL,2023,B,7.29121E+11,098-US-0460  -000,HIGH,098-US-0460  -000,22.513,0,0,1,0,0,0,0,1,0,0,0,0,0
72890528,KSP0900,23-138583,20230412,1122,,,MILLARD,,HWY,US0460,US0460,,,,N,N,NULL,NULL,NULL,N,NULL,NULL,NULL,NULL,NULL,NULL,9.144,NULL,NULL,NULL,NULL,,NULL,1,0,1,1,N,N,45,NULL,98,9830,NULL,,Y,37.36895,37,22.137,NULL,-82.41747,82,25.048,NULL,N,NULL,NULL,NULL,NULL,NULL,NULL,NULL,NULL,9,3,2,6,1,1,2,2,7,3,Y,NULL,Y,Y,1122,1138,1138,N,NULL,40,,1,N,,N,N,,NULL,NULL,2023,C,7.28905E+11,098-US-0460  -000,HIGH,098-US-0460  -000,9.146,0,0,0,0,0,0,0,0,0,0,0,1,0
72832119,980100,2.022E+11,20221119,155,,,US23,,,US0023,US0023,0,098 US-23-10,US0023,N,N,NULL,NULL,NULL,N,NULL,NULL,NULL,NULL,NULL,NULL,30.587,NULL,NULL,NULL,NULL,,NULL,0,0,1,1,N,N,55,NULL,98,9801,NULL,,Y,37.54266,37,32.56,NULL,-82.58655,82,35.193,NULL,N,NULL,NULL,NULL,NULL,NULL,NULL,NULL,NULL,9,3,4,3,1,1,2,6,7,3,N,NULL,Y,N,155,156,231,N,NULL,38,,1,N,,N,N,098-US-0023-10,NULL,NULL,2022,O,7.28321E+11,098-US-0023  -010,HIGH,098-US-0023  -000,30.587,0,0,0,0,0,0,0,0,0,0,0,0,0
72963272,KSP0900,23-430990,20231021,833,,,US119,,,US0119,US0119,0,098 US-119,US0119,N,N,NULL,NULL,NULL,N,NULL,NULL,NULL,NULL,NULL,NULL,0.465,NULL,NULL,NULL,NULL,,NULL,0,0,2,2,N,N,55,NULL,98,9801,NULL,,Y,37.50619,37,30.371,NULL,-82.52426,82,31.456,NULL,N,NULL,NULL,NULL,NULL,NULL,NULL,NULL,NULL,5,3,4,6,1,5,2,2,7,3,N,NULL,Y,N,833,855,930,N,NULL,49,2,1,N,,N,N,098-US-0119-0,NULL,NULL,2023,O,7.29633E+11,098-US-0119  -000,HIGH,098-US-0119  -000,0.468,0,0,0,0,0,0,0,0,0,0,0,0,0
72890871,KSP0900,23-148231,20230418,2300,,,US119,,,US0119,US0119,0,098 US-119,US0119,N,N,NULL,NULL,NULL,N,NULL,NULL,NULL,NULL,NULL,NULL,12.979,NULL,NULL,NULL,NULL,,NULL,0,0,1,1,N,N,55,NULL,98,9833,NULL,,Y,37.60743,37,36.446,NULL,-82.36536,82,21.921,NULL,N,NULL,NULL,NULL,NULL,NULL,NULL,NULL,NULL,9,3,2,6,1,1,2,6,7,3,N,NULL,Y,N,2300,2300,2300,N,NULL,38,2,1,N,,N,N,098-US-0119-0,NULL,NULL,2023,O,7.28909E+11,098-US-0119  -000,HIGH,098-US-0119  -000,12.979,0,0,0,1,0,0,0,0,0,0,0,0,0
72933572,KSP0900,23-355013,20230811,807,,,KY195,,,KY0195,KY0195,0,098 KY-195,KY0195,N,N,NULL,NULL,NULL,N,NULL,NULL,NULL,NULL,NULL,NULL,9.569,NULL,NULL,NULL,NULL,,NULL,0,0,1,1,N,N,55,NULL,98,9830,NULL,,Y,37.34582,37,20.749,NULL,-82.42176,82,25.306,NULL,N,NULL,NULL,NULL,NULL,NULL,NULL,NULL,NULL,9,3,2,3,1,1,2,2,7,3,N,NULL,Y,N,807,950,950,N,NULL,40,7,0,N,,N,N,098-KY-0195-0,NULL,NULL,2023,O,7.29336E+11,098-KY-0195  -000,HIGH,098-KY-0195  -000,9.557,0,0,0,0,0,0,0,0,0,0,0,1,0
72862961,980100,2.023E+11,20230131,2013,,,BYPASS,S,RD,KY1426,KY1426,0,098 KY-1426,KY1426,Y,N,NULL,NULL,NULL,N,NULL,NULL,NULL,NULL,NULL,NULL,5.69,NULL,NULL,NULL,NULL,,NULL,0,0,2,2,N,N,55,NULL,98,9801,NULL,,Y,37.47279,37,28.367,NULL,-82.52285,82,31.371,NULL,N,NULL,NULL,NULL,NULL,NULL,NULL,NULL,NULL,2,97,2,6,1,1,3,2,5,3,N,NULL,Y,N,2013,2017,2017,N,NULL,90,,0,N,,N,N,098-KY-1426-0,NULL,NULL,2023,O,7.2863E+11,098-KY-1426  -000,HIGH,098-KY-1426  -000,5.691,0,0,0,0,0,0,1,0,0,0,0,0,0
72901842,980500,2023AR023,20230517,1500,,77,WEDDINGTON BRANCH,,RD,,,0,098 CS-3026,CS3026,Y,N,NULL,NULL,NULL,N,NULL,NULL,NULL,NULL,NULL,NULL,0.047,NULL,NULL,NULL,NULL,,NULL,0,0,2,2,N,N,15,NULL,98,9807,NULL,,Y,37.52325,37,31.395,NULL,-82.56984,82,34.19,NULL,N,NULL,NULL,NULL,NULL,NULL,NULL,NULL,NULL,5,97,NULL,6,1,1,2,2,1,3,N,NULL,Y,Y,1500,1505,,N,NULL,90,,,N,,N,N,098-CS-3026-0,NULL,NULL,2023,NULL,7.29018E+11,098-CS-3026  -000,HIGH,098-CS-3026  -000,0.072,0,0,0,0,0,0,0,0,0,0,0,0,0
72813943,980100,2.022E+11,20221007,1657,,,BYPASS,S,RD,KY1426,KY1426,,,,N,N,NULL,NULL,NULL,N,NULL,NULL,NULL,NULL,NULL,NULL,5.541,NULL,NULL,NULL,NULL,,NULL,0,0,2,2,N,N,35,NULL,98,9801,NULL,,Y,37.47233,37,28.34,NULL,-82.52552,82,31.531,NULL,N,NULL,NULL,NULL,NULL,NULL,NULL,NULL,NULL,1,3,2,6,1,1,2,2,1,3,N,NULL,Y,N,1657,1657,,N,NULL,55,,0,N,,N,N,,NULL,NULL,2022,O,7.28139E+11,098-KY-1426  -000,HIGH,098-KY-1426  -000,5.541,0,0,0,0,0,0,0,0,0,1,0,0,0
72962223,980100,2.023E+11,20231013,1621,,,TRIVETTE,,DR,,,0,098 CS-1114,CS1114,Y,N,NULL,NULL,NULL,N,NULL,NULL,NULL,NULL,NULL,NULL,0.036,NULL,NULL,NULL,NULL,,NULL,0,0,2,2,N,N,NULL,NULL,98,9801,NULL,,Y,37.48252,37,28.951,NULL,-82.5152,82,30.912,NULL,N,NULL,NULL,NULL,NULL,NULL,NULL,NULL,NULL,2,97,NULL,6,1,1,2,2,1,3,N,NULL,Y,N,1621,1626,1710,N,NULL,90,,,N,,N,N,098-CS-1114-0,NULL,NULL,2023,O,7.29622E+11,098-CS-1114  -000,HIGH,098-CS-1114  -000,0.036,0,0,0,0,0,0,1,0,0,0,0,0,0
72870757,KSP0900,23-71500,20230224,743,,,FERRELLS CREEK,,RD,US0460,US0460,,,,N,N,NULL,NULL,NULL,N,NULL,NULL,NULL,NULL,NULL,NULL,19.731,NULL,NULL,NULL,NULL,,NULL,1,0,1,1,N,N,55,NULL,98,9839,NULL,,Y,37.37176,37,22.305,NULL,-82.29709,82,17.825,NULL,N,NULL,NULL,NULL,NULL,NULL,NULL,NULL,NULL,9,3,2,6,1,1,2,2,7,3,N,NULL,Y,Y,743,807,807,N,NULL,40,,1,N,,N,N,,NULL,NULL,2023,B,7.28708E+11,098-US-0460  -000,HIGH,098-US-0460  -000,19.711,0,0,0,0,0,0,0,0,0,0,0,1,0