MasterFile,AgencyORINumber,LocalCode,CollisionDate,CollisionTime,CollisionDayWeekCode,RoadwayName_HouseBusinessNumber_,RoadwayName_RoadwayName_,RoadwayName_Direction_,RoadwayName_RoadwaySuffix_,RoadwayfromReport,CurrentRoadwayNumber,RoadwayNumberCoupletID,RSEUniqueGIS,RoadwayIdentifier,ParkingLotIndicator,IntersectionWith_Indicator_,IntersectionWith_NameRoadway_,IntersectionWith_Direction_,IntersectionWith_RoadwaySuffix_,BetweenStreets_Indicator_,BetweenStreets1_NameRoadway_,BetweenStreet1_Direction_,BetweenStreets1_RoadwaySuffix_,BetweenStreets2_NameRoadway_,BetweenStreets2_Direction_,BetweenStreets2_RoadwaySuffix_,Milepoint,ReportMilepointDeriveNumber,CurrentDerivedMiepointNumber,MilestoMilepoint,FeettoMilepoint,DirectionfromMilepoint_NSEW_,ValidMilepointIndicator,NumberInjured,NumberKilled,ofUnits,ofMotorVehicleUnits,Hit&RunIndicator,OneWayIndicator,SpeedLimitNumber,KilometersIndicator,CountyCode,CityCountyCode,MilesFromCity,DirectionFromCity_NSEW_,InCityLimitsIndicator,Latitude,LatitudeDegrees,LatitudeMinutes,LatitudeSeconds,Longitude,LongitudeDegrees,LongitudeMinutes,LongitudeSeconds,RampIndicator,RampFromIdentifier,RampFromDirCode,RampFromCoupletID,RSEUniqueGISRampFrom,RampToidentifier,RampToDirCode,RampToCoupletID,RSEUniqueGisRampTo,MannerofCollisionCode,LocationFirstEventCode,TotalLanes,RoadwayCharacterCode,RoadwaySurfaceCode,RoadwayConditionCode,WeatherCode,LightConditionCode,LandUseCode,SchoolBusRelatedCode,FirstAidSceneIndicator,CollDescPresentInd,InvestigationCompleteIndicator,PhotosTakenIndicator,TimeNotified,TimeArrived,TimeRoadwayOpened,PropertyDamageIndicator,DiagramPresentIndicator,DirectionalAnalysis,FunctionClassCode,NationalHwySysCode,EnforcementsIndicator,KARSCityCode,SecondaryCollisionIndicator,MedianCrossoverIndicator,RT_UNIQUE,MapIt,TimeLastLeft,YR,KABCO,MFNY,WorkingRID,RT_CONFIDENCE,KTC_RT,KTC_MP,Motorcyclist,CommercialVehicle,YoungDriver,MatureDriver,pedestrian,Bicyclist,Distracted,agressive,Impaired,Unrestrained,Intersection,RoadwayDeparture,MedXover
72849986,980500,2022AR065,20221229,1605,,,US23,,,US0023,US0023,0,098 US-23-10,US0023,N,N,NULL,NULL,NULL,N,NULL,NULL,NULL,NULL,NULL,NULL,28.941,NULL,NULL,NULL,NULL,,NULL,0,0,2,2,N,N,45,NULL,98,9807,NULL,,Y,37.52161,37,31.296,NULL,-82.56933,82,34.16,NULL,N,NULL,NULL,NULL,NULL,NULL,NULL,NULL,NULL,8,97,4,6,1,1,2,2,1,3,N,NULL,Y,Y,1605,1615,,N,NULL,53,,1,N,,N,N,098-US-0023-10,NULL,NULL,2022,O,7.285E+11,098-US-0023  -010,HIGH,098-US-0023  -000,28.941,0,0,0,1,0,0,0,1,0,0,0,1,0
72973859,KSP0900,23-460159,20231116,737,,,KY1469,,,KY1469,KY1469,0,098 KY-1469,KY1469,N,N,NULL,NULL,NULL,N,NULL,NULL,NULL,NULL,NULL,NULL,6.707,NULL,NULL,NULL,NULL,,NULL,0,0,2,2,N,N,55,NULL,98,9827,NULL,,Y,37.3035,37,18.21,NULL,-82.6459,82,38.754,NULL,N,NULL,NULL,NULL,NULL,NULL,NULL,NULL,NULL,1,3,2,6,1,1,2,2,7,3,N,NULL,Y,N,830,850,915,N,NULL,55,8,0,N,,N,N,098-KY-1469-0,NULL,NULL,2023,O,7.29739E+11,098-KY-1469  -000,HIGH,098-KY-1469  -000,6.708,0,0,0,0,0,0,1,0,0,0,0,0,0
72900453,KSP0900,23-188221,20230518,1352,,36,BROWN,,LN,,,0,098 CR-1349,CR1349,Y,N,NULL,NULL,NULL,N,NULL,NULL,NULL,NULL,NULL,NULL,0.031,NULL,NULL,NULL,NULL,,NULL,1,0,1,1,N,N,5,NULL,98,9850,NULL,,Y,37.50263,37,30.158,NULL,-82.44539,82,26.723,NULL,N,NULL,NULL,NULL,NULL,NULL,NULL,NULL,NULL,9,97,1,5,1,8,2,2,7,3,Y,NULL,N,Y,1600,1615,1615,Y,NULL,90,,,N,,N,N,098-CR-1349-0,NULL,NULL,2023,B,7.29005E+11,098-CR-1349  -000,HIGH,098-CR-1349  -000,0.031,0,0,0,1,0,0,1,0,0,1,0,1,0
72863907,980100,2.023E+11,20230209,1137,,254,CASSIDY,,BLVD,,,0,098 CS-1191,CS1191,Y,N,NULL,NULL,NULL,N,NULL,NULL,NULL,NULL,NULL,NULL,0.045,NULL,NULL,NULL,NULL,,NULL,0,0,2,2,N,N,NULL,NULL,98,9801,NULL,,Y,37.5037,37,30.222,NULL,-82.5329,82,31.974,NULL,N,NULL,NULL,NULL,NULL,NULL,NULL,NULL,NULL,1,97,1,6,1,1,2,2,1,3,N,NULL,Y,N,1137,1147,1149,N,NULL,90,,,N,,N,N,098-CS-1191-0,NULL,NULL,2023,O,7.28639E+11,098-CS-1191  -000,HIGH,098-CS-1191  -000,0.043,0,0,0,1,0,0,1,0,0,0,0,0,0
72901171,KSP0900,2023-191210,20230520,1731,,,US460,,,US0460,US0460,,,,N,N,NULL,NULL,NULL,N,NULL,NULL,NULL,NULL,NULL,NULL,9.263,NULL,NULL,NULL,NULL,,NULL,0,0,2,2,Y,N,45,NULL,98,9802,NULL,,Y,37.36901,37,22.141,NULL,-82.41559,82,24.935,NULL,N,NULL,NULL,NULL,NULL,NULL,NULL,NULL,NULL,3,3,2,2,1,5,6,2,7,3,N,NULL,N,N,1731,1755,1845,Y,NULL,52,,1,N,,N,N,,NULL,NULL,2023,O,7.29012E+11,098-US-0460  -000,HIGH,098-US-0460  -000,9.247,0,0,0,0,0,0,0,0,0,0,0,1,0
72879479,KSP0900,23-104389,20230318,2052,,,LONG BRANCH,,RD,KY0612,KY0612,0,098 KY-612,KY0612,N,N,NULL,NULL,NULL,N,NULL,NULL,NULL,NULL,NULL,NULL,4.352,NULL,NULL,NULL,NULL,,NULL,1,0,1,1,N,N,45,NULL,98,9826,NULL,,Y,37.63962,37,38.377,NULL,-82.33113,82,19.868,NULL,N,NULL,NULL,NULL,NULL,NULL,NULL,NULL,NULL,9,5,2,6,1,1,2,7,7,3,N,NULL,Y,Y,2100,2200,2200,N,NULL,40,8,0,N,,N,N,098-KY-0612-0,NULL,NULL,2023,B,7.28795E+11,098-KY-0612  -000,HIGH,098-KY-0612  -000,4.395,0,0,0,0,0,0,0,0,0,1,0,1,0
72877302,980100,2.023E+11,20230315,839,,,US23,,,US0023,US0023,0,098 US-23-10,US0023,N,N,NULL,NULL,NULL,N,NULL,NULL,NULL,NULL,NULL,NULL,27.404,NULL,NULL,NULL,NULL,,NULL,0,0,2,2,N,N,55,NULL,98,9807,NULL,,Y,37.51088,37,30.653,NULL,-82.54911,82,32.946,NULL,N,NULL,NULL,NULL,NULL,NULL,NULL,NULL,NULL,5,3,4,6,1,1,2,2,7,3,N,NULL,Y,N,839,845,912,N,NULL,49,,1,N,,N,N,098-US-0023-10,NULL,NULL,2023,O,7.28773E+11,098-US-0023  -010,HIGH,098-US-0023  -000,27.39,0,0,1,0,0,0,0,0,0,0,0,0,0
72819193,KSP0900,22-366594,20220921,1450,,,CAMP CREEK,,RD,,,0,098 CR-1102,CR1102,N,N,NULL,NULL,NULL,N,NULL,NULL,NULL,NULL,NULL,NULL,0.396,NULL,NULL,NULL,NULL,,NULL,0,0,2,2,N,N,35,NULL,98,9825,NULL,,Y,37.47822,37,28.693,NULL,-82.07158,82,4.295,NULL,N,NULL,NULL,NULL,NULL,NULL,NULL,NULL,NULL,3,3,1,6,1,1,2,2,7,3,N,NULL,Y,N,1430,1435,1450,N,NULL,52,,,N,,N,N,098-CR-1102-0,NULL,NULL,2022,O,7.28192E+11,098-CR-1102  -000,HIGH,098-CR-1102  -000,0.396,0,0,0,0,0,0,1,0,1,1,0,1,0
72874641,980100,2.023E+11,20230312,1648,,,US23,,,US0023,US0023,0,098 US-23-10,US0023,N,N,NULL,NULL,NULL,N,NULL,NULL,NULL,NULL,NULL,NULL,22.292,NULL,NULL,NULL,NULL,,NULL,0,0,2,2,N,N,55,NULL,98,9801,NULL,,Y,37.46136,37,27.682,NULL,-82.51698,82,31.018,NULL,N,NULL,NULL,NULL,NULL,NULL,NULL,NULL,NULL,1,3,4,3,1,5,3,2,7,3,N,NULL,Y,N,1648,1648,1648,N,NULL,55,,1,N,,N,N,098-US-0023-10,NULL,NULL,2023,O,7.28746E+11,098-US-0023  -010,HIGH,098-US-0023  -000,22.225,0,0,1,1,0,0,1,0,0,0,0,0,0
72881296,KSP0900,23-108006,20230321,1530,,,KY1426,,,KY1426,KY1426,0,098 KY-1426,KY1426,N,N,NULL,NULL,NULL,N,NULL,NULL,NULL,NULL,NULL,NULL,14.539,NULL,NULL,NULL,NULL,,NULL,0,0,2,2,N,N,35,NULL,98,9828,NULL,,Y,37.5622,37,33.732,NULL,-82.46185,82,27.711,NULL,N,NULL,NULL,NULL,NULL,NULL,NULL,NULL,NULL,5,3,2,6,1,1,2,2,7,3,N,NULL,Y,N,1530,1530,1530,N,NULL,49,7,0,N,,N,N,098-KY-1426-0,NULL,NULL,2023,O,7.28813E+11,098-KY-1426  -000,HIGH,098-KY-1426  -000,14.577,0,0,0,0,0,0,0,0,0,0,0,0,0
72955911,KSP0900,23-416111,20231006,1931,,,DORTON-JENKINS,,HWY,KY0805,KY0805,0,098 KY-805,KY0805,N,N,NULL,NULL,NULL,N,NULL,NULL,NULL,NULL,NULL,NULL,5.601,NULL,NULL,NULL,NULL,,NULL,1,0,1,1,N,N,55,NULL,98,9809,NULL,,Y,37.26374,37,15.825,NULL,-82.57497,82,34.498,NULL,N,NULL,NULL,NULL,NULL,NULL,NULL,NULL,NULL,9,3,2,3,1,5,2,6,7,3,Y,NULL,N,Y,1931,1954,2100,N,NULL,44,7,0,N,,N,N,098-KY-0805-0,NULL,NULL,2023,B,7.29559E+11,098-KY-0805  -000,HIGH,098-KY-0805  -000,5.6,0,0,0,0,0,0,0,0,0,0,0,1,0
72980346,KSP0900,23-476796,20231201,1557,,,KY292,W,,KY0292,KY0292,0,098 KY-292,KY0292,Y,N,NULL,NULL,NULL,N,NULL,NULL,NULL,NULL,NULL,NULL,9.352,NULL,NULL,NULL,NULL,,NULL,0,0,2,2,N,N,45,NULL,98,9834,NULL,,Y,37.70422,37,42.253,NULL,-82.30038,82,18.023,NULL,N,NULL,NULL,NULL,NULL,NULL,NULL,NULL,NULL,2,97,2,6,1,5,3,5,7,3,N,NULL,Y,Y,1705,1730,1730,N,NULL,90,7,0,N,,N,N,098-KY-0292-0,NULL,NULL,2023,O,7.29803E+11,098-KY-0292  -000,HIGH,098-KY-0292  -000,9.356,0,0,0,0,0,0,1,0,0,0,0,0,0
72859681,980100,2.023E+11,20230127,1053,,120,JUSTICE WAY,,RD,,,0,098 CS-1215,CS1215,Y,N,NULL,NULL,NULL,N,NULL,NULL,NULL,NULL,NULL,NULL,NULL,NULL,NULL,NULL,NULL,NULL,NULL,3,0,2,2,N,N,NULL,NULL,98,9801,NULL,,Y,37.50715,37,30.429,NULL,-82.54703,82,32.821,NULL,N,NULL,NULL,NULL,NULL,NULL,NULL,NULL,NULL,1,97,1,6,1,1,2,2,1,3,Y,NULL,Y,Y,1300,1306,1306,N,NULL,90,,,N,,N,N,098-CS-1215-0,NULL,NULL,2023,C,7.28597E+11,098-CS-1215  -000,HIGH,098-CS-1215  -000,0.309,0,0,0,0,0,0,0,0,0,0,0,0,0
72853578,980100,2.023E+11,20230106,1726,,,CASSIDY,,BLVD,,,0,098 CS-1191,CS1191,N,N,NULL,NULL,NULL,N,NULL,NULL,NULL,NULL,NULL,NULL,0.055,NULL,NULL,NULL,NULL,,NULL,0,0,2,2,N,N,25,NULL,98,9801,NULL,,Y,37.50368,37,30.221,NULL,-82.53305,82,31.983,NULL,N,NULL,NULL,NULL,NULL,NULL,NULL,NULL,NULL,8,3,5,6,1,1,2,2,7,3,N,NULL,Y,N,1726,1735,1752,N,NULL,53,,,N,,N,N,098-CS-1191-0,NULL,NULL,2023,O,7.28536E+11,098-CS-1191  -000,HIGH,098-CS-1191  -000,0.051,0,0,0,0,0,0,0,0,0,0,0,1,0
72872519,KSP0900,23-87148,20230306,1020,,,MALL,,RD,,,0,098 CR-1037,CR1037,Y,N,NULL,NULL,NULL,N,NULL,NULL,NULL,NULL,NULL,NULL,0.353,NULL,NULL,NULL,NULL,,NULL,0,0,2,2,Y,N,10,NULL,98,9834,NULL,,Y,37.65594,37,39.356,NULL,-82.27177,82,16.306,NULL,N,NULL,NULL,NULL,NULL,NULL,NULL,NULL,NULL,6,7,NULL,6,1,1,2,2,7,3,N,NULL,Y,N,1020,1020,1020,N,NULL,90,,,N,,N,N,098-CR-1037-0,NULL,NULL,2023,O,7.28725E+11,098-CR-1037  -000,HIGH,098-CR-1037  -000,0.372,0,0,0,1,0,0,0,0,0,0,0,1,0
72866291,980100,2.023E+11,20230216,1228,,163,LEE,,AVE,,,0,098 CS-1191,CS1191,Y,N,NULL,NULL,NULL,N,NULL,NULL,NULL,NULL,NULL,NULL,NULL,NULL,NULL,NULL,NULL,NULL,NULL,0,0,2,2,N,N,NULL,NULL,98,9801,NULL,,Y,37.50375,37,30.225,NULL,-82.53226,82,31.936,NULL,N,NULL,NULL,NULL,NULL,NULL,NULL,NULL,NULL,2,97,1,6,1,5,6,2,1,3,N,NULL,Y,N,1253,1300,1300,N,NULL,90,,,N,,N,N,098-CS-1191-0,NULL,NULL,2023,O,7.28663E+11,098-CS-1191  -000,HIGH,098-CS-1191  -000,0.006,0,0,0,0,0,0,1,0,0,0,0,0,0
72879700,KSP0900,23-113403,20230325,1500,,,US23,,,US0023,US0023,,,,N,N,NULL,NULL,NULL,N,NULL,NULL,NULL,NULL,NULL,NULL,17.372,NULL,NULL,NULL,NULL,,NULL,0,0,2,1,N,N,55,NULL,98,9827,NULL,,Y,37.42026,37,25.216,NULL,-82.51663,82,30.998,NULL,N,NULL,NULL,NULL,NULL,NULL,NULL,NULL,NULL,8,3,4,6,1,1,2,2,7,3,N,NULL,Y,N,1300,1315,1315,N,NULL,53,,1,N,,N,N,,NULL,NULL,2023,O,7.28797E+11,098-US-0023  -000,MEDIUM,098-US-0023  -000,17.361,0,0,0,0,0,0,0,0,0,0,0,1,0
72868300,KSP0900,23-57776,20230214,1044,,,US119,,,US0119,US0119,0,098 US-119-10,US0119,N,N,NULL,NULL,NULL,N,NULL,NULL,NULL,NULL,NULL,NULL,25.357,NULL,NULL,NULL,NULL,,NULL,0,0,2,2,N,N,55,NULL,98,9834,NULL,,Y,37.67244,37,40.347,NULL,-82.28111,82,16.867,NULL,N,NULL,NULL,NULL,NULL,NULL,NULL,NULL,NULL,5,3,2,6,1,1,2,2,7,3,N,NULL,N,N,1044,1048,1055,N,NULL,70,2,1,N,,N,N,098-US-0119-10,NULL,NULL,2023,O,7.28683E+11,098-US-0119  -010,HIGH,098-US-0119  -000,25.358,0,0,0,0,0,0,1,0,0,0,0,0,0
72949999,KSP0900,23-402071,20230923,1416,,,ELKHORN,,CRK,KY0197,KY0197,0,098 KY-197,KY0197,N,N,NULL,NULL,NULL,N,NULL,NULL,NULL,NULL,NULL,NULL,7.819,NULL,NULL,NULL,NULL,,NULL,0,0,1,1,N,N,55,NULL,98,9864,NULL,,Y,37.2581,37,15.486,NULL,-82.45981,82,27.589,NULL,N,NULL,NULL,NULL,NULL,NULL,NULL,NULL,NULL,9,3,2,3,1,1,2,2,7,3,N,NULL,Y,N,1420,1629,1629,N,NULL,70,7,0,Y,,N,N,098-KY-0197-0,NULL,NULL,2023,O,7.295E+11,098-KY-0197  -000,HIGH,098-KY-0197  -000,7.824,0,0,0,0,0,0,0,0,0,0,0,0,0
72975186,KSP0900,23-462159,20231117,2018,,,GOODY,,LOOP,,,0,,GOODY LOOP,Y,N,NULL,NULL,NULL,N,NULL,NULL,NULL,NULL,NULL,NULL,0.074,NULL,NULL,NULL,NULL,,NULL,0,0,2,2,N,N,NULL,NULL,98,9834,NULL,,Y,37.65825,37,39.495,NULL,-82.27068,82,16.24,NULL,N,NULL,NULL,NULL,NULL,NULL,NULL,NULL,NULL,8,97,NULL,6,1,5,6,5,1,3,N,NULL,Y,N,2018,2030,2030,N,NULL,90,,,N,,N,N,,NULL,NULL,2023,O,7.29752E+11,098-US-0119  -000,MEDIUM,098-US-0119  -000,24.167,0,0,0,1,0,0,1,0,0,0,0,0,0
72866687,KSP0900,23-60708,20230216,1203,,,KY80,,,KY0080,KY0080,0,098 KY-80,KY0080,N,N,NULL,NULL,NULL,N,NULL,NULL,NULL,NULL,NULL,NULL,2.297,NULL,NULL,NULL,NULL,,NULL,0,0,2,2,N,N,35,NULL,98,9802,NULL,,Y,37.31276,37,18.765,NULL,-82.35794,82,21.476,NULL,N,NULL,NULL,NULL,NULL,NULL,NULL,NULL,NULL,1,3,2,6,1,5,6,2,7,3,N,NULL,Y,Y,1205,1241,1241,Y,NULL,55,7,0,N,,N,N,098-KY-0080-0,NULL,NULL,2023,O,7.28667E+11,098-KY-0080  -000,HIGH,098-KY-0080  -000,2.288,0,0,0,0,0,0,1,0,0,0,0,1,0
72893463,980100,2.023E+11,20230501,1659,,505,KY3495,,,KY3495,KY3495,0,098 KY-3495,KY3495,Y,N,NULL,NULL,NULL,N,NULL,NULL,NULL,NULL,NULL,NULL,0.198,NULL,NULL,NULL,NULL,,NULL,0,0,2,2,N,N,45,NULL,98,9801,NULL,,Y,37.48859,37,29.315,NULL,-82.54054,82,32.433,NULL,N,NULL,NULL,NULL,NULL,NULL,NULL,NULL,NULL,6,97,2,6,1,1,3,2,5,3,N,NULL,Y,N,1700,1704,,N,NULL,90,17,0,N,,N,N,098-KY-3495-0,NULL,NULL,2023,O,7.28935E+11,098-KY-3495  -000,HIGH,098-KY-3495  -000,0.197,0,0,0,0,0,0,1,0,0,0,0,0,0
72808718,980100,2.022E+11,20220919,1303,,151,KY3496,,,KY3496,KY3496,,,,Y,N,NULL,NULL,NULL,N,NULL,NULL,NULL,NULL,NULL,NULL,0.836,NULL,NULL,NULL,NULL,,NULL,0,0,2,2,N,N,35,NULL,98,9801,NULL,,Y,37.47205,37,28.323,NULL,-82.52885,82,31.731,NULL,N,NULL,NULL,NULL,NULL,NULL,NULL,NULL,NULL,5,97,2,6,1,1,2,2,1,3,N,NULL,Y,N,1304,1313,1313,N,NULL,90,16,0,N,,N,N,,NULL,NULL,2022,O,7.28087E+11,098-KY-3496  -000,HIGH,098-KY-3496  -000,0.836,0,0,0,0,0,0,1,0,0,0,0,0,0
72888585,KSP0900,23-134274,20230409,330,,,FOREST HILLS,,RD,KY0308,KY0308,0,098 KY-308,KY0308,N,N,NULL,NULL,NULL,N,NULL,NULL,NULL,NULL,NULL,NULL,0.636,NULL,NULL,NULL,NULL,,NULL,1,0,1,1,N,N,35,NULL,98,9885,NULL,,Y,37.6333,37,37.998,NULL,-82.29365,82,17.619,NULL,N,NULL,NULL,NULL,NULL,NULL,NULL,NULL,NULL,9,97,2,6,1,1,2,7,7,3,N,NULL,N,Y,330,340,340,N,NULL,40,8,0,N,,N,N,098-KY-0308-0,NULL,NULL,2023,B,7.28886E+11,098-KY-0308  -000,HIGH,098-KY-0308  -000,0.634,0,0,0,0,0,0,0,0,0,1,0,1,0
72927851,KSP0900,23-333322,20230722,136,,,KY1056,,,KY1056,KY1056,0,098 KY-1056,KY1056,N,N,NULL,NULL,NULL,N,NULL,NULL,NULL,NULL,NULL,NULL,11.242,NULL,NULL,NULL,NULL,,NULL,0,0,1,1,N,N,35,NULL,98,9863,NULL,,Y,37.61667,37,37,NULL,-82.16689,82,10.014,NULL,N,NULL,NULL,NULL,NULL,NULL,NULL,NULL,NULL,9,3,2,3,1,1,2,6,7,3,N,NULL,N,N,136,155,245,N,NULL,44,7,0,N,,N,N,098-KY-1056-0,NULL,NULL,2023,O,7.29279E+11,098-KY-1056  -000,HIGH,098-KY-1056  -000,11.287,0,0,1,0,0,0,0,0,0,0,0,1,0
72950342,980000,23-09-003,20230919,1506,,,KY3154,,,KY3154,KY3154,0,098 KY-3154,KY3154,N,N,NULL,NULL,NULL,N,NULL,NULL,NULL,NULL,NULL,NULL,2.284,NULL,NULL,NULL,NULL,,NULL,0,0,2,2,N,N,35,NULL,98,9833,NULL,,Y,37.60318,37,36.191,NULL,-82.33076,82,19.845,NULL,N,NULL,NULL,NULL,NULL,NULL,NULL,NULL,NULL,5,3,2,3,1,1,2,2,6,3,N,NULL,N,N,1430,1458,1527,N,NULL,70,9,0,N,,N,N,098-KY-3154-0,NULL,NULL,2023,O,7.29503E+11,098-KY-3154  -000,HIGH,098-KY-3154  -000,2.283,0,0,0,0,0,0,0,0,0,0,0,0,0
72896926,KSP0900,23-177088,20230510,734,,,WILDCAT,,DR,,,0,098 CR-1703,CR1703,Y,N,NULL,NULL,NULL,N,NULL,NULL,NULL,NULL,NULL,NULL,0.169,NULL,NULL,NULL,NULL,,NULL,0,0,2,2,N,N,NULL,NULL,98,9801,NULL,,Y,37.38111,37,22.867,NULL,-82.53728,82,32.237,NULL,N,NULL,NULL,NULL,NULL,NULL,NULL,NULL,NULL,8,97,NULL,6,1,1,2,2,8,1,N,NULL,Y,Y,739,812,832,N,NULL,90,,,N,,N,N,098-CR-1703-0,NULL,NULL,2023,O,7.28969E+11,098-CR-1703  -000,HIGH,098-CR-1703  -000,0.191,0,0,1,0,0,0,1,0,0,0,0,0,0
72897375,KSP0900,2023-175590,20230509,52,,,US23,,,US0023,US0023,0,098 US-23,US0023,N,N,NULL,NULL,NULL,N,NULL,NULL,NULL,NULL,NULL,NULL,27.364,NULL,NULL,NULL,NULL,,NULL,0,0,2,2,N,N,55,NULL,98,9801,NULL,,Y,37.51089,37,30.653,NULL,-82.54852,82,32.911,NULL,N,NULL,NULL,NULL,NULL,NULL,NULL,NULL,NULL,1,3,4,6,1,1,2,6,7,3,N,NULL,N,N,524,524,524,N,NULL,55,,1,N,,N,N,098-US-0023-0,NULL,NULL,2023,O,7.28974E+11,098-US-0023  -000,HIGH,098-US-0023  -000,27.36,0,0,0,1,0,0,1,0,0,0,0,0,0
72962338,980100,2.023E+11,20231021,1108,,,US23,,,US0023,US0023,,,,N,Y,KY3227 CROSSOVER,,,N,NULL,NULL,NULL,NULL,NULL,NULL,27.378,NULL,NULL,NULL,NULL,,NULL,0,0,2,2,N,N,55,NULL,98,9801,NULL,,Y,37.51082,37,30.649,NULL,-82.54884,82,32.931,NULL,N,NULL,NULL,NULL,NULL,NULL,NULL,NULL,NULL,5,3,6,6,1,1,2,2,7,3,N,NULL,Y,N,1108,1110,,N,NULL,35,,1,N,,N,N,,NULL,NULL,2023,O,7.29623E+11,098-US-0023  -010,MEDIUM,098-US-0023  -000,27.375,0,0,0,1,0,0,1,1,0,0,1,0,0
72845136,980500,2022AR060,20221221,1410,,4367,MAYO,N,TRL,,,,,,Y,N,NULL,NULL,NULL,N,NULL,NULL,NULL,NULL,NULL,NULL,NULL,NULL,NULL,NULL,NULL,NULL,NULL,0,0,2,2,N,N,15,NULL,98,9807,NULL,,Y,37.52794,37,31.676,NULL,-82.57542,82,34.525,NULL,N,NULL,NULL,NULL,NULL,NULL,NULL,NULL,NULL,2,97,NULL,6,1,1,2,2,1,3,N,NULL,Y,Y,1410,1415,,N,NULL,90,,,N,,N,N,,NULL,NULL,2022,O,7.28451E+11,098-US-0023  -010,MEDIUM,098-US-0023  -000,29.32,0,0,1,0,0,0,0,0,0,0,0,0,0
72867243,980100,2.023E+11,20230218,615,,106,KY1426,,,KY1426,KY1426,0,098 KY-1426,KY1426,N,Y,BLAIR,,ST,N,NULL,NULL,NULL,NULL,NULL,NULL,7.592,NULL,NULL,NULL,NULL,,NULL,1,0,2,1,Y,N,45,NULL,98,9801,NULL,,Y,37.49037,37,29.422,NULL,-82.49877,82,29.926,NULL,N,NULL,NULL,NULL,NULL,NULL,NULL,NULL,NULL,9,5,2,6,1,1,2,6,6,3,Y,NULL,N,Y,615,619,633,N,NULL,2,,0,N,,N,N,098-KY-1426-0,NULL,NULL,2023,A,7.28672E+11,098-KY-1426  -000,HIGH,098-KY-1426  -000,7.593,0,0,0,0,0,1,0,0,0,0,1,0,0
72853368,980100,2.023E+11,20230112,908,,,BYPASS,S,RD,KY1426,KY1426,0,098 KY-1426,KY1426,N,N,NULL,NULL,NULL,N,NULL,NULL,NULL,NULL,NULL,NULL,6.107,NULL,NULL,NULL,NULL,,NULL,0,0,2,2,N,N,35,NULL,98,9801,NULL,,Y,37.47705,37,28.623,NULL,-82.517,82,31.02,NULL,N,NULL,NULL,NULL,NULL,NULL,NULL,NULL,NULL,1,3,2,6,1,1,2,2,7,3,N,NULL,Y,N,908,911,911,N,NULL,55,,0,N,,N,N,098-KY-1426-0,NULL,NULL,2023,O,7.28534E+11,098-KY-1426  -000,HIGH,098-KY-1426  -000,6.127,0,0,0,0,0,0,0,0,0,0,0,0,0
72897617,KSP0900,23-173048,20230507,1054,,,US119,,,US0119,US0119,0,098 US-119,US0119,N,N,NULL,NULL,NULL,N,NULL,NULL,NULL,NULL,NULL,NULL,14.523,NULL,NULL,NULL,NULL,,NULL,0,0,1,1,N,N,55,NULL,98,9834,NULL,,Y,37.61536,37,36.922,NULL,-82.34297,82,20.578,NULL,N,NULL,NULL,NULL,NULL,NULL,NULL,NULL,NULL,9,3,4,6,1,1,3,2,7,3,N,NULL,Y,N,1131,1144,1144,N,NULL,70,2,1,N,,N,N,098-US-0119-0,NULL,NULL,2023,O,7.28976E+11,098-US-0119  -000,HIGH,098-US-0119  -000,14.605,0,0,0,0,0,0,0,0,0,0,0,1,0
72943113,KSP0900,23-378944,20230902,552,,,HOSPITAL,,DR,,,0,098 CR-1015C,CR1015C,Y,N,NULL,NULL,NULL,N,NULL,NULL,NULL,NULL,NULL,NULL,0.264,NULL,NULL,NULL,NULL,,NULL,0,0,2,2,Y,N,NULL,NULL,98,9834,NULL,,Y,37.67643,37,40.586,NULL,-82.29646,82,17.787,NULL,N,NULL,NULL,NULL,NULL,NULL,NULL,NULL,NULL,7,7,NULL,6,1,1,2,5,5,3,N,NULL,Y,N,738,812,738,N,NULL,90,,,N,,N,N,098-CR-1015C-0,NULL,NULL,2023,NULL,7.29431E+11,098-CR-1015C -000,HIGH,098-CR-1015C -000,0.119,0,0,0,0,0,0,0,0,0,0,0,0,0
72874699,980100,2.023E+11,20230312,2236,,805,HAMBLEY,,BLVD,,,0,098 CS-1222,CS1222,Y,N,NULL,NULL,NULL,N,NULL,NULL,NULL,NULL,NULL,NULL,0.511,NULL,NULL,NULL,NULL,,NULL,0,0,1,1,Y,N,NULL,NULL,98,9801,NULL,,Y,37.47855,37,28.713,NULL,-82.52026,82,31.216,NULL,N,NULL,NULL,NULL,NULL,NULL,NULL,NULL,NULL,9,97,NULL,6,1,1,3,8,1,3,N,NULL,Y,N,2236,2236,2236,Y,NULL,90,,,N,,N,N,098-CS-1222-0,NULL,NULL,2023,O,7.28747E+11,098-CS-1222  -000,HIGH,098-CS-1222  -000,0.511,0,0,1,0,0,0,0,0,0,0,0,1,0
72862681,KSP0900,23-46571,20230206,848,,,MARROWBONE CREEK,,RD,KY0195,KY0195,,,,N,N,NULL,NULL,NULL,N,NULL,NULL,NULL,NULL,NULL,NULL,6.621,NULL,NULL,NULL,NULL,,NULL,0,0,1,1,N,N,35,NULL,98,9830,NULL,,Y,37.326,37,19.56,NULL,-82.45677,82,27.406,NULL,N,NULL,NULL,NULL,NULL,NULL,NULL,NULL,NULL,9,5,2,6,1,5,2,2,6,3,N,NULL,Y,N,848,901,901,N,NULL,44,7,0,N,,N,N,,NULL,NULL,2023,O,7.28627E+11,098-KY-0195  -000,HIGH,098-KY-0195  -000,6.631,0,0,0,0,0,0,0,0,0,0,0,1,0