MasterFile,AgencyORINumber,LocalCode,CollisionDate,CollisionTime,CollisionDayWeekCode,RoadwayName_HouseBusinessNumber_,RoadwayName_RoadwayName_,RoadwayName_Direction_,RoadwayName_RoadwaySuffix_,RoadwayfromReport,CurrentRoadwayNumber,RoadwayNumberCoupletID,RSEUniqueGIS,RoadwayIdentifier,ParkingLotIndicator,IntersectionWith_Indicator_,IntersectionWith_NameRoadway_,IntersectionWith_Direction_,IntersectionWith_RoadwaySuffix_,BetweenStreets_Indicator_,BetweenStreets1_NameRoadway_,BetweenStreet1_Direction_,BetweenStreets1_RoadwaySuffix_,BetweenStreets2_NameRoadway_,BetweenStreets2_Direction_,BetweenStreets2_RoadwaySuffix_,Milepoint,ReportMilepointDeriveNumber,CurrentDerivedMiepointNumber,MilestoMilepoint,FeettoMilepoint,DirectionfromMilepoint_NSEW_,ValidMilepointIndicator,NumberInjured,NumberKilled,ofUnits,ofMotorVehicleUnits,Hit&RunIndicator,OneWayIndicator,SpeedLimitNumber,KilometersIndicator,CountyCode,CityCountyCode,MilesFromCity,DirectionFromCity_NSEW_,InCityLimitsIndicator,Latitude,LatitudeDegrees,LatitudeMinutes,LatitudeSeconds,Longitude,LongitudeDegrees,LongitudeMinutes,LongitudeSeconds,RampIndicator,RampFromIdentifier,RampFromDirCode,RampFromCoupletID,RSEUniqueGISRampFrom,RampToidentifier,RampToDirCode,RampToCoupletID,RSEUniqueGisRampTo,MannerofCollisionCode,LocationFirstEventCode,TotalLanes,RoadwayCharacterCode,RoadwaySurfaceCode,RoadwayConditionCode,WeatherCode,LightConditionCode,LandUseCode,SchoolBusRelatedCode,FirstAidSceneIndicator,CollDescPresentInd,InvestigationCompleteIndicator,PhotosTakenIndicator,TimeNotified,TimeArrived,TimeRoadwayOpened,PropertyDamageIndicator,DiagramPresentIndicator,DirectionalAnalysis,FunctionClassCode,NationalHwySysCode,EnforcementsIndicator,KARSCityCode,SecondaryCollisionIndicator,MedianCrossoverIndicator,RT_UNIQUE,MapIt,TimeLastLeft,YR,KABCO,MFNY,WorkingRID,RT_CONFIDENCE,KTC_RT,KTC_MP,Motorcyclist,CommercialVehicle,YoungDriver,MatureDriver,pedestrian,Bicyclist,Distracted,agressive,Impaired,Unrestrained,Intersection,RoadwayDeparture,MedXover
72887410,980100,2.023E+11,20230405,2142,,,LEE,,AVE,,,,,,N,N,NULL,NULL,NULL,N,NULL,NULL,NULL,NULL,NULL,NULL,NULL,NULL,NULL,NULL,NULL,NULL,NULL,0,0,2,2,N,N,25,NULL,98,9801,NULL,,Y,37.50306,37,30.183,NULL,-82.53511,82,32.107,NULL,N,NULL,NULL,NULL,NULL,NULL,NULL,NULL,NULL,8,3,2,6,1,5,6,5,1,3,N,NULL,Y,N,2142,2148,2148,N,NULL,53,,,N,,N,N,,NULL,NULL,2023,O,7.28874E+11,098-CS-1261  -000,MEDIUM,098-CS-1261  -000,0.004,0,0,0,0,0,0,1,0,0,0,0,1,0
72859919,980100,2.023E+11,20230119,1754,,,US23,,,US0023,US0023,0,098 US-23,US0023,N,N,NULL,NULL,NULL,N,NULL,NULL,NULL,NULL,NULL,NULL,25.95,NULL,NULL,NULL,NULL,,NULL,3,0,2,2,N,N,55,NULL,98,9801,NULL,,Y,37.49894,37,29.937,NULL,-82.53131,82,31.879,NULL,N,NULL,NULL,NULL,NULL,NULL,NULL,NULL,NULL,1,3,4,6,1,1,2,3,1,3,N,NULL,Y,Y,1755,1802,1843,N,NULL,55,,1,N,,N,Y,098-US-0023-0,NULL,NULL,2023,C,7.28599E+11,098-US-0023  -000,HIGH,098-US-0023  -000,25.889,0,0,1,0,0,0,1,0,0,0,0,1,1
72848720,980500,2022AR063,20221230,1225,,,US23,,,US0023,US0023,0,098 US-23,US0023,N,N,NULL,NULL,NULL,N,NULL,NULL,NULL,NULL,NULL,NULL,NULL,NULL,NULL,NULL,NULL,NULL,NULL,0,0,2,2,N,N,45,NULL,98,9807,NULL,,Y,37.51933,37,31.16,NULL,-82.56633,82,33.98,NULL,N,NULL,NULL,NULL,NULL,NULL,NULL,NULL,NULL,1,3,6,6,1,1,2,2,7,3,N,NULL,Y,Y,1225,1225,1225,N,NULL,55,,1,N,,N,N,098-US-0023-0,NULL,NULL,2022,O,7.28487E+11,098-US-0023  -000,HIGH,098-US-0023  -000,28.541,0,0,0,0,0,0,1,0,0,0,0,0,0
72862466,980500,2023AR004,20230206,1356,,,US23,,,US0023,US0023,0,098 US-23-10,US0023,N,N,NULL,NULL,NULL,N,NULL,NULL,NULL,NULL,NULL,NULL,NULL,NULL,NULL,NULL,NULL,NULL,NULL,0,0,2,2,N,N,45,NULL,98,9807,NULL,,Y,37.52418,37,31.451,NULL,-82.57224,82,34.334,NULL,N,NULL,NULL,NULL,NULL,NULL,NULL,NULL,NULL,8,3,6,6,1,1,2,2,7,3,N,NULL,Y,Y,1356,1400,1402,N,NULL,53,,1,N,,N,N,098-US-0023-10,NULL,NULL,2023,O,7.28625E+11,098-US-0023  -010,HIGH,098-US-0023  -000,29.011,0,0,1,1,0,0,1,0,0,0,0,1,0
72887082,KSP0900,23-136937,20230411,812,,,US23,,,US0023,US0023,0,098 US-23-10,US0023,Y,N,NULL,NULL,NULL,N,NULL,NULL,NULL,NULL,NULL,NULL,4.512,NULL,NULL,NULL,NULL,,NULL,0,0,2,2,N,N,55,NULL,98,9809,2,N,N,37.28179,37,16.907,NULL,-82.57401,82,34.441,NULL,N,NULL,NULL,NULL,NULL,NULL,NULL,NULL,NULL,2,97,0,6,1,1,2,2,7,3,N,NULL,Y,N,812,821,851,N,NULL,90,,1,Y,,N,N,098-US-0023-10,NULL,NULL,2023,O,7.28871E+11,098-US-0023  -010,HIGH,098-US-0023  -000,4.522,0,0,0,0,0,0,0,0,0,0,0,0,0
72910353,980100,2.023E+11,20230609,1018,,,US23,,,US0023,US0023,0,098 US-23,US0023,N,N,NULL,NULL,NULL,N,NULL,NULL,NULL,NULL,NULL,NULL,26.281,NULL,NULL,NULL,NULL,,NULL,0,0,3,3,N,N,55,NULL,98,9801,NULL,,Y,37.50363,37,30.218,NULL,-82.53214,82,31.929,NULL,N,NULL,NULL,NULL,NULL,NULL,NULL,NULL,NULL,8,3,4,6,1,1,2,2,7,3,N,NULL,Y,N,1018,1023,1024,N,NULL,53,,1,N,,N,N,098-US-0023-0,NULL,NULL,2023,O,7.29104E+11,098-US-0023  -000,HIGH,098-US-0023  -000,26.219,0,0,0,0,0,0,0,0,0,0,0,1,0
72933911,980100,2.023E+11,20230813,930,,,KY3496,,,KY3496,KY3496,0,098 KY-3496,KY3496,Y,N,NULL,NULL,NULL,N,NULL,NULL,NULL,NULL,NULL,NULL,0.761,NULL,NULL,NULL,NULL,,NULL,0,0,2,2,N,N,15,NULL,98,9801,NULL,,Y,37.47203,37,28.322,NULL,-82.53024,82,31.815,NULL,N,NULL,NULL,NULL,NULL,NULL,NULL,NULL,NULL,2,97,2,6,1,1,3,2,1,3,N,NULL,Y,N,930,936,936,N,NULL,90,16,0,N,,N,N,098-KY-3496-0,NULL,NULL,2023,O,7.29339E+11,098-KY-3496  -000,HIGH,098-KY-3496  -000,0.761,0,0,0,0,0,0,1,0,0,0,0,0,0
72886765,KSP0900,23-110002,20230323,755,,,POPLAR FORK WOODMAN,,RD,KY2059,KY2059,0,098 KY-2059,KY2059,N,N,NULL,NULL,NULL,N,NULL,NULL,NULL,NULL,NULL,NULL,6.003,NULL,NULL,NULL,NULL,,NULL,3,0,2,2,N,N,55,NULL,98,9825,NULL,,Y,37.55421,37,33.253,NULL,-82.07378,82,4.427,NULL,N,NULL,NULL,NULL,NULL,NULL,NULL,NULL,NULL,3,3,2,3,1,1,3,2,7,3,Y,NULL,N,N,730,759,900,N,NULL,52,9,0,N,,N,N,098-KY-2059-0,NULL,NULL,2023,B,7.28868E+11,098-KY-2059  -000,HIGH,098-KY-2059  -000,6.027,0,0,0,0,0,0,1,0,0,0,0,1,0
72872366,KSP0900,23-85132,20230304,2226,,,KY1056,,,KY1056,KY1056,0,098 KY-1056,KY1056,N,N,NULL,NULL,NULL,N,NULL,NULL,NULL,NULL,NULL,NULL,5.372,NULL,NULL,NULL,NULL,,NULL,0,0,1,1,N,N,35,NULL,98,9879,NULL,,Y,37.5583,37,33.498,NULL,-82.1908,82,11.448,NULL,N,NULL,NULL,NULL,NULL,NULL,NULL,NULL,NULL,9,3,2,3,1,1,2,6,7,3,N,NULL,N,N,2226,2237,2240,N,NULL,70,7,0,N,,N,N,098-KY-1056-0,NULL,NULL,2023,O,7.28724E+11,098-KY-1056  -000,HIGH,098-KY-1056  -000,5.367,0,0,1,0,0,0,1,0,0,0,0,1,0
72863396,KSP0900,23-49357,20230207,759,,,KY194,W,,KY0194,KY0194,0,098 KY-194,KY0194,N,N,NULL,NULL,NULL,N,NULL,NULL,NULL,NULL,NULL,NULL,15.996,NULL,NULL,NULL,NULL,,NULL,0,0,1,1,N,N,45,NULL,98,9887,NULL,,Y,37.56771,37,34.062,NULL,-82.46614,82,27.968,NULL,N,NULL,NULL,NULL,NULL,NULL,NULL,NULL,NULL,9,3,2,2,1,5,3,2,7,3,N,NULL,N,N,759,811,811,N,NULL,38,7,0,N,,N,N,098-KY-0194-0,NULL,NULL,2023,O,7.28634E+11,098-KY-0194  -000,HIGH,098-KY-0194  -000,15.986,0,0,0,0,0,0,0,0,0,0,0,0,0
72992592,KSP0900,23-503713,20231227,1240,,,TOLER,,RD,KY0319,KY0319,0,098 KY-319,KY0319,N,N,NULL,NULL,NULL,N,NULL,NULL,NULL,NULL,NULL,NULL,5.771,NULL,NULL,NULL,NULL,,NULL,2,0,2,2,N,N,35,NULL,98,9842,NULL,,Y,37.62971,37,37.782,NULL,-82.24902,82,14.942,NULL,N,NULL,NULL,NULL,NULL,NULL,NULL,NULL,NULL,1,3,2,6,1,5,3,2,7,3,Y,NULL,Y,Y,1240,1304,1400,N,NULL,55,7,0,Y,,N,N,098-KY-0319-0,NULL,NULL,2023,C,7.29926E+11,098-KY-0319  -000,HIGH,098-KY-0319  -000,5.776,0,0,0,1,0,0,0,1,0,0,0,1,0
72933390,KSP0900,23-354414,20230810,1626,,54028,KY194,,,KY0194,KY0194,0,098 KY-194,KY0194,N,N,NULL,NULL,NULL,N,NULL,NULL,NULL,NULL,NULL,NULL,71.027,NULL,NULL,NULL,NULL,,NULL,0,0,1,1,N,N,35,NULL,98,9825,NULL,,Y,37.48666,37,29.2,NULL,-82.05305,82,3.183,NULL,N,NULL,NULL,NULL,NULL,NULL,NULL,NULL,NULL,9,5,2,6,1,1,3,2,7,3,N,NULL,Y,N,1758,1840,1626,Y,NULL,51,7,0,N,,N,N,098-KY-0194-0,NULL,NULL,2023,O,7.29334E+11,098-KY-0194  -000,HIGH,098-KY-0194  -000,71.068,0,0,0,0,0,0,0,0,0,0,0,1,0
72879627,980100,2.023E+11,20230315,1440,,,CASSIDY,,BLVD,,,0,098 CS-1191,CS1191,N,N,NULL,NULL,NULL,N,NULL,NULL,NULL,NULL,NULL,NULL,0.022,NULL,NULL,NULL,NULL,,NULL,0,0,2,2,N,N,55,NULL,98,9801,NULL,,Y,37.50372,37,30.223,NULL,-82.53252,82,31.951,NULL,N,NULL,NULL,NULL,NULL,NULL,NULL,NULL,NULL,8,3,2,6,1,1,2,2,1,3,N,NULL,Y,N,1440,1448,,N,NULL,53,,,N,,N,N,098-CS-1191-0,NULL,NULL,2023,O,7.28796E+11,098-CS-1191  -000,HIGH,098-CS-1191  -000,0.022,0,0,0,1,0,0,1,0,0,0,0,1,0
72850734,KSP0900,23-4714,20230104,1618,,,FERRELLS CREEK,,RD,US0460,US0460,0,098 US-460,US0460,N,N,NULL,NULL,NULL,N,NULL,NULL,NULL,NULL,NULL,NULL,25.283,NULL,NULL,NULL,NULL,,NULL,0,0,1,1,N,N,55,NULL,98,9847,NULL,,Y,37.36375,37,21.825,NULL,-82.21909,82,13.145,NULL,N,NULL,NULL,NULL,NULL,NULL,NULL,NULL,NULL,9,3,2,3,1,1,2,2,7,3,N,NULL,Y,N,1618,1645,1645,N,NULL,40,,1,N,,N,N,098-US-0460-0,NULL,NULL,2023,O,7.28507E+11,098-US-0460  -000,HIGH,098-US-0460  -000,25.265,0,0,0,0,0,0,0,0,0,0,0,1,0
72917508,KSP0900,23-309838,20230701,1452,,,US23,,,US0023,US0023,,,,Y,N,NULL,NULL,NULL,N,NULL,NULL,NULL,NULL,NULL,NULL,25.904,NULL,NULL,NULL,NULL,,NULL,0,0,2,2,Y,N,15,NULL,98,9801,NULL,,Y,37.4983,37,29.898,NULL,-82.53133,82,31.88,NULL,N,NULL,NULL,NULL,NULL,NULL,NULL,NULL,NULL,1,97,1,6,1,5,3,2,5,3,N,NULL,Y,N,1452,1515,1515,N,NULL,90,,1,N,,N,N,,NULL,NULL,2023,NULL,7.29175E+11,098-US-0023  -010,MEDIUM,098-US-0023  -000,25.843,0,0,0,0,0,0,0,0,0,0,0,0,0
72896908,980100,2.023E+11,20230501,1353,,,US119,,,US0119,US0119,0,098 US-119-10,US0119,N,N,NULL,NULL,NULL,N,NULL,NULL,NULL,NULL,NULL,NULL,2.686,NULL,NULL,NULL,NULL,,NULL,2,0,3,3,N,N,55,NULL,98,9801,NULL,,Y,37.51407,37,30.844,NULL,-82.48731,82,29.239,NULL,N,NULL,NULL,NULL,NULL,NULL,NULL,NULL,NULL,1,3,4,6,1,1,2,2,7,3,Y,NULL,Y,Y,1353,1359,1515,N,NULL,55,2,1,N,,N,N,098-US-0119-10,NULL,NULL,2023,C,7.28969E+11,098-US-0119  -010,HIGH,098-US-0119  -000,2.683,0,0,0,0,0,0,0,0,0,0,0,0,0
72942305,980100,2.023E+11,20230831,1623,,,HAMBLEY,,BLVD,,,0,098 CS-1222,CS1222,N,N,NULL,NULL,NULL,N,NULL,NULL,NULL,NULL,NULL,NULL,0.528,NULL,NULL,NULL,NULL,,NULL,0,0,2,2,N,N,35,NULL,98,9801,NULL,,Y,37.47876,37,28.725,NULL,-82.5201,82,31.206,NULL,N,NULL,NULL,NULL,NULL,NULL,NULL,NULL,NULL,4,3,3,6,1,1,2,2,3,3,N,NULL,Y,N,1623,1625,1654,N,NULL,70,,,N,,N,N,098-CS-1222-0,NULL,NULL,2023,O,7.29423E+11,098-CS-1222  -000,HIGH,098-CS-1222  -000,0.528,1,0,0,0,0,0,0,1,0,0,0,0,0
72875008,980100,2.023E+11,20230313,1740,,,US23,,,US0023,US0023,0,098 US-23-10,US0023,N,N,NULL,NULL,NULL,N,NULL,NULL,NULL,NULL,NULL,NULL,26.26,NULL,NULL,NULL,NULL,,NULL,0,0,2,2,N,N,55,NULL,98,9801,NULL,,Y,37.50334,37,30.2,NULL,-82.53232,82,31.939,NULL,N,NULL,NULL,NULL,NULL,NULL,NULL,NULL,NULL,5,3,4,1,1,1,3,2,1,3,N,NULL,Y,N,1741,1744,1744,N,NULL,40,,1,N,,N,N,098-US-0023-10,NULL,NULL,2023,O,7.2875E+11,098-US-0023  -010,HIGH,098-US-0023  -000,26.198,0,0,0,0,0,0,1,0,0,0,0,1,0
72952340,980100,2.023E+11,20230831,1703,,,SYCAMORE,,ST,,,0,098 CS-1168,CS1168,Y,N,NULL,NULL,NULL,N,NULL,NULL,NULL,NULL,NULL,NULL,0.209,NULL,NULL,NULL,NULL,,NULL,0,0,2,2,Y,N,NULL,NULL,98,9801,NULL,,Y,37.47963,37,28.778,NULL,-82.52011,82,31.206,NULL,N,NULL,NULL,NULL,NULL,NULL,NULL,NULL,NULL,8,97,1,6,1,1,2,2,1,3,N,NULL,Y,N,1703,1707,,N,NULL,90,,,N,,N,N,098-CS-1168-0,NULL,NULL,2023,NULL,7.29523E+11,098-CS-1168  -000,HIGH,098-CS-1168  -000,0,0,0,0,0,0,0,0,0,0,0,0,0,0
72902089,980100,2.023E+11,20230516,1239,,,COMBS,,AVE,,,,,,N,N,NULL,NULL,NULL,N,NULL,NULL,NULL,NULL,NULL,NULL,0.005,NULL,NULL,NULL,NULL,,NULL,0,0,2,2,N,N,15,NULL,98,9801,NULL,,Y,37.48168,37,28.901,NULL,-82.51421,82,30.853,NULL,N,NULL,NULL,NULL,NULL,NULL,NULL,NULL,NULL,5,3,2,6,2,1,2,2,7,3,N,NULL,Y,N,1239,1251,,N,NULL,49,,,N,,N,N,,NULL,NULL,2023,O,7.29021E+11,098-CS-1115  -000,MEDIUM,098-CS-1115  -000,0.004,0,0,0,0,0,0,1,1,0,0,0,0,0
72969378,980500,2023AR056,20231103,1342,,,US 23 SOUTH,,,,,,,,N,N,NULL,NULL,NULL,N,NULL,NULL,NULL,NULL,NULL,NULL,NULL,NULL,NULL,NULL,NULL,NULL,NULL,0,0,2,2,N,N,55,NULL,98,9807,NULL,,Y,37.5112,37,30.672,NULL,-82.5502,82,33.012,NULL,N,NULL,NULL,NULL,NULL,NULL,NULL,NULL,NULL,5,3,6,6,1,1,2,2,7,3,N,NULL,Y,Y,1342,1350,1410,N,NULL,49,,,N,,N,N,,NULL,NULL,2023,O,7.29694E+11,098-US-0023  -010,MEDIUM,098-US-0023  -000,27.455,0,0,1,0,0,0,1,1,0,0,0,0,0
72939781,KSP0900,23-367951,20230823,700,,,ROCKHOUSE,,FRK,,,0,098 CR-1395Q4,CR1395Q4,N,N,NULL,NULL,NULL,N,NULL,NULL,NULL,NULL,NULL,NULL,0.544,NULL,NULL,NULL,NULL,,NULL,1,0,1,1,N,N,35,NULL,98,9843,NULL,,Y,37.665,37,39.9,NULL,-82.38538,82,23.123,NULL,N,NULL,NULL,NULL,NULL,NULL,NULL,NULL,NULL,9,3,1,6,1,1,2,2,7,3,Y,NULL,Y,N,700,720,730,N,NULL,44,,,N,,N,N,098-CR-1395Q4-0,NULL,NULL,2023,B,7.29398E+11,098-CR-1395Q4-000,HIGH,098-CR-1395Q4-000,0.549,0,0,0,0,0,0,0,0,0,1,0,1,0
72957726,KSP0900,23-412375,20231003,1118,,,US119,,,US0119,US0119,,,,N,N,NULL,NULL,NULL,N,NULL,NULL,NULL,NULL,NULL,NULL,2.111,NULL,NULL,NULL,NULL,,NULL,1,0,2,2,N,N,55,NULL,98,9801,0.5,N,N,37.51263,37,30.758,NULL,-82.49738,82,29.843,NULL,N,NULL,NULL,NULL,NULL,NULL,NULL,NULL,NULL,5,3,4,6,1,1,2,2,7,3,Y,NULL,Y,Y,1118,1125,1209,N,NULL,49,2,1,N,,N,N,,NULL,NULL,2023,C,7.29577E+11,098-US-0119  -010,MEDIUM,098-US-0119  -000,2.111,0,1,0,1,0,0,1,0,0,0,0,0,0
72902419,980100,2.023E+11,20230519,1626,,,HAMBLEY,,BLVD,,,,,,Y,N,NULL,NULL,NULL,N,NULL,NULL,NULL,NULL,NULL,NULL,0.758,NULL,NULL,NULL,NULL,,NULL,0,0,2,2,N,N,NULL,NULL,98,9801,NULL,,Y,37.48189,37,28.913,NULL,-82.51893,82,31.136,NULL,N,NULL,NULL,NULL,NULL,NULL,NULL,NULL,NULL,2,97,NULL,6,1,1,3,2,5,3,N,NULL,Y,N,1626,1637,1637,N,NULL,90,,,N,,N,N,,NULL,NULL,2023,O,7.29024E+11,098-CS-1222  -000,HIGH,098-CS-1222  -000,0.758,0,0,0,1,0,0,1,0,0,0,0,0,0
72905200,KSP0900,23-204490,20230529,2230,,,US23,,,US0023,US0023,0,098 US-23-10,US0023,N,N,NULL,NULL,NULL,N,NULL,NULL,NULL,NULL,NULL,NULL,6.157,NULL,NULL,NULL,NULL,,NULL,0,0,1,1,N,N,55,NULL,98,9809,NULL,,Y,37.29152,37,17.491,NULL,-82.54964,82,32.978,NULL,N,NULL,NULL,NULL,NULL,NULL,NULL,NULL,NULL,9,3,4,5,1,1,2,6,7,3,N,NULL,Y,Y,2230,2248,2308,N,NULL,38,,1,N,,N,N,098-US-0023-10,NULL,NULL,2023,O,7.29052E+11,098-US-0023  -010,HIGH,098-US-0023  -000,6.159,0,0,0,0,0,0,0,0,0,0,0,0,0
72911594,980000,23-04-007,20230522,1308,,,ROAD,,FRK,,,0,098 CR-1286,CR1286,N,N,NULL,NULL,NULL,N,NULL,NULL,NULL,NULL,NULL,NULL,0.55,NULL,NULL,NULL,NULL,,NULL,0,0,2,2,Y,N,35,NULL,98,9801,NULL,,Y,37.42554,37,25.532,NULL,-82.55144,82,33.086,NULL,N,NULL,NULL,NULL,NULL,NULL,NULL,NULL,NULL,7,3,1,3,1,1,2,2,7,3,N,NULL,Y,Y,1309,1326,1335,N,NULL,54,,,N,,N,N,098-CR-1286-0,NULL,NULL,2023,O,7.29116E+11,098-CR-1286  -000,HIGH,098-CR-1286  -000,0.556,0,1,0,0,0,0,0,0,0,0,0,1,0
72978615,980100,2.023E+11,20231128,155,,,US23,,,US0023,US0023,0,098 US-23,US0023,N,N,NULL,NULL,NULL,N,NULL,NULL,NULL,NULL,NULL,NULL,22.043,NULL,NULL,NULL,NULL,,NULL,0,0,1,1,N,N,55,NULL,98,9801,NULL,,Y,37.45794,37,27.476,NULL,-82.51762,82,31.058,NULL,N,NULL,NULL,NULL,NULL,NULL,NULL,NULL,NULL,9,3,4,3,1,1,2,4,7,3,N,NULL,Y,N,155,159,159,N,NULL,38,,1,N,,N,N,098-US-0023-0,NULL,NULL,2023,O,7.29786E+11,098-US-0023  -000,HIGH,098-US-0023  -000,21.971,0,0,0,0,0,0,0,0,0,0,0,0,0
72974514,KSP0900,23-461357,20231117,742,,,US119,N,,US0119,US0119,0,098 US-119-10,US0119,N,N,NULL,NULL,NULL,N,NULL,NULL,NULL,NULL,NULL,NULL,14.079,NULL,NULL,NULL,NULL,,NULL,0,0,1,1,N,N,55,NULL,98,9833,NULL,,Y,37.61792,37,37.075,NULL,-82.35169,82,21.102,NULL,N,NULL,NULL,NULL,NULL,NULL,NULL,NULL,NULL,9,3,4,6,1,1,3,2,7,3,N,NULL,Y,Y,743,755,755,N,NULL,38,2,1,N,,N,N,098-US-0119-10,NULL,NULL,2023,O,7.29745E+11,098-US-0119  -010,HIGH,098-US-0119  -000,14.087,0,0,0,0,0,0,0,0,0,0,0,0,0
72963771,980100,2.023E+11,20231023,759,,,BAIRD,,AVE,KY1426,KY1426,0,098 KY-1426,KY1426,N,N,NULL,NULL,NULL,N,NULL,NULL,NULL,NULL,NULL,NULL,5.376,NULL,NULL,NULL,NULL,,NULL,0,0,2,2,N,N,55,NULL,98,9801,NULL,,Y,37.47355,37,28.413,NULL,-82.52718,82,31.631,NULL,N,NULL,NULL,NULL,NULL,NULL,NULL,NULL,NULL,5,3,2,3,1,1,2,2,7,3,N,NULL,Y,N,800,804,,N,NULL,49,,0,N,,N,N,098-KY-1426-0,NULL,NULL,2023,O,7.29638E+11,098-KY-1426  -000,HIGH,098-KY-1426  -000,5.376,0,0,0,0,0,0,0,1,0,0,0,0,0
72964641,980500,2023AR054,20231027,1237,,,US 23 SOUTH AND POWER DRIVE INTERSECTION,,,,,,,,N,N,NULL,NULL,NULL,N,NULL,NULL,NULL,NULL,NULL,NULL,NULL,NULL,NULL,NULL,NULL,NULL,NULL,0,0,2,2,N,N,45,NULL,98,9807,NULL,,Y,37.51539,37,30.923,NULL,-82.55957,82,33.574,NULL,N,NULL,NULL,NULL,NULL,NULL,NULL,NULL,NULL,5,3,6,6,1,1,2,2,7,3,N,NULL,Y,Y,1237,1242,1312,N,NULL,49,,,N,,N,N,,NULL,NULL,2023,O,7.29646E+11,098-US-0023  -010,MEDIUM,098-US-0023  -000,28.071,0,0,0,0,0,0,1,1,0,0,0,0,0
72966604,KSP0900,23-441915,20231031,1200,,,GOODY,,LOOP,,,0,098 PR-1024,PR1024,Y,N,NULL,NULL,NULL,N,NULL,NULL,NULL,NULL,NULL,NULL,0.015,NULL,NULL,NULL,NULL,,NULL,0,0,2,2,N,N,NULL,NULL,98,9834,NULL,,Y,37.66009,37,39.605,NULL,-82.27289,82,16.373,NULL,N,NULL,NULL,NULL,NULL,NULL,NULL,NULL,NULL,2,97,NULL,6,1,1,2,2,7,3,N,NULL,Y,N,1200,1200,1200,N,NULL,90,,,N,,N,N,098-PR-1024-0,NULL,NULL,2023,O,7.29666E+11,098-PR-1024  -000,HIGH,098-PR-1024  -000,0.016,0,0,0,0,0,0,0,0,0,0,0,0,0
72944238,KSP0900,23-386892,20230909,1008,,,COLLINS,,HWY,KY0122,KY0122,,,,N,N,NULL,NULL,NULL,N,NULL,NULL,NULL,NULL,NULL,NULL,12.942,NULL,NULL,NULL,NULL,,NULL,0,0,1,1,N,N,55,NULL,98,9824,NULL,,Y,37.4044,37,24.264,NULL,-82.51733,82,31.04,NULL,N,NULL,NULL,NULL,NULL,NULL,NULL,NULL,NULL,9,3,2,3,1,5,2,2,7,3,Y,NULL,N,N,1008,1022,1022,N,NULL,70,,0,N,,N,N,,NULL,NULL,2023,O,7.29442E+11,098-KY-0122  -000,HIGH,098-KY-0122  -000,12.932,0,0,0,0,0,0,0,1,0,0,0,1,0
72912519,KSP0900,23-229904,20230616,2231,,,US460,,,US0460,US0460,0,098 US-460,US0460,N,N,NULL,NULL,NULL,N,NULL,NULL,NULL,NULL,NULL,NULL,2.617,NULL,NULL,NULL,NULL,,NULL,0,0,2,2,N,Y,5,NULL,98,9824,NULL,,Y,37.43042,37,25.825,NULL,-82.48038,82,28.823,NULL,N,NULL,NULL,NULL,NULL,NULL,NULL,NULL,NULL,2,97,1,6,3,1,2,6,5,3,N,NULL,N,N,2200,2231,,N,NULL,47,,1,N,,N,N,098-US-0460-0,NULL,NULL,2023,O,7.29125E+11,098-US-0460  -000,HIGH,098-US-0460  -000,2.738,0,0,0,0,0,0,0,0,0,0,0,0,0
72919646,980100,2.023E+11,20230701,1559,,404,KY3496,,,KY3496,KY3496,,,,Y,N,NULL,NULL,NULL,N,NULL,NULL,NULL,NULL,NULL,NULL,0.353,NULL,NULL,NULL,NULL,,NULL,0,0,2,2,N,N,NULL,NULL,98,9801,NULL,,Y,37.46812,37,28.087,NULL,-82.53312,82,31.987,NULL,N,NULL,NULL,NULL,NULL,NULL,NULL,NULL,NULL,2,97,NULL,6,1,1,2,2,1,3,N,NULL,Y,N,1559,1604,1604,N,NULL,90,16,0,Y,,N,N,,NULL,NULL,2023,O,7.29196E+11,098-KY-3496  -000,HIGH,098-KY-3496  -000,0.352,0,0,0,0,0,0,1,0,0,0,0,0,0
72979875,KSP0900,23-462092,20231117,1913,,,KY611,,,KY0611,KY0611,0,098 KY-611,KY0611,N,N,NULL,NULL,NULL,N,NULL,NULL,NULL,NULL,NULL,NULL,5.79,NULL,NULL,NULL,NULL,,NULL,0,0,1,1,N,N,55,NULL,98,9809,NULL,,Y,37.31528,37,18.917,NULL,-82.54562,82,32.737,NULL,N,NULL,NULL,NULL,NULL,NULL,NULL,NULL,NULL,9,3,2,6,1,5,6,6,7,3,N,NULL,Y,N,1913,1946,1946,N,NULL,70,8,0,N,,N,N,098-KY-0611-0,NULL,NULL,2023,O,7.29799E+11,098-KY-0611  -000,HIGH,098-KY-0611  -000,5.793,0,0,0,0,0,0,0,0,0,0,0,1,0
72934994,980100,2.023E+11,20230815,1829,,,US119,,,US0119,US0119,,,,N,N,NULL,NULL,NULL,N,NULL,NULL,NULL,NULL,NULL,NULL,2.665,NULL,NULL,NULL,NULL,,NULL,0,0,2,2,N,N,55,NULL,98,9801,NULL,,Y,37.51402,37,30.841,NULL,-82.48764,82,29.259,NULL,N,NULL,NULL,NULL,NULL,NULL,NULL,NULL,NULL,5,3,4,6,1,1,2,2,7,3,N,NULL,Y,N,1829,1835,1900,N,NULL,49,2,1,N,,N,N,,NULL,NULL,2023,O,7.2935E+11,098-US-0119  -000,MEDIUM,098-US-0119  -000,2.664,0,0,0,0,0,0,1,0,0,0,0,0,0