MasterFile,AgencyORINumber,LocalCode,CollisionDate,CollisionTime,CollisionDayWeekCode,RoadwayName_HouseBusinessNumber_,RoadwayName_RoadwayName_,RoadwayName_Direction_,RoadwayName_RoadwaySuffix_,RoadwayfromReport,CurrentRoadwayNumber,RoadwayNumberCoupletID,RSEUniqueGIS,RoadwayIdentifier,ParkingLotIndicator,IntersectionWith_Indicator_,IntersectionWith_NameRoadway_,IntersectionWith_Direction_,IntersectionWith_RoadwaySuffix_,BetweenStreets_Indicator_,BetweenStreets1_NameRoadway_,BetweenStreet1_Direction_,BetweenStreets1_RoadwaySuffix_,BetweenStreets2_NameRoadway_,BetweenStreets2_Direction_,BetweenStreets2_RoadwaySuffix_,Milepoint,ReportMilepointDeriveNumber,CurrentDerivedMiepointNumber,MilestoMilepoint,FeettoMilepoint,DirectionfromMilepoint_NSEW_,ValidMilepointIndicator,NumberInjured,NumberKilled,ofUnits,ofMotorVehicleUnits,Hit&RunIndicator,OneWayIndicator,SpeedLimitNumber,KilometersIndicator,CountyCode,CityCountyCode,MilesFromCity,DirectionFromCity_NSEW_,InCityLimitsIndicator,Latitude,LatitudeDegrees,LatitudeMinutes,LatitudeSeconds,Longitude,LongitudeDegrees,LongitudeMinutes,LongitudeSeconds,RampIndicator,RampFromIdentifier,RampFromDirCode,RampFromCoupletID,RSEUniqueGISRampFrom,RampToidentifier,RampToDirCode,RampToCoupletID,RSEUniqueGisRampTo,MannerofCollisionCode,LocationFirstEventCode,TotalLanes,RoadwayCharacterCode,RoadwaySurfaceCode,RoadwayConditionCode,WeatherCode,LightConditionCode,LandUseCode,SchoolBusRelatedCode,FirstAidSceneIndicator,CollDescPresentInd,InvestigationCompleteIndicator,PhotosTakenIndicator,TimeNotified,TimeArrived,TimeRoadwayOpened,PropertyDamageIndicator,DiagramPresentIndicator,DirectionalAnalysis,FunctionClassCode,NationalHwySysCode,EnforcementsIndicator,KARSCityCode,SecondaryCollisionIndicator,MedianCrossoverIndicator,RT_UNIQUE,MapIt,TimeLastLeft,YR,KABCO,MFNY,WorkingRID,RT_CONFIDENCE,KTC_RT,KTC_MP,Motorcyclist,CommercialVehicle,YoungDriver,MatureDriver,pedestrian,Bicyclist,Distracted,agressive,Impaired,Unrestrained,Intersection,RoadwayDeparture,MedXover
72941534,KSP0900,23-378956,20230902,630,,,BIG CREEK,E,RD,KY3220,KY3220,0,098 KY-3220,KY3220,N,N,NULL,NULL,NULL,N,NULL,NULL,NULL,NULL,NULL,NULL,2.512,NULL,NULL,NULL,NULL,,NULL,0,0,1,1,N,N,35,NULL,98,9833,NULL,,Y,37.60868,37,36.521,NULL,-82.32987,82,19.792,NULL,N,NULL,NULL,NULL,NULL,NULL,NULL,NULL,NULL,9,3,2,6,1,1,2,2,7,3,N,NULL,Y,Y,630,630,630,N,NULL,44,8,0,N,,N,N,098-KY-3220-0,NULL,NULL,2023,O,7.29415E+11,098-KY-3220  -000,HIGH,098-KY-3220  -000,2.513,0,0,0,0,0,0,0,0,1,0,0,1,0
72927252,980100,2.023E+11,20230721,1659,,,HUFFMAN,,AVE,,,0,098 CS-1123,CS1123,N,N,NULL,NULL,NULL,N,NULL,NULL,NULL,NULL,NULL,NULL,0.018,NULL,NULL,NULL,NULL,,NULL,0,0,2,2,N,N,15,NULL,98,9801,NULL,,Y,37.47704,37,28.622,NULL,-82.51734,82,31.04,NULL,N,NULL,NULL,NULL,NULL,NULL,NULL,NULL,NULL,1,3,2,6,1,1,2,2,7,3,N,NULL,Y,N,1659,1703,1703,N,NULL,55,,,N,,N,N,098-CS-1123-0,NULL,NULL,2023,O,7.29273E+11,098-CS-1123  -000,HIGH,098-CS-1123  -000,0.018,0,0,0,0,0,0,1,0,0,0,0,0,0
72886748,980100,2.023E+11,20230414,802,,,US23,,,US0023,US0023,0,098 US-23,US0023,N,Y,TOLLAGE,,CRK,N,NULL,NULL,NULL,NULL,NULL,NULL,26.912,NULL,NULL,NULL,NULL,,NULL,1,0,2,2,N,N,55,NULL,98,9801,NULL,,Y,37.50994,37,30.597,NULL,-82.5395,82,32.37,NULL,N,NULL,NULL,NULL,NULL,NULL,NULL,NULL,NULL,1,3,4,6,1,1,3,2,1,3,Y,NULL,Y,Y,802,808,836,N,NULL,10,,1,N,,N,N,098-US-0023-0,NULL,NULL,2023,B,7.28867E+11,098-US-0023  -000,HIGH,098-US-0023  -000,26.853,0,0,0,1,0,0,1,0,0,0,1,0,0
72953043,980100,2.023E+11,20230922,854,,,OWSLEY,,RD,KY1384,KY1384,0,098 KY-1384,KY1384,N,N,NULL,NULL,NULL,N,NULL,NULL,NULL,NULL,NULL,NULL,7.015,NULL,NULL,NULL,NULL,,NULL,2,0,2,2,N,N,45,NULL,98,9801,NULL,,Y,37.48012,37,28.807,NULL,-82.53938,82,32.362,NULL,N,NULL,NULL,NULL,NULL,NULL,NULL,NULL,NULL,5,3,2,6,1,1,2,2,1,3,Y,NULL,Y,Y,854,856,856,N,NULL,49,16,0,Y,,N,N,098-KY-1384-0,NULL,NULL,2023,C,7.2953E+11,098-KY-1384  -000,HIGH,098-KY-1384  -000,7.01,0,0,0,0,0,0,1,0,0,0,0,0,0
72950141,980100,2.023E+11,20230922,1608,,,HUFFMAN,,AVE,,,0,098 CS-1123,CS1123,Y,N,NULL,NULL,NULL,N,NULL,NULL,NULL,NULL,NULL,NULL,0.165,NULL,NULL,NULL,NULL,,NULL,0,0,2,2,Y,N,35,NULL,98,9801,NULL,,Y,37.47834,37,28.7,NULL,-82.51951,82,31.171,NULL,N,NULL,NULL,NULL,NULL,NULL,NULL,NULL,NULL,1,97,NULL,6,1,1,2,2,6,3,N,NULL,Y,N,1608,1612,1624,N,NULL,90,,,N,,N,N,098-CS-1123-0,NULL,NULL,2023,NULL,7.29501E+11,098-CS-1123  -000,HIGH,098-CS-1123  -000,0.168,0,0,0,0,0,0,0,0,0,0,0,0,0
72929121,980100,2.023E+11,20230718,1608,,,US23,,,US0023,US0023,0,098 US-23-10,US0023,N,N,NULL,NULL,NULL,N,NULL,NULL,NULL,NULL,NULL,NULL,27.408,NULL,NULL,NULL,NULL,,NULL,0,0,2,2,N,N,55,NULL,98,9807,NULL,,Y,37.51093,37,30.656,NULL,-82.54929,82,32.957,NULL,N,NULL,NULL,NULL,NULL,NULL,NULL,NULL,NULL,5,3,4,6,1,1,3,2,1,3,N,NULL,Y,N,1608,1422,,N,NULL,49,,1,N,,N,N,098-US-0023-10,NULL,NULL,2023,O,7.29291E+11,098-US-0023  -010,HIGH,098-US-0023  -000,27.401,0,0,0,1,0,0,1,0,0,0,0,0,0
72896422,980100,2.023E+11,20230504,1043,,,US23,,,US0023,US0023,0,098 US-23,US0023,N,N,NULL,NULL,NULL,N,NULL,NULL,NULL,NULL,NULL,NULL,24.819,NULL,NULL,NULL,NULL,,NULL,0,0,2,2,N,N,55,NULL,98,9801,NULL,,Y,37.48639,37,29.184,NULL,-82.54192,82,32.516,NULL,N,NULL,NULL,NULL,NULL,NULL,NULL,NULL,NULL,1,3,4,6,1,1,2,2,7,3,N,NULL,Y,N,1043,1048,1049,N,NULL,55,,1,N,,N,N,098-US-0023-0,NULL,NULL,2023,O,7.28964E+11,098-US-0023  -000,HIGH,098-US-0023  -000,24.778,0,0,0,1,0,0,1,0,0,0,0,0,0
72910354,980100,2.023E+11,20230608,1206,,,US23,,,US0023,US0023,0,098 US-23,US0023,N,N,NULL,NULL,NULL,N,NULL,NULL,NULL,NULL,NULL,NULL,31.559,NULL,NULL,NULL,NULL,,NULL,0,0,2,2,Y,N,55,NULL,98,9801,NULL,,Y,37.53669,37,32.201,NULL,-82.60089,82,36.053,NULL,N,NULL,NULL,NULL,NULL,NULL,NULL,NULL,NULL,5,3,4,6,1,1,2,2,7,3,N,NULL,Y,N,1206,1216,1216,N,NULL,49,,1,N,,N,N,098-US-0023-0,NULL,NULL,2023,O,7.29104E+11,098-US-0023  -000,HIGH,098-US-0023  -000,31.54,0,0,0,1,0,0,0,0,0,0,0,0,0
72937266,KSP0900,23-349401,20230805,2000,,,CANEY CREEK,,RD,KY2061,KY2061,0,098 KY-2061,KY2061,N,N,NULL,NULL,NULL,N,NULL,NULL,NULL,NULL,NULL,NULL,3.862,NULL,NULL,NULL,NULL,,NULL,1,0,1,1,N,N,35,NULL,98,9801,NULL,,Y,37.56544,37,33.926,NULL,-82.55676,82,33.405,NULL,N,NULL,NULL,NULL,NULL,NULL,NULL,NULL,NULL,9,3,2,1,1,1,2,2,7,3,N,NULL,Y,Y,2000,2035,2110,N,NULL,40,,0,N,,N,N,098-KY-2061-0,NULL,NULL,2023,A,7.29373E+11,098-KY-2061  -000,HIGH,098-KY-2061  -000,3.934,0,0,0,0,0,0,0,0,0,0,0,1,0
72932720,980100,2.023E+11,20230807,1159,,,HAMBLEY,,BLVD,,,0,098 CS-1222,CS1222,N,N,NULL,NULL,NULL,N,NULL,NULL,NULL,NULL,NULL,NULL,0.729,NULL,NULL,NULL,NULL,,NULL,0,0,2,2,N,N,25,NULL,98,9801,NULL,,Y,37.48146,37,28.888,NULL,-82.51887,82,31.132,NULL,N,NULL,NULL,NULL,NULL,NULL,NULL,NULL,NULL,8,3,2,6,1,1,3,2,1,3,N,NULL,Y,N,1159,1202,1202,N,NULL,53,,,N,,N,N,098-CS-1222-0,NULL,NULL,2023,O,7.29327E+11,098-CS-1222  -000,HIGH,098-CS-1222  -000,0.726,0,0,1,1,0,0,1,0,0,0,0,1,0
72931316,980100,2.023E+11,20230731,2156,,,KY3496,,,KY3496,KY3496,0,098 KY-3496,KY3496,Y,N,NULL,NULL,NULL,N,NULL,NULL,NULL,NULL,NULL,NULL,0.181,NULL,NULL,NULL,NULL,,NULL,0,0,2,2,N,N,15,NULL,98,9801,NULL,,Y,37.4664,37,27.984,NULL,-82.53088,82,31.853,NULL,N,NULL,NULL,NULL,NULL,NULL,NULL,NULL,NULL,8,97,1,6,1,1,2,5,1,3,N,NULL,Y,N,2156,2159,2159,N,NULL,90,16,0,N,,N,N,098-KY-3496-0,NULL,NULL,2023,O,7.29313E+11,098-KY-3496  -000,HIGH,098-KY-3496  -000,0.186,0,0,0,0,0,0,1,0,0,0,0,0,0
72990043,KSP0900,23-502388,20231225,2238,,,KY195,,,KY0195,KY0195,0,098 KY-195,KY0195,N,N,NULL,NULL,NULL,N,NULL,NULL,NULL,NULL,NULL,NULL,5.019,NULL,NULL,NULL,NULL,,NULL,0,0,1,1,N,N,35,NULL,98,9818,NULL,,Y,37.31402,37,18.841,NULL,-82.47335,82,28.401,NULL,N,NULL,NULL,NULL,NULL,NULL,NULL,NULL,NULL,9,4,2,3,1,5,6,6,7,3,N,NULL,Y,Y,2238,2307,1115,N,NULL,40,8,0,N,,N,N,098-KY-0195-0,NULL,NULL,2023,O,7.299E+11,098-KY-0195  -000,HIGH,098-KY-0195  -000,5.019,0,0,1,0,0,0,0,0,0,0,0,1,0
72948173,980100,2.023E+11,20230915,1743,,,CASSIDY,,BLVD,,,0,098 CS-1191,CS1191,N,N,NULL,NULL,NULL,N,NULL,NULL,NULL,NULL,NULL,NULL,0.264,NULL,NULL,NULL,NULL,,NULL,0,0,2,2,N,N,35,NULL,98,9801,NULL,,Y,37.50467,37,30.28,NULL,-82.53616,82,32.17,NULL,N,NULL,NULL,NULL,NULL,NULL,NULL,NULL,NULL,1,3,4,6,1,1,2,2,1,3,N,NULL,Y,N,1744,1748,1827,N,NULL,55,,,N,,N,N,098-CS-1191-0,NULL,NULL,2023,O,7.29482E+11,098-CS-1191  -000,HIGH,098-CS-1191  -000,0.248,0,0,0,1,0,0,1,1,0,0,0,0,0
72946719,KSP0900,23-387650,20230909,2144,,,US119,N,,US0119,US0119,0,098 US-119-10,US0119,N,N,NULL,NULL,NULL,N,NULL,NULL,NULL,NULL,NULL,NULL,22.634,NULL,NULL,NULL,NULL,,NULL,0,0,2,2,N,N,55,NULL,98,9834,NULL,,Y,37.64004,37,38.402,NULL,-82.25928,82,15.557,NULL,N,NULL,NULL,NULL,NULL,NULL,NULL,NULL,NULL,5,3,2,3,1,5,6,5,7,3,N,NULL,N,N,2144,2150,2150,N,NULL,49,2,1,N,,N,N,098-US-0119-10,NULL,NULL,2023,O,7.29467E+11,098-US-0119  -010,HIGH,098-US-0119  -000,22.633,0,0,1,0,0,0,0,0,0,0,0,0,0
72890591,980500,2023AR015,20230424,830,,,US HWY 23 NORTH,,,,,,,,N,N,NULL,NULL,NULL,N,NULL,NULL,NULL,NULL,NULL,NULL,NULL,NULL,NULL,NULL,NULL,NULL,NULL,0,0,3,3,N,N,45,NULL,98,9807,NULL,,Y,37.51534,37,30.921,NULL,-82.55932,82,33.559,NULL,N,NULL,NULL,NULL,NULL,NULL,NULL,NULL,NULL,1,3,6,6,1,1,2,2,1,3,N,NULL,Y,Y,830,833,940,N,NULL,55,,,N,,N,N,,NULL,NULL,2023,O,7.28906E+11,098-CS-3012  -000,MEDIUM,098-CS-3012  -000,0,0,0,0,0,0,0,0,0,0,0,0,0,0
72964400,980100,2.023E+11,20231025,1512,,,BYPASS,S,RD,KY1426,KY1426,0,098 KY-1426,KY1426,N,N,NULL,NULL,NULL,N,NULL,NULL,NULL,NULL,NULL,NULL,5.698,NULL,NULL,NULL,NULL,,NULL,1,0,1,1,N,N,55,NULL,98,9801,NULL,,Y,37.47281,37,28.369,NULL,-82.52271,82,31.363,NULL,N,NULL,NULL,NULL,NULL,NULL,NULL,NULL,NULL,9,3,2,6,1,1,2,2,7,3,N,NULL,Y,N,1513,1513,1522,N,NULL,70,,0,N,,N,N,098-KY-1426-0,NULL,NULL,2023,C,7.29644E+11,098-KY-1426  -000,HIGH,098-KY-1426  -000,5.699,1,0,0,0,0,0,0,0,0,0,0,1,0
72982192,KSP0900,23-479062,20231203,1841,,,KY194,E,,KY0194,KY0194,0,098 KY-194,KY0194,N,N,NULL,NULL,NULL,N,NULL,NULL,NULL,NULL,NULL,NULL,26.063,NULL,NULL,NULL,NULL,,NULL,0,0,2,2,Y,N,55,NULL,98,9817,NULL,,Y,37.50259,37,30.155,NULL,-82.35825,82,21.495,NULL,N,NULL,NULL,NULL,NULL,NULL,NULL,NULL,NULL,7,3,2,3,1,1,2,6,7,3,N,NULL,N,N,1841,1928,1928,N,NULL,54,6,0,N,,N,N,098-KY-0194-0,NULL,NULL,2023,O,7.29822E+11,098-KY-0194  -000,HIGH,098-KY-0194  -000,26.065,0,0,0,0,0,0,0,0,0,0,0,1,0
72884816,KSP0900,23-127496,20230404,739,,,KY1469,,,KY1469,KY1469,0,098 KY-1469,KY1469,N,N,NULL,NULL,NULL,N,NULL,NULL,NULL,NULL,NULL,NULL,14.053,NULL,NULL,NULL,NULL,,NULL,2,0,3,3,N,N,55,NULL,98,9827,5,N,N,37.36012,37,21.607,NULL,-82.55574,82,33.344,NULL,N,NULL,NULL,NULL,NULL,NULL,NULL,NULL,NULL,5,3,2,6,1,1,2,2,7,3,Y,NULL,Y,Y,739,747,920,N,NULL,49,7,0,N,,N,N,098-KY-1469-0,NULL,NULL,2023,B,7.28848E+11,098-KY-1469  -000,HIGH,098-KY-1469  -000,14.054,0,0,1,0,0,0,0,0,0,0,0,0,0
72890950,KSP0900,23-141336,20230414,800,,,FORD MOUNTAIN,,RD,,,0,098 CR-1364Q4,CR1364Q4,N,N,NULL,NULL,NULL,N,NULL,NULL,NULL,NULL,NULL,NULL,0.342,NULL,NULL,NULL,NULL,,NULL,0,0,1,1,N,N,35,NULL,98,9820,NULL,,Y,37.56982,37,34.189,NULL,-82.45298,82,27.179,NULL,N,NULL,NULL,NULL,NULL,NULL,NULL,NULL,NULL,9,3,2,6,1,1,3,2,7,3,N,NULL,N,N,800,835,900,N,NULL,70,,,N,,N,N,098-CR-1364Q4-0,NULL,NULL,2023,O,7.2891E+11,098-CR-1364Q4-000,HIGH,098-CR-1364Q4-000,0.325,0,0,0,0,0,0,0,0,0,0,0,0,0
72970117,980100,2.023E+11,20231108,905,,,US23,,,US0023,US0023,,,,N,Y,CASSIDY,,BLVD,N,NULL,NULL,NULL,NULL,NULL,NULL,26.311,NULL,NULL,NULL,NULL,,NULL,0,0,2,2,N,N,55,NULL,98,9801,NULL,,Y,37.504,37,30.24,NULL,-82.53239,82,31.943,NULL,N,NULL,NULL,NULL,NULL,NULL,NULL,NULL,NULL,5,3,8,6,1,1,2,2,1,3,N,NULL,Y,N,905,911,,N,NULL,35,,1,N,,N,N,,NULL,NULL,2023,O,7.29701E+11,098-US-0023  -010,MEDIUM,098-US-0023  -000,26.245,0,0,0,0,0,0,1,0,0,0,1,0,0
72902794,KSP0900,2023-00193431,20230522,1041,,,BEAVER CREEK,,RD,KY1373,KY1373,,,,N,N,NULL,NULL,NULL,N,NULL,NULL,NULL,NULL,NULL,NULL,2.587,NULL,NULL,NULL,NULL,,NULL,0,1,1,1,N,N,25,NULL,98,9802,NULL,,Y,37.32879,37,19.727,NULL,-82.32195,82,19.317,NULL,N,NULL,NULL,NULL,NULL,NULL,NULL,NULL,NULL,9,3,2,6,1,1,2,2,7,3,Y,NULL,Y,Y,1041,1055,1326,N,NULL,70,8,0,N,,N,N,,NULL,NULL,2023,K,7.29028E+11,098-KY-1373  -000,HIGH,098-KY-1373  -000,2.512,0,0,0,0,0,0,0,0,0,0,0,1,0
72959156,KSP0900,23-424464,20231014,1746,,,US23,,,US0023,US0023,,,,N,N,NULL,NULL,NULL,N,NULL,NULL,NULL,NULL,NULL,NULL,29.44,NULL,NULL,NULL,NULL,,NULL,0,0,2,2,N,N,45,NULL,98,9807,NULL,,Y,37.52951,37,31.771,NULL,-82.57564,82,34.538,NULL,N,NULL,NULL,NULL,NULL,NULL,NULL,NULL,NULL,4,3,6,6,1,5,6,2,7,3,N,NULL,N,N,1746,1805,1840,N,NULL,70,,1,N,,N,N,,NULL,NULL,2023,O,7.29592E+11,098-US-0023  -000,MEDIUM,098-US-0023  -000,29.422,0,0,0,1,0,0,1,0,0,0,0,0,0
72949875,980100,2.023E+11,20230923,1024,,,CASSIDY,,BLVD,,,,,,N,N,NULL,NULL,NULL,N,NULL,NULL,NULL,NULL,NULL,NULL,0.323,NULL,NULL,NULL,NULL,,NULL,0,0,2,2,N,N,35,NULL,98,9801,NULL,,Y,37.50522,37,30.313,NULL,-82.53731,82,32.238,NULL,N,NULL,NULL,NULL,NULL,NULL,NULL,NULL,NULL,1,3,2,3,1,1,2,2,1,3,N,NULL,Y,N,1025,1034,1038,N,NULL,55,,,N,,N,N,,NULL,NULL,2023,O,7.29499E+11,098-CS-1191  -000,MEDIUM,098-CS-1191  -000,0.323,0,0,1,0,0,0,1,1,0,0,0,0,0
72916939,KSP0900,23-308337,20230630,1054,,,BENT BRANCH,,RD,KY1426,KY1426,0,098 KY-1426,KY1426,N,N,NULL,NULL,NULL,N,NULL,NULL,NULL,NULL,NULL,NULL,17.335,NULL,NULL,NULL,NULL,,NULL,0,0,2,2,N,N,45,NULL,98,9820,NULL,,Y,37.57333,37,34.4,NULL,-82.42886,82,25.732,NULL,N,NULL,NULL,NULL,NULL,NULL,NULL,NULL,NULL,8,3,2,6,1,1,2,2,7,3,N,NULL,Y,N,1120,1151,1200,N,NULL,53,7,0,N,,N,N,098-KY-1426-0,NULL,NULL,2023,O,7.29169E+11,098-KY-1426  -000,HIGH,098-KY-1426  -000,17.336,0,1,0,1,0,0,1,0,0,0,0,1,0
72887037,980100,2.023E+11,20230413,1400,,,US460,,,US0460,US0460,,,,N,N,NULL,NULL,NULL,N,NULL,NULL,NULL,NULL,NULL,NULL,0.249,NULL,NULL,NULL,NULL,,NULL,0,0,2,2,N,N,55,NULL,98,9801,NULL,,Y,37.43902,37,26.341,NULL,-82.50976,82,30.585,NULL,N,NULL,NULL,NULL,NULL,NULL,NULL,NULL,NULL,1,3,2,6,1,1,2,2,7,3,N,NULL,Y,N,1401,1410,1410,N,NULL,55,,1,N,,N,N,,NULL,NULL,2023,O,7.2887E+11,098-US-0460  -000,HIGH,098-US-0460  -000,0.249,0,0,0,1,0,0,0,1,0,0,0,0,0
72894730,980100,2.023E+11,20230504,1805,,,US460,,,US0460,US0460,0,098 US-460,US0460,Y,N,NULL,NULL,NULL,N,NULL,NULL,NULL,NULL,NULL,NULL,0.193,NULL,NULL,NULL,NULL,,NULL,0,0,2,2,N,N,15,NULL,98,9801,NULL,,Y,37.43974,37,26.384,NULL,-82.50915,82,30.549,NULL,N,NULL,NULL,NULL,NULL,NULL,NULL,NULL,NULL,5,97,1,6,1,1,2,2,1,3,N,NULL,Y,N,1805,1815,1815,N,NULL,90,,1,Y,,N,N,098-US-0460-0,NULL,NULL,2023,O,7.28947E+11,098-US-0460  -000,HIGH,098-US-0460  -000,0.193,0,0,0,0,0,0,0,0,1,0,0,0,0
72926822,KSP0900,23-338392,20230726,1740,,,ALLEGHENY,,RD,,,0,098 CR-1200Q3,CR1200Q3,N,N,NULL,NULL,NULL,N,NULL,NULL,NULL,NULL,NULL,NULL,0.509,NULL,NULL,NULL,NULL,,NULL,0,0,2,2,N,N,35,NULL,98,9835,NULL,,Y,37.28506,37,17.104,NULL,-82.4723,82,28.338,NULL,N,NULL,NULL,NULL,NULL,NULL,NULL,NULL,NULL,7,3,1,6,1,1,2,2,7,3,N,NULL,Y,N,1855,1916,1916,N,NULL,54,,,N,,N,N,098-CR-1200Q3-0,NULL,NULL,2023,O,7.29268E+11,098-CR-1200Q3-000,HIGH,098-CR-1200Q3-000,0.508,0,0,0,0,0,0,0,0,0,0,0,1,0
72890525,KSP0900,23-136863,20230411,541,,,SHELBIANA,E,RD,US0460,US0460,,,,N,N,NULL,NULL,NULL,N,NULL,NULL,NULL,NULL,NULL,NULL,4.225,NULL,NULL,NULL,NULL,,NULL,0,0,1,1,N,N,45,NULL,98,9824,NULL,,Y,37.41885,37,25.131,NULL,-82.45805,82,27.483,NULL,N,NULL,NULL,NULL,NULL,NULL,NULL,NULL,NULL,9,3,2,6,1,1,2,4,7,3,N,NULL,N,N,541,548,623,N,NULL,44,,1,N,,N,N,,NULL,NULL,2023,O,7.28905E+11,098-US-0460  -000,HIGH,098-US-0460  -000,4.226,0,0,1,0,0,0,0,0,0,0,0,1,0
72963273,KSP0900,23-431082,20231021,1048,,,KY80,,,KY0080,KY0080,0,098 KY-80,KY0080,N,N,NULL,NULL,NULL,N,NULL,NULL,NULL,NULL,NULL,NULL,1.857,NULL,NULL,NULL,NULL,,NULL,5,0,2,2,N,N,55,NULL,98,9802,NULL,,Y,37.31733,37,19.039,NULL,-82.36315,82,21.789,NULL,N,NULL,NULL,NULL,NULL,NULL,NULL,NULL,NULL,1,3,2,6,1,1,2,2,7,3,Y,NULL,Y,Y,1046,1105,1200,N,NULL,55,7,5,N,,N,N,098-KY-0080-0,NULL,NULL,2023,A,7.29633E+11,098-KY-0080  -000,HIGH,098-KY-0080  -000,1.862,0,0,0,1,0,0,1,0,0,0,0,0,0
72926425,KSP0900,23-337375,20230725,1826,,,KY122,,,KY0122,KY0122,0,098 KY-122,KY0122,N,N,NULL,NULL,NULL,N,NULL,NULL,NULL,NULL,NULL,NULL,7.243,NULL,NULL,NULL,NULL,,NULL,0,0,2,2,N,N,55,NULL,98,9827,5,N,N,37.37417,37,22.45,NULL,-82.58567,82,35.14,NULL,N,NULL,NULL,NULL,NULL,NULL,NULL,NULL,NULL,8,3,2,6,1,1,2,2,7,3,N,NULL,Y,N,1826,1934,1826,N,NULL,53,,0,N,,N,N,098-KY-0122-0,NULL,NULL,2023,O,7.29264E+11,098-KY-0122  -000,HIGH,098-KY-0122  -000,7.254,0,0,0,0,0,0,0,1,0,0,0,1,0
72984682,980100,2.023E+11,20231203,1232,,183,CASSIDY,,BLVD,,,0,098 CS-1191,CS1191,Y,N,NULL,NULL,NULL,N,NULL,NULL,NULL,NULL,NULL,NULL,0.218,NULL,NULL,NULL,NULL,,NULL,0,0,2,2,N,N,NULL,NULL,98,9801,NULL,,Y,37.50422,37,30.253,NULL,-82.53548,82,32.129,NULL,N,NULL,NULL,NULL,NULL,NULL,NULL,NULL,NULL,2,97,NULL,6,1,1,2,2,1,3,N,NULL,Y,N,1232,1240,1240,N,NULL,90,,,N,,N,N,098-CS-1191-0,NULL,NULL,2023,O,7.29847E+11,098-CS-1191  -000,HIGH,098-CS-1191  -000,0.199,0,0,0,1,0,0,1,0,0,1,0,0,0
72935079,980100,2.023E+11,20230817,817,,,US23,,,US0023,US0023,,,,N,N,NULL,NULL,NULL,N,NULL,NULL,NULL,NULL,NULL,NULL,31.514,NULL,NULL,NULL,NULL,,NULL,0,0,1,1,N,N,55,NULL,98,9801,NULL,,Y,37.53662,37,32.198,NULL,-82.60005,82,36.003,NULL,N,NULL,NULL,NULL,NULL,NULL,NULL,NULL,NULL,9,3,4,6,1,1,10,2,1,3,N,NULL,Y,N,817,828,828,N,NULL,38,,1,N,,N,N,,NULL,NULL,2023,O,7.29351E+11,098-US-0023  -000,MEDIUM,098-US-0023  -000,31.493,0,0,0,0,0,0,0,0,0,0,0,0,0
72956899,KSP0900,23-405883,20230926,2151,,,US119,,,US0119,US0119,0,098 US-119-10,US0119,N,N,NULL,NULL,NULL,N,NULL,NULL,NULL,NULL,NULL,NULL,1.98,NULL,NULL,NULL,NULL,,NULL,0,0,2,2,Y,N,55,NULL,98,9801,NULL,,Y,37.51247,37,30.749,NULL,-82.49973,82,29.984,NULL,N,NULL,NULL,NULL,NULL,NULL,NULL,NULL,NULL,8,2,2,5,1,1,2,6,7,3,N,NULL,Y,Y,2154,2201,,N,NULL,47,2,1,Y,,N,N,098-US-0119-10,NULL,NULL,2023,O,7.29569E+11,098-US-0119  -010,HIGH,098-US-0119  -000,1.98,0,0,0,0,0,0,1,0,1,1,0,0,0
72887035,980100,2.023E+11,20230414,1953,,,TOWN MOUNTAIN,,RD,KY1426,KY1426,0,098 KY-1426,KY1426,N,N,NULL,NULL,NULL,N,NULL,NULL,NULL,NULL,NULL,NULL,8.059,NULL,NULL,NULL,NULL,,NULL,0,0,1,1,N,N,35,NULL,98,9801,NULL,,Y,37.49188,37,29.513,NULL,-82.49122,82,29.473,NULL,N,NULL,NULL,NULL,NULL,NULL,NULL,NULL,NULL,9,3,2,2,1,5,5,4,6,3,N,NULL,Y,N,1953,1957,1957,Y,NULL,40,,0,Y,,N,N,098-KY-1426-0,NULL,NULL,2023,O,7.2887E+11,098-KY-1426  -000,HIGH,098-KY-1426  -000,8.055,0,0,0,0,0,0,0,0,0,0,0,1,0
72908585,KSP0900,23-214998,20230606,1045,,,TOLER,,RD,KY0319,KY0319,0,098 KY-319,KY0319,N,N,NULL,NULL,NULL,N,NULL,NULL,NULL,NULL,NULL,NULL,2.833,NULL,NULL,NULL,NULL,,NULL,0,0,2,2,N,N,55,NULL,98,9842,NULL,,Y,37.60349,37,36.209,NULL,-82.21459,82,12.875,NULL,N,NULL,NULL,NULL,NULL,NULL,NULL,NULL,NULL,5,3,2,3,1,1,2,2,7,3,N,NULL,Y,N,1045,1045,1045,N,NULL,49,7,0,N,,N,N,098-KY-0319-0,NULL,NULL,2023,O,7.29086E+11,098-KY-0319  -000,HIGH,098-KY-0319  -000,2.83,0,0,0,1,0,0,1,0,0,0,0,0,0
72945757,980100,2.023E+11,20230913,1620,,,2ND,,ST,,,0,098 CS-1117,CS1117,Y,N,NULL,NULL,NULL,N,NULL,NULL,NULL,NULL,NULL,NULL,0.074,NULL,NULL,NULL,NULL,,NULL,0,0,1,1,N,N,15,NULL,98,9801,NULL,,Y,37.4826,37,28.956,NULL,-82.51629,82,30.977,NULL,N,NULL,NULL,NULL,NULL,NULL,NULL,NULL,NULL,9,97,NULL,4,1,1,2,2,1,3,N,NULL,Y,N,1620,1623,1625,Y,NULL,90,,,N,,N,N,098-CS-1117-0,NULL,NULL,2023,O,7.29458E+11,098-CS-1117  -000,HIGH,098-CS-1117  -000,0.05,0,0,0,0,0,0,1,0,0,0,0,1,0