MasterFile,AgencyORINumber,LocalCode,CollisionDate,CollisionTime,CollisionDayWeekCode,RoadwayName_HouseBusinessNumber_,RoadwayName_RoadwayName_,RoadwayName_Direction_,RoadwayName_RoadwaySuffix_,RoadwayfromReport,CurrentRoadwayNumber,RoadwayNumberCoupletID,RSEUniqueGIS,RoadwayIdentifier,ParkingLotIndicator,IntersectionWith_Indicator_,IntersectionWith_NameRoadway_,IntersectionWith_Direction_,IntersectionWith_RoadwaySuffix_,BetweenStreets_Indicator_,BetweenStreets1_NameRoadway_,BetweenStreet1_Direction_,BetweenStreets1_RoadwaySuffix_,BetweenStreets2_NameRoadway_,BetweenStreets2_Direction_,BetweenStreets2_RoadwaySuffix_,Milepoint,ReportMilepointDeriveNumber,CurrentDerivedMiepointNumber,MilestoMilepoint,FeettoMilepoint,DirectionfromMilepoint_NSEW_,ValidMilepointIndicator,NumberInjured,NumberKilled,ofUnits,ofMotorVehicleUnits,Hit&RunIndicator,OneWayIndicator,SpeedLimitNumber,KilometersIndicator,CountyCode,CityCountyCode,MilesFromCity,DirectionFromCity_NSEW_,InCityLimitsIndicator,Latitude,LatitudeDegrees,LatitudeMinutes,LatitudeSeconds,Longitude,LongitudeDegrees,LongitudeMinutes,LongitudeSeconds,RampIndicator,RampFromIdentifier,RampFromDirCode,RampFromCoupletID,RSEUniqueGISRampFrom,RampToidentifier,RampToDirCode,RampToCoupletID,RSEUniqueGisRampTo,MannerofCollisionCode,LocationFirstEventCode,TotalLanes,RoadwayCharacterCode,RoadwaySurfaceCode,RoadwayConditionCode,WeatherCode,LightConditionCode,LandUseCode,SchoolBusRelatedCode,FirstAidSceneIndicator,CollDescPresentInd,InvestigationCompleteIndicator,PhotosTakenIndicator,TimeNotified,TimeArrived,TimeRoadwayOpened,PropertyDamageIndicator,DiagramPresentIndicator,DirectionalAnalysis,FunctionClassCode,NationalHwySysCode,EnforcementsIndicator,KARSCityCode,SecondaryCollisionIndicator,MedianCrossoverIndicator,RT_UNIQUE,MapIt,TimeLastLeft,YR,KABCO,MFNY,WorkingRID,RT_CONFIDENCE,KTC_RT,KTC_MP,Motorcyclist,CommercialVehicle,YoungDriver,MatureDriver,pedestrian,Bicyclist,Distracted,agressive,Impaired,Unrestrained,Intersection,RoadwayDeparture,MedXover
72958968,980100,2.023E+11,20231012,802,,,US23,,,US0023,US0023,0,098 US-23-10,US0023,N,N,NULL,NULL,NULL,N,NULL,NULL,NULL,NULL,NULL,NULL,25.321,NULL,NULL,NULL,NULL,,NULL,1,0,2,2,N,N,55,NULL,98,9801,NULL,,Y,37.49129,37,29.478,NULL,-82.53592,82,32.155,NULL,N,NULL,NULL,NULL,NULL,NULL,NULL,NULL,NULL,5,3,4,6,1,5,2,2,7,3,Y,NULL,Y,Y,802,809,809,N,NULL,49,,1,N,,N,N,098-US-0023-10,NULL,NULL,2023,C,7.2959E+11,098-US-0023  -010,HIGH,098-US-0023  -000,25.258,0,0,0,0,0,0,1,0,0,0,0,0,0
72930873,KSP0900,23-349830,20230806,914,,,US119,,,US0119,US0119,0,098 US-119-10,US0119,N,N,NULL,NULL,NULL,N,NULL,NULL,NULL,NULL,NULL,NULL,21.785,NULL,NULL,NULL,NULL,,NULL,0,0,1,1,N,N,55,NULL,98,9836,NULL,,Y,37.63052,37,37.831,NULL,-82.26103,82,15.662,NULL,N,NULL,NULL,NULL,NULL,NULL,NULL,NULL,NULL,9,3,2,3,1,5,3,2,7,3,N,NULL,Y,N,914,914,914,N,NULL,44,2,1,N,,N,N,098-US-0119-10,NULL,NULL,2023,O,7.29309E+11,098-US-0119  -010,HIGH,098-US-0119  -000,21.788,0,0,0,1,0,0,0,0,0,0,0,1,0
72955721,980100,2.023E+11,20231006,1639,,,KY1426,,,KY1426,KY1426,0,098 KY-1426,KY1426,N,N,NULL,NULL,NULL,N,NULL,NULL,NULL,NULL,NULL,NULL,9.148,NULL,NULL,NULL,NULL,,NULL,0,0,1,1,N,N,35,NULL,98,9801,0.5,E,N,37.50727,37,30.437,NULL,-82.48912,82,29.347,NULL,N,NULL,NULL,NULL,NULL,NULL,NULL,NULL,NULL,9,5,2,2,1,5,5,2,3,3,N,NULL,Y,N,1639,1643,1718,N,NULL,51,,0,N,,N,N,098-KY-1426-0,NULL,NULL,2023,O,7.29557E+11,098-KY-1426  -000,HIGH,098-KY-1426  -000,9.137,0,0,0,0,0,0,0,0,0,0,0,1,0
72927828,KSP0900,23-341415,20230729,1119,,,APPALACHIAN,,PLZ,,,0,098 PR-1008,PR1008,N,N,NULL,NULL,NULL,N,NULL,NULL,NULL,NULL,NULL,NULL,0.102,NULL,NULL,NULL,NULL,,NULL,0,0,2,2,N,N,5,NULL,98,9834,NULL,,Y,37.66698,37,40.019,NULL,-82.27492,82,16.495,NULL,N,NULL,NULL,NULL,NULL,NULL,NULL,NULL,NULL,8,3,1,6,3,1,2,2,7,3,N,NULL,Y,N,1119,1158,1158,N,NULL,53,,,N,,N,N,098-PR-1008-0,NULL,NULL,2023,O,7.29278E+11,098-PR-1008  -000,HIGH,098-PR-1008  -000,0.11,0,0,0,0,0,0,1,0,0,0,0,1,0
72890213,KSP0900,23-146139,20230417,0,,,LITTLE ROBINSON,,CRK,,,0,098 CR-1234Q3,CR1234Q3,N,N,NULL,NULL,NULL,N,NULL,NULL,NULL,NULL,NULL,NULL,0.66,NULL,NULL,NULL,NULL,,NULL,2,0,1,1,N,N,55,NULL,98,9827,5.3,N,N,37.37329,37,22.398,NULL,-82.64128,82,38.477,NULL,N,NULL,NULL,NULL,NULL,NULL,NULL,NULL,NULL,9,3,1,6,1,1,2,2,7,3,Y,NULL,Y,Y,1449,1507,1547,N,NULL,44,,,N,,N,N,098-CR-1234Q3-0,NULL,NULL,2023,A,7.28902E+11,098-CR-1234Q3-000,HIGH,098-CR-1234Q3-000,0.657,0,0,1,0,0,0,0,0,0,0,0,1,0
72961230,980100,2.023E+11,20231019,1906,,,JULIUS,,AVE,,,0,098 CS-1156,CS1156,Y,N,NULL,NULL,NULL,N,NULL,NULL,NULL,NULL,NULL,NULL,0.042,NULL,NULL,NULL,NULL,,NULL,0,0,1,1,N,N,NULL,NULL,98,9801,NULL,,Y,37.47676,37,28.606,NULL,-82.52293,82,31.376,NULL,N,NULL,NULL,NULL,NULL,NULL,NULL,NULL,NULL,9,97,NULL,6,1,1,3,3,5,3,N,NULL,Y,N,1907,1912,1912,Y,NULL,90,,,N,,N,N,098-CS-1156-0,NULL,NULL,2023,O,7.29612E+11,098-CS-1156  -000,HIGH,098-CS-1156  -000,0.041,0,0,0,0,0,0,0,0,0,0,0,0,0
72914487,980100,2.023E+11,20230621,1012,,911,BYPASS,,RD,,,0,098 CS-1223,CS1223,Y,N,NULL,NULL,NULL,N,NULL,NULL,NULL,NULL,NULL,NULL,NULL,NULL,NULL,NULL,NULL,NULL,NULL,0,0,2,2,Y,N,NULL,NULL,98,9801,NULL,,Y,37.47128,37,28.277,NULL,-82.52117,82,31.27,NULL,N,NULL,NULL,NULL,NULL,NULL,NULL,NULL,NULL,1,97,1,6,2,1,2,2,1,3,N,NULL,Y,N,1012,1012,1012,N,NULL,90,,,N,,N,N,098-CS-1223-0,NULL,NULL,2023,NULL,7.29145E+11,098-CS-1223  -000,HIGH,098-CS-1223  -000,0.136,0,0,0,0,0,0,0,0,0,0,0,0,0
72906449,KSP0900,23-209714,20230602,1903,,,US460,,,US0460,US0460,0,098 US-460,US0460,N,N,NULL,NULL,NULL,N,NULL,NULL,NULL,NULL,NULL,NULL,4.171,NULL,NULL,NULL,NULL,,NULL,0,0,2,2,N,N,55,NULL,98,9824,NULL,,Y,37.41904,37,25.143,NULL,-82.45905,82,27.543,NULL,N,NULL,NULL,NULL,NULL,NULL,NULL,NULL,NULL,7,3,2,6,1,1,2,2,7,3,N,NULL,N,N,1903,1949,2030,N,NULL,54,,1,N,,N,N,098-US-0460-0,NULL,NULL,2023,O,7.29064E+11,098-US-0460  -000,HIGH,098-US-0460  -000,4.172,0,0,0,0,0,0,0,0,0,0,0,1,0
72972543,980500,2023AR059,20231113,1502,,3920,MAYO TRAIL,N,,US0023,US0023,0,098 US-23,US0023,Y,N,NULL,NULL,NULL,N,NULL,NULL,NULL,NULL,NULL,NULL,NULL,NULL,NULL,NULL,NULL,NULL,NULL,0,0,2,2,N,Y,NULL,NULL,98,9807,NULL,,Y,37.52077,37,31.246,NULL,-82.56796,82,34.077,NULL,N,NULL,NULL,NULL,NULL,NULL,NULL,NULL,NULL,2,97,4,6,1,1,2,2,5,3,N,NULL,Y,Y,1502,1509,1509,N,NULL,90,,1,N,,N,N,098-US-0023-0,NULL,NULL,2023,O,7.29725E+11,098-US-0023  -000,HIGH,098-US-0023  -000,28.674,0,0,1,1,0,0,1,0,0,1,0,0,0
72990647,KSP0900,23-503453,20231227,540,,,ISLAND CREEK,,RD,KY1426,KY1426,,,,N,N,NULL,NULL,NULL,N,NULL,NULL,NULL,NULL,NULL,NULL,2.381,NULL,NULL,NULL,NULL,,NULL,0,0,1,1,N,N,45,NULL,98,9801,5,S,N,37.45861,37,27.517,NULL,-82.55379,82,33.227,NULL,N,NULL,NULL,NULL,NULL,NULL,NULL,NULL,NULL,9,3,2,6,1,5,6,4,7,3,N,NULL,Y,N,553,630,635,N,NULL,40,8,0,N,,N,N,,NULL,NULL,2023,O,7.29906E+11,098-KY-1426  -000,HIGH,098-KY-1426  -000,2.384,0,0,0,0,0,0,0,0,0,0,0,1,0
72976082,KSP0900,23-450694,20231108,610,,,KY292,,,KY0292,KY0292,0,098 KY-292,KY0292,N,N,NULL,NULL,NULL,N,NULL,NULL,NULL,NULL,NULL,NULL,3.327,NULL,NULL,NULL,NULL,,NULL,0,0,1,1,N,N,45,NULL,98,9869,NULL,,Y,37.65924,37,39.554,NULL,-82.24539,82,14.723,NULL,N,NULL,NULL,NULL,NULL,NULL,NULL,NULL,NULL,9,3,2,6,1,1,10,6,7,3,N,NULL,Y,N,610,650,710,N,NULL,38,8,0,N,,N,N,098-KY-0292-0,NULL,NULL,2023,O,7.29761E+11,098-KY-0292  -000,HIGH,098-KY-0292  -000,3.332,0,0,0,0,0,0,0,0,0,0,0,0,0
72935512,KSP0900,23-354094,20230810,1125,,,CENTRAL,,AVE,,,0,098 CR-1035H,CR1035H,Y,N,NULL,NULL,NULL,N,NULL,NULL,NULL,NULL,NULL,NULL,0.035,NULL,NULL,NULL,NULL,,NULL,0,0,2,2,N,N,10,NULL,98,9834,NULL,,Y,37.67401,37,40.441,NULL,-82.28262,82,16.957,NULL,N,NULL,NULL,NULL,NULL,NULL,NULL,NULL,NULL,2,97,NULL,6,1,5,6,2,1,3,N,NULL,N,N,1125,1130,1158,N,NULL,90,,,N,,N,N,098-CR-1035H-0,NULL,NULL,2023,O,7.29355E+11,098-CR-1035H -000,HIGH,098-CR-1035H -000,0.037,0,0,0,1,0,0,0,0,0,0,0,0,0
72910702,980100,2.023E+11,20230613,1738,,,CASSIDY,,BLVD,,,,,,N,N,NULL,NULL,NULL,N,NULL,NULL,NULL,NULL,NULL,NULL,0.274,NULL,NULL,NULL,NULL,,NULL,0,0,2,2,N,N,15,NULL,98,9801,NULL,,Y,37.50507,37,30.304,NULL,-82.53634,82,32.18,NULL,N,NULL,NULL,NULL,NULL,NULL,NULL,NULL,NULL,8,3,3,6,1,1,2,2,1,3,N,NULL,Y,N,1738,1746,1800,N,NULL,53,,,N,,N,N,,NULL,NULL,2023,O,7.29107E+11,098-CS-1191  -000,MEDIUM,098-CS-1191  -000,0.272,0,0,0,0,0,0,1,0,0,0,0,1,0
72910338,980100,2.023E+11,20230612,1640,,,SYCAMORE,,ST,,,0,098 CS-1168,CS1168,Y,N,NULL,NULL,NULL,N,NULL,NULL,NULL,NULL,NULL,NULL,0.119,NULL,NULL,NULL,NULL,,NULL,0,0,2,2,N,N,15,NULL,98,9801,NULL,,Y,37.47889,37,28.733,NULL,-82.5211,82,31.266,NULL,N,NULL,NULL,NULL,NULL,NULL,NULL,NULL,NULL,8,97,1,6,1,1,2,2,5,3,N,NULL,Y,N,1640,1643,1643,N,NULL,90,,,N,,N,N,098-CS-1168-0,NULL,NULL,2023,O,7.29103E+11,098-CS-1168  -000,MEDIUM,098-CS-1168  -000,0,0,0,0,0,0,0,1,0,0,0,0,0,0
72942304,980100,2.023E+11,20230901,1738,,,KY3496,,,KY3496,KY3496,0,098 KY-3496,KY3496,Y,N,NULL,NULL,NULL,N,NULL,NULL,NULL,NULL,NULL,NULL,0.067,NULL,NULL,NULL,NULL,,NULL,0,0,2,2,N,N,15,NULL,98,9801,NULL,,Y,37.46539,37,27.924,NULL,-82.52901,82,31.741,NULL,N,NULL,NULL,NULL,NULL,NULL,NULL,NULL,NULL,7,97,2,6,1,1,2,2,1,3,N,NULL,Y,N,1738,1739,1739,N,NULL,90,16,0,N,,N,N,098-KY-3496-0,NULL,NULL,2023,O,7.29423E+11,098-KY-3496  -000,HIGH,098-KY-3496  -000,0.063,0,0,0,1,0,0,0,0,0,0,0,0,0
72939528,KSP0900,23-371214,20230826,640,,,KY80,,,KY0080,KY0080,0,098 KY-80,KY0080,N,N,NULL,NULL,NULL,N,NULL,NULL,NULL,NULL,NULL,NULL,5.651,NULL,NULL,NULL,NULL,,NULL,0,0,1,1,N,N,55,NULL,98,9802,NULL,,Y,37.29957,37,17.974,NULL,-82.32284,82,19.37,NULL,N,NULL,NULL,NULL,NULL,NULL,NULL,NULL,NULL,9,3,2,6,1,1,2,6,7,3,N,NULL,Y,N,640,842,854,N,NULL,40,7,0,N,,N,N,098-KY-0080-0,NULL,NULL,2023,O,7.29395E+11,098-KY-0080  -000,HIGH,098-KY-0080  -000,5.548,0,0,0,0,0,0,0,0,0,0,0,1,0
72949695,KSP0900,23-399476,20230921,159,,,KY292,,,KY0292,KY0292,0,098 KY-292,KY0292,N,N,NULL,NULL,NULL,N,NULL,NULL,NULL,NULL,NULL,NULL,4.968,NULL,NULL,NULL,NULL,,NULL,0,0,1,1,N,N,45,NULL,98,9834,NULL,,Y,37.6632,37,39.792,NULL,-82.27153,82,16.292,NULL,N,NULL,NULL,NULL,NULL,NULL,NULL,NULL,NULL,9,4,2,3,1,1,2,6,7,3,Y,NULL,Y,Y,132,141,141,N,NULL,51,8,0,N,,N,N,098-KY-0292-0,NULL,NULL,2023,O,7.29497E+11,098-KY-0292  -000,HIGH,098-KY-0292  -000,4.969,1,0,0,0,0,0,0,1,0,0,0,1,0
72988748,980000,23-12-004,20231216,2359,,,KY194,,,KY0194,KY0194,0,098 KY-194,KY0194,N,N,NULL,NULL,NULL,N,NULL,NULL,NULL,NULL,NULL,NULL,58.076,NULL,NULL,NULL,NULL,,NULL,1,0,1,1,N,N,35,NULL,98,9804,NULL,,Y,37.54475,37,32.685,NULL,-82.16325,82,9.795,NULL,N,NULL,NULL,NULL,NULL,NULL,NULL,NULL,NULL,9,3,2,3,1,5,2,6,7,3,N,NULL,Y,N,2130,2141,,N,NULL,70,7,0,Y,,N,N,098-KY-0194-0,NULL,NULL,2023,B,7.29887E+11,098-KY-0194  -000,HIGH,098-KY-0194  -000,58.064,0,0,0,0,0,0,0,1,1,1,0,1,0
72892998,980100,2.023E+11,20230430,1508,,,CASSIDY,,BLVD,,,0,098 CS-1191,CS1191,Y,N,NULL,NULL,NULL,N,NULL,NULL,NULL,NULL,NULL,NULL,0.06,NULL,NULL,NULL,NULL,,NULL,0,0,2,2,N,N,NULL,NULL,98,9801,NULL,,Y,37.50366,37,30.22,NULL,-82.53312,82,31.987,NULL,N,NULL,NULL,NULL,NULL,NULL,NULL,NULL,NULL,2,97,NULL,6,1,1,3,2,1,3,N,NULL,Y,N,1508,1519,,N,NULL,90,,,N,,N,N,098-CS-1191-0,NULL,NULL,2023,O,7.2893E+11,098-CS-1191  -000,HIGH,098-CS-1191  -000,0.055,0,0,0,0,0,0,1,0,0,1,0,0,0
72909377,KSP0900,23-219526,20230609,1600,,,US460,,,US0460,US0460,0,098 US-460,US0460,N,N,NULL,NULL,NULL,N,NULL,NULL,NULL,NULL,NULL,NULL,6.562,NULL,NULL,NULL,NULL,,NULL,2,0,2,2,N,N,55,NULL,98,9801,NULL,,Y,37.3958,37,23.748,NULL,-82.43316,82,25.989,NULL,N,NULL,NULL,NULL,NULL,NULL,NULL,NULL,NULL,5,3,2,6,1,1,2,2,7,3,N,NULL,Y,Y,1600,1615,1645,N,NULL,49,,1,N,,N,N,098-US-0460-0,NULL,NULL,2023,B,7.29094E+11,098-US-0460  -000,HIGH,098-US-0460  -000,6.563,1,0,0,0,0,0,1,0,0,0,0,0,0
72991400,KSP0900,23-506099,20231229,1800,,,KY319,,,KY0319,KY0319,0,098 KY-319,KY0319,N,N,NULL,NULL,NULL,N,NULL,NULL,NULL,NULL,NULL,NULL,5.489,NULL,NULL,NULL,NULL,,NULL,0,0,1,1,N,N,35,NULL,98,9842,NULL,,Y,37.62594,37,37.556,NULL,-82.2476,82,14.856,NULL,N,NULL,NULL,NULL,NULL,NULL,NULL,NULL,NULL,9,3,2,3,1,1,3,5,7,3,N,NULL,Y,Y,1801,1820,1820,N,NULL,38,7,0,N,,N,N,098-KY-0319-0,NULL,NULL,2023,O,7.29914E+11,098-KY-0319  -000,HIGH,098-KY-0319  -000,5.499,0,0,0,0,0,0,0,0,0,0,0,0,0
72897213,980100,2.023E+11,20230406,1438,,,KY3496,,,KY3496,KY3496,0,098 KY-3496,KY3496,Y,N,NULL,NULL,NULL,N,NULL,NULL,NULL,NULL,NULL,NULL,0.703,NULL,NULL,NULL,NULL,,NULL,0,0,2,2,Y,N,NULL,NULL,98,9801,NULL,,Y,37.47189,37,28.313,NULL,-82.53129,82,31.877,NULL,N,NULL,NULL,NULL,NULL,NULL,NULL,NULL,NULL,7,97,2,6,1,1,3,2,1,3,N,NULL,Y,N,1439,1444,1444,N,NULL,90,16,0,N,,N,N,098-KY-3496-0,NULL,NULL,2023,O,7.28972E+11,098-KY-3496  -000,HIGH,098-KY-3496  -000,0.706,0,0,0,0,0,0,0,0,0,0,0,0,0
72954151,980100,2.023E+11,20230930,644,,,KY3496,,,KY3496,KY3496,0,098 KY-3496,KY3496,Y,N,NULL,NULL,NULL,N,NULL,NULL,NULL,NULL,NULL,NULL,0.828,NULL,NULL,NULL,NULL,,NULL,0,0,2,2,N,N,NULL,NULL,98,9801,NULL,,Y,37.47186,37,28.312,NULL,-82.52909,82,31.746,NULL,N,NULL,NULL,NULL,NULL,NULL,NULL,NULL,NULL,2,97,2,6,1,1,2,5,1,3,N,NULL,Y,N,644,647,647,N,NULL,90,16,0,N,,N,N,098-KY-3496-0,NULL,NULL,2023,O,7.29542E+11,098-KY-3496  -000,HIGH,098-KY-3496  -000,0.824,0,0,0,0,0,0,1,0,0,0,0,0,0
72982870,980000,23-12-001,20231207,1305,,25062,US HWY 119 N,,,,,,,,Y,N,NULL,NULL,NULL,N,NULL,NULL,NULL,NULL,NULL,NULL,NULL,NULL,NULL,NULL,NULL,NULL,NULL,0,0,2,2,N,N,15,NULL,98,9836,0.1,S,N,37.61932,37,37.16,NULL,-82.26841,82,16.104,NULL,N,NULL,NULL,NULL,NULL,NULL,NULL,NULL,NULL,8,97,2,4,1,1,2,2,1,3,N,NULL,Y,N,1445,1500,1525,N,NULL,90,,,N,,N,N,,NULL,NULL,2023,O,7.29829E+11,098-US-0119  -000,MEDIUM,098-US-0119  -000,20.835,0,0,0,1,0,0,1,0,0,0,0,0,0
72992212,980100,2.023E+11,20231223,1659,,,CASSIDY,,BLVD,,,0,098 CS-1191,CS1191,N,N,NULL,NULL,NULL,N,NULL,NULL,NULL,NULL,NULL,NULL,0.181,NULL,NULL,NULL,NULL,,NULL,0,0,2,2,N,N,25,NULL,98,9801,NULL,,Y,37.50386,37,30.232,NULL,-82.53497,82,32.098,NULL,N,NULL,NULL,NULL,NULL,NULL,NULL,NULL,NULL,1,3,4,3,1,1,2,2,1,3,N,NULL,Y,N,1659,1707,1707,N,NULL,55,,,N,,N,N,098-CS-1191-0,NULL,NULL,2023,O,7.29922E+11,098-CS-1191  -000,HIGH,098-CS-1191  -000,0.161,0,0,0,0,0,0,1,0,0,0,0,0,0
72963499,980500,2023AR051,20231020,1954,,,US23,,,US0023,US0023,0,098 US-23-10,US0023,N,N,NULL,NULL,NULL,N,NULL,NULL,NULL,NULL,NULL,NULL,29.636,NULL,NULL,NULL,NULL,,NULL,0,0,2,2,N,N,45,NULL,98,9801,NULL,,Y,37.53094,37,31.856,NULL,-82.57661,82,34.597,NULL,N,NULL,NULL,NULL,NULL,NULL,NULL,NULL,NULL,5,3,4,6,1,5,6,6,1,3,N,NULL,Y,Y,1954,2005,2030,N,NULL,70,,1,Y,,N,N,098-US-0023-10,NULL,NULL,2023,O,7.29635E+11,098-US-0023  -010,HIGH,098-US-0023  -000,29.535,0,0,0,0,0,0,0,0,1,0,0,0,0
72964788,980100,2.023E+11,20231027,1647,,,KY1426,,,KY1426,KY1426,,,,N,N,NULL,NULL,NULL,N,NULL,NULL,NULL,NULL,NULL,NULL,6.918,NULL,NULL,NULL,NULL,,NULL,0,0,2,2,N,N,45,NULL,98,9801,NULL,,Y,37.48616,37,29.17,NULL,-82.50919,82,30.552,NULL,N,NULL,NULL,NULL,NULL,NULL,NULL,NULL,NULL,5,3,2,6,1,1,2,2,7,3,N,NULL,Y,N,1647,1652,1713,N,NULL,70,,0,N,,N,N,,NULL,NULL,2023,O,7.29648E+11,098-KY-1426  -000,HIGH,098-KY-1426  -000,6.918,0,0,0,0,0,0,1,0,0,0,0,0,0
72981103,980100,2.023E+11,20231129,1656,,,HAMBLEY,,BLVD,,,0,098 CS-1222,CS1222,N,Y,6TH,,ST,N,NULL,NULL,NULL,NULL,NULL,NULL,0.901,NULL,NULL,NULL,NULL,,NULL,1,0,2,2,N,N,35,NULL,98,9801,NULL,,Y,37.48358,37,29.015,NULL,-82.5203,82,31.218,NULL,N,NULL,NULL,NULL,NULL,NULL,NULL,NULL,NULL,1,3,2,6,1,1,2,2,1,3,N,NULL,Y,Y,1658,1701,1701,N,NULL,10,,,Y,,N,N,098-CS-1222-0,NULL,NULL,2023,B,7.29811E+11,098-CS-1222  -000,HIGH,098-CS-1222  -000,0.9,0,0,0,0,0,0,0,1,1,0,1,0,0
72976889,980100,2.023E+11,20231122,1359,,,EAST,,ST,,,0,098 CS-1233,CS1233,Y,N,NULL,NULL,NULL,N,NULL,NULL,NULL,NULL,NULL,NULL,0.012,NULL,NULL,NULL,NULL,,NULL,0,0,2,2,N,N,15,NULL,98,9801,NULL,,Y,37.48049,37,28.829,NULL,-82.51865,82,31.119,NULL,N,NULL,NULL,NULL,NULL,NULL,NULL,NULL,NULL,2,97,NULL,6,1,5,3,2,5,3,N,NULL,Y,N,1359,1401,1401,N,NULL,90,,,N,,N,N,098-CS-1233-0,NULL,NULL,2023,O,7.29769E+11,098-CS-1233  -000,HIGH,098-CS-1233  -000,0.011,0,0,0,0,0,0,1,0,0,1,0,0,0
72975572,KSP0900,23-460324,20231116,1043,,,KY3154,,,KY3154,KY3154,0,098 KY-3154,KY3154,N,N,NULL,NULL,NULL,N,NULL,NULL,NULL,NULL,NULL,NULL,1.759,NULL,NULL,NULL,NULL,,NULL,0,0,2,2,N,N,35,NULL,98,9838,NULL,,Y,37.59615,37,35.769,NULL,-82.32761,82,19.657,NULL,N,NULL,NULL,NULL,NULL,NULL,NULL,NULL,NULL,7,3,2,3,1,1,2,2,7,3,N,NULL,Y,N,1044,1130,1045,N,NULL,54,9,0,N,,N,N,098-KY-3154-0,NULL,NULL,2023,O,7.29756E+11,098-KY-3154  -000,HIGH,098-KY-3154  -000,1.761,0,0,1,1,0,0,1,0,0,0,0,1,0
72955572,980000,23-10-002,20231002,1745,,,WILDCAT,,DR,,,0,098 CR-1703,CR1703,Y,N,NULL,NULL,NULL,N,NULL,NULL,NULL,NULL,NULL,NULL,0.142,NULL,NULL,NULL,NULL,,NULL,0,0,2,2,N,N,10,NULL,98,9801,22,S,N,37.38176,37,22.905,NULL,-82.53836,82,32.302,NULL,N,NULL,NULL,NULL,NULL,NULL,NULL,NULL,NULL,7,97,1,6,1,1,3,2,8,3,N,NULL,Y,Y,1745,1750,1745,N,NULL,90,,,N,,N,N,098-CR-1703-0,NULL,NULL,2023,O,7.29556E+11,098-CR-1703  -000,HIGH,098-CR-1703  -000,0.143,0,0,1,0,0,0,0,0,0,0,0,0,0
72893658,KSP0900,2023-00152785,20230422,303,,,KY632,,,KY0632,KY0632,0,098 KY-632,KY0632,N,N,NULL,NULL,NULL,N,NULL,NULL,NULL,NULL,NULL,NULL,0.275,NULL,NULL,NULL,NULL,,NULL,3,0,2,2,N,N,55,NULL,98,9817,0,N,N,37.49886,37,29.932,NULL,-82.34478,82,20.687,NULL,N,NULL,NULL,NULL,NULL,NULL,NULL,NULL,NULL,3,3,2,3,1,5,3,6,7,3,Y,NULL,Y,Y,310,424,541,N,NULL,52,6,0,N,,N,N,098-KY-0632-0,NULL,NULL,2023,A,7.28937E+11,098-KY-0632  -000,HIGH,098-KY-0632  -000,0.277,0,0,0,0,0,0,0,0,0,1,0,1,0
72946465,KSP0900,23-384909,20230907,312,,,KY632,,,KY0632,KY0632,0,098 KY-632,KY0632,N,N,NULL,NULL,NULL,N,NULL,NULL,NULL,NULL,NULL,NULL,5.074,NULL,NULL,NULL,NULL,,NULL,0,0,1,1,N,N,55,NULL,98,9817,NULL,,Y,37.48566,37,29.14,NULL,-82.27219,82,16.332,NULL,N,NULL,NULL,NULL,NULL,NULL,NULL,NULL,NULL,9,3,2,3,1,5,6,2,7,3,N,NULL,N,N,1512,1535,1600,N,NULL,44,6,0,N,,N,N,098-KY-0632-0,NULL,NULL,2023,O,7.29465E+11,098-KY-0632  -000,HIGH,098-KY-0632  -000,5.063,0,0,0,0,0,0,0,1,0,1,0,1,0
72943909,KSP0900,23-385828,20230908,1126,,,WALKER MCCOY,,DR,,,0,098 PR-1055,PR1055,N,N,NULL,NULL,NULL,N,NULL,NULL,NULL,NULL,NULL,NULL,0.01,NULL,NULL,NULL,NULL,,NULL,0,0,2,2,N,N,15,NULL,98,9834,NULL,,Y,37.66309,37,39.786,NULL,-82.27178,82,16.307,NULL,N,NULL,NULL,NULL,NULL,NULL,NULL,NULL,NULL,5,3,2,6,1,1,3,2,7,3,Y,NULL,Y,N,1126,1133,1133,N,NULL,49,,,N,,N,N,098-PR-1055-0,NULL,NULL,2023,O,7.29439E+11,098-PR-1055  -000,HIGH,098-PR-1055  -000,0.01,0,0,0,0,0,0,1,0,0,0,0,0,0
72945052,KSP0900,23-389555,20230911,1900,,,KY122,,,KY0122,KY0122,0,098 KY-122,KY0122,N,N,NULL,NULL,NULL,N,NULL,NULL,NULL,NULL,NULL,NULL,5.049,NULL,NULL,NULL,NULL,,NULL,0,0,2,2,N,N,55,NULL,98,9827,NULL,,Y,37.35002,37,21.001,NULL,-82.59513,82,35.708,NULL,N,NULL,NULL,NULL,NULL,NULL,NULL,NULL,NULL,2,3,2,6,1,1,2,2,7,3,N,NULL,N,N,1854,1915,1915,N,NULL,56,,0,N,,N,N,098-KY-0122-0,NULL,NULL,2023,O,7.29451E+11,098-KY-0122  -000,HIGH,098-KY-0122  -000,5.061,0,0,0,0,0,0,0,0,0,0,0,0,0