MasterFile,AgencyORINumber,LocalCode,CollisionDate,CollisionTime,CollisionDayWeekCode,RoadwayName_HouseBusinessNumber_,RoadwayName_RoadwayName_,RoadwayName_Direction_,RoadwayName_RoadwaySuffix_,RoadwayfromReport,CurrentRoadwayNumber,RoadwayNumberCoupletID,RSEUniqueGIS,RoadwayIdentifier,ParkingLotIndicator,IntersectionWith_Indicator_,IntersectionWith_NameRoadway_,IntersectionWith_Direction_,IntersectionWith_RoadwaySuffix_,BetweenStreets_Indicator_,BetweenStreets1_NameRoadway_,BetweenStreet1_Direction_,BetweenStreets1_RoadwaySuffix_,BetweenStreets2_NameRoadway_,BetweenStreets2_Direction_,BetweenStreets2_RoadwaySuffix_,Milepoint,ReportMilepointDeriveNumber,CurrentDerivedMiepointNumber,MilestoMilepoint,FeettoMilepoint,DirectionfromMilepoint_NSEW_,ValidMilepointIndicator,NumberInjured,NumberKilled,ofUnits,ofMotorVehicleUnits,Hit&RunIndicator,OneWayIndicator,SpeedLimitNumber,KilometersIndicator,CountyCode,CityCountyCode,MilesFromCity,DirectionFromCity_NSEW_,InCityLimitsIndicator,Latitude,LatitudeDegrees,LatitudeMinutes,LatitudeSeconds,Longitude,LongitudeDegrees,LongitudeMinutes,LongitudeSeconds,RampIndicator,RampFromIdentifier,RampFromDirCode,RampFromCoupletID,RSEUniqueGISRampFrom,RampToidentifier,RampToDirCode,RampToCoupletID,RSEUniqueGisRampTo,MannerofCollisionCode,LocationFirstEventCode,TotalLanes,RoadwayCharacterCode,RoadwaySurfaceCode,RoadwayConditionCode,WeatherCode,LightConditionCode,LandUseCode,SchoolBusRelatedCode,FirstAidSceneIndicator,CollDescPresentInd,InvestigationCompleteIndicator,PhotosTakenIndicator,TimeNotified,TimeArrived,TimeRoadwayOpened,PropertyDamageIndicator,DiagramPresentIndicator,DirectionalAnalysis,FunctionClassCode,NationalHwySysCode,EnforcementsIndicator,KARSCityCode,SecondaryCollisionIndicator,MedianCrossoverIndicator,RT_UNIQUE,MapIt,TimeLastLeft,YR,KABCO,MFNY,WorkingRID,RT_CONFIDENCE,KTC_RT,KTC_MP,Motorcyclist,CommercialVehicle,YoungDriver,MatureDriver,pedestrian,Bicyclist,Distracted,agressive,Impaired,Unrestrained,Intersection,RoadwayDeparture,MedXover
72944982,980100,2.023E+11,20230906,1510,,120,CHAMPIONSHIP,,DR,,,0,098 CS-1186,CS1186,Y,N,NULL,NULL,NULL,N,NULL,NULL,NULL,NULL,NULL,NULL,0.029,NULL,NULL,NULL,NULL,,NULL,0,0,2,2,N,N,NULL,NULL,98,9801,NULL,,Y,37.48717,37,29.23,NULL,-82.54279,82,32.568,NULL,N,NULL,NULL,NULL,NULL,NULL,NULL,NULL,NULL,2,97,NULL,4,1,1,2,2,8,3,N,NULL,Y,N,1510,1511,1511,N,NULL,90,,,N,,N,N,098-CS-1186-0,NULL,NULL,2023,O,7.2945E+11,098-CS-1186  -000,MEDIUM,098-CS-1186  -000,0,0,0,1,0,0,0,0,0,0,0,0,1,0
72945138,980100,2.023E+11,20230911,930,,115,LEE,,AVE,,,,,,Y,N,NULL,NULL,NULL,N,NULL,NULL,NULL,NULL,NULL,NULL,NULL,NULL,NULL,NULL,NULL,NULL,NULL,0,0,2,2,N,N,15,NULL,98,9801,NULL,,Y,37.5028,37,30.168,NULL,-82.53495,82,32.097,NULL,N,NULL,NULL,NULL,NULL,NULL,NULL,NULL,NULL,2,97,NULL,6,1,1,2,2,1,3,N,NULL,Y,N,930,940,,N,NULL,90,,,N,,N,N,,NULL,NULL,2023,O,7.29451E+11,098-CS-1261  -000,MEDIUM,098-CS-1261  -000,0.024,0,0,0,0,0,0,1,0,0,0,0,0,0
72936280,KSP0900,23-365283,20230820,1724,,,KY1373,,,KY1373,KY1373,,,,N,N,NULL,NULL,NULL,N,NULL,NULL,NULL,NULL,NULL,NULL,8.28,NULL,NULL,NULL,NULL,,NULL,1,0,1,1,N,N,45,NULL,98,9802,NULL,,Y,37.39344,37,23.607,NULL,-82.30006,82,18.004,NULL,N,NULL,NULL,NULL,NULL,NULL,NULL,NULL,NULL,9,3,1,3,1,1,2,2,7,3,Y,NULL,N,N,1724,1758,1830,N,NULL,70,8,0,N,,N,N,,NULL,NULL,2023,C,7.29363E+11,098-KY-1373  -000,HIGH,098-KY-1373  -000,8.246,0,0,1,0,0,0,0,0,0,0,0,1,0
72989239,KSP0900,23-499631,20231222,1948,,,US23,,,US0023,US0023,,,,N,N,NULL,NULL,NULL,N,NULL,NULL,NULL,NULL,NULL,NULL,14.133,NULL,NULL,NULL,NULL,,NULL,0,0,1,1,N,N,55,NULL,98,9823,NULL,,Y,37.38792,37,23.275,NULL,-82.53851,82,32.31,NULL,N,NULL,NULL,NULL,NULL,NULL,NULL,NULL,NULL,9,3,4,6,1,1,2,6,7,3,N,NULL,N,N,1948,1948,2020,N,NULL,38,,1,N,,N,N,,NULL,NULL,2023,O,7.29892E+11,098-US-0023  -000,MEDIUM,098-US-0023  -000,14.121,0,0,0,0,0,0,0,0,0,0,0,0,0
72922868,980000,23-07-001,20230705,1635,,,US460,,,US0460,US0460,0,098 US-460,US0460,N,N,NULL,NULL,NULL,N,NULL,NULL,NULL,NULL,NULL,NULL,8.264,NULL,NULL,NULL,NULL,,NULL,0,0,2,2,N,N,35,NULL,98,9822,NULL,,Y,37.37536,37,22.522,NULL,-82.43158,82,25.895,NULL,N,NULL,NULL,NULL,NULL,NULL,NULL,NULL,NULL,7,3,2,1,1,1,2,2,7,3,N,NULL,Y,Y,1635,1635,1645,N,NULL,54,,1,N,,N,N,098-US-0460-0,NULL,NULL,2023,O,7.29229E+11,098-US-0460  -000,HIGH,098-US-0460  -000,8.244,0,1,0,0,0,0,1,0,0,0,0,1,0
72960606,980500,2023AR048,20231018,1352,,,US 23 NORTH & WEDDINGTON BRANCH ROAD,,,,,,,,N,N,NULL,NULL,NULL,N,NULL,NULL,NULL,NULL,NULL,NULL,NULL,NULL,NULL,NULL,NULL,NULL,NULL,4,0,2,2,N,N,45,NULL,98,9807,NULL,,Y,37.52236,37,31.342,NULL,-82.57073,82,34.244,NULL,N,NULL,NULL,NULL,NULL,NULL,NULL,NULL,NULL,1,3,6,6,1,1,2,2,7,3,Y,NULL,Y,Y,1352,1355,1427,N,NULL,55,,,N,,N,N,,NULL,NULL,2023,C,7.29606E+11,098-US-0023  -010,MEDIUM,098-US-0023  -000,28.861,0,0,0,0,0,0,1,0,0,0,0,0,0
72958051,KSP0900,23-416034,20231006,1830,,,US119,N,,US0119,US0119,0,098 US-119-10,US0119,N,N,NULL,NULL,NULL,N,NULL,NULL,NULL,NULL,NULL,NULL,24.89,NULL,NULL,NULL,NULL,,NULL,0,0,2,2,N,N,55,NULL,98,9834,NULL,,Y,37.66684,37,40.011,NULL,-82.27615,82,16.569,NULL,N,NULL,NULL,NULL,NULL,NULL,NULL,NULL,NULL,5,3,4,6,1,5,6,2,7,3,N,NULL,Y,N,1830,1838,1838,N,NULL,49,2,1,N,,N,N,098-US-0119-10,NULL,NULL,2023,O,7.29581E+11,098-US-0119  -010,HIGH,098-US-0119  -000,24.888,0,0,0,0,0,0,0,0,0,0,0,0,0
72958966,980100,2.023E+11,20231007,1309,,,US23,,,US0023,US0023,0,098 US-23,US0023,N,N,NULL,NULL,NULL,N,NULL,NULL,NULL,NULL,NULL,NULL,31.769,NULL,NULL,NULL,NULL,,NULL,3,0,2,2,N,N,55,NULL,98,9801,NULL,,Y,37.53737,37,32.242,NULL,-82.60461,82,36.277,NULL,N,NULL,NULL,NULL,NULL,NULL,NULL,NULL,NULL,1,3,4,6,1,1,2,2,7,3,Y,NULL,Y,Y,1309,1324,1414,N,NULL,55,,1,N,,N,N,098-US-0023-0,NULL,NULL,2023,C,7.2959E+11,098-US-0023  -000,HIGH,098-US-0023  -000,31.749,0,0,0,1,0,0,0,0,0,0,0,1,0
72959832,980100,2.023E+11,20231016,1502,,,KY1426,,,KY1426,KY1426,0,098 KY-1426,KY1426,N,N,NULL,NULL,NULL,N,NULL,NULL,NULL,NULL,NULL,NULL,8.127,NULL,NULL,NULL,NULL,,NULL,0,0,1,1,N,N,35,NULL,98,9801,NULL,,Y,37.493,37,29.58,NULL,-82.49097,82,29.458,NULL,N,NULL,NULL,NULL,NULL,NULL,NULL,NULL,NULL,9,3,2,1,1,5,3,2,7,3,N,NULL,Y,N,1502,1508,1530,Y,NULL,40,,0,N,,N,N,098-KY-1426-0,NULL,NULL,2023,O,7.29598E+11,098-KY-1426  -000,HIGH,098-KY-1426  -000,8.136,0,0,0,0,0,0,0,0,0,0,0,1,0
72969387,KSP0900,23-448412,20231106,1006,,,US23,,,US0023,US0023,0,098 US-23-10,US0023,N,N,NULL,NULL,NULL,N,NULL,NULL,NULL,NULL,NULL,NULL,6.379,NULL,NULL,NULL,NULL,,NULL,0,0,2,2,N,N,55,NULL,98,9809,NULL,,Y,37.29411,37,17.647,NULL,-82.54742,82,32.845,NULL,N,NULL,NULL,NULL,NULL,NULL,NULL,NULL,NULL,8,3,4,4,1,1,2,2,3,3,N,NULL,Y,N,1006,1033,1045,N,NULL,53,,1,N,,N,N,098-US-0023-10,NULL,NULL,2023,O,7.29694E+11,098-US-0023  -010,HIGH,098-US-0023  -000,6.38,0,0,0,0,0,0,1,0,0,0,0,1,0
72947113,KSP0900,23-394659,20230916,1157,,,ELKHORN,,CRK,KY0197,KY0197,,,,N,N,NULL,NULL,NULL,N,NULL,NULL,NULL,NULL,NULL,NULL,0.205,NULL,NULL,NULL,NULL,,NULL,1,0,1,1,N,N,55,NULL,98,9802,NULL,,Y,37.21434,37,12.86,NULL,-82.5544,82,33.264,NULL,N,NULL,NULL,NULL,NULL,NULL,NULL,NULL,NULL,9,3,2,3,1,1,2,2,7,3,Y,NULL,N,N,1157,1257,1341,N,NULL,70,7,0,N,,N,N,,NULL,NULL,2023,B,7.29471E+11,098-KY-0197  -000,HIGH,098-KY-0197  -000,0.199,0,0,0,0,0,0,0,0,0,0,0,1,0
72884275,980100,2.023E+11,20230407,1332,,233,CASSIDY,,BLVD,,,0,098 CS-1191,CS1191,Y,N,NULL,NULL,NULL,N,NULL,NULL,NULL,NULL,NULL,NULL,0.052,NULL,NULL,NULL,NULL,,NULL,0,0,2,2,N,N,NULL,NULL,98,9801,NULL,,Y,37.5037,37,30.222,NULL,-82.533,82,31.98,NULL,N,NULL,NULL,NULL,NULL,NULL,NULL,NULL,NULL,1,97,1,6,1,5,6,2,1,3,N,NULL,Y,N,1332,1342,1343,N,NULL,90,,,N,,N,N,098-CS-1191-0,NULL,NULL,2023,O,7.28843E+11,098-CS-1191  -000,HIGH,098-CS-1191  -000,0.048,0,0,0,1,0,0,1,0,0,0,0,0,0
72889417,KSP0900,2023-151106,20230420,2201,,,KY122,,,KY0122,KY0122,,,,N,N,NULL,NULL,NULL,N,NULL,NULL,NULL,NULL,NULL,NULL,8.148,NULL,NULL,NULL,NULL,,NULL,0,0,2,2,N,N,55,NULL,98,9823,NULL,,Y,37.38379,37,23.027,NULL,-82.57812,82,34.687,NULL,N,NULL,NULL,NULL,NULL,NULL,NULL,NULL,NULL,2,3,2,6,1,1,2,6,7,3,N,NULL,N,N,2201,2221,2221,N,NULL,56,,0,N,,N,N,,NULL,NULL,2023,O,7.28894E+11,098-KY-0122  -000,HIGH,098-KY-0122  -000,8.15,0,0,0,1,0,0,1,0,0,0,0,0,0
72892950,980100,2.023E+11,20230420,1400,,,TRIVETTE,,DR,,,0,098 CS-1114,CS1114,N,N,NULL,NULL,NULL,N,NULL,NULL,NULL,NULL,NULL,NULL,0.148,NULL,NULL,NULL,NULL,,NULL,0,0,2,2,N,Y,15,NULL,98,9801,NULL,,Y,37.48399,37,29.039,NULL,-82.51598,82,30.959,NULL,N,NULL,NULL,NULL,NULL,NULL,NULL,NULL,NULL,2,3,1,6,1,1,2,2,6,3,N,NULL,Y,N,1400,1406,1406,N,NULL,47,,,N,,N,N,098-CS-1114-0,NULL,NULL,2023,O,7.2893E+11,098-CS-1114  -000,HIGH,098-CS-1114  -000,0.148,0,0,0,0,0,0,1,0,0,0,0,0,0
72945756,980100,2.023E+11,20230913,1114,,,BYPASS,S,RD,KY1426,KY1426,0,098 KY-1426,KY1426,N,N,NULL,NULL,NULL,N,NULL,NULL,NULL,NULL,NULL,NULL,5.666,NULL,NULL,NULL,NULL,,NULL,0,0,2,2,N,N,45,NULL,98,9801,NULL,,Y,37.47266,37,28.36,NULL,-82.52327,82,31.396,NULL,N,NULL,NULL,NULL,NULL,NULL,NULL,NULL,NULL,5,3,2,6,1,1,3,2,1,3,N,NULL,Y,N,1114,1117,1119,N,NULL,49,,0,N,,N,N,098-KY-1426-0,NULL,NULL,2023,O,7.29458E+11,098-KY-1426  -000,HIGH,098-KY-1426  -000,5.667,0,0,0,0,0,0,1,0,0,0,0,0,0
72982345,980100,2.023E+11,20231205,951,,184,KY3496,,,KY3496,KY3496,0,098 KY-3496,KY3496,Y,N,NULL,NULL,NULL,N,NULL,NULL,NULL,NULL,NULL,NULL,0.77,NULL,NULL,NULL,NULL,,NULL,0,0,2,2,N,N,15,NULL,98,9801,NULL,,Y,37.47215,37,28.329,NULL,-82.53008,82,31.805,NULL,N,NULL,NULL,NULL,NULL,NULL,NULL,NULL,NULL,2,97,2,6,1,1,2,2,1,3,N,NULL,Y,N,951,1006,,N,NULL,90,16,0,N,,N,N,098-KY-3496-0,NULL,NULL,2023,O,7.29823E+11,098-KY-3496  -000,HIGH,098-KY-3496  -000,0.771,0,0,0,1,0,0,1,0,0,0,0,0,0
72887083,KSP0900,23-136115,20230410,1613,,,KY3417,,,KY3417,KY3417,0,098 KY-3417,KY3417,N,N,NULL,NULL,NULL,N,NULL,NULL,NULL,NULL,NULL,NULL,0.235,NULL,NULL,NULL,NULL,,NULL,1,0,3,3,N,N,55,NULL,98,9801,5,S,N,37.46489,37,27.894,NULL,-82.55933,82,33.56,NULL,N,NULL,NULL,NULL,NULL,NULL,NULL,NULL,NULL,1,5,2,6,1,1,2,2,7,3,Y,NULL,Y,Y,1613,1620,1913,Y,NULL,47,8,0,Y,,N,N,098-KY-3417-0,NULL,NULL,2023,A,7.28871E+11,098-KY-3417  -000,HIGH,098-KY-3417  -000,0.239,0,0,0,1,0,0,0,0,1,1,0,1,0
72938232,980100,2.023E+11,20230823,1004,,911,BYPASS,,RD,,,0,098 CS-1223,CS1223,Y,N,NULL,NULL,NULL,N,NULL,NULL,NULL,NULL,NULL,NULL,NULL,NULL,NULL,NULL,NULL,NULL,NULL,1,0,2,1,N,N,NULL,NULL,98,9801,NULL,,Y,37.47128,37,28.277,NULL,-82.52117,82,31.27,NULL,N,NULL,NULL,NULL,NULL,NULL,NULL,NULL,NULL,9,97,1,6,2,1,2,2,1,3,Y,NULL,Y,Y,1004,1009,1010,N,NULL,90,,,N,,N,N,098-CS-1223-0,NULL,NULL,2023,C,7.29382E+11,098-CS-1223  -000,HIGH,098-CS-1223  -000,0.136,0,0,0,1,1,0,1,0,0,0,0,0,0
72971381,980500,2023AR058,20231108,1815,,,US23,,,US0023,US0023,0,098 US-23-10,US0023,N,Y,WEDDINGTON BRANCH,,RD,N,NULL,NULL,NULL,NULL,NULL,NULL,28.888,NULL,NULL,NULL,NULL,,NULL,0,0,2,2,N,N,45,NULL,98,9807,NULL,,Y,37.52243,37,31.346,NULL,-82.57063,82,34.237,NULL,N,NULL,NULL,NULL,NULL,NULL,NULL,NULL,NULL,5,3,4,6,1,1,2,3,1,3,N,NULL,Y,Y,1815,1820,1825,N,NULL,35,,1,N,,N,N,098-US-0023-10,NULL,NULL,2023,O,7.29714E+11,098-US-0023  -010,HIGH,098-US-0023  -000,28.861,0,0,0,1,0,0,1,0,0,0,1,0,0
72907979,980100,2.023E+11,20230606,1424,,,THOMPSON,,RD,,,0,098 CS-1215,CS1215,N,N,NULL,NULL,NULL,N,NULL,NULL,NULL,NULL,NULL,NULL,0.043,NULL,NULL,NULL,NULL,,NULL,0,0,2,2,N,N,35,NULL,98,9801,NULL,,Y,37.51018,37,30.611,NULL,-82.54826,82,32.896,NULL,N,NULL,NULL,NULL,NULL,NULL,NULL,NULL,NULL,5,3,2,6,2,1,2,2,7,3,N,NULL,Y,N,1425,1429,1426,N,NULL,49,,,N,,N,N,098-CS-1215-0,NULL,NULL,2023,O,7.2908E+11,098-CS-1215  -000,HIGH,098-CS-1215  -000,0.043,0,0,0,0,0,0,0,0,0,0,0,0,0
72962224,KSP0900,23-430769,20231020,2233,,,FERRELLS CREEK,,RD,US0460,US0460,0,098 US-460,US0460,N,N,NULL,NULL,NULL,N,NULL,NULL,NULL,NULL,NULL,NULL,23.585,NULL,NULL,NULL,NULL,,NULL,0,0,1,1,N,N,55,NULL,98,9847,NULL,,Y,37.36892,37,22.135,NULL,-82.24783,82,14.87,NULL,N,NULL,NULL,NULL,NULL,NULL,NULL,NULL,NULL,9,3,2,6,1,5,2,6,7,3,N,NULL,N,N,2233,2257,2300,N,NULL,38,,1,N,,N,N,098-US-0460-0,NULL,NULL,2023,O,7.29622E+11,098-US-0460  -000,HIGH,098-US-0460  -000,23.57,0,0,0,0,0,0,0,0,0,0,0,0,0
72912234,980100,2.023E+11,20230609,1833,,110,LANCELOT,,CT,,,,,,Y,N,NULL,NULL,NULL,N,NULL,NULL,NULL,NULL,NULL,NULL,0.003,NULL,NULL,NULL,NULL,,NULL,0,0,2,2,N,N,15,NULL,98,9801,NULL,,Y,37.47717,37,28.63,NULL,-82.49465,82,29.679,NULL,N,NULL,NULL,NULL,NULL,NULL,NULL,NULL,NULL,2,97,NULL,4,2,1,2,2,6,3,N,NULL,Y,N,1834,1850,1850,N,NULL,90,,,N,,N,N,,NULL,NULL,2023,O,7.29122E+11,098-CS-1073  -000,MEDIUM,098-CS-1073  -000,0.002,0,0,0,0,0,0,0,0,0,0,0,0,0
72947390,KSP0900,23-394907,20230916,1703,,,US23,,,US0023,US0023,,,,N,N,NULL,NULL,NULL,N,NULL,NULL,NULL,NULL,NULL,NULL,4.327,NULL,NULL,NULL,NULL,,NULL,2,0,3,3,N,N,55,NULL,98,9809,NULL,,Y,37.28022,37,16.813,NULL,-82.57648,82,34.589,NULL,N,NULL,NULL,NULL,NULL,NULL,NULL,NULL,NULL,4,3,4,6,1,1,2,2,7,3,Y,NULL,N,N,1703,1703,1840,N,NULL,70,,1,N,,N,N,,NULL,NULL,2023,B,7.29474E+11,098-US-0023  -010,MEDIUM,098-US-0023  -000,4.347,0,0,0,1,0,0,0,0,0,0,0,0,0
72987974,KSP0900,23-496371,20231219,1937,,,JOES,,CRK,KY3227,KY3227,0,098 KY-3227,KY3227,N,N,NULL,NULL,NULL,N,NULL,NULL,NULL,NULL,NULL,NULL,4.042,NULL,NULL,NULL,NULL,,NULL,0,0,1,1,N,N,55,NULL,98,9887,NULL,,Y,37.54713,37,32.828,NULL,-82.51118,82,30.671,NULL,N,NULL,NULL,NULL,NULL,NULL,NULL,NULL,NULL,9,3,2,6,1,1,2,7,7,3,N,NULL,N,N,1937,2010,2010,N,NULL,38,8,0,N,,N,N,098-KY-3227-0,NULL,NULL,2023,O,7.2988E+11,098-KY-3227  -000,HIGH,098-KY-3227  -000,4.036,0,0,0,0,0,0,0,0,0,0,0,0,0
72890373,980100,2.023E+11,20230410,1211,,,POPLAR,,ST,,,0,098 CS-1160,CS1160,N,N,NULL,NULL,NULL,N,NULL,NULL,NULL,NULL,NULL,NULL,0.116,NULL,NULL,NULL,NULL,,NULL,0,0,2,2,N,N,15,NULL,98,9801,NULL,,Y,37.48021,37,28.813,NULL,-82.52203,82,31.322,NULL,N,NULL,NULL,NULL,NULL,NULL,NULL,NULL,NULL,7,3,1,6,1,1,2,2,6,3,N,NULL,Y,N,1211,1215,1257,N,NULL,54,,,N,,N,N,098-CS-1160-0,NULL,NULL,2023,O,7.28904E+11,098-CS-1160  -000,HIGH,098-CS-1160  -000,0.117,0,1,0,0,0,0,0,0,0,0,0,1,0
72914827,KSP0900,23-238059,20230623,1640,,,KY122,,,KY0122,KY0122,0,098 KY-122,KY0122,N,N,NULL,NULL,NULL,N,NULL,NULL,NULL,NULL,NULL,NULL,5.313,NULL,NULL,NULL,NULL,,NULL,0,0,2,2,N,N,55,NULL,98,9827,NULL,,Y,37.35123,37,21.074,NULL,-82.59369,82,35.621,NULL,N,NULL,NULL,NULL,NULL,NULL,NULL,NULL,NULL,1,3,2,6,1,5,2,2,7,3,N,NULL,Y,N,1640,1711,,N,NULL,55,,0,N,,N,N,098-KY-0122-0,NULL,NULL,2023,O,7.29148E+11,098-KY-0122  -000,HIGH,098-KY-0122  -000,5.299,0,0,0,0,0,0,0,0,0,0,0,0,0
72920519,KSP0900,23-319714,20230710,623,,,KY80,,,KY0080,KY0080,0,098 KY-80,KY0080,N,N,NULL,NULL,NULL,N,NULL,NULL,NULL,NULL,NULL,NULL,6.447,NULL,NULL,NULL,NULL,,NULL,1,0,1,1,N,N,55,NULL,98,9847,NULL,,Y,37.29916,37,17.95,NULL,-82.3103,82,18.618,NULL,N,NULL,NULL,NULL,NULL,NULL,NULL,NULL,NULL,9,5,2,3,1,1,2,3,6,3,Y,NULL,Y,Y,623,659,730,N,NULL,44,7,0,N,,N,N,098-KY-0080-0,NULL,NULL,2023,C,7.29205E+11,098-KY-0080  -000,HIGH,098-KY-0080  -000,6.481,0,0,0,0,0,0,0,0,0,0,0,1,0
72892148,980100,2.023E+11,20230426,1514,,,KY1460,,,KY1460,KY1460,0,098 KY-1460,KY1460,N,Y,ADAMS,,LN,N,NULL,NULL,NULL,NULL,NULL,NULL,6.981,NULL,NULL,NULL,NULL,,NULL,0,0,2,2,N,N,45,NULL,98,9801,NULL,,Y,37.48522,37,29.113,NULL,-82.54393,82,32.636,NULL,N,NULL,NULL,NULL,NULL,NULL,NULL,NULL,NULL,4,3,2,2,1,1,2,2,7,3,N,NULL,Y,N,1514,1519,1519,N,NULL,4,16,0,N,,N,N,098-KY-1460-0,NULL,NULL,2023,O,7.28921E+11,098-KY-1460  -000,HIGH,098-KY-1460  -000,6.964,0,0,0,0,0,0,1,0,0,0,1,0,0
72956486,980100,2.023E+11,20231008,1716,,109,LORAINE,,ST,,,,,,Y,N,NULL,NULL,NULL,N,NULL,NULL,NULL,NULL,NULL,NULL,NULL,NULL,NULL,NULL,NULL,NULL,NULL,0,0,1,1,N,N,45,NULL,98,9801,NULL,,Y,37.48341,37,29.005,NULL,-82.53477,82,32.086,NULL,N,NULL,NULL,NULL,NULL,NULL,NULL,NULL,NULL,9,97,2,6,1,1,2,2,6,3,N,NULL,Y,Y,1721,1735,,Y,NULL,90,,,Y,,N,N,,NULL,NULL,2023,O,7.29565E+11,098-KY-1384  -010,MEDIUM,098-KY-1384  -000,7.518,0,0,0,0,0,0,0,1,1,1,0,1,0
72896421,980100,2.023E+11,20230505,1248,,215,CASSIDY,,BLVD,,,0,098 CS-1191,CS1191,N,N,NULL,NULL,NULL,N,NULL,NULL,NULL,NULL,NULL,NULL,0.048,NULL,NULL,NULL,NULL,,NULL,0,0,3,3,N,N,25,NULL,98,9801,NULL,,Y,37.50368,37,30.221,NULL,-82.53294,82,31.977,NULL,N,NULL,NULL,NULL,NULL,NULL,NULL,NULL,NULL,1,3,4,6,1,1,2,2,1,3,N,NULL,Y,N,1248,1257,1340,N,NULL,55,,,N,,N,N,098-CS-1191-0,NULL,NULL,2023,O,7.28964E+11,098-CS-1191  -000,HIGH,098-CS-1191  -000,0.045,0,0,0,1,0,0,1,0,0,0,0,0,0
72922927,KSP0900,23-314496,20230705,1352,,,KY292,,,KY0292,KY0292,0,098 KY-292,KY0292,N,N,NULL,NULL,NULL,N,NULL,NULL,NULL,NULL,NULL,NULL,3.329,NULL,NULL,NULL,NULL,,NULL,0,0,1,1,N,N,45,NULL,98,9869,NULL,,Y,37.65924,37,39.554,NULL,-82.24541,82,14.725,NULL,N,NULL,NULL,NULL,NULL,NULL,NULL,NULL,NULL,9,3,2,6,1,1,2,2,6,3,N,NULL,Y,Y,1352,1450,1510,Y,NULL,40,8,0,N,,N,N,098-KY-0292-0,NULL,NULL,2023,O,7.29229E+11,098-KY-0292  -000,HIGH,098-KY-0292  -000,3.333,0,0,0,0,0,0,0,0,0,0,0,1,0
72918739,980100,2.023E+11,20230630,1552,,,BYPASS,S,RD,KY1426,KY1426,0,098 KY-1426,KY1426,Y,N,NULL,NULL,NULL,N,NULL,NULL,NULL,NULL,NULL,NULL,5.675,NULL,NULL,NULL,NULL,,NULL,0,0,2,2,Y,N,15,NULL,98,9801,NULL,,Y,37.47272,37,28.363,NULL,-82.52312,82,31.388,NULL,N,NULL,NULL,NULL,NULL,NULL,NULL,NULL,NULL,7,97,2,6,1,1,3,2,1,3,N,NULL,Y,N,1552,1552,1603,N,NULL,90,,0,N,,N,N,098-KY-1426-0,NULL,NULL,2023,O,7.29187E+11,098-KY-1426  -000,HIGH,098-KY-1426  -000,5.675,0,0,0,0,0,0,0,0,0,0,0,0,0
72817290,KSP0900,22-399606,20221016,1903,,,LEVISA,N,RD,KY1499,KY1499,,,,N,N,NULL,NULL,NULL,N,NULL,NULL,NULL,NULL,NULL,NULL,0.542,NULL,NULL,NULL,NULL,,NULL,1,0,1,1,N,N,45,NULL,98,9847,NULL,,Y,37.39003,37,23.402,NULL,-82.25721,82,15.432,NULL,N,NULL,NULL,NULL,NULL,NULL,NULL,NULL,NULL,9,3,2,3,1,5,6,7,7,3,N,NULL,Y,Y,1708,2021,2040,N,NULL,40,7,0,N,,N,N,,NULL,NULL,2022,A,7.28173E+11,098-KY-1499  -000,HIGH,098-KY-1499  -000,0.542,0,0,0,1,0,0,0,0,0,0,0,1,0
72939177,980100,2.023E+11,20230825,1406,,,HUFFMAN,,AVE,,,0,098 CS-1123,CS1123,Y,N,NULL,NULL,NULL,N,NULL,NULL,NULL,NULL,NULL,NULL,0.185,NULL,NULL,NULL,NULL,,NULL,0,0,2,2,N,N,15,NULL,98,9801,NULL,,Y,37.47845,37,28.707,NULL,-82.51983,82,31.19,NULL,N,NULL,NULL,NULL,NULL,NULL,NULL,NULL,NULL,1,97,NULL,6,1,1,2,2,1,3,N,NULL,Y,N,1406,1407,1407,N,NULL,90,,,N,,N,N,098-CS-1123-0,NULL,NULL,2023,O,7.29392E+11,098-CS-1123  -000,HIGH,098-CS-1123  -000,0.186,0,0,0,0,0,0,1,0,0,0,0,0,0
72861599,KSP0900,23-37083,20230129,1630,,97,BOWENS,,RD,,,,,,Y,N,NULL,NULL,NULL,N,NULL,NULL,NULL,NULL,NULL,NULL,0.014,NULL,NULL,NULL,NULL,,NULL,0,0,2,2,N,N,15,NULL,98,9835,NULL,,Y,37.27819,37,16.692,NULL,-82.47971,82,28.782,NULL,N,NULL,NULL,NULL,NULL,NULL,NULL,NULL,NULL,1,97,1,5,1,5,3,2,7,3,N,NULL,Y,N,1630,1657,1715,N,NULL,90,,,N,,N,N,,NULL,NULL,2023,O,7.28616E+11,098-CR-1202Q3-000,HIGH,098-CR-1202Q3-000,0.014,0,0,0,0,0,0,0,0,0,0,0,0,0
72874511,980100,2.023E+11,20230309,430,,116,SMITH,,ST,,,0,098 CS-1163,CS1163,N,N,NULL,NULL,NULL,N,NULL,NULL,NULL,NULL,NULL,NULL,0.018,NULL,NULL,NULL,NULL,,NULL,0,0,1,1,N,N,15,NULL,98,9801,NULL,,Y,37.48323,37,28.994,NULL,-82.52161,82,31.297,NULL,N,NULL,NULL,NULL,NULL,NULL,NULL,NULL,NULL,9,3,2,4,1,1,2,5,6,3,N,NULL,Y,N,852,858,858,Y,NULL,40,,,N,,N,N,098-CS-1163-0,NULL,NULL,2023,O,7.28745E+11,098-CS-1163  -000,HIGH,098-CS-1163  -000,0.017,0,0,0,0,0,0,0,0,0,0,0,1,0