MasterFile,AgencyORINumber,LocalCode,CollisionDate,CollisionTime,CollisionDayWeekCode,RoadwayName_HouseBusinessNumber_,RoadwayName_RoadwayName_,RoadwayName_Direction_,RoadwayName_RoadwaySuffix_,RoadwayfromReport,CurrentRoadwayNumber,RoadwayNumberCoupletID,RSEUniqueGIS,RoadwayIdentifier,ParkingLotIndicator,IntersectionWith_Indicator_,IntersectionWith_NameRoadway_,IntersectionWith_Direction_,IntersectionWith_RoadwaySuffix_,BetweenStreets_Indicator_,BetweenStreets1_NameRoadway_,BetweenStreet1_Direction_,BetweenStreets1_RoadwaySuffix_,BetweenStreets2_NameRoadway_,BetweenStreets2_Direction_,BetweenStreets2_RoadwaySuffix_,Milepoint,ReportMilepointDeriveNumber,CurrentDerivedMiepointNumber,MilestoMilepoint,FeettoMilepoint,DirectionfromMilepoint_NSEW_,ValidMilepointIndicator,NumberInjured,NumberKilled,ofUnits,ofMotorVehicleUnits,Hit&RunIndicator,OneWayIndicator,SpeedLimitNumber,KilometersIndicator,CountyCode,CityCountyCode,MilesFromCity,DirectionFromCity_NSEW_,InCityLimitsIndicator,Latitude,LatitudeDegrees,LatitudeMinutes,LatitudeSeconds,Longitude,LongitudeDegrees,LongitudeMinutes,LongitudeSeconds,RampIndicator,RampFromIdentifier,RampFromDirCode,RampFromCoupletID,RSEUniqueGISRampFrom,RampToidentifier,RampToDirCode,RampToCoupletID,RSEUniqueGisRampTo,MannerofCollisionCode,LocationFirstEventCode,TotalLanes,RoadwayCharacterCode,RoadwaySurfaceCode,RoadwayConditionCode,WeatherCode,LightConditionCode,LandUseCode,SchoolBusRelatedCode,FirstAidSceneIndicator,CollDescPresentInd,InvestigationCompleteIndicator,PhotosTakenIndicator,TimeNotified,TimeArrived,TimeRoadwayOpened,PropertyDamageIndicator,DiagramPresentIndicator,DirectionalAnalysis,FunctionClassCode,NationalHwySysCode,EnforcementsIndicator,KARSCityCode,SecondaryCollisionIndicator,MedianCrossoverIndicator,RT_UNIQUE,MapIt,TimeLastLeft,YR,KABCO,MFNY,WorkingRID,RT_CONFIDENCE,KTC_RT,KTC_MP,Motorcyclist,CommercialVehicle,YoungDriver,MatureDriver,pedestrian,Bicyclist,Distracted,agressive,Impaired,Unrestrained,Intersection,RoadwayDeparture,MedXover
72825719,980100,2.022E+11,20221031,1741,,186,CASSIDY,,BLVD,,,,,,Y,N,NULL,NULL,NULL,N,NULL,NULL,NULL,NULL,NULL,NULL,0.222,NULL,NULL,NULL,NULL,,NULL,0,0,2,2,N,N,15,NULL,98,9801,NULL,,Y,37.50425,37,30.255,NULL,-82.53554,82,32.132,NULL,N,NULL,NULL,NULL,NULL,NULL,NULL,NULL,NULL,1,97,NULL,6,1,1,3,2,5,3,N,NULL,Y,N,1741,1749,1749,N,NULL,90,,,N,,N,N,,NULL,NULL,2022,O,7.28257E+11,098-CS-1191  -000,LOW,098-CS-1191  -000,0.222,0,0,0,1,0,0,0,1,0,0,0,0,0
72965504,KSP0900,23-432602,20231022,1825,,,US119,,,US0119,US0119,0,098 US-119-10,US0119,N,N,NULL,NULL,NULL,N,NULL,NULL,NULL,NULL,NULL,NULL,18.593,NULL,NULL,NULL,NULL,,NULL,0,0,1,1,N,N,55,NULL,98,9814,NULL,,Y,37.59644,37,35.787,NULL,-82.27818,82,16.691,NULL,N,NULL,NULL,NULL,NULL,NULL,NULL,NULL,NULL,9,3,2,2,1,1,2,2,7,3,N,NULL,Y,N,1825,1825,1825,N,NULL,44,2,1,N,,N,N,098-US-0119-10,NULL,NULL,2023,O,7.29655E+11,098-US-0119  -010,HIGH,098-US-0119  -000,18.594,0,0,0,0,0,0,0,0,0,0,0,1,0
72906346,980500,2023AR026,20230531,1500,,,RIGHT FORK OF COWPEN,,RD,,,0,098 CR-1321Q4,CR1321Q4,N,N,NULL,NULL,NULL,N,NULL,NULL,NULL,NULL,NULL,NULL,2.043,NULL,NULL,NULL,NULL,,NULL,2,0,1,1,N,N,35,NULL,98,9807,NULL,,Y,37.55505,37,33.303,NULL,-82.5294,82,31.764,NULL,N,NULL,NULL,NULL,NULL,NULL,NULL,NULL,NULL,9,3,1,3,1,1,2,2,6,3,Y,NULL,Y,Y,1515,1525,1615,N,NULL,44,,,N,,N,N,098-CR-1321Q4-0,NULL,NULL,2023,B,7.29063E+11,098-CR-1321Q4-000,HIGH,098-CR-1321Q4-000,0.124,0,0,1,0,0,0,1,0,0,0,0,1,0
72853774,980500,2023AR002,20230113,1430,,3663,MAYO,N,TRL,,,,,,Y,N,NULL,NULL,NULL,N,NULL,NULL,NULL,NULL,NULL,NULL,NULL,NULL,NULL,NULL,NULL,NULL,NULL,0,0,2,2,N,N,15,NULL,98,9807,NULL,,Y,37.51733,37,31.04,NULL,-82.56367,82,33.821,NULL,N,NULL,NULL,NULL,NULL,NULL,NULL,NULL,NULL,2,97,NULL,6,1,5,3,2,1,3,N,NULL,Y,Y,1430,1432,,N,NULL,90,,,N,,N,N,,NULL,NULL,2023,O,7.28538E+11,098-CS-3000  -000,MEDIUM,098-CS-3000  -000,0.275,0,0,0,0,0,0,1,0,0,0,0,0,0
72853844,KSP0900,23-16087,20230113,730,,,US460,,,US0460,US0460,0,098 US-460,US0460,N,N,NULL,NULL,NULL,N,NULL,NULL,NULL,NULL,NULL,NULL,13.02,NULL,NULL,NULL,NULL,,NULL,0,0,2,2,N,N,55,NULL,98,9871,NULL,,Y,37.33654,37,20.192,NULL,-82.3927,82,23.562,NULL,N,NULL,NULL,NULL,NULL,NULL,NULL,NULL,NULL,5,3,2,6,1,5,6,1,7,3,N,NULL,Y,N,730,910,910,N,NULL,49,,1,N,,N,N,098-US-0460-0,NULL,NULL,2023,O,7.28538E+11,098-US-0460  -000,HIGH,098-US-0460  -000,12.978,0,0,1,0,0,0,0,0,0,0,0,0,0
72854067,KSP0900,23-16819,20230113,1759,,,KY194,,,KY0194,KY0194,0,098 KY-194,KY0194,N,N,NULL,NULL,NULL,N,NULL,NULL,NULL,NULL,NULL,NULL,18.4,NULL,NULL,NULL,NULL,,NULL,1,0,1,1,N,N,55,NULL,98,9820,NULL,,Y,37.55871,37,33.522,NULL,-82.42167,82,25.3,NULL,N,NULL,NULL,NULL,NULL,NULL,NULL,NULL,NULL,9,4,2,1,1,5,9,6,7,3,Y,NULL,Y,Y,1812,1822,1900,N,NULL,51,6,5,N,,N,N,098-KY-0194-0,NULL,NULL,2023,C,7.28541E+11,098-KY-0194  -000,HIGH,098-KY-0194  -000,18.423,0,0,0,0,0,0,0,0,0,0,0,1,0
72850916,980000,23-01-001,20230105,745,,,KY2167,,,KY2167,KY2167,0,098 KY-2167,KY2167,N,N,NULL,NULL,NULL,N,NULL,NULL,NULL,NULL,NULL,NULL,0.241,NULL,NULL,NULL,NULL,,NULL,0,0,2,2,N,N,35,NULL,98,9823,NULL,,Y,37.38455,37,23.073,NULL,-82.54089,82,32.453,NULL,N,NULL,NULL,NULL,NULL,NULL,NULL,NULL,NULL,5,3,2,4,1,1,10,1,7,3,N,NULL,Y,Y,805,810,745,N,NULL,49,7,0,N,,N,N,098-KY-2167-0,NULL,NULL,2023,O,7.28509E+11,098-KY-2167  -000,HIGH,098-KY-2167  -000,0.242,0,0,1,0,0,0,1,0,0,0,0,0,0
72959270,KSP0900,23-424684,20231014,2220,,,ROCKHOUSE,,FRK,,,0,098 CR-1395Q4,CR1395Q4,N,N,NULL,NULL,NULL,N,NULL,NULL,NULL,NULL,NULL,NULL,2.223,NULL,NULL,NULL,NULL,,NULL,0,0,2,2,Y,N,35,NULL,98,9804,NULL,,Y,37.64748,37,38.849,NULL,-82.38154,82,22.892,NULL,N,NULL,NULL,NULL,NULL,NULL,NULL,NULL,NULL,5,3,1,2,1,5,6,6,7,3,N,NULL,Y,N,2206,2250,2330,N,NULL,49,,,N,,N,N,098-CR-1395Q4-0,NULL,NULL,2023,O,7.29593E+11,098-CR-1395Q4-000,HIGH,098-CR-1395Q4-000,2.176,0,0,0,0,0,0,1,0,0,0,0,0,0
72916082,KSP0900,23-306167,20230628,1009,,,US460,,,US0460,US0460,0,098 US-460,US0460,N,N,NULL,NULL,NULL,N,NULL,NULL,NULL,NULL,NULL,NULL,2.367,NULL,NULL,NULL,NULL,,NULL,1,0,1,1,N,N,45,NULL,98,9824,NULL,,Y,37.43323,37,25.994,NULL,-82.48605,82,29.163,NULL,N,NULL,NULL,NULL,NULL,NULL,NULL,NULL,NULL,9,5,2,6,1,1,2,2,1,3,Y,NULL,Y,N,1009,1017,1100,N,NULL,51,,1,N,,N,N,098-US-0460-0,NULL,NULL,2023,C,7.29161E+11,098-US-0460  -000,HIGH,098-US-0460  -000,2.366,0,0,0,0,0,0,1,0,0,0,0,1,0
72950869,980500,2023AR046,20230919,2300,,,US23,,,US0023,US0023,0,098 US-23,US0023,N,N,NULL,NULL,NULL,N,NULL,NULL,NULL,NULL,NULL,NULL,29.487,NULL,NULL,NULL,NULL,,NULL,0,0,2,2,N,N,45,NULL,98,9807,NULL,,Y,37.52931,37,31.758,NULL,-82.57582,82,34.549,NULL,N,NULL,NULL,NULL,NULL,NULL,NULL,NULL,NULL,2,3,6,6,1,1,2,6,1,3,N,NULL,Y,Y,2300,2305,,N,NULL,56,,1,Y,,N,N,098-US-0023-0,NULL,NULL,2023,O,7.29509E+11,098-US-0023  -000,HIGH,098-US-0023  -000,29.414,0,0,1,0,0,0,1,0,0,0,0,0,0
72910483,KSP0900,23-217709,20230608,1136,,,KY194,,,KY0194,KY0194,0,098 KY-194,KY0194,N,N,NULL,NULL,NULL,N,NULL,NULL,NULL,NULL,NULL,NULL,60.692,NULL,NULL,NULL,NULL,,NULL,1,0,1,1,N,N,35,NULL,98,9811,NULL,,Y,37.56431,37,33.858,NULL,-82.14091,82,8.455,NULL,N,NULL,NULL,NULL,NULL,NULL,NULL,NULL,NULL,9,3,2,6,1,1,2,2,7,3,Y,NULL,N,N,1205,1225,1300,N,NULL,70,7,0,N,,N,N,098-KY-0194-0,NULL,NULL,2023,B,7.29105E+11,098-KY-0194  -000,HIGH,098-KY-0194  -000,60.697,0,0,0,0,0,0,1,0,0,0,0,1,0
72963253,980100,2.023E+11,20231021,1234,,,LEE,,AVE,,,,,,Y,N,NULL,NULL,NULL,N,NULL,NULL,NULL,NULL,NULL,NULL,NULL,NULL,NULL,NULL,NULL,,NULL,0,0,2,2,N,N,NULL,NULL,98,9801,NULL,,Y,37.50287,37,30.172,NULL,-82.53493,82,32.096,NULL,N,NULL,NULL,NULL,NULL,NULL,NULL,NULL,NULL,8,97,NULL,6,1,1,2,2,1,3,N,NULL,Y,N,1234,1242,1242,N,NULL,90,,,N,,N,N,,NULL,NULL,2023,O,7.29633E+11,098-CS-1261  -000,MEDIUM,098-CS-1261  -000,0.02,0,0,0,0,0,0,1,0,0,0,0,0,0
72922929,KSP0900,23-312127,20230703,1500,,,BANK,,LN,,,0,098 CR-1833C,CR1833C,Y,N,NULL,NULL,NULL,N,NULL,NULL,NULL,NULL,NULL,NULL,0.036,NULL,NULL,NULL,NULL,,NULL,0,0,2,2,N,N,10,NULL,98,9804,NULL,,Y,37.51985,37,31.191,NULL,-82.15498,82,9.299,NULL,N,NULL,NULL,NULL,NULL,NULL,NULL,NULL,NULL,2,97,1,6,1,1,2,7,1,3,N,NULL,N,N,1505,1600,1600,N,NULL,90,,,N,,N,N,098-CR-1833C-0,NULL,NULL,2023,O,7.29229E+11,098-CR-1833C -000,HIGH,098-CR-1833C -000,0.035,0,0,1,0,0,0,1,0,0,1,0,0,0
72907980,980100,2.023E+11,20230606,1020,,911,BYPASS,,RD,,,0,098 CS-1223,CS1223,Y,N,NULL,NULL,NULL,N,NULL,NULL,NULL,NULL,NULL,NULL,NULL,NULL,NULL,NULL,NULL,NULL,NULL,0,0,2,2,N,N,NULL,NULL,98,9801,NULL,,Y,37.47128,37,28.277,NULL,-82.52117,82,31.27,NULL,N,NULL,NULL,NULL,NULL,NULL,NULL,NULL,NULL,1,97,1,6,2,1,2,2,1,3,N,NULL,Y,N,1020,1037,1038,N,NULL,90,,,N,,N,N,098-CS-1223-0,NULL,NULL,2023,O,7.2908E+11,098-CS-1223  -000,HIGH,098-CS-1223  -000,0.136,0,0,0,0,0,0,0,0,0,0,0,0,0
72921233,980100,2.023E+11,20230711,1408,,,CAROLINE,,AVE,,,0,098 CS-1127,CS1127,N,N,NULL,NULL,NULL,N,NULL,NULL,NULL,NULL,NULL,NULL,0.015,NULL,NULL,NULL,NULL,,NULL,0,0,2,2,N,N,5,NULL,98,9801,NULL,,Y,37.47915,37,28.749,NULL,-82.5192,82,31.152,NULL,N,NULL,NULL,NULL,NULL,NULL,NULL,NULL,NULL,8,5,1,6,1,1,2,2,1,3,N,NULL,Y,N,1408,1409,1411,N,NULL,47,,,N,,N,N,098-CS-1127-0,NULL,NULL,2023,O,7.29212E+11,098-CS-1127  -000,HIGH,098-CS-1127  -000,0.035,0,0,0,0,0,0,0,0,0,0,0,0,0
72888298,KSP0900,23-146307,20230417,1622,,,US119,,,US0119,US0119,,,,N,N,NULL,NULL,NULL,N,NULL,NULL,NULL,NULL,NULL,NULL,23.444,NULL,NULL,NULL,NULL,,NULL,1,0,2,2,N,N,55,NULL,98,9836,NULL,,Y,37.64795,37,38.877,NULL,-82.26749,82,16.049,NULL,N,NULL,NULL,NULL,NULL,NULL,NULL,NULL,NULL,5,3,4,6,1,1,2,2,7,3,N,NULL,Y,Y,1622,1622,1707,N,NULL,49,2,1,N,,N,N,,NULL,NULL,2023,C,7.28883E+11,098-US-0119  -000,MEDIUM,098-US-0119  -000,23.444,0,0,0,0,0,0,1,0,0,0,0,0,0
72909959,KSP0900,23-221668,20230610,2325,,,ALLEGHENY,,RD,,,0,098 CR-1200Q3,CR1200Q3,N,N,NULL,NULL,NULL,N,NULL,NULL,NULL,NULL,NULL,NULL,0.907,NULL,NULL,NULL,NULL,,NULL,1,0,1,1,N,N,25,NULL,98,9837,NULL,,Y,37.28052,37,16.831,NULL,-82.47649,82,28.589,NULL,N,NULL,NULL,NULL,NULL,NULL,NULL,NULL,NULL,9,3,1,6,1,1,2,5,7,3,Y,NULL,N,Y,2327,2351,122,N,NULL,44,,,N,,N,N,098-CR-1200Q3-0,NULL,NULL,2023,A,7.291E+11,098-CR-1200Q3-000,HIGH,098-CR-1200Q3-000,0.916,0,0,0,0,0,0,0,0,1,1,0,1,0
72892858,KSP0900,23-162676,20230429,1952,,,GRAPEVINE,,RD,KY0194,KY0194,0,098 KY-194,KY0194,N,N,NULL,NULL,NULL,N,NULL,NULL,NULL,NULL,NULL,NULL,36.153,NULL,NULL,NULL,NULL,,NULL,1,0,1,1,N,N,35,NULL,98,9839,NULL,,Y,37.45455,37,27.273,NULL,-82.28766,82,17.259,NULL,N,NULL,NULL,NULL,NULL,NULL,NULL,NULL,NULL,9,3,2,6,1,1,2,3,7,3,N,NULL,Y,Y,1952,1952,1952,N,NULL,44,7,0,N,,N,N,098-KY-0194-0,NULL,NULL,2023,B,7.28929E+11,098-KY-0194  -000,HIGH,098-KY-0194  -000,36.153,0,0,0,0,0,0,0,0,1,1,0,1,0
72916659,KSP0900,23-302848,20230625,1406,,,US119,,,US0119,US0119,0,098 US-119,US0119,N,N,NULL,NULL,NULL,N,NULL,NULL,NULL,NULL,NULL,NULL,20.285,NULL,NULL,NULL,NULL,,NULL,3,0,2,2,N,N,55,NULL,98,9836,NULL,,Y,37.61471,37,36.883,NULL,-82.27451,82,16.471,NULL,N,NULL,NULL,NULL,NULL,NULL,NULL,NULL,NULL,1,3,2,6,1,1,2,2,7,3,N,NULL,Y,Y,1406,1407,1407,N,NULL,55,2,1,N,,N,N,098-US-0119-0,NULL,NULL,2023,C,7.29167E+11,098-US-0119  -000,HIGH,098-US-0119  -000,20.288,0,0,0,1,0,0,1,0,0,0,0,0,0
72929291,KSP0900,23-339597,20230727,1750,,,KY1426,,,KY1426,KY1426,0,098 KY-1426,KY1426,N,N,NULL,NULL,NULL,N,NULL,NULL,NULL,NULL,NULL,NULL,13.207,NULL,NULL,NULL,NULL,,NULL,2,0,1,1,N,N,45,NULL,98,9828,NULL,,Y,37.54866,37,32.92,NULL,-82.45931,82,27.559,NULL,N,NULL,NULL,NULL,NULL,NULL,NULL,NULL,NULL,9,3,2,3,1,1,2,2,7,3,Y,NULL,N,Y,1724,1730,1800,N,NULL,44,7,0,N,,N,N,098-KY-1426-0,NULL,NULL,2023,C,7.29293E+11,098-KY-1426  -000,HIGH,098-KY-1426  -000,13.209,0,0,0,0,0,0,1,1,0,0,0,1,0
72902699,980000,23-04-006,20230518,1333,,29,CABIN,,FRK,,,0,098 CR-1932,CR1932,Y,N,NULL,NULL,NULL,N,NULL,NULL,NULL,NULL,NULL,NULL,0.017,NULL,NULL,NULL,NULL,,NULL,0,0,2,2,Y,N,5,NULL,98,9809,NULL,,Y,37.28228,37,16.937,NULL,-82.57211,82,34.327,NULL,N,NULL,NULL,NULL,NULL,NULL,NULL,NULL,NULL,2,97,0,6,1,1,2,2,1,3,N,NULL,Y,Y,1555,1630,1555,N,NULL,90,,,Y,,N,N,098-CR-1932-0,NULL,NULL,2023,O,7.29027E+11,098-CR-1932  -000,HIGH,098-CR-1932  -000,0.016,0,0,0,0,0,0,1,0,0,0,0,0,0
72959944,980100,2.023E+11,20231014,1543,,,HAMBLEY,,BLVD,,,0,098 CS-1222,CS1222,Y,N,NULL,NULL,NULL,N,NULL,NULL,NULL,NULL,NULL,NULL,0.552,NULL,NULL,NULL,NULL,,NULL,0,0,2,1,Y,N,15,NULL,98,9801,NULL,,Y,37.47906,37,28.744,NULL,-82.51989,82,31.193,NULL,N,NULL,NULL,NULL,NULL,NULL,NULL,NULL,NULL,9,97,2,6,2,1,2,2,5,3,N,NULL,Y,Y,1544,1546,,N,NULL,90,,,Y,,N,N,098-CS-1222-0,NULL,NULL,2023,O,7.29599E+11,098-CS-1222  -000,HIGH,098-CS-1222  -000,0.551,0,0,0,0,0,1,1,1,0,0,0,0,0
72915292,980000,23-06-002,20230607,1700,,13376,PHELPS 632,,RD,KY0632,KY0632,0,098 KY-632,KY0632,Y,N,NULL,NULL,NULL,N,NULL,NULL,NULL,NULL,NULL,NULL,12.473,NULL,NULL,NULL,NULL,,NULL,0,0,2,2,N,N,NULL,NULL,98,9804,NULL,,Y,37.50045,37,30.027,NULL,-82.16729,82,10.038,NULL,N,NULL,NULL,NULL,NULL,NULL,NULL,NULL,NULL,2,97,2,6,1,5,3,2,1,3,N,NULL,Y,Y,1700,1754,1754,N,NULL,90,6,0,N,,N,N,098-KY-0632-0,NULL,NULL,2023,O,7.29153E+11,098-KY-0632  -000,HIGH,098-KY-0632  -000,12.479,0,0,0,1,0,0,1,0,0,0,0,0,0
72938679,980100,2.023E+11,20230825,1324,,,US23,,,US0023,US0023,0,098 US-23-10,US0023,N,N,NULL,NULL,NULL,N,NULL,NULL,NULL,NULL,NULL,NULL,23.567,NULL,NULL,NULL,NULL,,NULL,0,0,2,2,N,N,55,NULL,98,9801,NULL,,Y,37.47099,37,28.259,NULL,-82.53386,82,32.031,NULL,N,NULL,NULL,NULL,NULL,NULL,NULL,NULL,NULL,8,3,4,3,1,5,3,2,1,3,N,NULL,Y,N,1328,1329,1329,N,NULL,53,,1,N,,N,N,098-US-0023-10,NULL,NULL,2023,O,7.29387E+11,098-US-0023  -010,HIGH,098-US-0023  -000,23.51,0,1,0,0,0,0,0,0,0,0,0,1,0
72953086,980100,2.023E+11,20230926,843,,,US23,,,US0023,US0023,,,,N,N,NULL,NULL,NULL,N,NULL,NULL,NULL,NULL,NULL,NULL,20.909,NULL,NULL,NULL,NULL,,NULL,0,0,2,2,N,N,55,NULL,98,9801,NULL,,Y,37.44389,37,26.634,NULL,-82.5246,82,31.476,NULL,N,NULL,NULL,NULL,NULL,NULL,NULL,NULL,NULL,5,3,4,3,1,1,2,2,1,3,N,NULL,Y,N,843,851,,N,NULL,49,,1,Y,,N,N,,NULL,NULL,2023,O,7.29531E+11,098-US-0023  -000,MEDIUM,098-US-0023  -000,20.838,0,0,1,0,0,0,1,0,1,0,0,0,0
72976507,KSP0900,23-466328,20231121,1517,,,FEDSCREEK,,RD,KY0366,KY0366,0,098 KY-366,KY0366,N,N,NULL,NULL,NULL,N,NULL,NULL,NULL,NULL,NULL,NULL,0.365,NULL,NULL,NULL,NULL,,NULL,0,0,1,1,N,N,35,NULL,98,9839,NULL,,Y,37.40172,37,24.103,NULL,-82.24283,82,14.57,NULL,N,NULL,NULL,NULL,NULL,NULL,NULL,NULL,NULL,9,3,2,6,1,5,6,2,7,3,N,NULL,Y,Y,1517,1715,1730,N,NULL,40,9,0,N,,N,N,098-KY-0366-0,NULL,NULL,2023,O,7.29765E+11,098-KY-0366  -000,HIGH,098-KY-0366  -000,0.358,0,0,1,0,0,0,0,0,0,0,0,1,0
72975521,KSP0900,23-448541,20231106,1159,,,KY1506 CROSSOVER,,,KY1506,KY1506,0,098 KY-1506-30,KY1506,N,N,NULL,NULL,NULL,N,NULL,NULL,NULL,NULL,NULL,NULL,0.01,NULL,NULL,NULL,NULL,,NULL,0,0,2,2,N,N,40,NULL,98,9834,NULL,,Y,37.66794,37,40.076,NULL,-82.27702,82,16.621,NULL,N,NULL,NULL,NULL,NULL,NULL,NULL,NULL,NULL,1,3,2,3,1,1,2,2,7,3,N,NULL,Y,N,1205,1220,1200,N,NULL,40,9,0,N,,N,N,098-KY-1506-30,NULL,NULL,2023,O,7.29755E+11,098-KY-1506  -030,HIGH,098-KY-1506  -030,0.01,0,0,0,0,0,0,0,1,0,0,0,1,0
72972597,980100,2.023E+11,20231113,1826,,,REDALE,,RD,,,0,098 CS-1244,CS1244,Y,N,NULL,NULL,NULL,N,NULL,NULL,NULL,NULL,NULL,NULL,0.113,NULL,NULL,NULL,NULL,,NULL,0,0,2,2,N,N,15,NULL,98,9801,NULL,,Y,37.48713,37,29.227,NULL,-82.52618,82,31.571,NULL,N,NULL,NULL,NULL,NULL,NULL,NULL,NULL,NULL,8,97,NULL,6,1,1,2,5,6,3,N,NULL,Y,N,1826,1831,,N,NULL,90,,,N,,N,N,098-CS-1244-0,NULL,NULL,2023,O,7.29726E+11,098-CS-1244  -000,HIGH,098-CS-1244  -000,0.116,0,0,0,0,0,0,0,0,0,0,0,0,0
72987513,980100,2.023E+11,20231206,,,,BAIRD,,AVE,KY1426,KY1426,0,098 KY-1426,KY1426,N,Y,HIBBARD,,ST,N,NULL,NULL,NULL,NULL,NULL,NULL,5.394,NULL,NULL,NULL,NULL,,NULL,0,0,2,2,Y,N,55,NULL,98,9801,NULL,,Y,37.47327,37,28.396,NULL,-82.52711,82,31.627,NULL,N,NULL,NULL,NULL,NULL,NULL,NULL,NULL,NULL,1,3,2,3,1,1,2,6,1,3,N,NULL,Y,N,1820,1824,1824,N,NULL,10,,0,N,,N,N,098-KY-1426-0,NULL,NULL,2023,O,7.29875E+11,098-KY-1426  -000,HIGH,098-KY-1426  -000,5.395,0,0,0,1,0,0,0,1,0,0,1,0,0
72993704,980100,2.024E+11,20230106,1437,,,US460,,,US0460,US0460,,,,Y,N,NULL,NULL,NULL,N,NULL,NULL,NULL,NULL,NULL,NULL,0.154,NULL,NULL,NULL,NULL,,NULL,0,0,2,2,N,N,NULL,NULL,98,9801,NULL,,Y,37.44021,37,26.413,NULL,-82.50872,82,30.523,NULL,N,NULL,NULL,NULL,NULL,NULL,NULL,NULL,NULL,1,97,NULL,6,1,5,2,2,1,3,N,NULL,Y,N,1437,1445,,N,NULL,90,,1,N,,N,N,,NULL,NULL,2023,O,7.29937E+11,098-US-0460  -000,HIGH,098-US-0460  -000,0.156,0,0,0,0,0,0,1,0,0,0,0,0,0
72936391,980100,2.023E+11,20230819,1744,,,KY3496,,,KY3496,KY3496,0,098 KY-3496,KY3496,Y,N,NULL,NULL,NULL,N,NULL,NULL,NULL,NULL,NULL,NULL,0.66,NULL,NULL,NULL,NULL,,NULL,0,0,1,1,N,N,15,NULL,98,9801,NULL,,Y,37.47176,37,28.306,NULL,-82.53207,82,31.924,NULL,N,NULL,NULL,NULL,NULL,NULL,NULL,NULL,NULL,9,97,2,6,1,1,2,2,1,3,N,NULL,Y,Y,1744,1752,1814,Y,NULL,90,16,0,N,,N,N,098-KY-3496-0,NULL,NULL,2023,O,7.29364E+11,098-KY-3496  -000,HIGH,098-KY-3496  -000,0.669,0,0,0,0,0,0,0,0,0,0,0,1,0
72957405,KSP0900,23-418838,20231009,1528,,,WOLFPIT BRANCH,,RD,,,,,,N,N,NULL,NULL,NULL,N,NULL,NULL,NULL,NULL,NULL,NULL,0.062,NULL,NULL,NULL,NULL,,NULL,0,0,2,2,N,N,45,NULL,98,9857,NULL,,Y,37.35368,37,21.221,NULL,-82.42601,82,25.561,NULL,N,NULL,NULL,NULL,NULL,NULL,NULL,NULL,NULL,8,3,1,6,1,5,2,2,7,3,N,NULL,N,N,1533,1551,,Y,NULL,47,,,N,,N,N,,NULL,NULL,2023,O,7.29574E+11,098-CR-1232  -000,HIGH,098-CR-1232  -000,0.046,0,0,0,1,0,0,0,0,0,0,0,0,0
72933426,KSP0900,23-357085,20230812,2210,,,US119,,,US0119,US0119,0,098 US-119-10,US0119,N,N,NULL,NULL,NULL,N,NULL,NULL,NULL,NULL,NULL,NULL,23.891,NULL,NULL,NULL,NULL,,NULL,0,0,2,2,N,N,55,NULL,98,9834,NULL,,Y,37.6542,37,39.252,NULL,-82.26938,82,16.163,NULL,N,NULL,NULL,NULL,NULL,NULL,NULL,NULL,NULL,8,3,4,6,1,1,2,6,7,3,N,NULL,N,N,2210,2235,2235,N,NULL,53,2,1,N,,N,N,098-US-0119-10,NULL,NULL,2023,O,7.29334E+11,098-US-0119  -010,HIGH,098-US-0119  -000,23.891,0,0,0,0,0,0,0,0,0,0,0,1,0
72901694,980100,2.023E+11,20230522,827,,1302,S MAYO TRAIL,,LN,,,0,098 CS-1016,CS1016,Y,N,NULL,NULL,NULL,N,NULL,NULL,NULL,NULL,NULL,NULL,NULL,NULL,NULL,NULL,NULL,NULL,NULL,0,0,1,1,N,N,NULL,NULL,98,9801,NULL,,Y,37.45305,37,27.183,NULL,-82.52142,82,31.285,NULL,N,NULL,NULL,NULL,NULL,NULL,NULL,NULL,NULL,9,97,1,6,1,1,2,2,1,3,N,NULL,Y,N,827,835,835,Y,NULL,90,,,Y,,N,N,098-CS-1016-0,NULL,NULL,2023,O,7.29017E+11,098-CS-1016  -000,HIGH,098-CS-1016  -000,0.044,0,0,0,0,0,0,0,0,1,1,0,1,0
72887350,KSP0900,2023-143498,20230415,1522,,,KY195,,,KY0195,KY0195,,,,N,N,NULL,NULL,NULL,N,NULL,NULL,NULL,NULL,NULL,NULL,10.695,NULL,NULL,NULL,NULL,,NULL,0,0,1,1,N,Y,50,NULL,98,9830,NULL,,Y,37.3588,37,21.528,NULL,-82.42,82,25.2,NULL,N,NULL,NULL,NULL,NULL,NULL,NULL,NULL,NULL,9,97,1,2,1,1,2,2,7,3,N,NULL,N,N,1522,1537,1537,N,NULL,44,7,0,N,,N,N,,NULL,NULL,2023,O,7.28874E+11,098-KY-0195  -000,HIGH,098-KY-0195  -000,10.671,0,0,0,0,0,0,1,0,0,0,0,1,0
72962737,KSP0900,23-428240,20231018,1518,,,UPPER JOHNS,,CRK,KY0632,KY0632,0,098 KY-632,KY0632,N,N,NULL,NULL,NULL,N,NULL,NULL,NULL,NULL,NULL,NULL,5.769,NULL,NULL,NULL,NULL,,NULL,1,0,1,1,N,N,55,NULL,98,9817,NULL,,Y,37.49353,37,29.612,NULL,-82.26467,82,15.88,NULL,N,NULL,NULL,NULL,NULL,NULL,NULL,NULL,NULL,9,3,2,6,1,1,2,2,7,3,Y,NULL,Y,Y,1518,1600,1621,N,NULL,44,6,0,N,,N,N,098-KY-0632-0,NULL,NULL,2023,A,7.29627E+11,098-KY-0632  -000,HIGH,098-KY-0632  -000,5.795,0,0,0,1,0,0,0,0,0,0,0,1,0