MasterFile,AgencyORINumber,LocalCode,CollisionDate,CollisionTime,CollisionDayWeekCode,RoadwayName_HouseBusinessNumber_,RoadwayName_RoadwayName_,RoadwayName_Direction_,RoadwayName_RoadwaySuffix_,RoadwayfromReport,CurrentRoadwayNumber,RoadwayNumberCoupletID,RSEUniqueGIS,RoadwayIdentifier,ParkingLotIndicator,IntersectionWith_Indicator_,IntersectionWith_NameRoadway_,IntersectionWith_Direction_,IntersectionWith_RoadwaySuffix_,BetweenStreets_Indicator_,BetweenStreets1_NameRoadway_,BetweenStreet1_Direction_,BetweenStreets1_RoadwaySuffix_,BetweenStreets2_NameRoadway_,BetweenStreets2_Direction_,BetweenStreets2_RoadwaySuffix_,Milepoint,ReportMilepointDeriveNumber,CurrentDerivedMiepointNumber,MilestoMilepoint,FeettoMilepoint,DirectionfromMilepoint_NSEW_,ValidMilepointIndicator,NumberInjured,NumberKilled,ofUnits,ofMotorVehicleUnits,Hit&RunIndicator,OneWayIndicator,SpeedLimitNumber,KilometersIndicator,CountyCode,CityCountyCode,MilesFromCity,DirectionFromCity_NSEW_,InCityLimitsIndicator,Latitude,LatitudeDegrees,LatitudeMinutes,LatitudeSeconds,Longitude,LongitudeDegrees,LongitudeMinutes,LongitudeSeconds,RampIndicator,RampFromIdentifier,RampFromDirCode,RampFromCoupletID,RSEUniqueGISRampFrom,RampToidentifier,RampToDirCode,RampToCoupletID,RSEUniqueGisRampTo,MannerofCollisionCode,LocationFirstEventCode,TotalLanes,RoadwayCharacterCode,RoadwaySurfaceCode,RoadwayConditionCode,WeatherCode,LightConditionCode,LandUseCode,SchoolBusRelatedCode,FirstAidSceneIndicator,CollDescPresentInd,InvestigationCompleteIndicator,PhotosTakenIndicator,TimeNotified,TimeArrived,TimeRoadwayOpened,PropertyDamageIndicator,DiagramPresentIndicator,DirectionalAnalysis,FunctionClassCode,NationalHwySysCode,EnforcementsIndicator,KARSCityCode,SecondaryCollisionIndicator,MedianCrossoverIndicator,RT_UNIQUE,MapIt,TimeLastLeft,YR,KABCO,MFNY,WorkingRID,RT_CONFIDENCE,KTC_RT,KTC_MP,Motorcyclist,CommercialVehicle,YoungDriver,MatureDriver,pedestrian,Bicyclist,Distracted,agressive,Impaired,Unrestrained,Intersection,RoadwayDeparture,MedXover
72873469,980100,2.023E+11,20230301,1013,,,HAMBLEY,,BLVD,,,0,098 CS-1222,CS1222,Y,N,NULL,NULL,NULL,N,NULL,NULL,NULL,NULL,NULL,NULL,0.172,NULL,NULL,NULL,NULL,,NULL,0,0,2,2,N,N,15,NULL,98,9801,NULL,,Y,37.47499,37,28.5,NULL,-82.52444,82,31.467,NULL,N,NULL,NULL,NULL,NULL,NULL,NULL,NULL,NULL,8,97,1,6,1,1,2,2,1,3,N,NULL,Y,N,1015,1016,,N,NULL,90,,,N,,N,N,098-CS-1222-0,NULL,NULL,2023,O,7.28735E+11,098-CS-1222  -000,HIGH,098-CS-1222  -000,0.172,0,0,0,0,0,0,1,0,0,0,0,0,0
72809774,370200,2022-374102,20220927,657,,,SLONE,,PL,,,0,098 CR-1443D,CR1443D,N,N,NULL,NULL,NULL,N,NULL,NULL,NULL,NULL,NULL,NULL,0.005,NULL,NULL,NULL,NULL,,NULL,0,0,1,1,N,N,35,NULL,98,9817,NULL,,Y,37.52944,37,31.766,NULL,-82.36181,82,21.708,NULL,N,NULL,NULL,NULL,NULL,NULL,NULL,NULL,NULL,9,3,1,3,1,1,2,6,7,3,N,NULL,Y,N,713,730,823,Y,NULL,40,,,N,,N,N,098-CR-1443D-0,NULL,NULL,2022,O,7.28098E+11,098-CR-1443D -000,HIGH,098-CR-1443D -000,0.005,0,1,0,0,0,0,0,0,0,0,0,1,0
72869258,KSP0900,23-74088,20230225,2316,,,UPPER JOHNS,,CRK,KY0632,KY0632,0,098 KY-632,KY0632,N,N,NULL,NULL,NULL,N,NULL,NULL,NULL,NULL,NULL,NULL,0.202,NULL,NULL,NULL,NULL,,NULL,0,0,1,1,N,N,55,NULL,98,9817,NULL,,Y,37.49841,37,29.904,NULL,-82.34612,82,20.767,NULL,N,NULL,NULL,NULL,NULL,NULL,NULL,NULL,NULL,9,3,2,6,1,5,6,7,7,3,N,NULL,N,N,2316,2327,2355,N,NULL,70,6,0,N,,N,N,098-KY-0632-0,NULL,NULL,2023,O,7.28693E+11,098-KY-0632  -000,HIGH,098-KY-0632  -000,0.19,0,0,1,0,0,0,1,0,0,0,0,1,0
72850863,KSP0900,23-3199,20230103,1400,,,US119,,,US0119,US0119,0,098 US-119,US0119,Y,N,NULL,NULL,NULL,N,NULL,NULL,NULL,NULL,NULL,NULL,22.539,NULL,NULL,NULL,NULL,,NULL,0,0,2,2,N,N,55,NULL,98,9842,NULL,,Y,37.63995,37,38.397,NULL,-82.25861,82,15.517,NULL,N,NULL,NULL,NULL,NULL,NULL,NULL,NULL,NULL,2,97,2,6,1,1,3,2,1,3,N,NULL,N,N,1400,1400,1430,N,NULL,90,2,1,Y,,N,N,098-US-0119-0,NULL,NULL,2023,O,7.28509E+11,098-US-0119  -000,HIGH,098-US-0119  -000,22.61,0,0,0,0,0,0,0,0,0,0,0,0,0
72862932,980100,2.023E+11,20230206,1821,,548,BYPASS,S,RD,KY1426,KY1426,0,098 KY-1426,KY1426,N,N,NULL,NULL,NULL,N,NULL,NULL,NULL,NULL,NULL,NULL,6.551,NULL,NULL,NULL,NULL,,NULL,2,0,2,2,N,N,45,NULL,98,9801,NULL,,Y,37.48235,37,28.941,NULL,-82.51371,82,30.823,NULL,N,NULL,NULL,NULL,NULL,NULL,NULL,NULL,NULL,1,3,2,6,1,1,2,3,1,3,N,NULL,Y,Y,1822,1827,1827,N,NULL,55,,0,N,,N,N,098-KY-1426-0,NULL,NULL,2023,B,7.28629E+11,098-KY-1426  -000,HIGH,098-KY-1426  -000,6.551,0,0,0,0,0,0,1,0,0,0,0,0,0
72808270,370200,2022368846,20220923,846,,,COWPEN,,RD,KY2061,KY2061,0,098 KY-2061,KY2061,N,N,NULL,NULL,NULL,N,NULL,NULL,NULL,NULL,NULL,NULL,0.287,NULL,NULL,NULL,NULL,,NULL,0,0,1,1,N,N,45,NULL,98,9807,NULL,,Y,37.53295,37,31.977,NULL,-82.57237,82,34.342,NULL,N,NULL,NULL,NULL,NULL,NULL,NULL,NULL,NULL,9,5,2,4,1,1,2,2,1,3,N,NULL,Y,N,901,935,1321,N,NULL,44,,0,N,,N,N,098-KY-2061-0,NULL,NULL,2022,O,7.28083E+11,098-KY-2061  -000,HIGH,098-KY-2061  -000,0.287,0,1,0,0,0,0,0,0,0,0,0,1,0
72896423,980100,2.023E+11,20230504,1443,,254,CASSIDY,,BLVD,,,0,098 CS-1191,CS1191,Y,N,NULL,NULL,NULL,N,NULL,NULL,NULL,NULL,NULL,NULL,0.045,NULL,NULL,NULL,NULL,,NULL,0,0,2,2,N,N,NULL,NULL,98,9801,NULL,,Y,37.50369,37,30.221,NULL,-82.5329,82,31.974,NULL,N,NULL,NULL,NULL,NULL,NULL,NULL,NULL,NULL,2,97,1,6,1,1,2,2,1,3,N,NULL,Y,N,1443,1446,1446,N,NULL,90,,,N,,N,N,098-CS-1191-0,NULL,NULL,2023,O,7.28964E+11,098-CS-1191  -000,HIGH,098-CS-1191  -000,0.043,0,0,0,1,0,0,0,0,0,0,0,0,0
72895457,KSP0900,2023-171205,20230506,106,,,KY194,,,KY0194,KY0194,,,,N,N,NULL,NULL,NULL,N,NULL,NULL,NULL,NULL,NULL,NULL,10.06,NULL,NULL,NULL,NULL,,NULL,0,0,2,2,N,N,55,NULL,98,9801,NULL,,Y,37.59681,37,35.808,NULL,-82.52479,82,31.487,NULL,N,NULL,NULL,NULL,NULL,NULL,NULL,NULL,NULL,7,3,2,3,1,1,2,6,7,3,N,NULL,N,N,106,135,156,N,NULL,54,7,0,N,,N,N,,NULL,NULL,2023,O,7.28955E+11,098-KY-0194  -000,HIGH,098-KY-0194  -000,10.087,0,0,1,0,0,0,0,0,0,0,0,1,0
72939780,KSP0900,23-359271,20230815,744,,,RIGHT FORK OF BRUSHY,,RD,,,0,098 CR-1360Q4,CR1360Q4,N,N,NULL,NULL,NULL,N,NULL,NULL,NULL,NULL,NULL,NULL,7.553,NULL,NULL,NULL,NULL,,NULL,2,0,2,2,N,Y,35,NULL,98,9820,NULL,,Y,37.57775,37,34.665,NULL,-82.44254,82,26.553,NULL,N,NULL,NULL,NULL,NULL,NULL,NULL,NULL,NULL,3,3,1,1,1,1,2,2,7,3,Y,NULL,Y,N,744,1840,900,N,NULL,52,,,N,,N,N,098-CR-1360Q4-0,NULL,NULL,2023,C,7.29398E+11,098-PR-1443  -000,HIGH,098-PR-1443  -000,2.407,0,0,0,0,0,0,1,0,0,0,0,1,0
72908989,980500,2023AR028,20230609,740,,,COWPEN ROADWAY,,,,,,,,N,N,NULL,NULL,NULL,N,NULL,NULL,NULL,NULL,NULL,NULL,NULL,NULL,NULL,NULL,NULL,NULL,NULL,2,0,2,2,N,N,45,NULL,98,9807,NULL,,Y,37.52982,37,31.789,NULL,-82.57587,82,34.552,NULL,N,NULL,NULL,NULL,NULL,NULL,NULL,NULL,NULL,5,3,2,6,1,1,2,2,1,3,Y,NULL,Y,Y,740,743,830,N,NULL,70,,,N,,N,N,,NULL,NULL,2023,C,7.2909E+11,098-KY-2061  -000,MEDIUM,098-KY-2061  -000,0,0,0,0,0,0,0,0,1,0,0,0,0,0
72890101,980100,2.023E+11,20230421,815,,,HAMBLEY,,BLVD,,,0,098 CS-1222,CS1222,N,N,NULL,NULL,NULL,N,NULL,NULL,NULL,NULL,NULL,NULL,0.457,NULL,NULL,NULL,NULL,,NULL,0,0,2,2,N,N,25,NULL,98,9801,NULL,,Y,37.47793,37,28.676,NULL,-82.52084,82,31.251,NULL,N,NULL,NULL,NULL,NULL,NULL,NULL,NULL,NULL,8,3,3,6,1,1,2,2,1,3,N,NULL,Y,N,815,920,921,N,NULL,47,,,Y,,N,N,098-CS-1222-0,NULL,NULL,2023,O,7.28901E+11,098-CS-1222  -000,HIGH,098-CS-1222  -000,0.458,0,0,0,0,0,0,0,0,0,0,0,0,0
72848429,980100,2.022E+11,20221224,1456,,,CASSIDY,,BLVD,,,0,098 CS-1191,CS1191,Y,N,NULL,NULL,NULL,N,NULL,NULL,NULL,NULL,NULL,NULL,0.321,NULL,NULL,NULL,NULL,,NULL,0,0,2,2,N,N,10,NULL,98,9801,NULL,,Y,37.50673,37,30.404,NULL,-82.53882,82,32.329,NULL,N,NULL,NULL,NULL,NULL,NULL,NULL,NULL,NULL,2,97,NULL,6,1,1,2,2,5,3,N,NULL,Y,N,1456,1506,1506,N,NULL,90,,,N,,N,N,098-CS-1191-0,NULL,NULL,2022,O,7.28484E+11,098-CS-1191  -000,HIGH,098-CS-1191  -000,0.321,0,0,0,1,0,0,1,0,0,0,0,0,0
72864357,KSP0900,23-46260,20230205,2256,,,RACCOON,,RD,KY1441,KY1441,0,098 KY-1441,KY1441,N,N,NULL,NULL,NULL,N,NULL,NULL,NULL,NULL,NULL,NULL,10.335,NULL,NULL,NULL,NULL,,NULL,0,0,1,1,N,N,45,NULL,98,9850,NULL,,Y,37.51961,37,31.176,NULL,-82.45409,82,27.246,NULL,N,NULL,NULL,NULL,NULL,NULL,NULL,NULL,NULL,9,3,2,6,1,1,2,7,7,3,N,NULL,N,N,2256,2307,2307,N,NULL,38,8,0,N,,N,N,098-KY-1441-0,NULL,NULL,2023,O,7.28644E+11,098-KY-1441  -000,HIGH,098-KY-1441  -000,10.336,0,0,0,0,0,0,0,0,0,0,0,0,0
72866743,KSP0900,23-63256,20230218,1011,,,DORTON-JENKINS,,HWY,KY0805,KY0805,0,098 KY-805,KY0805,N,N,NULL,NULL,NULL,N,NULL,NULL,NULL,NULL,NULL,NULL,4.303,NULL,NULL,NULL,NULL,,NULL,0,0,2,2,N,N,35,NULL,98,9809,NULL,,Y,37.24935,37,14.961,NULL,-82.5629,82,33.774,NULL,N,NULL,NULL,NULL,NULL,NULL,NULL,NULL,NULL,8,3,2,5,1,5,2,2,7,3,N,NULL,Y,N,1011,1024,1024,N,NULL,53,7,0,N,,N,N,098-KY-0805-0,NULL,NULL,2023,O,7.28667E+11,098-KY-0805  -000,HIGH,098-KY-0805  -000,4.301,0,0,0,0,0,0,0,1,0,0,0,1,0
72865990,KSP0900,23-60426,20230216,745,,,US119,,,US0119,US0119,0,098 US-119-10,US0119,N,N,NULL,NULL,NULL,N,NULL,NULL,NULL,NULL,NULL,NULL,21.017,NULL,NULL,NULL,NULL,,NULL,0,0,2,2,N,N,35,NULL,98,9836,NULL,,Y,37.62222,37,37.333,NULL,-82.26826,82,16.096,NULL,N,NULL,NULL,NULL,NULL,NULL,NULL,NULL,NULL,8,3,2,3,1,5,6,2,7,3,N,NULL,Y,N,750,830,845,N,NULL,53,2,1,N,,N,N,098-US-0119-10,NULL,NULL,2023,O,7.2866E+11,098-US-0119  -010,HIGH,098-US-0119  -000,21.018,0,0,0,0,0,0,1,1,0,0,0,1,0
72834521,KSP0900,22-452570,20221125,2039,,,KY195,,,KY0195,KY0195,0,098 KY-195,KY0195,N,N,NULL,NULL,NULL,N,NULL,NULL,NULL,NULL,NULL,NULL,10.788,NULL,NULL,NULL,NULL,,NULL,0,0,1,1,N,N,55,NULL,98,9830,NULL,,Y,37.35875,37,21.525,NULL,-82.41773,82,25.064,NULL,N,NULL,NULL,NULL,NULL,NULL,NULL,NULL,NULL,9,3,2,3,1,5,10,6,7,3,N,NULL,Y,N,2039,2052,2137,N,NULL,40,7,0,N,,N,N,098-KY-0195-0,NULL,NULL,2022,O,7.28345E+11,098-KY-0195  -000,HIGH,098-KY-0195  -000,10.788,0,0,1,0,0,0,0,0,0,0,0,1,0
72965685,980100,2.023E+11,20231021,2006,,,KY3496,,,KY3496,KY3496,0,098 KY-3496,KY3496,Y,N,NULL,NULL,NULL,N,NULL,NULL,NULL,NULL,NULL,NULL,0.806,NULL,NULL,NULL,NULL,,NULL,0,0,2,2,Y,N,15,NULL,98,9801,NULL,,Y,37.47208,37,28.325,NULL,-82.52905,82,31.743,NULL,N,NULL,NULL,NULL,NULL,NULL,NULL,NULL,NULL,2,97,2,6,1,1,2,5,1,3,N,NULL,Y,N,2006,2008,,N,NULL,90,16,0,N,,N,N,098-KY-3496-0,NULL,NULL,2023,O,7.29657E+11,098-KY-3496  -000,HIGH,098-KY-3496  -000,0.826,0,0,0,0,0,0,1,0,0,0,0,0,0
72967100,KSP0900,23-442652,20231101,748,,,US460,,,US0460,US0460,0,098 US-460,US0460,N,N,NULL,NULL,NULL,N,NULL,NULL,NULL,NULL,NULL,NULL,4.282,NULL,NULL,NULL,NULL,,NULL,0,0,1,1,N,N,55,NULL,98,9832,NULL,,Y,37.41846,37,25.108,NULL,-82.45709,82,27.425,NULL,N,NULL,NULL,NULL,NULL,NULL,NULL,NULL,NULL,9,5,2,6,1,1,2,3,6,3,N,NULL,Y,N,748,753,815,N,NULL,44,,1,N,,N,N,098-US-0460-0,NULL,NULL,2023,O,7.29671E+11,098-US-0460  -000,HIGH,098-US-0460  -000,4.282,0,0,1,0,0,0,1,0,0,0,0,1,0
72881871,KSP0900,23-121858,20230331,1229,,,KY194,,,KY0194,KY0194,0,098 KY-194,KY0194,N,N,NULL,NULL,NULL,N,NULL,NULL,NULL,NULL,NULL,NULL,26.281,NULL,NULL,NULL,NULL,,NULL,3,0,2,2,N,N,55,NULL,98,9817,NULL,,Y,37.50098,37,30.059,NULL,-82.35496,82,21.298,NULL,N,NULL,NULL,NULL,NULL,NULL,NULL,NULL,NULL,1,3,2,6,1,5,6,2,7,3,Y,NULL,Y,Y,1230,1241,1330,N,NULL,55,6,0,N,,N,N,098-KY-0194-0,NULL,NULL,2023,B,7.28819E+11,098-KY-0194  -000,HIGH,098-KY-0194  -000,26.289,0,0,0,1,0,0,1,0,0,0,0,0,0
72936332,370200,2023354098,20230810,1144,,,KY632,,,KY0632,KY0632,0,098 KY-632,KY0632,N,N,NULL,NULL,NULL,N,NULL,NULL,NULL,NULL,NULL,NULL,13.971,NULL,NULL,NULL,NULL,,NULL,1,0,2,2,N,N,35,NULL,98,9804,NULL,,Y,37.51419,37,30.852,NULL,-82.15308,82,9.185,NULL,N,NULL,NULL,NULL,NULL,NULL,NULL,NULL,NULL,7,97,2,6,1,5,3,2,1,3,Y,NULL,Y,Y,1144,1245,1427,N,NULL,47,6,0,Y,,N,N,098-KY-0632-0,NULL,NULL,2023,C,7.29363E+11,098-KY-0632  -000,HIGH,098-KY-0632  -000,13.971,0,1,0,0,0,0,0,0,0,1,0,0,0
72961769,KSP0900,23-428317,20231018,1624,,,KY194,,,KY0194,KY0194,0,098 KY-194,KY0194,N,N,NULL,NULL,NULL,N,NULL,NULL,NULL,NULL,NULL,NULL,71.444,NULL,NULL,NULL,NULL,,NULL,1,0,2,2,N,N,35,NULL,98,9825,NULL,,Y,37.48212,37,28.927,NULL,-82.0536,82,3.216,NULL,N,NULL,NULL,NULL,NULL,NULL,NULL,NULL,NULL,1,3,2,6,1,1,2,2,7,3,Y,NULL,Y,Y,1630,1701,1750,N,NULL,55,7,0,N,,N,N,098-KY-0194-0,NULL,NULL,2023,A,7.29618E+11,098-KY-0194  -000,HIGH,098-KY-0194  -000,71.43,0,0,0,0,0,0,1,0,0,0,0,0,0
72975918,KSP0900,23-455451,20231112,9,,,POND CREEK,,RD,KY0199,KY0199,0,098 KY-199,KY0199,N,N,NULL,NULL,NULL,N,NULL,NULL,NULL,NULL,NULL,NULL,6.412,NULL,NULL,NULL,NULL,,NULL,0,0,1,1,N,N,35,NULL,98,9819,NULL,,Y,37.53947,37,32.368,NULL,-82.25671,82,15.403,NULL,N,NULL,NULL,NULL,NULL,NULL,NULL,NULL,NULL,9,3,2,3,1,1,2,7,7,3,N,NULL,N,N,10,50,100,N,NULL,70,9,0,N,,N,N,098-KY-0199-0,NULL,NULL,2023,O,7.29759E+11,098-KY-0199  -000,HIGH,098-KY-0199  -000,6.41,0,0,0,0,0,0,1,0,0,0,0,1,0
72882234,KSP0900,23-119688,20230329,1854,,,HOSPITAL,,DR,,,0,098 CR-1015C,CR1015C,Y,N,NULL,NULL,NULL,N,NULL,NULL,NULL,NULL,NULL,NULL,0.264,NULL,NULL,NULL,NULL,,NULL,0,0,2,2,N,N,15,NULL,98,9834,NULL,,Y,37.6755,37,40.53,NULL,-82.29735,82,17.841,NULL,N,NULL,NULL,NULL,NULL,NULL,NULL,NULL,NULL,2,97,1,6,1,1,2,1,1,3,N,NULL,Y,N,1854,1910,1910,N,NULL,90,,,N,,N,N,098-CR-1015C-0,NULL,NULL,2023,O,7.28822E+11,098-CR-1015C -000,HIGH,098-CR-1015C -000,0.488,0,0,1,0,0,0,1,0,0,0,0,0,0
72914595,980100,2.023E+11,20230604,1528,,,US23,,,US0023,US0023,0,098 US-23-10,US0023,N,N,NULL,NULL,NULL,N,NULL,NULL,NULL,NULL,NULL,NULL,22.499,NULL,NULL,NULL,NULL,,NULL,0,0,1,1,N,N,55,NULL,98,9801,NULL,,Y,37.46376,37,27.826,NULL,-82.51868,82,31.121,NULL,N,NULL,NULL,NULL,NULL,NULL,NULL,NULL,NULL,9,3,4,3,1,1,2,2,1,3,N,NULL,Y,N,1528,1536,1536,N,NULL,38,,1,N,,N,N,098-US-0023-10,NULL,NULL,2023,O,7.29146E+11,098-US-0023  -010,HIGH,098-US-0023  -000,22.433,0,0,0,0,0,0,0,0,0,0,0,1,0
72951292,980100,2.023E+11,20230921,222,,,BYPASS,N,RD,KY1460,KY1460,0,098 KY-1460,KY1460,Y,N,NULL,NULL,NULL,N,NULL,NULL,NULL,NULL,NULL,NULL,5.151,NULL,NULL,NULL,NULL,,NULL,0,0,2,2,N,N,15,NULL,98,9801,NULL,,Y,37.48384,37,29.031,NULL,-82.51424,82,30.855,NULL,N,NULL,NULL,NULL,NULL,NULL,NULL,NULL,NULL,2,97,1,6,1,1,2,6,1,3,N,NULL,Y,N,222,226,226,N,NULL,90,16,0,N,,N,N,098-KY-1460-0,NULL,NULL,2023,O,7.29513E+11,098-KY-1460  -000,HIGH,098-KY-1460  -000,5.148,0,0,0,0,0,0,1,0,0,0,0,0,0
72900175,KSP0900,23-177615,20230510,1455,,,US119,,,US0119,US0119,0,098 US-119,US0119,N,N,NULL,NULL,NULL,N,NULL,NULL,NULL,NULL,NULL,NULL,11.1,NULL,NULL,NULL,NULL,,NULL,0,0,1,1,N,N,55,NULL,98,9820,NULL,,Y,37.58959,37,35.375,NULL,-82.38876,82,23.326,NULL,N,NULL,NULL,NULL,NULL,NULL,NULL,NULL,NULL,9,3,2,6,1,1,2,2,7,3,N,NULL,N,N,1455,1500,1530,N,NULL,44,2,1,N,,N,N,098-US-0119-0,NULL,NULL,2023,O,7.29002E+11,098-US-0119  -000,HIGH,098-US-0119  -000,11.068,0,0,0,0,0,0,1,0,0,0,0,1,0
72957733,KSP0900,23-419809,20231010,1434,,,SHELBIANA,E,RD,US0460,US0460,,,,N,N,NULL,NULL,NULL,N,NULL,NULL,NULL,NULL,NULL,NULL,5.002,NULL,NULL,NULL,NULL,,NULL,1,0,2,2,N,N,45,NULL,98,9801,6,S,N,37.41105,37,24.663,NULL,-82.44958,82,26.974,NULL,N,NULL,NULL,NULL,NULL,NULL,NULL,NULL,NULL,5,3,2,6,1,1,2,2,6,3,Y,NULL,Y,Y,1434,1453,1455,N,NULL,70,,1,Y,,N,N,,NULL,NULL,2023,B,7.29577E+11,098-US-0460  -000,HIGH,098-US-0460  -000,4.984,0,0,0,1,0,0,0,0,0,0,0,0,0
72959309,KSP0900,23-424078,20231014,1348,,,FERRELLS CREEK,,RD,US0460,US0460,0,098 US-460,US0460,Y,N,NULL,NULL,NULL,N,NULL,NULL,NULL,NULL,NULL,NULL,24.379,NULL,NULL,NULL,NULL,,NULL,0,0,2,2,N,N,15,NULL,98,9847,NULL,,Y,37.3679,37,22.074,NULL,-82.23411,82,14.046,NULL,N,NULL,NULL,NULL,NULL,NULL,NULL,NULL,NULL,2,97,1,6,1,1,3,2,5,3,N,NULL,Y,N,1348,1416,1430,N,NULL,90,,1,N,,N,N,098-US-0460-0,NULL,NULL,2023,O,7.29593E+11,098-US-0460  -000,HIGH,098-US-0460  -000,24.376,0,0,0,1,0,0,1,0,0,0,0,0,0
72960974,980100,2.023E+11,20231016,900,,911,BYPASS,S,RD,KY1426,KY1426,0,098 KY-1426,KY1426,Y,N,NULL,NULL,NULL,N,NULL,NULL,NULL,NULL,NULL,NULL,5.675,NULL,NULL,NULL,NULL,,NULL,0,0,2,2,N,N,5,NULL,98,9801,NULL,,Y,37.4727,37,28.362,NULL,-82.52312,82,31.387,NULL,N,NULL,NULL,NULL,NULL,NULL,NULL,NULL,NULL,2,97,2,6,2,1,2,8,5,3,N,NULL,Y,N,900,904,904,N,NULL,90,,0,N,,N,N,098-KY-1426-0,NULL,NULL,2023,O,7.2961E+11,098-KY-1426  -000,HIGH,098-KY-1426  -000,5.675,0,0,0,0,0,0,1,0,0,0,0,0,0
72903529,KSP0900,2023-193606,20230522,1259,,,ADAMS,,RD,,,0,098 CR-1483,CR1483,N,N,NULL,NULL,NULL,N,NULL,NULL,NULL,NULL,NULL,NULL,0.011,NULL,NULL,NULL,NULL,,NULL,0,0,2,2,N,N,15,NULL,98,9801,NULL,,Y,37.50785,37,30.471,NULL,-82.51953,82,31.172,NULL,N,NULL,NULL,NULL,NULL,NULL,NULL,NULL,NULL,7,3,1,4,1,1,2,2,1,3,N,NULL,Y,N,1420,1425,,N,NULL,54,,,N,,N,N,098-CR-1483-0,NULL,NULL,2023,O,7.29035E+11,098-CR-1483  -000,HIGH,098-CR-1483  -000,0.011,0,0,0,1,0,0,0,0,0,0,0,1,0
72957385,980100,2.023E+11,20231009,1603,,,KY3417,,,KY3417,KY3417,0,098 KY-3417,KY3417,N,N,NULL,NULL,NULL,N,NULL,NULL,NULL,NULL,NULL,NULL,0.298,NULL,NULL,NULL,NULL,,NULL,0,0,2,2,N,N,35,NULL,98,9801,NULL,,Y,37.46584,37,27.95,NULL,-82.55918,82,33.551,NULL,N,NULL,NULL,NULL,NULL,NULL,NULL,NULL,NULL,7,3,2,3,1,5,2,2,7,3,N,NULL,Y,N,1603,1617,1659,N,NULL,54,17,0,Y,,N,N,098-KY-3417-0,NULL,NULL,2023,O,7.29574E+11,098-KY-3417  -000,HIGH,098-KY-3417  -000,0.298,0,0,0,0,0,0,1,0,0,0,0,1,0
72945133,980100,2.023E+11,20230828,1715,,,HAMBLEY,,BLVD,,,,,,Y,N,NULL,NULL,NULL,N,NULL,NULL,NULL,NULL,NULL,NULL,0.458,NULL,NULL,NULL,NULL,,NULL,0,0,2,2,N,Y,NULL,NULL,98,9801,NULL,,Y,37.47794,37,28.676,NULL,-82.52084,82,31.25,NULL,N,NULL,NULL,NULL,NULL,NULL,NULL,NULL,NULL,2,97,1,6,2,1,2,2,7,3,N,NULL,Y,N,1715,1723,,N,NULL,90,,,N,,N,N,,NULL,NULL,2023,O,7.29451E+11,098-CS-1222  -000,HIGH,098-CS-1222  -000,0.458,0,0,1,0,0,0,1,0,0,0,0,0,0
72933042,KSP0900,23-355708,20230811,1805,,,US119,,,US0119,US0119,0,098 US-119,US0119,N,N,NULL,NULL,NULL,N,NULL,NULL,NULL,NULL,NULL,NULL,13.381,NULL,NULL,NULL,NULL,,NULL,0,0,1,1,N,N,55,NULL,98,9833,NULL,,Y,37.61234,37,36.74,NULL,-82.36066,82,21.64,NULL,N,NULL,NULL,NULL,NULL,NULL,NULL,NULL,NULL,9,3,4,6,1,1,2,2,7,3,N,NULL,Y,N,1805,1805,1805,N,NULL,38,2,1,N,,N,N,098-US-0119-0,NULL,NULL,2023,O,7.2933E+11,098-US-0119  -000,HIGH,098-US-0119  -000,13.401,0,0,0,0,0,0,0,0,0,0,0,0,0
72963087,KSP0900,23-434090,20231023,2300,,,KY1469,,,KY1469,KY1469,0,098 KY-1469,KY1469,N,N,NULL,NULL,NULL,N,NULL,NULL,NULL,NULL,NULL,NULL,13.343,NULL,NULL,NULL,NULL,,NULL,0,0,1,1,N,N,55,NULL,98,9881,NULL,,Y,37.35909,37,21.545,NULL,-82.56809,82,34.085,NULL,N,NULL,NULL,NULL,NULL,NULL,NULL,NULL,NULL,9,3,2,6,1,1,2,6,7,3,N,NULL,N,N,2300,2315,2330,N,NULL,38,7,0,N,,N,N,098-KY-1469-0,NULL,NULL,2023,O,7.29631E+11,098-KY-1469  -000,HIGH,098-KY-1469  -000,13.341,0,0,0,0,0,0,0,0,0,0,0,0,0
72964828,980100,2.023E+11,20231027,1649,,,OWSLEY,,RD,KY1384,KY1384,0,098 KY-1384,KY1384,N,N,NULL,NULL,NULL,N,NULL,NULL,NULL,NULL,NULL,NULL,6.175,NULL,NULL,NULL,NULL,,NULL,0,0,2,2,N,N,35,NULL,98,9801,NULL,,Y,37.47599,37,28.559,NULL,-82.55311,82,33.187,NULL,N,NULL,NULL,NULL,NULL,NULL,NULL,NULL,NULL,5,3,2,6,1,1,2,2,6,3,N,NULL,Y,N,1649,1653,1653,N,NULL,49,17,0,Y,,N,N,098-KY-1384-0,NULL,NULL,2023,O,7.29648E+11,098-KY-1384  -000,HIGH,098-KY-1384  -000,6.175,0,0,1,0,0,0,1,0,1,0,0,0,0