MasterFile,AgencyORINumber,LocalCode,CollisionDate,CollisionTime,CollisionDayWeekCode,RoadwayName_HouseBusinessNumber_,RoadwayName_RoadwayName_,RoadwayName_Direction_,RoadwayName_RoadwaySuffix_,RoadwayfromReport,CurrentRoadwayNumber,RoadwayNumberCoupletID,RSEUniqueGIS,RoadwayIdentifier,ParkingLotIndicator,IntersectionWith_Indicator_,IntersectionWith_NameRoadway_,IntersectionWith_Direction_,IntersectionWith_RoadwaySuffix_,BetweenStreets_Indicator_,BetweenStreets1_NameRoadway_,BetweenStreet1_Direction_,BetweenStreets1_RoadwaySuffix_,BetweenStreets2_NameRoadway_,BetweenStreets2_Direction_,BetweenStreets2_RoadwaySuffix_,Milepoint,ReportMilepointDeriveNumber,CurrentDerivedMiepointNumber,MilestoMilepoint,FeettoMilepoint,DirectionfromMilepoint_NSEW_,ValidMilepointIndicator,NumberInjured,NumberKilled,ofUnits,ofMotorVehicleUnits,Hit&RunIndicator,OneWayIndicator,SpeedLimitNumber,KilometersIndicator,CountyCode,CityCountyCode,MilesFromCity,DirectionFromCity_NSEW_,InCityLimitsIndicator,Latitude,LatitudeDegrees,LatitudeMinutes,LatitudeSeconds,Longitude,LongitudeDegrees,LongitudeMinutes,LongitudeSeconds,RampIndicator,RampFromIdentifier,RampFromDirCode,RampFromCoupletID,RSEUniqueGISRampFrom,RampToidentifier,RampToDirCode,RampToCoupletID,RSEUniqueGisRampTo,MannerofCollisionCode,LocationFirstEventCode,TotalLanes,RoadwayCharacterCode,RoadwaySurfaceCode,RoadwayConditionCode,WeatherCode,LightConditionCode,LandUseCode,SchoolBusRelatedCode,FirstAidSceneIndicator,CollDescPresentInd,InvestigationCompleteIndicator,PhotosTakenIndicator,TimeNotified,TimeArrived,TimeRoadwayOpened,PropertyDamageIndicator,DiagramPresentIndicator,DirectionalAnalysis,FunctionClassCode,NationalHwySysCode,EnforcementsIndicator,KARSCityCode,SecondaryCollisionIndicator,MedianCrossoverIndicator,RT_UNIQUE,MapIt,TimeLastLeft,YR,KABCO,MFNY,WorkingRID,RT_CONFIDENCE,KTC_RT,KTC_MP,Motorcyclist,CommercialVehicle,YoungDriver,MatureDriver,pedestrian,Bicyclist,Distracted,agressive,Impaired,Unrestrained,Intersection,RoadwayDeparture,MedXover
72919678,980100,2.023E+11,20230626,1025,,,CARTER,,DR,,,0,098 CS-1224,CS1224,N,N,NULL,NULL,NULL,N,NULL,NULL,NULL,NULL,NULL,NULL,0.218,NULL,NULL,NULL,NULL,,NULL,1,0,1,1,N,N,25,NULL,98,9801,NULL,,Y,37.4631,37,27.786,NULL,-82.49354,82,29.612,NULL,N,NULL,NULL,NULL,NULL,NULL,NULL,NULL,NULL,9,6,1,4,1,1,3,2,7,3,N,NULL,Y,N,1025,1034,1040,N,NULL,44,,,N,,N,N,098-CS-1224-0,NULL,NULL,2023,C,7.29197E+11,098-CS-1224  -000,HIGH,098-CS-1224  -000,0.219,0,0,0,0,0,0,0,0,0,1,0,1,0
72944931,980500,2023AR041,20230908,1245,,,WEDDINGTON BRANCH,,RD,,,0,098 CS-3026,CS3026,Y,N,NULL,NULL,NULL,N,NULL,NULL,NULL,NULL,NULL,NULL,NULL,NULL,NULL,NULL,NULL,NULL,NULL,0,0,2,2,N,N,25,NULL,98,9807,NULL,,Y,37.52275,37,31.365,NULL,-82.57023,82,34.214,NULL,N,NULL,NULL,NULL,NULL,NULL,NULL,NULL,NULL,2,97,2,6,1,1,2,2,1,3,N,NULL,Y,Y,1245,1245,1245,N,NULL,90,,,N,,N,N,098-CS-3026-0,NULL,NULL,2023,O,7.29449E+11,098-CS-3026  -000,HIGH,098-CS-3026  -000,0.029,0,0,0,0,0,0,1,0,0,0,0,0,0
72919101,980100,2.023E+11,20230706,749,,120,JUSTICE WAY,,RD,,,0,098 CS-1215,CS1215,Y,N,NULL,NULL,NULL,N,NULL,NULL,NULL,NULL,NULL,NULL,NULL,NULL,NULL,NULL,NULL,NULL,NULL,0,0,2,2,N,N,NULL,NULL,98,9801,NULL,,Y,37.50715,37,30.429,NULL,-82.54703,82,32.821,NULL,N,NULL,NULL,NULL,NULL,NULL,NULL,NULL,NULL,1,97,1,6,1,1,2,2,1,3,N,NULL,Y,N,749,802,802,N,NULL,90,,,N,,N,N,098-CS-1215-0,NULL,NULL,2023,O,7.29191E+11,098-CS-1215  -000,HIGH,098-CS-1215  -000,0.309,0,0,0,0,0,0,0,0,0,0,0,0,0
72925195,KSP0900,23-333757,20230722,1456,,,US460,,,US0460,US0460,0,098 US-460,US0460,N,N,NULL,NULL,NULL,N,NULL,NULL,NULL,NULL,NULL,NULL,6.438,NULL,NULL,NULL,NULL,,NULL,1,0,2,2,N,N,55,NULL,98,9832,NULL,,Y,37.39756,37,23.854,NULL,-82.43317,82,25.99,NULL,N,NULL,NULL,NULL,NULL,NULL,NULL,NULL,NULL,6,3,2,6,1,1,2,2,7,3,Y,NULL,N,Y,1457,1503,1503,N,NULL,70,,1,N,,N,N,098-US-0460-0,NULL,NULL,2023,C,7.29252E+11,098-US-0460  -000,HIGH,098-US-0460  -000,6.44,0,0,1,0,0,0,0,0,0,0,0,0,0
72946464,KSP0900,23-378059,20230901,1406,,,US119,,,US0119,US0119,0,098 US-119,US0119,N,N,NULL,NULL,NULL,N,NULL,NULL,NULL,NULL,NULL,NULL,24.729,NULL,NULL,NULL,NULL,,NULL,1,0,2,2,N,N,55,NULL,98,9834,NULL,,Y,37.66513,37,39.908,NULL,-82.27412,82,16.447,NULL,N,NULL,NULL,NULL,NULL,NULL,NULL,NULL,NULL,1,3,4,6,1,1,2,2,7,3,Y,NULL,Y,N,1406,1430,1500,N,NULL,55,2,1,N,,N,N,098-US-0119-0,NULL,NULL,2023,C,7.29465E+11,098-US-0119  -000,HIGH,098-US-0119  -000,24.73,0,0,0,1,0,0,1,1,0,0,0,0,0
72963851,980100,2.023E+11,20231025,1718,,,KY3496,,,KY3496,KY3496,0,098 KY-3496,KY3496,N,N,NULL,NULL,NULL,N,NULL,NULL,NULL,NULL,NULL,NULL,0.009,NULL,NULL,NULL,NULL,,NULL,0,0,2,2,N,N,35,NULL,98,9801,NULL,,Y,37.46584,37,27.95,NULL,-82.52812,82,31.687,NULL,N,NULL,NULL,NULL,NULL,NULL,NULL,NULL,NULL,5,3,2,6,1,1,2,3,3,3,N,NULL,Y,N,1718,1721,1734,N,NULL,49,16,0,N,,N,N,098-KY-3496-0,NULL,NULL,2023,O,7.29639E+11,098-KY-3496  -000,HIGH,098-KY-3496  -000,0.01,0,0,1,0,0,0,1,1,0,0,0,0,0
72913375,KSP0900,23-231425,20230617,2309,,,KY1426,,,KY1426,KY1426,0,098 KY-1426,KY1426,N,N,NULL,NULL,NULL,N,NULL,NULL,NULL,NULL,NULL,NULL,18.65,NULL,NULL,NULL,NULL,,NULL,3,0,1,1,N,Y,15,NULL,98,9801,NULL,,Y,37.5798,37,34.788,NULL,-82.40931,82,24.558,NULL,N,NULL,NULL,NULL,NULL,NULL,NULL,NULL,NULL,9,3,2,4,1,1,2,7,7,3,Y,NULL,N,Y,2309,2312,2339,N,NULL,40,7,0,N,,N,N,098-KY-1426-0,NULL,NULL,2023,C,7.29134E+11,098-KY-1426  -000,HIGH,098-KY-1426  -000,18.65,0,0,0,0,0,0,1,1,0,0,0,1,0
72939742,980000,23-08-004,20230828,1415,,1454,STATE RT 319,,,,,,,,N,N,NULL,NULL,NULL,N,NULL,NULL,NULL,NULL,NULL,NULL,NULL,NULL,NULL,NULL,NULL,NULL,NULL,0,0,1,1,N,N,35,NULL,98,9842,2,N,N,37.62645,37,37.587,NULL,-82.24767,82,14.86,NULL,N,NULL,NULL,NULL,NULL,NULL,NULL,NULL,NULL,9,97,2,3,1,5,6,2,6,3,N,NULL,N,N,1425,1430,1535,Y,NULL,40,,,N,,N,N,,NULL,NULL,2023,O,7.29397E+11,098-KY-0319  -000,MEDIUM,098-KY-0319  -000,5.534,0,0,0,0,0,0,1,0,0,0,0,1,0
72926775,KSP0900,23-330432,20230719,1526,,,US119,,,US0119,US0119,0,098 US-119,US0119,N,N,NULL,NULL,NULL,N,NULL,NULL,NULL,NULL,NULL,NULL,24.819,NULL,NULL,NULL,NULL,,NULL,3,0,2,2,N,N,55,NULL,98,9834,NULL,,Y,37.66618,37,39.971,NULL,-82.2751,82,16.506,NULL,N,NULL,NULL,NULL,NULL,NULL,NULL,NULL,NULL,1,3,4,6,1,1,2,2,3,3,Y,NULL,Y,Y,1526,1535,1600,N,NULL,55,2,1,N,,N,N,098-US-0119-0,NULL,NULL,2023,C,7.29268E+11,098-US-0119  -000,HIGH,098-US-0119  -000,24.819,0,0,0,1,0,0,0,1,0,0,0,0,0
72904819,KSP0900,23-199169,20230526,630,,,KY194,,,KY0194,KY0194,0,098 KY-194,KY0194,N,N,NULL,NULL,NULL,N,NULL,NULL,NULL,NULL,NULL,NULL,54.298,NULL,NULL,NULL,NULL,,NULL,0,0,1,1,N,N,35,NULL,98,9804,NULL,,Y,37.5091,37,30.546,NULL,-82.13921,82,8.353,NULL,N,NULL,NULL,NULL,NULL,NULL,NULL,NULL,NULL,9,3,2,3,1,1,3,2,7,3,N,NULL,N,N,630,635,800,N,NULL,40,8,0,N,,N,N,098-KY-0194-0,NULL,NULL,2023,O,7.29048E+11,098-KY-0194  -000,HIGH,098-KY-0194  -000,54.303,0,0,0,0,0,0,1,0,0,1,0,1,0
72925257,980100,2.023E+11,20230712,1648,,,BYPASS,S,RD,KY1426,KY1426,0,098 KY-1426,KY1426,Y,N,NULL,NULL,NULL,N,NULL,NULL,NULL,NULL,NULL,NULL,5.938,NULL,NULL,NULL,NULL,,NULL,0,0,2,2,N,N,15,NULL,98,9801,NULL,,Y,37.47483,37,28.49,NULL,-82.51912,82,31.147,NULL,N,NULL,NULL,NULL,NULL,NULL,NULL,NULL,NULL,1,97,2,6,1,1,2,2,1,3,N,NULL,Y,N,1648,1655,,N,NULL,90,,0,N,,N,N,098-KY-1426-0,NULL,NULL,2023,O,7.29253E+11,098-KY-1426  -000,HIGH,098-KY-1426  -000,5.938,0,0,0,1,0,0,1,0,0,0,0,0,0
72910453,KSP0900,23-209336,20230602,1327,,,US119,,,US0119,US0119,0,098 US-119,US0119,N,N,NULL,NULL,NULL,N,NULL,NULL,NULL,NULL,NULL,NULL,23.987,NULL,NULL,NULL,NULL,,NULL,0,0,2,2,N,N,55,NULL,98,9834,NULL,,Y,37.65556,37,39.334,NULL,-82.26997,82,16.198,NULL,N,NULL,NULL,NULL,NULL,NULL,NULL,NULL,NULL,1,3,4,6,1,1,2,2,7,3,N,NULL,N,N,1522,1545,1550,N,NULL,55,2,1,N,,N,N,098-US-0119-0,NULL,NULL,2023,O,7.29105E+11,098-US-0119  -000,HIGH,098-US-0119  -000,23.986,0,0,0,1,0,0,1,1,0,0,0,0,0
72896042,370200,2023-174099,20230508,713,,,,,,US0119,US0119,,,,Y,N,NULL,NULL,NULL,N,NULL,NULL,NULL,NULL,NULL,NULL,0.054,NULL,NULL,NULL,NULL,NULL,NULL,0,0,2,2,N,N,55,NULL,98,9801,7,N,N,37.56116,37,33.67,NULL,-82.42261,82,25.356,NULL,N,NULL,NULL,NULL,NULL,NULL,NULL,NULL,NULL,8,97,2,6,3,1,10,2,4,3,N,NULL,Y,N,717,733,757,N,NULL,90,2,1,N,,N,N,,NULL,NULL,2023,O,7.2896E+11,098-US-0119  -231,MEDIUM,098-US-0119  -231,0.051,0,1,0,1,0,0,0,0,0,0,0,0,0
72950616,980500,2023AR044,20230922,1354,,,US 23 SOUTH,,,,,,,,N,N,NULL,NULL,NULL,N,NULL,NULL,NULL,NULL,NULL,NULL,NULL,NULL,NULL,NULL,NULL,NULL,NULL,0,0,2,2,N,N,45,NULL,98,9807,NULL,,Y,37.52642,37,31.585,NULL,-82.57401,82,34.44,NULL,N,NULL,NULL,NULL,NULL,NULL,NULL,NULL,NULL,5,3,6,6,1,1,2,2,7,3,N,NULL,Y,Y,1254,1254,1254,N,NULL,49,,,N,,N,N,,NULL,NULL,2023,O,7.29506E+11,098-US-0023  -010,MEDIUM,098-US-0023  -000,29.192,0,0,1,0,0,0,1,1,0,0,0,0,0
72907822,KSP0900,23-213715,20230605,1324,,,MARROWBONE CREEK,,RD,KY0195,KY0195,,,,N,N,NULL,NULL,NULL,N,NULL,NULL,NULL,NULL,NULL,NULL,11.258,NULL,NULL,NULL,NULL,,NULL,1,0,1,1,N,N,45,NULL,98,9830,NULL,,Y,37.36447,37,21.868,NULL,-82.41357,82,24.815,NULL,N,NULL,NULL,NULL,NULL,NULL,NULL,NULL,NULL,9,3,2,6,1,1,2,2,7,3,Y,NULL,Y,Y,1324,1334,1420,N,NULL,44,7,0,N,,N,N,,NULL,NULL,2023,C,7.29078E+11,098-KY-0195  -000,HIGH,098-KY-0195  -000,11.263,0,0,0,0,0,0,0,0,0,0,0,1,0
72937264,KSP0900,23-356506,20230812,1400,,,US119,N,,US0119,US0119,0,098 US-119,US0119,N,N,NULL,NULL,NULL,N,NULL,NULL,NULL,NULL,NULL,NULL,19.016,NULL,NULL,NULL,NULL,,NULL,0,0,1,1,N,N,55,NULL,98,9814,NULL,,Y,37.60167,37,36.1,NULL,-82.27481,82,16.489,NULL,N,NULL,NULL,NULL,NULL,NULL,NULL,NULL,NULL,9,3,4,6,1,1,2,2,7,3,N,NULL,N,N,1400,1405,1405,N,NULL,38,2,1,N,,N,N,098-US-0119-0,NULL,NULL,2023,O,7.29373E+11,098-US-0119  -000,HIGH,098-US-0119  -000,19.016,0,0,0,0,0,0,0,0,0,0,0,0,0
72959254,980100,2.023E+11,20231011,622,,,,,,US0023,US0023,,,,N,N,NULL,NULL,NULL,N,NULL,NULL,NULL,NULL,NULL,NULL,0.015,NULL,NULL,NULL,NULL,NULL,NULL,0,0,1,1,N,N,55,NULL,98,9801,NULL,,Y,37.43658,37,26.195,NULL,-82.51073,82,30.644,NULL,Y,US0460,E,NULL,098 US-23-422,US0023,N,NULL,098 US-23-422,9,3,4,5,1,5,2,6,7,3,N,NULL,Y,N,622,626,,Y,NULL,72,,1,N,,N,N,,NULL,NULL,2023,O,7.29593E+11,098-US-0023  -422,MEDIUM,098-US-0023  -422,0.014,0,0,0,0,0,0,1,0,0,0,0,1,0
72943088,KSP0900,23-383803,20230906,1545,,,US460,,,US0460,US0460,0,098 US-460,US0460,N,N,NULL,NULL,NULL,N,NULL,NULL,NULL,NULL,NULL,NULL,2.439,NULL,NULL,NULL,NULL,,NULL,0,0,2,2,Y,N,45,NULL,98,9824,NULL,,Y,37.43287,37,25.972,NULL,-82.48483,82,29.089,NULL,N,NULL,NULL,NULL,NULL,NULL,NULL,NULL,NULL,2,7,2,6,1,1,2,2,7,3,N,NULL,N,Y,1552,1601,1601,N,NULL,56,,1,N,,N,N,098-US-0460-0,NULL,NULL,2023,O,7.29431E+11,098-US-0460  -000,HIGH,098-US-0460  -000,2.439,0,0,0,0,0,0,0,0,0,0,0,0,0
72927254,980100,2.023E+11,20230725,820,,911,BYPASS,,RD,,,0,098 CS-1223,CS1223,Y,N,NULL,NULL,NULL,N,NULL,NULL,NULL,NULL,NULL,NULL,NULL,NULL,NULL,NULL,NULL,NULL,NULL,0,0,2,2,N,N,NULL,NULL,98,9801,NULL,,Y,37.47128,37,28.277,NULL,-82.52117,82,31.27,NULL,N,NULL,NULL,NULL,NULL,NULL,NULL,NULL,NULL,1,97,1,6,1,1,2,2,1,3,N,NULL,Y,N,820,824,824,N,NULL,90,,,N,,N,N,098-CS-1223-0,NULL,NULL,2023,O,7.29273E+11,098-CS-1223  -000,HIGH,098-CS-1223  -000,0.136,0,0,0,0,0,0,0,0,0,0,0,0,0
72949339,980100,2.023E+11,20230920,1653,,,JOHNSON,,ST,,,0,098 CS-1007,CS1007,N,N,NULL,NULL,NULL,N,NULL,NULL,NULL,NULL,NULL,NULL,0.194,NULL,NULL,NULL,NULL,,NULL,0,0,2,2,N,N,15,NULL,98,9801,NULL,,Y,37.44342,37,26.605,NULL,-82.52428,82,31.457,NULL,N,NULL,NULL,NULL,NULL,NULL,NULL,NULL,NULL,1,3,2,6,1,1,2,2,6,3,N,NULL,Y,N,1655,1702,1710,N,NULL,55,,,N,,N,N,098-CS-1007-0,NULL,NULL,2023,O,7.29493E+11,098-CS-1007  -000,HIGH,098-CS-1007  -000,0.07,0,0,0,0,0,0,1,0,0,0,0,0,0
72929516,980100,2.023E+11,20230802,1440,,254,CASSIDY,,BLVD,,,0,098 CS-1191,CS1191,Y,N,NULL,NULL,NULL,N,NULL,NULL,NULL,NULL,NULL,NULL,0.043,NULL,NULL,NULL,NULL,,NULL,0,0,2,2,N,N,NULL,NULL,98,9801,NULL,,Y,37.5037,37,30.222,NULL,-82.53287,82,31.972,NULL,N,NULL,NULL,NULL,NULL,NULL,NULL,NULL,NULL,2,97,1,6,1,1,2,2,1,3,N,NULL,Y,N,1440,1449,1450,N,NULL,90,,,N,,N,N,098-CS-1191-0,NULL,NULL,2023,O,7.29295E+11,098-CS-1191  -000,HIGH,098-CS-1191  -000,0.041,0,0,0,0,0,0,1,0,0,0,0,0,0
72909216,980100,2.023E+11,20230609,1800,,,KY3496,,,KY3496,KY3496,0,098 KY-3496,KY3496,Y,N,NULL,NULL,NULL,N,NULL,NULL,NULL,NULL,NULL,NULL,0.798,NULL,NULL,NULL,NULL,,NULL,0,0,2,2,N,N,15,NULL,98,9801,NULL,,Y,37.47206,37,28.323,NULL,-82.52956,82,31.774,NULL,N,NULL,NULL,NULL,NULL,NULL,NULL,NULL,NULL,2,97,2,6,1,1,2,2,1,3,N,NULL,Y,N,1630,1632,1632,N,NULL,90,16,0,N,,N,N,098-KY-3496-0,NULL,NULL,2023,O,7.29092E+11,098-KY-3496  -000,HIGH,098-KY-3496  -000,0.798,0,0,1,0,0,0,1,0,0,0,0,0,0
72900054,980100,2.023E+11,20230514,533,,,US23,,,US0023,US0023,0,098 US-23,US0023,N,N,NULL,NULL,NULL,N,NULL,NULL,NULL,NULL,NULL,NULL,22.535,NULL,NULL,NULL,NULL,,NULL,0,0,1,1,N,N,55,NULL,98,9801,NULL,,Y,37.46408,37,27.845,NULL,-82.51913,82,31.148,NULL,N,NULL,NULL,NULL,NULL,NULL,NULL,NULL,NULL,9,3,4,3,1,1,2,6,7,3,N,NULL,Y,N,533,542,542,N,NULL,38,,1,N,,N,N,098-US-0023-0,NULL,NULL,2023,O,7.29001E+11,098-US-0023  -000,HIGH,098-US-0023  -000,22.467,0,0,0,0,0,0,0,0,0,0,0,0,0
72931467,KSP0900,23-349544,20230805,2159,,,FEDSCREEK,,RD,KY0366,KY0366,0,098 KY-366,KY0366,N,N,NULL,NULL,NULL,N,NULL,NULL,NULL,NULL,NULL,NULL,1.426,NULL,NULL,NULL,NULL,,NULL,0,0,1,1,N,N,35,NULL,98,9839,NULL,,Y,37.3946,37,23.676,NULL,-82.22803,82,13.682,NULL,N,NULL,NULL,NULL,NULL,NULL,NULL,NULL,NULL,9,3,2,6,1,1,2,6,7,3,N,NULL,N,N,2203,2215,2300,N,NULL,44,9,0,Y,,N,N,098-KY-0366-0,NULL,NULL,2023,O,7.29315E+11,098-KY-0366  -000,HIGH,098-KY-0366  -000,1.425,0,0,0,0,0,0,0,0,1,0,0,1,0
72885227,980100,2.023E+11,20230410,957,,,CASSIDY,,BLVD,,,0,098 CS-1191,CS1191,N,N,NULL,NULL,NULL,N,NULL,NULL,NULL,NULL,NULL,NULL,0.307,NULL,NULL,NULL,NULL,,NULL,0,0,2,2,N,N,35,NULL,98,9801,NULL,,Y,37.50519,37,30.311,NULL,-82.53698,82,32.219,NULL,N,NULL,NULL,NULL,NULL,NULL,NULL,NULL,NULL,3,3,2,3,1,1,2,2,1,3,N,NULL,Y,N,957,1004,1030,N,NULL,52,,,N,,N,N,098-CS-1191-0,NULL,NULL,2023,O,7.28852E+11,098-CS-1191  -000,HIGH,098-CS-1191  -000,0.305,0,0,0,1,0,0,1,1,0,0,0,1,0
72885546,KSP0900,23-134183,20230409,103,,,US119,,,US0119,US0119,0,098 US-119,US0119,N,N,NULL,NULL,NULL,N,NULL,NULL,NULL,NULL,NULL,NULL,4.638,NULL,NULL,NULL,NULL,,NULL,1,0,1,1,N,N,55,NULL,98,9828,NULL,,Y,37.52191,37,31.315,NULL,-82.45651,82,27.391,NULL,N,NULL,NULL,NULL,NULL,NULL,NULL,NULL,NULL,9,6,2,2,1,1,2,6,7,3,Y,NULL,Y,Y,103,107,107,N,NULL,44,2,1,N,,N,N,098-US-0119-0,NULL,NULL,2023,B,7.28855E+11,098-US-0119  -000,HIGH,098-US-0119  -000,4.696,0,0,0,0,0,0,0,1,1,0,0,1,0
72913969,980000,23-05-003,20230606,2130,,3767,MAIN,,ST,,,0,098 CS-3000,CS3000,Y,N,NULL,NULL,NULL,N,NULL,NULL,NULL,NULL,NULL,NULL,0.444,NULL,NULL,NULL,NULL,,NULL,0,0,2,2,N,N,10,NULL,98,9807,NULL,,Y,37.51889,37,31.134,NULL,-82.5666,82,33.996,NULL,N,NULL,NULL,NULL,NULL,NULL,NULL,NULL,NULL,2,97,NULL,5,1,1,2,7,1,3,N,NULL,Y,Y,2130,2135,2130,N,NULL,90,,,N,,N,N,098-CS-3000-0,NULL,NULL,2023,O,7.2914E+11,098-CS-3000  -000,HIGH,098-CS-3000  -000,0.468,0,0,1,0,0,0,0,0,0,1,0,0,0
72957838,KSP0900,23-419159,20231009,2009,,,TOLLAGE,,CRK,,,0,098 CR-1492,CR1492,Y,N,NULL,NULL,NULL,N,NULL,NULL,NULL,NULL,NULL,NULL,0.487,NULL,NULL,NULL,NULL,,NULL,0,0,2,2,N,N,NULL,NULL,98,9807,NULL,,Y,37.51437,37,30.862,NULL,-82.53277,82,31.966,NULL,N,NULL,NULL,NULL,NULL,NULL,NULL,NULL,NULL,2,97,NULL,6,1,1,2,5,1,3,N,NULL,N,N,2210,2221,2230,N,NULL,90,,,N,,N,N,098-CR-1492-0,NULL,NULL,2023,O,7.29578E+11,098-CS-3029  -000,HIGH,098-CS-3029  -000,0.486,0,0,1,0,0,0,0,0,0,0,0,0,0
72929337,KSP0900,23-342975,20230730,1900,,,STATE HIGHWAY 292,E,,,,0,098 CR-1061,CR1061,N,N,NULL,NULL,NULL,N,NULL,NULL,NULL,NULL,NULL,NULL,0.006,NULL,NULL,NULL,NULL,,NULL,0,0,2,2,N,N,25,NULL,98,9869,NULL,,Y,37.62703,37,37.622,NULL,-82.21768,82,13.061,NULL,N,NULL,NULL,NULL,NULL,NULL,NULL,NULL,NULL,7,3,1,6,1,1,2,2,7,3,N,NULL,Y,N,1851,1900,1920,N,NULL,54,,,N,,N,N,098-CR-1061-0,NULL,NULL,2023,O,7.29293E+11,098-CR-1061  -000,HIGH,098-CR-1061  -000,0.007,0,0,0,0,0,0,0,0,0,0,0,1,0
72909388,KSP0900,23-217404,20230608,623,,,KY80,,,KY0080,KY0080,,,,N,N,NULL,NULL,NULL,N,NULL,NULL,NULL,NULL,NULL,NULL,3.154,NULL,NULL,NULL,NULL,,NULL,0,0,2,2,Y,N,25,NULL,98,9802,NULL,,Y,37.30397,37,18.238,NULL,-82.35131,82,21.078,NULL,N,NULL,NULL,NULL,NULL,NULL,NULL,NULL,NULL,1,3,2,6,1,1,2,2,7,3,N,NULL,Y,N,623,739,750,N,NULL,55,7,0,N,,N,N,,NULL,NULL,2023,O,7.29094E+11,098-KY-0080  -000,HIGH,098-KY-0080  -000,3.149,0,0,0,0,0,0,0,1,0,0,0,0,0
72920382,980100,2.023E+11,20230612,1544,,,DIVISION,,ST,,,0,098 CS-1130,CS1130,N,N,NULL,NULL,NULL,N,NULL,NULL,NULL,NULL,NULL,NULL,0.038,NULL,NULL,NULL,NULL,,NULL,0,0,2,2,Y,Y,15,NULL,98,9801,NULL,,Y,37.48018,37,28.81,NULL,-82.51849,82,31.11,NULL,N,NULL,NULL,NULL,NULL,NULL,NULL,NULL,NULL,8,97,2,6,1,1,2,2,1,3,N,NULL,Y,N,1545,1552,,N,NULL,47,,,N,,N,N,098-CS-1130-0,NULL,NULL,2023,NULL,7.29204E+11,098-CS-1130  -000,HIGH,098-CS-1130  -000,0.039,0,0,0,0,0,0,0,0,0,0,0,0,0
72967620,KSP0900,23-442737,20231101,930,,,US460,,,US0460,US0460,0,098 US-460,US0460,N,N,NULL,NULL,NULL,N,NULL,NULL,NULL,NULL,NULL,NULL,9.046,NULL,NULL,NULL,NULL,,NULL,0,0,1,1,N,N,35,NULL,98,9822,NULL,,Y,37.36956,37,22.174,NULL,-82.41951,82,25.17,NULL,N,NULL,NULL,NULL,NULL,NULL,NULL,NULL,NULL,9,3,2,4,1,1,3,2,7,3,N,NULL,Y,N,930,930,930,N,NULL,38,,1,N,,N,N,098-US-0460-0,NULL,NULL,2023,O,7.29676E+11,098-US-0460  -000,HIGH,098-US-0460  -000,9.023,0,0,0,0,0,0,0,0,0,0,0,0,0
72886921,KSP0900,23-135648,20230410,1036,,,POND CREEK,,RD,KY0199,KY0199,0,098 KY-199,KY0199,Y,N,NULL,NULL,NULL,N,NULL,NULL,NULL,NULL,NULL,NULL,6.242,NULL,NULL,NULL,NULL,,NULL,0,0,2,2,N,N,5,NULL,98,9851,NULL,,Y,37.53809,37,32.285,NULL,-82.25429,82,15.257,NULL,N,NULL,NULL,NULL,NULL,NULL,NULL,NULL,NULL,8,97,2,6,1,1,2,2,4,3,N,NULL,N,N,1036,1059,1036,N,NULL,90,9,0,N,,N,N,098-KY-0199-0,NULL,NULL,2023,O,7.28869E+11,098-KY-0199  -000,HIGH,098-KY-0199  -000,6.243,0,0,0,0,0,0,1,0,0,0,0,0,0
72930872,KSP0900,23-348728,20230805,928,,,US119,,,US0119,US0119,0,098 US-119,US0119,N,N,NULL,NULL,NULL,N,NULL,NULL,NULL,NULL,NULL,NULL,24.957,NULL,NULL,NULL,NULL,,NULL,0,0,2,2,N,N,55,NULL,98,9834,NULL,,Y,37.66833,37,40.1,NULL,-82.2773,82,16.638,NULL,N,NULL,NULL,NULL,NULL,NULL,NULL,NULL,NULL,1,3,4,6,1,1,2,2,7,3,N,NULL,Y,N,928,928,928,N,NULL,55,2,1,N,,N,N,098-US-0119-0,NULL,NULL,2023,O,7.29309E+11,098-US-0119  -000,HIGH,098-US-0119  -000,25.008,0,0,0,1,0,0,0,0,0,0,0,0,0
72936193,980100,2.023E+11,20230820,1235,,,PHYLLIS,,LN,,,0,098 CS-1090,CS1090,Y,N,NULL,NULL,NULL,N,NULL,NULL,NULL,NULL,NULL,NULL,0.028,NULL,NULL,NULL,NULL,,NULL,0,0,2,2,N,N,NULL,NULL,98,9801,NULL,,Y,37.48695,37,29.217,NULL,-82.52487,82,31.492,NULL,N,NULL,NULL,NULL,NULL,NULL,NULL,NULL,NULL,7,97,NULL,6,1,1,2,2,6,3,N,NULL,Y,N,1235,1240,1240,N,NULL,90,,,N,,N,N,098-CS-1090-0,NULL,NULL,2023,O,7.29362E+11,098-CS-1090  -000,HIGH,098-CS-1090  -000,0.025,0,0,0,0,0,0,1,0,0,0,0,0,0
72939268,980100,2.023E+11,20230825,1325,,,KY3496,,,KY3496,KY3496,0,098 KY-3496,KY3496,N,N,NULL,NULL,NULL,N,NULL,NULL,NULL,NULL,NULL,NULL,0.745,NULL,NULL,NULL,NULL,,NULL,0,0,2,2,N,N,35,NULL,98,9801,NULL,,Y,37.47202,37,28.321,NULL,-82.53054,82,31.832,NULL,N,NULL,NULL,NULL,NULL,NULL,NULL,NULL,NULL,1,3,2,6,1,5,3,2,1,3,N,NULL,Y,N,1325,1330,1359,N,NULL,55,16,0,N,,N,N,098-KY-3496-0,NULL,NULL,2023,O,7.29393E+11,098-KY-3496  -000,HIGH,098-KY-3496  -000,0.745,0,0,0,0,0,0,0,0,0,0,0,0,0