MasterFile,AgencyORINumber,LocalCode,CollisionDate,CollisionTime,CollisionDayWeekCode,RoadwayName_HouseBusinessNumber_,RoadwayName_RoadwayName_,RoadwayName_Direction_,RoadwayName_RoadwaySuffix_,RoadwayfromReport,CurrentRoadwayNumber,RoadwayNumberCoupletID,RSEUniqueGIS,RoadwayIdentifier,ParkingLotIndicator,IntersectionWith_Indicator_,IntersectionWith_NameRoadway_,IntersectionWith_Direction_,IntersectionWith_RoadwaySuffix_,BetweenStreets_Indicator_,BetweenStreets1_NameRoadway_,BetweenStreet1_Direction_,BetweenStreets1_RoadwaySuffix_,BetweenStreets2_NameRoadway_,BetweenStreets2_Direction_,BetweenStreets2_RoadwaySuffix_,Milepoint,ReportMilepointDeriveNumber,CurrentDerivedMiepointNumber,MilestoMilepoint,FeettoMilepoint,DirectionfromMilepoint_NSEW_,ValidMilepointIndicator,NumberInjured,NumberKilled,ofUnits,ofMotorVehicleUnits,Hit&RunIndicator,OneWayIndicator,SpeedLimitNumber,KilometersIndicator,CountyCode,CityCountyCode,MilesFromCity,DirectionFromCity_NSEW_,InCityLimitsIndicator,Latitude,LatitudeDegrees,LatitudeMinutes,LatitudeSeconds,Longitude,LongitudeDegrees,LongitudeMinutes,LongitudeSeconds,RampIndicator,RampFromIdentifier,RampFromDirCode,RampFromCoupletID,RSEUniqueGISRampFrom,RampToidentifier,RampToDirCode,RampToCoupletID,RSEUniqueGisRampTo,MannerofCollisionCode,LocationFirstEventCode,TotalLanes,RoadwayCharacterCode,RoadwaySurfaceCode,RoadwayConditionCode,WeatherCode,LightConditionCode,LandUseCode,SchoolBusRelatedCode,FirstAidSceneIndicator,CollDescPresentInd,InvestigationCompleteIndicator,PhotosTakenIndicator,TimeNotified,TimeArrived,TimeRoadwayOpened,PropertyDamageIndicator,DiagramPresentIndicator,DirectionalAnalysis,FunctionClassCode,NationalHwySysCode,EnforcementsIndicator,KARSCityCode,SecondaryCollisionIndicator,MedianCrossoverIndicator,RT_UNIQUE,MapIt,TimeLastLeft,YR,KABCO,MFNY,WorkingRID,RT_CONFIDENCE,KTC_RT,KTC_MP,Motorcyclist,CommercialVehicle,YoungDriver,MatureDriver,pedestrian,Bicyclist,Distracted,agressive,Impaired,Unrestrained,Intersection,RoadwayDeparture,MedXover
72962207,KSP0900,23-425237,20231015,1610,,,UPPER POMPEY,,RD,,,0,098 CR-1326,CR1326,N,N,NULL,NULL,NULL,N,NULL,NULL,NULL,NULL,NULL,NULL,0.215,NULL,NULL,NULL,NULL,,NULL,5,0,2,2,N,N,35,NULL,98,9850,NULL,,Y,37.46523,37,27.914,NULL,-82.40765,82,24.459,NULL,N,NULL,NULL,NULL,NULL,NULL,NULL,NULL,NULL,3,3,1,3,1,5,3,2,7,3,N,NULL,N,N,1610,1630,1720,N,NULL,52,,,N,,N,N,098-CR-1326-0,NULL,NULL,2023,B,7.29622E+11,098-CR-1326  -000,HIGH,098-CR-1326  -000,0.244,0,0,0,0,0,0,1,0,0,0,0,1,0
72957929,KSP0900,23-407082,20230928,641,,,KY1056,,,KY1056,KY1056,0,098 KY-1056,KY1056,N,N,NULL,NULL,NULL,N,NULL,NULL,NULL,NULL,NULL,NULL,1.022,NULL,NULL,NULL,NULL,,NULL,0,0,1,1,N,N,55,NULL,98,9872,NULL,,Y,37.5645,37,33.87,NULL,-82.24623,82,14.774,NULL,N,NULL,NULL,NULL,NULL,NULL,NULL,NULL,NULL,9,3,2,4,1,5,3,6,7,3,N,NULL,Y,N,641,725,800,N,NULL,44,8,0,N,,N,N,098-KY-1056-0,NULL,NULL,2023,O,7.29579E+11,098-KY-1056  -000,HIGH,098-KY-1056  -000,1.031,0,0,0,0,0,0,0,0,0,0,0,1,0
72887486,980100,2.023E+11,20230410,1342,,,US23,,,US0023,US0023,0,098 US-23-10,US0023,N,N,NULL,NULL,NULL,N,NULL,NULL,NULL,NULL,NULL,NULL,22.518,NULL,NULL,NULL,NULL,,NULL,0,0,2,2,N,N,55,NULL,98,9801,NULL,,Y,37.46393,37,27.836,NULL,-82.51893,82,31.136,NULL,N,NULL,NULL,NULL,NULL,NULL,NULL,NULL,NULL,5,3,4,3,1,1,2,2,1,3,N,NULL,Y,N,1343,1346,1413,N,NULL,49,,1,N,,N,N,098-US-0023-10,NULL,NULL,2023,O,7.28875E+11,098-US-0023  -010,HIGH,098-US-0023  -000,22.452,0,0,0,0,0,0,1,0,0,0,0,0,0
72910245,980100,2.023E+11,20230605,1723,,,CASSIDY,,BLVD,,,0,098 CS-1191,CS1191,N,N,NULL,NULL,NULL,N,NULL,NULL,NULL,NULL,NULL,NULL,0.057,NULL,NULL,NULL,NULL,,NULL,0,0,2,2,N,N,25,NULL,98,9801,NULL,,Y,37.50367,37,30.22,NULL,-82.53307,82,31.984,NULL,N,NULL,NULL,NULL,NULL,NULL,NULL,NULL,NULL,5,3,1,6,1,1,2,2,7,3,N,NULL,Y,N,1723,1728,1728,N,NULL,70,,,N,,N,N,098-CS-1191-0,NULL,NULL,2023,O,7.29102E+11,098-CS-1191  -000,HIGH,098-CS-1191  -000,0.053,0,0,1,0,0,0,1,1,0,0,0,0,0
72928547,KSP0900,2023-335274,20230723,2028,,,KY292,,,KY0292,KY0292,0,098 KY-292,KY0292,N,N,NULL,NULL,NULL,N,NULL,NULL,NULL,NULL,NULL,NULL,3.472,NULL,NULL,NULL,NULL,,NULL,1,0,2,2,N,N,45,NULL,98,9869,NULL,,Y,37.65823,37,39.494,NULL,-82.2477,82,14.862,NULL,N,NULL,NULL,NULL,NULL,NULL,NULL,NULL,NULL,3,3,2,6,1,1,2,2,7,3,Y,NULL,Y,Y,2038,2104,2158,N,NULL,52,8,0,Y,,N,N,098-KY-0292-0,NULL,NULL,2023,C,7.29285E+11,098-KY-0292  -000,HIGH,098-KY-0292  -000,3.472,0,0,0,1,0,0,0,0,0,0,0,1,0
72946913,KSP0900,23-394177,20230915,2144,,,KY611,,,KY0611,KY0611,0,098 KY-611,KY0611,N,N,NULL,NULL,NULL,N,NULL,NULL,NULL,NULL,NULL,NULL,1.111,NULL,NULL,NULL,NULL,,NULL,1,0,1,1,N,N,35,NULL,98,9818,NULL,,Y,37.32356,37,19.414,NULL,-82.48157,82,28.894,NULL,N,NULL,NULL,NULL,NULL,NULL,NULL,NULL,NULL,9,3,1,6,1,1,2,6,7,3,Y,NULL,N,Y,2144,2201,2230,N,NULL,44,8,0,N,,N,N,098-KY-0611-0,NULL,NULL,2023,B,7.29469E+11,098-KY-0611  -000,HIGH,098-KY-0611  -000,1.111,0,0,0,0,0,0,0,0,0,0,0,1,0
72959777,KSP0900,23-425996,20231016,1124,,,KY194,,,KY0194,KY0194,0,098 KY-194,KY0194,N,N,NULL,NULL,NULL,N,NULL,NULL,NULL,NULL,NULL,NULL,24.311,NULL,NULL,NULL,NULL,,NULL,0,0,1,1,N,N,55,NULL,98,9817,NULL,,Y,37.52481,37,31.489,NULL,-82.36591,82,21.955,NULL,N,NULL,NULL,NULL,NULL,NULL,NULL,NULL,NULL,9,3,2,3,1,5,6,2,7,3,N,NULL,Y,N,1124,1124,1124,N,NULL,44,6,0,N,,N,N,098-KY-0194-0,NULL,NULL,2023,O,7.29598E+11,098-KY-0194  -000,HIGH,098-KY-0194  -000,24.3,0,0,1,0,0,0,0,0,0,0,0,1,0
72943112,KSP0900,23-377834,20230901,1032,,,BRUSHY,,RD,KY0881,KY0881,0,098 KY-881,KY0881,N,N,NULL,NULL,NULL,N,NULL,NULL,NULL,NULL,NULL,NULL,5.927,NULL,NULL,NULL,NULL,,NULL,1,0,1,1,N,N,55,NULL,98,9853,NULL,,Y,37.63889,37,38.333,NULL,-82.42165,82,25.299,NULL,N,NULL,NULL,NULL,NULL,NULL,NULL,NULL,NULL,9,3,1,1,1,1,2,2,7,3,Y,NULL,Y,Y,1032,1048,1200,N,NULL,70,8,0,N,,N,N,098-KY-0881-0,NULL,NULL,2023,C,7.29431E+11,098-KY-0881  -000,HIGH,098-KY-0881  -000,5.937,0,1,0,1,0,0,0,0,0,0,0,1,0
72969717,KSP0900,23-449523,20231107,720,,,US23,,,US0023,US0023,0,098 US-23-10,US0023,Y,N,NULL,NULL,NULL,N,NULL,NULL,NULL,NULL,NULL,NULL,NULL,NULL,NULL,NULL,NULL,,NULL,0,0,2,2,N,N,5,NULL,98,9809,NULL,,Y,37.28224,37,16.934,NULL,-82.5731,82,34.386,NULL,N,NULL,NULL,NULL,NULL,NULL,NULL,NULL,NULL,2,97,NULL,6,1,1,2,2,1,3,N,NULL,Y,N,720,800,820,N,NULL,90,,1,N,,N,N,098-US-0023-10,NULL,NULL,2023,O,7.29697E+11,098-US-0023  -010,HIGH,098-US-0023  -000,4.578,0,0,0,0,0,0,1,0,0,0,0,0,0
72923522,KSP0900,23-328904,20230718,909,,,ABNER MOUNTAIN,,RD,KY0122,KY0122,0,098 KY-122,KY0122,N,N,NULL,NULL,NULL,N,NULL,NULL,NULL,NULL,NULL,NULL,0.739,NULL,NULL,NULL,NULL,,NULL,1,0,2,2,N,N,35,NULL,98,9827,NULL,,Y,37.34398,37,20.639,NULL,-82.64942,82,38.965,NULL,N,NULL,NULL,NULL,NULL,NULL,NULL,NULL,NULL,7,3,2,2,1,1,2,2,7,3,Y,NULL,Y,Y,909,1002,1030,N,NULL,54,,0,N,,N,N,098-KY-0122-0,NULL,NULL,2023,C,7.29235E+11,098-KY-0122  -000,HIGH,098-KY-0122  -000,0.915,0,1,0,0,0,0,1,0,0,0,0,1,0
72927566,KSP0900,23-332377,20230721,1059,,,TAYLOR,,FRK,,,0,098 CR-1017,CR1017,N,N,NULL,NULL,NULL,N,NULL,NULL,NULL,NULL,NULL,NULL,0.383,NULL,NULL,NULL,NULL,,NULL,0,0,2,2,N,N,20,NULL,98,9826,NULL,,Y,37.67091,37,40.254,NULL,-82.31405,82,18.843,NULL,N,NULL,NULL,NULL,NULL,NULL,NULL,NULL,NULL,7,3,1,6,1,1,2,2,7,3,N,NULL,Y,N,1059,1105,1100,N,NULL,54,,,N,,N,N,098-CR-1017-0,NULL,NULL,2023,O,7.29276E+11,098-CR-1017  -000,HIGH,098-CR-1017  -000,0.383,0,0,0,0,0,0,1,0,0,0,0,1,0
72923740,KSP0900,23-321296,20230711,1530,,,KY194,E,,KY0194,KY0194,0,098 KY-194,KY0194,N,N,NULL,NULL,NULL,N,NULL,NULL,NULL,NULL,NULL,NULL,26.861,NULL,NULL,NULL,NULL,,NULL,1,0,2,2,N,N,55,NULL,98,9817,NULL,,Y,37.49514,37,29.708,NULL,-82.35092,82,21.055,NULL,N,NULL,NULL,NULL,NULL,NULL,NULL,NULL,NULL,1,3,2,2,1,1,2,2,7,3,N,NULL,Y,Y,1600,1625,1640,N,NULL,55,7,0,N,,N,N,098-KY-0194-0,NULL,NULL,2023,B,7.29237E+11,098-KY-0194  -000,HIGH,098-KY-0194  -000,26.862,0,0,0,0,0,0,1,0,0,0,0,0,0
72898879,980100,2.023E+11,20230510,1047,,254,CASSIDY,,BLVD,,,0,098 CS-1191,CS1191,Y,N,NULL,NULL,NULL,N,NULL,NULL,NULL,NULL,NULL,NULL,0.049,NULL,NULL,NULL,NULL,,NULL,0,0,2,2,Y,N,NULL,NULL,98,9801,NULL,,Y,37.50368,37,30.221,NULL,-82.53296,82,31.978,NULL,N,NULL,NULL,NULL,NULL,NULL,NULL,NULL,NULL,2,97,1,6,1,1,2,2,1,3,N,NULL,Y,N,1047,1047,1047,N,NULL,90,,,N,,N,N,098-CS-1191-0,NULL,NULL,2023,NULL,7.28989E+11,098-CS-1191  -000,HIGH,098-CS-1191  -000,0.046,0,0,0,0,0,0,0,0,0,0,0,0,0
72899485,980100,2.023E+11,20230508,1723,,,HAROLDS BRANCH,,RD,,,0,098 CS-1223,CS1223,Y,N,NULL,NULL,NULL,N,NULL,NULL,NULL,NULL,NULL,NULL,0.086,NULL,NULL,NULL,NULL,,NULL,0,0,2,2,Y,N,NULL,NULL,98,9801,NULL,,Y,37.47176,37,28.306,NULL,-82.52194,82,31.317,NULL,N,NULL,NULL,NULL,NULL,NULL,NULL,NULL,NULL,7,97,NULL,6,2,1,2,8,5,3,N,NULL,N,N,1724,1725,1740,N,NULL,90,,,N,,N,N,098-CS-1223-0,NULL,NULL,2023,NULL,7.28995E+11,098-CS-1223  -000,HIGH,098-CS-1223  -000,0.085,0,0,0,0,0,0,1,0,0,0,0,0,0
72855845,KSP0900,23-21713,20230117,1600,,,US119,,,US0119,US0119,0,098 US-119-10,US0119,N,N,NULL,NULL,NULL,N,NULL,NULL,NULL,NULL,NULL,NULL,2.674,NULL,NULL,NULL,NULL,,NULL,0,0,2,2,N,N,55,NULL,98,9801,NULL,,Y,37.5142,37,30.852,NULL,-82.4875,82,29.25,NULL,N,NULL,NULL,NULL,NULL,NULL,NULL,NULL,NULL,5,3,2,3,1,1,2,2,7,3,N,NULL,Y,N,1600,1600,1600,N,NULL,49,2,1,N,,N,N,098-US-0119-10,NULL,NULL,2023,O,7.28558E+11,098-US-0119  -010,HIGH,098-US-0119  -000,2.672,0,0,0,0,0,0,1,0,0,0,0,0,0
72919686,980100,2.023E+11,20230628,1203,,,US119,,,US0119,US0119,0,098 US-119,US0119,N,N,NULL,NULL,NULL,N,NULL,NULL,NULL,NULL,NULL,NULL,0.737,NULL,NULL,NULL,NULL,,NULL,0,0,1,1,N,N,55,NULL,98,9801,NULL,,Y,37.50778,37,30.467,NULL,-82.51959,82,31.176,NULL,N,NULL,NULL,NULL,NULL,NULL,NULL,NULL,NULL,9,3,4,6,1,1,2,2,1,3,N,NULL,Y,N,1203,1216,1216,N,NULL,39,2,1,N,,N,N,098-US-0119-0,NULL,NULL,2023,O,7.29197E+11,098-US-0119  -000,HIGH,098-US-0119  -000,0.739,0,1,0,0,0,0,0,0,0,0,0,0,0
72946693,980100,2.023E+11,20230914,1820,,,US23,,,US0023,US0023,0,098 US-23,US0023,N,N,NULL,NULL,NULL,N,NULL,NULL,NULL,NULL,NULL,NULL,27.225,NULL,NULL,NULL,NULL,,NULL,0,0,2,2,N,N,45,NULL,98,9801,NULL,,Y,37.5105,37,30.63,NULL,-82.54575,82,32.745,NULL,N,NULL,NULL,NULL,NULL,NULL,NULL,NULL,NULL,8,3,4,6,1,1,2,2,7,3,N,NULL,Y,N,1820,1833,1841,N,NULL,53,,1,N,,N,N,098-US-0023-0,NULL,NULL,2023,O,7.29467E+11,098-US-0023  -000,HIGH,098-US-0023  -000,27.204,0,0,0,1,0,0,1,0,0,0,0,1,0
72958479,KSP0900,23-413750,20231004,1542,,,KY1426,,,KY1426,KY1426,0,098 KY-1426,KY1426,N,N,NULL,NULL,NULL,N,NULL,NULL,NULL,NULL,NULL,NULL,11.917,NULL,NULL,NULL,NULL,,NULL,0,0,2,2,N,N,55,NULL,98,9828,NULL,,Y,37.53516,37,32.11,NULL,-82.46599,82,27.959,NULL,N,NULL,NULL,NULL,NULL,NULL,NULL,NULL,NULL,1,3,2,3,1,1,2,2,7,3,N,NULL,Y,N,1542,1603,1630,N,NULL,55,7,0,N,,N,N,098-KY-1426-0,NULL,NULL,2023,O,7.29585E+11,098-KY-1426  -000,HIGH,098-KY-1426  -000,11.918,0,0,1,0,0,0,0,1,0,0,0,0,0
72910351,980100,2.023E+11,20230609,1321,,172,CASSIDY,,BLVD,,,0,098 CS-1191,CS1191,Y,N,NULL,NULL,NULL,N,NULL,NULL,NULL,NULL,NULL,NULL,0.045,NULL,NULL,NULL,NULL,,NULL,0,0,2,2,N,N,NULL,NULL,98,9801,NULL,,Y,37.5037,37,30.222,NULL,-82.5329,82,31.974,NULL,N,NULL,NULL,NULL,NULL,NULL,NULL,NULL,NULL,2,97,1,6,1,1,2,2,1,3,N,NULL,Y,N,1321,1332,1333,N,NULL,90,,,N,,N,N,098-CS-1191-0,NULL,NULL,2023,O,7.29104E+11,098-CS-1191  -000,HIGH,098-CS-1191  -000,0.043,0,0,0,1,0,0,1,0,0,0,0,0,0
72892921,980100,2.023E+11,20230429,1128,,,CASSIDY,,BLVD,,,,,,Y,N,NULL,NULL,NULL,N,NULL,NULL,NULL,NULL,NULL,NULL,0.235,NULL,NULL,NULL,NULL,,NULL,0,0,2,2,N,N,NULL,NULL,98,9801,NULL,,Y,37.50354,37,30.213,NULL,-82.53583,82,32.15,NULL,N,NULL,NULL,NULL,NULL,NULL,NULL,NULL,NULL,2,97,NULL,6,1,1,2,2,1,3,N,NULL,Y,N,1128,1130,1145,N,NULL,90,,,N,,N,N,,NULL,NULL,2023,O,7.28929E+11,098-CS-1260  -000,MEDIUM,098-CS-1260  -000,0.046,0,0,0,1,0,0,1,0,0,0,0,0,0
72866366,KSP0900,23-56661,20230213,1520,,,OLD HOUSE,,BR,,,0,098 CR-1811,CR1811,N,N,NULL,NULL,NULL,N,NULL,NULL,NULL,NULL,NULL,NULL,0.466,NULL,NULL,NULL,NULL,,NULL,1,0,1,1,N,Y,35,NULL,98,9879,NULL,,Y,37.52367,37,31.421,NULL,-82.19444,82,11.667,NULL,N,NULL,NULL,NULL,NULL,NULL,NULL,NULL,NULL,9,3,1,3,1,1,2,2,7,3,N,NULL,Y,Y,1507,1526,1633,N,NULL,70,,,N,,N,N,098-CR-1811-0,NULL,NULL,2023,B,7.28664E+11,098-CR-1811  -000,HIGH,098-CR-1811  -000,0.466,0,0,0,1,0,0,1,0,0,0,0,1,0
72889357,KSP0900,23-142825,20230415,309,,,FOREST TRACE,,HL,,,0,098 CR-1505BB,CR1505BB,Y,N,NULL,NULL,NULL,N,NULL,NULL,NULL,NULL,NULL,NULL,0.148,NULL,NULL,NULL,NULL,,NULL,0,0,2,2,Y,N,5,NULL,98,9836,NULL,,Y,37.60111,37,36.067,NULL,-82.27803,82,16.682,NULL,N,NULL,NULL,NULL,NULL,NULL,NULL,NULL,NULL,8,7,1,6,1,1,2,5,6,3,N,NULL,N,N,309,313,313,N,NULL,90,,,N,,N,N,098-CR-1505BB-0,NULL,NULL,2023,NULL,7.28894E+11,098-CR-1505BB-000,HIGH,098-CR-1505BB-000,0.154,0,0,0,0,0,0,1,0,0,0,0,0,0
72922623,KSP0900,23-311830,20230703,1035,,,BRUNTY,,FRK,,,0,098 CR-1513,CR1513,N,N,NULL,NULL,NULL,N,NULL,NULL,NULL,NULL,NULL,NULL,0.04,NULL,NULL,NULL,NULL,,NULL,0,0,2,2,N,N,35,NULL,98,9801,NULL,,Y,37.61012,37,36.607,NULL,-82.32201,82,19.32,NULL,N,NULL,NULL,NULL,NULL,NULL,NULL,NULL,NULL,2,3,2,6,3,5,2,2,7,3,N,NULL,Y,N,1034,1040,1040,N,NULL,56,,,N,,N,N,098-CR-1513-0,NULL,NULL,2023,O,7.29226E+11,098-CR-1513  -000,HIGH,098-CR-1513  -000,0.034,0,0,0,0,0,0,1,0,0,0,0,0,0
72894350,KSP0900,23-167614,20230503,1735,,,TOLER,,RD,KY0319,KY0319,0,098 KY-319,KY0319,N,N,NULL,NULL,NULL,N,NULL,NULL,NULL,NULL,NULL,NULL,5.416,NULL,NULL,NULL,NULL,,NULL,0,0,1,1,N,N,55,NULL,98,9842,NULL,,Y,37.62506,37,37.504,NULL,-82.24658,82,14.795,NULL,N,NULL,NULL,NULL,NULL,NULL,NULL,NULL,NULL,9,97,2,6,1,1,2,2,7,3,N,NULL,N,N,1735,1757,1757,Y,NULL,40,7,0,N,,N,N,098-KY-0319-0,NULL,NULL,2023,O,7.28944E+11,098-KY-0319  -000,HIGH,098-KY-0319  -000,5.416,0,0,0,0,0,0,0,0,0,0,0,1,0
72890148,980000,23-04-004,20230418,1733,,,GREASY,,CRK,KY3226,KY3226,0,098 KY-3226,KY3226,N,N,NULL,NULL,NULL,N,NULL,NULL,NULL,NULL,NULL,NULL,2.79,NULL,NULL,NULL,NULL,,NULL,0,0,2,2,N,N,35,NULL,98,9841,NULL,,Y,37.41085,37,24.651,NULL,-82.45734,82,27.441,NULL,N,NULL,NULL,NULL,NULL,NULL,NULL,NULL,NULL,7,3,1,6,1,1,3,2,7,3,N,NULL,Y,N,1705,1726,1740,N,NULL,54,8,0,N,,N,N,098-KY-3226-0,NULL,NULL,2023,O,7.28901E+11,098-KY-3226  -000,HIGH,098-KY-3226  -000,2.794,0,0,1,0,0,0,1,0,0,0,0,1,0
72964527,KSP0900,23-434831,20231024,1540,,,KY194,,,KY0194,KY0194,0,098 KY-194,KY0194,N,N,NULL,NULL,NULL,N,NULL,NULL,NULL,NULL,NULL,NULL,22.986,NULL,NULL,NULL,NULL,,NULL,0,0,2,2,N,N,55,NULL,98,9817,NULL,,Y,37.53931,37,32.358,NULL,-82.36923,82,22.154,NULL,N,NULL,NULL,NULL,NULL,NULL,NULL,NULL,NULL,5,3,2,3,1,1,2,2,7,3,N,NULL,Y,N,1545,1610,1545,N,NULL,49,6,0,N,,N,N,098-KY-0194-0,NULL,NULL,2023,O,7.29645E+11,098-KY-0194  -000,HIGH,098-KY-0194  -000,22.87,0,0,0,0,0,0,0,0,0,0,0,0,0
72960975,980100,2.023E+11,20231019,952,,,US23,,,US0023,US0023,0,098 US-23,US0023,N,N,NULL,NULL,NULL,N,NULL,NULL,NULL,NULL,NULL,NULL,24.739,NULL,NULL,NULL,NULL,,NULL,0,0,1,1,N,N,55,NULL,98,9801,NULL,,Y,37.48499,37,29.099,NULL,-82.5426,82,32.556,NULL,N,NULL,NULL,NULL,NULL,NULL,NULL,NULL,NULL,9,3,4,6,1,1,2,2,7,3,N,NULL,Y,N,953,1002,1045,N,NULL,70,,1,N,,N,N,098-US-0023-0,NULL,NULL,2023,O,7.2961E+11,098-US-0023  -000,HIGH,098-US-0023  -000,24.673,0,0,0,1,0,0,0,0,0,0,0,1,0
72941490,980100,2.023E+11,20230902,1508,,335,KY3495,,,KY3495,KY3495,0,098 KY-3495,KY3495,Y,N,NULL,NULL,NULL,N,NULL,NULL,NULL,NULL,NULL,NULL,0.036,NULL,NULL,NULL,NULL,,NULL,0,0,2,2,N,N,10,NULL,98,9801,NULL,,Y,37.4868,37,29.208,NULL,-82.54249,82,32.549,NULL,N,NULL,NULL,NULL,NULL,NULL,NULL,NULL,NULL,2,97,2,5,1,1,2,2,5,3,N,NULL,Y,N,1508,1508,1508,N,NULL,90,17,0,N,,N,N,098-KY-3495-0,NULL,NULL,2023,O,7.29415E+11,098-KY-3495  -000,HIGH,098-KY-3495  -000,0.035,0,0,0,0,0,0,1,0,0,0,0,0,0
72898781,KSP0900,23-182637,20230514,400,,,TOLER,,RD,KY0319,KY0319,0,098 KY-319,KY0319,N,N,NULL,NULL,NULL,N,NULL,NULL,NULL,NULL,NULL,NULL,0.977,NULL,NULL,NULL,NULL,,NULL,1,0,1,1,N,N,55,NULL,98,9842,NULL,,Y,37.58456,37,35.074,NULL,-82.1953,82,11.718,NULL,N,NULL,NULL,NULL,NULL,NULL,NULL,NULL,NULL,9,3,2,1,1,1,2,6,7,3,N,NULL,Y,Y,400,400,400,N,NULL,44,7,0,N,,N,N,098-KY-0319-0,NULL,NULL,2023,B,7.28988E+11,098-KY-0319  -000,HIGH,098-KY-0319  -000,0.974,0,0,0,0,0,0,0,0,1,1,0,1,0
72919234,980100,2.023E+11,20230630,1456,,,US23,,,US0023,US0023,0,098 US-23,US0023,N,N,NULL,NULL,NULL,N,NULL,NULL,NULL,NULL,NULL,NULL,26.864,NULL,NULL,NULL,NULL,,NULL,2,0,2,2,N,N,55,NULL,98,9801,NULL,,Y,37.50964,37,30.579,NULL,-82.53876,82,32.326,NULL,N,NULL,NULL,NULL,NULL,NULL,NULL,NULL,NULL,8,3,4,6,1,1,2,2,7,3,Y,NULL,Y,Y,1456,1502,1624,N,NULL,53,,1,N,,N,N,098-US-0023-0,NULL,NULL,2023,A,7.29192E+11,098-US-0023  -000,HIGH,098-US-0023  -000,26.807,0,0,0,1,0,0,1,0,0,0,0,1,0
72913837,KSP0900,23-216100,20230607,216,,,KY3174,,,KY3174,KY3174,0,098 KY-3174-10,KY3174,N,N,NULL,NULL,NULL,N,NULL,NULL,NULL,NULL,NULL,NULL,4.186,NULL,NULL,NULL,NULL,,NULL,0,1,1,1,N,N,55,NULL,98,9801,NULL,,Y,37.36874,37,22.125,NULL,-82.47208,82,28.325,NULL,N,NULL,NULL,NULL,NULL,NULL,NULL,NULL,NULL,9,3,4,1,1,5,6,6,7,3,N,NULL,Y,Y,216,230,330,N,NULL,44,,0,N,,N,N,098-KY-3174-10,NULL,NULL,2023,K,7.29138E+11,098-KY-3174  -010,HIGH,098-KY-3174  -000,4.185,0,0,0,0,0,0,0,0,0,1,0,1,0
72895704,KSP0900,2023-173284,20230507,1425,,,KY122,,,KY0122,KY0122,,,,N,N,NULL,NULL,NULL,N,NULL,NULL,NULL,NULL,NULL,NULL,2.869,NULL,NULL,NULL,NULL,,NULL,0,0,1,1,N,N,45,NULL,98,9827,NULL,,Y,37.33867,37,20.32,NULL,-82.6246,82,37.476,NULL,N,NULL,NULL,NULL,NULL,NULL,NULL,NULL,NULL,9,3,2,6,1,5,3,2,7,3,N,NULL,N,N,1425,1439,1530,N,NULL,70,,0,N,,N,N,,NULL,NULL,2023,O,7.28957E+11,098-KY-0122  -000,HIGH,098-KY-0122  -000,2.864,0,0,0,0,0,0,0,0,0,0,0,1,0
72902342,KSP0900,23-193362,20230522,942,,,KY194,,,KY0194,KY0194,0,098 KY-194,KY0194,N,N,NULL,NULL,NULL,N,NULL,NULL,NULL,NULL,NULL,NULL,54.891,NULL,NULL,NULL,NULL,,NULL,0,0,2,2,N,N,35,NULL,98,9804,NULL,,Y,37.51159,37,30.696,NULL,-82.14812,82,8.887,NULL,N,NULL,NULL,NULL,NULL,NULL,NULL,NULL,NULL,8,3,2,6,1,1,2,2,7,3,N,NULL,Y,N,942,942,942,N,NULL,53,8,0,N,,N,N,098-KY-0194-0,NULL,NULL,2023,O,7.29023E+11,098-KY-0194  -000,HIGH,098-KY-0194  -000,54.894,0,0,0,1,0,0,0,0,0,0,0,1,0
72915019,980100,2.023E+11,20230624,2254,,,RIVERFILL,S,DR,,,0,098 CS-1125,CS1125,Y,N,NULL,NULL,NULL,N,NULL,NULL,NULL,NULL,NULL,NULL,0.053,NULL,NULL,NULL,NULL,,NULL,0,0,2,2,N,N,15,NULL,98,9801,NULL,,Y,37.47649,37,28.589,NULL,-82.51836,82,31.102,NULL,N,NULL,NULL,NULL,NULL,NULL,NULL,NULL,NULL,1,97,NULL,6,1,1,2,6,8,3,N,NULL,Y,N,2254,2254,2254,N,NULL,90,,,Y,,N,N,098-CS-1125-0,NULL,NULL,2023,O,7.2915E+11,098-CS-1125  -000,HIGH,098-CS-1125  -000,0.058,0,0,0,0,0,0,1,0,1,0,0,0,0
72898739,KSP0900,23-166292,20230502,1631,,,KY319,,,KY0319,KY0319,0,098 KY-319,KY0319,N,N,NULL,NULL,NULL,N,NULL,NULL,NULL,NULL,NULL,NULL,6.041,NULL,NULL,NULL,NULL,,NULL,1,0,3,3,Y,N,45,NULL,98,9842,NULL,,Y,37.63264,37,37.958,NULL,-82.25068,82,15.041,NULL,N,NULL,NULL,NULL,NULL,NULL,NULL,NULL,NULL,7,3,2,NULL,1,1,2,2,6,3,N,NULL,Y,Y,1631,1642,1715,N,NULL,54,7,0,N,,N,N,098-KY-0319-0,NULL,NULL,2023,B,7.28987E+11,098-KY-0319  -000,HIGH,098-KY-0319  -000,6.032,0,0,0,0,0,0,1,0,0,0,0,1,0