MasterFile,AgencyORINumber,LocalCode,CollisionDate,CollisionTime,CollisionDayWeekCode,RoadwayName_HouseBusinessNumber_,RoadwayName_RoadwayName_,RoadwayName_Direction_,RoadwayName_RoadwaySuffix_,RoadwayfromReport,CurrentRoadwayNumber,RoadwayNumberCoupletID,RSEUniqueGIS,RoadwayIdentifier,ParkingLotIndicator,IntersectionWith_Indicator_,IntersectionWith_NameRoadway_,IntersectionWith_Direction_,IntersectionWith_RoadwaySuffix_,BetweenStreets_Indicator_,BetweenStreets1_NameRoadway_,BetweenStreet1_Direction_,BetweenStreets1_RoadwaySuffix_,BetweenStreets2_NameRoadway_,BetweenStreets2_Direction_,BetweenStreets2_RoadwaySuffix_,Milepoint,ReportMilepointDeriveNumber,CurrentDerivedMiepointNumber,MilestoMilepoint,FeettoMilepoint,DirectionfromMilepoint_NSEW_,ValidMilepointIndicator,NumberInjured,NumberKilled,ofUnits,ofMotorVehicleUnits,Hit&RunIndicator,OneWayIndicator,SpeedLimitNumber,KilometersIndicator,CountyCode,CityCountyCode,MilesFromCity,DirectionFromCity_NSEW_,InCityLimitsIndicator,Latitude,LatitudeDegrees,LatitudeMinutes,LatitudeSeconds,Longitude,LongitudeDegrees,LongitudeMinutes,LongitudeSeconds,RampIndicator,RampFromIdentifier,RampFromDirCode,RampFromCoupletID,RSEUniqueGISRampFrom,RampToidentifier,RampToDirCode,RampToCoupletID,RSEUniqueGisRampTo,MannerofCollisionCode,LocationFirstEventCode,TotalLanes,RoadwayCharacterCode,RoadwaySurfaceCode,RoadwayConditionCode,WeatherCode,LightConditionCode,LandUseCode,SchoolBusRelatedCode,FirstAidSceneIndicator,CollDescPresentInd,InvestigationCompleteIndicator,PhotosTakenIndicator,TimeNotified,TimeArrived,TimeRoadwayOpened,PropertyDamageIndicator,DiagramPresentIndicator,DirectionalAnalysis,FunctionClassCode,NationalHwySysCode,EnforcementsIndicator,KARSCityCode,SecondaryCollisionIndicator,MedianCrossoverIndicator,RT_UNIQUE,MapIt,TimeLastLeft,YR,KABCO,MFNY,WorkingRID,RT_CONFIDENCE,KTC_RT,KTC_MP,Motorcyclist,CommercialVehicle,YoungDriver,MatureDriver,pedestrian,Bicyclist,Distracted,agressive,Impaired,Unrestrained,Intersection,RoadwayDeparture,MedXover
72894157,KSP0900,23-166900,20230503,734,,,US460,,,US0460,US0460,0,098 US-460,US0460,N,N,NULL,NULL,NULL,N,NULL,NULL,NULL,NULL,NULL,NULL,2.793,NULL,NULL,NULL,NULL,,NULL,0,0,2,2,N,N,55,NULL,98,9824,NULL,,Y,37.43045,37,25.827,NULL,-82.47911,82,28.746,NULL,N,NULL,NULL,NULL,NULL,NULL,NULL,NULL,NULL,5,3,2,6,1,5,3,2,2,3,N,NULL,Y,N,734,735,800,N,NULL,49,,1,N,,N,N,098-US-0460-0,NULL,NULL,2023,O,7.28942E+11,098-US-0460  -000,HIGH,098-US-0460  -000,2.793,0,0,0,0,0,0,1,0,0,0,0,0,0
72907109,KSP0900,23-209572,20230602,1745,,,US119,,,US0119,US0119,0,098 US-119,US0119,N,N,NULL,NULL,NULL,N,NULL,NULL,NULL,NULL,NULL,NULL,22.648,NULL,NULL,NULL,NULL,,NULL,1,0,2,2,N,N,55,NULL,98,9836,NULL,,Y,37.64021,37,38.413,NULL,-82.25944,82,15.566,NULL,N,NULL,NULL,NULL,NULL,NULL,NULL,NULL,NULL,5,3,2,6,1,1,2,2,7,3,Y,NULL,N,Y,1720,1720,1830,N,NULL,49,2,1,N,,N,N,098-US-0119-0,NULL,NULL,2023,C,7.29071E+11,098-US-0119  -000,HIGH,098-US-0119  -000,22.651,0,0,1,0,0,0,0,0,0,0,0,0,0
72984645,KSP0900,23-486716,20231211,329,,,KY195,,,KY0195,KY0195,0,098 KY-195,KY0195,N,N,NULL,NULL,NULL,N,NULL,NULL,NULL,NULL,NULL,NULL,4.976,NULL,NULL,NULL,NULL,,NULL,1,0,1,1,N,N,35,NULL,98,9818,NULL,,Y,37.31398,37,18.839,NULL,-82.47414,82,28.449,NULL,N,NULL,NULL,NULL,NULL,NULL,NULL,NULL,NULL,9,3,2,3,1,5,2,6,7,3,Y,NULL,N,Y,329,406,430,N,NULL,44,8,0,N,,N,N,098-KY-0195-0,NULL,NULL,2023,B,7.29846E+11,098-KY-0195  -000,HIGH,098-KY-0195  -000,4.981,0,0,1,0,0,0,0,0,0,0,0,1,0
72991133,KSP0900,23-493393,20231216,2303,,,APPALACHIAN,,PLZ,,,0,098 PR-1008,PR1008,Y,N,NULL,NULL,NULL,N,NULL,NULL,NULL,NULL,NULL,NULL,0.147,NULL,NULL,NULL,NULL,,NULL,1,0,2,2,N,N,NULL,NULL,98,9834,NULL,,Y,37.66655,37,39.993,NULL,-82.27557,82,16.534,NULL,N,NULL,NULL,NULL,NULL,NULL,NULL,NULL,NULL,1,97,NULL,6,3,1,2,5,1,3,N,NULL,Y,Y,2303,2354,2303,N,NULL,90,,,N,,N,N,098-PR-1008-0,NULL,NULL,2023,C,7.29911E+11,098-PR-1008  -000,HIGH,098-PR-1008  -000,0.158,0,0,1,0,0,0,1,0,0,0,0,0,0
72970616,980100,2.023E+11,20231109,1201,,,KY3496,,,KY3496,KY3496,0,098 KY-3496,KY3496,N,N,NULL,NULL,NULL,N,NULL,NULL,NULL,NULL,NULL,NULL,0.26,NULL,NULL,NULL,NULL,,NULL,0,0,2,2,N,N,35,NULL,98,9801,NULL,,Y,37.46707,37,28.024,NULL,-82.53206,82,31.924,NULL,N,NULL,NULL,NULL,NULL,NULL,NULL,NULL,NULL,7,3,2,6,1,1,3,2,3,3,N,NULL,Y,N,1201,1205,1205,N,NULL,54,16,0,N,,N,N,098-KY-3496-0,NULL,NULL,2023,O,7.29706E+11,098-KY-3496  -000,HIGH,098-KY-3496  -000,0.261,0,0,0,1,0,0,0,0,0,0,0,1,0
72954363,980100,2.023E+11,20230926,1307,,,CASSIDY,,BLVD,,,,,,Y,N,NULL,NULL,NULL,N,NULL,NULL,NULL,NULL,NULL,NULL,0.29,NULL,NULL,NULL,NULL,,NULL,0,0,2,2,N,Y,NULL,NULL,98,9801,NULL,,Y,37.50497,37,30.298,NULL,-82.53662,82,32.197,NULL,N,NULL,NULL,NULL,NULL,NULL,NULL,NULL,NULL,2,97,1,6,1,1,2,2,1,3,N,NULL,Y,N,1307,1315,,N,NULL,90,,,N,,N,N,,NULL,NULL,2023,O,7.29544E+11,098-CS-1191  -000,MEDIUM,098-CS-1191  -000,0.28,0,0,0,1,0,0,1,0,0,0,0,0,0
72961362,KSP0900,23-429493,20231019,1752,,,US23,,,US0023,US0023,,,,N,N,NULL,NULL,NULL,N,NULL,NULL,NULL,NULL,NULL,NULL,4.766,NULL,NULL,NULL,NULL,,NULL,0,0,1,1,N,N,55,NULL,98,9809,NULL,,Y,37.28205,37,16.923,NULL,-82.56951,82,34.171,NULL,N,NULL,NULL,NULL,NULL,NULL,NULL,NULL,NULL,9,3,4,6,1,1,2,3,6,3,N,NULL,N,N,1752,1826,1900,N,NULL,70,,1,N,,N,N,,NULL,NULL,2023,O,7.29614E+11,098-US-0023  -000,MEDIUM,098-US-0023  -000,4.771,0,0,0,0,0,0,0,0,0,0,0,0,0
72961764,980500,2023AR049,20231020,1051,,,US23,,,US0023,US0023,0,098 US-23,US0023,N,N,NULL,NULL,NULL,N,NULL,NULL,NULL,NULL,NULL,NULL,NULL,NULL,NULL,NULL,NULL,NULL,NULL,0,0,1,1,N,N,45,NULL,98,9807,0.2,N,N,37.53428,37,32.057,NULL,-82.57825,82,34.695,NULL,N,NULL,NULL,NULL,NULL,NULL,NULL,NULL,NULL,9,3,4,6,1,5,6,2,7,3,N,NULL,Y,Y,1051,1051,1051,N,NULL,38,,1,N,,N,N,098-US-0023-0,NULL,NULL,2023,O,7.29618E+11,098-US-0023  -000,HIGH,098-US-0023  -000,29.781,0,0,0,0,0,0,0,0,0,0,0,0,0
72939809,980100,2.023E+11,20230829,1312,,,US23,,,US0023,US0023,0,098 US-23,US0023,N,N,NULL,NULL,NULL,N,NULL,NULL,NULL,NULL,NULL,NULL,20.912,NULL,NULL,NULL,NULL,,NULL,2,0,2,2,N,N,55,NULL,98,9801,NULL,,Y,37.4439,37,26.634,NULL,-82.52477,82,31.486,NULL,N,NULL,NULL,NULL,NULL,NULL,NULL,NULL,NULL,4,3,4,3,1,1,2,2,2,3,Y,NULL,Y,Y,1313,1316,1345,N,NULL,70,,1,N,,N,N,098-US-0023-0,NULL,NULL,2023,B,7.29398E+11,098-US-0023  -000,HIGH,098-US-0023  -000,20.845,0,0,0,1,0,0,1,1,0,0,0,0,0
72976297,980000,23-11-001,20231108,2125,,,POUNDING MILL,,RD,,,,,,N,N,NULL,NULL,NULL,N,NULL,NULL,NULL,NULL,NULL,NULL,0.007,NULL,NULL,NULL,NULL,,NULL,3,0,2,2,N,N,35,NULL,98,9804,NULL,,Y,37.56374,37,33.824,NULL,-82.14606,82,8.764,NULL,N,NULL,NULL,NULL,NULL,NULL,NULL,NULL,NULL,5,3,2,6,1,1,3,4,7,3,Y,NULL,Y,N,2125,214,,N,NULL,46,,,Y,,N,N,,NULL,NULL,2023,B,7.29763E+11,098-CR-1526  -000,MEDIUM,098-CR-1526  -000,0.006,0,0,0,1,0,0,0,1,1,1,0,0,0
72982190,KSP0900,23-471750,20231126,1922,,,UPPER JOHNS,,CRK,KY0632,KY0632,0,098 KY-632,KY0632,N,N,NULL,NULL,NULL,N,NULL,NULL,NULL,NULL,NULL,NULL,5.441,NULL,NULL,NULL,NULL,,NULL,0,0,1,1,N,N,55,NULL,98,9817,NULL,,Y,37.48974,37,29.385,NULL,-82.26772,82,16.063,NULL,N,NULL,NULL,NULL,NULL,NULL,NULL,NULL,NULL,9,97,2,5,1,1,2,6,7,3,N,NULL,Y,N,1922,2006,2100,N,NULL,70,6,0,N,,N,N,098-KY-0632-0,NULL,NULL,2023,O,7.29822E+11,098-KY-0632  -000,HIGH,098-KY-0632  -000,5.484,0,0,0,0,0,0,1,0,0,1,0,1,0
72964833,980100,2.023E+11,20231027,1842,,,ADAMS,,LN,,,,,,Y,N,NULL,NULL,NULL,N,NULL,NULL,NULL,NULL,NULL,NULL,0.191,NULL,NULL,NULL,NULL,,NULL,0,0,1,1,N,N,NULL,NULL,98,9801,NULL,,Y,37.48535,37,29.121,NULL,-82.54558,82,32.735,NULL,N,NULL,NULL,NULL,NULL,NULL,NULL,NULL,NULL,9,97,1,6,1,1,3,3,1,3,N,NULL,Y,N,1844,1847,,N,NULL,90,,,N,,N,N,,NULL,NULL,2023,O,7.29648E+11,098-CS-1182  -000,MEDIUM,098-CS-1182  -000,0.125,0,0,0,0,0,0,1,0,0,0,0,1,0
72927565,980100,2.023E+11,20230721,2028,,,CASSIDY,,BLVD,,,0,098 CS-1191,CS1191,N,N,NULL,NULL,NULL,N,NULL,NULL,NULL,NULL,NULL,NULL,0.26,NULL,NULL,NULL,NULL,,NULL,0,0,2,2,N,N,25,NULL,98,9801,NULL,,Y,37.50462,37,30.277,NULL,-82.53609,82,32.166,NULL,N,NULL,NULL,NULL,NULL,NULL,NULL,NULL,NULL,1,3,4,6,1,1,2,1,1,3,N,NULL,Y,N,2028,2040,2040,N,NULL,55,,,N,,N,N,098-CS-1191-0,NULL,NULL,2023,O,7.29276E+11,098-CS-1191  -000,HIGH,098-CS-1191  -000,0.242,0,0,0,0,0,0,1,0,0,0,0,0,0
72911686,980500,2023AR030,20230613,1650,,,US23,,,US0023,US0023,0,098 US-23-10,US0023,N,N,NULL,NULL,NULL,N,NULL,NULL,NULL,NULL,NULL,NULL,28.05,NULL,NULL,NULL,NULL,,NULL,0,0,2,2,N,N,55,NULL,98,9807,NULL,,Y,37.51532,37,30.919,NULL,-82.55926,82,33.555,NULL,N,NULL,NULL,NULL,NULL,NULL,NULL,NULL,NULL,5,3,4,6,1,1,2,2,1,3,N,NULL,Y,Y,1650,1700,,N,NULL,49,,1,N,,N,N,098-US-0023-10,NULL,NULL,2023,O,7.29117E+11,098-US-0023  -010,HIGH,098-US-0023  -000,28.054,0,0,0,0,0,0,1,0,0,0,0,0,0
72961765,980500,2023AR050,20231020,1209,,,RIGHT FORK OF COWPEN,,RD,,,0,098 CR-1321Q4,CR1321Q4,N,N,NULL,NULL,NULL,N,NULL,NULL,NULL,NULL,NULL,NULL,NULL,NULL,NULL,NULL,NULL,NULL,NULL,0,0,1,1,N,N,35,NULL,98,9807,NULL,,Y,37.54545,37,32.727,NULL,-82.56052,82,33.631,NULL,N,NULL,NULL,NULL,NULL,NULL,NULL,NULL,NULL,9,3,1,6,1,5,6,2,7,3,Y,NULL,Y,Y,1209,1215,1318,Y,NULL,70,,,N,,N,N,098-CR-1321Q4-0,NULL,NULL,2023,O,7.29618E+11,098-CR-1321Q4-000,MEDIUM,098-CR-1321Q4-000,0,0,0,1,0,0,0,1,1,0,0,0,0,0
72924245,KSP0900,23-324240,20230714,651,,,US119,,,US0119,US0119,0,098 US-119,US0119,N,N,NULL,NULL,NULL,N,NULL,NULL,NULL,NULL,NULL,NULL,11.24,NULL,NULL,NULL,NULL,,NULL,0,0,1,1,N,N,55,NULL,98,9820,NULL,,Y,37.59023,37,35.414,NULL,-82.38641,82,23.184,NULL,N,NULL,NULL,NULL,NULL,NULL,NULL,NULL,NULL,9,3,2,3,1,5,3,2,7,3,N,NULL,N,N,651,722,745,N,NULL,44,2,1,N,,N,N,098-US-0119-0,NULL,NULL,2023,O,7.29242E+11,098-US-0119  -000,HIGH,098-US-0119  -000,11.204,0,0,0,0,0,0,1,0,0,0,0,1,0
72977039,980100,2.023E+11,20231119,1301,,2138,US23,,,US0023,US0023,0,098 US-23-10,US0023,Y,N,NULL,NULL,NULL,N,NULL,NULL,NULL,NULL,NULL,NULL,19.061,NULL,NULL,NULL,NULL,,NULL,0,0,2,2,N,N,35,NULL,98,9801,NULL,,Y,37.44189,37,26.514,NULL,-82.50634,82,30.38,NULL,N,NULL,NULL,NULL,NULL,NULL,NULL,NULL,NULL,2,97,4,6,1,1,2,2,1,3,N,NULL,Y,N,1301,1311,1311,N,NULL,90,,1,N,,N,N,098-US-0023-10,NULL,NULL,2023,O,7.2977E+11,098-US-0023  -010,HIGH,098-US-0023  -000,19.044,0,0,0,0,0,0,1,0,0,0,0,0,0
72978726,KSP0900,23-466161,20231121,1310,,,TOLER,,RD,KY0319,KY0319,0,098 KY-319,KY0319,N,N,NULL,NULL,NULL,N,NULL,NULL,NULL,NULL,NULL,NULL,5.674,NULL,NULL,NULL,NULL,,NULL,0,0,1,1,N,N,45,NULL,98,9842,NULL,,Y,37.62929,37,37.757,NULL,-82.2489,82,14.934,NULL,N,NULL,NULL,NULL,NULL,NULL,NULL,NULL,NULL,9,3,2,3,1,5,6,2,7,3,N,NULL,Y,N,1311,1315,1330,N,NULL,44,7,0,N,,N,N,098-KY-0319-0,NULL,NULL,2023,O,7.29787E+11,098-KY-0319  -000,HIGH,098-KY-0319  -000,5.741,0,0,0,1,0,0,0,0,0,0,0,1,0
72954364,980100,2.023E+11,20230926,1516,,,US23,,,US0023,US0023,,,,N,Y,TOLLAGE,,CRK,N,NULL,NULL,NULL,NULL,NULL,NULL,26.912,NULL,NULL,NULL,NULL,,NULL,0,0,2,2,N,N,55,NULL,98,9801,NULL,,Y,37.50995,37,30.597,NULL,-82.53951,82,32.37,NULL,N,NULL,NULL,NULL,NULL,NULL,NULL,NULL,NULL,1,3,4,6,1,1,2,2,7,2,N,NULL,Y,N,1516,1519,,N,NULL,10,,1,N,,N,N,,NULL,NULL,2023,O,7.29544E+11,098-US-0023  -000,MEDIUM,098-US-0023  -000,26.853,0,0,0,1,0,0,1,1,0,0,1,0,0
72970888,980100,2.023E+11,20231107,1223,,,CASSIDY,,BLVD,,,0,098 CS-1191,CS1191,N,N,NULL,NULL,NULL,N,NULL,NULL,NULL,NULL,NULL,NULL,0.31,NULL,NULL,NULL,NULL,,NULL,0,0,2,2,N,N,35,NULL,98,9801,NULL,,Y,37.50518,37,30.311,NULL,-82.53704,82,32.222,NULL,N,NULL,NULL,NULL,NULL,NULL,NULL,NULL,NULL,1,3,3,6,1,1,2,2,1,3,N,NULL,Y,N,1223,1234,1247,N,NULL,55,,,N,,N,N,098-CS-1191-0,NULL,NULL,2023,O,7.29709E+11,098-CS-1191  -000,HIGH,098-CS-1191  -000,0.307,0,0,0,0,0,0,1,0,0,0,0,0,0
72887825,980100,2.023E+11,20230408,1052,,,OWSLEY,,RD,KY1384,KY1384,0,098 KY-1384,KY1384,N,N,NULL,NULL,NULL,N,NULL,NULL,NULL,NULL,NULL,NULL,6.132,NULL,NULL,NULL,NULL,,NULL,0,0,2,2,N,N,35,NULL,98,9801,NULL,,Y,37.47589,37,28.554,NULL,-82.55387,82,33.232,NULL,N,NULL,NULL,NULL,NULL,NULL,NULL,NULL,NULL,7,5,2,3,1,1,2,2,6,3,N,NULL,Y,N,1052,1057,1244,Y,NULL,51,17,0,Y,,N,N,098-KY-1384-0,NULL,NULL,2023,O,7.28878E+11,098-KY-1384  -000,HIGH,098-KY-1384  -000,6.133,0,0,0,0,0,0,1,0,1,0,0,1,0
72956865,KSP0900,23-415870,20231006,1623,,,TOLER,,RD,KY0319,KY0319,0,098 KY-319,KY0319,N,N,NULL,NULL,NULL,N,NULL,NULL,NULL,NULL,NULL,NULL,5.732,NULL,NULL,NULL,NULL,,NULL,0,0,1,1,N,N,45,NULL,98,9842,NULL,,Y,37.62914,37,37.748,NULL,-82.24892,82,14.935,NULL,N,NULL,NULL,NULL,NULL,NULL,NULL,NULL,NULL,9,3,2,3,1,5,6,2,7,3,N,NULL,Y,N,1623,1645,1623,N,NULL,44,7,0,N,,N,N,098-KY-0319-0,NULL,NULL,2023,O,7.29569E+11,098-KY-0319  -000,HIGH,098-KY-0319  -000,5.733,0,0,1,0,0,0,0,0,0,0,0,1,0
72934900,KSP0900,23-356138,20230812,0,,,KY194,E,,KY0194,KY0194,0,098 KY-194,KY0194,N,N,NULL,NULL,NULL,N,NULL,NULL,NULL,NULL,NULL,NULL,67.033,NULL,NULL,NULL,NULL,,NULL,0,0,1,1,N,N,35,NULL,98,9811,NULL,,Y,37.51896,37,31.137,NULL,-82.09541,82,5.724,NULL,N,NULL,NULL,NULL,NULL,NULL,NULL,NULL,NULL,9,3,2,3,1,1,2,6,7,3,N,NULL,N,N,158,244,308,N,NULL,44,7,0,N,,N,N,098-KY-0194-0,NULL,NULL,2023,O,7.29349E+11,098-KY-0194  -000,HIGH,098-KY-0194  -000,67.045,0,0,0,0,0,0,0,0,0,0,0,1,0
72960136,980100,2.023E+11,20231017,1449,,,CASSIDY,,BLVD,,,0,098 CS-1191,CS1191,Y,N,NULL,NULL,NULL,N,NULL,NULL,NULL,NULL,NULL,NULL,0.349,NULL,NULL,NULL,NULL,,NULL,0,0,2,2,N,N,15,NULL,98,9801,NULL,,Y,37.50515,37,30.309,NULL,-82.53782,82,32.269,NULL,N,NULL,NULL,NULL,NULL,NULL,NULL,NULL,NULL,2,97,2,6,1,1,3,2,1,3,N,NULL,Y,N,1449,1454,1454,N,NULL,90,,,N,,N,N,098-CS-1191-0,NULL,NULL,2023,O,7.29601E+11,098-CS-1191  -000,HIGH,098-CS-1191  -000,0.352,0,0,1,0,0,0,1,0,0,0,0,0,0
72936217,KSP0900,23-362497,20230818,655,,,US460,,,US0460,US0460,,,,N,N,NULL,NULL,NULL,N,NULL,NULL,NULL,NULL,NULL,NULL,2.678,NULL,NULL,NULL,NULL,,NULL,2,0,2,1,N,N,55,NULL,98,9801,NULL,,Y,37.43136,37,25.882,NULL,-82.48094,82,28.856,NULL,N,NULL,NULL,NULL,NULL,NULL,NULL,NULL,NULL,5,3,2,6,1,1,2,2,7,3,N,NULL,Y,Y,655,707,707,N,NULL,49,,1,N,,N,N,,NULL,NULL,2023,B,7.29362E+11,098-US-0460  -000,HIGH,098-US-0460  -000,2.678,0,0,0,1,0,0,0,0,0,0,0,0,0
72921161,980100,2.023E+11,20230708,1232,,,US23,,,US0023,US0023,0,098 US-23,US0023,N,N,NULL,NULL,NULL,N,NULL,NULL,NULL,NULL,NULL,NULL,26.214,NULL,NULL,NULL,NULL,,NULL,0,0,2,2,N,N,55,NULL,98,9801,NULL,,Y,37.50268,37,30.161,NULL,-82.53201,82,31.921,NULL,N,NULL,NULL,NULL,NULL,NULL,NULL,NULL,NULL,8,3,4,6,1,1,2,2,1,3,N,NULL,Y,N,1232,1233,1233,N,NULL,53,,1,N,,N,N,098-US-0023-0,NULL,NULL,2023,O,7.29212E+11,098-US-0023  -000,HIGH,098-US-0023  -000,26.152,0,0,0,1,0,0,0,0,0,0,0,1,0
72925319,980100,2.023E+11,20230721,1700,,117,BAIRD,,AVE,KY1426,KY1426,,,,N,N,NULL,NULL,NULL,N,NULL,NULL,NULL,NULL,NULL,NULL,5.392,NULL,NULL,NULL,NULL,,NULL,0,0,2,2,N,N,35,NULL,98,9801,NULL,,Y,37.47322,37,28.393,NULL,-82.52712,82,31.627,NULL,N,NULL,NULL,NULL,NULL,NULL,NULL,NULL,NULL,1,3,4,6,1,1,2,2,1,3,N,NULL,Y,N,1701,1710,1710,N,NULL,55,,0,N,,N,N,,NULL,NULL,2023,O,7.29253E+11,098-KY-1426  -000,MEDIUM,098-KY-1426  -000,5.399,0,0,0,0,0,0,0,1,0,0,0,0,0
72988195,KSP0900,23-491987,20231215,1750,,,GRAPEVINE,,RD,KY0194,KY0194,0,098 KY-194,KY0194,N,N,NULL,NULL,NULL,N,NULL,NULL,NULL,NULL,NULL,NULL,34.412,NULL,NULL,NULL,NULL,,NULL,0,0,1,1,N,N,35,NULL,98,9849,NULL,,Y,37.45194,37,27.116,NULL,-82.31605,82,18.963,NULL,N,NULL,NULL,NULL,NULL,NULL,NULL,NULL,NULL,9,3,2,6,1,2,2,6,7,3,N,NULL,Y,N,1800,1840,1840,Y,NULL,40,7,0,N,,N,N,098-KY-0194-0,NULL,NULL,2023,O,7.29882E+11,098-KY-0194  -000,HIGH,098-KY-0194  -000,34.416,0,0,1,0,0,0,0,0,0,0,0,1,0
72979940,370200,2023-475503,20231130,1239,,,RIGHT FORK OF BRUSHY,,RD,,,0,098 CR-1360Q4,CR1360Q4,N,N,NULL,NULL,NULL,N,NULL,NULL,NULL,NULL,NULL,NULL,0.335,NULL,NULL,NULL,NULL,,NULL,0,0,2,2,N,N,35,NULL,98,9853,NULL,,Y,37.66035,37,39.621,NULL,-82.4792,82,28.752,NULL,N,NULL,NULL,NULL,NULL,NULL,NULL,NULL,NULL,7,3,1,3,1,1,2,2,7,3,N,NULL,Y,N,1242,1335,1415,N,NULL,54,,,N,,N,N,098-CR-1360Q4-0,NULL,NULL,2023,O,7.29799E+11,098-CR-1360Q4-000,HIGH,098-CR-1360Q4-000,0.304,0,1,0,1,0,0,0,0,0,0,0,1,0
72934359,980100,2.023E+11,20230809,1349,,215,CASSIDY,,BLVD,,,0,098 CS-1191,CS1191,Y,N,NULL,NULL,NULL,N,NULL,NULL,NULL,NULL,NULL,NULL,0.282,NULL,NULL,NULL,NULL,,NULL,0,0,3,3,N,N,NULL,NULL,98,9801,NULL,,Y,37.50488,37,30.293,NULL,-82.53647,82,32.188,NULL,N,NULL,NULL,NULL,NULL,NULL,NULL,NULL,NULL,2,97,NULL,6,1,1,2,2,5,3,N,NULL,Y,N,1349,1357,1357,N,NULL,90,,,N,,N,N,098-CS-1191-0,NULL,NULL,2023,O,7.29344E+11,098-CS-1191  -000,HIGH,098-CS-1191  -000,0.27,0,0,0,1,0,0,0,0,0,1,0,0,0
72954063,980000,23-09-005,20230930,2240,,,COLLINS,,HWY,KY0122,KY0122,0,098 KY-122,KY0122,N,N,NULL,NULL,NULL,N,NULL,NULL,NULL,NULL,NULL,NULL,15.576,NULL,NULL,NULL,NULL,,NULL,0,0,1,1,N,N,45,NULL,98,9824,NULL,,Y,37.42149,37,25.29,NULL,-82.49934,82,29.96,NULL,N,NULL,NULL,NULL,NULL,NULL,NULL,NULL,NULL,9,97,2,4,1,1,2,4,6,3,N,NULL,Y,N,2240,2240,,N,NULL,70,,0,N,,N,N,098-KY-0122-0,NULL,NULL,2023,O,7.29541E+11,098-KY-0122  -000,HIGH,098-KY-0122  -000,15.572,0,0,0,0,0,0,1,0,0,0,0,0,0
72896704,980500,2023AR020,20230504,2120,,,US23,,,US0023,US0023,0,098 US-23-10,US0023,N,Y,WEDDINGTON BRANCH,,RD,N,NULL,NULL,NULL,NULL,NULL,NULL,28.894,NULL,NULL,NULL,NULL,,NULL,0,0,2,2,N,N,45,NULL,98,9807,NULL,,Y,37.5225,37,31.35,NULL,-82.57056,82,34.234,NULL,N,NULL,NULL,NULL,NULL,NULL,NULL,NULL,NULL,8,3,4,6,1,1,2,5,1,3,N,NULL,Y,Y,2120,2120,,N,NULL,19,,1,N,,N,N,098-US-0023-10,NULL,NULL,2023,O,7.28967E+11,098-US-0023  -010,HIGH,098-US-0023  -000,28.861,0,0,0,1,0,0,0,1,0,0,1,0,0
72943310,980100,2.023E+11,20230903,1825,,,US119,,,US0119,US0119,0,098 US-119-10,US0119,N,N,NULL,NULL,NULL,N,NULL,NULL,NULL,NULL,NULL,NULL,3.112,NULL,NULL,NULL,NULL,,NULL,1,0,1,1,N,N,55,NULL,98,9801,0.5,N,N,37.51411,37,30.847,NULL,-82.47954,82,28.772,NULL,N,NULL,NULL,NULL,NULL,NULL,NULL,NULL,NULL,9,4,2,4,1,1,2,2,7,3,Y,NULL,Y,Y,1825,1830,1922,N,NULL,51,2,1,N,,N,N,098-US-0119-10,NULL,NULL,2023,C,7.29433E+11,098-US-0119  -010,HIGH,098-US-0119  -000,3.112,0,0,1,0,0,0,0,0,0,0,0,1,0
72907167,980100,2.023E+11,20230602,1352,,,CASSIDY,,BLVD,,,0,098 CS-1191,CS1191,N,N,NULL,NULL,NULL,N,NULL,NULL,NULL,NULL,NULL,NULL,0.044,NULL,NULL,NULL,NULL,,NULL,0,0,2,2,N,N,25,NULL,98,9801,NULL,,Y,37.5037,37,30.222,NULL,-82.53288,82,31.973,NULL,N,NULL,NULL,NULL,NULL,NULL,NULL,NULL,NULL,5,3,2,6,1,1,2,2,1,3,N,NULL,Y,N,1352,1359,1359,N,NULL,49,,,N,,N,N,098-CS-1191-0,NULL,NULL,2023,O,7.29072E+11,098-CS-1191  -000,HIGH,098-CS-1191  -000,0.042,0,0,0,1,0,0,0,0,0,0,0,0,0
72965176,980100,2.023E+11,20231027,1534,,,US119,,,US0119,US0119,0,098 US-119-10,US0119,N,N,NULL,NULL,NULL,N,NULL,NULL,NULL,NULL,NULL,NULL,0.236,NULL,NULL,NULL,NULL,,NULL,1,0,2,2,N,N,55,NULL,98,9801,NULL,,Y,37.50487,37,30.292,NULL,-82.52805,82,31.683,NULL,N,NULL,NULL,NULL,NULL,NULL,NULL,NULL,NULL,5,3,2,6,1,1,2,2,1,3,Y,NULL,N,Y,1534,1539,1609,N,NULL,49,2,1,N,,N,N,098-US-0119-10,NULL,NULL,2023,C,7.29652E+11,098-US-0119  -010,HIGH,098-US-0119  -000,0.236,0,0,0,0,0,0,1,0,0,0,0,0,0
72967894,980100,2.023E+11,20231031,1015,,,CASSIDY,,BLVD,,,,,,Y,N,NULL,NULL,NULL,N,NULL,NULL,NULL,NULL,NULL,NULL,0.273,NULL,NULL,NULL,NULL,,NULL,0,0,2,2,N,N,NULL,NULL,98,9801,NULL,,Y,37.50478,37,30.287,NULL,-82.53632,82,32.179,NULL,N,NULL,NULL,NULL,NULL,NULL,NULL,NULL,NULL,2,97,1,6,1,1,2,2,1,3,N,NULL,Y,N,1015,1020,,N,NULL,90,,,N,,N,N,,NULL,NULL,2023,O,7.29679E+11,098-CS-1191  -000,MEDIUM,098-CS-1191  -000,0.259,0,0,0,1,0,0,1,0,0,0,0,0,0