MasterFile,AgencyORINumber,LocalCode,CollisionDate,CollisionTime,CollisionDayWeekCode,RoadwayName_HouseBusinessNumber_,RoadwayName_RoadwayName_,RoadwayName_Direction_,RoadwayName_RoadwaySuffix_,RoadwayfromReport,CurrentRoadwayNumber,RoadwayNumberCoupletID,RSEUniqueGIS,RoadwayIdentifier,ParkingLotIndicator,IntersectionWith_Indicator_,IntersectionWith_NameRoadway_,IntersectionWith_Direction_,IntersectionWith_RoadwaySuffix_,BetweenStreets_Indicator_,BetweenStreets1_NameRoadway_,BetweenStreet1_Direction_,BetweenStreets1_RoadwaySuffix_,BetweenStreets2_NameRoadway_,BetweenStreets2_Direction_,BetweenStreets2_RoadwaySuffix_,Milepoint,ReportMilepointDeriveNumber,CurrentDerivedMiepointNumber,MilestoMilepoint,FeettoMilepoint,DirectionfromMilepoint_NSEW_,ValidMilepointIndicator,NumberInjured,NumberKilled,ofUnits,ofMotorVehicleUnits,Hit&RunIndicator,OneWayIndicator,SpeedLimitNumber,KilometersIndicator,CountyCode,CityCountyCode,MilesFromCity,DirectionFromCity_NSEW_,InCityLimitsIndicator,Latitude,LatitudeDegrees,LatitudeMinutes,LatitudeSeconds,Longitude,LongitudeDegrees,LongitudeMinutes,LongitudeSeconds,RampIndicator,RampFromIdentifier,RampFromDirCode,RampFromCoupletID,RSEUniqueGISRampFrom,RampToidentifier,RampToDirCode,RampToCoupletID,RSEUniqueGisRampTo,MannerofCollisionCode,LocationFirstEventCode,TotalLanes,RoadwayCharacterCode,RoadwaySurfaceCode,RoadwayConditionCode,WeatherCode,LightConditionCode,LandUseCode,SchoolBusRelatedCode,FirstAidSceneIndicator,CollDescPresentInd,InvestigationCompleteIndicator,PhotosTakenIndicator,TimeNotified,TimeArrived,TimeRoadwayOpened,PropertyDamageIndicator,DiagramPresentIndicator,DirectionalAnalysis,FunctionClassCode,NationalHwySysCode,EnforcementsIndicator,KARSCityCode,SecondaryCollisionIndicator,MedianCrossoverIndicator,RT_UNIQUE,MapIt,TimeLastLeft,YR,KABCO,MFNY,WorkingRID,RT_CONFIDENCE,KTC_RT,KTC_MP,Motorcyclist,CommercialVehicle,YoungDriver,MatureDriver,pedestrian,Bicyclist,Distracted,agressive,Impaired,Unrestrained,Intersection,RoadwayDeparture,MedXover
72965015,KSP0900,23-417576,20231008,1314,,,SOOKEYS,W,CRK,,,,,,N,N,NULL,NULL,NULL,N,NULL,NULL,NULL,NULL,NULL,NULL,1.576,NULL,NULL,NULL,NULL,,NULL,0,0,1,1,N,N,25,NULL,98,9801,4,S,N,37.40654,37,24.392,NULL,-82.53952,82,32.371,NULL,N,NULL,NULL,NULL,NULL,NULL,NULL,NULL,NULL,9,3,1,6,1,1,2,2,6,3,N,NULL,Y,N,1314,1331,1329,N,NULL,40,,,Y,,N,N,,NULL,NULL,2023,O,7.2965E+11,098-CR-1282  -000,HIGH,098-CR-1282  -000,1.576,0,0,0,0,0,0,0,0,0,0,0,1,0
72979408,KSP0900,23-474714,20231129,1643,,,CASSIDY,,BLVD,,,,,,N,N,NULL,NULL,NULL,N,NULL,NULL,NULL,NULL,NULL,NULL,0.332,NULL,NULL,NULL,NULL,,NULL,0,0,2,2,N,N,25,NULL,98,9801,NULL,,Y,37.50531,37,30.318,NULL,-82.53754,82,32.253,NULL,N,NULL,NULL,NULL,NULL,NULL,NULL,NULL,NULL,5,3,2,4,1,1,2,2,1,3,N,NULL,N,N,1643,1700,1730,N,NULL,70,,,N,,N,N,,NULL,NULL,2023,O,7.29794E+11,098-CS-1191  -000,MEDIUM,098-CS-1191  -000,0.335,0,0,0,0,0,0,0,0,0,0,0,0,0
72976169,KSP0900,23-415777,20231006,1509,,,KY194,,,KY0194,KY0194,0,098 KY-194,KY0194,N,N,NULL,NULL,NULL,N,NULL,NULL,NULL,NULL,NULL,NULL,26.069,NULL,NULL,NULL,NULL,,NULL,2,0,2,2,N,N,55,NULL,98,9817,NULL,,Y,37.50249,37,30.15,NULL,-82.35824,82,21.495,NULL,N,NULL,NULL,NULL,NULL,NULL,NULL,NULL,NULL,1,3,2,3,1,5,6,2,7,3,Y,NULL,N,Y,1509,1626,1626,N,NULL,55,6,0,N,,N,N,098-KY-0194-0,NULL,NULL,2023,B,7.29762E+11,098-KY-0194  -000,HIGH,098-KY-0194  -000,26.072,0,0,0,1,0,0,0,0,0,0,0,0,0
72892997,980100,2.023E+11,20230426,1610,,,RIVERVIEW,,DR,,,0,098 CS-1149,CS1149,N,N,NULL,NULL,NULL,N,NULL,NULL,NULL,NULL,NULL,NULL,0.206,NULL,NULL,NULL,NULL,,NULL,0,0,2,2,N,N,15,NULL,98,9801,NULL,,Y,37.48437,37,29.062,NULL,-82.53129,82,31.877,NULL,N,NULL,NULL,NULL,NULL,NULL,NULL,NULL,NULL,8,3,1,6,1,1,2,2,6,3,N,NULL,Y,N,1610,1614,,N,NULL,47,,,N,,N,N,098-CS-1149-0,NULL,NULL,2023,O,7.2893E+11,098-CS-1149  -000,HIGH,098-CS-1149  -000,0.205,0,0,0,0,0,0,1,0,0,0,0,0,0
72977748,980100,2.023E+11,20231124,1650,,,CASSIDY,,BLVD,,,,,,Y,N,NULL,NULL,NULL,N,NULL,NULL,NULL,NULL,NULL,NULL,0.273,NULL,NULL,NULL,NULL,,NULL,0,0,2,2,N,N,NULL,NULL,98,9801,NULL,,Y,37.50493,37,30.296,NULL,-82.53632,82,32.18,NULL,N,NULL,NULL,NULL,NULL,NULL,NULL,NULL,NULL,2,97,NULL,6,1,1,2,2,1,3,N,NULL,Y,N,1650,1657,1712,N,NULL,90,,,N,,N,N,,NULL,NULL,2023,O,7.29777E+11,098-CS-1191  -000,MEDIUM,098-CS-1191  -000,0.266,0,0,0,1,0,0,1,0,0,0,0,0,0
72954054,980100,2.023E+11,20231002,1404,,,US23,,,US0023,US0023,0,098 US-23-10,US0023,N,N,NULL,NULL,NULL,N,NULL,NULL,NULL,NULL,NULL,NULL,26.754,NULL,NULL,NULL,NULL,,NULL,1,0,1,1,N,N,55,NULL,98,9801,NULL,,Y,37.5088,37,30.528,NULL,-82.5372,82,32.232,NULL,N,NULL,NULL,NULL,NULL,NULL,NULL,NULL,NULL,9,5,4,6,1,1,2,2,2,3,Y,NULL,Y,Y,1404,1410,1620,N,NULL,44,,1,N,,N,Y,098-US-0023-10,NULL,NULL,2023,B,7.29541E+11,098-US-0023  -010,HIGH,098-US-0023  -000,26.698,0,1,0,0,0,0,0,0,0,0,0,1,0
72930232,KSP0900,23-347048,20230803,1840,,,KY3154,,,KY3154,KY3154,0,098 KY-3154,KY3154,N,N,NULL,NULL,NULL,N,NULL,NULL,NULL,NULL,NULL,NULL,2.59,NULL,NULL,NULL,NULL,,NULL,0,0,2,2,Y,N,35,NULL,98,9833,NULL,,Y,37.60714,37,36.428,NULL,-82.32906,82,19.744,NULL,N,NULL,NULL,NULL,NULL,NULL,NULL,NULL,NULL,8,3,2,6,1,1,3,2,7,3,N,NULL,Y,N,1843,1900,1843,N,NULL,53,9,0,N,,N,N,098-KY-3154-0,NULL,NULL,2023,O,7.29302E+11,098-KY-3154  -000,HIGH,098-KY-3154  -000,2.591,0,0,0,0,0,0,0,0,0,0,0,1,0
72983512,KSP0800,2023-484594,20231208,1924,,,US119,,,US0119,US0119,0,098 US-119,US0119,N,N,NULL,NULL,NULL,N,NULL,NULL,NULL,NULL,NULL,NULL,24.99,NULL,NULL,NULL,NULL,,NULL,0,0,2,2,N,N,55,NULL,98,9836,NULL,,Y,37.66809,37,40.086,NULL,-82.27715,82,16.629,NULL,N,NULL,NULL,NULL,NULL,NULL,NULL,NULL,NULL,5,3,4,6,1,1,2,5,1,3,N,NULL,Y,N,1924,1926,1926,N,NULL,49,2,1,N,,N,N,098-US-0119-0,NULL,NULL,2023,O,7.29835E+11,098-US-0119  -000,HIGH,098-US-0119  -000,24.99,0,0,1,0,0,0,1,0,0,0,0,0,0
72950958,KSP0900,23-398025,20230919,1659,,,BIG CREEK,E,RD,KY3220,KY3220,0,098 KY-3220,KY3220,Y,N,NULL,NULL,NULL,N,NULL,NULL,NULL,NULL,NULL,NULL,0.938,NULL,NULL,NULL,NULL,,NULL,0,0,2,2,N,N,10,NULL,98,9833,NULL,,Y,37.62011,37,37.206,NULL,-82.35265,82,21.159,NULL,N,NULL,NULL,NULL,NULL,NULL,NULL,NULL,NULL,2,97,2,6,1,1,2,2,1,3,N,NULL,Y,N,1659,1800,1800,N,NULL,90,8,0,N,,N,N,098-KY-3220-0,NULL,NULL,2023,O,7.2951E+11,098-KY-3220  -000,HIGH,098-KY-3220  -000,0.938,0,0,0,0,0,0,0,0,0,0,0,0,0
72970653,KSP0900,23-443057,20231101,1537,,,ZEBULON,,HWY,KY1426,KY1426,0,098 KY-1426,KY1426,N,N,NULL,NULL,NULL,N,NULL,NULL,NULL,NULL,NULL,NULL,12.192,NULL,NULL,NULL,NULL,,NULL,3,0,2,2,N,N,35,NULL,98,9850,NULL,,Y,37.53846,37,32.308,NULL,-82.46839,82,28.103,NULL,N,NULL,NULL,NULL,NULL,NULL,NULL,NULL,NULL,3,3,2,6,1,1,2,2,7,3,Y,NULL,Y,Y,1537,1600,1630,N,NULL,52,7,0,N,,N,N,098-KY-1426-0,NULL,NULL,2023,B,7.29707E+11,098-KY-1426  -000,HIGH,098-KY-1426  -000,12.192,0,0,1,0,0,0,0,0,0,0,0,1,0
72947205,980100,2.023E+11,20230915,1811,,,KY3496,,,KY3496,KY3496,,,,Y,N,NULL,NULL,NULL,N,NULL,NULL,NULL,NULL,NULL,NULL,0.251,NULL,NULL,NULL,NULL,,NULL,0,0,2,2,N,N,NULL,NULL,98,9801,NULL,,Y,37.46676,37,28.006,NULL,-82.53244,82,31.946,NULL,N,NULL,NULL,NULL,NULL,NULL,NULL,NULL,NULL,2,97,NULL,6,1,1,2,2,1,3,N,NULL,Y,N,1811,1816,1831,N,NULL,90,16,0,N,,N,N,,NULL,NULL,2023,O,7.29472E+11,098-KY-3496  -000,HIGH,098-KY-3496  -000,0.263,0,0,0,0,0,0,1,0,0,0,0,0,0
72906858,KSP0900,23-210470,20230603,959,,,US460,,,US0460,US0460,,,,N,N,NULL,NULL,NULL,N,NULL,NULL,NULL,NULL,NULL,NULL,2.773,NULL,NULL,NULL,NULL,,NULL,0,0,1,1,N,N,45,NULL,98,9824,NULL,,Y,37.43063,37,25.837,NULL,-82.47941,82,28.765,NULL,N,NULL,NULL,NULL,NULL,NULL,NULL,NULL,NULL,9,3,2,6,1,1,2,2,7,3,N,NULL,Y,N,959,1022,1040,N,NULL,40,,1,N,,N,N,,NULL,NULL,2023,O,7.29069E+11,098-US-0460  -000,HIGH,098-US-0460  -000,2.773,0,0,0,0,0,0,0,0,0,0,0,1,0
72945614,980100,2.023E+11,20230908,649,,911,BYPASS,S,RD,KY1426,KY1426,0,098 KY-1426,KY1426,Y,N,NULL,NULL,NULL,N,NULL,NULL,NULL,NULL,NULL,NULL,5.67,NULL,NULL,NULL,NULL,,NULL,0,0,2,2,N,N,55,NULL,98,9801,NULL,,Y,37.47268,37,28.361,NULL,-82.52321,82,31.393,NULL,N,NULL,NULL,NULL,NULL,NULL,NULL,NULL,NULL,2,97,2,6,1,1,2,1,1,3,N,NULL,Y,N,649,653,653,N,NULL,90,,0,N,,N,N,098-KY-1426-0,NULL,NULL,2023,O,7.29456E+11,098-KY-1426  -000,HIGH,098-KY-1426  -000,5.67,0,0,0,0,0,0,1,0,0,0,0,0,0
72963974,980100,2.023E+11,20231025,2047,,624,CHLOE,,RD,KY1460,KY1460,0,098 KY-1460,KY1460,N,N,NULL,NULL,NULL,N,NULL,NULL,NULL,NULL,NULL,NULL,3.788,NULL,NULL,NULL,NULL,,NULL,0,0,1,1,N,N,35,NULL,98,9801,NULL,,Y,37.47721,37,28.632,NULL,-82.49305,82,29.583,NULL,N,NULL,NULL,NULL,NULL,NULL,NULL,NULL,NULL,9,3,2,1,1,1,2,6,1,3,N,NULL,Y,N,2048,2052,2052,Y,NULL,40,,0,N,,N,N,098-KY-1460-0,NULL,NULL,2023,O,7.2964E+11,098-KY-1460  -000,HIGH,098-KY-1460  -000,3.754,0,0,0,0,0,0,0,0,0,0,0,1,0
72930957,980100,2.023E+11,20230725,146,,,BYPASS,S,RD,KY1426,KY1426,0,098 KY-1426,KY1426,N,N,NULL,NULL,NULL,N,NULL,NULL,NULL,NULL,NULL,NULL,5.682,NULL,NULL,NULL,NULL,,NULL,0,0,2,2,N,N,15,NULL,98,9801,NULL,,Y,37.47274,37,28.364,NULL,-82.52299,82,31.379,NULL,N,NULL,NULL,NULL,NULL,NULL,NULL,NULL,NULL,7,97,2,6,2,5,3,5,1,3,N,NULL,Y,N,146,148,148,N,NULL,54,,0,N,,N,N,098-KY-1426-0,NULL,NULL,2023,O,7.2931E+11,098-KY-1426  -000,HIGH,098-KY-1426  -000,5.682,0,0,1,0,0,0,1,0,0,0,0,1,0
72952339,980100,2.023E+11,20230831,1600,,,CASSIDY,,BLVD,,,0,098 CS-1191,CS1191,Y,N,NULL,NULL,NULL,N,NULL,NULL,NULL,NULL,NULL,NULL,0.325,NULL,NULL,NULL,NULL,,NULL,0,0,2,2,N,N,NULL,NULL,98,9801,NULL,,Y,37.50523,37,30.314,NULL,-82.53737,82,32.242,NULL,N,NULL,NULL,NULL,NULL,NULL,NULL,NULL,NULL,8,97,1,6,1,1,2,2,1,3,N,NULL,Y,N,1600,1610,,N,NULL,90,,,N,,N,N,098-CS-1191-0,NULL,NULL,2023,O,7.29523E+11,098-CS-1191  -000,HIGH,098-CS-1191  -000,0.326,0,0,1,0,0,0,1,0,0,0,0,0,0
72890659,980100,2.023E+11,20230326,1230,,,WELLS,,ALY,,,,,,N,N,NULL,NULL,NULL,N,NULL,NULL,NULL,NULL,NULL,NULL,0.005,NULL,NULL,NULL,NULL,,NULL,0,0,2,2,N,N,10,NULL,98,9801,NULL,,Y,37.48138,37,28.883,NULL,-82.51608,82,30.965,NULL,N,NULL,NULL,NULL,NULL,NULL,NULL,NULL,NULL,5,3,1,6,1,1,2,2,6,3,N,NULL,Y,N,1220,1224,1329,Y,NULL,47,,,Y,,N,N,,NULL,NULL,2023,O,7.28907E+11,098-CS-1122  -000,HIGH,098-CS-1122  -000,0.005,0,0,0,0,0,0,0,0,1,1,0,1,0
72960320,980100,2.023E+11,20231017,1352,,748,HAMBLEY,,BLVD,,,0,098 CS-1222,CS1222,Y,N,NULL,NULL,NULL,N,NULL,NULL,NULL,NULL,NULL,NULL,0.649,NULL,NULL,NULL,NULL,,NULL,0,0,2,2,N,N,15,NULL,98,9801,NULL,,Y,37.48032,37,28.819,NULL,-82.51911,82,31.147,NULL,N,NULL,NULL,NULL,NULL,NULL,NULL,NULL,NULL,3,97,NULL,4,1,1,3,2,6,3,N,NULL,Y,N,1352,1356,1512,N,NULL,90,,,N,,N,N,098-CS-1222-0,NULL,NULL,2023,O,7.29603E+11,098-CS-1222  -000,HIGH,098-CS-1222  -000,0.648,0,0,0,0,0,0,0,0,0,0,0,0,0
72941152,980500,2023AR040,20230901,1300,,,US 23 SOUTH,,,,,,,,N,N,NULL,NULL,NULL,N,NULL,NULL,NULL,NULL,NULL,NULL,NULL,NULL,NULL,NULL,NULL,NULL,NULL,0,0,2,2,N,N,45,NULL,98,9807,NULL,,Y,37.51177,37,30.706,NULL,-82.5522,82,33.132,NULL,N,NULL,NULL,NULL,NULL,NULL,NULL,NULL,NULL,5,3,6,6,1,1,2,2,7,3,N,NULL,Y,Y,1300,1300,1300,N,NULL,49,,,N,,N,N,,NULL,NULL,2023,O,7.29412E+11,098-US-0023  -010,MEDIUM,098-US-0023  -000,27.573,0,0,0,1,0,0,0,1,0,1,0,0,0
72912979,KSP0900,23-222819,20230611,2235,,,KY194,,,KY0194,KY0194,0,098 KY-194,KY0194,N,N,NULL,NULL,NULL,N,NULL,NULL,NULL,NULL,NULL,NULL,24.488,NULL,NULL,NULL,NULL,,NULL,1,0,2,2,N,N,55,NULL,98,9817,NULL,,Y,37.52246,37,31.348,NULL,-82.36716,82,22.029,NULL,N,NULL,NULL,NULL,NULL,NULL,NULL,NULL,NULL,3,3,2,3,1,5,6,6,7,3,Y,NULL,Y,Y,2235,2259,2335,N,NULL,52,6,0,N,,N,N,098-KY-0194-0,NULL,NULL,2023,C,7.2913E+11,098-KY-0194  -000,HIGH,098-KY-0194  -000,24.48,0,0,1,0,0,0,0,0,0,0,0,1,0
72896603,980100,2.023E+11,20230509,828,,,BOB AMOS,,DR,,,0,098 CS-1025,CS1025,N,N,NULL,NULL,NULL,N,NULL,NULL,NULL,NULL,NULL,NULL,0.977,NULL,NULL,NULL,NULL,,NULL,0,0,2,2,N,N,25,NULL,98,9801,NULL,,Y,37.46626,37,27.975,NULL,-82.54289,82,32.574,NULL,N,NULL,NULL,NULL,NULL,NULL,NULL,NULL,NULL,1,97,2,4,1,5,6,2,6,3,N,NULL,Y,N,828,836,847,N,NULL,55,,,N,,N,N,098-CS-1025-0,NULL,NULL,2023,O,7.28966E+11,098-CS-1025  -000,HIGH,098-CS-1025  -000,0.982,0,0,0,1,0,0,1,0,0,0,0,0,0
72918206,980100,2.023E+11,20230626,1112,,,CARTER,,DR,,,0,098 CS-1224,CS1224,N,N,NULL,NULL,NULL,N,NULL,NULL,NULL,NULL,NULL,NULL,0.2,NULL,NULL,NULL,NULL,,NULL,0,0,2,2,N,N,15,NULL,98,9801,NULL,,Y,37.46331,37,27.799,NULL,-82.49373,82,29.624,NULL,N,NULL,NULL,NULL,NULL,NULL,NULL,NULL,NULL,2,97,1,6,1,8,2,2,6,3,N,NULL,Y,N,1054,1054,1054,N,NULL,47,,,N,,N,N,098-CS-1224-0,NULL,NULL,2023,O,7.29182E+11,098-CS-1224  -000,HIGH,098-CS-1224  -000,0.201,0,0,0,0,0,0,0,0,0,0,0,0,0
72979493,980100,2.023E+11,20231121,1207,,,US23,,,US0023,US0023,0,098 US-23,US0023,N,N,NULL,NULL,NULL,N,NULL,NULL,NULL,NULL,NULL,NULL,30.392,NULL,NULL,NULL,NULL,,NULL,0,0,2,2,N,N,55,NULL,98,9801,NULL,,Y,37.54173,37,32.504,NULL,-82.58341,82,35.005,NULL,N,NULL,NULL,NULL,NULL,NULL,NULL,NULL,NULL,1,3,4,3,1,5,6,2,7,3,N,NULL,Y,N,1207,1215,1248,N,NULL,55,,1,N,,N,N,098-US-0023-0,NULL,NULL,2023,O,7.29795E+11,098-US-0023  -000,HIGH,098-US-0023  -000,30.372,0,0,0,0,0,0,0,0,0,0,0,0,0
72900053,980100,2.023E+11,20230512,2307,,,KY3495,,,KY3495,KY3495,0,098 KY-3495,KY3495,N,N,NULL,NULL,NULL,N,NULL,NULL,NULL,NULL,NULL,NULL,0.185,NULL,NULL,NULL,NULL,,NULL,0,0,1,1,N,N,45,NULL,98,9801,NULL,,Y,37.48847,37,29.308,NULL,-82.54072,82,32.443,NULL,N,NULL,NULL,NULL,NULL,NULL,NULL,NULL,NULL,9,5,2,3,1,5,2,5,7,3,N,NULL,Y,N,2307,2311,,N,NULL,44,17,0,Y,,N,N,098-KY-3495-0,NULL,NULL,2023,O,7.29001E+11,098-KY-3495  -000,HIGH,098-KY-3495  -000,0.184,0,0,0,0,0,0,0,0,1,1,0,1,0
72936218,KSP0900,23-362758,20230818,1220,,,US460,,,US0460,US0460,,,,N,N,NULL,NULL,NULL,N,NULL,NULL,NULL,NULL,NULL,NULL,0.577,NULL,NULL,NULL,NULL,,NULL,1,0,1,1,N,N,55,NULL,98,9801,NULL,,Y,37.43515,37,26.109,NULL,-82.50887,82,30.532,NULL,N,NULL,NULL,NULL,NULL,NULL,NULL,NULL,NULL,9,3,2,6,1,1,2,2,7,3,N,NULL,Y,Y,1220,1238,1327,N,NULL,44,,1,N,,N,N,,NULL,NULL,2023,B,7.29362E+11,098-US-0460  -000,HIGH,098-US-0460  -000,0.577,0,0,0,0,0,0,0,0,0,0,0,1,0
72978743,980500,2023AR062,20231124,1735,,,US 23 N & SUDS INTERSECTION,,,,,,,,N,N,NULL,NULL,NULL,N,NULL,NULL,NULL,NULL,NULL,NULL,NULL,NULL,NULL,NULL,NULL,NULL,NULL,0,0,2,2,N,N,45,NULL,98,9807,NULL,,Y,37.52042,37,31.225,NULL,-82.5679,82,34.074,NULL,N,NULL,NULL,NULL,NULL,NULL,NULL,NULL,NULL,4,3,6,6,1,1,2,5,7,3,Y,NULL,Y,Y,1735,1738,1900,N,NULL,70,,,N,,N,N,,NULL,NULL,2023,O,7.29787E+11,098-US-0023  -000,MEDIUM,098-US-0023  -000,28.656,0,0,0,0,0,0,1,0,0,0,0,0,0
72907168,980100,2.023E+11,20230602,1201,,121,MAYO,S,TRL,,,0,098 CS-1035,CS1035,Y,N,NULL,NULL,NULL,N,NULL,NULL,NULL,NULL,NULL,NULL,NULL,NULL,NULL,NULL,NULL,NULL,NULL,0,0,2,2,N,N,15,NULL,98,9801,NULL,,Y,37.47141,37,28.285,NULL,-82.53122,82,31.873,NULL,N,NULL,NULL,NULL,NULL,NULL,NULL,NULL,NULL,2,97,1,6,1,1,2,2,1,3,N,NULL,Y,N,1201,1216,1216,N,NULL,90,,,N,,N,N,098-CS-1035-0,NULL,NULL,2023,O,7.29072E+11,098-CS-1035  -000,HIGH,098-CS-1035  -000,0.026,1,0,0,0,0,0,0,0,0,0,0,0,0
72933775,KSP0900,23-353923,20230810,850,,,KY199,,,KY0199,KY0199,0,098 KY-199,KY0199,N,N,NULL,NULL,NULL,N,NULL,NULL,NULL,NULL,NULL,NULL,11.299,NULL,NULL,NULL,NULL,,NULL,0,0,1,1,N,N,55,NULL,98,9851,NULL,,Y,37.59703,37,35.822,NULL,-82.27523,82,16.514,NULL,N,NULL,NULL,NULL,NULL,NULL,NULL,NULL,NULL,9,3,2,3,1,5,6,2,7,3,N,NULL,N,N,850,855,900,N,NULL,40,7,0,N,,N,N,098-KY-0199-0,NULL,NULL,2023,O,7.29338E+11,098-KY-0199  -000,HIGH,098-KY-0199  -000,11.312,0,0,0,0,0,0,0,0,0,0,0,1,0
72923074,980100,2.023E+11,20230715,1533,,,MAIN,,ST,,,0,098 CS-1112,CS1112,N,N,NULL,NULL,NULL,N,NULL,NULL,NULL,NULL,NULL,NULL,0.136,NULL,NULL,NULL,NULL,,NULL,1,0,2,2,N,N,25,NULL,98,9801,NULL,,Y,37.47949,37,28.77,NULL,-82.51748,82,31.049,NULL,N,NULL,NULL,NULL,NULL,NULL,NULL,NULL,NULL,1,3,1,6,1,5,6,2,7,3,N,NULL,Y,Y,1534,1535,1535,N,NULL,55,,,N,,N,N,098-CS-1112-0,NULL,NULL,2023,C,7.29231E+11,098-CS-1112  -000,HIGH,098-CS-1112  -000,0.135,0,0,0,0,0,0,0,1,0,0,0,0,0
72905177,980100,2.023E+11,20230524,1546,,,US23,,,US0023,US0023,0,098 US-23-10,US0023,N,N,NULL,NULL,NULL,N,NULL,NULL,NULL,NULL,NULL,NULL,25.053,NULL,NULL,NULL,NULL,,NULL,2,0,2,2,N,N,55,NULL,98,9801,NULL,,Y,37.48891,37,29.334,NULL,-82.53977,82,32.386,NULL,N,NULL,NULL,NULL,NULL,NULL,NULL,NULL,NULL,3,3,4,6,1,1,2,2,1,3,N,NULL,Y,Y,1547,1549,1617,N,NULL,52,,1,N,,N,Y,098-US-0023-10,NULL,NULL,2023,B,7.29052E+11,098-US-0023  -010,HIGH,098-US-0023  -000,24.991,0,0,0,0,0,0,0,0,0,0,0,1,1
72958533,980500,2023AR047,20231013,1257,,,US23,,,US0023,US0023,0,098 US-23,US0023,N,N,NULL,NULL,NULL,N,NULL,NULL,NULL,NULL,NULL,NULL,NULL,NULL,NULL,NULL,NULL,NULL,NULL,1,0,2,2,N,N,45,NULL,98,9807,NULL,,Y,37.51742,37,31.045,NULL,-82.56326,82,33.796,NULL,N,NULL,NULL,NULL,NULL,NULL,NULL,NULL,NULL,5,3,6,6,1,1,2,2,7,3,Y,NULL,Y,Y,1257,1300,1315,N,NULL,49,,1,N,,N,N,098-US-0023-0,NULL,NULL,2023,C,7.29585E+11,098-US-0023  -000,HIGH,098-US-0023  -000,28.325,0,0,0,0,0,0,1,1,0,0,0,0,0
72927827,KSP0900,23-340596,20230728,1546,,,TOLER,,RD,KY0319,KY0319,0,098 KY-319,KY0319,N,N,NULL,NULL,NULL,N,NULL,NULL,NULL,NULL,NULL,NULL,5.738,NULL,NULL,NULL,NULL,,NULL,0,0,1,1,N,N,45,NULL,98,9842,NULL,,Y,37.62921,37,37.752,NULL,-82.24895,82,14.937,NULL,N,NULL,NULL,NULL,NULL,NULL,NULL,NULL,NULL,9,5,2,1,1,5,3,2,7,3,N,NULL,Y,N,1546,1611,1630,N,NULL,40,7,0,N,,N,N,098-KY-0319-0,NULL,NULL,2023,O,7.29278E+11,098-KY-0319  -000,HIGH,098-KY-0319  -000,5.737,0,0,0,0,0,0,0,0,0,0,0,1,0
72959183,KSP0900,23-423516,20231013,1835,,,US460,,,US0460,US0460,0,098 US-460,US0460,Y,N,NULL,NULL,NULL,N,NULL,NULL,NULL,NULL,NULL,NULL,9.039,NULL,NULL,NULL,NULL,,NULL,0,0,2,2,Y,N,5,NULL,98,9830,NULL,,Y,37.36943,37,22.166,NULL,-82.41969,82,25.182,NULL,N,NULL,NULL,NULL,NULL,NULL,NULL,NULL,NULL,2,97,2,6,1,1,2,5,1,3,N,NULL,N,N,1903,1923,2000,N,NULL,90,,1,N,,N,N,098-US-0460-0,NULL,NULL,2023,O,7.29592E+11,098-US-0460  -000,HIGH,098-US-0460  -000,9.021,0,0,1,0,0,0,0,0,0,0,0,0,0
72945784,KSP0900,23-391241,20230913,1209,,,FOREST HILLS,,RD,KY0308,KY0308,0,098 KY-308,KY0308,N,N,NULL,NULL,NULL,N,NULL,NULL,NULL,NULL,NULL,NULL,2.679,NULL,NULL,NULL,NULL,,NULL,0,0,2,2,N,N,35,NULL,98,9834,NULL,,Y,37.64824,37,38.894,NULL,-82.26787,82,16.072,NULL,N,NULL,NULL,NULL,NULL,NULL,NULL,NULL,NULL,5,3,2,1,1,1,3,2,7,1,N,NULL,Y,N,1209,1218,1218,N,NULL,49,8,0,N,,N,N,098-KY-0308-0,NULL,NULL,2023,O,7.29458E+11,098-KY-0308  -000,HIGH,098-KY-0308  -000,2.68,0,0,0,0,0,0,0,1,0,0,0,0,0
72956178,KSP0900,23-417138,20231007,2048,,,KY3416,,,KY3416,KY3416,,,,N,N,NULL,NULL,NULL,N,NULL,NULL,NULL,NULL,NULL,NULL,1.645,NULL,NULL,NULL,NULL,,NULL,0,0,1,1,N,N,55,NULL,98,9801,NULL,,Y,37.45021,37,27.012,NULL,-82.54063,82,32.438,NULL,N,NULL,NULL,NULL,NULL,NULL,NULL,NULL,NULL,9,3,2,3,1,1,2,6,7,3,N,NULL,N,N,2048,2048,2200,N,NULL,70,9,0,N,,N,N,,NULL,NULL,2023,O,7.29562E+11,098-KY-3416  -000,HIGH,098-KY-3416  -000,1.645,0,0,1,0,0,0,0,0,0,0,0,1,0
72887295,KSP0900,23-136477,20230410,2027,,,LITTLE FORK,,RD,,,0,098 CR-1722,CR1722,N,N,NULL,NULL,NULL,N,NULL,NULL,NULL,NULL,NULL,NULL,0.573,NULL,NULL,NULL,NULL,,NULL,0,0,1,1,N,N,45,NULL,98,9823,NULL,,Y,37.36058,37,21.635,NULL,-82.60627,82,36.376,NULL,N,NULL,NULL,NULL,NULL,NULL,NULL,NULL,NULL,9,97,1,2,3,1,2,4,7,3,N,NULL,Y,Y,2027,2038,2038,N,NULL,70,,,N,,N,N,098-CR-1722-0,NULL,NULL,2023,O,7.28873E+11,098-CR-1722  -000,HIGH,098-CR-1722  -000,0.549,0,0,0,0,0,0,0,0,0,0,0,0,0