MasterFile,AgencyORINumber,LocalCode,CollisionDate,CollisionTime,CollisionDayWeekCode,RoadwayName_HouseBusinessNumber_,RoadwayName_RoadwayName_,RoadwayName_Direction_,RoadwayName_RoadwaySuffix_,RoadwayfromReport,CurrentRoadwayNumber,RoadwayNumberCoupletID,RSEUniqueGIS,RoadwayIdentifier,ParkingLotIndicator,IntersectionWith_Indicator_,IntersectionWith_NameRoadway_,IntersectionWith_Direction_,IntersectionWith_RoadwaySuffix_,BetweenStreets_Indicator_,BetweenStreets1_NameRoadway_,BetweenStreet1_Direction_,BetweenStreets1_RoadwaySuffix_,BetweenStreets2_NameRoadway_,BetweenStreets2_Direction_,BetweenStreets2_RoadwaySuffix_,Milepoint,ReportMilepointDeriveNumber,CurrentDerivedMiepointNumber,MilestoMilepoint,FeettoMilepoint,DirectionfromMilepoint_NSEW_,ValidMilepointIndicator,NumberInjured,NumberKilled,ofUnits,ofMotorVehicleUnits,Hit&RunIndicator,OneWayIndicator,SpeedLimitNumber,KilometersIndicator,CountyCode,CityCountyCode,MilesFromCity,DirectionFromCity_NSEW_,InCityLimitsIndicator,Latitude,LatitudeDegrees,LatitudeMinutes,LatitudeSeconds,Longitude,LongitudeDegrees,LongitudeMinutes,LongitudeSeconds,RampIndicator,RampFromIdentifier,RampFromDirCode,RampFromCoupletID,RSEUniqueGISRampFrom,RampToidentifier,RampToDirCode,RampToCoupletID,RSEUniqueGisRampTo,MannerofCollisionCode,LocationFirstEventCode,TotalLanes,RoadwayCharacterCode,RoadwaySurfaceCode,RoadwayConditionCode,WeatherCode,LightConditionCode,LandUseCode,SchoolBusRelatedCode,FirstAidSceneIndicator,CollDescPresentInd,InvestigationCompleteIndicator,PhotosTakenIndicator,TimeNotified,TimeArrived,TimeRoadwayOpened,PropertyDamageIndicator,DiagramPresentIndicator,DirectionalAnalysis,FunctionClassCode,NationalHwySysCode,EnforcementsIndicator,KARSCityCode,SecondaryCollisionIndicator,MedianCrossoverIndicator,RT_UNIQUE,MapIt,TimeLastLeft,YR,KABCO,MFNY,WorkingRID,RT_CONFIDENCE,KTC_RT,KTC_MP,Motorcyclist,CommercialVehicle,YoungDriver,MatureDriver,pedestrian,Bicyclist,Distracted,agressive,Impaired,Unrestrained,Intersection,RoadwayDeparture,MedXover
72889453,980100,2.023E+11,20230413,928,,,KY3496,,,KY3496,KY3496,0,098 KY-3496,KY3496,N,N,NULL,NULL,NULL,N,NULL,NULL,NULL,NULL,NULL,NULL,0.035,NULL,NULL,NULL,NULL,,NULL,0,0,2,2,N,N,35,NULL,98,9801,NULL,,Y,37.46548,37,27.929,NULL,-82.52839,82,31.703,NULL,N,NULL,NULL,NULL,NULL,NULL,NULL,NULL,NULL,8,3,2,3,1,1,2,2,7,3,N,NULL,Y,N,928,933,1018,N,NULL,53,16,0,N,,N,N,098-KY-3496-0,NULL,NULL,2023,O,7.28895E+11,098-KY-3496  -000,HIGH,098-KY-3496  -000,0.036,0,0,0,1,0,0,1,1,0,0,0,1,0
72901206,KSP0900,23-191592,20230520,2217,,,US23,,,US0023,US0023,0,098 US-23,US0023,N,N,NULL,NULL,NULL,N,NULL,NULL,NULL,NULL,NULL,NULL,9.247,NULL,NULL,NULL,NULL,,NULL,1,0,1,1,N,N,55,NULL,98,9806,NULL,,Y,37.3299,37,19.794,NULL,-82.55882,82,33.529,NULL,N,NULL,NULL,NULL,NULL,NULL,NULL,NULL,NULL,9,3,4,6,1,5,3,6,7,3,Y,NULL,N,Y,2217,2231,2231,N,NULL,44,,1,N,,N,Y,098-US-0023-0,NULL,NULL,2023,C,7.29012E+11,098-US-0023  -000,HIGH,098-US-0023  -000,9.252,0,0,0,0,0,0,0,0,0,0,0,1,0
72954362,980100,2.023E+11,20230926,903,,,US23,,,US0023,US0023,,,,N,N,NULL,NULL,NULL,N,NULL,NULL,NULL,NULL,NULL,NULL,22.043,NULL,NULL,NULL,NULL,,NULL,0,0,2,2,N,N,55,NULL,98,9801,NULL,,Y,37.45793,37,27.476,NULL,-82.51745,82,31.047,NULL,N,NULL,NULL,NULL,NULL,NULL,NULL,NULL,NULL,8,3,4,6,1,1,2,2,7,3,N,NULL,Y,N,904,912,,N,NULL,53,,1,N,,N,N,,NULL,NULL,2023,O,7.29544E+11,098-US-0023  -000,MEDIUM,098-US-0023  -000,21.976,0,0,0,0,0,0,0,1,0,0,0,1,0
72903931,KSP0900,23-199619,20230526,1335,,,KY122,,,KY0122,KY0122,0,098 KY-122,KY0122,N,N,NULL,NULL,NULL,N,NULL,NULL,NULL,NULL,NULL,NULL,7.753,NULL,NULL,NULL,NULL,,NULL,0,0,2,2,Y,N,55,NULL,98,9823,NULL,,Y,37.38065,37,22.839,NULL,-82.58344,82,35.007,NULL,N,NULL,NULL,NULL,NULL,NULL,NULL,NULL,NULL,7,3,2,3,1,1,2,2,7,3,N,NULL,N,N,1337,1415,1445,N,NULL,54,,0,N,,N,N,098-KY-0122-0,NULL,NULL,2023,O,7.29039E+11,098-KY-0122  -000,HIGH,098-KY-0122  -000,7.762,0,0,0,1,0,0,0,0,0,0,0,1,0
72963086,KSP0900,23-433874,20231023,1925,,,BOWLING,,FRK,,,0,098 CR-1206Q3,CR1206Q3,N,N,NULL,NULL,NULL,N,NULL,NULL,NULL,NULL,NULL,NULL,0.006,NULL,NULL,NULL,NULL,,NULL,0,0,2,2,Y,N,25,NULL,98,9818,NULL,,Y,37.30552,37,18.331,NULL,-82.47549,82,28.53,NULL,N,NULL,NULL,NULL,NULL,NULL,NULL,NULL,NULL,7,3,NULL,6,1,1,2,6,7,3,N,NULL,N,N,1924,1928,1930,N,NULL,54,,,N,,N,N,098-CR-1206Q3-0,NULL,NULL,2023,O,7.29631E+11,098-CR-1206Q3-000,HIGH,098-CR-1206Q3-000,0.005,0,0,0,1,0,0,0,0,0,0,0,1,0
72956164,980000,23-10-003,20231006,1118,,,US23,,,US0023,US0023,0,098 US-23-10,US0023,N,N,NULL,NULL,NULL,N,NULL,NULL,NULL,NULL,NULL,NULL,5.759,NULL,NULL,NULL,NULL,,NULL,0,0,1,1,N,N,55,NULL,98,9809,NULL,,Y,37.28756,37,17.253,NULL,-82.55486,82,33.291,NULL,N,NULL,NULL,NULL,NULL,NULL,NULL,NULL,NULL,9,3,4,4,1,1,2,2,7,3,N,NULL,Y,Y,1108,1204,1204,N,NULL,38,,1,N,,N,N,098-US-0023-10,NULL,NULL,2023,O,7.29562E+11,098-US-0023  -010,HIGH,098-US-0023  -000,5.76,0,0,0,0,0,0,0,0,0,0,0,0,0
72973858,KSP0900,23-458063,20231114,1038,,,US460,,,US0460,US0460,0,098 US-460,US0460,N,N,NULL,NULL,NULL,N,NULL,NULL,NULL,NULL,NULL,NULL,4.003,NULL,NULL,NULL,NULL,,NULL,1,0,2,2,N,N,55,NULL,98,9801,NULL,,Y,37.41958,37,25.175,NULL,-82.46218,82,27.731,NULL,N,NULL,NULL,NULL,NULL,NULL,NULL,NULL,NULL,3,97,2,6,1,1,2,2,5,3,Y,NULL,Y,Y,1038,1038,1038,N,NULL,47,,1,N,,N,N,098-US-0460-0,NULL,NULL,2023,C,7.29739E+11,098-US-0460  -000,HIGH,098-US-0460  -000,4.004,0,0,0,0,0,0,0,0,1,1,0,1,0
72937314,980000,23-08-003,20230815,810,,27678 US 1,BELFRY,,DR,,,0,098 CS-2044,CS2044,Y,N,NULL,NULL,NULL,N,NULL,NULL,NULL,NULL,NULL,NULL,NULL,NULL,NULL,NULL,NULL,NULL,NULL,0,0,2,2,N,N,10,NULL,98,9836,0.1,N,N,37.29954,37,17.972,NULL,-82.33156,82,19.893,NULL,N,NULL,NULL,NULL,NULL,NULL,NULL,NULL,NULL,8,97,NULL,6,1,1,2,2,8,3,N,NULL,N,N,810,810,815,N,NULL,90,,,N,,N,N,098-CS-2044-0,NULL,NULL,2023,O,7.29373E+11,098-CS-2044  -000,HIGH,098-CS-2044  -000,0.036,0,0,1,0,0,0,1,0,0,0,0,0,0
72934828,KSP0900,23-346580,20230803,1110,,,US119,,,US0119,US0119,0,098 US-119,US0119,Y,N,NULL,NULL,NULL,N,NULL,NULL,NULL,NULL,NULL,NULL,22.54,NULL,NULL,NULL,NULL,,NULL,0,0,2,2,N,N,10,NULL,98,9814,NULL,,Y,37.63993,37,38.396,NULL,-82.2585,82,15.51,NULL,N,NULL,NULL,NULL,NULL,NULL,NULL,NULL,NULL,2,97,2,4,1,5,6,2,7,3,N,NULL,N,N,1110,1155,1155,N,NULL,90,2,1,N,,N,N,098-US-0119-0,NULL,NULL,2023,O,7.29348E+11,098-US-0119  -000,HIGH,098-US-0119  -000,22.605,0,0,0,1,0,0,1,0,0,0,0,0,0
72932839,980000,23-08-001,20230810,705,,,KY1426,,,KY1426,KY1426,0,098 KY-1426,KY1426,N,N,NULL,NULL,NULL,N,NULL,NULL,NULL,NULL,NULL,NULL,11.458,NULL,NULL,NULL,NULL,,NULL,1,0,1,1,N,N,55,NULL,98,9801,0.2,E,N,37.53013,37,31.808,NULL,-82.47015,82,28.209,NULL,N,NULL,NULL,NULL,NULL,NULL,NULL,NULL,NULL,9,5,2,4,1,5,6,1,6,3,Y,NULL,Y,Y,705,705,725,N,NULL,44,7,0,N,,N,N,098-KY-1426-0,NULL,NULL,2023,C,7.29328E+11,098-KY-1426  -000,HIGH,098-KY-1426  -000,11.459,0,0,0,0,0,0,0,0,0,0,0,1,0
72988254,KSP0900,23-491639,20231215,1350,,,KY292,,,KY0292,KY0292,0,098 KY-292,KY0292,N,N,NULL,NULL,NULL,N,NULL,NULL,NULL,NULL,NULL,NULL,2.879,NULL,NULL,NULL,NULL,,NULL,0,0,1,1,N,N,45,NULL,98,9869,NULL,,Y,37.65929,37,39.558,NULL,-82.23811,82,14.287,NULL,N,NULL,NULL,NULL,NULL,NULL,NULL,NULL,NULL,9,3,2,1,1,2,2,2,7,3,N,NULL,N,N,1350,1355,1405,N,NULL,44,8,0,N,,N,N,098-KY-0292-0,NULL,NULL,2023,O,7.29883E+11,098-KY-0292  -000,HIGH,098-KY-0292  -000,2.86,0,0,0,0,0,0,0,1,0,0,0,1,0
72966364,KSP0900,23-437173,20231026,1700,,,FERRELLS CREEK,,RD,US0460,US0460,0,098 US-460,US0460,N,N,NULL,NULL,NULL,N,NULL,NULL,NULL,NULL,NULL,NULL,22.922,NULL,NULL,NULL,NULL,,NULL,1,0,2,2,N,N,55,NULL,98,9847,NULL,,Y,37.37697,37,22.618,NULL,-82.25301,82,15.18,NULL,N,NULL,NULL,NULL,NULL,NULL,NULL,NULL,NULL,5,3,2,6,1,1,2,2,7,3,Y,NULL,Y,Y,1656,1700,1752,N,NULL,49,,1,N,,N,N,098-US-0460-0,NULL,NULL,2023,B,7.29664E+11,098-US-0460  -000,HIGH,098-US-0460  -000,22.887,0,0,0,0,0,0,1,0,0,0,0,0,0
72991950,KSP0900,23-502424,20231226,3,,,WILLIAMSON,,RD,KY0292,KY0292,0,098 KY-292,KY0292,N,N,NULL,NULL,NULL,N,NULL,NULL,NULL,NULL,NULL,NULL,5.205,NULL,NULL,NULL,NULL,,NULL,3,0,2,2,N,N,45,NULL,98,9834,NULL,,Y,37.67345,37,40.407,NULL,-82.28313,82,16.988,NULL,N,NULL,NULL,NULL,NULL,NULL,NULL,NULL,NULL,7,6,2,6,1,5,6,6,7,3,Y,NULL,Y,N,3,19,50,N,NULL,47,7,0,N,,N,N,098-KY-0292-0,NULL,NULL,2023,C,7.2992E+11,098-KY-0292  -000,HIGH,098-KY-0292  -000,5.206,0,0,0,0,0,0,0,0,0,0,0,0,0
72909389,KSP0900,23-220922,20230610,1452,,,US23,,,US0023,US0023,,,,Y,N,NULL,NULL,NULL,N,NULL,NULL,NULL,NULL,NULL,NULL,18.091,NULL,NULL,NULL,NULL,,NULL,0,0,2,2,N,N,15,NULL,98,9827,NULL,,Y,37.43016,37,25.81,NULL,-82.51484,82,30.89,NULL,N,NULL,NULL,NULL,NULL,NULL,NULL,NULL,NULL,8,97,1,6,3,1,2,2,7,3,N,NULL,Y,N,1452,1452,1452,N,NULL,90,,1,Y,,N,N,,NULL,NULL,2023,O,7.29094E+11,098-US-0023  -000,MEDIUM,098-US-0023  -000,18.068,0,0,0,0,0,0,0,0,0,0,0,0,0
72902495,KSP0900,23-188661,20230518,1853,,,WILLIAMSON,,RD,KY0292,KY0292,0,098 KY-292,KY0292,N,N,NULL,NULL,NULL,N,NULL,NULL,NULL,NULL,NULL,NULL,6.235,NULL,NULL,NULL,NULL,,NULL,0,0,1,1,N,N,45,NULL,98,9834,NULL,,Y,37.67099,37,40.259,NULL,-82.29549,82,17.729,NULL,N,NULL,NULL,NULL,NULL,NULL,NULL,NULL,NULL,9,3,2,6,1,5,2,2,7,3,N,NULL,Y,N,1856,1931,1856,N,NULL,40,7,0,N,,N,N,098-KY-0292-0,NULL,NULL,2023,O,7.29025E+11,098-KY-0292  -000,HIGH,098-KY-0292  -000,6.24,0,0,0,0,0,0,1,0,0,0,0,1,0
72980347,KSP0900,23-476986,20231201,1846,,,MEATHOUSE FORK,,RD,KY3154,KY3154,0,098 KY-3154,KY3154,N,N,NULL,NULL,NULL,N,NULL,NULL,NULL,NULL,NULL,NULL,2.656,NULL,NULL,NULL,NULL,,NULL,0,0,1,1,N,N,35,NULL,98,9838,NULL,,Y,37.60803,37,36.482,NULL,-82.32919,82,19.752,NULL,N,NULL,NULL,NULL,NULL,NULL,NULL,NULL,NULL,9,5,2,1,1,5,3,6,7,3,N,NULL,Y,Y,1846,1900,1900,N,NULL,40,9,0,N,,N,N,098-KY-3154-0,NULL,NULL,2023,O,7.29803E+11,098-KY-3154  -000,HIGH,098-KY-3154  -000,2.655,0,0,0,0,0,0,0,0,0,0,0,1,0
72970747,KSP0900,23-445878,20231104,215,,,KY194,E,,KY0194,KY0194,0,098 KY-194,KY0194,N,N,NULL,NULL,NULL,N,NULL,NULL,NULL,NULL,NULL,NULL,44.216,NULL,NULL,NULL,NULL,,NULL,2,0,1,1,N,N,55,NULL,98,9870,NULL,,Y,37.44568,37,26.741,NULL,-82.20161,82,12.096,NULL,N,NULL,NULL,NULL,NULL,NULL,NULL,NULL,NULL,9,3,2,2,1,1,2,6,7,3,Y,NULL,Y,N,219,311,311,N,NULL,44,8,0,N,,N,N,098-KY-0194-0,NULL,NULL,2023,B,7.29707E+11,098-KY-0194  -000,HIGH,098-KY-0194  -000,44.22,0,0,0,0,0,0,0,0,0,1,0,1,0
72954527,980100,2.023E+11,20230927,1715,,,MAYO,S,TRL,US0023,US0023,0,098 US-23-10,US0023,N,N,NULL,NULL,NULL,N,NULL,NULL,NULL,NULL,NULL,NULL,21.214,NULL,NULL,NULL,NULL,,NULL,3,0,2,2,N,N,55,NULL,98,9801,NULL,,Y,37.44804,37,26.882,NULL,-82.52547,82,31.528,NULL,N,NULL,NULL,NULL,NULL,NULL,NULL,NULL,NULL,1,3,4,6,1,1,3,2,1,3,Y,NULL,Y,Y,1715,1722,1758,N,NULL,55,,1,N,,N,N,098-US-0023-10,NULL,NULL,2023,A,7.29545E+11,098-US-0023  -010,HIGH,098-US-0023  -000,21.147,0,0,1,0,0,0,0,1,0,1,0,1,0
72948690,980100,2.023E+11,20230920,752,,,KY3495,,,KY3495,KY3495,0,098 KY-3495,KY3495,N,N,NULL,NULL,NULL,N,NULL,NULL,NULL,NULL,NULL,NULL,0.017,NULL,NULL,NULL,NULL,,NULL,0,0,2,2,N,N,45,NULL,98,9801,NULL,,Y,37.48661,37,29.196,NULL,-82.54273,82,32.564,NULL,N,NULL,NULL,NULL,NULL,NULL,NULL,NULL,NULL,1,3,2,6,1,1,2,2,7,3,N,NULL,Y,N,752,753,753,N,NULL,55,17,0,N,,N,N,098-KY-3495-0,NULL,NULL,2023,O,7.29487E+11,098-KY-3495  -000,HIGH,098-KY-3495  -000,0.017,0,0,1,0,0,0,1,0,0,0,0,0,0
72898881,980100,2.023E+11,20230508,859,,116,RIVERBEND,,DR,,,0,098 CS-1008,CS1008,Y,N,NULL,NULL,NULL,N,NULL,NULL,NULL,NULL,NULL,NULL,0.025,NULL,NULL,NULL,NULL,,NULL,0,0,1,1,N,N,NULL,NULL,98,9801,NULL,,Y,37.44255,37,26.553,NULL,-82.52485,82,31.491,NULL,N,NULL,NULL,NULL,NULL,NULL,NULL,NULL,NULL,9,97,1,6,1,1,2,2,6,3,N,NULL,Y,N,859,912,912,Y,NULL,90,,,N,,N,N,098-CS-1008-0,NULL,NULL,2023,O,7.28989E+11,098-PR-1168  -000,HIGH,098-PR-1168  -000,0.023,0,0,0,0,0,0,0,0,0,0,0,1,0
72940903,980100,2.023E+11,20230816,2051,,,CASSIDY,,BLVD,,,0,098 CS-1191,CS1191,N,N,NULL,NULL,NULL,N,NULL,NULL,NULL,NULL,NULL,NULL,0.159,NULL,NULL,NULL,NULL,,NULL,0,0,2,2,N,N,35,NULL,98,9801,NULL,,Y,37.50367,37,30.22,NULL,-82.53465,82,32.079,NULL,N,NULL,NULL,NULL,NULL,NULL,NULL,NULL,NULL,8,3,4,3,1,1,2,5,1,3,N,NULL,Y,N,2051,2059,2059,N,NULL,53,,,N,,N,N,098-CS-1191-0,NULL,NULL,2023,O,7.29409E+11,098-CS-1191  -000,HIGH,098-CS-1191  -000,0.14,0,0,0,1,0,0,1,0,0,0,0,1,0
72968190,980100,2.023E+11,20231102,1757,,,KY3496,,,KY3496,KY3496,,,,N,N,NULL,NULL,NULL,N,NULL,NULL,NULL,NULL,NULL,NULL,0.705,NULL,NULL,NULL,NULL,,NULL,0,0,2,2,N,N,35,NULL,98,9801,NULL,,Y,37.47195,37,28.317,NULL,-82.53126,82,31.875,NULL,N,NULL,NULL,NULL,NULL,NULL,NULL,NULL,NULL,5,3,2,3,1,1,2,2,1,3,N,NULL,Y,N,1757,1806,1825,N,NULL,70,16,0,N,,N,N,,NULL,NULL,2023,O,7.29682E+11,098-KY-3496  -000,HIGH,098-KY-3496  -000,0.708,0,0,0,0,0,0,1,0,0,0,0,0,0
72894954,KSP0900,23-170056,20230505,1215,,,US460,,,US0460,US0460,0,098 US-460,US0460,N,N,NULL,NULL,NULL,N,NULL,NULL,NULL,NULL,NULL,NULL,6.517,NULL,NULL,NULL,NULL,,NULL,0,0,1,1,Y,N,55,NULL,98,9832,NULL,,Y,37.39645,37,23.787,NULL,-82.43303,82,25.982,NULL,N,NULL,NULL,NULL,NULL,NULL,NULL,NULL,NULL,9,97,2,5,1,1,2,9,5,3,N,NULL,Y,N,1425,1429,1429,N,NULL,47,,1,N,,N,N,098-US-0460-0,NULL,NULL,2023,NULL,7.2895E+11,098-US-0460  -000,HIGH,098-US-0460  -000,6.518,0,0,0,0,0,0,0,0,0,0,0,0,0
72963277,980100,2.023E+11,20231024,1354,,,KY3496,,,KY3496,KY3496,0,098 KY-3496,KY3496,Y,N,NULL,NULL,NULL,N,NULL,NULL,NULL,NULL,NULL,NULL,0.926,NULL,NULL,NULL,NULL,,NULL,0,0,2,2,N,N,15,NULL,98,9801,NULL,,Y,37.47217,37,28.33,NULL,-82.52721,82,31.632,NULL,N,NULL,NULL,NULL,NULL,NULL,NULL,NULL,NULL,2,97,2,6,1,1,2,2,1,3,N,NULL,Y,N,1354,1402,1402,N,NULL,90,16,0,N,,N,N,098-KY-3496-0,NULL,NULL,2023,O,7.29633E+11,098-KY-3496  -000,HIGH,098-KY-3496  -000,0.928,0,0,0,1,0,0,1,0,0,0,0,0,0
72943345,980100,2.023E+11,20230904,1101,,143,POPLAR,,ST,,,0,098 CS-1160,CS1160,Y,N,NULL,NULL,NULL,N,NULL,NULL,NULL,NULL,NULL,NULL,0.154,NULL,NULL,NULL,NULL,,NULL,0,0,2,2,N,N,NULL,NULL,98,9801,NULL,,Y,37.48072,37,28.843,NULL,-82.52214,82,31.328,NULL,N,NULL,NULL,NULL,NULL,NULL,NULL,NULL,NULL,1,97,NULL,6,3,1,2,2,8,3,N,NULL,Y,N,1101,1106,1106,N,NULL,90,,,N,,N,N,098-CS-1160-0,NULL,NULL,2023,O,7.29433E+11,098-CS-1160  -000,HIGH,098-CS-1160  -000,0.155,0,0,0,0,0,0,0,0,0,0,0,0,0
72986031,980100,2.023E+11,20231129,640,,,US23,,,US0023,US0023,0,098 US-23,US0023,N,N,NULL,NULL,NULL,N,NULL,NULL,NULL,NULL,NULL,NULL,22.28,NULL,NULL,NULL,NULL,,NULL,0,0,1,1,N,N,55,NULL,98,9801,NULL,,Y,37.46157,37,27.694,NULL,-82.51691,82,31.015,NULL,N,NULL,NULL,NULL,NULL,NULL,NULL,NULL,NULL,9,3,4,3,1,1,2,6,7,3,N,NULL,Y,N,640,645,645,N,NULL,38,,1,N,,N,N,098-US-0023-0,NULL,NULL,2023,O,7.2986E+11,098-US-0023  -000,HIGH,098-US-0023  -000,22.239,0,0,0,0,0,0,0,0,0,0,0,0,0
72966299,KSP0900,23-441533,20231031,14,,,US460,,,US0460,US0460,0,098 US-460,US0460,N,N,NULL,NULL,NULL,N,NULL,NULL,NULL,NULL,NULL,NULL,13.378,NULL,NULL,NULL,NULL,,NULL,0,0,1,1,N,N,55,NULL,98,9822,NULL,,Y,37.33374,37,20.024,NULL,-82.38731,82,23.239,NULL,N,NULL,NULL,NULL,NULL,NULL,NULL,NULL,NULL,9,3,2,2,1,5,6,6,7,3,N,NULL,N,N,14,28,45,N,NULL,70,,1,N,,N,N,098-US-0460-0,NULL,NULL,2023,O,7.29663E+11,098-US-0460  -000,HIGH,098-US-0460  -000,13.361,0,0,0,0,0,0,0,0,0,0,0,1,0
72944137,KSP0900,23-382864,20230905,1727,,,TURKEY CREEK,,RD,KY0612,KY0612,0,098 KY-612,KY0612,N,N,NULL,NULL,NULL,N,NULL,NULL,NULL,NULL,NULL,NULL,NULL,NULL,NULL,NULL,NULL,,NULL,1,0,1,1,N,N,5,NULL,98,9826,NULL,,Y,37.6414,37,38.484,NULL,-82.31189,82,18.713,NULL,N,NULL,NULL,NULL,NULL,NULL,NULL,NULL,NULL,9,97,1,4,97,1,2,2,5,3,Y,NULL,Y,N,1727,1803,1727,N,NULL,44,8,0,N,,N,N,098-KY-0612-0,NULL,NULL,2023,C,7.29441E+11,098-KY-0612  -000,HIGH,098-KY-0612  -000,5.901,0,0,0,0,0,0,0,0,0,1,0,1,0
72929336,KSP0900,23-335312,20230723,2100,,,US119,N,,US0119,US0119,0,098 US-119,US0119,N,N,NULL,NULL,NULL,N,NULL,NULL,NULL,NULL,NULL,NULL,23.497,NULL,NULL,NULL,NULL,,NULL,0,0,2,2,N,N,45,NULL,98,9812,NULL,,Y,37.6484,37,38.904,NULL,-82.26773,82,16.064,NULL,N,NULL,NULL,NULL,NULL,NULL,NULL,NULL,NULL,5,3,2,6,1,1,2,7,8,3,N,NULL,N,N,2109,2130,2140,N,NULL,70,2,1,N,,N,N,098-US-0119-0,NULL,NULL,2023,O,7.29293E+11,098-US-0119  -000,HIGH,098-US-0119  -000,23.476,0,0,0,0,0,0,1,0,0,0,0,0,0
72922454,KSP0900,23-325711,20230715,1155,,,CEDAR HILLS,,RD,KY1426,KY1426,0,098 KY-1426,KY1426,N,N,NULL,NULL,NULL,N,NULL,NULL,NULL,NULL,NULL,NULL,4.489,NULL,NULL,NULL,NULL,,NULL,0,0,1,1,N,N,35,NULL,98,9801,NULL,,Y,37.46157,37,27.695,NULL,-82.52937,82,31.762,NULL,N,NULL,NULL,NULL,NULL,NULL,NULL,NULL,NULL,9,5,2,6,1,1,2,2,7,3,N,NULL,Y,N,1155,1209,1209,N,NULL,44,,0,N,,N,N,098-KY-1426-0,NULL,NULL,2023,O,7.29225E+11,098-KY-1426  -000,HIGH,098-KY-1426  -000,4.483,0,0,1,0,0,0,1,0,0,0,0,1,0
72980036,370200,2023474485,20231129,1357,,,US460,,,US0460,US0460,0,098 US-460,US0460,N,N,NULL,NULL,NULL,N,NULL,NULL,NULL,NULL,NULL,NULL,1.697,NULL,NULL,NULL,NULL,,NULL,0,0,2,2,N,N,45,NULL,98,9801,NULL,,Y,37.42957,37,25.774,NULL,-82.49614,82,29.768,NULL,N,NULL,NULL,NULL,NULL,NULL,NULL,NULL,NULL,5,5,2,6,1,1,2,2,7,1,N,NULL,Y,N,1357,1406,1406,N,NULL,47,,1,N,,N,N,098-US-0460-0,NULL,NULL,2023,O,7.298E+11,098-US-0460  -000,HIGH,098-US-0460  -000,1.684,0,0,0,1,0,0,1,0,0,0,0,0,0
72956202,KSP0900,23-417036,20231007,1850,,,KY611,,,KY0611,KY0611,0,098 KY-611,KY0611,N,N,NULL,NULL,NULL,N,NULL,NULL,NULL,NULL,NULL,NULL,3.585,NULL,NULL,NULL,NULL,,NULL,1,0,1,1,N,N,55,NULL,98,9806,NULL,,Y,37.31805,37,19.083,NULL,-82.50928,82,30.557,NULL,N,NULL,NULL,NULL,NULL,NULL,NULL,NULL,NULL,9,3,2,1,1,1,2,2,7,3,Y,NULL,Y,Y,1854,1901,2000,N,NULL,44,8,0,N,,N,N,098-KY-0611-0,NULL,NULL,2023,B,7.29562E+11,098-KY-0611  -000,HIGH,098-KY-0611  -000,3.562,0,0,0,0,0,0,0,0,0,0,0,1,0
72936393,KSP0900,23-364608,20230819,2300,,,COWPEN,,RD,KY2061,KY2061,0,098 KY-2061,KY2061,N,N,NULL,NULL,NULL,N,NULL,NULL,NULL,NULL,NULL,NULL,3.649,NULL,NULL,NULL,NULL,,NULL,1,0,1,1,N,N,55,NULL,98,9807,NULL,,Y,37.56263,37,33.758,NULL,-82.55746,82,33.447,NULL,N,NULL,NULL,NULL,NULL,NULL,NULL,NULL,NULL,9,3,2,2,1,1,2,6,7,3,Y,NULL,N,Y,2241,2304,30,N,NULL,38,,0,N,,N,N,098-KY-2061-0,NULL,NULL,2023,C,7.29364E+11,098-KY-2061  -000,HIGH,098-KY-2061  -000,3.648,0,0,0,1,0,0,0,0,0,0,0,1,0
72989043,KSP0900,23-498839,20231222,751,,,SCHOOLHOUSE,,RD,,,0,098 CR-1267L,CR1267L,N,N,NULL,NULL,NULL,N,NULL,NULL,NULL,NULL,NULL,NULL,0.214,NULL,NULL,NULL,NULL,,NULL,0,0,1,1,N,N,5,NULL,98,9824,NULL,,Y,37.42636,37,25.582,NULL,-82.49152,82,29.491,NULL,N,NULL,NULL,NULL,NULL,NULL,NULL,NULL,NULL,9,97,1,5,2,1,2,2,7,3,N,NULL,Y,Y,751,822,751,Y,NULL,70,,,N,,N,N,098-CR-1267L-0,NULL,NULL,2023,O,7.2989E+11,098-CR-1267L -000,HIGH,098-CR-1267L -000,0.222,0,0,0,0,0,0,0,0,0,0,0,0,0
72978415,KSP0900,23-467434,20231122,1459,,,US23,,,US0023,US0023,0,098 US-23-10,US0023,N,N,NULL,NULL,NULL,N,NULL,NULL,NULL,NULL,NULL,NULL,5.229,NULL,NULL,NULL,NULL,,NULL,2,0,1,1,N,N,55,NULL,98,9809,NULL,,Y,37.28215,37,16.929,NULL,-82.56148,82,33.689,NULL,N,NULL,NULL,NULL,NULL,NULL,NULL,NULL,NULL,9,5,4,1,1,5,6,2,7,3,Y,NULL,Y,Y,1459,1521,1600,N,NULL,44,,1,N,,N,N,098-US-0023-10,NULL,NULL,2023,C,7.29784E+11,098-US-0023  -010,HIGH,098-US-0023  -000,5.226,0,0,0,0,0,0,0,0,0,0,0,1,0