MasterFile,AgencyORINumber,LocalCode,CollisionDate,CollisionTime,CollisionDayWeekCode,RoadwayName_HouseBusinessNumber_,RoadwayName_RoadwayName_,RoadwayName_Direction_,RoadwayName_RoadwaySuffix_,RoadwayfromReport,CurrentRoadwayNumber,RoadwayNumberCoupletID,RSEUniqueGIS,RoadwayIdentifier,ParkingLotIndicator,IntersectionWith_Indicator_,IntersectionWith_NameRoadway_,IntersectionWith_Direction_,IntersectionWith_RoadwaySuffix_,BetweenStreets_Indicator_,BetweenStreets1_NameRoadway_,BetweenStreet1_Direction_,BetweenStreets1_RoadwaySuffix_,BetweenStreets2_NameRoadway_,BetweenStreets2_Direction_,BetweenStreets2_RoadwaySuffix_,Milepoint,ReportMilepointDeriveNumber,CurrentDerivedMiepointNumber,MilestoMilepoint,FeettoMilepoint,DirectionfromMilepoint_NSEW_,ValidMilepointIndicator,NumberInjured,NumberKilled,ofUnits,ofMotorVehicleUnits,Hit&RunIndicator,OneWayIndicator,SpeedLimitNumber,KilometersIndicator,CountyCode,CityCountyCode,MilesFromCity,DirectionFromCity_NSEW_,InCityLimitsIndicator,Latitude,LatitudeDegrees,LatitudeMinutes,LatitudeSeconds,Longitude,LongitudeDegrees,LongitudeMinutes,LongitudeSeconds,RampIndicator,RampFromIdentifier,RampFromDirCode,RampFromCoupletID,RSEUniqueGISRampFrom,RampToidentifier,RampToDirCode,RampToCoupletID,RSEUniqueGisRampTo,MannerofCollisionCode,LocationFirstEventCode,TotalLanes,RoadwayCharacterCode,RoadwaySurfaceCode,RoadwayConditionCode,WeatherCode,LightConditionCode,LandUseCode,SchoolBusRelatedCode,FirstAidSceneIndicator,CollDescPresentInd,InvestigationCompleteIndicator,PhotosTakenIndicator,TimeNotified,TimeArrived,TimeRoadwayOpened,PropertyDamageIndicator,DiagramPresentIndicator,DirectionalAnalysis,FunctionClassCode,NationalHwySysCode,EnforcementsIndicator,KARSCityCode,SecondaryCollisionIndicator,MedianCrossoverIndicator,RT_UNIQUE,MapIt,TimeLastLeft,YR,KABCO,MFNY,WorkingRID,RT_CONFIDENCE,KTC_RT,KTC_MP,Motorcyclist,CommercialVehicle,YoungDriver,MatureDriver,pedestrian,Bicyclist,Distracted,agressive,Impaired,Unrestrained,Intersection,RoadwayDeparture,MedXover
72985099,KSP0900,23-481597,20231206,655,,,BALL,,FRK,,,0,098 CR-1556,CR1556,N,N,NULL,NULL,NULL,N,NULL,NULL,NULL,NULL,NULL,NULL,0.014,NULL,NULL,NULL,NULL,,NULL,0,0,2,2,N,N,35,NULL,98,9872,NULL,,Y,37.55861,37,33.517,NULL,-82.25499,82,15.299,NULL,N,NULL,NULL,NULL,NULL,NULL,NULL,NULL,NULL,1,3,2,3,1,5,3,6,7,1,N,NULL,N,N,655,715,730,N,NULL,55,,,N,,N,N,098-CR-1556-0,NULL,NULL,2023,O,7.29851E+11,098-CR-1556  -000,HIGH,098-CR-1556  -000,0.013,0,0,0,0,0,0,0,1,0,0,0,1,0
72888964,980100,2.023E+11,20230415,1553,,,CASSIDY,,BLVD,,,0,098 CS-1191,CS1191,N,N,NULL,NULL,NULL,N,NULL,NULL,NULL,NULL,NULL,NULL,0.246,NULL,NULL,NULL,NULL,,NULL,0,0,2,2,N,N,15,NULL,98,9801,NULL,,Y,37.50466,37,30.279,NULL,-82.53587,82,32.152,NULL,N,NULL,NULL,NULL,NULL,NULL,NULL,NULL,NULL,2,3,2,6,1,1,2,2,1,3,N,NULL,Y,N,1553,1601,1601,N,NULL,56,,,N,,N,N,098-CS-1191-0,NULL,NULL,2023,O,7.2889E+11,098-CS-1191  -000,HIGH,098-CS-1191  -000,0.235,0,0,1,0,0,0,1,0,0,0,0,0,0
72944237,KSP0900,23-386991,20230909,1200,,,US23,,,US0023,US0023,,,,N,N,NULL,NULL,NULL,N,NULL,NULL,NULL,NULL,NULL,NULL,29.352,NULL,NULL,NULL,NULL,,NULL,0,0,2,2,N,N,45,NULL,98,9807,NULL,,Y,37.52832,37,31.699,NULL,-82.57483,82,34.49,NULL,N,NULL,NULL,NULL,NULL,NULL,NULL,NULL,NULL,5,3,6,6,1,1,2,2,7,3,N,NULL,N,N,1200,1210,1224,N,NULL,70,,1,N,,N,N,,NULL,NULL,2023,O,7.29442E+11,098-US-0023  -000,MEDIUM,098-US-0023  -000,29.329,0,0,0,1,0,0,1,0,0,0,0,0,0
72964787,980100,2.023E+11,20231026,1559,,,OWENS,,DR,,,,,,N,N,NULL,NULL,NULL,N,NULL,NULL,NULL,NULL,NULL,NULL,0.006,NULL,NULL,NULL,NULL,,NULL,0,0,2,2,N,N,15,NULL,98,9801,NULL,,Y,37.48691,37,29.215,NULL,-82.52828,82,31.697,NULL,N,NULL,NULL,NULL,NULL,NULL,NULL,NULL,NULL,3,3,1,5,1,1,2,2,6,3,N,NULL,Y,N,1559,1608,1618,N,NULL,52,,,N,,N,N,,NULL,NULL,2023,O,7.29648E+11,098-PR-1185  -000,HIGH,098-PR-1185  -000,0.001,0,0,0,0,0,0,1,0,0,0,0,1,0
72975822,980100,2.023E+11,20231107,1745,,186,COLLEGE,S,ST,,,0,098 CS-1152,CS1152,N,N,NULL,NULL,NULL,N,NULL,NULL,NULL,NULL,NULL,NULL,0.289,NULL,NULL,NULL,NULL,,NULL,2,0,3,1,N,N,25,NULL,98,9801,NULL,,Y,37.47479,37,28.487,NULL,-82.52592,82,31.555,NULL,N,NULL,NULL,NULL,NULL,NULL,NULL,NULL,NULL,9,3,2,2,1,1,2,3,6,3,N,NULL,Y,Y,1748,1748,1748,N,NULL,36,,,N,,N,N,098-CS-1152-0,NULL,NULL,2023,C,7.29758E+11,098-CS-1152  -000,HIGH,098-CS-1152  -000,0.216,0,0,0,0,1,0,0,0,0,0,0,0,0
72970065,980100,2.023E+11,20231105,1240,,730,CEDAR HILLS,,RD,KY1426,KY1426,,,,Y,N,NULL,NULL,NULL,N,NULL,NULL,NULL,NULL,NULL,NULL,3.786,NULL,NULL,NULL,NULL,,NULL,0,0,2,2,N,N,15,NULL,98,9801,NULL,,Y,37.45262,37,27.157,NULL,-82.53358,82,32.015,NULL,N,NULL,NULL,NULL,NULL,NULL,NULL,NULL,NULL,2,97,NULL,6,1,1,2,2,5,3,N,NULL,Y,N,1240,1247,,N,NULL,90,8,0,N,,N,N,,NULL,NULL,2023,O,7.29701E+11,098-KY-1426  -000,HIGH,098-KY-1426  -000,3.752,0,0,1,0,0,0,1,0,0,1,0,0,0
72938026,980500,2023AR038,20230818,1900,,,US23,,,US0023,US0023,0,098 US-23-10,US0023,N,Y,MAIN ST CONN,,,N,NULL,NULL,NULL,NULL,NULL,NULL,28.614,NULL,NULL,NULL,NULL,,NULL,1,0,2,2,N,N,45,NULL,98,9807,NULL,,Y,37.51979,37,31.188,NULL,-82.56736,82,34.042,NULL,N,NULL,NULL,NULL,NULL,NULL,NULL,NULL,NULL,1,3,4,6,1,1,2,2,1,3,Y,NULL,Y,Y,1900,1902,1945,N,NULL,10,,1,N,,N,N,098-US-0023-10,NULL,NULL,2023,B,7.2938E+11,098-US-0023  -010,HIGH,098-US-0023  -000,28.605,0,0,1,0,0,0,0,1,0,1,1,0,0
72979611,KSP0900,23-467777,20231122,2018,,,KY611,,,KY0611,KY0611,0,098 KY-611,KY0611,N,N,NULL,NULL,NULL,N,NULL,NULL,NULL,NULL,NULL,NULL,4.95,NULL,NULL,NULL,NULL,,NULL,0,0,2,2,N,N,55,NULL,98,9809,NULL,,Y,37.31806,37,19.083,NULL,-82.53159,82,31.895,NULL,N,NULL,NULL,NULL,NULL,NULL,NULL,NULL,NULL,7,3,2,6,1,5,6,6,8,3,N,NULL,Y,Y,2018,2034,2100,N,NULL,54,8,0,N,,N,N,098-KY-0611-0,NULL,NULL,2023,O,7.29796E+11,098-KY-0611  -000,HIGH,098-KY-0611  -000,4.951,0,0,0,0,0,0,0,0,0,0,0,1,0
72982191,KSP0900,23-479027,20231203,1813,,,BRUSHY,,RD,KY0881,KY0881,0,098 KY-881,KY0881,N,N,NULL,NULL,NULL,N,NULL,NULL,NULL,NULL,NULL,NULL,3.827,NULL,NULL,NULL,NULL,,NULL,0,0,1,1,N,N,55,NULL,98,9820,NULL,,Y,37.61187,37,36.712,NULL,-82.41149,82,24.689,NULL,N,NULL,NULL,NULL,NULL,NULL,NULL,NULL,NULL,9,3,2,6,1,1,2,6,7,3,N,NULL,Y,N,1813,1835,1835,N,NULL,38,8,0,N,,N,N,098-KY-0881-0,NULL,NULL,2023,O,7.29822E+11,098-KY-0881  -000,HIGH,098-KY-0881  -000,3.83,0,0,0,0,0,0,0,0,0,0,0,0,0
72956668,980100,2.023E+11,20231009,1237,,,US23,,,US0023,US0023,,,,N,N,NULL,NULL,NULL,N,NULL,NULL,NULL,NULL,NULL,NULL,23.565,NULL,NULL,NULL,NULL,,NULL,0,0,2,2,N,N,55,NULL,98,9801,NULL,,Y,37.47123,37,28.274,NULL,-82.53368,82,32.021,NULL,N,NULL,NULL,NULL,NULL,NULL,NULL,NULL,NULL,1,3,5,6,1,5,6,2,7,3,N,NULL,Y,N,1237,1248,,N,NULL,55,,1,N,,N,N,,NULL,NULL,2023,O,7.29567E+11,098-US-0023  -000,MEDIUM,098-US-0023  -000,23.524,0,0,0,0,0,0,1,0,0,0,0,0,0
72920191,KSP0900,23-319042,20230709,1453,,,KY194,,,KY0194,KY0194,,,,N,N,NULL,NULL,NULL,N,NULL,NULL,NULL,NULL,NULL,NULL,18.897,NULL,NULL,NULL,NULL,,NULL,2,0,2,2,N,N,55,NULL,98,9817,NULL,,Y,37.55736,37,33.442,NULL,-82.41504,82,24.902,NULL,N,NULL,NULL,NULL,NULL,NULL,NULL,NULL,NULL,3,3,2,3,1,5,6,2,7,3,Y,NULL,N,Y,1453,1526,1549,N,NULL,52,6,5,N,,N,N,,NULL,NULL,2023,C,7.29202E+11,098-KY-0194  -000,HIGH,098-KY-0194  -000,18.934,0,0,0,0,0,0,0,1,0,0,0,1,0
72970675,980200,980200,20231005,1935,,,ELKHORN,,CRK,KY0197,KY0197,0,098 KY-197,KY0197,Y,N,NULL,NULL,NULL,N,NULL,NULL,NULL,NULL,NULL,NULL,15.551,NULL,NULL,NULL,NULL,,NULL,0,0,2,2,N,N,35,NULL,98,9802,NULL,,Y,37.29544,37,17.726,NULL,-82.3629,82,21.774,NULL,N,NULL,NULL,NULL,NULL,NULL,NULL,NULL,NULL,2,97,2,6,1,1,2,8,1,3,N,NULL,Y,Y,1941,1942,2000,N,NULL,90,7,0,N,,N,N,098-KY-0197-0,NULL,NULL,2023,O,7.29707E+11,098-KY-0197  -000,HIGH,098-KY-0197  -000,15.622,0,0,0,0,0,0,1,0,0,0,0,0,0
72947371,KSP0900,23-360415,20230816,1043,,,KY632,,,KY0632,KY0632,0,098 KY-632,KY0632,N,N,NULL,NULL,NULL,N,NULL,NULL,NULL,NULL,NULL,NULL,7.941,NULL,NULL,NULL,NULL,,NULL,0,1,1,1,N,N,55,NULL,98,9817,NULL,,Y,37.48804,37,29.283,NULL,-82.23006,82,13.804,NULL,N,NULL,NULL,NULL,NULL,NULL,NULL,NULL,NULL,9,3,2,5,1,1,2,2,7,3,Y,NULL,Y,N,1043,1140,1300,N,NULL,44,6,0,N,,N,N,098-KY-0632-0,NULL,NULL,2023,K,7.29474E+11,098-KY-0632  -000,HIGH,098-KY-0632  -000,7.95,0,0,0,0,0,0,0,0,0,1,0,1,0
72988856,KSP0900,23-490817,20231214,1633,,,BALL,,FRK,,,0,098 CR-1556,CR1556,N,N,NULL,NULL,NULL,N,NULL,NULL,NULL,NULL,NULL,NULL,0.323,NULL,NULL,NULL,NULL,,NULL,0,0,1,1,N,N,20,NULL,98,9872,NULL,,Y,37.55526,37,33.316,NULL,-82.2515,82,15.09,NULL,N,NULL,NULL,NULL,NULL,NULL,NULL,NULL,NULL,9,4,1,3,1,1,2,2,7,3,N,NULL,Y,N,1635,1653,1655,N,NULL,51,,,N,,N,N,098-CR-1556-0,NULL,NULL,2023,O,7.29889E+11,098-CR-1556  -000,HIGH,098-CR-1556  -000,0.325,0,0,0,1,0,0,1,0,0,0,0,1,0
72979102,980100,2.023E+11,20231102,1311,,,JULIUS,,AVE,,,0,098 CS-1156,CS1156,Y,N,NULL,NULL,NULL,N,NULL,NULL,NULL,NULL,NULL,NULL,0.117,NULL,NULL,NULL,NULL,,NULL,0,0,2,2,Y,N,NULL,NULL,98,9801,NULL,,Y,37.47779,37,28.667,NULL,-82.52345,82,31.407,NULL,N,NULL,NULL,NULL,NULL,NULL,NULL,NULL,NULL,2,97,NULL,4,1,1,2,7,6,3,N,NULL,Y,N,1311,1315,1315,N,NULL,90,,,N,,N,N,098-CS-1156-0,NULL,NULL,2023,NULL,7.29791E+11,098-CS-1156  -000,HIGH,098-CS-1156  -000,0.117,0,0,0,0,0,0,1,0,0,0,0,0,0
72981902,980000,23-11-004,20231124,1030,,,US23,,,US0023,US0023,0,098 US-23,US0023,N,N,NULL,NULL,NULL,N,NULL,NULL,NULL,NULL,NULL,NULL,30.112,NULL,NULL,NULL,NULL,,NULL,0,0,1,1,N,N,55,NULL,98,9801,NULL,,Y,37.53864,37,32.318,NULL,-82.58083,82,34.849,NULL,N,NULL,NULL,NULL,NULL,NULL,NULL,NULL,NULL,9,3,4,6,1,1,2,7,7,3,N,NULL,Y,Y,1030,1115,1030,N,NULL,38,,1,N,,N,N,098-US-0023-0,NULL,NULL,2023,O,7.29819E+11,098-US-0023  -000,HIGH,098-US-0023  -000,30.114,0,0,0,0,0,0,0,0,0,0,0,0,0
72893414,980500,2023AR017,20230428,1405,,4143,MAYO TRAIL,N,,,,,,,Y,N,NULL,NULL,NULL,N,NULL,NULL,NULL,NULL,NULL,NULL,NULL,NULL,NULL,NULL,NULL,NULL,NULL,0,0,2,2,N,N,NULL,NULL,98,9801,NULL,,Y,37.52261,37,31.357,NULL,-82.57157,82,34.294,NULL,N,NULL,NULL,NULL,NULL,NULL,NULL,NULL,NULL,2,97,2,6,1,1,2,2,5,3,N,NULL,Y,Y,1405,1410,1410,N,NULL,90,,,N,,N,N,,NULL,NULL,2023,O,7.28934E+11,098-US-0023  -010,MEDIUM,098-US-0023  -000,28.904,0,0,0,0,0,0,1,0,0,0,0,0,0
72923075,980100,2.023E+11,20230716,1017,,,US23,,,US0023,US0023,0,098 US-23,US0023,N,N,NULL,NULL,NULL,N,NULL,NULL,NULL,NULL,NULL,NULL,25.153,NULL,NULL,NULL,NULL,,NULL,0,0,2,2,N,N,55,NULL,98,9801,NULL,,Y,37.4897,37,29.382,NULL,-82.53819,82,32.291,NULL,N,NULL,NULL,NULL,NULL,NULL,NULL,NULL,NULL,8,3,4,6,1,1,3,2,7,3,N,NULL,Y,N,1017,1023,1023,N,NULL,53,,1,Y,,N,N,098-US-0023-0,NULL,NULL,2023,O,7.29231E+11,098-US-0023  -000,HIGH,098-US-0023  -000,25.091,0,0,0,1,0,0,0,0,0,0,0,1,0
72930871,KSP0900,23-344083,20230731,1908,,,KY1426,,,KY1426,KY1426,0,098 KY-1426,KY1426,N,N,NULL,NULL,NULL,N,NULL,NULL,NULL,NULL,NULL,NULL,12.732,NULL,NULL,NULL,NULL,,NULL,1,0,1,1,N,N,55,NULL,98,9828,NULL,,Y,37.54585,37,32.751,NULL,-82.46658,82,27.995,NULL,N,NULL,NULL,NULL,NULL,NULL,NULL,NULL,NULL,9,3,2,3,1,1,2,2,7,3,Y,NULL,Y,Y,1908,1908,1908,N,NULL,70,7,0,N,,N,N,098-KY-1426-0,NULL,NULL,2023,C,7.29309E+11,098-KY-1426  -000,HIGH,098-KY-1426  -000,12.727,1,0,0,0,0,0,0,0,0,0,0,0,0
72952525,KSP0900,23-407982,20230928,2304,,,KY194,,,KY0194,KY0194,0,098 KY-194,KY0194,N,N,NULL,NULL,NULL,N,NULL,NULL,NULL,NULL,NULL,NULL,55.491,NULL,NULL,NULL,NULL,,NULL,0,0,1,1,N,N,35,NULL,98,9804,NULL,,Y,37.51795,37,31.077,NULL,-82.15379,82,9.228,NULL,N,NULL,NULL,NULL,NULL,NULL,NULL,NULL,NULL,9,3,2,6,1,1,3,6,7,3,N,NULL,Y,N,2304,2304,2304,N,NULL,38,7,0,N,,N,N,098-KY-0194-0,NULL,NULL,2023,O,7.29525E+11,098-KY-0194  -000,HIGH,098-KY-0194  -000,55.487,0,0,0,0,0,0,0,0,0,0,0,0,0
72936005,KSP0900,23-358350,20230814,1011,,,WILLIAMSON,,RD,KY0292,KY0292,0,098 KY-292,KY0292,N,N,NULL,NULL,NULL,N,NULL,NULL,NULL,NULL,NULL,NULL,9.701,NULL,NULL,NULL,NULL,,NULL,2,0,2,2,Y,N,45,NULL,98,9834,NULL,,Y,37.70617,37,42.37,NULL,-82.30608,82,18.365,NULL,N,NULL,NULL,NULL,NULL,NULL,NULL,NULL,NULL,7,3,2,6,1,5,6,2,7,3,Y,NULL,Y,Y,1011,1011,1011,N,NULL,54,7,0,N,,N,N,098-KY-0292-0,NULL,NULL,2023,C,7.2936E+11,098-KY-0292  -000,HIGH,098-KY-0292  -000,9.71,0,0,0,0,0,0,0,0,0,0,0,1,0
72990792,KSP0900,23-498782,20231222,220,,,KY199,,,KY0199,KY0199,0,098 KY-199,KY0199,N,N,NULL,NULL,NULL,N,NULL,NULL,NULL,NULL,NULL,NULL,8.327,NULL,NULL,NULL,NULL,,NULL,0,0,1,1,N,N,35,NULL,98,9872,NULL,,Y,37.56223,37,33.734,NULL,-82.26186,82,15.712,NULL,N,NULL,NULL,NULL,NULL,NULL,NULL,NULL,NULL,9,3,2,6,1,1,2,6,7,3,N,NULL,Y,Y,220,328,328,Y,NULL,40,7,0,Y,,N,N,098-KY-0199-0,NULL,NULL,2023,O,7.29908E+11,098-KY-0199  -000,HIGH,098-KY-0199  -000,8.324,0,0,0,1,0,0,0,0,1,0,0,1,0
72918156,980100,2.023E+11,20230703,748,,421,STONEHENGE,,DR,,,0,098 CR-1376,CR1376,N,N,NULL,NULL,NULL,N,NULL,NULL,NULL,NULL,NULL,NULL,0.361,NULL,NULL,NULL,NULL,,NULL,0,0,1,1,N,N,15,NULL,98,9801,NULL,,Y,37.50219,37,30.131,NULL,-82.54687,82,32.812,NULL,N,NULL,NULL,NULL,NULL,NULL,NULL,NULL,NULL,9,4,1,1,1,5,3,2,6,3,N,NULL,Y,N,748,755,840,N,NULL,44,,,N,,N,N,098-CR-1376-0,NULL,NULL,2023,O,7.29182E+11,098-CR-1376  -000,MEDIUM,098-CR-1376  -000,0,0,0,0,0,0,0,0,0,0,0,0,1,0
72955671,980100,2.023E+11,20230929,1201,,,KY3496,,,KY3496,KY3496,0,098 KY-3496,KY3496,N,N,NULL,NULL,NULL,N,NULL,NULL,NULL,NULL,NULL,NULL,0.694,NULL,NULL,NULL,NULL,,NULL,0,0,2,2,N,N,35,NULL,98,9801,NULL,,Y,37.47186,37,28.312,NULL,-82.53145,82,31.887,NULL,N,NULL,NULL,NULL,NULL,NULL,NULL,NULL,NULL,4,3,2,6,1,1,2,2,1,3,N,NULL,Y,N,1201,1212,1212,N,NULL,70,16,0,N,,N,N,098-KY-3496-0,NULL,NULL,2023,O,7.29557E+11,098-KY-3496  -000,HIGH,098-KY-3496  -000,0.698,0,0,0,1,0,0,1,0,0,0,0,0,0
72894031,980100,2.023E+11,20230413,1054,,,KY3496,,,KY3496,KY3496,0,098 KY-3496,KY3496,N,N,NULL,NULL,NULL,N,NULL,NULL,NULL,NULL,NULL,NULL,0.131,NULL,NULL,NULL,NULL,,NULL,0,0,2,2,N,N,35,NULL,98,9801,NULL,,Y,37.46613,37,27.967,NULL,-82.53004,82,31.803,NULL,N,NULL,NULL,NULL,NULL,NULL,NULL,NULL,NULL,4,3,2,6,1,1,2,2,7,3,N,NULL,Y,N,1054,1101,1101,N,NULL,70,16,0,N,,N,N,098-KY-3496-0,NULL,NULL,2023,O,7.2894E+11,098-KY-3496  -000,HIGH,098-KY-3496  -000,0.137,0,0,0,0,0,0,1,0,0,0,0,0,0
72952629,980100,2.023E+11,20230928,1918,,,CASSIDY,,BLVD,,,0,098 CS-1191,CS1191,Y,N,NULL,NULL,NULL,N,NULL,NULL,NULL,NULL,NULL,NULL,0.182,NULL,NULL,NULL,NULL,,NULL,0,0,2,2,N,N,15,NULL,98,9801,NULL,,Y,37.50386,37,30.232,NULL,-82.53497,82,32.098,NULL,N,NULL,NULL,NULL,NULL,NULL,NULL,NULL,NULL,1,97,2,6,1,5,6,5,1,3,N,NULL,Y,N,1918,1928,1928,N,NULL,90,,,N,,N,N,098-CS-1191-0,NULL,NULL,2023,O,7.29526E+11,098-CS-1191  -000,HIGH,098-CS-1191  -000,0.161,0,0,0,0,0,0,0,0,0,0,0,0,0
72953250,KSP0900,23-409568,20230930,1423,,,KY1426,,,KY1426,KY1426,0,098 KY-1426,KY1426,N,N,NULL,NULL,NULL,N,NULL,NULL,NULL,NULL,NULL,NULL,11.795,NULL,NULL,NULL,NULL,,NULL,2,0,2,2,N,N,35,NULL,98,9828,NULL,,Y,37.53361,37,32.017,NULL,-82.4669,82,28.014,NULL,N,NULL,NULL,NULL,NULL,NULL,NULL,NULL,NULL,7,3,2,6,1,1,2,2,7,3,Y,NULL,Y,Y,1423,1442,1500,N,NULL,54,7,0,N,,N,N,098-KY-1426-0,NULL,NULL,2023,B,7.29533E+11,098-KY-1426  -000,HIGH,098-KY-1426  -000,11.792,0,0,0,1,0,0,0,0,0,0,0,1,0
72977752,KSP0900,23-469711,20231124,2220,,,US23,,,US0023,US0023,0,098 US-23,US0023,N,N,NULL,NULL,NULL,N,NULL,NULL,NULL,NULL,NULL,NULL,16.277,NULL,NULL,NULL,NULL,,NULL,0,0,1,1,N,N,55,NULL,98,9824,NULL,,Y,37.41369,37,24.821,NULL,-82.53136,82,31.882,NULL,N,NULL,NULL,NULL,NULL,NULL,NULL,NULL,NULL,9,3,4,5,1,1,2,6,7,3,N,NULL,N,N,2230,2240,2300,N,NULL,38,,1,N,,N,N,098-US-0023-0,NULL,NULL,2023,O,7.29778E+11,098-US-0023  -000,HIGH,098-US-0023  -000,16.265,0,0,0,0,0,0,0,0,0,0,0,0,0
72933415,KSP0900,23-356706,20230812,1648,,,ELKHORN,,CRK,KY0197,KY0197,0,098 KY-197,KY0197,N,N,NULL,NULL,NULL,N,NULL,NULL,NULL,NULL,NULL,NULL,7.508,NULL,NULL,NULL,NULL,,NULL,0,0,2,2,N,N,55,NULL,98,9864,NULL,,Y,37.25914,37,15.549,NULL,-82.46519,82,27.912,NULL,N,NULL,NULL,NULL,NULL,NULL,NULL,NULL,NULL,1,3,2,3,1,1,2,2,7,3,N,NULL,Y,N,1653,1738,,N,NULL,55,7,0,N,,N,N,098-KY-0197-0,NULL,NULL,2023,O,7.29334E+11,098-KY-0197  -000,HIGH,098-KY-0197  -000,7.51,0,0,0,1,0,0,1,0,0,0,0,0,0
72890270,KSP0900,23-154032,20230423,853,,,COLLINS,,HWY,KY0122,KY0122,0,098 KY-122,KY0122,N,N,NULL,NULL,NULL,N,NULL,NULL,NULL,NULL,NULL,NULL,15.182,NULL,NULL,NULL,NULL,,NULL,0,0,1,1,N,N,55,NULL,98,9824,NULL,,Y,37.41696,37,25.018,NULL,-82.495,82,29.7,NULL,N,NULL,NULL,NULL,NULL,NULL,NULL,NULL,NULL,9,4,2,3,1,1,3,2,7,3,N,NULL,Y,N,853,1017,1034,N,NULL,44,,0,N,,N,N,098-KY-0122-0,NULL,NULL,2023,O,7.28903E+11,098-KY-0122  -000,HIGH,098-KY-0122  -000,15.18,0,0,0,0,0,0,0,0,0,0,0,1,0
72890527,KSP0900,23-136902,20230411,740,,,KY2167,,,KY2167,KY2167,,,,N,N,NULL,NULL,NULL,N,NULL,NULL,NULL,NULL,NULL,NULL,0.234,NULL,NULL,NULL,NULL,,NULL,0,0,2,2,N,N,25,NULL,98,9823,NULL,,Y,37.38456,37,23.074,NULL,-82.54107,82,32.464,NULL,N,NULL,NULL,NULL,NULL,NULL,NULL,NULL,NULL,5,3,2,6,1,1,2,2,7,3,N,NULL,N,N,740,824,824,N,NULL,49,7,0,N,,N,N,,NULL,NULL,2023,O,7.28905E+11,098-KY-2167  -000,HIGH,098-KY-2167  -000,0.234,0,0,0,0,0,0,1,0,0,0,0,0,0
72982114,KSP0900,23-480989,20231205,1428,,,KENDRICK,,FRK,,,0,098 CR-1312,CR1312,N,N,NULL,NULL,NULL,N,NULL,NULL,NULL,NULL,NULL,NULL,0.324,NULL,NULL,NULL,NULL,,NULL,0,0,2,2,N,N,15,NULL,98,9801,NULL,,Y,37.45699,37,27.419,NULL,-82.45827,82,27.497,NULL,N,NULL,NULL,NULL,NULL,NULL,NULL,NULL,NULL,7,3,1,6,1,1,3,2,6,3,N,NULL,Y,N,1452,1501,1530,N,NULL,54,,,N,,N,N,098-CR-1312-0,NULL,NULL,2023,O,7.29821E+11,098-CR-1312  -000,HIGH,098-CR-1312  -000,0.317,0,0,0,0,0,0,1,0,0,0,0,1,0
72901657,980100,2.023E+11,20230520,1313,,,THOMPSON,,RD,,,0,098 CS-1215,CS1215,Y,N,NULL,NULL,NULL,N,NULL,NULL,NULL,NULL,NULL,NULL,0.465,NULL,NULL,NULL,NULL,,NULL,0,0,2,2,N,N,NULL,NULL,98,9801,NULL,,Y,37.50621,37,30.372,NULL,-82.54427,82,32.657,NULL,N,NULL,NULL,NULL,NULL,NULL,NULL,NULL,NULL,7,97,NULL,6,1,5,3,2,5,3,N,NULL,Y,N,1313,1325,1313,N,NULL,90,,,N,,N,N,098-CS-1215-0,NULL,NULL,2023,O,7.29017E+11,098-CS-1215  -000,HIGH,098-CS-1215  -000,0.475,0,0,0,1,0,0,1,0,0,0,0,0,0
72921935,980100,2.023E+11,20230713,1429,,,KY3417,,,KY3417,KY3417,0,098 KY-3417,KY3417,N,N,NULL,NULL,NULL,N,NULL,NULL,NULL,NULL,NULL,NULL,0.374,NULL,NULL,NULL,NULL,,NULL,0,0,2,2,N,N,35,NULL,98,9801,NULL,,Y,37.46672,37,28.003,NULL,-82.5583,82,33.498,NULL,N,NULL,NULL,NULL,NULL,NULL,NULL,NULL,NULL,7,3,2,3,1,1,2,2,6,3,N,NULL,Y,N,1429,1436,1440,N,NULL,54,17,0,N,,N,N,098-KY-3417-0,NULL,NULL,2023,O,7.29219E+11,098-KY-3417  -000,HIGH,098-KY-3417  -000,0.375,0,0,0,0,0,0,0,0,0,0,0,1,0
72911541,KSP0900,23-227445,20230615,1202,,,WILLIAMSON,,RD,KY0292,KY0292,0,098 KY-292,KY0292,N,N,NULL,NULL,NULL,N,NULL,NULL,NULL,NULL,NULL,NULL,5.324,NULL,NULL,NULL,NULL,,NULL,0,0,2,2,N,N,35,NULL,98,9834,NULL,,Y,37.67191,37,40.315,NULL,-82.28419,82,17.051,NULL,N,NULL,NULL,NULL,NULL,NULL,NULL,NULL,NULL,1,3,2,6,1,1,2,2,7,3,N,NULL,Y,N,1205,1234,1240,N,NULL,55,7,0,N,,N,N,098-KY-0292-0,NULL,NULL,2023,O,7.29115E+11,098-KY-0292  -000,HIGH,098-KY-0292  -000,5.33,0,0,1,0,0,0,1,0,0,0,0,0,0
72922748,KSP0900,23-326732,20230716,1104,,,US23,,,US0023,US0023,,,,N,N,NULL,NULL,NULL,N,NULL,NULL,NULL,NULL,NULL,NULL,11.789,NULL,NULL,NULL,NULL,,NULL,0,0,2,2,N,N,55,NULL,98,9827,NULL,,Y,37.36018,37,21.611,NULL,-82.55505,82,33.303,NULL,N,NULL,NULL,NULL,NULL,NULL,NULL,NULL,NULL,1,3,4,6,1,1,2,2,7,3,N,NULL,Y,N,1104,1104,1125,N,NULL,55,,1,N,,N,N,,NULL,NULL,2023,O,7.29227E+11,098-US-0023  -010,MEDIUM,098-US-0023  -000,11.779,0,0,0,0,0,0,0,1,0,0,0,0,0