MasterFile,AgencyORINumber,LocalCode,CollisionDate,CollisionTime,CollisionDayWeekCode,RoadwayName_HouseBusinessNumber_,RoadwayName_RoadwayName_,RoadwayName_Direction_,RoadwayName_RoadwaySuffix_,RoadwayfromReport,CurrentRoadwayNumber,RoadwayNumberCoupletID,RSEUniqueGIS,RoadwayIdentifier,ParkingLotIndicator,IntersectionWith_Indicator_,IntersectionWith_NameRoadway_,IntersectionWith_Direction_,IntersectionWith_RoadwaySuffix_,BetweenStreets_Indicator_,BetweenStreets1_NameRoadway_,BetweenStreet1_Direction_,BetweenStreets1_RoadwaySuffix_,BetweenStreets2_NameRoadway_,BetweenStreets2_Direction_,BetweenStreets2_RoadwaySuffix_,Milepoint,ReportMilepointDeriveNumber,CurrentDerivedMiepointNumber,MilestoMilepoint,FeettoMilepoint,DirectionfromMilepoint_NSEW_,ValidMilepointIndicator,NumberInjured,NumberKilled,ofUnits,ofMotorVehicleUnits,Hit&RunIndicator,OneWayIndicator,SpeedLimitNumber,KilometersIndicator,CountyCode,CityCountyCode,MilesFromCity,DirectionFromCity_NSEW_,InCityLimitsIndicator,Latitude,LatitudeDegrees,LatitudeMinutes,LatitudeSeconds,Longitude,LongitudeDegrees,LongitudeMinutes,LongitudeSeconds,RampIndicator,RampFromIdentifier,RampFromDirCode,RampFromCoupletID,RSEUniqueGISRampFrom,RampToidentifier,RampToDirCode,RampToCoupletID,RSEUniqueGisRampTo,MannerofCollisionCode,LocationFirstEventCode,TotalLanes,RoadwayCharacterCode,RoadwaySurfaceCode,RoadwayConditionCode,WeatherCode,LightConditionCode,LandUseCode,SchoolBusRelatedCode,FirstAidSceneIndicator,CollDescPresentInd,InvestigationCompleteIndicator,PhotosTakenIndicator,TimeNotified,TimeArrived,TimeRoadwayOpened,PropertyDamageIndicator,DiagramPresentIndicator,DirectionalAnalysis,FunctionClassCode,NationalHwySysCode,EnforcementsIndicator,KARSCityCode,SecondaryCollisionIndicator,MedianCrossoverIndicator,RT_UNIQUE,MapIt,TimeLastLeft,YR,KABCO,MFNY,WorkingRID,RT_CONFIDENCE,KTC_RT,KTC_MP,Motorcyclist,CommercialVehicle,YoungDriver,MatureDriver,pedestrian,Bicyclist,Distracted,agressive,Impaired,Unrestrained,Intersection,RoadwayDeparture,MedXover
72901693,980100,2.023E+11,20230519,1042,,238,CASSIDY,,BLVD,,,0,098 CS-1191,CS1191,Y,N,NULL,NULL,NULL,N,NULL,NULL,NULL,NULL,NULL,NULL,0.053,NULL,NULL,NULL,NULL,,NULL,0,0,2,2,N,N,NULL,NULL,98,9801,NULL,,Y,37.50368,37,30.221,NULL,-82.53302,82,31.981,NULL,N,NULL,NULL,NULL,NULL,NULL,NULL,NULL,NULL,2,97,1,6,1,1,2,2,1,3,N,NULL,Y,N,1042,1050,1050,N,NULL,90,,,N,,N,N,098-CS-1191-0,NULL,NULL,2023,O,7.29017E+11,098-CS-1191  -000,HIGH,098-CS-1191  -000,0.05,0,0,0,0,0,0,0,0,0,0,0,0,0
72927253,980100,2.023E+11,20230721,1224,,,JULIUS,,AVE,,,0,098 CS-1156,CS1156,N,N,NULL,NULL,NULL,N,NULL,NULL,NULL,NULL,NULL,NULL,0.005,NULL,NULL,NULL,NULL,,NULL,0,0,1,1,N,N,15,NULL,98,9801,NULL,,Y,37.47629,37,28.577,NULL,-82.52264,82,31.359,NULL,N,NULL,NULL,NULL,NULL,NULL,NULL,NULL,NULL,9,4,1,4,1,1,2,2,6,3,N,NULL,Y,N,1225,1226,1304,N,NULL,44,,,N,,N,N,098-CS-1156-0,NULL,NULL,2023,O,7.29273E+11,098-CS-1156  -000,HIGH,098-CS-1156  -000,0.004,0,0,0,0,0,0,0,0,0,1,0,1,0
72898069,KSP0900,23-181005,20230512,2111,,,FOREST HILLS,,RD,KY0308,KY0308,0,098 KY-308,KY0308,N,N,NULL,NULL,NULL,N,NULL,NULL,NULL,NULL,NULL,NULL,2.658,NULL,NULL,NULL,NULL,,NULL,0,0,1,1,N,N,55,NULL,98,9836,NULL,,Y,37.64806,37,38.883,NULL,-82.26824,82,16.095,NULL,N,NULL,NULL,NULL,NULL,NULL,NULL,NULL,NULL,9,3,2,6,1,5,6,6,7,3,N,NULL,N,N,2311,2320,2345,N,NULL,70,8,0,N,,N,N,098-KY-0308-0,NULL,NULL,2023,O,7.28981E+11,098-KY-0308  -000,HIGH,098-KY-0308  -000,2.653,0,0,0,0,0,0,0,0,0,0,0,1,0
72888955,KSP0900,23-149583,20230419,2159,,,BEAVER CK,,RD,KY1373,KY1373,0,098 KY-1373,KY1373,N,N,NULL,NULL,NULL,N,NULL,NULL,NULL,NULL,NULL,NULL,2.315,NULL,NULL,NULL,NULL,,NULL,0,0,1,1,N,N,55,NULL,98,9802,NULL,,Y,37.32646,37,19.588,NULL,-82.32513,82,19.508,NULL,N,NULL,NULL,NULL,NULL,NULL,NULL,NULL,NULL,9,3,4,6,1,1,2,6,7,3,N,NULL,Y,N,2159,2233,2233,N,NULL,38,8,0,N,,N,N,098-KY-1373-0,NULL,NULL,2023,O,7.2889E+11,098-KY-1373  -000,HIGH,098-KY-1373  -000,2.271,0,0,0,0,0,0,0,0,0,0,0,0,0
72955436,KSP0900,23-415160,20231005,2235,,,US119,,,US0119,US0119,0,098 US-119-10,US0119,N,N,NULL,NULL,NULL,N,NULL,NULL,NULL,NULL,NULL,NULL,25.383,NULL,NULL,NULL,NULL,,NULL,0,0,2,2,N,N,55,NULL,98,9834,NULL,,Y,37.67279,37,40.367,NULL,-82.28121,82,16.873,NULL,N,NULL,NULL,NULL,NULL,NULL,NULL,NULL,NULL,5,3,2,6,1,1,2,5,7,3,N,NULL,N,N,2235,2235,2235,N,NULL,70,2,1,N,,N,N,098-US-0119-10,NULL,NULL,2023,O,7.29554E+11,098-US-0119  -010,HIGH,098-US-0119  -000,25.382,0,0,0,1,0,0,0,0,0,0,0,0,0
72972630,KSP0900,23-454064,20231110,2053,,,KY194,,,KY0194,KY0194,0,098 KY-194,KY0194,N,N,NULL,NULL,NULL,N,NULL,NULL,NULL,NULL,NULL,NULL,24.517,NULL,NULL,NULL,NULL,,NULL,1,0,1,1,N,N,55,NULL,98,9817,NULL,,Y,37.52203,37,31.322,NULL,-82.36694,82,22.017,NULL,N,NULL,NULL,NULL,NULL,NULL,NULL,NULL,NULL,9,3,2,1,1,1,3,6,7,3,Y,NULL,Y,Y,2055,2135,2152,N,NULL,40,6,0,N,,N,N,098-KY-0194-0,NULL,NULL,2023,C,7.29726E+11,098-KY-0194  -000,HIGH,098-KY-0194  -000,24.514,0,0,0,0,0,0,0,0,0,0,0,1,0
72935511,KSP0900,23-346658,20230803,1253,,,US119,,,US0119,US0119,0,098 US-119,US0119,Y,N,NULL,NULL,NULL,N,NULL,NULL,NULL,NULL,NULL,NULL,23.846,NULL,NULL,NULL,NULL,,NULL,0,0,2,2,N,N,10,NULL,98,9834,NULL,,Y,37.65473,37,39.284,NULL,-82.26921,82,16.152,NULL,N,NULL,NULL,NULL,NULL,NULL,NULL,NULL,NULL,1,97,4,6,1,5,6,2,7,3,N,NULL,Y,N,1253,1309,1320,N,NULL,90,2,1,N,,N,N,098-US-0119-0,NULL,NULL,2023,O,7.29355E+11,098-US-0119  -000,HIGH,098-US-0119  -000,23.919,0,0,0,0,0,0,1,1,0,0,0,0,0
72959308,KSP0900,23-424002,20231014,1004,,,KY122,,,KY0122,KY0122,0,098 KY-122,KY0122,N,N,NULL,NULL,NULL,N,NULL,NULL,NULL,NULL,NULL,NULL,5.01,NULL,NULL,NULL,NULL,,NULL,0,0,1,1,N,N,55,NULL,98,9827,NULL,,Y,37.35011,37,21.007,NULL,-82.59585,82,35.751,NULL,N,NULL,NULL,NULL,NULL,NULL,NULL,NULL,NULL,9,3,2,3,1,1,3,2,7,3,N,NULL,Y,N,1004,1022,1100,Y,NULL,40,,0,N,,N,N,098-KY-0122-0,NULL,NULL,2023,O,7.29593E+11,098-KY-0122  -000,HIGH,098-KY-0122  -000,5.02,0,0,0,0,0,0,0,0,0,0,0,1,0
72991067,980100,2.023E+11,20231224,1648,,222,KY3496,,,KY3496,KY3496,0,098 KY-3496,KY3496,Y,N,NULL,NULL,NULL,N,NULL,NULL,NULL,NULL,NULL,NULL,0.764,NULL,NULL,NULL,NULL,,NULL,0,0,1,1,N,N,NULL,NULL,98,9801,NULL,,Y,37.47209,37,28.325,NULL,-82.53019,82,31.811,NULL,N,NULL,NULL,NULL,NULL,NULL,NULL,NULL,NULL,9,97,NULL,6,1,1,2,2,5,3,N,NULL,Y,N,1653,1653,1653,Y,NULL,90,16,0,Y,,N,N,098-KY-3496-0,NULL,NULL,2023,O,7.29911E+11,098-KY-3496  -000,HIGH,098-KY-3496  -000,0.765,0,0,0,0,0,0,1,0,0,0,0,0,0
72969640,980500,2023AR057,20231107,1041,,255,CHURCH STREET,,ST,,,0,098 CS-3002,CS3002,Y,N,NULL,NULL,NULL,N,NULL,NULL,NULL,NULL,NULL,NULL,NULL,NULL,NULL,NULL,NULL,NULL,NULL,0,0,2,2,N,N,15,NULL,98,9807,NULL,,Y,37.51763,37,31.058,NULL,-82.5668,82,34.008,NULL,N,NULL,NULL,NULL,NULL,NULL,NULL,NULL,NULL,2,97,NULL,6,2,1,2,2,1,3,N,NULL,Y,Y,1041,1045,1045,N,NULL,90,,,Y,,N,N,098-CS-3002-0,NULL,NULL,2023,O,7.29696E+11,098-CS-3002  -000,HIGH,098-CS-3002  -000,0.257,0,0,0,1,0,0,0,0,0,0,0,0,0
72951023,KSP0900,23-389150,20230911,1311,,,MARROWBONE CREEK,,RD,KY0195,KY0195,,,,N,N,NULL,NULL,NULL,N,NULL,NULL,NULL,NULL,NULL,NULL,8.909,NULL,NULL,NULL,NULL,,NULL,0,0,1,1,N,N,45,NULL,98,9830,NULL,,Y,37.33909,37,20.345,NULL,-82.42667,82,25.6,NULL,N,NULL,NULL,NULL,NULL,NULL,NULL,NULL,NULL,9,5,2,6,1,1,2,2,6,3,N,NULL,Y,N,1311,1335,1335,N,NULL,44,7,0,N,,N,N,,NULL,NULL,2023,O,7.2951E+11,098-KY-0195  -000,HIGH,098-KY-0195  -000,8.919,0,0,0,1,0,0,1,0,0,0,0,1,0
72917364,KSP0900,23-309897,20230701,1548,,,CLEVINGER,,BR,,,,,,N,N,NULL,NULL,NULL,N,NULL,NULL,NULL,NULL,NULL,NULL,0.462,NULL,NULL,NULL,NULL,,NULL,0,0,2,2,N,N,30,NULL,98,9807,NULL,,Y,37.54285,37,32.571,NULL,-82.52456,82,31.473,NULL,N,NULL,NULL,NULL,NULL,NULL,NULL,NULL,NULL,3,3,1,3,1,5,3,2,7,3,N,NULL,N,N,1548,1559,1620,N,NULL,52,,,N,,N,N,,NULL,NULL,2023,O,7.29174E+11,098-CR-1497  -000,MEDIUM,098-CR-1497  -000,0.462,0,0,0,1,0,0,0,1,0,0,0,1,0
72890563,980200,980200,20230223,915,,,PATTY LOVELESS,S,DR,KY0080,KY0080,0,098 KY-80,KY0080,N,N,NULL,NULL,NULL,N,NULL,NULL,NULL,NULL,NULL,NULL,3.54,NULL,NULL,NULL,NULL,,NULL,0,0,2,2,N,N,5,NULL,98,9802,NULL,,Y,37.30458,37,18.275,NULL,-82.34451,82,20.67,NULL,N,NULL,NULL,NULL,NULL,NULL,NULL,NULL,NULL,2,7,2,6,1,1,2,2,1,2,N,NULL,Y,Y,919,920,920,N,NULL,47,7,0,N,,N,N,098-KY-0080-0,NULL,NULL,2023,O,7.28906E+11,098-KY-0080  -000,HIGH,098-KY-0080  -000,3.535,0,0,0,0,0,0,0,0,0,1,0,0,0
72904454,980500,2023AR024,20230526,1430,,130,POWER,,DR,,,0,098 CS-3012,CS3012,Y,N,NULL,NULL,NULL,N,NULL,NULL,NULL,NULL,NULL,NULL,NULL,NULL,NULL,NULL,NULL,NULL,NULL,0,0,2,2,N,N,NULL,NULL,98,9807,NULL,,Y,37.5141,37,30.846,NULL,-82.56118,82,33.671,NULL,N,NULL,NULL,NULL,NULL,NULL,NULL,NULL,NULL,1,97,2,6,2,1,2,2,1,3,N,NULL,Y,Y,1430,1435,1435,N,NULL,90,,,N,,N,N,098-CS-3012-0,NULL,NULL,2023,O,7.29045E+11,098-CS-3012  -000,HIGH,098-CS-3012  -000,0.135,0,0,0,0,0,0,1,0,0,0,0,0,0
72929514,980100,2.023E+11,20230801,930,,805,HAMBLEY,,BLVD,,,0,098 CS-1222,CS1222,Y,N,NULL,NULL,NULL,N,NULL,NULL,NULL,NULL,NULL,NULL,0.471,NULL,NULL,NULL,NULL,,NULL,0,0,2,2,N,N,NULL,NULL,98,9801,NULL,,Y,37.4781,37,28.686,NULL,-82.5207,82,31.242,NULL,N,NULL,NULL,NULL,NULL,NULL,NULL,NULL,NULL,1,97,1,6,2,1,2,2,7,3,N,NULL,Y,N,930,932,932,N,NULL,90,,,N,,N,N,098-CS-1222-0,NULL,NULL,2023,O,7.29295E+11,098-CS-1222  -000,HIGH,098-CS-1222  -000,0.472,0,0,0,0,0,0,0,0,0,0,0,0,0
72950228,KSP0900,23-402116,20230923,1451,,,US23,,,US0023,US0023,,,,N,N,NULL,NULL,NULL,N,NULL,NULL,NULL,NULL,NULL,NULL,29.625,NULL,NULL,NULL,NULL,,NULL,0,0,2,2,N,N,55,NULL,98,9801,NULL,,Y,37.53188,37,31.913,NULL,-82.57711,82,34.627,NULL,N,NULL,NULL,NULL,NULL,NULL,NULL,NULL,NULL,8,3,5,6,1,1,2,2,7,3,N,NULL,Y,N,1451,1513,1513,N,NULL,40,,1,N,,N,N,,NULL,NULL,2023,O,7.29502E+11,098-US-0023  -000,MEDIUM,098-US-0023  -000,29.604,0,0,0,0,0,0,1,0,0,0,0,1,0
72966821,980100,2.023E+11,20231022,115,,,US460,,,US0460,US0460,0,098 US-460,US0460,N,N,NULL,NULL,NULL,N,NULL,NULL,NULL,NULL,NULL,NULL,0.163,NULL,NULL,NULL,NULL,,NULL,2,0,1,1,N,N,55,NULL,98,9801,NULL,,Y,37.44005,37,26.403,NULL,-82.50894,82,30.536,NULL,N,NULL,NULL,NULL,NULL,NULL,NULL,NULL,NULL,9,3,2,3,1,1,3,5,7,3,Y,NULL,Y,N,115,127,,Y,NULL,70,,1,Y,,N,N,098-US-0460-0,NULL,NULL,2023,A,7.29668E+11,098-US-0460  -000,HIGH,098-US-0460  -000,0.172,0,0,0,0,0,0,0,0,1,0,0,1,0
72950549,980100,2.023E+11,20230922,700,,,BAIRD,,AVE,KY1426,KY1426,0,098 KY-1426,KY1426,Y,N,NULL,NULL,NULL,N,NULL,NULL,NULL,NULL,NULL,NULL,5.407,NULL,NULL,NULL,NULL,,NULL,0,0,2,2,N,N,55,NULL,98,9801,NULL,,Y,37.47309,37,28.386,NULL,-82.52707,82,31.624,NULL,N,NULL,NULL,NULL,NULL,NULL,NULL,NULL,NULL,2,97,2,3,1,1,2,1,1,3,N,NULL,Y,N,700,701,701,N,NULL,90,,0,Y,,N,N,098-KY-1426-0,NULL,NULL,2023,O,7.29505E+11,098-KY-1426  -000,HIGH,098-KY-1426  -000,5.408,0,0,0,0,0,0,1,0,0,0,0,0,0
72901042,KSP0900,23-190720,20230520,932,,,COWPEN,,RD,KY2061,KY2061,0,098 KY-2061,KY2061,N,N,NULL,NULL,NULL,N,NULL,NULL,NULL,NULL,NULL,NULL,5.446,NULL,NULL,NULL,NULL,,NULL,0,0,1,1,N,N,55,NULL,98,9801,NULL,,Y,37.58318,37,34.991,NULL,-82.54427,82,32.657,NULL,N,NULL,NULL,NULL,NULL,NULL,NULL,NULL,NULL,9,5,2,3,1,5,3,2,7,3,N,NULL,Y,N,940,950,1025,N,NULL,44,,0,N,,N,N,098-KY-2061-0,NULL,NULL,2023,O,7.2901E+11,098-KY-2061  -000,HIGH,098-KY-2061  -000,5.515,0,0,1,0,0,0,0,0,0,0,0,1,0
72953155,KSP0900,23-409248,20230930,503,,82,THACKER,,BTM,,,0,098 CR-1266,CR1266,N,N,NULL,NULL,NULL,N,NULL,NULL,NULL,NULL,NULL,NULL,0.049,NULL,NULL,NULL,NULL,,NULL,0,0,2,2,Y,N,15,NULL,98,9801,NULL,,Y,37.4361,37,26.166,NULL,-82.47902,82,28.741,NULL,N,NULL,NULL,NULL,NULL,NULL,NULL,NULL,NULL,7,97,1,6,1,1,2,6,5,3,N,NULL,Y,N,503,650,650,N,NULL,47,,,Y,,N,N,098-CR-1266-0,NULL,NULL,2023,O,7.29532E+11,098-PR-1126  -000,HIGH,098-PR-1126  -000,0.043,0,0,0,0,0,0,1,0,0,0,0,0,0
72920778,980500,2023AR034,20230710,1234,,,US 23 AND WEDDINGTON BRANCH ROAD,,,,,,,,N,N,NULL,NULL,NULL,N,NULL,NULL,NULL,NULL,NULL,NULL,NULL,NULL,NULL,NULL,NULL,NULL,NULL,0,0,2,2,Y,N,45,NULL,98,9807,NULL,,Y,37.52239,37,31.344,NULL,-82.57073,82,34.244,NULL,N,NULL,NULL,NULL,NULL,NULL,NULL,NULL,NULL,1,3,6,6,1,1,2,2,7,3,N,NULL,Y,Y,1234,1234,1234,N,NULL,55,,,N,,N,N,,NULL,NULL,2023,O,7.29208E+11,098-CS-3026  -030,MEDIUM,098-CS-3026  -030,0.002,0,0,0,0,0,0,0,0,0,0,0,0,0
72964517,KSP0900,23-412158,20231003,700,,,KY194,,,KY0194,KY0194,0,098 KY-194,KY0194,N,N,NULL,NULL,NULL,N,NULL,NULL,NULL,NULL,NULL,NULL,61.944,NULL,NULL,NULL,NULL,,NULL,1,0,1,1,N,N,35,NULL,98,9811,NULL,,Y,37.55167,37,33.1,NULL,-82.13131,82,7.878,NULL,N,NULL,NULL,NULL,NULL,NULL,NULL,NULL,NULL,9,3,2,6,1,1,10,1,7,3,Y,NULL,Y,Y,705,720,815,N,NULL,44,7,0,N,,N,N,098-KY-0194-0,NULL,NULL,2023,B,7.29645E+11,098-KY-0194  -000,HIGH,098-KY-0194  -000,61.961,0,0,0,0,0,0,0,0,0,0,0,1,0
72993084,980100,2.023E+11,20231209,1808,,,CASSIDY,,BLVD,,,0,098 CS-1191,CS1191,Y,N,NULL,NULL,NULL,N,NULL,NULL,NULL,NULL,NULL,NULL,0.235,NULL,NULL,NULL,NULL,,NULL,0,0,2,2,N,N,NULL,NULL,98,9801,NULL,,Y,37.50438,37,30.263,NULL,-82.53573,82,32.144,NULL,N,NULL,NULL,NULL,NULL,NULL,NULL,NULL,NULL,8,97,NULL,6,1,7,2,5,1,3,N,NULL,Y,N,1808,1814,1846,N,NULL,90,,,N,,N,N,098-CS-1191-0,NULL,NULL,2023,O,7.29931E+11,098-CS-1191  -000,HIGH,098-CS-1191  -000,0.216,0,0,0,0,0,0,1,0,0,0,0,0,0
72978119,KSP0900,23-441801,20231031,954,,,KY122,,,KY0122,KY0122,0,098 KY-122,KY0122,N,N,NULL,NULL,NULL,N,NULL,NULL,NULL,NULL,NULL,NULL,7.648,NULL,NULL,NULL,NULL,,NULL,0,0,2,2,N,N,55,NULL,98,9823,NULL,,Y,37.3796,37,22.776,NULL,-82.58492,82,35.096,NULL,N,NULL,NULL,NULL,NULL,NULL,NULL,NULL,NULL,4,3,2,3,1,1,3,2,7,3,N,NULL,Y,N,954,1050,1050,N,NULL,70,,0,Y,,N,N,098-KY-0122-0,NULL,NULL,2023,O,7.29781E+11,098-KY-0122  -000,HIGH,098-KY-0122  -000,7.652,0,0,0,1,0,0,0,1,0,0,0,0,0
72978472,KSP0900,23-466245,20231121,1424,,,ROCKHOUSE,,RD,,,0,098 CR-1113,CR1113,N,N,NULL,NULL,NULL,N,NULL,NULL,NULL,NULL,NULL,NULL,1.593,NULL,NULL,NULL,NULL,,NULL,1,0,1,1,N,N,25,NULL,98,9804,NULL,,Y,37.44482,37,26.689,NULL,-82.12304,82,7.382,NULL,N,NULL,NULL,NULL,NULL,NULL,NULL,NULL,NULL,9,3,1,1,1,5,6,2,7,3,N,NULL,Y,Y,1426,1426,1426,N,NULL,44,,,N,,N,N,098-CR-1113-0,NULL,NULL,2023,C,7.29785E+11,098-CR-1113  -000,HIGH,098-CR-1113  -000,1.808,0,0,0,0,0,0,0,0,0,0,0,1,0
72991462,KSP0900,23-506369,20231229,2156,,,FERRELLS CREEK,,RD,US0460,US0460,0,098 US-460,US0460,N,N,NULL,NULL,NULL,N,NULL,NULL,NULL,NULL,NULL,NULL,19.533,NULL,NULL,NULL,NULL,,NULL,0,0,1,1,N,N,55,NULL,98,9805,NULL,,Y,37.36897,37,22.138,NULL,-82.29743,82,17.846,NULL,N,NULL,NULL,NULL,NULL,NULL,NULL,NULL,NULL,9,3,2,5,1,5,6,6,7,3,N,NULL,N,N,2159,2212,2230,N,NULL,40,,1,N,,N,N,098-US-0460-0,NULL,NULL,2023,O,7.29915E+11,098-US-0460  -000,HIGH,098-US-0460  -000,19.514,0,0,0,1,0,0,0,0,0,0,0,1,0
72968191,980100,2.023E+11,20231103,1756,,,BYPASS,S,RD,KY1426,KY1426,0,098 KY-1426,KY1426,N,N,NULL,NULL,NULL,N,NULL,NULL,NULL,NULL,NULL,NULL,6.542,NULL,NULL,NULL,NULL,,NULL,1,0,2,2,N,N,35,NULL,98,9801,NULL,,Y,37.48223,37,28.934,NULL,-82.51378,82,30.827,NULL,N,NULL,NULL,NULL,NULL,NULL,NULL,NULL,NULL,1,3,2,6,1,1,2,2,1,3,N,NULL,Y,Y,1756,1758,1836,N,NULL,55,,0,N,,N,N,098-KY-1426-0,NULL,NULL,2023,C,7.29682E+11,098-KY-1426  -000,HIGH,098-KY-1426  -000,6.542,0,0,0,0,0,0,1,0,0,0,0,0,0
72967891,980100,2.023E+11,20231102,1908,,,US23,,,US0023,US0023,0,098 US-23-10,US0023,N,N,NULL,NULL,NULL,N,NULL,NULL,NULL,NULL,NULL,NULL,29.691,NULL,NULL,NULL,NULL,,NULL,0,0,1,1,N,N,55,NULL,98,9801,NULL,,Y,37.53277,37,31.966,NULL,-82.57757,82,34.654,NULL,N,NULL,NULL,NULL,NULL,NULL,NULL,NULL,NULL,9,3,4,6,1,1,2,5,2,3,N,NULL,Y,N,1908,1908,1908,N,NULL,38,,1,N,,N,N,098-US-0023-10,NULL,NULL,2023,O,7.29679E+11,098-US-0023  -010,HIGH,098-US-0023  -000,29.671,0,0,0,0,0,0,0,0,0,0,0,0,0
72906857,KSP0900,23-207519,20230601,1004,,,BEAVER CK,,RD,KY1373,KY1373,0,098 KY-1373,KY1373,N,N,NULL,NULL,NULL,N,NULL,NULL,NULL,NULL,NULL,NULL,4.476,NULL,NULL,NULL,NULL,,NULL,2,0,1,1,N,N,45,NULL,98,9847,NULL,,Y,37.34797,37,20.878,NULL,-82.3065,82,18.39,NULL,N,NULL,NULL,NULL,NULL,NULL,NULL,NULL,NULL,9,3,1,3,1,1,2,2,7,3,N,NULL,Y,Y,1004,1045,1130,N,NULL,44,8,0,Y,,N,N,098-KY-1373-0,NULL,NULL,2023,B,7.29069E+11,098-KY-1373  -000,HIGH,098-KY-1373  -000,4.492,0,0,0,0,0,0,1,0,0,0,0,1,0
72972573,KSP0900,23-457200,20231113,1512,,,FISHTRAP,,RD,KY1789,KY1789,0,098 KY-1789,KY1789,N,N,NULL,NULL,NULL,N,NULL,NULL,NULL,NULL,NULL,NULL,0.38,NULL,NULL,NULL,NULL,,NULL,0,0,1,1,N,N,55,NULL,98,9824,NULL,,Y,37.41014,37,24.609,NULL,-82.44016,82,26.409,NULL,N,NULL,NULL,NULL,NULL,NULL,NULL,NULL,NULL,9,3,2,6,1,1,2,2,7,3,N,NULL,Y,N,1512,1518,1518,N,NULL,40,,5,N,,N,N,098-KY-1789-0,NULL,NULL,2023,O,7.29726E+11,098-KY-1789  -000,HIGH,098-KY-1789  -000,0.419,0,0,0,0,0,0,0,0,0,0,0,1,0
72956483,KSP0900,23-414751,20231005,1448,,,KY292,,,KY0292,KY0292,0,098 KY-292,KY0292,N,N,NULL,NULL,NULL,N,NULL,NULL,NULL,NULL,NULL,NULL,0.229,NULL,NULL,NULL,NULL,,NULL,0,0,1,1,N,N,45,NULL,98,9869,NULL,,Y,37.62989,37,37.794,NULL,-82.21999,82,13.2,NULL,N,NULL,NULL,NULL,NULL,NULL,NULL,NULL,NULL,9,4,2,6,1,1,2,2,7,3,N,NULL,Y,N,1448,1508,1508,N,NULL,51,8,0,N,,N,N,098-KY-0292-0,NULL,NULL,2023,O,7.29565E+11,098-KY-0292  -000,HIGH,098-KY-0292  -000,0.229,0,0,0,0,0,0,1,0,0,0,0,1,0
72926995,KSP0900,23-338872,20230727,608,,,POWER,,DR,,,0,098 CS-3012,CS3012,N,N,NULL,NULL,NULL,N,NULL,NULL,NULL,NULL,NULL,NULL,0.003,NULL,NULL,NULL,NULL,,NULL,0,0,2,2,N,N,55,NULL,98,9807,NULL,,Y,37.51529,37,30.918,NULL,-82.55934,82,33.561,NULL,N,NULL,NULL,NULL,NULL,NULL,NULL,NULL,NULL,2,3,2,6,1,1,2,3,1,3,N,NULL,Y,N,608,649,630,N,NULL,56,,,N,,N,N,098-CS-3012-0,NULL,NULL,2023,O,7.2927E+11,098-CS-3012  -000,HIGH,098-CS-3012  -000,0.004,0,0,0,0,0,0,1,0,0,0,0,0,0
72987183,980500,2023AR065,20231215,1634,,,US 23 SOUTH,,,,,,,,N,N,NULL,NULL,NULL,N,NULL,NULL,NULL,NULL,NULL,NULL,NULL,NULL,NULL,NULL,NULL,NULL,NULL,0,0,2,2,Y,N,45,NULL,98,9807,NULL,,Y,37.54019,37,32.411,NULL,-82.58192,82,34.916,NULL,N,NULL,NULL,NULL,NULL,NULL,NULL,NULL,NULL,1,3,4,6,1,1,2,2,7,3,N,NULL,Y,Y,1634,1640,1640,N,NULL,55,,,N,,N,N,,NULL,NULL,2023,O,7.29872E+11,098-US-0023  -000,MEDIUM,098-US-0023  -000,30.237,0,0,0,0,0,0,1,0,0,0,0,0,0
72987540,KSP0900,23-495030,20231218,1638,,,COLLINS,,HWY,KY0122,KY0122,0,098 KY-122,KY0122,N,N,NULL,NULL,NULL,N,NULL,NULL,NULL,NULL,NULL,NULL,12.967,NULL,NULL,NULL,NULL,,NULL,0,0,1,1,N,N,55,NULL,98,9801,NULL,,Y,37.40485,37,24.291,NULL,-82.51739,82,31.043,NULL,N,NULL,NULL,NULL,NULL,NULL,NULL,NULL,NULL,9,3,2,2,1,4,9,2,7,3,N,NULL,Y,N,1712,1716,1638,N,NULL,40,,0,N,,N,N,098-KY-0122-0,NULL,NULL,2023,O,7.29875E+11,098-KY-0122  -000,HIGH,098-KY-0122  -000,12.964,0,0,0,0,0,0,0,0,0,0,0,1,0
72992214,980100,2.023E+11,20231229,1029,,,CASSIDY,,BLVD,,,0,098 CS-1191,CS1191,Y,N,NULL,NULL,NULL,N,NULL,NULL,NULL,NULL,NULL,NULL,0.367,NULL,NULL,NULL,NULL,,NULL,0,0,2,2,N,N,15,NULL,98,9801,NULL,,Y,37.50549,37,30.33,NULL,-82.53899,82,32.339,NULL,N,NULL,NULL,NULL,NULL,NULL,NULL,NULL,NULL,2,97,NULL,6,1,5,6,2,1,3,N,NULL,Y,N,1029,1032,1032,N,NULL,90,,,N,,N,N,098-CS-1191-0,NULL,NULL,2023,O,7.29922E+11,098-CS-1191  -000,HIGH,098-CS-1191  -000,0.382,0,0,0,1,0,0,0,0,0,0,0,0,0