MasterFile,AgencyORINumber,LocalCode,CollisionDate,CollisionTime,CollisionDayWeekCode,RoadwayName_HouseBusinessNumber_,RoadwayName_RoadwayName_,RoadwayName_Direction_,RoadwayName_RoadwaySuffix_,RoadwayfromReport,CurrentRoadwayNumber,RoadwayNumberCoupletID,RSEUniqueGIS,RoadwayIdentifier,ParkingLotIndicator,IntersectionWith_Indicator_,IntersectionWith_NameRoadway_,IntersectionWith_Direction_,IntersectionWith_RoadwaySuffix_,BetweenStreets_Indicator_,BetweenStreets1_NameRoadway_,BetweenStreet1_Direction_,BetweenStreets1_RoadwaySuffix_,BetweenStreets2_NameRoadway_,BetweenStreets2_Direction_,BetweenStreets2_RoadwaySuffix_,Milepoint,ReportMilepointDeriveNumber,CurrentDerivedMiepointNumber,MilestoMilepoint,FeettoMilepoint,DirectionfromMilepoint_NSEW_,ValidMilepointIndicator,NumberInjured,NumberKilled,ofUnits,ofMotorVehicleUnits,Hit&RunIndicator,OneWayIndicator,SpeedLimitNumber,KilometersIndicator,CountyCode,CityCountyCode,MilesFromCity,DirectionFromCity_NSEW_,InCityLimitsIndicator,Latitude,LatitudeDegrees,LatitudeMinutes,LatitudeSeconds,Longitude,LongitudeDegrees,LongitudeMinutes,LongitudeSeconds,RampIndicator,RampFromIdentifier,RampFromDirCode,RampFromCoupletID,RSEUniqueGISRampFrom,RampToidentifier,RampToDirCode,RampToCoupletID,RSEUniqueGisRampTo,MannerofCollisionCode,LocationFirstEventCode,TotalLanes,RoadwayCharacterCode,RoadwaySurfaceCode,RoadwayConditionCode,WeatherCode,LightConditionCode,LandUseCode,SchoolBusRelatedCode,FirstAidSceneIndicator,CollDescPresentInd,InvestigationCompleteIndicator,PhotosTakenIndicator,TimeNotified,TimeArrived,TimeRoadwayOpened,PropertyDamageIndicator,DiagramPresentIndicator,DirectionalAnalysis,FunctionClassCode,NationalHwySysCode,EnforcementsIndicator,KARSCityCode,SecondaryCollisionIndicator,MedianCrossoverIndicator,RT_UNIQUE,MapIt,TimeLastLeft,YR,KABCO,MFNY,WorkingRID,RT_CONFIDENCE,KTC_RT,KTC_MP,Motorcyclist,CommercialVehicle,YoungDriver,MatureDriver,pedestrian,Bicyclist,Distracted,agressive,Impaired,Unrestrained,Intersection,RoadwayDeparture,MedXover
72989113,980100,2.023E+11,20231221,1430,,,HAMBLEY,,BLVD,,,0,098 CS-1222,CS1222,N,N,NULL,NULL,NULL,N,NULL,NULL,NULL,NULL,NULL,NULL,0.556,NULL,NULL,NULL,NULL,,NULL,0,0,2,2,Y,N,25,NULL,98,9801,NULL,,Y,37.47911,37,28.746,NULL,-82.51985,82,31.191,NULL,N,NULL,NULL,NULL,NULL,NULL,NULL,NULL,NULL,8,5,2,6,1,1,2,2,1,3,N,NULL,N,N,1430,1430,1430,N,NULL,47,,,N,,N,N,098-CS-1222-0,NULL,NULL,2023,NULL,7.29891E+11,098-CS-1222  -000,HIGH,098-CS-1222  -000,0.556,0,0,0,0,0,0,0,0,0,0,0,0,0
72985100,KSP0900,23-481854,20231206,1201,,,KY1506,,,KY1506,KY1506,0,098 KY-1506,KY1506,N,N,NULL,NULL,NULL,N,NULL,NULL,NULL,NULL,NULL,NULL,0.028,NULL,NULL,NULL,NULL,,NULL,0,0,2,2,N,N,35,NULL,98,9834,NULL,,Y,37.66824,37,40.094,NULL,-82.27667,82,16.6,NULL,N,NULL,NULL,NULL,NULL,NULL,NULL,NULL,NULL,1,3,2,6,1,1,3,2,7,3,N,NULL,N,N,1201,1203,1210,N,NULL,55,9,0,N,,N,N,098-KY-1506-0,NULL,NULL,2023,O,7.29851E+11,098-KY-1506  -000,HIGH,098-KY-1506  -000,0.029,0,0,0,0,0,0,0,1,0,0,0,0,0
72985158,KSP0900,23-477014,20231201,1902,,,TOLER,,RD,KY0319,KY0319,0,098 KY-319,KY0319,N,N,NULL,NULL,NULL,N,NULL,NULL,NULL,NULL,NULL,NULL,1.031,NULL,NULL,NULL,NULL,,NULL,0,1,2,1,N,N,55,NULL,98,9842,NULL,,Y,37.58519,37,35.111,NULL,-82.19592,82,11.755,NULL,N,NULL,NULL,NULL,NULL,NULL,NULL,NULL,NULL,9,3,2,1,1,5,6,6,7,3,N,NULL,N,Y,1945,2107,238,N,NULL,36,7,0,N,,N,N,098-KY-0319-0,NULL,NULL,2023,K,7.29852E+11,098-KY-0319  -000,HIGH,098-KY-0319  -000,1.029,0,0,0,1,1,0,0,0,0,0,0,1,0
72992024,KSP0900,23-499541,20231222,1844,,,KY194,E,,KY0194,KY0194,0,098 KY-194,KY0194,N,N,NULL,NULL,NULL,N,NULL,NULL,NULL,NULL,NULL,NULL,63.675,NULL,NULL,NULL,NULL,,NULL,0,0,1,1,N,N,35,NULL,98,9873,NULL,,Y,37.55871,37,33.523,NULL,-82.10595,82,6.357,NULL,N,NULL,NULL,NULL,NULL,NULL,NULL,NULL,NULL,9,3,2,2,1,1,2,6,7,3,N,NULL,Y,N,1844,2015,2035,N,NULL,44,7,0,N,,N,N,098-KY-0194-0,NULL,NULL,2023,O,7.2992E+11,098-KY-0194  -000,HIGH,098-KY-0194  -000,63.675,0,0,0,0,0,0,0,0,0,0,0,1,0
72966603,KSP0900,23-441658,20231031,730,,,US119,,,US0119,US0119,0,098 US-119,US0119,N,N,NULL,NULL,NULL,N,NULL,NULL,NULL,NULL,NULL,NULL,24.079,NULL,NULL,NULL,NULL,,NULL,1,0,2,2,N,N,55,NULL,98,9834,NULL,,Y,37.65635,37,39.381,NULL,-82.27025,82,16.215,NULL,N,NULL,NULL,NULL,NULL,NULL,NULL,NULL,NULL,5,3,4,6,1,5,3,3,7,3,N,NULL,Y,Y,730,730,730,N,NULL,70,2,1,N,,N,N,098-US-0119-0,NULL,NULL,2023,C,7.29666E+11,098-US-0119  -000,HIGH,098-US-0119  -000,24.04,0,0,0,1,0,0,1,0,0,0,0,0,0
72894835,980100,2.023E+11,20230504,1509,,,MAIN,,ST,,,0,098 CS-1112,CS1112,N,N,NULL,NULL,NULL,N,NULL,NULL,NULL,NULL,NULL,NULL,0.011,NULL,NULL,NULL,NULL,,NULL,0,0,2,2,N,Y,15,NULL,98,9801,NULL,,Y,37.47785,37,28.671,NULL,-82.51844,82,31.107,NULL,N,NULL,NULL,NULL,NULL,NULL,NULL,NULL,NULL,8,3,2,6,1,1,2,2,7,3,N,NULL,Y,N,1509,1511,1511,N,NULL,53,,,N,,N,N,098-CS-1112-0,NULL,NULL,2023,O,7.28948E+11,098-CS-1112  -000,HIGH,098-CS-1112  -000,0.011,0,0,0,0,0,0,0,0,0,0,0,1,0
72889046,980100,2.023E+11,20230418,1139,,254,CASSIDY,,BLVD,,,0,098 CS-1191,CS1191,Y,N,NULL,NULL,NULL,N,NULL,NULL,NULL,NULL,NULL,NULL,0.043,NULL,NULL,NULL,NULL,,NULL,0,0,2,2,N,N,NULL,NULL,98,9801,NULL,,Y,37.50371,37,30.222,NULL,-82.53287,82,31.972,NULL,N,NULL,NULL,NULL,NULL,NULL,NULL,NULL,NULL,2,97,1,6,1,1,2,2,1,3,N,NULL,Y,N,1139,1151,1152,N,NULL,90,,,N,,N,N,098-CS-1191-0,NULL,NULL,2023,O,7.2889E+11,098-CS-1191  -000,HIGH,098-CS-1191  -000,0.041,0,0,0,1,0,0,1,0,0,0,0,0,0
72932754,980500,2023AR037,20230810,1436,,,US23,,,US0023,US0023,0,098 US-23,US0023,N,N,NULL,NULL,NULL,N,NULL,NULL,NULL,NULL,NULL,NULL,28.757,NULL,NULL,NULL,NULL,NULL,NULL,0,0,2,2,N,N,55,NULL,98,9807,NULL,,Y,37.52126,37,31.276,NULL,-82.56905,82,34.143,NULL,N,NULL,NULL,NULL,NULL,NULL,NULL,NULL,NULL,8,3,6,6,1,1,2,2,1,3,N,NULL,Y,Y,1436,1438,1510,N,NULL,53,,1,N,,N,N,098-US-0023-0,NULL,NULL,2023,O,7.29328E+11,098-US-0023  -000,HIGH,098-US-0023  -000,28.742,0,0,1,0,0,0,1,0,0,0,0,1,0
72954558,980100,2.023E+11,20231003,1834,,,KY1426,,,KY1426,KY1426,0,098 KY-1426,KY1426,Y,N,NULL,NULL,NULL,N,NULL,NULL,NULL,NULL,NULL,NULL,6.858,NULL,NULL,NULL,NULL,,NULL,0,0,1,1,N,N,15,NULL,98,9801,NULL,,Y,37.48555,37,29.133,NULL,-82.50996,82,30.598,NULL,N,NULL,NULL,NULL,NULL,NULL,NULL,NULL,NULL,9,97,2,6,1,1,2,2,1,3,N,NULL,Y,N,1834,1841,1853,Y,NULL,90,,0,N,,N,N,098-KY-1426-0,NULL,NULL,2023,O,7.29546E+11,098-KY-1426  -000,HIGH,098-KY-1426  -000,6.859,0,0,0,0,0,0,1,0,0,0,0,1,0
72900464,980100,2.023E+11,20230513,1857,,183,CASSIDY,,BLVD,,,0,098 CS-1191,CS1191,N,N,NULL,NULL,NULL,N,NULL,NULL,NULL,NULL,NULL,NULL,0.133,NULL,NULL,NULL,NULL,,NULL,0,0,2,2,N,N,15,NULL,98,9801,NULL,,Y,37.50364,37,30.219,NULL,-82.53423,82,32.054,NULL,N,NULL,NULL,NULL,NULL,NULL,NULL,NULL,NULL,1,97,2,4,1,1,2,2,1,3,N,NULL,Y,N,1857,1905,,N,NULL,55,,,N,,N,N,098-CS-1191-0,NULL,NULL,2023,O,7.29005E+11,098-CS-1191  -000,HIGH,098-CS-1191  -000,0.117,0,0,0,0,0,0,1,0,0,0,0,0,0
72965503,KSP0900,23-431412,20231021,1602,,,KY319,,,KY0319,KY0319,0,098 KY-319,KY0319,N,N,NULL,NULL,NULL,N,NULL,NULL,NULL,NULL,NULL,NULL,4.72,NULL,NULL,NULL,NULL,,NULL,0,0,2,2,Y,N,35,NULL,98,9842,NULL,,Y,37.61628,37,36.977,NULL,-82.24234,82,14.54,NULL,N,NULL,NULL,NULL,NULL,NULL,NULL,NULL,NULL,5,3,2,NULL,1,1,2,2,7,3,N,NULL,N,N,1605,1620,1645,N,NULL,49,7,0,N,,N,N,098-KY-0319-0,NULL,NULL,2023,O,7.29655E+11,098-KY-0319  -000,HIGH,098-KY-0319  -000,4.72,0,0,0,1,0,0,0,0,0,0,0,0,0
72884512,KSP0900,23-132861,20230408,240,,,US119,,,US0119,US0119,0,098 US-119,US0119,N,N,NULL,NULL,NULL,N,NULL,NULL,NULL,NULL,NULL,NULL,22.307,NULL,NULL,NULL,NULL,,NULL,0,0,1,1,N,N,55,NULL,98,9836,NULL,,Y,37.6357,37,38.142,NULL,-82.25841,82,15.504,NULL,N,NULL,NULL,NULL,NULL,NULL,NULL,NULL,NULL,9,3,2,6,1,1,2,6,7,3,N,NULL,N,N,232,245,245,N,NULL,40,2,1,N,,N,N,098-US-0119-0,NULL,NULL,2023,O,7.28845E+11,098-US-0119  -000,HIGH,098-US-0119  -000,22.298,0,0,0,0,0,0,0,0,1,0,0,1,0
72897212,980100,2.023E+11,20230413,1643,,,BANK,,ST,,,,,,N,N,NULL,NULL,NULL,N,NULL,NULL,NULL,NULL,NULL,NULL,0.026,NULL,NULL,NULL,NULL,,NULL,0,0,2,2,N,N,35,NULL,98,9801,NULL,,Y,37.47556,37,28.533,NULL,-82.52133,82,31.28,NULL,N,NULL,NULL,NULL,NULL,NULL,NULL,NULL,NULL,7,3,2,6,1,1,2,2,8,3,N,NULL,Y,N,1644,1647,1647,N,NULL,47,,,N,,N,N,,NULL,NULL,2023,O,7.28972E+11,098-CS-1106  -000,HIGH,098-CS-1106  -000,0.026,0,0,0,0,0,0,1,0,0,0,0,0,0
72989192,KSP0900,23-499085,20231222,1230,,,KY319,,,KY0319,KY0319,0,098 KY-319,KY0319,N,N,NULL,NULL,NULL,N,NULL,NULL,NULL,NULL,NULL,NULL,3.682,NULL,NULL,NULL,NULL,,NULL,0,0,2,2,N,N,55,NULL,98,9842,NULL,,Y,37.60733,37,36.44,NULL,-82.22816,82,13.69,NULL,N,NULL,NULL,NULL,NULL,NULL,NULL,NULL,NULL,3,3,2,3,1,1,3,2,7,3,N,NULL,Y,Y,1231,1249,1249,N,NULL,52,7,0,N,,N,N,098-KY-0319-0,NULL,NULL,2023,O,7.29892E+11,098-KY-0319  -000,HIGH,098-KY-0319  -000,3.679,0,0,0,1,0,0,0,0,0,0,0,1,0
72900714,KSP0900,23-189363,20230519,1042,,,US460,,,US0460,US0460,0,098 US-460,US0460,N,N,NULL,NULL,NULL,N,NULL,NULL,NULL,NULL,NULL,NULL,10.654,NULL,NULL,NULL,NULL,,NULL,0,0,1,1,N,N,55,NULL,98,9822,NULL,,Y,37.35411,37,21.247,NULL,-82.40386,82,24.232,NULL,N,NULL,NULL,NULL,NULL,NULL,NULL,NULL,NULL,9,3,2,3,1,1,2,2,7,3,N,NULL,Y,N,1251,1318,1318,N,NULL,38,,1,N,,N,N,098-US-0460-0,NULL,NULL,2023,O,7.29007E+11,098-US-0460  -000,HIGH,098-US-0460  -000,10.634,0,0,0,0,0,0,0,0,0,0,0,0,0
72981128,980100,2.023E+11,20231201,1433,,,KY1426,,,KY1426,KY1426,0,098 KY-1426,KY1426,N,N,NULL,NULL,NULL,N,NULL,NULL,NULL,NULL,NULL,NULL,9.148,NULL,NULL,NULL,NULL,,NULL,2,0,2,2,N,N,55,NULL,98,9801,NULL,,Y,37.50727,37,30.436,NULL,-82.48913,82,29.348,NULL,N,NULL,NULL,NULL,NULL,NULL,NULL,NULL,NULL,1,3,2,1,1,5,6,2,1,3,N,NULL,Y,Y,1433,1435,1518,N,NULL,55,,0,N,,N,N,098-KY-1426-0,NULL,NULL,2023,C,7.29811E+11,098-KY-1426  -000,HIGH,098-KY-1426  -000,9.137,0,0,0,0,0,0,0,0,0,0,0,0,0
72938254,KSP0900,23-360498,20230816,1145,,,KY194,,,KY0194,KY0194,0,098 KY-194,KY0194,N,N,NULL,NULL,NULL,N,NULL,NULL,NULL,NULL,NULL,NULL,60.051,NULL,NULL,NULL,NULL,,NULL,0,0,1,1,N,N,35,NULL,98,9811,NULL,,Y,37.55992,37,33.595,NULL,-82.1478,82,8.868,NULL,N,NULL,NULL,NULL,NULL,NULL,NULL,NULL,NULL,9,3,2,3,1,1,2,2,7,3,N,NULL,Y,N,1145,1300,1145,N,NULL,44,7,0,N,,N,N,098-KY-0194-0,NULL,NULL,2023,O,7.29383E+11,098-KY-0194  -000,HIGH,098-KY-0194  -000,60.05,0,0,0,0,0,0,0,0,0,0,0,1,0
72952908,980100,2.023E+11,20230928,1651,,,US460,,,US0460,US0460,0,098 US-460,US0460,Y,N,NULL,NULL,NULL,N,NULL,NULL,NULL,NULL,NULL,NULL,0.166,NULL,NULL,NULL,NULL,,NULL,1,0,2,1,N,N,15,NULL,98,9801,NULL,,Y,37.44,37,26.4,NULL,-82.50873,82,30.524,NULL,N,NULL,NULL,NULL,NULL,NULL,NULL,NULL,NULL,9,97,2,6,1,1,2,2,1,3,Y,NULL,Y,Y,1651,1656,1731,N,NULL,90,,1,N,,N,N,098-US-0460-0,NULL,NULL,2023,C,7.29529E+11,098-US-0460  -000,HIGH,098-US-0460  -000,0.167,0,0,0,0,1,0,1,0,0,0,0,0,0
72982108,KSP0900,23-480696,20231205,1015,,,ELKHORN,,CRK,KY0197,KY0197,0,098 KY-197,KY0197,N,N,NULL,NULL,NULL,N,NULL,NULL,NULL,NULL,NULL,NULL,10.751,NULL,NULL,NULL,NULL,,NULL,0,0,2,2,N,N,55,NULL,98,9802,NULL,,Y,37.2699,37,16.194,NULL,-82.42016,82,25.21,NULL,N,NULL,NULL,NULL,NULL,NULL,NULL,NULL,NULL,5,3,2,6,1,5,3,2,7,3,N,NULL,Y,N,1015,1015,1045,N,NULL,49,7,0,N,,N,N,098-KY-0197-0,NULL,NULL,2023,O,7.29821E+11,098-KY-0197  -000,HIGH,098-KY-0197  -000,10.733,0,0,0,0,0,0,1,0,0,0,0,0,0
72969865,980100,2.023E+11,20231106,1802,,215,CASSIDY,,BLVD,,,0,098 CS-1191,CS1191,Y,N,NULL,NULL,NULL,N,NULL,NULL,NULL,NULL,NULL,NULL,0.188,NULL,NULL,NULL,NULL,,NULL,0,0,2,2,N,N,15,NULL,98,9801,NULL,,Y,37.50391,37,30.235,NULL,-82.53506,82,32.103,NULL,N,NULL,NULL,NULL,NULL,NULL,NULL,NULL,NULL,2,97,NULL,6,1,1,3,3,5,3,N,NULL,Y,N,1803,1809,1809,N,NULL,90,,,N,,N,N,098-CS-1191-0,NULL,NULL,2023,O,7.29699E+11,098-CS-1191  -000,HIGH,098-CS-1191  -000,0.167,0,0,0,1,0,0,1,0,0,0,0,0,0
72986966,980100,2.023E+11,20231127,1813,,,CHLOE,,RD,KY1460,KY1460,0,098 KY-1460,KY1460,N,N,NULL,NULL,NULL,N,NULL,NULL,NULL,NULL,NULL,NULL,1.919,NULL,NULL,NULL,NULL,,NULL,0,0,1,1,N,N,45,NULL,98,9801,1,E,N,37.45713,37,27.428,NULL,-82.47833,82,28.7,NULL,N,NULL,NULL,NULL,NULL,NULL,NULL,NULL,NULL,9,5,2,4,1,1,3,6,7,3,N,NULL,N,N,1814,1814,1932,N,NULL,44,,0,N,,N,N,098-KY-1460-0,NULL,NULL,2023,O,7.2987E+11,098-KY-1460  -000,HIGH,098-KY-1460  -000,1.888,0,0,0,1,0,0,0,0,0,0,0,1,0
72964085,KSP0900,23-433548,20231023,1450,,,KY194,,,KY0194,KY0194,0,098 KY-194,KY0194,N,N,NULL,NULL,NULL,N,NULL,NULL,NULL,NULL,NULL,NULL,61.2,NULL,NULL,NULL,NULL,,NULL,0,0,2,2,N,N,35,NULL,98,9811,NULL,,Y,37.5602,37,33.612,NULL,-82.13428,82,8.057,NULL,N,NULL,NULL,NULL,NULL,NULL,NULL,NULL,NULL,7,3,2,6,1,1,2,2,7,3,N,NULL,Y,N,1450,1450,1450,N,NULL,54,7,0,N,,N,N,098-KY-0194-0,NULL,NULL,2023,O,7.29641E+11,098-KY-0194  -000,HIGH,098-KY-0194  -000,61.206,0,0,0,1,0,0,0,0,0,0,0,1,0
72979470,980100,2.023E+11,20231127,1116,,147,HIBBARD,,ST,,,0,098 CS-1053,CS1053,Y,N,NULL,NULL,NULL,N,NULL,NULL,NULL,NULL,NULL,NULL,0.199,NULL,NULL,NULL,NULL,,NULL,0,0,2,2,N,N,NULL,NULL,98,9801,NULL,,Y,37.47481,37,28.489,NULL,-82.52438,82,31.463,NULL,N,NULL,NULL,NULL,NULL,NULL,NULL,NULL,NULL,8,97,NULL,6,1,1,2,2,1,3,N,NULL,Y,N,1116,1120,1120,N,NULL,90,,,N,,N,N,098-CS-1053-0,NULL,NULL,2023,O,7.29795E+11,098-CS-1053  -000,HIGH,098-CS-1053  -000,0.199,0,0,0,1,0,0,0,0,0,0,0,0,0
72976305,KSP0900,23-466016,20231121,1032,,,TOLER,,RD,KY0319,KY0319,0,098 KY-319,KY0319,N,N,NULL,NULL,NULL,N,NULL,NULL,NULL,NULL,NULL,NULL,1.353,NULL,NULL,NULL,NULL,,NULL,2,0,1,1,N,N,55,NULL,98,9842,NULL,,Y,37.58853,37,35.312,NULL,-82.19978,82,11.986,NULL,N,NULL,NULL,NULL,NULL,NULL,NULL,NULL,NULL,9,3,2,2,1,5,6,2,7,3,N,NULL,N,N,1032,1032,1032,N,NULL,44,7,0,N,,N,N,098-KY-0319-0,NULL,NULL,2023,C,7.29763E+11,098-KY-0319  -000,HIGH,098-KY-0319  -000,1.354,0,0,0,0,0,0,0,0,0,0,0,1,0
72893057,KSP0900,23-162243,20230429,1432,,,KY1426,,,KY1426,KY1426,0,098 KY-1426,KY1426,N,N,NULL,NULL,NULL,N,NULL,NULL,NULL,NULL,NULL,NULL,13.727,NULL,NULL,NULL,NULL,,NULL,2,0,2,2,N,N,55,NULL,98,9828,NULL,,Y,37.55373,37,33.224,NULL,-82.45367,82,27.22,NULL,N,NULL,NULL,NULL,NULL,NULL,NULL,NULL,NULL,3,3,2,6,1,1,2,2,7,3,N,NULL,Y,Y,1432,1448,1500,N,NULL,52,7,0,N,,N,N,098-KY-1426-0,NULL,NULL,2023,A,7.28931E+11,098-KY-1426  -000,HIGH,098-KY-1426  -000,13.723,0,0,0,0,0,0,0,0,0,0,0,1,0
72989489,KSP0900,23-500354,20231223,1443,,,LITTLE ROBINSON CREEK,,RD,KY3415,KY3415,0,098 KY-3415,KY3415,N,N,NULL,NULL,NULL,N,NULL,NULL,NULL,NULL,NULL,NULL,0.955,NULL,NULL,NULL,NULL,,NULL,0,0,1,1,N,N,45,NULL,98,9827,NULL,,Y,37.3691,37,22.146,NULL,-82.59874,82,35.924,NULL,N,NULL,NULL,NULL,NULL,NULL,NULL,NULL,NULL,9,3,2,3,1,1,2,2,7,3,N,NULL,Y,N,1443,1617,,Y,NULL,40,9,0,N,,N,N,098-KY-3415-0,NULL,NULL,2023,O,7.29895E+11,098-KY-3415  -000,HIGH,098-KY-3415  -000,0.95,0,0,0,0,0,0,0,0,0,0,0,1,0
72970423,KSP0900,23-448959,20231106,1700,,,KY122,,,KY0122,KY0122,0,098 KY-122,KY0122,Y,N,NULL,NULL,NULL,N,NULL,NULL,NULL,NULL,NULL,NULL,2.255,NULL,NULL,NULL,NULL,,NULL,1,0,2,1,N,N,55,NULL,98,9829,NULL,,Y,37.33601,37,20.16,NULL,-82.63485,82,38.091,NULL,N,NULL,NULL,NULL,NULL,NULL,NULL,NULL,NULL,9,97,2,5,1,1,2,2,5,3,Y,NULL,N,Y,1738,1745,1800,N,NULL,90,,0,N,,N,N,098-KY-0122-0,NULL,NULL,2023,A,7.29704E+11,098-KY-0122  -000,HIGH,098-KY-0122  -000,2.256,0,0,0,0,1,0,0,0,0,0,0,0,0
72985097,KSP0900,23-475447,20231130,1145,,,US119,,,US0119,US0119,0,098 US-119,US0119,N,N,NULL,NULL,NULL,N,NULL,NULL,NULL,NULL,NULL,NULL,18.982,NULL,NULL,NULL,NULL,,NULL,0,0,1,1,N,N,55,NULL,98,9814,NULL,,Y,37.60131,37,36.079,NULL,-82.27513,82,16.508,NULL,N,NULL,NULL,NULL,NULL,NULL,NULL,NULL,NULL,9,3,4,6,1,1,2,2,7,3,N,NULL,Y,N,1145,1215,1230,N,NULL,38,2,1,N,,N,N,098-US-0119-0,NULL,NULL,2023,O,7.29851E+11,098-US-0119  -000,HIGH,098-US-0119  -000,18.982,0,0,0,1,0,0,0,0,0,0,0,0,0
72995234,980100,2.023E+11,20231231,1711,,,US23,,,US0023,US0023,0,098 US-23,US0023,N,N,NULL,NULL,NULL,N,NULL,NULL,NULL,NULL,NULL,NULL,NULL,NULL,NULL,NULL,NULL,NULL,NULL,0,0,1,1,N,N,55,NULL,98,9801,NULL,,Y,37.44999,37,26.999,NULL,-82.50951,82,30.571,NULL,N,NULL,NULL,NULL,NULL,NULL,NULL,NULL,NULL,9,3,4,3,1,5,3,3,7,3,N,NULL,Y,N,1711,1717,1743,N,NULL,70,,1,N,,N,N,098-US-0023-0,NULL,NULL,2023,O,7.29952E+11,098-US-0023  -000,HIGH,098-US-0023  -000,19.788,0,0,0,0,0,0,0,0,0,0,0,0,0
72992293,KSP0900,23-494707,20231218,1200,,,US119,,,US0119,US0119,0,098 US-119-10,US0119,N,N,NULL,NULL,NULL,N,NULL,NULL,NULL,NULL,NULL,NULL,22.013,NULL,NULL,NULL,NULL,,NULL,0,0,2,2,N,N,55,NULL,98,9836,NULL,,Y,37.63332,37,37.999,NULL,-82.26213,82,15.728,NULL,N,NULL,NULL,NULL,NULL,NULL,NULL,NULL,NULL,1,2,2,1,1,5,6,2,7,3,N,NULL,Y,N,1205,1225,1205,N,NULL,55,2,1,N,,N,N,098-US-0119-10,NULL,NULL,2023,O,7.29923E+11,098-US-0119  -010,HIGH,098-US-0119  -000,22.007,0,0,0,0,0,0,1,0,0,0,0,0,0
72980883,980100,2.023E+11,20231202,1720,,250,CASSIDY,,BLVD,,,0,098 CS-1191,CS1191,Y,N,NULL,NULL,NULL,N,NULL,NULL,NULL,NULL,NULL,NULL,0.274,NULL,NULL,NULL,NULL,,NULL,0,0,1,1,N,N,NULL,NULL,98,9801,NULL,,Y,37.50484,37,30.29,NULL,-82.53633,82,32.18,NULL,N,NULL,NULL,NULL,NULL,NULL,NULL,NULL,NULL,9,97,NULL,6,1,5,6,7,1,3,N,NULL,Y,N,1720,1728,1728,N,NULL,90,,,N,,N,N,098-CS-1191-0,NULL,NULL,2023,O,7.29809E+11,098-CS-1191  -000,HIGH,098-CS-1191  -000,0.262,0,0,0,1,0,0,1,0,0,0,0,1,0
72970259,KSP0900,23-450174,20231107,1630,,,KY195,,,KY0195,KY0195,0,098 KY-195,KY0195,N,N,NULL,NULL,NULL,N,NULL,NULL,NULL,NULL,NULL,NULL,10.166,NULL,NULL,NULL,NULL,,NULL,2,0,2,2,N,N,35,NULL,98,9830,NULL,,Y,37.35323,37,21.194,NULL,-82.42485,82,25.491,NULL,N,NULL,NULL,NULL,NULL,NULL,NULL,NULL,NULL,3,3,2,3,1,1,2,2,7,3,Y,NULL,Y,Y,1700,1730,1815,N,NULL,52,7,0,N,,N,N,098-KY-0195-0,NULL,NULL,2023,B,7.29703E+11,098-KY-0195  -000,HIGH,098-KY-0195  -000,10.164,0,0,0,1,0,0,0,0,0,0,0,1,0
72975530,KSP0900,23-458989,20231115,730,,,US119,,,US0119,US0119,0,098 US-119,US0119,N,N,NULL,NULL,NULL,N,NULL,NULL,NULL,NULL,NULL,NULL,24.078,NULL,NULL,NULL,NULL,,NULL,0,0,2,2,N,N,55,NULL,98,9834,NULL,,Y,37.65669,37,39.402,NULL,-82.27078,82,16.247,NULL,N,NULL,NULL,NULL,NULL,NULL,NULL,NULL,NULL,5,3,4,6,1,1,3,2,7,3,N,NULL,Y,N,745,755,755,N,NULL,49,2,1,N,,N,N,098-US-0119-0,NULL,NULL,2023,O,7.29755E+11,098-US-0119  -000,HIGH,098-US-0119  -000,24.074,0,0,1,0,0,0,1,0,0,0,0,0,0
72976890,980100,2.023E+11,20231122,1742,,,THOMPSON,,RD,,,0,098 CS-1215,CS1215,N,N,NULL,NULL,NULL,N,NULL,NULL,NULL,NULL,NULL,NULL,0.513,NULL,NULL,NULL,NULL,,NULL,0,0,2,2,N,N,35,NULL,98,9801,NULL,,Y,37.50597,37,30.358,NULL,-82.54344,82,32.606,NULL,N,NULL,NULL,NULL,NULL,NULL,NULL,NULL,NULL,1,3,3,6,1,5,3,6,7,3,N,NULL,Y,N,1742,1742,1742,N,NULL,55,,,N,,N,N,098-CS-1215-0,NULL,NULL,2023,O,7.29769E+11,098-CS-1215  -000,HIGH,098-CS-1215  -000,0.523,0,0,0,1,0,0,1,1,0,0,0,1,0
72972911,KSP0900,23-456342,20231112,2114,,,MALL,,RD,,,0,098 CR-1037,CR1037,Y,N,NULL,NULL,NULL,N,NULL,NULL,NULL,NULL,NULL,NULL,0.27,NULL,NULL,NULL,NULL,,NULL,0,0,2,2,N,N,15,NULL,98,9834,NULL,,Y,37.65454,37,39.272,NULL,-82.27134,82,16.281,NULL,N,NULL,NULL,NULL,NULL,NULL,NULL,NULL,NULL,2,97,NULL,6,1,1,2,5,1,3,N,NULL,Y,N,2114,2120,2114,N,NULL,90,,,N,,N,N,098-CR-1037-0,NULL,NULL,2023,O,7.29729E+11,098-CR-1037  -000,HIGH,098-CR-1037  -000,0.269,0,0,0,0,0,0,0,0,0,0,0,0,0
72972572,KSP0900,23-454282,20231111,35,,,ELKHORN,,CRK,KY0197,KY0197,0,098 KY-197,KY0197,N,N,NULL,NULL,NULL,N,NULL,NULL,NULL,NULL,NULL,NULL,5.904,NULL,NULL,NULL,NULL,,NULL,1,0,1,1,N,N,55,NULL,98,9864,NULL,,Y,37.25096,37,15.058,NULL,-82.4906,82,29.436,NULL,N,NULL,NULL,NULL,NULL,NULL,NULL,NULL,NULL,9,3,2,6,1,10,10,6,7,3,Y,NULL,Y,Y,39,112,200,Y,NULL,40,7,0,N,,N,N,098-KY-0197-0,NULL,NULL,2023,B,7.29726E+11,098-KY-0197  -000,HIGH,098-KY-0197  -000,5.903,0,0,1,0,0,0,0,0,0,0,0,1,0