MasterFile,AgencyORINumber,LocalCode,CollisionDate,CollisionTime,CollisionDayWeekCode,RoadwayName_HouseBusinessNumber_,RoadwayName_RoadwayName_,RoadwayName_Direction_,RoadwayName_RoadwaySuffix_,RoadwayfromReport,CurrentRoadwayNumber,RoadwayNumberCoupletID,RSEUniqueGIS,RoadwayIdentifier,ParkingLotIndicator,IntersectionWith_Indicator_,IntersectionWith_NameRoadway_,IntersectionWith_Direction_,IntersectionWith_RoadwaySuffix_,BetweenStreets_Indicator_,BetweenStreets1_NameRoadway_,BetweenStreet1_Direction_,BetweenStreets1_RoadwaySuffix_,BetweenStreets2_NameRoadway_,BetweenStreets2_Direction_,BetweenStreets2_RoadwaySuffix_,Milepoint,ReportMilepointDeriveNumber,CurrentDerivedMiepointNumber,MilestoMilepoint,FeettoMilepoint,DirectionfromMilepoint_NSEW_,ValidMilepointIndicator,NumberInjured,NumberKilled,ofUnits,ofMotorVehicleUnits,Hit&RunIndicator,OneWayIndicator,SpeedLimitNumber,KilometersIndicator,CountyCode,CityCountyCode,MilesFromCity,DirectionFromCity_NSEW_,InCityLimitsIndicator,Latitude,LatitudeDegrees,LatitudeMinutes,LatitudeSeconds,Longitude,LongitudeDegrees,LongitudeMinutes,LongitudeSeconds,RampIndicator,RampFromIdentifier,RampFromDirCode,RampFromCoupletID,RSEUniqueGISRampFrom,RampToidentifier,RampToDirCode,RampToCoupletID,RSEUniqueGisRampTo,MannerofCollisionCode,LocationFirstEventCode,TotalLanes,RoadwayCharacterCode,RoadwaySurfaceCode,RoadwayConditionCode,WeatherCode,LightConditionCode,LandUseCode,SchoolBusRelatedCode,FirstAidSceneIndicator,CollDescPresentInd,InvestigationCompleteIndicator,PhotosTakenIndicator,TimeNotified,TimeArrived,TimeRoadwayOpened,PropertyDamageIndicator,DiagramPresentIndicator,DirectionalAnalysis,FunctionClassCode,NationalHwySysCode,EnforcementsIndicator,KARSCityCode,SecondaryCollisionIndicator,MedianCrossoverIndicator,RT_UNIQUE,MapIt,TimeLastLeft,YR,KABCO,MFNY,WorkingRID,RT_CONFIDENCE,KTC_RT,KTC_MP,Motorcyclist,CommercialVehicle,YoungDriver,MatureDriver,pedestrian,Bicyclist,Distracted,agressive,Impaired,Unrestrained,Intersection,RoadwayDeparture,MedXover
72990973,KSP0900,23-504993,20231228,1614,,,US23,,,US0023,US0023,0,098 US-23,US0023,Y,N,NULL,NULL,NULL,N,NULL,NULL,NULL,NULL,NULL,NULL,27.998,NULL,NULL,NULL,NULL,,NULL,0,0,2,2,N,N,NULL,NULL,98,9807,NULL,,Y,37.51484,37,30.89,NULL,-82.55838,82,33.503,NULL,N,NULL,NULL,NULL,NULL,NULL,NULL,NULL,NULL,2,97,4,6,1,1,2,2,1,3,N,NULL,Y,Y,1614,1622,1622,N,NULL,90,,1,N,,N,N,098-US-0023-0,NULL,NULL,2023,O,7.2991E+11,098-US-0023  -000,HIGH,098-US-0023  -000,27.993,0,0,0,1,0,0,0,0,0,0,0,0,0
72991856,KSP0900,23-501340,20231224,1316,,,KY199,,,KY0199,KY0199,0,098 KY-199,KY0199,N,N,NULL,NULL,NULL,N,NULL,NULL,NULL,NULL,NULL,NULL,10.208,NULL,NULL,NULL,NULL,,NULL,0,0,2,2,N,N,35,NULL,98,9851,NULL,,Y,37.58741,37,35.244,NULL,-82.27058,82,16.235,NULL,N,NULL,NULL,NULL,NULL,NULL,NULL,NULL,NULL,5,3,2,6,1,5,2,2,7,3,N,NULL,Y,N,1316,1316,1316,N,NULL,49,7,0,N,,N,N,098-KY-0199-0,NULL,NULL,2023,O,7.29919E+11,098-KY-0199  -000,HIGH,098-KY-0199  -000,10.256,0,0,1,1,0,0,1,0,0,0,0,0,0
72924498,370200,2023324582,20230714,1307,,,US460,,,US0460,US0460,0,098 US-460,US0460,N,N,NULL,NULL,NULL,N,NULL,NULL,NULL,NULL,NULL,NULL,14.286,NULL,NULL,NULL,NULL,,NULL,0,0,1,1,N,N,55,NULL,98,9802,NULL,,Y,37.34213,37,20.528,NULL,-82.37598,82,22.558,NULL,N,NULL,NULL,NULL,NULL,NULL,NULL,NULL,NULL,9,3,2,1,1,5,6,2,7,3,N,NULL,Y,N,1307,1322,1322,Y,NULL,44,,1,N,,N,N,098-US-0460-0,NULL,NULL,2023,O,7.29245E+11,098-US-0460  -000,HIGH,098-US-0460  -000,14.268,0,1,0,0,0,0,0,0,0,0,0,1,0
72938276,980500,2023AR039,20230825,1227,,,WEDDINGTON BRANCH ROAD,,,,,,,,N,N,NULL,NULL,NULL,N,NULL,NULL,NULL,NULL,NULL,NULL,NULL,NULL,NULL,NULL,NULL,NULL,NULL,0,0,2,2,N,N,45,NULL,98,9807,NULL,,Y,37.52237,37,31.342,NULL,-82.57076,82,34.245,NULL,N,NULL,NULL,NULL,NULL,NULL,NULL,NULL,NULL,8,3,6,6,1,5,6,2,1,3,N,NULL,Y,Y,1227,1230,1335,N,NULL,53,,,Y,,N,N,,NULL,NULL,2023,O,7.29383E+11,098-US-0023  -010,MEDIUM,098-US-0023  -000,28.863,0,0,0,0,0,0,1,0,0,0,0,1,0
72991818,KSP0900,23-503454,20231227,553,,,ISLAND CREEK,,RD,KY1426,KY1426,,,,N,N,NULL,NULL,NULL,N,NULL,NULL,NULL,NULL,NULL,NULL,2.381,NULL,NULL,NULL,NULL,,NULL,0,0,1,1,N,N,45,NULL,98,9801,5,S,N,37.45861,37,27.517,NULL,-82.55379,82,33.227,NULL,N,NULL,NULL,NULL,NULL,NULL,NULL,NULL,NULL,9,2,2,6,1,5,6,6,7,3,N,NULL,Y,N,553,626,626,N,NULL,40,8,0,N,,N,N,,NULL,NULL,2023,O,7.29918E+11,098-KY-1426  -000,HIGH,098-KY-1426  -000,2.384,0,0,0,0,0,0,0,0,0,0,0,1,0
72948128,980100,2.023E+11,20230829,1412,,,US119,,,US0119,US0119,0,098 US-119-10,US0119,N,N,NULL,NULL,NULL,N,NULL,NULL,NULL,NULL,NULL,NULL,2.694,NULL,NULL,NULL,NULL,,NULL,0,0,2,2,N,N,55,NULL,98,9801,NULL,,Y,37.51403,37,30.842,NULL,-82.48714,82,29.228,NULL,N,NULL,NULL,NULL,NULL,NULL,NULL,NULL,NULL,8,3,2,3,1,1,2,2,1,3,N,NULL,Y,N,1412,1418,,N,NULL,53,2,1,N,,N,N,098-US-0119-10,NULL,NULL,2023,O,7.29481E+11,098-US-0119  -010,HIGH,098-US-0119  -000,2.693,0,0,1,0,0,0,1,0,0,0,0,1,0
72930316,KSP0900,23-346831,20230803,1545,,,FERRELLS CREEK,,RD,US0460,US0460,0,098 US-460,US0460,N,N,NULL,NULL,NULL,N,NULL,NULL,NULL,NULL,NULL,NULL,14.386,NULL,NULL,NULL,NULL,,NULL,0,0,2,2,N,N,55,NULL,98,9805,NULL,,Y,37.34217,37,20.53,NULL,-82.37427,82,22.456,NULL,N,NULL,NULL,NULL,NULL,NULL,NULL,NULL,NULL,5,3,2,6,1,5,6,2,7,3,N,NULL,Y,N,1600,1659,1659,N,NULL,49,,1,N,,N,N,098-US-0460-0,NULL,NULL,2023,O,7.29303E+11,098-US-0460  -000,HIGH,098-US-0460  -000,14.365,0,0,0,0,0,0,1,0,0,0,0,0,0
72995784,980100,2.023E+11,20231230,1310,,,KY1426,,,KY1426,KY1426,0,098 KY-1426,KY1426,N,N,NULL,NULL,NULL,N,NULL,NULL,NULL,NULL,NULL,NULL,8.107,NULL,NULL,NULL,NULL,,NULL,0,0,1,1,N,N,55,NULL,98,9801,NULL,,Y,37.4926,37,29.556,NULL,-82.49086,82,29.451,NULL,N,NULL,NULL,NULL,NULL,NULL,NULL,NULL,NULL,9,3,2,1,1,5,6,2,7,3,N,NULL,Y,N,1310,1320,1359,N,NULL,70,,0,N,,N,N,098-KY-1426-0,NULL,NULL,2023,O,7.29958E+11,098-KY-1426  -000,HIGH,098-KY-1426  -000,8.109,0,0,0,0,0,0,0,0,0,0,0,1,0
72926888,370200,2023331328,20230720,1150,,,KY3416,,,KY3416,KY3416,0,098 KY-3416,KY3416,N,N,NULL,NULL,NULL,N,NULL,NULL,NULL,NULL,NULL,NULL,1.668,NULL,NULL,NULL,NULL,,NULL,0,0,2,2,N,N,55,NULL,98,9801,NULL,,Y,37.45039,37,27.023,NULL,-82.54027,82,32.416,NULL,N,NULL,NULL,NULL,NULL,NULL,NULL,NULL,NULL,1,3,2,3,1,1,3,2,7,3,N,NULL,Y,Y,1152,1207,1225,N,NULL,55,9,0,N,,N,N,098-KY-3416-0,NULL,NULL,2023,O,7.29269E+11,098-KY-3416  -000,HIGH,098-KY-3416  -000,1.669,0,1,0,1,0,0,0,0,0,0,0,0,0
72960067,KSP0900,23-416119,20231006,1944,,,KY194,,,KY0194,KY0194,0,098 KY-194,KY0194,N,N,NULL,NULL,NULL,N,NULL,NULL,NULL,NULL,NULL,NULL,58.959,NULL,NULL,NULL,NULL,,NULL,3,0,2,2,N,N,45,NULL,98,9804,0,N,N,37.55,37,33,NULL,-82.15887,82,9.532,NULL,N,NULL,NULL,NULL,NULL,NULL,NULL,NULL,NULL,3,3,2,1,1,97,3,6,7,3,Y,NULL,N,Y,1950,2016,2331,N,NULL,52,7,0,N,,N,N,098-KY-0194-0,NULL,NULL,2023,A,7.29601E+11,098-KY-0194  -000,HIGH,098-KY-0194  -000,58.928,0,0,0,0,0,0,0,1,0,1,0,1,0
72967985,KSP0900,2023-440712,20231030,942,,,TOLER,,RD,KY0319,KY0319,0,098 KY-319,KY0319,N,N,NULL,NULL,NULL,N,NULL,NULL,NULL,NULL,NULL,NULL,1.151,NULL,NULL,NULL,NULL,,NULL,2,0,1,1,N,N,55,NULL,98,9863,NULL,,Y,37.58665,37,35.199,NULL,-82.19726,82,11.836,NULL,N,NULL,NULL,NULL,NULL,NULL,NULL,NULL,NULL,9,3,2,1,1,5,6,2,7,3,Y,NULL,Y,Y,945,955,1015,N,NULL,44,7,0,N,,N,N,098-KY-0319-0,NULL,NULL,2023,C,7.2968E+11,098-KY-0319  -000,HIGH,098-KY-0319  -000,1.158,0,0,0,0,0,0,0,0,0,0,0,1,0
72970672,980200,980200,20230920,1345,,,RUSSELL,W,ST,KY0197,KY0197,0,098 KY-197,KY0197,N,Y,ELKHORN,,CRK,N,NULL,NULL,NULL,NULL,NULL,NULL,15.736,NULL,NULL,NULL,NULL,,NULL,0,0,2,2,N,N,35,NULL,98,9802,NULL,,Y,37.29629,37,17.777,NULL,-82.36118,82,21.671,NULL,N,NULL,NULL,NULL,NULL,NULL,NULL,NULL,NULL,3,3,2,3,1,1,2,2,1,3,N,NULL,Y,Y,1359,1402,,N,NULL,52,7,0,N,,N,N,098-KY-0197-0,NULL,NULL,2023,O,7.29707E+11,098-KY-0197  -000,HIGH,098-KY-0197  -000,15.737,0,0,0,1,0,0,0,0,0,0,1,0,0
72947901,980100,2.023E+11,20230914,1335,,,US23,,,US0023,US0023,0,098 US-23,US0023,N,N,NULL,NULL,NULL,N,NULL,NULL,NULL,NULL,NULL,NULL,25.889,NULL,NULL,NULL,NULL,,NULL,0,0,2,2,Y,N,55,NULL,98,9801,NULL,,Y,37.49807,37,29.884,NULL,-82.53109,82,31.865,NULL,N,NULL,NULL,NULL,NULL,NULL,NULL,NULL,NULL,8,3,4,6,1,1,2,2,7,3,N,NULL,Y,N,1335,1340,1340,N,NULL,53,,1,N,,N,N,098-US-0023-0,NULL,NULL,2023,O,7.29479E+11,098-US-0023  -000,HIGH,098-US-0023  -000,25.828,0,0,1,0,0,0,0,0,0,0,0,1,0
72937169,980100,2.023E+11,20230818,1403,,,CASSIDY,,BLVD,,,0,098 CS-1191,CS1191,N,N,NULL,NULL,NULL,N,NULL,NULL,NULL,NULL,NULL,NULL,0.261,NULL,NULL,NULL,NULL,,NULL,0,0,2,2,N,N,25,NULL,98,9801,NULL,,Y,37.50463,37,30.278,NULL,-82.53611,82,32.167,NULL,N,NULL,NULL,NULL,NULL,NULL,NULL,NULL,NULL,1,3,4,6,1,1,2,2,1,3,N,NULL,Y,N,1403,1405,1407,N,NULL,55,,,N,,N,N,098-CS-1191-0,NULL,NULL,2023,O,7.29372E+11,098-CS-1191  -000,HIGH,098-CS-1191  -000,0.244,0,0,0,0,0,0,1,0,0,0,0,0,0
72982664,KSP0900,23-467641,20231122,1751,,,US119,,,US0119,US0119,0,098 US-119,US0119,Y,N,NULL,NULL,NULL,N,NULL,NULL,NULL,NULL,NULL,NULL,20.931,NULL,NULL,NULL,NULL,,NULL,0,0,1,1,N,N,55,NULL,98,9836,NULL,,Y,37.62081,37,37.248,NULL,-82.26831,82,16.099,NULL,N,NULL,NULL,NULL,NULL,NULL,NULL,NULL,NULL,9,97,2,6,1,1,2,6,1,3,N,NULL,Y,N,1751,1800,1751,Y,NULL,90,2,1,N,,N,N,098-US-0119-0,NULL,NULL,2023,O,7.29827E+11,098-US-0119  -000,HIGH,098-US-0119  -000,20.947,0,0,0,1,0,0,1,0,0,0,0,1,0
72918441,KSP0900,23-313846,20230704,2149,,,US460,,,US0460,US0460,0,098 US-460,US0460,N,N,NULL,NULL,NULL,N,NULL,NULL,NULL,NULL,NULL,NULL,8.146,NULL,NULL,NULL,NULL,,NULL,1,0,1,1,N,N,55,NULL,98,9830,7,N,N,37.37685,37,22.611,NULL,-82.43261,82,25.956,NULL,N,NULL,NULL,NULL,NULL,NULL,NULL,NULL,NULL,9,3,2,6,1,1,2,6,7,3,Y,NULL,Y,Y,2149,2206,2319,N,NULL,40,,1,N,,N,N,098-US-0460-0,NULL,NULL,2023,A,7.29184E+11,098-US-0460  -000,HIGH,098-US-0460  -000,8.126,1,0,0,0,0,0,0,0,0,0,0,1,0
72921886,980100,2.023E+11,20230713,1538,,,CASSIDY,,BLVD,,,0,098 CS-1191,CS1191,N,N,NULL,NULL,NULL,N,NULL,NULL,NULL,NULL,NULL,NULL,0.261,NULL,NULL,NULL,NULL,,NULL,0,0,2,2,N,N,35,NULL,98,9801,NULL,,Y,37.50464,37,30.278,NULL,-82.53611,82,32.167,NULL,N,NULL,NULL,NULL,NULL,NULL,NULL,NULL,NULL,1,3,4,6,1,1,2,2,1,3,N,NULL,Y,N,1538,1542,1545,N,NULL,55,,,N,,N,N,098-CS-1191-0,NULL,NULL,2023,O,7.29219E+11,098-CS-1191  -000,HIGH,098-CS-1191  -000,0.244,0,0,0,0,0,0,1,0,0,0,0,0,0
72961236,980100,2.023E+11,20231019,1555,,,CEDAR HILLS,,RD,KY1426,KY1426,0,098 KY-1426,KY1426,Y,N,NULL,NULL,NULL,N,NULL,NULL,NULL,NULL,NULL,NULL,4.754,NULL,NULL,NULL,NULL,,NULL,0,0,2,2,Y,N,15,NULL,98,9801,NULL,,Y,37.46337,37,27.802,NULL,-82.52593,82,31.556,NULL,N,NULL,NULL,NULL,NULL,NULL,NULL,NULL,NULL,5,97,2,6,1,1,3,2,1,3,N,NULL,N,N,1555,1601,1614,N,NULL,90,,0,N,,N,N,098-KY-1426-0,NULL,NULL,2023,O,7.29612E+11,098-KY-1426  -000,HIGH,098-KY-1426  -000,4.754,0,0,0,1,0,0,1,0,0,0,0,0,0
72942007,980100,2.023E+11,20230904,1019,,254,CASSIDY,,BLVD,,,,,,Y,N,NULL,NULL,NULL,N,NULL,NULL,NULL,NULL,NULL,NULL,0.35,NULL,NULL,NULL,NULL,,NULL,0,0,2,2,N,N,15,NULL,98,9801,NULL,,Y,37.50523,37,30.314,NULL,-82.5379,82,32.274,NULL,N,NULL,NULL,NULL,NULL,NULL,NULL,NULL,NULL,2,97,NULL,6,1,1,2,2,1,3,N,NULL,Y,N,1019,1031,,N,NULL,90,,,N,,N,N,,NULL,NULL,2023,O,7.2942E+11,098-CS-1191  -000,MEDIUM,098-CS-1191  -000,0.355,0,0,0,1,0,0,1,1,0,0,0,0,0
72955435,KSP0900,23-408622,20230929,409,,,COMPTON,,BTM,,,0,098 CR-1039-30,CR1039,N,N,NULL,NULL,NULL,N,NULL,NULL,NULL,NULL,NULL,NULL,0.004,NULL,NULL,NULL,NULL,,NULL,0,0,2,2,N,N,40,NULL,98,9836,NULL,,Y,37.65088,37,39.053,NULL,-82.26791,82,16.075,NULL,N,NULL,NULL,NULL,NULL,NULL,NULL,NULL,NULL,5,3,2,6,1,1,2,2,7,3,N,NULL,N,N,1609,1609,1620,N,NULL,49,,,N,,N,N,098-CR-1039-30,NULL,NULL,2023,O,7.29554E+11,098-CR-1039  -030,HIGH,098-CR-1039  -030,0.005,0,0,1,0,0,0,1,0,0,0,0,0,0
72911685,980500,2023AR029,20230612,1800,,3683,MAYO TRAIL,N,,,,,,,Y,N,NULL,NULL,NULL,N,NULL,NULL,NULL,NULL,NULL,NULL,NULL,NULL,NULL,NULL,NULL,NULL,NULL,0,0,2,2,N,N,15,NULL,98,9807,NULL,,Y,37.51747,37,31.048,NULL,-82.56517,82,33.91,NULL,N,NULL,NULL,NULL,NULL,NULL,NULL,NULL,NULL,1,97,NULL,6,1,1,2,2,1,3,N,NULL,Y,N,1800,1805,,N,NULL,90,,,N,,N,N,,NULL,NULL,2023,O,7.29117E+11,098-CS-3004  -000,MEDIUM,098-CS-3004  -000,0.041,0,0,1,0,0,0,1,0,0,0,0,0,0
72922333,980100,2.023E+11,20230710,857,,,PIKE,,ST,,,0,098 CS-1113,CS1113,N,N,NULL,NULL,NULL,N,NULL,NULL,NULL,NULL,NULL,NULL,0.138,NULL,NULL,NULL,NULL,,NULL,0,0,2,2,N,Y,15,NULL,98,9801,NULL,,Y,37.48085,37,28.851,NULL,-82.51767,82,31.06,NULL,N,NULL,NULL,NULL,NULL,NULL,NULL,NULL,NULL,1,3,2,6,1,1,2,2,3,3,N,NULL,Y,N,857,859,920,N,NULL,55,,,N,,N,N,098-CS-1113-0,NULL,NULL,2023,O,7.29223E+11,098-CS-1113  -000,HIGH,098-CS-1113  -000,0.138,0,0,0,1,0,0,1,1,0,0,0,0,0
72924631,980100,2.023E+11,20230719,1118,,,US23,,,US0023,US0023,0,098 US-23-10,US0023,N,N,NULL,NULL,NULL,N,NULL,NULL,NULL,NULL,NULL,NULL,26.311,NULL,NULL,NULL,NULL,,NULL,0,0,2,2,N,N,55,NULL,98,9801,NULL,,Y,37.50409,37,30.245,NULL,-82.5322,82,31.932,NULL,N,NULL,NULL,NULL,NULL,NULL,NULL,NULL,NULL,5,3,4,6,1,1,2,2,7,3,N,NULL,Y,N,1118,1127,1128,N,NULL,49,,1,N,,N,N,098-US-0023-10,NULL,NULL,2023,O,7.29246E+11,098-US-0023  -010,HIGH,098-US-0023  -000,26.25,0,0,0,1,0,0,0,0,0,0,0,0,0
72935592,980100,2.023E+11,20230818,1129,,,BAIRD,,AVE,KY1426,KY1426,0,098 KY-1426,KY1426,N,N,NULL,NULL,NULL,N,NULL,NULL,NULL,NULL,NULL,NULL,5.416,NULL,NULL,NULL,NULL,,NULL,0,0,2,2,N,N,25,NULL,98,9801,NULL,,Y,37.47298,37,28.379,NULL,-82.52699,82,31.62,NULL,N,NULL,NULL,NULL,NULL,NULL,NULL,NULL,NULL,1,3,3,6,1,1,2,2,7,3,N,NULL,Y,N,1119,1121,1123,N,NULL,55,,0,N,,N,N,098-KY-1426-0,NULL,NULL,2023,O,7.29356E+11,098-KY-1426  -000,HIGH,098-KY-1426  -000,5.417,0,0,0,0,0,0,0,0,0,0,0,0,0
72955899,980100,2.023E+11,20231001,1919,,,BOB AMOS,,DR,,,0,098 CS-1025,CS1025,Y,N,NULL,NULL,NULL,N,NULL,NULL,NULL,NULL,NULL,NULL,0.332,NULL,NULL,NULL,NULL,,NULL,0,0,2,2,N,N,15,NULL,98,9801,NULL,,Y,37.47508,37,28.505,NULL,-82.54059,82,32.435,NULL,N,NULL,NULL,NULL,NULL,NULL,NULL,NULL,NULL,2,97,NULL,6,1,1,2,2,1,3,N,NULL,Y,N,1919,1923,,N,NULL,90,,,N,,N,N,098-CS-1025-0,NULL,NULL,2023,O,7.29559E+11,098-CS-1025  -000,HIGH,098-CS-1025  -000,0.33,1,0,1,0,0,0,1,0,0,0,0,0,0
72989712,KSP0900,23-500262,20231223,1310,,,PHELPS 632,,RD,KY0632,KY0632,0,098 KY-632,KY0632,N,N,NULL,NULL,NULL,N,NULL,NULL,NULL,NULL,NULL,NULL,13.882,NULL,NULL,NULL,NULL,,NULL,2,0,3,3,N,N,35,NULL,98,9804,NULL,,Y,37.51348,37,30.809,NULL,-82.15443,82,9.266,NULL,N,NULL,NULL,NULL,NULL,NULL,NULL,NULL,NULL,7,3,2,6,1,1,3,2,7,3,N,NULL,Y,Y,1312,1410,1410,N,NULL,54,6,0,N,,Y,N,098-KY-0632-0,NULL,NULL,2023,C,7.29897E+11,098-KY-0632  -000,HIGH,098-KY-0632  -000,13.882,0,0,0,1,0,0,1,0,0,0,0,1,0
72945747,980100,2.023E+11,20230901,1820,,,CASSIDY,,BLVD,,,0,098 CS-1191,CS1191,N,N,NULL,NULL,NULL,N,NULL,NULL,NULL,NULL,NULL,NULL,0.16,NULL,NULL,NULL,NULL,,NULL,0,0,2,2,N,N,35,NULL,98,9801,NULL,,Y,37.50369,37,30.222,NULL,-82.53465,82,32.079,NULL,N,NULL,NULL,NULL,NULL,NULL,NULL,NULL,NULL,4,3,4,6,1,1,2,2,1,3,N,NULL,Y,N,1820,1826,1851,N,NULL,70,,,Y,,N,N,098-CS-1191-0,NULL,NULL,2023,O,7.29457E+11,098-CS-1191  -000,HIGH,098-CS-1191  -000,0.14,0,0,0,0,0,0,1,1,0,0,0,0,0
72951340,980100,2.023E+11,20230904,1810,,748,HAMBLEY,,BLVD,,,,,,Y,N,NULL,NULL,NULL,N,NULL,NULL,NULL,NULL,NULL,NULL,NULL,NULL,NULL,NULL,NULL,NULL,NULL,0,0,2,1,N,N,15,NULL,98,9801,NULL,,Y,37.4805,37,28.83,NULL,-82.51934,82,31.16,NULL,N,NULL,NULL,NULL,NULL,NULL,NULL,NULL,NULL,8,97,1,4,1,1,2,2,5,3,N,NULL,Y,N,1810,1813,,N,NULL,90,,,N,,N,N,,NULL,NULL,2023,O,7.29513E+11,098-CS-1222  -000,MEDIUM,098-CS-1222  -000,0.656,0,0,0,1,0,0,0,0,0,0,0,0,0
72987264,980100,2.023E+11,20231211,1226,,,CASSIDY,,BLVD,,,0,098 CS-1191,CS1191,N,N,NULL,NULL,NULL,N,NULL,NULL,NULL,NULL,NULL,NULL,0.318,NULL,NULL,NULL,NULL,,NULL,0,0,2,2,N,N,35,NULL,98,9801,NULL,,Y,37.50521,37,30.312,NULL,-82.5372,82,32.232,NULL,N,NULL,NULL,NULL,NULL,NULL,NULL,NULL,NULL,4,3,2,3,1,1,3,2,1,3,N,NULL,Y,N,1226,1234,1239,N,NULL,70,,,N,,N,N,098-CS-1191-0,NULL,NULL,2023,O,7.29873E+11,098-CS-1191  -000,HIGH,098-CS-1191  -000,0.317,0,0,0,0,0,0,1,0,0,0,0,0,0
72972694,KSP0900,23-457686,20231113,2217,,,FERRELLS CREEK,,RD,US0460,US0460,0,098 US-460,US0460,N,N,NULL,NULL,NULL,N,NULL,NULL,NULL,NULL,NULL,NULL,20.066,NULL,NULL,NULL,NULL,,NULL,0,0,1,1,N,N,55,NULL,98,9847,NULL,,Y,37.37521,37,22.512,NULL,-82.29341,82,17.605,NULL,N,NULL,NULL,NULL,NULL,NULL,NULL,NULL,NULL,9,3,2,5,1,1,2,6,7,3,N,NULL,N,N,2221,2233,2300,N,NULL,38,,1,N,,N,N,098-US-0460-0,NULL,NULL,2023,O,7.29727E+11,098-US-0460  -000,HIGH,098-US-0460  -000,20.045,0,0,1,0,0,0,0,0,0,0,0,0,0
72915792,KSP0900,23-236497,20230621,2035,,,HARLESS,,CRK,,,0,098 CR-1664,CR1664,N,N,NULL,NULL,NULL,N,NULL,NULL,NULL,NULL,NULL,NULL,0.804,NULL,NULL,NULL,NULL,,NULL,1,0,1,1,N,N,20,NULL,98,9822,NULL,,Y,37.37276,37,22.366,NULL,-82.39938,82,23.963,NULL,N,NULL,NULL,NULL,NULL,NULL,NULL,NULL,NULL,9,3,1,6,1,1,2,6,7,3,N,NULL,Y,Y,2000,2035,2035,N,NULL,70,,,N,,N,N,098-CR-1664-0,NULL,NULL,2023,C,7.29158E+11,098-CR-1664  -000,HIGH,098-CR-1664  -000,0.806,0,0,1,0,0,0,0,0,0,1,0,1,0
72972787,980100,2.023E+11,20231108,740,,,US119,,,US0119,US0119,0,098 US-119,US0119,N,N,NULL,NULL,NULL,N,NULL,NULL,NULL,NULL,NULL,NULL,1.977,NULL,NULL,NULL,NULL,,NULL,2,0,2,2,N,N,55,NULL,98,9801,2,N,N,37.51232,37,30.739,NULL,-82.49979,82,29.987,NULL,N,NULL,NULL,NULL,NULL,NULL,NULL,NULL,NULL,4,3,2,4,1,1,2,2,7,3,Y,NULL,Y,Y,740,740,,N,NULL,70,2,1,N,,N,N,098-US-0119-0,NULL,NULL,2023,B,7.29728E+11,098-US-0119  -000,HIGH,098-US-0119  -000,1.977,0,0,1,0,0,0,1,1,0,0,0,1,0
72980949,KSP0900,23-473936,20231128,2101,,,FEDSCREEK,,RD,KY0366,KY0366,0,098 KY-366,KY0366,Y,N,NULL,NULL,NULL,N,NULL,NULL,NULL,NULL,NULL,NULL,0.271,NULL,NULL,NULL,NULL,,NULL,0,0,2,2,N,N,35,NULL,98,9839,NULL,,Y,37.40172,37,24.103,NULL,-82.24439,82,14.663,NULL,N,NULL,NULL,NULL,NULL,NULL,NULL,NULL,NULL,2,97,2,6,1,1,2,7,8,3,N,NULL,Y,Y,2101,2305,2320,N,NULL,90,9,0,N,,N,N,098-KY-0366-0,NULL,NULL,2023,O,7.29809E+11,098-KY-0366  -000,HIGH,098-KY-0366  -000,0.269,0,0,0,0,0,0,0,0,0,0,0,0,0
72947588,KSP0900,23-396191,20230917,2351,,,US23,,,US0023,US0023,0,098 US-23,US0023,N,N,NULL,NULL,NULL,N,NULL,NULL,NULL,NULL,NULL,NULL,6.917,NULL,NULL,NULL,NULL,,NULL,0,0,1,1,N,N,55,NULL,98,9809,NULL,,Y,37.30078,37,18.047,NULL,-82.54314,82,32.588,NULL,N,NULL,NULL,NULL,NULL,NULL,NULL,NULL,NULL,9,3,4,2,1,5,6,6,7,3,N,NULL,N,N,3,16,30,N,NULL,70,,1,N,,N,N,098-US-0023-0,NULL,NULL,2023,O,7.29476E+11,098-US-0023  -000,HIGH,098-US-0023  -000,6.909,0,0,0,0,0,0,0,0,0,0,0,1,0
72955679,370200,2023415426,20231006,1015,,,COLLINS,,HWY,KY0122,KY0122,0,098 KY-122,KY0122,N,N,NULL,NULL,NULL,N,NULL,NULL,NULL,NULL,NULL,NULL,11.791,NULL,NULL,NULL,NULL,,NULL,0,0,1,1,N,N,55,NULL,98,9808,NULL,,Y,37.39063,37,23.437,NULL,-82.5238,82,31.428,NULL,N,NULL,NULL,NULL,NULL,NULL,NULL,NULL,NULL,9,3,2,6,1,1,3,2,7,3,N,NULL,Y,N,1021,1040,1040,Y,NULL,40,,0,N,,N,N,098-KY-0122-0,NULL,NULL,2023,O,7.29557E+11,098-KY-0122  -000,HIGH,098-KY-0122  -000,11.798,0,1,0,0,0,0,0,0,0,0,0,1,0