MasterFile,AgencyORINumber,LocalCode,CollisionDate,CollisionTime,CollisionDayWeekCode,RoadwayName_HouseBusinessNumber_,RoadwayName_RoadwayName_,RoadwayName_Direction_,RoadwayName_RoadwaySuffix_,RoadwayfromReport,CurrentRoadwayNumber,RoadwayNumberCoupletID,RSEUniqueGIS,RoadwayIdentifier,ParkingLotIndicator,IntersectionWith_Indicator_,IntersectionWith_NameRoadway_,IntersectionWith_Direction_,IntersectionWith_RoadwaySuffix_,BetweenStreets_Indicator_,BetweenStreets1_NameRoadway_,BetweenStreet1_Direction_,BetweenStreets1_RoadwaySuffix_,BetweenStreets2_NameRoadway_,BetweenStreets2_Direction_,BetweenStreets2_RoadwaySuffix_,Milepoint,ReportMilepointDeriveNumber,CurrentDerivedMiepointNumber,MilestoMilepoint,FeettoMilepoint,DirectionfromMilepoint_NSEW_,ValidMilepointIndicator,NumberInjured,NumberKilled,ofUnits,ofMotorVehicleUnits,Hit&RunIndicator,OneWayIndicator,SpeedLimitNumber,KilometersIndicator,CountyCode,CityCountyCode,MilesFromCity,DirectionFromCity_NSEW_,InCityLimitsIndicator,Latitude,LatitudeDegrees,LatitudeMinutes,LatitudeSeconds,Longitude,LongitudeDegrees,LongitudeMinutes,LongitudeSeconds,RampIndicator,RampFromIdentifier,RampFromDirCode,RampFromCoupletID,RSEUniqueGISRampFrom,RampToidentifier,RampToDirCode,RampToCoupletID,RSEUniqueGisRampTo,MannerofCollisionCode,LocationFirstEventCode,TotalLanes,RoadwayCharacterCode,RoadwaySurfaceCode,RoadwayConditionCode,WeatherCode,LightConditionCode,LandUseCode,SchoolBusRelatedCode,FirstAidSceneIndicator,CollDescPresentInd,InvestigationCompleteIndicator,PhotosTakenIndicator,TimeNotified,TimeArrived,TimeRoadwayOpened,PropertyDamageIndicator,DiagramPresentIndicator,DirectionalAnalysis,FunctionClassCode,NationalHwySysCode,EnforcementsIndicator,KARSCityCode,SecondaryCollisionIndicator,MedianCrossoverIndicator,RT_UNIQUE,MapIt,TimeLastLeft,YR,KABCO,MFNY,WorkingRID,RT_CONFIDENCE,KTC_RT,KTC_MP,Motorcyclist,CommercialVehicle,YoungDriver,MatureDriver,pedestrian,Bicyclist,Distracted,agressive,Impaired,Unrestrained,Intersection,RoadwayDeparture,MedXover
72962907,KSP0900,23-433540,20231023,1446,,,VIRGIE,,RD,KY0610,KY0610,0,098 KY-610,KY0610,N,N,NULL,NULL,NULL,N,NULL,NULL,NULL,NULL,NULL,NULL,7.972,NULL,NULL,NULL,NULL,,NULL,0,0,2,2,N,N,35,NULL,98,9827,NULL,,Y,37.33814,37,20.288,NULL,-82.58666,82,35.2,NULL,N,NULL,NULL,NULL,NULL,NULL,NULL,NULL,NULL,1,3,2,6,1,1,2,2,7,3,N,NULL,Y,N,1526,1534,1600,N,NULL,55,7,0,N,,N,N,098-KY-0610-0,NULL,NULL,2023,O,7.29629E+11,098-KY-0610  -000,HIGH,098-KY-0610  -000,7.961,0,0,0,1,0,0,1,0,0,0,0,0,0
72965938,980100,2.023E+11,20231025,1019,,,CASSIDY,,BLVD,,,,,,Y,N,NULL,NULL,NULL,N,NULL,NULL,NULL,NULL,NULL,NULL,0.291,NULL,NULL,NULL,NULL,,NULL,0,0,2,2,N,N,NULL,NULL,98,9801,NULL,,Y,37.50499,37,30.299,NULL,-82.53665,82,32.199,NULL,N,NULL,NULL,NULL,NULL,NULL,NULL,NULL,NULL,8,97,NULL,6,2,1,2,2,1,3,N,NULL,Y,N,1019,1021,,N,NULL,90,,,N,,N,N,,NULL,NULL,2023,O,7.29659E+11,098-CS-1191  -000,MEDIUM,098-CS-1191  -000,0.282,0,0,0,1,0,0,1,0,0,0,0,0,0
72894459,KSP0900,23-167434,20230503,1500,,,FISHTRAP,,RD,KY1441,KY1441,0,098 KY-1441,KY1441,N,N,NULL,NULL,NULL,N,NULL,NULL,NULL,NULL,NULL,NULL,11.03,NULL,NULL,NULL,NULL,,NULL,0,0,2,2,N,N,45,NULL,98,9850,NULL,,Y,37.52841,37,31.705,NULL,-82.45794,82,27.476,NULL,N,NULL,NULL,NULL,NULL,NULL,NULL,NULL,NULL,1,3,2,3,1,1,3,2,7,3,N,NULL,N,N,1426,1520,1530,N,NULL,55,8,0,N,,N,N,098-KY-1441-0,NULL,NULL,2023,O,7.28945E+11,098-KY-1441  -000,HIGH,098-KY-1441  -000,11.026,0,0,0,0,0,0,1,1,0,0,0,0,0
72923569,370200,2023324383,20230714,1024,,,CURE,,HL,,,0,098 CR-1627,CR1627,N,N,NULL,NULL,NULL,N,NULL,NULL,NULL,NULL,NULL,NULL,0.123,NULL,NULL,NULL,NULL,,NULL,0,0,1,1,N,N,35,NULL,98,9802,NULL,,Y,37.27593,37,16.556,NULL,-82.37512,82,22.507,NULL,N,NULL,NULL,NULL,NULL,NULL,NULL,NULL,NULL,9,3,2,1,1,5,3,2,7,3,N,NULL,Y,N,1024,1127,1127,N,NULL,70,,,N,,N,N,098-CR-1627-0,NULL,NULL,2023,O,7.29236E+11,098-CR-1627  -000,HIGH,098-CR-1627  -000,0.037,0,1,0,0,0,0,0,0,0,0,0,1,0
72898763,KSP0900,23-174452,20230508,1145,,,US119,,,US0119,US0119,0,098 US-119,US0119,N,N,NULL,NULL,NULL,N,NULL,NULL,NULL,NULL,NULL,NULL,24.431,NULL,NULL,NULL,NULL,,NULL,0,0,2,2,N,N,40,NULL,98,9834,NULL,,Y,37.66105,37,39.663,NULL,-82.27374,82,16.424,NULL,N,NULL,NULL,NULL,NULL,NULL,NULL,NULL,NULL,8,3,4,3,1,1,3,2,7,3,N,NULL,Y,N,1147,1230,1147,N,NULL,53,2,1,N,,N,N,098-US-0119-0,NULL,NULL,2023,O,7.28988E+11,098-US-0119  -000,HIGH,098-US-0119  -000,24.431,0,0,0,1,0,0,1,0,0,0,0,1,0
72896419,980100,2.023E+11,20230503,1516,,,4TH,,ST,,,0,098 CS-1133,CS1133,Y,N,NULL,NULL,NULL,N,NULL,NULL,NULL,NULL,NULL,NULL,0.054,NULL,NULL,NULL,NULL,,NULL,0,0,2,2,Y,N,NULL,NULL,98,9801,NULL,,Y,37.48331,37,28.998,NULL,-82.51879,82,31.128,NULL,N,NULL,NULL,NULL,NULL,NULL,NULL,NULL,NULL,1,97,1,6,1,1,2,2,1,3,N,NULL,Y,N,1430,1434,1434,N,NULL,90,,,Y,,N,N,098-CS-1133-0,NULL,NULL,2023,O,7.28964E+11,098-CS-1133  -000,HIGH,098-CS-1133  -000,0.054,0,0,0,0,0,0,0,0,1,0,0,0,0
72894177,KSP0900,23-164892,20230424,745,,101,TIGER,,WAY,,,0,,TIGER WAY,Y,N,NULL,NULL,NULL,N,NULL,NULL,NULL,NULL,NULL,NULL,NULL,NULL,NULL,NULL,NULL,,NULL,0,0,2,2,N,N,15,NULL,98,9801,0.4,N,N,37.51609,37,30.966,NULL,-82.50349,82,30.209,NULL,N,NULL,NULL,NULL,NULL,NULL,NULL,NULL,NULL,8,97,1,6,1,1,2,2,8,3,N,NULL,Y,N,745,745,745,N,NULL,90,,,N,,N,N,,NULL,NULL,2023,O,7.28942E+11,NULL,LOW,NULL,NULL,0,0,0,0,0,0,0,0,0,0,0,0,0
72978289,370200,2023465879,20231121,828,,,BRUSHY,,RD,,,0,098 CR-1429Q4,CR1429Q4,N,N,NULL,NULL,NULL,N,NULL,NULL,NULL,NULL,NULL,NULL,3.129,NULL,NULL,NULL,NULL,,NULL,0,0,1,1,N,N,35,NULL,98,9831,NULL,,Y,37.65669,37,39.402,NULL,-82.50749,82,30.449,NULL,N,NULL,NULL,NULL,NULL,NULL,NULL,NULL,NULL,9,4,1,1,1,5,6,2,7,3,N,NULL,Y,N,828,1015,0,N,NULL,44,,,N,,N,N,098-CR-1429Q4-0,NULL,NULL,2023,O,7.29783E+11,098-CR-1429Q4-000,HIGH,098-CR-1429Q4-000,3.078,0,0,0,0,0,0,0,0,0,0,0,1,0
72970676,980200,980200,20231106,1510,,19471,FERRELLS CREEK,,RD,US0460,US0460,0,098 US-460,US0460,Y,N,NULL,NULL,NULL,N,NULL,NULL,NULL,NULL,NULL,NULL,18.481,NULL,NULL,NULL,NULL,,NULL,1,0,3,3,N,N,55,NULL,98,9876,8,W,N,37.36106,37,21.664,NULL,-82.31241,82,18.745,NULL,N,NULL,NULL,NULL,NULL,NULL,NULL,NULL,NULL,5,97,2,6,1,1,2,2,8,3,Y,NULL,Y,Y,1515,1532,1630,N,NULL,90,,1,N,,Y,N,098-US-0460-0,NULL,NULL,2023,B,7.29707E+11,098-US-0460  -000,HIGH,098-US-0460  -000,18.45,0,0,1,0,0,0,0,1,0,1,0,0,0
72981728,980100,2.023E+11,20231204,1455,,,KY1426,,,KY1426,KY1426,0,098 KY-1426,KY1426,N,N,NULL,NULL,NULL,N,NULL,NULL,NULL,NULL,NULL,NULL,9.191,NULL,NULL,NULL,NULL,,NULL,1,0,1,1,N,N,55,NULL,98,9801,NULL,,Y,37.50778,37,30.467,NULL,-82.48843,82,29.305,NULL,N,NULL,NULL,NULL,NULL,NULL,NULL,NULL,NULL,9,3,2,1,1,1,3,2,1,3,N,NULL,Y,Y,1500,1503,1535,N,NULL,44,,0,N,,N,N,098-KY-1426-0,NULL,NULL,2023,C,7.29817E+11,098-KY-1426  -000,HIGH,098-KY-1426  -000,9.197,0,0,0,0,0,0,0,0,0,0,0,1,0
72972909,KSP0900,23-442347,20231031,1857,,,US119,,,US0119,US0119,0,098 US-119-10,US0119,N,N,NULL,NULL,NULL,N,NULL,NULL,NULL,NULL,NULL,NULL,23.013,NULL,NULL,NULL,NULL,,NULL,0,0,1,1,N,N,55,NULL,98,9836,NULL,,Y,37.64342,37,38.605,NULL,-82.26384,82,15.83,NULL,N,NULL,NULL,NULL,NULL,NULL,NULL,NULL,NULL,9,3,2,6,1,1,2,6,3,3,N,NULL,Y,N,1857,1901,1857,N,NULL,38,2,1,N,,N,N,098-US-0119-10,NULL,NULL,2023,O,7.29729E+11,098-US-0119  -010,HIGH,098-US-0119  -000,23.019,0,0,0,0,0,0,0,0,0,0,0,0,0
72955282,980100,2.023E+11,20231005,1237,,,US23,,,US0023,US0023,0,098 US-23,US0023,N,N,NULL,NULL,NULL,N,NULL,NULL,NULL,NULL,NULL,NULL,22.979,NULL,NULL,NULL,NULL,,NULL,0,0,2,2,N,N,55,NULL,98,9801,NULL,,Y,37.4655,37,27.93,NULL,-82.52664,82,31.598,NULL,N,NULL,NULL,NULL,NULL,NULL,NULL,NULL,NULL,8,3,4,6,1,1,2,2,2,3,N,NULL,Y,N,1237,1237,1249,N,NULL,53,,1,N,,N,N,098-US-0023-0,NULL,NULL,2023,O,7.29553E+11,098-US-0023  -000,HIGH,098-US-0023  -000,22.912,0,1,0,1,0,0,1,1,0,0,0,1,0
72988857,KSP0900,23-498291,20231221,1637,,,KY194,,,KY0194,KY0194,0,098 KY-194,KY0194,N,N,NULL,NULL,NULL,N,NULL,NULL,NULL,NULL,NULL,NULL,14.421,NULL,NULL,NULL,NULL,,NULL,0,0,1,1,N,N,55,NULL,98,9801,NULL,,Y,37.58041,37,34.825,NULL,-82.4808,82,28.848,NULL,N,NULL,NULL,NULL,NULL,NULL,NULL,NULL,NULL,9,5,2,6,1,1,2,2,7,3,Y,NULL,Y,N,1637,1700,1725,N,NULL,44,7,0,N,,N,N,098-KY-0194-0,NULL,NULL,2023,O,7.29889E+11,098-KY-0194  -000,HIGH,098-KY-0194  -000,14.343,0,0,0,0,0,0,1,0,0,1,0,1,0
72980773,KSP0900,23-476619,20231201,1325,,,US119,N,,US0119,US0119,0,098 US-119,US0119,Y,N,NULL,NULL,NULL,N,NULL,NULL,NULL,NULL,NULL,NULL,24.17,NULL,NULL,NULL,NULL,,NULL,1,0,2,1,Y,N,55,NULL,98,9834,NULL,,Y,37.65789,37,39.474,NULL,-82.27147,82,16.288,NULL,N,NULL,NULL,NULL,NULL,NULL,NULL,NULL,NULL,9,7,1,6,1,5,3,2,1,3,N,NULL,Y,Y,1325,1240,1240,N,NULL,90,2,1,N,,N,N,098-US-0119-0,NULL,NULL,2023,B,7.29808E+11,098-US-0119  -000,HIGH,098-US-0119  -000,24.169,0,0,0,0,1,0,1,1,0,0,0,0,0
72978625,KSP0900,23-467622,20231122,1735,,,US119,,,US0119,US0119,0,098 US-119,US0119,N,N,NULL,NULL,NULL,N,NULL,NULL,NULL,NULL,NULL,NULL,12.983,NULL,NULL,NULL,NULL,,NULL,0,0,1,1,N,N,55,NULL,98,9833,NULL,,Y,37.60744,37,36.447,NULL,-82.36529,82,21.917,NULL,N,NULL,NULL,NULL,NULL,NULL,NULL,NULL,NULL,9,3,2,6,1,5,6,6,3,3,N,NULL,Y,N,1735,1745,1745,N,NULL,38,2,1,N,,N,N,098-US-0119-0,NULL,NULL,2023,O,7.29786E+11,098-US-0119  -000,HIGH,098-US-0119  -000,12.982,0,0,0,0,0,0,0,0,0,0,0,0,0
72977662,980100,2.023E+11,20231118,2107,,,US23,,,US0023,US0023,0,098 US-23-10,US0023,N,N,NULL,NULL,NULL,N,NULL,NULL,NULL,NULL,NULL,NULL,26.329,NULL,NULL,NULL,NULL,,NULL,3,0,2,2,N,N,55,NULL,98,9801,NULL,,Y,37.50379,37,30.228,NULL,-82.53219,82,31.931,NULL,N,NULL,NULL,NULL,NULL,NULL,NULL,NULL,NULL,3,3,4,6,1,1,2,5,2,3,Y,NULL,Y,Y,2107,2109,2226,N,NULL,52,,1,N,,N,N,098-US-0023-10,NULL,NULL,2023,B,7.29777E+11,098-US-0023  -010,HIGH,098-US-0023  -000,26.231,0,0,1,0,0,0,1,0,0,0,0,1,0
72950838,KSP0900,23-404227,20230925,1403,,,FERRELLS CREEK,,RD,US0460,US0460,0,098 US-460,US0460,N,N,NULL,NULL,NULL,N,NULL,NULL,NULL,NULL,NULL,NULL,20.081,NULL,NULL,NULL,NULL,,NULL,0,0,2,2,Y,N,55,NULL,98,9802,NULL,,Y,37.37527,37,22.516,NULL,-82.29317,82,17.59,NULL,N,NULL,NULL,NULL,NULL,NULL,NULL,NULL,NULL,7,3,2,4,1,1,2,2,7,3,N,NULL,N,N,1407,1458,,N,NULL,54,,1,N,,N,N,098-US-0460-0,NULL,NULL,2023,O,7.29508E+11,098-US-0460  -000,HIGH,098-US-0460  -000,20.059,1,0,0,0,0,0,0,0,0,0,0,1,0
72930619,980100,2.023E+11,20230805,1202,,1454,US23,,,US0023,US0023,0,098 US-23,US0023,Y,N,NULL,NULL,NULL,N,NULL,NULL,NULL,NULL,NULL,NULL,20.58,NULL,NULL,NULL,NULL,,NULL,0,0,1,1,N,N,55,NULL,98,9801,NULL,,Y,37.44344,37,26.606,NULL,-82.51897,82,31.138,NULL,N,NULL,NULL,NULL,NULL,NULL,NULL,NULL,NULL,9,97,4,6,1,1,2,2,1,3,N,NULL,Y,N,1202,1211,1211,Y,NULL,90,,1,N,,N,N,098-US-0023-0,NULL,NULL,2023,O,7.29306E+11,098-US-0023  -000,HIGH,098-US-0023  -000,20.501,0,1,0,0,0,0,1,0,0,0,0,0,0
72955279,KSP0900,23-404532,20230925,1900,,,BIG CREEK,E,RD,KY3220,KY3220,0,098 KY-3220,KY3220,N,N,NULL,NULL,NULL,N,NULL,NULL,NULL,NULL,NULL,NULL,1.172,NULL,NULL,NULL,NULL,,NULL,0,0,2,2,N,N,35,NULL,98,9833,NULL,,Y,37.61742,37,37.045,NULL,-82.35063,82,21.038,NULL,N,NULL,NULL,NULL,NULL,NULL,NULL,NULL,NULL,6,7,1,6,1,1,2,2,1,3,N,NULL,Y,N,1812,1855,1855,N,NULL,70,8,0,N,,N,N,098-KY-3220-0,NULL,NULL,2023,O,7.29553E+11,098-KY-3220  -000,HIGH,098-KY-3220  -000,1.169,0,0,1,0,0,0,1,0,0,0,0,0,0
72971658,KSP0900,2023-447110,20231105,506,,,US119,,,US0119,US0119,0,098 US-119,US0119,N,N,NULL,NULL,NULL,N,NULL,NULL,NULL,NULL,NULL,NULL,19.756,NULL,NULL,NULL,NULL,,NULL,0,0,1,1,N,N,55,NULL,98,9836,NULL,,Y,37.61221,37,36.732,NULL,-82.26913,82,16.148,NULL,N,NULL,NULL,NULL,NULL,NULL,NULL,NULL,NULL,9,3,4,3,1,1,2,6,7,3,N,NULL,Y,N,506,506,506,N,NULL,38,2,1,N,,N,N,098-US-0119-0,NULL,NULL,2023,O,7.29717E+11,098-US-0119  -000,HIGH,098-US-0119  -000,19.926,0,0,0,0,0,0,0,0,0,0,0,0,0
72982699,980100,2.023E+11,20231110,1510,,831,HAMBLEY,,BLVD,,,0,098 CS-1222,CS1222,N,N,NULL,NULL,NULL,N,NULL,NULL,NULL,NULL,NULL,NULL,0.446,NULL,NULL,NULL,NULL,,NULL,0,0,2,2,Y,N,35,NULL,98,9801,NULL,,Y,37.4778,37,28.668,NULL,-82.52096,82,31.258,NULL,N,NULL,NULL,NULL,NULL,NULL,NULL,NULL,NULL,8,5,NULL,6,1,1,2,2,8,3,N,NULL,Y,N,1510,1513,1513,N,NULL,47,,,N,,N,N,098-CS-1222-0,NULL,NULL,2023,NULL,7.29827E+11,098-CS-1222  -000,HIGH,098-CS-1222  -000,0.446,0,0,0,0,0,0,0,0,0,0,0,0,0
72918823,KSP0900,23-308059,20230629,2355,,,KY122,,,KY0122,KY0122,0,098 KY-122,KY0122,N,N,NULL,NULL,NULL,N,NULL,NULL,NULL,NULL,NULL,NULL,6.999,NULL,NULL,NULL,NULL,,NULL,1,0,1,1,N,N,55,NULL,98,9823,NULL,,Y,37.37194,37,22.316,NULL,-82.58215,82,34.929,NULL,N,NULL,NULL,NULL,NULL,NULL,NULL,NULL,NULL,9,3,2,3,1,1,2,6,7,3,N,NULL,Y,Y,2355,2355,30,N,NULL,44,,0,N,,N,N,098-KY-0122-0,NULL,NULL,2023,C,7.29188E+11,098-KY-0122  -000,HIGH,098-KY-0122  -000,6.991,0,0,0,0,0,0,0,0,0,0,0,1,0
72992211,980100,2.023E+11,20231220,939,,,BYPASS,S,RD,KY1426,KY1426,0,098 KY-1426,KY1426,N,N,NULL,NULL,NULL,N,NULL,NULL,NULL,NULL,NULL,NULL,5.699,NULL,NULL,NULL,NULL,,NULL,2,0,2,2,N,N,45,NULL,98,9801,NULL,,Y,37.47282,37,28.369,NULL,-82.52271,82,31.362,NULL,N,NULL,NULL,NULL,NULL,NULL,NULL,NULL,NULL,1,3,2,6,1,1,2,2,1,3,Y,NULL,Y,Y,939,942,1009,N,NULL,55,,0,N,,N,N,098-KY-1426-0,NULL,NULL,2023,C,7.29922E+11,098-KY-1426  -000,HIGH,098-KY-1426  -000,5.699,0,0,0,0,0,0,1,0,0,0,0,0,0
72987482,KSP0900,23-485564,20231209,2044,,,US119,N,,US0119,US0119,0,098 US-119,US0119,N,N,NULL,NULL,NULL,N,NULL,NULL,NULL,NULL,NULL,NULL,12.216,NULL,NULL,NULL,NULL,,NULL,0,0,1,1,N,N,55,NULL,98,9833,NULL,,Y,37.59855,37,35.913,NULL,-82.37251,82,22.351,NULL,N,NULL,NULL,NULL,NULL,NULL,NULL,NULL,NULL,9,3,2,3,1,1,2,7,7,3,N,NULL,N,N,2030,2045,2045,N,NULL,38,2,1,N,,N,N,098-US-0119-0,NULL,NULL,2023,O,7.29875E+11,098-US-0119  -000,HIGH,098-US-0119  -000,12.222,0,0,0,0,0,0,0,0,0,0,0,0,0
72968996,KSP0900,23-446853,20231104,2201,,,NATS,,BR,,,0,098 PR-1216,PR1216,N,N,NULL,NULL,NULL,N,NULL,NULL,NULL,NULL,NULL,NULL,0.632,NULL,NULL,NULL,NULL,,NULL,1,0,1,1,N,N,5,NULL,98,9802,NULL,,Y,37.24409,37,14.645,NULL,-82.67497,82,40.498,NULL,N,NULL,NULL,NULL,NULL,NULL,NULL,NULL,NULL,9,97,1,6,97,1,2,7,5,3,Y,NULL,Y,Y,2208,2235,,N,NULL,70,,,N,,N,N,098-PR-1216-0,NULL,NULL,2023,B,7.2969E+11,098-PR-1216  -000,HIGH,098-PR-1216  -000,0.653,0,0,0,0,0,0,0,0,0,0,0,1,0
72968117,980100,2.023E+11,20231102,1211,,,CASSIDY,,BLVD,,,,,,Y,N,NULL,NULL,NULL,N,NULL,NULL,NULL,NULL,NULL,NULL,0.18,NULL,NULL,NULL,NULL,,NULL,0,0,2,2,N,Y,NULL,NULL,98,9801,NULL,,Y,37.50384,37,30.23,NULL,-82.53495,82,32.097,NULL,N,NULL,NULL,NULL,NULL,NULL,NULL,NULL,NULL,5,97,1,6,2,1,2,2,1,3,N,NULL,N,N,1211,1230,,N,NULL,90,,,N,,N,N,,NULL,NULL,2023,O,7.29681E+11,098-CS-1191  -000,MEDIUM,098-CS-1191  -000,0.159,0,0,0,0,0,0,0,0,0,0,0,0,0
72978307,980100,2.023E+11,20231121,1218,,,HAMBLEY,,BLVD,,,,,,Y,N,NULL,NULL,NULL,N,NULL,NULL,NULL,NULL,NULL,NULL,1.144,NULL,NULL,NULL,NULL,,NULL,0,0,2,2,N,N,35,NULL,98,9801,NULL,,Y,37.48523,37,29.113,NULL,-82.52419,82,31.452,NULL,N,NULL,NULL,NULL,NULL,NULL,NULL,NULL,NULL,2,97,2,6,1,5,3,2,1,3,N,NULL,Y,N,1218,1230,,N,NULL,90,,,Y,,N,N,,NULL,NULL,2023,O,7.29783E+11,098-CS-1222  -000,HIGH,098-CS-1222  -000,1.142,0,0,0,1,0,0,1,0,0,0,0,0,0
72991511,KSP0900,23-504764,20231228,1240,,,US23,,,US0023,US0023,0,098 US-23,US0023,Y,N,NULL,NULL,NULL,N,NULL,NULL,NULL,NULL,NULL,NULL,12.134,NULL,NULL,NULL,NULL,,NULL,0,0,2,2,N,N,15,NULL,98,9827,NULL,,Y,37.36481,37,21.888,NULL,-82.55276,82,33.165,NULL,N,NULL,NULL,NULL,NULL,NULL,NULL,NULL,NULL,2,97,1,6,1,1,2,2,5,3,N,NULL,Y,N,1240,1300,1320,N,NULL,90,,1,N,,N,N,098-US-0023-0,NULL,NULL,2023,O,7.29915E+11,098-US-0023  -000,HIGH,098-US-0023  -000,12.135,0,0,0,0,0,0,1,0,0,0,0,0,0
72955278,KSP0900,23-395801,20230917,1656,,,POND CREEK,,RD,KY0199,KY0199,0,098 KY-199,KY0199,N,N,NULL,NULL,NULL,N,NULL,NULL,NULL,NULL,NULL,NULL,9.596,NULL,NULL,NULL,NULL,,NULL,0,0,1,1,N,N,35,NULL,98,9851,NULL,,Y,37.57811,37,34.687,NULL,-82.26896,82,16.138,NULL,N,NULL,NULL,NULL,NULL,NULL,NULL,NULL,NULL,9,3,2,6,1,1,2,2,7,3,N,NULL,N,N,1656,1704,1730,N,NULL,44,7,0,N,,N,N,098-KY-0199-0,NULL,NULL,2023,O,7.29553E+11,098-KY-0199  -000,HIGH,098-KY-0199  -000,9.595,0,0,0,1,0,0,0,0,0,0,0,1,0
72978022,980100,2.023E+11,20231115,1552,,215,CASSIDY,,BLVD,,,,,,Y,N,NULL,NULL,NULL,N,NULL,NULL,NULL,NULL,NULL,NULL,0.277,NULL,NULL,NULL,NULL,,NULL,0,0,2,2,N,N,NULL,NULL,98,9801,NULL,,Y,37.50481,37,30.289,NULL,-82.53638,82,32.183,NULL,N,NULL,NULL,NULL,NULL,NULL,NULL,NULL,NULL,2,97,NULL,3,1,1,2,2,5,3,N,NULL,Y,N,1552,1629,1629,N,NULL,90,,,N,,N,N,,NULL,NULL,2023,O,7.2978E+11,098-CS-1191  -000,MEDIUM,098-CS-1191  -000,0.263,0,0,0,0,0,0,1,0,0,0,0,0,0
72990281,980100,2.023E+11,20231226,1834,,,BYPASS,S,RD,KY1426,KY1426,0,098 KY-1426,KY1426,N,N,NULL,NULL,NULL,N,NULL,NULL,NULL,NULL,NULL,NULL,5.83,NULL,NULL,NULL,NULL,,NULL,0,0,1,1,N,N,45,NULL,98,9801,NULL,,Y,37.47375,37,28.425,NULL,-82.52061,82,31.236,NULL,N,NULL,NULL,NULL,NULL,NULL,NULL,NULL,NULL,9,3,2,6,1,5,3,6,7,3,N,NULL,Y,N,1834,1840,1857,N,NULL,38,,0,N,,N,N,098-KY-1426-0,NULL,NULL,2023,O,7.29903E+11,098-KY-1426  -000,HIGH,098-KY-1426  -000,5.824,0,0,0,0,0,0,0,0,0,0,0,0,0
72984024,KSP0900,23-485353,20231209,1610,,,KY122,,,KY0122,KY0122,0,098 KY-122,KY0122,N,N,NULL,NULL,NULL,N,NULL,NULL,NULL,NULL,NULL,NULL,5.01,NULL,NULL,NULL,NULL,,NULL,0,0,1,1,N,N,55,NULL,98,9827,NULL,,Y,37.35011,37,21.007,NULL,-82.59585,82,35.751,NULL,N,NULL,NULL,NULL,NULL,NULL,NULL,NULL,NULL,9,97,2,3,1,6,3,2,6,3,N,NULL,Y,N,1610,1628,1628,Y,NULL,40,,0,N,,N,N,098-KY-0122-0,NULL,NULL,2023,O,7.2984E+11,098-KY-0122  -000,HIGH,098-KY-0122  -000,5.02,0,0,1,0,0,0,0,0,0,0,0,1,0
73000569,KSP0900,23-456577,20231113,510,,,RATLIFF CREEK,,RD,,,0,098 CR-1484,CR1484,N,N,NULL,NULL,NULL,N,NULL,NULL,NULL,NULL,NULL,NULL,0.754,NULL,NULL,NULL,NULL,,NULL,0,1,1,1,N,N,35,NULL,98,9801,3,N,N,37.49963,37,29.978,NULL,-82.51861,82,31.117,NULL,N,NULL,NULL,NULL,NULL,NULL,NULL,NULL,NULL,9,97,1,5,97,1,2,1,6,3,Y,NULL,Y,Y,510,601,601,N,NULL,40,,,N,,N,N,098-CR-1484-0,NULL,NULL,2023,K,7.30006E+11,098-CR-1484  -000,HIGH,098-CR-1484  -000,0.754,0,0,0,0,0,0,0,0,0,0,0,1,0
72902447,980100,2.023E+11,20230522,1513,,,CASSIDY,,BLVD,,,0,098 CS-1191,CS1191,N,N,NULL,NULL,NULL,N,NULL,NULL,NULL,NULL,NULL,NULL,0.261,NULL,NULL,NULL,NULL,,NULL,0,0,2,2,Y,N,35,NULL,98,9801,NULL,,Y,37.50464,37,30.279,NULL,-82.53612,82,32.167,NULL,N,NULL,NULL,NULL,NULL,NULL,NULL,NULL,NULL,1,3,NULL,6,1,1,2,2,7,3,N,NULL,Y,N,1513,1524,1717,N,NULL,55,,,Y,,N,N,098-CS-1191-0,NULL,NULL,2023,O,7.29024E+11,098-CS-1191  -000,HIGH,098-CS-1191  -000,0.245,0,0,0,0,0,0,0,1,1,0,0,0,0
72926821,KSP0900,23-338304,20230726,1747,,,US23,,,US0023,US0023,0,098 US-23,US0023,N,N,NULL,NULL,NULL,N,NULL,NULL,NULL,NULL,NULL,NULL,13.568,NULL,NULL,NULL,NULL,,NULL,1,0,2,2,N,N,55,NULL,98,9801,NULL,,Y,37.38019,37,22.811,NULL,-82.54061,82,32.436,NULL,N,NULL,NULL,NULL,NULL,NULL,NULL,NULL,NULL,1,3,4,6,1,1,2,2,7,3,Y,NULL,Y,Y,1747,1750,1800,N,NULL,55,,1,N,,N,N,098-US-0023-0,NULL,NULL,2023,C,7.29268E+11,098-US-0023  -000,HIGH,098-US-0023  -000,13.551,0,0,0,1,0,0,0,1,0,0,0,0,0
72916559,980100,2.023E+11,20230627,1238,,,KY3496,,,KY3496,KY3496,,,,Y,N,NULL,NULL,NULL,N,NULL,NULL,NULL,NULL,NULL,NULL,0.234,NULL,NULL,NULL,NULL,,NULL,0,0,2,2,N,N,NULL,NULL,98,9801,NULL,,Y,37.46679,37,28.007,NULL,-82.53173,82,31.904,NULL,N,NULL,NULL,NULL,NULL,NULL,NULL,NULL,NULL,2,97,NULL,6,1,1,3,2,1,3,N,NULL,Y,N,1242,1247,1247,N,NULL,90,16,0,N,,N,N,,NULL,NULL,2023,O,7.29166E+11,098-KY-3496  -000,MEDIUM,098-KY-3496  -000,0.236,0,0,0,0,0,0,1,0,0,0,0,0,0