MasterFile,AgencyORINumber,LocalCode,CollisionDate,CollisionTime,CollisionDayWeekCode,RoadwayName_HouseBusinessNumber_,RoadwayName_RoadwayName_,RoadwayName_Direction_,RoadwayName_RoadwaySuffix_,RoadwayfromReport,CurrentRoadwayNumber,RoadwayNumberCoupletID,RSEUniqueGIS,RoadwayIdentifier,ParkingLotIndicator,IntersectionWith_Indicator_,IntersectionWith_NameRoadway_,IntersectionWith_Direction_,IntersectionWith_RoadwaySuffix_,BetweenStreets_Indicator_,BetweenStreets1_NameRoadway_,BetweenStreet1_Direction_,BetweenStreets1_RoadwaySuffix_,BetweenStreets2_NameRoadway_,BetweenStreets2_Direction_,BetweenStreets2_RoadwaySuffix_,Milepoint,ReportMilepointDeriveNumber,CurrentDerivedMiepointNumber,MilestoMilepoint,FeettoMilepoint,DirectionfromMilepoint_NSEW_,ValidMilepointIndicator,NumberInjured,NumberKilled,ofUnits,ofMotorVehicleUnits,Hit&RunIndicator,OneWayIndicator,SpeedLimitNumber,KilometersIndicator,CountyCode,CityCountyCode,MilesFromCity,DirectionFromCity_NSEW_,InCityLimitsIndicator,Latitude,LatitudeDegrees,LatitudeMinutes,LatitudeSeconds,Longitude,LongitudeDegrees,LongitudeMinutes,LongitudeSeconds,RampIndicator,RampFromIdentifier,RampFromDirCode,RampFromCoupletID,RSEUniqueGISRampFrom,RampToidentifier,RampToDirCode,RampToCoupletID,RSEUniqueGisRampTo,MannerofCollisionCode,LocationFirstEventCode,TotalLanes,RoadwayCharacterCode,RoadwaySurfaceCode,RoadwayConditionCode,WeatherCode,LightConditionCode,LandUseCode,SchoolBusRelatedCode,FirstAidSceneIndicator,CollDescPresentInd,InvestigationCompleteIndicator,PhotosTakenIndicator,TimeNotified,TimeArrived,TimeRoadwayOpened,PropertyDamageIndicator,DiagramPresentIndicator,DirectionalAnalysis,FunctionClassCode,NationalHwySysCode,EnforcementsIndicator,KARSCityCode,SecondaryCollisionIndicator,MedianCrossoverIndicator,RT_UNIQUE,MapIt,TimeLastLeft,YR,KABCO,MFNY,WorkingRID,RT_CONFIDENCE,KTC_RT,KTC_MP,Motorcyclist,CommercialVehicle,YoungDriver,MatureDriver,pedestrian,Bicyclist,Distracted,agressive,Impaired,Unrestrained,Intersection,RoadwayDeparture,MedXover
72936390,980100,2.023E+11,20230815,1727,,,BYPASS,S,RD,KY1426,KY1426,0,098 KY-1426,KY1426,Y,N,NULL,NULL,NULL,N,NULL,NULL,NULL,NULL,NULL,NULL,6.558,NULL,NULL,NULL,NULL,,NULL,0,0,2,2,N,N,15,NULL,98,9801,NULL,,Y,37.48244,37,28.946,NULL,-82.51366,82,30.82,NULL,N,NULL,NULL,NULL,NULL,NULL,NULL,NULL,NULL,2,97,2,6,1,1,2,2,1,3,N,NULL,Y,N,1727,1729,1829,N,NULL,90,,0,Y,,N,N,098-KY-1426-0,NULL,NULL,2023,O,7.29364E+11,098-KY-1426  -000,HIGH,098-KY-1426  -000,6.558,0,0,0,1,0,0,1,0,0,0,0,0,0
72929983,KSP0900,23-325489,20230715,249,,,BIG CREEK,,RD,KY0468,KY0468,0,098 KY-468,KY0468,N,N,NULL,NULL,NULL,N,NULL,NULL,NULL,NULL,NULL,NULL,13.094,NULL,NULL,NULL,NULL,,NULL,1,0,1,1,N,N,55,NULL,98,9843,NULL,,Y,37.73816,37,44.29,NULL,-82.3401,82,20.406,NULL,N,NULL,NULL,NULL,NULL,NULL,NULL,NULL,NULL,9,3,2,6,1,1,2,6,7,3,Y,NULL,Y,Y,249,322,322,N,NULL,40,8,0,N,,N,N,098-KY-0468-0,NULL,NULL,2023,A,7.293E+11,098-KY-0468  -000,HIGH,098-KY-0468  -000,13.191,0,0,0,0,0,0,0,0,0,0,0,1,0
72892343,KSP0900,23-160617,20230428,951,,,KY195,,,KY0195,KY0195,,,,N,N,NULL,NULL,NULL,N,NULL,NULL,NULL,NULL,NULL,NULL,9.018,NULL,NULL,NULL,NULL,,NULL,0,0,1,1,N,N,35,NULL,98,9830,NULL,,Y,37.34059,37,20.435,NULL,-82.42691,82,25.615,NULL,N,NULL,NULL,NULL,NULL,NULL,NULL,NULL,NULL,9,3,2,3,1,5,3,2,7,3,N,NULL,Y,N,1030,1030,1120,N,NULL,44,7,0,N,,N,N,,NULL,NULL,2023,O,7.28923E+11,098-KY-0195  -000,HIGH,098-KY-0195  -000,9.022,0,0,1,0,0,0,0,0,0,0,0,1,0
72889409,980100,2.023E+11,20230420,1825,,,SCOTT,,AVE,,,0,098 CS-1116,CS1116,Y,N,NULL,NULL,NULL,N,NULL,NULL,NULL,NULL,NULL,NULL,0.1,NULL,NULL,NULL,NULL,,NULL,0,0,2,2,N,N,15,NULL,98,9801,NULL,,Y,37.48289,37,28.974,NULL,-82.51691,82,31.015,NULL,N,NULL,NULL,NULL,NULL,NULL,NULL,NULL,NULL,2,97,1,6,1,1,2,2,6,3,N,NULL,Y,N,1825,1829,1829,N,NULL,90,,,N,,N,N,098-CS-1116-0,NULL,NULL,2023,O,7.28894E+11,098-CS-1116  -000,HIGH,098-CS-1116  -000,0.099,0,0,0,1,0,0,1,0,0,0,0,0,0
72950725,KSP0900,23-213853,20230605,1420,,,KY1426,,,KY1426,KY1426,0,098 KY-1426,KY1426,N,N,NULL,NULL,NULL,N,NULL,NULL,NULL,NULL,NULL,NULL,15.8,NULL,NULL,NULL,NULL,,NULL,0,0,2,2,N,N,55,NULL,98,9820,NULL,,Y,37.56471,37,33.883,NULL,-82.44578,82,26.747,NULL,N,NULL,NULL,NULL,NULL,NULL,NULL,NULL,NULL,8,3,2,6,1,1,2,2,7,3,N,NULL,Y,N,1425,1445,1420,N,NULL,53,7,0,N,,N,N,098-KY-1426-0,NULL,NULL,2023,O,7.29507E+11,098-KY-1426  -000,HIGH,098-KY-1426  -000,15.796,0,1,0,0,0,0,0,0,0,0,0,1,0
72914771,980100,2.023E+11,20230621,38,,,US23,,,US0023,US0023,0,098 US-23,US0023,N,N,NULL,NULL,NULL,N,NULL,NULL,NULL,NULL,NULL,NULL,23.518,NULL,NULL,NULL,NULL,,NULL,0,0,1,1,N,N,55,NULL,98,9801,NULL,,Y,37.47025,37,28.215,NULL,-82.53352,82,32.012,NULL,N,NULL,NULL,NULL,NULL,NULL,NULL,NULL,NULL,9,6,4,6,1,1,3,6,7,3,N,NULL,Y,N,38,46,131,N,NULL,40,,1,N,,N,N,098-US-0023-0,NULL,NULL,2023,O,7.29148E+11,098-US-0023  -000,HIGH,098-US-0023  -000,23.456,0,0,0,0,0,0,0,0,0,0,0,1,0
72914422,KSP0900,23-237721,20230623,814,,,ABNER MOUNTAIN,,RD,KY0122,KY0122,0,098 KY-122,KY0122,N,N,NULL,NULL,NULL,N,NULL,NULL,NULL,NULL,NULL,NULL,0.48,NULL,NULL,NULL,NULL,,NULL,0,0,2,2,Y,N,55,NULL,98,9827,NULL,,Y,37.34881,37,20.928,NULL,-82.6488,82,38.928,NULL,N,NULL,NULL,NULL,NULL,NULL,NULL,NULL,NULL,7,3,2,2,1,5,6,2,7,3,N,NULL,Y,N,816,843,843,N,NULL,54,,0,N,,N,N,098-KY-0122-0,NULL,NULL,2023,O,7.29144E+11,098-KY-0122  -000,HIGH,098-KY-0122  -000,0.536,0,0,0,0,0,0,1,0,0,0,0,1,0
72906737,KSP0900,23-211403,20230603,2007,,,LEFT FORK UPPER CHLOE,,RD,,,,,,N,N,NULL,NULL,NULL,N,NULL,NULL,NULL,NULL,NULL,NULL,0.38,NULL,NULL,NULL,NULL,,NULL,0,0,1,1,N,N,20,NULL,98,9801,NULL,,Y,37.47018,37,28.211,NULL,-82.45473,82,27.284,NULL,N,NULL,NULL,NULL,NULL,NULL,NULL,NULL,NULL,9,3,1,2,1,5,6,3,7,3,N,NULL,N,N,2007,2023,2100,N,NULL,70,,,N,,N,N,,NULL,NULL,2023,O,7.29067E+11,098-CR-1310  -000,HIGH,098-CR-1310  -000,0.228,0,0,0,0,0,0,0,0,0,0,0,1,0
72959613,980100,2.023E+11,20230923,2032,,,CASSIDY,,BLVD,,,0,098 CS-1191,CS1191,Y,N,NULL,NULL,NULL,N,NULL,NULL,NULL,NULL,NULL,NULL,0.053,NULL,NULL,NULL,NULL,,NULL,0,0,2,2,N,N,15,NULL,98,9801,NULL,,Y,37.50368,37,30.221,NULL,-82.53302,82,31.981,NULL,N,NULL,NULL,NULL,NULL,NULL,NULL,NULL,NULL,2,97,1,6,1,1,2,5,1,3,N,NULL,Y,N,2032,2039,,N,NULL,90,,,N,,N,N,098-CS-1191-0,NULL,NULL,2023,O,7.29596E+11,098-CS-1191  -000,HIGH,098-CS-1191  -000,0.05,0,0,1,0,0,0,1,0,0,0,0,0,0
72985098,KSP0900,23-476729,20231201,1450,,,TOLER,,RD,KY0319,KY0319,0,098 KY-319,KY0319,N,N,NULL,NULL,NULL,N,NULL,NULL,NULL,NULL,NULL,NULL,4.454,NULL,NULL,NULL,NULL,,NULL,0,0,1,1,N,N,35,NULL,98,9842,NULL,,Y,37.61432,37,36.859,NULL,-82.23835,82,14.301,NULL,N,NULL,NULL,NULL,NULL,NULL,NULL,NULL,NULL,9,3,2,3,1,5,6,2,7,3,N,NULL,N,N,1450,1510,1530,Y,NULL,40,7,0,N,,N,N,098-KY-0319-0,NULL,NULL,2023,O,7.29851E+11,098-KY-0319  -000,HIGH,098-KY-0319  -000,4.457,0,0,0,0,0,0,0,0,0,0,0,1,0
72977354,980100,2.023E+11,20231124,1149,,,CASSIDY,,BLVD,,,0,098 CS-1191,CS1191,Y,N,NULL,NULL,NULL,N,NULL,NULL,NULL,NULL,NULL,NULL,0.007,NULL,NULL,NULL,NULL,,NULL,0,0,2,2,N,N,10,NULL,98,9801,NULL,,Y,37.50604,37,30.362,NULL,-82.53733,82,32.24,NULL,N,NULL,NULL,NULL,NULL,NULL,NULL,NULL,NULL,6,97,2,6,1,1,2,2,1,3,N,NULL,Y,N,1149,1159,1227,N,NULL,90,,,N,,N,N,098-CS-1191-0,NULL,NULL,2023,O,7.29774E+11,098-CS-1191  -000,HIGH,098-CS-1191  -000,0.328,0,0,0,0,0,0,1,0,0,0,0,0,0
72904818,KSP0900,23-196768,20230524,1415,,,BIG CREEK,,RD,KY0468,KY0468,0,098 KY-468,KY0468,N,N,NULL,NULL,NULL,N,NULL,NULL,NULL,NULL,NULL,NULL,4.52,NULL,NULL,NULL,NULL,,NULL,0,0,2,2,N,N,55,NULL,98,9843,NULL,,Y,37.67097,37,40.258,NULL,-82.37859,82,22.715,NULL,N,NULL,NULL,NULL,NULL,NULL,NULL,NULL,NULL,1,3,2,6,1,1,3,2,7,3,N,NULL,N,N,1415,1500,1505,N,NULL,55,8,0,N,,N,N,098-KY-0468-0,NULL,NULL,2023,O,7.29048E+11,098-KY-0468  -000,HIGH,098-KY-0468  -000,4.521,0,0,1,0,0,0,0,1,0,0,0,0,0
72916557,KSP0900,23-232652,20230618,2148,,,WILLIAMSON,,RD,KY0292,KY0292,0,098 KY-292,KY0292,N,N,NULL,NULL,NULL,N,NULL,NULL,NULL,NULL,NULL,NULL,7.57,NULL,NULL,NULL,NULL,,NULL,0,1,2,2,N,N,45,NULL,98,9834,NULL,,Y,37.68312,37,40.987,NULL,-82.29968,82,17.981,NULL,N,NULL,NULL,NULL,NULL,NULL,NULL,NULL,NULL,3,3,2,6,1,1,2,6,7,3,Y,NULL,N,Y,2237,2359,214,N,NULL,52,7,0,N,,N,N,098-KY-0292-0,NULL,NULL,2023,K,7.29166E+11,098-KY-0292  -000,HIGH,098-KY-0292  -000,7.626,1,0,0,0,0,0,0,1,0,0,0,1,0
72911811,KSP0900,23-228737,20230616,1010,,,KY80,,,KY0080,KY0080,,,,N,N,NULL,NULL,NULL,N,NULL,NULL,NULL,NULL,NULL,NULL,0.065,NULL,NULL,NULL,NULL,,NULL,2,0,2,2,N,N,55,NULL,98,9802,NULL,,Y,37.34137,37,20.482,NULL,-82.37373,82,22.424,NULL,N,NULL,NULL,NULL,NULL,NULL,NULL,NULL,NULL,1,3,2,6,1,1,2,2,7,3,N,NULL,Y,Y,1010,1020,1115,N,NULL,55,7,5,N,,N,N,,NULL,NULL,2023,B,7.29118E+11,098-KY-0080  -000,MEDIUM,098-KY-0080  -000,0.065,0,0,0,0,0,0,1,0,0,0,0,0,0
72961400,KSP0900,23-428957,20231019,945,,,US119,,,US0119,US0119,0,098 US-119-10,US0119,N,N,NULL,NULL,NULL,N,NULL,NULL,NULL,NULL,NULL,NULL,14.852,NULL,NULL,NULL,NULL,,NULL,0,0,1,1,N,N,55,NULL,98,9833,NULL,,Y,37.61334,37,36.8,NULL,-82.33816,82,20.289,NULL,N,NULL,NULL,NULL,NULL,NULL,NULL,NULL,NULL,9,3,2,6,1,1,2,2,7,3,N,NULL,N,N,1045,1010,1015,N,NULL,40,2,1,N,,N,N,098-US-0119-10,NULL,NULL,2023,O,7.29614E+11,098-US-0119  -010,HIGH,098-US-0119  -000,14.916,0,0,0,0,0,0,1,0,0,0,0,1,0
72914828,KSP0900,23-238491,20230624,1601,,,US460,,,US0460,US0460,0,098 US-460,US0460,N,N,NULL,NULL,NULL,N,NULL,NULL,NULL,NULL,NULL,NULL,4.308,NULL,NULL,NULL,NULL,,NULL,1,0,1,1,N,N,55,NULL,98,9824,NULL,,Y,37.41836,37,25.101,NULL,-82.45663,82,27.398,NULL,N,NULL,NULL,NULL,NULL,NULL,NULL,NULL,NULL,9,3,2,3,1,1,2,2,7,3,Y,NULL,Y,N,1604,1645,1720,N,NULL,44,,1,N,,N,N,098-US-0460-0,NULL,NULL,2023,B,7.29148E+11,098-US-0460  -000,HIGH,098-US-0460  -000,4.309,0,0,0,0,0,0,0,0,0,0,0,1,0
72966174,KSP0900,23-415868,20231006,1620,,,KY194,,,KY0194,KY0194,0,098 KY-194,KY0194,N,N,NULL,NULL,NULL,N,NULL,NULL,NULL,NULL,NULL,NULL,18.375,NULL,NULL,NULL,NULL,,NULL,0,0,1,1,N,N,55,NULL,98,9801,NULL,,Y,37.55847,37,33.508,NULL,-82.42204,82,25.322,NULL,N,NULL,NULL,NULL,NULL,NULL,NULL,NULL,NULL,9,3,2,1,1,5,6,2,7,3,N,NULL,N,N,1620,1640,1730,N,NULL,40,6,5,N,,N,N,098-KY-0194-0,NULL,NULL,2023,O,7.29662E+11,098-KY-0194  -000,HIGH,098-KY-0194  -000,18.393,0,0,0,0,0,0,0,0,0,0,0,1,0
72955283,980100,2.023E+11,20231005,1648,,,US23,,,US0023,US0023,0,098 US-23,US0023,N,N,NULL,NULL,NULL,N,NULL,NULL,NULL,NULL,NULL,NULL,24.068,NULL,NULL,NULL,NULL,,NULL,4,0,2,2,N,N,55,NULL,98,9801,NULL,,Y,37.47633,37,28.58,NULL,-82.53932,82,32.359,NULL,N,NULL,NULL,NULL,NULL,NULL,NULL,NULL,NULL,5,3,4,6,1,1,2,2,2,3,Y,NULL,Y,Y,1648,1651,1651,N,NULL,49,,1,N,,N,N,098-US-0023-0,NULL,NULL,2023,B,7.29553E+11,098-US-0023  -000,HIGH,098-US-0023  -000,23.997,0,0,0,0,0,0,1,1,0,0,0,0,0
72959381,KSP0900,23-425299,20231015,1651,,,FERRELLS CREEK,,RD,US0460,US0460,,,,N,N,NULL,NULL,NULL,N,NULL,NULL,NULL,NULL,NULL,NULL,18.808,NULL,NULL,NULL,NULL,,NULL,0,0,1,1,N,N,55,NULL,98,9874,NULL,,Y,37.36541,37,21.924,NULL,-82.30774,82,18.465,NULL,N,NULL,NULL,NULL,NULL,NULL,NULL,NULL,NULL,9,3,3,3,1,6,2,2,6,3,N,NULL,N,N,1651,1705,1705,N,NULL,70,,1,N,,N,N,,NULL,NULL,2023,O,7.29594E+11,098-US-0460  -000,HIGH,098-US-0460  -000,18.866,0,0,0,0,0,0,1,0,0,0,0,0,0
72908501,980100,2.023E+11,20230604,1330,,116,CASSIDY,,BLVD,,,0,098 CS-1191,CS1191,N,N,NULL,NULL,NULL,N,NULL,NULL,NULL,NULL,NULL,NULL,0.159,NULL,NULL,NULL,NULL,,NULL,0,0,2,2,N,N,5,NULL,98,9801,NULL,,Y,37.50369,37,30.221,NULL,-82.53464,82,32.078,NULL,N,NULL,NULL,NULL,NULL,NULL,NULL,NULL,NULL,2,97,2,6,1,1,2,2,5,3,N,NULL,Y,N,1331,1336,1336,N,NULL,56,,,N,,N,N,098-CS-1191-0,NULL,NULL,2023,O,7.29085E+11,098-CS-1191  -000,HIGH,098-CS-1191  -000,0.14,0,0,0,0,0,0,1,0,0,0,0,0,0
72906735,980100,2.023E+11,20230603,1415,,,CASSIDY,,BLVD,,,0,098 CS-1191,CS1191,Y,N,NULL,NULL,NULL,N,NULL,NULL,NULL,NULL,NULL,NULL,0.415,NULL,NULL,NULL,NULL,,NULL,0,0,2,2,N,N,NULL,NULL,98,9801,NULL,,Y,37.50462,37,30.277,NULL,-82.53889,82,32.333,NULL,N,NULL,NULL,NULL,NULL,NULL,NULL,NULL,NULL,1,97,NULL,6,1,1,2,2,1,3,N,NULL,Y,N,1415,1421,1421,N,NULL,90,,,Y,,N,N,098-CS-1191-0,NULL,NULL,2023,O,7.29067E+11,098-CS-1191  -000,HIGH,098-CS-1191  -000,0.42,0,0,1,1,0,0,1,0,0,0,0,0,0
72906859,KSP0900,23-210574,20230603,1145,,,ANDERSON,,FRK,,,,,,N,N,NULL,NULL,NULL,N,NULL,NULL,NULL,NULL,NULL,NULL,0.485,NULL,NULL,NULL,NULL,,NULL,0,0,1,1,N,N,35,NULL,98,9827,NULL,,Y,37.34458,37,20.675,NULL,-82.62459,82,37.475,NULL,N,NULL,NULL,NULL,NULL,NULL,NULL,NULL,NULL,9,3,1,6,1,1,2,2,7,3,N,NULL,Y,N,1145,1155,1230,N,NULL,44,,,N,,N,N,,NULL,NULL,2023,O,7.29069E+11,098-CR-1731  -000,HIGH,098-CR-1731  -000,0.511,0,0,1,0,0,0,0,0,0,0,0,1,0
72988950,980100,2.023E+11,20231215,834,,131,SUMMIT,,DR,,,0,098 CS-1064,CS1064,Y,N,NULL,NULL,NULL,N,NULL,NULL,NULL,NULL,NULL,NULL,0.109,NULL,NULL,NULL,NULL,,NULL,0,0,2,2,N,N,NULL,NULL,98,9801,NULL,,Y,37.47636,37,28.581,NULL,-82.51588,82,30.953,NULL,N,NULL,NULL,NULL,NULL,NULL,NULL,NULL,NULL,2,97,NULL,6,1,1,2,2,1,3,N,NULL,Y,N,834,841,841,N,NULL,90,,,N,,N,N,098-CS-1064-0,NULL,NULL,2023,O,7.2989E+11,098-CS-1064  -000,HIGH,098-CS-1064  -000,0.076,0,0,0,0,0,0,1,0,0,0,0,0,0
72905799,KSP0900,23-183972,20230515,730,,,KY1426 TURN LANE,,,KY1426,KY1426,0,098 KY-1426-23,KY1426,N,N,NULL,NULL,NULL,N,NULL,NULL,NULL,NULL,NULL,NULL,0.095,NULL,NULL,NULL,NULL,,NULL,0,0,2,2,N,N,55,NULL,98,9820,NULL,,Y,37.58038,37,34.823,NULL,-82.4109,82,24.654,NULL,N,NULL,NULL,NULL,NULL,NULL,NULL,NULL,NULL,8,3,2,1,1,1,3,2,7,3,N,NULL,Y,N,737,800,730,N,NULL,53,8,0,N,,N,N,098-KY-1426-23,NULL,NULL,2023,O,7.29058E+11,098-KY-1426  -023,HIGH,098-KY-1426  -023,0,0,0,0,0,0,0,1,1,0,0,0,1,0
72953997,KSP0900,23-401812,20230923,800,,,US119,,,US0119,US0119,0,098 US-119,US0119,N,N,NULL,NULL,NULL,N,NULL,NULL,NULL,NULL,NULL,NULL,23.414,NULL,NULL,NULL,NULL,,NULL,0,0,2,2,N,N,55,NULL,98,9836,NULL,,Y,37.64804,37,38.883,NULL,-82.26722,82,16.033,NULL,N,NULL,NULL,NULL,NULL,NULL,NULL,NULL,NULL,5,3,2,6,1,1,10,2,7,3,N,NULL,Y,N,800,800,800,N,NULL,70,2,1,N,,N,N,098-US-0119-0,NULL,NULL,2023,O,7.2954E+11,098-US-0119  -000,HIGH,098-US-0119  -000,23.449,0,0,0,1,0,0,0,0,0,0,0,0,0
72894731,980100,2.023E+11,20230504,1713,,,BYPASS,S,RD,KY1426,KY1426,0,098 KY-1426,KY1426,N,N,NULL,NULL,NULL,N,NULL,NULL,NULL,NULL,NULL,NULL,6.476,NULL,NULL,NULL,NULL,,NULL,0,0,2,2,N,N,35,NULL,98,9801,NULL,,Y,37.48136,37,28.882,NULL,-82.51424,82,30.855,NULL,N,NULL,NULL,NULL,NULL,NULL,NULL,NULL,NULL,5,3,2,6,1,1,2,2,3,3,N,NULL,Y,N,1713,1725,1725,N,NULL,49,,0,N,,N,N,098-KY-1426-0,NULL,NULL,2023,O,7.28947E+11,098-KY-1426  -000,HIGH,098-KY-1426  -000,6.476,0,0,0,0,0,0,1,0,0,0,0,0,0
72928905,980100,2.023E+11,20230724,1421,,,BYPASS,N,RD,KY1460,KY1460,0,098 KY-1460,KY1460,N,N,NULL,NULL,NULL,N,NULL,NULL,NULL,NULL,NULL,NULL,5.549,NULL,NULL,NULL,NULL,,NULL,0,0,2,2,N,N,45,NULL,98,9801,NULL,,Y,37.48637,37,29.182,NULL,-82.52029,82,31.217,NULL,N,NULL,NULL,NULL,NULL,NULL,NULL,NULL,NULL,2,3,2,6,1,1,2,2,7,3,N,NULL,Y,N,1421,1432,1432,N,NULL,56,16,0,N,,N,N,098-KY-1460-0,NULL,NULL,2023,O,7.29289E+11,098-KY-1460  -000,HIGH,098-KY-1460  -000,5.535,0,0,0,1,0,0,1,0,0,0,0,0,0
72939104,370200,2023361501,20230817,944,,,MILLERS,,CRK,,,0,098 CR-1320Q4,CR1320Q4,N,N,NULL,NULL,NULL,N,NULL,NULL,NULL,NULL,NULL,NULL,0.002,NULL,NULL,NULL,NULL,,NULL,0,0,1,1,N,N,35,NULL,98,9831,NULL,,Y,37.59603,37,35.762,NULL,-82.52431,82,31.458,NULL,N,NULL,NULL,NULL,NULL,NULL,NULL,NULL,NULL,9,97,1,6,1,1,3,2,6,3,N,NULL,Y,Y,944,1015,1100,Y,NULL,40,,,N,,N,N,098-CR-1320Q4-0,NULL,NULL,2023,O,7.29391E+11,098-CR-1320Q4-000,HIGH,098-CR-1320Q4-000,0,0,1,0,0,0,0,0,0,0,0,0,1,0
72920383,980100,2.023E+11,20230621,1413,,,US23,,,US0023,US0023,0,098 US-23,US0023,N,N,NULL,NULL,NULL,N,NULL,NULL,NULL,NULL,NULL,NULL,19.423,NULL,NULL,NULL,NULL,,NULL,0,0,2,2,N,N,55,NULL,98,9801,NULL,,Y,37.44635,37,26.781,NULL,-82.50477,82,30.286,NULL,N,NULL,NULL,NULL,NULL,NULL,NULL,NULL,NULL,2,97,4,6,1,1,2,2,1,3,N,NULL,Y,N,1417,1417,,N,NULL,47,,1,N,,N,N,098-US-0023-0,NULL,NULL,2023,O,7.29204E+11,098-US-0023  -000,HIGH,098-US-0023  -000,19.367,0,0,0,0,0,0,1,0,0,0,0,0,0
72898737,KSP0900,23-183718,20230514,2220,,,KY195,,,KY0195,KY0195,0,098 KY-195,KY0195,N,N,NULL,NULL,NULL,N,NULL,NULL,NULL,NULL,NULL,NULL,11.402,NULL,NULL,NULL,NULL,,NULL,0,0,1,1,N,N,35,NULL,98,9830,NULL,,Y,37.36627,37,21.976,NULL,-82.4143,82,24.858,NULL,N,NULL,NULL,NULL,NULL,NULL,NULL,NULL,NULL,9,3,2,2,1,1,2,6,7,3,N,NULL,N,N,2220,2241,2300,N,NULL,44,7,0,N,,N,N,098-KY-0195-0,NULL,NULL,2023,O,7.28987E+11,098-KY-0195  -000,HIGH,098-KY-0195  -000,11.401,0,1,0,0,0,0,0,0,0,0,0,1,0
72958987,KSP0900,23-423951,20231014,843,,,US119,,,US0119,US0119,0,098 US-119-10,US0119,N,N,NULL,NULL,NULL,N,NULL,NULL,NULL,NULL,NULL,NULL,24.996,NULL,NULL,NULL,NULL,,NULL,1,0,2,2,N,N,40,NULL,98,9834,NULL,,Y,37.66809,37,40.086,NULL,-82.27737,82,16.642,NULL,N,NULL,NULL,NULL,NULL,NULL,NULL,NULL,NULL,8,3,4,6,1,5,3,2,7,3,Y,NULL,Y,Y,843,914,845,N,NULL,53,2,1,N,,N,N,098-US-0119-10,NULL,NULL,2023,C,7.2959E+11,098-US-0119  -010,HIGH,098-US-0119  -000,24.996,0,0,0,0,0,0,0,0,0,0,0,1,0
72930874,KSP0900,23-349874,20230806,1036,,,KY194,,,KY0194,KY0194,0,098 KY-194,KY0194,N,N,NULL,NULL,NULL,N,NULL,NULL,NULL,NULL,NULL,NULL,18.442,NULL,NULL,NULL,NULL,,NULL,0,0,2,2,N,N,55,NULL,98,9817,NULL,,Y,37.55915,37,33.549,NULL,-82.42113,82,25.268,NULL,N,NULL,NULL,NULL,NULL,NULL,NULL,NULL,NULL,3,3,2,6,1,5,3,2,7,3,N,NULL,Y,N,1036,1036,1036,N,NULL,52,6,5,N,,N,N,098-KY-0194-0,NULL,NULL,2023,O,7.29309E+11,098-KY-0194  -000,HIGH,098-KY-0194  -000,18.456,0,0,1,0,0,0,0,0,0,0,0,1,0
72928228,KSP0900,23-318974,20230709,1348,,,US119,,,US0119,US0119,0,098 US-119,US0119,N,N,NULL,NULL,NULL,N,NULL,NULL,NULL,NULL,NULL,NULL,22.571,NULL,NULL,NULL,NULL,,NULL,1,0,3,3,N,N,55,NULL,98,9834,NULL,,Y,37.63936,37,38.362,NULL,-82.25858,82,15.514,NULL,N,NULL,NULL,NULL,NULL,NULL,NULL,NULL,NULL,5,3,2,6,1,1,2,2,7,3,N,NULL,Y,Y,1351,1422,1422,N,NULL,70,2,1,N,,N,N,098-US-0119-0,NULL,NULL,2023,C,7.29282E+11,098-US-0119  -000,HIGH,098-US-0119  -000,22.571,0,0,0,1,0,0,1,0,0,0,0,0,0
72958480,KSP0900,23-421093,20231011,1543,,,KY1426,,,KY1426,KY1426,0,098 KY-1426,KY1426,Y,N,NULL,NULL,NULL,N,NULL,NULL,NULL,NULL,NULL,NULL,11.692,NULL,NULL,NULL,NULL,,NULL,0,0,2,2,N,N,10,NULL,98,9828,NULL,,Y,37.53235,37,31.941,NULL,-82.4679,82,28.074,NULL,N,NULL,NULL,NULL,NULL,NULL,NULL,NULL,NULL,1,97,2,6,1,1,2,2,1,3,N,NULL,Y,N,1543,1635,1635,N,NULL,90,7,0,N,,N,N,098-KY-1426-0,NULL,NULL,2023,O,7.29585E+11,098-KY-1426  -000,HIGH,098-KY-1426  -000,11.691,0,0,0,1,0,0,0,0,0,0,0,0,0
72950713,KSP0900,23-204645,20230530,430,,,US119,,,US0119,US0119,0,098 US-119,US0119,N,N,NULL,NULL,NULL,N,NULL,NULL,NULL,NULL,NULL,NULL,4.303,NULL,NULL,NULL,NULL,,NULL,0,0,1,1,N,N,55,NULL,98,9828,NULL,,Y,37.51679,37,31.008,NULL,-82.45878,82,27.527,NULL,N,NULL,NULL,NULL,NULL,NULL,NULL,NULL,NULL,9,3,2,1,1,5,5,6,7,3,N,NULL,Y,N,435,500,435,N,NULL,38,2,1,N,,N,N,098-US-0119-0,NULL,NULL,2023,O,7.29507E+11,098-US-0119  -000,HIGH,098-US-0119  -000,4.318,0,0,0,0,0,0,0,0,0,0,0,0,0