MasterFile,AgencyORINumber,LocalCode,CollisionDate,CollisionTime,CollisionDayWeekCode,RoadwayName_HouseBusinessNumber_,RoadwayName_RoadwayName_,RoadwayName_Direction_,RoadwayName_RoadwaySuffix_,RoadwayfromReport,CurrentRoadwayNumber,RoadwayNumberCoupletID,RSEUniqueGIS,RoadwayIdentifier,ParkingLotIndicator,IntersectionWith_Indicator_,IntersectionWith_NameRoadway_,IntersectionWith_Direction_,IntersectionWith_RoadwaySuffix_,BetweenStreets_Indicator_,BetweenStreets1_NameRoadway_,BetweenStreet1_Direction_,BetweenStreets1_RoadwaySuffix_,BetweenStreets2_NameRoadway_,BetweenStreets2_Direction_,BetweenStreets2_RoadwaySuffix_,Milepoint,ReportMilepointDeriveNumber,CurrentDerivedMiepointNumber,MilestoMilepoint,FeettoMilepoint,DirectionfromMilepoint_NSEW_,ValidMilepointIndicator,NumberInjured,NumberKilled,ofUnits,ofMotorVehicleUnits,Hit&RunIndicator,OneWayIndicator,SpeedLimitNumber,KilometersIndicator,CountyCode,CityCountyCode,MilesFromCity,DirectionFromCity_NSEW_,InCityLimitsIndicator,Latitude,LatitudeDegrees,LatitudeMinutes,LatitudeSeconds,Longitude,LongitudeDegrees,LongitudeMinutes,LongitudeSeconds,RampIndicator,RampFromIdentifier,RampFromDirCode,RampFromCoupletID,RSEUniqueGISRampFrom,RampToidentifier,RampToDirCode,RampToCoupletID,RSEUniqueGisRampTo,MannerofCollisionCode,LocationFirstEventCode,TotalLanes,RoadwayCharacterCode,RoadwaySurfaceCode,RoadwayConditionCode,WeatherCode,LightConditionCode,LandUseCode,SchoolBusRelatedCode,FirstAidSceneIndicator,CollDescPresentInd,InvestigationCompleteIndicator,PhotosTakenIndicator,TimeNotified,TimeArrived,TimeRoadwayOpened,PropertyDamageIndicator,DiagramPresentIndicator,DirectionalAnalysis,FunctionClassCode,NationalHwySysCode,EnforcementsIndicator,KARSCityCode,SecondaryCollisionIndicator,MedianCrossoverIndicator,RT_UNIQUE,MapIt,TimeLastLeft,YR,KABCO,MFNY,WorkingRID,RT_CONFIDENCE,KTC_RT,KTC_MP,Motorcyclist,CommercialVehicle,YoungDriver,MatureDriver,pedestrian,Bicyclist,Distracted,agressive,Impaired,Unrestrained,Intersection,RoadwayDeparture,MedXover
72981938,KSP0900,23-472999,20231128,5,,,KY194,E,,KY0194,KY0194,0,098 KY-194,KY0194,N,N,NULL,NULL,NULL,N,NULL,NULL,NULL,NULL,NULL,NULL,18.815,NULL,NULL,NULL,NULL,,NULL,1,0,2,2,N,N,55,NULL,98,9817,NULL,,Y,37.55849,37,33.509,NULL,-82.41549,82,24.929,NULL,N,NULL,NULL,NULL,NULL,NULL,NULL,NULL,NULL,7,3,2,6,1,1,2,7,7,3,N,NULL,N,N,5,10,45,N,NULL,54,6,5,N,,N,N,098-KY-0194-0,NULL,NULL,2023,B,7.29819E+11,098-KY-0194  -000,HIGH,098-KY-0194  -000,18.853,0,0,0,0,0,0,1,0,0,0,0,1,0
72990249,KSP0900,23-497321,20231220,1700,,,STONE COAL CREEK,,RD,KY3227,KY3227,0,098 KY-3227,KY3227,N,N,NULL,NULL,NULL,N,NULL,NULL,NULL,NULL,NULL,NULL,1.693,NULL,NULL,NULL,NULL,,NULL,0,0,1,1,Y,N,55,NULL,98,9801,NULL,,Y,37.53217,37,31.93,NULL,-82.53617,82,32.17,NULL,N,NULL,NULL,NULL,NULL,NULL,NULL,NULL,NULL,9,3,2,6,1,5,6,2,7,3,N,NULL,N,Y,1700,1730,1730,Y,NULL,40,8,0,N,,N,N,098-KY-3227-0,NULL,NULL,2023,NULL,7.29902E+11,098-KY-3227  -000,HIGH,098-KY-3227  -000,1.702,0,0,0,0,0,0,0,0,1,0,0,1,0
72902213,980100,2.023E+11,20230521,1701,,,HAMBLEY,,BLVD,,,0,098 CS-1222,CS1222,Y,N,NULL,NULL,NULL,N,NULL,NULL,NULL,NULL,NULL,NULL,0.462,NULL,NULL,NULL,NULL,,NULL,0,0,2,2,N,N,NULL,NULL,98,9801,NULL,,Y,37.47804,37,28.682,NULL,-82.52087,82,31.253,NULL,N,NULL,NULL,NULL,NULL,NULL,NULL,NULL,NULL,8,97,NULL,6,1,1,2,2,5,3,N,NULL,Y,N,1701,1708,1719,N,NULL,90,,,N,,N,N,098-CS-1222-0,NULL,NULL,2023,O,7.29022E+11,098-CS-1222  -000,HIGH,098-CS-1222  -000,0.463,0,0,0,0,0,0,1,0,0,0,0,0,0
72947990,980100,2.023E+11,20230918,1531,,,US23,,,US0023,US0023,0,098 US-23-10,US0023,N,N,NULL,NULL,NULL,N,NULL,NULL,NULL,NULL,NULL,NULL,26.324,NULL,NULL,NULL,NULL,,NULL,0,0,2,2,N,N,55,NULL,98,9801,NULL,,Y,37.50423,37,30.254,NULL,-82.53243,82,31.946,NULL,N,NULL,NULL,NULL,NULL,NULL,NULL,NULL,NULL,5,3,4,6,1,1,3,2,7,3,N,NULL,Y,N,1532,1536,1536,N,NULL,49,,1,N,,N,N,098-US-0023-10,NULL,NULL,2023,O,7.2948E+11,098-US-0023  -010,HIGH,098-US-0023  -000,26.261,0,0,0,0,0,0,1,0,0,0,0,0,0
72955897,980100,2.023E+11,20231003,2013,,,COLLEGE,S,ST,,,0,098 CS-1152,CS1152,N,N,NULL,NULL,NULL,N,NULL,NULL,NULL,NULL,NULL,NULL,0.134,NULL,NULL,NULL,NULL,,NULL,0,0,2,2,N,N,25,NULL,98,9801,NULL,,Y,37.4756,37,28.536,NULL,-82.52363,82,31.418,NULL,N,NULL,NULL,NULL,NULL,NULL,NULL,NULL,NULL,1,3,2,6,1,1,2,5,7,3,N,NULL,Y,N,2013,2024,,N,NULL,55,,,N,,N,N,098-CS-1152-0,NULL,NULL,2023,O,7.29559E+11,098-CS-1152  -000,HIGH,098-CS-1152  -000,0.072,0,0,1,0,0,0,0,1,0,0,0,0,0
72971974,KSP0900,23-448571,20231106,1234,,,KY610,W,,KY0610,KY0610,0,098 KY-610,KY0610,N,N,NULL,NULL,NULL,N,NULL,NULL,NULL,NULL,NULL,NULL,8.328,NULL,NULL,NULL,NULL,,NULL,1,0,2,2,N,N,35,NULL,98,9827,NULL,,Y,37.34155,37,20.493,NULL,-82.59146,82,35.488,NULL,N,NULL,NULL,NULL,NULL,NULL,NULL,NULL,NULL,1,3,2,6,1,1,2,2,7,3,Y,NULL,Y,Y,1234,1255,1255,N,NULL,55,7,0,N,,N,N,098-KY-0610-0,NULL,NULL,2023,B,7.2972E+11,098-KY-0610  -000,HIGH,098-KY-0610  -000,8.326,1,0,0,1,0,0,1,0,0,0,0,0,0
72899644,980100,2.023E+11,20230513,1215,,,US23,,,US0023,US0023,,,,N,N,NULL,NULL,NULL,N,NULL,NULL,NULL,NULL,NULL,NULL,26.23,NULL,NULL,NULL,NULL,,NULL,0,0,2,2,N,N,55,NULL,98,9801,NULL,,Y,37.5029,37,30.174,NULL,-82.53204,82,31.923,NULL,N,NULL,NULL,NULL,NULL,NULL,NULL,NULL,NULL,5,3,4,6,1,1,3,2,1,3,N,NULL,Y,N,1215,1220,1220,N,NULL,70,,1,N,,N,N,,NULL,NULL,2023,O,7.28996E+11,098-US-0023  -000,MEDIUM,098-US-0023  -000,26.167,0,0,0,0,0,0,1,0,0,0,0,0,0
72931926,KSP0900,23-352514,20230808,1900,,,3C,,RD,,,0,098 CR-1984,CR1984,N,N,NULL,NULL,NULL,N,NULL,NULL,NULL,NULL,NULL,NULL,0.851,NULL,NULL,NULL,NULL,,NULL,0,0,2,2,N,N,35,NULL,98,9864,NULL,,Y,37.26139,37,15.684,NULL,-82.48557,82,29.134,NULL,N,NULL,NULL,NULL,NULL,NULL,NULL,NULL,NULL,1,3,1,6,3,1,2,2,7,3,N,NULL,N,N,1900,1955,2030,N,NULL,55,,,N,,N,N,098-CR-1984-0,NULL,NULL,2023,O,7.29319E+11,098-CR-1984  -000,HIGH,098-CR-1984  -000,0.622,0,0,0,0,0,0,1,0,0,1,0,0,0
72925072,980100,2.023E+11,20230722,722,,,CHLOE,,RD,KY1460,KY1460,0,098 KY-1460,KY1460,N,N,NULL,NULL,NULL,N,NULL,NULL,NULL,NULL,NULL,NULL,5.07,NULL,NULL,NULL,NULL,,NULL,2,0,2,2,N,N,35,NULL,98,9801,NULL,,Y,37.47761,37,28.657,NULL,-82.51632,82,30.979,NULL,N,NULL,NULL,NULL,NULL,NULL,NULL,NULL,NULL,1,3,2,6,1,5,3,1,6,3,Y,NULL,Y,Y,722,722,756,N,NULL,55,,0,N,,N,N,098-KY-1460-0,NULL,NULL,2023,B,7.29251E+11,098-KY-1460  -000,HIGH,098-KY-1460  -000,5.07,0,0,1,0,0,0,1,1,0,0,0,0,0
72949266,980100,2.023E+11,20230921,1737,,,CHLOE,,RD,KY1460,KY1460,0,098 KY-1460,KY1460,N,N,NULL,NULL,NULL,N,NULL,NULL,NULL,NULL,NULL,NULL,2.585,NULL,NULL,NULL,NULL,,NULL,0,0,2,2,N,N,45,NULL,98,9801,NULL,,Y,37.46678,37,28.007,NULL,-82.47887,82,28.732,NULL,N,NULL,NULL,NULL,NULL,NULL,NULL,NULL,NULL,7,3,2,4,1,1,2,2,7,3,N,NULL,Y,N,1737,1742,1802,N,NULL,54,,0,N,,N,N,098-KY-1460-0,NULL,NULL,2023,O,7.29493E+11,098-KY-1460  -000,HIGH,098-KY-1460  -000,2.56,0,0,1,0,0,0,0,0,0,0,0,1,0
72971230,KSP0900,23-453512,20231110,1352,,,KY1426,,,KY1426,KY1426,0,098 KY-1426,KY1426,N,N,NULL,NULL,NULL,N,NULL,NULL,NULL,NULL,NULL,NULL,9.187,NULL,NULL,NULL,NULL,,NULL,0,0,2,2,N,N,55,NULL,98,9801,NULL,,Y,37.50775,37,30.465,NULL,-82.4886,82,29.316,NULL,N,NULL,NULL,NULL,NULL,NULL,NULL,NULL,NULL,1,3,2,3,1,5,3,2,7,3,N,NULL,Y,N,1400,1415,1445,N,NULL,55,,0,N,,N,N,098-KY-1426-0,NULL,NULL,2023,O,7.29712E+11,098-KY-1426  -000,HIGH,098-KY-1426  -000,9.187,0,0,0,1,0,0,0,0,0,0,0,0,0
72902738,980100,2.023E+11,20230522,1340,,,NORTHMONTE,,DR,,,0,098 CS-1098,CS1098,N,N,NULL,NULL,NULL,N,NULL,NULL,NULL,NULL,NULL,NULL,0.005,NULL,NULL,NULL,NULL,,NULL,0,0,1,1,Y,N,15,NULL,98,9801,NULL,,Y,37.48362,37,29.017,NULL,-82.53853,82,32.312,NULL,N,NULL,NULL,NULL,NULL,NULL,NULL,NULL,NULL,9,97,2,6,1,1,2,2,6,3,N,NULL,Y,N,1340,1340,1340,Y,NULL,40,,,N,,N,N,098-CS-1098-0,NULL,NULL,2023,NULL,7.29027E+11,098-CS-1098  -000,HIGH,098-CS-1098  -000,0.005,0,0,0,0,0,0,0,0,0,0,0,1,0
72962530,KSP0900,23-431201,20231021,1308,,,US119,,,US0119,US0119,0,098 US-119,US0119,Y,N,NULL,NULL,NULL,N,NULL,NULL,NULL,NULL,NULL,NULL,24.349,NULL,NULL,NULL,NULL,,NULL,1,0,2,2,N,N,NULL,NULL,98,9834,NULL,,Y,37.65993,37,39.596,NULL,-82.27326,82,16.396,NULL,N,NULL,NULL,NULL,NULL,NULL,NULL,NULL,NULL,2,97,4,6,1,1,2,2,5,3,Y,NULL,Y,Y,1503,1534,1534,N,NULL,90,2,1,N,,N,N,098-US-0119-0,NULL,NULL,2023,C,7.29625E+11,098-US-0119  -000,HIGH,098-US-0119  -000,24.348,0,0,0,0,0,0,1,0,0,0,0,0,0
72974307,980000,23-11-002,20231113,2350,,,BIG,,BR,,,0,098 CR-1348Q4,CR1348Q4,N,N,NULL,NULL,NULL,N,NULL,NULL,NULL,NULL,NULL,NULL,0.733,NULL,NULL,NULL,NULL,,NULL,0,0,1,1,N,N,35,NULL,98,9853,NULL,,Y,37.67423,37,40.454,NULL,-82.56159,82,33.695,NULL,N,NULL,NULL,NULL,NULL,NULL,NULL,NULL,NULL,9,5,2,1,1,1,2,6,7,3,N,NULL,Y,Y,2350,53,130,N,NULL,44,,,N,,N,N,098-CR-1348Q4-0,NULL,NULL,2023,O,7.29743E+11,098-CR-1348Q4-000,HIGH,098-CR-1348Q4-000,0.771,0,1,0,0,0,0,0,0,0,0,0,1,0
72921934,980100,2.023E+11,20230713,1259,,215,CASSIDY,,BLVD,,,0,098 CS-1191,CS1191,Y,N,NULL,NULL,NULL,N,NULL,NULL,NULL,NULL,NULL,NULL,0.05,NULL,NULL,NULL,NULL,,NULL,0,0,2,2,N,N,NULL,NULL,98,9801,NULL,,Y,37.50369,37,30.222,NULL,-82.53297,82,31.978,NULL,N,NULL,NULL,NULL,NULL,NULL,NULL,NULL,NULL,2,97,1,6,1,1,2,2,1,3,N,NULL,Y,N,1259,1307,1307,N,NULL,90,,,N,,N,N,098-CS-1191-0,NULL,NULL,2023,O,7.29219E+11,098-CS-1191  -000,HIGH,098-CS-1191  -000,0.047,0,0,0,1,0,0,1,0,0,0,0,0,0
72900480,980100,2.023E+11,20230513,1546,,,KY1426,,,KY1426,KY1426,0,098 KY-1426,KY1426,N,N,NULL,NULL,NULL,N,NULL,NULL,NULL,NULL,NULL,NULL,8.133,NULL,NULL,NULL,NULL,,NULL,1,0,1,1,N,N,55,NULL,98,9801,NULL,,Y,37.49313,37,29.588,NULL,-82.49103,82,29.461,NULL,N,NULL,NULL,NULL,NULL,NULL,NULL,NULL,NULL,9,3,2,4,1,5,3,2,7,3,N,NULL,Y,N,1547,1551,1611,N,NULL,40,,0,Y,,N,N,098-KY-1426-0,NULL,NULL,2023,C,7.29005E+11,098-KY-1426  -000,HIGH,098-KY-1426  -000,8.144,0,0,0,0,0,0,0,0,0,1,0,1,0
72934289,980100,2.023E+11,20230811,1527,,,US23,,,US0023,US0023,0,098 US-23,US0023,N,Y,RATLIFF CREEK,,RD,N,NULL,NULL,NULL,NULL,NULL,NULL,25.735,NULL,NULL,NULL,NULL,,NULL,2,0,2,2,N,N,55,NULL,98,9801,NULL,,Y,37.49587,37,29.752,NULL,-82.53107,82,31.864,NULL,N,NULL,NULL,NULL,NULL,NULL,NULL,NULL,NULL,1,3,4,3,1,1,2,2,1,3,N,NULL,Y,Y,1527,1530,1530,N,NULL,10,,1,N,,N,N,098-US-0023-0,NULL,NULL,2023,C,7.29343E+11,098-US-0023  -000,HIGH,098-US-0023  -000,25.673,0,0,1,1,0,0,0,1,0,1,1,0,0
72945255,KSP0900,09-23-0745,20230907,1227,,,US23,,,US0023,US0023,0,098 US-23-10,US0023,N,N,NULL,NULL,NULL,N,NULL,NULL,NULL,NULL,NULL,NULL,17.626,NULL,NULL,NULL,NULL,,NULL,0,1,2,2,N,N,55,NULL,98,9801,NULL,,Y,37.42386,37,25.432,NULL,-82.517,82,31.02,NULL,N,NULL,NULL,NULL,NULL,NULL,NULL,NULL,NULL,5,3,4,4,1,1,2,2,7,3,N,NULL,Y,Y,1129,1203,,N,NULL,49,,1,N,,N,N,098-US-0023-10,NULL,NULL,2023,K,7.29453E+11,098-US-0023  -010,HIGH,098-US-0023  -000,17.613,0,0,0,1,0,0,1,1,0,1,0,1,0
72897865,980500,2023AR021,20230511,1300,,,US23,,,US0023,US0023,0,098 US-23-10,US0023,N,N,NULL,NULL,NULL,N,NULL,NULL,NULL,NULL,NULL,NULL,NULL,NULL,NULL,NULL,NULL,NULL,NULL,0,0,2,2,N,N,45,NULL,98,9807,NULL,,Y,37.51507,37,30.904,NULL,-82.55908,82,33.545,NULL,N,NULL,NULL,NULL,NULL,NULL,NULL,NULL,NULL,8,3,6,6,1,1,2,2,1,3,N,NULL,Y,Y,1300,1300,1300,N,NULL,53,,1,N,,N,N,098-US-0023-10,NULL,NULL,2023,O,7.28979E+11,098-US-0023  -010,HIGH,098-US-0023  -000,28.036,0,0,0,0,0,0,1,0,0,0,0,1,0
72898211,KSP0900,23-181302,20230513,931,,351,BURNING FORK,,RD,,,0,098 CR-1481,CR1481,N,N,NULL,NULL,NULL,N,NULL,NULL,NULL,NULL,NULL,NULL,0.27,NULL,NULL,NULL,NULL,,NULL,0,0,1,1,N,N,15,NULL,98,9801,NULL,,Y,37.51057,37,30.634,NULL,-82.47279,82,28.368,NULL,N,NULL,NULL,NULL,NULL,NULL,NULL,NULL,NULL,9,4,1,6,1,5,2,2,7,3,N,NULL,Y,Y,931,1004,1004,N,NULL,51,,,N,,N,N,098-CR-1481-0,NULL,NULL,2023,O,7.28982E+11,098-CR-1481  -000,HIGH,098-CR-1481  -000,0.267,0,0,1,0,0,0,1,0,0,0,0,1,0
72936752,KSP0900,23-358464,20230814,1234,,,FEDSCREEK,,RD,KY0366,KY0366,,,,N,N,NULL,NULL,NULL,N,NULL,NULL,NULL,NULL,NULL,NULL,1.324,NULL,NULL,NULL,NULL,,NULL,1,0,2,2,N,N,25,NULL,98,9839,NULL,,Y,37.39534,37,23.72,NULL,-82.22953,82,13.772,NULL,N,NULL,NULL,NULL,NULL,NULL,NULL,NULL,NULL,1,3,1,3,1,5,6,2,7,3,Y,NULL,Y,Y,1234,1244,1350,N,NULL,55,9,0,N,,N,N,,NULL,NULL,2023,C,7.29368E+11,098-KY-0366  -000,HIGH,098-KY-0366  -000,1.323,0,1,0,0,0,0,0,0,0,0,0,0,0
72958079,980100,2.023E+11,20231005,1324,,748,HAMBLEY,,BLVD,,,0,098 CS-1222,CS1222,Y,N,NULL,NULL,NULL,N,NULL,NULL,NULL,NULL,NULL,NULL,0.662,NULL,NULL,NULL,NULL,,NULL,0,0,2,2,N,N,NULL,NULL,98,9801,NULL,,Y,37.48056,37,28.834,NULL,-82.51902,82,31.141,NULL,N,NULL,NULL,NULL,NULL,NULL,NULL,NULL,NULL,2,97,NULL,6,1,1,2,2,6,3,N,NULL,Y,N,1324,1327,1327,N,NULL,90,,,N,,N,N,098-CS-1222-0,NULL,NULL,2023,O,7.29581E+11,098-CS-1222  -000,HIGH,098-CS-1222  -000,0.665,0,0,0,0,0,0,1,0,0,0,0,0,0
72903642,980100,2.023E+11,20230525,15,,,KY1460 TURN LANE,,,KY1460,KY1460,0,098 KY-1460-23,KY1460,N,N,NULL,NULL,NULL,N,NULL,NULL,NULL,NULL,NULL,NULL,0.011,NULL,NULL,NULL,NULL,,NULL,0,0,1,1,N,N,45,NULL,98,9801,NULL,,Y,37.4776,37,28.656,NULL,-82.51612,82,30.967,NULL,N,NULL,NULL,NULL,NULL,NULL,NULL,NULL,NULL,9,6,2,3,1,1,2,5,7,3,N,NULL,Y,N,15,19,19,N,NULL,51,,0,N,,N,N,098-KY-1460-23,NULL,NULL,2023,O,7.29036E+11,098-KY-1460  -023,HIGH,098-KY-1460  -023,0.01,0,0,0,0,0,0,1,0,0,0,0,1,0
72928271,KSP0900,23-343319,20230731,204,,,US119,,,US0119,US0119,0,098 US-119,US0119,N,N,NULL,NULL,NULL,N,NULL,NULL,NULL,NULL,NULL,NULL,10.431,NULL,NULL,NULL,NULL,,NULL,0,0,1,1,N,N,55,NULL,98,9820,NULL,,Y,37.58592,37,35.155,NULL,-82.39935,82,23.961,NULL,N,NULL,NULL,NULL,NULL,NULL,NULL,NULL,NULL,9,3,2,6,1,1,2,6,3,3,N,NULL,Y,N,204,218,218,N,NULL,38,2,1,N,,N,N,098-US-0119-0,NULL,NULL,2023,O,7.29283E+11,098-US-0119  -000,HIGH,098-US-0119  -000,10.432,0,0,0,0,0,0,0,0,0,0,0,0,0
72947372,KSP0900,23-389886,20230912,319,,,KY194,,,KY0194,KY0194,0,098 KY-194,KY0194,N,N,NULL,NULL,NULL,N,NULL,NULL,NULL,NULL,NULL,NULL,43.733,NULL,NULL,NULL,NULL,,NULL,1,0,1,1,N,N,55,NULL,98,9804,NULL,,Y,37.44087,37,26.452,NULL,-82.206,82,12.36,NULL,N,NULL,NULL,NULL,NULL,NULL,NULL,NULL,NULL,9,3,2,2,1,1,2,6,7,3,Y,NULL,Y,N,319,428,500,N,NULL,44,8,0,N,,N,N,098-KY-0194-0,NULL,NULL,2023,A,7.29474E+11,098-KY-0194  -000,HIGH,098-KY-0194  -000,43.76,0,0,0,0,0,0,0,0,0,0,0,1,0
72912194,KSP0900,23-228966,20230616,1241,,,TOLER,,RD,KY0319,KY0319,0,098 KY-319,KY0319,N,N,NULL,NULL,NULL,N,NULL,NULL,NULL,NULL,NULL,NULL,5.279,NULL,NULL,NULL,NULL,,NULL,1,0,2,2,N,N,35,NULL,98,9842,NULL,,Y,37.62382,37,37.429,NULL,-82.24463,82,14.678,NULL,N,NULL,NULL,NULL,NULL,NULL,NULL,NULL,NULL,5,3,2,3,1,1,2,2,7,3,Y,NULL,Y,Y,1241,1254,1300,N,NULL,49,7,0,N,,N,N,098-KY-0319-0,NULL,NULL,2023,C,7.29122E+11,098-KY-0319  -000,HIGH,098-KY-0319  -000,5.278,0,0,0,0,0,0,1,0,0,0,0,0,0
72955102,980100,2.023E+11,20231003,1735,,,US23,,,US0023,US0023,,,,N,N,NULL,NULL,NULL,N,NULL,NULL,NULL,NULL,NULL,NULL,24.125,NULL,NULL,NULL,NULL,,NULL,0,0,2,2,N,Y,55,NULL,98,9801,NULL,,Y,37.4769,37,28.614,NULL,-82.54002,82,32.401,NULL,N,NULL,NULL,NULL,NULL,NULL,NULL,NULL,NULL,5,3,2,1,1,1,2,2,7,3,N,NULL,N,N,1736,1736,,N,NULL,49,,1,N,,N,N,,NULL,NULL,2023,O,7.29551E+11,098-US-0023  -010,MEDIUM,098-US-0023  -000,24.053,0,0,0,0,0,0,1,1,0,0,0,0,0
72893067,980100,2.023E+11,20230421,1650,,,BAIRD,,AVE,KY1426,KY1426,0,098 KY-1426,KY1426,N,N,NULL,NULL,NULL,N,NULL,NULL,NULL,NULL,NULL,NULL,5.395,NULL,NULL,NULL,NULL,,NULL,0,0,2,2,N,N,55,NULL,98,9801,NULL,,Y,37.47327,37,28.397,NULL,-82.52711,82,31.627,NULL,N,NULL,NULL,NULL,NULL,NULL,NULL,NULL,NULL,1,3,2,6,1,1,2,2,1,3,N,NULL,Y,N,1650,1653,1719,N,NULL,55,,0,N,,N,N,098-KY-1426-0,NULL,NULL,2023,O,7.28931E+11,098-KY-1426  -000,HIGH,098-KY-1426  -000,5.395,0,0,0,0,0,0,1,0,0,0,0,0,0
72964338,980500,2023AR053,20231026,1458,,,US23,,,US0023,US0023,0,098 US-23-10,US0023,N,N,NULL,NULL,NULL,N,NULL,NULL,NULL,NULL,NULL,NULL,NULL,NULL,NULL,NULL,NULL,NULL,NULL,1,0,1,1,N,N,45,NULL,98,9807,NULL,,Y,37.53368,37,32.021,NULL,-82.57792,82,34.675,NULL,N,NULL,NULL,NULL,NULL,NULL,NULL,NULL,NULL,9,4,4,6,1,1,2,2,7,3,Y,NULL,Y,Y,1458,1458,1515,N,NULL,43,,1,N,,N,Y,098-US-0023-10,NULL,NULL,2023,C,7.29643E+11,098-US-0023  -010,HIGH,098-US-0023  -000,29.736,0,0,0,1,0,0,0,0,0,0,0,1,0
72976575,980100,2.023E+11,20231117,1151,,,KY3496,,,KY3496,KY3496,0,098 KY-3496,KY3496,N,N,NULL,NULL,NULL,N,NULL,NULL,NULL,NULL,NULL,NULL,0.046,NULL,NULL,NULL,NULL,,NULL,0,0,2,2,N,N,35,NULL,98,9801,NULL,,Y,37.46546,37,27.928,NULL,-82.52862,82,31.717,NULL,N,NULL,NULL,NULL,NULL,NULL,NULL,NULL,NULL,1,3,2,3,1,1,2,2,1,3,N,NULL,Y,N,1151,1157,1157,N,NULL,55,16,0,N,,N,N,098-KY-3496-0,NULL,NULL,2023,O,7.29766E+11,098-KY-3496  -000,HIGH,098-KY-3496  -000,0.048,0,0,0,1,0,0,1,0,0,0,0,0,0
72922087,KSP0900,09-23-0530,20230705,1055,,,KY194,,,KY0194,KY0194,0,098 KY-194,KY0194,N,N,NULL,NULL,NULL,N,NULL,NULL,NULL,NULL,NULL,NULL,55.523,NULL,NULL,NULL,NULL,,NULL,0,1,2,2,N,N,35,NULL,98,9804,NULL,,Y,37.51838,37,31.103,NULL,-82.15413,82,9.248,NULL,N,NULL,NULL,NULL,NULL,NULL,NULL,NULL,NULL,7,3,2,3,1,1,2,2,7,3,N,NULL,Y,Y,1301,1338,1844,N,NULL,54,7,0,N,,N,N,098-KY-0194-0,NULL,NULL,2023,K,7.29221E+11,098-KY-0194  -000,HIGH,098-KY-0194  -000,55.522,0,1,0,1,0,0,1,0,0,1,0,1,0
72992809,980100,2.023E+11,20231218,1609,,151,KY3496,,,KY3496,KY3496,0,098 KY-3496,KY3496,Y,N,NULL,NULL,NULL,N,NULL,NULL,NULL,NULL,NULL,NULL,0.832,NULL,NULL,NULL,NULL,,NULL,0,0,2,2,N,N,35,NULL,98,9801,NULL,,Y,37.47198,37,28.319,NULL,-82.52894,82,31.736,NULL,N,NULL,NULL,NULL,NULL,NULL,NULL,NULL,NULL,2,97,2,6,1,1,2,2,5,3,N,NULL,Y,N,1608,1608,1608,N,NULL,90,16,0,N,,N,N,098-KY-3496-0,NULL,NULL,2023,O,7.29928E+11,098-KY-3496  -000,HIGH,098-KY-3496  -000,0.832,0,0,0,0,0,0,0,0,0,0,0,0,0
72969418,980100,2.023E+11,20231031,1812,,274,CASSIDY,,BLVD,,,,,,Y,N,NULL,NULL,NULL,N,NULL,NULL,NULL,NULL,NULL,NULL,0.438,NULL,NULL,NULL,NULL,,NULL,0,0,1,1,N,N,NULL,NULL,98,9801,NULL,,Y,37.50429,37,30.257,NULL,-82.53894,82,32.336,NULL,N,NULL,NULL,NULL,NULL,NULL,NULL,NULL,NULL,9,97,NULL,6,1,1,2,3,5,3,N,NULL,Y,N,1812,1819,1819,N,NULL,90,,,N,,N,N,,NULL,NULL,2023,O,7.29694E+11,098-CS-1191  -000,MEDIUM,098-CS-1191  -000,0.44,0,0,0,1,0,0,1,0,0,0,0,1,0
72987823,980500,2023AR066,20231219,1312,,,US 23 SOUTH AND COWPEN INTERSECTION,,,,,,,,N,N,NULL,NULL,NULL,N,NULL,NULL,NULL,NULL,NULL,NULL,NULL,NULL,NULL,NULL,NULL,NULL,NULL,0,0,2,2,N,N,45,NULL,98,9807,NULL,,Y,37.52981,37,31.789,NULL,-82.576,82,34.56,NULL,N,NULL,NULL,NULL,NULL,NULL,NULL,NULL,NULL,1,3,6,6,1,1,2,2,7,3,N,NULL,Y,Y,1312,1315,1315,N,NULL,55,,,N,,N,N,,NULL,NULL,2023,O,7.29878E+11,098-US-0023  -010,MEDIUM,098-US-0023  -000,29.453,0,0,0,0,0,0,1,0,0,0,0,0,0
72934827,KSP0900,23-344806,20230801,1539,,,KY292,,,KY0292,KY0292,0,098 KY-292,KY0292,N,N,NULL,NULL,NULL,N,NULL,NULL,NULL,NULL,NULL,NULL,3.514,NULL,NULL,NULL,NULL,,NULL,0,0,1,1,N,N,35,NULL,98,9869,NULL,,Y,37.65776,37,39.465,NULL,-82.24826,82,14.895,NULL,N,NULL,NULL,NULL,NULL,NULL,NULL,NULL,NULL,9,3,2,6,1,1,2,2,7,3,N,NULL,Y,Y,1330,1345,1415,N,NULL,40,8,0,Y,,N,N,098-KY-0292-0,NULL,NULL,2023,O,7.29348E+11,098-KY-0292  -000,HIGH,098-KY-0292  -000,3.515,0,0,0,0,0,0,0,0,1,1,0,1,0
72916643,980100,2.023E+11,20230623,1558,,,KY3496,,,KY3496,KY3496,0,098 KY-3496,KY3496,N,N,NULL,NULL,NULL,N,NULL,NULL,NULL,NULL,NULL,NULL,0.76,NULL,NULL,NULL,NULL,,NULL,0,0,2,2,N,N,35,NULL,98,9801,NULL,,Y,37.47198,37,28.319,NULL,-82.53025,82,31.815,NULL,N,NULL,NULL,NULL,NULL,NULL,NULL,NULL,NULL,1,3,2,3,1,5,6,2,1,3,N,NULL,Y,N,1558,1600,,N,NULL,55,16,0,N,,N,N,098-KY-3496-0,NULL,NULL,2023,O,7.29166E+11,098-KY-3496  -000,HIGH,098-KY-3496  -000,0.76,0,0,1,0,0,0,1,1,0,0,0,0,0