MasterFile,AgencyORINumber,LocalCode,CollisionDate,CollisionTime,CollisionDayWeekCode,RoadwayName_HouseBusinessNumber_,RoadwayName_RoadwayName_,RoadwayName_Direction_,RoadwayName_RoadwaySuffix_,RoadwayfromReport,CurrentRoadwayNumber,RoadwayNumberCoupletID,RSEUniqueGIS,RoadwayIdentifier,ParkingLotIndicator,IntersectionWith_Indicator_,IntersectionWith_NameRoadway_,IntersectionWith_Direction_,IntersectionWith_RoadwaySuffix_,BetweenStreets_Indicator_,BetweenStreets1_NameRoadway_,BetweenStreet1_Direction_,BetweenStreets1_RoadwaySuffix_,BetweenStreets2_NameRoadway_,BetweenStreets2_Direction_,BetweenStreets2_RoadwaySuffix_,Milepoint,ReportMilepointDeriveNumber,CurrentDerivedMiepointNumber,MilestoMilepoint,FeettoMilepoint,DirectionfromMilepoint_NSEW_,ValidMilepointIndicator,NumberInjured,NumberKilled,ofUnits,ofMotorVehicleUnits,Hit&RunIndicator,OneWayIndicator,SpeedLimitNumber,KilometersIndicator,CountyCode,CityCountyCode,MilesFromCity,DirectionFromCity_NSEW_,InCityLimitsIndicator,Latitude,LatitudeDegrees,LatitudeMinutes,LatitudeSeconds,Longitude,LongitudeDegrees,LongitudeMinutes,LongitudeSeconds,RampIndicator,RampFromIdentifier,RampFromDirCode,RampFromCoupletID,RSEUniqueGISRampFrom,RampToidentifier,RampToDirCode,RampToCoupletID,RSEUniqueGisRampTo,MannerofCollisionCode,LocationFirstEventCode,TotalLanes,RoadwayCharacterCode,RoadwaySurfaceCode,RoadwayConditionCode,WeatherCode,LightConditionCode,LandUseCode,SchoolBusRelatedCode,FirstAidSceneIndicator,CollDescPresentInd,InvestigationCompleteIndicator,PhotosTakenIndicator,TimeNotified,TimeArrived,TimeRoadwayOpened,PropertyDamageIndicator,DiagramPresentIndicator,DirectionalAnalysis,FunctionClassCode,NationalHwySysCode,EnforcementsIndicator,KARSCityCode,SecondaryCollisionIndicator,MedianCrossoverIndicator,RT_UNIQUE,MapIt,TimeLastLeft,YR,KABCO,MFNY,WorkingRID,RT_CONFIDENCE,KTC_RT,KTC_MP,Motorcyclist,CommercialVehicle,YoungDriver,MatureDriver,pedestrian,Bicyclist,Distracted,agressive,Impaired,Unrestrained,Intersection,RoadwayDeparture,MedXover
72901691,980100,2.023E+11,20230517,1218,,,US23,,,US0023,US0023,0,098 US-23,US0023,N,N,NULL,NULL,NULL,N,NULL,NULL,NULL,NULL,NULL,NULL,21.658,NULL,NULL,NULL,NULL,,NULL,0,0,2,2,N,N,55,NULL,98,9801,NULL,,Y,37.45374,37,27.224,NULL,-82.52194,82,31.316,NULL,N,NULL,NULL,NULL,NULL,NULL,NULL,NULL,NULL,8,3,4,6,1,1,2,2,7,3,N,NULL,Y,N,1219,1226,1226,N,NULL,53,,1,N,,N,N,098-US-0023-0,NULL,NULL,2023,O,7.29017E+11,098-US-0023  -000,HIGH,098-US-0023  -000,21.59,0,0,0,0,0,0,0,0,0,0,0,1,0
72978584,980100,2.023E+11,20231127,1711,,,US23,,,US0023,US0023,0,098 US-23,US0023,N,Y,KINNIKINNICK,,RD,N,NULL,NULL,NULL,NULL,NULL,NULL,30.306,NULL,NULL,NULL,NULL,,NULL,0,0,2,2,N,N,55,NULL,98,9801,NULL,,Y,37.54082,37,32.449,NULL,-82.58238,82,34.943,NULL,N,NULL,NULL,NULL,NULL,NULL,NULL,NULL,NULL,1,3,4,6,1,1,3,2,1,3,N,NULL,Y,N,1711,1720,1720,N,NULL,8,,1,N,,N,N,098-US-0023-0,NULL,NULL,2023,O,7.29786E+11,098-US-0023  -000,HIGH,098-US-0023  -000,30.288,0,0,0,0,0,0,0,1,0,0,1,0,0
72983020,KSP0900,23-473861,20231128,1913,,,TOLER,,RD,KY0319,KY0319,0,098 KY-319,KY0319,N,N,NULL,NULL,NULL,N,NULL,NULL,NULL,NULL,NULL,NULL,2.198,NULL,NULL,NULL,NULL,,NULL,0,0,2,2,Y,N,55,NULL,98,9842,NULL,,Y,37.59958,37,35.975,NULL,-82.20619,82,12.372,NULL,N,NULL,NULL,NULL,NULL,NULL,NULL,NULL,NULL,1,3,2,6,1,1,2,6,7,3,N,NULL,Y,N,1913,1945,1913,N,NULL,55,7,0,N,,N,N,098-KY-0319-0,NULL,NULL,2023,O,7.2983E+11,098-KY-0319  -000,HIGH,098-KY-0319  -000,2.195,0,0,0,1,0,0,0,0,0,0,0,0,0
72978230,980000,23-11-005,20231126,1735,,,MAYO,S,TRL,US0023,US0023,0,098 US-23-10,US0023,N,N,NULL,NULL,NULL,N,NULL,NULL,NULL,NULL,NULL,NULL,19.707,NULL,NULL,NULL,NULL,,NULL,0,0,1,1,N,N,55,NULL,98,9801,NULL,,Y,37.44959,37,26.975,NULL,-82.50713,82,30.427,NULL,N,NULL,NULL,NULL,NULL,NULL,NULL,NULL,NULL,9,6,4,3,1,1,3,3,1,3,N,NULL,Y,N,1735,1735,,N,NULL,40,,1,N,,N,N,098-US-0023-10,NULL,NULL,2023,O,7.29782E+11,098-US-0023  -010,HIGH,098-US-0023  -000,19.651,0,0,0,1,0,0,1,0,0,0,0,1,0
72892532,KSP0900,23-152608,20230421,2305,,,BIG CREEK,N,RD,KY0468,KY0468,0,098 KY-468,KY0468,N,N,NULL,NULL,NULL,N,NULL,NULL,NULL,NULL,NULL,NULL,9.261,NULL,NULL,NULL,NULL,,NULL,0,0,1,1,N,N,55,NULL,98,9843,NULL,,Y,37.70619,37,42.371,NULL,-82.34618,82,20.771,NULL,N,NULL,NULL,NULL,NULL,NULL,NULL,NULL,NULL,9,3,2,1,1,5,6,6,7,3,N,NULL,Y,N,2305,2342,2342,N,NULL,70,8,0,N,,N,N,098-KY-0468-0,NULL,NULL,2023,O,7.28925E+11,098-KY-0468  -000,HIGH,098-KY-0468  -000,9.265,0,0,0,0,0,0,0,0,0,0,0,1,0
72930869,370200,2023-346621,20230803,1201,,,US23,,,US0023,US0023,0,098 US-23,US0023,N,N,NULL,NULL,NULL,N,NULL,NULL,NULL,NULL,NULL,NULL,16.206,NULL,NULL,NULL,NULL,,NULL,3,0,2,2,N,N,55,NULL,98,9801,NULL,,Y,37.41264,37,24.759,NULL,-82.53168,82,31.901,NULL,N,NULL,NULL,NULL,NULL,NULL,NULL,NULL,NULL,5,3,4,4,1,5,6,2,7,3,Y,NULL,Y,Y,1210,1220,1245,N,NULL,49,,1,N,,N,N,098-US-0023-0,NULL,NULL,2023,C,7.29309E+11,098-US-0023  -000,HIGH,098-US-0023  -000,16.191,0,0,0,1,0,0,1,0,0,0,0,0,0
72891757,980100,2.023E+11,20230422,1116,,,KILGORE,,LN,,,0,098 CS-1105,CS1105,Y,N,NULL,NULL,NULL,N,NULL,NULL,NULL,NULL,NULL,NULL,0.008,NULL,NULL,NULL,NULL,,NULL,0,0,2,2,N,N,NULL,NULL,98,9801,NULL,,Y,37.47619,37,28.571,NULL,-82.52247,82,31.348,NULL,N,NULL,NULL,NULL,NULL,NULL,NULL,NULL,NULL,2,97,1,6,1,1,2,2,6,3,N,NULL,Y,N,1116,1117,1117,N,NULL,90,,,N,,N,N,098-CS-1105-0,NULL,NULL,2023,O,7.28918E+11,098-CS-1105  -000,HIGH,098-CS-1105  -000,0.008,0,0,0,0,0,0,0,0,0,0,0,0,0
72968066,KSP0900,23-444940,20231103,1201,,,KY632,,,KY0632,KY0632,0,098 KY-632,KY0632,N,N,NULL,NULL,NULL,N,NULL,NULL,NULL,NULL,NULL,NULL,5.108,NULL,NULL,NULL,NULL,,NULL,0,0,1,1,N,N,55,NULL,98,9804,NULL,,Y,37.48569,37,29.142,NULL,-82.2715,82,16.29,NULL,N,NULL,NULL,NULL,NULL,NULL,NULL,NULL,NULL,9,3,2,6,1,1,2,2,7,3,N,NULL,N,N,1205,1240,1300,N,NULL,44,6,0,N,,N,N,098-KY-0632-0,NULL,NULL,2023,O,7.29681E+11,098-KY-0632  -000,HIGH,098-KY-0632  -000,5.1,0,0,0,0,0,0,0,0,0,0,0,1,0
72943511,980100,2.023E+11,20230829,1838,,,HAMBLEY,,BLVD,,,0,098 CS-1222,CS1222,Y,N,NULL,NULL,NULL,N,NULL,NULL,NULL,NULL,NULL,NULL,0.465,NULL,NULL,NULL,NULL,,NULL,0,0,2,2,Y,N,15,NULL,98,9801,NULL,,Y,37.47802,37,28.681,NULL,-82.52074,82,31.245,NULL,N,NULL,NULL,NULL,NULL,NULL,NULL,NULL,NULL,8,7,2,4,2,1,2,2,1,3,N,NULL,N,N,1838,1847,1855,N,NULL,90,,,N,,N,N,098-CS-1222-0,NULL,NULL,2023,NULL,7.29435E+11,098-CS-1222  -000,HIGH,098-CS-1222  -000,0.466,0,0,0,0,0,0,1,0,0,0,0,0,0
72989735,KSP0900,23-499289,20231222,1520,,,SHELBY DRY,,FRK,,,,,,N,N,NULL,NULL,NULL,N,NULL,NULL,NULL,NULL,NULL,NULL,0.221,NULL,NULL,NULL,NULL,,NULL,0,0,2,2,Y,N,35,NULL,98,9824,NULL,,Y,37.42054,37,25.233,NULL,-82.49128,82,29.477,NULL,N,NULL,NULL,NULL,NULL,NULL,NULL,NULL,NULL,7,3,1,6,1,1,2,2,7,3,N,NULL,Y,N,1520,1526,1558,N,NULL,54,,,N,,N,N,,NULL,NULL,2023,O,7.29897E+11,098-CR-1257  -000,HIGH,098-CR-1257  -000,0.222,0,0,0,0,0,0,0,0,0,0,0,1,0
72886222,KSP0900,23-139411,20230412,2049,,,GREASY,,CRK,KY3226,KY3226,0,098 KY-3226,KY3226,N,N,NULL,NULL,NULL,N,NULL,NULL,NULL,NULL,NULL,NULL,1.331,NULL,NULL,NULL,NULL,,NULL,0,0,2,2,Y,N,55,NULL,98,9824,NULL,,Y,37.39593,37,23.756,NULL,-82.46642,82,27.985,NULL,N,NULL,NULL,NULL,NULL,NULL,NULL,NULL,NULL,8,3,2,6,1,1,2,6,7,3,N,NULL,Y,N,2049,2108,2108,N,NULL,53,8,0,N,,N,N,098-KY-3226-0,NULL,NULL,2023,O,7.28862E+11,098-KY-3226  -000,HIGH,098-KY-3226  -000,1.353,0,0,0,0,0,0,0,0,0,0,0,1,0
72988196,KSP0900,23-492128,20231215,1956,,,UPPER JOHNS,,CRK,KY0632,KY0632,0,098 KY-632,KY0632,N,N,NULL,NULL,NULL,N,NULL,NULL,NULL,NULL,NULL,NULL,0.684,NULL,NULL,NULL,NULL,,NULL,1,0,1,1,N,N,55,NULL,98,9817,NULL,,Y,37.49501,37,29.701,NULL,-82.33961,82,20.377,NULL,N,NULL,NULL,NULL,NULL,NULL,NULL,NULL,NULL,9,3,2,6,1,2,2,6,7,3,Y,NULL,N,N,1956,1956,2057,N,NULL,44,6,0,N,,N,N,098-KY-0632-0,NULL,NULL,2023,A,7.29882E+11,098-KY-0632  -000,HIGH,098-KY-0632  -000,0.688,0,0,0,0,0,0,0,0,0,1,0,1,0
72904378,KSP0900,23-202148,20230528,153,,,US460,,,US0460,US0460,0,098 US-460,US0460,N,N,NULL,NULL,NULL,N,NULL,NULL,NULL,NULL,NULL,NULL,13.555,NULL,NULL,NULL,NULL,,NULL,0,0,1,1,N,N,55,NULL,98,9805,NULL,,Y,37.33501,37,20.101,NULL,-82.38484,82,23.09,NULL,N,NULL,NULL,NULL,NULL,NULL,NULL,NULL,NULL,9,3,2,3,1,5,6,6,7,3,N,NULL,N,N,157,211,300,N,NULL,70,,1,N,,N,N,098-US-0460-0,NULL,NULL,2023,NULL,7.29044E+11,098-US-0460  -000,HIGH,098-US-0460  -000,13.529,0,0,0,0,0,0,0,0,0,0,0,1,0
72938678,980100,2.023E+11,20230824,1504,,533,HAMBLEY,,BLVD,,,0,098 CS-1222,CS1222,Y,N,NULL,NULL,NULL,N,NULL,NULL,NULL,NULL,NULL,NULL,1.177,NULL,NULL,NULL,NULL,,NULL,0,0,2,2,N,N,35,NULL,98,9801,NULL,,Y,37.48536,37,29.122,NULL,-82.5248,82,31.488,NULL,N,NULL,NULL,NULL,NULL,NULL,NULL,NULL,NULL,2,97,2,6,1,1,3,2,1,3,N,NULL,Y,N,1504,1506,1506,N,NULL,90,,,N,,N,N,098-CS-1222-0,NULL,NULL,2023,O,7.29387E+11,098-CS-1222  -000,HIGH,098-CS-1222  -000,1.177,0,1,0,0,0,0,1,1,0,0,0,0,0
72979720,KSP0900,23-468783,20231124,640,,,US23,,,US0023,US0023,0,098 US-23,US0023,N,N,NULL,NULL,NULL,N,NULL,NULL,NULL,NULL,NULL,NULL,8.881,NULL,NULL,NULL,NULL,,NULL,0,0,1,1,Y,N,55,NULL,98,9801,NULL,,Y,37.32445,37,19.467,NULL,-82.55884,82,33.53,NULL,N,NULL,NULL,NULL,NULL,NULL,NULL,NULL,NULL,9,5,4,3,1,1,3,7,7,3,N,NULL,Y,Y,640,703,703,Y,NULL,40,,1,N,,N,N,098-US-0023-0,NULL,NULL,2023,NULL,7.29797E+11,098-US-0023  -000,HIGH,098-US-0023  -000,8.873,0,0,0,0,0,0,0,0,0,0,0,1,0
72916870,980100,2.023E+11,20230630,1410,,,CASSIDY,,BLVD,,,0,098 CS-1191,CS1191,Y,N,NULL,NULL,NULL,N,NULL,NULL,NULL,NULL,NULL,NULL,0.207,NULL,NULL,NULL,NULL,,NULL,0,0,2,2,N,N,NULL,NULL,98,9801,NULL,,Y,37.5041,37,30.246,NULL,-82.53533,82,32.12,NULL,N,NULL,NULL,NULL,NULL,NULL,NULL,NULL,NULL,8,97,NULL,6,1,1,3,2,5,3,N,NULL,Y,N,1410,1415,1410,N,NULL,90,,,N,,N,N,098-CS-1191-0,NULL,NULL,2023,O,7.29169E+11,098-CS-1191  -000,HIGH,098-CS-1191  -000,0.187,0,0,1,0,0,0,1,0,0,0,0,0,0
72947853,KSP0900,23-383334,20230906,758,,,SHELBIANA,E,RD,US0460,US0460,,,,N,N,NULL,NULL,NULL,N,NULL,NULL,NULL,NULL,NULL,NULL,4.532,NULL,NULL,NULL,NULL,,NULL,1,0,1,1,N,N,55,NULL,98,9832,NULL,,Y,37.41641,37,24.985,NULL,-82.45348,82,27.209,NULL,N,NULL,NULL,NULL,NULL,NULL,NULL,NULL,NULL,9,5,2,6,1,1,2,2,7,3,Y,NULL,Y,Y,758,800,830,N,NULL,44,,1,N,,N,N,,NULL,NULL,2023,C,7.29479E+11,098-US-0460  -000,HIGH,098-US-0460  -000,4.532,0,0,1,0,0,0,1,0,0,0,0,1,0
72912324,KSP0900,23-229675,20230616,1949,,,KY194,W,,KY0194,KY0194,0,098 KY-194,KY0194,N,N,NULL,NULL,NULL,N,NULL,NULL,NULL,NULL,NULL,NULL,12.902,NULL,NULL,NULL,NULL,,NULL,0,0,1,1,N,N,45,NULL,98,9828,NULL,,Y,37.59004,37,35.402,NULL,-82.48729,82,29.237,NULL,N,NULL,NULL,NULL,NULL,NULL,NULL,NULL,NULL,9,3,2,3,1,1,2,2,7,3,N,NULL,N,N,1949,2026,2100,N,NULL,44,7,0,N,,N,N,098-KY-0194-0,NULL,NULL,2023,O,7.29123E+11,098-KY-0194  -000,HIGH,098-KY-0194  -000,12.88,0,0,0,0,0,0,0,0,0,1,0,1,0
72905801,KSP0900,23-203372,20230529,730,,,US119,,,US0119,US0119,0,098 US-119,US0119,N,N,NULL,NULL,NULL,N,NULL,NULL,NULL,NULL,NULL,NULL,23.192,NULL,NULL,NULL,NULL,,NULL,0,0,1,1,N,N,55,NULL,98,9836,NULL,,Y,37.64427,37,38.656,NULL,-82.26676,82,16.006,NULL,N,NULL,NULL,NULL,NULL,NULL,NULL,NULL,NULL,9,3,2,3,1,5,6,2,7,3,N,NULL,Y,N,739,750,830,N,NULL,70,2,1,N,,N,Y,098-US-0119-0,NULL,NULL,2023,O,7.29058E+11,098-US-0119  -000,HIGH,098-US-0119  -000,23.191,0,0,0,0,0,0,0,0,0,0,0,1,0
72945045,980500,2023AR043,20230912,15,,,US23,,,US0023,US0023,0,098 US-23-10,US0023,N,N,NULL,NULL,NULL,N,NULL,NULL,NULL,NULL,NULL,NULL,29.894,NULL,NULL,NULL,NULL,,NULL,0,0,2,2,Y,N,45,NULL,98,9801,NULL,,Y,37.53621,37,32.172,NULL,-82.57945,82,34.767,NULL,N,NULL,NULL,NULL,NULL,NULL,NULL,NULL,NULL,5,3,4,6,1,1,2,6,1,3,N,NULL,Y,Y,20,25,,N,NULL,49,,1,N,,N,N,098-US-0023-10,NULL,NULL,2023,O,7.2945E+11,098-US-0023  -010,HIGH,098-US-0023  -000,29.928,0,1,0,0,0,0,1,0,0,0,0,0,0
72936965,980100,2.023E+11,20230822,1130,,,US23,,,US0023,US0023,0,098 US-23,US0023,N,N,NULL,NULL,NULL,N,NULL,NULL,NULL,NULL,NULL,NULL,21.207,NULL,NULL,NULL,NULL,,NULL,1,0,2,2,N,N,55,NULL,98,9801,NULL,,Y,37.44791,37,26.875,NULL,-82.52534,82,31.521,NULL,N,NULL,NULL,NULL,NULL,NULL,NULL,NULL,NULL,1,3,4,6,1,1,2,2,1,3,Y,NULL,Y,Y,1130,1136,1155,N,NULL,55,,1,N,,N,N,098-US-0023-0,NULL,NULL,2023,B,7.2937E+11,098-US-0023  -000,HIGH,098-US-0023  -000,21.141,0,0,0,0,0,0,1,1,0,0,0,0,0
72944567,KSP0900,23-386829,20230909,824,,,US119,,,US0119,US0119,0,098 US-119-10,US0119,N,N,NULL,NULL,NULL,N,NULL,NULL,NULL,NULL,NULL,NULL,21.725,NULL,NULL,NULL,NULL,,NULL,0,0,1,1,N,N,55,NULL,98,9836,NULL,,Y,37.62992,37,37.795,NULL,-82.2618,82,15.708,NULL,N,NULL,NULL,NULL,NULL,NULL,NULL,NULL,NULL,9,5,2,3,1,5,3,2,7,3,N,NULL,Y,N,824,915,915,N,NULL,44,2,1,N,,N,N,098-US-0119-10,NULL,NULL,2023,O,7.29446E+11,098-US-0119  -010,HIGH,098-US-0119  -000,21.724,0,0,0,0,0,0,0,0,0,0,0,1,0
72937221,980100,2.023E+11,20230809,1257,,,KY3496,,,KY3496,KY3496,0,098 KY-3496,KY3496,Y,N,NULL,NULL,NULL,N,NULL,NULL,NULL,NULL,NULL,NULL,0.205,NULL,NULL,NULL,NULL,,NULL,0,0,2,2,N,N,15,NULL,98,9801,NULL,,Y,37.46658,37,27.995,NULL,-82.53127,82,31.876,NULL,N,NULL,NULL,NULL,NULL,NULL,NULL,NULL,NULL,8,97,2,6,1,1,2,2,1,3,N,NULL,Y,N,1257,1306,,N,NULL,90,16,0,N,,N,N,098-KY-3496-0,NULL,NULL,2023,O,7.29372E+11,098-KY-3496  -000,HIGH,098-KY-3496  -000,0.208,0,0,0,1,0,0,1,0,0,0,0,0,0
72911867,KSP0900,23-219162,20230609,1155,,,US119,,,US0119,US0119,0,098 US-119,US0119,N,N,NULL,NULL,NULL,N,NULL,NULL,NULL,NULL,NULL,NULL,24.622,NULL,NULL,NULL,NULL,,NULL,0,1,2,2,N,N,45,NULL,98,9834,NULL,,Y,37.66377,37,39.826,NULL,-82.27316,82,16.39,NULL,N,NULL,NULL,NULL,NULL,NULL,NULL,NULL,NULL,1,3,4,3,1,1,2,2,7,3,Y,NULL,N,Y,1201,1208,1215,N,NULL,55,2,1,N,,N,N,098-US-0119-0,NULL,NULL,2023,K,7.29119E+11,098-US-0119  -000,HIGH,098-US-0119  -000,24.621,1,0,0,0,0,0,1,1,0,0,0,0,0
72980937,KSP0900,23-477149,20231201,2108,,,US460,,,US0460,US0460,0,098 US-460,US0460,N,N,NULL,NULL,NULL,N,NULL,NULL,NULL,NULL,NULL,NULL,4.585,NULL,NULL,NULL,NULL,,NULL,0,0,1,1,N,N,55,NULL,98,9824,NULL,,Y,37.4161,37,24.966,NULL,-82.45227,82,27.136,NULL,N,NULL,NULL,NULL,NULL,NULL,NULL,NULL,NULL,9,3,2,6,1,5,2,6,7,3,N,NULL,Y,N,2108,2120,,N,NULL,40,,1,N,,N,N,098-US-0460-0,NULL,NULL,2023,O,7.29809E+11,098-US-0460  -000,HIGH,098-US-0460  -000,4.595,0,0,0,0,0,0,0,0,0,0,0,1,0
72980734,KSP0900,23-477428,20231202,621,,,VIRGIE,,RD,KY0610,KY0610,0,098 KY-610,KY0610,N,N,NULL,NULL,NULL,N,NULL,NULL,NULL,NULL,NULL,NULL,7.977,NULL,NULL,NULL,NULL,,NULL,0,0,1,1,N,N,35,NULL,98,9827,NULL,,Y,37.33821,37,20.293,NULL,-82.58684,82,35.21,NULL,N,NULL,NULL,NULL,NULL,NULL,NULL,NULL,NULL,9,3,2,6,1,5,10,7,7,3,N,NULL,Y,Y,621,653,720,N,NULL,40,7,0,N,,N,N,098-KY-0610-0,NULL,NULL,2023,O,7.29807E+11,098-KY-0610  -000,HIGH,098-KY-0610  -000,7.97,0,0,0,1,0,0,0,0,0,0,0,1,0
72962813,980100,2.023E+11,20231002,1746,,,COLLEGE,S,ST,,,0,098 CS-1152,CS1152,N,Y,STRATTON,,ST,N,NULL,NULL,NULL,NULL,NULL,NULL,0.139,NULL,NULL,NULL,NULL,,NULL,0,0,2,2,N,N,15,NULL,98,9801,NULL,,Y,37.47563,37,28.538,NULL,-82.52353,82,31.412,NULL,N,NULL,NULL,NULL,NULL,NULL,NULL,NULL,NULL,1,3,1,6,1,1,2,2,7,3,N,NULL,Y,N,1746,1805,1824,N,NULL,10,,,N,,N,N,098-CS-1152-0,NULL,NULL,2023,O,7.29628E+11,098-CS-1152  -000,HIGH,098-CS-1152  -000,0.066,0,0,0,0,0,0,0,0,0,0,1,0,0
72969407,980100,2.023E+11,20231105,1402,,254,CASSIDY,,BLVD,,,0,098 CS-1191,CS1191,Y,N,NULL,NULL,NULL,N,NULL,NULL,NULL,NULL,NULL,NULL,0.324,NULL,NULL,NULL,NULL,,NULL,0,0,2,2,N,N,NULL,NULL,98,9801,NULL,,Y,37.50522,37,30.313,NULL,-82.53734,82,32.24,NULL,N,NULL,NULL,NULL,NULL,NULL,NULL,NULL,NULL,2,97,NULL,6,1,1,2,2,5,3,N,NULL,Y,N,1402,1425,1425,N,NULL,90,,,N,,N,N,098-CS-1191-0,NULL,NULL,2023,O,7.29694E+11,098-CS-1191  -000,HIGH,098-CS-1191  -000,0.325,0,0,0,1,0,0,1,0,0,0,0,0,0
72968120,980100,2.023E+11,20231103,1648,,,BYPASS,S,RD,KY1426,KY1426,0,098 KY-1426,KY1426,Y,N,NULL,NULL,NULL,N,NULL,NULL,NULL,NULL,NULL,NULL,6.256,NULL,NULL,NULL,NULL,,NULL,0,0,2,2,N,N,55,NULL,98,9801,NULL,,Y,37.47841,37,28.705,NULL,-82.51556,82,30.934,NULL,N,NULL,NULL,NULL,NULL,NULL,NULL,NULL,NULL,2,97,2,6,1,1,2,2,1,3,N,NULL,Y,N,1648,1650,1650,N,NULL,90,,0,N,,N,N,098-KY-1426-0,NULL,NULL,2023,O,7.29681E+11,098-KY-1426  -000,HIGH,098-KY-1426  -000,6.255,0,0,0,1,0,0,1,0,0,0,0,0,0
72906438,KSP0900,23-209453,20230602,1635,,,FORDS BRANCH,N,ST,,,0,098 CR-1267DD,CR1267DD,N,N,NULL,NULL,NULL,N,NULL,NULL,NULL,NULL,NULL,NULL,0.073,NULL,NULL,NULL,NULL,,NULL,1,0,1,1,N,N,5,NULL,98,9824,NULL,,Y,37.43433,37,26.06,NULL,-82.51136,82,30.682,NULL,N,NULL,NULL,NULL,NULL,NULL,NULL,NULL,NULL,9,97,1,6,3,1,2,2,7,3,Y,NULL,Y,Y,1638,1650,,N,NULL,44,,,N,,N,N,098-CR-1267DD-0,NULL,NULL,2023,B,7.29064E+11,098-CR-1267DD-000,HIGH,098-CR-1267DD-000,0.073,0,0,0,0,0,0,0,0,0,0,0,1,0
72975187,KSP0900,23-463208,20231118,1851,,,KY194,E,,KY0194,KY0194,0,098 KY-194,KY0194,N,N,NULL,NULL,NULL,N,NULL,NULL,NULL,NULL,NULL,NULL,55.464,NULL,NULL,NULL,NULL,,NULL,0,0,2,2,N,N,35,NULL,98,9804,NULL,,Y,37.51758,37,31.055,NULL,-82.15366,82,9.22,NULL,N,NULL,NULL,NULL,NULL,NULL,NULL,NULL,NULL,5,3,2,6,1,1,2,6,7,3,N,NULL,Y,N,1851,1920,2000,N,NULL,49,7,0,N,,N,N,098-KY-0194-0,NULL,NULL,2023,O,7.29752E+11,098-KY-0194  -000,HIGH,098-KY-0194  -000,55.462,0,0,0,0,0,0,1,0,0,0,0,0,0
72966513,KSP0900,23-435713,20231025,1320,,,US119,,,US0119,US0119,0,098 US-119-10,US0119,N,N,NULL,NULL,NULL,N,NULL,NULL,NULL,NULL,NULL,NULL,23.9,NULL,NULL,NULL,NULL,,NULL,0,0,2,2,N,N,55,NULL,98,9834,NULL,,Y,37.65434,37,39.26,NULL,-82.26935,82,16.161,NULL,N,NULL,NULL,NULL,NULL,NULL,NULL,NULL,NULL,1,3,4,6,1,1,2,2,7,3,N,NULL,Y,N,1320,1325,1340,N,NULL,55,2,1,N,,N,N,098-US-0119-10,NULL,NULL,2023,O,7.29665E+11,098-US-0119  -010,HIGH,098-US-0119  -000,23.898,0,0,0,1,0,0,1,1,0,0,0,0,0
72906279,980100,2.023E+11,20230525,1504,,151,KY3496,,,KY3496,KY3496,0,098 KY-3496,KY3496,N,N,NULL,NULL,NULL,N,NULL,NULL,NULL,NULL,NULL,NULL,0.78,NULL,NULL,NULL,NULL,,NULL,3,0,2,2,N,N,35,NULL,98,9801,NULL,,Y,37.47206,37,28.324,NULL,-82.52988,82,31.793,NULL,N,NULL,NULL,NULL,NULL,NULL,NULL,NULL,NULL,1,3,2,6,1,1,2,2,1,3,N,NULL,Y,Y,1504,1508,1537,N,NULL,55,16,0,Y,,N,N,098-KY-3496-0,NULL,NULL,2023,B,7.29063E+11,098-KY-3496  -000,HIGH,098-KY-3496  -000,0.78,0,0,0,1,0,0,0,0,0,1,0,1,0
72975919,KSP0900,23-465579,20231120,1941,,,UPPER JOHNS,,CRK,KY0632,KY0632,0,098 KY-632,KY0632,Y,N,NULL,NULL,NULL,N,NULL,NULL,NULL,NULL,NULL,NULL,0.055,NULL,NULL,NULL,NULL,,NULL,0,0,2,2,N,N,10,NULL,98,9817,NULL,,Y,37.49754,37,29.852,NULL,-82.3485,82,20.91,NULL,N,NULL,NULL,NULL,NULL,NULL,NULL,NULL,NULL,2,97,2,6,1,1,2,7,1,3,N,NULL,N,N,1941,2010,2010,N,NULL,90,6,0,N,,N,N,098-KY-0632-0,NULL,NULL,2023,O,7.29759E+11,098-KY-0632  -000,HIGH,098-KY-0632  -000,0.053,0,0,0,0,0,0,1,0,0,0,0,0,0
72924562,KSP0900,23-329543,20230718,1927,,,GRAPEVINE,,RD,KY0194,KY0194,0,098 KY-194,KY0194,N,N,NULL,NULL,NULL,N,NULL,NULL,NULL,NULL,NULL,NULL,29.7,NULL,NULL,NULL,NULL,,NULL,0,0,1,1,N,N,55,NULL,98,9849,NULL,,Y,37.45881,37,27.529,NULL,-82.35733,82,21.44,NULL,N,NULL,NULL,NULL,NULL,NULL,NULL,NULL,NULL,9,3,2,2,1,5,6,2,7,3,N,NULL,Y,N,1927,2009,2030,N,NULL,44,7,0,N,,N,N,098-KY-0194-0,NULL,NULL,2023,O,7.29246E+11,098-KY-0194  -000,HIGH,098-KY-0194  -000,29.701,0,0,0,0,0,0,0,0,0,0,0,1,0