MasterFile,AgencyORINumber,LocalCode,CollisionDate,CollisionTime,CollisionDayWeekCode,RoadwayName_HouseBusinessNumber_,RoadwayName_RoadwayName_,RoadwayName_Direction_,RoadwayName_RoadwaySuffix_,RoadwayfromReport,CurrentRoadwayNumber,RoadwayNumberCoupletID,RSEUniqueGIS,RoadwayIdentifier,ParkingLotIndicator,IntersectionWith_Indicator_,IntersectionWith_NameRoadway_,IntersectionWith_Direction_,IntersectionWith_RoadwaySuffix_,BetweenStreets_Indicator_,BetweenStreets1_NameRoadway_,BetweenStreet1_Direction_,BetweenStreets1_RoadwaySuffix_,BetweenStreets2_NameRoadway_,BetweenStreets2_Direction_,BetweenStreets2_RoadwaySuffix_,Milepoint,ReportMilepointDeriveNumber,CurrentDerivedMiepointNumber,MilestoMilepoint,FeettoMilepoint,DirectionfromMilepoint_NSEW_,ValidMilepointIndicator,NumberInjured,NumberKilled,ofUnits,ofMotorVehicleUnits,Hit&RunIndicator,OneWayIndicator,SpeedLimitNumber,KilometersIndicator,CountyCode,CityCountyCode,MilesFromCity,DirectionFromCity_NSEW_,InCityLimitsIndicator,Latitude,LatitudeDegrees,LatitudeMinutes,LatitudeSeconds,Longitude,LongitudeDegrees,LongitudeMinutes,LongitudeSeconds,RampIndicator,RampFromIdentifier,RampFromDirCode,RampFromCoupletID,RSEUniqueGISRampFrom,RampToidentifier,RampToDirCode,RampToCoupletID,RSEUniqueGisRampTo,MannerofCollisionCode,LocationFirstEventCode,TotalLanes,RoadwayCharacterCode,RoadwaySurfaceCode,RoadwayConditionCode,WeatherCode,LightConditionCode,LandUseCode,SchoolBusRelatedCode,FirstAidSceneIndicator,CollDescPresentInd,InvestigationCompleteIndicator,PhotosTakenIndicator,TimeNotified,TimeArrived,TimeRoadwayOpened,PropertyDamageIndicator,DiagramPresentIndicator,DirectionalAnalysis,FunctionClassCode,NationalHwySysCode,EnforcementsIndicator,KARSCityCode,SecondaryCollisionIndicator,MedianCrossoverIndicator,RT_UNIQUE,MapIt,TimeLastLeft,YR,KABCO,MFNY,WorkingRID,RT_CONFIDENCE,KTC_RT,KTC_MP,Motorcyclist,CommercialVehicle,YoungDriver,MatureDriver,pedestrian,Bicyclist,Distracted,agressive,Impaired,Unrestrained,Intersection,RoadwayDeparture,MedXover
72969516,KSP0900,23-446854,20231104,2203,,,KY3218,,,KY3218,KY3218,0,098 KY-3218,KY3218,N,N,NULL,NULL,NULL,N,NULL,NULL,NULL,NULL,NULL,NULL,3,NULL,NULL,NULL,NULL,,NULL,1,0,1,1,N,N,55,NULL,98,9807,NULL,,Y,37.55925,37,33.555,NULL,-82.55943,82,33.566,NULL,N,NULL,NULL,NULL,NULL,NULL,NULL,NULL,NULL,9,5,2,1,1,1,2,6,7,3,Y,NULL,Y,Y,2205,2243,2339,N,NULL,44,8,0,Y,,N,N,098-KY-3218-0,NULL,NULL,2023,B,7.29695E+11,098-KY-3218  -000,HIGH,098-KY-3218  -000,2.993,0,0,0,0,0,0,0,0,1,0,0,1,0
72948975,980100,2.023E+11,20230910,1443,,,KY3496,,,KY3496,KY3496,0,098 KY-3496,KY3496,N,N,NULL,NULL,NULL,N,NULL,NULL,NULL,NULL,NULL,NULL,0.668,NULL,NULL,NULL,NULL,,NULL,1,0,2,2,N,N,35,NULL,98,9801,NULL,,Y,37.4718,37,28.308,NULL,-82.53192,82,31.915,NULL,N,NULL,NULL,NULL,NULL,NULL,NULL,NULL,NULL,1,3,2,6,1,1,3,2,1,3,Y,NULL,Y,Y,1443,1447,1513,N,NULL,55,16,0,N,,N,N,098-KY-3496-0,NULL,NULL,2023,C,7.2949E+11,098-KY-3496  -000,HIGH,098-KY-3496  -000,0.676,0,0,0,0,0,0,1,0,0,0,0,0,0
72958466,980100,2.023E+11,20231012,1750,,,US23,,,US0023,US0023,0,098 US-23,US0023,N,N,NULL,NULL,NULL,N,NULL,NULL,NULL,NULL,NULL,NULL,23.979,NULL,NULL,NULL,NULL,,NULL,0,0,2,2,N,N,45,NULL,98,9801,NULL,,Y,37.47546,37,28.527,NULL,-82.53823,82,32.294,NULL,N,NULL,NULL,NULL,NULL,NULL,NULL,NULL,NULL,5,3,4,6,1,1,2,2,2,3,N,NULL,Y,N,1750,1759,1759,N,NULL,49,,1,N,,N,N,098-US-0023-0,NULL,NULL,2023,O,7.29585E+11,098-US-0023  -000,HIGH,098-US-0023  -000,23.912,0,0,0,0,0,0,1,1,0,0,0,0,0
72896546,KSP0900,23-170963,20230505,2157,,,KY194,E,,KY0194,KY0194,0,098 KY-194,KY0194,N,N,NULL,NULL,NULL,N,NULL,NULL,NULL,NULL,NULL,NULL,20.945,NULL,NULL,NULL,NULL,,NULL,0,0,2,2,Y,N,55,NULL,98,9820,NULL,,Y,37.53915,37,32.349,NULL,-82.39367,82,23.62,NULL,N,NULL,NULL,NULL,NULL,NULL,NULL,NULL,NULL,7,3,2,6,1,1,2,6,7,3,N,NULL,N,N,2157,2211,2211,N,NULL,54,6,0,N,,N,N,098-KY-0194-0,NULL,NULL,2023,O,7.28965E+11,098-KY-0194  -000,HIGH,098-KY-0194  -000,20.974,0,0,0,0,0,0,1,0,0,0,0,1,0
72962831,980100,2.023E+11,20231023,755,,911,BYPASS,S,RD,KY1426,KY1426,0,098 KY-1426,KY1426,Y,N,NULL,NULL,NULL,N,NULL,NULL,NULL,NULL,NULL,NULL,5.674,NULL,NULL,NULL,NULL,,NULL,0,0,2,2,N,N,15,NULL,98,9801,NULL,,Y,37.47269,37,28.362,NULL,-82.52314,82,31.389,NULL,N,NULL,NULL,NULL,NULL,NULL,NULL,NULL,NULL,2,97,2,6,1,1,3,2,1,3,N,NULL,Y,N,755,800,820,N,NULL,90,,0,N,,N,N,098-KY-1426-0,NULL,NULL,2023,O,7.29628E+11,098-KY-1426  -000,HIGH,098-KY-1426  -000,5.674,0,0,0,0,0,0,0,0,0,0,0,0,0
72907374,KSP0900,23-213344,20230605,850,,,US119,,,US0119,US0119,0,098 US-119,US0119,N,N,NULL,NULL,NULL,N,NULL,NULL,NULL,NULL,NULL,NULL,25.285,NULL,NULL,NULL,NULL,,NULL,0,0,2,2,N,N,55,NULL,98,9834,NULL,,Y,37.6736,37,40.416,NULL,-82.28143,82,16.885,NULL,N,NULL,NULL,NULL,NULL,NULL,NULL,NULL,NULL,5,3,3,6,1,1,2,2,7,3,N,NULL,Y,N,850,850,850,N,NULL,70,2,1,N,,N,N,098-US-0119-0,NULL,NULL,2023,O,7.29074E+11,098-US-0119  -000,HIGH,098-US-0119  -000,25.439,0,0,0,1,0,0,1,0,0,0,0,0,0
72944310,KSP0900,23-378332,20230901,1700,,,US119,,,US0119,US0119,0,098 US-119,US0119,N,N,NULL,NULL,NULL,N,NULL,NULL,NULL,NULL,NULL,NULL,NULL,NULL,NULL,NULL,NULL,,NULL,0,0,2,2,N,N,45,NULL,98,9834,NULL,,Y,37.66385,37,39.831,NULL,-82.27287,82,16.373,NULL,N,NULL,NULL,NULL,NULL,NULL,NULL,NULL,NULL,8,3,2,3,1,1,2,2,7,3,N,NULL,N,N,1700,1700,1700,N,NULL,53,2,1,N,,N,N,098-US-0119-0,NULL,NULL,2023,O,7.29443E+11,098-US-0119  -000,HIGH,098-US-0119  -000,24.625,0,0,0,1,0,0,0,0,0,0,0,1,0
72991951,KSP0900,23-502960,20231226,1634,,,KY1056,,,KY1056,KY1056,0,098 KY-1056,KY1056,N,N,NULL,NULL,NULL,N,NULL,NULL,NULL,NULL,NULL,NULL,8.959,NULL,NULL,NULL,NULL,,NULL,0,0,2,2,N,N,55,NULL,98,9863,NULL,,Y,37.59428,37,35.657,NULL,-82.16962,82,10.177,NULL,N,NULL,NULL,NULL,NULL,NULL,NULL,NULL,NULL,7,3,2,3,1,5,6,2,7,3,N,NULL,Y,N,1634,1704,1730,N,NULL,54,7,0,N,,N,N,098-KY-1056-0,NULL,NULL,2023,O,7.2992E+11,098-KY-1056  -000,HIGH,098-KY-1056  -000,8.998,0,0,0,0,0,0,0,0,0,0,0,1,0
72970212,KSP0900,23-448226,20231106,624,,,US23,S,,US0023,US0023,,,,N,N,NULL,NULL,NULL,N,NULL,NULL,NULL,NULL,NULL,NULL,10.228,NULL,NULL,NULL,NULL,,NULL,0,0,1,1,N,N,55,NULL,98,9827,NULL,,Y,37.34166,37,20.5,NULL,-82.55202,82,33.121,NULL,N,NULL,NULL,NULL,NULL,NULL,NULL,NULL,NULL,9,3,4,6,1,1,2,2,7,3,N,NULL,Y,N,624,647,647,N,NULL,38,,1,N,,N,N,,NULL,NULL,2023,O,7.29702E+11,098-US-0023  -000,MEDIUM,098-US-0023  -000,10.222,0,0,0,0,0,0,0,0,0,0,0,0,0
72904048,980100,2.023E+11,20230527,2039,,,THOMPSON,,RD,,,0,098 CS-1215,CS1215,N,N,NULL,NULL,NULL,N,NULL,NULL,NULL,NULL,NULL,NULL,0.739,NULL,NULL,NULL,NULL,,NULL,0,0,1,1,N,N,35,NULL,98,9801,NULL,,Y,37.50456,37,30.274,NULL,-82.53976,82,32.386,NULL,N,NULL,NULL,NULL,NULL,NULL,NULL,NULL,NULL,9,3,2,6,1,5,6,3,1,3,N,NULL,Y,N,2039,2058,,N,NULL,38,,,N,,N,N,098-CS-1215-0,NULL,NULL,2023,O,7.2904E+11,098-CS-1215  -000,HIGH,098-CS-1215  -000,0.749,0,0,0,0,0,0,0,0,0,0,0,0,0
72987187,980000,23-12-003,20231215,1745,,612,"STATE ROUTE 612,TURKEY CREEK KY",,,,,,,,N,N,NULL,NULL,NULL,N,NULL,NULL,NULL,NULL,NULL,NULL,NULL,NULL,NULL,NULL,NULL,NULL,NULL,0,0,2,2,Y,N,35,NULL,98,9826,0.4,N,N,37.67179,37,40.308,NULL,-82.30553,82,18.332,NULL,N,NULL,NULL,NULL,NULL,NULL,NULL,NULL,NULL,5,3,2,1,1,1,2,2,7,3,N,NULL,Y,N,1805,1810,1840,N,NULL,49,,,N,,N,N,,NULL,NULL,2023,O,7.29872E+11,098-KY-0612  -000,MEDIUM,098-KY-0612  -000,8.229,0,0,0,0,0,0,0,0,0,0,0,0,0
72987314,KSP0900,23-494454,20231218,657,,,US460,,,US0460,US0460,0,098 US-460,US0460,Y,N,NULL,NULL,NULL,N,NULL,NULL,NULL,NULL,NULL,NULL,9.356,NULL,NULL,NULL,NULL,,NULL,1,0,1,1,N,N,5,NULL,98,9822,NULL,,Y,37.36846,37,22.108,NULL,-82.41405,82,24.843,NULL,N,NULL,NULL,NULL,NULL,NULL,NULL,NULL,NULL,9,97,1,6,1,5,6,3,1,3,Y,NULL,N,Y,640,657,730,Y,NULL,90,,1,N,,N,N,098-US-0460-0,NULL,NULL,2023,C,7.29873E+11,098-US-0460  -000,HIGH,098-US-0460  -000,9.337,0,0,0,0,0,0,1,0,0,0,0,1,0
72909696,KSP0900,23-219549,20230609,1609,,,WALKER MCCOY,,DR,,,0,098 PR-1055,PR1055,Y,N,NULL,NULL,NULL,N,NULL,NULL,NULL,NULL,NULL,NULL,0.144,NULL,NULL,NULL,NULL,,NULL,1,0,2,1,N,N,NULL,NULL,98,9834,NULL,,Y,37.66129,37,39.678,NULL,-82.27223,82,16.334,NULL,N,NULL,NULL,NULL,NULL,NULL,NULL,NULL,NULL,9,97,NULL,6,1,1,2,2,5,3,Y,NULL,Y,Y,1611,1619,1619,N,NULL,90,,,N,,N,N,098-PR-1055-0,NULL,NULL,2023,C,7.29097E+11,098-PR-1055  -000,HIGH,098-PR-1055  -000,0.139,0,0,0,0,1,0,1,0,0,0,0,0,0
72954938,KSP0900,23-413157,20231004,4,,,BEAVER CREEK,,RD,KY1373,KY1373,0,098 KY-1373,KY1373,N,N,NULL,NULL,NULL,N,NULL,NULL,NULL,NULL,NULL,NULL,0.457,NULL,NULL,NULL,NULL,,NULL,4,0,1,1,N,N,55,NULL,98,9802,NULL,,Y,37.31515,37,18.909,NULL,-82.35122,82,21.073,NULL,N,NULL,NULL,NULL,NULL,NULL,NULL,NULL,NULL,9,5,2,3,1,1,2,6,6,3,Y,NULL,Y,Y,6,20,152,N,NULL,51,8,0,N,,N,N,098-KY-1373-0,NULL,NULL,2023,B,7.29549E+11,098-KY-1373  -000,HIGH,098-KY-1373  -000,0.454,0,0,0,0,0,0,1,0,0,0,0,1,0
72975608,KSP0900,23-216161,20230607,615,,,KY194,,,KY0194,KY0194,0,098 KY-194,KY0194,N,N,NULL,NULL,NULL,N,NULL,NULL,NULL,NULL,NULL,NULL,17.296,NULL,NULL,NULL,NULL,,NULL,0,1,1,1,N,N,55,NULL,98,9820,NULL,,Y,37.5604,37,33.624,NULL,-82.43575,82,26.145,NULL,N,NULL,NULL,NULL,NULL,NULL,NULL,NULL,NULL,9,3,2,3,1,5,5,6,7,3,Y,NULL,Y,Y,624,648,1000,N,NULL,44,7,0,N,,N,N,098-KY-0194-0,NULL,NULL,2023,K,7.29756E+11,098-KY-0194  -000,HIGH,098-KY-0194  -000,17.296,0,0,0,0,0,0,1,0,0,1,0,1,0
72972165,980100,2.023E+11,20231107,1530,,,COLLEGE,S,ST,,,,,,N,N,NULL,NULL,NULL,N,NULL,NULL,NULL,NULL,NULL,NULL,NULL,NULL,NULL,NULL,NULL,NULL,NULL,0,0,2,2,Y,N,15,NULL,98,9801,NULL,,Y,37.47598,37,28.559,NULL,-82.52306,82,31.384,NULL,N,NULL,NULL,NULL,NULL,NULL,NULL,NULL,NULL,8,3,1,6,2,1,2,2,6,3,N,NULL,Y,N,1530,1530,,N,NULL,47,,,N,,N,N,,NULL,NULL,2023,O,7.29722E+11,098-CS-1152  -000,MEDIUM,098-CS-1152  -000,0.031,0,0,0,0,0,0,0,0,0,0,0,0,0
72989488,KSP0900,23-499524,20231222,1827,,,US23,,,US0023,US0023,0,098 US-23-10,US0023,N,N,NULL,NULL,NULL,N,NULL,NULL,NULL,NULL,NULL,NULL,28.981,NULL,NULL,NULL,NULL,,NULL,0,0,2,2,N,N,55,NULL,98,9807,NULL,,Y,37.52293,37,31.376,NULL,-82.57266,82,34.36,NULL,N,NULL,NULL,NULL,NULL,NULL,NULL,NULL,NULL,7,97,4,6,1,1,2,5,1,3,N,NULL,Y,N,1835,1842,,N,NULL,47,,1,N,,N,N,098-US-0023-10,NULL,NULL,2023,O,7.29895E+11,098-US-0023  -010,HIGH,098-US-0023  -000,28.956,0,0,0,0,0,0,0,0,0,0,0,0,0
72966109,KSP0900,23-434958,20231024,1800,,,GOODY,,LOOP,,,0,098 PR-1024,PR1024,Y,N,NULL,NULL,NULL,N,NULL,NULL,NULL,NULL,NULL,NULL,0.018,NULL,NULL,NULL,NULL,,NULL,0,0,2,2,Y,N,NULL,NULL,98,9834,NULL,,Y,37.65991,37,39.595,NULL,-82.2729,82,16.374,NULL,N,NULL,NULL,NULL,NULL,NULL,NULL,NULL,NULL,7,3,NULL,6,1,1,2,2,5,3,N,NULL,Y,N,1800,1800,1800,N,NULL,90,,,N,,N,N,098-PR-1024-0,NULL,NULL,2023,NULL,7.29661E+11,098-PR-1024  -000,HIGH,098-PR-1024  -000,0.018,0,0,0,0,0,0,0,0,0,0,0,0,0
72984299,980500,2023AR063,20231208,1020,,3889,MAYO TRAIL,N,,,,,,,Y,N,NULL,NULL,NULL,N,NULL,NULL,NULL,NULL,NULL,NULL,NULL,NULL,NULL,NULL,NULL,NULL,NULL,0,0,2,2,N,N,NULL,NULL,98,9807,NULL,,Y,37.51979,37,31.188,NULL,-82.56843,82,34.106,NULL,N,NULL,NULL,NULL,NULL,NULL,NULL,NULL,NULL,2,97,2,6,1,1,2,2,5,3,N,NULL,Y,Y,1020,1020,1020,N,NULL,90,,,N,,N,N,,NULL,NULL,2023,O,7.29843E+11,098-US-0023  -010,MEDIUM,098-US-0023  -000,28.647,0,0,0,0,0,0,1,0,0,0,0,0,0
72987592,980100,2.023E+11,20231212,1220,,,OWSLEY,,RD,KY1384,KY1384,0,098 KY-1384,KY1384,N,N,NULL,NULL,NULL,N,NULL,NULL,NULL,NULL,NULL,NULL,7.127,NULL,NULL,NULL,NULL,,NULL,0,0,2,2,N,N,45,NULL,98,9801,NULL,,Y,37.48029,37,28.818,NULL,-82.53699,82,32.219,NULL,N,NULL,NULL,NULL,NULL,NULL,NULL,NULL,NULL,1,3,4,6,1,1,2,2,1,3,N,NULL,Y,N,1221,1222,1232,N,NULL,55,16,0,N,,N,N,098-KY-1384-0,NULL,NULL,2023,O,7.29876E+11,098-KY-1384  -000,HIGH,098-KY-1384  -000,7.149,0,0,0,1,0,0,1,0,0,0,0,0,0
72905597,KSP0900,23-206633,20230531,1633,,,LICK,,BR,,,0,098 CR-1261,CR1261,N,N,NULL,NULL,NULL,N,NULL,NULL,NULL,NULL,NULL,NULL,0.202,NULL,NULL,NULL,NULL,,NULL,0,0,2,2,N,N,35,NULL,98,9824,NULL,,Y,37.41488,37,24.892,NULL,-82.48605,82,29.163,NULL,N,NULL,NULL,NULL,NULL,NULL,NULL,NULL,NULL,7,3,1,3,1,1,2,2,7,3,N,NULL,Y,N,1633,1710,1715,N,NULL,54,,,N,,N,N,098-CR-1261-0,NULL,NULL,2023,O,7.29056E+11,098-CR-1261  -000,HIGH,098-CR-1261  -000,0.188,0,0,0,1,0,0,0,0,0,0,0,1,0
72972501,980100,2.023E+11,20231106,1017,,,CASSIDY,,BLVD,,,0,098 CS-1191,CS1191,N,N,NULL,NULL,NULL,N,NULL,NULL,NULL,NULL,NULL,NULL,0.276,NULL,NULL,NULL,NULL,,NULL,0,0,2,2,N,N,15,NULL,98,9801,NULL,,Y,37.5048,37,30.288,NULL,-82.53637,82,32.182,NULL,N,NULL,NULL,NULL,NULL,NULL,NULL,NULL,NULL,5,97,2,3,1,1,2,2,1,3,N,NULL,Y,N,1018,1025,,N,NULL,49,,,N,,N,N,098-CS-1191-0,NULL,NULL,2023,O,7.29725E+11,098-CS-1191  -000,HIGH,098-CS-1191  -000,0.262,0,0,1,0,0,0,1,0,0,0,0,0,0
72979531,KSP0900,23-466141,20231121,1300,,,US119,,,US0119,US0119,0,098 US-119,US0119,N,N,NULL,NULL,NULL,N,NULL,NULL,NULL,NULL,NULL,NULL,24.637,NULL,NULL,NULL,NULL,,NULL,0,0,2,2,N,N,40,NULL,98,9834,NULL,,Y,37.66398,37,39.839,NULL,-82.27326,82,16.396,NULL,N,NULL,NULL,NULL,NULL,NULL,NULL,NULL,NULL,5,3,4,6,1,5,6,2,7,3,N,NULL,N,N,1300,1313,1325,N,NULL,70,2,1,N,,N,N,098-US-0119-0,NULL,NULL,2023,O,7.29795E+11,098-US-0119  -000,HIGH,098-US-0119  -000,24.636,0,0,0,1,0,0,1,0,0,0,0,0,0
72972693,980100,2.023E+11,20231105,17,,,US23,,,US0023,US0023,0,098 US-23,US0023,N,N,NULL,NULL,NULL,N,NULL,NULL,NULL,NULL,NULL,NULL,22.177,NULL,NULL,NULL,NULL,,NULL,1,0,2,2,N,N,55,NULL,98,9801,NULL,,Y,37.4598,37,27.588,NULL,-82.51691,82,31.014,NULL,N,NULL,NULL,NULL,NULL,NULL,NULL,NULL,NULL,8,3,4,6,1,1,2,6,7,3,Y,NULL,Y,Y,17,20,148,N,NULL,53,,1,Y,,N,N,098-US-0023-0,NULL,NULL,2023,B,7.29727E+11,098-US-0023  -000,HIGH,098-US-0023  -000,22.113,0,0,1,0,0,0,0,0,1,0,0,1,0
72903380,980100,2.023E+11,20230519,2154,,,BYPASS,S,RD,KY1426,KY1426,,,,Y,N,NULL,NULL,NULL,N,NULL,NULL,NULL,NULL,NULL,NULL,5.685,NULL,NULL,NULL,NULL,,NULL,0,0,2,2,N,N,NULL,NULL,98,9801,NULL,,Y,37.47275,37,28.365,NULL,-82.52293,82,31.376,NULL,N,NULL,NULL,NULL,NULL,NULL,NULL,NULL,NULL,2,97,NULL,6,1,1,3,5,1,3,N,NULL,N,N,2154,2158,2158,N,NULL,90,,0,N,,N,N,,NULL,NULL,2023,O,7.29034E+11,098-KY-1426  -000,MEDIUM,098-KY-1426  -000,5.686,0,0,0,0,0,0,1,0,0,0,0,0,0
72925890,980100,2.023E+11,20230718,1502,,,RATLIFF,,LN,,,0,098 CS-1227,CS1227,Y,N,NULL,NULL,NULL,N,NULL,NULL,NULL,NULL,NULL,NULL,0.075,NULL,NULL,NULL,NULL,,NULL,0,0,2,2,N,N,NULL,NULL,98,9801,NULL,,Y,37.46944,37,28.166,NULL,-82.52029,82,31.218,NULL,N,NULL,NULL,NULL,NULL,NULL,NULL,NULL,NULL,7,97,NULL,6,1,1,2,2,5,3,N,NULL,Y,N,1502,1507,1528,N,NULL,90,,,Y,,N,N,098-CS-1227-0,NULL,NULL,2023,O,7.29259E+11,098-CS-1227  -000,HIGH,098-CS-1227  -000,0.089,0,0,0,0,0,0,1,0,0,0,0,0,0
72969526,KSP0900,23-446835,20231104,2140,,,VENTERS,,LN,,,0,098 CR-1415,CR1415,Y,N,NULL,NULL,NULL,N,NULL,NULL,NULL,NULL,NULL,NULL,0.268,NULL,NULL,NULL,NULL,,NULL,0,0,2,2,N,N,NULL,NULL,98,9801,NULL,,Y,37.53972,37,32.383,NULL,-82.59753,82,35.852,NULL,N,NULL,NULL,NULL,NULL,NULL,NULL,NULL,NULL,2,97,NULL,5,3,1,2,6,1,3,N,NULL,N,N,2142,2157,2210,N,NULL,90,,,N,,N,N,098-CR-1415-0,NULL,NULL,2023,O,7.29695E+11,098-CR-1415  -000,MEDIUM,098-CR-1415  -000,0,0,0,0,1,0,0,0,0,0,0,0,0,0
72918813,980100,2.023E+11,20230627,1809,,254,CASSIDY,,BLVD,,,0,098 CS-1191,CS1191,Y,N,NULL,NULL,NULL,N,NULL,NULL,NULL,NULL,NULL,NULL,0.366,NULL,NULL,NULL,NULL,,NULL,0,0,2,2,N,N,NULL,NULL,98,9801,NULL,,Y,37.50506,37,30.304,NULL,-82.53815,82,32.289,NULL,N,NULL,NULL,NULL,NULL,NULL,NULL,NULL,NULL,2,97,NULL,6,1,1,2,2,1,3,N,NULL,Y,N,1809,1817,1817,N,NULL,90,,,N,,N,N,098-CS-1191-0,NULL,NULL,2023,O,7.29188E+11,098-CS-1191  -000,HIGH,098-CS-1191  -000,0.371,0,0,0,1,0,0,1,0,0,0,0,0,0
72931007,980100,2.023E+11,20230805,1741,,,CASSIDY,,BLVD,,,,,,N,N,NULL,NULL,NULL,N,NULL,NULL,NULL,NULL,NULL,NULL,0.296,NULL,NULL,NULL,NULL,,NULL,0,0,2,2,N,N,35,NULL,98,9801,NULL,,Y,37.50536,37,30.322,NULL,-82.53681,82,32.209,NULL,N,NULL,NULL,NULL,NULL,NULL,NULL,NULL,NULL,1,3,3,6,1,1,2,2,1,3,N,NULL,Y,N,1741,1750,,N,NULL,55,,,N,,N,N,,NULL,NULL,2023,O,7.2931E+11,098-CS-1191  -000,MEDIUM,098-CS-1191  -000,0.301,0,0,0,0,0,0,1,1,0,0,0,0,0
72945047,KSP0900,23-380300,20230903,1232,,,GOODY,,LOOP,,,0,098 PR-1024,PR1024,Y,N,NULL,NULL,NULL,N,NULL,NULL,NULL,NULL,NULL,NULL,0.012,NULL,NULL,NULL,NULL,,NULL,0,0,2,2,N,N,NULL,NULL,98,9834,NULL,,Y,37.65863,37,39.518,NULL,-82.27134,82,16.28,NULL,N,NULL,NULL,NULL,NULL,NULL,NULL,NULL,NULL,3,97,NULL,6,1,1,2,2,1,3,N,NULL,Y,N,1235,1325,1235,N,NULL,90,,,N,,N,N,098-PR-1024-0,NULL,NULL,2023,O,7.2945E+11,098-PR-1024  -000,HIGH,098-PR-1024  -000,0.102,0,0,0,1,0,0,1,0,0,0,0,0,0
72884138,KSP0900,23-131144,20230406,2113,,,BUCK,,BR,,,0,098 CR-1308,CR1308,Y,N,NULL,NULL,NULL,N,NULL,NULL,NULL,NULL,NULL,NULL,0.002,NULL,NULL,NULL,NULL,,NULL,0,0,1,1,N,N,55,NULL,98,9801,NULL,,Y,37.44758,37,26.855,NULL,-82.47987,82,28.793,NULL,N,NULL,NULL,NULL,NULL,NULL,NULL,NULL,NULL,9,97,NULL,3,1,1,2,6,7,3,N,NULL,N,N,2052,2058,2058,Y,NULL,90,,,N,,N,N,098-CR-1308-0,NULL,NULL,2023,O,7.28841E+11,098-CR-1308  -000,HIGH,098-CR-1308  -000,0,0,0,0,0,0,0,0,0,1,1,0,1,0
72987530,KSP0900,23-495166,20231218,1823,,,US23,,,US0023,US0023,0,098 US-23,US0023,N,N,NULL,NULL,NULL,N,NULL,NULL,NULL,NULL,NULL,NULL,8.871,NULL,NULL,NULL,NULL,,NULL,0,0,2,2,N,N,55,NULL,98,9809,6,N,N,37.32431,37,19.458,NULL,-82.55872,82,33.523,NULL,N,NULL,NULL,NULL,NULL,NULL,NULL,NULL,NULL,5,3,4,3,1,4,9,6,7,3,N,NULL,Y,Y,1823,1854,1918,N,NULL,49,,1,N,,N,N,098-US-0023-0,NULL,NULL,2023,O,7.29875E+11,098-US-0023  -000,HIGH,098-US-0023  -000,8.863,0,0,0,0,0,0,0,0,0,0,0,0,0
72943283,980100,2.023E+11,20230905,1124,,,US119,,,US0119,US0119,0,098 US-119,US0119,Y,N,NULL,NULL,NULL,N,NULL,NULL,NULL,NULL,NULL,NULL,0.32,NULL,NULL,NULL,NULL,,NULL,0,0,2,2,N,N,15,NULL,98,9801,NULL,,Y,37.50523,37,30.314,NULL,-82.52664,82,31.598,NULL,N,NULL,NULL,NULL,NULL,NULL,NULL,NULL,NULL,7,97,2,6,3,1,2,2,5,3,N,NULL,Y,N,1124,1133,1133,Y,NULL,90,2,1,N,,N,N,098-US-0119-0,NULL,NULL,2023,O,7.29433E+11,098-US-0119  -000,HIGH,098-US-0119  -000,0.32,0,0,0,1,0,0,0,0,0,0,0,1,0
72937932,KSP0900,23-363635,20230819,150,,,LONG FORK,,RD,KY1758,KY1758,0,098 KY-1758,KY1758,N,N,NULL,NULL,NULL,N,NULL,NULL,NULL,NULL,NULL,NULL,5.634,NULL,NULL,NULL,NULL,,NULL,2,0,1,1,N,N,55,NULL,98,9817,NULL,,Y,37.46838,37,28.103,NULL,-82.26716,82,16.03,NULL,N,NULL,NULL,NULL,NULL,NULL,NULL,NULL,NULL,9,3,1,3,3,1,2,6,7,3,Y,NULL,Y,Y,227,303,351,N,NULL,44,8,0,N,,N,N,098-KY-1758-0,NULL,NULL,2023,A,7.29379E+11,098-KY-1758  -000,HIGH,098-KY-1758  -000,5.623,0,0,0,0,0,0,1,0,0,0,0,1,0
72893955,KSP0900,23-128275,20230404,1822,,,SKY VIEW,,DR,,,0,098 CR-1012,CR1012,N,N,NULL,NULL,NULL,N,NULL,NULL,NULL,NULL,NULL,NULL,0.026,NULL,NULL,NULL,NULL,,NULL,0,0,1,1,N,N,10,NULL,98,9834,NULL,,Y,37.68776,37,41.266,NULL,-82.30106,82,18.064,NULL,N,NULL,NULL,NULL,NULL,NULL,NULL,NULL,NULL,9,97,1,6,1,1,2,2,5,3,N,NULL,N,N,1822,1930,1930,N,NULL,40,,,N,,N,N,098-CR-1012-0,NULL,NULL,2023,O,7.2894E+11,098-CR-1012  -000,HIGH,098-CR-1012  -000,0.028,0,0,0,0,0,0,1,0,0,1,0,1,0
72945680,980100,2.023E+11,20230907,1211,,,HAROLDS BRANCH,,RD,,,0,098 CS-1223,CS1223,Y,N,NULL,NULL,NULL,N,NULL,NULL,NULL,NULL,NULL,NULL,0.037,NULL,NULL,NULL,NULL,,NULL,0,0,2,2,N,N,10,NULL,98,9801,NULL,,Y,37.47229,37,28.338,NULL,-82.52256,82,31.354,NULL,N,NULL,NULL,NULL,NULL,NULL,NULL,NULL,NULL,2,97,NULL,4,2,1,2,2,1,3,N,NULL,Y,N,1211,1218,1218,N,NULL,90,,,N,,N,N,098-CS-1223-0,NULL,NULL,2023,O,7.29457E+11,098-CS-1223  -000,HIGH,098-CS-1223  -000,0.037,0,0,0,1,0,0,1,0,0,0,0,0,0