MasterFile,AgencyORINumber,LocalCode,CollisionDate,CollisionTime,CollisionDayWeekCode,RoadwayName_HouseBusinessNumber_,RoadwayName_RoadwayName_,RoadwayName_Direction_,RoadwayName_RoadwaySuffix_,RoadwayfromReport,CurrentRoadwayNumber,RoadwayNumberCoupletID,RSEUniqueGIS,RoadwayIdentifier,ParkingLotIndicator,IntersectionWith_Indicator_,IntersectionWith_NameRoadway_,IntersectionWith_Direction_,IntersectionWith_RoadwaySuffix_,BetweenStreets_Indicator_,BetweenStreets1_NameRoadway_,BetweenStreet1_Direction_,BetweenStreets1_RoadwaySuffix_,BetweenStreets2_NameRoadway_,BetweenStreets2_Direction_,BetweenStreets2_RoadwaySuffix_,Milepoint,ReportMilepointDeriveNumber,CurrentDerivedMiepointNumber,MilestoMilepoint,FeettoMilepoint,DirectionfromMilepoint_NSEW_,ValidMilepointIndicator,NumberInjured,NumberKilled,ofUnits,ofMotorVehicleUnits,Hit&RunIndicator,OneWayIndicator,SpeedLimitNumber,KilometersIndicator,CountyCode,CityCountyCode,MilesFromCity,DirectionFromCity_NSEW_,InCityLimitsIndicator,Latitude,LatitudeDegrees,LatitudeMinutes,LatitudeSeconds,Longitude,LongitudeDegrees,LongitudeMinutes,LongitudeSeconds,RampIndicator,RampFromIdentifier,RampFromDirCode,RampFromCoupletID,RSEUniqueGISRampFrom,RampToidentifier,RampToDirCode,RampToCoupletID,RSEUniqueGisRampTo,MannerofCollisionCode,LocationFirstEventCode,TotalLanes,RoadwayCharacterCode,RoadwaySurfaceCode,RoadwayConditionCode,WeatherCode,LightConditionCode,LandUseCode,SchoolBusRelatedCode,FirstAidSceneIndicator,CollDescPresentInd,InvestigationCompleteIndicator,PhotosTakenIndicator,TimeNotified,TimeArrived,TimeRoadwayOpened,PropertyDamageIndicator,DiagramPresentIndicator,DirectionalAnalysis,FunctionClassCode,NationalHwySysCode,EnforcementsIndicator,KARSCityCode,SecondaryCollisionIndicator,MedianCrossoverIndicator,RT_UNIQUE,MapIt,TimeLastLeft,YR,KABCO,MFNY,WorkingRID,RT_CONFIDENCE,KTC_RT,KTC_MP,Motorcyclist,CommercialVehicle,YoungDriver,MatureDriver,pedestrian,Bicyclist,Distracted,agressive,Impaired,Unrestrained,Intersection,RoadwayDeparture,MedXover
72986032,980100,2.023E+11,20231213,1320,,,US23,,,US0023,US0023,0,098 US-23-10,US0023,N,N,NULL,NULL,NULL,N,NULL,NULL,NULL,NULL,NULL,NULL,27.419,NULL,NULL,NULL,NULL,,NULL,0,0,2,2,N,N,55,NULL,98,9807,NULL,,Y,37.51101,37,30.661,NULL,-82.54954,82,32.972,NULL,N,NULL,NULL,NULL,NULL,NULL,NULL,NULL,NULL,5,3,4,6,1,1,2,2,7,3,N,NULL,Y,N,1320,1330,1330,N,NULL,70,,1,N,,N,N,098-US-0023-10,NULL,NULL,2023,O,7.2986E+11,098-US-0023  -010,HIGH,098-US-0023  -000,27.416,0,0,0,1,0,0,0,0,0,0,0,0,0
72957840,980100,2.023E+11,20230928,,,,BYPASS,S,RD,KY1426,KY1426,,,,N,N,NULL,NULL,NULL,N,NULL,NULL,NULL,NULL,NULL,NULL,5.533,NULL,NULL,NULL,NULL,,NULL,0,0,2,2,Y,N,45,NULL,98,9801,NULL,,Y,37.47239,37,28.343,NULL,-82.52567,82,31.54,NULL,N,NULL,NULL,NULL,NULL,NULL,NULL,NULL,NULL,4,3,2,6,1,1,2,2,1,3,N,NULL,Y,N,1639,1644,1737,N,NULL,70,,0,N,,N,N,,NULL,NULL,2023,O,7.29578E+11,098-KY-1426  -000,MEDIUM,098-KY-1426  -000,5.533,1,0,0,0,0,0,0,0,0,0,0,0,0
72915844,KSP0900,23-224108,20230612,2050,,,US460,,,US0460,US0460,0,098 US-460,US0460,N,N,NULL,NULL,NULL,N,NULL,NULL,NULL,NULL,NULL,NULL,5.779,NULL,NULL,NULL,NULL,,NULL,1,2,2,2,N,N,55,NULL,98,9824,NULL,,Y,37.40606,37,24.363,NULL,-82.43743,82,26.246,NULL,N,NULL,NULL,NULL,NULL,NULL,NULL,NULL,NULL,3,3,2,3,1,1,2,6,7,3,N,NULL,Y,Y,2113,2224,57,N,NULL,52,,1,N,,N,N,098-US-0460-0,NULL,NULL,2023,K,7.29158E+11,098-US-0460  -000,HIGH,098-US-0460  -000,5.778,0,0,0,0,0,0,0,1,1,1,0,1,0
72921088,KSP0900,23-313211,20230704,1249,,,CHLOE,,RD,KY1460,KY1460,,,,N,N,NULL,NULL,NULL,N,NULL,NULL,NULL,NULL,NULL,NULL,0.025,NULL,NULL,NULL,NULL,,NULL,0,0,2,2,N,N,45,NULL,98,9801,0.3,S,N,37.43171,37,25.903,NULL,-82.481,82,28.86,NULL,N,NULL,NULL,NULL,NULL,NULL,NULL,NULL,NULL,7,3,2,6,1,1,2,2,7,3,N,NULL,Y,N,1249,1333,1333,N,NULL,54,,0,N,,N,N,,NULL,NULL,2023,O,7.29211E+11,098-KY-1460  -000,HIGH,098-KY-1460  -000,0.024,0,0,0,0,0,0,1,0,0,0,0,1,0
72958967,980100,2.023E+11,20231010,928,,,US23,,,US0023,US0023,0,098 US-23,US0023,N,N,NULL,NULL,NULL,N,NULL,NULL,NULL,NULL,NULL,NULL,30.871,NULL,NULL,NULL,NULL,,NULL,0,0,2,2,N,N,55,NULL,98,9801,NULL,,Y,37.54111,37,32.466,NULL,-82.59147,82,35.488,NULL,N,NULL,NULL,NULL,NULL,NULL,NULL,NULL,NULL,8,3,4,3,1,1,2,2,7,3,N,NULL,Y,N,928,937,937,N,NULL,40,,1,N,,N,N,098-US-0023-0,NULL,NULL,2023,O,7.2959E+11,098-US-0023  -000,HIGH,098-US-0023  -000,30.875,0,0,0,0,0,0,0,0,0,0,0,1,0
72988181,980500,2023AR068,20231220,1211,,,WENDYS PARKING LOT,,,,,,,,Y,N,NULL,NULL,NULL,N,NULL,NULL,NULL,NULL,NULL,NULL,NULL,NULL,NULL,NULL,NULL,NULL,NULL,0,0,2,2,N,Y,15,NULL,98,9807,NULL,,Y,37.52127,37,31.276,NULL,-82.56787,82,34.072,NULL,N,NULL,NULL,NULL,NULL,NULL,NULL,NULL,NULL,8,97,1,6,1,1,2,2,5,3,N,NULL,Y,Y,1211,1215,1215,N,NULL,90,,,N,,N,N,,NULL,NULL,2023,O,7.29882E+11,098-US-0023  -000,MEDIUM,098-US-0023  -000,28.695,0,0,0,0,0,0,1,0,0,0,0,0,0
72962830,980100,2.0203E+12,20231022,1115,,,PIN OAK,,DR,,,0,098 CS-1207,CS1207,N,N,NULL,NULL,NULL,N,NULL,NULL,NULL,NULL,NULL,NULL,0.001,NULL,NULL,NULL,NULL,,NULL,0,0,1,1,N,N,15,NULL,98,9801,NULL,,Y,37.49387,37,29.632,NULL,-82.53708,82,32.225,NULL,N,NULL,NULL,NULL,NULL,NULL,NULL,NULL,NULL,9,97,2,6,1,1,2,2,6,3,N,NULL,Y,N,1115,1127,1206,N,NULL,70,,,N,,N,N,098-CS-1207-0,NULL,NULL,2023,O,7.29628E+11,098-CS-1207  -000,HIGH,098-CS-1207  -000,0,0,0,0,0,0,0,1,0,0,0,0,1,0
72976948,KSP0900,23-465457,20231120,1750,,,US460,,,US0460,US0460,0,098 US-460,US0460,N,N,NULL,NULL,NULL,N,NULL,NULL,NULL,NULL,NULL,NULL,4.479,NULL,NULL,NULL,NULL,,NULL,0,0,1,1,N,N,55,NULL,98,9824,NULL,,Y,37.41688,37,25.013,NULL,-82.4542,82,27.252,NULL,N,NULL,NULL,NULL,NULL,NULL,NULL,NULL,NULL,9,3,2,6,1,1,2,6,7,3,N,NULL,N,N,1800,1831,1900,N,NULL,44,,1,N,,N,N,098-US-0460-0,NULL,NULL,2023,O,7.29769E+11,098-US-0460  -000,HIGH,098-US-0460  -000,4.48,0,0,0,0,0,0,0,0,0,0,0,1,0
72943469,980100,2.023E+11,20230907,1756,,,CASSIDY,,BLVD,,,,,,Y,N,NULL,NULL,NULL,N,NULL,NULL,NULL,NULL,NULL,NULL,0.207,NULL,NULL,NULL,NULL,,NULL,0,0,2,2,Y,N,NULL,NULL,98,9801,NULL,,Y,37.50419,37,30.252,NULL,-82.53532,82,32.119,NULL,N,NULL,NULL,NULL,NULL,NULL,NULL,NULL,NULL,8,97,NULL,6,1,1,2,2,1,3,N,NULL,Y,N,1756,1802,1852,N,NULL,90,,,N,,N,N,,NULL,NULL,2023,NULL,7.29435E+11,098-CS-1191  -000,MEDIUM,098-CS-1191  -000,0.191,0,0,0,0,0,0,0,0,0,0,0,0,0
72930233,KSP0900,23-347731,20230804,1231,,,KY194,,,KY0194,KY0194,0,098 KY-194,KY0194,N,N,NULL,NULL,NULL,N,NULL,NULL,NULL,NULL,NULL,NULL,64.459,NULL,NULL,NULL,NULL,,NULL,0,0,2,2,N,N,35,NULL,98,9873,NULL,,Y,37.55117,37,33.07,NULL,-82.10312,82,6.187,NULL,N,NULL,NULL,NULL,NULL,NULL,NULL,NULL,NULL,3,3,2,1,1,1,2,2,7,3,Y,NULL,Y,N,1231,1330,1400,N,NULL,52,7,0,N,,N,N,098-KY-0194-0,NULL,NULL,2023,O,7.29302E+11,098-KY-0194  -000,HIGH,098-KY-0194  -000,64.463,0,0,0,0,0,0,1,0,0,0,0,1,0
72920307,980100,2.023E+11,20230708,1957,,,CASSIDY,,BLVD,,,,,,N,N,NULL,NULL,NULL,N,NULL,NULL,NULL,NULL,NULL,NULL,0.023,NULL,NULL,NULL,NULL,,NULL,0,0,2,2,N,N,35,NULL,98,9801,NULL,,Y,37.50372,37,30.223,NULL,-82.53254,82,31.953,NULL,N,NULL,NULL,NULL,NULL,NULL,NULL,NULL,NULL,5,3,5,6,1,1,2,2,1,3,N,NULL,Y,N,1957,2005,,N,NULL,70,,,Y,,N,N,,NULL,NULL,2023,O,7.29203E+11,098-CS-1191  -000,HIGH,098-CS-1191  -000,0.023,0,0,0,0,0,0,1,0,1,0,0,0,0
72907726,980500,2023AR027,20230605,1250,,3868,MAYO TRAIL,N,,US0023,US0023,0,098 US-23,US0023,Y,N,NULL,NULL,NULL,N,NULL,NULL,NULL,NULL,NULL,NULL,NULL,NULL,NULL,NULL,NULL,NULL,NULL,0,0,2,2,N,N,NULL,NULL,98,9807,NULL,,Y,37.52119,37,31.272,NULL,-82.56843,82,34.106,NULL,N,NULL,NULL,NULL,NULL,NULL,NULL,NULL,NULL,2,97,2,6,1,1,2,2,5,3,N,NULL,Y,Y,1250,1253,1253,N,NULL,90,,1,N,,N,N,098-US-0023-0,NULL,NULL,2023,O,7.29077E+11,098-US-0023  -000,HIGH,098-US-0023  -000,28.713,0,0,0,1,0,0,0,0,0,0,0,0,0
72976296,980000,23-11-003,20231117,2215,,,US23,,,US0023,US0023,0,098 US-23,US0023,N,N,NULL,NULL,NULL,N,NULL,NULL,NULL,NULL,NULL,NULL,16.653,NULL,NULL,NULL,NULL,,NULL,0,0,1,1,N,N,55,NULL,98,9801,NULL,,Y,37.41757,37,25.054,NULL,-82.5268,82,31.608,NULL,N,NULL,NULL,NULL,NULL,NULL,NULL,NULL,NULL,9,3,4,5,1,5,6,4,7,3,N,NULL,Y,N,2230,2230,,N,NULL,38,,1,N,,N,N,098-US-0023-0,NULL,NULL,2023,O,7.29763E+11,098-US-0023  -000,HIGH,098-US-0023  -000,16.635,0,0,0,0,0,0,0,0,0,0,0,0,0
72925678,980100,2.023E+11,20230722,1316,,,THOMPSON,,RD,,,0,098 CS-1215,CS1215,Y,N,NULL,NULL,NULL,N,NULL,NULL,NULL,NULL,NULL,NULL,0.642,NULL,NULL,NULL,NULL,,NULL,0,0,2,2,N,N,15,NULL,98,9801,NULL,,Y,37.50528,37,30.317,NULL,-82.54129,82,32.477,NULL,N,NULL,NULL,NULL,NULL,NULL,NULL,NULL,NULL,2,97,2,3,1,1,2,2,1,3,N,NULL,Y,N,1316,1323,1323,N,NULL,90,,,N,,N,N,098-CS-1215-0,NULL,NULL,2023,O,7.29257E+11,098-CS-1215  -000,HIGH,098-CS-1215  -000,0.651,1,0,0,0,0,0,1,0,0,0,0,0,0
72934556,980100,2.023E+11,20230815,1842,,,CHLOE,,RD,KY1460,KY1460,0,098 KY-1460,KY1460,N,N,NULL,NULL,NULL,N,NULL,NULL,NULL,NULL,NULL,NULL,4.655,NULL,NULL,NULL,NULL,,NULL,0,0,2,2,N,N,35,NULL,98,9801,NULL,,Y,37.47771,37,28.662,NULL,-82.50844,82,30.507,NULL,N,NULL,NULL,NULL,NULL,NULL,NULL,NULL,NULL,5,3,2,6,1,1,2,2,7,3,N,NULL,Y,N,1842,1845,1901,N,NULL,70,,0,N,,N,N,098-KY-1460-0,NULL,NULL,2023,O,7.29346E+11,098-KY-1460  -000,HIGH,098-KY-1460  -000,4.629,0,0,0,0,0,0,1,0,0,0,0,0,0
72959310,KSP0900,23-424956,20231015,1118,,,KY611,,,KY0611,KY0611,,,,N,N,NULL,NULL,NULL,N,NULL,NULL,NULL,NULL,NULL,NULL,5.825,NULL,NULL,NULL,NULL,,NULL,0,0,2,2,N,N,55,NULL,98,9801,NULL,,Y,37.31517,37,18.91,NULL,-82.54621,82,32.773,NULL,N,NULL,NULL,NULL,NULL,NULL,NULL,NULL,NULL,1,3,2,1,1,5,3,2,7,3,N,NULL,Y,N,1118,1119,1130,N,NULL,55,8,0,N,,N,N,,NULL,NULL,2023,O,7.29593E+11,098-KY-0611  -000,MEDIUM,098-KY-0611  -000,5.826,0,0,0,1,0,0,0,0,0,0,0,0,0
72888159,980100,2.023E+11,20230414,1554,,,THOMPSON,,RD,,,0,098 CS-1215,CS1215,Y,N,NULL,NULL,NULL,N,NULL,NULL,NULL,NULL,NULL,NULL,0.527,NULL,NULL,NULL,NULL,,NULL,0,0,2,2,Y,N,NULL,NULL,98,9801,NULL,,Y,37.50594,37,30.356,NULL,-82.5432,82,32.592,NULL,N,NULL,NULL,NULL,NULL,NULL,NULL,NULL,NULL,6,97,NULL,6,1,1,3,2,7,3,N,NULL,Y,N,1555,1603,1603,N,NULL,90,,,N,,N,N,098-CS-1215-0,NULL,NULL,2023,NULL,7.28882E+11,098-CS-1215  -000,HIGH,098-CS-1215  -000,0.536,0,0,0,0,0,0,0,0,0,0,0,0,0
72976084,KSP0900,23-465990,20231121,1010,,,FISHTRAP,,RD,KY1441,KY1441,0,098 KY-1441,KY1441,N,N,NULL,NULL,NULL,N,NULL,NULL,NULL,NULL,NULL,NULL,7.977,NULL,NULL,NULL,NULL,,NULL,0,0,1,1,N,N,55,NULL,98,9849,NULL,,Y,37.49085,37,29.451,NULL,-82.43995,82,26.397,NULL,N,NULL,NULL,NULL,NULL,NULL,NULL,NULL,NULL,9,3,2,1,1,5,6,2,7,3,N,NULL,Y,N,1010,1020,1045,N,NULL,44,8,0,N,,N,N,098-KY-1441-0,NULL,NULL,2023,O,7.29761E+11,098-KY-1441  -000,HIGH,098-KY-1441  -000,7.975,0,0,1,0,0,0,0,0,0,0,0,1,0
72976954,KSP0900,23-467631,20231122,1741,,,MALL,S,RD,,,0,098 PR-1010,PR1010,Y,N,NULL,NULL,NULL,N,NULL,NULL,NULL,NULL,NULL,NULL,0.32,NULL,NULL,NULL,NULL,,NULL,0,0,2,2,N,Y,NULL,NULL,98,9834,NULL,,Y,37.65546,37,39.328,NULL,-82.27347,82,16.408,NULL,N,NULL,NULL,NULL,NULL,NULL,NULL,NULL,NULL,1,97,NULL,5,1,5,3,5,5,3,N,NULL,Y,N,1741,1750,1750,N,NULL,90,,,N,,N,N,098-PR-1010-0,NULL,NULL,2023,O,7.2977E+11,098-PR-1010  -000,HIGH,098-PR-1010  -000,0.355,0,0,0,0,0,0,1,0,0,0,0,0,0
72994142,KSP0900,23-508344,20231231,1800,,,US119,,,US0119,US0119,0,098 US-119,US0119,N,N,NULL,NULL,NULL,N,NULL,NULL,NULL,NULL,NULL,NULL,9.913,NULL,NULL,NULL,NULL,,NULL,0,0,1,1,N,N,55,NULL,98,9833,NULL,,Y,37.5819,37,34.914,NULL,-82.40737,82,24.442,NULL,N,NULL,NULL,NULL,NULL,NULL,NULL,NULL,NULL,9,3,2,6,1,1,2,7,7,3,N,NULL,Y,N,1820,1830,1850,N,NULL,38,2,1,N,,N,N,098-US-0119-0,NULL,NULL,2023,O,7.29941E+11,098-US-0119  -000,HIGH,098-US-0119  -000,9.903,0,0,0,1,0,0,0,0,0,0,0,0,0
72967616,980500,2023AR055,20231102,1403,,,US 23 NORTH,,,,,,,,N,N,NULL,NULL,NULL,N,NULL,NULL,NULL,NULL,NULL,NULL,NULL,NULL,NULL,NULL,NULL,NULL,NULL,0,0,2,2,N,N,45,NULL,98,9807,NULL,,Y,37.52035,37,31.221,NULL,-82.56794,82,34.076,NULL,N,NULL,NULL,NULL,NULL,NULL,NULL,NULL,NULL,5,3,6,6,1,1,2,2,7,3,N,NULL,Y,Y,1403,1405,1408,N,NULL,49,,,N,,N,N,,NULL,NULL,2023,O,7.29676E+11,098-US-0023  -043,MEDIUM,098-US-0023  -043,0.005,0,0,1,1,0,0,1,1,0,0,0,0,0
72956689,980100,2.023E+11,20231002,1530,,,US23,,,US0023,US0023,,,,N,N,NULL,NULL,NULL,N,NULL,NULL,NULL,NULL,NULL,NULL,25.565,NULL,NULL,NULL,NULL,,NULL,3,0,3,3,N,Y,55,NULL,98,9801,NULL,,Y,37.49385,37,29.631,NULL,-82.53283,82,31.97,NULL,N,NULL,NULL,NULL,NULL,NULL,NULL,NULL,NULL,5,3,2,6,1,1,2,2,7,3,Y,NULL,Y,Y,1531,1536,,N,NULL,49,,1,Y,,N,N,,NULL,NULL,2023,B,7.29567E+11,098-US-0023  -000,MEDIUM,098-US-0023  -000,25.503,0,0,0,1,0,0,1,0,0,0,0,0,0
72992306,KSP0900,23-480741,20231205,1100,,,US119,,,US0119,US0119,0,098 US-119,US0119,N,N,NULL,NULL,NULL,N,NULL,NULL,NULL,NULL,NULL,NULL,23.55,NULL,NULL,NULL,NULL,,NULL,2,0,3,3,N,N,45,NULL,98,9834,NULL,,Y,37.64944,37,38.966,NULL,-82.26764,82,16.059,NULL,N,NULL,NULL,NULL,NULL,NULL,NULL,NULL,NULL,5,3,2,6,1,1,3,2,7,3,Y,NULL,Y,Y,1100,1115,1215,N,NULL,49,2,1,N,,N,N,098-US-0119-0,NULL,NULL,2023,C,7.29923E+11,098-US-0119  -000,HIGH,098-US-0119  -000,23.549,0,0,0,0,0,0,1,0,0,0,0,0,0
72949344,980100,2.023E+11,20230915,2354,,,CASSIDY,,BLVD,,,0,098 CS-1191,CS1191,Y,N,NULL,NULL,NULL,N,NULL,NULL,NULL,NULL,NULL,NULL,0.164,NULL,NULL,NULL,NULL,,NULL,0,0,2,2,Y,N,NULL,NULL,98,9801,NULL,,Y,37.50365,37,30.219,NULL,-82.53471,82,32.083,NULL,N,NULL,NULL,NULL,NULL,NULL,NULL,NULL,NULL,2,97,NULL,6,1,1,2,8,1,3,N,NULL,Y,N,2354,6,15,N,NULL,90,,,N,,N,N,098-CS-1191-0,NULL,NULL,2023,NULL,7.29493E+11,098-CS-1191  -000,HIGH,098-CS-1191  -000,0.142,0,0,0,0,0,0,0,0,0,0,0,0,0
72911753,980100,2.023E+11,20230616,1125,,911,BYPASS,,RD,,,0,098 CS-1223,CS1223,Y,N,NULL,NULL,NULL,N,NULL,NULL,NULL,NULL,NULL,NULL,NULL,NULL,NULL,NULL,NULL,NULL,NULL,0,0,2,2,N,N,NULL,NULL,98,9801,NULL,,Y,37.47128,37,28.277,NULL,-82.52117,82,31.27,NULL,N,NULL,NULL,NULL,NULL,NULL,NULL,NULL,NULL,1,97,1,6,2,1,2,2,1,3,N,NULL,N,N,1125,1130,1130,N,NULL,90,,,N,,N,N,098-CS-1223-0,NULL,NULL,2023,O,7.29118E+11,098-CS-1223  -000,HIGH,098-CS-1223  -000,0.136,0,0,0,1,0,0,1,0,0,0,0,0,0
72895174,KSP0900,2023-170754,20230505,1926,,,US23,,,US0023,US0023,,,,N,N,NULL,NULL,NULL,N,NULL,NULL,NULL,NULL,NULL,NULL,11.684,NULL,NULL,NULL,NULL,,NULL,4,0,2,2,N,N,55,NULL,98,9827,NULL,,Y,37.35871,37,21.523,NULL,-82.55492,82,33.295,NULL,N,NULL,NULL,NULL,NULL,NULL,NULL,NULL,NULL,4,3,4,6,1,1,2,2,6,3,Y,NULL,N,Y,1926,1931,2039,N,NULL,70,,1,N,,N,N,,NULL,NULL,2023,B,7.28952E+11,098-US-0023  -000,MEDIUM,098-US-0023  -000,11.674,0,0,0,0,0,0,1,0,0,0,0,0,0
72895193,KSP0900,23-171158,20230506,20,,,KY195,,,KY0195,KY0195,0,098 KY-195,KY0195,N,N,NULL,NULL,NULL,N,NULL,NULL,NULL,NULL,NULL,NULL,9.915,NULL,NULL,NULL,NULL,,NULL,0,0,1,1,N,N,35,NULL,98,9830,NULL,,Y,37.35034,37,21.02,NULL,-82.42303,82,25.381,NULL,N,NULL,NULL,NULL,NULL,NULL,NULL,NULL,NULL,9,3,2,3,1,1,2,6,7,3,N,NULL,N,N,20,28,100,N,NULL,40,7,0,N,,N,N,098-KY-0195-0,NULL,NULL,2023,O,7.28952E+11,098-KY-0195  -000,HIGH,098-KY-0195  -000,9.92,0,0,1,0,0,0,0,0,0,0,0,1,0
72929515,980100,2.023E+11,20230802,1419,,220,S MAYO,,TRL,,,0,098 CS-1024,CS1024,N,N,NULL,NULL,NULL,N,NULL,NULL,NULL,NULL,NULL,NULL,NULL,NULL,NULL,NULL,NULL,NULL,NULL,0,0,2,2,N,N,15,NULL,98,9801,NULL,,Y,37.46843,37,28.106,NULL,-82.53453,82,32.072,NULL,N,NULL,NULL,NULL,NULL,NULL,NULL,NULL,NULL,1,3,1,6,1,1,2,2,1,3,N,NULL,Y,N,1419,1424,1425,N,NULL,55,,,N,,N,N,098-CS-1024-0,NULL,NULL,2023,O,7.29295E+11,098-PS-1007  -000,MEDIUM,098-PS-1007  -000,0.22,0,0,0,1,0,0,1,0,0,0,0,0,0
72952341,980100,2.023E+11,20230917,2159,,,KY3496,,,KY3496,KY3496,0,098 KY-3496,KY3496,Y,N,NULL,NULL,NULL,N,NULL,NULL,NULL,NULL,NULL,NULL,0.166,NULL,NULL,NULL,NULL,,NULL,0,0,2,2,N,N,35,NULL,98,9801,NULL,,Y,37.46632,37,27.979,NULL,-82.53062,82,31.838,NULL,N,NULL,NULL,NULL,NULL,NULL,NULL,NULL,NULL,2,97,2,6,1,1,2,6,1,3,N,NULL,Y,N,2159,2159,2159,N,NULL,90,16,0,N,,N,N,098-KY-3496-0,NULL,NULL,2023,O,7.29523E+11,098-KY-3496  -000,HIGH,098-KY-3496  -000,0.17,0,0,0,0,0,0,1,0,0,0,0,0,0
72908588,980000,2306001,20230607,1045,,,"STATE RT,319 TOLER",,,,,,,,N,N,NULL,NULL,NULL,N,NULL,NULL,NULL,NULL,NULL,NULL,NULL,NULL,NULL,NULL,NULL,NULL,NULL,0,0,1,1,N,N,55,NULL,98,9852,1,N,N,37.6365,37,38.19,NULL,-82.25341,82,15.205,NULL,N,NULL,NULL,NULL,NULL,NULL,NULL,NULL,NULL,9,3,2,1,1,5,3,2,7,3,N,NULL,N,N,1115,1118,1145,Y,NULL,40,,,N,,N,N,,NULL,NULL,2023,O,7.29086E+11,098-KY-0319  -000,MEDIUM,098-KY-0319  -000,6.387,0,0,0,0,0,0,1,0,0,0,0,1,0
72977939,KSP0900,23-457824,20231114,606,,,US23,S,,US0023,US0023,,,,N,N,NULL,NULL,NULL,N,NULL,NULL,NULL,NULL,NULL,NULL,10.145,NULL,NULL,NULL,NULL,,NULL,0,0,1,1,N,N,55,NULL,98,9827,NULL,,Y,37.34131,37,20.478,NULL,-82.55363,82,33.218,NULL,N,NULL,NULL,NULL,NULL,NULL,NULL,NULL,NULL,9,3,4,6,1,1,2,2,7,3,N,NULL,Y,N,606,631,631,N,NULL,38,,1,N,,N,N,,NULL,NULL,2023,O,7.29779E+11,098-US-0023  -010,MEDIUM,098-US-0023  -000,10.138,0,0,0,0,0,0,0,0,0,0,0,0,0
72977850,980100,2.023E+11,20231113,1412,,,US23,,,US0023,US0023,0,098 US-23,US0023,N,N,NULL,NULL,NULL,N,NULL,NULL,NULL,NULL,NULL,NULL,20.275,NULL,NULL,NULL,NULL,,NULL,2,0,2,2,N,N,55,NULL,98,9801,NULL,,Y,37.44654,37,26.793,NULL,-82.51554,82,30.932,NULL,N,NULL,NULL,NULL,NULL,NULL,NULL,NULL,NULL,5,3,4,6,1,1,2,2,7,3,N,NULL,Y,Y,1412,1417,1438,N,NULL,49,,1,N,,N,N,098-US-0023-0,NULL,NULL,2023,B,7.29779E+11,098-US-0023  -000,HIGH,098-US-0023  -000,20.214,0,0,0,0,0,0,1,1,0,1,0,1,0
72967101,KSP0900,23-442691,20231101,827,,,US460,,,US0460,US0460,0,098 US-460,US0460,Y,N,NULL,NULL,NULL,N,NULL,NULL,NULL,NULL,NULL,NULL,9.389,NULL,NULL,NULL,NULL,,NULL,0,0,2,2,N,N,35,NULL,98,9830,NULL,,Y,37.36833,37,22.1,NULL,-82.41349,82,24.809,NULL,N,NULL,NULL,NULL,NULL,NULL,NULL,NULL,NULL,2,97,2,6,1,1,2,2,1,3,N,NULL,Y,N,827,915,930,N,NULL,90,,1,N,,N,N,098-US-0460-0,NULL,NULL,2023,O,7.29671E+11,098-US-0460  -000,HIGH,098-US-0460  -000,9.369,0,0,1,0,0,0,1,0,0,0,0,0,0
72988592,980100,2.023E+11,20231221,1112,,,CASSIDY,,BLVD,,,0,098 CS-1191,CS1191,Y,N,NULL,NULL,NULL,N,NULL,NULL,NULL,NULL,NULL,NULL,0.254,NULL,NULL,NULL,NULL,,NULL,0,0,2,1,N,N,15,NULL,98,9801,NULL,,Y,37.50449,37,30.269,NULL,-82.53602,82,32.161,NULL,N,NULL,NULL,NULL,NULL,NULL,NULL,NULL,NULL,9,97,2,6,1,1,2,2,1,3,N,NULL,Y,Y,1112,1113,1113,N,NULL,90,,,N,,Y,N,098-CS-1191-0,NULL,NULL,2023,O,7.29886E+11,098-CS-1191  -000,HIGH,098-CS-1191  -000,0.234,0,0,0,0,1,0,1,1,0,0,0,0,0
72899337,980100,2.023E+11,20230516,1238,,,THOMPSON,,RD,,,0,098 CS-1215,CS1215,N,N,NULL,NULL,NULL,N,NULL,NULL,NULL,NULL,NULL,NULL,0.368,NULL,NULL,NULL,NULL,,NULL,0,0,2,2,N,N,35,NULL,98,9801,NULL,,Y,37.50663,37,30.398,NULL,-82.54597,82,32.758,NULL,N,NULL,NULL,NULL,NULL,NULL,NULL,NULL,NULL,5,3,3,6,1,1,3,2,7,3,N,NULL,Y,N,1238,1247,1301,N,NULL,49,,,N,,N,N,098-CS-1215-0,NULL,NULL,2023,O,7.28993E+11,098-CS-1215  -000,HIGH,098-CS-1215  -000,0.377,0,0,0,1,0,0,0,0,0,0,0,0,0
72937691,KSP0900,23-368396,20230823,1430,,,LEFT FORK ISLAND,,CRK,,,0,098 CR-1233Q3,CR1233Q3,N,N,NULL,NULL,NULL,N,NULL,NULL,NULL,NULL,NULL,NULL,0.268,NULL,NULL,NULL,NULL,,NULL,0,0,2,2,N,N,25,NULL,98,9801,NULL,,Y,37.43323,37,25.994,NULL,-82.5587,82,33.522,NULL,N,NULL,NULL,NULL,NULL,NULL,NULL,NULL,NULL,7,3,1,6,1,1,2,2,7,3,N,NULL,Y,N,1430,1457,1530,N,NULL,54,,,N,,N,N,098-CR-1233Q3-0,NULL,NULL,2023,O,7.29377E+11,098-CR-1233Q3-000,HIGH,098-CR-1233Q3-000,0.27,0,0,0,1,0,0,0,0,0,0,0,1,0