MasterFile,AgencyORINumber,LocalCode,CollisionDate,CollisionTime,CollisionDayWeekCode,RoadwayName_HouseBusinessNumber_,RoadwayName_RoadwayName_,RoadwayName_Direction_,RoadwayName_RoadwaySuffix_,RoadwayfromReport,CurrentRoadwayNumber,RoadwayNumberCoupletID,RSEUniqueGIS,RoadwayIdentifier,ParkingLotIndicator,IntersectionWith_Indicator_,IntersectionWith_NameRoadway_,IntersectionWith_Direction_,IntersectionWith_RoadwaySuffix_,BetweenStreets_Indicator_,BetweenStreets1_NameRoadway_,BetweenStreet1_Direction_,BetweenStreets1_RoadwaySuffix_,BetweenStreets2_NameRoadway_,BetweenStreets2_Direction_,BetweenStreets2_RoadwaySuffix_,Milepoint,ReportMilepointDeriveNumber,CurrentDerivedMiepointNumber,MilestoMilepoint,FeettoMilepoint,DirectionfromMilepoint_NSEW_,ValidMilepointIndicator,NumberInjured,NumberKilled,ofUnits,ofMotorVehicleUnits,Hit&RunIndicator,OneWayIndicator,SpeedLimitNumber,KilometersIndicator,CountyCode,CityCountyCode,MilesFromCity,DirectionFromCity_NSEW_,InCityLimitsIndicator,Latitude,LatitudeDegrees,LatitudeMinutes,LatitudeSeconds,Longitude,LongitudeDegrees,LongitudeMinutes,LongitudeSeconds,RampIndicator,RampFromIdentifier,RampFromDirCode,RampFromCoupletID,RSEUniqueGISRampFrom,RampToidentifier,RampToDirCode,RampToCoupletID,RSEUniqueGisRampTo,MannerofCollisionCode,LocationFirstEventCode,TotalLanes,RoadwayCharacterCode,RoadwaySurfaceCode,RoadwayConditionCode,WeatherCode,LightConditionCode,LandUseCode,SchoolBusRelatedCode,FirstAidSceneIndicator,CollDescPresentInd,InvestigationCompleteIndicator,PhotosTakenIndicator,TimeNotified,TimeArrived,TimeRoadwayOpened,PropertyDamageIndicator,DiagramPresentIndicator,DirectionalAnalysis,FunctionClassCode,NationalHwySysCode,EnforcementsIndicator,KARSCityCode,SecondaryCollisionIndicator,MedianCrossoverIndicator,RT_UNIQUE,MapIt,TimeLastLeft,YR,KABCO,MFNY,WorkingRID,RT_CONFIDENCE,KTC_RT,KTC_MP,Motorcyclist,CommercialVehicle,YoungDriver,MatureDriver,pedestrian,Bicyclist,Distracted,agressive,Impaired,Unrestrained,Intersection,RoadwayDeparture,MedXover
72955898,980100,2.023E+11,20231003,1846,,,GARRED,,ST,,,0,098 CS-1174,CS1174,N,N,NULL,NULL,NULL,N,NULL,NULL,NULL,NULL,NULL,NULL,0.183,NULL,NULL,NULL,NULL,,NULL,0,0,2,2,N,N,35,NULL,98,9801,NULL,,Y,37.48392,37,29.035,NULL,-82.52837,82,31.702,NULL,N,NULL,NULL,NULL,NULL,NULL,NULL,NULL,NULL,1,3,2,6,1,1,2,2,6,3,N,NULL,Y,N,1846,1850,,N,NULL,55,,,N,,N,N,098-CS-1174-0,NULL,NULL,2023,O,7.29559E+11,098-CS-1174  -000,HIGH,098-CS-1174  -000,0.183,0,0,0,0,0,0,1,0,0,0,0,0,0
72968067,KSP0900,23-444704,20231103,745,,,KY122,,,KY0122,KY0122,0,098 KY-122,KY0122,N,N,NULL,NULL,NULL,N,NULL,NULL,NULL,NULL,NULL,NULL,8.277,NULL,NULL,NULL,NULL,,NULL,0,0,1,1,N,N,55,NULL,98,9823,NULL,,Y,37.38531,37,23.119,NULL,-82.57685,82,34.611,NULL,N,NULL,NULL,NULL,NULL,NULL,NULL,NULL,NULL,9,3,2,6,1,1,2,2,7,3,N,NULL,Y,N,745,828,828,N,NULL,38,,0,N,,N,N,098-KY-0122-0,NULL,NULL,2023,O,7.29681E+11,098-KY-0122  -000,HIGH,098-KY-0122  -000,8.276,0,0,0,0,0,0,0,0,0,0,0,0,0
72943470,980100,2.023E+11,20230830,1855,,213,KY3496,,,KY3496,KY3496,0,098 KY-3496,KY3496,Y,N,NULL,NULL,NULL,N,NULL,NULL,NULL,NULL,NULL,NULL,0.791,NULL,NULL,NULL,NULL,,NULL,0,0,2,2,Y,N,NULL,NULL,98,9801,NULL,,Y,37.47207,37,28.324,NULL,-82.52969,82,31.782,NULL,N,NULL,NULL,NULL,NULL,NULL,NULL,NULL,NULL,,97,2,6,1,1,2,2,5,3,N,NULL,Y,N,1855,1859,1934,N,NULL,90,16,0,N,,N,N,098-KY-3496-0,NULL,NULL,2023,NULL,7.29435E+11,098-KY-3496  -000,HIGH,098-KY-3496  -000,0.791,0,0,0,0,0,0,0,0,0,0,0,0,0
72937994,370200,2023-369395,20230824,1359,,,US460,,,US0460,US0460,0,098 US-460,US0460,N,N,NULL,NULL,NULL,N,NULL,NULL,NULL,NULL,NULL,NULL,2.696,NULL,NULL,NULL,NULL,,NULL,1,0,2,2,Y,N,55,NULL,98,9854,NULL,,Y,37.43124,37,25.875,NULL,-82.48064,82,28.838,NULL,N,NULL,NULL,NULL,NULL,NULL,NULL,NULL,NULL,7,3,2,6,1,1,2,2,7,3,N,NULL,Y,Y,1411,1431,1511,N,NULL,54,,1,N,,N,N,098-US-0460-0,NULL,NULL,2023,C,7.2938E+11,098-US-0460  -000,HIGH,098-US-0460  -000,2.696,0,0,0,1,0,0,0,0,0,0,0,1,0
72910352,980100,2.023E+11,20230608,1355,,,TRIVETTE,,DR,,,0,098 CS-1114,CS1114,Y,N,NULL,NULL,NULL,N,NULL,NULL,NULL,NULL,NULL,NULL,0.055,NULL,NULL,NULL,NULL,,NULL,0,0,2,2,N,Y,NULL,NULL,98,9801,NULL,,Y,37.48279,37,28.967,NULL,-82.51545,82,30.927,NULL,N,NULL,NULL,NULL,NULL,NULL,NULL,NULL,NULL,2,97,1,6,1,1,2,2,1,3,N,NULL,Y,N,1355,1359,1359,N,NULL,90,,,N,,N,N,098-CS-1114-0,NULL,NULL,2023,O,7.29104E+11,098-CS-1114  -000,HIGH,098-CS-1114  -000,0.058,0,0,1,0,0,0,1,0,0,0,0,0,0
72911287,980100,2.023E+11,20230615,1025,,235,HAMBLEY,,BLVD,,,0,098 CS-1222,CS1222,Y,N,NULL,NULL,NULL,N,NULL,NULL,NULL,NULL,NULL,NULL,1.632,NULL,NULL,NULL,NULL,,NULL,0,0,2,2,N,N,NULL,NULL,98,9801,NULL,,Y,37.48196,37,28.918,NULL,-82.53281,82,31.968,NULL,N,NULL,NULL,NULL,NULL,NULL,NULL,NULL,NULL,5,97,1,6,1,1,2,2,1,3,N,NULL,Y,N,1025,1041,1042,N,NULL,90,,,N,,N,N,098-CS-1222-0,NULL,NULL,2023,O,7.29113E+11,098-CS-1222  -000,HIGH,098-CS-1222  -000,1.681,0,0,1,0,0,0,0,0,0,0,0,0,0
72890212,KSP0900,23-145143,20230416,1912,,,US460 TURN LANE,,,US0460,US0460,0,098 US-460-21,US0460,N,N,NULL,NULL,NULL,N,NULL,NULL,NULL,NULL,NULL,NULL,0.04,NULL,NULL,NULL,NULL,,NULL,1,0,2,2,N,N,55,NULL,98,9847,NULL,,Y,37.38258,37,22.955,NULL,-82.25511,82,15.307,NULL,N,NULL,NULL,NULL,NULL,NULL,NULL,NULL,NULL,5,3,2,3,1,5,6,3,7,3,Y,NULL,Y,Y,1912,1950,2022,N,NULL,49,,1,N,,N,N,098-US-0460-21,NULL,NULL,2023,A,7.28902E+11,098-US-0460  -021,HIGH,098-US-0460  -021,0.04,0,0,0,0,0,0,0,0,0,0,0,0,0
72991132,KSP0900,23-461948,20231117,1704,,,WARM,,HOLW,,,0,098 CR-1597E,CR1597E,N,N,NULL,NULL,NULL,N,NULL,NULL,NULL,NULL,NULL,NULL,0.022,NULL,NULL,NULL,NULL,,NULL,0,0,1,1,Y,N,55,NULL,98,9863,NULL,,Y,37.58257,37,34.954,NULL,-82.17726,82,10.635,NULL,N,NULL,NULL,NULL,NULL,NULL,NULL,NULL,NULL,9,3,2,6,1,5,6,3,7,3,N,NULL,N,N,1812,1846,,Y,NULL,40,,,N,,N,N,098-CR-1597E-0,NULL,NULL,2023,NULL,7.29911E+11,098-CR-1597E -000,HIGH,098-CR-1597E -000,0.021,0,0,0,0,0,0,0,0,0,0,0,1,0
72935093,980100,2.023E+11,20230816,644,,,BAIRD,,AVE,KY1426,KY1426,0,098 KY-1426,KY1426,N,Y,HIBBARD,,ST,N,NULL,NULL,NULL,NULL,NULL,NULL,5.395,NULL,NULL,NULL,NULL,,NULL,0,0,2,2,N,N,55,NULL,98,9801,NULL,,Y,37.47327,37,28.396,NULL,-82.52711,82,31.626,NULL,N,NULL,NULL,NULL,NULL,NULL,NULL,NULL,NULL,1,3,2,6,1,1,3,1,1,3,N,NULL,Y,N,645,646,646,N,NULL,10,,0,N,,N,N,098-KY-1426-0,NULL,NULL,2023,O,7.29351E+11,098-KY-1426  -000,HIGH,098-KY-1426  -000,5.395,0,0,0,0,0,0,0,1,0,0,1,0,0
72908583,KSP0900,23-212422,20230604,1522,,,US119,,,US0119,US0119,0,098 US-119,US0119,N,N,NULL,NULL,NULL,N,NULL,NULL,NULL,NULL,NULL,NULL,23.626,NULL,NULL,NULL,NULL,,NULL,2,0,2,2,N,N,55,NULL,98,9836,NULL,,Y,37.65148,37,39.089,NULL,-82.26822,82,16.093,NULL,N,NULL,NULL,NULL,NULL,NULL,NULL,NULL,NULL,1,3,4,6,1,1,2,2,7,3,Y,NULL,Y,Y,1523,1523,1523,N,NULL,55,2,1,N,,N,N,098-US-0119-0,NULL,NULL,2023,C,7.29086E+11,098-US-0119  -000,HIGH,098-US-0119  -000,23.696,1,0,0,0,0,0,1,0,0,0,0,0,0
72962413,KSP0900,23-429868,20231020,726,,,ISLAND CREEK,,RD,KY1426,KY1426,0,098 KY-1426,KY1426,N,N,NULL,NULL,NULL,N,NULL,NULL,NULL,NULL,NULL,NULL,1.967,NULL,NULL,NULL,NULL,,NULL,0,0,2,2,N,N,35,NULL,98,9801,NULL,,Y,37.46124,37,27.674,NULL,-82.56007,82,33.605,NULL,N,NULL,NULL,NULL,NULL,NULL,NULL,NULL,NULL,8,3,1,6,1,5,3,2,7,3,N,NULL,Y,N,726,838,838,N,NULL,53,8,0,N,,N,N,098-KY-1426-0,NULL,NULL,2023,O,7.29624E+11,098-KY-1426  -000,HIGH,098-KY-1426  -000,1.969,0,0,0,0,0,0,0,0,0,0,0,1,0
72989383,KSP0900,23-500099,20231223,956,,,ROAD CREEK,,RD,,,0,098 CR-1659,CR1659,N,N,NULL,NULL,NULL,N,NULL,NULL,NULL,NULL,NULL,NULL,0.244,NULL,NULL,NULL,NULL,,NULL,0,0,2,2,N,N,25,NULL,98,9805,NULL,,Y,37.3546,37,21.276,NULL,-82.38546,82,23.127,NULL,N,NULL,NULL,NULL,NULL,NULL,NULL,NULL,NULL,7,3,1,3,3,5,2,2,7,3,N,NULL,Y,Y,946,956,1000,N,NULL,54,,,N,,N,N,098-CR-1659-0,NULL,NULL,2023,O,7.29894E+11,098-CR-1659  -000,HIGH,098-CR-1659  -000,0.242,0,0,0,0,0,0,0,0,0,0,0,1,0
72994141,KSP0900,23-478274,20231202,2355,,,US119,N,,US0119,US0119,0,098 US-119-10,US0119,N,N,NULL,NULL,NULL,N,NULL,NULL,NULL,NULL,NULL,NULL,18.9,NULL,NULL,NULL,NULL,,NULL,0,0,1,1,N,N,55,NULL,98,9836,NULL,,Y,37.60037,37,36.022,NULL,-82.27601,82,16.561,NULL,N,NULL,NULL,NULL,NULL,NULL,NULL,NULL,NULL,9,3,2,3,1,5,5,7,7,3,N,NULL,N,N,2300,2320,2340,N,NULL,70,2,1,N,,N,N,098-US-0119-10,NULL,NULL,2023,O,7.29941E+11,098-US-0119  -010,HIGH,098-US-0119  -000,18.897,0,0,0,0,0,0,1,1,0,0,0,1,0
72991855,KSP0900,23-500021,20231223,631,,,KY194,,,KY0194,KY0194,0,098 KY-194,KY0194,N,N,NULL,NULL,NULL,N,NULL,NULL,NULL,NULL,NULL,NULL,26.029,NULL,NULL,NULL,NULL,,NULL,0,0,1,1,N,N,55,NULL,98,9817,NULL,,Y,37.50317,37,30.19,NULL,-82.35812,82,21.487,NULL,N,NULL,NULL,NULL,NULL,NULL,NULL,NULL,NULL,9,3,2,3,1,1,2,6,7,3,N,NULL,Y,N,631,725,725,N,NULL,38,6,0,N,,N,N,098-KY-0194-0,NULL,NULL,2023,O,7.29919E+11,098-KY-0194  -000,HIGH,098-KY-0194  -000,26.023,0,0,0,0,0,0,0,0,0,0,0,0,0
72969367,980100,2.023E+11,20231101,1542,,,US23,,,US0023,US0023,0,098 US-23,US0023,N,N,NULL,NULL,NULL,N,NULL,NULL,NULL,NULL,NULL,NULL,21.54,NULL,NULL,NULL,NULL,,NULL,0,0,2,2,N,N,55,NULL,98,9801,NULL,,Y,37.45229,37,27.138,NULL,-82.52299,82,31.38,NULL,N,NULL,NULL,NULL,NULL,NULL,NULL,NULL,NULL,5,3,4,6,1,1,2,2,1,3,N,NULL,Y,Y,1542,1547,1547,N,NULL,49,,1,N,,N,N,098-US-0023-0,NULL,NULL,2023,O,7.29694E+11,098-US-0023  -000,HIGH,098-US-0023  -000,21.474,0,0,0,1,0,0,1,0,0,0,0,0,0
72884274,980100,2.023E+11,20230407,847,,,MAIN,,ST,,,0,098 CS-1112,CS1112,N,N,NULL,NULL,NULL,N,NULL,NULL,NULL,NULL,NULL,NULL,0.205,NULL,NULL,NULL,NULL,,NULL,0,0,2,2,N,N,15,NULL,98,9801,NULL,,Y,37.48032,37,28.82,NULL,-82.5168,82,31.008,NULL,N,NULL,NULL,NULL,NULL,NULL,NULL,NULL,NULL,1,3,2,6,1,5,6,2,1,3,N,NULL,Y,N,847,848,901,N,NULL,55,,,N,,N,N,098-CS-1112-0,NULL,NULL,2023,O,7.28843E+11,098-CS-1112  -000,HIGH,098-CS-1112  -000,0.204,0,0,0,0,0,0,0,0,0,0,0,0,0
72970674,980200,980200,20230929,1520,,,RUSSELL,W,ST,KY0197,KY0197,0,098 KY-197,KY0197,N,N,NULL,NULL,NULL,N,NULL,NULL,NULL,NULL,NULL,NULL,15.633,NULL,NULL,NULL,NULL,,NULL,0,0,2,2,N,N,35,NULL,98,9802,NULL,,Y,37.29558,37,17.735,NULL,-82.36282,82,21.769,NULL,N,NULL,NULL,NULL,NULL,NULL,NULL,NULL,NULL,7,3,2,6,1,1,2,2,1,3,N,NULL,Y,Y,1551,1554,1630,N,NULL,54,7,0,N,,N,N,098-KY-0197-0,NULL,NULL,2023,O,7.29707E+11,098-KY-0197  -000,HIGH,098-KY-0197  -000,15.632,0,0,0,1,0,0,0,1,0,0,0,1,0
72978118,KSP0900,23-441665,20231031,740,,,US460,,,US0460,US0460,0,098 US-460,US0460,N,N,NULL,NULL,NULL,N,NULL,NULL,NULL,NULL,NULL,NULL,3.056,NULL,NULL,NULL,NULL,,NULL,0,0,1,1,N,N,55,NULL,98,9824,NULL,,Y,37.42813,37,25.688,NULL,-82.47533,82,28.52,NULL,N,NULL,NULL,NULL,NULL,NULL,NULL,NULL,NULL,9,3,2,6,1,1,3,2,7,3,N,NULL,Y,N,830,935,935,N,NULL,38,,1,N,,N,N,098-US-0460-0,NULL,NULL,2023,O,7.29781E+11,098-US-0460  -000,HIGH,098-US-0460  -000,3.056,0,0,0,0,0,0,0,0,0,0,0,0,0
72900423,980100,2.023E+11,20230512,1531,,,THOMPSON,,RD,,,0,098 CS-1215,CS1215,N,N,NULL,NULL,NULL,N,NULL,NULL,NULL,NULL,NULL,NULL,0.787,NULL,NULL,NULL,NULL,,NULL,0,0,2,2,N,N,45,NULL,98,9801,NULL,,Y,37.50417,37,30.25,NULL,-82.53905,82,32.343,NULL,N,NULL,NULL,NULL,NULL,NULL,NULL,NULL,NULL,4,3,2,6,1,5,6,2,1,3,N,NULL,Y,N,1531,1537,1537,N,NULL,70,,,N,,N,N,098-CS-1215-0,NULL,NULL,2023,O,7.29004E+11,098-CS-1215  -000,HIGH,098-CS-1215  -000,0.796,0,1,0,0,0,0,1,0,0,0,0,0,0
72924244,KSP0900,23-321021,20230711,1113,,,SUNSHINE,,LN,,,0,098 CR-1441,CR1441,N,N,NULL,NULL,NULL,N,NULL,NULL,NULL,NULL,NULL,NULL,1.053,NULL,NULL,NULL,NULL,,NULL,0,0,1,1,N,N,35,NULL,98,9873,NULL,,Y,37.51535,37,30.921,NULL,-82.37695,82,22.617,NULL,N,NULL,NULL,NULL,NULL,NULL,NULL,NULL,NULL,9,3,2,4,1,1,2,2,7,3,N,NULL,Y,N,1113,1145,1300,N,NULL,44,,,N,,N,N,098-CR-1441-0,NULL,NULL,2023,O,7.29242E+11,098-CR-1441  -000,HIGH,098-CR-1441  -000,1.067,0,1,0,0,0,0,1,0,0,0,0,1,0
72945755,980100,2.023E+11,20230912,1219,,,KY3496,,,KY3496,KY3496,0,098 KY-3496,KY3496,Y,N,NULL,NULL,NULL,N,NULL,NULL,NULL,NULL,NULL,NULL,0.517,NULL,NULL,NULL,NULL,,NULL,0,0,2,2,N,N,15,NULL,98,9801,NULL,,Y,37.47041,37,28.224,NULL,-82.53392,82,32.035,NULL,N,NULL,NULL,NULL,NULL,NULL,NULL,NULL,NULL,8,97,2,6,1,1,3,2,1,3,N,NULL,Y,N,1219,1225,1230,N,NULL,90,16,0,N,,N,N,098-KY-3496-0,NULL,NULL,2023,O,7.29458E+11,098-KY-3496  -000,HIGH,098-KY-3496  -000,0.517,0,0,0,0,0,0,1,0,0,0,0,0,0
72946251,KSP0900,23-389324,20230911,1532,,,GREASY,,CRK,KY3226,KY3226,0,098 KY-3226,KY3226,N,N,NULL,NULL,NULL,N,NULL,NULL,NULL,NULL,NULL,NULL,0.351,NULL,NULL,NULL,NULL,,NULL,1,0,1,1,N,N,45,NULL,98,9841,NULL,,Y,37.38368,37,23.021,NULL,-82.47353,82,28.412,NULL,N,NULL,NULL,NULL,NULL,NULL,NULL,NULL,NULL,9,3,2,6,1,1,2,2,6,3,Y,NULL,Y,N,1532,1545,1615,N,NULL,70,8,0,N,,N,N,098-KY-3226-0,NULL,NULL,2023,C,7.29463E+11,098-KY-3226  -000,HIGH,098-KY-3226  -000,0.351,0,0,0,0,0,0,1,0,0,0,0,1,0
72947656,980100,2.023E+11,20230911,1233,,,KY3227 CROSSOVER,,,KY3227,KY3227,0,098 KY-3227-30,KY3227,N,N,NULL,NULL,NULL,N,NULL,NULL,NULL,NULL,NULL,NULL,0.005,NULL,NULL,NULL,NULL,,NULL,1,0,2,1,N,N,55,NULL,98,9801,NULL,,Y,37.51044,37,30.626,NULL,-82.54823,82,32.894,NULL,N,NULL,NULL,NULL,NULL,NULL,NULL,NULL,NULL,9,3,2,6,1,1,3,2,1,3,Y,NULL,Y,N,1234,1245,1337,N,NULL,37,8,0,N,,N,N,098-KY-3227-30,NULL,NULL,2023,A,7.29477E+11,098-KY-3227  -030,HIGH,098-KY-3227  -030,0,0,0,0,0,0,1,0,0,0,0,0,0,0
72911192,980100,2.023E+11,20230606,1132,,,LANKS BRANCH,S,RD,,,0,098 CS-1017,CS1017,N,N,NULL,NULL,NULL,N,NULL,NULL,NULL,NULL,NULL,NULL,0.388,NULL,NULL,NULL,NULL,,NULL,0,0,1,1,N,N,35,NULL,98,9801,NULL,,Y,37.46325,37,27.795,NULL,-82.51104,82,30.663,NULL,N,NULL,NULL,NULL,NULL,NULL,NULL,NULL,NULL,9,3,2,1,1,1,2,2,1,3,N,NULL,Y,N,1133,1136,1136,N,NULL,40,,,N,,N,N,098-CS-1017-0,NULL,NULL,2023,O,7.29112E+11,098-PR-1170  -000,MEDIUM,098-PR-1170  -000,0.391,0,1,0,0,0,0,1,0,0,0,0,1,0
72943284,980100,2.023E+11,20230906,1644,,,CHLOE,,RD,KY1460,KY1460,0,098 KY-1460,KY1460,N,N,NULL,NULL,NULL,N,NULL,NULL,NULL,NULL,NULL,NULL,4.222,NULL,NULL,NULL,NULL,,NULL,1,0,1,1,N,N,35,NULL,98,9801,NULL,,Y,37.47631,37,28.579,NULL,-82.50067,82,30.04,NULL,N,NULL,NULL,NULL,NULL,NULL,NULL,NULL,NULL,9,5,2,3,1,1,2,2,3,3,Y,NULL,Y,Y,1644,1648,1826,Y,NULL,40,,0,N,,N,N,098-KY-1460-0,NULL,NULL,2023,B,7.29433E+11,098-KY-1460  -000,HIGH,098-KY-1460  -000,4.182,0,0,1,0,0,0,1,0,0,0,0,1,0
72941791,KSP0900,23-380451,20230903,1454,,,US460,,,US0460,US0460,,,,N,N,NULL,NULL,NULL,N,NULL,NULL,NULL,NULL,NULL,NULL,3.963,NULL,NULL,NULL,NULL,,NULL,2,0,2,2,N,N,55,NULL,98,9824,NULL,,Y,37.41975,37,25.185,NULL,-82.46227,82,27.736,NULL,N,NULL,NULL,NULL,NULL,NULL,NULL,NULL,NULL,4,3,2,3,1,1,2,2,7,3,Y,NULL,N,N,1454,1510,1541,N,NULL,70,,1,N,,N,N,,NULL,NULL,2023,B,7.29418E+11,098-US-0460  -000,HIGH,098-US-0460  -000,3.995,0,0,0,0,0,0,1,0,0,0,0,0,0
72945482,KSP0900,23-385293,20230907,2025,,,FERRELLS CREEK,,RD,US0460,US0460,0,098 US-460,US0460,N,N,NULL,NULL,NULL,N,NULL,NULL,NULL,NULL,NULL,NULL,21.579,NULL,NULL,NULL,NULL,,NULL,5,0,2,2,N,N,55,NULL,98,9847,NULL,,Y,37.37836,37,22.702,NULL,-82.26938,82,16.163,NULL,N,NULL,NULL,NULL,NULL,NULL,NULL,NULL,NULL,3,3,2,4,1,1,2,6,7,3,Y,NULL,Y,Y,2025,2100,2341,N,NULL,52,,1,N,,N,N,098-US-0460-0,NULL,NULL,2023,A,7.29455E+11,098-US-0460  -000,HIGH,098-US-0460  -000,21.55,0,0,0,0,0,0,0,0,0,1,0,1,0
72913374,KSP0900,23-231056,20230617,1930,,,NARROWS,,BR,,,0,098 CR-1078,CR1078,N,N,NULL,NULL,NULL,N,NULL,NULL,NULL,NULL,NULL,NULL,0.78,NULL,NULL,NULL,NULL,,NULL,0,0,2,2,N,N,35,NULL,98,9842,NULL,,Y,37.60726,37,36.436,NULL,-82.24837,82,14.903,NULL,N,NULL,NULL,NULL,NULL,NULL,NULL,NULL,NULL,7,3,1,6,1,1,2,2,7,3,N,NULL,N,N,1930,1938,1939,N,NULL,54,,,N,,N,N,098-CR-1078-0,NULL,NULL,2023,O,7.29134E+11,098-CR-1078  -000,HIGH,098-CR-1078  -000,0.775,0,0,0,0,0,0,1,0,0,0,0,1,0
72965684,980100,2.023E+11,20231024,2011,,,WILLOW,,ST,,,0,098 CS-1161,CS1161,N,N,NULL,NULL,NULL,N,NULL,NULL,NULL,NULL,NULL,NULL,0.033,NULL,NULL,NULL,NULL,,NULL,0,0,2,2,N,N,15,NULL,98,9801,NULL,,Y,37.48089,37,28.854,NULL,-82.52206,82,31.324,NULL,N,NULL,NULL,NULL,NULL,NULL,NULL,NULL,NULL,2,3,2,4,1,1,3,6,6,3,N,NULL,Y,N,2011,2014,,N,NULL,56,,,N,,N,N,098-CS-1161-0,NULL,NULL,2023,O,7.29657E+11,098-CS-1161  -000,HIGH,098-CS-1161  -000,0.033,0,0,1,0,0,0,0,0,0,0,0,0,0
72977353,980100,2.023E+11,20231124,734,,,HAROLDS BRANCH,,RD,,,0,098 CS-1223,CS1223,Y,N,NULL,NULL,NULL,N,NULL,NULL,NULL,NULL,NULL,NULL,0.044,NULL,NULL,NULL,NULL,,NULL,0,0,2,2,N,N,10,NULL,98,9801,NULL,,Y,37.47219,37,28.331,NULL,-82.52263,82,31.358,NULL,N,NULL,NULL,NULL,NULL,NULL,NULL,NULL,NULL,8,97,1,5,2,1,2,2,1,3,N,NULL,Y,N,734,734,734,N,NULL,90,,,N,,N,N,098-CS-1223-0,NULL,NULL,2023,O,7.29774E+11,098-CS-1223  -000,HIGH,098-CS-1223  -000,0.041,0,0,0,0,0,0,0,0,0,0,0,0,0
72944593,KSP0900,23-386287,20230908,1817,,,KY122,,,KY0122,KY0122,0,098 KY-122,KY0122,N,N,NULL,NULL,NULL,N,NULL,NULL,NULL,NULL,NULL,NULL,7.109,NULL,NULL,NULL,NULL,,NULL,0,0,1,1,N,N,55,NULL,98,9827,NULL,,Y,37.37317,37,22.39,NULL,-82.58341,82,35.005,NULL,N,NULL,NULL,NULL,NULL,NULL,NULL,NULL,NULL,9,3,2,6,1,1,2,2,7,3,N,NULL,Y,N,1817,1835,1900,N,NULL,40,,0,N,,N,N,098-KY-0122-0,NULL,NULL,2023,O,7.29446E+11,098-KY-0122  -000,HIGH,098-KY-0122  -000,7.108,0,0,0,0,0,0,0,0,0,0,0,1,0
72963108,KSP0900,23-429609,20231019,1949,,,LEFT FORK UPPER CHLOE,,RD,,,0,098 CR-1310,CR1310,N,N,NULL,NULL,NULL,N,NULL,NULL,NULL,NULL,NULL,NULL,0.489,NULL,NULL,NULL,NULL,,NULL,0,0,1,1,N,N,10,NULL,98,9801,NULL,,Y,37.47122,37,28.273,NULL,-82.45456,82,27.274,NULL,N,NULL,NULL,NULL,NULL,NULL,NULL,NULL,NULL,9,3,1,1,1,1,2,6,7,3,N,NULL,N,N,2000,2035,2120,N,NULL,44,,,N,,N,N,098-CR-1310-0,NULL,NULL,2023,O,7.29631E+11,098-CR-1310  -000,HIGH,098-CR-1310  -000,0.322,0,0,0,0,0,0,0,0,0,0,0,1,0
72890843,980100,2.023E+11,20230417,1948,,,CASSIDY,,BLVD,,,0,098 CS-1191,CS1191,N,N,NULL,NULL,NULL,N,NULL,NULL,NULL,NULL,NULL,NULL,0.052,NULL,NULL,NULL,NULL,,NULL,0,0,2,2,N,N,35,NULL,98,9801,NULL,,Y,37.5037,37,30.222,NULL,-82.53301,82,31.981,NULL,N,NULL,NULL,NULL,NULL,NULL,NULL,NULL,NULL,1,3,2,3,1,1,2,2,1,3,N,NULL,Y,N,1948,1958,,N,NULL,55,,,N,,N,N,098-CS-1191-0,NULL,NULL,2023,O,7.28908E+11,098-CS-1191  -000,HIGH,098-CS-1191  -000,0.049,0,0,0,0,0,0,1,1,0,0,0,0,0
72896085,980100,2.023E+11,20230508,722,,548,BYPASS,S,RD,KY1426,KY1426,0,098 KY-1426,KY1426,Y,N,NULL,NULL,NULL,N,NULL,NULL,NULL,NULL,NULL,NULL,6.563,NULL,NULL,NULL,NULL,,NULL,0,0,2,2,N,N,55,NULL,98,9801,NULL,,Y,37.48249,37,28.95,NULL,-82.51362,82,30.817,NULL,N,NULL,NULL,NULL,NULL,NULL,NULL,NULL,NULL,2,97,2,6,1,1,3,2,7,3,N,NULL,Y,N,722,722,722,N,NULL,90,,0,Y,,N,N,098-KY-1426-0,NULL,NULL,2023,O,7.28961E+11,098-KY-1426  -000,HIGH,098-KY-1426  -000,6.562,0,0,0,0,0,0,0,0,0,0,0,0,0
72907029,KSP0900,23-210981,20230603,1614,,,FISHTRAP LAKE,,RD,,,0,098 CR-1137,CR1137,N,N,NULL,NULL,NULL,N,NULL,NULL,NULL,NULL,NULL,NULL,0.388,NULL,NULL,NULL,NULL,,NULL,0,0,2,2,N,N,10,NULL,98,9849,NULL,,Y,37.43559,37,26.135,NULL,-82.34819,82,20.892,NULL,N,NULL,NULL,NULL,NULL,NULL,NULL,NULL,NULL,5,3,1,6,1,1,3,2,7,3,N,NULL,Y,N,1614,1730,1730,N,NULL,49,,,N,,N,N,098-CR-1137-0,NULL,NULL,2023,O,7.2907E+11,098-CR-1137  -000,HIGH,098-CR-1137  -000,0.383,0,0,0,0,0,0,0,1,0,0,0,0,0