MasterFile,AgencyORINumber,LocalCode,CollisionDate,CollisionTime,CollisionDayWeekCode,RoadwayName_HouseBusinessNumber_,RoadwayName_RoadwayName_,RoadwayName_Direction_,RoadwayName_RoadwaySuffix_,RoadwayfromReport,CurrentRoadwayNumber,RoadwayNumberCoupletID,RSEUniqueGIS,RoadwayIdentifier,ParkingLotIndicator,IntersectionWith_Indicator_,IntersectionWith_NameRoadway_,IntersectionWith_Direction_,IntersectionWith_RoadwaySuffix_,BetweenStreets_Indicator_,BetweenStreets1_NameRoadway_,BetweenStreet1_Direction_,BetweenStreets1_RoadwaySuffix_,BetweenStreets2_NameRoadway_,BetweenStreets2_Direction_,BetweenStreets2_RoadwaySuffix_,Milepoint,ReportMilepointDeriveNumber,CurrentDerivedMiepointNumber,MilestoMilepoint,FeettoMilepoint,DirectionfromMilepoint_NSEW_,ValidMilepointIndicator,NumberInjured,NumberKilled,ofUnits,ofMotorVehicleUnits,Hit&RunIndicator,OneWayIndicator,SpeedLimitNumber,KilometersIndicator,CountyCode,CityCountyCode,MilesFromCity,DirectionFromCity_NSEW_,InCityLimitsIndicator,Latitude,LatitudeDegrees,LatitudeMinutes,LatitudeSeconds,Longitude,LongitudeDegrees,LongitudeMinutes,LongitudeSeconds,RampIndicator,RampFromIdentifier,RampFromDirCode,RampFromCoupletID,RSEUniqueGISRampFrom,RampToidentifier,RampToDirCode,RampToCoupletID,RSEUniqueGisRampTo,MannerofCollisionCode,LocationFirstEventCode,TotalLanes,RoadwayCharacterCode,RoadwaySurfaceCode,RoadwayConditionCode,WeatherCode,LightConditionCode,LandUseCode,SchoolBusRelatedCode,FirstAidSceneIndicator,CollDescPresentInd,InvestigationCompleteIndicator,PhotosTakenIndicator,TimeNotified,TimeArrived,TimeRoadwayOpened,PropertyDamageIndicator,DiagramPresentIndicator,DirectionalAnalysis,FunctionClassCode,NationalHwySysCode,EnforcementsIndicator,KARSCityCode,SecondaryCollisionIndicator,MedianCrossoverIndicator,RT_UNIQUE,MapIt,TimeLastLeft,YR,KABCO,MFNY,WorkingRID,RT_CONFIDENCE,KTC_RT,KTC_MP,Motorcyclist,CommercialVehicle,YoungDriver,MatureDriver,pedestrian,Bicyclist,Distracted,agressive,Impaired,Unrestrained,Intersection,RoadwayDeparture,MedXover
72915018,980100,2.023E+11,20230623,1607,,,KY3496,,,KY3496,KY3496,0,098 KY-3496,KY3496,N,N,NULL,NULL,NULL,N,NULL,NULL,NULL,NULL,NULL,NULL,0.078,NULL,NULL,NULL,NULL,,NULL,0,0,2,2,N,N,35,NULL,98,9801,NULL,,Y,37.46578,37,27.947,NULL,-82.52918,82,31.751,NULL,N,NULL,NULL,NULL,NULL,NULL,NULL,NULL,NULL,1,3,2,3,1,1,2,2,1,3,N,NULL,Y,N,1607,1614,1614,N,NULL,55,16,0,N,,N,N,098-KY-3496-0,NULL,NULL,2023,O,7.2915E+11,098-KY-3496  -000,HIGH,098-KY-3496  -000,0.086,0,0,0,0,0,0,1,0,0,0,0,0,0
72963088,KSP0900,23-434174,20231024,55,,,CHLOE,,RD,KY1460,KY1460,0,098 KY-1460,KY1460,N,N,NULL,NULL,NULL,N,NULL,NULL,NULL,NULL,NULL,NULL,1.077,NULL,NULL,NULL,NULL,,NULL,1,0,1,1,N,N,45,NULL,98,9854,NULL,,Y,37.44615,37,26.769,NULL,-82.47957,82,28.774,NULL,N,NULL,NULL,NULL,NULL,NULL,NULL,NULL,NULL,9,3,2,6,1,1,2,6,7,3,N,NULL,N,N,55,116,130,Y,NULL,40,,0,N,,N,N,098-KY-1460-0,NULL,NULL,2023,C,7.29631E+11,098-KY-1460  -000,HIGH,098-KY-1460  -000,1.064,0,0,0,0,0,0,0,0,0,0,0,1,0
72983050,980100,2.023E+11,20231207,1450,,,US23,,,US0023,US0023,0,098 US-23,US0023,N,N,NULL,NULL,NULL,N,NULL,NULL,NULL,NULL,NULL,NULL,26.288,NULL,NULL,NULL,NULL,,NULL,0,0,2,2,N,N,55,NULL,98,9801,NULL,,Y,37.50373,37,30.224,NULL,-82.53215,82,31.929,NULL,N,NULL,NULL,NULL,NULL,NULL,NULL,NULL,NULL,4,3,4,6,1,1,2,2,7,3,N,NULL,Y,N,1450,1452,1503,N,NULL,70,,1,Y,,N,N,098-US-0023-0,NULL,NULL,2023,O,7.29831E+11,098-US-0023  -000,HIGH,098-US-0023  -000,26.226,0,0,0,1,0,0,1,1,0,0,0,0,0
72963895,980500,2023AR052,20231025,1734,,3683,MAYO TRAIL,N,,,,,,,N,N,NULL,NULL,NULL,N,NULL,NULL,NULL,NULL,NULL,NULL,NULL,NULL,NULL,NULL,NULL,NULL,NULL,2,0,2,2,N,N,45,NULL,98,9807,NULL,,Y,37.5191,37,31.146,NULL,-82.56606,82,33.963,NULL,N,NULL,NULL,NULL,NULL,NULL,NULL,NULL,NULL,1,3,6,5,1,1,2,2,7,3,Y,NULL,Y,Y,1734,1736,1816,N,NULL,55,,,N,,N,N,,NULL,NULL,2023,C,7.29639E+11,098-CS-3000  -071,MEDIUM,098-CS-3000  -071,0.002,0,0,0,0,0,0,0,0,0,0,0,0,0
72956789,KSP0900,23-417613,20231008,1350,,,BACK BOTTOM,,RD,,,,,,Y,N,NULL,NULL,NULL,N,NULL,NULL,NULL,NULL,NULL,NULL,0.114,NULL,NULL,NULL,NULL,,NULL,0,0,2,2,Y,N,15,NULL,98,9824,NULL,,Y,37.42657,37,25.594,NULL,-82.49541,82,29.725,NULL,N,NULL,NULL,NULL,NULL,NULL,NULL,NULL,NULL,2,97,1,6,1,1,3,2,1,3,N,NULL,Y,N,1350,1356,1410,N,NULL,90,,,N,,N,N,,NULL,NULL,2023,NULL,7.29568E+11,098-PR-1128  -000,HIGH,098-PR-1128  -000,0.097,0,0,0,0,0,0,1,0,0,0,0,0,0
72978532,KSP0900,23-466348,20231121,1530,,995,ROBINSON CREEK,,RD,KY0122,KY0122,,,,N,N,NULL,NULL,NULL,N,NULL,NULL,NULL,NULL,NULL,NULL,7.835,NULL,NULL,NULL,NULL,,NULL,0,0,1,1,N,N,45,NULL,98,9823,NULL,,Y,37.38144,37,22.886,NULL,-82.58233,82,34.94,NULL,N,NULL,NULL,NULL,NULL,NULL,NULL,NULL,NULL,9,97,2,3,1,5,6,2,6,3,N,NULL,N,N,1530,1557,1557,N,NULL,40,,0,N,,N,N,,NULL,NULL,2023,O,7.29785E+11,098-KY-0122  -000,HIGH,098-KY-0122  -000,7.844,0,0,1,0,0,0,1,0,0,0,0,1,0
72978998,980100,2.023E+11,20231127,1732,,,THOMPSON,,RD,,,0,098 CS-1215,CS1215,N,N,NULL,NULL,NULL,N,NULL,NULL,NULL,NULL,NULL,NULL,0.439,NULL,NULL,NULL,NULL,,NULL,2,0,2,2,N,N,35,NULL,98,9801,NULL,,Y,37.50631,37,30.379,NULL,-82.54472,82,32.683,NULL,N,NULL,NULL,NULL,NULL,NULL,NULL,NULL,NULL,1,3,2,6,1,1,2,3,1,3,Y,NULL,Y,N,1732,1737,1821,N,NULL,55,,,N,,N,N,098-CS-1215-0,NULL,NULL,2023,C,7.2979E+11,098-CS-1215  -000,HIGH,098-CS-1215  -000,0.449,0,0,0,0,0,0,1,1,0,0,0,0,0
72931405,980500,2023AR036,20230807,1752,,,US23,,,US0023,US0023,0,098 US-23-10,US0023,N,Y,POWER,,DR,N,NULL,NULL,NULL,NULL,NULL,NULL,28.059,NULL,NULL,NULL,NULL,,NULL,0,0,2,2,N,N,45,NULL,98,9807,NULL,,Y,37.51521,37,30.912,NULL,-82.5594,82,33.564,NULL,N,NULL,NULL,NULL,NULL,NULL,NULL,NULL,NULL,5,3,4,6,1,5,2,2,1,3,Y,NULL,Y,Y,1752,1754,1830,N,NULL,35,,1,Y,,N,Y,098-US-0023-10,NULL,NULL,2023,O,7.29314E+11,098-US-0023  -010,HIGH,098-US-0023  -000,28.056,0,0,0,1,0,0,1,0,1,1,1,0,0
72911122,KSP0900,23-226848,20230614,2025,,,US23,,,US0023,US0023,0,098 US-23,US0023,N,N,NULL,NULL,NULL,N,NULL,NULL,NULL,NULL,NULL,NULL,7.289,NULL,NULL,NULL,NULL,,NULL,0,0,1,1,N,N,55,NULL,98,9809,NULL,,Y,37.30592,37,18.355,NULL,-82.54489,82,32.693,NULL,N,NULL,NULL,NULL,NULL,NULL,NULL,NULL,NULL,9,3,4,2,1,5,6,3,7,3,N,NULL,Y,N,2027,2050,2050,N,NULL,44,,1,N,,N,N,098-US-0023-0,NULL,NULL,2023,O,7.29111E+11,098-US-0023  -000,HIGH,098-US-0023  -000,7.281,0,0,0,0,0,0,0,0,0,0,0,1,0
72975790,KSP0900,23-457106,20231113,1414,,,FISHTRAP,,RD,KY1441,KY1441,0,098 KY-1441,KY1441,N,N,NULL,NULL,NULL,N,NULL,NULL,NULL,NULL,NULL,NULL,9.199,NULL,NULL,NULL,NULL,,NULL,0,0,1,1,N,N,45,NULL,98,9850,NULL,,Y,37.50505,37,30.303,NULL,-82.44974,82,26.984,NULL,N,NULL,NULL,NULL,NULL,NULL,NULL,NULL,NULL,9,3,2,6,1,1,2,2,7,3,N,NULL,Y,N,1414,1414,1414,N,NULL,44,8,0,N,,N,N,098-KY-1441-0,NULL,NULL,2023,O,7.29758E+11,098-KY-1441  -000,HIGH,098-KY-1441  -000,9.204,0,0,0,0,0,0,0,0,0,0,0,1,0
72967539,980100,2.023E+11,20231102,1402,,,HAMBLEY,,BLVD,,,0,098 CS-1222,CS1222,N,N,NULL,NULL,NULL,N,NULL,NULL,NULL,NULL,NULL,NULL,1.528,NULL,NULL,NULL,NULL,,NULL,0,0,2,2,N,N,35,NULL,98,9801,NULL,,Y,37.48308,37,28.985,NULL,-82.5304,82,31.824,NULL,N,NULL,NULL,NULL,NULL,NULL,NULL,NULL,NULL,5,5,2,6,1,1,2,2,7,3,N,NULL,Y,N,1404,1408,1430,N,NULL,47,,,N,,N,N,098-CS-1222-0,NULL,NULL,2023,O,7.29675E+11,098-CS-1222  -000,HIGH,098-CS-1222  -000,1.528,0,0,0,1,0,0,1,0,0,0,0,0,0
72930883,KSP0900,23-349981,20230806,1312,,,US23,,,US0023,US0023,,,,N,N,NULL,NULL,NULL,N,NULL,NULL,NULL,NULL,NULL,NULL,13.503,NULL,NULL,NULL,NULL,,NULL,0,0,2,2,N,N,55,NULL,98,9801,NULL,,Y,37.37925,37,22.755,NULL,-82.54057,82,32.434,NULL,N,NULL,NULL,NULL,NULL,NULL,NULL,NULL,NULL,5,3,4,6,1,1,2,2,7,3,N,NULL,Y,N,1312,1410,1410,N,NULL,49,,1,Y,,N,N,,NULL,NULL,2023,O,7.29309E+11,098-US-0023  -000,MEDIUM,098-US-0023  -000,13.485,0,0,0,1,0,0,1,0,0,0,0,0,0
72982158,980100,2.023E+11,20231205,1651,,972,BYPASS,S,RD,KY1426,KY1426,0,098 KY-1426,KY1426,Y,N,NULL,NULL,NULL,N,NULL,NULL,NULL,NULL,NULL,NULL,5.514,NULL,NULL,NULL,NULL,,NULL,0,0,1,1,N,N,15,NULL,98,9801,NULL,,Y,37.47232,37,28.34,NULL,-82.526,82,31.56,NULL,N,NULL,NULL,NULL,NULL,NULL,NULL,NULL,NULL,9,97,2,6,1,1,3,2,5,3,N,NULL,Y,N,1651,1655,1655,Y,NULL,90,,0,N,,N,N,098-KY-1426-0,NULL,NULL,2023,O,7.29822E+11,098-KY-1426  -000,HIGH,098-KY-1426  -000,5.515,0,0,0,1,0,0,0,0,0,0,0,1,0
72950548,980100,2.023E+11,20230921,644,,,MAIN,,ST,,,0,098 CS-1112,CS1112,N,Y,PIKE,,ST,N,NULL,NULL,NULL,NULL,NULL,NULL,0.206,NULL,NULL,NULL,NULL,,NULL,0,0,2,2,N,Y,25,NULL,98,9801,NULL,,Y,37.48034,37,28.821,NULL,-82.5168,82,31.008,NULL,N,NULL,NULL,NULL,NULL,NULL,NULL,NULL,NULL,1,3,1,6,1,1,2,1,7,3,N,NULL,Y,N,644,650,711,N,NULL,10,,,N,,N,N,098-CS-1112-0,NULL,NULL,2023,O,7.29505E+11,098-CS-1112  -000,HIGH,098-CS-1112  -000,0.206,0,0,0,0,0,0,1,0,0,0,1,0,0
72987182,980500,2023AR064,20231215,1522,,,US 23 NORTH,,,,,,,,N,N,NULL,NULL,NULL,N,NULL,NULL,NULL,NULL,NULL,NULL,NULL,NULL,NULL,NULL,NULL,NULL,NULL,0,0,2,2,N,N,45,NULL,98,9807,NULL,,Y,37.52231,37,31.339,NULL,-82.57052,82,34.231,NULL,N,NULL,NULL,NULL,NULL,NULL,NULL,NULL,NULL,5,3,6,6,1,1,2,2,7,3,N,NULL,Y,Y,1522,1525,1525,N,NULL,49,,,N,,N,N,,NULL,NULL,2023,O,7.29872E+11,098-US-0023  -000,MEDIUM,098-US-0023  -000,28.851,0,0,0,0,0,0,0,1,0,0,0,0,0
72978023,980100,2.023E+11,20231120,1747,,,US23,,,US0023,US0023,0,098 US-23-10,US0023,N,Y,KY3496,,,N,NULL,NULL,NULL,NULL,NULL,NULL,23.062,NULL,NULL,NULL,NULL,,NULL,1,0,2,2,N,N,55,NULL,98,9801,NULL,,Y,37.46584,37,27.95,NULL,-82.52814,82,31.689,NULL,N,NULL,NULL,NULL,NULL,NULL,NULL,NULL,NULL,1,3,4,6,1,1,2,6,1,3,N,NULL,Y,Y,1749,1752,1752,N,NULL,10,,1,N,,N,N,098-US-0023-10,NULL,NULL,2023,B,7.2978E+11,098-US-0023  -010,HIGH,098-US-0023  -000,22.997,0,0,0,0,0,0,0,1,0,0,1,0,0
72982272,KSP0900,23-480466,20231205,149,,,BEAR,,FRK,,,0,098 CR-1943,CR1943,N,N,NULL,NULL,NULL,N,NULL,NULL,NULL,NULL,NULL,NULL,0.237,NULL,NULL,NULL,NULL,,NULL,0,0,1,1,N,N,25,NULL,98,9809,5,S,N,37.25132,37,15.079,NULL,-82.62315,82,37.389,NULL,N,NULL,NULL,NULL,NULL,NULL,NULL,NULL,NULL,9,4,1,6,1,5,2,7,7,3,N,NULL,Y,Y,149,217,314,N,NULL,51,,,N,,N,N,098-CR-1943-0,NULL,NULL,2023,NULL,7.29823E+11,098-CR-1943  -000,HIGH,098-CR-1943  -000,0.239,0,0,0,0,0,0,0,0,0,0,0,1,0
72892727,KSP0900,23-162044,20230429,1143,,,US23,,,US0023,US0023,0,098 US-23-10,US0023,N,N,NULL,NULL,NULL,N,NULL,NULL,NULL,NULL,NULL,NULL,29.065,NULL,NULL,NULL,NULL,,NULL,0,0,2,2,N,N,55,NULL,98,9807,NULL,,Y,37.52452,37,31.471,NULL,-82.57282,82,34.369,NULL,N,NULL,NULL,NULL,NULL,NULL,NULL,NULL,NULL,8,3,4,6,1,1,2,2,7,3,N,NULL,Y,N,1143,1150,1150,N,NULL,53,,1,N,,N,N,098-US-0023-10,NULL,NULL,2023,O,7.28927E+11,098-US-0023  -010,HIGH,098-US-0023  -000,29.048,0,0,0,0,0,0,0,0,0,0,0,1,0
72972910,KSP0900,23-456179,20231112,1840,,,LONG BRANCH,,RD,KY1758,KY1758,0,098 KY-1758,KY1758,N,N,NULL,NULL,NULL,N,NULL,NULL,NULL,NULL,NULL,NULL,6.061,NULL,NULL,NULL,NULL,,NULL,0,0,2,2,N,N,35,NULL,98,9817,NULL,,Y,37.47061,37,28.237,NULL,-82.27385,82,16.431,NULL,N,NULL,NULL,NULL,NULL,NULL,NULL,NULL,NULL,7,3,2,3,3,1,2,6,7,3,N,NULL,N,N,1840,1915,1930,N,NULL,54,8,0,N,,N,N,098-KY-1758-0,NULL,NULL,2023,O,7.29729E+11,098-KY-1758  -000,HIGH,098-KY-1758  -000,6.035,0,0,0,1,0,0,0,0,0,0,0,1,0
72976273,980500,2023AR061,20231120,1713,,,US23,,,US0023,US0023,0,098 US-23-10,US0023,N,N,NULL,NULL,NULL,N,NULL,NULL,NULL,NULL,NULL,NULL,NULL,NULL,NULL,NULL,NULL,NULL,NULL,0,0,2,2,N,N,45,NULL,98,9807,NULL,,Y,37.52372,37,31.423,NULL,-82.5721,82,34.326,NULL,N,NULL,NULL,NULL,NULL,NULL,NULL,NULL,NULL,5,3,6,6,1,1,2,3,7,3,N,NULL,Y,Y,1713,1715,1715,N,NULL,49,,1,N,,N,N,098-US-0023-10,NULL,NULL,2023,O,7.29763E+11,098-US-0023  -010,HIGH,098-US-0023  -000,28.981,0,0,0,1,0,0,1,1,0,0,0,0,0
72989887,980100,2.023E+11,20231218,1033,,,US23,,,US0023,US0023,0,098 US-23,US0023,N,N,NULL,NULL,NULL,N,NULL,NULL,NULL,NULL,NULL,NULL,31.584,NULL,NULL,NULL,NULL,,NULL,0,0,2,2,N,N,55,NULL,98,9801,NULL,,Y,37.53693,37,32.215,NULL,-82.60128,82,36.077,NULL,N,NULL,NULL,NULL,NULL,NULL,NULL,NULL,NULL,5,3,4,6,1,5,6,2,7,3,N,NULL,Y,N,1033,1043,1043,N,NULL,49,,1,N,,N,N,098-US-0023-0,NULL,NULL,2023,O,7.29899E+11,098-US-0023  -000,HIGH,098-US-0023  -000,31.564,0,0,0,0,0,0,1,0,0,0,0,0,0
72990509,980000,23-12-005,20231225,1259,,197,APPALACHIAN PLAZZA,,,,,,,,N,N,NULL,NULL,NULL,N,NULL,NULL,NULL,NULL,NULL,NULL,NULL,NULL,NULL,NULL,NULL,NULL,NULL,0,0,2,2,Y,N,15,NULL,98,9834,1,S,N,37.66768,37,40.06,NULL,-82.27616,82,16.57,NULL,N,NULL,NULL,NULL,NULL,NULL,NULL,NULL,NULL,2,7,NULL,6,1,5,6,2,1,3,N,NULL,Y,N,1300,1315,1340,N,NULL,47,,,N,,N,N,,NULL,NULL,2023,O,7.29905E+11,098-US-0119  -000,MEDIUM,098-US-0119  -000,24.934,0,0,0,0,0,0,0,0,0,0,0,0,0
72980938,KSP0900,23-478041,20231202,1825,,,GREASY,,CRK,KY3226,KY3226,0,098 KY-3226,KY3226,N,N,NULL,NULL,NULL,N,NULL,NULL,NULL,NULL,NULL,NULL,2.879,NULL,NULL,NULL,NULL,,NULL,0,0,1,1,N,N,55,NULL,98,9832,NULL,,Y,37.4124,37,24.744,NULL,-82.45798,82,27.479,NULL,N,NULL,NULL,NULL,NULL,NULL,NULL,NULL,NULL,9,3,2,6,1,5,5,6,7,3,N,NULL,Y,N,1825,1847,1847,N,NULL,44,8,0,N,,N,N,098-KY-3226-0,NULL,NULL,2023,O,7.29809E+11,098-KY-3226  -000,HIGH,098-KY-3226  -000,2.905,0,0,1,0,0,0,0,0,0,0,0,1,0
72930882,KSP0900,23-348858,20230805,1257,,,US23,,,US0023,US0023,0,098 US-23,US0023,Y,N,NULL,NULL,NULL,N,NULL,NULL,NULL,NULL,NULL,NULL,28.346,NULL,NULL,NULL,NULL,,NULL,0,0,2,2,N,N,15,NULL,98,9807,NULL,,Y,37.51766,37,31.059,NULL,-82.56343,82,33.806,NULL,N,NULL,NULL,NULL,NULL,NULL,NULL,NULL,NULL,5,97,4,6,1,1,2,2,1,3,N,NULL,Y,N,1257,1301,1301,N,NULL,90,,1,N,,N,N,098-US-0023-0,NULL,NULL,2023,O,7.29309E+11,098-US-0023  -000,HIGH,098-US-0023  -000,28.342,0,0,0,1,0,0,0,0,0,0,0,0,0
72983049,980100,2.023E+11,20231204,1422,,234,KY1426,,,KY1426,KY1426,0,098 KY-1426,KY1426,Y,N,NULL,NULL,NULL,N,NULL,NULL,NULL,NULL,NULL,NULL,6.866,NULL,NULL,NULL,NULL,,NULL,0,0,2,2,N,N,15,NULL,98,9801,NULL,,Y,37.48563,37,29.138,NULL,-82.50986,82,30.591,NULL,N,NULL,NULL,NULL,NULL,NULL,NULL,NULL,NULL,1,97,2,6,1,1,3,2,5,3,N,NULL,Y,N,1422,1426,1426,N,NULL,90,,0,N,,N,N,098-KY-1426-0,NULL,NULL,2023,O,7.2983E+11,098-KY-1426  -000,HIGH,098-KY-1426  -000,6.866,0,0,0,1,0,0,1,0,0,0,0,0,0
72987333,980100,2.023E+11,20231213,1539,,,US23,,,US0023,US0023,0,098 US-23-10,US0023,N,N,NULL,NULL,NULL,N,NULL,NULL,NULL,NULL,NULL,NULL,22.291,NULL,NULL,NULL,NULL,,NULL,0,0,2,2,N,N,55,NULL,98,9801,NULL,,Y,37.46135,37,27.681,NULL,-82.51697,82,31.018,NULL,N,NULL,NULL,NULL,NULL,NULL,NULL,NULL,NULL,1,3,4,6,1,1,3,2,7,3,N,NULL,Y,N,1540,1542,1603,N,NULL,55,,1,N,,N,N,098-US-0023-10,NULL,NULL,2023,O,7.29873E+11,098-US-0023  -010,HIGH,098-US-0023  -000,22.224,0,0,0,1,0,0,1,1,0,0,0,0,0
72992213,980100,2.023E+11,20231228,710,,,THOMPSON,,RD,,,0,098 CS-1215,CS1215,N,N,NULL,NULL,NULL,N,NULL,NULL,NULL,NULL,NULL,NULL,0.636,NULL,NULL,NULL,NULL,,NULL,0,0,2,2,N,N,45,NULL,98,9801,NULL,,Y,37.50534,37,30.32,NULL,-82.54136,82,32.482,NULL,N,NULL,NULL,NULL,NULL,NULL,NULL,NULL,NULL,1,3,2,6,1,1,2,6,1,3,N,NULL,Y,N,710,716,716,N,NULL,55,,,N,,N,N,098-CS-1215-0,NULL,NULL,2023,O,7.29922E+11,098-CS-1215  -000,HIGH,098-CS-1215  -000,0.645,0,0,1,0,0,0,1,0,0,0,0,0,0
72979563,980100,2.023E+11,20231128,1317,,,KY1460,,,KY1460,KY1460,0,098 KY-1460,KY1460,N,N,NULL,NULL,NULL,N,NULL,NULL,NULL,NULL,NULL,NULL,6.627,NULL,NULL,NULL,NULL,,NULL,0,0,2,2,N,N,45,NULL,98,9801,NULL,,Y,37.48348,37,29.009,NULL,-82.53793,82,32.276,NULL,N,NULL,NULL,NULL,NULL,NULL,NULL,NULL,NULL,5,3,2,6,1,1,2,2,6,3,N,NULL,Y,N,1319,1319,,N,NULL,49,16,0,N,,N,N,098-KY-1460-0,NULL,NULL,2023,O,7.29796E+11,098-KY-1460  -000,HIGH,098-KY-1460  -000,6.58,0,0,0,1,0,0,1,0,0,0,0,0,0
72985048,KSP0900,23-473976,20231128,2157,,,COLLINS,,HWY,KY0122,KY0122,0,098 KY-122,KY0122,N,N,NULL,NULL,NULL,N,NULL,NULL,NULL,NULL,NULL,NULL,10.371,NULL,NULL,NULL,NULL,,NULL,0,0,2,2,N,N,45,NULL,98,9823,NULL,,Y,37.38714,37,23.229,NULL,-82.54402,82,32.641,NULL,N,NULL,NULL,NULL,NULL,NULL,NULL,NULL,NULL,8,3,2,6,1,1,2,5,7,3,N,NULL,Y,Y,2157,2300,2300,N,NULL,53,,0,N,,N,N,098-KY-0122-0,NULL,NULL,2023,O,7.2985E+11,098-KY-0122  -000,HIGH,098-KY-0122  -000,10.37,0,0,1,0,0,0,1,0,0,0,0,1,0
72951841,KSP0900,23-406413,20230927,1354,,,FERRELLS CREEK,,RD,US0460,US0460,0,098 US-460,US0460,N,N,NULL,NULL,NULL,N,NULL,NULL,NULL,NULL,NULL,NULL,14.415,NULL,NULL,NULL,NULL,,NULL,1,0,1,1,N,N,55,NULL,98,9874,NULL,,Y,37.34238,37,20.543,NULL,-82.37382,82,22.429,NULL,N,NULL,NULL,NULL,NULL,NULL,NULL,NULL,NULL,9,3,2,3,1,5,3,2,7,3,Y,NULL,Y,Y,1404,1426,1426,N,NULL,40,,1,N,,N,N,098-US-0460-0,NULL,NULL,2023,C,7.29518E+11,098-US-0460  -000,HIGH,098-US-0460  -000,14.395,0,0,0,0,0,0,0,0,0,0,0,1,0
72984539,980100,2.023E+11,20231204,802,,,US23,,,US0023,US0023,,,,N,N,NULL,NULL,NULL,N,NULL,NULL,NULL,NULL,NULL,NULL,32.033,NULL,NULL,NULL,NULL,,NULL,0,0,2,2,N,N,55,NULL,98,9801,NULL,,Y,37.53761,37,32.257,NULL,-82.60942,82,36.565,NULL,N,NULL,NULL,NULL,NULL,NULL,NULL,NULL,NULL,8,2,4,6,1,1,3,2,7,3,N,NULL,N,N,802,814,,N,NULL,53,,1,Y,,N,N,,NULL,NULL,2023,O,7.29845E+11,098-US-0023  -000,MEDIUM,098-US-0023  -000,32.013,0,0,0,0,0,0,0,0,1,0,0,1,0
73007769,KSP0900,23-471384,20231126,1313,,1501,DORTON,,CRK,,,0,098 CR-1930,CR1930,N,N,NULL,NULL,NULL,N,NULL,NULL,NULL,NULL,NULL,NULL,0.058,NULL,NULL,NULL,NULL,,NULL,0,0,1,1,Y,N,35,NULL,98,9809,NULL,,Y,37.28144,37,16.886,NULL,-82.56479,82,33.887,NULL,N,NULL,NULL,NULL,NULL,NULL,NULL,NULL,NULL,9,97,1,5,1,1,2,2,6,3,N,NULL,Y,N,1313,1426,1426,Y,NULL,40,,,N,,N,N,098-CR-1930-0,NULL,NULL,2023,NULL,7.30078E+11,098-CR-1930  -000,HIGH,098-CR-1930  -000,0.055,0,0,0,0,0,0,1,0,0,0,0,1,0
72977471,980100,2.023E+11,20231117,1540,,,COLLEGE,S,ST,,,0,098 CS-1152,CS1152,N,N,NULL,NULL,NULL,N,NULL,NULL,NULL,NULL,NULL,NULL,0.14,NULL,NULL,NULL,NULL,,NULL,0,0,2,2,N,N,15,NULL,98,9801,NULL,,Y,37.47562,37,28.537,NULL,-82.52354,82,31.412,NULL,N,NULL,NULL,NULL,NULL,NULL,NULL,NULL,NULL,7,3,2,6,1,1,2,2,6,1,N,NULL,Y,N,1540,1543,1634,N,NULL,54,,,N,,N,N,098-CS-1152-0,NULL,NULL,2023,O,7.29775E+11,098-CS-1152  -000,HIGH,098-CS-1152  -000,0.067,0,1,0,1,0,0,0,0,0,0,0,1,0
72992499,KSP0900,23-503160,20231226,2330,,,KY194,E,,KY0194,KY0194,0,098 KY-194,KY0194,N,N,NULL,NULL,NULL,N,NULL,NULL,NULL,NULL,NULL,NULL,24.161,NULL,NULL,NULL,NULL,,NULL,0,0,1,1,N,N,55,NULL,98,9817,NULL,,Y,37.52668,37,31.601,NULL,-82.36649,82,21.989,NULL,N,NULL,NULL,NULL,NULL,NULL,NULL,NULL,NULL,9,3,2,3,1,5,6,7,7,3,N,NULL,N,N,2330,2350,2355,N,NULL,70,6,0,N,,N,N,098-KY-0194-0,NULL,NULL,2023,O,7.29925E+11,098-KY-0194  -000,HIGH,098-KY-0194  -000,24.161,0,0,1,0,0,0,0,0,0,0,0,1,0
72989257,KSP0900,23-495135,20231218,1755,,,US23,,,US0023,US0023,0,098 US-23,US0023,N,N,NULL,NULL,NULL,N,NULL,NULL,NULL,NULL,NULL,NULL,11.082,NULL,NULL,NULL,NULL,,NULL,0,0,2,2,N,N,55,NULL,98,9806,NULL,,Y,37.35065,37,21.039,NULL,-82.55165,82,33.099,NULL,N,NULL,NULL,NULL,NULL,NULL,NULL,NULL,NULL,8,3,4,6,1,4,9,6,7,3,N,NULL,N,N,1800,1825,1900,N,NULL,53,,1,N,,N,N,098-US-0023-0,NULL,NULL,2023,O,7.29893E+11,098-US-0023  -000,HIGH,098-US-0023  -000,11.069,0,0,0,1,0,0,0,0,0,0,0,1,0
72983329,980100,2.023E+11,20231208,1537,,,HAMBLEY,,BLVD,,,0,098 CS-1222,CS1222,Y,N,NULL,NULL,NULL,N,NULL,NULL,NULL,NULL,NULL,NULL,1.66,NULL,NULL,NULL,NULL,,NULL,0,0,2,2,N,N,15,NULL,98,9801,NULL,,Y,37.48209,37,28.926,NULL,-82.53246,82,31.948,NULL,N,NULL,NULL,NULL,NULL,NULL,NULL,NULL,NULL,2,97,2,6,1,1,2,2,1,3,N,NULL,Y,N,1537,1538,1538,N,NULL,90,,,N,,N,N,098-CS-1222-0,NULL,NULL,2023,O,7.29833E+11,098-CS-1222  -000,HIGH,098-CS-1222  -000,1.66,0,0,0,0,0,0,1,0,0,0,0,0,0