MasterFile,AgencyORINumber,LocalCode,CollisionDate,CollisionTime,CollisionDayWeekCode,RoadwayName_HouseBusinessNumber_,RoadwayName_RoadwayName_,RoadwayName_Direction_,RoadwayName_RoadwaySuffix_,RoadwayfromReport,CurrentRoadwayNumber,RoadwayNumberCoupletID,RSEUniqueGIS,RoadwayIdentifier,ParkingLotIndicator,IntersectionWith_Indicator_,IntersectionWith_NameRoadway_,IntersectionWith_Direction_,IntersectionWith_RoadwaySuffix_,BetweenStreets_Indicator_,BetweenStreets1_NameRoadway_,BetweenStreet1_Direction_,BetweenStreets1_RoadwaySuffix_,BetweenStreets2_NameRoadway_,BetweenStreets2_Direction_,BetweenStreets2_RoadwaySuffix_,Milepoint,ReportMilepointDeriveNumber,CurrentDerivedMiepointNumber,MilestoMilepoint,FeettoMilepoint,DirectionfromMilepoint_NSEW_,ValidMilepointIndicator,NumberInjured,NumberKilled,ofUnits,ofMotorVehicleUnits,Hit&RunIndicator,OneWayIndicator,SpeedLimitNumber,KilometersIndicator,CountyCode,CityCountyCode,MilesFromCity,DirectionFromCity_NSEW_,InCityLimitsIndicator,Latitude,LatitudeDegrees,LatitudeMinutes,LatitudeSeconds,Longitude,LongitudeDegrees,LongitudeMinutes,LongitudeSeconds,RampIndicator,RampFromIdentifier,RampFromDirCode,RampFromCoupletID,RSEUniqueGISRampFrom,RampToidentifier,RampToDirCode,RampToCoupletID,RSEUniqueGisRampTo,MannerofCollisionCode,LocationFirstEventCode,TotalLanes,RoadwayCharacterCode,RoadwaySurfaceCode,RoadwayConditionCode,WeatherCode,LightConditionCode,LandUseCode,SchoolBusRelatedCode,FirstAidSceneIndicator,CollDescPresentInd,InvestigationCompleteIndicator,PhotosTakenIndicator,TimeNotified,TimeArrived,TimeRoadwayOpened,PropertyDamageIndicator,DiagramPresentIndicator,DirectionalAnalysis,FunctionClassCode,NationalHwySysCode,EnforcementsIndicator,KARSCityCode,SecondaryCollisionIndicator,MedianCrossoverIndicator,RT_UNIQUE,MapIt,TimeLastLeft,YR,KABCO,MFNY,WorkingRID,RT_CONFIDENCE,KTC_RT,KTC_MP,Motorcyclist,CommercialVehicle,YoungDriver,MatureDriver,pedestrian,Bicyclist,Distracted,agressive,Impaired,Unrestrained,Intersection,RoadwayDeparture,MedXover
72988197,KSP0900,23-493044,20231216,1704,,,SOUTHSIDE MALL,,RD,,,0,098 PR-1010,PR1010,Y,N,NULL,NULL,NULL,N,NULL,NULL,NULL,NULL,NULL,NULL,0.34,NULL,NULL,NULL,NULL,,NULL,0,0,2,2,Y,Y,NULL,NULL,98,9834,NULL,,Y,37.65577,37,39.346,NULL,-82.27323,82,16.394,NULL,N,NULL,NULL,NULL,NULL,NULL,NULL,NULL,NULL,7,7,NULL,6,1,1,2,2,1,3,N,NULL,N,N,1704,1709,1709,N,NULL,90,,,N,,N,N,098-PR-1010-0,NULL,NULL,2023,O,7.29882E+11,098-PR-1010  -000,HIGH,098-PR-1010  -000,0.372,0,0,0,0,0,0,0,0,0,0,0,0,0
72985101,KSP0900,23-488978,20231213,600,,,THOMAS MAY,,HOLW,,,0,098 PR-1038,PR1038,N,N,NULL,NULL,NULL,N,NULL,NULL,NULL,NULL,NULL,NULL,0.179,NULL,NULL,NULL,NULL,,NULL,0,0,1,1,N,N,35,NULL,98,9885,NULL,,Y,37.58449,37,35.07,NULL,-82.34451,82,20.67,NULL,N,NULL,NULL,NULL,NULL,NULL,NULL,NULL,NULL,9,3,1,4,1,1,2,6,7,3,N,NULL,N,N,600,630,700,N,NULL,44,,,N,,N,N,098-PR-1038-0,NULL,NULL,2023,O,7.29851E+11,098-PR-1038  -000,HIGH,098-PR-1038  -000,0.18,0,0,0,0,0,0,1,0,0,0,0,1,0
72999668,980200,980200,20231128,1100,,,MAIN,E,ST,,,0,098 CS-2006,CS2006,N,N,NULL,NULL,NULL,N,NULL,NULL,NULL,NULL,NULL,NULL,0.046,NULL,NULL,NULL,NULL,,NULL,0,0,2,2,N,N,15,NULL,98,9802,NULL,,Y,37.30547,37,18.328,NULL,-82.35291,82,21.174,NULL,N,NULL,NULL,NULL,NULL,NULL,NULL,NULL,NULL,2,7,1,4,1,1,2,2,1,3,N,NULL,Y,N,1100,1109,1125,N,NULL,47,,,N,,N,N,098-CS-2006-0,NULL,NULL,2023,O,7.29997E+11,098-CS-2006  -000,HIGH,098-CS-2006  -000,0.048,0,0,0,1,0,0,1,0,0,0,0,0,0
72986720,980100,2.023E+11,20231206,2132,,,THOMPSON,,RD,,,0,098 CS-1215,CS1215,Y,N,NULL,NULL,NULL,N,NULL,NULL,NULL,NULL,NULL,NULL,0.677,NULL,NULL,NULL,NULL,,NULL,0,0,2,2,N,N,NULL,NULL,98,9801,NULL,,Y,37.5051,37,30.306,NULL,-82.54069,82,32.441,NULL,N,NULL,NULL,NULL,NULL,NULL,NULL,NULL,NULL,2,97,NULL,6,1,1,2,8,1,3,N,NULL,Y,N,2132,2138,2155,N,NULL,90,,,N,,N,N,098-CS-1215-0,NULL,NULL,2023,O,7.29867E+11,098-CS-1215  -000,HIGH,098-CS-1215  -000,0.685,0,0,0,1,0,0,1,0,0,0,0,0,0
72979333,980100,2.023E+11,20231129,1048,,,US23,,,US0023,US0023,0,098 US-23-10,US0023,N,N,NULL,NULL,NULL,N,NULL,NULL,NULL,NULL,NULL,NULL,26.293,NULL,NULL,NULL,NULL,,NULL,0,0,2,2,N,N,55,NULL,98,9801,NULL,,Y,37.50376,37,30.226,NULL,-82.53234,82,31.94,NULL,N,NULL,NULL,NULL,NULL,NULL,NULL,NULL,NULL,5,3,4,6,1,1,2,2,2,3,N,NULL,Y,N,1048,1053,1053,N,NULL,49,,1,N,,N,N,098-US-0023-10,NULL,NULL,2023,O,7.29793E+11,098-US-0023  -010,HIGH,098-US-0023  -000,26.229,0,0,1,0,0,0,1,0,0,0,0,0,0
72975917,KSP0900,23-455066,20231111,1815,,,MALL,,RD,,,0,098 CR-1037,CR1037,N,N,NULL,NULL,NULL,N,NULL,NULL,NULL,NULL,NULL,NULL,0.086,NULL,NULL,NULL,NULL,,NULL,0,0,2,2,N,N,25,NULL,98,9812,NULL,,Y,37.65234,37,39.141,NULL,-82.26962,82,16.177,NULL,N,NULL,NULL,NULL,NULL,NULL,NULL,NULL,NULL,7,3,2,6,1,1,2,7,7,3,N,NULL,N,N,1815,1820,1825,N,NULL,54,,,N,,N,N,098-CR-1037-0,NULL,NULL,2023,O,7.29759E+11,098-CR-1037  -000,HIGH,098-CR-1037  -000,0.087,0,0,1,1,0,0,1,0,0,0,0,1,0
72986138,980000,23-12-002,20231212,1210,,,US23,,,US0023,US0023,0,098 US-23-10,US0023,N,N,NULL,NULL,NULL,N,NULL,NULL,NULL,NULL,NULL,NULL,18.306,NULL,NULL,NULL,NULL,,NULL,0,0,2,2,N,N,55,NULL,98,9801,NULL,,Y,37.43331,37,25.999,NULL,-82.5145,82,30.87,NULL,N,NULL,NULL,NULL,NULL,NULL,NULL,NULL,NULL,5,3,4,5,1,1,2,2,6,3,N,NULL,Y,Y,1212,1220,1230,N,NULL,49,,1,N,,N,N,098-US-0023-10,NULL,NULL,2023,O,7.29861E+11,098-US-0023  -010,HIGH,098-US-0023  -000,18.289,0,0,0,0,0,0,1,1,0,0,0,0,0
72998651,KSP0900,23-502846,20231226,1500,,,KY1056,,,KY1056,KY1056,0,098 KY-1056,KY1056,N,N,NULL,NULL,NULL,N,NULL,NULL,NULL,NULL,NULL,NULL,8.686,NULL,NULL,NULL,NULL,,NULL,4,0,2,1,N,N,55,NULL,98,9863,NULL,,Y,37.59198,37,35.519,NULL,-82.17325,82,10.395,NULL,N,NULL,NULL,NULL,NULL,NULL,NULL,NULL,NULL,3,3,2,3,1,5,3,2,7,3,Y,NULL,Y,N,1500,1510,1630,N,NULL,52,7,0,N,,N,N,098-KY-1056-0,NULL,NULL,2023,A,7.29987E+11,098-KY-1056  -000,HIGH,098-KY-1056  -000,8.722,0,0,0,1,0,0,0,0,0,0,0,1,0
72971377,980100,2.023E+11,20231110,2009,,,CASSIDY,,BLVD,,,0,098 CS-1191,CS1191,N,N,NULL,NULL,NULL,N,NULL,NULL,NULL,NULL,NULL,NULL,0.022,NULL,NULL,NULL,NULL,,NULL,0,0,3,3,N,N,45,NULL,98,9801,NULL,,Y,37.50373,37,30.224,NULL,-82.53252,82,31.951,NULL,N,NULL,NULL,NULL,NULL,NULL,NULL,NULL,NULL,5,3,5,4,1,1,2,5,1,3,N,NULL,Y,N,2010,2010,2027,N,NULL,70,,,N,,N,N,098-CS-1191-0,NULL,NULL,2023,O,7.29714E+11,098-CS-1191  -000,HIGH,098-CS-1191  -000,0.022,0,0,0,0,0,0,1,0,0,0,0,0,0
72981342,KSP0900,23-479396,20231204,137,,,US460,,,US0460,US0460,0,098 US-460,US0460,N,N,NULL,NULL,NULL,N,NULL,NULL,NULL,NULL,NULL,NULL,7.7,NULL,NULL,NULL,NULL,,NULL,0,0,1,1,N,N,45,NULL,98,9832,NULL,,Y,37.38224,37,22.935,NULL,-82.43618,82,26.171,NULL,N,NULL,NULL,NULL,NULL,NULL,NULL,NULL,NULL,9,3,2,6,1,1,2,6,7,3,N,NULL,N,N,140,154,230,N,NULL,40,,1,N,,N,N,098-US-0460-0,NULL,NULL,2023,O,7.29813E+11,098-US-0460  -000,HIGH,098-US-0460  -000,7.681,0,0,0,1,0,0,0,0,0,0,0,1,0
72907255,980100,2.023E+11,20230604,1417,,,US23,,,US0023,US0023,,,,N,N,NULL,NULL,NULL,N,NULL,NULL,NULL,NULL,NULL,NULL,19.652,NULL,NULL,NULL,NULL,,NULL,0,0,1,1,N,N,55,NULL,98,9801,NULL,,Y,37.44922,37,26.953,NULL,-82.50642,82,30.385,NULL,N,NULL,NULL,NULL,NULL,NULL,NULL,NULL,NULL,9,3,4,3,1,1,2,2,2,3,N,NULL,Y,N,1417,1419,1441,N,NULL,38,,1,N,,N,N,,NULL,NULL,2023,O,7.29073E+11,098-US-0023  -000,MEDIUM,098-US-0023  -000,19.601,0,0,0,1,0,0,0,0,0,0,0,0,0
72937286,KSP0900,23-345544,20230802,1100,,,KY199,,,KY0199,KY0199,0,098 KY-199,KY0199,N,N,NULL,NULL,NULL,N,NULL,NULL,NULL,NULL,NULL,NULL,11.095,NULL,NULL,NULL,NULL,,NULL,0,0,1,1,N,N,35,NULL,98,9851,NULL,,Y,37.59484,37,35.69,NULL,-82.27499,82,16.5,NULL,N,NULL,NULL,NULL,NULL,NULL,NULL,NULL,NULL,9,3,2,6,1,1,2,2,7,3,N,NULL,N,N,1100,1120,1200,N,NULL,44,7,0,Y,,N,N,098-KY-0199-0,NULL,NULL,2023,O,7.29373E+11,098-KY-0199  -000,HIGH,098-KY-0199  -000,11.095,0,0,0,0,0,0,0,0,1,1,0,1,0
72896420,980100,2.023E+11,20230505,1038,,112,KENTUCKY,,AVE,,,0,098 CS-1162,CS1162,N,N,NULL,NULL,NULL,N,NULL,NULL,NULL,NULL,NULL,NULL,0.033,NULL,NULL,NULL,NULL,,NULL,0,0,3,3,Y,N,15,NULL,98,9801,NULL,,Y,37.48344,37,29.007,NULL,-82.52115,82,31.269,NULL,N,NULL,NULL,NULL,NULL,NULL,NULL,NULL,NULL,1,5,2,6,1,1,2,2,6,3,N,NULL,Y,N,1038,1039,1039,N,NULL,47,,,N,,N,N,098-CS-1162-0,NULL,NULL,2023,NULL,7.28964E+11,098-CS-1162  -000,HIGH,098-CS-1162  -000,0.033,0,0,0,0,0,0,0,0,0,0,0,0,0
72936373,980000,23-08-002,20230819,252,,491,POWELLS,,CRK,,,0,098 CR-1208,CR1208,N,N,NULL,NULL,NULL,N,NULL,NULL,NULL,NULL,NULL,NULL,1.797,NULL,NULL,NULL,NULL,,NULL,1,0,1,1,N,N,35,NULL,98,9801,6.8,E,N,37.40482,37,24.289,NULL,-82.4029,82,24.174,NULL,N,NULL,NULL,NULL,NULL,NULL,NULL,NULL,NULL,9,5,2,6,1,1,2,6,6,3,N,NULL,Y,Y,252,325,400,Y,NULL,44,,,N,,N,N,098-CR-1208-0,NULL,NULL,2023,C,7.29364E+11,098-CR-1208  -000,HIGH,098-CR-1208  -000,1.779,0,0,0,0,0,0,0,0,0,1,0,1,0
72971682,KSP0900,23-454590,20231111,1122,,,US460,,,US0460,US0460,,,,N,N,NULL,NULL,NULL,N,NULL,NULL,NULL,NULL,NULL,NULL,8.618,NULL,NULL,NULL,NULL,,NULL,0,0,2,2,N,N,55,NULL,98,9824,NULL,,Y,37.37244,37,22.346,NULL,-82.42639,82,25.583,NULL,N,NULL,NULL,NULL,NULL,NULL,NULL,NULL,NULL,5,3,2,6,1,1,2,2,7,3,N,NULL,N,N,1122,1149,1123,N,NULL,49,,1,N,,N,N,,NULL,NULL,2023,O,7.29717E+11,098-US-0460  -000,HIGH,098-US-0460  -000,8.595,0,0,0,0,0,0,0,0,0,0,0,0,0
72962412,KSP0900,23-428846,20231019,536,,,US460,,,US0460,US0460,0,098 US-460,US0460,N,N,NULL,NULL,NULL,N,NULL,NULL,NULL,NULL,NULL,NULL,11.744,NULL,NULL,NULL,NULL,,NULL,1,0,2,1,Y,N,55,NULL,98,9871,NULL,,Y,37.35384,37,21.23,NULL,-82.38983,82,23.39,NULL,N,NULL,NULL,NULL,NULL,NULL,NULL,NULL,NULL,9,3,2,6,1,5,2,4,7,3,Y,NULL,Y,N,536,818,818,N,NULL,36,,1,N,,N,N,098-US-0460-0,NULL,NULL,2023,A,7.29624E+11,098-US-0460  -000,HIGH,098-US-0460  -000,11.724,0,0,0,0,1,0,1,0,0,0,0,0,0
72935506,980100,2.023E+11,20230814,1407,,215,CASSIDY,,BLVD,,,0,098 CS-1191,CS1191,Y,N,NULL,NULL,NULL,N,NULL,NULL,NULL,NULL,NULL,NULL,0.04,NULL,NULL,NULL,NULL,,NULL,0,0,2,2,N,N,NULL,NULL,98,9801,NULL,,Y,37.5037,37,30.222,NULL,-82.53281,82,31.969,NULL,N,NULL,NULL,NULL,NULL,NULL,NULL,NULL,NULL,1,97,1,6,1,1,2,2,1,3,N,NULL,Y,N,1407,1416,1417,N,NULL,90,,,N,,N,N,098-CS-1191-0,NULL,NULL,2023,O,7.29355E+11,098-CS-1191  -000,HIGH,098-CS-1191  -000,0.038,0,0,0,0,0,0,1,0,0,0,0,0,0
72937010,KSP0900,23-354483,20230810,1720,,,PETER FORK,,RD,,,0,098 CR-1527,CR1527,N,N,NULL,NULL,NULL,N,NULL,NULL,NULL,NULL,NULL,NULL,0.732,NULL,NULL,NULL,NULL,,NULL,0,0,1,1,N,N,35,NULL,98,9863,NULL,,Y,37.58348,37,35.009,NULL,-82.16636,82,9.982,NULL,N,NULL,NULL,NULL,NULL,NULL,NULL,NULL,NULL,9,4,1,6,1,1,2,2,7,3,N,NULL,N,Y,1700,1740,1800,Y,NULL,44,,,N,,N,N,098-CR-1527-0,NULL,NULL,2023,O,7.2937E+11,098-CR-1527  -000,HIGH,098-CR-1527  -000,0.726,0,0,0,0,0,0,0,1,1,0,0,1,0
72894298,980100,2.023E+11,20230422,1411,,,CASSIDY,,BLVD,,,0,098 CS-1191,CS1191,N,N,NULL,NULL,NULL,N,NULL,NULL,NULL,NULL,NULL,NULL,0.033,NULL,NULL,NULL,NULL,,NULL,0,0,2,2,N,N,25,NULL,98,9801,NULL,,Y,37.50371,37,30.222,NULL,-82.53271,82,31.963,NULL,N,NULL,NULL,NULL,NULL,NULL,NULL,NULL,NULL,8,3,4,6,1,1,2,2,1,3,N,NULL,Y,N,1411,1418,1418,N,NULL,53,,,N,,N,N,098-CS-1191-0,NULL,NULL,2023,O,7.28943E+11,098-CS-1191  -000,HIGH,098-CS-1191  -000,0.033,0,0,0,0,0,0,1,1,0,0,0,1,0
72940944,980100,2.023E+11,20230831,1318,,,US23,,,US0023,US0023,0,098 US-23,US0023,N,N,NULL,NULL,NULL,N,NULL,NULL,NULL,NULL,NULL,NULL,25.386,NULL,NULL,NULL,NULL,,NULL,0,0,2,2,N,N,55,NULL,98,9801,NULL,,Y,37.49286,37,29.572,NULL,-82.53394,82,32.036,NULL,N,NULL,NULL,NULL,NULL,NULL,NULL,NULL,NULL,5,3,4,6,1,1,2,2,7,3,N,NULL,Y,N,1318,1319,1320,N,NULL,49,,1,N,,N,N,098-US-0023-0,NULL,NULL,2023,O,7.29409E+11,098-US-0023  -000,HIGH,098-US-0023  -000,25.412,0,0,1,0,0,0,0,0,0,0,0,0,0
72920773,980100,2.023E+11,20230710,1014,,911,BYPASS,,RD,,,0,098 CS-1223,CS1223,Y,N,NULL,NULL,NULL,N,NULL,NULL,NULL,NULL,NULL,NULL,NULL,NULL,NULL,NULL,NULL,NULL,NULL,0,0,2,2,N,N,NULL,NULL,98,9801,NULL,,Y,37.47128,37,28.277,NULL,-82.52117,82,31.27,NULL,N,NULL,NULL,NULL,NULL,NULL,NULL,NULL,NULL,1,97,2,3,2,1,2,2,1,3,N,NULL,Y,N,1014,1021,1023,N,NULL,90,,,N,,N,N,098-CS-1223-0,NULL,NULL,2023,O,7.29208E+11,098-CS-1223  -000,HIGH,098-CS-1223  -000,0.136,0,0,0,0,0,0,0,0,0,0,0,0,0
72960694,980100,2.023E+11,20231010,1752,,,BYPASS,S,RD,KY1426,KY1426,0,098 KY-1426,KY1426,N,N,NULL,NULL,NULL,N,NULL,NULL,NULL,NULL,NULL,NULL,NULL,NULL,NULL,NULL,NULL,NULL,NULL,0,0,2,2,N,N,35,NULL,98,9801,NULL,,Y,37.47679,37,28.607,NULL,-82.5172,82,31.032,NULL,N,NULL,NULL,NULL,NULL,NULL,NULL,NULL,NULL,5,3,2,6,1,1,2,2,1,3,N,NULL,Y,N,1752,1801,,N,NULL,49,8,0,N,,N,N,098-KY-1426-0,NULL,NULL,2023,O,7.29607E+11,098-KY-1426  -000,HIGH,098-KY-1426  -000,6.107,0,0,0,1,0,0,1,0,0,0,0,0,0
72971229,KSP0900,23-453416,20231110,1216,,,STONE COAL CREEK,,RD,KY3227,KY3227,0,098 KY-3227,KY3227,N,N,NULL,NULL,NULL,N,NULL,NULL,NULL,NULL,NULL,NULL,3.479,NULL,NULL,NULL,NULL,,NULL,1,0,2,2,N,N,55,NULL,98,9801,NULL,,Y,37.53953,37,32.372,NULL,-82.51181,82,30.709,NULL,N,NULL,NULL,NULL,NULL,NULL,NULL,NULL,NULL,3,3,2,3,1,5,6,2,7,3,Y,NULL,Y,Y,1216,1225,1315,N,NULL,52,8,0,N,,N,N,098-KY-3227-0,NULL,NULL,2023,C,7.29712E+11,098-KY-3227  -000,HIGH,098-KY-3227  -000,3.466,0,0,0,0,0,0,0,0,0,0,0,1,0
72966272,KSP0900,23-438272,20231027,1620,,,ROAD,,FRK,,,0,098 CR-1286,CR1286,N,N,NULL,NULL,NULL,N,NULL,NULL,NULL,NULL,NULL,NULL,0.348,NULL,NULL,NULL,NULL,,NULL,0,0,2,2,N,N,45,NULL,98,9801,NULL,,Y,37.42792,37,25.675,NULL,-82.55343,82,33.206,NULL,N,NULL,NULL,NULL,NULL,NULL,NULL,NULL,NULL,7,3,1,3,1,1,2,2,7,1,N,NULL,Y,Y,1620,1645,1705,N,NULL,54,,,N,,N,N,098-CR-1286-0,NULL,NULL,2023,O,7.29663E+11,098-CR-1286  -000,HIGH,098-CR-1286  -000,0.352,0,0,1,0,0,0,0,0,0,0,0,1,0
72987824,980500,2023AR067,20231219,1331,,,MAIN STREET AND COMMERICAL STREET,,,,,,,,N,N,NULL,NULL,NULL,N,NULL,NULL,NULL,NULL,NULL,NULL,NULL,NULL,NULL,NULL,NULL,NULL,NULL,0,0,2,2,N,N,25,NULL,98,9807,NULL,,Y,37.51815,37,31.089,NULL,-82.5649,82,33.894,NULL,N,NULL,NULL,NULL,NULL,NULL,NULL,NULL,NULL,4,3,2,6,1,1,2,2,1,3,N,NULL,Y,Y,1331,1335,1335,N,NULL,70,,,N,,N,N,,NULL,NULL,2023,O,7.29878E+11,098-CS-3000  -000,MEDIUM,098-CS-3000  -000,0.363,0,0,1,0,0,0,1,0,0,0,0,0,0
72956950,980100,2.023E+11,20230922,2223,,,MARIONS,,BR,,,0,098 CR-1268,CR1268,N,N,NULL,NULL,NULL,N,NULL,NULL,NULL,NULL,NULL,NULL,0.372,NULL,NULL,NULL,NULL,,NULL,1,0,1,1,N,N,25,NULL,98,9801,NULL,,Y,37.43927,37,26.356,NULL,-82.53236,82,31.941,NULL,N,NULL,NULL,NULL,NULL,NULL,NULL,NULL,NULL,9,3,2,6,1,1,2,6,1,3,Y,NULL,Y,Y,2223,2233,149,N,NULL,39,,,N,,N,N,098-CR-1268-0,NULL,NULL,2023,A,7.2957E+11,098-CR-1268  -000,MEDIUM,098-CR-1268  -000,0,0,0,1,0,0,0,1,1,0,0,0,0,0
72966107,KSP0900,23-440888,20231030,1312,,,KY195,,,KY0195,KY0195,0,098 KY-195,KY0195,N,N,NULL,NULL,NULL,N,NULL,NULL,NULL,NULL,NULL,NULL,10.792,NULL,NULL,NULL,NULL,,NULL,0,0,1,1,N,N,35,NULL,98,9830,NULL,,Y,37.35875,37,21.525,NULL,-82.41764,82,25.059,NULL,N,NULL,NULL,NULL,NULL,NULL,NULL,NULL,NULL,9,3,2,2,1,5,6,2,6,3,N,NULL,Y,N,1312,1329,1415,N,NULL,40,7,0,N,,N,Y,098-KY-0195-0,NULL,NULL,2023,O,7.29661E+11,098-KY-0195  -000,HIGH,098-KY-0195  -000,10.804,0,0,0,0,0,0,0,0,0,0,0,1,0
72967552,980100,2.023E+11,20231031,1353,,,US23,,,US0023,US0023,0,098 US-23-10,US0023,N,N,NULL,NULL,NULL,N,NULL,NULL,NULL,NULL,NULL,NULL,24.738,NULL,NULL,NULL,NULL,,NULL,0,0,1,1,N,N,55,NULL,98,9801,NULL,,Y,37.4849,37,29.094,NULL,-82.54277,82,32.566,NULL,N,NULL,NULL,NULL,NULL,NULL,NULL,NULL,NULL,9,3,4,3,1,1,2,2,7,3,N,NULL,Y,N,1353,1357,,N,NULL,38,,1,N,,N,N,098-US-0023-10,NULL,NULL,2023,O,7.29676E+11,098-US-0023  -010,HIGH,098-US-0023  -000,24.669,0,0,0,0,0,0,0,0,0,0,0,0,0
72945051,KSP0900,23-387619,20230909,2107,,,US23,,,US0023,US0023,0,098 US-23,US0023,N,N,NULL,NULL,NULL,N,NULL,NULL,NULL,NULL,NULL,NULL,29.28,NULL,NULL,NULL,NULL,,NULL,0,0,2,2,N,N,45,NULL,98,9807,NULL,,Y,37.52744,37,31.646,NULL,-82.5743,82,34.458,NULL,N,NULL,NULL,NULL,NULL,NULL,NULL,NULL,NULL,5,3,6,6,1,5,6,6,7,3,N,NULL,N,N,2107,2120,2140,N,NULL,49,,1,N,,N,N,098-US-0023-0,NULL,NULL,2023,O,7.29451E+11,098-US-0023  -000,HIGH,098-US-0023  -000,29.262,0,0,0,1,0,0,0,0,0,0,0,0,0
72914307,980100,2.023E+11,20230615,1611,,,CASSIDY,,BLVD,,,,,,Y,N,NULL,NULL,NULL,N,NULL,NULL,NULL,NULL,NULL,NULL,0.337,NULL,NULL,NULL,NULL,,NULL,0,0,1,1,N,N,NULL,NULL,98,9801,NULL,,Y,37.50521,37,30.313,NULL,-82.5376,82,32.256,NULL,N,NULL,NULL,NULL,NULL,NULL,NULL,NULL,NULL,9,97,1,6,1,1,2,2,1,3,N,NULL,N,N,1612,1614,,N,NULL,90,,,Y,,N,N,,NULL,NULL,2023,O,7.29143E+11,098-CS-1191  -000,MEDIUM,098-CS-1191  -000,0.339,0,0,0,1,0,0,0,0,1,0,0,0,0
72966553,980100,2.023E+11,20231030,1421,,,,,,US0023,US0023,,,,N,N,NULL,NULL,NULL,N,NULL,NULL,NULL,NULL,NULL,NULL,0.074,NULL,NULL,NULL,NULL,NULL,NULL,1,0,1,1,N,N,55,NULL,98,9801,NULL,,Y,37.43695,37,26.217,NULL,-82.51054,82,30.633,NULL,N,NULL,NULL,NULL,NULL,NULL,NULL,NULL,NULL,9,3,2,1,1,5,6,2,7,3,Y,NULL,Y,N,1421,1421,1500,Y,NULL,40,,1,N,,N,N,,NULL,NULL,2023,C,7.29666E+11,098-US-0023  -421,MEDIUM,098-US-0023  -421,0.074,0,0,1,0,0,0,0,0,0,0,0,1,0
72917941,KSP0900,23-303697,20230626,620,,,US460,,,US0460,US0460,0,098 US-460,US0460,N,N,NULL,NULL,NULL,N,NULL,NULL,NULL,NULL,NULL,NULL,3.421,NULL,NULL,NULL,NULL,,NULL,1,0,1,1,N,N,55,NULL,98,9832,NULL,,Y,37.42479,37,25.487,NULL,-82.47031,82,28.219,NULL,N,NULL,NULL,NULL,NULL,NULL,NULL,NULL,NULL,9,6,2,6,1,5,6,3,6,3,Y,NULL,Y,Y,620,638,730,N,NULL,51,,1,N,,N,Y,098-US-0460-0,NULL,NULL,2023,C,7.29179E+11,098-US-0460  -000,HIGH,098-US-0460  -000,3.419,0,0,0,0,0,0,1,0,0,0,0,1,0
72944932,980500,2023AR042,20230908,1511,,,US 23 SOUTH,,,,,,,,N,N,NULL,NULL,NULL,N,NULL,NULL,NULL,NULL,NULL,NULL,NULL,NULL,NULL,NULL,NULL,NULL,NULL,0,0,2,2,N,N,45,NULL,98,9807,NULL,,Y,37.53637,37,32.182,NULL,-82.57947,82,34.768,NULL,N,NULL,NULL,NULL,NULL,NULL,NULL,NULL,NULL,8,3,4,6,1,1,2,2,7,3,N,NULL,Y,Y,1511,1520,1600,N,NULL,53,,,N,,N,N,,NULL,NULL,2023,O,7.29449E+11,098-US-0023  -010,MEDIUM,098-US-0023  -000,29.939,0,1,0,0,0,0,1,1,0,0,0,1,0
72972739,980100,2.023E+11,20231114,754,,,OWSLEY,,RD,KY1384,KY1384,0,098 KY-1384,KY1384,N,N,NULL,NULL,NULL,N,NULL,NULL,NULL,NULL,NULL,NULL,7,NULL,NULL,NULL,NULL,,NULL,0,0,1,1,N,N,45,NULL,98,9801,NULL,,Y,37.48014,37,28.809,NULL,-82.53964,82,32.379,NULL,N,NULL,NULL,NULL,NULL,NULL,NULL,NULL,NULL,9,3,4,6,1,1,2,2,7,3,N,NULL,N,N,754,757,,N,NULL,38,16,0,N,,N,N,098-KY-1384-0,NULL,NULL,2023,O,7.29727E+11,098-KY-1384  -000,HIGH,098-KY-1384  -000,6.995,0,0,0,1,0,0,0,0,0,0,0,0,0
72960940,980100,2.023E+11,20231018,1741,,,US23,,,US0023,US0023,0,098 US-23,US0023,N,N,NULL,NULL,NULL,N,NULL,NULL,NULL,NULL,NULL,NULL,26.219,NULL,NULL,NULL,NULL,,NULL,0,0,2,2,N,N,55,NULL,98,9801,NULL,,Y,37.50274,37,30.164,NULL,-82.53203,82,31.922,NULL,N,NULL,NULL,NULL,NULL,NULL,NULL,NULL,NULL,5,3,4,6,1,1,2,2,2,3,N,NULL,Y,N,1741,1744,1744,N,NULL,49,,1,N,,N,N,098-US-0023-0,NULL,NULL,2023,O,7.29609E+11,098-US-0023  -000,HIGH,098-US-0023  -000,26.156,0,0,0,0,0,0,1,1,0,0,0,0,0
72890872,KSP0900,23-154736,20230423,1852,,,GOODY,,LOOP,,,0,098 PR-1024,PR1024,Y,N,NULL,NULL,NULL,N,NULL,NULL,NULL,NULL,NULL,NULL,0.047,NULL,NULL,NULL,NULL,,NULL,0,0,2,2,Y,N,10,NULL,98,9834,NULL,,Y,37.65967,37,39.58,NULL,-82.2725,82,16.35,NULL,N,NULL,NULL,NULL,NULL,NULL,NULL,NULL,NULL,8,97,2,6,1,1,2,2,1,3,N,NULL,Y,N,1852,2100,1852,N,NULL,90,,,N,,N,N,098-PR-1024-0,NULL,NULL,2023,NULL,7.28909E+11,098-PR-1024  -000,HIGH,098-PR-1024  -000,0.047,0,0,0,0,0,0,0,0,0,0,0,0,0