MasterFile,AgencyORINumber,LocalCode,CollisionDate,CollisionTime,CollisionDayWeekCode,RoadwayName_HouseBusinessNumber_,RoadwayName_RoadwayName_,RoadwayName_Direction_,RoadwayName_RoadwaySuffix_,RoadwayfromReport,CurrentRoadwayNumber,RoadwayNumberCoupletID,RSEUniqueGIS,RoadwayIdentifier,ParkingLotIndicator,IntersectionWith_Indicator_,IntersectionWith_NameRoadway_,IntersectionWith_Direction_,IntersectionWith_RoadwaySuffix_,BetweenStreets_Indicator_,BetweenStreets1_NameRoadway_,BetweenStreet1_Direction_,BetweenStreets1_RoadwaySuffix_,BetweenStreets2_NameRoadway_,BetweenStreets2_Direction_,BetweenStreets2_RoadwaySuffix_,Milepoint,ReportMilepointDeriveNumber,CurrentDerivedMiepointNumber,MilestoMilepoint,FeettoMilepoint,DirectionfromMilepoint_NSEW_,ValidMilepointIndicator,NumberInjured,NumberKilled,ofUnits,ofMotorVehicleUnits,Hit&RunIndicator,OneWayIndicator,SpeedLimitNumber,KilometersIndicator,CountyCode,CityCountyCode,MilesFromCity,DirectionFromCity_NSEW_,InCityLimitsIndicator,Latitude,LatitudeDegrees,LatitudeMinutes,LatitudeSeconds,Longitude,LongitudeDegrees,LongitudeMinutes,LongitudeSeconds,RampIndicator,RampFromIdentifier,RampFromDirCode,RampFromCoupletID,RSEUniqueGISRampFrom,RampToidentifier,RampToDirCode,RampToCoupletID,RSEUniqueGisRampTo,MannerofCollisionCode,LocationFirstEventCode,TotalLanes,RoadwayCharacterCode,RoadwaySurfaceCode,RoadwayConditionCode,WeatherCode,LightConditionCode,LandUseCode,SchoolBusRelatedCode,FirstAidSceneIndicator,CollDescPresentInd,InvestigationCompleteIndicator,PhotosTakenIndicator,TimeNotified,TimeArrived,TimeRoadwayOpened,PropertyDamageIndicator,DiagramPresentIndicator,DirectionalAnalysis,FunctionClassCode,NationalHwySysCode,EnforcementsIndicator,KARSCityCode,SecondaryCollisionIndicator,MedianCrossoverIndicator,RT_UNIQUE,MapIt,TimeLastLeft,YR,KABCO,MFNY,WorkingRID,RT_CONFIDENCE,KTC_RT,KTC_MP,Motorcyclist,CommercialVehicle,YoungDriver,MatureDriver,pedestrian,Bicyclist,Distracted,agressive,Impaired,Unrestrained,Intersection,RoadwayDeparture,MedXover
72970673,980200,980200,20231006,1315,,,REGINA-BELCHER,,HWY,US0460,US0460,0,098 US-460,US0460,N,N,NULL,NULL,NULL,N,NULL,NULL,NULL,NULL,NULL,NULL,14.306,NULL,NULL,NULL,NULL,,NULL,0,0,2,2,N,N,55,NULL,98,9802,4,W,N,37.34201,37,20.521,NULL,-82.375,82,22.5,NULL,N,NULL,NULL,NULL,NULL,NULL,NULL,NULL,NULL,7,3,2,1,1,5,6,2,1,3,N,NULL,Y,Y,1330,1340,,N,NULL,54,,1,N,,N,N,098-US-0460-0,NULL,NULL,2023,O,7.29707E+11,098-US-0460  -000,HIGH,098-US-0460  -000,14.323,0,0,0,0,0,0,0,1,0,0,0,1,0
72902740,980100,2.023E+11,20230523,1305,,1942,MAYO,S,TRL,,,0,098 CS-1016,CS1016,Y,N,NULL,NULL,NULL,N,NULL,NULL,NULL,NULL,NULL,NULL,NULL,NULL,NULL,NULL,NULL,NULL,NULL,0,0,2,2,N,N,NULL,NULL,98,9801,NULL,,Y,37.45305,37,27.183,NULL,-82.52142,82,31.285,NULL,N,NULL,NULL,NULL,NULL,NULL,NULL,NULL,NULL,2,97,1,6,1,1,2,2,1,3,N,NULL,Y,N,1305,1313,1313,N,NULL,90,,,N,,N,N,098-CS-1016-0,NULL,NULL,2023,O,7.29027E+11,098-CS-1016  -000,HIGH,098-CS-1016  -000,0.044,0,0,0,1,0,0,1,0,0,0,0,0,0
72890562,980200,980200,20221212,1220,,,JOHN PAUL,,AVE,,,0,098 CS-2032,CS2032,N,N,NULL,NULL,NULL,N,NULL,NULL,NULL,NULL,NULL,NULL,0.006,NULL,NULL,NULL,NULL,,NULL,2,0,1,1,N,N,35,NULL,98,9802,NULL,,Y,37.29784,37,17.871,NULL,-82.35474,82,21.285,NULL,N,NULL,NULL,NULL,NULL,NULL,NULL,NULL,NULL,9,4,2,3,1,1,3,2,7,3,Y,NULL,Y,N,1221,1224,1305,N,NULL,40,,,N,,N,N,098-CS-2032-0,NULL,NULL,2022,C,7.28906E+11,098-CS-2032  -000,HIGH,098-CS-2032  -000,0.003,0,0,0,1,0,0,0,0,0,1,0,1,0
72905164,980000,23-05-001,20230530,1000,,,GRASSY,,BR,,,0,098 CR-1358,CR1358,Y,N,NULL,NULL,NULL,N,NULL,NULL,NULL,NULL,NULL,NULL,NULL,NULL,NULL,NULL,NULL,NULL,NULL,0,0,2,1,N,N,NULL,NULL,98,9850,6,E,N,37.51228,37,30.737,NULL,-82.40894,82,24.537,NULL,N,NULL,NULL,NULL,NULL,NULL,NULL,NULL,NULL,2,97,NULL,6,3,1,2,2,6,3,N,NULL,Y,Y,1000,1015,1015,N,NULL,90,,,N,,N,N,098-CR-1358-0,NULL,NULL,2023,O,7.29052E+11,098-CR-1358  -000,HIGH,098-CR-1358  -000,2.722,0,0,0,0,0,0,1,0,0,0,0,0,0
72986721,980100,2.023E+11,20231215,1709,,,PEACH ORCHARD,,DR,,,,,,N,N,NULL,NULL,NULL,N,NULL,NULL,NULL,NULL,NULL,NULL,0.176,NULL,NULL,NULL,NULL,,NULL,0,0,2,2,N,N,15,NULL,98,9801,NULL,,Y,37.4795,37,28.77,NULL,-82.52341,82,31.404,NULL,N,NULL,NULL,NULL,NULL,NULL,NULL,NULL,NULL,3,3,1,2,1,1,2,2,6,3,N,NULL,Y,N,1709,1715,1731,N,NULL,52,,,N,,N,N,,NULL,NULL,2023,O,7.29867E+11,098-CS-1219  -000,HIGH,098-CS-1219  -000,0.173,0,0,1,0,0,0,0,0,0,0,0,1,0
72971659,KSP0900,23-447652,20231105,1657,,,KY1056,,,KY1056,KY1056,0,098 KY-1056,KY1056,N,N,NULL,NULL,NULL,N,NULL,NULL,NULL,NULL,NULL,NULL,0.29,NULL,NULL,NULL,NULL,,NULL,0,0,1,1,N,N,35,NULL,98,9851,NULL,,Y,37.55899,37,33.539,NULL,-82.25665,82,15.399,NULL,N,NULL,NULL,NULL,NULL,NULL,NULL,NULL,NULL,9,3,2,2,1,1,2,3,7,3,N,NULL,Y,N,1657,1657,1657,N,NULL,44,8,0,N,,N,N,098-KY-1056-0,NULL,NULL,2023,O,7.29717E+11,098-KY-1056  -000,HIGH,098-KY-1056  -000,0.299,0,0,0,0,0,0,0,0,0,0,0,1,0
72927767,KSP0900,23-341533,20230729,1336,,,KY611,,,KY0611,KY0611,0,098 KY-611,KY0611,N,N,NULL,NULL,NULL,N,NULL,NULL,NULL,NULL,NULL,NULL,0.329,NULL,NULL,NULL,NULL,,NULL,0,0,2,2,N,N,25,NULL,98,9830,NULL,,Y,37.31726,37,19.036,NULL,-82.47027,82,28.216,NULL,N,NULL,NULL,NULL,NULL,NULL,NULL,NULL,NULL,2,97,2,6,1,1,2,2,7,3,N,NULL,Y,N,1413,1435,1435,N,NULL,47,8,0,N,,N,N,098-KY-0611-0,NULL,NULL,2023,O,7.29278E+11,098-KY-0611  -000,HIGH,098-KY-0611  -000,0.327,0,0,0,0,0,0,0,0,0,0,0,0,0
72897571,980100,2.023E+11,20230501,1630,,,US23,,,US0023,US0023,0,098 US-23-10,US0023,Y,N,NULL,NULL,NULL,N,NULL,NULL,NULL,NULL,NULL,NULL,21.54,NULL,NULL,NULL,NULL,,NULL,0,0,2,2,N,N,NULL,NULL,98,9801,NULL,,Y,37.45234,37,27.141,NULL,-82.52311,82,31.386,NULL,N,NULL,NULL,NULL,NULL,NULL,NULL,NULL,NULL,2,97,4,6,1,1,2,2,1,3,N,NULL,Y,N,1630,1638,1638,N,NULL,90,,1,N,,N,N,098-US-0023-10,NULL,NULL,2023,O,7.28976E+11,098-US-0023  -010,HIGH,098-US-0023  -000,21.474,0,0,0,1,0,0,1,0,0,0,0,0,0
72944606,KSP0900,23-388345,20230910,1736,,,BIG CREEK,E,RD,KY3220,KY3220,0,098 KY-3220,KY3220,N,N,NULL,NULL,NULL,N,NULL,NULL,NULL,NULL,NULL,NULL,1.733,NULL,NULL,NULL,NULL,,NULL,0,0,1,1,N,N,45,NULL,98,9838,NULL,,Y,37.61353,37,36.812,NULL,-82.34235,82,20.541,NULL,N,NULL,NULL,NULL,NULL,NULL,NULL,NULL,NULL,9,3,2,6,1,1,2,2,7,3,N,NULL,N,N,1736,1736,1800,N,NULL,40,8,0,N,,N,N,098-KY-3220-0,NULL,NULL,2023,O,7.29446E+11,098-KY-3220  -000,HIGH,098-KY-3220  -000,1.734,0,0,0,0,0,0,0,0,0,1,0,1,0
72930820,980100,2.023E+11,20230804,1313,,,KY1426,,,KY1426,KY1426,0,098 KY-1426,KY1426,N,N,NULL,NULL,NULL,N,NULL,NULL,NULL,NULL,NULL,NULL,7.513,NULL,NULL,NULL,NULL,,NULL,0,0,2,2,N,N,55,NULL,98,9801,NULL,,Y,37.4904,37,29.424,NULL,-82.49924,82,29.954,NULL,N,NULL,NULL,NULL,NULL,NULL,NULL,NULL,NULL,8,3,2,6,1,1,2,2,7,3,N,NULL,Y,N,1313,1317,1318,N,NULL,53,,0,N,,N,N,098-KY-1426-0,NULL,NULL,2023,O,7.29308E+11,098-KY-1426  -000,HIGH,098-KY-1426  -000,7.566,0,0,0,1,0,0,0,1,0,0,0,1,0
72972110,980100,2.023E+11,20231106,1755,,911,BYPASS,S,RD,KY1426,KY1426,0,098 KY-1426,KY1426,Y,N,NULL,NULL,NULL,N,NULL,NULL,NULL,NULL,NULL,NULL,5.684,NULL,NULL,NULL,NULL,,NULL,0,0,3,3,N,N,NULL,NULL,98,9801,NULL,,Y,37.47276,37,28.365,NULL,-82.52296,82,31.378,NULL,N,NULL,NULL,NULL,NULL,NULL,NULL,NULL,NULL,1,97,2,6,1,1,2,3,5,3,N,NULL,Y,N,1755,1800,1800,N,NULL,90,,0,N,,N,N,098-KY-1426-0,NULL,NULL,2023,O,7.29721E+11,098-KY-1426  -000,HIGH,098-KY-1426  -000,5.684,0,0,1,0,0,0,1,0,0,0,0,0,0
72977514,980100,2.023E+11,20231009,1712,,,CASSIDY,,BLVD,,,0,098 CS-1191,CS1191,Y,N,NULL,NULL,NULL,N,NULL,NULL,NULL,NULL,NULL,NULL,0.321,NULL,NULL,NULL,NULL,,NULL,0,0,1,1,N,N,15,NULL,98,9801,NULL,,Y,37.50521,37,30.313,NULL,-82.53727,82,32.236,NULL,N,NULL,NULL,NULL,NULL,NULL,NULL,NULL,NULL,9,97,1,6,1,1,2,2,1,3,N,NULL,Y,N,1712,1712,1712,N,NULL,90,,,N,,N,N,098-CS-1191-0,NULL,NULL,2023,O,7.29775E+11,098-CS-1191  -000,HIGH,098-CS-1191  -000,0.321,0,0,1,0,0,0,1,0,0,0,0,0,0
72984761,980100,2.023E+11,20231212,1226,,,JUSTICE,,WAY,,,,,,Y,N,NULL,NULL,NULL,N,NULL,NULL,NULL,NULL,NULL,NULL,NULL,NULL,NULL,NULL,NULL,,NULL,0,0,2,2,N,N,15,NULL,98,9801,NULL,,Y,37.50536,37,30.321,NULL,-82.53982,82,32.389,NULL,N,NULL,NULL,NULL,NULL,NULL,NULL,NULL,NULL,8,97,NULL,6,1,1,2,2,1,3,N,NULL,Y,N,1226,1235,,N,NULL,90,,,N,,N,N,,NULL,NULL,2023,O,7.29848E+11,098-CS-1215  -000,MEDIUM,098-CS-1215  -000,0.717,0,0,0,0,0,0,1,0,0,0,0,0,0
72977753,KSP0900,23-470658,20231125,1833,,,US23,,,US0023,US0023,0,098 US-23,US0023,N,N,NULL,NULL,NULL,N,NULL,NULL,NULL,NULL,NULL,NULL,11.58,NULL,NULL,NULL,NULL,,NULL,0,0,1,1,N,N,55,NULL,98,9881,NULL,,Y,37.3572,37,21.432,NULL,-82.55518,82,33.311,NULL,N,NULL,NULL,NULL,NULL,NULL,NULL,NULL,NULL,9,3,4,6,1,1,2,6,7,3,N,NULL,N,N,1838,1855,1900,N,NULL,38,,1,N,,N,N,098-US-0023-0,NULL,NULL,2023,O,7.29778E+11,098-US-0023  -000,HIGH,098-US-0023  -000,11.568,0,0,0,0,0,0,0,0,0,0,0,0,0
72978138,980100,2.023E+11,20231126,1756,,,US23,,,US0023,US0023,0,098 US-23,US0023,N,Y,CASSIDY,,BLVD,N,NULL,NULL,NULL,NULL,NULL,NULL,26.284,NULL,NULL,NULL,NULL,,NULL,2,0,2,2,N,N,55,NULL,98,9801,NULL,,Y,37.50367,37,30.22,NULL,-82.53214,82,31.928,NULL,N,NULL,NULL,NULL,NULL,NULL,NULL,NULL,NULL,1,3,4,6,1,1,3,5,1,3,N,NULL,Y,Y,1756,1758,1822,N,NULL,8,,1,N,,N,N,098-US-0023-0,NULL,NULL,2023,C,7.29781E+11,098-US-0023  -000,HIGH,098-US-0023  -000,26.222,0,0,0,0,0,0,0,1,0,0,1,0,0
72972950,980100,2.023E+11,20231110,1929,,,HIBBARD,,ST,,,0,098 CS-1053,CS1053,N,N,NULL,NULL,NULL,N,NULL,NULL,NULL,NULL,NULL,NULL,0.265,NULL,NULL,NULL,NULL,,NULL,0,0,2,2,N,N,25,NULL,98,9801,NULL,,Y,37.47539,37,28.523,NULL,-82.52344,82,31.406,NULL,N,NULL,NULL,NULL,NULL,NULL,NULL,NULL,NULL,2,3,2,6,1,1,2,5,3,3,N,NULL,Y,N,1929,1932,1932,N,NULL,56,,,N,,N,N,098-CS-1053-0,NULL,NULL,2023,O,7.2973E+11,098-CS-1053  -000,HIGH,098-CS-1053  -000,0.264,0,0,0,0,0,0,1,0,0,0,0,0,0
72970671,980200,980200,20230925,1320,,15691,KY80,,,KY0080,KY0080,0,098 KY-80,KY0080,N,N,NULL,NULL,NULL,N,NULL,NULL,NULL,NULL,NULL,NULL,1.54,NULL,NULL,NULL,NULL,,NULL,0,0,1,1,N,N,55,NULL,98,9802,2,W,N,37.32129,37,19.278,NULL,-82.366,82,21.96,NULL,N,NULL,NULL,NULL,NULL,NULL,NULL,NULL,NULL,9,5,2,6,1,1,2,2,1,3,N,NULL,Y,Y,1330,1350,,N,NULL,40,7,5,N,,N,N,098-KY-0080-0,NULL,NULL,2023,O,7.29707E+11,098-KY-0080  -000,HIGH,098-KY-0080  -000,1.543,0,0,0,0,0,0,1,0,0,0,0,1,0
72969821,KSP0900,23-432027,20231022,505,,3760,MAYO,N,TRL,US0023,US0023,0,098 US-23,US0023,N,N,NULL,NULL,NULL,N,NULL,NULL,NULL,NULL,NULL,NULL,28.123,NULL,NULL,NULL,NULL,,NULL,0,0,1,1,N,N,25,NULL,98,9807,NULL,,Y,37.51585,37,30.951,NULL,-82.56022,82,33.613,NULL,N,NULL,NULL,NULL,NULL,NULL,NULL,NULL,NULL,9,97,1,1,1,1,2,5,1,3,N,NULL,Y,N,410,420,420,N,NULL,44,,1,Y,,N,N,098-US-0023-0,NULL,NULL,2023,O,7.29698E+11,098-US-0023  -000,HIGH,098-US-0023  -000,28.12,0,0,0,0,0,0,0,0,1,0,0,1,0
72977757,KSP0900,23-471133,20231126,320,,,US119,,,US0119,US0119,0,098 US-119,US0119,N,N,NULL,NULL,NULL,N,NULL,NULL,NULL,NULL,NULL,NULL,17.848,NULL,NULL,NULL,NULL,,NULL,0,0,1,1,N,N,55,NULL,98,9833,NULL,,Y,37.59744,37,35.847,NULL,-82.29062,82,17.437,NULL,N,NULL,NULL,NULL,NULL,NULL,NULL,NULL,NULL,9,3,2,4,1,1,2,6,7,3,N,NULL,Y,N,320,325,325,N,NULL,38,2,1,N,,N,N,098-US-0119-0,NULL,NULL,2023,O,7.29778E+11,098-US-0119  -000,HIGH,098-US-0119  -000,17.849,0,0,0,0,0,0,0,0,0,0,0,0,0
72978650,980100,2.023E+11,20231127,1238,,,CASSIDY,,BLVD,,,0,098 CS-1191,CS1191,Y,N,NULL,NULL,NULL,N,NULL,NULL,NULL,NULL,NULL,NULL,0.291,NULL,NULL,NULL,NULL,,NULL,0,0,2,2,N,N,15,NULL,98,9801,NULL,,Y,37.50504,37,30.302,NULL,-82.53666,82,32.199,NULL,N,NULL,NULL,NULL,NULL,NULL,NULL,NULL,NULL,2,97,NULL,6,1,1,2,2,1,3,N,NULL,Y,N,1238,1243,,N,NULL,90,,,N,,N,N,098-CS-1191-0,NULL,NULL,2023,O,7.29787E+11,098-CS-1191  -000,HIGH,098-CS-1191  -000,0.285,0,0,0,0,0,0,1,0,0,0,0,0,0
72991712,KSP0900,23-500640,20231223,1811,,,KY3417,,,KY3417,KY3417,0,098 KY-3417,KY3417,N,N,NULL,NULL,NULL,N,NULL,NULL,NULL,NULL,NULL,NULL,0.372,NULL,NULL,NULL,NULL,,NULL,0,0,2,2,Y,N,35,NULL,98,9801,3,S,N,37.46662,37,27.997,NULL,-82.55817,82,33.49,NULL,N,NULL,NULL,NULL,NULL,NULL,NULL,NULL,NULL,7,3,2,6,1,1,2,7,7,3,N,NULL,Y,Y,1811,1847,1900,N,NULL,54,17,0,N,,N,N,098-KY-3417-0,NULL,NULL,2023,O,7.29917E+11,098-KY-3417  -000,HIGH,098-KY-3417  -000,0.372,0,0,0,0,0,0,0,0,0,0,0,1,0
72978707,KSP0900,23-473092,20231128,644,,,US460,,,US0460,US0460,0,098 US-460,US0460,N,N,NULL,NULL,NULL,N,NULL,NULL,NULL,NULL,NULL,NULL,11.572,NULL,NULL,NULL,NULL,,NULL,0,0,1,1,N,N,55,NULL,98,9871,NULL,,Y,37.35617,37,21.371,NULL,-82.38963,82,23.377,NULL,N,NULL,NULL,NULL,NULL,NULL,NULL,NULL,NULL,9,4,2,3,1,1,2,3,7,3,N,NULL,N,N,644,706,730,N,NULL,44,,1,N,,N,Y,098-US-0460-0,NULL,NULL,2023,O,7.29787E+11,098-US-0460  -000,HIGH,098-US-0460  -000,11.562,0,0,0,0,0,0,0,0,0,0,0,1,0
72910554,KSP0900,23-192521,20230521,900,,,COWPEN,,RD,KY2061,KY2061,0,098 KY-2061,KY2061,N,N,NULL,NULL,NULL,N,NULL,NULL,NULL,NULL,NULL,NULL,0.636,NULL,NULL,NULL,NULL,,NULL,0,0,1,1,N,N,55,NULL,98,9807,NULL,,Y,37.5364,37,32.184,NULL,-82.56818,82,34.091,NULL,N,NULL,NULL,NULL,NULL,NULL,NULL,NULL,NULL,9,3,2,3,1,1,2,2,7,3,N,NULL,N,N,1724,1739,1812,N,NULL,44,,0,N,,N,N,098-KY-2061-0,NULL,NULL,2023,O,7.29106E+11,098-KY-2061  -000,HIGH,098-KY-2061  -000,0.631,0,0,1,0,0,0,1,1,0,0,0,1,0
72974506,980100,2.023E+11,20231117,1353,,,US23,,,US0023,US0023,0,098 US-23-10,US0023,N,N,NULL,NULL,NULL,N,NULL,NULL,NULL,NULL,NULL,NULL,32.805,NULL,NULL,NULL,NULL,,NULL,0,0,2,2,N,N,55,NULL,98,9801,NULL,,Y,37.53175,37,31.905,NULL,-82.61947,82,37.168,NULL,N,NULL,NULL,NULL,NULL,NULL,NULL,NULL,NULL,4,3,4,6,1,1,3,2,2,3,N,NULL,Y,N,1353,1401,1429,N,NULL,70,,1,N,,N,N,098-US-0023-10,NULL,NULL,2023,O,7.29745E+11,098-US-0023  -010,HIGH,098-US-0023  -000,32.786,0,0,1,1,0,0,0,1,0,0,0,0,0
72972544,980500,2023AR060,20231113,1702,,5279,MAYO TRAIL,N,,,,,,,N,N,NULL,NULL,NULL,N,NULL,NULL,NULL,NULL,NULL,NULL,NULL,NULL,NULL,NULL,NULL,NULL,NULL,0,0,2,2,N,N,25,NULL,98,9807,NULL,,Y,37.5383,37,32.298,NULL,-82.58081,82,34.849,NULL,N,NULL,NULL,NULL,NULL,NULL,NULL,NULL,NULL,2,97,2,6,1,1,2,2,8,3,N,NULL,Y,Y,1702,1710,1710,N,NULL,56,,,N,,N,N,,NULL,NULL,2023,O,7.29725E+11,098-CR-1426K -000,MEDIUM,098-CR-1426K -000,0.21,0,0,0,1,0,0,1,0,0,0,0,0,0
72979334,980100,2.023E+11,20231129,1541,,,HAMBLEY,,BLVD,,,0,098 CS-1222,CS1222,N,N,NULL,NULL,NULL,N,NULL,NULL,NULL,NULL,NULL,NULL,1.71,NULL,NULL,NULL,NULL,,NULL,0,0,2,2,N,N,35,NULL,98,9801,NULL,,Y,37.48171,37,28.903,NULL,-82.53332,82,31.999,NULL,N,NULL,NULL,NULL,NULL,NULL,NULL,NULL,NULL,1,3,2,6,1,1,2,2,2,3,N,NULL,Y,N,1541,1541,1552,N,NULL,55,,,N,,N,N,098-CS-1222-0,NULL,NULL,2023,O,7.29793E+11,098-CS-1222  -000,HIGH,098-CS-1222  -000,1.713,0,0,1,0,0,0,1,1,0,0,0,0,0
72979305,KSP0900,23-474138,20231129,715,,,GREASY,,CRK,KY3226,KY3226,0,098 KY-3226,KY3226,N,N,NULL,NULL,NULL,N,NULL,NULL,NULL,NULL,NULL,NULL,3.099,NULL,NULL,NULL,NULL,,NULL,0,0,1,1,N,N,55,NULL,98,9824,NULL,,Y,37.41531,37,24.919,NULL,-82.45699,82,27.419,NULL,N,NULL,NULL,NULL,NULL,NULL,NULL,NULL,NULL,9,3,2,6,1,1,2,2,7,3,N,NULL,Y,N,749,830,900,N,NULL,44,8,0,N,,N,N,098-KY-3226-0,NULL,NULL,2023,O,7.29793E+11,098-KY-3226  -000,HIGH,098-KY-3226  -000,3.111,0,0,0,0,0,0,0,0,0,0,0,1,0
72972036,KSP0900,23-448643,20231106,1329,,,KY194,,,KY0194,KY0194,0,098 KY-194,KY0194,N,N,NULL,NULL,NULL,N,NULL,NULL,NULL,NULL,NULL,NULL,55.139,NULL,NULL,NULL,NULL,,NULL,0,0,2,2,Y,N,35,NULL,98,9804,NULL,,Y,37.51321,37,30.792,NULL,-82.15186,82,9.112,NULL,N,NULL,NULL,NULL,NULL,NULL,NULL,NULL,NULL,2,6,2,6,1,1,2,2,7,3,N,NULL,N,N,1329,1329,1329,N,NULL,47,8,0,N,,N,N,098-KY-0194-0,NULL,NULL,2023,O,7.2972E+11,098-KY-0194  -000,HIGH,098-KY-0194  -000,55.135,0,0,0,0,0,0,0,0,0,0,0,0,0
72972200,KSP0900,23-454210,20231110,2130,,,BOULDER,,DR,,,0,098 CS-1231,CS1231,N,N,NULL,NULL,NULL,N,NULL,NULL,NULL,NULL,NULL,NULL,0.048,NULL,NULL,NULL,NULL,,NULL,0,0,2,2,Y,N,5,NULL,98,9801,NULL,,Y,37.4749,37,28.494,NULL,-82.48337,82,29.002,NULL,N,NULL,NULL,NULL,NULL,NULL,NULL,NULL,NULL,2,7,NULL,6,3,1,2,5,7,3,N,NULL,N,N,2307,2307,2330,N,NULL,47,,,N,,N,N,098-CS-1231-0,NULL,NULL,2023,O,7.29722E+11,098-PR-1194  -000,HIGH,098-PR-1194  -000,0.048,0,0,0,0,0,0,0,0,0,0,0,0,0
72979440,KSP0900,23-446868,20231104,2215,,,BIG CREEK,E,RD,KY3220,KY3220,0,098 KY-3220,KY3220,N,N,NULL,NULL,NULL,N,NULL,NULL,NULL,NULL,NULL,NULL,3.894,NULL,NULL,NULL,NULL,,NULL,1,0,1,1,N,N,35,NULL,98,9833,NULL,,Y,37.60492,37,36.295,NULL,-82.3082,82,18.492,NULL,N,NULL,NULL,NULL,NULL,NULL,NULL,NULL,NULL,9,3,2,3,1,1,2,6,7,3,N,NULL,Y,Y,2222,2230,2230,N,NULL,40,8,0,N,,N,N,098-KY-3220-0,NULL,NULL,2023,B,7.29794E+11,098-KY-3220  -000,HIGH,098-KY-3220  -000,3.896,0,0,0,0,0,0,1,0,0,0,0,1,0
72972125,980100,2.023E+11,20231108,1459,,450,KY3496,,,KY3496,KY3496,0,098 KY-3496,KY3496,Y,N,NULL,NULL,NULL,N,NULL,NULL,NULL,NULL,NULL,NULL,0.102,NULL,NULL,NULL,NULL,,NULL,0,0,1,1,N,N,NULL,NULL,98,9801,NULL,,Y,37.466,37,27.96,NULL,-82.52955,82,31.773,NULL,N,NULL,NULL,NULL,NULL,NULL,NULL,NULL,NULL,9,97,1,3,1,1,2,2,5,3,N,NULL,Y,N,1459,1503,1503,Y,NULL,90,16,0,N,,N,N,098-KY-3496-0,NULL,NULL,2023,O,7.29721E+11,098-KY-3496  -000,HIGH,098-KY-3496  -000,0.11,0,0,0,0,0,0,0,0,0,0,0,1,0
73000377,KSP0900,23-440638,20231030,746,,,COLLINS,,HWY,KY0122,KY0122,,,,N,N,NULL,NULL,NULL,N,NULL,NULL,NULL,NULL,NULL,NULL,13.039,NULL,NULL,NULL,NULL,,NULL,0,0,2,2,N,N,45,NULL,98,9801,4,S,N,37.40541,37,24.324,NULL,-82.51603,82,30.962,NULL,N,NULL,NULL,NULL,NULL,NULL,NULL,NULL,NULL,7,3,2,6,2,1,2,2,7,3,N,NULL,Y,N,746,759,759,N,NULL,54,,0,N,,N,N,,NULL,NULL,2023,O,7.30004E+11,098-KY-0122  -000,HIGH,098-KY-0122  -000,13.05,0,0,0,0,0,0,1,0,0,0,0,1,0
72974507,980100,2.023E+11,20231117,1730,,,CASSIDY,,BLVD,,,0,098 CS-1191,CS1191,N,N,NULL,NULL,NULL,N,NULL,NULL,NULL,NULL,NULL,NULL,0.198,NULL,NULL,NULL,NULL,,NULL,0,0,2,2,N,N,35,NULL,98,9801,NULL,,Y,37.50402,37,30.241,NULL,-82.53519,82,32.112,NULL,N,NULL,NULL,NULL,NULL,NULL,NULL,NULL,NULL,8,3,4,3,1,5,5,5,2,3,N,NULL,Y,N,1730,1739,1739,N,NULL,53,,,N,,N,N,098-CS-1191-0,NULL,NULL,2023,O,7.29745E+11,098-CS-1191  -000,HIGH,098-CS-1191  -000,0.177,0,1,0,0,0,0,1,0,0,0,0,1,0
72970577,980100,2.023E+11,20231108,1759,,,KY1426 TURN LANE,,,KY1426,KY1426,0,098 KY-1426-27,KY1426,N,N,NULL,NULL,NULL,N,NULL,NULL,NULL,NULL,NULL,NULL,0.018,NULL,NULL,NULL,NULL,,NULL,0,0,2,2,N,N,55,NULL,98,9801,NULL,,Y,37.51401,37,30.841,NULL,-82.48753,82,29.252,NULL,N,NULL,NULL,NULL,NULL,NULL,NULL,NULL,NULL,7,3,2,6,1,1,2,5,2,3,N,NULL,Y,N,1759,1804,1845,N,NULL,54,8,0,N,,N,N,098-KY-1426-27,NULL,NULL,2023,O,7.29706E+11,098-KY-1426  -027,HIGH,098-KY-1426  -027,0.02,0,0,0,0,0,0,1,0,0,0,0,1,0
72975783,KSP0900,464817,20231120,847,,,TOWN MOUNTAIN,,RD,KY1426,KY1426,0,098 KY-1426,KY1426,N,N,NULL,NULL,NULL,N,NULL,NULL,NULL,NULL,NULL,NULL,8.169,NULL,NULL,NULL,NULL,,NULL,0,0,1,1,N,N,55,NULL,98,9801,NULL,,Y,37.49374,37,29.624,NULL,-82.49116,82,29.469,NULL,N,NULL,NULL,NULL,NULL,NULL,NULL,NULL,NULL,9,3,2,4,1,1,2,2,1,3,N,NULL,N,N,847,857,857,N,NULL,38,,0,N,,N,N,098-KY-1426-0,NULL,NULL,2023,O,7.29758E+11,098-KY-1426  -000,HIGH,098-KY-1426  -000,8.188,0,0,1,0,0,0,0,0,0,0,0,0,0